OFFCHIP_SENSIMOX_SnAu_150_200.0_IN-PHASE;OFFCHIP_SENSIMOX_SnAu_200_200.0_IN-PHASE;OFFCHIP_SENSIMOX_SnAu_250_200.0_IN-PHASE;OFFCHIP_SENSIMOX_SnAu_300_200.0_IN-PHASE;OFFCHIP_SENSIMOX_SnAu_350_200.0_IN-PHASE;OFFCHIP_SENSIMOX_SnAu_400_200.0_IN-PHASE;OFFCHIP_SENSIMOX_SnAu_150_78125.0_IN-PHASE;OFFCHIP_SENSIMOX_SnAu_200_78125.0_IN-PHASE;OFFCHIP_SENSIMOX_SnAu_250_78125.0_IN-PHASE;OFFCHIP_SENSIMOX_SnAu_300_78125.0_IN-PHASE;OFFCHIP_SENSIMOX_SnAu_350_78125.0_IN-PHASE;OFFCHIP_SENSIMOX_SnAu_400_78125.0_IN-PHASE;ONCHIP_ALUMINUM_OXIDE_OUT4_IN-PHASE;ONCHIP_ALUMINUM_OXIDE_OUT4_QUADRATURE;ONCHIP_ALUMINUM_OXIDE_OUT7_IN-PHASE;ONCHIP_ALUMINUM_OXIDE_OUT7_QUADRATURE
350.0;560.0;920.0;1580.0;242.0;335.0;230.0;400.0;730.0;1250.0;212.0;327.0;-12.0;-2.0;-7.0;-1.0
410.0;680.0;1140.0;1900.0;301.0;421.0;250.0;490.0;860.0;1480.0;258.0;401.0;-7.0;0.0;1.0;-5.0
390.0;650.0;1090.0;1870.0;290.0;422.0;280.0;530.0;930.0;1610.0;267.0;419.0;-12.0;-2.0;1.0;-2.0
430.0;730.0;1210.0;2050.0;319.0;464.0;310.0;570.0;1000.0;1740.0;279.0;439.0;-7.0;-5.0;1.0;-2.0
410.0;690.0;1160.0;1960.0;316.0;474.0;280.0;530.0;950.0;1710.0;284.0;445.0;-9.0;-1.0;-1.0;-4.0
-60.0;-100.0;-170.0;-260.0;-38.0;-42.0;-30.0;-50.0;-50.0;-70.0;-5.0;-13.0;-6.0;-3.0;-10.0;0.0
-60.0;-90.0;-130.0;-190.0;-29.0;-26.0;-20.0;-40.0;-40.0;-70.0;7.0;25.0;-6.0;-6.0;-13.0;-2.0
570.0;940.0;1630.0;2780.0;443.0;660.0;440.0;780.0;1440.0;2560.0;436.0;662.0;0.0;-6.0;-3.0;-6.0
670.0;1100.0;1880.0;3220.0;537.0;777.0;530.0;930.0;1710.0;3010.0;518.0;794.0;-1.0;-5.0;-3.0;-6.0
780.0;1290.0;2180.0;3780.0;623.0;909.0;620.0;1090.0;1940.0;3430.0;596.0;900.0;-1.0;-3.0;-3.0;-7.0
860.0;1390.0;2350.0;3990.0;647.0;947.0;670.0;1190.0;2090.0;3640.0;603.0;921.0;3.0;-5.0;-1.0;-7.0
850.0;1390.0;2340.0;3980.0;638.0;951.0;650.0;1130.0;2040.0;3500.0;585.0;895.0;-1.0;-1.0;1.0;-7.0
740.0;1210.0;2010.0;3450.0;559.0;829.0;550.0;960.0;1760.0;3080.0;514.0;798.0;5.0;-1.0;2.0;-8.0
650.0;1070.0;1820.0;3090.0;504.0;750.0;490.0;880.0;1620.0;2810.0;475.0;725.0;3.0;-6.0;1.0;-7.0
630.0;1030.0;1740.0;3010.0;481.0;710.0;480.0;840.0;1510.0;2690.0;453.0;698.0;1.0;-8.0;2.0;-4.0
640.0;1050.0;1780.0;2990.0;485.0;702.0;460.0;800.0;1490.0;2640.0;443.0;678.0;1.0;-6.0;1.0;-4.0
590.0;980.0;1670.0;2780.0;445.0;654.0;460.0;800.0;1450.0;2490.0;419.0;649.0;1.0;-8.0;-3.0;-4.0
600.0;1000.0;1690.0;2860.0;463.0;685.0;470.0;810.0;1500.0;2570.0;434.0;663.0;1.0;-8.0;-4.0;-4.0
550.0;920.0;1590.0;2690.0;435.0;651.0;440.0;780.0;1450.0;2510.0;421.0;651.0;-1.0;-8.0;-5.0;-4.0
560.0;920.0;1560.0;2640.0;429.0;649.0;440.0;780.0;1430.0;2430.0;408.0;625.0;-1.0;-8.0;-5.0;-6.0
270.0;440.0;760.0;1330.0;225.0;353.0;190.0;360.0;740.0;1320.0;246.0;380.0;-6.0;-9.0;-6.0;-11.0
350.0;580.0;1000.0;1750.0;298.0;439.0;250.0;460.0;840.0;1490.0;267.0;416.0;-6.0;-7.0;-9.0;-12.0
340.0;570.0;980.0;1750.0;289.0;435.0;250.0;440.0;870.0;1610.0;289.0;459.0;-4.0;-8.0;-7.0;-13.0
430.0;720.0;1240.0;2180.0;357.0;531.0;290.0;510.0;1020.0;1850.0;332.0;523.0;-4.0;-8.0;-7.0;-11.0
230.0;360.0;600.0;1040.0;167.0;280.0;190.0;300.0;550.0;980.0;163.0;257.0;-12.0;9.0;-13.0;5.0
220.0;370.0;600.0;1030.0;170.0;277.0;180.0;320.0;550.0;990.0;163.0;259.0;-12.0;12.0;-13.0;4.0
-40.0;-70.0;-130.0;-190.0;-33.0;-42.0;-40.0;-70.0;-140.0;-210.0;-28.0;-26.0;1.0;-8.0;-12.0;-5.0
-40.0;-70.0;-130.0;-190.0;-33.0;-42.0;-40.0;-70.0;-140.0;-210.0;-20.0;-20.0;3.0;-8.0;-12.0;-5.0
-30.0;-50.0;-80.0;-130.0;-22.0;-31.0;-40.0;-50.0;-90.0;-140.0;-19.0;-14.0;3.0;-10.0;-12.0;-5.0
-10.0;-30.0;-70.0;-110.0;-17.0;-36.0;-20.0;-30.0;-30.0;-40.0;-14.0;-37.0;-12.0;-5.0;-6.0;-6.0
-10.0;-30.0;-70.0;-90.0;-5.0;-8.0;0.0;10.0;0.0;10.0;-8.0;-23.0;-12.0;-8.0;-6.0;-8.0
370.0;590.0;980.0;1730.0;296.0;447.0;240.0;470.0;870.0;1650.0;290.0;464.0;-7.0;-10.0;-4.0;-9.0
540.0;870.0;1450.0;2520.0;428.0;646.0;390.0;720.0;1290.0;2330.0;400.0;650.0;-7.0;-8.0;-4.0;-9.0
690.0;1130.0;1900.0;3270.0;548.0;825.0;520.0;940.0;1670.0;3010.0;503.0;801.0;-12.0;-8.0;-4.0;-8.0
810.0;1320.0;2190.0;3830.0;638.0;964.0;580.0;1060.0;1910.0;3450.0;587.0;926.0;-7.0;-8.0;-4.0;-3.0
900.0;1490.0;2500.0;4300.0;712.0;1048.0;630.0;1140.0;2050.0;3800.0;638.0;1005.0;-7.0;-8.0;-4.0;-3.0
960.0;1590.0;2670.0;4600.0;756.0;1122.0;720.0;1310.0;2330.0;4150.0;683.0;1072.0;-9.0;-13.0;-5.0;-3.0
1080.0;1780.0;2990.0;5130.0;829.0;1217.0;800.0;1440.0;2560.0;4500.0;754.0;1159.0;-12.0;-14.0;-7.0;-3.0
1170.0;1940.0;3240.0;5510.0;906.0;1324.0;870.0;1590.0;2820.0;4990.0;826.0;1288.0;-9.0;-13.0;-7.0;0.0
1320.0;2190.0;3680.0;6240.0;1021.0;1492.0;930.0;1700.0;3020.0;5440.0;920.0;1437.0;-9.0;-13.0;-9.0;2.0
1520.0;2540.0;4270.0;7170.0;1150.0;1650.0;1050.0;1910.0;3410.0;6070.0;1005.0;1566.0;-5.0;-9.0;-9.0;2.0
1630.0;2710.0;4560.0;7730.0;1246.0;1799.0;1180.0;2130.0;3730.0;6640.0;1103.0;1717.0;-5.0;-9.0;-9.0;2.0
1720.0;2890.0;4880.0;8250.0;1333.0;1931.0;1290.0;2340.0;4180.0;7330.0;1208.0;1868.0;-4.0;-9.0;-9.0;2.0
1910.0;3210.0;5370.0;9130.0;1469.0;2098.0;1390.0;2490.0;4440.0;7850.0;1300.0;2023.0;-4.0;-15.0;-9.0;-1.0
2030.0;3450.0;5810.0;9830.0;1573.0;2251.0;1570.0;2810.0;4930.0;8680.0;1414.0;2166.0;-10.0;-15.0;-11.0;-1.0
2220.0;3740.0;6300.0;10560.0;1686.0;2412.0;1620.0;2920.0;5160.0;9070.0;1497.0;2289.0;-14.0;-15.0;-18.0;0.0
2340.0;3940.0;6630.0;11020.0;1764.0;2507.0;1730.0;3090.0;5430.0;9530.0;1569.0;2392.0;-14.0;-9.0;-18.0;-1.0
2380.0;4010.0;6800.0;11360.0;1803.0;2569.0;1820.0;3270.0;5720.0;9880.0;1610.0;2450.0;-14.0;-7.0;-18.0;0.0
2510.0;4190.0;7040.0;11760.0;1850.0;2645.0;1940.0;3430.0;5940.0;10250.0;1643.0;2525.0;-11.0;-7.0;-11.0;4.0
2510.0;4230.0;7110.0;11900.0;1881.0;2687.0;1920.0;3410.0;5980.0;10310.0;1676.0;2554.0;-10.0;-9.0;-11.0;6.0
2510.0;4250.0;7240.0;12050.0;1921.0;2739.0;1960.0;3470.0;6050.0;10460.0;1716.0;2606.0;-10.0;-9.0;-11.0;4.0
2630.0;4500.0;7560.0;12640.0;1995.0;2822.0;2100.0;3710.0;6460.0;11060.0;1799.0;2713.0;-10.0;-10.0;-15.0;8.0
2820.0;4790.0;8040.0;13380.0;2092.0;2928.0;2100.0;3750.0;6610.0;11350.0;1853.0;2803.0;-10.0;-10.0;-17.0;7.0
3000.0;5050.0;8440.0;13960.0;2178.0;3034.0;2190.0;3870.0;6760.0;11670.0;1896.0;2871.0;-8.0;-10.0;-17.0;11.0
3040.0;5160.0;8620.0;14260.0;2214.0;3106.0;2300.0;4010.0;6980.0;12040.0;1943.0;2927.0;-8.0;-9.0;-17.0;11.0
3090.0;5220.0;8740.0;14460.0;2255.0;3170.0;2340.0;4130.0;7180.0;12370.0;2001.0;3013.0;-8.0;-5.0;-17.0;11.0
3170.0;5380.0;9010.0;14800.0;2306.0;3228.0;2320.0;4120.0;7240.0;12510.0;2027.0;3055.0;-11.0;-5.0;-24.0;14.0
3240.0;5450.0;9070.0;15000.0;2340.0;3277.0;2480.0;4370.0;7560.0;13000.0;2099.0;3150.0;-11.0;-5.0;-20.0;9.0
3300.0;5580.0;9370.0;15490.0;2405.0;3366.0;2520.0;4430.0;7710.0;13340.0;2149.0;3229.0;-12.0;-4.0;-20.0;11.0
3440.0;5810.0;9690.0;15980.0;2474.0;3433.0;2670.0;4640.0;8020.0;13660.0;2189.0;3279.0;-12.0;-4.0;-20.0;16.0
3460.0;5860.0;9800.0;16170.0;2501.0;3503.0;2610.0;4590.0;7920.0;13650.0;2203.0;3330.0;-16.0;-5.0;-20.0;10.0
3520.0;5990.0;10010.0;16480.0;2543.0;3538.0;2710.0;4730.0;8210.0;14010.0;2253.0;3379.0;-16.0;-1.0;-16.0;16.0
3530.0;5950.0;9980.0;16410.0;2542.0;3549.0;2710.0;4750.0;8230.0;14080.0;2267.0;3394.0;-16.0;-5.0;-16.0;16.0
3610.0;6090.0;10200.0;16760.0;2593.0;3628.0;2790.0;4900.0;8420.0;14340.0;2300.0;3461.0;-10.0;-11.0;-16.0;19.0
3640.0;6140.0;10280.0;16970.0;2618.0;3656.0;2880.0;5040.0;8720.0;14730.0;2352.0;3518.0;-10.0;-11.0;-16.0;16.0
3720.0;6270.0;10480.0;17220.0;2665.0;3718.0;2900.0;5050.0;8640.0;14780.0;2366.0;3545.0;-8.0;-6.0;-13.0;13.0
3700.0;6240.0;10440.0;17160.0;2668.0;3739.0;2940.0;5140.0;8800.0;14890.0;2401.0;3590.0;-6.0;-6.0;-8.0;12.0
3810.0;6440.0;10770.0;17650.0;2722.0;3795.0;2970.0;5230.0;8990.0;15220.0;2432.0;3611.0;-5.0;-6.0;-8.0;12.0
3840.0;6500.0;10830.0;17770.0;2747.0;3834.0;3070.0;5330.0;9190.0;15450.0;2458.0;3656.0;-5.0;-6.0;-8.0;12.0
3890.0;6580.0;10950.0;17990.0;2775.0;3860.0;3060.0;5310.0;9130.0;15470.0;2478.0;3697.0;-6.0;-8.0;-14.0;19.0
3930.0;6620.0;11070.0;18060.0;2802.0;3899.0;3040.0;5320.0;9140.0;15550.0;2492.0;3724.0;-5.0;-8.0;-16.0;17.0
3940.0;6680.0;11170.0;18300.0;2817.0;3931.0;3120.0;5420.0;9320.0;15850.0;2511.0;3747.0;-13.0;-8.0;-18.0;7.0
4020.0;6760.0;11310.0;18550.0;2843.0;3940.0;3150.0;5480.0;9400.0;15970.0;2526.0;3752.0;-13.0;-8.0;-18.0;7.0
4010.0;6760.0;11320.0;18450.0;2843.0;3956.0;3240.0;5610.0;9570.0;16130.0;2540.0;3783.0;-12.0;-11.0;-21.0;7.0
4050.0;6790.0;11370.0;18590.0;2868.0;3966.0;3210.0;5560.0;9520.0;16080.0;2525.0;3779.0;-10.0;-7.0;-17.0;13.0
4060.0;6850.0;11340.0;18610.0;2868.0;3999.0;3250.0;5660.0;9630.0;16270.0;2573.0;3817.0;-10.0;-7.0;-17.0;17.0
3980.0;6710.0;11200.0;18500.0;2849.0;3992.0;3240.0;5620.0;9610.0;16170.0;2558.0;3800.0;-7.0;-7.0;-14.0;22.0
4070.0;6860.0;11420.0;18730.0;2885.0;4016.0;3240.0;5590.0;9550.0;16200.0;2567.0;3826.0;-7.0;-7.0;-13.0;17.0
4120.0;6950.0;11580.0;18910.0;2901.0;4046.0;3340.0;5780.0;9860.0;16540.0;2610.0;3862.0;-4.0;-6.0;-12.0;17.0
4180.0;7040.0;11720.0;19210.0;2938.0;4085.0;3260.0;5680.0;9740.0;16500.0;2625.0;3916.0;-3.0;-6.0;-12.0;11.0
4250.0;7170.0;11900.0;19330.0;2965.0;4135.0;3360.0;5810.0;9940.0;16860.0;2653.0;3936.0;-3.0;-4.0;-12.0;13.0
4210.0;7130.0;11870.0;19380.0;2978.0;4135.0;3410.0;5900.0;10100.0;16820.0;2654.0;3947.0;-3.0;-4.0;-12.0;10.0
4330.0;7270.0;12070.0;19690.0;2996.0;4157.0;3350.0;5840.0;9980.0;16980.0;2662.0;3942.0;-3.0;-7.0;-18.0;13.0
4170.0;7060.0;11760.0;19240.0;2969.0;4095.0;3360.0;5810.0;9930.0;16730.0;2643.0;3915.0;-5.0;-10.0;-20.0;10.0
4190.0;7070.0;11790.0;19240.0;2969.0;4133.0;3420.0;5880.0;10040.0;16800.0;2649.0;3942.0;-9.0;-10.0;-20.0;13.0
4290.0;7230.0;11960.0;19450.0;2982.0;4140.0;3440.0;5940.0;10170.0;16990.0;2682.0;3961.0;-9.0;-10.0;-20.0;16.0
4290.0;7240.0;12030.0;19530.0;3000.0;4148.0;3440.0;5910.0;10070.0;16950.0;2678.0;3957.0;-9.0;-10.0;-20.0;16.0
4340.0;7290.0;12120.0;19670.0;3008.0;4168.0;3530.0;6100.0;10360.0;17190.0;2700.0;3984.0;-9.0;-2.0;-19.0;16.0
4350.0;7320.0;12110.0;19700.0;3013.0;4163.0;3510.0;6050.0;10260.0;17100.0;2699.0;3973.0;0.0;-2.0;-13.0;12.0
4310.0;7280.0;12080.0;19690.0;3012.0;4193.0;3440.0;5980.0;10140.0;17160.0;2711.0;4008.0;0.0;-6.0;-13.0;14.0
4360.0;7330.0;12190.0;19740.0;3021.0;4190.0;3550.0;6110.0;10300.0;17220.0;2699.0;4003.0;-9.0;-6.0;-13.0;18.0
4320.0;7270.0;12090.0;19660.0;3008.0;4201.0;3530.0;6110.0;10410.0;17380.0;2725.0;4034.0;-5.0;-6.0;-13.0;18.0
4350.0;7340.0;12180.0;19870.0;3039.0;4231.0;3480.0;6030.0;10230.0;17230.0;2722.0;4015.0;-6.0;-6.0;-7.0;27.0
4380.0;7380.0;12270.0;19900.0;3043.0;4217.0;3480.0;6020.0;10230.0;17230.0;2727.0;4015.0;-11.0;-6.0;-16.0;18.0
4370.0;7380.0;12270.0;19990.0;3047.0;4231.0;3600.0;6170.0;10450.0;17520.0;2750.0;4070.0;-9.0;-5.0;-12.0;16.0
4320.0;7280.0;12120.0;19710.0;3029.0;4203.0;3490.0;6010.0;10270.0;17250.0;2722.0;4034.0;-8.0;-5.0;-16.0;15.0
4440.0;7450.0;12350.0;20090.0;3071.0;4254.0;3630.0;6230.0;10600.0;17650.0;2754.0;4064.0;-9.0;-5.0;-20.0;18.0
4440.0;7500.0;12440.0;20240.0;3072.0;4248.0;3560.0;6090.0;10380.0;17400.0;2747.0;4070.0;-9.0;-5.0;-21.0;15.0
4410.0;7480.0;12380.0;20090.0;3070.0;4257.0;3520.0;6080.0;10350.0;17460.0;2739.0;4068.0;-8.0;-4.0;-21.0;18.0
4470.0;7530.0;12450.0;20230.0;3096.0;4264.0;3610.0;6190.0;10510.0;17600.0;2764.0;4066.0;-5.0;-1.0;-21.0;19.0
4420.0;7450.0;12390.0;20220.0;3082.0;4247.0;3650.0;6290.0;10620.0;17630.0;2770.0;4073.0;-5.0;-4.0;-18.0;25.0
4420.0;7470.0;12380.0;20130.0;3083.0;4270.0;3560.0;6120.0;10420.0;17470.0;2765.0;4072.0;-4.0;-1.0;-17.0;22.0
4430.0;7490.0;12350.0;20070.0;3072.0;4252.0;3680.0;6310.0;10640.0;17710.0;2777.0;4083.0;-1.0;-1.0;-13.0;13.0
4500.0;7560.0;12540.0;20290.0;3083.0;4256.0;3580.0;6180.0;10530.0;17690.0;2774.0;4102.0;-2.0;-2.0;-11.0;9.0
4420.0;7420.0;12390.0;20050.0;3065.0;4253.0;3590.0;6190.0;10500.0;17600.0;2765.0;4092.0;-2.0;-2.0;-13.0;10.0
4410.0;7450.0;12360.0;20100.0;3091.0;4294.0;3670.0;6270.0;10680.0;17770.0;2795.0;4104.0;-2.0;-2.0;-13.0;15.0
4500.0;7560.0;12520.0;20390.0;3106.0;4300.0;3640.0;6280.0;10590.0;17690.0;2799.0;4118.0;-2.0;-6.0;-14.0;12.0
4540.0;7630.0;12610.0;20510.0;3127.0;4314.0;3720.0;6400.0;10810.0;18040.0;2823.0;4138.0;-10.0;-2.0;-14.0;17.0
4500.0;7590.0;12570.0;20370.0;3113.0;4314.0;3770.0;6450.0;10880.0;18010.0;2811.0;4134.0;-12.0;-7.0;-21.0;14.0
4570.0;7700.0;12710.0;20650.0;3123.0;4321.0;3690.0;6360.0;10750.0;18030.0;2821.0;4143.0;-12.0;-7.0;-21.0;15.0
4560.0;7670.0;12700.0;20600.0;3128.0;4322.0;3760.0;6420.0;10910.0;18080.0;2818.0;4141.0;-12.0;-2.0;-21.0;22.0
4520.0;7610.0;12600.0;20390.0;3114.0;4327.0;3680.0;6310.0;10670.0;17730.0;2790.0;4129.0;-13.0;-2.0;-20.0;15.0
4590.0;7670.0;12680.0;20440.0;3130.0;4312.0;3700.0;6390.0;10730.0;17870.0;2811.0;4132.0;-16.0;-2.0;-21.0;21.0
4560.0;7620.0;12600.0;20530.0;3120.0;4312.0;3690.0;6330.0;10690.0;17800.0;2806.0;4131.0;-16.0;-2.0;-21.0;16.0
4520.0;7590.0;12570.0;20390.0;3112.0;4289.0;3700.0;6340.0;10690.0;17930.0;2804.0;4135.0;-18.0;-10.0;-23.0;29.0
4490.0;7560.0;12480.0;20310.0;3084.0;4257.0;3710.0;6350.0;10660.0;17760.0;2800.0;4099.0;-18.0;-10.0;-21.0;27.0
4460.0;7510.0;12480.0;20190.0;3086.0;4275.0;3720.0;6380.0;10760.0;17770.0;2796.0;4106.0;-8.0;-9.0;-21.0;19.0
4450.0;7460.0;12330.0;20090.0;3069.0;4264.0;3670.0;6280.0;10590.0;17670.0;2770.0;4102.0;-8.0;-9.0;-20.0;18.0
4580.0;7690.0;12620.0;20450.0;3104.0;4292.0;3720.0;6380.0;10810.0;17860.0;2793.0;4106.0;-13.0;-9.0;-20.0;19.0
4570.0;7640.0;12640.0;20460.0;3115.0;4314.0;3710.0;6320.0;10720.0;17810.0;2799.0;4121.0;-9.0;-9.0;-20.0;18.0
4560.0;7620.0;12660.0;20410.0;3109.0;4307.0;3660.0;6310.0;10690.0;17920.0;2799.0;4122.0;-9.0;-9.0;-20.0;20.0
4520.0;7590.0;12550.0;20290.0;3108.0;4295.0;3670.0;6290.0;10620.0;17830.0;2790.0;4110.0;-9.0;-7.0;-20.0;18.0
4510.0;7540.0;12500.0;20220.0;3088.0;4292.0;3720.0;6370.0;10740.0;17840.0;2799.0;4117.0;-9.0;-7.0;-18.0;25.0
4510.0;7570.0;12560.0;20280.0;3098.0;4284.0;3790.0;6460.0;10860.0;17970.0;2810.0;4119.0;-9.0;-7.0;-18.0;17.0
4580.0;7650.0;12620.0;20410.0;3110.0;4300.0;3740.0;6400.0;10800.0;17930.0;2816.0;4134.0;-8.0;-7.0;-15.0;23.0
4570.0;7660.0;12630.0;20490.0;3109.0;4303.0;3720.0;6380.0;10740.0;17880.0;2791.0;4125.0;-9.0;-6.0;-15.0;19.0
4590.0;7700.0;12730.0;20500.0;3119.0;4293.0;3780.0;6500.0;10830.0;17940.0;2800.0;4134.0;-9.0;-7.0;-17.0;19.0
4580.0;7680.0;12710.0;20460.0;3114.0;4303.0;3830.0;6520.0;10940.0;18100.0;2821.0;4132.0;-15.0;-10.0;-18.0;21.0
4510.0;7600.0;12520.0;20350.0;3102.0;4297.0;3810.0;6510.0;10920.0;18040.0;2819.0;4148.0;-9.0;-10.0;-18.0;20.0
4540.0;7640.0;12600.0;20370.0;3102.0;4303.0;3730.0;6370.0;10720.0;17810.0;2803.0;4122.0;-9.0;-10.0;-18.0;12.0
4580.0;7680.0;12670.0;20490.0;3119.0;4348.0;3780.0;6520.0;10950.0;18200.0;2835.0;4151.0;-9.0;-10.0;-19.0;9.0
4530.0;7590.0;12540.0;20280.0;3097.0;4296.0;3730.0;6380.0;10780.0;17930.0;2818.0;4149.0;-9.0;-8.0;-19.0;16.0
4610.0;7690.0;12700.0;20440.0;3109.0;4317.0;3800.0;6500.0;10940.0;18140.0;2825.0;4142.0;-3.0;-8.0;-19.0;11.0
4610.0;7740.0;12770.0;20560.0;3134.0;4332.0;3860.0;6580.0;11040.0;18160.0;2840.0;4143.0;-3.0;-8.0;-16.0;15.0
4660.0;7770.0;12730.0;20710.0;3139.0;4335.0;3770.0;6430.0;10830.0;17930.0;2829.0;4157.0;-9.0;-8.0;-16.0;15.0
4670.0;7800.0;12840.0;20640.0;3143.0;4353.0;3830.0;6570.0;11040.0;18240.0;2839.0;4164.0;-8.0;-8.0;-16.0;24.0
4650.0;7830.0;12910.0;20770.0;3159.0;4339.0;3840.0;6540.0;11000.0;18260.0;2834.0;4163.0;-8.0;-7.0;-16.0;15.0
4660.0;7810.0;12820.0;20760.0;3163.0;4346.0;3820.0;6480.0;10950.0;18170.0;2845.0;4165.0;-9.0;0.0;-16.0;28.0
4680.0;7810.0;12890.0;20840.0;3160.0;4361.0;3920.0;6640.0;11120.0;18310.0;2845.0;4180.0;-11.0;0.0;-16.0;16.0
4640.0;7790.0;12840.0;20740.0;3164.0;4376.0;3860.0;6570.0;11040.0;18280.0;2850.0;4214.0;-8.0;1.0;-16.0;16.0
4720.0;7900.0;13060.0;21000.0;3191.0;4397.0;3890.0;6630.0;11260.0;18530.0;2893.0;4232.0;-11.0;2.0;-20.0;20.0
4770.0;7960.0;13120.0;21120.0;3202.0;4418.0;3930.0;6670.0;11220.0;18550.0;2879.0;4210.0;-11.0;1.0;-14.0;15.0
4770.0;7950.0;13070.0;20940.0;3178.0;4369.0;3830.0;6570.0;11050.0;18350.0;2862.0;4207.0;-6.0;1.0;-12.0;16.0
4750.0;7910.0;13000.0;21040.0;3170.0;4387.0;3880.0;6620.0;11170.0;18430.0;2862.0;4212.0;-6.0;-11.0;-12.0;12.0
4700.0;7840.0;12980.0;20900.0;3169.0;4386.0;3880.0;6580.0;11040.0;18330.0;2868.0;4190.0;-12.0;-11.0;-20.0;12.0
4700.0;7870.0;12950.0;20920.0;3174.0;4366.0;3830.0;6560.0;11000.0;18360.0;2861.0;4203.0;-11.0;-10.0;-17.0;12.0
4750.0;7950.0;13060.0;21050.0;3172.0;4378.0;3850.0;6540.0;11030.0;18340.0;2866.0;4208.0;-11.0;-11.0;-25.0;2.0
4670.0;7810.0;12850.0;20760.0;3150.0;4349.0;3840.0;6520.0;10950.0;18200.0;2850.0;4175.0;-11.0;-13.0;-25.0;3.0
4650.0;7790.0;12830.0;20740.0;3137.0;4370.0;3870.0;6570.0;11030.0;18240.0;2861.0;4191.0;-10.0;-10.0;-22.0;2.0
4690.0;7850.0;12990.0;20800.0;3161.0;4371.0;3920.0;6640.0;11140.0;18460.0;2853.0;4205.0;-10.0;-12.0;-22.0;6.0
4640.0;7760.0;12800.0;20760.0;3143.0;4348.0;3860.0;6550.0;10980.0;18270.0;2834.0;4183.0;-4.0;-13.0;-22.0;6.0
4720.0;7920.0;12930.0;20860.0;3158.0;4372.0;3920.0;6680.0;11190.0;18440.0;2864.0;4186.0;-4.0;-14.0;-22.0;19.0
4700.0;7870.0;12940.0;20830.0;3162.0;4364.0;3970.0;6730.0;11300.0;18610.0;2881.0;4185.0;-5.0;-14.0;-21.0;23.0
4760.0;7950.0;12990.0;21010.0;3165.0;4384.0;3860.0;6560.0;10990.0;18300.0;2861.0;4205.0;-11.0;-14.0;-25.0;19.0
4720.0;7900.0;12930.0;20960.0;3173.0;4375.0;3930.0;6710.0;11260.0;18530.0;2879.0;4213.0;-5.0;-14.0;-21.0;21.0
4750.0;7910.0;13070.0;20990.0;3179.0;4392.0;3880.0;6610.0;11050.0;18370.0;2875.0;4225.0;-8.0;-13.0;-18.0;17.0
4740.0;7920.0;12990.0;20930.0;3170.0;4379.0;3870.0;6600.0;11110.0;18460.0;2889.0;4209.0;-5.0;-4.0;-9.0;30.0
4710.0;7890.0;12980.0;20870.0;3172.0;4380.0;3890.0;6580.0;11080.0;18430.0;2866.0;4206.0;-8.0;-4.0;-16.0;17.0
4730.0;7910.0;13010.0;20870.0;3173.0;4374.0;3950.0;6730.0;11270.0;18540.0;2872.0;4221.0;-8.0;2.0;-16.0;17.0
4760.0;7950.0;13050.0;21040.0;3175.0;4389.0;3940.0;6680.0;11210.0;18530.0;2892.0;4247.0;-8.0;1.0;-16.0;13.0
4770.0;7960.0;13140.0;21150.0;3199.0;4427.0;4020.0;6770.0;11350.0;18650.0;2898.0;4262.0;-10.0;-10.0;-16.0;16.0
4780.0;7950.0;13050.0;21050.0;3180.0;4390.0;3920.0;6660.0;11170.0;18500.0;2885.0;4229.0;-10.0;-10.0;-16.0;10.0
4740.0;7890.0;12970.0;20940.0;3177.0;4400.0;3910.0;6660.0;11180.0;18480.0;2877.0;4211.0;-8.0;-10.0;-15.0;10.0
4730.0;7930.0;12990.0;20980.0;3175.0;4381.0;3920.0;6670.0;11180.0;18480.0;2875.0;4211.0;-6.0;-10.0;-14.0;18.0
4770.0;7930.0;12980.0;20880.0;3174.0;4382.0;3960.0;6700.0;11220.0;18470.0;2889.0;4198.0;-6.0;-7.0;-15.0;10.0
4690.0;7870.0;12910.0;20750.0;3169.0;4380.0;4000.0;6770.0;11350.0;18550.0;2885.0;4211.0;0.0;-7.0;-15.0;20.0
4770.0;7940.0;12980.0;20890.0;3162.0;4366.0;3950.0;6660.0;11140.0;18340.0;2858.0;4188.0;0.0;-7.0;-15.0;11.0
4740.0;7900.0;12930.0;20820.0;3156.0;4376.0;3910.0;6640.0;11090.0;18340.0;2877.0;4209.0;-6.0;-7.0;-17.0;7.0
4790.0;7960.0;13020.0;20950.0;3167.0;4373.0;3980.0;6760.0;11260.0;18530.0;2868.0;4189.0;-5.0;-8.0;-17.0;7.0
4710.0;7880.0;12930.0;20850.0;3158.0;4377.0;3960.0;6710.0;11270.0;18530.0;2886.0;4209.0;-5.0;-8.0;-15.0;4.0
4740.0;7870.0;13020.0;20910.0;3172.0;4394.0;4060.0;6840.0;11410.0;18600.0;2894.0;4225.0;-7.0;-8.0;-13.0;4.0
4730.0;7860.0;12930.0;20850.0;3170.0;4382.0;4000.0;6730.0;11240.0;18580.0;2874.0;4195.0;-6.0;-8.0;-13.0;4.0
4700.0;7810.0;12830.0;20670.0;3133.0;4347.0;3970.0;6700.0;11160.0;18390.0;2857.0;4191.0;-6.0;-15.0;-10.0;11.0
4750.0;7900.0;13030.0;20920.0;3161.0;4365.0;3970.0;6720.0;11270.0;18600.0;2893.0;4227.0;-6.0;-8.0;-13.0;6.0
4810.0;8010.0;13100.0;21160.0;3189.0;4421.0;4080.0;6890.0;11450.0;18730.0;2900.0;4216.0;-7.0;-8.0;-16.0;10.0
4790.0;7970.0;13040.0;20960.0;3184.0;4399.0;4000.0;6750.0;11280.0;18520.0;2888.0;4216.0;-6.0;-3.0;-16.0;10.0
4780.0;7980.0;13080.0;21110.0;3175.0;4377.0;4040.0;6820.0;11360.0;18620.0;2882.0;4219.0;-1.0;-2.0;-16.0;10.0
4800.0;8000.0;13130.0;21120.0;3196.0;4410.0;3990.0;6740.0;11240.0;18530.0;2876.0;4226.0;0.0;-2.0;-16.0;11.0
4740.0;7880.0;12960.0;20880.0;3168.0;4374.0;3940.0;6690.0;11200.0;18540.0;2879.0;4218.0;-1.0;-3.0;-16.0;10.0
4770.0;7990.0;13080.0;21030.0;3174.0;4378.0;4050.0;6810.0;11330.0;18560.0;2889.0;4205.0;0.0;-10.0;-11.0;11.0
4730.0;7880.0;12960.0;20880.0;3163.0;4384.0;3940.0;6670.0;11180.0;18450.0;2881.0;4223.0;0.0;-10.0;-11.0;19.0
4800.0;7980.0;13160.0;21120.0;3185.0;4401.0;4040.0;6820.0;11370.0;18700.0;2914.0;4248.0;-11.0;-12.0;-19.0;29.0
4770.0;7940.0;13030.0;21000.0;3186.0;4396.0;4000.0;6800.0;11350.0;18660.0;2909.0;4232.0;-11.0;-10.0;-19.0;22.0
4770.0;7980.0;13060.0;21000.0;3174.0;4399.0;4050.0;6830.0;11380.0;18740.0;2897.0;4244.0;-3.0;-1.0;-19.0;18.0
4800.0;7970.0;13140.0;21070.0;3194.0;4389.0;3990.0;6740.0;11230.0;18570.0;2884.0;4228.0;-8.0;-1.0;-19.0;18.0
4790.0;7980.0;13060.0;21060.0;3183.0;4410.0;3980.0;6750.0;11280.0;18590.0;2885.0;4220.0;-3.0;-3.0;-19.0;18.0
4780.0;7940.0;12990.0;20870.0;3147.0;4369.0;4100.0;6890.0;11440.0;18740.0;2898.0;4221.0;-3.0;-3.0;-17.0;19.0
4750.0;7900.0;12970.0;20930.0;3169.0;4381.0;3990.0;6730.0;11240.0;18610.0;2893.0;4219.0;-5.0;-7.0;-12.0;17.0
4800.0;7970.0;13090.0;21080.0;3181.0;4398.0;4030.0;6820.0;11350.0;18630.0;2889.0;4224.0;-6.0;-10.0;-17.0;13.0
4830.0;8030.0;13160.0;21050.0;3182.0;4414.0;4100.0;6880.0;11380.0;18820.0;2921.0;4248.0;-6.0;-16.0;-17.0;7.0
4740.0;7910.0;13030.0;20990.0;3174.0;4394.0;4080.0;6920.0;11520.0;18780.0;2902.0;4239.0;-7.0;-10.0;-25.0;13.0
4780.0;7970.0;13090.0;21060.0;3196.0;4402.0;4130.0;6920.0;11480.0;18780.0;2907.0;4240.0;-7.0;-13.0;-25.0;7.0
4910.0;8110.0;13240.0;21140.0;3208.0;4419.0;4060.0;6840.0;11370.0;18700.0;2900.0;4235.0;-8.0;-10.0;-25.0;9.0
4770.0;7970.0;13070.0;21070.0;3190.0;4402.0;4110.0;6910.0;11460.0;18820.0;2899.0;4258.0;-7.0;-9.0;-19.0;9.0
4850.0;8070.0;13140.0;21200.0;3199.0;4424.0;4060.0;6890.0;11470.0;18770.0;2914.0;4267.0;-7.0;-2.0;-11.0;10.0
4880.0;8090.0;13250.0;21250.0;3207.0;4412.0;4100.0;6920.0;11550.0;19000.0;2922.0;4275.0;-7.0;6.0;-11.0;10.0
4910.0;8150.0;13310.0;21380.0;3219.0;4441.0;4100.0;6930.0;11530.0;18910.0;2943.0;4290.0;-7.0;8.0;-13.0;5.0
4960.0;8220.0;13440.0;21500.0;3237.0;4457.0;4060.0;6870.0;11430.0;18850.0;2926.0;4282.0;-7.0;8.0;-13.0;5.0
4890.0;8140.0;13310.0;21350.0;3232.0;4452.0;4120.0;6890.0;11460.0;18830.0;2923.0;4281.0;-7.0;5.0;-18.0;4.0
4860.0;8070.0;13210.0;21200.0;3203.0;4430.0;4150.0;6970.0;11620.0;18980.0;2942.0;4258.0;-7.0;-1.0;-18.0;5.0
4900.0;8160.0;13350.0;21370.0;3223.0;4457.0;4100.0;6920.0;11530.0;18880.0;2941.0;4281.0;-7.0;-2.0;-18.0;5.0
4930.0;8160.0;13360.0;21420.0;3234.0;4451.0;4130.0;6940.0;11550.0;18970.0;2933.0;4281.0;-5.0;-2.0;-18.0;9.0
4910.0;8130.0;13270.0;21330.0;3214.0;4449.0;4090.0;6930.0;11550.0;18870.0;2933.0;4273.0;-5.0;-1.0;-15.0;-1.0
4930.0;8160.0;13300.0;21300.0;3220.0;4437.0;4170.0;7010.0;11620.0;19030.0;2941.0;4279.0;-5.0;-1.0;-15.0;-2.0
4850.0;8070.0;13240.0;21210.0;3201.0;4410.0;4110.0;6920.0;11570.0;18970.0;2920.0;4258.0;-5.0;-4.0;-15.0;-2.0
4930.0;8180.0;13390.0;21380.0;3226.0;4439.0;4190.0;7060.0;11710.0;19160.0;2962.0;4290.0;-5.0;-4.0;-10.0;-2.0
4960.0;8200.0;13400.0;21450.0;3233.0;4475.0;4240.0;7120.0;11830.0;19190.0;2958.0;4311.0;-3.0;-11.0;-10.0;6.0
5010.0;8300.0;13520.0;21580.0;3259.0;4490.0;4240.0;7110.0;11820.0;19170.0;2959.0;4310.0;-9.0;-13.0;-10.0;6.0
5000.0;8250.0;13470.0;21550.0;3266.0;4490.0;4190.0;7010.0;11730.0;19180.0;2968.0;4328.0;-12.0;-13.0;-10.0;6.0
5020.0;8300.0;13560.0;21680.0;3258.0;4501.0;4180.0;7010.0;11690.0;19250.0;2981.0;4333.0;-6.0;-14.0;-17.0;6.0
4940.0;8190.0;13420.0;21400.0;3241.0;4468.0;4270.0;7130.0;11790.0;19200.0;2951.0;4293.0;-12.0;-13.0;-21.0;12.0
4940.0;8210.0;13430.0;21520.0;3235.0;4451.0;4120.0;6920.0;11510.0;18980.0;2932.0;4282.0;-13.0;-14.0;-27.0;14.0
4880.0;8080.0;13260.0;21260.0;3210.0;4440.0;4100.0;6920.0;11540.0;18930.0;2943.0;4289.0;-12.0;-13.0;-21.0;12.0
4950.0;8170.0;13340.0;21370.0;3235.0;4457.0;4160.0;6990.0;11570.0;18990.0;2932.0;4277.0;-7.0;-11.0;-22.0;12.0
4910.0;8170.0;13340.0;21300.0;3228.0;4458.0;4180.0;7040.0;11650.0;19120.0;2949.0;4293.0;-15.0;-8.0;-23.0;8.0
4980.0;8200.0;13430.0;21500.0;3234.0;4472.0;4210.0;7050.0;11760.0;19200.0;2937.0;4303.0;-8.0;-8.0;-22.0;13.0
4980.0;8220.0;13410.0;21470.0;3238.0;4449.0;4210.0;7080.0;11720.0;19150.0;2958.0;4315.0;-8.0;-8.0;-22.0;8.0
5020.0;8280.0;13500.0;21490.0;3239.0;4477.0;4270.0;7150.0;11830.0;19300.0;2970.0;4335.0;-9.0;-8.0;-23.0;11.0
5020.0;8300.0;13510.0;21550.0;3251.0;4491.0;4220.0;7080.0;11750.0;19330.0;2976.0;4333.0;-10.0;-8.0;-23.0;13.0
5030.0;8320.0;13590.0;21680.0;3254.0;4487.0;4270.0;7140.0;11800.0;19120.0;2976.0;4326.0;-10.0;-8.0;-23.0;11.0
5010.0;8270.0;13530.0;21520.0;3250.0;4490.0;4200.0;7080.0;11840.0;19260.0;2962.0;4329.0;-13.0;-12.0;-26.0;11.0
4970.0;8230.0;13370.0;21430.0;3243.0;4476.0;4240.0;7150.0;11790.0;19040.0;2947.0;4312.0;-13.0;-11.0;-26.0;11.0
5000.0;8270.0;13390.0;21500.0;3235.0;4471.0;4250.0;7090.0;11700.0;19080.0;2947.0;4316.0;-13.0;-11.0;-21.0;16.0
5030.0;8300.0;13530.0;21630.0;3250.0;4481.0;4250.0;7080.0;11760.0;19210.0;2960.0;4300.0;-7.0;-12.0;-25.0;11.0
5030.0;8330.0;13580.0;21650.0;3250.0;4487.0;4220.0;7070.0;11710.0;19120.0;2959.0;4317.0;-5.0;-11.0;-21.0;8.0
5030.0;8310.0;13540.0;21620.0;3257.0;4504.0;4240.0;7090.0;11720.0;19110.0;2969.0;4327.0;-4.0;-4.0;-17.0;3.0
4990.0;8280.0;13440.0;21480.0;3239.0;4488.0;4300.0;7200.0;11860.0;19310.0;2989.0;4332.0;-5.0;-4.0;-17.0;3.0
5070.0;8370.0;13590.0;21620.0;3264.0;4494.0;4320.0;7220.0;11890.0;19350.0;2964.0;4336.0;-4.0;-10.0;-16.0;1.0
5050.0;8380.0;13590.0;21710.0;3265.0;4517.0;4300.0;7200.0;11920.0;19450.0;2982.0;4329.0;-4.0;-10.0;-16.0;8.0
5080.0;8380.0;13650.0;21720.0;3262.0;4515.0;4310.0;7230.0;11930.0;19420.0;3007.0;4354.0;-4.0;-10.0;-12.0;0.0
5070.0;8380.0;13660.0;21690.0;3258.0;4500.0;4230.0;7140.0;11830.0;19220.0;2965.0;4341.0;-4.0;-15.0;-10.0;13.0
5100.0;8420.0;13750.0;21810.0;3289.0;4498.0;4260.0;7150.0;11820.0;19280.0;2973.0;4318.0;-4.0;-10.0;-12.0;3.0
5060.0;8360.0;13600.0;21660.0;3261.0;4495.0;4230.0;7040.0;11640.0;19150.0;2968.0;4319.0;-4.0;-7.0;-12.0;3.0
5000.0;8280.0;13440.0;21480.0;3224.0;4470.0;4310.0;7200.0;11900.0;19280.0;2956.0;4311.0;-4.0;-5.0;-12.0;3.0
4980.0;8250.0;13400.0;21480.0;3240.0;4467.0;4290.0;7180.0;11860.0;19230.0;2974.0;4314.0;-4.0;-7.0;-15.0;3.0
5070.0;8360.0;13570.0;21530.0;3237.0;4467.0;4240.0;7060.0;11690.0;19060.0;2943.0;4301.0;-10.0;-7.0;-15.0;3.0
4980.0;8220.0;13460.0;21480.0;3237.0;4470.0;4290.0;7190.0;11860.0;19420.0;2974.0;4324.0;-10.0;-5.0;-15.0;3.0
5010.0;8320.0;13500.0;21590.0;3248.0;4481.0;4270.0;7160.0;11910.0;19320.0;2988.0;4336.0;-10.0;-9.0;-15.0;1.0
5030.0;8330.0;13560.0;21610.0;3252.0;4490.0;4300.0;7170.0;11820.0;19390.0;2976.0;4338.0;-4.0;-10.0;-15.0;3.0
5060.0;8400.0;13570.0;21760.0;3286.0;4508.0;4300.0;7230.0;11940.0;19390.0;2979.0;4343.0;-5.0;-10.0;-14.0;6.0
5080.0;8410.0;13670.0;21780.0;3279.0;4515.0;4280.0;7160.0;11880.0;19440.0;2992.0;4351.0;-5.0;-12.0;-14.0;1.0
5090.0;8410.0;13680.0;21880.0;3274.0;4510.0;4310.0;7210.0;11820.0;19370.0;2996.0;4345.0;-5.0;-13.0;-14.0;6.0
5010.0;8290.0;13530.0;21630.0;3261.0;4499.0;4340.0;7240.0;11970.0;19390.0;2969.0;4316.0;-7.0;-12.0;-14.0;9.0
5100.0;8390.0;13610.0;21640.0;3268.0;4496.0;4260.0;7140.0;11800.0;19250.0;2979.0;4337.0;-7.0;-12.0;-13.0;19.0
5060.0;8360.0;13620.0;21790.0;3283.0;4523.0;4310.0;7190.0;11880.0;19400.0;2997.0;4347.0;-12.0;-1.0;-13.0;17.0
5140.0;8450.0;13740.0;21840.0;3297.0;4517.0;4330.0;7230.0;11990.0;19490.0;2996.0;4366.0;-12.0;-1.0;-13.0;17.0
5110.0;8460.0;13730.0;21900.0;3291.0;4514.0;4320.0;7210.0;11870.0;19510.0;2996.0;4344.0;-7.0;-1.0;-11.0;-2.0
5120.0;8460.0;13730.0;21860.0;3274.0;4529.0;4400.0;7330.0;12110.0;19540.0;3000.0;4365.0;-3.0;-1.0;-10.0;-2.0
5090.0;8400.0;13680.0;21750.0;3285.0;4520.0;4310.0;7200.0;11870.0;19470.0;2987.0;4356.0;-12.0;-2.0;-10.0;7.0
5090.0;8340.0;13680.0;21870.0;3286.0;4530.0;4320.0;7230.0;11960.0;19500.0;3003.0;4365.0;-3.0;-7.0;-13.0;7.0
5170.0;8510.0;13870.0;21990.0;3314.0;4552.0;4370.0;7260.0;11950.0;19530.0;3008.0;4385.0;-3.0;-7.0;-12.0;7.0
5190.0;8550.0;13870.0;22060.0;3307.0;4554.0;4440.0;7390.0;12190.0;19720.0;3019.0;4385.0;-5.0;-7.0;-14.0;6.0
5120.0;8450.0;13740.0;21910.0;3292.0;4529.0;4420.0;7310.0;12060.0;19550.0;3001.0;4378.0;-5.0;-8.0;-14.0;6.0
5180.0;8510.0;13820.0;22050.0;3306.0;4540.0;4400.0;7330.0;12090.0;19710.0;3007.0;4367.0;-5.0;-8.0;-12.0;6.0
5140.0;8470.0;13770.0;21990.0;3306.0;4527.0;4340.0;7260.0;11960.0;19580.0;3001.0;4350.0;-5.0;1.0;-12.0;1.0
5140.0;8470.0;13770.0;21990.0;3300.0;4556.0;4370.0;7300.0;12000.0;19590.0;3015.0;4389.0;-8.0;-8.0;-7.0;7.0
5230.0;8640.0;13950.0;22140.0;3315.0;4569.0;4440.0;7350.0;12100.0;19640.0;3006.0;4395.0;-5.0;-8.0;-7.0;10.0
5220.0;8560.0;13900.0;22090.0;3316.0;4542.0;4390.0;7320.0;12050.0;19630.0;3005.0;4378.0;-6.0;-8.0;-13.0;10.0
5140.0;8440.0;13710.0;21890.0;3287.0;4534.0;4410.0;7310.0;12110.0;19690.0;3013.0;4373.0;-6.0;-8.0;-13.0;15.0
5210.0;8570.0;13870.0;22030.0;3319.0;4535.0;4370.0;7310.0;12000.0;19570.0;3015.0;4365.0;-6.0;-9.0;-16.0;15.0
5120.0;8420.0;13730.0;21810.0;3283.0;4524.0;4360.0;7220.0;11940.0;19420.0;2993.0;4353.0;-6.0;-8.0;-22.0;7.0
5240.0;8590.0;13880.0;22020.0;3305.0;4540.0;4410.0;7330.0;12130.0;19600.0;3016.0;4383.0;-8.0;-9.0;-22.0;2.0
5180.0;8520.0;13870.0;22040.0;3299.0;4556.0;4390.0;7290.0;12060.0;19590.0;3020.0;4383.0;-8.0;-8.0;-19.0;-3.0
5170.0;8530.0;13840.0;22060.0;3307.0;4537.0;4430.0;7390.0;12140.0;19750.0;3019.0;4386.0;-12.0;-10.0;-19.0;-3.0
5190.0;8530.0;13820.0;21990.0;3305.0;4553.0;4420.0;7340.0;12110.0;19640.0;3015.0;4374.0;-11.0;-10.0;-17.0;-3.0
5180.0;8470.0;13830.0;21940.0;3305.0;4550.0;4410.0;7340.0;12060.0;19660.0;3020.0;4397.0;-10.0;-10.0;-15.0;13.0
5160.0;8530.0;13800.0;22070.0;3300.0;4560.0;4440.0;7380.0;12100.0;19620.0;3024.0;4386.0;-11.0;-8.0;-13.0;13.0
5230.0;8600.0;13890.0;22110.0;3313.0;4549.0;4350.0;7290.0;12020.0;19580.0;3005.0;4352.0;-12.0;-8.0;-13.0;0.0
5180.0;8540.0;13810.0;22000.0;3313.0;4556.0;4480.0;7420.0;12210.0;19760.0;3016.0;4362.0;-13.0;-8.0;-15.0;0.0
5210.0;8530.0;13800.0;21970.0;3303.0;4552.0;4440.0;7390.0;12160.0;19710.0;3036.0;4363.0;-15.0;-3.0;-14.0;0.0
5250.0;8630.0;13940.0;22150.0;3325.0;4574.0;4470.0;7440.0;12250.0;19830.0;3043.0;4414.0;-15.0;-8.0;-14.0;3.0
5300.0;8690.0;14020.0;22310.0;3344.0;4592.0;4530.0;7510.0;12320.0;19950.0;3063.0;4432.0;-16.0;-9.0;-19.0;10.0
5340.0;8750.0;14120.0;22420.0;3355.0;4594.0;4550.0;7550.0;12380.0;19960.0;3066.0;4443.0;-15.0;-9.0;-14.0;5.0
5350.0;8780.0;14190.0;22480.0;3359.0;4588.0;4500.0;7470.0;12250.0;19810.0;3059.0;4434.0;-6.0;0.0;-14.0;5.0
5280.0;8700.0;14130.0;22280.0;3350.0;4598.0;4520.0;7500.0;12250.0;19950.0;3054.0;4441.0;-4.0;-9.0;-8.0;5.0
5290.0;8700.0;14000.0;22260.0;3330.0;4594.0;4530.0;7500.0;12330.0;19890.0;3055.0;4413.0;-6.0;-7.0;-12.0;5.0
5270.0;8650.0;13950.0;22250.0;3337.0;4608.0;4550.0;7560.0;12390.0;20040.0;3071.0;4461.0;-4.0;-7.0;-12.0;4.0
5330.0;8740.0;14080.0;22280.0;3344.0;4606.0;4480.0;7430.0;12210.0;19870.0;3053.0;4439.0;-6.0;-14.0;-12.0;4.0
5280.0;8700.0;14080.0;22280.0;3342.0;4588.0;4520.0;7480.0;12240.0;19890.0;3072.0;4419.0;-4.0;-14.0;-10.0;4.0
5300.0;8690.0;14050.0;22240.0;3337.0;4619.0;4560.0;7550.0;12420.0;20080.0;3083.0;4451.0;0.0;-13.0;-10.0;4.0
5300.0;8660.0;14050.0;22320.0;3339.0;4597.0;4530.0;7490.0;12340.0;19850.0;3052.0;4452.0;0.0;-14.0;-10.0;4.0
5320.0;8720.0;14130.0;22300.0;3360.0;4626.0;4500.0;7470.0;12260.0;19980.0;3060.0;4448.0;0.0;-13.0;-10.0;5.0
5350.0;8760.0;14160.0;22520.0;3368.0;4634.0;4530.0;7530.0;12320.0;20010.0;3078.0;4466.0;0.0;-11.0;-9.0;5.0
5380.0;8810.0;14220.0;22600.0;3374.0;4639.0;4550.0;7590.0;12460.0;20190.0;3106.0;4478.0;-5.0;-11.0;-10.0;5.0
5370.0;8760.0;14200.0;22550.0;3380.0;4645.0;4560.0;7610.0;12520.0;20310.0;3100.0;4473.0;-5.0;-12.0;-9.0;-4.0
5330.0;8720.0;14090.0;22380.0;3350.0;4607.0;4480.0;7430.0;12290.0;19960.0;3076.0;4458.0;-5.0;-11.0;-9.0;-7.0
5350.0;8760.0;14160.0;22390.0;3358.0;4629.0;4500.0;7520.0;12350.0;20030.0;3079.0;4472.0;-11.0;-12.0;-12.0;-7.0
5350.0;8770.0;14180.0;22490.0;3347.0;4623.0;4540.0;7540.0;12390.0;20150.0;3087.0;4458.0;-10.0;-12.0;-12.0;-7.0
5250.0;8590.0;13920.0;22140.0;3325.0;4599.0;4530.0;7530.0;12300.0;20000.0;3076.0;4452.0;-11.0;-12.0;-12.0;-2.0
5280.0;8690.0;14040.0;22290.0;3357.0;4610.0;4490.0;7490.0;12290.0;19940.0;3055.0;4444.0;-11.0;-10.0;-13.0;-2.0
5360.0;8790.0;14200.0;22510.0;3359.0;4624.0;4540.0;7540.0;12340.0;19940.0;3087.0;4452.0;-10.0;-10.0;-13.0;1.0
5290.0;8710.0;14050.0;22310.0;3355.0;4614.0;4540.0;7570.0;12370.0;20070.0;3082.0;4455.0;-8.0;-10.0;-13.0;0.0
5370.0;8800.0;14240.0;22400.0;3371.0;4618.0;4580.0;7570.0;12460.0;20120.0;3077.0;4454.0;-8.0;-7.0;-16.0;-2.0
5340.0;8790.0;14130.0;22400.0;3372.0;4613.0;4560.0;7550.0;12330.0;19980.0;3074.0;4440.0;-5.0;-10.0;-13.0;0.0
5340.0;8780.0;14160.0;22480.0;3368.0;4611.0;4520.0;7480.0;12340.0;19980.0;3071.0;4448.0;-5.0;-10.0;-13.0;1.0
5340.0;8760.0;14210.0;22530.0;3369.0;4629.0;4590.0;7610.0;12520.0;20190.0;3088.0;4472.0;-9.0;-7.0;-16.0;3.0
5380.0;8770.0;14170.0;22440.0;3379.0;4645.0;4660.0;7720.0;12590.0;20290.0;3110.0;4495.0;-9.0;-11.0;-13.0;6.0
5360.0;8800.0;14160.0;22500.0;3371.0;4658.0;4600.0;7610.0;12470.0;20220.0;3090.0;4475.0;-6.0;-11.0;-7.0;6.0
5420.0;8850.0;14290.0;22620.0;3379.0;4650.0;4610.0;7620.0;12440.0;20140.0;3092.0;4478.0;-9.0;-5.0;-13.0;6.0
5390.0;8840.0;14200.0;22520.0;3378.0;4652.0;4620.0;7600.0;12430.0;20140.0;3103.0;4486.0;-6.0;-1.0;-5.0;-1.0
5430.0;8840.0;14250.0;22620.0;3379.0;4644.0;4570.0;7590.0;12410.0;20150.0;3090.0;4457.0;-4.0;-5.0;-5.0;-1.0
5400.0;8840.0;14260.0;22630.0;3376.0;4657.0;4570.0;7570.0;12430.0;20140.0;3085.0;4465.0;-4.0;-5.0;-8.0;-1.0
5370.0;8780.0;14190.0;22480.0;3361.0;4627.0;4580.0;7590.0;12430.0;20100.0;3080.0;4460.0;-4.0;-6.0;-8.0;3.0
5370.0;8770.0;14190.0;22390.0;3364.0;4627.0;4630.0;7620.0;12500.0;20130.0;3096.0;4443.0;-4.0;-6.0;-8.0;-1.0
5380.0;8790.0;14200.0;22500.0;3368.0;4624.0;4670.0;7730.0;12600.0;20260.0;3086.0;4480.0;-4.0;-9.0;-8.0;3.0
5360.0;8820.0;14210.0;22360.0;3353.0;4614.0;4640.0;7670.0;12560.0;20180.0;3104.0;4461.0;-4.0;-6.0;-8.0;4.0
5370.0;8790.0;14180.0;22520.0;3372.0;4626.0;4590.0;7570.0;12450.0;20170.0;3083.0;4463.0;-4.0;-5.0;-10.0;4.0
5400.0;8820.0;14240.0;22640.0;3374.0;4636.0;4650.0;7690.0;12530.0;20260.0;3101.0;4487.0;-4.0;-3.0;-13.0;2.0
5450.0;8850.0;14220.0;22580.0;3375.0;4651.0;4640.0;7640.0;12520.0;20300.0;3107.0;4484.0;-5.0;-3.0;-13.0;2.0
5430.0;8860.0;14290.0;22580.0;3392.0;4672.0;4600.0;7640.0;12490.0;20220.0;3106.0;4497.0;-5.0;-3.0;-15.0;2.0
5430.0;8880.0;14310.0;22680.0;3395.0;4701.0;4660.0;7700.0;12630.0;20410.0;3117.0;4529.0;-5.0;-12.0;-18.0;1.0
5430.0;8840.0;14340.0;22690.0;3403.0;4671.0;4660.0;7670.0;12540.0;20290.0;3108.0;4494.0;-8.0;-18.0;-21.0;2.0
5480.0;8930.0;14390.0;22750.0;3391.0;4671.0;4670.0;7720.0;12640.0;20390.0;3127.0;4521.0;-8.0;-18.0;-18.0;1.0
5500.0;8970.0;14430.0;22730.0;3401.0;4661.0;4660.0;7680.0;12550.0;20300.0;3125.0;4521.0;-8.0;-12.0;-18.0;1.0
5460.0;8920.0;14400.0;22680.0;3396.0;4673.0;4670.0;7690.0;12610.0;20390.0;3124.0;4513.0;-8.0;-12.0;-18.0;-1.0
5410.0;8870.0;14320.0;22770.0;3410.0;4665.0;4680.0;7690.0;12580.0;20190.0;3091.0;4497.0;-3.0;-8.0;-16.0;-1.0
5460.0;8890.0;14340.0;22710.0;3392.0;4643.0;4650.0;7660.0;12520.0;20200.0;3104.0;4491.0;-3.0;-8.0;-16.0;-1.0
5450.0;8880.0;14380.0;22720.0;3405.0;4679.0;4760.0;7810.0;12710.0;20460.0;3114.0;4507.0;-3.0;-8.0;-17.0;-1.0
5430.0;8860.0;14320.0;22650.0;3380.0;4664.0;4660.0;7700.0;12600.0;20330.0;3124.0;4507.0;-10.0;-12.0;-17.0;-1.0
5460.0;8930.0;14360.0;22810.0;3405.0;4679.0;4750.0;7840.0;12760.0;20520.0;3147.0;4538.0;-12.0;-12.0;-19.0;-2.0
5560.0;9090.0;14620.0;23070.0;3447.0;4723.0;4750.0;7860.0;12830.0;20760.0;3148.0;4547.0;-12.0;-12.0;-19.0;-2.0
5450.0;8890.0;14290.0;22710.0;3406.0;4698.0;4750.0;7860.0;12840.0;20760.0;3160.0;4559.0;-19.0;-9.0;-19.0;-2.0
5480.0;8930.0;14390.0;22740.0;3415.0;4704.0;4710.0;7770.0;12640.0;20460.0;3135.0;4546.0;-16.0;-9.0;-18.0;0.0
5480.0;8940.0;14500.0;22970.0;3421.0;4702.0;4680.0;7710.0;12570.0;20420.0;3128.0;4542.0;-16.0;-9.0;-15.0;0.0
5530.0;9040.0;14490.0;22920.0;3418.0;4710.0;4680.0;7750.0;12670.0;20490.0;3139.0;4551.0;-16.0;-8.0;-15.0;7.0
5520.0;9010.0;14490.0;22940.0;3430.0;4717.0;4760.0;7840.0;12760.0;20540.0;3161.0;4555.0;-16.0;-13.0;-17.0;0.0
5530.0;9010.0;14530.0;22950.0;3443.0;4717.0;4770.0;7860.0;12860.0;20640.0;3159.0;4571.0;-16.0;-13.0;-17.0;0.0
5510.0;9030.0;14500.0;22890.0;3422.0;4717.0;4800.0;7890.0;12860.0;20600.0;3149.0;4541.0;-9.0;-13.0;-17.0;0.0
5510.0;8970.0;14470.0;22830.0;3415.0;4723.0;4780.0;7870.0;12790.0;20610.0;3155.0;4541.0;-6.0;-13.0;-17.0;0.0
5520.0;8980.0;14490.0;22950.0;3417.0;4711.0;4800.0;7890.0;12840.0;20630.0;3143.0;4537.0;-6.0;-13.0;-9.0;-2.0
5530.0;8990.0;14520.0;22930.0;3431.0;4717.0;4820.0;7970.0;12920.0;20820.0;3170.0;4552.0;-6.0;-13.0;-9.0;0.0
5570.0;9030.0;14550.0;22950.0;3425.0;4720.0;4720.0;7810.0;12760.0;20600.0;3158.0;4557.0;-5.0;-13.0;-9.0;0.0
5630.0;9150.0;14700.0;23170.0;3446.0;4735.0;4860.0;7970.0;13010.0;20930.0;3182.0;4587.0;-4.0;-12.0;-11.0;0.0
5590.0;9100.0;14630.0;23170.0;3462.0;4748.0;4850.0;8010.0;12970.0;20830.0;3168.0;4562.0;-4.0;-12.0;-11.0;-8.0
5530.0;9040.0;14560.0;22910.0;3436.0;4727.0;4770.0;7840.0;12780.0;20580.0;3160.0;4572.0;-7.0;-13.0;-12.0;-2.0
5530.0;9000.0;14460.0;22950.0;3431.0;4723.0;4800.0;7860.0;12820.0;20610.0;3145.0;4558.0;-4.0;-11.0;-12.0;-2.0
5510.0;8980.0;14490.0;22890.0;3417.0;4696.0;4810.0;7940.0;12900.0;20760.0;3155.0;4543.0;-7.0;-11.0;-12.0;-2.0
5530.0;9030.0;14550.0;22940.0;3435.0;4710.0;4770.0;7830.0;12820.0;20660.0;3164.0;4562.0;-7.0;-12.0;-12.0;-2.0
5540.0;8990.0;14460.0;22940.0;3426.0;4697.0;4770.0;7840.0;12800.0;20610.0;3141.0;4534.0;-2.0;-19.0;-14.0;-1.0
5460.0;8890.0;14360.0;22640.0;3407.0;4698.0;4750.0;7830.0;12790.0;20510.0;3146.0;4541.0;-2.0;-16.0;-19.0;-1.0
5510.0;8940.0;14440.0;22920.0;3420.0;4732.0;4850.0;8000.0;13020.0;20820.0;3175.0;4562.0;-2.0;-16.0;-19.0;-1.0
5560.0;9060.0;14630.0;23120.0;3447.0;4743.0;4740.0;7870.0;12780.0;20700.0;3167.0;4564.0;-2.0;-12.0;-14.0;-2.0
5560.0;9030.0;14530.0;22940.0;3443.0;4730.0;4760.0;7880.0;12870.0;20740.0;3176.0;4580.0;-7.0;-14.0;-18.0;-2.0
5520.0;9010.0;14480.0;22940.0;3427.0;4706.0;4780.0;7880.0;12770.0;20610.0;3153.0;4560.0;-7.0;-9.0;-14.0;-6.0
5540.0;9000.0;14480.0;22900.0;3437.0;4713.0;4780.0;7870.0;12840.0;20560.0;3146.0;4564.0;-7.0;-7.0;-8.0;-2.0
5580.0;9070.0;14570.0;22980.0;3430.0;4726.0;4810.0;7900.0;12850.0;20640.0;3156.0;4552.0;-9.0;-9.0;-14.0;-9.0
5610.0;9130.0;14600.0;23080.0;3441.0;4737.0;4800.0;7900.0;12880.0;20740.0;3154.0;4565.0;-7.0;-10.0;-16.0;-9.0
5550.0;9010.0;14540.0;23060.0;3434.0;4721.0;4790.0;7910.0;12890.0;20730.0;3157.0;4570.0;-6.0;-4.0;-8.0;-11.0
5550.0;9050.0;14570.0;22910.0;3434.0;4720.0;4790.0;7900.0;12740.0;20620.0;3144.0;4543.0;-6.0;-5.0;-11.0;-9.0
5540.0;9020.0;14490.0;22960.0;3423.0;4725.0;4830.0;7940.0;12900.0;20720.0;3161.0;4550.0;-6.0;-8.0;-14.0;-9.0
5590.0;9090.0;14580.0;22950.0;3429.0;4718.0;4790.0;7830.0;12830.0;20620.0;3170.0;4568.0;-6.0;-5.0;-11.0;-6.0
5620.0;9100.0;14590.0;23060.0;3448.0;4729.0;4810.0;7890.0;12900.0;20730.0;3184.0;4593.0;-6.0;-5.0;-11.0;-6.0
5550.0;9050.0;14550.0;22920.0;3424.0;4723.0;4820.0;7890.0;12930.0;20860.0;3168.0;4588.0;-10.0;-8.0;-11.0;-3.0
5650.0;9130.0;14640.0;23060.0;3442.0;4749.0;4800.0;7890.0;12880.0;20670.0;3172.0;4608.0;-12.0;-8.0;-14.0;-6.0
5620.0;9120.0;14670.0;23160.0;3468.0;4740.0;4840.0;7950.0;13020.0;20850.0;3179.0;4569.0;-12.0;-11.0;-14.0;-3.0
5630.0;9150.0;14710.0;23140.0;3451.0;4738.0;4780.0;7850.0;12790.0;20570.0;3152.0;4574.0;-12.0;-11.0;-14.0;-3.0
5640.0;9170.0;14690.0;23150.0;3439.0;4728.0;4830.0;7950.0;12930.0;20690.0;3155.0;4556.0;-12.0;-11.0;-14.0;-1.0
5670.0;9190.0;14710.0;23230.0;3451.0;4727.0;4850.0;7950.0;12970.0;20810.0;3173.0;4577.0;-12.0;-11.0;-13.0;-1.0
5640.0;9140.0;14650.0;23110.0;3450.0;4740.0;4840.0;7930.0;12930.0;20760.0;3175.0;4574.0;-10.0;-11.0;-13.0;0.0
5540.0;9000.0;14510.0;22930.0;3426.0;4730.0;4820.0;7940.0;12910.0;20800.0;3162.0;4558.0;-9.0;-11.0;-11.0;0.0
5610.0;9110.0;14640.0;23120.0;3440.0;4739.0;4770.0;7890.0;12790.0;20760.0;3167.0;4558.0;-9.0;-11.0;-11.0;-1.0
5620.0;9130.0;14650.0;22990.0;3440.0;4732.0;4830.0;7920.0;12940.0;20770.0;3181.0;4560.0;-9.0;-16.0;-12.0;-1.0
5680.0;9260.0;14800.0;23350.0;3485.0;4769.0;4910.0;8070.0;13070.0;21030.0;3191.0;4603.0;-9.0;-11.0;-12.0;-5.0
5670.0;9200.0;14800.0;23240.0;3473.0;4765.0;4880.0;8040.0;13120.0;21010.0;3208.0;4603.0;-9.0;-12.0;-12.0;-5.0
5600.0;9140.0;14650.0;23180.0;3466.0;4747.0;4950.0;8070.0;13140.0;20990.0;3190.0;4601.0;-9.0;-12.0;-12.0;-5.0
5670.0;9220.0;14760.0;23280.0;3452.0;4745.0;4870.0;8010.0;12990.0;20800.0;3173.0;4604.0;-6.0;-11.0;-12.0;0.0
5680.0;9210.0;14790.0;23390.0;3485.0;4781.0;4950.0;8140.0;13230.0;21150.0;3201.0;4624.0;-6.0;-11.0;-12.0;0.0
5680.0;9210.0;14860.0;23330.0;3480.0;4780.0;4960.0;8130.0;13250.0;21130.0;3209.0;4627.0;-6.0;-12.0;-15.0;0.0
5710.0;9250.0;14880.0;23330.0;3484.0;4764.0;4840.0;7950.0;12910.0;20830.0;3175.0;4592.0;-1.0;-10.0;-11.0;0.0
5620.0;9120.0;14660.0;23050.0;3449.0;4748.0;4840.0;7960.0;12930.0;20690.0;3173.0;4581.0;-1.0;-10.0;-11.0;2.0
5640.0;9150.0;14720.0;23260.0;3452.0;4756.0;4860.0;7970.0;13000.0;20940.0;3195.0;4602.0;-5.0;-12.0;-11.0;-2.0
5640.0;9160.0;14740.0;23260.0;3474.0;4776.0;4960.0;8130.0;13210.0;21200.0;3204.0;4602.0;-3.0;-10.0;-10.0;-4.0
5660.0;9170.0;14760.0;23340.0;3489.0;4809.0;4940.0;8120.0;13200.0;21150.0;3202.0;4624.0;-3.0;-8.0;-10.0;-2.0
5750.0;9350.0;14940.0;23460.0;3503.0;4797.0;4900.0;8080.0;13110.0;21110.0;3206.0;4634.0;-5.0;-8.0;-10.0;-2.0
5750.0;9320.0;14930.0;23460.0;3492.0;4789.0;4990.0;8200.0;13230.0;21260.0;3233.0;4631.0;-6.0;-8.0;-9.0;-6.0
5720.0;9260.0;14880.0;23410.0;3484.0;4783.0;4980.0;8150.0;13240.0;21180.0;3213.0;4650.0;-6.0;-8.0;-6.0;-6.0
5670.0;9230.0;14780.0;23350.0;3480.0;4805.0;4980.0;8170.0;13180.0;21050.0;3201.0;4601.0;-6.0;-8.0;-4.0;-6.0
5670.0;9200.0;14770.0;23300.0;3485.0;4780.0;4890.0;8000.0;13000.0;20870.0;3192.0;4622.0;-3.0;-7.0;-4.0;-8.0
5730.0;9250.0;14830.0;23310.0;3469.0;4766.0;4900.0;8020.0;13070.0;20980.0;3193.0;4608.0;-3.0;-5.0;-4.0;-8.0
5660.0;9210.0;14810.0;23340.0;3478.0;4777.0;4950.0;8080.0;13180.0;21170.0;3212.0;4609.0;-3.0;-7.0;-4.0;-8.0
5750.0;9340.0;14960.0;23440.0;3490.0;4785.0;4910.0;8040.0;13030.0;21020.0;3209.0;4603.0;-7.0;-7.0;-8.0;-12.0
5750.0;9300.0;14840.0;23340.0;3491.0;4796.0;4990.0;8190.0;13260.0;21210.0;3220.0;4639.0;-11.0;-7.0;-11.0;-12.0
5740.0;9300.0;14930.0;23400.0;3498.0;4781.0;4960.0;8100.0;13100.0;20950.0;3206.0;4641.0;-15.0;-11.0;-17.0;-14.0
5660.0;9220.0;14840.0;23370.0;3493.0;4800.0;4950.0;8140.0;13180.0;21050.0;3221.0;4640.0;-15.0;-16.0;-17.0;-14.0
5660.0;9190.0;14760.0;23150.0;3469.0;4772.0;4890.0;7990.0;12980.0;20880.0;3189.0;4626.0;-15.0;-11.0;-17.0;-14.0
5700.0;9260.0;14840.0;23330.0;3478.0;4772.0;4970.0;8120.0;13180.0;21100.0;3206.0;4603.0;-11.0;-13.0;-14.0;-14.0
5720.0;9250.0;14800.0;23320.0;3465.0;4762.0;4880.0;8020.0;13000.0;20860.0;3197.0;4599.0;-6.0;-13.0;-14.0;-14.0
5690.0;9230.0;14820.0;23270.0;3470.0;4777.0;4990.0;8150.0;13280.0;21260.0;3216.0;4629.0;-6.0;-13.0;-14.0;-14.0
5680.0;9250.0;14770.0;23250.0;3483.0;4786.0;4980.0;8170.0;13240.0;21220.0;3203.0;4610.0;-6.0;-6.0;-16.0;-5.0
5690.0;9240.0;14810.0;23250.0;3466.0;4769.0;4860.0;7990.0;12920.0;20810.0;3192.0;4611.0;-12.0;-6.0;-17.0;-4.0
5740.0;9310.0;14820.0;23320.0;3476.0;4775.0;4920.0;8090.0;13150.0;21100.0;3205.0;4608.0;-13.0;-6.0;-19.0;-4.0
5700.0;9250.0;14840.0;23350.0;3478.0;4770.0;4960.0;8100.0;13120.0;20970.0;3188.0;4600.0;-13.0;-8.0;-19.0;-5.0
5700.0;9230.0;14840.0;23320.0;3476.0;4798.0;4960.0;8090.0;13160.0;21080.0;3207.0;4614.0;-12.0;-8.0;-17.0;-9.0
5760.0;9350.0;14910.0;23430.0;3493.0;4785.0;4950.0;8100.0;13110.0;21010.0;3211.0;4633.0;-7.0;-8.0;-13.0;-9.0
5750.0;9300.0;14910.0;23380.0;3488.0;4785.0;4970.0;8170.0;13210.0;21120.0;3207.0;4655.0;-2.0;-8.0;-5.0;-11.0
5720.0;9230.0;14860.0;23350.0;3501.0;4799.0;5020.0;8180.0;13310.0;21210.0;3224.0;4625.0;-1.0;-8.0;-5.0;-11.0
5760.0;9350.0;14900.0;23450.0;3498.0;4792.0;4950.0;8110.0;13170.0;21130.0;3216.0;4640.0;-1.0;-6.0;-5.0;-11.0
5750.0;9320.0;14890.0;23380.0;3503.0;4820.0;5030.0;8230.0;13330.0;21370.0;3233.0;4675.0;-1.0;-6.0;-5.0;-10.0
5790.0;9340.0;14960.0;23490.0;3494.0;4813.0;4990.0;8190.0;13310.0;21310.0;3235.0;4650.0;-1.0;-10.0;-6.0;-10.0
5740.0;9290.0;14870.0;23330.0;3486.0;4788.0;4920.0;8030.0;13070.0;21070.0;3194.0;4623.0;-1.0;-6.0;-11.0;-8.0
5750.0;9310.0;14900.0;23440.0;3494.0;4774.0;4920.0;8070.0;13100.0;21060.0;3197.0;4608.0;-1.0;-10.0;-14.0;-4.0
5710.0;9250.0;14780.0;23230.0;3464.0;4769.0;4990.0;8160.0;13230.0;21140.0;3206.0;4629.0;-4.0;-10.0;-14.0;-4.0
5790.0;9370.0;14980.0;23470.0;3497.0;4767.0;4970.0;8130.0;13200.0;21180.0;3211.0;4620.0;-4.0;-9.0;-14.0;1.0
5820.0;9370.0;15030.0;23530.0;3497.0;4820.0;5050.0;8240.0;13350.0;21340.0;3235.0;4653.0;-4.0;-9.0;-13.0;1.0
5830.0;9420.0;15110.0;23590.0;3509.0;4811.0;5090.0;8310.0;13430.0;21420.0;3230.0;4649.0;-4.0;-9.0;-13.0;-9.0
5820.0;9420.0;15060.0;23680.0;3501.0;4824.0;5050.0;8240.0;13370.0;21300.0;3233.0;4660.0;-4.0;-9.0;-13.0;-9.0
5800.0;9410.0;15020.0;23610.0;3509.0;4828.0;5020.0;8190.0;13280.0;21270.0;3231.0;4655.0;-4.0;-9.0;-13.0;-9.0
5830.0;9420.0;15020.0;23660.0;3521.0;4831.0;5000.0;8200.0;13330.0;21380.0;3243.0;4671.0;-10.0;-9.0;-6.0;-9.0
5800.0;9350.0;14930.0;23510.0;3504.0;4819.0;4950.0;8110.0;13190.0;21110.0;3232.0;4651.0;-12.0;-9.0;-6.0;-9.0
5820.0;9390.0;15020.0;23510.0;3512.0;4829.0;5060.0;8230.0;13370.0;21430.0;3237.0;4649.0;-15.0;-14.0;-6.0;-9.0
5780.0;9360.0;14940.0;23520.0;3506.0;4825.0;5000.0;8190.0;13200.0;21280.0;3228.0;4649.0;-15.0;-14.0;-12.0;-11.0
5780.0;9290.0;14900.0;23400.0;3485.0;4799.0;5060.0;8300.0;13310.0;21380.0;3237.0;4656.0;-12.0;-14.0;-8.0;-11.0
5820.0;9360.0;14960.0;23510.0;3501.0;4819.0;5100.0;8330.0;13410.0;21380.0;3235.0;4668.0;-11.0;-12.0;-12.0;-9.0
5840.0;9470.0;15050.0;23700.0;3516.0;4839.0;5090.0;8310.0;13410.0;21490.0;3245.0;4691.0;-10.0;-12.0;-8.0;-9.0
5870.0;9520.0;15240.0;23830.0;3549.0;4842.0;5130.0;8340.0;13490.0;21510.0;3260.0;4685.0;-10.0;-12.0;-8.0;-10.0
5910.0;9550.0;15310.0;23870.0;3552.0;4871.0;5060.0;8290.0;13400.0;21370.0;3257.0;4687.0;-10.0;-11.0;-7.0;-9.0
5850.0;9450.0;15120.0;23700.0;3534.0;4849.0;5120.0;8370.0;13500.0;21520.0;3256.0;4692.0;-10.0;-11.0;-6.0;-9.0
5930.0;9550.0;15250.0;23880.0;3547.0;4869.0;5150.0;8440.0;13550.0;21700.0;3293.0;4719.0;-9.0;-8.0;-6.0;-8.0
5900.0;9520.0;15180.0;23930.0;3565.0;4882.0;5150.0;8420.0;13580.0;21610.0;3276.0;4715.0;-9.0;-8.0;-7.0;-7.0
5940.0;9570.0;15240.0;23900.0;3559.0;4865.0;5060.0;8300.0;13450.0;21480.0;3260.0;4691.0;-9.0;-10.0;-10.0;-7.0
5860.0;9450.0;15130.0;23800.0;3542.0;4857.0;5140.0;8360.0;13530.0;21620.0;3288.0;4710.0;-8.0;-7.0;-12.0;-8.0
5780.0;9380.0;15020.0;23630.0;3525.0;4846.0;5070.0;8270.0;13360.0;21320.0;3249.0;4694.0;-8.0;-10.0;-12.0;-14.0
5870.0;9500.0;15120.0;23670.0;3537.0;4840.0;5140.0;8340.0;13520.0;21440.0;3261.0;4703.0;-7.0;-10.0;-10.0;-14.0
5910.0;9510.0;15160.0;23900.0;3559.0;4876.0;5170.0;8430.0;13570.0;21730.0;3292.0;4710.0;-6.0;-9.0;-10.0;-14.0
5910.0;9550.0;15250.0;23870.0;3547.0;4872.0;5170.0;8430.0;13530.0;21660.0;3285.0;4720.0;-7.0;-9.0;-10.0;-14.0
6020.0;9720.0;15420.0;24200.0;3588.0;4919.0;5140.0;8380.0;13510.0;21620.0;3291.0;4735.0;-7.0;-12.0;-10.0;-12.0
5990.0;9630.0;15320.0;24040.0;3578.0;4911.0;5140.0;8390.0;13560.0;21620.0;3284.0;4755.0;-7.0;-12.0;-10.0;-8.0
5960.0;9620.0;15340.0;24170.0;3586.0;4907.0;5170.0;8440.0;13640.0;21850.0;3292.0;4757.0;-8.0;-18.0;-12.0;-8.0
5930.0;9600.0;15270.0;23990.0;3568.0;4905.0;5190.0;8470.0;13660.0;21780.0;3307.0;4747.0;-8.0;-18.0;-12.0;-12.0
5960.0;9630.0;15280.0;24070.0;3579.0;4913.0;5210.0;8510.0;13700.0;21890.0;3316.0;4746.0;-7.0;-12.0;-12.0;-12.0
5960.0;9620.0;15310.0;24110.0;3580.0;4921.0;5170.0;8430.0;13620.0;21770.0;3318.0;4744.0;-7.0;-15.0;-12.0;-12.0
5970.0;9640.0;15390.0;24140.0;3579.0;4901.0;5200.0;8450.0;13690.0;21720.0;3286.0;4731.0;-11.0;-15.0;-17.0;-17.0
5940.0;9530.0;15230.0;23960.0;3553.0;4865.0;5120.0;8380.0;13560.0;21640.0;3287.0;4710.0;-7.0;-14.0;-12.0;-12.0
5950.0;9610.0;15350.0;24080.0;3570.0;4896.0;5210.0;8480.0;13670.0;21850.0;3304.0;4726.0;-6.0;-15.0;-11.0;-10.0
6000.0;9690.0;15410.0;24070.0;3585.0;4934.0;5210.0;8460.0;13660.0;21770.0;3312.0;4757.0;-12.0;-15.0;-17.0;-10.0
6040.0;9720.0;15500.0;24250.0;3595.0;4940.0;5270.0;8550.0;13770.0;21940.0;3339.0;4796.0;-6.0;-14.0;-16.0;-12.0
6010.0;9710.0;15450.0;24180.0;3606.0;4957.0;5300.0;8630.0;13820.0;21970.0;3322.0;4777.0;0.0;-14.0;-7.0;-10.0
6020.0;9690.0;15460.0;24200.0;3595.0;4945.0;5180.0;8430.0;13580.0;21720.0;3301.0;4771.0;0.0;-13.0;-16.0;-12.0
6080.0;9790.0;15490.0;24460.0;3617.0;4962.0;5250.0;8560.0;13770.0;21950.0;3340.0;4808.0;-5.0;-11.0;-16.0;-12.0
6130.0;9900.0;15750.0;24550.0;3641.0;4989.0;5290.0;8590.0;13840.0;22020.0;3348.0;4826.0;-5.0;-11.0;-9.0;-8.0
6060.0;9760.0;15590.0;24460.0;3635.0;4987.0;5270.0;8570.0;13840.0;22130.0;3356.0;4831.0;-11.0;-11.0;-9.0;-8.0
6090.0;9810.0;15600.0;24520.0;3625.0;4973.0;5240.0;8540.0;13780.0;22020.0;3339.0;4802.0;-11.0;-11.0;-9.0;-8.0
5980.0;9690.0;15440.0;24170.0;3592.0;4938.0;5280.0;8590.0;13850.0;22080.0;3338.0;4786.0;-13.0;-11.0;-9.0;-8.0
6070.0;9760.0;15500.0;24340.0;3611.0;4960.0;5320.0;8640.0;13950.0;22100.0;3337.0;4793.0;-13.0;-15.0;-15.0;-8.0
6080.0;9820.0;15600.0;24490.0;3631.0;4974.0;5320.0;8620.0;13880.0;22170.0;3330.0;4799.0;-11.0;-11.0;-15.0;-7.0
6120.0;9860.0;15670.0;24510.0;3646.0;4982.0;5340.0;8640.0;13980.0;22230.0;3363.0;4828.0;-10.0;-10.0;-12.0;-7.0
6120.0;9860.0;15720.0;24580.0;3643.0;5002.0;5300.0;8590.0;13830.0;22200.0;3359.0;4819.0;-10.0;-8.0;-12.0;-7.0
6100.0;9820.0;15590.0;24390.0;3630.0;4976.0;5300.0;8610.0;13840.0;22080.0;3341.0;4816.0;-9.0;-8.0;-11.0;-10.0
6090.0;9790.0;15550.0;24390.0;3625.0;4982.0;5290.0;8620.0;13890.0;22120.0;3344.0;4794.0;-4.0;-8.0;-11.0;-10.0
6070.0;9810.0;15610.0;24480.0;3636.0;4999.0;5320.0;8640.0;13890.0;22180.0;3374.0;4833.0;-2.0;-10.0;-10.0;-11.0
6050.0;9740.0;15550.0;24420.0;3634.0;4979.0;5400.0;8770.0;14040.0;22290.0;3360.0;4818.0;-2.0;-4.0;-10.0;-11.0
5990.0;9620.0;15470.0;24230.0;3598.0;4952.0;5250.0;8540.0;13760.0;22010.0;3326.0;4791.0;-2.0;-10.0;-10.0;-11.0
6060.0;9750.0;15530.0;24420.0;3621.0;4974.0;5270.0;8560.0;13840.0;22090.0;3347.0;4788.0;-2.0;-10.0;-8.0;-11.0
6050.0;9710.0;15540.0;24280.0;3615.0;4970.0;5310.0;8650.0;13960.0;22150.0;3338.0;4824.0;-2.0;-10.0;-8.0;-11.0
6110.0;9810.0;15620.0;24450.0;3631.0;4988.0;5350.0;8670.0;13910.0;22190.0;3366.0;4814.0;-4.0;-10.0;-8.0;-10.0
6150.0;9870.0;15690.0;24500.0;3633.0;4977.0;5350.0;8670.0;13970.0;22200.0;3369.0;4840.0;-6.0;-10.0;-8.0;-11.0
6080.0;9790.0;15560.0;24450.0;3629.0;4975.0;5300.0;8620.0;13890.0;22160.0;3352.0;4817.0;-4.0;-10.0;-8.0;-13.0
6130.0;9860.0;15660.0;24570.0;3642.0;4989.0;5350.0;8730.0;14030.0;22270.0;3370.0;4836.0;-4.0;-13.0;-8.0;-11.0
6130.0;9870.0;15650.0;24460.0;3636.0;4980.0;5290.0;8610.0;13920.0;22170.0;3361.0;4834.0;-4.0;-13.0;-8.0;-12.0
6140.0;9890.0;15690.0;24600.0;3658.0;4982.0;5310.0;8610.0;13890.0;22170.0;3344.0;4831.0;-10.0;-13.0;-8.0;-12.0
6140.0;9870.0;15730.0;24590.0;3639.0;5007.0;5280.0;8610.0;13900.0;22220.0;3365.0;4815.0;-7.0;-13.0;-8.0;-11.0
6160.0;9930.0;15740.0;24640.0;3658.0;5011.0;5380.0;8710.0;14070.0;22330.0;3377.0;4848.0;-7.0;-13.0;-6.0;-11.0
6170.0;9980.0;15830.0;24750.0;3662.0;5012.0;5340.0;8730.0;14060.0;22400.0;3379.0;4846.0;-7.0;-13.0;-7.0;-12.0
6180.0;9880.0;15740.0;24600.0;3645.0;4992.0;5310.0;8600.0;13910.0;22170.0;3357.0;4829.0;-6.0;-11.0;-7.0;-14.0
6080.0;9800.0;15670.0;24530.0;3642.0;5016.0;5360.0;8700.0;14040.0;22200.0;3373.0;4855.0;-6.0;-9.0;-7.0;-14.0
6150.0;9870.0;15640.0;24490.0;3644.0;5001.0;5370.0;8750.0;14110.0;22380.0;3361.0;4847.0;-6.0;-9.0;-9.0;-14.0
6120.0;9870.0;15660.0;24480.0;3634.0;5004.0;5420.0;8780.0;14100.0;22330.0;3374.0;4843.0;-6.0;-9.0;-9.0;-14.0
6220.0;10010.0;15890.0;24810.0;3677.0;5021.0;5410.0;8760.0;14070.0;22360.0;3388.0;4835.0;-6.0;-9.0;-9.0;-14.0
6100.0;9880.0;15720.0;24570.0;3646.0;5006.0;5370.0;8670.0;13970.0;22190.0;3373.0;4837.0;-8.0;-9.0;-9.0;-14.0
6170.0;9900.0;15780.0;24580.0;3661.0;5013.0;5370.0;8730.0;14030.0;22230.0;3391.0;4858.0;-8.0;-9.0;-8.0;-14.0
6170.0;9930.0;15770.0;24660.0;3663.0;5014.0;5420.0;8760.0;14120.0;22430.0;3395.0;4876.0;-8.0;-9.0;-8.0;-10.0
6190.0;9940.0;15800.0;24690.0;3669.0;5026.0;5450.0;8800.0;14160.0;22470.0;3384.0;4863.0;-8.0;-8.0;-6.0;-10.0
6150.0;9870.0;15710.0;24650.0;3654.0;5004.0;5350.0;8660.0;13940.0;22240.0;3374.0;4865.0;-8.0;-8.0;-11.0;-12.0
6220.0;9980.0;15840.0;24870.0;3673.0;5042.0;5420.0;8780.0;14120.0;22410.0;3391.0;4873.0;-6.0;-12.0;-6.0;-12.0
6150.0;9910.0;15780.0;24630.0;3668.0;5025.0;5400.0;8760.0;14100.0;22430.0;3387.0;4856.0;-6.0;-13.0;-9.0;-12.0
6110.0;9840.0;15680.0;24650.0;3658.0;5021.0;5350.0;8690.0;13990.0;22300.0;3394.0;4874.0;-6.0;-13.0;-9.0;-12.0
6200.0;9960.0;15860.0;24720.0;3683.0;5048.0;5420.0;8810.0;14140.0;22470.0;3396.0;4868.0;-6.0;-13.0;-9.0;-13.0
6220.0;10010.0;15850.0;24790.0;3686.0;5058.0;5420.0;8800.0;14110.0;22510.0;3402.0;4891.0;-9.0;-13.0;-9.0;-12.0
6160.0;9920.0;15780.0;24670.0;3659.0;5059.0;5400.0;8750.0;14190.0;22470.0;3395.0;4871.0;-14.0;-10.0;-10.0;-12.0
6160.0;9920.0;15700.0;24560.0;3655.0;5036.0;5420.0;8780.0;14180.0;22560.0;3406.0;4871.0;-14.0;-8.0;-13.0;-9.0
6180.0;9950.0;15840.0;24750.0;3666.0;5041.0;5380.0;8710.0;13990.0;22270.0;3369.0;4852.0;-12.0;-8.0;-13.0;-11.0
6220.0;9990.0;15850.0;24740.0;3660.0;5017.0;5340.0;8680.0;14040.0;22280.0;3385.0;4846.0;-14.0;-10.0;-13.0;-9.0
6240.0;10010.0;15880.0;24730.0;3671.0;5038.0;5460.0;8830.0;14190.0;22560.0;3408.0;4859.0;-12.0;-7.0;-10.0;-7.0
6290.0;10070.0;15970.0;24890.0;3685.0;5041.0;5400.0;8720.0;14010.0;22400.0;3389.0;4869.0;-11.0;-7.0;-4.0;-9.0
6290.0;10070.0;15990.0;25010.0;3690.0;5071.0;5410.0;8810.0;14150.0;22580.0;3419.0;4874.0;-11.0;-8.0;-4.0;-11.0
6320.0;10120.0;16070.0;25040.0;3713.0;5069.0;5450.0;8860.0;14240.0;22630.0;3425.0;4898.0;-8.0;-10.0;-4.0;-14.0
6320.0;10130.0;16050.0;25140.0;3722.0;5091.0;5520.0;8950.0;14350.0;22770.0;3443.0;4907.0;-5.0;-10.0;-3.0;-14.0
6200.0;9940.0;15920.0;24860.0;3698.0;5073.0;5450.0;8840.0;14170.0;22600.0;3426.0;4896.0;-8.0;-10.0;-9.0;-14.0
6310.0;10120.0;16140.0;25050.0;3703.0;5075.0;5500.0;8920.0;14250.0;22610.0;3425.0;4923.0;-8.0;-10.0;-9.0;-14.0
6270.0;10070.0;15950.0;24930.0;3703.0;5089.0;5510.0;8950.0;14390.0;22770.0;3429.0;4933.0;-8.0;-10.0;-9.0;-14.0
6280.0;10070.0;16030.0;24990.0;3721.0;5110.0;5550.0;8940.0;14390.0;22880.0;3446.0;4924.0;-5.0;-7.0;-7.0;-11.0
6310.0;10120.0;16020.0;24950.0;3708.0;5091.0;5440.0;8830.0;14190.0;22520.0;3419.0;4924.0;-8.0;-7.0;-9.0;-12.0
6300.0;10090.0;16060.0;25110.0;3726.0;5100.0;5580.0;8990.0;14450.0;22900.0;3435.0;4921.0;-2.0;-7.0;-7.0;-12.0
6240.0;10020.0;15880.0;24960.0;3692.0;5076.0;5580.0;9010.0;14390.0;22680.0;3434.0;4918.0;-1.0;-7.0;-3.0;-11.0
6300.0;10080.0;16050.0;25090.0;3708.0;5063.0;5470.0;8810.0;14170.0;22500.0;3407.0;4887.0;-2.0;-10.0;-3.0;-11.0
6250.0;9990.0;15880.0;24870.0;3688.0;5052.0;5440.0;8810.0;14110.0;22540.0;3415.0;4885.0;-9.0;-10.0;-10.0;-12.0
6260.0;10050.0;15880.0;24900.0;3686.0;5039.0;5470.0;8860.0;14240.0;22680.0;3419.0;4886.0;4.0;-10.0;-6.0;-12.0
6240.0;10000.0;15890.0;24890.0;3684.0;5038.0;5430.0;8750.0;14110.0;22480.0;3402.0;4860.0;-7.0;-10.0;-7.0;-12.0
6280.0;10070.0;16030.0;24880.0;3688.0;5082.0;5490.0;8860.0;14240.0;22580.0;3425.0;4907.0;-9.0;-10.0;-17.0;-12.0
6270.0;10090.0;16020.0;25020.0;3701.0;5071.0;5460.0;8810.0;14270.0;22550.0;3402.0;4896.0;-7.0;-10.0;-7.0;-14.0
6250.0;10050.0;15910.0;24880.0;3688.0;5050.0;5420.0;8810.0;14140.0;22540.0;3414.0;4903.0;-5.0;-11.0;-7.0;-16.0
6220.0;10030.0;15890.0;24930.0;3699.0;5061.0;5530.0;8980.0;14400.0;22780.0;3437.0;4890.0;-7.0;-14.0;-9.0;-16.0
6250.0;10040.0;15940.0;24890.0;3718.0;5082.0;5530.0;8990.0;14450.0;22880.0;3452.0;4923.0;-7.0;-14.0;-9.0;-16.0
6290.0;10100.0;15980.0;24990.0;3716.0;5080.0;5500.0;8900.0;14280.0;22780.0;3436.0;4921.0;-6.0;-14.0;-8.0;-16.0
6310.0;10130.0;16100.0;25110.0;3710.0;5086.0;5500.0;8900.0;14290.0;22680.0;3440.0;4934.0;-6.0;-14.0;-8.0;-16.0
6380.0;10200.0;16170.0;25260.0;3740.0;5117.0;5610.0;9060.0;14550.0;23100.0;3467.0;4970.0;-6.0;-14.0;-6.0;-14.0
6390.0;10250.0;16210.0;25290.0;3747.0;5126.0;5520.0;8980.0;14370.0;22800.0;3444.0;4953.0;-6.0;-14.0;-6.0;-14.0
6370.0;10240.0;16270.0;25360.0;3757.0;5134.0;5580.0;9030.0;14460.0;22920.0;3462.0;4952.0;-1.0;-15.0;-8.0;-14.0
6300.0;10110.0;16120.0;25270.0;3717.0;5111.0;5530.0;8940.0;14400.0;22790.0;3452.0;4945.0;-1.0;-15.0;-8.0;-14.0
6370.0;10170.0;16190.0;25150.0;3721.0;5114.0;5570.0;8980.0;14410.0;22860.0;3440.0;4946.0;-12.0;-15.0;-12.0;-13.0
6310.0;10100.0;16060.0;25120.0;3718.0;5113.0;5530.0;8940.0;14460.0;22910.0;3444.0;4943.0;-12.0;-14.0;-12.0;-12.0
6360.0;10240.0;16250.0;25300.0;3740.0;5103.0;5560.0;8970.0;14360.0;22890.0;3443.0;4940.0;0.0;-12.0;-8.0;-12.0
6390.0;10210.0;16250.0;25370.0;3737.0;5129.0;5590.0;9010.0;14410.0;22890.0;3451.0;4975.0;-6.0;-9.0;-12.0;-12.0
6330.0;10150.0;16100.0;25180.0;3743.0;5122.0;5520.0;8950.0;14400.0;22850.0;3460.0;4964.0;-6.0;-9.0;-13.0;-12.0
6320.0;10160.0;16090.0;25080.0;3728.0;5096.0;5520.0;8940.0;14370.0;22810.0;3443.0;4947.0;-6.0;-9.0;-13.0;-12.0
6300.0;10150.0;16070.0;25170.0;3727.0;5096.0;5540.0;8960.0;14340.0;22770.0;3444.0;4944.0;-7.0;-9.0;-13.0;-15.0
6350.0;10150.0;16110.0;25220.0;3725.0;5116.0;5500.0;8910.0;14300.0;22790.0;3466.0;4957.0;-7.0;-8.0;-13.0;-16.0
6310.0;10120.0;16100.0;25130.0;3735.0;5128.0;5600.0;9020.0;14460.0;22790.0;3447.0;4970.0;-7.0;-10.0;-10.0;-16.0
6320.0;10150.0;16140.0;25170.0;3735.0;5113.0;5600.0;9070.0;14520.0;23000.0;3476.0;4968.0;-5.0;-10.0;-7.0;-16.0
6430.0;10320.0;16360.0;25430.0;3776.0;5154.0;5600.0;9080.0;14570.0;23100.0;3488.0;4984.0;-5.0;-10.0;-7.0;-16.0
6370.0;10200.0;16140.0;25250.0;3757.0;5144.0;5580.0;9020.0;14430.0;23020.0;3472.0;4974.0;-5.0;-16.0;-9.0;-15.0
6410.0;10260.0;16330.0;25510.0;3754.0;5153.0;5590.0;9040.0;14470.0;23040.0;3478.0;4993.0;-5.0;-16.0;-8.0;-15.0
6420.0;10280.0;16300.0;25430.0;3764.0;5156.0;5570.0;9040.0;14520.0;23120.0;3484.0;4978.0;-9.0;-10.0;-8.0;-15.0
6350.0;10180.0;16110.0;25140.0;3729.0;5130.0;5610.0;9030.0;14520.0;23040.0;3467.0;4963.0;-11.0;-11.0;-9.0;-13.0
6340.0;10130.0;16060.0;25090.0;3716.0;5106.0;5600.0;9000.0;14390.0;22830.0;3450.0;4931.0;-12.0;-10.0;-9.0;-15.0
6290.0;10090.0;16020.0;25160.0;3717.0;5093.0;5550.0;8990.0;14410.0;22790.0;3442.0;4929.0;-11.0;-10.0;-8.0;-15.0
6400.0;10250.0;16230.0;25370.0;3740.0;5124.0;5590.0;9020.0;14460.0;22940.0;3467.0;4972.0;-11.0;-10.0;-8.0;-14.0
6340.0;10190.0;16100.0;25030.0;3725.0;5098.0;5570.0;8980.0;14430.0;23010.0;3460.0;4946.0;-6.0;-10.0;-7.0;-14.0
6430.0;10310.0;16330.0;25430.0;3766.0;5160.0;5590.0;9070.0;14520.0;23040.0;3491.0;4975.0;-6.0;-10.0;-7.0;-14.0
6440.0;10330.0;16330.0;25500.0;3781.0;5150.0;5620.0;9070.0;14530.0;23180.0;3493.0;4988.0;-6.0;-10.0;-7.0;-14.0
6430.0;10270.0;16270.0;25320.0;3766.0;5145.0;5620.0;9110.0;14640.0;23200.0;3485.0;4984.0;-8.0;-10.0;-11.0;-14.0
6370.0;10230.0;16190.0;25290.0;3749.0;5152.0;5630.0;9110.0;14570.0;23180.0;3476.0;4987.0;-10.0;-15.0;-16.0;-14.0
6430.0;10270.0;16330.0;25330.0;3760.0;5161.0;5670.0;9130.0;14660.0;23180.0;3494.0;4998.0;-10.0;-15.0;-16.0;-14.0
6450.0;10290.0;16330.0;25360.0;3759.0;5153.0;5620.0;9080.0;14520.0;23080.0;3485.0;4992.0;-8.0;-10.0;-16.0;-13.0
6490.0;10360.0;16470.0;25620.0;3778.0;5165.0;5650.0;9140.0;14500.0;23110.0;3491.0;5015.0;-2.0;-15.0;-4.0;-17.0
6440.0;10330.0;16340.0;25500.0;3748.0;5149.0;5650.0;9090.0;14520.0;23040.0;3477.0;4982.0;-2.0;-10.0;-4.0;-12.0
6410.0;10300.0;16240.0;25360.0;3755.0;5141.0;5650.0;9120.0;14590.0;23170.0;3481.0;4975.0;-1.0;-10.0;-4.0;-12.0
6450.0;10350.0;16390.0;25530.0;3776.0;5174.0;5580.0;9040.0;14520.0;23060.0;3475.0;4996.0;-2.0;-10.0;-5.0;-12.0
6410.0;10270.0;16350.0;25360.0;3756.0;5151.0;5640.0;9100.0;14540.0;23110.0;3489.0;5004.0;-1.0;-10.0;-5.0;-12.0
6400.0;10240.0;16300.0;25420.0;3768.0;5154.0;5600.0;9080.0;14520.0;23170.0;3495.0;4986.0;-1.0;-10.0;-5.0;-11.0
6480.0;10350.0;16420.0;25520.0;3781.0;5174.0;5590.0;9080.0;14460.0;23040.0;3487.0;4986.0;-1.0;-10.0;-5.0;-11.0
6450.0;10330.0;16370.0;25460.0;3770.0;5161.0;5650.0;9130.0;14600.0;23330.0;3505.0;5010.0;-1.0;-13.0;-4.0;-12.0
6530.0;10470.0;16580.0;25780.0;3803.0;5210.0;5760.0;9310.0;14860.0;23510.0;3520.0;5040.0;1.0;-13.0;3.0;-11.0
6590.0;10510.0;16660.0;25890.0;3820.0;5229.0;5740.0;9230.0;14820.0;23540.0;3540.0;5058.0;-1.0;-12.0;-4.0;-12.0
6570.0;10500.0;16610.0;25890.0;3831.0;5230.0;5740.0;9250.0;14860.0;23340.0;3531.0;5048.0;-8.0;-11.0;-10.0;-12.0
6540.0;10470.0;16560.0;25750.0;3819.0;5234.0;5800.0;9350.0;14970.0;23670.0;3545.0;5073.0;-8.0;-12.0;-10.0;-15.0
6510.0;10430.0;16550.0;25760.0;3816.0;5243.0;5740.0;9240.0;14760.0;23470.0;3532.0;5073.0;-8.0;-12.0;-10.0;-18.0
6590.0;10530.0;16690.0;25990.0;3829.0;5238.0;5740.0;9250.0;14800.0;23450.0;3537.0;5070.0;-8.0;-11.0;-10.0;-18.0
6530.0;10470.0;16540.0;25890.0;3814.0;5225.0;5790.0;9310.0;14970.0;23590.0;3533.0;5047.0;-7.0;-13.0;-10.0;-18.0
6520.0;10460.0;16520.0;25770.0;3814.0;5210.0;5730.0;9260.0;14800.0;23360.0;3531.0;5057.0;-5.0;-14.0;-6.0;-18.0
6570.0;10520.0;16600.0;25860.0;3825.0;5242.0;5740.0;9250.0;14800.0;23480.0;3537.0;5066.0;-5.0;-14.0;-6.0;-18.0
6550.0;10490.0;16670.0;25930.0;3836.0;5252.0;5780.0;9360.0;14940.0;23610.0;3549.0;5091.0;-2.0;-14.0;-6.0;-17.0
6660.0;10670.0;16840.0;26070.0;3858.0;5260.0;5750.0;9260.0;14880.0;23580.0;3578.0;5093.0;-3.0;-14.0;-6.0;-17.0
6620.0;10580.0;16740.0;26070.0;3845.0;5252.0;5780.0;9340.0;14970.0;23560.0;3552.0;5077.0;-4.0;-12.0;-6.0;-18.0
6550.0;10480.0;16550.0;25730.0;3815.0;5222.0;5720.0;9230.0;14720.0;23320.0;3526.0;5037.0;-4.0;-12.0;-10.0;-18.0
6550.0;10450.0;16530.0;25780.0;3822.0;5245.0;5750.0;9280.0;14870.0;23620.0;3544.0;5073.0;-4.0;-10.0;-6.0;-18.0
6620.0;10600.0;16780.0;25980.0;3842.0;5233.0;5770.0;9260.0;14820.0;23530.0;3551.0;5063.0;-4.0;-10.0;-8.0;-18.0
6540.0;10500.0;16650.0;25940.0;3831.0;5227.0;5770.0;9310.0;14900.0;23570.0;3547.0;5050.0;-4.0;-9.0;-6.0;-18.0
6590.0;10520.0;16670.0;25900.0;3813.0;5236.0;5780.0;9340.0;14900.0;23510.0;3546.0;5092.0;-4.0;-9.0;-6.0;-18.0
6580.0;10510.0;16630.0;25890.0;3839.0;5269.0;5860.0;9380.0;15050.0;23670.0;3576.0;5107.0;-4.0;-8.0;-5.0;-18.0
6560.0;10460.0;16540.0;25820.0;3819.0;5250.0;5810.0;9340.0;14990.0;23570.0;3542.0;5070.0;-4.0;-9.0;-5.0;-19.0
6590.0;10540.0;16670.0;25910.0;3833.0;5245.0;5810.0;9370.0;14950.0;23670.0;3547.0;5081.0;-4.0;-13.0;-5.0;-19.0
6580.0;10530.0;16620.0;26010.0;3841.0;5254.0;5810.0;9360.0;14930.0;23610.0;3564.0;5100.0;-5.0;-17.0;-11.0;-17.0
6560.0;10530.0;16680.0;25890.0;3836.0;5231.0;5780.0;9290.0;14870.0;23550.0;3546.0;5066.0;-6.0;-19.0;-14.0;-15.0
6620.0;10590.0;16770.0;25970.0;3831.0;5248.0;5740.0;9240.0;14860.0;23560.0;3550.0;5079.0;-6.0;-19.0;-14.0;-15.0
6620.0;10580.0;16770.0;26100.0;3856.0;5267.0;5830.0;9440.0;15020.0;23740.0;3561.0;5121.0;-11.0;-17.0;-13.0;-14.0
6570.0;10500.0;16640.0;25910.0;3836.0;5258.0;5800.0;9350.0;14940.0;23580.0;3566.0;5076.0;-11.0;-14.0;-13.0;-13.0
6680.0;10650.0;16810.0;26040.0;3841.0;5267.0;5780.0;9320.0;14880.0;23630.0;3553.0;5097.0;-5.0;-13.0;-6.0;-12.0
6670.0;10620.0;16750.0;26020.0;3843.0;5258.0;5800.0;9370.0;15040.0;23790.0;3572.0;5110.0;-5.0;-12.0;-2.0;-12.0
6620.0;10580.0;16680.0;25970.0;3835.0;5229.0;5760.0;9280.0;14860.0;23520.0;3545.0;5081.0;-5.0;-11.0;-6.0;-13.0
6640.0;10590.0;16700.0;25990.0;3840.0;5250.0;5790.0;9270.0;14890.0;23570.0;3559.0;5093.0;-5.0;-9.0;-6.0;-14.0
6600.0;10520.0;16670.0;25900.0;3841.0;5254.0;5780.0;9320.0;14910.0;23660.0;3562.0;5089.0;-8.0;-9.0;-6.0;-17.0
6650.0;10590.0;16700.0;25990.0;3845.0;5276.0;5880.0;9430.0;15020.0;23780.0;3571.0;5101.0;-8.0;-10.0;-9.0;-18.0
6640.0;10600.0;16730.0;26110.0;3860.0;5277.0;5870.0;9450.0;15110.0;23740.0;3569.0;5113.0;-8.0;-9.0;-9.0;-18.0
6610.0;10510.0;16630.0;25920.0;3839.0;5259.0;5810.0;9330.0;15020.0;23600.0;3549.0;5079.0;-8.0;-10.0;-9.0;-18.0
6520.0;10440.0;16490.0;25770.0;3821.0;5234.0;5750.0;9260.0;14790.0;23550.0;3547.0;5091.0;-8.0;-10.0;-9.0;-18.0
6570.0;10480.0;16620.0;25780.0;3815.0;5228.0;5750.0;9270.0;14790.0;23420.0;3542.0;5075.0;-7.0;-9.0;-9.0;-18.0
6620.0;10590.0;16760.0;26140.0;3838.0;5261.0;5780.0;9250.0;14800.0;23530.0;3554.0;5079.0;-7.0;-9.0;-8.0;-18.0
6730.0;10740.0;16930.0;26290.0;3870.0;5263.0;5840.0;9340.0;14950.0;23650.0;3575.0;5103.0;-7.0;-9.0;-9.0;-18.0
6730.0;10740.0;16920.0;26170.0;3881.0;5302.0;5860.0;9420.0;15010.0;23820.0;3577.0;5135.0;-7.0;-9.0;-8.0;-20.0
6640.0;10600.0;16810.0;26110.0;3856.0;5271.0;5820.0;9370.0;14950.0;23680.0;3566.0;5122.0;-7.0;-11.0;-7.0;-20.0
6610.0;10570.0;16700.0;26010.0;3846.0;5288.0;5850.0;9410.0;14990.0;23650.0;3560.0;5091.0;-7.0;-11.0;-5.0;-18.0
6660.0;10600.0;16760.0;26050.0;3856.0;5279.0;5790.0;9320.0;14930.0;23580.0;3556.0;5109.0;-10.0;-11.0;-3.0;-18.0
6700.0;10700.0;16870.0;26290.0;3878.0;5296.0;5840.0;9450.0;15080.0;23870.0;3573.0;5119.0;-10.0;-12.0;-3.0;-15.0
6700.0;10680.0;16810.0;26090.0;3861.0;5256.0;5860.0;9420.0;15020.0;23640.0;3564.0;5121.0;-10.0;-11.0;-3.0;-15.0
6710.0;10730.0;16950.0;26330.0;3867.0;5268.0;5910.0;9500.0;15110.0;23840.0;3566.0;5100.0;-10.0;-10.0;-5.0;-12.0
6800.0;10790.0;16970.0;26410.0;3874.0;5308.0;5890.0;9430.0;15060.0;23840.0;3579.0;5127.0;-10.0;-11.0;-5.0;-15.0
6720.0;10690.0;16890.0;26330.0;3872.0;5285.0;5900.0;9490.0;15100.0;23950.0;3600.0;5147.0;-5.0;-13.0;-7.0;-18.0
6690.0;10720.0;16870.0;26260.0;3890.0;5290.0;5850.0;9430.0;15030.0;23780.0;3582.0;5110.0;-5.0;-9.0;-7.0;-18.0
6680.0;10630.0;16850.0;26170.0;3871.0;5266.0;5880.0;9470.0;15110.0;23780.0;3579.0;5110.0;-5.0;-13.0;-7.0;-21.0
6680.0;10620.0;16820.0;26150.0;3865.0;5286.0;5850.0;9430.0;15040.0;23680.0;3573.0;5121.0;-5.0;-13.0;-8.0;-21.0
6610.0;10590.0;16680.0;26010.0;3832.0;5253.0;5890.0;9460.0;15020.0;23760.0;3565.0;5111.0;-5.0;-9.0;-8.0;-18.0
6630.0;10600.0;16750.0;26100.0;3859.0;5265.0;5860.0;9380.0;14980.0;23640.0;3558.0;5095.0;-9.0;-9.0;-8.0;-16.0
6670.0;10680.0;16830.0;26210.0;3863.0;5282.0;5820.0;9350.0;14990.0;23690.0;3563.0;5100.0;-9.0;-9.0;-8.0;-16.0
6760.0;10750.0;16950.0;26310.0;3884.0;5295.0;5870.0;9450.0;15100.0;23880.0;3591.0;5113.0;-9.0;-8.0;-8.0;-16.0
6680.0;10630.0;16760.0;25980.0;3845.0;5276.0;5890.0;9480.0;15180.0;23760.0;3575.0;5118.0;-10.0;-9.0;-13.0;-16.0
6660.0;10650.0;16850.0;26090.0;3873.0;5299.0;5930.0;9500.0;15180.0;24010.0;3606.0;5125.0;-10.0;-9.0;-13.0;-16.0
6730.0;10750.0;16950.0;26310.0;3893.0;5307.0;5910.0;9490.0;15200.0;24040.0;3601.0;5118.0;-8.0;-14.0;-13.0;-17.0
6750.0;10720.0;17010.0;26310.0;3888.0;5320.0;5970.0;9590.0;15280.0;24060.0;3612.0;5157.0;-8.0;-9.0;-12.0;-16.0
6790.0;10810.0;17040.0;26390.0;3909.0;5331.0;5890.0;9470.0;15130.0;23950.0;3602.0;5151.0;-8.0;-13.0;-12.0;-16.0
6750.0;10760.0;17000.0;26480.0;3919.0;5329.0;5960.0;9560.0;15270.0;24160.0;3625.0;5169.0;-6.0;-12.0;-11.0;-17.0
6720.0;10680.0;16890.0;26240.0;3886.0;5330.0;5920.0;9520.0;15210.0;23940.0;3619.0;5163.0;-2.0;-12.0;-6.0;-17.0
6720.0;10700.0;16970.0;26410.0;3885.0;5308.0;5930.0;9510.0;15160.0;23920.0;3606.0;5151.0;-2.0;-11.0;-6.0;-18.0
6760.0;10780.0;17060.0;26420.0;3904.0;5343.0;5970.0;9620.0;15300.0;24180.0;3608.0;5145.0;-1.0;-12.0;-5.0;-18.0
6740.0;10780.0;16980.0;26350.0;3900.0;5331.0;5940.0;9600.0;15220.0;24020.0;3617.0;5167.0;-2.0;-11.0;-6.0;-18.0
6800.0;10780.0;17030.0;26450.0;3910.0;5352.0;6000.0;9620.0;15350.0;24190.0;3622.0;5180.0;-5.0;-10.0;-10.0;-18.0
6820.0;10880.0;17110.0;26530.0;3909.0;5348.0;5960.0;9570.0;15260.0;24090.0;3623.0;5179.0;-5.0;-10.0;-10.0;-18.0
6810.0;10860.0;17070.0;26490.0;3918.0;5366.0;6070.0;9740.0;15450.0;24310.0;3632.0;5195.0;-8.0;-9.0;-6.0;-18.0
6830.0;10890.0;17180.0;26650.0;3937.0;5391.0;6100.0;9770.0;15530.0;24390.0;3658.0;5205.0;-8.0;-9.0;-6.0;-18.0
6890.0;10920.0;17160.0;26720.0;3945.0;5381.0;6010.0;9650.0;15380.0;24230.0;3635.0;5209.0;-6.0;-6.0;-2.0;-16.0
6840.0;10880.0;17110.0;26530.0;3923.0;5370.0;6020.0;9700.0;15410.0;24280.0;3666.0;5201.0;-2.0;-6.0;-2.0;-18.0
6900.0;10940.0;17240.0;26670.0;3946.0;5373.0;6030.0;9700.0;15450.0;24400.0;3650.0;5211.0;-6.0;-13.0;0.0;-18.0
6880.0;10970.0;17270.0;26710.0;3944.0;5401.0;6050.0;9770.0;15520.0;24350.0;3658.0;5214.0;-1.0;-13.0;0.0;-21.0
6820.0;10870.0;17160.0;26640.0;3919.0;5381.0;5980.0;9580.0;15300.0;24190.0;3632.0;5184.0;-1.0;-10.0;0.0;-21.0
6810.0;10830.0;17050.0;26480.0;3893.0;5356.0;5940.0;9550.0;15290.0;24140.0;3642.0;5194.0;-9.0;-13.0;-4.0;-21.0
6770.0;10780.0;17000.0;26490.0;3915.0;5360.0;5970.0;9570.0;15260.0;24100.0;3634.0;5165.0;-12.0;-12.0;-7.0;-21.0
6770.0;10790.0;17040.0;26490.0;3901.0;5355.0;5980.0;9620.0;15330.0;24270.0;3638.0;5187.0;-9.0;-12.0;-7.0;-21.0
6770.0;10770.0;16910.0;26350.0;3900.0;5350.0;5920.0;9490.0;15170.0;23950.0;3610.0;5161.0;-12.0;-14.0;-11.0;-21.0
6840.0;10890.0;17110.0;26520.0;3912.0;5353.0;5950.0;9550.0;15300.0;24040.0;3619.0;5177.0;-9.0;-14.0;-11.0;-21.0
6860.0;10930.0;17230.0;26680.0;3928.0;5358.0;5980.0;9630.0;15340.0;24150.0;3630.0;5198.0;-8.0;-12.0;-11.0;-17.0
6760.0;10770.0;16920.0;26330.0;3874.0;5328.0;5910.0;9560.0;15240.0;24010.0;3611.0;5159.0;-4.0;-12.0;-6.0;-18.0
6840.0;10880.0;17200.0;26610.0;3925.0;5371.0;5980.0;9630.0;15280.0;24160.0;3627.0;5195.0;-6.0;-12.0;-13.0;-18.0
6880.0;10940.0;17210.0;26680.0;3935.0;5378.0;6010.0;9580.0;15270.0;24230.0;3645.0;5199.0;-4.0;-8.0;-6.0;-18.0
6910.0;10970.0;17300.0;26810.0;3944.0;5396.0;6020.0;9670.0;15380.0;24180.0;3648.0;5226.0;-6.0;-12.0;-8.0;-18.0
6790.0;10820.0;17060.0;26560.0;3914.0;5393.0;5980.0;9620.0;15350.0;24190.0;3644.0;5213.0;-6.0;-12.0;-7.0;-19.0
6920.0;11050.0;17360.0;26860.0;3973.0;5436.0;6020.0;9670.0;15410.0;24340.0;3669.0;5231.0;-6.0;-12.0;-7.0;-19.0
6970.0;11070.0;17370.0;26980.0;3969.0;5439.0;6100.0;9780.0;15550.0;24550.0;3697.0;5255.0;-8.0;-12.0;-7.0;-19.0
6930.0;11040.0;17380.0;26900.0;3957.0;5405.0;6070.0;9700.0;15430.0;24410.0;3666.0;5233.0;-9.0;-13.0;-8.0;-19.0
6890.0;10980.0;17250.0;26790.0;3959.0;5423.0;6060.0;9710.0;15470.0;24290.0;3671.0;5248.0;-8.0;-15.0;-10.0;-18.0
6910.0;11020.0;17360.0;26910.0;3967.0;5416.0;6010.0;9640.0;15400.0;24290.0;3673.0;5254.0;-9.0;-15.0;-10.0;-18.0
7010.0;11160.0;17520.0;27120.0;3982.0;5454.0;6100.0;9820.0;15630.0;24620.0;3685.0;5267.0;-11.0;-16.0;-14.0;-20.0
6970.0;11070.0;17430.0;26960.0;3971.0;5449.0;6060.0;9760.0;15510.0;24520.0;3691.0;5282.0;-9.0;-16.0;-10.0;-19.0
6910.0;11040.0;17420.0;27060.0;3988.0;5447.0;6110.0;9810.0;15600.0;24640.0;3703.0;5253.0;-8.0;-16.0;-9.0;-19.0
6930.0;11010.0;17370.0;26850.0;3975.0;5439.0;6110.0;9820.0;15610.0;24650.0;3679.0;5283.0;-10.0;-17.0;-9.0;-19.0
6940.0;11080.0;17420.0;27020.0;3977.0;5418.0;6140.0;9840.0;15570.0;24590.0;3675.0;5255.0;-10.0;-17.0;-11.0;-18.0
6870.0;10950.0;17170.0;26740.0;3939.0;5387.0;6020.0;9700.0;15520.0;24390.0;3659.0;5222.0;-8.0;-15.0;-9.0;-16.0
6930.0;11030.0;17350.0;26870.0;3951.0;5435.0;6020.0;9670.0;15440.0;24300.0;3657.0;5230.0;-6.0;-15.0;-9.0;-16.0
6870.0;10960.0;17190.0;26800.0;3953.0;5400.0;6050.0;9710.0;15490.0;24370.0;3673.0;5240.0;-6.0;-15.0;-9.0;-17.0
6960.0;11060.0;17430.0;26900.0;3965.0;5436.0;6080.0;9750.0;15530.0;24550.0;3695.0;5275.0;-6.0;-14.0;-9.0;-17.0
6910.0;11020.0;17360.0;26970.0;3972.0;5438.0;6150.0;9850.0;15660.0;24620.0;3694.0;5271.0;-4.0;-14.0;-9.0;-17.0
6920.0;11040.0;17420.0;26890.0;3968.0;5444.0;6090.0;9770.0;15580.0;24550.0;3695.0;5282.0;-4.0;-14.0;-9.0;-18.0
6920.0;11060.0;17380.0;26930.0;3964.0;5424.0;6110.0;9830.0;15650.0;24720.0;3695.0;5251.0;-6.0;-14.0;-10.0;-18.0
6920.0;11000.0;17340.0;26830.0;3955.0;5409.0;6090.0;9780.0;15610.0;24580.0;3671.0;5257.0;-6.0;-16.0;-15.0;-22.0
6820.0;10840.0;17090.0;26550.0;3940.0;5427.0;6110.0;9800.0;15590.0;24470.0;3689.0;5243.0;-5.0;-16.0;-10.0;-22.0
6900.0;11000.0;17370.0;26890.0;3976.0;5432.0;6030.0;9710.0;15420.0;24430.0;3679.0;5249.0;-6.0;-16.0;-10.0;-22.0
6820.0;10820.0;17120.0;26600.0;3913.0;5390.0;6070.0;9730.0;15450.0;24440.0;3659.0;5224.0;-7.0;-14.0;-9.0;-21.0
6920.0;10950.0;17310.0;26860.0;3959.0;5424.0;6070.0;9770.0;15530.0;24470.0;3682.0;5246.0;-5.0;-14.0;-7.0;-21.0
7020.0;11120.0;17450.0;26950.0;3964.0;5414.0;6110.0;9760.0;15610.0;24590.0;3693.0;5266.0;-5.0;-13.0;-6.0;-18.0
6950.0;11030.0;17340.0;26870.0;3965.0;5421.0;6080.0;9760.0;15600.0;24560.0;3682.0;5250.0;-7.0;-12.0;-6.0;-21.0
6920.0;10990.0;17290.0;26840.0;3958.0;5406.0;6080.0;9780.0;15600.0;24500.0;3662.0;5237.0;-7.0;-12.0;-6.0;-23.0
6910.0;11030.0;17340.0;26860.0;3950.0;5400.0;6090.0;9780.0;15470.0;24430.0;3675.0;5229.0;-5.0;-10.0;-7.0;-23.0
6850.0;10940.0;17200.0;26730.0;3956.0;5396.0;6080.0;9760.0;15500.0;24320.0;3653.0;5204.0;-9.0;-12.0;-10.0;-19.0
6900.0;10930.0;17300.0;26750.0;3937.0;5383.0;6010.0;9670.0;15480.0;24330.0;3662.0;5233.0;-15.0;-12.0;-12.0;-19.0
6920.0;10990.0;17430.0;26930.0;3967.0;5431.0;6060.0;9710.0;15450.0;24340.0;3672.0;5236.0;-15.0;-14.0;-15.0;-18.0
6870.0;10940.0;17260.0;26740.0;3948.0;5411.0;6070.0;9750.0;15540.0;24500.0;3679.0;5251.0;-7.0;-13.0;-12.0;-18.0
6950.0;11040.0;17330.0;26880.0;3966.0;5424.0;6100.0;9760.0;15530.0;24500.0;3685.0;5262.0;-7.0;-14.0;-12.0;-18.0
6900.0;11030.0;17370.0;26960.0;3981.0;5437.0;6180.0;9890.0;15740.0;24640.0;3684.0;5272.0;-2.0;-14.0;-6.0;-18.0
6950.0;11050.0;17360.0;26960.0;3976.0;5435.0;6060.0;9730.0;15490.0;24420.0;3684.0;5264.0;-2.0;-15.0;-6.0;-18.0
6970.0;11080.0;17410.0;27160.0;3999.0;5458.0;6170.0;9920.0;15710.0;24810.0;3703.0;5296.0;-2.0;-15.0;-5.0;-18.0
6940.0;11040.0;17430.0;27010.0;3981.0;5462.0;6120.0;9800.0;15630.0;24680.0;3718.0;5284.0;-3.0;-15.0;-6.0;-18.0
6980.0;11120.0;17500.0;27110.0;4004.0;5461.0;6150.0;9850.0;15780.0;24810.0;3702.0;5277.0;-3.0;-15.0;-6.0;-18.0
7000.0;11110.0;17410.0;27050.0;4006.0;5468.0;6190.0;9950.0;15830.0;24880.0;3727.0;5306.0;-3.0;-15.0;-10.0;-20.0
7010.0;11140.0;17510.0;27100.0;3990.0;5460.0;6140.0;9850.0;15700.0;24690.0;3709.0;5308.0;-3.0;-12.0;-10.0;-20.0
7020.0;11160.0;17530.0;27140.0;4007.0;5476.0;6230.0;9960.0;15720.0;24830.0;3723.0;5278.0;-2.0;-12.0;-10.0;-20.0
6950.0;11070.0;17410.0;26970.0;3980.0;5472.0;6190.0;9920.0;15780.0;24820.0;3718.0;5295.0;-2.0;-13.0;-10.0;-20.0
7030.0;11120.0;17480.0;27150.0;4008.0;5473.0;6170.0;9860.0;15710.0;24700.0;3711.0;5305.0;-2.0;-13.0;-2.0;-20.0
7070.0;11210.0;17610.0;27070.0;3997.0;5457.0;6200.0;9940.0;15830.0;24850.0;3709.0;5294.0;4.0;-13.0;-2.0;-18.0
7070.0;11230.0;17690.0;27360.0;4016.0;5493.0;6220.0;9970.0;15870.0;25000.0;3751.0;5330.0;4.0;-15.0;-2.0;-21.0
7020.0;11150.0;17500.0;27140.0;3995.0;5468.0;6240.0;9920.0;15790.0;24900.0;3724.0;5302.0;0.0;-13.0;-2.0;-18.0
7000.0;11120.0;17480.0;27040.0;4002.0;5472.0;6160.0;9880.0;15640.0;24670.0;3713.0;5293.0;0.0;-12.0;-2.0;-20.0
6970.0;11050.0;17360.0;27060.0;3986.0;5454.0;6180.0;9950.0;15720.0;24720.0;3706.0;5289.0;-7.0;-15.0;-9.0;-20.0
7010.0;11120.0;17460.0;27180.0;3984.0;5456.0;6130.0;9830.0;15640.0;24640.0;3690.0;5252.0;-7.0;-12.0;-9.0;-20.0
7020.0;11170.0;17480.0;27170.0;4013.0;5470.0;6230.0;9960.0;15770.0;24900.0;3731.0;5302.0;-7.0;-12.0;-15.0;-18.0
7060.0;11200.0;17610.0;27260.0;3995.0;5472.0;6230.0;10030.0;15850.0;24940.0;3724.0;5306.0;-12.0;-14.0;-15.0;-17.0
7070.0;11240.0;17660.0;27150.0;4025.0;5494.0;6250.0;9980.0;15860.0;24950.0;3740.0;5330.0;-11.0;-15.0;-15.0;-17.0
7020.0;11200.0;17630.0;27210.0;4011.0;5477.0;6190.0;9870.0;15730.0;24820.0;3719.0;5295.0;-11.0;-14.0;-8.0;-17.0
7070.0;11250.0;17660.0;27360.0;4033.0;5487.0;6210.0;9890.0;15650.0;24730.0;3707.0;5304.0;-11.0;-14.0;-4.0;-21.0
6970.0;11120.0;17410.0;27040.0;3992.0;5458.0;6180.0;9900.0;15710.0;24810.0;3741.0;5307.0;-13.0;-16.0;-4.0;-21.0
7000.0;11170.0;17560.0;27170.0;4005.0;5467.0;6210.0;9960.0;15770.0;24870.0;3716.0;5304.0;-12.0;-15.0;-11.0;-21.0
7070.0;11270.0;17600.0;27270.0;4003.0;5478.0;6260.0;10020.0;15870.0;24870.0;3715.0;5319.0;-12.0;-15.0;-11.0;-21.0
7120.0;11300.0;17660.0;27350.0;4028.0;5503.0;6200.0;9870.0;15770.0;24750.0;3723.0;5347.0;-2.0;-17.0;-11.0;-20.0
6950.0;11070.0;17490.0;27100.0;3990.0;5453.0;6260.0;10010.0;15870.0;24850.0;3738.0;5292.0;-6.0;-17.0;-14.0;-20.0
6990.0;11090.0;17520.0;27040.0;3986.0;5468.0;6140.0;9850.0;15720.0;24750.0;3712.0;5263.0;-6.0;-17.0;-11.0;-16.0
7000.0;11130.0;17610.0;27140.0;4004.0;5485.0;6250.0;10020.0;15840.0;24930.0;3734.0;5308.0;-6.0;-17.0;-10.0;-22.0
7070.0;11210.0;17610.0;27180.0;4002.0;5475.0;6200.0;9900.0;15730.0;24780.0;3719.0;5283.0;-6.0;-15.0;-9.0;-20.0
7040.0;11120.0;17530.0;27180.0;4004.0;5456.0;6270.0;10030.0;15930.0;24910.0;3719.0;5283.0;-12.0;-11.0;-9.0;-22.0
7050.0;11150.0;17510.0;27110.0;4001.0;5482.0;6220.0;9980.0;15850.0;24840.0;3715.0;5293.0;-12.0;-11.0;-9.0;-22.0
7080.0;11270.0;17700.0;27360.0;4012.0;5486.0;6220.0;9930.0;15770.0;24850.0;3714.0;5308.0;-9.0;-11.0;-9.0;-22.0
7060.0;11200.0;17640.0;27310.0;4017.0;5493.0;6270.0;10030.0;15910.0;24860.0;3728.0;5331.0;-6.0;-10.0;-9.0;-21.0
7010.0;11100.0;17420.0;27080.0;4008.0;5467.0;6190.0;9930.0;15780.0;24840.0;3733.0;5311.0;-9.0;-10.0;-10.0;-21.0
7040.0;11170.0;17490.0;27180.0;3994.0;5442.0;6160.0;9860.0;15630.0;24760.0;3690.0;5276.0;-9.0;-8.0;-11.0;-18.0
7060.0;11230.0;17600.0;27300.0;4009.0;5485.0;6180.0;9920.0;15780.0;24750.0;3735.0;5318.0;-6.0;-8.0;-11.0;-18.0
7130.0;11330.0;17810.0;27400.0;4024.0;5509.0;6220.0;9980.0;15800.0;24950.0;3748.0;5330.0;-8.0;-13.0;-2.0;-18.0
7070.0;11280.0;17640.0;27390.0;4035.0;5498.0;6220.0;9940.0;15800.0;24890.0;3729.0;5332.0;-8.0;-14.0;-2.0;-18.0
7070.0;11200.0;17630.0;27240.0;4024.0;5507.0;6250.0;9970.0;15850.0;24940.0;3747.0;5324.0;-5.0;-13.0;0.0;-23.0
7100.0;11280.0;17780.0;27350.0;4033.0;5526.0;6230.0;9980.0;15840.0;24920.0;3741.0;5336.0;-5.0;-14.0;0.0;-23.0
7080.0;11240.0;17630.0;27340.0;4017.0;5493.0;6240.0;9970.0;15850.0;24880.0;3726.0;5314.0;-7.0;-15.0;-2.0;-23.0
7080.0;11270.0;17680.0;27280.0;4020.0;5504.0;6250.0;9980.0;15850.0;24950.0;3733.0;5319.0;-7.0;-16.0;-6.0;-23.0
7060.0;11230.0;17620.0;27300.0;4001.0;5502.0;6220.0;9960.0;15820.0;24890.0;3737.0;5313.0;-7.0;-15.0;-8.0;-23.0
7090.0;11280.0;17720.0;27350.0;4018.0;5505.0;6320.0;10130.0;16040.0;25120.0;3749.0;5318.0;-8.0;-15.0;-8.0;-21.0
7100.0;11240.0;17630.0;27310.0;4022.0;5502.0;6260.0;10040.0;15900.0;24950.0;3727.0;5327.0;-8.0;-12.0;-8.0;-20.0
7140.0;11260.0;17710.0;27420.0;4028.0;5515.0;6260.0;10010.0;15910.0;24960.0;3733.0;5342.0;-6.0;-12.0;-5.0;-20.0
7170.0;11350.0;17770.0;27560.0;4049.0;5549.0;6280.0;10010.0;15900.0;24990.0;3765.0;5352.0;-6.0;-12.0;-5.0;-18.0
7050.0;11180.0;17570.0;27180.0;4023.0;5512.0;6280.0;10110.0;16030.0;25110.0;3746.0;5333.0;-6.0;-13.0;-5.0;-20.0
7150.0;11330.0;17770.0;27530.0;4056.0;5523.0;6230.0;9970.0;15800.0;24880.0;3754.0;5334.0;-4.0;-17.0;-5.0;-19.0
7070.0;11230.0;17600.0;27380.0;4021.0;5507.0;6270.0;10060.0;15940.0;25010.0;3737.0;5334.0;-4.0;-17.0;-5.0;-19.0
7030.0;11160.0;17490.0;27170.0;4002.0;5507.0;6250.0;10030.0;15850.0;24910.0;3740.0;5323.0;-4.0;-17.0;-5.0;-22.0
7180.0;11410.0;17850.0;27480.0;4060.0;5520.0;6330.0;10110.0;16000.0;25020.0;3762.0;5344.0;-4.0;-17.0;-3.0;-24.0
7080.0;11210.0;17560.0;27210.0;4004.0;5492.0;6310.0;10040.0;15800.0;24900.0;3726.0;5311.0;-4.0;-17.0;-3.0;-24.0
7070.0;11160.0;17550.0;27180.0;4000.0;5481.0;6220.0;9960.0;15760.0;24790.0;3720.0;5302.0;-2.0;-12.0;-3.0;-24.0
7060.0;11190.0;17550.0;27220.0;4016.0;5481.0;6350.0;10140.0;16040.0;25170.0;3752.0;5324.0;-8.0;-12.0;-7.0;-22.0
7130.0;11290.0;17680.0;27410.0;4043.0;5492.0;6300.0;10060.0;15930.0;25100.0;3741.0;5331.0;-7.0;-12.0;-7.0;-22.0
7040.0;11140.0;17550.0;27100.0;3998.0;5481.0;6290.0;10040.0;15920.0;24900.0;3738.0;5304.0;-7.0;-11.0;-7.0;-21.0
7060.0;11230.0;17570.0;27230.0;4007.0;5459.0;6220.0;9950.0;15760.0;24900.0;3709.0;5298.0;-2.0;-11.0;-2.0;-21.0
7070.0;11180.0;17500.0;27070.0;4000.0;5461.0;6270.0;10000.0;15800.0;24780.0;3716.0;5288.0;-6.0;-17.0;-2.0;-21.0
7100.0;11250.0;17610.0;27180.0;4007.0;5489.0;6260.0;10000.0;15890.0;24820.0;3733.0;5301.0;-2.0;-13.0;-2.0;-19.0
7170.0;11320.0;17820.0;27520.0;4044.0;5534.0;6300.0;10030.0;15900.0;25040.0;3745.0;5341.0;-1.0;-13.0;-6.0;-19.0
7250.0;11470.0;17970.0;27710.0;4072.0;5571.0;6450.0;10270.0;16310.0;25470.0;3781.0;5386.0;0.0;-17.0;-6.0;-21.0
7110.0;11280.0;17710.0;27450.0;4055.0;5528.0;6310.0;10080.0;15980.0;25070.0;3744.0;5361.0;0.0;-13.0;-6.0;-21.0
7110.0;11320.0;17690.0;27430.0;4038.0;5538.0;6330.0;10150.0;16130.0;25150.0;3765.0;5361.0;0.0;-12.0;-6.0;-22.0
7220.0;11420.0;17860.0;27610.0;4054.0;5542.0;6320.0;10110.0;15990.0;25200.0;3777.0;5365.0;-1.0;-12.0;-6.0;-24.0
7210.0;11410.0;17910.0;27670.0;4069.0;5555.0;6400.0;10150.0;16100.0;25230.0;3767.0;5379.0;-5.0;-12.0;-2.0;-24.0
7170.0;11360.0;17790.0;27530.0;4058.0;5549.0;6360.0;10130.0;16050.0;25230.0;3769.0;5374.0;-5.0;-12.0;-8.0;-24.0
7190.0;11450.0;17920.0;27620.0;4059.0;5565.0;6380.0;10230.0;16160.0;25360.0;3796.0;5385.0;-5.0;-14.0;-10.0;-24.0
7230.0;11430.0;17880.0;27740.0;4081.0;5585.0;6400.0;10220.0;16230.0;25470.0;3790.0;5414.0;-7.0;-14.0;-8.0;-24.0
7160.0;11360.0;17820.0;27550.0;4064.0;5534.0;6300.0;10130.0;16030.0;25200.0;3778.0;5378.0;-8.0;-11.0;-9.0;-24.0
7270.0;11500.0;17960.0;27740.0;4067.0;5549.0;6310.0;10070.0;15960.0;25150.0;3762.0;5369.0;-8.0;-14.0;-10.0;-24.0
7200.0;11370.0;17840.0;27640.0;4065.0;5550.0;6380.0;10190.0;16180.0;25430.0;3788.0;5400.0;-8.0;-14.0;-10.0;-24.0
7260.0;11510.0;18030.0;27820.0;4091.0;5590.0;6410.0;10240.0;16200.0;25410.0;3812.0;5384.0;-8.0;-13.0;-9.0;-23.0
7230.0;11430.0;17930.0;27830.0;4088.0;5581.0;6420.0;10210.0;16080.0;25270.0;3778.0;5390.0;-10.0;-14.0;-10.0;-20.0
7170.0;11400.0;17810.0;27610.0;4072.0;5576.0;6390.0;10200.0;16150.0;25330.0;3793.0;5406.0;-12.0;-14.0;-10.0;-20.0
7340.0;11570.0;18140.0;28040.0;4094.0;5593.0;6350.0;10170.0;16170.0;25310.0;3799.0;5411.0;-12.0;-14.0;-10.0;-18.0
7260.0;11470.0;17940.0;27800.0;4106.0;5606.0;6360.0;10130.0;16050.0;25210.0;3791.0;5423.0;-7.0;-13.0;-10.0;-18.0
7270.0;11490.0;18050.0;27870.0;4103.0;5590.0;6420.0;10260.0;16220.0;25520.0;3815.0;5425.0;-7.0;-11.0;-10.0;-20.0
7350.0;11620.0;18270.0;28150.0;4128.0;5632.0;6440.0;10290.0;16370.0;25610.0;3849.0;5462.0;0.0;-11.0;-10.0;-21.0
7250.0;11520.0;18100.0;28000.0;4129.0;5632.0;6470.0;10380.0;16420.0;25650.0;3813.0;5444.0;0.0;-11.0;-9.0;-24.0
7310.0;11540.0;18120.0;28050.0;4139.0;5638.0;6440.0;10290.0;16370.0;25670.0;3838.0;5470.0;1.0;-13.0;-9.0;-24.0
7320.0;11580.0;18190.0;28240.0;4128.0;5628.0;6480.0;10330.0;16300.0;25620.0;3826.0;5437.0;2.0;-13.0;-2.0;-24.0
7330.0;11620.0;18250.0;28220.0;4138.0;5634.0;6430.0;10240.0;16300.0;25620.0;3842.0;5437.0;2.0;-13.0;-9.0;-23.0
7300.0;11560.0;18140.0;28040.0;4123.0;5616.0;6490.0;10350.0;16330.0;25650.0;3847.0;5455.0;2.0;-14.0;-8.0;-24.0
7300.0;11560.0;18140.0;28160.0;4119.0;5608.0;6400.0;10220.0;16190.0;25500.0;3813.0;5439.0;-4.0;-12.0;-8.0;-23.0
7240.0;11480.0;18040.0;27830.0;4108.0;5613.0;6510.0;10380.0;16330.0;25510.0;3823.0;5451.0;-4.0;-9.0;-8.0;-20.0
7280.0;11520.0;18080.0;27910.0;4109.0;5599.0;6440.0;10290.0;16370.0;25630.0;3819.0;5444.0;-4.0;-9.0;-10.0;-20.0
7240.0;11470.0;17960.0;27840.0;4089.0;5566.0;6340.0;10090.0;16020.0;25130.0;3770.0;5382.0;-6.0;-15.0;-9.0;-19.0
7290.0;11510.0;18100.0;27790.0;4076.0;5595.0;6420.0;10240.0;16230.0;25570.0;3805.0;5424.0;-6.0;-9.0;-9.0;-18.0
7180.0;11390.0;17930.0;27760.0;4065.0;5586.0;6410.0;10190.0;16090.0;25490.0;3795.0;5403.0;-1.0;-15.0;-5.0;-19.0
7300.0;11540.0;18080.0;27920.0;4106.0;5598.0;6430.0;10240.0;16180.0;25450.0;3804.0;5411.0;-6.0;-15.0;-9.0;-19.0
7150.0;11360.0;17780.0;27580.0;4081.0;5593.0;6450.0;10240.0;16190.0;25370.0;3793.0;5424.0;-6.0;-15.0;-8.0;-23.0
7300.0;11490.0;18060.0;27830.0;4097.0;5591.0;6410.0;10230.0;16160.0;25340.0;3810.0;5439.0;-6.0;-15.0;-3.0;-23.0
7270.0;11530.0;18030.0;27810.0;4087.0;5600.0;6430.0;10270.0;16300.0;25590.0;3820.0;5410.0;-8.0;-15.0;-6.0;-23.0
7220.0;11430.0;17990.0;27790.0;4104.0;5597.0;6440.0;10290.0;16240.0;25440.0;3796.0;5423.0;-9.0;-12.0;-8.0;-23.0
7280.0;11520.0;18070.0;27930.0;4118.0;5613.0;6400.0;10170.0;16140.0;25370.0;3800.0;5429.0;-8.0;-12.0;-8.0;-23.0
7270.0;11500.0;18050.0;27870.0;4089.0;5604.0;6450.0;10310.0;16330.0;25510.0;3816.0;5442.0;-8.0;-11.0;-6.0;-26.0
7270.0;11480.0;18080.0;27960.0;4096.0;5617.0;6450.0;10260.0;16240.0;25590.0;3835.0;5440.0;-8.0;-11.0;-6.0;-26.0
7250.0;11510.0;18040.0;27910.0;4115.0;5614.0;6420.0;10260.0;16230.0;25490.0;3811.0;5419.0;-3.0;-12.0;-3.0;-25.0
7380.0;11660.0;18220.0;28000.0;4121.0;5627.0;6420.0;10280.0;16210.0;25560.0;3822.0;5457.0;-3.0;-14.0;-2.0;-25.0
7310.0;11540.0;18060.0;27880.0;4102.0;5602.0;6450.0;10320.0;16340.0;25540.0;3828.0;5436.0;-4.0;-14.0;-2.0;-25.0
7200.0;11420.0;17920.0;27720.0;4081.0;5603.0;6430.0;10270.0;16230.0;25430.0;3807.0;5419.0;-4.0;-15.0;-2.0;-24.0
7310.0;11550.0;18110.0;28020.0;4118.0;5617.0;6460.0;10290.0;16290.0;25540.0;3821.0;5443.0;-8.0;-15.0;-7.0;-24.0
7270.0;11510.0;18050.0;27820.0;4106.0;5601.0;6430.0;10240.0;16210.0;25500.0;3827.0;5433.0;-8.0;-14.0;-7.0;-24.0
7350.0;11630.0;18200.0;28020.0;4118.0;5602.0;6460.0;10300.0;16290.0;25620.0;3830.0;5422.0;-8.0;-14.0;-7.0;-24.0
7320.0;11520.0;18110.0;27880.0;4097.0;5597.0;6430.0;10230.0;16230.0;25460.0;3809.0;5412.0;-6.0;-12.0;-7.0;-24.0
7330.0;11560.0;18100.0;28010.0;4123.0;5612.0;6460.0;10280.0;16280.0;25500.0;3817.0;5436.0;-6.0;-11.0;-4.0;-26.0
7400.0;11720.0;18220.0;28020.0;4128.0;5637.0;6490.0;10370.0;16390.0;25670.0;3829.0;5445.0;-6.0;-11.0;-4.0;-24.0
7430.0;11710.0;18290.0;28160.0;4120.0;5641.0;6500.0;10350.0;16380.0;25680.0;3848.0;5465.0;-6.0;-14.0;-6.0;-26.0
7340.0;11620.0;18150.0;28140.0;4123.0;5625.0;6430.0;10240.0;16220.0;25540.0;3824.0;5441.0;-6.0;-18.0;-2.0;-26.0
7360.0;11660.0;18240.0;28100.0;4133.0;5631.0;6510.0;10410.0;16440.0;25740.0;3837.0;5470.0;-7.0;-18.0;-6.0;-26.0
7310.0;11590.0;18120.0;27970.0;4117.0;5622.0;6510.0;10370.0;16390.0;25670.0;3820.0;5454.0;-6.0;-18.0;-6.0;-24.0
7320.0;11570.0;18120.0;27830.0;4112.0;5617.0;6480.0;10340.0;16330.0;25650.0;3825.0;5445.0;-6.0;-16.0;-2.0;-19.0
7390.0;11690.0;18240.0;28050.0;4140.0;5635.0;6540.0;10430.0;16510.0;25840.0;3850.0;5460.0;-8.0;-16.0;-1.0;-19.0
7320.0;11570.0;18150.0;28070.0;4125.0;5645.0;6510.0;10390.0;16480.0;25760.0;3843.0;5460.0;-8.0;-14.0;-1.0;-19.0
7340.0;11610.0;18200.0;28110.0;4144.0;5652.0;6540.0;10390.0;16420.0;25730.0;3850.0;5487.0;-8.0;-6.0;-1.0;-22.0
7410.0;11720.0;18300.0;28270.0;4171.0;5680.0;6560.0;10410.0;16430.0;25730.0;3854.0;5491.0;-8.0;-6.0;-10.0;-22.0
7500.0;11850.0;18450.0;28360.0;4168.0;5692.0;6630.0;10530.0;16680.0;26070.0;3890.0;5497.0;-8.0;-10.0;-10.0;-24.0
7480.0;11820.0;18480.0;28510.0;4175.0;5694.0;6530.0;10380.0;16400.0;25670.0;3859.0;5478.0;-6.0;-10.0;-10.0;-22.0
7380.0;11650.0;18200.0;28140.0;4126.0;5640.0;6510.0;10390.0;16420.0;25660.0;3854.0;5470.0;-6.0;-12.0;-9.0;-22.0
7340.0;11600.0;18130.0;27970.0;4114.0;5596.0;6530.0;10370.0;16380.0;25640.0;3814.0;5459.0;-6.0;-13.0;-9.0;-22.0
7360.0;11650.0;18250.0;28070.0;4128.0;5636.0;6490.0;10360.0;16360.0;25720.0;3842.0;5478.0;-4.0;-13.0;-1.0;-25.0
7430.0;11750.0;18290.0;28250.0;4136.0;5657.0;6480.0;10320.0;16400.0;25660.0;3837.0;5439.0;0.0;-13.0;-1.0;-25.0
7350.0;11630.0;18240.0;28130.0;4128.0;5642.0;6520.0;10350.0;16310.0;25540.0;3839.0;5467.0;2.0;-14.0;-1.0;-25.0
7290.0;11560.0;18070.0;27940.0;4103.0;5613.0;6520.0;10400.0;16480.0;25830.0;3862.0;5464.0;2.0;-13.0;-4.0;-25.0
7460.0;11740.0;18270.0;28220.0;4142.0;5657.0;6550.0;10440.0;16460.0;25770.0;3844.0;5483.0;0.0;-11.0;-4.0;-25.0
7290.0;11570.0;18200.0;27990.0;4121.0;5648.0;6490.0;10370.0;16410.0;25680.0;3833.0;5467.0;-3.0;-15.0;-9.0;-26.0
7410.0;11630.0;18200.0;28080.0;4122.0;5656.0;6590.0;10440.0;16480.0;25720.0;3846.0;5457.0;-3.0;-15.0;-9.0;-25.0
7420.0;11730.0;18330.0;28250.0;4143.0;5652.0;6560.0;10450.0;16510.0;25830.0;3849.0;5478.0;-7.0;-15.0;-9.0;-26.0
7340.0;11600.0;18160.0;28130.0;4150.0;5649.0;6500.0;10330.0;16330.0;25660.0;3848.0;5470.0;-13.0;-16.0;-13.0;-27.0
7360.0;11610.0;18210.0;28110.0;4132.0;5657.0;6580.0;10460.0;16480.0;25720.0;3851.0;5466.0;-13.0;-16.0;-11.0;-27.0
7280.0;11500.0;18030.0;27890.0;4105.0;5622.0;6470.0;10290.0;16240.0;25550.0;3834.0;5452.0;-7.0;-15.0;-9.0;-24.0
7390.0;11670.0;18300.0;28170.0;4140.0;5641.0;6470.0;10350.0;16390.0;25820.0;3843.0;5473.0;-7.0;-14.0;-9.0;-24.0
7420.0;11720.0;18350.0;28190.0;4144.0;5675.0;6590.0;10490.0;16610.0;25950.0;3874.0;5502.0;-6.0;-12.0;-9.0;-24.0
7500.0;11780.0;18460.0;28450.0;4180.0;5679.0;6590.0;10520.0;16590.0;25850.0;3884.0;5499.0;-6.0;-11.0;-9.0;-23.0
7420.0;11730.0;18390.0;28300.0;4169.0;5675.0;6660.0;10590.0;16730.0;25980.0;3872.0;5525.0;-6.0;-11.0;-7.0;-24.0
7420.0;11750.0;18330.0;28320.0;4162.0;5707.0;6600.0;10500.0;16630.0;25930.0;3868.0;5512.0;-6.0;-11.0;-7.0;-25.0
7460.0;11780.0;18460.0;28490.0;4175.0;5663.0;6510.0;10370.0;16370.0;25720.0;3859.0;5490.0;-6.0;-12.0;-6.0;-25.0
7350.0;11620.0;18190.0;28050.0;4124.0;5644.0;6520.0;10420.0;16460.0;25730.0;3851.0;5475.0;-6.0;-13.0;-6.0;-21.0
7410.0;11740.0;18360.0;28410.0;4168.0;5684.0;6530.0;10390.0;16520.0;25870.0;3868.0;5494.0;-6.0;-13.0;-6.0;-28.0
7410.0;11740.0;18420.0;28280.0;4151.0;5668.0;6570.0;10490.0;16520.0;25890.0;3861.0;5499.0;-11.0;-13.0;-10.0;-21.0
7380.0;11660.0;18320.0;28220.0;4146.0;5683.0;6540.0;10430.0;16500.0;25830.0;3868.0;5503.0;-11.0;-13.0;-10.0;-21.0
7300.0;11540.0;18070.0;27880.0;4105.0;5622.0;6510.0;10350.0;16360.0;25620.0;3834.0;5459.0;-12.0;-13.0;-11.0;-25.0
7310.0;11560.0;18250.0;28070.0;4138.0;5654.0;6510.0;10430.0;16450.0;25660.0;3846.0;5443.0;-12.0;-17.0;-11.0;-25.0
7370.0;11590.0;18210.0;28050.0;4117.0;5633.0;6510.0;10400.0;16410.0;25760.0;3849.0;5461.0;-12.0;-17.0;-11.0;-25.0
7430.0;11680.0;18190.0;28060.0;4128.0;5633.0;6560.0;10430.0;16460.0;25620.0;3831.0;5463.0;-9.0;-16.0;-11.0;-25.0
7390.0;11680.0;18240.0;28120.0;4138.0;5654.0;6520.0;10410.0;16430.0;25760.0;3855.0;5470.0;-8.0;-16.0;-5.0;-24.0
7400.0;11670.0;18280.0;28160.0;4144.0;5655.0;6580.0;10500.0;16580.0;25920.0;3868.0;5490.0;-6.0;-12.0;-4.0;-24.0
7370.0;11650.0;18130.0;28150.0;4124.0;5648.0;6550.0;10470.0;16460.0;25720.0;3848.0;5476.0;-5.0;-12.0;-2.0;-24.0
7310.0;11570.0;18050.0;27910.0;4122.0;5618.0;6470.0;10300.0;16370.0;25590.0;3841.0;5471.0;-5.0;-11.0;-2.0;-24.0
7340.0;11620.0;18250.0;28140.0;4120.0;5612.0;6470.0;10320.0;16290.0;25500.0;3817.0;5447.0;1.0;-12.0;0.0;-24.0
7320.0;11600.0;18140.0;28010.0;4100.0;5626.0;6560.0;10450.0;16530.0;25930.0;3858.0;5465.0;1.0;-17.0;0.0;-25.0
7410.0;11660.0;18240.0;28180.0;4119.0;5655.0;6520.0;10390.0;16470.0;25760.0;3843.0;5468.0;1.0;-17.0;-6.0;-25.0
7370.0;11650.0;18200.0;28070.0;4129.0;5647.0;6580.0;10440.0;16510.0;25870.0;3868.0;5481.0;1.0;-14.0;-8.0;-25.0
7430.0;11720.0;18410.0;28330.0;4159.0;5673.0;6570.0;10440.0;16490.0;25830.0;3861.0;5489.0;5.0;-14.0;-8.0;-25.0
7420.0;11710.0;18380.0;28270.0;4139.0;5668.0;6530.0;10430.0;16420.0;25800.0;3842.0;5482.0;-5.0;-14.0;-10.0;-25.0
7260.0;11500.0;17970.0;27860.0;4103.0;5635.0;6580.0;10470.0;16580.0;25810.0;3850.0;5476.0;-5.0;-14.0;-11.0;-23.0
7470.0;11770.0;18330.0;28280.0;4156.0;5667.0;6630.0;10490.0;16620.0;25920.0;3882.0;5498.0;-6.0;-12.0;-11.0;-22.0
7430.0;11780.0;18420.0;28270.0;4178.0;5682.0;6560.0;10440.0;16510.0;25910.0;3868.0;5492.0;-6.0;-15.0;-11.0;-23.0
7530.0;11880.0;18620.0;28620.0;4184.0;5689.0;6570.0;10420.0;16480.0;25840.0;3880.0;5509.0;-10.0;-18.0;-11.0;-23.0
7480.0;11780.0;18460.0;28380.0;4172.0;5677.0;6560.0;10420.0;16470.0;25880.0;3866.0;5500.0;-6.0;-18.0;-11.0;-23.0
7440.0;11750.0;18340.0;28300.0;4169.0;5687.0;6640.0;10470.0;16610.0;25980.0;3877.0;5504.0;-5.0;-18.0;-8.0;-26.0
7470.0;11820.0;18450.0;28400.0;4181.0;5710.0;6660.0;10570.0;16760.0;26070.0;3884.0;5521.0;-5.0;-18.0;-8.0;-26.0
7420.0;11740.0;18360.0;28270.0;4167.0;5672.0;6620.0;10500.0;16630.0;26040.0;3876.0;5495.0;-10.0;-13.0;-11.0;-27.0
7500.0;11840.0;18480.0;28520.0;4195.0;5713.0;6630.0;10500.0;16580.0;26000.0;3886.0;5526.0;-9.0;-13.0;-11.0;-26.0
7450.0;11750.0;18390.0;28330.0;4163.0;5700.0;6620.0;10520.0;16650.0;26110.0;3878.0;5555.0;-9.0;-13.0;-10.0;-26.0
7460.0;11800.0;18430.0;28410.0;4179.0;5710.0;6640.0;10540.0;16630.0;26040.0;3876.0;5534.0;-11.0;-15.0;-10.0;-23.0
7460.0;11780.0;18420.0;28390.0;4166.0;5700.0;6590.0;10470.0;16560.0;26050.0;3878.0;5525.0;-11.0;-15.0;-10.0;-23.0
7430.0;11760.0;18400.0;28400.0;4176.0;5693.0;6580.0;10450.0;16520.0;26010.0;3890.0;5509.0;-9.0;-17.0;-3.0;-21.0
7460.0;11780.0;18480.0;28490.0;4173.0;5689.0;6530.0;10440.0;16520.0;25900.0;3872.0;5504.0;-8.0;-17.0;0.0;-22.0
7370.0;11610.0;18200.0;28060.0;4129.0;5645.0;6570.0;10430.0;16420.0;25750.0;3867.0;5470.0;-8.0;-17.0;0.0;-21.0
7470.0;11790.0;18400.0;28410.0;4158.0;5669.0;6610.0;10480.0;16620.0;25940.0;3859.0;5496.0;-8.0;-17.0;-3.0;-22.0
7450.0;11780.0;18370.0;28330.0;4176.0;5689.0;6590.0;10500.0;16610.0;25960.0;3881.0;5523.0;-5.0;-17.0;-3.0;-21.0
7440.0;11780.0;18440.0;28430.0;4168.0;5698.0;6650.0;10570.0;16650.0;26020.0;3896.0;5510.0;-5.0;-14.0;-3.0;-22.0
7470.0;11840.0;18430.0;28550.0;4171.0;5712.0;6630.0;10590.0;16720.0;26160.0;3905.0;5544.0;-5.0;-17.0;-11.0;-21.0
7510.0;11870.0;18490.0;28590.0;4190.0;5717.0;6620.0;10530.0;16610.0;26040.0;3885.0;5548.0;-5.0;-16.0;-11.0;-22.0
7480.0;11820.0;18470.0;28390.0;4173.0;5709.0;6590.0;10510.0;16610.0;25950.0;3886.0;5525.0;-5.0;-14.0;-11.0;-22.0
7560.0;11930.0;18690.0;28520.0;4191.0;5728.0;6670.0;10580.0;16680.0;26100.0;3899.0;5558.0;-7.0;-16.0;-8.0;-22.0
7510.0;11830.0;18530.0;28560.0;4190.0;5692.0;6590.0;10470.0;16550.0;25980.0;3890.0;5528.0;-7.0;-16.0;-11.0;-22.0
7490.0;11830.0;18450.0;28480.0;4169.0;5690.0;6620.0;10530.0;16580.0;26050.0;3891.0;5515.0;-7.0;-14.0;-8.0;-22.0
7500.0;11820.0;18510.0;28490.0;4175.0;5705.0;6640.0;10590.0;16730.0;26200.0;3899.0;5532.0;-8.0;-14.0;-9.0;-22.0
7540.0;11900.0;18540.0;28450.0;4186.0;5725.0;6670.0;10580.0;16660.0;26030.0;3887.0;5543.0;-8.0;-14.0;-8.0;-22.0
7520.0;11870.0;18530.0;28560.0;4192.0;5731.0;6680.0;10690.0;16830.0;26170.0;3904.0;5545.0;-9.0;-14.0;-6.0;-23.0
7540.0;11890.0;18610.0;28550.0;4201.0;5741.0;6690.0;10640.0;16780.0;26270.0;3904.0;5562.0;-8.0;-12.0;-4.0;-23.0
7420.0;11720.0;18340.0;28330.0;4157.0;5678.0;6610.0;10510.0;16560.0;25960.0;3866.0;5516.0;-8.0;-14.0;-6.0;-23.0
7490.0;11810.0;18480.0;28560.0;4196.0;5721.0;6710.0;10640.0;16730.0;26270.0;3910.0;5549.0;-7.0;-12.0;-4.0;-23.0
7580.0;11920.0;18680.0;28630.0;4204.0;5741.0;6700.0;10630.0;16880.0;26210.0;3915.0;5548.0;-10.0;-10.0;-6.0;-20.0
7550.0;11860.0;18520.0;28600.0;4193.0;5741.0;6720.0;10640.0;16750.0;26240.0;3911.0;5556.0;-10.0;-12.0;-14.0;-19.0
7490.0;11850.0;18510.0;28480.0;4171.0;5722.0;6700.0;10600.0;16810.0;26070.0;3895.0;5544.0;-19.0;-12.0;-18.0;-9.0
7180.0;11280.0;17510.0;26820.0;3930.0;5399.0;6300.0;10010.0;15770.0;24340.0;3620.0;5170.0;-22.0;-6.0;-33.0;46.0
6230.0;9830.0;15320.0;23560.0;3489.0;4957.0;5930.0;9350.0;14650.0;22650.0;3379.0;4833.0;-23.0;-1.0;-33.0;45.0
5810.0;9120.0;14220.0;21960.0;3279.0;4668.0;5590.0;8790.0;13800.0;21330.0;3171.0;4567.0;-23.0;2.0;-33.0;45.0
5470.0;8620.0;13410.0;20810.0;3098.0;4457.0;5340.0;8390.0;13120.0;20460.0;3046.0;4389.0;-22.0;11.0;-33.0;52.0
5320.0;8320.0;12960.0;20120.0;3005.0;4289.0;5140.0;8110.0;12610.0;19480.0;2909.0;4192.0;-16.0;11.0;-33.0;41.0
4990.0;7800.0;12250.0;18900.0;2815.0;4059.0;4870.0;7660.0;11940.0;18600.0;2763.0;4015.0;-16.0;11.0;-33.0;55.0
4780.0;7480.0;11640.0;18040.0;2702.0;3886.0;4670.0;7320.0;11460.0;17770.0;2663.0;3831.0;-16.0;12.0;-39.0;51.0
4690.0;7350.0;11420.0;17700.0;2629.0;3778.0;4550.0;7150.0;11180.0;17340.0;2566.0;3699.0;-16.0;11.0;-39.0;52.0
4460.0;6980.0;10850.0;16770.0;2502.0;3617.0;4370.0;6860.0;10720.0;16720.0;2475.0;3581.0;-16.0;6.0;-39.0;54.0
4440.0;6920.0;10780.0;16580.0;2477.0;3569.0;4270.0;6700.0;10430.0;16300.0;2435.0;3504.0;-16.0;6.0;-39.0;50.0
4320.0;6740.0;10480.0;16150.0;2402.0;3446.0;4140.0;6480.0;10130.0;15820.0;2349.0;3387.0;-18.0;11.0;-39.0;57.0
4140.0;6470.0;10050.0;15480.0;2304.0;3314.0;4020.0;6350.0;9890.0;15260.0;2274.0;3281.0;-16.0;8.0;-38.0;62.0
4090.0;6390.0;9940.0;15470.0;2300.0;3295.0;3930.0;6170.0;9660.0;14990.0;2250.0;3256.0;-16.0;8.0;-41.0;59.0
4020.0;6290.0;9810.0;15120.0;2264.0;3249.0;3870.0;6070.0;9530.0;14800.0;2224.0;3213.0;-21.0;8.0;-41.0;57.0
4030.0;6290.0;9800.0;15120.0;2251.0;3231.0;3840.0;6070.0;9490.0;14840.0;2215.0;3196.0;-22.0;10.0;-41.0;63.0
3970.0;6220.0;9700.0;15040.0;2245.0;3218.0;3790.0;5990.0;9350.0;14580.0;2182.0;3156.0;-22.0;11.0;-43.0;52.0
3870.0;6030.0;9430.0;14580.0;2177.0;3139.0;3710.0;5830.0;9150.0;14240.0;2132.0;3104.0;-23.0;6.0;-43.0;56.0
3790.0;5950.0;9240.0;14320.0;2131.0;3068.0;3570.0;5660.0;8860.0;13890.0;2069.0;3015.0;-23.0;6.0;-43.0;51.0
3550.0;5540.0;8680.0;13450.0;2011.0;2905.0;3400.0;5350.0;8390.0;13100.0;1967.0;2847.0;-23.0;6.0;-40.0;50.0
3340.0;5230.0;8170.0;12620.0;1897.0;2742.0;3230.0;5090.0;7970.0;12470.0;1871.0;2711.0;-15.0;11.0;-38.0;50.0
3240.0;5080.0;7940.0;12330.0;1857.0;2701.0;3170.0;5000.0;7840.0;12300.0;1845.0;2689.0;-15.0;14.0;-38.0;47.0
3250.0;5090.0;7960.0;12450.0;1863.0;2696.0;3150.0;4950.0;7780.0;12190.0;1835.0;2660.0;-15.0;13.0;-38.0;49.0
3160.0;4960.0;7750.0;12120.0;1821.0;2628.0;3040.0;4830.0;7600.0;11910.0;1792.0;2612.0;-20.0;13.0;-44.0;52.0
3110.0;4920.0;7730.0;12070.0;1806.0;2622.0;3000.0;4790.0;7530.0;11780.0;1770.0;2581.0;-20.0;10.0;-44.0;60.0
3030.0;4760.0;7470.0;11600.0;1744.0;2520.0;2880.0;4600.0;7240.0;11380.0;1713.0;2489.0;-20.0;14.0;-46.0;52.0
2960.0;4650.0;7270.0;11360.0;1703.0;2463.0;2790.0;4450.0;7020.0;11090.0;1674.0;2447.0;-20.0;13.0;-46.0;56.0
2920.0;4600.0;7210.0;11270.0;1693.0;2433.0;2740.0;4370.0;6880.0;10830.0;1643.0;2393.0;-21.0;12.0;-44.0;55.0
2750.0;4300.0;6810.0;10600.0;1590.0;2308.0;2620.0;4170.0;6630.0;10330.0;1545.0;2255.0;-21.0;12.0;-44.0;60.0
2540.0;4030.0;6340.0;9870.0;1488.0;2164.0;2440.0;3890.0;6130.0;9700.0;1453.0;2115.0;-25.0;9.0;-39.0;61.0
2350.0;3720.0;5850.0;9070.0;1363.0;1995.0;2250.0;3610.0;5710.0;8960.0;1358.0;1959.0;-16.0;9.0;-39.0;55.0
2170.0;3440.0;5420.0;8440.0;1269.0;1849.0;2090.0;3320.0;5250.0;8250.0;1248.0;1826.0;-14.0;5.0;-39.0;49.0
2120.0;3350.0;5290.0;8270.0;1242.0;1802.0;2000.0;3220.0;5090.0;8060.0;1213.0;1772.0;-14.0;5.0;-39.0;61.0
2010.0;3180.0;5030.0;7850.0;1178.0;1720.0;1930.0;3110.0;4900.0;7730.0;1166.0;1697.0;-14.0;6.0;-39.0;64.0
2000.0;3170.0;5020.0;7810.0;1175.0;1699.0;1870.0;3010.0;4760.0;7620.0;1150.0;1683.0;-14.0;3.0;-40.0;53.0
1940.0;3060.0;4840.0;7530.0;1140.0;1662.0;1830.0;2930.0;4630.0;7410.0;1127.0;1649.0;-13.0;3.0;-42.0;50.0
1900.0;3000.0;4750.0;7410.0;1118.0;1635.0;1790.0;2890.0;4590.0;7240.0;1102.0;1609.0;-15.0;5.0;-42.0;66.0
1770.0;2810.0;4450.0;7000.0;1062.0;1553.0;1700.0;2740.0;4360.0;6930.0;1045.0;1549.0;-13.0;5.0;-42.0;56.0
1730.0;2750.0;4370.0;6840.0;1039.0;1513.0;1630.0;2660.0;4220.0;6780.0;1027.0;1499.0;-15.0;11.0;-42.0;51.0
1720.0;2750.0;4350.0;6840.0;1041.0;1514.0;1620.0;2600.0;4200.0;6680.0;1017.0;1497.0;-14.0;13.0;-39.0;54.0
1660.0;2680.0;4270.0;6720.0;1027.0;1509.0;1600.0;2610.0;4180.0;6680.0;1016.0;1500.0;-15.0;11.0;-39.0;59.0
1690.0;2710.0;4300.0;6850.0;1041.0;1528.0;1620.0;2640.0;4260.0;6850.0;1044.0;1543.0;-18.0;6.0;-39.0;54.0
1840.0;2960.0;4750.0;7510.0;1155.0;1685.0;1730.0;2830.0;4590.0;7430.0;1145.0;1709.0;-18.0;6.0;-40.0;58.0
1990.0;3220.0;5170.0;8230.0;1266.0;1864.0;1870.0;3120.0;5020.0;8140.0;1249.0;1876.0;-18.0;6.0;-40.0;52.0
2030.0;3310.0;5320.0;8470.0;1306.0;1916.0;1900.0;3140.0;5090.0;8240.0;1274.0;1884.0;-18.0;14.0;-40.0;61.0
2010.0;3250.0;5220.0;8360.0;1282.0;1883.0;1850.0;3070.0;4950.0;7990.0;1243.0;1842.0;-18.0;14.0;-40.0;55.0
1960.0;3170.0;5100.0;8170.0;1246.0;1829.0;1790.0;2960.0;4810.0;7770.0;1206.0;1794.0;-23.0;18.0;-41.0;60.0
1900.0;3100.0;4950.0;7880.0;1206.0;1771.0;1740.0;2880.0;4700.0;7600.0;1158.0;1730.0;-23.0;5.0;-41.0;63.0
1840.0;2970.0;4770.0;7590.0;1164.0;1699.0;1670.0;2770.0;4490.0;7250.0;1123.0;1658.0;-23.0;15.0;-41.0;59.0
1720.0;2810.0;4530.0;7170.0;1099.0;1638.0;1610.0;2670.0;4370.0;7050.0;1076.0;1593.0;-24.0;17.0;-41.0;56.0
1680.0;2710.0;4370.0;6920.0;1075.0;1582.0;1580.0;2630.0;4290.0;6910.0;1054.0;1560.0;-19.0;15.0;-38.0;53.0
1630.0;2650.0;4270.0;6820.0;1053.0;1554.0;1510.0;2490.0;4060.0;6640.0;1024.0;1526.0;-15.0;13.0;-36.0;62.0
1630.0;2640.0;4280.0;6790.0;1042.0;1536.0;1490.0;2470.0;4050.0;6570.0;1020.0;1509.0;-15.0;12.0;-35.0;60.0
1620.0;2630.0;4230.0;6760.0;1041.0;1532.0;1480.0;2450.0;4020.0;6500.0;1005.0;1498.0;-17.0;13.0;-36.0;51.0
1550.0;2520.0;4070.0;6500.0;1005.0;1482.0;1440.0;2390.0;3910.0;6340.0;977.0;1456.0;-17.0;12.0;-36.0;45.0
1530.0;2480.0;4050.0;6480.0;994.0;1477.0;1420.0;2360.0;3860.0;6290.0;970.0;1443.0;-14.0;8.0;-35.0;57.0
1490.0;2440.0;3920.0;6260.0;973.0;1440.0;1410.0;2340.0;3810.0;6240.0;950.0;1427.0;-17.0;12.0;-38.0;50.0
1440.0;2360.0;3820.0;6110.0;934.0;1397.0;1350.0;2240.0;3670.0;5950.0;919.0;1372.0;-19.0;16.0;-47.0;58.0
1360.0;2200.0;3570.0;5670.0;875.0;1294.0;1240.0;2080.0;3400.0;5590.0;851.0;1263.0;-20.0;14.0;-47.0;56.0
1280.0;2070.0;3320.0;5270.0;806.0;1197.0;1160.0;1920.0;3120.0;5090.0;774.0;1156.0;-19.0;11.0;-38.0;58.0
1100.0;1780.0;2880.0;4620.0;711.0;1064.0;1050.0;1750.0;2860.0;4660.0;709.0;1069.0;-20.0;7.0;-47.0;53.0
1060.0;1740.0;2820.0;4540.0;721.0;1122.0;1090.0;1810.0;3000.0;4900.0;767.0;1159.0;-19.0;9.0;-40.0;50.0
1170.0;1930.0;3100.0;5000.0;774.0;1162.0;1090.0;1830.0;2990.0;4870.0;758.0;1134.0;-20.0;7.0;-40.0;54.0
1110.0;1840.0;2970.0;4720.0;736.0;1116.0;1050.0;1800.0;2940.0;4830.0;746.0;1128.0;-25.0;9.0;-41.0;60.0
1130.0;1850.0;3010.0;4850.0;753.0;1139.0;1080.0;1810.0;2990.0;4880.0;763.0;1152.0;-25.0;15.0;-41.0;61.0
1210.0;1980.0;3230.0;5180.0;801.0;1191.0;1070.0;1820.0;2980.0;4920.0;765.0;1147.0;-25.0;15.0;-41.0;52.0
1140.0;1870.0;3060.0;4890.0;764.0;1149.0;1060.0;1820.0;2960.0;4910.0;770.0;1150.0;-25.0;18.0;-41.0;52.0
1250.0;2050.0;3340.0;5360.0;839.0;1237.0;1110.0;1870.0;3100.0;5130.0;807.0;1215.0;-18.0;14.0;-37.0;61.0
1230.0;2020.0;3320.0;5330.0;834.0;1253.0;1130.0;1910.0;3100.0;5110.0;791.0;1199.0;-18.0;9.0;-37.0;52.0
990.0;1640.0;2680.0;4300.0;672.0;1034.0;960.0;1600.0;2670.0;4370.0;679.0;1022.0;-21.0;8.0;-44.0;66.0
1030.0;1680.0;2730.0;4340.0;682.0;1031.0;950.0;1600.0;2640.0;4380.0;686.0;1034.0;-21.0;5.0;-44.0;47.0
1060.0;1730.0;2810.0;4530.0;710.0;1086.0;970.0;1620.0;2740.0;4560.0;708.0;1076.0;-23.0;7.0;-46.0;55.0
1060.0;1760.0;2850.0;4630.0;723.0;1085.0;950.0;1650.0;2740.0;4510.0;708.0;1069.0;-23.0;7.0;-46.0;58.0
1050.0;1730.0;2810.0;4570.0;709.0;1067.0;970.0;1650.0;2760.0;4520.0;703.0;1065.0;-29.0;11.0;-46.0;52.0
1070.0;1750.0;2850.0;4540.0;707.0;1070.0;960.0;1650.0;2740.0;4520.0;701.0;1044.0;-23.0;14.0;-42.0;53.0
1070.0;1770.0;2860.0;4610.0;722.0;1083.0;960.0;1620.0;2720.0;4500.0;696.0;1062.0;-16.0;9.0;-42.0;61.0
1020.0;1670.0;2730.0;4390.0;687.0;1029.0;900.0;1530.0;2530.0;4220.0;653.0;988.0;-16.0;9.0;-40.0;54.0
890.0;1460.0;2390.0;3850.0;596.0;901.0;810.0;1380.0;2280.0;3770.0;580.0;874.0;-17.0;7.0;-40.0;62.0
770.0;1270.0;2070.0;3320.0;510.0;767.0;730.0;1240.0;2050.0;3380.0;515.0;758.0;-16.0;9.0;-40.0;61.0
760.0;1240.0;2010.0;3180.0;487.0;729.0;670.0;1150.0;1910.0;3140.0;476.0;706.0;-17.0;9.0;-35.0;64.0
690.0;1140.0;1820.0;2900.0;449.0;666.0;620.0;1040.0;1730.0;2840.0;439.0;660.0;-17.0;8.0;-35.0;57.0
760.0;1230.0;2010.0;3240.0;507.0;764.0;700.0;1180.0;1970.0;3320.0;526.0;796.0;-17.0;7.0;-38.0;57.0
910.0;1510.0;2470.0;3980.0;629.0;952.0;830.0;1420.0;2400.0;4030.0;636.0;970.0;-17.0;8.0;-40.0;44.0
1080.0;1780.0;2950.0;4800.0;756.0;1119.0;910.0;1570.0;2670.0;4500.0;719.0;1106.0;-17.0;8.0;-38.0;57.0
1120.0;1840.0;3040.0;4990.0;793.0;1206.0;1010.0;1740.0;2930.0;4940.0;787.0;1210.0;-18.0;9.0;-38.0;56.0
1170.0;1930.0;3190.0;5240.0;838.0;1273.0;1040.0;1790.0;2990.0;5090.0;813.0;1237.0;-18.0;14.0;-38.0;52.0
1180.0;1970.0;3230.0;5220.0;825.0;1256.0;1020.0;1790.0;3020.0;5090.0;807.0;1237.0;-20.0;8.0;-39.0;58.0
1250.0;2060.0;3400.0;5560.0;888.0;1351.0;1070.0;1860.0;3170.0;5390.0;856.0;1318.0;-22.0;15.0;-39.0;54.0
1240.0;2060.0;3390.0;5530.0;870.0;1314.0;1060.0;1830.0;3110.0;5230.0;832.0;1258.0;-22.0;11.0;-43.0;57.0
1130.0;1880.0;3090.0;5060.0;796.0;1217.0;1010.0;1720.0;2900.0;4890.0;779.0;1173.0;-23.0;11.0;-43.0;56.0
1100.0;1840.0;3000.0;4890.0;776.0;1186.0;990.0;1700.0;2870.0;4770.0;757.0;1150.0;-22.0;11.0;-42.0;52.0
1090.0;1800.0;2950.0;4810.0;768.0;1164.0;960.0;1660.0;2820.0;4690.0;754.0;1138.0;-22.0;10.0;-42.0;55.0
1140.0;1880.0;3080.0;5020.0;789.0;1170.0;960.0;1650.0;2790.0;4700.0;744.0;1134.0;-21.0;10.0;-42.0;59.0
1050.0;1740.0;2830.0;4630.0;728.0;1098.0;910.0;1560.0;2660.0;4440.0;704.0;1071.0;-21.0;10.0;-39.0;58.0
1030.0;1710.0;2780.0;4530.0;713.0;1084.0;910.0;1590.0;2670.0;4500.0;700.0;1074.0;-21.0;12.0;-42.0;58.0
950.0;1570.0;2570.0;4210.0;662.0;1009.0;850.0;1480.0;2500.0;4140.0;642.0;988.0;-19.0;14.0;-39.0;56.0
880.0;1460.0;2380.0;3870.0;620.0;949.0;810.0;1400.0;2360.0;3990.0;628.0;970.0;-21.0;15.0;-48.0;51.0
900.0;1480.0;2450.0;3980.0;634.0;979.0;810.0;1390.0;2350.0;3950.0;623.0;947.0;-23.0;11.0;-50.0;56.0
840.0;1370.0;2250.0;3660.0;581.0;896.0;780.0;1340.0;2230.0;3690.0;576.0;887.0;-23.0;7.0;-50.0;57.0
770.0;1250.0;2070.0;3400.0;547.0;860.0;740.0;1280.0;2140.0;3530.0;560.0;862.0;-21.0;6.0;-39.0;57.0
790.0;1320.0;2170.0;3590.0;584.0;926.0;790.0;1380.0;2330.0;3910.0;627.0;975.0;-21.0;16.0;-39.0;51.0
960.0;1590.0;2600.0;4260.0;687.0;1054.0;850.0;1460.0;2490.0;4200.0;661.0;1025.0;-19.0;13.0;-36.0;53.0
980.0;1640.0;2690.0;4470.0;718.0;1114.0;890.0;1570.0;2680.0;4560.0;730.0;1125.0;-19.0;11.0;-36.0;65.0
1070.0;1770.0;2950.0;4870.0;783.0;1203.0;990.0;1720.0;2900.0;4890.0;771.0;1191.0;-19.0;14.0;-36.0;60.0
1050.0;1750.0;2900.0;4800.0;769.0;1197.0;940.0;1630.0;2770.0;4710.0;754.0;1162.0;-26.0;12.0;-46.0;56.0
1030.0;1700.0;2820.0;4650.0;743.0;1147.0;910.0;1580.0;2720.0;4570.0;723.0;1110.0;-26.0;14.0;-46.0;49.0
1030.0;1700.0;2800.0;4630.0;735.0;1130.0;890.0;1550.0;2610.0;4470.0;708.0;1090.0;-27.0;11.0;-46.0;64.0
1030.0;1700.0;2820.0;4650.0;743.0;1147.0;910.0;1580.0;2720.0;4570.0;723.0;1110.0;-27.0;14.0;-38.0;49.0
920.0;1530.0;2520.0;4140.0;666.0;1034.0;870.0;1500.0;2530.0;4260.0;674.0;1040.0;-18.0;18.0;-37.0;62.0
1140.0;1900.0;3120.0;5090.0;809.0;1230.0;950.0;1630.0;2810.0;4810.0;771.0;1186.0;-18.0;18.0;-37.0;55.0
