OFFCHIP_SENSIMOX_SnAu_150_200.0_IN-PHASE;OFFCHIP_SENSIMOX_SnAu_200_200.0_IN-PHASE;OFFCHIP_SENSIMOX_SnAu_250_200.0_IN-PHASE;OFFCHIP_SENSIMOX_SnAu_300_200.0_IN-PHASE;OFFCHIP_SENSIMOX_SnAu_350_200.0_IN-PHASE;OFFCHIP_SENSIMOX_SnAu_400_200.0_IN-PHASE;OFFCHIP_SENSIMOX_SnAu_150_78125.0_IN-PHASE;OFFCHIP_SENSIMOX_SnAu_200_78125.0_IN-PHASE;OFFCHIP_SENSIMOX_SnAu_250_78125.0_IN-PHASE;OFFCHIP_SENSIMOX_SnAu_300_78125.0_IN-PHASE;OFFCHIP_SENSIMOX_SnAu_350_78125.0_IN-PHASE;OFFCHIP_SENSIMOX_SnAu_400_78125.0_IN-PHASE;ONCHIP_ALUMINUM_OXIDE_OUT4_IN-PHASE;ONCHIP_ALUMINUM_OXIDE_OUT4_QUADRATURE;ONCHIP_ALUMINUM_OXIDE_OUT7_IN-PHASE;ONCHIP_ALUMINUM_OXIDE_OUT7_QUADRATURE;LABEL
1.0;1.0;1.0;1.0;1.0;1.0;1.0;1.0;1.0;1.0;1.0;1.0;1.0;1.0;1.0;1.0;ACETONE
-3.0;-5.0;-3.0;-10.0;2.0;-3.0;-1.0;-2.0;2.0;20.0;5.0;8.0;-3.0;-1.0;11.0;2.0;ACETONE
-3.0;-4.0;-3.0;-9.0;2.0;5.0;2.0;3.0;13.0;20.0;8.0;18.0;-6.0;-5.0;2.0;2.0;ACETONE
6.0;14.0;27.0;51.0;11.0;17.0;5.0;11.0;29.0;69.0;17.0;27.0;-10.0;-7.0;2.0;2.0;ACETONE
10.0;21.0;42.0;78.0;14.0;22.0;6.0;14.0;34.0;65.0;15.0;25.0;-10.0;-7.0;-3.0;3.0;ACETONE
9.0;18.0;37.0;72.0;12.0;18.0;5.0;11.0;25.0;49.0;14.0;23.0;-10.0;-7.0;3.0;3.0;ACETONE
6.0;14.0;26.0;72.0;12.0;17.0;5.0;10.0;27.0;61.0;14.0;25.0;-10.0;-3.0;3.0;4.0;ACETONE
12.0;26.0;53.0;89.0;15.0;18.0;6.0;13.0;31.0;58.0;12.0;23.0;-10.0;-3.0;6.0;7.0;ACETONE
8.0;18.0;36.0;64.0;13.0;18.0;5.0;11.0;31.0;60.0;14.0;23.0;-2.0;-3.0;5.0;4.0;ACETONE
8.0;20.0;38.0;86.0;17.0;26.0;6.0;15.0;40.0;79.0;18.0;29.0;-2.0;-3.0;5.0;3.0;ACETONE
8.0;17.0;36.0;70.0;15.0;22.0;4.0;10.0;29.0;68.0;16.0;29.0;-11.0;-1.0;-1.0;2.0;ACETONE
6.0;13.0;28.0;58.0;12.0;19.0;7.0;16.0;37.0;82.0;17.0;30.0;-13.0;-3.0;-4.0;1.0;ACETONE
12.0;26.0;55.0;111.0;18.0;26.0;4.0;11.0;23.0;53.0;10.0;18.0;-2.0;1.0;-1.0;-3.0;ACETONE
2.0;8.0;10.0;29.0;6.0;7.0;2.0;5.0;6.0;25.0;6.0;15.0;-5.0;1.0;-1.0;2.0;ACETONE
6.0;15.0;28.0;62.0;9.0;13.0;3.0;5.0;7.0;25.0;6.0;15.0;-2.0;-1.0;3.0;1.0;ACETONE
6.0;15.0;28.0;62.0;9.0;13.0;3.0;5.0;7.0;25.0;6.0;15.0;-5.0;-1.0;-1.0;-5.0;ACETONE
7.0;16.0;33.0;75.0;12.0;19.0;5.0;11.0;25.0;50.0;12.0;22.0;-7.0;2.0;0.0;-5.0;ACETONE
14.0;31.0;65.0;127.0;24.0;40.0;9.0;21.0;50.0;105.0;18.0;31.0;12.0;-2.0;4.0;0.0;ACETONE
18.0;38.0;75.0;148.0;28.0;47.0;10.0;26.0;58.0;130.0;26.0;50.0;8.0;-2.0;8.0;-2.0;ACETONE
28.0;60.0;120.0;238.0;43.0;74.0;16.0;36.0;82.0;180.0;35.0;68.0;14.0;-4.0;8.0;-2.0;ACETONE
29.0;62.0;118.0;242.0;43.0;72.0;18.0;39.0;89.0;183.0;33.0;64.0;7.0;-5.0;8.0;-2.0;ACETONE
36.0;73.0;155.0;314.0;60.0;101.0;26.0;57.0;123.0;271.0;55.0;93.0;21.0;-2.0;5.0;-4.0;ACETONE
48.0;92.0;190.0;338.0;58.0;94.0;25.0;56.0;115.0;238.0;42.0;61.0;18.0;-3.0;5.0;-5.0;ACETONE
35.0;67.0;132.0;235.0;35.0;43.0;11.0;22.0;107.0;217.0;42.0;61.0;12.0;-4.0;3.0;-11.0;ACETONE
29.0;56.0;106.0;192.0;30.0;46.0;11.0;24.0;56.0;117.0;26.0;43.0;18.0;-5.0;1.0;-11.0;ACETONE
38.0;76.0;147.0;262.0;46.0;73.0;22.0;49.0;107.0;217.0;43.0;74.0;14.0;-5.0;3.0;-11.0;ACETONE
48.0;91.0;179.0;318.0;48.0;75.0;17.0;38.0;82.0;174.0;35.0;56.0;12.0;-6.0;5.0;-11.0;ACETONE
42.0;83.0;168.0;303.0;51.0;85.0;27.0;58.0;124.0;242.0;49.0;82.0;16.0;-5.0;5.0;-11.0;ACETONE
55.0;111.0;226.0;419.0;74.0;133.0;41.0;91.0;189.0;404.0;81.0;144.0;16.0;-7.0;6.0;-11.0;ACETONE
71.0;142.0;288.0;553.0;105.0;184.0;59.0;130.0;269.0;553.0;108.0;192.0;16.0;-5.0;4.0;-12.0;ACETONE
88.0;180.0;361.0;690.0;124.0;207.0;66.0;140.0;294.0;600.0;118.0;216.0;16.0;-7.0;12.0;-14.0;ACETONE
96.0;197.0;394.0;772.0;140.0;233.0;78.0;163.0;340.0;673.0;124.0;214.0;15.0;-7.0;16.0;-14.0;ACETONE
91.0;184.0;368.0;709.0;127.0;210.0;70.0;145.0;306.0;605.0;113.0;194.0;27.0;-7.0;22.0;-14.0;ACETONE
91.0;180.0;361.0;659.0;117.0;195.0;61.0;132.0;274.0;548.0;104.0;174.0;25.0;-7.0;10.0;-14.0;ACETONE
91.0;177.0;342.0;604.0;101.0;151.0;46.0;101.0;212.0;416.0;74.0;172.0;22.0;-7.0;15.0;-14.0;ACETONE
64.0;126.0;248.0;444.0;83.0;144.0;49.0;107.0;226.0;461.0;88.0;154.0;22.0;-7.0;10.0;-14.0;ACETONE
80.0;160.0;319.0;593.0;107.0;183.0;61.0;131.0;280.0;558.0;102.0;172.0;11.0;-6.0;15.0;-14.0;ACETONE
84.0;167.0;331.0;624.0;109.0;175.0;55.0;115.0;237.0;466.0;86.0;147.0;25.0;-6.0;15.0;-15.0;ACETONE
77.0;152.0;298.0;531.0;88.0;140.0;45.0;97.0;207.0;409.0;78.0;130.0;15.0;-6.0;15.0;-15.0;ACETONE
71.0;141.0;274.0;520.0;94.0;161.0;52.0;113.0;228.0;484.0;93.0;160.0;19.0;-5.0;9.0;-16.0;ACETONE
86.0;176.0;348.0;655.0;120.0;206.0;72.0;151.0;316.0;637.0;118.0;202.0;20.0;-6.0;9.0;-16.0;ACETONE
101.0;200.0;391.0;723.0;121.0;198.0;67.0;142.0;296.0;572.0;108.0;187.0;19.0;-6.0;6.0;-16.0;ACETONE
101.0;200.0;396.0;734.0;128.0;210.0;69.0;148.0;308.0;617.0;118.0;199.0;19.0;-6.0;8.0;-20.0;ACETONE
103.0;202.0;402.0;771.0;137.0;241.0;82.0;173.0;370.0;759.0;144.0;249.0;21.0;-6.0;8.0;-20.0;ACETONE
119.0;237.0;474.0;883.0;157.0;270.0;90.0;194.0;402.0;831.0;161.0;286.0;19.0;-6.0;13.0;-18.0;ACETONE
135.0;268.0;532.0;994.0;182.0;306.0;101.0;216.0;452.0;927.0;180.0;323.0;19.0;-6.0;13.0;-14.0;ACETONE
151.0;302.0;589.0;1097.0;194.0;317.0;108.0;223.0;467.0;931.0;174.0;297.0;23.0;-6.0;23.0;-14.0;ACETONE
137.0;270.0;533.0;982.0;171.0;285.0;95.0;203.0;424.0;836.0;154.0;266.0;23.0;-6.0;14.0;-14.0;ACETONE
130.0;256.0;503.0;939.0;162.0;272.0;92.0;193.0;403.0;800.0;148.0;256.0;21.0;-7.0;14.0;-18.0;ACETONE
127.0;253.0;494.0;936.0;179.0;333.0;127.0;271.0;579.0;1211.0;235.0;433.0;9.0;-7.0;10.0;-15.0;ACETONE
212.0;416.0;812.0;1515.0;266.0;427.0;146.0;305.0;631.0;1264.0;237.0;404.0;21.0;-11.0;10.0;-22.0;ACETONE
188.0;368.0;721.0;1325.0;228.0;366.0;124.0;260.0;527.0;1079.0;199.0;343.0;12.0;-11.0;10.0;-22.0;ACETONE
160.0;320.0;630.0;1165.0;205.0;344.0;125.0;262.0;549.0;1090.0;201.0;343.0;18.0;-11.0;16.0;-21.0;ACETONE
168.0;332.0;654.0;1231.0;218.0;371.0;136.0;283.0;590.0;1168.0;217.0;372.0;12.0;-11.0;12.0;-21.0;ACETONE
175.0;348.0;698.0;1330.0;240.0;414.0;153.0;319.0;664.0;1305.0;243.0;416.0;20.0;-11.0;16.0;-23.0;ACETONE
194.0;387.0;764.0;1450.0;258.0;435.0;158.0;331.0;691.0;1338.0;252.0;427.0;17.0;-10.0;17.0;-21.0;ACETONE
200.0;396.0;779.0;1444.0;247.0;409.0;151.0;314.0;650.0;1274.0;238.0;410.0;20.0;-11.0;16.0;-23.0;ACETONE
202.0;407.0;797.0;1523.0;277.0;465.0;170.0;354.0;729.0;1449.0;268.0;449.0;18.0;-10.0;12.0;-23.0;ACETONE
222.0;436.0;865.0;1630.0;289.0;488.0;180.0;378.0;786.0;1588.0;300.0;532.0;15.0;-10.0;16.0;-23.0;ACETONE
256.0;514.0;1021.0;1898.0;335.0;535.0;200.0;416.0;841.0;1633.0;300.0;504.0;18.0;-9.0;16.0;-24.0;ACETONE
247.0;485.0;949.0;1755.0;311.0;515.0;198.0;409.0;832.0;1612.0;295.0;491.0;15.0;-10.0;17.0;-24.0;ACETONE
241.0;476.0;926.0;1730.0;302.0;494.0;179.0;375.0;771.0;1527.0;286.0;490.0;16.0;-9.0;15.0;-24.0;ACETONE
244.0;479.0;939.0;1741.0;309.0;514.0;187.0;392.0;805.0;1614.0;302.0;511.0;12.0;-10.0;10.0;-25.0;ACETONE
252.0;495.0;969.0;1824.0;322.0;531.0;193.0;391.0;808.0;1588.0;289.0;477.0;17.0;-11.0;13.0;-28.0;ACETONE
229.0;457.0;932.0;1792.0;327.0;561.0;218.0;446.0;914.0;1795.0;337.0;582.0;12.0;-11.0;15.0;-28.0;ACETONE
289.0;574.0;1127.0;2091.0;362.0;592.0;225.0;467.0;950.0;1852.0;339.0;568.0;11.0;-11.0;19.0;-29.0;ACETONE
278.0;550.0;1089.0;2080.0;380.0;640.0;253.0;522.0;1050.0;2062.0;378.0;644.0;14.0;-12.0;10.0;-30.0;ACETONE
321.0;632.0;1233.0;2285.0;396.0;641.0;249.0;509.0;1038.0;2039.0;374.0;639.0;19.0;-12.0;12.0;-30.0;ACETONE
319.0;622.0;1217.0;2290.0;405.0;669.0;261.0;535.0;1089.0;2137.0;386.0;647.0;19.0;-12.0;19.0;-32.0;ACETONE
318.0;618.0;1189.0;2209.0;381.0;622.0;243.0;500.0;1009.0;1968.0;359.0;608.0;17.0;-12.0;9.0;-32.0;ACETONE
305.0;596.0;1165.0;2150.0;377.0;630.0;251.0;513.0;1026.0;2029.0;369.0;617.0;20.0;-12.0;19.0;-30.0;ACETONE
309.0;608.0;1196.0;2249.0;401.0;661.0;266.0;548.0;1102.0;2146.0;387.0;646.0;18.0;-9.0;13.0;-30.0;ACETONE
321.0;635.0;1224.0;2265.0;388.0;636.0;248.0;508.0;1028.0;2023.0;371.0;635.0;16.0;-13.0;15.0;-30.0;ACETONE
324.0;637.0;1240.0;2354.0;425.0;724.0;291.0;600.0;1208.0;2349.0;427.0;725.0;17.0;-9.0;30.0;-29.0;ACETONE
369.0;720.0;1387.0;2568.0;446.0;730.0;283.0;582.0;1177.0;2344.0;427.0;719.0;15.0;-13.0;17.0;-29.0;ACETONE
363.0;710.0;1365.0;2530.0;438.0;719.0;285.0;581.0;1169.0;2294.0;422.0;720.0;19.0;-9.0;26.0;-28.0;ACETONE
373.0;730.0;1379.0;2500.0;424.0;666.0;250.0;520.0;1049.0;2052.0;368.0;615.0;15.0;-9.0;23.0;-27.0;ACETONE
312.0;609.0;1194.0;2245.0;393.0;644.0;252.0;517.0;1048.0;2056.0;374.0;631.0;21.0;-9.0;16.0;-27.0;ACETONE
324.0;636.0;1247.0;2356.0;416.0;697.0;275.0;563.0;1146.0;2292.0;425.0;739.0;14.0;-12.0;14.0;-28.0;ACETONE
388.0;760.0;1467.0;2688.0;457.0;717.0;276.0;562.0;1143.0;2223.0;396.0;659.0;22.0;-9.0;18.0;-28.0;ACETONE
328.0;641.0;1238.0;2328.0;417.0;702.0;288.0;584.0;1186.0;2303.0;422.0;725.0;8.0;-9.0;9.0;-31.0;ACETONE
380.0;745.0;1444.0;2677.0;467.0;754.0;304.0;616.0;1231.0;2404.0;433.0;727.0;8.0;-12.0;10.0;-32.0;ACETONE
369.0;720.0;1390.0;2538.0;435.0;690.0;270.0;551.0;1113.0;2169.0;394.0;661.0;8.0;-11.0;8.0;-37.0;ACETONE
337.0;662.0;1283.0;2405.0;428.0;708.0;282.0;573.0;1162.0;2256.0;410.0;684.0;12.0;-11.0;6.0;-37.0;ACETONE
355.0;686.0;1329.0;2454.0;423.0;691.0;265.0;542.0;1104.0;2161.0;395.0;666.0;14.0;-11.0;7.0;-37.0;ACETONE
340.0;674.0;1317.0;2479.0;439.0;736.0;304.0;615.0;1247.0;2411.0;444.0;745.0;17.0;-11.0;16.0;-38.0;ACETONE
390.0;764.0;1468.0;2690.0;466.0;750.0;310.0;629.0;1269.0;2430.0;438.0;733.0;16.0;-11.0;23.0;-37.0;ACETONE
391.0;762.0;1472.0;2697.0;461.0;744.0;302.0;613.0;1224.0;2379.0;429.0;726.0;16.0;-11.0;11.0;-37.0;ACETONE
381.0;748.0;1469.0;2798.0;499.0;831.0;351.0;708.0;1412.0;2753.0;495.0;836.0;16.0;-9.0;14.0;-37.0;ACETONE
445.0;858.0;1646.0;3060.0;549.0;916.0;391.0;787.0;1573.0;3103.0;563.0;943.0;15.0;-9.0;20.0;-32.0;ACETONE
509.0;976.0;1863.0;3405.0;574.0;893.0;360.0;728.0;1450.0;2793.0;498.0;833.0;24.0;-11.0;20.0;-32.0;ACETONE
430.0;836.0;1592.0;2939.0;508.0;813.0;337.0;681.0;1374.0;2656.0;479.0;798.0;15.0;-8.0;21.0;-32.0;ACETONE
421.0;820.0;1587.0;2918.0;511.0;836.0;349.0;710.0;1425.0;2780.0;499.0;838.0;15.0;-12.0;14.0;-33.0;ACETONE
458.0;885.0;1690.0;3123.0;535.0;860.0;358.0;726.0;1441.0;2757.0;489.0;835.0;21.0;-12.0;31.0;-33.0;ACETONE
450.0;869.0;1655.0;3071.0;526.0;845.0;356.0;725.0;1432.0;2767.0;495.0;836.0;13.0;-6.0;17.0;-37.0;ACETONE
449.0;872.0;1689.0;3118.0;540.0;884.0;375.0;769.0;1540.0;2970.0;531.0;890.0;27.0;-6.0;24.0;-39.0;ACETONE
488.0;945.0;1809.0;3330.0;573.0;919.0;387.0;779.0;1555.0;3025.0;546.0;920.0;17.0;-6.0;22.0;-39.0;ACETONE
499.0;968.0;1835.0;3362.0;572.0;907.0;378.0;759.0;1522.0;2938.0;526.0;879.0;20.0;-6.0;19.0;-37.0;ACETONE
481.0;930.0;1765.0;3228.0;561.0;903.0;395.0;791.0;1578.0;3019.0;539.0;879.0;17.0;-7.0;26.0;-37.0;ACETONE
487.0;938.0;1789.0;3304.0;565.0;915.0;397.0;801.0;1605.0;3064.0;556.0;929.0;22.0;-7.0;24.0;-37.0;ACETONE
527.0;1016.0;1948.0;3612.0;622.0;996.0;426.0;861.0;1692.0;3267.0;587.0;985.0;20.0;-10.0;23.0;-36.0;ACETONE
547.0;1052.0;1989.0;3631.0;626.0;999.0;423.0;842.0;1663.0;3187.0;568.0;925.0;18.0;-12.0;22.0;-36.0;ACETONE
507.0;964.0;1824.0;3328.0;565.0;910.0;389.0;781.0;1559.0;2994.0;536.0;897.0;17.0;-10.0;20.0;-34.0;ACETONE
498.0;961.0;1830.0;3364.0;577.0;927.0;389.0;784.0;1550.0;3000.0;537.0;896.0;20.0;-10.0;22.0;-34.0;ACETONE
494.0;953.0;1817.0;3334.0;568.0;911.0;392.0;787.0;1558.0;3011.0;536.0;895.0;27.0;-10.0;28.0;-34.0;ACETONE
487.0;938.0;1785.0;3278.0;557.0;895.0;376.0;760.0;1512.0;2917.0;526.0;880.0;20.0;-12.0;31.0;-35.0;ACETONE
500.0;964.0;1827.0;3325.0;568.0;916.0;393.0;793.0;1578.0;3006.0;537.0;890.0;20.0;-13.0;24.0;-35.0;ACETONE
495.0;954.0;1810.0;3316.0;566.0;899.0;379.0;761.0;1506.0;2926.0;525.0;873.0;20.0;-14.0;18.0;-35.0;ACETONE
484.0;931.0;1770.0;3237.0;556.0;900.0;382.0;769.0;1530.0;2928.0;521.0;873.0;23.0;-16.0;24.0;-33.0;ACETONE
485.0;940.0;1776.0;3295.0;561.0;906.0;384.0;773.0;1544.0;2967.0;536.0;900.0;13.0;-16.0;12.0;-33.0;ACETONE
495.0;960.0;1843.0;3402.0;596.0;972.0;427.0;847.0;1716.0;3302.0;599.0;1002.0;18.0;-14.0;12.0;-33.0;ACETONE
570.0;1094.0;2084.0;3843.0;663.0;1072.0;477.0;956.0;1888.0;3612.0;641.0;1068.0;15.0;-13.0;17.0;-37.0;ACETONE
562.0;1083.0;2069.0;3762.0;650.0;1025.0;417.0;840.0;1672.0;3207.0;582.0;970.0;15.0;-13.0;25.0;-38.0;ACETONE
523.0;1016.0;1929.0;3459.0;604.0;961.0;410.0;829.0;1634.0;3125.0;555.0;923.0;22.0;-13.0;22.0;-38.0;ACETONE
502.0;971.0;1857.0;3433.0;596.0;975.0;421.0;844.0;1681.0;3252.0;583.0;971.0;18.0;-13.0;24.0;-38.0;ACETONE
551.0;1055.0;2023.0;3723.0;642.0;1027.0;455.0;908.0;1780.0;3385.0;602.0;983.0;25.0;-15.0;26.0;-36.0;ACETONE
551.0;1052.0;1991.0;3645.0;622.0;1009.0;436.0;871.0;1739.0;3372.0;609.0;1016.0;14.0;-15.0;17.0;-36.0;ACETONE
574.0;1102.0;2100.0;3817.0;650.0;1034.0;451.0;899.0;1779.0;3388.0;604.0;996.0;16.0;-13.0;20.0;-36.0;ACETONE
568.0;1081.0;2052.0;3721.0;621.0;988.0;431.0;869.0;1710.0;3266.0;585.0;959.0;30.0;-12.0;30.0;-36.0;ACETONE
543.0;1045.0;2009.0;3694.0;627.0;1023.0;452.0;900.0;1790.0;3438.0;614.0;1032.0;17.0;-13.0;21.0;-36.0;ACETONE
601.0;1151.0;2176.0;3918.0;653.0;1035.0;441.0;888.0;1746.0;3334.0;595.0;989.0;25.0;-13.0;24.0;-36.0;ACETONE
555.0;1064.0;2019.0;3695.0;629.0;1001.0;429.0;855.0;1706.0;3254.0;584.0;978.0;25.0;-14.0;32.0;-36.0;ACETONE
563.0;1081.0;2060.0;3782.0;653.0;1058.0;465.0;924.0;1837.0;3491.0;630.0;1040.0;29.0;-14.0;27.0;-36.0;ACETONE
593.0;1140.0;2146.0;3868.0;648.0;1017.0;432.0;868.0;1716.0;3255.0;585.0;960.0;14.0;-14.0;26.0;-40.0;ACETONE
548.0;1051.0;1991.0;3578.0;606.0;964.0;412.0;829.0;1652.0;3161.0;566.0;938.0;19.0;-14.0;23.0;-42.0;ACETONE
538.0;1039.0;1984.0;3613.0;622.0;1003.0;433.0;872.0;1740.0;3316.0;595.0;977.0;18.0;-14.0;32.0;-42.0;ACETONE
567.0;1091.0;2065.0;3765.0;638.0;1017.0;440.0;880.0;1746.0;3349.0;597.0;996.0;18.0;-10.0;23.0;-42.0;ACETONE
583.0;1112.0;2101.0;3774.0;640.0;1024.0;458.0;914.0;1793.0;3410.0;612.0;1008.0;15.0;-14.0;19.0;-41.0;ACETONE
596.0;1143.0;2164.0;3925.0;670.0;1073.0;480.0;971.0;1909.0;3604.0;638.0;1058.0;27.0;-11.0;32.0;-39.0;ACETONE
614.0;1181.0;2245.0;4094.0;713.0;1153.0;516.0;1024.0;2029.0;3849.0;682.0;1116.0;18.0;-11.0;17.0;-37.0;ACETONE
643.0;1225.0;2297.0;4154.0;704.0;1119.0;503.0;1001.0;1968.0;3755.0;667.0;1106.0;23.0;-11.0;25.0;-37.0;ACETONE
646.0;1237.0;2336.0;4213.0;715.0;1114.0;488.0;975.0;1928.0;3667.0;651.0;1069.0;18.0;-15.0;13.0;-37.0;ACETONE
613.0;1175.0;2235.0;4044.0;693.0;1110.0;494.0;985.0;1938.0;3697.0;658.0;1095.0;28.0;-15.0;33.0;-37.0;ACETONE
650.0;1229.0;2316.0;4194.0;709.0;1119.0;492.0;1009.0;1963.0;3704.0;660.0;1084.0;27.0;-15.0;26.0;-37.0;ACETONE
636.0;1214.0;2275.0;4070.0;680.0;1060.0;468.0;930.0;1817.0;3456.0;608.0;992.0;27.0;-15.0;27.0;-39.0;ACETONE
581.0;1110.0;2081.0;3765.0;637.0;1007.0;439.0;884.0;1749.0;3366.0;603.0;1009.0;29.0;-10.0;26.0;-40.0;ACETONE
594.0;1142.0;2163.0;3943.0;669.0;1062.0;472.0;942.0;1855.0;3530.0;625.0;1039.0;22.0;-10.0;22.0;-42.0;ACETONE
603.0;1148.0;2156.0;3894.0;664.0;1071.0;470.0;937.0;1849.0;3526.0;630.0;1042.0;19.0;-10.0;20.0;-42.0;ACETONE
610.0;1162.0;2174.0;3945.0;674.0;1072.0;480.0;948.0;1863.0;3511.0;624.0;1025.0;19.0;-10.0;21.0;-43.0;ACETONE
594.0;1137.0;2159.0;3941.0;677.0;1093.0;498.0;987.0;1923.0;3683.0;651.0;1077.0;17.0;-11.0;18.0;-43.0;ACETONE
626.0;1192.0;2227.0;4031.0;684.0;1088.0;489.0;975.0;1905.0;3620.0;643.0;1052.0;23.0;-14.0;20.0;-43.0;ACETONE
626.0;1193.0;2229.0;4028.0;683.0;1095.0;491.0;979.0;1945.0;3715.0;667.0;1110.0;21.0;-14.0;19.0;-42.0;ACETONE
674.0;1278.0;2417.0;4349.0;740.0;1177.0;537.0;1069.0;2089.0;3943.0;697.0;1162.0;27.0;-15.0;34.0;-42.0;ACETONE
689.0;1311.0;2442.0;4422.0;741.0;1163.0;514.0;1026.0;2019.0;3825.0;679.0;1122.0;24.0;-15.0;24.0;-40.0;ACETONE
651.0;1243.0;2353.0;4301.0;732.0;1167.0;527.0;1045.0;2055.0;3901.0;689.0;1133.0;26.0;-16.0;27.0;-41.0;ACETONE
688.0;1300.0;2433.0;4409.0;740.0;1176.0;534.0;1059.0;2077.0;3956.0;688.0;1154.0;24.0;-15.0;28.0;-42.0;ACETONE
705.0;1333.0;2498.0;4520.0;764.0;1224.0;557.0;1106.0;2173.0;4098.0;730.0;1202.0;22.0;-15.0;27.0;-44.0;ACETONE
724.0;1369.0;2563.0;4653.0;786.0;1255.0;582.0;1144.0;2227.0;4207.0;747.0;1228.0;19.0;-13.0;27.0;-41.0;ACETONE
740.0;1398.0;2581.0;4656.0;779.0;1217.0;569.0;1125.0;2193.0;4123.0;728.0;1194.0;21.0;-16.0;23.0;-44.0;ACETONE
718.0;1365.0;2572.0;4682.0;803.0;1285.0;617.0;1209.0;2360.0;4425.0;783.0;1281.0;14.0;-12.0;24.0;-44.0;ACETONE
785.0;1484.0;2771.0;4937.0;827.0;1301.0;597.0;1173.0;2314.0;4351.0;765.0;1256.0;24.0;-16.0;24.0;-37.0;ACETONE
771.0;1456.0;2709.0;4853.0;820.0;1307.0;607.0;1196.0;2325.0;4395.0;780.0;1265.0;28.0;-16.0;32.0;-37.0;ACETONE
770.0;1449.0;2689.0;4822.0;810.0;1285.0;600.0;1190.0;2321.0;4370.0;765.0;1251.0;17.0;-16.0;18.0;-39.0;ACETONE
770.0;1456.0;2713.0;4859.0;815.0;1288.0;592.0;1169.0;2277.0;4302.0;758.0;1247.0;17.0;-16.0;25.0;-39.0;ACETONE
752.0;1435.0;2678.0;4769.0;803.0;1260.0;587.0;1158.0;2259.0;4216.0;741.0;1211.0;20.0;-16.0;25.0;-39.0;ACETONE
737.0;1393.0;2595.0;4638.0;779.0;1232.0;571.0;1122.0;2203.0;4132.0;726.0;1196.0;14.0;-18.0;23.0;-39.0;ACETONE
715.0;1352.0;2531.0;4593.0;784.0;1249.0;578.0;1143.0;2226.0;4214.0;746.0;1230.0;13.0;-17.0;23.0;-38.0;ACETONE
763.0;1435.0;2673.0;4759.0;792.0;1221.0;564.0;1110.0;2179.0;4149.0;730.0;1203.0;10.0;-17.0;21.0;-38.0;ACETONE
752.0;1422.0;2634.0;4713.0;785.0;1223.0;570.0;1121.0;2190.0;4082.0;713.0;1165.0;18.0;-16.0;17.0;-38.0;ACETONE
720.0;1354.0;2516.0;4488.0;750.0;1187.0;551.0;1097.0;2144.0;4022.0;705.0;1166.0;27.0;-16.0;34.0;-38.0;ACETONE
714.0;1349.0;2523.0;4520.0;761.0;1221.0;569.0;1129.0;2197.0;4158.0;733.0;1208.0;16.0;-13.0;23.0;-40.0;ACETONE
740.0;1404.0;2613.0;4691.0;781.0;1234.0;558.0;1104.0;2177.0;4100.0;725.0;1195.0;19.0;-13.0;24.0;-47.0;ACETONE
747.0;1413.0;2614.0;4685.0;793.0;1263.0;587.0;1153.0;2267.0;4273.0;755.0;1240.0;23.0;-14.0;17.0;-47.0;ACETONE
775.0;1462.0;2724.0;4865.0;814.0;1264.0;590.0;1157.0;2269.0;4256.0;749.0;1242.0;21.0;-13.0;17.0;-44.0;ACETONE
762.0;1436.0;2687.0;4818.0;812.0;1295.0;612.0;1210.0;2346.0;4439.0;788.0;1287.0;18.0;-14.0;22.0;-44.0;ACETONE
793.0;1491.0;2771.0;5036.0;847.0;1332.0;631.0;1243.0;2432.0;4586.0;813.0;1351.0;17.0;-14.0;21.0;-44.0;ACETONE
857.0;1603.0;2981.0;5289.0;885.0;1393.0;659.0;1299.0;2503.0;4705.0;827.0;1355.0;29.0;-12.0;22.0;-39.0;ACETONE
848.0;1594.0;2945.0;5289.0;890.0;1412.0;687.0;1337.0;2589.0;4865.0;858.0;1391.0;22.0;-12.0;18.0;-39.0;ACETONE
876.0;1634.0;3022.0;5330.0;892.0;1384.0;656.0;1290.0;2490.0;4699.0;820.0;1338.0;22.0;-12.0;26.0;-39.0;ACETONE
826.0;1558.0;2916.0;5178.0;868.0;1358.0;647.0;1272.0;2457.0;4591.0;806.0;1309.0;30.0;-10.0;32.0;-41.0;ACETONE
819.0;1539.0;2839.0;5078.0;845.0;1315.0;623.0;1226.0;2385.0;4427.0;776.0;1268.0;20.0;-10.0;23.0;-40.0;ACETONE
803.0;1505.0;2800.0;4996.0;838.0;1310.0;623.0;1214.0;2382.0;4466.0;786.0;1287.0;15.0;-15.0;22.0;-40.0;ACETONE
804.0;1518.0;2832.0;5080.0;857.0;1349.0;641.0;1251.0;2426.0;4521.0;804.0;1317.0;30.0;-15.0;31.0;-41.0;ACETONE
841.0;1582.0;2965.0;5355.0;907.0;1447.0;700.0;1366.0;2647.0;4940.0;863.0;1401.0;15.0;-14.0;13.0;-41.0;ACETONE
885.0;1648.0;3048.0;5394.0;906.0;1413.0;683.0;1332.0;2570.0;4843.0;844.0;1379.0;14.0;-14.0;15.0;-45.0;ACETONE
872.0;1626.0;3013.0;5380.0;911.0;1445.0;698.0;1363.0;2631.0;4912.0;867.0;1411.0;15.0;-13.0;13.0;-45.0;ACETONE
906.0;1696.0;3138.0;5614.0;938.0;1478.0;713.0;1389.0;2697.0;5036.0;889.0;1456.0;18.0;-12.0;27.0;-45.0;ACETONE
951.0;1776.0;3278.0;5760.0;965.0;1515.0;729.0;1424.0;2764.0;5140.0;903.0;1476.0;20.0;-12.0;21.0;-45.0;ACETONE
951.0;1777.0;3281.0;5849.0;974.0;1523.0;747.0;1458.0;2815.0;5233.0;911.0;1481.0;17.0;-12.0;22.0;-45.0;ACETONE
956.0;1788.0;3292.0;5855.0;981.0;1549.0;761.0;1476.0;2865.0;5327.0;929.0;1497.0;14.0;-16.0;19.0;-46.0;ACETONE
950.0;1777.0;3255.0;5708.0;940.0;1439.0;687.0;1331.0;2570.0;4785.0;835.0;1351.0;14.0;-16.0;20.0;-44.0;ACETONE
863.0;1612.0;2988.0;5308.0;878.0;1368.0;662.0;1287.0;2502.0;4637.0;806.0;1336.0;24.0;-18.0;21.0;-46.0;ACETONE
854.0;1603.0;2973.0;5320.0;903.0;1437.0;701.0;1360.0;2627.0;4909.0;858.0;1403.0;17.0;-16.0;24.0;-44.0;ACETONE
920.0;1715.0;3139.0;5526.0;917.0;1418.0;683.0;1322.0;2548.0;4756.0;827.0;1348.0;22.0;-16.0;31.0;-44.0;ACETONE
855.0;1606.0;2962.0;5221.0;867.0;1348.0;640.0;1258.0;2436.0;4563.0;798.0;1308.0;22.0;-16.0;24.0;-42.0;ACETONE
839.0;1567.0;2888.0;5180.0;859.0;1353.0;640.0;1260.0;2440.0;4566.0;804.0;1305.0;23.0;-13.0;36.0;-42.0;ACETONE
843.0;1564.0;2909.0;5167.0;860.0;1356.0;654.0;1285.0;2506.0;4667.0;814.0;1359.0;22.0;-12.0;15.0;-42.0;ACETONE
875.0;1632.0;3040.0;5358.0;887.0;1388.0;662.0;1295.0;2508.0;4698.0;826.0;1344.0;13.0;-12.0;19.0;-42.0;ACETONE
868.0;1624.0;2983.0;5289.0;887.0;1393.0;668.0;1307.0;2538.0;4754.0;823.0;1358.0;11.0;-12.0;18.0;-44.0;ACETONE
897.0;1670.0;3082.0;5489.0;911.0;1432.0;699.0;1351.0;2585.0;4853.0;850.0;1390.0;23.0;-13.0;31.0;-44.0;ACETONE
902.0;1682.0;3099.0;5511.0;909.0;1406.0;670.0;1310.0;2525.0;4714.0;824.0;1339.0;23.0;-12.0;32.0;-47.0;ACETONE
861.0;1595.0;2957.0;5219.0;868.0;1375.0;664.0;1296.0;2497.0;4702.0;820.0;1336.0;23.0;-13.0;24.0;-44.0;ACETONE
857.0;1610.0;2957.0;5249.0;866.0;1345.0;641.0;1262.0;2422.0;4533.0;793.0;1298.0;26.0;-13.0;24.0;-43.0;ACETONE
838.0;1574.0;2912.0;5194.0;876.0;1372.0;664.0;1291.0;2487.0;4650.0;814.0;1327.0;18.0;-12.0;18.0;-42.0;ACETONE
854.0;1594.0;2931.0;5218.0;872.0;1368.0;660.0;1293.0;2486.0;4643.0;816.0;1326.0;25.0;-12.0;33.0;-42.0;ACETONE
867.0;1623.0;2998.0;5337.0;882.0;1377.0;667.0;1298.0;2506.0;4649.0;812.0;1317.0;20.0;-13.0;20.0;-40.0;ACETONE
854.0;1588.0;2923.0;5180.0;857.0;1337.0;644.0;1260.0;2424.0;4576.0;795.0;1308.0;30.0;-12.0;30.0;-39.0;ACETONE
865.0;1613.0;2990.0;5287.0;887.0;1398.0;691.0;1339.0;2580.0;4818.0;846.0;1400.0;20.0;-13.0;20.0;-40.0;ACETONE
919.0;1708.0;3145.0;5589.0;937.0;1464.0;713.0;1391.0;2683.0;5011.0;875.0;1426.0;25.0;-14.0;20.0;-43.0;ACETONE
933.0;1746.0;3193.0;5654.0;933.0;1460.0;714.0;1397.0;2694.0;4987.0;875.0;1437.0;13.0;-16.0;23.0;-43.0;ACETONE
937.0;1757.0;3243.0;5788.0;976.0;1535.0;775.0;1492.0;2864.0;5281.0;930.0;1507.0;19.0;-16.0;26.0;-45.0;ACETONE
1006.0;1866.0;3390.0;5971.0;980.0;1499.0;727.0;1401.0;2686.0;5022.0;878.0;1415.0;16.0;-16.0;19.0;-45.0;ACETONE
918.0;1721.0;3136.0;5662.0;954.0;1507.0;741.0;1439.0;2752.0;5064.0;895.0;1449.0;23.0;-16.0;38.0;-46.0;ACETONE
957.0;1767.0;3225.0;5721.0;961.0;1516.0;763.0;1483.0;2854.0;5301.0;928.0;1523.0;19.0;-16.0;21.0;-46.0;ACETONE
1019.0;1889.0;3472.0;6147.0;1033.0;1599.0;811.0;1559.0;3000.0;5532.0;950.0;1527.0;23.0;-15.0;27.0;-46.0;ACETONE
1013.0;1874.0;3438.0;6050.0;999.0;1553.0;776.0;1502.0;2874.0;5353.0;926.0;1502.0;26.0;-15.0;21.0;-46.0;ACETONE
1017.0;1863.0;3436.0;6048.0;1005.0;1559.0;765.0;1521.0;2887.0;5412.0;937.0;1520.0;16.0;-15.0;29.0;-46.0;ACETONE
1013.0;1866.0;3428.0;6006.0;988.0;1539.0;774.0;1501.0;2855.0;5317.0;927.0;1494.0;15.0;-15.0;29.0;-45.0;ACETONE
1002.0;1861.0;3391.0;5970.0;986.0;1527.0;761.0;1469.0;2823.0;5268.0;913.0;1477.0;27.0;-13.0;29.0;-46.0;ACETONE
998.0;1848.0;3389.0;5952.0;986.0;1532.0;766.0;1483.0;2841.0;5262.0;909.0;1468.0;20.0;-12.0;32.0;-45.0;ACETONE
999.0;1842.0;3358.0;5914.0;985.0;1536.0;764.0;1479.0;2829.0;5268.0;911.0;1475.0;27.0;-12.0;25.0;-42.0;ACETONE
985.0;1827.0;3339.0;5859.0;971.0;1502.0;754.0;1455.0;2792.0;5193.0;900.0;1463.0;25.0;-12.0;29.0;-42.0;ACETONE
973.0;1798.0;3293.0;5774.0;957.0;1487.0;743.0;1437.0;2754.0;5110.0;891.0;1432.0;20.0;-12.0;29.0;-48.0;ACETONE
967.0;1792.0;3269.0;5754.0;958.0;1507.0;757.0;1468.0;2810.0;5218.0;910.0;1477.0;26.0;-12.0;32.0;-42.0;ACETONE
1008.0;1851.0;3397.0;5973.0;999.0;1570.0;802.0;1541.0;2978.0;5509.0;967.0;1566.0;25.0;-12.0;25.0;-47.0;ACETONE
1074.0;1987.0;3623.0;6367.0;1044.0;1619.0;824.0;1583.0;3021.0;5583.0;954.0;1541.0;18.0;-15.0;25.0;-47.0;ACETONE
1044.0;1922.0;3527.0;6160.0;1007.0;1553.0;771.0;1490.0;2869.0;5297.0;917.0;1492.0;18.0;-15.0;25.0;-47.0;ACETONE
998.0;1845.0;3356.0;5921.0;969.0;1517.0;752.0;1452.0;2789.0;5186.0;901.0;1469.0;16.0;-14.0;22.0;-42.0;ACETONE
1005.0;1868.0;3403.0;5979.0;994.0;1560.0;782.0;1512.0;2873.0;5382.0;936.0;1517.0;28.0;-14.0;38.0;-47.0;ACETONE
1031.0;1909.0;3476.0;6115.0;1015.0;1576.0;790.0;1526.0;2911.0;5445.0;949.0;1531.0;17.0;-14.0;20.0;-45.0;ACETONE
1034.0;1918.0;3503.0;6160.0;1035.0;1630.0;832.0;1611.0;3083.0;5714.0;994.0;1609.0;19.0;-14.0;20.0;-45.0;ACETONE
1108.0;2032.0;3697.0;6442.0;1058.0;1613.0;835.0;1603.0;3049.0;5615.0;971.0;1575.0;23.0;-14.0;25.0;-44.0;ACETONE
1083.0;1998.0;3643.0;6424.0;1063.0;1670.0;872.0;1671.0;3183.0;5909.0;1017.0;1656.0;19.0;-16.0;24.0;-45.0;ACETONE
1155.0;2121.0;3853.0;6726.0;1115.0;1710.0;867.0;1661.0;3166.0;5811.0;1006.0;1628.0;24.0;-16.0;26.0;-44.0;ACETONE
1101.0;2025.0;3713.0;6455.0;1073.0;1668.0;861.0;1656.0;3139.0;5790.0;996.0;1612.0;19.0;-12.0;17.0;-44.0;ACETONE
1106.0;2044.0;3748.0;6590.0;1095.0;1709.0;892.0;1705.0;3218.0;5981.0;1018.0;1674.0;15.0;-14.0;18.0;-46.0;ACETONE
1168.0;2139.0;3894.0;6816.0;1116.0;1720.0;876.0;1677.0;3196.0;5918.0;1019.0;1649.0;22.0;-12.0;22.0;-46.0;ACETONE
1149.0;2114.0;3829.0;6709.0;1091.0;1662.0;846.0;1615.0;3080.0;5684.0;981.0;1577.0;26.0;-12.0;31.0;-46.0;ACETONE
1082.0;2000.0;3641.0;6389.0;1054.0;1629.0;839.0;1624.0;3111.0;5721.0;972.0;1587.0;25.0;-13.0;24.0;-47.0;ACETONE
1098.0;2022.0;3663.0;6394.0;1064.0;1646.0;829.0;1607.0;3041.0;5575.0;980.0;1585.0;18.0;-13.0;18.0;-47.0;ACETONE
1110.0;2037.0;3689.0;6461.0;1060.0;1650.0;835.0;1609.0;3079.0;5700.0;993.0;1605.0;17.0;-13.0;16.0;-47.0;ACETONE
1110.0;2039.0;3734.0;6505.0;1073.0;1657.0;857.0;1649.0;3136.0;5764.0;993.0;1599.0;17.0;-13.0;18.0;-47.0;ACETONE
1109.0;2037.0;3690.0;6505.0;1084.0;1689.0;880.0;1684.0;3205.0;5915.0;1031.0;1662.0;19.0;-13.0;26.0;-47.0;ACETONE
1175.0;2145.0;3902.0;6825.0;1129.0;1725.0;901.0;1726.0;3272.0;6035.0;1038.0;1672.0;16.0;-15.0;27.0;-43.0;ACETONE
1172.0;2158.0;3914.0;6817.0;1120.0;1713.0;886.0;1704.0;3231.0;5966.0;1029.0;1669.0;20.0;-16.0;18.0;-43.0;ACETONE
1173.0;2151.0;3895.0;6814.0;1136.0;1756.0;918.0;1753.0;3355.0;6151.0;1062.0;1711.0;26.0;-15.0;30.0;-45.0;ACETONE
1198.0;2195.0;3984.0;6986.0;1143.0;1792.0;946.0;1809.0;3426.0;6284.0;1083.0;1743.0;17.0;-16.0;29.0;-45.0;ACETONE
1227.0;2236.0;4020.0;6878.0;1139.0;1751.0;923.0;1762.0;3316.0;6093.0;1053.0;1692.0;18.0;-16.0;26.0;-45.0;ACETONE
1210.0;2207.0;4006.0;6969.0;1137.0;1739.0;900.0;1718.0;3257.0;5955.0;1029.0;1635.0;22.0;-16.0;25.0;-45.0;ACETONE
1131.0;2083.0;3761.0;6600.0;1073.0;1657.0;850.0;1638.0;3099.0;5695.0;987.0;1584.0;23.0;-15.0;26.0;-45.0;ACETONE
1129.0;2071.0;3741.0;6528.0;1067.0;1652.0;856.0;1648.0;3129.0;5785.0;998.0;1619.0;22.0;-15.0;21.0;-45.0;ACETONE
1146.0;2094.0;3809.0;6628.0;1092.0;1673.0;871.0;1665.0;3158.0;5815.0;999.0;1603.0;17.0;-15.0;18.0;-46.0;ACETONE
1135.0;2068.0;3737.0;6574.0;1085.0;1688.0;888.0;1694.0;3216.0;5925.0;1027.0;1659.0;10.0;-15.0;38.0;-45.0;ACETONE
1186.0;2169.0;3950.0;6927.0;1136.0;1746.0;916.0;1741.0;3304.0;6071.0;1057.0;1703.0;17.0;-9.0;22.0;-45.0;ACETONE
1203.0;2211.0;3975.0;6934.0;1139.0;1754.0;924.0;1762.0;3334.0;6094.0;1055.0;1685.0;17.0;-9.0;17.0;-43.0;ACETONE
1189.0;2190.0;3959.0;6901.0;1137.0;1761.0;917.0;1760.0;3336.0;6196.0;1075.0;1737.0;23.0;-15.0;37.0;-41.0;ACETONE
1232.0;2249.0;4063.0;7100.0;1165.0;1796.0;946.0;1800.0;3420.0;6248.0;1078.0;1729.0;15.0;-14.0;17.0;-41.0;ACETONE
1223.0;2230.0;4046.0;7080.0;1170.0;1814.0;959.0;1833.0;3474.0;6368.0;1100.0;1778.0;27.0;-10.0;22.0;-41.0;ACETONE
1283.0;2329.0;4204.0;7289.0;1191.0;1805.0;943.0;1809.0;3411.0;6221.0;1077.0;1713.0;21.0;-10.0;29.0;-42.0;ACETONE
1209.0;2210.0;4026.0;6971.0;1145.0;1752.0;925.0;1766.0;3348.0;6136.0;1055.0;1696.0;18.0;-14.0;32.0;-46.0;ACETONE
1208.0;2210.0;3988.0;6923.0;1139.0;1755.0;917.0;1760.0;3310.0;6098.0;1050.0;1692.0;32.0;-10.0;24.0;-46.0;ACETONE
1210.0;2216.0;4010.0;6952.0;1140.0;1743.0;900.0;1729.0;3291.0;6058.0;1044.0;1688.0;16.0;-10.0;29.0;-47.0;ACETONE
1206.0;2207.0;3995.0;6904.0;1127.0;1747.0;914.0;1746.0;3317.0;6082.0;1046.0;1684.0;21.0;-10.0;33.0;-43.0;ACETONE
1216.0;2210.0;3967.0;6840.0;1121.0;1721.0;906.0;1737.0;3283.0;5998.0;1043.0;1688.0;29.0;-11.0;29.0;-43.0;ACETONE
1211.0;2218.0;4013.0;6956.0;1142.0;1754.0;913.0;1738.0;3288.0;6024.0;1039.0;1671.0;27.0;-11.0;27.0;-39.0;ACETONE
1197.0;2190.0;3975.0;6906.0;1136.0;1762.0;933.0;1778.0;3383.0;6213.0;1065.0;1718.0;17.0;-12.0;21.0;-43.0;ACETONE
1231.0;2247.0;4054.0;7113.0;1172.0;1810.0;966.0;1842.0;3472.0;6358.0;1094.0;1753.0;13.0;-11.0;19.0;-39.0;ACETONE
1259.0;2292.0;4140.0;7175.0;1169.0;1786.0;948.0;1804.0;3401.0;6226.0;1074.0;1721.0;19.0;-12.0;18.0;-39.0;ACETONE
1236.0;2244.0;4062.0;6973.0;1137.0;1739.0;908.0;1717.0;3271.0;6041.0;1042.0;1679.0;17.0;-12.0;25.0;-39.0;ACETONE
1195.0;2191.0;3960.0;6957.0;1140.0;1753.0;914.0;1748.0;3331.0;6105.0;1048.0;1687.0;25.0;-15.0;20.0;-41.0;ACETONE
1214.0;2222.0;3999.0;6906.0;1121.0;1736.0;910.0;1737.0;3298.0;5968.0;1034.0;1665.0;28.0;-10.0;21.0;-41.0;ACETONE
1189.0;2168.0;3899.0;6829.0;1120.0;1730.0;903.0;1721.0;3266.0;5975.0;1029.0;1655.0;24.0;-15.0;26.0;-41.0;ACETONE
1182.0;2154.0;3888.0;6758.0;1115.0;1728.0;905.0;1725.0;3296.0;6057.0;1058.0;1701.0;28.0;-15.0;23.0;-41.0;ACETONE
1237.0;2256.0;4062.0;7117.0;1175.0;1799.0;962.0;1833.0;3429.0;6270.0;1082.0;1739.0;11.0;-15.0;23.0;-47.0;ACETONE
1254.0;2279.0;4117.0;7149.0;1168.0;1800.0;945.0;1812.0;3395.0;6211.0;1067.0;1707.0;14.0;-13.0;19.0;-48.0;ACETONE
1245.0;2264.0;4077.0;7073.0;1153.0;1760.0;936.0;1781.0;3341.0;6113.0;1054.0;1697.0;14.0;-13.0;26.0;-50.0;ACETONE
1244.0;2267.0;4080.0;7040.0;1159.0;1790.0;954.0;1813.0;3443.0;6277.0;1075.0;1723.0;15.0;-13.0;29.0;-50.0;ACETONE
1259.0;2286.0;4104.0;7065.0;1155.0;1759.0;926.0;1754.0;3327.0;6131.0;1045.0;1683.0;18.0;-13.0;21.0;-48.0;ACETONE
1218.0;2224.0;3992.0;6997.0;1141.0;1770.0;945.0;1797.0;3412.0;6224.0;1075.0;1737.0;27.0;-12.0;19.0;-48.0;ACETONE
1272.0;2314.0;4178.0;7285.0;1197.0;1850.0;1003.0;1897.0;3586.0;6506.0;1124.0;1793.0;19.0;-14.0;25.0;-45.0;ACETONE
1325.0;2403.0;4298.0;7441.0;1204.0;1834.0;977.0;1857.0;3486.0;6383.0;1097.0;1743.0;13.0;-14.0;19.0;-45.0;ACETONE
1281.0;2333.0;4208.0;7305.0;1205.0;1855.0;1006.0;1918.0;3584.0;6544.0;1132.0;1819.0;17.0;-14.0;18.0;-45.0;ACETONE
1349.0;2445.0;4388.0;7613.0;1245.0;1897.0;1001.0;1911.0;3579.0;6542.0;1124.0;1781.0;28.0;-14.0;30.0;-46.0;ACETONE
1300.0;2367.0;4272.0;7446.0;1222.0;1876.0;1015.0;1921.0;3622.0;6628.0;1141.0;1835.0;25.0;-14.0;30.0;-45.0;ACETONE
1365.0;2478.0;4405.0;7620.0;1245.0;1877.0;1014.0;1911.0;3595.0;6591.0;1127.0;1792.0;25.0;-14.0;33.0;-44.0;ACETONE
1334.0;2407.0;4307.0;7389.0;1204.0;1836.0;990.0;1876.0;3518.0;6417.0;1097.0;1766.0;25.0;-14.0;20.0;-43.0;ACETONE
1315.0;2388.0;4288.0;7397.0;1212.0;1873.0;1001.0;1897.0;3567.0;6542.0;1128.0;1814.0;21.0;-13.0;23.0;-43.0;ACETONE
1346.0;2437.0;4367.0;7556.0;1235.0;1874.0;1004.0;1907.0;3582.0;6562.0;1117.0;1785.0;25.0;-14.0;32.0;-43.0;ACETONE
1318.0;2386.0;4263.0;7340.0;1201.0;1833.0;983.0;1862.0;3516.0;6373.0;1100.0;1768.0;28.0;-14.0;27.0;-43.0;ACETONE
1306.0;2376.0;4257.0;7393.0;1204.0;1860.0;1009.0;1911.0;3592.0;6611.0;1142.0;1839.0;20.0;-14.0;24.0;-44.0;ACETONE
1387.0;2495.0;4487.0;7782.0;1261.0;1932.0;1037.0;1955.0;3686.0;6737.0;1147.0;1838.0;17.0;-10.0;19.0;-47.0;ACETONE
1344.0;2433.0;4373.0;7590.0;1237.0;1868.0;1006.0;1914.0;3584.0;6549.0;1123.0;1789.0;21.0;-16.0;27.0;-47.0;ACETONE
1312.0;2397.0;4331.0;7508.0;1241.0;1934.0;1061.0;2006.0;3770.0;6837.0;1181.0;1886.0;19.0;-15.0;22.0;-49.0;ACETONE
1405.0;2556.0;4555.0;7909.0;1275.0;1952.0;1058.0;2003.0;3759.0;6891.0;1178.0;1872.0;20.0;-16.0;27.0;-49.0;ACETONE
1378.0;2501.0;4445.0;7725.0;1261.0;1935.0;1053.0;1974.0;3716.0;6762.0;1154.0;1846.0;19.0;-15.0;22.0;-44.0;ACETONE
1382.0;2500.0;4500.0;7760.0;1259.0;1917.0;1029.0;1943.0;3661.0;6699.0;1161.0;1839.0;18.0;-15.0;16.0;-44.0;ACETONE
1378.0;2498.0;4469.0;7745.0;1268.0;1946.0;1081.0;2036.0;3808.0;6897.0;1182.0;1900.0;19.0;-13.0;21.0;-46.0;ACETONE
1435.0;2596.0;4648.0;7996.0;1298.0;1977.0;1078.0;2035.0;3791.0;6921.0;1176.0;1888.0;24.0;-11.0;25.0;-46.0;ACETONE
1424.0;2557.0;4558.0;7849.0;1273.0;1937.0;1062.0;2000.0;3752.0;6820.0;1171.0;1870.0;13.0;-11.0;25.0;-46.0;ACETONE
1421.0;2561.0;4578.0;7877.0;1279.0;1947.0;1068.0;2015.0;3788.0;6914.0;1178.0;1889.0;15.0;-11.0;28.0;-46.0;ACETONE
1425.0;2569.0;4574.0;7958.0;1284.0;1968.0;1087.0;2049.0;3825.0;6981.0;1206.0;1924.0;17.0;-11.0;25.0;-46.0;ACETONE
1471.0;2650.0;4736.0;8161.0;1331.0;2016.0;1115.0;2106.0;3961.0;7140.0;1224.0;1933.0;22.0;-12.0;22.0;-46.0;ACETONE
1462.0;2629.0;4676.0;8060.0;1299.0;1981.0;1103.0;2070.0;3873.0;6975.0;1190.0;1884.0;13.0;-12.0;25.0;-47.0;ACETONE
1442.0;2580.0;4607.0;7899.0;1275.0;1934.0;1054.0;1981.0;3733.0;6792.0;1169.0;1855.0;13.0;-12.0;22.0;-46.0;ACETONE
1391.0;2516.0;4477.0;7747.0;1252.0;1902.0;1044.0;1976.0;3682.0;6690.0;1144.0;1829.0;27.0;-12.0;24.0;-47.0;ACETONE
1396.0;2520.0;4481.0;7704.0;1255.0;1939.0;1063.0;2021.0;3785.0;6907.0;1178.0;1894.0;17.0;-12.0;15.0;-48.0;ACETONE
1446.0;2607.0;4683.0;8071.0;1306.0;1975.0;1093.0;2052.0;3843.0;6966.0;1197.0;1901.0;17.0;-14.0;21.0;-48.0;ACETONE
1456.0;2631.0;4669.0;8037.0;1295.0;1968.0;1070.0;2017.0;3802.0;6890.0;1187.0;1897.0;17.0;-14.0;17.0;-41.0;ACETONE
1438.0;2592.0;4619.0;8009.0;1297.0;1971.0;1092.0;2065.0;3848.0;6985.0;1195.0;1924.0;17.0;-14.0;16.0;-45.0;ACETONE
1468.0;2654.0;4717.0;8138.0;1320.0;1998.0;1123.0;2132.0;3970.0;7151.0;1221.0;1946.0;13.0;-10.0;16.0;-45.0;ACETONE
1496.0;2692.0;4818.0;8304.0;1338.0;2027.0;1121.0;2120.0;3960.0;7148.0;1216.0;1952.0;26.0;-12.0;21.0;-44.0;ACETONE
1501.0;2710.0;4829.0;8319.0;1350.0;2051.0;1143.0;2154.0;4020.0;7285.0;1247.0;1988.0;18.0;-12.0;17.0;-45.0;ACETONE
1535.0;2761.0;4907.0;8375.0;1350.0;2038.0;1124.0;2120.0;3960.0;7170.0;1221.0;1939.0;25.0;-12.0;24.0;-45.0;ACETONE
1489.0;2663.0;4729.0;8182.0;1327.0;2023.0;1153.0;2153.0;4021.0;7250.0;1234.0;1967.0;21.0;-12.0;19.0;-44.0;ACETONE
1504.0;2705.0;4812.0;8283.0;1334.0;2026.0;1134.0;2129.0;3956.0;7145.0;1222.0;1932.0;16.0;-14.0;25.0;-44.0;ACETONE
1475.0;2657.0;4723.0;8076.0;1299.0;1977.0;1095.0;2063.0;3882.0;7026.0;1199.0;1911.0;24.0;-16.0;21.0;-44.0;ACETONE
1476.0;2660.0;4724.0;8115.0;1327.0;2018.0;1116.0;2114.0;3930.0;7156.0;1220.0;1953.0;31.0;-16.0;22.0;-44.0;ACETONE
1497.0;2709.0;4825.0;8305.0;1356.0;2084.0;1167.0;2190.0;4091.0;7452.0;1268.0;2028.0;18.0;-16.0;19.0;-44.0;ACETONE
1573.0;2827.0;5046.0;8677.0;1412.0;2163.0;1223.0;2288.0;4247.0;7669.0;1316.0;2103.0;23.0;-16.0;28.0;-46.0;ACETONE
1624.0;2895.0;5148.0;8875.0;1432.0;2168.0;1226.0;2298.0;4258.0;7684.0;1308.0;2074.0;10.0;-14.0;18.0;-46.0;ACETONE
1602.0;2878.0;5115.0;8826.0;1441.0;2190.0;1266.0;2377.0;4426.0;7945.0;1348.0;2138.0;11.0;-13.0;23.0;-46.0;ACETONE
1686.0;3010.0;5295.0;9037.0;1448.0;2180.0;1229.0;2305.0;4289.0;7750.0;1318.0;2092.0;15.0;-13.0;23.0;-46.0;ACETONE
1651.0;2955.0;5205.0;8934.0;1440.0;2182.0;1223.0;2292.0;4266.0;7740.0;1307.0;2084.0;26.0;-14.0;24.0;-46.0;ACETONE
1613.0;2896.0;5105.0;8744.0;1428.0;2183.0;1249.0;2364.0;4382.0;7902.0;1349.0;2140.0;15.0;-14.0;23.0;-46.0;ACETONE
1712.0;3051.0;5389.0;9260.0;1494.0;2254.0;1280.0;2393.0;4433.0;8045.0;1363.0;2166.0;24.0;-14.0;26.0;-43.0;ACETONE
1705.0;3048.0;5353.0;9128.0;1472.0;2218.0;1274.0;2379.0;4371.0;7854.0;1335.0;2109.0;15.0;-17.0;19.0;-43.0;ACETONE
1655.0;2972.0;5288.0;9015.0;1456.0;2206.0;1270.0;2361.0;4390.0;7908.0;1342.0;2140.0;5.0;-17.0;19.0;-45.0;ACETONE
1698.0;3022.0;5370.0;9215.0;1485.0;2250.0;1290.0;2415.0;4477.0;8064.0;1371.0;2168.0;25.0;-14.0;19.0;-45.0;ACETONE
1742.0;3099.0;5466.0;9327.0;1510.0;2294.0;1312.0;2448.0;4548.0;8214.0;1394.0;2212.0;24.0;-14.0;32.0;-43.0;ACETONE
1767.0;3133.0;5504.0;9370.0;1500.0;2263.0;1279.0;2382.0;4377.0;7950.0;1347.0;2126.0;20.0;-16.0;23.0;-45.0;ACETONE
1658.0;2957.0;5222.0;8929.0;1440.0;2180.0;1242.0;2322.0;4332.0;7812.0;1322.0;2093.0;20.0;-14.0;20.0;-46.0;ACETONE
1648.0;2956.0;5172.0;8867.0;1420.0;2137.0;1198.0;2238.0;4168.0;7530.0;1279.0;2037.0;20.0;-14.0;17.0;-48.0;ACETONE
1595.0;2848.0;5059.0;8633.0;1398.0;2124.0;1215.0;2267.0;4172.0;7607.0;1278.0;2039.0;22.0;-14.0;29.0;-48.0;ACETONE
1625.0;2912.0;5144.0;8768.0;1406.0;2127.0;1217.0;2283.0;4210.0;7601.0;1288.0;2050.0;26.0;-13.0;30.0;-48.0;ACETONE
1608.0;2883.0;5100.0;8698.0;1392.0;2118.0;1214.0;2266.0;4193.0;7547.0;1285.0;2043.0;15.0;-13.0;26.0;-45.0;ACETONE
1620.0;2905.0;5133.0;8777.0;1420.0;2148.0;1217.0;2272.0;4207.0;7610.0;1297.0;2060.0;10.0;-13.0;16.0;-45.0;ACETONE
1623.0;2917.0;5143.0;8804.0;1419.0;2158.0;1228.0;2293.0;4272.0;7679.0;1305.0;2066.0;13.0;-15.0;18.0;-45.0;ACETONE
1640.0;2937.0;5166.0;8828.0;1418.0;2139.0;1216.0;2265.0;4233.0;7622.0;1302.0;2077.0;21.0;-15.0;23.0;-45.0;ACETONE
1665.0;2981.0;5264.0;8969.0;1447.0;2179.0;1249.0;2324.0;4327.0;7800.0;1324.0;2103.0;19.0;-15.0;24.0;-45.0;ACETONE
1671.0;2991.0;5288.0;9017.0;1458.0;2216.0;1289.0;2410.0;4455.0;8026.0;1363.0;2167.0;23.0;-14.0;26.0;-45.0;ACETONE
1757.0;3127.0;5507.0;9336.0;1499.0;2254.0;1312.0;2439.0;4520.0;8064.0;1360.0;2140.0;24.0;-14.0;21.0;-45.0;ACETONE
1739.0;3077.0;5424.0;9288.0;1496.0;2267.0;1344.0;2490.0;4575.0;8198.0;1380.0;2191.0;22.0;-14.0;20.0;-45.0;ACETONE
1751.0;3130.0;5504.0;9395.0;1514.0;2286.0;1336.0;2502.0;4610.0;8285.0;1401.0;2214.0;24.0;-14.0;28.0;-45.0;ACETONE
1767.0;3151.0;5538.0;9545.0;1526.0;2310.0;1341.0;2504.0;4621.0;8274.0;1397.0;2218.0;28.0;-17.0;27.0;-44.0;ACETONE
1775.0;3170.0;5539.0;9463.0;1512.0;2277.0;1339.0;2475.0;4548.0;8174.0;1379.0;2182.0;26.0;-17.0;20.0;-43.0;ACETONE
1752.0;3126.0;5512.0;9398.0;1518.0;2289.0;1341.0;2489.0;4609.0;8226.0;1386.0;2201.0;14.0;-17.0;25.0;-44.0;ACETONE
1766.0;3142.0;5528.0;9473.0;1516.0;2290.0;1338.0;2487.0;4581.0;8232.0;1400.0;2201.0;15.0;-13.0;28.0;-43.0;ACETONE
1773.0;3150.0;5577.0;9580.0;1536.0;2317.0;1347.0;2519.0;4656.0;8404.0;1415.0;2238.0;27.0;-13.0;32.0;-43.0;ACETONE
1810.0;3227.0;5656.0;9631.0;1545.0;2336.0;1361.0;2550.0;4686.0;8436.0;1425.0;2260.0;10.0;-9.0;18.0;-49.0;ACETONE
1833.0;3219.0;5700.0;9830.0;1581.0;2394.0;1415.0;2621.0;4821.0;8628.0;1460.0;2295.0;12.0;-9.0;20.0;-49.0;ACETONE
1849.0;3280.0;5736.0;9803.0;1564.0;2349.0;1357.0;2518.0;4646.0;8345.0;1414.0;2252.0;13.0;-9.0;23.0;-49.0;ACETONE
1828.0;3246.0;5682.0;9668.0;1537.0;2293.0;1322.0;2478.0;4558.0;8192.0;1378.0;2193.0;12.0;-9.0;19.0;-49.0;ACETONE
1765.0;3151.0;5529.0;9455.0;1519.0;2293.0;1358.0;2526.0;4659.0;8347.0;1411.0;2219.0;16.0;-11.0;28.0;-49.0;ACETONE
1818.0;3238.0;5677.0;9545.0;1520.0;2278.0;1327.0;2466.0;4548.0;8156.0;1379.0;2182.0;21.0;-11.0;25.0;-49.0;ACETONE
1759.0;3127.0;5498.0;9319.0;1499.0;2247.0;1322.0;2469.0;4546.0;8141.0;1370.0;2157.0;25.0;-13.0;32.0;-49.0;ACETONE
1725.0;3070.0;5408.0;9256.0;1482.0;2244.0;1294.0;2408.0;4464.0;7932.0;1358.0;2155.0;25.0;-11.0;24.0;-51.0;ACETONE
1767.0;3130.0;5508.0;9362.0;1518.0;2291.0;1350.0;2507.0;4618.0;8279.0;1400.0;2225.0;30.0;-13.0;34.0;-46.0;ACETONE
1845.0;3276.0;5731.0;9748.0;1565.0;2361.0;1390.0;2563.0;4715.0;8481.0;1427.0;2265.0;25.0;-13.0;24.0;-47.0;ACETONE
1842.0;3275.0;5729.0;9741.0;1567.0;2355.0;1376.0;2534.0;4701.0;8401.0;1424.0;2239.0;25.0;-13.0;32.0;-47.0;ACETONE
1800.0;3205.0;5635.0;9664.0;1550.0;2348.0;1382.0;2567.0;4730.0;8496.0;1443.0;2280.0;16.0;-13.0;35.0;-47.0;ACETONE
1880.0;3341.0;5864.0;9879.0;1598.0;2386.0;1401.0;2588.0;4758.0;8534.0;1440.0;2290.0;19.0;-15.0;32.0;-47.0;ACETONE
1876.0;3328.0;5802.0;9806.0;1575.0;2359.0;1397.0;2606.0;4816.0;8631.0;1459.0;2300.0;19.0;-18.0;23.0;-47.0;ACETONE
1916.0;3394.0;5930.0;10007.0;1600.0;2374.0;1415.0;2612.0;4778.0;8616.0;1436.0;2261.0;28.0;-15.0;33.0;-48.0;ACETONE
1840.0;3265.0;5732.0;9801.0;1572.0;2375.0;1407.0;2606.0;4832.0;8669.0;1463.0;2308.0;19.0;-15.0;19.0;-48.0;ACETONE
1951.0;3433.0;5994.0;10147.0;1616.0;2413.0;1408.0;2621.0;4842.0;8672.0;1455.0;2294.0;14.0;-15.0;21.0;-47.0;ACETONE
1899.0;3345.0;5839.0;9895.0;1589.0;2387.0;1430.0;2639.0;4827.0;8632.0;1454.0;2300.0;24.0;-15.0;29.0;-44.0;ACETONE
1894.0;3370.0;5878.0;10030.0;1604.0;2427.0;1440.0;2664.0;4896.0;8669.0;1461.0;2293.0;19.0;-11.0;25.0;-44.0;ACETONE
1874.0;3322.0;5795.0;9866.0;1584.0;2371.0;1385.0;2560.0;4711.0;8448.0;1429.0;2252.0;19.0;-15.0;28.0;-43.0;ACETONE
1837.0;3267.0;5748.0;9803.0;1573.0;2371.0;1408.0;2614.0;4814.0;8556.0;1450.0;2301.0;19.0;-17.0;28.0;-43.0;ACETONE
1886.0;3344.0;5848.0;9935.0;1576.0;2325.0;1399.0;2595.0;4772.0;8577.0;1436.0;2259.0;22.0;-17.0;32.0;-41.0;ACETONE
1835.0;3281.0;5773.0;9832.0;1583.0;2381.0;1432.0;2629.0;4840.0;8648.0;1450.0;2292.0;28.0;-15.0;37.0;-41.0;ACETONE
1896.0;3357.0;5874.0;9933.0;1571.0;2359.0;1408.0;2612.0;4770.0;8478.0;1430.0;2256.0;27.0;-18.0;31.0;-41.0;ACETONE
1859.0;3292.0;5800.0;9784.0;1557.0;2344.0;1374.0;2554.0;4662.0;8381.0;1407.0;2219.0;27.0;-15.0;31.0;-47.0;ACETONE
1805.0;3227.0;5638.0;9550.0;1523.0;2288.0;1342.0;2488.0;4574.0;8228.0;1381.0;2195.0;19.0;-11.0;18.0;-52.0;ACETONE
1803.0;3190.0;5611.0;9539.0;1526.0;2289.0;1369.0;2536.0;4601.0;8224.0;1399.0;2205.0;26.0;-14.0;26.0;-52.0;ACETONE
1835.0;3257.0;5684.0;9656.0;1548.0;2329.0;1384.0;2565.0;4697.0;8424.0;1419.0;2251.0;19.0;-12.0;19.0;-47.0;ACETONE
1863.0;3289.0;5743.0;9823.0;1567.0;2351.0;1399.0;2594.0;4762.0;8532.0;1422.0;2244.0;30.0;-12.0;35.0;-46.0;ACETONE
1867.0;3306.0;5750.0;9672.0;1549.0;2350.0;1400.0;2588.0;4784.0;8543.0;1443.0;2280.0;28.0;-12.0;34.0;-46.0;ACETONE
1894.0;3339.0;5861.0;9960.0;1599.0;2412.0;1450.0;2671.0;4894.0;8748.0;1476.0;2329.0;21.0;-14.0;34.0;-46.0;ACETONE
1947.0;3442.0;6001.0;10198.0;1628.0;2443.0;1461.0;2709.0;4958.0;8873.0;1506.0;2355.0;21.0;-15.0;17.0;-46.0;ACETONE
1963.0;3463.0;6044.0;10257.0;1644.0;2477.0;1474.0;2717.0;5011.0;8980.0;1512.0;2382.0;16.0;-15.0;17.0;-45.0;ACETONE
1981.0;3484.0;6031.0;10298.0;1649.0;2470.0;1479.0;2720.0;5034.0;8977.0;1502.0;2373.0;29.0;-18.0;38.0;-44.0;ACETONE
1989.0;3498.0;6095.0;10298.0;1642.0;2445.0;1463.0;2695.0;4961.0;8869.0;1486.0;2326.0;24.0;-18.0;36.0;-44.0;ACETONE
1939.0;3418.0;5977.0;10107.0;1610.0;2404.0;1432.0;2647.0;4847.0;8680.0;1462.0;2297.0;14.0;-18.0;27.0;-44.0;ACETONE
1929.0;3395.0;5954.0;10056.0;1602.0;2421.0;1458.0;2701.0;4931.0;8840.0;1473.0;2311.0;20.0;-17.0;38.0;-44.0;ACETONE
1920.0;3398.0;5938.0;10084.0;1595.0;2393.0;1417.0;2616.0;4818.0;8571.0;1440.0;2261.0;14.0;-18.0;30.0;-47.0;ACETONE
1896.0;3354.0;5859.0;9953.0;1584.0;2388.0;1430.0;2642.0;4833.0;8665.0;1457.0;2301.0;20.0;-18.0;28.0;-48.0;ACETONE
1934.0;3420.0;5968.0;10065.0;1622.0;2439.0;1477.0;2721.0;4981.0;8899.0;1506.0;2388.0;11.0;-17.0;23.0;-48.0;ACETONE
2047.0;3591.0;6245.0;10581.0;1683.0;2506.0;1503.0;2796.0;5118.0;9122.0;1532.0;2402.0;23.0;-17.0;34.0;-48.0;ACETONE
2021.0;3564.0;6219.0;10470.0;1684.0;2505.0;1527.0;2809.0;5119.0;9129.0;1531.0;2405.0;15.0;-18.0;19.0;-48.0;ACETONE
2024.0;3561.0;6222.0;10533.0;1679.0;2518.0;1524.0;2805.0;5133.0;9162.0;1535.0;2409.0;16.0;-20.0;26.0;-48.0;ACETONE
2047.0;3591.0;6268.0;10652.0;1710.0;2596.0;1574.0;2901.0;5349.0;9510.0;1595.0;2517.0;22.0;-14.0;22.0;-46.0;ACETONE
2174.0;3833.0;6594.0;11151.0;1760.0;2620.0;1582.0;2911.0;5310.0;9470.0;1580.0;2481.0;32.0;-20.0;29.0;-46.0;ACETONE
2087.0;3674.0;6355.0;10713.0;1701.0;2522.0;1529.0;2817.0;5148.0;9155.0;1531.0;2407.0;19.0;-20.0;23.0;-45.0;ACETONE
2039.0;3575.0;6220.0;10516.0;1659.0;2469.0;1488.0;2746.0;5014.0;8958.0;1499.0;2354.0;17.0;-17.0;26.0;-45.0;ACETONE
1970.0;3453.0;6042.0;10272.0;1642.0;2483.0;1506.0;2777.0;5122.0;9136.0;1531.0;2392.0;19.0;-16.0;23.0;-45.0;ACETONE
2036.0;3588.0;6212.0;10499.0;1670.0;2492.0;1522.0;2801.0;5134.0;9119.0;1526.0;2396.0;19.0;-16.0;24.0;-45.0;ACETONE
2029.0;3561.0;6225.0;10489.0;1675.0;2501.0;1523.0;2796.0;5070.0;9067.0;1518.0;2399.0;19.0;-16.0;23.0;-45.0;ACETONE
2042.0;3592.0;6201.0;10466.0;1674.0;2511.0;1525.0;2802.0;5136.0;9169.0;1532.0;2407.0;24.0;-15.0;26.0;-50.0;ACETONE
2048.0;3599.0;6237.0;10531.0;1683.0;2534.0;1565.0;2880.0;5267.0;9314.0;1560.0;2453.0;19.0;-15.0;10.0;-49.0;ACETONE
2104.0;3697.0;6434.0;10839.0;1721.0;2566.0;1557.0;2876.0;5233.0;9347.0;1561.0;2462.0;22.0;-15.0;16.0;-50.0;ACETONE
2106.0;3695.0;6417.0;10817.0;1730.0;2597.0;1569.0;2882.0;5262.0;9348.0;1573.0;2492.0;21.0;-16.0;16.0;-50.0;ACETONE
2102.0;3679.0;6409.0;10825.0;1735.0;2591.0;1597.0;2933.0;5334.0;9515.0;1588.0;2499.0;21.0;-15.0;25.0;-49.0;ACETONE
2153.0;3758.0;6536.0;10979.0;1729.0;2577.0;1570.0;2913.0;5309.0;9367.0;1569.0;2484.0;25.0;-18.0;25.0;-48.0;ACETONE
2159.0;3787.0;6547.0;10984.0;1747.0;2595.0;1583.0;2906.0;5307.0;9457.0;1592.0;2496.0;33.0;-19.0;27.0;-48.0;ACETONE
2171.0;3795.0;6548.0;10955.0;1727.0;2569.0;1553.0;2851.0;5209.0;9297.0;1554.0;2440.0;20.0;-19.0;15.0;-47.0;ACETONE
2075.0;3647.0;6349.0;10648.0;1699.0;2530.0;1541.0;2831.0;5167.0;9106.0;1541.0;2427.0;16.0;-16.0;19.0;-47.0;ACETONE
2088.0;3660.0;6322.0;10685.0;1706.0;2546.0;1574.0;2865.0;5239.0;9285.0;1553.0;2415.0;16.0;-16.0;22.0;-47.0;ACETONE
2080.0;3664.0;6341.0;10672.0;1691.0;2529.0;1554.0;2868.0;5227.0;9300.0;1548.0;2457.0;14.0;-16.0;31.0;-47.0;ACETONE
2136.0;3742.0;6472.0;10923.0;1741.0;2588.0;1598.0;2935.0;5368.0;9532.0;1606.0;2492.0;16.0;-16.0;29.0;-47.0;ACETONE
2179.0;3816.0;6553.0;10980.0;1734.0;2592.0;1612.0;2928.0;5363.0;9455.0;1581.0;2488.0;28.0;-16.0;29.0;-47.0;ACETONE
2139.0;3748.0;6492.0;10885.0;1724.0;2556.0;1574.0;2893.0;5270.0;9315.0;1568.0;2467.0;20.0;-15.0;32.0;-47.0;ACETONE
2145.0;3745.0;6522.0;10907.0;1724.0;2588.0;1585.0;2915.0;5335.0;9437.0;1573.0;2476.0;26.0;-15.0;35.0;-47.0;ACETONE
2138.0;3728.0;6464.0;10861.0;1714.0;2542.0;1575.0;2883.0;5244.0;9284.0;1547.0;2436.0;12.0;-16.0;30.0;-47.0;ACETONE
2110.0;3686.0;6393.0;10731.0;1705.0;2526.0;1552.0;2851.0;5214.0;9233.0;1538.0;2417.0;11.0;-15.0;18.0;-45.0;ACETONE
2119.0;3706.0;6394.0;10773.0;1702.0;2538.0;1550.0;2861.0;5217.0;9260.0;1548.0;2430.0;23.0;-15.0;26.0;-45.0;ACETONE
2083.0;3663.0;6324.0;10657.0;1691.0;2534.0;1558.0;2855.0;5243.0;9250.0;1563.0;2463.0;21.0;-16.0;18.0;-46.0;ACETONE
2127.0;3730.0;6462.0;10838.0;1725.0;2561.0;1565.0;2861.0;5251.0;9330.0;1565.0;2451.0;20.0;-16.0;27.0;-47.0;ACETONE
2125.0;3719.0;6463.0;10825.0;1719.0;2540.0;1556.0;2857.0;5211.0;9251.0;1546.0;2420.0;22.0;-15.0;25.0;-47.0;ACETONE
2070.0;3629.0;6281.0;10496.0;1673.0;2503.0;1541.0;2832.0;5159.0;9190.0;1531.0;2405.0;20.0;-15.0;18.0;-49.0;ACETONE
2081.0;3653.0;6334.0;10582.0;1684.0;2502.0;1534.0;2826.0;5136.0;9113.0;1532.0;2422.0;12.0;-15.0;26.0;-49.0;ACETONE
2085.0;3653.0;6327.0;10641.0;1710.0;2553.0;1578.0;2900.0;5287.0;9336.0;1566.0;2456.0;16.0;-13.0;32.0;-49.0;ACETONE
2133.0;3741.0;6454.0;10815.0;1712.0;2542.0;1558.0;2873.0;5226.0;9293.0;1550.0;2429.0;13.0;-13.0;19.0;-49.0;ACETONE
2090.0;3675.0;6357.0;10671.0;1688.0;2518.0;1545.0;2846.0;5184.0;9180.0;1539.0;2409.0;16.0;-13.0;25.0;-49.0;ACETONE
2086.0;3638.0;6312.0;10527.0;1688.0;2520.0;1564.0;2874.0;5229.0;9221.0;1552.0;2422.0;29.0;-14.0;35.0;-49.0;ACETONE
2095.0;3646.0;6333.0;10641.0;1687.0;2527.0;1552.0;2860.0;5177.0;9202.0;1547.0;2426.0;20.0;-14.0;21.0;-49.0;ACETONE
2125.0;3720.0;6478.0;10838.0;1716.0;2554.0;1561.0;2866.0;5241.0;9342.0;1563.0;2451.0;24.0;-15.0;28.0;-45.0;ACETONE
2140.0;3732.0;6512.0;10844.0;1721.0;2552.0;1583.0;2900.0;5293.0;9377.0;1556.0;2435.0;21.0;-16.0;18.0;-45.0;ACETONE
2118.0;3696.0;6403.0;10741.0;1706.0;2538.0;1563.0;2895.0;5263.0;9298.0;1555.0;2456.0;21.0;-16.0;24.0;-45.0;ACETONE
2127.0;3735.0;6474.0;10899.0;1736.0;2590.0;1611.0;2943.0;5353.0;9482.0;1579.0;2494.0;13.0;-15.0;16.0;-46.0;ACETONE
2198.0;3835.0;6547.0;11109.0;1761.0;2632.0;1638.0;3010.0;5453.0;9579.0;1609.0;2520.0;12.0;-16.0;21.0;-48.0;ACETONE
2201.0;3826.0;6611.0;11057.0;1750.0;2611.0;1615.0;2961.0;5387.0;9517.0;1606.0;2518.0;24.0;-11.0;29.0;-48.0;ACETONE
2188.0;3839.0;6650.0;11129.0;1771.0;2610.0;1622.0;2970.0;5417.0;9587.0;1619.0;2554.0;23.0;-11.0;24.0;-48.0;ACETONE
2267.0;3950.0;6801.0;11436.0;1819.0;2717.0;1709.0;3116.0;5679.0;10011.0;1660.0;2586.0;13.0;-11.0;22.0;-49.0;ACETONE
2257.0;3952.0;6803.0;11370.0;1793.0;2652.0;1629.0;2993.0;5466.0;9714.0;1616.0;2533.0;13.0;-16.0;15.0;-50.0;ACETONE
2203.0;3847.0;6624.0;11121.0;1757.0;2615.0;1629.0;2976.0;5409.0;9548.0;1596.0;2505.0;15.0;-18.0;16.0;-49.0;ACETONE
2169.0;3803.0;6533.0;11009.0;1748.0;2592.0;1616.0;2956.0;5380.0;9505.0;1596.0;2489.0;15.0;-18.0;17.0;-49.0;ACETONE
2191.0;3847.0;6629.0;11062.0;1744.0;2594.0;1605.0;2938.0;5357.0;9479.0;1578.0;2478.0;14.0;-14.0;24.0;-48.0;ACETONE
2172.0;3788.0;6577.0;11075.0;1769.0;2655.0;1684.0;3068.0;5555.0;9839.0;1645.0;2555.0;15.0;-17.0;13.0;-47.0;ACETONE
2249.0;3922.0;6728.0;11331.0;1783.0;2646.0;1640.0;2993.0;5472.0;9663.0;1614.0;2526.0;15.0;-17.0;19.0;-47.0;ACETONE
2218.0;3858.0;6670.0;11191.0;1775.0;2641.0;1660.0;3034.0;5529.0;9726.0;1632.0;2555.0;27.0;-15.0;30.0;-47.0;ACETONE
2250.0;3921.0;6778.0;11420.0;1819.0;2734.0;1731.0;3163.0;5725.0;10122.0;1706.0;2646.0;29.0;-15.0;22.0;-47.0;ACETONE
2343.0;4095.0;7039.0;11820.0;1891.0;2823.0;1804.0;3289.0;5963.0;10563.0;1756.0;2741.0;27.0;-15.0;32.0;-47.0;ACETONE
2466.0;4271.0;7350.0;12233.0;1923.0;2820.0;1764.0;3197.0;5799.0;10333.0;1707.0;2653.0;25.0;-15.0;24.0;-48.0;ACETONE
2353.0;4101.0;7024.0;11841.0;1869.0;2773.0;1748.0;3216.0;5818.0;10180.0;1696.0;2622.0;25.0;-15.0;28.0;-46.0;ACETONE
2342.0;4078.0;7028.0;11643.0;1842.0;2711.0;1704.0;3100.0;5622.0;9893.0;1644.0;2568.0;29.0;-15.0;28.0;-47.0;ACETONE
2269.0;3944.0;6761.0;11311.0;1788.0;2660.0;1663.0;3036.0;5531.0;9801.0;1617.0;2523.0;19.0;-16.0;30.0;-46.0;ACETONE
2243.0;3921.0;6727.0;11273.0;1768.0;2627.0;1633.0;2982.0;5416.0;9532.0;1595.0;2495.0;19.0;-16.0;25.0;-46.0;ACETONE
2231.0;3872.0;6667.0;11143.0;1772.0;2627.0;1644.0;2992.0;5477.0;9721.0;1624.0;2534.0;17.0;-15.0;27.0;-46.0;ACETONE
2274.0;3940.0;6801.0;11371.0;1789.0;2655.0;1671.0;3057.0;5531.0;9764.0;1632.0;2570.0;23.0;-14.0;25.0;-47.0;ACETONE
2295.0;3990.0;6901.0;11567.0;1842.0;2764.0;1775.0;3227.0;5846.0;10340.0;1720.0;2687.0;23.0;-14.0;20.0;-50.0;ACETONE
2465.0;4262.0;7277.0;12104.0;1894.0;2793.0;1773.0;3225.0;5829.0;10226.0;1697.0;2636.0;24.0;-10.0;28.0;-50.0;ACETONE
2351.0;4095.0;7042.0;11698.0;1861.0;2770.0;1757.0;3193.0;5792.0;10266.0;1711.0;2668.0;13.0;-10.0;19.0;-51.0;ACETONE
2389.0;4134.0;7134.0;11892.0;1877.0;2778.0;1762.0;3158.0;5794.0;10251.0;1711.0;2667.0;19.0;-12.0;33.0;-50.0;ACETONE
2378.0;4127.0;7111.0;11860.0;1877.0;2754.0;1743.0;3170.0;5728.0;10086.0;1688.0;2624.0;16.0;-12.0;27.0;-49.0;ACETONE
2343.0;4069.0;6979.0;11615.0;1835.0;2742.0;1707.0;3137.0;5706.0;10098.0;1694.0;2638.0;18.0;-12.0;18.0;-49.0;ACETONE
2359.0;4114.0;7051.0;11687.0;1835.0;2710.0;1683.0;3079.0;5598.0;9886.0;1644.0;2567.0;18.0;-15.0;18.0;-49.0;ACETONE
2278.0;3953.0;6829.0;11428.0;1816.0;2709.0;1709.0;3130.0;5660.0;10025.0;1674.0;2625.0;20.0;-15.0;28.0;-49.0;ACETONE
2349.0;4093.0;7017.0;11660.0;1836.0;2700.0;1690.0;3101.0;5589.0;9884.0;1644.0;2572.0;26.0;-15.0;33.0;-49.0;ACETONE
2291.0;3971.0;6808.0;11365.0;1798.0;2662.0;1683.0;3065.0;5538.0;9800.0;1623.0;2515.0;19.0;-15.0;30.0;-49.0;ACETONE
2248.0;3887.0;6681.0;11131.0;1765.0;2609.0;1621.0;2959.0;5351.0;9518.0;1576.0;2467.0;22.0;-15.0;23.0;-49.0;ACETONE
2186.0;3804.0;6558.0;10955.0;1725.0;2572.0;1604.0;2933.0;5321.0;9457.0;1574.0;2453.0;20.0;-13.0;17.0;-47.0;ACETONE
2173.0;3803.0;6555.0;10955.0;1730.0;2572.0;1600.0;2934.0;5310.0;9408.0;1576.0;2458.0;30.0;-13.0;23.0;-47.0;ACETONE
2191.0;3806.0;6547.0;10991.0;1747.0;2611.0;1644.0;3005.0;5451.0;9604.0;1602.0;2505.0;20.0;-15.0;24.0;-47.0;ACETONE
2228.0;3871.0;6695.0;11191.0;1788.0;2662.0;1681.0;3075.0;5570.0;9884.0;1643.0;2581.0;24.0;-15.0;30.0;-46.0;ACETONE
2295.0;3992.0;6869.0;11502.0;1832.0;2703.0;1715.0;3130.0;5667.0;10087.0;1701.0;2668.0;23.0;-15.0;18.0;-46.0;ACETONE
2416.0;4204.0;7216.0;12002.0;1890.0;2802.0;1773.0;3223.0;5838.0;10308.0;1716.0;2658.0;24.0;-15.0;26.0;-46.0;ACETONE
2385.0;4127.0;7118.0;11846.0;1870.0;2760.0;1750.0;3192.0;5773.0;10170.0;1691.0;2633.0;21.0;-14.0;18.0;-46.0;ACETONE
2357.0;4107.0;7043.0;11693.0;1843.0;2724.0;1721.0;3137.0;5690.0;10000.0;1658.0;2595.0;32.0;-14.0;36.0;-46.0;ACETONE
2312.0;4021.0;6928.0;11566.0;1823.0;2724.0;1720.0;3151.0;5734.0;10147.0;1692.0;2648.0;19.0;-14.0;28.0;-46.0;ACETONE
2398.0;4163.0;7126.0;11846.0;1871.0;2749.0;1753.0;3196.0;5786.0;10153.0;1691.0;2632.0;22.0;-16.0;30.0;-46.0;ACETONE
2372.0;4111.0;7084.0;11879.0;1880.0;2806.0;1783.0;3249.0;5889.0;10405.0;1738.0;2705.0;27.0;-16.0;28.0;-50.0;ACETONE
2440.0;4258.0;7301.0;12087.0;1905.0;2788.0;1777.0;3233.0;5838.0;10205.0;1698.0;2648.0;22.0;-16.0;27.0;-46.0;ACETONE
2385.0;4128.0;7089.0;11817.0;1865.0;2771.0;1770.0;3204.0;5837.0;10296.0;1717.0;2683.0;17.0;-16.0;24.0;-46.0;ACETONE
2436.0;4236.0;7250.0;12063.0;1904.0;2808.0;1773.0;3224.0;5840.0;10346.0;1716.0;2681.0;23.0;-12.0;27.0;-45.0;ACETONE
2422.0;4196.0;7237.0;11988.0;1905.0;2819.0;1801.0;3282.0;5908.0;10407.0;1728.0;2703.0;21.0;-12.0;31.0;-45.0;ACETONE
2464.0;4265.0;7321.0;12142.0;1904.0;2796.0;1768.0;3221.0;5841.0;10223.0;1704.0;2659.0;32.0;-12.0;29.0;-45.0;ACETONE
2403.0;4177.0;7159.0;11943.0;1879.0;2773.0;1749.0;3195.0;5804.0;10249.0;1705.0;2659.0;15.0;-12.0;22.0;-47.0;ACETONE
2399.0;4161.0;7149.0;11874.0;1884.0;2775.0;1771.0;3204.0;5836.0;10208.0;1698.0;2657.0;18.0;-15.0;20.0;-47.0;ACETONE
2383.0;4136.0;7141.0;11893.0;1867.0;2768.0;1752.0;3207.0;5792.0;10235.0;1690.0;2643.0;18.0;-15.0;22.0;-48.0;ACETONE
2396.0;4173.0;7094.0;11785.0;1850.0;2730.0;1714.0;3133.0;5662.0;10001.0;1666.0;2598.0;23.0;-15.0;27.0;-48.0;ACETONE
2350.0;4062.0;6984.0;11670.0;1855.0;2765.0;1774.0;3230.0;5859.0;10290.0;1707.0;2673.0;25.0;-15.0;25.0;-48.0;ACETONE
2419.0;4211.0;7226.0;12040.0;1899.0;2819.0;1797.0;3299.0;5940.0;10422.0;1736.0;2695.0;26.0;-14.0;32.0;-48.0;ACETONE
2449.0;4231.0;7286.0;12152.0;1908.0;2850.0;1818.0;3313.0;5974.0;10474.0;1750.0;2701.0;18.0;-14.0;17.0;-48.0;ACETONE
2469.0;4283.0;7332.0;12228.0;1913.0;2829.0;1816.0;3277.0;5949.0;10425.0;1739.0;2691.0;23.0;-14.0;19.0;-52.0;ACETONE
2417.0;4189.0;7195.0;11973.0;1892.0;2779.0;1771.0;3220.0;5840.0;10242.0;1702.0;2660.0;21.0;-14.0;28.0;-52.0;ACETONE
2396.0;4162.0;7100.0;11878.0;1875.0;2812.0;1822.0;3307.0;5975.0;10505.0;1770.0;2773.0;20.0;-14.0;31.0;-48.0;ACETONE
2552.0;4409.0;7536.0;12473.0;1959.0;2883.0;1864.0;3367.0;6053.0;10596.0;1765.0;2746.0;20.0;-14.0;27.0;-52.0;ACETONE
2499.0;4319.0;7388.0;12320.0;1930.0;2848.0;1828.0;3306.0;5946.0;10461.0;1737.0;2682.0;22.0;-14.0;27.0;-49.0;ACETONE
2431.0;4233.0;7300.0;12095.0;1914.0;2848.0;1816.0;3324.0;6009.0;10546.0;1753.0;2756.0;26.0;-13.0;34.0;-49.0;ACETONE
2537.0;4382.0;7504.0;12515.0;1970.0;2929.0;1903.0;3412.0;6196.0;10876.0;1792.0;2778.0;26.0;-14.0;34.0;-49.0;ACETONE
2537.0;4396.0;7523.0;12509.0;1977.0;2915.0;1875.0;3397.0;6149.0;10741.0;1777.0;2756.0;22.0;-14.0;30.0;-49.0;ACETONE
2514.0;4335.0;7416.0;12337.0;1932.0;2847.0;1836.0;3324.0;5973.0;10545.0;1735.0;2688.0;28.0;-15.0;30.0;-49.0;ACETONE
2438.0;4222.0;7231.0;12038.0;1881.0;2777.0;1747.0;3199.0;5782.0;10104.0;1694.0;2632.0;18.0;-15.0;25.0;-49.0;ACETONE
2394.0;4137.0;7068.0;11846.0;1869.0;2772.0;1780.0;3212.0;5823.0;10193.0;1694.0;2635.0;35.0;-15.0;28.0;-49.0;ACETONE
2390.0;4138.0;7072.0;11776.0;1845.0;2744.0;1753.0;3199.0;5761.0;10118.0;1664.0;2615.0;26.0;-15.0;23.0;-49.0;ACETONE
2393.0;4142.0;7080.0;11768.0;1858.0;2733.0;1741.0;3188.0;5772.0;10178.0;1692.0;2633.0;23.0;-16.0;33.0;-50.0;ACETONE
2402.0;4176.0;7141.0;11816.0;1856.0;2740.0;1740.0;3173.0;5744.0;10127.0;1685.0;2634.0;29.0;-14.0;30.0;-50.0;ACETONE
2402.0;4151.0;7124.0;11868.0;1869.0;2761.0;1744.0;3192.0;5748.0;10138.0;1682.0;2628.0;20.0;-11.0;20.0;-50.0;ACETONE
2385.0;4115.0;7042.0;11722.0;1858.0;2750.0;1776.0;3234.0;5827.0;10211.0;1702.0;2645.0;21.0;-16.0;20.0;-50.0;ACETONE
2408.0;4166.0;7155.0;11917.0;1878.0;2781.0;1758.0;3218.0;5800.0;10218.0;1696.0;2653.0;13.0;-15.0;21.0;-52.0;ACETONE
2414.0;4168.0;7136.0;11924.0;1891.0;2807.0;1801.0;3284.0;5915.0;10443.0;1724.0;2696.0;11.0;-11.0;14.0;-52.0;ACETONE
2473.0;4299.0;7324.0;12213.0;1923.0;2842.0;1802.0;3284.0;5959.0;10487.0;1744.0;2720.0;13.0;-15.0;15.0;-45.0;ACETONE
2497.0;4311.0;7375.0;12252.0;1933.0;2864.0;1837.0;3329.0;5973.0;10605.0;1752.0;2756.0;24.0;-15.0;27.0;-48.0;ACETONE
2513.0;4339.0;7454.0;12458.0;1958.0;2892.0;1875.0;3404.0;6123.0;10768.0;1786.0;2759.0;28.0;-15.0;39.0;-48.0;ACETONE
2534.0;4384.0;7486.0;12409.0;1955.0;2880.0;1837.0;3347.0;6046.0;10615.0;1755.0;2740.0;25.0;-16.0;28.0;-48.0;ACETONE
2511.0;4362.0;7505.0;12406.0;1947.0;2860.0;1862.0;3374.0;6075.0;10659.0;1754.0;2743.0;18.0;-16.0;24.0;-48.0;ACETONE
2520.0;4355.0;7457.0;12442.0;1969.0;2892.0;1879.0;3403.0;6140.0;10739.0;1784.0;2787.0;18.0;-16.0;29.0;-48.0;ACETONE
2570.0;4424.0;7579.0;12558.0;1992.0;2965.0;1953.0;3531.0;6331.0;11083.0;1829.0;2861.0;24.0;-16.0;26.0;-48.0;ACETONE
2626.0;4532.0;7748.0;12834.0;2009.0;2952.0;1910.0;3452.0;6144.0;10887.0;1804.0;2800.0;21.0;-15.0;29.0;-49.0;ACETONE
2586.0;4442.0;7605.0;12633.0;1981.0;2909.0;1899.0;3444.0;6191.0;10840.0;1806.0;2783.0;17.0;-14.0;22.0;-50.0;ACETONE
2574.0;4429.0;7600.0;12581.0;1977.0;2921.0;1908.0;3436.0;6191.0;10888.0;1810.0;2814.0;19.0;-15.0;23.0;-50.0;ACETONE
2630.0;4515.0;7730.0;12731.0;2001.0;2938.0;1878.0;3422.0;6181.0;10793.0;1793.0;2796.0;24.0;-14.0;21.0;-49.0;ACETONE
2587.0;4451.0;7618.0;12576.0;1978.0;2913.0;1902.0;3472.0;6202.0;10842.0;1788.0;2785.0;16.0;-15.0;23.0;-50.0;ACETONE
2561.0;4428.0;7563.0;12551.0;1970.0;2902.0;1900.0;3442.0;6183.0;10797.0;1784.0;2776.0;25.0;-14.0;30.0;-51.0;ACETONE
2530.0;4381.0;7463.0;12432.0;1953.0;2880.0;1898.0;3426.0;6133.0;10795.0;1786.0;2798.0;11.0;-18.0;17.0;-51.0;ACETONE
2609.0;4507.0;7661.0;12607.0;1966.0;2879.0;1867.0;3393.0;6123.0;10679.0;1772.0;2749.0;16.0;-20.0;19.0;-52.0;ACETONE
2532.0;4375.0;7468.0;12377.0;1943.0;2861.0;1855.0;3356.0;6052.0;10548.0;1764.0;2718.0;27.0;-20.0;23.0;-52.0;ACETONE
2524.0;4347.0;7410.0;12307.0;1934.0;2860.0;1868.0;3364.0;6051.0;10611.0;1753.0;2734.0;23.0;-20.0;27.0;-50.0;ACETONE
2513.0;4335.0;7411.0;12304.0;1921.0;2841.0;1824.0;3321.0;6001.0;10489.0;1747.0;2717.0;19.0;-20.0;27.0;-50.0;ACETONE
2494.0;4302.0;7362.0;12244.0;1921.0;2834.0;1828.0;3294.0;5970.0;10510.0;1742.0;2700.0;18.0;-19.0;22.0;-53.0;ACETONE
2488.0;4284.0;7325.0;12078.0;1912.0;2820.0;1817.0;3296.0;5917.0;10393.0;1717.0;2693.0;33.0;-17.0;28.0;-54.0;ACETONE
2481.0;4283.0;7347.0;12213.0;1913.0;2824.0;1837.0;3308.0;5984.0;10435.0;1736.0;2693.0;15.0;-17.0;23.0;-54.0;ACETONE
2482.0;4279.0;7315.0;12161.0;1900.0;2803.0;1818.0;3300.0;5903.0;10432.0;1726.0;2682.0;18.0;-16.0;29.0;-54.0;ACETONE
2469.0;4276.0;7302.0;12157.0;1912.0;2828.0;1833.0;3309.0;5951.0;10440.0;1734.0;2703.0;16.0;-15.0;23.0;-48.0;ACETONE
2492.0;4293.0;7344.0;12169.0;1905.0;2808.0;1822.0;3309.0;5961.0;10446.0;1740.0;2722.0;18.0;-15.0;28.0;-48.0;ACETONE
2518.0;4358.0;7442.0;12245.0;1935.0;2859.0;1853.0;3358.0;6086.0;10618.0;1763.0;2755.0;20.0;-15.0;23.0;-47.0;ACETONE
2545.0;4394.0;7490.0;12430.0;1948.0;2865.0;1842.0;3353.0;6037.0;10579.0;1755.0;2738.0;19.0;-15.0;23.0;-48.0;ACETONE
2533.0;4356.0;7418.0;12255.0;1926.0;2839.0;1840.0;3324.0;6008.0;10479.0;1741.0;2699.0;20.0;-14.0;22.0;-48.0;ACETONE
2502.0;4315.0;7354.0;12163.0;1903.0;2810.0;1802.0;3275.0;5921.0;10391.0;1735.0;2720.0;20.0;-15.0;23.0;-48.0;ACETONE
2528.0;4353.0;7427.0;12336.0;1927.0;2842.0;1839.0;3350.0;6030.0;10544.0;1759.0;2730.0;24.0;-15.0;23.0;-48.0;ACETONE
2524.0;4347.0;7444.0;12376.0;1942.0;2882.0;1874.0;3394.0;6111.0;10742.0;1782.0;2777.0;17.0;-15.0;18.0;-48.0;ACETONE
2599.0;4478.0;7640.0;12647.0;1979.0;2900.0;1900.0;3410.0;6142.0;10710.0;1778.0;2768.0;24.0;-15.0;25.0;-48.0;ACETONE
2547.0;4410.0;7511.0;12470.0;1970.0;2901.0;1852.0;3363.0;6092.0;10709.0;1781.0;2762.0;24.0;-17.0;29.0;-47.0;ACETONE
2590.0;4445.0;7573.0;12589.0;1968.0;2895.0;1893.0;3434.0;6154.0;10756.0;1787.0;2783.0;30.0;-15.0;31.0;-48.0;ACETONE
2585.0;4397.0;7630.0;12583.0;1971.0;2909.0;1893.0;3400.0;6149.0;10753.0;1777.0;2774.0;28.0;-15.0;22.0;-48.0;ACETONE
2593.0;4455.0;7602.0;12526.0;1965.0;2887.0;1861.0;3367.0;6067.0;10636.0;1764.0;2759.0;28.0;-17.0;25.0;-49.0;ACETONE
2543.0;4382.0;7495.0;12435.0;1953.0;2871.0;1849.0;3360.0;6027.0;10582.0;1764.0;2742.0;33.0;-17.0;32.0;-52.0;ACETONE
2536.0;4373.0;7477.0;12413.0;1966.0;2910.0;1876.0;3419.0;6137.0;10785.0;1792.0;2767.0;19.0;-17.0;24.0;-52.0;ACETONE
2577.0;4434.0;7581.0;12555.0;1974.0;2935.0;1916.0;3450.0;6219.0;10889.0;1816.0;2815.0;18.0;-17.0;21.0;-52.0;ACETONE
2603.0;4468.0;7617.0;12580.0;1973.0;2890.0;1861.0;3387.0;6097.0;10643.0;1761.0;2732.0;24.0;-16.0;36.0;-50.0;ACETONE
2545.0;4391.0;7490.0;12389.0;1937.0;2847.0;1845.0;3370.0;6024.0;10543.0;1748.0;2708.0;17.0;-16.0;18.0;-51.0;ACETONE
2519.0;4334.0;7388.0;12281.0;1934.0;2845.0;1860.0;3367.0;6067.0;10626.0;1761.0;2738.0;19.0;-11.0;26.0;-50.0;ACETONE
2552.0;4414.0;7515.0;12491.0;1971.0;2907.0;1904.0;3444.0;6193.0;10865.0;1809.0;2815.0;27.0;-12.0;29.0;-51.0;ACETONE
2649.0;4551.0;7771.0;12765.0;2009.0;2935.0;1914.0;3471.0;6233.0;10871.0;1799.0;2790.0;25.0;-12.0;29.0;-50.0;ACETONE
2617.0;4515.0;7716.0;12819.0;2029.0;2986.0;1996.0;3591.0;6452.0;11172.0;1854.0;2855.0;19.0;-12.0;22.0;-51.0;ACETONE
2662.0;4588.0;7818.0;12904.0;2025.0;2979.0;1953.0;3548.0;6376.0;11040.0;1831.0;2828.0;16.0;-12.0;24.0;-50.0;ACETONE
2638.0;4534.0;7729.0;12746.0;1997.0;2917.0;1898.0;3456.0;6205.0;10916.0;1810.0;2792.0;21.0;-12.0;26.0;-50.0;ACETONE
2605.0;4496.0;7678.0;12738.0;2003.0;2948.0;1937.0;3507.0;6318.0;11035.0;1821.0;2856.0;16.0;-12.0;20.0;-47.0;ACETONE
2698.0;4634.0;7903.0;13034.0;2026.0;2986.0;1966.0;3567.0;6412.0;11242.0;1852.0;2872.0;17.0;-16.0;36.0;-47.0;ACETONE
2682.0;4603.0;7814.0;12906.0;2011.0;2933.0;1920.0;3474.0;6165.0;10878.0;1806.0;2803.0;23.0;-16.0;21.0;-47.0;ACETONE
2620.0;4515.0;7710.0;12755.0;1992.0;2918.0;1910.0;3443.0;6180.0;10935.0;1785.0;2786.0;15.0;-16.0;17.0;-52.0;ACETONE
2601.0;4492.0;7658.0;12657.0;2001.0;2943.0;1933.0;3495.0;6270.0;11015.0;1827.0;2836.0;24.0;-16.0;21.0;-52.0;ACETONE
2658.0;4596.0;7851.0;12970.0;2043.0;3003.0;1972.0;3544.0;6386.0;11140.0;1869.0;2894.0;24.0;-15.0;26.0;-52.0;ACETONE
2771.0;4762.0;8058.0;13312.0;2078.0;3036.0;2006.0;3623.0;6468.0;11300.0;1858.0;2873.0;25.0;-15.0;25.0;-48.0;ACETONE
2681.0;4597.0;7838.0;13036.0;2026.0;2967.0;1958.0;3518.0;6291.0;10995.0;1826.0;2831.0;26.0;-17.0;31.0;-48.0;ACETONE
2660.0;4577.0;7809.0;12832.0;1999.0;2947.0;1944.0;3519.0;6298.0;10989.0;1811.0;2812.0;23.0;-17.0;33.0;-48.0;ACETONE
2629.0;4524.0;7699.0;12642.0;1983.0;2911.0;1919.0;3461.0;6242.0;10867.0;1812.0;2824.0;8.0;-19.0;30.0;-49.0;ACETONE
2697.0;4612.0;7817.0;12933.0;2029.0;2973.0;1954.0;3525.0;6331.0;11019.0;1820.0;2839.0;8.0;-19.0;28.0;-51.0;ACETONE
2672.0;4600.0;7823.0;12895.0;2021.0;2983.0;1982.0;3582.0;6397.0;11165.0;1857.0;2852.0;22.0;-21.0;30.0;-51.0;ACETONE
2683.0;4629.0;7873.0;12919.0;2025.0;2986.0;1963.0;3541.0;6365.0;11124.0;1851.0;2877.0;22.0;-21.0;28.0;-49.0;ACETONE
2729.0;4694.0;7968.0;13116.0;2048.0;2999.0;1971.0;3551.0;6368.0;11150.0;1842.0;2850.0;25.0;-22.0;27.0;-51.0;ACETONE
2691.0;4618.0;7870.0;13026.0;2015.0;2976.0;1973.0;3534.0;6356.0;11061.0;1829.0;2856.0;17.0;-21.0;19.0;-48.0;ACETONE
2696.0;4638.0;7871.0;13047.0;2041.0;3001.0;1977.0;3562.0;6405.0;11177.0;1846.0;2878.0;15.0;-21.0;24.0;-48.0;ACETONE
2713.0;4643.0;7947.0;13043.0;2035.0;3000.0;1971.0;3565.0;6435.0;11234.0;1865.0;2867.0;12.0;-20.0;19.0;-48.0;ACETONE
2704.0;4654.0;7841.0;13132.0;2040.0;3010.0;2007.0;3611.0;6488.0;11278.0;1870.0;2881.0;20.0;-14.0;18.0;-48.0;ACETONE
2742.0;4706.0;7991.0;13136.0;2052.0;3007.0;1973.0;3555.0;6383.0;11197.0;1843.0;2869.0;20.0;-14.0;15.0;-45.0;ACETONE
2683.0;4618.0;7880.0;13007.0;2033.0;2977.0;1975.0;3559.0;6371.0;11091.0;1836.0;2827.0;30.0;-14.0;34.0;-48.0;ACETONE
2658.0;4580.0;7715.0;12767.0;1993.0;2943.0;1977.0;3558.0;6370.0;11043.0;1832.0;2837.0;25.0;-14.0;27.0;-50.0;ACETONE
2683.0;4605.0;7839.0;12978.0;2019.0;2980.0;1983.0;3539.0;6399.0;11163.0;1851.0;2861.0;16.0;-14.0;28.0;-51.0;ACETONE
2697.0;4609.0;7876.0;12972.0;2034.0;2974.0;1970.0;3548.0;6325.0;11066.0;1823.0;2827.0;14.0;-15.0;25.0;-52.0;ACETONE
2656.0;4571.0;7801.0;12891.0;2009.0;2946.0;1943.0;3498.0;6306.0;10943.0;1818.0;2822.0;18.0;-15.0;25.0;-52.0;ACETONE
2678.0;4602.0;7781.0;12873.0;1999.0;2937.0;1914.0;3468.0;6246.0;10864.0;1802.0;2795.0;13.0;-15.0;23.0;-51.0;ACETONE
2646.0;4553.0;7745.0;12826.0;2007.0;2947.0;1945.0;3505.0;6283.0;10983.0;1813.0;2819.0;21.0;-15.0;28.0;-51.0;ACETONE
2671.0;4591.0;7771.0;12852.0;2015.0;2988.0;1966.0;3541.0;6386.0;11183.0;1852.0;2863.0;13.0;-15.0;21.0;-52.0;ACETONE
2721.0;4654.0;7937.0;13084.0;2045.0;3005.0;2000.0;3592.0;6423.0;11235.0;1859.0;2893.0;12.0;-14.0;19.0;-52.0;ACETONE
2761.0;4729.0;8026.0;13158.0;2050.0;3020.0;2006.0;3615.0;6503.0;11345.0;1874.0;2906.0;10.0;-15.0;14.0;-52.0;ACETONE
2758.0;4721.0;8059.0;13230.0;2078.0;3034.0;2008.0;3646.0;6552.0;11443.0;1894.0;2926.0;35.0;-16.0;19.0;-52.0;ACETONE
2780.0;4803.0;8133.0;13431.0;2113.0;3118.0;2093.0;3769.0;6739.0;11795.0;1937.0;2992.0;19.0;-15.0;30.0;-50.0;ACETONE
2877.0;4901.0;8302.0;13681.0;2138.0;3118.0;2085.0;3740.0;6669.0;11594.0;1919.0;2973.0;20.0;-16.0;19.0;-48.0;ACETONE
2826.0;4840.0;8207.0;13455.0;2108.0;3081.0;2047.0;3700.0;6637.0;11524.0;1891.0;2950.0;13.0;-16.0;21.0;-48.0;ACETONE
2807.0;4812.0;8164.0;13420.0;2090.0;3053.0;2042.0;3675.0;6545.0;11410.0;1886.0;2917.0;24.0;-15.0;30.0;-50.0;ACETONE
2786.0;4771.0;8075.0;13336.0;2090.0;3063.0;2021.0;3639.0;6504.0;11437.0;1894.0;2934.0;19.0;-15.0;26.0;-48.0;ACETONE
2780.0;4773.0;8107.0;13300.0;2087.0;3052.0;2030.0;3656.0;6547.0;11419.0;1879.0;2914.0;32.0;-9.0;31.0;-48.0;ACETONE
2766.0;4751.0;8077.0;13317.0;2080.0;3051.0;2042.0;3655.0;6552.0;11463.0;1884.0;2923.0;30.0;-9.0;31.0;-51.0;ACETONE
2808.0;4828.0;8166.0;13473.0;2104.0;3074.0;2074.0;3718.0;6632.0;11492.0;1897.0;2919.0;17.0;-14.0;26.0;-54.0;ACETONE
2775.0;4748.0;8056.0;13233.0;2077.0;3046.0;2058.0;3687.0;6572.0;11481.0;1889.0;2927.0;15.0;-14.0;32.0;-48.0;ACETONE
2780.0;4787.0;8095.0;13329.0;2082.0;3047.0;2029.0;3660.0;6536.0;11374.0;1873.0;2888.0;32.0;-14.0;30.0;-49.0;ACETONE
2731.0;4698.0;7954.0;13122.0;2051.0;3007.0;2004.0;3612.0;6487.0;11327.0;1851.0;2871.0;14.0;-15.0;25.0;-49.0;ACETONE
2731.0;4649.0;7942.0;13149.0;2055.0;3031.0;2029.0;3665.0;6495.0;11433.0;1885.0;2919.0;27.0;-17.0;38.0;-49.0;ACETONE
2806.0;4798.0;8142.0;13346.0;2081.0;3045.0;2040.0;3644.0;6498.0;11384.0;1863.0;2885.0;20.0;-16.0;25.0;-46.0;ACETONE
2732.0;4683.0;7935.0;13097.0;2046.0;2989.0;1986.0;3570.0;6383.0;11116.0;1845.0;2849.0;20.0;-16.0;25.0;-49.0;ACETONE
2714.0;4671.0;7908.0;13016.0;2029.0;2968.0;1947.0;3511.0;6249.0;10939.0;1825.0;2825.0;20.0;-15.0;28.0;-52.0;ACETONE
2661.0;4581.0;7809.0;12879.0;2022.0;2994.0;2005.0;3623.0;6471.0;11205.0;1854.0;2886.0;19.0;-13.0;17.0;-52.0;ACETONE
2732.0;4693.0;7994.0;13177.0;2058.0;3016.0;2023.0;3636.0;6509.0;11370.0;1871.0;2888.0;21.0;-13.0;20.0;-48.0;ACETONE
2709.0;4672.0;7988.0;13192.0;2064.0;3037.0;2031.0;3663.0;6559.0;11374.0;1881.0;2904.0;33.0;-13.0;22.0;-48.0;ACETONE
2746.0;4745.0;8052.0;13318.0;2091.0;3083.0;2069.0;3723.0;6670.0;11579.0;1905.0;2942.0;12.0;-14.0;19.0;-47.0;ACETONE
2827.0;4829.0;8156.0;13444.0;2082.0;3041.0;2031.0;3643.0;6533.0;11391.0;1872.0;2891.0;13.0;-14.0;15.0;-47.0;ACETONE
2746.0;4715.0;7963.0;13114.0;2052.0;3016.0;2007.0;3611.0;6495.0;11293.0;1870.0;2865.0;13.0;-14.0;20.0;-47.0;ACETONE
2744.0;4724.0;8000.0;13154.0;2051.0;3030.0;2022.0;3651.0;6477.0;11378.0;1893.0;2936.0;24.0;-16.0;31.0;-48.0;ACETONE
2820.0;4829.0;8210.0;13505.0;2107.0;3117.0;2122.0;3814.0;6813.0;11876.0;1973.0;3037.0;19.0;-14.0;25.0;-48.0;ACETONE
2916.0;4984.0;8435.0;13784.0;2163.0;3141.0;2098.0;3779.0;6754.0;11749.0;1934.0;2978.0;15.0;-14.0;20.0;-48.0;ACETONE
2837.0;4860.0;8211.0;13530.0;2095.0;3064.0;2026.0;3654.0;6502.0;11369.0;1886.0;2919.0;24.0;-14.0;24.0;-48.0;ACETONE
2780.0;4780.0;8078.0;13308.0;2076.0;3045.0;2048.0;3681.0;6559.0;11469.0;1884.0;2922.0;20.0;-19.0;17.0;-48.0;ACETONE
2789.0;4780.0;8099.0;13357.0;2079.0;3041.0;2048.0;3664.0;6546.0;11414.0;1875.0;2908.0;21.0;-18.0;29.0;-48.0;ACETONE
2761.0;4733.0;8047.0;13230.0;2071.0;3048.0;2034.0;3649.0;6557.0;11408.0;1881.0;2942.0;14.0;-18.0;18.0;-48.0;ACETONE
2836.0;4835.0;8226.0;13493.0;2119.0;3087.0;2078.0;3728.0;6658.0;11577.0;1914.0;2936.0;24.0;-11.0;19.0;-48.0;ACETONE
2819.0;4830.0;8175.0;13445.0;2110.0;3114.0;2115.0;3791.0;6749.0;11784.0;1946.0;3029.0;24.0;-16.0;26.0;-45.0;ACETONE
2964.0;5062.0;8502.0;14082.0;2191.0;3195.0;2163.0;3884.0;6908.0;12013.0;1984.0;3054.0;18.0;-16.0;15.0;-45.0;ACETONE
2936.0;5023.0;8496.0;14024.0;2180.0;3182.0;2144.0;3862.0;6890.0;11982.0;1972.0;3042.0;18.0;-11.0;26.0;-45.0;ACETONE
2927.0;4997.0;8463.0;13878.0;2167.0;3157.0;2136.0;3831.0;6821.0;11840.0;1952.0;3019.0;13.0;-16.0;18.0;-45.0;ACETONE
2903.0;4977.0;8376.0;13813.0;2148.0;3122.0;2116.0;3791.0;6730.0;11644.0;1921.0;2956.0;14.0;-18.0;25.0;-52.0;ACETONE
2844.0;4854.0;8220.0;13458.0;2097.0;3064.0;2062.0;3699.0;6597.0;11415.0;1894.0;2917.0;10.0;-18.0;20.0;-52.0;ACETONE
2824.0;4813.0;8126.0;13327.0;2079.0;3041.0;2052.0;3684.0;6566.0;11292.0;1871.0;2895.0;15.0;-16.0;14.0;-52.0;ACETONE
2798.0;4781.0;8087.0;13368.0;2077.0;3057.0;2071.0;3707.0;6620.0;11500.0;1892.0;2933.0;30.0;-16.0;27.0;-52.0;ACETONE
2808.0;4791.0;8162.0;13367.0;2095.0;3056.0;2058.0;3683.0;6577.0;11392.0;1888.0;2905.0;18.0;-16.0;21.0;-55.0;ACETONE
2795.0;4772.0;8118.0;13311.0;2087.0;3064.0;2104.0;3766.0;6689.0;11565.0;1900.0;2923.0;12.0;-15.0;20.0;-51.0;ACETONE
2824.0;4840.0;8208.0;13424.0;2098.0;3071.0;2064.0;3708.0;6629.0;11454.0;1887.0;2918.0;13.0;-15.0;20.0;-49.0;ACETONE
2803.0;4784.0;8130.0;13378.0;2083.0;3056.0;2072.0;3692.0;6617.0;11431.0;1876.0;2907.0;15.0;-18.0;21.0;-49.0;ACETONE
2783.0;4760.0;8053.0;13249.0;2068.0;3024.0;2018.0;3640.0;6486.0;11348.0;1869.0;2895.0;22.0;-18.0;18.0;-49.0;ACETONE
2788.0;4760.0;8075.0;13213.0;2070.0;3032.0;2049.0;3666.0;6559.0;11317.0;1871.0;2906.0;21.0;-15.0;18.0;-49.0;ACETONE
2789.0;4792.0;8124.0;13307.0;2072.0;3019.0;2024.0;3641.0;6489.0;11324.0;1862.0;2888.0;23.0;-12.0;25.0;-49.0;ACETONE
2766.0;4732.0;8009.0;13169.0;2072.0;3028.0;2038.0;3678.0;6551.0;11357.0;1876.0;2899.0;21.0;-12.0;21.0;-49.0;ACETONE
2795.0;4789.0;8104.0;13269.0;2071.0;3035.0;2023.0;3625.0;6497.0;11328.0;1864.0;2876.0;19.0;-12.0;27.0;-47.0;ACETONE
2771.0;4733.0;8035.0;13262.0;2077.0;3033.0;2032.0;3658.0;6532.0;11416.0;1894.0;2940.0;16.0;-16.0;29.0;-44.0;ACETONE
2832.0;4822.0;8190.0;13470.0;2083.0;3057.0;2071.0;3703.0;6583.0;11417.0;1884.0;2916.0;22.0;-17.0;29.0;-44.0;ACETONE
2804.0;4786.0;8160.0;13387.0;2091.0;3050.0;2051.0;3677.0;6529.0;11357.0;1885.0;2909.0;20.0;-18.0;29.0;-47.0;ACETONE
2793.0;4766.0;8076.0;13254.0;2078.0;3033.0;2037.0;3640.0;6511.0;11342.0;1871.0;2884.0;22.0;-18.0;30.0;-48.0;ACETONE
2793.0;4782.0;8063.0;13189.0;2060.0;3020.0;2030.0;3652.0;6508.0;11236.0;1860.0;2884.0;17.0;-19.0;29.0;-49.0;ACETONE
2757.0;4740.0;8026.0;13191.0;2054.0;3003.0;2007.0;3645.0;6498.0;11335.0;1865.0;2881.0;25.0;-19.0;23.0;-49.0;ACETONE
2781.0;4783.0;8097.0;13234.0;2064.0;3030.0;2036.0;3664.0;6532.0;11433.0;1876.0;2894.0;18.0;-17.0;32.0;-49.0;ACETONE
2795.0;4750.0;8047.0;13262.0;2073.0;3005.0;2027.0;3636.0;6503.0;11247.0;1851.0;2882.0;14.0;-17.0;18.0;-52.0;ACETONE
2776.0;4739.0;7996.0;13198.0;2051.0;3012.0;2020.0;3623.0;6453.0;11199.0;1850.0;2862.0;12.0;-17.0;27.0;-49.0;ACETONE
2742.0;4674.0;7959.0;13130.0;2033.0;2979.0;1984.0;3566.0;6362.0;11106.0;1838.0;2851.0;14.0;-14.0;23.0;-45.0;ACETONE
2732.0;4666.0;7890.0;13009.0;2043.0;3021.0;2021.0;3638.0;6481.0;11342.0;1859.0;2886.0;13.0;-14.0;24.0;-47.0;ACETONE
2768.0;4731.0;8063.0;13300.0;2074.0;3046.0;2045.0;3662.0;6570.0;11459.0;1886.0;2923.0;23.0;-14.0;24.0;-47.0;ACETONE
2809.0;4798.0;8131.0;13312.0;2080.0;3047.0;2025.0;3651.0;6512.0;11386.0;1887.0;2913.0;14.0;-14.0;19.0;-46.0;ACETONE
2839.0;4844.0;8195.0;13463.0;2101.0;3088.0;2059.0;3709.0;6587.0;11494.0;1894.0;2953.0;18.0;-14.0;16.0;-47.0;ACETONE
2860.0;4855.0;8215.0;13451.0;2092.0;3066.0;2065.0;3694.0;6577.0;11494.0;1885.0;2931.0;14.0;-14.0;27.0;-48.0;ACETONE
2835.0;4832.0;8179.0;13447.0;2100.0;3094.0;2113.0;3778.0;6715.0;11626.0;1913.0;2970.0;25.0;-14.0;23.0;-48.0;ACETONE
2883.0;4930.0;8306.0;13613.0;2122.0;3101.0;2089.0;3748.0;6670.0;11601.0;1929.0;2987.0;22.0;-12.0;27.0;-48.0;ACETONE
2920.0;4983.0;8419.0;13817.0;2141.0;3135.0;2128.0;3820.0;6788.0;11781.0;1940.0;2980.0;28.0;-19.0;31.0;-50.0;ACETONE
2875.0;4891.0;8272.0;13567.0;2109.0;3091.0;2095.0;3751.0;6641.0;11566.0;1911.0;2964.0;25.0;-19.0;26.0;-48.0;ACETONE
2846.0;4871.0;8222.0;13577.0;2110.0;3093.0;2104.0;3779.0;6722.0;11719.0;1927.0;2982.0;19.0;-19.0;28.0;-47.0;ACETONE
2893.0;4931.0;8357.0;13739.0;2156.0;3154.0;2158.0;3861.0;6853.0;11883.0;1962.0;3038.0;22.0;-12.0;34.0;-50.0;ACETONE
2972.0;5041.0;8469.0;13953.0;2163.0;3155.0;2122.0;3802.0;6769.0;11825.0;1944.0;3011.0;28.0;-19.0;34.0;-51.0;ACETONE
2896.0;4921.0;8334.0;13649.0;2127.0;3121.0;2104.0;3767.0;6729.0;11694.0;1924.0;2977.0;35.0;-18.0;27.0;-47.0;ACETONE
2859.0;4873.0;8250.0;13599.0;2125.0;3126.0;2126.0;3803.0;6761.0;11760.0;1930.0;2974.0;18.0;-18.0;24.0;-51.0;ACETONE
2856.0;4881.0;8275.0;13636.0;2122.0;3103.0;2088.0;3756.0;6724.0;11678.0;1918.0;2960.0;22.0;-20.0;24.0;-51.0;ACETONE
2843.0;4862.0;8195.0;13537.0;2104.0;3080.0;2085.0;3738.0;6660.0;11585.0;1902.0;2954.0;20.0;-20.0;21.0;-50.0;ACETONE
2865.0;4910.0;8232.0;13537.0;2103.0;3074.0;2080.0;3721.0;6626.0;11545.0;1902.0;2938.0;24.0;-18.0;30.0;-50.0;ACETONE
2828.0;4823.0;8178.0;13364.0;2086.0;3042.0;2036.0;3664.0;6512.0;11412.0;1882.0;2912.0;16.0;-16.0;22.0;-51.0;ACETONE
2826.0;4820.0;8199.0;13535.0;2102.0;3063.0;2069.0;3734.0;6656.0;11528.0;1894.0;2947.0;24.0;-16.0;30.0;-50.0;ACETONE
2873.0;4901.0;8289.0;13630.0;2122.0;3125.0;2128.0;3807.0;6780.0;11823.0;1935.0;3010.0;22.0;-16.0;35.0;-50.0;ACETONE
2938.0;5013.0;8460.0;13928.0;2170.0;3206.0;2211.0;3921.0;7007.0;12151.0;2003.0;3082.0;19.0;-18.0;32.0;-48.0;ACETONE
2986.0;5115.0;8628.0;14132.0;2199.0;3214.0;2187.0;3922.0;6960.0;12089.0;1986.0;3076.0;29.0;-18.0;31.0;-48.0;ACETONE
2998.0;5140.0;8655.0;14145.0;2191.0;3206.0;2196.0;3922.0;7001.0;12126.0;2006.0;3088.0;13.0;-20.0;21.0;-45.0;ACETONE
3022.0;5123.0;8673.0;14228.0;2215.0;3235.0;2203.0;3937.0;7013.0;12125.0;1996.0;3084.0;15.0;-20.0;31.0;-48.0;ACETONE
2967.0;5073.0;8599.0;14056.0;2199.0;3226.0;2214.0;3967.0;7054.0;12187.0;1998.0;3073.0;15.0;-15.0;23.0;-48.0;ACETONE
2988.0;5088.0;8592.0;14066.0;2199.0;3206.0;2199.0;3934.0;6986.0;12017.0;1977.0;3069.0;13.0;-15.0;27.0;-48.0;ACETONE
2984.0;5101.0;8584.0;14084.0;2182.0;3190.0;2171.0;3894.0;6912.0;12004.0;1969.0;3032.0;15.0;-15.0;22.0;-48.0;ACETONE
2940.0;5002.0;8452.0;13899.0;2161.0;3173.0;2168.0;3865.0;6922.0;11921.0;1955.0;3020.0;22.0;-15.0;28.0;-50.0;ACETONE
2899.0;4969.0;8401.0;13803.0;2145.0;3128.0;2111.0;3783.0;6785.0;11739.0;1935.0;2980.0;15.0;-17.0;29.0;-50.0;ACETONE
2899.0;4969.0;8334.0;13734.0;2136.0;3113.0;2149.0;3827.0;6795.0;11829.0;1944.0;2995.0;24.0;-17.0;27.0;-50.0;ACETONE
2921.0;4977.0;8429.0;13771.0;2154.0;3140.0;2132.0;3813.0;6771.0;11811.0;1942.0;2996.0;22.0;-17.0;22.0;-50.0;ACETONE
2907.0;4941.0;8411.0;13758.0;2140.0;3143.0;2127.0;3822.0;6823.0;11808.0;1946.0;3020.0;17.0;-17.0;23.0;-50.0;ACETONE
2936.0;5014.0;8441.0;13835.0;2175.0;3164.0;2141.0;3843.0;6903.0;11956.0;1966.0;3047.0;15.0;-14.0;22.0;-53.0;ACETONE
2973.0;5060.0;8541.0;13945.0;2179.0;3185.0;2155.0;3879.0;6892.0;11975.0;1976.0;3057.0;29.0;-14.0;37.0;-53.0;ACETONE
2960.0;5059.0;8524.0;13944.0;2178.0;3161.0;2138.0;3825.0;6813.0;11773.0;1937.0;3007.0;24.0;-14.0;17.0;-49.0;ACETONE
2919.0;4980.0;8372.0;13738.0;2143.0;3151.0;2132.0;3821.0;6838.0;11879.0;1964.0;3051.0;26.0;-17.0;23.0;-53.0;ACETONE
2991.0;5080.0;8618.0;14046.0;2178.0;3199.0;2183.0;3910.0;6978.0;12175.0;1995.0;3089.0;24.0;-17.0;25.0;-49.0;ACETONE
3040.0;5193.0;8706.0;14201.0;2200.0;3197.0;2191.0;3923.0;6960.0;12012.0;1978.0;3061.0;16.0;-17.0;21.0;-46.0;ACETONE
2975.0;5077.0;8554.0;13968.0;2172.0;3175.0;2158.0;3874.0;6852.0;11951.0;1951.0;3019.0;17.0;-17.0;23.0;-49.0;ACETONE
2905.0;4962.0;8393.0;13770.0;2154.0;3124.0;2142.0;3844.0;6821.0;11820.0;1934.0;2979.0;17.0;-17.0;19.0;-49.0;ACETONE
2908.0;4972.0;8438.0;13816.0;2156.0;3168.0;2156.0;3818.0;6862.0;11842.0;1947.0;3012.0;20.0;-16.0;36.0;-49.0;ACETONE
2937.0;5011.0;8423.0;13751.0;2142.0;3141.0;2131.0;3823.0;6797.0;11822.0;1936.0;2986.0;19.0;-16.0;23.0;-46.0;ACETONE
2901.0;4976.0;8417.0;13803.0;2146.0;3138.0;2123.0;3810.0;6769.0;11750.0;1939.0;3011.0;20.0;-16.0;25.0;-49.0;ACETONE
2948.0;5012.0;8482.0;13940.0;2151.0;3148.0;2147.0;3830.0;6837.0;11893.0;1950.0;3003.0;32.0;-18.0;25.0;-49.0;ACETONE
2928.0;5000.0;8435.0;13772.0;2149.0;3119.0;2128.0;3792.0;6774.0;11733.0;1933.0;2983.0;16.0;-18.0;28.0;-49.0;ACETONE
2920.0;4966.0;8411.0;13775.0;2143.0;3119.0;2135.0;3814.0;6785.0;11759.0;1927.0;2961.0;17.0;-18.0;18.0;-49.0;ACETONE
2899.0;4923.0;8324.0;13634.0;2113.0;3080.0;2088.0;3745.0;6647.0;11488.0;1898.0;2921.0;23.0;-19.0;26.0;-50.0;ACETONE
2842.0;4867.0;8231.0;13495.0;2091.0;3087.0;2094.0;3772.0;6728.0;11675.0;1914.0;2952.0;16.0;-19.0;29.0;-49.0;ACETONE
2879.0;4916.0;8306.0;13631.0;2121.0;3096.0;2099.0;3770.0;6705.0;11632.0;1910.0;2949.0;15.0;-16.0;16.0;-49.0;ACETONE
2853.0;4897.0;8257.0;13609.0;2117.0;3109.0;2093.0;3733.0;6691.0;11639.0;1915.0;2959.0;23.0;-17.0;22.0;-49.0;ACETONE
2875.0;4905.0;8306.0;13626.0;2127.0;3138.0;2128.0;3826.0;6825.0;11779.0;1952.0;3015.0;25.0;-17.0;20.0;-49.0;ACETONE
2941.0;5013.0;8502.0;13943.0;2173.0;3172.0;2159.0;3851.0;6852.0;11860.0;1958.0;3010.0;16.0;-16.0;25.0;-49.0;ACETONE
2928.0;4998.0;8437.0;13815.0;2150.0;3120.0;2112.0;3786.0;6736.0;11640.0;1908.0;2956.0;22.0;-14.0;30.0;-49.0;ACETONE
2844.0;4880.0;8252.0;13546.0;2113.0;3097.0;2099.0;3759.0;6745.0;11743.0;1929.0;2979.0;27.0;-11.0;26.0;-48.0;ACETONE
2905.0;4971.0;8349.0;13679.0;2127.0;3103.0;2139.0;3817.0;6792.0;11729.0;1934.0;2984.0;16.0;-8.0;27.0;-47.0;ACETONE
2914.0;4970.0;8413.0;13759.0;2153.0;3159.0;2154.0;3845.0;6844.0;11845.0;1953.0;3031.0;20.0;-8.0;27.0;-47.0;ACETONE
2941.0;5022.0;8543.0;14046.0;2201.0;3188.0;2191.0;3905.0;6954.0;12052.0;1992.0;3055.0;26.0;-8.0;32.0;-47.0;ACETONE
2991.0;5107.0;8589.0;13986.0;2183.0;3180.0;2135.0;3824.0;6807.0;11874.0;1963.0;3031.0;20.0;-9.0;26.0;-48.0;ACETONE
2929.0;5005.0;8399.0;13838.0;2157.0;3152.0;2156.0;3859.0;6850.0;11916.0;1940.0;2999.0;20.0;-17.0;26.0;-50.0;ACETONE
2902.0;4954.0;8396.0;13769.0;2138.0;3150.0;2143.0;3841.0;6851.0;11882.0;1951.0;3015.0;25.0;-17.0;29.0;-51.0;ACETONE
2917.0;4976.0;8410.0;13827.0;2151.0;3149.0;2135.0;3822.0;6793.0;11745.0;1948.0;3018.0;17.0;-16.0;17.0;-50.0;ACETONE
2941.0;5018.0;8474.0;13865.0;2148.0;3149.0;2146.0;3858.0;6843.0;11922.0;1947.0;2999.0;27.0;-15.0;36.0;-52.0;ACETONE
2904.0;4967.0;8400.0;13768.0;2146.0;3147.0;2143.0;3830.0;6817.0;11830.0;1955.0;3032.0;10.0;-16.0;22.0;-52.0;ACETONE
2985.0;5083.0;8575.0;14031.0;2196.0;3209.0;2214.0;3947.0;6996.0;12230.0;1999.0;3088.0;15.0;-16.0;22.0;-52.0;ACETONE
3029.0;5140.0;8706.0;14203.0;2212.0;3223.0;2169.0;3913.0;6966.0;12029.0;1975.0;3040.0;15.0;-15.0;18.0;-54.0;ACETONE
2932.0;5000.0;8457.0;13893.0;2159.0;3152.0;2167.0;3859.0;6833.0;11805.0;1959.0;3024.0;21.0;-18.0;25.0;-55.0;ACETONE
2967.0;5053.0;8507.0;13935.0;2172.0;3156.0;2143.0;3841.0;6847.0;11897.0;1961.0;3031.0;23.0;-18.0;18.0;-55.0;ACETONE
2960.0;5050.0;8517.0;13888.0;2163.0;3158.0;2160.0;3859.0;6856.0;11892.0;1950.0;3016.0;21.0;-15.0;33.0;-54.0;ACETONE
2939.0;5019.0;8455.0;13845.0;2135.0;3133.0;2130.0;3809.0;6795.0;11790.0;1924.0;2968.0;25.0;-15.0;29.0;-53.0;ACETONE
2884.0;4928.0;8315.0;13638.0;2132.0;3122.0;2149.0;3797.0;6812.0;11723.0;1940.0;3002.0;25.0;-15.0;17.0;-52.0;ACETONE
2916.0;4990.0;8386.0;13791.0;2150.0;3146.0;2148.0;3810.0;6820.0;11848.0;1933.0;2996.0;30.0;-15.0;17.0;-51.0;ACETONE
2916.0;4999.0;8396.0;13689.0;2132.0;3101.0;2089.0;3761.0;6711.0;11616.0;1917.0;2959.0;27.0;-18.0;23.0;-52.0;ACETONE
2873.0;4903.0;8291.0;13611.0;2120.0;3090.0;2113.0;3791.0;6718.0;11696.0;1925.0;2988.0;20.0;-18.0;27.0;-50.0;ACETONE
2900.0;4939.0;8376.0;13711.0;2129.0;3104.0;2086.0;3750.0;6717.0;11652.0;1920.0;2970.0;18.0;-18.0;28.0;-50.0;ACETONE
2886.0;4917.0;8321.0;13650.0;2133.0;3118.0;2110.0;3791.0;6748.0;11734.0;1936.0;2967.0;16.0;-18.0;28.0;-47.0;ACETONE
2907.0;4963.0;8387.0;13718.0;2144.0;3135.0;2111.0;3787.0;6770.0;11714.0;1938.0;3002.0;20.0;-19.0;19.0;-47.0;ACETONE
2922.0;4980.0;8441.0;13865.0;2155.0;3147.0;2138.0;3844.0;6847.0;11864.0;1951.0;3003.0;12.0;-18.0;16.0;-47.0;ACETONE
2914.0;4988.0;8454.0;13949.0;2178.0;3178.0;2197.0;3932.0;7008.0;12110.0;1993.0;3052.0;16.0;-14.0;25.0;-47.0;ACETONE
2990.0;5102.0;8611.0;14083.0;2184.0;3172.0;2167.0;3891.0;6898.0;11940.0;1957.0;3026.0;19.0;-13.0;26.0;-47.0;ACETONE
2925.0;4989.0;8448.0;13868.0;2170.0;3189.0;2154.0;3875.0;6905.0;11998.0;1960.0;3044.0;13.0;-14.0;21.0;-48.0;ACETONE
2990.0;5104.0;8567.0;13993.0;2172.0;3163.0;2164.0;3862.0;6857.0;11871.0;1944.0;3010.0;16.0;-14.0;21.0;-48.0;ACETONE
2928.0;4989.0;8440.0;13754.0;2148.0;3147.0;2153.0;3848.0;6828.0;11837.0;1958.0;3027.0;18.0;-14.0;20.0;-50.0;ACETONE
2969.0;5091.0;8575.0;14030.0;2181.0;3188.0;2157.0;3865.0;6876.0;11962.0;1956.0;3032.0;17.0;-15.0;19.0;-50.0;ACETONE
2948.0;5024.0;8507.0;13979.0;2175.0;3160.0;2154.0;3861.0;6852.0;11874.0;1959.0;3019.0;18.0;-18.0;20.0;-50.0;ACETONE
2953.0;5036.0;8459.0;13900.0;2152.0;3136.0;2146.0;3832.0;6820.0;11833.0;1936.0;2977.0;13.0;-15.0;20.0;-50.0;ACETONE
2906.0;4954.0;8355.0;13690.0;2128.0;3119.0;2102.0;3787.0;6753.0;11723.0;1938.0;2987.0;16.0;-14.0;27.0;-50.0;ACETONE
2923.0;4990.0;8420.0;13734.0;2138.0;3117.0;2139.0;3828.0;6750.0;11777.0;1924.0;2978.0;26.0;-13.0;23.0;-51.0;ACETONE
2898.0;4935.0;8337.0;13652.0;2133.0;3133.0;2124.0;3813.0;6795.0;11793.0;1935.0;2991.0;18.0;-13.0;29.0;-50.0;ACETONE
2900.0;4971.0;8369.0;13794.0;2163.0;3139.0;2161.0;3860.0;6820.0;11841.0;1960.0;3014.0;28.0;-13.0;29.0;-47.0;ACETONE
2940.0;5021.0;8428.0;13851.0;2154.0;3144.0;2162.0;3880.0;6899.0;11903.0;1949.0;3004.0;27.0;-13.0;29.0;-51.0;ACETONE
2945.0;5045.0;8493.0;13904.0;2134.0;3116.0;2101.0;3773.0;6702.0;11603.0;1926.0;2964.0;28.0;-11.0;33.0;-51.0;ACETONE
2882.0;4917.0;8361.0;13734.0;2150.0;3155.0;2170.0;3874.0;6862.0;11941.0;1957.0;3022.0;25.0;-11.0;23.0;-51.0;ACETONE
2972.0;5044.0;8532.0;13944.0;2164.0;3162.0;2158.0;3873.0;6880.0;11919.0;1965.0;3029.0;25.0;-11.0;35.0;-51.0;ACETONE
2962.0;5072.0;8538.0;13978.0;2182.0;3169.0;2175.0;3900.0;6988.0;12041.0;1965.0;3031.0;22.0;-11.0;23.0;-52.0;ACETONE
2976.0;5072.0;8552.0;13923.0;2168.0;3153.0;2145.0;3834.0;6837.0;11857.0;1958.0;2984.0;20.0;-11.0;28.0;-52.0;ACETONE
2942.0;5019.0;8468.0;13960.0;2168.0;3169.0;2176.0;3886.0;6939.0;11991.0;1971.0;3025.0;15.0;-11.0;32.0;-52.0;ACETONE
2963.0;5030.0;8459.0;13907.0;2159.0;3159.0;2149.0;3834.0;6857.0;11894.0;1957.0;3017.0;29.0;-17.0;28.0;-52.0;ACETONE
2974.0;5066.0;8546.0;13964.0;2175.0;3172.0;2158.0;3863.0;6871.0;11864.0;1962.0;3008.0;15.0;-17.0;17.0;-50.0;ACETONE
2964.0;5050.0;8486.0;13912.0;2171.0;3159.0;2155.0;3853.0;6843.0;11922.0;1959.0;3021.0;14.0;-21.0;24.0;-46.0;ACETONE
2949.0;5043.0;8520.0;14041.0;2177.0;3198.0;2200.0;3876.0;6999.0;12113.0;1987.0;3069.0;18.0;-21.0;24.0;-46.0;ACETONE
3023.0;5134.0;8674.0;14166.0;2197.0;3242.0;2240.0;3987.0;7082.0;12327.0;2019.0;3103.0;24.0;-17.0;30.0;-48.0;ACETONE
3051.0;5160.0;8757.0;14323.0;2241.0;3246.0;2237.0;3982.0;7062.0;12199.0;1991.0;3086.0;18.0;-18.0;17.0;-48.0;ACETONE
3006.0;5127.0;8666.0;14258.0;2228.0;3261.0;2231.0;4021.0;7147.0;12309.0;2033.0;3119.0;24.0;-14.0;26.0;-48.0;ACETONE
3086.0;5236.0;8767.0;14324.0;2225.0;3254.0;2213.0;3972.0;7070.0;12230.0;2009.0;3105.0;25.0;-14.0;27.0;-50.0;ACETONE
3025.0;5146.0;8683.0;14144.0;2201.0;3205.0;2191.0;3901.0;6937.0;12098.0;1986.0;3054.0;27.0;-17.0;26.0;-50.0;ACETONE
3021.0;5100.0;8622.0;14074.0;2174.0;3155.0;2184.0;3905.0;6932.0;11966.0;1946.0;3022.0;23.0;-18.0;14.0;-50.0;ACETONE
2954.0;5023.0;8475.0;13841.0;2153.0;3143.0;2121.0;3804.0;6779.0;11819.0;1948.0;3017.0;23.0;-17.0;15.0;-51.0;ACETONE
2967.0;5028.0;8553.0;13941.0;2171.0;3192.0;2179.0;3908.0;6928.0;12039.0;1972.0;3048.0;23.0;-17.0;25.0;-52.0;ACETONE
2990.0;5071.0;8565.0;14055.0;2192.0;3200.0;2184.0;3886.0;6980.0;12061.0;1973.0;3043.0;26.0;-15.0;32.0;-55.0;ACETONE
2989.0;5087.0;8579.0;14073.0;2187.0;3205.0;2181.0;3923.0;7004.0;12112.0;1995.0;3085.0;20.0;-15.0;18.0;-52.0;ACETONE
3055.0;5201.0;8769.0;14376.0;2239.0;3288.0;2264.0;4033.0;7167.0;12354.0;2030.0;3137.0;23.0;-15.0;28.0;-52.0;ACETONE
3076.0;5238.0;8796.0;14401.0;2238.0;3252.0;2219.0;3960.0;7076.0;12197.0;1992.0;3072.0;23.0;-15.0;27.0;-46.0;ACETONE
3022.0;5156.0;8666.0;14144.0;2209.0;3234.0;2192.0;3959.0;7043.0;12190.0;2002.0;3082.0;14.0;-16.0;21.0;-46.0;ACETONE
3014.0;5139.0;8674.0;14196.0;2209.0;3235.0;2209.0;3950.0;7015.0;12213.0;1996.0;3077.0;16.0;-16.0;18.0;-46.0;ACETONE
3036.0;5158.0;8707.0;14225.0;2214.0;3244.0;2235.0;4007.0;7100.0;12253.0;2015.0;3122.0;11.0;-16.0;19.0;-47.0;ACETONE
3064.0;5195.0;8756.0;14332.0;2227.0;3242.0;2203.0;3940.0;7036.0;12182.0;1993.0;3067.0;16.0;-16.0;25.0;-48.0;ACETONE
3018.0;5128.0;8665.0;14193.0;2204.0;3229.0;2223.0;3967.0;7074.0;12169.0;2002.0;3085.0;22.0;-16.0;21.0;-50.0;ACETONE
3022.0;5162.0;8690.0;14349.0;2227.0;3271.0;2251.0;4008.0;7162.0;12353.0;2032.0;3148.0;11.0;-15.0;21.0;-52.0;ACETONE
3095.0;5253.0;8851.0;14503.0;2249.0;3299.0;2276.0;4058.0;7231.0;12455.0;2043.0;3149.0;12.0;-16.0;16.0;-50.0;ACETONE
3088.0;5265.0;8832.0;14416.0;2241.0;3252.0;2242.0;3989.0;7030.0;12223.0;2009.0;3091.0;22.0;-15.0;28.0;-50.0;ACETONE
3060.0;5171.0;8743.0;14300.0;2220.0;3230.0;2234.0;3986.0;7066.0;12205.0;1995.0;3091.0;21.0;-15.0;29.0;-53.0;ACETONE
3063.0;5188.0;8711.0;14226.0;2213.0;3220.0;2231.0;3986.0;7076.0;12208.0;2002.0;3078.0;9.0;-16.0;18.0;-46.0;ACETONE
3051.0;5189.0;8751.0;14284.0;2233.0;3267.0;2255.0;4014.0;7180.0;12392.0;2040.0;3138.0;10.0;-16.0;22.0;-46.0;ACETONE
3113.0;5271.0;8876.0;14528.0;2263.0;3316.0;2297.0;4118.0;7304.0;12555.0;2064.0;3155.0;23.0;-16.0;18.0;-47.0;ACETONE
3135.0;5328.0;8926.0;14589.0;2246.0;3277.0;2261.0;4060.0;7206.0;12448.0;2033.0;3130.0;18.0;-19.0;13.0;-49.0;ACETONE
3100.0;5282.0;8841.0;14433.0;2230.0;3250.0;2261.0;4032.0;7121.0;12325.0;2024.0;3105.0;20.0;-19.0;14.0;-49.0;ACETONE
3059.0;5204.0;8694.0;14216.0;2218.0;3245.0;2232.0;3965.0;7096.0;12261.0;2002.0;3097.0;18.0;-19.0;17.0;-51.0;ACETONE
3046.0;5193.0;8750.0;14275.0;2211.0;3217.0;2202.0;3953.0;7029.0;12150.0;1986.0;3070.0;14.0;-19.0;27.0;-52.0;ACETONE
3037.0;5161.0;8693.0;14173.0;2205.0;3227.0;2214.0;3957.0;7051.0;12272.0;2010.0;3104.0;25.0;-19.0;30.0;-57.0;ACETONE
3074.0;5228.0;8827.0;14356.0;2242.0;3283.0;2291.0;4089.0;7244.0;12505.0;2045.0;3143.0;19.0;-19.0;30.0;-55.0;ACETONE
3133.0;5304.0;8961.0;14679.0;2300.0;3370.0;2364.0;4161.0;7418.0;12844.0;2103.0;3235.0;13.0;-19.0;25.0;-55.0;ACETONE
3246.0;5460.0;9170.0;14955.0;2319.0;3357.0;2318.0;4137.0;7298.0;12693.0;2060.0;3186.0;18.0;-19.0;27.0;-55.0;ACETONE
3131.0;5342.0;8981.0;14662.0;2265.0;3280.0;2283.0;4056.0;7170.0;12411.0;2019.0;3098.0;19.0;-16.0;22.0;-55.0;ACETONE
3084.0;5229.0;8807.0;14371.0;2236.0;3275.0;2298.0;4077.0;7194.0;12453.0;2047.0;3147.0;25.0;-19.0;24.0;-55.0;ACETONE
3143.0;5310.0;8877.0;14580.0;2247.0;3268.0;2267.0;4019.0;7144.0;12309.0;2018.0;3086.0;24.0;-16.0;26.0;-54.0;ACETONE
3046.0;5173.0;8699.0;14241.0;2202.0;3221.0;2211.0;3909.0;6972.0;12091.0;1989.0;3060.0;25.0;-15.0;30.0;-53.0;ACETONE
3026.0;5146.0;8659.0;14165.0;2203.0;3219.0;2260.0;4020.0;7156.0;12266.0;2012.0;3098.0;22.0;-16.0;18.0;-53.0;ACETONE
3109.0;5279.0;8834.0;14400.0;2227.0;3251.0;2241.0;4005.0;7062.0;12289.0;2008.0;3105.0;25.0;-13.0;28.0;-53.0;ACETONE
3077.0;5205.0;8736.0;14249.0;2220.0;3228.0;2255.0;3999.0;7092.0;12306.0;2010.0;3102.0;19.0;-13.0;26.0;-47.0;ACETONE
3085.0;5237.0;8798.0;14329.0;2223.0;3251.0;2271.0;4028.0;7154.0;12325.0;2029.0;3122.0;19.0;-16.0;28.0;-47.0;ACETONE
3108.0;5272.0;8818.0;14376.0;2242.0;3270.0;2265.0;4036.0;7163.0;12240.0;2020.0;3116.0;16.0;-20.0;24.0;-51.0;ACETONE
3085.0;5237.0;8812.0;14399.0;2231.0;3261.0;2270.0;4051.0;7174.0;12348.0;2023.0;3109.0;21.0;-20.0;24.0;-47.0;ACETONE
3105.0;5252.0;8836.0;14346.0;2228.0;3242.0;2251.0;4008.0;7073.0;12299.0;2017.0;3095.0;31.0;-20.0;26.0;-47.0;ACETONE
3045.0;5181.0;8755.0;14286.0;2220.0;3236.0;2236.0;3990.0;7078.0;12216.0;1993.0;3075.0;27.0;-13.0;29.0;-47.0;ACETONE
3032.0;5145.0;8700.0;14251.0;2214.0;3215.0;2224.0;3973.0;7034.0;12145.0;1982.0;3074.0;20.0;-13.0;31.0;-47.0;ACETONE
3028.0;5151.0;8647.0;14144.0;2207.0;3242.0;2249.0;4008.0;7146.0;12410.0;2048.0;3166.0;16.0;-13.0;28.0;-47.0;ACETONE
3174.0;5377.0;9034.0;14763.0;2279.0;3301.0;2294.0;4082.0;7243.0;12433.0;2043.0;3144.0;17.0;-16.0;19.0;-49.0;ACETONE
3134.0;5310.0;8920.0;14567.0;2261.0;3280.0;2259.0;4016.0;7155.0;12352.0;2030.0;3119.0;21.0;-16.0;32.0;-51.0;ACETONE
3070.0;5217.0;8781.0;14333.0;2244.0;3277.0;2306.0;4092.0;7216.0;12430.0;2035.0;3110.0;16.0;-16.0;27.0;-51.0;ACETONE
3101.0;5254.0;8830.0;14432.0;2235.0;3255.0;2243.0;3999.0;7115.0;12338.0;2019.0;3097.0;16.0;-16.0;22.0;-49.0;ACETONE
3060.0;5204.0;8735.0;14238.0;2214.0;3220.0;2233.0;3982.0;7099.0;12236.0;2001.0;3073.0;16.0;-16.0;23.0;-49.0;ACETONE
3056.0;5209.0;8785.0;14276.0;2216.0;3235.0;2258.0;4013.0;7108.0;12276.0;2000.0;3076.0;14.0;-16.0;17.0;-49.0;ACETONE
3060.0;5181.0;8729.0;14184.0;2192.0;3202.0;2222.0;3955.0;6993.0;12073.0;1986.0;3055.0;16.0;-16.0;18.0;-49.0;ACETONE
3013.0;5112.0;8663.0;14114.0;2196.0;3214.0;2219.0;3962.0;7023.0;12141.0;1997.0;3077.0;25.0;-16.0;24.0;-50.0;ACETONE
3058.0;5175.0;8738.0;14265.0;2221.0;3238.0;2266.0;4031.0;7139.0;12341.0;2022.0;3134.0;26.0;-16.0;22.0;-52.0;ACETONE
3077.0;5223.0;8824.0;14419.0;2253.0;3301.0;2302.0;4112.0;7292.0;12563.0;2062.0;3164.0;14.0;-14.0;22.0;-52.0;ACETONE
3133.0;5322.0;8925.0;14578.0;2268.0;3322.0;2330.0;4135.0;7300.0;12622.0;2063.0;3184.0;18.0;-14.0;23.0;-50.0;ACETONE
3152.0;5355.0;8983.0;14611.0;2253.0;3278.0;2259.0;4023.0;7151.0;12388.0;2026.0;3144.0;14.0;-16.0;16.0;-50.0;ACETONE
3110.0;5286.0;8884.0;14530.0;2258.0;3290.0;2286.0;4074.0;7200.0;12441.0;2033.0;3122.0;23.0;-16.0;23.0;-54.0;ACETONE
3113.0;5269.0;8887.0;14528.0;2263.0;3298.0;2314.0;4097.0;7269.0;12573.0;2051.0;3169.0;15.0;-16.0;23.0;-48.0;ACETONE
3181.0;5384.0;9026.0;14671.0;2275.0;3290.0;2284.0;4073.0;7178.0;12404.0;2049.0;3144.0;20.0;-16.0;24.0;-53.0;ACETONE
3160.0;5381.0;8988.0;14686.0;2286.0;3318.0;2331.0;4137.0;7334.0;12662.0;2084.0;3196.0;27.0;-16.0;29.0;-54.0;ACETONE
3213.0;5423.0;9099.0;14849.0;2312.0;3379.0;2316.0;4142.0;7344.0;12768.0;2092.0;3204.0;25.0;-16.0;22.0;-54.0;ACETONE
3186.0;5412.0;9078.0;14781.0;2288.0;3305.0;2295.0;4095.0;7249.0;12523.0;2051.0;3168.0;23.0;-15.0;24.0;-55.0;ACETONE
3135.0;5308.0;8946.0;14673.0;2276.0;3334.0;2351.0;4180.0;7386.0;12723.0;2078.0;3198.0;23.0;-19.0;24.0;-55.0;ACETONE
3187.0;5392.0;9054.0;14759.0;2285.0;3315.0;2307.0;4125.0;7301.0;12499.0;2047.0;3157.0;23.0;-19.0;24.0;-55.0;ACETONE
3132.0;5321.0;8905.0;14591.0;2249.0;3291.0;2305.0;4077.0;7236.0;12471.0;2041.0;3134.0;28.0;-19.0;29.0;-51.0;ACETONE
3120.0;5260.0;8902.0;14508.0;2258.0;3276.0;2308.0;4103.0;7239.0;12501.0;2048.0;3148.0;35.0;-19.0;31.0;-51.0;ACETONE
3131.0;5303.0;8882.0;14610.0;2288.0;3340.0;2344.0;4171.0;7376.0;12681.0;2078.0;3194.0;23.0;-20.0;30.0;-51.0;ACETONE
3163.0;5347.0;8987.0;14673.0;2292.0;3340.0;2317.0;4142.0;7330.0;12679.0;2076.0;3207.0;23.0;-19.0;21.0;-51.0;ACETONE
3207.0;5445.0;9135.0;14876.0;2311.0;3371.0;2355.0;4212.0;7443.0;12787.0;2090.0;3214.0;23.0;-19.0;25.0;-51.0;ACETONE
3212.0;5453.0;9140.0;14919.0;2316.0;3389.0;2371.0;4218.0;7456.0;12927.0;2118.0;3233.0;13.0;-17.0;19.0;-51.0;ACETONE
3230.0;5479.0;9194.0;14941.0;2306.0;3345.0;2348.0;4169.0;7391.0;12708.0;2082.0;3188.0;27.0;-17.0;24.0;-53.0;ACETONE
3161.0;5353.0;9011.0;14709.0;2295.0;3349.0;2318.0;4145.0;7354.0;12664.0;2068.0;3188.0;15.0;-16.0;20.0;-53.0;ACETONE
3178.0;5381.0;9056.0;14679.0;2269.0;3289.0;2282.0;4046.0;7169.0;12351.0;2030.0;3130.0;13.0;-16.0;20.0;-52.0;ACETONE
3127.0;5315.0;8890.0;14533.0;2258.0;3305.0;2318.0;4118.0;7302.0;12584.0;2065.0;3176.0;30.0;-16.0;23.0;-51.0;ACETONE
3165.0;5366.0;9027.0;14673.0;2262.0;3297.0;2299.0;4106.0;7221.0;12494.0;2048.0;3142.0;18.0;-16.0;23.0;-51.0;ACETONE
3137.0;5336.0;8920.0;14546.0;2261.0;3315.0;2318.0;4124.0;7281.0;12581.0;2049.0;3176.0;24.0;-15.0;19.0;-51.0;ACETONE
3154.0;5341.0;8952.0;14645.0;2256.0;3293.0;2312.0;4092.0;7211.0;12470.0;2039.0;3131.0;19.0;-12.0;27.0;-50.0;ACETONE
3094.0;5292.0;8858.0;14466.0;2247.0;3295.0;2314.0;4101.0;7233.0;12470.0;2045.0;3143.0;18.0;-12.0;28.0;-50.0;ACETONE
3144.0;5327.0;8947.0;14627.0;2270.0;3308.0;2305.0;4081.0;7251.0;12479.0;2043.0;3146.0;12.0;-12.0;19.0;-50.0;ACETONE
3151.0;5334.0;8940.0;14541.0;2253.0;3274.0;2288.0;4056.0;7177.0;12401.0;2034.0;3119.0;18.0;-13.0;21.0;-51.0;ACETONE
3088.0;5224.0;8805.0;14334.0;2226.0;3256.0;2242.0;4011.0;7104.0;12274.0;2015.0;3111.0;22.0;-13.0;32.0;-51.0;ACETONE
3079.0;5204.0;8770.0;14341.0;2239.0;3263.0;2287.0;4077.0;7206.0;12435.0;2028.0;3139.0;23.0;-16.0;25.0;-52.0;ACETONE
3158.0;5334.0;8982.0;14633.0;2254.0;3305.0;2310.0;4115.0;7234.0;12440.0;2046.0;3154.0;17.0;-16.0;29.0;-52.0;ACETONE
3169.0;5379.0;8984.0;14640.0;2268.0;3307.0;2338.0;4162.0;7349.0;12611.0;2066.0;3196.0;24.0;-14.0;29.0;-51.0;ACETONE
3192.0;5414.0;9083.0;14797.0;2278.0;3308.0;2294.0;4079.0;7264.0;12481.0;2043.0;3139.0;30.0;-14.0;34.0;-46.0;ACETONE
3133.0;5311.0;8959.0;14616.0;2253.0;3298.0;2299.0;4097.0;7245.0;12511.0;2047.0;3147.0;20.0;-16.0;33.0;-46.0;ACETONE
3164.0;5351.0;8987.0;14638.0;2270.0;3312.0;2334.0;4127.0;7263.0;12542.0;2047.0;3165.0;19.0;-14.0;23.0;-46.0;ACETONE
3162.0;5344.0;8983.0;14507.0;2255.0;3284.0;2309.0;4107.0;7292.0;12542.0;2053.0;3146.0;20.0;-14.0;18.0;-46.0;ACETONE
3157.0;5313.0;8943.0;14528.0;2250.0;3288.0;2302.0;4095.0;7230.0;12475.0;2046.0;3152.0;26.0;-16.0;26.0;-49.0;ACETONE
3139.0;5336.0;8953.0;14580.0;2264.0;3310.0;2326.0;4131.0;7284.0;12602.0;2067.0;3175.0;19.0;-14.0;32.0;-49.0;ACETONE
3162.0;5347.0;9018.0;14703.0;2280.0;3313.0;2314.0;4119.0;7323.0;12609.0;2060.0;3163.0;19.0;-14.0;23.0;-49.0;ACETONE
3188.0;5383.0;9041.0;14719.0;2283.0;3306.0;2313.0;4103.0;7270.0;12533.0;2055.0;3156.0;20.0;-16.0;23.0;-49.0;ACETONE
3141.0;5313.0;8926.0;14617.0;2268.0;3292.0;2299.0;4074.0;7229.0;12422.0;2037.0;3129.0;18.0;-16.0;14.0;-49.0;ACETONE
3152.0;5339.0;8954.0;14592.0;2253.0;3276.0;2275.0;4059.0;7158.0;12303.0;2022.0;3115.0;14.0;-16.0;17.0;-49.0;ACETONE
3108.0;5268.0;8847.0;14434.0;2243.0;3305.0;2310.0;4107.0;7297.0;12549.0;2049.0;3172.0;16.0;-18.0;31.0;-50.0;ACETONE
3188.0;5407.0;9115.0;14814.0;2285.0;3317.0;2301.0;4085.0;7273.0;12490.0;2040.0;3159.0;15.0;-19.0;16.0;-49.0;ACETONE
3163.0;5350.0;8991.0;14684.0;2278.0;3317.0;2299.0;4089.0;7226.0;12519.0;2047.0;3126.0;29.0;-19.0;23.0;-49.0;ACETONE
3139.0;5330.0;9008.0;14664.0;2295.0;3365.0;2382.0;4217.0;7466.0;12891.0;2111.0;3236.0;19.0;-13.0;28.0;-49.0;ACETONE
3224.0;5479.0;9174.0;14922.0;2318.0;3360.0;2361.0;4207.0;7418.0;12814.0;2084.0;3195.0;17.0;-12.0;28.0;-53.0;ACETONE
3187.0;5377.0;9048.0;14672.0;2280.0;3302.0;2299.0;4060.0;7211.0;12485.0;2046.0;3135.0;27.0;-12.0;27.0;-48.0;ACETONE
3148.0;5314.0;8958.0;14581.0;2266.0;3302.0;2315.0;4121.0;7297.0;12499.0;2049.0;3173.0;15.0;-12.0;23.0;-51.0;ACETONE
3186.0;5389.0;9042.0;14659.0;2273.0;3294.0;2329.0;4118.0;7283.0;12526.0;2050.0;3151.0;21.0;-13.0;35.0;-52.0;ACETONE
3152.0;5329.0;8953.0;14502.0;2260.0;3274.0;2310.0;4078.0;7254.0;12568.0;2048.0;3175.0;29.0;-16.0;35.0;-51.0;ACETONE
3190.0;5397.0;9066.0;14702.0;2279.0;3313.0;2320.0;4121.0;7281.0;12541.0;2051.0;3152.0;25.0;-17.0;22.0;-51.0;ACETONE
3158.0;5340.0;8942.0;14587.0;2263.0;3329.0;2318.0;4121.0;7340.0;12628.0;2073.0;3181.0;15.0;-17.0;24.0;-52.0;ACETONE
3146.0;5334.0;8978.0;14594.0;2271.0;3299.0;2304.0;4102.0;7259.0;12546.0;2056.0;3154.0;20.0;-17.0;29.0;-52.0;ACETONE
3158.0;5324.0;8970.0;14556.0;2257.0;3291.0;2298.0;4086.0;7202.0;12464.0;2040.0;3137.0;20.0;-16.0;19.0;-52.0;ACETONE
3158.0;5325.0;8941.0;14568.0;2256.0;3280.0;2313.0;4110.0;7245.0;12514.0;2052.0;3148.0;29.0;-17.0;31.0;-52.0;ACETONE
3145.0;5335.0;8951.0;14548.0;2241.0;3294.0;2292.0;4071.0;7204.0;12520.0;2041.0;3162.0;17.0;-15.0;22.0;-55.0;ACETONE
3155.0;5338.0;8968.0;14661.0;2269.0;3305.0;2325.0;4139.0;7316.0;12611.0;2068.0;3186.0;20.0;-15.0;24.0;-54.0;ACETONE
3175.0;5380.0;9021.0;14668.0;2258.0;3279.0;2309.0;4105.0;7240.0;12476.0;2037.0;3138.0;20.0;-15.0;22.0;-49.0;ACETONE
3127.0;5276.0;8826.0;14460.0;2246.0;3262.0;2275.0;4040.0;7140.0;12401.0;2029.0;3123.0;20.0;-12.0;31.0;-49.0;ACETONE
3132.0;5297.0;8923.0;14484.0;2260.0;3303.0;2309.0;4121.0;7321.0;12650.0;2078.0;3200.0;21.0;-12.0;22.0;-54.0;ACETONE
3256.0;5495.0;9213.0;14986.0;2321.0;3379.0;2369.0;4199.0;7404.0;12778.0;2085.0;3206.0;28.0;-12.0;29.0;-54.0;ACETONE
3209.0;5436.0;9127.0;14808.0;2297.0;3329.0;2314.0;4128.0;7276.0;12590.0;2066.0;3169.0;23.0;-12.0;21.0;-53.0;ACETONE
3195.0;5390.0;9078.0;14807.0;2288.0;3329.0;2329.0;4152.0;7333.0;12591.0;2052.0;3178.0;23.0;-12.0;27.0;-53.0;ACETONE
3195.0;5390.0;9059.0;14706.0;2282.0;3306.0;2315.0;4123.0;7254.0;12534.0;2050.0;3154.0;21.0;-12.0;32.0;-53.0;ACETONE
3160.0;5342.0;8977.0;14609.0;2265.0;3295.0;2311.0;4085.0;7238.0;12484.0;2038.0;3165.0;16.0;-11.0;28.0;-53.0;ACETONE
3174.0;5390.0;9051.0;14774.0;2288.0;3331.0;2328.0;4146.0;7341.0;12574.0;2056.0;3179.0;22.0;-11.0;28.0;-52.0;ACETONE
3195.0;5413.0;9094.0;14810.0;2291.0;3335.0;2321.0;4140.0;7358.0;12682.0;2071.0;3184.0;14.0;-15.0;28.0;-51.0;ACETONE
3163.0;5362.0;8991.0;14686.0;2285.0;3336.0;2317.0;4113.0;7297.0;12581.0;2063.0;3201.0;16.0;-15.0;27.0;-52.0;ACETONE
3200.0;5433.0;9079.0;14820.0;2284.0;3325.0;2309.0;4113.0;7284.0;12614.0;2062.0;3165.0;16.0;-15.0;18.0;-51.0;ACETONE
3140.0;5307.0;8938.0;14621.0;2255.0;3296.0;2336.0;4125.0;7281.0;12514.0;2060.0;3170.0;24.0;-15.0;28.0;-51.0;ACETONE
3183.0;5414.0;9062.0;14789.0;2277.0;3314.0;2325.0;4142.0;7294.0;12581.0;2057.0;3168.0;28.0;-15.0;25.0;-51.0;ACETONE
3126.0;5312.0;8950.0;14587.0;2257.0;3317.0;2300.0;4091.0;7242.0;12516.0;2057.0;3160.0;24.0;-15.0;20.0;-48.0;ACETONE
3148.0;5342.0;8986.0;14675.0;2279.0;3325.0;2329.0;4147.0;7325.0;12629.0;2057.0;3171.0;39.0;-15.0;35.0;-48.0;ACETONE
3161.0;5362.0;8978.0;14679.0;2262.0;3310.0;2310.0;4104.0;7271.0;12563.0;2057.0;3161.0;20.0;-13.0;17.0;-52.0;ACETONE
3175.0;5389.0;9025.0;14650.0;2271.0;3302.0;2325.0;4134.0;7257.0;12521.0;2050.0;3130.0;17.0;-13.0;15.0;-52.0;ACETONE
3132.0;5333.0;8921.0;14600.0;2283.0;3329.0;2319.0;4090.0;7295.0;12586.0;2061.0;3161.0;20.0;-13.0;24.0;-53.0;ACETONE
3163.0;5350.0;8965.0;14610.0;2261.0;3300.0;2312.0;4099.0;7281.0;12571.0;2050.0;3158.0;28.0;-13.0;30.0;-53.0;ACETONE
3126.0;5295.0;8909.0;14545.0;2240.0;3263.0;2272.0;4048.0;7163.0;12379.0;2020.0;3108.0;20.0;-14.0;43.0;-53.0;ACETONE
3082.0;5225.0;8796.0;14285.0;2225.0;3256.0;2266.0;4021.0;7112.0;12276.0;2012.0;3090.0;18.0;-15.0;32.0;-56.0;ACETONE
3084.0;5213.0;8726.0;14243.0;2230.0;3243.0;2279.0;4049.0;7150.0;12299.0;2011.0;3106.0;19.0;-17.0;32.0;-57.0;ACETONE
3120.0;5282.0;8866.0;14421.0;2238.0;3294.0;2300.0;4077.0;7265.0;12597.0;2065.0;3203.0;19.0;-17.0;30.0;-56.0;ACETONE
3221.0;5441.0;9106.0;14796.0;2294.0;3359.0;2365.0;4191.0;7417.0;12713.0;2087.0;3218.0;22.0;-17.0;33.0;-56.0;ACETONE
3214.0;5433.0;9153.0;14902.0;2310.0;3367.0;2361.0;4182.0;7402.0;12772.0;2092.0;3217.0;18.0;-15.0;25.0;-57.0;ACETONE
3251.0;5484.0;9176.0;14976.0;2318.0;3361.0;2348.0;4182.0;7381.0;12778.0;2082.0;3210.0;17.0;-15.0;18.0;-53.0;ACETONE
3198.0;5441.0;9121.0;14815.0;2309.0;3364.0;2345.0;4178.0;7367.0;12751.0;2084.0;3204.0;23.0;-15.0;25.0;-51.0;ACETONE
3235.0;5445.0;9154.0;14874.0;2299.0;3349.0;2347.0;4182.0;7412.0;12736.0;2088.0;3198.0;34.0;-15.0;37.0;-53.0;ACETONE
3214.0;5440.0;9129.0;14900.0;2320.0;3350.0;2337.0;4138.0;7314.0;12646.0;2070.0;3192.0;24.0;-15.0;29.0;-53.0;ACETONE
3175.0;5406.0;9087.0;14828.0;2297.0;3359.0;2362.0;4216.0;7449.0;12824.0;2086.0;3229.0;27.0;-15.0;27.0;-53.0;ACETONE
3223.0;5454.0;9169.0;14901.0;2309.0;3355.0;2349.0;4181.0;7397.0;12674.0;2073.0;3201.0;23.0;-15.0;29.0;-53.0;ACETONE
3192.0;5421.0;9097.0;14787.0;2295.0;3361.0;2361.0;4185.0;7407.0;12801.0;2090.0;3203.0;23.0;-17.0;32.0;-53.0;ACETONE
3206.0;5397.0;9042.0;14730.0;2291.0;3352.0;2360.0;4180.0;7353.0;12675.0;2071.0;3210.0;13.0;-17.0;29.0;-52.0;ACETONE
3194.0;5386.0;9072.0;14843.0;2306.0;3357.0;2354.0;4166.0;7397.0;12753.0;2072.0;3189.0;12.0;-17.0;27.0;-53.0;ACETONE
3216.0;5444.0;9086.0;14734.0;2284.0;3317.0;2315.0;4107.0;7265.0;12563.0;2047.0;3166.0;16.0;-17.0;25.0;-53.0;ACETONE
3145.0;5334.0;8947.0;14556.0;2253.0;3286.0;2308.0;4094.0;7233.0;12472.0;2042.0;3147.0;21.0;-18.0;27.0;-52.0;ACETONE
3122.0;5278.0;8889.0;14546.0;2266.0;3305.0;2306.0;4098.0;7262.0;12520.0;2055.0;3164.0;24.0;-22.0;29.0;-53.0;ACETONE
3151.0;5347.0;9001.0;14691.0;2281.0;3316.0;2331.0;4132.0;7289.0;12619.0;2049.0;3189.0;18.0;-18.0;22.0;-53.0;ACETONE
3194.0;5390.0;9034.0;14701.0;2279.0;3296.0;2303.0;4076.0;7230.0;12375.0;2048.0;3167.0;27.0;-21.0;24.0;-51.0;ACETONE
3198.0;5397.0;9065.0;14782.0;2295.0;3336.0;2335.0;4160.0;7331.0;12665.0;2069.0;3185.0;15.0;-18.0;22.0;-51.0;ACETONE
3226.0;5435.0;9093.0;14808.0;2293.0;3345.0;2333.0;4128.0;7347.0;12696.0;2091.0;3223.0;19.0;-21.0;22.0;-51.0;ACETONE
3254.0;5500.0;9251.0;15066.0;2338.0;3404.0;2374.0;4220.0;7491.0;12984.0;2117.0;3265.0;17.0;-17.0;33.0;-51.0;ACETONE
3289.0;5569.0;9306.0;15154.0;2332.0;3371.0;2389.0;4222.0;7464.0;12820.0;2090.0;3218.0;18.0;-17.0;26.0;-48.0;ACETONE
3203.0;5430.0;9120.0;14787.0;2288.0;3335.0;2350.0;4152.0;7341.0;12678.0;2066.0;3173.0;18.0;-16.0;30.0;-51.0;ACETONE
3150.0;5348.0;9003.0;14664.0;2277.0;3338.0;2334.0;4183.0;7360.0;12708.0;2082.0;3197.0;19.0;-16.0;34.0;-51.0;ACETONE
3203.0;5433.0;9131.0;14883.0;2301.0;3346.0;2369.0;4199.0;7413.0;12696.0;2081.0;3175.0;20.0;-16.0;27.0;-51.0;ACETONE
3196.0;5392.0;9072.0;14716.0;2277.0;3313.0;2337.0;4137.0;7309.0;12670.0;2066.0;3205.0;16.0;-16.0;22.0;-51.0;ACETONE
3243.0;5490.0;9187.0;14950.0;2303.0;3368.0;2371.0;4223.0;7448.0;12803.0;2102.0;3225.0;25.0;-16.0;29.0;-52.0;ACETONE
3286.0;5549.0;9319.0;15143.0;2342.0;3372.0;2386.0;4232.0;7441.0;12824.0;2093.0;3221.0;13.0;-16.0;18.0;-51.0;ACETONE
3227.0;5471.0;9172.0;14929.0;2326.0;3393.0;2404.0;4266.0;7500.0;12896.0;2105.0;3220.0;17.0;-18.0;23.0;-50.0;ACETONE
3270.0;5489.0;9196.0;14939.0;2325.0;3389.0;2435.0;4325.0;7600.0;13063.0;2134.0;3265.0;21.0;-18.0;23.0;-48.0;ACETONE
3280.0;5569.0;9306.0;15112.0;2338.0;3417.0;2402.0;4253.0;7453.0;12867.0;2107.0;3228.0;17.0;-18.0;31.0;-50.0;ACETONE
3275.0;5519.0;9215.0;15098.0;2335.0;3408.0;2405.0;4266.0;7546.0;12973.0;2117.0;3252.0;15.0;-18.0;28.0;-50.0;ACETONE
3263.0;5536.0;9119.0;15008.0;2353.0;3424.0;2406.0;4273.0;7551.0;12995.0;2122.0;3276.0;15.0;-18.0;23.0;-51.0;ACETONE
3283.0;5566.0;9322.0;15147.0;2345.0;3418.0;2412.0;4277.0;7568.0;12992.0;2116.0;3250.0;26.0;-18.0;26.0;-51.0;ACETONE
3266.0;5525.0;9293.0;15136.0;2356.0;3427.0;2424.0;4306.0;7581.0;13014.0;2114.0;3258.0;24.0;-18.0;22.0;-51.0;ACETONE
3273.0;5495.0;9244.0;15056.0;2325.0;3380.0;2407.0;4260.0;7508.0;12825.0;2105.0;3230.0;22.0;-17.0;27.0;-50.0;ACETONE
3252.0;5513.0;9225.0;14956.0;2324.0;3369.0;2408.0;4264.0;7532.0;12940.0;2101.0;3216.0;22.0;-16.0;26.0;-50.0;ACETONE
3249.0;5473.0;9259.0;15005.0;2326.0;3407.0;2425.0;4283.0;7568.0;12968.0;2114.0;3247.0;22.0;-16.0;20.0;-48.0;ACETONE
3276.0;5535.0;9265.0;15045.0;2329.0;3380.0;2361.0;4188.0;7429.0;12806.0;2098.0;3233.0;15.0;-17.0;30.0;-50.0;ACETONE
3271.0;5524.0;9228.0;14958.0;2323.0;3397.0;2421.0;4253.0;7524.0;12938.0;2104.0;3254.0;15.0;-16.0;19.0;-48.0;ACETONE
3272.0;5510.0;9256.0;15012.0;2332.0;3406.0;2394.0;4254.0;7474.0;12973.0;2115.0;3237.0;19.0;-16.0;23.0;-49.0;ACETONE
3266.0;5533.0;9267.0;15062.0;2319.0;3408.0;2426.0;4288.0;7570.0;13100.0;2135.0;3267.0;19.0;-14.0;25.0;-49.0;ACETONE
3285.0;5562.0;9322.0;15070.0;2328.0;3384.0;2422.0;4276.0;7535.0;12921.0;2105.0;3232.0;19.0;-14.0;26.0;-49.0;ACETONE
3278.0;5497.0;9255.0;15074.0;2336.0;3401.0;2399.0;4236.0;7471.0;12902.0;2100.0;3230.0;16.0;-13.0;19.0;-49.0;ACETONE
3264.0;5514.0;9238.0;14986.0;2329.0;3366.0;2401.0;4243.0;7510.0;12883.0;2111.0;3238.0;18.0;-13.0;26.0;-49.0;ACETONE
3264.0;5527.0;9251.0;15014.0;2334.0;3410.0;2398.0;4239.0;7472.0;12852.0;2120.0;3257.0;22.0;-13.0;25.0;-50.0;ACETONE
3296.0;5558.0;9291.0;15091.0;2337.0;3412.0;2405.0;4263.0;7533.0;12910.0;2129.0;3268.0;19.0;-15.0;21.0;-50.0;ACETONE
3308.0;5584.0;9302.0;15148.0;2345.0;3407.0;2365.0;4219.0;7464.0;12836.0;2098.0;3227.0;20.0;-19.0;34.0;-50.0;ACETONE
3246.0;5488.0;9167.0;14934.0;2294.0;3356.0;2368.0;4190.0;7417.0;12730.0;2081.0;3202.0;16.0;-19.0;18.0;-56.0;ACETONE
3190.0;5390.0;9089.0;14868.0;2316.0;3376.0;2373.0;4209.0;7400.0;12762.0;2091.0;3219.0;25.0;-19.0;31.0;-50.0;ACETONE
3228.0;5487.0;9212.0;14994.0;2318.0;3375.0;2391.0;4230.0;7491.0;12909.0;2099.0;3242.0;14.0;-21.0;27.0;-56.0;ACETONE
3265.0;5491.0;9214.0;14946.0;2325.0;3378.0;2414.0;4261.0;7513.0;12936.0;2110.0;3241.0;26.0;-19.0;33.0;-54.0;ACETONE
3295.0;5568.0;9287.0;15068.0;2331.0;3387.0;2402.0;4256.0;7570.0;13012.0;2117.0;3263.0;16.0;-17.0;30.0;-54.0;ACETONE
3318.0;5605.0;9377.0;15141.0;2347.0;3401.0;2391.0;4250.0;7488.0;12897.0;2108.0;3234.0;16.0;-17.0;27.0;-52.0;ACETONE
3268.0;5505.0;9189.0;14984.0;2326.0;3388.0;2406.0;4279.0;7523.0;12952.0;2130.0;3236.0;19.0;-13.0;27.0;-54.0;ACETONE
3326.0;5604.0;9364.0;15233.0;2356.0;3430.0;2425.0;4297.0;7589.0;13103.0;2136.0;3289.0;13.0;-13.0;25.0;-52.0;ACETONE
3308.0;5574.0;9383.0;15304.0;2389.0;3476.0;2471.0;4393.0;7714.0;13262.0;2168.0;3319.0;19.0;-13.0;34.0;-49.0;ACETONE
3345.0;5649.0;9419.0;15294.0;2368.0;3429.0;2429.0;4287.0;7601.0;13065.0;2138.0;3274.0;22.0;-16.0;29.0;-49.0;ACETONE
3317.0;5610.0;9375.0;15301.0;2371.0;3465.0;2464.0;4383.0;7714.0;13326.0;2171.0;3340.0;20.0;-14.0;22.0;-49.0;ACETONE
3404.0;5718.0;9603.0;15572.0;2404.0;3482.0;2463.0;4373.0;7718.0;13243.0;2157.0;3306.0;29.0;-16.0;23.0;-49.0;ACETONE
3361.0;5655.0;9433.0;15319.0;2368.0;3453.0;2424.0;4298.0;7601.0;13068.0;2115.0;3268.0;24.0;-14.0;22.0;-49.0;ACETONE
3322.0;5625.0;9371.0;15236.0;2347.0;3407.0;2413.0;4282.0;7591.0;12974.0;2115.0;3261.0;18.0;-14.0;20.0;-50.0;ACETONE
3270.0;5559.0;9303.0;15161.0;2336.0;3404.0;2427.0;4301.0;7623.0;13076.0;2134.0;3264.0;21.0;-14.0;30.0;-51.0;ACETONE
3304.0;5593.0;9390.0;15257.0;2357.0;3434.0;2455.0;4349.0;7635.0;13192.0;2150.0;3277.0;25.0;-19.0;30.0;-53.0;ACETONE
3321.0;5629.0;9437.0;15335.0;2363.0;3443.0;2422.0;4304.0;7597.0;13113.0;2127.0;3276.0;21.0;-13.0;30.0;-53.0;ACETONE
3301.0;5574.0;9330.0;15179.0;2355.0;3427.0;2436.0;4317.0;7609.0;13046.0;2144.0;3265.0;19.0;-19.0;16.0;-55.0;ACETONE
3311.0;5586.0;9334.0;15125.0;2346.0;3422.0;2442.0;4311.0;7589.0;12982.0;2134.0;3293.0;22.0;-19.0;16.0;-53.0;ACETONE
3336.0;5630.0;9466.0;15368.0;2396.0;3467.0;2497.0;4417.0;7743.0;13316.0;2176.0;3338.0;20.0;-19.0;15.0;-55.0;ACETONE
3372.0;5695.0;9574.0;15560.0;2411.0;3486.0;2490.0;4401.0;7778.0;13307.0;2170.0;3308.0;21.0;-11.0;27.0;-55.0;ACETONE
3348.0;5645.0;9464.0;15414.0;2379.0;3437.0;2456.0;4342.0;7652.0;13124.0;2145.0;3303.0;20.0;-11.0;19.0;-54.0;ACETONE
3371.0;5680.0;9461.0;15415.0;2386.0;3481.0;2473.0;4355.0;7681.0;13219.0;2155.0;3304.0;20.0;-11.0;20.0;-54.0;ACETONE
3337.0;5634.0;9421.0;15298.0;2368.0;3445.0;2452.0;4342.0;7637.0;13125.0;2134.0;3296.0;18.0;-11.0;28.0;-55.0;ACETONE
3326.0;5617.0;9383.0;15258.0;2361.0;3412.0;2444.0;4312.0;7622.0;13108.0;2130.0;3259.0;20.0;-12.0;27.0;-54.0;ACETONE
3280.0;5523.0;9238.0;15097.0;2338.0;3397.0;2405.0;4265.0;7576.0;13013.0;2123.0;3273.0;19.0;-15.0;27.0;-51.0;ACETONE
3323.0;5542.0;9367.0;15271.0;2363.0;3463.0;2440.0;4328.0;7663.0;13214.0;2174.0;3333.0;24.0;-15.0;26.0;-54.0;ACETONE
3379.0;5703.0;9504.0;15388.0;2386.0;3477.0;2477.0;4373.0;7733.0;13258.0;2169.0;3327.0;13.0;-17.0;22.0;-54.0;ACETONE
3385.0;5705.0;9526.0;15507.0;2385.0;3465.0;2475.0;4374.0;7697.0;13141.0;2153.0;3286.0;13.0;-17.0;18.0;-54.0;ACETONE
3336.0;5609.0;9369.0;15186.0;2355.0;3433.0;2434.0;4305.0;7578.0;13055.0;2127.0;3261.0;13.0;-17.0;24.0;-55.0;ACETONE
3292.0;5554.0;9286.0;15105.0;2344.0;3430.0;2448.0;4335.0;7630.0;13091.0;2138.0;3277.0;18.0;-16.0;18.0;-56.0;ACETONE
3288.0;5556.0;9333.0;15139.0;2349.0;3415.0;2427.0;4308.0;7595.0;13104.0;2140.0;3281.0;23.0;-17.0;28.0;-58.0;ACETONE
3323.0;5595.0;9387.0;15295.0;2372.0;3453.0;2425.0;4280.0;7613.0;13135.0;2157.0;3300.0;16.0;-17.0;16.0;-56.0;ACETONE
3343.0;5639.0;9386.0;15274.0;2363.0;3418.0;2406.0;4264.0;7513.0;12972.0;2113.0;3249.0;23.0;-17.0;31.0;-58.0;ACETONE
3300.0;5590.0;9381.0;15202.0;2355.0;3428.0;2417.0;4281.0;7566.0;13077.0;2137.0;3289.0;14.0;-17.0;18.0;-58.0;ACETONE
3327.0;5624.0;9437.0;15299.0;2370.0;3424.0;2443.0;4323.0;7597.0;13122.0;2136.0;3269.0;23.0;-17.0;31.0;-54.0;ACETONE
3293.0;5559.0;9300.0;15114.0;2344.0;3410.0;2405.0;4258.0;7491.0;12923.0;2109.0;3232.0;25.0;-20.0;31.0;-52.0;ACETONE
3257.0;5493.0;9215.0;14995.0;2322.0;3362.0;2388.0;4245.0;7453.0;12859.0;2102.0;3229.0;30.0;-16.0;33.0;-52.0;ACETONE
3267.0;5531.0;9215.0;15000.0;2311.0;3366.0;2378.0;4195.0;7429.0;12828.0;2084.0;3204.0;25.0;-16.0;25.0;-52.0;ACETONE
3230.0;5463.0;9147.0;14816.0;2309.0;3355.0;2376.0;4205.0;7425.0;12813.0;2076.0;3209.0;16.0;-20.0;22.0;-52.0;ACETONE
3208.0;5415.0;9148.0;14877.0;2305.0;3365.0;2375.0;4224.0;7438.0;12833.0;2095.0;3217.0;18.0;-20.0;23.0;-51.0;ACETONE
3235.0;5462.0;9128.0;14898.0;2317.0;3369.0;2412.0;4264.0;7507.0;12899.0;2100.0;3227.0;14.0;-16.0;20.0;-53.0;ACETONE
3269.0;5513.0;9259.0;15124.0;2340.0;3406.0;2414.0;4278.0;7532.0;12944.0;2130.0;3247.0;18.0;-20.0;27.0;-53.0;ACETONE
3294.0;5553.0;9252.0;15033.0;2344.0;3400.0;2400.0;4289.0;7546.0;12938.0;2118.0;3246.0;29.0;-15.0;30.0;-51.0;ACETONE
3258.0;5536.0;9256.0;15103.0;2331.0;3408.0;2418.0;4272.0;7493.0;12960.0;2113.0;3240.0;18.0;-15.0;18.0;-51.0;ACETONE
3276.0;5515.0;9280.0;15098.0;2344.0;3405.0;2416.0;4271.0;7556.0;12907.0;2115.0;3240.0;29.0;-15.0;21.0;-51.0;ACETONE
3275.0;5526.0;9271.0;15096.0;2352.0;3422.0;2446.0;4319.0;7620.0;13100.0;2138.0;3296.0;30.0;-20.0;25.0;-51.0;ACETONE
3343.0;5655.0;9452.0;15318.0;2380.0;3472.0;2515.0;4427.0;7780.0;13276.0;2163.0;3315.0;29.0;-15.0;37.0;-51.0;ACETONE
3345.0;5667.0;9497.0;15501.0;2385.0;3485.0;2466.0;4364.0;7680.0;13309.0;2164.0;3341.0;16.0;-15.0;23.0;-51.0;ACETONE
3389.0;5736.0;9595.0;15685.0;2416.0;3492.0;2502.0;4431.0;7789.0;13164.0;2187.0;3354.0;16.0;-15.0;19.0;-51.0;ACETONE
3409.0;5730.0;9627.0;15551.0;2413.0;3497.0;2468.0;4359.0;7695.0;13249.0;2167.0;3334.0;16.0;-15.0;23.0;-51.0;ACETONE
3381.0;5685.0;9519.0;15445.0;2392.0;3475.0;2459.0;4326.0;7663.0;13151.0;2154.0;3295.0;15.0;-15.0;30.0;-51.0;ACETONE
3329.0;5602.0;9409.0;15239.0;2374.0;3454.0;2458.0;4344.0;7640.0;13162.0;2148.0;3285.0;13.0;-16.0;30.0;-51.0;ACETONE
3350.0;5682.0;9512.0;15411.0;2388.0;3465.0;2491.0;4397.0;7734.0;13321.0;2164.0;3332.0;15.0;-20.0;28.0;-52.0;ACETONE
3382.0;5712.0;9544.0;15493.0;2385.0;3474.0;2477.0;4367.0;7697.0;13204.0;2165.0;3338.0;11.0;-16.0;21.0;-55.0;ACETONE
3383.0;5713.0;9547.0;15455.0;2400.0;3487.0;2480.0;4390.0;7733.0;13265.0;2159.0;3301.0;21.0;-16.0;25.0;-52.0;ACETONE
3344.0;5657.0;9441.0;15367.0;2379.0;3440.0;2438.0;4323.0;7606.0;13046.0;2137.0;3280.0;14.0;-16.0;19.0;-50.0;ACETONE
3346.0;5631.0;9416.0;15308.0;2375.0;3464.0;2493.0;4398.0;7764.0;13377.0;2181.0;3328.0;20.0;-16.0;20.0;-50.0;ACETONE
3394.0;5714.0;9411.0;15225.0;2358.0;3371.0;2266.0;4017.0;7054.0;12206.0;2030.0;3124.0;18.0;-14.0;22.0;-50.0;ACETONE
3142.0;5292.0;8802.0;14227.0;2206.0;3216.0;2292.0;4055.0;7161.0;12273.0;2030.0;3114.0;18.0;-14.0;17.0;-50.0;ACETONE
3239.0;5459.0;9152.0;14798.0;2295.0;3350.0;2394.0;4217.0;7467.0;12803.0;2093.0;3208.0;22.0;-15.0;28.0;-53.0;ACETONE
3340.0;5605.0;9332.0;15169.0;2343.0;3412.0;2470.0;4351.0;7605.0;13100.0;2145.0;3288.0;17.0;-17.0;21.0;-53.0;ACETONE
3378.0;5673.0;9485.0;15324.0;2386.0;3440.0;2480.0;4379.0;7693.0;13083.0;2148.0;3268.0;25.0;-15.0;25.0;-53.0;ACETONE
3349.0;5646.0;9404.0;15271.0;2359.0;3449.0;2448.0;4310.0;7630.0;13025.0;2130.0;3249.0;15.0;-15.0;20.0;-53.0;ACETONE
3322.0;5607.0;9390.0;15228.0;2351.0;3435.0;2437.0;4315.0;7628.0;13166.0;2161.0;3302.0;19.0;-12.0;32.0;-53.0;ACETONE
3397.0;5722.0;9572.0;15534.0;2407.0;3503.0;2527.0;4427.0;7805.0;13329.0;2189.0;3343.0;17.0;-11.0;18.0;-53.0;ACETONE
3443.0;5797.0;9695.0;15733.0;2421.0;3517.0;2528.0;4466.0;7875.0;13503.0;2211.0;3361.0;17.0;-11.0;15.0;-55.0;ACETONE
3454.0;5805.0;9697.0;15695.0;2429.0;3529.0;2511.0;4452.0;7824.0;13436.0;2189.0;3359.0;19.0;-11.0;21.0;-55.0;ACETONE
3410.0;5758.0;9624.0;15714.0;2417.0;3504.0;2523.0;4466.0;7833.0;13422.0;2175.0;3340.0;17.0;-10.0;18.0;-55.0;ACETONE
3405.0;5726.0;9553.0;15552.0;2397.0;3475.0;2488.0;4394.0;7717.0;13142.0;2163.0;3307.0;28.0;-17.0;27.0;-55.0;ACETONE
3367.0;5668.0;9456.0;15397.0;2379.0;3454.0;2484.0;4377.0;7731.0;13214.0;2154.0;3307.0;15.0;-17.0;27.0;-55.0;ACETONE
3369.0;5704.0;9519.0;15425.0;2383.0;3453.0;2497.0;4403.0;7775.0;13313.0;2179.0;3331.0;26.0;-15.0;32.0;-52.0;ACETONE
3406.0;5708.0;9573.0;15480.0;2398.0;3472.0;2473.0;4403.0;7610.0;13229.0;2158.0;3298.0;15.0;-15.0;24.0;-55.0;ACETONE
3385.0;5714.0;9560.0;15396.0;2386.0;3453.0;2438.0;4331.0;7631.0;13126.0;2136.0;3290.0;25.0;-15.0;32.0;-55.0;ACETONE
3340.0;5632.0;9409.0;15270.0;2386.0;3455.0;2478.0;4350.0;7691.0;13196.0;2158.0;3300.0;19.0;-15.0;30.0;-58.0;ACETONE
3378.0;5701.0;9568.0;15400.0;2384.0;3471.0;2499.0;4419.0;7736.0;13300.0;2166.0;3294.0;15.0;-15.0;26.0;-55.0;ACETONE
3357.0;5669.0;9460.0;15375.0;2375.0;3440.0;2436.0;4289.0;7611.0;13150.0;2132.0;3287.0;21.0;-15.0;33.0;-55.0;ACETONE
3360.0;5684.0;9474.0;15303.0;2374.0;3447.0;2471.0;4365.0;7694.0;13203.0;2158.0;3306.0;23.0;-19.0;27.0;-55.0;ACETONE
3372.0;5673.0;9475.0;15493.0;2404.0;3459.0;2472.0;4364.0;7675.0;13130.0;2153.0;3314.0;23.0;-16.0;27.0;-55.0;ACETONE
3403.0;5713.0;9478.0;15403.0;2386.0;3484.0;2475.0;4375.0;7683.0;13304.0;2162.0;3304.0;26.0;-19.0;35.0;-55.0;ACETONE
3385.0;5710.0;9522.0;15427.0;2393.0;3463.0;2470.0;4388.0;7742.0;13308.0;2164.0;3305.0;13.0;-16.0;27.0;-57.0;ACETONE
3397.0;5718.0;9558.0;15470.0;2395.0;3492.0;2504.0;4416.0;7778.0;13315.0;2182.0;3329.0;12.0;-17.0;21.0;-57.0;ACETONE
3416.0;5755.0;9662.0;15617.0;2416.0;3521.0;2540.0;4488.0;7857.0;13501.0;2195.0;3363.0;25.0;-16.0;29.0;-58.0;ACETONE
3429.0;5768.0;9608.0;15599.0;2414.0;3497.0;2493.0;4421.0;7760.0;13346.0;2179.0;3317.0;16.0;-16.0;27.0;-57.0;ACETONE
3390.0;5700.0;9578.0;15517.0;2412.0;3502.0;2519.0;4455.0;7809.0;13423.0;2186.0;3340.0;19.0;-16.0;20.0;-57.0;ACETONE
3402.0;5757.0;9581.0;15535.0;2396.0;3476.0;2503.0;4417.0;7742.0;13328.0;2159.0;3309.0;16.0;-16.0;15.0;-57.0;ACETONE
3367.0;5690.0;9503.0;15387.0;2378.0;3456.0;2465.0;4340.0;7675.0;13177.0;2163.0;3307.0;26.0;-16.0;20.0;-57.0;ACETONE
3392.0;5725.0;9546.0;15414.0;2384.0;3464.0;2484.0;4377.0;7694.0;13234.0;2142.0;3278.0;18.0;-16.0;25.0;-56.0;ACETONE
3356.0;5686.0;9505.0;15458.0;2384.0;3465.0;2469.0;4357.0;7705.0;13289.0;2159.0;3328.0;12.0;-19.0;21.0;-56.0;ACETONE
3384.0;5724.0;9553.0;15472.0;2395.0;3476.0;2497.0;4405.0;7758.0;13269.0;2165.0;3325.0;30.0;-16.0;25.0;-55.0;ACETONE
3360.0;5660.0;9478.0;15395.0;2385.0;3465.0;2487.0;4373.0;7695.0;13215.0;2145.0;3293.0;23.0;-14.0;26.0;-56.0;ACETONE
3333.0;5675.0;9492.0;15457.0;2375.0;3429.0;2430.0;4312.0;7634.0;13070.0;2126.0;3274.0;23.0;-14.0;22.0;-55.0;ACETONE
3329.0;5595.0;9363.0;15245.0;2354.0;3426.0;2448.0;4324.0;7631.0;13047.0;2133.0;3279.0;36.0;-14.0;27.0;-55.0;ACETONE
3324.0;5625.0;9394.0;15277.0;2367.0;3454.0;2466.0;4361.0;7675.0;13161.0;2149.0;3305.0;28.0;-14.0;31.0;-54.0;ACETONE
3365.0;5673.0;9479.0;15388.0;2383.0;3448.0;2466.0;4386.0;7716.0;13204.0;2167.0;3328.0;30.0;-18.0;29.0;-55.0;ACETONE
3402.0;5723.0;9612.0;15569.0;2410.0;3495.0;2493.0;4417.0;7762.0;13223.0;2172.0;3335.0;19.0;-18.0;31.0;-55.0;ACETONE
3374.0;5694.0;9548.0;15436.0;2405.0;3490.0;2480.0;4396.0;7766.0;13367.0;2188.0;3344.0;19.0;-14.0;18.0;-55.0;ACETONE
3401.0;5748.0;9550.0;15515.0;2408.0;3513.0;2492.0;4430.0;7785.0;13393.0;2199.0;3378.0;15.0;-17.0;20.0;-55.0;ACETONE
3469.0;5809.0;9746.0;15788.0;2443.0;3534.0;2529.0;4475.0;7884.0;13441.0;2188.0;3367.0;24.0;-17.0;20.0;-55.0;ACETONE
3443.0;5804.0;9765.0;15785.0;2451.0;3553.0;2548.0;4483.0;7908.0;13590.0;2214.0;3378.0;25.0;-17.0;31.0;-55.0;ACETONE
3453.0;5835.0;9732.0;15734.0;2433.0;3539.0;2544.0;4482.0;7904.0;13556.0;2203.0;3365.0;20.0;-18.0;25.0;-53.0;ACETONE
3446.0;5825.0;9717.0;15763.0;2435.0;3535.0;2558.0;4507.0;7876.0;13590.0;2184.0;3373.0;23.0;-18.0;27.0;-53.0;ACETONE
3462.0;5831.0;9728.0;15767.0;2402.0;3535.0;2530.0;4450.0;7866.0;13472.0;2201.0;3352.0;19.0;-18.0;25.0;-53.0;ACETONE
3421.0;5765.0;9662.0;15677.0;2402.0;3480.0;2502.0;4415.0;7793.0;13372.0;2180.0;3333.0;26.0;-18.0;30.0;-53.0;ACETONE
3462.0;5831.0;9728.0;15767.0;2402.0;3535.0;2530.0;4450.0;7866.0;13472.0;2201.0;3352.0;19.0;-18.0;25.0;-55.0;ACETONE
3394.0;5702.0;9511.0;15417.0;2385.0;3465.0;2527.0;4451.0;7804.0;13359.0;2176.0;3332.0;18.0;-13.0;27.0;-55.0;ACETONE
3432.0;5783.0;9632.0;15585.0;2413.0;3529.0;2542.0;4471.0;7874.0;13571.0;2205.0;3386.0;21.0;-18.0;26.0;-55.0;ACETONE
