OFFCHIP_SENSIMOX_SnAu_150_200.0_IN-PHASE;OFFCHIP_SENSIMOX_SnAu_200_200.0_IN-PHASE;OFFCHIP_SENSIMOX_SnAu_250_200.0_IN-PHASE;OFFCHIP_SENSIMOX_SnAu_300_200.0_IN-PHASE;OFFCHIP_SENSIMOX_SnAu_350_200.0_IN-PHASE;OFFCHIP_SENSIMOX_SnAu_400_200.0_IN-PHASE;OFFCHIP_SENSIMOX_SnAu_150_78125.0_IN-PHASE;OFFCHIP_SENSIMOX_SnAu_200_78125.0_IN-PHASE;OFFCHIP_SENSIMOX_SnAu_250_78125.0_IN-PHASE;OFFCHIP_SENSIMOX_SnAu_300_78125.0_IN-PHASE;OFFCHIP_SENSIMOX_SnAu_350_78125.0_IN-PHASE;OFFCHIP_SENSIMOX_SnAu_400_78125.0_IN-PHASE;ONCHIP_ALUMINUM_OXIDE_OUT4_IN-PHASE;ONCHIP_ALUMINUM_OXIDE_OUT4_QUADRATURE;ONCHIP_ALUMINUM_OXIDE_OUT7_IN-PHASE;ONCHIP_ALUMINUM_OXIDE_OUT7_QUADRATURE;LABEL
1.0;1.0;1.0;1.0;1.0;1.0;1.0;1.0;1.0;1.0;1.0;1.0;1.0;1.0;1.0;1.0;ACETONE
57.0;112.0;221.0;415.0;70.0;104.0;27.0;62.0;123.0;235.0;40.0;61.0;0.0;7.0;-1.0;-3.0;ACETONE
53.0;106.0;202.0;363.0;54.0;80.0;25.0;50.0;103.0;179.0;29.0;63.0;0.0;6.0;-5.0;-3.0;ACETONE
47.0;96.0;186.0;355.0;63.0;104.0;29.0;65.0;144.0;300.0;56.0;97.0;0.0;1.0;-1.0;-3.0;ACETONE
72.0;148.0;297.0;575.0;104.0;176.0;54.0;118.0;250.0;513.0;95.0;164.0;1.0;-1.0;-1.0;-2.0;ACETONE
99.0;202.0;402.0;771.0;142.0;238.0;73.0;157.0;334.0;676.0;127.0;217.0;-4.0;-1.0;-5.0;-2.0;ACETONE
122.0;250.0;504.0;1001.0;186.0;318.0;105.0;224.0;468.0;923.0;176.0;307.0;-4.0;-1.0;-5.0;-1.0;ACETONE
159.0;322.0;641.0;1251.0;230.0;376.0;124.0;260.0;545.0;1102.0;207.0;353.0;5.0;-1.0;-4.0;-2.0;ACETONE
181.0;362.0;711.0;1332.0;235.0;373.0;126.0;266.0;546.0;1063.0;186.0;311.0;9.0;0.0;-4.0;-3.0;ACETONE
160.0;322.0;616.0;1162.0;203.0;335.0;114.0;243.0;497.0;956.0;172.0;283.0;13.0;0.0;-1.0;-3.0;ACETONE
149.0;296.0;564.0;1046.0;180.0;288.0;95.0;202.0;415.0;790.0;142.0;232.0;12.0;0.0;0.0;-3.0;ACETONE
125.0;253.0;493.0;941.0;166.0;282.0;95.0;203.0;421.0;832.0;149.0;252.0;15.0;0.0;0.0;-3.0;ACETONE
139.0;280.0;544.0;1019.0;174.0;280.0;95.0;201.0;413.0;794.0;140.0;230.0;12.0;1.0;2.0;-2.0;ACETONE
127.0;256.0;494.0;927.0;160.0;266.0;91.0;192.0;397.0;781.0;141.0;245.0;12.0;3.0;2.0;-1.0;ACETONE
138.0;282.0;550.0;1036.0;183.0;299.0;101.0;214.0;439.0;857.0;153.0;256.0;1.0;3.0;-2.0;-1.0;ACETONE
142.0;286.0;557.0;1040.0;181.0;297.0;104.0;221.0;435.0;848.0;150.0;246.0;1.0;1.0;-6.0;-1.0;ACETONE
136.0;273.0;522.0;981.0;173.0;294.0;107.0;224.0;463.0;900.0;166.0;291.0;4.0;1.0;-2.0;-1.0;ACETONE
160.0;325.0;650.0;1289.0;244.0;426.0;151.0;320.0;664.0;1336.0;253.0;439.0;4.0;3.0;-2.0;-1.0;ACETONE
228.0;457.0;887.0;1711.0;314.0;526.0;191.0;394.0;804.0;1606.0;295.0;503.0;7.0;3.0;-2.0;-1.0;ACETONE
257.0;510.0;988.0;1866.0;332.0;546.0;195.0;407.0;822.0;1602.0;289.0;494.0;6.0;3.0;0.0;-1.0;ACETONE
248.0;492.0;955.0;1810.0;326.0;544.0;202.0;415.0;848.0;1662.0;304.0;515.0;4.0;5.0;2.0;-2.0;ACETONE
260.0;517.0;1002.0;1888.0;344.0;566.0;212.0;441.0;887.0;1735.0;316.0;529.0;4.0;3.0;0.0;-2.0;ACETONE
273.0;542.0;1038.0;1962.0;353.0;586.0;216.0;453.0;917.0;1785.0;327.0;552.0;4.0;-2.0;0.0;-2.0;ACETONE
284.0;568.0;1090.0;2059.0;369.0;615.0;223.0;467.0;950.0;1859.0;342.0;580.0;8.0;-2.0;5.0;-5.0;ACETONE
307.0;606.0;1161.0;2185.0;386.0;643.0;240.0;496.0;1014.0;1957.0;357.0;596.0;8.0;-2.0;7.0;-5.0;ACETONE
315.0;623.0;1208.0;2246.0;403.0;657.0;244.0;503.0;1031.0;2008.0;368.0;622.0;14.0;-2.0;7.0;-2.0;ACETONE
326.0;637.0;1223.0;2302.0;411.0;680.0;261.0;540.0;1095.0;2123.0;381.0;645.0;8.0;-1.0;7.0;-2.0;ACETONE
339.0;669.0;1295.0;2430.0;436.0;724.0;273.0;564.0;1138.0;2225.0;407.0;688.0;4.0;-1.0;1.0;-2.0;ACETONE
362.0;710.0;1357.0;2543.0;459.0;764.0;304.0;619.0;1233.0;2388.0;433.0;741.0;4.0;-1.0;-2.0;-2.0;ACETONE
389.0;761.0;1456.0;2742.0;495.0;812.0;315.0;649.0;1321.0;2563.0;462.0;779.0;2.0;0.0;-6.0;-2.0;ACETONE
413.0;804.0;1545.0;2880.0;516.0;845.0;336.0;688.0;1372.0;2653.0;483.0;806.0;1.0;1.0;-9.0;0.0;ACETONE
429.0;839.0;1592.0;2988.0;538.0;882.0;347.0;705.0;1429.0;2766.0;502.0;847.0;0.0;1.0;-9.0;-3.0;ACETONE
461.0;900.0;1703.0;3191.0;564.0;926.0;375.0;765.0;1517.0;2933.0;530.0;890.0;0.0;0.0;-9.0;-3.0;ACETONE
482.0;942.0;1785.0;3331.0;593.0;958.0;393.0;806.0;1600.0;3067.0;552.0;919.0;0.0;0.0;-9.0;-3.0;ACETONE
498.0;968.0;1842.0;3434.0;611.0;1002.0;413.0;838.0;1669.0;3212.0;585.0;987.0;0.0;0.0;-9.0;-2.0;ACETONE
531.0;1032.0;1969.0;3702.0;666.0;1091.0;467.0;935.0;1844.0;3541.0;635.0;1064.0;3.0;0.0;-8.0;-2.0;ACETONE
574.0;1111.0;2095.0;3914.0;693.0;1121.0;470.0;948.0;1868.0;3593.0;649.0;1076.0;3.0;0.0;-2.0;-2.0;ACETONE
577.0;1122.0;2120.0;3937.0;698.0;1134.0;475.0;959.0;1911.0;3628.0;653.0;1092.0;14.0;0.0;-2.0;-1.0;ACETONE
601.0;1159.0;2186.0;4023.0;712.0;1149.0;486.0;978.0;1950.0;3725.0;665.0;1102.0;15.0;0.0;3.0;-1.0;ACETONE
605.0;1165.0;2199.0;4065.0;717.0;1165.0;496.0;1008.0;1986.0;3784.0;673.0;1123.0;11.0;0.0;3.0;-1.0;ACETONE
614.0;1188.0;2215.0;4095.0;725.0;1171.0;504.0;1011.0;1982.0;3761.0;674.0;1119.0;11.0;0.0;2.0;-3.0;ACETONE
619.0;1193.0;2220.0;4080.0;723.0;1175.0;505.0;1011.0;1988.0;3759.0;671.0;1120.0;5.0;-1.0;-2.0;-3.0;ACETONE
628.0;1204.0;2245.0;4099.0;722.0;1171.0;503.0;1011.0;1984.0;3759.0;674.0;1119.0;11.0;0.0;0.0;-3.0;ACETONE
612.0;1176.0;2198.0;4044.0;712.0;1156.0;493.0;991.0;1962.0;3734.0;660.0;1102.0;6.0;0.0;-1.0;-2.0;ACETONE
599.0;1158.0;2168.0;3976.0;701.0;1145.0;496.0;990.0;1930.0;3691.0;657.0;1087.0;6.0;0.0;-2.0;-3.0;ACETONE
589.0;1140.0;2142.0;3930.0;697.0;1136.0;495.0;997.0;1955.0;3676.0;653.0;1085.0;9.0;0.0;-1.0;-2.0;ACETONE
599.0;1155.0;2154.0;3974.0;699.0;1135.0;486.0;976.0;1934.0;3658.0;652.0;1086.0;6.0;0.0;-1.0;-2.0;ACETONE
605.0;1152.0;2155.0;3993.0;706.0;1146.0;494.0;993.0;1955.0;3717.0;664.0;1103.0;4.0;0.0;-2.0;-3.0;ACETONE
612.0;1173.0;2184.0;4008.0;709.0;1161.0;512.0;1028.0;1987.0;3776.0;666.0;1112.0;4.0;3.0;-2.0;-3.0;ACETONE
621.0;1193.0;2220.0;4079.0;718.0;1164.0;506.0;1015.0;1983.0;3775.0;676.0;1118.0;8.0;4.0;-2.0;-1.0;ACETONE
632.0;1209.0;2246.0;4122.0;727.0;1181.0;515.0;1042.0;2047.0;3872.0;689.0;1142.0;5.0;7.0;-2.0;-1.0;ACETONE
646.0;1232.0;2317.0;4236.0;748.0;1223.0;531.0;1067.0;2103.0;3969.0;713.0;1181.0;8.0;3.0;-2.0;-1.0;ACETONE
670.0;1284.0;2391.0;4407.0;781.0;1262.0;574.0;1139.0;2221.0;4191.0;742.0;1228.0;5.0;3.0;-3.0;-1.0;ACETONE
702.0;1345.0;2519.0;4590.0;812.0;1317.0;580.0;1174.0;2293.0;4299.0;765.0;1270.0;5.0;3.0;-3.0;-3.0;ACETONE
735.0;1400.0;2611.0;4778.0;840.0;1366.0;627.0;1236.0;2418.0;4550.0;801.0;1325.0;6.0;3.0;-3.0;-3.0;ACETONE
771.0;1472.0;2722.0;5009.0;876.0;1407.0;649.0;1292.0;2508.0;4680.0;828.0;1372.0;1.0;3.0;-3.0;-4.0;ACETONE
796.0;1513.0;2821.0;5184.0;902.0;1460.0;675.0;1337.0;2597.0;4862.0;862.0;1415.0;4.0;2.0;-3.0;-3.0;ACETONE
825.0;1560.0;2893.0;5290.0;929.0;1500.0;693.0;1363.0;2638.0;4959.0;883.0;1439.0;1.0;2.0;-3.0;-3.0;ACETONE
853.0;1613.0;2991.0;5441.0;962.0;1536.0;704.0;1392.0;2712.0;5113.0;908.0;1483.0;4.0;1.0;3.0;-3.0;ACETONE
870.0;1639.0;3050.0;5568.0;972.0;1568.0;731.0;1454.0;2797.0;5228.0;920.0;1509.0;4.0;-1.0;-3.0;-2.0;ACETONE
885.0;1685.0;3111.0;5691.0;990.0;1578.0;749.0;1471.0;2841.0;5280.0;927.0;1524.0;4.0;-1.0;5.0;-2.0;ACETONE
901.0;1708.0;3159.0;5717.0;999.0;1605.0;761.0;1497.0;2879.0;5357.0;948.0;1543.0;4.0;-3.0;5.0;-2.0;ACETONE
925.0;1741.0;3227.0;5862.0;1024.0;1645.0;771.0;1527.0;2960.0;5538.0;979.0;1605.0;13.0;-3.0;12.0;-2.0;ACETONE
963.0;1817.0;3338.0;6081.0;1060.0;1697.0;817.0;1604.0;3078.0;5705.0;1002.0;1637.0;8.0;-2.0;8.0;-3.0;ACETONE
986.0;1851.0;3402.0;6158.0;1081.0;1733.0;835.0;1642.0;3160.0;5852.0;1032.0;1684.0;16.0;-3.0;7.0;-3.0;ACETONE
1002.0;1890.0;3487.0;6330.0;1108.0;1773.0;854.0;1680.0;3218.0;5980.0;1052.0;1718.0;11.0;-3.0;6.0;-3.0;ACETONE
1037.0;1955.0;3598.0;6484.0;1135.0;1807.0;881.0;1722.0;3297.0;6115.0;1071.0;1750.0;7.0;-2.0;-2.0;-3.0;ACETONE
1071.0;2021.0;3679.0;6670.0;1159.0;1855.0;921.0;1791.0;3394.0;6334.0;1100.0;1794.0;3.0;1.0;-2.0;-2.0;ACETONE
1097.0;2053.0;3772.0;6802.0;1183.0;1880.0;941.0;1845.0;3495.0;6482.0;1124.0;1835.0;0.0;1.0;-2.0;-2.0;ACETONE
1130.0;2117.0;3857.0;6953.0;1203.0;1914.0;948.0;1845.0;3534.0;6520.0;1139.0;1854.0;0.0;1.0;-1.0;-2.0;ACETONE
1143.0;2144.0;3905.0;7056.0;1223.0;1930.0;959.0;1868.0;3564.0;6609.0;1151.0;1870.0;0.0;1.0;1.0;-2.0;ACETONE
1166.0;2175.0;3979.0;7150.0;1232.0;1956.0;978.0;1902.0;3622.0;6679.0;1167.0;1886.0;10.0;1.0;3.0;-2.0;ACETONE
1179.0;2197.0;4006.0;7192.0;1239.0;1968.0;998.0;1929.0;3657.0;6721.0;1170.0;1896.0;11.0;1.0;4.0;-3.0;ACETONE
1184.0;2215.0;4032.0;7265.0;1244.0;1974.0;998.0;1929.0;3681.0;6716.0;1170.0;1897.0;7.0;1.0;3.0;-5.0;ACETONE
1177.0;2193.0;4008.0;7181.0;1236.0;1961.0;1001.0;1954.0;3695.0;6726.0;1172.0;1891.0;7.0;1.0;3.0;-3.0;ACETONE
1168.0;2184.0;3981.0;7174.0;1237.0;1965.0;1012.0;1953.0;3667.0;6714.0;1181.0;1919.0;7.0;1.0;0.0;-3.0;ACETONE
1213.0;2244.0;4071.0;7317.0;1265.0;2004.0;1043.0;2009.0;3820.0;6962.0;1209.0;1949.0;11.0;1.0;-2.0;-2.0;ACETONE
1246.0;2305.0;4187.0;7562.0;1298.0;2070.0;1065.0;2057.0;3894.0;7119.0;1244.0;2004.0;14.0;1.0;-2.0;-2.0;ACETONE
1286.0;2393.0;4326.0;7745.0;1335.0;2121.0;1103.0;2111.0;3997.0;7379.0;1290.0;2099.0;11.0;1.0;-2.0;2.0;ACETONE
1346.0;2507.0;4548.0;8128.0;1407.0;2218.0;1176.0;2264.0;4236.0;7751.0;1342.0;2159.0;7.0;6.0;-2.0;-2.0;ACETONE
1401.0;2592.0;4705.0;8441.0;1437.0;2273.0;1214.0;2336.0;4394.0;8001.0;1376.0;2212.0;9.0;-1.0;-1.0;-2.0;ACETONE
1435.0;2667.0;4822.0;8611.0;1488.0;2330.0;1253.0;2417.0;4541.0;8275.0;1417.0;2278.0;7.0;6.0;-1.0;-4.0;ACETONE
1490.0;2754.0;4998.0;8850.0;1511.0;2361.0;1259.0;2416.0;4534.0;8223.0;1421.0;2287.0;2.0;2.0;-1.0;3.0;ACETONE
1494.0;2756.0;4949.0;8811.0;1500.0;2364.0;1264.0;2422.0;4549.0;8298.0;1418.0;2275.0;2.0;3.0;-1.0;1.0;ACETONE
1489.0;2740.0;4961.0;8853.0;1507.0;2352.0;1246.0;2378.0;4465.0;8168.0;1415.0;2273.0;1.0;2.0;-1.0;1.0;ACETONE
1501.0;2765.0;4986.0;8869.0;1495.0;2358.0;1285.0;2457.0;4577.0;8323.0;1423.0;2284.0;2.0;2.0;-1.0;-1.0;ACETONE
1500.0;2770.0;5006.0;8880.0;1511.0;2362.0;1299.0;2464.0;4617.0;8347.0;1432.0;2297.0;2.0;2.0;2.0;1.0;ACETONE
1524.0;2814.0;5103.0;9035.0;1542.0;2410.0;1290.0;2456.0;4646.0;8513.0;1471.0;2349.0;5.0;-1.0;2.0;-1.0;ACETONE
1565.0;2896.0;5218.0;9202.0;1566.0;2440.0;1347.0;2578.0;4780.0;8608.0;1483.0;2367.0;4.0;-1.0;-7.0;-6.0;ACETONE
1586.0;2909.0;5235.0;9193.0;1570.0;2428.0;1311.0;2531.0;4728.0;8565.0;1467.0;2336.0;5.0;-1.0;-2.0;-1.0;ACETONE
1553.0;2848.0;5123.0;9080.0;1545.0;2410.0;1313.0;2485.0;4663.0;8464.0;1447.0;2314.0;4.0;-3.0;-8.0;-4.0;ACETONE
1550.0;2845.0;5123.0;9077.0;1541.0;2408.0;1324.0;2529.0;4687.0;8518.0;1463.0;2344.0;10.0;-3.0;-8.0;-4.0;ACETONE
1584.0;2909.0;5224.0;9192.0;1559.0;2430.0;1361.0;2575.0;4783.0;8654.0;1473.0;2354.0;4.0;-2.0;-8.0;-3.0;ACETONE
1580.0;2910.0;5214.0;9200.0;1564.0;2450.0;1343.0;2546.0;4753.0;8640.0;1486.0;2361.0;2.0;-2.0;-2.0;-3.0;ACETONE
1598.0;2914.0;5253.0;9304.0;1581.0;2455.0;1360.0;2568.0;4797.0;8678.0;1479.0;2360.0;2.0;-3.0;-2.0;-3.0;ACETONE
1583.0;2915.0;5238.0;9306.0;1574.0;2454.0;1342.0;2556.0;4758.0;8654.0;1482.0;2380.0;1.0;-5.0;-1.0;-3.0;ACETONE
1599.0;2946.0;5291.0;9357.0;1582.0;2474.0;1381.0;2622.0;4854.0;8772.0;1496.0;2400.0;1.0;-5.0;-2.0;-3.0;ACETONE
1633.0;2979.0;5319.0;9394.0;1600.0;2494.0;1396.0;2642.0;4899.0;8808.0;1508.0;2414.0;0.0;-5.0;-2.0;-5.0;ACETONE
1646.0;3000.0;5404.0;9538.0;1615.0;2525.0;1401.0;2647.0;4940.0;8894.0;1524.0;2440.0;0.0;-5.0;-2.0;-3.0;ACETONE
1658.0;3034.0;5410.0;9533.0;1607.0;2507.0;1402.0;2662.0;4919.0;8847.0;1524.0;2412.0;8.0;-2.0;1.0;-3.0;ACETONE
1628.0;2984.0;5353.0;9430.0;1602.0;2491.0;1400.0;2651.0;4929.0;8854.0;1514.0;2431.0;8.0;-2.0;1.0;-3.0;ACETONE
1644.0;3008.0;5393.0;9537.0;1617.0;2528.0;1432.0;2694.0;5014.0;9061.0;1547.0;2476.0;10.0;3.0;2.0;4.0;ACETONE
1706.0;3118.0;5577.0;9794.0;1647.0;2561.0;1430.0;2704.0;5055.0;9124.0;1555.0;2480.0;10.0;3.0;2.0;2.0;ACETONE
1699.0;3112.0;5562.0;9779.0;1661.0;2605.0;1502.0;2822.0;5223.0;9367.0;1604.0;2553.0;5.0;3.0;2.0;2.0;ACETONE
1779.0;3223.0;5793.0;10121.0;1710.0;2665.0;1513.0;2870.0;5308.0;9550.0;1616.0;2574.0;1.0;3.0;2.0;-2.0;ACETONE
1784.0;3254.0;5815.0;10154.0;1708.0;2655.0;1497.0;2824.0;5232.0;9417.0;1610.0;2548.0;1.0;5.0;1.0;-2.0;ACETONE
1759.0;3207.0;5721.0;10057.0;1688.0;2625.0;1488.0;2809.0;5183.0;9335.0;1591.0;2531.0;1.0;3.0;1.0;-3.0;ACETONE
1755.0;3205.0;5712.0;10029.0;1692.0;2630.0;1502.0;2824.0;5250.0;9454.0;1600.0;2543.0;1.0;6.0;1.0;-7.0;ACETONE
1784.0;3245.0;5763.0;10126.0;1704.0;2636.0;1491.0;2817.0;5243.0;9423.0;1609.0;2556.0;3.0;1.0;2.0;-7.0;ACETONE
1768.0;3214.0;5756.0;10127.0;1711.0;2668.0;1528.0;2895.0;5338.0;9560.0;1621.0;2572.0;3.0;1.0;-3.0;-7.0;ACETONE
1780.0;3243.0;5803.0;10216.0;1718.0;2666.0;1535.0;2886.0;5351.0;9568.0;1636.0;2581.0;3.0;-2.0;-5.0;7.0;ACETONE
1791.0;3255.0;5847.0;10289.0;1741.0;2704.0;1538.0;2921.0;5389.0;9658.0;1650.0;2618.0;3.0;-3.0;-5.0;8.0;ACETONE
1848.0;3362.0;5989.0;10519.0;1764.0;2744.0;1572.0;2974.0;5426.0;9850.0;1678.0;2670.0;4.0;-2.0;1.0;4.0;ACETONE
1891.0;3444.0;6124.0;10677.0;1790.0;2776.0;1591.0;2996.0;5530.0;9886.0;1678.0;2693.0;3.0;-2.0;-1.0;4.0;ACETONE
1881.0;3427.0;6113.0;10693.0;1802.0;2793.0;1636.0;3064.0;5656.0;10105.0;1702.0;2715.0;4.0;-2.0;-1.0;1.0;ACETONE
1916.0;3495.0;6204.0;10810.0;1823.0;2804.0;1614.0;3037.0;5642.0;10097.0;1710.0;2723.0;2.0;0.0;0.0;1.0;ACETONE
1927.0;3493.0;6191.0;10804.0;1818.0;2819.0;1620.0;3060.0;5664.0;10113.0;1726.0;2729.0;2.0;0.0;0.0;1.0;ACETONE
1926.0;3501.0;6229.0;10915.0;1839.0;2849.0;1660.0;3108.0;5740.0;10274.0;1733.0;2752.0;0.0;0.0;-1.0;1.0;ACETONE
1954.0;3537.0;6315.0;11006.0;1842.0;2854.0;1676.0;3133.0;5819.0;10358.0;1750.0;2777.0;2.0;-3.0;-2.0;1.0;ACETONE
1987.0;3586.0;6400.0;11094.0;1871.0;2902.0;1693.0;3200.0;5901.0;10494.0;1780.0;2822.0;2.0;-3.0;-2.0;1.0;ACETONE
2017.0;3651.0;6458.0;11264.0;1900.0;2927.0;1730.0;3232.0;5971.0;10588.0;1795.0;2847.0;5.0;-3.0;-3.0;0.0;ACETONE
2035.0;3683.0;6591.0;11493.0;1927.0;2960.0;1757.0;3288.0;6047.0;10770.0;1813.0;2871.0;9.0;-2.0;-3.0;-1.0;ACETONE
2061.0;3736.0;6599.0;11521.0;1921.0;2953.0;1752.0;3271.0;5999.0;10616.0;1815.0;2862.0;8.0;-2.0;-2.0;-1.0;ACETONE
2041.0;3709.0;6550.0;11463.0;1918.0;2970.0;1755.0;3262.0;5980.0;10704.0;1807.0;2874.0;7.0;-2.0;-3.0;-2.0;ACETONE
2064.0;3740.0;6618.0;11500.0;1925.0;2963.0;1764.0;3287.0;6056.0;10792.0;1826.0;2872.0;3.0;-2.0;-1.0;-1.0;ACETONE
2057.0;3715.0;6624.0;11505.0;1921.0;2956.0;1767.0;3305.0;6061.0;10554.0;1806.0;2846.0;3.0;-2.0;0.0;-1.0;ACETONE
2049.0;3709.0;6586.0;11432.0;1900.0;2928.0;1730.0;3234.0;5938.0;10547.0;1781.0;2806.0;2.0;-2.0;-1.0;-1.0;ACETONE
2001.0;3612.0;6358.0;11133.0;1872.0;2892.0;1690.0;3170.0;5821.0;10447.0;1775.0;2811.0;6.0;-2.0;-1.0;-1.0;ACETONE
2015.0;3658.0;6465.0;11302.0;1894.0;2928.0;1726.0;3234.0;5907.0;10621.0;1785.0;2830.0;5.0;0.0;-1.0;0.0;ACETONE
2015.0;3666.0;6482.0;11267.0;1884.0;2912.0;1730.0;3249.0;5977.0;10613.0;1798.0;2827.0;9.0;0.0;1.0;-1.0;ACETONE
2032.0;3667.0;6494.0;11281.0;1895.0;2928.0;1729.0;3241.0;5955.0;10685.0;1795.0;2822.0;7.0;-1.0;-1.0;0.0;ACETONE
2055.0;3708.0;6533.0;11389.0;1901.0;2937.0;1723.0;3243.0;5942.0;10611.0;1801.0;2851.0;8.0;0.0;3.0;-1.0;ACETONE
2055.0;3724.0;6584.0;11427.0;1911.0;2946.0;1760.0;3288.0;6051.0;10725.0;1810.0;2865.0;7.0;0.0;-6.0;0.0;ACETONE
2070.0;3743.0;6618.0;11469.0;1918.0;2953.0;1769.0;3306.0;6028.0;10678.0;1805.0;2850.0;2.0;-1.0;-7.0;-2.0;ACETONE
2037.0;3695.0;6548.0;11342.0;1907.0;2936.0;1766.0;3288.0;6048.0;10706.0;1814.0;2866.0;-3.0;-1.0;-10.0;4.0;ACETONE
2064.0;3751.0;6640.0;11565.0;1936.0;2994.0;1805.0;3361.0;6148.0;10938.0;1854.0;2921.0;-3.0;-1.0;-11.0;-2.0;ACETONE
2106.0;3814.0;6775.0;11770.0;1966.0;3032.0;1815.0;3387.0;6196.0;11097.0;1859.0;2931.0;-3.0;-3.0;-11.0;5.0;ACETONE
2149.0;3860.0;6798.0;11770.0;1979.0;3056.0;1828.0;3427.0;6198.0;11108.0;1875.0;2960.0;-2.0;-3.0;-10.0;-1.0;ACETONE
2158.0;3894.0;6905.0;11919.0;1990.0;3057.0;1847.0;3437.0;6302.0;11124.0;1875.0;2961.0;-2.0;-2.0;-8.0;8.0;ACETONE
2174.0;3904.0;6878.0;11876.0;1981.0;3041.0;1822.0;3380.0;6181.0;10994.0;1855.0;2919.0;5.0;-1.0;-4.0;-1.0;ACETONE
2115.0;3815.0;6715.0;11698.0;1958.0;3027.0;1807.0;3361.0;6169.0;11031.0;1866.0;2945.0;8.0;5.0;0.0;-1.0;ACETONE
2131.0;3862.0;6826.0;11864.0;1977.0;3062.0;1820.0;3387.0;6256.0;11162.0;1878.0;2967.0;5.0;3.0;1.0;-1.0;ACETONE
2159.0;3904.0;6888.0;11924.0;1992.0;3075.0;1853.0;3457.0;6321.0;11237.0;1891.0;2986.0;5.0;3.0;1.0;-2.0;ACETONE
2182.0;3935.0;6954.0;12042.0;2021.0;3117.0;1887.0;3537.0;6422.0;11429.0;1919.0;3046.0;1.0;3.0;0.0;-2.0;ACETONE
2241.0;4023.0;7064.0;12300.0;2053.0;3145.0;1927.0;3592.0;6557.0;11544.0;1952.0;3066.0;1.0;1.0;0.0;-1.0;ACETONE
2262.0;4067.0;7166.0;12399.0;2060.0;3169.0;1938.0;3605.0;6500.0;11584.0;1937.0;3053.0;7.0;1.0;-3.0;3.0;ACETONE
2241.0;4030.0;7104.0;12294.0;2048.0;3150.0;1911.0;3554.0;6460.0;11493.0;1932.0;3035.0;1.0;1.0;-5.0;-1.0;ACETONE
2222.0;4007.0;7055.0;12190.0;2024.0;3104.0;1917.0;3557.0;6479.0;11412.0;1910.0;3008.0;7.0;5.0;-3.0;3.0;ACETONE
2197.0;3947.0;6997.0;12066.0;2004.0;3075.0;1853.0;3451.0;6298.0;11171.0;1888.0;2976.0;6.0;3.0;-3.0;2.0;ACETONE
2207.0;3952.0;6913.0;12052.0;1999.0;3082.0;1864.0;3481.0;6361.0;11275.0;1891.0;2971.0;1.0;5.0;-8.0;2.0;ACETONE
2179.0;3936.0;6943.0;11985.0;2001.0;3081.0;1873.0;3491.0;6361.0;11310.0;1904.0;3001.0;1.0;3.0;-8.0;-6.0;ACETONE
2201.0;3974.0;6996.0;12099.0;2021.0;3103.0;1900.0;3533.0;6437.0;11413.0;1920.0;3019.0;4.0;-1.0;-2.0;-1.0;ACETONE
2217.0;3984.0;7011.0;12160.0;2023.0;3107.0;1892.0;3519.0;6409.0;11340.0;1900.0;2984.0;1.0;-1.0;-2.0;-6.0;ACETONE
2197.0;3939.0;6966.0;12086.0;2004.0;3083.0;1886.0;3506.0;6385.0;11308.0;1890.0;2982.0;-1.0;-2.0;-2.0;-3.0;ACETONE
2201.0;3952.0;6982.0;12095.0;2019.0;3100.0;1915.0;3529.0;6440.0;11434.0;1911.0;3020.0;4.0;-2.0;-1.0;-8.0;ACETONE
2219.0;4008.0;7084.0;12269.0;2050.0;3141.0;1920.0;3567.0;6508.0;11561.0;1955.0;3072.0;1.0;-7.0;-2.0;-3.0;ACETONE
2280.0;4104.0;7200.0;12469.0;2061.0;3168.0;1944.0;3596.0;6556.0;11590.0;1950.0;3065.0;-1.0;-7.0;-2.0;-5.0;ACETONE
2261.0;4056.0;7133.0;12379.0;2053.0;3155.0;1920.0;3574.0;6526.0;11583.0;1942.0;3070.0;1.0;-7.0;-7.0;-3.0;ACETONE
2250.0;4057.0;7152.0;12412.0;2065.0;3180.0;1942.0;3592.0;6561.0;11626.0;1954.0;3074.0;2.0;-3.0;-1.0;1.0;ACETONE
2269.0;4090.0;7209.0;12485.0;2079.0;3193.0;1963.0;3644.0;6631.0;11701.0;1971.0;3099.0;2.0;-3.0;-3.0;1.0;ACETONE
2289.0;4133.0;7261.0;12562.0;2088.0;3208.0;1983.0;3657.0;6698.0;11801.0;1975.0;3109.0;2.0;-3.0;-3.0;1.0;ACETONE
2320.0;4153.0;7314.0;12577.0;2092.0;3217.0;1993.0;3684.0;6704.0;11801.0;1984.0;3123.0;2.0;-1.0;-7.0;1.0;ACETONE
2318.0;4189.0;7348.0;12754.0;2116.0;3237.0;2019.0;3736.0;6809.0;11926.0;1994.0;3150.0;2.0;-1.0;-3.0;0.0;ACETONE
2386.0;4257.0;7468.0;12822.0;2134.0;3256.0;1999.0;3717.0;6762.0;11939.0;1997.0;3151.0;5.0;0.0;-3.0;0.0;ACETONE
2398.0;4293.0;7524.0;12887.0;2131.0;3258.0;2007.0;3715.0;6771.0;11950.0;2010.0;3144.0;5.0;3.0;-3.0;0.0;ACETONE
2369.0;4249.0;7453.0;12879.0;2130.0;3266.0;2050.0;3774.0;6887.0;12109.0;2022.0;3168.0;10.0;3.0;0.0;0.0;ACETONE
2399.0;4284.0;7542.0;12997.0;2153.0;3273.0;2062.0;3787.0;6897.0;12148.0;2029.0;3193.0;5.0;3.0;1.0;0.0;ACETONE
2421.0;4315.0;7515.0;13031.0;2163.0;3300.0;2063.0;3802.0;6911.0;12184.0;2034.0;3194.0;4.0;3.0;1.0;0.0;ACETONE
2406.0;4307.0;7562.0;12982.0;2161.0;3306.0;2068.0;3818.0;6941.0;12268.0;2043.0;3211.0;1.0;2.0;1.0;0.0;ACETONE
2443.0;4377.0;7617.0;13189.0;2187.0;3334.0;2095.0;3842.0;6966.0;12277.0;2059.0;3219.0;1.0;-4.0;1.0;1.0;ACETONE
2441.0;4353.0;7642.0;13240.0;2192.0;3341.0;2088.0;3861.0;7053.0;12413.0;2062.0;3255.0;4.0;2.0;-4.0;1.0;ACETONE
2463.0;4408.0;7709.0;13281.0;2206.0;3354.0;2085.0;3870.0;7028.0;12396.0;2077.0;3254.0;4.0;-2.0;-4.0;0.0;ACETONE
2451.0;4397.0;7692.0;13266.0;2193.0;3339.0;2097.0;3876.0;6991.0;12338.0;2054.0;3217.0;4.0;-1.0;-4.0;0.0;ACETONE
2448.0;4379.0;7664.0;13184.0;2173.0;3323.0;2103.0;3884.0;7020.0;12351.0;2053.0;3219.0;5.0;-1.0;-4.0;1.0;ACETONE
2427.0;4344.0;7636.0;13132.0;2168.0;3318.0;2104.0;3882.0;7046.0;12297.0;2054.0;3205.0;9.0;-1.0;-4.0;1.0;ACETONE
2407.0;4313.0;7542.0;12967.0;2162.0;3305.0;2072.0;3820.0;6937.0;12164.0;2038.0;3199.0;8.0;-1.0;-8.0;1.0;ACETONE
2402.0;4321.0;7544.0;13019.0;2177.0;3335.0;2107.0;3886.0;7052.0;12401.0;2081.0;3246.0;11.0;-1.0;-8.0;1.0;ACETONE
2450.0;4385.0;7703.0;13240.0;2193.0;3356.0;2115.0;3882.0;7050.0;12399.0;2072.0;3243.0;8.0;4.0;3.0;4.0;ACETONE
2475.0;4427.0;7750.0;13303.0;2191.0;3359.0;2112.0;3909.0;7083.0;12461.0;2068.0;3227.0;11.0;12.0;3.0;4.0;ACETONE
2438.0;4364.0;7645.0;13084.0;2172.0;3327.0;2072.0;3841.0;6974.0;12337.0;2059.0;3219.0;3.0;10.0;4.0;3.0;ACETONE
2449.0;4390.0;7693.0;13170.0;2177.0;3328.0;2088.0;3865.0;7012.0;12306.0;2051.0;3209.0;5.0;5.0;3.0;0.0;ACETONE
2424.0;4325.0;7628.0;13160.0;2161.0;3310.0;2076.0;3841.0;6983.0;12193.0;2029.0;3192.0;3.0;5.0;-2.0;-1.0;ACETONE
2443.0;4359.0;7608.0;13085.0;2161.0;3318.0;2064.0;3825.0;6997.0;12281.0;2055.0;3215.0;5.0;5.0;-2.0;-4.0;ACETONE
2445.0;4380.0;7679.0;13203.0;2186.0;3344.0;2123.0;3923.0;7078.0;12423.0;2072.0;3243.0;5.0;-2.0;-2.0;-1.0;ACETONE
2481.0;4431.0;7761.0;13320.0;2198.0;3376.0;2139.0;3933.0;7148.0;12542.0;2098.0;3267.0;6.0;-3.0;-2.0;-1.0;ACETONE
2491.0;4460.0;7801.0;13356.0;2215.0;3370.0;2155.0;3963.0;7169.0;12556.0;2093.0;3273.0;8.0;-3.0;2.0;0.0;ACETONE
2493.0;4445.0;7775.0;13308.0;2206.0;3373.0;2149.0;3946.0;7156.0;12542.0;2095.0;3274.0;8.0;-3.0;5.0;0.0;ACETONE
2478.0;4432.0;7777.0;13386.0;2206.0;3364.0;2116.0;3921.0;7086.0;12484.0;2079.0;3257.0;15.0;1.0;5.0;1.0;ACETONE
2473.0;4425.0;7768.0;13317.0;2210.0;3363.0;2103.0;3918.0;7094.0;12530.0;2094.0;3271.0;9.0;3.0;2.0;1.0;ACETONE
2496.0;4453.0;7806.0;13460.0;2218.0;3385.0;2128.0;3927.0;7090.0;12480.0;2092.0;3268.0;8.0;3.0;5.0;1.0;ACETONE
2504.0;4490.0;7866.0;13489.0;2218.0;3391.0;2137.0;3936.0;7140.0;12624.0;2099.0;3299.0;8.0;1.0;2.0;1.0;ACETONE
2525.0;4508.0;7886.0;13526.0;2229.0;3406.0;2170.0;4001.0;7247.0;12660.0;2106.0;3296.0;11.0;1.0;2.0;1.0;ACETONE
2531.0;4511.0;7940.0;13588.0;2241.0;3406.0;2174.0;3999.0;7228.0;12654.0;2118.0;3306.0;2.0;1.0;2.0;2.0;ACETONE
2529.0;4505.0;7927.0;13625.0;2264.0;3456.0;2219.0;4073.0;7350.0;12900.0;2150.0;3382.0;11.0;5.0;-2.0;-2.0;ACETONE
2622.0;4663.0;8118.0;13897.0;2295.0;3507.0;2241.0;4138.0;7441.0;13100.0;2174.0;3360.0;2.0;5.0;-6.0;-2.0;ACETONE
2612.0;4664.0;8096.0;13863.0;2291.0;3484.0;2225.0;4092.0;7392.0;12929.0;2157.0;3361.0;2.0;5.0;-6.0;-3.0;ACETONE
2595.0;4612.0;8004.0;13744.0;2264.0;3442.0;2183.0;4042.0;7300.0;12827.0;2139.0;3337.0;2.0;3.0;-6.0;-3.0;ACETONE
2561.0;4566.0;7966.0;13706.0;2261.0;3463.0;2189.0;4022.0;7306.0;12841.0;2147.0;3364.0;2.0;0.0;-6.0;-1.0;ACETONE
2592.0;4614.0;8005.0;13786.0;2282.0;3482.0;2216.0;4099.0;7407.0;13001.0;2170.0;3394.0;-1.0;0.0;-6.0;-1.0;ACETONE
2628.0;4688.0;8151.0;13987.0;2308.0;3511.0;2236.0;4132.0;7481.0;13123.0;2181.0;3399.0;-1.0;0.0;-1.0;-3.0;ACETONE
2630.0;4709.0;8223.0;14044.0;2307.0;3515.0;2291.0;4192.0;7549.0;13170.0;2189.0;3424.0;5.0;-1.0;-1.0;-3.0;ACETONE
2638.0;4701.0;8200.0;14051.0;2322.0;3532.0;2303.0;4231.0;7573.0;13295.0;2205.0;3428.0;13.0;0.0;5.0;-3.0;ACETONE
2652.0;4741.0;8303.0;14092.0;2326.0;3553.0;2266.0;4180.0;7525.0;13215.0;2190.0;3424.0;9.0;0.0;4.0;-3.0;ACETONE
2646.0;4694.0;8232.0;14029.0;2313.0;3509.0;2262.0;4153.0;7486.0;13145.0;2185.0;3402.0;11.0;1.0;4.0;-2.0;ACETONE
2631.0;4682.0;8116.0;13885.0;2294.0;3511.0;2244.0;4135.0;7455.0;13046.0;2181.0;3402.0;11.0;1.0;-2.0;-2.0;ACETONE
2605.0;4575.0;8131.0;13903.0;2290.0;3498.0;2244.0;4120.0;7442.0;13009.0;2164.0;3382.0;4.0;3.0;3.0;-2.0;ACETONE
2619.0;4649.0;8127.0;13839.0;2289.0;3497.0;2241.0;4134.0;7461.0;13105.0;2170.0;3397.0;6.0;5.0;-2.0;-2.0;ACETONE
2646.0;4710.0;8206.0;14043.0;2306.0;3516.0;2275.0;4180.0;7523.0;13154.0;2186.0;3406.0;4.0;10.0;-2.0;-2.0;ACETONE
2635.0;4684.0;8171.0;14060.0;2311.0;3509.0;2267.0;4160.0;7498.0;13187.0;2189.0;3416.0;-4.0;5.0;3.0;-2.0;ACETONE
2648.0;4745.0;8254.0;14203.0;2330.0;3559.0;2269.0;4194.0;7578.0;13264.0;2206.0;3451.0;-4.0;6.0;3.0;0.0;ACETONE
2678.0;4778.0;8297.0;14225.0;2339.0;3554.0;2290.0;4229.0;7560.0;13246.0;2205.0;3432.0;-4.0;5.0;11.0;2.0;ACETONE
2667.0;4744.0;8291.0;14161.0;2337.0;3546.0;2323.0;4243.0;7658.0;13313.0;2211.0;3445.0;-2.0;6.0;6.0;1.0;ACETONE
2691.0;4790.0;8371.0;14173.0;2335.0;3562.0;2294.0;4224.0;7611.0;13320.0;2210.0;3443.0;2.0;1.0;9.0;1.0;ACETONE
2654.0;4747.0;8250.0;14171.0;2335.0;3562.0;2295.0;4230.0;7625.0;13320.0;2213.0;3455.0;2.0;1.0;0.0;-3.0;ACETONE
2691.0;4828.0;8377.0;14314.0;2356.0;3587.0;2349.0;4286.0;7696.0;13502.0;2246.0;3489.0;2.0;1.0;-7.0;-3.0;ACETONE
2720.0;4831.0;8421.0;14438.0;2369.0;3595.0;2338.0;4283.0;7722.0;13438.0;2233.0;3482.0;2.0;-3.0;-7.0;-4.0;ACETONE
2734.0;4838.0;8437.0;14463.0;2355.0;3568.0;2315.0;4262.0;7786.0;13612.0;2273.0;3530.0;3.0;-3.0;-2.0;-3.0;ACETONE
2761.0;4916.0;8558.0;14641.0;2393.0;3627.0;2360.0;4324.0;7820.0;13624.0;2245.0;3501.0;3.0;-3.0;0.0;-3.0;ACETONE
2715.0;4825.0;8426.0;14399.0;2382.0;3618.0;2334.0;4284.0;7727.0;13485.0;2241.0;3508.0;7.0;0.0;-2.0;1.0;ACETONE
2736.0;4877.0;8485.0;14517.0;2390.0;3647.0;2372.0;4375.0;7935.0;13709.0;2272.0;3549.0;11.0;-2.0;-1.0;1.0;ACETONE
2792.0;4969.0;8653.0;14731.0;2420.0;3654.0;2368.0;4332.0;7824.0;13635.0;2275.0;3551.0;12.0;-2.0;-2.0;1.0;ACETONE
2774.0;4947.0;8581.0;14678.0;2418.0;3661.0;2395.0;4391.0;7857.0;13761.0;2268.0;3540.0;12.0;0.0;-5.0;1.0;ACETONE
2741.0;4898.0;8554.0;14664.0;2401.0;3667.0;2402.0;4417.0;7948.0;13816.0;2292.0;3546.0;4.0;0.0;-7.0;1.0;ACETONE
2811.0;4976.0;8647.0;14715.0;2415.0;3659.0;2428.0;4431.0;7954.0;13798.0;2288.0;3577.0;4.0;0.0;-7.0;-3.0;ACETONE
2805.0;4973.0;8612.0;14779.0;2420.0;3686.0;2407.0;4426.0;7971.0;13881.0;2299.0;3567.0;4.0;0.0;-7.0;-3.0;ACETONE
2778.0;4934.0;8577.0;14713.0;2420.0;3664.0;2389.0;4378.0;7865.0;13740.0;2270.0;3560.0;4.0;0.0;-7.0;-3.0;ACETONE
2791.0;4960.0;8636.0;14719.0;2422.0;3665.0;2402.0;4409.0;7939.0;13809.0;2282.0;3554.0;5.0;0.0;-9.0;-3.0;ACETONE
2813.0;4994.0;8643.0;14730.0;2414.0;3676.0;2417.0;4429.0;7944.0;13827.0;2295.0;3561.0;5.0;0.0;-4.0;-2.0;ACETONE
2805.0;4970.0;8682.0;14777.0;2424.0;3684.0;2410.0;4417.0;7943.0;13835.0;2288.0;3561.0;3.0;0.0;-4.0;-2.0;ACETONE
2862.0;5043.0;8744.0;14895.0;2434.0;3696.0;2440.0;4480.0;8013.0;13917.0;2311.0;3581.0;3.0;0.0;-4.0;-2.0;ACETONE
2811.0;4994.0;8681.0;14819.0;2440.0;3690.0;2428.0;4464.0;8014.0;13953.0;2306.0;3577.0;7.0;-4.0;-4.0;-2.0;ACETONE
2834.0;5032.0;8715.0;14851.0;2436.0;3699.0;2433.0;4441.0;8010.0;13880.0;2305.0;3599.0;7.0;3.0;-4.0;-2.0;ACETONE
2825.0;5036.0;8744.0;14915.0;2442.0;3696.0;2405.0;4433.0;7950.0;13954.0;2300.0;3593.0;7.0;2.0;-5.0;-2.0;ACETONE
2817.0;4993.0;8696.0;14860.0;2447.0;3712.0;2458.0;4509.0;8078.0;14008.0;2318.0;3596.0;7.0;2.0;-9.0;-2.0;ACETONE
2845.0;5026.0;8742.0;14898.0;2449.0;3704.0;2425.0;4449.0;7991.0;13941.0;2296.0;3590.0;11.0;4.0;-9.0;0.0;ACETONE
2807.0;4996.0;8695.0;14820.0;2436.0;3706.0;2441.0;4453.0;8013.0;13938.0;2307.0;3590.0;8.0;2.0;-9.0;0.0;ACETONE
2809.0;4985.0;8707.0;14843.0;2444.0;3701.0;2455.0;4467.0;8021.0;13931.0;2316.0;3590.0;8.0;3.0;-6.0;-1.0;ACETONE
2846.0;5084.0;8786.0;14995.0;2456.0;3712.0;2446.0;4491.0;8094.0;14028.0;2319.0;3606.0;8.0;2.0;2.0;-1.0;ACETONE
2861.0;5068.0;8821.0;15065.0;2472.0;3741.0;2492.0;4549.0;8139.0;14230.0;2352.0;3666.0;8.0;2.0;2.0;-4.0;ACETONE
2916.0;5168.0;8966.0;15383.0;2531.0;3818.0;2542.0;4648.0;8361.0;14445.0;2397.0;3706.0;13.0;2.0;2.0;-4.0;ACETONE
2956.0;5244.0;9116.0;15511.0;2545.0;3830.0;2542.0;4641.0;8319.0;14462.0;2389.0;3716.0;13.0;3.0;2.0;-2.0;ACETONE
2969.0;5273.0;9096.0;15424.0;2531.0;3824.0;2535.0;4639.0;8325.0;14494.0;2382.0;3686.0;12.0;3.0;2.0;-4.0;ACETONE
2970.0;5256.0;9087.0;15447.0;2532.0;3815.0;2547.0;4669.0;8318.0;14470.0;2395.0;3690.0;10.0;3.0;5.0;-2.0;ACETONE
2966.0;5256.0;9101.0;15426.0;2522.0;3831.0;2545.0;4643.0;8357.0;14519.0;2398.0;3733.0;10.0;3.0;4.0;-2.0;ACETONE
2997.0;5289.0;9185.0;15576.0;2554.0;3853.0;2564.0;4708.0;8365.0;14535.0;2392.0;3714.0;9.0;5.0;1.0;-5.0;ACETONE
2976.0;5289.0;9140.0;15503.0;2535.0;3829.0;2557.0;4692.0;8402.0;14595.0;2406.0;3737.0;3.0;2.0;-1.0;-5.0;ACETONE
2987.0;5284.0;9147.0;15561.0;2549.0;3855.0;2568.0;4698.0;8436.0;14531.0;2417.0;3735.0;4.0;3.0;-5.0;-4.0;ACETONE
2984.0;5283.0;9180.0;15598.0;2556.0;3872.0;2619.0;4747.0;8520.0;14685.0;2433.0;3746.0;3.0;2.0;-5.0;-4.0;ACETONE
2992.0;5314.0;9217.0;15577.0;2553.0;3851.0;2558.0;4693.0;8392.0;14527.0;2387.0;3721.0;13.0;2.0;-1.0;-4.0;ACETONE
2942.0;5241.0;9077.0;15469.0;2537.0;3813.0;2566.0;4677.0;8404.0;14498.0;2386.0;3699.0;15.0;-1.0;0.0;-3.0;ACETONE
2955.0;5232.0;9056.0;15449.0;2529.0;3832.0;2562.0;4647.0;8363.0;14469.0;2391.0;3720.0;13.0;2.0;0.0;-3.0;ACETONE
2966.0;5277.0;9124.0;15396.0;2528.0;3839.0;2581.0;4706.0;8371.0;14582.0;2391.0;3713.0;17.0;-1.0;0.0;-3.0;ACETONE
2940.0;5237.0;9076.0;15485.0;2530.0;3824.0;2534.0;4637.0;8331.0;14494.0;2390.0;3718.0;8.0;-1.0;-1.0;-4.0;ACETONE
2963.0;5240.0;9047.0;15452.0;2524.0;3826.0;2552.0;4677.0;8352.0;14510.0;2385.0;3682.0;9.0;1.0;-5.0;-3.0;ACETONE
2943.0;5235.0;9061.0;15389.0;2525.0;3815.0;2558.0;4686.0;8342.0;14517.0;2394.0;3696.0;6.0;1.0;-5.0;-4.0;ACETONE
2966.0;5250.0;9112.0;15466.0;2529.0;3827.0;2553.0;4682.0;8395.0;14529.0;2403.0;3692.0;6.0;1.0;-1.0;-4.0;ACETONE
2951.0;5254.0;9096.0;15517.0;2535.0;3849.0;2590.0;4723.0;8420.0;14604.0;2413.0;3720.0;6.0;1.0;6.0;-4.0;ACETONE
2996.0;5296.0;9170.0;15591.0;2543.0;3851.0;2611.0;4735.0;8504.0;14628.0;2413.0;3746.0;5.0;-1.0;6.0;-4.0;ACETONE
2994.0;5320.0;9252.0;15691.0;2556.0;3865.0;2598.0;4745.0;8424.0;14724.0;2427.0;3762.0;5.0;-1.0;6.0;-4.0;ACETONE
3013.0;5358.0;9268.0;15702.0;2564.0;3875.0;2612.0;4716.0;8472.0;14644.0;2424.0;3758.0;5.0;0.0;-1.0;-5.0;ACETONE
2992.0;5285.0;9163.0;15556.0;2544.0;3853.0;2566.0;4663.0;8396.0;14597.0;2419.0;3753.0;5.0;0.0;-1.0;1.0;ACETONE
3027.0;5323.0;9276.0;15653.0;2572.0;3889.0;2621.0;4781.0;8474.0;14805.0;2447.0;3779.0;5.0;0.0;-1.0;1.0;ACETONE
3039.0;5376.0;9314.0;15835.0;2591.0;3895.0;2631.0;4797.0;8576.0;14865.0;2452.0;3795.0;6.0;0.0;-1.0;1.0;ACETONE
3050.0;5402.0;9432.0;15945.0;2598.0;3931.0;2628.0;4797.0;8594.0;14907.0;2464.0;3815.0;6.0;0.0;-2.0;0.0;ACETONE
3061.0;5421.0;9388.0;15990.0;2605.0;3901.0;2652.0;4831.0;8626.0;14933.0;2477.0;3818.0;10.0;0.0;-2.0;0.0;ACETONE
3081.0;5437.0;9433.0;16072.0;2605.0;3939.0;2659.0;4895.0;8713.0;15077.0;2483.0;3844.0;9.0;0.0;-2.0;0.0;ACETONE
3093.0;5471.0;9457.0;16065.0;2616.0;3955.0;2643.0;4816.0;8618.0;15002.0;2476.0;3814.0;10.0;0.0;-2.0;1.0;ACETONE
3093.0;5469.0;9452.0;16043.0;2615.0;3941.0;2674.0;4863.0;8729.0;15012.0;2471.0;3803.0;10.0;1.0;0.0;2.0;ACETONE
3089.0;5436.0;9420.0;15897.0;2600.0;3932.0;2645.0;4826.0;8593.0;14952.0;2452.0;3808.0;10.0;0.0;6.0;2.0;ACETONE
3059.0;5441.0;9423.0;15904.0;2618.0;3937.0;2649.0;4842.0;8640.0;14996.0;2472.0;3813.0;11.0;1.0;10.0;2.0;ACETONE
3081.0;5461.0;9442.0;15980.0;2623.0;3958.0;2658.0;4820.0;8679.0;14987.0;2471.0;3807.0;9.0;1.0;6.0;1.0;ACETONE
3094.0;5479.0;9486.0;16051.0;2617.0;3948.0;2677.0;4871.0;8662.0;15053.0;2474.0;3825.0;11.0;1.0;6.0;1.0;ACETONE
3103.0;5475.0;9452.0;16086.0;2623.0;3935.0;2640.0;4827.0;8651.0;15066.0;2469.0;3833.0;9.0;1.0;0.0;1.0;ACETONE
3108.0;5501.0;9534.0;16046.0;2628.0;3955.0;2695.0;4894.0;8707.0;15121.0;2477.0;3829.0;9.0;2.0;-7.0;2.0;ACETONE
3136.0;5531.0;9563.0;16157.0;2634.0;3954.0;2682.0;4886.0;8727.0;15102.0;2473.0;3827.0;3.0;2.0;-7.0;1.0;ACETONE
3114.0;5491.0;9472.0;16078.0;2607.0;3940.0;2662.0;4839.0;8660.0;14960.0;2470.0;3831.0;3.0;2.0;-7.0;0.0;ACETONE
3091.0;5501.0;9458.0;16043.0;2613.0;3956.0;2669.0;4849.0;8636.0;15038.0;2473.0;3835.0;3.0;1.0;-7.0;0.0;ACETONE
3100.0;5474.0;9489.0;16135.0;2617.0;3965.0;2695.0;4889.0;8671.0;15111.0;2488.0;3845.0;3.0;1.0;4.0;1.0;ACETONE
3115.0;5493.0;9490.0;16135.0;2628.0;3960.0;2673.0;4844.0;8694.0;15070.0;2482.0;3850.0;2.0;-2.0;4.0;2.0;ACETONE
3124.0;5523.0;9540.0;16203.0;2641.0;3983.0;2691.0;4916.0;8770.0;15193.0;2510.0;3857.0;9.0;-4.0;0.0;1.0;ACETONE
3141.0;5563.0;9559.0;16228.0;2657.0;4003.0;2752.0;4980.0;8895.0;15328.0;2515.0;3881.0;2.0;-4.0;-8.0;-4.0;ACETONE
3155.0;5552.0;9594.0;16321.0;2654.0;3992.0;2727.0;4959.0;8816.0;15226.0;2510.0;3863.0;-1.0;-2.0;-8.0;-4.0;ACETONE
3180.0;5582.0;9653.0;16283.0;2646.0;3999.0;2715.0;4928.0;8803.0;15185.0;2509.0;3849.0;-1.0;-2.0;-8.0;-4.0;ACETONE
3157.0;5567.0;9625.0;16260.0;2657.0;4009.0;2727.0;4969.0;8853.0;15260.0;2525.0;3888.0;7.0;-2.0;-8.0;-4.0;ACETONE
3219.0;5678.0;9745.0;16421.0;2674.0;4020.0;2685.0;4923.0;8819.0;15271.0;2523.0;3881.0;12.0;-1.0;-8.0;-4.0;ACETONE
3160.0;5573.0;9645.0;16324.0;2677.0;4030.0;2717.0;4933.0;8819.0;15310.0;2525.0;3898.0;9.0;-1.0;-5.0;-2.0;ACETONE
3186.0;5642.0;9760.0;16486.0;2679.0;4034.0;2735.0;4984.0;8925.0;15442.0;2535.0;3900.0;12.0;-1.0;-5.0;-1.0;ACETONE
3209.0;5648.0;9731.0;16520.0;2692.0;4045.0;2792.0;5071.0;9046.0;15490.0;2551.0;3922.0;8.0;-1.0;-1.0;0.0;ACETONE
3212.0;5663.0;9793.0;16497.0;2700.0;4081.0;2824.0;5107.0;9081.0;15704.0;2581.0;3980.0;8.0;-1.0;3.0;0.0;ACETONE
3293.0;5781.0;9994.0;16861.0;2737.0;4106.0;2811.0;5098.0;9068.0;15759.0;2576.0;3986.0;10.0;-1.0;3.0;0.0;ACETONE
3284.0;5800.0;9972.0;16874.0;2736.0;4110.0;2815.0;5108.0;9106.0;15763.0;2584.0;3979.0;8.0;3.0;3.0;0.0;ACETONE
3272.0;5745.0;9909.0;16789.0;2732.0;4098.0;2812.0;5111.0;9148.0;15725.0;2580.0;3987.0;10.0;4.0;-1.0;-2.0;ACETONE
3314.0;5811.0;10037.0;16885.0;2736.0;4110.0;2843.0;5158.0;9182.0;15786.0;2587.0;3993.0;10.0;3.0;-1.0;-2.0;ACETONE
3323.0;5844.0;10024.0;16943.0;2751.0;4109.0;2811.0;5103.0;9084.0;15648.0;2572.0;3969.0;6.0;3.0;-2.0;-2.0;ACETONE
3274.0;5789.0;9981.0;16798.0;2748.0;4119.0;2828.0;5176.0;9177.0;15819.0;2603.0;4002.0;6.0;1.0;-1.0;1.0;ACETONE
3303.0;5826.0;10047.0;16874.0;2742.0;4111.0;2870.0;5160.0;9183.0;15848.0;2598.0;4004.0;6.0;1.0;0.0;-2.0;ACETONE
3306.0;5812.0;10049.0;16950.0;2750.0;4138.0;2866.0;5178.0;9260.0;15836.0;2605.0;4025.0;2.0;1.0;3.0;0.0;ACETONE
3311.0;5832.0;10050.0;16890.0;2763.0;4138.0;2892.0;5225.0;9293.0;15925.0;2615.0;4034.0;3.0;1.0;3.0;-3.0;ACETONE
3350.0;5873.0;10128.0;17082.0;2785.0;4175.0;2895.0;5222.0;9279.0;15958.0;2633.0;4057.0;2.0;1.0;3.0;-3.0;ACETONE
3381.0;5949.0;10215.0;17206.0;2785.0;4178.0;2896.0;5247.0;9280.0;16053.0;2630.0;4051.0;3.0;1.0;-5.0;-3.0;ACETONE
3344.0;5894.0;10194.0;17128.0;2779.0;4179.0;2865.0;5216.0;9244.0;16027.0;2616.0;4042.0;12.0;1.0;-5.0;-3.0;ACETONE
3357.0;5909.0;10142.0;17087.0;2781.0;4152.0;2874.0;5214.0;9313.0;16041.0;2629.0;4037.0;9.0;-1.0;-4.0;-3.0;ACETONE
3355.0;5877.0;10134.0;17008.0;2763.0;4142.0;2872.0;5173.0;9197.0;15867.0;2606.0;4024.0;12.0;3.0;-4.0;-3.0;ACETONE
3346.0;5891.0;10094.0;17080.0;2763.0;4144.0;2862.0;5190.0;9226.0;15936.0;2614.0;4000.0;9.0;-1.0;-4.0;0.0;ACETONE
3328.0;5874.0;10116.0;17011.0;2760.0;4137.0;2889.0;5199.0;9241.0;15932.0;2611.0;3994.0;5.0;0.0;-2.0;0.0;ACETONE
3307.0;5830.0;10024.0;16859.0;2748.0;4142.0;2882.0;5200.0;9261.0;15917.0;2602.0;4012.0;10.0;0.0;-3.0;0.0;ACETONE
3340.0;5871.0;10065.0;16977.0;2764.0;4129.0;2862.0;5215.0;9222.0;15909.0;2608.0;4009.0;5.0;0.0;-3.0;0.0;ACETONE
3306.0;5820.0;10061.0;16973.0;2758.0;4151.0;2870.0;5199.0;9261.0;15892.0;2614.0;4028.0;10.0;-4.0;-3.0;0.0;ACETONE
3331.0;5850.0;10123.0;17043.0;2768.0;4161.0;2872.0;5218.0;9272.0;15944.0;2626.0;4038.0;4.0;0.0;-4.0;0.0;ACETONE
3341.0;5915.0;10159.0;17131.0;2787.0;4182.0;2914.0;5291.0;9339.0;15997.0;2635.0;4039.0;4.0;-3.0;-4.0;0.0;ACETONE
3361.0;5907.0;10172.0;17134.0;2787.0;4174.0;2891.0;5236.0;9325.0;15992.0;2622.0;4024.0;4.0;-3.0;-4.0;0.0;ACETONE
3350.0;5923.0;10139.0;17045.0;2767.0;4155.0;2881.0;5211.0;9252.0;15932.0;2628.0;4024.0;2.0;-1.0;-4.0;-2.0;ACETONE
3326.0;5836.0;10080.0;16949.0;2753.0;4154.0;2884.0;5199.0;9235.0;16035.0;2621.0;4057.0;2.0;2.0;-3.0;-2.0;ACETONE
3341.0;5828.0;10107.0;17041.0;2780.0;4158.0;2886.0;5227.0;9253.0;15985.0;2619.0;4026.0;0.0;-1.0;-3.0;-2.0;ACETONE
3352.0;5878.0;10159.0;17075.0;2775.0;4168.0;2876.0;5219.0;9344.0;16036.0;2632.0;4030.0;9.0;2.0;-3.0;-1.0;ACETONE
3357.0;5931.0;10175.0;17139.0;2775.0;4155.0;2907.0;5279.0;9356.0;16020.0;2629.0;4038.0;3.0;2.0;-8.0;1.0;ACETONE
3337.0;5863.0;10109.0;17042.0;2772.0;4158.0;2893.0;5233.0;9287.0;15906.0;2628.0;4034.0;8.0;3.0;8.0;1.0;ACETONE
3349.0;5910.0;10156.0;17136.0;2775.0;4188.0;2914.0;5280.0;9294.0;16011.0;2621.0;4061.0;3.0;2.0;-1.0;1.0;ACETONE
3358.0;5908.0;10191.0;17146.0;2786.0;4188.0;2907.0;5270.0;9351.0;16145.0;2647.0;4062.0;8.0;2.0;6.0;1.0;ACETONE
3370.0;5952.0;10225.0;17223.0;2796.0;4191.0;2897.0;5268.0;9365.0;16150.0;2648.0;4076.0;5.0;2.0;4.0;1.0;ACETONE
3363.0;5917.0;10171.0;17209.0;2796.0;4191.0;2944.0;5296.0;9376.0;16063.0;2632.0;4080.0;9.0;4.0;6.0;-1.0;ACETONE
3411.0;6009.0;10256.0;17293.0;2796.0;4193.0;2903.0;5295.0;9404.0;16166.0;2649.0;4062.0;5.0;4.0;4.0;-1.0;ACETONE
3366.0;5909.0;10198.0;17209.0;2793.0;4213.0;2934.0;5309.0;9396.0;16259.0;2661.0;4099.0;5.0;1.0;4.0;-1.0;ACETONE
3437.0;5998.0;10344.0;17405.0;2823.0;4219.0;2941.0;5311.0;9393.0;16205.0;2658.0;4083.0;5.0;4.0;4.0;3.0;ACETONE
3423.0;6046.0;10422.0;17386.0;2822.0;4228.0;2951.0;5362.0;9512.0;16267.0;2670.0;4101.0;7.0;3.0;2.0;3.0;ACETONE
3408.0;5996.0;10326.0;17402.0;2825.0;4233.0;2993.0;5385.0;9493.0;16299.0;2674.0;4106.0;7.0;3.0;2.0;3.0;ACETONE
3431.0;6032.0;10411.0;17426.0;2833.0;4242.0;2962.0;5345.0;9523.0;16384.0;2685.0;4102.0;7.0;3.0;-2.0;3.0;ACETONE
3454.0;6047.0;10412.0;17518.0;2847.0;4248.0;2983.0;5391.0;9554.0;16428.0;2680.0;4113.0;5.0;4.0;-2.0;3.0;ACETONE
3438.0;6051.0;10429.0;17478.0;2848.0;4245.0;2960.0;5360.0;9531.0;16400.0;2684.0;4143.0;2.0;3.0;-8.0;4.0;ACETONE
3484.0;6102.0;10488.0;17616.0;2871.0;4289.0;3029.0;5451.0;9704.0;16500.0;2717.0;4139.0;2.0;1.0;-8.0;2.0;ACETONE
3465.0;6098.0;10512.0;17726.0;2878.0;4310.0;3024.0;5449.0;9730.0;16629.0;2720.0;4178.0;2.0;1.0;-5.0;1.0;ACETONE
3512.0;6181.0;10564.0;17846.0;2889.0;4306.0;3029.0;5467.0;9727.0;16649.0;2721.0;4173.0;4.0;1.0;-5.0;1.0;ACETONE
3517.0;6157.0;10552.0;17820.0;2891.0;4297.0;3041.0;5514.0;9738.0;16710.0;2719.0;4169.0;4.0;3.0;-5.0;1.0;ACETONE
3510.0;6132.0;10551.0;17726.0;2875.0;4289.0;3045.0;5486.0;9711.0;16648.0;2714.0;4152.0;4.0;1.0;-5.0;2.0;ACETONE
3516.0;6153.0;10523.0;17719.0;2866.0;4282.0;3043.0;5511.0;9751.0;16740.0;2716.0;4170.0;4.0;1.0;-5.0;3.0;ACETONE
3487.0;6154.0;10561.0;17778.0;2874.0;4306.0;3014.0;5449.0;9645.0;16607.0;2714.0;4156.0;6.0;1.0;-4.0;4.0;ACETONE
3539.0;6213.0;10623.0;17828.0;2887.0;4299.0;3027.0;5491.0;9700.0;16642.0;2727.0;4161.0;6.0;6.0;-4.0;1.0;ACETONE
3511.0;6162.0;10535.0;17718.0;2867.0;4285.0;3002.0;5410.0;9597.0;16491.0;2698.0;4158.0;8.0;6.0;-4.0;1.0;ACETONE
3504.0;6127.0;10517.0;17655.0;2869.0;4303.0;3021.0;5455.0;9667.0;16587.0;2720.0;4173.0;6.0;8.0;-4.0;1.0;ACETONE
3524.0;6176.0;10619.0;17770.0;2882.0;4319.0;3068.0;5512.0;9735.0;16437.0;2690.0;4175.0;6.0;9.0;-1.0;3.0;ACETONE
3535.0;6194.0;10643.0;17798.0;2894.0;4319.0;3046.0;5519.0;9756.0;16693.0;2729.0;4190.0;1.0;1.0;-5.0;2.0;ACETONE
3540.0;6213.0;10666.0;17890.0;2881.0;4303.0;3062.0;5498.0;9780.0;16738.0;2736.0;4186.0;6.0;1.0;0.0;2.0;ACETONE
3557.0;6209.0;10666.0;17824.0;2880.0;4311.0;3055.0;5514.0;9736.0;16639.0;2714.0;4162.0;5.0;1.0;-6.0;-1.0;ACETONE
3487.0;6122.0;10525.0;17683.0;2867.0;4296.0;3035.0;5464.0;9669.0;16641.0;2711.0;4167.0;5.0;4.0;-6.0;-6.0;ACETONE
3489.0;6139.0;10545.0;17675.0;2864.0;4302.0;3001.0;5444.0;9687.0;16571.0;2721.0;4150.0;1.0;4.0;-7.0;-6.0;ACETONE
3443.0;6077.0;10505.0;17685.0;2858.0;4295.0;3021.0;5434.0;9565.0;16615.0;2717.0;4162.0;5.0;4.0;-6.0;-2.0;ACETONE
3504.0;6152.0;10495.0;17685.0;2861.0;4314.0;3085.0;5570.0;9813.0;16737.0;2730.0;4180.0;7.0;3.0;-6.0;-4.0;ACETONE
3514.0;6186.0;10597.0;17783.0;2871.0;4312.0;3024.0;5439.0;9652.0;16629.0;2711.0;4145.0;-4.0;3.0;-7.0;-2.0;ACETONE
3504.0;6153.0;10576.0;17757.0;2877.0;4308.0;3031.0;5457.0;9666.0;16585.0;2716.0;4187.0;13.0;3.0;0.0;-2.0;ACETONE
3513.0;6183.0;10603.0;17744.0;2875.0;4309.0;3053.0;5513.0;9749.0;16656.0;2714.0;4163.0;7.0;0.0;1.0;1.0;ACETONE
3517.0;6209.0;10618.0;17850.0;2887.0;4333.0;3088.0;5545.0;9780.0;16784.0;2742.0;4205.0;9.0;0.0;0.0;1.0;ACETONE
3598.0;6279.0;10781.0;18051.0;2914.0;4337.0;3058.0;5504.0;9742.0;16722.0;2738.0;4193.0;5.0;2.0;-4.0;1.0;ACETONE
3573.0;6243.0;10720.0;17970.0;2908.0;4345.0;3077.0;5544.0;9813.0;16814.0;2742.0;4208.0;9.0;2.0;-1.0;1.0;ACETONE
3567.0;6243.0;10717.0;18029.0;2900.0;4347.0;3114.0;5608.0;9886.0;16954.0;2753.0;4230.0;5.0;4.0;-4.0;1.0;ACETONE
3562.0;6246.0;10764.0;18052.0;2921.0;4362.0;3096.0;5575.0;9892.0;16920.0;2756.0;4222.0;6.0;2.0;-5.0;1.0;ACETONE
3638.0;6368.0;10908.0;18254.0;2934.0;4345.0;3075.0;5574.0;9897.0;16900.0;2761.0;4207.0;2.0;1.0;-4.0;1.0;ACETONE
3551.0;6238.0;10675.0;17961.0;2905.0;4353.0;3089.0;5551.0;9858.0;16867.0;2741.0;4202.0;2.0;0.0;-2.0;2.0;ACETONE
3549.0;6218.0;10719.0;18029.0;2916.0;4366.0;3121.0;5577.0;9911.0;16969.0;2766.0;4229.0;-1.0;0.0;-5.0;1.0;ACETONE
3601.0;6341.0;10785.0;18144.0;2927.0;4371.0;3080.0;5589.0;9906.0;16945.0;2774.0;4256.0;2.0;0.0;-2.0;1.0;ACETONE
3603.0;6316.0;10798.0;18101.0;2922.0;4358.0;3103.0;5587.0;9831.0;16911.0;2765.0;4226.0;2.0;0.0;-2.0;1.0;ACETONE
3597.0;6274.0;10764.0;18055.0;2924.0;4359.0;3101.0;5571.0;9860.0;16857.0;2749.0;4205.0;5.0;-1.0;1.0;3.0;ACETONE
3554.0;6263.0;10697.0;17965.0;2906.0;4346.0;3080.0;5549.0;9812.0;16832.0;2750.0;4214.0;2.0;0.0;-3.0;3.0;ACETONE
3571.0;6268.0;10755.0;17952.0;2913.0;4361.0;3080.0;5537.0;9901.0;16949.0;2768.0;4238.0;7.0;1.0;-3.0;3.0;ACETONE
3588.0;6289.0;10786.0;18054.0;2924.0;4366.0;3126.0;5631.0;9928.0;16908.0;2758.0;4206.0;2.0;1.0;-4.0;3.0;ACETONE
3587.0;6282.0;10780.0;18054.0;2926.0;4371.0;3113.0;5582.0;9901.0;16965.0;2779.0;4230.0;4.0;-1.0;-6.0;1.0;ACETONE
3579.0;6274.0;10726.0;18032.0;2927.0;4377.0;3099.0;5573.0;9898.0;17029.0;2778.0;4272.0;2.0;-3.0;-8.0;1.0;ACETONE
3622.0;6348.0;10886.0;18281.0;2953.0;4417.0;3153.0;5664.0;10031.0;17157.0;2798.0;4286.0;-4.0;-3.0;-8.0;1.0;ACETONE
3708.0;6449.0;11002.0;18385.0;2968.0;4437.0;3168.0;5738.0;10115.0;17256.0;2812.0;4299.0;-4.0;-3.0;-6.0;1.0;ACETONE
3659.0;6451.0;10986.0;18392.0;2982.0;4435.0;3182.0;5718.0;10082.0;17273.0;2804.0;4299.0;4.0;0.0;-3.0;1.0;ACETONE
3641.0;6376.0;10919.0;18364.0;2959.0;4423.0;3159.0;5693.0;10062.0;17149.0;2799.0;4293.0;4.0;5.0;1.0;5.0;ACETONE
3619.0;6327.0;10866.0;18244.0;2943.0;4407.0;3150.0;5668.0;10025.0;17143.0;2791.0;4271.0;9.0;4.0;6.0;7.0;ACETONE
3596.0;6334.0;10826.0;18160.0;2942.0;4368.0;3103.0;5598.0;9910.0;17001.0;2777.0;4249.0;14.0;4.0;3.0;1.0;ACETONE
3596.0;6303.0;10791.0;18161.0;2941.0;4391.0;3135.0;5645.0;9997.0;17096.0;2776.0;4271.0;12.0;1.0;1.0;1.0;ACETONE
3599.0;6321.0;10861.0;18227.0;2941.0;4404.0;3172.0;5677.0;10025.0;17093.0;2790.0;4268.0;9.0;1.0;0.0;-2.0;ACETONE
3660.0;6384.0;10895.0;18284.0;2946.0;4399.0;3143.0;5643.0;10035.0;17116.0;2790.0;4265.0;12.0;1.0;0.0;-2.0;ACETONE
3649.0;6377.0;10911.0;18178.0;2940.0;4400.0;3160.0;5671.0;10029.0;17007.0;2792.0;4280.0;17.0;1.0;0.0;-2.0;ACETONE
3654.0;6439.0;11007.0;18367.0;2956.0;4412.0;3164.0;5703.0;10097.0;17185.0;2794.0;4291.0;15.0;6.0;6.0;-1.0;ACETONE
3661.0;6445.0;10993.0;18528.0;2977.0;4434.0;3190.0;5720.0;10102.0;17249.0;2820.0;4300.0;11.0;3.0;6.0;2.0;ACETONE
3679.0;6443.0;10991.0;18368.0;2977.0;4428.0;3177.0;5721.0;10111.0;17163.0;2811.0;4292.0;5.0;-1.0;5.0;2.0;ACETONE
3674.0;6418.0;10995.0;18466.0;2969.0;4430.0;3179.0;5732.0;10081.0;17238.0;2809.0;4305.0;5.0;-1.0;5.0;-1.0;ACETONE
3682.0;6429.0;11025.0;18412.0;2970.0;4431.0;3142.0;5674.0;10042.0;17125.0;2789.0;4282.0;1.0;3.0;5.0;0.0;ACETONE
3667.0;6413.0;10989.0;18378.0;2958.0;4394.0;3160.0;5677.0;9976.0;17058.0;2795.0;4271.0;-1.0;1.0;1.0;-2.0;ACETONE
3656.0;6397.0;10972.0;18338.0;2966.0;4439.0;3194.0;5731.0;10106.0;17297.0;2814.0;4290.0;-1.0;1.0;1.0;-2.0;ACETONE
3714.0;6474.0;11087.0;18524.0;2977.0;4447.0;3172.0;5729.0;10100.0;17269.0;2815.0;4312.0;-4.0;1.0;-6.0;0.0;ACETONE
3634.0;6386.0;10965.0;18318.0;2970.0;4433.0;3165.0;5724.0;10068.0;17190.0;2802.0;4305.0;-1.0;1.0;-6.0;0.0;ACETONE
3685.0;6443.0;11010.0;18478.0;2980.0;4432.0;3162.0;5695.0;10076.0;17361.0;2806.0;4296.0;2.0;1.0;-6.0;0.0;ACETONE
3642.0;6376.0;10912.0;18382.0;2972.0;4433.0;3160.0;5689.0;10081.0;17256.0;2797.0;4321.0;3.0;5.0;-5.0;4.0;ACETONE
3656.0;6399.0;11001.0;18456.0;2966.0;4424.0;3193.0;5724.0;10150.0;17339.0;2812.0;4287.0;2.0;4.0;-5.0;4.0;ACETONE
3661.0;6426.0;11025.0;18429.0;2972.0;4442.0;3203.0;5755.0;10135.0;17344.0;2824.0;4309.0;5.0;4.0;-5.0;10.0;ACETONE
3686.0;6456.0;11066.0;18520.0;2986.0;4462.0;3206.0;5732.0;10119.0;17328.0;2835.0;4326.0;5.0;4.0;-3.0;7.0;ACETONE
3697.0;6484.0;11066.0;18539.0;2998.0;4477.0;3218.0;5803.0;10228.0;17456.0;2841.0;4340.0;5.0;4.0;-1.0;9.0;ACETONE
3722.0;6540.0;11159.0;18676.0;3009.0;4498.0;3274.0;5849.0;10328.0;17625.0;2870.0;4376.0;6.0;-1.0;-1.0;1.0;ACETONE
3774.0;6601.0;11300.0;18923.0;3023.0;4515.0;3245.0;5840.0;10298.0;17610.0;2837.0;4355.0;5.0;-2.0;-3.0;1.0;ACETONE
3738.0;6516.0;11148.0;18642.0;3012.0;4486.0;3186.0;5776.0;10203.0;17498.0;2850.0;4348.0;1.0;-2.0;-4.0;-2.0;ACETONE
3734.0;6542.0;11181.0;18677.0;3000.0;4480.0;3217.0;5771.0;10172.0;17340.0;2843.0;4330.0;-2.0;-2.0;-6.0;1.0;ACETONE
3715.0;6519.0;11127.0;18614.0;2997.0;4466.0;3192.0;5766.0;10192.0;17410.0;2827.0;4330.0;1.0;-2.0;-6.0;1.0;ACETONE
3714.0;6481.0;11123.0;18630.0;2997.0;4452.0;3216.0;5782.0;10192.0;17326.0;2832.0;4328.0;1.0;-4.0;-6.0;-3.0;ACETONE
3731.0;6558.0;11145.0;18728.0;3003.0;4473.0;3266.0;5845.0;10288.0;17586.0;2842.0;4351.0;7.0;-2.0;-4.0;-3.0;ACETONE
3765.0;6568.0;11219.0;18722.0;3020.0;4503.0;3235.0;5801.0;10203.0;17444.0;2846.0;4353.0;13.0;0.0;-2.0;-3.0;ACETONE
3737.0;6501.0;11137.0;18726.0;3003.0;4492.0;3254.0;5867.0;10334.0;17557.0;2854.0;4369.0;11.0;0.0;-2.0;-3.0;ACETONE
3724.0;6515.0;11152.0;18713.0;3016.0;4499.0;3260.0;5876.0;10328.0;17677.0;2871.0;4388.0;8.0;0.0;-4.0;-4.0;ACETONE
3769.0;6589.0;11295.0;18763.0;3033.0;4532.0;3268.0;5887.0;10366.0;17751.0;2884.0;4411.0;5.0;1.0;-2.0;-3.0;ACETONE
3793.0;6629.0;11369.0;19021.0;3064.0;4547.0;3268.0;5899.0;10423.0;17707.0;2885.0;4388.0;7.0;3.0;-4.0;-2.0;ACETONE
3775.0;6600.0;11346.0;18857.0;3054.0;4554.0;3253.0;5866.0;10365.0;17696.0;2903.0;4410.0;6.0;3.0;-4.0;-2.0;ACETONE
3785.0;6628.0;11322.0;18897.0;3061.0;4572.0;3319.0;5959.0;10493.0;17897.0;2898.0;4427.0;6.0;1.0;-1.0;-2.0;ACETONE
3831.0;6669.0;11427.0;19079.0;3072.0;4570.0;3348.0;5983.0;10514.0;17904.0;2902.0;4433.0;1.0;1.0;1.0;-2.0;ACETONE
3866.0;6741.0;11488.0;19078.0;3070.0;4567.0;3323.0;5944.0;10484.0;17872.0;2902.0;4429.0;1.0;1.0;-1.0;2.0;ACETONE
3839.0;6713.0;11342.0;18960.0;3062.0;4559.0;3319.0;5953.0;10503.0;17807.0;2897.0;4420.0;1.0;-1.0;-1.0;2.0;ACETONE
3848.0;6711.0;11510.0;19054.0;3062.0;4560.0;3325.0;5962.0;10480.0;17861.0;2906.0;4415.0;1.0;1.0;-1.0;2.0;ACETONE
3819.0;6678.0;11388.0;19002.0;3064.0;4533.0;3305.0;5946.0;10489.0;17800.0;2892.0;4431.0;5.0;6.0;-1.0;2.0;ACETONE
3831.0;6703.0;11453.0;19116.0;3085.0;4583.0;3350.0;6042.0;10592.0;17985.0;2915.0;4466.0;5.0;2.0;-3.0;2.0;ACETONE
3827.0;6696.0;11494.0;19117.0;3087.0;4606.0;3370.0;6056.0;10639.0;18117.0;2930.0;4482.0;9.0;6.0;-1.0;1.0;ACETONE
3873.0;6760.0;11573.0;19237.0;3106.0;4603.0;3345.0;5978.0;10551.0;17994.0;2912.0;4458.0;9.0;6.0;1.0;1.0;ACETONE
3865.0;6723.0;11481.0;19150.0;3097.0;4589.0;3351.0;5992.0;10603.0;18006.0;2931.0;4465.0;9.0;6.0;1.0;2.0;ACETONE
3865.0;6760.0;11542.0;19260.0;3097.0;4596.0;3392.0;6064.0;10651.0;18070.0;2928.0;4453.0;10.0;2.0;5.0;2.0;ACETONE
3843.0;6697.0;11450.0;19108.0;3083.0;4602.0;3337.0;5991.0;10542.0;17979.0;2918.0;4438.0;8.0;0.0;-1.0;2.0;ACETONE
3873.0;6750.0;11559.0;19084.0;3074.0;4561.0;3319.0;5933.0;10483.0;17888.0;2908.0;4440.0;-4.0;0.0;-3.0;3.0;ACETONE
3888.0;6765.0;11544.0;19130.0;3076.0;4596.0;3367.0;5995.0;10534.0;17979.0;2915.0;4458.0;-4.0;0.0;-3.0;3.0;ACETONE
3864.0;6727.0;11518.0;19158.0;3093.0;4608.0;3390.0;6087.0;10622.0;18105.0;2947.0;4475.0;1.0;0.0;-4.0;1.0;ACETONE
3890.0;6772.0;11567.0;19238.0;3105.0;4620.0;3362.0;6039.0;10581.0;18042.0;2930.0;4468.0;-4.0;0.0;-6.0;1.0;ACETONE
3876.0;6758.0;11498.0;19205.0;3099.0;4598.0;3371.0;6046.0;10653.0;18124.0;2931.0;4479.0;1.0;0.0;-3.0;1.0;ACETONE
3920.0;6805.0;11614.0;19261.0;3104.0;4602.0;3365.0;6008.0;10592.0;17973.0;2913.0;4451.0;1.0;-2.0;-6.0;1.0;ACETONE
3896.0;6798.0;11562.0;19204.0;3089.0;4603.0;3353.0;6006.0;10581.0;18079.0;2938.0;4471.0;1.0;-2.0;-6.0;-3.0;ACETONE
3889.0;6793.0;11603.0;19282.0;3092.0;4578.0;3374.0;6038.0;10649.0;18023.0;2922.0;4449.0;3.0;-2.0;1.0;-3.0;ACETONE
3894.0;6798.0;11610.0;19233.0;3081.0;4592.0;3369.0;6051.0;10636.0;18144.0;2936.0;4464.0;10.0;-2.0;1.0;-3.0;ACETONE
3891.0;6756.0;11545.0;19275.0;3102.0;4609.0;3378.0;6065.0;10587.0;18064.0;2935.0;4481.0;5.0;2.0;-1.0;1.0;ACETONE
3907.0;6805.0;11635.0;19301.0;3108.0;4619.0;3403.0;6102.0;10648.0;18167.0;2947.0;4482.0;11.0;3.0;1.0;2.0;ACETONE
3903.0;6815.0;11713.0;19435.0;3119.0;4604.0;3386.0;6067.0;10637.0;17977.0;2935.0;4469.0;6.0;2.0;0.0;1.0;ACETONE
3891.0;6784.0;11516.0;19292.0;3095.0;4609.0;3382.0;6023.0;10567.0;18104.0;2931.0;4458.0;11.0;-3.0;0.0;1.0;ACETONE
3918.0;6813.0;11560.0;19146.0;3095.0;4593.0;3379.0;6074.0;10673.0;18162.0;2932.0;4478.0;1.0;-3.0;0.0;1.0;ACETONE
3922.0;6813.0;11653.0;19325.0;3115.0;4628.0;3412.0;6119.0;10725.0;18223.0;2953.0;4483.0;1.0;-3.0;0.0;1.0;ACETONE
3931.0;6860.0;11689.0;19476.0;3136.0;4644.0;3433.0;6131.0;10741.0;18334.0;2979.0;4526.0;1.0;-1.0;-4.0;1.0;ACETONE
3966.0;6899.0;11783.0;19526.0;3149.0;4651.0;3424.0;6125.0;10741.0;18293.0;2990.0;4526.0;-2.0;0.0;-7.0;4.0;ACETONE
3965.0;6941.0;11846.0;19631.0;3164.0;4674.0;3464.0;6185.0;10813.0;18409.0;2977.0;4529.0;-2.0;0.0;-7.0;-2.0;ACETONE
3980.0;6905.0;11779.0;19494.0;3144.0;4672.0;3471.0;6184.0;10805.0;18392.0;2979.0;4523.0;1.0;-1.0;-7.0;4.0;ACETONE
3965.0;6882.0;11822.0;19543.0;3146.0;4660.0;3456.0;6162.0;10851.0;18405.0;2981.0;4509.0;8.0;-3.0;-4.0;3.0;ACETONE
4008.0;6978.0;11818.0;19523.0;3143.0;4654.0;3429.0;6127.0;10733.0;18308.0;2945.0;4493.0;1.0;-3.0;-7.0;3.0;ACETONE
3957.0;6901.0;11726.0;19422.0;3129.0;4644.0;3448.0;6147.0;10780.0;18238.0;2955.0;4492.0;8.0;-3.0;-4.0;3.0;ACETONE
3975.0;6906.0;11757.0;19512.0;3123.0;4630.0;3398.0;6085.0;10661.0;18147.0;2952.0;4481.0;12.0;-1.0;-7.0;3.0;ACETONE
3914.0;6835.0;11692.0;19344.0;3114.0;4631.0;3429.0;6119.0;10757.0;18274.0;2957.0;4500.0;15.0;-1.0;-4.0;0.0;ACETONE
3948.0;6883.0;11764.0;19428.0;3124.0;4655.0;3425.0;6098.0;10744.0;18234.0;2963.0;4505.0;12.0;1.0;-4.0;-1.0;ACETONE
3938.0;6847.0;11595.0;19409.0;3120.0;4626.0;3424.0;6113.0;10750.0;18229.0;2937.0;4478.0;13.0;0.0;-4.0;0.0;ACETONE
3940.0;6884.0;11655.0;19339.0;3121.0;4606.0;3430.0;6107.0;10749.0;18261.0;2933.0;4469.0;10.0;0.0;-8.0;-1.0;ACETONE
3950.0;6877.0;11694.0;19433.0;3111.0;4607.0;3418.0;6089.0;10655.0;18140.0;2935.0;4458.0;4.0;2.0;-5.0;-1.0;ACETONE
3930.0;6830.0;11649.0;19302.0;3103.0;4607.0;3436.0;6112.0;10704.0;18187.0;2930.0;4460.0;6.0;2.0;-5.0;-4.0;ACETONE
3945.0;6831.0;11653.0;19340.0;3108.0;4595.0;3414.0;6097.0;10650.0;18132.0;2938.0;4448.0;4.0;0.0;-5.0;4.0;ACETONE
3947.0;6850.0;11684.0;19240.0;3100.0;4582.0;3412.0;6104.0;10714.0;18058.0;2927.0;4447.0;11.0;2.0;-5.0;2.0;ACETONE
3917.0;6822.0;11579.0;19275.0;3114.0;4621.0;3424.0;6122.0;10780.0;18270.0;2960.0;4485.0;4.0;4.0;-1.0;3.0;ACETONE
4006.0;6958.0;11847.0;19550.0;3145.0;4648.0;3454.0;6178.0;10794.0;18358.0;2970.0;4503.0;3.0;4.0;-1.0;-1.0;ACETONE
3999.0;6929.0;11775.0;19537.0;3151.0;4662.0;3441.0;6149.0;10773.0;18324.0;2965.0;4513.0;3.0;5.0;0.0;2.0;ACETONE
3983.0;6924.0;11816.0;19502.0;3135.0;4643.0;3455.0;6155.0;10789.0;18346.0;2975.0;4521.0;4.0;7.0;1.0;2.0;ACETONE
4017.0;6950.0;11846.0;19560.0;3157.0;4682.0;3467.0;6140.0;10866.0;18470.0;2981.0;4539.0;4.0;0.0;2.0;2.0;ACETONE
4007.0;6964.0;11848.0;19632.0;3161.0;4692.0;3463.0;6197.0;10827.0;18430.0;2991.0;4546.0;4.0;0.0;-2.0;2.0;ACETONE
4027.0;6965.0;11835.0;19652.0;3166.0;4685.0;3478.0;6223.0;10832.0;18566.0;2994.0;4545.0;3.0;0.0;-1.0;3.0;ACETONE
4013.0;6985.0;11882.0;19651.0;3158.0;4666.0;3456.0;6168.0;10866.0;18462.0;2982.0;4535.0;6.0;-2.0;-2.0;3.0;ACETONE
3997.0;6933.0;11842.0;19590.0;3160.0;4685.0;3480.0;6267.0;10907.0;18460.0;2979.0;4533.0;0.0;-3.0;-2.0;3.0;ACETONE
3986.0;6927.0;11782.0;19623.0;3149.0;4677.0;3471.0;6197.0;10922.0;18494.0;2994.0;4539.0;0.0;-2.0;-1.0;3.0;ACETONE
3989.0;6927.0;11792.0;19518.0;3156.0;4687.0;3468.0;6167.0;10822.0;18411.0;2974.0;4568.0;-1.0;3.0;-1.0;3.0;ACETONE
4020.0;6982.0;11919.0;19680.0;3178.0;4727.0;3531.0;6277.0;11023.0;18760.0;3013.0;4582.0;-1.0;5.0;-4.0;1.0;ACETONE
4032.0;7007.0;11958.0;19778.0;3187.0;4726.0;3511.0;6258.0;10982.0;18656.0;3006.0;4577.0;-1.0;5.0;-4.0;1.0;ACETONE
4008.0;6999.0;11900.0;19672.0;3184.0;4726.0;3485.0;6256.0;10928.0;18636.0;3017.0;4584.0;-1.0;5.0;-9.0;0.0;ACETONE
4046.0;7043.0;11967.0;19820.0;3200.0;4719.0;3532.0;6291.0;11032.0;18731.0;3032.0;4591.0;-1.0;5.0;-9.0;0.0;ACETONE
4069.0;7090.0;12007.0;19800.0;3199.0;4750.0;3554.0;6304.0;11043.0;18751.0;3023.0;4605.0;-1.0;2.0;-11.0;0.0;ACETONE
4092.0;7083.0;12058.0;19910.0;3204.0;4742.0;3532.0;6305.0;10958.0;18650.0;3016.0;4568.0;2.0;5.0;-9.0;0.0;ACETONE
4078.0;7104.0;12025.0;19873.0;3185.0;4729.0;3516.0;6255.0;10992.0;18724.0;3015.0;4575.0;7.0;3.0;-4.0;0.0;ACETONE
4082.0;7070.0;12004.0;19806.0;3185.0;4689.0;3458.0;6187.0;10843.0;18474.0;2997.0;4553.0;7.0;2.0;3.0;2.0;ACETONE
4016.0;6960.0;11913.0;19711.0;3184.0;4728.0;3522.0;6344.0;11034.0;18657.0;3020.0;4588.0;7.0;2.0;-4.0;7.0;ACETONE
4093.0;7064.0;12056.0;19796.0;3195.0;4729.0;3541.0;6319.0;11056.0;18773.0;3020.0;4591.0;7.0;2.0;1.0;8.0;ACETONE
4072.0;7089.0;12054.0;19843.0;3190.0;4728.0;3525.0;6287.0;10973.0;18604.0;3014.0;4568.0;4.0;5.0;3.0;8.0;ACETONE
4094.0;7070.0;12011.0;19761.0;3175.0;4709.0;3515.0;6278.0;10996.0;18589.0;3008.0;4544.0;6.0;5.0;5.0;6.0;ACETONE
4078.0;7072.0;12016.0;19726.0;3169.0;4694.0;3512.0;6277.0;10896.0;18495.0;2993.0;4544.0;5.0;1.0;1.0;3.0;ACETONE
4037.0;7023.0;11947.0;19761.0;3184.0;4694.0;3481.0;6240.0;10910.0;18508.0;3005.0;4576.0;5.0;1.0;5.0;6.0;ACETONE
4068.0;7066.0;12016.0;19778.0;3188.0;4734.0;3554.0;6364.0;11071.0;18718.0;3028.0;4590.0;4.0;-2.0;5.0;4.0;ACETONE
4102.0;7119.0;12077.0;19918.0;3201.0;4734.0;3525.0;6283.0;11007.0;18748.0;3013.0;4572.0;4.0;-1.0;8.0;4.0;ACETONE
4097.0;7094.0;12100.0;19947.0;3186.0;4715.0;3561.0;6347.0;11036.0;18682.0;3032.0;4592.0;4.0;-1.0;6.0;4.0;ACETONE
4098.0;7109.0;12047.0;19867.0;3195.0;4719.0;3564.0;6348.0;11107.0;18816.0;3034.0;4591.0;7.0;-1.0;7.0;4.0;ACETONE
4061.0;7057.0;12059.0;19814.0;3195.0;4759.0;3583.0;6405.0;11170.0;18781.0;3049.0;4630.0;-1.0;-2.0;6.0;6.0;ACETONE
4148.0;7185.0;12198.0;20067.0;3233.0;4789.0;3566.0;6370.0;11189.0;18969.0;3060.0;4649.0;3.0;-1.0;-3.0;4.0;ACETONE
4176.0;7248.0;12270.0;20147.0;3243.0;4791.0;3611.0;6400.0;11140.0;18990.0;3071.0;4624.0;3.0;-1.0;-3.0;4.0;ACETONE
4158.0;7205.0;12208.0;20102.0;3239.0;4784.0;3606.0;6396.0;11189.0;18893.0;3051.0;4624.0;3.0;2.0;-3.0;4.0;ACETONE
4094.0;7111.0;12131.0;20015.0;3243.0;4777.0;3600.0;6376.0;11231.0;18957.0;3061.0;4654.0;3.0;2.0;-3.0;4.0;ACETONE
4116.0;7133.0;12173.0;20054.0;3241.0;4787.0;3574.0;6378.0;11166.0;18925.0;3048.0;4640.0;3.0;2.0;-3.0;4.0;ACETONE
4113.0;7132.0;12105.0;20012.0;3228.0;4764.0;3597.0;6388.0;11183.0;18922.0;3078.0;4652.0;3.0;1.0;-6.0;7.0;ACETONE
4134.0;7203.0;12238.0;20119.0;3246.0;4799.0;3639.0;6456.0;11271.0;19100.0;3077.0;4650.0;3.0;0.0;-6.0;2.0;ACETONE
4153.0;7200.0;12231.0;20066.0;3250.0;4808.0;3626.0;6457.0;11294.0;19150.0;3092.0;4679.0;4.0;-1.0;-6.0;0.0;ACETONE
4215.0;7314.0;12421.0;20307.0;3274.0;4826.0;3653.0;6490.0;11278.0;19178.0;3090.0;4694.0;4.0;-1.0;1.0;0.0;ACETONE
4233.0;7341.0;12468.0;20317.0;3291.0;4851.0;3635.0;6478.0;11320.0;19165.0;3101.0;4723.0;4.0;-1.0;1.0;-2.0;ACETONE
4193.0;7283.0;12374.0;20395.0;3293.0;4854.0;3623.0;6455.0;11317.0;19171.0;3099.0;4705.0;4.0;-1.0;1.0;2.0;ACETONE
4210.0;7315.0;12403.0;20314.0;3279.0;4840.0;3657.0;6487.0;11353.0;19144.0;3092.0;4685.0;1.0;5.0;-1.0;-2.0;ACETONE
4238.0;7327.0;12447.0;20335.0;3274.0;4832.0;3647.0;6481.0;11350.0;19174.0;3094.0;4681.0;1.0;4.0;-1.0;1.0;ACETONE
4205.0;7268.0;12367.0;20301.0;3279.0;4836.0;3670.0;6532.0;11393.0;19384.0;3123.0;4724.0;1.0;3.0;-1.0;-3.0;ACETONE
4248.0;7354.0;12439.0;20407.0;3291.0;4849.0;3645.0;6498.0;11333.0;19295.0;3088.0;4708.0;2.0;4.0;-1.0;1.0;ACETONE
4243.0;7304.0;12401.0;20385.0;3278.0;4852.0;3679.0;6550.0;11432.0;19302.0;3099.0;4682.0;11.0;4.0;4.0;1.0;ACETONE
4222.0;7289.0;12400.0;20313.0;3284.0;4840.0;3685.0;6540.0;11395.0;19273.0;3108.0;4701.0;13.0;7.0;5.0;1.0;ACETONE
4238.0;7354.0;12403.0;20348.0;3279.0;4828.0;3644.0;6483.0;11349.0;19113.0;3083.0;4669.0;17.0;7.0;2.0;1.0;ACETONE
4214.0;7303.0;12345.0;20325.0;3271.0;4817.0;3658.0;6475.0;11252.0;19072.0;3081.0;4688.0;7.0;6.0;-3.0;4.0;ACETONE
4202.0;7296.0;12328.0;20240.0;3276.0;4829.0;3662.0;6498.0;11353.0;19202.0;3096.0;4685.0;7.0;3.0;-3.0;2.0;ACETONE
4223.0;7292.0;12369.0;20219.0;3276.0;4829.0;3653.0;6507.0;11355.0;19148.0;3094.0;4674.0;4.0;2.0;-7.0;2.0;ACETONE
4203.0;7304.0;12363.0;20269.0;3265.0;4810.0;3614.0;6445.0;11248.0;19093.0;3087.0;4688.0;4.0;3.0;-7.0;2.0;ACETONE
4205.0;7301.0;12361.0;20270.0;3277.0;4841.0;3687.0;6502.0;11412.0;19288.0;3108.0;4701.0;4.0;2.0;-7.0;2.0;ACETONE
4239.0;7327.0;12439.0;20385.0;3285.0;4859.0;3685.0;6557.0;11432.0;19375.0;3106.0;4721.0;7.0;6.0;-4.0;4.0;ACETONE
4218.0;7311.0;12446.0;20448.0;3308.0;4857.0;3693.0;6594.0;11463.0;19351.0;3112.0;4707.0;7.0;2.0;-4.0;2.0;ACETONE
4233.0;7352.0;12468.0;20398.0;3301.0;4837.0;3689.0;6557.0;11446.0;19341.0;3116.0;4705.0;14.0;4.0;-4.0;2.0;ACETONE
4265.0;7360.0;12448.0;20341.0;3295.0;4849.0;3679.0;6562.0;11439.0;19359.0;3118.0;4716.0;14.0;4.0;-10.0;2.0;ACETONE
4247.0;7352.0;12461.0;20341.0;3277.0;4827.0;3636.0;6432.0;11294.0;19172.0;3088.0;4670.0;3.0;8.0;-10.0;3.0;ACETONE
4186.0;7253.0;12296.0;20192.0;3261.0;4830.0;3693.0;6553.0;11380.0;19250.0;3100.0;4692.0;1.0;2.0;-10.0;3.0;ACETONE
4196.0;7267.0;12328.0;20253.0;3284.0;4843.0;3687.0;6539.0;11429.0;19301.0;3107.0;4722.0;1.0;2.0;-10.0;6.0;ACETONE
4258.0;7382.0;12503.0;20427.0;3293.0;4874.0;3721.0;6584.0;11453.0;19345.0;3131.0;4727.0;3.0;0.0;-6.0;3.0;ACETONE
4232.0;7335.0;12510.0;20419.0;3298.0;4890.0;3731.0;6614.0;11559.0;19395.0;3128.0;4730.0;3.0;-2.0;-6.0;3.0;ACETONE
4265.0;7399.0;12518.0;20482.0;3300.0;4888.0;3709.0;6565.0;11516.0;19524.0;3141.0;4747.0;4.0;0.0;-4.0;3.0;ACETONE
4273.0;7398.0;12554.0;20494.0;3319.0;4907.0;3725.0;6608.0;11520.0;19501.0;3141.0;4764.0;6.0;0.0;2.0;2.0;ACETONE
4286.0;7425.0;12564.0;20478.0;3328.0;4910.0;3739.0;6666.0;11637.0;19573.0;3154.0;4777.0;9.0;-2.0;-1.0;2.0;ACETONE
4254.0;7370.0;12571.0;20549.0;3324.0;4923.0;3761.0;6677.0;11637.0;19616.0;3174.0;4795.0;6.0;0.0;-1.0;2.0;ACETONE
4330.0;7480.0;12724.0;20702.0;3361.0;4943.0;3779.0;6716.0;11657.0;19749.0;3173.0;4804.0;9.0;0.0;-1.0;2.0;ACETONE
4342.0;7538.0;12767.0;20700.0;3354.0;4937.0;3801.0;6716.0;11674.0;19646.0;3160.0;4778.0;1.0;0.0;-3.0;2.0;ACETONE
4339.0;7493.0;12690.0;20714.0;3346.0;4936.0;3780.0;6699.0;11686.0;19744.0;3151.0;4765.0;1.0;0.0;-4.0;2.0;ACETONE
4318.0;7473.0;12646.0;20583.0;3335.0;4904.0;3757.0;6594.0;11548.0;19469.0;3148.0;4750.0;1.0;0.0;-4.0;0.0;ACETONE
4315.0;7474.0;12638.0;20578.0;3319.0;4870.0;3773.0;6668.0;11624.0;19520.0;3138.0;4735.0;1.0;0.0;-4.0;4.0;ACETONE
4327.0;7472.0;12603.0;20533.0;3295.0;4863.0;3718.0;6578.0;11418.0;19438.0;3119.0;4723.0;3.0;0.0;-4.0;4.0;ACETONE
4277.0;7401.0;12555.0;20494.0;3292.0;4868.0;3734.0;6591.0;11553.0;19426.0;3139.0;4720.0;3.0;0.0;-4.0;5.0;ACETONE
4277.0;7417.0;12549.0;20431.0;3297.0;4865.0;3721.0;6605.0;11489.0;19512.0;3119.0;4726.0;3.0;0.0;-4.0;2.0;ACETONE
4305.0;7390.0;12513.0;20433.0;3298.0;4860.0;3710.0;6609.0;11481.0;19250.0;3112.0;4692.0;2.0;0.0;-4.0;2.0;ACETONE
4291.0;7390.0;12488.0;20404.0;3281.0;4841.0;3718.0;6577.0;11452.0;19301.0;3102.0;4675.0;7.0;0.0;1.0;-2.0;ACETONE
4240.0;7352.0;12421.0;20314.0;3272.0;4839.0;3700.0;6568.0;11432.0;19262.0;3107.0;4696.0;7.0;0.0;3.0;-2.0;ACETONE
4284.0;7404.0;12485.0;20362.0;3291.0;4866.0;3723.0;6585.0;11536.0;19395.0;3125.0;4731.0;7.0;1.0;4.0;2.0;ACETONE
4303.0;7417.0;12591.0;20515.0;3311.0;4886.0;3731.0;6630.0;11560.0;19478.0;3128.0;4743.0;4.0;1.0;1.0;2.0;ACETONE
4301.0;7413.0;12519.0;20564.0;3302.0;4884.0;3746.0;6665.0;11557.0;19495.0;3131.0;4743.0;-1.0;1.0;-3.0;4.0;ACETONE
4311.0;7403.0;12549.0;20469.0;3296.0;4873.0;3731.0;6606.0;11520.0;19415.0;3125.0;4725.0;-1.0;3.0;-9.0;8.0;ACETONE
4326.0;7463.0;12556.0;20518.0;3301.0;4855.0;3719.0;6608.0;11509.0;19384.0;3110.0;4703.0;-1.0;3.0;-9.0;3.0;ACETONE
4308.0;7409.0;12566.0;20439.0;3286.0;4856.0;3730.0;6585.0;11488.0;19409.0;3110.0;4701.0;0.0;3.0;-3.0;4.0;ACETONE
4313.0;7421.0;12551.0;20516.0;3305.0;4822.0;3715.0;6582.0;11449.0;19339.0;3105.0;4700.0;12.0;3.0;-2.0;3.0;ACETONE
4289.0;7407.0;12511.0;20451.0;3290.0;4850.0;3699.0;6562.0;11437.0;19337.0;3106.0;4693.0;13.0;4.0;-2.0;3.0;ACETONE
4287.0;7399.0;12512.0;20488.0;3298.0;4859.0;3744.0;6608.0;11555.0;19486.0;3146.0;4739.0;10.0;2.0;0.0;3.0;ACETONE
4294.0;7419.0;12582.0;20445.0;3310.0;4881.0;3739.0;6612.0;11567.0;19514.0;3150.0;4746.0;2.0;2.0;0.0;3.0;ACETONE
4343.0;7460.0;12590.0;20558.0;3324.0;4908.0;3799.0;6695.0;11657.0;19653.0;3158.0;4757.0;2.0;2.0;0.0;5.0;ACETONE
4303.0;7452.0;12650.0;20631.0;3338.0;4915.0;3814.0;6768.0;11724.0;19757.0;3141.0;4774.0;0.0;4.0;0.0;5.0;ACETONE
4332.0;7502.0;12679.0;20696.0;3344.0;4932.0;3789.0;6710.0;11687.0;19646.0;3176.0;4786.0;8.0;2.0;1.0;6.0;ACETONE
4403.0;7614.0;12787.0;20740.0;3354.0;4938.0;3802.0;6687.0;11619.0;19670.0;3167.0;4783.0;0.0;2.0;0.0;3.0;ACETONE
4404.0;7576.0;12806.0;20848.0;3346.0;4918.0;3792.0;6718.0;11716.0;19644.0;3172.0;4785.0;14.0;2.0;2.0;3.0;ACETONE
4395.0;7566.0;12729.0;20750.0;3353.0;4947.0;3801.0;6719.0;11724.0;19720.0;3177.0;4804.0;14.0;2.0;2.0;2.0;ACETONE
4418.0;7623.0;12851.0;20878.0;3379.0;4956.0;3847.0;6806.0;11815.0;19966.0;3198.0;4811.0;14.0;2.0;2.0;2.0;ACETONE
4405.0;7589.0;12842.0;20838.0;3377.0;4990.0;3893.0;6845.0;11901.0;20017.0;3213.0;4848.0;18.0;3.0;-3.0;1.0;ACETONE
4416.0;7611.0;12743.0;20957.0;3379.0;4984.0;3859.0;6829.0;11847.0;20029.0;3207.0;4815.0;10.0;2.0;1.0;1.0;ACETONE
4416.0;7635.0;12867.0;20904.0;3390.0;4989.0;3869.0;6826.0;11900.0;20001.0;3213.0;4842.0;9.0;2.0;-3.0;1.0;ACETONE
4458.0;7706.0;12994.0;20997.0;3403.0;5005.0;3872.0;6836.0;11833.0;19941.0;3218.0;4843.0;10.0;2.0;-5.0;3.0;ACETONE
4469.0;7709.0;13010.0;21014.0;3401.0;5008.0;3879.0;6832.0;11899.0;20008.0;3219.0;4856.0;8.0;1.0;-3.0;1.0;ACETONE
4450.0;7635.0;12955.0;20940.0;3389.0;4985.0;3907.0;6868.0;11869.0;19948.0;3207.0;4844.0;4.0;0.0;-7.0;1.0;ACETONE
4408.0;7626.0;12896.0;20916.0;3391.0;4979.0;3851.0;6833.0;11838.0;19993.0;3210.0;4842.0;4.0;-1.0;-7.0;3.0;ACETONE
4414.0;7647.0;12942.0;20857.0;3401.0;4990.0;3881.0;6832.0;11885.0;20081.0;3210.0;4824.0;4.0;0.0;-8.0;-1.0;ACETONE
4427.0;7661.0;12901.0;20927.0;3380.0;4991.0;3885.0;6847.0;11913.0;19958.0;3203.0;4832.0;4.0;0.0;-7.0;-1.0;ACETONE
4406.0;7614.0;12946.0;20927.0;3380.0;4993.0;3844.0;6842.0;11887.0;20097.0;3223.0;4863.0;5.0;1.0;-7.0;-1.0;ACETONE
4460.0;7689.0;13025.0;20996.0;3411.0;5006.0;3898.0;6893.0;11996.0;19991.0;3239.0;4873.0;5.0;1.0;-7.0;6.0;ACETONE
4461.0;7719.0;13042.0;21062.0;3418.0;5033.0;3924.0;6928.0;12034.0;20289.0;3253.0;4900.0;6.0;2.0;-7.0;2.0;ACETONE
4527.0;7788.0;13178.0;21180.0;3432.0;5058.0;3916.0;6904.0;11999.0;20231.0;3260.0;4904.0;5.0;1.0;-2.0;3.0;ACETONE
4523.0;7829.0;13184.0;21142.0;3454.0;5067.0;3958.0;6992.0;12122.0;20388.0;3259.0;4891.0;5.0;0.0;-2.0;2.0;ACETONE
4559.0;7847.0;13165.0;21191.0;3448.0;5051.0;3969.0;6996.0;12123.0;20369.0;3257.0;4873.0;9.0;0.0;-2.0;3.0;ACETONE
4524.0;7769.0;13122.0;21154.0;3438.0;5042.0;3954.0;6958.0;12075.0;20273.0;3255.0;4887.0;6.0;0.0;-1.0;2.0;ACETONE
4504.0;7771.0;13132.0;21115.0;3429.0;5034.0;3923.0;6938.0;11935.0;20271.0;3251.0;4914.0;6.0;1.0;-1.0;2.0;ACETONE
4515.0;7756.0;13129.0;21173.0;3437.0;5041.0;3921.0;6913.0;12032.0;20216.0;3249.0;4892.0;6.0;1.0;-1.0;2.0;ACETONE
4521.0;7794.0;13130.0;21183.0;3430.0;5045.0;3949.0;6953.0;12013.0;20258.0;3248.0;4891.0;5.0;0.0;-1.0;4.0;ACETONE
4513.0;7740.0;13046.0;21089.0;3419.0;5022.0;3928.0;6922.0;12008.0;20239.0;3231.0;4878.0;6.0;1.0;1.0;3.0;ACETONE
4507.0;7751.0;13097.0;21054.0;3414.0;5008.0;3890.0;6884.0;11939.0;20059.0;3220.0;4862.0;6.0;1.0;-2.0;7.0;ACETONE
4470.0;7686.0;13044.0;21013.0;3425.0;5035.0;3941.0;6942.0;11973.0;20236.0;3240.0;4893.0;14.0;2.0;-1.0;3.0;ACETONE
4544.0;7809.0;13111.0;21167.0;3429.0;5036.0;3908.0;6868.0;12014.0;20234.0;3228.0;4885.0;9.0;2.0;-1.0;5.0;ACETONE
4519.0;7763.0;13144.0;21162.0;3428.0;5049.0;3939.0;6946.0;12038.0;20183.0;3255.0;4880.0;1.0;6.0;-1.0;5.0;ACETONE
4470.0;7696.0;13100.0;21122.0;3435.0;5048.0;3934.0;6950.0;12079.0;20330.0;3257.0;4927.0;1.0;3.0;-1.0;5.0;ACETONE
4515.0;7788.0;13196.0;21198.0;3460.0;5092.0;4025.0;7094.0;12250.0;20642.0;3287.0;4949.0;1.0;3.0;-1.0;6.0;ACETONE
4572.0;7877.0;13298.0;21313.0;3479.0;5105.0;3979.0;7037.0;12166.0;20526.0;3276.0;4959.0;2.0;2.0;-4.0;4.0;ACETONE
4597.0;7899.0;13368.0;21401.0;3477.0;5100.0;3999.0;7011.0;12211.0;20529.0;3276.0;4934.0;2.0;1.0;-5.0;4.0;ACETONE
4551.0;7837.0;13296.0;21376.0;3482.0;5095.0;3982.0;7051.0;12182.0;20548.0;3294.0;4937.0;-4.0;2.0;-4.0;0.0;ACETONE
4563.0;7855.0;13306.0;21338.0;3466.0;5106.0;3978.0;7005.0;12189.0;20539.0;3297.0;4955.0;-4.0;1.0;-4.0;0.0;ACETONE
4592.0;7889.0;13310.0;21299.0;3473.0;5091.0;4001.0;7032.0;12234.0;20527.0;3289.0;4921.0;-1.0;1.0;-5.0;0.0;ACETONE
4574.0;7871.0;13271.0;21288.0;3457.0;5101.0;4040.0;7105.0;12300.0;20556.0;3303.0;4961.0;-1.0;1.0;-5.0;2.0;ACETONE
4586.0;7892.0;13339.0;21390.0;3474.0;5115.0;4023.0;7114.0;12287.0;20535.0;3302.0;4938.0;0.0;3.0;-5.0;0.0;ACETONE
4573.0;7868.0;13239.0;21307.0;3471.0;5096.0;4011.0;7072.0;12243.0;20539.0;3290.0;4948.0;0.0;-2.0;-8.0;4.0;ACETONE
4574.0;7866.0;13280.0;21353.0;3465.0;5097.0;4013.0;7073.0;12278.0;20618.0;3294.0;4961.0;3.0;-2.0;-8.0;-1.0;ACETONE
4627.0;7959.0;13401.0;21429.0;3478.0;5100.0;4000.0;7054.0;12254.0;20490.0;3289.0;4957.0;3.0;3.0;-8.0;-1.0;ACETONE
4576.0;7865.0;13281.0;21342.0;3476.0;5095.0;4015.0;7077.0;12253.0;20588.0;3289.0;4955.0;6.0;0.0;-2.0;-1.0;ACETONE
4611.0;7926.0;13313.0;21353.0;3484.0;5094.0;4007.0;7077.0;12226.0;20505.0;3263.0;4955.0;4.0;0.0;-1.0;-1.0;ACETONE
4582.0;7905.0;13331.0;21367.0;3483.0;5100.0;4032.0;7115.0;12279.0;20517.0;3296.0;4941.0;2.0;0.0;5.0;-1.0;ACETONE
4572.0;7886.0;13266.0;21330.0;3469.0;5077.0;3983.0;7024.0;12151.0;20459.0;3282.0;4940.0;3.0;0.0;-1.0;3.0;ACETONE
4606.0;7913.0;13296.0;21336.0;3462.0;5058.0;3958.0;6959.0;12063.0;20312.0;3254.0;4885.0;3.0;0.0;-1.0;3.0;ACETONE
4530.0;7801.0;13148.0;21171.0;3434.0;5021.0;3983.0;6987.0;12121.0;20301.0;3242.0;4893.0;5.0;2.0;-1.0;3.0;ACETONE
4549.0;7767.0;13097.0;21182.0;3425.0;5057.0;3992.0;7008.0;12136.0;20371.0;3262.0;4923.0;7.0;1.0;-1.0;3.0;ACETONE
4553.0;7839.0;13187.0;21188.0;3444.0;5055.0;3914.0;6945.0;12013.0;20203.0;3254.0;4919.0;6.0;2.0;-1.0;2.0;ACETONE
4564.0;7859.0;13258.0;21309.0;3452.0;5091.0;4035.0;7103.0;12232.0;20569.0;3288.0;4929.0;8.0;2.0;-1.0;2.0;ACETONE
4568.0;7856.0;13266.0;21295.0;3459.0;5078.0;4016.0;7054.0;12187.0;20530.0;3287.0;4942.0;8.0;2.0;4.0;2.0;ACETONE
4603.0;7904.0;13291.0;21380.0;3469.0;5105.0;4036.0;7149.0;12288.0;20632.0;3294.0;4967.0;8.0;4.0;4.0;2.0;ACETONE
4628.0;7928.0;13398.0;21421.0;3483.0;5114.0;4024.0;7094.0;12243.0;20620.0;3278.0;4979.0;9.0;4.0;4.0;2.0;ACETONE
4638.0;7962.0;13464.0;21505.0;3499.0;5143.0;4068.0;7187.0;12392.0;20795.0;3329.0;4989.0;7.0;5.0;3.0;1.0;ACETONE
4670.0;8012.0;13527.0;21544.0;3512.0;5150.0;4080.0;7178.0;12411.0;20774.0;3321.0;4961.0;7.0;1.0;1.0;1.0;ACETONE
4672.0;8022.0;13475.0;21500.0;3505.0;5140.0;4091.0;7166.0;12432.0;20884.0;3322.0;4982.0;7.0;1.0;1.0;1.0;ACETONE
4647.0;7962.0;13375.0;21470.0;3499.0;5147.0;4086.0;7171.0;12468.0;20833.0;3327.0;5012.0;7.0;-1.0;1.0;1.0;ACETONE
4673.0;8044.0;13539.0;21484.0;3521.0;5160.0;4080.0;7179.0;12398.0;20817.0;3328.0;5008.0;6.0;-1.0;1.0;1.0;ACETONE
4659.0;8032.0;13556.0;21563.0;3515.0;5161.0;4068.0;7149.0;12372.0;20810.0;3325.0;5010.0;6.0;-1.0;-4.0;2.0;ACETONE
4656.0;7985.0;13469.0;21514.0;3512.0;5168.0;4104.0;7186.0;12435.0;20832.0;3327.0;5010.0;2.0;-1.0;-4.0;2.0;ACETONE
4657.0;7998.0;13571.0;21615.0;3526.0;5169.0;4109.0;7217.0;12361.0;20881.0;3338.0;5023.0;0.0;-3.0;-4.0;2.0;ACETONE
4691.0;8051.0;13589.0;21578.0;3541.0;5199.0;4111.0;7262.0;12563.0;21017.0;3372.0;5051.0;2.0;-3.0;-7.0;2.0;ACETONE
4754.0;8122.0;13664.0;21689.0;3545.0;5182.0;4121.0;7238.0;12565.0;20959.0;3347.0;5023.0;11.0;-3.0;-4.0;7.0;ACETONE
4710.0;8064.0;13598.0;21692.0;3531.0;5188.0;4130.0;7260.0;12491.0;20935.0;3342.0;5021.0;2.0;-3.0;-2.0;-2.0;ACETONE
4729.0;8141.0;13650.0;21662.0;3537.0;5191.0;4141.0;7256.0;12545.0;21058.0;3357.0;5050.0;-5.0;-3.0;-4.0;-1.0;ACETONE
4760.0;8125.0;13693.0;21706.0;3550.0;5200.0;4125.0;7259.0;12499.0;20922.0;3351.0;5026.0;6.0;-3.0;-2.0;-1.0;ACETONE
4725.0;8125.0;13683.0;21638.0;3531.0;5184.0;4112.0;7254.0;12468.0;20968.0;3349.0;5041.0;0.0;-2.0;-2.0;3.0;ACETONE
4725.0;8092.0;13628.0;21676.0;3539.0;5175.0;4083.0;7222.0;12489.0;20955.0;3319.0;5012.0;0.0;-2.0;-2.0;-1.0;ACETONE
4745.0;8122.0;13629.0;21655.0;3545.0;5177.0;4140.0;7246.0;12542.0;20991.0;3361.0;5029.0;1.0;-1.0;0.0;3.0;ACETONE
4705.0;8113.0;13625.0;21683.0;3546.0;5189.0;4156.0;7311.0;12556.0;21073.0;3361.0;5055.0;1.0;1.0;0.0;3.0;ACETONE
4768.0;8174.0;13710.0;21751.0;3556.0;5198.0;4160.0;7295.0;12564.0;21083.0;3353.0;5066.0;2.0;4.0;0.0;-1.0;ACETONE
4762.0;8173.0;13690.0;21816.0;3559.0;5212.0;4183.0;7316.0;12675.0;21234.0;3365.0;5082.0;1.0;2.0;0.0;-1.0;ACETONE
4792.0;8190.0;13796.0;21834.0;3574.0;5231.0;4202.0;7347.0;12633.0;21138.0;3404.0;5059.0;2.0;3.0;9.0;6.0;ACETONE
4792.0;8206.0;13818.0;21844.0;3570.0;5246.0;4218.0;7372.0;12752.0;21224.0;3399.0;5070.0;2.0;4.0;2.0;6.0;ACETONE
4798.0;8242.0;13847.0;21824.0;3575.0;5227.0;4192.0;7339.0;12606.0;21052.0;3370.0;5048.0;7.0;2.0;2.0;7.0;ACETONE
4808.0;8218.0;13774.0;21838.0;3560.0;5202.0;4191.0;7337.0;12708.0;21105.0;3375.0;5049.0;5.0;2.0;-6.0;5.0;ACETONE
4827.0;8287.0;13880.0;21873.0;3584.0;5220.0;4255.0;7442.0;12753.0;21308.0;3404.0;5078.0;5.0;2.0;-6.0;5.0;ACETONE
4800.0;8237.0;13807.0;21855.0;3583.0;5238.0;4219.0;7372.0;12711.0;21346.0;3393.0;5100.0;5.0;1.0;-6.0;4.0;ACETONE
4814.0;8246.0;13876.0;21929.0;3578.0;5241.0;4250.0;7461.0;12814.0;21431.0;3402.0;5106.0;8.0;3.0;-6.0;3.0;ACETONE
4832.0;8293.0;13919.0;21972.0;3601.0;5244.0;4218.0;7366.0;12689.0;21187.0;3401.0;5100.0;9.0;3.0;-6.0;2.0;ACETONE
4828.0;8299.0;13902.0;21937.0;3602.0;5259.0;4211.0;7420.0;12800.0;21389.0;3413.0;5095.0;8.0;5.0;2.0;3.0;ACETONE
4829.0;8270.0;13917.0;21947.0;3591.0;5260.0;4222.0;7413.0;12792.0;21415.0;3404.0;5115.0;8.0;3.0;2.0;2.0;ACETONE
4835.0;8319.0;13982.0;21954.0;3591.0;5263.0;4247.0;7436.0;12840.0;21412.0;3420.0;5115.0;8.0;3.0;1.0;2.0;ACETONE
4855.0;8324.0;13979.0;21993.0;3601.0;5284.0;4257.0;7475.0;12891.0;21383.0;3422.0;5131.0;11.0;3.0;2.0;2.0;ACETONE
4867.0;8369.0;14007.0;22025.0;3620.0;5292.0;4289.0;7505.0;12887.0;21647.0;3432.0;5139.0;6.0;-1.0;1.0;2.0;ACETONE
4871.0;8353.0;14022.0;22015.0;3627.0;5289.0;4261.0;7452.0;12786.0;21576.0;3451.0;5163.0;4.0;-1.0;-1.0;2.0;ACETONE
4906.0;8421.0;14109.0;22153.0;3637.0;5288.0;4229.0;7434.0;12773.0;21483.0;3436.0;5132.0;4.0;1.0;-5.0;4.0;ACETONE
4867.0;8341.0;13975.0;22010.0;3616.0;5284.0;4294.0;7533.0;12927.0;21490.0;3418.0;5140.0;4.0;1.0;-2.0;4.0;ACETONE
4869.0;8331.0;13975.0;22050.0;3605.0;5282.0;4261.0;7463.0;12841.0;21447.0;3414.0;5103.0;3.0;1.0;-2.0;2.0;ACETONE
4874.0;8320.0;13933.0;21974.0;3595.0;5242.0;4231.0;7394.0;12770.0;21333.0;3402.0;5097.0;3.0;2.0;-2.0;4.0;ACETONE
4838.0;8338.0;13962.0;21990.0;3599.0;5277.0;4238.0;7434.0;12852.0;21339.0;3400.0;5102.0;3.0;2.0;-2.0;2.0;ACETONE
4845.0;8311.0;13949.0;21899.0;3597.0;5238.0;4255.0;7435.0;12796.0;21311.0;3390.0;5103.0;3.0;4.0;-2.0;2.0;ACETONE
4804.0;8258.0;13840.0;21870.0;3595.0;5246.0;4212.0;7355.0;12697.0;21387.0;3385.0;5067.0;0.0;2.0;-2.0;2.0;ACETONE
4833.0;8279.0;13905.0;21950.0;3586.0;5251.0;4232.0;7416.0;12765.0;21338.0;3406.0;5099.0;0.0;3.0;-2.0;3.0;ACETONE
4845.0;8281.0;13857.0;21896.0;3591.0;5234.0;4220.0;7416.0;12783.0;21365.0;3404.0;5101.0;0.0;3.0;-2.0;3.0;ACETONE
4845.0;8296.0;13950.0;21953.0;3593.0;5263.0;4245.0;7395.0;12746.0;21358.0;3405.0;5071.0;0.0;4.0;-2.0;5.0;ACETONE
4833.0;8294.0;13878.0;21884.0;3591.0;5233.0;4258.0;7458.0;12824.0;21444.0;3402.0;5109.0;0.0;4.0;-2.0;7.0;ACETONE
4898.0;8364.0;13960.0;22051.0;3618.0;5270.0;4296.0;7533.0;12909.0;21508.0;3429.0;5144.0;0.0;6.0;-2.0;5.0;ACETONE
4905.0;8389.0;14064.0;22113.0;3591.0;5294.0;4313.0;7563.0;13001.0;21611.0;3437.0;5134.0;0.0;3.0;-2.0;7.0;ACETONE
4869.0;8342.0;14020.0;22071.0;3623.0;5297.0;4269.0;7493.0;12929.0;21540.0;3429.0;5123.0;0.0;1.0;-2.0;5.0;ACETONE
4925.0;8449.0;14118.0;22145.0;3632.0;5303.0;4344.0;7571.0;12966.0;21738.0;3453.0;5160.0;5.0;1.0;-4.0;3.0;ACETONE
4927.0;8406.0;14174.0;22186.0;3647.0;5308.0;4313.0;7542.0;12957.0;21610.0;3448.0;5159.0;2.0;-1.0;-4.0;3.0;ACETONE
4937.0;8456.0;14144.0;22185.0;3643.0;5309.0;4316.0;7533.0;12964.0;21615.0;3441.0;5146.0;5.0;-1.0;-2.0;5.0;ACETONE
4932.0;8389.0;14127.0;22137.0;3645.0;5306.0;4297.0;7556.0;12964.0;21602.0;3441.0;5165.0;6.0;0.0;-1.0;10.0;ACETONE
4914.0;8415.0;14094.0;22073.0;3630.0;5314.0;4300.0;7530.0;12968.0;21498.0;3450.0;5163.0;6.0;0.0;-1.0;5.0;ACETONE
4922.0;8418.0;14107.0;22171.0;3647.0;5310.0;4310.0;7521.0;12961.0;21661.0;3448.0;5166.0;3.0;-1.0;-1.0;7.0;ACETONE
4917.0;8416.0;14140.0;22126.0;3643.0;5318.0;4345.0;7564.0;12947.0;21546.0;3434.0;5149.0;6.0;0.0;-1.0;4.0;ACETONE
4905.0;8400.0;14067.0;22077.0;3617.0;5296.0;4315.0;7534.0;12972.0;21608.0;3444.0;5154.0;3.0;-1.0;-10.0;7.0;ACETONE
4925.0;8395.0;14120.0;22151.0;3643.0;5317.0;4315.0;7505.0;12978.0;21618.0;3439.0;5155.0;3.0;-1.0;-10.0;8.0;ACETONE
4931.0;8428.0;14137.0;22234.0;3656.0;5326.0;4335.0;7574.0;13033.0;21706.0;3447.0;5177.0;9.0;6.0;5.0;8.0;ACETONE
4973.0;8472.0;14242.0;22272.0;3669.0;5345.0;4355.0;7629.0;13051.0;21729.0;3470.0;5197.0;10.0;7.0;5.0;8.0;ACETONE
4981.0;8559.0;14305.0;22280.0;3679.0;5347.0;4359.0;7604.0;13097.0;21796.0;3456.0;5170.0;14.0;6.0;9.0;14.0;ACETONE
5009.0;8578.0;14350.0;22289.0;3668.0;5337.0;4352.0;7640.0;13103.0;21857.0;3479.0;5177.0;9.0;-2.0;7.0;5.0;ACETONE
5016.0;8574.0;14336.0;22291.0;3679.0;5362.0;4379.0;7645.0;13128.0;21813.0;3470.0;5192.0;9.0;-2.0;6.0;7.0;ACETONE
4964.0;8493.0;14265.0;22288.0;3644.0;5318.0;4355.0;7606.0;13064.0;21652.0;3452.0;5177.0;7.0;-2.0;6.0;5.0;ACETONE
4965.0;8500.0;14217.0;22211.0;3661.0;5328.0;4346.0;7626.0;13067.0;21836.0;3469.0;5175.0;13.0;-1.0;3.0;4.0;ACETONE
4962.0;8448.0;14198.0;22220.0;3650.0;5345.0;4389.0;7660.0;13142.0;21895.0;3465.0;5200.0;9.0;2.0;6.0;4.0;ACETONE
4958.0;8492.0;14233.0;22231.0;3662.0;5356.0;4395.0;7660.0;13124.0;21853.0;3485.0;5208.0;9.0;6.0;0.0;6.0;ACETONE
5042.0;8616.0;14398.0;22357.0;3678.0;5382.0;4375.0;7664.0;13168.0;21900.0;3462.0;5190.0;11.0;6.0;3.0;6.0;ACETONE
4981.0;8509.0;14281.0;22287.0;3668.0;5367.0;4420.0;7699.0;13196.0;22018.0;3497.0;5215.0;6.0;6.0;-3.0;11.0;ACETONE
5027.0;8595.0;14389.0;22324.0;3689.0;5374.0;4374.0;7655.0;13087.0;21906.0;3467.0;5194.0;10.0;11.0;-3.0;6.0;ACETONE
5002.0;8553.0;14296.0;22357.0;3699.0;5375.0;4385.0;7654.0;13156.0;21989.0;3498.0;5195.0;6.0;5.0;-3.0;6.0;ACETONE
5063.0;8631.0;14422.0;22395.0;3701.0;5375.0;4428.0;7725.0;13223.0;22100.0;3513.0;5229.0;8.0;0.0;-3.0;8.0;ACETONE
5042.0;8592.0;14425.0;22405.0;3702.0;5409.0;4456.0;7755.0;13243.0;22204.0;3514.0;5240.0;8.0;0.0;-3.0;6.0;ACETONE
5057.0;8651.0;14452.0;22429.0;3706.0;5396.0;4481.0;7794.0;13306.0;22115.0;3516.0;5244.0;10.0;-1.0;-3.0;7.0;ACETONE
5078.0;8646.0;14497.0;22440.0;3721.0;5397.0;4490.0;7777.0;13412.0;22137.0;3513.0;5246.0;8.0;-1.0;-3.0;3.0;ACETONE
5115.0;8659.0;14530.0;22527.0;3735.0;5439.0;4473.0;7811.0;13400.0;22196.0;3535.0;5270.0;2.0;-2.0;-5.0;3.0;ACETONE
5128.0;8740.0;14617.0;22591.0;3747.0;5398.0;4481.0;7802.0;13347.0;22233.0;3520.0;5272.0;1.0;-1.0;-5.0;4.0;ACETONE
5100.0;8669.0;14530.0;22504.0;3733.0;5425.0;4477.0;7778.0;13370.0;22238.0;3544.0;5280.0;2.0;-1.0;-3.0;4.0;ACETONE
5115.0;8728.0;14582.0;22564.0;3739.0;5447.0;4513.0;7839.0;13444.0;22298.0;3542.0;5239.0;1.0;2.0;-4.0;6.0;ACETONE
5138.0;8777.0;14660.0;22576.0;3737.0;5437.0;4487.0;7851.0;13437.0;22321.0;3493.0;5299.0;1.0;2.0;-5.0;4.0;ACETONE
5164.0;8771.0;14706.0;22627.0;3737.0;5440.0;4524.0;7872.0;13476.0;22312.0;3548.0;5279.0;5.0;2.0;-4.0;6.0;ACETONE
5159.0;8772.0;14590.0;22600.0;3748.0;5430.0;4505.0;7855.0;13458.0;22295.0;3537.0;5283.0;5.0;3.0;-2.0;6.0;ACETONE
5133.0;8773.0;14547.0;22490.0;3734.0;5402.0;4515.0;7825.0;13401.0;22233.0;3511.0;5253.0;4.0;2.0;-4.0;1.0;ACETONE
5089.0;8688.0;14538.0;22479.0;3719.0;5399.0;4462.0;7792.0;13284.0;22064.0;3508.0;5240.0;4.0;0.0;-2.0;9.0;ACETONE
5068.0;8629.0;14427.0;22427.0;3697.0;5390.0;4464.0;7768.0;13360.0;22220.0;3508.0;5240.0;7.0;2.0;-1.0;6.0;ACETONE
5144.0;8751.0;14642.0;22591.0;3730.0;5436.0;4527.0;7863.0;13454.0;22351.0;3534.0;5282.0;8.0;0.0;-1.0;3.0;ACETONE
5133.0;8696.0;14494.0;22501.0;3728.0;5428.0;4477.0;7805.0;13423.0;22163.0;3524.0;5269.0;7.0;0.0;2.0;3.0;ACETONE
5118.0;8722.0;14605.0;22530.0;3735.0;5445.0;4496.0;7810.0;13426.0;22279.0;3528.0;5281.0;6.0;2.0;2.0;7.0;ACETONE
5153.0;8782.0;14595.0;22590.0;3738.0;5438.0;4537.0;7890.0;13505.0;22410.0;3554.0;5295.0;4.0;3.0;3.0;9.0;ACETONE
5156.0;8764.0;14637.0;22597.0;3741.0;5444.0;4515.0;7833.0;13481.0;22377.0;3552.0;5272.0;6.0;3.0;3.0;7.0;ACETONE
5147.0;8795.0;14631.0;22571.0;3755.0;5433.0;4522.0;7863.0;13484.0;22323.0;3553.0;5287.0;2.0;2.0;-1.0;13.0;ACETONE
5174.0;8824.0;14739.0;22684.0;3761.0;5464.0;4506.0;7879.0;13515.0;22420.0;3549.0;5311.0;2.0;6.0;-1.0;4.0;ACETONE
5208.0;8849.0;14765.0;22659.0;3769.0;5460.0;4514.0;7907.0;13495.0;22277.0;3543.0;5297.0;1.0;3.0;1.0;6.0;ACETONE
5208.0;8897.0;14737.0;22660.0;3769.0;5487.0;4587.0;7962.0;13538.0;22485.0;3569.0;5318.0;1.0;3.0;-1.0;6.0;ACETONE
5206.0;8833.0;14784.0;22671.0;3769.0;5468.0;4569.0;7913.0;13536.0;22513.0;3562.0;5315.0;1.0;3.0;-1.0;6.0;ACETONE
5194.0;8860.0;14841.0;22722.0;3782.0;5500.0;4621.0;8020.0;13690.0;22696.0;3589.0;5340.0;5.0;2.0;-1.0;10.0;ACETONE
5259.0;8979.0;14974.0;22852.0;3801.0;5518.0;4612.0;7992.0;13685.0;22731.0;3595.0;5339.0;5.0;5.0;-2.0;9.0;ACETONE
5257.0;8949.0;14931.0;22795.0;3801.0;5480.0;4611.0;8003.0;13706.0;22657.0;3592.0;5322.0;1.0;2.0;-6.0;9.0;ACETONE
5229.0;8937.0;14873.0;22782.0;3798.0;5500.0;4629.0;8018.0;13661.0;22705.0;3602.0;5365.0;5.0;6.0;-6.0;5.0;ACETONE
5287.0;8956.0;14958.0;22857.0;3806.0;5508.0;4621.0;8046.0;13697.0;22728.0;3610.0;5357.0;5.0;3.0;-6.0;6.0;ACETONE
5345.0;9078.0;15122.0;23019.0;3827.0;5531.0;4673.0;8087.0;13797.0;22746.0;3608.0;5365.0;7.0;3.0;-1.0;6.0;ACETONE
5344.0;9059.0;15146.0;22971.0;3833.0;5534.0;4704.0;8152.0;13911.0;23095.0;3635.0;5405.0;7.0;4.0;-1.0;7.0;ACETONE
5360.0;9122.0;15144.0;23034.0;3878.0;5606.0;4708.0;8192.0;14005.0;23128.0;3656.0;5435.0;9.0;3.0;-1.0;7.0;ACETONE
5395.0;9110.0;15226.0;23049.0;3861.0;5584.0;4739.0;8190.0;13964.0;23004.0;3647.0;5414.0;13.0;0.0;-1.0;3.0;ACETONE
5347.0;9062.0;15143.0;23002.0;3856.0;5573.0;4696.0;8156.0;13884.0;23006.0;3633.0;5417.0;8.0;0.0;-7.0;1.0;ACETONE
5400.0;9178.0;15281.0;23043.0;3850.0;5593.0;4740.0;8223.0;13998.0;23044.0;3660.0;5427.0;8.0;-1.0;-7.0;1.0;ACETONE
5384.0;9148.0;15207.0;23055.0;3849.0;5590.0;4707.0;8186.0;13963.0;23094.0;3640.0;5401.0;8.0;-1.0;-7.0;1.0;ACETONE
5370.0;9117.0;15168.0;22926.0;3832.0;5555.0;4717.0;8162.0;13896.0;23054.0;3632.0;5391.0;9.0;0.0;-5.0;7.0;ACETONE
5329.0;9049.0;14990.0;22878.0;3829.0;5540.0;4689.0;8129.0;13853.0;22925.0;3607.0;5360.0;6.0;3.0;-3.0;6.0;ACETONE
5362.0;9087.0;15109.0;22962.0;3827.0;5543.0;4708.0;8148.0;13871.0;22972.0;3631.0;5368.0;6.0;3.0;-3.0;10.0;ACETONE
5337.0;9058.0;15115.0;22904.0;3828.0;5542.0;4694.0;8129.0;13852.0;22883.0;3626.0;5373.0;4.0;4.0;-3.0;6.0;ACETONE
5325.0;9013.0;15005.0;22914.0;3835.0;5534.0;4698.0;8135.0;13825.0;22935.0;3621.0;5381.0;9.0;5.0;-4.0;5.0;ACETONE
5366.0;9111.0;15207.0;23058.0;3863.0;5582.0;4764.0;8281.0;14106.0;23272.0;3671.0;5438.0;5.0;5.0;-4.0;6.0;ACETONE
5417.0;9212.0;15359.0;23146.0;3896.0;5614.0;4802.0;8332.0;14160.0;23267.0;3680.0;5446.0;9.0;2.0;-4.0;5.0;ACETONE
5448.0;9234.0;15343.0;23174.0;3888.0;5615.0;4813.0;8314.0;14138.0;23367.0;3672.0;5452.0;5.0;2.0;-4.0;10.0;ACETONE
5402.0;9168.0;15270.0;23093.0;3864.0;5572.0;4745.0;8202.0;13977.0;23134.0;3660.0;5410.0;5.0;1.0;-4.0;7.0;ACETONE
5408.0;9139.0;15154.0;23004.0;3856.0;5577.0;4743.0;8235.0;13948.0;23122.0;3646.0;5416.0;4.0;1.0;-5.0;9.0;ACETONE
5430.0;9202.0;15331.0;23121.0;3849.0;5588.0;4743.0;8218.0;13885.0;23138.0;3639.0;5407.0;0.0;2.0;-6.0;10.0;ACETONE
5401.0;9169.0;15212.0;23005.0;3868.0;5575.0;4782.0;8257.0;14047.0;23147.0;3645.0;5416.0;0.0;3.0;-6.0;7.0;ACETONE
5383.0;9119.0;15171.0;22963.0;3857.0;5567.0;4789.0;8253.0;13998.0;23078.0;3639.0;5423.0;1.0;2.0;-6.0;7.0;ACETONE
5349.0;9116.0;15154.0;23034.0;3844.0;5570.0;4759.0;8218.0;13966.0;23061.0;3630.0;5386.0;1.0;6.0;-6.0;4.0;ACETONE
5363.0;9067.0;15153.0;23014.0;3849.0;5548.0;4769.0;8230.0;13950.0;23035.0;3627.0;5392.0;1.0;5.0;-8.0;6.0;ACETONE
5341.0;9072.0;15056.0;22954.0;3830.0;5551.0;4700.0;8101.0;13861.0;22964.0;3609.0;5375.0;2.0;5.0;-6.0;2.0;ACETONE
5335.0;9046.0;15073.0;22858.0;3812.0;5522.0;4681.0;8075.0;13739.0;22785.0;3589.0;5355.0;1.0;9.0;-1.0;8.0;ACETONE
5336.0;9051.0;15072.0;22874.0;3799.0;5505.0;4678.0;8131.0;13858.0;22870.0;3601.0;5354.0;2.0;5.0;-1.0;5.0;ACETONE
5344.0;9032.0;14993.0;22910.0;3818.0;5536.0;4697.0;8119.0;13796.0;22916.0;3613.0;5346.0;2.0;3.0;-1.0;5.0;ACETONE
5329.0;9069.0;15022.0;22907.0;3809.0;5509.0;4685.0;8106.0;13798.0;22872.0;3618.0;5332.0;2.0;1.0;0.0;2.0;ACETONE
5339.0;9062.0;15057.0;22917.0;3806.0;5530.0;4709.0;8136.0;13790.0;22814.0;3612.0;5359.0;6.0;3.0;1.0;6.0;ACETONE
5378.0;9058.0;15101.0;22956.0;3829.0;5515.0;4726.0;8155.0;13857.0;22883.0;3620.0;5374.0;6.0;3.0;0.0;4.0;ACETONE
5343.0;9085.0;15105.0;22943.0;3823.0;5537.0;4711.0;8182.0;13894.0;22961.0;3632.0;5392.0;11.0;6.0;0.0;4.0;ACETONE
5378.0;9111.0;15133.0;22972.0;3841.0;5540.0;4748.0;8185.0;13915.0;22995.0;3622.0;5384.0;-3.0;3.0;-1.0;12.0;ACETONE
5353.0;9092.0;15090.0;22917.0;3840.0;5559.0;4732.0;8215.0;13958.0;23115.0;3643.0;5406.0;-4.0;3.0;-6.0;11.0;ACETONE
5414.0;9154.0;15237.0;23033.0;3843.0;5556.0;4734.0;8216.0;13945.0;22944.0;3632.0;5402.0;-4.0;2.0;-6.0;8.0;ACETONE
5390.0;9135.0;15148.0;22978.0;3841.0;5553.0;4732.0;8158.0;13921.0;22999.0;3632.0;5389.0;-4.0;2.0;-1.0;8.0;ACETONE
5392.0;9109.0;15177.0;23006.0;3834.0;5539.0;4765.0;8234.0;13937.0;22992.0;3632.0;5399.0;4.0;1.0;-1.0;8.0;ACETONE
5337.0;9053.0;15060.0;22894.0;3826.0;5527.0;4740.0;8191.0;13915.0;22911.0;3616.0;5370.0;4.0;1.0;-4.0;12.0;ACETONE
5376.0;9072.0;15101.0;22873.0;3824.0;5539.0;4730.0;8129.0;13906.0;23037.0;3630.0;5370.0;4.0;4.0;-4.0;9.0;ACETONE
5401.0;9134.0;15218.0;23005.0;3840.0;5562.0;4812.0;8274.0;14024.0;23171.0;3635.0;5388.0;5.0;9.0;-9.0;7.0;ACETONE
5436.0;9193.0;15297.0;23057.0;3843.0;5543.0;4777.0;8222.0;13956.0;23036.0;3615.0;5385.0;4.0;8.0;-11.0;7.0;ACETONE
5388.0;9143.0;15160.0;23025.0;3848.0;5564.0;4793.0;8280.0;14097.0;23131.0;3657.0;5396.0;1.0;4.0;-11.0;5.0;ACETONE
5447.0;9240.0;15386.0;23085.0;3878.0;5596.0;4816.0;8325.0;14091.0;23254.0;3664.0;5424.0;0.0;4.0;-14.0;5.0;ACETONE
5456.0;9214.0;15287.0;23153.0;3874.0;5569.0;4768.0;8264.0;14009.0;23117.0;3638.0;5403.0;-6.0;0.0;-14.0;6.0;ACETONE
5422.0;9151.0;15236.0;23014.0;3856.0;5543.0;4785.0;8277.0;14056.0;23195.0;3641.0;5404.0;-6.0;0.0;-14.0;4.0;ACETONE
5463.0;9165.0;15309.0;23083.0;3858.0;5566.0;4781.0;8262.0;14050.0;23098.0;3628.0;5394.0;-6.0;0.0;-14.0;3.0;ACETONE
5437.0;9211.0;15239.0;23019.0;3845.0;5570.0;4803.0;8288.0;14016.0;23127.0;3640.0;5397.0;1.0;0.0;-9.0;3.0;ACETONE
5431.0;9183.0;15263.0;23127.0;3853.0;5561.0;4840.0;8337.0;14095.0;23093.0;3640.0;5404.0;2.0;0.0;-9.0;3.0;ACETONE
5443.0;9214.0;15251.0;23027.0;3843.0;5558.0;4794.0;8273.0;13996.0;23083.0;3640.0;5404.0;3.0;1.0;-1.0;6.0;ACETONE
5438.0;9198.0;15204.0;23041.0;3851.0;5571.0;4809.0;8292.0;14074.0;23233.0;3646.0;5406.0;2.0;1.0;-1.0;6.0;ACETONE
5515.0;9319.0;15407.0;23170.0;3866.0;5585.0;4772.0;8234.0;14030.0;23077.0;3645.0;5390.0;3.0;1.0;-1.0;7.0;ACETONE
5458.0;9209.0;15293.0;23063.0;3855.0;5555.0;4823.0;8318.0;14056.0;23140.0;3642.0;5402.0;6.0;3.0;0.0;10.0;ACETONE
5403.0;9133.0;15188.0;23009.0;3836.0;5557.0;4838.0;8304.0;14068.0;23129.0;3637.0;5390.0;10.0;6.0;0.0;8.0;ACETONE
5370.0;9093.0;15116.0;22925.0;3849.0;5534.0;4774.0;8226.0;13930.0;23029.0;3611.0;5358.0;6.0;3.0;0.0;10.0;ACETONE
5366.0;9082.0;15121.0;22928.0;3827.0;5515.0;4769.0;8207.0;13897.0;22978.0;3600.0;5366.0;8.0;3.0;0.0;7.0;ACETONE
5365.0;9094.0;15133.0;22948.0;3824.0;5536.0;4760.0;8226.0;13935.0;23007.0;3635.0;5363.0;11.0;3.0;-2.0;6.0;ACETONE
5377.0;9119.0;15132.0;22953.0;3821.0;5520.0;4736.0;8151.0;13813.0;22801.0;3591.0;5344.0;12.0;3.0;-2.0;9.0;ACETONE
5383.0;9078.0;15114.0;22930.0;3815.0;5535.0;4760.0;8219.0;13951.0;23060.0;3622.0;5380.0;11.0;4.0;-1.0;10.0;ACETONE
5417.0;9172.0;15273.0;23065.0;3844.0;5561.0;4804.0;8268.0;14033.0;23073.0;3637.0;5420.0;7.0;4.0;-2.0;12.0;ACETONE
5428.0;9225.0;15291.0;23042.0;3855.0;5569.0;4840.0;8310.0;14067.0;23150.0;3653.0;5404.0;12.0;5.0;-1.0;9.0;ACETONE
5461.0;9247.0;15346.0;23131.0;3857.0;5574.0;4840.0;8330.0;14123.0;23227.0;3659.0;5409.0;7.0;2.0;-1.0;6.0;ACETONE
5459.0;9248.0;15319.0;23145.0;3874.0;5582.0;4877.0;8353.0;14129.0;23322.0;3664.0;5453.0;8.0;-2.0;-1.0;6.0;ACETONE
5522.0;9333.0;15496.0;23141.0;3879.0;5596.0;4864.0;8382.0;14249.0;23458.0;3674.0;5448.0;7.0;-3.0;-3.0;10.0;ACETONE
5507.0;9331.0;15426.0;23179.0;3862.0;5597.0;4911.0;8433.0;14252.0;23410.0;3688.0;5452.0;7.0;-3.0;-7.0;6.0;ACETONE
5516.0;9314.0;15407.0;23213.0;3893.0;5628.0;4915.0;8450.0;14279.0;23540.0;3701.0;5467.0;5.0;-3.0;-8.0;5.0;ACETONE
5537.0;9374.0;15586.0;23293.0;3918.0;5652.0;4907.0;8412.0;14273.0;23537.0;3688.0;5486.0;-2.0;-3.0;-8.0;3.0;ACETONE
5579.0;9431.0;15686.0;23295.0;3921.0;5644.0;4925.0;8486.0;14343.0;23495.0;3709.0;5481.0;-2.0;-3.0;-9.0;5.0;ACETONE
5626.0;9482.0;15731.0;23359.0;3934.0;5656.0;4940.0;8439.0;14405.0;23651.0;3720.0;5493.0;-2.0;0.0;-9.0;5.0;ACETONE
5631.0;9494.0;15709.0;23420.0;3936.0;5687.0;4998.0;8566.0;14430.0;23777.0;3705.0;5515.0;0.0;6.0;-9.0;5.0;ACETONE
5654.0;9545.0;15786.0;23465.0;3965.0;5695.0;4990.0;8576.0;14467.0;23751.0;3730.0;5520.0;1.0;6.0;-9.0;2.0;ACETONE
5631.0;9488.0;15701.0;23300.0;3938.0;5691.0;5002.0;8571.0;14485.0;23729.0;3717.0;5491.0;15.0;7.0;-6.0;3.0;ACETONE
5621.0;9421.0;15541.0;23279.0;3915.0;5641.0;4969.0;8502.0;14311.0;23503.0;3691.0;5461.0;9.0;6.0;-5.0;3.0;ACETONE
5531.0;9351.0;15495.0;23244.0;3889.0;5619.0;4938.0;8473.0;14312.0;23594.0;3686.0;5456.0;12.0;8.0;-4.0;12.0;ACETONE
5573.0;9390.0;15569.0;23207.0;3889.0;5615.0;4950.0;8470.0;14314.0;23500.0;3696.0;5450.0;6.0;6.0;-4.0;13.0;ACETONE
5575.0;9403.0;15602.0;23291.0;3932.0;5624.0;4987.0;8503.0;14508.0;23820.0;3732.0;5505.0;6.0;6.0;-4.0;9.0;ACETONE
5694.0;9605.0;15940.0;23525.0;3983.0;5718.0;5018.0;8615.0;14431.0;23872.0;3736.0;5531.0;3.0;2.0;-2.0;6.0;ACETONE
5665.0;9570.0;15758.0;23378.0;3934.0;5670.0;5021.0;8612.0;14482.0;23722.0;3740.0;5501.0;2.0;2.0;-4.0;6.0;ACETONE
5655.0;9530.0;15702.0;23378.0;3932.0;5649.0;4986.0;8547.0;14401.0;23645.0;3709.0;5481.0;2.0;2.0;-4.0;4.0;ACETONE
5585.0;9415.0;15563.0;23259.0;3915.0;5639.0;4984.0;8550.0;14453.0;23592.0;3701.0;5489.0;2.0;2.0;-4.0;4.0;ACETONE
5581.0;9401.0;15536.0;23267.0;3907.0;5617.0;4914.0;8423.0;14230.0;23381.0;3666.0;5451.0;5.0;5.0;-3.0;11.0;ACETONE
5551.0;9365.0;15461.0;23217.0;3880.0;5592.0;4901.0;8375.0;14206.0;23348.0;3653.0;5434.0;6.0;4.0;-9.0;11.0;ACETONE
5556.0;9346.0;15480.0;23177.0;3884.0;5596.0;4891.0;8442.0;14227.0;23438.0;3672.0;5445.0;5.0;10.0;-9.0;12.0;ACETONE
5553.0;9358.0;15562.0;23255.0;3886.0;5599.0;4889.0;8391.0;14160.0;23394.0;3663.0;5413.0;7.0;9.0;-6.0;20.0;ACETONE
5581.0;9446.0;15639.0;23297.0;3918.0;5645.0;4955.0;8541.0;14428.0;23661.0;3712.0;5481.0;7.0;9.0;-6.0;8.0;ACETONE
5663.0;9535.0;15768.0;23417.0;3953.0;5680.0;5016.0;8606.0;14490.0;23856.0;3713.0;5512.0;8.0;10.0;-6.0;5.0;ACETONE
5652.0;9532.0;15798.0;23420.0;3948.0;5668.0;4993.0;8566.0;14430.0;23685.0;3707.0;5487.0;9.0;3.0;7.0;4.0;ACETONE
5637.0;9511.0;15726.0;23386.0;3935.0;5644.0;4969.0;8569.0;14464.0;23685.0;3727.0;5492.0;9.0;3.0;7.0;8.0;ACETONE
5670.0;9550.0;15740.0;23400.0;3931.0;5651.0;4961.0;8549.0;14437.0;23670.0;3699.0;5467.0;10.0;3.0;1.0;3.0;ACETONE
5603.0;9438.0;15615.0;23292.0;3911.0;5639.0;4949.0;8488.0;14335.0;23488.0;3688.0;5468.0;12.0;3.0;-2.0;5.0;ACETONE
5587.0;9443.0;15601.0;23296.0;3922.0;5645.0;4991.0;8516.0;14393.0;23564.0;3692.0;5471.0;12.0;2.0;-2.0;9.0;ACETONE
5595.0;9429.0;15567.0;23297.0;3900.0;5624.0;4950.0;8531.0;14355.0;23581.0;3698.0;5457.0;10.0;4.0;-5.0;5.0;ACETONE
5544.0;9339.0;15476.0;23205.0;3905.0;5629.0;4958.0;8482.0;14352.0;23624.0;3694.0;5465.0;10.0;4.0;-5.0;8.0;ACETONE
5630.0;9459.0;15638.0;23292.0;3908.0;5650.0;4986.0;8561.0;14415.0;23713.0;3709.0;5482.0;5.0;6.0;-5.0;6.0;ACETONE
5627.0;9482.0;15695.0;23290.0;3921.0;5642.0;4971.0;8535.0;14353.0;23614.0;3709.0;5452.0;13.0;5.0;-5.0;10.0;ACETONE
5624.0;9467.0;15649.0;23293.0;3906.0;5641.0;4979.0;8520.0;14347.0;23517.0;3691.0;5458.0;5.0;6.0;-6.0;10.0;ACETONE
5602.0;9460.0;15590.0;23290.0;3905.0;5623.0;4981.0;8542.0;14370.0;23597.0;3690.0;5447.0;7.0;6.0;-5.0;4.0;ACETONE
5595.0;9400.0;15541.0;23282.0;3887.0;5595.0;4956.0;8495.0;14352.0;23411.0;3658.0;5431.0;5.0;3.0;-5.0;6.0;ACETONE
5560.0;9367.0;15511.0;23198.0;3869.0;5576.0;4936.0;8469.0;14287.0;23370.0;3678.0;5417.0;6.0;6.0;-5.0;4.0;ACETONE
5602.0;9406.0;15521.0;23226.0;3883.0;5573.0;4929.0;8477.0;14282.0;23412.0;3665.0;5418.0;5.0;5.0;-6.0;4.0;ACETONE
5549.0;9345.0;15438.0;23176.0;3888.0;5585.0;4915.0;8384.0;14228.0;23338.0;3655.0;5434.0;9.0;3.0;-5.0;7.0;ACETONE
5587.0;9400.0;15552.0;23206.0;3892.0;5596.0;4923.0;8472.0;14284.0;23469.0;3693.0;5431.0;6.0;5.0;-2.0;7.0;ACETONE
5552.0;9360.0;15513.0;23211.0;3861.0;5575.0;4968.0;8494.0;14309.0;23447.0;3671.0;5438.0;6.0;5.0;-7.0;8.0;ACETONE
5562.0;9369.0;15474.0;23178.0;3892.0;5600.0;4960.0;8481.0;14339.0;23445.0;3668.0;5417.0;5.0;4.0;-7.0;8.0;ACETONE
5574.0;9385.0;15472.0;23171.0;3871.0;5594.0;4948.0;8477.0;14301.0;23501.0;3664.0;5427.0;6.0;2.0;-6.0;10.0;ACETONE
5567.0;9375.0;15429.0;23170.0;3877.0;5587.0;4921.0;8422.0;14241.0;23390.0;3663.0;5413.0;5.0;4.0;-7.0;8.0;ACETONE
5529.0;9307.0;15409.0;23149.0;3856.0;5569.0;4953.0;8473.0;14275.0;23437.0;3660.0;5430.0;7.0;2.0;-7.0;9.0;ACETONE
5553.0;9351.0;15459.0;23161.0;3871.0;5583.0;4981.0;8509.0;14395.0;23636.0;3687.0;5450.0;9.0;0.0;-7.0;9.0;ACETONE
5618.0;9431.0;15610.0;23294.0;3894.0;5625.0;4978.0;8507.0;14367.0;23461.0;3691.0;5463.0;10.0;0.0;-7.0;12.0;ACETONE
5642.0;9481.0;15658.0;23292.0;3916.0;5635.0;5021.0;8618.0;14455.0;23713.0;3699.0;5463.0;2.0;7.0;-7.0;10.0;ACETONE
5681.0;9527.0;15750.0;23387.0;3946.0;5667.0;5077.0;8658.0;14539.0;23747.0;3724.0;5516.0;2.0;10.0;-8.0;11.0;ACETONE
5700.0;9597.0;15839.0;23433.0;3953.0;5686.0;5033.0;8588.0;14438.0;23650.0;3730.0;5502.0;2.0;7.0;-8.0;10.0;ACETONE
5682.0;9565.0;15846.0;23417.0;3947.0;5683.0;5074.0;8665.0;14636.0;23966.0;3745.0;5526.0;1.0;7.0;-8.0;9.0;ACETONE
5709.0;9563.0;15841.0;23423.0;3968.0;5694.0;5080.0;8706.0;14604.0;23907.0;3738.0;5518.0;4.0;7.0;-13.0;12.0;ACETONE
5740.0;9651.0;15895.0;23528.0;3959.0;5691.0;5059.0;8673.0;14574.0;23882.0;3742.0;5484.0;3.0;5.0;-13.0;9.0;ACETONE
5662.0;9585.0;15742.0;23383.0;3936.0;5681.0;5041.0;8604.0;14554.0;23833.0;3733.0;5475.0;3.0;5.0;-9.0;11.0;ACETONE
5688.0;9572.0;15786.0;23326.0;3931.0;5681.0;5078.0;8682.0;14585.0;23804.0;3724.0;5499.0;-3.0;9.0;-13.0;5.0;ACETONE
5713.0;9560.0;15770.0;23416.0;3931.0;5663.0;5076.0;8643.0;14537.0;23785.0;3725.0;5511.0;3.0;9.0;-9.0;6.0;ACETONE
5695.0;9563.0;15742.0;23421.0;3947.0;5649.0;5069.0;8652.0;14525.0;23831.0;3726.0;5501.0;4.0;9.0;-4.0;15.0;ACETONE
5645.0;9497.0;15729.0;23375.0;3925.0;5677.0;5075.0;8680.0;14553.0;23899.0;3744.0;5509.0;10.0;13.0;-9.0;15.0;ACETONE
5672.0;9561.0;15802.0;23313.0;3945.0;5653.0;5075.0;8666.0;14547.0;23775.0;3730.0;5486.0;8.0;7.0;-4.0;12.0;ACETONE
5692.0;9563.0;15792.0;23421.0;3948.0;5672.0;5068.0;8670.0;14566.0;23797.0;3738.0;5511.0;7.0;4.0;-4.0;11.0;ACETONE
5758.0;9676.0;15950.0;23452.0;3972.0;5693.0;5077.0;8704.0;14649.0;23980.0;3735.0;5519.0;1.0;0.0;-9.0;10.0;ACETONE
5739.0;9660.0;15869.0;23504.0;3957.0;5686.0;5110.0;8751.0;14659.0;23925.0;3732.0;5511.0;1.0;-3.0;-9.0;10.0;ACETONE
5773.0;9653.0;15862.0;23548.0;3959.0;5703.0;5156.0;8769.0;14763.0;24035.0;3743.0;5523.0;4.0;-3.0;-4.0;6.0;ACETONE
5767.0;9694.0;15937.0;23548.0;3971.0;5721.0;5152.0;8769.0;14697.0;23998.0;3762.0;5528.0;4.0;-2.0;-4.0;8.0;ACETONE
5777.0;9688.0;15974.0;23536.0;3966.0;5689.0;5107.0;8737.0;14578.0;23916.0;3737.0;5514.0;7.0;0.0;-4.0;12.0;ACETONE
5760.0;9690.0;15939.0;23547.0;3980.0;5693.0;5132.0;8701.0;14654.0;23986.0;3744.0;5518.0;4.0;2.0;-1.0;12.0;ACETONE
5746.0;9600.0;15909.0;23546.0;3964.0;5702.0;5135.0;8709.0;14719.0;24097.0;3752.0;5552.0;4.0;2.0;-4.0;10.0;ACETONE
5783.0;9710.0;15999.0;23535.0;3976.0;5702.0;5139.0;8775.0;14754.0;24047.0;3773.0;5556.0;4.0;8.0;-4.0;8.0;ACETONE
5733.0;9643.0;15853.0;23479.0;3975.0;5693.0;5114.0;8757.0;14712.0;24059.0;3759.0;5534.0;4.0;8.0;1.0;10.0;ACETONE
5801.0;9669.0;15988.0;23546.0;3967.0;5694.0;5155.0;8772.0;14758.0;23995.0;3741.0;5534.0;2.0;7.0;-9.0;8.0;ACETONE
5742.0;9672.0;15889.0;23444.0;3934.0;5683.0;5117.0;8760.0;14589.0;23879.0;3735.0;5513.0;2.0;7.0;-9.0;8.0;ACETONE
5702.0;9569.0;15804.0;23360.0;3930.0;5671.0;5065.0;8643.0;14530.0;23871.0;3734.0;5494.0;2.0;5.0;-3.0;6.0;ACETONE
5722.0;9596.0;15788.0;23395.0;3938.0;5668.0;5131.0;8769.0;14650.0;23891.0;3731.0;5515.0;2.0;2.0;-3.0;10.0;ACETONE
5737.0;9619.0;15812.0;23416.0;3949.0;5676.0;5114.0;8713.0;14626.0;23957.0;3735.0;5504.0;2.0;5.0;-8.0;9.0;ACETONE
5750.0;9626.0;15892.0;23419.0;3936.0;5691.0;5169.0;8790.0;14728.0;24022.0;3759.0;5515.0;2.0;5.0;-3.0;7.0;ACETONE
5738.0;9653.0;15807.0;23451.0;3946.0;5674.0;5168.0;8811.0;14674.0;24044.0;3746.0;5529.0;2.0;7.0;-3.0;7.0;ACETONE
5795.0;9673.0;15939.0;23529.0;3958.0;5663.0;5098.0;8651.0;14539.0;23803.0;3732.0;5501.0;2.0;5.0;-3.0;13.0;ACETONE
5752.0;9661.0;15816.0;23464.0;3947.0;5677.0;5144.0;8739.0;14671.0;23891.0;3732.0;5513.0;2.0;8.0;-3.0;12.0;ACETONE
5793.0;9694.0;15911.0;23462.0;3962.0;5667.0;5108.0;8701.0;14574.0;23826.0;3730.0;5508.0;2.0;0.0;-2.0;14.0;ACETONE
5730.0;9606.0;15802.0;23382.0;3920.0;5639.0;5099.0;8673.0;14571.0;23891.0;3724.0;5482.0;1.0;0.0;-3.0;12.0;ACETONE
5745.0;9641.0;15936.0;23496.0;3968.0;5695.0;5167.0;8775.0;14699.0;24080.0;3779.0;5564.0;0.0;0.0;-4.0;10.0;ACETONE
5872.0;9859.0;16144.0;23636.0;4009.0;5759.0;5231.0;8863.0;14899.0;24327.0;3806.0;5584.0;0.0;0.0;-7.0;10.0;ACETONE
5859.0;9843.0;16123.0;23626.0;3999.0;5761.0;5209.0;8859.0;14848.0;24238.0;3775.0;5583.0;4.0;5.0;-7.0;8.0;ACETONE
5883.0;9813.0;16098.0;23634.0;3992.0;5751.0;5236.0;8910.0;14916.0;24309.0;3793.0;5573.0;0.0;0.0;-8.0;11.0;ACETONE
5863.0;9826.0;16069.0;23610.0;3992.0;5729.0;5190.0;8859.0;14819.0;24214.0;3780.0;5569.0;4.0;1.0;-8.0;14.0;ACETONE
5839.0;9738.0;15996.0;23553.0;3987.0;5733.0;5221.0;8867.0;14820.0;24177.0;3771.0;5564.0;4.0;0.0;-8.0;11.0;ACETONE
5804.0;9748.0;16020.0;23545.0;3980.0;5719.0;5190.0;8804.0;14755.0;24128.0;3755.0;5533.0;8.0;0.0;-6.0;7.0;ACETONE
5829.0;9756.0;16016.0;23556.0;3980.0;5717.0;5186.0;8841.0;14789.0;24203.0;3766.0;5544.0;4.0;0.0;-6.0;5.0;ACETONE
5864.0;9800.0;16117.0;23555.0;3979.0;5702.0;5183.0;8803.0;14784.0;24094.0;3769.0;5551.0;9.0;1.0;-6.0;5.0;ACETONE
5782.0;9648.0;15905.0;23546.0;3948.0;5696.0;5148.0;8777.0;14704.0;24004.0;3761.0;5520.0;9.0;-3.0;-2.0;5.0;ACETONE
5785.0;9666.0;15929.0;23454.0;3936.0;5661.0;5145.0;8775.0;14641.0;23755.0;3733.0;5486.0;12.0;9.0;-2.0;2.0;ACETONE
5764.0;9611.0;15785.0;23413.0;3919.0;5652.0;5151.0;8754.0;14636.0;23853.0;3723.0;5500.0;12.0;1.0;-2.0;4.0;ACETONE
5780.0;9662.0;15850.0;23429.0;3937.0;5637.0;5091.0;8631.0;14503.0;23661.0;3704.0;5458.0;3.0;3.0;-5.0;2.0;ACETONE
5738.0;9609.0;15838.0;23420.0;3924.0;5642.0;5165.0;8767.0;14623.0;23811.0;3738.0;5500.0;3.0;3.0;-2.0;7.0;ACETONE
5799.0;9701.0;15924.0;23431.0;3955.0;5687.0;5161.0;8771.0;14704.0;23977.0;3741.0;5519.0;3.0;3.0;-2.0;4.0;ACETONE
5832.0;9738.0;15994.0;23540.0;3967.0;5680.0;5167.0;8811.0;14701.0;23991.0;3758.0;5539.0;11.0;2.0;-2.0;6.0;ACETONE
5835.0;9794.0;16053.0;23538.0;3972.0;5713.0;5246.0;8843.0;14857.0;24183.0;3754.0;5521.0;9.0;2.0;-2.0;4.0;ACETONE
5870.0;9795.0;16055.0;23546.0;3972.0;5694.0;5233.0;8856.0;14752.0;24022.0;3758.0;5517.0;9.0;4.0;-2.0;6.0;ACETONE
5836.0;9765.0;16021.0;23512.0;3965.0;5694.0;5234.0;8845.0;14831.0;24173.0;3755.0;5531.0;5.0;4.0;-2.0;5.0;ACETONE
5879.0;9804.0;16021.0;23556.0;3972.0;5702.0;5221.0;8832.0;14788.0;24033.0;3745.0;5517.0;5.0;4.0;-2.0;6.0;ACETONE
5829.0;9775.0;15998.0;23547.0;3971.0;5652.0;5224.0;8852.0;14812.0;24040.0;3757.0;5528.0;5.0;7.0;-2.0;13.0;ACETONE
5857.0;9773.0;16050.0;23541.0;3965.0;5688.0;5229.0;8881.0;14899.0;24117.0;3781.0;5528.0;7.0;4.0;-8.0;14.0;ACETONE
5901.0;9856.0;16163.0;23639.0;4003.0;5734.0;5264.0;8950.0;14979.0;24251.0;3785.0;5571.0;5.0;3.0;-2.0;13.0;ACETONE
5918.0;9877.0;16207.0;23729.0;4001.0;5751.0;5243.0;8916.0;14910.0;24366.0;3792.0;5567.0;4.0;3.0;-6.0;17.0;ACETONE
5893.0;9852.0;16159.0;23612.0;3998.0;5739.0;5249.0;8922.0;14861.0;24252.0;3783.0;5546.0;1.0;3.0;-8.0;8.0;ACETONE
5859.0;9747.0;16044.0;23545.0;3971.0;5703.0;5210.0;8836.0;14753.0;24073.0;3760.0;5550.0;1.0;5.0;-8.0;10.0;ACETONE
5890.0;9801.0;16093.0;23589.0;3985.0;5712.0;5274.0;8912.0;14833.0;24169.0;3773.0;5560.0;3.0;3.0;-8.0;14.0;ACETONE
5944.0;9923.0;16270.0;23648.0;4003.0;5734.0;5268.0;8945.0;14935.0;24255.0;3784.0;5571.0;0.0;3.0;-8.0;10.0;ACETONE
5918.0;9899.0;16254.0;23770.0;4019.0;5760.0;5297.0;8975.0;14969.0;24297.0;3806.0;5564.0;0.0;1.0;-8.0;10.0;ACETONE
5862.0;9820.0;16149.0;23597.0;3999.0;5747.0;5319.0;9001.0;15014.0;24434.0;3799.0;5559.0;0.0;6.0;-9.0;10.0;ACETONE
5887.0;9832.0;16069.0;23594.0;3988.0;5734.0;5310.0;8981.0;15034.0;24434.0;3796.0;5584.0;3.0;3.0;-7.0;10.0;ACETONE
5954.0;9958.0;16294.0;23705.0;4012.0;5745.0;5337.0;9041.0;15111.0;24514.0;3817.0;5592.0;3.0;3.0;-5.0;16.0;ACETONE
5928.0;9880.0;16195.0;23710.0;4000.0;5739.0;5308.0;8925.0;14977.0;24257.0;3799.0;5561.0;4.0;0.0;-5.0;10.0;ACETONE
5941.0;9914.0;16209.0;23674.0;4008.0;5712.0;5307.0;8997.0;14962.0;24298.0;3767.0;5548.0;-1.0;3.0;-7.0;10.0;ACETONE
5898.0;9854.0;16117.0;23632.0;3992.0;5730.0;5306.0;8973.0;14902.0;24307.0;3783.0;5539.0;3.0;2.0;-3.0;10.0;ACETONE
5914.0;9871.0;16213.0;23667.0;3994.0;5754.0;5339.0;9006.0;15044.0;24360.0;3780.0;5583.0;3.0;2.0;-2.0;8.0;ACETONE
5920.0;9890.0;16163.0;23641.0;4013.0;5742.0;5324.0;8974.0;14957.0;24358.0;3783.0;5571.0;7.0;2.0;-7.0;6.0;ACETONE
5910.0;9875.0;16105.0;23596.0;3987.0;5708.0;5278.0;8933.0;14930.0;24310.0;3777.0;5546.0;10.0;4.0;10.0;5.0;ACETONE
5876.0;9810.0;16051.0;23568.0;3969.0;5705.0;5280.0;8894.0;14910.0;24234.0;3758.0;5541.0;10.0;2.0;5.0;6.0;ACETONE
5892.0;9784.0;16050.0;23557.0;3972.0;5698.0;5283.0;8936.0;14787.0;24208.0;3778.0;5533.0;10.0;-3.0;5.0;10.0;ACETONE
5909.0;9874.0;16142.0;23563.0;3983.0;5725.0;5331.0;9012.0;15043.0;24310.0;3789.0;5553.0;10.0;-3.0;3.0;14.0;ACETONE
5916.0;9884.0;16174.0;23637.0;3979.0;5732.0;5329.0;8986.0;15034.0;24339.0;3804.0;5563.0;5.0;2.0;3.0;10.0;ACETONE
5968.0;9970.0;16230.0;23688.0;4022.0;5766.0;5367.0;9064.0;15083.0;24471.0;3821.0;5623.0;5.0;2.0;3.0;10.0;ACETONE
6018.0;10054.0;16467.0;23797.0;4029.0;5755.0;5365.0;9054.0;15067.0;24439.0;3799.0;5573.0;3.0;4.0;-4.0;14.0;ACETONE
5938.0;9936.0;16242.0;23637.0;3991.0;5751.0;5370.0;8945.0;15089.0;24511.0;3809.0;5580.0;3.0;6.0;-12.0;13.0;ACETONE
5980.0;9970.0;16363.0;23755.0;4043.0;5758.0;5422.0;9143.0;15155.0;24616.0;3831.0;5619.0;0.0;4.0;-12.0;13.0;ACETONE
6025.0;10054.0;16464.0;23806.0;4040.0;5776.0;5361.0;9062.0;15137.0;24587.0;3827.0;5599.0;0.0;6.0;-12.0;8.0;ACETONE
5947.0;9951.0;16234.0;23679.0;4011.0;5746.0;5337.0;9021.0;14976.0;24410.0;3801.0;5588.0;4.0;13.0;-11.0;8.0;ACETONE
5923.0;9882.0;16209.0;23676.0;4000.0;5740.0;5367.0;9046.0;15055.0;24487.0;3800.0;5551.0;4.0;9.0;-5.0;8.0;ACETONE
5919.0;9876.0;16192.0;23585.0;4004.0;5733.0;5373.0;9056.0;15084.0;24529.0;3815.0;5596.0;4.0;12.0;-5.0;10.0;ACETONE
5978.0;9982.0;16331.0;23798.0;4018.0;5764.0;5378.0;9113.0;15066.0;24573.0;3819.0;5619.0;10.0;10.0;-5.0;8.0;ACETONE
6034.0;10039.0;16409.0;23807.0;4061.0;5799.0;5402.0;9095.0;15163.0;24602.0;3835.0;5607.0;3.0;8.0;-5.0;9.0;ACETONE
5980.0;9976.0;16368.0;23782.0;4038.0;5777.0;5419.0;9153.0;15176.0;24595.0;3792.0;5563.0;8.0;6.0;-5.0;14.0;ACETONE
6020.0;10011.0;16359.0;23800.0;4045.0;5812.0;5406.0;9148.0;15211.0;24662.0;3837.0;5632.0;3.0;8.0;0.0;8.0;ACETONE
6073.0;10086.0;16504.0;23806.0;4058.0;5796.0;5393.0;9123.0;15169.0;24662.0;3840.0;5640.0;3.0;3.0;0.0;11.0;ACETONE
6028.0;10025.0;16413.0;23803.0;4034.0;5778.0;5428.0;9193.0;15227.0;24725.0;3842.0;5618.0;3.0;3.0;-8.0;19.0;ACETONE
5994.0;9990.0;16344.0;23724.0;4024.0;5773.0;5389.0;9060.0;15159.0;24557.0;3835.0;5600.0;3.0;1.0;-8.0;11.0;ACETONE
6000.0;9998.0;16307.0;23797.0;4032.0;5791.0;5399.0;9127.0;15186.0;24687.0;3835.0;5625.0;3.0;1.0;-9.0;13.0;ACETONE
6026.0;10061.0;16409.0;23802.0;4039.0;5795.0;5390.0;9087.0;15144.0;24592.0;3816.0;5595.0;3.0;1.0;-11.0;11.0;ACETONE
5997.0;9993.0;16301.0;23745.0;4027.0;5769.0;5361.0;9036.0;15029.0;24470.0;3790.0;5588.0;4.0;5.0;-9.0;7.0;ACETONE
5975.0;9969.0;16298.0;23734.0;4011.0;5779.0;5399.0;9107.0;15187.0;24607.0;3818.0;5603.0;4.0;5.0;-9.0;7.0;ACETONE
5994.0;10003.0;16403.0;23802.0;4034.0;5758.0;5386.0;9102.0;15127.0;24610.0;3823.0;5599.0;3.0;4.0;-7.0;6.0;ACETONE
6021.0;10009.0;16380.0;23802.0;4020.0;5754.0;5383.0;9074.0;15012.0;24405.0;3797.0;5583.0;3.0;4.0;-7.0;7.0;ACETONE
5974.0;9981.0;16285.0;23734.0;4019.0;5744.0;5358.0;9044.0;15054.0;24418.0;3789.0;5554.0;3.0;4.0;-3.0;6.0;ACETONE
5981.0;9952.0;16298.0;23604.0;4013.0;5761.0;5382.0;8978.0;14995.0;24464.0;3811.0;5587.0;6.0;4.0;-3.0;6.0;ACETONE
6017.0;10038.0;16399.0;23789.0;4032.0;5775.0;5406.0;9100.0;15160.0;24597.0;3821.0;5595.0;10.0;5.0;-7.0;6.0;ACETONE
6014.0;10045.0;16424.0;23804.0;4041.0;5779.0;5428.0;9133.0;15098.0;24551.0;3821.0;5605.0;6.0;4.0;-3.0;11.0;ACETONE
6030.0;10034.0;16382.0;23805.0;4022.0;5780.0;5381.0;9085.0;15143.0;24603.0;3805.0;5604.0;8.0;6.0;-9.0;16.0;ACETONE
6023.0;10042.0;16380.0;23756.0;4037.0;5773.0;5410.0;9091.0;15162.0;24472.0;3822.0;5601.0;4.0;1.0;-9.0;11.0;ACETONE
6048.0;9995.0;16378.0;23805.0;4030.0;5777.0;5407.0;9104.0;15171.0;24707.0;3832.0;5604.0;4.0;1.0;-3.0;21.0;ACETONE
6064.0;10076.0;16447.0;23800.0;4037.0;5765.0;5384.0;9112.0;15131.0;24505.0;3802.0;5618.0;7.0;1.0;-3.0;14.0;ACETONE
6034.0;10015.0;16373.0;23774.0;4037.0;5776.0;5394.0;9092.0;15132.0;24345.0;3809.0;5602.0;3.0;1.0;-3.0;14.0;ACETONE
5994.0;10020.0;16406.0;23801.0;4022.0;5759.0;5378.0;9070.0;15115.0;24473.0;3788.0;5573.0;4.0;3.0;-3.0;6.0;ACETONE
5957.0;9929.0;16261.0;23744.0;4013.0;5755.0;5399.0;9097.0;15122.0;24452.0;3800.0;5563.0;4.0;6.0;-3.0;14.0;ACETONE
5968.0;9958.0;16282.0;23698.0;4001.0;5751.0;5386.0;9103.0;15086.0;24492.0;3809.0;5598.0;3.0;4.0;-4.0;8.0;ACETONE
5969.0;9939.0;16254.0;23653.0;4013.0;5731.0;5361.0;9027.0;15009.0;24352.0;3793.0;5582.0;6.0;5.0;-4.0;8.0;ACETONE
6010.0;10007.0;16305.0;23715.0;3996.0;5746.0;5380.0;9083.0;15071.0;24362.0;3806.0;5552.0;4.0;5.0;-4.0;8.0;ACETONE
5996.0;9994.0;16268.0;23677.0;4005.0;5735.0;5369.0;9106.0;15065.0;24336.0;3777.0;5561.0;4.0;5.0;-4.0;15.0;ACETONE
5957.0;9925.0;16254.0;23646.0;4008.0;5752.0;5392.0;9097.0;15121.0;24453.0;3793.0;5602.0;4.0;5.0;-2.0;15.0;ACETONE
6043.0;9992.0;16320.0;23802.0;4033.0;5776.0;5433.0;9147.0;15195.0;24595.0;3832.0;5614.0;4.0;9.0;-2.0;17.0;ACETONE
6155.0;10167.0;16702.0;24026.0;4101.0;5868.0;5555.0;9361.0;15595.0;25155.0;3897.0;5706.0;4.0;9.0;-9.0;14.0;ACETONE
6212.0;10324.0;16883.0;24061.0;4122.0;5888.0;5506.0;9273.0;15417.0;25077.0;3883.0;5715.0;6.0;1.0;-9.0;6.0;ACETONE
6199.0;10312.0;16798.0;24039.0;4123.0;5867.0;5536.0;9281.0;15568.0;25002.0;3874.0;5700.0;4.0;1.0;-6.0;7.0;ACETONE
6214.0;10303.0;16838.0;24058.0;4132.0;5893.0;5558.0;9343.0;15581.0;25141.0;3886.0;5698.0;3.0;1.0;-9.0;6.0;ACETONE
6153.0;10244.0;16755.0;24061.0;4108.0;5880.0;5561.0;9371.0;15576.0;25215.0;3903.0;5690.0;3.0;1.0;-10.0;8.0;ACETONE
6163.0;10255.0;16688.0;23947.0;4087.0;5847.0;5517.0;9295.0;15408.0;24718.0;3870.0;5674.0;3.0;2.0;-11.0;9.0;ACETONE
6137.0;10219.0;16649.0;23977.0;4104.0;5841.0;5525.0;9318.0;15404.0;24958.0;3874.0;5668.0;3.0;0.0;-11.0;8.0;ACETONE
6119.0;10191.0;16639.0;23923.0;4085.0;5792.0;5542.0;9298.0;15423.0;24993.0;3861.0;5684.0;3.0;0.0;-11.0;7.0;ACETONE
6152.0;10258.0;16767.0;23983.0;4100.0;5849.0;5529.0;9298.0;15481.0;25032.0;3883.0;5698.0;2.0;0.0;-11.0;7.0;ACETONE
6192.0;10279.0;16763.0;24062.0;4104.0;5871.0;5556.0;9362.0;15531.0;25074.0;3896.0;5691.0;3.0;0.0;-9.0;6.0;ACETONE
6202.0;10293.0;16806.0;24026.0;4121.0;5866.0;5575.0;9305.0;15466.0;25094.0;3884.0;5695.0;2.0;7.0;-9.0;4.0;ACETONE
6160.0;10230.0;16676.0;23937.0;4079.0;5839.0;5517.0;9275.0;15393.0;24983.0;3882.0;5663.0;6.0;5.0;-9.0;12.0;ACETONE
6148.0;10209.0;16612.0;23923.0;4079.0;5829.0;5497.0;9260.0;15363.0;24813.0;3864.0;5645.0;1.0;8.0;-9.0;6.0;ACETONE
6128.0;10240.0;16662.0;23854.0;4046.0;5807.0;5513.0;9297.0;15362.0;24843.0;3854.0;5638.0;6.0;0.0;1.0;9.0;ACETONE
6147.0;10188.0;16602.0;23859.0;4059.0;5804.0;5513.0;9257.0;15308.0;24791.0;3847.0;5621.0;1.0;5.0;1.0;10.0;ACETONE
6091.0;10128.0;16531.0;23805.0;4049.0;5783.0;5467.0;9227.0;15245.0;24727.0;3823.0;5637.0;15.0;5.0;-2.0;7.0;ACETONE
6114.0;10139.0;16476.0;23810.0;4056.0;5797.0;5517.0;9264.0;15406.0;24769.0;3838.0;5616.0;8.0;6.0;-2.0;8.0;ACETONE
6162.0;10208.0;16519.0;23801.0;4046.0;5788.0;5490.0;9185.0;15245.0;24651.0;3834.0;5620.0;8.0;5.0;-5.0;9.0;ACETONE
6069.0;10094.0;16421.0;23800.0;4029.0;5765.0;5475.0;9203.0;15234.0;24662.0;3828.0;5590.0;10.0;4.0;-4.0;7.0;ACETONE
6076.0;10088.0;16457.0;23805.0;4021.0;5776.0;5496.0;9234.0;15224.0;24635.0;3804.0;5575.0;4.0;5.0;-4.0;12.0;ACETONE
6085.0;10065.0;16407.0;23802.0;4021.0;5753.0;5481.0;9161.0;15174.0;24617.0;3810.0;5574.0;4.0;7.0;-4.0;16.0;ACETONE
6101.0;10069.0;16412.0;23799.0;4020.0;5757.0;5455.0;9146.0;15104.0;24498.0;3809.0;5592.0;4.0;6.0;-4.0;12.0;ACETONE
6082.0;10075.0;16448.0;23744.0;4019.0;5763.0;5445.0;9132.0;15196.0;24425.0;3802.0;5574.0;-4.0;5.0;-4.0;13.0;ACETONE
6070.0;10045.0;16342.0;23734.0;4020.0;5740.0;5509.0;9232.0;15230.0;24624.0;3803.0;5573.0;-3.0;2.0;-9.0;7.0;ACETONE
6021.0;10017.0;16281.0;23677.0;4007.0;5730.0;5403.0;9052.0;15053.0;24323.0;3782.0;5567.0;2.0;1.0;-2.0;9.0;ACETONE
6070.0;10026.0;16363.0;23681.0;4004.0;5735.0;5484.0;9195.0;15223.0;24622.0;3802.0;5562.0;0.0;1.0;-10.0;6.0;ACETONE
6089.0;10109.0;16454.0;23801.0;4033.0;5741.0;5501.0;9209.0;15262.0;24533.0;3817.0;5579.0;0.0;3.0;-10.0;12.0;ACETONE
6084.0;10078.0;16351.0;23724.0;4016.0;5758.0;5470.0;9186.0;15225.0;24536.0;3805.0;5608.0;2.0;3.0;-10.0;13.0;ACETONE
6059.0;10035.0;16413.0;23774.0;4019.0;5777.0;5493.0;9186.0;15183.0;24580.0;3813.0;5588.0;6.0;3.0;-9.0;9.0;ACETONE
6049.0;10040.0;16372.0;23799.0;4029.0;5756.0;5476.0;9187.0;15220.0;24657.0;3810.0;5590.0;3.0;3.0;-9.0;12.0;ACETONE
6047.0;9982.0;16299.0;23680.0;4005.0;5729.0;5458.0;9184.0;15180.0;24499.0;3798.0;5575.0;3.0;6.0;-7.0;7.0;ACETONE
6074.0;10060.0;16408.0;23767.0;4006.0;5725.0;5472.0;9185.0;15187.0;24539.0;3792.0;5581.0;2.0;11.0;-7.0;10.0;ACETONE
6056.0;10057.0;16412.0;23800.0;4017.0;5759.0;5483.0;9182.0;15251.0;24610.0;3799.0;5612.0;2.0;7.0;-7.0;5.0;ACETONE
6102.0;10113.0;16458.0;23802.0;4044.0;5771.0;5481.0;9216.0;15249.0;24565.0;3817.0;5589.0;0.0;7.0;-11.0;11.0;ACETONE
6088.0;10054.0;16386.0;23802.0;4025.0;5772.0;5521.0;9211.0;15286.0;24647.0;3823.0;5588.0;1.0;3.0;-11.0;11.0;ACETONE
6078.0;10109.0;16480.0;23790.0;4024.0;5761.0;5481.0;9177.0;15194.0;24603.0;3810.0;5570.0;-2.0;3.0;-11.0;15.0;ACETONE
6063.0;10041.0;16400.0;23751.0;4016.0;5740.0;5482.0;9195.0;15185.0;24540.0;3801.0;5572.0;-2.0;3.0;-8.0;11.0;ACETONE
6054.0;10000.0;16371.0;23744.0;4014.0;5730.0;5479.0;9159.0;15194.0;24541.0;3803.0;5560.0;-2.0;3.0;-8.0;9.0;ACETONE
6064.0;10035.0;16382.0;23801.0;4011.0;5729.0;5495.0;9206.0;15302.0;24678.0;3821.0;5605.0;-2.0;3.0;-8.0;11.0;ACETONE
6131.0;10154.0;16585.0;23810.0;4042.0;5787.0;5529.0;9272.0;15321.0;24729.0;3842.0;5611.0;-2.0;5.0;-4.0;15.0;ACETONE
6156.0;10194.0;16588.0;23807.0;4045.0;5778.0;5506.0;9228.0;15315.0;24749.0;3829.0;5604.0;-2.0;5.0;-8.0;6.0;ACETONE
6136.0;10173.0;16605.0;23850.0;4055.0;5787.0;5560.0;9315.0;15377.0;24773.0;3853.0;5637.0;-2.0;6.0;-12.0;5.0;ACETONE
6178.0;10253.0;16700.0;23887.0;4071.0;5810.0;5567.0;9293.0;15392.0;24825.0;3864.0;5650.0;0.0;5.0;-12.0;13.0;ACETONE
6200.0;10285.0;16726.0;23918.0;4065.0;5823.0;5588.0;9355.0;15475.0;24928.0;3871.0;5633.0;0.0;5.0;-10.0;13.0;ACETONE
6153.0;10191.0;16607.0;23805.0;4056.0;5807.0;5558.0;9342.0;15447.0;24941.0;3851.0;5646.0;1.0;3.0;-12.0;16.0;ACETONE
6151.0;10198.0;16668.0;23885.0;4070.0;5802.0;5586.0;9323.0;15381.0;24972.0;3858.0;5642.0;1.0;2.0;-10.0;15.0;ACETONE
6169.0;10229.0;16668.0;23807.0;4060.0;5795.0;5575.0;9317.0;15458.0;24919.0;3840.0;5644.0;3.0;2.0;-9.0;15.0;ACETONE
6189.0;10243.0;16657.0;23809.0;4047.0;5775.0;5588.0;9341.0;15457.0;24894.0;3838.0;5615.0;3.0;6.0;-9.0;12.0;ACETONE
6174.0;10257.0;16682.0;23930.0;4057.0;5773.0;5503.0;9262.0;15324.0;24612.0;3818.0;5614.0;3.0;9.0;-3.0;18.0;ACETONE
6129.0;10163.0;16513.0;23804.0;4031.0;5761.0;5518.0;9251.0;15321.0;24625.0;3812.0;5596.0;3.0;9.0;-3.0;13.0;ACETONE
6148.0;10156.0;16510.0;23804.0;4030.0;5786.0;5564.0;9297.0;15400.0;24897.0;3844.0;5624.0;6.0;4.0;-3.0;11.0;ACETONE
6176.0;10221.0;16592.0;23804.0;4056.0;5806.0;5612.0;9335.0;15429.0;24886.0;3831.0;5613.0;6.0;4.0;-3.0;5.0;ACETONE
6188.0;10183.0;16613.0;23807.0;4049.0;5793.0;5593.0;9327.0;15485.0;24709.0;3857.0;5621.0;3.0;4.0;-10.0;7.0;ACETONE
6169.0;10192.0;16587.0;23803.0;4070.0;5811.0;5533.0;9256.0;15281.0;24717.0;3836.0;5620.0;3.0;9.0;-10.0;7.0;ACETONE
6175.0;10184.0;16540.0;23805.0;4040.0;5764.0;5535.0;9250.0;15275.0;24658.0;3824.0;5596.0;3.0;6.0;-7.0;9.0;ACETONE
6129.0;10164.0;16486.0;23805.0;4025.0;5754.0;5507.0;9198.0;15214.0;24600.0;3818.0;5582.0;3.0;8.0;-2.0;13.0;ACETONE
6125.0;10160.0;16503.0;23804.0;4028.0;5754.0;5582.0;9296.0;15388.0;24736.0;3827.0;5555.0;3.0;7.0;-5.0;13.0;ACETONE
6141.0;10153.0;16521.0;23804.0;4031.0;5759.0;5581.0;9349.0;15389.0;24834.0;3833.0;5604.0;6.0;8.0;-3.0;12.0;ACETONE
6160.0;10159.0;16505.0;23801.0;4023.0;5776.0;5538.0;9259.0;15218.0;24732.0;3817.0;5598.0;6.0;7.0;-3.0;12.0;ACETONE
6160.0;10172.0;16502.0;23806.0;4023.0;5765.0;5528.0;9235.0;15268.0;24540.0;3810.0;5584.0;6.0;7.0;-3.0;13.0;ACETONE
6134.0;10132.0;16440.0;23801.0;4029.0;5774.0;5523.0;9211.0;15240.0;24489.0;3807.0;5575.0;3.0;7.0;-5.0;13.0;ACETONE
6162.0;10178.0;16566.0;23808.0;4029.0;5783.0;5602.0;9340.0;15476.0;24897.0;3849.0;5616.0;-4.0;8.0;-3.0;13.0;ACETONE
6231.0;10263.0;16716.0;23852.0;4073.0;5802.0;5604.0;9338.0;15409.0;24929.0;3832.0;5614.0;-4.0;12.0;0.0;15.0;ACETONE
6204.0;10246.0;16658.0;23817.0;4073.0;5799.0;5608.0;9381.0;15490.0;24970.0;3847.0;5631.0;-8.0;4.0;-6.0;10.0;ACETONE
6222.0;10267.0;16701.0;23932.0;4074.0;5819.0;5631.0;9402.0;15519.0;25038.0;3876.0;5665.0;-4.0;2.0;-11.0;17.0;ACETONE
6183.0;10218.0;16660.0;23915.0;4050.0;5792.0;5609.0;9373.0;15505.0;24955.0;3851.0;5644.0;-4.0;2.0;-10.0;13.0;ACETONE
6263.0;10341.0;16786.0;23953.0;4086.0;5807.0;5646.0;9430.0;15539.0;24804.0;3880.0;5632.0;0.0;2.0;-10.0;13.0;ACETONE
6226.0;10287.0;16755.0;23932.0;4060.0;5819.0;5600.0;9349.0;15481.0;24959.0;3862.0;5616.0;0.0;2.0;-10.0;17.0;ACETONE
6199.0;10237.0;16593.0;23807.0;4053.0;5814.0;5639.0;9414.0;15577.0;25065.0;3868.0;5642.0;6.0;2.0;-10.0;8.0;ACETONE
6223.0;10246.0;16688.0;23816.0;4057.0;5804.0;5591.0;9327.0;15442.0;24882.0;3861.0;5624.0;7.0;5.0;-4.0;9.0;ACETONE
6196.0;10264.0;16600.0;23912.0;4045.0;5795.0;5606.0;9350.0;15372.0;24835.0;3828.0;5626.0;6.0;5.0;-3.0;10.0;ACETONE
6190.0;10234.0;16644.0;23808.0;4056.0;5773.0;5598.0;9342.0;15379.0;24838.0;3829.0;5594.0;5.0;5.0;-3.0;9.0;ACETONE
6171.0;10194.0;16600.0;23805.0;4039.0;5760.0;5590.0;9363.0;15414.0;24741.0;3820.0;5602.0;5.0;2.0;-2.0;8.0;ACETONE
6183.0;10200.0;16541.0;23801.0;4025.0;5749.0;5573.0;9283.0;15319.0;24681.0;3811.0;5589.0;6.0;3.0;-2.0;10.0;ACETONE
6125.0;10101.0;16427.0;23802.0;4026.0;5766.0;5583.0;9278.0;15291.0;24630.0;3811.0;5595.0;6.0;1.0;-4.0;11.0;ACETONE
6149.0;10161.0;16475.0;23808.0;4020.0;5765.0;5614.0;9369.0;15454.0;24663.0;3845.0;5628.0;10.0;3.0;-4.0;13.0;ACETONE
6284.0;10381.0;16858.0;24058.0;4079.0;5801.0;5633.0;9356.0;15552.0;25032.0;3846.0;5654.0;3.0;3.0;-4.0;17.0;ACETONE
6290.0;10369.0;16791.0;23934.0;4071.0;5815.0;5664.0;9456.0;15525.0;25016.0;3846.0;5637.0;3.0;3.0;-4.0;11.0;ACETONE
6256.0;10298.0;16755.0;23924.0;4040.0;5765.0;5617.0;9390.0;15505.0;24886.0;3849.0;5629.0;3.0;3.0;-4.0;13.0;ACETONE
6323.0;10428.0;16886.0;24059.0;4103.0;5822.0;5627.0;9364.0;15372.0;24770.0;3830.0;5611.0;3.0;3.0;-4.0;13.0;ACETONE
6229.0;10276.0;16667.0;23808.0;4032.0;5773.0;5613.0;9347.0;15370.0;24760.0;3834.0;5613.0;2.0;3.0;-5.0;15.0;ACETONE
6184.0;10190.0;16560.0;23802.0;4038.0;5778.0;5611.0;9379.0;15443.0;24887.0;3831.0;5586.0;2.0;3.0;-5.0;13.0;ACETONE
6219.0;10259.0;16606.0;23803.0;4048.0;5783.0;5649.0;9386.0;15410.0;24837.0;3858.0;5625.0;2.0;3.0;-5.0;12.0;ACETONE
6241.0;10284.0;16698.0;23892.0;4058.0;5793.0;5696.0;9445.0;15542.0;25023.0;3868.0;5635.0;1.0;0.0;-6.0;18.0;ACETONE
6240.0;10311.0;16687.0;23968.0;4070.0;5803.0;5683.0;9424.0;15582.0;24951.0;3849.0;5657.0;1.0;3.0;-6.0;11.0;ACETONE
6280.0;10371.0;16785.0;23975.0;4078.0;5814.0;5655.0;9501.0;15600.0;25127.0;3862.0;5638.0;1.0;3.0;-8.0;11.0;ACETONE
6293.0;10347.0;16830.0;23952.0;4069.0;5797.0;5672.0;9473.0;15510.0;24977.0;3860.0;5613.0;1.0;3.0;-8.0;9.0;ACETONE
6280.0;10371.0;16785.0;23975.0;4078.0;5814.0;5655.0;9501.0;15600.0;25127.0;3862.0;5638.0;4.0;3.0;-8.0;10.0;ACETONE
6219.0;10270.0;16658.0;23884.0;4055.0;5787.0;5671.0;9455.0;15557.0;24974.0;3845.0;5649.0;5.0;6.0;-8.0;12.0;ACETONE
6276.0;10350.0;16748.0;23931.0;4076.0;5828.0;5668.0;9471.0;15611.0;24933.0;3870.0;5640.0;13.0;9.0;-1.0;10.0;ACETONE
