OFFCHIP_SENSIMOX_SnAu_150_200.0_IN-PHASE;OFFCHIP_SENSIMOX_SnAu_200_200.0_IN-PHASE;OFFCHIP_SENSIMOX_SnAu_250_200.0_IN-PHASE;OFFCHIP_SENSIMOX_SnAu_300_200.0_IN-PHASE;OFFCHIP_SENSIMOX_SnAu_350_200.0_IN-PHASE;OFFCHIP_SENSIMOX_SnAu_400_200.0_IN-PHASE;OFFCHIP_SENSIMOX_SnAu_150_78125.0_IN-PHASE;OFFCHIP_SENSIMOX_SnAu_200_78125.0_IN-PHASE;OFFCHIP_SENSIMOX_SnAu_250_78125.0_IN-PHASE;OFFCHIP_SENSIMOX_SnAu_300_78125.0_IN-PHASE;OFFCHIP_SENSIMOX_SnAu_350_78125.0_IN-PHASE;OFFCHIP_SENSIMOX_SnAu_400_78125.0_IN-PHASE;ONCHIP_ALUMINUM_OXIDE_OUT4_IN-PHASE;ONCHIP_ALUMINUM_OXIDE_OUT4_QUADRATURE;ONCHIP_ALUMINUM_OXIDE_OUT7_IN-PHASE;ONCHIP_ALUMINUM_OXIDE_OUT7_QUADRATURE
338.0;654.0;1255.0;2372.0;423.0;680.0;290.0;590.0;1202.0;2349.0;435.0;736.0;-3.0;-4.0;1.0;2.0
464.0;889.0;1681.0;3118.0;536.0;850.0;374.0;747.0;1506.0;2922.0;529.0;885.0;-3.0;-1.0;2.0;2.0
560.0;1061.0;1979.0;3576.0;606.0;946.0;431.0;854.0;1704.0;3261.0;584.0;963.0;-3.0;-2.0;-2.0;0.0
621.0;1190.0;2251.0;4173.0;737.0;1185.0;564.0;1123.0;2203.0;4240.0;766.0;1276.0;-3.0;-2.0;-1.0;0.0
911.0;1694.0;3147.0;5683.0;961.0;1478.0;730.0;1419.0;2756.0;5226.0;920.0;1500.0;1.0;-1.0;-1.0;0.0
1086.0;2000.0;3622.0;6411.0;1057.0;1605.0;793.0;1528.0;2943.0;5515.0;967.0;1563.0;1.0;-2.0;-1.0;0.0
1132.0;2075.0;3781.0;6636.0;1090.0;1635.0;843.0;1622.0;3077.0;5716.0;995.0;1591.0;1.0;-5.0;-1.0;-3.0
1163.0;2120.0;3818.0;6654.0;1083.0;1642.0;835.0;1599.0;3080.0;5694.0;992.0;1588.0;0.0;-5.0;-1.0;-3.0
1150.0;2102.0;3774.0;6559.0;1063.0;1608.0;832.0;1614.0;3067.0;5662.0;976.0;1561.0;1.0;-4.0;20.0;-3.0
1130.0;2065.0;3726.0;6478.0;1050.0;1600.0;828.0;1587.0;3030.0;5642.0;973.0;1564.0;1.0;-5.0;20.0;-3.0
1148.0;2096.0;3785.0;6530.0;1049.0;1593.0;838.0;1602.0;3017.0;5574.0;958.0;1539.0;8.0;-4.0;19.0;-4.0
1111.0;2029.0;3646.0;6294.0;1020.0;1548.0;805.0;1543.0;2956.0;5452.0;944.0;1512.0;10.0;-4.0;8.0;-10.0
1124.0;2050.0;3673.0;6354.0;1019.0;1553.0;829.0;1576.0;2981.0;5471.0;942.0;1494.0;5.0;-4.0;5.0;-10.0
1086.0;1978.0;3582.0;6206.0;1003.0;1531.0;822.0;1567.0;2973.0;5442.0;926.0;1472.0;3.0;-4.0;8.0;-10.0
1059.0;1938.0;3469.0;5994.0;971.0;1471.0;798.0;1509.0;2871.0;5263.0;894.0;1429.0;4.0;-3.0;8.0;-10.0
1064.0;1934.0;3489.0;6083.0;997.0;1524.0;832.0;1589.0;2995.0;5516.0;949.0;1511.0;4.0;-3.0;10.0;-10.0
1158.0;2098.0;3754.0;6412.0;1043.0;1581.0;870.0;1649.0;3108.0;5676.0;970.0;1544.0;12.0;-2.0;10.0;-12.0
1161.0;2111.0;3758.0;6458.0;1045.0;1571.0;878.0;1669.0;3130.0;5651.0;965.0;1539.0;6.0;-3.0;12.0;-12.0
1182.0;2142.0;3791.0;6557.0;1063.0;1618.0;910.0;1727.0;3238.0;5878.0;998.0;1595.0;6.0;-4.0;11.0;-12.0
1255.0;2262.0;4009.0;6868.0;1104.0;1677.0;942.0;1786.0;3352.0;6085.0;1043.0;1645.0;6.0;-4.0;11.0;-13.0
1310.0;2350.0;4184.0;7205.0;1154.0;1747.0;1006.0;1892.0;3548.0;6354.0;1066.0;1697.0;2.0;-2.0;11.0;-14.0
1357.0;2432.0;4264.0;7261.0;1159.0;1735.0;997.0;1868.0;3476.0;6237.0;1062.0;1676.0;2.0;-4.0;10.0;-14.0
1337.0;2392.0;4218.0;7206.0;1156.0;1745.0;1021.0;1903.0;3546.0;6400.0;1078.0;1696.0;8.0;-5.0;7.0;-14.0
1361.0;2431.0;4299.0;7375.0;1172.0;1756.0;1041.0;1947.0;3590.0;6484.0;1097.0;1729.0;8.0;-5.0;8.0;-14.0
1400.0;2513.0;4407.0;7514.0;1188.0;1783.0;1059.0;1977.0;3664.0;6552.0;1101.0;1734.0;8.0;-5.0;8.0;-15.0
1419.0;2532.0;4438.0;7505.0;1187.0;1774.0;1060.0;1960.0;3633.0;6476.0;1085.0;1723.0;9.0;-5.0;8.0;-15.0
1403.0;2514.0;4390.0;7402.0;1178.0;1745.0;1054.0;1970.0;3631.0;6466.0;1086.0;1708.0;6.0;-6.0;11.0;-17.0
1387.0;2477.0;4325.0;7336.0;1167.0;1752.0;1061.0;1968.0;3628.0;6508.0;1088.0;1701.0;6.0;-6.0;11.0;-17.0
1408.0;2500.0;4371.0;7378.0;1172.0;1744.0;1047.0;1957.0;3595.0;6475.0;1075.0;1696.0;6.0;-7.0;11.0;-17.0
1414.0;2511.0;4400.0;7387.0;1171.0;1747.0;1064.0;1968.0;3618.0;6464.0;1086.0;1708.0;4.0;-7.0;10.0;-17.0
1435.0;2544.0;4411.0;7456.0;1184.0;1752.0;1087.0;1984.0;3672.0;6534.0;1085.0;1702.0;1.0;-7.0;9.0;-19.0
1433.0;2529.0;4420.0;7463.0;1173.0;1761.0;1084.0;1995.0;3641.0;6523.0;1093.0;1718.0;3.0;-7.0;10.0;-19.0
1446.0;2555.0;4443.0;7441.0;1176.0;1747.0;1084.0;1996.0;3660.0;6509.0;1088.0;1692.0;3.0;-7.0;9.0;-19.0
1450.0;2556.0;4439.0;7501.0;1177.0;1767.0;1087.0;2014.0;3692.0;6524.0;1091.0;1704.0;3.0;-6.0;20.0;-21.0
1463.0;2579.0;4475.0;7499.0;1178.0;1748.0;1100.0;2024.0;3685.0;6564.0;1096.0;1712.0;3.0;-6.0;6.0;-22.0
1469.0;2577.0;4488.0;7556.0;1182.0;1773.0;1121.0;2057.0;3746.0;6615.0;1102.0;1714.0;3.0;-7.0;6.0;-23.0
1487.0;2604.0;4521.0;7603.0;1195.0;1793.0;1134.0;2086.0;3812.0;6732.0;1123.0;1744.0;3.0;-5.0;6.0;-23.0
1509.0;2661.0;4621.0;7758.0;1219.0;1821.0;1161.0;2120.0;3853.0;6857.0;1129.0;1763.0;10.0;-5.0;19.0;-23.0
1537.0;2713.0;4697.0;7838.0;1249.0;1861.0;1199.0;2192.0;3982.0;6960.0;1161.0;1805.0;-1.0;-8.0;22.0;-17.0
1559.0;2742.0;4757.0;7963.0;1265.0;1882.0;1206.0;2206.0;4001.0;7041.0;1167.0;1823.0;-1.0;-10.0;19.0;-17.0
1598.0;2809.0;4871.0;8138.0;1278.0;1913.0;1241.0;2264.0;4113.0;7227.0;1195.0;1872.0;8.0;-10.0;9.0;-17.0
1644.0;2873.0;4928.0;8251.0;1295.0;1933.0;1261.0;2295.0;4129.0;7280.0;1210.0;1883.0;5.0;-10.0;9.0;-24.0
1681.0;2929.0;5026.0;8381.0;1314.0;1948.0;1267.0;2307.0;4179.0;7277.0;1200.0;1866.0;8.0;-10.0;9.0;-24.0
1671.0;2901.0;4996.0;8318.0;1291.0;1910.0;1249.0;2279.0;4122.0;7195.0;1186.0;1850.0;8.0;-10.0;16.0;-24.0
1637.0;2843.0;4921.0;8210.0;1279.0;1889.0;1231.0;2249.0;4054.0;7141.0;1170.0;1812.0;12.0;-10.0;9.0;-24.0
1631.0;2860.0;4893.0;8113.0;1258.0;1861.0;1222.0;2224.0;3994.0;7021.0;1157.0;1803.0;12.0;-10.0;18.0;-24.0
1604.0;2810.0;4842.0;8055.0;1252.0;1852.0;1217.0;2211.0;3995.0;6990.0;1154.0;1792.0;12.0;-10.0;18.0;-22.0
1580.0;2767.0;4750.0;7911.0;1225.0;1827.0;1196.0;2178.0;3918.0;6900.0;1139.0;1766.0;14.0;-10.0;20.0;-24.0
1571.0;2742.0;4716.0;7849.0;1233.0;1824.0;1202.0;2186.0;3924.0;6864.0;1133.0;1754.0;5.0;-11.0;18.0;-22.0
1591.0;2770.0;4745.0;7869.0;1223.0;1819.0;1206.0;2193.0;3952.0;6933.0;1137.0;1762.0;10.0;-11.0;18.0;-24.0
1604.0;2793.0;4791.0;7871.0;1231.0;1817.0;1206.0;2195.0;3940.0;6879.0;1136.0;1762.0;5.0;-11.0;15.0;-22.0
1586.0;2757.0;4744.0;7903.0;1231.0;1837.0;1211.0;2203.0;3974.0;6945.0;1149.0;1785.0;10.0;-6.0;20.0;-22.0
1614.0;2805.0;4817.0;7949.0;1237.0;1832.0;1214.0;2207.0;3958.0;6964.0;1143.0;1768.0;10.0;-6.0;21.0;-22.0
1588.0;2771.0;4743.0;7823.0;1222.0;1804.0;1203.0;2187.0;3926.0;6878.0;1124.0;1746.0;11.0;-6.0;25.0;-25.0
1570.0;2743.0;4705.0;7795.0;1207.0;1798.0;1200.0;2176.0;3927.0;6844.0;1124.0;1745.0;11.0;-9.0;19.0;-28.0
1569.0;2732.0;4682.0;7740.0;1213.0;1792.0;1190.0;2163.0;3894.0;6785.0;1121.0;1730.0;15.0;-9.0;24.0;-30.0
1574.0;2747.0;4696.0;7763.0;1206.0;1780.0;1189.0;2153.0;3863.0;6769.0;1112.0;1720.0;10.0;-9.0;24.0;-31.0
1565.0;2740.0;4679.0;7750.0;1202.0;1780.0;1191.0;2155.0;3850.0;6744.0;1106.0;1719.0;14.0;-9.0;26.0;-31.0
1561.0;2721.0;4627.0;7717.0;1195.0;1768.0;1187.0;2154.0;3864.0;6746.0;1110.0;1709.0;12.0;-8.0;14.0;-33.0
1560.0;2714.0;4626.0;7646.0;1181.0;1757.0;1181.0;2132.0;3831.0;6695.0;1097.0;1703.0;4.0;-7.0;11.0;-30.0
1537.0;2690.0;4641.0;7671.0;1176.0;1758.0;1180.0;2135.0;3856.0;6767.0;1105.0;1713.0;4.0;-7.0;12.0;-30.0
1562.0;2728.0;4652.0;7675.0;1196.0;1767.0;1200.0;2166.0;3884.0;6724.0;1105.0;1716.0;4.0;-3.0;12.0;-28.0
1562.0;2721.0;4642.0;7676.0;1200.0;1771.0;1191.0;2160.0;3865.0;6766.0;1108.0;1732.0;7.0;-3.0;18.0;-27.0
1577.0;2741.0;4685.0;7761.0;1206.0;1784.0;1206.0;2181.0;3928.0;6803.0;1119.0;1739.0;10.0;-3.0;19.0;-26.0
1582.0;2742.0;4711.0;7780.0;1220.0;1807.0;1222.0;2199.0;3950.0;6933.0;1135.0;1750.0;11.0;-4.0;9.0;-26.0
1607.0;2793.0;4767.0;7903.0;1224.0;1811.0;1220.0;2196.0;3957.0;6865.0;1128.0;1743.0;10.0;-4.0;10.0;-26.0
1610.0;2793.0;4766.0;7809.0;1214.0;1796.0;1222.0;2215.0;3961.0;6891.0;1131.0;1745.0;19.0;-4.0;20.0;-27.0
1601.0;2785.0;4726.0;7870.0;1215.0;1805.0;1223.0;2206.0;3962.0;6905.0;1130.0;1754.0;10.0;-8.0;15.0;-32.0
1616.0;2804.0;4779.0;7894.0;1226.0;1820.0;1225.0;2218.0;3976.0;6920.0;1137.0;1762.0;8.0;-11.0;12.0;-33.0
1627.0;2833.0;4810.0;7887.0;1216.0;1798.0;1232.0;2223.0;3983.0;6933.0;1129.0;1751.0;8.0;-11.0;18.0;-33.0
1610.0;2793.0;4754.0;7835.0;1222.0;1806.0;1252.0;2256.0;4039.0;6979.0;1148.0;1771.0;-2.0;-3.0;8.0;-33.0
1661.0;2868.0;4889.0;8059.0;1248.0;1849.0;1268.0;2283.0;4089.0;7133.0;1161.0;1804.0;8.0;-11.0;27.0;-32.0
1659.0;2870.0;4905.0;8090.0;1258.0;1871.0;1289.0;2332.0;4154.0;7229.0;1179.0;1827.0;-1.0;-10.0;23.0;-32.0
1715.0;2960.0;5021.0;8287.0;1275.0;1884.0;1308.0;2353.0;4202.0;7259.0;1184.0;1830.0;11.0;-10.0;23.0;-32.0
1709.0;2947.0;4985.0;8216.0;1272.0;1880.0;1298.0;2333.0;4161.0;7205.0;1174.0;1818.0;-1.0;-14.0;29.0;-32.0
1698.0;2924.0;4982.0;8198.0;1265.0;1866.0;1296.0;2325.0;4149.0;7178.0;1173.0;1807.0;3.0;-14.0;23.0;-33.0
1696.0;2917.0;4938.0;8119.0;1251.0;1856.0;1283.0;2303.0;4101.0;7124.0;1163.0;1803.0;3.0;-14.0;16.0;-33.0
1674.0;2893.0;4927.0;8079.0;1248.0;1833.0;1266.0;2284.0;4047.0;7018.0;1144.0;1762.0;6.0;-14.0;23.0;-33.0
1650.0;2857.0;4849.0;7953.0;1227.0;1814.0;1243.0;2239.0;4009.0;6966.0;1138.0;1760.0;6.0;-13.0;13.0;-28.0
1651.0;2858.0;4850.0;7999.0;1230.0;1821.0;1262.0;2281.0;4060.0;7066.0;1150.0;1781.0;7.0;-12.0;27.0;-28.0
1659.0;2867.0;4854.0;8021.0;1235.0;1834.0;1272.0;2290.0;4066.0;7065.0;1153.0;1775.0;15.0;-12.0;19.0;-28.0
1674.0;2873.0;4877.0;7998.0;1236.0;1833.0;1280.0;2285.0;4093.0;7042.0;1150.0;1772.0;20.0;-11.0;28.0;-31.0
1681.0;2892.0;4890.0;8049.0;1240.0;1838.0;1279.0;2307.0;4106.0;7062.0;1154.0;1780.0;15.0;-9.0;17.0;-33.0
1676.0;2887.0;4899.0;8063.0;1234.0;1819.0;1278.0;2293.0;4084.0;7070.0;1150.0;1777.0;20.0;-5.0;26.0;-33.0
1686.0;2902.0;4908.0;8064.0;1236.0;1822.0;1282.0;2303.0;4084.0;7073.0;1149.0;1776.0;11.0;-2.0;20.0;-36.0
1673.0;2896.0;4891.0;8004.0;1236.0;1815.0;1276.0;2293.0;4070.0;7003.0;1141.0;1745.0;8.0;-2.0;25.0;-36.0
1653.0;2852.0;4851.0;7932.0;1229.0;1817.0;1272.0;2286.0;4053.0;6987.0;1133.0;1740.0;11.0;-2.0;25.0;-36.0
1651.0;2843.0;4803.0;7883.0;1219.0;1802.0;1273.0;2279.0;4028.0;6947.0;1127.0;1734.0;17.0;-9.0;30.0;-36.0
1647.0;2830.0;4806.0;7939.0;1227.0;1812.0;1275.0;2283.0;4061.0;7020.0;1140.0;1756.0;15.0;-9.0;25.0;-36.0
1650.0;2852.0;4824.0;7940.0;1219.0;1806.0;1276.0;2286.0;4073.0;7002.0;1137.0;1753.0;15.0;-9.0;25.0;-34.0
1670.0;2880.0;4869.0;7924.0;1240.0;1851.0;1314.0;2348.0;4184.0;7248.0;1185.0;1832.0;10.0;-11.0;23.0;-36.0
1779.0;3060.0;5154.0;8431.0;1304.0;1907.0;1350.0;2420.0;4270.0;7384.0;1201.0;1836.0;17.0;-7.0;28.0;-34.0
1742.0;2983.0;5069.0;8279.0;1275.0;1874.0;1323.0;2360.0;4163.0;7174.0;1167.0;1791.0;8.0;-7.0;23.0;-34.0
1699.0;2924.0;4961.0;8081.0;1239.0;1823.0;1288.0;2306.0;4067.0;7022.0;1147.0;1764.0;10.0;-8.0;22.0;-34.0
1676.0;2869.0;4879.0;8001.0;1233.0;1810.0;1290.0;2298.0;4085.0;7000.0;1143.0;1761.0;16.0;-9.0;21.0;-32.0
1674.0;2881.0;4855.0;7897.0;1219.0;1785.0;1262.0;2255.0;4002.0;6946.0;1122.0;1730.0;10.0;-9.0;15.0;-32.0
1644.0;2827.0;4768.0;7787.0;1195.0;1762.0;1238.0;2226.0;3955.0;6772.0;1106.0;1704.0;3.0;-9.0;18.0;-32.0
1626.0;2793.0;4733.0;7710.0;1192.0;1758.0;1244.0;2212.0;3894.0;6760.0;1107.0;1707.0;3.0;-9.0;19.0;-36.0
1638.0;2812.0;4769.0;7779.0;1206.0;1785.0;1236.0;2248.0;4008.0;6970.0;1129.0;1736.0;8.0;-7.0;18.0;-36.0
1657.0;2847.0;4820.0;7901.0;1212.0;1793.0;1281.0;2289.0;4050.0;6958.0;1131.0;1754.0;8.0;-7.0;27.0;-36.0
1683.0;2893.0;4899.0;8068.0;1245.0;1845.0;1316.0;2350.0;4166.0;7197.0;1171.0;1799.0;8.0;-7.0;17.0;-36.0
1726.0;2963.0;5000.0;8182.0;1253.0;1854.0;1326.0;2363.0;4194.0;7162.0;1160.0;1793.0;8.0;-11.0;17.0;-36.0
1712.0;2944.0;4960.0;8103.0;1250.0;1839.0;1314.0;2346.0;4160.0;7121.0;1150.0;1770.0;8.0;-12.0;21.0;-36.0
1692.0;2917.0;4931.0;8022.0;1235.0;1825.0;1299.0;2321.0;4109.0;7085.0;1148.0;1766.0;3.0;-12.0;10.0;-37.0
1685.0;2889.0;4890.0;7969.0;1225.0;1803.0;1283.0;2261.0;4053.0;6929.0;1123.0;1731.0;10.0;-12.0;17.0;-37.0
1681.0;2876.0;4864.0;7971.0;1223.0;1806.0;1293.0;2321.0;4071.0;7032.0;1150.0;1760.0;10.0;-12.0;17.0;-37.0
1697.0;2918.0;4911.0;8040.0;1233.0;1813.0;1295.0;2314.0;4093.0;7021.0;1139.0;1754.0;19.0;-9.0;18.0;-37.0
1677.0;2884.0;4860.0;7939.0;1211.0;1780.0;1271.0;2282.0;4019.0;6912.0;1129.0;1718.0;12.0;-8.0;23.0;-37.0
1665.0;2846.0;4791.0;7808.0;1199.0;1774.0;1266.0;2267.0;4014.0;6894.0;1118.0;1720.0;17.0;-8.0;20.0;-39.0
1665.0;2854.0;4821.0;7811.0;1204.0;1780.0;1270.0;2254.0;4011.0;6848.0;1119.0;1717.0;18.0;-8.0;34.0;-39.0
1659.0;2849.0;4772.0;7827.0;1191.0;1765.0;1265.0;2252.0;3992.0;6874.0;1110.0;1705.0;13.0;-8.0;15.0;-39.0
1646.0;2825.0;4768.0;7766.0;1195.0;1770.0;1262.0;2249.0;3980.0;6862.0;1111.0;1720.0;13.0;-5.0;13.0;-39.0
1649.0;2831.0;4794.0;7833.0;1204.0;1780.0;1270.0;2253.0;4023.0;6913.0;1119.0;1682.0;3.0;-8.0;14.0;-39.0
1615.0;2775.0;4673.0;7464.0;1164.0;1733.0;1238.0;2207.0;3899.0;6682.0;1081.0;1662.0;7.0;-10.0;21.0;-39.0
1614.0;2774.0;4543.0;7543.0;1166.0;1671.0;1196.0;2126.0;3749.0;6433.0;1032.0;1567.0;7.0;-10.0;22.0;-42.0
1568.0;2696.0;4524.0;7396.0;1139.0;1691.0;1216.0;2168.0;3832.0;6599.0;1074.0;1646.0;7.0;-11.0;21.0;-42.0
1608.0;2748.0;4637.0;7571.0;1161.0;1723.0;1225.0;2199.0;3896.0;6684.0;1094.0;1681.0;10.0;-11.0;22.0;-43.0
1637.0;2803.0;4715.0;7704.0;1177.0;1727.0;1240.0;2222.0;3925.0;6715.0;1087.0;1660.0;14.0;-10.0;20.0;-42.0
1612.0;2767.0;4658.0;7553.0;1157.0;1702.0;1215.0;2171.0;3823.0;6579.0;1067.0;1639.0;10.0;-8.0;22.0;-42.0
1589.0;2735.0;4599.0;7487.0;1147.0;1700.0;1195.0;2161.0;3812.0;6562.0;1064.0;1639.0;9.0;-8.0;22.0;-43.0
1596.0;2730.0;4591.0;7490.0;1143.0;1688.0;1216.0;2153.0;3820.0;6560.0;1063.0;1649.0;14.0;-8.0;29.0;-37.0
1593.0;2730.0;4600.0;7481.0;1150.0;1701.0;1209.0;2157.0;3808.0;6581.0;1063.0;1642.0;9.0;-8.0;26.0;-37.0
1582.0;2712.0;4592.0;7487.0;1147.0;1696.0;1204.0;2133.0;3823.0;6597.0;1068.0;1633.0;8.0;-10.0;17.0;-37.0
1609.0;2749.0;4627.0;7567.0;1161.0;1720.0;1234.0;2206.0;3900.0;6697.0;1087.0;1686.0;9.0;-12.0;23.0;-37.0
1637.0;2802.0;4744.0;7759.0;1195.0;1775.0;1272.0;2272.0;4036.0;6923.0;1124.0;1720.0;11.0;-12.0;21.0;-37.0
1681.0;2875.0;4845.0;7902.0;1211.0;1786.0;1278.0;2273.0;4016.0;6945.0;1126.0;1728.0;8.0;-12.0;20.0;-40.0
1669.0;2865.0;4824.0;7826.0;1202.0;1763.0;1268.0;2250.0;3963.0;6828.0;1111.0;1709.0;8.0;-12.0;18.0;-37.0
1658.0;2859.0;4808.0;7849.0;1203.0;1777.0;1279.0;2278.0;4020.0;6922.0;1125.0;1723.0;3.0;-12.0;14.0;-37.0
1683.0;2878.0;4849.0;7828.0;1198.0;1750.0;1256.0;2249.0;3967.0;6770.0;1097.0;1693.0;3.0;-11.0;18.0;-37.0
1640.0;2807.0;4729.0;7653.0;1179.0;1738.0;1252.0;2215.0;3932.0;6763.0;1092.0;1690.0;10.0;-8.0;21.0;-37.0
1641.0;2806.0;4730.0;7713.0;1198.0;1764.0;1286.0;2298.0;4039.0;6925.0;1115.0;1712.0;10.0;-8.0;29.0;-37.0
1690.0;2876.0;4841.0;7912.0;1199.0;1779.0;1280.0;2286.0;4027.0;6887.0;1116.0;1717.0;12.0;-7.0;26.0;-37.0
1672.0;2853.0;4806.0;7844.0;1203.0;1764.0;1276.0;2261.0;3971.0;6830.0;1098.0;1698.0;11.0;-7.0;20.0;-38.0
1636.0;2822.0;4760.0;7826.0;1205.0;1783.0;1295.0;2304.0;4062.0;6969.0;1124.0;1743.0;7.0;-7.0;16.0;-38.0
1691.0;2906.0;4891.0;7943.0;1220.0;1791.0;1280.0;2287.0;4016.0;6883.0;1118.0;1721.0;7.0;-9.0;16.0;-41.0
1676.0;2866.0;4816.0;7814.0;1196.0;1764.0;1276.0;2267.0;4007.0;6867.0;1115.0;1711.0;6.0;-11.0;17.0;-41.0
1673.0;2860.0;4788.0;7822.0;1198.0;1757.0;1283.0;2287.0;4015.0;6835.0;1106.0;1699.0;7.0;-11.0;14.0;-38.0
1663.0;2847.0;4780.0;7739.0;1187.0;1747.0;1268.0;2271.0;3994.0;6847.0;1111.0;1709.0;14.0;-11.0;14.0;-37.0
1680.0;2883.0;4826.0;7889.0;1206.0;1765.0;1281.0;2278.0;4020.0;6845.0;1109.0;1707.0;14.0;-10.0;16.0;-38.0
1679.0;2867.0;4788.0;7822.0;1194.0;1779.0;1301.0;2312.0;4060.0;6897.0;1130.0;1740.0;19.0;-10.0;21.0;-37.0
1720.0;2937.0;4910.0;8014.0;1224.0;1802.0;1307.0;2316.0;4090.0;6985.0;1131.0;1718.0;15.0;-10.0;18.0;-37.0
1684.0;2874.0;4858.0;7871.0;1205.0;1768.0;1280.0;2276.0;4014.0;6906.0;1112.0;1706.0;15.0;-10.0;25.0;-40.0
1675.0;2861.0;4788.0;7817.0;1190.0;1751.0;1269.0;2245.0;3977.0;6818.0;1105.0;1687.0;8.0;-9.0;18.0;-41.0
1662.0;2819.0;4753.0;7729.0;1180.0;1740.0;1257.0;2252.0;3949.0;6761.0;1091.0;1688.0;8.0;-11.0;31.0;-40.0
1648.0;2812.0;4722.0;7724.0;1175.0;1724.0;1249.0;2234.0;3934.0;6723.0;1090.0;1674.0;2.0;-9.0;20.0;-41.0
1638.0;2810.0;4727.0;7683.0;1179.0;1744.0;1263.0;2254.0;3929.0;6832.0;1086.0;1691.0;13.0;-8.0;28.0;-40.0
1666.0;2855.0;4793.0;7735.0;1187.0;1753.0;1264.0;2257.0;3972.0;6755.0;1097.0;1680.0;13.0;-8.0;26.0;-40.0
1661.0;2831.0;4768.0;7701.0;1173.0;1725.0;1247.0;2224.0;3910.0;6728.0;1088.0;1677.0;18.0;-11.0;26.0;-39.0
1666.0;2825.0;4763.0;7715.0;1175.0;1723.0;1261.0;2240.0;3943.0;6764.0;1093.0;1676.0;21.0;-12.0;28.0;-39.0
1656.0;2826.0;4750.0;7722.0;1181.0;1737.0;1262.0;2252.0;3957.0;6779.0;1090.0;1681.0;14.0;-15.0;24.0;-39.0
1642.0;2803.0;4708.0;7690.0;1182.0;1743.0;1267.0;2258.0;3970.0;6810.0;1098.0;1694.0;14.0;-15.0;23.0;-39.0
1658.0;2838.0;4778.0;7749.0;1193.0;1765.0;1268.0;2262.0;3991.0;6873.0;1090.0;1710.0;6.0;-12.0;19.0;-36.0
1680.0;2879.0;4823.0;7845.0;1197.0;1757.0;1274.0;2262.0;3954.0;6797.0;1094.0;1691.0;6.0;-15.0;23.0;-36.0
1663.0;2845.0;4766.0;7807.0;1195.0;1778.0;1287.0;2286.0;4012.0;6874.0;1113.0;1701.0;6.0;-13.0;19.0;-40.0
1681.0;2864.0;4834.0;7866.0;1208.0;1781.0;1292.0;2302.0;4057.0;6876.0;1118.0;1713.0;10.0;-11.0;13.0;-40.0
1688.0;2878.0;4848.0;7874.0;1208.0;1782.0;1297.0;2311.0;4073.0;6938.0;1124.0;1721.0;10.0;-11.0;19.0;-40.0
1696.0;2896.0;4879.0;7846.0;1211.0;1779.0;1291.0;2274.0;4032.0;6925.0;1114.0;1712.0;12.0;-11.0;22.0;-40.0
1690.0;2878.0;4855.0;7830.0;1203.0;1773.0;1295.0;2310.0;4044.0;6949.0;1117.0;1713.0;4.0;-10.0;17.0;-43.0
1692.0;2880.0;4822.0;7871.0;1208.0;1786.0;1289.0;2304.0;4073.0;6971.0;1122.0;1733.0;3.0;-8.0;17.0;-43.0
1698.0;2903.0;4871.0;7977.0;1222.0;1807.0;1315.0;2345.0;4129.0;7032.0;1143.0;1752.0;4.0;-10.0;21.0;-43.0
1725.0;2947.0;4937.0;8039.0;1232.0;1814.0;1326.0;2362.0;4129.0;7046.0;1138.0;1752.0;12.0;-8.0;20.0;-44.0
1735.0;2953.0;4937.0;8061.0;1221.0;1803.0;1325.0;2331.0;4147.0;7021.0;1132.0;1741.0;8.0;-10.0;16.0;-44.0
1725.0;2945.0;4951.0;8006.0;1236.0;1815.0;1337.0;2368.0;4135.0;7080.0;1143.0;1757.0;9.0;-12.0;23.0;-44.0
1732.0;2952.0;4947.0;8004.0;1227.0;1797.0;1319.0;2348.0;4126.0;7050.0;1141.0;1740.0;6.0;-12.0;22.0;-43.0
1723.0;2936.0;4892.0;7903.0;1219.0;1785.0;1311.0;2330.0;4086.0;6982.0;1127.0;1725.0;6.0;-11.0;15.0;-37.0
1703.0;2907.0;4891.0;7939.0;1204.0;1773.0;1305.0;2314.0;4039.0;6910.0;1116.0;1708.0;6.0;-11.0;13.0;-36.0
1689.0;2890.0;4849.0;7868.0;1207.0;1779.0;1305.0;2324.0;4077.0;6990.0;1127.0;1721.0;6.0;-10.0;22.0;-37.0
1722.0;2926.0;4925.0;7952.0;1215.0;1775.0;1309.0;2322.0;4081.0;6968.0;1122.0;1708.0;6.0;-9.0;24.0;-37.0
1717.0;2923.0;4874.0;7891.0;1202.0;1756.0;1293.0;2284.0;4019.0;6835.0;1103.0;1698.0;9.0;-9.0;22.0;-41.0
1677.0;2856.0;4793.0;7747.0;1181.0;1734.0;1278.0;2272.0;3999.0;6838.0;1094.0;1681.0;9.0;-9.0;23.0;-42.0
1675.0;2863.0;4777.0;7687.0;1177.0;1732.0;1272.0;2256.0;3960.0;6748.0;1091.0;1662.0;9.0;-9.0;16.0;-42.0
1649.0;2820.0;4727.0;7647.0;1169.0;1725.0;1262.0;2247.0;3932.0;6737.0;1079.0;1668.0;10.0;-9.0;23.0;-42.0
1645.0;2768.0;4693.0;7577.0;1158.0;1697.0;1248.0;2219.0;3891.0;6669.0;1075.0;1651.0;11.0;-10.0;25.0;-43.0
1636.0;2791.0;4710.0;7608.0;1165.0;1714.0;1257.0;2223.0;3916.0;6687.0;1078.0;1658.0;10.0;-11.0;20.0;-39.0
1643.0;2796.0;4729.0;7642.0;1172.0;1722.0;1269.0;2252.0;3959.0;6747.0;1088.0;1665.0;15.0;-10.0;28.0;-39.0
1646.0;2818.0;4716.0;7640.0;1161.0;1702.0;1249.0;2218.0;3898.0;6674.0;1078.0;1655.0;10.0;-11.0;24.0;-41.0
1646.0;2807.0;4703.0;7610.0;1159.0;1698.0;1233.0;2190.0;3871.0;6610.0;1072.0;1641.0;13.0;-11.0;15.0;-43.0
1623.0;2768.0;4647.0;7558.0;1154.0;1691.0;1247.0;2211.0;3874.0;6623.0;1069.0;1638.0;9.0;-13.0;22.0;-46.0
1623.0;2782.0;4680.0;7581.0;1161.0;1701.0;1254.0;2226.0;3897.0;6692.0;1079.0;1657.0;8.0;-13.0;22.0;-46.0
1634.0;2798.0;4694.0;7605.0;1160.0;1718.0;1259.0;2241.0;3914.0;6712.0;1091.0;1686.0;9.0;-13.0;25.0;-44.0
1668.0;2852.0;4755.0;7738.0;1180.0;1730.0;1272.0;2259.0;3972.0;6776.0;1094.0;1681.0;10.0;-11.0;24.0;-44.0
1669.0;2845.0;4778.0;7757.0;1184.0;1741.0;1281.0;2276.0;4001.0;6797.0;1103.0;1689.0;12.0;-13.0;23.0;-44.0
1697.0;2896.0;4867.0;7844.0;1196.0;1756.0;1301.0;2309.0;4046.0;6909.0;1116.0;1708.0;12.0;-13.0;19.0;-44.0
1702.0;2900.0;4832.0;7813.0;1196.0;1754.0;1291.0;2296.0;4028.0;6843.0;1105.0;1680.0;22.0;-15.0;23.0;-44.0
1672.0;2840.0;4760.0;7713.0;1182.0;1735.0;1287.0;2269.0;3982.0;6822.0;1104.0;1688.0;14.0;-15.0;34.0;-44.0
1678.0;2843.0;4782.0;7767.0;1186.0;1750.0;1309.0;2314.0;4079.0;6943.0;1117.0;1722.0;8.0;-15.0;23.0;-44.0
1710.0;2923.0;4903.0;7907.0;1204.0;1780.0;1318.0;2337.0;4084.0;6940.0;1117.0;1712.0;11.0;-15.0;26.0;-44.0
1715.0;2919.0;4902.0;7931.0;1211.0;1778.0;1317.0;2326.0;4090.0;6955.0;1121.0;1729.0;9.0;-12.0;20.0;-45.0
1729.0;2937.0;4910.0;7968.0;1217.0;1791.0;1315.0;2349.0;4094.0;6994.0;1131.0;1734.0;9.0;-12.0;20.0;-44.0
1738.0;2952.0;4941.0;8040.0;1225.0;1795.0;1333.0;2356.0;4137.0;7024.0;1130.0;1746.0;11.0;-14.0;29.0;-45.0
1732.0;2964.0;4959.0;8010.0;1224.0;1796.0;1334.0;2358.0;4117.0;7017.0;1134.0;1739.0;9.0;-14.0;15.0;-44.0
1738.0;2957.0;4912.0;7977.0;1212.0;1782.0;1318.0;2325.0;4073.0;6959.0;1116.0;1713.0;3.0;-14.0;13.0;-44.0
1692.0;2890.0;4831.0;7815.0;1200.0;1752.0;1308.0;2323.0;4038.0;6942.0;1125.0;1717.0;3.0;-14.0;15.0;-44.0
1715.0;2930.0;4892.0;7939.0;1217.0;1807.0;1342.0;2351.0;4152.0;7074.0;1140.0;1752.0;7.0;-14.0;19.0;-46.0
1769.0;3000.0;5050.0;8127.0;1239.0;1818.0;1360.0;2399.0;4202.0;7144.0;1155.0;1767.0;7.0;-14.0;22.0;-43.0
1761.0;2997.0;5017.0;8096.0;1246.0;1826.0;1352.0;2408.0;4216.0;7173.0;1163.0;1766.0;14.0;-14.0;15.0;-43.0
1760.0;3012.0;5020.0;8095.0;1233.0;1794.0;1323.0;2349.0;4114.0;7021.0;1132.0;1731.0;10.0;-10.0;23.0;-46.0
1733.0;2950.0;4943.0;8007.0;1223.0;1787.0;1326.0;2351.0;4120.0;7019.0;1131.0;1727.0;5.0;-10.0;15.0;-46.0
1733.0;2956.0;4934.0;7957.0;1216.0;1784.0;1338.0;2370.0;4138.0;7029.0;1135.0;1744.0;5.0;-9.0;14.0;-40.0
1743.0;2972.0;4960.0;7991.0;1217.0;1775.0;1318.0;2332.0;4105.0;6969.0;1123.0;1720.0;6.0;-9.0;13.0;-46.0
1708.0;2914.0;4863.0;7892.0;1207.0;1774.0;1310.0;2329.0;4084.0;6949.0;1126.0;1727.0;6.0;-7.0;28.0;-46.0
1728.0;2946.0;4919.0;7920.0;1210.0;1783.0;1311.0;2338.0;4082.0;6972.0;1120.0;1721.0;5.0;-12.0;14.0;-46.0
1734.0;2946.0;4911.0;7932.0;1205.0;1774.0;1312.0;2327.0;4064.0;6923.0;1111.0;1704.0;11.0;-8.0;23.0;-46.0
1711.0;2905.0;4860.0;7873.0;1194.0;1758.0;1306.0;2312.0;4040.0;6884.0;1108.0;1700.0;5.0;-12.0;14.0;-46.0
1724.0;2922.0;4876.0;7890.0;1202.0;1778.0;1322.0;2339.0;4099.0;6978.0;1123.0;1711.0;12.0;-12.0;14.0;-46.0
1713.0;2909.0;4851.0;7875.0;1197.0;1764.0;1327.0;2356.0;4107.0;6947.0;1121.0;1717.0;12.0;-14.0;14.0;-47.0
1721.0;2939.0;4902.0;7912.0;1204.0;1763.0;1314.0;2315.0;4037.0;6883.0;1104.0;1693.0;16.0;-15.0;13.0;-46.0
1688.0;2871.0;4811.0;7788.0;1188.0;1750.0;1307.0;2319.0;4012.0;6865.0;1101.0;1693.0;16.0;-15.0;33.0;-46.0
1692.0;2873.0;4800.0;7752.0;1190.0;1740.0;1295.0;2304.0;4030.0;6863.0;1098.0;1681.0;11.0;-15.0;28.0;-46.0
1696.0;2878.0;4826.0;7782.0;1190.0;1739.0;1299.0;2295.0;4020.0;6823.0;1100.0;1683.0;9.0;-13.0;28.0;-46.0
1683.0;2851.0;4774.0;7727.0;1184.0;1738.0;1299.0;2304.0;4045.0;6878.0;1105.0;1695.0;5.0;-13.0;16.0;-46.0
1702.0;2893.0;4838.0;7837.0;1198.0;1744.0;1313.0;2315.0;4067.0;6911.0;1103.0;1681.0;3.0;-12.0;16.0;-47.0
1693.0;2883.0;4808.0;7757.0;1180.0;1724.0;1286.0;2270.0;3964.0;6748.0;1099.0;1677.0;5.0;-10.0;16.0;-49.0
1673.0;2857.0;4777.0;7762.0;1187.0;1736.0;1292.0;2292.0;4014.0;6792.0;1091.0;1673.0;5.0;-9.0;19.0;-49.0
1683.0;2860.0;4786.0;7723.0;1178.0;1713.0;1278.0;2253.0;3964.0;6734.0;1082.0;1658.0;5.0;-10.0;25.0;-49.0
1662.0;2821.0;4709.0;7657.0;1167.0;1708.0;1268.0;2248.0;3947.0;6709.0;1077.0;1652.0;8.0;-10.0;21.0;-47.0
1651.0;2803.0;4688.0;7614.0;1162.0;1705.0;1270.0;2257.0;3946.0;6743.0;1089.0;1661.0;8.0;-12.0;18.0;-41.0
1668.0;2835.0;4734.0;7665.0;1163.0;1709.0;1270.0;2242.0;3931.0;6738.0;1084.0;1657.0;8.0;-12.0;15.0;-41.0
1673.0;2848.0;4734.0;7645.0;1166.0;1707.0;1278.0;2267.0;3953.0;6727.0;1075.0;1654.0;9.0;-17.0;19.0;-44.0
1648.0;2803.0;4699.0;7571.0;1163.0;1708.0;1265.0;2247.0;3934.0;6657.0;1084.0;1663.0;9.0;-16.0;23.0;-41.0
1661.0;2818.0;4716.0;7651.0;1169.0;1713.0;1268.0;2247.0;3933.0;6705.0;1086.0;1662.0;8.0;-16.0;16.0;-44.0
1669.0;2826.0;4724.0;7703.0;1171.0;1723.0;1268.0;2250.0;3928.0;6693.0;1091.0;1667.0;14.0;-16.0;21.0;-45.0
1672.0;2858.0;4772.0;7703.0;1181.0;1730.0;1290.0;2277.0;3995.0;6809.0;1103.0;1675.0;11.0;-16.0;19.0;-45.0
1691.0;2880.0;4812.0;7772.0;1184.0;1743.0;1289.0;2279.0;3997.0;6800.0;1096.0;1679.0;11.0;-16.0;26.0;-45.0
1686.0;2875.0;4803.0;7788.0;1181.0;1738.0;1289.0;2282.0;3999.0;6813.0;1093.0;1687.0;22.0;-15.0;27.0;-45.0
1688.0;2875.0;4783.0;7722.0;1178.0;1727.0;1276.0;2266.0;3977.0;6777.0;1087.0;1668.0;4.0;-15.0;25.0;-42.0
1672.0;2842.0;4745.0;7712.0;1173.0;1711.0;1260.0;2248.0;3941.0;6730.0;1087.0;1656.0;6.0;-15.0;25.0;-42.0
1673.0;2846.0;4746.0;7601.0;1159.0;1707.0;1249.0;2214.0;3923.0;6700.0;1079.0;1652.0;6.0;-14.0;22.0;-41.0
1664.0;2822.0;4708.0;7644.0;1165.0;1710.0;1271.0;2257.0;3926.0;6691.0;1083.0;1671.0;12.0;-14.0;22.0;-41.0
1679.0;2854.0;4770.0;7647.0;1172.0;1722.0;1280.0;2262.0;3953.0;6744.0;1087.0;1674.0;12.0;-13.0;29.0;-41.0
1680.0;2864.0;4792.0;7689.0;1179.0;1724.0;1274.0;2274.0;3963.0;6736.0;1086.0;1657.0;16.0;-13.0;32.0;-42.0
1675.0;2837.0;4734.0;7630.0;1161.0;1734.0;1294.0;2297.0;3999.0;6836.0;1101.0;1683.0;11.0;-12.0;19.0;-42.0
1681.0;2868.0;4764.0;7714.0;1174.0;1736.0;1299.0;2300.0;4027.0;6869.0;1097.0;1676.0;16.0;-12.0;24.0;-43.0
1677.0;2851.0;4776.0;7753.0;1182.0;1742.0;1290.0;2284.0;4006.0;6835.0;1097.0;1681.0;11.0;-13.0;23.0;-43.0
1715.0;2898.0;4848.0;7775.0;1180.0;1731.0;1281.0;2270.0;3987.0;6772.0;1090.0;1677.0;11.0;-12.0;23.0;-44.0
1691.0;2856.0;4790.0;7738.0;1170.0;1720.0;1278.0;2262.0;3960.0;6748.0;1073.0;1662.0;14.0;-12.0;28.0;-44.0
1671.0;2835.0;4738.0;7642.0;1163.0;1711.0;1276.0;2264.0;3956.0;6736.0;1087.0;1668.0;11.0;-11.0;22.0;-44.0
1660.0;2834.0;4739.0;7719.0;1178.0;1730.0;1286.0;2278.0;3978.0;6796.0;1090.0;1676.0;8.0;-11.0;25.0;-44.0
1678.0;2858.0;4755.0;7656.0;1178.0;1730.0;1284.0;2268.0;3960.0;6747.0;1090.0;1670.0;8.0;-11.0;17.0;-42.0
1678.0;2860.0;4789.0;7718.0;1170.0;1723.0;1294.0;2285.0;3990.0;6750.0;1091.0;1667.0;8.0;-12.0;25.0;-42.0
1683.0;2866.0;4796.0;7772.0;1185.0;1755.0;1308.0;2304.0;4054.0;6908.0;1110.0;1705.0;8.0;-13.0;17.0;-42.0
1725.0;2937.0;4887.0;7846.0;1198.0;1755.0;1304.0;2318.0;4051.0;6868.0;1109.0;1697.0;9.0;-13.0;30.0;-45.0
1708.0;2897.0;4833.0;7834.0;1191.0;1745.0;1315.0;2315.0;4037.0;6880.0;1108.0;1696.0;8.0;-13.0;26.0;-45.0
1693.0;2891.0;4837.0;7830.0;1189.0;1756.0;1302.0;2305.0;3950.0;6838.0;1102.0;1695.0;12.0;-13.0;33.0;-45.0
1705.0;2893.0;4848.0;7807.0;1189.0;1734.0;1297.0;2298.0;4038.0;6876.0;1107.0;1694.0;2.0;-20.0;21.0;-43.0
1708.0;2898.0;4855.0;7862.0;1198.0;1765.0;1324.0;2334.0;4080.0;6954.0;1112.0;1701.0;13.0;-20.0;21.0;-43.0
1721.0;2926.0;4872.0;7857.0;1203.0;1756.0;1300.0;2312.0;4054.0;6871.0;1110.0;1707.0;7.0;-20.0;18.0;-43.0
1711.0;2921.0;4874.0;7854.0;1195.0;1757.0;1308.0;2310.0;4067.0;6903.0;1113.0;1718.0;11.0;-14.0;20.0;-42.0
1742.0;2951.0;4924.0;7939.0;1203.0;1759.0;1317.0;2333.0;4051.0;6913.0;1105.0;1677.0;7.0;-14.0;25.0;-42.0
1698.0;2893.0;4837.0;7808.0;1191.0;1749.0;1313.0;2321.0;4052.0;6884.0;1107.0;1682.0;5.0;-12.0;13.0;-44.0
1695.0;2880.0;4828.0;7793.0;1185.0;1737.0;1302.0;2314.0;4055.0;6837.0;1095.0;1682.0;5.0;-12.0;11.0;-44.0
1700.0;2906.0;4864.0;7818.0;1193.0;1751.0;1301.0;2306.0;4052.0;6885.0;1102.0;1692.0;5.0;-16.0;17.0;-44.0
1705.0;2901.0;4821.0;7812.0;1190.0;1740.0;1299.0;2304.0;4050.0;6886.0;1096.0;1672.0;11.0;-16.0;21.0;-44.0
1679.0;2843.0;4740.0;7684.0;1169.0;1713.0;1278.0;2261.0;3937.0;6699.0;1078.0;1648.0;9.0;-12.0;17.0;-42.0
1656.0;2817.0;4723.0;7619.0;1162.0;1709.0;1286.0;2266.0;3976.0;6742.0;1077.0;1652.0;13.0;-11.0;17.0;-42.0
1665.0;2828.0;4701.0;7621.0;1160.0;1696.0;1272.0;2243.0;3903.0;6624.0;1073.0;1630.0;2.0;-8.0;16.0;-44.0
1653.0;2814.0;4687.0;7539.0;1150.0;1684.0;1267.0;2238.0;3915.0;6608.0;1065.0;1622.0;2.0;-8.0;12.0;-42.0
1628.0;2784.0;4612.0;7476.0;1142.0;1683.0;1266.0;2239.0;3907.0;6641.0;1070.0;1639.0;1.0;-8.0;14.0;-46.0
1641.0;2784.0;4655.0;7528.0;1148.0;1682.0;1259.0;2231.0;3902.0;6629.0;1060.0;1634.0;2.0;-11.0;15.0;-46.0
1649.0;2792.0;4658.0;7554.0;1145.0;1691.0;1248.0;2221.0;3892.0;6622.0;1066.0;1636.0;6.0;-11.0;17.0;-46.0
1637.0;2801.0;4673.0;7544.0;1145.0;1672.0;1251.0;2206.0;3864.0;6548.0;1055.0;1624.0;8.0;-11.0;26.0;-43.0
1639.0;2785.0;4625.0;7474.0;1138.0;1662.0;1245.0;2214.0;3869.0;6587.0;1056.0;1614.0;6.0;-11.0;23.0;-46.0
1632.0;2770.0;4624.0;7465.0;1141.0;1666.0;1249.0;2207.0;3858.0;6587.0;1051.0;1613.0;8.0;-10.0;23.0;-45.0
1619.0;2742.0;4594.0;7436.0;1138.0;1669.0;1243.0;2206.0;3889.0;6601.0;1058.0;1613.0;7.0;-10.0;25.0;-45.0
1634.0;2777.0;4648.0;7509.0;1141.0;1686.0;1261.0;2236.0;3915.0;6695.0;1075.0;1632.0;8.0;-10.0;14.0;-43.0
1633.0;2784.0;4662.0;7549.0;1148.0;1689.0;1257.0;2210.0;3908.0;6648.0;1072.0;1642.0;11.0;-11.0;15.0;-45.0
1653.0;2813.0;4702.0;7627.0;1169.0;1713.0;1288.0;2278.0;3976.0;6745.0;1077.0;1660.0;11.0;-14.0;20.0;-45.0
1668.0;2840.0;4735.0;7605.0;1165.0;1699.0;1270.0;2216.0;3929.0;6662.0;1076.0;1654.0;11.0;-14.0;21.0;-45.0
1662.0;2840.0;4733.0;7675.0;1166.0;1713.0;1278.0;2268.0;3958.0;6774.0;1094.0;1668.0;6.0;-11.0;30.0;-45.0
1689.0;2868.0;4773.0;7720.0;1171.0;1725.0;1288.0;2271.0;3955.0;6700.0;1079.0;1646.0;9.0;-11.0;14.0;-47.0
1676.0;2830.0;4735.0;7637.0;1160.0;1713.0;1281.0;2255.0;3937.0;6692.0;1079.0;1654.0;8.0;-14.0;14.0;-45.0
1663.0;2827.0;4708.0;7673.0;1164.0;1695.0;1271.0;2245.0;3950.0;6705.0;1079.0;1646.0;11.0;-12.0;18.0;-45.0
1672.0;2833.0;4740.0;7610.0;1155.0;1695.0;1258.0;2231.0;3915.0;6662.0;1069.0;1625.0;8.0;-12.0;20.0;-43.0
1658.0;2808.0;4683.0;7549.0;1150.0;1681.0;1261.0;2237.0;3914.0;6655.0;1068.0;1624.0;5.0;-15.0;18.0;-42.0
1649.0;2808.0;4672.0;7587.0;1157.0;1707.0;1280.0;2273.0;3989.0;6766.0;1082.0;1666.0;4.0;-12.0;17.0;-41.0
1679.0;2862.0;4789.0;7675.0;1172.0;1725.0;1286.0;2271.0;3958.0;6773.0;1098.0;1670.0;5.0;-12.0;16.0;-42.0
1690.0;2862.0;4783.0;7708.0;1174.0;1729.0;1294.0;2286.0;3989.0;6796.0;1087.0;1668.0;7.0;-11.0;16.0;-42.0
1683.0;2859.0;4782.0;7717.0;1173.0;1719.0;1280.0;2277.0;3975.0;6775.0;1083.0;1665.0;6.0;-12.0;18.0;-44.0
1687.0;2868.0;4759.0;7704.0;1167.0;1704.0;1267.0;2244.0;3931.0;6667.0;1076.0;1651.0;9.0;-12.0;20.0;-44.0
1664.0;2831.0;4723.0;7601.0;1157.0;1697.0;1276.0;2251.0;3952.0;6673.0;1071.0;1646.0;17.0;-11.0;17.0;-46.0
1672.0;2842.0;4733.0;7651.0;1173.0;1724.0;1290.0;2280.0;3994.0;6816.0;1091.0;1674.0;12.0;-12.0;25.0;-46.0
1695.0;2864.0;4775.0;7684.0;1167.0;1709.0;1276.0;2263.0;3980.0;6770.0;1087.0;1658.0;9.0;-12.0;13.0;-44.0
1677.0;2841.0;4765.0;7694.0;1166.0;1702.0;1282.0;2253.0;3938.0;6724.0;1079.0;1649.0;9.0;-12.0;11.0;-43.0
1670.0;2833.0;4730.0;7636.0;1162.0;1693.0;1282.0;2263.0;3952.0;6718.0;1084.0;1655.0;6.0;-12.0;22.0;-43.0
1677.0;2852.0;4722.0;7665.0;1162.0;1703.0;1295.0;2277.0;3964.0;6752.0;1087.0;1659.0;11.0;-12.0;30.0;-43.0
1671.0;2824.0;4731.0;7671.0;1172.0;1735.0;1308.0;2317.0;4042.0;6822.0;1099.0;1678.0;13.0;-12.0;19.0;-43.0
1694.0;2890.0;4799.0;7763.0;1175.0;1725.0;1288.0;2274.0;3991.0;6705.0;1090.0;1673.0;11.0;-14.0;17.0;-48.0
1678.0;2857.0;4768.0;7717.0;1182.0;1733.0;1290.0;2295.0;4005.0;6839.0;1100.0;1687.0;21.0;-14.0;24.0;-48.0
1690.0;2876.0;4806.0;7787.0;1185.0;1747.0;1314.0;2319.0;4053.0;6909.0;1106.0;1691.0;10.0;-13.0;22.0;-48.0
1703.0;2887.0;4848.0;7783.0;1186.0;1745.0;1314.0;2308.0;4022.0;6837.0;1091.0;1663.0;11.0;-13.0;18.0;-47.0
1688.0;2869.0;4785.0;7722.0;1170.0;1713.0;1296.0;2287.0;3975.0;6759.0;1083.0;1667.0;4.0;-13.0;17.0;-48.0
1688.0;2858.0;4784.0;7695.0;1177.0;1734.0;1309.0;2307.0;4031.0;6832.0;1097.0;1687.0;4.0;-13.0;16.0;-47.0
1704.0;2917.0;4834.0;7795.0;1182.0;1732.0;1313.0;2316.0;4068.0;6870.0;1099.0;1686.0;4.0;-15.0;12.0;-47.0
1691.0;2858.0;4784.0;7732.0;1175.0;1734.0;1304.0;2302.0;4003.0;6817.0;1094.0;1682.0;5.0;-15.0;17.0;-44.0
1700.0;2890.0;4797.0;7729.0;1176.0;1720.0;1306.0;2298.0;4007.0;6765.0;1084.0;1658.0;9.0;-15.0;29.0;-44.0
1684.0;2852.0;4742.0;7624.0;1156.0;1697.0;1286.0;2255.0;3959.0;6682.0;1080.0;1643.0;14.0;-15.0;19.0;-43.0
1684.0;2856.0;4756.0;7672.0;1165.0;1699.0;1284.0;2270.0;3948.0;6684.0;1070.0;1631.0;20.0;-16.0;21.0;-44.0
1656.0;2808.0;4702.0;7564.0;1150.0;1687.0;1269.0;2247.0;3925.0;6671.0;1068.0;1629.0;10.0;-14.0;15.0;-51.0
1651.0;2798.0;4669.0;7531.0;1148.0;1681.0;1273.0;2245.0;3939.0;6635.0;1064.0;1626.0;11.0;-14.0;14.0;-51.0
1644.0;2789.0;4633.0;7517.0;1141.0;1650.0;1248.0;2204.0;3850.0;6460.0;1060.0;1606.0;11.0;-11.0;20.0;-51.0
1644.0;2804.0;4686.0;7539.0;1156.0;1704.0;1285.0;2276.0;3963.0;6739.0;1083.0;1654.0;16.0;-10.0;28.0;-51.0
1682.0;2844.0;4758.0;7672.0;1162.0;1704.0;1271.0;2266.0;3941.0;6677.0;1069.0;1639.0;17.0;-10.0;25.0;-49.0
1665.0;2842.0;4746.0;7637.0;1157.0;1691.0;1269.0;2241.0;3907.0;6654.0;1070.0;1644.0;19.0;-10.0;24.0;-48.0
1668.0;2843.0;4718.0;7591.0;1152.0;1695.0;1283.0;2266.0;3971.0;6707.0;1074.0;1652.0;17.0;-11.0;23.0;-48.0
1681.0;2849.0;4747.0;7632.0;1159.0;1708.0;1274.0;2254.0;3945.0;6705.0;1088.0;1666.0;22.0;-10.0;23.0;-46.0
1686.0;2871.0;4763.0;7696.0;1176.0;1722.0;1292.0;2297.0;4004.0;6824.0;1093.0;1679.0;16.0;-13.0;23.0;-48.0
1693.0;2881.0;4822.0;7751.0;1180.0;1721.0;1294.0;2302.0;4004.0;6796.0;1089.0;1683.0;14.0;-13.0;20.0;-47.0
1708.0;2888.0;4829.0;7803.0;1187.0;1753.0;1310.0;2328.0;4058.0;6891.0;1108.0;1683.0;14.0;-13.0;18.0;-46.0
1714.0;2910.0;4855.0;7828.0;1188.0;1747.0;1302.0;2304.0;4016.0;6854.0;1099.0;1681.0;11.0;-13.0;17.0;-42.0
1693.0;2887.0;4824.0;7792.0;1177.0;1731.0;1302.0;2303.0;4039.0;6831.0;1104.0;1669.0;8.0;-13.0;28.0;-46.0
1706.0;2877.0;4797.0;7703.0;1176.0;1717.0;1302.0;2295.0;4004.0;6794.0;1085.0;1653.0;6.0;-13.0;29.0;-46.0
1690.0;2862.0;4765.0;7663.0;1157.0;1701.0;1293.0;2273.0;3972.0;6729.0;1071.0;1635.0;5.0;-12.0;20.0;-46.0
1668.0;2835.0;4729.0;7607.0;1154.0;1689.0;1290.0;2269.0;3951.0;6698.0;1072.0;1634.0;5.0;-12.0;16.0;-46.0
1668.0;2826.0;4709.0;7572.0;1149.0;1682.0;1275.0;2245.0;3891.0;6630.0;1069.0;1636.0;10.0;-11.0;23.0;-47.0
1667.0;2823.0;4740.0;7596.0;1161.0;1697.0;1275.0;2259.0;3907.0;6685.0;1075.0;1635.0;6.0;-11.0;11.0;-47.0
1665.0;2830.0;4712.0;7598.0;1158.0;1697.0;1285.0;2272.0;3964.0;6745.0;1078.0;1645.0;9.0;-12.0;17.0;-46.0
1673.0;2851.0;4767.0;7635.0;1163.0;1707.0;1277.0;2259.0;3966.0;6757.0;1083.0;1654.0;6.0;-13.0;15.0;-46.0
1671.0;2838.0;4762.0;7685.0;1157.0;1722.0;1284.0;2278.0;3979.0;6715.0;1082.0;1655.0;6.0;-13.0;20.0;-45.0
1685.0;2856.0;4766.0;7646.0;1163.0;1695.0;1272.0;2255.0;3946.0;6694.0;1072.0;1635.0;5.0;-13.0;20.0;-45.0
1680.0;2849.0;4739.0;7580.0;1154.0;1699.0;1271.0;2237.0;3928.0;6683.0;1069.0;1649.0;13.0;-13.0;25.0;-45.0
1674.0;2841.0;4749.0;7675.0;1171.0;1718.0;1296.0;2292.0;4015.0;6845.0;1094.0;1671.0;14.0;-13.0;24.0;-46.0
1688.0;2874.0;4781.0;7720.0;1167.0;1711.0;1285.0;2278.0;3988.0;6738.0;1084.0;1658.0;22.0;-14.0;32.0;-46.0
1680.0;2856.0;4752.0;7617.0;1165.0;1698.0;1294.0;2274.0;3976.0;6711.0;1079.0;1645.0;4.0;-14.0;18.0;-46.0
1674.0;2837.0;4752.0;7601.0;1164.0;1701.0;1286.0;2273.0;3946.0;6752.0;1084.0;1662.0;4.0;-12.0;19.0;-44.0
1689.0;2873.0;4753.0;7738.0;1169.0;1713.0;1292.0;2288.0;3995.0;6770.0;1091.0;1670.0;4.0;-12.0;19.0;-44.0
1685.0;2874.0;4773.0;7727.0;1175.0;1721.0;1296.0;2287.0;4016.0;6820.0;1086.0;1670.0;15.0;-11.0;22.0;-43.0
1680.0;2843.0;4730.0;7653.0;1163.0;1704.0;1273.0;2256.0;3938.0;6641.0;1071.0;1645.0;11.0;-11.0;26.0;-43.0
1664.0;2832.0;4705.0;7611.0;1167.0;1706.0;1285.0;2278.0;3994.0;6779.0;1087.0;1671.0;15.0;-15.0;28.0;-44.0
1696.0;2885.0;4833.0;7748.0;1172.0;1720.0;1306.0;2302.0;4010.0;6820.0;1088.0;1654.0;11.0;-15.0;18.0;-46.0
1683.0;2854.0;4747.0;7605.0;1163.0;1694.0;1284.0;2250.0;3947.0;6682.0;1076.0;1638.0;13.0;-13.0;20.0;-46.0
1663.0;2827.0;4722.0;7591.0;1155.0;1694.0;1269.0;2250.0;3919.0;6636.0;1071.0;1646.0;8.0;-15.0;16.0;-50.0
1676.0;2833.0;4723.0;7589.0;1160.0;1703.0;1287.0;2267.0;3949.0;6694.0;1073.0;1645.0;18.0;-13.0;25.0;-50.0
1667.0;2840.0;4732.0;7666.0;1169.0;1698.0;1281.0;2249.0;3943.0;6704.0;1075.0;1656.0;11.0;-13.0;25.0;-50.0
1685.0;2873.0;4757.0;7665.0;1161.0;1702.0;1273.0;2249.0;3915.0;6667.0;1070.0;1646.0;18.0;-15.0;30.0;-50.0
1673.0;2839.0;4742.0;7638.0;1165.0;1716.0;1292.0;2295.0;3988.0;6750.0;1085.0;1660.0;15.0;-15.0;29.0;-49.0
1698.0;2840.0;4774.0;7698.0;1172.0;1712.0;1291.0;2293.0;3995.0;6761.0;1089.0;1657.0;6.0;-16.0;18.0;-49.0
1696.0;2882.0;4787.0;7694.0;1171.0;1713.0;1284.0;2268.0;3973.0;6754.0;1081.0;1662.0;7.0;-16.0;25.0;-49.0
1678.0;2850.0;4778.0;7733.0;1179.0;1733.0;1302.0;2303.0;4006.0;6834.0;1094.0;1673.0;6.0;-13.0;15.0;-49.0
1675.0;2858.0;4770.0;7735.0;1175.0;1717.0;1292.0;2282.0;3987.0;6744.0;1090.0;1666.0;2.0;-13.0;20.0;-50.0
1691.0;2870.0;4784.0;7771.0;1178.0;1721.0;1296.0;2283.0;3978.0;6770.0;1085.0;1664.0;2.0;-13.0;29.0;-50.0
1693.0;2879.0;4784.0;7730.0;1175.0;1719.0;1294.0;2277.0;4002.0;6766.0;1089.0;1672.0;5.0;-7.0;22.0;-49.0
1712.0;2914.0;4846.0;7804.0;1182.0;1734.0;1298.0;2267.0;4013.0;6811.0;1073.0;1676.0;6.0;-12.0;18.0;-49.0
1724.0;2922.0;4846.0;7781.0;1189.0;1727.0;1321.0;2327.0;4050.0;6849.0;1094.0;1672.0;5.0;-10.0;22.0;-46.0
1707.0;2887.0;4819.0;7776.0;1180.0;1731.0;1312.0;2316.0;4039.0;6832.0;1095.0;1674.0;4.0;-10.0;20.0;-46.0
1700.0;2876.0;4816.0;7732.0;1175.0;1725.0;1299.0;2301.0;4005.0;6809.0;1087.0;1666.0;16.0;-11.0;24.0;-46.0
1700.0;2879.0;4808.0;7776.0;1178.0;1731.0;1309.0;2309.0;4037.0;6833.0;1097.0;1669.0;13.0;-12.0;27.0;-46.0
1699.0;2887.0;4825.0;7761.0;1181.0;1739.0;1310.0;2303.0;4029.0;6868.0;1110.0;1688.0;13.0;-15.0;24.0;-46.0
1719.0;2910.0;4840.0;7801.0;1186.0;1746.0;1319.0;2333.0;4058.0;6891.0;1100.0;1678.0;13.0;-15.0;25.0;-47.0
1722.0;2923.0;4839.0;7801.0;1183.0;1738.0;1317.0;2337.0;4065.0;6868.0;1104.0;1687.0;7.0;-15.0;18.0;-47.0
1713.0;2911.0;4842.0;7811.0;1177.0;1724.0;1318.0;2311.0;4036.0;6798.0;1086.0;1659.0;4.0;-16.0;27.0;-47.0
1699.0;2895.0;4818.0;7722.0;1174.0;1721.0;1321.0;2329.0;4041.0;6832.0;1092.0;1659.0;4.0;-16.0;22.0;-47.0
1710.0;2899.0;4814.0;7751.0;1170.0;1713.0;1300.0;2293.0;3988.0;6772.0;1080.0;1649.0;15.0;-16.0;18.0;-47.0
1685.0;2859.0;4762.0;7670.0;1160.0;1705.0;1289.0;2284.0;3980.0;6757.0;1085.0;1652.0;16.0;-13.0;24.0;-45.0
1689.0;2858.0;4795.0;7683.0;1161.0;1697.0;1291.0;2278.0;3933.0;6716.0;1070.0;1639.0;15.0;-15.0;22.0;-43.0
1700.0;2858.0;4741.0;7645.0;1151.0;1679.0;1285.0;2251.0;3930.0;6608.0;1064.0;1631.0;16.0;-13.0;20.0;-42.0
1668.0;2817.0;4678.0;7547.0;1144.0;1672.0;1261.0;2231.0;3873.0;6611.0;1058.0;1627.0;16.0;-9.0;18.0;-42.0
1661.0;2800.0;4675.0;7551.0;1142.0;1672.0;1273.0;2233.0;3906.0;6622.0;1064.0;1616.0;25.0;-13.0;23.0;-42.0
1666.0;2838.0;4703.0;7577.0;1151.0;1675.0;1268.0;2235.0;3907.0;6627.0;1062.0;1627.0;17.0;-15.0;26.0;-42.0
1657.0;2819.0;4676.0;7554.0;1146.0;1677.0;1268.0;2248.0;3905.0;6610.0;1062.0;1628.0;17.0;-10.0;23.0;-41.0
1660.0;2820.0;4727.0;7545.0;1151.0;1686.0;1263.0;2239.0;3932.0;6671.0;1065.0;1638.0;13.0;-10.0;26.0;-42.0
1667.0;2823.0;4716.0;7601.0;1153.0;1701.0;1296.0;2290.0;3976.0;6751.0;1081.0;1643.0;17.0;-10.0;27.0;-42.0
1681.0;2842.0;4703.0;7592.0;1153.0;1679.0;1278.0;2259.0;3917.0;6626.0;1062.0;1631.0;12.0;-10.0;28.0;-45.0
1675.0;2834.0;4748.0;7596.0;1150.0;1690.0;1282.0;2270.0;3962.0;6759.0;1078.0;1651.0;14.0;-10.0;22.0;-45.0
1683.0;2853.0;4743.0;7702.0;1160.0;1699.0;1278.0;2261.0;3939.0;6679.0;1074.0;1638.0;14.0;-10.0;22.0;-47.0
1675.0;2841.0;4749.0;7626.0;1167.0;1722.0;1307.0;2308.0;4012.0;6802.0;1096.0;1677.0;15.0;-10.0;26.0;-47.0
1700.0;2894.0;4839.0;7797.0;1177.0;1732.0;1316.0;2315.0;4050.0;6856.0;1097.0;1666.0;9.0;-10.0;18.0;-47.0
1713.0;2912.0;4842.0;7751.0;1181.0;1731.0;1310.0;2321.0;4057.0;6872.0;1100.0;1669.0;8.0;-10.0;22.0;-42.0
1722.0;2912.0;4847.0;7823.0;1181.0;1727.0;1308.0;2319.0;3991.0;6833.0;1090.0;1651.0;8.0;-10.0;20.0;-44.0
1695.0;2887.0;4793.0;7768.0;1173.0;1706.0;1287.0;2277.0;3969.0;6739.0;1082.0;1658.0;8.0;-10.0;23.0;-44.0
1701.0;2883.0;4790.0;7736.0;1175.0;1726.0;1307.0;2311.0;4016.0;6783.0;1095.0;1649.0;15.0;-11.0;20.0;-44.0
1713.0;2901.0;4828.0;7716.0;1175.0;1723.0;1328.0;2329.0;4032.0;6831.0;1093.0;1668.0;8.0;-11.0;31.0;-44.0
1709.0;2894.0;4790.0;7731.0;1169.0;1723.0;1287.0;2283.0;3967.0;6766.0;1086.0;1664.0;15.0;-11.0;25.0;-44.0
1683.0;2857.0;4780.0;7711.0;1174.0;1722.0;1310.0;2324.0;4041.0;6848.0;1095.0;1674.0;21.0;-11.0;28.0;-44.0
1706.0;2904.0;4815.0;7754.0;1182.0;1726.0;1313.0;2302.0;4032.0;6791.0;1092.0;1650.0;6.0;-12.0;25.0;-44.0
1731.0;2912.0;4826.0;7752.0;1177.0;1722.0;1311.0;2308.0;4029.0;6794.0;1092.0;1671.0;12.0;-13.0;25.0;-44.0
1716.0;2905.0;4820.0;7793.0;1182.0;1734.0;1303.0;2291.0;4014.0;6790.0;1092.0;1669.0;5.0;-13.0;11.0;-44.0
1713.0;2898.0;4827.0;7795.0;1175.0;1723.0;1304.0;2314.0;4035.0;6831.0;1097.0;1672.0;5.0;-12.0;25.0;-45.0
1728.0;2936.0;4875.0;7835.0;1190.0;1735.0;1326.0;2333.0;4052.0;6867.0;1097.0;1673.0;5.0;-15.0;25.0;-46.0
1724.0;2928.0;4838.0;7780.0;1179.0;1728.0;1326.0;2329.0;4036.0;6840.0;1097.0;1679.0;7.0;-12.0;29.0;-46.0
1726.0;2929.0;4859.0;7816.0;1190.0;1741.0;1330.0;2346.0;4004.0;6919.0;1103.0;1666.0;9.0;-9.0;26.0;-47.0
1724.0;2934.0;4867.0;7798.0;1185.0;1738.0;1319.0;2319.0;4063.0;6910.0;1098.0;1683.0;11.0;-9.0;26.0;-47.0
1733.0;2930.0;4887.0;7811.0;1190.0;1740.0;1335.0;2361.0;4104.0;6925.0;1107.0;1692.0;9.0;-15.0;27.0;-47.0
1726.0;2922.0;4867.0;7771.0;1176.0;1725.0;1312.0;2315.0;4014.0;6792.0;1090.0;1656.0;11.0;-9.0;20.0;-47.0
1706.0;2892.0;4799.0;7743.0;1182.0;1723.0;1307.0;2307.0;4024.0;6804.0;1096.0;1679.0;6.0;-9.0;20.0;-47.0
1717.0;2910.0;4861.0;7775.0;1177.0;1719.0;1319.0;2323.0;4039.0;6817.0;1084.0;1655.0;3.0;-15.0;25.0;-47.0
1717.0;2890.0;4790.0;7742.0;1165.0;1701.0;1298.0;2287.0;3967.0;6710.0;1079.0;1658.0;3.0;-12.0;18.0;-46.0
1694.0;2876.0;4780.0;7697.0;1166.0;1709.0;1306.0;2301.0;4025.0;6781.0;1081.0;1658.0;5.0;-12.0;17.0;-46.0
1692.0;2880.0;4780.0;7690.0;1174.0;1718.0;1313.0;2291.0;3992.0;6792.0;1088.0;1664.0;5.0;-12.0;17.0;-44.0
1708.0;2895.0;4822.0;7762.0;1170.0;1704.0;1299.0;2298.0;3971.0;6695.0;1079.0;1646.0;5.0;-12.0;16.0;-44.0
1704.0;2871.0;4750.0;7662.0;1152.0;1693.0;1278.0;2260.0;3958.0;6748.0;1080.0;1641.0;17.0;-12.0;22.0;-44.0
1675.0;2848.0;4730.0;7663.0;1161.0;1698.0;1293.0;2287.0;3976.0;6733.0;1075.0;1636.0;20.0;-12.0;20.0;-42.0
1678.0;2841.0;4734.0;7568.0;1147.0;1685.0;1267.0;2260.0;3915.0;6668.0;1066.0;1621.0;14.0;-12.0;16.0;-40.0
1662.0;2834.0;4716.0;7613.0;1152.0;1687.0;1291.0;2280.0;3943.0;6702.0;1076.0;1645.0;14.0;-12.0;23.0;-40.0
1674.0;2841.0;4740.0;7635.0;1155.0;1705.0;1282.0;2268.0;3961.0;6695.0;1077.0;1651.0;7.0;-15.0;27.0;-44.0
1689.0;2857.0;4756.0;7671.0;1156.0;1697.0;1292.0;2276.0;3969.0;6769.0;1078.0;1656.0;7.0;-16.0;22.0;-44.0
1697.0;2872.0;4784.0;7690.0;1164.0;1702.0;1293.0;2290.0;3986.0;6754.0;1085.0;1651.0;7.0;-16.0;27.0;-46.0
1705.0;2894.0;4804.0;7683.0;1165.0;1708.0;1297.0;2255.0;3981.0;6725.0;1084.0;1654.0;7.0;-16.0;22.0;-48.0
1697.0;2867.0;4763.0;7675.0;1169.0;1706.0;1304.0;2300.0;3947.0;6778.0;1086.0;1656.0;11.0;-16.0;22.0;-48.0
1713.0;2902.0;4822.0;7730.0;1169.0;1692.0;1288.0;2278.0;3961.0;6707.0;1072.0;1642.0;8.0;-15.0;26.0;-47.0
1680.0;2845.0;4719.0;7610.0;1152.0;1691.0;1286.0;2268.0;3962.0;6709.0;1074.0;1631.0;14.0;-13.0;24.0;-47.0
1678.0;2838.0;4725.0;7615.0;1151.0;1694.0;1290.0;2274.0;3959.0;6709.0;1066.0;1643.0;9.0;-13.0;16.0;-47.0
1686.0;2869.0;4756.0;7675.0;1161.0;1701.0;1293.0;2272.0;3973.0;6744.0;1079.0;1652.0;11.0;-12.0;21.0;-44.0
1683.0;2857.0;4766.0;7662.0;1157.0;1703.0;1303.0;2295.0;3973.0;6722.0;1074.0;1639.0;3.0;-12.0;21.0;-47.0
1684.0;2849.0;4756.0;7655.0;1163.0;1698.0;1301.0;2297.0;3983.0;6778.0;1083.0;1658.0;3.0;-11.0;14.0;-51.0
1708.0;2887.0;4827.0;7741.0;1168.0;1709.0;1306.0;2307.0;4022.0;6813.0;1089.0;1668.0;3.0;-12.0;19.0;-49.0
1711.0;2897.0;4803.0;7721.0;1174.0;1726.0;1306.0;2311.0;4035.0;6833.0;1090.0;1663.0;2.0;-10.0;19.0;-51.0
1702.0;2900.0;4817.0;7741.0;1169.0;1716.0;1299.0;2306.0;4027.0;6817.0;1092.0;1675.0;2.0;-10.0;25.0;-51.0
1708.0;2903.0;4844.0;7771.0;1186.0;1736.0;1320.0;2342.0;4063.0;6890.0;1105.0;1679.0;3.0;-10.0;22.0;-51.0
1727.0;2911.0;4848.0;7812.0;1188.0;1749.0;1324.0;2346.0;4063.0;6872.0;1107.0;1688.0;3.0;-12.0;22.0;-49.0
1727.0;2920.0;4853.0;7860.0;1191.0;1737.0;1317.0;2332.0;4058.0;6825.0;1111.0;1695.0;3.0;-12.0;16.0;-47.0
1720.0;2907.0;4866.0;7842.0;1197.0;1752.0;1340.0;2353.0;4120.0;6962.0;1111.0;1706.0;4.0;-12.0;23.0;-47.0
1738.0;2943.0;4867.0;7893.0;1201.0;1753.0;1332.0;2354.0;4090.0;6893.0;1110.0;1698.0;4.0;-14.0;16.0;-47.0
1739.0;2953.0;4902.0;7869.0;1189.0;1746.0;1306.0;2325.0;4041.0;6869.0;1099.0;1694.0;4.0;-14.0;18.0;-49.0
1719.0;2921.0;4860.0;7865.0;1192.0;1735.0;1331.0;2346.0;4056.0;6898.0;1102.0;1679.0;4.0;-15.0;14.0;-57.0
1721.0;2917.0;4841.0;7806.0;1191.0;1747.0;1333.0;2342.0;4063.0;6880.0;1103.0;1689.0;4.0;-15.0;14.0;-57.0
1728.0;2936.0;4861.0;7805.0;1177.0;1728.0;1318.0;2335.0;4060.0;6828.0;1096.0;1665.0;6.0;-15.0;13.0;-57.0
1720.0;2921.0;4846.0;7751.0;1178.0;1715.0;1314.0;2316.0;4015.0;6782.0;1088.0;1657.0;10.0;-16.0;14.0;-55.0
1697.0;2879.0;4817.0;7739.0;1173.0;1725.0;1306.0;2309.0;4030.0;6797.0;1088.0;1659.0;14.0;-16.0;18.0;-53.0
1705.0;2896.0;4817.0;7728.0;1176.0;1720.0;1314.0;2325.0;4044.0;6831.0;1094.0;1681.0;10.0;-14.0;25.0;-48.0
1710.0;2913.0;4841.0;7773.0;1181.0;1728.0;1312.0;2302.0;4023.0;6794.0;1092.0;1662.0;7.0;-14.0;26.0;-46.0
1713.0;2897.0;4845.0;7789.0;1180.0;1726.0;1317.0;2320.0;4049.0;6864.0;1097.0;1678.0;8.0;-11.0;22.0;-46.0
1726.0;2922.0;4848.0;7836.0;1185.0;1734.0;1306.0;2328.0;4068.0;6834.0;1096.0;1673.0;23.0;-9.0;21.0;-48.0
1715.0;2910.0;4844.0;7759.0;1175.0;1728.0;1327.0;2327.0;4061.0;6839.0;1098.0;1679.0;25.0;-11.0;26.0;-48.0
1714.0;2918.0;4831.0;7784.0;1182.0;1734.0;1325.0;2349.0;4085.0;6887.0;1100.0;1671.0;11.0;-9.0;24.0;-48.0
1705.0;2903.0;4824.0;7735.0;1175.0;1714.0;1313.0;2316.0;4026.0;6809.0;1088.0;1665.0;10.0;-11.0;20.0;-50.0
1714.0;2897.0;4827.0;7785.0;1179.0;1732.0;1323.0;2342.0;4089.0;6885.0;1098.0;1672.0;15.0;-11.0;22.0;-50.0
1727.0;2919.0;4859.0;7835.0;1185.0;1738.0;1331.0;2350.0;4093.0;6941.0;1107.0;1683.0;12.0;-11.0;30.0;-50.0
1717.0;2921.0;4846.0;7781.0;1178.0;1715.0;1301.0;2301.0;3988.0;6768.0;1087.0;1649.0;12.0;-11.0;21.0;-50.0
1708.0;2909.0;4829.0;7749.0;1173.0;1731.0;1326.0;2336.0;4048.0;6786.0;1104.0;1675.0;17.0;-14.0;40.0;-47.0
1742.0;2956.0;4894.0;7877.0;1194.0;1747.0;1335.0;2359.0;4082.0;6954.0;1106.0;1701.0;7.0;-15.0;21.0;-47.0
1733.0;2931.0;4884.0;7834.0;1193.0;1749.0;1337.0;2343.0;4088.0;6901.0;1107.0;1691.0;12.0;-15.0;18.0;-47.0
1715.0;2911.0;4850.0;7796.0;1182.0;1731.0;1323.0;2324.0;4050.0;6869.0;1092.0;1675.0;-1.0;-17.0;28.0;-50.0
1718.0;2928.0;4846.0;7829.0;1181.0;1724.0;1324.0;2325.0;4040.0;6873.0;1088.0;1673.0;7.0;-17.0;23.0;-48.0
1719.0;2903.0;4838.0;7632.0;1167.0;1704.0;1298.0;2290.0;3983.0;6767.0;1083.0;1655.0;3.0;-15.0;18.0;-51.0
1703.0;2885.0;4797.0;7727.0;1170.0;1706.0;1302.0;2303.0;3997.0;6748.0;1082.0;1641.0;-1.0;-14.0;14.0;-48.0
1696.0;2871.0;4779.0;7704.0;1168.0;1707.0;1314.0;2306.0;4025.0;6803.0;1081.0;1655.0;3.0;-17.0;17.0;-50.0
1709.0;2901.0;4819.0;7723.0;1169.0;1706.0;1307.0;2301.0;4002.0;6789.0;1088.0;1658.0;5.0;-14.0;12.0;-48.0
1686.0;2860.0;4763.0;7664.0;1164.0;1712.0;1303.0;2283.0;3986.0;6704.0;1081.0;1654.0;6.0;-13.0;18.0;-50.0
1702.0;2896.0;4796.0;7745.0;1173.0;1708.0;1311.0;2315.0;4020.0;6765.0;1084.0;1652.0;5.0;-13.0;18.0;-46.0
1694.0;2862.0;4774.0;7687.0;1166.0;1702.0;1308.0;2304.0;4006.0;6771.0;1083.0;1645.0;6.0;-13.0;16.0;-46.0
1702.0;2885.0;4802.0;7673.0;1163.0;1707.0;1307.0;2305.0;4007.0;6772.0;1093.0;1654.0;13.0;-13.0;20.0;-46.0
1724.0;2921.0;4853.0;7789.0;1184.0;1727.0;1315.0;2315.0;4031.0;6797.0;1093.0;1658.0;16.0;-15.0;22.0;-46.0
1705.0;2897.0;4850.0;7776.0;1183.0;1740.0;1329.0;2346.0;4081.0;6914.0;1111.0;1693.0;21.0;-15.0;21.0;-46.0
1731.0;2943.0;4902.0;7893.0;1200.0;1756.0;1334.0;2359.0;4120.0;6946.0;1115.0;1703.0;15.0;-12.0;19.0;-49.0
1736.0;2954.0;4892.0;7877.0;1190.0;1742.0;1335.0;2352.0;4082.0;6855.0;1101.0;1678.0;15.0;-12.0;26.0;-49.0
1716.0;2916.0;4848.0;7827.0;1189.0;1730.0;1325.0;2332.0;4076.0;6852.0;1094.0;1674.0;8.0;-12.0;21.0;-49.0
1716.0;2903.0;4826.0;7797.0;1180.0;1724.0;1328.0;2343.0;4061.0;6847.0;1099.0;1662.0;8.0;-10.0;16.0;-48.0
1722.0;2912.0;4856.0;7784.0;1180.0;1725.0;1331.0;2335.0;4059.0;6834.0;1097.0;1672.0;8.0;-10.0;22.0;-48.0
1726.0;2918.0;4867.0;7818.0;1179.0;1721.0;1311.0;2317.0;4021.0;6774.0;1092.0;1672.0;8.0;-9.0;20.0;-48.0
1719.0;2909.0;4841.0;7741.0;1173.0;1723.0;1331.0;2340.0;4068.0;6813.0;1094.0;1667.0;10.0;-9.0;24.0;-46.0
1720.0;2910.0;4833.0;7757.0;1174.0;1705.0;1321.0;2325.0;4038.0;6812.0;1085.0;1652.0;8.0;-9.0;23.0;-46.0
1708.0;2885.0;4807.0;7748.0;1172.0;1704.0;1314.0;2320.0;4026.0;6836.0;1085.0;1658.0;10.0;-9.0;22.0;-48.0
1710.0;2914.0;4818.0;7743.0;1174.0;1718.0;1322.0;2331.0;4060.0;6834.0;1091.0;1653.0;10.0;-9.0;17.0;-46.0
1693.0;2882.0;4805.0;7731.0;1171.0;1723.0;1320.0;2324.0;4033.0;6818.0;1096.0;1668.0;17.0;-10.0;21.0;-48.0
1717.0;2922.0;4842.0;7803.0;1184.0;1734.0;1335.0;2349.0;4100.0;6910.0;1106.0;1690.0;18.0;-11.0;29.0;-48.0
1748.0;2961.0;4936.0;7920.0;1200.0;1759.0;1344.0;2370.0;4066.0;6947.0;1111.0;1688.0;5.0;-9.0;17.0;-45.0
1746.0;2965.0;4911.0;7860.0;1199.0;1755.0;1358.0;2377.0;4137.0;6994.0;1118.0;1699.0;5.0;-10.0;21.0;-45.0
1766.0;2986.0;4970.0;7941.0;1203.0;1744.0;1343.0;2361.0;4127.0;6955.0;1115.0;1685.0;5.0;-10.0;24.0;-45.0
1748.0;2965.0;4921.0;7825.0;1187.0;1742.0;1332.0;2347.0;4083.0;6861.0;1099.0;1680.0;8.0;-9.0;20.0;-44.0
1741.0;2934.0;4864.0;7805.0;1184.0;1739.0;1328.0;2353.0;4085.0;6897.0;1103.0;1683.0;8.0;-5.0;15.0;-44.0
1719.0;2919.0;4841.0;7791.0;1180.0;1725.0;1311.0;2320.0;4029.0;6796.0;1091.0;1657.0;8.0;-9.0;20.0;-44.0
1720.0;2914.0;4804.0;7740.0;1177.0;1721.0;1319.0;2319.0;4029.0;6820.0;1088.0;1662.0;10.0;-9.0;14.0;-44.0
1717.0;2907.0;4825.0;7733.0;1172.0;1718.0;1309.0;2300.0;4003.0;6791.0;1083.0;1656.0;11.0;-5.0;16.0;-45.0
1698.0;2888.0;4807.0;7737.0;1165.0;1708.0;1312.0;2313.0;4000.0;6741.0;1083.0;1648.0;12.0;-14.0;20.0;-45.0
1702.0;2892.0;4786.0;7730.0;1163.0;1693.0;1315.0;2305.0;3992.0;6734.0;1080.0;1631.0;9.0;-15.0;20.0;-45.0
1711.0;2891.0;4786.0;7674.0;1160.0;1692.0;1304.0;2294.0;3988.0;6715.0;1074.0;1631.0;9.0;-15.0;15.0;-45.0
1691.0;2862.0;4767.0;7636.0;1154.0;1685.0;1277.0;2275.0;3961.0;6678.0;1069.0;1637.0;9.0;-9.0;17.0;-46.0
1677.0;2850.0;4745.0;7639.0;1145.0;1693.0;1292.0;2275.0;3969.0;6727.0;1074.0;1645.0;7.0;-9.0;28.0;-45.0
1686.0;2844.0;4741.0;7643.0;1155.0;1691.0;1286.0;2259.0;3940.0;6667.0;1069.0;1631.0;7.0;-9.0;17.0;-45.0
1693.0;2865.0;4757.0;7622.0;1154.0;1690.0;1292.0;2285.0;3969.0;6729.0;1071.0;1639.0;12.0;-9.0;25.0;-45.0
1699.0;2880.0;4790.0;7665.0;1166.0;1697.0;1300.0;2293.0;3978.0;6728.0;1077.0;1655.0;7.0;-9.0;27.0;-46.0
1695.0;2877.0;4787.0;7730.0;1180.0;1746.0;1332.0;2356.0;4108.0;6937.0;1114.0;1703.0;12.0;-9.0;22.0;-48.0
1744.0;2963.0;4924.0;7941.0;1199.0;1753.0;1328.0;2342.0;4099.0;6946.0;1112.0;1700.0;12.0;-11.0;24.0;-48.0
1746.0;2947.0;4907.0;7963.0;1202.0;1752.0;1336.0;2356.0;4081.0;6920.0;1113.0;1691.0;11.0;-11.0;24.0;-48.0
1743.0;2952.0;4901.0;7881.0;1193.0;1739.0;1337.0;2365.0;4107.0;6911.0;1105.0;1683.0;15.0;-11.0;25.0;-49.0
1723.0;2943.0;4907.0;7887.0;1196.0;1748.0;1336.0;2359.0;4115.0;6948.0;1110.0;1696.0;11.0;-11.0;25.0;-48.0
1744.0;2966.0;4901.0;7853.0;1191.0;1744.0;1317.0;2351.0;4108.0;6915.0;1112.0;1693.0;11.0;-12.0;17.0;-49.0
1729.0;2931.0;4882.0;7889.0;1196.0;1742.0;1346.0;2367.0;4121.0;6941.0;1107.0;1692.0;7.0;-12.0;15.0;-49.0
1747.0;2960.0;4918.0;7895.0;1195.0;1740.0;1337.0;2349.0;4062.0;6912.0;1101.0;1678.0;7.0;-14.0;28.0;-52.0
1716.0;2902.0;4841.0;7762.0;1185.0;1725.0;1317.0;2320.0;4049.0;6823.0;1092.0;1666.0;7.0;-16.0;22.0;-49.0
1733.0;2925.0;4855.0;7833.0;1181.0;1719.0;1313.0;2321.0;4035.0;6795.0;1091.0;1660.0;14.0;-16.0;23.0;-52.0
1708.0;2896.0;4826.0;7751.0;1178.0;1723.0;1324.0;2321.0;4035.0;6814.0;1088.0;1668.0;18.0;-16.0;22.0;-52.0
1713.0;2904.0;4817.0;7777.0;1172.0;1729.0;1337.0;2325.0;4095.0;6897.0;1100.0;1686.0;18.0;-15.0;19.0;-51.0
1737.0;2951.0;4905.0;7844.0;1194.0;1754.0;1353.0;2392.0;4135.0;7034.0;1116.0;1709.0;9.0;-15.0;19.0;-51.0
1758.0;2978.0;4935.0;7951.0;1209.0;1764.0;1360.0;2383.0;4099.0;7072.0;1126.0;1722.0;7.0;-13.0;19.0;-51.0
1767.0;2986.0;4978.0;7983.0;1207.0;1754.0;1355.0;2379.0;4120.0;6988.0;1114.0;1698.0;9.0;-15.0;24.0;-50.0
1760.0;2973.0;4928.0;7924.0;1196.0;1749.0;1344.0;2372.0;4100.0;6901.0;1107.0;1682.0;12.0;-15.0;23.0;-50.0
1742.0;2945.0;4918.0;7882.0;1186.0;1735.0;1341.0;2344.0;4051.0;6845.0;1095.0;1673.0;6.0;-13.0;25.0;-48.0
1723.0;2912.0;4853.0;7783.0;1179.0;1723.0;1307.0;2310.0;4015.0;6793.0;1096.0;1655.0;6.0;-13.0;23.0;-46.0
1715.0;2913.0;4818.0;7783.0;1184.0;1721.0;1326.0;2331.0;4041.0;6824.0;1096.0;1666.0;8.0;-13.0;24.0;-46.0
1717.0;2895.0;4834.0;7701.0;1174.0;1708.0;1318.0;2323.0;4038.0;6786.0;1089.0;1654.0;7.0;-13.0;15.0;-46.0
1710.0;2901.0;4811.0;7749.0;1173.0;1706.0;1310.0;2321.0;4037.0;6833.0;1089.0;1653.0;8.0;-13.0;12.0;-47.0
1708.0;2884.0;4796.0;7684.0;1167.0;1727.0;1330.0;2331.0;4084.0;6861.0;1095.0;1671.0;7.0;-16.0;13.0;-46.0
1716.0;2902.0;4838.0;7784.0;1184.0;1722.0;1322.0;2333.0;4026.0;6867.0;1099.0;1667.0;12.0;-16.0;23.0;-46.0
1728.0;2930.0;4861.0;7769.0;1175.0;1728.0;1323.0;2343.0;4040.0;6842.0;1096.0;1674.0;13.0;-15.0;18.0;-47.0
1734.0;2939.0;4868.0;7855.0;1184.0;1731.0;1336.0;2355.0;4093.0;6891.0;1100.0;1680.0;17.0;-16.0;25.0;-47.0
1723.0;2930.0;4874.0;7850.0;1192.0;1751.0;1352.0;2382.0;4142.0;6959.0;1113.0;1700.0;10.0;-15.0;24.0;-47.0
1751.0;2951.0;4896.0;7874.0;1195.0;1746.0;1344.0;2367.0;4099.0;6914.0;1105.0;1689.0;7.0;-15.0;27.0;-48.0
1748.0;2963.0;4915.0;7843.0;1187.0;1738.0;1327.0;2334.0;4067.0;6862.0;1094.0;1667.0;8.0;-13.0;20.0;-48.0
1732.0;2935.0;4864.0;7810.0;1180.0;1724.0;1318.0;2331.0;4062.0;6857.0;1094.0;1671.0;5.0;-15.0;14.0;-48.0
1718.0;2905.0;4845.0;7777.0;1181.0;1732.0;1328.0;2348.0;4074.0;6883.0;1098.0;1685.0;9.0;-15.0;18.0;-47.0
1732.0;2944.0;4882.0;7858.0;1198.0;1740.0;1334.0;2341.0;4072.0;6900.0;1103.0;1676.0;6.0;-15.0;21.0;-47.0
1749.0;2957.0;4898.0;7862.0;1190.0;1739.0;1341.0;2355.0;4103.0;6916.0;1108.0;1696.0;6.0;-14.0;23.0;-47.0
1743.0;2954.0;4911.0;7898.0;1192.0;1743.0;1338.0;2363.0;4087.0;6901.0;1100.0;1680.0;6.0;-14.0;15.0;-47.0
1725.0;2922.0;4879.0;7848.0;1194.0;1743.0;1338.0;2341.0;4065.0;6886.0;1097.0;1678.0;0.0;-11.0;19.0;-47.0
1740.0;2943.0;4851.0;7828.0;1178.0;1719.0;1336.0;2333.0;4025.0;6819.0;1090.0;1666.0;0.0;-11.0;27.0;-49.0
1734.0;2922.0;4845.0;7729.0;1176.0;1721.0;1341.0;2361.0;4103.0;6902.0;1096.0;1679.0;2.0;-11.0;19.0;-50.0
1731.0;2925.0;4873.0;7820.0;1188.0;1742.0;1344.0;2361.0;4112.0;6959.0;1113.0;1692.0;2.0;-11.0;19.0;-50.0
1743.0;2958.0;4907.0;7898.0;1193.0;1749.0;1338.0;2352.0;4090.0;6876.0;1101.0;1683.0;2.0;-11.0;26.0;-50.0
1758.0;2977.0;4913.0;7917.0;1199.0;1758.0;1364.0;2397.0;4166.0;7033.0;1117.0;1704.0;6.0;-11.0;18.0;-50.0
1758.0;2978.0;4970.0;7979.0;1205.0;1763.0;1346.0;2385.0;4153.0;7025.0;1123.0;1711.0;6.0;-11.0;26.0;-50.0
1767.0;2987.0;4964.0;7994.0;1210.0;1758.0;1360.0;2402.0;4147.0;7010.0;1118.0;1705.0;6.0;-11.0;20.0;-49.0
1778.0;2992.0;4973.0;7956.0;1206.0;1750.0;1362.0;2393.0;4140.0;6969.0;1112.0;1681.0;6.0;-13.0;20.0;-47.0
1751.0;2957.0;4912.0;7868.0;1190.0;1744.0;1355.0;2383.0;4143.0;6966.0;1115.0;1697.0;6.0;-15.0;23.0;-46.0
1750.0;2954.0;4923.0;7883.0;1196.0;1753.0;1354.0;2364.0;4124.0;6959.0;1112.0;1695.0;9.0;-15.0;12.0;-45.0
1752.0;2963.0;4905.0;7967.0;1194.0;1746.0;1343.0;2358.0;4101.0;6892.0;1105.0;1688.0;9.0;-15.0;21.0;-45.0
1741.0;2948.0;4889.0;7888.0;1193.0;1746.0;1348.0;2374.0;4136.0;6955.0;1105.0;1688.0;9.0;-12.0;19.0;-45.0
1753.0;2966.0;4900.0;7883.0;1194.0;1747.0;1344.0;2364.0;4116.0;6949.0;1111.0;1691.0;14.0;-11.0;23.0;-46.0
1770.0;2992.0;4953.0;7929.0;1201.0;1755.0;1360.0;2366.0;4143.0;6987.0;1113.0;1695.0;3.0;-11.0;19.0;-49.0
1750.0;2979.0;4942.0;7933.0;1200.0;1765.0;1363.0;2407.0;4167.0;7065.0;1115.0;1708.0;3.0;-11.0;15.0;-49.0
1771.0;3013.0;4986.0;7998.0;1209.0;1769.0;1370.0;2402.0;4198.0;7035.0;1125.0;1711.0;6.0;-11.0;19.0;-49.0
1768.0;3004.0;5010.0;8027.0;1213.0;1780.0;1367.0;2415.0;4186.0;7054.0;1128.0;1713.0;6.0;-11.0;19.0;-45.0
1782.0;3011.0;4999.0;8009.0;1212.0;1770.0;1368.0;2392.0;4140.0;6999.0;1119.0;1706.0;7.0;-15.0;35.0;-45.0
1763.0;2981.0;4970.0;7944.0;1205.0;1772.0;1368.0;2413.0;4182.0;7023.0;1126.0;1722.0;7.0;-15.0;22.0;-43.0
1780.0;3016.0;4990.0;8031.0;1218.0;1788.0;1379.0;2428.0;4208.0;7084.0;1131.0;1728.0;11.0;-10.0;20.0;-45.0
1785.0;3020.0;5002.0;8022.0;1213.0;1770.0;1376.0;2398.0;4184.0;7055.0;1125.0;1714.0;19.0;-10.0;24.0;-49.0
1769.0;3004.0;4965.0;7954.0;1208.0;1759.0;1360.0;2399.0;4153.0;6988.0;1112.0;1697.0;11.0;-10.0;26.0;-49.0
1777.0;3005.0;4967.0;7996.0;1206.0;1750.0;1356.0;2380.0;4127.0;6989.0;1109.0;1690.0;20.0;-6.0;31.0;-46.0
1760.0;2978.0;4961.0;7919.0;1195.0;1750.0;1353.0;2373.0;4138.0;6978.0;1119.0;1693.0;11.0;-6.0;26.0;-46.0
1737.0;2980.0;4961.0;7989.0;1208.0;1765.0;1353.0;2399.0;4167.0;7026.0;1117.0;1711.0;16.0;-6.0;27.0;-46.0
1779.0;3020.0;5009.0;8021.0;1215.0;1769.0;1372.0;2417.0;4176.0;7024.0;1119.0;1712.0;24.0;-7.0;33.0;-46.0
1782.0;3014.0;5008.0;8054.0;1221.0;1781.0;1378.0;2419.0;4214.0;7116.0;1140.0;1729.0;16.0;-16.0;27.0;-48.0
1797.0;3047.0;5014.0;8097.0;1227.0;1796.0;1379.0;2424.0;4212.0;7099.0;1134.0;1729.0;12.0;-16.0;26.0;-48.0
1789.0;3040.0;5054.0;8073.0;1228.0;1789.0;1384.0;2428.0;4228.0;7134.0;1132.0;1729.0;10.0;-16.0;22.0;-48.0
1787.0;3030.0;5043.0;8100.0;1232.0;1801.0;1393.0;2440.0;4238.0;7156.0;1153.0;1754.0;10.0;-15.0;34.0;-48.0
1816.0;3076.0;5100.0;8191.0;1246.0;1826.0;1421.0;2495.0;4305.0;7277.0;1155.0;1763.0;3.0;-15.0;17.0;-47.0
1837.0;3113.0;5123.0;8247.0;1247.0;1829.0;1417.0;2491.0;4308.0;7260.0;1159.0;1773.0;5.0;-15.0;13.0;-47.0
1832.0;3097.0;5151.0;8186.0;1244.0;1814.0;1410.0;2467.0;4257.0;7206.0;1153.0;1747.0;4.0;-15.0;17.0;-48.0
1823.0;3090.0;5102.0;8143.0;1236.0;1797.0;1382.0;2433.0;4197.0;7095.0;1137.0;1716.0;6.0;-15.0;13.0;-48.0
1799.0;3043.0;5038.0;8096.0;1224.0;1793.0;1397.0;2450.0;4246.0;7138.0;1140.0;1732.0;4.0;-16.0;17.0;-46.0
1802.0;3049.0;5069.0;8098.0;1227.0;1775.0;1390.0;2435.0;4245.0;7143.0;1136.0;1719.0;14.0;-16.0;32.0;-46.0
1799.0;3044.0;5057.0;8061.0;1220.0;1782.0;1388.0;2425.0;4220.0;7085.0;1124.0;1721.0;7.0;-15.0;14.0;-46.0
1791.0;3036.0;5046.0;8052.0;1222.0;1795.0;1384.0;2440.0;4222.0;7110.0;1131.0;1724.0;11.0;-15.0;21.0;-46.0
1797.0;3039.0;5050.0;8073.0;1218.0;1789.0;1383.0;2424.0;4204.0;7106.0;1128.0;1720.0;8.0;-16.0;22.0;-47.0
1783.0;3021.0;5030.0;8066.0;1213.0;1766.0;1373.0;2414.0;4199.0;7095.0;1125.0;1719.0;10.0;-15.0;16.0;-48.0
1774.0;3010.0;5009.0;8048.0;1224.0;1787.0;1373.0;2423.0;4191.0;7091.0;1127.0;1733.0;9.0;-15.0;22.0;-48.0
1795.0;3030.0;5031.0;8097.0;1227.0;1791.0;1396.0;2442.0;4151.0;7108.0;1142.0;1729.0;9.0;-11.0;26.0;-49.0
1813.0;3061.0;5064.0;8080.0;1229.0;1787.0;1386.0;2434.0;4222.0;7117.0;1133.0;1725.0;9.0;-13.0;26.0;-50.0
1781.0;3014.0;5023.0;8059.0;1214.0;1767.0;1373.0;2421.0;4148.0;7032.0;1116.0;1706.0;9.0;-13.0;22.0;-50.0
1783.0;3018.0;4985.0;7995.0;1212.0;1777.0;1380.0;2436.0;4211.0;7107.0;1134.0;1723.0;9.0;-13.0;22.0;-50.0
1803.0;3041.0;5041.0;8016.0;1217.0;1773.0;1377.0;2423.0;4190.0;7044.0;1128.0;1718.0;9.0;-11.0;22.0;-49.0
1783.0;3024.0;5016.0;8043.0;1213.0;1769.0;1379.0;2415.0;4166.0;6993.0;1116.0;1699.0;17.0;-11.0;30.0;-49.0
1784.0;3020.0;4997.0;7994.0;1201.0;1743.0;1370.0;2395.0;4145.0;6995.0;1113.0;1694.0;17.0;-10.0;26.0;-48.0
1758.0;2963.0;4920.0;7889.0;1192.0;1742.0;1364.0;2395.0;4164.0;7003.0;1111.0;1689.0;15.0;-10.0;21.0;-47.0
1768.0;2982.0;4940.0;7918.0;1200.0;1758.0;1356.0;2386.0;4128.0;6978.0;1106.0;1698.0;15.0;-10.0;15.0;-47.0
1767.0;2984.0;4943.0;7904.0;1197.0;1736.0;1353.0;2373.0;4129.0;6915.0;1106.0;1681.0;7.0;-11.0;32.0;-47.0
1756.0;2970.0;4913.0;7872.0;1189.0;1734.0;1345.0;2365.0;4099.0;6898.0;1105.0;1688.0;10.0;-11.0;18.0;-49.0
1742.0;2960.0;4904.0;7851.0;1187.0;1739.0;1353.0;2383.0;4104.0;6979.0;1112.0;1702.0;10.0;-12.0;27.0;-49.0
1752.0;2965.0;4924.0;7890.0;1197.0;1745.0;1365.0;2403.0;4179.0;6994.0;1115.0;1691.0;10.0;-12.0;19.0;-49.0
1775.0;3007.0;4997.0;7976.0;1208.0;1765.0;1365.0;2407.0;4166.0;7000.0;1120.0;1704.0;10.0;-11.0;19.0;-49.0
1781.0;3002.0;4976.0;7955.0;1206.0;1759.0;1354.0;2390.0;4149.0;7010.0;1113.0;1694.0;15.0;-11.0;22.0;-46.0
1760.0;2988.0;4948.0;7946.0;1203.0;1765.0;1376.0;2373.0;4190.0;7095.0;1128.0;1711.0;14.0;-12.0;31.0;-46.0
1771.0;3004.0;4974.0;7940.0;1204.0;1759.0;1364.0;2402.0;4173.0;7006.0;1121.0;1699.0;0.0;-13.0;14.0;-45.0
1778.0;3008.0;4970.0;8000.0;1210.0;1771.0;1380.0;2425.0;4213.0;7121.0;1129.0;1714.0;0.0;-14.0;19.0;-46.0
1776.0;3003.0;5007.0;8012.0;1203.0;1763.0;1378.0;2404.0;4161.0;7015.0;1114.0;1694.0;9.0;-17.0;20.0;-44.0
1771.0;2993.0;4964.0;7917.0;1199.0;1762.0;1370.0;2408.0;4188.0;7047.0;1121.0;1712.0;9.0;-17.0;24.0;-48.0
1783.0;3015.0;4996.0;8035.0;1212.0;1774.0;1380.0;2426.0;4195.0;7069.0;1128.0;1713.0;9.0;-14.0;22.0;-52.0
1781.0;3014.0;4999.0;8040.0;1217.0;1777.0;1380.0;2437.0;4229.0;7058.0;1131.0;1730.0;5.0;-9.0;16.0;-52.0
1781.0;3012.0;5006.0;8031.0;1214.0;1784.0;1394.0;2436.0;4216.0;7063.0;1138.0;1726.0;5.0;-9.0;22.0;-52.0
1803.0;3048.0;5032.0;8125.0;1230.0;1784.0;1382.0;2435.0;4213.0;7102.0;1140.0;1722.0;5.0;-9.0;11.0;-53.0
1795.0;3040.0;5039.0;8087.0;1220.0;1785.0;1388.0;2447.0;4217.0;7093.0;1131.0;1724.0;6.0;-10.0;16.0;-52.0
1790.0;3036.0;5011.0;8063.0;1218.0;1784.0;1404.0;2463.0;4251.0;7161.0;1137.0;1733.0;6.0;-12.0;20.0;-51.0
1800.0;3054.0;5067.0;8151.0;1232.0;1799.0;1393.0;2457.0;4260.0;7155.0;1139.0;1744.0;9.0;-12.0;14.0;-50.0
1823.0;3091.0;5116.0;8189.0;1231.0;1804.0;1408.0;2474.0;4271.0;7250.0;1147.0;1751.0;9.0;-12.0;17.0;-51.0
1819.0;3077.0;5099.0;8151.0;1236.0;1808.0;1416.0;2479.0;4297.0;7177.0;1151.0;1755.0;9.0;-16.0;25.0;-51.0
1825.0;3076.0;5102.0;8196.0;1243.0;1817.0;1417.0;2499.0;4311.0;7272.0;1156.0;1749.0;9.0;-16.0;17.0;-51.0
1836.0;3093.0;5128.0;8263.0;1241.0;1799.0;1411.0;2469.0;4284.0;7196.0;1143.0;1740.0;9.0;-13.0;23.0;-51.0
1808.0;3052.0;5064.0;8055.0;1223.0;1785.0;1403.0;2458.0;4251.0;7090.0;1132.0;1723.0;10.0;-13.0;22.0;-52.0
1790.0;3031.0;5018.0;8096.0;1224.0;1777.0;1397.0;2448.0;4243.0;7158.0;1141.0;1728.0;7.0;-13.0;20.0;-51.0
1786.0;3034.0;5045.0;8108.0;1223.0;1784.0;1389.0;2448.0;4242.0;7162.0;1141.0;1740.0;7.0;-13.0;14.0;-52.0
1817.0;3061.0;5096.0;8178.0;1230.0;1791.0;1403.0;2464.0;4265.0;7152.0;1142.0;1729.0;7.0;-13.0;20.0;-50.0
1814.0;3071.0;5062.0;8090.0;1221.0;1780.0;1399.0;2455.0;4239.0;7142.0;1137.0;1735.0;13.0;-14.0;26.0;-50.0
1803.0;3051.0;5070.0;8141.0;1223.0;1784.0;1388.0;2448.0;4239.0;7121.0;1139.0;1729.0;9.0;-14.0;19.0;-48.0
1795.0;3041.0;5025.0;8060.0;1221.0;1791.0;1400.0;2451.0;4239.0;7113.0;1142.0;1734.0;16.0;-14.0;32.0;-49.0
1808.0;3049.0;5069.0;8077.0;1226.0;1788.0;1400.0;2454.0;4249.0;7153.0;1139.0;1724.0;19.0;-14.0;23.0;-49.0
1810.0;3046.0;5054.0;8084.0;1218.0;1776.0;1393.0;2441.0;4233.0;7133.0;1133.0;1727.0;9.0;-14.0;20.0;-49.0
1798.0;3051.0;5067.0;8085.0;1227.0;1786.0;1396.0;2455.0;4255.0;7154.0;1140.0;1726.0;9.0;-15.0;18.0;-49.0
1798.0;3045.0;5042.0;8069.0;1212.0;1786.0;1396.0;2445.0;4223.0;7076.0;1140.0;1721.0;13.0;-15.0;24.0;-49.0
1806.0;3054.0;5029.0;8022.0;1219.0;1787.0;1404.0;2456.0;4268.0;7169.0;1143.0;1735.0;7.0;-14.0;21.0;-46.0
1818.0;3087.0;5072.0;8117.0;1230.0;1802.0;1410.0;2470.0;4263.0;7231.0;1151.0;1754.0;16.0;-11.0;30.0;-45.0
1819.0;3097.0;5116.0;8196.0;1235.0;1807.0;1413.0;2495.0;4300.0;7251.0;1158.0;1752.0;11.0;-14.0;17.0;-45.0
1820.0;3078.0;5094.0;8186.0;1231.0;1798.0;1417.0;2484.0;4287.0;7240.0;1154.0;1734.0;18.0;-12.0;26.0;-46.0
1826.0;3092.0;5135.0;8208.0;1241.0;1806.0;1419.0;2459.0;4288.0;7201.0;1147.0;1751.0;11.0;-12.0;25.0;-49.0
1834.0;3098.0;5130.0;8156.0;1233.0;1794.0;1393.0;2447.0;4231.0;7160.0;1140.0;1720.0;9.0;-12.0;25.0;-49.0
1798.0;3042.0;5042.0;8092.0;1229.0;1789.0;1406.0;2467.0;4270.0;7158.0;1145.0;1739.0;6.0;-15.0;33.0;-49.0
1817.0;3068.0;5095.0;8161.0;1232.0;1795.0;1402.0;2462.0;4250.0;7176.0;1135.0;1737.0;9.0;-12.0;19.0;-49.0
1830.0;3075.0;5085.0;8148.0;1227.0;1795.0;1410.0;2466.0;4277.0;7185.0;1148.0;1739.0;15.0;-15.0;31.0;-49.0
1822.0;3071.0;5080.0;8128.0;1227.0;1788.0;1400.0;2456.0;4250.0;7100.0;1138.0;1717.0;9.0;-12.0;22.0;-48.0
1814.0;3066.0;5078.0;8111.0;1223.0;1787.0;1399.0;2464.0;4269.0;7140.0;1136.0;1735.0;8.0;-12.0;22.0;-48.0
1806.0;3041.0;5063.0;8091.0;1225.0;1781.0;1388.0;2442.0;4187.0;7074.0;1131.0;1722.0;9.0;-12.0;17.0;-49.0
1790.0;3043.0;5051.0;8053.0;1217.0;1774.0;1398.0;2445.0;4230.0;7098.0;1125.0;1705.0;9.0;-14.0;17.0;-49.0
1787.0;3022.0;5005.0;8022.0;1209.0;1763.0;1385.0;2433.0;4189.0;7019.0;1119.0;1700.0;9.0;-10.0;17.0;-49.0
1784.0;3000.0;5001.0;7995.0;1214.0;1769.0;1390.0;2443.0;4228.0;7100.0;1124.0;1716.0;20.0;-11.0;32.0;-50.0
1787.0;3006.0;4956.0;7961.0;1207.0;1764.0;1384.0;2446.0;4207.0;7077.0;1129.0;1712.0;9.0;-11.0;19.0;-49.0
1791.0;3022.0;4974.0;7997.0;1202.0;1761.0;1387.0;2418.0;4184.0;7033.0;1114.0;1690.0;16.0;-10.0;19.0;-44.0
1772.0;2993.0;4951.0;7930.0;1197.0;1734.0;1377.0;2401.0;4152.0;7018.0;1111.0;1688.0;10.0;-10.0;21.0;-44.0
1763.0;2983.0;4933.0;7981.0;1198.0;1757.0;1379.0;2421.0;4142.0;7017.0;1117.0;1701.0;8.0;-11.0;21.0;-51.0
1771.0;2995.0;4983.0;7984.0;1207.0;1750.0;1375.0;2416.0;4200.0;7039.0;1119.0;1696.0;6.0;-12.0;16.0;-49.0
1768.0;3001.0;4969.0;7963.0;1206.0;1753.0;1380.0;2426.0;4187.0;7081.0;1127.0;1714.0;6.0;-12.0;23.0;-52.0
1786.0;3029.0;4993.0;8047.0;1215.0;1770.0;1396.0;2452.0;4232.0;7077.0;1126.0;1710.0;11.0;-14.0;27.0;-52.0
1788.0;3023.0;5011.0;8029.0;1207.0;1773.0;1387.0;2434.0;4224.0;7078.0;1129.0;1712.0;11.0;-12.0;19.0;-49.0
1783.0;3016.0;4987.0;8003.0;1214.0;1767.0;1387.0;2440.0;4199.0;7118.0;1128.0;1716.0;17.0;-12.0;22.0;-48.0
1798.0;3038.0;5008.0;8019.0;1215.0;1779.0;1392.0;2438.0;4223.0;7041.0;1134.0;1720.0;11.0;-14.0;17.0;-48.0
1795.0;3036.0;5031.0;8057.0;1222.0;1787.0;1392.0;2442.0;4240.0;7155.0;1139.0;1733.0;9.0;-14.0;28.0;-48.0
1816.0;3064.0;5065.0;8133.0;1232.0;1798.0;1401.0;2456.0;4242.0;7155.0;1145.0;1741.0;11.0;-14.0;20.0;-48.0
1815.0;3069.0;5100.0;8133.0;1240.0;1798.0;1418.0;2466.0;4292.0;7218.0;1151.0;1744.0;23.0;-15.0;36.0;-48.0
1834.0;3075.0;5121.0;8213.0;1234.0;1790.0;1419.0;2495.0;4302.0;7208.0;1155.0;1744.0;14.0;-15.0;24.0;-46.0
1831.0;3082.0;5138.0;8184.0;1237.0;1804.0;1413.0;2482.0;4302.0;7247.0;1147.0;1751.0;17.0;-15.0;25.0;-46.0
1827.0;3083.0;5057.0;8175.0;1240.0;1793.0;1422.0;2473.0;4296.0;7221.0;1146.0;1736.0;14.0;-15.0;17.0;-46.0
1807.0;3056.0;5043.0;8166.0;1231.0;1789.0;1416.0;2479.0;4278.0;7190.0;1144.0;1743.0;11.0;-15.0;25.0;-46.0
1797.0;3054.0;5057.0;8118.0;1226.0;1799.0;1398.0;2461.0;4275.0;7163.0;1146.0;1737.0;11.0;-14.0;12.0;-47.0
1813.0;3062.0;5090.0;8129.0;1236.0;1800.0;1411.0;2476.0;4293.0;7228.0;1141.0;1719.0;13.0;-14.0;8.0;-49.0
1808.0;3051.0;5071.0;8141.0;1232.0;1805.0;1415.0;2484.0;4270.0;7213.0;1145.0;1744.0;12.0;-12.0;8.0;-49.0
1820.0;3071.0;5103.0;8178.0;1240.0;1814.0;1416.0;2477.0;4293.0;7242.0;1158.0;1764.0;14.0;-12.0;29.0;-51.0
1848.0;3128.0;5196.0;8343.0;1252.0;1840.0;1438.0;2526.0;4372.0;7380.0;1172.0;1778.0;12.0;-11.0;19.0;-54.0
1853.0;3143.0;5206.0;8363.0;1264.0;1848.0;1450.0;2536.0;4376.0;7383.0;1175.0;1784.0;12.0;-11.0;23.0;-54.0
1865.0;3147.0;5229.0;8344.0;1259.0;1838.0;1436.0;2510.0;4363.0;7323.0;1168.0;1772.0;8.0;-11.0;21.0;-54.0
1861.0;3147.0;5217.0;8347.0;1257.0;1837.0;1436.0;2518.0;4361.0;7333.0;1167.0;1764.0;15.0;-13.0;29.0;-48.0
1857.0;3128.0;5159.0;8297.0;1255.0;1835.0;1450.0;2526.0;4379.0;7312.0;1165.0;1775.0;11.0;-13.0;24.0;-48.0
1855.0;3135.0;5190.0;8343.0;1258.0;1836.0;1439.0;2528.0;4378.0;7325.0;1167.0;1773.0;20.0;-15.0;30.0;-46.0
1860.0;3143.0;5153.0;8309.0;1253.0;1817.0;1433.0;2512.0;4338.0;7287.0;1166.0;1768.0;11.0;-15.0;24.0;-45.0
1853.0;3124.0;5174.0;8286.0;1252.0;1822.0;1432.0;2504.0;4298.0;7244.0;1157.0;1756.0;9.0;-15.0;24.0;-45.0
1833.0;3103.0;5148.0;8239.0;1244.0;1817.0;1416.0;2475.0;4276.0;7197.0;1149.0;1747.0;7.0;-16.0;13.0;-45.0
1833.0;3100.0;5149.0;8229.0;1246.0;1802.0;1424.0;2484.0;4292.0;7243.0;1159.0;1746.0;7.0;-17.0;13.0;-45.0
1831.0;3081.0;5101.0;8194.0;1239.0;1798.0;1410.0;2478.0;4280.0;7195.0;1146.0;1732.0;11.0;-15.0;11.0;-45.0
1835.0;3085.0;5126.0;8155.0;1226.0;1794.0;1398.0;2450.0;4240.0;7155.0;1145.0;1727.0;16.0;-15.0;22.0;-48.0
1818.0;3076.0;5069.0;8131.0;1230.0;1798.0;1419.0;2483.0;4314.0;7245.0;1153.0;1756.0;11.0;-16.0;19.0;-50.0
1834.0;3088.0;5117.0;8217.0;1233.0;1800.0;1418.0;2476.0;4277.0;7104.0;1144.0;1742.0;14.0;-15.0;27.0;-50.0
1841.0;3093.0;5136.0;8229.0;1239.0;1809.0;1421.0;2500.0;4309.0;7253.0;1147.0;1748.0;14.0;-15.0;19.0;-50.0
1829.0;3086.0;5115.0;8201.0;1237.0;1811.0;1428.0;2508.0;4327.0;7262.0;1152.0;1765.0;14.0;-11.0;24.0;-51.0
1846.0;3117.0;5147.0;8241.0;1244.0;1809.0;1421.0;2500.0;4298.0;7240.0;1153.0;1756.0;14.0;-15.0;22.0;-48.0
1827.0;3099.0;5133.0;8177.0;1234.0;1804.0;1423.0;2494.0;4308.0;7226.0;1155.0;1745.0;11.0;-15.0;22.0;-48.0
1838.0;3097.0;5092.0;8180.0;1240.0;1811.0;1432.0;2504.0;4310.0;7274.0;1159.0;1759.0;11.0;-15.0;22.0;-49.0
1845.0;3126.0;5164.0;8256.0;1252.0;1820.0;1422.0;2495.0;4295.0;7251.0;1153.0;1762.0;11.0;-9.0;22.0;-49.0
1831.0;3097.0;5119.0;8233.0;1248.0;1831.0;1447.0;2525.0;4341.0;7327.0;1165.0;1768.0;10.0;-16.0;22.0;-48.0
1847.0;3115.0;5148.0;8259.0;1247.0;1816.0;1423.0;2495.0;4303.0;7261.0;1149.0;1753.0;12.0;-11.0;24.0;-48.0
1826.0;3083.0;5121.0;8247.0;1246.0;1818.0;1421.0;2494.0;4313.0;7246.0;1163.0;1751.0;8.0;-9.0;25.0;-48.0
1835.0;3108.0;5156.0;8254.0;1245.0;1813.0;1419.0;2489.0;4306.0;7222.0;1154.0;1755.0;8.0;-11.0;22.0;-46.0
1838.0;3114.0;5159.0;8280.0;1247.0;1812.0;1425.0;2503.0;4315.0;7266.0;1150.0;1762.0;8.0;-12.0;22.0;-48.0
1845.0;3126.0;5126.0;8248.0;1239.0;1811.0;1422.0;2511.0;4327.0;7252.0;1154.0;1756.0;11.0;-12.0;19.0;-49.0
1826.0;3074.0;5112.0;8217.0;1238.0;1815.0;1433.0;2515.0;4351.0;7331.0;1166.0;1766.0;13.0;-13.0;24.0;-49.0
1840.0;3116.0;5164.0;8289.0;1256.0;1834.0;1444.0;2538.0;4396.0;7375.0;1177.0;1790.0;5.0;-16.0;25.0;-46.0
1866.0;3152.0;5213.0;8365.0;1266.0;1846.0;1446.0;2535.0;4393.0;7361.0;1179.0;1785.0;5.0;-16.0;22.0;-52.0
1849.0;3149.0;5155.0;8343.0;1265.0;1851.0;1465.0;2557.0;4434.0;7472.0;1185.0;1795.0;5.0;-17.0;22.0;-46.0
1883.0;3166.0;5251.0;8441.0;1271.0;1851.0;1465.0;2569.0;4411.0;7444.0;1175.0;1801.0;5.0;-15.0;25.0;-46.0
1887.0;3183.0;5250.0;8426.0;1271.0;1847.0;1448.0;2544.0;4383.0;7399.0;1176.0;1787.0;7.0;-17.0;15.0;-46.0
1864.0;3154.0;5211.0;8365.0;1258.0;1840.0;1439.0;2535.0;4360.0;7343.0;1168.0;1771.0;7.0;-16.0;12.0;-48.0
1867.0;3151.0;5208.0;8358.0;1259.0;1835.0;1443.0;2545.0;4382.0;7352.0;1170.0;1782.0;7.0;-17.0;17.0;-48.0
1856.0;3144.0;5187.0;8320.0;1257.0;1843.0;1459.0;2568.0;4433.0;7409.0;1174.0;1774.0;11.0;-16.0;17.0;-48.0
1869.0;3168.0;5249.0;8215.0;1260.0;1840.0;1451.0;2505.0;4369.0;7396.0;1169.0;1774.0;11.0;-17.0;27.0;-49.0
1857.0;3137.0;5193.0;8292.0;1255.0;1837.0;1462.0;2562.0;4423.0;7396.0;1178.0;1794.0;6.0;-16.0;26.0;-48.0
1878.0;3171.0;5234.0;8371.0;1259.0;1852.0;1457.0;2551.0;4409.0;7426.0;1179.0;1792.0;5.0;-17.0;12.0;-48.0
1864.0;3145.0;5214.0;8391.0;1265.0;1843.0;1450.0;2546.0;4391.0;7366.0;1174.0;1782.0;6.0;-12.0;10.0;-48.0
1865.0;3153.0;5232.0;8361.0;1266.0;1840.0;1455.0;2559.0;4408.0;7405.0;1178.0;1785.0;8.0;-12.0;21.0;-48.0
1862.0;3145.0;5212.0;8332.0;1261.0;1850.0;1474.0;2581.0;4436.0;7406.0;1162.0;1797.0;11.0;-12.0;19.0;-48.0
1882.0;3177.0;5247.0;8400.0;1260.0;1857.0;1477.0;2591.0;4462.0;7426.0;1189.0;1791.0;7.0;-12.0;17.0;-48.0
1879.0;3166.0;5250.0;8388.0;1260.0;1827.0;1450.0;2539.0;4392.0;7370.0;1170.0;1782.0;9.0;-12.0;17.0;-48.0
1858.0;3138.0;5199.0;8296.0;1244.0;1814.0;1440.0;2506.0;4337.0;7276.0;1153.0;1754.0;18.0;-12.0;29.0;-50.0
1837.0;3093.0;5128.0;8235.0;1240.0;1795.0;1420.0;2486.0;4257.0;7180.0;1140.0;1730.0;9.0;-12.0;31.0;-50.0
1834.0;3092.0;5117.0;8210.0;1229.0;1782.0;1419.0;2471.0;4249.0;7149.0;1133.0;1716.0;9.0;-12.0;21.0;-48.0
1813.0;3055.0;5078.0;8091.0;1221.0;1772.0;1414.0;2462.0;4255.0;7119.0;1138.0;1716.0;18.0;-10.0;25.0;-47.0
1780.0;3031.0;5006.0;8050.0;1210.0;1764.0;1401.0;2453.0;4230.0;7132.0;1131.0;1718.0;16.0;-10.0;32.0;-50.0
1793.0;3060.0;5036.0;8099.0;1222.0;1791.0;1419.0;2485.0;4301.0;7219.0;1148.0;1743.0;16.0;-11.0;19.0;-51.0
1840.0;3107.0;5131.0;8186.0;1239.0;1797.0;1433.0;2501.0;4314.0;7225.0;1141.0;1741.0;1.0;-11.0;19.0;-47.0
1832.0;3088.0;5103.0;8153.0;1236.0;1799.0;1424.0;2492.0;4292.0;7205.0;1148.0;1736.0;1.0;-11.0;15.0;-51.0
1818.0;3089.0;5096.0;8180.0;1233.0;1802.0;1408.0;2476.0;4254.0;7181.0;1142.0;1728.0;1.0;-12.0;21.0;-51.0
1808.0;3064.0;5075.0;8143.0;1226.0;1788.0;1416.0;2484.0;4290.0;7186.0;1145.0;1729.0;8.0;-12.0;19.0;-50.0
1835.0;3096.0;5106.0;8141.0;1234.0;1808.0;1434.0;2506.0;4331.0;7284.0;1162.0;1762.0;8.0;-12.0;14.0;-50.0
1838.0;3107.0;5170.0;8291.0;1258.0;1835.0;1431.0;2509.0;4343.0;7337.0;1163.0;1764.0;14.0;-12.0;16.0;-50.0
1868.0;3148.0;5214.0;8347.0;1261.0;1842.0;1442.0;2525.0;4373.0;7351.0;1172.0;1773.0;12.0;-17.0;11.0;-49.0
1867.0;3150.0;5201.0;8368.0;1265.0;1841.0;1460.0;2554.0;4406.0;7404.0;1179.0;1790.0;12.0;-17.0;14.0;-49.0
1877.0;3176.0;5259.0;8436.0;1269.0;1855.0;1466.0;2547.0;4412.0;7390.0;1180.0;1789.0;12.0;-17.0;12.0;-49.0
1876.0;3179.0;5277.0;8427.0;1275.0;1854.0;1478.0;2589.0;4457.0;7433.0;1186.0;1800.0;12.0;-18.0;16.0;-49.0
1888.0;3191.0;5299.0;8469.0;1265.0;1861.0;1462.0;2565.0;4424.0;7397.0;1173.0;1794.0;13.0;-18.0;26.0;-48.0
1883.0;3182.0;5294.0;8470.0;1268.0;1844.0;1464.0;2562.0;4408.0;7407.0;1179.0;1778.0;9.0;-16.0;18.0;-46.0
1869.0;3153.0;5212.0;8348.0;1260.0;1830.0;1463.0;2550.0;4379.0;7314.0;1177.0;1779.0;14.0;-11.0;16.0;-51.0
1877.0;3158.0;5236.0;8349.0;1260.0;1823.0;1451.0;2534.0;4379.0;7306.0;1167.0;1770.0;8.0;-10.0;19.0;-51.0
1856.0;3134.0;5167.0;8245.0;1250.0;1820.0;1453.0;2535.0;4390.0;7334.0;1165.0;1766.0;7.0;-9.0;23.0;-51.0
1865.0;3136.0;5189.0;8265.0;1242.0;1812.0;1436.0;2525.0;4323.0;7259.0;1153.0;1747.0;12.0;-8.0;19.0;-51.0
1841.0;3114.0;5137.0;8273.0;1248.0;1813.0;1445.0;2532.0;4371.0;7323.0;1167.0;1778.0;5.0;-7.0;24.0;-51.0
1862.0;3146.0;5219.0;8357.0;1262.0;1827.0;1451.0;2540.0;4385.0;7365.0;1177.0;1786.0;5.0;-8.0;22.0;-51.0
1879.0;3173.0;5230.0;8362.0;1267.0;1854.0;1479.0;2573.0;4426.0;7456.0;1186.0;1801.0;5.0;-8.0;21.0;-51.0
1890.0;3182.0;5281.0;8423.0;1276.0;1863.0;1479.0;2596.0;4475.0;7482.0;1175.0;1798.0;3.0;-11.0;21.0;-51.0
1897.0;3208.0;5284.0;8448.0;1274.0;1855.0;1476.0;2572.0;4443.0;7464.0;1193.0;1798.0;10.0;-17.0;25.0;-51.0
1886.0;3183.0;5252.0;8431.0;1272.0;1852.0;1472.0;2585.0;4428.0;7436.0;1184.0;1789.0;2.0;-17.0;18.0;-54.0
1903.0;3212.0;5300.0;8439.0;1277.0;1852.0;1467.0;2574.0;4439.0;7444.0;1175.0;1785.0;16.0;-16.0;22.0;-54.0
1878.0;3169.0;5243.0;8388.0;1269.0;1856.0;1473.0;2581.0;4453.0;7463.0;1186.0;1794.0;9.0;-11.0;18.0;-51.0
1898.0;3189.0;5289.0;8409.0;1271.0;1853.0;1471.0;2569.0;4450.0;7460.0;1185.0;1785.0;11.0;-16.0;32.0;-48.0
1886.0;3183.0;5257.0;8435.0;1272.0;1847.0;1469.0;2569.0;4428.0;7420.0;1180.0;1795.0;9.0;-9.0;26.0;-51.0
1877.0;3167.0;5245.0;8427.0;1270.0;1851.0;1463.0;2567.0;4432.0;7471.0;1182.0;1798.0;17.0;-9.0;23.0;-51.0
1880.0;3180.0;5252.0;8401.0;1267.0;1853.0;1468.0;2568.0;4442.0;7475.0;1184.0;1799.0;9.0;-10.0;17.0;-52.0
1892.0;3209.0;5293.0;8430.0;1266.0;1850.0;1463.0;2559.0;4418.0;7396.0;1180.0;1772.0;6.0;-10.0;22.0;-52.0
1875.0;3160.0;5220.0;8355.0;1263.0;1846.0;1459.0;2562.0;4421.0;7387.0;1178.0;1783.0;12.0;-8.0;26.0;-53.0
1889.0;3176.0;5231.0;8387.0;1267.0;1847.0;1462.0;2560.0;4424.0;7448.0;1182.0;1796.0;7.0;-10.0;17.0;-53.0
1889.0;3185.0;5263.0;8422.0;1274.0;1866.0;1491.0;2603.0;4473.0;7509.0;1195.0;1808.0;19.0;-10.0;18.0;-53.0
1905.0;3212.0;5300.0;8475.0;1283.0;1864.0;1486.0;2596.0;4469.0;7459.0;1188.0;1805.0;7.0;-14.0;18.0;-51.0
1887.0;3205.0;5311.0;8491.0;1279.0;1862.0;1471.0;2572.0;4449.0;7504.0;1188.0;1805.0;13.0;-14.0;18.0;-51.0
1900.0;3205.0;5320.0;8472.0;1279.0;1858.0;1478.0;2582.0;4465.0;7488.0;1187.0;1799.0;5.0;-14.0;18.0;-49.0
1888.0;3189.0;5274.0;8419.0;1270.0;1856.0;1497.0;2611.0;4485.0;7461.0;1197.0;1812.0;9.0;-12.0;22.0;-49.0
1909.0;3219.0;5311.0;8428.0;1279.0;1867.0;1492.0;2601.0;4510.0;7518.0;1191.0;1804.0;9.0;-12.0;16.0;-49.0
1917.0;3216.0;5298.0;8504.0;1289.0;1877.0;1498.0;2611.0;4492.0;7542.0;1194.0;1813.0;14.0;-12.0;25.0;-45.0
1913.0;3222.0;5333.0;8513.0;1288.0;1868.0;1496.0;2609.0;4497.0;7552.0;1195.0;1821.0;12.0;-12.0;22.0;-48.0
1925.0;3253.0;5340.0;8527.0;1284.0;1875.0;1500.0;2620.0;4524.0;7575.0;1203.0;1825.0;12.0;-14.0;16.0;-48.0
1905.0;3211.0;5325.0;8524.0;1285.0;1878.0;1488.0;2601.0;4489.0;7545.0;1198.0;1814.0;8.0;-14.0;24.0;-45.0
1899.0;3211.0;5329.0;8533.0;1287.0;1871.0;1481.0;2593.0;4481.0;7536.0;1194.0;1822.0;12.0;-14.0;25.0;-45.0
1926.0;3238.0;5356.0;8538.0;1289.0;1882.0;1484.0;2602.0;4491.0;7522.0;1192.0;1818.0;12.0;-14.0;24.0;-47.0
1927.0;3233.0;5322.0;8500.0;1287.0;1864.0;1480.0;2592.0;4462.0;7495.0;1183.0;1806.0;14.0;-13.0;19.0;-47.0
1903.0;3210.0;5305.0;8504.0;1277.0;1857.0;1489.0;2605.0;4480.0;7500.0;1187.0;1800.0;16.0;-13.0;30.0;-47.0
1920.0;3231.0;5322.0;8483.0;1287.0;1867.0;1486.0;2598.0;4478.0;7516.0;1191.0;1812.0;12.0;-13.0;14.0;-47.0
1907.0;3223.0;5334.0;8523.0;1282.0;1867.0;1487.0;2591.0;4468.0;7474.0;1177.0;1793.0;12.0;-12.0;27.0;-51.0
1891.0;3189.0;5236.0;8390.0;1268.0;1852.0;1467.0;2569.0;4425.0;7419.0;1176.0;1797.0;7.0;-12.0;13.0;-51.0
1887.0;3188.0;5255.0;8412.0;1271.0;1846.0;1472.0;2568.0;4411.0;7413.0;1183.0;1798.0;10.0;-12.0;18.0;-51.0
1898.0;3200.0;5283.0;8443.0;1269.0;1859.0;1476.0;2586.0;4473.0;7489.0;1189.0;1795.0;10.0;-12.0;22.0;-47.0
1906.0;3210.0;5295.0;8493.0;1277.0;1860.0;1485.0;2595.0;4477.0;7467.0;1187.0;1791.0;10.0;-12.0;25.0;-50.0
1901.0;3207.0;5314.0;8462.0;1275.0;1868.0;1488.0;2600.0;4481.0;7501.0;1190.0;1805.0;7.0;-16.0;31.0;-47.0
1918.0;3229.0;5332.0;8468.0;1283.0;1872.0;1485.0;2602.0;4475.0;7484.0;1189.0;1813.0;6.0;-16.0;25.0;-47.0
1919.0;3233.0;5346.0;8543.0;1280.0;1873.0;1491.0;2607.0;4502.0;7498.0;1193.0;1813.0;7.0;-11.0;21.0;-48.0
1911.0;3222.0;5317.0;8477.0;1283.0;1869.0;1488.0;2602.0;4492.0;7474.0;1189.0;1818.0;20.0;-11.0;33.0;-48.0
1915.0;3220.0;5344.0;8523.0;1288.0;1883.0;1488.0;2608.0;4478.0;7523.0;1201.0;1828.0;11.0;-10.0;15.0;-48.0
1921.0;3252.0;5390.0;8583.0;1300.0;1894.0;1500.0;2630.0;4543.0;7634.0;1213.0;1838.0;11.0;-10.0;20.0;-48.0
1934.0;3269.0;5411.0;8625.0;1303.0;1897.0;1523.0;2661.0;4567.0;7664.0;1216.0;1836.0;10.0;-11.0;21.0;-48.0
1940.0;3268.0;5407.0;8684.0;1300.0;1905.0;1517.0;2664.0;4587.0;7678.0;1220.0;1840.0;8.0;-11.0;18.0;-47.0
1943.0;3273.0;5414.0;8668.0;1300.0;1893.0;1507.0;2639.0;4538.0;7605.0;1215.0;1835.0;15.0;-11.0;20.0;-47.0
1933.0;3261.0;5383.0;8617.0;1303.0;1889.0;1494.0;2630.0;4537.0;7607.0;1204.0;1827.0;11.0;-11.0;31.0;-45.0
1929.0;3256.0;5357.0;8582.0;1293.0;1880.0;1489.0;2618.0;4515.0;7561.0;1202.0;1821.0;11.0;-11.0;17.0;-45.0
1920.0;3245.0;5349.0;8527.0;1285.0;1873.0;1494.0;2622.0;4518.0;7546.0;1190.0;1806.0;18.0;-8.0;20.0;-45.0
1924.0;3240.0;5347.0;8557.0;1292.0;1887.0;1508.0;2644.0;4547.0;7625.0;1210.0;1833.0;10.0;-8.0;21.0;-46.0
1923.0;3257.0;5368.0;8592.0;1299.0;1890.0;1504.0;2632.0;4541.0;7624.0;1207.0;1826.0;10.0;-11.0;25.0;-46.0
1936.0;3261.0;5374.0;8587.0;1288.0;1885.0;1505.0;2619.0;4539.0;7566.0;1204.0;1827.0;16.0;-12.0;22.0;-46.0
1920.0;3231.0;5368.0;8622.0;1293.0;1881.0;1508.0;2619.0;4513.0;7601.0;1201.0;1813.0;10.0;-12.0;18.0;-46.0
1914.0;3241.0;5351.0;8505.0;1288.0;1869.0;1476.0;2597.0;4447.0;7475.0;1189.0;1816.0;18.0;-15.0;22.0;-46.0
1918.0;3240.0;5327.0;8511.0;1287.0;1871.0;1504.0;2613.0;4504.0;7530.0;1205.0;1815.0;10.0;-12.0;26.0;-46.0
1918.0;3229.0;5340.0;8487.0;1290.0;1870.0;1485.0;2601.0;4476.0;7507.0;1187.0;1812.0;10.0;-12.0;21.0;-45.0
1916.0;3242.0;5338.0;8510.0;1284.0;1878.0;1492.0;2625.0;4510.0;7528.0;1199.0;1807.0;10.0;-7.0;21.0;-46.0
1910.0;3215.0;5313.0;8514.0;1292.0;1883.0;1503.0;2621.0;4522.0;7595.0;1206.0;1827.0;6.0;-8.0;28.0;-47.0
1925.0;3250.0;5360.0;8593.0;1296.0;1884.0;1498.0;2633.0;4540.0;7615.0;1211.0;1828.0;11.0;-8.0;15.0;-47.0
1934.0;3271.0;5417.0;8567.0;1302.0;1891.0;1514.0;2654.0;4557.0;7644.0;1206.0;1824.0;4.0;-10.0;17.0;-47.0
1948.0;3285.0;5387.0;8601.0;1302.0;1891.0;1506.0;2646.0;4564.0;7634.0;1205.0;1829.0;5.0;-8.0;17.0;-47.0
1941.0;3266.0;5396.0;8596.0;1299.0;1880.0;1510.0;2635.0;4508.0;7574.0;1203.0;1817.0;6.0;-8.0;10.0;-47.0
1928.0;3249.0;5359.0;8532.0;1287.0;1876.0;1488.0;2605.0;4473.0;7530.0;1197.0;1818.0;8.0;-10.0;14.0;-49.0
1908.0;3213.0;5310.0;8492.0;1280.0;1869.0;1506.0;2625.0;4503.0;7561.0;1197.0;1827.0;8.0;-10.0;15.0;-45.0
1925.0;3248.0;5353.0;8553.0;1289.0;1880.0;1502.0;2634.0;4539.0;7611.0;1196.0;1824.0;7.0;-7.0;26.0;-45.0
1926.0;3262.0;5364.0;8566.0;1292.0;1889.0;1513.0;2656.0;4550.0;7636.0;1212.0;1834.0;7.0;-10.0;13.0;-48.0
1919.0;3260.0;5365.0;8596.0;1293.0;1885.0;1506.0;2623.0;4535.0;7607.0;1205.0;1829.0;14.0;-13.0;22.0;-49.0
1942.0;3267.0;5372.0;8599.0;1292.0;1877.0;1494.0;2605.0;4512.0;7549.0;1194.0;1813.0;14.0;-13.0;16.0;-48.0
1907.0;3218.0;5315.0;8496.0;1282.0;1869.0;1487.0;2610.0;4492.0;7508.0;1196.0;1813.0;15.0;-13.0;28.0;-49.0
1919.0;3247.0;5368.0;8542.0;1282.0;1872.0;1495.0;2607.0;4509.0;7529.0;1194.0;1789.0;22.0;-13.0;27.0;-48.0
1906.0;3224.0;5308.0;8445.0;1281.0;1860.0;1497.0;2615.0;4498.0;7508.0;1186.0;1798.0;15.0;-10.0;16.0;-48.0
1894.0;3197.0;5314.0;8507.0;1284.0;1855.0;1484.0;2592.0;4464.0;7499.0;1187.0;1793.0;7.0;-7.0;23.0;-48.0
1908.0;3219.0;5310.0;8523.0;1282.0;1870.0;1488.0;2596.0;4475.0;7572.0;1199.0;1812.0;5.0;-7.0;22.0;-48.0
1921.0;3243.0;5371.0;8557.0;1288.0;1879.0;1510.0;2629.0;4521.0;7542.0;1201.0;1813.0;5.0;-6.0;16.0;-46.0
1929.0;3251.0;5370.0;8563.0;1289.0;1879.0;1506.0;2618.0;4516.0;7542.0;1192.0;1819.0;4.0;-6.0;23.0;-46.0
1906.0;3218.0;5342.0;8536.0;1286.0;1875.0;1500.0;2620.0;4512.0;7569.0;1188.0;1814.0;5.0;-9.0;10.0;-46.0
1904.0;3214.0;5339.0;8469.0;1283.0;1866.0;1493.0;2601.0;4494.0;7525.0;1193.0;1804.0;5.0;-13.0;23.0;-46.0
1896.0;3201.0;5310.0;8466.0;1273.0;1870.0;1482.0;2597.0;4478.0;7502.0;1195.0;1800.0;9.0;-9.0;27.0;-46.0
1909.0;3216.0;5334.0;8460.0;1278.0;1864.0;1483.0;2593.0;4452.0;7494.0;1187.0;1805.0;16.0;-13.0;26.0;-46.0
1897.0;3212.0;5286.0;8365.0;1274.0;1868.0;1495.0;2604.0;4484.0;7518.0;1188.0;1805.0;9.0;-9.0;16.0;-46.0
1923.0;3239.0;5345.0;8506.0;1279.0;1863.0;1489.0;2595.0;4474.0;7463.0;1184.0;1801.0;8.0;-11.0;20.0;-46.0
1899.0;3211.0;5314.0;8497.0;1279.0;1866.0;1503.0;2626.0;4532.0;7547.0;1206.0;1813.0;8.0;-11.0;20.0;-46.0
1919.0;3255.0;5369.0;8578.0;1297.0;1895.0;1509.0;2636.0;4553.0;7609.0;1204.0;1827.0;8.0;-14.0;24.0;-46.0
1921.0;3235.0;5377.0;8629.0;1301.0;1913.0;1517.0;2657.0;4562.0;7652.0;1210.0;1838.0;8.0;-11.0;20.0;-46.0
1948.0;3286.0;5430.0;8691.0;1309.0;1902.0;1526.0;2652.0;4557.0;7573.0;1218.0;1838.0;9.0;-11.0;26.0;-46.0
1947.0;3272.0;5424.0;8635.0;1307.0;1904.0;1519.0;2661.0;4576.0;7684.0;1217.0;1836.0;9.0;-8.0;19.0;-46.0
1945.0;3279.0;5396.0;8650.0;1303.0;1890.0;1521.0;2652.0;4532.0;7630.0;1212.0;1840.0;13.0;-8.0;19.0;-46.0
1931.0;3271.0;5400.0;8616.0;1307.0;1884.0;1513.0;2629.0;4547.0;7575.0;1205.0;1813.0;11.0;-8.0;22.0;-46.0
1928.0;3266.0;5381.0;8606.0;1293.0;1881.0;1506.0;2637.0;4542.0;7587.0;1196.0;1820.0;10.0;-10.0;17.0;-46.0
1937.0;3260.0;5405.0;8582.0;1293.0;1886.0;1499.0;2628.0;4535.0;7597.0;1204.0;1827.0;10.0;-11.0;20.0;-46.0
1925.0;3249.0;5390.0;8595.0;1282.0;1889.0;1495.0;2624.0;4536.0;7617.0;1212.0;1830.0;9.0;-12.0;15.0;-46.0
1933.0;3269.0;5428.0;8617.0;1303.0;1901.0;1525.0;2653.0;4562.0;7645.0;1221.0;1836.0;10.0;-12.0;19.0;-46.0
1948.0;3292.0;5424.0;8644.0;1306.0;1903.0;1536.0;2675.0;4617.0;7726.0;1219.0;1854.0;9.0;-13.0;29.0;-50.0
1957.0;3301.0;5476.0;8745.0;1314.0;1913.0;1529.0;2673.0;4596.0;7699.0;1224.0;1855.0;9.0;-13.0;13.0;-48.0
1953.0;3297.0;5481.0;8711.0;1313.0;1904.0;1541.0;2692.0;4624.0;7706.0;1220.0;1844.0;9.0;-13.0;16.0;-48.0
1957.0;3296.0;5440.0;8644.0;1313.0;1896.0;1526.0;2651.0;4566.0;7668.0;1210.0;1854.0;19.0;-13.0;18.0;-48.0
1977.0;3326.0;5467.0;8680.0;1314.0;1906.0;1536.0;2682.0;4601.0;7708.0;1223.0;1854.0;12.0;-14.0;27.0;-50.0
1969.0;3324.0;5484.0;8716.0;1313.0;1913.0;1532.0;2669.0;4621.0;7731.0;1229.0;1850.0;12.0;-15.0;30.0;-50.0
1966.0;3317.0;5463.0;8538.0;1314.0;1906.0;1541.0;2698.0;4615.0;7712.0;1226.0;1847.0;11.0;-15.0;25.0;-50.0
1951.0;3285.0;5444.0;8670.0;1314.0;1910.0;1535.0;2683.0;4620.0;7705.0;1223.0;1851.0;4.0;-14.0;25.0;-50.0
1957.0;3300.0;5450.0;8683.0;1308.0;1897.0;1512.0;2657.0;4573.0;7623.0;1207.0;1827.0;4.0;-14.0;18.0;-50.0
1944.0;3284.0;5418.0;8667.0;1298.0;1882.0;1517.0;2652.0;4567.0;7619.0;1209.0;1813.0;10.0;-14.0;12.0;-50.0
1910.0;3224.0;5335.0;8524.0;1299.0;1884.0;1521.0;2648.0;4520.0;7578.0;1204.0;1825.0;15.0;-13.0;26.0;-50.0
1949.0;3277.0;5403.0;8643.0;1299.0;1892.0;1517.0;2653.0;4573.0;7602.0;1205.0;1826.0;10.0;-13.0;17.0;-50.0
1930.0;3269.0;5404.0;8633.0;1303.0;1896.0;1518.0;2653.0;4576.0;7639.0;1204.0;1830.0;5.0;-13.0;19.0;-53.0
1937.0;3256.0;5396.0;8624.0;1300.0;1896.0;1510.0;2652.0;4561.0;7664.0;1212.0;1838.0;2.0;-13.0;15.0;-53.0
1929.0;3253.0;5417.0;8641.0;1306.0;1897.0;1515.0;2643.0;4568.0;7646.0;1215.0;1842.0;2.0;-15.0;11.0;-51.0
1949.0;3283.0;5421.0;8705.0;1314.0;1913.0;1550.0;2707.0;4636.0;7741.0;1227.0;1852.0;5.0;-15.0;23.0;-53.0
1984.0;3328.0;5475.0;8704.0;1317.0;1930.0;1546.0;2686.0;4618.0;7791.0;1236.0;1866.0;8.0;-13.0;16.0;-53.0
1967.0;3326.0;5489.0;8785.0;1323.0;1926.0;1539.0;2693.0;4644.0;7770.0;1237.0;1873.0;15.0;-12.0;25.0;-51.0
1978.0;3327.0;5489.0;8802.0;1331.0;1939.0;1554.0;2717.0;4683.0;7795.0;1237.0;1869.0;11.0;-12.0;26.0;-50.0
1967.0;3314.0;5472.0;8767.0;1327.0;1927.0;1547.0;2702.0;4650.0;7752.0;1232.0;1859.0;13.0;-12.0;27.0;-50.0
1976.0;3331.0;5497.0;8752.0;1322.0;1920.0;1544.0;2687.0;4631.0;7754.0;1227.0;1864.0;11.0;-12.0;16.0;-50.0
1980.0;3331.0;5490.0;8800.0;1329.0;1933.0;1558.0;2715.0;4663.0;7813.0;1239.0;1879.0;11.0;-12.0;24.0;-50.0
1976.0;3349.0;5542.0;8853.0;1328.0;1931.0;1543.0;2708.0;4652.0;7749.0;1233.0;1874.0;10.0;-13.0;13.0;-49.0
1991.0;3349.0;5536.0;8848.0;1327.0;1924.0;1568.0;2715.0;4673.0;7778.0;1225.0;1869.0;10.0;-13.0;17.0;-48.0
1991.0;3355.0;5523.0;8807.0;1323.0;1932.0;1560.0;2711.0;4662.0;7812.0;1234.0;1870.0;12.0;-13.0;27.0;-48.0
1981.0;3322.0;5491.0;8760.0;1322.0;1920.0;1534.0;2685.0;4614.0;7704.0;1223.0;1861.0;13.0;-12.0;22.0;-48.0
1978.0;3343.0;5481.0;8698.0;1316.0;1915.0;1536.0;2682.0;4608.0;7717.0;1226.0;1852.0;11.0;-13.0;22.0;-45.0
1969.0;3322.0;5458.0;8721.0;1320.0;1915.0;1536.0;2677.0;4548.0;7731.0;1234.0;1871.0;12.0;-8.0;27.0;-48.0
1979.0;3332.0;5495.0;8759.0;1325.0;1927.0;1552.0;2719.0;4651.0;7844.0;1230.0;1868.0;11.0;-8.0;16.0;-47.0
1985.0;3351.0;5527.0;8799.0;1325.0;1927.0;1564.0;2722.0;4669.0;7788.0;1238.0;1869.0;16.0;-12.0;24.0;-50.0
1981.0;3342.0;5498.0;8800.0;1325.0;1929.0;1553.0;2710.0;4667.0;7811.0;1226.0;1853.0;7.0;-13.0;15.0;-48.0
1981.0;3331.0;5484.0;8759.0;1318.0;1911.0;1550.0;2710.0;4647.0;7744.0;1228.0;1853.0;18.0;-13.0;28.0;-51.0
1989.0;3339.0;5512.0;8830.0;1327.0;1920.0;1539.0;2685.0;4569.0;7684.0;1227.0;1860.0;7.0;-15.0;14.0;-50.0
1966.0;3324.0;5499.0;8774.0;1319.0;1918.0;1549.0;2700.0;4653.0;7773.0;1231.0;1870.0;12.0;-16.0;23.0;-50.0
2000.0;3356.0;5545.0;8808.0;1327.0;1923.0;1550.0;2705.0;4611.0;7742.0;1223.0;1864.0;6.0;-16.0;15.0;-50.0
1985.0;3340.0;5493.0;8802.0;1317.0;1912.0;1539.0;2690.0;4624.0;7665.0;1219.0;1841.0;5.0;-17.0;23.0;-52.0
1958.0;3297.0;5421.0;8621.0;1303.0;1910.0;1536.0;2687.0;4634.0;7684.0;1218.0;1849.0;6.0;-17.0;19.0;-51.0
1958.0;3299.0;5450.0;8677.0;1315.0;1905.0;1534.0;2682.0;4607.0;7693.0;1220.0;1848.0;6.0;-17.0;31.0;-51.0
1946.0;3287.0;5437.0;8689.0;1310.0;1904.0;1543.0;2690.0;4629.0;7711.0;1223.0;1842.0;8.0;-13.0;21.0;-51.0
1960.0;3308.0;5463.0;8704.0;1309.0;1898.0;1532.0;2665.0;4597.0;7657.0;1223.0;1857.0;6.0;-12.0;21.0;-50.0
1960.0;3311.0;5451.0;8738.0;1317.0;1907.0;1539.0;2694.0;4620.0;7666.0;1218.0;1846.0;11.0;-12.0;19.0;-50.0
1955.0;3298.0;5441.0;8714.0;1312.0;1897.0;1531.0;2670.0;4584.0;7670.0;1213.0;1837.0;8.0;-12.0;23.0;-50.0
1969.0;3308.0;5422.0;8658.0;1305.0;1889.0;1536.0;2665.0;4575.0;7664.0;1207.0;1833.0;10.0;-12.0;22.0;-50.0
1947.0;3274.0;5397.0;8657.0;1301.0;1888.0;1542.0;2679.0;4610.0;7623.0;1211.0;1819.0;8.0;-15.0;28.0;-50.0
1927.0;3252.0;5378.0;8587.0;1292.0;1871.0;1506.0;2645.0;4541.0;7536.0;1189.0;1812.0;8.0;-16.0;22.0;-50.0
1927.0;3245.0;5348.0;8535.0;1288.0;1869.0;1524.0;2634.0;4560.0;7634.0;1207.0;1817.0;7.0;-16.0;16.0;-50.0
1942.0;3277.0;5390.0;8574.0;1298.0;1892.0;1523.0;2664.0;4576.0;7647.0;1213.0;1838.0;5.0;-15.0;24.0;-49.0
1941.0;3287.0;5451.0;8697.0;1305.0;1894.0;1535.0;2678.0;4596.0;7707.0;1210.0;1842.0;7.0;-15.0;16.0;-49.0
1963.0;3304.0;5441.0;8691.0;1306.0;1904.0;1537.0;2683.0;4607.0;7707.0;1224.0;1860.0;10.0;-14.0;21.0;-50.0
1960.0;3337.0;5490.0;8763.0;1327.0;1927.0;1557.0;2713.0;4663.0;7801.0;1241.0;1874.0;15.0;-14.0;27.0;-50.0
1975.0;3335.0;5480.0;8817.0;1331.0;1938.0;1566.0;2734.0;4688.0;7798.0;1242.0;1868.0;17.0;-14.0;29.0;-49.0
1994.0;3357.0;5537.0;8842.0;1333.0;1944.0;1566.0;2738.0;4702.0;7892.0;1246.0;1892.0;9.0;-14.0;21.0;-50.0
2017.0;3411.0;5587.0;8923.0;1352.0;1955.0;1577.0;2760.0;4743.0;7889.0;1255.0;1895.0;12.0;-13.0;29.0;-50.0
2013.0;3392.0;5613.0;8923.0;1350.0;1965.0;1585.0;2748.0;4707.0;7898.0;1256.0;1895.0;10.0;-14.0;22.0;-44.0
2012.0;3388.0;5628.0;8946.0;1349.0;1954.0;1599.0;2774.0;4744.0;7967.0;1261.0;1891.0;11.0;-14.0;17.0;-50.0
2019.0;3380.0;5587.0;8845.0;1339.0;1957.0;1579.0;2752.0;4766.0;7945.0;1261.0;1902.0;10.0;-13.0;13.0;-51.0
2014.0;3389.0;5612.0;8940.0;1347.0;1959.0;1576.0;2749.0;4725.0;7904.0;1220.0;1893.0;3.0;-8.0;17.0;-52.0
2005.0;3390.0;5527.0;8943.0;1345.0;1962.0;1584.0;2765.0;4747.0;7912.0;1253.0;1896.0;4.0;-14.0;30.0;-51.0
2014.0;3381.0;5591.0;8919.0;1344.0;1950.0;1574.0;2743.0;4715.0;7866.0;1245.0;1886.0;10.0;-9.0;25.0;-51.0
2004.0;3377.0;5585.0;8927.0;1340.0;1951.0;1574.0;2741.0;4728.0;7893.0;1246.0;1884.0;10.0;-8.0;29.0;-51.0
2002.0;3378.0;5577.0;8895.0;1336.0;1947.0;1571.0;2746.0;4696.0;7881.0;1254.0;1894.0;12.0;-9.0;25.0;-47.0
1998.0;3371.0;5571.0;8916.0;1340.0;1958.0;1578.0;2747.0;4728.0;7876.0;1248.0;1903.0;8.0;-14.0;19.0;-47.0
1998.0;3370.0;5565.0;8915.0;1342.0;1946.0;1584.0;2754.0;4742.0;7916.0;1254.0;1899.0;8.0;-10.0;22.0;-46.0
2020.0;3405.0;5616.0;8974.0;1349.0;1957.0;1579.0;2758.0;4757.0;7943.0;1254.0;1895.0;11.0;-12.0;19.0;-46.0
2025.0;3407.0;5619.0;8966.0;1347.0;1955.0;1579.0;2760.0;4728.0;7906.0;1254.0;1877.0;4.0;-14.0;17.0;-46.0
1999.0;3369.0;5537.0;8865.0;1340.0;1937.0;1566.0;2737.0;4685.0;7806.0;1243.0;1883.0;13.0;-14.0;26.0;-46.0
2005.0;3377.0;5562.0;8899.0;1334.0;1930.0;1562.0;2723.0;4695.0;7803.0;1238.0;1874.0;7.0;-12.0;23.0;-46.0
1997.0;3363.0;5551.0;8795.0;1325.0;1941.0;1559.0;2715.0;4674.0;7801.0;1234.0;1864.0;18.0;-12.0;22.0;-46.0
1985.0;3334.0;5524.0;8783.0;1328.0;1921.0;1564.0;2721.0;4665.0;7774.0;1227.0;1851.0;7.0;-13.0;22.0;-46.0
1976.0;3324.0;5492.0;8723.0;1317.0;1925.0;1570.0;2733.0;4693.0;7823.0;1240.0;1876.0;16.0;-12.0;30.0;-47.0
2014.0;3391.0;5578.0;8840.0;1331.0;1942.0;1585.0;2760.0;4741.0;7873.0;1248.0;1882.0;8.0;-12.0;26.0;-47.0
1995.0;3368.0;5573.0;8835.0;1337.0;1939.0;1560.0;2728.0;4651.0;7794.0;1241.0;1867.0;8.0;-13.0;26.0;-46.0
2006.0;3374.0;5560.0;8871.0;1338.0;1934.0;1565.0;2728.0;4665.0;7787.0;1234.0;1871.0;8.0;-15.0;17.0;-47.0
1993.0;3370.0;5556.0;8852.0;1330.0;1932.0;1559.0;2725.0;4673.0;7804.0;1238.0;1872.0;14.0;-15.0;34.0;-52.0
1985.0;3343.0;5542.0;8798.0;1334.0;1947.0;1581.0;2727.0;4718.0;7884.0;1242.0;1870.0;11.0;-15.0;24.0;-54.0
1995.0;3371.0;5547.0;8881.0;1337.0;1951.0;1579.0;2753.0;4726.0;7925.0;1244.0;1894.0;22.0;-14.0;18.0;-52.0
2016.0;3380.0;5585.0;8912.0;1335.0;1944.0;1576.0;2749.0;4695.0;7847.0;1242.0;1889.0;11.0;-14.0;26.0;-52.0
2018.0;3397.0;5595.0;8977.0;1344.0;1948.0;1576.0;2744.0;4715.0;7892.0;1250.0;1889.0;8.0;-12.0;24.0;-52.0
2013.0;3388.0;5611.0;8912.0;1335.0;1949.0;1591.0;2764.0;4724.0;7888.0;1251.0;1898.0;8.0;-14.0;18.0;-52.0
2016.0;3406.0;5595.0;8951.0;1345.0;1955.0;1588.0;2769.0;4766.0;7906.0;1252.0;1894.0;8.0;-12.0;15.0;-50.0
2021.0;3390.0;5574.0;8933.0;1346.0;1958.0;1578.0;2756.0;4731.0;7867.0;1237.0;1896.0;8.0;-12.0;17.0;-49.0
1995.0;3373.0;5555.0;8868.0;1340.0;1948.0;1573.0;2753.0;4698.0;7875.0;1249.0;1885.0;8.0;-14.0;16.0;-50.0
2024.0;3388.0;5597.0;8927.0;1342.0;1960.0;1580.0;2762.0;4723.0;7917.0;1256.0;1906.0;4.0;-14.0;17.0;-51.0
2027.0;3415.0;5625.0;8959.0;1357.0;1964.0;1582.0;2753.0;4742.0;7904.0;1247.0;1891.0;10.0;-12.0;14.0;-51.0
2023.0;3393.0;5588.0;8903.0;1346.0;1955.0;1573.0;2755.0;4718.0;7902.0;1246.0;1891.0;9.0;-12.0;17.0;-51.0
2009.0;3380.0;5562.0;8818.0;1334.0;1942.0;1573.0;2727.0;4694.0;7814.0;1243.0;1866.0;9.0;-12.0;19.0;-52.0
2009.0;3381.0;5573.0;8832.0;1333.0;1934.0;1564.0;2724.0;4696.0;7856.0;1247.0;1875.0;14.0;-11.0;26.0;-52.0
1999.0;3355.0;5523.0;8822.0;1331.0;1935.0;1561.0;2727.0;4674.0;7794.0;1236.0;1865.0;12.0;-11.0;31.0;-51.0
2000.0;3323.0;5516.0;8733.0;1309.0;1862.0;1534.0;2668.0;4566.0;7583.0;1199.0;1813.0;14.0;-15.0;28.0;-47.0
1973.0;3310.0;5465.0;8683.0;1309.0;1896.0;1546.0;2707.0;4623.0;7679.0;1218.0;1854.0;13.0;-15.0;19.0;-47.0
1984.0;3343.0;5505.0;8790.0;1325.0;1925.0;1573.0;2737.0;4666.0;7816.0;1232.0;1864.0;13.0;-16.0;21.0;-47.0
1996.0;3357.0;5559.0;8839.0;1326.0;1944.0;1580.0;2752.0;4716.0;7847.0;1246.0;1880.0;16.0;-16.0;28.0;-47.0
2007.0;3384.0;5570.0;8899.0;1339.0;1949.0;1604.0;2781.0;4766.0;7939.0;1254.0;1895.0;13.0;-16.0;19.0;-47.0
2018.0;3407.0;5631.0;8946.0;1348.0;1954.0;1583.0;2752.0;4737.0;7900.0;1257.0;1901.0;16.0;-12.0;22.0;-49.0
2021.0;3409.0;5624.0;8952.0;1347.0;1964.0;1599.0;2776.0;4771.0;7878.0;1255.0;1906.0;17.0;-16.0;17.0;-49.0
2036.0;3424.0;5614.0;8955.0;1349.0;1958.0;1582.0;2750.0;4714.0;7860.0;1250.0;1886.0;19.0;-14.0;30.0;-47.0
2023.0;3400.0;5578.0;8868.0;1337.0;1934.0;1570.0;2729.0;4708.0;7846.0;1244.0;1867.0;12.0;-14.0;23.0;-48.0
2006.0;3368.0;5550.0;8852.0;1325.0;1922.0;1559.0;2711.0;4650.0;7773.0;1234.0;1853.0;12.0;-14.0;24.0;-48.0
1973.0;3325.0;5491.0;8747.0;1323.0;1928.0;1575.0;2729.0;4714.0;7836.0;1238.0;1875.0;10.0;-14.0;23.0;-48.0
2000.0;3371.0;5537.0;8853.0;1334.0;1936.0;1577.0;2752.0;4730.0;7854.0;1242.0;1869.0;16.0;-14.0;22.0;-47.0
2009.0;3384.0;5566.0;8851.0;1328.0;1929.0;1548.0;2709.0;4682.0;7811.0;1234.0;1861.0;14.0;-11.0;26.0;-47.0
1995.0;3365.0;5537.0;8847.0;1325.0;1934.0;1569.0;2728.0;4675.0;7791.0;1238.0;1860.0;7.0;-12.0;18.0;-47.0
1997.0;3358.0;5537.0;8826.0;1325.0;1915.0;1553.0;2706.0;4629.0;7736.0;1230.0;1861.0;8.0;-12.0;21.0;-47.0
1982.0;3345.0;5516.0;8765.0;1323.0;1919.0;1558.0;2722.0;4677.0;7799.0;1229.0;1869.0;8.0;-12.0;17.0;-47.0
1984.0;3337.0;5519.0;8860.0;1328.0;1932.0;1571.0;2735.0;4698.0;7796.0;1235.0;1871.0;10.0;-12.0;23.0;-47.0
1987.0;3358.0;5538.0;8825.0;1335.0;1939.0;1573.0;2744.0;4705.0;7838.0;1243.0;1878.0;19.0;-12.0;18.0;-49.0
2004.0;3375.0;5566.0;8888.0;1335.0;1938.0;1562.0;2723.0;4686.0;7843.0;1244.0;1872.0;19.0;-9.0;23.0;-49.0
2000.0;3366.0;5563.0;8877.0;1328.0;1932.0;1571.0;2729.0;4686.0;7805.0;1236.0;1855.0;22.0;-9.0;32.0;-49.0
1981.0;3349.0;5509.0;8819.0;1332.0;1934.0;1581.0;2737.0;4705.0;7925.0;1246.0;1881.0;20.0;-9.0;31.0;-48.0
1999.0;3368.0;5525.0;8850.0;1339.0;1951.0;1604.0;2787.0;4767.0;7964.0;1262.0;1907.0;16.0;-9.0;18.0;-48.0
2017.0;3405.0;5643.0;8983.0;1358.0;1976.0;1606.0;2796.0;4777.0;7983.0;1262.0;1923.0;16.0;-10.0;25.0;-48.0
2033.0;3421.0;5659.0;9054.0;1365.0;1983.0;1609.0;2797.0;4766.0;7981.0;1263.0;1908.0;8.0;-17.0;15.0;-47.0
2042.0;3440.0;5685.0;9032.0;1358.0;1980.0;1601.0;2795.0;4810.0;8016.0;1254.0;1920.0;15.0;-17.0;27.0;-48.0
2056.0;3466.0;5708.0;9061.0;1358.0;1984.0;1614.0;2820.0;4820.0;8021.0;1274.0;1925.0;10.0;-16.0;15.0;-47.0
2056.0;3469.0;5698.0;9116.0;1360.0;1990.0;1603.0;2784.0;4810.0;8003.0;1272.0;1916.0;10.0;-10.0;16.0;-49.0
2045.0;3433.0;5658.0;9038.0;1362.0;1989.0;1622.0;2822.0;4822.0;8055.0;1270.0;1921.0;19.0;-10.0;21.0;-49.0
2037.0;3438.0;5671.0;9015.0;1364.0;1985.0;1606.0;2800.0;4826.0;8092.0;1277.0;1929.0;21.0;-10.0;26.0;-49.0
2054.0;3459.0;5691.0;9057.0;1370.0;1995.0;1629.0;2832.0;4864.0;8136.0;1282.0;1942.0;15.0;-9.0;26.0;-49.0
2061.0;3465.0;5699.0;9103.0;1380.0;1999.0;1620.0;2826.0;4833.0;8069.0;1282.0;1937.0;15.0;-10.0;27.0;-49.0
2073.0;3495.0;5743.0;9120.0;1382.0;1994.0;1643.0;2841.0;4832.0;8116.0;1280.0;1938.0;8.0;-10.0;29.0;-48.0
2091.0;3517.0;5776.0;9195.0;1384.0;1998.0;1635.0;2843.0;4857.0;8093.0;1276.0;1935.0;13.0;-13.0;23.0;-48.0
2066.0;3492.0;5729.0;9133.0;1375.0;1985.0;1617.0;2809.0;4829.0;8033.0;1271.0;1916.0;13.0;-14.0;25.0;-50.0
2042.0;3435.0;5662.0;9012.0;1356.0;1976.0;1622.0;2810.0;4816.0;8040.0;1277.0;1925.0;20.0;-14.0;22.0;-51.0
2053.0;3452.0;5689.0;9083.0;1363.0;1992.0;1628.0;2825.0;4836.0;8025.0;1272.0;1921.0;10.0;-13.0;27.0;-51.0
2069.0;3457.0;5701.0;9050.0;1370.0;1985.0;1619.0;2816.0;4840.0;8080.0;1279.0;1928.0;10.0;-14.0;23.0;-51.0
2041.0;3439.0;5666.0;9055.0;1363.0;1988.0;1624.0;2813.0;4832.0;8033.0;1273.0;1920.0;14.0;-14.0;26.0;-50.0
2043.0;3440.0;5650.0;9073.0;1367.0;1978.0;1598.0;2794.0;4750.0;8003.0;1270.0;1881.0;11.0;-14.0;23.0;-50.0
2044.0;3453.0;5684.0;9060.0;1367.0;1983.0;1614.0;2804.0;4820.0;8001.0;1270.0;1922.0;12.0;-14.0;23.0;-49.0
2057.0;3466.0;5699.0;9063.0;1363.0;1982.0;1626.0;2825.0;4837.0;8038.0;1275.0;1913.0;6.0;-15.0;10.0;-50.0
2059.0;3446.0;5683.0;9015.0;1363.0;1980.0;1618.0;2798.0;4795.0;8004.0;1260.0;1901.0;4.0;-15.0;9.0;-51.0
2040.0;3436.0;5668.0;8995.0;1347.0;1963.0;1595.0;2766.0;4752.0;7908.0;1246.0;1891.0;5.0;-11.0;17.0;-51.0
2035.0;3419.0;5647.0;8945.0;1348.0;1950.0;1600.0;2782.0;4760.0;7927.0;1244.0;1879.0;14.0;-11.0;26.0;-51.0
2012.0;3398.0;5576.0;8882.0;1334.0;1940.0;1575.0;2747.0;4724.0;7834.0;1243.0;1874.0;8.0;-10.0;26.0;-51.0
1998.0;3367.0;5541.0;8844.0;1327.0;1931.0;1572.0;2735.0;4683.0;7813.0;1241.0;1875.0;9.0;-10.0;25.0;-52.0
2010.0;3388.0;5550.0;8837.0;1331.0;1931.0;1564.0;2722.0;4678.0;7780.0;1234.0;1867.0;9.0;-10.0;20.0;-51.0
2003.0;3372.0;5555.0;8835.0;1329.0;1937.0;1576.0;2719.0;4687.0;7839.0;1239.0;1879.0;11.0;-10.0;14.0;-52.0
2007.0;3366.0;5516.0;8812.0;1334.0;1939.0;1585.0;2766.0;4739.0;7890.0;1249.0;1878.0;15.0;-10.0;23.0;-52.0
2013.0;3396.0;5585.0;8873.0;1339.0;1956.0;1590.0;2769.0;4738.0;7936.0;1253.0;1888.0;11.0;-10.0;18.0;-50.0
2013.0;3389.0;5620.0;8948.0;1352.0;1954.0;1597.0;2780.0;4775.0;7950.0;1253.0;1904.0;11.0;-10.0;17.0;-50.0
2034.0;3428.0;5625.0;8962.0;1352.0;1970.0;1606.0;2789.0;4752.0;7906.0;1255.0;1902.0;11.0;-8.0;18.0;-51.0
2053.0;3447.0;5658.0;8995.0;1353.0;1962.0;1592.0;2782.0;4759.0;7944.0;1261.0;1908.0;9.0;-8.0;23.0;-49.0
2043.0;3437.0;5663.0;9026.0;1358.0;1974.0;1602.0;2789.0;4777.0;7980.0;1264.0;1904.0;11.0;-12.0;20.0;-49.0
2032.0;3436.0;5653.0;9003.0;1359.0;1970.0;1604.0;2791.0;4805.0;8012.0;1262.0;1909.0;9.0;-12.0;21.0;-48.0
2048.0;3456.0;5690.0;9097.0;1365.0;1983.0;1609.0;2803.0;4814.0;8064.0;1271.0;1922.0;9.0;-12.0;14.0;-45.0
2067.0;3475.0;5712.0;9093.0;1367.0;1971.0;1623.0;2814.0;4823.0;8010.0;1266.0;1917.0;13.0;-13.0;18.0;-45.0
2062.0;3473.0;5711.0;9114.0;1361.0;1986.0;1628.0;2829.0;4836.0;8052.0;1280.0;1917.0;9.0;-13.0;19.0;-43.0
2056.0;3438.0;5683.0;9090.0;1362.0;1978.0;1606.0;2789.0;4812.0;8018.0;1265.0;1924.0;7.0;-13.0;16.0;-42.0
2061.0;3471.0;5699.0;9059.0;1364.0;1985.0;1610.0;2793.0;4804.0;8016.0;1269.0;1918.0;10.0;-13.0;31.0;-42.0
2056.0;3468.0;5680.0;9079.0;1363.0;1977.0;1599.0;2792.0;4802.0;7999.0;1263.0;1909.0;9.0;-13.0;17.0;-45.0
2041.0;3430.0;5657.0;9054.0;1361.0;1985.0;1603.0;2819.0;4815.0;8071.0;1279.0;1922.0;8.0;-12.0;20.0;-45.0
2070.0;3474.0;5715.0;9128.0;1375.0;1983.0;1627.0;2818.0;4827.0;8034.0;1271.0;1904.0;8.0;-12.0;17.0;-48.0
2056.0;3466.0;5728.0;9058.0;1361.0;1970.0;1598.0;2778.0;4776.0;7905.0;1265.0;1907.0;4.0;-11.0;20.0;-49.0
2042.0;3456.0;5676.0;9029.0;1355.0;1970.0;1615.0;2808.0;4821.0;8041.0;1265.0;1912.0;4.0;-11.0;15.0;-51.0
2033.0;3436.0;5625.0;8947.0;1356.0;1968.0;1603.0;2793.0;4773.0;7986.0;1260.0;1911.0;9.0;-11.0;24.0;-49.0
2035.0;3425.0;5626.0;8959.0;1349.0;1964.0;1604.0;2781.0;4775.0;7973.0;1260.0;1901.0;-1.0;-11.0;15.0;-50.0
2031.0;3423.0;5622.0;8996.0;1348.0;1959.0;1595.0;2776.0;4759.0;7916.0;1257.0;1900.0;4.0;-8.0;21.0;-50.0
2053.0;3432.0;5641.0;8952.0;1352.0;1964.0;1607.0;2787.0;4775.0;7962.0;1256.0;1891.0;8.0;-11.0;19.0;-46.0
2034.0;3441.0;5688.0;9034.0;1357.0;1966.0;1602.0;2795.0;4801.0;7987.0;1261.0;1905.0;4.0;-11.0;19.0;-46.0
2058.0;3465.0;5683.0;9021.0;1359.0;1976.0;1596.0;2782.0;4790.0;7999.0;1260.0;1910.0;2.0;-11.0;19.0;-48.0
2046.0;3446.0;5686.0;9038.0;1354.0;1972.0;1615.0;2802.0;4806.0;7984.0;1262.0;1901.0;4.0;-12.0;11.0;-48.0
2047.0;3444.0;5674.0;8979.0;1358.0;1970.0;1604.0;2780.0;4805.0;8009.0;1261.0;1916.0;2.0;-12.0;12.0;-49.0
2051.0;3451.0;5668.0;8991.0;1368.0;1988.0;1630.0;2838.0;4860.0;8052.0;1268.0;1934.0;2.0;-12.0;12.0;-50.0
2074.0;3483.0;5738.0;9168.0;1379.0;2004.0;1624.0;2824.0;4788.0;8042.0;1267.0;1928.0;6.0;-12.0;11.0;-50.0
2072.0;3479.0;5752.0;9136.0;1372.0;1997.0;1630.0;2822.0;4851.0;8103.0;1276.0;1940.0;6.0;-11.0;12.0;-50.0
2066.0;3480.0;5725.0;9121.0;1377.0;2000.0;1624.0;2826.0;4857.0;8099.0;1278.0;1932.0;6.0;-11.0;10.0;-54.0
2078.0;3484.0;5754.0;9142.0;1375.0;2004.0;1646.0;2847.0;4896.0;8197.0;1289.0;1946.0;6.0;-11.0;16.0;-52.0
2076.0;3511.0;5768.0;9199.0;1392.0;2016.0;1665.0;2876.0;4906.0;8196.0;1293.0;1959.0;8.0;-9.0;14.0;-52.0
2090.0;3527.0;5785.0;9202.0;1386.0;2017.0;1660.0;2879.0;4909.0;8165.0;1297.0;1953.0;13.0;-11.0;23.0;-48.0
2097.0;3517.0;5743.0;9158.0;1384.0;2010.0;1647.0;2843.0;4912.0;8132.0;1289.0;1944.0;19.0;-15.0;26.0;-52.0
2098.0;3525.0;5819.0;9238.0;1387.0;2012.0;1631.0;2853.0;4873.0;8115.0;1280.0;1948.0;9.0;-12.0;23.0;-48.0
2081.0;3501.0;5764.0;9165.0;1380.0;2004.0;1637.0;2848.0;4865.0;8137.0;1290.0;1955.0;18.0;-15.0;24.0;-48.0
2086.0;3506.0;5767.0;9233.0;1391.0;2026.0;1656.0;2878.0;4929.0;8182.0;1295.0;1949.0;8.0;-15.0;20.0;-50.0
2100.0;3514.0;5809.0;9243.0;1386.0;2014.0;1653.0;2867.0;4895.0;8128.0;1283.0;1939.0;11.0;-14.0;18.0;-50.0
2080.0;3496.0;5747.0;9144.0;1372.0;1988.0;1629.0;2819.0;4839.0;8078.0;1271.0;1920.0;10.0;-14.0;19.0;-47.0
2057.0;3468.0;5713.0;9081.0;1366.0;1986.0;1632.0;2822.0;4828.0;8097.0;1268.0;1915.0;7.0;-14.0;37.0;-50.0
2060.0;3448.0;5679.0;9031.0;1357.0;1959.0;1607.0;2796.0;4787.0;7974.0;1262.0;1899.0;8.0;-13.0;29.0;-50.0
2031.0;3420.0;5620.0;8988.0;1353.0;1957.0;1601.0;2794.0;4781.0;7975.0;1260.0;1905.0;7.0;-13.0;24.0;-47.0
2038.0;3438.0;5646.0;8971.0;1352.0;1968.0;1604.0;2785.0;4782.0;7965.0;1257.0;1904.0;6.0;-13.0;24.0;-46.0
2060.0;3449.0;5672.0;9008.0;1355.0;1956.0;1594.0;2780.0;4760.0;7935.0;1253.0;1899.0;8.0;-13.0;23.0;-51.0
2043.0;3430.0;5649.0;8975.0;1361.0;1962.0;1610.0;2787.0;4779.0;7972.0;1260.0;1894.0;6.0;-13.0;20.0;-46.0
2043.0;3442.0;5662.0;9032.0;1358.0;1971.0;1621.0;2813.0;4798.0;8007.0;1268.0;1910.0;7.0;-13.0;14.0;-46.0
2065.0;3468.0;5711.0;9073.0;1358.0;1985.0;1622.0;2814.0;4825.0;8009.0;1270.0;1921.0;13.0;-13.0;24.0;-46.0
2055.0;3461.0;5695.0;9112.0;1372.0;1991.0;1617.0;2808.0;4829.0;8021.0;1271.0;1925.0;13.0;-12.0;23.0;-47.0
2062.0;3463.0;5687.0;9080.0;1365.0;1985.0;1629.0;2812.0;4805.0;8028.0;1271.0;1916.0;17.0;-11.0;24.0;-47.0
2075.0;3479.0;5716.0;9069.0;1368.0;1984.0;1631.0;2829.0;4857.0;8077.0;1275.0;1932.0;17.0;-11.0;23.0;-47.0
2055.0;3465.0;5690.0;9035.0;1367.0;1985.0;1625.0;2823.0;4849.0;8082.0;1272.0;1921.0;8.0;-11.0;18.0;-49.0
2054.0;3459.0;5686.0;9045.0;1357.0;1985.0;1616.0;2817.0;4817.0;8032.0;1274.0;1919.0;7.0;-10.0;27.0;-49.0
2060.0;3468.0;5687.0;9066.0;1363.0;1980.0;1629.0;2816.0;4818.0;8034.0;1273.0;1931.0;8.0;-11.0;18.0;-49.0
2069.0;3474.0;5701.0;9094.0;1368.0;1981.0;1631.0;2836.0;4839.0;8022.0;1274.0;1905.0;9.0;-9.0;18.0;-49.0
2055.0;3456.0;5692.0;9046.0;1358.0;1982.0;1625.0;2814.0;4835.0;7997.0;1272.0;1908.0;10.0;-13.0;15.0;-49.0
2042.0;3432.0;5644.0;9021.0;1362.0;1976.0;1613.0;2805.0;4726.0;8033.0;1269.0;1921.0;17.0;-14.0;26.0;-48.0
2058.0;3460.0;5695.0;9085.0;1369.0;1977.0;1634.0;2834.0;4834.0;8065.0;1270.0;1920.0;7.0;-16.0;31.0;-48.0
2055.0;3463.0;5707.0;9084.0;1364.0;1989.0;1625.0;2827.0;4868.0;8103.0;1275.0;1923.0;7.0;-14.0;16.0;-48.0
2053.0;3450.0;5672.0;9072.0;1361.0;1989.0;1625.0;2824.0;4835.0;8064.0;1278.0;1930.0;13.0;-14.0;21.0;-46.0
2067.0;3489.0;5749.0;9156.0;1385.0;2001.0;1646.0;2854.0;4880.0;8150.0;1294.0;1940.0;7.0;-16.0;22.0;-46.0
2069.0;3474.0;5744.0;9159.0;1382.0;2006.0;1623.0;2839.0;4850.0;8074.0;1285.0;1938.0;13.0;-15.0;15.0;-44.0
2078.0;3499.0;5710.0;9175.0;1381.0;2009.0;1639.0;2857.0;4898.0;8171.0;1290.0;1959.0;4.0;-15.0;28.0;-46.0
2091.0;3528.0;5776.0;9248.0;1384.0;2004.0;1646.0;2866.0;4872.0;8140.0;1282.0;1935.0;14.0;-15.0;20.0;-46.0
2078.0;3506.0;5721.0;9113.0;1379.0;1996.0;1624.0;2819.0;4827.0;8044.0;1272.0;1932.0;14.0;-16.0;22.0;-49.0
2077.0;3507.0;5742.0;9150.0;1373.0;1991.0;1623.0;2817.0;4833.0;8029.0;1274.0;1918.0;19.0;-15.0;27.0;-50.0
2065.0;3471.0;5725.0;9061.0;1366.0;1982.0;1618.0;2835.0;4851.0;8125.0;1274.0;1921.0;5.0;-15.0;19.0;-51.0
2062.0;3450.0;5689.0;9065.0;1365.0;1989.0;1632.0;2841.0;4839.0;8078.0;1279.0;1922.0;11.0;-13.0;20.0;-50.0
2066.0;3469.0;5695.0;9049.0;1365.0;1987.0;1643.0;2851.0;4866.0;8029.0;1275.0;1919.0;6.0;-13.0;21.0;-51.0
2066.0;3476.0;5704.0;9104.0;1373.0;1980.0;1612.0;2809.0;4849.0;8100.0;1271.0;1923.0;14.0;-13.0;20.0;-51.0
2054.0;3436.0;5667.0;9034.0;1362.0;1988.0;1625.0;2832.0;4857.0;8092.0;1282.0;1931.0;7.0;-15.0;15.0;-48.0
2067.0;3482.0;5733.0;9142.0;1377.0;2001.0;1617.0;2815.0;4823.0;8066.0;1274.0;1920.0;14.0;-15.0;22.0;-47.0
2080.0;3484.0;5736.0;9134.0;1372.0;1998.0;1632.0;2828.0;4851.0;8062.0;1283.0;1921.0;7.0;-15.0;19.0;-48.0
2086.0;3499.0;5736.0;9201.0;1380.0;2007.0;1637.0;2841.0;4861.0;8128.0;1283.0;1943.0;7.0;-13.0;17.0;-47.0
2082.0;3494.0;5756.0;9169.0;1383.0;2002.0;1641.0;2858.0;4853.0;8142.0;1284.0;1949.0;7.0;-11.0;17.0;-47.0
2108.0;3529.0;5806.0;9226.0;1397.0;2028.0;1662.0;2881.0;4945.0;8234.0;1302.0;1961.0;9.0;-11.0;16.0;-48.0
2082.0;3494.0;5756.0;9169.0;1383.0;2002.0;1641.0;2858.0;4853.0;8142.0;1284.0;1949.0;9.0;-10.0;10.0;-50.0
2094.0;3504.0;5790.0;9235.0;1392.0;2036.0;1667.0;2891.0;4947.0;8235.0;1302.0;1970.0;12.0;-8.0;21.0;-52.0
2110.0;3550.0;5835.0;9301.0;1403.0;2050.0;1676.0;2929.0;4967.0;8238.0;1323.0;1989.0;6.0;-8.0;16.0;-52.0
