OFFCHIP_SENSIMOX_SnAu_150_200.0_IN-PHASE;OFFCHIP_SENSIMOX_SnAu_200_200.0_IN-PHASE;OFFCHIP_SENSIMOX_SnAu_250_200.0_IN-PHASE;OFFCHIP_SENSIMOX_SnAu_300_200.0_IN-PHASE;OFFCHIP_SENSIMOX_SnAu_350_200.0_IN-PHASE;OFFCHIP_SENSIMOX_SnAu_400_200.0_IN-PHASE;OFFCHIP_SENSIMOX_SnAu_150_78125.0_IN-PHASE;OFFCHIP_SENSIMOX_SnAu_200_78125.0_IN-PHASE;OFFCHIP_SENSIMOX_SnAu_250_78125.0_IN-PHASE;OFFCHIP_SENSIMOX_SnAu_300_78125.0_IN-PHASE;OFFCHIP_SENSIMOX_SnAu_350_78125.0_IN-PHASE;OFFCHIP_SENSIMOX_SnAu_400_78125.0_IN-PHASE;ONCHIP_ALUMINUM_OXIDE_OUT4_IN-PHASE;ONCHIP_ALUMINUM_OXIDE_OUT4_QUADRATURE;ONCHIP_ALUMINUM_OXIDE_OUT7_IN-PHASE;ONCHIP_ALUMINUM_OXIDE_OUT7_QUADRATURE;Unname;LABEL
1.0;1.0;1.0;1.0;1.0;1.0;1.0;1.0;1.0;1.0;1.0;1.0;1.0;1.0;1.0;1.0;ISOPROPANOL
10.0;25.0;52.0;109.0;18.0;30.0;8.0;16.0;35.0;65.0;13.0;20.0;4.0;9.0;5.0;-9.0;ISOPROPANOL
10.0;27.0;70.0;176.0;40.0;76.0;28.0;61.0;138.0;294.0;60.0;104.0;14.0;6.0;6.0;-15.0;ISOPROPANOL
42.0;92.0;201.0;445.0;86.0;140.0;44.0;93.0;198.0;414.0;80.0;136.0;9.0;12.0;9.0;-9.0;ISOPROPANOL
46.0;94.0;199.0;437.0;82.0;128.0;35.0;75.0;158.0;331.0;65.0;110.0;10.0;8.0;6.0;-9.0;ISOPROPANOL
39.0;88.0;204.0;486.0;102.0;180.0;59.0;126.0;274.0;562.0;108.0;185.0;10.0;8.0;9.0;-9.0;ISOPROPANOL
61.0;128.0;280.0;627.0;125.0;209.0;65.0;140.0;299.0;623.0;120.0;207.0;8.0;10.0;7.0;-9.0;ISOPROPANOL
67.0;139.0;296.0;635.0;120.0;197.0;59.0;126.0;263.0;538.0;104.0;179.0;15.0;4.0;10.0;-8.0;ISOPROPANOL
55.0;117.0;244.0;523.0;102.0;165.0;48.0;103.0;220.0;464.0;87.0;155.0;11.0;8.0;7.0;-9.0;ISOPROPANOL
49.0;105.0;226.0;504.0;97.0;164.0;48.0;103.0;219.0;464.0;90.0;162.0;11.0;6.0;13.0;-7.0;ISOPROPANOL
59.0;129.0;290.0;656.0;131.0;229.0;77.0;163.0;354.0;732.0;141.0;243.0;10.0;4.0;13.0;-7.0;ISOPROPANOL
80.0;169.0;357.0;758.0;144.0;237.0;77.0;161.0;343.0;699.0;133.0;228.0;9.0;4.0;7.0;-7.0;ISOPROPANOL
73.0;150.0;317.0;671.0;128.0;207.0;63.0;132.0;277.0;561.0;105.0;188.0;9.0;4.0;9.0;-7.0;ISOPROPANOL
58.0;124.0;273.0;604.0;118.0;205.0;64.0;139.0;308.0;637.0;122.0;217.0;0.0;5.0;5.0;-6.0;ISOPROPANOL
74.0;159.0;345.0;763.0;147.0;244.0;79.0;165.0;357.0;735.0;140.0;237.0;-1.0;5.0;5.0;-4.0;ISOPROPANOL
78.0;169.0;368.0;822.0;165.0;285.0;99.0;208.0;448.0;912.0;176.0;305.0;-1.0;6.0;2.0;-4.0;ISOPROPANOL
108.0;233.0;506.0;1117.0;215.0;365.0;128.0;271.0;588.0;1216.0;234.0;404.0;3.0;2.0;2.0;-6.0;ISOPROPANOL
145.0;303.0;634.0;1325.0;245.0;392.0;131.0;278.0;587.0;1180.0;223.0;373.0;3.0;2.0;8.0;-4.0;ISOPROPANOL
122.0;251.0;510.0;1078.0;200.0;323.0;103.0;213.0;452.0;916.0;171.0;294.0;5.0;2.0;1.0;-10.0;ISOPROPANOL
94.0;197.0;414.0;886.0;169.0;280.0;90.0;189.0;403.0;831.0;157.0;269.0;8.0;7.0;15.0;-10.0;ISOPROPANOL
91.0;193.0;401.0;861.0;162.0;272.0;85.0;184.0;396.0;802.0;152.0;263.0;5.0;7.0;8.0;-10.0;ISOPROPANOL
89.0;185.0;389.0;825.0;156.0;266.0;91.0;193.0;403.0;819.0;154.0;265.0;3.0;6.0;9.0;-7.0;ISOPROPANOL
92.0;195.0;424.0;925.0;178.0;299.0;104.0;216.0;449.0;890.0;168.0;285.0;-3.0;7.0;8.0;-10.0;ISOPROPANOL
96.0;204.0;426.0;908.0;174.0;292.0;99.0;208.0;455.0;936.0;181.0;321.0;3.0;4.0;8.0;-9.0;ISOPROPANOL
119.0;249.0;540.0;1153.0;219.0;358.0;127.0;262.0;551.0;1121.0;208.0;359.0;3.0;6.0;8.0;-7.0;ISOPROPANOL
133.0;278.0;588.0;1249.0;235.0;387.0;134.0;277.0;582.0;1175.0;220.0;375.0;7.0;7.0;8.0;-9.0;ISOPROPANOL
130.0;269.0;561.0;1190.0;220.0;359.0;123.0;250.0;534.0;1075.0;201.0;342.0;13.0;6.0;13.0;-9.0;ISOPROPANOL
118.0;249.0;523.0;1108.0;207.0;335.0;109.0;228.0;477.0;972.0;183.0;317.0;7.0;12.0;11.0;-9.0;ISOPROPANOL
112.0;237.0;495.0;1054.0;201.0;337.0;121.0;252.0;534.0;1077.0;204.0;348.0;7.0;9.0;13.0;-9.0;ISOPROPANOL
129.0;274.0;584.0;1268.0;242.0;405.0;151.0;311.0;659.0;1327.0;249.0;426.0;7.0;11.0;22.0;-9.0;ISOPROPANOL
157.0;319.0;658.0;1361.0;248.0;393.0;134.0;275.0;568.0;1119.0;204.0;340.0;16.0;8.0;20.0;-9.0;ISOPROPANOL
113.0;230.0;476.0;976.0;178.0;284.0;90.0;186.0;382.0;766.0;142.0;238.0;21.0;8.0;21.0;-9.0;ISOPROPANOL
75.0;155.0;326.0;702.0;134.0;230.0;78.0;167.0;349.0;703.0;133.0;232.0;19.0;4.0;20.0;-1.0;ISOPROPANOL
80.0;165.0;343.0;707.0;132.0;218.0;73.0;162.0;350.0;721.0;141.0;253.0;14.0;6.0;12.0;-1.0;ISOPROPANOL
96.0;205.0;438.0;963.0;184.0;319.0;121.0;255.0;538.0;1099.0;209.0;360.0;3.0;3.0;9.0;-1.0;ISOPROPANOL
138.0;288.0;600.0;1257.0;229.0;365.0;127.0;265.0;554.0;1100.0;205.0;344.0;3.0;6.0;12.0;-7.0;ISOPROPANOL
123.0;257.0;542.0;1161.0;221.0;363.0;129.0;272.0;574.0;1153.0;215.0;366.0;1.0;8.0;9.0;-10.0;ISOPROPANOL
126.0;261.0;540.0;1126.0;206.0;332.0;114.0;235.0;496.0;983.0;183.0;314.0;1.0;14.0;12.0;-13.0;ISOPROPANOL
111.0;226.0;468.0;998.0;188.0;314.0;111.0;236.0;494.0;1006.0;189.0;325.0;8.0;7.0;10.0;-10.0;ISOPROPANOL
119.0;247.0;512.0;1074.0;200.0;332.0;117.0;246.0;515.0;1043.0;195.0;336.0;8.0;14.0;10.0;-10.0;ISOPROPANOL
118.0;243.0;506.0;1053.0;194.0;313.0;106.0;218.0;454.0;898.0;167.0;285.0;11.0;9.0;11.0;-13.0;ISOPROPANOL
96.0;201.0;421.0;887.0;166.0;272.0;91.0;193.0;408.0;823.0;157.0;271.0;6.0;4.0;10.0;-8.0;ISOPROPANOL
97.0;203.0;424.0;906.0;169.0;271.0;93.0;191.0;393.0;774.0;142.0;242.0;6.0;4.0;9.0;-8.0;ISOPROPANOL
80.0;170.0;354.0;758.0;144.0;249.0;86.0;178.0;373.0;768.0;145.0;252.0;3.0;3.0;6.0;-6.0;ISOPROPANOL
85.0;181.0;375.0;795.0;151.0;252.0;90.0;191.0;403.0;811.0;153.0;264.0;6.0;3.0;9.0;-8.0;ISOPROPANOL
97.0;204.0;430.0;917.0;171.0;277.0;92.0;198.0;413.0;829.0;154.0;263.0;3.0;8.0;6.0;-8.0;ISOPROPANOL
93.0;193.0;400.0;820.0;155.0;258.0;89.0;187.0;394.0;782.0;146.0;253.0;3.0;11.0;2.0;-8.0;ISOPROPANOL
89.0;186.0;391.0;838.0;158.0;268.0;90.0;190.0;401.0;806.0;149.0;253.0;4.0;7.0;2.0;-8.0;ISOPROPANOL
88.0;180.0;365.0;753.0;138.0;229.0;74.0;151.0;319.0;642.0;117.0;204.0;4.0;7.0;4.0;-8.0;ISOPROPANOL
70.0;141.0;299.0;627.0;122.0;207.0;71.0;149.0;317.0;643.0;118.0;209.0;6.0;4.0;6.0;-7.0;ISOPROPANOL
75.0;157.0;320.0;669.0;125.0;213.0;74.0;157.0;335.0;679.0;127.0;221.0;8.0;6.0;9.0;-7.0;ISOPROPANOL
86.0;185.0;402.0;905.0;184.0;331.0;131.0;272.0;589.0;1201.0;227.0;387.0;8.0;5.0;6.0;-6.0;ISOPROPANOL
151.0;309.0;627.0;1278.0;232.0;359.0;125.0;258.0;537.0;1057.0;195.0;328.0;8.0;5.0;9.0;-7.0;ISOPROPANOL
115.0;239.0;495.0;1044.0;198.0;323.0;115.0;243.0;503.0;998.0;185.0;314.0;8.0;5.0;15.0;-7.0;ISOPROPANOL
108.0;222.0;460.0;965.0;181.0;297.0;105.0;218.0;456.0;899.0;165.0;283.0;14.0;9.0;15.0;-7.0;ISOPROPANOL
101.0;208.0;428.0;900.0;168.0;282.0;103.0;213.0;439.0;867.0;160.0;274.0;13.0;9.0;17.0;-4.0;ISOPROPANOL
100.0;205.0;423.0;876.0;163.0;273.0;99.0;203.0;417.0;826.0;153.0;262.0;9.0;12.0;11.0;-5.0;ISOPROPANOL
102.0;226.0;503.0;1130.0;226.0;397.0;160.0;332.0;695.0;1420.0;265.0;453.0;13.0;6.0;17.0;-5.0;ISOPROPANOL
183.0;372.0;762.0;1587.0;290.0;469.0;183.0;373.0;772.0;1541.0;285.0;481.0;5.0;4.0;10.0;-5.0;ISOPROPANOL
185.0;377.0;769.0;1585.0;284.0;455.0;169.0;349.0;723.0;1444.0;268.0;452.0;5.0;6.0;9.0;-8.0;ISOPROPANOL
166.0;333.0;677.0;1369.0;248.0;397.0;147.0;296.0;607.0;1189.0;218.0;362.0;5.0;5.0;9.0;-8.0;ISOPROPANOL
126.0;261.0;541.0;1161.0;224.0;387.0;148.0;312.0;664.0;1346.0;256.0;438.0;5.0;13.0;15.0;-9.0;ISOPROPANOL
176.0;364.0;754.0;1568.0;286.0;454.0;170.0;353.0;733.0;1485.0;278.0;476.0;9.0;12.0;9.0;-8.0;ISOPROPANOL
185.0;386.0;789.0;1619.0;290.0;442.0;160.0;322.0;654.0;1277.0;234.0;394.0;9.0;4.0;9.0;-10.0;ISOPROPANOL
146.0;305.0;653.0;1388.0;256.0;423.0;158.0;324.0;665.0;1303.0;237.0;393.0;2.0;4.0;6.0;-9.0;ISOPROPANOL
140.0;287.0;585.0;1202.0;220.0;356.0;132.0;272.0;561.0;1110.0;202.0;344.0;2.0;4.0;9.0;-9.0;ISOPROPANOL
124.0;253.0;523.0;1094.0;204.0;337.0;121.0;250.0;518.0;1050.0;194.0;328.0;3.0;8.0;0.0;-8.0;ISOPROPANOL
118.0;245.0;513.0;1065.0;193.0;314.0;114.0;238.0;505.0;1023.0;187.0;322.0;3.0;10.0;0.0;-5.0;ISOPROPANOL
122.0;254.0;531.0;1118.0;209.0;344.0;125.0;258.0;535.0;1062.0;195.0;330.0;6.0;7.0;1.0;-5.0;ISOPROPANOL
120.0;245.0;504.0;1046.0;190.0;307.0;107.0;222.0;460.0;908.0;168.0;284.0;6.0;16.0;2.0;-5.0;ISOPROPANOL
100.0;203.0;417.0;867.0;161.0;259.0;89.0;185.0;382.0;753.0;138.0;235.0;6.0;9.0;9.0;-7.0;ISOPROPANOL
83.0;171.0;355.0;740.0;141.0;237.0;85.0;179.0;374.0;748.0;139.0;242.0;13.0;9.0;17.0;-7.0;ISOPROPANOL
96.0;198.0;418.0;874.0;161.0;266.0;92.0;192.0;403.0;804.0;149.0;258.0;12.0;11.0;10.0;-10.0;ISOPROPANOL
94.0;192.0;390.0;819.0;151.0;251.0;88.0;187.0;394.0;785.0;147.0;249.0;20.0;9.0;20.0;-10.0;ISOPROPANOL
94.0;194.0;401.0;839.0;157.0;260.0;93.0;194.0;406.0;805.0;148.0;254.0;11.0;7.0;15.0;-10.0;ISOPROPANOL
95.0;196.0;408.0;844.0;156.0;255.0;90.0;185.0;386.0;779.0;146.0;248.0;9.0;4.0;22.0;-10.0;ISOPROPANOL
94.0;193.0;402.0;844.0;157.0;264.0;96.0;200.0;420.0;838.0;153.0;261.0;4.0;7.0;9.0;-10.0;ISOPROPANOL
98.0;199.0;412.0;860.0;160.0;264.0;96.0;201.0;420.0;843.0;159.0;274.0;4.0;5.0;9.0;-10.0;ISOPROPANOL
112.0;233.0;489.0;1056.0;201.0;338.0;131.0;275.0;576.0;1150.0;214.0;367.0;4.0;8.0;6.0;-10.0;ISOPROPANOL
146.0;303.0;631.0;1329.0;247.0;399.0;160.0;326.0;665.0;1323.0;245.0;413.0;4.0;5.0;11.0;-10.0;ISOPROPANOL
164.0;336.0;696.0;1457.0;267.0;426.0;161.0;327.0;674.0;1332.0;245.0;409.0;4.0;5.0;15.0;-10.0;ISOPROPANOL
152.0;308.0;624.0;1289.0;236.0;383.0;142.0;296.0;614.0;1224.0;227.0;390.0;4.0;6.0;9.0;-11.0;ISOPROPANOL
148.0;305.0;627.0;1306.0;241.0;395.0;146.0;304.0;631.0;1252.0;229.0;387.0;4.0;6.0;9.0;-10.0;ISOPROPANOL
146.0;298.0;606.0;1269.0;233.0;376.0;143.0;296.0;603.0;1203.0;219.0;365.0;3.0;6.0;15.0;-11.0;ISOPROPANOL
140.0;287.0;596.0;1242.0;230.0;374.0;142.0;292.0;599.0;1178.0;214.0;358.0;9.0;12.0;8.0;-7.0;ISOPROPANOL
132.0;275.0;576.0;1235.0;235.0;404.0;163.0;336.0;697.0;1371.0;255.0;430.0;9.0;9.0;15.0;-12.0;ISOPROPANOL
175.0;353.0;729.0;1527.0;280.0;449.0;174.0;358.0;734.0;1441.0;263.0;445.0;6.0;10.0;17.0;-8.0;ISOPROPANOL
176.0;353.0;717.0;1479.0;273.0;437.0;169.0;344.0;707.0;1400.0;256.0;430.0;6.0;9.0;18.0;-8.0;ISOPROPANOL
167.0;340.0;686.0;1393.0;251.0;399.0;147.0;301.0;625.0;1239.0;229.0;388.0;3.0;7.0;5.0;-8.0;ISOPROPANOL
155.0;325.0;682.0;1435.0;266.0;443.0;170.0;349.0;729.0;1443.0;266.0;449.0;3.0;7.0;5.0;-13.0;ISOPROPANOL
172.0;354.0;732.0;1519.0;279.0;445.0;169.0;348.0;719.0;1415.0;258.0;425.0;3.0;4.0;4.0;-12.0;ISOPROPANOL
160.0;326.0;663.0;1376.0;255.0;412.0;158.0;325.0;663.0;1320.0;244.0;408.0;13.0;8.0;4.0;-12.0;ISOPROPANOL
160.0;324.0;652.0;1327.0;238.0;376.0;139.0;283.0;571.0;1111.0;203.0;339.0;17.0;3.0;13.0;-12.0;ISOPROPANOL
122.0;245.0;505.0;1048.0;194.0;324.0;118.0;244.0;511.0;995.0;185.0;315.0;10.0;3.0;9.0;-11.0;ISOPROPANOL
121.0;252.0;517.0;1083.0;203.0;339.0;126.0;261.0;541.0;1083.0;201.0;347.0;9.0;0.0;10.0;-10.0;ISOPROPANOL
135.0;273.0;555.0;1135.0;205.0;328.0;122.0;254.0;518.0;1004.0;185.0;310.0;9.0;3.0;10.0;-7.0;ISOPROPANOL
112.0;229.0;475.0;988.0;184.0;305.0;114.0;234.0;489.0;971.0;178.0;307.0;9.0;6.0;10.0;-7.0;ISOPROPANOL
116.0;239.0;487.0;1026.0;192.0;314.0;116.0;239.0;492.0;967.0;177.0;299.0;10.0;9.0;14.0;-9.0;ISOPROPANOL
110.0;221.0;449.0;926.0;169.0;273.0;98.0;206.0;426.0;851.0;156.0;273.0;6.0;6.0;10.0;-8.0;ISOPROPANOL
114.0;240.0;499.0;1049.0;195.0;321.0;127.0;259.0;531.0;1034.0;192.0;330.0;6.0;9.0;5.0;-9.0;ISOPROPANOL
128.0;265.0;546.0;1138.0;208.0;335.0;123.0;254.0;524.0;1036.0;189.0;318.0;6.0;6.0;5.0;-11.0;ISOPROPANOL
122.0;250.0;515.0;1072.0;199.0;326.0;123.0;255.0;524.0;1035.0;189.0;317.0;3.0;9.0;4.0;-11.0;ISOPROPANOL
122.0;247.0;505.0;1054.0;193.0;312.0;114.0;236.0;489.0;975.0;178.0;304.0;3.0;6.0;5.0;-11.0;ISOPROPANOL
116.0;236.0;482.0;991.0;182.0;300.0;111.0;229.0;479.0;948.0;177.0;302.0;2.0;3.0;9.0;-11.0;ISOPROPANOL
123.0;255.0;522.0;1100.0;205.0;342.0;130.0;274.0;572.0;1154.0;212.0;362.0;6.0;3.0;12.0;-9.0;ISOPROPANOL
145.0;294.0;589.0;1209.0;219.0;350.0;127.0;260.0;537.0;1082.0;195.0;331.0;5.0;3.0;9.0;-9.0;ISOPROPANOL
125.0;253.0;511.0;1052.0;193.0;317.0;117.0;239.0;498.0;976.0;181.0;303.0;5.0;3.0;7.0;-9.0;ISOPROPANOL
116.0;233.0;470.0;958.0;176.0;284.0;103.0;214.0;436.0;862.0;159.0;270.0;2.0;3.0;13.0;-9.0;ISOPROPANOL
105.0;219.0;449.0;939.0;175.0;291.0;109.0;227.0;476.0;957.0;178.0;310.0;-3.0;8.0;9.0;-6.0;ISOPROPANOL
126.0;259.0;542.0;1146.0;216.0;365.0;148.0;304.0;636.0;1241.0;231.0;394.0;-3.0;8.0;9.0;-6.0;ISOPROPANOL
157.0;325.0;676.0;1429.0;265.0;435.0;171.0;352.0;727.0;1430.0;262.0;441.0;-3.0;9.0;11.0;-6.0;ISOPROPANOL
176.0;357.0;730.0;1510.0;277.0;439.0;169.0;345.0;699.0;1368.0;249.0;418.0;5.0;13.0;8.0;-6.0;ISOPROPANOL
160.0;318.0;642.0;1327.0;248.0;419.0;166.0;342.0;707.0;1404.0;262.0;446.0;3.0;9.0;8.0;-7.0;ISOPROPANOL
180.0;370.0;762.0;1611.0;300.0;492.0;195.0;402.0;820.0;1623.0;295.0;495.0;3.0;10.0;3.0;-8.0;ISOPROPANOL
201.0;404.0;821.0;1683.0;307.0;488.0;189.0;388.0;789.0;1560.0;282.0;470.0;3.0;7.0;3.0;-11.0;ISOPROPANOL
190.0;379.0;768.0;1562.0;284.0;457.0;184.0;370.0;757.0;1466.0;268.0;450.0;3.0;14.0;3.0;-8.0;ISOPROPANOL
184.0;367.0;739.0;1515.0;279.0;448.0;177.0;361.0;742.0;1457.0;267.0;447.0;5.0;8.0;3.0;-8.0;ISOPROPANOL
186.0;375.0;753.0;1557.0;284.0;460.0;186.0;376.0;767.0;1504.0;275.0;459.0;7.0;8.0;1.0;-11.0;ISOPROPANOL
193.0;388.0;786.0;1604.0;291.0;468.0;190.0;384.0;778.0;1520.0;277.0;471.0;6.0;9.0;3.0;-5.0;ISOPROPANOL
190.0;384.0;778.0;1604.0;290.0;461.0;178.0;363.0;746.0;1461.0;269.0;447.0;6.0;14.0;13.0;-5.0;ISOPROPANOL
178.0;359.0;723.0;1482.0;270.0;429.0;165.0;336.0;682.0;1341.0;245.0;411.0;4.0;7.0;13.0;-7.0;ISOPROPANOL
161.0;325.0;658.0;1383.0;256.0;426.0;169.0;350.0;725.0;1435.0;261.0;445.0;3.0;6.0;20.0;-10.0;ISOPROPANOL
183.0;377.0;774.0;1626.0;301.0;492.0;200.0;412.0;849.0;1674.0;306.0;512.0;4.0;4.0;10.0;-7.0;ISOPROPANOL
210.0;424.0;847.0;1740.0;311.0;488.0;188.0;382.0;779.0;1513.0;276.0;456.0;2.0;1.0;13.0;-10.0;ISOPROPANOL
179.0;362.0;729.0;1495.0;273.0;443.0;175.0;355.0;723.0;1416.0;261.0;437.0;2.0;1.0;10.0;-10.0;ISOPROPANOL
178.0;359.0;715.0;1471.0;265.0;425.0;165.0;333.0;684.0;1335.0;243.0;409.0;4.0;4.0;1.0;-7.0;ISOPROPANOL
162.0;329.0;668.0;1388.0;256.0;412.0;161.0;330.0;668.0;1307.0;241.0;404.0;4.0;1.0;1.0;-7.0;ISOPROPANOL
159.0;321.0;645.0;1314.0;237.0;383.0;147.0;298.0;603.0;1185.0;218.0;366.0;5.0;8.0;1.0;-7.0;ISOPROPANOL
146.0;298.0;608.0;1277.0;239.0;400.0;155.0;318.0;662.0;1315.0;242.0;408.0;1.0;6.0;1.0;-6.0;ISOPROPANOL
170.0;344.0;696.0;1440.0;261.0;422.0;161.0;326.0;662.0;1296.0;238.0;392.0;4.0;4.0;1.0;-6.0;ISOPROPANOL
158.0;315.0;630.0;1307.0;240.0;392.0;160.0;325.0;671.0;1349.0;253.0;440.0;4.0;6.0;9.0;-8.0;ISOPROPANOL
192.0;404.0;843.0;1792.0;338.0;559.0;242.0;492.0;1002.0;1965.0;356.0;594.0;6.0;14.0;7.0;-6.0;ISOPROPANOL
260.0;527.0;1078.0;2222.0;405.0;640.0;274.0;546.0;1103.0;2143.0;387.0;650.0;4.0;8.0;10.0;-8.0;ISOPROPANOL
276.0;551.0;1094.0;2213.0;395.0;611.0;255.0;510.0;1017.0;1954.0;351.0;578.0;4.0;10.0;12.0;-8.0;ISOPROPANOL
241.0;484.0;961.0;1957.0;353.0;554.0;225.0;458.0;930.0;1809.0;327.0;543.0;4.0;9.0;12.0;-7.0;ISOPROPANOL
222.0;449.0;906.0;1872.0;345.0;548.0;226.0;452.0;917.0;1790.0;324.0;531.0;5.0;10.0;7.0;-7.0;ISOPROPANOL
217.0;431.0;857.0;1744.0;313.0;495.0;198.0;399.0;805.0;1547.0;275.0;457.0;5.0;9.0;1.0;-8.0;ISOPROPANOL
182.0;358.0;710.0;1441.0;262.0;420.0;161.0;330.0;672.0;1309.0;235.0;396.0;7.0;4.0;1.0;-7.0;ISOPROPANOL
158.0;314.0;632.0;1290.0;235.0;382.0;147.0;299.0;611.0;1194.0;218.0;369.0;5.0;4.0;1.0;-7.0;ISOPROPANOL
153.0;315.0;656.0;1398.0;264.0;447.0;186.0;381.0;779.0;1550.0;289.0;492.0;7.0;4.0;11.0;-5.0;ISOPROPANOL
208.0;425.0;871.0;1820.0;335.0;538.0;223.0;445.0;907.0;1783.0;321.0;532.0;7.0;6.0;10.0;-5.0;ISOPROPANOL
227.0;461.0;918.0;1891.0;345.0;555.0;227.0;463.0;956.0;1863.0;339.0;575.0;7.0;12.0;10.0;-5.0;ISOPROPANOL
250.0;507.0;1020.0;2073.0;370.0;584.0;242.0;487.0;990.0;1913.0;345.0;567.0;1.0;8.0;10.0;-6.0;ISOPROPANOL
242.0;484.0;987.0;2067.0;382.0;621.0;261.0;525.0;1065.0;2075.0;373.0;609.0;1.0;10.0;10.0;-6.0;ISOPROPANOL
254.0;509.0;1017.0;2071.0;371.0;587.0;244.0;492.0;1006.0;1962.0;358.0;595.0;8.0;11.0;10.0;-7.0;ISOPROPANOL
252.0;505.0;1015.0;2061.0;369.0;577.0;233.0;468.0;928.0;1798.0;324.0;538.0;8.0;10.0;14.0;-7.0;ISOPROPANOL
227.0;460.0;929.0;1929.0;354.0;573.0;243.0;488.0;992.0;1916.0;347.0;570.0;9.0;9.0;14.0;-8.0;ISOPROPANOL
240.0;482.0;959.0;1951.0;351.0;555.0;226.0;455.0;912.0;1769.0;319.0;529.0;8.0;6.0;12.0;-8.0;ISOPROPANOL
215.0;434.0;867.0;1780.0;324.0;523.0;211.0;431.0;879.0;1735.0;315.0;527.0;9.0;4.0;1.0;-10.0;ISOPROPANOL
223.0;451.0;898.0;1849.0;336.0;537.0;222.0;443.0;907.0;1765.0;319.0;532.0;13.0;4.0;1.0;-9.0;ISOPROPANOL
225.0;452.0;908.0;1858.0;336.0;532.0;218.0;436.0;870.0;1676.0;301.0;489.0;11.0;3.0;3.0;-9.0;ISOPROPANOL
197.0;393.0;801.0;1632.0;303.0;492.0;204.0;410.0;833.0;1620.0;294.0;490.0;10.0;4.0;7.0;-8.0;ISOPROPANOL
195.0;388.0;786.0;1616.0;302.0;499.0;203.0;412.0;843.0;1635.0;295.0;492.0;10.0;3.0;7.0;-9.0;ISOPROPANOL
204.0;414.0;829.0;1713.0;314.0;510.0;211.0;428.0;880.0;1748.0;324.0;546.0;10.0;2.0;12.0;-6.0;ISOPROPANOL
232.0;467.0;943.0;1969.0;364.0;595.0;258.0;521.0;1041.0;2027.0;366.0;612.0;12.0;3.0;19.0;-4.0;ISOPROPANOL
263.0;533.0;1080.0;2230.0;405.0;638.0;272.0;547.0;1095.0;2116.0;379.0;626.0;13.0;2.0;11.0;-6.0;ISOPROPANOL
270.0;540.0;1078.0;2191.0;390.0;613.0;255.0;514.0;1035.0;1998.0;359.0;588.0;9.0;13.0;17.0;-7.0;ISOPROPANOL
245.0;490.0;975.0;1984.0;352.0;560.0;230.0;463.0;929.0;1803.0;323.0;533.0;6.0;13.0;9.0;-7.0;ISOPROPANOL
229.0;463.0;942.0;1966.0;365.0;604.0;264.0;536.0;1094.0;2117.0;385.0;642.0;6.0;6.0;9.0;-10.0;ISOPROPANOL
284.0;570.0;1138.0;2283.0;405.0;617.0;257.0;511.0;1015.0;1933.0;345.0;562.0;6.0;9.0;9.0;-11.0;ISOPROPANOL
228.0;449.0;881.0;1770.0;319.0;500.0;210.0;412.0;825.0;1573.0;280.0;467.0;6.0;6.0;6.0;-10.0;ISOPROPANOL
187.0;375.0;749.0;1530.0;277.0;439.0;179.0;357.0;721.0;1403.0;256.0;425.0;6.0;5.0;6.0;-10.0;ISOPROPANOL
169.0;339.0;680.0;1378.0;252.0;408.0;160.0;325.0;673.0;1303.0;237.0;397.0;8.0;9.0;6.0;-9.0;ISOPROPANOL
167.0;341.0;692.0;1436.0;267.0;440.0;179.0;363.0;740.0;1442.0;263.0;446.0;5.0;6.0;3.0;-9.0;ISOPROPANOL
192.0;391.0;805.0;1688.0;312.0;510.0;221.0;440.0;892.0;1735.0;311.0;519.0;8.0;12.0;3.0;-3.0;ISOPROPANOL
218.0;437.0;865.0;1773.0;323.0;509.0;207.0;418.0;841.0;1634.0;293.0;481.0;5.0;9.0;3.0;-9.0;ISOPROPANOL
199.0;399.0;813.0;1686.0;315.0;509.0;208.0;420.0;868.0;1673.0;307.0;508.0;8.0;6.0;11.0;-8.0;ISOPROPANOL
216.0;437.0;883.0;1834.0;337.0;548.0;233.0;468.0;951.0;1852.0;333.0;552.0;15.0;9.0;4.0;-8.0;ISOPROPANOL
243.0;482.0;954.0;1939.0;347.0;551.0;237.0;476.0;943.0;1815.0;322.0;538.0;13.0;7.0;7.0;-7.0;ISOPROPANOL
233.0;469.0;952.0;1985.0;363.0;578.0;249.0;494.0;989.0;1890.0;340.0;557.0;1.0;7.0;7.0;-7.0;ISOPROPANOL
234.0;465.0;925.0;1864.0;335.0;535.0;226.0;452.0;900.0;1732.0;313.0;517.0;1.0;8.0;7.0;-7.0;ISOPROPANOL
220.0;436.0;869.0;1745.0;318.0;513.0;215.0;433.0;871.0;1695.0;305.0;504.0;1.0;3.0;6.0;-7.0;ISOPROPANOL
216.0;430.0;857.0;1767.0;317.0;508.0;219.0;435.0;876.0;1674.0;302.0;496.0;9.0;8.0;6.0;-5.0;ISOPROPANOL
216.0;427.0;849.0;1726.0;310.0;492.0;198.0;402.0;804.0;1572.0;284.0;468.0;13.0;3.0;6.0;-7.0;ISOPROPANOL
198.0;395.0;783.0;1595.0;290.0;467.0;197.0;396.0;792.0;1537.0;277.0;465.0;7.0;9.0;6.0;-7.0;ISOPROPANOL
195.0;389.0;782.0;1590.0;290.0;471.0;191.0;388.0;788.0;1540.0;282.0;466.0;5.0;4.0;6.0;-9.0;ISOPROPANOL
204.0;410.0;831.0;1728.0;315.0;516.0;218.0;442.0;894.0;1739.0;314.0;524.0;5.0;5.0;6.0;-7.0;ISOPROPANOL
230.0;459.0;915.0;1860.0;341.0;551.0;235.0;474.0;951.0;1836.0;332.0;554.0;5.0;8.0;9.0;-7.0;ISOPROPANOL
236.0;468.0;925.0;1852.0;333.0;522.0;220.0;439.0;876.0;1688.0;302.0;504.0;4.0;9.0;7.0;-7.0;ISOPROPANOL
214.0;430.0;864.0;1777.0;326.0;525.0;225.0;454.0;913.0;1757.0;315.0;520.0;4.0;4.0;7.0;-7.0;ISOPROPANOL
225.0;447.0;872.0;1759.0;316.0;502.0;207.0;418.0;845.0;1617.0;292.0;488.0;4.0;4.0;7.0;-4.0;ISOPROPANOL
206.0;410.0;824.0;1669.0;306.0;495.0;205.0;414.0;837.0;1649.0;302.0;508.0;4.0;4.0;11.0;-7.0;ISOPROPANOL
218.0;433.0;868.0;1775.0;322.0;512.0;215.0;431.0;879.0;1701.0;306.0;509.0;9.0;5.0;3.0;-10.0;ISOPROPANOL
219.0;436.0;869.0;1765.0;319.0;503.0;210.0;420.0;840.0;1607.0;288.0;476.0;9.0;7.0;3.0;-10.0;ISOPROPANOL
209.0;415.0;819.0;1684.0;309.0;503.0;211.0;423.0;860.0;1672.0;303.0;503.0;3.0;14.0;3.0;-10.0;ISOPROPANOL
220.0;444.0;896.0;1854.0;341.0;557.0;240.0;483.0;983.0;1923.0;350.0;575.0;2.0;7.0;9.0;-10.0;ISOPROPANOL
255.0;505.0;996.0;2002.0;353.0;548.0;229.0;456.0;914.0;1746.0;313.0;515.0;3.0;9.0;9.0;-7.0;ISOPROPANOL
216.0;429.0;853.0;1756.0;326.0;539.0;235.0;472.0;961.0;1857.0;335.0;567.0;4.0;7.0;10.0;-7.0;ISOPROPANOL
248.0;492.0;979.0;1958.0;351.0;551.0;226.0;460.0;932.0;1793.0;327.0;543.0;4.0;6.0;10.0;-7.0;ISOPROPANOL
244.0;488.0;978.0;2016.0;368.0;587.0;259.0;518.0;1036.0;1991.0;359.0;588.0;5.0;10.0;15.0;-7.0;ISOPROPANOL
256.0;508.0;1007.0;2041.0;367.0;578.0;245.0;487.0;972.0;1862.0;336.0;550.0;5.0;12.0;14.0;-7.0;ISOPROPANOL
240.0;471.0;925.0;1854.0;329.0;523.0;216.0;428.0;858.0;1658.0;300.0;492.0;10.0;7.0;15.0;-7.0;ISOPROPANOL
207.0;413.0;824.0;1694.0;312.0;517.0;226.0;456.0;932.0;1809.0;329.0;546.0;3.0;7.0;7.0;-7.0;ISOPROPANOL
244.0;490.0;974.0;1980.0;360.0;571.0;244.0;490.0;986.0;1889.0;339.0;559.0;4.0;9.0;5.0;-8.0;ISOPROPANOL
244.0;485.0;964.0;1974.0;358.0;565.0;241.0;481.0;971.0;1873.0;339.0;558.0;4.0;7.0;5.0;-16.0;ISOPROPANOL
249.0;499.0;1008.0;2080.0;381.0;609.0;270.0;536.0;1073.0;2061.0;368.0;604.0;4.0;5.0;3.0;-16.0;ISOPROPANOL
261.0;520.0;1034.0;2104.0;378.0;596.0;258.0;514.0;1020.0;1965.0;352.0;584.0;9.0;7.0;6.0;-8.0;ISOPROPANOL
248.0;493.0;979.0;1983.0;356.0;565.0;238.0;476.0;963.0;1858.0;334.0;548.0;11.0;12.0;6.0;-11.0;ISOPROPANOL
243.0;489.0;984.0;2038.0;373.0;606.0;272.0;546.0;1093.0;2121.0;380.0;625.0;15.0;12.0;23.0;-8.0;ISOPROPANOL
281.0;555.0;1098.0;2224.0;398.0;627.0;274.0;547.0;1086.0;2076.0;373.0;612.0;14.0;10.0;15.0;-8.0;ISOPROPANOL
268.0;533.0;1061.0;2156.0;390.0;621.0;271.0;536.0;1077.0;2073.0;370.0;610.0;9.0;10.0;12.0;-7.0;ISOPROPANOL
270.0;539.0;1063.0;2172.0;395.0;635.0;280.0;559.0;1116.0;2147.0;387.0;634.0;5.0;3.0;13.0;-7.0;ISOPROPANOL
278.0;543.0;1072.0;2147.0;383.0;595.0;251.0;498.0;1007.0;1944.0;350.0;576.0;5.0;3.0;5.0;-6.0;ISOPROPANOL
256.0;509.0;1010.0;2029.0;368.0;585.0;248.0;499.0;1005.0;1933.0;348.0;573.0;4.0;2.0;5.0;-6.0;ISOPROPANOL
259.0;513.0;1014.0;2055.0;372.0;599.0;266.0;532.0;1082.0;2070.0;373.0;622.0;4.0;3.0;3.0;-6.0;ISOPROPANOL
278.0;553.0;1093.0;2228.0;401.0;640.0;286.0;570.0;1139.0;2209.0;398.0;660.0;1.0;2.0;2.0;-8.0;ISOPROPANOL
297.0;591.0;1176.0;2399.0;429.0;676.0;305.0;599.0;1202.0;2287.0;411.0;674.0;1.0;3.0;2.0;-8.0;ISOPROPANOL
306.0;601.0;1182.0;2369.0;418.0;651.0;285.0;560.0;1114.0;2116.0;376.0;613.0;3.0;17.0;3.0;-10.0;ISOPROPANOL
267.0;528.0;1035.0;2092.0;378.0;601.0;264.0;526.0;1047.0;2025.0;364.0;598.0;3.0;10.0;3.0;-10.0;ISOPROPANOL
266.0;531.0;1053.0;2133.0;378.0;599.0;258.0;508.0;1011.0;1944.0;350.0;579.0;3.0;11.0;16.0;-3.0;ISOPROPANOL
256.0;499.0;988.0;1975.0;356.0;564.0;241.0;479.0;953.0;1825.0;327.0;535.0;7.0;3.0;12.0;-3.0;ISOPROPANOL
236.0;467.0;920.0;1854.0;332.0;535.0;228.0;454.0;900.0;1735.0;313.0;514.0;7.0;8.0;12.0;-6.0;ISOPROPANOL
225.0;444.0;883.0;1789.0;322.0;514.0;222.0;443.0;883.0;1687.0;303.0;506.0;7.0;8.0;12.0;-3.0;ISOPROPANOL
219.0;432.0;858.0;1729.0;312.0;496.0;208.0;416.0;831.0;1614.0;291.0;483.0;4.0;9.0;10.0;-3.0;ISOPROPANOL
210.0;416.0;827.0;1678.0;304.0;488.0;207.0;413.0;832.0;1616.0;292.0;488.0;12.0;8.0;19.0;-6.0;ISOPROPANOL
214.0;425.0;847.0;1726.0;312.0;502.0;213.0;427.0;861.0;1666.0;300.0;500.0;8.0;8.0;10.0;-6.0;ISOPROPANOL
218.0;433.0;856.0;1743.0;313.0;504.0;219.0;433.0;861.0;1664.0;299.0;494.0;10.0;6.0;12.0;-8.0;ISOPROPANOL
217.0;434.0;861.0;1757.0;319.0;507.0;222.0;440.0;877.0;1698.0;304.0;503.0;2.0;11.0;7.0;-8.0;ISOPROPANOL
222.0;439.0;878.0;1772.0;321.0;515.0;215.0;433.0;872.0;1686.0;303.0;501.0;3.0;8.0;8.0;-8.0;ISOPROPANOL
229.0;452.0;904.0;1848.0;336.0;538.0;233.0;468.0;940.0;1818.0;329.0;544.0;3.0;11.0;3.0;-7.0;ISOPROPANOL
246.0;490.0;972.0;1968.0;354.0;562.0;240.0;486.0;977.0;1893.0;339.0;562.0;3.0;8.0;3.0;-7.0;ISOPROPANOL
254.0;504.0;999.0;2024.0;365.0;585.0;261.0;523.0;1053.0;2011.0;361.0;600.0;5.0;8.0;3.0;-6.0;ISOPROPANOL
270.0;538.0;1084.0;2227.0;406.0;649.0;295.0;583.0;1165.0;2252.0;402.0;661.0;9.0;8.0;3.0;-3.0;ISOPROPANOL
301.0;594.0;1172.0;2368.0;418.0;653.0;285.0;567.0;1124.0;2171.0;389.0;640.0;6.0;8.0;14.0;-6.0;ISOPROPANOL
286.0;557.0;1094.0;2200.0;391.0;608.0;265.0;524.0;1041.0;1999.0;355.0;587.0;8.0;9.0;8.0;-9.0;ISOPROPANOL
263.0;517.0;1024.0;2055.0;367.0;579.0;247.0;491.0;992.0;1880.0;338.0;559.0;4.0;7.0;9.0;-6.0;ISOPROPANOL
244.0;482.0;946.0;1915.0;344.0;551.0;231.0;459.0;930.0;1792.0;322.0;531.0;4.0;10.0;6.0;-9.0;ISOPROPANOL
237.0;470.0;945.0;1952.0;363.0;592.0;265.0;530.0;1066.0;2040.0;367.0;611.0;2.0;4.0;7.0;-10.0;ISOPROPANOL
279.0;555.0;1100.0;2246.0;404.0;634.0;284.0;563.0;1123.0;2140.0;381.0;629.0;6.0;3.0;10.0;-10.0;ISOPROPANOL
284.0;555.0;1101.0;2210.0;394.0;613.0;269.0;532.0;1070.0;2052.0;365.0;598.0;6.0;4.0;6.0;-10.0;ISOPROPANOL
270.0;532.0;1052.0;2119.0;382.0;607.0;271.0;540.0;1076.0;2065.0;371.0;611.0;10.0;9.0;6.0;-10.0;ISOPROPANOL
284.0;559.0;1093.0;2193.0;391.0;614.0;272.0;530.0;1061.0;2025.0;362.0;602.0;7.0;9.0;5.0;-12.0;ISOPROPANOL
276.0;547.0;1078.0;2198.0;399.0;638.0;299.0;586.0;1161.0;2208.0;392.0;640.0;9.0;10.0;5.0;-10.0;ISOPROPANOL
293.0;575.0;1128.0;2255.0;403.0;639.0;284.0;558.0;1111.0;2142.0;381.0;629.0;8.0;4.0;11.0;-4.0;ISOPROPANOL
283.0;559.0;1110.0;2256.0;405.0;640.0;284.0;556.0;1095.0;2097.0;379.0;619.0;5.0;4.0;13.0;-4.0;ISOPROPANOL
274.0;541.0;1054.0;2116.0;379.0;600.0;264.0;529.0;1045.0;1987.0;356.0;585.0;1.0;3.0;11.0;-9.0;ISOPROPANOL
258.0;504.0;1000.0;2010.0;363.0;578.0;248.0;494.0;987.0;1908.0;344.0;575.0;1.0;5.0;11.0;-6.0;ISOPROPANOL
263.0;525.0;1044.0;2134.0;389.0;627.0;283.0;564.0;1123.0;2152.0;388.0;637.0;1.0;10.0;11.0;-9.0;ISOPROPANOL
301.0;588.0;1167.0;2337.0;418.0;666.0;308.0;606.0;1204.0;2289.0;412.0;671.0;7.0;5.0;14.0;-9.0;ISOPROPANOL
308.0;596.0;1162.0;2312.0;410.0;637.0;284.0;558.0;1110.0;2124.0;379.0;626.0;10.0;9.0;14.0;-9.0;ISOPROPANOL
283.0;555.0;1094.0;2193.0;391.0;616.0;265.0;526.0;1044.0;2004.0;361.0;595.0;7.0;5.0;14.0;-8.0;ISOPROPANOL
273.0;540.0;1070.0;2183.0;394.0;626.0;289.0;572.0;1148.0;2222.0;401.0;663.0;15.0;10.0;6.0;-8.0;ISOPROPANOL
314.0;617.0;1210.0;2440.0;433.0;677.0;311.0;609.0;1198.0;2274.0;405.0;662.0;7.0;4.0;6.0;-6.0;ISOPROPANOL
312.0;610.0;1196.0;2433.0;436.0;685.0;314.0;614.0;1208.0;2301.0;407.0;662.0;5.0;4.0;6.0;-6.0;ISOPROPANOL
302.0;593.0;1171.0;2366.0;427.0;679.0;317.0;625.0;1249.0;2366.0;421.0;689.0;4.0;4.0;8.0;-6.0;ISOPROPANOL
316.0;616.0;1204.0;2393.0;427.0;671.0;303.0;592.0;1169.0;2215.0;393.0;642.0;5.0;3.0;10.0;-6.0;ISOPROPANOL
297.0;575.0;1121.0;2252.0;399.0;627.0;284.0;561.0;1109.0;2099.0;373.0;608.0;7.0;3.0;6.0;-8.0;ISOPROPANOL
276.0;538.0;1065.0;2156.0;386.0;618.0;277.0;546.0;1089.0;2075.0;372.0;612.0;7.0;10.0;6.0;-8.0;ISOPROPANOL
277.0;547.0;1091.0;2274.0;425.0;707.0;335.0;667.0;1340.0;2587.0;464.0;773.0;3.0;12.0;3.0;-8.0;ISOPROPANOL
373.0;735.0;1446.0;2960.0;528.0;836.0;403.0;784.0;1551.0;2933.0;524.0;852.0;3.0;10.0;3.0;-8.0;ISOPROPANOL
413.0;795.0;1534.0;3052.0;530.0;808.0;369.0;715.0;1414.0;2682.0;472.0;754.0;3.0;10.0;3.0;-10.0;ISOPROPANOL
355.0;684.0;1326.0;2642.0;467.0;732.0;337.0;657.0;1302.0;2492.0;442.0;720.0;12.0;18.0;9.0;-8.0;ISOPROPANOL
330.0;650.0;1267.0;2551.0;456.0;714.0;336.0;652.0;1277.0;2403.0;429.0;695.0;19.0;8.0;8.0;-7.0;ISOPROPANOL
323.0;632.0;1247.0;2482.0;445.0;702.0;323.0;631.0;1247.0;2364.0;425.0;696.0;15.0;9.0;8.0;-7.0;ISOPROPANOL
329.0;640.0;1249.0;2551.0;455.0;716.0;336.0;657.0;1297.0;2472.0;441.0;722.0;9.0;8.0;8.0;-11.0;ISOPROPANOL
351.0;685.0;1345.0;2718.0;490.0;775.0;366.0;714.0;1423.0;2695.0;479.0;779.0;9.0;3.0;8.0;-7.0;ISOPROPANOL
374.0;731.0;1439.0;2874.0;508.0;789.0;376.0;730.0;1438.0;2727.0;482.0;780.0;6.0;2.0;8.0;-5.0;ISOPROPANOL
373.0;724.0;1403.0;2826.0;501.0;779.0;370.0;719.0;1407.0;2659.0;472.0;766.0;9.0;4.0;5.0;-5.0;ISOPROPANOL
363.0;701.0;1370.0;2729.0;479.0;752.0;344.0;673.0;1311.0;2495.0;440.0;718.0;9.0;8.0;8.0;-5.0;ISOPROPANOL
332.0;644.0;1251.0;2496.0;443.0;693.0;313.0;612.0;1221.0;2296.0;410.0;673.0;13.0;4.0;8.0;-5.0;ISOPROPANOL
315.0;614.0;1185.0;2353.0;419.0;662.0;307.0;595.0;1162.0;2199.0;388.0;637.0;17.0;5.0;8.0;-7.0;ISOPROPANOL
300.0;579.0;1125.0;2253.0;402.0;640.0;296.0;579.0;1143.0;2167.0;386.0;637.0;20.0;6.0;9.0;-7.0;ISOPROPANOL
298.0;583.0;1139.0;2297.0;409.0;648.0;296.0;571.0;1131.0;2162.0;385.0;635.0;12.0;6.0;10.0;-7.0;ISOPROPANOL
299.0;587.0;1166.0;2396.0;438.0;704.0;336.0;658.0;1314.0;2493.0;448.0;738.0;5.0;6.0;9.0;-7.0;ISOPROPANOL
347.0;680.0;1321.0;2630.0;463.0;714.0;335.0;656.0;1282.0;2423.0;427.0;697.0;5.0;5.0;18.0;-3.0;ISOPROPANOL
326.0;635.0;1229.0;2484.0;443.0;689.0;313.0;614.0;1219.0;2321.0;410.0;669.0;2.0;5.0;9.0;-3.0;ISOPROPANOL
308.0;600.0;1169.0;2345.0;416.0;657.0;294.0;582.0;1153.0;2195.0;391.0;638.0;4.0;5.0;7.0;-4.0;ISOPROPANOL
299.0;590.0;1154.0;2324.0;414.0;656.0;305.0;596.0;1179.0;2241.0;400.0;652.0;0.0;7.0;5.0;-3.0;ISOPROPANOL
308.0;597.0;1173.0;2335.0;414.0;647.0;295.0;583.0;1144.0;2189.0;389.0;638.0;4.0;14.0;7.0;-4.0;ISOPROPANOL
306.0;599.0;1168.0;2348.0;419.0;667.0;311.0;606.0;1201.0;2270.0;402.0;658.0;8.0;8.0;5.0;-6.0;ISOPROPANOL
307.0;599.0;1165.0;2330.0;411.0;647.0;291.0;569.0;1118.0;2149.0;382.0;624.0;9.0;9.0;18.0;-7.0;ISOPROPANOL
299.0;583.0;1148.0;2293.0;411.0;648.0;298.0;584.0;1165.0;2216.0;395.0;652.0;8.0;5.0;13.0;-7.0;ISOPROPANOL
309.0;602.0;1174.0;2336.0;418.0;659.0;304.0;591.0;1180.0;2229.0;398.0;648.0;12.0;5.0;20.0;-7.0;ISOPROPANOL
312.0;606.0;1192.0;2403.0;427.0;669.0;314.0;614.0;1214.0;2303.0;412.0;671.0;8.0;5.0;5.0;-6.0;ISOPROPANOL
322.0;627.0;1228.0;2468.0;441.0;691.0;324.0;636.0;1254.0;2379.0;417.0;680.0;10.0;5.0;5.0;-6.0;ISOPROPANOL
317.0;618.0;1207.0;2409.0;432.0;688.0;318.0;622.0;1228.0;2353.0;419.0;685.0;10.0;8.0;4.0;-6.0;ISOPROPANOL
327.0;637.0;1248.0;2514.0;447.0;701.0;328.0;638.0;1252.0;2389.0;423.0;691.0;10.0;10.0;5.0;-6.0;ISOPROPANOL
322.0;627.0;1220.0;2432.0;432.0;676.0;318.0;623.0;1225.0;2306.0;408.0;668.0;15.0;8.0;24.0;-7.0;ISOPROPANOL
317.0;615.0;1185.0;2370.0;419.0;659.0;306.0;596.0;1159.0;2197.0;389.0;633.0;11.0;7.0;15.0;-10.0;ISOPROPANOL
300.0;588.0;1139.0;2294.0;411.0;651.0;301.0;590.0;1169.0;2224.0;395.0;651.0;18.0;10.0;7.0;-10.0;ISOPROPANOL
305.0;593.0;1166.0;2310.0;409.0;641.0;290.0;568.0;1123.0;2137.0;378.0;618.0;11.0;7.0;7.0;-10.0;ISOPROPANOL
292.0;568.0;1116.0;2273.0;414.0;667.0;308.0;606.0;1199.0;2288.0;409.0;663.0;10.0;7.0;7.0;-3.0;ISOPROPANOL
318.0;612.0;1189.0;2367.0;422.0;655.0;307.0;596.0;1165.0;2215.0;393.0;636.0;12.0;5.0;7.0;-3.0;ISOPROPANOL
301.0;583.0;1135.0;2260.0;402.0;636.0;294.0;579.0;1139.0;2186.0;388.0;633.0;11.0;5.0;13.0;-3.0;ISOPROPANOL
300.0;587.0;1149.0;2302.0;410.0;642.0;296.0;579.0;1147.0;2172.0;389.0;634.0;16.0;5.0;10.0;-4.0;ISOPROPANOL
298.0;583.0;1136.0;2273.0;404.0;645.0;299.0;581.0;1158.0;2204.0;393.0;644.0;11.0;4.0;11.0;-10.0;ISOPROPANOL
313.0;607.0;1176.0;2362.0;417.0;648.0;304.0;590.0;1160.0;2212.0;393.0;637.0;14.0;5.0;10.0;-10.0;ISOPROPANOL
304.0;591.0;1148.0;2310.0;407.0;646.0;301.0;587.0;1155.0;2196.0;387.0;630.0;10.0;7.0;16.0;-10.0;ISOPROPANOL
297.0;578.0;1133.0;2260.0;404.0;635.0;295.0;578.0;1148.0;2185.0;394.0;654.0;10.0;5.0;13.0;-10.0;ISOPROPANOL
318.0;623.0;1226.0;2469.0;442.0;690.0;326.0;632.0;1253.0;2363.0;419.0;687.0;10.0;12.0;15.0;-5.0;ISOPROPANOL
330.0;639.0;1232.0;2455.0;432.0;675.0;313.0;609.0;1193.0;2270.0;402.0;657.0;13.0;7.0;15.0;-2.0;ISOPROPANOL
311.0;605.0;1171.0;2329.0;415.0;654.0;312.0;601.0;1177.0;2207.0;390.0;638.0;12.0;8.0;19.0;-2.0;ISOPROPANOL
304.0;583.0;1128.0;2263.0;403.0;635.0;286.0;567.0;1120.0;2133.0;379.0;624.0;12.0;7.0;15.0;-2.0;ISOPROPANOL
299.0;582.0;1132.0;2255.0;404.0;633.0;297.0;578.0;1136.0;2161.0;381.0;628.0;8.0;5.0;15.0;-7.0;ISOPROPANOL
294.0;574.0;1120.0;2255.0;406.0;638.0;299.0;584.0;1150.0;2191.0;392.0;637.0;8.0;7.0;14.0;-8.0;ISOPROPANOL
304.0;593.0;1151.0;2310.0;412.0;648.0;301.0;587.0;1162.0;2212.0;392.0;645.0;8.0;13.0;13.0;-8.0;ISOPROPANOL
313.0;609.0;1196.0;2392.0;429.0;680.0;324.0;632.0;1230.0;2336.0;413.0;677.0;12.0;11.0;4.0;-7.0;ISOPROPANOL
336.0;647.0;1250.0;2478.0;442.0;702.0;338.0;653.0;1291.0;2427.0;434.0;713.0;8.0;7.0;4.0;-7.0;ISOPROPANOL
349.0;676.0;1310.0;2610.0;462.0;722.0;343.0;674.0;1326.0;2508.0;446.0;729.0;8.0;7.0;5.0;-8.0;ISOPROPANOL
360.0;697.0;1354.0;2711.0;476.0;750.0;352.0;685.0;1340.0;2550.0;450.0;736.0;8.0;7.0;5.0;-8.0;ISOPROPANOL
360.0;691.0;1326.0;2632.0;463.0;719.0;330.0;642.0;1268.0;2401.0;425.0;695.0;6.0;7.0;5.0;-9.0;ISOPROPANOL
330.0;640.0;1247.0;2484.0;442.0;687.0;319.0;624.0;1221.0;2321.0;411.0;668.0;11.0;12.0;6.0;-9.0;ISOPROPANOL
320.0;626.0;1225.0;2482.0;451.0;717.0;340.0;662.0;1306.0;2481.0;437.0;708.0;10.0;12.0;11.0;-11.0;ISOPROPANOL
343.0;658.0;1275.0;2535.0;450.0;706.0;338.0;653.0;1286.0;2434.0;432.0;705.0;16.0;9.0;17.0;-8.0;ISOPROPANOL
343.0;661.0;1275.0;2548.0;450.0;697.0;335.0;648.0;1261.0;2368.0;419.0;686.0;-1.0;3.0;11.0;-11.0;ISOPROPANOL
332.0;638.0;1235.0;2457.0;438.0;696.0;327.0;638.0;1266.0;2413.0;431.0;700.0;10.0;3.0;11.0;-8.0;ISOPROPANOL
346.0;673.0;1313.0;2634.0;474.0;754.0;364.0;711.0;1405.0;2668.0;473.0;776.0;10.0;8.0;11.0;-8.0;ISOPROPANOL
391.0;760.0;1475.0;2928.0;518.0;815.0;403.0;777.0;1527.0;2872.0;505.0;816.0;11.0;8.0;17.0;-7.0;ISOPROPANOL
403.0;773.0;1481.0;2946.0;516.0;800.0;386.0;743.0;1444.0;2736.0;481.0;769.0;13.0;11.0;15.0;-8.0;ISOPROPANOL
367.0;714.0;1381.0;2756.0;484.0;760.0;361.0;701.0;1365.0;2580.0;451.0;738.0;2.0;6.0;2.0;-4.0;ISOPROPANOL
357.0;688.0;1335.0;2663.0;474.0;745.0;359.0;692.0;1365.0;2570.0;454.0;742.0;2.0;4.0;3.0;-4.0;ISOPROPANOL
366.0;708.0;1381.0;2736.0;485.0;756.0;375.0;723.0;1408.0;2629.0;461.0;747.0;2.0;6.0;3.0;-4.0;ISOPROPANOL
363.0;698.0;1352.0;2684.0;470.0;735.0;347.0;672.0;1318.0;2517.0;445.0;720.0;3.0;4.0;3.0;-3.0;ISOPROPANOL
351.0;673.0;1308.0;2600.0;461.0;722.0;347.0;669.0;1311.0;2468.0;436.0;704.0;11.0;3.0;3.0;-1.0;ISOPROPANOL
348.0;668.0;1302.0;2586.0;459.0;722.0;348.0;674.0;1321.0;2511.0;444.0;727.0;10.0;4.0;6.0;-1.0;ISOPROPANOL
367.0;701.0;1344.0;2667.0;470.0;733.0;351.0;678.0;1333.0;2527.0;442.0;721.0;10.0;7.0;6.0;-8.0;ISOPROPANOL
356.0;689.0;1326.0;2620.0;465.0;730.0;351.0;675.0;1325.0;2506.0;444.0;718.0;10.0;12.0;11.0;-3.0;ISOPROPANOL
355.0;682.0;1311.0;2609.0;463.0;730.0;348.0;676.0;1323.0;2491.0;443.0;725.0;12.0;7.0;8.0;-8.0;ISOPROPANOL
357.0;688.0;1334.0;2645.0;469.0;731.0;346.0;668.0;1322.0;2490.0;444.0;718.0;10.0;6.0;8.0;-8.0;ISOPROPANOL
354.0;683.0;1314.0;2626.0;466.0;730.0;359.0;688.0;1348.0;2536.0;444.0;720.0;13.0;4.0;8.0;-8.0;ISOPROPANOL
361.0;697.0;1343.0;2677.0;474.0;743.0;361.0;700.0;1375.0;2615.0;464.0;745.0;10.0;6.0;13.0;-11.0;ISOPROPANOL
377.0;722.0;1384.0;2745.0;483.0;752.0;371.0;714.0;1389.0;2610.0;457.0;743.0;5.0;4.0;8.0;-11.0;ISOPROPANOL
369.0;718.0;1395.0;2810.0;498.0;789.0;394.0;761.0;1481.0;2780.0;489.0;794.0;5.0;4.0;12.0;-10.0;ISOPROPANOL
396.0;765.0;1470.0;2952.0;521.0;812.0;398.0;765.0;1481.0;2781.0;486.0;790.0;6.0;7.0;7.0;-10.0;ISOPROPANOL
391.0;748.0;1430.0;2819.0;495.0;766.0;371.0;709.0;1388.0;2606.0;457.0;742.0;6.0;13.0;7.0;-7.0;ISOPROPANOL
368.0;706.0;1357.0;2671.0;472.0;742.0;361.0;694.0;1363.0;2556.0;452.0;731.0;6.0;9.0;10.0;-7.0;ISOPROPANOL
368.0;712.0;1379.0;2777.0;492.0;769.0;385.0;741.0;1429.0;2703.0;474.0;765.0;10.0;8.0;7.0;-7.0;ISOPROPANOL
376.0;725.0;1402.0;2805.0;499.0;786.0;383.0;743.0;1455.0;2755.0;486.0;792.0;14.0;8.0;7.0;-7.0;ISOPROPANOL
403.0;775.0;1487.0;2985.0;530.0;829.0;416.0;798.0;1555.0;2919.0;517.0;837.0;10.0;5.0;7.0;-8.0;ISOPROPANOL
421.0;806.0;1544.0;3097.0;543.0;846.0;421.0;809.0;1569.0;2940.0;516.0;835.0;7.0;5.0;7.0;-8.0;ISOPROPANOL
419.0;806.0;1547.0;3092.0;543.0;845.0;418.0;799.0;1544.0;2894.0;511.0;826.0;0.0;5.0;9.0;-6.0;ISOPROPANOL
419.0;801.0;1532.0;3048.0;532.0;820.0;411.0;784.0;1521.0;2831.0;497.0;792.0;0.0;8.0;10.0;-8.0;ISOPROPANOL
394.0;756.0;1456.0;2942.0;522.0;813.0;403.0;772.0;1493.0;2803.0;493.0;802.0;0.0;9.0;8.0;-8.0;ISOPROPANOL
403.0;777.0;1485.0;2953.0;518.0;799.0;390.0;746.0;1460.0;2751.0;484.0;783.0;0.0;10.0;20.0;-10.0;ISOPROPANOL
391.0;748.0;1442.0;2860.0;502.0;785.0;384.0;738.0;1443.0;2718.0;483.0;781.0;5.0;8.0;13.0;-10.0;ISOPROPANOL
393.0;759.0;1457.0;2873.0;505.0;783.0;381.0;739.0;1423.0;2681.0;471.0;757.0;5.0;8.0;13.0;-10.0;ISOPROPANOL
376.0;724.0;1388.0;2737.0;485.0;753.0;367.0;704.0;1378.0;2583.0;459.0;745.0;8.0;7.0;15.0;-10.0;ISOPROPANOL
370.0;711.0;1367.0;2722.0;481.0;762.0;380.0;736.0;1424.0;2681.0;472.0;771.0;8.0;10.0;13.0;-10.0;ISOPROPANOL
385.0;743.0;1439.0;2849.0;501.0;786.0;387.0;749.0;1451.0;2721.0;478.0;775.0;8.0;12.0;12.0;-5.0;ISOPROPANOL
387.0;744.0;1439.0;2869.0;503.0;781.0;385.0;738.0;1448.0;2701.0;477.0;769.0;13.0;9.0;14.0;-4.0;ISOPROPANOL
390.0;745.0;1431.0;2842.0;502.0;790.0;393.0;762.0;1476.0;2769.0;483.0;784.0;8.0;8.0;15.0;-4.0;ISOPROPANOL
393.0;755.0;1456.0;2885.0;511.0;788.0;385.0;742.0;1437.0;2709.0;477.0;768.0;13.0;5.0;15.0;-7.0;ISOPROPANOL
389.0;748.0;1436.0;2850.0;505.0;791.0;387.0;750.0;1466.0;2773.0;491.0;803.0;8.0;4.0;15.0;-3.0;ISOPROPANOL
415.0;795.0;1517.0;2985.0;524.0;808.0;401.0;771.0;1500.0;2785.0;488.0;790.0;11.0;5.0;20.0;-7.0;ISOPROPANOL
394.0;757.0;1453.0;2868.0;505.0;791.0;389.0;744.0;1453.0;2737.0;479.0;772.0;7.0;0.0;15.0;-7.0;ISOPROPANOL
387.0;742.0;1437.0;2878.0;515.0;816.0;417.0;810.0;1577.0;2976.0;528.0;855.0;15.0;4.0;15.0;-7.0;ISOPROPANOL
454.0;872.0;1656.0;3409.0;601.0;932.0;477.0;908.0;1757.0;3281.0;575.0;921.0;8.0;4.0;17.0;-5.0;ISOPROPANOL
480.0;904.0;1680.0;3357.0;580.0;877.0;436.0;831.0;1613.0;3006.0;526.0;842.0;9.0;9.0;11.0;-5.0;ISOPROPANOL
431.0;817.0;1552.0;3074.0;540.0;834.0;418.0;801.0;1558.0;2927.0;518.0;842.0;8.0;8.0;11.0;-5.0;ISOPROPANOL
433.0;830.0;1591.0;3147.0;551.0;847.0;432.0;819.0;1582.0;2935.0;511.0;822.0;12.0;16.0;8.0;-5.0;ISOPROPANOL
414.0;791.0;1513.0;2998.0;530.0;824.0;409.0;789.0;1532.0;2872.0;506.0;822.0;5.0;15.0;4.0;-11.0;ISOPROPANOL
423.0;809.0;1554.0;3048.0;534.0;833.0;422.0;808.0;1555.0;2914.0;511.0;822.0;1.0;6.0;8.0;-11.0;ISOPROPANOL
429.0;817.0;1548.0;3066.0;538.0;838.0;425.0;814.0;1583.0;2973.0;520.0;841.0;1.0;9.0;4.0;-11.0;ISOPROPANOL
434.0;818.0;1564.0;3083.0;538.0;839.0;413.0;796.0;1537.0;2874.0;503.0;811.0;2.0;9.0;4.0;-9.0;ISOPROPANOL
414.0;787.0;1510.0;2950.0;518.0;802.0;398.0;757.0;1477.0;2751.0;484.0;778.0;2.0;12.0;2.0;-7.0;ISOPROPANOL
394.0;757.0;1446.0;2876.0;506.0;794.0;390.0;754.0;1470.0;2738.0;481.0;782.0;4.0;8.0;2.0;-7.0;ISOPROPANOL
402.0;761.0;1460.0;2884.0;504.0;786.0;383.0;739.0;1447.0;2709.0;475.0;771.0;4.0;6.0;7.0;-9.0;ISOPROPANOL
388.0;740.0;1416.0;2783.0;493.0;771.0;384.0;736.0;1429.0;2672.0;468.0;758.0;5.0;3.0;2.0;-9.0;ISOPROPANOL
385.0;737.0;1417.0;2795.0;494.0;771.0;388.0;742.0;1445.0;2726.0;475.0;771.0;5.0;1.0;11.0;-9.0;ISOPROPANOL
393.0;754.0;1442.0;2849.0;500.0;774.0;385.0;741.0;1445.0;2696.0;474.0;776.0;5.0;-1.0;7.0;-9.0;ISOPROPANOL
395.0;749.0;1444.0;2830.0;499.0;774.0;385.0;741.0;1439.0;2700.0;473.0;766.0;12.0;-1.0;17.0;-9.0;ISOPROPANOL
392.0;753.0;1453.0;2890.0;509.0;795.0;402.0;767.0;1497.0;2797.0;494.0;803.0;1.0;-1.0;7.0;-9.0;ISOPROPANOL
423.0;813.0;1547.0;3076.0;540.0;827.0;419.0;800.0;1545.0;2883.0;505.0;818.0;1.0;2.0;7.0;-11.0;ISOPROPANOL
426.0;812.0;1560.0;3127.0;557.0;875.0;452.0;860.0;1676.0;3127.0;549.0;886.0;1.0;3.0;4.0;-11.0;ISOPROPANOL
458.0;876.0;1648.0;3310.0;582.0;887.0;448.0;859.0;1672.0;3118.0;549.0;888.0;4.0;2.0;4.0;-7.0;ISOPROPANOL
471.0;890.0;1664.0;3344.0;580.0;891.0;457.0;866.0;1670.0;3105.0;543.0;872.0;4.0;15.0;5.0;-9.0;ISOPROPANOL
450.0;856.0;1618.0;3241.0;571.0;882.0;449.0;856.0;1650.0;3078.0;543.0;870.0;5.0;15.0;11.0;-7.0;ISOPROPANOL
451.0;859.0;1620.0;3249.0;569.0;885.0;449.0;856.0;1645.0;3075.0;536.0;859.0;7.0;12.0;17.0;-7.0;ISOPROPANOL
444.0;842.0;1592.0;3153.0;551.0;851.0;438.0;831.0;1615.0;2978.0;522.0;841.0;13.0;11.0;11.0;-6.0;ISOPROPANOL
442.0;841.0;1596.0;3188.0;557.0;868.0;443.0;840.0;1637.0;3060.0;534.0;854.0;10.0;11.0;9.0;-7.0;ISOPROPANOL
447.0;852.0;1610.0;3217.0;565.0;866.0;446.0;846.0;1625.0;3022.0;530.0;852.0;9.0;10.0;13.0;-6.0;ISOPROPANOL
443.0;837.0;1584.0;3124.0;546.0;841.0;435.0;827.0;1579.0;2930.0;513.0;823.0;13.0;16.0;7.0;-7.0;ISOPROPANOL
427.0;808.0;1539.0;3022.0;531.0;822.0;413.0;789.0;1532.0;2865.0;501.0;812.0;3.0;5.0;7.0;-7.0;ISOPROPANOL
421.0;802.0;1525.0;3022.0;535.0;834.0;426.0;810.0;1576.0;2960.0;524.0;842.0;3.0;2.0;8.0;-7.0;ISOPROPANOL
451.0;852.0;1611.0;3231.0;566.0;883.0;452.0;858.0;1666.0;3090.0;537.0;858.0;3.0;1.0;7.0;-7.0;ISOPROPANOL
450.0;850.0;1598.0;3178.0;556.0;859.0;443.0;845.0;1620.0;3027.0;526.0;849.0;5.0;2.0;8.0;-10.0;ISOPROPANOL
441.0;839.0;1581.0;3122.0;544.0;840.0;429.0;816.0;1578.0;2927.0;511.0;830.0;8.0;0.0;14.0;-10.0;ISOPROPANOL
430.0;815.0;1564.0;3127.0;551.0;862.0;454.0;868.0;1688.0;3136.0;553.0;892.0;5.0;2.0;8.0;-10.0;ISOPROPANOL
477.0;916.0;1711.0;3517.0;624.0;973.0;520.0;988.0;1886.0;3506.0;604.0;968.0;6.0;6.0;21.0;-7.0;ISOPROPANOL
514.0;964.0;1753.0;3545.0;614.0;933.0;487.0;921.0;1763.0;3252.0;561.0;899.0;6.0;8.0;13.0;-7.0;ISOPROPANOL
472.0;888.0;1642.0;3264.0;569.0;866.0;445.0;843.0;1619.0;2999.0;520.0;841.0;6.0;6.0;13.0;-6.0;ISOPROPANOL
433.0;825.0;1554.0;3077.0;536.0;837.0;428.0;815.0;1563.0;2890.0;506.0;816.0;12.0;4.0;14.0;-2.0;ISOPROPANOL
426.0;807.0;1531.0;3015.0;528.0;817.0;414.0;788.0;1515.0;2835.0;494.0;799.0;6.0;5.0;12.0;-2.0;ISOPROPANOL
418.0;787.0;1501.0;2966.0;519.0;810.0;405.0;778.0;1509.0;2813.0;496.0;805.0;2.0;6.0;14.0;-2.0;ISOPROPANOL
419.0;799.0;1519.0;2988.0;523.0;817.0;416.0;793.0;1537.0;2846.0;499.0;802.0;2.0;6.0;12.0;-2.0;ISOPROPANOL
422.0;800.0;1518.0;3020.0;528.0;827.0;431.0;812.0;1580.0;2923.0;512.0;828.0;2.0;9.0;17.0;-7.0;ISOPROPANOL
438.0;837.0;1585.0;3164.0;557.0;856.0;440.0;840.0;1612.0;2990.0;525.0;834.0;8.0;10.0;12.0;-7.0;ISOPROPANOL
440.0;834.0;1572.0;3100.0;542.0;841.0;433.0;823.0;1585.0;2927.0;513.0;832.0;8.0;7.0;14.0;-7.0;ISOPROPANOL
431.0;817.0;1559.0;3089.0;545.0;853.0;442.0;843.0;1625.0;3022.0;528.0;858.0;7.0;7.0;14.0;-7.0;ISOPROPANOL
452.0;854.0;1612.0;3206.0;562.0;869.0;439.0;843.0;1617.0;3019.0;527.0;849.0;6.0;7.0;14.0;-7.0;ISOPROPANOL
461.0;869.0;1621.0;3256.0;567.0;880.0;449.0;858.0;1655.0;3099.0;538.0;864.0;7.0;13.0;7.0;-7.0;ISOPROPANOL
460.0;870.0;1626.0;3246.0;563.0;869.0;450.0;854.0;1645.0;3082.0;538.0;859.0;6.0;6.0;6.0;-7.0;ISOPROPANOL
455.0;860.0;1612.0;3203.0;558.0;857.0;434.0;826.0;1586.0;2956.0;519.0;839.0;3.0;9.0;1.0;-4.0;ISOPROPANOL
442.0;836.0;1567.0;3108.0;546.0;844.0;425.0;805.0;1573.0;2926.0;516.0;822.0;3.0;9.0;1.0;-4.0;ISOPROPANOL
435.0;824.0;1555.0;3079.0;540.0;841.0;429.0;816.0;1579.0;2938.0;510.0;828.0;4.0;8.0;6.0;-4.0;ISOPROPANOL
442.0;837.0;1588.0;3139.0;551.0;860.0;445.0;844.0;1635.0;3048.0;536.0;866.0;10.0;7.0;8.0;-4.0;ISOPROPANOL
461.0;871.0;1633.0;3287.0;575.0;891.0;464.0;886.0;1721.0;3172.0;555.0;885.0;16.0;5.0;-1.0;-4.0;ISOPROPANOL
474.0;899.0;1671.0;3376.0;590.0;920.0;484.0;914.0;1768.0;3310.0;575.0;922.0;13.0;7.0;8.0;-6.0;ISOPROPANOL
495.0;936.0;1714.0;3509.0;615.0;949.0;502.0;948.0;1826.0;3389.0;591.0;945.0;10.0;7.0;6.0;-7.0;ISOPROPANOL
510.0;964.0;1754.0;3608.0;630.0;973.0;517.0;976.0;1871.0;3480.0;607.0;970.0;10.0;10.0;-1.0;-8.0;ISOPROPANOL
529.0;1001.0;1801.0;3724.0;646.0;999.0;537.0;1011.0;1931.0;3574.0;621.0;992.0;10.0;9.0;6.0;-8.0;ISOPROPANOL
538.0;1009.0;1796.0;3687.0;636.0;962.0;504.0;952.0;1823.0;3395.0;590.0;937.0;6.0;8.0;8.0;-8.0;ISOPROPANOL
507.0;949.0;1741.0;3521.0;609.0;933.0;490.0;927.0;1775.0;3281.0;570.0;914.0;2.0;10.0;6.0;-8.0;ISOPROPANOL
487.0;910.0;1676.0;3364.0;585.0;900.0;465.0;878.0;1685.0;3121.0;546.0;868.0;2.0;5.0;2.0;-6.0;ISOPROPANOL
470.0;883.0;1639.0;3270.0;569.0;879.0;455.0;860.0;1667.0;3095.0;538.0;864.0;5.0;5.0;2.0;-2.0;ISOPROPANOL
461.0;869.0;1621.0;3216.0;563.0;862.0;454.0;862.0;1657.0;3046.0;534.0;861.0;5.0;5.0;2.0;-4.0;ISOPROPANOL
464.0;875.0;1634.0;3256.0;574.0;891.0;469.0;890.0;1715.0;3188.0;554.0;890.0;9.0;9.0;2.0;-4.0;ISOPROPANOL
483.0;911.0;1675.0;3373.0;587.0;903.0;478.0;905.0;1727.0;3205.0;557.0;893.0;9.0;5.0;0.0;-4.0;ISOPROPANOL
488.0;916.0;1683.0;3370.0;589.0;909.0;490.0;916.0;1753.0;3244.0;564.0;900.0;12.0;18.0;12.0;-4.0;ISOPROPANOL
496.0;923.0;1704.0;3436.0;598.0;915.0;490.0;923.0;1765.0;3257.0;563.0;896.0;12.0;10.0;11.0;-6.0;ISOPROPANOL
486.0;907.0;1672.0;3343.0;582.0;898.0;471.0;886.0;1708.0;3159.0;549.0;884.0;11.0;10.0;11.0;-7.0;ISOPROPANOL
475.0;898.0;1656.0;3317.0;577.0;881.0;460.0;870.0;1667.0;3098.0;539.0;864.0;16.0;12.0;10.0;-9.0;ISOPROPANOL
467.0;880.0;1630.0;3237.0;564.0;872.0;454.0;859.0;1654.0;3060.0;533.0;859.0;11.0;14.0;9.0;-9.0;ISOPROPANOL
465.0;877.0;1625.0;3227.0;560.0;869.0;460.0;868.0;1657.0;3057.0;535.0;855.0;6.0;17.0;4.0;-11.0;ISOPROPANOL
458.0;861.0;1612.0;3202.0;563.0;880.0;461.0;878.0;1691.0;3145.0;547.0;877.0;6.0;7.0;4.0;-11.0;ISOPROPANOL
476.0;901.0;1661.0;3315.0;579.0;895.0;458.0;871.0;1685.0;3133.0;553.0;890.0;4.0;9.0;4.0;-9.0;ISOPROPANOL
474.0;900.0;1673.0;3358.0;585.0;901.0;470.0;892.0;1728.0;3202.0;559.0;904.0;4.0;10.0;3.0;-7.0;ISOPROPANOL
489.0;920.0;1695.0;3402.0;589.0;905.0;477.0;894.0;1716.0;3183.0;551.0;880.0;4.0;4.0;3.0;-6.0;ISOPROPANOL
477.0;895.0;1656.0;3290.0;573.0;893.0;479.0;904.0;1747.0;3247.0;565.0;905.0;6.0;4.0;12.0;-6.0;ISOPROPANOL
493.0;932.0;1727.0;3526.0;616.0;956.0;507.0;958.0;1846.0;3401.0;594.0;942.0;10.0;3.0;15.0;-7.0;ISOPROPANOL
514.0;965.0;1748.0;3562.0;619.0;952.0;507.0;955.0;1832.0;3392.0;589.0;945.0;10.0;8.0;12.0;-7.0;ISOPROPANOL
516.0;970.0;1767.0;3619.0;631.0;963.0;513.0;968.0;1857.0;3409.0;593.0;949.0;14.0;16.0;12.0;-7.0;ISOPROPANOL
512.0;964.0;1755.0;3583.0;625.0;960.0;518.0;971.0;1847.0;3395.0;587.0;935.0;13.0;8.0;15.0;-7.0;ISOPROPANOL
507.0;951.0;1727.0;3522.0;614.0;949.0;509.0;959.0;1855.0;3409.0;593.0;954.0;17.0;15.0;12.0;-8.0;ISOPROPANOL
524.0;985.0;1775.0;3632.0;635.0;969.0;525.0;987.0;1885.0;3464.0;598.0;953.0;6.0;4.0;12.0;-8.0;ISOPROPANOL
521.0;982.0;1765.0;3589.0;618.0;950.0;513.0;950.0;1818.0;3353.0;580.0;924.0;1.0;4.0;7.0;-8.0;ISOPROPANOL
507.0;943.0;1715.0;3451.0;604.0;921.0;490.0;922.0;1764.0;3278.0;572.0;910.0;1.0;4.0;2.0;-8.0;ISOPROPANOL
502.0;939.0;1712.0;3423.0;598.0;919.0;492.0;921.0;1761.0;3256.0;564.0;908.0;6.0;9.0;2.0;-7.0;ISOPROPANOL
492.0;923.0;1690.0;3404.0;591.0;915.0;493.0;925.0;1747.0;3220.0;560.0;897.0;5.0;4.0;4.0;-7.0;ISOPROPANOL
491.0;924.0;1692.0;3388.0;588.0;902.0;489.0;924.0;1756.0;3225.0;562.0;906.0;6.0;6.0;4.0;-7.0;ISOPROPANOL
501.0;945.0;1722.0;3486.0;606.0;931.0;503.0;945.0;1813.0;3337.0;579.0;922.0;5.0;4.0;4.0;-7.0;ISOPROPANOL
508.0;949.0;1723.0;3477.0;603.0;920.0;488.0;916.0;1751.0;3243.0;565.0;904.0;6.0;6.0;3.0;-8.0;ISOPROPANOL
493.0;928.0;1700.0;3448.0;599.0;919.0;501.0;940.0;1794.0;3311.0;575.0;918.0;13.0;6.0;4.0;-8.0;ISOPROPANOL
506.0;946.0;1723.0;3503.0;606.0;936.0;504.0;943.0;1804.0;3332.0;582.0;933.0;17.0;6.0;4.0;-8.0;ISOPROPANOL
517.0;967.0;1746.0;3530.0;613.0;937.0;511.0;957.0;1816.0;3353.0;585.0;939.0;13.0;8.0;15.0;-10.0;ISOPROPANOL
513.0;959.0;1744.0;3533.0;620.0;960.0;522.0;988.0;1900.0;3511.0;610.0;976.0;11.0;5.0;15.0;-7.0;ISOPROPANOL
544.0;1025.0;1814.0;3717.0;641.0;973.0;536.0;996.0;1896.0;3485.0;602.0;958.0;9.0;8.0;9.0;-2.0;ISOPROPANOL
526.0;986.0;1774.0;3621.0;624.0;942.0;510.0;955.0;1801.0;3342.0;577.0;923.0;11.0;4.0;10.0;-7.0;ISOPROPANOL
504.0;947.0;1740.0;3546.0;620.0;966.0;524.0;986.0;1870.0;3479.0;600.0;953.0;6.0;7.0;10.0;-4.0;ISOPROPANOL
534.0;991.0;1784.0;3660.0;636.0;978.0;527.0;989.0;1886.0;3477.0;604.0;964.0;9.0;7.0;17.0;-4.0;ISOPROPANOL
537.0;1005.0;1791.0;3687.0;636.0;981.0;537.0;1003.0;1918.0;3518.0;613.0;972.0;9.0;15.0;15.0;-4.0;ISOPROPANOL
540.0;1011.0;1803.0;3725.0;646.0;997.0;541.0;1020.0;1952.0;3583.0;624.0;990.0;11.0;12.0;10.0;-10.0;ISOPROPANOL
545.0;1020.0;1817.0;3751.0;651.0;993.0;552.0;1031.0;1947.0;3560.0;612.0;980.0;8.0;8.0;6.0;-10.0;ISOPROPANOL
542.0;1012.0;1798.0;3705.0;638.0;984.0;532.0;1000.0;1909.0;3525.0;613.0;981.0;18.0;11.0;8.0;-10.0;ISOPROPANOL
555.0;1035.0;1823.0;3782.0;658.0;1004.0;554.0;1029.0;1970.0;3636.0;633.0;1014.0;12.0;8.0;9.0;-10.0;ISOPROPANOL
567.0;1059.0;1853.0;3863.0;669.0;1029.0;564.0;1047.0;2009.0;3710.0;647.0;1033.0;7.0;9.0;5.0;-4.0;ISOPROPANOL
581.0;1086.0;1878.0;3970.0;681.0;1031.0;557.0;1046.0;1979.0;3658.0;632.0;1005.0;7.0;9.0;4.0;-1.0;ISOPROPANOL
555.0;1037.0;1831.0;3805.0;659.0;1009.0;553.0;1036.0;1985.0;3619.0;624.0;993.0;7.0;9.0;5.0;-1.0;ISOPROPANOL
548.0;1021.0;1814.0;3742.0;650.0;995.0;548.0;1022.0;1949.0;3579.0;622.0;996.0;-6.0;10.0;8.0;-1.0;ISOPROPANOL
558.0;1054.0;1850.0;3870.0;673.0;1030.0;559.0;1044.0;2018.0;3707.0;641.0;1025.0;3.0;12.0;3.0;-3.0;ISOPROPANOL
573.0;1068.0;1868.0;3953.0;685.0;1045.0;570.0;1066.0;2042.0;3751.0;647.0;1031.0;3.0;3.0;3.0;-4.0;ISOPROPANOL
582.0;1078.0;1864.0;3892.0;671.0;1021.0;558.0;1038.0;1964.0;3610.0;622.0;994.0;3.0;2.0;-1.0;-4.0;ISOPROPANOL
555.0;1038.0;1826.0;3735.0;647.0;990.0;541.0;1014.0;1915.0;3500.0;606.0;963.0;6.0;3.0;-1.0;-4.0;ISOPROPANOL
539.0;1009.0;1803.0;3692.0;639.0;981.0;540.0;1004.0;1912.0;3507.0;612.0;976.0;6.0;8.0;1.0;-4.0;ISOPROPANOL
547.0;1014.0;1803.0;3716.0;646.0;985.0;545.0;1016.0;1922.0;3513.0;606.0;970.0;6.0;11.0;10.0;-6.0;ISOPROPANOL
540.0;1005.0;1799.0;3708.0;648.0;1005.0;555.0;1042.0;1996.0;3700.0;638.0;1010.0;8.0;7.0;6.0;-6.0;ISOPROPANOL
562.0;1054.0;1848.0;3892.0;678.0;1032.0;572.0;1066.0;2022.0;3743.0;645.0;1029.0;9.0;7.0;10.0;-11.0;ISOPROPANOL
582.0;1087.0;1881.0;3995.0;691.0;1059.0;593.0;1110.0;2111.0;3889.0;674.0;1079.0;5.0;6.0;10.0;-11.0;ISOPROPANOL
613.0;1138.0;1930.0;4168.0;721.0;1096.0;616.0;1142.0;2163.0;3942.0;676.0;1069.0;5.0;13.0;16.0;-11.0;ISOPROPANOL
602.0;1119.0;1903.0;3996.0;688.0;1047.0;566.0;1056.0;2022.0;3706.0;641.0;1020.0;5.0;6.0;14.0;-2.0;ISOPROPANOL
575.0;1067.0;1848.0;3858.0;666.0;1017.0;562.0;1049.0;1994.0;3630.0;627.0;994.0;9.0;6.0;15.0;-8.0;ISOPROPANOL
554.0;1035.0;1821.0;3759.0;647.0;991.0;539.0;1007.0;1920.0;3532.0;610.0;973.0;18.0;6.0;14.0;0.0;ISOPROPANOL
543.0;1019.0;1807.0;3740.0;646.0;989.0;537.0;1006.0;1922.0;3567.0;617.0;978.0;9.0;6.0;8.0;-2.0;ISOPROPANOL
546.0;1020.0;1807.0;3753.0;653.0;996.0;554.0;1035.0;1957.0;3593.0;618.0;987.0;3.0;4.0;0.0;-2.0;ISOPROPANOL
548.0;1023.0;1811.0;3757.0;645.0;991.0;547.0;1018.0;1945.0;3589.0;623.0;1000.0;3.0;5.0;0.0;-3.0;ISOPROPANOL
567.0;1051.0;1852.0;3866.0;672.0;1027.0;571.0;1064.0;2037.0;3733.0;649.0;1024.0;3.0;4.0;0.0;-3.0;ISOPROPANOL
581.0;1081.0;1871.0;3946.0;682.0;1048.0;579.0;1079.0;2052.0;3767.0;653.0;1038.0;0.0;5.0;0.0;-6.0;ISOPROPANOL
590.0;1100.0;1898.0;4029.0;697.0;1063.0;598.0;1106.0;2103.0;3809.0;661.0;1040.0;0.0;6.0;0.0;-8.0;ISOPROPANOL
588.0;1101.0;1892.0;4019.0;700.0;1073.0;587.0;1099.0;2097.0;3837.0;669.0;1063.0;0.0;4.0;8.0;-8.0;ISOPROPANOL
608.0;1124.0;1916.0;4060.0;697.0;1050.0;578.0;1079.0;2035.0;3736.0;646.0;1030.0;0.0;4.0;8.0;-6.0;ISOPROPANOL
588.0;1085.0;1872.0;3915.0;672.0;1021.0;570.0;1061.0;2010.0;3688.0;637.0;1012.0;10.0;4.0;16.0;-6.0;ISOPROPANOL
572.0;1064.0;1858.0;3869.0;665.0;1015.0;558.0;1047.0;1976.0;3640.0;628.0;1000.0;9.0;6.0;16.0;-5.0;ISOPROPANOL
564.0;1046.0;1832.0;3800.0;652.0;996.0;550.0;1023.0;1928.0;3571.0;617.0;988.0;16.0;10.0;18.0;-5.0;ISOPROPANOL
562.0;1049.0;1832.0;3804.0;656.0;999.0;549.0;1032.0;1963.0;3617.0;627.0;996.0;9.0;6.0;14.0;-6.0;ISOPROPANOL
573.0;1064.0;1853.0;3898.0;681.0;1045.0;577.0;1070.0;2047.0;3744.0;653.0;1028.0;12.0;10.0;14.0;-6.0;ISOPROPANOL
579.0;1071.0;1860.0;3883.0;667.0;1006.0;552.0;1035.0;1971.0;3604.0;627.0;1004.0;6.0;4.0;6.0;-8.0;ISOPROPANOL
568.0;1056.0;1844.0;3849.0;668.0;1017.0;560.0;1050.0;2001.0;3656.0;633.0;1009.0;10.0;4.0;10.0;-8.0;ISOPROPANOL
576.0;1077.0;1868.0;3933.0;684.0;1045.0;593.0;1097.0;2074.0;3797.0;655.0;1042.0;6.0;3.0;10.0;-7.0;ISOPROPANOL
600.0;1114.0;1902.0;4049.0;698.0;1058.0;596.0;1106.0;2105.0;3839.0;665.0;1055.0;6.0;3.0;10.0;-6.0;ISOPROPANOL
608.0;1121.0;1900.0;4007.0;689.0;1038.0;577.0;1073.0;2036.0;3729.0;641.0;1021.0;2.0;3.0;13.0;-6.0;ISOPROPANOL
582.0;1078.0;1864.0;3901.0;674.0;1027.0;577.0;1072.0;2031.0;3711.0;637.0;1005.0;-1.0;3.0;10.0;-6.0;ISOPROPANOL
575.0;1071.0;1857.0;3874.0;666.0;1013.0;561.0;1038.0;1968.0;3650.0;626.0;996.0;-1.0;5.0;4.0;-6.0;ISOPROPANOL
565.0;1049.0;1838.0;3821.0;656.0;1005.0;554.0;1033.0;1962.0;3620.0;624.0;1000.0;-1.0;5.0;4.0;-5.0;ISOPROPANOL
577.0;1067.0;1860.0;3836.0;662.0;1005.0;550.0;1032.0;1958.0;3594.0;621.0;986.0;-1.0;5.0;4.0;-5.0;ISOPROPANOL
558.0;1039.0;1822.0;3772.0;653.0;1000.0;565.0;1053.0;1994.0;3625.0;626.0;983.0;17.0;5.0;4.0;-9.0;ISOPROPANOL
560.0;1045.0;1834.0;3811.0;659.0;1013.0;570.0;1058.0;1997.0;3642.0;624.0;996.0;11.0;7.0;10.0;-4.0;ISOPROPANOL
572.0;1064.0;1849.0;3849.0;662.0;1006.0;560.0;1041.0;1968.0;3646.0;628.0;1004.0;10.0;6.0;13.0;-4.0;ISOPROPANOL
577.0;1072.0;1858.0;3897.0;671.0;1029.0;575.0;1072.0;2032.0;3736.0;647.0;1021.0;-1.0;12.0;10.0;-4.0;ISOPROPANOL
590.0;1092.0;1883.0;3995.0;692.0;1060.0;589.0;1098.0;2085.0;3828.0;667.0;1058.0;0.0;10.0;9.0;-4.0;ISOPROPANOL
607.0;1127.0;1918.0;4143.0;718.0;1094.0;618.0;1142.0;2169.0;3975.0;683.0;1084.0;0.0;9.0;9.0;-4.0;ISOPROPANOL
625.0;1153.0;1936.0;4138.0;710.0;1073.0;596.0;1103.0;2090.0;3857.0;668.0;1064.0;0.0;5.0;7.0;-3.0;ISOPROPANOL
610.0;1134.0;1925.0;4142.0;716.0;1091.0;622.0;1143.0;2161.0;3969.0;685.0;1079.0;0.0;9.0;7.0;-3.0;ISOPROPANOL
624.0;1157.0;1935.0;4138.0;718.0;1082.0;626.0;1152.0;2167.0;3959.0;678.0;1076.0;1.0;8.0;5.0;-7.0;ISOPROPANOL
624.0;1152.0;1929.0;4145.0;718.0;1095.0;623.0;1157.0;2180.0;4001.0;684.0;1080.0;13.0;8.0;5.0;-8.0;ISOPROPANOL
645.0;1187.0;1962.0;4246.0;734.0;1109.0;635.0;1176.0;2207.0;4041.0;689.0;1092.0;3.0;11.0;7.0;-7.0;ISOPROPANOL
640.0;1178.0;1946.0;4190.0;713.0;1082.0;610.0;1129.0;2131.0;3898.0;669.0;1048.0;3.0;10.0;5.0;-9.0;ISOPROPANOL
608.0;1128.0;1904.0;4000.0;690.0;1047.0;597.0;1111.0;2101.0;3842.0;661.0;1052.0;3.0;7.0;7.0;-9.0;ISOPROPANOL
611.0;1135.0;1916.0;4107.0;709.0;1082.0;620.0;1151.0;2165.0;3995.0;687.0;1094.0;3.0;5.0;10.0;-2.0;ISOPROPANOL
638.0;1175.0;1957.0;4259.0;732.0;1107.0;635.0;1178.0;2207.0;4010.0;692.0;1097.0;6.0;5.0;10.0;-1.0;ISOPROPANOL
633.0;1175.0;1952.0;4240.0;730.0;1111.0;646.0;1189.0;2243.0;4058.0;698.0;1104.0;6.0;5.0;10.0;-1.0;ISOPROPANOL
646.0;1190.0;1961.0;4251.0;730.0;1093.0;620.0;1146.0;2177.0;3972.0;685.0;1092.0;13.0;6.0;10.0;-1.0;ISOPROPANOL
631.0;1162.0;1947.0;4201.0;722.0;1084.0;616.0;1143.0;2136.0;3912.0;674.0;1058.0;4.0;6.0;11.0;-1.0;ISOPROPANOL
626.0;1148.0;1925.0;4116.0;703.0;1068.0;620.0;1150.0;2162.0;3920.0;670.0;1066.0;14.0;13.0;6.0;-4.0;ISOPROPANOL
617.0;1139.0;1916.0;4086.0;703.0;1063.0;600.0;1111.0;2091.0;3829.0;660.0;1048.0;4.0;8.0;11.0;-5.0;ISOPROPANOL
615.0;1131.0;1908.0;4026.0;692.0;1048.0;593.0;1097.0;2075.0;3803.0;654.0;1034.0;8.0;9.0;11.0;-6.0;ISOPROPANOL
612.0;1129.0;1906.0;4013.0;688.0;1049.0;596.0;1099.0;2079.0;3784.0;656.0;1034.0;3.0;9.0;12.0;-6.0;ISOPROPANOL
599.0;1110.0;1894.0;3999.0;686.0;1045.0;596.0;1102.0;2090.0;3814.0;655.0;1040.0;3.0;9.0;7.0;-6.0;ISOPROPANOL
608.0;1127.0;1900.0;4002.0;692.0;1052.0;596.0;1100.0;2084.0;3819.0;663.0;1049.0;6.0;13.0;7.0;-6.0;ISOPROPANOL
618.0;1141.0;1922.0;4120.0;710.0;1077.0;619.0;1144.0;2154.0;3951.0;679.0;1074.0;6.0;6.0;7.0;-8.0;ISOPROPANOL
634.0;1179.0;1954.0;4202.0;724.0;1095.0;637.0;1176.0;2204.0;3991.0;685.0;1082.0;10.0;8.0;13.0;-8.0;ISOPROPANOL
634.0;1169.0;1944.0;4176.0;715.0;1091.0;618.0;1142.0;2149.0;3926.0;674.0;1073.0;10.0;4.0;11.0;-8.0;ISOPROPANOL
632.0;1165.0;1938.0;4137.0;711.0;1075.0;613.0;1127.0;2123.0;3849.0;662.0;1055.0;10.0;4.0;18.0;-8.0;ISOPROPANOL
609.0;1137.0;1916.0;4059.0;696.0;1060.0;595.0;1098.0;2079.0;3795.0;656.0;1037.0;10.0;4.0;11.0;-8.0;ISOPROPANOL
607.0;1118.0;1902.0;4020.0;688.0;1051.0;593.0;1097.0;2083.0;3801.0;656.0;1029.0;0.0;4.0;6.0;-7.0;ISOPROPANOL
616.0;1128.0;1911.0;4017.0;689.0;1043.0;592.0;1089.0;2056.0;3727.0;645.0;1030.0;-1.0;10.0;5.0;-7.0;ISOPROPANOL
598.0;1103.0;1889.0;3941.0;676.0;1028.0;582.0;1078.0;2033.0;3718.0;641.0;1021.0;-1.0;5.0;5.0;-7.0;ISOPROPANOL
599.0;1110.0;1883.0;3948.0;678.0;1035.0;577.0;1071.0;2029.0;3707.0;638.0;1010.0;7.0;5.0;12.0;-7.0;ISOPROPANOL
586.0;1084.0;1866.0;3899.0;669.0;1028.0;576.0;1065.0;2021.0;3677.0;634.0;1014.0;-1.0;5.0;12.0;-5.0;ISOPROPANOL
590.0;1090.0;1870.0;3914.0;675.0;1029.0;571.0;1057.0;2006.0;3677.0;637.0;1018.0;7.0;6.0;14.0;-5.0;ISOPROPANOL
592.0;1090.0;1874.0;3923.0;677.0;1031.0;588.0;1083.0;2039.0;3696.0;638.0;1016.0;7.0;11.0;14.0;-5.0;ISOPROPANOL
592.0;1093.0;1876.0;3932.0;675.0;1028.0;580.0;1076.0;2042.0;3713.0;639.0;1017.0;10.0;8.0;14.0;-5.0;ISOPROPANOL
589.0;1091.0;1886.0;3975.0;686.0;1048.0;595.0;1111.0;2095.0;3819.0;657.0;1032.0;9.0;15.0;18.0;-6.0;ISOPROPANOL
600.0;1115.0;1903.0;4064.0;710.0;1095.0;648.0;1198.0;2259.0;4122.0;707.0;1125.0;14.0;8.0;14.0;-6.0;ISOPROPANOL
677.0;1250.0;2007.0;4479.0;766.0;1155.0;666.0;1223.0;2306.0;4212.0;718.0;1135.0;9.0;15.0;15.0;-6.0;ISOPROPANOL
670.0;1230.0;1995.0;4376.0;748.0;1121.0;650.0;1195.0;2259.0;4098.0;705.0;1114.0;15.0;14.0;14.0;-6.0;ISOPROPANOL
666.0;1228.0;1986.0;4383.0;754.0;1139.0;660.0;1215.0;2299.0;4185.0;718.0;1132.0;10.0;14.0;14.0;-3.0;ISOPROPANOL
674.0;1242.0;1998.0;4384.0;751.0;1133.0;654.0;1213.0;2279.0;4153.0;711.0;1118.0;7.0;14.0;15.0;-3.0;ISOPROPANOL
665.0;1220.0;1982.0;4307.0;741.0;1115.0;647.0;1192.0;2226.0;4064.0;692.0;1097.0;7.0;10.0;8.0;-3.0;ISOPROPANOL
652.0;1198.0;1972.0;4270.0;732.0;1107.0;641.0;1181.0;2210.0;4001.0;687.0;1081.0;3.0;9.0;8.0;-8.0;ISOPROPANOL
646.0;1176.0;1950.0;4186.0;717.0;1085.0;628.0;1152.0;2159.0;3932.0;674.0;1068.0;3.0;9.0;0.0;-8.0;ISOPROPANOL
627.0;1163.0;1937.0;4165.0;713.0;1090.0;624.0;1151.0;2173.0;3966.0;684.0;1077.0;3.0;5.0;0.0;-10.0;ISOPROPANOL
637.0;1171.0;1947.0;4220.0;720.0;1089.0;627.0;1156.0;2164.0;3940.0;670.0;1065.0;3.0;9.0;0.0;-8.0;ISOPROPANOL
623.0;1153.0;1927.0;4097.0;702.0;1067.0;599.0;1113.0;2097.0;3813.0;662.0;1054.0;0.0;5.0;0.0;-4.0;ISOPROPANOL
625.0;1147.0;1926.0;4085.0;699.0;1064.0;616.0;1136.0;2147.0;3895.0;668.0;1050.0;3.0;9.0;4.0;-4.0;ISOPROPANOL
623.0;1143.0;1922.0;4067.0;700.0;1053.0;611.0;1127.0;2113.0;3846.0;659.0;1041.0;0.0;13.0;6.0;-7.0;ISOPROPANOL
621.0;1136.0;1910.0;4069.0;699.0;1055.0;601.0;1108.0;2091.0;3804.0;657.0;1047.0;0.0;11.0;4.0;-7.0;ISOPROPANOL
615.0;1134.0;1905.0;4028.0;691.0;1052.0;612.0;1123.0;2091.0;3819.0;656.0;1035.0;6.0;11.0;6.0;-7.0;ISOPROPANOL
612.0;1125.0;1904.0;4040.0;695.0;1057.0;606.0;1129.0;2128.0;3894.0;670.0;1069.0;12.0;8.0;9.0;-7.0;ISOPROPANOL
636.0;1167.0;1948.0;4190.0;718.0;1095.0;628.0;1161.0;2180.0;3973.0;686.0;1064.0;14.0;8.0;15.0;-7.0;ISOPROPANOL
644.0;1182.0;1948.0;4170.0;715.0;1078.0;623.0;1148.0;2157.0;3916.0;678.0;1067.0;12.0;4.0;9.0;-6.0;ISOPROPANOL
642.0;1180.0;1942.0;4171.0;714.0;1086.0;627.0;1161.0;2174.0;3947.0;677.0;1071.0;9.0;5.0;17.0;-4.0;ISOPROPANOL
640.0;1191.0;1963.0;4268.0;739.0;1134.0;671.0;1240.0;2317.0;4236.0;729.0;1150.0;2.0;5.0;10.0;-4.0;ISOPROPANOL
706.0;1296.0;2040.0;4556.0;775.0;1165.0;674.0;1237.0;2317.0;4223.0;721.0;1129.0;2.0;5.0;10.0;-4.0;ISOPROPANOL
676.0;1241.0;1999.0;4415.0;752.0;1140.0;664.0;1224.0;2301.0;4179.0;715.0;1127.0;2.0;4.0;10.0;-6.0;ISOPROPANOL
674.0;1235.0;1994.0;4367.0;747.0;1123.0;661.0;1208.0;2269.0;4089.0;700.0;1114.0;9.0;9.0;13.0;-4.0;ISOPROPANOL
665.0;1222.0;1985.0;4318.0;735.0;1108.0;643.0;1183.0;2217.0;4035.0;694.0;1093.0;6.0;10.0;12.0;-6.0;ISOPROPANOL
671.0;1228.0;1989.0;4335.0;740.0;1116.0;656.0;1202.0;2248.0;4090.0;700.0;1104.0;7.0;7.0;9.0;-6.0;ISOPROPANOL
662.0;1201.0;1969.0;4249.0;727.0;1093.0;634.0;1169.0;2189.0;3984.0;681.0;1080.0;4.0;7.0;8.0;-6.0;ISOPROPANOL
651.0;1182.0;1957.0;4198.0;718.0;1079.0;638.0;1168.0;2191.0;3954.0;675.0;1062.0;10.0;11.0;3.0;-4.0;ISOPROPANOL
636.0;1177.0;1944.0;4159.0;708.0;1075.0;632.0;1156.0;2162.0;3902.0;670.0;1065.0;4.0;8.0;2.0;-6.0;ISOPROPANOL
640.0;1167.0;1938.0;4141.0;709.0;1072.0;616.0;1135.0;2141.0;3897.0;673.0;1070.0;7.0;8.0;8.0;-5.0;ISOPROPANOL
649.0;1192.0;1957.0;4227.0;722.0;1096.0;641.0;1188.0;2221.0;4035.0;688.0;1094.0;7.0;9.0;3.0;-4.0;ISOPROPANOL
650.0;1198.0;1968.0;4297.0;738.0;1128.0;655.0;1215.0;2268.0;4149.0;712.0;1124.0;11.0;1.0;18.0;-5.0;ISOPROPANOL
682.0;1248.0;2002.0;4404.0;748.0;1134.0;666.0;1223.0;2286.0;4129.0;709.0;1118.0;9.0;1.0;13.0;-6.0;ISOPROPANOL
679.0;1245.0;2002.0;4450.0;771.0;1175.0;693.0;1275.0;2403.0;4356.0;746.0;1187.0;8.0;1.0;26.0;-5.0;ISOPROPANOL
717.0;1315.0;2046.0;4694.0;794.0;1195.0;711.0;1291.0;2424.0;4369.0;753.0;1185.0;8.0;11.0;5.0;-7.0;ISOPROPANOL
713.0;1308.0;2045.0;4651.0;797.0;1204.0;703.0;1287.0;2415.0;4394.0;754.0;1196.0;10.0;13.0;4.0;-9.0;ISOPROPANOL
733.0;1340.0;2061.0;4707.0;799.0;1190.0;699.0;1279.0;2397.0;4327.0;742.0;1161.0;8.0;11.0;5.0;-9.0;ISOPROPANOL
712.0;1296.0;2044.0;4589.0;783.0;1194.0;701.0;1282.0;2412.0;4361.0;745.0;1167.0;8.0;8.0;5.0;-7.0;ISOPROPANOL
703.0;1291.0;2031.0;4562.0;776.0;1160.0;682.0;1245.0;2327.0;4208.0;720.0;1142.0;8.0;12.0;14.0;-7.0;ISOPROPANOL
682.0;1249.0;2005.0;4441.0;754.0;1139.0;666.0;1225.0;2286.0;4166.0;713.0;1114.0;9.0;13.0;17.0;-6.0;ISOPROPANOL
672.0;1232.0;1993.0;4364.0;741.0;1118.0;654.0;1201.0;2257.0;4073.0;697.0;1097.0;19.0;11.0;14.0;-2.0;ISOPROPANOL
654.0;1204.0;1969.0;4286.0;732.0;1096.0;640.0;1178.0;2218.0;4036.0;692.0;1087.0;18.0;11.0;7.0;-2.0;ISOPROPANOL
653.0;1189.0;1960.0;4249.0;729.0;1105.0;650.0;1197.0;2241.0;4067.0;699.0;1095.0;9.0;17.0;7.0;-2.0;ISOPROPANOL
663.0;1216.0;1978.0;4290.0;733.0;1115.0;656.0;1200.0;2264.0;4105.0;703.0;1099.0;10.0;7.0;11.0;-3.0;ISOPROPANOL
662.0;1215.0;1976.0;4293.0;736.0;1122.0;658.0;1204.0;2255.0;4088.0;699.0;1105.0;14.0;11.0;12.0;-3.0;ISOPROPANOL
671.0;1232.0;1994.0;4386.0;751.0;1136.0;682.0;1247.0;2314.0;4197.0;714.0;1124.0;19.0;7.0;11.0;-5.0;ISOPROPANOL
676.0;1242.0;1999.0;4415.0;750.0;1134.0;671.0;1228.0;2302.0;4163.0;714.0;1123.0;9.0;7.0;8.0;-5.0;ISOPROPANOL
680.0;1248.0;2004.0;4429.0;758.0;1141.0;678.0;1235.0;2314.0;4172.0;712.0;1117.0;9.0;5.0;8.0;-5.0;ISOPROPANOL
671.0;1230.0;1986.0;4367.0;747.0;1133.0;657.0;1208.0;2279.0;4133.0;709.0;1111.0;9.0;5.0;5.0;-7.0;ISOPROPANOL
669.0;1227.0;1990.0;4356.0;742.0;1109.0;657.0;1202.0;2254.0;4049.0;694.0;1094.0;9.0;15.0;5.0;-5.0;ISOPROPANOL
666.0;1210.0;1976.0;4301.0;736.0;1112.0;653.0;1197.0;2246.0;4085.0;700.0;1108.0;9.0;12.0;5.0;-9.0;ISOPROPANOL
676.0;1235.0;1988.0;4386.0;747.0;1133.0;669.0;1229.0;2300.0;4161.0;713.0;1113.0;8.0;9.0;5.0;-9.0;ISOPROPANOL
677.0;1240.0;1995.0;4389.0;753.0;1145.0;676.0;1240.0;2320.0;4183.0;717.0;1133.0;9.0;9.0;7.0;-7.0;ISOPROPANOL
692.0;1264.0;2018.0;4443.0;758.0;1149.0;685.0;1256.0;2346.0;4254.0;728.0;1149.0;6.0;12.0;5.0;-6.0;ISOPROPANOL
705.0;1284.0;2032.0;4557.0;783.0;1176.0;701.0;1279.0;2396.0;4329.0;743.0;1167.0;5.0;4.0;4.0;-6.0;ISOPROPANOL
717.0;1307.0;2046.0;4608.0;786.0;1191.0;713.0;1301.0;2443.0;4386.0;746.0;1167.0;5.0;12.0;4.0;-6.0;ISOPROPANOL
716.0;1309.0;2044.0;4579.0;782.0;1178.0;707.0;1292.0;2412.0;4332.0;738.0;1157.0;5.0;4.0;9.0;-4.0;ISOPROPANOL
702.0;1285.0;2032.0;4558.0;781.0;1182.0;700.0;1281.0;2409.0;4358.0;743.0;1164.0;5.0;12.0;13.0;-4.0;ISOPROPANOL
709.0;1305.0;2045.0;4614.0;790.0;1197.0;720.0;1319.0;2466.0;4446.0;759.0;1188.0;5.0;1.0;9.0;-3.0;ISOPROPANOL
729.0;1337.0;2062.0;4696.0;801.0;1201.0;712.0;1306.0;2451.0;4430.0;759.0;1201.0;11.0;8.0;8.0;-6.0;ISOPROPANOL
734.0;1337.0;2050.0;4679.0;791.0;1184.0;697.0;1278.0;2384.0;4299.0;737.0;1162.0;11.0;6.0;8.0;-3.0;ISOPROPANOL
708.0;1295.0;2034.0;4547.0;774.0;1171.0;692.0;1270.0;2360.0;4259.0;727.0;1147.0;13.0;6.0;6.0;-7.0;ISOPROPANOL
702.0;1278.0;2020.0;4478.0;762.0;1148.0;681.0;1248.0;2330.0;4197.0;717.0;1128.0;9.0;6.0;9.0;-7.0;ISOPROPANOL
692.0;1265.0;2020.0;4452.0;754.0;1137.0;674.0;1229.0;2289.0;4159.0;709.0;1125.0;9.0;5.0;6.0;-8.0;ISOPROPANOL
691.0;1262.0;2007.0;4428.0;751.0;1137.0;670.0;1231.0;2311.0;4210.0;718.0;1126.0;13.0;5.0;9.0;-8.0;ISOPROPANOL
692.0;1263.0;2010.0;4434.0;753.0;1146.0;682.0;1249.0;2339.0;4218.0;722.0;1134.0;5.0;5.0;5.0;-8.0;ISOPROPANOL
702.0;1276.0;2020.0;4460.0;760.0;1145.0;691.0;1250.0;2326.0;4194.0;713.0;1124.0;3.0;0.0;4.0;-8.0;ISOPROPANOL
702.0;1272.0;2003.0;4376.0;743.0;1120.0;666.0;1215.0;2277.0;4120.0;702.0;1103.0;-3.0;9.0;4.0;-8.0;ISOPROPANOL
681.0;1242.0;1994.0;4340.0;741.0;1121.0;681.0;1248.0;2323.0;4176.0;709.0;1114.0;3.0;5.0;4.0;-6.0;ISOPROPANOL
684.0;1245.0;1993.0;4370.0;746.0;1131.0;667.0;1214.0;2278.0;4160.0;706.0;1115.0;-4.0;5.0;4.0;-6.0;ISOPROPANOL
684.0;1248.0;2003.0;4393.0;745.0;1127.0;679.0;1236.0;2295.0;4144.0;711.0;1115.0;3.0;4.0;4.0;-4.0;ISOPROPANOL
676.0;1237.0;1994.0;4382.0;747.0;1131.0;679.0;1235.0;2304.0;4145.0;709.0;1118.0;8.0;7.0;8.0;-3.0;ISOPROPANOL
680.0;1238.0;1989.0;4345.0;740.0;1123.0;671.0;1228.0;2293.0;4134.0;707.0;1110.0;8.0;12.0;8.0;-1.0;ISOPROPANOL
682.0;1247.0;1996.0;4374.0;746.0;1123.0;668.0;1226.0;2303.0;4148.0;714.0;1130.0;8.0;11.0;8.0;-3.0;ISOPROPANOL
688.0;1261.0;2014.0;4461.0;760.0;1138.0;688.0;1258.0;2346.0;4211.0;721.0;1134.0;8.0;10.0;8.0;-1.0;ISOPROPANOL
698.0;1269.0;2014.0;4454.0;758.0;1141.0;684.0;1252.0;2333.0;4237.0;721.0;1134.0;13.0;6.0;13.0;-3.0;ISOPROPANOL
698.0;1275.0;2019.0;4476.0;762.0;1149.0;684.0;1252.0;2337.0;4233.0;722.0;1123.0;9.0;10.0;9.0;-4.0;ISOPROPANOL
709.0;1280.0;2020.0;4428.0;754.0;1137.0;684.0;1243.0;2314.0;4181.0;713.0;1109.0;11.0;10.0;11.0;-4.0;ISOPROPANOL
704.0;1273.0;2011.0;4458.0;757.0;1142.0;687.0;1247.0;2335.0;4224.0;717.0;1119.0;9.0;10.0;4.0;-1.0;ISOPROPANOL
690.0;1254.0;2009.0;4425.0;754.0;1143.0;691.0;1263.0;2339.0;4229.0;723.0;1140.0;6.0;10.0;1.0;-4.0;ISOPROPANOL
703.0;1276.0;2016.0;4458.0;762.0;1151.0;687.0;1261.0;2349.0;4251.0;727.0;1140.0;10.0;14.0;1.0;0.0;ISOPROPANOL
706.0;1285.0;2023.0;4545.0;769.0;1159.0;685.0;1248.0;2348.0;4232.0;725.0;1150.0;10.0;10.0;1.0;2.0;ISOPROPANOL
709.0;1296.0;2042.0;4569.0;783.0;1172.0;706.0;1289.0;2407.0;4376.0;745.0;1177.0;12.0;6.0;11.0;0.0;ISOPROPANOL
729.0;1324.0;2045.0;4618.0;782.0;1172.0;701.0;1287.0;2392.0;4313.0;739.0;1153.0;11.0;6.0;14.0;-7.0;ISOPROPANOL
719.0;1312.0;2045.0;4585.0;777.0;1173.0;720.0;1310.0;2433.0;4378.0;747.0;1185.0;10.0;6.0;9.0;0.0;ISOPROPANOL
736.0;1336.0;2058.0;4651.0;789.0;1184.0;704.0;1284.0;2400.0;4348.0;743.0;1165.0;8.0;6.0;9.0;1.0;ISOPROPANOL
731.0;1323.0;2048.0;4674.0;803.0;1210.0;741.0;1350.0;2498.0;4495.0;763.0;1197.0;9.0;11.0;10.0;-7.0;ISOPROPANOL
743.0;1350.0;2067.0;4719.0;802.0;1199.0;713.0;1299.0;2428.0;4434.0;754.0;1174.0;2.0;6.0;8.0;-7.0;ISOPROPANOL
728.0;1325.0;2045.0;4629.0;794.0;1199.0;715.0;1311.0;2446.0;4424.0;757.0;1190.0;2.0;7.0;8.0;-6.0;ISOPROPANOL
752.0;1363.0;2071.0;4728.0;802.0;1204.0;741.0;1348.0;2509.0;4491.0;761.0;1200.0;2.0;4.0;5.0;-6.0;ISOPROPANOL
750.0;1352.0;2071.0;4723.0;800.0;1198.0;736.0;1336.0;2476.0;4410.0;752.0;1176.0;9.0;6.0;5.0;-6.0;ISOPROPANOL
733.0;1330.0;2051.0;4639.0;786.0;1191.0;725.0;1315.0;2451.0;4391.0;746.0;1168.0;10.0;6.0;10.0;-6.0;ISOPROPANOL
729.0;1319.0;2046.0;4581.0;778.0;1174.0;703.0;1283.0;2390.0;4334.0;738.0;1166.0;7.0;10.0;10.0;-5.0;ISOPROPANOL
718.0;1308.0;2038.0;4567.0;776.0;1167.0;703.0;1279.0;2396.0;4294.0;733.0;1158.0;7.0;14.0;13.0;-5.0;ISOPROPANOL
720.0;1314.0;2046.0;4595.0;776.0;1174.0;724.0;1310.0;2432.0;4392.0;743.0;1162.0;6.0;10.0;11.0;-5.0;ISOPROPANOL
725.0;1311.0;2045.0;4588.0;783.0;1179.0;701.0;1282.0;2403.0;4322.0;739.0;1158.0;19.0;10.0;11.0;-5.0;ISOPROPANOL
722.0;1310.0;2045.0;4578.0;778.0;1167.0;707.0;1295.0;2398.0;4313.0;737.0;1164.0;18.0;9.0;13.0;-3.0;ISOPROPANOL
722.0;1315.0;2045.0;4608.0;783.0;1179.0;713.0;1293.0;2425.0;4366.0;748.0;1170.0;7.0;18.0;8.0;0.0;ISOPROPANOL
728.0;1322.0;2045.0;4595.0;785.0;1182.0;703.0;1283.0;2398.0;4363.0;741.0;1160.0;1.0;10.0;3.0;0.0;ISOPROPANOL
727.0;1320.0;2045.0;4637.0;786.0;1170.0;713.0;1301.0;2404.0;4312.0;740.0;1159.0;1.0;13.0;3.0;-3.0;ISOPROPANOL
727.0;1321.0;2045.0;4591.0;778.0;1179.0;721.0;1315.0;2440.0;4384.0;741.0;1169.0;5.0;9.0;3.0;-6.0;ISOPROPANOL
728.0;1322.0;2045.0;4602.0;782.0;1177.0;716.0;1306.0;2435.0;4393.0;743.0;1164.0;5.0;7.0;8.0;-6.0;ISOPROPANOL
734.0;1327.0;2045.0;4586.0;780.0;1178.0;720.0;1317.0;2439.0;4385.0;744.0;1167.0;9.0;8.0;7.0;-7.0;ISOPROPANOL
741.0;1339.0;2062.0;4674.0;808.0;1222.0;756.0;1376.0;2571.0;4661.0;793.0;1244.0;5.0;7.0;10.0;-7.0;ISOPROPANOL
799.0;1441.0;2122.0;5026.0;856.0;1282.0;783.0;1427.0;2631.0;4747.0;805.0;1256.0;7.0;8.0;6.0;-7.0;ISOPROPANOL
782.0;1422.0;2099.0;4939.0;836.0;1256.0;770.0;1388.0;2579.0;4647.0;787.0;1218.0;7.0;11.0;12.0;-4.0;ISOPROPANOL
768.0;1385.0;2084.0;4800.0;814.0;1215.0;747.0;1359.0;2517.0;4538.0;768.0;1198.0;7.0;11.0;4.0;-5.0;ISOPROPANOL
750.0;1362.0;2071.0;4719.0;799.0;1209.0;726.0;1323.0;2464.0;4462.0;759.0;1195.0;10.0;12.0;8.0;-5.0;ISOPROPANOL
745.0;1345.0;2067.0;4677.0;798.0;1200.0;735.0;1342.0;2479.0;4449.0;755.0;1174.0;13.0;5.0;4.0;-8.0;ISOPROPANOL
739.0;1332.0;2055.0;4655.0;792.0;1190.0;717.0;1298.0;2420.0;4357.0;746.0;1183.0;10.0;5.0;8.0;-5.0;ISOPROPANOL
732.0;1329.0;2051.0;4645.0;791.0;1189.0;728.0;1323.0;2463.0;4424.0;755.0;1182.0;9.0;5.0;8.0;-5.0;ISOPROPANOL
740.0;1348.0;2067.0;4693.0;796.0;1208.0;725.0;1326.0;2457.0;4433.0;753.0;1190.0;2.0;3.0;3.0;-5.0;ISOPROPANOL
744.0;1347.0;2054.0;4688.0;799.0;1195.0;725.0;1320.0;2453.0;4416.0;750.0;1175.0;2.0;3.0;1.0;-5.0;ISOPROPANOL
751.0;1348.0;2070.0;4680.0;791.0;1191.0;722.0;1310.0;2452.0;4426.0;755.0;1185.0;9.0;6.0;3.0;-5.0;ISOPROPANOL
739.0;1340.0;2045.0;4661.0;792.0;1197.0;725.0;1328.0;2463.0;4443.0;754.0;1175.0;2.0;3.0;3.0;-5.0;ISOPROPANOL
745.0;1350.0;2060.0;4680.0;791.0;1191.0;723.0;1312.0;2436.0;4362.0;743.0;1167.0;2.0;6.0;3.0;-8.0;ISOPROPANOL
743.0;1346.0;2057.0;4638.0;790.0;1190.0;722.0;1318.0;2449.0;4405.0;746.0;1180.0;2.0;3.0;3.0;-8.0;ISOPROPANOL
747.0;1354.0;2071.0;4702.0;799.0;1206.0;742.0;1349.0;2523.0;4545.0;773.0;1213.0;2.0;3.0;3.0;-4.0;ISOPROPANOL
757.0;1370.0;2071.0;4789.0;811.0;1221.0;753.0;1364.0;2547.0;4559.0;774.0;1214.0;0.0;3.0;2.0;-4.0;ISOPROPANOL
771.0;1391.0;2082.0;4803.0;814.0;1214.0;749.0;1358.0;2532.0;4534.0;770.0;1203.0;0.0;3.0;4.0;-4.0;ISOPROPANOL
759.0;1379.0;2078.0;4798.0;813.0;1223.0;744.0;1355.0;2503.0;4521.0;768.0;1207.0;7.0;3.0;4.0;-4.0;ISOPROPANOL
777.0;1399.0;2095.0;4833.0;818.0;1236.0;749.0;1360.0;2530.0;4569.0;781.0;1226.0;8.0;11.0;7.0;-4.0;ISOPROPANOL
774.0;1408.0;2096.0;4913.0;837.0;1265.0;770.0;1401.0;2598.0;4685.0;795.0;1255.0;8.0;14.0;7.0;-5.0;ISOPROPANOL
788.0;1425.0;2107.0;4944.0;837.0;1251.0;772.0;1396.0;2593.0;4680.0;788.0;1237.0;8.0;9.0;4.0;-5.0;ISOPROPANOL
786.0;1418.0;2096.0;4908.0;827.0;1240.0;756.0;1367.0;2551.0;4587.0;779.0;1221.0;10.0;10.0;4.0;-5.0;ISOPROPANOL
780.0;1408.0;2096.0;4857.0;820.0;1223.0;751.0;1366.0;2535.0;4537.0;769.0;1202.0;7.0;11.0;4.0;-6.0;ISOPROPANOL
773.0;1394.0;2096.0;4800.0;815.0;1218.0;739.0;1346.0;2498.0;4470.0;760.0;1196.0;5.0;7.0;11.0;-6.0;ISOPROPANOL
754.0;1363.0;2066.0;4745.0;810.0;1224.0;755.0;1370.0;2536.0;4572.0;776.0;1209.0;5.0;12.0;10.0;-6.0;ISOPROPANOL
770.0;1393.0;2094.0;4809.0;820.0;1219.0;752.0;1361.0;2533.0;4524.0;767.0;1206.0;5.0;10.0;11.0;-5.0;ISOPROPANOL
770.0;1390.0;2086.0;4802.0;814.0;1217.0;766.0;1380.0;2545.0;4547.0;773.0;1215.0;7.0;13.0;10.0;-4.0;ISOPROPANOL
776.0;1397.0;2096.0;4821.0;815.0;1228.0;751.0;1362.0;2535.0;4544.0;774.0;1218.0;11.0;10.0;2.0;-4.0;ISOPROPANOL
782.0;1410.0;2096.0;4893.0;826.0;1239.0;772.0;1390.0;2582.0;4632.0;786.0;1235.0;11.0;21.0;2.0;-4.0;ISOPROPANOL
793.0;1425.0;2104.0;4942.0;842.0;1270.0;790.0;1433.0;2665.0;4801.0;810.0;1275.0;11.0;13.0;8.0;-3.0;ISOPROPANOL
826.0;1497.0;2146.0;5155.0;870.0;1308.0;822.0;1488.0;2753.0;4911.0;834.0;1307.0;15.0;14.0;8.0;-6.0;ISOPROPANOL
845.0;1520.0;2147.0;5224.0;884.0;1326.0;824.0;1485.0;2752.0;4923.0;834.0;1301.0;14.0;11.0;13.0;-6.0;ISOPROPANOL
854.0;1536.0;2147.0;5273.0;886.0;1304.0;825.0;1489.0;2751.0;4913.0;829.0;1301.0;10.0;11.0;7.0;-5.0;ISOPROPANOL
843.0;1518.0;2147.0;5193.0;878.0;1301.0;821.0;1466.0;2708.0;4833.0;817.0;1273.0;10.0;9.0;7.0;-5.0;ISOPROPANOL
828.0;1485.0;2146.0;5126.0;864.0;1287.0;819.0;1480.0;2721.0;4859.0;820.0;1281.0;5.0;10.0;4.0;-6.0;ISOPROPANOL
826.0;1477.0;2145.0;5095.0;858.0;1291.0;803.0;1448.0;2677.0;4810.0;809.0;1260.0;20.0;17.0;11.0;-6.0;ISOPROPANOL
827.0;1478.0;2122.0;5013.0;847.0;1261.0;778.0;1408.0;2602.0;4678.0;795.0;1251.0;11.0;7.0;11.0;-7.0;ISOPROPANOL
821.0;1474.0;2122.0;5050.0;850.0;1276.0;804.0;1446.0;2662.0;4777.0;809.0;1253.0;11.0;7.0;15.0;-7.0;ISOPROPANOL
819.0;1471.0;2122.0;5021.0;847.0;1263.0;789.0;1430.0;2626.0;4722.0;795.0;1244.0;16.0;6.0;1.0;-6.0;ISOPROPANOL
801.0;1443.0;2113.0;4991.0;847.0;1255.0;782.0;1417.0;2606.0;4700.0;799.0;1243.0;9.0;7.0;12.0;-6.0;ISOPROPANOL
805.0;1441.0;2109.0;4958.0;837.0;1257.0;784.0;1408.0;2593.0;4661.0;792.0;1237.0;9.0;0.0;12.0;-6.0;ISOPROPANOL
810.0;1445.0;2121.0;4996.0;850.0;1283.0;801.0;1446.0;2690.0;4815.0;817.0;1274.0;6.0;0.0;17.0;-3.0;ISOPROPANOL
821.0;1474.0;2146.0;5078.0;862.0;1279.0;798.0;1447.0;2665.0;4775.0;806.0;1263.0;8.0;0.0;16.0;-6.0;ISOPROPANOL
814.0;1468.0;2122.0;5049.0;849.0;1270.0;784.0;1416.0;2628.0;4729.0;803.0;1245.0;7.0;2.0;14.0;-7.0;ISOPROPANOL
797.0;1435.0;2114.0;4965.0;841.0;1258.0;783.0;1425.0;2626.0;4716.0;798.0;1255.0;8.0;7.0;14.0;-7.0;ISOPROPANOL
812.0;1450.0;2118.0;4958.0;836.0;1252.0;789.0;1424.0;2630.0;4703.0;795.0;1245.0;12.0;5.0;14.0;-3.0;ISOPROPANOL
795.0;1434.0;2103.0;4985.0;844.0;1261.0;787.0;1423.0;2621.0;4704.0;801.0;1255.0;12.0;5.0;15.0;-4.0;ISOPROPANOL
818.0;1464.0;2122.0;5035.0;850.0;1273.0;790.0;1432.0;2660.0;4744.0;806.0;1260.0;8.0;11.0;15.0;-4.0;ISOPROPANOL
811.0;1455.0;2122.0;5000.0;846.0;1262.0;794.0;1435.0;2645.0;4703.0;796.0;1254.0;8.0;5.0;9.0;-3.0;ISOPROPANOL
806.0;1449.0;2122.0;4993.0;846.0;1265.0;791.0;1424.0;2643.0;4708.0;798.0;1240.0;2.0;11.0;12.0;-3.0;ISOPROPANOL
817.0;1462.0;2122.0;4987.0;842.0;1260.0;801.0;1434.0;2638.0;4738.0;804.0;1249.0;3.0;10.0;12.0;-4.0;ISOPROPANOL
809.0;1453.0;2122.0;5053.0;860.0;1287.0;803.0;1452.0;2689.0;4813.0;815.0;1277.0;2.0;6.0;10.0;-3.0;ISOPROPANOL
830.0;1494.0;2138.0;5119.0;866.0;1296.0;809.0;1471.0;2718.0;4893.0;823.0;1295.0;5.0;10.0;4.0;-3.0;ISOPROPANOL
843.0;1508.0;2147.0;5174.0;875.0;1296.0;803.0;1455.0;2688.0;4810.0;812.0;1281.0;3.0;9.0;3.0;-5.0;ISOPROPANOL
836.0;1496.0;2147.0;5119.0;863.0;1297.0;804.0;1458.0;2689.0;4806.0;818.0;1272.0;3.0;5.0;4.0;-7.0;ISOPROPANOL
828.0;1479.0;2136.0;5066.0;853.0;1282.0;801.0;1444.0;2661.0;4798.0;809.0;1260.0;2.0;5.0;4.0;-6.0;ISOPROPANOL
818.0;1469.0;2122.0;5062.0;855.0;1282.0;803.0;1446.0;2687.0;4782.0;813.0;1261.0;2.0;6.0;9.0;-6.0;ISOPROPANOL
820.0;1476.0;2134.0;5077.0;858.0;1276.0;795.0;1439.0;2669.0;4786.0;808.0;1268.0;10.0;4.0;9.0;-5.0;ISOPROPANOL
812.0;1468.0;2123.0;5096.0;857.0;1286.0;814.0;1462.0;2702.0;4810.0;815.0;1271.0;10.0;7.0;11.0;-4.0;ISOPROPANOL
820.0;1474.0;2127.0;5068.0;856.0;1287.0;809.0;1456.0;2694.0;4818.0;808.0;1265.0;14.0;7.0;16.0;-3.0;ISOPROPANOL
825.0;1483.0;2127.0;5071.0;855.0;1290.0;808.0;1460.0;2678.0;4819.0;814.0;1277.0;18.0;10.0;17.0;-3.0;ISOPROPANOL
834.0;1491.0;2146.0;5109.0;860.0;1278.0;805.0;1442.0;2661.0;4773.0;809.0;1259.0;11.0;8.0;19.0;-3.0;ISOPROPANOL
816.0;1468.0;2122.0;5045.0;850.0;1271.0;795.0;1433.0;2659.0;4757.0;806.0;1267.0;6.0;9.0;5.0;-3.0;ISOPROPANOL
824.0;1473.0;2122.0;5030.0;852.0;1266.0;797.0;1430.0;2640.0;4725.0;803.0;1256.0;6.0;7.0;2.0;-3.0;ISOPROPANOL
810.0;1456.0;2122.0;4994.0;852.0;1283.0;805.0;1456.0;2687.0;4821.0;820.0;1282.0;6.0;7.0;5.0;-3.0;ISOPROPANOL
835.0;1502.0;2146.0;5168.0;872.0;1310.0;824.0;1477.0;2745.0;4938.0;833.0;1302.0;3.0;12.0;3.0;-3.0;ISOPROPANOL
841.0;1515.0;2147.0;5240.0;887.0;1329.0;835.0;1511.0;2792.0;5027.0;851.0;1331.0;11.0;13.0;10.0;-4.0;ISOPROPANOL
860.0;1548.0;2161.0;5325.0;905.0;1335.0;843.0;1509.0;2796.0;4987.0;846.0;1312.0;9.0;8.0;5.0;-5.0;ISOPROPANOL
855.0;1526.0;2147.0;5252.0;888.0;1323.0;834.0;1500.0;2770.0;4958.0;836.0;1315.0;13.0;7.0;10.0;-7.0;ISOPROPANOL
864.0;1547.0;2158.0;5267.0;887.0;1325.0;848.0;1520.0;2783.0;4963.0;832.0;1303.0;4.0;2.0;5.0;-9.0;ISOPROPANOL
860.0;1541.0;2149.0;5264.0;879.0;1317.0;826.0;1488.0;2750.0;4901.0;826.0;1293.0;9.0;2.0;11.0;-8.0;ISOPROPANOL
838.0;1506.0;2154.0;5177.0;870.0;1301.0;814.0;1467.0;2686.0;4837.0;821.0;1275.0;4.0;7.0;9.0;-8.0;ISOPROPANOL
841.0;1501.0;2147.0;5166.0;873.0;1294.0;824.0;1490.0;2740.0;4892.0;824.0;1277.0;4.0;9.0;9.0;-8.0;ISOPROPANOL
831.0;1495.0;2147.0;5128.0;861.0;1295.0;829.0;1493.0;2733.0;4876.0;825.0;1277.0;2.0;9.0;7.0;-8.0;ISOPROPANOL
836.0;1499.0;2147.0;5130.0;866.0;1291.0;814.0;1463.0;2715.0;4858.0;827.0;1297.0;6.0;7.0;4.0;-6.0;ISOPROPANOL
856.0;1528.0;2147.0;5230.0;882.0;1293.0;823.0;1485.0;2734.0;4870.0;822.0;1282.0;3.0;5.0;4.0;-6.0;ISOPROPANOL
834.0;1494.0;2147.0;5093.0;865.0;1290.0;819.0;1476.0;2720.0;4852.0;817.0;1272.0;6.0;5.0;4.0;-8.0;ISOPROPANOL
832.0;1491.0;2137.0;5127.0;868.0;1297.0;823.0;1477.0;2721.0;4882.0;825.0;1295.0;13.0;5.0;7.0;-8.0;ISOPROPANOL
851.0;1530.0;2147.0;5271.0;900.0;1343.0;847.0;1517.0;2819.0;5052.0;855.0;1336.0;7.0;6.0;4.0;-8.0;ISOPROPANOL
883.0;1571.0;2178.0;5401.0;909.0;1356.0;861.0;1547.0;2854.0;5105.0;856.0;1332.0;7.0;9.0;4.0;-8.0;ISOPROPANOL
891.0;1588.0;2180.0;5402.0;908.0;1347.0;866.0;1546.0;2839.0;5101.0;858.0;1333.0;7.0;8.0;2.0;-8.0;ISOPROPANOL
879.0;1564.0;2171.0;5311.0;890.0;1329.0;840.0;1511.0;2792.0;4990.0;841.0;1307.0;7.0;8.0;2.0;-6.0;ISOPROPANOL
851.0;1527.0;2154.0;5206.0;883.0;1311.0;827.0;1486.0;2738.0;4887.0;827.0;1292.0;7.0;8.0;5.0;-6.0;ISOPROPANOL
845.0;1518.0;2147.0;5185.0;873.0;1305.0;823.0;1476.0;2736.0;4882.0;826.0;1291.0;5.0;5.0;5.0;-6.0;ISOPROPANOL
844.0;1518.0;2147.0;5173.0;871.0;1298.0;824.0;1480.0;2749.0;4906.0;831.0;1291.0;5.0;6.0;6.0;-6.0;ISOPROPANOL
859.0;1538.0;2156.0;5229.0;880.0;1313.0;839.0;1501.0;2755.0;4947.0;834.0;1305.0;7.0;10.0;8.0;-8.0;ISOPROPANOL
866.0;1554.0;2150.0;5249.0;881.0;1309.0;832.0;1500.0;2741.0;4911.0;832.0;1293.0;5.0;8.0;12.0;-8.0;ISOPROPANOL
869.0;1545.0;2156.0;5234.0;883.0;1323.0;855.0;1531.0;2821.0;5026.0;851.0;1313.0;7.0;5.0;8.0;-8.0;ISOPROPANOL
888.0;1581.0;2179.0;5323.0;890.0;1326.0;841.0;1517.0;2802.0;5014.0;842.0;1315.0;7.0;7.0;3.0;-8.0;ISOPROPANOL
861.0;1534.0;2148.0;5243.0;880.0;1308.0;851.0;1516.0;2765.0;4927.0;831.0;1288.0;7.0;7.0;3.0;-3.0;ISOPROPANOL
850.0;1521.0;2155.0;5238.0;883.0;1311.0;839.0;1509.0;2780.0;4964.0;838.0;1312.0;15.0;11.0;7.0;-3.0;ISOPROPANOL
864.0;1534.0;2147.0;5253.0;880.0;1316.0;847.0;1520.0;2785.0;4966.0;835.0;1306.0;16.0;6.0;7.0;-1.0;ISOPROPANOL
860.0;1535.0;2150.0;5256.0;888.0;1325.0;850.0;1527.0;2800.0;4991.0;841.0;1302.0;15.0;15.0;7.0;-3.0;ISOPROPANOL
858.0;1539.0;2151.0;5280.0;885.0;1317.0;844.0;1510.0;2767.0;4959.0;834.0;1304.0;8.0;8.0;10.0;-4.0;ISOPROPANOL
874.0;1560.0;2172.0;5339.0;901.0;1352.0;894.0;1593.0;2913.0;5174.0;869.0;1352.0;7.0;8.0;14.0;-4.0;ISOPROPANOL
911.0;1629.0;2198.0;5588.0;943.0;1400.0;909.0;1622.0;2984.0;5336.0;897.0;1404.0;8.0;13.0;10.0;-4.0;ISOPROPANOL
939.0;1672.0;2217.0;5669.0;948.0;1404.0;902.0;1606.0;2957.0;5260.0;890.0;1374.0;10.0;9.0;15.0;-4.0;ISOPROPANOL
915.0;1636.0;2198.0;5547.0;931.0;1387.0;897.0;1593.0;2937.0;5206.0;879.0;1361.0;7.0;9.0;10.0;-4.0;ISOPROPANOL
925.0;1640.0;2210.0;5545.0;929.0;1380.0;905.0;1602.0;2935.0;5222.0;879.0;1368.0;7.0;9.0;7.0;-4.0;ISOPROPANOL
915.0;1635.0;2208.0;5492.0;918.0;1361.0;875.0;1560.0;2862.0;5128.0;861.0;1335.0;10.0;9.0;7.0;-4.0;ISOPROPANOL
891.0;1587.0;2173.0;5357.0;900.0;1338.0;890.0;1574.0;2866.0;5081.0;856.0;1329.0;17.0;8.0;8.0;-1.0;ISOPROPANOL
888.0;1584.0;2171.0;5328.0;892.0;1343.0;862.0;1539.0;2845.0;5057.0;850.0;1325.0;10.0;13.0;6.0;2.0;ISOPROPANOL
879.0;1567.0;2172.0;5279.0;889.0;1324.0;857.0;1530.0;2817.0;4990.0;838.0;1304.0;12.0;6.0;5.0;7.0;ISOPROPANOL
873.0;1550.0;2151.0;5244.0;881.0;1310.0;852.0;1526.0;2779.0;4944.0;835.0;1305.0;10.0;6.0;10.0;8.0;ISOPROPANOL
872.0;1552.0;2163.0;5278.0;885.0;1321.0;858.0;1534.0;2820.0;4984.0;842.0;1310.0;8.0;5.0;10.0;-2.0;ISOPROPANOL
881.0;1563.0;2172.0;5279.0;884.0;1317.0;847.0;1519.0;2805.0;4988.0;838.0;1309.0;8.0;6.0;10.0;-3.0;ISOPROPANOL
871.0;1551.0;2149.0;5264.0;885.0;1326.0;853.0;1527.0;2801.0;4966.0;841.0;1310.0;6.0;6.0;6.0;-4.0;ISOPROPANOL
870.0;1547.0;2158.0;5269.0;884.0;1318.0;843.0;1513.0;2782.0;4953.0;836.0;1304.0;6.0;6.0;6.0;-4.0;ISOPROPANOL
861.0;1533.0;2148.0;5223.0;883.0;1315.0;846.0;1513.0;2792.0;4949.0;839.0;1299.0;6.0;6.0;6.0;-3.0;ISOPROPANOL
867.0;1550.0;2155.0;5287.0;890.0;1321.0;848.0;1523.0;2781.0;4935.0;833.0;1294.0;8.0;3.0;7.0;-3.0;ISOPROPANOL
866.0;1552.0;2152.0;5258.0;885.0;1321.0;852.0;1516.0;2791.0;4994.0;841.0;1312.0;2.0;3.0;7.0;-3.0;ISOPROPANOL
886.0;1582.0;2180.0;5341.0;898.0;1341.0;867.0;1550.0;2833.0;5064.0;854.0;1322.0;7.0;7.0;7.0;-3.0;ISOPROPANOL
892.0;1592.0;2191.0;5405.0;910.0;1359.0;868.0;1553.0;2892.0;5159.0;871.0;1361.0;7.0;3.0;7.0;-3.0;ISOPROPANOL
920.0;1633.0;2199.0;5532.0;928.0;1378.0;900.0;1597.0;2928.0;5195.0;875.0;1365.0;7.0;3.0;7.0;-3.0;ISOPROPANOL
925.0;1648.0;2208.0;5507.0;926.0;1376.0;895.0;1606.0;2941.0;5214.0;873.0;1361.0;11.0;6.0;7.0;-2.0;ISOPROPANOL
920.0;1629.0;2204.0;5556.0;931.0;1386.0;907.0;1616.0;2950.0;5220.0;879.0;1370.0;7.0;6.0;11.0;-2.0;ISOPROPANOL
921.0;1631.0;2206.0;5520.0;926.0;1375.0;906.0;1609.0;2959.0;5231.0;876.0;1358.0;8.0;6.0;11.0;-7.0;ISOPROPANOL
915.0;1634.0;2203.0;5535.0;930.0;1388.0;925.0;1637.0;2991.0;5284.0;883.0;1378.0;12.0;8.0;16.0;-6.0;ISOPROPANOL
924.0;1644.0;2201.0;5598.0;938.0;1403.0;930.0;1653.0;3031.0;5358.0;898.0;1398.0;8.0;8.0;11.0;-7.0;ISOPROPANOL
934.0;1658.0;2206.0;5590.0;940.0;1388.0;908.0;1607.0;2946.0;5248.0;881.0;1364.0;7.0;9.0;11.0;-7.0;ISOPROPANOL
926.0;1643.0;2202.0;5581.0;939.0;1400.0;915.0;1629.0;2996.0;5316.0;887.0;1384.0;5.0;4.0;7.0;-7.0;ISOPROPANOL
926.0;1649.0;2211.0;5588.0;938.0;1389.0;892.0;1588.0;2909.0;5192.0;873.0;1357.0;7.0;5.0;5.0;-6.0;ISOPROPANOL
917.0;1626.0;2198.0;5512.0;921.0;1365.0;896.0;1584.0;2889.0;5136.0;861.0;1334.0;7.0;5.0;5.0;-7.0;ISOPROPANOL
894.0;1591.0;2176.0;5394.0;902.0;1351.0;874.0;1564.0;2866.0;5108.0;857.0;1333.0;12.0;9.0;7.0;-7.0;ISOPROPANOL
904.0;1594.0;2181.0;5400.0;907.0;1347.0;874.0;1564.0;2858.0;5060.0;851.0;1324.0;14.0;14.0;7.0;-7.0;ISOPROPANOL
903.0;1597.0;2176.0;5391.0;909.0;1364.0;888.0;1574.0;2898.0;5163.0;872.0;1355.0;12.0;9.0;14.0;-2.0;ISOPROPANOL
920.0;1637.0;2198.0;5499.0;920.0;1362.0;885.0;1587.0;2913.0;5169.0;872.0;1367.0;11.0;8.0;19.0;-2.0;ISOPROPANOL
931.0;1653.0;2211.0;5634.0;945.0;1390.0;911.0;1619.0;2948.0;5243.0;888.0;1366.0;8.0;6.0;10.0;-2.0;ISOPROPANOL
924.0;1640.0;2198.0;5532.0;930.0;1397.0;921.0;1632.0;2999.0;5324.0;895.0;1391.0;8.0;6.0;13.0;-2.0;ISOPROPANOL
944.0;1679.0;2222.0;5702.0;965.0;1436.0;939.0;1680.0;3088.0;5505.0;929.0;1443.0;8.0;5.0;10.0;-1.0;ISOPROPANOL
993.0;1755.0;2249.0;5969.0;1003.0;1482.0;1000.0;1774.0;3254.0;5744.0;960.0;1489.0;4.0;5.0;10.0;-4.0;ISOPROPANOL
1011.0;1792.0;2262.0;6087.0;1022.0;1515.0;1017.0;1811.0;3314.0;5846.0;977.0;1502.0;0.0;5.0;7.0;-4.0;ISOPROPANOL
1022.0;1803.0;2260.0;6107.0;1016.0;1498.0;984.0;1754.0;3201.0;5692.0;950.0;1460.0;8.0;6.0;10.0;-7.0;ISOPROPANOL
1003.0;1764.0;2249.0;5891.0;981.0;1440.0;945.0;1681.0;3088.0;5460.0;914.0;1416.0;4.0;4.0;11.0;-6.0;ISOPROPANOL
973.0;1727.0;2233.0;5852.0;988.0;1470.0;975.0;1727.0;3160.0;5652.0;952.0;1459.0;8.0;4.0;11.0;-7.0;ISOPROPANOL
1008.0;1779.0;2249.0;5991.0;996.0;1466.0;970.0;1719.0;3142.0;5574.0;928.0;1438.0;7.0;4.0;14.0;-6.0;ISOPROPANOL
989.0;1744.0;2240.0;5850.0;979.0;1429.0;945.0;1677.0;3062.0;5422.0;908.0;1412.0;8.0;4.0;11.0;-6.0;ISOPROPANOL
969.0;1708.0;2234.0;5726.0;956.0;1409.0;929.0;1648.0;3013.0;5327.0;895.0;1388.0;7.0;7.0;13.0;-6.0;ISOPROPANOL
954.0;1683.0;2206.0;5653.0;943.0;1396.0;930.0;1649.0;2996.0;5308.0;889.0;1381.0;8.0;9.0;9.0;0.0;ISOPROPANOL
948.0;1683.0;2219.0;5623.0;936.0;1393.0;908.0;1611.0;2947.0;5233.0;885.0;1376.0;7.0;7.0;9.0;0.0;ISOPROPANOL
918.0;1638.0;2206.0;5554.0;931.0;1376.0;901.0;1599.0;2929.0;5192.0;875.0;1352.0;7.0;13.0;10.0;0.0;ISOPROPANOL
920.0;1624.0;2198.0;5475.0;917.0;1362.0;884.0;1585.0;2890.0;5144.0;865.0;1347.0;2.0;4.0;9.0;-4.0;ISOPROPANOL
921.0;1634.0;2198.0;5455.0;915.0;1359.0;887.0;1584.0;2882.0;5124.0;866.0;1348.0;2.0;2.0;4.0;-6.0;ISOPROPANOL
925.0;1635.0;2198.0;5459.0;917.0;1349.0;882.0;1568.0;2872.0;5093.0;858.0;1323.0;2.0;4.0;4.0;-6.0;ISOPROPANOL
907.0;1604.0;2180.0;5425.0;910.0;1367.0;899.0;1595.0;2924.0;5215.0;877.0;1362.0;2.0;4.0;6.0;-6.0;ISOPROPANOL
935.0;1649.0;2203.0;5527.0;926.0;1365.0;901.0;1598.0;2908.0;5195.0;871.0;1357.0;4.0;8.0;8.0;-6.0;ISOPROPANOL
930.0;1649.0;2215.0;5556.0;927.0;1381.0;910.0;1624.0;2960.0;5254.0;883.0;1363.0;9.0;6.0;8.0;-4.0;ISOPROPANOL
929.0;1648.0;2208.0;5541.0;932.0;1386.0;911.0;1623.0;2962.0;5232.0;877.0;1354.0;7.0;12.0;13.0;-4.0;ISOPROPANOL
925.0;1635.0;2198.0;5464.0;916.0;1352.0;884.0;1575.0;2883.0;5114.0;862.0;1333.0;15.0;12.0;23.0;-1.0;ISOPROPANOL
902.0;1604.0;2188.0;5406.0;912.0;1349.0;895.0;1599.0;2909.0;5152.0;861.0;1344.0;8.0;8.0;13.0;-1.0;ISOPROPANOL
910.0;1612.0;2198.0;5449.0;915.0;1353.0;902.0;1585.0;2903.0;5151.0;858.0;1354.0;15.0;10.0;-2.0;-1.0;ISOPROPANOL
918.0;1627.0;2198.0;5480.0;919.0;1363.0;898.0;1598.0;2924.0;5207.0;877.0;1352.0;2.0;11.0;-2.0;-2.0;ISOPROPANOL
925.0;1639.0;2198.0;5494.0;920.0;1359.0;883.0;1587.0;2900.0;5177.0;866.0;1335.0;2.0;6.0;5.0;-2.0;ISOPROPANOL
900.0;1605.0;2186.0;5437.0;912.0;1365.0;893.0;1598.0;2911.0;5168.0;870.0;1355.0;2.0;4.0;7.0;-2.0;ISOPROPANOL
922.0;1635.0;2198.0;5507.0;920.0;1368.0;899.0;1604.0;2924.0;5178.0;868.0;1343.0;-2.0;6.0;5.0;-3.0;ISOPROPANOL
919.0;1626.0;2198.0;5470.0;917.0;1356.0;894.0;1592.0;2917.0;5167.0;866.0;1340.0;5.0;5.0;5.0;-3.0;ISOPROPANOL
907.0;1611.0;2198.0;5440.0;914.0;1361.0;886.0;1584.0;2902.0;5141.0;871.0;1346.0;5.0;6.0;5.0;-5.0;ISOPROPANOL
916.0;1621.0;2198.0;5421.0;907.0;1356.0;894.0;1602.0;2929.0;5188.0;868.0;1346.0;6.0;11.0;6.0;-5.0;ISOPROPANOL
918.0;1629.0;2198.0;5465.0;917.0;1366.0;904.0;1614.0;2953.0;5212.0;872.0;1359.0;8.0;3.0;4.0;-5.0;ISOPROPANOL
928.0;1641.0;2216.0;5504.0;922.0;1362.0;911.0;1609.0;2930.0;5171.0;860.0;1331.0;12.0;3.0;3.0;-5.0;ISOPROPANOL
925.0;1623.0;2198.0;5432.0;909.0;1348.0;884.0;1573.0;2890.0;5120.0;858.0;1337.0;14.0;4.0;8.0;-5.0;ISOPROPANOL
914.0;1616.0;2198.0;5464.0;921.0;1376.0;913.0;1629.0;2975.0;5306.0;899.0;1387.0;7.0;4.0;4.0;-4.0;ISOPROPANOL
956.0;1685.0;2216.0;5679.0;952.0;1402.0;926.0;1641.0;3007.0;5354.0;901.0;1397.0;4.0;7.0;5.0;-6.0;ISOPROPANOL
962.0;1709.0;2240.0;5752.0;965.0;1430.0;946.0;1690.0;3070.0;5477.0;922.0;1434.0;4.0;8.0;4.0;-4.0;ISOPROPANOL
982.0;1742.0;2242.0;5878.0;990.0;1465.0;973.0;1732.0;3164.0;5633.0;944.0;1473.0;-3.0;5.0;2.0;-2.0;ISOPROPANOL
1005.0;1773.0;2251.0;5947.0;988.0;1449.0;960.0;1701.0;3086.0;5474.0;915.0;1415.0;-3.0;7.0;2.0;-4.0;ISOPROPANOL
956.0;1698.0;2229.0;5719.0;958.0;1419.0;943.0;1670.0;3037.0;5360.0;899.0;1392.0;8.0;7.0;7.0;-2.0;ISOPROPANOL
949.0;1675.0;2206.0;5644.0;946.0;1399.0;939.0;1672.0;3041.0;5362.0;898.0;1386.0;18.0;7.0;20.0;0.0;ISOPROPANOL
953.0;1687.0;2216.0;5660.0;947.0;1401.0;941.0;1666.0;3005.0;5298.0;887.0;1387.0;14.0;7.0;10.0;0.0;ISOPROPANOL
942.0;1674.0;2216.0;5631.0;944.0;1402.0;934.0;1656.0;3021.0;5329.0;895.0;1380.0;9.0;14.0;13.0;-6.0;ISOPROPANOL
941.0;1661.0;2208.0;5606.0;934.0;1382.0;922.0;1635.0;2975.0;5247.0;882.0;1371.0;9.0;5.0;7.0;-5.0;ISOPROPANOL
938.0;1657.0;2216.0;5556.0;933.0;1385.0;911.0;1630.0;2971.0;5267.0;885.0;1365.0;8.0;5.0;4.0;-5.0;ISOPROPANOL
944.0;1673.0;2206.0;5598.0;937.0;1383.0;917.0;1630.0;2974.0;5242.0;881.0;1369.0;8.0;5.0;4.0;-5.0;ISOPROPANOL
925.0;1644.0;2198.0;5524.0;922.0;1376.0;915.0;1627.0;2954.0;5240.0;874.0;1355.0;8.0;5.0;0.0;-2.0;ISOPROPANOL
921.0;1626.0;2198.0;5468.0;915.0;1362.0;886.0;1584.0;2900.0;5169.0;869.0;1357.0;4.0;5.0;4.0;-2.0;ISOPROPANOL
928.0;1637.0;2198.0;5554.0;931.0;1382.0;905.0;1613.0;2942.0;5240.0;875.0;1363.0;4.0;8.0;0.0;-1.0;ISOPROPANOL
928.0;1644.0;2201.0;5511.0;928.0;1377.0;895.0;1591.0;2915.0;5198.0;872.0;1354.0;2.0;6.0;7.0;-1.0;ISOPROPANOL
929.0;1648.0;2207.0;5563.0;930.0;1380.0;911.0;1614.0;2954.0;5229.0;880.0;1362.0;2.0;6.0;-3.0;-2.0;ISOPROPANOL
935.0;1656.0;2212.0;5542.0;927.0;1376.0;908.0;1605.0;2936.0;5217.0;870.0;1351.0;4.0;5.0;2.0;-1.0;ISOPROPANOL
938.0;1655.0;2206.0;5542.0;926.0;1374.0;915.0;1628.0;2965.0;5232.0;880.0;1363.0;3.0;7.0;2.0;-1.0;ISOPROPANOL
940.0;1661.0;2208.0;5571.0;929.0;1378.0;912.0;1615.0;2968.0;5246.0;884.0;1375.0;3.0;12.0;2.0;-4.0;ISOPROPANOL
947.0;1682.0;2208.0;5625.0;935.0;1392.0;930.0;1637.0;3000.0;5283.0;883.0;1375.0;3.0;7.0;2.0;-5.0;ISOPROPANOL
942.0;1663.0;2208.0;5588.0;935.0;1391.0;925.0;1640.0;3005.0;5314.0;890.0;1382.0;3.0;6.0;2.0;-6.0;ISOPROPANOL
948.0;1677.0;2221.0;5635.0;945.0;1399.0;913.0;1626.0;2975.0;5286.0;886.0;1375.0;2.0;12.0;2.0;-6.0;ISOPROPANOL
949.0;1675.0;2207.0;5658.0;945.0;1410.0;948.0;1691.0;3090.0;5457.0;917.0;1412.0;-1.0;6.0;3.0;-8.0;ISOPROPANOL
966.0;1701.0;2233.0;5749.0;964.0;1421.0;943.0;1679.0;3058.0;5430.0;912.0;1420.0;-1.0;8.0;2.0;-11.0;ISOPROPANOL
973.0;1725.0;2239.0;5801.0;969.0;1429.0;953.0;1683.0;3070.0;5433.0;912.0;1408.0;-1.0;3.0;4.0;-11.0;ISOPROPANOL
978.0;1729.0;2233.0;5745.0;958.0;1413.0;952.0;1689.0;3077.0;5407.0;905.0;1404.0;-1.0;6.0;2.0;-11.0;ISOPROPANOL
956.0;1690.0;2230.0;5713.0;961.0;1424.0;949.0;1680.0;3068.0;5418.0;910.0;1406.0;0.0;1.0;4.0;-8.0;ISOPROPANOL
969.0;1711.0;2228.0;5743.0;958.0;1419.0;951.0;1679.0;3080.0;5463.0;913.0;1406.0;11.0;9.0;11.0;-10.0;ISOPROPANOL
966.0;1705.0;2228.0;5678.0;952.0;1409.0;930.0;1652.0;3020.0;5320.0;897.0;1385.0;10.0;7.0;15.0;-4.0;ISOPROPANOL
962.0;1690.0;2209.0;5648.0;941.0;1397.0;919.0;1636.0;2992.0;5275.0;887.0;1372.0;3.0;11.0;10.0;-4.0;ISOPROPANOL
952.0;1679.0;2209.0;5604.0;937.0;1391.0;915.0;1628.0;2969.0;5266.0;885.0;1363.0;4.0;7.0;7.0;-5.0;ISOPROPANOL
941.0;1662.0;2206.0;5584.0;931.0;1383.0;915.0;1636.0;2960.0;5251.0;882.0;1373.0;4.0;11.0;7.0;-5.0;ISOPROPANOL
940.0;1659.0;2216.0;5572.0;932.0;1378.0;919.0;1628.0;2963.0;5242.0;879.0;1360.0;7.0;6.0;3.0;-5.0;ISOPROPANOL
947.0;1674.0;2210.0;5603.0;934.0;1390.0;931.0;1654.0;3008.0;5311.0;887.0;1372.0;8.0;6.0;3.0;-5.0;ISOPROPANOL
952.0;1678.0;2207.0;5597.0;943.0;1394.0;926.0;1640.0;2992.0;5316.0;890.0;1388.0;7.0;6.0;2.0;-5.0;ISOPROPANOL
957.0;1683.0;2214.0;5664.0;948.0;1404.0;938.0;1668.0;3044.0;5367.0;897.0;1395.0;7.0;7.0;8.0;-4.0;ISOPROPANOL
966.0;1711.0;2241.0;5700.0;952.0;1404.0;940.0;1665.0;3047.0;5379.0;905.0;1398.0;5.0;4.0;3.0;-4.0;ISOPROPANOL
975.0;1722.0;2232.0;5786.0;968.0;1442.0;977.0;1729.0;3142.0;5519.0;921.0;1434.0;5.0;5.0;8.0;-4.0;ISOPROPANOL
989.0;1745.0;2242.0;5884.0;983.0;1460.0;968.0;1725.0;3173.0;5599.0;939.0;1456.0;11.0;5.0;7.0;-2.0;ISOPROPANOL
1018.0;1782.0;2249.0;5930.0;988.0;1451.0;975.0;1730.0;3130.0;5516.0;923.0;1429.0;13.0;14.0;7.0;-2.0;ISOPROPANOL
989.0;1742.0;2234.0;5845.0;976.0;1441.0;959.0;1695.0;3094.0;5495.0;918.0;1430.0;15.0;9.0;5.0;-1.0;ISOPROPANOL
977.0;1723.0;2240.0;5811.0;976.0;1440.0;962.0;1708.0;3094.0;5472.0;917.0;1418.0;15.0;8.0;5.0;-5.0;ISOPROPANOL
992.0;1750.0;2235.0;5848.0;977.0;1441.0;964.0;1714.0;3127.0;5504.0;929.0;1432.0;17.0;6.0;5.0;-1.0;ISOPROPANOL
1004.0;1761.0;2249.0;5881.0;974.0;1437.0;968.0;1711.0;3132.0;5529.0;923.0;1431.0;18.0;12.0;6.0;-1.0;ISOPROPANOL
1000.0;1755.0;2249.0;5832.0;970.0;1442.0;971.0;1716.0;3128.0;5504.0;921.0;1421.0;15.0;9.0;11.0;-1.0;ISOPROPANOL
1004.0;1763.0;2249.0;5844.0;978.0;1441.0;970.0;1718.0;3126.0;5498.0;921.0;1430.0;15.0;9.0;11.0;-4.0;ISOPROPANOL
991.0;1742.0;2242.0;5812.0;972.0;1438.0;968.0;1714.0;3109.0;5528.0;929.0;1432.0;10.0;11.0;15.0;-1.0;ISOPROPANOL
996.0;1751.0;2249.0;5876.0;978.0;1446.0;969.0;1714.0;3125.0;5531.0;930.0;1434.0;17.0;7.0;20.0;-1.0;ISOPROPANOL
992.0;1746.0;2242.0;5856.0;981.0;1446.0;973.0;1722.0;3129.0;5516.0;924.0;1424.0;9.0;5.0;13.0;-4.0;ISOPROPANOL
1002.0;1758.0;2237.0;5800.0;972.0;1437.0;956.0;1692.0;3097.0;5436.0;913.0;1413.0;13.0;5.0;13.0;-4.0;ISOPROPANOL
988.0;1733.0;2237.0;5784.0;966.0;1423.0;961.0;1699.0;3097.0;5486.0;921.0;1435.0;5.0;5.0;8.0;-4.0;ISOPROPANOL
1010.0;1773.0;2249.0;5925.0;989.0;1467.0;989.0;1750.0;3193.0;5640.0;950.0;1466.0;3.0;12.0;4.0;-4.0;ISOPROPANOL
1018.0;1795.0;2251.0;6038.0;1008.0;1491.0;997.0;1753.0;3192.0;5641.0;945.0;1464.0;5.0;12.0;3.0;-6.0;ISOPROPANOL
1025.0;1802.0;2254.0;6020.0;1002.0;1474.0;989.0;1755.0;3208.0;5661.0;946.0;1467.0;5.0;14.0;4.0;-6.0;ISOPROPANOL
1028.0;1804.0;2256.0;6005.0;1002.0;1471.0;991.0;1751.0;3192.0;5650.0;942.0;1454.0;5.0;12.0;3.0;-6.0;ISOPROPANOL
1028.0;1793.0;2259.0;6006.0;1001.0;1473.0;989.0;1739.0;3177.0;5608.0;937.0;1446.0;18.0;13.0;13.0;-4.0;ISOPROPANOL
1000.0;1759.0;2249.0;5913.0;982.0;1453.0;994.0;1754.0;3170.0;5595.0;935.0;1433.0;14.0;7.0;11.0;-8.0;ISOPROPANOL
1001.0;1756.0;2248.0;5861.0;977.0;1449.0;977.0;1729.0;3146.0;5563.0;925.0;1430.0;14.0;10.0;16.0;-4.0;ISOPROPANOL
997.0;1752.0;2249.0;5837.0;973.0;1434.0;960.0;1693.0;3103.0;5498.0;917.0;1417.0;13.0;6.0;11.0;-4.0;ISOPROPANOL
981.0;1726.0;2232.0;5770.0;966.0;1431.0;976.0;1716.0;3098.0;5486.0;917.0;1424.0;8.0;12.0;6.0;-2.0;ISOPROPANOL
991.0;1738.0;2233.0;5793.0;969.0;1428.0;968.0;1721.0;3127.0;5471.0;916.0;1426.0;7.0;7.0;6.0;-2.0;ISOPROPANOL
1004.0;1762.0;2249.0;5872.0;981.0;1452.0;986.0;1735.0;3155.0;5567.0;931.0;1442.0;8.0;10.0;6.0;-2.0;ISOPROPANOL
1000.0;1757.0;2239.0;5843.0;975.0;1440.0;976.0;1720.0;3131.0;5545.0;926.0;1434.0;7.0;8.0;6.0;-3.0;ISOPROPANOL
1006.0;1762.0;2249.0;5877.0;983.0;1450.0;973.0;1726.0;3161.0;5554.0;929.0;1440.0;11.0;7.0;9.0;-4.0;ISOPROPANOL
1005.0;1764.0;2247.0;5940.0;989.0;1468.0;990.0;1754.0;3186.0;5637.0;946.0;1459.0;9.0;7.0;9.0;-4.0;ISOPROPANOL
1018.0;1784.0;2249.0;5955.0;998.0;1472.0;1002.0;1770.0;3212.0;5642.0;943.0;1454.0;9.0;7.0;5.0;-4.0;ISOPROPANOL
1030.0;1796.0;2249.0;5949.0;995.0;1465.0;974.0;1733.0;3161.0;5589.0;939.0;1452.0;9.0;12.0;5.0;-3.0;ISOPROPANOL
1026.0;1792.0;2258.0;6005.0;1002.0;1481.0;1005.0;1774.0;3238.0;5730.0;962.0;1481.0;5.0;4.0;1.0;-3.0;ISOPROPANOL
1039.0;1820.0;2258.0;6125.0;1013.0;1486.0;1011.0;1782.0;3244.0;5698.0;949.0;1466.0;4.0;9.0;15.0;-3.0;ISOPROPANOL
1032.0;1808.0;2254.0;5968.0;994.0;1465.0;996.0;1749.0;3185.0;5605.0;936.0;1458.0;3.0;9.0;8.0;-6.0;ISOPROPANOL
1031.0;1799.0;2249.0;5955.0;991.0;1459.0;985.0;1738.0;3163.0;5574.0;931.0;1435.0;4.0;10.0;21.0;-6.0;ISOPROPANOL
1010.0;1761.0;2249.0;5858.0;976.0;1447.0;967.0;1713.0;3122.0;5520.0;924.0;1428.0;14.0;10.0;8.0;-7.0;ISOPROPANOL
1007.0;1768.0;2249.0;5880.0;982.0;1442.0;973.0;1722.0;3135.0;5527.0;923.0;1417.0;9.0;9.0;15.0;-7.0;ISOPROPANOL
1005.0;1751.0;2249.0;5847.0;970.0;1436.0;961.0;1707.0;3085.0;5462.0;922.0;1431.0;9.0;6.0;3.0;-7.0;ISOPROPANOL
997.0;1751.0;2237.0;5836.0;974.0;1441.0;969.0;1716.0;3133.0;5521.0;922.0;1428.0;1.0;9.0;2.0;-7.0;ISOPROPANOL
1011.0;1771.0;2249.0;5910.0;990.0;1466.0;1000.0;1762.0;3193.0;5631.0;941.0;1446.0;1.0;9.0;2.0;-7.0;ISOPROPANOL
1026.0;1791.0;2249.0;5984.0;1005.0;1475.0;996.0;1764.0;3210.0;5652.0;948.0;1466.0;1.0;9.0;0.0;-7.0;ISOPROPANOL
1040.0;1806.0;2249.0;5979.0;992.0;1463.0;985.0;1748.0;3162.0;5556.0;935.0;1446.0;3.0;9.0;0.0;-4.0;ISOPROPANOL
1012.0;1784.0;2249.0;5956.0;996.0;1475.0;1006.0;1772.0;3211.0;5653.0;954.0;1465.0;6.0;11.0;2.0;-4.0;ISOPROPANOL
1035.0;1815.0;2257.0;6092.0;1017.0;1495.0;1019.0;1804.0;3280.0;5751.0;959.0;1474.0;6.0;9.0;6.0;-4.0;ISOPROPANOL
1044.0;1820.0;2262.0;6092.0;1009.0;1483.0;1004.0;1769.0;3215.0;5667.0;947.0;1460.0;4.0;13.0;3.0;-3.0;ISOPROPANOL
1037.0;1803.0;2267.0;6012.0;995.0;1465.0;1004.0;1770.0;3206.0;5627.0;941.0;1452.0;4.0;9.0;6.0;-3.0;ISOPROPANOL
1021.0;1787.0;2259.0;5990.0;994.0;1467.0;1001.0;1760.0;3184.0;5626.0;941.0;1459.0;4.0;7.0;6.0;-3.0;ISOPROPANOL
1032.0;1809.0;2257.0;6005.0;996.0;1465.0;986.0;1737.0;3156.0;5572.0;937.0;1434.0;4.0;11.0;6.0;-1.0;ISOPROPANOL
1009.0;1779.0;2251.0;5929.0;988.0;1454.0;985.0;1742.0;3152.0;5587.0;936.0;1446.0;4.0;8.0;7.0;-4.0;ISOPROPANOL
1019.0;1785.0;2250.0;5983.0;994.0;1463.0;1008.0;1773.0;3195.0;5645.0;935.0;1438.0;15.0;8.0;13.0;-4.0;ISOPROPANOL
1029.0;1796.0;2249.0;6012.0;1002.0;1485.0;1017.0;1787.0;3254.0;5736.0;953.0;1484.0;5.0;8.0;7.0;-6.0;ISOPROPANOL
1048.0;1828.0;2264.0;6126.0;1021.0;1507.0;1030.0;1822.0;3306.0;5825.0;973.0;1497.0;18.0;12.0;15.0;-3.0;ISOPROPANOL
1066.0;1854.0;2263.0;6186.0;1026.0;1520.0;1039.0;1837.0;3322.0;5837.0;978.0;1509.0;10.0;2.0;7.0;-3.0;ISOPROPANOL
1071.0;1851.0;2269.0;6146.0;1025.0;1498.0;1033.0;1815.0;3281.0;5778.0;960.0;1483.0;14.0;6.0;8.0;-3.0;ISOPROPANOL
1047.0;1827.0;2258.0;6056.0;1012.0;1484.0;1017.0;1793.0;3242.0;5705.0;948.0;1471.0;10.0;6.0;7.0;-2.0;ISOPROPANOL
1037.0;1811.0;2250.0;6024.0;1003.0;1487.0;1003.0;1768.0;3214.0;5680.0;949.0;1463.0;10.0;11.0;1.0;-2.0;ISOPROPANOL
1030.0;1799.0;2251.0;5963.0;994.0;1476.0;997.0;1771.0;3208.0;5664.0;945.0;1462.0;10.0;11.0;1.0;-3.0;ISOPROPANOL
1041.0;1815.0;2260.0;6034.0;1007.0;1488.0;999.0;1772.0;3207.0;5691.0;951.0;1471.0;10.0;13.0;4.0;-6.0;ISOPROPANOL
1046.0;1816.0;2255.0;5983.0;998.0;1473.0;997.0;1753.0;3192.0;5629.0;940.0;1459.0;4.0;11.0;4.0;-3.0;ISOPROPANOL
1043.0;1814.0;2257.0;5973.0;988.0;1463.0;986.0;1735.0;3150.0;5575.0;929.0;1438.0;10.0;8.0;7.0;-3.0;ISOPROPANOL
1021.0;1790.0;2249.0;5941.0;991.0;1467.0;1007.0;1777.0;3196.0;5636.0;943.0;1460.0;10.0;9.0;7.0;0.0;ISOPROPANOL
1039.0;1812.0;2258.0;6096.0;1018.0;1506.0;1034.0;1812.0;3306.0;5816.0;977.0;1514.0;8.0;5.0;7.0;0.0;ISOPROPANOL
1073.0;1870.0;2280.0;6249.0;1040.0;1531.0;1045.0;1847.0;3342.0;5918.0;990.0;1522.0;13.0;5.0;7.0;0.0;ISOPROPANOL
1077.0;1864.0;2289.0;6262.0;1032.0;1508.0;1031.0;1814.0;3289.0;5781.0;966.0;1484.0;7.0;4.0;-1.0;0.0;ISOPROPANOL
1063.0;1848.0;2266.0;6160.0;1026.0;1509.0;1031.0;1827.0;3310.0;5813.0;966.0;1484.0;7.0;6.0;-1.0;-7.0;ISOPROPANOL
1060.0;1837.0;2258.0;6111.0;1017.0;1501.0;1022.0;1805.0;3275.0;5734.0;957.0;1484.0;1.0;5.0;-1.0;-7.0;ISOPROPANOL
1052.0;1832.0;2265.0;6085.0;1007.0;1483.0;1020.0;1794.0;3270.0;5707.0;958.0;1476.0;1.0;4.0;4.0;-8.0;ISOPROPANOL
1049.0;1821.0;2258.0;6089.0;1013.0;1491.0;1010.0;1788.0;3251.0;5710.0;955.0;1479.0;-2.0;8.0;4.0;-8.0;ISOPROPANOL
1052.0;1839.0;2258.0;6146.0;1016.0;1498.0;1041.0;1830.0;3297.0;5780.0;958.0;1475.0;0.0;4.0;6.0;-8.0;ISOPROPANOL
1054.0;1832.0;2262.0;6080.0;1016.0;1501.0;1009.0;1774.0;3238.0;5726.0;957.0;1476.0;-2.0;6.0;-1.0;-8.0;ISOPROPANOL
1053.0;1834.0;2260.0;6102.0;1016.0;1499.0;1014.0;1785.0;3228.0;5714.0;958.0;1471.0;0.0;6.0;-1.0;-8.0;ISOPROPANOL
1044.0;1807.0;2254.0;6023.0;1003.0;1477.0;1010.0;1780.0;3232.0;5678.0;950.0;1462.0;-4.0;7.0;-1.0;-7.0;ISOPROPANOL
1049.0;1821.0;2258.0;6070.0;1007.0;1483.0;1006.0;1778.0;3226.0;5688.0;951.0;1482.0;0.0;7.0;3.0;-4.0;ISOPROPANOL
1054.0;1833.0;2257.0;6110.0;1017.0;1498.0;1023.0;1807.0;3271.0;5763.0;958.0;1474.0;6.0;11.0;3.0;-4.0;ISOPROPANOL
1060.0;1849.0;2266.0;6168.0;1027.0;1533.0;1045.0;1851.0;3337.0;5857.0;978.0;1506.0;11.0;10.0;3.0;-3.0;ISOPROPANOL
1077.0;1861.0;2284.0;6211.0;1027.0;1511.0;1034.0;1814.0;3293.0;5768.0;962.0;1477.0;6.0;7.0;3.0;-3.0;ISOPROPANOL
1048.0;1830.0;2258.0;6109.0;1010.0;1492.0;1027.0;1820.0;3279.0;5734.0;958.0;1464.0;5.0;3.0;3.0;-4.0;ISOPROPANOL
1036.0;1798.0;2249.0;6008.0;1003.0;1471.0;1011.0;1772.0;3221.0;5687.0;949.0;1467.0;5.0;3.0;11.0;-3.0;ISOPROPANOL
1059.0;1830.0;2258.0;6059.0;1006.0;1486.0;1038.0;1817.0;3283.0;5747.0;957.0;1477.0;4.0;8.0;11.0;-3.0;ISOPROPANOL
1060.0;1831.0;2265.0;6079.0;1004.0;1484.0;1017.0;1788.0;3227.0;5700.0;951.0;1473.0;5.0;10.0;11.0;-3.0;ISOPROPANOL
1053.0;1825.0;2265.0;6059.0;1009.0;1484.0;1008.0;1775.0;3234.0;5707.0;950.0;1463.0;4.0;13.0;9.0;0.0;ISOPROPANOL
1054.0;1827.0;2265.0;6076.0;1006.0;1486.0;1017.0;1791.0;3229.0;5716.0;957.0;1473.0;12.0;10.0;3.0;0.0;ISOPROPANOL
1054.0;1826.0;2266.0;6037.0;1008.0;1481.0;1022.0;1802.0;3245.0;5708.0;952.0;1466.0;5.0;10.0;3.0;-3.0;ISOPROPANOL
1053.0;1829.0;2267.0;6053.0;1014.0;1496.0;1028.0;1818.0;3281.0;5796.0;963.0;1488.0;5.0;12.0;3.0;-3.0;ISOPROPANOL
1072.0;1860.0;2272.0;6195.0;1026.0;1507.0;1059.0;1862.0;3354.0;5860.0;979.0;1516.0;2.0;8.0;3.0;-6.0;ISOPROPANOL
1084.0;1863.0;2269.0;6237.0;1033.0;1527.0;1033.0;1815.0;3316.0;5822.0;975.0;1503.0;5.0;9.0;3.0;-6.0;ISOPROPANOL
1066.0;1851.0;2267.0;6182.0;1030.0;1517.0;1039.0;1821.0;3306.0;5817.0;971.0;1510.0;2.0;9.0;3.0;-6.0;ISOPROPANOL
1067.0;1848.0;2283.0;6185.0;1027.0;1512.0;1045.0;1840.0;3312.0;5835.0;966.0;1495.0;2.0;4.0;6.0;-6.0;ISOPROPANOL
1075.0;1859.0;2278.0;6168.0;1025.0;1504.0;1032.0;1817.0;3308.0;5823.0;974.0;1495.0;10.0;5.0;10.0;-6.0;ISOPROPANOL
1080.0;1862.0;2277.0;6191.0;1028.0;1511.0;1039.0;1820.0;3295.0;5794.0;963.0;1488.0;13.0;4.0;12.0;-3.0;ISOPROPANOL
1063.0;1846.0;2267.0;6125.0;1022.0;1487.0;1023.0;1792.0;3246.0;5717.0;956.0;1480.0;17.0;5.0;10.0;-3.0;ISOPROPANOL
1064.0;1843.0;2267.0;6144.0;1019.0;1506.0;1045.0;1837.0;3312.0;5826.0;971.0;1483.0;13.0;7.0;8.0;1.0;ISOPROPANOL
1062.0;1838.0;2260.0;6097.0;1014.0;1499.0;1031.0;1813.0;3275.0;5764.0;964.0;1484.0;6.0;9.0;8.0;1.0;ISOPROPANOL
1060.0;1833.0;2265.0;6075.0;1009.0;1488.0;1018.0;1792.0;3244.0;5725.0;952.0;1484.0;6.0;11.0;7.0;1.0;ISOPROPANOL
1059.0;1832.0;2266.0;6097.0;1018.0;1494.0;1028.0;1814.0;3273.0;5754.0;964.0;1491.0;6.0;10.0;7.0;-1.0;ISOPROPANOL
1068.0;1845.0;2276.0;6138.0;1021.0;1497.0;1038.0;1830.0;3297.0;5780.0;966.0;1480.0;7.0;4.0;11.0;-3.0;ISOPROPANOL
1066.0;1847.0;2266.0;6147.0;1026.0;1520.0;1053.0;1850.0;3346.0;5889.0;982.0;1516.0;2.0;6.0;4.0;-7.0;ISOPROPANOL
1090.0;1883.0;2282.0;6286.0;1046.0;1533.0;1047.0;1848.0;3350.0;5916.0;993.0;1515.0;2.0;6.0;14.0;-7.0;ISOPROPANOL
1094.0;1886.0;2277.0;6275.0;1036.0;1515.0;1050.0;1843.0;3329.0;5801.0;965.0;1484.0;2.0;6.0;4.0;-7.0;ISOPROPANOL
1070.0;1854.0;2269.0;6144.0;1023.0;1507.0;1038.0;1818.0;3288.0;5790.0;965.0;1488.0;6.0;6.0;8.0;-7.0;ISOPROPANOL
1076.0;1856.0;2267.0;6152.0;1020.0;1495.0;1029.0;1810.0;3283.0;5752.0;958.0;1479.0;7.0;6.0;8.0;-6.0;ISOPROPANOL
1060.0;1845.0;2262.0;6131.0;1017.0;1488.0;1040.0;1836.0;3297.0;5804.0;968.0;1491.0;6.0;2.0;8.0;-4.0;ISOPROPANOL
1060.0;1843.0;2266.0;6138.0;1019.0;1501.0;1042.0;1819.0;3305.0;5806.0;968.0;1490.0;11.0;9.0;8.0;-4.0;ISOPROPANOL
1075.0;1861.0;2268.0;6165.0;1021.0;1507.0;1040.0;1828.0;3299.0;5827.0;968.0;1507.0;10.0;8.0;13.0;-4.0;ISOPROPANOL
1071.0;1855.0;2280.0;6216.0;1034.0;1533.0;1048.0;1854.0;3364.0;5915.0;986.0;1512.0;10.0;8.0;9.0;-4.0;ISOPROPANOL
1080.0;1872.0;2280.0;6240.0;1036.0;1524.0;1051.0;1850.0;3358.0;5897.0;979.0;1501.0;11.0;11.0;14.0;-5.0;ISOPROPANOL
1075.0;1859.0;2268.0;6172.0;1031.0;1519.0;1044.0;1833.0;3326.0;5859.0;978.0;1512.0;10.0;10.0;9.0;-5.0;ISOPROPANOL
1078.0;1868.0;2285.0;6244.0;1036.0;1524.0;1070.0;1875.0;3392.0;5939.0;988.0;1525.0;9.0;9.0;7.0;-5.0;ISOPROPANOL
1098.0;1887.0;2273.0;6319.0;1044.0;1541.0;1069.0;1882.0;3389.0;5977.0;991.0;1536.0;11.0;4.0;4.0;-7.0;ISOPROPANOL
1107.0;1898.0;2287.0;6355.0;1053.0;1542.0;1071.0;1884.0;3409.0;5952.0;998.0;1527.0;7.0;4.0;3.0;-7.0;ISOPROPANOL
1088.0;1881.0;2277.0;6288.0;1046.0;1542.0;1057.0;1859.0;3365.0;5922.0;991.0;1528.0;7.0;8.0;3.0;-5.0;ISOPROPANOL
1098.0;1891.0;2288.0;6338.0;1055.0;1546.0;1059.0;1854.0;3371.0;5916.0;996.0;1533.0;2.0;10.0;0.0;-6.0;ISOPROPANOL
1096.0;1885.0;2282.0;6290.0;1050.0;1535.0;1059.0;1865.0;3381.0;5931.0;988.0;1522.0;2.0;8.0;3.0;-6.0;ISOPROPANOL
1093.0;1884.0;2274.0;6264.0;1039.0;1527.0;1060.0;1857.0;3346.0;5855.0;980.0;1513.0;5.0;16.0;9.0;-5.0;ISOPROPANOL
1083.0;1867.0;2274.0;6229.0;1032.0;1528.0;1048.0;1844.0;3337.0;5885.0;976.0;1508.0;14.0;8.0;15.0;-4.0;ISOPROPANOL
1070.0;1853.0;2267.0;6202.0;1032.0;1511.0;1035.0;1817.0;3301.0;5784.0;968.0;1494.0;9.0;11.0;9.0;-2.0;ISOPROPANOL
1067.0;1853.0;2265.0;6151.0;1022.0;1509.0;1043.0;1826.0;3312.0;5859.0;975.0;1513.0;13.0;5.0;17.0;-1.0;ISOPROPANOL
1079.0;1870.0;2280.0;6238.0;1034.0;1525.0;1037.0;1831.0;3311.0;5852.0;977.0;1498.0;9.0;6.0;11.0;-1.0;ISOPROPANOL
1081.0;1863.0;2276.0;6244.0;1039.0;1524.0;1052.0;1848.0;3349.0;5912.0;987.0;1522.0;6.0;4.0;11.0;-2.0;ISOPROPANOL
1097.0;1896.0;2283.0;6338.0;1051.0;1547.0;1076.0;1884.0;3405.0;5946.0;989.0;1518.0;2.0;4.0;0.0;-2.0;ISOPROPANOL
1092.0;1879.0;2284.0;6245.0;1040.0;1530.0;1067.0;1876.0;3392.0;5941.0;991.0;1525.0;2.0;4.0;0.0;-2.0;ISOPROPANOL
1099.0;1891.0;2276.0;6295.0;1046.0;1535.0;1062.0;1859.0;3355.0;5902.0;985.0;1525.0;6.0;5.0;9.0;-3.0;ISOPROPANOL
1102.0;1898.0;2282.0;6345.0;1059.0;1563.0;1075.0;1889.0;3421.0;5994.0;1009.0;1547.0;7.0;5.0;9.0;-6.0;ISOPROPANOL
1118.0;1917.0;2286.0;6434.0;1071.0;1574.0;1115.0;1941.0;3496.0;6098.0;1017.0;1548.0;3.0;6.0;15.0;-6.0;ISOPROPANOL
1117.0;1909.0;2293.0;6400.0;1057.0;1553.0;1067.0;1878.0;3390.0;5967.0;996.0;1538.0;7.0;3.0;10.0;-6.0;ISOPROPANOL
1102.0;1895.0;2291.0;6291.0;1049.0;1534.0;1069.0;1882.0;3374.0;5912.0;983.0;1519.0;9.0;3.0;10.0;-6.0;ISOPROPANOL
1092.0;1883.0;2293.0;6273.0;1043.0;1529.0;1080.0;1885.0;3398.0;5946.0;992.0;1525.0;9.0;3.0;16.0;-8.0;ISOPROPANOL
1102.0;1895.0;2291.0;6291.0;1049.0;1534.0;1069.0;1882.0;3374.0;5912.0;983.0;1519.0;3.0;3.0;10.0;-9.0;ISOPROPANOL
1091.0;1889.0;2291.0;6338.0;1053.0;1555.0;1074.0;1890.0;3401.0;5994.0;1000.0;1535.0;3.0;2.0;10.0;-9.0;ISOPROPANOL
1089.0;1877.0;2282.0;6248.0;1034.0;1529.0;1053.0;1853.0;3360.0;5927.0;989.0;1512.0;3.0;2.0;8.0;-9.0;ISOPROPANOL
