OFFCHIP_SENSIMOX_SnAu_150_200.0_IN-PHASE;OFFCHIP_SENSIMOX_SnAu_200_200.0_IN-PHASE;OFFCHIP_SENSIMOX_SnAu_250_200.0_IN-PHASE;OFFCHIP_SENSIMOX_SnAu_300_200.0_IN-PHASE;OFFCHIP_SENSIMOX_SnAu_350_200.0_IN-PHASE;OFFCHIP_SENSIMOX_SnAu_400_200.0_IN-PHASE;OFFCHIP_SENSIMOX_SnAu_150_78125.0_IN-PHASE;OFFCHIP_SENSIMOX_SnAu_200_78125.0_IN-PHASE;OFFCHIP_SENSIMOX_SnAu_250_78125.0_IN-PHASE;OFFCHIP_SENSIMOX_SnAu_300_78125.0_IN-PHASE;OFFCHIP_SENSIMOX_SnAu_350_78125.0_IN-PHASE;OFFCHIP_SENSIMOX_SnAu_400_78125.0_IN-PHASE;ONCHIP_ALUMINUM_OXIDE_OUT4_IN-PHASE;ONCHIP_ALUMINUM_OXIDE_OUT4_QUADRATURE;ONCHIP_ALUMINUM_OXIDE_OUT7_IN-PHASE;ONCHIP_ALUMINUM_OXIDE_OUT7_QUADRATURE;Unname;LABEL
1.0;1.0;1.0;1.0;1.0;1.0;1.0;1.0;1.0;1.0;1.0;1.0;1.0;1.0;1.0;1.0;ISOPROPANOL
11.0;25.0;55.0;129.0;26.0;45.0;11.0;22.0;45.0;104.0;21.0;41.0;11.0;1.0;1.0;1.0;ISOPROPANOL
12.0;26.0;58.0;138.0;29.0;53.0;12.0;25.0;54.0;121.0;25.0;48.0;13.0;2.0;-2.0;1.0;ISOPROPANOL
12.0;27.0;60.0;143.0;30.0;59.0;12.0;29.0;66.0;151.0;32.0;62.0;11.0;2.0;-2.0;5.0;ISOPROPANOL
18.0;42.0;97.0;235.0;50.0;95.0;20.0;47.0;108.0;239.0;51.0;96.0;13.0;2.0;1.0;5.0;ISOPROPANOL
25.0;55.0;123.0;289.0;61.0;113.0;25.0;55.0;120.0;270.0;57.0;107.0;15.0;0.0;1.0;12.0;ISOPROPANOL
26.0;56.0;126.0;293.0;60.0;111.0;23.0;52.0;118.0;262.0;54.0;100.0;18.0;-5.0;-1.0;8.0;ISOPROPANOL
24.0;52.0;115.0;269.0;55.0;103.0;23.0;48.0;105.0;235.0;49.0;94.0;13.0;-2.0;-1.0;9.0;ISOPROPANOL
23.0;49.0;112.0;260.0;54.0;101.0;20.0;44.0;101.0;226.0;48.0;92.0;3.0;-2.0;-1.0;7.0;ISOPROPANOL
22.0;48.0;108.0;251.0;52.0;98.0;19.0;43.0;100.0;225.0;48.0;94.0;2.0;-3.0;-3.0;16.0;ISOPROPANOL
23.0;52.0;118.0;276.0;58.0;111.0;24.0;55.0;122.0;274.0;58.0;111.0;3.0;-3.0;-3.0;8.0;ISOPROPANOL
29.0;63.0;141.0;325.0;68.0;128.0;27.0;62.0;141.0;317.0;67.0;127.0;3.0;-2.0;-6.0;7.0;ISOPROPANOL
32.0;70.0;160.0;381.0;80.0;152.0;37.0;80.0;178.0;397.0;82.0;155.0;4.0;-3.0;-6.0;6.0;ISOPROPANOL
40.0;88.0;196.0;456.0;94.0;174.0;38.0;87.0;199.0;445.0;92.0;173.0;7.0;-5.0;3.0;4.0;ISOPROPANOL
41.0;93.0;210.0;494.0;102.0;188.0;43.0;96.0;216.0;474.0;98.0;183.0;17.0;-1.0;6.0;6.0;ISOPROPANOL
47.0;102.0;225.0;522.0;107.0;198.0;44.0;97.0;222.0;492.0;102.0;191.0;7.0;-3.0;6.0;4.0;ISOPROPANOL
46.0;102.0;224.0;517.0;106.0;190.0;44.0;97.0;213.0;469.0;95.0;177.0;7.0;-5.0;16.0;4.0;ISOPROPANOL
41.0;91.0;202.0;463.0;96.0;177.0;37.0;86.0;192.0;428.0;89.0;166.0;7.0;-3.0;19.0;7.0;ISOPROPANOL
39.0;85.0;187.0;435.0;90.0;167.0;36.0;80.0;185.0;406.0;84.0;159.0;4.0;-3.0;7.0;7.0;ISOPROPANOL
35.0;78.0;177.0;414.0;86.0;161.0;34.0;76.0;172.0;383.0;81.0;151.0;4.0;-4.0;7.0;5.0;ISOPROPANOL
36.0;81.0;178.0;408.0;85.0;159.0;33.0;75.0;172.0;382.0;79.0;153.0;2.0;-4.0;0.0;3.0;ISOPROPANOL
37.0;81.0;181.0;412.0;85.0;160.0;33.0;75.0;170.0;382.0;79.0;151.0;1.0;-4.0;-3.0;5.0;ISOPROPANOL
36.0;79.0;173.0;403.0;83.0;155.0;32.0;74.0;170.0;374.0;77.0;146.0;1.0;-7.0;-3.0;4.0;ISOPROPANOL
35.0;76.0;169.0;393.0;81.0;151.0;29.0;68.0;159.0;354.0;73.0;142.0;4.0;-4.0;-3.0;6.0;ISOPROPANOL
34.0;74.0;168.0;384.0;78.0;148.0;31.0;70.0;157.0;352.0;73.0;139.0;6.0;-3.0;-4.0;4.0;ISOPROPANOL
34.0;74.0;164.0;376.0;78.0;145.0;29.0;68.0;155.0;343.0;71.0;135.0;6.0;-3.0;-3.0;2.0;ISOPROPANOL
33.0;71.0;159.0;365.0;76.0;143.0;29.0;67.0;154.0;338.0;70.0;135.0;7.0;-3.0;-3.0;2.0;ISOPROPANOL
33.0;72.0;161.0;368.0;76.0;144.0;30.0;67.0;150.0;335.0;70.0;134.0;12.0;-1.0;-3.0;2.0;ISOPROPANOL
33.0;71.0;158.0;365.0;76.0;142.0;29.0;66.0;157.0;344.0;71.0;136.0;7.0;-1.0;1.0;2.0;ISOPROPANOL
33.0;73.0;163.0;370.0;77.0;145.0;33.0;71.0;160.0;349.0;72.0;140.0;0.0;2.0;1.0;4.0;ISOPROPANOL
35.0;77.0;168.0;383.0;79.0;147.0;30.0;72.0;162.0;357.0;74.0;140.0;0.0;-6.0;-1.0;2.0;ISOPROPANOL
36.0;79.0;175.0;397.0;81.0;153.0;32.0;72.0;164.0;366.0;76.0;146.0;2.0;0.0;1.0;2.0;ISOPROPANOL
38.0;82.0;180.0;411.0;85.0;159.0;35.0;79.0;177.0;391.0;81.0;153.0;0.0;-6.0;-1.0;2.0;ISOPROPANOL
39.0;85.0;187.0;424.0;88.0;164.0;36.0;82.0;181.0;400.0;83.0;159.0;2.0;-5.0;-1.0;2.0;ISOPROPANOL
39.0;87.0;193.0;441.0;91.0;170.0;37.0;84.0;193.0;434.0;88.0;169.0;2.0;-5.0;-6.0;2.0;ISOPROPANOL
42.0;95.0;212.0;489.0;101.0;190.0;43.0;99.0;224.0;498.0;103.0;194.0;2.0;-5.0;0.0;2.0;ISOPROPANOL
49.0;110.0;243.0;556.0;115.0;212.0;47.0;109.0;248.0;543.0;112.0;211.0;3.0;-5.0;0.0;6.0;ISOPROPANOL
53.0;116.0;256.0;580.0;118.0;216.0;51.0;111.0;248.0;543.0;111.0;211.0;10.0;-5.0;4.0;2.0;ISOPROPANOL
53.0;116.0;257.0;583.0;118.0;219.0;52.0;116.0;259.0;562.0;115.0;214.0;10.0;-3.0;4.0;6.0;ISOPROPANOL
53.0;119.0;265.0;606.0;125.0;230.0;54.0;121.0;271.0;593.0;122.0;227.0;18.0;-5.0;16.0;6.0;ISOPROPANOL
58.0;129.0;282.0;640.0;130.0;235.0;55.0;123.0;273.0;597.0;121.0;229.0;12.0;-3.0;11.0;6.0;ISOPROPANOL
58.0;127.0;282.0;642.0;132.0;241.0;57.0;126.0;282.0;615.0;126.0;237.0;12.0;-3.0;11.0;9.0;ISOPROPANOL
61.0;136.0;308.0;712.0;147.0;272.0;67.0;150.0;335.0;730.0;148.0;272.0;6.0;-3.0;11.0;8.0;ISOPROPANOL
72.0;157.0;347.0;789.0;161.0;287.0;69.0;154.0;350.0;752.0;153.0;283.0;12.0;-3.0;10.0;0.0;ISOPROPANOL
75.0;161.0;350.0;794.0;160.0;287.0;71.0;156.0;346.0;750.0;152.0;276.0;2.0;-3.0;5.0;0.0;ISOPROPANOL
73.0;158.0;346.0;776.0;156.0;285.0;67.0;152.0;338.0;738.0;150.0;279.0;2.0;-3.0;2.0;0.0;ISOPROPANOL
73.0;159.0;346.0;774.0;155.0;278.0;64.0;143.0;322.0;700.0;143.0;266.0;2.0;-3.0;-1.0;2.0;ISOPROPANOL
67.0;147.0;321.0;733.0;149.0;271.0;62.0;140.0;317.0;692.0;141.0;259.0;2.0;-4.0;-1.0;3.0;ISOPROPANOL
67.0;146.0;318.0;720.0;147.0;269.0;66.0;146.0;328.0;706.0;143.0;268.0;2.0;-4.0;-5.0;3.0;ISOPROPANOL
70.0;154.0;336.0;758.0;156.0;285.0;72.0;161.0;359.0;776.0;157.0;292.0;2.0;-3.0;-1.0;5.0;ISOPROPANOL
77.0;167.0;368.0;836.0;171.0;310.0;78.0;174.0;388.0;851.0;171.0;316.0;4.0;-3.0;-1.0;5.0;ISOPROPANOL
88.0;191.0;418.0;953.0;193.0;350.0;92.0;204.0;451.0;969.0;196.0;361.0;2.0;-3.0;-5.0;10.0;ISOPROPANOL
103.0;224.0;490.0;1122.0;225.0;399.0;106.0;231.0;512.0;1094.0;219.0;402.0;4.0;-3.0;-4.0;6.0;ISOPROPANOL
114.0;245.0;531.0;1174.0;233.0;405.0;105.0;232.0;513.0;1094.0;216.0;395.0;4.0;-2.0;2.0;6.0;ISOPROPANOL
110.0;235.0;508.0;1131.0;224.0;398.0;102.0;225.0;496.0;1046.0;209.0;383.0;9.0;-3.0;0.0;6.0;ISOPROPANOL
108.0;230.0;497.0;1094.0;217.0;383.0;102.0;222.0;481.0;1027.0;202.0;368.0;13.0;-2.0;0.0;6.0;ISOPROPANOL
101.0;216.0;465.0;1033.0;205.0;361.0;92.0;203.0;447.0;950.0;190.0;349.0;8.0;-3.0;2.0;6.0;ISOPROPANOL
93.0;200.0;439.0;991.0;200.0;362.0;95.0;209.0;465.0;1000.0;199.0;370.0;8.0;-2.0;2.0;10.0;ISOPROPANOL
103.0;223.0;484.0;1083.0;213.0;382.0;99.0;217.0;479.0;1026.0;203.0;373.0;8.0;-1.0;2.0;8.0;ISOPROPANOL
103.0;225.0;478.0;1061.0;212.0;378.0;99.0;214.0;472.0;1002.0;201.0;367.0;1.0;1.0;2.0;9.0;ISOPROPANOL
99.0;215.0;465.0;1037.0;206.0;370.0;95.0;208.0;458.0;976.0;197.0;356.0;1.0;2.0;2.0;8.0;ISOPROPANOL
97.0;210.0;458.0;1022.0;205.0;366.0;95.0;207.0;454.0;967.0;193.0;355.0;13.0;1.0;6.0;8.0;ISOPROPANOL
96.0;206.0;443.0;991.0;196.0;351.0;91.0;197.0;433.0;923.0;185.0;340.0;13.0;-2.0;12.0;8.0;ISOPROPANOL
91.0;197.0;428.0;962.0;195.0;347.0;89.0;192.0;423.0;912.0;182.0;333.0;17.0;-4.0;12.0;8.0;ISOPROPANOL
90.0;193.0;418.0;933.0;189.0;335.0;85.0;189.0;416.0;890.0;177.0;322.0;10.0;-4.0;5.0;5.0;ISOPROPANOL
85.0;184.0;400.0;894.0;179.0;324.0;78.0;176.0;391.0;845.0;168.0;311.0;10.0;-4.0;5.0;5.0;ISOPROPANOL
83.0;181.0;390.0;879.0;177.0;318.0;76.0;170.0;384.0;823.0;167.0;308.0;5.0;-4.0;5.0;5.0;ISOPROPANOL
85.0;185.0;408.0;930.0;190.0;346.0;92.0;203.0;448.0;958.0;192.0;350.0;4.0;-4.0;1.0;8.0;ISOPROPANOL
97.0;211.0;454.0;1006.0;201.0;357.0;90.0;198.0;442.0;951.0;190.0;349.0;4.0;-4.0;11.0;6.0;ISOPROPANOL
96.0;206.0;444.0;990.0;198.0;353.0;93.0;202.0;446.0;947.0;188.0;347.0;4.0;-4.0;6.0;4.0;ISOPROPANOL
95.0;206.0;445.0;995.0;198.0;353.0;95.0;207.0;449.0;944.0;188.0;346.0;8.0;-4.0;3.0;5.0;ISOPROPANOL
97.0;209.0;454.0;1015.0;204.0;361.0;95.0;205.0;452.0;970.0;194.0;355.0;3.0;0.0;-2.0;4.0;ISOPROPANOL
99.0;213.0;462.0;1023.0;205.0;364.0;94.0;205.0;454.0;977.0;196.0;358.0;4.0;-4.0;-5.0;5.0;ISOPROPANOL
99.0;214.0;463.0;1044.0;209.0;378.0;99.0;220.0;487.0;1033.0;206.0;375.0;3.0;-4.0;-5.0;5.0;ISOPROPANOL
106.0;227.0;482.0;1061.0;211.0;370.0;97.0;212.0;465.0;991.0;197.0;361.0;4.0;-4.0;-5.0;7.0;ISOPROPANOL
100.0;215.0;458.0;1013.0;203.0;360.0;96.0;206.0;449.0;958.0;191.0;350.0;3.0;-4.0;-5.0;5.0;ISOPROPANOL
96.0;207.0;450.0;995.0;201.0;361.0;94.0;207.0;456.0;972.0;193.0;354.0;7.0;-4.0;5.0;5.0;ISOPROPANOL
97.0;212.0;457.0;1018.0;204.0;366.0;93.0;207.0;460.0;989.0;199.0;363.0;7.0;-4.0;7.0;5.0;ISOPROPANOL
103.0;220.0;475.0;1064.0;214.0;383.0;102.0;224.0;499.0;1070.0;213.0;389.0;7.0;-4.0;13.0;11.0;ISOPROPANOL
112.0;242.0;520.0;1163.0;231.0;409.0;112.0;244.0;530.0;1116.0;222.0;399.0;5.0;-4.0;7.0;6.0;ISOPROPANOL
117.0;247.0;527.0;1171.0;230.0;407.0;112.0;241.0;530.0;1113.0;221.0;402.0;9.0;-3.0;7.0;8.0;ISOPROPANOL
114.0;242.0;523.0;1165.0;231.0;409.0;112.0;243.0;535.0;1118.0;222.0;403.0;5.0;-3.0;5.0;6.0;ISOPROPANOL
115.0;246.0;528.0;1166.0;231.0;408.0;105.0;233.0;514.0;1098.0;219.0;402.0;3.0;-3.0;-1.0;5.0;ISOPROPANOL
115.0;243.0;520.0;1148.0;225.0;398.0;103.0;226.0;498.0;1065.0;210.0;382.0;3.0;-3.0;-2.0;5.0;ISOPROPANOL
104.0;224.0;483.0;1071.0;213.0;379.0;100.0;217.0;478.0;1015.0;203.0;374.0;3.0;-3.0;-3.0;4.0;ISOPROPANOL
105.0;225.0;483.0;1071.0;216.0;386.0;101.0;221.0;490.0;1046.0;208.0;382.0;6.0;-4.0;-3.0;5.0;ISOPROPANOL
109.0;233.0;505.0;1127.0;225.0;399.0;105.0;233.0;516.0;1106.0;219.0;399.0;6.0;-4.0;-2.0;5.0;ISOPROPANOL
114.0;243.0;516.0;1140.0;226.0;401.0;104.0;228.0;502.0;1070.0;213.0;388.0;10.0;-4.0;3.0;9.0;ISOPROPANOL
113.0;244.0;525.0;1169.0;233.0;414.0;114.0;250.0;547.0;1154.0;227.0;409.0;10.0;-3.0;3.0;10.0;ISOPROPANOL
118.0;250.0;532.0;1162.0;230.0;402.0;105.0;230.0;505.0;1077.0;212.0;386.0;12.0;-2.0;11.0;3.0;ISOPROPANOL
109.0;234.0;502.0;1112.0;222.0;394.0;105.0;231.0;506.0;1075.0;211.0;390.0;11.0;-2.0;13.0;3.0;ISOPROPANOL
114.0;241.0;515.0;1142.0;226.0;401.0;108.0;239.0;525.0;1105.0;219.0;397.0;11.0;-2.0;11.0;3.0;ISOPROPANOL
111.0;238.0;513.0;1131.0;224.0;400.0;109.0;236.0;516.0;1093.0;216.0;390.0;10.0;-3.0;5.0;7.0;ISOPROPANOL
110.0;236.0;506.0;1131.0;225.0;402.0;109.0;238.0;518.0;1099.0;220.0;400.0;17.0;-2.0;5.0;7.0;ISOPROPANOL
114.0;241.0;518.0;1145.0;228.0;404.0;108.0;241.0;526.0;1107.0;219.0;397.0;9.0;-4.0;5.0;7.0;ISOPROPANOL
113.0;239.0;506.0;1122.0;222.0;392.0;101.0;222.0;494.0;1047.0;209.0;378.0;9.0;-4.0;5.0;3.0;ISOPROPANOL
106.0;227.0;486.0;1072.0;212.0;377.0;95.0;213.0;468.0;996.0;200.0;363.0;9.0;-3.0;5.0;3.0;ISOPROPANOL
99.0;213.0;460.0;1017.0;202.0;363.0;91.0;204.0;452.0;966.0;194.0;355.0;4.0;-3.0;4.0;3.0;ISOPROPANOL
99.0;212.0;455.0;1012.0;201.0;362.0;91.0;202.0;452.0;973.0;194.0;355.0;6.0;-3.0;1.0;4.0;ISOPROPANOL
99.0;211.0;458.0;1016.0;203.0;363.0;95.0;209.0;462.0;981.0;197.0;358.0;6.0;-3.0;1.0;4.0;ISOPROPANOL
100.0;214.0;464.0;1029.0;207.0;370.0;97.0;213.0;471.0;1003.0;201.0;369.0;6.0;-1.0;3.0;5.0;ISOPROPANOL
105.0;225.0;486.0;1070.0;212.0;376.0;97.0;214.0;475.0;1019.0;201.0;371.0;6.0;0.0;3.0;5.0;ISOPROPANOL
107.0;230.0;499.0;1113.0;221.0;398.0;108.0;239.0;522.0;1099.0;219.0;398.0;6.0;0.0;3.0;6.0;ISOPROPANOL
115.0;246.0;518.0;1131.0;223.0;393.0;103.0;226.0;492.0;1044.0;208.0;378.0;7.0;0.0;3.0;5.0;ISOPROPANOL
108.0;229.0;492.0;1083.0;216.0;384.0;101.0;222.0;490.0;1045.0;207.0;378.0;6.0;0.0;4.0;3.0;ISOPROPANOL
107.0;230.0;495.0;1091.0;217.0;384.0;101.0;221.0;485.0;1038.0;208.0;377.0;7.0;-1.0;7.0;3.0;ISOPROPANOL
110.0;235.0;502.0;1110.0;219.0;390.0;103.0;228.0;504.0;1068.0;212.0;386.0;8.0;-1.0;10.0;4.0;ISOPROPANOL
111.0;239.0;516.0;1152.0;230.0;411.0;112.0;247.0;545.0;1151.0;229.0;415.0;8.0;0.0;12.0;4.0;ISOPROPANOL
120.0;252.0;536.0;1184.0;233.0;412.0;109.0;236.0;518.0;1092.0;217.0;396.0;14.0;-1.0;8.0;4.0;ISOPROPANOL
111.0;235.0;501.0;1120.0;220.0;390.0;103.0;224.0;488.0;1043.0;207.0;379.0;12.0;-1.0;12.0;4.0;ISOPROPANOL
106.0;226.0;486.0;1072.0;212.0;378.0;97.0;213.0;474.0;1008.0;200.0;368.0;12.0;-1.0;8.0;7.0;ISOPROPANOL
103.0;219.0;474.0;1045.0;208.0;372.0;99.0;219.0;478.0;1007.0;200.0;365.0;4.0;-4.0;6.0;4.0;ISOPROPANOL
104.0;222.0;479.0;1065.0;213.0;385.0;101.0;222.0;488.0;1037.0;206.0;376.0;15.0;-4.0;11.0;4.0;ISOPROPANOL
109.0;232.0;493.0;1084.0;214.0;381.0;101.0;224.0;493.0;1033.0;205.0;376.0;10.0;-4.0;6.0;4.0;ISOPROPANOL
109.0;233.0;498.0;1095.0;217.0;381.0;100.0;221.0;479.0;1010.0;203.0;371.0;10.0;1.0;0.0;5.0;ISOPROPANOL
104.0;221.0;473.0;1049.0;207.0;369.0;94.0;212.0;462.0;994.0;198.0;363.0;9.0;1.0;0.0;5.0;ISOPROPANOL
104.0;220.0;472.0;1041.0;207.0;370.0;96.0;208.0;462.0;993.0;197.0;361.0;9.0;1.0;0.0;9.0;ISOPROPANOL
103.0;219.0;468.0;1040.0;206.0;369.0;97.0;212.0;468.0;1003.0;200.0;364.0;2.0;-5.0;0.0;5.0;ISOPROPANOL
105.0;224.0;480.0;1055.0;210.0;378.0;101.0;219.0;482.0;1019.0;203.0;371.0;3.0;-7.0;0.0;7.0;ISOPROPANOL
107.0;228.0;488.0;1083.0;214.0;382.0;104.0;228.0;502.0;1071.0;210.0;381.0;7.0;-6.0;-2.0;8.0;ISOPROPANOL
114.0;242.0;516.0;1135.0;226.0;401.0;107.0;237.0;521.0;1117.0;221.0;403.0;9.0;-5.0;-2.0;7.0;ISOPROPANOL
122.0;257.0;550.0;1213.0;241.0;428.0;118.0;260.0;571.0;1209.0;239.0;431.0;7.0;-5.0;1.0;3.0;ISOPROPANOL
128.0;275.0;589.0;1304.0;257.0;455.0;126.0;278.0;605.0;1277.0;253.0;457.0;7.0;-6.0;1.0;4.0;ISOPROPANOL
138.0;290.0;618.0;1358.0;265.0;462.0;131.0;284.0;616.0;1287.0;253.0;459.0;7.0;-3.0;3.0;4.0;ISOPROPANOL
136.0;290.0;614.0;1350.0;264.0;463.0;129.0;280.0;606.0;1280.0;251.0;452.0;8.0;-3.0;9.0;4.0;ISOPROPANOL
135.0;283.0;604.0;1314.0;258.0;452.0;123.0;269.0;584.0;1230.0;241.0;438.0;13.0;-5.0;5.0;4.0;ISOPROPANOL
130.0;273.0;576.0;1264.0;247.0;436.0;115.0;255.0;561.0;1174.0;233.0;424.0;2.0;-5.0;9.0;5.0;ISOPROPANOL
123.0;261.0;551.0;1201.0;236.0;417.0;110.0;242.0;528.0;1118.0;220.0;399.0;2.0;-5.0;5.0;6.0;ISOPROPANOL
116.0;245.0;523.0;1146.0;227.0;406.0;107.0;235.0;515.0;1100.0;218.0;397.0;6.0;-5.0;0.0;5.0;ISOPROPANOL
116.0;249.0;528.0;1167.0;231.0;408.0;110.0;239.0;522.0;1104.0;219.0;397.0;11.0;-4.0;0.0;6.0;ISOPROPANOL
115.0;246.0;525.0;1154.0;228.0;402.0;107.0;235.0;515.0;1105.0;218.0;395.0;10.0;-4.0;-3.0;5.0;ISOPROPANOL
117.0;249.0;533.0;1160.0;229.0;404.0;107.0;234.0;513.0;1089.0;217.0;392.0;6.0;-4.0;1.0;5.0;ISOPROPANOL
115.0;242.0;514.0;1131.0;224.0;400.0;107.0;234.0;516.0;1089.0;216.0;394.0;6.0;-6.0;1.0;5.0;ISOPROPANOL
117.0;246.0;523.0;1144.0;225.0;400.0;104.0;233.0;518.0;1093.0;216.0;394.0;7.0;-6.0;1.0;5.0;ISOPROPANOL
116.0;248.0;532.0;1178.0;232.0;415.0;110.0;243.0;536.0;1137.0;225.0;410.0;9.0;-6.0;8.0;5.0;ISOPROPANOL
121.0;255.0;540.0;1191.0;236.0;412.0;112.0;248.0;532.0;1127.0;222.0;404.0;7.0;-6.0;4.0;3.0;ISOPROPANOL
118.0;251.0;534.0;1165.0;231.0;409.0;114.0;248.0;538.0;1128.0;223.0;402.0;13.0;-2.0;4.0;6.0;ISOPROPANOL
120.0;253.0;543.0;1181.0;235.0;416.0;110.0;244.0;538.0;1143.0;227.0;412.0;7.0;0.0;4.0;0.0;ISOPROPANOL
124.0;261.0;555.0;1229.0;245.0;432.0;118.0;257.0;559.0;1181.0;232.0;422.0;9.0;4.0;4.0;7.0;ISOPROPANOL
125.0;265.0;562.0;1237.0;243.0;427.0;118.0;257.0;560.0;1167.0;230.0;412.0;9.0;6.0;4.0;4.0;ISOPROPANOL
122.0;257.0;545.0;1194.0;236.0;417.0;113.0;245.0;542.0;1135.0;223.0;406.0;14.0;0.0;4.0;5.0;ISOPROPANOL
121.0;255.0;540.0;1182.0;234.0;412.0;115.0;252.0;545.0;1149.0;224.0;408.0;4.0;-4.0;2.0;4.0;ISOPROPANOL
119.0;253.0;538.0;1187.0;233.0;414.0;115.0;248.0;542.0;1131.0;223.0;405.0;4.0;-4.0;2.0;2.0;ISOPROPANOL
120.0;255.0;542.0;1185.0;232.0;412.0;111.0;244.0;536.0;1143.0;226.0;410.0;3.0;-4.0;-1.0;2.0;ISOPROPANOL
127.0;269.0;574.0;1257.0;249.0;443.0;122.0;266.0;584.0;1229.0;242.0;436.0;4.0;-4.0;2.0;2.0;ISOPROPANOL
133.0;283.0;604.0;1330.0;261.0;463.0;135.0;291.0;626.0;1308.0;257.0;462.0;4.0;-4.0;0.0;5.0;ISOPROPANOL
141.0;298.0;631.0;1365.0;267.0;465.0;130.0;283.0;610.0;1286.0;251.0;449.0;4.0;-4.0;0.0;5.0;ISOPROPANOL
131.0;278.0;585.0;1283.0;252.0;441.0;121.0;263.0;570.0;1199.0;237.0;427.0;4.0;-5.0;-1.0;5.0;ISOPROPANOL
130.0;272.0;580.0;1266.0;248.0;436.0;119.0;261.0;577.0;1218.0;240.0;439.0;8.0;-5.0;0.0;5.0;ISOPROPANOL
135.0;285.0;612.0;1343.0;268.0;474.0;139.0;303.0;656.0;1362.0;267.0;480.0;1.0;-1.0;-8.0;6.0;ISOPROPANOL
149.0;317.0;670.0;1464.0;283.0;488.0;141.0;305.0;654.0;1346.0;263.0;468.0;1.0;-1.0;-8.0;4.0;ISOPROPANOL
142.0;297.0;624.0;1358.0;264.0;463.0;127.0;277.0;602.0;1266.0;249.0;445.0;8.0;-1.0;-2.0;4.0;ISOPROPANOL
132.0;278.0;594.0;1312.0;259.0;462.0;133.0;288.0;627.0;1316.0;262.0;473.0;8.0;-1.0;-1.0;8.0;ISOPROPANOL
148.0;313.0;659.0;1443.0;285.0;500.0;145.0;312.0;676.0;1413.0;280.0;503.0;10.0;-1.0;-1.0;4.0;ISOPROPANOL
160.0;335.0;709.0;1531.0;297.0;516.0;151.0;325.0;697.0;1456.0;283.0;501.0;13.0;-1.0;3.0;8.0;ISOPROPANOL
158.0;327.0;681.0;1472.0;285.0;495.0;141.0;303.0;656.0;1372.0;267.0;477.0;13.0;-4.0;8.0;7.0;ISOPROPANOL
146.0;307.0;644.0;1392.0;272.0;472.0;134.0;291.0;626.0;1300.0;255.0;464.0;5.0;-1.0;10.0;8.0;ISOPROPANOL
146.0;309.0;657.0;1440.0;285.0;503.0;148.0;318.0;685.0;1435.0;281.0;504.0;5.0;1.0;5.0;7.0;ISOPROPANOL
160.0;333.0;699.0;1512.0;295.0;510.0;147.0;313.0;676.0;1411.0;276.0;496.0;4.0;-1.0;5.0;7.0;ISOPROPANOL
153.0;321.0;670.0;1446.0;283.0;493.0;137.0;295.0;644.0;1338.0;265.0;475.0;5.0;-4.0;5.0;12.0;ISOPROPANOL
145.0;303.0;640.0;1391.0;272.0;473.0;133.0;288.0;624.0;1306.0;256.0;459.0;12.0;1.0;8.0;7.0;ISOPROPANOL
140.0;295.0;618.0;1350.0;264.0;464.0;129.0;279.0;609.0;1284.0;251.0;457.0;7.0;-4.0;1.0;5.0;ISOPROPANOL
140.0;293.0;621.0;1356.0;263.0;464.0;134.0;290.0;620.0;1293.0;252.0;452.0;14.0;-4.0;2.0;9.0;ISOPROPANOL
141.0;296.0;619.0;1345.0;262.0;461.0;132.0;286.0;621.0;1308.0;256.0;460.0;12.0;-1.0;2.0;5.0;ISOPROPANOL
140.0;298.0;627.0;1367.0;269.0;472.0;133.0;287.0;629.0;1325.0;261.0;469.0;16.0;-1.0;2.0;5.0;ISOPROPANOL
145.0;303.0;647.0;1415.0;278.0;490.0;143.0;310.0;666.0;1390.0;272.0;487.0;12.0;-1.0;3.0;3.0;ISOPROPANOL
152.0;320.0;673.0;1470.0;287.0;500.0;142.0;308.0;662.0;1390.0;273.0;490.0;13.0;-1.0;6.0;3.0;ISOPROPANOL
154.0;321.0;675.0;1458.0;282.0;492.0;138.0;297.0;639.0;1348.0;263.0;478.0;18.0;-1.0;12.0;5.0;ISOPROPANOL
146.0;308.0;646.0;1416.0;278.0;487.0;139.0;303.0;653.0;1375.0;270.0;490.0;13.0;-4.0;6.0;3.0;ISOPROPANOL
156.0;327.0;691.0;1498.0;290.0;504.0;148.0;319.0;679.0;1419.0;276.0;493.0;14.0;-4.0;-6.0;3.0;ISOPROPANOL
154.0;321.0;674.0;1457.0;284.0;493.0;141.0;307.0;669.0;1383.0;273.0;489.0;5.0;-2.0;-6.0;0.0;ISOPROPANOL
150.0;315.0;666.0;1446.0;280.0;487.0;139.0;299.0;649.0;1360.0;267.0;478.0;4.0;-2.0;-6.0;2.0;ISOPROPANOL
149.0;314.0;664.0;1435.0;280.0;495.0;143.0;309.0;669.0;1399.0;273.0;492.0;5.0;-2.0;-6.0;2.0;ISOPROPANOL
154.0;326.0;683.0;1493.0;289.0;509.0;149.0;316.0;681.0;1422.0;278.0;499.0;4.0;-2.0;9.0;2.0;ISOPROPANOL
155.0;325.0;677.0;1464.0;286.0;498.0;145.0;312.0;669.0;1393.0;271.0;484.0;5.0;-3.0;11.0;4.0;ISOPROPANOL
151.0;313.0;655.0;1420.0;276.0;483.0;140.0;304.0;650.0;1350.0;264.0;473.0;9.0;-3.0;8.0;4.0;ISOPROPANOL
145.0;303.0;640.0;1394.0;272.0;480.0;140.0;300.0;647.0;1342.0;261.0;470.0;9.0;-3.0;7.0;4.0;ISOPROPANOL
143.0;301.0;635.0;1383.0;272.0;479.0;139.0;298.0;639.0;1323.0;259.0;464.0;7.0;-3.0;3.0;1.0;ISOPROPANOL
143.0;298.0;631.0;1374.0;268.0;475.0;138.0;297.0;638.0;1332.0;260.0;472.0;7.0;-3.0;3.0;0.0;ISOPROPANOL
146.0;303.0;643.0;1402.0;275.0;483.0;139.0;301.0;654.0;1354.0;266.0;479.0;1.0;-3.0;-3.0;0.0;ISOPROPANOL
151.0;316.0;668.0;1455.0;285.0;500.0;145.0;313.0;677.0;1422.0;277.0;499.0;1.0;-6.0;-6.0;0.0;ISOPROPANOL
154.0;324.0;680.0;1480.0;287.0;498.0;141.0;304.0;656.0;1369.0;266.0;481.0;1.0;-6.0;-7.0;1.0;ISOPROPANOL
149.0;309.0;650.0;1412.0;276.0;478.0;139.0;300.0;646.0;1348.0;262.0;471.0;7.0;-6.0;-6.0;1.0;ISOPROPANOL
146.0;307.0;642.0;1392.0;274.0;477.0;138.0;297.0;646.0;1351.0;263.0;469.0;7.0;-6.0;-6.0;1.0;ISOPROPANOL
145.0;302.0;639.0;1397.0;273.0;478.0;138.0;296.0;637.0;1329.0;259.0;465.0;7.0;-6.0;2.0;1.0;ISOPROPANOL
142.0;299.0;633.0;1370.0;269.0;476.0;139.0;297.0;637.0;1332.0;262.0;470.0;4.0;-2.0;1.0;-4.0;ISOPROPANOL
147.0;307.0;646.0;1403.0;275.0;486.0;138.0;297.0;648.0;1357.0;266.0;479.0;6.0;-6.0;2.0;0.0;ISOPROPANOL
153.0;321.0;674.0;1460.0;286.0;499.0;146.0;312.0;680.0;1408.0;275.0;495.0;6.0;-6.0;6.0;0.0;ISOPROPANOL
157.0;329.0;687.0;1489.0;288.0;500.0;148.0;317.0;675.0;1399.0;271.0;487.0;6.0;-5.0;6.0;6.0;ISOPROPANOL
152.0;315.0;663.0;1431.0;279.0;486.0;139.0;301.0;651.0;1344.0;263.0;474.0;6.0;-2.0;7.0;6.0;ISOPROPANOL
148.0;311.0;650.0;1416.0;276.0;484.0;139.0;299.0;649.0;1351.0;264.0;475.0;9.0;-1.0;9.0;6.0;ISOPROPANOL
151.0;315.0;662.0;1439.0;280.0;493.0;145.0;312.0;672.0;1395.0;272.0;488.0;6.0;-1.0;7.0;6.0;ISOPROPANOL
156.0;322.0;669.0;1459.0;285.0;495.0;146.0;313.0;677.0;1410.0;274.0;492.0;5.0;-1.0;3.0;5.0;ISOPROPANOL
155.0;326.0;686.0;1475.0;287.0;500.0;145.0;311.0;665.0;1399.0;273.0;488.0;3.0;-3.0;2.0;9.0;ISOPROPANOL
151.0;316.0;664.0;1435.0;281.0;494.0;144.0;309.0;666.0;1381.0;270.0;484.0;-1.0;-4.0;2.0;5.0;ISOPROPANOL
151.0;314.0;660.0;1433.0;282.0;496.0;147.0;318.0;678.0;1408.0;274.0;491.0;-1.0;-4.0;2.0;5.0;ISOPROPANOL
156.0;326.0;679.0;1471.0;286.0;502.0;145.0;312.0;674.0;1399.0;273.0;496.0;-1.0;-4.0;-1.0;5.0;ISOPROPANOL
156.0;325.0;678.0;1475.0;288.0;500.0;149.0;319.0;680.0;1411.0;275.0;493.0;2.0;-7.0;-4.0;6.0;ISOPROPANOL
158.0;325.0;677.0;1466.0;286.0;500.0;147.0;316.0;674.0;1403.0;273.0;491.0;4.0;-7.0;-1.0;10.0;ISOPROPANOL
155.0;324.0;674.0;1460.0;286.0;495.0;148.0;316.0;676.0;1392.0;269.0;483.0;11.0;-1.0;8.0;6.0;ISOPROPANOL
154.0;320.0;672.0;1459.0;284.0;496.0;148.0;317.0;678.0;1409.0;274.0;490.0;11.0;-1.0;-1.0;7.0;ISOPROPANOL
153.0;322.0;677.0;1468.0;285.0;501.0;149.0;318.0;678.0;1411.0;275.0;492.0;15.0;1.0;-4.0;5.0;ISOPROPANOL
157.0;327.0;684.0;1493.0;290.0;505.0;149.0;319.0;685.0;1431.0;278.0;500.0;12.0;1.0;-4.0;7.0;ISOPROPANOL
160.0;332.0;695.0;1494.0;291.0;509.0;148.0;318.0;680.0;1416.0;277.0;496.0;5.0;-4.0;-4.0;5.0;ISOPROPANOL
159.0;329.0;688.0;1495.0;293.0;512.0;154.0;331.0;705.0;1452.0;282.0;504.0;5.0;-4.0;-4.0;3.0;ISOPROPANOL
163.0;339.0;704.0;1516.0;296.0;514.0;154.0;329.0;701.0;1459.0;286.0;511.0;5.0;-5.0;-3.0;2.0;ISOPROPANOL
163.0;339.0;706.0;1516.0;296.0;513.0;155.0;324.0;697.0;1442.0;280.0;503.0;6.0;-4.0;0.0;3.0;ISOPROPANOL
162.0;333.0;703.0;1522.0;295.0;512.0;153.0;325.0;693.0;1446.0;282.0;506.0;6.0;-4.0;7.0;3.0;ISOPROPANOL
163.0;341.0;710.0;1551.0;302.0;531.0;163.0;346.0;741.0;1527.0;296.0;529.0;12.0;-4.0;10.0;4.0;ISOPROPANOL
171.0;359.0;755.0;1635.0;318.0;550.0;167.0;354.0;759.0;1566.0;305.0;544.0;6.0;-5.0;8.0;5.0;ISOPROPANOL
177.0;367.0;765.0;1643.0;316.0;545.0;163.0;348.0;746.0;1547.0;300.0;532.0;1.0;-5.0;-1.0;4.0;ISOPROPANOL
171.0;355.0;744.0;1605.0;312.0;540.0;164.0;346.0;736.0;1514.0;294.0;522.0;1.0;-5.0;-1.0;5.0;ISOPROPANOL
168.0;348.0;728.0;1560.0;303.0;526.0;158.0;336.0;716.0;1479.0;286.0;512.0;1.0;-5.0;-1.0;11.0;ISOPROPANOL
164.0;339.0;711.0;1536.0;298.0;521.0;156.0;333.0;711.0;1468.0;285.0;509.0;7.0;-5.0;-1.0;10.0;ISOPROPANOL
164.0;342.0;711.0;1539.0;300.0;520.0;155.0;330.0;711.0;1483.0;288.0;510.0;7.0;-4.0;2.0;10.0;ISOPROPANOL
165.0;341.0;713.0;1539.0;300.0;519.0;157.0;334.0;708.0;1463.0;285.0;506.0;12.0;1.0;2.0;2.0;ISOPROPANOL
163.0;340.0;710.0;1529.0;297.0;517.0;154.0;327.0;701.0;1451.0;283.0;503.0;8.0;1.0;6.0;1.0;ISOPROPANOL
161.0;338.0;707.0;1520.0;296.0;516.0;154.0;327.0;700.0;1456.0;285.0;514.0;10.0;-5.0;6.0;1.0;ISOPROPANOL
166.0;347.0;722.0;1568.0;305.0;536.0;157.0;341.0;733.0;1525.0;297.0;530.0;8.0;-5.0;6.0;1.0;ISOPROPANOL
174.0;358.0;749.0;1599.0;309.0;536.0;159.0;341.0;735.0;1519.0;293.0;526.0;9.0;-5.0;5.0;1.0;ISOPROPANOL
169.0;350.0;730.0;1586.0;306.0;533.0;161.0;342.0;727.0;1510.0;294.0;525.0;14.0;-5.0;6.0;3.0;ISOPROPANOL
171.0;356.0;742.0;1603.0;313.0;545.0;163.0;349.0;747.0;1557.0;301.0;539.0;9.0;-4.0;5.0;7.0;ISOPROPANOL
177.0;366.0;762.0;1643.0;318.0;550.0;169.0;357.0;765.0;1581.0;307.0;547.0;21.0;-2.0;5.0;7.0;ISOPROPANOL
182.0;379.0;788.0;1683.0;326.0;561.0;174.0;368.0;778.0;1602.0;310.0;553.0;12.0;-4.0;4.0;9.0;ISOPROPANOL
182.0;379.0;792.0;1706.0;329.0;566.0;176.0;371.0;787.0;1617.0;313.0;551.0;18.0;-4.0;4.0;11.0;ISOPROPANOL
183.0;378.0;785.0;1678.0;324.0;561.0;173.0;363.0;770.0;1587.0;307.0;547.0;5.0;-2.0;7.0;5.0;ISOPROPANOL
181.0;376.0;781.0;1673.0;326.0;562.0;172.0;366.0;781.0;1610.0;312.0;557.0;12.0;-4.0;4.0;5.0;ISOPROPANOL
184.0;381.0;790.0;1712.0;331.0;575.0;181.0;383.0;800.0;1657.0;318.0;561.0;9.0;-4.0;7.0;5.0;ISOPROPANOL
185.0;386.0;799.0;1719.0;334.0;575.0;180.0;379.0;807.0;1666.0;322.0;569.0;9.0;-6.0;10.0;12.0;ISOPROPANOL
188.0;385.0;802.0;1719.0;334.0;580.0;183.0;385.0;815.0;1666.0;323.0;573.0;9.0;-4.0;11.0;10.0;ISOPROPANOL
192.0;396.0;818.0;1751.0;337.0;581.0;177.0;375.0;806.0;1665.0;322.0;567.0;13.0;-4.0;6.0;12.0;ISOPROPANOL
189.0;389.0;808.0;1729.0;333.0;571.0;176.0;374.0;797.0;1635.0;316.0;562.0;12.0;-3.0;7.0;10.0;ISOPROPANOL
191.0;396.0;820.0;1765.0;340.0;587.0;186.0;395.0;839.0;1712.0;330.0;585.0;12.0;1.0;3.0;6.0;ISOPROPANOL
198.0;409.0;846.0;1811.0;348.0;599.0;188.0;396.0;833.0;1713.0;331.0;583.0;12.0;2.0;0.0;4.0;ISOPROPANOL
196.0;401.0;836.0;1792.0;344.0;591.0;181.0;385.0;819.0;1691.0;326.0;580.0;8.0;2.0;-2.0;6.0;ISOPROPANOL
192.0;397.0;823.0;1761.0;339.0;583.0;179.0;383.0;811.0;1659.0;320.0;570.0;8.0;3.0;0.0;4.0;ISOPROPANOL
188.0;386.0;802.0;1730.0;333.0;574.0;176.0;374.0;792.0;1635.0;318.0;569.0;11.0;2.0;-2.0;9.0;ISOPROPANOL
188.0;388.0;806.0;1726.0;332.0;573.0;177.0;378.0;801.0;1640.0;317.0;566.0;8.0;1.0;0.0;7.0;ISOPROPANOL
187.0;387.0;804.0;1724.0;333.0;573.0;174.0;372.0;789.0;1635.0;315.0;561.0;6.0;-2.0;0.0;5.0;ISOPROPANOL
184.0;380.0;787.0;1699.0;329.0;570.0;173.0;365.0;785.0;1607.0;314.0;558.0;6.0;-3.0;3.0;10.0;ISOPROPANOL
188.0;386.0;798.0;1705.0;327.0;566.0;173.0;365.0;786.0;1615.0;310.0;555.0;-4.0;-3.0;2.0;5.0;ISOPROPANOL
183.0;377.0;778.0;1677.0;324.0;564.0;175.0;371.0;791.0;1629.0;315.0;563.0;1.0;-3.0;7.0;6.0;ISOPROPANOL
187.0;389.0;812.0;1750.0;341.0;587.0;181.0;384.0;823.0;1708.0;329.0;583.0;1.0;-3.0;5.0;6.0;ISOPROPANOL
198.0;406.0;843.0;1808.0;351.0;604.0;195.0;411.0;873.0;1773.0;342.0;608.0;6.0;-4.0;5.0;7.0;ISOPROPANOL
208.0;426.0;880.0;1880.0;363.0;622.0;199.0;418.0;879.0;1803.0;344.0;609.0;6.0;-4.0;4.0;6.0;ISOPROPANOL
209.0;428.0;883.0;1879.0;357.0;615.0;194.0;408.0;859.0;1763.0;339.0;602.0;6.0;-4.0;4.0;7.0;ISOPROPANOL
205.0;420.0;873.0;1864.0;357.0;615.0;198.0;417.0;881.0;1788.0;343.0;600.0;9.0;-2.0;4.0;8.0;ISOPROPANOL
209.0;429.0;882.0;1870.0;357.0;613.0;193.0;409.0;865.0;1778.0;341.0;604.0;8.0;-6.0;0.0;8.0;ISOPROPANOL
204.0;419.0;865.0;1854.0;355.0;610.0;193.0;404.0;855.0;1747.0;337.0;596.0;7.0;-1.0;3.0;13.0;ISOPROPANOL
199.0;409.0;850.0;1817.0;349.0;598.0;183.0;390.0;828.0;1703.0;328.0;585.0;7.0;-1.0;3.0;11.0;ISOPROPANOL
197.0;405.0;840.0;1802.0;346.0;598.0;190.0;402.0;852.0;1741.0;335.0;596.0;4.0;-1.0;3.0;4.0;ISOPROPANOL
204.0;421.0;871.0;1864.0;358.0;617.0;202.0;421.0;885.0;1808.0;347.0;612.0;2.0;-1.0;-4.0;4.0;ISOPROPANOL
206.0;425.0;881.0;1880.0;362.0;622.0;195.0;414.0;873.0;1791.0;345.0;612.0;2.0;-1.0;7.0;5.0;ISOPROPANOL
207.0;425.0;872.0;1864.0;357.0;614.0;195.0;413.0;876.0;1780.0;342.0;607.0;2.0;-2.0;4.0;5.0;ISOPROPANOL
206.0;422.0;868.0;1849.0;355.0;611.0;193.0;404.0;850.0;1753.0;338.0;598.0;2.0;-3.0;-4.0;7.0;ISOPROPANOL
203.0;416.0;855.0;1832.0;352.0;604.0;195.0;407.0;858.0;1751.0;335.0;596.0;2.0;-3.0;-1.0;7.0;ISOPROPANOL
206.0;423.0;874.0;1854.0;358.0;611.0;192.0;406.0;858.0;1764.0;338.0;601.0;5.0;-3.0;4.0;10.0;ISOPROPANOL
203.0;419.0;868.0;1864.0;358.0;619.0;198.0;418.0;886.0;1823.0;352.0;624.0;5.0;-3.0;-1.0;4.0;ISOPROPANOL
220.0;459.0;946.0;2013.0;386.0;654.0;217.0;453.0;952.0;1931.0;368.0;643.0;5.0;-5.0;-1.0;3.0;ISOPROPANOL
226.0;459.0;938.0;1992.0;381.0;656.0;211.0;441.0;928.0;1909.0;366.0;645.0;5.0;-5.0;-1.0;3.0;ISOPROPANOL
222.0;456.0;939.0;1999.0;384.0;661.0;216.0;456.0;968.0;1958.0;373.0;654.0;5.0;-5.0;-1.0;3.0;ISOPROPANOL
229.0;471.0;966.0;2054.0;392.0;669.0;219.0;458.0;968.0;1956.0;374.0;659.0;7.0;-5.0;-1.0;2.0;ISOPROPANOL
233.0;476.0;979.0;2054.0;391.0;669.0;215.0;445.0;948.0;1933.0;368.0;648.0;7.0;-5.0;1.0;3.0;ISOPROPANOL
227.0;462.0;944.0;1996.0;381.0;646.0;207.0;432.0;917.0;1873.0;359.0;629.0;4.0;-4.0;1.0;4.0;ISOPROPANOL
214.0;439.0;904.0;1921.0;368.0;631.0;201.0;422.0;886.0;1813.0;349.0;613.0;7.0;-4.0;2.0;2.0;ISOPROPANOL
212.0;430.0;886.0;1889.0;362.0;615.0;202.0;420.0;874.0;1773.0;340.0;604.0;4.0;-3.0;2.0;4.0;ISOPROPANOL
209.0;427.0;876.0;1866.0;359.0;610.0;199.0;419.0;874.0;1780.0;341.0;601.0;9.0;-2.0;11.0;4.0;ISOPROPANOL
206.0;424.0;880.0;1891.0;362.0;628.0;207.0;433.0;902.0;1846.0;354.0;629.0;8.0;-3.0;7.0;4.0;ISOPROPANOL
220.0;449.0;918.0;1951.0;374.0;637.0;208.0;435.0;913.0;1852.0;354.0;623.0;12.0;-3.0;6.0;5.0;ISOPROPANOL
215.0;442.0;915.0;1947.0;374.0;640.0;210.0;438.0;922.0;1871.0;360.0;627.0;8.0;-2.0;7.0;6.0;ISOPROPANOL
216.0;443.0;908.0;1929.0;370.0;634.0;206.0;433.0;909.0;1836.0;351.0;617.0;8.0;-2.0;7.0;6.0;ISOPROPANOL
212.0;433.0;893.0;1890.0;364.0;627.0;202.0;422.0;880.0;1807.0;348.0;611.0;6.0;-3.0;10.0;7.0;ISOPROPANOL
213.0;436.0;896.0;1901.0;362.0;620.0;201.0;419.0;884.0;1804.0;345.0;611.0;6.0;-2.0;7.0;5.0;ISOPROPANOL
208.0;426.0;878.0;1885.0;361.0;618.0;197.0;413.0;875.0;1782.0;341.0;604.0;4.0;-2.0;8.0;3.0;ISOPROPANOL
208.0;427.0;876.0;1868.0;359.0;618.0;200.0;416.0;878.0;1785.0;343.0;606.0;12.0;-2.0;10.0;3.0;ISOPROPANOL
213.0;436.0;898.0;1914.0;368.0;631.0;210.0;440.0;914.0;1869.0;358.0;631.0;3.0;-1.0;3.0;3.0;ISOPROPANOL
219.0;448.0;925.0;1981.0;380.0;648.0;209.0;439.0;925.0;1888.0;362.0;637.0;9.0;-1.0;-4.0;3.0;ISOPROPANOL
226.0;460.0;944.0;2001.0;381.0;654.0;215.0;447.0;937.0;1910.0;364.0;638.0;9.0;-6.0;-4.0;6.0;ISOPROPANOL
229.0;464.0;947.0;1997.0;380.0;648.0;215.0;448.0;938.0;1899.0;361.0;636.0;13.0;-4.0;1.0;4.0;ISOPROPANOL
222.0;453.0;926.0;1977.0;378.0;648.0;215.0;447.0;936.0;1898.0;363.0;638.0;10.0;-4.0;1.0;3.0;ISOPROPANOL
225.0;459.0;939.0;1998.0;380.0;648.0;219.0;453.0;944.0;1910.0;362.0;634.0;10.0;-4.0;2.0;3.0;ISOPROPANOL
221.0;450.0;929.0;1982.0;379.0;648.0;213.0;447.0;933.0;1895.0;361.0;633.0;10.0;-4.0;1.0;3.0;ISOPROPANOL
225.0;455.0;933.0;1978.0;377.0;644.0;215.0;448.0;940.0;1897.0;361.0;636.0;9.0;-3.0;2.0;3.0;ISOPROPANOL
227.0;458.0;938.0;1993.0;380.0;648.0;211.0;441.0;920.0;1888.0;362.0;637.0;11.0;-3.0;1.0;5.0;ISOPROPANOL
226.0;461.0;941.0;1987.0;380.0;652.0;216.0;451.0;941.0;1898.0;363.0;637.0;9.0;-3.0;2.0;5.0;ISOPROPANOL
224.0;458.0;934.0;1980.0;376.0;644.0;208.0;437.0;913.0;1862.0;357.0;633.0;9.0;-3.0;2.0;5.0;ISOPROPANOL
219.0;447.0;919.0;1955.0;371.0;636.0;208.0;433.0;911.0;1865.0;353.0;628.0;12.0;-3.0;2.0;5.0;ISOPROPANOL
223.0;452.0;927.0;1966.0;377.0;643.0;211.0;438.0;927.0;1871.0;358.0;633.0;1.0;-3.0;1.0;5.0;ISOPROPANOL
222.0;454.0;932.0;1978.0;376.0;644.0;215.0;445.0;934.0;1886.0;359.0;630.0;1.0;-2.0;1.0;5.0;ISOPROPANOL
222.0;454.0;926.0;1959.0;373.0;639.0;210.0;439.0;928.0;1869.0;357.0;631.0;1.0;-4.0;-2.0;2.0;ISOPROPANOL
221.0;450.0;925.0;1964.0;377.0;645.0;215.0;451.0;941.0;1918.0;363.0;640.0;1.0;-4.0;-2.0;1.0;ISOPROPANOL
227.0;464.0;952.0;2006.0;383.0;653.0;212.0;447.0;938.0;1912.0;365.0;646.0;1.0;-4.0;-3.0;2.0;ISOPROPANOL
230.0;470.0;962.0;2040.0;391.0;668.0;219.0;456.0;966.0;1962.0;374.0;660.0;1.0;-5.0;-3.0;1.0;ISOPROPANOL
235.0;481.0;988.0;2089.0;396.0;677.0;225.0;468.0;981.0;1994.0;381.0;671.0;3.0;-5.0;-2.0;1.0;ISOPROPANOL
240.0;493.0;1009.0;2147.0;410.0;700.0;241.0;498.0;1038.0;2091.0;396.0;690.0;5.0;-2.0;4.0;1.0;ISOPROPANOL
249.0;505.0;1033.0;2181.0;414.0;700.0;234.0;490.0;1014.0;2056.0;390.0;683.0;11.0;1.0;4.0;3.0;ISOPROPANOL
245.0;496.0;1013.0;2134.0;405.0;691.0;228.0;475.0;993.0;2023.0;386.0;677.0;6.0;1.0;4.0;6.0;ISOPROPANOL
242.0;491.0;1008.0;2127.0;407.0;695.0;233.0;482.0;1005.0;2042.0;390.0;683.0;10.0;1.0;9.0;6.0;ISOPROPANOL
245.0;496.0;1012.0;2126.0;405.0;687.0;228.0;471.0;988.0;1995.0;381.0;670.0;6.0;-3.0;2.0;2.0;ISOPROPANOL
240.0;486.0;992.0;2114.0;400.0;679.0;228.0;470.0;991.0;1997.0;379.0;667.0;1.0;-3.0;12.0;2.0;ISOPROPANOL
240.0;483.0;989.0;2092.0;399.0;682.0;229.0;475.0;993.0;2018.0;382.0;669.0;1.0;-3.0;5.0;2.0;ISOPROPANOL
243.0;490.0;996.0;2098.0;398.0;677.0;227.0;469.0;979.0;1997.0;379.0;669.0;13.0;-5.0;6.0;1.0;ISOPROPANOL
240.0;485.0;985.0;2080.0;395.0;669.0;220.0;457.0;961.0;1940.0;370.0;649.0;14.0;-5.0;5.0;2.0;ISOPROPANOL
232.0;472.0;968.0;2038.0;388.0;661.0;223.0;457.0;952.0;1925.0;366.0;642.0;16.0;-3.0;12.0;6.0;ISOPROPANOL
229.0;466.0;956.0;2029.0;388.0;667.0;228.0;472.0;984.0;1987.0;378.0;661.0;20.0;-5.0;13.0;6.0;ISOPROPANOL
239.0;486.0;999.0;2113.0;403.0;688.0;234.0;484.0;1007.0;2053.0;388.0;679.0;13.0;-5.0;7.0;3.0;ISOPROPANOL
249.0;498.0;1013.0;2132.0;401.0;684.0;230.0;478.0;1000.0;2022.0;385.0;672.0;11.0;-10.0;6.0;6.0;ISOPROPANOL
241.0;488.0;993.0;2103.0;401.0;684.0;231.0;478.0;994.0;2011.0;381.0;670.0;13.0;-5.0;7.0;6.0;ISOPROPANOL
241.0;491.0;997.0;2092.0;399.0;678.0;227.0;471.0;984.0;1991.0;377.0;662.0;7.0;-5.0;6.0;3.0;ISOPROPANOL
241.0;487.0;991.0;2086.0;396.0;675.0;227.0;472.0;985.0;1991.0;377.0;662.0;7.0;-5.0;7.0;6.0;ISOPROPANOL
239.0;484.0;983.0;2081.0;396.0;673.0;223.0;467.0;979.0;1989.0;380.0;669.0;5.0;-5.0;6.0;6.0;ISOPROPANOL
244.0;497.0;1012.0;2140.0;408.0;698.0;239.0;494.0;1029.0;2097.0;398.0;695.0;9.0;-5.0;2.0;2.0;ISOPROPANOL
254.0;513.0;1047.0;2196.0;417.0;706.0;247.0;506.0;1047.0;2112.0;398.0;698.0;9.0;-5.0;2.0;2.0;ISOPROPANOL
256.0;514.0;1049.0;2197.0;416.0;709.0;245.0;504.0;1044.0;2103.0;400.0;694.0;12.0;-6.0;5.0;2.0;ISOPROPANOL
252.0;510.0;1036.0;2186.0;413.0;701.0;239.0;495.0;1025.0;2077.0;394.0;686.0;14.0;-4.0;0.0;2.0;ISOPROPANOL
251.0;506.0;1031.0;2182.0;413.0;699.0;244.0;499.0;1025.0;2059.0;389.0;685.0;8.0;-4.0;0.0;2.0;ISOPROPANOL
248.0;501.0;1012.0;2135.0;403.0;686.0;232.0;479.0;1000.0;2018.0;386.0;674.0;4.0;-4.0;-1.0;2.0;ISOPROPANOL
245.0;496.0;1006.0;2131.0;405.0;688.0;232.0;481.0;1006.0;2027.0;386.0;674.0;1.0;0.0;-1.0;2.0;ISOPROPANOL
247.0;503.0;1017.0;2130.0;404.0;682.0;229.0;474.0;991.0;2006.0;380.0;664.0;1.0;2.0;-1.0;3.0;ISOPROPANOL
242.0;492.0;996.0;2110.0;401.0;684.0;234.0;481.0;990.0;2008.0;382.0;670.0;8.0;0.0;3.0;5.0;ISOPROPANOL
245.0;496.0;1011.0;2123.0;402.0;685.0;229.0;475.0;991.0;2012.0;385.0;670.0;8.0;0.0;6.0;5.0;ISOPROPANOL
243.0;492.0;1000.0;2113.0;403.0;684.0;234.0;486.0;1005.0;2031.0;383.0;678.0;4.0;0.0;3.0;9.0;ISOPROPANOL
245.0;496.0;1008.0;2119.0;402.0;683.0;234.0;481.0;998.0;2025.0;384.0;674.0;4.0;1.0;6.0;7.0;ISOPROPANOL
249.0;502.0;1018.0;2145.0;404.0;685.0;231.0;478.0;997.0;2012.0;381.0;670.0;6.0;-4.0;2.0;7.0;ISOPROPANOL
247.0;500.0;1016.0;2142.0;406.0;694.0;240.0;493.0;1023.0;2054.0;391.0;686.0;6.0;1.0;2.0;7.0;ISOPROPANOL
251.0;505.0;1034.0;2181.0;415.0;702.0;243.0;502.0;1045.0;2090.0;395.0;691.0;6.0;-4.0;2.0;7.0;ISOPROPANOL
255.0;515.0;1042.0;2187.0;413.0;702.0;238.0;496.0;1029.0;2070.0;393.0;689.0;7.0;4.0;3.0;7.0;ISOPROPANOL
252.0;510.0;1036.0;2182.0;414.0;701.0;237.0;492.0;1029.0;2069.0;394.0;685.0;6.0;-9.0;3.0;8.0;ISOPROPANOL
251.0;506.0;1034.0;2172.0;413.0;696.0;241.0;497.0;1037.0;2088.0;394.0;685.0;7.0;-8.0;4.0;7.0;ISOPROPANOL
252.0;508.0;1029.0;2164.0;411.0;695.0;239.0;494.0;1021.0;2068.0;391.0;683.0;7.0;-8.0;5.0;0.0;ISOPROPANOL
251.0;506.0;1026.0;2165.0;411.0;696.0;237.0;493.0;1026.0;2066.0;392.0;689.0;7.0;-6.0;4.0;0.0;ISOPROPANOL
257.0;518.0;1053.0;2213.0;418.0;712.0;248.0;510.0;1052.0;2114.0;402.0;703.0;6.0;-6.0;15.0;0.0;ISOPROPANOL
259.0;521.0;1056.0;2231.0;423.0;714.0;250.0;514.0;1061.0;2133.0;403.0;708.0;4.0;-6.0;8.0;7.0;ISOPROPANOL
265.0;533.0;1084.0;2279.0;428.0;726.0;251.0;521.0;1076.0;2173.0;410.0;714.0;6.0;-6.0;10.0;7.0;ISOPROPANOL
266.0;539.0;1091.0;2281.0;434.0;731.0;254.0;527.0;1087.0;2190.0;413.0;722.0;4.0;-3.0;10.0;7.0;ISOPROPANOL
270.0;543.0;1092.0;2292.0;431.0;728.0;255.0;523.0;1083.0;2172.0;408.0;713.0;4.0;-3.0;10.0;7.0;ISOPROPANOL
268.0;537.0;1082.0;2260.0;425.0;720.0;255.0;522.0;1076.0;2149.0;407.0;706.0;4.0;-3.0;3.0;7.0;ISOPROPANOL
262.0;529.0;1074.0;2243.0;423.0;716.0;241.0;501.0;1052.0;2116.0;402.0;701.0;1.0;0.0;-4.0;7.0;ISOPROPANOL
259.0;520.0;1055.0;2214.0;418.0;708.0;240.0;499.0;1040.0;2102.0;398.0;695.0;1.0;-2.0;3.0;9.0;ISOPROPANOL
257.0;517.0;1044.0;2209.0;415.0;709.0;245.0;510.0;1062.0;2119.0;401.0;693.0;1.0;-3.0;3.0;7.0;ISOPROPANOL
257.0;517.0;1048.0;2202.0;415.0;706.0;244.0;504.0;1036.0;2112.0;400.0;693.0;3.0;-5.0;-1.0;7.0;ISOPROPANOL
255.0;519.0;1044.0;2197.0;415.0;704.0;237.0;491.0;1031.0;2080.0;394.0;687.0;3.0;-5.0;1.0;4.0;ISOPROPANOL
256.0;515.0;1041.0;2186.0;413.0;703.0;239.0;501.0;1038.0;2101.0;397.0;694.0;9.0;-7.0;2.0;3.0;ISOPROPANOL
260.0;522.0;1056.0;2207.0;418.0;708.0;243.0;502.0;1046.0;2097.0;397.0;693.0;7.0;-7.0;1.0;4.0;ISOPROPANOL
259.0;519.0;1048.0;2206.0;416.0;704.0;242.0;497.0;1035.0;2083.0;395.0;687.0;12.0;-5.0;0.0;10.0;ISOPROPANOL
255.0;514.0;1042.0;2186.0;413.0;699.0;244.0;501.0;1035.0;2070.0;394.0;689.0;5.0;-8.0;0.0;7.0;ISOPROPANOL
252.0;512.0;1040.0;2196.0;419.0;718.0;251.0;515.0;1074.0;2169.0;410.0;718.0;6.0;-4.0;0.0;10.0;ISOPROPANOL
268.0;539.0;1088.0;2280.0;430.0;723.0;253.0;519.0;1077.0;2158.0;408.0;712.0;6.0;-4.0;0.0;9.0;ISOPROPANOL
261.0;528.0;1073.0;2254.0;427.0;724.0;258.0;528.0;1089.0;2188.0;415.0;722.0;13.0;-1.0;0.0;7.0;ISOPROPANOL
273.0;546.0;1107.0;2321.0;439.0;745.0;263.0;541.0;1114.0;2255.0;424.0;739.0;7.0;-4.0;5.0;8.0;ISOPROPANOL
278.0;557.0;1136.0;2376.0;450.0;757.0;272.0;558.0;1135.0;2274.0;429.0;743.0;7.0;-1.0;5.0;7.0;ISOPROPANOL
283.0;567.0;1145.0;2394.0;452.0;756.0;273.0;557.0;1146.0;2279.0;428.0;739.0;9.0;-4.0;5.0;10.0;ISOPROPANOL
280.0;561.0;1138.0;2394.0;453.0;767.0;277.0;567.0;1170.0;2346.0;442.0;764.0;7.0;-3.0;8.0;7.0;ISOPROPANOL
295.0;590.0;1184.0;2455.0;460.0;769.0;272.0;563.0;1158.0;2324.0;436.0;751.0;9.0;-6.0;5.0;7.0;ISOPROPANOL
284.0;569.0;1146.0;2404.0;452.0;762.0;274.0;559.0;1153.0;2302.0;430.0;749.0;7.0;-3.0;4.0;7.0;ISOPROPANOL
288.0;572.0;1146.0;2393.0;450.0;757.0;271.0;549.0;1129.0;2281.0;426.0;747.0;11.0;-3.0;4.0;5.0;ISOPROPANOL
283.0;565.0;1138.0;2361.0;446.0;747.0;267.0;542.0;1112.0;2213.0;416.0;729.0;11.0;0.0;4.0;2.0;ISOPROPANOL
275.0;550.0;1104.0;2299.0;434.0;737.0;262.0;532.0;1107.0;2207.0;415.0;726.0;11.0;0.0;0.0;-1.0;ISOPROPANOL
274.0;551.0;1108.0;2306.0;435.0;735.0;258.0;530.0;1103.0;2206.0;419.0;726.0;9.0;0.0;0.0;-1.0;ISOPROPANOL
276.0;551.0;1111.0;2330.0;441.0;741.0;260.0;539.0;1110.0;2233.0;424.0;736.0;9.0;0.0;0.0;-1.0;ISOPROPANOL
280.0;561.0;1139.0;2385.0;450.0;761.0;277.0;565.0;1159.0;2312.0;436.0;750.0;8.0;-2.0;0.0;8.0;ISOPROPANOL
291.0;578.0;1163.0;2428.0;458.0;765.0;276.0;558.0;1155.0;2314.0;434.0;755.0;7.0;-2.0;3.0;7.0;ISOPROPANOL
292.0;579.0;1166.0;2419.0;453.0;754.0;269.0;551.0;1135.0;2269.0;427.0;740.0;8.0;-2.0;7.0;14.0;ISOPROPANOL
279.0;559.0;1129.0;2360.0;443.0;747.0;265.0;545.0;1120.0;2245.0;423.0;737.0;7.0;-3.0;4.0;6.0;ISOPROPANOL
281.0;565.0;1130.0;2369.0;446.0;753.0;266.0;548.0;1129.0;2262.0;428.0;746.0;8.0;-3.0;4.0;5.0;ISOPROPANOL
284.0;568.0;1149.0;2405.0;454.0;765.0;275.0;563.0;1163.0;2319.0;435.0;757.0;6.0;-3.0;4.0;6.0;ISOPROPANOL
286.0;571.0;1158.0;2407.0;454.0;765.0;269.0;557.0;1139.0;2287.0;431.0;751.0;8.0;-3.0;2.0;6.0;ISOPROPANOL
289.0;576.0;1162.0;2420.0;454.0;764.0;276.0;559.0;1151.0;2301.0;430.0;751.0;12.0;-4.0;2.0;11.0;ISOPROPANOL
289.0;575.0;1154.0;2416.0;452.0;763.0;271.0;551.0;1136.0;2279.0;430.0;748.0;13.0;-4.0;9.0;11.0;ISOPROPANOL
285.0;571.0;1152.0;2407.0;454.0;767.0;283.0;573.0;1168.0;2317.0;432.0;749.0;10.0;-4.0;9.0;6.0;ISOPROPANOL
288.0;575.0;1154.0;2413.0;453.0;763.0;275.0;559.0;1152.0;2300.0;432.0;749.0;15.0;-4.0;9.0;7.0;ISOPROPANOL
284.0;569.0;1143.0;2393.0;450.0;761.0;273.0;552.0;1145.0;2280.0;429.0;742.0;18.0;-2.0;5.0;6.0;ISOPROPANOL
286.0;569.0;1145.0;2379.0;447.0;752.0;268.0;550.0;1136.0;2259.0;426.0;738.0;14.0;0.0;7.0;8.0;ISOPROPANOL
285.0;568.0;1139.0;2362.0;444.0;748.0;271.0;554.0;1135.0;2268.0;423.0;735.0;3.0;0.0;1.0;6.0;ISOPROPANOL
281.0;559.0;1130.0;2360.0;442.0;746.0;265.0;543.0;1117.0;2245.0;423.0;735.0;1.0;-2.0;-2.0;8.0;ISOPROPANOL
285.0;567.0;1134.0;2357.0;442.0;747.0;271.0;553.0;1134.0;2253.0;421.0;735.0;1.0;-3.0;-4.0;6.0;ISOPROPANOL
279.0;560.0;1134.0;2375.0;447.0;754.0;271.0;547.0;1132.0;2268.0;427.0;742.0;1.0;-3.0;-4.0;9.0;ISOPROPANOL
287.0;574.0;1153.0;2388.0;450.0;754.0;268.0;549.0;1133.0;2276.0;426.0;741.0;1.0;-3.0;-2.0;15.0;ISOPROPANOL
286.0;572.0;1149.0;2401.0;451.0;764.0;274.0;560.0;1159.0;2308.0;432.0;749.0;1.0;-2.0;1.0;11.0;ISOPROPANOL
290.0;577.0;1160.0;2419.0;456.0;772.0;281.0;571.0;1176.0;2332.0;439.0;765.0;1.0;-2.0;1.0;11.0;ISOPROPANOL
297.0;590.0;1187.0;2475.0;461.0;771.0;284.0;575.0;1176.0;2333.0;439.0;758.0;4.0;-1.0;3.0;13.0;ISOPROPANOL
295.0;584.0;1168.0;2437.0;454.0;767.0;275.0;562.0;1155.0;2300.0;433.0;749.0;4.0;-2.0;3.0;9.0;ISOPROPANOL
285.0;568.0;1142.0;2390.0;449.0;754.0;274.0;555.0;1136.0;2276.0;428.0;746.0;6.0;-3.0;3.0;9.0;ISOPROPANOL
286.0;571.0;1150.0;2396.0;450.0;757.0;272.0;559.0;1141.0;2283.0;430.0;743.0;6.0;-3.0;4.0;5.0;ISOPROPANOL
287.0;574.0;1148.0;2396.0;450.0;757.0;273.0;558.0;1145.0;2288.0;430.0;748.0;8.0;1.0;3.0;10.0;ISOPROPANOL
290.0;578.0;1163.0;2426.0;457.0;771.0;279.0;569.0;1171.0;2330.0;438.0;760.0;6.0;6.0;4.0;5.0;ISOPROPANOL
300.0;599.0;1198.0;2476.0;465.0;778.0;281.0;572.0;1179.0;2344.0;441.0;766.0;4.0;7.0;8.0;3.0;ISOPROPANOL
301.0;599.0;1189.0;2477.0;465.0;777.0;280.0;576.0;1183.0;2352.0;442.0;766.0;-1.0;0.0;5.0;3.0;ISOPROPANOL
299.0;597.0;1192.0;2479.0;462.0;785.0;283.0;582.0;1192.0;2390.0;447.0;778.0;-1.0;-3.0;8.0;3.0;ISOPROPANOL
304.0;606.0;1212.0;2532.0;472.0;783.0;292.0;592.0;1205.0;2405.0;448.0;777.0;-1.0;-3.0;5.0;9.0;ISOPROPANOL
303.0;604.0;1209.0;2501.0;470.0;788.0;288.0;586.0;1210.0;2423.0;454.0;786.0;-1.0;-3.0;5.0;5.0;ISOPROPANOL
307.0;614.0;1231.0;2563.0;478.0;797.0;298.0;601.0;1228.0;2441.0;454.0;779.0;14.0;-3.0;5.0;11.0;ISOPROPANOL
304.0;606.0;1218.0;2515.0;473.0;793.0;294.0;595.0;1223.0;2438.0;457.0;793.0;15.0;-3.0;11.0;4.0;ISOPROPANOL
315.0;630.0;1272.0;2662.0;501.0;839.0;319.0;641.0;1315.0;2613.0;489.0;843.0;13.0;-2.0;11.0;6.0;ISOPROPANOL
338.0;670.0;1332.0;2733.0;508.0;847.0;315.0;639.0;1296.0;2566.0;479.0;831.0;13.0;-3.0;4.0;7.0;ISOPROPANOL
331.0;653.0;1300.0;2681.0;498.0;829.0;312.0;628.0;1275.0;2527.0;469.0;809.0;6.0;-5.0;3.0;5.0;ISOPROPANOL
318.0;629.0;1254.0;2604.0;486.0;811.0;298.0;605.0;1236.0;2456.0;461.0;796.0;6.0;-5.0;3.0;5.0;ISOPROPANOL
313.0;618.0;1240.0;2572.0;479.0;803.0;299.0;604.0;1232.0;2425.0;454.0;785.0;4.0;0.0;3.0;5.0;ISOPROPANOL
307.0;613.0;1229.0;2544.0;473.0;796.0;292.0;596.0;1215.0;2423.0;450.0;781.0;4.0;1.0;6.0;5.0;ISOPROPANOL
303.0;601.0;1203.0;2499.0;470.0;789.0;289.0;586.0;1202.0;2394.0;449.0;776.0;8.0;1.0;5.0;2.0;ISOPROPANOL
304.0;603.0;1206.0;2499.0;469.0;787.0;286.0;582.0;1197.0;2373.0;444.0;774.0;5.0;1.0;2.0;13.0;ISOPROPANOL
304.0;599.0;1201.0;2505.0;470.0;786.0;291.0;589.0;1208.0;2392.0;449.0;783.0;-2.0;-1.0;-1.0;2.0;ISOPROPANOL
307.0;612.0;1218.0;2543.0;476.0;797.0;295.0;602.0;1225.0;2418.0;454.0;786.0;-2.0;-2.0;-1.0;7.0;ISOPROPANOL
313.0;619.0;1230.0;2542.0;477.0;799.0;292.0;595.0;1223.0;2438.0;455.0;788.0;-2.0;-3.0;-3.0;7.0;ISOPROPANOL
311.0;617.0;1233.0;2569.0;482.0;810.0;302.0;606.0;1243.0;2456.0;461.0;796.0;-2.0;-2.0;-3.0;7.0;ISOPROPANOL
312.0;620.0;1239.0;2558.0;477.0;806.0;297.0;605.0;1233.0;2448.0;455.0;790.0;-1.0;-3.0;-9.0;2.0;ISOPROPANOL
312.0;620.0;1241.0;2559.0;479.0;794.0;295.0;596.0;1217.0;2415.0;451.0;783.0;2.0;-4.0;-2.0;7.0;ISOPROPANOL
307.0;610.0;1222.0;2546.0;476.0;802.0;292.0;595.0;1223.0;2444.0;458.0;792.0;2.0;-5.0;-2.0;2.0;ISOPROPANOL
315.0;623.0;1242.0;2564.0;479.0;805.0;296.0;597.0;1217.0;2429.0;455.0;790.0;7.0;-5.0;0.0;2.0;ISOPROPANOL
313.0;619.0;1232.0;2564.0;478.0;800.0;300.0;608.0;1232.0;2442.0;455.0;786.0;13.0;-5.0;1.0;3.0;ISOPROPANOL
307.0;611.0;1222.0;2540.0;475.0;799.0;295.0;597.0;1219.0;2434.0;455.0;784.0;14.0;-7.0;1.0;3.0;ISOPROPANOL
313.0;618.0;1228.0;2529.0;473.0;796.0;290.0;585.0;1206.0;2395.0;450.0;780.0;8.0;-6.0;1.0;3.0;ISOPROPANOL
306.0;607.0;1217.0;2522.0;473.0;789.0;292.0;590.0;1209.0;2408.0;450.0;781.0;8.0;-4.0;1.0;3.0;ISOPROPANOL
307.0;612.0;1222.0;2524.0;472.0;792.0;297.0;598.0;1215.0;2410.0;452.0;782.0;6.0;-4.0;7.0;4.0;ISOPROPANOL
308.0;616.0;1226.0;2553.0;475.0;800.0;300.0;607.0;1239.0;2453.0;458.0;792.0;6.0;-4.0;4.0;3.0;ISOPROPANOL
313.0;622.0;1240.0;2567.0;480.0;798.0;295.0;591.0;1213.0;2417.0;453.0;782.0;6.0;-4.0;4.0;3.0;ISOPROPANOL
312.0;615.0;1230.0;2545.0;475.0;795.0;299.0;608.0;1232.0;2421.0;455.0;786.0;12.0;-3.0;3.0;4.0;ISOPROPANOL
312.0;618.0;1233.0;2548.0;478.0;799.0;299.0;601.0;1232.0;2446.0;458.0;790.0;8.0;-3.0;4.0;4.0;ISOPROPANOL
314.0;623.0;1241.0;2567.0;479.0;799.0;294.0;598.0;1219.0;2433.0;455.0;790.0;8.0;0.0;3.0;5.0;ISOPROPANOL
312.0;621.0;1232.0;2537.0;476.0;798.0;295.0;598.0;1224.0;2432.0;455.0;787.0;0.0;0.0;0.0;5.0;ISOPROPANOL
313.0;619.0;1244.0;2566.0;483.0;809.0;298.0;602.0;1243.0;2468.0;460.0;797.0;0.0;1.0;2.0;5.0;ISOPROPANOL
318.0;633.0;1261.0;2620.0;485.0;817.0;309.0;623.0;1273.0;2518.0;470.0;809.0;6.0;1.0;2.0;8.0;ISOPROPANOL
324.0;644.0;1286.0;2669.0;499.0;834.0;323.0;646.0;1312.0;2571.0;477.0;824.0;6.0;0.0;0.0;15.0;ISOPROPANOL
330.0;655.0;1307.0;2706.0;502.0;841.0;325.0;648.0;1317.0;2598.0;480.0;823.0;6.0;-5.0;3.0;14.0;ISOPROPANOL
329.0;649.0;1294.0;2683.0;500.0;835.0;309.0;628.0;1285.0;2547.0;475.0;821.0;9.0;-5.0;3.0;11.0;ISOPROPANOL
326.0;647.0;1286.0;2656.0;495.0;824.0;311.0;622.0;1267.0;2508.0;472.0;809.0;18.0;-5.0;3.0;11.0;ISOPROPANOL
320.0;633.0;1268.0;2629.0;492.0;820.0;309.0;621.0;1267.0;2491.0;466.0;799.0;9.0;-5.0;8.0;6.0;ISOPROPANOL
324.0;636.0;1262.0;2599.0;487.0;814.0;311.0;625.0;1269.0;2505.0;464.0;800.0;11.0;-2.0;9.0;6.0;ISOPROPANOL
316.0;625.0;1246.0;2591.0;483.0;814.0;304.0;613.0;1242.0;2479.0;461.0;798.0;13.0;-2.0;9.0;5.0;ISOPROPANOL
315.0;625.0;1247.0;2590.0;482.0;812.0;302.0;611.0;1252.0;2498.0;465.0;804.0;11.0;-2.0;16.0;9.0;ISOPROPANOL
322.0;633.0;1268.0;2624.0;489.0;816.0;312.0;623.0;1270.0;2502.0;470.0;803.0;12.0;-2.0;12.0;5.0;ISOPROPANOL
321.0;633.0;1269.0;2625.0;489.0;816.0;309.0;624.0;1267.0;2497.0;468.0;808.0;10.0;-2.0;12.0;6.0;ISOPROPANOL
329.0;648.0;1281.0;2651.0;494.0;829.0;310.0;627.0;1269.0;2521.0;471.0;814.0;11.0;-5.0;12.0;9.0;ISOPROPANOL
330.0;653.0;1302.0;2672.0;496.0;827.0;315.0;634.0;1282.0;2529.0;471.0;813.0;7.0;-4.0;5.0;4.0;ISOPROPANOL
330.0;647.0;1284.0;2664.0;494.0;824.0;315.0;631.0;1286.0;2536.0;471.0;809.0;14.0;-2.0;2.0;4.0;ISOPROPANOL
328.0;644.0;1281.0;2636.0;494.0;822.0;313.0;630.0;1282.0;2535.0;471.0;810.0;6.0;-4.0;2.0;3.0;ISOPROPANOL
329.0;646.0;1277.0;2636.0;491.0;822.0;307.0;622.0;1272.0;2520.0;471.0;809.0;3.0;-5.0;5.0;4.0;ISOPROPANOL
328.0;647.0;1288.0;2651.0;493.0;825.0;307.0;624.0;1283.0;2536.0;472.0;812.0;3.0;-4.0;6.0;4.0;ISOPROPANOL
326.0;643.0;1274.0;2631.0;492.0;821.0;311.0;626.0;1281.0;2523.0;467.0;808.0;3.0;-6.0;5.0;5.0;ISOPROPANOL
325.0;643.0;1282.0;2647.0;495.0;833.0;315.0;631.0;1285.0;2549.0;476.0;821.0;15.0;-6.0;5.0;9.0;ISOPROPANOL
335.0;658.0;1307.0;2697.0;500.0;836.0;318.0;635.0;1300.0;2575.0;480.0;824.0;15.0;-6.0;5.0;5.0;ISOPROPANOL
334.0;661.0;1317.0;2702.0;503.0;836.0;320.0;641.0;1304.0;2576.0;480.0;823.0;6.0;-4.0;8.0;7.0;ISOPROPANOL
336.0;663.0;1324.0;2737.0;506.0;849.0;327.0;652.0;1324.0;2619.0;487.0;837.0;7.0;-8.0;8.0;2.0;ISOPROPANOL
340.0;671.0;1336.0;2757.0;510.0;849.0;327.0;654.0;1331.0;2618.0;483.0;835.0;6.0;-7.0;5.0;5.0;ISOPROPANOL
342.0;676.0;1343.0;2794.0;517.0;862.0;338.0;675.0;1360.0;2680.0;493.0;845.0;4.0;-7.0;5.0;4.0;ISOPROPANOL
347.0;680.0;1353.0;2786.0;515.0;860.0;331.0;667.0;1350.0;2676.0;494.0;847.0;3.0;-7.0;5.0;4.0;ISOPROPANOL
347.0;679.0;1350.0;2786.0;517.0;863.0;333.0;669.0;1350.0;2648.0;491.0;849.0;4.0;-9.0;3.0;8.0;ISOPROPANOL
345.0;678.0;1335.0;2749.0;512.0;851.0;329.0;657.0;1330.0;2611.0;485.0;831.0;3.0;-7.0;3.0;13.0;ISOPROPANOL
340.0;667.0;1327.0;2735.0;506.0;848.0;323.0;648.0;1317.0;2603.0;484.0;828.0;4.0;-6.0;3.0;7.0;ISOPROPANOL
332.0;659.0;1312.0;2710.0;505.0;841.0;320.0;648.0;1307.0;2578.0;480.0;826.0;2.0;-6.0;-2.0;7.0;ISOPROPANOL
338.0;666.0;1321.0;2738.0;510.0;850.0;331.0;662.0;1351.0;2648.0;493.0;843.0;2.0;-5.0;-2.0;7.0;ISOPROPANOL
349.0;683.0;1356.0;2799.0;517.0;860.0;332.0;665.0;1358.0;2675.0;495.0;853.0;2.0;-3.0;-2.0;4.0;ISOPROPANOL
351.0;689.0;1364.0;2818.0;520.0;868.0;335.0;672.0;1359.0;2678.0;500.0;856.0;5.0;-3.0;1.0;4.0;ISOPROPANOL
350.0;689.0;1357.0;2799.0;524.0;872.0;340.0;682.0;1375.0;2704.0;503.0;858.0;4.0;1.0;-2.0;13.0;ISOPROPANOL
353.0;696.0;1376.0;2835.0;527.0;880.0;342.0;677.0;1381.0;2712.0;503.0;861.0;4.0;3.0;1.0;10.0;ISOPROPANOL
357.0;703.0;1401.0;2905.0;536.0;895.0;349.0;694.0;1400.0;2773.0;514.0;882.0;4.0;2.0;2.0;10.0;ISOPROPANOL
367.0;720.0;1420.0;2918.0;539.0;896.0;352.0;702.0;1417.0;2784.0;517.0;883.0;4.0;2.0;2.0;3.0;ISOPROPANOL
366.0;719.0;1431.0;2919.0;537.0;893.0;354.0;706.0;1414.0;2769.0;508.0;870.0;4.0;2.0;2.0;2.0;ISOPROPANOL
358.0;703.0;1394.0;2866.0;534.0;881.0;345.0;686.0;1397.0;2730.0;509.0;870.0;4.0;0.0;1.0;2.0;ISOPROPANOL
364.0;712.0;1409.0;2902.0;539.0;893.0;357.0;712.0;1425.0;2779.0;510.0;877.0;4.0;-2.0;1.0;3.0;ISOPROPANOL
359.0;707.0;1390.0;2855.0;531.0;884.0;341.0;683.0;1379.0;2712.0;505.0;862.0;8.0;-2.0;1.0;3.0;ISOPROPANOL
355.0;701.0;1384.0;2840.0;527.0;872.0;341.0;680.0;1370.0;2702.0;499.0;855.0;15.0;-4.0;6.0;4.0;ISOPROPANOL
352.0;691.0;1363.0;2806.0;522.0;864.0;342.0;681.0;1366.0;2678.0;494.0;846.0;8.0;-4.0;3.0;4.0;ISOPROPANOL
352.0;691.0;1366.0;2804.0;518.0;860.0;336.0;671.0;1351.0;2654.0;491.0;848.0;13.0;-4.0;3.0;12.0;ISOPROPANOL
349.0;685.0;1359.0;2787.0;518.0;860.0;334.0;668.0;1352.0;2662.0;492.0;848.0;3.0;-4.0;3.0;4.0;ISOPROPANOL
348.0;686.0;1360.0;2780.0;514.0;863.0;331.0;659.0;1340.0;2650.0;495.0;850.0;2.0;-6.0;3.0;10.0;ISOPROPANOL
350.0;687.0;1349.0;2791.0;518.0;860.0;328.0;664.0;1344.0;2644.0;493.0;847.0;3.0;-6.0;8.0;6.0;ISOPROPANOL
349.0;684.0;1358.0;2793.0;516.0;860.0;327.0;655.0;1336.0;2643.0;493.0;845.0;7.0;-6.0;4.0;10.0;ISOPROPANOL
350.0;692.0;1367.0;2794.0;517.0;861.0;335.0;671.0;1354.0;2668.0;494.0;842.0;7.0;-6.0;4.0;10.0;ISOPROPANOL
347.0;680.0;1343.0;2766.0;513.0;859.0;328.0;656.0;1332.0;2626.0;489.0;842.0;5.0;-7.0;4.0;12.0;ISOPROPANOL
349.0;684.0;1353.0;2793.0;519.0;859.0;335.0;672.0;1353.0;2644.0;491.0;844.0;9.0;-7.0;2.0;10.0;ISOPROPANOL
347.0;683.0;1357.0;2785.0;516.0;860.0;333.0;665.0;1343.0;2660.0;494.0;845.0;6.0;-7.0;4.0;10.0;ISOPROPANOL
354.0;693.0;1370.0;2814.0;522.0;867.0;339.0;677.0;1373.0;2689.0;497.0;858.0;6.0;-4.0;4.0;11.0;ISOPROPANOL
355.0;692.0;1364.0;2802.0;517.0;864.0;332.0;662.0;1341.0;2637.0;492.0;846.0;10.0;-4.0;4.0;2.0;ISOPROPANOL
351.0;689.0;1351.0;2769.0;513.0;858.0;330.0;663.0;1335.0;2644.0;489.0;838.0;6.0;-4.0;-1.0;6.0;ISOPROPANOL
347.0;681.0;1349.0;2766.0;513.0;855.0;332.0;663.0;1353.0;2653.0;491.0;840.0;0.0;-4.0;3.0;6.0;ISOPROPANOL
344.0;675.0;1341.0;2762.0;512.0;852.0;330.0;658.0;1333.0;2626.0;486.0;835.0;0.0;-4.0;0.0;6.0;ISOPROPANOL
347.0;678.0;1345.0;2763.0;510.0;850.0;332.0;664.0;1341.0;2633.0;486.0;833.0;5.0;-4.0;0.0;12.0;ISOPROPANOL
345.0;675.0;1338.0;2750.0;508.0;851.0;328.0;654.0;1326.0;2617.0;487.0;842.0;5.0;-4.0;2.0;8.0;ISOPROPANOL
352.0;685.0;1354.0;2769.0;515.0;857.0;336.0;673.0;1366.0;2668.0;494.0;854.0;6.0;-4.0;2.0;7.0;ISOPROPANOL
355.0;701.0;1390.0;2863.0;530.0;884.0;352.0;697.0;1407.0;2759.0;513.0;879.0;6.0;-4.0;0.0;7.0;ISOPROPANOL
370.0;725.0;1426.0;2938.0;542.0;901.0;355.0;708.0;1435.0;2804.0;517.0;882.0;6.0;-4.0;2.0;7.0;ISOPROPANOL
367.0;722.0;1424.0;2925.0;539.0;892.0;353.0;699.0;1412.0;2772.0;511.0;871.0;2.0;-5.0;3.0;11.0;ISOPROPANOL
363.0;711.0;1410.0;2886.0;533.0;884.0;343.0;690.0;1389.0;2731.0;507.0;865.0;2.0;-5.0;3.0;7.0;ISOPROPANOL
361.0;710.0;1395.0;2852.0;530.0;881.0;344.0;690.0;1390.0;2743.0;508.0;871.0;2.0;-5.0;3.0;8.0;ISOPROPANOL
359.0;702.0;1395.0;2852.0;533.0;886.0;359.0;709.0;1423.0;2798.0;515.0;874.0;2.0;-5.0;3.0;10.0;ISOPROPANOL
370.0;724.0;1436.0;2948.0;546.0;906.0;350.0;703.0;1419.0;2797.0;517.0;890.0;1.0;-3.0;1.0;4.0;ISOPROPANOL
375.0;735.0;1444.0;2953.0;545.0;900.0;354.0;703.0;1420.0;2774.0;516.0;885.0;1.0;-2.0;1.0;4.0;ISOPROPANOL
372.0;728.0;1440.0;2942.0;547.0;904.0;361.0;719.0;1447.0;2839.0;526.0;899.0;-1.0;-3.0;0.0;4.0;ISOPROPANOL
386.0;751.0;1472.0;3019.0;557.0;920.0;373.0;736.0;1477.0;2880.0;533.0;914.0;1.0;-3.0;-4.0;4.0;ISOPROPANOL
391.0;764.0;1502.0;3068.0;564.0;931.0;372.0;731.0;1476.0;2875.0;530.0;910.0;1.0;-7.0;-4.0;4.0;ISOPROPANOL
387.0;756.0;1484.0;3034.0;559.0;932.0;378.0;750.0;1507.0;2942.0;541.0;919.0;10.0;-7.0;-4.0;3.0;ISOPROPANOL
395.0;769.0;1508.0;3069.0;567.0;931.0;370.0;737.0;1493.0;2915.0;538.0;915.0;3.0;-7.0;-5.0;10.0;ISOPROPANOL
390.0;764.0;1496.0;3045.0;562.0;926.0;375.0;739.0;1489.0;2893.0;534.0;909.0;3.0;2.0;-5.0;8.0;ISOPROPANOL
389.0;762.0;1496.0;3039.0;558.0;921.0;370.0;735.0;1476.0;2876.0;527.0;903.0;3.0;2.0;-5.0;7.0;ISOPROPANOL
382.0;743.0;1465.0;3005.0;555.0;912.0;372.0;741.0;1488.0;2871.0;530.0;902.0;3.0;0.0;2.0;5.0;ISOPROPANOL
386.0;753.0;1485.0;3024.0;560.0;923.0;369.0;729.0;1461.0;2852.0;525.0;898.0;6.0;-2.0;2.0;10.0;ISOPROPANOL
381.0;742.0;1456.0;2981.0;548.0;906.0;368.0;725.0;1454.0;2835.0;523.0;898.0;10.0;-2.0;4.0;5.0;ISOPROPANOL
375.0;736.0;1452.0;2969.0;550.0;909.0;373.0;734.0;1465.0;2860.0;529.0;901.0;12.0;-2.0;3.0;7.0;ISOPROPANOL
389.0;755.0;1481.0;3022.0;560.0;928.0;370.0;735.0;1478.0;2893.0;534.0;912.0;10.0;-2.0;3.0;7.0;ISOPROPANOL
396.0;765.0;1498.0;3047.0;561.0;926.0;375.0;740.0;1488.0;2885.0;532.0;906.0;10.0;-2.0;3.0;7.0;ISOPROPANOL
390.0;760.0;1482.0;3022.0;555.0;917.0;378.0;741.0;1487.0;2876.0;528.0;901.0;10.0;-2.0;3.0;11.0;ISOPROPANOL
389.0;761.0;1484.0;3031.0;556.0;921.0;378.0;750.0;1490.0;2891.0;534.0;901.0;14.0;-3.0;3.0;6.0;ISOPROPANOL
387.0;752.0;1477.0;3025.0;556.0;916.0;366.0;729.0;1457.0;2842.0;530.0;903.0;12.0;-3.0;5.0;4.0;ISOPROPANOL
389.0;758.0;1482.0;3024.0;556.0;920.0;372.0;735.0;1476.0;2888.0;533.0;907.0;15.0;-3.0;9.0;10.0;ISOPROPANOL
390.0;761.0;1487.0;3023.0;553.0;913.0;363.0;722.0;1456.0;2848.0;525.0;899.0;7.0;-3.0;9.0;3.0;ISOPROPANOL
383.0;743.0;1466.0;2984.0;551.0;909.0;369.0;730.0;1459.0;2845.0;526.0;897.0;7.0;-2.0;5.0;3.0;ISOPROPANOL
384.0;748.0;1467.0;2974.0;550.0;909.0;364.0;725.0;1448.0;2823.0;523.0;895.0;2.0;-2.0;1.0;2.0;ISOPROPANOL
383.0;750.0;1465.0;2972.0;550.0;913.0;369.0;730.0;1467.0;2845.0;525.0;897.0;1.0;-2.0;0.0;2.0;ISOPROPANOL
383.0;746.0;1462.0;2988.0;546.0;905.0;360.0;713.0;1431.0;2801.0;519.0;888.0;0.0;-1.0;0.0;4.0;ISOPROPANOL
379.0;736.0;1447.0;2977.0;551.0;913.0;369.0;735.0;1478.0;2870.0;525.0;901.0;0.0;0.0;0.0;4.0;ISOPROPANOL
390.0;756.0;1483.0;3021.0;554.0;914.0;367.0;727.0;1458.0;2837.0;527.0;899.0;1.0;0.0;0.0;7.0;ISOPROPANOL
387.0;753.0;1472.0;3009.0;553.0;907.0;367.0;731.0;1458.0;2854.0;523.0;894.0;15.0;1.0;0.0;6.0;ISOPROPANOL
384.0;743.0;1462.0;2997.0;548.0;906.0;369.0;732.0;1466.0;2843.0;524.0;893.0;17.0;6.0;-5.0;8.0;ISOPROPANOL
378.0;737.0;1455.0;2967.0;545.0;910.0;370.0;732.0;1464.0;2865.0;526.0;889.0;19.0;3.0;10.0;5.0;ISOPROPANOL
385.0;749.0;1467.0;2988.0;550.0;911.0;367.0;726.0;1454.0;2842.0;523.0;889.0;13.0;1.0;8.0;8.0;ISOPROPANOL
385.0;744.0;1456.0;2962.0;548.0;903.0;365.0;721.0;1441.0;2820.0;522.0;890.0;13.0;-1.0;5.0;5.0;ISOPROPANOL
380.0;741.0;1465.0;2987.0;549.0;914.0;371.0;737.0;1484.0;2888.0;532.0;911.0;8.0;-2.0;5.0;5.0;ISOPROPANOL
394.0;765.0;1499.0;3052.0;560.0;928.0;372.0;737.0;1489.0;2900.0;533.0;909.0;5.0;-2.0;5.0;5.0;ISOPROPANOL
390.0;757.0;1488.0;3049.0;565.0;938.0;387.0;763.0;1530.0;2989.0;548.0;937.0;8.0;-1.0;8.0;5.0;ISOPROPANOL
409.0;795.0;1551.0;3164.0;581.0;958.0;400.0;785.0;1557.0;3015.0;556.0;944.0;4.0;-1.0;7.0;6.0;ISOPROPANOL
409.0;799.0;1565.0;3174.0;583.0;957.0;391.0;774.0;1545.0;3014.0;549.0;937.0;4.0;-1.0;7.0;6.0;ISOPROPANOL
411.0;797.0;1552.0;3136.0;574.0;938.0;383.0;757.0;1519.0;2961.0;543.0;928.0;4.0;-1.0;3.0;9.0;ISOPROPANOL
404.0;783.0;1527.0;3115.0;570.0;936.0;379.0;751.0;1511.0;2937.0;543.0;921.0;1.0;-1.0;3.0;9.0;ISOPROPANOL
402.0;777.0;1520.0;3099.0;566.0;933.0;384.0;753.0;1518.0;2929.0;536.0;911.0;1.0;1.0;-3.0;5.0;ISOPROPANOL
397.0;767.0;1503.0;3061.0;563.0;932.0;380.0;751.0;1502.0;2938.0;539.0;918.0;4.0;-1.0;-3.0;4.0;ISOPROPANOL
399.0;772.0;1507.0;3057.0;560.0;926.0;377.0;747.0;1481.0;2900.0;536.0;907.0;4.0;-1.0;3.0;9.0;ISOPROPANOL
393.0;762.0;1486.0;3036.0;558.0;928.0;383.0;753.0;1504.0;2915.0;535.0;910.0;4.0;-3.0;5.0;6.0;ISOPROPANOL
394.0;764.0;1503.0;3066.0;564.0;932.0;373.0;744.0;1494.0;2915.0;536.0;907.0;6.0;-8.0;5.0;8.0;ISOPROPANOL
396.0;764.0;1502.0;3073.0;567.0;933.0;381.0;752.0;1515.0;2946.0;539.0;919.0;10.0;-8.0;5.0;10.0;ISOPROPANOL
401.0;774.0;1516.0;3084.0;566.0;931.0;380.0;751.0;1505.0;2937.0;541.0;917.0;6.0;-8.0;5.0;4.0;ISOPROPANOL
395.0;767.0;1497.0;3058.0;562.0;928.0;378.0;748.0;1499.0;2899.0;537.0;917.0;6.0;-6.0;5.0;4.0;ISOPROPANOL
403.0;777.0;1520.0;3082.0;566.0;932.0;379.0;747.0;1500.0;2917.0;534.0;909.0;10.0;-6.0;-5.0;3.0;ISOPROPANOL
397.0;767.0;1502.0;3054.0;561.0;923.0;377.0;743.0;1493.0;2908.0;534.0;905.0;6.0;-6.0;5.0;4.0;ISOPROPANOL
391.0;762.0;1490.0;3029.0;559.0;924.0;376.0;744.0;1500.0;2927.0;539.0;919.0;10.0;-6.0;5.0;8.0;ISOPROPANOL
405.0;779.0;1524.0;3090.0;567.0;932.0;379.0;750.0;1505.0;2917.0;536.0;916.0;12.0;-6.0;-3.0;9.0;ISOPROPANOL
402.0;777.0;1520.0;3082.0;565.0;930.0;389.0;766.0;1518.0;2945.0;539.0;919.0;15.0;-6.0;-1.0;8.0;ISOPROPANOL
405.0;781.0;1515.0;3077.0;561.0;928.0;383.0;752.0;1511.0;2921.0;538.0;914.0;12.0;-3.0;9.0;5.0;ISOPROPANOL
396.0;764.0;1501.0;3056.0;560.0;925.0;379.0;747.0;1498.0;2916.0;532.0;911.0;13.0;-1.0;0.0;5.0;ISOPROPANOL
400.0;771.0;1504.0;3058.0;560.0;920.0;373.0;741.0;1478.0;2881.0;533.0;908.0;3.0;-1.0;-1.0;-1.0;ISOPROPANOL
396.0;768.0;1502.0;3061.0;561.0;924.0;373.0;743.0;1487.0;2877.0;532.0;912.0;-4.0;-1.0;-1.0;-1.0;ISOPROPANOL
402.0;782.0;1520.0;3083.0;563.0;927.0;384.0;758.0;1510.0;2918.0;537.0;918.0;3.0;-1.0;0.0;-1.0;ISOPROPANOL
400.0;777.0;1521.0;3089.0;568.0;939.0;389.0;765.0;1527.0;2963.0;546.0;928.0;3.0;-3.0;0.0;0.0;ISOPROPANOL
411.0;792.0;1542.0;3115.0;572.0;937.0;392.0;767.0;1527.0;2949.0;541.0;921.0;3.0;-3.0;8.0;9.0;ISOPROPANOL
403.0;779.0;1522.0;3078.0;563.0;927.0;383.0;760.0;1500.0;2912.0;538.0;907.0;17.0;-3.0;5.0;9.0;ISOPROPANOL
398.0;774.0;1510.0;3063.0;561.0;923.0;382.0;752.0;1504.0;2924.0;535.0;910.0;14.0;-3.0;7.0;11.0;ISOPROPANOL
398.0;771.0;1511.0;3064.0;567.0;938.0;396.0;777.0;1534.0;2965.0;547.0;925.0;14.0;-3.0;9.0;9.0;ISOPROPANOL
408.0;791.0;1535.0;3129.0;572.0;942.0;392.0;769.0;1523.0;2952.0;542.0;919.0;10.0;-1.0;9.0;4.0;ISOPROPANOL
404.0;778.0;1521.0;3083.0;565.0;934.0;383.0;752.0;1511.0;2930.0;539.0;913.0;13.0;-1.0;8.0;4.0;ISOPROPANOL
400.0;777.0;1521.0;3075.0;565.0;930.0;382.0;753.0;1513.0;2940.0;539.0;922.0;10.0;-1.0;8.0;4.0;ISOPROPANOL
400.0;780.0;1521.0;3090.0;565.0;929.0;388.0;761.0;1518.0;2935.0;541.0;915.0;4.0;-1.0;3.0;13.0;ISOPROPANOL
405.0;778.0;1522.0;3103.0;569.0;934.0;387.0;763.0;1522.0;2959.0;543.0;922.0;4.0;-1.0;3.0;9.0;ISOPROPANOL
408.0;785.0;1530.0;3103.0;571.0;937.0;387.0;756.0;1518.0;2959.0;545.0;925.0;11.0;-2.0;-2.0;9.0;ISOPROPANOL
414.0;798.0;1555.0;3152.0;576.0;940.0;391.0;773.0;1543.0;2985.0;546.0;932.0;11.0;-2.0;0.0;6.0;ISOPROPANOL
411.0;792.0;1547.0;3140.0;576.0;944.0;398.0;782.0;1552.0;3010.0;550.0;934.0;11.0;-4.0;0.0;6.0;ISOPROPANOL
412.0;794.0;1550.0;3132.0;572.0;945.0;392.0;771.0;1532.0;2981.0;547.0;926.0;11.0;-4.0;0.0;6.0;ISOPROPANOL
408.0;785.0;1532.0;3110.0;571.0;941.0;393.0;771.0;1533.0;2970.0;546.0;927.0;15.0;-4.0;2.0;8.0;ISOPROPANOL
412.0;795.0;1545.0;3117.0;573.0;937.0;393.0;771.0;1535.0;2968.0;544.0;922.0;13.0;-4.0;2.0;6.0;ISOPROPANOL
413.0;792.0;1542.0;3128.0;572.0;940.0;391.0;764.0;1529.0;2963.0;544.0;926.0;20.0;-6.0;10.0;11.0;ISOPROPANOL
411.0;793.0;1542.0;3130.0;574.0;944.0;386.0;764.0;1520.0;2957.0;544.0;930.0;13.0;-7.0;4.0;6.0;ISOPROPANOL
413.0;799.0;1549.0;3130.0;575.0;943.0;394.0;767.0;1528.0;2971.0;543.0;928.0;12.0;-7.0;4.0;6.0;ISOPROPANOL
412.0;795.0;1547.0;3130.0;573.0;947.0;394.0;770.0;1546.0;3007.0;549.0;932.0;2.0;-7.0;4.0;6.0;ISOPROPANOL
417.0;799.0;1554.0;3152.0;576.0;943.0;392.0;767.0;1530.0;2972.0;542.0;926.0;12.0;-7.0;4.0;6.0;ISOPROPANOL
408.0;789.0;1528.0;3107.0;568.0;936.0;387.0;761.0;1520.0;2956.0;544.0;927.0;6.0;-7.0;4.0;9.0;ISOPROPANOL
411.0;794.0;1541.0;3121.0;574.0;941.0;391.0;766.0;1522.0;2968.0;542.0;925.0;6.0;-5.0;4.0;12.0;ISOPROPANOL
409.0;789.0;1531.0;3114.0;570.0;943.0;390.0;764.0;1522.0;2963.0;543.0;925.0;6.0;-3.0;4.0;7.0;ISOPROPANOL
407.0;781.0;1532.0;3110.0;571.0;939.0;388.0;762.0;1523.0;2951.0;545.0;920.0;6.0;-3.0;5.0;4.0;ISOPROPANOL
406.0;786.0;1530.0;3127.0;574.0;949.0;394.0;773.0;1542.0;2993.0;550.0;932.0;6.0;-3.0;5.0;4.0;ISOPROPANOL
418.0;805.0;1566.0;3188.0;580.0;953.0;397.0;777.0;1557.0;3010.0;556.0;943.0;7.0;-3.0;5.0;9.0;ISOPROPANOL
424.0;815.0;1587.0;3230.0;589.0;966.0;408.0;794.0;1579.0;3074.0;559.0;956.0;5.0;-3.0;2.0;9.0;ISOPROPANOL
425.0;813.0;1585.0;3216.0;585.0;955.0;397.0;784.0;1556.0;3018.0;552.0;932.0;4.0;-3.0;2.0;7.0;ISOPROPANOL
412.0;800.0;1559.0;3151.0;576.0;953.0;396.0;774.0;1555.0;3011.0;552.0;937.0;4.0;-3.0;1.0;7.0;ISOPROPANOL
411.0;799.0;1559.0;3166.0;580.0;957.0;399.0;783.0;1559.0;3022.0;555.0;944.0;3.0;-3.0;2.0;7.0;ISOPROPANOL
423.0;812.0;1584.0;3201.0;586.0;959.0;401.0;787.0;1571.0;3037.0;559.0;944.0;3.0;-3.0;1.0;10.0;ISOPROPANOL
428.0;819.0;1588.0;3218.0;588.0;965.0;403.0;793.0;1576.0;3061.0;560.0;951.0;4.0;-3.0;2.0;14.0;ISOPROPANOL
430.0;827.0;1600.0;3228.0;592.0;972.0;411.0;801.0;1584.0;3074.0;564.0;957.0;5.0;-4.0;8.0;8.0;ISOPROPANOL
431.0;829.0;1602.0;3242.0;589.0;965.0;403.0;795.0;1575.0;3057.0;560.0;945.0;10.0;-4.0;8.0;8.0;ISOPROPANOL
424.0;822.0;1592.0;3227.0;588.0;970.0;407.0;800.0;1582.0;3072.0;560.0;953.0;5.0;-3.0;7.0;8.0;ISOPROPANOL
431.0;827.0;1594.0;3215.0;590.0;967.0;406.0;792.0;1584.0;3068.0;560.0;946.0;1.0;-6.0;3.0;3.0;ISOPROPANOL
426.0;824.0;1588.0;3204.0;587.0;961.0;403.0;790.0;1573.0;3042.0;557.0;939.0;1.0;-6.0;3.0;4.0;ISOPROPANOL
418.0;807.0;1564.0;3154.0;581.0;957.0;406.0;798.0;1588.0;3061.0;557.0;944.0;1.0;-4.0;2.0;4.0;ISOPROPANOL
426.0;821.0;1595.0;3225.0;589.0;972.0;404.0;790.0;1589.0;3076.0;564.0;957.0;1.0;-2.0;2.0;4.0;ISOPROPANOL
433.0;833.0;1608.0;3250.0;596.0;978.0;416.0;812.0;1609.0;3112.0;566.0;964.0;1.0;-2.0;-3.0;7.0;ISOPROPANOL
433.0;831.0;1600.0;3257.0;591.0;973.0;407.0;796.0;1590.0;3082.0;565.0;957.0;9.0;0.0;2.0;6.0;ISOPROPANOL
431.0;829.0;1617.0;3280.0;600.0;992.0;422.0;822.0;1631.0;3145.0;576.0;975.0;2.0;0.0;4.0;7.0;ISOPROPANOL
440.0;851.0;1647.0;3340.0;608.0;994.0;427.0;832.0;1646.0;3178.0;577.0;975.0;2.0;0.0;-1.0;6.0;ISOPROPANOL
440.0;845.0;1638.0;3308.0;603.0;982.0;419.0;814.0;1618.0;3114.0;569.0;968.0;2.0;0.0;4.0;6.0;ISOPROPANOL
433.0;835.0;1622.0;3275.0;602.0;987.0;419.0;821.0;1623.0;3132.0;577.0;974.0;2.0;-2.0;4.0;6.0;ISOPROPANOL
441.0;843.0;1633.0;3297.0;600.0;989.0;415.0;814.0;1620.0;3138.0;572.0;967.0;2.0;-2.0;5.0;3.0;ISOPROPANOL
436.0;831.0;1614.0;3279.0;597.0;974.0;408.0;800.0;1596.0;3090.0;567.0;960.0;1.0;-2.0;2.0;6.0;ISOPROPANOL
429.0;826.0;1604.0;3252.0;594.0;974.0;416.0;810.0;1604.0;3088.0;565.0;959.0;7.0;-2.0;4.0;9.0;ISOPROPANOL
428.0;825.0;1597.0;3226.0;592.0;972.0;411.0;805.0;1600.0;3097.0;566.0;955.0;7.0;6.0;2.0;7.0;ISOPROPANOL
429.0;820.0;1588.0;3227.0;587.0;965.0;407.0;792.0;1579.0;3058.0;562.0;948.0;8.0;3.0;0.0;10.0;ISOPROPANOL
425.0;817.0;1589.0;3219.0;588.0;963.0;401.0;791.0;1565.0;3035.0;557.0;951.0;6.0;3.0;0.0;9.0;ISOPROPANOL
430.0;824.0;1597.0;3220.0;589.0;968.0;406.0;793.0;1582.0;3066.0;561.0;951.0;5.0;-2.0;0.0;8.0;ISOPROPANOL
434.0;833.0;1624.0;3259.0;594.0;976.0;419.0;817.0;1611.0;3111.0;570.0;960.0;6.0;-2.0;0.0;8.0;ISOPROPANOL
431.0;831.0;1607.0;3254.0;595.0;972.0;410.0;798.0;1588.0;3046.0;561.0;951.0;5.0;-3.0;0.0;7.0;ISOPROPANOL
430.0;827.0;1594.0;3241.0;593.0;981.0;423.0;826.0;1630.0;3154.0;573.0;972.0;2.0;-3.0;-1.0;8.0;ISOPROPANOL
445.0;854.0;1646.0;3298.0;601.0;981.0;415.0;814.0;1616.0;3115.0;569.0;965.0;2.0;-2.0;-3.0;11.0;ISOPROPANOL
435.0;836.0;1613.0;3265.0;597.0;978.0;412.0;804.0;1598.0;3105.0;564.0;954.0;2.0;-4.0;-3.0;9.0;ISOPROPANOL
435.0;831.0;1607.0;3241.0;591.0;974.0;409.0;805.0;1599.0;3075.0;561.0;951.0;-1.0;-4.0;-1.0;8.0;ISOPROPANOL
428.0;824.0;1600.0;3216.0;588.0;972.0;409.0;799.0;1592.0;3066.0;559.0;952.0;3.0;-4.0;2.0;5.0;ISOPROPANOL
432.0;828.0;1609.0;3209.0;589.0;966.0;409.0;797.0;1584.0;3058.0;560.0;948.0;8.0;-4.0;2.0;5.0;ISOPROPANOL
426.0;819.0;1585.0;3196.0;586.0;965.0;401.0;789.0;1567.0;3023.0;555.0;949.0;8.0;-4.0;2.0;2.0;ISOPROPANOL
430.0;824.0;1591.0;3213.0;586.0;968.0;403.0;793.0;1574.0;3039.0;557.0;944.0;9.0;-4.0;2.0;2.0;ISOPROPANOL
427.0;818.0;1584.0;3198.0;586.0;962.0;409.0;797.0;1580.0;3043.0;559.0;951.0;8.0;-4.0;1.0;1.0;ISOPROPANOL
429.0;827.0;1600.0;3214.0;588.0;969.0;407.0;800.0;1591.0;3074.0;563.0;950.0;10.0;-4.0;-2.0;1.0;ISOPROPANOL
435.0;833.0;1606.0;3235.0;588.0;964.0;414.0;805.0;1593.0;3066.0;559.0;941.0;6.0;-4.0;-5.0;9.0;ISOPROPANOL
431.0;827.0;1596.0;3210.0;585.0;962.0;409.0;798.0;1582.0;3032.0;558.0;943.0;7.0;-4.0;-2.0;9.0;ISOPROPANOL
430.0;823.0;1588.0;3210.0;586.0;961.0;410.0;798.0;1582.0;3048.0;559.0;948.0;6.0;-4.0;-2.0;9.0;ISOPROPANOL
429.0;823.0;1591.0;3212.0;590.0;968.0;409.0;801.0;1588.0;3061.0;561.0;947.0;2.0;-4.0;-1.0;8.0;ISOPROPANOL
430.0;827.0;1605.0;3249.0;591.0;968.0;409.0;797.0;1585.0;3069.0;561.0;949.0;2.0;-7.0;0.0;9.0;ISOPROPANOL
436.0;833.0;1605.0;3230.0;588.0;972.0;411.0;803.0;1589.0;3061.0;561.0;951.0;3.0;-7.0;7.0;10.0;ISOPROPANOL
431.0;825.0;1610.0;3243.0;592.0;972.0;418.0;812.0;1600.0;3068.0;563.0;949.0;4.0;-7.0;6.0;6.0;ISOPROPANOL
436.0;832.0;1612.0;3233.0;592.0;971.0;417.0;808.0;1599.0;3081.0;565.0;955.0;9.0;-7.0;10.0;10.0;ISOPROPANOL
434.0;836.0;1617.0;3259.0;594.0;972.0;414.0;810.0;1601.0;3084.0;564.0;956.0;9.0;-7.0;1.0;6.0;ISOPROPANOL
444.0;847.0;1638.0;3287.0;598.0;984.0;422.0;818.0;1613.0;3111.0;572.0;965.0;11.0;-5.0;1.0;10.0;ISOPROPANOL
441.0;847.0;1639.0;3312.0;602.0;986.0;426.0;831.0;1638.0;3145.0;574.0;971.0;6.0;-5.0;1.0;7.0;ISOPROPANOL
449.0;859.0;1663.0;3336.0;609.0;997.0;435.0;844.0;1673.0;3210.0;585.0;991.0;10.0;-5.0;0.0;11.0;ISOPROPANOL
463.0;885.0;1694.0;3405.0;616.0;1001.0;437.0;847.0;1664.0;3187.0;580.0;982.0;12.0;-4.0;1.0;10.0;ISOPROPANOL
450.0;861.0;1659.0;3332.0;607.0;994.0;428.0;834.0;1657.0;3200.0;583.0;979.0;10.0;-4.0;1.0;11.0;ISOPROPANOL
450.0;858.0;1661.0;3336.0;606.0;991.0;431.0;837.0;1648.0;3164.0;578.0;975.0;6.0;-4.0;1.0;10.0;ISOPROPANOL
451.0;861.0;1656.0;3325.0;606.0;989.0;427.0;833.0;1652.0;3167.0;576.0;976.0;2.0;-4.0;0.0;8.0;ISOPROPANOL
453.0;862.0;1659.0;3326.0;606.0;991.0;429.0;829.0;1631.0;3164.0;576.0;975.0;2.0;-4.0;1.0;2.0;ISOPROPANOL
445.0;847.0;1639.0;3306.0;603.0;988.0;427.0;828.0;1630.0;3128.0;573.0;971.0;2.0;-6.0;0.0;2.0;ISOPROPANOL
451.0;861.0;1659.0;3348.0;610.0;1001.0;439.0;847.0;1669.0;3197.0;583.0;986.0;2.0;-7.0;2.0;5.0;ISOPROPANOL
458.0;878.0;1688.0;3404.0;622.0;1014.0;441.0;853.0;1676.0;3237.0;589.0;992.0;2.0;-7.0;2.0;-2.0;ISOPROPANOL
458.0;876.0;1683.0;3383.0;617.0;1011.0;443.0;861.0;1692.0;3247.0;593.0;999.0;5.0;-7.0;3.0;7.0;ISOPROPANOL
465.0;891.0;1713.0;3453.0;628.0;1030.0;441.0;864.0;1707.0;3287.0;601.0;1014.0;5.0;-7.0;3.0;6.0;ISOPROPANOL
469.0;898.0;1733.0;3482.0;632.0;1031.0;448.0;869.0;1719.0;3301.0;601.0;1013.0;10.0;-4.0;3.0;9.0;ISOPROPANOL
474.0;904.0;1721.0;3461.0;627.0;1024.0;447.0;865.0;1710.0;3260.0;594.0;999.0;1.0;3.0;1.0;6.0;ISOPROPANOL
464.0;882.0;1700.0;3430.0;621.0;1012.0;442.0;851.0;1678.0;3244.0;590.0;994.0;6.0;3.0;1.0;6.0;ISOPROPANOL
467.0;888.0;1703.0;3412.0;622.0;1014.0;451.0;869.0;1709.0;3255.0;595.0;996.0;-3.0;3.0;1.0;6.0;ISOPROPANOL
463.0;883.0;1696.0;3407.0;616.0;1008.0;444.0;865.0;1694.0;3236.0;587.0;995.0;-4.0;2.0;1.0;9.0;ISOPROPANOL
460.0;875.0;1695.0;3385.0;616.0;1004.0;437.0;849.0;1674.0;3212.0;588.0;995.0;-4.0;2.0;0.0;10.0;ISOPROPANOL
458.0;873.0;1684.0;3388.0;615.0;1008.0;430.0;837.0;1656.0;3200.0;584.0;987.0;-5.0;2.0;0.0;8.0;ISOPROPANOL
462.0;875.0;1684.0;3387.0;615.0;1010.0;433.0;847.0;1678.0;3238.0;587.0;997.0;-5.0;0.0;0.0;2.0;ISOPROPANOL
461.0;881.0;1688.0;3403.0;620.0;1018.0;441.0;857.0;1689.0;3254.0;591.0;995.0;2.0;0.0;0.0;2.0;ISOPROPANOL
464.0;885.0;1703.0;3413.0;621.0;1019.0;449.0;871.0;1708.0;3259.0;592.0;999.0;6.0;0.0;4.0;2.0;ISOPROPANOL
465.0;883.0;1702.0;3406.0;621.0;1010.0;436.0;844.0;1677.0;3225.0;590.0;992.0;10.0;-4.0;6.0;3.0;ISOPROPANOL
458.0;876.0;1682.0;3385.0;617.0;1014.0;438.0;853.0;1682.0;3214.0;589.0;998.0;6.0;0.0;11.0;8.0;ISOPROPANOL
466.0;885.0;1709.0;3420.0;621.0;1014.0;438.0;854.0;1686.0;3249.0;590.0;991.0;7.0;-5.0;6.0;8.0;ISOPROPANOL
464.0;882.0;1698.0;3420.0;621.0;1017.0;445.0;861.0;1694.0;3248.0;592.0;991.0;9.0;-5.0;11.0;11.0;ISOPROPANOL
459.0;878.0;1686.0;3388.0;615.0;1006.0;444.0;864.0;1695.0;3224.0;589.0;988.0;11.0;1.0;6.0;6.0;ISOPROPANOL
460.0;878.0;1684.0;3404.0;617.0;1011.0;442.0;860.0;1693.0;3247.0;593.0;999.0;11.0;2.0;3.0;7.0;ISOPROPANOL
472.0;900.0;1733.0;3489.0;635.0;1047.0;464.0;901.0;1777.0;3420.0;621.0;1042.0;11.0;1.0;3.0;3.0;ISOPROPANOL
499.0;947.0;1808.0;3623.0;656.0;1060.0;465.0;903.0;1763.0;3383.0;615.0;1033.0;15.0;1.0;3.0;3.0;ISOPROPANOL
488.0;922.0;1764.0;3542.0;642.0;1041.0;462.0;893.0;1757.0;3344.0;606.0;1024.0;13.0;0.0;3.0;3.0;ISOPROPANOL
480.0;915.0;1745.0;3506.0;635.0;1036.0;451.0;873.0;1729.0;3320.0;601.0;1015.0;13.0;-1.0;8.0;5.0;ISOPROPANOL
474.0;903.0;1738.0;3484.0;632.0;1035.0;456.0;883.0;1733.0;3329.0;603.0;1019.0;12.0;-2.0;8.0;7.0;ISOPROPANOL
480.0;912.0;1738.0;3497.0;633.0;1031.0;457.0;880.0;1730.0;3304.0;599.0;1005.0;18.0;-2.0;8.0;4.0;ISOPROPANOL
475.0;905.0;1741.0;3493.0;632.0;1028.0;456.0;876.0;1728.0;3306.0;606.0;1019.0;12.0;-2.0;12.0;5.0;ISOPROPANOL
484.0;923.0;1768.0;3519.0;637.0;1033.0;457.0;885.0;1743.0;3320.0;601.0;1008.0;16.0;-2.0;5.0;5.0;ISOPROPANOL
478.0;907.0;1738.0;3466.0;631.0;1024.0;452.0;872.0;1726.0;3295.0;600.0;1008.0;3.0;0.0;5.0;16.0;ISOPROPANOL
477.0;904.0;1735.0;3474.0;631.0;1034.0;455.0;880.0;1738.0;3321.0;605.0;1021.0;8.0;2.0;1.0;11.0;ISOPROPANOL
481.0;918.0;1769.0;3540.0;640.0;1039.0;463.0;890.0;1752.0;3367.0;612.0;1030.0;6.0;0.0;0.0;7.0;ISOPROPANOL
488.0;924.0;1765.0;3528.0;638.0;1037.0;461.0;892.0;1745.0;3335.0;604.0;1021.0;8.0;0.0;1.0;7.0;ISOPROPANOL
475.0;903.0;1737.0;3483.0;632.0;1031.0;451.0;874.0;1716.0;3280.0;598.0;1008.0;6.0;0.0;-1.0;0.0;ISOPROPANOL
473.0;901.0;1717.0;3447.0;627.0;1026.0;452.0;870.0;1719.0;3289.0;599.0;1010.0;10.0;0.0;2.0;0.0;ISOPROPANOL
474.0;902.0;1730.0;3475.0;632.0;1033.0;454.0;881.0;1734.0;3332.0;602.0;1015.0;9.0;0.0;-1.0;10.0;ISOPROPANOL
480.0;912.0;1747.0;3496.0;635.0;1031.0;452.0;873.0;1723.0;3306.0;603.0;1014.0;11.0;0.0;2.0;10.0;ISOPROPANOL
478.0;910.0;1746.0;3519.0;638.0;1048.0;475.0;908.0;1785.0;3385.0;616.0;1037.0;18.0;0.0;-1.0;11.0;ISOPROPANOL
489.0;930.0;1773.0;3536.0;640.0;1043.0;462.0;893.0;1752.0;3362.0;607.0;1026.0;6.0;0.0;-1.0;16.0;ISOPROPANOL
481.0;915.0;1760.0;3530.0;638.0;1040.0;462.0;892.0;1740.0;3336.0;601.0;1011.0;7.0;-1.0;-1.0;13.0;ISOPROPANOL
476.0;903.0;1736.0;3476.0;628.0;1031.0;457.0;884.0;1724.0;3316.0;601.0;1014.0;6.0;-1.0;2.0;13.0;ISOPROPANOL
473.0;900.0;1727.0;3476.0;628.0;1024.0;454.0;877.0;1725.0;3290.0;599.0;1009.0;5.0;-4.0;2.0;12.0;ISOPROPANOL
482.0;915.0;1746.0;3490.0;631.0;1026.0;458.0;889.0;1732.0;3313.0;600.0;1000.0;8.0;-1.0;2.0;18.0;ISOPROPANOL
469.0;897.0;1717.0;3444.0;624.0;1022.0;453.0;874.0;1717.0;3298.0;601.0;1009.0;8.0;-4.0;6.0;12.0;ISOPROPANOL
476.0;905.0;1738.0;3494.0;629.0;1034.0;452.0;875.0;1714.0;3287.0;600.0;1008.0;8.0;-1.0;3.0;15.0;ISOPROPANOL
477.0;905.0;1733.0;3466.0;627.0;1021.0;453.0;876.0;1715.0;3274.0;592.0;1000.0;12.0;-4.0;-1.0;11.0;ISOPROPANOL
472.0;899.0;1718.0;3445.0;624.0;1018.0;446.0;863.0;1696.0;3266.0;594.0;997.0;-5.0;-2.0;-2.0;11.0;ISOPROPANOL
467.0;892.0;1712.0;3428.0;621.0;1012.0;445.0;865.0;1703.0;3248.0;591.0;993.0;-5.0;-4.0;-5.0;12.0;ISOPROPANOL
475.0;902.0;1719.0;3449.0;624.0;1021.0;454.0;877.0;1727.0;3299.0;594.0;1002.0;-5.0;-4.0;-5.0;16.0;ISOPROPANOL
478.0;905.0;1732.0;3460.0;629.0;1023.0;455.0;875.0;1733.0;3321.0;602.0;1017.0;7.0;-7.0;-5.0;11.0;ISOPROPANOL
481.0;911.0;1746.0;3493.0;631.0;1033.0;458.0;885.0;1743.0;3355.0;606.0;1019.0;8.0;-7.0;8.0;8.0;ISOPROPANOL
483.0;923.0;1760.0;3518.0;637.0;1037.0;459.0;889.0;1743.0;3333.0;604.0;1015.0;12.0;-7.0;8.0;11.0;ISOPROPANOL
483.0;917.0;1755.0;3512.0;634.0;1035.0;459.0;882.0;1740.0;3324.0;605.0;1021.0;12.0;-7.0;7.0;3.0;ISOPROPANOL
486.0;921.0;1764.0;3527.0;638.0;1034.0;466.0;897.0;1750.0;3332.0;602.0;1021.0;15.0;-5.0;7.0;8.0;ISOPROPANOL
490.0;932.0;1791.0;3572.0;644.0;1050.0;474.0;915.0;1784.0;3396.0;617.0;1035.0;15.0;1.0;0.0;8.0;ISOPROPANOL
495.0;939.0;1790.0;3580.0;649.0;1057.0;470.0;903.0;1777.0;3382.0;617.0;1046.0;15.0;1.0;5.0;4.0;ISOPROPANOL
497.0;948.0;1808.0;3612.0;655.0;1068.0;475.0;914.0;1796.0;3436.0;625.0;1051.0;10.0;-2.0;5.0;11.0;ISOPROPANOL
498.0;943.0;1811.0;3636.0;657.0;1068.0;477.0;915.0;1783.0;3416.0;622.0;1047.0;7.0;-2.0;5.0;11.0;ISOPROPANOL
498.0;949.0;1819.0;3643.0;656.0;1061.0;479.0;925.0;1811.0;3449.0;624.0;1047.0;10.0;-3.0;5.0;11.0;ISOPROPANOL
501.0;945.0;1809.0;3608.0;651.0;1056.0;475.0;913.0;1782.0;3414.0;618.0;1040.0;7.0;-3.0;5.0;15.0;ISOPROPANOL
501.0;947.0;1800.0;3592.0;649.0;1056.0;474.0;908.0;1782.0;3398.0;616.0;1030.0;14.0;-3.0;6.0;9.0;ISOPROPANOL
495.0;935.0;1784.0;3559.0;644.0;1047.0;464.0;903.0;1762.0;3373.0;612.0;1028.0;8.0;-3.0;4.0;9.0;ISOPROPANOL
491.0;930.0;1775.0;3564.0;641.0;1044.0;460.0;887.0;1741.0;3319.0;604.0;1022.0;8.0;-3.0;4.0;3.0;ISOPROPANOL
484.0;918.0;1756.0;3510.0;638.0;1040.0;460.0;889.0;1741.0;3326.0;606.0;1023.0;8.0;-3.0;4.0;9.0;ISOPROPANOL
488.0;923.0;1758.0;3527.0;639.0;1047.0;469.0;903.0;1767.0;3387.0;616.0;1034.0;8.0;-1.0;6.0;9.0;ISOPROPANOL
499.0;944.0;1795.0;3612.0;658.0;1073.0;486.0;930.0;1825.0;3487.0;631.0;1065.0;9.0;-1.0;7.0;9.0;ISOPROPANOL
509.0;966.0;1839.0;3680.0;666.0;1079.0;484.0;929.0;1821.0;3492.0;632.0;1064.0;2.0;1.0;4.0;10.0;ISOPROPANOL
513.0;967.0;1848.0;3691.0;670.0;1082.0;486.0;937.0;1835.0;3499.0;633.0;1065.0;2.0;-4.0;3.0;12.0;ISOPROPANOL
513.0;969.0;1844.0;3680.0;664.0;1073.0;482.0;923.0;1806.0;3470.0;628.0;1053.0;4.0;-4.0;-1.0;7.0;ISOPROPANOL
503.0;951.0;1818.0;3647.0;658.0;1070.0;484.0;927.0;1811.0;3454.0;624.0;1052.0;8.0;-4.0;-4.0;7.0;ISOPROPANOL
503.0;951.0;1808.0;3609.0;650.0;1061.0;485.0;928.0;1810.0;3424.0;619.0;1039.0;4.0;-4.0;-4.0;6.0;ISOPROPANOL
499.0;946.0;1806.0;3606.0;648.0;1053.0;474.0;906.0;1769.0;3396.0;616.0;1036.0;1.0;-5.0;-4.0;6.0;ISOPROPANOL
499.0;938.0;1797.0;3592.0;652.0;1054.0;483.0;927.0;1811.0;3431.0;619.0;1041.0;0.0;-5.0;-7.0;6.0;ISOPROPANOL
499.0;943.0;1804.0;3591.0;649.0;1055.0;473.0;912.0;1777.0;3395.0;615.0;1034.0;1.0;-4.0;-4.0;4.0;ISOPROPANOL
500.0;946.0;1796.0;3601.0;650.0;1058.0;473.0;912.0;1783.0;3399.0;617.0;1043.0;0.0;-1.0;-6.0;10.0;ISOPROPANOL
504.0;952.0;1808.0;3587.0;649.0;1056.0;473.0;906.0;1766.0;3385.0;613.0;1035.0;0.0;-3.0;-6.0;8.0;ISOPROPANOL
501.0;945.0;1796.0;3589.0;650.0;1058.0;487.0;934.0;1811.0;3450.0;620.0;1040.0;2.0;-3.0;-2.0;6.0;ISOPROPANOL
501.0;946.0;1808.0;3601.0;650.0;1056.0;469.0;903.0;1774.0;3390.0;616.0;1035.0;10.0;-3.0;-2.0;9.0;ISOPROPANOL
499.0;945.0;1798.0;3575.0;646.0;1056.0;474.0;916.0;1796.0;3412.0;618.0;1044.0;13.0;-3.0;-1.0;4.0;ISOPROPANOL
497.0;943.0;1802.0;3588.0;650.0;1047.0;484.0;922.0;1784.0;3407.0;616.0;1038.0;10.0;-3.0;-1.0;3.0;ISOPROPANOL
500.0;943.0;1803.0;3611.0;653.0;1050.0;477.0;918.0;1788.0;3420.0;618.0;1039.0;9.0;-3.0;-1.0;4.0;ISOPROPANOL
502.0;946.0;1816.0;3630.0;658.0;1074.0;485.0;930.0;1819.0;3475.0;630.0;1058.0;9.0;-10.0;-1.0;5.0;ISOPROPANOL
513.0;962.0;1834.0;3661.0;659.0;1068.0;481.0;926.0;1810.0;3453.0;625.0;1053.0;6.0;-7.0;0.0;8.0;ISOPROPANOL
507.0;956.0;1828.0;3645.0;656.0;1064.0;485.0;930.0;1817.0;3464.0;625.0;1052.0;6.0;-7.0;0.0;8.0;ISOPROPANOL
511.0;961.0;1819.0;3639.0;658.0;1063.0;483.0;922.0;1807.0;3440.0;618.0;1043.0;11.0;-10.0;0.0;9.0;ISOPROPANOL
507.0;956.0;1821.0;3633.0;655.0;1065.0;480.0;925.0;1803.0;3449.0;625.0;1048.0;11.0;-7.0;0.0;1.0;ISOPROPANOL
511.0;965.0;1822.0;3647.0;659.0;1063.0;479.0;921.0;1801.0;3440.0;625.0;1050.0;1.0;-6.0;-7.0;1.0;ISOPROPANOL
509.0;966.0;1835.0;3658.0;661.0;1071.0;483.0;929.0;1818.0;3468.0;631.0;1057.0;1.0;-4.0;-7.0;1.0;ISOPROPANOL
511.0;967.0;1839.0;3658.0;661.0;1071.0;482.0;924.0;1821.0;3456.0;627.0;1048.0;4.0;-2.0;-1.0;1.0;ISOPROPANOL
505.0;958.0;1816.0;3628.0;657.0;1062.0;479.0;922.0;1821.0;3450.0;626.0;1049.0;4.0;-2.0;-1.0;2.0;ISOPROPANOL
507.0;959.0;1822.0;3642.0;655.0;1065.0;479.0;920.0;1807.0;3443.0;628.0;1050.0;6.0;-2.0;-1.0;3.0;ISOPROPANOL
512.0;963.0;1830.0;3639.0;660.0;1065.0;481.0;926.0;1818.0;3458.0;622.0;1045.0;4.0;0.0;-1.0;2.0;ISOPROPANOL
501.0;943.0;1792.0;3598.0;653.0;1057.0;482.0;925.0;1812.0;3439.0;624.0;1047.0;0.0;-2.0;-7.0;3.0;ISOPROPANOL
508.0;960.0;1828.0;3650.0;658.0;1068.0;475.0;919.0;1795.0;3435.0;626.0;1048.0;0.0;-2.0;-7.0;6.0;ISOPROPANOL
506.0;953.0;1813.0;3643.0;659.0;1074.0;485.0;937.0;1827.0;3502.0;630.0;1055.0;8.0;0.0;3.0;4.0;ISOPROPANOL
507.0;960.0;1830.0;3664.0;663.0;1071.0;497.0;945.0;1840.0;3503.0;630.0;1061.0;3.0;-2.0;3.0;9.0;ISOPROPANOL
517.0;973.0;1854.0;3687.0;668.0;1081.0;496.0;953.0;1863.0;3537.0;639.0;1073.0;10.0;-2.0;3.0;11.0;ISOPROPANOL
520.0;983.0;1865.0;3715.0;672.0;1084.0;486.0;929.0;1831.0;3489.0;632.0;1063.0;7.0;-3.0;-1.0;9.0;ISOPROPANOL
520.0;979.0;1857.0;3697.0;666.0;1077.0;492.0;944.0;1837.0;3496.0;630.0;1056.0;7.0;-2.0;-1.0;12.0;ISOPROPANOL
515.0;973.0;1840.0;3656.0;660.0;1075.0;482.0;922.0;1807.0;3441.0;629.0;1048.0;7.0;-3.0;-5.0;8.0;ISOPROPANOL
511.0;963.0;1836.0;3665.0;663.0;1075.0;499.0;957.0;1861.0;3516.0;630.0;1056.0;8.0;-3.0;-1.0;8.0;ISOPROPANOL
510.0;963.0;1835.0;3680.0;664.0;1076.0;493.0;943.0;1849.0;3532.0;637.0;1060.0;7.0;-3.0;5.0;8.0;ISOPROPANOL
511.0;967.0;1844.0;3693.0;665.0;1081.0;489.0;940.0;1841.0;3513.0;634.0;1065.0;2.0;-3.0;9.0;8.0;ISOPROPANOL
520.0;980.0;1860.0;3716.0;670.0;1082.0;503.0;960.0;1873.0;3536.0;637.0;1068.0;2.0;-4.0;6.0;8.0;ISOPROPANOL
522.0;985.0;1868.0;3739.0;674.0;1095.0;508.0;974.0;1891.0;3591.0;650.0;1085.0;2.0;-3.0;5.0;6.0;ISOPROPANOL
541.0;1019.0;1921.0;3842.0;688.0;1114.0;519.0;993.0;1938.0;3664.0;659.0;1090.0;2.0;-2.0;5.0;6.0;ISOPROPANOL
538.0;1008.0;1906.0;3816.0;687.0;1113.0;519.0;991.0;1917.0;3616.0;654.0;1097.0;2.0;-3.0;-1.0;11.0;ISOPROPANOL
541.0;1018.0;1922.0;3836.0;690.0;1119.0;517.0;988.0;1920.0;3645.0;660.0;1098.0;11.0;-3.0;-1.0;8.0;ISOPROPANOL
540.0;1015.0;1909.0;3812.0;686.0;1118.0;509.0;975.0;1912.0;3630.0;656.0;1099.0;7.0;-2.0;6.0;11.0;ISOPROPANOL
545.0;1027.0;1931.0;3841.0;691.0;1115.0;508.0;976.0;1903.0;3594.0;650.0;1083.0;7.0;-2.0;6.0;8.0;ISOPROPANOL
528.0;996.0;1888.0;3774.0;678.0;1102.0;516.0;980.0;1910.0;3620.0;647.0;1084.0;-2.0;-3.0;6.0;7.0;ISOPROPANOL
534.0;1004.0;1895.0;3791.0;683.0;1109.0;516.0;981.0;1911.0;3614.0;649.0;1085.0;1.0;-3.0;-1.0;6.0;ISOPROPANOL
527.0;997.0;1884.0;3788.0;681.0;1101.0;513.0;980.0;1902.0;3614.0;651.0;1085.0;1.0;-5.0;-1.0;11.0;ISOPROPANOL
541.0;1013.0;1910.0;3818.0;686.0;1105.0;516.0;987.0;1925.0;3625.0;653.0;1097.0;7.0;-5.0;-1.0;7.0;ISOPROPANOL
543.0;1018.0;1917.0;3839.0;686.0;1111.0;517.0;981.0;1910.0;3608.0;648.0;1090.0;8.0;-5.0;-8.0;10.0;ISOPROPANOL
531.0;1004.0;1892.0;3791.0;684.0;1108.0;513.0;977.0;1896.0;3624.0;653.0;1097.0;7.0;-5.0;-1.0;7.0;ISOPROPANOL
543.0;1019.0;1914.0;3840.0;686.0;1104.0;508.0;970.0;1896.0;3596.0;644.0;1081.0;7.0;-3.0;0.0;10.0;ISOPROPANOL
535.0;1006.0;1895.0;3771.0;681.0;1100.0;501.0;964.0;1882.0;3581.0;648.0;1085.0;2.0;-1.0;-1.0;14.0;ISOPROPANOL
539.0;1012.0;1906.0;3809.0;683.0;1109.0;515.0;984.0;1902.0;3624.0;653.0;1091.0;2.0;-1.0;-5.0;8.0;ISOPROPANOL
535.0;1005.0;1896.0;3806.0;684.0;1105.0;512.0;971.0;1899.0;3598.0;647.0;1078.0;2.0;-1.0;-2.0;6.0;ISOPROPANOL
536.0;1004.0;1898.0;3779.0;682.0;1101.0;509.0;972.0;1891.0;3591.0;645.0;1078.0;2.0;-1.0;-2.0;4.0;ISOPROPANOL
533.0;1003.0;1890.0;3786.0;678.0;1096.0;507.0;970.0;1879.0;3550.0;643.0;1080.0;1.0;-1.0;-3.0;4.0;ISOPROPANOL
533.0;1001.0;1894.0;3762.0;676.0;1094.0;503.0;961.0;1869.0;3558.0;644.0;1072.0;0.0;-1.0;-2.0;0.0;ISOPROPANOL
532.0;997.0;1885.0;3755.0;674.0;1098.0;512.0;974.0;1882.0;3559.0;640.0;1078.0;1.0;-1.0;-2.0;0.0;ISOPROPANOL
527.0;989.0;1880.0;3748.0;675.0;1091.0;499.0;957.0;1867.0;3545.0;641.0;1079.0;1.0;-2.0;2.0;0.0;ISOPROPANOL
528.0;990.0;1876.0;3739.0;673.0;1091.0;501.0;958.0;1871.0;3562.0;643.0;1077.0;1.0;-2.0;2.0;2.0;ISOPROPANOL
530.0;990.0;1877.0;3756.0;674.0;1089.0;506.0;963.0;1881.0;3568.0;645.0;1080.0;4.0;-2.0;2.0;11.0;ISOPROPANOL
533.0;1001.0;1884.0;3752.0;677.0;1097.0;501.0;960.0;1881.0;3560.0;641.0;1071.0;4.0;-4.0;-2.0;8.0;ISOPROPANOL
525.0;986.0;1867.0;3737.0;673.0;1094.0;509.0;973.0;1890.0;3577.0;641.0;1071.0;5.0;-2.0;1.0;6.0;ISOPROPANOL
524.0;984.0;1864.0;3741.0;671.0;1086.0;507.0;970.0;1887.0;3553.0;644.0;1070.0;4.0;-4.0;1.0;7.0;ISOPROPANOL
525.0;986.0;1872.0;3731.0;670.0;1088.0;498.0;952.0;1855.0;3535.0;639.0;1066.0;4.0;-4.0;-2.0;7.0;ISOPROPANOL
522.0;981.0;1853.0;3720.0;666.0;1084.0;501.0;958.0;1857.0;3534.0;638.0;1068.0;4.0;-2.0;-2.0;10.0;ISOPROPANOL
522.0;978.0;1859.0;3721.0;669.0;1082.0;499.0;952.0;1854.0;3527.0;636.0;1065.0;4.0;0.0;-5.0;8.0;ISOPROPANOL
521.0;984.0;1865.0;3732.0;675.0;1098.0;514.0;982.0;1897.0;3580.0;645.0;1087.0;8.0;0.0;-5.0;4.0;ISOPROPANOL
538.0;1010.0;1902.0;3794.0;684.0;1108.0;505.0;973.0;1901.0;3595.0;648.0;1080.0;8.0;0.0;-5.0;4.0;ISOPROPANOL
544.0;1022.0;1918.0;3801.0;683.0;1108.0;513.0;980.0;1899.0;3611.0;650.0;1085.0;12.0;-2.0;3.0;3.0;ISOPROPANOL
543.0;1022.0;1914.0;3830.0;686.0;1112.0;508.0;971.0;1882.0;3578.0;651.0;1091.0;12.0;-4.0;2.0;8.0;ISOPROPANOL
536.0;1007.0;1905.0;3800.0;685.0;1107.0;511.0;971.0;1900.0;3606.0;651.0;1089.0;11.0;-6.0;3.0;8.0;ISOPROPANOL
544.0;1011.0;1908.0;3801.0;686.0;1108.0;523.0;990.0;1912.0;3636.0;652.0;1090.0;5.0;-7.0;3.0;9.0;ISOPROPANOL
535.0;1003.0;1891.0;3779.0;682.0;1107.0;514.0;976.0;1896.0;3608.0;648.0;1084.0;5.0;-7.0;6.0;8.0;ISOPROPANOL
529.0;1001.0;1892.0;3772.0;678.0;1099.0;511.0;978.0;1890.0;3582.0;646.0;1079.0;3.0;-6.0;3.0;10.0;ISOPROPANOL
531.0;997.0;1880.0;3767.0;677.0;1100.0;506.0;964.0;1886.0;3588.0;648.0;1080.0;3.0;-6.0;0.0;7.0;ISOPROPANOL
529.0;991.0;1882.0;3760.0;676.0;1104.0;511.0;979.0;1903.0;3601.0;649.0;1081.0;3.0;-6.0;0.0;7.0;ISOPROPANOL
541.0;1014.0;1910.0;3799.0;681.0;1104.0;500.0;959.0;1880.0;3574.0;646.0;1084.0;10.0;-6.0;5.0;7.0;ISOPROPANOL
543.0;1016.0;1915.0;3802.0;682.0;1104.0;516.0;985.0;1902.0;3593.0;649.0;1082.0;10.0;-6.0;0.0;16.0;ISOPROPANOL
538.0;1010.0;1905.0;3810.0;684.0;1104.0;524.0;991.0;1929.0;3629.0;651.0;1089.0;14.0;0.0;5.0;8.0;ISOPROPANOL
545.0;1023.0;1921.0;3821.0;687.0;1114.0;515.0;980.0;1901.0;3632.0;653.0;1092.0;11.0;-4.0;3.0;11.0;ISOPROPANOL
542.0;1014.0;1911.0;3798.0;682.0;1100.0;507.0;973.0;1897.0;3584.0;648.0;1085.0;4.0;-4.0;-4.0;5.0;ISOPROPANOL
539.0;1012.0;1898.0;3782.0;682.0;1105.0;509.0;970.0;1882.0;3596.0;648.0;1087.0;5.0;-4.0;-4.0;5.0;ISOPROPANOL
542.0;1011.0;1906.0;3819.0;685.0;1105.0;523.0;993.0;1914.0;3626.0;651.0;1085.0;5.0;-4.0;0.0;5.0;ISOPROPANOL
541.0;1009.0;1908.0;3793.0;681.0;1106.0;525.0;998.0;1921.0;3621.0;652.0;1086.0;10.0;-4.0;-3.0;13.0;ISOPROPANOL
544.0;1017.0;1908.0;3808.0;683.0;1107.0;516.0;986.0;1906.0;3625.0;650.0;1083.0;9.0;-2.0;0.0;14.0;ISOPROPANOL
537.0;1005.0;1895.0;3787.0;684.0;1109.0;520.0;989.0;1919.0;3640.0;653.0;1097.0;7.0;-2.0;9.0;10.0;ISOPROPANOL
551.0;1034.0;1935.0;3846.0;690.0;1119.0;520.0;990.0;1935.0;3665.0;657.0;1103.0;7.0;0.0;10.0;10.0;ISOPROPANOL
553.0;1037.0;1942.0;3866.0;695.0;1119.0;532.0;1007.0;1938.0;3657.0;654.0;1098.0;7.0;0.0;12.0;4.0;ISOPROPANOL
555.0;1042.0;1946.0;3886.0;695.0;1121.0;539.0;1021.0;1978.0;3718.0;666.0;1110.0;7.0;-1.0;10.0;8.0;ISOPROPANOL
563.0;1048.0;1956.0;3896.0;695.0;1119.0;532.0;1004.0;1941.0;3651.0;657.0;1098.0;6.0;-1.0;-1.0;6.0;ISOPROPANOL
556.0;1042.0;1938.0;3868.0;692.0;1119.0;528.0;999.0;1941.0;3660.0;658.0;1099.0;2.0;-1.0;-1.0;6.0;ISOPROPANOL
553.0;1034.0;1926.0;3848.0;687.0;1107.0;509.0;970.0;1897.0;3595.0;650.0;1086.0;2.0;-2.0;-1.0;5.0;ISOPROPANOL
543.0;1017.0;1915.0;3808.0;686.0;1103.0;514.0;979.0;1895.0;3601.0;649.0;1080.0;2.0;-2.0;-5.0;5.0;ISOPROPANOL
541.0;1011.0;1903.0;3789.0;677.0;1100.0;514.0;984.0;1914.0;3619.0;647.0;1079.0;0.0;-2.0;-8.0;5.0;ISOPROPANOL
540.0;1012.0;1902.0;3803.0;682.0;1107.0;528.0;1001.0;1933.0;3652.0;655.0;1093.0;0.0;-2.0;-8.0;4.0;ISOPROPANOL
553.0;1033.0;1936.0;3864.0;692.0;1119.0;522.0;995.0;1938.0;3663.0;656.0;1101.0;-3.0;-4.0;-8.0;5.0;ISOPROPANOL
556.0;1034.0;1931.0;3857.0;691.0;1120.0;528.0;1003.0;1943.0;3667.0;656.0;1094.0;0.0;-4.0;-6.0;8.0;ISOPROPANOL
558.0;1040.0;1938.0;3872.0;692.0;1113.0;527.0;1001.0;1942.0;3649.0;655.0;1088.0;3.0;-4.0;-2.0;8.0;ISOPROPANOL
553.0;1029.0;1933.0;3841.0;687.0;1112.0;533.0;1008.0;1942.0;3649.0;653.0;1091.0;6.0;-4.0;1.0;9.0;ISOPROPANOL
546.0;1026.0;1920.0;3820.0;686.0;1112.0;532.0;1003.0;1944.0;3668.0;654.0;1096.0;7.0;-7.0;2.0;15.0;ISOPROPANOL
549.0;1028.0;1926.0;3844.0;688.0;1115.0;528.0;1001.0;1942.0;3674.0;656.0;1096.0;11.0;-7.0;1.0;9.0;ISOPROPANOL
553.0;1034.0;1938.0;3870.0;692.0;1118.0;527.0;1003.0;1945.0;3682.0;660.0;1103.0;7.0;-7.0;2.0;7.0;ISOPROPANOL
550.0;1031.0;1938.0;3865.0;693.0;1117.0;520.0;989.0;1928.0;3651.0;657.0;1089.0;3.0;-4.0;0.0;10.0;ISOPROPANOL
553.0;1033.0;1931.0;3852.0;688.0;1112.0;524.0;992.0;1921.0;3629.0;654.0;1097.0;2.0;-1.0;-2.0;8.0;ISOPROPANOL
554.0;1031.0;1940.0;3877.0;695.0;1125.0;538.0;1021.0;1976.0;3717.0;665.0;1108.0;3.0;-1.0;0.0;8.0;ISOPROPANOL
559.0;1042.0;1942.0;3892.0;697.0;1127.0;523.0;1001.0;1943.0;3679.0;659.0;1105.0;3.0;-1.0;2.0;9.0;ISOPROPANOL
560.0;1040.0;1943.0;3889.0;698.0;1128.0;533.0;1013.0;1954.0;3699.0;662.0;1108.0;6.0;-4.0;2.0;7.0;ISOPROPANOL
560.0;1048.0;1952.0;3899.0;698.0;1122.0;527.0;1003.0;1942.0;3679.0;660.0;1097.0;2.0;-4.0;2.0;7.0;ISOPROPANOL
547.0;1026.0;1926.0;3849.0;694.0;1116.0;519.0;990.0;1922.0;3642.0;656.0;1101.0;6.0;-4.0;8.0;7.0;ISOPROPANOL
548.0;1026.0;1930.0;3866.0;692.0;1119.0;530.0;1006.0;1936.0;3671.0;657.0;1100.0;10.0;-4.0;4.0;13.0;ISOPROPANOL
559.0;1042.0;1939.0;3881.0;691.0;1119.0;523.0;991.0;1917.0;3642.0;655.0;1094.0;11.0;-5.0;4.0;8.0;ISOPROPANOL
550.0;1024.0;1926.0;3827.0;689.0;1115.0;517.0;985.0;1913.0;3647.0;655.0;1096.0;10.0;-4.0;6.0;12.0;ISOPROPANOL
555.0;1031.0;1931.0;3862.0;691.0;1117.0;528.0;1006.0;1943.0;3674.0;659.0;1098.0;10.0;-4.0;4.0;10.0;ISOPROPANOL
551.0;1032.0;1940.0;3881.0;695.0;1124.0;540.0;1028.0;1978.0;3731.0;669.0;1109.0;10.0;-3.0;3.0;8.0;ISOPROPANOL
566.0;1057.0;1970.0;3930.0;704.0;1130.0;535.0;1019.0;1965.0;3701.0;665.0;1102.0;9.0;-1.0;4.0;8.0;ISOPROPANOL
555.0;1039.0;1948.0;3902.0;698.0;1123.0;528.0;1000.0;1941.0;3663.0;656.0;1097.0;5.0;-1.0;3.0;12.0;ISOPROPANOL
555.0;1038.0;1945.0;3882.0;694.0;1120.0;531.0;1012.0;1957.0;3686.0;661.0;1101.0;4.0;-1.0;1.0;8.0;ISOPROPANOL
557.0;1039.0;1945.0;3892.0;695.0;1126.0;528.0;998.0;1948.0;3669.0;660.0;1104.0;4.0;-1.0;1.0;8.0;ISOPROPANOL
558.0;1040.0;1944.0;3879.0;694.0;1120.0;521.0;992.0;1937.0;3672.0;659.0;1101.0;4.0;-4.0;1.0;3.0;ISOPROPANOL
558.0;1042.0;1938.0;3871.0;695.0;1125.0;526.0;998.0;1938.0;3678.0;662.0;1106.0;4.0;-4.0;1.0;2.0;ISOPROPANOL
551.0;1033.0;1930.0;3861.0;694.0;1117.0;528.0;995.0;1925.0;3666.0;658.0;1099.0;5.0;-4.0;-4.0;6.0;ISOPROPANOL
551.0;1030.0;1939.0;3875.0;695.0;1120.0;525.0;994.0;1932.0;3673.0;661.0;1106.0;5.0;-4.0;2.0;6.0;ISOPROPANOL
553.0;1031.0;1933.0;3850.0;696.0;1122.0;533.0;1014.0;1960.0;3692.0;664.0;1106.0;4.0;-3.0;-1.0;7.0;ISOPROPANOL
565.0;1051.0;1959.0;3931.0;704.0;1131.0;536.0;1020.0;1976.0;3699.0;668.0;1111.0;4.0;-2.0;-1.0;9.0;ISOPROPANOL
565.0;1053.0;1967.0;3926.0;705.0;1136.0;538.0;1020.0;1969.0;3706.0;670.0;1116.0;6.0;-1.0;1.0;9.0;ISOPROPANOL
573.0;1062.0;1972.0;3946.0;707.0;1146.0;540.0;1027.0;1987.0;3765.0;676.0;1132.0;6.0;-1.0;2.0;9.0;ISOPROPANOL
576.0;1074.0;1988.0;3986.0;718.0;1158.0;557.0;1051.0;2038.0;3838.0;689.0;1145.0;6.0;-2.0;3.0;9.0;ISOPROPANOL
581.0;1077.0;1995.0;4007.0;718.0;1161.0;557.0;1057.0;2047.0;3846.0;687.0;1138.0;5.0;-3.0;4.0;3.0;ISOPROPANOL
584.0;1089.0;2003.0;4011.0;717.0;1157.0;555.0;1054.0;2030.0;3829.0;689.0;1145.0;4.0;-3.0;3.0;5.0;ISOPROPANOL
589.0;1094.0;2011.0;4052.0;721.0;1162.0;552.0;1053.0;2031.0;3838.0;686.0;1134.0;4.0;-3.0;3.0;2.0;ISOPROPANOL
582.0;1085.0;1999.0;4017.0;716.0;1155.0;552.0;1051.0;2006.0;3782.0;679.0;1128.0;4.0;-3.0;1.0;2.0;ISOPROPANOL
579.0;1079.0;1989.0;3983.0;713.0;1150.0;554.0;1049.0;2009.0;3760.0;674.0;1125.0;9.0;3.0;1.0;2.0;ISOPROPANOL
578.0;1072.0;1986.0;3992.0;715.0;1149.0;561.0;1059.0;2039.0;3831.0;680.0;1132.0;6.0;2.0;-5.0;5.0;ISOPROPANOL
586.0;1089.0;2002.0;4017.0;715.0;1151.0;562.0;1061.0;2034.0;3806.0;683.0;1130.0;5.0;-3.0;-5.0;8.0;ISOPROPANOL
576.0;1075.0;1992.0;3992.0;717.0;1160.0;562.0;1062.0;2039.0;3859.0;689.0;1151.0;5.0;-4.0;0.0;14.0;ISOPROPANOL
596.0;1108.0;2028.0;4054.0;726.0;1168.0;568.0;1063.0;2039.0;3850.0;690.0;1144.0;3.0;-5.0;7.0;8.0;ISOPROPANOL
586.0;1090.0;2011.0;4040.0;720.0;1162.0;557.0;1049.0;2029.0;3823.0;686.0;1137.0;3.0;-5.0;5.0;8.0;ISOPROPANOL
583.0;1085.0;1999.0;4034.0;718.0;1159.0;555.0;1050.0;2023.0;3826.0;680.0;1136.0;4.0;-5.0;5.0;12.0;ISOPROPANOL
580.0;1077.0;1994.0;3994.0;711.0;1140.0;547.0;1043.0;2004.0;3757.0;676.0;1128.0;4.0;-5.0;5.0;5.0;ISOPROPANOL
576.0;1074.0;1990.0;3962.0;708.0;1142.0;546.0;1036.0;1990.0;3751.0;677.0;1124.0;8.0;-4.0;7.0;6.0;ISOPROPANOL
579.0;1075.0;1985.0;3985.0;713.0;1153.0;553.0;1047.0;2018.0;3813.0;681.0;1132.0;11.0;-2.0;13.0;5.0;ISOPROPANOL
589.0;1091.0;2000.0;4013.0;715.0;1149.0;550.0;1040.0;2007.0;3788.0;680.0;1123.0;8.0;-2.0;7.0;6.0;ISOPROPANOL
579.0;1077.0;1989.0;3964.0;710.0;1146.0;550.0;1038.0;1996.0;3763.0;671.0;1125.0;11.0;-2.0;4.0;4.0;ISOPROPANOL
575.0;1074.0;1982.0;3980.0;711.0;1146.0;553.0;1044.0;2021.0;3787.0;679.0;1125.0;8.0;-2.0;0.0;8.0;ISOPROPANOL
582.0;1081.0;2006.0;4015.0;718.0;1150.0;566.0;1065.0;2038.0;3828.0;684.0;1135.0;12.0;-2.0;0.0;6.0;ISOPROPANOL
583.0;1086.0;2001.0;4014.0;719.0;1152.0;558.0;1051.0;2023.0;3806.0;681.0;1131.0;5.0;-1.0;-3.0;8.0;ISOPROPANOL
583.0;1083.0;2008.0;4053.0;725.0;1171.0;570.0;1080.0;2092.0;3931.0;702.0;1156.0;8.0;0.0;0.0;7.0;ISOPROPANOL
607.0;1125.0;2046.0;4115.0;732.0;1174.0;577.0;1079.0;2077.0;3893.0;696.0;1151.0;5.0;-1.0;0.0;7.0;ISOPROPANOL
597.0;1107.0;2031.0;4076.0;728.0;1165.0;574.0;1081.0;2066.0;3867.0;690.0;1141.0;5.0;-1.0;-3.0;9.0;ISOPROPANOL
589.0;1092.0;2018.0;4046.0;721.0;1161.0;557.0;1052.0;2037.0;3831.0;686.0;1142.0;3.0;-1.0;-3.0;5.0;ISOPROPANOL
588.0;1097.0;2020.0;4061.0;725.0;1159.0;562.0;1060.0;2042.0;3842.0;689.0;1143.0;3.0;-1.0;2.0;4.0;ISOPROPANOL
589.0;1091.0;2011.0;4043.0;723.0;1167.0;564.0;1066.0;2065.0;3879.0;695.0;1150.0;9.0;-1.0;6.0;4.0;ISOPROPANOL
598.0;1112.0;2038.0;4089.0;728.0;1173.0;567.0;1069.0;2058.0;3883.0;697.0;1145.0;9.0;-1.0;-7.0;2.0;ISOPROPANOL
588.0;1097.0;2015.0;4046.0;725.0;1164.0;572.0;1074.0;2064.0;3871.0;692.0;1149.0;10.0;-2.0;3.0;4.0;ISOPROPANOL
590.0;1095.0;2020.0;4069.0;727.0;1166.0;563.0;1061.0;2049.0;3845.0;689.0;1145.0;9.0;-2.0;3.0;4.0;ISOPROPANOL
596.0;1103.0;2020.0;4067.0;722.0;1165.0;565.0;1066.0;2048.0;3850.0;687.0;1143.0;3.0;-2.0;1.0;3.0;ISOPROPANOL
589.0;1098.0;2018.0;4045.0;726.0;1160.0;577.0;1086.0;2082.0;3915.0;695.0;1156.0;3.0;-2.0;-5.0;3.0;ISOPROPANOL
595.0;1107.0;2036.0;4114.0;733.0;1180.0;575.0;1085.0;2093.0;3914.0;698.0;1156.0;3.0;1.0;1.0;3.0;ISOPROPANOL
597.0;1112.0;2039.0;4139.0;741.0;1192.0;584.0;1096.0;2104.0;3975.0;709.0;1176.0;5.0;1.0;0.0;7.0;ISOPROPANOL
614.0;1137.0;2073.0;4187.0;746.0;1201.0;582.0;1099.0;2115.0;3992.0;708.0;1179.0;5.0;1.0;0.0;5.0;ISOPROPANOL
612.0;1137.0;2066.0;4163.0;743.0;1190.0;587.0;1101.0;2107.0;3942.0;706.0;1167.0;5.0;1.0;1.0;10.0;ISOPROPANOL
603.0;1121.0;2047.0;4134.0;739.0;1180.0;571.0;1073.0;2061.0;3872.0;695.0;1158.0;5.0;1.0;1.0;7.0;ISOPROPANOL
601.0;1115.0;2043.0;4117.0;736.0;1173.0;569.0;1069.0;2055.0;3839.0;690.0;1147.0;0.0;0.0;1.0;9.0;ISOPROPANOL
592.0;1095.0;2022.0;4037.0;722.0;1166.0;558.0;1055.0;2042.0;3837.0;688.0;1148.0;0.0;0.0;1.0;7.0;ISOPROPANOL
591.0;1096.0;2015.0;4046.0;725.0;1164.0;561.0;1059.0;2040.0;3821.0;687.0;1146.0;0.0;1.0;1.0;16.0;ISOPROPANOL
590.0;1096.0;2012.0;4025.0;723.0;1164.0;569.0;1066.0;2048.0;3840.0;688.0;1134.0;5.0;1.0;1.0;2.0;ISOPROPANOL
586.0;1090.0;2004.0;4026.0;721.0;1156.0;561.0;1059.0;2037.0;3827.0;684.0;1143.0;9.0;2.0;1.0;4.0;ISOPROPANOL
586.0;1090.0;2011.0;4028.0;716.0;1153.0;564.0;1059.0;2035.0;3817.0;679.0;1135.0;9.0;1.0;2.0;4.0;ISOPROPANOL
588.0;1093.0;2007.0;4034.0;721.0;1156.0;551.0;1048.0;2030.0;3835.0;682.0;1138.0;12.0;-2.0;5.0;4.0;ISOPROPANOL
589.0;1092.0;2017.0;4080.0;726.0;1163.0;568.0;1081.0;2069.0;3890.0;694.0;1155.0;8.0;-3.0;2.0;5.0;ISOPROPANOL
596.0;1110.0;2033.0;4117.0;735.0;1180.0;577.0;1086.0;2085.0;3916.0;701.0;1162.0;7.0;-4.0;2.0;4.0;ISOPROPANOL
605.0;1117.0;2044.0;4117.0;734.0;1177.0;577.0;1081.0;2084.0;3934.0;700.0;1165.0;6.0;-3.0;2.0;5.0;ISOPROPANOL
603.0;1125.0;2044.0;4110.0;736.0;1176.0;569.0;1071.0;2069.0;3865.0;696.0;1155.0;9.0;-2.0;2.0;5.0;ISOPROPANOL
603.0;1117.0;2040.0;4108.0;731.0;1181.0;573.0;1081.0;2079.0;3908.0;699.0;1158.0;7.0;-4.0;2.0;10.0;ISOPROPANOL
607.0;1124.0;2048.0;4129.0;734.0;1181.0;581.0;1100.0;2111.0;3945.0;699.0;1161.0;10.0;-2.0;2.0;9.0;ISOPROPANOL
607.0;1131.0;2054.0;4151.0;737.0;1188.0;577.0;1088.0;2093.0;3906.0;702.0;1162.0;7.0;-2.0;7.0;9.0;ISOPROPANOL
607.0;1122.0;2053.0;4150.0;738.0;1182.0;576.0;1082.0;2079.0;3885.0;697.0;1163.0;7.0;-3.0;7.0;11.0;ISOPROPANOL
604.0;1121.0;2038.0;4117.0;733.0;1173.0;574.0;1078.0;2060.0;3864.0;693.0;1152.0;10.0;-3.0;8.0;9.0;ISOPROPANOL
593.0;1107.0;2024.0;4087.0;730.0;1172.0;572.0;1077.0;2076.0;3889.0;699.0;1155.0;3.0;-3.0;7.0;9.0;ISOPROPANOL
605.0;1119.0;2042.0;4119.0;736.0;1188.0;580.0;1093.0;2097.0;3942.0;708.0;1171.0;11.0;-3.0;7.0;9.0;ISOPROPANOL
608.0;1131.0;2061.0;4143.0;740.0;1182.0;578.0;1092.0;2091.0;3927.0;701.0;1161.0;7.0;-2.0;7.0;7.0;ISOPROPANOL
604.0;1127.0;2054.0;4151.0;739.0;1190.0;579.0;1091.0;2100.0;3963.0;705.0;1174.0;7.0;0.0;7.0;5.0;ISOPROPANOL
617.0;1140.0;2068.0;4198.0;745.0;1198.0;586.0;1101.0;2117.0;3973.0;711.0;1178.0;9.0;-1.0;8.0;9.0;ISOPROPANOL
618.0;1140.0;2071.0;4202.0;745.0;1191.0;580.0;1095.0;2106.0;3951.0;700.0;1165.0;7.0;-1.0;7.0;5.0;ISOPROPANOL
605.0;1120.0;2044.0;4130.0;736.0;1184.0;582.0;1088.0;2085.0;3907.0;697.0;1164.0;4.0;-1.0;2.0;6.0;ISOPROPANOL
605.0;1116.0;2036.0;4116.0;731.0;1178.0;580.0;1089.0;2099.0;3923.0;699.0;1162.0;-1.0;-6.0;-3.0;5.0;ISOPROPANOL
603.0;1124.0;2045.0;4113.0;735.0;1180.0;574.0;1088.0;2094.0;3925.0;701.0;1159.0;-1.0;-6.0;-3.0;3.0;ISOPROPANOL
608.0;1122.0;2043.0;4130.0;731.0;1177.0;571.0;1075.0;2062.0;3882.0;693.0;1155.0;-1.0;-6.0;-3.0;3.0;ISOPROPANOL
605.0;1121.0;2046.0;4124.0;734.0;1181.0;573.0;1076.0;2063.0;3871.0;696.0;1152.0;2.0;-4.0;6.0;8.0;ISOPROPANOL
603.0;1113.0;2042.0;4087.0;730.0;1171.0;576.0;1083.0;2062.0;3875.0;693.0;1151.0;17.0;-3.0;10.0;8.0;ISOPROPANOL
594.0;1112.0;2036.0;4085.0;731.0;1183.0;587.0;1105.0;2123.0;3958.0;702.0;1168.0;15.0;-3.0;6.0;9.0;ISOPROPANOL
606.0;1130.0;2055.0;4176.0;744.0;1192.0;590.0;1105.0;2113.0;3977.0;709.0;1170.0;9.0;-4.0;6.0;5.0;ISOPROPANOL
614.0;1139.0;2059.0;4168.0;743.0;1193.0;594.0;1112.0;2110.0;3978.0;706.0;1173.0;7.0;-4.0;5.0;7.0;ISOPROPANOL
616.0;1136.0;2061.0;4163.0;742.0;1185.0;577.0;1087.0;2096.0;3910.0;698.0;1163.0;9.0;0.0;2.0;7.0;ISOPROPANOL
610.0;1123.0;2050.0;4134.0;737.0;1181.0;578.0;1085.0;2083.0;3925.0;700.0;1156.0;6.0;-6.0;2.0;7.0;ISOPROPANOL
604.0;1124.0;2049.0;4137.0;736.0;1185.0;592.0;1110.0;2124.0;3976.0;709.0;1173.0;5.0;0.0;-1.0;10.0;ISOPROPANOL
620.0;1141.0;2071.0;4192.0;746.0;1197.0;587.0;1103.0;2122.0;3981.0;709.0;1174.0;5.0;0.0;-1.0;5.0;ISOPROPANOL
619.0;1145.0;2071.0;4194.0;745.0;1196.0;578.0;1089.0;2095.0;3946.0;702.0;1168.0;5.0;-5.0;-1.0;4.0;ISOPROPANOL
610.0;1133.0;2059.0;4167.0;744.0;1198.0;591.0;1111.0;2133.0;3979.0;709.0;1176.0;9.0;-5.0;2.0;3.0;ISOPROPANOL
612.0;1133.0;2049.0;4160.0;741.0;1191.0;576.0;1090.0;2090.0;3925.0;702.0;1164.0;16.0;-1.0;7.0;3.0;ISOPROPANOL
612.0;1134.0;2063.0;4177.0;745.0;1196.0;595.0;1111.0;2133.0;3990.0;715.0;1185.0;9.0;-2.0;7.0;3.0;ISOPROPANOL
616.0;1138.0;2056.0;4190.0;748.0;1202.0;600.0;1122.0;2155.0;4015.0;716.0;1187.0;3.0;-2.0;2.0;7.0;ISOPROPANOL
620.0;1148.0;2080.0;4221.0;753.0;1209.0;606.0;1130.0;2162.0;4041.0;719.0;1186.0;3.0;-2.0;1.0;4.0;ISOPROPANOL
629.0;1161.0;2089.0;4218.0;750.0;1202.0;591.0;1106.0;2127.0;3996.0;709.0;1176.0;7.0;-4.0;1.0;4.0;ISOPROPANOL
618.0;1142.0;2060.0;4185.0;745.0;1196.0;588.0;1100.0;2109.0;3961.0;706.0;1175.0;9.0;-4.0;1.0;3.0;ISOPROPANOL
624.0;1153.0;2077.0;4200.0;746.0;1198.0;584.0;1095.0;2107.0;3962.0;708.0;1176.0;7.0;-4.0;1.0;5.0;ISOPROPANOL
621.0;1142.0;2073.0;4187.0;744.0;1189.0;585.0;1101.0;2109.0;3950.0;702.0;1168.0;-2.0;-4.0;-1.0;4.0;ISOPROPANOL
618.0;1141.0;2068.0;4187.0;745.0;1194.0;594.0;1112.0;2143.0;4010.0;712.0;1179.0;-2.0;-1.0;-2.0;4.0;ISOPROPANOL
625.0;1156.0;2088.0;4211.0;749.0;1198.0;599.0;1116.0;2131.0;3975.0;708.0;1167.0;-2.0;0.0;-2.0;4.0;ISOPROPANOL
615.0;1137.0;2060.0;4141.0;737.0;1187.0;593.0;1106.0;2121.0;3964.0;704.0;1167.0;12.0;-1.0;-1.0;4.0;ISOPROPANOL
609.0;1129.0;2060.0;4157.0;741.0;1185.0;591.0;1108.0;2122.0;3976.0;705.0;1162.0;13.0;0.0;-2.0;4.0;ISOPROPANOL
615.0;1136.0;2059.0;4152.0;741.0;1192.0;597.0;1115.0;2123.0;3974.0;702.0;1165.0;15.0;-1.0;9.0;3.0;ISOPROPANOL
617.0;1143.0;2067.0;4185.0;739.0;1190.0;579.0;1099.0;2094.0;3946.0;702.0;1167.0;10.0;-1.0;6.0;4.0;ISOPROPANOL
622.0;1145.0;2076.0;4177.0;746.0;1188.0;584.0;1092.0;2109.0;3936.0;701.0;1168.0;9.0;-2.0;6.0;5.0;ISOPROPANOL
618.0;1141.0;2068.0;4178.0;745.0;1191.0;592.0;1109.0;2122.0;3991.0;710.0;1176.0;7.0;-1.0;4.0;4.0;ISOPROPANOL
621.0;1148.0;2080.0;4214.0;751.0;1203.0;595.0;1120.0;2147.0;4005.0;713.0;1188.0;3.0;-2.0;4.0;4.0;ISOPROPANOL
632.0;1164.0;2088.0;4260.0;757.0;1211.0;610.0;1135.0;2164.0;4032.0;719.0;1183.0;7.0;-2.0;2.0;4.0;ISOPROPANOL
635.0;1171.0;2099.0;4256.0;759.0;1212.0;603.0;1134.0;2174.0;4080.0;722.0;1192.0;6.0;2.0;-1.0;8.0;ISOPROPANOL
634.0;1163.0;2091.0;4246.0;755.0;1205.0;604.0;1129.0;2150.0;4035.0;716.0;1187.0;6.0;3.0;-1.0;8.0;ISOPROPANOL
630.0;1165.0;2091.0;4240.0;754.0;1204.0;590.0;1113.0;2133.0;4010.0;714.0;1177.0;5.0;0.0;-1.0;8.0;ISOPROPANOL
628.0;1161.0;2087.0;4234.0;753.0;1204.0;594.0;1122.0;2133.0;4026.0;715.0;1183.0;6.0;0.0;-3.0;4.0;ISOPROPANOL
629.0;1158.0;2090.0;4229.0;749.0;1201.0;593.0;1115.0;2133.0;4012.0;711.0;1182.0;6.0;0.0;2.0;1.0;ISOPROPANOL
637.0;1171.0;2103.0;4260.0;757.0;1204.0;597.0;1120.0;2141.0;4013.0;718.0;1179.0;7.0;0.0;2.0;1.0;ISOPROPANOL
625.0;1147.0;2075.0;4198.0;751.0;1187.0;599.0;1113.0;2135.0;3978.0;707.0;1173.0;6.0;-4.0;2.0;4.0;ISOPROPANOL
626.0;1151.0;2074.0;4201.0;744.0;1190.0;588.0;1095.0;2115.0;3932.0;704.0;1168.0;7.0;0.0;2.0;10.0;ISOPROPANOL
615.0;1138.0;2066.0;4182.0;744.0;1192.0;586.0;1102.0;2106.0;3961.0;706.0;1175.0;8.0;-4.0;2.0;8.0;ISOPROPANOL
622.0;1149.0;2072.0;4203.0;745.0;1198.0;589.0;1111.0;2124.0;3969.0;712.0;1184.0;11.0;-2.0;2.0;8.0;ISOPROPANOL
626.0;1152.0;2082.0;4223.0;750.0;1206.0;600.0;1118.0;2139.0;4017.0;717.0;1184.0;9.0;-3.0;2.0;7.0;ISOPROPANOL
626.0;1148.0;2082.0;4231.0;752.0;1200.0;587.0;1101.0;2122.0;3955.0;707.0;1179.0;16.0;-3.0;2.0;6.0;ISOPROPANOL
629.0;1155.0;2084.0;4247.0;751.0;1201.0;597.0;1119.0;2155.0;4008.0;718.0;1190.0;9.0;-3.0;2.0;6.0;ISOPROPANOL
629.0;1161.0;2091.0;4240.0;756.0;1208.0;600.0;1122.0;2147.0;4035.0;720.0;1189.0;13.0;-3.0;2.0;6.0;ISOPROPANOL
635.0;1171.0;2104.0;4278.0;758.0;1212.0;600.0;1120.0;2153.0;4036.0;717.0;1183.0;4.0;-3.0;3.0;8.0;ISOPROPANOL
628.0;1160.0;2091.0;4230.0;750.0;1195.0;593.0;1118.0;2140.0;4001.0;713.0;1179.0;13.0;-3.0;2.0;7.0;ISOPROPANOL
625.0;1151.0;2083.0;4210.0;749.0;1199.0;592.0;1115.0;2127.0;3964.0;710.0;1170.0;5.0;-3.0;3.0;5.0;ISOPROPANOL
626.0;1150.0;2080.0;4204.0;748.0;1202.0;589.0;1109.0;2129.0;3989.0;709.0;1187.0;10.0;-3.0;3.0;5.0;ISOPROPANOL
632.0;1165.0;2090.0;4250.0;751.0;1200.0;594.0;1116.0;2132.0;4008.0;713.0;1182.0;9.0;-3.0;3.0;9.0;ISOPROPANOL
631.0;1158.0;2093.0;4243.0;752.0;1206.0;610.0;1145.0;2179.0;4072.0;720.0;1190.0;9.0;-3.0;4.0;5.0;ISOPROPANOL
632.0;1161.0;2086.0;4232.0;751.0;1200.0;599.0;1116.0;2145.0;3998.0;718.0;1187.0;5.0;-3.0;2.0;6.0;ISOPROPANOL
633.0;1167.0;2103.0;4283.0;758.0;1208.0;616.0;1148.0;2189.0;4080.0;723.0;1187.0;5.0;0.0;2.0;5.0;ISOPROPANOL
639.0;1174.0;2103.0;4261.0;756.0;1211.0;609.0;1137.0;2161.0;4038.0;719.0;1187.0;4.0;2.0;-2.0;6.0;ISOPROPANOL
634.0;1164.0;2098.0;4252.0;754.0;1208.0;603.0;1127.0;2162.0;4018.0;717.0;1188.0;3.0;0.0;-3.0;7.0;ISOPROPANOL
632.0;1169.0;2095.0;4270.0;756.0;1214.0;608.0;1141.0;2171.0;4033.0;717.0;1184.0;4.0;0.0;-3.0;12.0;ISOPROPANOL
625.0;1153.0;2088.0;4228.0;751.0;1198.0;595.0;1111.0;2130.0;3974.0;712.0;1175.0;8.0;-3.0;-7.0;8.0;ISOPROPANOL
626.0;1145.0;2079.0;4195.0;746.0;1200.0;601.0;1117.0;2145.0;4002.0;716.0;1177.0;9.0;-3.0;-7.0;9.0;ISOPROPANOL
630.0;1161.0;2089.0;4225.0;748.0;1197.0;596.0;1112.0;2143.0;4002.0;711.0;1182.0;1.0;-4.0;-7.0;9.0;ISOPROPANOL
633.0;1161.0;2094.0;4248.0;752.0;1202.0;603.0;1124.0;2150.0;4030.0;719.0;1182.0;1.0;-3.0;-2.0;11.0;ISOPROPANOL
632.0;1169.0;2100.0;4251.0;755.0;1210.0;597.0;1124.0;2150.0;4033.0;717.0;1182.0;1.0;-2.0;-1.0;9.0;ISOPROPANOL
629.0;1153.0;2085.0;4204.0;748.0;1200.0;597.0;1117.0;2133.0;4001.0;712.0;1176.0;8.0;-2.0;-1.0;6.0;ISOPROPANOL
628.0;1154.0;2080.0;4194.0;746.0;1199.0;603.0;1120.0;2146.0;4023.0;715.0;1183.0;7.0;2.0;1.0;9.0;ISOPROPANOL
636.0;1167.0;2094.0;4229.0;753.0;1208.0;608.0;1134.0;2174.0;4043.0;721.0;1195.0;7.0;1.0;5.0;7.0;ISOPROPANOL
636.0;1181.0;2107.0;4308.0;760.0;1213.0;605.0;1129.0;2156.0;4016.0;720.0;1192.0;18.0;1.0;1.0;6.0;ISOPROPANOL
639.0;1172.0;2096.0;4270.0;756.0;1208.0;600.0;1120.0;2147.0;4020.0;715.0;1185.0;9.0;-2.0;3.0;11.0;ISOPROPANOL
628.0;1160.0;2089.0;4239.0;753.0;1203.0;601.0;1121.0;2140.0;4004.0;713.0;1185.0;10.0;-2.0;3.0;6.0;ISOPROPANOL
631.0;1163.0;2084.0;4243.0;752.0;1203.0;609.0;1140.0;2170.0;4063.0;716.0;1181.0;9.0;-4.0;3.0;7.0;ISOPROPANOL
629.0;1156.0;2085.0;4224.0;746.0;1198.0;595.0;1105.0;2128.0;3967.0;711.0;1175.0;5.0;-4.0;2.0;6.0;ISOPROPANOL
630.0;1158.0;2091.0;4221.0;753.0;1201.0;604.0;1129.0;2164.0;4029.0;713.0;1179.0;1.0;-7.0;3.0;5.0;ISOPROPANOL
634.0;1166.0;2094.0;4208.0;748.0;1201.0;594.0;1109.0;2134.0;4000.0;714.0;1180.0;1.0;-7.0;2.0;3.0;ISOPROPANOL
633.0;1167.0;2095.0;4244.0;754.0;1204.0;608.0;1134.0;2148.0;4018.0;714.0;1175.0;-1.0;0.0;1.0;5.0;ISOPROPANOL
634.0;1169.0;2096.0;4251.0;750.0;1200.0;597.0;1121.0;2144.0;3999.0;708.0;1176.0;1.0;2.0;0.0;5.0;ISOPROPANOL
631.0;1159.0;2083.0;4218.0;749.0;1198.0;601.0;1125.0;2139.0;4000.0;716.0;1183.0;2.0;0.0;0.0;3.0;ISOPROPANOL
628.0;1158.0;2086.0;4218.0;750.0;1202.0;594.0;1113.0;2142.0;3981.0;707.0;1181.0;5.0;2.0;0.0;1.0;ISOPROPANOL
621.0;1153.0;2084.0;4206.0;750.0;1201.0;599.0;1119.0;2147.0;4019.0;714.0;1185.0;2.0;2.0;0.0;0.0;ISOPROPANOL
633.0;1165.0;2096.0;4266.0;756.0;1204.0;596.0;1116.0;2147.0;4027.0;716.0;1177.0;2.0;2.0;0.0;0.0;ISOPROPANOL
629.0;1162.0;2091.0;4255.0;754.0;1207.0;605.0;1129.0;2162.0;4048.0;718.0;1189.0;-2.0;0.0;0.0;0.0;ISOPROPANOL
639.0;1173.0;2096.0;4260.0;756.0;1206.0;606.0;1131.0;2161.0;4039.0;719.0;1190.0;-2.0;2.0;0.0;2.0;ISOPROPANOL
630.0;1157.0;2088.0;4238.0;751.0;1207.0;599.0;1119.0;2144.0;4020.0;714.0;1191.0;-2.0;2.0;0.0;13.0;ISOPROPANOL
635.0;1167.0;2099.0;4256.0;754.0;1207.0;601.0;1124.0;2155.0;4056.0;718.0;1182.0;0.0;2.0;-2.0;9.0;ISOPROPANOL
626.0;1157.0;2089.0;4255.0;756.0;1222.0;609.0;1137.0;2176.0;4069.0;729.0;1202.0;1.0;2.0;-2.0;13.0;ISOPROPANOL
642.0;1184.0;2111.0;4310.0;768.0;1223.0;622.0;1157.0;2211.0;4090.0;726.0;1199.0;2.0;2.0;-2.0;4.0;ISOPROPANOL
646.0;1182.0;2116.0;4319.0;763.0;1214.0;613.0;1144.0;2169.0;4060.0;722.0;1196.0;2.0;4.0;1.0;8.0;ISOPROPANOL
641.0;1179.0;2108.0;4306.0;763.0;1217.0;605.0;1130.0;2173.0;4056.0;721.0;1194.0;2.0;-5.0;-2.0;3.0;ISOPROPANOL
635.0;1169.0;2104.0;4286.0;760.0;1215.0;619.0;1153.0;2195.0;4090.0;723.0;1195.0;2.0;-5.0;1.0;3.0;ISOPROPANOL
644.0;1182.0;2117.0;4311.0;765.0;1222.0;604.0;1133.0;2171.0;4064.0;724.0;1202.0;5.0;-5.0;2.0;3.0;ISOPROPANOL
647.0;1187.0;2126.0;4341.0;767.0;1222.0;609.0;1139.0;2170.0;4050.0;723.0;1198.0;5.0;-3.0;4.0;4.0;ISOPROPANOL
643.0;1182.0;2117.0;4309.0;763.0;1223.0;618.0;1154.0;2197.0;4099.0;728.0;1208.0;3.0;-3.0;2.0;4.0;ISOPROPANOL
651.0;1196.0;2127.0;4337.0;766.0;1218.0;611.0;1142.0;2174.0;4069.0;723.0;1191.0;5.0;-2.0;4.0;5.0;ISOPROPANOL
643.0;1189.0;2118.0;4308.0;763.0;1214.0;614.0;1145.0;2189.0;4085.0;722.0;1192.0;12.0;-2.0;6.0;9.0;ISOPROPANOL
644.0;1184.0;2112.0;4287.0;761.0;1211.0;613.0;1142.0;2177.0;4051.0;723.0;1193.0;13.0;-2.0;4.0;5.0;ISOPROPANOL
634.0;1174.0;2107.0;4283.0;760.0;1217.0;615.0;1138.0;2180.0;4059.0;725.0;1187.0;12.0;-2.0;6.0;7.0;ISOPROPANOL
641.0;1184.0;2112.0;4298.0;759.0;1212.0;609.0;1135.0;2168.0;4052.0;723.0;1192.0;6.0;1.0;4.0;9.0;ISOPROPANOL
638.0;1174.0;2100.0;4262.0;757.0;1206.0;600.0;1123.0;2145.0;4032.0;718.0;1183.0;6.0;-2.0;1.0;3.0;ISOPROPANOL
640.0;1173.0;2106.0;4256.0;755.0;1209.0;614.0;1144.0;2184.0;4071.0;719.0;1188.0;3.0;0.0;0.0;3.0;ISOPROPANOL
634.0;1171.0;2102.0;4255.0;753.0;1212.0;616.0;1149.0;2180.0;4067.0;719.0;1183.0;3.0;-2.0;0.0;5.0;ISOPROPANOL
636.0;1168.0;2097.0;4250.0;753.0;1208.0;603.0;1129.0;2148.0;4021.0;717.0;1189.0;9.0;-1.0;1.0;1.0;ISOPROPANOL
641.0;1176.0;2103.0;4269.0;758.0;1208.0;608.0;1139.0;2164.0;4051.0;721.0;1197.0;9.0;-2.0;11.0;1.0;ISOPROPANOL
636.0;1174.0;2104.0;4264.0;758.0;1211.0;611.0;1135.0;2166.0;4040.0;720.0;1188.0;13.0;-2.0;12.0;1.0;ISOPROPANOL
639.0;1173.0;2103.0;4289.0;760.0;1220.0;615.0;1149.0;2183.0;4049.0;719.0;1200.0;9.0;-2.0;1.0;1.0;ISOPROPANOL
639.0;1179.0;2109.0;4291.0;761.0;1220.0;615.0;1146.0;2185.0;4082.0;729.0;1205.0;4.0;-2.0;-1.0;4.0;ISOPROPANOL
651.0;1199.0;2129.0;4358.0;772.0;1232.0;612.0;1149.0;2210.0;4112.0;732.0;1215.0;3.0;-2.0;-7.0;10.0;ISOPROPANOL
654.0;1208.0;2134.0;4371.0;776.0;1239.0;618.0;1158.0;2220.0;4132.0;737.0;1219.0;3.0;-2.0;-7.0;9.0;ISOPROPANOL
651.0;1192.0;2126.0;4358.0;770.0;1230.0;615.0;1148.0;2190.0;4081.0;727.0;1203.0;-2.0;-6.0;-9.0;9.0;ISOPROPANOL
644.0;1185.0;2120.0;4310.0;763.0;1226.0;613.0;1148.0;2191.0;4094.0;729.0;1207.0;0.0;-7.0;-7.0;0.0;ISOPROPANOL
645.0;1187.0;2118.0;4327.0;771.0;1238.0;624.0;1161.0;2226.0;4162.0;739.0;1220.0;0.0;-7.0;-4.0;0.0;ISOPROPANOL
663.0;1218.0;2147.0;4409.0;782.0;1252.0;625.0;1165.0;2232.0;4191.0;746.0;1227.0;5.0;-2.0;7.0;3.0;ISOPROPANOL
667.0;1224.0;2155.0;4448.0;785.0;1253.0;632.0;1179.0;2242.0;4193.0;745.0;1231.0;2.0;-3.0;-4.0;1.0;ISOPROPANOL
668.0;1224.0;2156.0;4445.0;785.0;1250.0;646.0;1203.0;2271.0;4204.0;747.0;1231.0;2.0;-3.0;1.0;6.0;ISOPROPANOL
667.0;1220.0;2150.0;4393.0;781.0;1246.0;627.0;1167.0;2226.0;4145.0;741.0;1227.0;5.0;-2.0;1.0;5.0;ISOPROPANOL
668.0;1224.0;2156.0;4445.0;785.0;1250.0;646.0;1203.0;2271.0;4204.0;747.0;1231.0;7.0;-1.0;5.0;6.0;ISOPROPANOL
666.0;1221.0;2155.0;4418.0;786.0;1251.0;638.0;1186.0;2255.0;4195.0;743.0;1227.0;7.0;-1.0;9.0;6.0;ISOPROPANOL
663.0;1216.0;2148.0;4407.0;780.0;1243.0;620.0;1160.0;2217.0;4144.0;738.0;1215.0;7.0;-1.0;9.0;8.0;ISOPROPANOL
