OFFCHIP_SENSIMOX_SnAu_150_200.0_IN-PHASE;OFFCHIP_SENSIMOX_SnAu_200_200.0_IN-PHASE;OFFCHIP_SENSIMOX_SnAu_250_200.0_IN-PHASE;OFFCHIP_SENSIMOX_SnAu_300_200.0_IN-PHASE;OFFCHIP_SENSIMOX_SnAu_350_200.0_IN-PHASE;OFFCHIP_SENSIMOX_SnAu_400_200.0_IN-PHASE;OFFCHIP_SENSIMOX_SnAu_150_78125.0_IN-PHASE;OFFCHIP_SENSIMOX_SnAu_200_78125.0_IN-PHASE;OFFCHIP_SENSIMOX_SnAu_250_78125.0_IN-PHASE;OFFCHIP_SENSIMOX_SnAu_300_78125.0_IN-PHASE;OFFCHIP_SENSIMOX_SnAu_350_78125.0_IN-PHASE;OFFCHIP_SENSIMOX_SnAu_400_78125.0_IN-PHASE;ONCHIP_ALUMINUM_OXIDE_OUT4_IN-PHASE;ONCHIP_ALUMINUM_OXIDE_OUT4_QUADRATURE;ONCHIP_ALUMINUM_OXIDE_OUT7_IN-PHASE;ONCHIP_ALUMINUM_OXIDE_OUT7_QUADRATURE;LABEL
1.0;1.0;1.0;1.0;1.0;1.0;1.0;1.0;1.0;1.0;1.0;1.0;1.0;1.0;1.0;1.0;ISOPROPANOL
20.0;38.0;76.0;162.0;28.0;41.0;18.0;37.0;65.0;143.0;23.0;39.0;-3.0;1.0;-2.0;-1.0;ISOPROPANOL
29.0;57.0;113.0;219.0;38.0;54.0;19.0;40.0;77.0;144.0;26.0;43.0;-1.0;1.0;0.0;-1.0;ISOPROPANOL
26.0;50.0;93.0;188.0;32.0;47.0;15.0;34.0;63.0;126.0;22.0;35.0;-2.0;1.0;0.0;1.0;ISOPROPANOL
22.0;43.0;79.0;157.0;24.0;39.0;13.0;26.0;53.0;93.0;18.0;30.0;11.0;-1.0;12.0;7.0;ISOPROPANOL
21.0;39.0;71.0;141.0;23.0;34.0;9.0;19.0;37.0;73.0;15.0;20.0;11.0;-1.0;10.0;6.0;ISOPROPANOL
13.0;27.0;49.0;107.0;16.0;24.0;10.0;21.0;37.0;73.0;15.0;14.0;13.0;-1.0;10.0;5.0;ISOPROPANOL
14.0;27.0;56.0;113.0;21.0;31.0;14.0;28.0;46.0;80.0;17.0;25.0;12.0;-1.0;15.0;3.0;ISOPROPANOL
16.0;33.0;59.0;106.0;18.0;28.0;8.0;17.0;28.0;51.0;8.0;13.0;-6.0;-3.0;-9.0;1.0;ISOPROPANOL
11.0;26.0;48.0;92.0;18.0;31.0;10.0;21.0;41.0;84.0;15.0;24.0;-6.0;-5.0;-9.0;1.0;ISOPROPANOL
19.0;38.0;73.0;140.0;26.0;40.0;14.0;26.0;52.0;107.0;19.0;33.0;-6.0;-3.0;-5.0;1.0;ISOPROPANOL
25.0;48.0;93.0;190.0;35.0;56.0;19.0;40.0;80.0;169.0;31.0;52.0;-6.0;-4.0;-5.0;1.0;ISOPROPANOL
35.0;71.0;139.0;273.0;52.0;82.0;30.0;62.0;130.0;259.0;47.0;80.0;-6.0;-4.0;-4.0;1.0;ISOPROPANOL
48.0;96.0;181.0;340.0;60.0;94.0;31.0;63.0;123.0;244.0;45.0;71.0;-9.0;-4.0;-5.0;1.0;ISOPROPANOL
33.0;68.0;128.0;235.0;42.0;65.0;21.0;40.0;77.0;149.0;26.0;42.0;-9.0;-1.0;-5.0;1.0;ISOPROPANOL
32.0;65.0;123.0;230.0;42.0;65.0;24.0;48.0;88.0;178.0;19.0;32.0;-12.0;-3.0;-10.0;-4.0;ISOPROPANOL
25.0;52.0;101.0;203.0;39.0;64.0;25.0;49.0;95.0;202.0;35.0;57.0;-9.0;-3.0;-5.0;-4.0;ISOPROPANOL
32.0;65.0;123.0;230.0;42.0;66.0;24.0;48.0;88.0;178.0;28.0;44.0;-12.0;-1.0;-10.0;-5.0;ISOPROPANOL
25.0;51.0;94.0;183.0;32.0;55.0;17.0;38.0;70.0;147.0;26.0;45.0;-9.0;-3.0;-5.0;-5.0;ISOPROPANOL
30.0;60.0;117.0;221.0;43.0;72.0;26.0;56.0;114.0;228.0;40.0;70.0;-12.0;-6.0;-10.0;-5.0;ISOPROPANOL
47.0;94.0;184.0;366.0;67.0;112.0;41.0;82.0;162.0;332.0;60.0;100.0;-8.0;-6.0;-5.0;-5.0;ISOPROPANOL
55.0;110.0;209.0;398.0;70.0;111.0;38.0;79.0;151.0;294.0;52.0;86.0;-10.0;-3.0;-9.0;-3.0;ISOPROPANOL
41.0;86.0;165.0;323.0;61.0;98.0;33.0;71.0;141.0;275.0;51.0;85.0;-7.0;-3.0;-5.0;-2.0;ISOPROPANOL
43.0;83.0;161.0;300.0;53.0;83.0;29.0;59.0;109.0;219.0;38.0;59.0;-10.0;-1.0;-9.0;-2.0;ISOPROPANOL
28.0;52.0;100.0;185.0;34.0;55.0;18.0;38.0;70.0;139.0;24.0;40.0;-5.0;0.0;-9.0;3.0;ISOPROPANOL
23.0;52.0;103.0;204.0;39.0;66.0;24.0;47.0;91.0;185.0;31.0;53.0;-5.0;1.0;-9.0;3.0;ISOPROPANOL
26.0;53.0;102.0;185.0;33.0;55.0;18.0;35.0;69.0;132.0;21.0;37.0;-5.0;1.0;-9.0;3.0;ISOPROPANOL
19.0;37.0;70.0;128.0;24.0;41.0;12.0;25.0;50.0;109.0;18.0;31.0;-9.0;-1.0;-10.0;0.0;ISOPROPANOL
18.0;39.0;72.0;134.0;24.0;38.0;14.0;27.0;48.0;101.0;16.0;27.0;-4.0;-2.0;-9.0;0.0;ISOPROPANOL
18.0;38.0;70.0;134.0;25.0;41.0;14.0;29.0;53.0;107.0;18.0;30.0;-6.0;-3.0;-3.0;6.0;ISOPROPANOL
18.0;41.0;75.0;143.0;26.0;43.0;14.0;26.0;49.0;100.0;16.0;27.0;-7.0;-3.0;-3.0;7.0;ISOPROPANOL
13.0;29.0;53.0;98.0;18.0;31.0;9.0;15.0;26.0;57.0;9.0;14.0;-6.0;-3.0;-3.0;6.0;ISOPROPANOL
10.0;24.0;46.0;93.0;18.0;30.0;10.0;18.0;38.0;82.0;13.0;20.0;-6.0;-3.0;-3.0;6.0;ISOPROPANOL
12.0;24.0;47.0;93.0;17.0;27.0;7.0;15.0;28.0;53.0;9.0;16.0;-6.0;-4.0;-6.0;6.0;ISOPROPANOL
12.0;28.0;50.0;94.0;17.0;29.0;8.0;17.0;30.0;66.0;11.0;20.0;-7.0;-4.0;-7.0;0.0;ISOPROPANOL
13.0;27.0;50.0;99.0;20.0;32.0;7.0;18.0;35.0;74.0;12.0;18.0;-8.0;-3.0;-7.0;2.0;ISOPROPANOL
16.0;34.0;64.0;118.0;23.0;38.0;12.0;24.0;47.0;101.0;15.0;26.0;-10.0;-3.0;-7.0;4.0;ISOPROPANOL
19.0;42.0;83.0;159.0;30.0;51.0;17.0;37.0;69.0;152.0;28.0;44.0;-13.0;-3.0;-13.0;2.0;ISOPROPANOL
26.0;51.0;99.0;177.0;33.0;51.0;14.0;31.0;59.0;115.0;19.0;30.0;-13.0;-3.0;-16.0;4.0;ISOPROPANOL
16.0;31.0;54.0;100.0;16.0;26.0;6.0;12.0;18.0;38.0;3.0;5.0;-9.0;0.0;-1.0;2.0;ISOPROPANOL
9.0;21.0;40.0;79.0;16.0;25.0;6.0;12.0;11.0;30.0;3.0;7.0;-9.0;-5.0;-1.0;0.0;ISOPROPANOL
9.0;21.0;34.0;66.0;12.0;17.0;5.0;10.0;11.0;36.0;3.0;7.0;-9.0;-5.0;4.0;0.0;ISOPROPANOL
9.0;21.0;40.0;79.0;16.0;25.0;7.0;14.0;24.0;57.0;9.0;14.0;-9.0;-5.0;4.0;0.0;ISOPROPANOL
12.0;25.0;47.0;82.0;15.0;22.0;5.0;11.0;21.0;55.0;7.0;13.0;-9.0;-2.0;-11.0;0.0;ISOPROPANOL
12.0;25.0;45.0;84.0;16.0;27.0;8.0;16.0;25.0;55.0;7.0;15.0;-10.0;-2.0;-11.0;0.0;ISOPROPANOL
27.0;49.0;93.0;156.0;26.0;37.0;12.0;23.0;45.0;37.0;13.0;21.0;7.0;4.0;5.0;6.0;ISOPROPANOL
14.0;26.0;50.0;81.0;13.0;19.0;9.0;11.0;24.0;81.0;13.0;11.0;7.0;3.0;8.0;8.0;ISOPROPANOL
11.0;21.0;43.0;83.0;15.0;21.0;6.0;12.0;25.0;37.0;13.0;13.0;3.0;2.0;5.0;7.0;ISOPROPANOL
14.0;24.0;51.0;91.0;17.0;28.0;9.0;21.0;41.0;84.0;19.0;31.0;3.0;2.0;5.0;7.0;ISOPROPANOL
29.0;54.0;104.0;198.0;34.0;54.0;18.0;36.0;73.0;141.0;25.0;43.0;3.0;1.0;3.0;7.0;ISOPROPANOL
29.0;55.0;109.0;209.0;38.0;59.0;19.0;39.0;83.0;153.0;27.0;47.0;7.0;0.0;3.0;7.0;ISOPROPANOL
23.0;45.0;87.0;165.0;29.0;43.0;13.0;29.0;60.0;117.0;24.0;40.0;5.0;0.0;7.0;6.0;ISOPROPANOL
29.0;55.0;113.0;213.0;40.0;65.0;20.0;45.0;92.0;187.0;36.0;62.0;4.0;0.0;3.0;5.0;ISOPROPANOL
35.0;68.0;130.0;236.0;41.0;64.0;20.0;39.0;81.0;147.0;27.0;45.0;4.0;0.0;6.0;6.0;ISOPROPANOL
26.0;49.0;96.0;183.0;31.0;48.0;15.0;32.0;62.0;113.0;22.0;38.0;4.0;-1.0;8.0;6.0;ISOPROPANOL
23.0;44.0;86.0;158.0;27.0;43.0;12.0;25.0;51.0;103.0;18.0;34.0;3.0;-1.0;6.0;7.0;ISOPROPANOL
24.0;45.0;93.0;168.0;30.0;50.0;13.0;29.0;65.0;125.0;25.0;43.0;8.0;-1.0;8.0;4.0;ISOPROPANOL
27.0;51.0;100.0;183.0;33.0;51.0;16.0;32.0;64.0;126.0;21.0;36.0;9.0;0.0;11.0;6.0;ISOPROPANOL
18.0;34.0;66.0;121.0;21.0;32.0;7.0;16.0;30.0;53.0;9.0;17.0;6.0;0.0;8.0;6.0;ISOPROPANOL
16.0;34.0;61.0;103.0;20.0;31.0;13.0;24.0;46.0;101.0;20.0;33.0;-8.0;7.0;-4.0;-2.0;ISOPROPANOL
28.0;51.0;89.0;146.0;23.0;34.0;11.0;23.0;42.0;85.0;15.0;27.0;-10.0;5.0;-10.0;-2.0;ISOPROPANOL
22.0;43.0;83.0;141.0;26.0;42.0;18.0;37.0;69.0;147.0;27.0;43.0;-10.0;1.0;-10.0;-2.0;ISOPROPANOL
29.0;54.0;97.0;182.0;29.0;47.0;17.0;34.0;57.0;118.0;21.0;37.0;-10.0;1.0;-7.0;-3.0;ISOPROPANOL
25.0;47.0;86.0;164.0;29.0;45.0;17.0;37.0;65.0;133.0;26.0;41.0;-13.0;-2.0;-10.0;-3.0;ISOPROPANOL
31.0;59.0;109.0;201.0;35.0;53.0;20.0;38.0;76.0;150.0;25.0;43.0;-13.0;-3.0;-10.0;-3.0;ISOPROPANOL
23.0;44.0;77.0;133.0;22.0;35.0;18.0;37.0;68.0;134.0;25.0;41.0;-11.0;-3.0;-7.0;-3.0;ISOPROPANOL
20.0;40.0;74.0;129.0;25.0;38.0;18.0;36.0;68.0;134.0;23.0;41.0;-14.0;-3.0;-14.0;-3.0;ISOPROPANOL
32.0;61.0;122.0;242.0;42.0;70.0;31.0;64.0;126.0;257.0;48.0;79.0;-14.0;-3.0;-14.0;-5.0;ISOPROPANOL
44.0;90.0;180.0;349.0;62.0;98.0;37.0;78.0;150.0;320.0;59.0;99.0;-14.0;-4.0;-11.0;-3.0;ISOPROPANOL
57.0;118.0;240.0;478.0;92.0;146.0;60.0;124.0;246.0;522.0;94.0;161.0;-18.0;-4.0;-9.0;-1.0;ISOPROPANOL
85.0;171.0;341.0;653.0;116.0;179.0;76.0;155.0;303.0;597.0;109.0;180.0;-18.0;-4.0;-11.0;-1.0;ISOPROPANOL
93.0;191.0;380.0;751.0;140.0;219.0;94.0;201.0;399.0;799.0;148.0;241.0;-16.0;1.0;-9.0;-4.0;ISOPROPANOL
127.0;258.0;515.0;1001.0;183.0;283.0;116.0;237.0;474.0;953.0;174.0;289.0;-16.0;8.0;-9.0;-1.0;ISOPROPANOL
145.0;294.0;588.0;1131.0;203.0;317.0;137.0;277.0;545.0;1084.0;196.0;319.0;-15.0;8.0;-14.0;-4.0;ISOPROPANOL
156.0;309.0;604.0;1116.0;192.0;290.0;118.0;234.0;470.0;909.0;166.0;270.0;-15.0;6.0;-15.0;-4.0;ISOPROPANOL
127.0;259.0;514.0;993.0;180.0;287.0;123.0;250.0;491.0;967.0;177.0;293.0;-11.0;6.0;-14.0;-3.0;ISOPROPANOL
148.0;297.0;587.0;1126.0;202.0;316.0;134.0;272.0;539.0;1059.0;192.0;314.0;-15.0;3.0;-15.0;0.0;ISOPROPANOL
153.0;306.0;590.0;1129.0;202.0;312.0;125.0;256.0;502.0;988.0;178.0;300.0;-16.0;6.0;-15.0;-3.0;ISOPROPANOL
153.0;299.0;578.0;1117.0;201.0;314.0;137.0;271.0;532.0;1050.0;191.0;313.0;-16.0;3.0;-15.0;-2.0;ISOPROPANOL
164.0;322.0;621.0;1183.0;211.0;329.0;142.0;282.0;540.0;1065.0;193.0;321.0;-7.0;-1.0;-10.0;-2.0;ISOPROPANOL
165.0;322.0;629.0;1185.0;211.0;331.0;141.0;280.0;545.0;1076.0;196.0;326.0;-7.0;-2.0;-10.0;-2.0;ISOPROPANOL
172.0;337.0;645.0;1245.0;219.0;342.0;148.0;293.0;570.0;1099.0;203.0;333.0;-7.0;-1.0;-10.0;-2.0;ISOPROPANOL
173.0;337.0;666.0;1269.0;228.0;356.0;153.0;310.0;610.0;1181.0;215.0;347.0;-7.0;-1.0;-9.0;-2.0;ISOPROPANOL
180.0;359.0;700.0;1341.0;241.0;375.0;163.0;327.0;647.0;1254.0;229.0;372.0;-9.0;8.0;-9.0;-2.0;ISOPROPANOL
186.0;371.0;728.0;1398.0;250.0;391.0;170.0;341.0;670.0;1310.0;236.0;387.0;-9.0;5.0;-9.0;-2.0;ISOPROPANOL
189.0;374.0;735.0;1393.0;248.0;385.0;169.0;338.0;666.0;1297.0;234.0;383.0;-9.0;6.0;-7.0;-2.0;ISOPROPANOL
196.0;387.0;758.0;1470.0;260.0;410.0;178.0;354.0;701.0;1372.0;250.0;412.0;-9.0;4.0;-7.0;-2.0;ISOPROPANOL
218.0;433.0;853.0;1626.0;292.0;451.0;210.0;414.0;809.0;1546.0;278.0;448.0;-9.0;6.0;-7.0;-2.0;ISOPROPANOL
225.0;443.0;869.0;1628.0;289.0;446.0;199.0;401.0;785.0;1526.0;279.0;457.0;-9.0;4.0;-7.0;0.0;ISOPROPANOL
237.0;480.0;948.0;1844.0;329.0;505.0;227.0;451.0;887.0;1699.0;306.0;495.0;-9.0;4.0;-8.0;0.0;ISOPROPANOL
247.0;481.0;928.0;1732.0;303.0;461.0;198.0;396.0;770.0;1476.0;262.0;428.0;-11.0;5.0;-12.0;0.0;ISOPROPANOL
210.0;415.0;804.0;1554.0;278.0;434.0;194.0;390.0;758.0;1464.0;266.0;429.0;-7.0;4.0;-8.0;0.0;ISOPROPANOL
208.0;411.0;793.0;1482.0;259.0;401.0;175.0;354.0;690.0;1349.0;245.0;400.0;-6.0;3.0;-8.0;0.0;ISOPROPANOL
199.0;397.0;776.0;1475.0;262.0;406.0;178.0;358.0;695.0;1326.0;237.0;387.0;-6.0;5.0;-14.0;2.0;ISOPROPANOL
177.0;345.0;665.0;1226.0;219.0;342.0;146.0;289.0;565.0;1072.0;191.0;315.0;-13.0;0.0;-4.0;2.0;ISOPROPANOL
148.0;293.0;577.0;1108.0;203.0;329.0;150.0;307.0;601.0;1190.0;218.0;360.0;-6.0;0.0;-3.0;-2.0;ISOPROPANOL
194.0;385.0;754.0;1442.0;257.0;401.0;177.0;357.0;698.0;1348.0;244.0;397.0;-6.0;0.0;-3.0;-2.0;ISOPROPANOL
202.0;410.0;816.0;1559.0;279.0;439.0;200.0;401.0;792.0;1511.0;272.0;438.0;-13.0;3.0;-3.0;-2.0;ISOPROPANOL
214.0;420.0;820.0;1538.0;268.0;417.0;183.0;367.0;699.0;1350.0;239.0;394.0;-9.0;5.0;-3.0;1.0;ISOPROPANOL
190.0;378.0;735.0;1409.0;250.0;394.0;179.0;358.0;698.0;1351.0;239.0;395.0;-9.0;6.0;-12.0;1.0;ISOPROPANOL
202.0;399.0;782.0;1494.0;268.0;421.0;189.0;376.0;730.0;1420.0;258.0;420.0;-9.0;5.0;-12.0;1.0;ISOPROPANOL
219.0;430.0;831.0;1552.0;270.0;417.0;184.0;371.0;718.0;1399.0;252.0;413.0;-13.0;6.0;-13.0;-1.0;ISOPROPANOL
219.0;438.0;865.0;1642.0;294.0;458.0;206.0;410.0;806.0;1554.0;281.0;457.0;-15.0;0.0;-12.0;-1.0;ISOPROPANOL
233.0;461.0;907.0;1719.0;304.0;470.0;212.0;422.0;822.0;1581.0;284.0;459.0;-15.0;0.0;-11.0;-3.0;ISOPROPANOL
225.0;445.0;868.0;1640.0;287.0;445.0;194.0;391.0;761.0;1461.0;263.0;424.0;-14.0;0.0;-11.0;-3.0;ISOPROPANOL
207.0;409.0;788.0;1480.0;263.0;415.0;185.0;373.0;726.0;1403.0;250.0;412.0;-15.0;5.0;-10.0;-7.0;ISOPROPANOL
207.0;416.0;801.0;1544.0;273.0;430.0;191.0;383.0;745.0;1436.0;257.0;417.0;-14.0;6.0;-8.0;-3.0;ISOPROPANOL
211.0;416.0;819.0;1542.0;273.0;423.0;191.0;380.0;736.0;1406.0;252.0;412.0;-14.0;1.0;-10.0;-3.0;ISOPROPANOL
203.0;401.0;785.0;1475.0;262.0;420.0;186.0;375.0;731.0;1432.0;261.0;429.0;-15.0;1.0;-12.0;1.0;ISOPROPANOL
221.0;438.0;851.0;1617.0;290.0;452.0;203.0;407.0;803.0;1546.0;277.0;452.0;-15.0;1.0;-8.0;1.0;ISOPROPANOL
240.0;472.0;919.0;1740.0;309.0;485.0;219.0;433.0;846.0;1628.0;293.0;480.0;-8.0;1.0;-7.0;1.0;ISOPROPANOL
260.0;508.0;970.0;1817.0;320.0;499.0;229.0;445.0;851.0;1638.0;295.0;481.0;-8.0;1.0;-7.0;-2.0;ISOPROPANOL
262.0;507.0;968.0;1807.0;316.0;485.0;223.0;441.0;852.0;1624.0;282.0;464.0;-8.0;1.0;-7.0;-4.0;ISOPROPANOL
231.0;457.0;885.0;1664.0;291.0;462.0;210.0;420.0;814.0;1564.0;282.0;463.0;-8.0;4.0;-7.0;-2.0;ISOPROPANOL
250.0;492.0;953.0;1812.0;315.0;493.0;223.0;441.0;849.0;1619.0;284.0;467.0;-8.0;5.0;-7.0;-3.0;ISOPROPANOL
234.0;460.0;878.0;1654.0;292.0;461.0;205.0;409.0;803.0;1554.0;275.0;452.0;-9.0;3.0;-11.0;-3.0;ISOPROPANOL
228.0;455.0;884.0;1677.0;297.0;469.0;211.0;426.0;836.0;1613.0;290.0;469.0;-9.0;3.0;-11.0;-2.0;ISOPROPANOL
250.0;498.0;969.0;1828.0;327.0;512.0;235.0;470.0;912.0;1777.0;318.0;520.0;-4.0;6.0;-11.0;-1.0;ISOPROPANOL
281.0;553.0;1075.0;2046.0;359.0;558.0;259.0;508.0;987.0;1892.0;334.0;540.0;-4.0;3.0;-9.0;-1.0;ISOPROPANOL
285.0;555.0;1060.0;1970.0;342.0;527.0;238.0;472.0;915.0;1745.0;315.0;514.0;-4.0;4.0;-11.0;0.0;ISOPROPANOL
267.0;525.0;1026.0;1952.0;349.0;548.0;254.0;504.0;983.0;1885.0;340.0;551.0;-4.0;4.0;-11.0;1.0;ISOPROPANOL
298.0;585.0;1136.0;2134.0;382.0;589.0;276.0;543.0;1056.0;2017.0;361.0;588.0;-4.0;5.0;-9.0;1.0;ISOPROPANOL
327.0;643.0;1223.0;2286.0;401.0;621.0;290.0;574.0;1108.0;2122.0;378.0;614.0;-14.0;3.0;-10.0;1.0;ISOPROPANOL
329.0;646.0;1238.0;2322.0;408.0;624.0;289.0;568.0;1092.0;2081.0;369.0;597.0;-14.0;3.0;-10.0;1.0;ISOPROPANOL
313.0;609.0;1162.0;2170.0;380.0;580.0;268.0;530.0;1020.0;1942.0;344.0;561.0;-14.0;2.0;-8.0;0.0;ISOPROPANOL
282.0;560.0;1078.0;2026.0;358.0;560.0;258.0;511.0;984.0;1869.0;337.0;547.0;-3.0;2.0;-8.0;1.0;ISOPROPANOL
286.0;565.0;1101.0;2090.0;371.0;583.0;272.0;539.0;1055.0;2011.0;363.0;588.0;-14.0;1.0;-8.0;-1.0;ISOPROPANOL
327.0;636.0;1231.0;2298.0;402.0;625.0;293.0;577.0;1116.0;2114.0;379.0;611.0;-3.0;1.0;-8.0;1.0;ISOPROPANOL
339.0;654.0;1269.0;2368.0;416.0;641.0;306.0;599.0;1152.0;2169.0;383.0;626.0;-14.0;0.0;-8.0;-8.0;ISOPROPANOL
337.0;660.0;1263.0;2372.0;413.0;638.0;296.0;582.0;1128.0;2162.0;385.0;628.0;-14.0;0.0;-8.0;-3.0;ISOPROPANOL
333.0;649.0;1244.0;2337.0;411.0;639.0;304.0;596.0;1146.0;2184.0;389.0;633.0;-14.0;-2.0;-3.0;-8.0;ISOPROPANOL
347.0;677.0;1310.0;2423.0;426.0;669.0;312.0;611.0;1184.0;2278.0;403.0;647.0;-9.0;-2.0;-3.0;-6.0;ISOPROPANOL
365.0;707.0;1370.0;2545.0;441.0;683.0;324.0;637.0;1228.0;2330.0;413.0;668.0;-10.0;-1.0;-11.0;-6.0;ISOPROPANOL
367.0;709.0;1355.0;2518.0;439.0;680.0;320.0;625.0;1204.0;2262.0;405.0;657.0;-10.0;4.0;-11.0;-3.0;ISOPROPANOL
369.0;711.0;1346.0;2500.0;435.0;674.0;318.0;623.0;1201.0;2260.0;402.0;655.0;-9.0;7.0;-12.0;-3.0;ISOPROPANOL
364.0;707.0;1336.0;2468.0;429.0;658.0;318.0;615.0;1177.0;2210.0;391.0;628.0;-9.0;7.0;-12.0;-3.0;ISOPROPANOL
346.0;665.0;1265.0;2327.0;407.0;630.0;295.0;578.0;1109.0;2099.0;372.0;611.0;-10.0;4.0;-12.0;-3.0;ISOPROPANOL
340.0;659.0;1249.0;2327.0;409.0;637.0;307.0;594.0;1136.0;2157.0;382.0;628.0;-12.0;4.0;-12.0;-3.0;ISOPROPANOL
349.0;675.0;1290.0;2393.0;417.0;648.0;316.0;616.0;1169.0;2221.0;391.0;636.0;-9.0;1.0;-10.0;-5.0;ISOPROPANOL
358.0;689.0;1310.0;2434.0;426.0;657.0;318.0;622.0;1197.0;2253.0;400.0;649.0;-11.0;2.0;-10.0;-5.0;ISOPROPANOL
360.0;705.0;1336.0;2481.0;434.0;675.0;324.0;628.0;1205.0;2270.0;403.0;656.0;-11.0;2.0;-12.0;-5.0;ISOPROPANOL
363.0;702.0;1342.0;2496.0;434.0;672.0;312.0;611.0;1180.0;2232.0;399.0;644.0;-11.0;2.0;-12.0;-3.0;ISOPROPANOL
362.0;693.0;1326.0;2461.0;434.0;670.0;322.0;627.0;1194.0;2271.0;404.0;651.0;-11.0;1.0;-12.0;-1.0;ISOPROPANOL
361.0;701.0;1336.0;2501.0;432.0;667.0;322.0;636.0;1218.0;2289.0;408.0;662.0;-11.0;1.0;-12.0;-1.0;ISOPROPANOL
361.0;703.0;1342.0;2493.0;434.0;679.0;324.0;637.0;1221.0;2329.0;414.0;665.0;-11.0;1.0;-12.0;-2.0;ISOPROPANOL
360.0;701.0;1343.0;2506.0;435.0;676.0;319.0;627.0;1207.0;2302.0;411.0;663.0;-11.0;1.0;-7.0;-2.0;ISOPROPANOL
356.0;696.0;1340.0;2538.0;444.0;684.0;327.0;648.0;1243.0;2357.0;416.0;678.0;-4.0;4.0;-6.0;-2.0;ISOPROPANOL
370.0;718.0;1378.0;2565.0;448.0;692.0;332.0;645.0;1253.0;2392.0;421.0;678.0;-4.0;4.0;-6.0;-2.0;ISOPROPANOL
376.0;727.0;1394.0;2600.0;456.0;709.0;340.0;665.0;1281.0;2415.0;428.0;699.0;0.0;4.0;-5.0;0.0;ISOPROPANOL
388.0;747.0;1422.0;2628.0;456.0;705.0;338.0;654.0;1251.0;2332.0;417.0;675.0;0.0;1.0;-5.0;0.0;ISOPROPANOL
375.0;721.0;1369.0;2528.0;440.0;683.0;331.0;640.0;1223.0;2300.0;410.0;666.0;-5.0;3.0;-5.0;0.0;ISOPROPANOL
367.0;713.0;1360.0;2522.0;443.0;688.0;330.0;644.0;1237.0;2337.0;417.0;672.0;-5.0;3.0;-5.0;0.0;ISOPROPANOL
366.0;713.0;1367.0;2538.0;442.0;687.0;333.0;648.0;1240.0;2346.0;414.0;667.0;-9.0;3.0;-7.0;-2.0;ISOPROPANOL
364.0;709.0;1353.0;2525.0;444.0;693.0;336.0;654.0;1257.0;2383.0;423.0;685.0;-9.0;7.0;-7.0;-2.0;ISOPROPANOL
375.0;728.0;1396.0;2606.0;454.0;703.0;338.0;664.0;1272.0;2383.0;427.0;694.0;-9.0;4.0;-7.0;-1.0;ISOPROPANOL
385.0;747.0;1423.0;2667.0;469.0;725.0;350.0;684.0;1315.0;2487.0;444.0;722.0;-10.0;7.0;-9.0;-1.0;ISOPROPANOL
410.0;787.0;1508.0;2782.0;485.0;752.0;363.0;711.0;1351.0;2530.0;452.0;721.0;-13.0;5.0;-12.0;-1.0;ISOPROPANOL
402.0;773.0;1455.0;2701.0;469.0;731.0;358.0;695.0;1326.0;2480.0;440.0;705.0;-12.0;5.0;-12.0;-1.0;ISOPROPANOL
397.0;762.0;1437.0;2649.0;463.0;713.0;344.0;666.0;1270.0;2408.0;423.0;681.0;-12.0;2.0;-12.0;-1.0;ISOPROPANOL
366.0;709.0;1347.0;2516.0;438.0;682.0;329.0;639.0;1220.0;2302.0;408.0;660.0;-12.0;4.0;-15.0;-2.0;ISOPROPANOL
360.0;706.0;1354.0;2519.0;439.0;675.0;332.0;652.0;1238.0;2347.0;413.0;669.0;-16.0;4.0;-15.0;-3.0;ISOPROPANOL
367.0;708.0;1365.0;2544.0;449.0;694.0;337.0;664.0;1281.0;2419.0;432.0;696.0;-12.0;4.0;-13.0;-2.0;ISOPROPANOL
383.0;743.0;1430.0;2664.0;470.0;727.0;360.0;704.0;1354.0;2528.0;449.0;724.0;-5.0;8.0;-11.0;-3.0;ISOPROPANOL
410.0;790.0;1505.0;2796.0;486.0;748.0;359.0;702.0;1344.0;2518.0;448.0;725.0;-15.0;6.0;-8.0;-3.0;ISOPROPANOL
406.0;781.0;1481.0;2731.0;478.0;736.0;354.0;691.0;1322.0;2493.0;440.0;707.0;-14.0;7.0;-7.0;-3.0;ISOPROPANOL
403.0;767.0;1461.0;2704.0;468.0;729.0;351.0;682.0;1317.0;2487.0;439.0;713.0;-9.0;6.0;-3.0;-2.0;ISOPROPANOL
405.0;781.0;1487.0;2754.0;480.0;746.0;362.0;708.0;1349.0;2555.0;453.0;736.0;-9.0;3.0;-3.0;-3.0;ISOPROPANOL
418.0;807.0;1528.0;2831.0;495.0;761.0;377.0;728.0;1389.0;2607.0;460.0;741.0;-9.0;2.0;-8.0;-1.0;ISOPROPANOL
414.0;797.0;1520.0;2826.0;490.0;759.0;374.0;723.0;1383.0;2590.0;455.0;741.0;-9.0;2.0;-1.0;-1.0;ISOPROPANOL
415.0;794.0;1504.0;2791.0;488.0;749.0;370.0;716.0;1358.0;2555.0;447.0;723.0;-5.0;2.0;-10.0;-6.0;ISOPROPANOL
398.0;767.0;1458.0;2706.0;470.0;726.0;353.0;686.0;1310.0;2461.0;442.0;711.0;-5.0;2.0;-10.0;-6.0;ISOPROPANOL
387.0;750.0;1432.0;2673.0;463.0;723.0;351.0;680.0;1318.0;2501.0;440.0;717.0;-3.0;4.0;1.0;-6.0;ISOPROPANOL
394.0;770.0;1479.0;2750.0;483.0;746.0;365.0;711.0;1374.0;2598.0;458.0;745.0;-3.0;3.0;1.0;-6.0;ISOPROPANOL
408.0;791.0;1522.0;2814.0;488.0;757.0;369.0;719.0;1383.0;2614.0;458.0;746.0;-3.0;1.0;-5.0;-3.0;ISOPROPANOL
411.0;792.0;1516.0;2806.0;492.0;762.0;373.0;731.0;1394.0;2626.0;466.0;743.0;-5.0;1.0;-5.0;-3.0;ISOPROPANOL
413.0;802.0;1522.0;2836.0;495.0;766.0;371.0;721.0;1392.0;2631.0;467.0;750.0;-13.0;3.0;-5.0;-3.0;ISOPROPANOL
408.0;796.0;1526.0;2848.0;501.0;772.0;374.0;737.0;1408.0;2637.0;469.0;762.0;-13.0;4.0;-8.0;-2.0;ISOPROPANOL
417.0;817.0;1577.0;2937.0;518.0;792.0;381.0;748.0;1448.0;2725.0;480.0;786.0;-10.0;3.0;-9.0;-2.0;ISOPROPANOL
438.0;853.0;1631.0;3021.0;523.0;811.0;400.0;781.0;1487.0;2803.0;498.0;801.0;-10.0;3.0;-8.0;-2.0;ISOPROPANOL
443.0;861.0;1634.0;3017.0;523.0;802.0;399.0;776.0;1488.0;2805.0;496.0;805.0;-8.0;3.0;-9.0;-1.0;ISOPROPANOL
452.0;882.0;1692.0;3157.0;557.0;859.0;433.0;845.0;1616.0;3046.0;537.0;858.0;-8.0;3.0;-9.0;-1.0;ISOPROPANOL
487.0;937.0;1786.0;3282.0;567.0;864.0;421.0;819.0;1570.0;2947.0;517.0;830.0;-8.0;4.0;-9.0;-1.0;ISOPROPANOL
449.0;867.0;1667.0;3083.0;534.0;830.0;408.0;792.0;1519.0;2847.0;507.0;810.0;-10.0;4.0;-6.0;0.0;ISOPROPANOL
462.0;897.0;1708.0;3196.0;558.0;861.0;425.0;829.0;1596.0;3001.0;531.0;861.0;-10.0;4.0;-9.0;0.0;ISOPROPANOL
486.0;939.0;1783.0;3334.0;576.0;888.0;437.0;857.0;1640.0;3075.0;546.0;878.0;-10.0;4.0;-6.0;2.0;ISOPROPANOL
502.0;960.0;1827.0;3374.0;583.0;892.0;450.0;873.0;1651.0;3092.0;543.0;855.0;-10.0;2.0;-9.0;0.0;ISOPROPANOL
492.0;948.0;1798.0;3330.0;578.0;891.0;449.0;870.0;1648.0;3102.0;544.0;866.0;-10.0;2.0;-9.0;0.0;ISOPROPANOL
498.0;951.0;1776.0;3268.0;563.0;866.0;424.0;834.0;1581.0;2958.0;524.0;838.0;-9.0;2.0;-9.0;-3.0;ISOPROPANOL
467.0;902.0;1708.0;3123.0;547.0;838.0;412.0;797.0;1517.0;2860.0;509.0;819.0;-9.0;2.0;-9.0;-3.0;ISOPROPANOL
451.0;876.0;1663.0;3109.0;544.0;841.0;417.0;807.0;1539.0;2901.0;510.0;828.0;-11.0;3.0;-9.0;-4.0;ISOPROPANOL
473.0;913.0;1732.0;3194.0;559.0;865.0;432.0;838.0;1602.0;3004.0;532.0;850.0;-13.0;3.0;-9.0;-5.0;ISOPROPANOL
496.0;954.0;1823.0;3336.0;579.0;891.0;441.0;856.0;1627.0;3057.0;538.0;863.0;-11.0;3.0;-7.0;-4.0;ISOPROPANOL
505.0;967.0;1829.0;3362.0;582.0;895.0;441.0;854.0;1625.0;3062.0;539.0;874.0;-13.0;6.0;-7.0;-8.0;ISOPROPANOL
498.0;953.0;1811.0;3314.0;577.0;875.0;434.0;846.0;1606.0;2979.0;531.0;853.0;-11.0;5.0;-2.0;-8.0;ISOPROPANOL
477.0;918.0;1744.0;3249.0;566.0;876.0;439.0;854.0;1617.0;3018.0;534.0;862.0;-4.0;5.0;-3.0;-6.0;ISOPROPANOL
490.0;941.0;1790.0;3294.0;572.0;884.0;438.0;845.0;1613.0;3015.0;534.0;865.0;-4.0;4.0;-3.0;-6.0;ISOPROPANOL
486.0;935.0;1772.0;3254.0;571.0;879.0;438.0;851.0;1617.0;3034.0;538.0;860.0;-10.0;-1.0;-3.0;-7.0;ISOPROPANOL
488.0;940.0;1776.0;3284.0;573.0;882.0;443.0;857.0;1636.0;3054.0;541.0;877.0;-10.0;4.0;-3.0;-6.0;ISOPROPANOL
503.0;960.0;1827.0;3413.0;597.0;911.0;464.0;908.0;1724.0;3222.0;566.0;908.0;-11.0;2.0;-8.0;-7.0;ISOPROPANOL
524.0;1021.0;1949.0;3654.0;636.0;975.0;502.0;975.0;1857.0;3471.0;612.0;979.0;-12.0;1.0;-8.0;-7.0;ISOPROPANOL
571.0;1100.0;2082.0;3884.0;669.0;1018.0;522.0;1002.0;1901.0;3537.0;619.0;995.0;-11.0;2.0;-8.0;-7.0;ISOPROPANOL
557.0;1081.0;2058.0;3773.0;656.0;998.0;505.0;982.0;1859.0;3465.0;612.0;982.0;-11.0;2.0;-7.0;-7.0;ISOPROPANOL
565.0;1080.0;2049.0;3796.0;660.0;1005.0;520.0;1000.0;1877.0;3504.0;615.0;980.0;-12.0;2.0;-5.0;-7.0;ISOPROPANOL
571.0;1090.0;2051.0;3771.0;648.0;987.0;500.0;964.0;1836.0;3389.0;592.0;958.0;-5.0;4.0;-5.0;-2.0;ISOPROPANOL
552.0;1060.0;2005.0;3698.0;642.0;987.0;506.0;971.0;1838.0;3421.0;600.0;960.0;-5.0;4.0;-7.0;-2.0;ISOPROPANOL
562.0;1072.0;2007.0;3694.0;635.0;979.0;498.0;959.0;1814.0;3364.0;585.0;942.0;-9.0;6.0;-7.0;-2.0;ISOPROPANOL
536.0;1027.0;1930.0;3554.0;615.0;950.0;485.0;933.0;1764.0;3273.0;579.0;922.0;-9.0;7.0;-9.0;-2.0;ISOPROPANOL
524.0;1007.0;1894.0;3502.0;610.0;939.0;481.0;921.0;1756.0;3269.0;572.0;919.0;-7.0;-1.0;-9.0;-2.0;ISOPROPANOL
521.0;1000.0;1892.0;3480.0;606.0;928.0;468.0;900.0;1716.0;3199.0;561.0;914.0;-7.0;-1.0;-9.0;0.0;ISOPROPANOL
526.0;1016.0;1897.0;3478.0;609.0;944.0;482.0;940.0;1779.0;3327.0;587.0;948.0;-6.0;-1.0;-6.0;0.0;ISOPROPANOL
543.0;1043.0;1967.0;3624.0;633.0;974.0;489.0;946.0;1811.0;3363.0;595.0;959.0;-6.0;4.0;-5.0;0.0;ISOPROPANOL
548.0;1056.0;2014.0;3747.0;650.0;995.0;512.0;988.0;1871.0;3488.0;614.0;978.0;-7.0;5.0;-5.0;-2.0;ISOPROPANOL
569.0;1097.0;2090.0;3901.0;681.0;1047.0;535.0;1039.0;1996.0;3746.0;658.0;1054.0;-6.0;5.0;-5.0;-2.0;ISOPROPANOL
620.0;1197.0;2301.0;4279.0;743.0;1133.0;604.0;1164.0;2212.0;4119.0;722.0;1151.0;0.0;5.0;-5.0;-2.0;ISOPROPANOL
686.0;1318.0;2504.0;4642.0;796.0;1192.0;621.0;1196.0;2255.0;4196.0;740.0;1167.0;-8.0;10.0;-5.0;-2.0;ISOPROPANOL
689.0;1322.0;2471.0;4534.0;782.0;1182.0;607.0;1165.0;2201.0;4114.0;718.0;1136.0;-5.0;4.0;-5.0;-2.0;ISOPROPANOL
678.0;1285.0;2416.0;4439.0;767.0;1158.0;605.0;1164.0;2186.0;4052.0;709.0;1121.0;-5.0;6.0;-5.0;-2.0;ISOPROPANOL
652.0;1251.0;2353.0;4296.0;734.0;1122.0;582.0;1112.0;2106.0;3930.0;687.0;1095.0;-9.0;4.0;-14.0;-2.0;ISOPROPANOL
639.0;1228.0;2319.0;4260.0;737.0;1124.0;576.0;1104.0;2109.0;3897.0;686.0;1085.0;-9.0;6.0;-14.0;-2.0;ISOPROPANOL
631.0;1199.0;2262.0;4144.0;711.0;1092.0;560.0;1067.0;2016.0;3730.0;656.0;1046.0;-9.0;6.0;-12.0;-2.0;ISOPROPANOL
602.0;1150.0;2174.0;3995.0;688.0;1058.0;543.0;1049.0;1980.0;3677.0;646.0;1035.0;-10.0;2.0;-12.0;1.0;ISOPROPANOL
591.0;1133.0;2150.0;3943.0;684.0;1046.0;535.0;1030.0;1966.0;3661.0;641.0;1023.0;-9.0;2.0;-5.0;1.0;ISOPROPANOL
599.0;1146.0;2155.0;3982.0;685.0;1053.0;546.0;1046.0;1983.0;3666.0;645.0;1025.0;-6.0;4.0;-5.0;1.0;ISOPROPANOL
584.0;1120.0;2110.0;3850.0;665.0;1021.0;527.0;1010.0;1906.0;3567.0;622.0;997.0;-12.0;6.0;-6.0;1.0;ISOPROPANOL
560.0;1083.0;2047.0;3774.0;652.0;1011.0;521.0;1000.0;1910.0;3530.0;615.0;994.0;-8.0;4.0;-6.0;2.0;ISOPROPANOL
568.0;1087.0;2052.0;3786.0;658.0;1006.0;514.0;987.0;1881.0;3496.0;613.0;987.0;-8.0;3.0;-6.0;2.0;ISOPROPANOL
560.0;1071.0;2030.0;3754.0;644.0;991.0;515.0;986.0;1863.0;3480.0;611.0;974.0;-8.0;4.0;-6.0;2.0;ISOPROPANOL
558.0;1065.0;2027.0;3739.0;646.0;999.0;515.0;995.0;1885.0;3509.0;612.0;981.0;-8.0;5.0;-6.0;-2.0;ISOPROPANOL
568.0;1087.0;2051.0;3799.0;652.0;1007.0;524.0;1004.0;1913.0;3537.0;618.0;983.0;-8.0;5.0;-6.0;1.0;ISOPROPANOL
570.0;1101.0;2072.0;3833.0;663.0;1020.0;531.0;1015.0;1922.0;3566.0;626.0;1000.0;-6.0;4.0;-5.0;-6.0;ISOPROPANOL
589.0;1137.0;2136.0;3931.0;674.0;1032.0;532.0;1031.0;1961.0;3628.0;635.0;1023.0;-6.0;5.0;-6.0;1.0;ISOPROPANOL
592.0;1136.0;2146.0;3926.0;680.0;1037.0;540.0;1031.0;1953.0;3610.0;638.0;1022.0;-7.0;9.0;-7.0;-3.0;ISOPROPANOL
598.0;1139.0;2133.0;3919.0;679.0;1034.0;543.0;1045.0;1963.0;3661.0;639.0;1021.0;-10.0;6.0;-13.0;1.0;ISOPROPANOL
604.0;1147.0;2155.0;3954.0;686.0;1045.0;548.0;1045.0;1970.0;3656.0;641.0;1029.0;-9.0;8.0;-7.0;-3.0;ISOPROPANOL
604.0;1164.0;2185.0;4016.0;688.0;1055.0;559.0;1056.0;2007.0;3707.0;649.0;1037.0;-10.0;6.0;-11.0;-3.0;ISOPROPANOL
620.0;1182.0;2221.0;4030.0;701.0;1078.0;568.0;1083.0;2044.0;3803.0;658.0;1054.0;-9.0;8.0;-11.0;-3.0;ISOPROPANOL
621.0;1185.0;2233.0;4109.0;709.0;1087.0;565.0;1092.0;2058.0;3845.0;677.0;1081.0;-9.0;4.0;-12.0;-4.0;ISOPROPANOL
640.0;1231.0;2317.0;4241.0;735.0;1116.0;586.0;1130.0;2141.0;3955.0;687.0;1099.0;-9.0;4.0;-11.0;-5.0;ISOPROPANOL
636.0;1218.0;2294.0;4180.0;726.0;1104.0;579.0;1121.0;2109.0;3907.0;688.0;1093.0;-3.0;2.0;-11.0;-5.0;ISOPROPANOL
653.0;1239.0;2342.0;4317.0;744.0;1133.0;593.0;1132.0;2142.0;4000.0;701.0;1109.0;-3.0;2.0;-9.0;-4.0;ISOPROPANOL
669.0;1271.0;2378.0;4384.0;757.0;1146.0;602.0;1157.0;2177.0;4025.0;703.0;1120.0;-8.0;2.0;-9.0;3.0;ISOPROPANOL
673.0;1272.0;2400.0;4383.0;751.0;1146.0;602.0;1151.0;2170.0;4039.0;704.0;1122.0;-11.0;1.0;-9.0;4.0;ISOPROPANOL
678.0;1281.0;2415.0;4414.0;759.0;1159.0;609.0;1167.0;2188.0;4038.0;710.0;1134.0;-10.0;1.0;-10.0;4.0;ISOPROPANOL
684.0;1298.0;2428.0;4410.0;759.0;1154.0;606.0;1160.0;2176.0;4016.0;702.0;1121.0;-11.0;1.0;-11.0;-1.0;ISOPROPANOL
661.0;1259.0;2376.0;4363.0;757.0;1158.0;607.0;1167.0;2210.0;4129.0;719.0;1143.0;-11.0;3.0;-11.0;-2.0;ISOPROPANOL
678.0;1295.0;2438.0;4474.0;770.0;1163.0;612.0;1170.0;2208.0;4092.0;715.0;1133.0;-10.0;3.0;-11.0;-2.0;ISOPROPANOL
661.0;1258.0;2359.0;4324.0;748.0;1137.0;600.0;1145.0;2169.0;3996.0;698.0;1115.0;-10.0;6.0;-11.0;-1.0;ISOPROPANOL
659.0;1259.0;2361.0;4350.0;750.0;1154.0;607.0;1165.0;2205.0;4061.0;710.0;1128.0;-5.0;4.0;-10.0;0.0;ISOPROPANOL
682.0;1290.0;2412.0;4387.0;753.0;1149.0;610.0;1160.0;2166.0;4008.0;702.0;1120.0;-5.0;6.0;-10.0;0.0;ISOPROPANOL
683.0;1290.0;2400.0;4361.0;748.0;1141.0;606.0;1159.0;2181.0;4024.0;708.0;1132.0;-13.0;6.0;-12.0;0.0;ISOPROPANOL
670.0;1280.0;2402.0;4420.0;755.0;1159.0;615.0;1174.0;2203.0;4069.0;711.0;1122.0;-15.0;6.0;-14.0;-1.0;ISOPROPANOL
657.0;1250.0;2337.0;4301.0;741.0;1141.0;600.0;1148.0;2158.0;4017.0;698.0;1113.0;-13.0;4.0;-14.0;-2.0;ISOPROPANOL
655.0;1249.0;2355.0;4314.0;736.0;1131.0;594.0;1142.0;2151.0;3993.0;701.0;1116.0;-13.0;4.0;-14.0;-2.0;ISOPROPANOL
659.0;1260.0;2385.0;4411.0;760.0;1168.0;616.0;1182.0;2214.0;4127.0;719.0;1147.0;-13.0;4.0;-14.0;-2.0;ISOPROPANOL
683.0;1304.0;2458.0;4509.0;779.0;1193.0;636.0;1215.0;2300.0;4262.0;743.0;1196.0;-12.0;6.0;-11.0;-2.0;ISOPROPANOL
717.0;1363.0;2583.0;4734.0;820.0;1249.0;668.0;1285.0;2430.0;4483.0;784.0;1239.0;-12.0;4.0;-10.0;-2.0;ISOPROPANOL
749.0;1432.0;2675.0;4902.0;844.0;1281.0;683.0;1311.0;2458.0;4541.0;791.0;1255.0;-12.0;4.0;-10.0;-2.0;ISOPROPANOL
761.0;1435.0;2704.0;4912.0;842.0;1276.0;687.0;1298.0;2447.0;4516.0;783.0;1227.0;-12.0;4.0;-7.0;-1.0;ISOPROPANOL
733.0;1396.0;2616.0;4776.0;820.0;1242.0;662.0;1269.0;2369.0;4354.0;761.0;1203.0;-9.0;4.0;-6.0;-1.0;ISOPROPANOL
708.0;1350.0;2538.0;4644.0;795.0;1208.0;644.0;1223.0;2314.0;4271.0;743.0;1191.0;-9.0;7.0;-6.0;-1.0;ISOPROPANOL
705.0;1341.0;2495.0;4579.0;789.0;1202.0;639.0;1212.0;2280.0;4212.0;736.0;1174.0;-9.0;7.0;-6.0;0.0;ISOPROPANOL
695.0;1316.0;2472.0;4520.0;775.0;1183.0;633.0;1206.0;2259.0;4148.0;719.0;1149.0;-10.0;7.0;-6.0;0.0;ISOPROPANOL
679.0;1289.0;2442.0;4457.0;767.0;1172.0;619.0;1183.0;2219.0;4117.0;718.0;1145.0;-11.0;6.0;-10.0;3.0;ISOPROPANOL
672.0;1284.0;2410.0;4456.0;766.0;1172.0;623.0;1187.0;2237.0;4128.0;726.0;1161.0;-11.0;6.0;-10.0;2.0;ISOPROPANOL
684.0;1313.0;2471.0;4521.0;778.0;1184.0;629.0;1204.0;2268.0;4180.0;735.0;1172.0;-10.0;4.0;-10.0;-5.0;ISOPROPANOL
703.0;1333.0;2491.0;4584.0;785.0;1209.0;653.0;1246.0;2323.0;4281.0;739.0;1180.0;-11.0;9.0;-10.0;-5.0;ISOPROPANOL
699.0;1331.0;2509.0;4585.0;793.0;1209.0;642.0;1228.0;2320.0;4285.0;751.0;1193.0;-8.0;3.0;-3.0;-2.0;ISOPROPANOL
711.0;1365.0;2563.0;4664.0;807.0;1229.0;661.0;1267.0;2379.0;4409.0;770.0;1224.0;-7.0;3.0;-3.0;-2.0;ISOPROPANOL
728.0;1394.0;2612.0;4767.0;825.0;1246.0;671.0;1279.0;2409.0;4429.0;771.0;1225.0;-8.0;3.0;-3.0;-2.0;ISOPROPANOL
729.0;1392.0;2616.0;4769.0;821.0;1243.0;664.0;1264.0;2382.0;4391.0;770.0;1218.0;-8.0;1.0;-7.0;-2.0;ISOPROPANOL
725.0;1382.0;2601.0;4737.0;820.0;1242.0;673.0;1284.0;2408.0;4438.0;778.0;1226.0;-7.0;0.0;-7.0;-2.0;ISOPROPANOL
739.0;1405.0;2639.0;4844.0;837.0;1272.0;686.0;1298.0;2444.0;4513.0;790.0;1254.0;-7.0;1.0;-7.0;-2.0;ISOPROPANOL
779.0;1463.0;2737.0;4991.0;853.0;1294.0;701.0;1328.0;2499.0;4597.0;796.0;1264.0;-7.0;-1.0;-8.0;-2.0;ISOPROPANOL
774.0;1464.0;2713.0;4936.0;848.0;1284.0;694.0;1320.0;2469.0;4554.0;790.0;1246.0;-7.0;-1.0;-8.0;-1.0;ISOPROPANOL
767.0;1443.0;2686.0;4897.0;837.0;1278.0;685.0;1310.0;2464.0;4519.0;785.0;1249.0;-12.0;2.0;-13.0;-2.0;ISOPROPANOL
757.0;1433.0;2677.0;4890.0;839.0;1270.0;676.0;1289.0;2445.0;4482.0;781.0;1244.0;-12.0;2.0;-8.0;-1.0;ISOPROPANOL
741.0;1409.0;2638.0;4805.0;823.0;1247.0;671.0;1283.0;2400.0;4408.0;769.0;1223.0;-6.0;6.0;-8.0;0.0;ISOPROPANOL
733.0;1392.0;2598.0;4755.0;821.0;1242.0;663.0;1262.0;2383.0;4410.0;769.0;1217.0;-12.0;2.0;-7.0;0.0;ISOPROPANOL
732.0;1383.0;2599.0;4728.0;810.0;1235.0;667.0;1264.0;2364.0;4347.0;759.0;1207.0;-11.0;3.0;-7.0;-1.0;ISOPROPANOL
724.0;1369.0;2568.0;4691.0;807.0;1227.0;663.0;1261.0;2353.0;4307.0;751.0;1198.0;-7.0;3.0;-5.0;-1.0;ISOPROPANOL
715.0;1354.0;2537.0;4595.0;789.0;1206.0;652.0;1243.0;2332.0;4282.0;742.0;1176.0;-7.0;2.0;-5.0;-1.0;ISOPROPANOL
702.0;1326.0;2495.0;4562.0;788.0;1207.0;646.0;1236.0;2324.0;4298.0;747.0;1192.0;-11.0;3.0;-5.0;-1.0;ISOPROPANOL
719.0;1367.0;2566.0;4724.0;809.0;1234.0;664.0;1266.0;2378.0;4344.0;759.0;1206.0;-7.0;2.0;-5.0;-3.0;ISOPROPANOL
722.0;1367.0;2570.0;4690.0;807.0;1222.0;653.0;1253.0;2348.0;4347.0;761.0;1204.0;-7.0;2.0;-5.0;0.0;ISOPROPANOL
727.0;1386.0;2579.0;4720.0;811.0;1238.0;672.0;1280.0;2396.0;4392.0;767.0;1220.0;-10.0;3.0;-10.0;0.0;ISOPROPANOL
733.0;1390.0;2615.0;4752.0;819.0;1236.0;663.0;1269.0;2387.0;4398.0;762.0;1214.0;-11.0;3.0;-11.0;-2.0;ISOPROPANOL
722.0;1372.0;2573.0;4731.0;815.0;1249.0;675.0;1279.0;2415.0;4431.0;776.0;1229.0;-11.0;3.0;-13.0;-2.0;ISOPROPANOL
730.0;1394.0;2626.0;4806.0;832.0;1278.0;687.0;1302.0;2444.0;4519.0;789.0;1256.0;-11.0;2.0;-13.0;-2.0;ISOPROPANOL
758.0;1447.0;2714.0;4933.0;852.0;1295.0;699.0;1335.0;2514.0;4612.0;804.0;1283.0;-11.0;3.0;-13.0;-2.0;ISOPROPANOL
784.0;1481.0;2772.0;5050.0;867.0;1324.0;715.0;1356.0;2528.0;4663.0;813.0;1292.0;-11.0;7.0;-10.0;-1.0;ISOPROPANOL
808.0;1515.0;2814.0;5094.0;868.0;1310.0;713.0;1355.0;2539.0;4636.0;805.0;1280.0;-10.0;8.0;-8.0;-1.0;ISOPROPANOL
778.0;1471.0;2719.0;4966.0;851.0;1293.0;699.0;1335.0;2485.0;4563.0;796.0;1253.0;-10.0;3.0;-8.0;-1.0;ISOPROPANOL
758.0;1439.0;2703.0;4940.0;845.0;1293.0;698.0;1327.0;2484.0;4604.0;797.0;1268.0;-11.0;3.0;-10.0;-1.0;ISOPROPANOL
771.0;1458.0;2731.0;4995.0;862.0;1311.0;720.0;1370.0;2563.0;4680.0;816.0;1295.0;-12.0;3.0;-10.0;-1.0;ISOPROPANOL
801.0;1524.0;2844.0;5127.0;884.0;1333.0;717.0;1370.0;2590.0;4726.0;825.0;1310.0;-12.0;3.0;-6.0;-1.0;ISOPROPANOL
794.0;1507.0;2822.0;5163.0;887.0;1351.0;735.0;1390.0;2610.0;4823.0;833.0;1322.0;-13.0;4.0;-9.0;-1.0;ISOPROPANOL
809.0;1533.0;2856.0;5212.0;887.0;1349.0;734.0;1394.0;2617.0;4783.0;830.0;1319.0;-13.0;5.0;-9.0;0.0;ISOPROPANOL
813.0;1533.0;2881.0;5230.0;894.0;1360.0;750.0;1427.0;2673.0;4890.0;849.0;1336.0;-13.0;4.0;-6.0;0.0;ISOPROPANOL
827.0;1568.0;2935.0;5353.0;917.0;1386.0;760.0;1440.0;2697.0;4920.0;854.0;1361.0;-11.0;5.0;0.0;1.0;ISOPROPANOL
844.0;1584.0;2971.0;5435.0;928.0;1404.0;774.0;1471.0;2737.0;5011.0;873.0;1367.0;-14.0;4.0;-5.0;1.0;ISOPROPANOL
850.0;1597.0;2979.0;5429.0;919.0;1386.0;754.0;1430.0;2674.0;4919.0;851.0;1350.0;-14.0;3.0;-5.0;0.0;ISOPROPANOL
834.0;1575.0;2924.0;5288.0;903.0;1367.0;756.0;1425.0;2648.0;4859.0;846.0;1336.0;-11.0;3.0;-5.0;-1.0;ISOPROPANOL
812.0;1535.0;2862.0;5250.0;894.0;1364.0;750.0;1413.0;2663.0;4866.0;843.0;1339.0;-11.0;0.0;-5.0;1.0;ISOPROPANOL
816.0;1542.0;2888.0;5275.0;905.0;1380.0;756.0;1435.0;2695.0;4948.0;860.0;1361.0;-13.0;0.0;-5.0;-1.0;ISOPROPANOL
836.0;1581.0;2958.0;5379.0;922.0;1382.0;761.0;1442.0;2717.0;5011.0;865.0;1369.0;-13.0;0.0;-10.0;-1.0;ISOPROPANOL
838.0;1598.0;2964.0;5385.0;921.0;1393.0;773.0;1465.0;2719.0;5017.0;871.0;1375.0;-8.0;0.0;-4.0;-1.0;ISOPROPANOL
842.0;1592.0;2992.0;5436.0;933.0;1409.0;779.0;1477.0;2764.0;5047.0;881.0;1388.0;-8.0;6.0;-4.0;0.0;ISOPROPANOL
866.0;1620.0;3024.0;5453.0;938.0;1413.0;782.0;1466.0;2740.0;5016.0;873.0;1374.0;-8.0;6.0;-8.0;-1.0;ISOPROPANOL
845.0;1598.0;2984.0;5415.0;926.0;1399.0;767.0;1450.0;2704.0;4946.0;866.0;1362.0;-8.0;6.0;-9.0;0.0;ISOPROPANOL
839.0;1586.0;2933.0;5333.0;912.0;1389.0;753.0;1431.0;2692.0;4963.0;863.0;1359.0;-8.0;5.0;-9.0;0.0;ISOPROPANOL
826.0;1566.0;2922.0;5336.0;914.0;1391.0;768.0;1447.0;2725.0;5022.0;872.0;1378.0;-7.0;5.0;-9.0;-3.0;ISOPROPANOL
862.0;1623.0;3016.0;5488.0;937.0;1420.0;790.0;1484.0;2762.0;5040.0;871.0;1381.0;-7.0;5.0;-9.0;-5.0;ISOPROPANOL
881.0;1654.0;3049.0;5541.0;939.0;1429.0;788.0;1488.0;2767.0;5077.0;883.0;1392.0;-8.0;2.0;-9.0;-3.0;ISOPROPANOL
884.0;1654.0;3062.0;5511.0;948.0;1432.0;792.0;1498.0;2803.0;5148.0;893.0;1409.0;-7.0;6.0;-5.0;-3.0;ISOPROPANOL
872.0;1640.0;3040.0;5501.0;932.0;1407.0;772.0;1458.0;2718.0;5002.0;862.0;1370.0;-7.0;3.0;-5.0;-1.0;ISOPROPANOL
833.0;1576.0;2951.0;5337.0;910.0;1386.0;756.0;1432.0;2690.0;4925.0;853.0;1355.0;-8.0;5.0;-10.0;-1.0;ISOPROPANOL
832.0;1571.0;2929.0;5303.0;907.0;1384.0;762.0;1450.0;2703.0;4955.0;861.0;1362.0;-8.0;5.0;-10.0;-1.0;ISOPROPANOL
848.0;1608.0;2987.0;5435.0;929.0;1412.0;775.0;1464.0;2750.0;5044.0;870.0;1384.0;-9.0;4.0;-5.0;6.0;ISOPROPANOL
851.0;1607.0;2990.0;5432.0;930.0;1410.0;779.0;1470.0;2734.0;4982.0;876.0;1379.0;-12.0;4.0;-5.0;5.0;ISOPROPANOL
848.0;1598.0;2964.0;5381.0;912.0;1383.0;754.0;1430.0;2662.0;4893.0;846.0;1349.0;-9.0;4.0;-4.0;5.0;ISOPROPANOL
814.0;1531.0;2856.0;5231.0;897.0;1369.0;746.0;1420.0;2644.0;4866.0;850.0;1336.0;-7.0;3.0;-3.0;5.0;ISOPROPANOL
820.0;1551.0;2904.0;5269.0;902.0;1364.0;745.0;1426.0;2655.0;4879.0;848.0;1346.0;-5.0;2.0;-4.0;-1.0;ISOPROPANOL
823.0;1559.0;2901.0;5279.0;900.0;1363.0;747.0;1428.0;2670.0;4907.0;851.0;1349.0;-5.0;2.0;-4.0;-4.0;ISOPROPANOL
821.0;1561.0;2913.0;5273.0;908.0;1376.0;760.0;1432.0;2686.0;4951.0;854.0;1350.0;-5.0;1.0;-8.0;-4.0;ISOPROPANOL
847.0;1599.0;2973.0;5380.0;923.0;1402.0;773.0;1460.0;2740.0;5017.0;869.0;1372.0;-5.0;1.0;-8.0;-4.0;ISOPROPANOL
853.0;1611.0;2988.0;5398.0;925.0;1391.0;773.0;1459.0;2716.0;4953.0;861.0;1350.0;-6.0;1.0;-11.0;-4.0;ISOPROPANOL
827.0;1566.0;2921.0;5326.0;907.0;1388.0;762.0;1450.0;2718.0;4975.0;868.0;1377.0;-6.0;9.0;-9.0;2.0;ISOPROPANOL
857.0;1618.0;3017.0;5490.0;937.0;1419.0;785.0;1490.0;2778.0;5133.0;891.0;1402.0;-6.0;1.0;-11.0;5.0;ISOPROPANOL
876.0;1654.0;3092.0;5641.0;964.0;1459.0;822.0;1547.0;2878.0;5241.0;912.0;1433.0;-7.0;5.0;-9.0;6.0;ISOPROPANOL
905.0;1697.0;3156.0;5693.0;969.0;1463.0;811.0;1530.0;2852.0;5222.0;904.0;1425.0;-9.0;1.0;-11.0;3.0;ISOPROPANOL
900.0;1683.0;3112.0;5634.0;960.0;1457.0;803.0;1514.0;2816.0;5152.0;897.0;1413.0;-14.0;5.0;-11.0;0.0;ISOPROPANOL
900.0;1677.0;3102.0;5619.0;959.0;1451.0;800.0;1506.0;2801.0;5128.0;887.0;1403.0;-15.0;1.0;-14.0;0.0;ISOPROPANOL
894.0;1667.0;3093.0;5568.0;957.0;1453.0;795.0;1510.0;2834.0;5183.0;892.0;1411.0;-15.0;6.0;-14.0;0.0;ISOPROPANOL
883.0;1654.0;3082.0;5617.0;961.0;1443.0;808.0;1520.0;2825.0;5191.0;898.0;1418.0;-17.0;4.0;-14.0;0.0;ISOPROPANOL
869.0;1644.0;3051.0;5547.0;944.0;1430.0;785.0;1493.0;2774.0;5095.0;885.0;1392.0;-17.0;4.0;-14.0;-3.0;ISOPROPANOL
865.0;1636.0;3020.0;5509.0;946.0;1441.0;801.0;1522.0;2840.0;5199.0;900.0;1427.0;-17.0;4.0;-14.0;-3.0;ISOPROPANOL
898.0;1681.0;3116.0;5663.0;966.0;1452.0;802.0;1528.0;2851.0;5250.0;901.0;1429.0;-10.0;4.0;-8.0;-3.0;ISOPROPANOL
898.0;1684.0;3120.0;5669.0;965.0;1462.0;824.0;1550.0;2869.0;5244.0;907.0;1427.0;-8.0;7.0;-6.0;-3.0;ISOPROPANOL
894.0;1678.0;3114.0;5630.0;961.0;1453.0;817.0;1537.0;2857.0;5218.0;903.0;1425.0;-8.0;6.0;-6.0;-1.0;ISOPROPANOL
890.0;1681.0;3114.0;5671.0;966.0;1473.0;823.0;1553.0;2904.0;5317.0;921.0;1456.0;-8.0;6.0;-8.0;-1.0;ISOPROPANOL
914.0;1719.0;3192.0;5774.0;984.0;1499.0;847.0;1596.0;2964.0;5418.0;941.0;1478.0;-9.0;8.0;-8.0;-1.0;ISOPROPANOL
932.0;1756.0;3283.0;5998.0;1019.0;1542.0;868.0;1643.0;3052.0;5587.0;968.0;1534.0;-12.0;7.0;-9.0;-2.0;ISOPROPANOL
963.0;1808.0;3350.0;6045.0;1024.0;1530.0;866.0;1624.0;3020.0;5471.0;940.0;1492.0;-12.0;4.0;-9.0;-2.0;ISOPROPANOL
933.0;1760.0;3249.0;5885.0;997.0;1510.0;831.0;1579.0;2934.0;5373.0;935.0;1469.0;-12.0;5.0;-9.0;-2.0;ISOPROPANOL
937.0;1756.0;3279.0;5916.0;1002.0;1507.0;854.0;1606.0;2987.0;5479.0;942.0;1483.0;-12.0;2.0;-9.0;-3.0;ISOPROPANOL
938.0;1760.0;3254.0;5894.0;1003.0;1518.0;852.0;1614.0;3012.0;5508.0;947.0;1507.0;-9.0;2.0;-9.0;-2.0;ISOPROPANOL
955.0;1777.0;3333.0;6047.0;1025.0;1546.0;874.0;1641.0;3029.0;5512.0;956.0;1512.0;-9.0;0.0;-9.0;-2.0;ISOPROPANOL
964.0;1804.0;3333.0;5985.0;1017.0;1526.0;858.0;1616.0;2984.0;5427.0;937.0;1474.0;-9.0;-1.0;-9.0;2.0;ISOPROPANOL
936.0;1751.0;3248.0;5849.0;999.0;1500.0;846.0;1591.0;2972.0;5391.0;934.0;1464.0;-9.0;-1.0;-9.0;-1.0;ISOPROPANOL
933.0;1744.0;3244.0;5863.0;1000.0;1513.0;854.0;1614.0;2996.0;5458.0;947.0;1487.0;-8.0;0.0;-9.0;-1.0;ISOPROPANOL
953.0;1781.0;3296.0;5968.0;1014.0;1527.0;859.0;1619.0;3025.0;5511.0;953.0;1496.0;-7.0;2.0;-5.0;-1.0;ISOPROPANOL
947.0;1777.0;3287.0;5975.0;1015.0;1527.0;865.0;1630.0;3023.0;5489.0;950.0;1493.0;-7.0;1.0;-5.0;0.0;ISOPROPANOL
936.0;1768.0;3295.0;5944.0;1017.0;1535.0;875.0;1644.0;3061.0;5574.0;967.0;1518.0;-7.0;2.0;-6.0;-1.0;ISOPROPANOL
967.0;1814.0;3371.0;6101.0;1035.0;1561.0;885.0;1666.0;3074.0;5627.0;966.0;1524.0;-7.0;5.0;-2.0;-5.0;ISOPROPANOL
971.0;1817.0;3371.0;6104.0;1034.0;1558.0;877.0;1653.0;3057.0;5545.0;960.0;1509.0;-11.0;6.0;-6.0;0.0;ISOPROPANOL
970.0;1816.0;3345.0;6061.0;1027.0;1550.0;871.0;1630.0;3044.0;5535.0;955.0;1509.0;-12.0;9.0;-8.0;0.0;ISOPROPANOL
960.0;1798.0;3314.0;5982.0;1021.0;1547.0;875.0;1645.0;3037.0;5538.0;952.0;1513.0;-12.0;6.0;-8.0;-4.0;ISOPROPANOL
971.0;1810.0;3339.0;6018.0;1022.0;1536.0;875.0;1639.0;3040.0;5536.0;950.0;1507.0;-12.0;7.0;-8.0;1.0;ISOPROPANOL
970.0;1809.0;3332.0;5996.0;1021.0;1541.0;876.0;1638.0;3032.0;5485.0;948.0;1502.0;-13.0;5.0;-9.0;1.0;ISOPROPANOL
973.0;1807.0;3332.0;6020.0;1023.0;1545.0;880.0;1645.0;3059.0;5568.0;965.0;1523.0;-13.0;5.0;-9.0;2.0;ISOPROPANOL
975.0;1819.0;3377.0;6099.0;1037.0;1563.0;886.0;1671.0;3090.0;5627.0;969.0;1532.0;-13.0;6.0;-7.0;2.0;ISOPROPANOL
974.0;1822.0;3388.0;6131.0;1039.0;1568.0;888.0;1675.0;3115.0;5657.0;971.0;1532.0;-5.0;7.0;-7.0;2.0;ISOPROPANOL
974.0;1822.0;3363.0;6035.0;1030.0;1547.0;877.0;1646.0;3051.0;5552.0;959.0;1514.0;-7.0;5.0;-7.0;2.0;ISOPROPANOL
948.0;1784.0;3306.0;5981.0;1019.0;1540.0;883.0;1651.0;3065.0;5587.0;964.0;1506.0;-5.0;2.0;-7.0;2.0;ISOPROPANOL
957.0;1796.0;3333.0;5999.0;1023.0;1540.0;888.0;1653.0;3051.0;5559.0;962.0;1512.0;-5.0;2.0;-7.0;1.0;ISOPROPANOL
961.0;1797.0;3318.0;5993.0;1021.0;1548.0;872.0;1643.0;3056.0;5589.0;964.0;1524.0;-7.0;2.0;-11.0;1.0;ISOPROPANOL
975.0;1828.0;3368.0;6072.0;1038.0;1552.0;886.0;1660.0;3086.0;5613.0;967.0;1533.0;-10.0;7.0;-12.0;1.0;ISOPROPANOL
972.0;1815.0;3353.0;6082.0;1034.0;1553.0;887.0;1663.0;3082.0;5608.0;968.0;1522.0;-10.0;7.0;-12.0;1.0;ISOPROPANOL
971.0;1806.0;3346.0;6058.0;1034.0;1553.0;874.0;1643.0;3058.0;5581.0;964.0;1520.0;-11.0;5.0;-12.0;2.0;ISOPROPANOL
960.0;1806.0;3353.0;6066.0;1035.0;1570.0;899.0;1680.0;3128.0;5697.0;985.0;1547.0;-11.0;5.0;-11.0;2.0;ISOPROPANOL
987.0;1859.0;3434.0;6206.0;1054.0;1586.0;901.0;1698.0;3152.0;5759.0;992.0;1565.0;-10.0;4.0;-6.0;0.0;ISOPROPANOL
999.0;1869.0;3462.0;6218.0;1057.0;1587.0;911.0;1705.0;3177.0;5766.0;992.0;1555.0;-9.0;4.0;-5.0;0.0;ISOPROPANOL
999.0;1855.0;3437.0;6218.0;1058.0;1596.0;903.0;1697.0;3146.0;5770.0;995.0;1559.0;-9.0;4.0;0.0;-2.0;ISOPROPANOL
998.0;1865.0;3443.0;6199.0;1056.0;1587.0;905.0;1700.0;3158.0;5747.0;989.0;1566.0;-9.0;6.0;0.0;-2.0;ISOPROPANOL
1001.0;1878.0;3456.0;6284.0;1066.0;1597.0;910.0;1716.0;3191.0;5768.0;994.0;1573.0;-9.0;5.0;0.0;-5.0;ISOPROPANOL
1012.0;1886.0;3481.0;6242.0;1064.0;1589.0;914.0;1703.0;3168.0;5751.0;989.0;1562.0;-13.0;5.0;-13.0;-6.0;ISOPROPANOL
1009.0;1884.0;3464.0;6262.0;1057.0;1601.0;924.0;1732.0;3192.0;5781.0;1000.0;1571.0;-13.0;3.0;-13.0;-6.0;ISOPROPANOL
1013.0;1895.0;3493.0;6277.0;1065.0;1609.0;919.0;1722.0;3183.0;5778.0;997.0;1571.0;-13.0;3.0;-13.0;-5.0;ISOPROPANOL
1006.0;1887.0;3457.0;6260.0;1065.0;1604.0;928.0;1734.0;3200.0;5847.0;1004.0;1580.0;-13.0;2.0;-11.0;-2.0;ISOPROPANOL
1008.0;1888.0;3485.0;6336.0;1075.0;1614.0;914.0;1708.0;3171.0;5798.0;998.0;1580.0;-13.0;3.0;-11.0;-2.0;ISOPROPANOL
1007.0;1891.0;3473.0;6282.0;1068.0;1598.0;906.0;1708.0;3157.0;5767.0;991.0;1569.0;-12.0;7.0;-9.0;1.0;ISOPROPANOL
1001.0;1868.0;3458.0;6258.0;1066.0;1607.0;912.0;1709.0;3165.0;5781.0;998.0;1571.0;-12.0;12.0;-11.0;4.0;ISOPROPANOL
1015.0;1893.0;3504.0;6356.0;1074.0;1624.0;930.0;1739.0;3225.0;5855.0;1009.0;1590.0;-12.0;8.0;-11.0;2.0;ISOPROPANOL
1020.0;1905.0;3532.0;6366.0;1077.0;1617.0;923.0;1736.0;3217.0;5851.0;1011.0;1595.0;-12.0;7.0;-11.0;2.0;ISOPROPANOL
1021.0;1904.0;3541.0;6388.0;1086.0;1642.0;936.0;1770.0;3263.0;5933.0;1025.0;1604.0;-4.0;3.0;-9.0;2.0;ISOPROPANOL
1022.0;1905.0;3540.0;6395.0;1089.0;1634.0;934.0;1757.0;3255.0;5948.0;1017.0;1610.0;-13.0;2.0;-13.0;1.0;ISOPROPANOL
1050.0;1952.0;3597.0;6460.0;1103.0;1654.0;944.0;1775.0;3269.0;5982.0;1027.0;1612.0;-12.0;1.0;-13.0;-1.0;ISOPROPANOL
1042.0;1945.0;3588.0;6484.0;1092.0;1645.0;948.0;1771.0;3275.0;5954.0;1023.0;1603.0;-13.0;1.0;-13.0;-3.0;ISOPROPANOL
1041.0;1942.0;3581.0;6442.0;1094.0;1643.0;940.0;1761.0;3268.0;5948.0;1018.0;1609.0;-12.0;1.0;-13.0;-1.0;ISOPROPANOL
1037.0;1931.0;3553.0;6420.0;1081.0;1631.0;929.0;1743.0;3240.0;5871.0;1009.0;1595.0;-13.0;2.0;-13.0;-1.0;ISOPROPANOL
1026.0;1909.0;3528.0;6349.0;1079.0;1634.0;932.0;1755.0;3250.0;5874.0;1016.0;1595.0;-12.0;2.0;-11.0;0.0;ISOPROPANOL
1029.0;1909.0;3531.0;6344.0;1076.0;1624.0;937.0;1743.0;3215.0;5833.0;1004.0;1576.0;-13.0;2.0;-11.0;0.0;ISOPROPANOL
1045.0;1932.0;3528.0;6352.0;1070.0;1609.0;914.0;1717.0;3167.0;5771.0;993.0;1570.0;-5.0;2.0;-9.0;0.0;ISOPROPANOL
1029.0;1914.0;3498.0;6295.0;1063.0;1612.0;919.0;1720.0;3175.0;5789.0;998.0;1563.0;-5.0;5.0;-9.0;0.0;ISOPROPANOL
1033.0;1925.0;3524.0;6340.0;1068.0;1603.0;929.0;1745.0;3223.0;5822.0;998.0;1578.0;-5.0;5.0;-8.0;0.0;ISOPROPANOL
1027.0;1901.0;3493.0;6282.0;1063.0;1607.0;934.0;1732.0;3188.0;5773.0;997.0;1559.0;-8.0;4.0;-8.0;1.0;ISOPROPANOL
1018.0;1894.0;3483.0;6243.0;1060.0;1601.0;931.0;1741.0;3204.0;5797.0;996.0;1574.0;-5.0;5.0;-5.0;1.0;ISOPROPANOL
1028.0;1917.0;3561.0;6410.0;1090.0;1650.0;960.0;1792.0;3322.0;6023.0;1037.0;1633.0;-5.0;4.0;-5.0;1.0;ISOPROPANOL
1065.0;1993.0;3691.0;6639.0;1122.0;1684.0;981.0;1837.0;3397.0;6163.0;1054.0;1647.0;-8.0;3.0;-8.0;1.0;ISOPROPANOL
1076.0;2005.0;3687.0;6618.0;1117.0;1673.0;955.0;1789.0;3294.0;5994.0;1034.0;1633.0;-8.0;3.0;-10.0;1.0;ISOPROPANOL
1052.0;1972.0;3627.0;6573.0;1112.0;1667.0;969.0;1808.0;3348.0;6071.0;1041.0;1634.0;-7.0;3.0;-6.0;1.0;ISOPROPANOL
1049.0;1968.0;3643.0;6567.0;1112.0;1676.0;967.0;1810.0;3353.0;6120.0;1043.0;1632.0;-7.0;0.0;-6.0;-1.0;ISOPROPANOL
1055.0;1966.0;3638.0;6598.0;1115.0;1671.0;968.0;1813.0;3340.0;6077.0;1040.0;1633.0;-8.0;0.0;-10.0;-1.0;ISOPROPANOL
1043.0;1960.0;3620.0;6536.0;1108.0;1673.0;966.0;1803.0;3337.0;6070.0;1044.0;1638.0;-7.0;2.0;-6.0;-1.0;ISOPROPANOL
1066.0;1982.0;3652.0;6524.0;1106.0;1666.0;961.0;1792.0;3321.0;6024.0;1033.0;1632.0;-7.0;2.0;-6.0;-1.0;ISOPROPANOL
1071.0;1984.0;3647.0;6561.0;1105.0;1665.0;964.0;1782.0;3298.0;6003.0;1031.0;1626.0;-10.0;2.0;-13.0;-2.0;ISOPROPANOL
1060.0;1968.0;3649.0;6540.0;1109.0;1671.0;969.0;1800.0;3342.0;6075.0;1042.0;1647.0;-10.0;1.0;-13.0;-4.0;ISOPROPANOL
1052.0;1969.0;3641.0;6605.0;1117.0;1686.0;967.0;1812.0;3346.0;6061.0;1047.0;1646.0;-10.0;1.0;-12.0;-2.0;ISOPROPANOL
1065.0;1988.0;3680.0;6629.0;1129.0;1696.0;983.0;1840.0;3401.0;6173.0;1055.0;1652.0;-10.0;1.0;-12.0;-2.0;ISOPROPANOL
1078.0;2009.0;3695.0;6654.0;1128.0;1684.0;964.0;1808.0;3340.0;6091.0;1047.0;1644.0;-10.0;5.0;-11.0;0.0;ISOPROPANOL
1062.0;1989.0;3660.0;6585.0;1117.0;1676.0;975.0;1829.0;3374.0;6075.0;1054.0;1647.0;-10.0;5.0;-5.0;0.0;ISOPROPANOL
1068.0;2000.0;3673.0;6645.0;1124.0;1692.0;997.0;1860.0;3451.0;6247.0;1071.0;1680.0;-14.0;2.0;-5.0;1.0;ISOPROPANOL
1102.0;2058.0;3782.0;6783.0;1152.0;1722.0;1011.0;1877.0;3451.0;6266.0;1071.0;1691.0;-8.0;2.0;-5.0;1.0;ISOPROPANOL
1108.0;2059.0;3786.0;6825.0;1156.0;1731.0;1000.0;1873.0;3458.0;6257.0;1083.0;1692.0;-15.0;1.0;-6.0;-2.0;ISOPROPANOL
1108.0;2052.0;3787.0;6803.0;1147.0;1722.0;1001.0;1866.0;3450.0;6272.0;1074.0;1682.0;-8.0;1.0;-7.0;-2.0;ISOPROPANOL
1087.0;2030.0;3752.0;6744.0;1139.0;1716.0;1003.0;1868.0;3438.0;6244.0;1072.0;1671.0;-6.0;3.0;-7.0;0.0;ISOPROPANOL
1099.0;2056.0;3776.0;6791.0;1148.0;1724.0;1008.0;1890.0;3489.0;6309.0;1078.0;1683.0;-4.0;6.0;-7.0;0.0;ISOPROPANOL
1108.0;2061.0;3774.0;6772.0;1148.0;1722.0;1010.0;1872.0;3461.0;6265.0;1073.0;1680.0;-4.0;6.0;-7.0;0.0;ISOPROPANOL
1103.0;2048.0;3771.0;6788.0;1147.0;1723.0;1007.0;1883.0;3458.0;6296.0;1075.0;1690.0;-4.0;4.0;-7.0;0.0;ISOPROPANOL
1112.0;2065.0;3790.0;6796.0;1148.0;1726.0;1005.0;1887.0;3481.0;6318.0;1080.0;1693.0;-4.0;4.0;-4.0;0.0;ISOPROPANOL
1107.0;2056.0;3796.0;6802.0;1148.0;1730.0;1000.0;1864.0;3434.0;6243.0;1070.0;1676.0;-8.0;3.0;-7.0;0.0;ISOPROPANOL
1094.0;2044.0;3773.0;6754.0;1144.0;1724.0;1004.0;1877.0;3439.0;6264.0;1071.0;1674.0;-10.0;0.0;-9.0;0.0;ISOPROPANOL
1104.0;2051.0;3762.0;6770.0;1140.0;1711.0;994.0;1864.0;3414.0;6171.0;1058.0;1661.0;-10.0;0.0;-7.0;-1.0;ISOPROPANOL
1068.0;1985.0;3660.0;6657.0;1126.0;1695.0;976.0;1830.0;3381.0;6156.0;1056.0;1647.0;-10.0;0.0;-7.0;-3.0;ISOPROPANOL
1070.0;1990.0;3654.0;6603.0;1118.0;1682.0;979.0;1823.0;3371.0;6055.0;1052.0;1650.0;-10.0;3.0;-7.0;-1.0;ISOPROPANOL
1088.0;2025.0;3700.0;6596.0;1121.0;1691.0;983.0;1841.0;3361.0;6070.0;1050.0;1656.0;-14.0;5.0;-9.0;-1.0;ISOPROPANOL
1064.0;1991.0;3662.0;6585.0;1115.0;1675.0;965.0;1802.0;3316.0;6060.0;1043.0;1642.0;-7.0;5.0;-9.0;1.0;ISOPROPANOL
1062.0;1981.0;3650.0;6583.0;1121.0;1690.0;987.0;1841.0;3415.0;6188.0;1057.0;1657.0;-13.0;3.0;-12.0;2.0;ISOPROPANOL
1092.0;2020.0;3719.0;6666.0;1130.0;1698.0;994.0;1843.0;3409.0;6194.0;1056.0;1663.0;-11.0;4.0;-12.0;1.0;ISOPROPANOL
1098.0;2031.0;3743.0;6706.0;1136.0;1703.0;983.0;1832.0;3393.0;6159.0;1061.0;1657.0;-11.0;4.0;-12.0;2.0;ISOPROPANOL
1087.0;2020.0;3709.0;6673.0;1132.0;1699.0;979.0;1841.0;3395.0;6174.0;1058.0;1659.0;-11.0;4.0;-18.0;0.0;ISOPROPANOL
1094.0;2028.0;3710.0;6683.0;1129.0;1698.0;985.0;1841.0;3389.0;6153.0;1060.0;1652.0;-13.0;4.0;-18.0;0.0;ISOPROPANOL
1087.0;2018.0;3702.0;6643.0;1119.0;1691.0;984.0;1840.0;3405.0;6132.0;1052.0;1651.0;-11.0;2.0;-15.0;0.0;ISOPROPANOL
1079.0;2008.0;3685.0;6616.0;1125.0;1689.0;977.0;1815.0;3360.0;6107.0;1045.0;1643.0;-15.0;-1.0;-13.0;0.0;ISOPROPANOL
1077.0;1993.0;3678.0;6615.0;1121.0;1692.0;985.0;1842.0;3378.0;6125.0;1050.0;1652.0;-15.0;1.0;-13.0;-4.0;ISOPROPANOL
1069.0;1995.0;3675.0;6632.0;1122.0;1689.0;989.0;1844.0;3396.0;6158.0;1051.0;1653.0;-12.0;1.0;-11.0;-4.0;ISOPROPANOL
1071.0;1989.0;3679.0;6594.0;1119.0;1689.0;985.0;1828.0;3374.0;6135.0;1050.0;1649.0;-11.0;1.0;-10.0;-4.0;ISOPROPANOL
1069.0;1996.0;3679.0;6636.0;1120.0;1702.0;988.0;1850.0;3420.0;6185.0;1062.0;1679.0;-9.0;1.0;-5.0;-1.0;ISOPROPANOL
1085.0;2020.0;3728.0;6729.0;1141.0;1708.0;989.0;1848.0;3427.0;6208.0;1066.0;1680.0;-4.0;4.0;-4.0;-1.0;ISOPROPANOL
1078.0;2009.0;3698.0;6692.0;1130.0;1700.0;979.0;1837.0;3399.0;6167.0;1053.0;1661.0;-4.0;4.0;-5.0;-1.0;ISOPROPANOL
1094.0;2030.0;3738.0;6701.0;1136.0;1707.0;989.0;1853.0;3414.0;6197.0;1062.0;1667.0;-4.0;-2.0;-5.0;0.0;ISOPROPANOL
1086.0;2020.0;3734.0;6712.0;1132.0;1718.0;991.0;1856.0;3429.0;6214.0;1066.0;1678.0;-10.0;-2.0;-10.0;0.0;ISOPROPANOL
1077.0;2008.0;3713.0;6688.0;1135.0;1715.0;992.0;1867.0;3430.0;6220.0;1067.0;1669.0;-10.0;-1.0;-10.0;0.0;ISOPROPANOL
1084.0;2025.0;3718.0;6699.0;1135.0;1709.0;992.0;1852.0;3412.0;6165.0;1057.0;1659.0;-10.0;-1.0;-10.0;0.0;ISOPROPANOL
1084.0;2015.0;3702.0;6689.0;1133.0;1704.0;999.0;1861.0;3440.0;6212.0;1062.0;1660.0;-3.0;1.0;-7.0;1.0;ISOPROPANOL
1069.0;2005.0;3689.0;6650.0;1126.0;1708.0;985.0;1839.0;3396.0;6218.0;1065.0;1665.0;-3.0;2.0;-7.0;0.0;ISOPROPANOL
1092.0;2038.0;3740.0;6718.0;1138.0;1720.0;1004.0;1864.0;3431.0;6211.0;1071.0;1680.0;-3.0;1.0;-7.0;-1.0;ISOPROPANOL
1102.0;2061.0;3776.0;6753.0;1143.0;1728.0;1007.0;1888.0;3466.0;6274.0;1078.0;1686.0;-13.0;1.0;-14.0;-1.0;ISOPROPANOL
1102.0;2048.0;3754.0;6699.0;1139.0;1723.0;1013.0;1883.0;3465.0;6269.0;1076.0;1682.0;-13.0;0.0;-15.0;-1.0;ISOPROPANOL
1111.0;2063.0;3796.0;6777.0;1144.0;1724.0;1011.0;1888.0;3473.0;6251.0;1069.0;1674.0;-13.0;0.0;-15.0;-1.0;ISOPROPANOL
1094.0;2032.0;3761.0;6745.0;1141.0;1718.0;1000.0;1859.0;3426.0;6237.0;1071.0;1676.0;-6.0;0.0;-14.0;-1.0;ISOPROPANOL
1102.0;2039.0;3765.0;6779.0;1146.0;1727.0;1021.0;1884.0;3460.0;6297.0;1087.0;1699.0;-6.0;1.0;-8.0;-1.0;ISOPROPANOL
1111.0;2077.0;3799.0;6865.0;1160.0;1746.0;1024.0;1912.0;3494.0;6344.0;1093.0;1705.0;-6.0;2.0;-8.0;-2.0;ISOPROPANOL
1124.0;2095.0;3840.0;6896.0;1168.0;1761.0;1025.0;1913.0;3519.0;6374.0;1092.0;1723.0;-3.0;1.0;-8.0;-3.0;ISOPROPANOL
1138.0;2115.0;3880.0;6956.0;1177.0;1756.0;1034.0;1913.0;3517.0;6363.0;1093.0;1717.0;-7.0;0.0;-4.0;-3.0;ISOPROPANOL
1133.0;2097.0;3839.0;6888.0;1163.0;1744.0;1037.0;1930.0;3538.0;6380.0;1093.0;1712.0;-12.0;0.0;-4.0;-3.0;ISOPROPANOL
1133.0;2108.0;3890.0;6964.0;1178.0;1767.0;1040.0;1927.0;3555.0;6416.0;1105.0;1734.0;-7.0;-1.0;-4.0;1.0;ISOPROPANOL
1137.0;2117.0;3892.0;7020.0;1185.0;1782.0;1050.0;1966.0;3610.0;6529.0;1117.0;1751.0;-7.0;-1.0;-4.0;1.0;ISOPROPANOL
1161.0;2143.0;3949.0;7085.0;1198.0;1800.0;1054.0;1966.0;3622.0;6548.0;1122.0;1757.0;-7.0;0.0;-3.0;1.0;ISOPROPANOL
1178.0;2195.0;4034.0;7217.0;1221.0;1828.0;1090.0;2014.0;3716.0;6717.0;1147.0;1801.0;-10.0;2.0;-2.0;1.0;ISOPROPANOL
1182.0;2190.0;4053.0;7277.0;1230.0;1845.0;1093.0;2034.0;3747.0;6760.0;1159.0;1810.0;-7.0;2.0;-1.0;-3.0;ISOPROPANOL
1202.0;2236.0;4124.0;7366.0;1250.0;1878.0;1106.0;2059.0;3788.0;6867.0;1176.0;1836.0;-10.0;2.0;-2.0;-3.0;ISOPROPANOL
1226.0;2255.0;4127.0;7378.0;1241.0;1859.0;1095.0;2039.0;3744.0;6757.0;1156.0;1808.0;-9.0;3.0;-2.0;0.0;ISOPROPANOL
1184.0;2201.0;4029.0;7235.0;1223.0;1833.0;1080.0;2013.0;3688.0;6654.0;1142.0;1787.0;-11.0;0.0;-6.0;-3.0;ISOPROPANOL
1174.0;2181.0;3984.0;7144.0;1203.0;1809.0;1068.0;1990.0;3647.0;6563.0;1129.0;1754.0;-12.0;0.0;-6.0;0.0;ISOPROPANOL
1153.0;2142.0;3915.0;7032.0;1187.0;1797.0;1045.0;1940.0;3593.0;6494.0;1117.0;1753.0;-12.0;0.0;-8.0;3.0;ISOPROPANOL
1162.0;2160.0;3955.0;7048.0;1191.0;1797.0;1051.0;1959.0;3610.0;6522.0;1118.0;1759.0;-9.0;0.0;-6.0;3.0;ISOPROPANOL
1166.0;2164.0;3952.0;7056.0;1196.0;1781.0;1047.0;1957.0;3603.0;6503.0;1111.0;1744.0;-8.0;5.0;-6.0;3.0;ISOPROPANOL
1136.0;2113.0;3881.0;6989.0;1180.0;1774.0;1040.0;1939.0;3570.0;6455.0;1102.0;1737.0;-8.0;10.0;-6.0;6.0;ISOPROPANOL
1133.0;2092.0;3868.0;6909.0;1173.0;1760.0;1042.0;1945.0;3560.0;6475.0;1101.0;1726.0;-7.0;5.0;-5.0;3.0;ISOPROPANOL
1123.0;2088.0;3834.0;6863.0;1163.0;1756.0;1037.0;1924.0;3577.0;6423.0;1097.0;1716.0;-7.0;5.0;-5.0;4.0;ISOPROPANOL
1121.0;2098.0;3848.0;6921.0;1167.0;1756.0;1022.0;1907.0;3505.0;6372.0;1098.0;1714.0;-12.0;5.0;-8.0;4.0;ISOPROPANOL
1141.0;2105.0;3858.0;6943.0;1165.0;1755.0;1032.0;1924.0;3518.0;6341.0;1088.0;1703.0;-12.0;3.0;-8.0;4.0;ISOPROPANOL
1124.0;2093.0;3841.0;6881.0;1165.0;1750.0;1031.0;1930.0;3552.0;6400.0;1094.0;1711.0;-12.0;5.0;-12.0;4.0;ISOPROPANOL
1136.0;2107.0;3864.0;6912.0;1170.0;1763.0;1037.0;1930.0;3548.0;6434.0;1103.0;1726.0;-12.0;1.0;-12.0;4.0;ISOPROPANOL
1152.0;2130.0;3901.0;6974.0;1180.0;1766.0;1045.0;1935.0;3563.0;6435.0;1101.0;1724.0;-12.0;-1.0;-10.0;4.0;ISOPROPANOL
1146.0;2134.0;3901.0;6987.0;1184.0;1773.0;1027.0;1922.0;3553.0;6462.0;1099.0;1727.0;-12.0;-1.0;-10.0;4.0;ISOPROPANOL
1140.0;2111.0;3881.0;6924.0;1178.0;1775.0;1048.0;1953.0;3575.0;6454.0;1110.0;1737.0;-11.0;-1.0;-10.0;6.0;ISOPROPANOL
1159.0;2144.0;3924.0;7032.0;1186.0;1774.0;1038.0;1940.0;3572.0;6437.0;1102.0;1731.0;-13.0;3.0;-10.0;1.0;ISOPROPANOL
1149.0;2126.0;3887.0;6967.0;1179.0;1768.0;1047.0;1928.0;3556.0;6422.0;1096.0;1723.0;-13.0;4.0;-10.0;1.0;ISOPROPANOL
1136.0;2103.0;3852.0;6937.0;1169.0;1748.0;1042.0;1928.0;3546.0;6402.0;1099.0;1731.0;-10.0;2.0;-14.0;1.0;ISOPROPANOL
1142.0;2115.0;3869.0;6953.0;1180.0;1775.0;1035.0;1939.0;3558.0;6454.0;1106.0;1729.0;-10.0;2.0;-9.0;1.0;ISOPROPANOL
1153.0;2140.0;3955.0;7086.0;1199.0;1804.0;1067.0;1985.0;3669.0;6622.0;1139.0;1775.0;-15.0;2.0;-13.0;1.0;ISOPROPANOL
1186.0;2206.0;4031.0;7230.0;1225.0;1838.0;1080.0;2018.0;3725.0;6738.0;1156.0;1811.0;-10.0;5.0;-9.0;6.0;ISOPROPANOL
1208.0;2244.0;4098.0;7340.0;1239.0;1863.0;1100.0;2054.0;3794.0;6790.0;1163.0;1829.0;-15.0;6.0;-13.0;-3.0;ISOPROPANOL
1218.0;2248.0;4117.0;7372.0;1243.0;1864.0;1112.0;2055.0;3773.0;6828.0;1168.0;1819.0;-15.0;5.0;-9.0;1.0;ISOPROPANOL
1212.0;2254.0;4113.0;7381.0;1248.0;1875.0;1118.0;2069.0;3801.0;6829.0;1175.0;1826.0;-11.0;5.0;-9.0;-3.0;ISOPROPANOL
1228.0;2276.0;4150.0;7424.0;1254.0;1883.0;1118.0;2079.0;3819.0;6887.0;1177.0;1836.0;-11.0;5.0;-9.0;1.0;ISOPROPANOL
1245.0;2295.0;4212.0;7471.0;1265.0;1887.0;1114.0;2070.0;3813.0;6909.0;1181.0;1839.0;-11.0;4.0;-9.0;0.0;ISOPROPANOL
1231.0;2285.0;4153.0;7452.0;1252.0;1879.0;1108.0;2069.0;3790.0;6844.0;1171.0;1823.0;-7.0;9.0;-9.0;0.0;ISOPROPANOL
1233.0;2287.0;4169.0;7444.0;1255.0;1878.0;1114.0;2080.0;3823.0;6881.0;1180.0;1840.0;-7.0;8.0;-8.0;0.0;ISOPROPANOL
1227.0;2260.0;4113.0;7398.0;1246.0;1868.0;1110.0;2063.0;3777.0;6792.0;1171.0;1837.0;-7.0;3.0;-12.0;1.0;ISOPROPANOL
1204.0;2236.0;4114.0;7390.0;1250.0;1876.0;1095.0;2055.0;3764.0;6822.0;1168.0;1833.0;-7.0;4.0;-11.0;3.0;ISOPROPANOL
1218.0;2254.0;4148.0;7440.0;1251.0;1869.0;1106.0;2057.0;3770.0;6841.0;1164.0;1827.0;-7.0;4.0;-11.0;3.0;ISOPROPANOL
1230.0;2277.0;4152.0;7435.0;1249.0;1880.0;1113.0;2075.0;3796.0;6875.0;1169.0;1837.0;-7.0;2.0;-11.0;-2.0;ISOPROPANOL
1219.0;2264.0;4153.0;7436.0;1246.0;1870.0;1108.0;2059.0;3767.0;6805.0;1171.0;1819.0;-10.0;0.0;-12.0;-2.0;ISOPROPANOL
1218.0;2249.0;4114.0;7331.0;1238.0;1852.0;1091.0;2033.0;3735.0;6720.0;1153.0;1803.0;-10.0;-1.0;-11.0;-2.0;ISOPROPANOL
1214.0;2247.0;4114.0;7365.0;1240.0;1856.0;1103.0;2068.0;3778.0;6775.0;1162.0;1828.0;-13.0;-1.0;-13.0;0.0;ISOPROPANOL
1214.0;2250.0;4118.0;7367.0;1245.0;1878.0;1109.0;2072.0;3795.0;6841.0;1170.0;1824.0;-15.0;0.0;-15.0;0.0;ISOPROPANOL
1221.0;2259.0;4132.0;7373.0;1238.0;1852.0;1094.0;2033.0;3756.0;6761.0;1160.0;1817.0;-13.0;0.0;-15.0;0.0;ISOPROPANOL
1204.0;2235.0;4093.0;7358.0;1242.0;1863.0;1110.0;2065.0;3768.0;6819.0;1167.0;1826.0;-13.0;0.0;-15.0;0.0;ISOPROPANOL
1214.0;2250.0;4123.0;7379.0;1246.0;1875.0;1114.0;2074.0;3822.0;6910.0;1179.0;1846.0;-13.0;1.0;-16.0;-1.0;ISOPROPANOL
1245.0;2302.0;4193.0;7495.0;1260.0;1878.0;1113.0;2068.0;3809.0;6856.0;1171.0;1842.0;-13.0;4.0;-15.0;-1.0;ISOPROPANOL
1221.0;2262.0;4149.0;7440.0;1254.0;1877.0;1115.0;2066.0;3800.0;6845.0;1175.0;1833.0;-13.0;5.0;-13.0;-1.0;ISOPROPANOL
1222.0;2267.0;4140.0;7419.0;1255.0;1885.0;1116.0;2075.0;3803.0;6869.0;1176.0;1838.0;-15.0;4.0;-13.0;-1.0;ISOPROPANOL
1237.0;2278.0;4189.0;7480.0;1259.0;1887.0;1137.0;2096.0;3857.0;6912.0;1178.0;1850.0;-15.0;3.0;-12.0;-1.0;ISOPROPANOL
1238.0;2287.0;4167.0;7453.0;1260.0;1889.0;1120.0;2073.0;3821.0;6887.0;1177.0;1839.0;-11.0;3.0;-12.0;1.0;ISOPROPANOL
1215.0;2263.0;4138.0;7422.0;1249.0;1879.0;1110.0;2071.0;3786.0;6842.0;1168.0;1837.0;-12.0;2.0;-12.0;-1.0;ISOPROPANOL
1229.0;2270.0;4157.0;7461.0;1255.0;1885.0;1121.0;2083.0;3835.0;6901.0;1178.0;1844.0;-11.0;2.0;-12.0;4.0;ISOPROPANOL
1249.0;2303.0;4213.0;7504.0;1261.0;1884.0;1131.0;2093.0;3834.0;6882.0;1175.0;1828.0;-10.0;2.0;-6.0;4.0;ISOPROPANOL
1229.0;2278.0;4170.0;7428.0;1249.0;1876.0;1114.0;2082.0;3798.0;6848.0;1172.0;1834.0;-10.0;3.0;-3.0;-2.0;ISOPROPANOL
1231.0;2276.0;4136.0;7387.0;1250.0;1876.0;1117.0;2081.0;3807.0;6846.0;1171.0;1833.0;-10.0;3.0;-3.0;-3.0;ISOPROPANOL
1220.0;2254.0;4118.0;7351.0;1238.0;1860.0;1110.0;2069.0;3793.0;6848.0;1171.0;1818.0;-5.0;3.0;-3.0;-2.0;ISOPROPANOL
1214.0;2240.0;4112.0;7355.0;1245.0;1865.0;1108.0;2060.0;3766.0;6791.0;1167.0;1824.0;-10.0;3.0;-3.0;-3.0;ISOPROPANOL
1223.0;2257.0;4141.0;7412.0;1247.0;1870.0;1099.0;2051.0;3768.0;6802.0;1165.0;1830.0;-14.0;3.0;-11.0;-2.0;ISOPROPANOL
1217.0;2249.0;4144.0;7428.0;1252.0;1874.0;1123.0;2086.0;3837.0;6892.0;1174.0;1837.0;-16.0;2.0;-12.0;0.0;ISOPROPANOL
1224.0;2265.0;4138.0;7418.0;1254.0;1883.0;1121.0;2089.0;3820.0;6898.0;1180.0;1851.0;-14.0;5.0;-11.0;0.0;ISOPROPANOL
1229.0;2270.0;4151.0;7442.0;1252.0;1888.0;1116.0;2085.0;3828.0;6918.0;1186.0;1854.0;-14.0;2.0;-12.0;1.0;ISOPROPANOL
1245.0;2300.0;4200.0;7512.0;1256.0;1887.0;1128.0;2100.0;3853.0;6970.0;1187.0;1868.0;-14.0;3.0;-12.0;1.0;ISOPROPANOL
1252.0;2312.0;4210.0;7569.0;1274.0;1901.0;1134.0;2104.0;3853.0;6931.0;1192.0;1860.0;-10.0;2.0;-12.0;1.0;ISOPROPANOL
1246.0;2300.0;4217.0;7569.0;1271.0;1902.0;1129.0;2101.0;3847.0;6962.0;1196.0;1866.0;-7.0;2.0;-10.0;-1.0;ISOPROPANOL
1245.0;2304.0;4231.0;7509.0;1275.0;1912.0;1145.0;2132.0;3908.0;7026.0;1196.0;1874.0;-10.0;2.0;-12.0;-1.0;ISOPROPANOL
1255.0;2333.0;4248.0;7603.0;1282.0;1925.0;1142.0;2123.0;3908.0;7070.0;1202.0;1888.0;-13.0;2.0;-11.0;-1.0;ISOPROPANOL
1267.0;2354.0;4304.0;7711.0;1295.0;1929.0;1164.0;2165.0;3954.0;7091.0;1211.0;1893.0;-7.0;3.0;-10.0;-1.0;ISOPROPANOL
1279.0;2370.0;4321.0;7684.0;1298.0;1937.0;1164.0;2149.0;3944.0;7080.0;1220.0;1898.0;-13.0;2.0;-11.0;-1.0;ISOPROPANOL
1295.0;2380.0;4346.0;7773.0;1305.0;1955.0;1182.0;2194.0;4004.0;7184.0;1225.0;1906.0;-15.0;0.0;-13.0;-1.0;ISOPROPANOL
1289.0;2379.0;4345.0;7728.0;1302.0;1946.0;1165.0;2161.0;3968.0;7132.0;1217.0;1905.0;-13.0;0.0;-12.0;-1.0;ISOPROPANOL
1279.0;2368.0;4326.0;7770.0;1311.0;1963.0;1170.0;2166.0;3945.0;7127.0;1218.0;1900.0;-8.0;1.0;-13.0;1.0;ISOPROPANOL
1285.0;2376.0;4332.0;7704.0;1290.0;1937.0;1162.0;2161.0;3934.0;7092.0;1213.0;1884.0;-16.0;1.0;-17.0;1.0;ISOPROPANOL
1264.0;2331.0;4261.0;7618.0;1288.0;1929.0;1148.0;2130.0;3904.0;7053.0;1207.0;1886.0;-8.0;1.0;-13.0;1.0;ISOPROPANOL
1265.0;2335.0;4265.0;7599.0;1281.0;1922.0;1162.0;2148.0;3913.0;7038.0;1201.0;1879.0;-8.0;3.0;-15.0;1.0;ISOPROPANOL
1267.0;2347.0;4283.0;7595.0;1278.0;1911.0;1157.0;2143.0;3917.0;7035.0;1195.0;1857.0;-7.0;5.0;-15.0;1.0;ISOPROPANOL
1262.0;2313.0;4248.0;7555.0;1275.0;1903.0;1141.0;2123.0;3882.0;6977.0;1186.0;1856.0;-13.0;5.0;-8.0;1.0;ISOPROPANOL
1258.0;2329.0;4227.0;7586.0;1266.0;1895.0;1146.0;2138.0;3914.0;7022.0;1196.0;1849.0;-13.0;8.0;-8.0;1.0;ISOPROPANOL
1238.0;2301.0;4192.0;7468.0;1262.0;1899.0;1138.0;2107.0;3853.0;6949.0;1189.0;1862.0;-13.0;9.0;-8.0;0.0;ISOPROPANOL
1230.0;2298.0;4199.0;7509.0;1266.0;1902.0;1137.0;2120.0;3877.0;6990.0;1186.0;1870.0;-7.0;4.0;-8.0;-2.0;ISOPROPANOL
1249.0;2313.0;4222.0;7525.0;1270.0;1894.0;1130.0;2104.0;3847.0;6984.0;1184.0;1859.0;-7.0;6.0;-8.0;-2.0;ISOPROPANOL
1259.0;2325.0;4235.0;7523.0;1261.0;1903.0;1140.0;2113.0;3861.0;6948.0;1189.0;1855.0;-4.0;4.0;-10.0;-2.0;ISOPROPANOL
1258.0;2315.0;4234.0;7543.0;1268.0;1896.0;1140.0;2117.0;3886.0;6959.0;1198.0;1870.0;-4.0;6.0;-4.0;-2.0;ISOPROPANOL
1257.0;2325.0;4253.0;7619.0;1281.0;1913.0;1142.0;2117.0;3881.0;7022.0;1202.0;1882.0;-5.0;2.0;-4.0;-3.0;ISOPROPANOL
1256.0;2324.0;4267.0;7580.0;1281.0;1914.0;1154.0;2148.0;3926.0;7051.0;1199.0;1878.0;-4.0;2.0;-4.0;0.0;ISOPROPANOL
1254.0;2329.0;4279.0;7626.0;1286.0;1933.0;1165.0;2158.0;3943.0;7097.0;1207.0;1887.0;-5.0;2.0;-6.0;0.0;ISOPROPANOL
1297.0;2384.0;4331.0;7722.0;1301.0;1951.0;1167.0;2168.0;3971.0;7127.0;1215.0;1895.0;-5.0;2.0;-4.0;0.0;ISOPROPANOL
1270.0;2351.0;4296.0;7679.0;1297.0;1929.0;1163.0;2152.0;3928.0;7057.0;1207.0;1886.0;-14.0;2.0;-6.0;0.0;ISOPROPANOL
1275.0;2358.0;4315.0;7697.0;1290.0;1932.0;1152.0;2139.0;3900.0;7047.0;1206.0;1882.0;-9.0;2.0;-12.0;0.0;ISOPROPANOL
1278.0;2356.0;4290.0;7645.0;1285.0;1932.0;1153.0;2141.0;3920.0;7036.0;1205.0;1890.0;-9.0;6.0;-12.0;0.0;ISOPROPANOL
1261.0;2336.0;4282.0;7663.0;1291.0;1928.0;1159.0;2146.0;3927.0;7068.0;1207.0;1876.0;-9.0;6.0;-12.0;0.0;ISOPROPANOL
1269.0;2335.0;4253.0;7664.0;1283.0;1933.0;1167.0;2166.0;3955.0;7116.0;1211.0;1900.0;-13.0;10.0;-14.0;0.0;ISOPROPANOL
1263.0;2348.0;4306.0;7706.0;1297.0;1939.0;1170.0;2171.0;3982.0;7133.0;1223.0;1893.0;-12.0;7.0;-14.0;0.0;ISOPROPANOL
1257.0;2333.0;4261.0;7615.0;1287.0;1937.0;1152.0;2132.0;3930.0;7062.0;1215.0;1894.0;-12.0;4.0;-13.0;-1.0;ISOPROPANOL
1283.0;2359.0;4321.0;7701.0;1292.0;1937.0;1152.0;2139.0;3938.0;7046.0;1212.0;1897.0;-12.0;5.0;-13.0;-2.0;ISOPROPANOL
1260.0;2344.0;4272.0;7602.0;1286.0;1923.0;1157.0;2140.0;3925.0;7040.0;1210.0;1880.0;-12.0;4.0;-13.0;-2.0;ISOPROPANOL
1265.0;2334.0;4255.0;7634.0;1283.0;1923.0;1143.0;2133.0;3894.0;7020.0;1199.0;1870.0;-11.0;5.0;-9.0;-2.0;ISOPROPANOL
1254.0;2322.0;4240.0;7558.0;1274.0;1917.0;1137.0;2121.0;3886.0;7006.0;1200.0;1870.0;-10.0;8.0;-8.0;-2.0;ISOPROPANOL
1251.0;2314.0;4255.0;7582.0;1281.0;1919.0;1149.0;2147.0;3925.0;7045.0;1196.0;1879.0;-10.0;5.0;-8.0;3.0;ISOPROPANOL
1265.0;2345.0;4280.0;7625.0;1287.0;1926.0;1160.0;2147.0;3946.0;7089.0;1204.0;1887.0;-9.0;3.0;-8.0;5.0;ISOPROPANOL
1270.0;2352.0;4298.0;7646.0;1285.0;1935.0;1162.0;2156.0;3940.0;7123.0;1212.0;1891.0;-6.0;3.0;-8.0;3.0;ISOPROPANOL
1283.0;2360.0;4304.0;7718.0;1291.0;1932.0;1147.0;2131.0;3928.0;7037.0;1211.0;1885.0;-6.0;8.0;-10.0;3.0;ISOPROPANOL
1273.0;2350.0;4293.0;7677.0;1295.0;1945.0;1155.0;2156.0;3935.0;7138.0;1221.0;1904.0;-6.0;12.0;-10.0;5.0;ISOPROPANOL
1291.0;2384.0;4357.0;7761.0;1305.0;1955.0;1164.0;2172.0;3973.0;7150.0;1221.0;1916.0;-6.0;8.0;-10.0;1.0;ISOPROPANOL
1295.0;2393.0;4376.0;7811.0;1310.0;1963.0;1185.0;2196.0;4034.0;7236.0;1232.0;1916.0;-12.0;4.0;-10.0;1.0;ISOPROPANOL
1303.0;2417.0;4415.0;7865.0;1316.0;1977.0;1201.0;2219.0;4057.0;7292.0;1239.0;1936.0;-12.0;4.0;-10.0;1.0;ISOPROPANOL
1300.0;2407.0;4389.0;7790.0;1317.0;1976.0;1180.0;2182.0;4010.0;7211.0;1230.0;1923.0;-15.0;4.0;-10.0;1.0;ISOPROPANOL
1305.0;2407.0;4384.0;7818.0;1318.0;1968.0;1183.0;2202.0;4009.0;7182.0;1225.0;1917.0;-15.0;5.0;-10.0;0.0;ISOPROPANOL
1315.0;2419.0;4399.0;7845.0;1304.0;1964.0;1184.0;2196.0;4003.0;7136.0;1219.0;1900.0;-15.0;4.0;-10.0;0.0;ISOPROPANOL
1313.0;2415.0;4382.0;7808.0;1295.0;1948.0;1179.0;2192.0;3975.0;7115.0;1208.0;1887.0;-15.0;2.0;-10.0;-1.0;ISOPROPANOL
1309.0;2395.0;4346.0;7711.0;1294.0;1933.0;1160.0;2155.0;3919.0;7031.0;1200.0;1880.0;-15.0;0.0;-9.0;-1.0;ISOPROPANOL
1294.0;2370.0;4308.0;7674.0;1287.0;1936.0;1168.0;2167.0;3958.0;7107.0;1208.0;1884.0;-11.0;2.0;-9.0;-1.0;ISOPROPANOL
1283.0;2363.0;4305.0;7634.0;1288.0;1928.0;1174.0;2172.0;3976.0;7084.0;1205.0;1879.0;-11.0;3.0;-9.0;-1.0;ISOPROPANOL
1272.0;2341.0;4298.0;7616.0;1281.0;1922.0;1152.0;2148.0;3922.0;7007.0;1196.0;1873.0;-11.0;0.0;-7.0;2.0;ISOPROPANOL
1267.0;2339.0;4267.0;7603.0;1284.0;1922.0;1157.0;2134.0;3937.0;7062.0;1208.0;1883.0;-11.0;3.0;-7.0;4.0;ISOPROPANOL
1274.0;2359.0;4310.0;7677.0;1290.0;1921.0;1156.0;2135.0;3900.0;7080.0;1202.0;1869.0;-12.0;4.0;-11.0;0.0;ISOPROPANOL
1279.0;2355.0;4309.0;7617.0;1279.0;1936.0;1165.0;2160.0;3941.0;7097.0;1211.0;1886.0;-13.0;4.0;-16.0;0.0;ISOPROPANOL
1280.0;2352.0;4313.0;7717.0;1294.0;1936.0;1173.0;2169.0;3979.0;7156.0;1218.0;1907.0;-13.0;4.0;-16.0;-6.0;ISOPROPANOL
1284.0;2376.0;4336.0;7712.0;1300.0;1955.0;1180.0;2186.0;4003.0;7193.0;1227.0;1922.0;-13.0;5.0;-17.0;-6.0;ISOPROPANOL
1305.0;2416.0;4400.0;7849.0;1318.0;1966.0;1186.0;2203.0;4043.0;7256.0;1235.0;1931.0;-13.0;2.0;-16.0;-6.0;ISOPROPANOL
1318.0;2420.0;4423.0;7856.0;1319.0;1978.0;1192.0;2200.0;4043.0;7259.0;1234.0;1926.0;-12.0;2.0;-16.0;-1.0;ISOPROPANOL
1307.0;2404.0;4388.0;7826.0;1319.0;1965.0;1183.0;2182.0;4002.0;7188.0;1231.0;1909.0;-12.0;2.0;-14.0;0.0;ISOPROPANOL
1312.0;2404.0;4366.0;7818.0;1314.0;1956.0;1184.0;2209.0;4044.0;7233.0;1233.0;1922.0;-12.0;2.0;-13.0;0.0;ISOPROPANOL
1318.0;2436.0;4453.0;7949.0;1332.0;1978.0;1194.0;2217.0;4041.0;7248.0;1246.0;1938.0;-10.0;4.0;-13.0;0.0;ISOPROPANOL
1320.0;2453.0;4470.0;7954.0;1343.0;1999.0;1212.0;2239.0;4088.0;7347.0;1254.0;1944.0;-12.0;4.0;-13.0;0.0;ISOPROPANOL
1316.0;2427.0;4453.0;7913.0;1335.0;1992.0;1208.0;2236.0;4091.0;7313.0;1246.0;1943.0;-15.0;3.0;-13.0;-3.0;ISOPROPANOL
1310.0;2430.0;4428.0;7925.0;1334.0;1986.0;1197.0;2214.0;4064.0;7316.0;1254.0;1953.0;-16.0;2.0;-13.0;-3.0;ISOPROPANOL
1323.0;2443.0;4445.0;7959.0;1338.0;1994.0;1203.0;2237.0;4089.0;7333.0;1252.0;1954.0;-16.0;1.0;-13.0;-3.0;ISOPROPANOL
1327.0;2456.0;4462.0;7953.0;1338.0;1984.0;1205.0;2228.0;4070.0;7325.0;1247.0;1947.0;-16.0;2.0;-8.0;0.0;ISOPROPANOL
1322.0;2450.0;4438.0;7946.0;1331.0;1994.0;1195.0;2212.0;4053.0;7255.0;1238.0;1938.0;2.0;1.0;-8.0;1.0;ISOPROPANOL
1311.0;2422.0;4404.0;7866.0;1323.0;1973.0;1200.0;2219.0;4053.0;7273.0;1237.0;1924.0;2.0;1.0;-8.0;1.0;ISOPROPANOL
1302.0;2396.0;4382.0;7799.0;1313.0;1964.0;1181.0;2187.0;4006.0;7164.0;1224.0;1917.0;-8.0;1.0;-5.0;1.0;ISOPROPANOL
1305.0;2402.0;4380.0;7781.0;1310.0;1961.0;1173.0;2166.0;3975.0;7139.0;1217.0;1902.0;-8.0;6.0;-9.0;3.0;ISOPROPANOL
1286.0;2377.0;4355.0;7746.0;1304.0;1960.0;1174.0;2183.0;3988.0;7216.0;1223.0;1914.0;-9.0;6.0;-13.0;5.0;ISOPROPANOL
1293.0;2378.0;4352.0;7759.0;1307.0;1952.0;1184.0;2193.0;4008.0;7202.0;1225.0;1906.0;-8.0;6.0;-9.0;3.0;ISOPROPANOL
1285.0;2385.0;4345.0;7720.0;1296.0;1940.0;1168.0;2172.0;3952.0;7085.0;1216.0;1896.0;-8.0;9.0;-9.0;3.0;ISOPROPANOL
1297.0;2380.0;4339.0;7712.0;1298.0;1937.0;1168.0;2157.0;3954.0;7104.0;1210.0;1899.0;-9.0;5.0;-10.0;2.0;ISOPROPANOL
1290.0;2389.0;4346.0;7714.0;1298.0;1937.0;1164.0;2160.0;3954.0;7082.0;1209.0;1894.0;-11.0;5.0;-10.0;2.0;ISOPROPANOL
1283.0;2387.0;4337.0;7742.0;1302.0;1957.0;1186.0;2194.0;4016.0;7197.0;1230.0;1914.0;-9.0;3.0;-10.0;-2.0;ISOPROPANOL
1286.0;2395.0;4360.0;7771.0;1301.0;1954.0;1191.0;2209.0;4013.0;7246.0;1233.0;1915.0;-9.0;2.0;-10.0;-2.0;ISOPROPANOL
1305.0;2410.0;4390.0;7817.0;1310.0;1969.0;1185.0;2202.0;4015.0;7227.0;1231.0;1928.0;-9.0;2.0;-10.0;1.0;ISOPROPANOL
1306.0;2411.0;4400.0;7820.0;1310.0;1975.0;1192.0;2203.0;4022.0;7208.0;1234.0;1923.0;-7.0;4.0;-9.0;-2.0;ISOPROPANOL
1292.0;2385.0;4368.0;7804.0;1316.0;1973.0;1191.0;2206.0;4026.0;7253.0;1236.0;1923.0;-4.0;2.0;-7.0;2.0;ISOPROPANOL
1307.0;2416.0;4413.0;7860.0;1318.0;1981.0;1174.0;2183.0;4022.0;7243.0;1234.0;1929.0;-4.0;2.0;-7.0;1.0;ISOPROPANOL
1312.0;2422.0;4410.0;7872.0;1319.0;1979.0;1190.0;2212.0;4036.0;7220.0;1229.0;1932.0;-2.0;2.0;-7.0;2.0;ISOPROPANOL
1318.0;2424.0;4435.0;7887.0;1330.0;1981.0;1200.0;2231.0;4071.0;7331.0;1251.0;1961.0;-2.0;1.0;-7.0;5.0;ISOPROPANOL
1350.0;2491.0;4515.0;8053.0;1347.0;2012.0;1219.0;2252.0;4098.0;7336.0;1253.0;1954.0;-2.0;1.0;-12.0;5.0;ISOPROPANOL
1323.0;2435.0;4449.0;7959.0;1338.0;2000.0;1211.0;2234.0;4098.0;7330.0;1253.0;1952.0;-14.0;1.0;-12.0;3.0;ISOPROPANOL
1312.0;2432.0;4446.0;7915.0;1334.0;2000.0;1217.0;2236.0;4088.0;7375.0;1253.0;1955.0;-14.0;1.0;-11.0;4.0;ISOPROPANOL
1326.0;2444.0;4457.0;8000.0;1344.0;1998.0;1201.0;2219.0;4065.0;7306.0;1250.0;1944.0;-14.0;1.0;-11.0;3.0;ISOPROPANOL
1334.0;2444.0;4465.0;7946.0;1340.0;2008.0;1213.0;2240.0;4094.0;7339.0;1256.0;1956.0;-14.0;1.0;-10.0;3.0;ISOPROPANOL
1350.0;2480.0;4508.0;8057.0;1356.0;2023.0;1226.0;2277.0;4158.0;7439.0;1274.0;1984.0;-12.0;2.0;-10.0;5.0;ISOPROPANOL
1366.0;2527.0;4587.0;8175.0;1375.0;2046.0;1249.0;2304.0;4215.0;7564.0;1287.0;2009.0;-5.0;3.0;-10.0;3.0;ISOPROPANOL
1370.0;2527.0;4588.0;8155.0;1370.0;2049.0;1255.0;2313.0;4223.0;7520.0;1282.0;1994.0;-4.0;2.0;-8.0;5.0;ISOPROPANOL
1359.0;2490.0;4567.0;8105.0;1363.0;2027.0;1238.0;2289.0;4197.0;7465.0;1277.0;1981.0;-5.0;8.0;-10.0;1.0;ISOPROPANOL
1351.0;2504.0;4549.0;8064.0;1349.0;2008.0;1220.0;2256.0;4110.0;7374.0;1255.0;1958.0;-9.0;6.0;-8.0;-3.0;ISOPROPANOL
1354.0;2474.0;4507.0;7974.0;1339.0;2011.0;1225.0;2266.0;4131.0;7399.0;1266.0;1971.0;-9.0;6.0;-11.0;-4.0;ISOPROPANOL
1332.0;2460.0;4469.0;8000.0;1352.0;2008.0;1226.0;2274.0;4162.0;7416.0;1262.0;1963.0;-10.0;8.0;-5.0;-4.0;ISOPROPANOL
1343.0;2470.0;4511.0;8019.0;1344.0;2011.0;1217.0;2262.0;4131.0;7440.0;1267.0;1977.0;-11.0;5.0;-11.0;-4.0;ISOPROPANOL
1354.0;2487.0;4537.0;8115.0;1369.0;2040.0;1242.0;2306.0;4231.0;7603.0;1297.0;2026.0;-11.0;5.0;-5.0;-4.0;ISOPROPANOL
1386.0;2560.0;4666.0;8274.0;1386.0;2068.0;1258.0;2324.0;4244.0;7636.0;1294.0;2011.0;-11.0;3.0;-3.0;-1.0;ISOPROPANOL
1387.0;2566.0;4660.0;8298.0;1397.0;2071.0;1266.0;2349.0;4296.0;7683.0;1305.0;2022.0;-8.0;5.0;-3.0;-1.0;ISOPROPANOL
1393.0;2572.0;4674.0;8303.0;1397.0;2074.0;1255.0;2324.0;4233.0;7612.0;1300.0;2011.0;-8.0;3.0;-9.0;-1.0;ISOPROPANOL
1361.0;2514.0;4570.0;8154.0;1370.0;2055.0;1253.0;2309.0;4217.0;7542.0;1285.0;2001.0;-6.0;3.0;-3.0;1.0;ISOPROPANOL
1363.0;2502.0;4584.0;8147.0;1367.0;2037.0;1241.0;2294.0;4182.0;7520.0;1284.0;1996.0;-8.0;3.0;-9.0;2.0;ISOPROPANOL
1364.0;2509.0;4551.0;8093.0;1365.0;2049.0;1248.0;2302.0;4207.0;7525.0;1272.0;1997.0;-6.0;8.0;-9.0;3.0;ISOPROPANOL
1360.0;2502.0;4550.0;8114.0;1362.0;2042.0;1246.0;2304.0;4194.0;7511.0;1273.0;1987.0;-16.0;7.0;-13.0;3.0;ISOPROPANOL
1351.0;2490.0;4542.0;8094.0;1357.0;2037.0;1243.0;2302.0;4218.0;7526.0;1279.0;2004.0;-9.0;6.0;-3.0;5.0;ISOPROPANOL
1362.0;2499.0;4562.0;8129.0;1367.0;2038.0;1241.0;2285.0;4166.0;7474.0;1276.0;1978.0;-10.0;6.0;-13.0;3.0;ISOPROPANOL
1358.0;2514.0;4574.0;8130.0;1363.0;2052.0;1258.0;2330.0;4254.0;7579.0;1290.0;2009.0;-10.0;4.0;-6.0;3.0;ISOPROPANOL
1371.0;2541.0;4615.0;8221.0;1379.0;2063.0;1251.0;2327.0;4238.0;7601.0;1300.0;2032.0;-11.0;4.0;-13.0;0.0;ISOPROPANOL
1395.0;2574.0;4695.0;8369.0;1404.0;2079.0;1264.0;2348.0;4289.0;7685.0;1307.0;2033.0;-11.0;2.0;-14.0;-1.0;ISOPROPANOL
1401.0;2586.0;4697.0;8330.0;1393.0;2082.0;1253.0;2316.0;4252.0;7607.0;1304.0;2031.0;-13.0;2.0;-14.0;-1.0;ISOPROPANOL
1385.0;2559.0;4661.0;8289.0;1387.0;2071.0;1269.0;2338.0;4246.0;7628.0;1296.0;2013.0;-13.0;4.0;-12.0;-2.0;ISOPROPANOL
1379.0;2544.0;4638.0;8228.0;1382.0;2069.0;1253.0;2308.0;4228.0;7584.0;1296.0;2010.0;-11.0;4.0;-12.0;-2.0;ISOPROPANOL
1369.0;2526.0;4600.0;8181.0;1378.0;2053.0;1244.0;2312.0;4210.0;7554.0;1291.0;2017.0;-13.0;4.0;-12.0;-2.0;ISOPROPANOL
1381.0;2540.0;4641.0;8225.0;1378.0;2053.0;1246.0;2316.0;4229.0;7586.0;1289.0;2004.0;-11.0;4.0;-7.0;-2.0;ISOPROPANOL
1382.0;2535.0;4588.0;8167.0;1366.0;2038.0;1241.0;2295.0;4164.0;7434.0;1268.0;1983.0;-11.0;3.0;-7.0;-2.0;ISOPROPANOL
1366.0;2499.0;4547.0;8066.0;1353.0;2024.0;1224.0;2262.0;4119.0;7385.0;1263.0;1961.0;-11.0;2.0;-7.0;0.0;ISOPROPANOL
1338.0;2469.0;4492.0;7992.0;1345.0;2018.0;1239.0;2288.0;4130.0;7454.0;1261.0;1978.0;-12.0;3.0;-7.0;2.0;ISOPROPANOL
1358.0;2501.0;4541.0;8092.0;1360.0;2024.0;1254.0;2309.0;4190.0;7501.0;1272.0;1972.0;-11.0;2.0;-7.0;2.0;ISOPROPANOL
1355.0;2503.0;4547.0;8090.0;1359.0;2039.0;1246.0;2301.0;4200.0;7558.0;1289.0;2002.0;-12.0;4.0;-12.0;3.0;ISOPROPANOL
1396.0;2565.0;4671.0;8306.0;1390.0;2076.0;1283.0;2371.0;4319.0;7688.0;1316.0;2040.0;-11.0;-1.0;-7.0;2.0;ISOPROPANOL
1405.0;2591.0;4695.0;8382.0;1411.0;2105.0;1297.0;2391.0;4347.0;7804.0;1326.0;2070.0;-11.0;1.0;-7.0;1.0;ISOPROPANOL
1429.0;2643.0;4804.0;8534.0;1434.0;2134.0;1318.0;2413.0;4403.0;7882.0;1342.0;2083.0;-10.0;1.0;-3.0;-1.0;ISOPROPANOL
1444.0;2649.0;4797.0;8537.0;1433.0;2132.0;1311.0;2419.0;4404.0;7836.0;1335.0;2069.0;-5.0;1.0;-3.0;-1.0;ISOPROPANOL
1421.0;2612.0;4747.0;8416.0;1412.0;2113.0;1298.0;2399.0;4339.0;7810.0;1324.0;2062.0;-5.0;-2.0;-3.0;-1.0;ISOPROPANOL
1420.0;2623.0;4742.0;8440.0;1413.0;2112.0;1299.0;2396.0;4359.0;7820.0;1319.0;2061.0;-8.0;0.0;-7.0;1.0;ISOPROPANOL
1408.0;2590.0;4705.0;8364.0;1408.0;2105.0;1281.0;2389.0;4334.0;7768.0;1322.0;2062.0;-8.0;0.0;-8.0;3.0;ISOPROPANOL
1415.0;2614.0;4754.0;8382.0;1409.0;2104.0;1308.0;2396.0;4340.0;7788.0;1316.0;2056.0;-14.0;0.0;-14.0;3.0;ISOPROPANOL
1418.0;2609.0;4751.0;8426.0;1409.0;2104.0;1295.0;2377.0;4339.0;7753.0;1317.0;2038.0;-14.0;5.0;-14.0;2.0;ISOPROPANOL
1397.0;2561.0;4688.0;8367.0;1406.0;2102.0;1297.0;2379.0;4324.0;7755.0;1323.0;2047.0;-14.0;6.0;-16.0;2.0;ISOPROPANOL
1395.0;2579.0;4705.0;8385.0;1404.0;2106.0;1304.0;2411.0;4359.0;7826.0;1325.0;2062.0;-11.0;6.0;-16.0;2.0;ISOPROPANOL
1409.0;2594.0;4739.0;8398.0;1404.0;2104.0;1293.0;2388.0;4340.0;7757.0;1321.0;2063.0;-7.0;6.0;-7.0;4.0;ISOPROPANOL
1419.0;2616.0;4746.0;8442.0;1409.0;2106.0;1286.0;2384.0;4329.0;7752.0;1320.0;2060.0;-7.0;5.0;-7.0;4.0;ISOPROPANOL
1422.0;2611.0;4745.0;8430.0;1413.0;2105.0;1302.0;2404.0;4362.0;7784.0;1326.0;2058.0;-4.0;6.0;-7.0;7.0;ISOPROPANOL
1422.0;2605.0;4736.0;8386.0;1406.0;2105.0;1285.0;2383.0;4317.0;7760.0;1323.0;2066.0;-4.0;8.0;-3.0;6.0;ISOPROPANOL
1422.0;2618.0;4755.0;8465.0;1417.0;2121.0;1303.0;2407.0;4385.0;7845.0;1331.0;2070.0;-2.0;7.0;-2.0;1.0;ISOPROPANOL
1436.0;2643.0;4786.0;8433.0;1411.0;2107.0;1314.0;2417.0;4359.0;7739.0;1313.0;2043.0;-7.0;9.0;-3.0;1.0;ISOPROPANOL
1421.0;2602.0;4718.0;8370.0;1401.0;2080.0;1284.0;2363.0;4297.0;7677.0;1303.0;2028.0;-10.0;1.0;-3.0;0.0;ISOPROPANOL
1408.0;2589.0;4705.0;8347.0;1398.0;2081.0;1280.0;2363.0;4302.0;7682.0;1307.0;2029.0;-10.0;0.0;-9.0;1.0;ISOPROPANOL
1409.0;2589.0;4713.0;8370.0;1399.0;2095.0;1291.0;2392.0;4326.0;7738.0;1321.0;2040.0;-10.0;-1.0;-9.0;0.0;ISOPROPANOL
1424.0;2604.0;4747.0;8428.0;1409.0;2102.0;1304.0;2404.0;4354.0;7762.0;1321.0;2056.0;-10.0;-1.0;-9.0;1.0;ISOPROPANOL
1438.0;2626.0;4748.0;8390.0;1405.0;2098.0;1292.0;2389.0;4344.0;7745.0;1318.0;2056.0;-10.0;0.0;-9.0;1.0;ISOPROPANOL
1432.0;2623.0;4756.0;8447.0;1411.0;2106.0;1309.0;2391.0;4358.0;7788.0;1318.0;2060.0;-7.0;0.0;-3.0;1.0;ISOPROPANOL
1428.0;2606.0;4731.0;8384.0;1405.0;2099.0;1299.0;2394.0;4354.0;7804.0;1328.0;2054.0;-7.0;1.0;-3.0;1.0;ISOPROPANOL
1425.0;2625.0;4753.0;8470.0;1421.0;2108.0;1300.0;2384.0;4353.0;7766.0;1320.0;2049.0;-9.0;1.0;-8.0;1.0;ISOPROPANOL
1422.0;2612.0;4736.0;8421.0;1411.0;2102.0;1294.0;2384.0;4336.0;7760.0;1313.0;2040.0;-9.0;4.0;-8.0;1.0;ISOPROPANOL
1403.0;2590.0;4705.0;8356.0;1410.0;2103.0;1317.0;2415.0;4381.0;7822.0;1333.0;2062.0;-9.0;2.0;-8.0;5.0;ISOPROPANOL
1434.0;2635.0;4783.0;8483.0;1416.0;2112.0;1297.0;2389.0;4359.0;7803.0;1334.0;2068.0;-11.0;2.0;-8.0;4.0;ISOPROPANOL
1440.0;2626.0;4768.0;8470.0;1418.0;2122.0;1311.0;2393.0;4389.0;7870.0;1332.0;2076.0;-11.0;2.0;-8.0;4.0;ISOPROPANOL
1448.0;2661.0;4821.0;8540.0;1428.0;2123.0;1317.0;2421.0;4433.0;7843.0;1339.0;2069.0;-12.0;3.0;-10.0;1.0;ISOPROPANOL
1427.0;2625.0;4767.0;8517.0;1422.0;2125.0;1307.0;2418.0;4419.0;7864.0;1335.0;2076.0;-12.0;6.0;-10.0;-2.0;ISOPROPANOL
1439.0;2640.0;4799.0;8529.0;1430.0;2127.0;1309.0;2416.0;4397.0;7895.0;1343.0;2074.0;-10.0;3.0;-10.0;1.0;ISOPROPANOL
1424.0;2628.0;4765.0;8470.0;1420.0;2124.0;1305.0;2409.0;4360.0;7788.0;1330.0;2068.0;-10.0;4.0;-10.0;0.0;ISOPROPANOL
1435.0;2647.0;4804.0;8508.0;1422.0;2117.0;1313.0;2423.0;4404.0;7863.0;1330.0;2067.0;-10.0;3.0;-12.0;0.0;ISOPROPANOL
1416.0;2605.0;4759.0;8458.0;1420.0;2118.0;1309.0;2405.0;4390.0;7833.0;1333.0;2074.0;-10.0;3.0;-12.0;1.0;ISOPROPANOL
1440.0;2650.0;4792.0;8487.0;1420.0;2126.0;1305.0;2395.0;4355.0;7790.0;1321.0;2061.0;-10.0;2.0;-12.0;1.0;ISOPROPANOL
1439.0;2629.0;4765.0;8410.0;1409.0;2121.0;1317.0;2411.0;4359.0;7829.0;1325.0;2062.0;-10.0;3.0;-10.0;3.0;ISOPROPANOL
1446.0;2643.0;4786.0;8477.0;1411.0;2106.0;1294.0;2395.0;4330.0;7738.0;1311.0;2034.0;-8.0;2.0;-10.0;3.0;ISOPROPANOL
1438.0;2638.0;4767.0;8404.0;1397.0;2082.0;1280.0;2340.0;4272.0;7631.0;1297.0;2015.0;-8.0;2.0;-10.0;2.0;ISOPROPANOL
1416.0;2596.0;4690.0;8272.0;1382.0;2076.0;1290.0;2379.0;4297.0;7711.0;1304.0;2024.0;-8.0;2.0;-10.0;1.0;ISOPROPANOL
1411.0;2592.0;4702.0;8306.0;1384.0;2069.0;1255.0;2314.0;4223.0;7540.0;1281.0;2002.0;-10.0;5.0;-10.0;1.0;ISOPROPANOL
1404.0;2576.0;4671.0;8287.0;1382.0;2057.0;1279.0;2349.0;4251.0;7586.0;1292.0;1994.0;-10.0;6.0;-7.0;1.0;ISOPROPANOL
1396.0;2560.0;4655.0;8222.0;1381.0;2062.0;1276.0;2342.0;4288.0;7685.0;1302.0;2025.0;-13.0;5.0;-11.0;-1.0;ISOPROPANOL
1405.0;2586.0;4658.0;8285.0;1394.0;2067.0;1280.0;2358.0;4292.0;7653.0;1298.0;2016.0;-13.0;7.0;-9.0;0.0;ISOPROPANOL
1397.0;2567.0;4668.0;8256.0;1391.0;2076.0;1275.0;2341.0;4260.0;7633.0;1297.0;2016.0;-11.0;3.0;-9.0;0.0;ISOPROPANOL
1404.0;2579.0;4675.0;8309.0;1395.0;2079.0;1287.0;2369.0;4315.0;7675.0;1304.0;2027.0;-11.0;3.0;-9.0;1.0;ISOPROPANOL
1394.0;2567.0;4648.0;8258.0;1391.0;2075.0;1258.0;2330.0;4239.0;7592.0;1293.0;2022.0;-11.0;3.0;-11.0;1.0;ISOPROPANOL
1413.0;2586.0;4689.0;8308.0;1396.0;2086.0;1276.0;2361.0;4290.0;7704.0;1307.0;2032.0;-11.0;6.0;-11.0;1.0;ISOPROPANOL
1404.0;2579.0;4693.0;8329.0;1390.0;2084.0;1286.0;2378.0;4317.0;7693.0;1304.0;2018.0;-11.0;4.0;-11.0;1.0;ISOPROPANOL
1400.0;2573.0;4676.0;8322.0;1391.0;2094.0;1281.0;2363.0;4307.0;7679.0;1309.0;2047.0;-11.0;5.0;-11.0;1.0;ISOPROPANOL
1421.0;2613.0;4750.0;8433.0;1411.0;2102.0;1284.0;2372.0;4308.0;7721.0;1317.0;2045.0;-12.0;6.0;-11.0;3.0;ISOPROPANOL
1402.0;2585.0;4686.0;8344.0;1403.0;2080.0;1284.0;2357.0;4309.0;7691.0;1306.0;2044.0;-13.0;4.0;-11.0;3.0;ISOPROPANOL
1418.0;2613.0;4724.0;8405.0;1410.0;2096.0;1289.0;2382.0;4328.0;7724.0;1319.0;2052.0;-13.0;3.0;-11.0;1.0;ISOPROPANOL
1430.0;2625.0;4785.0;8463.0;1414.0;2100.0;1285.0;2371.0;4335.0;7684.0;1314.0;2054.0;-13.0;4.0;-13.0;1.0;ISOPROPANOL
1419.0;2616.0;4756.0;8430.0;1416.0;2109.0;1282.0;2375.0;4352.0;7814.0;1332.0;2065.0;-13.0;7.0;-13.0;-1.0;ISOPROPANOL
1436.0;2639.0;4782.0;8515.0;1418.0;2122.0;1309.0;2425.0;4407.0;7853.0;1336.0;2074.0;-13.0;4.0;-13.0;-1.0;ISOPROPANOL
1446.0;2656.0;4795.0;8501.0;1425.0;2119.0;1314.0;2422.0;4392.0;7827.0;1322.0;2058.0;-10.0;4.0;-10.0;-1.0;ISOPROPANOL
1424.0;2616.0;4749.0;8404.0;1412.0;2103.0;1301.0;2390.0;4339.0;7783.0;1314.0;2034.0;-10.0;4.0;-10.0;-2.0;ISOPROPANOL
1430.0;2622.0;4733.0;8404.0;1412.0;2093.0;1303.0;2397.0;4347.0;7775.0;1317.0;2055.0;-6.0;4.0;-8.0;-2.0;ISOPROPANOL
1432.0;2627.0;4737.0;8404.0;1399.0;2095.0;1276.0;2358.0;4294.0;7692.0;1308.0;2032.0;-10.0;4.0;-10.0;-2.0;ISOPROPANOL
1423.0;2608.0;4736.0;8361.0;1394.0;2090.0;1288.0;2381.0;4318.0;7729.0;1316.0;2049.0;-11.0;4.0;-10.0;-2.0;ISOPROPANOL
1425.0;2620.0;4752.0;8396.0;1406.0;2097.0;1307.0;2394.0;4344.0;7761.0;1318.0;2052.0;-11.0;4.0;-13.0;-1.0;ISOPROPANOL
1430.0;2624.0;4767.0;8432.0;1417.0;2103.0;1307.0;2407.0;4350.0;7755.0;1323.0;2059.0;-11.0;4.0;-11.0;2.0;ISOPROPANOL
1439.0;2639.0;4780.0;8505.0;1422.0;2113.0;1309.0;2419.0;4391.0;7846.0;1339.0;2067.0;-12.0;8.0;-11.0;2.0;ISOPROPANOL
1477.0;2728.0;4949.0;8757.0;1436.0;2096.0;1285.0;2383.0;4335.0;7811.0;1320.0;2016.0;-12.0;4.0;-11.0;2.0;ISOPROPANOL
1448.0;2664.0;4838.0;8589.0;1419.0;2072.0;1266.0;2358.0;4315.0;7727.0;1311.0;1995.0;-13.0;7.0;-11.0;2.0;ISOPROPANOL
1422.0;2622.0;4743.0;8413.0;1392.0;2026.0;1236.0;2295.0;4210.0;7534.0;1290.0;2002.0;-13.0;4.0;-8.0;2.0;ISOPROPANOL
1413.0;2587.0;4678.0;8283.0;1378.0;2063.0;1264.0;2340.0;4244.0;7591.0;1293.0;2011.0;-13.0;6.0;-8.0;1.0;ISOPROPANOL
1408.0;2573.0;4683.0;8324.0;1392.0;2083.0;1281.0;2369.0;4330.0;7685.0;1314.0;2040.0;-13.0;3.0;-8.0;1.0;ISOPROPANOL
1413.0;2588.0;4699.0;8299.0;1400.0;2091.0;1283.0;2372.0;4311.0;7728.0;1316.0;2038.0;-13.0;6.0;-8.0;-1.0;ISOPROPANOL
1430.0;2628.0;4772.0;8471.0;1411.0;2104.0;1306.0;2399.0;4367.0;7808.0;1325.0;2060.0;-12.0;3.0;-8.0;-1.0;ISOPROPANOL
1442.0;2647.0;4804.0;8507.0;1417.0;2115.0;1291.0;2390.0;4342.0;7817.0;1327.0;2065.0;-12.0;4.0;-13.0;-1.0;ISOPROPANOL
1444.0;2656.0;4796.0;8502.0;1426.0;2115.0;1307.0;2411.0;4364.0;7792.0;1331.0;2071.0;-12.0;2.0;-8.0;2.0;ISOPROPANOL
1441.0;2646.0;4783.0;8525.0;1421.0;2119.0;1306.0;2397.0;4370.0;7816.0;1321.0;2069.0;-12.0;3.0;-8.0;4.0;ISOPROPANOL
1435.0;2627.0;4766.0;8442.0;1424.0;2128.0;1325.0;2427.0;4447.0;7895.0;1335.0;2075.0;-12.0;5.0;-5.0;2.0;ISOPROPANOL
1451.0;2667.0;4841.0;8607.0;1435.0;2142.0;1333.0;2449.0;4448.0;7924.0;1355.0;2102.0;-8.0;3.0;-3.0;2.0;ISOPROPANOL
1456.0;2682.0;4856.0;8579.0;1437.0;2134.0;1324.0;2440.0;4422.0;7909.0;1342.0;2080.0;-8.0;3.0;-3.0;1.0;ISOPROPANOL
1451.0;2651.0;4807.0;8537.0;1429.0;2141.0;1321.0;2437.0;4430.0;7889.0;1348.0;2092.0;-6.0;3.0;-5.0;-1.0;ISOPROPANOL
1453.0;2658.0;4842.0;8556.0;1433.0;2151.0;1329.0;2448.0;4456.0;7959.0;1348.0;2096.0;-8.0;5.0;-8.0;-1.0;ISOPROPANOL
1461.0;2681.0;4851.0;8648.0;1440.0;2151.0;1328.0;2459.0;4480.0;7983.0;1354.0;2108.0;-9.0;8.0;-10.0;-1.0;ISOPROPANOL
1473.0;2690.0;4903.0;8691.0;1452.0;2167.0;1331.0;2454.0;4458.0;7964.0;1352.0;2103.0;-9.0;8.0;-10.0;-1.0;ISOPROPANOL
1460.0;2684.0;4860.0;8643.0;1453.0;2149.0;1330.0;2454.0;4476.0;7974.0;1352.0;2097.0;-10.0;3.0;-8.0;-1.0;ISOPROPANOL
1466.0;2691.0;4878.0;8610.0;1435.0;2140.0;1335.0;2462.0;4467.0;7960.0;1351.0;2097.0;-10.0;4.0;-10.0;-1.0;ISOPROPANOL
1459.0;2679.0;4853.0;8577.0;1442.0;2143.0;1327.0;2443.0;4447.0;7939.0;1349.0;2102.0;-15.0;4.0;-11.0;-1.0;ISOPROPANOL
1462.0;2679.0;4845.0;8608.0;1440.0;2138.0;1334.0;2448.0;4448.0;7889.0;1336.0;2091.0;-15.0;8.0;-11.0;-1.0;ISOPROPANOL
1459.0;2682.0;4866.0;8581.0;1437.0;2152.0;1345.0;2477.0;4473.0;7976.0;1355.0;2101.0;-15.0;9.0;-11.0;-1.0;ISOPROPANOL
1468.0;2695.0;4878.0;8690.0;1453.0;2165.0;1340.0;2473.0;4470.0;8013.0;1358.0;2116.0;-15.0;4.0;-11.0;-1.0;ISOPROPANOL
1478.0;2711.0;4903.0;8663.0;1448.0;2165.0;1346.0;2473.0;4481.0;8001.0;1360.0;2124.0;-15.0;4.0;-9.0;-1.0;ISOPROPANOL
1473.0;2719.0;4923.0;8751.0;1456.0;2172.0;1347.0;2485.0;4510.0;8065.0;1369.0;2126.0;-9.0;2.0;-6.0;-1.0;ISOPROPANOL
1497.0;2733.0;4954.0;8715.0;1457.0;2157.0;1345.0;2471.0;4496.0;8028.0;1365.0;2120.0;-9.0;-1.0;-6.0;2.0;ISOPROPANOL
1475.0;2705.0;4910.0;8685.0;1449.0;2181.0;1369.0;2523.0;4552.0;8120.0;1373.0;2126.0;-6.0;-1.0;-3.0;1.0;ISOPROPANOL
1492.0;2737.0;4931.0;8729.0;1457.0;2157.0;1346.0;2468.0;4495.0;8025.0;1357.0;2116.0;-6.0;1.0;-8.0;1.0;ISOPROPANOL
1481.0;2716.0;4884.0;8650.0;1446.0;2165.0;1357.0;2476.0;4471.0;8014.0;1354.0;2095.0;-6.0;2.0;-8.0;1.0;ISOPROPANOL
1469.0;2686.0;4850.0;8602.0;1443.0;2146.0;1327.0;2428.0;4416.0;7918.0;1344.0;2097.0;-6.0;2.0;-12.0;1.0;ISOPROPANOL
1460.0;2678.0;4828.0;8595.0;1436.0;2136.0;1312.0;2419.0;4398.0;7854.0;1339.0;2085.0;-6.0;1.0;-13.0;-1.0;ISOPROPANOL
1456.0;2667.0;4838.0;8581.0;1434.0;2123.0;1322.0;2432.0;4415.0;7892.0;1336.0;2083.0;-9.0;2.0;-13.0;-1.0;ISOPROPANOL
1453.0;2651.0;4800.0;8513.0;1431.0;2143.0;1317.0;2421.0;4421.0;7891.0;1345.0;2089.0;-12.0;5.0;-13.0;-1.0;ISOPROPANOL
1449.0;2659.0;4820.0;8566.0;1435.0;2149.0;1319.0;2424.0;4414.0;7904.0;1342.0;2082.0;-12.0;5.0;-13.0;-2.0;ISOPROPANOL
1445.0;2653.0;4815.0;8546.0;1433.0;2139.0;1322.0;2432.0;4438.0;7864.0;1336.0;2073.0;-9.0;6.0;-4.0;-1.0;ISOPROPANOL
1442.0;2643.0;4799.0;8532.0;1430.0;2131.0;1315.0;2415.0;4417.0;7876.0;1335.0;2076.0;-9.0;5.0;-4.0;-2.0;ISOPROPANOL
1455.0;2660.0;4825.0;8552.0;1434.0;2147.0;1326.0;2446.0;4445.0;7946.0;1348.0;2090.0;-12.0;4.0;-11.0;-2.0;ISOPROPANOL
1469.0;2680.0;4862.0;8585.0;1431.0;2137.0;1332.0;2450.0;4443.0;7937.0;1346.0;2087.0;-7.0;4.0;-5.0;-2.0;ISOPROPANOL
1446.0;2666.0;4813.0;8559.0;1432.0;2125.0;1308.0;2415.0;4384.0;7823.0;1334.0;2073.0;-10.0;3.0;-9.0;0.0;ISOPROPANOL
1439.0;2642.0;4784.0;8514.0;1430.0;2133.0;1320.0;2435.0;4406.0;7843.0;1335.0;2077.0;-10.0;4.0;-9.0;0.0;ISOPROPANOL
1446.0;2652.0;4804.0;8552.0;1429.0;2136.0;1319.0;2438.0;4408.0;7881.0;1342.0;2084.0;-9.0;6.0;-9.0;3.0;ISOPROPANOL
1457.0;2683.0;4839.0;8560.0;1433.0;2135.0;1328.0;2444.0;4439.0;7915.0;1346.0;2077.0;-5.0;6.0;-5.0;6.0;ISOPROPANOL
1448.0;2667.0;4844.0;8574.0;1432.0;2136.0;1314.0;2435.0;4431.0;7929.0;1351.0;2101.0;-9.0;3.0;-6.0;3.0;ISOPROPANOL
1470.0;2695.0;4910.0;8691.0;1449.0;2140.0;1346.0;2474.0;4498.0;8061.0;1368.0;2112.0;-6.0;6.0;-6.0;5.0;ISOPROPANOL
1471.0;2717.0;4921.0;8702.0;1459.0;2175.0;1365.0;2500.0;4573.0;8118.0;1371.0;2131.0;-9.0;4.0;-6.0;2.0;ISOPROPANOL
1485.0;2727.0;4952.0;8786.0;1466.0;2179.0;1355.0;2489.0;4527.0;8086.0;1364.0;2117.0;-10.0;6.0;-6.0;2.0;ISOPROPANOL
1476.0;2721.0;4953.0;8748.0;1458.0;2173.0;1367.0;2514.0;4548.0;8100.0;1372.0;2127.0;-12.0;4.0;-15.0;2.0;ISOPROPANOL
1485.0;2734.0;4964.0;8764.0;1463.0;2175.0;1344.0;2476.0;4493.0;8036.0;1359.0;2112.0;-10.0;6.0;-15.0;2.0;ISOPROPANOL
1488.0;2722.0;4923.0;8720.0;1457.0;2172.0;1369.0;2508.0;4527.0;8089.0;1372.0;2117.0;-10.0;3.0;-15.0;3.0;ISOPROPANOL
1498.0;2749.0;4954.0;8776.0;1463.0;2180.0;1372.0;2517.0;4590.0;8094.0;1375.0;2123.0;-12.0;5.0;-15.0;1.0;ISOPROPANOL
1500.0;2750.0;5011.0;8842.0;1477.0;2198.0;1376.0;2520.0;4554.0;8146.0;1383.0;2147.0;-9.0;3.0;-3.0;1.0;ISOPROPANOL
1502.0;2756.0;5004.0;8873.0;1480.0;2210.0;1380.0;2538.0;4611.0;8222.0;1390.0;2152.0;-7.0;5.0;-2.0;1.0;ISOPROPANOL
1518.0;2785.0;5032.0;8918.0;1493.0;2226.0;1379.0;2545.0;4629.0;8269.0;1407.0;2179.0;-7.0;5.0;-2.0;1.0;ISOPROPANOL
1525.0;2795.0;5052.0;8937.0;1492.0;2208.0;1375.0;2539.0;4587.0;8177.0;1391.0;2149.0;-10.0;5.0;-6.0;1.0;ISOPROPANOL
1507.0;2749.0;4996.0;8823.0;1478.0;2197.0;1369.0;2513.0;4560.0;8142.0;1384.0;2142.0;0.0;5.0;-2.0;1.0;ISOPROPANOL
1504.0;2753.0;5005.0;8834.0;1474.0;2193.0;1368.0;2507.0;4554.0;8128.0;1378.0;2149.0;-5.0;5.0;-4.0;1.0;ISOPROPANOL
1511.0;2773.0;5033.0;8877.0;1477.0;2193.0;1392.0;2562.0;4613.0;8222.0;1386.0;2149.0;-5.0;2.0;-6.0;-1.0;ISOPROPANOL
1501.0;2761.0;5008.0;8850.0;1475.0;2200.0;1377.0;2548.0;4633.0;8194.0;1389.0;2158.0;-5.0;2.0;-4.0;0.0;ISOPROPANOL
1528.0;2786.0;5043.0;8883.0;1487.0;2202.0;1380.0;2534.0;4575.0;8152.0;1383.0;2142.0;-5.0;6.0;-4.0;0.0;ISOPROPANOL
1491.0;2742.0;4955.0;8786.0;1472.0;2195.0;1374.0;2519.0;4573.0;8122.0;1372.0;2137.0;-5.0;3.0;-6.0;1.0;ISOPROPANOL
1489.0;2735.0;4942.0;8779.0;1465.0;2188.0;1367.0;2507.0;4520.0;8074.0;1374.0;2129.0;-10.0;7.0;-6.0;1.0;ISOPROPANOL
1514.0;2754.0;4956.0;8776.0;1467.0;2175.0;1363.0;2501.0;4545.0;8085.0;1372.0;2142.0;-10.0;6.0;-8.0;2.0;ISOPROPANOL
1501.0;2746.0;4976.0;8765.0;1466.0;2179.0;1367.0;2504.0;4560.0;8096.0;1375.0;2127.0;-11.0;6.0;-9.0;1.0;ISOPROPANOL
1499.0;2739.0;4946.0;8759.0;1467.0;2190.0;1372.0;2513.0;4574.0;8119.0;1381.0;2135.0;-11.0;3.0;-8.0;1.0;ISOPROPANOL
1504.0;2756.0;4983.0;8782.0;1468.0;2186.0;1365.0;2512.0;4545.0;8100.0;1373.0;2130.0;-11.0;2.0;-9.0;1.0;ISOPROPANOL
1507.0;2753.0;4952.0;8797.0;1459.0;2176.0;1364.0;2504.0;4550.0;8099.0;1370.0;2115.0;-10.0;2.0;-9.0;0.0;ISOPROPANOL
1486.0;2720.0;4924.0;8694.0;1452.0;2169.0;1356.0;2491.0;4503.0;8043.0;1365.0;2115.0;-8.0;2.0;-9.0;1.0;ISOPROPANOL
1484.0;2709.0;4903.0;8707.0;1457.0;2178.0;1385.0;2533.0;4574.0;8099.0;1376.0;2135.0;-7.0;2.0;-9.0;0.0;ISOPROPANOL
1499.0;2757.0;4969.0;8788.0;1468.0;2194.0;1369.0;2522.0;4568.0;8122.0;1374.0;2135.0;-8.0;5.0;-9.0;0.0;ISOPROPANOL
1503.0;2746.0;4963.0;8775.0;1463.0;2184.0;1375.0;2506.0;4564.0;8081.0;1372.0;2135.0;-7.0;5.0;-8.0;1.0;ISOPROPANOL
1517.0;2774.0;5015.0;8865.0;1475.0;2186.0;1373.0;2518.0;4562.0;8119.0;1382.0;2142.0;-6.0;5.0;-7.0;4.0;ISOPROPANOL
1506.0;2771.0;4995.0;8867.0;1478.0;2217.0;1379.0;2538.0;4605.0;8178.0;1391.0;2159.0;-6.0;4.0;-7.0;2.0;ISOPROPANOL
1514.0;2773.0;5034.0;8888.0;1480.0;2209.0;1382.0;2526.0;4580.0;8159.0;1382.0;2142.0;-6.0;4.0;-7.0;2.0;ISOPROPANOL
1513.0;2763.0;4997.0;8843.0;1478.0;2198.0;1358.0;2505.0;4553.0;8111.0;1379.0;2145.0;-6.0;4.0;-7.0;0.0;ISOPROPANOL
1507.0;2756.0;4983.0;8795.0;1474.0;2196.0;1373.0;2524.0;4571.0;8132.0;1380.0;2133.0;-8.0;4.0;-5.0;0.0;ISOPROPANOL
1507.0;2761.0;4998.0;8836.0;1473.0;2198.0;1379.0;2535.0;4602.0;8160.0;1378.0;2139.0;-8.0;4.0;-7.0;0.0;ISOPROPANOL
1515.0;2748.0;4968.0;8822.0;1476.0;2189.0;1376.0;2520.0;4577.0;8096.0;1373.0;2130.0;-11.0;4.0;-7.0;4.0;ISOPROPANOL
1503.0;2755.0;4944.0;8754.0;1463.0;2178.0;1377.0;2527.0;4583.0;8145.0;1375.0;2129.0;-11.0;2.0;-7.0;4.0;ISOPROPANOL
1502.0;2752.0;4958.0;8763.0;1462.0;2177.0;1360.0;2499.0;4529.0;8107.0;1370.0;2126.0;-11.0;-1.0;-7.0;3.0;ISOPROPANOL
1489.0;2729.0;4949.0;8714.0;1467.0;2184.0;1369.0;2518.0;4558.0;8128.0;1379.0;2136.0;-11.0;-1.0;-7.0;3.0;ISOPROPANOL
1489.0;2737.0;4949.0;8765.0;1463.0;2186.0;1367.0;2514.0;4544.0;8101.0;1374.0;2134.0;-18.0;-1.0;-7.0;0.0;ISOPROPANOL
1504.0;2739.0;4962.0;8759.0;1461.0;2190.0;1367.0;2523.0;4576.0;8132.0;1377.0;2136.0;-5.0;2.0;-10.0;2.0;ISOPROPANOL
1509.0;2746.0;4968.0;8779.0;1469.0;2193.0;1373.0;2528.0;4579.0;8141.0;1381.0;2146.0;-5.0;2.0;-7.0;2.0;ISOPROPANOL
1516.0;2775.0;5015.0;8888.0;1477.0;2208.0;1386.0;2540.0;4597.0;8197.0;1391.0;2151.0;-4.0;2.0;-10.0;2.0;ISOPROPANOL
1523.0;2782.0;5009.0;8856.0;1480.0;2214.0;1389.0;2562.0;4632.0;8257.0;1392.0;2165.0;-4.0;9.0;-11.0;2.0;ISOPROPANOL
1520.0;2771.0;5018.0;8889.0;1500.0;2223.0;1402.0;2567.0;4678.0;8309.0;1404.0;2177.0;-4.0;9.0;-11.0;2.0;ISOPROPANOL
1536.0;2800.0;5066.0;8978.0;1501.0;2228.0;1402.0;2571.0;4657.0;8339.0;1413.0;2183.0;-9.0;9.0;-15.0;2.0;ISOPROPANOL
1545.0;2829.0;5105.0;9027.0;1519.0;2244.0;1413.0;2596.0;4723.0;8394.0;1426.0;2212.0;-11.0;8.0;-15.0;-1.0;ISOPROPANOL
1558.0;2848.0;5155.0;9141.0;1525.0;2268.0;1420.0;2604.0;4734.0;8462.0;1425.0;2215.0;-11.0;9.0;-15.0;-1.0;ISOPROPANOL
1568.0;2874.0;5208.0;9180.0;1529.0;2281.0;1428.0;2628.0;4760.0;8472.0;1443.0;2234.0;-11.0;8.0;-7.0;-1.0;ISOPROPANOL
1577.0;2885.0;5238.0;9240.0;1544.0;2297.0;1451.0;2662.0;4827.0;8583.0;1450.0;2249.0;-9.0;1.0;-7.0;3.0;ISOPROPANOL
1591.0;2899.0;5255.0;9279.0;1547.0;2291.0;1456.0;2652.0;4789.0;8490.0;1444.0;2240.0;-11.0;1.0;-7.0;4.0;ISOPROPANOL
1592.0;2912.0;5273.0;9280.0;1543.0;2289.0;1443.0;2654.0;4790.0;8518.0;1439.0;2235.0;-13.0;6.0;-7.0;4.0;ISOPROPANOL
1604.0;2941.0;5294.0;9312.0;1551.0;2289.0;1451.0;2673.0;4815.0;8557.0;1454.0;2240.0;-13.0;4.0;-7.0;3.0;ISOPROPANOL
1608.0;2919.0;5270.0;9308.0;1546.0;2288.0;1450.0;2646.0;4796.0;8543.0;1445.0;2245.0;-9.0;7.0;-6.0;2.0;ISOPROPANOL
1586.0;2888.0;5236.0;9224.0;1542.0;2294.0;1452.0;2672.0;4798.0;8537.0;1448.0;2248.0;-13.0;6.0;-15.0;2.0;ISOPROPANOL
1608.0;2922.0;5278.0;9317.0;1551.0;2302.0;1471.0;2687.0;4859.0;8642.0;1458.0;2258.0;-9.0;4.0;-6.0;2.0;ISOPROPANOL
1618.0;2941.0;5324.0;9407.0;1574.0;2336.0;1468.0;2686.0;4892.0;8683.0;1475.0;2274.0;-7.0;4.0;-6.0;1.0;ISOPROPANOL
1626.0;2970.0;5362.0;9511.0;1585.0;2346.0;1481.0;2730.0;4912.0;8718.0;1476.0;2280.0;-6.0;8.0;-6.0;1.0;ISOPROPANOL
1627.0;2964.0;5366.0;9480.0;1580.0;2335.0;1487.0;2744.0;4949.0;8782.0;1480.0;2285.0;-6.0;7.0;-6.0;1.0;ISOPROPANOL
1620.0;2954.0;5346.0;9480.0;1575.0;2339.0;1480.0;2717.0;4896.0;8673.0;1473.0;2283.0;-6.0;10.0;-6.0;3.0;ISOPROPANOL
1633.0;2975.0;5362.0;9457.0;1575.0;2357.0;1486.0;2732.0;4919.0;8781.0;1480.0;2287.0;-7.0;7.0;-10.0;1.0;ISOPROPANOL
1619.0;2976.0;5367.0;9523.0;1589.0;2355.0;1517.0;2769.0;4955.0;8868.0;1493.0;2304.0;-7.0;4.0;-11.0;-1.0;ISOPROPANOL
1648.0;3009.0;5447.0;9551.0;1596.0;2362.0;1513.0;2755.0;4981.0;8823.0;1488.0;2302.0;-12.0;4.0;-11.0;-2.0;ISOPROPANOL
1670.0;3039.0;5468.0;9628.0;1602.0;2364.0;1508.0;2752.0;4958.0;8814.0;1498.0;2327.0;-15.0;2.0;-11.0;-1.0;ISOPROPANOL
1670.0;3048.0;5484.0;9664.0;1612.0;2397.0;1517.0;2773.0;4993.0;8873.0;1498.0;2306.0;-15.0;2.0;-11.0;-1.0;ISOPROPANOL
1646.0;3006.0;5421.0;9550.0;1593.0;2359.0;1510.0;2762.0;4992.0;8889.0;1503.0;2304.0;-12.0;2.0;-9.0;0.0;ISOPROPANOL
1649.0;3001.0;5402.0;9535.0;1586.0;2350.0;1503.0;2731.0;4942.0;8745.0;1479.0;2299.0;-12.0;2.0;-4.0;0.0;ISOPROPANOL
1647.0;2992.0;5417.0;9522.0;1585.0;2337.0;1503.0;2744.0;4953.0;8770.0;1481.0;2295.0;-9.0;4.0;-3.0;0.0;ISOPROPANOL
1653.0;3014.0;5394.0;9573.0;1591.0;2345.0;1489.0;2725.0;4920.0;8779.0;1478.0;2300.0;-9.0;7.0;-3.0;0.0;ISOPROPANOL
1643.0;3004.0;5416.0;9566.0;1591.0;2353.0;1491.0;2736.0;4945.0;8810.0;1486.0;2302.0;-9.0;4.0;-4.0;0.0;ISOPROPANOL
1651.0;3007.0;5432.0;9580.0;1594.0;2356.0;1500.0;2744.0;4961.0;8852.0;1492.0;2302.0;-6.0;8.0;-5.0;0.0;ISOPROPANOL
1642.0;2993.0;5417.0;9519.0;1585.0;2353.0;1497.0;2736.0;4952.0;8770.0;1483.0;2292.0;-6.0;4.0;-14.0;3.0;ISOPROPANOL
1638.0;2996.0;5408.0;9573.0;1603.0;2373.0;1504.0;2759.0;4974.0;8877.0;1506.0;2324.0;-8.0;9.0;-16.0;1.0;ISOPROPANOL
1652.0;3017.0;5447.0;9623.0;1611.0;2376.0;1524.0;2803.0;5019.0;8939.0;1509.0;2340.0;-8.0;4.0;-15.0;1.0;ISOPROPANOL
1683.0;3056.0;5495.0;9722.0;1617.0;2386.0;1516.0;2775.0;5030.0;8928.0;1513.0;2341.0;-12.0;2.0;-14.0;0.0;ISOPROPANOL
1669.0;3039.0;5507.0;9680.0;1618.0;2395.0;1518.0;2790.0;5035.0;8943.0;1507.0;2323.0;-12.0;2.0;-14.0;1.0;ISOPROPANOL
1669.0;3045.0;5491.0;9655.0;1608.0;2401.0;1514.0;2775.0;5030.0;8958.0;1514.0;2348.0;-12.0;5.0;-15.0;1.0;ISOPROPANOL
1670.0;3045.0;5511.0;9653.0;1611.0;2383.0;1517.0;2768.0;5004.0;8920.0;1504.0;2329.0;-12.0;6.0;-8.0;2.0;ISOPROPANOL
1671.0;3028.0;5466.0;9671.0;1603.0;2393.0;1521.0;2776.0;5017.0;8934.0;1512.0;2334.0;-10.0;5.0;-5.0;2.0;ISOPROPANOL
1666.0;3064.0;5479.0;9694.0;1611.0;2391.0;1531.0;2791.0;5031.0;8935.0;1508.0;2336.0;-6.0;6.0;-6.0;3.0;ISOPROPANOL
1676.0;3049.0;5488.0;9667.0;1605.0;2377.0;1523.0;2774.0;5009.0;8895.0;1497.0;2319.0;-6.0;6.0;-6.0;0.0;ISOPROPANOL
1653.0;3012.0;5421.0;9567.0;1592.0;2355.0;1518.0;2764.0;4955.0;8828.0;1485.0;2305.0;-6.0;8.0;-6.0;-1.0;ISOPROPANOL
1637.0;2977.0;5363.0;9485.0;1583.0;2350.0;1502.0;2746.0;4959.0;8804.0;1488.0;2305.0;-5.0;8.0;-6.0;-1.0;ISOPROPANOL
1649.0;3014.0;5406.0;9525.0;1581.0;2357.0;1504.0;2741.0;4972.0;8808.0;1483.0;2300.0;-5.0;6.0;-7.0;-1.0;ISOPROPANOL
1645.0;2994.0;5418.0;9539.0;1584.0;2354.0;1510.0;2755.0;4960.0;8780.0;1487.0;2292.0;-4.0;6.0;-7.0;5.0;ISOPROPANOL
1648.0;3006.0;5419.0;9502.0;1581.0;2341.0;1501.0;2748.0;4964.0;8792.0;1485.0;2302.0;-4.0;4.0;-7.0;5.0;ISOPROPANOL
1637.0;3002.0;5396.0;9523.0;1591.0;2354.0;1497.0;2740.0;4960.0;8814.0;1499.0;2315.0;-4.0;4.0;-3.0;2.0;ISOPROPANOL
1669.0;3029.0;5465.0;9589.0;1600.0;2372.0;1520.0;2766.0;4973.0;8889.0;1495.0;2307.0;-8.0;4.0;-12.0;2.0;ISOPROPANOL
1636.0;3000.0;5408.0;9522.0;1584.0;2360.0;1507.0;2741.0;4956.0;8802.0;1488.0;2295.0;-4.0;9.0;-3.0;2.0;ISOPROPANOL
1642.0;2997.0;5403.0;9534.0;1593.0;2374.0;1519.0;2779.0;5034.0;8928.0;1509.0;2343.0;-8.0;9.0;-5.0;2.0;ISOPROPANOL
1685.0;3071.0;5535.0;9745.0;1618.0;2402.0;1528.0;2804.0;5077.0;8977.0;1518.0;2341.0;-8.0;9.0;-2.0;4.0;ISOPROPANOL
1681.0;3070.0;5531.0;9717.0;1618.0;2393.0;1525.0;2787.0;5017.0;8915.0;1515.0;2331.0;-8.0;9.0;-5.0;2.0;ISOPROPANOL
1670.0;3031.0;5469.0;9632.0;1607.0;2376.0;1514.0;2772.0;5012.0;8894.0;1500.0;2327.0;-8.0;7.0;-2.0;2.0;ISOPROPANOL
1665.0;3046.0;5496.0;9694.0;1608.0;2383.0;1517.0;2769.0;5044.0;8949.0;1510.0;2313.0;-9.0;7.0;-5.0;3.0;ISOPROPANOL
1665.0;3030.0;5474.0;9643.0;1614.0;2376.0;1517.0;2769.0;5008.0;8836.0;1498.0;2316.0;-8.0;4.0;-6.0;2.0;ISOPROPANOL
1659.0;3019.0;5461.0;9599.0;1602.0;2380.0;1509.0;2776.0;5008.0;8862.0;1497.0;2320.0;-11.0;5.0;-8.0;1.0;ISOPROPANOL
1656.0;3026.0;5420.0;9623.0;1597.0;2378.0;1525.0;2791.0;5012.0;8917.0;1506.0;2315.0;-17.0;2.0;-13.0;0.0;ISOPROPANOL
1650.0;3014.0;5457.0;9607.0;1595.0;2364.0;1516.0;2758.0;4986.0;8854.0;1501.0;2315.0;-17.0;5.0;-13.0;1.0;ISOPROPANOL
1662.0;3027.0;5483.0;9663.0;1621.0;2397.0;1525.0;2793.0;5037.0;8969.0;1519.0;2326.0;-2.0;3.0;-6.0;4.0;ISOPROPANOL
1659.0;3025.0;5484.0;9685.0;1602.0;2391.0;1539.0;2809.0;5076.0;8976.0;1517.0;2343.0;-3.0;4.0;0.0;4.0;ISOPROPANOL
1672.0;3045.0;5512.0;9722.0;1616.0;2403.0;1545.0;2824.0;5096.0;9038.0;1528.0;2342.0;-3.0;3.0;0.0;6.0;ISOPROPANOL
1691.0;3077.0;5552.0;9783.0;1626.0;2404.0;1544.0;2828.0;5084.0;9050.0;1529.0;2351.0;-3.0;4.0;0.0;6.0;ISOPROPANOL
1700.0;3098.0;5596.0;9836.0;1631.0;2407.0;1547.0;2837.0;5103.0;9099.0;1530.0;2352.0;-3.0;4.0;-6.0;6.0;ISOPROPANOL
1686.0;3067.0;5528.0;9719.0;1621.0;2407.0;1545.0;2812.0;5078.0;9028.0;1522.0;2355.0;-4.0;5.0;-11.0;2.0;ISOPROPANOL
1699.0;3076.0;5550.0;9754.0;1624.0;2402.0;1561.0;2837.0;5096.0;9052.0;1530.0;2345.0;-12.0;4.0;-14.0;1.0;ISOPROPANOL
1694.0;3078.0;5532.0;9725.0;1626.0;2403.0;1546.0;2813.0;5063.0;9001.0;1518.0;2331.0;-12.0;4.0;-16.0;-4.0;ISOPROPANOL
1677.0;3056.0;5535.0;9790.0;1625.0;2407.0;1550.0;2841.0;5107.0;9046.0;1521.0;2357.0;-12.0;4.0;-16.0;-4.0;ISOPROPANOL
1701.0;3092.0;5598.0;9834.0;1638.0;2422.0;1570.0;2852.0;5138.0;9079.0;1534.0;2366.0;-12.0;8.0;-16.0;-4.0;ISOPROPANOL
1701.0;3104.0;5601.0;9839.0;1639.0;2423.0;1545.0;2817.0;5096.0;9028.0;1528.0;2355.0;-11.0;4.0;-13.0;-4.0;ISOPROPANOL
1704.0;3103.0;5601.0;9820.0;1630.0;2414.0;1536.0;2808.0;5100.0;9056.0;1536.0;2367.0;-11.0;4.0;-13.0;3.0;ISOPROPANOL
1694.0;3105.0;5583.0;9895.0;1642.0;2435.0;1571.0;2852.0;5147.0;9157.0;1542.0;2378.0;-11.0;2.0;-11.0;5.0;ISOPROPANOL
1710.0;3121.0;5634.0;9940.0;1649.0;2436.0;1564.0;2860.0;5178.0;9207.0;1556.0;2396.0;-16.0;4.0;-11.0;5.0;ISOPROPANOL
1716.0;3126.0;5644.0;9970.0;1661.0;2462.0;1589.0;2904.0;5235.0;9337.0;1566.0;2408.0;-9.0;4.0;-11.0;2.0;ISOPROPANOL
1749.0;3165.0;5682.0;10002.0;1663.0;2474.0;1581.0;2887.0;5204.0;9211.0;1552.0;2396.0;-9.0;7.0;-11.0;2.0;ISOPROPANOL
1731.0;3139.0;5648.0;9943.0;1655.0;2442.0;1578.0;2865.0;5177.0;9132.0;1539.0;2367.0;-9.0;5.0;-11.0;2.0;ISOPROPANOL
1737.0;3148.0;5626.0;9918.0;1634.0;2424.0;1568.0;2848.0;5155.0;9106.0;1540.0;2363.0;-9.0;7.0;-11.0;3.0;ISOPROPANOL
1706.0;3111.0;5583.0;9833.0;1634.0;2414.0;1544.0;2836.0;5128.0;9082.0;1537.0;2370.0;-4.0;1.0;-11.0;2.0;ISOPROPANOL
1717.0;3134.0;5629.0;9919.0;1644.0;2434.0;1575.0;2867.0;5182.0;9134.0;1545.0;2383.0;-4.0;1.0;-3.0;2.0;ISOPROPANOL
1729.0;3147.0;5652.0;9949.0;1659.0;2446.0;1574.0;2875.0;5176.0;9200.0;1549.0;2390.0;-9.0;1.0;-8.0;2.0;ISOPROPANOL
1708.0;3127.0;5634.0;9985.0;1661.0;2462.0;1584.0;2899.0;5220.0;9239.0;1555.0;2419.0;-9.0;7.0;-8.0;0.0;ISOPROPANOL
1745.0;3176.0;5741.0;10035.0;1671.0;2483.0;1595.0;2912.0;5240.0;9283.0;1571.0;2413.0;-4.0;9.0;-8.0;4.0;ISOPROPANOL
1746.0;3183.0;5717.0;10044.0;1663.0;2468.0;1595.0;2919.0;5257.0;9267.0;1557.0;2382.0;-6.0;6.0;-8.0;4.0;ISOPROPANOL
1719.0;3132.0;5626.0;9888.0;1647.0;2435.0;1569.0;2855.0;5156.0;9138.0;1541.0;2378.0;-11.0;4.0;-8.0;3.0;ISOPROPANOL
1712.0;3130.0;5623.0;9880.0;1642.0;2437.0;1567.0;2857.0;5158.0;9113.0;1537.0;2377.0;-13.0;3.0;-9.0;3.0;ISOPROPANOL
1707.0;3111.0;5593.0;9878.0;1634.0;2436.0;1562.0;2855.0;5157.0;9149.0;1543.0;2383.0;-9.0;3.0;-8.0;3.0;ISOPROPANOL
1718.0;3117.0;5643.0;9919.0;1656.0;2451.0;1582.0;2890.0;5194.0;9238.0;1555.0;2402.0;-14.0;3.0;-9.0;1.0;ISOPROPANOL
1739.0;3154.0;5685.0;9961.0;1664.0;2445.0;1582.0;2877.0;5179.0;9167.0;1545.0;2380.0;-15.0;5.0;-15.0;1.0;ISOPROPANOL
1725.0;3132.0;5645.0;9920.0;1650.0;2435.0;1568.0;2863.0;5173.0;9156.0;1544.0;2378.0;-15.0;5.0;-15.0;5.0;ISOPROPANOL
1714.0;3121.0;5611.0;9920.0;1648.0;2439.0;1560.0;2856.0;5162.0;9144.0;1552.0;2386.0;-11.0;7.0;-18.0;6.0;ISOPROPANOL
1722.0;3137.0;5626.0;9885.0;1647.0;2443.0;1572.0;2878.0;5191.0;9145.0;1542.0;2383.0;-11.0;4.0;-18.0;7.0;ISOPROPANOL
1725.0;3131.0;5611.0;9895.0;1635.0;2427.0;1564.0;2841.0;5129.0;9060.0;1530.0;2360.0;-11.0;2.0;-15.0;6.0;ISOPROPANOL
1699.0;3099.0;5550.0;9743.0;1623.0;2400.0;1543.0;2816.0;5085.0;9006.0;1520.0;2339.0;-11.0;2.0;-12.0;3.0;ISOPROPANOL
1689.0;3080.0;5517.0;9749.0;1608.0;2387.0;1530.0;2789.0;5035.0;8923.0;1514.0;2329.0;-11.0;1.0;-10.0;6.0;ISOPROPANOL
1690.0;3086.0;5524.0;9697.0;1616.0;2402.0;1539.0;2809.0;5101.0;9037.0;1520.0;2347.0;-13.0;1.0;-10.0;3.0;ISOPROPANOL
1699.0;3097.0;5550.0;9783.0;1638.0;2426.0;1578.0;2843.0;5137.0;9074.0;1531.0;2373.0;-13.0;1.0;-10.0;4.0;ISOPROPANOL
1697.0;3088.0;5590.0;9803.0;1631.0;2421.0;1555.0;2836.0;5135.0;9075.0;1537.0;2376.0;-13.0;3.0;-10.0;2.0;ISOPROPANOL
1704.0;3108.0;5602.0;9854.0;1641.0;2432.0;1573.0;2860.0;5168.0;9121.0;1541.0;2374.0;-13.0;2.0;-10.0;1.0;ISOPROPANOL
1709.0;3089.0;5582.0;9808.0;1640.0;2428.0;1584.0;2872.0;5181.0;9131.0;1550.0;2375.0;-9.0;4.0;-8.0;1.0;ISOPROPANOL
1691.0;3080.0;5606.0;9877.0;1645.0;2445.0;1578.0;2884.0;5188.0;9162.0;1555.0;2402.0;-9.0;4.0;-14.0;1.0;ISOPROPANOL
1729.0;3159.0;5691.0;10028.0;1665.0;2458.0;1567.0;2865.0;5182.0;9199.0;1557.0;2394.0;-9.0;0.0;-14.0;5.0;ISOPROPANOL
1729.0;3162.0;5658.0;9964.0;1652.0;2441.0;1568.0;2868.0;5187.0;9232.0;1555.0;2397.0;-8.0;0.0;-14.0;5.0;ISOPROPANOL
1739.0;3153.0;5703.0;10086.0;1672.0;2463.0;1586.0;2902.0;5248.0;9297.0;1565.0;2409.0;-8.0;0.0;-7.0;3.0;ISOPROPANOL
1747.0;3191.0;5738.0;10116.0;1684.0;2475.0;1616.0;2953.0;5313.0;9457.0;1583.0;2422.0;-11.0;0.0;-14.0;1.0;ISOPROPANOL
1745.0;3188.0;5735.0;10099.0;1684.0;2483.0;1624.0;2961.0;5327.0;9398.0;1580.0;2449.0;-10.0;0.0;-7.0;1.0;ISOPROPANOL
1772.0;3218.0;5784.0;10181.0;1686.0;2491.0;1622.0;2967.0;5360.0;9430.0;1586.0;2443.0;-10.0;0.0;-7.0;2.0;ISOPROPANOL
1766.0;3185.0;5783.0;10153.0;1685.0;2494.0;1620.0;2970.0;5320.0;9424.0;1592.0;2447.0;-10.0;0.0;-7.0;2.0;ISOPROPANOL
1765.0;3203.0;5770.0;10155.0;1684.0;2496.0;1621.0;2957.0;5314.0;9397.0;1575.0;2422.0;-6.0;4.0;-7.0;3.0;ISOPROPANOL
1758.0;3203.0;5765.0;10109.0;1678.0;2486.0;1609.0;2920.0;5288.0;9368.0;1578.0;2426.0;-6.0;6.0;-7.0;3.0;ISOPROPANOL
1762.0;3207.0;5769.0;10114.0;1679.0;2482.0;1613.0;2942.0;5284.0;9336.0;1565.0;2422.0;-6.0;8.0;-7.0;3.0;ISOPROPANOL
1766.0;3207.0;5759.0;10098.0;1680.0;2487.0;1613.0;2942.0;5290.0;9372.0;1577.0;2434.0;-11.0;9.0;-8.0;4.0;ISOPROPANOL
1760.0;3226.0;5822.0;10243.0;1693.0;2510.0;1613.0;2957.0;5360.0;9440.0;1587.0;2435.0;-11.0;6.0;-12.0;0.0;ISOPROPANOL
1784.0;3229.0;5801.0;10199.0;1693.0;2499.0;1607.0;2937.0;5299.0;9417.0;1582.0;2456.0;-11.0;5.0;-12.0;0.0;ISOPROPANOL
1792.0;3254.0;5836.0;10241.0;1698.0;2510.0;1616.0;2962.0;5331.0;9425.0;1585.0;2444.0;-12.0;2.0;-15.0;0.0;ISOPROPANOL
1770.0;3228.0;5795.0;10224.0;1697.0;2511.0;1638.0;2977.0;5368.0;9504.0;1595.0;2457.0;-12.0;2.0;-12.0;0.0;ISOPROPANOL
1794.0;3263.0;5860.0;10277.0;1705.0;2525.0;1635.0;2986.0;5358.0;9506.0;1600.0;2459.0;-10.0;5.0;-14.0;0.0;ISOPROPANOL
1776.0;3233.0;5810.0;10263.0;1703.0;2523.0;1646.0;2983.0;5389.0;9484.0;1603.0;2464.0;-10.0;5.0;-14.0;0.0;ISOPROPANOL
1787.0;3251.0;5840.0;10271.0;1713.0;2530.0;1645.0;3002.0;5384.0;9564.0;1605.0;2480.0;-11.0;9.0;-14.0;0.0;ISOPROPANOL
1797.0;3274.0;5866.0;10388.0;1722.0;2546.0;1644.0;3004.0;5408.0;9592.0;1613.0;2485.0;-10.0;7.0;-11.0;2.0;ISOPROPANOL
1820.0;3295.0;5929.0;10428.0;1719.0;2540.0;1652.0;3013.0;5405.0;9555.0;1608.0;2472.0;-11.0;6.0;-11.0;6.0;ISOPROPANOL
1797.0;3275.0;5882.0;10348.0;1708.0;2524.0;1654.0;3011.0;5405.0;9549.0;1602.0;2474.0;-11.0;7.0;-9.0;7.0;ISOPROPANOL
1781.0;3252.0;5830.0;10247.0;1707.0;2532.0;1654.0;3012.0;5414.0;9614.0;1611.0;2482.0;-7.0;5.0;-6.0;1.0;ISOPROPANOL
1798.0;3272.0;5865.0;10365.0;1717.0;2540.0;1638.0;2998.0;5389.0;9530.0;1619.0;2484.0;-7.0;4.0;-7.0;1.0;ISOPROPANOL
1809.0;3278.0;5866.0;10320.0;1714.0;2521.0;1647.0;3007.0;5411.0;9515.0;1604.0;2482.0;-7.0;4.0;-6.0;1.0;ISOPROPANOL
1800.0;3281.0;5909.0;10373.0;1722.0;2551.0;1663.0;3041.0;5465.0;9681.0;1629.0;2506.0;-7.0;3.0;-7.0;1.0;ISOPROPANOL
1833.0;3336.0;6004.0;10518.0;1754.0;2590.0;1687.0;3074.0;5525.0;9759.0;1642.0;2526.0;-10.0;7.0;-7.0;2.0;ISOPROPANOL
1844.0;3353.0;6002.0;10548.0;1742.0;2580.0;1668.0;3052.0;5467.0;9669.0;1632.0;2511.0;-10.0;10.0;-7.0;2.0;ISOPROPANOL
1824.0;3308.0;5973.0;10498.0;1741.0;2590.0;1677.0;3065.0;5536.0;9771.0;1644.0;2536.0;-10.0;5.0;-8.0;2.0;ISOPROPANOL
1858.0;3383.0;6080.0;10620.0;1764.0;2601.0;1698.0;3092.0;5575.0;9829.0;1647.0;2540.0;-10.0;9.0;-12.0;1.0;ISOPROPANOL
1842.0;3346.0;6039.0;10641.0;1764.0;2604.0;1709.0;3110.0;5582.0;9852.0;1657.0;2553.0;-10.0;9.0;-11.0;5.0;ISOPROPANOL
1864.0;3382.0;6044.0;10639.0;1755.0;2593.0;1691.0;3066.0;5557.0;9781.0;1648.0;2521.0;-11.0;11.0;-13.0;-1.0;ISOPROPANOL
1839.0;3326.0;5978.0;10505.0;1745.0;2564.0;1683.0;3065.0;5489.0;9685.0;1622.0;2504.0;-11.0;2.0;-13.0;-1.0;ISOPROPANOL
1828.0;3308.0;5944.0;10385.0;1727.0;2547.0;1661.0;3017.0;5418.0;9564.0;1617.0;2488.0;-11.0;1.0;-11.0;-1.0;ISOPROPANOL
1839.0;3333.0;5977.0;10419.0;1730.0;2537.0;1662.0;3025.0;5419.0;9581.0;1609.0;2479.0;-11.0;2.0;-10.0;6.0;ISOPROPANOL
1815.0;3290.0;5893.0;10374.0;1723.0;2546.0;1653.0;3017.0;5443.0;9609.0;1623.0;2498.0;-12.0;2.0;-4.0;2.0;ISOPROPANOL
1816.0;3298.0;5927.0;10401.0;1728.0;2552.0;1657.0;3014.0;5420.0;9593.0;1622.0;2495.0;-5.0;9.0;1.0;2.0;ISOPROPANOL
1801.0;3287.0;5917.0;10418.0;1723.0;2552.0;1655.0;3023.0;5452.0;9605.0;1630.0;2495.0;-12.0;9.0;2.0;2.0;ISOPROPANOL
1806.0;3283.0;5896.0;10372.0;1716.0;2534.0;1664.0;3014.0;5421.0;9595.0;1609.0;2474.0;-6.0;8.0;1.0;2.0;ISOPROPANOL
1797.0;3264.0;5865.0;10298.0;1706.0;2527.0;1640.0;2983.0;5389.0;9547.0;1605.0;2472.0;-6.0;5.0;-7.0;2.0;ISOPROPANOL
1806.0;3289.0;5910.0;10353.0;1727.0;2548.0;1665.0;3036.0;5461.0;9658.0;1625.0;2498.0;-6.0;8.0;-8.0;2.0;ISOPROPANOL
1814.0;3300.0;5921.0;10453.0;1733.0;2554.0;1690.0;3071.0;5512.0;9710.0;1634.0;2510.0;-15.0;4.0;-9.0;2.0;ISOPROPANOL
1845.0;3351.0;5999.0;10581.0;1755.0;2589.0;1684.0;3055.0;5492.0;9714.0;1639.0;2514.0;-15.0;4.0;-8.0;4.0;ISOPROPANOL
1841.0;3351.0;6015.0;10565.0;1753.0;2594.0;1699.0;3087.0;5568.0;9790.0;1645.0;2534.0;-15.0;1.0;-9.0;2.0;ISOPROPANOL
1847.0;3356.0;6038.0;10614.0;1758.0;2591.0;1708.0;3110.0;5569.0;9861.0;1650.0;2538.0;-15.0;2.0;-10.0;4.0;ISOPROPANOL
1846.0;3355.0;6026.0;10607.0;1761.0;2612.0;1709.0;3113.0;5571.0;9895.0;1670.0;2550.0;-14.0;1.0;-10.0;4.0;ISOPROPANOL
1872.0;3394.0;6108.0;10719.0;1771.0;2604.0;1710.0;3114.0;5574.0;9859.0;1658.0;2550.0;-14.0;1.0;-15.0;4.0;ISOPROPANOL
1847.0;3362.0;6048.0;10620.0;1761.0;2593.0;1691.0;3083.0;5544.0;9805.0;1654.0;2535.0;-10.0;0.0;-15.0;2.0;ISOPROPANOL
1858.0;3364.0;6051.0;10642.0;1760.0;2595.0;1710.0;3105.0;5581.0;9870.0;1650.0;2541.0;-10.0;0.0;-15.0;3.0;ISOPROPANOL
1866.0;3379.0;6089.0;10754.0;1750.0;2583.0;1673.0;3066.0;5513.0;9751.0;1644.0;2525.0;-11.0;0.0;-15.0;2.0;ISOPROPANOL
1854.0;3362.0;6021.0;10571.0;1752.0;2584.0;1701.0;3087.0;5551.0;9799.0;1655.0;2534.0;-11.0;3.0;-14.0;2.0;ISOPROPANOL
1862.0;3389.0;6086.0;10659.0;1767.0;2611.0;1705.0;3111.0;5582.0;9891.0;1655.0;2561.0;-6.0;3.0;-9.0;2.0;ISOPROPANOL
1861.0;3386.0;6096.0;10728.0;1776.0;2613.0;1693.0;3104.0;5591.0;9875.0;1666.0;2555.0;-5.0;3.0;-12.0;2.0;ISOPROPANOL
1883.0;3418.0;6138.0;10779.0;1777.0;2628.0;1721.0;3144.0;5637.0;9928.0;1664.0;2577.0;-9.0;3.0;-14.0;2.0;ISOPROPANOL
1891.0;3427.0;6140.0;10783.0;1785.0;2626.0;1734.0;3127.0;5597.0;9846.0;1662.0;2540.0;-5.0;4.0;-12.0;4.0;ISOPROPANOL
1869.0;3376.0;6068.0;10604.0;1754.0;2598.0;1700.0;3087.0;5556.0;9795.0;1647.0;2530.0;-5.0;1.0;-12.0;2.0;ISOPROPANOL
1848.0;3355.0;6022.0;10586.0;1753.0;2596.0;1694.0;3080.0;5555.0;9789.0;1639.0;2541.0;-9.0;1.0;-14.0;2.0;ISOPROPANOL
1874.0;3402.0;6079.0;10656.0;1762.0;2600.0;1702.0;3111.0;5596.0;9808.0;1652.0;2537.0;-11.0;1.0;-14.0;1.0;ISOPROPANOL
1874.0;3382.0;6077.0;10682.0;1775.0;2604.0;1726.0;3133.0;5617.0;9934.0;1657.0;2541.0;-14.0;8.0;-14.0;0.0;ISOPROPANOL
1880.0;3408.0;6111.0;10670.0;1768.0;2606.0;1723.0;3125.0;5610.0;9868.0;1654.0;2538.0;-14.0;6.0;-14.0;0.0;ISOPROPANOL
1852.0;3366.0;6038.0;10581.0;1752.0;2582.0;1699.0;3100.0;5557.0;9816.0;1650.0;2545.0;-13.0;5.0;-14.0;0.0;ISOPROPANOL
1869.0;3381.0;6078.0;10665.0;1764.0;2617.0;1711.0;3109.0;5588.0;9823.0;1652.0;2545.0;-11.0;5.0;-8.0;0.0;ISOPROPANOL
1870.0;3378.0;6049.0;10639.0;1761.0;2601.0;1695.0;3083.0;5537.0;9802.0;1649.0;2533.0;-13.0;5.0;-8.0;0.0;ISOPROPANOL
1840.0;3343.0;6046.0;10618.0;1754.0;2593.0;1707.0;3096.0;5578.0;9828.0;1649.0;2535.0;-13.0;5.0;-8.0;0.0;ISOPROPANOL
1854.0;3369.0;6059.0;10584.0;1759.0;2579.0;1692.0;3096.0;5541.0;9792.0;1651.0;2522.0;-10.0;5.0;-9.0;4.0;ISOPROPANOL
1865.0;3380.0;6069.0;10640.0;1752.0;2599.0;1696.0;3085.0;5577.0;9876.0;1660.0;2548.0;-13.0;5.0;-9.0;4.0;ISOPROPANOL
1867.0;3375.0;6090.0;10639.0;1766.0;2599.0;1699.0;3098.0;5579.0;9837.0;1653.0;2535.0;-13.0;5.0;-11.0;6.0;ISOPROPANOL
1856.0;3353.0;6052.0;10600.0;1769.0;2608.0;1727.0;3130.0;5635.0;9919.0;1663.0;2536.0;-13.0;3.0;-11.0;0.0;ISOPROPANOL
1862.0;3385.0;6076.0;10652.0;1770.0;2615.0;1725.0;3143.0;5629.0;9952.0;1672.0;2561.0;-9.0;4.0;-9.0;0.0;ISOPROPANOL
1871.0;3419.0;6134.0;10784.0;1774.0;2627.0;1741.0;3172.0;5669.0;9965.0;1677.0;2578.0;-13.0;3.0;-9.0;4.0;ISOPROPANOL
1900.0;3444.0;6169.0;10804.0;1790.0;2634.0;1726.0;3140.0;5618.0;9919.0;1670.0;2568.0;-9.0;3.0;-9.0;4.0;ISOPROPANOL
1882.0;3418.0;6149.0;10773.0;1785.0;2630.0;1725.0;3151.0;5650.0;9958.0;1676.0;2570.0;-6.0;3.0;-7.0;7.0;ISOPROPANOL
1893.0;3438.0;6184.0;10834.0;1791.0;2631.0;1736.0;3143.0;5643.0;10008.0;1681.0;2573.0;-4.0;5.0;-4.0;6.0;ISOPROPANOL
1906.0;3453.0;6177.0;10837.0;1785.0;2627.0;1713.0;3125.0;5616.0;9895.0;1664.0;2549.0;-5.0;3.0;-4.0;3.0;ISOPROPANOL
1874.0;3402.0;6132.0;10749.0;1772.0;2615.0;1713.0;3114.0;5592.0;9871.0;1663.0;2539.0;-5.0;4.0;-4.0;0.0;ISOPROPANOL
1854.0;3370.0;6052.0;10584.0;1760.0;2601.0;1708.0;3107.0;5564.0;9846.0;1659.0;2539.0;-6.0;3.0;-16.0;0.0;ISOPROPANOL
1871.0;3378.0;6082.0;10686.0;1771.0;2614.0;1716.0;3125.0;5611.0;9939.0;1663.0;2558.0;-18.0;1.0;-17.0;2.0;ISOPROPANOL
1890.0;3431.0;6138.0;10797.0;1790.0;2632.0;1731.0;3139.0;5632.0;9926.0;1675.0;2582.0;-19.0;1.0;-21.0;0.0;ISOPROPANOL
1906.0;3447.0;6171.0;10801.0;1784.0;2635.0;1744.0;3175.0;5687.0;10015.0;1676.0;2598.0;-19.0;1.0;-21.0;2.0;ISOPROPANOL
1903.0;3441.0;6171.0;10848.0;1793.0;2627.0;1735.0;3156.0;5635.0;9950.0;1672.0;2569.0;-18.0;4.0;-17.0;2.0;ISOPROPANOL
1888.0;3441.0;6147.0;10767.0;1779.0;2617.0;1726.0;3129.0;5626.0;9922.0;1659.0;2560.0;-16.0;4.0;-17.0;2.0;ISOPROPANOL
1871.0;3399.0;6093.0;10736.0;1774.0;2621.0;1729.0;3152.0;5629.0;9915.0;1663.0;2571.0;-12.0;3.0;-16.0;2.0;ISOPROPANOL
1897.0;3457.0;6171.0;10799.0;1789.0;2631.0;1723.0;3142.0;5644.0;9927.0;1675.0;2587.0;-12.0;3.0;-16.0;2.0;ISOPROPANOL
1904.0;3423.0;6160.0;10822.0;1789.0;2637.0;1746.0;3157.0;5672.0;9942.0;1673.0;2563.0;-14.0;4.0;-16.0;3.0;ISOPROPANOL
1887.0;3430.0;6162.0;10785.0;1786.0;2650.0;1741.0;3160.0;5673.0;10024.0;1674.0;2575.0;-12.0;8.0;-16.0;3.0;ISOPROPANOL
1883.0;3432.0;6166.0;10798.0;1786.0;2628.0;1747.0;3157.0;5644.0;9978.0;1682.0;2586.0;-12.0;4.0;-13.0;6.0;ISOPROPANOL
1882.0;3419.0;6152.0;10797.0;1791.0;2645.0;1751.0;3171.0;5701.0;10055.0;1695.0;2588.0;-14.0;4.0;-16.0;6.0;ISOPROPANOL
1891.0;3434.0;6163.0;10802.0;1801.0;2648.0;1737.0;3155.0;5679.0;10000.0;1686.0;2590.0;-8.0;4.0;-9.0;2.0;ISOPROPANOL
1896.0;3434.0;6193.0;10827.0;1804.0;2655.0;1754.0;3191.0;5726.0;10068.0;1694.0;2602.0;-8.0;4.0;-9.0;2.0;ISOPROPANOL
1902.0;3435.0;6151.0;10840.0;1795.0;2655.0;1751.0;3187.0;5713.0;10038.0;1683.0;2593.0;-16.0;4.0;-12.0;1.0;ISOPROPANOL
1919.0;3474.0;6207.0;10890.0;1798.0;2650.0;1769.0;3200.0;5726.0;10063.0;1686.0;2592.0;-16.0;4.0;-12.0;1.0;ISOPROPANOL
1914.0;3454.0;6183.0;10831.0;1794.0;2641.0;1749.0;3174.0;5689.0;10019.0;1683.0;2565.0;-13.0;4.0;-12.0;1.0;ISOPROPANOL
1911.0;3463.0;6205.0;10814.0;1793.0;2629.0;1732.0;3143.0;5649.0;9982.0;1676.0;2566.0;-13.0;5.0;-12.0;1.0;ISOPROPANOL
1894.0;3414.0;6158.0;10769.0;1784.0;2636.0;1735.0;3161.0;5655.0;9947.0;1674.0;2567.0;-13.0;4.0;-10.0;1.0;ISOPROPANOL
1881.0;3403.0;6110.0;10748.0;1779.0;2617.0;1735.0;3133.0;5654.0;9989.0;1674.0;2560.0;-11.0;5.0;-10.0;2.0;ISOPROPANOL
1883.0;3415.0;6095.0;10776.0;1781.0;2625.0;1729.0;3134.0;5625.0;9892.0;1662.0;2558.0;-11.0;7.0;-10.0;2.0;ISOPROPANOL
1870.0;3401.0;6099.0;10734.0;1777.0;2623.0;1730.0;3137.0;5636.0;9908.0;1671.0;2570.0;-11.0;4.0;-8.0;2.0;ISOPROPANOL
1878.0;3413.0;6130.0;10744.0;1791.0;2635.0;1743.0;3156.0;5684.0;9977.0;1669.0;2568.0;-15.0;4.0;-8.0;1.0;ISOPROPANOL
1873.0;3409.0;6105.0;10691.0;1773.0;2616.0;1726.0;3128.0;5621.0;9929.0;1663.0;2558.0;-11.0;2.0;-11.0;3.0;ISOPROPANOL
1884.0;3418.0;6136.0;10699.0;1771.0;2622.0;1730.0;3157.0;5660.0;9961.0;1675.0;2573.0;-11.0;4.0;-8.0;3.0;ISOPROPANOL
1911.0;3461.0;6193.0;10810.0;1788.0;2649.0;1740.0;3158.0;5667.0;9999.0;1683.0;2591.0;-16.0;4.0;-14.0;5.0;ISOPROPANOL
1908.0;3460.0;6192.0;10899.0;1806.0;2651.0;1731.0;3151.0;5663.0;10026.0;1689.0;2606.0;-12.0;5.0;-14.0;1.0;ISOPROPANOL
1932.0;3489.0;6271.0;10978.0;1819.0;2673.0;1763.0;3188.0;5739.0;10149.0;1706.0;2620.0;-12.0;1.0;-10.0;5.0;ISOPROPANOL
1932.0;3493.0;6265.0;10938.0;1811.0;2662.0;1752.0;3210.0;5726.0;10095.0;1700.0;2611.0;-12.0;1.0;-8.0;4.0;ISOPROPANOL
1921.0;3490.0;6234.0;10907.0;1816.0;2672.0;1754.0;3183.0;5720.0;10126.0;1696.0;2610.0;-12.0;1.0;-8.0;5.0;ISOPROPANOL
1907.0;3476.0;6248.0;10941.0;1824.0;2669.0;1767.0;3231.0;5781.0;10174.0;1714.0;2602.0;-12.0;1.0;-8.0;1.0;ISOPROPANOL
1908.0;3476.0;6271.0;10975.0;1817.0;2683.0;1763.0;3207.0;5750.0;10150.0;1709.0;2614.0;-12.0;4.0;-7.0;-3.0;ISOPROPANOL
1945.0;3511.0;6310.0;10998.0;1818.0;2676.0;1776.0;3216.0;5798.0;10250.0;1709.0;2625.0;-12.0;5.0;-7.0;-3.0;ISOPROPANOL
1937.0;3504.0;6275.0;10998.0;1824.0;2684.0;1772.0;3224.0;5776.0;10205.0;1712.0;2623.0;-12.0;4.0;-9.0;-3.0;ISOPROPANOL
1922.0;3494.0;6283.0;11024.0;1825.0;2670.0;1769.0;3214.0;5786.0;10191.0;1710.0;2629.0;-6.0;2.0;-9.0;-3.0;ISOPROPANOL
1957.0;3543.0;6334.0;11069.0;1828.0;2686.0;1771.0;3206.0;5799.0;10193.0;1709.0;2614.0;-6.0;5.0;-6.0;0.0;ISOPROPANOL
1941.0;3514.0;6299.0;11081.0;1831.0;2692.0;1782.0;3233.0;5813.0;10248.0;1716.0;2625.0;-6.0;5.0;-8.0;2.0;ISOPROPANOL
1950.0;3549.0;6363.0;11113.0;1830.0;2692.0;1785.0;3239.0;5789.0;10185.0;1716.0;2633.0;-6.0;2.0;-8.0;4.0;ISOPROPANOL
1947.0;3531.0;6338.0;11093.0;1828.0;2689.0;1782.0;3248.0;5861.0;10213.0;1717.0;2633.0;-6.0;2.0;-6.0;2.0;ISOPROPANOL
1936.0;3519.0;6323.0;11045.0;1837.0;2691.0;1782.0;3246.0;5827.0;10296.0;1719.0;2629.0;-7.0;6.0;-8.0;7.0;ISOPROPANOL
1933.0;3508.0;6300.0;11039.0;1830.0;2707.0;1785.0;3242.0;5844.0;10321.0;1729.0;2654.0;-8.0;2.0;-12.0;2.0;ISOPROPANOL
1992.0;3591.0;6404.0;11274.0;1859.0;2735.0;1824.0;3312.0;5934.0;10432.0;1749.0;2681.0;-14.0;2.0;-12.0;1.0;ISOPROPANOL
1981.0;3604.0;6452.0;11283.0;1868.0;2743.0;1826.0;3304.0;5939.0;10478.0;1753.0;2682.0;-8.0;2.0;-9.0;1.0;ISOPROPANOL
1989.0;3604.0;6436.0;11260.0;1865.0;2732.0;1817.0;3292.0;5908.0;10374.0;1743.0;2684.0;-14.0;4.0;-9.0;1.0;ISOPROPANOL
1977.0;3590.0;6425.0;11275.0;1861.0;2750.0;1816.0;3282.0;5890.0;10369.0;1743.0;2674.0;-8.0;2.0;-9.0;1.0;ISOPROPANOL
1951.0;3552.0;6375.0;11185.0;1850.0;2728.0;1796.0;3287.0;5898.0;10386.0;1736.0;2664.0;-5.0;4.0;-7.0;1.0;ISOPROPANOL
1959.0;3544.0;6369.0;11154.0;1845.0;2719.0;1814.0;3296.0;5875.0;10328.0;1737.0;2661.0;-5.0;2.0;-4.0;4.0;ISOPROPANOL
1981.0;3582.0;6415.0;11176.0;1845.0;2730.0;1787.0;3245.0;5860.0;10308.0;1733.0;2654.0;-9.0;3.0;-4.0;5.0;ISOPROPANOL
1967.0;3550.0;6374.0;11171.0;1848.0;2706.0;1781.0;3238.0;5798.0;10240.0;1728.0;2644.0;-5.0;2.0;-2.0;8.0;ISOPROPANOL
1946.0;3516.0;6320.0;11039.0;1831.0;2702.0;1794.0;3266.0;5834.0;10272.0;1723.0;2646.0;-9.0;3.0;-2.0;5.0;ISOPROPANOL
1970.0;3557.0;6357.0;11129.0;1841.0;2707.0;1779.0;3257.0;5850.0;10324.0;1729.0;2641.0;-9.0;4.0;-2.0;-2.0;ISOPROPANOL
1957.0;3547.0;6331.0;11102.0;1839.0;2708.0;1773.0;3226.0;5800.0;10191.0;1723.0;2643.0;-9.0;4.0;-8.0;-2.0;ISOPROPANOL
1957.0;3543.0;6344.0;11086.0;1833.0;2690.0;1789.0;3234.0;5776.0;10222.0;1711.0;2623.0;-9.0;2.0;-5.0;0.0;ISOPROPANOL
1938.0;3517.0;6280.0;11059.0;1824.0;2685.0;1768.0;3225.0;5767.0;10185.0;1715.0;2628.0;-9.0;4.0;-5.0;0.0;ISOPROPANOL
1948.0;3516.0;6279.0;11021.0;1827.0;2701.0;1780.0;3247.0;5850.0;10272.0;1726.0;2633.0;-9.0;3.0;-3.0;5.0;ISOPROPANOL
1951.0;3562.0;6373.0;11158.0;1847.0;2724.0;1806.0;3293.0;5901.0;10392.0;1747.0;2673.0;-9.0;3.0;-3.0;3.0;ISOPROPANOL
1962.0;3571.0;6416.0;11257.0;1863.0;2741.0;1805.0;3288.0;5898.0;10435.0;1749.0;2678.0;-7.0;3.0;-3.0;3.0;ISOPROPANOL
1989.0;3608.0;6478.0;11306.0;1866.0;2739.0;1839.0;3330.0;5959.0;10516.0;1760.0;2695.0;-7.0;3.0;-3.0;1.0;ISOPROPANOL
1989.0;3611.0;6468.0;11329.0;1871.0;2758.0;1824.0;3311.0;5938.0;10505.0;1764.0;2701.0;-11.0;3.0;-6.0;1.0;ISOPROPANOL
1993.0;3641.0;6489.0;11365.0;1877.0;2765.0;1833.0;3341.0;5998.0;10515.0;1764.0;2723.0;-13.0;9.0;-11.0;1.0;ISOPROPANOL
2008.0;3635.0;6540.0;11419.0;1891.0;2781.0;1855.0;3359.0;6032.0;10616.0;1774.0;2730.0;-13.0;5.0;-11.0;1.0;ISOPROPANOL
2024.0;3662.0;6573.0;11472.0;1897.0;2790.0;1858.0;3387.0;6029.0;10643.0;1792.0;2731.0;-13.0;7.0;-12.0;4.0;ISOPROPANOL
2027.0;3676.0;6600.0;11541.0;1913.0;2787.0;1846.0;3357.0;6014.0;10609.0;1774.0;2716.0;-13.0;4.0;-12.0;5.0;ISOPROPANOL
2015.0;3635.0;6520.0;11391.0;1889.0;2777.0;1830.0;3335.0;6039.0;10567.0;1777.0;2715.0;-12.0;2.0;-4.0;4.0;ISOPROPANOL
2005.0;3636.0;6547.0;11474.0;1897.0;2790.0;1845.0;3349.0;6014.0;10550.0;1783.0;2727.0;-9.0;4.0;-3.0;2.0;ISOPROPANOL
2022.0;3650.0;6568.0;11472.0;1907.0;2796.0;1872.0;3382.0;6080.0;10668.0;1787.0;2737.0;-12.0;2.0;-4.0;2.0;ISOPROPANOL
2014.0;3657.0;6554.0;11556.0;1909.0;2807.0;1863.0;3381.0;6059.0;10676.0;1789.0;2749.0;-9.0;5.0;-2.0;2.0;ISOPROPANOL
2032.0;3674.0;6591.0;11566.0;1912.0;2813.0;1864.0;3381.0;6089.0;10671.0;1783.0;2745.0;-9.0;4.0;-4.0;6.0;ISOPROPANOL
2050.0;3709.0;6639.0;11621.0;1921.0;2822.0;1889.0;3443.0;6150.0;10816.0;1813.0;2763.0;-8.0;4.0;-12.0;5.0;ISOPROPANOL
2053.0;3721.0;6634.0;11586.0;1920.0;2817.0;1879.0;3407.0;6116.0;10776.0;1806.0;2753.0;-10.0;4.0;-12.0;6.0;ISOPROPANOL
2069.0;3734.0;6675.0;11648.0;1916.0;2820.0;1897.0;3428.0;6132.0;10776.0;1793.0;2749.0;-10.0;5.0;-12.0;5.0;ISOPROPANOL
2026.0;3665.0;6594.0;11511.0;1906.0;2802.0;1896.0;3421.0;6110.0;10693.0;1788.0;2738.0;-10.0;3.0;-12.0;-1.0;ISOPROPANOL
2044.0;3695.0;6633.0;11586.0;1905.0;2796.0;1859.0;3387.0;6068.0;10734.0;1790.0;2739.0;-10.0;4.0;-12.0;-2.0;ISOPROPANOL
2042.0;3691.0;6591.0;11523.0;1897.0;2804.0;1867.0;3385.0;6083.0;10669.0;1789.0;2734.0;-10.0;1.0;-7.0;-2.0;ISOPROPANOL
2048.0;3708.0;6641.0;11582.0;1913.0;2787.0;1885.0;3398.0;6080.0;10623.0;1788.0;2720.0;-10.0;1.0;-9.0;-1.0;ISOPROPANOL
2032.0;3680.0;6591.0;11490.0;1900.0;2796.0;1860.0;3384.0;6053.0;10624.0;1784.0;2735.0;-8.0;5.0;-7.0;0.0;ISOPROPANOL
2037.0;3685.0;6616.0;11567.0;1906.0;2788.0;1852.0;3343.0;6014.0;10591.0;1782.0;2714.0;-8.0;5.0;-9.0;1.0;ISOPROPANOL
2033.0;3672.0;6562.0;11468.0;1890.0;2779.0;1865.0;3374.0;6034.0;10565.0;1778.0;2732.0;-6.0;5.0;-6.0;1.0;ISOPROPANOL
2049.0;3696.0;6606.0;11569.0;1900.0;2776.0;1879.0;3400.0;6058.0;10652.0;1780.0;2721.0;-13.0;3.0;-9.0;1.0;ISOPROPANOL
2031.0;3671.0;6578.0;11471.0;1904.0;2785.0;1858.0;3366.0;6069.0;10643.0;1783.0;2727.0;-6.0;0.0;-3.0;1.0;ISOPROPANOL
2024.0;3666.0;6552.0;11465.0;1894.0;2791.0;1855.0;3364.0;6026.0;10613.0;1784.0;2737.0;-6.0;0.0;-9.0;1.0;ISOPROPANOL
2034.0;3668.0;6560.0;11496.0;1898.0;2803.0;1854.0;3364.0;6042.0;10600.0;1785.0;2738.0;-6.0;0.0;-9.0;1.0;ISOPROPANOL
2039.0;3706.0;6627.0;11574.0;1903.0;2803.0;1866.0;3382.0;6080.0;10656.0;1787.0;2726.0;-6.0;0.0;-9.0;1.0;ISOPROPANOL
2049.0;3695.0;6630.0;11571.0;1911.0;2808.0;1860.0;3377.0;6088.0;10689.0;1787.0;2741.0;-6.0;-1.0;-9.0;0.0;ISOPROPANOL
2033.0;3686.0;6614.0;11532.0;1904.0;2789.0;1848.0;3358.0;6000.0;10593.0;1783.0;2724.0;-17.0;2.0;-11.0;-1.0;ISOPROPANOL
2049.0;3695.0;6630.0;11571.0;1911.0;2808.0;1860.0;3377.0;6088.0;10689.0;1787.0;2741.0;-17.0;2.0;-9.0;0.0;ISOPROPANOL
2039.0;3678.0;6573.0;11512.0;1898.0;2776.0;1859.0;3359.0;6028.0;10620.0;1783.0;2723.0;-18.0;3.0;-11.0;-1.0;ISOPROPANOL
2025.0;3669.0;6554.0;11464.0;1900.0;2791.0;1867.0;3389.0;6050.0;10657.0;1776.0;2723.0;-7.0;3.0;0.0;5.0;ISOPROPANOL
