OFFCHIP_SENSIMOX_SnAu_150_200.0_IN-PHASE;OFFCHIP_SENSIMOX_SnAu_200_200.0_IN-PHASE;OFFCHIP_SENSIMOX_SnAu_250_200.0_IN-PHASE;OFFCHIP_SENSIMOX_SnAu_300_200.0_IN-PHASE;OFFCHIP_SENSIMOX_SnAu_350_200.0_IN-PHASE;OFFCHIP_SENSIMOX_SnAu_400_200.0_IN-PHASE;OFFCHIP_SENSIMOX_SnAu_150_78125.0_IN-PHASE;OFFCHIP_SENSIMOX_SnAu_200_78125.0_IN-PHASE;OFFCHIP_SENSIMOX_SnAu_250_78125.0_IN-PHASE;OFFCHIP_SENSIMOX_SnAu_300_78125.0_IN-PHASE;OFFCHIP_SENSIMOX_SnAu_350_78125.0_IN-PHASE;OFFCHIP_SENSIMOX_SnAu_400_78125.0_IN-PHASE;ONCHIP_ALUMINUM_OXIDE_OUT4_IN-PHASE;ONCHIP_ALUMINUM_OXIDE_OUT4_QUADRATURE;ONCHIP_ALUMINUM_OXIDE_OUT7_IN-PHASE;ONCHIP_ALUMINUM_OXIDE_OUT7_QUADRATURE;LABEL
1.0;1.0;1.0;1.0;1.0;1.0;1.0;1.0;1.0;1.0;1.0;1.0;1.0;1.0;1.0;1.0;ISOPROPANOL
347.0;631.0;1069.0;1733.0;243.0;277.0;101.0;160.0;105.0;72.0;4.0;59.0;3.0;1.0;5.0;3.0;ISOPROPANOL
333.0;572.0;918.0;1437.0;202.0;246.0;64.0;41.0;51.0;-41.0;-9.0;2.0;3.0;1.0;8.0;1.0;ISOPROPANOL
291.0;466.0;695.0;1002.0;125.0;149.0;-8.0;-70.0;-203.0;-471.0;-77.0;-88.0;7.0;1.0;5.0;1.0;ISOPROPANOL
201.0;324.0;460.0;664.0;85.0;110.0;-14.0;-72.0;-220.0;-509.0;-87.0;-107.0;10.0;1.0;5.0;1.0;ISOPROPANOL
243.0;393.0;586.0;854.0;111.0;144.0;-14.0;-76.0;-224.0;-525.0;-90.0;-115.0;7.0;3.0;9.0;-1.0;ISOPROPANOL
203.0;308.0;401.0;508.0;55.0;100.0;-14.0;-72.0;-220.0;-525.0;-90.0;-107.0;10.0;4.0;5.0;-3.0;ISOPROPANOL
154.0;218.0;401.0;508.0;59.0;100.0;-14.0;-70.0;-220.0;-525.0;-90.0;-107.0;15.0;-2.0;12.0;-1.0;ISOPROPANOL
154.0;231.0;321.0;453.0;59.0;100.0;-14.0;-63.0;-166.0;-384.0;-58.0;-56.0;14.0;0.0;5.0;-1.0;ISOPROPANOL
275.0;464.0;740.0;1135.0;157.0;211.0;48.0;46.0;28.0;-47.0;-8.0;15.0;19.0;-2.0;13.0;-2.0;ISOPROPANOL
315.0;531.0;843.0;1329.0;185.0;250.0;56.0;68.0;79.0;17.0;5.0;42.0;13.0;-2.0;7.0;-1.0;ISOPROPANOL
331.0;572.0;907.0;1456.0;208.0;282.0;85.0;122.0;149.0;169.0;32.0;73.0;13.0;-2.0;7.0;-1.0;ISOPROPANOL
364.0;622.0;1012.0;1616.0;234.0;313.0;107.0;162.0;227.0;299.0;52.0;101.0;5.0;0.0;8.0;0.0;ISOPROPANOL
385.0;663.0;1072.0;1714.0;249.0;340.0;136.0;204.0;306.0;408.0;66.0;127.0;2.0;3.0;10.0;0.0;ISOPROPANOL
403.0;698.0;1120.0;1761.0;249.0;321.0;103.0;155.0;213.0;276.0;46.0;101.0;2.0;3.0;5.0;1.0;ISOPROPANOL
371.0;641.0;1043.0;1633.0;235.0;314.0;97.0;135.0;174.0;197.0;46.0;70.0;4.0;3.0;0.0;1.0;ISOPROPANOL
348.0;613.0;1027.0;1669.0;249.0;346.0;129.0;205.0;322.0;197.0;32.0;134.0;4.0;-1.0;0.0;1.0;ISOPROPANOL
390.0;669.0;1069.0;1706.0;235.0;324.0;96.0;140.0;184.0;195.0;32.0;78.0;6.0;-1.0;2.0;1.0;ISOPROPANOL
338.0;571.0;908.0;1412.0;194.0;276.0;77.0;105.0;116.0;106.0;14.0;43.0;7.0;-1.0;2.0;1.0;ISOPROPANOL
328.0;560.0;883.0;1392.0;195.0;261.0;80.0;101.0;110.0;88.0;18.0;54.0;7.0;-1.0;2.0;1.0;ISOPROPANOL
327.0;551.0;886.0;1383.0;199.0;267.0;68.0;91.0;101.0;65.0;10.0;46.0;12.0;-1.0;3.0;1.0;ISOPROPANOL
322.0;544.0;868.0;1331.0;187.0;261.0;69.0;87.0;84.0;54.0;5.0;43.0;14.0;-1.0;3.0;1.0;ISOPROPANOL
320.0;539.0;854.0;1328.0;184.0;261.0;64.0;77.0;68.0;37.0;5.0;37.0;8.0;-1.0;3.0;1.0;ISOPROPANOL
315.0;533.0;838.0;1305.0;185.0;264.0;73.0;97.0;106.0;51.0;5.0;42.0;5.0;-1.0;4.0;1.0;ISOPROPANOL
331.0;563.0;888.0;1436.0;206.0;300.0;110.0;180.0;291.0;460.0;83.0;157.0;8.0;1.0;3.0;1.0;ISOPROPANOL
458.0;849.0;1490.0;2528.0;395.0;569.0;298.0;555.0;1012.0;1767.0;299.0;450.0;5.0;3.0;1.0;0.0;ISOPROPANOL
694.0;1272.0;2217.0;3719.0;562.0;746.0;386.0;716.0;1284.0;2220.0;363.0;567.0;11.0;3.0;1.0;1.0;ISOPROPANOL
754.0;1374.0;2392.0;4045.0;608.0;801.0;428.0;795.0;1444.0;2523.0;417.0;641.0;11.0;1.0;8.0;1.0;ISOPROPANOL
880.0;1653.0;2996.0;5135.0;793.0;1081.0;664.0;1256.0;2303.0;4057.0;658.0;966.0;12.0;3.0;11.0;1.0;ISOPROPANOL
1070.0;1908.0;3248.0;5259.0;767.0;954.0;478.0;851.0;1498.0;2558.0;413.0;620.0;15.0;3.0;6.0;-1.0;ISOPROPANOL
760.0;1360.0;2350.0;3887.0;586.0;779.0;389.0;700.0;1248.0;2118.0;350.0;541.0;9.0;3.0;6.0;0.0;ISOPROPANOL
726.0;1323.0;2322.0;3927.0;613.0;848.0;484.0;907.0;1645.0;2867.0;472.0;725.0;5.0;3.0;6.0;-1.0;ISOPROPANOL
913.0;1675.0;2910.0;4883.0;729.0;970.0;522.0;977.0;1744.0;3066.0;507.0;774.0;8.0;4.0;2.0;-1.0;ISOPROPANOL
915.0;1666.0;2906.0;4884.0;738.0;990.0;557.0;1032.0;1856.0;3225.0;524.0;790.0;8.0;3.0;3.0;-1.0;ISOPROPANOL
943.0;1713.0;2989.0;5021.0;771.0;1046.0;632.0;1174.0;2143.0;3691.0;596.0;899.0;4.0;1.0;5.0;-1.0;ISOPROPANOL
1071.0;1928.0;3373.0;5588.0;822.0;1072.0;611.0;1114.0;1979.0;3419.0;557.0;817.0;8.0;1.0;3.0;-1.0;ISOPROPANOL
923.0;1647.0;2807.0;4627.0;684.0;900.0;473.0;831.0;1467.0;2451.0;393.0;598.0;11.0;1.0;5.0;-7.0;ISOPROPANOL
737.0;1326.0;2291.0;3895.0;600.0;855.0;502.0;945.0;1753.0;3081.0;519.0;799.0;12.0;1.0;4.0;-7.0;ISOPROPANOL
1073.0;2017.0;3654.0;6221.0;957.0;1280.0;836.0;1539.0;2785.0;4773.0;748.0;1072.0;16.0;1.0;4.0;-7.0;ISOPROPANOL
1191.0;2144.0;3694.0;6125.0;897.0;1161.0;673.0;1232.0;2173.0;3712.0;595.0;872.0;9.0;-2.0;4.0;-5.0;ISOPROPANOL
1031.0;1895.0;3320.0;5620.0;852.0;1153.0;690.0;1286.0;2336.0;4063.0;669.0;1006.0;7.0;-2.0;3.0;-5.0;ISOPROPANOL
1187.0;2150.0;3701.0;6076.0;890.0;1165.0;663.0;1202.0;2139.0;3726.0;605.0;939.0;-1.0;-2.0;1.0;-4.0;ISOPROPANOL
1169.0;2252.0;4099.0;7095.0;1109.0;1515.0;1040.0;1958.0;3585.0;6142.0;991.0;1414.0;-2.0;-2.0;-1.0;-4.0;ISOPROPANOL
1537.0;2783.0;5095.0;8611.0;1308.0;1715.0;1179.0;2223.0;3940.0;6986.0;1118.0;1603.0;-1.0;-2.0;1.0;-4.0;ISOPROPANOL
1725.0;3107.0;5417.0;9028.0;1358.0;1763.0;1221.0;2262.0;4130.0;7120.0;1138.0;1625.0;-1.0;0.0;-1.0;-4.0;ISOPROPANOL
1788.0;3278.0;5768.0;9667.0;1453.0;1876.0;1302.0;2426.0;4401.0;7575.0;1202.0;1717.0;2.0;1.0;1.0;-4.0;ISOPROPANOL
1840.0;3346.0;5821.0;9578.0;1411.0;1785.0;1163.0;2135.0;3793.0;6450.0;1015.0;1466.0;5.0;0.0;3.0;-3.0;ISOPROPANOL
1534.0;2764.0;4779.0;7972.0;1207.0;1598.0;1080.0;2013.0;3623.0;6264.0;1002.0;1457.0;10.0;0.0;4.0;-3.0;ISOPROPANOL
1604.0;2951.0;5227.0;8807.0;1337.0;1755.0;1245.0;2300.0;4133.0;7001.0;1109.0;1561.0;12.0;0.0;10.0;-3.0;ISOPROPANOL
1607.0;2864.0;4974.0;8304.0;1263.0;1690.0;1200.0;2216.0;4024.0;7017.0;1121.0;1627.0;15.0;-1.0;16.0;-3.0;ISOPROPANOL
1805.0;3319.0;5935.0;10133.0;1569.0;2121.0;1658.0;3113.0;5743.0;9979.0;1587.0;2261.0;16.0;-1.0;9.0;-3.0;ISOPROPANOL
2592.0;4690.0;8235.0;13510.0;1947.0;2391.0;1702.0;3095.0;5591.0;9422.0;1463.0;2028.0;10.0;0.0;9.0;-2.0;ISOPROPANOL
2121.0;3784.0;6513.0;10701.0;1589.0;2013.0;1381.0;2513.0;4497.0;7637.0;1205.0;1740.0;5.0;1.0;4.0;-2.0;ISOPROPANOL
1856.0;3336.0;5805.0;9567.0;1423.0;1812.0;1211.0;2178.0;3925.0;6693.0;1064.0;1538.0;10.0;1.0;4.0;-2.0;ISOPROPANOL
1670.0;3008.0;5220.0;8736.0;1322.0;1746.0;1144.0;2105.0;3753.0;6430.0;1029.0;1525.0;10.0;2.0;7.0;-2.0;ISOPROPANOL
1754.0;3215.0;5656.0;9349.0;1381.0;1754.0;1150.0;2078.0;3649.0;6174.0;968.0;1393.0;18.0;1.0;7.0;-4.0;ISOPROPANOL
1480.0;2633.0;4547.0;7617.0;1151.0;1539.0;1033.0;1879.0;3370.0;5696.0;905.0;1321.0;12.0;1.0;10.0;-7.0;ISOPROPANOL
1482.0;2781.0;5071.0;8878.0;1402.0;1917.0;1469.0;2744.0;4969.0;8514.0;1344.0;1905.0;7.0;1.0;5.0;-4.0;ISOPROPANOL
2061.0;3728.0;6426.0;10580.0;1549.0;1956.0;1340.0;2455.0;4405.0;7552.0;1201.0;1722.0;9.0;3.0;6.0;-3.0;ISOPROPANOL
1891.0;3453.0;6056.0;10014.0;1492.0;1931.0;1355.0;2514.0;4508.0;7724.0;1238.0;1796.0;6.0;3.0;11.0;-3.0;ISOPROPANOL
2008.0;3642.0;6403.0;10587.0;1577.0;2040.0;1447.0;2651.0;4725.0;8112.0;1286.0;1843.0;9.0;3.0;9.0;-3.0;ISOPROPANOL
2033.0;3687.0;6501.0;10802.0;1631.0;2133.0;1542.0;2859.0;5196.0;8907.0;1405.0;2003.0;16.0;3.0;13.0;1.0;ISOPROPANOL
2180.0;3912.0;6789.0;11109.0;1628.0;2057.0;1415.0;2558.0;4563.0;7726.0;1224.0;1725.0;15.0;2.0;9.0;1.0;ISOPROPANOL
1820.0;3322.0;5748.0;9538.0;1424.0;1844.0;1280.0;2318.0;4086.0;6915.0;1098.0;1563.0;13.0;3.0;10.0;2.0;ISOPROPANOL
1698.0;3029.0;5260.0;8716.0;1305.0;1728.0;1175.0;2152.0;3815.0;6518.0;1040.0;1512.0;12.0;2.0;10.0;2.0;ISOPROPANOL
1678.0;3010.0;5194.0;8601.0;1283.0;1706.0;1154.0;2100.0;3731.0;6370.0;1016.0;1468.0;13.0;-2.0;12.0;1.0;ISOPROPANOL
1629.0;2969.0;5220.0;8776.0;1328.0;1763.0;1229.0;2260.0;4038.0;6906.0;1094.0;1553.0;12.0;-2.0;10.0;1.0;ISOPROPANOL
1717.0;3083.0;5321.0;8747.0;1313.0;1711.0;1150.0;2091.0;3731.0;6385.0;1022.0;1490.0;10.0;-2.0;8.0;3.0;ISOPROPANOL
1665.0;3005.0;5236.0;8672.0;1293.0;1706.0;1153.0;2105.0;3727.0;6283.0;994.0;1411.0;17.0;-3.0;10.0;1.0;ISOPROPANOL
1536.0;2726.0;4675.0;7625.0;1120.0;1491.0;950.0;1735.0;3053.0;5207.0;830.0;1217.0;13.0;-2.0;10.0;1.0;ISOPROPANOL
1425.0;2571.0;4478.0;7473.0;1133.0;1526.0;1046.0;1934.0;3485.0;5936.0;955.0;1415.0;6.0;-2.0;3.0;1.0;ISOPROPANOL
1627.0;2932.0;5119.0;8526.0;1279.0;1686.0;1166.0;2148.0;3851.0;6548.0;1026.0;1486.0;4.0;-2.0;1.0;1.0;ISOPROPANOL
1644.0;2952.0;5116.0;8500.0;1273.0;1696.0;1188.0;2153.0;3811.0;6506.0;1035.0;1477.0;2.0;1.0;-2.0;-4.0;ISOPROPANOL
1657.0;2981.0;5136.0;8470.0;1262.0;1652.0;1095.0;1982.0;3486.0;5915.0;936.0;1370.0;4.0;3.0;-2.0;-4.0;ISOPROPANOL
1515.0;2733.0;4709.0;7832.0;1173.0;1558.0;1060.0;1929.0;3423.0;5834.0;943.0;1376.0;4.0;1.0;-1.0;-2.0;ISOPROPANOL
1539.0;2801.0;4900.0;8178.0;1247.0;1675.0;1153.0;2109.0;3767.0;6423.0;1023.0;1480.0;4.0;3.0;-2.0;-2.0;ISOPROPANOL
1637.0;2952.0;5110.0;8436.0;1269.0;1669.0;1157.0;2126.0;3771.0;6460.0;1033.0;1496.0;2.0;3.0;-1.0;-2.0;ISOPROPANOL
1706.0;3097.0;5397.0;8964.0;1348.0;1799.0;1291.0;2345.0;4163.0;7021.0;1101.0;1568.0;4.0;3.0;1.0;-2.0;ISOPROPANOL
1685.0;3005.0;5194.0;8583.0;1286.0;1714.0;1188.0;2152.0;3796.0;6461.0;1027.0;1470.0;4.0;-1.0;3.0;-2.0;ISOPROPANOL
1657.0;2985.0;5190.0;8644.0;1299.0;1725.0;1254.0;2275.0;4085.0;6991.0;1107.0;1613.0;7.0;1.0;3.0;-2.0;ISOPROPANOL
1821.0;3283.0;5729.0;9487.0;1417.0;1851.0;1286.0;2345.0;4212.0;7109.0;1119.0;1609.0;3.0;-2.0;3.0;-2.0;ISOPROPANOL
1815.0;3320.0;5908.0;9945.0;1525.0;2038.0;1548.0;2863.0;5137.0;8857.0;1405.0;1998.0;14.0;-2.0;3.0;-2.0;ISOPROPANOL
2242.0;4047.0;7047.0;11582.0;1720.0;2209.0;1638.0;2988.0;5344.0;9075.0;1423.0;2029.0;3.0;-2.0;3.0;-2.0;ISOPROPANOL
2194.0;3963.0;6883.0;11351.0;1684.0;2156.0;1551.0;2850.0;5029.0;8507.0;1339.0;1891.0;10.0;-1.0;3.0;0.0;ISOPROPANOL
2052.0;3659.0;6316.0;10375.0;1549.0;1995.0;1432.0;2598.0;4600.0;7827.0;1234.0;1763.0;10.0;-1.0;-2.0;0.0;ISOPROPANOL
1949.0;3486.0;6024.0;9910.0;1478.0;1918.0;1363.0;2456.0;4334.0;7389.0;1166.0;1675.0;12.0;-1.0;2.0;0.0;ISOPROPANOL
1856.0;3323.0;5723.0;9526.0;1438.0;1907.0;1388.0;2573.0;4663.0;8046.0;1295.0;1892.0;10.0;-1.0;2.0;-2.0;ISOPROPANOL
2146.0;3858.0;6695.0;11020.0;1637.0;2114.0;1584.0;2916.0;5239.0;8989.0;1430.0;2023.0;10.0;2.0;2.0;-2.0;ISOPROPANOL
2308.0;4212.0;7369.0;12169.0;1814.0;2331.0;1765.0;3234.0;5764.0;9734.0;1513.0;2121.0;9.0;2.0;2.0;-3.0;ISOPROPANOL
2297.0;4053.0;6921.0;11146.0;1623.0;2073.0;1466.0;2616.0;4588.0;7712.0;1212.0;1737.0;11.0;2.0;2.0;-5.0;ISOPROPANOL
1866.0;3327.0;5797.0;9718.0;1468.0;1963.0;1418.0;2592.0;4668.0;7974.0;1283.0;1862.0;7.0;2.0;1.0;-5.0;ISOPROPANOL
2167.0;3966.0;6983.0;11506.0;1688.0;2175.0;1590.0;2865.0;5064.0;8629.0;1356.0;1891.0;7.0;2.0;1.0;-5.0;ISOPROPANOL
2035.0;3644.0;6331.0;10515.0;1588.0;2076.0;1553.0;2850.0;5063.0;8561.0;1345.0;1912.0;7.0;2.0;4.0;-6.0;ISOPROPANOL
2029.0;3596.0;6176.0;10056.0;1485.0;1912.0;1330.0;2393.0;4200.0;7112.0;1119.0;1635.0;9.0;4.0;6.0;1.0;ISOPROPANOL
1774.0;3165.0;5494.0;9081.0;1370.0;1827.0;1290.0;2338.0;4160.0;7102.0;1117.0;1616.0;6.0;4.0;6.0;1.0;ISOPROPANOL
1804.0;3269.0;5731.0;9498.0;1425.0;1870.0;1315.0;2386.0;4224.0;7181.0;1136.0;1630.0;6.0;8.0;7.0;1.0;ISOPROPANOL
1805.0;3206.0;5527.0;9127.0;1370.0;1797.0;1254.0;2282.0;4042.0;6825.0;1082.0;1569.0;5.0;4.0;7.0;1.0;ISOPROPANOL
1762.0;3136.0;5408.0;8935.0;1336.0;1770.0;1237.0;2228.0;3866.0;6640.0;1058.0;1537.0;6.0;3.0;7.0;1.0;ISOPROPANOL
1705.0;3045.0;5243.0;8631.0;1289.0;1687.0;1219.0;2209.0;3931.0;6704.0;1068.0;1548.0;17.0;-2.0;1.0;1.0;ISOPROPANOL
1761.0;3182.0;5589.0;9399.0;1445.0;1904.0;1426.0;2623.0;4723.0;8015.0;1274.0;1807.0;19.0;-4.0;1.0;1.0;ISOPROPANOL
2003.0;3593.0;6163.0;10060.0;1485.0;1940.0;1371.0;2494.0;4397.0;7399.0;1172.0;1697.0;12.0;-2.0;4.0;1.0;ISOPROPANOL
1866.0;3332.0;5726.0;9335.0;1383.0;1805.0;1255.0;2254.0;3988.0;6778.0;1070.0;1560.0;5.0;-2.0;1.0;-3.0;ISOPROPANOL
1751.0;3143.0;5482.0;9102.0;1373.0;1815.0;1309.0;2401.0;4277.0;7302.0;1160.0;1675.0;5.0;-2.0;1.0;0.0;ISOPROPANOL
1937.0;3483.0;6090.0;10122.0;1518.0;1992.0;1466.0;2668.0;4732.0;7928.0;1266.0;1789.0;3.0;-1.0;2.0;-2.0;ISOPROPANOL
1977.0;3524.0;6117.0;10184.0;1537.0;2040.0;1532.0;2808.0;5041.0;8623.0;1387.0;1998.0;3.0;5.0;3.0;-3.0;ISOPROPANOL
2261.0;4062.0;7086.0;11744.0;1767.0;2294.0;1768.0;3247.0;5821.0;9885.0;1558.0;2200.0;2.0;-1.0;2.0;-3.0;ISOPROPANOL
2456.0;4405.0;7698.0;12550.0;1868.0;2387.0;1793.0;3236.0;5769.0;9704.0;1515.0;2152.0;3.0;-1.0;2.0;-2.0;ISOPROPANOL
2326.0;4124.0;7098.0;11675.0;1734.0;2272.0;1719.0;3123.0;5537.0;9439.0;1477.0;2149.0;6.0;0.0;1.0;-2.0;ISOPROPANOL
2390.0;4278.0;7416.0;12203.0;1792.0;2326.0;1738.0;3142.0;5568.0;9324.0;1479.0;2092.0;3.0;0.0;1.0;-2.0;ISOPROPANOL
2326.0;4228.0;7408.0;12322.0;1870.0;2448.0;1907.0;3459.0;6162.0;10493.0;1645.0;2324.0;3.0;0.0;1.0;-2.0;ISOPROPANOL
2561.0;4617.0;7993.0;13102.0;1931.0;2451.0;1854.0;3339.0;5878.0;9650.0;1534.0;2155.0;3.0;0.0;1.0;-2.0;ISOPROPANOL
2369.0;4245.0;7340.0;12065.0;1801.0;2341.0;1773.0;3219.0;5710.0;9676.0;1525.0;2170.0;3.0;0.0;5.0;-2.0;ISOPROPANOL
2413.0;4319.0;7465.0;12287.0;1824.0;2379.0;1803.0;3303.0;5886.0;9942.0;1574.0;2239.0;2.0;2.0;5.0;-3.0;ISOPROPANOL
2444.0;4411.0;7725.0;12698.0;1871.0;2395.0;1794.0;3247.0;5723.0;9585.0;1487.0;2086.0;2.0;0.0;6.0;-3.0;ISOPROPANOL
2342.0;4202.0;7326.0;12193.0;1822.0;2407.0;1900.0;3444.0;6141.0;10407.0;1631.0;2286.0;5.0;0.0;5.0;-3.0;ISOPROPANOL
2564.0;4579.0;7900.0;13033.0;1944.0;2520.0;1970.0;3601.0;6375.0;10757.0;1682.0;2338.0;8.0;-3.0;6.0;-3.0;ISOPROPANOL
2600.0;4617.0;7925.0;13004.0;1919.0;2457.0;1935.0;3411.0;6130.0;10295.0;1604.0;2274.0;13.0;-1.0;9.0;-4.0;ISOPROPANOL
2535.0;4520.0;7737.0;12595.0;1854.0;2375.0;1788.0;3226.0;5670.0;9509.0;1490.0;2118.0;8.0;-2.0;8.0;-4.0;ISOPROPANOL
2277.0;4011.0;6862.0;11224.0;1648.0;2168.0;1589.0;2831.0;4987.0;8377.0;1302.0;1879.0;11.0;-2.0;9.0;-4.0;ISOPROPANOL
2094.0;3700.0;6403.0;10495.0;1571.0;2073.0;1529.0;2769.0;4832.0;8164.0;1279.0;1856.0;10.0;-2.0;4.0;-5.0;ISOPROPANOL
2063.0;3680.0;6303.0;10362.0;1545.0;2069.0;1552.0;2821.0;4911.0;8252.0;1285.0;1824.0;13.0;-1.0;4.0;-3.0;ISOPROPANOL
2013.0;3588.0;6162.0;10172.0;1522.0;2014.0;1509.0;2727.0;4779.0;8014.0;1258.0;1802.0;10.0;-2.0;4.0;-3.0;ISOPROPANOL
1988.0;3503.0;5984.0;9743.0;1449.0;1931.0;1452.0;2630.0;4626.0;7836.0;1255.0;1826.0;9.0;4.0;2.0;-2.0;ISOPROPANOL
2124.0;3806.0;6606.0;10778.0;1596.0;2077.0;1525.0;2731.0;4792.0;8054.0;1251.0;1787.0;14.0;3.0;2.0;-2.0;ISOPROPANOL
1965.0;3489.0;5957.0;9782.0;1472.0;1956.0;1434.0;2582.0;4634.0;7803.0;1225.0;1741.0;9.0;2.0;7.0;-2.0;ISOPROPANOL
1946.0;3452.0;5918.0;9744.0;1457.0;1929.0;1446.0;2597.0;4594.0;7746.0;1219.0;1765.0;12.0;-3.0;2.0;-2.0;ISOPROPANOL
2001.0;3555.0;6117.0;10010.0;1489.0;1936.0;1403.0;2542.0;4498.0;7593.0;1201.0;1716.0;17.0;-3.0;9.0;2.0;ISOPROPANOL
1995.0;3582.0;6216.0;10251.0;1559.0;2070.0;1569.0;2836.0;5034.0;8524.0;1331.0;1935.0;10.0;-3.0;7.0;0.0;ISOPROPANOL
2197.0;3924.0;6781.0;11088.0;1641.0;2140.0;1578.0;2845.0;4951.0;8352.0;1309.0;1855.0;4.0;-3.0;12.0;0.0;ISOPROPANOL
2020.0;3583.0;6128.0;10065.0;1489.0;1943.0;1433.0;2573.0;4514.0;7590.0;1191.0;1732.0;4.0;-3.0;7.0;2.0;ISOPROPANOL
1969.0;3521.0;6086.0;10074.0;1517.0;2013.0;1509.0;2740.0;4845.0;8226.0;1292.0;1858.0;7.0;-4.0;7.0;0.0;ISOPROPANOL
2108.0;3790.0;6528.0;10821.0;1626.0;2144.0;1673.0;3026.0;5350.0;9076.0;1422.0;2031.0;4.0;-4.0;7.0;-2.0;ISOPROPANOL
2306.0;4148.0;7228.0;11949.0;1793.0;2363.0;1876.0;3394.0;5993.0;10159.0;1595.0;2259.0;7.0;-4.0;3.0;-4.0;ISOPROPANOL
2508.0;4456.0;7648.0;12433.0;1826.0;2319.0;1755.0;3111.0;5511.0;9170.0;1419.0;2002.0;7.0;-4.0;3.0;-4.0;ISOPROPANOL
2191.0;3865.0;6592.0;10744.0;1581.0;2133.0;1649.0;2996.0;5389.0;9305.0;1501.0;2184.0;8.0;-1.0;3.0;-5.0;ISOPROPANOL
2632.0;4732.0;8325.0;13731.0;2039.0;2642.0;2130.0;3859.0;6873.0;11500.0;1802.0;2524.0;5.0;0.0;-1.0;-5.0;ISOPROPANOL
2889.0;5128.0;8838.0;14429.0;2118.0;2700.0;2127.0;3846.0;6772.0;11302.0;1760.0;2480.0;7.0;0.0;-3.0;-5.0;ISOPROPANOL
2806.0;4933.0;8396.0;13581.0;1990.0;2560.0;2004.0;3567.0;6243.0;10376.0;1621.0;2264.0;5.0;0.0;-3.0;-5.0;ISOPROPANOL
2517.0;4491.0;7765.0;12846.0;1911.0;2492.0;1932.0;3526.0;6235.0;10481.0;1647.0;2320.0;2.0;0.0;-3.0;-1.0;ISOPROPANOL
2625.0;4680.0;8171.0;13391.0;2000.0;2594.0;2062.0;3724.0;6514.0;10934.0;1699.0;2390.0;1.0;0.0;-3.0;-1.0;ISOPROPANOL
2684.0;4788.0;8234.0;13420.0;1972.0;2507.0;1914.0;3417.0;5993.0;10024.0;1560.0;2187.0;1.0;0.0;-1.0;-1.0;ISOPROPANOL
2384.0;4207.0;7154.0;11655.0;1730.0;2231.0;1681.0;3004.0;5255.0;8883.0;1399.0;2022.0;1.0;0.0;0.0;-3.0;ISOPROPANOL
2378.0;4313.0;7637.0;12849.0;1977.0;2649.0;2185.0;3965.0;7099.0;11873.0;1889.0;2664.0;3.0;-1.0;4.0;-1.0;ISOPROPANOL
3113.0;5572.0;9736.0;15929.0;2357.0;3004.0;2473.0;4466.0;7845.0;13181.0;2019.0;2796.0;8.0;-1.0;11.0;-1.0;ISOPROPANOL
3096.0;5422.0;9201.0;14784.0;2126.0;2690.0;2069.0;3696.0;6435.0;10662.0;1660.0;2333.0;12.0;-1.0;10.0;-3.0;ISOPROPANOL
2579.0;4538.0;7720.0;12626.0;1861.0;2411.0;1839.0;3287.0;5750.0;9581.0;1500.0;2142.0;9.0;-1.0;1.0;0.0;ISOPROPANOL
2358.0;4166.0;7100.0;11540.0;1713.0;2239.0;1673.0;3030.0;5306.0;8928.0;1391.0;2002.0;10.0;-3.0;1.0;0.0;ISOPROPANOL
2233.0;3963.0;6833.0;11190.0;1669.0;2199.0;1668.0;2997.0;5242.0;8850.0;1377.0;1982.0;10.0;-1.0;1.0;-2.0;ISOPROPANOL
2230.0;3954.0;6774.0;11137.0;1666.0;2202.0;1692.0;3048.0;5383.0;9112.0;1431.0;2047.0;11.0;1.0;2.0;-2.0;ISOPROPANOL
2366.0;4253.0;7388.0;12281.0;1847.0;2436.0;1958.0;3530.0;6184.0;10397.0;1615.0;2262.0;10.0;1.0;6.0;-2.0;ISOPROPANOL
2534.0;4501.0;7764.0;12765.0;1897.0;2438.0;1933.0;3465.0;6087.0;10200.0;1596.0;2247.0;7.0;-1.0;6.0;-2.0;ISOPROPANOL
2565.0;4633.0;8123.0;13566.0;2040.0;2682.0;2224.0;4026.0;7122.0;12053.0;1868.0;2623.0;10.0;1.0;9.0;-2.0;ISOPROPANOL
3027.0;5375.0;9305.0;15243.0;2254.0;2883.0;2396.0;4319.0;7624.0;12706.0;1976.0;2725.0;7.0;-1.0;6.0;-1.0;ISOPROPANOL
3107.0;5487.0;9421.0;15217.0;2223.0;2813.0;2222.0;3994.0;7021.0;11727.0;1820.0;2530.0;14.0;-2.0;7.0;-1.0;ISOPROPANOL
2811.0;4972.0;8496.0;13751.0;2032.0;2637.0;2089.0;3730.0;6574.0;11026.0;1705.0;2389.0;20.0;-2.0;5.0;-1.0;ISOPROPANOL
2674.0;4736.0;8117.0;13187.0;1928.0;2513.0;1944.0;3455.0;6033.0;9995.0;1559.0;2217.0;12.0;-2.0;9.0;-4.0;ISOPROPANOL
2448.0;4295.0;7334.0;11915.0;1754.0;2262.0;1715.0;3070.0;5340.0;8952.0;1407.0;2017.0;15.0;-2.0;4.0;-1.0;ISOPROPANOL
2281.0;4044.0;6942.0;11343.0;1688.0;2198.0;1692.0;3022.0;5287.0;8885.0;1394.0;1996.0;14.0;-1.0;6.0;-4.0;ISOPROPANOL
2284.0;4093.0;7108.0;11866.0;1794.0;2394.0;1908.0;3439.0;6079.0;10282.0;1620.0;2292.0;14.0;1.0;6.0;-4.0;ISOPROPANOL
2590.0;4592.0;7841.0;12764.0;1873.0;2399.0;1848.0;3309.0;5827.0;9754.0;1528.0;2158.0;9.0;2.0;6.0;-5.0;ISOPROPANOL
2525.0;4483.0;7781.0;12801.0;1926.0;2564.0;2107.0;3808.0;6739.0;11026.0;1760.0;2425.0;9.0;4.0;8.0;-4.0;ISOPROPANOL
2778.0;4920.0;8483.0;13902.0;2075.0;2676.0;2165.0;3855.0;6787.0;11362.0;1762.0;2477.0;6.0;2.0;5.0;-4.0;ISOPROPANOL
2755.0;4879.0;8333.0;13678.0;2017.0;2604.0;2057.0;3687.0;6458.0;10758.0;1678.0;2361.0;6.0;1.0;8.0;-4.0;ISOPROPANOL
2672.0;4735.0;8102.0;13233.0;1965.0;2534.0;1976.0;3553.0;6230.0;10339.0;1601.0;2245.0;9.0;1.0;11.0;-4.0;ISOPROPANOL
2557.0;4557.0;7940.0;13237.0;1999.0;2635.0;2148.0;3858.0;6810.0;11462.0;1789.0;2499.0;11.0;0.0;10.0;-3.0;ISOPROPANOL
2859.0;5097.0;8765.0;14318.0;2106.0;2694.0;2123.0;3814.0;6661.0;11095.0;1711.0;2414.0;5.0;0.0;9.0;-3.0;ISOPROPANOL
2722.0;4818.0;8292.0;13584.0;2008.0;2600.0;2079.0;3714.0;6503.0;10851.0;1686.0;2378.0;6.0;-2.0;9.0;-1.0;ISOPROPANOL
2650.0;4694.0;8050.0;13152.0;1951.0;2557.0;2013.0;3638.0;6396.0;10769.0;1677.0;2397.0;9.0;-2.0;5.0;-1.0;ISOPROPANOL
2719.0;4807.0;8146.0;13202.0;1931.0;2476.0;1917.0;3447.0;6006.0;10037.0;1582.0;2233.0;6.0;-1.0;5.0;-1.0;ISOPROPANOL
2518.0;4481.0;7726.0;12669.0;1891.0;2467.0;1957.0;3523.0;6241.0;10507.0;1649.0;2310.0;14.0;-1.0;5.0;-1.0;ISOPROPANOL
2670.0;4751.0;8173.0;13330.0;1972.0;2543.0;2027.0;3658.0;6465.0;11000.0;1741.0;2494.0;7.0;-1.0;5.0;-3.0;ISOPROPANOL
2897.0;5170.0;8989.0;14789.0;2177.0;2787.0;2261.0;4075.0;7113.0;12036.0;1868.0;2612.0;7.0;-1.0;5.0;-4.0;ISOPROPANOL
2958.0;5261.0;9024.0;14711.0;2157.0;2796.0;2253.0;4055.0;7097.0;11797.0;1849.0;2612.0;10.0;-2.0;5.0;-4.0;ISOPROPANOL
2956.0;5201.0;8878.0;14435.0;2123.0;2702.0;2163.0;3853.0;6738.0;11241.0;1749.0;2461.0;5.0;-4.0;10.0;-4.0;ISOPROPANOL
2763.0;4843.0;8342.0;13726.0;2065.0;2703.0;2232.0;4010.0;7114.0;11915.0;1865.0;2616.0;5.0;-4.0;10.0;-3.0;ISOPROPANOL
3059.0;5450.0;9389.0;15332.0;2281.0;2960.0;2446.0;4325.0;7576.0;12610.0;1936.0;2692.0;5.0;-2.0;9.0;-1.0;ISOPROPANOL
2959.0;5148.0;8729.0;14069.0;2053.0;2599.0;1993.0;3559.0;6163.0;10298.0;1613.0;2258.0;7.0;5.0;11.0;0.0;ISOPROPANOL
2474.0;4351.0;7460.0;12171.0;1821.0;2375.0;1866.0;3339.0;5820.0;9790.0;1535.0;2199.0;12.0;5.0;8.0;0.0;ISOPROPANOL
2521.0;4452.0;7658.0;12505.0;1858.0;2437.0;1871.0;3355.0;5895.0;9925.0;1537.0;2205.0;7.0;0.0;0.0;0.0;ISOPROPANOL
2559.0;4561.0;7860.0;12851.0;1901.0;2449.0;1939.0;3489.0;6111.0;10259.0;1612.0;2320.0;6.0;0.0;-1.0;0.0;ISOPROPANOL
2716.0;4883.0;8471.0;13940.0;2074.0;2647.0;2152.0;3839.0;6701.0;11233.0;1739.0;2455.0;6.0;0.0;-1.0;1.0;ISOPROPANOL
2763.0;4872.0;8353.0;13508.0;1990.0;2550.0;2023.0;3613.0;6302.0;10521.0;1640.0;2329.0;4.0;-2.0;-1.0;2.0;ISOPROPANOL
2662.0;4706.0;8038.0;13139.0;1954.0;2541.0;2022.0;3650.0;6448.0;10799.0;1692.0;2384.0;8.0;-2.0;0.0;1.0;ISOPROPANOL
2729.0;4831.0;8337.0;13619.0;2036.0;2627.0;2125.0;3802.0;6633.0;11179.0;1735.0;2452.0;8.0;-2.0;9.0;-1.0;ISOPROPANOL
2792.0;5005.0;8701.0;14376.0;2156.0;2807.0;2349.0;4220.0;7453.0;12548.0;1946.0;2715.0;14.0;-2.0;14.0;-1.0;ISOPROPANOL
3126.0;5503.0;9404.0;15187.0;2240.0;2861.0;2373.0;4236.0;7465.0;12474.0;1937.0;2715.0;16.0;-2.0;12.0;-1.0;ISOPROPANOL
3168.0;5575.0;9512.0;15416.0;2272.0;2884.0;2355.0;4246.0;7400.0;12330.0;1915.0;2657.0;8.0;-2.0;14.0;-2.0;ISOPROPANOL
3058.0;5420.0;9215.0;15157.0;2248.0;2903.0;2449.0;4411.0;7775.0;13033.0;2034.0;2865.0;6.0;-2.0;9.0;-2.0;ISOPROPANOL
3301.0;5845.0;10000.0;16140.0;2368.0;3033.0;2504.0;4447.0;7738.0;12911.0;1979.0;2730.0;8.0;-2.0;5.0;-2.0;ISOPROPANOL
3065.0;5342.0;9057.0;14568.0;2127.0;2720.0;2166.0;3827.0;6656.0;11042.0;1717.0;2407.0;16.0;1.0;9.0;-3.0;ISOPROPANOL
2735.0;4813.0;8287.0;13540.0;2012.0;2614.0;2117.0;3759.0;6561.0;10931.0;1706.0;2412.0;11.0;1.0;6.0;-3.0;ISOPROPANOL
2723.0;4819.0;8252.0;13480.0;2015.0;2621.0;2121.0;3799.0;6664.0;11305.0;1772.0;2510.0;11.0;1.0;6.0;-3.0;ISOPROPANOL
2904.0;5174.0;8942.0;14664.0;2177.0;2830.0;2336.0;4189.0;7316.0;12272.0;1899.0;2668.0;7.0;-1.0;3.0;-3.0;ISOPROPANOL
3028.0;5324.0;9135.0;14842.0;2180.0;2782.0;2276.0;4071.0;7055.0;11877.0;1841.0;2593.0;7.0;-1.0;4.0;-3.0;ISOPROPANOL
2994.0;5247.0;9030.0;14634.0;2145.0;2772.0;2253.0;4023.0;7010.0;11640.0;1818.0;2525.0;7.0;-1.0;3.0;-3.0;ISOPROPANOL
2881.0;5100.0;8766.0;14281.0;2116.0;2721.0;2195.0;3909.0;6805.0;11374.0;1770.0;2464.0;10.0;-1.0;4.0;-3.0;ISOPROPANOL
2779.0;4906.0;8390.0;13649.0;2027.0;2647.0;2121.0;3775.0;6635.0;11070.0;1715.0;2443.0;8.0;-1.0;9.0;-2.0;ISOPROPANOL
2738.0;4818.0;8160.0;13147.0;1953.0;2517.0;1997.0;3552.0;6200.0;10362.0;1615.0;2304.0;7.0;1.0;13.0;-2.0;ISOPROPANOL
2658.0;4710.0;8172.0;13466.0;2020.0;2658.0;2218.0;3955.0;6941.0;11611.0;1813.0;2548.0;5.0;1.0;8.0;-2.0;ISOPROPANOL
2936.0;5189.0;8890.0;14341.0;2106.0;2700.0;2158.0;3852.0;6658.0;11125.0;1726.0;2396.0;4.0;-1.0;8.0;-2.0;ISOPROPANOL
2674.0;4717.0;8122.0;13363.0;2046.0;2726.0;2380.0;4289.0;7653.0;12811.0;1999.0;2822.0;9.0;-1.0;13.0;-2.0;ISOPROPANOL
3255.0;5717.0;9745.0;15740.0;2283.0;2883.0;2343.0;4162.0;7268.0;12138.0;1885.0;2625.0;3.0;-1.0;4.0;-3.0;ISOPROPANOL
3006.0;5282.0;9044.0;14682.0;2144.0;2738.0;2225.0;3968.0;6938.0;11557.0;1808.0;2525.0;3.0;-1.0;0.0;-3.0;ISOPROPANOL
2888.0;5079.0;8653.0;13929.0;2055.0;2633.0;2069.0;3712.0;6497.0;10749.0;1672.0;2359.0;3.0;-1.0;0.0;-3.0;ISOPROPANOL
2669.0;4693.0;8069.0;13194.0;1980.0;2623.0;2200.0;3933.0;6947.0;11640.0;1813.0;2548.0;3.0;-1.0;0.0;-3.0;ISOPROPANOL
2953.0;5185.0;8772.0;14181.0;2084.0;2665.0;2157.0;3850.0;6705.0;11196.0;1723.0;2433.0;3.0;-1.0;0.0;-2.0;ISOPROPANOL
2834.0;5070.0;8878.0;14775.0;2233.0;2904.0;2487.0;4442.0;7761.0;12985.0;2000.0;2797.0;10.0;1.0;1.0;-2.0;ISOPROPANOL
3236.0;5724.0;9769.0;15804.0;2307.0;2931.0;2383.0;4252.0;7386.0;12182.0;1872.0;2630.0;15.0;0.0;1.0;-2.0;ISOPROPANOL
2984.0;5212.0;8828.0;14390.0;2107.0;2728.0;2201.0;3937.0;6832.0;11383.0;1771.0;2514.0;10.0;0.0;5.0;-3.0;ISOPROPANOL
2869.0;5074.0;8711.0;14253.0;2121.0;2767.0;2332.0;4182.0;7425.0;12485.0;1963.0;2760.0;18.0;1.0;10.0;-2.0;ISOPROPANOL
3306.0;5880.0;10180.0;16473.0;2444.0;3143.0;2703.0;4814.0;8419.0;14029.0;2172.0;3003.0;10.0;4.0;5.0;-3.0;ISOPROPANOL
3506.0;6119.0;10414.0;16670.0;2451.0;3090.0;2603.0;4624.0;8048.0;13303.0;2049.0;2847.0;10.0;2.0;4.0;-2.0;ISOPROPANOL
3290.0;5803.0;9937.0;16085.0;2389.0;3054.0;2573.0;4564.0;8024.0;13428.0;2085.0;2897.0;6.0;2.0;4.0;-6.0;ISOPROPANOL
3312.0;5789.0;9850.0;15846.0;2317.0;2935.0;2423.0;4293.0;7461.0;12413.0;1942.0;2679.0;4.0;2.0;3.0;-2.0;ISOPROPANOL
3135.0;5491.0;9399.0;15160.0;2235.0;2871.0;2332.0;4146.0;7200.0;12025.0;1856.0;2595.0;4.0;-1.0;3.0;-8.0;ISOPROPANOL
3026.0;5368.0;9238.0;15045.0;2234.0;2839.0;2364.0;4173.0;7263.0;12094.0;1863.0;2616.0;4.0;-2.0;2.0;-2.0;ISOPROPANOL
2996.0;5306.0;9111.0;14913.0;2232.0;2908.0;2448.0;4391.0;7667.0;12981.0;2017.0;2841.0;8.0;-2.0;2.0;-7.0;ISOPROPANOL
3299.0;5846.0;10066.0;16336.0;2418.0;3078.0;2659.0;4727.0;8237.0;13694.0;2104.0;2912.0;6.0;-2.0;7.0;-2.0;ISOPROPANOL
3333.0;5816.0;9794.0;15662.0;2275.0;2903.0;2348.0;4150.0;7214.0;11993.0;1844.0;2595.0;9.0;-2.0;7.0;-3.0;ISOPROPANOL
2958.0;5172.0;8871.0;14463.0;2134.0;2777.0;2261.0;3983.0;6942.0;11522.0;1789.0;2535.0;6.0;-2.0;8.0;-3.0;ISOPROPANOL
2912.0;5109.0;8724.0;14164.0;2101.0;2711.0;2209.0;3903.0;6840.0;11396.0;1760.0;2501.0;14.0;0.0;10.0;-3.0;ISOPROPANOL
2891.0;5090.0;8646.0;14069.0;2082.0;2688.0;2154.0;3827.0;6652.0;11093.0;1727.0;2430.0;6.0;0.0;4.0;-1.0;ISOPROPANOL
2761.0;4863.0;8306.0;13508.0;2008.0;2613.0;2100.0;3726.0;6503.0;10908.0;1687.0;2403.0;12.0;0.0;4.0;-3.0;ISOPROPANOL
2731.0;4792.0;8165.0;13310.0;1960.0;2559.0;2081.0;3700.0;6408.0;10654.0;1663.0;2349.0;2.0;0.0;2.0;-5.0;ISOPROPANOL
2675.0;4709.0;8036.0;13191.0;1945.0;2551.0;2099.0;3740.0;6516.0;10836.0;1684.0;2372.0;2.0;0.0;3.0;-1.0;ISOPROPANOL
2737.0;4817.0;8215.0;13439.0;1994.0;2607.0;2109.0;3754.0;6519.0;10894.0;1689.0;2389.0;2.0;0.0;3.0;-6.0;ISOPROPANOL
2766.0;4886.0;8351.0;13513.0;1996.0;2614.0;2114.0;3749.0;6530.0;10874.0;1708.0;2410.0;2.0;0.0;12.0;-6.0;ISOPROPANOL
2796.0;4909.0;8390.0;13635.0;2033.0;2653.0;2184.0;3869.0;6762.0;11309.0;1746.0;2493.0;2.0;-1.0;12.0;-2.0;ISOPROPANOL
2875.0;5087.0;8737.0;14293.0;2124.0;2771.0;2299.0;4135.0;7282.0;12205.0;1892.0;2665.0;7.0;-1.0;12.0;-2.0;ISOPROPANOL
3101.0;5471.0;9405.0;15212.0;2233.0;2883.0;2389.0;4264.0;7431.0;12399.0;1912.0;2652.0;3.0;-1.0;8.0;-5.0;ISOPROPANOL
3034.0;5337.0;9112.0;14968.0;2236.0;2957.0;2538.0;4579.0;8067.0;13603.0;2122.0;2970.0;4.0;-6.0;5.0;-5.0;ISOPROPANOL
3525.0;6214.0;10688.0;17059.0;2510.0;3179.0;2657.0;4756.0;8254.0;13697.0;2114.0;2940.0;3.0;-6.0;5.0;-5.0;ISOPROPANOL
3377.0;5932.0;10123.0;16319.0;2394.0;3053.0;2568.0;4546.0;7927.0;13088.0;2025.0;2783.0;4.0;-6.0;5.0;-5.0;ISOPROPANOL
3177.0;5576.0;9556.0;15479.0;2277.0;2903.0;2358.0;4191.0;7291.0;12186.0;1886.0;2639.0;3.0;-4.0;5.0;-5.0;ISOPROPANOL
3000.0;5263.0;8962.0;14522.0;2150.0;2788.0;2269.0;4048.0;7030.0;11749.0;1817.0;2551.0;4.0;-4.0;9.0;-2.0;ISOPROPANOL
2900.0;5107.0;8754.0;14281.0;2128.0;2807.0;2338.0;4182.0;7339.0;12264.0;1917.0;2720.0;12.0;-4.0;5.0;-2.0;ISOPROPANOL
3154.0;5564.0;9527.0;15363.0;2261.0;2903.0;2357.0;4207.0;7333.0;12172.0;1891.0;2664.0;9.0;-4.0;9.0;-2.0;ISOPROPANOL
3079.0;5425.0;9247.0;14995.0;2220.0;2910.0;2442.0;4353.0;7607.0;12690.0;1984.0;2778.0;11.0;-2.0;6.0;-5.0;ISOPROPANOL
3252.0;5768.0;9902.0;16078.0;2373.0;3043.0;2557.0;4584.0;7979.0;13255.0;2045.0;2860.0;10.0;-2.0;6.0;-5.0;ISOPROPANOL
3232.0;5694.0;9680.0;15769.0;2329.0;3005.0;2543.0;4548.0;7909.0;13123.0;2024.0;2791.0;12.0;-2.0;11.0;-5.0;ISOPROPANOL
3249.0;5697.0;9641.0;15584.0;2278.0;2883.0;2384.0;4218.0;7347.0;12270.0;1889.0;2639.0;10.0;0.0;6.0;-4.0;ISOPROPANOL
3046.0;5342.0;9125.0;14783.0;2178.0;2802.0;2350.0;4177.0;7256.0;12004.0;1861.0;2612.0;10.0;0.0;4.0;-4.0;ISOPROPANOL
3016.0;5271.0;8922.0;14461.0;2137.0;2752.0;2247.0;4007.0;6940.0;11546.0;1787.0;2512.0;10.0;-1.0;4.0;-3.0;ISOPROPANOL
2939.0;5189.0;8928.0;14612.0;2185.0;2844.0;2443.0;4338.0;7588.0;12641.0;1966.0;2754.0;5.0;0.0;4.0;-4.0;ISOPROPANOL
3276.0;5781.0;9956.0;16162.0;2389.0;3067.0;2574.0;4638.0;8088.0;13383.0;2069.0;2866.0;5.0;0.0;4.0;-4.0;ISOPROPANOL
3296.0;5783.0;9807.0;15939.0;2342.0;2995.0;2494.0;4394.0;7689.0;12815.0;1984.0;2772.0;5.0;-1.0;5.0;-3.0;ISOPROPANOL
3203.0;5607.0;9527.0;15430.0;2279.0;2925.0;2458.0;4380.0;7621.0;12743.0;1986.0;2770.0;10.0;-1.0;4.0;-3.0;ISOPROPANOL
3332.0;5861.0;10027.0;16318.0;2418.0;3111.0;2671.0;4765.0;8292.0;13724.0;2130.0;2972.0;8.0;-1.0;6.0;-3.0;ISOPROPANOL
3443.0;6028.0;10266.0;16484.0;2416.0;3095.0;2585.0;4564.0;7929.0;13202.0;2027.0;2829.0;9.0;-2.0;5.0;-2.0;ISOPROPANOL
3316.0;5892.0;10126.0;16422.0;2440.0;3151.0;2716.0;4821.0;8314.0;13708.0;2119.0;2968.0;8.0;-2.0;5.0;-3.0;ISOPROPANOL
3411.0;5965.0;10148.0;16309.0;2390.0;3036.0;2548.0;4499.0;7788.0;12892.0;2002.0;2785.0;15.0;-1.0;3.0;-4.0;ISOPROPANOL
3216.0;5661.0;9669.0;15707.0;2322.0;2983.0;2515.0;4467.0;7744.0;12872.0;1994.0;2793.0;8.0;-2.0;5.0;-3.0;ISOPROPANOL
3205.0;5606.0;9565.0;15502.0;2271.0;2926.0;2451.0;4329.0;7594.0;12504.0;1935.0;2712.0;3.0;0.0;0.0;-4.0;ISOPROPANOL
3140.0;5516.0;9430.0;15323.0;2265.0;2931.0;2425.0;4322.0;7567.0;12632.0;1955.0;2753.0;1.0;0.0;0.0;-4.0;ISOPROPANOL
3308.0;5806.0;9981.0;16179.0;2393.0;3098.0;2672.0;4746.0;8292.0;13763.0;2142.0;2959.0;3.0;-2.0;0.0;-3.0;ISOPROPANOL
3506.0;6177.0;10505.0;16927.0;2494.0;3176.0;2670.0;4729.0;8247.0;13730.0;2119.0;2907.0;9.0;-2.0;12.0;-3.0;ISOPROPANOL
3376.0;5928.0;10071.0;16247.0;2396.0;3069.0;2590.0;4640.0;8046.0;13353.0;2060.0;2866.0;9.0;-2.0;16.0;-5.0;ISOPROPANOL
3305.0;5780.0;9869.0;15970.0;2351.0;3009.0;2532.0;4472.0;7777.0;12962.0;2005.0;2791.0;9.0;-2.0;15.0;-2.0;ISOPROPANOL
3260.0;5735.0;9851.0;15957.0;2375.0;3068.0;2638.0;4675.0;8196.0;13437.0;2141.0;3013.0;9.0;-2.0;15.0;-5.0;ISOPROPANOL
3573.0;6281.0;10864.0;17419.0;2600.0;3356.0;2968.0;5246.0;9155.0;15253.0;2357.0;3250.0;10.0;3.0;7.0;-5.0;ISOPROPANOL
3853.0;6755.0;11514.0;18187.0;2708.0;3450.0;3011.0;5355.0;9306.0;15339.0;2352.0;3231.0;13.0;3.0;15.0;-4.0;ISOPROPANOL
3761.0;6581.0;11140.0;17673.0;2628.0;3308.0;2853.0;5062.0;8786.0;14601.0;2262.0;3124.0;16.0;3.0;10.0;-4.0;ISOPROPANOL
3676.0;6391.0;10837.0;17245.0;2542.0;3252.0;2765.0;4854.0;8411.0;13818.0;2128.0;2952.0;8.0;3.0;10.0;-4.0;ISOPROPANOL
3409.0;5953.0;10090.0;16262.0;2386.0;3030.0;2537.0;4510.0;7788.0;12964.0;2009.0;2825.0;8.0;2.0;9.0;-1.0;ISOPROPANOL
3285.0;5741.0;9738.0;15816.0;2334.0;3009.0;2523.0;4454.0;7743.0;12827.0;1987.0;2801.0;6.0;1.0;6.0;0.0;ISOPROPANOL
3217.0;5622.0;9549.0;15535.0;2301.0;2975.0;2499.0;4430.0;7702.0;12857.0;1971.0;2772.0;17.0;1.0;8.0;0.0;ISOPROPANOL
3220.0;5627.0;9521.0;15371.0;2270.0;2929.0;2419.0;4299.0;7504.0;12578.0;1940.0;2728.0;9.0;1.0;7.0;0.0;ISOPROPANOL
3220.0;5666.0;9716.0;15728.0;2333.0;3017.0;2567.0;4554.0;7861.0;13055.0;2015.0;2801.0;18.0;1.0;16.0;2.0;ISOPROPANOL
3256.0;5706.0;9781.0;15786.0;2326.0;2980.0;2537.0;4487.0;7820.0;13023.0;2019.0;2830.0;10.0;1.0;7.0;2.0;ISOPROPANOL
3318.0;5800.0;9856.0;15884.0;2329.0;2978.0;2504.0;4398.0;7604.0;12644.0;1958.0;2781.0;11.0;1.0;11.0;0.0;ISOPROPANOL
3224.0;5652.0;9609.0;15497.0;2295.0;2947.0;2445.0;4332.0;7533.0;12510.0;1932.0;2717.0;10.0;-1.0;10.0;0.0;ISOPROPANOL
3161.0;5541.0;9476.0;15330.0;2273.0;2945.0;2489.0;4424.0;7734.0;12984.0;2013.0;2841.0;12.0;-1.0;11.0;0.0;ISOPROPANOL
3343.0;5898.0;10092.0;16305.0;2389.0;3073.0;2607.0;4655.0;8088.0;13446.0;2070.0;2883.0;2.0;-3.0;3.0;-5.0;ISOPROPANOL
3378.0;5916.0;10052.0;16173.0;2380.0;3049.0;2581.0;4572.0;7918.0;13143.0;2042.0;2840.0;2.0;-3.0;1.0;-6.0;ISOPROPANOL
3312.0;5806.0;9893.0;16015.0;2360.0;3046.0;2581.0;4599.0;7997.0;13264.0;2042.0;2860.0;1.0;-1.0;1.0;-6.0;ISOPROPANOL
3331.0;5850.0;9954.0;16063.0;2379.0;3057.0;2582.0;4611.0;8038.0;13069.0;2054.0;2860.0;2.0;-1.0;2.0;-6.0;ISOPROPANOL
3364.0;5913.0;10095.0;16395.0;2437.0;3099.0;2688.0;4739.0;8257.0;13720.0;2114.0;2931.0;2.0;0.0;2.0;-7.0;ISOPROPANOL
3388.0;5942.0;10127.0;16420.0;2424.0;3129.0;2660.0;4689.0;8256.0;13753.0;2118.0;2966.0;7.0;0.0;7.0;-7.0;ISOPROPANOL
3481.0;6087.0;10402.0;16744.0;2480.0;3205.0;2714.0;4788.0;8283.0;13817.0;2134.0;2967.0;10.0;0.0;7.0;-1.0;ISOPROPANOL
3420.0;5991.0;10214.0;16483.0;2426.0;3111.0;2624.0;4636.0;8040.0;13266.0;2055.0;2893.0;13.0;0.0;8.0;-8.0;ISOPROPANOL
3325.0;5792.0;9875.0;16008.0;2353.0;3016.0;2542.0;4486.0;7819.0;12991.0;2015.0;2800.0;10.0;0.0;7.0;-3.0;ISOPROPANOL
3287.0;5776.0;9822.0;15911.0;2347.0;3008.0;2532.0;4490.0;7801.0;12995.0;1999.0;2802.0;25.0;0.0;7.0;-3.0;ISOPROPANOL
3267.0;5760.0;9966.0;16321.0;2467.0;3211.0;2825.0;4979.0;8702.0;14443.0;2223.0;3062.0;14.0;0.0;4.0;-3.0;ISOPROPANOL
3550.0;6192.0;10510.0;16779.0;2443.0;3100.0;2604.0;4580.0;7911.0;13220.0;2039.0;2863.0;14.0;1.0;3.0;-3.0;ISOPROPANOL
3321.0;5832.0;9947.0;15988.0;2353.0;3021.0;2588.0;4561.0;7886.0;13098.0;2008.0;2802.0;7.0;1.0;4.0;-3.0;ISOPROPANOL
3292.0;5786.0;9824.0;15861.0;2344.0;3008.0;2570.0;4526.0;7883.0;12995.0;2019.0;2836.0;14.0;0.0;4.0;-4.0;ISOPROPANOL
3317.0;5810.0;9910.0;16078.0;2356.0;3051.0;2614.0;4654.0;8091.0;13428.0;2079.0;2909.0;8.0;0.0;9.0;-2.0;ISOPROPANOL
3383.0;5909.0;10055.0;16214.0;2385.0;3080.0;2611.0;4626.0;8008.0;13202.0;2048.0;2855.0;10.0;-1.0;11.0;-4.0;ISOPROPANOL
3312.0;5790.0;9893.0;16054.0;2376.0;3090.0;2648.0;4666.0;8080.0;13426.0;2070.0;2884.0;10.0;-2.0;4.0;-4.0;ISOPROPANOL
3423.0;6074.0;10410.0;16931.0;2525.0;3255.0;2839.0;5026.0;8805.0;14685.0;2259.0;3131.0;11.0;-1.0;3.0;-2.0;ISOPROPANOL
3716.0;6503.0;11043.0;17518.0;2587.0;3313.0;2861.0;5050.0;8813.0;14600.0;2241.0;3105.0;10.0;-1.0;4.0;-1.0;ISOPROPANOL
3614.0;6297.0;10664.0;17004.0;2500.0;3202.0;2754.0;4857.0;8405.0;13855.0;2138.0;2962.0;2.0;-4.0;2.0;-1.0;ISOPROPANOL
3444.0;6032.0;10222.0;16398.0;2414.0;3094.0;2615.0;4625.0;7965.0;13258.0;2040.0;2852.0;2.0;-1.0;0.0;-1.0;ISOPROPANOL
3346.0;5886.0;10075.0;16431.0;2439.0;3160.0;2720.0;4817.0;8315.0;13848.0;2134.0;2978.0;2.0;2.0;0.0;-3.0;ISOPROPANOL
3509.0;6081.0;10382.0;16579.0;2447.0;3138.0;2696.0;4750.0;8241.0;13666.0;2125.0;2966.0;1.0;1.0;1.0;-5.0;ISOPROPANOL
3538.0;6220.0;10584.0;17074.0;2557.0;3266.0;2842.0;5035.0;8771.0;14624.0;2253.0;3145.0;1.0;2.0;2.0;-5.0;ISOPROPANOL
3710.0;6491.0;11032.0;17570.0;2623.0;3320.0;2885.0;5094.0;8844.0;14658.0;2251.0;3130.0;9.0;2.0;5.0;-5.0;ISOPROPANOL
3657.0;6418.0;10992.0;17498.0;2616.0;3334.0;2901.0;5134.0;8941.0;14846.0;2269.0;3137.0;12.0;2.0;7.0;-5.0;ISOPROPANOL
3695.0;6467.0;10988.0;17501.0;2607.0;3314.0;2849.0;5023.0;8691.0;14500.0;2214.0;3082.0;11.0;1.0;6.0;-5.0;ISOPROPANOL
3578.0;6257.0;10656.0;17111.0;2548.0;3278.0;2864.0;5064.0;8786.0;14583.0;2255.0;3163.0;8.0;1.0;6.0;-4.0;ISOPROPANOL
3715.0;6471.0;10944.0;17332.0;2550.0;3253.0;2821.0;4974.0;8584.0;14263.0;2204.0;3059.0;7.0;1.0;4.0;-4.0;ISOPROPANOL
3604.0;6334.0;10769.0;17193.0;2549.0;3233.0;2814.0;4979.0;8570.0;14208.0;2176.0;2994.0;7.0;1.0;7.0;-4.0;ISOPROPANOL
3562.0;6235.0;10666.0;17102.0;2541.0;3255.0;2857.0;5058.0;8737.0;14414.0;2220.0;3057.0;4.0;2.0;4.0;-4.0;ISOPROPANOL
3620.0;6376.0;10871.0;17359.0;2585.0;3301.0;2860.0;5090.0;8804.0;14627.0;2258.0;3162.0;4.0;-3.0;4.0;-4.0;ISOPROPANOL
3741.0;6531.0;11098.0;17630.0;2609.0;3328.0;2892.0;5109.0;8839.0;14618.0;2256.0;3121.0;4.0;-3.0;2.0;-5.0;ISOPROPANOL
3687.0;6490.0;11142.0;17693.0;2642.0;3383.0;2970.0;5280.0;9198.0;15031.0;2342.0;3236.0;6.0;-3.0;2.0;-5.0;ISOPROPANOL
3843.0;6685.0;11335.0;17871.0;2666.0;3392.0;2934.0;5181.0;9009.0;14833.0;2285.0;3157.0;4.0;-1.0;2.0;-5.0;ISOPROPANOL
3709.0;6456.0;10952.0;17369.0;2566.0;3268.0;2807.0;4971.0;8545.0;14135.0;2181.0;3050.0;4.0;1.0;7.0;-5.0;ISOPROPANOL
3574.0;6241.0;10650.0;17086.0;2541.0;3288.0;2876.0;5074.0;8854.0;14705.0;2279.0;3187.0;6.0;1.0;8.0;-5.0;ISOPROPANOL
3801.0;6621.0;11247.0;17708.0;2625.0;3349.0;2931.0;5143.0;8898.0;14631.0;2246.0;3148.0;4.0;1.0;7.0;-9.0;ISOPROPANOL
3662.0;6404.0;10866.0;17277.0;2564.0;3286.0;2769.0;4938.0;8590.0;14213.0;2197.0;3084.0;3.0;2.0;13.0;-8.0;ISOPROPANOL
3631.0;6328.0;10720.0;17048.0;2524.0;3221.0;2749.0;4847.0;8431.0;13995.0;2152.0;3022.0;3.0;0.0;3.0;-9.0;ISOPROPANOL
3606.0;6290.0;10731.0;17180.0;2544.0;3262.0;2840.0;5022.0;8729.0;14516.0;2237.0;3107.0;3.0;-4.0;4.0;-9.0;ISOPROPANOL
3695.0;6464.0;10982.0;17370.0;2602.0;3343.0;2956.0;5207.0;9032.0;14951.0;2301.0;3194.0;9.0;-4.0;4.0;-8.0;ISOPROPANOL
3789.0;6593.0;11148.0;17650.0;2632.0;3374.0;2950.0;5236.0;8991.0;14816.0;2267.0;3174.0;11.0;-4.0;4.0;-5.0;ISOPROPANOL
3713.0;6494.0;11045.0;17552.0;2605.0;3333.0;2895.0;5073.0;8751.0;14565.0;2238.0;3119.0;8.0;0.0;6.0;-5.0;ISOPROPANOL
3696.0;6480.0;11087.0;17670.0;2666.0;3450.0;3103.0;5501.0;9522.0;15784.0;2416.0;3316.0;13.0;0.0;6.0;-3.0;ISOPROPANOL
3940.0;6901.0;11672.0;18225.0;2746.0;3460.0;3069.0;5411.0;9299.0;15362.0;2359.0;3226.0;8.0;0.0;6.0;-3.0;ISOPROPANOL
3891.0;6793.0;11559.0;18092.0;2705.0;3452.0;3044.0;5359.0;9244.0;15272.0;2336.0;3226.0;5.0;0.0;5.0;-6.0;ISOPROPANOL
3814.0;6672.0;11372.0;17907.0;2672.0;3382.0;2956.0;5200.0;8981.0;14759.0;2274.0;3153.0;5.0;0.0;10.0;-6.0;ISOPROPANOL
3737.0;6513.0;11003.0;17407.0;2580.0;3309.0;2877.0;5067.0;8785.0;14499.0;2225.0;3078.0;5.0;0.0;10.0;-6.0;ISOPROPANOL
3647.0;6353.0;10787.0;17223.0;2570.0;3308.0;2907.0;5170.0;8894.0;14755.0;2275.0;3182.0;4.0;2.0;12.0;-6.0;ISOPROPANOL
3825.0;6639.0;11319.0;17858.0;2664.0;3377.0;2969.0;5256.0;9067.0;14936.0;2284.0;3192.0;3.0;2.0;11.0;-7.0;ISOPROPANOL
3795.0;6617.0;11312.0;17864.0;2698.0;3435.0;3090.0;5461.0;9462.0;15626.0;2405.0;3280.0;3.0;2.0;6.0;-6.0;ISOPROPANOL
3942.0;6808.0;11634.0;18281.0;2740.0;3465.0;3051.0;5354.0;9249.0;15334.0;2352.0;3274.0;3.0;0.0;-1.0;-7.0;ISOPROPANOL
3909.0;6837.0;11699.0;18319.0;2765.0;3544.0;3173.0;5560.0;9660.0;15853.0;2425.0;3331.0;3.0;-2.0;-1.0;-7.0;ISOPROPANOL
3918.0;6804.0;11467.0;18106.0;2708.0;3470.0;3046.0;5371.0;9245.0;15321.0;2339.0;3277.0;10.0;-2.0;6.0;-4.0;ISOPROPANOL
3827.0;6701.0;11406.0;18020.0;2716.0;3472.0;3053.0;5373.0;9256.0;15323.0;2368.0;3265.0;16.0;-2.0;7.0;-4.0;ISOPROPANOL
3928.0;6876.0;11712.0;18301.0;2748.0;3506.0;3143.0;5520.0;9492.0;15736.0;2399.0;3321.0;10.0;-2.0;9.0;-4.0;ISOPROPANOL
3941.0;6875.0;11703.0;18390.0;2792.0;3546.0;3151.0;5523.0;9648.0;15878.0;2439.0;3365.0;10.0;-2.0;7.0;-3.0;ISOPROPANOL
4018.0;7002.0;11876.0;18506.0;2803.0;3558.0;3185.0;5592.0;9672.0;15935.0;2433.0;3363.0;14.0;-2.0;12.0;-3.0;ISOPROPANOL
3969.0;6881.0;11660.0;18154.0;2714.0;3448.0;3041.0;5303.0;9127.0;15111.0;2327.0;3210.0;12.0;-2.0;12.0;-4.0;ISOPROPANOL
3856.0;6699.0;11364.0;17885.0;2679.0;3418.0;3012.0;5298.0;9175.0;15082.0;2339.0;3256.0;15.0;2.0;16.0;-4.0;ISOPROPANOL
3858.0;6742.0;11451.0;18091.0;2723.0;3504.0;3117.0;5477.0;9574.0;15831.0;2429.0;3349.0;12.0;2.0;13.0;-5.0;ISOPROPANOL
3994.0;6992.0;11835.0;18412.0;2777.0;3537.0;3165.0;5566.0;9623.0;15834.0;2433.0;3362.0;12.0;0.0;13.0;-5.0;ISOPROPANOL
4014.0;6975.0;11773.0;18331.0;2750.0;3500.0;3077.0;5429.0;9360.0;15471.0;2371.0;3274.0;1.0;0.0;5.0;-8.0;ISOPROPANOL
3872.0;6754.0;11483.0;18104.0;2737.0;3527.0;3155.0;5607.0;9750.0;16138.0;2466.0;3406.0;1.0;-2.0;5.0;-8.0;ISOPROPANOL
4077.0;7086.0;11969.0;18508.0;2790.0;3516.0;3146.0;5514.0;9544.0;15777.0;2418.0;3379.0;3.0;-3.0;3.0;-6.0;ISOPROPANOL
4037.0;7019.0;11869.0;18503.0;2794.0;3544.0;3211.0;5682.0;9853.0;16353.0;2515.0;3494.0;3.0;-3.0;5.0;-8.0;ISOPROPANOL
4277.0;7533.0;13001.0;19695.0;3110.0;3949.0;3680.0;6484.0;11209.0;18472.0;2820.0;3846.0;3.0;-5.0;2.0;-8.0;ISOPROPANOL
4668.0;8095.0;13616.0;19970.0;3109.0;3843.0;3497.0;6121.0;10513.0;17204.0;2622.0;3583.0;5.0;-5.0;5.0;-8.0;ISOPROPANOL
4233.0;7310.0;12313.0;18772.0;2824.0;3585.0;3145.0;5527.0;9499.0;15691.0;2397.0;3309.0;4.0;-5.0;5.0;-6.0;ISOPROPANOL
3926.0;6828.0;11577.0;18123.0;2723.0;3456.0;3062.0;5424.0;9289.0;15363.0;2355.0;3241.0;10.0;-2.0;5.0;-6.0;ISOPROPANOL
3841.0;6685.0;11330.0;17884.0;2675.0;3420.0;3019.0;5313.0;9167.0;15152.0;2337.0;3268.0;4.0;-6.0;2.0;-6.0;ISOPROPANOL
3801.0;6724.0;11486.0;18006.0;2711.0;3509.0;3132.0;5534.0;9588.0;15845.0;2447.0;3381.0;5.0;-5.0;2.0;-5.0;ISOPROPANOL
4044.0;7001.0;11838.0;18394.0;2767.0;3533.0;3111.0;5487.0;9530.0;15691.0;2406.0;3336.0;4.0;-5.0;0.0;-5.0;ISOPROPANOL
3936.0;6829.0;11563.0;18104.0;2712.0;3446.0;3029.0;5319.0;9205.0;15171.0;2327.0;3225.0;4.0;-3.0;0.0;-5.0;ISOPROPANOL
3821.0;6670.0;11248.0;17754.0;2658.0;3390.0;2966.0;5213.0;8935.0;14808.0;2272.0;3158.0;8.0;-5.0;1.0;-6.0;ISOPROPANOL
3788.0;6581.0;11121.0;17592.0;2614.0;3342.0;2953.0;5198.0;8943.0;14674.0;2269.0;3158.0;4.0;-3.0;1.0;-2.0;ISOPROPANOL
3766.0;6574.0;11125.0;17622.0;2640.0;3383.0;2971.0;5218.0;9055.0;15000.0;2304.0;3216.0;8.0;-3.0;8.0;-2.0;ISOPROPANOL
3821.0;6673.0;11342.0;17897.0;2680.0;3444.0;3091.0;5422.0;9395.0;15454.0;2371.0;3296.0;4.0;-3.0;4.0;-6.0;ISOPROPANOL
3956.0;6918.0;11673.0;18289.0;2738.0;3504.0;3155.0;5548.0;9520.0;15640.0;2403.0;3306.0;5.0;-3.0;5.0;-7.0;ISOPROPANOL
3941.0;6855.0;11535.0;18176.0;2737.0;3496.0;3143.0;5522.0;9523.0;15710.0;2421.0;3319.0;4.0;-3.0;1.0;-7.0;ISOPROPANOL
4069.0;7126.0;12129.0;18811.0;2873.0;3656.0;3303.0;5789.0;10005.0;16529.0;2525.0;3445.0;5.0;-5.0;1.0;-7.0;ISOPROPANOL
4130.0;7263.0;12370.0;19065.0;2932.0;3712.0;3356.0;5893.0;10213.0;16818.0;2557.0;3494.0;4.0;1.0;-1.0;-9.0;ISOPROPANOL
4152.0;7236.0;12257.0;18859.0;2881.0;3650.0;3283.0;5754.0;9895.0;16360.0;2517.0;3479.0;-1.0;-1.0;0.0;-8.0;ISOPROPANOL
4172.0;7243.0;12277.0;18826.0;2856.0;3573.0;3152.0;5519.0;9562.0;15805.0;2427.0;3351.0;-1.0;-1.0;0.0;-8.0;ISOPROPANOL
4020.0;7018.0;11891.0;18516.0;2815.0;3587.0;3248.0;5697.0;9814.0;16166.0;2488.0;3444.0;-1.0;-1.0;0.0;-8.0;ISOPROPANOL
4161.0;7188.0;12167.0;18665.0;2818.0;3544.0;3166.0;5514.0;9515.0;15718.0;2400.0;3339.0;-1.0;0.0;-2.0;-9.0;ISOPROPANOL
3970.0;6904.0;11708.0;18307.0;2769.0;3547.0;3149.0;5550.0;9566.0;15876.0;2446.0;3390.0;0.0;0.0;0.0;-11.0;ISOPROPANOL
4068.0;7075.0;11970.0;18494.0;2806.0;3552.0;3191.0;5596.0;9639.0;15972.0;2450.0;3416.0;6.0;4.0;2.0;-11.0;ISOPROPANOL
4046.0;7049.0;11972.0;18581.0;2819.0;3579.0;3188.0;5598.0;9623.0;15820.0;2434.0;3371.0;0.0;3.0;-2.0;-11.0;ISOPROPANOL
4048.0;7049.0;11920.0;18482.0;2810.0;3576.0;3249.0;5703.0;9845.0;16143.0;2475.0;3389.0;11.0;3.0;2.0;-9.0;ISOPROPANOL
4045.0;7006.0;11860.0;18420.0;2782.0;3549.0;3129.0;5508.0;9471.0;15606.0;2414.0;3339.0;0.0;3.0;2.0;-7.0;ISOPROPANOL
4039.0;7030.0;11904.0;18476.0;2804.0;3570.0;3162.0;5526.0;9575.0;15837.0;2431.0;3350.0;2.0;3.0;7.0;-7.0;ISOPROPANOL
4011.0;6942.0;11700.0;18254.0;2754.0;3481.0;3052.0;5388.0;9289.0;15341.0;2367.0;3292.0;2.0;-1.0;4.0;-7.0;ISOPROPANOL
3919.0;6817.0;11568.0;18160.0;2738.0;3516.0;3188.0;5625.0;9713.0;16025.0;2457.0;3404.0;2.0;2.0;4.0;-9.0;ISOPROPANOL
4157.0;7262.0;12408.0;18974.0;2934.0;3775.0;3465.0;6060.0;10555.0;17452.0;2674.0;3680.0;2.0;-1.0;4.0;-7.0;ISOPROPANOL
4418.0;7700.0;13012.0;19468.0;2989.0;3758.0;3404.0;5909.0;10161.0;16645.0;2520.0;3457.0;5.0;-2.0;4.0;-7.0;ISOPROPANOL
4112.0;7120.0;12035.0;18576.0;2795.0;3555.0;3194.0;5585.0;9554.0;15750.0;2416.0;3367.0;12.0;-2.0;9.0;-6.0;ISOPROPANOL
4035.0;6993.0;11800.0;18473.0;2793.0;3576.0;3228.0;5636.0;9717.0;16014.0;2458.0;3385.0;11.0;-3.0;7.0;-4.0;ISOPROPANOL
4062.0;7060.0;11949.0;18556.0;2830.0;3600.0;3234.0;5663.0;9679.0;16118.0;2470.0;3400.0;9.0;-3.0;8.0;-2.0;ISOPROPANOL
4089.0;7073.0;11939.0;18520.0;2800.0;3545.0;3203.0;5611.0;9633.0;15892.0;2425.0;3346.0;13.0;1.0;7.0;-2.0;ISOPROPANOL
4052.0;6990.0;11795.0;18409.0;2773.0;3513.0;3184.0;5558.0;9601.0;15848.0;2441.0;3360.0;9.0;1.0;13.0;0.0;ISOPROPANOL
4016.0;6977.0;11890.0;18509.0;2808.0;3595.0;3210.0;5634.0;9699.0;16029.0;2459.0;3360.0;9.0;-2.0;7.0;0.0;ISOPROPANOL
4033.0;7008.0;11898.0;18429.0;2776.0;3547.0;3199.0;5612.0;9630.0;15904.0;2425.0;3363.0;9.0;-2.0;3.0;0.0;ISOPROPANOL
4026.0;6965.0;11809.0;18435.0;2799.0;3585.0;3202.0;5631.0;9752.0;16060.0;2473.0;3454.0;9.0;-3.0;3.0;-1.0;ISOPROPANOL
4195.0;7264.0;12265.0;18823.0;2868.0;3623.0;3237.0;5681.0;9778.0;16117.0;2471.0;3400.0;0.0;-3.0;3.0;-6.0;ISOPROPANOL
4104.0;7082.0;11946.0;18501.0;2809.0;3570.0;3193.0;5601.0;9648.0;15871.0;2448.0;3363.0;0.0;-2.0;3.0;-6.0;ISOPROPANOL
4060.0;7090.0;12053.0;18735.0;2866.0;3675.0;3342.0;5864.0;10104.0;16733.0;2571.0;3547.0;8.0;-2.0;7.0;-5.0;ISOPROPANOL
4279.0;7400.0;12521.0;18995.0;2902.0;3671.0;3311.0;5763.0;9927.0;16309.0;2495.0;3442.0;14.0;-1.0;7.0;-5.0;ISOPROPANOL
4150.0;7160.0;12081.0;18631.0;2836.0;3607.0;3288.0;5778.0;9877.0;16286.0;2495.0;3453.0;8.0;0.0;8.0;-9.0;ISOPROPANOL
4203.0;7299.0;12412.0;19012.0;2909.0;3726.0;3370.0;5927.0;10217.0;16882.0;2591.0;3599.0;4.0;0.0;7.0;-5.0;ISOPROPANOL
4344.0;7516.0;12748.0;19295.0;2962.0;3738.0;3399.0;5918.0;10159.0;16685.0;2545.0;3485.0;4.0;0.0;6.0;-9.0;ISOPROPANOL
4248.0;7403.0;12498.0;19124.0;2962.0;3781.0;3494.0;6123.0;10549.0;17333.0;2644.0;3649.0;4.0;-1.0;4.0;-10.0;ISOPROPANOL
4425.0;7662.0;12910.0;19462.0;3020.0;3815.0;3516.0;6140.0;10552.0;17327.0;2652.0;3655.0;5.0;-2.0;6.0;-9.0;ISOPROPANOL
4453.0;7697.0;13045.0;19625.0;3069.0;3905.0;3610.0;6284.0;10813.0;17774.0;2712.0;3735.0;8.0;-3.0;6.0;-9.0;ISOPROPANOL
4567.0;7942.0;13414.0;19853.0;3117.0;3881.0;3583.0;6240.0;10728.0;17494.0;2666.0;3627.0;8.0;-2.0;5.0;-9.0;ISOPROPANOL
4362.0;7582.0;12750.0;19272.0;2962.0;3712.0;3364.0;5875.0;10056.0;16561.0;2529.0;3479.0;8.0;-3.0;5.0;-7.0;ISOPROPANOL
4183.0;7240.0;12223.0;18772.0;2873.0;3656.0;3309.0;5781.0;9943.0;16421.0;2519.0;3454.0;10.0;-3.0;5.0;-5.0;ISOPROPANOL
4210.0;7311.0;12348.0;18890.0;2874.0;3685.0;3344.0;5835.0;10040.0;16391.0;2541.0;3498.0;8.0;-3.0;12.0;-5.0;ISOPROPANOL
4224.0;7325.0;12339.0;18889.0;2892.0;3671.0;3311.0;5767.0;9921.0;16360.0;2522.0;3481.0;15.0;-3.0;14.0;-5.0;ISOPROPANOL
4227.0;7317.0;12389.0;19007.0;2905.0;3701.0;3381.0;5958.0;10232.0;16806.0;2573.0;3565.0;12.0;-4.0;12.0;-5.0;ISOPROPANOL
4327.0;7454.0;12627.0;19151.0;2958.0;3752.0;3426.0;5983.0;10230.0;16812.0;2571.0;3533.0;13.0;-4.0;7.0;-5.0;ISOPROPANOL
4286.0;7405.0;12572.0;19125.0;2935.0;3734.0;3424.0;5986.0;10241.0;16803.0;2575.0;3520.0;7.0;-4.0;7.0;-6.0;ISOPROPANOL
4252.0;7380.0;12442.0;19021.0;2916.0;3702.0;3360.0;5872.0;10077.0;16476.0;2539.0;3539.0;6.0;-3.0;1.0;-6.0;ISOPROPANOL
4305.0;7443.0;12503.0;19112.0;2915.0;3667.0;3379.0;5878.0;10150.0;16702.0;2556.0;3513.0;7.0;-2.0;-2.0;-7.0;ISOPROPANOL
4235.0;7359.0;12466.0;19000.0;2904.0;3683.0;3358.0;5883.0;10121.0;16592.0;2532.0;3503.0;6.0;1.0;1.0;-7.0;ISOPROPANOL
4239.0;7356.0;12431.0;18967.0;2896.0;3660.0;3336.0;5822.0;9980.0;16471.0;2519.0;3427.0;8.0;1.0;-1.0;-6.0;ISOPROPANOL
4166.0;7224.0;12176.0;18745.0;2872.0;3683.0;3351.0;5864.0;10065.0;16602.0;2546.0;3503.0;11.0;-2.0;-1.0;-4.0;ISOPROPANOL
4304.0;7519.0;12672.0;19247.0;2960.0;3748.0;3410.0;5962.0;10218.0;16838.0;2574.0;3580.0;6.0;-4.0;1.0;-6.0;ISOPROPANOL
4310.0;7486.0;12594.0;19185.0;2941.0;3727.0;3365.0;5903.0;10143.0;16633.0;2557.0;3516.0;6.0;-4.0;5.0;-6.0;ISOPROPANOL
4266.0;7392.0;12401.0;18967.0;2897.0;3689.0;3402.0;5934.0;10148.0;16678.0;2548.0;3521.0;4.0;-4.0;4.0;-8.0;ISOPROPANOL
4275.0;7475.0;12749.0;19329.0;3024.0;3857.0;3588.0;6321.0;10902.0;18033.0;2764.0;3762.0;6.0;-4.0;6.0;-8.0;ISOPROPANOL
4550.0;7852.0;13194.0;19678.0;3070.0;3887.0;3625.0;6323.0;10874.0;17820.0;2721.0;3729.0;4.0;-1.0;4.0;-8.0;ISOPROPANOL
4486.0;7779.0;13115.0;19598.0;3057.0;3840.0;3512.0;6139.0;10510.0;17320.0;2646.0;3637.0;9.0;-1.0;5.0;-10.0;ISOPROPANOL
4347.0;7599.0;12933.0;19455.0;3020.0;3825.0;3523.0;6184.0;10628.0;17313.0;2644.0;3639.0;5.0;-1.0;5.0;-8.0;ISOPROPANOL
4433.0;7663.0;12931.0;19523.0;3056.0;3893.0;3657.0;6366.0;10969.0;17963.0;2747.0;3754.0;5.0;-4.0;5.0;-6.0;ISOPROPANOL
4591.0;7977.0;13471.0;19923.0;3136.0;3939.0;3674.0;6412.0;10937.0;18052.0;2738.0;3768.0;6.0;-5.0;-1.0;-8.0;ISOPROPANOL
4604.0;7941.0;13391.0;19763.0;3063.0;3857.0;3538.0;6179.0;10601.0;17387.0;2667.0;3688.0;2.0;-5.0;-1.0;-8.0;ISOPROPANOL
4473.0;7838.0;13249.0;19797.0;3113.0;3905.0;3631.0;6334.0;10922.0;17857.0;2698.0;3713.0;2.0;0.0;-1.0;-7.0;ISOPROPANOL
4496.0;7748.0;13085.0;19582.0;3036.0;3812.0;3549.0;6197.0;10634.0;17478.0;2650.0;3636.0;2.0;0.0;6.0;-7.0;ISOPROPANOL
4428.0;7656.0;12864.0;19372.0;2987.0;3806.0;3485.0;6092.0;10453.0;17251.0;2631.0;3586.0;3.0;0.0;7.0;-8.0;ISOPROPANOL
4415.0;7632.0;12954.0;19465.0;3017.0;3808.0;3500.0;6084.0;10430.0;17165.0;2630.0;3637.0;3.0;0.0;6.0;-7.0;ISOPROPANOL
4397.0;7611.0;12837.0;19410.0;3003.0;3789.0;3460.0;6014.0;10401.0;17053.0;2621.0;3617.0;3.0;0.0;5.0;-6.0;ISOPROPANOL
4455.0;7706.0;12957.0;19445.0;3009.0;3796.0;3502.0;6129.0;10515.0;17213.0;2640.0;3590.0;2.0;0.0;6.0;-6.0;ISOPROPANOL
4407.0;7593.0;12848.0;19393.0;2996.0;3798.0;3522.0;6110.0;10441.0;17111.0;2596.0;3574.0;0.0;0.0;7.0;-8.0;ISOPROPANOL
4338.0;7483.0;12643.0;19250.0;2963.0;3760.0;3451.0;6029.0;10327.0;16931.0;2591.0;3535.0;0.0;0.0;6.0;-8.0;ISOPROPANOL
4326.0;7365.0;12582.0;19237.0;2976.0;3809.0;3483.0;6105.0;10575.0;17400.0;2638.0;3615.0;0.0;0.0;0.0;-8.0;ISOPROPANOL
4487.0;7773.0;13139.0;19657.0;3068.0;3882.0;3562.0;6240.0;10690.0;17616.0;2677.0;3663.0;5.0;0.0;-1.0;-8.0;ISOPROPANOL
4502.0;7789.0;13117.0;19629.0;3076.0;3912.0;3637.0;6376.0;10967.0;18061.0;2757.0;3762.0;8.0;-2.0;-1.0;-7.0;ISOPROPANOL
4639.0;8000.0;13490.0;19869.0;3130.0;3927.0;3648.0;6364.0;10888.0;17859.0;2729.0;3757.0;12.0;-4.0;0.0;-7.0;ISOPROPANOL
4543.0;7875.0;13297.0;19756.0;3091.0;3936.0;3589.0;6266.0;10837.0;17806.0;2723.0;3721.0;10.0;-2.0;1.0;-7.0;ISOPROPANOL
4596.0;7926.0;13339.0;19772.0;3085.0;3942.0;3631.0;6369.0;10908.0;18020.0;2728.0;3730.0;9.0;-2.0;1.0;-7.0;ISOPROPANOL
4540.0;7919.0;13349.0;19854.0;3123.0;3970.0;3703.0;6505.0;11208.0;18487.0;2827.0;3891.0;9.0;-2.0;1.0;-7.0;ISOPROPANOL
4803.0;8338.0;13984.0;20283.0;3227.0;4067.0;3853.0;6712.0;11581.0;19024.0;2902.0;3939.0;4.0;0.0;1.0;-7.0;ISOPROPANOL
4930.0;8594.0;14622.0;20867.0;3422.0;4286.0;4108.0;7160.0;12218.0;20014.0;3033.0;4129.0;1.0;0.0;1.0;-9.0;ISOPROPANOL
5039.0;8694.0;14538.0;20619.0;3295.0;4124.0;3805.0;6644.0;11371.0;18483.0;2805.0;3827.0;1.0;-1.0;2.0;-9.0;ISOPROPANOL
4619.0;8001.0;13547.0;20084.0;3172.0;4013.0;3727.0;6507.0;11123.0;18235.0;2769.0;3800.0;1.0;-6.0;2.0;-4.0;ISOPROPANOL
4605.0;7967.0;13433.0;19882.0;3165.0;4012.0;3787.0;6613.0;11370.0;18654.0;2843.0;3897.0;1.0;-1.0;3.0;-4.0;ISOPROPANOL
4866.0;8431.0;14263.0;20497.0;3300.0;4133.0;3909.0;6770.0;11682.0;19066.0;2892.0;3941.0;6.0;-1.0;5.0;-7.0;ISOPROPANOL
4769.0;8270.0;13950.0;20230.0;3212.0;4052.0;3737.0;6500.0;11140.0;18231.0;2775.0;3811.0;6.0;-1.0;6.0;-7.0;ISOPROPANOL
4623.0;8013.0;13493.0;19929.0;3142.0;3970.0;3731.0;6494.0;11105.0;18185.0;2766.0;3801.0;6.0;0.0;6.0;-7.0;ISOPROPANOL
4654.0;8032.0;13524.0;19944.0;3128.0;3953.0;3684.0;6406.0;11020.0;18026.0;2746.0;3773.0;5.0;0.0;6.0;-7.0;ISOPROPANOL
4646.0;8007.0;13476.0;19845.0;3111.0;3933.0;3586.0;6410.0;10991.0;18047.0;2738.0;3780.0;9.0;-2.0;1.0;-7.0;ISOPROPANOL
4665.0;8044.0;13524.0;19883.0;3116.0;3914.0;3637.0;6342.0;10878.0;17822.0;2728.0;3724.0;7.0;-2.0;1.0;-7.0;ISOPROPANOL
4580.0;7915.0;13347.0;19872.0;3114.0;3933.0;3653.0;6369.0;10941.0;18014.0;2745.0;3783.0;8.0;-1.0;7.0;-7.0;ISOPROPANOL
4669.0;8062.0;13761.0;20153.0;3232.0;4090.0;3914.0;6797.0;11705.0;19082.0;2904.0;3943.0;7.0;-1.0;8.0;-7.0;ISOPROPANOL
4829.0;8351.0;14053.0;20306.0;3232.0;4073.0;3803.0;6577.0;11295.0;18500.0;2817.0;3856.0;11.0;-1.0;7.0;-7.0;ISOPROPANOL
4695.0;8102.0;13580.0;20003.0;3136.0;3958.0;3695.0;6399.0;10934.0;17928.0;2733.0;3765.0;7.0;-1.0;11.0;-8.0;ISOPROPANOL
4564.0;7888.0;13257.0;19707.0;3077.0;3899.0;3663.0;6370.0;10914.0;17808.0;2706.0;3666.0;4.0;-1.0;9.0;-8.0;ISOPROPANOL
4527.0;7823.0;13255.0;19703.0;3070.0;3898.0;3629.0;6323.0;10855.0;17837.0;2707.0;3709.0;4.0;-2.0;9.0;-5.0;ISOPROPANOL
4524.0;7829.0;13188.0;19637.0;3064.0;3884.0;3557.0;6212.0;10665.0;17500.0;2676.0;3673.0;6.0;-2.0;9.0;-5.0;ISOPROPANOL
4512.0;7777.0;13098.0;19550.0;3038.0;3861.0;3534.0;6177.0;10581.0;17473.0;2672.0;3699.0;3.0;-2.0;2.0;-4.0;ISOPROPANOL
4553.0;7871.0;13267.0;19765.0;3111.0;3964.0;3732.0;6543.0;11239.0;18389.0;2799.0;3812.0;3.0;-3.0;2.0;-4.0;ISOPROPANOL
4658.0;8085.0;13613.0;20058.0;3201.0;4061.0;3851.0;6723.0;11505.0;18788.0;2855.0;3907.0;-1.0;-3.0;2.0;-5.0;ISOPROPANOL
4765.0;8218.0;13786.0;20134.0;3187.0;4039.0;3765.0;6526.0;11239.0;18437.0;2816.0;3860.0;-1.0;-4.0;2.0;-7.0;ISOPROPANOL
4736.0;8196.0;13765.0;20133.0;3184.0;4021.0;3693.0;6472.0;11124.0;18234.0;2785.0;3808.0;-1.0;-4.0;2.0;-10.0;ISOPROPANOL
4653.0;7980.0;13503.0;19889.0;3114.0;3964.0;3645.0;6366.0;10991.0;18093.0;2751.0;3773.0;3.0;-4.0;7.0;-10.0;ISOPROPANOL
4617.0;7987.0;13541.0;19965.0;3152.0;4019.0;3736.0;6527.0;11229.0;18422.0;2804.0;3856.0;3.0;-3.0;5.0;-10.0;ISOPROPANOL
4719.0;8133.0;13657.0;20004.0;3145.0;3983.0;3649.0;6351.0;10966.0;18035.0;2744.0;3784.0;4.0;1.0;5.0;-10.0;ISOPROPANOL
4606.0;7961.0;13444.0;19881.0;3105.0;3944.0;3684.0;6419.0;11039.0;18220.0;2787.0;3849.0;4.0;1.0;5.0;-8.0;ISOPROPANOL
4738.0;8214.0;13901.0;20256.0;3209.0;4091.0;3813.0;6670.0;11429.0;18736.0;2860.0;3887.0;4.0;0.0;5.0;-5.0;ISOPROPANOL
4768.0;8219.0;13954.0;20313.0;3251.0;4083.0;3849.0;6711.0;11567.0;19052.0;2895.0;3967.0;4.0;0.0;7.0;-5.0;ISOPROPANOL
4921.0;8543.0;14403.0;20643.0;3344.0;4244.0;3970.0;6905.0;11917.0;19641.0;2984.0;4066.0;6.0;0.0;7.0;0.0;ISOPROPANOL
5019.0;8667.0;14561.0;20647.0;3332.0;4160.0;3921.0;6822.0;11575.0;19021.0;2874.0;3930.0;11.0;0.0;10.0;0.0;ISOPROPANOL
4814.0;8275.0;13880.0;20228.0;3201.0;4053.0;3773.0;6567.0;11251.0;18372.0;2800.0;3857.0;6.0;-3.0;8.0;-3.0;ISOPROPANOL
4681.0;8075.0;13581.0;20008.0;3152.0;3971.0;3696.0;6447.0;11034.0;18069.0;2761.0;3787.0;7.0;-3.0;9.0;-6.0;ISOPROPANOL
4654.0;8028.0;13543.0;19885.0;3129.0;3959.0;3657.0;6379.0;10969.0;18092.0;2767.0;3800.0;10.0;-3.0;9.0;-6.0;ISOPROPANOL
4629.0;8081.0;13671.0;20076.0;3164.0;3958.0;3741.0;6508.0;11165.0;18366.0;2782.0;3828.0;6.0;1.0;10.0;-8.0;ISOPROPANOL
4718.0;8114.0;13627.0;19999.0;3148.0;3944.0;3666.0;6354.0;10914.0;17845.0;2739.0;3739.0;3.0;1.0;5.0;-9.0;ISOPROPANOL
4642.0;8053.0;13628.0;20077.0;3196.0;4066.0;3830.0;6730.0;11545.0;18891.0;2867.0;3929.0;3.0;1.0;5.0;-8.0;ISOPROPANOL
4825.0;8342.0;14006.0;20272.0;3224.0;4054.0;3809.0;6618.0;11286.0;18537.0;2812.0;3856.0;3.0;-1.0;5.0;-9.0;ISOPROPANOL
4728.0;8142.0;13670.0;20065.0;3175.0;4019.0;3770.0;6576.0;11281.0;18472.0;2826.0;3844.0;5.0;-1.0;5.0;-9.0;ISOPROPANOL
4749.0;8207.0;13898.0;20261.0;3219.0;4051.0;3822.0;6698.0;11479.0;18801.0;2871.0;3920.0;6.0;-2.0;5.0;-6.0;ISOPROPANOL
4822.0;8312.0;13975.0;20242.0;3204.0;4041.0;3780.0;6588.0;11282.0;18576.0;2826.0;3872.0;5.0;-2.0;7.0;-6.0;ISOPROPANOL
4783.0;8289.0;13952.0;20392.0;3289.0;4129.0;3926.0;6872.0;11872.0;19317.0;2938.0;4009.0;5.0;-2.0;4.0;-7.0;ISOPROPANOL
4936.0;8548.0;14349.0;20551.0;3313.0;4165.0;3948.0;6844.0;11682.0;19182.0;2904.0;3975.0;6.0;-2.0;5.0;-6.0;ISOPROPANOL
4889.0;8436.0;14219.0;20479.0;3312.0;4173.0;3977.0;6921.0;11877.0;19481.0;2947.0;4028.0;6.0;-2.0;5.0;-7.0;ISOPROPANOL
5019.0;8623.0;14533.0;20664.0;3374.0;4200.0;3933.0;6841.0;11708.0;19216.0;2926.0;3996.0;13.0;-2.0;5.0;-7.0;ISOPROPANOL
4939.0;8475.0;14184.0;20405.0;3268.0;4096.0;3830.0;6665.0;11406.0;18683.0;2837.0;3878.0;10.0;2.0;5.0;-7.0;ISOPROPANOL
4779.0;8289.0;14037.0;20395.0;3310.0;4221.0;4072.0;7069.0;12176.0;19839.0;3004.0;4033.0;12.0;-1.0;5.0;-7.0;ISOPROPANOL
5010.0;8579.0;14511.0;20642.0;3335.0;4212.0;4004.0;6983.0;11901.0;19581.0;2970.0;4037.0;11.0;0.0;5.0;-9.0;ISOPROPANOL
5022.0;8696.0;14685.0;20865.0;3404.0;4281.0;4065.0;7081.0;12121.0;19811.0;3025.0;4085.0;10.0;0.0;5.0;-9.0;ISOPROPANOL
5024.0;8716.0;14643.0;20775.0;3384.0;4267.0;4075.0;7084.0;12128.0;19853.0;3002.0;4105.0;2.0;3.0;4.0;-9.0;ISOPROPANOL
5056.0;8710.0;14698.0;20779.0;3389.0;4234.0;3972.0;6907.0;11912.0;19425.0;2962.0;4012.0;1.0;5.0;5.0;-9.0;ISOPROPANOL
4922.0;8471.0;14191.0;20429.0;3281.0;4104.0;3857.0;6576.0;11436.0;18699.0;2845.0;3890.0;1.0;3.0;4.0;-9.0;ISOPROPANOL
4792.0;8272.0;13959.0;20262.0;3240.0;4103.0;3864.0;6699.0;11469.0;18845.0;2872.0;3914.0;1.0;3.0;5.0;-8.0;ISOPROPANOL
4864.0;8346.0;14072.0;20309.0;3230.0;4091.0;3823.0;6649.0;11439.0;18793.0;2867.0;3902.0;6.0;3.0;7.0;-6.0;ISOPROPANOL
4801.0;8271.0;13913.0;20257.0;3232.0;4090.0;3836.0;6669.0;11446.0;18788.0;2865.0;3907.0;6.0;2.0;7.0;-6.0;ISOPROPANOL
4827.0;8298.0;13908.0;20215.0;3209.0;4025.0;3825.0;6665.0;11402.0;18668.0;2838.0;3862.0;7.0;-1.0;7.0;-8.0;ISOPROPANOL
4800.0;8298.0;14002.0;20249.0;3255.0;4144.0;3926.0;6814.0;11663.0;19056.0;2906.0;3959.0;11.0;2.0;13.0;-7.0;ISOPROPANOL
4867.0;8380.0;14072.0;20390.0;3277.0;4144.0;3938.0;6816.0;11724.0;19183.0;2920.0;4024.0;11.0;3.0;6.0;-7.0;ISOPROPANOL
4941.0;8540.0;14323.0;20541.0;3298.0;4131.0;3907.0;6817.0;11522.0;18736.0;2873.0;3924.0;13.0;4.0;12.0;-8.0;ISOPROPANOL
4854.0;8327.0;13959.0;20242.0;3210.0;4038.0;3768.0;6572.0;11264.0;18376.0;2811.0;3833.0;14.0;4.0;6.0;-7.0;ISOPROPANOL
4756.0;8204.0;13772.0;20183.0;3195.0;4047.0;3851.0;6685.0;11412.0;18629.0;2833.0;3871.0;10.0;-1.0;4.0;-7.0;ISOPROPANOL
4844.0;8378.0;14091.0;20387.0;3253.0;4104.0;3884.0;6742.0;11504.0;18891.0;2872.0;3934.0;10.0;-2.0;11.0;-7.0;ISOPROPANOL
4887.0;8402.0;14076.0;20303.0;3236.0;4090.0;3827.0;6676.0;11316.0;18612.0;2835.0;3880.0;8.0;-3.0;4.0;-8.0;ISOPROPANOL
4812.0;8296.0;13907.0;20225.0;3204.0;4039.0;3788.0;6571.0;11226.0;18348.0;2808.0;3835.0;14.0;-4.0;9.0;-8.0;ISOPROPANOL
4747.0;8178.0;13705.0;20017.0;3144.0;3986.0;3716.0;6460.0;11045.0;18147.0;2756.0;3789.0;11.0;-2.0;9.0;-8.0;ISOPROPANOL
4679.0;8071.0;13557.0;19987.0;3170.0;4021.0;3817.0;6664.0;11389.0;18580.0;2830.0;3847.0;11.0;-5.0;13.0;-9.0;ISOPROPANOL
4766.0;8217.0;13828.0;20144.0;3188.0;4019.0;3815.0;6624.0;11241.0;18443.0;2789.0;3814.0;11.0;-5.0;13.0;-9.0;ISOPROPANOL
4732.0;8161.0;13734.0;20141.0;3207.0;4066.0;3854.0;6768.0;11629.0;19012.0;2894.0;3972.0;10.0;-5.0;11.0;-10.0;ISOPROPANOL
4966.0;8566.0;14353.0;20576.0;3343.0;4234.0;4092.0;7120.0;12291.0;20130.0;3068.0;4203.0;10.0;-4.0;11.0;-8.0;ISOPROPANOL
5305.0;9144.0;15423.0;21251.0;3551.0;4441.0;4354.0;7565.0;12930.0;20863.0;3134.0;4243.0;8.0;-4.0;6.0;-8.0;ISOPROPANOL
5201.0;8978.0;15072.0;20990.0;3450.0;4304.0;4082.0;7096.0;12123.0;19823.0;3016.0;4141.0;8.0;1.0;7.0;-7.0;ISOPROPANOL
5160.0;8869.0;14938.0;20905.0;3441.0;4322.0;4098.0;7144.0;12234.0;20023.0;3043.0;4134.0;8.0;4.0;2.0;-8.0;ISOPROPANOL
5153.0;8861.0;14903.0;20903.0;3437.0;4310.0;4133.0;7231.0;12340.0;20189.0;3061.0;4152.0;8.0;2.0;2.0;-7.0;ISOPROPANOL
5146.0;8853.0;14870.0;20902.0;3421.0;4281.0;4124.0;7167.0;12300.0;20062.0;3033.0;4143.0;4.0;4.0;13.0;-7.0;ISOPROPANOL
5195.0;8894.0;14809.0;20774.0;3384.0;4255.0;4056.0;7024.0;11958.0;19447.0;2946.0;4034.0;10.0;2.0;11.0;-8.0;ISOPROPANOL
5060.0;8723.0;14622.0;20654.0;3370.0;4205.0;3991.0;6923.0;11844.0;19427.0;2951.0;4017.0;5.0;0.0;11.0;-8.0;ISOPROPANOL
4973.0;8565.0;14407.0;20643.0;3331.0;4213.0;4007.0;6925.0;11960.0;19590.0;2996.0;4034.0;7.0;-2.0;11.0;-8.0;ISOPROPANOL
5021.0;8638.0;14544.0;20640.0;3326.0;4178.0;3947.0;6881.0;11752.0;19118.0;2915.0;3974.0;12.0;0.0;13.0;-9.0;ISOPROPANOL
4969.0;8581.0;14388.0;20552.0;3300.0;4170.0;3996.0;6899.0;11859.0;19323.0;2932.0;4022.0;13.0;-2.0;13.0;-8.0;ISOPROPANOL
5023.0;8608.0;14392.0;20632.0;3321.0;4175.0;3952.0;6898.0;11784.0;19299.0;2943.0;4046.0;10.0;0.0;13.0;-9.0;ISOPROPANOL
5016.0;8634.0;14584.0;20707.0;3353.0;4199.0;3994.0;6962.0;11857.0;19570.0;2975.0;4064.0;6.0;-2.0;4.0;-11.0;ISOPROPANOL
5056.0;8712.0;14580.0;20647.0;3342.0;4193.0;4014.0;6958.0;11891.0;19604.0;2987.0;4059.0;10.0;-1.0;4.0;-11.0;ISOPROPANOL
5074.0;8756.0;14802.0;20899.0;3437.0;4336.0;4182.0;7190.0;12428.0;20224.0;3074.0;4154.0;5.0;-2.0;4.0;-11.0;ISOPROPANOL
5165.0;8862.0;14953.0;20903.0;3442.0;4319.0;4174.0;7268.0;12462.0;20453.0;3081.0;4221.0;6.0;-2.0;4.0;-11.0;ISOPROPANOL
5291.0;9094.0;15266.0;21157.0;3504.0;4360.0;4171.0;7228.0;12316.0;20174.0;3056.0;4164.0;6.0;-2.0;4.0;-11.0;ISOPROPANOL
5168.0;8866.0;14937.0;20984.0;3499.0;4409.0;4290.0;7482.0;12778.0;20964.0;3180.0;4346.0;6.0;-1.0;7.0;-10.0;ISOPROPANOL
5476.0;9401.0;15669.0;21415.0;3582.0;4489.0;4317.0;7494.0;12775.0;20807.0;3128.0;4299.0;15.0;-2.0;9.0;-10.0;ISOPROPANOL
5348.0;9199.0;15416.0;21160.0;3538.0;4423.0;4276.0;7396.0;12624.0;20647.0;3124.0;4257.0;17.0;-4.0;13.0;-9.0;ISOPROPANOL
5334.0;9146.0;15320.0;21158.0;3499.0;4365.0;4141.0;7189.0;12341.0;20119.0;3054.0;4111.0;17.0;-2.0;10.0;-8.0;ISOPROPANOL
5140.0;8876.0;14903.0;20903.0;3431.0;4345.0;4219.0;7368.0;12569.0;20518.0;3114.0;4250.0;19.0;-2.0;9.0;-8.0;ISOPROPANOL
5322.0;9117.0;15312.0;21158.0;3496.0;4378.0;4213.0;7260.0;12484.0;20337.0;3079.0;4189.0;11.0;-4.0;8.0;-8.0;ISOPROPANOL
5222.0;8978.0;15018.0;20903.0;3423.0;4299.0;4085.0;7108.0;12106.0;19720.0;2990.0;4067.0;9.0;-4.0;9.0;-8.0;ISOPROPANOL
5071.0;8743.0;14716.0;20671.0;3386.0;4264.0;4104.0;7039.0;12111.0;19404.0;2985.0;4082.0;9.0;-3.0;9.0;-8.0;ISOPROPANOL
5054.0;8688.0;14646.0;20777.0;3393.0;4269.0;4118.0;7161.0;12230.0;19990.0;3044.0;4134.0;9.0;-3.0;10.0;-6.0;ISOPROPANOL
5123.0;8833.0;14833.0;20902.0;3425.0;4312.0;4144.0;7239.0;12320.0;20123.0;3051.0;4140.0;13.0;-4.0;13.0;-8.0;ISOPROPANOL
5164.0;8903.0;14927.0;20903.0;3451.0;4363.0;4176.0;7268.0;12429.0;20365.0;3100.0;4210.0;7.0;-3.0;7.0;-8.0;ISOPROPANOL
5242.0;8972.0;15025.0;21026.0;3463.0;4361.0;4246.0;7348.0;12545.0;20560.0;3145.0;4272.0;9.0;-3.0;7.0;-8.0;ISOPROPANOL
5439.0;9391.0;15858.0;21415.0;3661.0;4561.0;4512.0;7806.0;13344.0;21758.0;3283.0;4429.0;6.0;-3.0;11.0;-7.0;ISOPROPANOL
5571.0;9638.0;16179.0;21671.0;3708.0;4596.0;4515.0;7842.0;13300.0;21724.0;3287.0;4441.0;10.0;-4.0;9.0;-8.0;ISOPROPANOL
5588.0;9595.0;16065.0;21413.0;3634.0;4538.0;4378.0;7617.0;13020.0;21149.0;3189.0;4347.0;6.0;-3.0;9.0;-8.0;ISOPROPANOL
5464.0;9362.0;15621.0;21415.0;3576.0;4487.0;4343.0;7499.0;12775.0;20839.0;3157.0;4277.0;16.0;-5.0;9.0;-7.0;ISOPROPANOL
5341.0;9151.0;15339.0;21160.0;3516.0;4409.0;4236.0;7382.0;12550.0;20502.0;3089.0;4206.0;8.0;-3.0;9.0;-7.0;ISOPROPANOL
5212.0;8951.0;14991.0;20903.0;3433.0;4342.0;4173.0;7233.0;12307.0;20106.0;3040.0;4133.0;8.0;-3.0;3.0;-9.0;ISOPROPANOL
5105.0;8749.0;14779.0;20814.0;3404.0;4275.0;4094.0;7117.0;12210.0;20018.0;3037.0;4137.0;8.0;-3.0;3.0;-7.0;ISOPROPANOL
5148.0;8865.0;14933.0;20902.0;3460.0;4336.0;4194.0;7241.0;12477.0;20375.0;3081.0;4181.0;8.0;-4.0;9.0;-7.0;ISOPROPANOL
5215.0;8979.0;15120.0;21033.0;3489.0;4358.0;4208.0;7296.0;12467.0;20403.0;3078.0;4204.0;11.0;1.0;9.0;-7.0;ISOPROPANOL
5228.0;9032.0;15111.0;21034.0;3470.0;4361.0;4213.0;7304.0;12477.0;20497.0;3098.0;4270.0;8.0;-4.0;10.0;-8.0;ISOPROPANOL
5377.0;9281.0;15546.0;21413.0;3567.0;4469.0;4338.0;7531.0;12777.0;20822.0;3141.0;4243.0;17.0;-4.0;13.0;-7.0;ISOPROPANOL
5277.0;9083.0;15178.0;21032.0;3480.0;4303.0;4133.0;7155.0;12258.0;19957.0;3024.0;4145.0;13.0;-1.0;11.0;-8.0;ISOPROPANOL
5162.0;8862.0;14914.0;20904.0;3415.0;4282.0;4112.0;7145.0;12169.0;19948.0;3015.0;4118.0;13.0;-1.0;2.0;-8.0;ISOPROPANOL
5182.0;8896.0;14945.0;20752.0;3425.0;4305.0;4148.0;7219.0;12304.0;20016.0;3036.0;4126.0;6.0;-4.0;2.0;-8.0;ISOPROPANOL
5156.0;8885.0;14935.0;20902.0;3424.0;4287.0;4100.0;7150.0;12194.0;19836.0;3016.0;4097.0;6.0;-4.0;3.0;-10.0;ISOPROPANOL
5084.0;8773.0;14683.0;20801.0;3405.0;4284.0;4130.0;7125.0;12182.0;19962.0;3030.0;4087.0;5.0;-5.0;3.0;-12.0;ISOPROPANOL
5122.0;8790.0;14820.0;20901.0;3466.0;4397.0;4257.0;7421.0;12579.0;20639.0;3127.0;4248.0;8.0;-5.0;6.0;-10.0;ISOPROPANOL
5362.0;9207.0;15523.0;21263.0;3538.0;4452.0;4382.0;7543.0;12902.0;20984.0;3189.0;4320.0;5.0;-4.0;5.0;-12.0;ISOPROPANOL
5464.0;9374.0;15819.0;21416.0;3647.0;4565.0;4499.0;7800.0;13287.0;21651.0;3274.0;4398.0;8.0;-1.0;6.0;-12.0;ISOPROPANOL
5564.0;9545.0;16027.0;21499.0;3659.0;4554.0;4430.0;7696.0;13142.0;21362.0;3226.0;4378.0;14.0;-1.0;16.0;-12.0;ISOPROPANOL
5538.0;9447.0;15734.0;21414.0;3586.0;4449.0;4293.0;7423.0;12662.0;20669.0;3124.0;4272.0;17.0;-1.0;4.0;-12.0;ISOPROPANOL
5310.0;9108.0;15271.0;21159.0;3534.0;4402.0;4295.0;7417.0;12590.0;20492.0;3104.0;4230.0;10.0;-1.0;13.0;-12.0;ISOPROPANOL
5345.0;9185.0;15397.0;21159.0;3523.0;4402.0;4293.0;7377.0;12691.0;20839.0;3159.0;4320.0;10.0;-1.0;4.0;-8.0;ISOPROPANOL
5489.0;9422.0;15739.0;21413.0;3570.0;4465.0;4272.0;7359.0;12563.0;20514.0;3097.0;4193.0;19.0;-1.0;4.0;-8.0;ISOPROPANOL
5269.0;9063.0;15204.0;21111.0;3484.0;4371.0;4243.0;7362.0;12506.0;20373.0;3087.0;4197.0;9.0;-1.0;4.0;-8.0;ISOPROPANOL
5302.0;9082.0;15232.0;21159.0;3482.0;4351.0;4191.0;7262.0;12395.0;19972.0;3046.0;4170.0;11.0;-1.0;0.0;-8.0;ISOPROPANOL
5236.0;9036.0;15140.0;21163.0;3510.0;4390.0;4321.0;7468.0;12755.0;20816.0;3148.0;4271.0;4.0;-1.0;-2.0;-9.0;ISOPROPANOL
5409.0;9220.0;15380.0;21157.0;3519.0;4399.0;4278.0;7411.0;12687.0;20642.0;3109.0;4251.0;6.0;0.0;-2.0;-10.0;ISOPROPANOL
5270.0;9054.0;15166.0;21063.0;3500.0;4374.0;4235.0;7338.0;12493.0;20335.0;3087.0;4180.0;5.0;1.0;-2.0;-10.0;ISOPROPANOL
5236.0;8979.0;15012.0;20926.0;3461.0;4344.0;4244.0;7332.0;12480.0;20302.0;3084.0;4146.0;5.0;1.0;-2.0;-9.0;ISOPROPANOL
5225.0;8937.0;14943.0;20901.0;3428.0;4321.0;4171.0;7220.0;12283.0;20156.0;3062.0;4144.0;6.0;0.0;1.0;-9.0;ISOPROPANOL
5203.0;8936.0;15025.0;20928.0;3436.0;4320.0;4176.0;7240.0;12378.0;20173.0;3048.0;4163.0;6.0;-1.0;2.0;-9.0;ISOPROPANOL
5222.0;8960.0;15024.0;20904.0;3448.0;4324.0;4213.0;7282.0;12404.0;20300.0;3072.0;4137.0;11.0;-1.0;1.0;-9.0;ISOPROPANOL
5188.0;8918.0;15002.0;20904.0;3441.0;4268.0;4141.0;7208.0;12281.0;20026.0;3039.0;4136.0;6.0;-1.0;2.0;-9.0;ISOPROPANOL
5191.0;8909.0;15044.0;20909.0;3457.0;4313.0;4210.0;7299.0;12449.0;20256.0;3063.0;4175.0;8.0;-2.0;2.0;-9.0;ISOPROPANOL
5273.0;9063.0;15174.0;21092.0;3500.0;4373.0;4265.0;7365.0;12628.0;20563.0;3107.0;4224.0;14.0;-2.0;2.0;-8.0;ISOPROPANOL
5302.0;9121.0;15283.0;21160.0;3516.0;4408.0;4234.0;7354.0;12587.0;20522.0;3099.0;4221.0;9.0;-4.0;2.0;-8.0;ISOPROPANOL
5265.0;9052.0;15201.0;21032.0;3488.0;4379.0;4255.0;7344.0;12496.0;20428.0;3098.0;4174.0;10.0;-4.0;3.0;-7.0;ISOPROPANOL
5270.0;9059.0;15245.0;21154.0;3511.0;4420.0;4299.0;7473.0;12845.0;20951.0;3167.0;4323.0;7.0;-4.0;4.0;-8.0;ISOPROPANOL
5472.0;9435.0;15740.0;21413.0;3563.0;4435.0;4280.0;7442.0;12722.0;20857.0;3149.0;4245.0;8.0;-3.0;3.0;-8.0;ISOPROPANOL
5364.0;9228.0;15416.0;21159.0;3524.0;4437.0;4295.0;7420.0;12685.0;20668.0;3131.0;4237.0;8.0;0.0;4.0;-11.0;ISOPROPANOL
5315.0;9119.0;15286.0;21156.0;3505.0;4363.0;4210.0;7289.0;12472.0;20349.0;3064.0;4176.0;9.0;0.0;8.0;-11.0;ISOPROPANOL
5270.0;9080.0;15168.0;21034.0;3489.0;4384.0;4290.0;7429.0;12695.0;20755.0;3153.0;4305.0;16.0;0.0;9.0;-11.0;ISOPROPANOL
5417.0;9295.0;15636.0;21413.0;3565.0;4492.0;4371.0;7534.0;12857.0;20984.0;3159.0;4288.0;9.0;-2.0;8.0;-11.0;ISOPROPANOL
5399.0;9220.0;15429.0;21159.0;3508.0;4401.0;4272.0;7377.0;12532.0;20466.0;3096.0;4210.0;8.0;-1.0;7.0;-11.0;ISOPROPANOL
5325.0;9118.0;15285.0;21086.0;3496.0;4392.0;4252.0;7354.0;12490.0;20400.0;3095.0;4215.0;9.0;-2.0;8.0;-11.0;ISOPROPANOL
5338.0;9270.0;15613.0;21413.0;3607.0;4504.0;4438.0;7694.0;13176.0;21446.0;3236.0;4378.0;12.0;-2.0;4.0;-12.0;ISOPROPANOL
5499.0;9431.0;15779.0;21330.0;3607.0;4493.0;4403.0;7608.0;12950.0;21161.0;3207.0;4313.0;4.0;-2.0;6.0;-12.0;ISOPROPANOL
5439.0;9368.0;15692.0;21414.0;3596.0;4453.0;4407.0;7616.0;12906.0;21068.0;3175.0;4319.0;4.0;-1.0;2.0;-12.0;ISOPROPANOL
5444.0;9308.0;15551.0;21286.0;3553.0;4426.0;4263.0;7469.0;12685.0;20660.0;3126.0;4218.0;-1.0;-2.0;2.0;-12.0;ISOPROPANOL
5303.0;9110.0;15252.0;21156.0;3506.0;4412.0;4251.0;7385.0;12561.0;20441.0;3091.0;4200.0;-1.0;-1.0;2.0;-12.0;ISOPROPANOL
5223.0;8975.0;15098.0;21033.0;3474.0;4343.0;4172.0;7273.0;12391.0;20201.0;3069.0;4188.0;-1.0;2.0;1.0;-10.0;ISOPROPANOL
5262.0;8992.0;15096.0;21032.0;3482.0;4358.0;4209.0;7291.0;12498.0;20373.0;3104.0;4217.0;-1.0;-1.0;1.0;-10.0;ISOPROPANOL
5298.0;9100.0;15261.0;21158.0;3507.0;4390.0;4259.0;7377.0;12547.0;20479.0;3091.0;4194.0;-1.0;-2.0;1.0;-10.0;ISOPROPANOL
5312.0;9152.0;15259.0;21156.0;3494.0;4354.0;4254.0;7365.0;12557.0;20473.0;3111.0;4186.0;0.0;0.0;1.0;-10.0;ISOPROPANOL
5288.0;9080.0;15270.0;21079.0;3526.0;4419.0;4313.0;7469.0;12748.0;20793.0;3146.0;4258.0;0.0;-4.0;2.0;-10.0;ISOPROPANOL
5372.0;9209.0;15410.0;21158.0;3549.0;4434.0;4280.0;7404.0;12686.0;20656.0;3131.0;4212.0;6.0;-4.0;4.0;-8.0;ISOPROPANOL
5298.0;9077.0;15208.0;21161.0;3495.0;4402.0;4274.0;7378.0;12543.0;20429.0;3101.0;4202.0;6.0;-2.0;4.0;-8.0;ISOPROPANOL
5407.0;9245.0;15421.0;21156.0;3515.0;4427.0;4330.0;7474.0;12719.0;20740.0;3148.0;4248.0;6.0;-2.0;5.0;-8.0;ISOPROPANOL
5392.0;9233.0;15447.0;21161.0;3547.0;4424.0;4282.0;7423.0;12680.0;20701.0;3122.0;4241.0;9.0;-2.0;5.0;-8.0;ISOPROPANOL
5370.0;9208.0;15387.0;21158.0;3523.0;4416.0;4306.0;7431.0;12717.0;20778.0;3138.0;4256.0;8.0;-2.0;10.0;-8.0;ISOPROPANOL
5407.0;9322.0;15645.0;21416.0;3678.0;4660.0;4681.0;8107.0;13826.0;22561.0;3395.0;4625.0;9.0;-2.0;10.0;-7.0;ISOPROPANOL
5840.0;10028.0;16824.0;21927.0;3802.0;4715.0;4616.0;7963.0;13538.0;22137.0;3345.0;4506.0;9.0;0.0;12.0;-7.0;ISOPROPANOL
5732.0;9805.0;16345.0;21668.0;3692.0;4587.0;4514.0;7800.0;13218.0;21501.0;3243.0;4380.0;9.0;0.0;12.0;-9.0;ISOPROPANOL
5562.0;9509.0;15853.0;21415.0;3619.0;4528.0;4403.0;7662.0;12958.0;21279.0;3207.0;4347.0;10.0;0.0;12.0;-9.0;ISOPROPANOL
5485.0;9372.0;15685.0;21371.0;3584.0;4533.0;4481.0;7726.0;13100.0;21295.0;3203.0;4339.0;13.0;-1.0;15.0;-10.0;ISOPROPANOL
5540.0;9500.0;15851.0;21413.0;3621.0;4546.0;4419.0;7655.0;13040.0;21173.0;3213.0;4346.0;10.0;0.0;12.0;-12.0;ISOPROPANOL
5468.0;9380.0;15808.0;21414.0;3613.0;4519.0;4432.0;7567.0;13135.0;21404.0;3219.0;4365.0;8.0;-1.0;6.0;-10.0;ISOPROPANOL
5471.0;9412.0;15815.0;21414.0;3645.0;4564.0;4524.0;7774.0;13123.0;21426.0;3222.0;4392.0;-1.0;-1.0;5.0;-9.0;ISOPROPANOL
5578.0;9552.0;16033.0;21417.0;3652.0;4550.0;4451.0;7706.0;12989.0;21333.0;3234.0;4403.0;-1.0;-1.0;6.0;-9.0;ISOPROPANOL
5575.0;9525.0;15882.0;21415.0;3615.0;4508.0;4400.0;7605.0;12910.0;21087.0;3190.0;4313.0;1.0;-1.0;5.0;-9.0;ISOPROPANOL
5445.0;9296.0;15496.0;21235.0;3567.0;4471.0;4321.0;7531.0;12814.0;20911.0;3169.0;4268.0;7.0;-5.0;6.0;-9.0;ISOPROPANOL
5317.0;9128.0;15304.0;21160.0;3530.0;4420.0;4289.0;7417.0;12642.0;20667.0;3121.0;4225.0;3.0;-5.0;15.0;-9.0;ISOPROPANOL
5388.0;9211.0;15497.0;21239.0;3572.0;4470.0;4475.0;7723.0;13094.0;21290.0;3230.0;4359.0;10.0;-4.0;10.0;-9.0;ISOPROPANOL
5522.0;9495.0;15844.0;21413.0;3629.0;4535.0;4469.0;7722.0;13132.0;21336.0;3228.0;4383.0;7.0;-4.0;10.0;-9.0;ISOPROPANOL
5553.0;9473.0;15827.0;21416.0;3629.0;4542.0;4446.0;7707.0;13108.0;21327.0;3224.0;4364.0;9.0;-4.0;10.0;-9.0;ISOPROPANOL
5477.0;9407.0;15805.0;21413.0;3607.0;4563.0;4425.0;7665.0;13086.0;21330.0;3223.0;4355.0;4.0;-4.0;10.0;-8.0;ISOPROPANOL
5538.0;9484.0;15910.0;21414.0;3640.0;4536.0;4449.0;7715.0;13146.0;21389.0;3244.0;4403.0;6.0;-4.0;2.0;-8.0;ISOPROPANOL
5578.0;9543.0;16035.0;21444.0;3652.0;4593.0;4547.0;7861.0;13379.0;21539.0;3279.0;4427.0;4.0;-4.0;2.0;-8.0;ISOPROPANOL
5585.0;9557.0;15977.0;21414.0;3652.0;4549.0;4457.0;7706.0;13144.0;21421.0;3239.0;4405.0;4.0;-4.0;5.0;-10.0;ISOPROPANOL
5498.0;9457.0;15857.0;21411.0;3605.0;4519.0;4380.0;7597.0;12886.0;20957.0;3178.0;4336.0;4.0;-4.0;2.0;-11.0;ISOPROPANOL
5434.0;9340.0;15724.0;21417.0;3597.0;4533.0;4447.0;7657.0;13043.0;21119.0;3210.0;4324.0;5.0;-5.0;5.0;-11.0;ISOPROPANOL
5484.0;9442.0;15856.0;21415.0;3639.0;4565.0;4502.0;7795.0;13276.0;21623.0;3258.0;4411.0;5.0;-5.0;7.0;-11.0;ISOPROPANOL
5560.0;9551.0;15957.0;21414.0;3642.0;4558.0;4455.0;7697.0;13057.0;21338.0;3232.0;4403.0;9.0;-5.0;10.0;-11.0;ISOPROPANOL
5576.0;9547.0;15957.0;21410.0;3639.0;4562.0;4415.0;7660.0;13083.0;21354.0;3233.0;4392.0;9.0;-5.0;7.0;-8.0;ISOPROPANOL
5569.0;9580.0;16064.0;21471.0;3661.0;4580.0;4543.0;7844.0;13318.0;21688.0;3277.0;4466.0;15.0;-5.0;14.0;-8.0;ISOPROPANOL
5641.0;9691.0;16203.0;21670.0;3704.0;4632.0;4563.0;7898.0;13530.0;22048.0;3333.0;4540.0;17.0;-5.0;5.0;-8.0;ISOPROPANOL
5803.0;9986.0;16746.0;21925.0;3826.0;4762.0;4754.0;8176.0;13985.0;22735.0;3444.0;4606.0;11.0;-5.0;7.0;-10.0;ISOPROPANOL
5910.0;10116.0;16984.0;21926.0;3852.0;4792.0;4813.0;8286.0;14031.0;22936.0;3459.0;4641.0;10.0;-5.0;7.0;-11.0;ISOPROPANOL
5900.0;10067.0;16863.0;21924.0;3816.0;4773.0;4775.0;8193.0;13976.0;22660.0;3392.0;4613.0;11.0;-5.0;7.0;-11.0;ISOPROPANOL
5845.0;10003.0;16680.0;21946.0;3786.0;4687.0;4570.0;7891.0;13434.0;21897.0;3312.0;4490.0;6.0;-2.0;7.0;-11.0;ISOPROPANOL
5732.0;9824.0;16377.0;21668.0;3683.0;4575.0;4530.0;7857.0;13351.0;21564.0;3256.0;4451.0;7.0;-2.0;4.0;-10.0;ISOPROPANOL
5623.0;9569.0;15991.0;21424.0;3643.0;4539.0;4426.0;7639.0;13034.0;21169.0;3198.0;4299.0;12.0;-2.0;4.0;-9.0;ISOPROPANOL
5481.0;9395.0;15735.0;21415.0;3619.0;4537.0;4494.0;7768.0;13192.0;21491.0;3239.0;4455.0;7.0;-2.0;3.0;-9.0;ISOPROPANOL
5630.0;9629.0;16106.0;21563.0;3669.0;4593.0;4491.0;7763.0;13218.0;21515.0;3260.0;4444.0;3.0;-2.0;0.0;-13.0;ISOPROPANOL
5703.0;9761.0;16257.0;21662.0;3696.0;4577.0;4587.0;7911.0;13437.0;21847.0;3314.0;4462.0;3.0;-3.0;0.0;-13.0;ISOPROPANOL
5633.0;9623.0;16178.0;21670.0;3686.0;4586.0;4561.0;7829.0;13236.0;21641.0;3263.0;4378.0;3.0;-3.0;-2.0;-13.0;ISOPROPANOL
5562.0;9610.0;16028.0;21539.0;3654.0;4593.0;4572.0;7874.0;13342.0;21559.0;3261.0;4416.0;5.0;-3.0;-2.0;-13.0;ISOPROPANOL
5671.0;9712.0;16199.0;21670.0;3691.0;4611.0;4558.0;7882.0;13354.0;21866.0;3275.0;4435.0;5.0;-2.0;3.0;-12.0;ISOPROPANOL
5652.0;9661.0;16088.0;21422.0;3669.0;4595.0;4493.0;7765.0;13206.0;21423.0;3235.0;4370.0;12.0;-2.0;5.0;-11.0;ISOPROPANOL
5513.0;9463.0;15841.0;21413.0;3627.0;4523.0;4503.0;7777.0;13244.0;21604.0;3249.0;4399.0;8.0;-2.0;8.0;-10.0;ISOPROPANOL
5576.0;9530.0;15923.0;21415.0;3642.0;4582.0;4515.0;7838.0;13266.0;21540.0;3254.0;4404.0;11.0;-2.0;11.0;-10.0;ISOPROPANOL
5635.0;9625.0;16021.0;21485.0;3660.0;4568.0;4518.0;7750.0;13207.0;21613.0;3253.0;4410.0;6.0;-2.0;7.0;-10.0;ISOPROPANOL
5645.0;9647.0;16146.0;21591.0;3681.0;4605.0;4552.0;7836.0;13326.0;21671.0;3269.0;4444.0;11.0;-3.0;5.0;-7.0;ISOPROPANOL
5664.0;9650.0;16094.0;21521.0;3681.0;4594.0;4542.0;7805.0;13278.0;21691.0;3271.0;4420.0;9.0;-4.0;7.0;-7.0;ISOPROPANOL
5622.0;9638.0;16156.0;21542.0;3686.0;4622.0;4586.0;7885.0;13423.0;21801.0;3285.0;4439.0;9.0;-4.0;5.0;-11.0;ISOPROPANOL
5693.0;9695.0;16243.0;21667.0;3709.0;4606.0;4562.0;7868.0;13421.0;21623.0;3302.0;4482.0;14.0;-4.0;16.0;-11.0;ISOPROPANOL
5838.0;9991.0;16673.0;21925.0;3786.0;4687.0;4656.0;8033.0;13579.0;21991.0;3332.0;4512.0;15.0;-3.0;12.0;-10.0;ISOPROPANOL
5769.0;9889.0;16507.0;21798.0;3757.0;4679.0;4671.0;8057.0;13695.0;22284.0;3352.0;4546.0;14.0;-2.0;6.0;-10.0;ISOPROPANOL
5761.0;9846.0;16471.0;21667.0;3738.0;4670.0;4648.0;8025.0;13593.0;22049.0;3330.0;4494.0;9.0;-2.0;6.0;-9.0;ISOPROPANOL
5728.0;9798.0;16380.0;21671.0;3723.0;4676.0;4607.0;7936.0;13494.0;21946.0;3310.0;4476.0;2.0;-1.0;5.0;-9.0;ISOPROPANOL
5715.0;9778.0;16397.0;21671.0;3758.0;4668.0;4598.0;7905.0;13422.0;21813.0;3308.0;4522.0;3.0;-1.0;5.0;-9.0;ISOPROPANOL
5734.0;9806.0;16389.0;21670.0;3733.0;4626.0;4670.0;8051.0;13759.0;22237.0;3341.0;4552.0;3.0;2.0;4.0;-9.0;ISOPROPANOL
5811.0;9943.0;16591.0;21738.0;3750.0;4686.0;4590.0;7970.0;13491.0;22017.0;3323.0;4473.0;8.0;1.0;7.0;-10.0;ISOPROPANOL
5749.0;9854.0;16459.0;21669.0;3736.0;4686.0;4634.0;7992.0;13573.0;22079.0;3329.0;4513.0;14.0;1.0;10.0;-10.0;ISOPROPANOL
5781.0;9854.0;16435.0;21672.0;3728.0;4658.0;4600.0;7966.0;13520.0;21991.0;3322.0;4505.0;8.0;1.0;8.0;-11.0;ISOPROPANOL
5752.0;9856.0;16407.0;21673.0;3748.0;4679.0;4615.0;7972.0;13562.0;21978.0;3314.0;4492.0;7.0;1.0;3.0;-12.0;ISOPROPANOL
5750.0;9823.0;16381.0;21670.0;3720.0;4653.0;4639.0;7983.0;13557.0;22035.0;3320.0;4496.0;7.0;2.0;4.0;-12.0;ISOPROPANOL
5768.0;9887.0;16499.0;21763.0;3776.0;4721.0;4755.0;8194.0;13860.0;22486.0;3393.0;4636.0;-1.0;1.0;3.0;-12.0;ISOPROPANOL
5903.0;10159.0;17025.0;21985.0;3885.0;4831.0;4875.0;8389.0;14246.0;23246.0;3511.0;4693.0;-1.0;1.0;3.0;-14.0;ISOPROPANOL
6076.0;10346.0;17198.0;22029.0;3851.0;4808.0;4779.0;8215.0;14028.0;22706.0;3429.0;4656.0;7.0;-1.0;3.0;-15.0;ISOPROPANOL
5925.0;10125.0;16813.0;21945.0;3819.0;4718.0;4691.0;8090.0;13736.0;22339.0;3376.0;4600.0;6.0;-2.0;2.0;-15.0;ISOPROPANOL
5834.0;9968.0;16669.0;21926.0;3794.0;4724.0;4783.0;8256.0;13944.0;22465.0;3389.0;4592.0;9.0;-1.0;9.0;-15.0;ISOPROPANOL
5893.0;10070.0;16735.0;21925.0;3789.0;4725.0;4646.0;8047.0;13685.0;22215.0;3351.0;4503.0;11.0;-1.0;12.0;-13.0;ISOPROPANOL
5842.0;9975.0;16643.0;21831.0;3771.0;4696.0;4686.0;8070.0;13695.0;22313.0;3362.0;4565.0;12.0;-2.0;13.0;-13.0;ISOPROPANOL
5854.0;10031.0;16731.0;21923.0;3828.0;4769.0;4794.0;8240.0;14073.0;22881.0;3435.0;4654.0;11.0;-2.0;12.0;-13.0;ISOPROPANOL
5947.0;10171.0;16963.0;21923.0;3831.0;4727.0;4715.0;8126.0;13714.0;22370.0;3375.0;4583.0;8.0;-2.0;4.0;-13.0;ISOPROPANOL
5863.0;9994.0;16646.0;21925.0;3777.0;4704.0;4676.0;8116.0;13760.0;22349.0;3375.0;4577.0;3.0;-4.0;3.0;-13.0;ISOPROPANOL
5854.0;9973.0;16619.0;21923.0;3768.0;4728.0;4689.0;8085.0;13709.0;22342.0;3360.0;4573.0;-1.0;-4.0;3.0;-13.0;ISOPROPANOL
5859.0;10000.0;16812.0;21925.0;3865.0;4847.0;4840.0;8372.0;14244.0;23133.0;3496.0;4671.0;-1.0;-4.0;5.0;-16.0;ISOPROPANOL
6028.0;10281.0;17165.0;22025.0;3886.0;4857.0;4924.0;8485.0;14422.0;23276.0;3511.0;4732.0;3.0;-2.0;3.0;-16.0;ISOPROPANOL
6050.0;10329.0;17243.0;22130.0;3889.0;4863.0;4909.0;8423.0;14282.0;23239.0;3488.0;4689.0;4.0;-5.0;4.0;-12.0;ISOPROPANOL
5954.0;10195.0;16975.0;21868.0;3842.0;4759.0;4731.0;8147.0;13778.0;22369.0;3375.0;4577.0;4.0;-2.0;6.0;-12.0;ISOPROPANOL
5872.0;9982.0;16642.0;21924.0;3735.0;4716.0;4742.0;8128.0;13781.0;22397.0;3367.0;4526.0;5.0;-1.0;6.0;-12.0;ISOPROPANOL
5808.0;9950.0;16625.0;21892.0;3766.0;4697.0;4747.0;8164.0;13790.0;22484.0;3378.0;4545.0;4.0;-2.0;7.0;-12.0;ISOPROPANOL
5888.0;10012.0;16669.0;21926.0;3788.0;4734.0;4723.0;8153.0;13785.0;22374.0;3386.0;4603.0;7.0;-2.0;7.0;-12.0;ISOPROPANOL
5921.0;10136.0;16874.0;21926.0;3811.0;4758.0;4731.0;8190.0;13868.0;22436.0;3402.0;4586.0;7.0;-1.0;7.0;-11.0;ISOPROPANOL
5915.0;10086.0;16792.0;21926.0;3807.0;4800.0;4804.0;8268.0;14085.0;22852.0;3460.0;4693.0;12.0;-1.0;13.0;-11.0;ISOPROPANOL
6050.0;10355.0;17208.0;22053.0;3852.0;4802.0;4826.0;8271.0;14063.0;22759.0;3428.0;4579.0;13.0;-3.0;15.0;-12.0;ISOPROPANOL
5870.0;10046.0;16654.0;21923.0;3796.0;4735.0;4715.0;8145.0;13821.0;22439.0;3391.0;4542.0;6.0;-1.0;12.0;-12.0;ISOPROPANOL
5876.0;10021.0;16740.0;21925.0;3799.0;4731.0;4730.0;8143.0;13783.0;22436.0;3360.0;4511.0;2.0;-1.0;7.0;-10.0;ISOPROPANOL
5822.0;9964.0;16618.0;21865.0;3773.0;4670.0;4675.0;8081.0;13683.0;22296.0;3370.0;4567.0;2.0;0.0;7.0;-12.0;ISOPROPANOL
5835.0;9956.0;16653.0;21923.0;3797.0;4686.0;4663.0;8052.0;13650.0;22294.0;3355.0;4538.0;2.0;0.0;7.0;-12.0;ISOPROPANOL
5864.0;9997.0;16770.0;21925.0;3813.0;4776.0;4838.0;8337.0;14144.0;23050.0;3487.0;4723.0;5.0;0.0;7.0;-12.0;ISOPROPANOL
6034.0;10327.0;17348.0;22179.0;3930.0;4881.0;4933.0;8475.0;14341.0;23266.0;3532.0;4766.0;12.0;0.0;8.0;-12.0;ISOPROPANOL
6163.0;10547.0;17574.0;22182.0;3969.0;4943.0;5034.0;8640.0;14610.0;23809.0;3568.0;4793.0;9.0;-1.0;11.0;-12.0;ISOPROPANOL
6225.0;10603.0;17635.0;22259.0;3977.0;4940.0;5040.0;8610.0;14585.0;23605.0;3533.0;4773.0;11.0;-1.0;15.0;-12.0;ISOPROPANOL
6141.0;10438.0;17475.0;22175.0;3932.0;4887.0;4916.0;8452.0;14315.0;23163.0;3479.0;4672.0;9.0;1.0;14.0;-12.0;ISOPROPANOL
5979.0;10224.0;17013.0;21927.0;3859.0;4793.0;4718.0;8147.0;13822.0;22447.0;3388.0;4580.0;9.0;2.0;9.0;-12.0;ISOPROPANOL
5892.0;10067.0;16799.0;21927.0;3813.0;4755.0;4735.0;8167.0;13901.0;22383.0;3398.0;4597.0;5.0;-2.0;9.0;-12.0;ISOPROPANOL
5860.0;10026.0;16660.0;21926.0;3809.0;4718.0;4759.0;8185.0;13920.0;22523.0;3381.0;4569.0;5.0;1.0;9.0;-12.0;ISOPROPANOL
5926.0;10100.0;16824.0;21924.0;3796.0;4726.0;4695.0;8141.0;13765.0;22406.0;3369.0;4558.0;5.0;-2.0;13.0;-12.0;ISOPROPANOL
5830.0;9965.0;16655.0;21871.0;3781.0;4744.0;4753.0;8206.0;13888.0;22495.0;3377.0;4512.0;4.0;-2.0;4.0;-11.0;ISOPROPANOL
5808.0;9934.0;16523.0;21705.0;3771.0;4703.0;4713.0;8147.0;13736.0;22308.0;3365.0;4542.0;4.0;-2.0;6.0;-11.0;ISOPROPANOL
5860.0;10002.0;16662.0;21829.0;3782.0;4700.0;4692.0;8085.0;13722.0;22277.0;3382.0;4534.0;5.0;-3.0;4.0;-13.0;ISOPROPANOL
5801.0;9977.0;16686.0;21925.0;3803.0;4751.0;4749.0;8197.0;13945.0;22567.0;3401.0;4589.0;9.0;-3.0;6.0;-13.0;ISOPROPANOL
5909.0;10043.0;16784.0;21926.0;3803.0;4743.0;4733.0;8159.0;13867.0;22479.0;3386.0;4581.0;6.0;-3.0;4.0;-13.0;ISOPROPANOL
5915.0;10043.0;16700.0;21863.0;3782.0;4664.0;4611.0;7923.0;13432.0;21804.0;3311.0;4505.0;6.0;-1.0;11.0;-15.0;ISOPROPANOL
5803.0;9968.0;16644.0;21925.0;3826.0;4793.0;4794.0;8278.0;14071.0;22837.0;3442.0;4630.0;11.0;-1.0;5.0;-13.0;ISOPROPANOL
5914.0;10129.0;16945.0;21925.0;3857.0;4782.0;4814.0;8281.0;14101.0;22773.0;3444.0;4677.0;11.0;-1.0;5.0;-15.0;ISOPROPANOL
6021.0;10313.0;17152.0;22006.0;3849.0;4807.0;4846.0;8369.0;14225.0;22995.0;3452.0;4615.0;7.0;-1.0;0.0;-15.0;ISOPROPANOL
5950.0;10184.0;16998.0;21924.0;3848.0;4793.0;4836.0;8327.0;14069.0;22713.0;3421.0;4613.0;7.0;-1.0;0.0;-13.0;ISOPROPANOL
5904.0;10050.0;16771.0;21926.0;3821.0;4744.0;4760.0;8191.0;13856.0;22564.0;3398.0;4615.0;8.0;-1.0;0.0;-11.0;ISOPROPANOL
5958.0;10204.0;16989.0;21927.0;3862.0;4799.0;4830.0;8248.0;14079.0;22893.0;3461.0;4605.0;8.0;0.0;0.0;-10.0;ISOPROPANOL
5972.0;10213.0;17021.0;21999.0;3940.0;4910.0;5046.0;8693.0;14719.0;23802.0;3583.0;4818.0;15.0;3.0;5.0;-10.0;ISOPROPANOL
6206.0;10553.0;17570.0;22255.0;3963.0;4916.0;4872.0;8407.0;14214.0;23176.0;3472.0;4699.0;12.0;0.0;10.0;-13.0;ISOPROPANOL
6033.0;10267.0;17147.0;22037.0;3887.0;4841.0;4889.0;8413.0;14192.0;22989.0;3473.0;4689.0;10.0;0.0;19.0;-10.0;ISOPROPANOL
5994.0;10306.0;17123.0;21926.0;3869.0;4817.0;4857.0;8342.0;14120.0;22901.0;3438.0;4638.0;14.0;-1.0;24.0;-10.0;ISOPROPANOL
5977.0;10202.0;16929.0;21925.0;3838.0;4811.0;4797.0;8244.0;14009.0;22731.0;3418.0;4624.0;14.0;-2.0;19.0;-13.0;ISOPROPANOL
5932.0;10101.0;16788.0;21925.0;3800.0;4757.0;4728.0;8155.0;13828.0;22513.0;3389.0;4576.0;18.0;-3.0;14.0;-10.0;ISOPROPANOL
5855.0;9985.0;16693.0;21928.0;3793.0;4737.0;4768.0;8228.0;13928.0;22444.0;3401.0;4531.0;16.0;-3.0;8.0;-10.0;ISOPROPANOL
5942.0;10188.0;16933.0;21925.0;3844.0;4804.0;4853.0;8318.0;14135.0;22951.0;3452.0;4678.0;7.0;-3.0;8.0;-10.0;ISOPROPANOL
6059.0;10356.0;17352.0;22273.0;3978.0;4956.0;5153.0;8842.0;14950.0;24208.0;3639.0;4867.0;7.0;-5.0;8.0;-12.0;ISOPROPANOL
6248.0;10681.0;17761.0;22215.0;3993.0;4923.0;4988.0;8570.0;14591.0;23645.0;3535.0;4805.0;3.0;-5.0;3.0;-12.0;ISOPROPANOL
6255.0;10657.0;17698.0;22436.0;4007.0;4942.0;4924.0;8487.0;14413.0;23344.0;3535.0;4778.0;4.0;-4.0;3.0;-12.0;ISOPROPANOL
6150.0;10545.0;17717.0;22436.0;4069.0;5051.0;5180.0;8986.0;15218.0;24760.0;3722.0;5018.0;3.0;-3.0;2.0;-16.0;ISOPROPANOL
6533.0;11163.0;18463.0;22508.0;4134.0;5158.0;5228.0;9080.0;15326.0;24822.0;3735.0;4998.0;4.0;-4.0;7.0;-16.0;ISOPROPANOL
6480.0;11125.0;18482.0;22586.0;4135.0;5109.0;5183.0;8865.0;15008.0;24227.0;3635.0;4887.0;4.0;-1.0;7.0;-16.0;ISOPROPANOL
6332.0;10744.0;17861.0;22436.0;4030.0;5003.0;5103.0;8762.0;14915.0;24178.0;3651.0;4890.0;6.0;-3.0;7.0;-16.0;ISOPROPANOL
6367.0;10892.0;18090.0;22436.0;4079.0;5033.0;5124.0;8814.0;14851.0;24177.0;3632.0;4891.0;13.0;-1.0;12.0;-16.0;ISOPROPANOL
6313.0;10778.0;17970.0;22422.0;4060.0;5008.0;5109.0;8754.0;14826.0;23969.0;3602.0;4848.0;9.0;-1.0;7.0;-15.0;ISOPROPANOL
6267.0;10685.0;17728.0;22226.0;3986.0;4953.0;4992.0;8609.0;14549.0;23601.0;3562.0;4783.0;11.0;0.0;7.0;-13.0;ISOPROPANOL
6178.0;10520.0;17419.0;22252.0;3957.0;4941.0;5038.0;8627.0;14600.0;23632.0;3571.0;4749.0;8.0;0.0;9.0;-11.0;ISOPROPANOL
6123.0;10438.0;17452.0;22198.0;3932.0;4861.0;4911.0;8470.0;14321.0;23207.0;3493.0;4742.0;13.0;0.0;16.0;-10.0;ISOPROPANOL
6076.0;10383.0;17289.0;21962.0;3917.0;4868.0;4926.0;8430.0;14268.0;23128.0;3482.0;4678.0;8.0;-1.0;9.0;-10.0;ISOPROPANOL
6024.0;10274.0;17091.0;22020.0;3860.0;4799.0;4849.0;8317.0;14016.0;22711.0;3423.0;4647.0;8.0;-2.0;8.0;-10.0;ISOPROPANOL
5979.0;10155.0;16947.0;21926.0;3856.0;4786.0;4881.0;8311.0;14043.0;22658.0;3411.0;4631.0;2.0;-4.0;9.0;-10.0;ISOPROPANOL
6020.0;10261.0;17113.0;21947.0;3887.0;4863.0;4876.0;8338.0;14160.0;23038.0;3490.0;4735.0;6.0;-4.0;8.0;-10.0;ISOPROPANOL
6106.0;10386.0;17222.0;21925.0;3912.0;4882.0;4946.0;8509.0;14426.0;23289.0;3516.0;4740.0;6.0;-4.0;3.0;-12.0;ISOPROPANOL
6074.0;10359.0;17298.0;22076.0;3955.0;4927.0;5035.0;8622.0;14625.0;23554.0;3554.0;4771.0;-1.0;-4.0;3.0;-14.0;ISOPROPANOL
6182.0;10557.0;17632.0;22255.0;3949.0;4925.0;4986.0;8561.0;14472.0;23529.0;3546.0;4796.0;13.0;-1.0;10.0;-15.0;ISOPROPANOL
6153.0;10481.0;17463.0;22201.0;3928.0;4896.0;4928.0;8464.0;14373.0;23152.0;3505.0;4737.0;9.0;0.0;10.0;-14.0;ISOPROPANOL
6138.0;10452.0;17404.0;22089.0;3939.0;4890.0;4958.0;8523.0;14449.0;23506.0;3527.0;4796.0;1.0;-1.0;11.0;-17.0;ISOPROPANOL
6145.0;10502.0;17527.0;22258.0;3978.0;4924.0;4979.0;8555.0;14382.0;23431.0;3514.0;4757.0;0.0;-1.0;10.0;-15.0;ISOPROPANOL
6134.0;10486.0;17360.0;22140.0;3922.0;4902.0;4941.0;8552.0;14464.0;23396.0;3519.0;4680.0;1.0;-2.0;0.0;-17.0;ISOPROPANOL
6045.0;10374.0;17251.0;22181.0;3929.0;4897.0;4972.0;8572.0;14443.0;23469.0;3538.0;4752.0;1.0;-2.0;0.0;-15.0;ISOPROPANOL
6124.0;10448.0;17373.0;22190.0;3939.0;4912.0;4917.0;8510.0;14445.0;23371.0;3526.0;4746.0;8.0;-4.0;6.0;-17.0;ISOPROPANOL
6126.0;10392.0;17361.0;22214.0;3906.0;4907.0;4928.0;8427.0;14290.0;23302.0;3522.0;4724.0;9.0;-2.0;5.0;-15.0;ISOPROPANOL
6099.0;10392.0;17351.0;22165.0;3956.0;4918.0;4945.0;8490.0;14372.0;23244.0;3514.0;4725.0;8.0;-3.0;6.0;-14.0;ISOPROPANOL
6059.0;10357.0;17244.0;22014.0;3903.0;4868.0;4915.0;8496.0;14413.0;23387.0;3517.0;4754.0;8.0;-1.0;5.0;-13.0;ISOPROPANOL
6137.0;10456.0;17473.0;22188.0;3954.0;4917.0;4959.0;8514.0;14510.0;23552.0;3549.0;4764.0;2.0;-3.0;4.0;-14.0;ISOPROPANOL
6153.0;10508.0;17585.0;22275.0;3982.0;4936.0;4946.0;8482.0;14396.0;23265.0;3512.0;4725.0;2.0;-3.0;5.0;-13.0;ISOPROPANOL
6117.0;10416.0;17406.0;22159.0;3977.0;4975.0;5050.0;8717.0;14766.0;23912.0;3594.0;4851.0;2.0;-3.0;4.0;-13.0;ISOPROPANOL
6361.0;10790.0;18010.0;22436.0;4060.0;5012.0;5095.0;8737.0;14799.0;23981.0;3608.0;4845.0;9.0;-2.0;5.0;-13.0;ISOPROPANOL
6279.0;10719.0;17874.0;22436.0;4069.0;5080.0;5245.0;8992.0;15207.0;24669.0;3714.0;4976.0;9.0;-2.0;2.0;-15.0;ISOPROPANOL
6525.0;11106.0;18461.0;22530.0;4180.0;5199.0;5389.0;9214.0;15579.0;25229.0;3772.0;5055.0;13.0;-2.0;2.0;-15.0;ISOPROPANOL
6555.0;11172.0;18468.0;22532.0;4142.0;5125.0;5192.0;8924.0;15152.0;24472.0;3673.0;4914.0;9.0;-2.0;2.0;-15.0;ISOPROPANOL
6377.0;10854.0;17937.0;22456.0;4053.0;5025.0;5121.0;8707.0;14811.0;23934.0;3616.0;4836.0;7.0;-2.0;0.0;-12.0;ISOPROPANOL
6315.0;10694.0;17805.0;22437.0;4035.0;5021.0;5114.0;8771.0;14812.0;24086.0;3603.0;4897.0;7.0;-2.0;0.0;-11.0;ISOPROPANOL
6300.0;10685.0;17771.0;22367.0;4007.0;4974.0;5049.0;8693.0;14691.0;23581.0;3571.0;4789.0;7.0;-5.0;8.0;-11.0;ISOPROPANOL
6141.0;10454.0;17447.0;22177.0;3946.0;4902.0;5045.0;8616.0;14572.0;23619.0;3554.0;4779.0;7.0;-5.0;9.0;-11.0;ISOPROPANOL
6275.0;10658.0;17743.0;22348.0;4013.0;4987.0;5077.0;8750.0;14830.0;24058.0;3608.0;4815.0;12.0;-5.0;8.0;-11.0;ISOPROPANOL
6186.0;10618.0;17565.0;22180.0;3988.0;4936.0;5000.0;8585.0;14456.0;23457.0;3524.0;4745.0;7.0;-5.0;10.0;-11.0;ISOPROPANOL
6098.0;10421.0;17297.0;22180.0;3918.0;4858.0;4952.0;8503.0;14435.0;23442.0;3525.0;4775.0;9.0;-5.0;8.0;-11.0;ISOPROPANOL
6169.0;10530.0;17494.0;22177.0;3965.0;4954.0;5078.0;8726.0;14737.0;23835.0;3585.0;4814.0;7.0;-4.0;7.0;-11.0;ISOPROPANOL
6274.0;10680.0;17660.0;22305.0;3994.0;4930.0;5027.0;8610.0;14498.0;23451.0;3541.0;4756.0;11.0;-4.0;7.0;-9.0;ISOPROPANOL
6124.0;10449.0;17425.0;22146.0;3940.0;4920.0;5032.0;8612.0;14512.0;23493.0;3541.0;4780.0;7.0;-4.0;10.0;-8.0;ISOPROPANOL
6206.0;10659.0;17681.0;22222.0;4014.0;4980.0;5085.0;8724.0;14818.0;23973.0;3540.0;4864.0;13.0;-4.0;10.0;-8.0;ISOPROPANOL
6310.0;10717.0;17848.0;22433.0;4033.0;5036.0;5121.0;8802.0;14852.0;24048.0;3609.0;4840.0;3.0;-1.0;3.0;-8.0;ISOPROPANOL
6248.0;10685.0;17766.0;22436.0;4006.0;4953.0;5013.0;8640.0;14665.0;23719.0;3559.0;4803.0;7.0;-4.0;3.0;-8.0;ISOPROPANOL
6139.0;10473.0;17504.0;22157.0;3957.0;4907.0;5042.0;8635.0;14601.0;23648.0;3541.0;4769.0;6.0;-4.0;5.0;-13.0;ISOPROPANOL
6161.0;10534.0;17402.0;22262.0;3984.0;4955.0;5037.0;8657.0;14691.0;23734.0;3558.0;4799.0;8.0;-4.0;5.0;-13.0;ISOPROPANOL
6245.0;10623.0;17691.0;22266.0;4007.0;5012.0;5158.0;8825.0;14913.0;24298.0;3648.0;4899.0;6.0;-3.0;11.0;-13.0;ISOPROPANOL
6375.0;10856.0;18061.0;22435.0;4060.0;5040.0;5090.0;8795.0;14861.0;24023.0;3604.0;4817.0;16.0;-3.0;10.0;-13.0;ISOPROPANOL
6295.0;10748.0;17962.0;22436.0;4075.0;5033.0;5111.0;8800.0;14877.0;24153.0;3609.0;4881.0;11.0;-3.0;10.0;-13.0;ISOPROPANOL
6276.0;10743.0;17929.0;22438.0;4033.0;5001.0;5102.0;8740.0;14811.0;24021.0;3597.0;4827.0;12.0;-3.0;10.0;-13.0;ISOPROPANOL
6296.0;10745.0;17900.0;22433.0;4039.0;5008.0;5048.0;8682.0;14768.0;23897.0;3592.0;4831.0;8.0;-2.0;12.0;-12.0;ISOPROPANOL
6196.0;10567.0;17665.0;22314.0;3987.0;4974.0;5002.0;8601.0;14633.0;23680.0;3581.0;4810.0;13.0;-3.0;10.0;-12.0;ISOPROPANOL
6205.0;10619.0;17791.0;22353.0;4004.0;4923.0;5036.0;8663.0;14620.0;23651.0;3558.0;4763.0;7.0;-4.0;9.0;-12.0;ISOPROPANOL
6228.0;10561.0;17597.0;22192.0;3980.0;4945.0;4987.0;8582.0;14529.0;23595.0;3537.0;4784.0;5.0;-3.0;2.0;-12.0;ISOPROPANOL
6148.0;10482.0;17511.0;22274.0;3956.0;4947.0;5006.0;8596.0;14510.0;23531.0;3537.0;4750.0;6.0;1.0;2.0;-12.0;ISOPROPANOL
6183.0;10540.0;17585.0;22270.0;3977.0;4909.0;4958.0;8532.0;14551.0;23482.0;3545.0;4791.0;6.0;1.0;8.0;-13.0;ISOPROPANOL
6225.0;10605.0;17644.0;22261.0;3989.0;4953.0;5040.0;8644.0;14643.0;23835.0;3578.0;4809.0;8.0;1.0;11.0;-11.0;ISOPROPANOL
6263.0;10708.0;17803.0;22435.0;4018.0;4953.0;5056.0;8690.0;14617.0;23795.0;3562.0;4799.0;7.0;-1.0;8.0;-14.0;ISOPROPANOL
6214.0;10666.0;17791.0;22436.0;4008.0;4998.0;5082.0;8732.0;14787.0;23931.0;3594.0;4866.0;7.0;-3.0;6.0;-13.0;ISOPROPANOL
6346.0;10816.0;17958.0;22436.0;4046.0;5004.0;5095.0;8712.0;14826.0;23994.0;3614.0;4862.0;6.0;-3.0;7.0;-14.0;ISOPROPANOL
6329.0;10794.0;17965.0;22433.0;4060.0;5028.0;5076.0;8821.0;14892.0;24221.0;3639.0;4885.0;6.0;-3.0;6.0;-13.0;ISOPROPANOL
6319.0;10784.0;17958.0;22491.0;4055.0;5022.0;5060.0;8736.0;14807.0;23877.0;3595.0;4808.0;6.0;-6.0;6.0;-13.0;ISOPROPANOL
6179.0;10616.0;17692.0;22180.0;4013.0;4970.0;5042.0;8652.0;14632.0;23747.0;3575.0;4803.0;9.0;-6.0;7.0;-13.0;ISOPROPANOL
6183.0;10576.0;17617.0;22240.0;4018.0;4978.0;5140.0;8792.0;14929.0;24208.0;3633.0;4925.0;7.0;-5.0;14.0;-13.0;ISOPROPANOL
6382.0;10933.0;18246.0;22565.0;4089.0;5067.0;5169.0;8901.0;15115.0;24498.0;3662.0;4912.0;8.0;-2.0;8.0;-13.0;ISOPROPANOL
6396.0;10917.0;18119.0;22434.0;4064.0;5028.0;5132.0;8816.0;14951.0;24213.0;3635.0;4893.0;8.0;-2.0;8.0;-13.0;ISOPROPANOL
6336.0;10806.0;17924.0;22438.0;4045.0;5036.0;5102.0;8792.0;14935.0;24193.0;3640.0;4908.0;13.0;-2.0;7.0;-13.0;ISOPROPANOL
6332.0;10844.0;17945.0;22436.0;4051.0;5035.0;5129.0;8833.0;14666.0;24035.0;3616.0;4857.0;8.0;-3.0;7.0;-16.0;ISOPROPANOL
6280.0;10711.0;17888.0;22433.0;4052.0;5038.0;5149.0;8860.0;14968.0;24174.0;3642.0;4883.0;7.0;-1.0;4.0;-16.0;ISOPROPANOL
6344.0;10825.0;17993.0;22437.0;4082.0;5053.0;5118.0;8811.0;14888.0;24177.0;3622.0;4814.0;8.0;-1.0;5.0;-16.0;ISOPROPANOL
6237.0;10665.0;17747.0;22182.0;4000.0;4972.0;5087.0;8716.0;14740.0;23840.0;3581.0;4819.0;15.0;-3.0;5.0;-16.0;ISOPROPANOL
6258.0;10704.0;17844.0;22436.0;4032.0;5009.0;5141.0;8812.0;14915.0;24027.0;3614.0;4861.0;18.0;-3.0;5.0;-16.0;ISOPROPANOL
6390.0;10885.0;18106.0;22438.0;4089.0;5055.0;5151.0;8879.0;15021.0;24304.0;3653.0;4908.0;15.0;-6.0;5.0;-18.0;ISOPROPANOL
6347.0;10822.0;17936.0;22437.0;4054.0;5025.0;5167.0;8876.0;15008.0;24274.0;3645.0;4888.0;18.0;-6.0;15.0;-13.0;ISOPROPANOL
6395.0;10924.0;18154.0;22614.0;4104.0;5087.0;5266.0;8965.0;15258.0;24483.0;3691.0;4885.0;9.0;-6.0;10.0;-12.0;ISOPROPANOL
6441.0;10974.0;18190.0;22514.0;4105.0;5053.0;5113.0;8850.0;15004.0;24287.0;3638.0;4902.0;10.0;-1.0;13.0;-13.0;ISOPROPANOL
6325.0;10784.0;17992.0;22433.0;4060.0;5035.0;5102.0;8711.0;14846.0;24011.0;3611.0;4867.0;7.0;-1.0;10.0;-13.0;ISOPROPANOL
6362.0;10842.0;18046.0;22416.0;4054.0;5015.0;5093.0;8756.0;14813.0;24026.0;3593.0;4826.0;7.0;3.0;9.0;-12.0;ISOPROPANOL
6228.0;10633.0;17714.0;22190.0;3990.0;4949.0;5020.0;8643.0;14643.0;23563.0;3540.0;4725.0;4.0;3.0;9.0;-13.0;ISOPROPANOL
6143.0;10473.0;17384.0;22013.0;3946.0;4900.0;5007.0;8565.0;14517.0;23534.0;3558.0;4790.0;7.0;1.0;9.0;-15.0;ISOPROPANOL
6256.0;10614.0;17689.0;22417.0;4004.0;4996.0;5151.0;8900.0;15095.0;24497.0;3661.0;4914.0;1.0;-3.0;4.0;-16.0;ISOPROPANOL
6403.0;10938.0;18141.0;22469.0;4084.0;5057.0;5177.0;8897.0;15041.0;24404.0;3655.0;4898.0;18.0;0.0;9.0;-15.0;ISOPROPANOL
6367.0;10853.0;18046.0;22432.0;4077.0;5061.0;5227.0;8981.0;15124.0;24509.0;3682.0;4901.0;11.0;-1.0;9.0;-15.0;ISOPROPANOL
6417.0;10943.0;18163.0;22585.0;4098.0;5020.0;5146.0;8847.0;14989.0;24291.0;3624.0;4905.0;3.0;-2.0;13.0;-12.0;ISOPROPANOL
6439.0;10955.0;18143.0;22533.0;4097.0;5076.0;5217.0;8966.0;15095.0;24345.0;3652.0;4924.0;1.0;-2.0;8.0;-12.0;ISOPROPANOL
6433.0;10961.0;18198.0;22523.0;4106.0;5115.0;5227.0;8984.0;15196.0;24552.0;3700.0;4948.0;-1.0;-2.0;7.0;-12.0;ISOPROPANOL
6478.0;11005.0;18294.0;22518.0;4127.0;5126.0;5300.0;9046.0;15284.0;24662.0;3672.0;4915.0;-1.0;-2.0;7.0;-12.0;ISOPROPANOL
6429.0;10969.0;18243.0;22469.0;4094.0;5049.0;5219.0;8985.0;15180.0;24450.0;3652.0;4891.0;2.0;-3.0;2.0;-13.0;ISOPROPANOL
6360.0;10806.0;17948.0;22435.0;4048.0;5036.0;5181.0;8846.0;14963.0;24113.0;3612.0;4880.0;2.0;-3.0;7.0;-16.0;ISOPROPANOL
6316.0;10756.0;17841.0;22437.0;4045.0;5012.0;5135.0;8845.0;14940.0;24168.0;3619.0;4898.0;2.0;-3.0;2.0;-13.0;ISOPROPANOL
6412.0;10909.0;18051.0;22436.0;4053.0;5008.0;5136.0;8809.0;14884.0;23989.0;3598.0;4857.0;10.0;-3.0;8.0;-10.0;ISOPROPANOL
6294.0;10746.0;17849.0;22434.0;4031.0;5035.0;5164.0;8791.0;14972.0;24135.0;3616.0;4808.0;5.0;-3.0;8.0;-12.0;ISOPROPANOL
6306.0;10738.0;17858.0;22436.0;4020.0;5036.0;5172.0;8842.0;15002.0;24141.0;3606.0;4854.0;10.0;-2.0;13.0;-11.0;ISOPROPANOL
6288.0;10772.0;17882.0;22435.0;4035.0;4990.0;5129.0;8818.0;14937.0;24140.0;3626.0;4900.0;2.0;-2.0;9.0;-11.0;ISOPROPANOL
6421.0;10907.0;18143.0;22433.0;4082.0;5069.0;5201.0;8865.0;15028.0;24207.0;3628.0;4899.0;5.0;0.0;8.0;-11.0;ISOPROPANOL
6334.0;10738.0;17837.0;22437.0;4055.0;5059.0;5169.0;8917.0;15113.0;24447.0;3667.0;4962.0;5.0;0.0;8.0;-11.0;ISOPROPANOL
6476.0;11107.0;18443.0;22532.0;4149.0;5158.0;5310.0;9120.0;15382.0;24898.0;3715.0;4965.0;5.0;0.0;6.0;-11.0;ISOPROPANOL
6563.0;11162.0;18435.0;22584.0;4149.0;5110.0;5221.0;8947.0;15222.0;24719.0;3698.0;4942.0;5.0;0.0;15.0;-9.0;ISOPROPANOL
6440.0;10954.0;18124.0;22521.0;4069.0;5040.0;5154.0;8854.0;14938.0;24105.0;3594.0;4869.0;5.0;0.0;9.0;-9.0;ISOPROPANOL
6341.0;10818.0;17908.0;22363.0;4026.0;5025.0;5107.0;8766.0;14830.0;24101.0;3609.0;4856.0;8.0;0.0;10.0;-7.0;ISOPROPANOL
6350.0;10760.0;17924.0;22437.0;4048.0;5051.0;5228.0;8961.0;15099.0;24413.0;3660.0;4886.0;8.0;-2.0;10.0;-6.0;ISOPROPANOL
6391.0;10837.0;17981.0;22435.0;4063.0;5065.0;5124.0;8847.0;14915.0;24241.0;3639.0;4899.0;18.0;-2.0;17.0;-6.0;ISOPROPANOL
6399.0;10877.0;18124.0;22434.0;4067.0;5033.0;5120.0;8828.0;14936.0;24231.0;3634.0;4870.0;15.0;-2.0;12.0;-12.0;ISOPROPANOL
6377.0;10820.0;18033.0;22437.0;4060.0;5047.0;5183.0;8872.0;15046.0;24222.0;3639.0;4850.0;10.0;-2.0;7.0;-11.0;ISOPROPANOL
6383.0;10858.0;18015.0;22483.0;4091.0;5113.0;5327.0;9097.0;15328.0;24765.0;3716.0;4955.0;10.0;-1.0;7.0;-12.0;ISOPROPANOL
6575.0;11209.0;18521.0;22585.0;4163.0;5113.0;5240.0;8985.0;15235.0;24607.0;3694.0;4961.0;8.0;-1.0;7.0;-14.0;ISOPROPANOL
6469.0;11031.0;18359.0;22616.0;4126.0;5097.0;5273.0;8996.0;15226.0;24594.0;3678.0;4933.0;3.0;2.0;7.0;-14.0;ISOPROPANOL
6409.0;10916.0;18135.0;22447.0;4080.0;5058.0;5204.0;8892.0;15042.0;24347.0;3646.0;4892.0;3.0;-2.0;9.0;-11.0;ISOPROPANOL
6475.0;11012.0;18221.0;22518.0;4082.0;5062.0;5172.0;8897.0;14953.0;24138.0;3630.0;4864.0;0.0;-1.0;4.0;-10.0;ISOPROPANOL
6373.0;10830.0;17998.0;22437.0;4057.0;5030.0;5106.0;8769.0;14883.0;24060.0;3610.0;4881.0;3.0;-2.0;12.0;-10.0;ISOPROPANOL
6382.0;10867.0;17906.0;22436.0;4042.0;5029.0;5144.0;8784.0;14850.0;23962.0;3597.0;4810.0;6.0;-1.0;2.0;-10.0;ISOPROPANOL
6292.0;10726.0;17842.0;22438.0;4034.0;5049.0;5141.0;8886.0;14936.0;24205.0;3623.0;4859.0;11.0;-1.0;5.0;-10.0;ISOPROPANOL
6423.0;10919.0;18139.0;22527.0;4112.0;5127.0;5372.0;9162.0;15407.0;24905.0;3744.0;5004.0;6.0;-1.0;5.0;-12.0;ISOPROPANOL
6616.0;11291.0;18737.0;22773.0;4212.0;5214.0;5454.0;9331.0;15765.0;25224.0;3750.0;4979.0;10.0;-6.0;9.0;-12.0;ISOPROPANOL
6553.0;11176.0;18460.0;22516.0;4146.0;5089.0;5283.0;9075.0;15355.0;24738.0;3713.0;4988.0;7.0;-1.0;10.0;-13.0;ISOPROPANOL
6522.0;11086.0;18401.0;22524.0;4135.0;5095.0;5221.0;8972.0;15231.0;24537.0;3695.0;4962.0;10.0;-3.0;9.0;-13.0;ISOPROPANOL
6459.0;11007.0;18323.0;22609.0;4115.0;5077.0;5197.0;8889.0;15020.0;24398.0;3663.0;4960.0;7.0;-6.0;10.0;-15.0;ISOPROPANOL
6491.0;11029.0;18260.0;22589.0;4135.0;5105.0;5294.0;9081.0;15326.0;24808.0;3731.0;4979.0;7.0;-6.0;9.0;-13.0;ISOPROPANOL
6480.0;11041.0;18314.0;22525.0;4118.0;5050.0;5180.0;8896.0;14974.0;24250.0;3646.0;4901.0;6.0;-3.0;5.0;-13.0;ISOPROPANOL
6366.0;10861.0;18102.0;22433.0;4106.0;5072.0;5272.0;8997.0;15208.0;24567.0;3673.0;4915.0;12.0;-6.0;1.0;-13.0;ISOPROPANOL
6387.0;10840.0;18102.0;22446.0;4088.0;5049.0;5200.0;8890.0;15044.0;24309.0;3651.0;4919.0;8.0;-6.0;1.0;-15.0;ISOPROPANOL
6439.0;10956.0;18155.0;22456.0;4092.0;5059.0;5204.0;8922.0;15020.0;24263.0;3664.0;4949.0;8.0;-2.0;1.0;-11.0;ISOPROPANOL
6503.0;11068.0;18360.0;22513.0;4117.0;5095.0;5250.0;9048.0;15212.0;24493.0;3641.0;4925.0;3.0;-2.0;1.0;-10.0;ISOPROPANOL
6432.0;10992.0;18241.0;22562.0;4158.0;5157.0;5416.0;9229.0;15627.0;25138.0;3766.0;5079.0;3.0;-2.0;4.0;-10.0;ISOPROPANOL
6632.0;11285.0;18669.0;22514.0;4157.0;5123.0;5340.0;9146.0;15366.0;24774.0;3695.0;4955.0;4.0;-2.0;4.0;-9.0;ISOPROPANOL
6524.0;11127.0;18396.0;22516.0;4127.0;5106.0;5277.0;9035.0;15226.0;24547.0;3685.0;4942.0;6.0;-7.0;4.0;-9.0;ISOPROPANOL
6480.0;10997.0;18244.0;22522.0;4119.0;5103.0;5222.0;9012.0;15208.0;24606.0;3689.0;4940.0;4.0;-7.0;7.0;-9.0;ISOPROPANOL
6488.0;11023.0;18278.0;22561.0;4121.0;5118.0;5263.0;9015.0;15242.0;24416.0;3694.0;4962.0;4.0;-7.0;7.0;-14.0;ISOPROPANOL
6441.0;10952.0;18191.0;22529.0;4132.0;5107.0;5292.0;9070.0;15332.0;24790.0;3724.0;4961.0;2.0;-7.0;7.0;-15.0;ISOPROPANOL
6574.0;11177.0;18501.0;22521.0;4169.0;5187.0;5390.0;9232.0;15561.0;25109.0;3752.0;5010.0;2.0;-7.0;7.0;-16.0;ISOPROPANOL
6555.0;11141.0;18452.0;22509.0;4166.0;5114.0;5305.0;9097.0;15372.0;24730.0;3723.0;4981.0;3.0;-7.0;8.0;-16.0;ISOPROPANOL
6594.0;11156.0;18484.0;22526.0;4162.0;5179.0;5354.0;9163.0;15511.0;24922.0;3742.0;5040.0;3.0;-7.0;5.0;-14.0;ISOPROPANOL
6595.0;11190.0;18551.0;22674.0;4182.0;5165.0;5339.0;9159.0;15517.0;25069.0;3774.0;5053.0;3.0;-7.0;5.0;-17.0;ISOPROPANOL
6622.0;11235.0;18587.0;22789.0;4185.0;5199.0;5423.0;9265.0;15642.0;25125.0;3761.0;5075.0;2.0;-8.0;4.0;-16.0;ISOPROPANOL
6601.0;11221.0;18640.0;22695.0;4187.0;5206.0;5382.0;9229.0;15585.0;25152.0;3776.0;5042.0;4.0;-8.0;3.0;-16.0;ISOPROPANOL
6618.0;11258.0;18615.0;22650.0;4186.0;5188.0;5381.0;9236.0;15503.0;25027.0;3785.0;4992.0;2.0;-8.0;4.0;-16.0;ISOPROPANOL
6686.0;11339.0;18726.0;22766.0;4226.0;5222.0;5405.0;9252.0;15618.0;25222.0;3777.0;5050.0;3.0;-8.0;4.0;-17.0;ISOPROPANOL
6610.0;11241.0;18606.0;22791.0;4203.0;5242.0;5434.0;9261.0;15583.0;25177.0;3785.0;5058.0;3.0;-3.0;13.0;-16.0;ISOPROPANOL
6613.0;11253.0;18575.0;22593.0;4190.0;5200.0;5332.0;9109.0;15398.0;24873.0;3739.0;5023.0;8.0;-3.0;7.0;-17.0;ISOPROPANOL
6576.0;11185.0;18500.0;22676.0;4173.0;5167.0;5353.0;9169.0;15371.0;24984.0;3734.0;5010.0;8.0;-4.0;12.0;-16.0;ISOPROPANOL
6566.0;11119.0;18448.0;22440.0;4168.0;5149.0;5349.0;9133.0;15428.0;24956.0;3750.0;5033.0;10.0;-7.0;6.0;-17.0;ISOPROPANOL
6646.0;11273.0;18618.0;22664.0;4208.0;5178.0;5412.0;9243.0;15462.0;25007.0;3752.0;5062.0;5.0;-4.0;10.0;-17.0;ISOPROPANOL
6599.0;11195.0;18456.0;22547.0;4167.0;5197.0;5347.0;9151.0;15417.0;24926.0;3717.0;4998.0;5.0;-4.0;8.0;-17.0;ISOPROPANOL
6573.0;11128.0;18439.0;22525.0;4200.0;5239.0;5460.0;9345.0;15756.0;25307.0;3788.0;5081.0;5.0;0.0;10.0;-17.0;ISOPROPANOL
6636.0;11326.0;18784.0;22874.0;4232.0;5246.0;5462.0;9388.0;15778.0;25410.0;3796.0;5093.0;8.0;5.0;11.0;-17.0;ISOPROPANOL
6646.0;11290.0;18664.0;22626.0;4183.0;5191.0;5370.0;9181.0;15470.0;24993.0;3735.0;5016.0;9.0;0.0;10.0;-17.0;ISOPROPANOL
6534.0;11116.0;18431.0;22589.0;4178.0;5161.0;5356.0;9174.0;15484.0;24865.0;3737.0;5007.0;8.0;0.0;6.0;-17.0;ISOPROPANOL
6594.0;11199.0;18511.0;22614.0;4127.0;5094.0;5230.0;8965.0;15107.0;24432.0;3661.0;4955.0;4.0;-3.0;6.0;-20.0;ISOPROPANOL
6466.0;10993.0;18227.0;22500.0;4103.0;5126.0;5315.0;9071.0;15254.0;24549.0;3664.0;4932.0;4.0;-4.0;6.0;-20.0;ISOPROPANOL
6443.0;10942.0;18181.0;22546.0;4115.0;5089.0;5286.0;9046.0;15369.0;24839.0;3732.0;5019.0;7.0;-4.0;5.0;-20.0;ISOPROPANOL
6585.0;11203.0;18527.0;22707.0;4229.0;5249.0;5440.0;9340.0;15709.0;25471.0;3830.0;5116.0;8.0;-4.0;8.0;-18.0;ISOPROPANOL
6744.0;11444.0;18848.0;22854.0;4242.0;5221.0;5422.0;9293.0;15737.0;25290.0;3807.0;5098.0;7.0;-5.0;5.0;-18.0;ISOPROPANOL
6726.0;11377.0;18861.0;22875.0;4254.0;5277.0;5467.0;9390.0;15847.0;25485.0;3839.0;5150.0;7.0;-5.0;5.0;-16.0;ISOPROPANOL
6830.0;11565.0;19022.0;22855.0;4270.0;5277.0;5511.0;9421.0;15929.0;25570.0;3835.0;5099.0;6.0;-3.0;5.0;-16.0;ISOPROPANOL
6629.0;11393.0;18828.0;22795.0;4269.0;5324.0;5540.0;9400.0;15915.0;25521.0;3841.0;5125.0;12.0;0.0;12.0;-16.0;ISOPROPANOL
6783.0;11490.0;19009.0;22785.0;4294.0;5331.0;5553.0;9508.0;15910.0;25786.0;3850.0;5136.0;11.0;0.0;8.0;-17.0;ISOPROPANOL
6806.0;11600.0;19068.0;22944.0;4306.0;5330.0;5560.0;9529.0;16018.0;25730.0;3872.0;5152.0;11.0;0.0;8.0;-17.0;ISOPROPANOL
6802.0;11576.0;19006.0;22876.0;4285.0;5260.0;5505.0;9430.0;15910.0;25580.0;3836.0;5133.0;11.0;0.0;8.0;-17.0;ISOPROPANOL
6729.0;11382.0;18800.0;22874.0;4259.0;5260.0;5434.0;9272.0;15664.0;25354.0;3794.0;5063.0;5.0;0.0;6.0;-17.0;ISOPROPANOL
6648.0;11292.0;18643.0;22782.0;4220.0;5238.0;5448.0;9170.0;15750.0;25426.0;3813.0;5108.0;5.0;0.0;6.0;-15.0;ISOPROPANOL
6729.0;11451.0;18885.0;22874.0;4243.0;5217.0;5433.0;9303.0;15635.0;25224.0;3783.0;5076.0;2.0;0.0;6.0;-14.0;ISOPROPANOL
6714.0;11421.0;18814.0;22856.0;4249.0;5225.0;5421.0;9256.0;15605.0;25228.0;3773.0;5073.0;6.0;1.0;8.0;-14.0;ISOPROPANOL
6715.0;11366.0;18784.0;22750.0;4237.0;5253.0;5446.0;9347.0;15748.0;25360.0;3802.0;5119.0;5.0;1.0;9.0;-14.0;ISOPROPANOL
6728.0;11424.0;18861.0;22781.0;4258.0;5284.0;5514.0;9366.0;15806.0;25422.0;3805.0;5122.0;5.0;0.0;8.0;-13.0;ISOPROPANOL
6770.0;11531.0;18973.0;22856.0;4278.0;5269.0;5497.0;9356.0;15831.0;25431.0;3849.0;5148.0;9.0;0.0;11.0;-14.0;ISOPROPANOL
6758.0;11463.0;18897.0;22767.0;4254.0;5285.0;5550.0;9516.0;16014.0;25760.0;3886.0;5215.0;11.0;0.0;14.0;-14.0;ISOPROPANOL
6805.0;11602.0;19091.0;22947.0;4328.0;5347.0;5585.0;9554.0;16098.0;25866.0;3884.0;5187.0;9.0;0.0;11.0;-14.0;ISOPROPANOL
6904.0;11665.0;19148.0;22820.0;4284.0;5277.0;5485.0;9353.0;15796.0;25532.0;3851.0;5115.0;3.0;0.0;13.0;-13.0;ISOPROPANOL
6714.0;11380.0;18761.0;22852.0;4230.0;5248.0;5456.0;9307.0;15776.0;25467.0;3814.0;5048.0;3.0;0.0;9.0;-14.0;ISOPROPANOL
6636.0;11339.0;18740.0;22771.0;4228.0;5222.0;5424.0;9307.0;15740.0;25304.0;3812.0;5123.0;9.0;0.0;9.0;-14.0;ISOPROPANOL
6717.0;11374.0;18823.0;22838.0;4268.0;5270.0;5525.0;9439.0;15982.0;25665.0;3836.0;5163.0;3.0;0.0;13.0;-14.0;ISOPROPANOL
6758.0;11467.0;18887.0;22874.0;4244.0;5254.0;5427.0;9326.0;15741.0;25348.0;3806.0;5121.0;9.0;0.0;12.0;-14.0;ISOPROPANOL
6748.0;11476.0;18897.0;22858.0;4250.0;5236.0;5393.0;9270.0;15619.0;25290.0;3782.0;5092.0;9.0;0.0;12.0;-15.0;ISOPROPANOL
6721.0;11466.0;18887.0;22724.0;4239.0;5211.0;5424.0;9517.0;16013.0;25784.0;3834.0;5124.0;14.0;-2.0;12.0;-14.0;ISOPROPANOL
6680.0;11345.0;18755.0;22833.0;4232.0;5241.0;5405.0;9247.0;15632.0;25247.0;3778.0;5018.0;3.0;-2.0;6.0;-14.0;ISOPROPANOL
6654.0;11243.0;18575.0;22778.0;4206.0;5245.0;5475.0;9372.0;15814.0;25490.0;3821.0;5029.0;3.0;-2.0;12.0;-15.0;ISOPROPANOL
6660.0;11299.0;18770.0;22840.0;4238.0;5251.0;5484.0;9355.0;15886.0;25562.0;3824.0;5107.0;3.0;-3.0;6.0;-15.0;ISOPROPANOL
6723.0;11438.0;18767.0;22768.0;4233.0;5200.0;5355.0;9058.0;15580.0;25108.0;3772.0;5061.0;5.0;-3.0;3.0;-15.0;ISOPROPANOL
6661.0;11350.0;18690.0;22851.0;4225.0;5281.0;5474.0;9321.0;15711.0;25475.0;3817.0;5113.0;5.0;-3.0;3.0;-16.0;ISOPROPANOL
6696.0;11361.0;18829.0;22865.0;4265.0;5302.0;5476.0;9480.0;16029.0;25818.0;3899.0;5223.0;5.0;-3.0;5.0;-16.0;ISOPROPANOL
6926.0;11751.0;19330.0;22942.0;4363.0;5336.0;5599.0;9567.0;16055.0;25854.0;3864.0;5177.0;7.0;-4.0;3.0;-16.0;ISOPROPANOL
6826.0;11591.0;19133.0;22945.0;4328.0;5333.0;5562.0;9503.0;16050.0;25806.0;3882.0;5173.0;9.0;-4.0;5.0;-16.0;ISOPROPANOL
6896.0;11710.0;19136.0;22948.0;4356.0;5389.0;5669.0;9648.0;16268.0;26026.0;3924.0;5269.0;12.0;-4.0;5.0;-16.0;ISOPROPANOL
7070.0;11915.0;19448.0;22949.0;4387.0;5408.0;5713.0;9726.0;16310.0;26110.0;3917.0;5214.0;9.0;-5.0;5.0;-12.0;ISOPROPANOL
6982.0;11825.0;19252.0;22949.0;4338.0;5346.0;5580.0;9503.0;16011.0;25751.0;3863.0;5172.0;6.0;-5.0;4.0;-12.0;ISOPROPANOL
6794.0;11576.0;19004.0;22826.0;4286.0;5313.0;5545.0;9498.0;16030.0;25787.0;3858.0;5176.0;6.0;-6.0;8.0;-14.0;ISOPROPANOL
6829.0;11579.0;19081.0;22787.0;4302.0;5281.0;5461.0;9342.0;15727.0;25373.0;3799.0;5083.0;6.0;-6.0;8.0;-17.0;ISOPROPANOL
6664.0;11339.0;18630.0;22687.0;4207.0;5246.0;5494.0;9421.0;15796.0;25447.0;3798.0;5084.0;4.0;-6.0;8.0;-17.0;ISOPROPANOL
6716.0;11398.0;18788.0;22766.0;4227.0;5255.0;5436.0;9287.0;15711.0;25295.0;3811.0;5116.0;4.0;-6.0;11.0;-17.0;ISOPROPANOL
6721.0;11389.0;18854.0;22780.0;4284.0;5319.0;5511.0;9543.0;16113.0;25839.0;3862.0;5182.0;4.0;-5.0;11.0;-17.0;ISOPROPANOL
6832.0;11573.0;19031.0;22879.0;4299.0;5296.0;5550.0;9467.0;15938.0;25684.0;3851.0;5154.0;6.0;-5.0;9.0;-16.0;ISOPROPANOL
6748.0;11475.0;18923.0;22786.0;4286.0;5282.0;5479.0;9348.0;15802.0;25431.0;3806.0;5136.0;4.0;-5.0;9.0;-16.0;ISOPROPANOL
6774.0;11510.0;19011.0;22864.0;4292.0;5315.0;5526.0;9461.0;15955.0;25680.0;3862.0;5174.0;5.0;-5.0;3.0;-16.0;ISOPROPANOL
6809.0;11608.0;19010.0;22875.0;4313.0;5297.0;5541.0;9478.0;15994.0;25822.0;3876.0;5142.0;4.0;-5.0;13.0;-17.0;ISOPROPANOL
6825.0;11561.0;18964.0;22874.0;4272.0;5265.0;5472.0;9377.0;15808.0;25455.0;3814.0;5124.0;4.0;-5.0;7.0;-17.0;ISOPROPANOL
6754.0;11424.0;18843.0;22877.0;4261.0;5229.0;5498.0;9370.0;15645.0;25400.0;3791.0;5097.0;3.0;-5.0;7.0;-18.0;ISOPROPANOL
6800.0;11564.0;18958.0;22768.0;4258.0;5278.0;5525.0;9428.0;15864.0;25448.0;3833.0;5136.0;4.0;-1.0;6.0;-17.0;ISOPROPANOL
6802.0;11579.0;19039.0;22790.0;4284.0;5290.0;5473.0;9392.0;15815.0;25518.0;3819.0;5128.0;4.0;-1.0;-1.0;-15.0;ISOPROPANOL
6811.0;11575.0;19040.0;22949.0;4279.0;5284.0;5558.0;9492.0;15962.0;25660.0;3869.0;5188.0;4.0;-1.0;-1.0;-15.0;ISOPROPANOL
6797.0;11502.0;18984.0;22947.0;4291.0;5300.0;5545.0;9477.0;15919.0;25627.0;3881.0;5206.0;2.0;-1.0;-1.0;-15.0;ISOPROPANOL
6835.0;11628.0;19132.0;22948.0;4347.0;5395.0;5629.0;9650.0;16310.0;26083.0;3947.0;5258.0;2.0;-3.0;1.0;-15.0;ISOPROPANOL
6946.0;11837.0;19415.0;22948.0;4381.0;5415.0;5672.0;9741.0;16354.0;25964.0;3952.0;5271.0;8.0;-3.0;2.0;-15.0;ISOPROPANOL
7022.0;11898.0;19446.0;22945.0;4375.0;5411.0;5696.0;9731.0;16483.0;26213.0;3952.0;5264.0;8.0;-5.0;6.0;-17.0;ISOPROPANOL
6929.0;11757.0;19312.0;22947.0;4358.0;5364.0;5587.0;9585.0;16100.0;25792.0;3884.0;5185.0;11.0;-5.0;6.0;-17.0;ISOPROPANOL
6836.0;11623.0;19100.0;22855.0;4306.0;5290.0;5588.0;9549.0;16122.0;25795.0;3872.0;5142.0;8.0;-3.0;11.0;-16.0;ISOPROPANOL
6862.0;11682.0;19067.0;22851.0;4307.0;5326.0;5587.0;9491.0;15980.0;25666.0;3863.0;5148.0;8.0;-1.0;11.0;-17.0;ISOPROPANOL
6704.0;11427.0;18931.0;22869.0;4271.0;5300.0;5539.0;9498.0;16034.0;25659.0;3876.0;5154.0;14.0;-1.0;12.0;-16.0;ISOPROPANOL
6879.0;11636.0;19109.0;22942.0;4315.0;5328.0;5569.0;9456.0;15873.0;25732.0;3856.0;5164.0;12.0;-1.0;20.0;-16.0;ISOPROPANOL
6822.0;11541.0;19097.0;22870.0;4298.0;5322.0;5640.0;9636.0;16164.0;25943.0;3895.0;5208.0;12.0;-1.0;11.0;-17.0;ISOPROPANOL
6859.0;11657.0;19154.0;22945.0;4355.0;5386.0;5626.0;9603.0;16207.0;25939.0;3912.0;5158.0;9.0;-6.0;6.0;-17.0;ISOPROPANOL
6929.0;11773.0;19263.0;22936.0;4310.0;5329.0;5486.0;9250.0;15932.0;25671.0;3873.0;5188.0;5.0;-6.0;11.0;-17.0;ISOPROPANOL
6858.0;11661.0;19099.0;22868.0;4306.0;5312.0;5562.0;9487.0;15962.0;25686.0;3869.0;5176.0;9.0;-4.0;5.0;-17.0;ISOPROPANOL
6897.0;11676.0;19194.0;22947.0;4322.0;5338.0;5638.0;9624.0;16157.0;25872.0;3892.0;5220.0;5.0;-8.0;7.0;-17.0;ISOPROPANOL
6900.0;11675.0;19127.0;22872.0;4322.0;5330.0;5558.0;9481.0;16008.0;25750.0;3886.0;5191.0;0.0;-4.0;5.0;-17.0;ISOPROPANOL
6830.0;11582.0;19196.0;22947.0;4387.0;5453.0;5755.0;9786.0;16534.0;26407.0;4004.0;5316.0;0.0;-3.0;2.0;-18.0;ISOPROPANOL
7017.0;11938.0;19477.0;22949.0;4392.0;5420.0;5693.0;9685.0;16311.0;26120.0;3935.0;5216.0;5.0;-3.0;2.0;-18.0;ISOPROPANOL
6976.0;11779.0;19356.0;22946.0;4377.0;5414.0;5689.0;9690.0;16311.0;26103.0;3938.0;5254.0;5.0;-4.0;5.0;-18.0;ISOPROPANOL
6982.0;11830.0;19379.0;22948.0;4364.0;5375.0;5664.0;9687.0;16252.0;26006.0;3916.0;5261.0;5.0;-4.0;13.0;-18.0;ISOPROPANOL
6969.0;11821.0;19410.0;22948.0;4372.0;5388.0;5719.0;9658.0;16266.0;26055.0;3919.0;5208.0;7.0;-4.0;13.0;-18.0;ISOPROPANOL
6922.0;11678.0;19160.0;22948.0;4329.0;5362.0;5630.0;9606.0;16123.0;25845.0;3896.0;5245.0;11.0;-4.0;13.0;-17.0;ISOPROPANOL
6938.0;11777.0;19297.0;22945.0;4358.0;5368.0;5658.0;9625.0;16192.0;25881.0;3896.0;5207.0;7.0;-4.0;6.0;-15.0;ISOPROPANOL
6850.0;11632.0;19201.0;22851.0;4324.0;5331.0;5679.0;9590.0;16154.0;25875.0;3896.0;5159.0;5.0;-4.0;-1.0;-15.0;ISOPROPANOL
6838.0;11574.0;19122.0;22908.0;4350.0;5403.0;5703.0;9767.0;16479.0;26339.0;3968.0;5291.0;5.0;0.0;-1.0;-15.0;ISOPROPANOL
7044.0;11882.0;19425.0;22946.0;4393.0;5392.0;5648.0;9627.0;16214.0;25941.0;3898.0;5161.0;4.0;0.0;-1.0;-15.0;ISOPROPANOL
6854.0;11662.0;19037.0;22945.0;4342.0;5364.0;5670.0;9674.0;16243.0;25923.0;3905.0;5253.0;5.0;0.0;-1.0;-15.0;ISOPROPANOL
6953.0;11774.0;19306.0;22946.0;4355.0;5392.0;5674.0;9685.0;16304.0;26107.0;3936.0;5275.0;5.0;3.0;2.0;-18.0;ISOPROPANOL
7008.0;11863.0;19340.0;22947.0;4361.0;5357.0;5600.0;9578.0;16078.0;25760.0;3882.0;5215.0;5.0;3.0;4.0;-18.0;ISOPROPANOL
6867.0;11581.0;19071.0;22900.0;4320.0;5348.0;5621.0;9588.0;16140.0;25890.0;3897.0;5154.0;5.0;3.0;4.0;-15.0;ISOPROPANOL
6955.0;11787.0;19345.0;22946.0;4347.0;5326.0;5628.0;9635.0;16207.0;25968.0;3878.0;5199.0;14.0;-2.0;4.0;-12.0;ISOPROPANOL
6855.0;11635.0;19112.0;22767.0;4313.0;5313.0;5561.0;9494.0;15995.0;25727.0;3875.0;5161.0;11.0;-3.0;4.0;-12.0;ISOPROPANOL
6926.0;11669.0;19172.0;22944.0;4356.0;5349.0;5565.0;9506.0;16117.0;25859.0;3886.0;5200.0;11.0;-3.0;4.0;-12.0;ISOPROPANOL
6907.0;11748.0;19306.0;22948.0;4348.0;5337.0;5567.0;9587.0;16104.0;25784.0;3868.0;5169.0;4.0;-5.0;9.0;-14.0;ISOPROPANOL
6867.0;11582.0;19059.0;22872.0;4297.0;5264.0;5557.0;9461.0;15878.0;25600.0;3837.0;5142.0;2.0;-7.0;2.0;-14.0;ISOPROPANOL
6791.0;11498.0;18908.0;22771.0;4274.0;5299.0;5572.0;9526.0;16056.0;25841.0;3859.0;5181.0;0.0;-8.0;2.0;-14.0;ISOPROPANOL
6891.0;11721.0;19230.0;22945.0;4340.0;5366.0;5613.0;9630.0;16168.0;25837.0;3883.0;5179.0;0.0;-7.0;4.0;-14.0;ISOPROPANOL
6865.0;11694.0;19238.0;22948.0;4350.0;5383.0;5711.0;9742.0;16370.0;26064.0;3942.0;5264.0;0.0;-7.0;4.0;-15.0;ISOPROPANOL
7050.0;11907.0;19405.0;22947.0;4352.0;5373.0;5611.0;9611.0;16226.0;25938.0;3898.0;5200.0;0.0;-5.0;4.0;-14.0;ISOPROPANOL
6887.0;11663.0;19180.0;22946.0;4338.0;5342.0;5609.0;9581.0;16119.0;25829.0;3886.0;5188.0;2.0;0.0;6.0;-14.0;ISOPROPANOL
6909.0;11696.0;19180.0;22945.0;4362.0;5389.0;5651.0;9647.0;16289.0;26045.0;3913.0;5250.0;2.0;0.0;6.0;-15.0;ISOPROPANOL
7010.0;11853.0;19435.0;22948.0;4339.0;5411.0;5712.0;9745.0;16475.0;26296.0;3964.0;5248.0;2.0;-4.0;6.0;-15.0;ISOPROPANOL
7006.0;11907.0;19411.0;22949.0;4387.0;5402.0;5695.0;9649.0;16292.0;26081.0;3934.0;5242.0;9.0;-4.0;7.0;-14.0;ISOPROPANOL
6942.0;11757.0;19316.0;22943.0;4375.0;5399.0;5603.0;9590.0;16115.0;25978.0;3913.0;5209.0;11.0;-5.0;8.0;-15.0;ISOPROPANOL
6949.0;11773.0;19264.0;22945.0;4338.0;5308.0;5586.0;9540.0;16073.0;25876.0;3889.0;5226.0;9.0;-5.0;7.0;-14.0;ISOPROPANOL
6968.0;11813.0;19348.0;22946.0;4363.0;5350.0;5659.0;9647.0;16214.0;26037.0;3904.0;5246.0;6.0;-5.0;5.0;-14.0;ISOPROPANOL
6968.0;11812.0;19337.0;22947.0;4341.0;5363.0;5624.0;9606.0;16159.0;25955.0;3887.0;5188.0;1.0;-6.0;5.0;-14.0;ISOPROPANOL
6894.0;11712.0;19234.0;22948.0;4348.0;5382.0;5657.0;9658.0;16140.0;25860.0;3919.0;5260.0;1.0;-6.0;2.0;-17.0;ISOPROPANOL
7026.0;11900.0;19460.0;22952.0;4384.0;5396.0;5681.0;9727.0;16403.0;26181.0;3922.0;5227.0;3.0;-6.0;2.0;-17.0;ISOPROPANOL
6985.0;11878.0;19442.0;22947.0;4399.0;5401.0;5675.0;9669.0;16226.0;26056.0;3940.0;5259.0;3.0;-6.0;1.0;-18.0;ISOPROPANOL
6966.0;11816.0;19301.0;22950.0;4348.0;5384.0;5709.0;9708.0;16321.0;26015.0;3902.0;5209.0;5.0;-6.0;4.0;-18.0;ISOPROPANOL
6987.0;11789.0;19349.0;22946.0;4377.0;5422.0;5651.0;9655.0;16297.0;26137.0;3940.0;5284.0;2.0;-6.0;4.0;-19.0;ISOPROPANOL
7071.0;11971.0;19517.0;22945.0;4393.0;5354.0;5691.0;9727.0;16284.0;25996.0;3907.0;5219.0;5.0;-6.0;5.0;-18.0;ISOPROPANOL
6974.0;11824.0;19364.0;22950.0;4391.0;5382.0;5707.0;9727.0;16434.0;26213.0;3916.0;5281.0;5.0;-8.0;5.0;-17.0;ISOPROPANOL
7007.0;11830.0;19362.0;22946.0;4374.0;5380.0;5653.0;9669.0;16297.0;25953.0;3922.0;5201.0;7.0;-8.0;8.0;-16.0;ISOPROPANOL
6885.0;11712.0;19216.0;22945.0;4349.0;5324.0;5574.0;9539.0;16021.0;25727.0;3855.0;5135.0;5.0;-8.0;6.0;-16.0;ISOPROPANOL
6848.0;11622.0;19111.0;22902.0;4327.0;5376.0;5648.0;9616.0;16186.0;25947.0;3915.0;5250.0;7.0;-8.0;8.0;-16.0;ISOPROPANOL
6923.0;11822.0;19347.0;22948.0;4364.0;5395.0;5601.0;9595.0;16171.0;25893.0;3904.0;5244.0;5.0;-6.0;6.0;-17.0;ISOPROPANOL
7010.0;11830.0;19322.0;22946.0;4360.0;5392.0;5630.0;9673.0;16279.0;26098.0;3892.0;5215.0;-1.0;-4.0;4.0;-17.0;ISOPROPANOL
6905.0;11710.0;19206.0;22948.0;4330.0;5391.0;5689.0;9695.0;16336.0;26203.0;3958.0;5280.0;-1.0;-4.0;4.0;-17.0;ISOPROPANOL
6950.0;11857.0;19460.0;22948.0;4408.0;5415.0;5679.0;9716.0;16384.0;26229.0;3956.0;5274.0;3.0;-4.0;8.0;-17.0;ISOPROPANOL
7123.0;12057.0;19598.0;23031.0;4452.0;5491.0;5858.0;10013.0;16882.0;26715.0;4068.0;5382.0;10.0;-4.0;11.0;-17.0;ISOPROPANOL
7192.0;12085.0;19804.0;23034.0;4505.0;5509.0;5914.0;10126.0;16995.0;26792.0;4085.0;5471.0;3.0;-4.0;8.0;-15.0;ISOPROPANOL
7358.0;12412.0;20186.0;23370.0;4620.0;5652.0;6011.0;10299.0;17346.0;27007.0;4144.0;5529.0;12.0;-7.0;9.0;-15.0;ISOPROPANOL
7386.0;12493.0;20203.0;23362.0;4600.0;5601.0;5943.0;10157.0;17089.0;26887.0;4105.0;5488.0;6.0;-5.0;9.0;-16.0;ISOPROPANOL
7291.0;12348.0;19958.0;23113.0;4522.0;5577.0;5856.0;9952.0;16756.0;26531.0;4006.0;5370.0;6.0;-7.0;11.0;-17.0;ISOPROPANOL
7115.0;12047.0;19703.0;23041.0;4451.0;5442.0;5750.0;9838.0;16548.0;26380.0;3983.0;5355.0;3.0;-7.0;5.0;-18.0;ISOPROPANOL
7104.0;12091.0;19657.0;23039.0;4469.0;5501.0;5798.0;9931.0;16692.0;26465.0;4010.0;5331.0;1.0;-6.0;5.0;-18.0;ISOPROPANOL
7122.0;12033.0;19571.0;23022.0;4421.0;5479.0;5778.0;9838.0;16512.0;26348.0;3973.0;5307.0;1.0;-6.0;5.0;-18.0;ISOPROPANOL
7086.0;12012.0;19587.0;23130.0;4453.0;5482.0;5812.0;9921.0;16752.0;26519.0;4022.0;5356.0;1.0;-6.0;5.0;-18.0;ISOPROPANOL
7106.0;12037.0;19647.0;22958.0;4445.0;5506.0;5854.0;10009.0;16854.0;26606.0;4028.0;5372.0;1.0;-3.0;5.0;-16.0;ISOPROPANOL
7150.0;12016.0;19629.0;23003.0;4420.0;5471.0;5785.0;9865.0;16658.0;26325.0;3993.0;5309.0;1.0;-3.0;8.0;-14.0;ISOPROPANOL
7065.0;11992.0;19532.0;22993.0;4433.0;5463.0;5721.0;9772.0;16440.0;26306.0;3982.0;5297.0;2.0;-2.0;8.0;-14.0;ISOPROPANOL
7000.0;11880.0;19479.0;23018.0;4422.0;5483.0;5815.0;9902.0;16673.0;26513.0;4022.0;5382.0;-1.0;-2.0;16.0;-14.0;ISOPROPANOL
7217.0;12208.0;19836.0;23046.0;4478.0;5512.0;5909.0;10021.0;16946.0;26702.0;4047.0;5337.0;-1.0;-2.0;12.0;-12.0;ISOPROPANOL
7160.0;12137.0;19751.0;23023.0;4482.0;5511.0;5917.0;10116.0;16944.0;26683.0;4038.0;5387.0;2.0;0.0;12.0;-12.0;ISOPROPANOL
7166.0;12144.0;19760.0;23108.0;4464.0;5479.0;5770.0;9694.0;16545.0;26364.0;3968.0;5298.0;3.0;0.0;13.0;-12.0;ISOPROPANOL
7082.0;12014.0;19561.0;23091.0;4449.0;5477.0;5783.0;9835.0;16560.0;26296.0;3971.0;5278.0;3.0;0.0;13.0;-12.0;ISOPROPANOL
7115.0;12081.0;19696.0;23068.0;4460.0;5488.0;5856.0;9988.0;16822.0;26568.0;4016.0;5371.0;3.0;0.0;5.0;-17.0;ISOPROPANOL
7080.0;12060.0;19661.0;23121.0;4455.0;5496.0;5742.0;9827.0;16647.0;26465.0;3979.0;5329.0;2.0;-2.0;5.0;-17.0;ISOPROPANOL
7104.0;12065.0;19634.0;23019.0;4420.0;5426.0;5703.0;9799.0;16455.0;26237.0;3955.0;5253.0;2.0;-4.0;5.0;-13.0;ISOPROPANOL
7044.0;11907.0;19483.0;22952.0;4396.0;5401.0;5698.0;9747.0;16394.0;26131.0;3943.0;5192.0;3.0;-2.0;6.0;-17.0;ISOPROPANOL
6954.0;11812.0;19350.0;22944.0;4396.0;5413.0;5689.0;9695.0;16392.0;26229.0;3953.0;5279.0;3.0;-4.0;6.0;-17.0;ISOPROPANOL
7120.0;12022.0;19545.0;23062.0;4429.0;5471.0;5806.0;9878.0;16611.0;26423.0;4005.0;5334.0;7.0;-4.0;9.0;-18.0;ISOPROPANOL
7117.0;12057.0;19661.0;23091.0;4432.0;5453.0;5764.0;9841.0;16740.0;26513.0;4001.0;5373.0;7.0;-2.0;4.0;-18.0;ISOPROPANOL
7089.0;12058.0;19604.0;22957.0;4439.0;5459.0;5846.0;9957.0;16809.0;26489.0;4005.0;5312.0;2.0;-2.0;8.0;-20.0;ISOPROPANOL
7091.0;12078.0;19661.0;23059.0;4453.0;5492.0;5819.0;9975.0;16720.0;26495.0;4016.0;5310.0;2.0;-5.0;4.0;-21.0;ISOPROPANOL
7088.0;12029.0;19625.0;23022.0;4458.0;5477.0;5810.0;9934.0;16584.0;26402.0;3976.0;5333.0;4.0;-3.0;0.0;-21.0;ISOPROPANOL
7120.0;12062.0;19700.0;23025.0;4470.0;5509.0;5854.0;9980.0;16776.0;26576.0;4030.0;5365.0;2.0;-5.0;0.0;-21.0;ISOPROPANOL
7198.0;12189.0;19769.0;23117.0;4500.0;5548.0;5867.0;10002.0;16891.0;26611.0;4027.0;5384.0;4.0;-5.0;0.0;-21.0;ISOPROPANOL
7219.0;12216.0;19794.0;23043.0;4484.0;5494.0;5755.0;9842.0;16586.0;26391.0;3993.0;5348.0;4.0;-6.0;0.0;-21.0;ISOPROPANOL
7105.0;12103.0;19706.0;23107.0;4483.0;5528.0;5882.0;10018.0;16989.0;26753.0;4071.0;5371.0;3.0;-5.0;0.0;-20.0;ISOPROPANOL
7064.0;11973.0;19565.0;22970.0;4441.0;5474.0;5830.0;9918.0;16628.0;26408.0;4008.0;5354.0;4.0;-5.0;8.0;-20.0;ISOPROPANOL
7123.0;12026.0;19605.0;23057.0;4446.0;5469.0;5743.0;9787.0;16610.0;26338.0;4007.0;5348.0;14.0;-6.0;14.0;-16.0;ISOPROPANOL
7138.0;11925.0;19631.0;23118.0;4458.0;5466.0;5800.0;9922.0;16647.0;26429.0;3971.0;5358.0;12.0;-3.0;16.0;-20.0;ISOPROPANOL
7138.0;12059.0;19704.0;23035.0;4452.0;5485.0;5823.0;9883.0;16650.0;26423.0;4010.0;5296.0;7.0;-3.0;7.0;-20.0;ISOPROPANOL
7138.0;11925.0;19631.0;23118.0;4458.0;5466.0;5800.0;9922.0;16647.0;26429.0;3971.0;5358.0;7.0;-3.0;7.0;-17.0;ISOPROPANOL
7095.0;12042.0;19689.0;23058.0;4462.0;5519.0;5801.0;9913.0;16727.0;26535.0;4037.0;5368.0;2.0;-3.0;7.0;-17.0;ISOPROPANOL
7237.0;12232.0;19827.0;23123.0;4489.0;5499.0;5849.0;9956.0;16730.0;26522.0;4018.0;5356.0;12.0;0.0;4.0;-17.0;ISOPROPANOL
