OFFCHIP_SENSIMOX_SnAu_150_200.0_IN-PHASE;OFFCHIP_SENSIMOX_SnAu_200_200.0_IN-PHASE;OFFCHIP_SENSIMOX_SnAu_250_200.0_IN-PHASE;OFFCHIP_SENSIMOX_SnAu_300_200.0_IN-PHASE;OFFCHIP_SENSIMOX_SnAu_350_200.0_IN-PHASE;OFFCHIP_SENSIMOX_SnAu_400_200.0_IN-PHASE;OFFCHIP_SENSIMOX_SnAu_150_78125.0_IN-PHASE;OFFCHIP_SENSIMOX_SnAu_200_78125.0_IN-PHASE;OFFCHIP_SENSIMOX_SnAu_250_78125.0_IN-PHASE;OFFCHIP_SENSIMOX_SnAu_300_78125.0_IN-PHASE;OFFCHIP_SENSIMOX_SnAu_350_78125.0_IN-PHASE;OFFCHIP_SENSIMOX_SnAu_400_78125.0_IN-PHASE;ONCHIP_ALUMINUM_OXIDE_OUT4_IN-PHASE;ONCHIP_ALUMINUM_OXIDE_OUT4_QUADRATURE;ONCHIP_ALUMINUM_OXIDE_OUT7_IN-PHASE;ONCHIP_ALUMINUM_OXIDE_OUT7_QUADRATURE;LABEL
1.0;1.0;1.0;1.0;1.0;1.0;1.0;1.0;1.0;1.0;1.0;1.0;1.0;1.0;1.0;1.0;ISOPROPANOL
133.0;259.0;492.0;927.0;159.0;236.0;115.0;224.0;446.0;858.0;151.0;239.0;-12.0;-7.0;-2.0;0.0;ISOPROPANOL
167.0;319.0;597.0;1112.0;187.0;280.0;137.0;270.0;529.0;1014.0;177.0;271.0;-11.0;-7.0;-2.0;0.0;ISOPROPANOL
179.0;340.0;625.0;1150.0;193.0;284.0;129.0;251.0;486.0;929.0;160.0;250.0;-11.0;-7.0;1.0;0.0;ISOPROPANOL
149.0;275.0;510.0;925.0;153.0;229.0;103.0;194.0;377.0;703.0;122.0;193.0;-11.0;-7.0;1.0;6.0;ISOPROPANOL
113.0;208.0;387.0;698.0;118.0;177.0;81.0;150.0;300.0;561.0;96.0;154.0;-8.0;-7.0;1.0;4.0;ISOPROPANOL
92.0;171.0;314.0;567.0;92.0;139.0;60.0;112.0;214.0;394.0;67.0;101.0;-11.0;-4.0;-2.0;6.0;ISOPROPANOL
60.0;108.0;196.0;358.0;59.0;87.0;37.0;66.0;122.0;231.0;37.0;56.0;-11.0;-4.0;-5.0;4.0;ISOPROPANOL
35.0;61.0;112.0;208.0;33.0;47.0;33.0;61.0;122.0;231.0;18.0;26.0;-11.0;-9.0;-8.0;6.0;ISOPROPANOL
35.0;61.0;112.0;228.0;39.0;64.0;33.0;61.0;122.0;231.0;15.0;26.0;-7.0;-5.0;-8.0;2.0;ISOPROPANOL
27.0;56.0;111.0;228.0;39.0;64.0;33.0;61.0;127.0;246.0;46.0;73.0;-7.0;-10.0;-8.0;3.0;ISOPROPANOL
53.0;103.0;200.0;375.0;64.0;94.0;43.0;80.0;149.0;291.0;50.0;83.0;-7.0;-10.0;-1.0;2.0;ISOPROPANOL
55.0;102.0;188.0;347.0;57.0;82.0;37.0;67.0;139.0;266.0;46.0;78.0;-7.0;-9.0;-1.0;5.0;ISOPROPANOL
54.0;103.0;195.0;367.0;64.0;98.0;42.0;82.0;163.0;331.0;56.0;89.0;-11.0;-9.0;-1.0;3.0;ISOPROPANOL
62.0;110.0;207.0;372.0;62.0;95.0;43.0;83.0;169.0;321.0;56.0;92.0;-11.0;-9.0;-2.0;3.0;ISOPROPANOL
65.0;127.0;244.0;462.0;79.0;123.0;55.0;107.0;218.0;425.0;75.0;118.0;-11.0;-6.0;-10.0;2.0;ISOPROPANOL
83.0;159.0;310.0;576.0;97.0;146.0;67.0;129.0;261.0;487.0;87.0;141.0;-14.0;-6.0;-10.0;1.0;ISOPROPANOL
93.0;175.0;328.0;601.0;101.0;155.0;68.0;134.0;260.0;499.0;88.0;144.0;-14.0;-6.0;-10.0;2.0;ISOPROPANOL
93.0;178.0;345.0;646.0;112.0;169.0;81.0;162.0;322.0;609.0;108.0;172.0;-9.0;-6.0;-3.0;3.0;ISOPROPANOL
114.0;219.0;414.0;767.0;131.0;198.0;88.0;173.0;347.0;650.0;118.0;181.0;-9.0;-6.0;-3.0;2.0;ISOPROPANOL
118.0;223.0;427.0;791.0;135.0;204.0;96.0;183.0;368.0;696.0;120.0;192.0;-14.0;-6.0;-3.0;1.0;ISOPROPANOL
126.0;236.0;442.0;820.0;141.0;207.0;97.0;189.0;375.0;707.0;125.0;202.0;-14.0;-6.0;-3.0;1.0;ISOPROPANOL
128.0;241.0;443.0;800.0;133.0;194.0;85.0;157.0;314.0;573.0;98.0;156.0;-7.0;-6.0;-4.0;1.0;ISOPROPANOL
89.0;162.0;300.0;531.0;90.0;132.0;53.0;101.0;197.0;376.0;64.0;104.0;-10.0;-6.0;-4.0;1.0;ISOPROPANOL
61.0;114.0;207.0;373.0;63.0;98.0;44.0;85.0;163.0;306.0;53.0;88.0;-10.0;-9.0;-4.0;7.0;ISOPROPANOL
65.0;124.0;233.0;430.0;74.0;109.0;47.0;88.0;176.0;337.0;59.0;94.0;-10.0;-7.0;-6.0;8.0;ISOPROPANOL
54.0;96.0;179.0;309.0;52.0;79.0;31.0;52.0;113.0;217.0;35.0;59.0;-9.0;-6.0;-3.0;10.0;ISOPROPANOL
34.0;63.0;114.0;203.0;33.0;49.0;17.0;29.0;60.0;115.0;20.0;30.0;-10.0;-5.0;-3.0;5.0;ISOPROPANOL
22.0;40.0;75.0;146.0;25.0;36.0;14.0;23.0;48.0;84.0;14.0;24.0;-9.0;-7.0;-4.0;5.0;ISOPROPANOL
21.0;39.0;80.0;142.0;24.0;37.0;14.0;24.0;56.0;105.0;18.0;27.0;-9.0;-7.0;-4.0;4.0;ISOPROPANOL
23.0;38.0;72.0;131.0;19.0;30.0;10.0;16.0;35.0;66.0;11.0;16.0;-9.0;-5.0;4.0;4.0;ISOPROPANOL
15.0;27.0;49.0;89.0;15.0;23.0;7.0;10.0;23.0;50.0;8.0;14.0;-9.0;-9.0;5.0;6.0;ISOPROPANOL
13.0;23.0;48.0;88.0;14.0;21.0;8.0;11.0;27.0;45.0;7.0;11.0;-9.0;-9.0;6.0;4.0;ISOPROPANOL
14.0;24.0;44.0;96.0;15.0;26.0;12.0;23.0;56.0;103.0;18.0;30.0;-9.0;-9.0;3.0;3.0;ISOPROPANOL
30.0;54.0;107.0;188.0;32.0;50.0;21.0;40.0;79.0;154.0;27.0;42.0;-9.0;-9.0;-3.0;3.0;ISOPROPANOL
31.0;58.0;112.0;227.0;33.0;57.0;22.0;45.0;91.0;186.0;33.0;48.0;-8.0;-9.0;-7.0;3.0;ISOPROPANOL
38.0;75.0;146.0;292.0;48.0;77.0;34.0;67.0;140.0;276.0;48.0;78.0;-9.0;-9.0;-7.0;3.0;ISOPROPANOL
57.0;112.0;218.0;408.0;67.0;100.0;45.0;86.0;172.0;330.0;60.0;95.0;-8.0;-8.0;-7.0;3.0;ISOPROPANOL
62.0;119.0;228.0;426.0;73.0;107.0;44.0;84.0;164.0;330.0;59.0;94.0;-8.0;-8.0;-7.0;6.0;ISOPROPANOL
58.0;108.0;208.0;391.0;68.0;104.0;43.0;86.0;173.0;333.0;59.0;98.0;-8.0;-7.0;-8.0;2.0;ISOPROPANOL
69.0;137.0;266.0;500.0;88.0;138.0;64.0;119.0;253.0;499.0;88.0;142.0;-10.0;-7.0;-8.0;8.0;ISOPROPANOL
90.0;171.0;328.0;613.0;103.0;156.0;65.0;130.0;264.0;507.0;91.0;141.0;-8.0;-6.0;-8.0;3.0;ISOPROPANOL
84.0;156.0;297.0;529.0;89.0;134.0;52.0;101.0;201.0;380.0;67.0;104.0;-10.0;-4.0;-8.0;4.0;ISOPROPANOL
56.0;102.0;193.0;364.0;60.0;89.0;32.0;58.0;119.0;223.0;35.0;64.0;-10.0;-4.0;-8.0;4.0;ISOPROPANOL
35.0;66.0;120.0;230.0;38.0;61.0;22.0;43.0;94.0;182.0;32.0;80.0;-13.0;-4.0;-7.0;-1.0;ISOPROPANOL
34.0;63.0;126.0;253.0;43.0;69.0;28.0;59.0;132.0;260.0;47.0;80.0;-13.0;-4.0;-7.0;-1.0;ISOPROPANOL
55.0;107.0;211.0;425.0;71.0;103.0;48.0;94.0;195.0;378.0;67.0;103.0;-13.0;-4.0;-8.0;-1.0;ISOPROPANOL
59.0;108.0;209.0;382.0;63.0;92.0;35.0;65.0;130.0;258.0;44.0;71.0;-14.0;-4.0;-7.0;0.0;ISOPROPANOL
34.0;67.0;137.0;259.0;46.0;71.0;28.0;52.0;117.0;244.0;43.0;72.0;-14.0;-4.0;-8.0;2.0;ISOPROPANOL
46.0;85.0;161.0;297.0;53.0;78.0;27.0;52.0;112.0;213.0;36.0;57.0;-11.0;-4.0;-8.0;3.0;ISOPROPANOL
32.0;60.0;120.0;221.0;39.0;59.0;22.0;44.0;95.0;191.0;35.0;57.0;-11.0;-4.0;-8.0;2.0;ISOPROPANOL
42.0;82.0;169.0;335.0;58.0;89.0;38.0;74.0;152.0;286.0;51.0;83.0;-8.0;-6.0;-8.0;2.0;ISOPROPANOL
57.0;113.0;223.0;418.0;75.0;114.0;44.0;85.0;175.0;335.0;59.0;96.0;-6.0;-7.0;-8.0;2.0;ISOPROPANOL
46.0;89.0;168.0;305.0;52.0;70.0;26.0;48.0;96.0;181.0;30.0;49.0;-6.0;-8.0;2.0;0.0;ISOPROPANOL
-11.0;-16.0;-32.0;-53.0;-7.0;-12.0;-5.0;-6.0;-23.0;-36.0;-5.0;-9.0;2.0;7.0;-2.0;5.0;ISOPROPANOL
-4.0;-6.0;-18.0;-48.0;-6.0;-10.0;-5.0;-4.0;-17.0;-22.0;-3.0;-3.0;2.0;4.0;0.0;5.0;ISOPROPANOL
-4.0;-4.0;-4.0;0.0;2.0;6.0;4.0;19.0;29.0;65.0;15.0;28.0;9.0;5.0;0.0;-1.0;ISOPROPANOL
21.0;49.0;99.0;205.0;40.0;68.0;40.0;93.0;186.0;384.0;72.0;125.0;9.0;8.0;7.0;-1.0;ISOPROPANOL
90.0;200.0;417.0;820.0;150.0;227.0;116.0;257.0;526.0;1068.0;201.0;337.0;8.0;5.0;6.0;-1.0;ISOPROPANOL
276.0;608.0;1274.0;2499.0;447.0;669.0;384.0;809.0;1602.0;3072.0;538.0;830.0;3.0;3.0;0.0;-1.0;ISOPROPANOL
593.0;1164.0;2222.0;4043.0;667.0;921.0;503.0;1020.0;1981.0;3724.0;635.0;973.0;3.0;4.0;0.0;-3.0;ISOPROPANOL
670.0;1280.0;2380.0;4238.0;690.0;954.0;509.0;1005.0;1916.0;3576.0;615.0;947.0;2.0;4.0;0.0;-4.0;ISOPROPANOL
624.0;1179.0;2185.0;3926.0;646.0;909.0;474.0;938.0;1783.0;3321.0;575.0;881.0;2.0;8.0;2.0;-4.0;ISOPROPANOL
566.0;1072.0;1998.0;3594.0;596.0;858.0;454.0;903.0;1734.0;3255.0;564.0;873.0;-1.0;10.0;2.0;-4.0;ISOPROPANOL
574.0;1099.0;2052.0;3743.0;626.0;898.0;480.0;954.0;1817.0;3395.0;592.0;917.0;-1.0;4.0;2.0;-4.0;ISOPROPANOL
598.0;1147.0;2144.0;3886.0;645.0;922.0;497.0;986.0;1888.0;3506.0;605.0;941.0;-1.0;4.0;-1.0;-4.0;ISOPROPANOL
626.0;1200.0;2227.0;4005.0;663.0;941.0;501.0;997.0;1897.0;3518.0;612.0;944.0;-1.0;3.0;-1.0;-3.0;ISOPROPANOL
612.0;1154.0;2119.0;3781.0;622.0;885.0;458.0;903.0;1718.0;3201.0;536.0;860.0;-1.0;8.0;-1.0;-3.0;ISOPROPANOL
581.0;1121.0;2118.0;3890.0;656.0;965.0;535.0;1071.0;2056.0;3862.0;668.0;1028.0;0.0;8.0;-4.0;-2.0;ISOPROPANOL
710.0;1357.0;2541.0;4572.0;762.0;1085.0;612.0;1195.0;2302.0;4300.0;735.0;1129.0;1.0;8.0;-4.0;-2.0;ISOPROPANOL
795.0;1507.0;2805.0;5037.0;830.0;1165.0;651.0;1290.0;2448.0;4577.0;787.0;1207.0;2.0;9.0;2.0;-2.0;ISOPROPANOL
851.0;1625.0;3033.0;5418.0;893.0;1253.0;721.0;1426.0;2711.0;4980.0;847.0;1288.0;8.0;9.0;-1.0;-2.0;ISOPROPANOL
912.0;1734.0;3218.0;5692.0;929.0;1299.0;750.0;1464.0;2762.0;5112.0;860.0;1316.0;7.0;6.0;1.0;-1.0;ISOPROPANOL
925.0;1753.0;3239.0;5774.0;940.0;1322.0;754.0;1475.0;2790.0;5129.0;874.0;1295.0;7.0;5.0;4.0;-1.0;ISOPROPANOL
921.0;1740.0;3203.0;5679.0;928.0;1305.0;747.0;1451.0;2745.0;5043.0;848.0;1286.0;6.0;10.0;1.0;-1.0;ISOPROPANOL
897.0;1684.0;3100.0;5412.0;895.0;1264.0;707.0;1384.0;2613.0;4802.0;814.0;1235.0;1.0;11.0;-1.0;-3.0;ISOPROPANOL
851.0;1594.0;2920.0;5200.0;855.0;1209.0;675.0;1313.0;2482.0;4555.0;783.0;1198.0;1.0;5.0;-4.0;-1.0;ISOPROPANOL
825.0;1561.0;2873.0;5093.0;837.0;1181.0;656.0;1285.0;2437.0;4467.0;760.0;1171.0;-1.0;5.0;-4.0;-1.0;ISOPROPANOL
805.0;1513.0;2764.0;4932.0;811.0;1153.0;643.0;1255.0;2382.0;4384.0;748.0;1145.0;-7.0;5.0;-4.0;-1.0;ISOPROPANOL
765.0;1449.0;2675.0;4781.0;787.0;1126.0;624.0;1217.0;2294.0;4225.0;722.0;1118.0;-1.0;9.0;-4.0;0.0;ISOPROPANOL
764.0;1442.0;2643.0;4698.0;778.0;1108.0;614.0;1195.0;2261.0;4168.0;712.0;1092.0;-1.0;10.0;-1.0;3.0;ISOPROPANOL
750.0;1402.0;2590.0;4599.0;762.0;1093.0;607.0;1191.0;2240.0;4114.0;703.0;1091.0;-1.0;4.0;4.0;2.0;ISOPROPANOL
740.0;1397.0;2580.0;4592.0;757.0;1088.0;599.0;1175.0;2227.0;4095.0;702.0;1091.0;-2.0;4.0;-1.0;2.0;ISOPROPANOL
747.0;1409.0;2588.0;4632.0;765.0;1091.0;618.0;1202.0;2277.0;4191.0;710.0;1099.0;1.0;6.0;0.0;1.0;ISOPROPANOL
753.0;1422.0;2611.0;4676.0;772.0;1106.0;622.0;1216.0;2290.0;4227.0;724.0;1116.0;1.0;6.0;0.0;-2.0;ISOPROPANOL
780.0;1464.0;2700.0;4776.0;780.0;1118.0;631.0;1236.0;2328.0;4268.0;729.0;1112.0;1.0;8.0;0.0;-2.0;ISOPROPANOL
773.0;1454.0;2673.0;4762.0;780.0;1122.0;642.0;1244.0;2344.0;4310.0;731.0;1121.0;4.0;9.0;0.0;1.0;ISOPROPANOL
784.0;1478.0;2715.0;4832.0;793.0;1127.0;633.0;1239.0;2338.0;4292.0;736.0;1137.0;3.0;8.0;0.0;1.0;ISOPROPANOL
799.0;1499.0;2760.0;4911.0;808.0;1164.0;672.0;1312.0;2487.0;4580.0;785.0;1211.0;-4.0;8.0;2.0;-1.0;ISOPROPANOL
872.0;1651.0;3047.0;5384.0;879.0;1252.0;721.0;1418.0;2674.0;4902.0;831.0;1270.0;-4.0;12.0;5.0;3.0;ISOPROPANOL
911.0;1722.0;3167.0;5653.0;923.0;1304.0;760.0;1493.0;2813.0;5186.0;880.0;1336.0;-5.0;5.0;5.0;3.0;ISOPROPANOL
974.0;1832.0;3381.0;5998.0;974.0;1374.0;808.0;1579.0;2983.0;5429.0;919.0;1399.0;-7.0;10.0;-2.0;5.0;ISOPROPANOL
1012.0;1887.0;3452.0;6060.0;983.0;1376.0;796.0;1547.0;2905.0;5286.0;895.0;1374.0;-5.0;5.0;-8.0;5.0;ISOPROPANOL
989.0;1871.0;3456.0;6100.0;1003.0;1408.0;839.0;1633.0;3069.0;5589.0;946.0;1441.0;-5.0;6.0;-8.0;-2.0;ISOPROPANOL
1045.0;1956.0;3570.0;6282.0;1015.0;1419.0;826.0;1610.0;3038.0;5454.0;936.0;1422.0;-6.0;6.0;-8.0;-2.0;ISOPROPANOL
1032.0;1941.0;3559.0;6304.0;1024.0;1439.0;852.0;1662.0;3120.0;5704.0;961.0;1468.0;-6.0;6.0;-7.0;-2.0;ISOPROPANOL
1078.0;2020.0;3695.0;6527.0;1060.0;1480.0;888.0;1708.0;3232.0;5902.0;997.0;1512.0;-3.0;5.0;-6.0;-2.0;ISOPROPANOL
1110.0;2075.0;3807.0;6697.0;1077.0;1498.0;901.0;1746.0;3252.0;5937.0;1004.0;1521.0;-3.0;6.0;4.0;3.0;ISOPROPANOL
1124.0;2104.0;3848.0;6795.0;1097.0;1525.0;915.0;1781.0;3351.0;6071.0;1022.0;1548.0;-3.0;6.0;2.0;2.0;ISOPROPANOL
1135.0;2135.0;3904.0;6879.0;1112.0;1552.0;920.0;1781.0;3341.0;6095.0;1019.0;1533.0;-1.0;6.0;3.0;2.0;ISOPROPANOL
1104.0;2069.0;3769.0;6606.0;1066.0;1501.0;891.0;1717.0;3215.0;5851.0;984.0;1498.0;-3.0;8.0;2.0;-1.0;ISOPROPANOL
1092.0;2044.0;3738.0;6559.0;1067.0;1498.0;890.0;1707.0;3223.0;5869.0;992.0;1496.0;2.0;6.0;4.0;-1.0;ISOPROPANOL
1096.0;2065.0;3799.0;6677.0;1088.0;1537.0;926.0;1802.0;3400.0;6232.0;1048.0;1592.0;2.0;6.0;2.0;-2.0;ISOPROPANOL
1196.0;2239.0;4088.0;7211.0;1164.0;1640.0;1021.0;1990.0;3750.0;6809.0;1148.0;1730.0;4.0;6.0;4.0;-2.0;ISOPROPANOL
1317.0;2479.0;4554.0;8018.0;1290.0;1778.0;1117.0;2165.0;4042.0;7349.0;1229.0;1838.0;2.0;11.0;8.0;-2.0;ISOPROPANOL
1434.0;2687.0;4905.0;8550.0;1364.0;1860.0;1182.0;2274.0;4246.0;7677.0;1275.0;1883.0;4.0;4.0;7.0;-2.0;ISOPROPANOL
1444.0;2703.0;4906.0;8580.0;1368.0;1875.0;1170.0;2258.0;4187.0;7532.0;1256.0;1869.0;4.0;5.0;5.0;-4.0;ISOPROPANOL
1428.0;2649.0;4793.0;8315.0;1324.0;1817.0;1121.0;2148.0;4002.0;7185.0;1189.0;1790.0;0.0;4.0;5.0;-4.0;ISOPROPANOL
1358.0;2507.0;4521.0;7861.0;1248.0;1727.0;1058.0;2033.0;3792.0;6833.0;1142.0;1722.0;0.0;9.0;-1.0;-5.0;ISOPROPANOL
1305.0;2453.0;4480.0;7891.0;1274.0;1794.0;1147.0;2210.0;4133.0;7474.0;1251.0;1883.0;0.0;10.0;1.0;-5.0;ISOPROPANOL
1455.0;2718.0;4936.0;8583.0;1365.0;1875.0;1172.0;2235.0;4187.0;7542.0;1254.0;1871.0;0.0;7.0;-1.0;-3.0;ISOPROPANOL
1448.0;2688.0;4853.0;8463.0;1342.0;1843.0;1139.0;2189.0;4063.0;7324.0;1226.0;1829.0;0.0;5.0;1.0;-2.0;ISOPROPANOL
1383.0;2574.0;4670.0;8175.0;1316.0;1814.0;1134.0;2170.0;4047.0;7288.0;1217.0;1803.0;1.0;5.0;-1.0;-3.0;ISOPROPANOL
1378.0;2553.0;4602.0;7957.0;1276.0;1756.0;1078.0;2059.0;3830.0;6895.0;1150.0;1737.0;1.0;5.0;1.0;-2.0;ISOPROPANOL
1295.0;2408.0;4344.0;7598.0;1215.0;1684.0;1031.0;1996.0;3734.0;6747.0;1133.0;1721.0;1.0;10.0;-1.0;-3.0;ISOPROPANOL
1321.0;2463.0;4444.0;7750.0;1235.0;1719.0;1058.0;2037.0;3780.0;6778.0;1133.0;1702.0;0.0;7.0;-1.0;-3.0;ISOPROPANOL
1285.0;2379.0;4311.0;7510.0;1201.0;1668.0;1030.0;1981.0;3684.0;6613.0;1110.0;1669.0;-1.0;7.0;-2.0;-3.0;ISOPROPANOL
1250.0;2327.0;4216.0;7385.0;1189.0;1660.0;1018.0;1958.0;3656.0;6623.0;1102.0;1648.0;-6.0;7.0;-2.0;-1.0;ISOPROPANOL
1262.0;2368.0;4299.0;7527.0;1208.0;1686.0;1042.0;2000.0;3733.0;6717.0;1120.0;1683.0;-6.0;10.0;-2.0;-1.0;ISOPROPANOL
1277.0;2363.0;4273.0;7524.0;1211.0;1690.0;1043.0;2035.0;3799.0;6872.0;1143.0;1707.0;-6.0;7.0;-4.0;-1.0;ISOPROPANOL
1300.0;2427.0;4426.0;7745.0;1252.0;1750.0;1090.0;2101.0;3915.0;7067.0;1183.0;1770.0;-1.0;10.0;-4.0;0.0;ISOPROPANOL
1349.0;2515.0;4569.0;7990.0;1278.0;1770.0;1110.0;2126.0;3953.0;7097.0;1186.0;1777.0;-6.0;7.0;-5.0;0.0;ISOPROPANOL
1355.0;2526.0;4602.0;8023.0;1304.0;1817.0;1177.0;2251.0;4243.0;7672.0;1279.0;1913.0;-6.0;7.0;-5.0;-3.0;ISOPROPANOL
1508.0;2819.0;5106.0;8850.0;1406.0;1926.0;1207.0;2306.0;4285.0;7676.0;1280.0;1893.0;-6.0;11.0;-5.0;-3.0;ISOPROPANOL
1452.0;2683.0;4820.0;8368.0;1332.0;1826.0;1136.0;2188.0;4070.0;7310.0;1218.0;1820.0;-2.0;10.0;-5.0;-3.0;ISOPROPANOL
1397.0;2592.0;4688.0;8130.0;1296.0;1799.0;1117.0;2143.0;3981.0;7169.0;1195.0;1794.0;-4.0;10.0;-7.0;-3.0;ISOPROPANOL
1388.0;2580.0;4694.0;8174.0;1318.0;1844.0;1176.0;2268.0;4228.0;7613.0;1255.0;1884.0;-4.0;4.0;-6.0;-3.0;ISOPROPANOL
1484.0;2744.0;4943.0;8597.0;1362.0;1879.0;1189.0;2274.0;4212.0;7593.0;1262.0;1867.0;-4.0;3.0;-4.0;-3.0;ISOPROPANOL
1458.0;2707.0;4892.0;8526.0;1361.0;1869.0;1190.0;2283.0;4230.0;7616.0;1265.0;1877.0;-4.0;2.0;-4.0;-3.0;ISOPROPANOL
1444.0;2679.0;4840.0;8476.0;1361.0;1904.0;1217.0;2344.0;4365.0;7874.0;1306.0;1956.0;-4.0;2.0;-4.0;-2.0;ISOPROPANOL
1541.0;2894.0;5213.0;9048.0;1436.0;1966.0;1262.0;2420.0;4492.0;8015.0;1331.0;1969.0;-8.0;6.0;-4.0;0.0;ISOPROPANOL
1544.0;2852.0;5155.0;8976.0;1429.0;1987.0;1272.0;2432.0;4547.0;8114.0;1342.0;2004.0;-2.0;6.0;-3.0;0.0;ISOPROPANOL
1550.0;2863.0;5159.0;8922.0;1423.0;1949.0;1242.0;2363.0;4355.0;7807.0;1298.0;1932.0;-1.0;5.0;-3.0;0.0;ISOPROPANOL
1540.0;2852.0;5142.0;8934.0;1419.0;1959.0;1254.0;2396.0;4430.0;7930.0;1321.0;1963.0;-1.0;5.0;-3.0;0.0;ISOPROPANOL
1544.0;2848.0;5136.0;8782.0;1409.0;1950.0;1246.0;2380.0;4409.0;7884.0;1314.0;1960.0;-1.0;7.0;-3.0;-1.0;ISOPROPANOL
1530.0;2813.0;5055.0;8796.0;1402.0;1931.0;1223.0;2339.0;4343.0;7770.0;1289.0;1922.0;-1.0;7.0;-3.0;-1.0;ISOPROPANOL
1488.0;2771.0;5012.0;8762.0;1406.0;1945.0;1257.0;2416.0;4486.0;8052.0;1337.0;1976.0;1.0;11.0;0.0;-1.0;ISOPROPANOL
1562.0;2882.0;5196.0;8934.0;1424.0;1951.0;1262.0;2401.0;4423.0;7899.0;1301.0;1940.0;1.0;5.0;1.0;-2.0;ISOPROPANOL
1528.0;2818.0;5082.0;8815.0;1407.0;1934.0;1243.0;2369.0;4341.0;7814.0;1297.0;1941.0;1.0;9.0;1.0;-2.0;ISOPROPANOL
1559.0;2866.0;5192.0;9002.0;1428.0;1959.0;1280.0;2441.0;4521.0;8074.0;1338.0;2009.0;-2.0;5.0;0.0;-4.0;ISOPROPANOL
1596.0;2954.0;5304.0;9260.0;1468.0;2016.0;1310.0;2497.0;4608.0;8247.0;1364.0;2029.0;-2.0;9.0;-3.0;-4.0;ISOPROPANOL
1618.0;2978.0;5320.0;9172.0;1453.0;1990.0;1296.0;2454.0;4533.0;8089.0;1332.0;1984.0;-2.0;6.0;-3.0;-2.0;ISOPROPANOL
1551.0;2855.0;5100.0;8762.0;1393.0;1907.0;1214.0;2309.0;4276.0;7610.0;1258.0;1861.0;10.0;7.0;-6.0;-2.0;ISOPROPANOL
1457.0;2681.0;4808.0;8345.0;1328.0;1847.0;1169.0;2229.0;4115.0;7365.0;1226.0;1839.0;10.0;7.0;-6.0;-2.0;ISOPROPANOL
1424.0;2623.0;4710.0;8210.0;1308.0;1823.0;1164.0;2223.0;4106.0;7324.0;1221.0;1824.0;6.0;11.0;-3.0;-1.0;ISOPROPANOL
1413.0;2614.0;4750.0;8222.0;1310.0;1822.0;1156.0;2217.0;4096.0;7378.0;1215.0;1840.0;6.0;6.0;3.0;-2.0;ISOPROPANOL
1428.0;2636.0;4755.0;8235.0;1314.0;1811.0;1160.0;2209.0;4080.0;7292.0;1212.0;1811.0;-2.0;5.0;-1.0;-2.0;ISOPROPANOL
1422.0;2635.0;4726.0;8215.0;1314.0;1831.0;1166.0;2225.0;4136.0;7415.0;1232.0;1842.0;11.0;8.0;4.0;-1.0;ISOPROPANOL
1442.0;2671.0;4793.0;8340.0;1338.0;1867.0;1211.0;2315.0;4300.0;7737.0;1282.0;1910.0;6.0;10.0;4.0;-2.0;ISOPROPANOL
1525.0;2828.0;5117.0;8835.0;1403.0;1931.0;1251.0;2361.0;4371.0;7793.0;1293.0;1926.0;6.0;5.0;4.0;-2.0;ISOPROPANOL
1499.0;2776.0;4990.0;8653.0;1377.0;1900.0;1223.0;2328.0;4297.0;7712.0;1255.0;1904.0;4.0;6.0;11.0;0.0;ISOPROPANOL
1489.0;2759.0;4973.0;8602.0;1359.0;1897.0;1206.0;2300.0;4254.0;7598.0;1265.0;1876.0;4.0;4.0;3.0;0.0;ISOPROPANOL
1488.0;2753.0;4948.0;8614.0;1377.0;1914.0;1256.0;2400.0;4455.0;8002.0;1339.0;2015.0;4.0;4.0;1.0;0.0;ISOPROPANOL
1634.0;3054.0;5523.0;9546.0;1527.0;2103.0;1407.0;2681.0;4940.0;8822.0;1445.0;2122.0;2.0;5.0;0.0;0.0;ISOPROPANOL
1682.0;3101.0;5562.0;9569.0;1505.0;2049.0;1305.0;2473.0;4545.0;8092.0;1333.0;1992.0;2.0;4.0;0.0;0.0;ISOPROPANOL
1562.0;2872.0;5125.0;8871.0;1403.0;1939.0;1241.0;2364.0;4369.0;7842.0;1297.0;1935.0;-1.0;4.0;0.0;1.0;ISOPROPANOL
1528.0;2806.0;5023.0;8702.0;1379.0;1902.0;1205.0;2308.0;4266.0;7608.0;1262.0;1893.0;-1.0;4.0;0.0;2.0;ISOPROPANOL
1491.0;2754.0;4969.0;8692.0;1395.0;1946.0;1268.0;2414.0;4461.0;7996.0;1326.0;1989.0;-1.0;9.0;0.0;4.0;ISOPROPANOL
1597.0;2949.0;5327.0;9180.0;1449.0;1989.0;1291.0;2447.0;4545.0;8105.0;1341.0;1989.0;1.0;8.0;2.0;4.0;ISOPROPANOL
1570.0;2900.0;5233.0;9040.0;1436.0;1988.0;1284.0;2439.0;4506.0;8037.0;1323.0;1974.0;2.0;8.0;2.0;4.0;ISOPROPANOL
1566.0;2884.0;5150.0;8923.0;1418.0;1964.0;1280.0;2431.0;4481.0;7969.0;1317.0;1956.0;1.0;8.0;2.0;5.0;ISOPROPANOL
1543.0;2834.0;5114.0;8791.0;1406.0;1972.0;1295.0;2472.0;4561.0;8081.0;1340.0;1992.0;-3.0;7.0;-9.0;5.0;ISOPROPANOL
1582.0;2928.0;5318.0;9266.0;1474.0;2027.0;1327.0;2518.0;4631.0;8286.0;1364.0;2035.0;-3.0;9.0;-9.0;2.0;ISOPROPANOL
1604.0;2956.0;5305.0;9116.0;1445.0;1977.0;1278.0;2430.0;4513.0;8061.0;1344.0;1994.0;-5.0;11.0;-9.0;2.0;ISOPROPANOL
1611.0;2983.0;5367.0;9385.0;1488.0;2049.0;1361.0;2586.0;4766.0;8456.0;1399.0;2077.0;-5.0;10.0;-4.0;2.0;ISOPROPANOL
1662.0;3054.0;5484.0;9465.0;1498.0;2033.0;1369.0;2605.0;4802.0;8510.0;1396.0;2093.0;-5.0;6.0;-3.0;0.0;ISOPROPANOL
1697.0;3171.0;5749.0;9900.0;1568.0;2159.0;1438.0;2711.0;5004.0;8917.0;1460.0;2149.0;-5.0;4.0;0.0;0.0;ISOPROPANOL
1743.0;3196.0;5729.0;9909.0;1565.0;2146.0;1433.0;2699.0;4972.0;8838.0;1460.0;2164.0;-5.0;9.0;0.0;-1.0;ISOPROPANOL
1759.0;3233.0;5809.0;10058.0;1590.0;2171.0;1449.0;2758.0;5066.0;9013.0;1477.0;2178.0;-5.0;7.0;0.0;-1.0;ISOPROPANOL
1799.0;3292.0;5874.0;10085.0;1579.0;2155.0;1431.0;2705.0;4951.0;8753.0;1446.0;2121.0;-5.0;7.0;0.0;-1.0;ISOPROPANOL
1700.0;3107.0;5533.0;9506.0;1498.0;2055.0;1335.0;2525.0;4633.0;8211.0;1356.0;2003.0;-6.0;8.0;-3.0;0.0;ISOPROPANOL
1589.0;2931.0;5220.0;9000.0;1434.0;1980.0;1292.0;2452.0;4506.0;8013.0;1323.0;1986.0;-6.0;9.0;-3.0;0.0;ISOPROPANOL
1580.0;2923.0;5242.0;9051.0;1448.0;2005.0;1322.0;2471.0;4594.0;8113.0;1345.0;1997.0;-6.0;8.0;-5.0;0.0;ISOPROPANOL
1585.0;2910.0;5217.0;9022.0;1429.0;1968.0;1290.0;2444.0;4511.0;8056.0;1334.0;1996.0;-6.0;8.0;-5.0;0.0;ISOPROPANOL
1645.0;3041.0;5473.0;9451.0;1503.0;2056.0;1370.0;2573.0;4745.0;8420.0;1391.0;2050.0;-3.0;6.0;-5.0;-1.0;ISOPROPANOL
1630.0;2997.0;5374.0;9203.0;1465.0;2023.0;1331.0;2510.0;4610.0;8203.0;1349.0;2010.0;0.0;6.0;-3.0;-2.0;ISOPROPANOL
1632.0;3017.0;5434.0;9419.0;1500.0;2069.0;1371.0;2596.0;4783.0;8526.0;1405.0;2088.0;0.0;8.0;5.0;-1.0;ISOPROPANOL
1707.0;3142.0;5644.0;9717.0;1532.0;2108.0;1403.0;2647.0;4847.0;8628.0;1419.0;2074.0;0.0;10.0;5.0;-1.0;ISOPROPANOL
1691.0;3092.0;5524.0;9482.0;1504.0;2053.0;1357.0;2562.0;4706.0;8378.0;1381.0;2043.0;0.0;6.0;6.0;1.0;ISOPROPANOL
1644.0;3029.0;5416.0;9355.0;1483.0;2057.0;1352.0;2566.0;4728.0;8401.0;1390.0;2070.0;-7.0;8.0;-3.0;1.0;ISOPROPANOL
1668.0;3071.0;5511.0;9537.0;1518.0;2081.0;1389.0;2652.0;4871.0;8677.0;1433.0;2123.0;-8.0;6.0;-8.0;1.0;ISOPROPANOL
1725.0;3158.0;5655.0;9782.0;1531.0;2110.0;1387.0;2626.0;4829.0;8541.0;1400.0;2082.0;-8.0;6.0;-8.0;-1.0;ISOPROPANOL
1688.0;3084.0;5528.0;9536.0;1502.0;2070.0;1376.0;2590.0;4759.0;8455.0;1389.0;2067.0;-7.0;8.0;-8.0;-4.0;ISOPROPANOL
1677.0;3058.0;5439.0;9399.0;1486.0;2046.0;1341.0;2538.0;4674.0;8336.0;1375.0;2037.0;-5.0;4.0;-5.0;-4.0;ISOPROPANOL
1654.0;3021.0;5416.0;9327.0;1483.0;2031.0;1315.0;2523.0;4622.0;8272.0;1369.0;2051.0;-1.0;4.0;0.0;-1.0;ISOPROPANOL
1649.0;3042.0;5482.0;9516.0;1516.0;2117.0;1440.0;2717.0;5010.0;8951.0;1485.0;2190.0;-1.0;3.0;0.0;-1.0;ISOPROPANOL
1823.0;3362.0;6037.0;10416.0;1636.0;2254.0;1515.0;2862.0;5239.0;9343.0;1541.0;2262.0;0.0;2.0;0.0;-4.0;ISOPROPANOL
1848.0;3390.0;6085.0;10415.0;1626.0;2219.0;1481.0;2769.0;5079.0;8999.0;1474.0;2184.0;0.0;3.0;1.0;-4.0;ISOPROPANOL
1755.0;3204.0;5695.0;9790.0;1536.0;2114.0;1408.0;2643.0;4824.0;8524.0;1402.0;2078.0;-1.0;7.0;0.0;-5.0;ISOPROPANOL
1683.0;3075.0;5506.0;9517.0;1504.0;2062.0;1363.0;2637.0;4857.0;8654.0;1439.0;2146.0;2.0;7.0;1.0;-5.0;ISOPROPANOL
1791.0;3313.0;5958.0;10302.0;1639.0;2263.0;1545.0;2928.0;5396.0;9583.0;1576.0;2338.0;2.0;8.0;1.0;-5.0;ISOPROPANOL
1946.0;3561.0;6311.0;10725.0;1665.0;2240.0;1483.0;2773.0;5061.0;8976.0;1469.0;2175.0;3.0;11.0;3.0;-3.0;ISOPROPANOL
1769.0;3221.0;5716.0;9798.0;1545.0;2124.0;1425.0;2689.0;4954.0;8744.0;1448.0;2165.0;2.0;8.0;3.0;1.0;ISOPROPANOL
1785.0;3283.0;5909.0;10226.0;1628.0;2243.0;1524.0;2883.0;5309.0;9454.0;1546.0;2288.0;1.0;5.0;3.0;1.0;ISOPROPANOL
1914.0;3502.0;6232.0;10679.0;1676.0;2286.0;1550.0;2920.0;5334.0;9437.0;1548.0;2277.0;0.0;9.0;3.0;1.0;ISOPROPANOL
1861.0;3392.0;6001.0;10356.0;1611.0;2215.0;1473.0;2762.0;5063.0;8962.0;1469.0;2183.0;0.0;4.0;3.0;1.0;ISOPROPANOL
1766.0;3227.0;5764.0;9883.0;1568.0;2152.0;1471.0;2787.0;5141.0;9131.0;1506.0;2243.0;0.0;6.0;1.0;1.0;ISOPROPANOL
1901.0;3495.0;6230.0;10689.0;1681.0;2295.0;1556.0;2931.0;5357.0;9521.0;1560.0;2309.0;0.0;6.0;1.0;-3.0;ISOPROPANOL
1915.0;3496.0;6213.0;10594.0;1665.0;2258.0;1521.0;2861.0;5259.0;9268.0;1526.0;2251.0;0.0;8.0;-4.0;-3.0;ISOPROPANOL
1862.0;3387.0;6025.0;10310.0;1620.0;2215.0;1495.0;2815.0;5142.0;9093.0;1493.0;2207.0;2.0;9.0;1.0;-2.0;ISOPROPANOL
1796.0;3278.0;5831.0;10000.0;1584.0;2186.0;1487.0;2809.0;5138.0;9120.0;1491.0;2211.0;2.0;8.0;3.0;0.0;ISOPROPANOL
1833.0;3355.0;6018.0;10308.0;1623.0;2220.0;1504.0;2829.0;5182.0;9119.0;1491.0;2205.0;0.0;3.0;3.0;-2.0;ISOPROPANOL
1800.0;3281.0;5830.0;10051.0;1586.0;2198.0;1497.0;2839.0;5188.0;9224.0;1508.0;2232.0;-8.0;2.0;-4.0;-2.0;ISOPROPANOL
1827.0;3339.0;6001.0;10373.0;1634.0;2248.0;1527.0;2877.0;5283.0;9352.0;1528.0;2251.0;2.0;7.0;2.0;0.0;ISOPROPANOL
1855.0;3395.0;6076.0;10428.0;1643.0;2242.0;1537.0;2859.0;5215.0;9237.0;1520.0;2245.0;-6.0;10.0;2.0;-2.0;ISOPROPANOL
1859.0;3387.0;6028.0;10336.0;1622.0;2224.0;1497.0;2816.0;5144.0;9115.0;1492.0;2222.0;-6.0;7.0;-1.0;-2.0;ISOPROPANOL
1832.0;3343.0;5941.0;10163.0;1589.0;2175.0;1457.0;2737.0;5006.0;8842.0;1460.0;2157.0;-3.0;7.0;0.0;-2.0;ISOPROPANOL
1768.0;3246.0;5782.0;9985.0;1583.0;2198.0;1483.0;2804.0;5141.0;9113.0;1495.0;2220.0;-3.0;4.0;0.0;-2.0;ISOPROPANOL
1837.0;3358.0;5981.0;10238.0;1606.0;2209.0;1515.0;2850.0;5220.0;9225.0;1513.0;2218.0;-5.0;2.0;-1.0;-2.0;ISOPROPANOL
1843.0;3378.0;6039.0;10309.0;1633.0;2240.0;1512.0;2870.0;5270.0;9317.0;1528.0;2262.0;-3.0;3.0;-1.0;-2.0;ISOPROPANOL
1907.0;3493.0;6207.0;10649.0;1675.0;2301.0;1591.0;2986.0;5482.0;9645.0;1577.0;2304.0;-3.0;3.0;-1.0;-2.0;ISOPROPANOL
1919.0;3506.0;6251.0;10667.0;1677.0;2272.0;1533.0;2885.0;5259.0;9290.0;1518.0;2251.0;2.0;6.0;-1.0;-2.0;ISOPROPANOL
1857.0;3408.0;6051.0;10358.0;1627.0;2218.0;1505.0;2846.0;5200.0;9192.0;1511.0;2231.0;1.0;12.0;0.0;-2.0;ISOPROPANOL
1831.0;3335.0;5929.0;10150.0;1608.0;2224.0;1481.0;2801.0;5127.0;9091.0;1490.0;2191.0;1.0;7.0;0.0;-1.0;ISOPROPANOL
1806.0;3303.0;5897.0;10156.0;1606.0;2212.0;1518.0;2845.0;5225.0;9212.0;1504.0;2223.0;1.0;6.0;0.0;-1.0;ISOPROPANOL
1834.0;3353.0;5998.0;10328.0;1624.0;2230.0;1537.0;2877.0;5269.0;9316.0;1524.0;2250.0;-1.0;6.0;-1.0;-1.0;ISOPROPANOL
1868.0;3415.0;6048.0;10433.0;1641.0;2244.0;1541.0;2905.0;5319.0;9399.0;1543.0;2294.0;-3.0;12.0;-4.0;-1.0;ISOPROPANOL
1898.0;3489.0;6225.0;10730.0;1688.0;2312.0;1598.0;2997.0;5463.0;9625.0;1567.0;2300.0;-4.0;6.0;-8.0;-1.0;ISOPROPANOL
1904.0;3463.0;6146.0;10568.0;1660.0;2270.0;1540.0;2882.0;5264.0;9274.0;1523.0;2229.0;-4.0;8.0;-8.0;-1.0;ISOPROPANOL
1848.0;3379.0;6000.0;10277.0;1617.0;2227.0;1513.0;2832.0;5190.0;9175.0;1501.0;2214.0;-4.0;6.0;-8.0;-1.0;ISOPROPANOL
1833.0;3351.0;5997.0;10284.0;1617.0;2225.0;1511.0;2843.0;5188.0;9191.0;1501.0;2223.0;-3.0;5.0;-3.0;0.0;ISOPROPANOL
1850.0;3378.0;5990.0;10292.0;1622.0;2217.0;1535.0;2875.0;5248.0;9257.0;1516.0;2242.0;-3.0;11.0;-3.0;-1.0;ISOPROPANOL
1860.0;3401.0;6068.0;10453.0;1648.0;2265.0;1555.0;2930.0;5360.0;9439.0;1546.0;2300.0;-3.0;9.0;-3.0;0.0;ISOPROPANOL
1901.0;3464.0;6158.0;10605.0;1673.0;2281.0;1560.0;2936.0;5346.0;9468.0;1553.0;2298.0;-3.0;6.0;-5.0;-1.0;ISOPROPANOL
1912.0;3485.0;6178.0;10595.0;1669.0;2283.0;1568.0;2929.0;5368.0;9452.0;1544.0;2273.0;-3.0;6.0;-5.0;-3.0;ISOPROPANOL
1890.0;3440.0;6095.0;10509.0;1649.0;2276.0;1553.0;2918.0;5310.0;9388.0;1535.0;2267.0;-5.0;10.0;-6.0;-3.0;ISOPROPANOL
1888.0;3432.0;6126.0;10513.0;1656.0;2273.0;1576.0;2986.0;5432.0;9634.0;1577.0;2308.0;-5.0;8.0;-5.0;-3.0;ISOPROPANOL
1946.0;3564.0;6330.0;10880.0;1714.0;2325.0;1610.0;3037.0;5530.0;9748.0;1587.0;2350.0;-3.0;6.0;-6.0;-3.0;ISOPROPANOL
1972.0;3629.0;6457.0;11037.0;1728.0;2346.0;1598.0;3008.0;5494.0;9672.0;1583.0;2323.0;2.0;5.0;-2.0;-3.0;ISOPROPANOL
1930.0;3519.0;6263.0;10739.0;1694.0;2324.0;1593.0;2992.0;5448.0;9594.0;1567.0;2310.0;1.0;6.0;-2.0;-3.0;ISOPROPANOL
1928.0;3490.0;6209.0;10657.0;1663.0;2271.0;1550.0;2917.0;5313.0;9296.0;1536.0;2280.0;1.0;10.0;-2.0;0.0;ISOPROPANOL
1901.0;3461.0;6168.0;10527.0;1659.0;2296.0;1576.0;2957.0;5382.0;9487.0;1541.0;2296.0;1.0;13.0;-2.0;-3.0;ISOPROPANOL
1926.0;3483.0;6182.0;10568.0;1667.0;2280.0;1560.0;2923.0;5335.0;9386.0;1544.0;2271.0;1.0;8.0;-2.0;0.0;ISOPROPANOL
1889.0;3441.0;6141.0;10524.0;1654.0;2263.0;1545.0;2887.0;5290.0;9298.0;1530.0;2257.0;3.0;8.0;-5.0;0.0;ISOPROPANOL
1858.0;3381.0;6034.0;10377.0;1638.0;2252.0;1549.0;2894.0;5290.0;9351.0;1529.0;2263.0;1.0;6.0;-5.0;0.0;ISOPROPANOL
1906.0;3463.0;6185.0;10633.0;1671.0;2287.0;1567.0;2960.0;5424.0;9548.0;1562.0;2315.0;1.0;6.0;-5.0;-1.0;ISOPROPANOL
1963.0;3573.0;6332.0;10830.0;1702.0;2318.0;1589.0;2979.0;5434.0;9586.0;1567.0;2322.0;4.0;11.0;-5.0;-1.0;ISOPROPANOL
1947.0;3549.0;6312.0;10827.0;1694.0;2308.0;1596.0;3003.0;5454.0;9654.0;1579.0;2336.0;0.0;6.0;-5.0;-1.0;ISOPROPANOL
1974.0;3592.0;6377.0;10886.0;1705.0;2337.0;1628.0;3048.0;5538.0;9750.0;1591.0;2338.0;0.0;6.0;-4.0;-2.0;ISOPROPANOL
1987.0;3599.0;6406.0;10933.0;1714.0;2351.0;1630.0;3049.0;5566.0;9806.0;1596.0;2345.0;0.0;2.0;-7.0;-2.0;ISOPROPANOL
1965.0;3588.0;6367.0;10886.0;1711.0;2346.0;1650.0;3087.0;5609.0;9853.0;1598.0;2329.0;-1.0;2.0;-7.0;-4.0;ISOPROPANOL
1980.0;3612.0;6420.0;11038.0;1744.0;2405.0;1677.0;3148.0;5755.0;10140.0;1661.0;2450.0;-2.0;2.0;-7.0;-4.0;ISOPROPANOL
2085.0;3807.0;6767.0;11583.0;1823.0;2455.0;1706.0;3205.0;5871.0;10311.0;1685.0;2460.0;-1.0;2.0;-2.0;-3.0;ISOPROPANOL
2100.0;3813.0;6727.0;11472.0;1797.0;2445.0;1713.0;3182.0;5776.0;10145.0;1649.0;2434.0;-1.0;2.0;-1.0;-3.0;ISOPROPANOL
2058.0;3746.0;6650.0;11330.0;1770.0;2403.0;1667.0;3097.0;5637.0;9901.0;1617.0;2384.0;6.0;4.0;-1.0;0.0;ISOPROPANOL
2001.0;3644.0;6462.0;10978.0;1726.0;2357.0;1648.0;3067.0;5562.0;9756.0;1597.0;2350.0;3.0;4.0;2.0;1.0;ISOPROPANOL
1963.0;3574.0;6333.0;10816.0;1699.0;2312.0;1601.0;3000.0;5442.0;9605.0;1574.0;2294.0;3.0;7.0;2.0;6.0;ISOPROPANOL
1961.0;3572.0;6354.0;10827.0;1713.0;2346.0;1656.0;3092.0;5608.0;9861.0;1602.0;2355.0;-2.0;6.0;-1.0;8.0;ISOPROPANOL
1983.0;3595.0;6396.0;10907.0;1708.0;2345.0;1647.0;3067.0;5559.0;9787.0;1594.0;2365.0;-7.0;9.0;-3.0;7.0;ISOPROPANOL
1973.0;3598.0;6366.0;10822.0;1703.0;2351.0;1653.0;3081.0;5606.0;9851.0;1610.0;2349.0;-8.0;9.0;-5.0;3.0;ISOPROPANOL
2006.0;3658.0;6493.0;11050.0;1742.0;2373.0;1645.0;3077.0;5593.0;9806.0;1604.0;2389.0;-8.0;12.0;-5.0;2.0;ISOPROPANOL
2005.0;3643.0;6473.0;11017.0;1728.0;2364.0;1617.0;3031.0;5556.0;9754.0;1598.0;2355.0;-8.0;11.0;-3.0;2.0;ISOPROPANOL
1990.0;3628.0;6445.0;11105.0;1737.0;2376.0;1685.0;3120.0;5648.0;9942.0;1633.0;2406.0;-8.0;4.0;-3.0;-1.0;ISOPROPANOL
2054.0;3741.0;6655.0;11364.0;1795.0;2442.0;1734.0;3239.0;5878.0;10336.0;1681.0;2465.0;-8.0;4.0;-8.0;-4.0;ISOPROPANOL
2108.0;3845.0;6795.0;11581.0;1816.0;2483.0;1740.0;3252.0;5915.0;10403.0;1691.0;2475.0;-2.0;2.0;-1.0;-2.0;ISOPROPANOL
2098.0;3800.0;6726.0;11502.0;1802.0;2445.0;1705.0;3187.0;5802.0;10178.0;1657.0;2455.0;-3.0;2.0;-1.0;-2.0;ISOPROPANOL
2089.0;3782.0;6729.0;11460.0;1788.0;2425.0;1707.0;3174.0;5748.0;10034.0;1651.0;2440.0;-3.0;2.0;1.0;-2.0;ISOPROPANOL
2069.0;3769.0;6729.0;11563.0;1838.0;2536.0;1825.0;3418.0;6222.0;10953.0;1790.0;2624.0;-1.0;2.0;1.0;1.0;ISOPROPANOL
2274.0;4107.0;7254.0;12241.0;1907.0;2566.0;1822.0;3383.0;6123.0;10763.0;1742.0;2551.0;2.0;2.0;1.0;1.0;ISOPROPANOL
2190.0;3960.0;7019.0;11897.0;1865.0;2523.0;1790.0;3344.0;6058.0;10610.0;1717.0;2511.0;-1.0;2.0;1.0;1.0;ISOPROPANOL
2161.0;3917.0;6971.0;11850.0;1844.0;2524.0;1789.0;3322.0;6002.0;10585.0;1725.0;2529.0;-1.0;2.0;-4.0;1.0;ISOPROPANOL
2173.0;3930.0;6984.0;11861.0;1854.0;2513.0;1779.0;3329.0;6035.0;10626.0;1726.0;2537.0;-1.0;4.0;-4.0;-2.0;ISOPROPANOL
2215.0;4042.0;7216.0;12326.0;1931.0;2617.0;1880.0;3493.0;6370.0;11221.0;1824.0;2668.0;-5.0;4.0;-4.0;1.0;ISOPROPANOL
2311.0;4198.0;7451.0;12631.0;1963.0;2652.0;1897.0;3523.0;6347.0;11107.0;1804.0;2628.0;-5.0;5.0;-4.0;1.0;ISOPROPANOL
2259.0;4076.0;7170.0;12153.0;1908.0;2558.0;1858.0;3424.0;6216.0;10918.0;1774.0;2569.0;-5.0;8.0;-5.0;-2.0;ISOPROPANOL
2216.0;4009.0;7108.0;12147.0;1892.0;2561.0;1813.0;3379.0;6142.0;10784.0;1753.0;2569.0;-4.0;5.0;-5.0;-7.0;ISOPROPANOL
2179.0;3968.0;7042.0;11977.0;1876.0;2540.0;1809.0;3386.0;6142.0;10752.0;1746.0;2558.0;-4.0;4.0;-5.0;-2.0;ISOPROPANOL
2211.0;3987.0;7079.0;12031.0;1878.0;2553.0;1821.0;3363.0;6116.0;10667.0;1735.0;2495.0;-4.0;3.0;-2.0;-2.0;ISOPROPANOL
2176.0;3936.0;6985.0;11868.0;1855.0;2527.0;1795.0;3336.0;6025.0;10584.0;1716.0;2513.0;-4.0;4.0;-2.0;-2.0;ISOPROPANOL
2151.0;3901.0;6881.0;11681.0;1833.0;2500.0;1742.0;3260.0;5893.0;10350.0;1687.0;2466.0;-4.0;3.0;0.0;-2.0;ISOPROPANOL
2098.0;3799.0;6737.0;11506.0;1801.0;2431.0;1735.0;3236.0;5888.0;10256.0;1693.0;2496.0;-4.0;3.0;-2.0;-2.0;ISOPROPANOL
2165.0;3938.0;7020.0;11997.0;1877.0;2585.0;1851.0;3443.0;6278.0;11015.0;1780.0;2597.0;-4.0;6.0;0.0;0.0;ISOPROPANOL
2264.0;4102.0;7275.0;12441.0;1935.0;2620.0;1878.0;3496.0;6379.0;11129.0;1808.0;2638.0;-4.0;13.0;-7.0;-2.0;ISOPROPANOL
2288.0;4163.0;7408.0;12627.0;1959.0;2659.0;1913.0;3557.0;6439.0;11274.0;1828.0;2673.0;-3.0;6.0;0.0;0.0;ISOPROPANOL
2301.0;4178.0;7360.0;12473.0;1940.0;2614.0;1877.0;3484.0;6316.0;11053.0;1794.0;2610.0;-4.0;7.0;-7.0;-3.0;ISOPROPANOL
2263.0;4100.0;7231.0;12305.0;1923.0;2592.0;1823.0;3399.0;6196.0;10867.0;1756.0;2582.0;-4.0;9.0;-5.0;0.0;ISOPROPANOL
2225.0;4025.0;7122.0;12094.0;1886.0;2561.0;1834.0;3409.0;6133.0;10802.0;1750.0;2562.0;-4.0;5.0;-5.0;-3.0;ISOPROPANOL
2200.0;3989.0;7038.0;11936.0;1863.0;2526.0;1789.0;3330.0;6057.0;10583.0;1716.0;2530.0;-6.0;2.0;-5.0;-5.0;ISOPROPANOL
2163.0;3931.0;6951.0;11869.0;1859.0;2523.0;1818.0;3382.0;6142.0;10725.0;1744.0;2557.0;-7.0;5.0;-7.0;-5.0;ISOPROPANOL
2212.0;4003.0;7129.0;12155.0;1896.0;2570.0;1840.0;3436.0;6237.0;10924.0;1771.0;2591.0;-6.0;5.0;-5.0;-1.0;ISOPROPANOL
2297.0;4148.0;7324.0;12384.0;1926.0;2597.0;1863.0;3494.0;6307.0;10969.0;1786.0;2595.0;0.0;5.0;-4.0;-5.0;ISOPROPANOL
2239.0;4067.0;7164.0;12220.0;1907.0;2581.0;1876.0;3472.0;6289.0;10966.0;1772.0;2599.0;0.0;5.0;-3.0;-2.0;ISOPROPANOL
2236.0;4057.0;7164.0;12147.0;1885.0;2558.0;1808.0;3387.0;6128.0;10774.0;1752.0;2560.0;0.0;5.0;-3.0;-1.0;ISOPROPANOL
2224.0;4035.0;7153.0;12139.0;1903.0;2589.0;1858.0;3442.0;6231.0;10934.0;1770.0;2602.0;-3.0;8.0;-3.0;-2.0;ISOPROPANOL
2245.0;4052.0;7182.0;12268.0;1909.0;2598.0;1868.0;3492.0;6331.0;11071.0;1811.0;2646.0;-3.0;3.0;-3.0;-2.0;ISOPROPANOL
2346.0;4306.0;7657.0;13026.0;2029.0;2739.0;1975.0;3678.0;6625.0;11624.0;1882.0;2721.0;-3.0;3.0;-4.0;-1.0;ISOPROPANOL
2373.0;4287.0;7554.0;12933.0;2011.0;2708.0;1954.0;3634.0;6560.0;11464.0;1868.0;2723.0;-1.0;2.0;-6.0;-1.0;ISOPROPANOL
2390.0;4309.0;7678.0;13034.0;2034.0;2750.0;2020.0;3728.0;6748.0;11657.0;1923.0;2796.0;-1.0;5.0;-6.0;-1.0;ISOPROPANOL
2457.0;4442.0;7814.0;13229.0;2048.0;2751.0;2006.0;3723.0;6729.0;11726.0;1891.0;2723.0;-1.0;8.0;-6.0;-1.0;ISOPROPANOL
2390.0;4305.0;7585.0;12815.0;1993.0;2674.0;1902.0;3535.0;6371.0;11148.0;1801.0;2646.0;-5.0;10.0;-7.0;-1.0;ISOPROPANOL
2271.0;4124.0;7280.0;12351.0;1931.0;2625.0;1878.0;3487.0;6317.0;11022.0;1785.0;2630.0;-5.0;9.0;-7.0;0.0;ISOPROPANOL
2285.0;4122.0;7258.0;12279.0;1918.0;2612.0;1842.0;3455.0;6249.0;10920.0;1767.0;2598.0;-5.0;9.0;-7.0;0.0;ISOPROPANOL
2257.0;4068.0;7155.0;12197.0;1898.0;2584.0;1846.0;3432.0;6186.0;10830.0;1763.0;2591.0;1.0;11.0;-3.0;-1.0;ISOPROPANOL
2267.0;4117.0;7267.0;12325.0;1922.0;2634.0;1927.0;3528.0;6430.0;11213.0;1824.0;2674.0;1.0;9.0;-2.0;2.0;ISOPROPANOL
2341.0;4247.0;7519.0;12726.0;1976.0;2669.0;1915.0;3549.0;6417.0;11200.0;1811.0;2639.0;2.0;8.0;-2.0;2.0;ISOPROPANOL
2314.0;4189.0;7424.0;12588.0;1961.0;2656.0;1923.0;3573.0;6471.0;11262.0;1835.0;2661.0;2.0;9.0;-2.0;-1.0;ISOPROPANOL
2321.0;4177.0;7357.0;12458.0;1941.0;2610.0;1864.0;3443.0;6247.0;10902.0;1776.0;2604.0;2.0;5.0;-2.0;-3.0;ISOPROPANOL
2274.0;4115.0;7272.0;12341.0;1923.0;2583.0;1836.0;3418.0;6187.0;10838.0;1758.0;2584.0;2.0;5.0;-2.0;-3.0;ISOPROPANOL
2259.0;4083.0;7161.0;12186.0;1903.0;2586.0;1831.0;3403.0;6196.0;10822.0;1759.0;2573.0;1.0;9.0;-2.0;-3.0;ISOPROPANOL
2234.0;4047.0;7171.0;12136.0;1910.0;2597.0;1864.0;3448.0;6257.0;10991.0;1787.0;2614.0;1.0;8.0;-2.0;-3.0;ISOPROPANOL
2241.0;4067.0;7201.0;12263.0;1924.0;2618.0;1880.0;3505.0;6365.0;11150.0;1809.0;2647.0;-3.0;6.0;-4.0;-2.0;ISOPROPANOL
2314.0;4178.0;7393.0;12616.0;1970.0;2655.0;1945.0;3609.0;6545.0;11433.0;1858.0;2714.0;-3.0;6.0;-5.0;-2.0;ISOPROPANOL
2415.0;4379.0;7717.0;13073.0;2033.0;2756.0;2012.0;3723.0;6708.0;11743.0;1900.0;2764.0;-3.0;5.0;-4.0;-4.0;ISOPROPANOL
2440.0;4394.0;7733.0;13083.0;2028.0;2722.0;1990.0;3673.0;6675.0;11603.0;1868.0;2731.0;0.0;6.0;-5.0;-5.0;ISOPROPANOL
2398.0;4325.0;7600.0;12823.0;1994.0;2688.0;1946.0;3627.0;6509.0;11430.0;1850.0;2706.0;0.0;5.0;-7.0;-5.0;ISOPROPANOL
2385.0;4313.0;7610.0;12865.0;1993.0;2712.0;1971.0;3636.0;6563.0;11441.0;1862.0;2689.0;0.0;5.0;-8.0;-5.0;ISOPROPANOL
2378.0;4280.0;7581.0;12858.0;1994.0;2701.0;1966.0;3626.0;6600.0;11473.0;1856.0;2722.0;-7.0;4.0;-8.0;-5.0;ISOPROPANOL
2392.0;4298.0;7605.0;12829.0;1989.0;2706.0;1947.0;3602.0;6546.0;11483.0;1848.0;2723.0;-7.0;4.0;-8.0;-3.0;ISOPROPANOL
2381.0;4312.0;7566.0;12831.0;1991.0;2704.0;1971.0;3645.0;6561.0;11402.0;1845.0;2704.0;-7.0;4.0;-11.0;0.0;ISOPROPANOL
2357.0;4272.0;7522.0;12774.0;1986.0;2706.0;1956.0;3615.0;6538.0;11435.0;1843.0;2736.0;-7.0;5.0;-8.0;0.0;ISOPROPANOL
2404.0;4338.0;7643.0;12950.0;2009.0;2705.0;1968.0;3653.0;6571.0;11490.0;1862.0;2730.0;-5.0;2.0;-8.0;-2.0;ISOPROPANOL
2403.0;4325.0;7650.0;12990.0;2016.0;2738.0;1999.0;3688.0;6635.0;11575.0;1873.0;2709.0;-2.0;4.0;-3.0;0.0;ISOPROPANOL
2376.0;4288.0;7553.0;12762.0;1986.0;2681.0;1957.0;3618.0;6547.0;11401.0;1838.0;2672.0;-2.0;4.0;-7.0;-2.0;ISOPROPANOL
2330.0;4222.0;7441.0;12645.0;1972.0;2665.0;1940.0;3589.0;6480.0;11344.0;1845.0;2685.0;-4.0;5.0;-5.0;-2.0;ISOPROPANOL
2366.0;4262.0;7519.0;12719.0;1981.0;2688.0;1955.0;3627.0;6577.0;11435.0;1865.0;2707.0;6.0;4.0;-5.0;-2.0;ISOPROPANOL
2394.0;4340.0;7656.0;12992.0;2016.0;2730.0;2003.0;3695.0;6703.0;11680.0;1887.0;2743.0;7.0;5.0;-5.0;0.0;ISOPROPANOL
2430.0;4379.0;7757.0;13129.0;2038.0;2762.0;2043.0;3801.0;6900.0;12021.0;1945.0;2818.0;8.0;12.0;-5.0;-2.0;ISOPROPANOL
2514.0;4532.0;8043.0;13630.0;2102.0;2850.0;2086.0;3872.0;7007.0;12102.0;1961.0;2851.0;7.0;8.0;-5.0;-2.0;ISOPROPANOL
2528.0;4556.0;8021.0;13589.0;2105.0;2842.0;2096.0;3845.0;6924.0;12082.0;1951.0;2834.0;0.0;7.0;-5.0;-4.0;ISOPROPANOL
2524.0;4571.0;8042.0;13575.0;2099.0;2826.0;2083.0;3845.0;6946.0;12067.0;1946.0;2833.0;0.0;7.0;-5.0;-4.0;ISOPROPANOL
2515.0;4513.0;7941.0;13341.0;2070.0;2796.0;2048.0;3765.0;6790.0;11802.0;1896.0;2757.0;0.0;9.0;-1.0;-4.0;ISOPROPANOL
2450.0;4414.0;7758.0;13075.0;2029.0;2752.0;2014.0;3706.0;6695.0;11633.0;1873.0;2742.0;0.0;6.0;-5.0;-7.0;ISOPROPANOL
2431.0;4364.0;7689.0;13000.0;2011.0;2712.0;2001.0;3702.0;6669.0;11618.0;1870.0;2736.0;0.0;3.0;-1.0;-4.0;ISOPROPANOL
2425.0;4350.0;7661.0;12925.0;2001.0;2709.0;1994.0;3679.0;6622.0;11540.0;1867.0;2743.0;1.0;3.0;0.0;-1.0;ISOPROPANOL
2425.0;4363.0;7665.0;12969.0;2009.0;2713.0;1973.0;3667.0;6623.0;11491.0;1858.0;2692.0;1.0;4.0;0.0;-1.0;ISOPROPANOL
2382.0;4284.0;7542.0;12735.0;1984.0;2694.0;1976.0;3641.0;6564.0;11383.0;1855.0;2690.0;1.0;7.0;-3.0;-1.0;ISOPROPANOL
2424.0;4363.0;7694.0;13079.0;2027.0;2722.0;2016.0;3726.0;6726.0;11735.0;1896.0;2761.0;1.0;12.0;1.0;-1.0;ISOPROPANOL
2450.0;4424.0;7775.0;13131.0;2035.0;2748.0;2025.0;3737.0;6741.0;11718.0;1894.0;2759.0;2.0;7.0;-2.0;-1.0;ISOPROPANOL
2444.0;4414.0;7760.0;13086.0;2032.0;2743.0;2016.0;3731.0;6721.0;11721.0;1887.0;2751.0;0.0;7.0;-3.0;-1.0;ISOPROPANOL
2462.0;4414.0;7754.0;13067.0;2040.0;2757.0;2023.0;3754.0;6761.0;11794.0;1911.0;2782.0;2.0;5.0;-2.0;-1.0;ISOPROPANOL
2465.0;4443.0;7833.0;13159.0;2062.0;2768.0;2039.0;3768.0;6759.0;11753.0;1903.0;2792.0;4.0;7.0;0.0;-1.0;ISOPROPANOL
2487.0;4468.0;7873.0;13316.0;2058.0;2792.0;2061.0;3828.0;6873.0;11992.0;1919.0;2810.0;5.0;9.0;0.0;-3.0;ISOPROPANOL
2518.0;4540.0;8021.0;13532.0;2088.0;2819.0;2084.0;3860.0;6952.0;12155.0;1954.0;2845.0;0.0;8.0;0.0;-3.0;ISOPROPANOL
2570.0;4617.0;8083.0;13638.0;2111.0;2838.0;2091.0;3875.0;6952.0;12075.0;1945.0;2833.0;0.0;9.0;0.0;-3.0;ISOPROPANOL
2520.0;4534.0;7967.0;13462.0;2085.0;2820.0;2102.0;3871.0;6978.0;12130.0;1952.0;2853.0;0.0;8.0;-2.0;-2.0;ISOPROPANOL
2552.0;4591.0;8106.0;13722.0;2139.0;2900.0;2150.0;3958.0;7109.0;12380.0;2008.0;2917.0;-3.0;10.0;-5.0;-3.0;ISOPROPANOL
2603.0;4654.0;8185.0;13737.0;2123.0;2864.0;2080.0;3873.0;6968.0;12121.0;1947.0;2828.0;-3.0;4.0;-5.0;-2.0;ISOPROPANOL
2501.0;4498.0;7913.0;13351.0;2085.0;2815.0;2059.0;3802.0;6849.0;11941.0;1937.0;2830.0;-9.0;10.0;-7.0;-2.0;ISOPROPANOL
2527.0;4529.0;7993.0;13491.0;2093.0;2836.0;2093.0;3866.0;6971.0;12134.0;1959.0;2837.0;-3.0;3.0;-5.0;-4.0;ISOPROPANOL
2568.0;4597.0;8056.0;13580.0;2097.0;2825.0;2079.0;3841.0;6938.0;11985.0;1939.0;2821.0;-4.0;8.0;-7.0;-4.0;ISOPROPANOL
2518.0;4512.0;7925.0;13365.0;2084.0;2785.0;2064.0;3799.0;6793.0;11781.0;1909.0;2801.0;-4.0;6.0;-8.0;-4.0;ISOPROPANOL
2477.0;4465.0;7830.0;13199.0;2052.0;2768.0;2035.0;3746.0;6728.0;11723.0;1894.0;2774.0;-4.0;12.0;-8.0;-4.0;ISOPROPANOL
2472.0;4467.0;7851.0;13233.0;2053.0;2774.0;2052.0;3772.0;6787.0;11821.0;1913.0;2796.0;-1.0;6.0;-2.0;0.0;ISOPROPANOL
2506.0;4520.0;7960.0;13446.0;2098.0;2824.0;2104.0;3867.0;6987.0;12158.0;1930.0;2855.0;-4.0;4.0;-8.0;0.0;ISOPROPANOL
2554.0;4607.0;8150.0;13805.0;2150.0;2906.0;2179.0;3990.0;7195.0;12474.0;2009.0;2921.0;-3.0;6.0;-1.0;0.0;ISOPROPANOL
2593.0;4649.0;8160.0;13816.0;2137.0;2867.0;2115.0;3897.0;6948.0;12174.0;1967.0;2878.0;2.0;5.0;-1.0;0.0;ISOPROPANOL
2569.0;4610.0;8068.0;13566.0;2104.0;2835.0;2089.0;3836.0;6893.0;11997.0;1937.0;2815.0;-3.0;8.0;-1.0;-5.0;ISOPROPANOL
2514.0;4504.0;7919.0;13368.0;2076.0;2805.0;2071.0;3827.0;6863.0;11924.0;1927.0;2812.0;-3.0;6.0;-1.0;-5.0;ISOPROPANOL
2512.0;4506.0;7935.0;13406.0;2083.0;2836.0;2103.0;3873.0;6974.0;12066.0;1960.0;2853.0;-3.0;11.0;-1.0;-5.0;ISOPROPANOL
2554.0;4605.0;8099.0;13708.0;2127.0;2860.0;2134.0;3927.0;7031.0;12256.0;1981.0;2878.0;1.0;9.0;-1.0;-5.0;ISOPROPANOL
2559.0;4639.0;8167.0;13797.0;2137.0;2885.0;2150.0;3963.0;7122.0;12355.0;1996.0;2900.0;0.0;8.0;2.0;-5.0;ISOPROPANOL
2629.0;4723.0;8300.0;14034.0;2170.0;2926.0;2179.0;4007.0;7194.0;12530.0;2021.0;2929.0;1.0;8.0;3.0;-3.0;ISOPROPANOL
2624.0;4709.0;8304.0;14062.0;2183.0;2937.0;2186.0;4034.0;7238.0;12558.0;2030.0;2926.0;0.0;8.0;2.0;-3.0;ISOPROPANOL
2614.0;4681.0;8203.0;13821.0;2138.0;2877.0;2115.0;3909.0;7034.0;12162.0;1961.0;2849.0;0.0;9.0;3.0;-3.0;ISOPROPANOL
2540.0;4571.0;8096.0;13608.0;2109.0;2872.0;2130.0;3925.0;7055.0;12309.0;1983.0;2891.0;0.0;8.0;0.0;1.0;ISOPROPANOL
2578.0;4643.0;8157.0;13757.0;2130.0;2874.0;2130.0;3920.0;7076.0;12274.0;1982.0;2846.0;0.0;4.0;-12.0;1.0;ISOPROPANOL
2590.0;4662.0;8172.0;13841.0;2143.0;2874.0;2148.0;3962.0;7131.0;12340.0;1987.0;2875.0;-6.0;5.0;-12.0;1.0;ISOPROPANOL
2583.0;4655.0;8204.0;13816.0;2145.0;2897.0;2141.0;3919.0;7132.0;12423.0;1994.0;2906.0;-6.0;5.0;-12.0;0.0;ISOPROPANOL
2600.0;4672.0;8186.0;13791.0;2135.0;2880.0;2146.0;3941.0;7069.0;12281.0;1986.0;2890.0;-1.0;6.0;-2.0;0.0;ISOPROPANOL
2573.0;4620.0;8127.0;13744.0;2129.0;2885.0;2123.0;3900.0;7042.0;12248.0;1976.0;2865.0;-1.0;8.0;-2.0;-4.0;ISOPROPANOL
2565.0;4602.0;8097.0;13695.0;2126.0;2860.0;2078.0;3843.0;6951.0;12070.0;1959.0;2840.0;-1.0;4.0;-2.0;-1.0;ISOPROPANOL
2529.0;4555.0;8033.0;13518.0;2098.0;2832.0;2117.0;3899.0;7035.0;12233.0;1951.0;2873.0;-1.0;9.0;-2.0;0.0;ISOPROPANOL
2566.0;4620.0;8095.0;13639.0;2124.0;2865.0;2127.0;3906.0;7045.0;12083.0;1980.0;2874.0;-5.0;6.0;-6.0;-1.0;ISOPROPANOL
2590.0;4650.0;8201.0;13778.0;2138.0;2859.0;2113.0;3918.0;7070.0;12298.0;1982.0;2882.0;-5.0;9.0;-6.0;-1.0;ISOPROPANOL
2572.0;4631.0;8136.0;13774.0;2128.0;2875.0;2133.0;3924.0;7091.0;12280.0;1986.0;2879.0;-5.0;5.0;-6.0;-1.0;ISOPROPANOL
2605.0;4685.0;8255.0;13897.0;2162.0;2904.0;2193.0;4017.0;7208.0;12499.0;2016.0;2941.0;-5.0;6.0;-5.0;-2.0;ISOPROPANOL
2662.0;4755.0;8342.0;14002.0;2169.0;2926.0;2199.0;4024.0;7250.0;12603.0;2028.0;2934.0;-3.0;7.0;-5.0;-2.0;ISOPROPANOL
2649.0;4782.0;8422.0;14184.0;2181.0;2944.0;2216.0;4080.0;7306.0;12658.0;2028.0;2964.0;-2.0;9.0;-2.0;-2.0;ISOPROPANOL
2718.0;4894.0;8618.0;14464.0;2222.0;2992.0;2259.0;4153.0;7462.0;12916.0;2076.0;3024.0;-2.0;4.0;-2.0;-2.0;ISOPROPANOL
2746.0;4894.0;8604.0;14424.0;2229.0;2990.0;2240.0;4111.0;7382.0;12770.0;2060.0;2986.0;3.0;4.0;-2.0;-1.0;ISOPROPANOL
2746.0;4902.0;8573.0;14443.0;2226.0;2990.0;2253.0;4128.0;7395.0;12780.0;2059.0;2969.0;2.0;4.0;1.0;-1.0;ISOPROPANOL
2697.0;4781.0;8441.0;14213.0;2199.0;2943.0;2204.0;4039.0;7217.0;12538.0;2015.0;2943.0;-2.0;6.0;-2.0;0.0;ISOPROPANOL
2632.0;4717.0;8316.0;14004.0;2167.0;2907.0;2180.0;4001.0;7194.0;12426.0;2004.0;2910.0;-2.0;9.0;3.0;0.0;ISOPROPANOL
2642.0;4741.0;8314.0;14021.0;2170.0;2918.0;2202.0;4064.0;7297.0;12627.0;2022.0;2923.0;-7.0;6.0;2.0;0.0;ISOPROPANOL
2641.0;4757.0;8365.0;14094.0;2187.0;2948.0;2231.0;4118.0;7397.0;12841.0;2068.0;3004.0;-8.0;8.0;-9.0;0.0;ISOPROPANOL
2758.0;4940.0;8667.0;14581.0;2255.0;3022.0;2292.0;4180.0;7508.0;13034.0;2095.0;3038.0;-7.0;8.0;-9.0;-2.0;ISOPROPANOL
2790.0;4968.0;8696.0;14624.0;2246.0;2992.0;2253.0;4132.0;7400.0;12828.0;2069.0;2976.0;-2.0;10.0;1.0;-4.0;ISOPROPANOL
2709.0;4850.0;8517.0;14258.0;2208.0;2957.0;2217.0;4076.0;7300.0;12627.0;2027.0;2955.0;-2.0;9.0;-2.0;-5.0;ISOPROPANOL
2641.0;4749.0;8323.0;14040.0;2173.0;2944.0;2203.0;4063.0;7322.0;12728.0;2054.0;2972.0;1.0;9.0;1.0;-5.0;ISOPROPANOL
2715.0;4880.0;8565.0;14433.0;2233.0;3012.0;2276.0;4183.0;7539.0;13063.0;2097.0;3020.0;1.0;10.0;1.0;-5.0;ISOPROPANOL
2746.0;4918.0;8665.0;14591.0;2246.0;3022.0;2289.0;4189.0;7519.0;13026.0;2092.0;3041.0;0.0;5.0;1.0;-4.0;ISOPROPANOL
2768.0;4982.0;8727.0;14654.0;2256.0;3013.0;2275.0;4195.0;7501.0;12979.0;2087.0;3005.0;0.0;6.0;0.0;0.0;ISOPROPANOL
2760.0;4923.0;8644.0;14517.0;2230.0;3012.0;2289.0;4191.0;7488.0;12980.0;2093.0;3033.0;-4.0;9.0;0.0;0.0;ISOPROPANOL
2771.0;4977.0;8724.0;14627.0;2269.0;3057.0;2290.0;4193.0;7469.0;12969.0;2086.0;3016.0;-4.0;8.0;0.0;0.0;ISOPROPANOL
2756.0;4935.0;8642.0;14561.0;2250.0;2998.0;2262.0;4155.0;7480.0;12936.0;2084.0;3018.0;-4.0;11.0;-5.0;0.0;ISOPROPANOL
2727.0;4875.0;8554.0;14364.0;2214.0;2987.0;2244.0;4131.0;7397.0;12788.0;2056.0;2982.0;-4.0;8.0;-5.0;-2.0;ISOPROPANOL
2679.0;4803.0;8416.0;14122.0;2191.0;2955.0;2223.0;4081.0;7301.0;12668.0;2031.0;2966.0;-4.0;8.0;-5.0;-2.0;ISOPROPANOL
2722.0;4847.0;8492.0;14278.0;2206.0;2981.0;2270.0;4171.0;7460.0;12869.0;2045.0;2990.0;1.0;8.0;-5.0;-4.0;ISOPROPANOL
2715.0;4866.0;8512.0;14321.0;2213.0;2995.0;2247.0;4113.0;7425.0;12878.0;2059.0;2985.0;1.0;7.0;-5.0;-5.0;ISOPROPANOL
2747.0;4925.0;8651.0;14503.0;2235.0;3017.0;2270.0;4142.0;7426.0;12923.0;2072.0;3012.0;2.0;9.0;-3.0;-5.0;ISOPROPANOL
2720.0;4885.0;8614.0;14506.0;2238.0;3013.0;2277.0;4179.0;7487.0;12983.0;2085.0;3033.0;3.0;7.0;3.0;-2.0;ISOPROPANOL
2779.0;4962.0;8736.0;14662.0;2274.0;3052.0;2356.0;4277.0;7647.0;13218.0;2127.0;3091.0;2.0;4.0;3.0;-4.0;ISOPROPANOL
2840.0;5047.0;8716.0;14825.0;2286.0;3056.0;2342.0;4288.0;7617.0;13230.0;2122.0;3064.0;5.0;4.0;7.0;-2.0;ISOPROPANOL
2790.0;4991.0;8729.0;14656.0;2258.0;3046.0;2332.0;4258.0;7600.0;13109.0;2109.0;3032.0;1.0;4.0;4.0;-2.0;ISOPROPANOL
2769.0;4961.0;8682.0;14545.0;2243.0;3025.0;2288.0;4200.0;7552.0;13061.0;2098.0;3031.0;-3.0;9.0;-6.0;-4.0;ISOPROPANOL
2775.0;4988.0;8761.0;14725.0;2270.0;3052.0;2327.0;4268.0;7640.0;13259.0;2119.0;3076.0;-4.0;13.0;-9.0;-4.0;ISOPROPANOL
2821.0;5048.0;8807.0;14804.0;2302.0;3077.0;2327.0;4284.0;7652.0;13258.0;2139.0;3095.0;-4.0;7.0;-8.0;-1.0;ISOPROPANOL
2873.0;5160.0;9025.0;15126.0;2333.0;3127.0;2412.0;4389.0;7875.0;13618.0;2181.0;3136.0;-4.0;7.0;-9.0;0.0;ISOPROPANOL
2881.0;5136.0;8995.0;15039.0;2318.0;3086.0;2352.0;4296.0;7727.0;13387.0;2133.0;3090.0;-6.0;3.0;-8.0;0.0;ISOPROPANOL
2824.0;5043.0;8842.0;14826.0;2291.0;3081.0;2330.0;4287.0;7704.0;13358.0;2145.0;3119.0;-4.0;3.0;-8.0;2.0;ISOPROPANOL
2875.0;5131.0;8981.0;15045.0;2321.0;3103.0;2341.0;4299.0;7743.0;13369.0;2142.0;3080.0;-4.0;3.0;-5.0;0.0;ISOPROPANOL
2829.0;5066.0;8904.0;14950.0;2309.0;3106.0;2363.0;4328.0;7806.0;13493.0;2163.0;3144.0;1.0;3.0;-2.0;-2.0;ISOPROPANOL
2883.0;5147.0;8997.0;15040.0;2322.0;3127.0;2396.0;4366.0;7796.0;13411.0;2147.0;3122.0;1.0;3.0;-1.0;-2.0;ISOPROPANOL
2854.0;5096.0;8935.0;14971.0;2310.0;3124.0;2357.0;4320.0;7783.0;13481.0;2147.0;3145.0;1.0;3.0;-1.0;1.0;ISOPROPANOL
2892.0;5179.0;9071.0;15192.0;2342.0;3126.0;2402.0;4388.0;7850.0;13543.0;2183.0;3135.0;2.0;5.0;0.0;-2.0;ISOPROPANOL
2873.0;5134.0;8984.0;15079.0;2319.0;3092.0;2347.0;4297.0;7712.0;13268.0;2138.0;3100.0;-1.0;5.0;-1.0;-2.0;ISOPROPANOL
2818.0;5059.0;8847.0;14880.0;2302.0;3081.0;2356.0;4303.0;7741.0;13315.0;2142.0;3096.0;-1.0;5.0;-5.0;-2.0;ISOPROPANOL
2816.0;5044.0;8810.0;14783.0;2288.0;3049.0;2335.0;4249.0;7650.0;13170.0;2117.0;3052.0;-7.0;7.0;-5.0;-2.0;ISOPROPANOL
2810.0;5015.0;8766.0;14652.0;2265.0;3060.0;2332.0;4268.0;7616.0;13123.0;2107.0;3033.0;-7.0;10.0;-5.0;-2.0;ISOPROPANOL
2758.0;4933.0;8642.0;14461.0;2247.0;3019.0;2282.0;4175.0;7492.0;13027.0;2089.0;3049.0;-7.0;12.0;-6.0;-3.0;ISOPROPANOL
2772.0;4964.0;8688.0;14600.0;2263.0;3040.0;2345.0;4283.0;7692.0;13245.0;2115.0;3064.0;-7.0;7.0;-6.0;-3.0;ISOPROPANOL
2818.0;5053.0;8844.0;14916.0;2303.0;3083.0;2342.0;4308.0;7707.0;13370.0;2139.0;3082.0;-7.0;7.0;-8.0;-3.0;ISOPROPANOL
2849.0;5096.0;8944.0;14951.0;2310.0;3061.0;2323.0;4320.0;7751.0;13356.0;2141.0;3099.0;-7.0;10.0;-6.0;-4.0;ISOPROPANOL
2824.0;5061.0;8878.0;14932.0;2312.0;3109.0;2383.0;4401.0;7868.0;13603.0;2178.0;3142.0;-7.0;8.0;-6.0;-4.0;ISOPROPANOL
2911.0;5194.0;9078.0;15188.0;2341.0;3115.0;2382.0;4350.0;7763.0;13384.0;2155.0;3110.0;-7.0;8.0;0.0;-4.0;ISOPROPANOL
2851.0;5077.0;8937.0;14919.0;2298.0;3085.0;2353.0;4299.0;7687.0;13228.0;2125.0;3058.0;-3.0;8.0;0.0;-4.0;ISOPROPANOL
2802.0;5024.0;8794.0;14753.0;2286.0;3070.0;2344.0;4304.0;7697.0;13282.0;2128.0;3074.0;1.0;6.0;0.0;-4.0;ISOPROPANOL
2837.0;5070.0;8887.0;14860.0;2300.0;3070.0;2349.0;4273.0;7631.0;13225.0;2115.0;3071.0;-3.0;6.0;-1.0;-3.0;ISOPROPANOL
2848.0;5062.0;8840.0;14767.0;2283.0;3067.0;2363.0;4311.0;7755.0;13246.0;2127.0;3091.0;-3.0;3.0;-4.0;-4.0;ISOPROPANOL
2818.0;5053.0;8852.0;14837.0;2285.0;3062.0;2336.0;4243.0;7578.0;13069.0;2111.0;3055.0;-3.0;3.0;-6.0;-3.0;ISOPROPANOL
2804.0;4997.0;8730.0;14661.0;2268.0;3058.0;2322.0;4251.0;7606.0;13175.0;2117.0;3081.0;-2.0;13.0;-6.0;-5.0;ISOPROPANOL
2839.0;5096.0;8902.0;14967.0;2313.0;3103.0;2406.0;4395.0;7854.0;13587.0;2176.0;3152.0;-2.0;7.0;-6.0;-4.0;ISOPROPANOL
2919.0;5212.0;9132.0;15288.0;2356.0;3153.0;2426.0;4475.0;7975.0;13699.0;2217.0;3186.0;-2.0;9.0;-6.0;-4.0;ISOPROPANOL
2955.0;5260.0;9173.0;15317.0;2353.0;3138.0;2414.0;4398.0;7841.0;13538.0;2169.0;3145.0;-5.0;5.0;-6.0;-4.0;ISOPROPANOL
2890.0;5163.0;8988.0;15116.0;2308.0;3108.0;2379.0;4354.0;7788.0;13448.0;2148.0;3110.0;-5.0;6.0;-6.0;-4.0;ISOPROPANOL
2874.0;5135.0;8957.0;14989.0;2320.0;3102.0;2430.0;4420.0;7859.0;13521.0;2169.0;3118.0;-5.0;10.0;-6.0;-4.0;ISOPROPANOL
2849.0;5084.0;8933.0;14929.0;2300.0;3099.0;2380.0;4312.0;7772.0;13392.0;2152.0;3088.0;-5.0;9.0;-3.0;-3.0;ISOPROPANOL
2866.0;5140.0;8983.0;15159.0;2329.0;3141.0;2424.0;4439.0;7884.0;13830.0;2215.0;3166.0;-5.0;12.0;-6.0;-3.0;ISOPROPANOL
2956.0;5300.0;9205.0;15409.0;2364.0;3151.0;2438.0;4442.0;7942.0;13616.0;2199.0;3192.0;-6.0;9.0;-6.0;-3.0;ISOPROPANOL
2999.0;5336.0;9264.0;15594.0;2397.0;3209.0;2500.0;4549.0;8153.0;14082.0;2255.0;3253.0;-9.0;6.0;-3.0;-3.0;ISOPROPANOL
3019.0;5374.0;9387.0;15614.0;2397.0;3193.0;2466.0;4489.0;8017.0;13721.0;2213.0;3190.0;-9.0;6.0;0.0;-2.0;ISOPROPANOL
2969.0;5321.0;9278.0;15448.0;2375.0;3171.0;2424.0;4445.0;7941.0;13690.0;2192.0;3166.0;-4.0;6.0;1.0;-2.0;ISOPROPANOL
2971.0;5303.0;9269.0;15542.0;2386.0;3196.0;2483.0;4522.0;8079.0;13929.0;2234.0;3210.0;-10.0;6.0;1.0;-2.0;ISOPROPANOL
2968.0;5308.0;9252.0;15469.0;2366.0;3166.0;2462.0;4498.0;7983.0;13707.0;2197.0;3180.0;1.0;6.0;1.0;-2.0;ISOPROPANOL
2964.0;5283.0;9193.0;15370.0;2371.0;3174.0;2445.0;4447.0;7907.0;13623.0;2182.0;3140.0;1.0;6.0;-2.0;-3.0;ISOPROPANOL
2919.0;5214.0;9062.0;15280.0;2343.0;3124.0;2416.0;4400.0;7807.0;13473.0;2157.0;3116.0;-6.0;5.0;-2.0;-3.0;ISOPROPANOL
2875.0;5161.0;9037.0;15113.0;2315.0;3110.0;2411.0;4405.0;7891.0;13620.0;2183.0;3140.0;-10.0;5.0;-10.0;-3.0;ISOPROPANOL
2916.0;5256.0;9202.0;15403.0;2362.0;3151.0;2440.0;4462.0;7939.0;13735.0;2199.0;3198.0;-6.0;7.0;-8.0;-3.0;ISOPROPANOL
2993.0;5345.0;9332.0;15554.0;2389.0;3187.0;2455.0;4479.0;8009.0;13716.0;2194.0;3189.0;-11.0;7.0;-8.0;-2.0;ISOPROPANOL
2967.0;5265.0;9192.0;15348.0;2366.0;3176.0;2454.0;4433.0;7987.0;13751.0;2199.0;3152.0;-6.0;7.0;-8.0;-2.0;ISOPROPANOL
2949.0;5251.0;9185.0;15369.0;2364.0;3173.0;2470.0;4516.0;8061.0;13894.0;2213.0;3213.0;-8.0;8.0;-8.0;-4.0;ISOPROPANOL
2991.0;5324.0;9272.0;15487.0;2385.0;3186.0;2491.0;4522.0;8072.0;13838.0;2207.0;3147.0;-1.0;7.0;-4.0;-4.0;ISOPROPANOL
2930.0;5228.0;9085.0;15285.0;2358.0;3155.0;2431.0;4452.0;7941.0;13775.0;2199.0;3189.0;-3.0;6.0;-4.0;-4.0;ISOPROPANOL
2945.0;5251.0;9182.0;15389.0;2375.0;3189.0;2459.0;4530.0;8072.0;13914.0;2232.0;3233.0;-3.0;8.0;-4.0;-5.0;ISOPROPANOL
3005.0;5350.0;9380.0;15667.0;2410.0;3231.0;2511.0;4572.0;8153.0;14010.0;2239.0;3215.0;-7.0;6.0;-7.0;-5.0;ISOPROPANOL
2996.0;5347.0;9374.0;15637.0;2399.0;3224.0;2511.0;4586.0;8182.0;14038.0;2250.0;3236.0;-3.0;9.0;-7.0;-4.0;ISOPROPANOL
3015.0;5378.0;9401.0;15810.0;2427.0;3240.0;2521.0;4578.0;8169.0;14104.0;2268.0;3236.0;-4.0;4.0;-7.0;-3.0;ISOPROPANOL
3049.0;5411.0;9422.0;15752.0;2423.0;3220.0;2513.0;4565.0;8151.0;14043.0;2247.0;3223.0;-4.0;5.0;-7.0;2.0;ISOPROPANOL
3021.0;5389.0;9431.0;15796.0;2428.0;3263.0;2538.0;4621.0;8273.0;14274.0;2270.0;3278.0;-1.0;5.0;0.0;2.0;ISOPROPANOL
3063.0;5509.0;9563.0;15847.0;2428.0;3242.0;2516.0;4538.0;8141.0;14014.0;2241.0;3235.0;-1.0;2.0;0.0;2.0;ISOPROPANOL
3013.0;5382.0;9371.0;15676.0;2409.0;3217.0;2502.0;4558.0;8119.0;13956.0;2232.0;3236.0;-1.0;2.0;0.0;1.0;ISOPROPANOL
3010.0;5358.0;9301.0;15611.0;2393.0;3191.0;2471.0;4473.0;8031.0;13718.0;2200.0;3180.0;-1.0;0.0;-4.0;-1.0;ISOPROPANOL
2969.0;5281.0;9229.0;15440.0;2371.0;3178.0;2461.0;4484.0;7981.0;13790.0;2210.0;3177.0;-6.0;0.0;-4.0;-1.0;ISOPROPANOL
2969.0;5293.0;9232.0;15468.0;2363.0;3174.0;2459.0;4474.0;8010.0;13749.0;2217.0;3226.0;-6.0;0.0;-4.0;0.0;ISOPROPANOL
3058.0;5434.0;9503.0;15897.0;2436.0;3236.0;2519.0;4591.0;8185.0;14028.0;2249.0;3252.0;-1.0;12.0;-4.0;0.0;ISOPROPANOL
3046.0;5431.0;9512.0;15917.0;2438.0;3276.0;2572.0;4692.0;8352.0;14330.0;2290.0;3289.0;-6.0;11.0;-4.0;0.0;ISOPROPANOL
3100.0;5517.0;9627.0;16115.0;2468.0;3293.0;2587.0;4714.0;8388.0;14454.0;2302.0;3317.0;-1.0;10.0;-4.0;0.0;ISOPROPANOL
3147.0;5596.0;9762.0;16255.0;2506.0;3321.0;2648.0;4806.0;8625.0;14824.0;2369.0;3392.0;-1.0;9.0;-5.0;-1.0;ISOPROPANOL
3219.0;5727.0;9990.0;16649.0;2554.0;3388.0;2651.0;4837.0;8634.0;14807.0;2372.0;3388.0;-7.0;9.0;-8.0;-1.0;ISOPROPANOL
3204.0;5714.0;9930.0;16628.0;2538.0;3395.0;2676.0;4902.0;8733.0;14969.0;2378.0;3401.0;-7.0;5.0;-8.0;-1.0;ISOPROPANOL
3220.0;5694.0;9934.0;16519.0;2526.0;3346.0;2629.0;4785.0;8522.0;14504.0;2340.0;3343.0;-7.0;5.0;-8.0;-1.0;ISOPROPANOL
3200.0;5701.0;9908.0;16514.0;2531.0;3351.0;2642.0;4805.0;8572.0;14671.0;2343.0;3361.0;-7.0;5.0;-8.0;-1.0;ISOPROPANOL
3169.0;5629.0;9807.0;16319.0;2496.0;3342.0;2610.0;4739.0;8452.0;14461.0;2308.0;3307.0;-7.0;5.0;-8.0;-1.0;ISOPROPANOL
3108.0;5516.0;9629.0;16116.0;2462.0;3273.0;2582.0;4679.0;8328.0;14268.0;2287.0;3266.0;-5.0;5.0;-5.0;0.0;ISOPROPANOL
3073.0;5467.0;9516.0;15847.0;2448.0;3271.0;2536.0;4653.0;8292.0;14218.0;2264.0;3260.0;2.0;6.0;-2.0;0.0;ISOPROPANOL
3046.0;5434.0;9452.0;15861.0;2427.0;3253.0;2524.0;4602.0;8206.0;14075.0;2249.0;3245.0;2.0;6.0;-2.0;0.0;ISOPROPANOL
3045.0;5430.0;9470.0;15853.0;2426.0;3261.0;2539.0;4611.0;8228.0;14195.0;2274.0;3281.0;2.0;6.0;-1.0;-2.0;ISOPROPANOL
3083.0;5400.0;9533.0;15903.0;2444.0;3256.0;2541.0;4630.0;8252.0;14198.0;2269.0;3280.0;2.0;8.0;-1.0;-2.0;ISOPROPANOL
3074.0;5482.0;9562.0;15962.0;2449.0;3267.0;2489.0;4542.0;8124.0;13971.0;2236.0;3230.0;0.0;14.0;-2.0;-2.0;ISOPROPANOL
3050.0;5416.0;9434.0;15779.0;2425.0;3234.0;2512.0;4574.0;8194.0;14044.0;2255.0;3233.0;0.0;17.0;-3.0;-4.0;ISOPROPANOL
3055.0;5408.0;9475.0;15789.0;2413.0;3241.0;2530.0;4633.0;8263.0;14207.0;2268.0;3244.0;-1.0;10.0;-2.0;-4.0;ISOPROPANOL
3058.0;5439.0;9526.0;15871.0;2430.0;3260.0;2541.0;4648.0;8249.0;14236.0;2279.0;3281.0;-4.0;10.0;-7.0;-4.0;ISOPROPANOL
3102.0;5505.0;9563.0;15950.0;2436.0;3269.0;2535.0;4632.0;8279.0;14277.0;2278.0;3262.0;-5.0;8.0;-7.0;-4.0;ISOPROPANOL
3082.0;5493.0;9515.0;15868.0;2442.0;3249.0;2527.0;4546.0;8178.0;14125.0;2259.0;3264.0;-5.0;4.0;-7.0;-4.0;ISOPROPANOL
3038.0;5401.0;9433.0;15804.0;2429.0;3232.0;2524.0;4607.0;8193.0;14083.0;2238.0;3234.0;-5.0;4.0;-3.0;-5.0;ISOPROPANOL
3026.0;5385.0;9398.0;15651.0;2402.0;3230.0;2510.0;4572.0;8149.0;14000.0;2242.0;3212.0;-5.0;4.0;-6.0;-3.0;ISOPROPANOL
3014.0;5372.0;9324.0;15618.0;2394.0;3198.0;2524.0;4597.0;8142.0;14043.0;2239.0;3222.0;-4.0;2.0;-3.0;-3.0;ISOPROPANOL
3014.0;5366.0;9353.0;15589.0;2404.0;3215.0;2485.0;4547.0;8074.0;13943.0;2237.0;3226.0;0.0;2.0;-3.0;-3.0;ISOPROPANOL
3017.0;5360.0;9363.0;15639.0;2410.0;3222.0;2518.0;4587.0;8175.0;14019.0;2249.0;3223.0;-4.0;2.0;-3.0;-4.0;ISOPROPANOL
3037.0;5430.0;9495.0;15841.0;2436.0;3262.0;2553.0;4646.0;8339.0;14337.0;2288.0;3314.0;-5.0;3.0;-6.0;-3.0;ISOPROPANOL
3126.0;5563.0;9726.0;16253.0;2490.0;3311.0;2615.0;4725.0;8411.0;14431.0;2321.0;3330.0;-3.0;3.0;-3.0;-2.0;ISOPROPANOL
3162.0;5621.0;9801.0;16274.0;2509.0;3346.0;2639.0;4789.0;8559.0;14687.0;2347.0;3345.0;-3.0;5.0;-3.0;-2.0;ISOPROPANOL
3139.0;5593.0;9728.0;16210.0;2487.0;3316.0;2600.0;4720.0;8395.0;14455.0;2298.0;3323.0;-7.0;5.0;-8.0;-2.0;ISOPROPANOL
3136.0;5593.0;9744.0;16252.0;2483.0;3314.0;2607.0;4741.0;8422.0;14427.0;2300.0;3321.0;-4.0;5.0;-8.0;-2.0;ISOPROPANOL
3129.0;5566.0;9697.0;16193.0;2477.0;3286.0;2593.0;4703.0;8389.0;14493.0;2311.0;3339.0;-4.0;5.0;-8.0;-5.0;ISOPROPANOL
3131.0;5577.0;9706.0;16274.0;2494.0;3324.0;2591.0;4754.0;8457.0;14600.0;2325.0;3335.0;-4.0;8.0;-8.0;-7.0;ISOPROPANOL
3167.0;5609.0;9735.0;16268.0;2494.0;3332.0;2613.0;4751.0;8497.0;14617.0;2326.0;3328.0;-4.0;7.0;-8.0;-7.0;ISOPROPANOL
3149.0;5589.0;9790.0;16385.0;2509.0;3346.0;2658.0;4824.0;8532.0;14728.0;2340.0;3370.0;-2.0;7.0;-8.0;-7.0;ISOPROPANOL
3240.0;5743.0;10015.0;16724.0;2576.0;3429.0;2688.0;4891.0;8706.0;14826.0;2379.0;3422.0;-1.0;7.0;-4.0;-5.0;ISOPROPANOL
3245.0;5742.0;9960.0;16598.0;2538.0;3363.0;2653.0;4807.0;8563.0;14678.0;2345.0;3371.0;-1.0;7.0;-4.0;-1.0;ISOPROPANOL
3172.0;5629.0;9812.0;16336.0;2508.0;3331.0;2637.0;4769.0;8440.0;14485.0;2320.0;3329.0;1.0;7.0;-4.0;0.0;ISOPROPANOL
3154.0;5592.0;9717.0;16221.0;2497.0;3325.0;2637.0;4758.0;8445.0;14536.0;2309.0;3336.0;1.0;10.0;-4.0;0.0;ISOPROPANOL
3175.0;5619.0;9781.0;16382.0;2506.0;3344.0;2618.0;4759.0;8478.0;14494.0;2322.0;3337.0;-1.0;9.0;-3.0;2.0;ISOPROPANOL
3165.0;5612.0;9771.0;16306.0;2492.0;3338.0;2639.0;4785.0;8547.0;14636.0;2336.0;3383.0;0.0;13.0;-4.0;0.0;ISOPROPANOL
3198.0;5678.0;9911.0;16441.0;2518.0;3348.0;2637.0;4793.0;8497.0;14613.0;2323.0;3355.0;0.0;8.0;-4.0;-4.0;ISOPROPANOL
3176.0;5625.0;9770.0;16324.0;2510.0;3349.0;2642.0;4814.0;8513.0;14677.0;2335.0;3382.0;-2.0;7.0;-5.0;-6.0;ISOPROPANOL
3207.0;5701.0;9898.0;16581.0;2528.0;3351.0;2654.0;4810.0;8573.0;14705.0;2348.0;3367.0;-3.0;6.0;-8.0;-6.0;ISOPROPANOL
3165.0;5637.0;9773.0;16351.0;2514.0;3347.0;2664.0;4833.0;8578.0;14711.0;2344.0;3366.0;-4.0;6.0;-8.0;-7.0;ISOPROPANOL
3185.0;5620.0;9823.0;16373.0;2515.0;3348.0;2637.0;4793.0;8549.0;14679.0;2337.0;3363.0;-4.0;8.0;-6.0;-7.0;ISOPROPANOL
3215.0;5679.0;9922.0;16475.0;2526.0;3358.0;2655.0;4797.0;8536.0;14705.0;2346.0;3361.0;-8.0;6.0;-7.0;-4.0;ISOPROPANOL
3210.0;5700.0;9894.0;16454.0;2524.0;3364.0;2689.0;4870.0;8644.0;14829.0;2364.0;3400.0;-6.0;6.0;-6.0;-4.0;ISOPROPANOL
3241.0;5758.0;10053.0;16755.0;2551.0;3425.0;2692.0;4889.0;8647.0;14876.0;2377.0;3417.0;-4.0;7.0;-6.0;-4.0;ISOPROPANOL
3252.0;5755.0;10066.0;16731.0;2550.0;3371.0;2647.0;4808.0;8541.0;14661.0;2346.0;3383.0;-6.0;6.0;-4.0;-4.0;ISOPROPANOL
3211.0;5722.0;9921.0;16579.0;2533.0;3373.0;2664.0;4849.0;8623.0;14772.0;2358.0;3392.0;-6.0;5.0;-4.0;-3.0;ISOPROPANOL
3226.0;5722.0;9932.0;16521.0;2535.0;3359.0;2668.0;4847.0;8593.0;14715.0;2351.0;3354.0;-6.0;6.0;-4.0;-3.0;ISOPROPANOL
3178.0;5658.0;9833.0;16396.0;2518.0;3357.0;2658.0;4819.0;8574.0;14759.0;2363.0;3396.0;0.0;4.0;-10.0;-3.0;ISOPROPANOL
3189.0;5693.0;9921.0;16555.0;2550.0;3386.0;2702.0;4885.0;8667.0;14811.0;2359.0;3389.0;-6.0;4.0;-10.0;-3.0;ISOPROPANOL
3246.0;5751.0;10015.0;16621.0;2549.0;3374.0;2674.0;4843.0;8623.0;14762.0;2367.0;3405.0;-2.0;3.0;-10.0;-3.0;ISOPROPANOL
3241.0;5737.0;9973.0;16561.0;2530.0;3366.0;2655.0;4821.0;8587.0;14722.0;2337.0;3405.0;-6.0;3.0;-11.0;-3.0;ISOPROPANOL
3219.0;5721.0;9933.0;16530.0;2528.0;3379.0;2652.0;4843.0;8596.0;14785.0;2356.0;3374.0;-2.0;7.0;-11.0;-3.0;ISOPROPANOL
3168.0;5662.0;9858.0;16309.0;2533.0;3372.0;2655.0;4841.0;8599.0;14729.0;2357.0;3395.0;-2.0;10.0;-9.0;-3.0;ISOPROPANOL
3186.0;5747.0;9965.0;16620.0;2542.0;3389.0;2660.0;4840.0;8660.0;14865.0;2380.0;3441.0;-2.0;12.0;-8.0;-3.0;ISOPROPANOL
3285.0;5805.0;10136.0;16886.0;2586.0;3444.0;2732.0;4943.0;8802.0;15121.0;2415.0;3483.0;1.0;4.0;-6.0;-1.0;ISOPROPANOL
3332.0;5895.0;10199.0;16941.0;2578.0;3437.0;2715.0;4922.0;8738.0;15005.0;2374.0;3410.0;1.0;5.0;-6.0;-1.0;ISOPROPANOL
3281.0;5859.0;10224.0;17027.0;2611.0;3488.0;2810.0;5095.0;9040.0;15406.0;2456.0;3501.0;0.0;5.0;-8.0;-1.0;ISOPROPANOL
3376.0;5983.0;10362.0;17257.0;2629.0;3483.0;2789.0;5053.0;8943.0;15286.0;2428.0;3481.0;-6.0;-2.0;-8.0;0.0;ISOPROPANOL
3296.0;5843.0;10146.0;16866.0;2579.0;3429.0;2721.0;4934.0;8742.0;14966.0;2378.0;3427.0;-6.0;-1.0;-4.0;0.0;ISOPROPANOL
3260.0;5769.0;9992.0;16646.0;2559.0;3363.0;2698.0;4850.0;8670.0;14826.0;2368.0;3393.0;-6.0;-1.0;-4.0;-3.0;ISOPROPANOL
3229.0;5728.0;9982.0;16567.0;2536.0;3390.0;2672.0;4846.0;8653.0;14829.0;2363.0;3385.0;-6.0;-1.0;-4.0;-3.0;ISOPROPANOL
3204.0;5709.0;9938.0;16606.0;2547.0;3395.0;2725.0;4967.0;8802.0;15023.0;2393.0;3443.0;15.0;2.0;-4.0;-5.0;ISOPROPANOL
3257.0;5763.0;10023.0;16740.0;2554.0;3406.0;2688.0;4863.0;8636.0;14778.0;2351.0;3401.0;16.0;2.0;-4.0;-3.0;ISOPROPANOL
3246.0;5756.0;9991.0;16605.0;2549.0;3390.0;2716.0;4925.0;8750.0;14895.0;2392.0;3432.0;7.0;2.0;-2.0;-3.0;ISOPROPANOL
3299.0;5842.0;10148.0;16835.0;2581.0;3434.0;2707.0;4885.0;8668.0;14887.0;2378.0;3403.0;2.0;2.0;-1.0;-2.0;ISOPROPANOL
3284.0;5834.0;10207.0;17039.0;2606.0;3482.0;2794.0;5062.0;8977.0;15434.0;2441.0;3505.0;-2.0;5.0;-1.0;-2.0;ISOPROPANOL
3355.0;5944.0;10304.0;17110.0;2622.0;3473.0;2768.0;5011.0;8892.0;15293.0;2443.0;3504.0;-1.0;7.0;0.0;-2.0;ISOPROPANOL
3357.0;5946.0;10302.0;17131.0;2618.0;3470.0;2790.0;5029.0;8904.0;15206.0;2425.0;3423.0;-1.0;4.0;-1.0;-2.0;ISOPROPANOL
3296.0;5849.0;10144.0;16842.0;2574.0;3433.0;2723.0;4964.0;8836.0;15072.0;2402.0;3454.0;-1.0;7.0;1.0;-3.0;ISOPROPANOL
3320.0;5868.0;10203.0;16974.0;2591.0;3461.0;2752.0;4986.0;8839.0;15141.0;2412.0;3464.0;-1.0;10.0;-5.0;-5.0;ISOPROPANOL
3318.0;5872.0;10258.0;17035.0;2596.0;3430.0;2764.0;5011.0;8853.0;15070.0;2401.0;3457.0;-1.0;8.0;-5.0;-5.0;ISOPROPANOL
3326.0;5874.0;10181.0;16891.0;2582.0;3438.0;2750.0;4971.0;8821.0;15089.0;2397.0;3429.0;-3.0;8.0;-6.0;-5.0;ISOPROPANOL
3254.0;5793.0;10059.0;16752.0;2559.0;3419.0;2695.0;4915.0;8712.0;14873.0;2379.0;3409.0;-8.0;8.0;-6.0;-5.0;ISOPROPANOL
3252.0;5763.0;9986.0;16606.0;2551.0;3418.0;2692.0;4878.0;8685.0;14943.0;2380.0;3439.0;-8.0;8.0;-6.0;-5.0;ISOPROPANOL
3280.0;5829.0;10166.0;16916.0;2577.0;3440.0;2771.0;4999.0;8908.0;15247.0;2425.0;3444.0;-8.0;6.0;-8.0;-8.0;ISOPROPANOL
3313.0;5875.0;10208.0;16954.0;2588.0;3416.0;2745.0;4891.0;8840.0;14898.0;2407.0;3466.0;-5.0;6.0;-11.0;-8.0;ISOPROPANOL
3345.0;5920.0;10299.0;17123.0;2623.0;3469.0;2775.0;5028.0;8930.0;15271.0;2426.0;3474.0;-1.0;5.0;-8.0;-8.0;ISOPROPANOL
3326.0;5921.0;10266.0;17047.0;2601.0;3441.0;2729.0;4987.0;8848.0;15170.0;2403.0;3448.0;-1.0;9.0;-6.0;-3.0;ISOPROPANOL
3310.0;5850.0;10169.0;16869.0;2589.0;3420.0;2744.0;4932.0;8756.0;14997.0;2388.0;3428.0;-2.0;5.0;-8.0;-8.0;ISOPROPANOL
3270.0;5801.0;10097.0;16767.0;2586.0;3458.0;2794.0;5056.0;8919.0;15287.0;2437.0;3503.0;-3.0;6.0;-11.0;-3.0;ISOPROPANOL
3333.0;5912.0;10312.0;17081.0;2631.0;3477.0;2812.0;5080.0;9006.0;15349.0;2436.0;3505.0;-3.0;5.0;-8.0;-3.0;ISOPROPANOL
3363.0;5959.0;10291.0;17114.0;2609.0;3477.0;2786.0;5069.0;8997.0;15407.0;2450.0;3511.0;-3.0;6.0;-8.0;-3.0;ISOPROPANOL
3368.0;5982.0;10366.0;17247.0;2631.0;3495.0;2797.0;5080.0;8973.0;15264.0;2430.0;3499.0;-3.0;3.0;-8.0;-3.0;ISOPROPANOL
3325.0;5868.0;10198.0;16981.0;2588.0;3464.0;2752.0;4978.0;8830.0;15091.0;2417.0;3476.0;-3.0;2.0;-8.0;-3.0;ISOPROPANOL
3295.0;5839.0;10136.0;16788.0;2578.0;3428.0;2750.0;4984.0;8846.0;15112.0;2409.0;3461.0;-2.0;2.0;-8.0;-5.0;ISOPROPANOL
3322.0;5899.0;10254.0;17075.0;2619.0;3468.0;2760.0;5033.0;8927.0;15301.0;2440.0;3516.0;-2.0;2.0;-10.0;-6.0;ISOPROPANOL
3356.0;5964.0;10325.0;17198.0;2622.0;3478.0;2768.0;5006.0;8866.0;15204.0;2433.0;3499.0;-3.0;12.0;-10.0;-6.0;ISOPROPANOL
3375.0;5973.0;10374.0;17086.0;2623.0;3485.0;2796.0;5044.0;8952.0;15312.0;2435.0;3481.0;-3.0;14.0;-10.0;-6.0;ISOPROPANOL
3332.0;5876.0;10215.0;17010.0;2596.0;3452.0;2723.0;4947.0;8752.0;15078.0;2367.0;3449.0;-4.0;13.0;-9.0;-7.0;ISOPROPANOL
3341.0;5927.0;10247.0;16995.0;2599.0;3442.0;2744.0;4982.0;8835.0;15081.0;2415.0;3459.0;-4.0;9.0;-5.0;-3.0;ISOPROPANOL
3331.0;5904.0;10241.0;17035.0;2600.0;3471.0;2788.0;5037.0;8942.0;15256.0;2432.0;3494.0;-5.0;6.0;-5.0;-3.0;ISOPROPANOL
3378.0;5969.0;10374.0;17240.0;2635.0;3490.0;2799.0;5090.0;9009.0;15378.0;2445.0;3506.0;-9.0;6.0;-9.0;-3.0;ISOPROPANOL
3346.0;5938.0;10276.0;17096.0;2622.0;3492.0;2792.0;5055.0;8978.0;15327.0;2446.0;3499.0;-4.0;6.0;-4.0;-8.0;ISOPROPANOL
3391.0;6003.0;10382.0;17174.0;2633.0;3494.0;2807.0;5066.0;8878.0;15242.0;2426.0;3482.0;-2.0;5.0;-4.0;-8.0;ISOPROPANOL
3357.0;5938.0;10317.0;17112.0;2608.0;3465.0;2778.0;5014.0;8878.0;15276.0;2436.0;3483.0;-2.0;5.0;-7.0;-8.0;ISOPROPANOL
3362.0;5979.0;10311.0;17197.0;2634.0;3509.0;2793.0;5055.0;8987.0;15376.0;2455.0;3503.0;-2.0;5.0;-7.0;-8.0;ISOPROPANOL
3347.0;5951.0;10280.0;17028.0;2601.0;3461.0;2766.0;5010.0;8857.0;15206.0;2420.0;3460.0;-2.0;5.0;-6.0;-6.0;ISOPROPANOL
3281.0;5794.0;10093.0;16784.0;2585.0;3445.0;2755.0;4983.0;8830.0;15167.0;2426.0;3497.0;-2.0;2.0;-6.0;-6.0;ISOPROPANOL
3368.0;5983.0;10366.0;17210.0;2632.0;3498.0;2794.0;5058.0;8953.0;15326.0;2437.0;3484.0;-1.0;4.0;-6.0;-4.0;ISOPROPANOL
3344.0;5921.0;10283.0;17160.0;2635.0;3509.0;2842.0;5135.0;9110.0;15596.0;2476.0;3551.0;-1.0;4.0;-6.0;-6.0;ISOPROPANOL
3419.0;6061.0;10469.0;17338.0;2658.0;3519.0;2814.0;5087.0;9042.0;15444.0;2453.0;3511.0;-1.0;4.0;-5.0;-6.0;ISOPROPANOL
3408.0;6032.0;10459.0;17297.0;2646.0;3515.0;2822.0;5093.0;9023.0;15393.0;2456.0;3492.0;4.0;4.0;-5.0;-4.0;ISOPROPANOL
3388.0;5969.0;10370.0;17205.0;2634.0;3521.0;2827.0;5116.0;9075.0;15487.0;2463.0;3538.0;-4.0;5.0;-5.0;-2.0;ISOPROPANOL
3386.0;6001.0;10468.0;17336.0;2650.0;3505.0;2798.0;5083.0;8995.0;15441.0;2463.0;3531.0;-4.0;5.0;-5.0;-1.0;ISOPROPANOL
3426.0;6049.0;10482.0;17440.0;2662.0;3551.0;2819.0;5083.0;9027.0;15513.0;2476.0;3550.0;-1.0;5.0;-5.0;-1.0;ISOPROPANOL
3427.0;6072.0;10494.0;17523.0;2667.0;3558.0;2854.0;5192.0;9195.0;15648.0;2492.0;3578.0;-1.0;4.0;-5.0;-2.0;ISOPROPANOL
3440.0;6073.0;10532.0;17484.0;2671.0;3550.0;2866.0;5123.0;9142.0;15650.0;2481.0;3578.0;-1.0;3.0;-4.0;-4.0;ISOPROPANOL
3433.0;6081.0;10562.0;17575.0;2683.0;3552.0;2903.0;5226.0;9154.0;15708.0;2496.0;3582.0;-1.0;4.0;-4.0;-4.0;ISOPROPANOL
3449.0;6097.0;10572.0;17492.0;2668.0;3543.0;2829.0;5120.0;9069.0;15545.0;2468.0;3544.0;-1.0;8.0;-4.0;-4.0;ISOPROPANOL
3400.0;6036.0;10466.0;17364.0;2653.0;3522.0;2869.0;5186.0;9223.0;15746.0;2488.0;3551.0;2.0;4.0;-4.0;-4.0;ISOPROPANOL
3429.0;6074.0;10517.0;17463.0;2677.0;3570.0;2897.0;5236.0;9298.0;15814.0;2526.0;3591.0;2.0;16.0;-4.0;-4.0;ISOPROPANOL
3504.0;6198.0;10727.0;17748.0;2713.0;3580.0;2941.0;5289.0;9336.0;15931.0;2528.0;3623.0;-5.0;8.0;-6.0;-5.0;ISOPROPANOL
3509.0;6207.0;10724.0;17760.0;2706.0;3572.0;2862.0;5187.0;9247.0;15810.0;2505.0;3602.0;-7.0;8.0;-4.0;-4.0;ISOPROPANOL
3536.0;6279.0;10941.0;18136.0;2777.0;3672.0;2988.0;5374.0;9540.0;16276.0;2585.0;3676.0;-7.0;9.0;-6.0;-5.0;ISOPROPANOL
3598.0;6350.0;10935.0;18079.0;2746.0;3618.0;2932.0;5282.0;9180.0;16001.0;2540.0;3641.0;-9.0;8.0;-9.0;-5.0;ISOPROPANOL
3477.0;6181.0;10734.0;17761.0;2712.0;3592.0;2929.0;5260.0;9310.0;15927.0;2536.0;3618.0;-7.0;7.0;-6.0;-5.0;ISOPROPANOL
3542.0;6273.0;10862.0;18035.0;2749.0;3644.0;2946.0;5329.0;9397.0;16053.0;2558.0;3643.0;-4.0;9.0;-8.0;-1.0;ISOPROPANOL
3558.0;6287.0;10889.0;17979.0;2745.0;3634.0;2953.0;5338.0;9449.0;16178.0;2564.0;3640.0;-4.0;7.0;-8.0;-4.0;ISOPROPANOL
3509.0;6218.0;10806.0;17896.0;2738.0;3620.0;2923.0;5262.0;9324.0;15775.0;2531.0;3572.0;2.0;8.0;-6.0;0.0;ISOPROPANOL
3453.0;6122.0;10606.0;17572.0;2686.0;3574.0;2888.0;5207.0;9188.0;15737.0;2491.0;3557.0;2.0;7.0;-6.0;-1.0;ISOPROPANOL
3419.0;6038.0;10543.0;17493.0;2673.0;3534.0;2886.0;5212.0;9194.0;15707.0;2502.0;3586.0;-6.0;8.0;-8.0;-1.0;ISOPROPANOL
3462.0;6124.0;10645.0;17679.0;2696.0;3591.0;2928.0;5271.0;9329.0;15973.0;2534.0;3614.0;-6.0;7.0;-5.0;-2.0;ISOPROPANOL
3498.0;6165.0;10647.0;17709.0;2700.0;3595.0;2940.0;5295.0;9354.0;16001.0;2535.0;3619.0;-3.0;8.0;-5.0;-2.0;ISOPROPANOL
3507.0;6188.0;10687.0;17703.0;2691.0;3579.0;2895.0;5226.0;9248.0;15857.0;2514.0;3598.0;-3.0;6.0;-5.0;-4.0;ISOPROPANOL
3494.0;6168.0;10693.0;17855.0;2728.0;3646.0;3005.0;5416.0;9573.0;16321.0;2582.0;3697.0;1.0;6.0;-3.0;-4.0;ISOPROPANOL
3577.0;6312.0;10930.0;18043.0;2753.0;3621.0;2945.0;5291.0;9374.0;16037.0;2538.0;3615.0;3.0;3.0;-3.0;-4.0;ISOPROPANOL
3514.0;6214.0;10770.0;17798.0;2705.0;3580.0;2878.0;5193.0;9173.0;15744.0;2495.0;3581.0;3.0;2.0;-3.0;-4.0;ISOPROPANOL
3462.0;6108.0;10581.0;17564.0;2673.0;3551.0;2889.0;5207.0;9191.0;15690.0;2490.0;3584.0;3.0;3.0;-3.0;-3.0;ISOPROPANOL
3445.0;6083.0;10556.0;17478.0;2657.0;3542.0;2848.0;5154.0;9104.0;15520.0;2470.0;3543.0;5.0;3.0;-2.0;-3.0;ISOPROPANOL
3435.0;6051.0;10477.0;17396.0;2658.0;3521.0;2854.0;5148.0;9127.0;15591.0;2475.0;3540.0;-1.0;3.0;-8.0;-3.0;ISOPROPANOL
3425.0;6049.0;10494.0;17351.0;2651.0;3529.0;2860.0;5144.0;9125.0;15585.0;2466.0;3506.0;-5.0;5.0;-6.0;-3.0;ISOPROPANOL
3405.0;6020.0;10442.0;17313.0;2647.0;3517.0;2830.0;5122.0;9067.0;15451.0;2470.0;3543.0;-5.0;5.0;-6.0;-1.0;ISOPROPANOL
3433.0;6091.0;10570.0;17480.0;2690.0;3562.0;2858.0;5154.0;9152.0;15662.0;2487.0;3544.0;-5.0;5.0;-1.0;-1.0;ISOPROPANOL
3442.0;6103.0;10582.0;17544.0;2689.0;3558.0;2885.0;5205.0;9176.0;15746.0;2495.0;3569.0;-5.0;7.0;-2.0;-1.0;ISOPROPANOL
3477.0;6153.0;10712.0;17711.0;2695.0;3554.0;2883.0;5183.0;9224.0;15686.0;2485.0;3576.0;-3.0;10.0;-2.0;-7.0;ISOPROPANOL
3480.0;6132.0;10617.0;17605.0;2686.0;3539.0;2861.0;5148.0;9144.0;15717.0;2492.0;3570.0;-3.0;7.0;-2.0;-7.0;ISOPROPANOL
3483.0;6142.0;10638.0;17615.0;2686.0;3554.0;2870.0;5181.0;9141.0;15684.0;2494.0;3555.0;-2.0;7.0;-3.0;-9.0;ISOPROPANOL
3443.0;6097.0;10579.0;17516.0;2681.0;3545.0;2860.0;5179.0;9169.0;15687.0;2500.0;3576.0;-3.0;6.0;-3.0;-7.0;ISOPROPANOL
3483.0;6155.0;10690.0;17676.0;2697.0;3580.0;2930.0;5278.0;9358.0;15984.0;2522.0;3616.0;-2.0;7.0;-3.0;-7.0;ISOPROPANOL
3506.0;6185.0;10723.0;17714.0;2702.0;3574.0;2923.0;5288.0;9298.0;15832.0;2506.0;3602.0;-3.0;6.0;-3.0;-7.0;ISOPROPANOL
3504.0;6186.0;10658.0;17633.0;2692.0;3587.0;2916.0;5247.0;9229.0;15734.0;2509.0;3594.0;-3.0;9.0;-3.0;-4.0;ISOPROPANOL
3486.0;6175.0;10711.0;17794.0;2720.0;3627.0;2964.0;5342.0;9433.0;16096.0;2555.0;3646.0;-3.0;5.0;-6.0;-4.0;ISOPROPANOL
3553.0;6295.0;10907.0;18075.0;2771.0;3670.0;3024.0;5490.0;9705.0;16504.0;2632.0;3752.0;-2.0;5.0;-6.0;-3.0;ISOPROPANOL
3694.0;6505.0;11270.0;18516.0;2812.0;3688.0;2991.0;5377.0;9513.0;16190.0;2573.0;3666.0;-2.0;3.0;-6.0;-3.0;ISOPROPANOL
3576.0;6301.0;10930.0;18095.0;2755.0;3647.0;2943.0;5313.0;9407.0;16076.0;2537.0;3635.0;-2.0;3.0;-6.0;-4.0;ISOPROPANOL
3543.0;6256.0;10811.0;17902.0;2738.0;3645.0;2961.0;5340.0;9441.0;16127.0;2544.0;3622.0;-2.0;3.0;-6.0;-4.0;ISOPROPANOL
3542.0;6213.0;10769.0;17837.0;2725.0;3598.0;2906.0;5256.0;9315.0;15890.0;2529.0;3612.0;-2.0;10.0;-10.0;-4.0;ISOPROPANOL
3520.0;6207.0;10769.0;17866.0;2726.0;3607.0;2936.0;5302.0;9384.0;15974.0;2533.0;3648.0;-3.0;3.0;-11.0;-4.0;ISOPROPANOL
3534.0;6253.0;10789.0;17915.0;2746.0;3634.0;2921.0;5286.0;9358.0;16022.0;2539.0;3621.0;-3.0;8.0;-11.0;-4.0;ISOPROPANOL
3512.0;6189.0;10741.0;17808.0;2727.0;3619.0;2946.0;5343.0;9406.0;16080.0;2550.0;3620.0;-2.0;2.0;-10.0;-4.0;ISOPROPANOL
3485.0;6190.0;10706.0;17820.0;2731.0;3626.0;2938.0;5263.0;9363.0;16005.0;2541.0;3642.0;-2.0;2.0;-10.0;-4.0;ISOPROPANOL
3545.0;6257.0;10889.0;18057.0;2764.0;3687.0;3016.0;5453.0;9672.0;16431.0;2596.0;3703.0;-3.0;2.0;-10.0;-4.0;ISOPROPANOL
3643.0;6411.0;11101.0;18325.0;2803.0;3696.0;3037.0;5464.0;9699.0;16460.0;2619.0;3697.0;-3.0;3.0;-10.0;-4.0;ISOPROPANOL
3601.0;6366.0;11008.0;18237.0;2777.0;3676.0;2981.0;5382.0;9513.0;16175.0;2574.0;3690.0;-3.0;3.0;-10.0;-8.0;ISOPROPANOL
3595.0;6334.0;10941.0;18102.0;2763.0;3659.0;2971.0;5381.0;9511.0;16228.0;2579.0;3717.0;-6.0;3.0;-10.0;-8.0;ISOPROPANOL
3643.0;6447.0;11151.0;18375.0;2806.0;3698.0;2997.0;5349.0;9513.0;16288.0;2589.0;3697.0;-6.0;4.0;-13.0;-7.0;ISOPROPANOL
3626.0;6392.0;11064.0;18299.0;2791.0;3676.0;3019.0;5424.0;9544.0;16370.0;2597.0;3698.0;-3.0;4.0;-4.0;-7.0;ISOPROPANOL
3613.0;6364.0;10953.0;18074.0;2759.0;3663.0;2975.0;5346.0;9483.0;16145.0;2565.0;3662.0;-6.0;8.0;-3.0;-6.0;ISOPROPANOL
3565.0;6286.0;10889.0;18060.0;2747.0;3618.0;2953.0;5323.0;9432.0;16074.0;2562.0;3670.0;-8.0;4.0;-3.0;-5.0;ISOPROPANOL
3569.0;6315.0;10929.0;18097.0;2757.0;3654.0;3003.0;5406.0;9538.0;16246.0;2568.0;3686.0;-8.0;3.0;-2.0;-4.0;ISOPROPANOL
3595.0;6357.0;10963.0;18149.0;2778.0;3665.0;2992.0;5403.0;9542.0;16273.0;2588.0;3703.0;-8.0;3.0;-2.0;-4.0;ISOPROPANOL
3601.0;6367.0;11008.0;18202.0;2775.0;3660.0;2998.0;5401.0;9535.0;16219.0;2567.0;3673.0;-8.0;2.0;-2.0;-4.0;ISOPROPANOL
3574.0;6323.0;10943.0;18132.0;2766.0;3667.0;2990.0;5338.0;9482.0;16184.0;2559.0;3642.0;-8.0;2.0;-5.0;-5.0;ISOPROPANOL
3591.0;6329.0;10929.0;18105.0;2754.0;3649.0;2984.0;5376.0;9513.0;16162.0;2560.0;3645.0;-8.0;2.0;-11.0;-6.0;ISOPROPANOL
3562.0;6275.0;10865.0;17993.0;2760.0;3638.0;2986.0;5360.0;9489.0;16120.0;2555.0;3650.0;-8.0;7.0;-11.0;-6.0;ISOPROPANOL
3530.0;6228.0;10830.0;17926.0;2754.0;3671.0;3020.0;5435.0;9626.0;16459.0;2605.0;3696.0;-2.0;7.0;-9.0;-4.0;ISOPROPANOL
3637.0;6421.0;11114.0;18375.0;2818.0;3725.0;3073.0;5537.0;9795.0;16669.0;2653.0;3771.0;3.0;5.0;-9.0;-4.0;ISOPROPANOL
3702.0;6518.0;11250.0;18486.0;2834.0;3747.0;3076.0;5516.0;9760.0;16600.0;2635.0;3739.0;4.0;7.0;0.0;-1.0;ISOPROPANOL
3672.0;6503.0;11195.0;18482.0;2816.0;3721.0;3064.0;5501.0;9679.0;16525.0;2610.0;3726.0;4.0;4.0;0.0;-1.0;ISOPROPANOL
3657.0;6434.0;11119.0;18406.0;2806.0;3715.0;3062.0;5493.0;9755.0;16557.0;2625.0;3736.0;4.0;10.0;-3.0;-4.0;ISOPROPANOL
3662.0;6455.0;11102.0;18380.0;2800.0;3701.0;3021.0;5478.0;9673.0;16476.0;2608.0;3724.0;0.0;5.0;-3.0;-5.0;ISOPROPANOL
3644.0;6444.0;11099.0;18307.0;2794.0;3697.0;3047.0;5466.0;9656.0;16428.0;2602.0;3683.0;-2.0;6.0;-4.0;-5.0;ISOPROPANOL
3632.0;6387.0;11041.0;18249.0;2781.0;3691.0;3024.0;5442.0;9600.0;16352.0;2596.0;3695.0;-2.0;8.0;-4.0;-5.0;ISOPROPANOL
3597.0;6369.0;11019.0;18200.0;2775.0;3669.0;3015.0;5406.0;9556.0;16265.0;2581.0;3686.0;-2.0;7.0;-4.0;-9.0;ISOPROPANOL
3610.0;6364.0;11039.0;18267.0;2782.0;3693.0;3043.0;5449.0;9607.0;16377.0;2588.0;3690.0;-3.0;11.0;-4.0;-9.0;ISOPROPANOL
3625.0;6399.0;11035.0;18299.0;2786.0;3689.0;3005.0;5403.0;9582.0;16296.0;2588.0;3684.0;-6.0;5.0;-8.0;-5.0;ISOPROPANOL
3636.0;6391.0;11060.0;18209.0;2781.0;3695.0;3034.0;5452.0;9627.0;16369.0;2583.0;3683.0;-6.0;7.0;-8.0;-5.0;ISOPROPANOL
3614.0;6358.0;10954.0;18132.0;2771.0;3688.0;2989.0;5397.0;9540.0;16220.0;2575.0;3691.0;-6.0;7.0;-8.0;-6.0;ISOPROPANOL
3607.0;6360.0;11004.0;18198.0;2780.0;3695.0;3050.0;5490.0;9660.0;16529.0;2617.0;3748.0;-7.0;8.0;-8.0;-5.0;ISOPROPANOL
3695.0;6494.0;11283.0;18602.0;2845.0;3767.0;3108.0;5600.0;9861.0;16757.0;2664.0;3785.0;-7.0;11.0;-8.0;-6.0;ISOPROPANOL
3717.0;6576.0;11367.0;18813.0;2868.0;3804.0;3134.0;5634.0;9956.0;16792.0;2693.0;3809.0;-5.0;8.0;-8.0;-6.0;ISOPROPANOL
3765.0;6605.0;11408.0;18758.0;2854.0;3737.0;3087.0;5538.0;9790.0;16662.0;2633.0;3768.0;-5.0;8.0;-9.0;-8.0;ISOPROPANOL
3668.0;6494.0;11214.0;18479.0;2825.0;3745.0;3057.0;5499.0;9694.0;16530.0;2616.0;3718.0;-5.0;11.0;-9.0;-8.0;ISOPROPANOL
3666.0;6484.0;11211.0;18510.0;2820.0;3739.0;3073.0;5528.0;9755.0;16663.0;2640.0;3756.0;2.0;8.0;-3.0;-8.0;ISOPROPANOL
3698.0;6487.0;11285.0;18698.0;2826.0;3752.0;3097.0;5538.0;9784.0;16613.0;2632.0;3743.0;3.0;7.0;-3.0;-7.0;ISOPROPANOL
3648.0;6438.0;11103.0;18343.0;2792.0;3697.0;3045.0;5452.0;9637.0;16447.0;2612.0;3705.0;-7.0;13.0;-6.0;-7.0;ISOPROPANOL
3638.0;6386.0;11038.0;18259.0;2783.0;3689.0;3030.0;5484.0;9639.0;16425.0;2560.0;3704.0;-7.0;10.0;-6.0;-7.0;ISOPROPANOL
3623.0;6401.0;11055.0;18269.0;2780.0;3695.0;3010.0;5429.0;9607.0;16394.0;2592.0;3686.0;-7.0;11.0;-6.0;-7.0;ISOPROPANOL
3595.0;6362.0;10998.0;18189.0;2769.0;3690.0;2990.0;5399.0;9558.0;16317.0;2597.0;3690.0;-7.0;10.0;-6.0;-7.0;ISOPROPANOL
3621.0;6388.0;11105.0;18335.0;2794.0;3680.0;3016.0;5442.0;9588.0;16327.0;2592.0;3685.0;-6.0;8.0;-5.0;-7.0;ISOPROPANOL
3610.0;6387.0;11040.0;18246.0;2776.0;3697.0;3064.0;5494.0;9669.0;16453.0;2604.0;3705.0;-6.0;7.0;-5.0;-2.0;ISOPROPANOL
3646.0;6427.0;11114.0;18380.0;2808.0;3719.0;3083.0;5539.0;9748.0;16584.0;2626.0;3714.0;-3.0;3.0;-1.0;-2.0;ISOPROPANOL
3668.0;6461.0;11204.0;18431.0;2813.0;3730.0;3065.0;5516.0;9708.0;16620.0;2625.0;3753.0;1.0;1.0;-1.0;-5.0;ISOPROPANOL
3677.0;6477.0;11238.0;18495.0;2811.0;3711.0;3043.0;5479.0;9682.0;16483.0;2609.0;3728.0;-3.0;0.0;-2.0;-5.0;ISOPROPANOL
3692.0;6507.0;11236.0;18529.0;2825.0;3750.0;3063.0;5496.0;9738.0;16549.0;2619.0;3729.0;-4.0;0.0;-2.0;-5.0;ISOPROPANOL
3645.0;6458.0;11206.0;18518.0;2829.0;3749.0;3115.0;5570.0;9871.0;16803.0;2657.0;3780.0;-3.0;1.0;0.0;-5.0;ISOPROPANOL
3726.0;6561.0;11342.0;18705.0;2861.0;3776.0;3148.0;5658.0;9943.0;16926.0;2679.0;3796.0;-4.0;5.0;-2.0;-6.0;ISOPROPANOL
3785.0;6679.0;11550.0;18998.0;2905.0;3819.0;3167.0;5680.0;10021.0;17019.0;2692.0;3815.0;-4.0;9.0;0.0;-3.0;ISOPROPANOL
3793.0;6662.0;11484.0;18872.0;2875.0;3800.0;3121.0;5600.0;9886.0;16888.0;2680.0;3814.0;0.0;7.0;0.0;-3.0;ISOPROPANOL
3749.0;6594.0;11333.0;18646.0;2837.0;3760.0;3095.0;5583.0;9825.0;16686.0;2626.0;3767.0;0.0;6.0;-4.0;1.0;ISOPROPANOL
3675.0;6506.0;11184.0;18453.0;2810.0;3710.0;3048.0;5485.0;9717.0;16513.0;2627.0;3742.0;-4.0;6.0;-4.0;1.0;ISOPROPANOL
3669.0;6490.0;11182.0;18433.0;2813.0;3737.0;3083.0;5545.0;9801.0;16595.0;2622.0;3748.0;1.0;6.0;-4.0;-8.0;ISOPROPANOL
3711.0;6528.0;11259.0;18491.0;2824.0;3758.0;3086.0;5563.0;9733.0;16614.0;2618.0;3741.0;-5.0;4.0;-10.0;-8.0;ISOPROPANOL
3659.0;6461.0;11163.0;18425.0;2807.0;3723.0;3062.0;5511.0;9702.0;16543.0;2617.0;3724.0;-5.0;4.0;-10.0;-8.0;ISOPROPANOL
3656.0;6449.0;11204.0;18501.0;2834.0;3755.0;3125.0;5623.0;9911.0;16953.0;2677.0;3781.0;-5.0;2.0;-10.0;-8.0;ISOPROPANOL
3726.0;6602.0;11459.0;18856.0;2881.0;3812.0;3122.0;5617.0;9917.0;16928.0;2682.0;3791.0;-5.0;4.0;-10.0;-8.0;ISOPROPANOL
3776.0;6662.0;11546.0;18959.0;2889.0;3829.0;3183.0;5719.0;10112.0;17121.0;2697.0;3865.0;-5.0;6.0;-10.0;-6.0;ISOPROPANOL
3793.0;6676.0;11569.0;18965.0;2905.0;3829.0;3132.0;5642.0;9923.0;16888.0;2674.0;3780.0;-4.0;9.0;-10.0;-5.0;ISOPROPANOL
3694.0;6507.0;11266.0;18578.0;2825.0;3761.0;3082.0;5548.0;9787.0;16688.0;2645.0;3719.0;-4.0;6.0;-10.0;-5.0;ISOPROPANOL
3657.0;6465.0;11161.0;18455.0;2819.0;3748.0;3113.0;5563.0;9836.0;16570.0;2644.0;3776.0;-2.0;7.0;-10.0;-4.0;ISOPROPANOL
3718.0;6562.0;11299.0;18601.0;2827.0;3736.0;3069.0;5517.0;9759.0;16582.0;2622.0;3752.0;-2.0;3.0;-9.0;-4.0;ISOPROPANOL
3730.0;6563.0;11369.0;18699.0;2861.0;3780.0;3142.0;5636.0;9912.0;16910.0;2673.0;3816.0;0.0;3.0;-9.0;-5.0;ISOPROPANOL
3762.0;6688.0;11512.0;18945.0;2900.0;3808.0;3191.0;5721.0;10060.0;17024.0;2690.0;3833.0;0.0;2.0;-2.0;-9.0;ISOPROPANOL
3816.0;6750.0;11629.0;19036.0;2914.0;3837.0;3196.0;5717.0;10044.0;17120.0;2707.0;3855.0;-1.0;4.0;0.0;-5.0;ISOPROPANOL
3821.0;6708.0;11520.0;18861.0;2880.0;3794.0;3139.0;5656.0;9958.0;16903.0;2676.0;3821.0;-1.0;12.0;0.0;-5.0;ISOPROPANOL
3768.0;6638.0;11465.0;18791.0;2877.0;3796.0;3145.0;5636.0;9920.0;16924.0;2683.0;3828.0;-1.0;8.0;1.0;-5.0;ISOPROPANOL
3779.0;6645.0;11455.0;18784.0;2865.0;3775.0;3136.0;5627.0;9954.0;16924.0;2672.0;3775.0;-1.0;15.0;1.0;-4.0;ISOPROPANOL
3735.0;6575.0;11349.0;18716.0;2848.0;3783.0;3139.0;5627.0;9897.0;16805.0;2654.0;3787.0;-1.0;9.0;1.0;-3.0;ISOPROPANOL
3743.0;6592.0;11361.0;18698.0;2853.0;3755.0;3097.0;5543.0;9789.0;16650.0;2650.0;3773.0;-1.0;6.0;1.0;-4.0;ISOPROPANOL
3753.0;6574.0;11413.0;18744.0;2855.0;3764.0;3119.0;5600.0;9826.0;16768.0;2646.0;3770.0;0.0;8.0;-1.0;-7.0;ISOPROPANOL
3767.0;6594.0;11390.0;18733.0;2855.0;3768.0;3148.0;5631.0;9799.0;16777.0;2649.0;3745.0;3.0;8.0;-1.0;-6.0;ISOPROPANOL
3751.0;6560.0;11378.0;18653.0;2852.0;3758.0;3136.0;5634.0;9887.0;16793.0;2655.0;3792.0;1.0;8.0;-1.0;-6.0;ISOPROPANOL
3779.0;6637.0;11399.0;18748.0;2852.0;3773.0;3169.0;5665.0;9958.0;16882.0;2669.0;3779.0;1.0;8.0;-6.0;-6.0;ISOPROPANOL
3770.0;6609.0;11430.0;18777.0;2865.0;3762.0;3118.0;5604.0;9823.0;16761.0;2649.0;3800.0;1.0;6.0;-1.0;-5.0;ISOPROPANOL
3737.0;6583.0;11414.0;18733.0;2851.0;3773.0;3145.0;5646.0;9953.0;16862.0;2665.0;3807.0;1.0;6.0;0.0;-4.0;ISOPROPANOL
3768.0;6689.0;11518.0;18904.0;2890.0;3815.0;3199.0;5725.0;10010.0;17052.0;2698.0;3835.0;1.0;6.0;-6.0;-4.0;ISOPROPANOL
3803.0;6683.0;11526.0;18863.0;2873.0;3809.0;3164.0;5691.0;10003.0;16890.0;2695.0;3837.0;1.0;5.0;-6.0;-5.0;ISOPROPANOL
3787.0;6653.0;11475.0;18862.0;2879.0;3798.0;3135.0;5623.0;9910.0;16922.0;2674.0;3806.0;1.0;7.0;0.0;-3.0;ISOPROPANOL
3780.0;6558.0;11446.0;18858.0;2873.0;3784.0;3160.0;5654.0;9947.0;16889.0;2669.0;3814.0;1.0;5.0;-6.0;-5.0;ISOPROPANOL
3735.0;6614.0;11408.0;18828.0;2869.0;3797.0;3131.0;5628.0;9916.0;16851.0;2676.0;3804.0;-6.0;5.0;-7.0;-8.0;ISOPROPANOL
3795.0;6705.0;11576.0;19028.0;2904.0;3830.0;3202.0;5745.0;10115.0;17137.0;2705.0;3843.0;-6.0;5.0;-6.0;-5.0;ISOPROPANOL
3818.0;6723.0;11576.0;18954.0;2906.0;3841.0;3190.0;5714.0;10062.0;17114.0;2711.0;3823.0;-8.0;2.0;-7.0;0.0;ISOPROPANOL
3803.0;6681.0;11589.0;19035.0;2913.0;3827.0;3215.0;5736.0;10071.0;17202.0;2702.0;3867.0;-8.0;1.0;-8.0;-5.0;ISOPROPANOL
3891.0;6843.0;11771.0;19270.0;2930.0;3870.0;3232.0;5764.0;10148.0;17194.0;2714.0;3850.0;-3.0;1.0;-7.0;0.0;ISOPROPANOL
3857.0;6766.0;11632.0;19111.0;2925.0;3816.0;3166.0;5686.0;9972.0;16930.0;2675.0;3828.0;-3.0;-3.0;-8.0;0.0;ISOPROPANOL
3824.0;6694.0;11537.0;18944.0;2891.0;3801.0;3193.0;5707.0;10010.0;17017.0;2686.0;3827.0;-3.0;-3.0;-8.0;0.0;ISOPROPANOL
3846.0;6767.0;11654.0;19113.0;2912.0;3865.0;3233.0;5793.0;10165.0;17271.0;2716.0;3884.0;-3.0;5.0;-12.0;-4.0;ISOPROPANOL
3876.0;6774.0;11646.0;19119.0;2905.0;3821.0;3189.0;5738.0;10056.0;17129.0;2694.0;3828.0;0.0;7.0;-5.0;-4.0;ISOPROPANOL
3816.0;6719.0;11615.0;18979.0;2903.0;3826.0;3198.0;5763.0;10093.0;17153.0;2717.0;3848.0;-1.0;8.0;-5.0;-4.0;ISOPROPANOL
3810.0;6708.0;11614.0;19067.0;2922.0;3847.0;3217.0;5746.0;10106.0;17209.0;2711.0;3862.0;-1.0;7.0;-5.0;-5.0;ISOPROPANOL
3855.0;6780.0;11682.0;19114.0;2926.0;3835.0;3189.0;5714.0;10074.0;17099.0;2708.0;3854.0;-1.0;7.0;-1.0;-5.0;ISOPROPANOL
3858.0;6758.0;11655.0;19077.0;2939.0;3861.0;3267.0;5849.0;10287.0;17451.0;2757.0;3895.0;-1.0;7.0;-1.0;-5.0;ISOPROPANOL
3873.0;6802.0;11719.0;19208.0;2936.0;3888.0;3260.0;5833.0;10232.0;17360.0;2747.0;3896.0;-5.0;8.0;-7.0;-6.0;ISOPROPANOL
3930.0;6910.0;11925.0;19376.0;2955.0;3886.0;3274.0;5862.0;10268.0;17355.0;2714.0;3872.0;-5.0;7.0;-7.0;-6.0;ISOPROPANOL
3866.0;6792.0;11686.0;19152.0;2912.0;3860.0;3242.0;5790.0;10201.0;17223.0;2733.0;3902.0;-6.0;3.0;-9.0;-3.0;ISOPROPANOL
3900.0;6867.0;11870.0;19400.0;2970.0;3868.0;3289.0;5855.0;10293.0;17489.0;2759.0;3901.0;-6.0;3.0;-9.0;-6.0;ISOPROPANOL
3914.0;6877.0;11812.0;19358.0;2955.0;3897.0;3276.0;5854.0;10316.0;17447.0;2759.0;3939.0;-6.0;3.0;-9.0;-4.0;ISOPROPANOL
3932.0;6897.0;11863.0;19407.0;2969.0;3924.0;3282.0;5869.0;10327.0;17571.0;2764.0;3948.0;-4.0;5.0;-3.0;-4.0;ISOPROPANOL
3930.0;6883.0;11845.0;19349.0;2951.0;3881.0;3259.0;5836.0;10252.0;17378.0;2734.0;3894.0;-6.0;4.0;-10.0;-7.0;ISOPROPANOL
3931.0;6881.0;11801.0;19313.0;2960.0;3886.0;3241.0;5819.0;10231.0;17348.0;2742.0;3878.0;-4.0;7.0;-3.0;-7.0;ISOPROPANOL
3877.0;6812.0;11792.0;19202.0;2936.0;3868.0;3263.0;5824.0;10227.0;17292.0;2732.0;3876.0;-3.0;4.0;-3.0;-7.0;ISOPROPANOL
3905.0;6831.0;11858.0;19333.0;2960.0;3912.0;3298.0;5897.0;10302.0;17574.0;2782.0;3939.0;-3.0;4.0;-3.0;-7.0;ISOPROPANOL
3957.0;6920.0;11926.0;19445.0;2975.0;3912.0;3290.0;5824.0;10354.0;17458.0;2769.0;3910.0;-3.0;5.0;-3.0;-5.0;ISOPROPANOL
3953.0;6895.0;11841.0;19330.0;2959.0;3886.0;3248.0;5830.0;10227.0;17414.0;2740.0;3894.0;-3.0;4.0;-3.0;-3.0;ISOPROPANOL
3892.0;6843.0;11774.0;19235.0;2943.0;3863.0;3242.0;5820.0;10178.0;17225.0;2737.0;3838.0;-1.0;7.0;-5.0;-3.0;ISOPROPANOL
3847.0;6753.0;11604.0;19031.0;2924.0;3839.0;3210.0;5742.0;10137.0;17142.0;2724.0;3855.0;5.0;4.0;-5.0;-5.0;ISOPROPANOL
3851.0;6739.0;11668.0;19055.0;2927.0;3845.0;3178.0;5714.0;10070.0;17164.0;2706.0;3845.0;6.0;7.0;-5.0;-5.0;ISOPROPANOL
3839.0;6754.0;11605.0;19057.0;2910.0;3833.0;3201.0;5763.0;10086.0;17150.0;2708.0;3820.0;5.0;3.0;-5.0;-5.0;ISOPROPANOL
3836.0;6740.0;11585.0;19001.0;2902.0;3820.0;3204.0;5734.0;10067.0;17038.0;2700.0;3844.0;5.0;5.0;-7.0;-5.0;ISOPROPANOL
3835.0;6731.0;11618.0;19061.0;2922.0;3839.0;3242.0;5808.0;10208.0;17308.0;2730.0;3874.0;1.0;3.0;-8.0;-5.0;ISOPROPANOL
3887.0;6844.0;11742.0;19172.0;2920.0;3844.0;3214.0;5794.0;10180.0;17202.0;2715.0;3847.0;1.0;4.0;-8.0;-5.0;ISOPROPANOL
3843.0;6746.0;11681.0;19060.0;2907.0;3818.0;3232.0;5762.0;10150.0;17149.0;2707.0;3831.0;4.0;4.0;-7.0;-4.0;ISOPROPANOL
3837.0;6733.0;11576.0;19007.0;2893.0;3824.0;3172.0;5656.0;10007.0;16990.0;2687.0;3831.0;4.0;10.0;-2.0;-5.0;ISOPROPANOL
3770.0;6616.0;11409.0;18822.0;2882.0;3820.0;3184.0;5697.0;9991.0;16983.0;2684.0;3805.0;6.0;12.0;-2.0;-5.0;ISOPROPANOL
3808.0;6682.0;11543.0;18976.0;2905.0;3832.0;3230.0;5798.0;10179.0;17305.0;2741.0;3898.0;4.0;8.0;-1.0;-6.0;ISOPROPANOL
3916.0;6873.0;11828.0;19340.0;2946.0;3889.0;3281.0;5850.0;10280.0;17432.0;2760.0;3914.0;3.0;7.0;-1.0;-10.0;ISOPROPANOL
3926.0;6871.0;11768.0;19261.0;2938.0;3862.0;3248.0;5822.0;10241.0;17353.0;2750.0;3888.0;-3.0;8.0;-2.0;-10.0;ISOPROPANOL
3863.0;6774.0;11697.0;19079.0;2923.0;3864.0;3265.0;5822.0;10250.0;17360.0;2741.0;3902.0;-5.0;9.0;-11.0;-9.0;ISOPROPANOL
3903.0;6853.0;11823.0;19254.0;2958.0;3886.0;3299.0;5903.0;10312.0;17437.0;2750.0;3934.0;-5.0;8.0;-11.0;-10.0;ISOPROPANOL
3949.0;6917.0;11915.0;19410.0;2987.0;3917.0;3258.0;5836.0;10281.0;17450.0;2749.0;3917.0;-5.0;5.0;-11.0;-9.0;ISOPROPANOL
3925.0;6883.0;11855.0;19305.0;2955.0;3893.0;3270.0;5865.0;10304.0;17523.0;2760.0;3925.0;-1.0;5.0;-9.0;-3.0;ISOPROPANOL
3934.0;6876.0;11839.0;19338.0;2966.0;3911.0;3285.0;5880.0;10331.0;17523.0;2760.0;3933.0;-1.0;6.0;-9.0;-6.0;ISOPROPANOL
3930.0;6899.0;11884.0;19222.0;2957.0;3898.0;3290.0;5833.0;10288.0;17441.0;2754.0;3929.0;-1.0;5.0;-5.0;-6.0;ISOPROPANOL
3909.0;6885.0;11820.0;19342.0;2955.0;3879.0;3270.0;5826.0;10202.0;17301.0;2728.0;3872.0;-1.0;4.0;-5.0;-1.0;ISOPROPANOL
3888.0;6832.0;11727.0;19151.0;2936.0;3855.0;3241.0;5758.0;10200.0;17232.0;2735.0;3895.0;0.0;7.0;-5.0;-6.0;ISOPROPANOL
3870.0;6804.0;11777.0;19251.0;2958.0;3899.0;3285.0;5886.0;10297.0;17521.0;2758.0;3935.0;5.0;4.0;-3.0;-8.0;ISOPROPANOL
3898.0;6843.0;11789.0;19307.0;2954.0;3883.0;3257.0;5855.0;10330.0;17466.0;2739.0;3922.0;3.0;6.0;-3.0;-8.0;ISOPROPANOL
3926.0;6887.0;11864.0;19367.0;2952.0;3879.0;3292.0;5840.0;10326.0;17566.0;2765.0;3903.0;5.0;4.0;-3.0;-7.0;ISOPROPANOL
3939.0;6905.0;11838.0;19331.0;2953.0;3904.0;3270.0;5837.0;10095.0;17330.0;2730.0;3919.0;-6.0;3.0;-3.0;-7.0;ISOPROPANOL
3872.0;6811.0;11756.0;19259.0;2951.0;3884.0;3253.0;5796.0;10216.0;17244.0;2743.0;3885.0;-6.0;3.0;-4.0;-4.0;ISOPROPANOL
3889.0;6814.0;11763.0;19180.0;2920.0;3847.0;3270.0;5709.0;10222.0;17342.0;2738.0;3915.0;-7.0;3.0;-4.0;-4.0;ISOPROPANOL
3912.0;6869.0;11797.0;19327.0;2954.0;3897.0;3271.0;5865.0;10283.0;17502.0;2752.0;3884.0;-6.0;10.0;-4.0;-4.0;ISOPROPANOL
3886.0;6812.0;11786.0;19247.0;2946.0;3884.0;3272.0;5841.0;10250.0;17347.0;2740.0;3894.0;-9.0;8.0;-8.0;-4.0;ISOPROPANOL
3884.0;6802.0;11716.0;19282.0;2954.0;3895.0;3314.0;5913.0;10336.0;17562.0;2753.0;3909.0;-2.0;10.0;-8.0;-4.0;ISOPROPANOL
3972.0;6953.0;11946.0;19468.0;2980.0;3891.0;3299.0;5875.0;10297.0;17498.0;2766.0;3941.0;-4.0;8.0;-8.0;-4.0;ISOPROPANOL
3942.0;6905.0;11842.0;19340.0;2968.0;3896.0;3283.0;5883.0;10350.0;17603.0;2770.0;3933.0;-4.0;8.0;-11.0;-4.0;ISOPROPANOL
3984.0;6964.0;11974.0;19473.0;2981.0;3923.0;3327.0;5940.0;10389.0;17564.0;2762.0;3924.0;-4.0;7.0;-8.0;-4.0;ISOPROPANOL
3918.0;6873.0;11821.0;19278.0;2950.0;3887.0;3303.0;5862.0;10327.0;17449.0;2749.0;3902.0;-2.0;4.0;-5.0;-4.0;ISOPROPANOL
3908.0;6853.0;11797.0;19271.0;2949.0;3875.0;3290.0;5901.0;10333.0;17437.0;2762.0;3938.0;-2.0;7.0;-4.0;-4.0;ISOPROPANOL
3949.0;6931.0;11936.0;19417.0;2972.0;3922.0;3345.0;5950.0;10478.0;17682.0;2791.0;3942.0;-1.0;3.0;-2.0;-5.0;ISOPROPANOL
3994.0;6978.0;11995.0;19588.0;2999.0;3910.0;3302.0;5896.0;10269.0;17442.0;2756.0;3921.0;-1.0;4.0;-2.0;-5.0;ISOPROPANOL
3943.0;6877.0;11837.0;19328.0;2948.0;3908.0;3304.0;5900.0;10328.0;17508.0;2756.0;3894.0;-1.0;4.0;-2.0;-7.0;ISOPROPANOL
3919.0;6852.0;11768.0;19297.0;2945.0;3876.0;3266.0;5828.0;10262.0;17409.0;2748.0;3914.0;1.0;11.0;0.0;-7.0;ISOPROPANOL
3952.0;6931.0;11857.0;19380.0;2967.0;3899.0;3317.0;5908.0;10385.0;17620.0;2781.0;3933.0;-1.0;10.0;-2.0;-7.0;ISOPROPANOL
3950.0;6921.0;11931.0;19403.0;2980.0;3913.0;3311.0;5880.0;10345.0;17519.0;2768.0;3929.0;-1.0;8.0;0.0;-6.0;ISOPROPANOL
3955.0;6933.0;11908.0;19399.0;2977.0;3942.0;3338.0;5962.0;10493.0;17790.0;2802.0;3982.0;-1.0;8.0;0.0;-6.0;ISOPROPANOL
3985.0;6987.0;11987.0;19463.0;2991.0;3949.0;3328.0;5922.0;10425.0;17574.0;2767.0;3944.0;-1.0;5.0;-3.0;-3.0;ISOPROPANOL
3980.0;6949.0;11976.0;19451.0;2988.0;3916.0;3325.0;5960.0;10435.0;17668.0;2775.0;3956.0;-1.0;6.0;-8.0;-4.0;ISOPROPANOL
4003.0;7009.0;11968.0;19540.0;2980.0;3926.0;3306.0;5901.0;10330.0;17489.0;2765.0;3936.0;-3.0;5.0;-8.0;-4.0;ISOPROPANOL
3896.0;6880.0;11866.0;19329.0;2953.0;3919.0;3306.0;5910.0;10393.0;17612.0;2773.0;3929.0;-3.0;5.0;-8.0;-5.0;ISOPROPANOL
3929.0;6900.0;11863.0;19381.0;2959.0;3901.0;3297.0;5874.0;10327.0;17540.0;2751.0;3913.0;-2.0;10.0;-7.0;-4.0;ISOPROPANOL
3926.0;6924.0;11881.0;19352.0;2953.0;3903.0;3314.0;5892.0;10359.0;17500.0;2750.0;3925.0;0.0;7.0;-2.0;-4.0;ISOPROPANOL
3966.0;6943.0;11964.0;19421.0;2980.0;3915.0;3304.0;5920.0;10408.0;17574.0;2776.0;3942.0;-2.0;7.0;-2.0;-5.0;ISOPROPANOL
3973.0;6970.0;11999.0;19576.0;2995.0;3952.0;3335.0;5951.0;10453.0;17692.0;2791.0;3950.0;-2.0;9.0;-2.0;-4.0;ISOPROPANOL
4019.0;6997.0;12000.0;19511.0;2993.0;3942.0;3292.0;5929.0;10374.0;17623.0;2784.0;3925.0;0.0;5.0;1.0;-4.0;ISOPROPANOL
3968.0;6972.0;12001.0;19559.0;3003.0;3953.0;3385.0;6000.0;10582.0;17919.0;2829.0;4009.0;-4.0;8.0;-7.0;-4.0;ISOPROPANOL
4044.0;7085.0;12164.0;19743.0;3029.0;3970.0;3350.0;5967.0;10459.0;17671.0;2798.0;3954.0;-6.0;4.0;-8.0;-3.0;ISOPROPANOL
3968.0;6947.0;11915.0;19491.0;2975.0;3923.0;3316.0;5913.0;10376.0;17609.0;2777.0;3950.0;-6.0;1.0;-8.0;-3.0;ISOPROPANOL
4006.0;7030.0;12128.0;19644.0;3011.0;3980.0;3347.0;5958.0;10507.0;17789.0;2812.0;3987.0;-4.0;0.0;-8.0;-3.0;ISOPROPANOL
4011.0;7025.0;12077.0;19652.0;3013.0;3925.0;3312.0;5926.0;10380.0;17614.0;2786.0;3952.0;-4.0;0.0;-8.0;-3.0;ISOPROPANOL
4000.0;7021.0;12074.0;19643.0;3001.0;3909.0;3337.0;5993.0;10561.0;17859.0;2815.0;3995.0;-4.0;10.0;-8.0;-3.0;ISOPROPANOL
4042.0;7088.0;12103.0;19714.0;3020.0;3956.0;3329.0;5944.0;10408.0;17619.0;2782.0;3983.0;-4.0;5.0;-7.0;-3.0;ISOPROPANOL
3948.0;6931.0;11954.0;19473.0;2991.0;3921.0;3358.0;5983.0;10483.0;17763.0;2796.0;3958.0;-2.0;5.0;-5.0;-4.0;ISOPROPANOL
4013.0;7011.0;12093.0;19625.0;3022.0;3984.0;3384.0;6059.0;10625.0;17980.0;2832.0;4035.0;-2.0;5.0;-7.0;-5.0;ISOPROPANOL
4079.0;7161.0;12318.0;19896.0;3057.0;4020.0;3385.0;6015.0;10603.0;17953.0;2836.0;4027.0;-3.0;2.0;-7.0;-4.0;ISOPROPANOL
4073.0;7143.0;12249.0;19887.0;3049.0;4002.0;3391.0;6035.0;10608.0;17878.0;2818.0;4022.0;-3.0;2.0;-7.0;-4.0;ISOPROPANOL
4068.0;7081.0;12191.0;19741.0;3025.0;3972.0;3373.0;6040.0;10637.0;17942.0;2833.0;4027.0;-2.0;6.0;-6.0;-4.0;ISOPROPANOL
4049.0;7108.0;12264.0;19837.0;3016.0;3972.0;3398.0;6025.0;10563.0;17929.0;2825.0;3990.0;-2.0;7.0;-7.0;-4.0;ISOPROPANOL
4058.0;7100.0;12171.0;19754.0;3031.0;3982.0;3361.0;5984.0;10561.0;17870.0;2817.0;4004.0;-2.0;12.0;-6.0;-3.0;ISOPROPANOL
4097.0;7147.0;12279.0;19860.0;3067.0;4045.0;3442.0;6160.0;10809.0;18356.0;2885.0;4071.0;-1.0;6.0;-4.0;-4.0;ISOPROPANOL
4107.0;7215.0;12445.0;20032.0;3088.0;4052.0;3452.0;6147.0;10824.0;18289.0;2864.0;4052.0;-1.0;5.0;-4.0;-3.0;ISOPROPANOL
4118.0;7236.0;12366.0;19941.0;3078.0;4035.0;3468.0;6155.0;10758.0;18142.0;2851.0;4036.0;-1.0;8.0;-4.0;-3.0;ISOPROPANOL
4087.0;7151.0;12300.0;19839.0;3035.0;3995.0;3399.0;6078.0;10689.0;18071.0;2846.0;4036.0;-2.0;6.0;-4.0;-3.0;ISOPROPANOL
4073.0;7134.0;12338.0;19912.0;3063.0;4014.0;3454.0;6158.0;10805.0;18249.0;2868.0;4055.0;6.0;9.0;-3.0;-3.0;ISOPROPANOL
4125.0;7244.0;12431.0;20043.0;3076.0;4050.0;3459.0;6178.0;10806.0;18257.0;2878.0;4057.0;-5.0;4.0;-3.0;-3.0;ISOPROPANOL
4114.0;7212.0;12357.0;19961.0;3066.0;4026.0;3390.0;6075.0;10667.0;18060.0;2838.0;4039.0;-5.0;7.0;-3.0;-7.0;ISOPROPANOL
4100.0;7181.0;12324.0;19898.0;3055.0;4008.0;3410.0;6088.0;10657.0;17952.0;2846.0;4001.0;-5.0;2.0;-4.0;-7.0;ISOPROPANOL
4059.0;7108.0;12181.0;19738.0;3030.0;4009.0;3438.0;6093.0;10666.0;17960.0;2829.0;4015.0;1.0;2.0;-2.0;-4.0;ISOPROPANOL
4041.0;7048.0;12157.0;19696.0;3016.0;3961.0;3355.0;6002.0;10538.0;17859.0;2808.0;3974.0;-1.0;0.0;-1.0;-7.0;ISOPROPANOL
4039.0;7064.0;12212.0;19727.0;3036.0;4008.0;3425.0;6087.0;10652.0;17953.0;2847.0;4029.0;-1.0;0.0;-4.0;-8.0;ISOPROPANOL
4093.0;7141.0;12295.0;19833.0;3040.0;4000.0;3396.0;6063.0;10541.0;17928.0;2818.0;4020.0;1.0;0.0;2.0;-4.0;ISOPROPANOL
4046.0;7116.0;12208.0;19801.0;3035.0;3992.0;3382.0;6045.0;10593.0;17922.0;2837.0;4004.0;2.0;6.0;2.0;-4.0;ISOPROPANOL
4065.0;7112.0;12255.0;19858.0;3056.0;4017.0;3429.0;6121.0;10759.0;18157.0;2848.0;4057.0;5.0;6.0;-6.0;-4.0;ISOPROPANOL
4091.0;7160.0;12363.0;19959.0;3067.0;4016.0;3405.0;6063.0;10651.0;18054.0;2845.0;4036.0;-4.0;7.0;-7.0;-4.0;ISOPROPANOL
4045.0;7080.0;12239.0;19851.0;3044.0;4006.0;3422.0;6117.0;10774.0;18170.0;2875.0;4078.0;-3.0;9.0;-6.0;-1.0;ISOPROPANOL
4113.0;7200.0;12376.0;19986.0;3073.0;4062.0;3438.0;6142.0;10769.0;18179.0;2857.0;4039.0;-3.0;5.0;-6.0;-4.0;ISOPROPANOL
4077.0;7123.0;12248.0;19849.0;3060.0;4031.0;3407.0;6099.0;10698.0;18079.0;2844.0;4027.0;-3.0;11.0;-6.0;-4.0;ISOPROPANOL
4053.0;7096.0;12263.0;19796.0;3050.0;3996.0;3417.0;6077.0;10648.0;18007.0;2849.0;4002.0;-1.0;6.0;-1.0;-4.0;ISOPROPANOL
4101.0;7179.0;12347.0;19927.0;3063.0;4043.0;3422.0;6140.0;10750.0;18195.0;2878.0;4094.0;2.0;7.0;0.0;2.0;ISOPROPANOL
4167.0;7292.0;12551.0;20222.0;3115.0;4072.0;3521.0;6280.0;10960.0;18562.0;2891.0;4111.0;2.0;4.0;0.0;-4.0;ISOPROPANOL
4178.0;7349.0;12637.0;20261.0;3136.0;4107.0;3546.0;6296.0;11011.0;18601.0;2920.0;4118.0;2.0;4.0;-3.0;-3.0;ISOPROPANOL
4187.0;7337.0;12624.0;20256.0;3123.0;4097.0;3472.0;6209.0;10887.0;18424.0;2895.0;4135.0;2.0;5.0;0.0;-3.0;ISOPROPANOL
4185.0;7310.0;12568.0;20192.0;3111.0;4079.0;3463.0;6176.0;10817.0;18302.0;2887.0;4105.0;2.0;5.0;-3.0;-3.0;ISOPROPANOL
4150.0;7270.0;12548.0;20150.0;3105.0;4080.0;3507.0;6254.0;10990.0;18527.0;2925.0;4125.0;-2.0;5.0;-7.0;-5.0;ISOPROPANOL
4207.0;7370.0;12655.0;20263.0;3125.0;4098.0;3500.0;6241.0;10969.0;18474.0;2925.0;4135.0;1.0;6.0;-7.0;-4.0;ISOPROPANOL
4232.0;7430.0;12763.0;20374.0;3152.0;4133.0;3502.0;6283.0;10970.0;18609.0;2902.0;4144.0;-2.0;4.0;-7.0;-4.0;ISOPROPANOL
4249.0;7435.0;12725.0;20379.0;3162.0;4120.0;3525.0;6275.0;11052.0;18714.0;2935.0;4139.0;-2.0;4.0;-7.0;-4.0;ISOPROPANOL
4192.0;7319.0;12548.0;20193.0;3111.0;4092.0;3483.0;6231.0;10848.0;18412.0;2899.0;4106.0;-2.0;4.0;-7.0;-4.0;ISOPROPANOL
4142.0;7306.0;12563.0;20206.0;3122.0;4121.0;3548.0;6316.0;11089.0;18667.0;2925.0;4131.0;2.0;6.0;-3.0;-4.0;ISOPROPANOL
4152.0;7265.0;12539.0;20176.0;3114.0;4087.0;3494.0;6233.0;10924.0;18487.0;2912.0;4109.0;2.0;8.0;-6.0;-4.0;ISOPROPANOL
4187.0;7328.0;12607.0;20184.0;3108.0;4069.0;3515.0;6233.0;10913.0;18407.0;2889.0;4108.0;2.0;6.0;-3.0;-5.0;ISOPROPANOL
4153.0;7258.0;12442.0;20015.0;3085.0;4058.0;3429.0;6106.0;10752.0;18222.0;2868.0;4033.0;2.0;2.0;-6.0;-5.0;ISOPROPANOL
4133.0;7212.0;12408.0;20008.0;3083.0;4050.0;3463.0;6176.0;10762.0;18207.0;2875.0;4052.0;3.0;2.0;-3.0;-5.0;ISOPROPANOL
4123.0;7209.0;12348.0;19931.0;3066.0;4031.0;3421.0;6111.0;10693.0;18081.0;2853.0;4046.0;2.0;2.0;-6.0;-5.0;ISOPROPANOL
4133.0;7233.0;12451.0;20107.0;3100.0;4071.0;3511.0;6277.0;10923.0;18529.0;2908.0;4109.0;-4.0;2.0;-5.0;-5.0;ISOPROPANOL
4191.0;7320.0;12609.0;20243.0;3129.0;4113.0;3527.0;6277.0;11016.0;18623.0;2930.0;4143.0;-5.0;5.0;-7.0;-5.0;ISOPROPANOL
4264.0;7424.0;12752.0;20400.0;3153.0;4144.0;3546.0;6321.0;11065.0;18695.0;2949.0;4180.0;-4.0;5.0;-5.0;0.0;ISOPROPANOL
4269.0;7456.0;12756.0;20421.0;3157.0;4144.0;3531.0;6321.0;11084.0;18634.0;2929.0;4116.0;-4.0;5.0;-5.0;0.0;ISOPROPANOL
4202.0;7320.0;12602.0;20269.0;3131.0;4105.0;3546.0;6295.0;10994.0;18467.0;2914.0;4083.0;-4.0;5.0;-5.0;-2.0;ISOPROPANOL
4193.0;7343.0;12609.0;20285.0;3139.0;4101.0;3545.0;6296.0;11047.0;18635.0;2921.0;4159.0;-6.0;2.0;-7.0;-6.0;ISOPROPANOL
4239.0;7416.0;12702.0;20311.0;3134.0;4115.0;3517.0;6272.0;10988.0;18553.0;2909.0;4121.0;-1.0;3.0;-4.0;-4.0;ISOPROPANOL
4209.0;7344.0;12614.0;20205.0;3106.0;4079.0;3506.0;6247.0;10897.0;18388.0;2888.0;4093.0;-1.0;2.0;-4.0;-4.0;ISOPROPANOL
4137.0;7248.0;12441.0;20087.0;3087.0;4071.0;3475.0;6173.0;10814.0;18233.0;2872.0;4068.0;-1.0;3.0;-5.0;-4.0;ISOPROPANOL
4179.0;7317.0;12533.0;20174.0;3107.0;4088.0;3481.0;6222.0;10896.0;18439.0;2899.0;4140.0;5.0;4.0;-4.0;-3.0;ISOPROPANOL
4269.0;7429.0;12792.0;20418.0;3160.0;4123.0;3557.0;6304.0;11081.0;18699.0;2933.0;4147.0;4.0;6.0;-4.0;-3.0;ISOPROPANOL
4223.0;7387.0;12711.0;20329.0;3129.0;4129.0;3570.0;6348.0;11001.0;18652.0;2932.0;4127.0;7.0;4.0;0.0;-3.0;ISOPROPANOL
4225.0;7392.0;12722.0;20361.0;3128.0;4129.0;3531.0;6261.0;10968.0;18554.0;2916.0;4126.0;1.0;10.0;0.0;-3.0;ISOPROPANOL
4206.0;7343.0;12633.0;20254.0;3130.0;4102.0;3509.0;6252.0;10911.0;18485.0;2903.0;4128.0;-1.0;11.0;0.0;-3.0;ISOPROPANOL
4147.0;7248.0;12496.0;20110.0;3091.0;4067.0;3469.0;6172.0;10847.0;18287.0;2875.0;4056.0;-3.0;2.0;-2.0;-3.0;ISOPROPANOL
4135.0;7217.0;12415.0;20028.0;3094.0;4057.0;3457.0;6168.0;10825.0;18289.0;2877.0;4071.0;-1.0;2.0;2.0;-3.0;ISOPROPANOL
4152.0;7265.0;12461.0;20071.0;3089.0;4072.0;3456.0;6149.0;10800.0;18284.0;2870.0;4079.0;-1.0;2.0;-2.0;-3.0;ISOPROPANOL
4154.0;7261.0;12472.0;20002.0;3071.0;4058.0;3480.0;6190.0;10809.0;18290.0;2881.0;4048.0;-3.0;2.0;-8.0;-2.0;ISOPROPANOL
4137.0;7221.0;12452.0;19975.0;3085.0;4038.0;3485.0;6185.0;10825.0;18316.0;2883.0;4095.0;-4.0;1.0;-8.0;2.0;ISOPROPANOL
4153.0;7292.0;12509.0;20123.0;3086.0;4059.0;3533.0;6256.0;10937.0;18546.0;2925.0;4110.0;3.0;2.0;-1.0;2.0;ISOPROPANOL
4235.0;7386.0;12628.0;20290.0;3134.0;4097.0;3528.0;6264.0;10942.0;18552.0;2922.0;4134.0;-4.0;2.0;-8.0;2.0;ISOPROPANOL
4189.0;7335.0;12600.0;20232.0;3124.0;4074.0;3478.0;6181.0;10820.0;18257.0;2876.0;4047.0;-4.0;8.0;-1.0;-5.0;ISOPROPANOL
4100.0;7197.0;12351.0;19974.0;3080.0;4047.0;3450.0;6160.0;10791.0;18255.0;2858.0;4051.0;-3.0;8.0;1.0;-5.0;ISOPROPANOL
4131.0;7220.0;12379.0;20079.0;3090.0;4054.0;3491.0;6208.0;10893.0;18406.0;2897.0;4093.0;-3.0;7.0;1.0;-5.0;ISOPROPANOL
4174.0;7340.0;12624.0;20193.0;3116.0;4059.0;3500.0;6239.0;10884.0;18421.0;2904.0;4114.0;-3.0;1.0;-3.0;-4.0;ISOPROPANOL
4222.0;7414.0;12753.0;20400.0;3156.0;4138.0;3566.0;6369.0;11148.0;18828.0;2960.0;4174.0;-3.0;1.0;1.0;-4.0;ISOPROPANOL
4288.0;7498.0;12880.0;20493.0;3174.0;4132.0;3549.0;6336.0;11066.0;18676.0;2928.0;4136.0;4.0;1.0;-3.0;-4.0;ISOPROPANOL
4231.0;7390.0;12687.0;20398.0;3155.0;4134.0;3549.0;6322.0;11071.0;18720.0;2958.0;4153.0;-3.0;1.0;-6.0;-5.0;ISOPROPANOL
4278.0;7489.0;12886.0;20543.0;3196.0;4194.0;3616.0;6438.0;11284.0;19041.0;2981.0;4230.0;5.0;2.0;-8.0;-6.0;ISOPROPANOL
4269.0;7481.0;12880.0;20564.0;3195.0;4190.0;3607.0;6430.0;11212.0;18872.0;2961.0;4196.0;-3.0;11.0;-8.0;-7.0;ISOPROPANOL
4296.0;7525.0;12891.0;20511.0;3176.0;4159.0;3572.0;6362.0;11127.0;18818.0;2953.0;4124.0;-3.0;6.0;-8.0;-7.0;ISOPROPANOL
4214.0;7365.0;12698.0;20335.0;3152.0;4151.0;3570.0;6334.0;10878.0;18756.0;2944.0;4155.0;-3.0;8.0;-8.0;-10.0;ISOPROPANOL
4234.0;7396.0;12752.0;20332.0;3141.0;4138.0;3539.0;6298.0;11018.0;18573.0;2931.0;4157.0;3.0;7.0;-1.0;-10.0;ISOPROPANOL
4239.0;7384.0;12726.0;20357.0;3141.0;4129.0;3567.0;6367.0;11120.0;18788.0;2951.0;4177.0;3.0;7.0;-1.0;-10.0;ISOPROPANOL
4280.0;7499.0;12888.0;20525.0;3173.0;4142.0;3551.0;6298.0;11038.0;18653.0;2930.0;4155.0;3.0;7.0;4.0;-10.0;ISOPROPANOL
4249.0;7434.0;12789.0;20350.0;3141.0;4114.0;3548.0;6291.0;11030.0;18544.0;2927.0;4115.0;3.0;7.0;4.0;-6.0;ISOPROPANOL
4233.0;7379.0;12667.0;20330.0;3146.0;4114.0;3530.0;6289.0;10903.0;18524.0;2924.0;4126.0;0.0;7.0;-1.0;-4.0;ISOPROPANOL
4242.0;7400.0;12710.0;20337.0;3134.0;4123.0;3566.0;6342.0;11070.0;18663.0;2938.0;4145.0;0.0;8.0;-1.0;-4.0;ISOPROPANOL
4227.0;7369.0;12648.0;20296.0;3132.0;4128.0;3533.0;6298.0;10983.0;18526.0;2925.0;4130.0;0.0;2.0;-1.0;-7.0;ISOPROPANOL
4230.0;7380.0;12671.0;20251.0;3124.0;4099.0;3507.0;6243.0;10896.0;18401.0;2903.0;4089.0;1.0;3.0;-1.0;-6.0;ISOPROPANOL
4194.0;7312.0;12615.0;20248.0;3150.0;4144.0;3573.0;6334.0;11141.0;18790.0;2941.0;4179.0;1.0;3.0;-2.0;-6.0;ISOPROPANOL
4254.0;7457.0;12839.0;20522.0;3203.0;4181.0;3628.0;6475.0;11325.0;19164.0;3007.0;4210.0;-3.0;3.0;-9.0;-7.0;ISOPROPANOL
4325.0;7596.0;12993.0;20599.0;3213.0;4225.0;3642.0;6486.0;11381.0;19279.0;3024.0;4242.0;-3.0;5.0;-9.0;-6.0;ISOPROPANOL
4329.0;7570.0;12994.0;20646.0;3202.0;4190.0;3620.0;6422.0;11224.0;18926.0;2961.0;4184.0;-3.0;7.0;-9.0;-4.0;ISOPROPANOL
4285.0;7485.0;12825.0;20436.0;3183.0;4178.0;3620.0;6464.0;11303.0;19015.0;2983.0;4228.0;-3.0;7.0;-9.0;-4.0;ISOPROPANOL
4344.0;7579.0;12983.0;20648.0;3219.0;4197.0;3595.0;6452.0;11278.0;18967.0;2981.0;4224.0;-2.0;14.0;-5.0;-5.0;ISOPROPANOL
4307.0;7523.0;12883.0;20522.0;3181.0;4167.0;3579.0;6366.0;11151.0;18839.0;2958.0;4161.0;-1.0;2.0;-1.0;-2.0;ISOPROPANOL
4275.0;7485.0;12799.0;20421.0;3158.0;4151.0;3574.0;6373.0;11134.0;18708.0;2944.0;4143.0;-1.0;0.0;1.0;-5.0;ISOPROPANOL
4234.0;7416.0;12709.0;20339.0;3145.0;4119.0;3459.0;6262.0;10955.0;18514.0;2905.0;4127.0;-1.0;0.0;1.0;-5.0;ISOPROPANOL
4178.0;7334.0;12606.0;20274.0;3128.0;4111.0;3538.0;6321.0;11099.0;18751.0;2950.0;4126.0;5.0;2.0;3.0;-4.0;ISOPROPANOL
4231.0;7376.0;12653.0;20291.0;3153.0;4137.0;3553.0;6310.0;11037.0;18709.0;2947.0;4171.0;7.0;4.0;4.0;-4.0;ISOPROPANOL
4268.0;7466.0;12793.0;20492.0;3177.0;4162.0;3583.0;6387.0;11189.0;18818.0;2972.0;4156.0;6.0;6.0;4.0;-5.0;ISOPROPANOL
4227.0;7431.0;12811.0;20483.0;3168.0;4160.0;3590.0;6403.0;11194.0;18917.0;2959.0;4195.0;4.0;4.0;2.0;-4.0;ISOPROPANOL
4278.0;7484.0;12873.0;20537.0;3175.0;4153.0;3573.0;6350.0;11089.0;18831.0;2951.0;4188.0;-1.0;6.0;-8.0;-5.0;ISOPROPANOL
4247.0;7413.0;12738.0;20382.0;3159.0;4167.0;3570.0;6369.0;11127.0;18771.0;2935.0;4180.0;-3.0;6.0;-8.0;-5.0;ISOPROPANOL
4236.0;7396.0;12671.0;20283.0;3152.0;4129.0;3569.0;6382.0;11148.0;18799.0;2951.0;4152.0;-3.0;6.0;-8.0;-6.0;ISOPROPANOL
4267.0;7445.0;12719.0;20397.0;3162.0;4111.0;3539.0;6330.0;11054.0;18650.0;2930.0;4123.0;-6.0;8.0;-8.0;-8.0;ISOPROPANOL
4211.0;7343.0;12644.0;20278.0;3148.0;4128.0;3582.0;6382.0;11166.0;18847.0;2946.0;4174.0;-6.0;6.0;-9.0;-8.0;ISOPROPANOL
4245.0;7435.0;12778.0;20421.0;3185.0;4172.0;3589.0;6368.0;11172.0;18819.0;2937.0;4181.0;-6.0;4.0;-5.0;-8.0;ISOPROPANOL
4282.0;7481.0;12808.0;20433.0;3171.0;4155.0;3573.0;6362.0;11147.0;18854.0;2962.0;4175.0;-6.0;4.0;-5.0;-8.0;ISOPROPANOL
4264.0;7452.0;12817.0;20508.0;3188.0;4191.0;3610.0;6426.0;11234.0;19021.0;2990.0;4203.0;-6.0;2.0;-5.0;-7.0;ISOPROPANOL
4318.0;7531.0;12905.0;20564.0;3187.0;4154.0;3601.0;6392.0;11133.0;18807.0;2964.0;4200.0;-6.0;8.0;-5.0;-5.0;ISOPROPANOL
4333.0;7565.0;12937.0;20567.0;3192.0;4176.0;3624.0;6458.0;11236.0;18913.0;2974.0;4208.0;-11.0;2.0;-5.0;-5.0;ISOPROPANOL
4323.0;7539.0;12923.0;20568.0;3186.0;4172.0;3548.0;6316.0;11057.0;18763.0;2958.0;4176.0;-11.0;5.0;-4.0;-7.0;ISOPROPANOL
4281.0;7486.0;12873.0;20496.0;3165.0;4160.0;3575.0;6347.0;11083.0;18714.0;2941.0;4167.0;0.0;5.0;-3.0;-7.0;ISOPROPANOL
4284.0;7483.0;12788.0;20433.0;3145.0;4121.0;3555.0;6346.0;11051.0;18640.0;2923.0;4134.0;0.0;7.0;-3.0;-10.0;ISOPROPANOL
4215.0;7403.0;12636.0;20335.0;3147.0;4112.0;3504.0;6288.0;11017.0;18673.0;2926.0;4126.0;0.0;8.0;-7.0;-10.0;ISOPROPANOL
4208.0;7354.0;12647.0;20300.0;3138.0;4137.0;3537.0;6310.0;11038.0;18668.0;2922.0;4149.0;0.0;4.0;-7.0;-7.0;ISOPROPANOL
4258.0;7429.0;12727.0;20405.0;3161.0;4132.0;3541.0;6326.0;11113.0;18781.0;2947.0;4169.0;0.0;5.0;-7.0;-7.0;ISOPROPANOL
4256.0;7421.0;12770.0;20361.0;3161.0;4111.0;3522.0;6267.0;10947.0;18465.0;2919.0;4125.0;-10.0;2.0;-9.0;-7.0;ISOPROPANOL
4245.0;7428.0;12742.0;20401.0;3152.0;4139.0;3550.0;6308.0;11005.0;18597.0;2928.0;4153.0;-10.0;2.0;-9.0;-5.0;ISOPROPANOL
4255.0;7439.0;12766.0;20399.0;3159.0;4145.0;3594.0;6359.0;11137.0;18792.0;2949.0;4187.0;-5.0;4.0;-5.0;-1.0;ISOPROPANOL
4234.0;7414.0;12741.0;20393.0;3155.0;4139.0;3567.0;6338.0;11108.0;18717.0;2948.0;4169.0;2.0;4.0;-4.0;-5.0;ISOPROPANOL
4247.0;7381.0;12731.0;20403.0;3159.0;4126.0;3545.0;6275.0;11054.0;18684.0;2944.0;4173.0;-4.0;5.0;-4.0;-5.0;ISOPROPANOL
4253.0;7435.0;12815.0;20413.0;3162.0;4138.0;3578.0;6369.0;11112.0;18735.0;2942.0;4148.0;2.0;5.0;-3.0;-5.0;ISOPROPANOL
4249.0;7458.0;12781.0;20412.0;3166.0;4129.0;3564.0;6329.0;11075.0;18784.0;2958.0;4171.0;1.0;10.0;-4.0;-9.0;ISOPROPANOL
4271.0;7444.0;12779.0;20423.0;3168.0;4132.0;3551.0;6306.0;11064.0;18718.0;2952.0;4153.0;-4.0;7.0;-8.0;-9.0;ISOPROPANOL
4248.0;7440.0;12746.0;20357.0;3160.0;4152.0;3548.0;6326.0;11098.0;18741.0;2955.0;4180.0;-4.0;7.0;-8.0;-9.0;ISOPROPANOL
4282.0;7444.0;12772.0;20434.0;3163.0;4144.0;3600.0;6383.0;11150.0;18787.0;2948.0;4170.0;-6.0;6.0;-8.0;-4.0;ISOPROPANOL
4231.0;7426.0;12743.0;20321.0;3154.0;4146.0;3544.0;6320.0;11021.0;18629.0;2937.0;4175.0;-11.0;3.0;-11.0;-4.0;ISOPROPANOL
4276.0;7478.0;12789.0;20486.0;3170.0;4171.0;3620.0;6439.0;11273.0;18985.0;2974.0;4168.0;-7.0;6.0;-11.0;-4.0;ISOPROPANOL
4235.0;7419.0;12782.0;20523.0;3186.0;4192.0;3616.0;6464.0;11322.0;19096.0;2999.0;4253.0;-7.0;7.0;-9.0;-4.0;ISOPROPANOL
4311.0;7543.0;12934.0;20617.0;3215.0;4207.0;3656.0;6496.0;11383.0;19280.0;3014.0;4250.0;-7.0;7.0;-9.0;-3.0;ISOPROPANOL
4356.0;7621.0;13124.0;20849.0;3248.0;4252.0;3698.0;6558.0;11437.0;19289.0;3025.0;4277.0;0.0;7.0;-8.0;-5.0;ISOPROPANOL
4344.0;7600.0;12992.0;20695.0;3219.0;4213.0;3656.0;6519.0;11394.0;19208.0;3007.0;4262.0;1.0;7.0;-7.0;-3.0;ISOPROPANOL
4327.0;7554.0;13010.0;20652.0;3214.0;4197.0;3579.0;6364.0;11161.0;18908.0;2965.0;4202.0;1.0;3.0;1.0;-3.0;ISOPROPANOL
4316.0;7523.0;12916.0;20586.0;3207.0;4229.0;3656.0;6501.0;11384.0;19278.0;3027.0;4258.0;3.0;4.0;1.0;-5.0;ISOPROPANOL
4377.0;7656.0;13153.0;20773.0;3233.0;4225.0;3670.0;6494.0;11392.0;19215.0;3007.0;4250.0;0.0;3.0;1.0;-7.0;ISOPROPANOL
4357.0;7593.0;13013.0;20622.0;3213.0;4207.0;3648.0;6496.0;11348.0;19137.0;3004.0;4247.0;0.0;4.0;1.0;-7.0;ISOPROPANOL
4380.0;7635.0;13031.0;20684.0;3215.0;4192.0;3649.0;6492.0;11338.0;19121.0;3007.0;4215.0;0.0;11.0;-5.0;-8.0;ISOPROPANOL
4373.0;7599.0;13095.0;20774.0;3227.0;4233.0;3658.0;6498.0;11399.0;19221.0;3020.0;4251.0;0.0;11.0;-3.0;-12.0;ISOPROPANOL
4369.0;7647.0;13133.0;20825.0;3249.0;4250.0;3692.0;6521.0;11409.0;19128.0;2999.0;4262.0;-2.0;4.0;-4.0;-12.0;ISOPROPANOL
4394.0;7666.0;13118.0;20802.0;3250.0;4222.0;3668.0;6500.0;11382.0;19123.0;3001.0;4221.0;-2.0;4.0;-4.0;-9.0;ISOPROPANOL
4351.0;7593.0;12952.0;20619.0;3203.0;4189.0;3609.0;6410.0;11218.0;18935.0;2972.0;4200.0;-5.0;4.0;-4.0;-9.0;ISOPROPANOL
4313.0;7548.0;12938.0;20606.0;3217.0;4204.0;3681.0;6516.0;11426.0;19232.0;3010.0;4253.0;-5.0;7.0;-4.0;-9.0;ISOPROPANOL
4413.0;7650.0;13101.0;20755.0;3235.0;4227.0;3668.0;6491.0;11331.0;19134.0;3008.0;4282.0;-5.0;12.0;-10.0;-7.0;ISOPROPANOL
4414.0;7697.0;13198.0;20820.0;3236.0;4194.0;3642.0;6482.0;11347.0;19047.0;2994.0;4227.0;-4.0;9.0;-10.0;-8.0;ISOPROPANOL
4361.0;7570.0;12984.0;20586.0;3206.0;4166.0;3609.0;6421.0;11219.0;18934.0;2974.0;4215.0;-4.0;9.0;-10.0;-8.0;ISOPROPANOL
4322.0;7525.0;12867.0;20546.0;3192.0;4189.0;3636.0;6445.0;11230.0;18939.0;2974.0;4176.0;-3.0;9.0;-7.0;-7.0;ISOPROPANOL
4315.0;7517.0;12882.0;20545.0;3187.0;4176.0;3635.0;6479.0;11331.0;19023.0;2984.0;4185.0;1.0;8.0;-4.0;-7.0;ISOPROPANOL
4342.0;7589.0;12922.0;20613.0;3208.0;4159.0;3584.0;6358.0;11130.0;18787.0;2947.0;4147.0;0.0;5.0;-2.0;-8.0;ISOPROPANOL
4268.0;7468.0;12812.0;20538.0;3182.0;4157.0;3583.0;6362.0;11123.0;18840.0;2960.0;4170.0;0.0;1.0;-1.0;-10.0;ISOPROPANOL
4238.0;7389.0;12701.0;20419.0;3155.0;4156.0;3647.0;6468.0;11217.0;18901.0;2934.0;4196.0;-3.0;1.0;-1.0;-7.0;ISOPROPANOL
4308.0;7525.0;12887.0;20569.0;3191.0;4191.0;3639.0;6454.0;11284.0;19117.0;3003.0;4235.0;-6.0;1.0;-2.0;-7.0;ISOPROPANOL
4362.0;7624.0;13070.0;20707.0;3206.0;4207.0;3649.0;6456.0;11313.0;19058.0;2977.0;4232.0;-6.0;1.0;-1.0;-8.0;ISOPROPANOL
4383.0;7652.0;13140.0;20746.0;3232.0;4239.0;3706.0;6579.0;11477.0;19292.0;3002.0;4271.0;-6.0;1.0;-4.0;-8.0;ISOPROPANOL
4373.0;7671.0;13177.0;20814.0;3250.0;4268.0;3693.0;6551.0;11451.0;19240.0;3041.0;4279.0;-5.0;4.0;-6.0;-6.0;ISOPROPANOL
4401.0;7679.0;13166.0;20816.0;3255.0;4247.0;3688.0;6543.0;11483.0;19323.0;3014.0;4267.0;-5.0;4.0;-5.0;-8.0;ISOPROPANOL
4369.0;7653.0;13100.0;20757.0;3240.0;4232.0;3667.0;6519.0;11399.0;19141.0;3011.0;4273.0;-2.0;2.0;-5.0;-8.0;ISOPROPANOL
4398.0;7669.0;13156.0;20823.0;3243.0;4252.0;3713.0;6580.0;11493.0;19314.0;3044.0;4290.0;-5.0;4.0;-6.0;-7.0;ISOPROPANOL
4472.0;7781.0;13282.0;20905.0;3272.0;4294.0;3736.0;6645.0;11578.0;19486.0;3049.0;4293.0;-5.0;6.0;-7.0;-7.0;ISOPROPANOL
4420.0;7716.0;13219.0;20871.0;3263.0;4256.0;3723.0;6600.0;11529.0;19401.0;3047.0;4303.0;-6.0;8.0;-7.0;-7.0;ISOPROPANOL
4437.0;7728.0;13271.0;20913.0;3273.0;4276.0;3756.0;6660.0;11644.0;19680.0;3076.0;4374.0;-6.0;13.0;-7.0;-7.0;ISOPROPANOL
4561.0;7927.0;13567.0;21196.0;3323.0;4327.0;3794.0;6708.0;11714.0;19745.0;3080.0;4347.0;-6.0;8.0;-7.0;-8.0;ISOPROPANOL
4480.0;7820.0;13359.0;20958.0;3272.0;4275.0;3723.0;6597.0;11514.0;19451.0;3039.0;4278.0;-5.0;8.0;-7.0;-11.0;ISOPROPANOL
4442.0;7754.0;13262.0;20874.0;3255.0;4224.0;3665.0;6626.0;11572.0;19497.0;3041.0;4267.0;-5.0;5.0;-4.0;-8.0;ISOPROPANOL
4483.0;7761.0;13294.0;20945.0;3292.0;4258.0;3799.0;6800.0;12097.0;20123.0;3125.0;4338.0;-3.0;5.0;-4.0;-8.0;ISOPROPANOL
4446.0;7778.0;13339.0;21028.0;3289.0;4289.0;3716.0;6606.0;11510.0;19449.0;3057.0;4276.0;-2.0;6.0;-1.0;-6.0;ISOPROPANOL
4427.0;7690.0;13156.0;20837.0;3239.0;4237.0;3661.0;6507.0;11403.0;19215.0;3020.0;4228.0;2.0;6.0;-1.0;-3.0;ISOPROPANOL
4339.0;7583.0;12953.0;20682.0;3215.0;4241.0;3725.0;6604.0;11485.0;19296.0;3029.0;4253.0;4.0;7.0;0.0;-2.0;ISOPROPANOL
4399.0;7651.0;13149.0;20859.0;3256.0;4257.0;3734.0;6650.0;11613.0;19504.0;3060.0;4298.0;4.0;7.0;-1.0;-2.0;ISOPROPANOL
4421.0;7735.0;13393.0;21360.0;3375.0;4210.0;3147.0;6095.0;11395.0;19786.0;3098.0;4170.0;1.0;11.0;-1.0;-2.0;ISOPROPANOL
3600.0;6361.0;11046.0;18273.0;2826.0;3824.0;3342.0;5990.0;10483.0;17762.0;2806.0;3996.0;-2.0;7.0;-4.0;-9.0;ISOPROPANOL
4132.0;7236.0;12462.0;20029.0;3104.0;4081.0;3533.0;6301.0;10986.0;18594.0;2921.0;4154.0;-2.0;11.0;-4.0;-9.0;ISOPROPANOL
4241.0;7442.0;12796.0;20437.0;3155.0;4170.0;3621.0;6474.0;11249.0;18950.0;2965.0;4169.0;-3.0;8.0;-5.0;-9.0;ISOPROPANOL
4333.0;7541.0;12949.0;20653.0;3209.0;4216.0;3680.0;6501.0;11366.0;19150.0;2998.0;4259.0;-3.0;9.0;-5.0;-10.0;ISOPROPANOL
4377.0;7629.0;13019.0;20731.0;3240.0;4212.0;3682.0;6520.0;11338.0;19151.0;3009.0;4220.0;-3.0;8.0;-6.0;-9.0;ISOPROPANOL
4349.0;7605.0;13055.0;20735.0;3220.0;4218.0;3690.0;6517.0;11389.0;19232.0;3012.0;4253.0;-3.0;5.0;-6.0;-5.0;ISOPROPANOL
4391.0;7645.0;13066.0;20727.0;3223.0;4225.0;3681.0;6541.0;11384.0;19199.0;3008.0;4211.0;-3.0;7.0;-6.0;-7.0;ISOPROPANOL
4361.0;7584.0;13009.0;20646.0;3216.0;4233.0;3671.0;6541.0;11393.0;19155.0;3014.0;4236.0;-3.0;7.0;-6.0;-6.0;ISOPROPANOL
4387.0;7643.0;13074.0;20810.0;3250.0;4221.0;3659.0;6506.0;11376.0;19173.0;3002.0;4260.0;-3.0;8.0;-6.0;-6.0;ISOPROPANOL
4390.0;7645.0;13035.0;20691.0;3221.0;4207.0;3672.0;6528.0;11404.0;19191.0;3015.0;4249.0;-3.0;7.0;-6.0;-7.0;ISOPROPANOL
4360.0;7644.0;13172.0;20830.0;3258.0;4257.0;3679.0;6612.0;11384.0;19429.0;3043.0;4283.0;-4.0;8.0;-8.0;-7.0;ISOPROPANOL
4392.0;7678.0;13164.0;20838.0;3256.0;4259.0;3733.0;6638.0;11611.0;19471.0;3059.0;4334.0;-1.0;8.0;-8.0;-6.0;ISOPROPANOL
4471.0;7804.0;13390.0;21075.0;3304.0;4303.0;3755.0;6667.0;11638.0;19678.0;3079.0;4334.0;-1.0;4.0;-8.0;-4.0;ISOPROPANOL
4467.0;7784.0;13319.0;20965.0;3300.0;4292.0;3718.0;6613.0;11547.0;19479.0;3049.0;4270.0;-1.0;4.0;-8.0;-4.0;ISOPROPANOL
4398.0;7669.0;13135.0;20799.0;3241.0;4270.0;3691.0;6566.0;11437.0;19264.0;3024.0;4276.0;-3.0;5.0;-8.0;-4.0;ISOPROPANOL
4420.0;7687.0;13187.0;20854.0;3254.0;4262.0;3713.0;6594.0;11505.0;19456.0;3051.0;4297.0;-1.0;4.0;-5.0;-5.0;ISOPROPANOL
4468.0;7794.0;13280.0;20943.0;3272.0;4273.0;3736.0;6616.0;11506.0;19429.0;3038.0;4294.0;-3.0;4.0;-5.0;-8.0;ISOPROPANOL
4447.0;7752.0;13279.0;21005.0;3266.0;4281.0;3705.0;6601.0;11553.0;19493.0;3034.0;4321.0;-3.0;4.0;-5.0;-11.0;ISOPROPANOL
4487.0;7815.0;13366.0;21091.0;3305.0;4313.0;3731.0;6633.0;11579.0;19502.0;3054.0;4282.0;-2.0;2.0;-5.0;-8.0;ISOPROPANOL
4460.0;7798.0;13325.0;20899.0;3271.0;4279.0;3691.0;6575.0;11506.0;19401.0;3051.0;4288.0;0.0;2.0;-6.0;-8.0;ISOPROPANOL
4423.0;7702.0;13218.0;20913.0;3259.0;4276.0;3707.0;6612.0;11530.0;19470.0;3050.0;4277.0;0.0;2.0;-6.0;-8.0;ISOPROPANOL
4435.0;7752.0;13280.0;20963.0;3279.0;4263.0;3672.0;6549.0;11505.0;19370.0;3049.0;4302.0;0.0;5.0;-6.0;-8.0;ISOPROPANOL
4466.0;7754.0;13299.0;20981.0;3274.0;4301.0;3758.0;6669.0;11632.0;19575.0;3069.0;4304.0;-2.0;3.0;-9.0;-7.0;ISOPROPANOL
4447.0;7770.0;13321.0;20977.0;3280.0;4292.0;3732.0;6616.0;11528.0;19457.0;3061.0;4316.0;0.0;5.0;-7.0;-7.0;ISOPROPANOL
4471.0;7796.0;13285.0;20910.0;3270.0;4240.0;3697.0;6588.0;11496.0;19410.0;3035.0;4299.0;1.0;6.0;-7.0;-7.0;ISOPROPANOL
4456.0;7786.0;13339.0;20976.0;3286.0;4272.0;3753.0;6648.0;11634.0;19535.0;3062.0;4293.0;0.0;6.0;-7.0;-7.0;ISOPROPANOL
4449.0;7730.0;13256.0;20961.0;3270.0;4293.0;3744.0;6659.0;11610.0;19584.0;3058.0;4315.0;1.0;5.0;-7.0;-7.0;ISOPROPANOL
4496.0;7809.0;13363.0;21032.0;3279.0;4268.0;3717.0;6587.0;11521.0;19343.0;3041.0;4292.0;1.0;6.0;-7.0;-7.0;ISOPROPANOL
4440.0;7738.0;13240.0;20783.0;3258.0;4248.0;3676.0;6554.0;11452.0;19242.0;3020.0;4265.0;0.0;10.0;-7.0;-7.0;ISOPROPANOL
4391.0;7679.0;13116.0;20804.0;3234.0;4251.0;3676.0;6536.0;11423.0;19223.0;3025.0;4251.0;-4.0;8.0;-7.0;-7.0;ISOPROPANOL
4378.0;7659.0;13113.0;20820.0;3249.0;4255.0;3743.0;6642.0;11544.0;19431.0;3036.0;4288.0;-4.0;7.0;-7.0;-5.0;ISOPROPANOL
4467.0;7760.0;13317.0;20919.0;3258.0;4234.0;3687.0;6572.0;11471.0;19338.0;3013.0;4276.0;-4.0;7.0;-1.0;-5.0;ISOPROPANOL
4439.0;7733.0;13244.0;20882.0;3250.0;4251.0;3716.0;6606.0;11507.0;19408.0;3037.0;4289.0;1.0;7.0;-1.0;-5.0;ISOPROPANOL
4429.0;7754.0;13265.0;20900.0;3277.0;4259.0;3702.0;6548.0;11396.0;19299.0;3022.0;4265.0;1.0;7.0;-1.0;-6.0;ISOPROPANOL
4433.0;7714.0;13201.0;20857.0;3252.0;4251.0;3699.0;6594.0;11499.0;19388.0;3036.0;4280.0;1.0;7.0;-2.0;-6.0;ISOPROPANOL
4452.0;7757.0;13255.0;20955.0;3267.0;4267.0;3768.0;6651.0;11594.0;19478.0;3059.0;4292.0;1.0;9.0;-2.0;-6.0;ISOPROPANOL
4415.0;7746.0;13294.0;20960.0;3261.0;4279.0;3729.0;6655.0;11583.0;19510.0;3060.0;4299.0;-2.0;9.0;-2.0;-5.0;ISOPROPANOL
4447.0;7757.0;13263.0;20964.0;3264.0;4268.0;3786.0;6714.0;11662.0;19605.0;3073.0;4305.0;-2.0;8.0;0.0;-5.0;ISOPROPANOL
4476.0;7804.0;13308.0;21014.0;3272.0;4289.0;3779.0;6699.0;11708.0;19641.0;3068.0;4321.0;0.0;11.0;0.0;-5.0;ISOPROPANOL
4526.0;7865.0;13440.0;21046.0;3296.0;4300.0;3783.0;6719.0;11688.0;19705.0;3074.0;4341.0;2.0;13.0;0.0;-8.0;ISOPROPANOL
4501.0;7829.0;13448.0;21024.0;3278.0;4312.0;3772.0;6658.0;11604.0;19528.0;3047.0;4308.0;2.0;9.0;0.0;-8.0;ISOPROPANOL
4479.0;7797.0;13268.0;20933.0;3276.0;4259.0;3737.0;6583.0;11488.0;19356.0;3037.0;4266.0;11.0;9.0;-3.0;-8.0;ISOPROPANOL
4433.0;7723.0;13203.0;20847.0;3249.0;4252.0;3711.0;6588.0;11495.0;19446.0;3035.0;4294.0;11.0;6.0;-3.0;-8.0;ISOPROPANOL
4442.0;7763.0;13265.0;20899.0;3267.0;4268.0;3726.0;6607.0;11473.0;19302.0;3037.0;4275.0;5.0;6.0;-2.0;-8.0;ISOPROPANOL
4465.0;7754.0;13239.0;20889.0;3258.0;4262.0;3711.0;6550.0;11510.0;19430.0;3039.0;4297.0;-2.0;6.0;-2.0;-8.0;ISOPROPANOL
4457.0;7777.0;13259.0;20960.0;3284.0;4265.0;3733.0;6603.0;11542.0;19439.0;3059.0;4315.0;-3.0;8.0;-6.0;-8.0;ISOPROPANOL
4489.0;7768.0;13292.0;21008.0;3298.0;4317.0;3778.0;6675.0;11669.0;19634.0;3067.0;4300.0;-3.0;6.0;-6.0;-8.0;ISOPROPANOL
4528.0;7862.0;13450.0;21113.0;3315.0;4281.0;3735.0;6643.0;11588.0;19523.0;3080.0;4352.0;-3.0;6.0;-6.0;-5.0;ISOPROPANOL
4526.0;7887.0;13421.0;21098.0;3299.0;4292.0;3759.0;6667.0;11635.0;19614.0;3083.0;4308.0;-8.0;4.0;-8.0;-5.0;ISOPROPANOL
4475.0;7824.0;13361.0;21035.0;3308.0;4321.0;3781.0;6741.0;11671.0;19759.0;3100.0;4365.0;-8.0;4.0;-10.0;-9.0;ISOPROPANOL
4553.0;7906.0;13561.0;21222.0;3342.0;4362.0;3871.0;6833.0;11927.0;19993.0;3119.0;4424.0;-8.0;3.0;-10.0;-11.0;ISOPROPANOL
4616.0;8056.0;13803.0;21408.0;3358.0;4411.0;3840.0;6817.0;11963.0;20081.0;3135.0;4355.0;-2.0;8.0;-10.0;-11.0;ISOPROPANOL
4499.0;7852.0;13472.0;21114.0;3317.0;4342.0;3803.0;6728.0;11732.0;19762.0;3073.0;4343.0;-5.0;9.0;-10.0;-11.0;ISOPROPANOL
4528.0;7914.0;13533.0;21181.0;3325.0;4355.0;3829.0;6781.0;11814.0;19854.0;3108.0;4361.0;-5.0;8.0;-4.0;-7.0;ISOPROPANOL
4545.0;7911.0;13547.0;21265.0;3333.0;4337.0;3792.0;6734.0;11705.0;19787.0;3099.0;4367.0;-5.0;9.0;-3.0;-7.0;ISOPROPANOL
4532.0;7910.0;13542.0;21186.0;3332.0;4325.0;3869.0;6825.0;11864.0;19892.0;3110.0;4357.0;-5.0;5.0;-3.0;-7.0;ISOPROPANOL
4567.0;7919.0;13535.0;21136.0;3316.0;4338.0;3834.0;6777.0;11836.0;19838.0;3120.0;4390.0;-5.0;5.0;-2.0;-7.0;ISOPROPANOL
4602.0;7996.0;13654.0;21302.0;3336.0;4339.0;3830.0;6764.0;11782.0;19788.0;3096.0;4364.0;-5.0;5.0;1.0;-5.0;ISOPROPANOL
4446.0;7820.0;13398.0;21029.0;3298.0;4334.0;3814.0;6766.0;11747.0;19723.0;3096.0;4337.0;-2.0;4.0;1.0;-7.0;ISOPROPANOL
4515.0;7873.0;13516.0;21158.0;3319.0;4345.0;3833.0;6785.0;11860.0;19874.0;3109.0;4331.0;-5.0;5.0;-4.0;-5.0;ISOPROPANOL
4578.0;7952.0;13634.0;21300.0;3336.0;4345.0;3841.0;6792.0;11811.0;19825.0;3108.0;4374.0;-2.0;7.0;-5.0;-2.0;ISOPROPANOL
4565.0;7935.0;13577.0;21200.0;3333.0;4352.0;3796.0;6716.0;11775.0;19767.0;3081.0;4344.0;1.0;5.0;-5.0;-2.0;ISOPROPANOL
4504.0;7874.0;13440.0;21134.0;3315.0;4308.0;3768.0;6705.0;11659.0;19571.0;3079.0;4325.0;-2.0;7.0;-6.0;-2.0;ISOPROPANOL
4503.0;7860.0;13411.0;21112.0;3308.0;4323.0;3784.0;6679.0;11717.0;19759.0;3096.0;4345.0;2.0;8.0;-5.0;-2.0;ISOPROPANOL
4523.0;7880.0;13519.0;21162.0;3339.0;4369.0;3855.0;6814.0;11872.0;19991.0;3129.0;4427.0;1.0;2.0;-9.0;-6.0;ISOPROPANOL
4618.0;8029.0;13688.0;21304.0;3363.0;4382.0;3842.0;6802.0;11841.0;19884.0;3116.0;4413.0;-2.0;2.0;-1.0;-6.0;ISOPROPANOL
4587.0;7999.0;13645.0;21096.0;3355.0;4354.0;3843.0;6797.0;11844.0;19964.0;3126.0;4374.0;-8.0;2.0;-8.0;-9.0;ISOPROPANOL
4559.0;7934.0;13580.0;21249.0;3328.0;4361.0;3842.0;6806.0;11911.0;20064.0;3138.0;4398.0;-8.0;2.0;-7.0;-9.0;ISOPROPANOL
4602.0;7996.0;13643.0;21273.0;3348.0;4377.0;3840.0;6808.0;11871.0;19959.0;3130.0;4406.0;-8.0;6.0;-7.0;-9.0;ISOPROPANOL
4586.0;8018.0;13694.0;21368.0;3371.0;4391.0;3870.0;6838.0;11885.0;20017.0;3122.0;4404.0;0.0;9.0;-2.0;-7.0;ISOPROPANOL
4588.0;7958.0;13587.0;21281.0;3336.0;4353.0;3784.0;6709.0;11754.0;19900.0;3112.0;4374.0;0.0;10.0;-7.0;-5.0;ISOPROPANOL
4563.0;7947.0;13652.0;21287.0;3365.0;4363.0;3828.0;6788.0;11841.0;19962.0;3117.0;4379.0;0.0;3.0;-7.0;-5.0;ISOPROPANOL
4571.0;7973.0;13621.0;21275.0;3341.0;4391.0;3861.0;6828.0;11907.0;20036.0;3138.0;4441.0;0.0;7.0;-2.0;-7.0;ISOPROPANOL
4687.0;8118.0;13834.0;21408.0;3343.0;4358.0;3833.0;6788.0;11793.0;19881.0;3117.0;4358.0;-2.0;5.0;-1.0;-7.0;ISOPROPANOL
4536.0;7890.0;13459.0;21063.0;3309.0;4314.0;3766.0;6662.0;11645.0;19591.0;3066.0;4333.0;-2.0;7.0;-5.0;-7.0;ISOPROPANOL
4534.0;7872.0;13421.0;21135.0;3315.0;4314.0;3823.0;6751.0;11776.0;19756.0;3091.0;4367.0;-2.0;5.0;-5.0;-7.0;ISOPROPANOL
4573.0;7964.0;13525.0;21179.0;3329.0;4275.0;3742.0;6627.0;11600.0;19509.0;3063.0;4294.0;4.0;10.0;-1.0;-4.0;ISOPROPANOL
4479.0;7781.0;13326.0;21000.0;3292.0;4295.0;3774.0;6704.0;11723.0;19645.0;3069.0;4326.0;2.0;6.0;-1.0;-4.0;ISOPROPANOL
4495.0;7818.0;13398.0;21078.0;3296.0;4316.0;3794.0;6705.0;11724.0;19708.0;3088.0;4344.0;2.0;6.0;-1.0;-4.0;ISOPROPANOL
4535.0;7898.0;13521.0;21142.0;3321.0;4336.0;3857.0;6814.0;11930.0;19962.0;3118.0;4401.0;2.0;6.0;-1.0;-4.0;ISOPROPANOL
4606.0;8033.0;13720.0;21352.0;3373.0;4361.0;3851.0;6837.0;11897.0;19987.0;3109.0;4386.0;1.0;6.0;-1.0;-7.0;ISOPROPANOL
4608.0;8014.0;13645.0;21218.0;3347.0;4331.0;3777.0;6687.0;11736.0;19714.0;3079.0;4325.0;-4.0;4.0;-4.0;-8.0;ISOPROPANOL
4465.0;7825.0;13390.0;21083.0;3298.0;4292.0;3795.0;6691.0;11659.0;19600.0;3068.0;4332.0;-4.0;7.0;-4.0;-8.0;ISOPROPANOL
4511.0;7864.0;13416.0;21035.0;3296.0;4327.0;3744.0;6673.0;11648.0;19557.0;3085.0;4339.0;-5.0;5.0;-7.0;-8.0;ISOPROPANOL
4524.0;7872.0;13501.0;21168.0;3329.0;4345.0;3806.0;6747.0;11769.0;19743.0;3094.0;4346.0;-5.0;6.0;-7.0;-7.0;ISOPROPANOL
4571.0;7929.0;13540.0;21256.0;3337.0;4335.0;3814.0;6778.0;11787.0;19773.0;3106.0;4397.0;-5.0;5.0;-7.0;-7.0;ISOPROPANOL
4556.0;7952.0;13607.0;21199.0;3338.0;4356.0;3846.0;6794.0;11814.0;19905.0;3111.0;4391.0;-5.0;5.0;-7.0;-2.0;ISOPROPANOL
4591.0;7996.0;13633.0;21280.0;3337.0;4365.0;3830.0;6785.0;11758.0;19754.0;3093.0;4338.0;-6.0;1.0;-7.0;-2.0;ISOPROPANOL
4494.0;7837.0;13463.0;21088.0;3318.0;4324.0;3836.0;6764.0;11832.0;19924.0;3114.0;4388.0;-6.0;4.0;-7.0;-4.0;ISOPROPANOL
4610.0;8030.0;13696.0;21324.0;3356.0;4357.0;3840.0;6780.0;11826.0;19941.0;3072.0;4400.0;-6.0;1.0;-6.0;-4.0;ISOPROPANOL
4561.0;7948.0;13592.0;21246.0;3354.0;4380.0;3902.0;6883.0;12036.0;20214.0;3167.0;4452.0;-4.0;1.0;-6.0;-4.0;ISOPROPANOL
4663.0;8113.0;13899.0;21503.0;3416.0;4447.0;3941.0;6996.0;12195.0;20509.0;3194.0;4494.0;-4.0;2.0;-6.0;-4.0;ISOPROPANOL
4747.0;8230.0;14060.0;21645.0;3430.0;4456.0;3939.0;6963.0;12101.0;20366.0;3183.0;4458.0;0.0;2.0;-3.0;-4.0;ISOPROPANOL
4686.0;8151.0;13901.0;21493.0;3411.0;4433.0;3926.0;6937.0;12062.0;20250.0;3162.0;4445.0;2.0;2.0;1.0;-5.0;ISOPROPANOL
4625.0;8064.0;13786.0;21384.0;3378.0;4413.0;3883.0;6835.0;11911.0;20168.0;3143.0;4407.0;2.0;6.0;1.0;-5.0;ISOPROPANOL
4628.0;8028.0;13728.0;21364.0;3366.0;4378.0;3872.0;6835.0;11972.0;20052.0;3143.0;4399.0;2.0;7.0;-3.0;-5.0;ISOPROPANOL
4611.0;8004.0;13682.0;21288.0;3348.0;4352.0;3818.0;6720.0;11802.0;19852.0;3106.0;4357.0;-6.0;2.0;1.0;-5.0;ISOPROPANOL
4504.0;7831.0;13429.0;21111.0;3320.0;4332.0;3820.0;6704.0;11745.0;19772.0;3095.0;4351.0;-6.0;1.0;-2.0;-4.0;ISOPROPANOL
4562.0;7949.0;13568.0;21237.0;3333.0;4335.0;3833.0;6791.0;11845.0;19948.0;3104.0;4396.0;-7.0;0.0;-7.0;-4.0;ISOPROPANOL
4550.0;7902.0;13575.0;21197.0;3332.0;4341.0;3826.0;6753.0;11748.0;19731.0;3099.0;4354.0;-7.0;0.0;-7.0;-7.0;ISOPROPANOL
4533.0;7838.0;13497.0;21175.0;3329.0;4346.0;3839.0;6813.0;11827.0;19917.0;3124.0;4394.0;-7.0;0.0;-2.0;-6.0;ISOPROPANOL
4557.0;7941.0;13606.0;21295.0;3345.0;4352.0;3819.0;6791.0;11826.0;19963.0;3120.0;4407.0;-7.0;2.0;-10.0;-6.0;ISOPROPANOL
4577.0;7954.0;13586.0;21271.0;3363.0;4370.0;3834.0;6773.0;11866.0;19911.0;3103.0;4392.0;-7.0;5.0;-10.0;-6.0;ISOPROPANOL
4542.0;7908.0;13577.0;21185.0;3328.0;4352.0;3838.0;6783.0;11789.0;19823.0;3105.0;4345.0;-7.0;2.0;-8.0;-4.0;ISOPROPANOL
4546.0;7943.0;13579.0;21197.0;3328.0;4371.0;3859.0;6822.0;11876.0;19900.0;3122.0;4395.0;-2.0;5.0;-2.0;-3.0;ISOPROPANOL
4573.0;7983.0;13628.0;21268.0;3343.0;4383.0;3813.0;6707.0;11763.0;19814.0;3099.0;4368.0;-2.0;5.0;0.0;-3.0;ISOPROPANOL
4547.0;7877.0;13505.0;21184.0;3332.0;4354.0;3838.0;6774.0;11844.0;19904.0;3118.0;4409.0;-2.0;5.0;0.0;-3.0;ISOPROPANOL
4582.0;7964.0;13585.0;21278.0;3346.0;4355.0;3839.0;6803.0;11868.0;19942.0;3127.0;4355.0;-3.0;5.0;-8.0;-3.0;ISOPROPANOL
4565.0;7969.0;13561.0;21158.0;3344.0;4368.0;3847.0;6800.0;11810.0;19564.0;3121.0;4370.0;-3.0;5.0;0.0;-5.0;ISOPROPANOL
4601.0;7990.0;13647.0;21245.0;3356.0;4362.0;3824.0;6743.0;11697.0;19766.0;3102.0;4341.0;-6.0;4.0;-7.0;-5.0;ISOPROPANOL
4569.0;7961.0;13570.0;21201.0;3320.0;4307.0;3807.0;6713.0;11729.0;19741.0;3093.0;4358.0;-6.0;3.0;-7.0;-3.0;ISOPROPANOL
4544.0;7907.0;13546.0;21203.0;3333.0;4319.0;3796.0;6742.0;11795.0;19854.0;3097.0;4378.0;-8.0;4.0;-6.0;-2.0;ISOPROPANOL
4558.0;7931.0;13581.0;21212.0;3339.0;4340.0;3804.0;6735.0;11752.0;19716.0;3074.0;4327.0;-8.0;3.0;-6.0;-2.0;ISOPROPANOL
4535.0;7859.0;13449.0;21055.0;3275.0;4294.0;3713.0;6575.0;11425.0;19346.0;3043.0;4292.0;-6.0;0.0;-6.0;-2.0;ISOPROPANOL
4483.0;7798.0;13397.0;21018.0;3285.0;4292.0;3785.0;6718.0;11742.0;19798.0;3083.0;4342.0;-5.0;0.0;-6.0;-4.0;ISOPROPANOL
4518.0;7884.0;13507.0;21139.0;3308.0;4331.0;3825.0;6764.0;11759.0;19697.0;3097.0;4359.0;-5.0;0.0;-4.0;-5.0;ISOPROPANOL
4483.0;7798.0;13397.0;21018.0;3285.0;4292.0;3785.0;6718.0;11742.0;19798.0;3083.0;4342.0;-5.0;4.0;-8.0;-5.0;ISOPROPANOL
4558.0;7899.0;13571.0;21176.0;3310.0;4338.0;3823.0;6769.0;11780.0;19816.0;3099.0;4359.0;-5.0;5.0;-8.0;-8.0;ISOPROPANOL
4490.0;7825.0;13338.0;20954.0;3291.0;4316.0;3772.0;6687.0;11644.0;19579.0;3074.0;4352.0;-13.0;4.0;-8.0;-13.0;ISOPROPANOL
