OFFCHIP_SENSIMOX_SnAu_150_200.0_IN-PHASE;OFFCHIP_SENSIMOX_SnAu_200_200.0_IN-PHASE;OFFCHIP_SENSIMOX_SnAu_250_200.0_IN-PHASE;OFFCHIP_SENSIMOX_SnAu_300_200.0_IN-PHASE;OFFCHIP_SENSIMOX_SnAu_350_200.0_IN-PHASE;OFFCHIP_SENSIMOX_SnAu_400_200.0_IN-PHASE;OFFCHIP_SENSIMOX_SnAu_150_78125.0_IN-PHASE;OFFCHIP_SENSIMOX_SnAu_200_78125.0_IN-PHASE;OFFCHIP_SENSIMOX_SnAu_250_78125.0_IN-PHASE;OFFCHIP_SENSIMOX_SnAu_300_78125.0_IN-PHASE;OFFCHIP_SENSIMOX_SnAu_350_78125.0_IN-PHASE;OFFCHIP_SENSIMOX_SnAu_400_78125.0_IN-PHASE;ONCHIP_ALUMINUM_OXIDE_OUT4_IN-PHASE;ONCHIP_ALUMINUM_OXIDE_OUT4_QUADRATURE;ONCHIP_ALUMINUM_OXIDE_OUT7_IN-PHASE;ONCHIP_ALUMINUM_OXIDE_OUT7_QUADRATURE
174.0;322.0;584.0;1052.0;185.0;308.0;125.0;246.0;477.0;934.0;172.0;301.0;-3.0;-10.0;-17.0;-27.0
185.0;340.0;618.0;1129.0;200.0;330.0;135.0;266.0;522.0;1013.0;186.0;325.0;-3.0;-15.0;-17.0;-27.0
206.0;383.0;698.0;1268.0;225.0;379.0;174.0;341.0;647.0;1231.0;225.0;392.0;-3.0;-11.0;-17.0;-41.0
262.0;479.0;859.0;1533.0;269.0;439.0;192.0;373.0;720.0;1382.0;251.0;434.0;3.0;-17.0;-22.0;-51.0
285.0;515.0;928.0;1660.0;292.0;472.0;203.0;400.0;767.0;1465.0;267.0;457.0;3.0;-17.0;-22.0;-52.0
299.0;543.0;978.0;1754.0;304.0;499.0;219.0;422.0;816.0;1555.0;282.0;491.0;0.0;-11.0;-25.0;-51.0
323.0;584.0;1039.0;1861.0;324.0;526.0;232.0;452.0;863.0;1640.0;297.0;511.0;0.0;-11.0;-17.0;-53.0
343.0;622.0;1108.0;1964.0;340.0;554.0;248.0;480.0;919.0;1742.0;316.0;541.0;-15.0;-15.0;-19.0;-55.0
349.0;634.0;1140.0;2017.0;350.0;567.0;252.0;488.0;932.0;1778.0;321.0;546.0;-5.0;-15.0;-19.0;-55.0
363.0;659.0;1175.0;2087.0;360.0;582.0;261.0;506.0;969.0;1832.0;331.0;566.0;-5.0;-18.0;-19.0;-57.0
374.0;670.0;1208.0;2134.0;370.0;597.0;273.0;522.0;998.0;1895.0;344.0;591.0;-5.0;-19.0;-19.0;-65.0
404.0;733.0;1304.0;2310.0;401.0;658.0;322.0;614.0;1163.0;2181.0;387.0;664.0;-5.0;-26.0;-28.0;-89.0
472.0;848.0;1493.0;2607.0;448.0;723.0;353.0;673.0;1267.0;2367.0;421.0;708.0;-5.0;-26.0;-30.0;-89.0
496.0;888.0;1578.0;2765.0;468.0;747.0;354.0;684.0;1290.0;2427.0;429.0;727.0;-4.0;-26.0;-30.0;-89.0
508.0;906.0;1598.0;2795.0;473.0;749.0;342.0;661.0;1258.0;2363.0;420.0;713.0;-4.0;-22.0;-30.0;-81.0
478.0;857.0;1519.0;2670.0;460.0;737.0;349.0;671.0;1264.0;2371.0;424.0;718.0;-4.0;-22.0;-30.0;-81.0
502.0;896.0;1582.0;2776.0;472.0;761.0;361.0;687.0;1298.0;2419.0;433.0;730.0;-9.0;-22.0;-31.0;-79.0
509.0;902.0;1608.0;2802.0;479.0;769.0;367.0;709.0;1340.0;2499.0;444.0;753.0;-9.0;-22.0;-36.0;-81.0
545.0;977.0;1719.0;2978.0;501.0;810.0;406.0;774.0;1455.0;2690.0;473.0;797.0;-9.0;-23.0;-36.0;-87.0
552.0;987.0;1736.0;3013.0;514.0;824.0;400.0;766.0;1427.0;2665.0;475.0;796.0;-9.0;-23.0;-36.0;-87.0
561.0;999.0;1764.0;3076.0;525.0;833.0;413.0;787.0;1475.0;2726.0;479.0;811.0;-6.0;-21.0;-27.0;-79.0
568.0;1015.0;1776.0;3116.0;526.0;836.0;402.0;765.0;1408.0;2676.0;477.0;800.0;-6.0;-21.0;-27.0;-87.0
564.0;1002.0;1755.0;3056.0;520.0;828.0;398.0;758.0;1425.0;2660.0;470.0;793.0;-4.0;-23.0;-27.0;-87.0
545.0;976.0;1718.0;3021.0;511.0;823.0;410.0;779.0;1465.0;2699.0;482.0;806.0;-5.0;-24.0;-29.0;-80.0
585.0;1038.0;1827.0;3166.0;538.0;862.0;428.0;812.0;1521.0;2816.0;498.0;835.0;-5.0;-24.0;-30.0;-87.0
592.0;1054.0;1856.0;3227.0;546.0;869.0;429.0;813.0;1517.0;2793.0;499.0;832.0;-5.0;-25.0;-30.0;-88.0
588.0;1050.0;1842.0;3209.0;543.0;879.0;444.0;840.0;1578.0;2904.0;509.0;861.0;-5.0;-24.0;-30.0;-87.0
620.0;1101.0;1927.0;3346.0;565.0;901.0;465.0;873.0;1625.0;2995.0;527.0;885.0;-7.0;-24.0;-32.0;-83.0
641.0;1138.0;1997.0;3460.0;584.0;926.0;463.0;882.0;1640.0;3022.0;531.0;890.0;-11.0;-24.0;-39.0;-88.0
639.0;1134.0;1976.0;3446.0;578.0;928.0;467.0;887.0;1654.0;3030.0;535.0;896.0;-11.0;-26.0;-39.0;-90.0
644.0;1145.0;2002.0;3488.0;586.0;930.0;472.0;897.0;1679.0;3113.0;550.0;910.0;-11.0;-24.0;-39.0;-83.0
679.0;1208.0;2105.0;3617.0;607.0;962.0;493.0;934.0;1736.0;3171.0;563.0;937.0;-11.0;-26.0;-37.0;-89.0
681.0;1205.0;2100.0;3647.0;612.0;967.0;485.0;921.0;1723.0;3167.0;558.0;932.0;-9.0;-26.0;-37.0;-89.0
684.0;1213.0;2111.0;3647.0;607.0;969.0;495.0;944.0;1755.0;3206.0;566.0;943.0;-9.0;-24.0;-37.0;-89.0
684.0;1216.0;2129.0;3674.0;617.0;982.0;507.0;955.0;1733.0;3252.0;570.0;931.0;-9.0;-23.0;-37.0;-89.0
691.0;1223.0;2123.0;3680.0;618.0;991.0;517.0;973.0;1797.0;3303.0;580.0;964.0;-6.0;-23.0;-37.0;-101.0
735.0;1293.0;2246.0;3857.0;644.0;1030.0;548.0;1026.0;1891.0;3444.0;601.0;990.0;-9.0;-23.0;-37.0;-102.0
738.0;1306.0;2272.0;3900.0;653.0;1032.0;545.0;1002.0;1893.0;3435.0;604.0;1002.0;-9.0;-24.0;-42.0;-102.0
747.0;1324.0;2299.0;3954.0;661.0;1048.0;570.0;1068.0;1958.0;3566.0;620.0;1024.0;-6.0;-25.0;-35.0;-102.0
788.0;1384.0;2384.0;4075.0;681.0;1075.0;574.0;1078.0;1989.0;3633.0;632.0;1048.0;-13.0;-26.0;-42.0;-104.0
780.0;1384.0;2396.0;4127.0;689.0;1091.0;595.0;1115.0;2043.0;3710.0;643.0;1064.0;-13.0;-26.0;-47.0;-104.0
796.0;1396.0;2415.0;4154.0;694.0;1089.0;581.0;1089.0;2011.0;3665.0;638.0;1056.0;-13.0;-27.0;-43.0;-104.0
802.0;1415.0;2436.0;4186.0;696.0;1101.0;586.0;1100.0;2027.0;3675.0;641.0;1060.0;-5.0;-25.0;-43.0;-104.0
800.0;1404.0;2414.0;4149.0;686.0;1074.0;562.0;1060.0;1964.0;3571.0;624.0;1027.0;-5.0;-24.0;-43.0;-94.0
796.0;1399.0;2409.0;4102.0;681.0;1070.0;566.0;1067.0;1969.0;3581.0;627.0;1030.0;-4.0;-24.0;-32.0;-85.0
770.0;1348.0;2346.0;4014.0;676.0;1067.0;559.0;1058.0;1959.0;3567.0;622.0;1029.0;-4.0;-24.0;-32.0;-94.0
772.0;1361.0;2341.0;4048.0;675.0;1060.0;566.0;1066.0;1977.0;3591.0;629.0;1043.0;-4.0;-24.0;-32.0;-94.0
778.0;1375.0;2400.0;4126.0;691.0;1095.0;604.0;1132.0;2083.0;3784.0;656.0;1072.0;-4.0;-28.0;-43.0;-100.0
822.0;1438.0;2504.0;4294.0;716.0;1133.0;624.0;1171.0;2149.0;3899.0;672.0;1111.0;-2.0;-28.0;-43.0;-100.0
864.0;1510.0;2609.0;4457.0;738.0;1154.0;635.0;1192.0;2178.0;3965.0;685.0;1130.0;-2.0;-29.0;-43.0;-108.0
869.0;1517.0;2608.0;4463.0;740.0;1153.0;632.0;1180.0;2169.0;3905.0;680.0;1118.0;-2.0;-29.0;-43.0;-108.0
866.0;1522.0;2619.0;4486.0;749.0;1189.0;673.0;1252.0;2289.0;4109.0;714.0;1171.0;-2.0;-28.0;-43.0;-105.0
931.0;1624.0;2783.0;4728.0;782.0;1220.0;666.0;1246.0;2290.0;4125.0;719.0;1183.0;-2.0;-26.0;-43.0;-105.0
941.0;1636.0;2809.0;4759.0;783.0;1217.0;668.0;1248.0;2294.0;4149.0;716.0;1167.0;-6.0;-26.0;-44.0;-105.0
907.0;1586.0;2715.0;4650.0;770.0;1211.0;670.0;1248.0;2288.0;4125.0;713.0;1164.0;-10.0;-26.0;-44.0;-92.0
891.0;1565.0;2703.0;4576.0;759.0;1193.0;648.0;1219.0;2235.0;4053.0;699.0;1148.0;-6.0;-24.0;-44.0;-91.0
886.0;1550.0;2671.0;4568.0;758.0;1187.0;654.0;1226.0;2246.0;4059.0;701.0;1151.0;-10.0;-24.0;-44.0;-91.0
894.0;1566.0;2683.0;4592.0;760.0;1189.0;653.0;1222.0;2250.0;4063.0;703.0;1158.0;-11.0;-24.0;-54.0;-91.0
907.0;1585.0;2723.0;4634.0;770.0;1210.0;673.0;1253.0;2299.0;4153.0;716.0;1173.0;-10.0;-24.0;-47.0;-92.0
908.0;1590.0;2741.0;4675.0;776.0;1208.0;670.0;1253.0;2304.0;4160.0;718.0;1180.0;-8.0;-24.0;-49.0;-91.0
921.0;1617.0;2775.0;4742.0;783.0;1225.0;683.0;1269.0;2316.0;4199.0;723.0;1198.0;-8.0;-24.0;-49.0;-89.0
939.0;1642.0;2818.0;4797.0;793.0;1238.0;695.0;1296.0;2368.0;4261.0;735.0;1192.0;-8.0;-21.0;-49.0;-88.0
931.0;1628.0;2811.0;4768.0;788.0;1235.0;690.0;1290.0;2365.0;4265.0;737.0;1205.0;-7.0;-21.0;-47.0;-84.0
941.0;1638.0;2820.0;4784.0;794.0;1235.0;684.0;1276.0;2336.0;4234.0;729.0;1189.0;-8.0;-21.0;-49.0;-84.0
923.0;1613.0;2779.0;4710.0;778.0;1224.0;680.0;1270.0;2321.0;4187.0;725.0;1185.0;-7.0;-18.0;-45.0;-84.0
931.0;1622.0;2793.0;4756.0;782.0;1223.0;688.0;1279.0;2324.0;4179.0;720.0;1182.0;-10.0;-21.0;-50.0;-84.0
925.0;1618.0;2784.0;4730.0;780.0;1227.0;687.0;1277.0;2327.0;4164.0;725.0;1192.0;-17.0;-21.0;-53.0;-95.0
936.0;1637.0;2813.0;4762.0;790.0;1243.0;706.0;1307.0;2392.0;4304.0;743.0;1221.0;-17.0;-20.0;-53.0;-95.0
988.0;1718.0;2949.0;4975.0;821.0;1285.0;739.0;1370.0;2487.0;4468.0;765.0;1244.0;-7.0;-22.0;-54.0;-95.0
987.0;1727.0;2948.0;5018.0;820.0;1283.0;723.0;1348.0;2453.0;4439.0;761.0;1237.0;-14.0;-24.0;-54.0;-93.0
954.0;1669.0;2853.0;4887.0;808.0;1255.0;704.0;1310.0;2395.0;4321.0;744.0;1208.0;-8.0;-24.0;-54.0;-93.0
950.0;1657.0;2846.0;4841.0;801.0;1257.0;717.0;1339.0;2441.0;4387.0;751.0;1226.0;-8.0;-24.0;-53.0;-93.0
992.0;1722.0;2937.0;4994.0;821.0;1274.0;728.0;1352.0;2471.0;4436.0;762.0;1241.0;-9.0;-26.0;-55.0;-93.0
981.0;1711.0;2931.0;4968.0;818.0;1269.0;721.0;1345.0;2447.0;4388.0;755.0;1229.0;-9.0;-26.0;-53.0;-93.0
970.0;1695.0;2903.0;4914.0;814.0;1274.0;731.0;1360.0;2473.0;4439.0;761.0;1247.0;-9.0;-26.0;-55.0;-96.0
1009.0;1758.0;3002.0;5084.0;839.0;1306.0;740.0;1382.0;2520.0;4521.0;775.0;1259.0;-15.0;-26.0;-62.0;-96.0
1005.0;1747.0;2973.0;5038.0;830.0;1288.0;736.0;1375.0;2499.0;4500.0;772.0;1244.0;-15.0;-26.0;-62.0;-104.0
1030.0;1793.0;3047.0;5168.0;849.0;1317.0;770.0;1434.0;2603.0;4649.0;798.0;1304.0;-15.0;-26.0;-58.0;-104.0
1081.0;1867.0;3175.0;5360.0;879.0;1361.0;800.0;1482.0;2680.0;4785.0;817.0;1325.0;-15.0;-29.0;-58.0;-108.0
1088.0;1880.0;3199.0;5392.0;882.0;1367.0;797.0;1478.0;2677.0;4765.0;818.0;1324.0;-14.0;-29.0;-58.0;-108.0
1060.0;1840.0;3138.0;5325.0;875.0;1364.0;806.0;1481.0;2683.0;4788.0;817.0;1337.0;-10.0;-29.0;-58.0;-108.0
1115.0;1932.0;3258.0;5491.0;902.0;1398.0;826.0;1518.0;2744.0;4900.0;840.0;1363.0;-10.0;-33.0;-55.0;-108.0
1105.0;1917.0;3261.0;5452.0;895.0;1380.0;792.0;1470.0;2672.0;4774.0;817.0;1326.0;-8.0;-34.0;-55.0;-112.0
1081.0;1879.0;3196.0;5413.0;888.0;1371.0;816.0;1514.0;2760.0;4887.0;835.0;1362.0;-8.0;-33.0;-58.0;-131.0
1171.0;2023.0;3433.0;5727.0;938.0;1456.0;879.0;1613.0;2904.0;5181.0;885.0;1426.0;-8.0;-38.0;-55.0;-135.0
1214.0;2076.0;3546.0;5938.0;963.0;1478.0;896.0;1649.0;2981.0;5272.0;895.0;1449.0;-8.0;-38.0;-55.0;-135.0
1237.0;2136.0;3620.0;6042.0;985.0;1531.0;933.0;1726.0;3088.0;5473.0;928.0;1497.0;-10.0;-34.0;-57.0;-131.0
1260.0;2166.0;3665.0;6153.0;1003.0;1535.0;924.0;1692.0;3047.0;5383.0;919.0;1490.0;-10.0;-32.0;-60.0;-122.0
1248.0;2150.0;3646.0;6107.0;998.0;1534.0;931.0;1706.0;3076.0;5457.0;922.0;1489.0;-10.0;-33.0;-57.0;-122.0
1237.0;2133.0;3618.0;6059.0;988.0;1511.0;905.0;1663.0;3000.0;5342.0;907.0;1466.0;-10.0;-33.0;-60.0;-122.0
1224.0;2107.0;3574.0;5990.0;977.0;1494.0;894.0;1647.0;2969.0;5290.0;899.0;1458.0;-13.0;-33.0;-63.0;-114.0
1237.0;2129.0;3594.0;6007.0;979.0;1516.0;924.0;1696.0;3050.0;5385.0;912.0;1475.0;-10.0;-33.0;-60.0;-114.0
1254.0;2164.0;3646.0;6100.0;992.0;1521.0;914.0;1680.0;3028.0;5362.0;911.0;1462.0;-13.0;-33.0;-62.0;-98.0
1205.0;2078.0;3517.0;5920.0;962.0;1493.0;879.0;1614.0;2916.0;5171.0;882.0;1430.0;-17.0;-28.0;-62.0;-98.0
1170.0;2025.0;3444.0;5785.0;949.0;1471.0;876.0;1613.0;2894.0;5142.0;879.0;1417.0;-16.0;-27.0;-62.0;-98.0
1188.0;2053.0;3484.0;5814.0;956.0;1478.0;890.0;1640.0;2951.0;5221.0;887.0;1429.0;-16.0;-23.0;-62.0;-105.0
1193.0;2063.0;3500.0;5875.0;957.0;1479.0;890.0;1642.0;2945.0;5235.0;891.0;1438.0;-16.0;-27.0;-62.0;-105.0
1197.0;2060.0;3495.0;5868.0;956.0;1488.0;908.0;1661.0;2993.0;5298.0;900.0;1444.0;-16.0;-28.0;-63.0;-105.0
1219.0;2102.0;3555.0;6012.0;973.0;1501.0;916.0;1683.0;3017.0;5324.0;905.0;1452.0;-11.0;-27.0;-63.0;-102.0
1218.0;2109.0;3594.0;6010.0;979.0;1507.0;924.0;1699.0;3050.0;5398.0;911.0;1470.0;-11.0;-28.0;-63.0;-102.0
1224.0;2109.0;3567.0;5986.0;974.0;1506.0;913.0;1671.0;3001.0;5339.0;905.0;1454.0;-11.0;-29.0;-63.0;-102.0
1212.0;2092.0;3556.0;5959.0;973.0;1509.0;937.0;1689.0;3072.0;5435.0;919.0;1486.0;-11.0;-30.0;-63.0;-111.0
1271.0;2160.0;3670.0;6134.0;994.0;1541.0;962.0;1764.0;3161.0;5579.0;942.0;1528.0;-14.0;-30.0;-64.0;-112.0
1312.0;2247.0;3794.0;6331.0;1025.0;1571.0;966.0;1773.0;3178.0;5598.0;948.0;1514.0;-14.0;-30.0;-64.0;-112.0
1282.0;2211.0;3731.0;6250.0;1018.0;1572.0;978.0;1793.0;3201.0;5646.0;949.0;1528.0;-15.0;-30.0;-63.0;-112.0
1302.0;2230.0;3773.0;6291.0;1024.0;1572.0;954.0;1755.0;3161.0;5595.0;947.0;1527.0;-15.0;-29.0;-64.0;-112.0
1300.0;2237.0;3779.0;6316.0;1031.0;1589.0;1000.0;1838.0;3273.0;5760.0;972.0;1564.0;-18.0;-29.0;-58.0;-112.0
1358.0;2326.0;3921.0;6495.0;1052.0;1612.0;987.0;1813.0;3244.0;5732.0;969.0;1561.0;-15.0;-32.0;-58.0;-112.0
1321.0;2268.0;3843.0;6427.0;1046.0;1605.0;999.0;1826.0;3275.0;5773.0;973.0;1564.0;-15.0;-32.0;-60.0;-107.0
1335.0;2288.0;3874.0;6476.0;1051.0;1623.0;1011.0;1854.0;3308.0;5812.0;985.0;1574.0;-12.0;-32.0;-62.0;-106.0
1329.0;2282.0;3864.0;6456.0;1048.0;1602.0;988.0;1800.0;3221.0;5712.0;964.0;1536.0;-12.0;-32.0;-62.0;-104.0
1303.0;2240.0;3784.0;6277.0;1024.0;1569.0;967.0;1770.0;3177.0;5606.0;944.0;1525.0;-9.0;-32.0;-62.0;-104.0
1300.0;2231.0;3774.0;6296.0;1021.0;1571.0;968.0;1776.0;3191.0;5625.0;951.0;1539.0;-9.0;-32.0;-62.0;-107.0
1313.0;2263.0;3805.0;6349.0;1033.0;1582.0;986.0;1793.0;3228.0;5665.0;959.0;1535.0;-9.0;-35.0;-66.0;-111.0
1329.0;2277.0;3817.0;6380.0;1039.0;1598.0;1009.0;1842.0;3277.0;5772.0;976.0;1572.0;-7.0;-36.0;-66.0;-135.0
1375.0;2351.0;3947.0;6593.0;1067.0;1633.0;1030.0;1869.0;3337.0;5871.0;993.0;1593.0;-12.0;-36.0;-64.0;-135.0
1391.0;2381.0;4017.0;6665.0;1080.0;1654.0;1062.0;1934.0;3442.0;6016.0;1006.0;1622.0;-15.0;-36.0;-64.0;-135.0
1434.0;2450.0;4088.0;6793.0;1096.0;1674.0;1072.0;1950.0;3462.0;6079.0;1021.0;1629.0;-12.0;-32.0;-64.0;-111.0
1406.0;2418.0;4053.0;6739.0;1089.0;1653.0;1039.0;1890.0;3379.0;5954.0;1004.0;1608.0;-12.0;-31.0;-64.0;-111.0
1392.0;2386.0;4007.0;6652.0;1079.0;1640.0;1036.0;1887.0;3360.0;5921.0;994.0;1594.0;-15.0;-26.0;-64.0;-109.0
1372.0;2350.0;3968.0;6578.0;1067.0;1632.0;1022.0;1864.0;3325.0;5821.0;985.0;1579.0;-13.0;-26.0;-65.0;-109.0
1348.0;2316.0;3910.0;6536.0;1061.0;1629.0;1013.0;1860.0;3312.0;5868.0;989.0;1580.0;-12.0;-24.0;-65.0;-109.0
1364.0;2342.0;3956.0;6609.0;1070.0;1647.0;1047.0;1910.0;3395.0;5952.0;1002.0;1604.0;-13.0;-24.0;-66.0;-115.0
1401.0;2391.0;4034.0;6707.0;1086.0;1669.0;1061.0;1930.0;3441.0;6048.0;1013.0;1624.0;-17.0;-26.0;-70.0;-118.0
1424.0;2425.0;4108.0;6813.0;1095.0;1679.0;1067.0;1938.0;3448.0;6063.0;1014.0;1631.0;-18.0;-30.0;-67.0;-120.0
1435.0;2447.0;4101.0;6722.0;1098.0;1682.0;1082.0;1960.0;3491.0;6146.0;1028.0;1654.0;-18.0;-30.0;-66.0;-126.0
1473.0;2509.0;4205.0;6959.0;1122.0;1718.0;1113.0;2038.0;3604.0;6283.0;1057.0;1683.0;-18.0;-34.0;-67.0;-133.0
1485.0;2526.0;4245.0;7023.0;1131.0;1721.0;1114.0;2012.0;3542.0;6236.0;1048.0;1681.0;-17.0;-36.0;-67.0;-136.0
1499.0;2554.0;4270.0;7068.0;1144.0;1743.0;1123.0;2035.0;3596.0;6323.0;1058.0;1685.0;-17.0;-36.0;-67.0;-133.0
1509.0;2584.0;4318.0;7142.0;1153.0;1759.0;1151.0;2083.0;3683.0;6422.0;1075.0;1715.0;-14.0;-34.0;-66.0;-133.0
1542.0;2631.0;4343.0;7238.0;1162.0;1765.0;1125.0;2059.0;3653.0;6391.0;1069.0;1711.0;-17.0;-34.0;-71.0;-133.0
1508.0;2563.0;4260.0;7119.0;1151.0;1747.0;1121.0;2036.0;3630.0;6334.0;1066.0;1700.0;-17.0;-37.0;-69.0;-143.0
1521.0;2577.0;4339.0;7146.0;1155.0;1769.0;1169.0;2116.0;3710.0;6513.0;1088.0;1737.0;-11.0;-38.0;-73.0;-145.0
1566.0;2659.0;4458.0;7382.0;1182.0;1806.0;1205.0;2171.0;3843.0;6651.0;1121.0;1787.0;-9.0;-38.0;-69.0;-145.0
1625.0;2755.0;4619.0;7620.0;1219.0;1851.0;1233.0;2230.0;3928.0;6836.0;1133.0;1808.0;-9.0;-38.0;-69.0;-145.0
1622.0;2741.0;4574.0;7590.0;1214.0;1835.0;1198.0;2172.0;3841.0;6654.0;1116.0;1768.0;-9.0;-44.0;-67.0;-134.0
1578.0;2676.0;4466.0;7412.0;1193.0;1804.0;1166.0;2115.0;3744.0;6533.0;1098.0;1746.0;-9.0;-44.0;-65.0;-134.0
1555.0;2648.0;4429.0;7365.0;1181.0;1800.0;1202.0;2163.0;3830.0;6626.0;1111.0;1771.0;-7.0;-33.0;-65.0;-125.0
1580.0;2677.0;4460.0;7393.0;1183.0;1804.0;1176.0;2128.0;3771.0;6601.0;1101.0;1745.0;-10.0;-33.0;-65.0;-125.0
1554.0;2641.0;4431.0;7309.0;1174.0;1792.0;1167.0;2111.0;3731.0;6510.0;1089.0;1739.0;-10.0;-39.0;-65.0;-129.0
1550.0;2646.0;4419.0;7302.0;1170.0;1791.0;1156.0;2096.0;3732.0;6513.0;1086.0;1736.0;-10.0;-32.0;-66.0;-125.0
1543.0;2648.0;4424.0;7300.0;1174.0;1800.0;1189.0;2144.0;3792.0;6606.0;1101.0;1758.0;-11.0;-32.0;-66.0;-129.0
1578.0;2686.0;4480.0;7422.0;1192.0;1801.0;1179.0;2131.0;3787.0;6579.0;1099.0;1747.0;-11.0;-39.0;-70.0;-130.0
1553.0;2647.0;4431.0;7344.0;1184.0;1802.0;1190.0;2153.0;3802.0;6659.0;1107.0;1777.0;-13.0;-39.0;-70.0;-136.0
1627.0;2768.0;4615.0;7603.0;1214.0;1840.0;1220.0;2202.0;3875.0;6745.0;1125.0;1784.0;-11.0;-29.0;-70.0;-136.0
1627.0;2761.0;4603.0;7588.0;1216.0;1837.0;1207.0;2169.0;3837.0;6669.0;1118.0;1777.0;-10.0;-34.0;-70.0;-136.0
1589.0;2695.0;4502.0;7488.0;1203.0;1817.0;1187.0;2142.0;3801.0;6611.0;1106.0;1765.0;-10.0;-30.0;-70.0;-127.0
1565.0;2661.0;4449.0;7376.0;1183.0;1806.0;1185.0;2144.0;3784.0;6600.0;1104.0;1754.0;-10.0;-30.0;-70.0;-127.0
1575.0;2672.0;4462.0;7335.0;1180.0;1799.0;1176.0;2137.0;3769.0;6547.0;1101.0;1747.0;-10.0;-32.0;-69.0;-127.0
1571.0;2659.0;4432.0;7328.0;1179.0;1793.0;1181.0;2122.0;3745.0;6536.0;1089.0;1737.0;-11.0;-33.0;-70.0;-128.0
1563.0;2661.0;4441.0;7328.0;1182.0;1805.0;1204.0;2174.0;3837.0;6680.0;1107.0;1765.0;-11.0;-32.0;-71.0;-128.0
1618.0;2733.0;4548.0;7471.0;1206.0;1836.0;1230.0;2213.0;3905.0;6776.0;1127.0;1788.0;-19.0;-33.0;-75.0;-128.0
1623.0;2754.0;4594.0;7589.0;1219.0;1858.0;1257.0;2248.0;3960.0;6870.0;1144.0;1798.0;-19.0;-34.0;-79.0;-129.0
1613.0;2748.0;4575.0;7556.0;1212.0;1831.0;1205.0;2177.0;3839.0;6669.0;1111.0;1767.0;-19.0;-34.0;-79.0;-129.0
1608.0;2724.0;4537.0;7416.0;1197.0;1823.0;1216.0;2195.0;3880.0;6724.0;1122.0;1786.0;-16.0;-34.0;-75.0;-129.0
1620.0;2749.0;4587.0;7568.0;1209.0;1835.0;1224.0;2216.0;3914.0;6775.0;1133.0;1806.0;-15.0;-36.0;-78.0;-140.0
1650.0;2789.0;4655.0;7654.0;1228.0;1865.0;1254.0;2252.0;3970.0;6916.0;1144.0;1820.0;-15.0;-34.0;-78.0;-140.0
1668.0;2826.0;4715.0;7705.0;1234.0;1868.0;1244.0;2247.0;3965.0;6885.0;1149.0;1820.0;-11.0;-36.0;-74.0;-147.0
1667.0;2832.0;4709.0;7731.0;1237.0;1878.0;1259.0;2262.0;3998.0;6930.0;1151.0;1820.0;-11.0;-36.0;-73.0;-144.0
1675.0;2843.0;4718.0;7775.0;1246.0;1886.0;1290.0;2311.0;4055.0;6997.0;1160.0;1846.0;-15.0;-35.0;-78.0;-140.0
1705.0;2893.0;4825.0;7929.0;1261.0;1908.0;1297.0;2334.0;4095.0;7084.0;1176.0;1866.0;-5.0;-35.0;-63.0;-139.0
1715.0;2903.0;4808.0;7915.0;1267.0;1902.0;1271.0;2285.0;4031.0;6986.0;1160.0;1834.0;-5.0;-35.0;-62.0;-135.0
1677.0;2835.0;4755.0;7861.0;1250.0;1897.0;1283.0;2296.0;4050.0;7025.0;1164.0;1843.0;-6.0;-35.0;-63.0;-135.0
1680.0;2846.0;4723.0;7766.0;1244.0;1882.0;1262.0;2275.0;3997.0;6926.0;1156.0;1829.0;-10.0;-36.0;-74.0;-135.0
1695.0;2874.0;4773.0;7859.0;1258.0;1910.0;1307.0;2338.0;4092.0;7086.0;1168.0;1856.0;-10.0;-36.0;-73.0;-138.0
1713.0;2905.0;4834.0;7952.0;1270.0;1928.0;1320.0;2360.0;4136.0;7165.0;1195.0;1881.0;-12.0;-36.0;-73.0;-145.0
1762.0;2960.0;4913.0;8039.0;1284.0;1946.0;1310.0;2353.0;4140.0;7168.0;1194.0;1884.0;-15.0;-37.0;-74.0;-148.0
1735.0;2938.0;4878.0;7989.0;1276.0;1938.0;1321.0;2360.0;4159.0;7186.0;1189.0;1886.0;-18.0;-39.0;-75.0;-151.0
1739.0;2936.0;4878.0;8029.0;1283.0;1953.0;1334.0;2400.0;4200.0;7240.0;1201.0;1903.0;-15.0;-41.0;-73.0;-151.0
1791.0;3016.0;5007.0;8200.0;1304.0;1965.0;1339.0;2401.0;4218.0;7273.0;1209.0;1919.0;-18.0;-41.0;-72.0;-155.0
1788.0;3024.0;5028.0;8221.0;1315.0;1987.0;1368.0;2441.0;4252.0;7405.0;1219.0;1923.0;-18.0;-41.0;-72.0;-158.0
1793.0;3031.0;5024.0;8228.0;1305.0;1981.0;1340.0;2410.0;4225.0;7297.0;1214.0;1919.0;-12.0;-41.0;-72.0;-159.0
1802.0;3030.0;5024.0;8222.0;1311.0;1978.0;1348.0;2406.0;4219.0;7276.0;1213.0;1913.0;-12.0;-39.0;-72.0;-162.0
1793.0;3027.0;5014.0;8231.0;1312.0;1978.0;1361.0;2433.0;4231.0;7337.0;1222.0;1921.0;-10.0;-39.0;-66.0;-159.0
1816.0;3054.0;5072.0;8275.0;1315.0;1995.0;1384.0;2470.0;4343.0;7475.0;1235.0;1952.0;-10.0;-39.0;-66.0;-159.0
1843.0;3117.0;5160.0;8414.0;1334.0;2015.0;1388.0;2483.0;4327.0;7504.0;1242.0;1944.0;-10.0;-39.0;-66.0;-157.0
1839.0;3104.0;5129.0;8418.0;1342.0;2015.0;1394.0;2486.0;4348.0;7495.0;1241.0;1948.0;-10.0;-39.0;-73.0;-150.0
1832.0;3080.0;5108.0;8353.0;1330.0;2004.0;1385.0;2470.0;4332.0;7431.0;1230.0;1940.0;-9.0;-39.0;-67.0;-148.0
1805.0;3048.0;5054.0;8291.0;1325.0;2001.0;1366.0;2454.0;4316.0;7433.0;1232.0;1939.0;-9.0;-39.0;-67.0;-148.0
1828.0;3087.0;5112.0;8372.0;1335.0;2018.0;1417.0;2524.0;4393.0;7548.0;1250.0;1971.0;-3.0;-39.0;-67.0;-148.0
1849.0;3109.0;5148.0;8421.0;1345.0;2029.0;1406.0;2502.0;4378.0;7527.0;1251.0;1970.0;-3.0;-39.0;-67.0;-144.0
1826.0;3087.0;5108.0;8393.0;1344.0;2019.0;1369.0;2458.0;4284.0;7394.0;1230.0;1946.0;-3.0;-39.0;-67.0;-140.0
1817.0;3057.0;5085.0;8310.0;1325.0;2009.0;1364.0;2456.0;4315.0;7461.0;1233.0;1943.0;-12.0;-38.0;-67.0;-139.0
1811.0;3056.0;5052.0;8330.0;1329.0;2001.0;1381.0;2464.0;4341.0;7445.0;1229.0;1951.0;-12.0;-38.0;-67.0;-139.0
1818.0;3067.0;5085.0;8333.0;1327.0;1990.0;1362.0;2430.0;4275.0;7377.0;1223.0;1938.0;-12.0;-39.0;-70.0;-139.0
1787.0;2998.0;4991.0;8201.0;1311.0;1969.0;1352.0;2416.0;4229.0;7330.0;1221.0;1924.0;-12.0;-39.0;-70.0;-139.0
1799.0;3040.0;5042.0;8255.0;1314.0;1980.0;1354.0;2456.0;4330.0;7403.0;1224.0;1931.0;-11.0;-40.0;-67.0;-143.0
1818.0;3063.0;5070.0;8342.0;1331.0;2005.0;1385.0;2474.0;4340.0;7475.0;1233.0;1953.0;-11.0;-40.0;-70.0;-145.0
1841.0;3106.0;5123.0;8401.0;1326.0;1998.0;1361.0;2435.0;4275.0;7345.0;1226.0;1931.0;-13.0;-43.0;-72.0;-146.0
1824.0;3077.0;5076.0;8338.0;1329.0;2016.0;1409.0;2514.0;4408.0;7611.0;1257.0;1982.0;-13.0;-43.0;-70.0;-145.0
1912.0;3196.0;5269.0;8608.0;1363.0;2043.0;1414.0;2522.0;4412.0;7595.0;1254.0;1993.0;-14.0;-45.0;-78.0;-150.0
1887.0;3172.0;5237.0;8564.0;1367.0;2047.0;1427.0;2530.0;4467.0;7655.0;1266.0;1987.0;-14.0;-45.0;-78.0;-152.0
1883.0;3151.0;5221.0;8526.0;1358.0;2044.0;1427.0;2539.0;4427.0;7631.0;1254.0;1976.0;-14.0;-34.0;-77.0;-150.0
1885.0;3173.0;5258.0;8600.0;1362.0;2063.0;1459.0;2602.0;4548.0;7813.0;1285.0;2016.0;-12.0;-34.0;-73.0;-147.0
1906.0;3204.0;5298.0;8678.0;1380.0;2077.0;1454.0;2600.0;4525.0;7780.0;1283.0;2010.0;-15.0;-41.0;-73.0;-150.0
1881.0;3176.0;5238.0;8600.0;1370.0;2049.0;1436.0;2554.0;4467.0;7661.0;1270.0;2005.0;-12.0;-41.0;-73.0;-152.0
1891.0;3176.0;5240.0;8576.0;1357.0;2034.0;1418.0;2523.0;4422.0;7601.0;1259.0;1981.0;-11.0;-41.0;-74.0;-165.0
1899.0;3193.0;5268.0;8622.0;1367.0;2072.0;1467.0;2615.0;4555.0;7821.0;1284.0;2021.0;-12.0;-41.0;-74.0;-174.0
1929.0;3237.0;5347.0;8705.0;1390.0;2100.0;1522.0;2702.0;4678.0;8030.0;1324.0;2062.0;-11.0;-44.0;-74.0;-175.0
2028.0;3397.0;5607.0;9088.0;1444.0;2165.0;1557.0;2743.0;4768.0;8158.0;1342.0;2117.0;-11.0;-44.0;-77.0;-178.0
2031.0;3392.0;5628.0;9173.0;1447.0;2159.0;1530.0;2724.0;4729.0;8116.0;1332.0;2098.0;-11.0;-43.0;-78.0;-178.0
2036.0;3403.0;5596.0;9101.0;1440.0;2168.0;1533.0;2748.0;4777.0;8152.0;1347.0;2104.0;-6.0;-43.0;-78.0;-178.0
2041.0;3409.0;5600.0;9134.0;1448.0;2165.0;1552.0;2760.0;4788.0;8190.0;1344.0;2104.0;-6.0;-43.0;-78.0;-178.0
2057.0;3442.0;5685.0;9239.0;1459.0;2185.0;1572.0;2790.0;4860.0;8269.0;1356.0;2138.0;-12.0;-43.0;-78.0;-172.0
2076.0;3471.0;5732.0;9277.0;1470.0;2196.0;1559.0;2764.0;4795.0;8234.0;1354.0;2090.0;-10.0;-43.0;-78.0;-172.0
2072.0;3470.0;5703.0;9257.0;1463.0;2188.0;1573.0;2793.0;4854.0;8327.0;1365.0;2137.0;-10.0;-47.0;-72.0;-184.0
2079.0;3474.0;5720.0;9328.0;1477.0;2223.0;1613.0;2838.0;4948.0;8482.0;1389.0;2171.0;-10.0;-47.0;-77.0;-187.0
2127.0;3553.0;5844.0;9495.0;1490.0;2222.0;1583.0;2812.0;4893.0;8372.0;1380.0;2159.0;-10.0;-47.0;-77.0;-187.0
2145.0;3589.0;5878.0;9533.0;1504.0;2256.0;1645.0;2919.0;5049.0;8600.0;1408.0;2215.0;-10.0;-48.0;-77.0;-191.0
2178.0;3642.0;5982.0;9677.0;1529.0;2267.0;1625.0;2874.0;5005.0;8564.0;1412.0;2205.0;-10.0;-48.0;-77.0;-191.0
2157.0;3585.0;5911.0;9607.0;1516.0;2260.0;1624.0;2882.0;5008.0;8543.0;1406.0;2202.0;-10.0;-48.0;-77.0;-178.0
2144.0;3584.0;5910.0;9594.0;1513.0;2254.0;1624.0;2877.0;5006.0;8541.0;1396.0;2197.0;-10.0;-45.0;-74.0;-178.0
2141.0;3577.0;5870.0;9559.0;1508.0;2254.0;1607.0;2869.0;4985.0;8566.0;1397.0;2198.0;-10.0;-45.0;-74.0;-179.0
2127.0;3559.0;5841.0;9515.0;1497.0;2246.0;1590.0;2823.0;4906.0;8423.0;1386.0;2181.0;-11.0;-43.0;-74.0;-178.0
2130.0;3556.0;5857.0;9522.0;1506.0;2250.0;1639.0;2893.0;4997.0;8572.0;1402.0;2196.0;-11.0;-41.0;-74.0;-166.0
2149.0;3588.0;5906.0;9598.0;1516.0;2249.0;1607.0;2853.0;4939.0;8512.0;1397.0;2182.0;-16.0;-39.0;-74.0;-159.0
2105.0;3533.0;5807.0;9436.0;1498.0;2231.0;1603.0;2844.0;4947.0;8427.0;1382.0;2166.0;-11.0;-41.0;-74.0;-159.0
2098.0;3520.0;5775.0;9436.0;1492.0;2222.0;1600.0;2842.0;4919.0;8398.0;1382.0;2161.0;-11.0;-43.0;-74.0;-159.0
2093.0;3507.0;5783.0;9368.0;1480.0;2219.0;1622.0;2863.0;4961.0;8461.0;1383.0;2162.0;-14.0;-45.0;-75.0;-160.0
2120.0;3540.0;5803.0;9458.0;1492.0;2227.0;1604.0;2838.0;4925.0;8423.0;1387.0;2167.0;-15.0;-45.0;-82.0;-179.0
2131.0;3560.0;5846.0;9477.0;1498.0;2244.0;1620.0;2874.0;5011.0;8560.0;1391.0;2143.0;-14.0;-47.0;-83.0;-185.0
2159.0;3581.0;5937.0;9616.0;1519.0;2255.0;1629.0;2886.0;5007.0;8555.0;1408.0;2203.0;-14.0;-48.0;-83.0;-187.0
2187.0;3645.0;5982.0;9638.0;1521.0;2274.0;1639.0;2916.0;5083.0;8642.0;1421.0;2214.0;-14.0;-48.0;-82.0;-188.0
2187.0;3656.0;5986.0;9688.0;1526.0;2281.0;1665.0;2946.0;5102.0;8708.0;1422.0;2212.0;-11.0;-48.0;-79.0;-187.0
2202.0;3686.0;6016.0;9774.0;1542.0;2296.0;1665.0;2928.0;5115.0;8732.0;1421.0;2223.0;-10.0;-51.0;-79.0;-190.0
2202.0;3680.0;6048.0;9823.0;1539.0;2303.0;1668.0;2961.0;5133.0;8761.0;1426.0;2219.0;-8.0;-51.0;-77.0;-190.0
2173.0;3639.0;5985.0;9715.0;1534.0;2283.0;1680.0;2975.0;5132.0;8755.0;1432.0;2221.0;-8.0;-48.0;-79.0;-183.0
2240.0;3733.0;6071.0;9845.0;1545.0;2291.0;1651.0;2931.0;5081.0;8638.0;1424.0;2220.0;-6.0;-44.0;-75.0;-181.0
2186.0;3634.0;5991.0;9713.0;1529.0;2298.0;1673.0;2970.0;5116.0;8747.0;1431.0;2228.0;-8.0;-44.0;-80.0;-181.0
2205.0;3680.0;6052.0;9825.0;1544.0;2282.0;1675.0;2947.0;5101.0;8684.0;1424.0;2220.0;-8.0;-44.0;-75.0;-174.0
2201.0;3662.0;6018.0;9739.0;1538.0;2292.0;1679.0;2971.0;5129.0;8758.0;1429.0;2229.0;-11.0;-44.0;-80.0;-181.0
2206.0;3670.0;6022.0;9759.0;1534.0;2305.0;1688.0;2979.0;5141.0;8791.0;1436.0;2247.0;-11.0;-44.0;-83.0;-178.0
2226.0;3693.0;6069.0;9819.0;1551.0;2291.0;1702.0;3005.0;5187.0;8791.0;1444.0;2255.0;-14.0;-45.0;-83.0;-174.0
2269.0;3777.0;6181.0;9976.0;1565.0;2322.0;1685.0;2984.0;5201.0;8794.0;1445.0;2257.0;-14.0;-45.0;-83.0;-174.0
2208.0;3686.0;6064.0;9821.0;1543.0;2301.0;1688.0;2971.0;5132.0;8741.0;1434.0;2238.0;-17.0;-46.0;-83.0;-174.0
2221.0;3693.0;6052.0;9825.0;1543.0;2310.0;1705.0;3018.0;5206.0;8861.0;1451.0;2263.0;-17.0;-45.0;-81.0;-171.0
2241.0;3741.0;6111.0;9882.0;1558.0;2321.0;1691.0;2981.0;5167.0;8841.0;1444.0;2247.0;-17.0;-46.0;-81.0;-171.0
2241.0;3725.0;6115.0;9873.0;1548.0;2298.0;1676.0;2949.0;5105.0;8662.0;1421.0;2214.0;-17.0;-48.0;-81.0;-171.0
2184.0;3656.0;5990.0;9729.0;1535.0;2284.0;1679.0;2959.0;5131.0;8714.0;1426.0;2239.0;-17.0;-51.0;-89.0;-171.0
2247.0;3749.0;6119.0;9908.0;1550.0;2314.0;1714.0;3012.0;5213.0;8834.0;1444.0;2256.0;-15.0;-48.0;-89.0;-175.0
2259.0;3768.0;6138.0;9930.0;1559.0;2316.0;1713.0;3005.0;5197.0;8823.0;1446.0;2254.0;-15.0;-48.0;-89.0;-175.0
2260.0;3758.0;6158.0;9937.0;1557.0;2313.0;1708.0;3012.0;5191.0;8843.0;1443.0;2256.0;-15.0;-43.0;-84.0;-175.0
2238.0;3722.0;6081.0;9856.0;1544.0;2295.0;1656.0;2954.0;5105.0;8724.0;1432.0;2228.0;-15.0;-43.0;-83.0;-171.0
2196.0;3669.0;6026.0;9761.0;1541.0;2297.0;1677.0;2950.0;5138.0;8746.0;1436.0;2238.0;-15.0;-43.0;-83.0;-175.0
2238.0;3735.0;6119.0;9862.0;1552.0;2309.0;1707.0;3006.0;5186.0;8815.0;1440.0;2250.0;-13.0;-43.0;-80.0;-177.0
2239.0;3729.0;6098.0;9909.0;1561.0;2339.0;1756.0;3087.0;5311.0;9030.0;1473.0;2300.0;-13.0;-45.0;-80.0;-192.0
2332.0;3878.0;6335.0;10180.0;1589.0;2378.0;1788.0;3143.0;5399.0;9162.0;1498.0;2327.0;-16.0;-45.0;-80.0;-192.0
2343.0;3892.0;6351.0;10242.0;1617.0;2384.0;1801.0;3168.0;5436.0;9219.0;1504.0;2336.0;-15.0;-43.0;-79.0;-192.0
2345.0;3901.0;6359.0;10313.0;1614.0;2392.0;1775.0;3119.0;5388.0;9156.0;1489.0;2321.0;-15.0;-45.0;-79.0;-180.0
2308.0;3858.0;6307.0;10177.0;1595.0;2364.0;1736.0;3068.0;5312.0;9035.0;1469.0;2295.0;-15.0;-44.0;-78.0;-180.0
2301.0;3832.0;6244.0;10113.0;1583.0;2355.0;1757.0;3110.0;5342.0;9072.0;1480.0;2293.0;-15.0;-41.0;-78.0;-179.0
2309.0;3849.0;6264.0;10131.0;1592.0;2367.0;1764.0;3097.0;5356.0;9076.0;1478.0;2307.0;-14.0;-44.0;-78.0;-180.0
2326.0;3860.0;6305.0;10176.0;1594.0;2367.0;1754.0;3090.0;5336.0;9059.0;1480.0;2285.0;-13.0;-45.0;-78.0;-181.0
2307.0;3832.0;6234.0;10082.0;1587.0;2357.0;1767.0;3081.0;5366.0;9072.0;1482.0;2311.0;-12.0;-45.0;-76.0;-181.0
2361.0;3926.0;6386.0;10308.0;1610.0;2386.0;1789.0;3140.0;5388.0;9152.0;1494.0;2317.0;-12.0;-45.0;-76.0;-187.0
2351.0;3911.0;6381.0;10327.0;1613.0;2384.0;1783.0;3140.0;5387.0;9157.0;1499.0;2315.0;-12.0;-49.0;-78.0;-187.0
2322.0;3854.0;6304.0;10226.0;1603.0;2377.0;1779.0;3117.0;5383.0;9112.0;1490.0;2327.0;-8.0;-47.0;-78.0;-180.0
2363.0;3918.0;6395.0;10283.0;1617.0;2393.0;1795.0;3155.0;5440.0;9217.0;1497.0;2318.0;-12.0;-47.0;-79.0;-180.0
2342.0;3897.0;6372.0;10284.0;1615.0;2392.0;1800.0;3152.0;5421.0;9155.0;1504.0;2321.0;-12.0;-49.0;-80.0;-187.0
2362.0;3916.0;6396.0;10284.0;1613.0;2398.0;1809.0;3182.0;5468.0;9241.0;1505.0;2341.0;-13.0;-49.0;-81.0;-191.0
2389.0;3961.0;6460.0;10403.0;1636.0;2410.0;1801.0;3153.0;5460.0;9262.0;1515.0;2338.0;-11.0;-55.0;-82.0;-191.0
2394.0;3953.0;6395.0;10387.0;1632.0;2414.0;1833.0;3208.0;5503.0;9318.0;1515.0;2349.0;-12.0;-55.0;-82.0;-192.0
2381.0;3945.0;6436.0;10441.0;1633.0;2430.0;1845.0;3236.0;5548.0;9355.0;1535.0;2377.0;-12.0;-55.0;-82.0;-192.0
2488.0;4121.0;6723.0;10766.0;1676.0;2490.0;1900.0;3324.0;5704.0;9634.0;1564.0;2426.0;-13.0;-52.0;-83.0;-192.0
2484.0;4121.0;6711.0;10807.0;1688.0;2501.0;1887.0;3313.0;5719.0;9657.0;1569.0;2416.0;-14.0;-49.0;-83.0;-182.0
2475.0;4096.0;6671.0;10726.0;1672.0;2468.0;1836.0;3227.0;5548.0;9405.0;1529.0;2375.0;-14.0;-49.0;-82.0;-182.0
2380.0;3957.0;6491.0;10453.0;1644.0;2435.0;1811.0;3212.0;5514.0;9363.0;1528.0;2366.0;-16.0;-49.0;-82.0;-180.0
2392.0;3932.0;6503.0;10457.0;1642.0;2445.0;1845.0;3237.0;5563.0;9439.0;1540.0;2383.0;-15.0;-52.0;-82.0;-180.0
2391.0;3980.0;6516.0;10520.0;1649.0;2437.0;1824.0;3198.0;5538.0;9390.0;1522.0;2369.0;-15.0;-53.0;-81.0;-186.0
2406.0;3991.0;6505.0;10497.0;1638.0;2434.0;1844.0;3239.0;5554.0;9362.0;1536.0;2393.0;-15.0;-53.0;-81.0;-191.0
2438.0;4040.0;6602.0;10625.0;1664.0;2454.0;1863.0;3280.0;5637.0;9556.0;1544.0;2402.0;-18.0;-53.0;-81.0;-191.0
2481.0;4093.0;6641.0;10749.0;1679.0;2491.0;1903.0;3343.0;5714.0;9643.0;1569.0;2413.0;-15.0;-50.0;-81.0;-191.0
2509.0;4150.0;6749.0;10820.0;1689.0;2492.0;1901.0;3333.0;5711.0;9650.0;1566.0;2423.0;-8.0;-50.0;-80.0;-191.0
2459.0;4092.0;6652.0;10729.0;1673.0;2471.0;1863.0;3272.0;5619.0;9553.0;1553.0;2403.0;-11.0;-49.0;-85.0;-190.0
2426.0;4027.0;6570.0;10606.0;1664.0;2466.0;1867.0;3290.0;5664.0;9564.0;1554.0;2406.0;-11.0;-45.0;-85.0;-190.0
2489.0;4130.0;6689.0;10773.0;1680.0;2483.0;1881.0;3302.0;5669.0;9583.0;1557.0;2403.0;-11.0;-45.0;-80.0;-198.0
2444.0;4067.0;6638.0;10656.0;1669.0;2470.0;1878.0;3294.0;5644.0;9543.0;1554.0;2412.0;-11.0;-45.0;-80.0;-212.0
2492.0;4122.0;6714.0;10791.0;1676.0;2487.0;1899.0;3319.0;5702.0;9625.0;1559.0;2423.0;-11.0;-45.0;-80.0;-209.0
2548.0;4204.0;6834.0;11007.0;1707.0;2531.0;1955.0;3416.0;5831.0;9827.0;1598.0;2476.0;-11.0;-45.0;-80.0;-209.0
2568.0;4243.0;6902.0;11072.0;1727.0;2559.0;1952.0;3432.0;5877.0;9892.0;1607.0;2484.0;-11.0;-48.0;-80.0;-209.0
2579.0;4267.0;6933.0;11102.0;1730.0;2547.0;1964.0;3425.0;5868.0;9869.0;1605.0;2476.0;-11.0;-54.0;-80.0;-204.0
2567.0;4234.0;6867.0;11053.0;1721.0;2550.0;1954.0;3417.0;5877.0;9888.0;1607.0;2478.0;-13.0;-54.0;-82.0;-204.0
2557.0;4238.0;6914.0;11077.0;1729.0;2552.0;1921.0;3377.0;5791.0;9823.0;1605.0;2480.0;-13.0;-55.0;-82.0;-204.0
2574.0;4250.0;6942.0;11090.0;1738.0;2577.0;1995.0;3490.0;5987.0;10097.0;1633.0;2528.0;-14.0;-55.0;-82.0;-210.0
2683.0;4436.0;7186.0;11450.0;1774.0;2604.0;2043.0;3543.0;6069.0;10187.0;1652.0;2543.0;-14.0;-57.0;-82.0;-218.0
2636.0;4349.0;7077.0;11340.0;1760.0;2603.0;2010.0;3506.0;5990.0;10105.0;1641.0;2529.0;-16.0;-59.0;-82.0;-218.0
2606.0;4335.0;7036.0;11296.0;1755.0;2588.0;2003.0;3496.0;5957.0;10038.0;1634.0;2516.0;-16.0;-57.0;-81.0;-210.0
2616.0;4328.0;7046.0;11299.0;1755.0;2590.0;2008.0;3497.0;5965.0;10036.0;1629.0;2516.0;-16.0;-57.0;-81.0;-210.0
2623.0;4320.0;7032.0;11303.0;1760.0;2589.0;2014.0;3530.0;6025.0;10185.0;1644.0;2529.0;-8.0;-57.0;-81.0;-218.0
2625.0;4339.0;7036.0;11297.0;1764.0;2592.0;2008.0;3509.0;6004.0;10150.0;1645.0;2547.0;-8.0;-59.0;-81.0;-220.0
2702.0;4449.0;7223.0;11570.0;1792.0;2632.0;2059.0;3576.0;6102.0;10273.0;1662.0;2563.0;-8.0;-55.0;-80.0;-220.0
2675.0;4419.0;7167.0;11456.0;1780.0;2616.0;2022.0;3526.0;6033.0;10187.0;1646.0;2539.0;-8.0;-55.0;-81.0;-220.0
2679.0;4414.0;7174.0;11471.0;1794.0;2647.0;2045.0;3575.0;6092.0;10256.0;1663.0;2565.0;-8.0;-54.0;-81.0;-210.0
2646.0;4383.0;7126.0;11426.0;1775.0;2612.0;2023.0;3516.0;5992.0;10163.0;1638.0;2532.0;-16.0;-53.0;-82.0;-205.0
2638.0;4356.0;7084.0;11349.0;1765.0;2600.0;2007.0;3517.0;6014.0;10058.0;1636.0;2516.0;-16.0;-52.0;-82.0;-204.0
2604.0;4293.0;7010.0;11217.0;1753.0;2575.0;1993.0;3479.0;5956.0;9989.0;1623.0;2508.0;-16.0;-49.0;-82.0;-204.0
2593.0;4284.0;6963.0;11158.0;1726.0;2579.0;1998.0;3486.0;5953.0;10022.0;1624.0;2507.0;-16.0;-52.0;-83.0;-204.0
2618.0;4325.0;7027.0;11258.0;1748.0;2584.0;1993.0;3477.0;5960.0;10034.0;1620.0;2504.0;-16.0;-52.0;-83.0;-199.0
2594.0;4299.0;6976.0;11238.0;1751.0;2567.0;1989.0;3479.0;5972.0;10041.0;1623.0;2507.0;-15.0;-52.0;-82.0;-204.0
2647.0;4378.0;7098.0;11312.0;1764.0;2590.0;2019.0;3520.0;5987.0;10158.0;1634.0;2523.0;-15.0;-49.0;-82.0;-199.0
2631.0;4351.0;7047.0;11349.0;1765.0;2595.0;2032.0;3524.0;6020.0;10133.0;1635.0;2509.0;-16.0;-53.0;-82.0;-204.0
2641.0;4358.0;7087.0;11365.0;1764.0;2578.0;1984.0;3469.0;5942.0;9967.0;1616.0;2500.0;-16.0;-53.0;-82.0;-204.0
2615.0;4318.0;7027.0;11219.0;1749.0;2586.0;2009.0;3509.0;6006.0;10128.0;1635.0;2520.0;-16.0;-52.0;-81.0;-206.0
2630.0;4340.0;7053.0;11311.0;1764.0;2611.0;2030.0;3536.0;6036.0;10165.0;1638.0;2533.0;-16.0;-53.0;-81.0;-215.0
2672.0;4410.0;7143.0;11503.0;1788.0;2628.0;2034.0;3555.0;6088.0;10284.0;1664.0;2559.0;-11.0;-53.0;-81.0;-215.0
2680.0;4419.0;7181.0;11487.0;1795.0;2646.0;2067.0;3593.0;6140.0;10279.0;1660.0;2556.0;-11.0;-53.0;-82.0;-215.0
2696.0;4445.0;7149.0;11511.0;1782.0;2614.0;2015.0;3519.0;6022.0;10150.0;1645.0;2542.0;-11.0;-53.0;-85.0;-198.0
2667.0;4398.0;7147.0;11453.0;1784.0;2604.0;2047.0;3561.0;6061.0;10189.0;1642.0;2523.0;-18.0;-53.0;-85.0;-197.0
2650.0;4392.0;7090.0;11377.0;1766.0;2594.0;2001.0;3505.0;5986.0;10105.0;1629.0;2519.0;-18.0;-53.0;-85.0;-194.0
2615.0;4323.0;7016.0;11227.0;1749.0;2572.0;2029.0;3536.0;6026.0;10109.0;1635.0;2528.0;-20.0;-55.0;-89.0;-194.0
2615.0;4328.0;7041.0;11285.0;1752.0;2587.0;2012.0;3499.0;5993.0;10115.0;1632.0;2530.0;-18.0;-55.0;-85.0;-194.0
2652.0;4377.0;7094.0;11374.0;1769.0;2602.0;2035.0;3545.0;6040.0;10178.0;1643.0;2541.0;-16.0;-55.0;-85.0;-205.0
2672.0;4409.0;7158.0;11478.0;1788.0;2624.0;2061.0;3587.0;6074.0;10247.0;1666.0;2554.0;-13.0;-56.0;-85.0;-211.0
2673.0;4383.0;7170.0;11483.0;1786.0;2636.0;2030.0;3559.0;6087.0;10270.0;1665.0;2554.0;-12.0;-56.0;-85.0;-213.0
2690.0;4430.0;7174.0;11493.0;1791.0;2639.0;2096.0;3653.0;6242.0;10443.0;1688.0;2597.0;-9.0;-58.0;-80.0;-220.0
2784.0;4588.0;7408.0;11812.0;1829.0;2672.0;2098.0;3650.0;6243.0;10467.0;1692.0;2605.0;-9.0;-58.0;-80.0;-236.0
2749.0;4527.0;7350.0;11713.0;1816.0;2661.0;2091.0;3637.0;6205.0;10409.0;1685.0;2595.0;-9.0;-58.0;-80.0;-236.0
2770.0;4550.0;7378.0;11790.0;1828.0;2684.0;2123.0;3699.0;6299.0;10561.0;1703.0;2624.0;-12.0;-56.0;-80.0;-220.0
2785.0;4609.0;7451.0;11910.0;1846.0;2700.0;2126.0;3701.0;6315.0;10597.0;1713.0;2633.0;-13.0;-56.0;-78.0;-220.0
2790.0;4610.0;7471.0;11920.0;1850.0;2706.0;2118.0;3701.0;6327.0;10606.0;1712.0;2623.0;-14.0;-55.0;-78.0;-220.0
2763.0;4568.0;7358.0;11773.0;1834.0;2683.0;2108.0;3692.0;6284.0;10547.0;1702.0;2608.0;-14.0;-56.0;-78.0;-220.0
2770.0;4571.0;7388.0;11790.0;1835.0;2699.0;2156.0;3737.0;6347.0;10629.0;1714.0;2628.0;-14.0;-55.0;-79.0;-232.0
2822.0;4650.0;7515.0;11974.0;1853.0;2736.0;2169.0;3779.0;6433.0;10759.0;1737.0;2664.0;-14.0;-59.0;-79.0;-232.0
2887.0;4742.0;7628.0;12138.0;1883.0;2733.0;2183.0;3793.0;6459.0;10804.0;1750.0;2664.0;-14.0;-55.0;-80.0;-232.0
2847.0;4687.0;7603.0;12135.0;1876.0;2744.0;2176.0;3768.0;6423.0;10755.0;1736.0;2663.0;-14.0;-55.0;-81.0;-216.0
2842.0;4668.0;7523.0;12023.0;1862.0;2734.0;2136.0;3719.0;6337.0;10642.0;1722.0;2634.0;-10.0;-55.0;-80.0;-216.0
2818.0;4625.0;7478.0;11925.0;1859.0;2719.0;2153.0;3731.0;6379.0;10664.0;1724.0;2644.0;-12.0;-56.0;-81.0;-215.0
2806.0;4617.0;7468.0;11883.0;1843.0;2703.0;2136.0;3705.0;6324.0;10583.0;1706.0;2624.0;-10.0;-55.0;-84.0;-215.0
2822.0;4630.0;7485.0;11908.0;1841.0;2693.0;2130.0;3703.0;6320.0;10598.0;1711.0;2613.0;-12.0;-54.0;-86.0;-216.0
2799.0;4608.0;7416.0;11865.0;1839.0;2708.0;2120.0;3698.0;6300.0;10563.0;1709.0;2617.0;-12.0;-56.0;-86.0;-219.0
2756.0;4534.0;7346.0;11770.0;1831.0;2690.0;2137.0;3715.0;6310.0;10589.0;1703.0;2594.0;-16.0;-56.0;-87.0;-217.0
2807.0;4618.0;7460.0;11880.0;1841.0;2698.0;2134.0;3714.0;6325.0;10625.0;1713.0;2641.0;-16.0;-54.0;-86.0;-217.0
2851.0;4686.0;7539.0;12027.0;1860.0;2706.0;2165.0;3763.0;6366.0;10690.0;1712.0;2632.0;-24.0;-55.0;-86.0;-219.0
2838.0;4658.0;7521.0;11951.0;1853.0;2719.0;2167.0;3765.0;6420.0;10706.0;1725.0;2638.0;-18.0;-56.0;-91.0;-223.0
2808.0;4634.0;7492.0;11985.0;1858.0;2739.0;2191.0;3823.0;6502.0;10865.0;1746.0;2671.0;-16.0;-56.0;-83.0;-223.0
2862.0;4724.0;7602.0;12110.0;1877.0;2754.0;2220.0;3843.0;6524.0;10858.0;1755.0;2693.0;-18.0;-55.0;-83.0;-223.0
2946.0;4821.0;7781.0;12337.0;1909.0;2793.0;2236.0;3881.0;6593.0;11027.0;1768.0;2714.0;-19.0;-56.0;-86.0;-223.0
2920.0;4785.0;7720.0;12288.0;1894.0;2774.0;2218.0;3851.0;6523.0;10903.0;1750.0;2666.0;-19.0;-56.0;-88.0;-209.0
2839.0;4679.0;7568.0;12096.0;1874.0;2734.0;2187.0;3771.0;6416.0;10766.0;1730.0;2667.0;-21.0;-56.0;-86.0;-209.0
2835.0;4653.0;7522.0;12000.0;1869.0;2734.0;2169.0;3780.0;6397.0;10760.0;1733.0;2654.0;-21.0;-53.0;-86.0;-207.0
2818.0;4640.0;7502.0;11969.0;1854.0;2721.0;2161.0;3748.0;6379.0;10725.0;1722.0;2639.0;-21.0;-56.0;-85.0;-209.0
2904.0;4768.0;7640.0;12187.0;1881.0;2754.0;2214.0;3838.0;6522.0;10856.0;1746.0;2675.0;-18.0;-55.0;-85.0;-207.0
2856.0;4711.0;7606.0;12123.0;1876.0;2746.0;2178.0;3784.0;6445.0;10748.0;1741.0;2658.0;-16.0;-55.0;-79.0;-212.0
2883.0;4729.0;7618.0;12163.0;1880.0;2755.0;2194.0;3804.0;6470.0;10844.0;1735.0;2672.0;-12.0;-55.0;-79.0;-211.0
2875.0;4718.0;7624.0;12119.0;1880.0;2751.0;2193.0;3797.0;6447.0;10818.0;1744.0;2675.0;-12.0;-55.0;-82.0;-212.0
2893.0;4746.0;7649.0;12192.0;1885.0;2757.0;2190.0;3801.0;6480.0;10842.0;1753.0;2685.0;-12.0;-55.0;-83.0;-212.0
2890.0;4731.0;7636.0;12184.0;1886.0;2761.0;2190.0;3794.0;6451.0;10827.0;1750.0;2668.0;-10.0;-55.0;-83.0;-212.0
2873.0;4719.0;7615.0;12189.0;1884.0;2760.0;2203.0;3838.0;6524.0;10920.0;1751.0;2686.0;-10.0;-55.0;-83.0;-212.0
2886.0;4747.0;7636.0;12172.0;1889.0;2771.0;2193.0;3805.0;6466.0;10829.0;1746.0;2682.0;-11.0;-55.0;-83.0;-214.0
2907.0;4779.0;7722.0;12224.0;1892.0;2764.0;2223.0;3851.0;6557.0;10959.0;1763.0;2696.0;-12.0;-59.0;-90.0;-215.0
2892.0;4750.0;7673.0;12288.0;1898.0;2784.0;2248.0;3895.0;6595.0;11007.0;1770.0;2712.0;-13.0;-55.0;-87.0;-215.0
2965.0;4858.0;7824.0;12468.0;1931.0;2808.0;2271.0;3930.0;6685.0;11151.0;1789.0;2746.0;-16.0;-54.0;-87.0;-222.0
2962.0;4871.0;7864.0;12519.0;1930.0;2817.0;2262.0;3930.0;6668.0;11174.0;1791.0;2738.0;-13.0;-60.0;-87.0;-223.0
2952.0;4832.0;7823.0;12442.0;1924.0;2818.0;2274.0;3943.0;6708.0;11154.0;1790.0;2731.0;-17.0;-58.0;-87.0;-227.0
2964.0;4862.0;7850.0;12484.0;1933.0;2833.0;2303.0;3979.0;6757.0;11237.0;1804.0;2762.0;-17.0;-54.0;-85.0;-223.0
3012.0;4945.0;7970.0;12643.0;1947.0;2845.0;2323.0;4013.0;6792.0;11309.0;1818.0;2775.0;-16.0;-56.0;-85.0;-227.0
3032.0;4976.0;8007.0;12771.0;1959.0;2848.0;2284.0;3969.0;6721.0;11245.0;1803.0;2759.0;-14.0;-56.0;-85.0;-241.0
2952.0;4846.0;7830.0;12444.0;1926.0;2821.0;2290.0;3908.0;6709.0;11143.0;1793.0;2741.0;-14.0;-56.0;-85.0;-235.0
3034.0;4958.0;7945.0;12659.0;1944.0;2852.0;2338.0;4030.0;6819.0;11354.0;1811.0;2782.0;-13.0;-56.0;-84.0;-235.0
3064.0;5030.0;8099.0;12839.0;1980.0;2881.0;2365.0;4074.0;6912.0;11505.0;1847.0;2821.0;-13.0;-59.0;-86.0;-235.0
3117.0;5104.0;8175.0;12953.0;1994.0;2891.0;2360.0;4071.0;6896.0;11489.0;1844.0;2811.0;-12.0;-59.0;-86.0;-227.0
3025.0;4984.0;8033.0;12765.0;1968.0;2866.0;2350.0;4056.0;6835.0;11415.0;1828.0;2803.0;-13.0;-60.0;-89.0;-227.0
3059.0;4989.0;8037.0;12751.0;1973.0;2871.0;2318.0;3979.0;6789.0;11374.0;1822.0;2781.0;-13.0;-59.0;-89.0;-222.0
3015.0;4960.0;7971.0;12674.0;1962.0;2868.0;2316.0;4000.0;6777.0;11361.0;1813.0;2770.0;-16.0;-57.0;-90.0;-222.0
3059.0;4984.0;8016.0;12684.0;1956.0;2850.0;2327.0;3992.0;6806.0;11358.0;1818.0;2772.0;-12.0;-56.0;-89.0;-222.0
3027.0;4963.0;7977.0;12687.0;1958.0;2868.0;2311.0;4003.0;6773.0;11320.0;1812.0;2777.0;-15.0;-57.0;-90.0;-226.0
3034.0;4973.0;7993.0;12695.0;1960.0;2870.0;2349.0;4049.0;6826.0;11376.0;1826.0;2787.0;-12.0;-56.0;-90.0;-222.0
3043.0;4985.0;8019.0;12730.0;1967.0;2861.0;2351.0;4050.0;6850.0;11426.0;1820.0;2789.0;-12.0;-56.0;-90.0;-226.0
3084.0;5033.0;8064.0;12799.0;1966.0;2875.0;2365.0;4067.0;6875.0;11408.0;1831.0;2798.0;-12.0;-57.0;-90.0;-226.0
3028.0;4970.0;7977.0;12685.0;1965.0;2856.0;2342.0;4039.0;6835.0;11435.0;1826.0;2789.0;-12.0;-57.0;-90.0;-229.0
3053.0;5010.0;8058.0;12824.0;1978.0;2869.0;2360.0;4045.0;6832.0;11351.0;1802.0;2796.0;-10.0;-57.0;-83.0;-229.0
3057.0;4987.0;8049.0;12757.0;1970.0;2874.0;2367.0;4039.0;6880.0;11437.0;1835.0;2787.0;-10.0;-57.0;-83.0;-229.0
3058.0;4989.0;8058.0;12791.0;1977.0;2873.0;2336.0;4032.0;6827.0;11391.0;1814.0;2782.0;-9.0;-57.0;-84.0;-229.0
3056.0;5016.0;8042.0;12805.0;1968.0;2884.0;2391.0;4119.0;6952.0;11575.0;1845.0;2827.0;-9.0;-58.0;-83.0;-229.0
3077.0;5043.0;8131.0;12880.0;1990.0;2899.0;2404.0;4129.0;6989.0;11615.0;1859.0;2833.0;-10.0;-61.0;-84.0;-245.0
3165.0;5161.0;8261.0;13119.0;2009.0;2903.0;2418.0;4174.0;7021.0;11658.0;1864.0;2847.0;-13.0;-58.0;-88.0;-246.0
3161.0;5169.0;8301.0;13172.0;2020.0;2957.0;2458.0;4227.0;7112.0;11893.0;1894.0;2878.0;-11.0;-65.0;-88.0;-246.0
3227.0;5248.0;8420.0;13364.0;2052.0;2975.0;2435.0;4217.0;7129.0;11889.0;1904.0;2893.0;-15.0;-63.0;-90.0;-254.0
3220.0;5255.0;8426.0;13347.0;2052.0;2977.0;2453.0;4238.0;7142.0;11836.0;1891.0;2879.0;-17.0;-63.0;-93.0;-257.0
3196.0;5221.0;8359.0;13273.0;2045.0;2965.0;2451.0;4233.0;7148.0;11861.0;1888.0;2885.0;-17.0;-63.0;-95.0;-254.0
3206.0;5239.0;8364.0;13294.0;2043.0;2975.0;2469.0;4228.0;7150.0;11805.0;1892.0;2883.0;-17.0;-63.0;-93.0;-250.0
3201.0;5231.0;8402.0;13361.0;2046.0;2970.0;2472.0;4249.0;7156.0;11934.0;1899.0;2895.0;-19.0;-63.0;-93.0;-254.0
3191.0;5202.0;8355.0;13269.0;2043.0;2979.0;2496.0;4292.0;7115.0;12010.0;1909.0;2923.0;-17.0;-63.0;-93.0;-250.0
3260.0;5319.0;8510.0;13426.0;2061.0;2991.0;2484.0;4261.0;7194.0;11924.0;1901.0;2906.0;-15.0;-63.0;-93.0;-241.0
3245.0;5304.0;8485.0;13394.0;2062.0;2980.0;2474.0;4259.0;7171.0;11917.0;1905.0;2901.0;-17.0;-63.0;-91.0;-245.0
3233.0;5274.0;8451.0;13366.0;2058.0;2994.0;2480.0;4275.0;7210.0;11962.0;1907.0;2918.0;-15.0;-62.0;-88.0;-241.0
3258.0;5293.0;8491.0;13491.0;2075.0;3012.0;2527.0;4339.0;7306.0;12079.0;1935.0;2936.0;-11.0;-62.0;-88.0;-241.0
3285.0;5368.0;8579.0;13543.0;2074.0;3020.0;2483.0;4270.0;7199.0;11952.0;1909.0;2923.0;-15.0;-62.0;-88.0;-241.0
3228.0;5265.0;8426.0;13351.0;2058.0;2988.0;2473.0;4263.0;7190.0;11953.0;1904.0;2904.0;-11.0;-62.0;-88.0;-245.0
3246.0;5275.0;8483.0;13411.0;2062.0;2980.0;2473.0;4253.0;7175.0;11857.0;1896.0;2892.0;-11.0;-62.0;-88.0;-251.0
3260.0;5291.0;8485.0;13422.0;2060.0;3003.0;2525.0;4338.0;7263.0;12056.0;1918.0;2908.0;-11.0;-62.0;-88.0;-251.0
3234.0;5300.0;8494.0;13443.0;2062.0;2997.0;2514.0;4316.0;7260.0;12038.0;1923.0;2920.0;-16.0;-62.0;-96.0;-251.0
3301.0;5403.0;8623.0;13587.0;2088.0;3033.0;2563.0;4387.0;7379.0;12214.0;1952.0;2960.0;-16.0;-63.0;-87.0;-245.0
3301.0;5350.0;8583.0;13601.0;2091.0;3032.0;2521.0;4340.0;7290.0;12098.0;1928.0;2927.0;-16.0;-63.0;-87.0;-245.0
3249.0;5289.0;8490.0;13509.0;2074.0;3005.0;2544.0;4342.0;7324.0;12133.0;1938.0;2917.0;-10.0;-65.0;-82.0;-245.0
3276.0;5342.0;8572.0;13616.0;2083.0;3028.0;2576.0;4415.0;7398.0;12227.0;1946.0;2957.0;-13.0;-65.0;-83.0;-245.0
3303.0;5385.0;8623.0;13661.0;2095.0;3030.0;2552.0;4373.0;7329.0;12164.0;1950.0;2957.0;-13.0;-67.0;-83.0;-245.0
3339.0;5421.0;8681.0;13737.0;2101.0;3051.0;2561.0;4394.0;7402.0;12257.0;1950.0;2969.0;-9.0;-67.0;-82.0;-250.0
3291.0;5342.0;8613.0;13583.0;2093.0;3016.0;2523.0;4318.0;7267.0;12043.0;1929.0;2922.0;-11.0;-66.0;-83.0;-240.0
3273.0;5330.0;8561.0;13513.0;2083.0;3021.0;2525.0;4345.0;7325.0;12168.0;1940.0;2953.0;-13.0;-62.0;-84.0;-240.0
3347.0;5437.0;8691.0;13677.0;2106.0;3061.0;2578.0;4416.0;7418.0;12251.0;1961.0;2980.0;-16.0;-62.0;-92.0;-240.0
3343.0;5453.0;8701.0;13736.0;2102.0;3063.0;2591.0;4431.0;7457.0;12341.0;1978.0;2985.0;-16.0;-62.0;-93.0;-239.0
3326.0;5426.0;8694.0;13759.0;2110.0;3057.0;2556.0;4380.0;7368.0;12096.0;1944.0;2958.0;-18.0;-62.0;-95.0;-239.0
3316.0;5400.0;8630.0;13627.0;2099.0;3041.0;2523.0;4333.0;7328.0;12160.0;1944.0;2956.0;-18.0;-62.0;-95.0;-239.0
3317.0;5407.0;8632.0;13657.0;2094.0;3035.0;2546.0;4375.0;7378.0;12232.0;1951.0;2975.0;-16.0;-65.0;-93.0;-258.0
3383.0;5488.0;8771.0;13807.0;2119.0;3079.0;2603.0;4478.0;7535.0;12426.0;1980.0;3000.0;-15.0;-67.0;-93.0;-260.0
3397.0;5529.0;8841.0;13943.0;2130.0;3076.0;2603.0;4453.0;7476.0;12390.0;1972.0;2998.0;-15.0;-67.0;-93.0;-264.0
3398.0;5515.0;8827.0;13911.0;2139.0;3081.0;2634.0;4488.0;7520.0;12434.0;1980.0;3004.0;-9.0;-67.0;-91.0;-264.0
3410.0;5545.0;8856.0;13922.0;2137.0;3108.0;2666.0;4554.0;7629.0;12622.0;2002.0;3031.0;-9.0;-67.0;-90.0;-264.0
3457.0;5601.0;8944.0;14074.0;2160.0;3127.0;2674.0;4567.0;7673.0;12650.0;2008.0;3038.0;-7.0;-67.0;-89.0;-264.0
3438.0;5568.0;8896.0;14098.0;2165.0;3128.0;2674.0;4582.0;7680.0;12689.0;2007.0;3044.0;-13.0;-67.0;-88.0;-264.0
3481.0;5633.0;8995.0;14191.0;2169.0;3121.0;2658.0;4518.0;7583.0;12566.0;2000.0;3022.0;-10.0;-63.0;-85.0;-235.0
3409.0;5532.0;8839.0;13959.0;2134.0;3091.0;2607.0;4461.0;7544.0;12469.0;1987.0;3006.0;-13.0;-63.0;-85.0;-235.0
3359.0;5455.0;8761.0;13773.0;2131.0;3083.0;2597.0;4480.0;7518.0;12447.0;1972.0;2999.0;-10.0;-60.0;-88.0;-235.0
3390.0;5502.0;8797.0;13881.0;2135.0;3078.0;2610.0;4469.0;7525.0;12426.0;1979.0;3006.0;-13.0;-63.0;-91.0;-238.0
3423.0;5550.0;8880.0;14046.0;2148.0;3113.0;2648.0;4529.0;7564.0;12596.0;1997.0;3021.0;-10.0;-63.0;-91.0;-242.0
3409.0;5525.0;8878.0;14013.0;2155.0;3114.0;2632.0;4503.0;7561.0;12547.0;1994.0;3029.0;-16.0;-63.0;-91.0;-246.0
3410.0;5537.0;8876.0;14032.0;2143.0;3097.0;2610.0;4456.0;7494.0;12428.0;1975.0;3005.0;-9.0;-60.0;-91.0;-242.0
3407.0;5534.0;8837.0;13983.0;2141.0;3097.0;2637.0;4519.0;7567.0;12400.0;1989.0;3021.0;-12.0;-59.0;-90.0;-242.0
3396.0;5527.0;8821.0;13959.0;2134.0;3097.0;2608.0;4464.0;7534.0;12457.0;1975.0;3012.0;-12.0;-59.0;-90.0;-246.0
3406.0;5525.0;8855.0;13965.0;2134.0;3093.0;2643.0;4515.0;7574.0;12458.0;1985.0;3014.0;-16.0;-59.0;-89.0;-257.0
3425.0;5583.0;8914.0;14049.0;2155.0;3124.0;2661.0;4567.0;7693.0;12637.0;2009.0;3048.0;-16.0;-68.0;-89.0;-259.0
3522.0;5694.0;9119.0;14279.0;2182.0;3140.0;2675.0;4560.0;7623.0;12713.0;2018.0;3050.0;-16.0;-68.0;-87.0;-266.0
3461.0;5601.0;8959.0;14143.0;2163.0;3115.0;2740.0;4677.0;7802.0;12826.0;2046.0;3097.0;-16.0;-74.0;-87.0;-276.0
3627.0;5851.0;9300.0;14624.0;2237.0;3208.0;2748.0;4692.0;7884.0;13027.0;2062.0;3109.0;-16.0;-74.0;-87.0;-276.0
3570.0;5785.0;9195.0;14517.0;2215.0;3189.0;2748.0;4698.0;7860.0;12956.0;2049.0;3100.0;-13.0;-74.0;-87.0;-276.0
3606.0;5827.0;9287.0;14545.0;2223.0;3199.0;2745.0;4712.0;7872.0;12979.0;2060.0;3117.0;-13.0;-73.0;-88.0;-272.0
3553.0;5787.0;9211.0;14509.0;2221.0;3200.0;2732.0;4667.0;7828.0;12889.0;2048.0;3103.0;-13.0;-71.0;-89.0;-272.0
3537.0;5738.0;9149.0;14339.0;2204.0;3185.0;2738.0;4672.0;7827.0;12912.0;2051.0;3084.0;-13.0;-71.0;-89.0;-272.0
3556.0;5761.0;9184.0;14407.0;2202.0;3195.0;2735.0;4675.0;7839.0;12932.0;2059.0;3110.0;-12.0;-71.0;-88.0;-271.0
3592.0;5837.0;9311.0;14594.0;2235.0;3222.0;2791.0;4765.0;7974.0;13073.0;2079.0;3146.0;-12.0;-71.0;-89.0;-271.0
3638.0;5893.0;9377.0;14766.0;2248.0;3237.0;2786.0;4741.0;7937.0;13063.0;2077.0;3136.0;-9.0;-71.0;-87.0;-269.0
3574.0;5811.0;9251.0;14614.0;2231.0;3209.0;2748.0;4715.0;7908.0;13028.0;2057.0;3114.0;-8.0;-71.0;-87.0;-260.0
3595.0;5824.0;9279.0;14582.0;2224.0;3202.0;2723.0;4650.0;7786.0;12788.0;2039.0;3097.0;-11.0;-68.0;-87.0;-251.0
3532.0;5744.0;9167.0;14429.0;2191.0;3176.0;2745.0;4694.0;7818.0;12848.0;2042.0;3090.0;-11.0;-62.0;-87.0;-251.0
3539.0;5727.0;9170.0;14427.0;2202.0;3182.0;2747.0;4675.0;7841.0;12859.0;2038.0;3082.0;-8.0;-62.0;-87.0;-251.0
3523.0;5717.0;9099.0;14370.0;2195.0;3170.0;2713.0;4632.0;7776.0;12817.0;2029.0;3081.0;-8.0;-62.0;-87.0;-264.0
3535.0;5720.0;9134.0;14353.0;2196.0;3177.0;2747.0;4678.0;7788.0;12882.0;2046.0;3095.0;-11.0;-67.0;-86.0;-266.0
3555.0;5772.0;9201.0;14461.0;2204.0;3184.0;2772.0;4732.0;7909.0;13051.0;2067.0;3127.0;-12.0;-67.0;-87.0;-268.0
3657.0;5884.0;9351.0;14683.0;2231.0;3220.0;2788.0;4747.0;7952.0;13074.0;2065.0;3127.0;-11.0;-72.0;-86.0;-271.0
3610.0;5852.0;9334.0;14631.0;2228.0;3211.0;2774.0;4748.0;7958.0;13088.0;2078.0;3113.0;-15.0;-72.0;-85.0;-271.0
3589.0;5814.0;9258.0;14567.0;2226.0;3217.0;2792.0;4755.0;7986.0;13128.0;2075.0;3133.0;-15.0;-71.0;-85.0;-270.0
3619.0;5858.0;9323.0;14643.0;2234.0;3225.0;2780.0;4724.0;7920.0;13070.0;2073.0;3142.0;-13.0;-67.0;-85.0;-270.0
3633.0;5854.0;9308.0;14586.0;2232.0;3213.0;2781.0;4730.0;7939.0;13028.0;2072.0;3127.0;-11.0;-70.0;-85.0;-270.0
3594.0;5815.0;9262.0;14590.0;2223.0;3211.0;2794.0;4746.0;7912.0;13041.0;2073.0;3114.0;-11.0;-67.0;-89.0;-264.0
3599.0;5822.0;9273.0;14577.0;2221.0;3185.0;2761.0;4700.0;7864.0;12961.0;2062.0;3132.0;-10.0;-66.0;-89.0;-261.0
3629.0;5860.0;9344.0;14683.0;2234.0;3211.0;2753.0;4703.0;7898.0;13011.0;2063.0;3114.0;-9.0;-66.0;-90.0;-261.0
3557.0;5784.0;9221.0;14513.0;2224.0;3211.0;2744.0;4690.0;7868.0;12931.0;2052.0;3116.0;-10.0;-66.0;-90.0;-277.0
3580.0;5784.0;9215.0;14531.0;2222.0;3208.0;2762.0;4694.0;7850.0;12920.0;2048.0;3116.0;-11.0;-65.0;-90.0;-276.0
3600.0;5822.0;9287.0;14616.0;2230.0;3224.0;2786.0;4773.0;7970.0;13174.0;2086.0;3158.0;-10.0;-66.0;-90.0;-277.0
3660.0;5929.0;9449.0;14785.0;2263.0;3265.0;2830.0;4780.0;8021.0;13181.0;2098.0;3168.0;-13.0;-69.0;-90.0;-277.0
3669.0;5937.0;9487.0;14817.0;2259.0;3258.0;2877.0;4871.0;8131.0;13332.0;2107.0;3185.0;-13.0;-69.0;-93.0;-276.0
3707.0;6007.0;9550.0;15029.0;2281.0;3271.0;2865.0;4860.0;8143.0;13369.0;2109.0;3172.0;-17.0;-72.0;-93.0;-276.0
3685.0;5959.0;9459.0;14833.0;2260.0;3250.0;2834.0;4824.0;8046.0;13205.0;2101.0;3159.0;-11.0;-75.0;-86.0;-279.0
3647.0;5918.0;9437.0;14844.0;2266.0;3271.0;2885.0;4888.0;8149.0;13364.0;2118.0;3207.0;-11.0;-72.0;-88.0;-279.0
3740.0;6030.0;9611.0;15070.0;2295.0;3288.0;2881.0;4900.0;8148.0;13401.0;2128.0;3214.0;-11.0;-72.0;-90.0;-288.0
3715.0;6010.0;9563.0;15054.0;2293.0;3294.0;2862.0;4876.0;8171.0;13423.0;2127.0;3202.0;-8.0;-72.0;-88.0;-288.0
3719.0;6028.0;9597.0;15038.0;2287.0;3308.0;2913.0;4939.0;8255.0;13528.0;2140.0;3220.0;-7.0;-72.0;-87.0;-281.0
3748.0;6047.0;9608.0;15127.0;2299.0;3296.0;2863.0;4878.0;8176.0;13387.0;2117.0;3193.0;-8.0;-66.0;-87.0;-288.0
3722.0;6010.0;9552.0;14991.0;2280.0;3278.0;2855.0;4847.0;8068.0;13314.0;2109.0;3182.0;-7.0;-66.0;-86.0;-281.0
3668.0;5926.0;9448.0;14873.0;2265.0;3257.0;2836.0;4834.0;8104.0;13276.0;2107.0;3173.0;-7.0;-66.0;-86.0;-276.0
3690.0;5983.0;9548.0;14921.0;2279.0;3275.0;2857.0;4864.0;8121.0;13317.0;2113.0;3187.0;-7.0;-71.0;-86.0;-273.0
3702.0;5989.0;9511.0;14959.0;2278.0;3272.0;2868.0;4895.0;8158.0;13437.0;2118.0;3190.0;-9.0;-71.0;-86.0;-273.0
3735.0;6013.0;9557.0;15066.0;2283.0;3284.0;2896.0;4909.0;8188.0;13459.0;2128.0;3210.0;-10.0;-71.0;-85.0;-269.0
3734.0;6037.0;9607.0;15056.0;2295.0;3292.0;2842.0;4866.0;8120.0;13314.0;2108.0;3196.0;-10.0;-70.0;-86.0;-269.0
3728.0;6030.0;9606.0;15046.0;2291.0;3285.0;2882.0;4902.0;8168.0;13456.0;2121.0;3197.0;-13.0;-68.0;-86.0;-266.0
3728.0;6021.0;9560.0;15001.0;2287.0;3274.0;2866.0;4873.0;8140.0;13305.0;2105.0;3184.0;-13.0;-68.0;-85.0;-269.0
3703.0;5995.0;9565.0;14987.0;2282.0;3279.0;2873.0;4894.0;8164.0;13419.0;2126.0;3200.0;-9.0;-70.0;-85.0;-271.0
3742.0;6051.0;9599.0;15067.0;2298.0;3297.0;2901.0;4930.0;8220.0;13231.0;2137.0;3214.0;-9.0;-70.0;-86.0;-272.0
3745.0;6053.0;9640.0;15131.0;2301.0;3307.0;2889.0;4923.0;8215.0;13555.0;2133.0;3200.0;-18.0;-72.0;-90.0;-272.0
3762.0;6076.0;9667.0;15127.0;2297.0;3314.0;2880.0;4916.0;8207.0;13456.0;2131.0;3213.0;-15.0;-72.0;-90.0;-274.0
3704.0;5997.0;9557.0;15047.0;2300.0;3298.0;2884.0;4948.0;8256.0;13562.0;2138.0;3214.0;-18.0;-72.0;-90.0;-274.0
3750.0;6055.0;9657.0;15086.0;2306.0;3310.0;2867.0;4906.0;8183.0;13448.0;2131.0;3222.0;-18.0;-75.0;-90.0;-277.0
3762.0;6059.0;9643.0;15145.0;2303.0;3313.0;2890.0;4922.0;8171.0;13474.0;2136.0;3200.0;-15.0;-76.0;-90.0;-297.0
3720.0;6016.0;9587.0;15047.0;2301.0;3293.0;2890.0;4890.0;8164.0;13409.0;2127.0;3199.0;-14.0;-76.0;-91.0;-297.0
3791.0;6110.0;9720.0;15220.0;2306.0;3327.0;2941.0;4998.0;8333.0;13697.0;2155.0;3252.0;-13.0;-77.0;-89.0;-297.0
3815.0;6175.0;9792.0;15295.0;2328.0;3347.0;2942.0;5012.0;8326.0;13693.0;2160.0;3255.0;-13.0;-76.0;-89.0;-297.0
3844.0;6208.0;9850.0;15452.0;2341.0;3353.0;2952.0;5020.0;8344.0;13694.0;2164.0;3251.0;-14.0;-79.0;-89.0;-291.0
3808.0;6169.0;9806.0;15326.0;2333.0;3346.0;2942.0;4998.0;8325.0;13659.0;2157.0;3241.0;-14.0;-79.0;-89.0;-291.0
3813.0;6157.0;9808.0;15279.0;2334.0;3350.0;2949.0;5015.0;8373.0;13643.0;2169.0;3245.0;-13.0;-77.0;-87.0;-289.0
3804.0;6144.0;9778.0;15321.0;2334.0;3351.0;2933.0;5000.0;8352.0;13712.0;2158.0;3265.0;-13.0;-73.0;-84.0;-288.0
3851.0;6222.0;9861.0;15406.0;2350.0;3375.0;2990.0;5070.0;8425.0;13766.0;2176.0;3276.0;-13.0;-73.0;-81.0;-284.0
3843.0;6201.0;9867.0;15412.0;2350.0;3354.0;2940.0;5007.0;8320.0;13599.0;2154.0;3242.0;-13.0;-69.0;-81.0;-281.0
3740.0;6032.0;9591.0;15066.0;2296.0;3292.0;2874.0;4890.0;8185.0;13423.0;2131.0;3199.0;-6.0;-64.0;-80.0;-271.0
3747.0;6047.0;9591.0;15034.0;2293.0;3297.0;2884.0;4888.0;8217.0;13477.0;2126.0;3210.0;-15.0;-64.0;-81.0;-271.0
3759.0;6083.0;9683.0;15174.0;2310.0;3325.0;2901.0;4929.0;8230.0;13495.0;2144.0;3231.0;-15.0;-69.0;-92.0;-281.0
3793.0;6146.0;9766.0;15235.0;2317.0;3337.0;2946.0;5005.0;8390.0;13698.0;2160.0;3251.0;-14.0;-69.0;-92.0;-281.0
3856.0;6198.0;9847.0;15411.0;2335.0;3341.0;2928.0;4967.0;8326.0;13662.0;2160.0;3255.0;-14.0;-70.0;-84.0;-286.0
3800.0;6146.0;9768.0;15236.0;2325.0;3328.0;2947.0;5001.0;8340.0;13659.0;2157.0;3254.0;-14.0;-73.0;-88.0;-294.0
3832.0;6197.0;9836.0;15360.0;2335.0;3348.0;2945.0;5003.0;8375.0;13713.0;2167.0;3260.0;-11.0;-73.0;-88.0;-294.0
3829.0;6185.0;9858.0;15421.0;2348.0;3383.0;3003.0;5103.0;8452.0;13867.0;2193.0;3287.0;-11.0;-73.0;-88.0;-294.0
3863.0;6246.0;9904.0;15469.0;2353.0;3366.0;2966.0;5027.0;8391.0;13648.0;2172.0;3271.0;-9.0;-73.0;-88.0;-294.0
3843.0;6192.0;9849.0;15460.0;2348.0;3381.0;3018.0;5107.0;8493.0;13923.0;2194.0;3304.0;-11.0;-74.0;-88.0;-293.0
3903.0;6299.0;9995.0;15619.0;2366.0;3389.0;2992.0;5100.0;8524.0;13985.0;2204.0;3309.0;-11.0;-73.0;-87.0;-288.0
3917.0;6322.0;10035.0;15654.0;2379.0;3410.0;3024.0;5128.0;8517.0;13951.0;2190.0;3272.0;-13.0;-73.0;-86.0;-288.0
3878.0;6266.0;9960.0;15592.0;2363.0;3381.0;2969.0;5055.0;8401.0;13799.0;2189.0;3280.0;-11.0;-71.0;-86.0;-288.0
3874.0;6257.0;9908.0;15518.0;2358.0;3376.0;3002.0;5079.0;8440.0;13831.0;2188.0;3292.0;-11.0;-75.0;-86.0;-293.0
3921.0;6320.0;10040.0;15726.0;2378.0;3417.0;3034.0;5149.0;8552.0;13999.0;2204.0;3318.0;-9.0;-76.0;-86.0;-288.0
3871.0;6257.0;9940.0;15572.0;2383.0;3427.0;3073.0;5219.0;8641.0;14096.0;2215.0;3330.0;-9.0;-76.0;-86.0;-299.0
3929.0;6324.0;10074.0;15803.0;2387.0;3422.0;3038.0;5144.0;8581.0;14028.0;2210.0;3317.0;-8.0;-77.0;-83.0;-293.0
3875.0;6263.0;9944.0;15578.0;2373.0;3414.0;3023.0;5128.0;8514.0;13983.0;2209.0;3312.0;-8.0;-77.0;-83.0;-293.0
3935.0;6343.0;10051.0;15726.0;2392.0;3439.0;3070.0;5199.0;8654.0;14149.0;2231.0;3355.0;-8.0;-77.0;-83.0;-289.0
3967.0;6396.0;10149.0;15838.0;2410.0;3443.0;3077.0;5179.0;8659.0;14147.0;2215.0;3341.0;-8.0;-72.0;-83.0;-293.0
3948.0;6380.0;10113.0;15828.0;2401.0;3432.0;3045.0;5162.0;8572.0;14023.0;2215.0;3331.0;-7.0;-73.0;-87.0;-290.0
3915.0;6334.0;10033.0;15685.0;2396.0;3427.0;3064.0;5205.0;8662.0;14161.0;2231.0;3346.0;-8.0;-73.0;-87.0;-289.0
3958.0;6383.0;10118.0;15835.0;2407.0;3442.0;3057.0;5187.0;8631.0;14141.0;2229.0;3356.0;-12.0;-73.0;-87.0;-290.0
3977.0;6408.0;10154.0;15801.0;2404.0;3432.0;3047.0;5148.0;8539.0;14020.0;2207.0;3325.0;-12.0;-73.0;-87.0;-291.0
3914.0;6312.0;10045.0;15671.0;2388.0;3405.0;3050.0;5129.0;8520.0;13965.0;2203.0;3319.0;-12.0;-77.0;-87.0;-291.0
3947.0;6373.0;10034.0;15653.0;2371.0;3392.0;3058.0;5152.0;8613.0;14013.0;2210.0;3311.0;-12.0;-77.0;-87.0;-291.0
3936.0;6338.0;10076.0;15732.0;2386.0;3417.0;3031.0;5138.0;8533.0;14008.0;2204.0;3321.0;-18.0;-77.0;-87.0;-292.0
3921.0;6321.0;10039.0;15670.0;2376.0;3429.0;3087.0;5216.0;8668.0;14168.0;2239.0;3353.0;-10.0;-79.0;-88.0;-325.0
4011.0;6445.0;10196.0;15974.0;2415.0;3462.0;3083.0;5227.0;8692.0;14215.0;2244.0;3376.0;-10.0;-79.0;-88.0;-325.0
4052.0;6533.0;10324.0;16086.0;2440.0;3489.0;3143.0;5320.0;8846.0;14465.0;2269.0;3394.0;-10.0;-83.0;-85.0;-325.0
4063.0;6507.0;10317.0;16104.0;2437.0;3489.0;3133.0;5291.0;8812.0;14382.0;2263.0;3400.0;-10.0;-83.0;-85.0;-317.0
4048.0;6532.0;10335.0;16183.0;2446.0;3477.0;3119.0;5267.0;8743.0;14265.0;2252.0;3386.0;-9.0;-80.0;-81.0;-317.0
4010.0;6465.0;10277.0;16017.0;2433.0;3470.0;3092.0;5247.0;8733.0;14258.0;2255.0;3373.0;-9.0;-80.0;-81.0;-315.0
4023.0;6480.0;10298.0;16014.0;2435.0;3477.0;3094.0;5225.0;8716.0;14244.0;2241.0;3366.0;-12.0;-79.0;-87.0;-312.0
4024.0;6480.0;10244.0;16023.0;2431.0;3475.0;3126.0;5292.0;8773.0;14337.0;2262.0;3383.0;-12.0;-79.0;-87.0;-308.0
4014.0;6488.0;10288.0;16066.0;2434.0;3476.0;3114.0;5282.0;8778.0;14284.0;2260.0;3381.0;-10.0;-79.0;-87.0;-300.0
4040.0;6501.0;10316.0;16079.0;2434.0;3491.0;3100.0;5251.0;8801.0;14365.0;2272.0;3393.0;-10.0;-74.0;-87.0;-299.0
4001.0;6448.0;10218.0;16074.0;2438.0;3471.0;3128.0;5293.0;8766.0;14316.0;2248.0;3392.0;-10.0;-71.0;-87.0;-287.0
4027.0;6495.0;10270.0;16081.0;2432.0;3488.0;3127.0;5302.0;8818.0;14315.0;2266.0;3395.0;-8.0;-71.0;-86.0;-287.0
4003.0;6434.0;10230.0;16045.0;2426.0;3466.0;3086.0;5226.0;8708.0;14255.0;2243.0;3368.0;-10.0;-71.0;-86.0;-286.0
3956.0;6387.0;10180.0;15913.0;2416.0;3459.0;3102.0;5243.0;8718.0;14249.0;2250.0;3364.0;-10.0;-71.0;-84.0;-286.0
4035.0;6499.0;10239.0;15941.0;2429.0;3478.0;3121.0;5270.0;8767.0;14346.0;2256.0;3367.0;-10.0;-72.0;-86.0;-290.0
4009.0;6453.0;10248.0;16017.0;2421.0;3458.0;3106.0;5246.0;8713.0;14299.0;2245.0;3372.0;-10.0;-78.0;-86.0;-298.0
4028.0;6479.0;10241.0;16016.0;2416.0;3470.0;3140.0;5294.0;8759.0;14334.0;2261.0;3384.0;-10.0;-78.0;-91.0;-300.0
4052.0;6515.0;10262.0;16076.0;2441.0;3480.0;3133.0;5314.0;8804.0;14340.0;2260.0;3407.0;-10.0;-78.0;-86.0;-300.0
4061.0;6541.0;10357.0;16141.0;2449.0;3487.0;3117.0;5286.0;8766.0;14326.0;2259.0;3399.0;-9.0;-78.0;-86.0;-303.0
4059.0;6527.0;10328.0;16118.0;2448.0;3477.0;3151.0;5315.0;8806.0;14351.0;2267.0;3391.0;-9.0;-75.0;-86.0;-303.0
4058.0;6531.0;10384.0;16141.0;2452.0;3519.0;3178.0;5378.0;8891.0;14505.0;2281.0;3430.0;-8.0;-75.0;-86.0;-312.0
4150.0;6668.0;10540.0;16356.0;2484.0;3521.0;3200.0;5393.0;8933.0;14592.0;2298.0;3437.0;-8.0;-79.0;-85.0;-321.0
4124.0;6624.0;10500.0;16415.0;2482.0;3553.0;3221.0;5456.0;9024.0;14685.0;2300.0;3445.0;-8.0;-82.0;-83.0;-321.0
4121.0;6607.0;10471.0;16380.0;2483.0;3536.0;3186.0;5382.0;8938.0;14632.0;2290.0;3438.0;-8.0;-82.0;-80.0;-321.0
4159.0;6694.0;10559.0;16480.0;2484.0;3561.0;3198.0;5404.0;8956.0;14624.0;2299.0;3447.0;-6.0;-85.0;-80.0;-326.0
4150.0;6661.0;10544.0;16438.0;2493.0;3543.0;3211.0;5414.0;8974.0;14583.0;2296.0;3448.0;-6.0;-85.0;-80.0;-347.0
4208.0;6755.0;10640.0;16605.0;2509.0;3586.0;3231.0;5514.0;9120.0;14828.0;2338.0;3500.0;-6.0;-84.0;-81.0;-347.0
4243.0;6821.0;10772.0;16717.0;2527.0;3592.0;3231.0;5424.0;9059.0;14762.0;2326.0;3479.0;-11.0;-88.0;-86.0;-347.0
4234.0;6808.0;10772.0;16735.0;2529.0;3594.0;3269.0;5520.0;9135.0;14856.0;2335.0;3497.0;-12.0;-84.0;-86.0;-325.0
4217.0;6763.0;10727.0;16671.0;2516.0;3578.0;3216.0;5436.0;8999.0;14704.0;2313.0;3468.0;-12.0;-84.0;-86.0;-325.0
4192.0;6737.0;10655.0;16549.0;2513.0;3580.0;3231.0;5456.0;9067.0;14794.0;2320.0;3466.0;-12.0;-84.0;-85.0;-323.0
4166.0;6717.0;10652.0;16554.0;2506.0;3579.0;3267.0;5526.0;9130.0;14931.0;2336.0;3488.0;-12.0;-82.0;-85.0;-320.0
4201.0;6751.0;10657.0;16621.0;2521.0;3601.0;3283.0;5529.0;9136.0;14890.0;2341.0;3498.0;-12.0;-81.0;-85.0;-323.0
4169.0;6717.0;10654.0;16649.0;2518.0;3580.0;3251.0;5482.0;9114.0;14829.0;2327.0;3473.0;-12.0;-82.0;-81.0;-327.0
4205.0;6749.0;10675.0;16612.0;2509.0;3579.0;3274.0;5504.0;9087.0;14775.0;2323.0;3486.0;-14.0;-82.0;-85.0;-327.0
4249.0;6807.0;10750.0;16709.0;2530.0;3603.0;3308.0;5575.0;9197.0;15002.0;2350.0;3517.0;-12.0;-82.0;-85.0;-340.0
4290.0;6890.0;10839.0;16848.0;2548.0;3606.0;3284.0;5529.0;9168.0;14988.0;2344.0;3494.0;-10.0;-90.0;-77.0;-361.0
4264.0;6860.0;10813.0;16850.0;2542.0;3618.0;3289.0;5539.0;9185.0;15006.0;2346.0;3499.0;-10.0;-90.0;-77.0;-361.0
4270.0;6823.0;10822.0;16814.0;2550.0;3641.0;3376.0;5676.0;9294.0;15278.0;2374.0;3573.0;-10.0;-85.0;-77.0;-343.0
4396.0;7029.0;11130.0;17286.0;2600.0;3684.0;3373.0;5690.0;9398.0;15242.0;2399.0;3576.0;-10.0;-83.0;-77.0;-343.0
4310.0;6923.0;10946.0;17088.0;2582.0;3661.0;3323.0;5606.0;9278.0;15107.0;2377.0;3560.0;-10.0;-85.0;-77.0;-328.0
4248.0;6860.0;10829.0;16861.0;2551.0;3631.0;3327.0;5612.0;9259.0;15113.0;2365.0;3529.0;-7.0;-85.0;-79.0;-328.0
4270.0;6834.0;10819.0;16840.0;2545.0;3632.0;3333.0;5623.0;9268.0;15076.0;2365.0;3540.0;-7.0;-85.0;-79.0;-328.0
4286.0;6883.0;10880.0;16979.0;2560.0;3666.0;3373.0;5692.0;9391.0;15290.0;2404.0;3579.0;-7.0;-86.0;-81.0;-343.0
4364.0;6989.0;11070.0;17178.0;2588.0;3689.0;3390.0;5716.0;9412.0;15343.0;2408.0;3602.0;-7.0;-91.0;-81.0;-343.0
4367.0;7027.0;11043.0;17222.0;2614.0;3720.0;3386.0;5713.0;9428.0;15425.0;2419.0;3608.0;-7.0;-86.0;-81.0;-343.0
4349.0;6992.0;11051.0;17219.0;2593.0;3688.0;3356.0;5659.0;9335.0;15209.0;2395.0;3574.0;-8.0;-85.0;-85.0;-342.0
4321.0;6923.0;10941.0;17067.0;2582.0;3667.0;3355.0;5640.0;9323.0;15166.0;2379.0;3554.0;-17.0;-82.0;-86.0;-329.0
4284.0;6882.0;10876.0;16926.0;2556.0;3646.0;3321.0;5624.0;9298.0;14908.0;2371.0;3535.0;-8.0;-82.0;-85.0;-329.0
4278.0;6867.0;10827.0;16872.0;2553.0;3633.0;3285.0;5562.0;9187.0;15062.0;2355.0;3527.0;-8.0;-82.0;-85.0;-329.0
4288.0;6880.0;10877.0;16918.0;2559.0;3642.0;3332.0;5602.0;9264.0;15100.0;2374.0;3539.0;-11.0;-82.0;-86.0;-329.0
4334.0;6940.0;10958.0;17018.0;2561.0;3640.0;3332.0;5609.0;9275.0;15050.0;2368.0;3544.0;-14.0;-88.0;-86.0;-333.0
4271.0;6858.0;10860.0;16888.0;2557.0;3625.0;3309.0;5604.0;9271.0;15089.0;2363.0;3530.0;-11.0;-91.0;-86.0;-360.0
4304.0;6886.0;10892.0;16942.0;2566.0;3658.0;3366.0;5676.0;9365.0;15225.0;2385.0;3577.0;-14.0;-91.0;-86.0;-348.0
4371.0;7026.0;11070.0;17189.0;2602.0;3701.0;3431.0;5766.0;9522.0;15448.0;2416.0;3614.0;-16.0;-87.0;-82.0;-348.0
4386.0;7108.0;11208.0;17410.0;2623.0;3719.0;3418.0;5751.0;9503.0;15517.0;2422.0;3600.0;-16.0;-87.0;-80.0;-348.0
4416.0;7066.0;11147.0;17381.0;2609.0;3684.0;3393.0;5712.0;9439.0;15373.0;2396.0;3576.0;-9.0;-84.0;-80.0;-344.0
4325.0;6958.0;10989.0;17068.0;2580.0;3662.0;3399.0;5719.0;9423.0;15322.0;2397.0;3582.0;-12.0;-84.0;-80.0;-333.0
4326.0;6944.0;10971.0;17087.0;2571.0;3675.0;3369.0;5667.0;9350.0;15226.0;2395.0;3550.0;-12.0;-82.0;-80.0;-325.0
4332.0;6942.0;10975.0;17052.0;2574.0;3669.0;3366.0;5681.0;9379.0;15227.0;2387.0;3567.0;-12.0;-84.0;-80.0;-323.0
4312.0;6925.0;10932.0;17020.0;2575.0;3668.0;3356.0;5687.0;9385.0;15196.0;2388.0;3568.0;-12.0;-84.0;-80.0;-323.0
4323.0;6952.0;10943.0;17025.0;2575.0;3657.0;3355.0;5636.0;9320.0;15204.0;2374.0;3560.0;-12.0;-80.0;-83.0;-323.0
4324.0;6928.0;10941.0;17037.0;2577.0;3659.0;3362.0;5650.0;9334.0;15198.0;2377.0;3547.0;-8.0;-80.0;-84.0;-325.0
4281.0;6886.0;10913.0;17011.0;2564.0;3653.0;3331.0;5625.0;9286.0;15111.0;2382.0;3546.0;-8.0;-85.0;-84.0;-328.0
4342.0;6950.0;10952.0;17053.0;2575.0;3649.0;3364.0;5654.0;9318.0;15155.0;2379.0;3553.0;-8.0;-85.0;-80.0;-333.0
4347.0;6960.0;10918.0;16987.0;2569.0;3648.0;3346.0;5644.0;9293.0;15144.0;2379.0;3552.0;-11.0;-88.0;-84.0;-333.0
4351.0;6956.0;10951.0;17040.0;2577.0;3646.0;3388.0;5692.0;9377.0;15277.0;2392.0;3587.0;-11.0;-88.0;-81.0;-329.0
4392.0;7019.0;11071.0;17169.0;2580.0;3664.0;3387.0;5673.0;9403.0;15327.0;2386.0;3578.0;-12.0;-86.0;-80.0;-333.0
4363.0;7002.0;11051.0;17184.0;2591.0;3677.0;3367.0;5688.0;9416.0;15317.0;2395.0;3585.0;-12.0;-86.0;-81.0;-329.0
4358.0;6989.0;11027.0;17148.0;2591.0;3699.0;3395.0;5727.0;9461.0;15391.0;2417.0;3610.0;-12.0;-82.0;-81.0;-325.0
4407.0;7065.0;11118.0;17250.0;2616.0;3704.0;3380.0;5706.0;9450.0;15397.0;2410.0;3591.0;-12.0;-82.0;-81.0;-325.0
4390.0;7024.0;11064.0;17176.0;2602.0;3678.0;3378.0;5683.0;9400.0;15274.0;2389.0;3569.0;-8.0;-84.0;-81.0;-328.0
4317.0;6930.0;10949.0;17084.0;2576.0;3648.0;3330.0;5557.0;9292.0;15171.0;2377.0;3553.0;-8.0;-84.0;-81.0;-325.0
4325.0;6948.0;10975.0;17069.0;2572.0;3657.0;3349.0;5648.0;9335.0;15158.0;2390.0;3550.0;-7.0;-84.0;-86.0;-328.0
4315.0;6909.0;10938.0;17011.0;2578.0;3651.0;3369.0;5669.0;9338.0;15204.0;2378.0;3557.0;-8.0;-84.0;-79.0;-328.0
4320.0;6932.0;10937.0;17064.0;2581.0;3681.0;3402.0;5718.0;9429.0;15313.0;2403.0;3588.0;-8.0;-84.0;-79.0;-325.0
4388.0;7028.0;11125.0;17229.0;2586.0;3695.0;3404.0;5723.0;9452.0;15370.0;2416.0;3597.0;-7.0;-81.0;-79.0;-325.0
4355.0;6953.0;11045.0;17158.0;2590.0;3682.0;3371.0;5688.0;9422.0;15318.0;2387.0;3576.0;-9.0;-79.0;-81.0;-325.0
4351.0;6979.0;11031.0;17122.0;2587.0;3666.0;3373.0;5714.0;9306.0;15361.0;2403.0;3582.0;-11.0;-79.0;-81.0;-325.0
4350.0;6985.0;11025.0;17101.0;2579.0;3656.0;3355.0;5660.0;9311.0;15165.0;2383.0;3558.0;-10.0;-81.0;-83.0;-325.0
4347.0;6950.0;10997.0;17106.0;2583.0;3677.0;3396.0;5706.0;9430.0;15359.0;2392.0;3582.0;-9.0;-87.0;-81.0;-339.0
4410.0;7054.0;11128.0;17323.0;2618.0;3724.0;3467.0;5809.0;9570.0;15569.0;2399.0;3592.0;-10.0;-87.0;-83.0;-339.0
4441.0;7140.0;11213.0;17427.0;2633.0;3758.0;3471.0;5854.0;9660.0;15623.0;2441.0;3628.0;-15.0;-87.0;-90.0;-339.0
4422.0;7098.0;11183.0;17335.0;2625.0;3725.0;3457.0;5799.0;9601.0;15555.0;2423.0;3619.0;-10.0;-74.0;-83.0;-318.0
4341.0;6988.0;11050.0;17186.0;2588.0;3676.0;3394.0;5703.0;9454.0;15331.0;2409.0;3565.0;-15.0;-74.0;-80.0;-318.0
4298.0;6896.0;10923.0;17022.0;2570.0;3658.0;3393.0;5698.0;9411.0;15262.0;2386.0;3564.0;-15.0;-74.0;-80.0;-314.0
4341.0;6964.0;10987.0;17070.0;2572.0;3666.0;3423.0;5726.0;9446.0;15286.0;2402.0;3587.0;-17.0;-75.0;-80.0;-318.0
4358.0;6985.0;10997.0;17097.0;2593.0;3669.0;3405.0;5731.0;9432.0;15335.0;2405.0;3577.0;-17.0;-78.0;-80.0;-324.0
4359.0;6998.0;11059.0;17177.0;2607.0;3700.0;3419.0;5764.0;9486.0;15416.0;2425.0;3596.0;-17.0;-79.0;-79.0;-328.0
4373.0;7014.0;11100.0;17174.0;2600.0;3689.0;3387.0;5693.0;9408.0;15252.0;2403.0;3586.0;-7.0;-79.0;-80.0;-329.0
4388.0;7045.0;11097.0;17246.0;2604.0;3705.0;3378.0;5700.0;9448.0;15392.0;2420.0;3586.0;-7.0;-80.0;-80.0;-331.0
4342.0;6987.0;11059.0;17162.0;2595.0;3688.0;3419.0;5740.0;9456.0;15365.0;2402.0;3602.0;-7.0;-86.0;-80.0;-335.0
4422.0;7087.0;11192.0;17339.0;2614.0;3724.0;3467.0;5823.0;9625.0;15682.0;2438.0;3639.0;-6.0;-87.0;-80.0;-337.0
4501.0;7180.0;11367.0;17572.0;2651.0;3759.0;3471.0;5822.0;9625.0;15610.0;2441.0;3636.0;-6.0;-87.0;-80.0;-337.0
4492.0;7188.0;11304.0;17578.0;2652.0;3755.0;3438.0;5792.0;9596.0;15555.0;2437.0;3622.0;-13.0;-92.0;-80.0;-347.0
4414.0;7093.0;11182.0;17393.0;2626.0;3729.0;3435.0;5782.0;9561.0;15512.0;2435.0;3613.0;-13.0;-92.0;-85.0;-337.0
4422.0;7036.0;11189.0;17313.0;2616.0;3730.0;3450.0;5787.0;9532.0;15493.0;2417.0;3601.0;-11.0;-92.0;-85.0;-337.0
4402.0;7057.0;11156.0;17335.0;2609.0;3715.0;3459.0;5812.0;9597.0;15620.0;2446.0;3632.0;-13.0;-92.0;-85.0;-334.0
4430.0;7106.0;11187.0;17375.0;2624.0;3724.0;3456.0;5819.0;9599.0;15621.0;2444.0;3632.0;-11.0;-92.0;-84.0;-337.0
4457.0;7133.0;11238.0;17487.0;2627.0;3731.0;3442.0;5804.0;9604.0;15586.0;2445.0;3632.0;-11.0;-82.0;-82.0;-330.0
4436.0;7134.0;11243.0;17412.0;2638.0;3741.0;3472.0;5861.0;9665.0;15621.0;2450.0;3629.0;-11.0;-82.0;-82.0;-336.0
4425.0;7082.0;11214.0;17465.0;2628.0;3736.0;3472.0;5832.0;9649.0;15602.0;2444.0;3650.0;-13.0;-82.0;-84.0;-330.0
4386.0;7089.0;11177.0;17423.0;2628.0;3722.0;3451.0;5788.0;9536.0;15463.0;2422.0;3600.0;-13.0;-83.0;-82.0;-333.0
4412.0;7084.0;11174.0;17360.0;2611.0;3715.0;3427.0;5756.0;9486.0;15480.0;2417.0;3600.0;-15.0;-85.0;-84.0;-333.0
4381.0;7019.0;11090.0;17261.0;2601.0;3703.0;3387.0;5703.0;9441.0;15387.0;2410.0;3605.0;-15.0;-87.0;-87.0;-336.0
4403.0;7047.0;11144.0;17322.0;2614.0;3714.0;3443.0;5785.0;9550.0;15511.0;2431.0;3621.0;-13.0;-85.0;-84.0;-345.0
4418.0;7120.0;11208.0;17381.0;2627.0;3731.0;3427.0;5746.0;9532.0;15520.0;2434.0;3624.0;-11.0;-87.0;-87.0;-348.0
4467.0;7132.0;11306.0;17509.0;2643.0;3743.0;3457.0;5828.0;9614.0;15612.0;2441.0;3658.0;-11.0;-89.0;-90.0;-348.0
4498.0;7183.0;11313.0;17561.0;2648.0;3755.0;3446.0;5806.0;9583.0;15529.0;2439.0;3638.0;-8.0;-87.0;-87.0;-347.0
4490.0;7182.0;11318.0;17594.0;2659.0;3786.0;3523.0;5925.0;9801.0;15832.0;2478.0;3693.0;-6.0;-87.0;-82.0;-345.0
4509.0;7227.0;11453.0;17693.0;2664.0;3772.0;3483.0;5856.0;9698.0;15702.0;2465.0;3675.0;-9.0;-89.0;-86.0;-344.0
4480.0;7189.0;11337.0;17625.0;2656.0;3766.0;3485.0;5864.0;9641.0;15693.0;2457.0;3665.0;-9.0;-89.0;-82.0;-344.0
4488.0;7211.0;11374.0;17668.0;2657.0;3760.0;3456.0;5824.0;9650.0;15659.0;2438.0;3650.0;-9.0;-89.0;-78.0;-344.0
4489.0;7166.0;11329.0;17626.0;2656.0;3759.0;3524.0;5916.0;9747.0;15816.0;2471.0;3659.0;-9.0;-89.0;-80.0;-354.0
4528.0;7259.0;11393.0;17692.0;2658.0;3793.0;3528.0;5905.0;9759.0;15857.0;2493.0;3681.0;-11.0;-89.0;-78.0;-354.0
4539.0;7298.0;11496.0;17776.0;2678.0;3788.0;3518.0;5909.0;9744.0;15818.0;2458.0;3684.0;-11.0;-86.0;-78.0;-354.0
4543.0;7272.0;11473.0;17823.0;2678.0;3798.0;3515.0;5935.0;9791.0;15734.0;2483.0;3674.0;-11.0;-86.0;-76.0;-347.0
4511.0;7219.0;11381.0;17690.0;2666.0;3789.0;3499.0;5895.0;9755.0;15819.0;2475.0;3665.0;-11.0;-86.0;-76.0;-343.0
4518.0;7206.0;11369.0;17727.0;2664.0;3779.0;3536.0;5942.0;9777.0;15839.0;2471.0;3690.0;-13.0;-87.0;-76.0;-343.0
4513.0;7225.0;11398.0;17685.0;2668.0;3777.0;3497.0;5904.0;9729.0;15796.0;2470.0;3685.0;-8.0;-87.0;-76.0;-347.0
4491.0;7196.0;11352.0;17646.0;2665.0;3777.0;3515.0;5888.0;9723.0;15768.0;2460.0;3676.0;-13.0;-87.0;-76.0;-343.0
4539.0;7267.0;11416.0;17671.0;2674.0;3784.0;3513.0;5909.0;9772.0;15821.0;2471.0;3680.0;-13.0;-87.0;-84.0;-352.0
4534.0;7264.0;11431.0;17716.0;2667.0;3788.0;3486.0;5875.0;9687.0;15722.0;2461.0;3663.0;-16.0;-88.0;-84.0;-364.0
4509.0;7215.0;11379.0;17655.0;2670.0;3791.0;3545.0;5944.0;9792.0;15876.0;2472.0;3689.0;-16.0;-88.0;-85.0;-352.0
4532.0;7234.0;11417.0;17754.0;2677.0;3816.0;3536.0;5944.0;9803.0;15875.0;2479.0;3681.0;-16.0;-88.0;-85.0;-332.0
4553.0;7269.0;11468.0;17823.0;2681.0;3815.0;3546.0;5969.0;9841.0;15949.0;2496.0;3705.0;-18.0;-88.0;-85.0;-332.0
4502.0;7238.0;11461.0;17767.0;2674.0;3779.0;3484.0;5878.0;9683.0;15668.0;2461.0;3684.0;-16.0;-88.0;-86.0;-332.0
4498.0;7203.0;11364.0;17648.0;2672.0;3787.0;3532.0;5937.0;9791.0;15893.0;2486.0;3699.0;-9.0;-83.0;-86.0;-321.0
4510.0;7256.0;11424.0;17714.0;2660.0;3772.0;3448.0;5863.0;9692.0;15716.0;2456.0;3660.0;-16.0;-81.0;-86.0;-332.0
4470.0;7169.0;11313.0;17539.0;2651.0;3761.0;3523.0;5893.0;9726.0;15765.0;2428.0;3663.0;-9.0;-81.0;-86.0;-332.0
4473.0;7162.0;11310.0;17572.0;2655.0;3763.0;3479.0;5830.0;9659.0;15623.0;2448.0;3656.0;-9.0;-81.0;-86.0;-324.0
4494.0;7187.0;11359.0;17601.0;2653.0;3772.0;3525.0;5913.0;9792.0;15868.0;2466.0;3666.0;-9.0;-83.0;-86.0;-324.0
4516.0;7224.0;11396.0;17621.0;2671.0;3779.0;3526.0;5934.0;9779.0;15846.0;2483.0;3673.0;-6.0;-84.0;-79.0;-338.0
4508.0;7224.0;11360.0;17658.0;2667.0;3777.0;3535.0;5925.0;9799.0;15765.0;2472.0;3676.0;-6.0;-84.0;-79.0;-324.0
4489.0;7205.0;11337.0;17703.0;2661.0;3765.0;3506.0;5884.0;9734.0;15772.0;2474.0;3690.0;-9.0;-85.0;-81.0;-324.0
4559.0;7292.0;11470.0;17819.0;2678.0;3790.0;3500.0;5875.0;9730.0;15839.0;2465.0;3675.0;-9.0;-85.0;-79.0;-324.0
4434.0;7103.0;11212.0;17380.0;2640.0;3747.0;3485.0;5848.0;9639.0;15641.0;2446.0;3639.0;-10.0;-83.0;-81.0;-322.0
4460.0;7153.0;11281.0;17505.0;2636.0;3746.0;3481.0;5839.0;9669.0;15709.0;2452.0;3633.0;-10.0;-82.0;-81.0;-322.0
4425.0;7145.0;11272.0;17537.0;2640.0;3770.0;3487.0;5856.0;9685.0;15758.0;2461.0;3671.0;-14.0;-82.0;-81.0;-323.0
4480.0;7187.0;11337.0;17667.0;2664.0;3783.0;3491.0;5876.0;9721.0;15759.0;2460.0;3669.0;-10.0;-82.0;-81.0;-323.0
4488.0;7195.0;11338.0;17622.0;2663.0;3766.0;3498.0;5876.0;9689.0;15762.0;2473.0;3675.0;-10.0;-82.0;-88.0;-325.0
4463.0;7185.0;11322.0;17631.0;2661.0;3785.0;3521.0;5919.0;9763.0;15830.0;2469.0;3679.0;-16.0;-82.0;-87.0;-328.0
4525.0;7252.0;11469.0;17845.0;2681.0;3815.0;3543.0;5966.0;9818.0;15908.0;2486.0;3687.0;-16.0;-83.0;-90.0;-329.0
4518.0;7245.0;11401.0;17720.0;2671.0;3782.0;3518.0;5918.0;9784.0;15842.0;2485.0;3688.0;-15.0;-83.0;-87.0;-329.0
4519.0;7254.0;11417.0;17737.0;2678.0;3802.0;3532.0;5903.0;9814.0;15892.0;2486.0;3709.0;-15.0;-83.0;-87.0;-329.0
4557.0;7300.0;11520.0;17899.0;2687.0;3821.0;3558.0;5990.0;9823.0;15956.0;2493.0;3708.0;-14.0;-87.0;-79.0;-341.0
4550.0;7304.0;11516.0;17859.0;2692.0;3807.0;3558.0;5964.0;9818.0;15891.0;2489.0;3721.0;-14.0;-87.0;-79.0;-342.0
4576.0;7318.0;11567.0;17939.0;2703.0;3834.0;3552.0;5983.0;9894.0;16046.0;2502.0;3723.0;-14.0;-86.0;-78.0;-344.0
4570.0;7329.0;11543.0;17877.0;2694.0;3836.0;3597.0;6042.0;9948.0;16070.0;2515.0;3743.0;-12.0;-87.0;-78.0;-355.0
4621.0;7415.0;11645.0;18058.0;2706.0;3829.0;3583.0;6014.0;9924.0;16058.0;2507.0;3741.0;-12.0;-87.0;-78.0;-378.0
4640.0;7403.0;11676.0;18082.0;2729.0;3876.0;3655.0;6131.0;10119.0;16304.0;2538.0;3800.0;-11.0;-86.0;-78.0;-378.0
4682.0;7492.0;11804.0;18279.0;2749.0;3886.0;3679.0;6188.0;10182.0;16451.0;2568.0;3827.0;-10.0;-86.0;-77.0;-378.0
4702.0;7524.0;11825.0;18392.0;2771.0;3918.0;3669.0;6165.0;10148.0;16452.0;2569.0;3795.0;-11.0;-85.0;-78.0;-354.0
4714.0;7520.0;11865.0;18328.0;2760.0;3909.0;3684.0;6158.0;10088.0;16368.0;2555.0;3802.0;-11.0;-83.0;-85.0;-340.0
4640.0;7457.0;11766.0;18226.0;2742.0;3871.0;3604.0;6059.0;9966.0;16089.0;2508.0;3746.0;-10.0;-83.0;-79.0;-339.0
4550.0;7288.0;11529.0;17892.0;2697.0;3840.0;3552.0;5965.0;9874.0;16015.0;2498.0;3727.0;-11.0;-82.0;-85.0;-337.0
4554.0;7298.0;11547.0;17957.0;2696.0;3838.0;3561.0;6024.0;9931.0;16090.0;2511.0;3723.0;-11.0;-82.0;-85.0;-337.0
4597.0;7369.0;11620.0;17984.0;2702.0;3845.0;3600.0;5992.0;9927.0;16068.0;2517.0;3738.0;-10.0;-83.0;-87.0;-339.0
4622.0;7409.0;11641.0;18023.0;2712.0;3843.0;3604.0;6042.0;9983.0;16122.0;2527.0;3747.0;-10.0;-83.0;-87.0;-337.0
4636.0;7406.0;11664.0;18109.0;2715.0;3851.0;3610.0;6051.0;9947.0;16123.0;2520.0;3743.0;-10.0;-85.0;-87.0;-336.0
4605.0;7367.0;11645.0;18090.0;2722.0;3845.0;3586.0;6041.0;9941.0;16078.0;2509.0;3727.0;-7.0;-86.0;-81.0;-327.0
4559.0;7327.0;11583.0;17993.0;2713.0;3837.0;3556.0;6006.0;9906.0;16075.0;2509.0;3726.0;-7.0;-86.0;-81.0;-327.0
4550.0;7300.0;11524.0;17875.0;2694.0;3818.0;3550.0;5980.0;9850.0;15963.0;2497.0;3713.0;-3.0;-85.0;-75.0;-321.0
4563.0;7298.0;11543.0;17945.0;2708.0;3830.0;3552.0;5977.0;9844.0;15969.0;2493.0;3719.0;-3.0;-85.0;-74.0;-324.0
4601.0;7375.0;11562.0;17945.0;2705.0;3843.0;3581.0;6018.0;9955.0;16133.0;2517.0;3749.0;-3.0;-86.0;-75.0;-324.0
4566.0;7331.0;11582.0;17922.0;2707.0;3842.0;3576.0;5992.0;9914.0;16072.0;2508.0;3741.0;-5.0;-83.0;-75.0;-326.0
4600.0;7361.0;11608.0;18005.0;2718.0;3835.0;3582.0;6016.0;9891.0;16025.0;2516.0;3716.0;-7.0;-80.0;-77.0;-324.0
4535.0;7268.0;11500.0;17855.0;2691.0;3829.0;3534.0;5942.0;9780.0;15888.0;2499.0;3723.0;-7.0;-83.0;-77.0;-326.0
4551.0;7317.0;11527.0;17907.0;2694.0;3814.0;3571.0;5996.0;9849.0;15983.0;2490.0;3700.0;-5.0;-83.0;-77.0;-337.0
4522.0;7277.0;11481.0;17872.0;2697.0;3830.0;3574.0;5995.0;9913.0;16039.0;2508.0;3741.0;-7.0;-83.0;-77.0;-337.0
4629.0;7416.0;11694.0;18114.0;2732.0;3868.0;3609.0;6055.0;9958.0;16228.0;2535.0;3764.0;-15.0;-84.0;-80.0;-358.0
4615.0;7392.0;11684.0;18075.0;2729.0;3859.0;3608.0;6056.0;9980.0;16140.0;2527.0;3761.0;-9.0;-88.0;-77.0;-359.0
4648.0;7409.0;11716.0;18197.0;2745.0;3897.0;3655.0;6115.0;10078.0;16362.0;2553.0;3796.0;-9.0;-88.0;-77.0;-359.0
4671.0;7495.0;11821.0;18315.0;2754.0;3892.0;3657.0;6137.0;10097.0;16321.0;2559.0;3791.0;-9.0;-90.0;-77.0;-360.0
4655.0;7474.0;11788.0;18224.0;2756.0;3902.0;3666.0;6136.0;10094.0;16375.0;2558.0;3786.0;-9.0;-90.0;-77.0;-364.0
4669.0;7466.0;11774.0;18339.0;2753.0;3892.0;3638.0;6111.0;10063.0;16298.0;2548.0;3800.0;-8.0;-90.0;-76.0;-359.0
4746.0;7568.0;11929.0;18487.0;2775.0;3925.0;3664.0;6153.0;10132.0;16392.0;2567.0;3801.0;-8.0;-89.0;-76.0;-358.0
4719.0;7560.0;11896.0;18487.0;2774.0;3903.0;3640.0;6123.0;10123.0;16348.0;2551.0;3791.0;-8.0;-89.0;-79.0;-361.0
4641.0;7448.0;11732.0;18257.0;2748.0;3912.0;3645.0;6130.0;10088.0;16343.0;2555.0;3801.0;-8.0;-87.0;-82.0;-353.0
4664.0;7484.0;11796.0;18314.0;2762.0;3905.0;3647.0;6116.0;10138.0;16413.0;2558.0;3794.0;-8.0;-87.0;-79.0;-353.0
4700.0;7536.0;11892.0;18321.0;2752.0;3883.0;3640.0;6102.0;10044.0;16330.0;2556.0;3801.0;-8.0;-86.0;-80.0;-353.0
4650.0;7472.0;11782.0;18304.0;2760.0;3920.0;3691.0;6206.0;10192.0;16495.0;2582.0;3825.0;-8.0;-86.0;-82.0;-361.0
4747.0;7599.0;11978.0;18624.0;2799.0;3967.0;3740.0;6255.0;10264.0;16585.0;2586.0;3856.0;-7.0;-97.0;-80.0;-363.0
4741.0;7582.0;11979.0;18517.0;2796.0;3963.0;3768.0;6298.0;10337.0;16739.0;2611.0;3873.0;-7.0;-97.0;-80.0;-363.0
4800.0;7676.0;12102.0;18652.0;2809.0;3963.0;3723.0;6234.0;10288.0;16690.0;2611.0;3885.0;-7.0;-92.0;-81.0;-353.0
4786.0;7644.0;12076.0;18687.0;2808.0;3956.0;3722.0;6232.0;10249.0;16572.0;2563.0;3823.0;-7.0;-92.0;-82.0;-355.0
4720.0;7543.0;11917.0;18465.0;2781.0;3922.0;3661.0;6154.0;10160.0;16456.0;2547.0;3815.0;-7.0;-92.0;-81.0;-355.0
4685.0;7525.0;11866.0;18456.0;2775.0;3939.0;3676.0;6150.0;10159.0;16478.0;2570.0;3827.0;-18.0;-90.0;-85.0;-355.0
4762.0;7613.0;11978.0;18600.0;2799.0;3948.0;3701.0;6205.0;10233.0;16582.0;2588.0;3843.0;-12.0;-92.0;-81.0;-361.0
4770.0;7594.0;11960.0;18552.0;2793.0;3957.0;3716.0;6212.0;10241.0;16537.0;2596.0;3854.0;-12.0;-90.0;-77.0;-361.0
4761.0;7606.0;11953.0;18540.0;2795.0;3934.0;3723.0;6212.0;10235.0;16524.0;2576.0;3831.0;-7.0;-92.0;-77.0;-361.0
4699.0;7568.0;11963.0;18543.0;2786.0;3951.0;3753.0;6291.0;10321.0;16667.0;2582.0;3857.0;-12.0;-90.0;-77.0;-361.0
4751.0;7625.0;12017.0;18565.0;2794.0;3962.0;3698.0;6179.0;10187.0;16543.0;2581.0;3845.0;-5.0;-92.0;-77.0;-359.0
4720.0;7557.0;11915.0;18526.0;2786.0;3945.0;3719.0;6233.0;10251.0;16625.0;2591.0;3846.0;-5.0;-90.0;-77.0;-359.0
4773.0;7618.0;12018.0;18596.0;2787.0;3954.0;3704.0;6212.0;10251.0;16582.0;2594.0;3852.0;-6.0;-90.0;-78.0;-359.0
4720.0;7568.0;11931.0;18432.0;2784.0;3937.0;3714.0;6236.0;10239.0;16575.0;2581.0;3822.0;-7.0;-89.0;-81.0;-359.0
4705.0;7542.0;11921.0;18499.0;2779.0;3939.0;3697.0;6192.0;10218.0;16521.0;2575.0;3844.0;-7.0;-89.0;-83.0;-355.0
4746.0;7591.0;11953.0;18503.0;2791.0;3942.0;3717.0;6204.0;10213.0;16469.0;2573.0;3827.0;-12.0;-86.0;-84.0;-340.0
4716.0;7570.0;11896.0;18431.0;2769.0;3932.0;3678.0;6186.0;10166.0;16485.0;2572.0;3825.0;-10.0;-86.0;-81.0;-340.0
4693.0;7524.0;11896.0;18459.0;2787.0;3922.0;3677.0;6168.0;10216.0;16481.0;2576.0;3799.0;-10.0;-86.0;-81.0;-340.0
4679.0;7498.0;11854.0;18409.0;2767.0;3907.0;3661.0;6156.0;10164.0;16420.0;2567.0;3815.0;-10.0;-86.0;-75.0;-345.0
4678.0;7519.0;11886.0;18430.0;2782.0;3930.0;3708.0;6222.0;10230.0;16547.0;2585.0;3842.0;-10.0;-82.0;-72.0;-347.0
4764.0;7640.0;12022.0;18646.0;2805.0;3974.0;3748.0;6276.0;10302.0;16675.0;2607.0;3874.0;-9.0;-89.0;-72.0;-347.0
4728.0;7604.0;11946.0;18535.0;2796.0;3943.0;3712.0;6215.0;10205.0;16522.0;2580.0;3844.0;-9.0;-88.0;-72.0;-347.0
4690.0;7495.0;11839.0;18428.0;2777.0;3947.0;3693.0;6229.0;10234.0;16604.0;2588.0;3835.0;-11.0;-85.0;-76.0;-345.0
4732.0;7569.0;11962.0;18554.0;2791.0;3922.0;3674.0;6157.0;10138.0;16478.0;2575.0;3831.0;-12.0;-88.0;-82.0;-347.0
4732.0;7608.0;11957.0;18544.0;2791.0;3947.0;3686.0;6210.0;10250.0;16530.0;2587.0;3832.0;-12.0;-90.0;-82.0;-356.0
4714.0;7594.0;11948.0;18489.0;2784.0;3954.0;3716.0;6224.0;10289.0;16653.0;2596.0;3859.0;-12.0;-90.0;-82.0;-377.0
4758.0;7633.0;12020.0;18679.0;2808.0;3986.0;3775.0;6311.0;10341.0;16752.0;2616.0;3879.0;-12.0;-90.0;-84.0;-377.0
4809.0;7703.0;12096.0;18717.0;2825.0;3982.0;3741.0;6275.0;10359.0;16702.0;2611.0;3879.0;-9.0;-90.0;-79.0;-377.0
4783.0;7670.0;12058.0;18693.0;2818.0;3975.0;3728.0;6248.0;10296.0;16662.0;2606.0;3860.0;-8.0;-89.0;-77.0;-358.0
4758.0;7595.0;12019.0;18647.0;2810.0;3972.0;3740.0;6272.0;10320.0;16635.0;2594.0;3861.0;-9.0;-89.0;-79.0;-335.0
4715.0;7546.0;11965.0;18518.0;2795.0;3958.0;3709.0;6246.0;10292.0;16667.0;2608.0;3856.0;-9.0;-87.0;-77.0;-332.0
4712.0;7583.0;11985.0;18519.0;2796.0;3949.0;3725.0;6229.0;10253.0;16532.0;2583.0;3849.0;-9.0;-85.0;-77.0;-332.0
4702.0;7532.0;11906.0;18535.0;2789.0;3950.0;3696.0;6209.0;10213.0;16511.0;2586.0;3837.0;-8.0;-80.0;-77.0;-330.0
4678.0;7513.0;11861.0;18469.0;2785.0;3942.0;3706.0;6203.0;10237.0;16585.0;2588.0;3834.0;-17.0;-80.0;-83.0;-330.0
4687.0;7520.0;11833.0;18517.0;2785.0;3946.0;3714.0;6225.0;10252.0;16559.0;2577.0;3815.0;-13.0;-80.0;-80.0;-332.0
4635.0;7450.0;11771.0;18341.0;2766.0;3926.0;3693.0;6191.0;10199.0;16496.0;2567.0;3819.0;-13.0;-86.0;-80.0;-346.0
4749.0;7587.0;11950.0;18530.0;2790.0;3941.0;3754.0;6287.0;10319.0;16658.0;2596.0;3856.0;-13.0;-90.0;-80.0;-348.0
4797.0;7688.0;12088.0;18705.0;2809.0;3969.0;3742.0;6284.0;10325.0;16688.0;2603.0;3862.0;-13.0;-90.0;-83.0;-348.0
4720.0;7606.0;11999.0;18607.0;2806.0;3966.0;3759.0;6272.0;10322.0;16752.0;2610.0;3876.0;-13.0;-87.0;-81.0;-348.0
4806.0;7692.0;12105.0;18726.0;2823.0;3980.0;3762.0;6301.0;10391.0;16719.0;2607.0;3880.0;-12.0;-86.0;-81.0;-348.0
4769.0;7634.0;12044.0;18706.0;2824.0;3992.0;3753.0;6313.0;10351.0;16736.0;2602.0;3874.0;-12.0;-83.0;-81.0;-345.0
4755.0;7638.0;12066.0;18670.0;2808.0;3970.0;3741.0;6303.0;10358.0;16677.0;2615.0;3883.0;-11.0;-83.0;-80.0;-345.0
4783.0;7671.0;12109.0;18798.0;2827.0;3984.0;3740.0;6291.0;10306.0;16709.0;2610.0;3867.0;-12.0;-83.0;-80.0;-345.0
4717.0;7556.0;11963.0;18562.0;2813.0;3974.0;3756.0;6270.0;10335.0;16755.0;2610.0;3875.0;-12.0;-85.0;-80.0;-358.0
4784.0;7651.0;12073.0;18699.0;2824.0;3992.0;3744.0;6294.0;10365.0;16789.0;2628.0;3892.0;-11.0;-89.0;-80.0;-362.0
4743.0;7620.0;12037.0;18734.0;2827.0;3986.0;3726.0;6254.0;10319.0;16709.0;2617.0;3881.0;-13.0;-92.0;-82.0;-365.0
4801.0;7686.0;12105.0;18770.0;2834.0;4007.0;3790.0;6342.0;10483.0;16903.0;2642.0;3888.0;-13.0;-92.0;-82.0;-365.0
4880.0;7823.0;12286.0;18949.0;2859.0;4037.0;3780.0;6365.0;10461.0;16939.0;2639.0;3915.0;-11.0;-90.0;-82.0;-365.0
4825.0;7722.0;12183.0;18873.0;2835.0;4016.0;3795.0;6361.0;10457.0;16933.0;2653.0;3918.0;-10.0;-90.0;-82.0;-362.0
4828.0;7719.0;12167.0;18865.0;2844.0;4019.0;3770.0;6337.0;10420.0;16727.0;2628.0;3903.0;-9.0;-86.0;-81.0;-354.0
4806.0;7706.0;12112.0;18827.0;2835.0;4001.0;3761.0;6286.0;10357.0;16763.0;2610.0;3877.0;-9.0;-85.0;-81.0;-354.0
4741.0;7634.0;12052.0;18692.0;2813.0;3968.0;3737.0;6254.0;10324.0;16633.0;2604.0;3865.0;-10.0;-85.0;-81.0;-354.0
4739.0;7619.0;12033.0;18644.0;2824.0;3988.0;3764.0;6287.0;10357.0;16770.0;2618.0;3872.0;-14.0;-85.0;-85.0;-349.0
4792.0;7669.0;12140.0;18815.0;2831.0;3996.0;3731.0;6280.0;10337.0;16746.0;2596.0;3878.0;-14.0;-84.0;-85.0;-349.0
4771.0;7662.0;12061.0;18735.0;2819.0;3999.0;3758.0;6289.0;10377.0;16850.0;2619.0;3878.0;-14.0;-91.0;-85.0;-360.0
4759.0;7637.0;12054.0;18675.0;2817.0;3978.0;3781.0;6329.0;10415.0;16821.0;2626.0;3889.0;-14.0;-91.0;-84.0;-337.0
4762.0;7627.0;12081.0;18697.0;2827.0;3995.0;3734.0;6267.0;10343.0;16765.0;2613.0;3879.0;-18.0;-84.0;-84.0;-334.0
4837.0;7736.0;12205.0;18892.0;2837.0;4011.0;3752.0;6296.0;10385.0;16792.0;2621.0;3879.0;-8.0;-84.0;-80.0;-331.0
4722.0;7572.0;12002.0;18631.0;2807.0;3963.0;3710.0;6211.0;10266.0;16647.0;2597.0;3827.0;-9.0;-89.0;-83.0;-331.0
4687.0;7499.0;11886.0;18487.0;2799.0;3939.0;3699.0;6209.0;10241.0;16584.0;2581.0;3830.0;-9.0;-82.0;-80.0;-331.0
4705.0;7517.0;11894.0;18466.0;2781.0;3946.0;3713.0;6238.0;10276.0;16648.0;2599.0;3859.0;-9.0;-88.0;-80.0;-362.0
4792.0;7683.0;12082.0;18766.0;2830.0;4006.0;3799.0;6363.0;10458.0;16863.0;2631.0;3916.0;-8.0;-88.0;-80.0;-362.0
4801.0;7712.0;12182.0;18873.0;2831.0;4009.0;3794.0;6358.0;10488.0;16948.0;2643.0;3903.0;-8.0;-86.0;-80.0;-362.0
4791.0;7685.0;12117.0;18825.0;2836.0;4006.0;3773.0;6317.0;10394.0;16821.0;2628.0;3912.0;-5.0;-86.0;-77.0;-347.0
4782.0;7677.0;12103.0;18793.0;2840.0;4015.0;3775.0;6319.0;10404.0;16900.0;2643.0;3926.0;-1.0;-86.0;-77.0;-343.0
4825.0;7738.0;12205.0;18874.0;2834.0;4003.0;3760.0;6302.0;10383.0;16810.0;2623.0;3888.0;-1.0;-86.0;-80.0;-343.0
4778.0;7665.0;12042.0;18749.0;2823.0;4004.0;3795.0;6349.0;10463.0;16884.0;2632.0;3907.0;-5.0;-86.0;-80.0;-337.0
4747.0;7642.0;12048.0;18695.0;2809.0;3999.0;3752.0;6311.0;10350.0;16823.0;2619.0;3888.0;-4.0;-86.0;-76.0;-343.0
4791.0;7692.0;12103.0;18765.0;2826.0;3992.0;3728.0;6273.0;10349.0;16777.0;2623.0;3888.0;-8.0;-86.0;-78.0;-346.0
4781.0;7695.0;12132.0;18744.0;2828.0;3994.0;3836.0;6400.0;10544.0;17064.0;2658.0;3955.0;-10.0;-91.0;-78.0;-375.0
4953.0;7943.0;12511.0;19359.0;2904.0;4096.0;3902.0;6505.0;10698.0;17291.0;2693.0;3996.0;-10.0;-91.0;-78.0;-375.0
4955.0;7945.0;12504.0;19288.0;2902.0;4078.0;3836.0;6431.0;10609.0;17185.0;2688.0;3976.0;-11.0;-92.0;-78.0;-384.0
4927.0;7896.0;12436.0;19255.0;2894.0;4090.0;3854.0;6463.0;10629.0;17150.0;2680.0;3974.0;-11.0;-92.0;-78.0;-375.0
4858.0;7783.0;12307.0;19113.0;2885.0;4073.0;3870.0;6464.0;10640.0;17180.0;2669.0;3966.0;-13.0;-91.0;-79.0;-375.0
4891.0;7838.0;12338.0;19131.0;2879.0;4068.0;3853.0;6452.0;10621.0;17039.0;2668.0;3956.0;-14.0;-91.0;-79.0;-361.0
4892.0;7853.0;12375.0;19230.0;2895.0;4055.0;3819.0;6397.0;10517.0;16987.0;2654.0;3943.0;-14.0;-88.0;-78.0;-357.0
4830.0;7742.0;12251.0;18997.0;2845.0;4045.0;3809.0;6392.0;10511.0;17014.0;2657.0;3943.0;-12.0;-88.0;-78.0;-352.0
4852.0;7774.0;12351.0;19073.0;2874.0;4064.0;3816.0;6394.0;10559.0;17092.0;2675.0;3953.0;-14.0;-88.0;-80.0;-349.0
4869.0;7803.0;12304.0;19131.0;2881.0;4063.0;3817.0;6413.0;10540.0;17015.0;2664.0;3939.0;-12.0;-88.0;-78.0;-352.0
4847.0;7798.0;12276.0;18982.0;2860.0;4040.0;3791.0;6372.0;10521.0;16957.0;2646.0;3914.0;-12.0;-88.0;-86.0;-352.0
4842.0;7764.0;12254.0;18962.0;2862.0;4040.0;3802.0;6400.0;10534.0;17068.0;2662.0;3944.0;-12.0;-88.0;-86.0;-362.0
4890.0;7854.0;12412.0;19120.0;2875.0;4069.0;3830.0;6436.0;10603.0;17112.0;2660.0;3957.0;-15.0;-88.0;-85.0;-362.0
4868.0;7806.0;12336.0;19093.0;2887.0;4064.0;3778.0;6349.0;10491.0;17018.0;2654.0;3943.0;-10.0;-87.0;-78.0;-362.0
4819.0;7752.0;12252.0;18949.0;2858.0;4045.0;3817.0;6379.0;10497.0;17044.0;2656.0;3931.0;-18.0;-86.0;-82.0;-354.0
4814.0;7728.0;12218.0;18904.0;2848.0;4040.0;3821.0;6387.0;10501.0;16969.0;2649.0;3921.0;-18.0;-85.0;-82.0;-353.0
4833.0;7764.0;12224.0;19017.0;2863.0;4033.0;3774.0;6329.0;10465.0;16925.0;2636.0;3914.0;-18.0;-85.0;-82.0;-352.0
4842.0;7775.0;12254.0;18961.0;2858.0;4034.0;3787.0;6367.0;10425.0;16904.0;2640.0;3921.0;-13.0;-85.0;-78.0;-353.0
4774.0;7673.0;12186.0;18878.0;2854.0;4027.0;3793.0;6366.0;10487.0;16899.0;2650.0;3924.0;-18.0;-85.0;-82.0;-347.0
4761.0;7685.0;12104.0;18833.0;2840.0;4046.0;3812.0;6398.0;10525.0;17058.0;2652.0;3934.0;-13.0;-83.0;-78.0;-346.0
4858.0;7787.0;12269.0;19033.0;2866.0;4047.0;3814.0;6390.0;10521.0;17020.0;2664.0;3949.0;-9.0;-83.0;-78.0;-346.0
4827.0;7760.0;12230.0;18944.0;2848.0;4046.0;3810.0;6376.0;10534.0;17008.0;2660.0;3940.0;-8.0;-82.0;-78.0;-346.0
4845.0;7771.0;12252.0;18954.0;2863.0;4051.0;3821.0;6401.0;10527.0;17017.0;2650.0;3917.0;-8.0;-82.0;-80.0;-346.0
4797.0;7709.0;12173.0;18966.0;2857.0;4046.0;3815.0;6402.0;10556.0;17115.0;2651.0;3940.0;-8.0;-82.0;-78.0;-346.0
4838.0;7784.0;12296.0;19042.0;2866.0;4041.0;3798.0;6386.0;10501.0;16890.0;2648.0;3937.0;-8.0;-86.0;-77.0;-349.0
4848.0;7781.0;12284.0;19070.0;2875.0;4062.0;3830.0;6436.0;10595.0;17116.0;2671.0;3955.0;-5.0;-86.0;-77.0;-349.0
4876.0;7835.0;12357.0;19128.0;2889.0;4087.0;3909.0;6544.0;10768.0;17363.0;2703.0;4003.0;-5.0;-86.0;-77.0;-349.0
4961.0;7937.0;12499.0;19333.0;2920.0;4098.0;3836.0;6441.0;10625.0;17256.0;2690.0;3994.0;-12.0;-84.0;-77.0;-351.0
4885.0;7848.0;12400.0;19240.0;2896.0;4087.0;3827.0;6451.0;10594.0;17187.0;2678.0;3968.0;-13.0;-84.0;-77.0;-351.0
4808.0;7734.0;12230.0;18936.0;2872.0;4049.0;3831.0;6423.0;10515.0;17024.0;2665.0;3951.0;-8.0;-84.0;-76.0;-341.0
4807.0;7721.0;12212.0;18896.0;2864.0;4065.0;3815.0;6417.0;10571.0;17056.0;2665.0;3956.0;-8.0;-86.0;-76.0;-351.0
4879.0;7826.0;12291.0;19158.0;2889.0;4062.0;3826.0;6413.0;10564.0;17035.0;2649.0;3945.0;-13.0;-88.0;-78.0;-358.0
4881.0;7822.0;12388.0;19109.0;2880.0;4074.0;3831.0;6434.0;10577.0;17136.0;2670.0;3969.0;-8.0;-88.0;-78.0;-363.0
4873.0;7814.0;12396.0;19111.0;2897.0;4092.0;3817.0;6431.0;10617.0;17153.0;2674.0;3961.0;-8.0;-89.0;-77.0;-364.0
4846.0;7759.0;12270.0;19068.0;2880.0;4072.0;3794.0;6390.0;10520.0;17048.0;2669.0;3944.0;-6.0;-90.0;-77.0;-364.0
4830.0;7763.0;12233.0;18991.0;2866.0;4054.0;3830.0;6410.0;10596.0;17191.0;2672.0;3973.0;-17.0;-90.0;-78.0;-368.0
4901.0;7859.0;12428.0;19219.0;2899.0;4090.0;3871.0;6505.0;10705.0;17250.0;2682.0;3976.0;-7.0;-90.0;-77.0;-368.0
4898.0;7845.0;12408.0;19260.0;2897.0;4083.0;3837.0;6427.0;10585.0;17114.0;2675.0;3976.0;-11.0;-92.0;-77.0;-375.0
4865.0;7819.0;12348.0;19104.0;2882.0;4075.0;3834.0;6460.0;10622.0;17203.0;2684.0;3968.0;-7.0;-90.0;-72.0;-368.0
4898.0;7854.0;12416.0;19219.0;2901.0;4095.0;3893.0;6516.0;10716.0;17313.0;2701.0;3994.0;-11.0;-92.0;-78.0;-375.0
4882.0;7854.0;12385.0;19257.0;2905.0;4118.0;3909.0;6559.0;10813.0;17381.0;2711.0;4030.0;-9.0;-88.0;-75.0;-375.0
4905.0;7865.0;12413.0;19248.0;2897.0;4094.0;3853.0;6433.0;10653.0;17275.0;2685.0;3989.0;-9.0;-92.0;-75.0;-367.0
4960.0;7957.0;12526.0;19472.0;2924.0;4131.0;3911.0;6536.0;10785.0;17467.0;2700.0;4021.0;-7.0;-92.0;-75.0;-367.0
4880.0;7878.0;12411.0;19315.0;2911.0;4118.0;3903.0;6537.0;10786.0;17436.0;2712.0;4034.0;-7.0;-92.0;-77.0;-358.0
4921.0;7900.0;12445.0;19297.0;2920.0;4114.0;3870.0;6490.0;10723.0;17328.0;2704.0;4006.0;-7.0;-92.0;-77.0;-358.0
4891.0;7880.0;12429.0;19332.0;2911.0;4110.0;3851.0;6456.0;10661.0;17240.0;2690.0;3998.0;-7.0;-95.0;-77.0;-367.0
4907.0;7864.0;12482.0;19340.0;2903.0;4116.0;3864.0;6502.0;10724.0;17317.0;2695.0;4001.0;-6.0;-95.0;-77.0;-367.0
4899.0;7890.0;12410.0;19318.0;2916.0;4119.0;3894.0;6532.0;10771.0;17387.0;2719.0;4015.0;-6.0;-90.0;-78.0;-358.0
4903.0;7884.0;12470.0;19294.0;2918.0;4123.0;3871.0;6487.0;10717.0;17286.0;2700.0;4009.0;-6.0;-88.0;-75.0;-345.0
4904.0;7886.0;12481.0;19371.0;2914.0;4106.0;3854.0;6479.0;10687.0;17276.0;2703.0;3984.0;-6.0;-87.0;-75.0;-345.0
4885.0;7852.0;12404.0;19272.0;2911.0;4108.0;3884.0;6485.0;10687.0;17258.0;2697.0;3999.0;-6.0;-86.0;-81.0;-345.0
4904.0;7876.0;12397.0;19295.0;2900.0;4096.0;3878.0;6513.0;10740.0;17357.0;2705.0;4000.0;-9.0;-86.0;-81.0;-359.0
4914.0;7864.0;12426.0;19304.0;2907.0;4119.0;3903.0;6541.0;10750.0;17363.0;2713.0;3999.0;-9.0;-87.0;-77.0;-359.0
4921.0;7898.0;12486.0;19346.0;2912.0;4119.0;3896.0;6532.0;10735.0;17289.0;2686.0;3997.0;-13.0;-88.0;-80.0;-359.0
4922.0;7910.0;12474.0;19275.0;2915.0;4142.0;3905.0;6536.0;10782.0;17508.0;2725.0;4002.0;-9.0;-88.0;-77.0;-357.0
4933.0;7930.0;12516.0;19391.0;2926.0;4146.0;3952.0;6612.0;10859.0;17587.0;2734.0;4027.0;-8.0;-88.0;-74.0;-351.0
4901.0;7882.0;12486.0;19333.0;2922.0;4122.0;3886.0;6498.0;10722.0;17357.0;2705.0;4016.0;-8.0;-88.0;-73.0;-350.0
4888.0;7875.0;12431.0;19270.0;2908.0;4107.0;3877.0;6518.0;10733.0;17343.0;2709.0;4025.0;-8.0;-88.0;-72.0;-350.0
4909.0;7842.0;12382.0;19250.0;2913.0;4120.0;3900.0;6534.0;10756.0;17403.0;2697.0;4003.0;-8.0;-88.0;-72.0;-351.0
4904.0;7892.0;12452.0;19362.0;2913.0;4107.0;3898.0;6533.0;10763.0;17364.0;2702.0;4027.0;-8.0;-93.0;-73.0;-361.0
4986.0;7990.0;12620.0;19501.0;2952.0;4167.0;3988.0;6681.0;10940.0;17573.0;2745.0;4058.0;-9.0;-93.0;-71.0;-361.0
5012.0;8033.0;12667.0;19622.0;2948.0;4158.0;3943.0;6618.0;10819.0;17540.0;2747.0;4049.0;-11.0;-93.0;-73.0;-361.0
4956.0;7940.0;12561.0;19461.0;2918.0;4130.0;3887.0;6504.0;10726.0;17364.0;2712.0;4022.0;-11.0;-89.0;-76.0;-361.0
4904.0;7883.0;12450.0;19357.0;2929.0;4142.0;3925.0;6584.0;10812.0;17434.0;2723.0;4033.0;-11.0;-85.0;-76.0;-350.0
4960.0;7951.0;12563.0;19487.0;2935.0;4141.0;3925.0;6570.0;10792.0;17473.0;2720.0;4029.0;-13.0;-85.0;-79.0;-347.0
4923.0;7872.0;12475.0;19357.0;2915.0;4133.0;3856.0;6471.0;10673.0;17276.0;2696.0;4000.0;-13.0;-85.0;-79.0;-350.0
4842.0;7797.0;12319.0;19128.0;2893.0;4096.0;3830.0;6377.0;10577.0;17142.0;2685.0;3975.0;-13.0;-85.0;-81.0;-350.0
4823.0;7780.0;12335.0;19173.0;2889.0;4099.0;3825.0;6425.0;10594.0;17221.0;2683.0;3970.0;-14.0;-90.0;-81.0;-353.0
4865.0;7806.0;12384.0;19192.0;2899.0;4124.0;3878.0;6496.0;10753.0;17393.0;2707.0;4021.0;-14.0;-90.0;-81.0;-360.0
4855.0;7821.0;12402.0;19332.0;2918.0;4133.0;3906.0;6527.0;10735.0;17392.0;2714.0;4037.0;-13.0;-91.0;-81.0;-368.0
4972.0;7949.0;12544.0;19440.0;2931.0;4128.0;3857.0;6497.0;10698.0;17362.0;2705.0;4025.0;-14.0;-92.0;-81.0;-382.0
4920.0;7894.0;12480.0;19348.0;2926.0;4130.0;3911.0;6556.0;10788.0;17461.0;2719.0;4027.0;-13.0;-94.0;-77.0;-387.0
4931.0;7913.0;12570.0;19457.0;2940.0;4136.0;3940.0;6588.0;10856.0;17558.0;2729.0;4040.0;-9.0;-92.0;-76.0;-382.0
4972.0;7987.0;12620.0;19565.0;2954.0;4191.0;3972.0;6673.0;10972.0;17771.0;2761.0;4089.0;-12.0;-92.0;-76.0;-382.0
5040.0;8093.0;12793.0;19820.0;2984.0;4221.0;3980.0;6637.0;10931.0;17670.0;2758.0;4094.0;-8.0;-94.0;-73.0;-387.0
4972.0;7990.0;12610.0;19615.0;2956.0;4176.0;3933.0;6588.0;10869.0;17613.0;2740.0;4059.0;-4.0;-94.0;-73.0;-378.0
4959.0;7968.0;12592.0;19509.0;2946.0;4172.0;3944.0;6593.0;10819.0;17523.0;2731.0;4029.0;-4.0;-91.0;-69.0;-370.0
4970.0;7991.0;12635.0;19551.0;2954.0;4175.0;3961.0;6630.0;10946.0;17690.0;2757.0;4085.0;-5.0;-92.0;-69.0;-369.0
4977.0;7973.0;12609.0;19660.0;2957.0;4168.0;3923.0;6574.0;10853.0;17546.0;2733.0;4050.0;-5.0;-94.0;-76.0;-369.0
4920.0;7925.0;12542.0;19475.0;2946.0;4164.0;3940.0;6591.0;10835.0;17562.0;2739.0;4049.0;-7.0;-94.0;-76.0;-369.0
4918.0;7901.0;12515.0;19437.0;2938.0;4156.0;3907.0;6570.0;10845.0;17589.0;2743.0;4057.0;-10.0;-95.0;-76.0;-369.0
4966.0;7991.0;12627.0;19565.0;2950.0;4138.0;3904.0;6555.0;10826.0;17465.0;2728.0;4046.0;-10.0;-95.0;-77.0;-369.0
5006.0;8052.0;12711.0;19618.0;2961.0;4182.0;3942.0;6614.0;10899.0;17573.0;2748.0;4071.0;-9.0;-95.0;-77.0;-369.0
5002.0;8017.0;12661.0;19600.0;2961.0;4190.0;3931.0;6586.0;10878.0;17577.0;2739.0;4070.0;-7.0;-93.0;-76.0;-363.0
4939.0;7960.0;12575.0;19522.0;2945.0;4163.0;3915.0;6606.0;10872.0;17632.0;2743.0;4076.0;-9.0;-87.0;-77.0;-350.0
4910.0;7916.0;12528.0;19469.0;2941.0;4169.0;3901.0;6578.0;10836.0;17559.0;2737.0;4052.0;-7.0;-87.0;-77.0;-344.0
4885.0;7876.0;12491.0;19368.0;2934.0;4151.0;3914.0;6569.0;10828.0;17569.0;2731.0;4036.0;-7.0;-87.0;-79.0;-344.0
4906.0;7896.0;12504.0;19445.0;2931.0;4157.0;3916.0;6558.0;10828.0;17512.0;2736.0;4044.0;-7.0;-89.0;-79.0;-344.0
4934.0;7924.0;12560.0;19550.0;2943.0;4151.0;3918.0;6577.0;10842.0;17534.0;2734.0;4060.0;-10.0;-89.0;-80.0;-358.0
4963.0;7976.0;12591.0;19574.0;2942.0;4177.0;3902.0;6587.0;10860.0;17654.0;2745.0;4068.0;-10.0;-92.0;-80.0;-361.0
4962.0;7957.0;12609.0;19504.0;2949.0;4167.0;3915.0;6542.0;10830.0;17546.0;2730.0;4048.0;-10.0;-94.0;-80.0;-361.0
4938.0;7907.0;12544.0;19469.0;2938.0;4184.0;3930.0;6631.0;10918.0;17676.0;2764.0;4092.0;-6.0;-93.0;-80.0;-371.0
5045.0;8086.0;12760.0;19804.0;2979.0;4202.0;3951.0;6646.0;10933.0;17732.0;2761.0;4095.0;-6.0;-92.0;-80.0;-371.0
4985.0;7988.0;12684.0;19658.0;2971.0;4185.0;3970.0;6666.0;11030.0;17869.0;2781.0;4099.0;-4.0;-92.0;-77.0;-371.0
5147.0;8221.0;13036.0;20070.0;3029.0;4235.0;4060.0;6783.0;11098.0;17934.0;2779.0;4112.0;-4.0;-92.0;-77.0;-371.0
5038.0;8081.0;12778.0;19771.0;2980.0;4227.0;3982.0;6669.0;10979.0;17781.0;2766.0;4093.0;-6.0;-92.0;-79.0;-371.0
4991.0;8020.0;12690.0;19694.0;2973.0;4191.0;3987.0;6655.0;10960.0;17688.0;2769.0;4095.0;-10.0;-92.0;-78.0;-372.0
4993.0;8056.0;12761.0;19774.0;2982.0;4196.0;3981.0;6646.0;10940.0;17615.0;2764.0;4091.0;-11.0;-92.0;-78.0;-378.0
5038.0;8113.0;12775.0;19776.0;2979.0;4220.0;3972.0;6667.0;10975.0;17784.0;2776.0;4107.0;-11.0;-92.0;-79.0;-378.0
5063.0;8127.0;12823.0;19842.0;2991.0;4234.0;3955.0;6665.0;10994.0;17803.0;2777.0;4102.0;-11.0;-90.0;-78.0;-373.0
5007.0;8064.0;12792.0;19751.0;2982.0;4218.0;3978.0;6670.0;10979.0;17767.0;2772.0;4094.0;-11.0;-89.0;-77.0;-372.0
4982.0;8022.0;12717.0;19709.0;2974.0;4214.0;3980.0;6644.0;10953.0;17725.0;2755.0;4077.0;-10.0;-89.0;-77.0;-371.0
4996.0;8017.0;12626.0;19632.0;2975.0;4196.0;3937.0;6644.0;10938.0;17683.0;2762.0;4103.0;-10.0;-89.0;-78.0;-371.0
5006.0;8063.0;12763.0;19725.0;2984.0;4209.0;3972.0;6666.0;10973.0;17788.0;2774.0;4098.0;-10.0;-93.0;-78.0;-371.0
5014.0;8046.0;12697.0;19661.0;2989.0;4209.0;3977.0;6679.0;11017.0;17724.0;2764.0;4109.0;-12.0;-93.0;-79.0;-377.0
5048.0;8125.0;12841.0;19829.0;2991.0;4220.0;4016.0;6725.0;11086.0;17968.0;2795.0;4113.0;-13.0;-93.0;-79.0;-377.0
5130.0;8227.0;12929.0;19957.0;3010.0;4263.0;4049.0;6770.0;11110.0;17988.0;2806.0;4148.0;-13.0;-93.0;-79.0;-377.0
5075.0;8156.0;12898.0;19904.0;3009.0;4239.0;3975.0;6711.0;11040.0;17946.0;2785.0;4065.0;-13.0;-89.0;-83.0;-358.0
5008.0;8079.0;12776.0;19781.0;2989.0;4208.0;3949.0;6631.0;10914.0;17652.0;2762.0;4110.0;-7.0;-84.0;-76.0;-341.0
4972.0;8003.0;12656.0;19597.0;2970.0;4211.0;3954.0;6640.0;10950.0;17724.0;2771.0;4087.0;-7.0;-84.0;-75.0;-339.0
4975.0;7995.0;12633.0;19586.0;2961.0;4184.0;3898.0;6566.0;10805.0;17539.0;2743.0;4075.0;-7.0;-84.0;-76.0;-337.0
4889.0;7872.0;12462.0;19391.0;2919.0;4167.0;3943.0;6618.0;10895.0;17651.0;2752.0;4064.0;-7.0;-84.0;-83.0;-337.0
4913.0;7950.0;12562.0;19532.0;2947.0;4168.0;3931.0;6598.0;10882.0;17614.0;2739.0;4053.0;-7.0;-84.0;-75.0;-337.0
4919.0;7848.0;12554.0;19506.0;2947.0;4188.0;3957.0;6644.0;10947.0;17682.0;2764.0;4077.0;-15.0;-87.0;-84.0;-341.0
5008.0;8061.0;12705.0;19681.0;2976.0;4223.0;3997.0;6694.0;11018.0;17793.0;2778.0;4129.0;-15.0;-89.0;-84.0;-353.0
5068.0;8166.0;12911.0;19941.0;3010.0;4235.0;4011.0;6722.0;11035.0;17877.0;2784.0;4118.0;-13.0;-90.0;-78.0;-358.0
4976.0;8006.0;12727.0;19727.0;2986.0;4230.0;3976.0;6676.0;11042.0;17874.0;2783.0;4117.0;-9.0;-95.0;-73.0;-358.0
5005.0;8057.0;12773.0;19761.0;2989.0;4203.0;3943.0;6640.0;10967.0;17820.0;2773.0;4096.0;-9.0;-89.0;-73.0;-358.0
4973.0;8022.0;12724.0;19672.0;2978.0;4208.0;3982.0;6656.0;10979.0;17793.0;2765.0;4090.0;-9.0;-95.0;-73.0;-358.0
5047.0;8091.0;12782.0;19805.0;3006.0;4249.0;4021.0;6751.0;11160.0;18034.0;2800.0;4126.0;-4.0;-95.0;-73.0;-358.0
5069.0;8142.0;12850.0;19854.0;2992.0;4239.0;3971.0;6679.0;11014.0;17867.0;2787.0;4116.0;-4.0;-88.0;-74.0;-347.0
4980.0;8038.0;12712.0;19768.0;2990.0;4214.0;3955.0;6630.0;10959.0;17726.0;2773.0;4119.0;-11.0;-88.0;-74.0;-347.0
4983.0;8017.0;12680.0;19679.0;2976.0;4206.0;3912.0;6601.0;10873.0;17592.0;2759.0;4077.0;-11.0;-88.0;-76.0;-347.0
4950.0;7962.0;12600.0;19618.0;2969.0;4192.0;3955.0;6638.0;10967.0;17777.0;2771.0;4124.0;-11.0;-88.0;-76.0;-348.0
4974.0;8048.0;12724.0;19780.0;2994.0;4243.0;4034.0;6750.0;11125.0;17975.0;2789.0;4130.0;-11.0;-89.0;-76.0;-352.0
5042.0;8079.0;12835.0;19832.0;2994.0;4237.0;3983.0;6696.0;11052.0;17937.0;2783.0;4126.0;-11.0;-90.0;-76.0;-357.0
5011.0;8052.0;12756.0;19753.0;2990.0;4222.0;3967.0;6646.0;10966.0;17780.0;2781.0;4103.0;-17.0;-89.0;-79.0;-354.0
4967.0;7991.0;12694.0;19633.0;2987.0;4230.0;3984.0;6661.0;11055.0;18525.0;2889.0;4129.0;-17.0;-90.0;-79.0;-354.0
4657.0;7482.0;11810.0;18335.0;2772.0;3972.0;3711.0;6280.0;10391.0;16880.0;2648.0;3923.0;-10.0;-90.0;-76.0;-354.0
4822.0;7790.0;12318.0;19119.0;2884.0;4104.0;3871.0;6482.0;10697.0;17370.0;2708.0;4041.0;-15.0;-86.0;-78.0;-354.0
4932.0;7962.0;12562.0;19515.0;2951.0;4178.0;3874.0;6533.0;10791.0;17548.0;2718.0;4046.0;-15.0;-86.0;-78.0;-354.0
4905.0;7899.0;12525.0;19473.0;2946.0;4150.0;3882.0;6531.0;10803.0;17495.0;2727.0;4047.0;-10.0;-90.0;-76.0;-363.0
4884.0;7873.0;12489.0;19454.0;2944.0;4174.0;3903.0;6555.0;10812.0;17546.0;2745.0;4079.0;-8.0;-90.0;-75.0;-356.0
4926.0;7939.0;12614.0;19612.0;2969.0;4196.0;3929.0;6616.0;10888.0;17652.0;2759.0;4096.0;-8.0;-90.0;-74.0;-356.0
4990.0;8049.0;12721.0;19647.0;2982.0;4207.0;3949.0;6642.0;10949.0;17729.0;2771.0;4108.0;-7.0;-92.0;-74.0;-356.0
4938.0;7961.0;12622.0;19593.0;2981.0;4215.0;3947.0;6634.0;10948.0;17767.0;2771.0;4104.0;-7.0;-92.0;-74.0;-354.0
4947.0;7964.0;12652.0;19629.0;2967.0;4192.0;3911.0;6587.0;10896.0;17637.0;2757.0;4092.0;-7.0;-92.0;-76.0;-354.0
4970.0;8000.0;12695.0;19632.0;2970.0;4191.0;3958.0;6653.0;10954.0;17757.0;2761.0;4096.0;-7.0;-92.0;-76.0;-354.0
4958.0;7983.0;12675.0;19675.0;2977.0;4207.0;3935.0;6630.0;10982.0;17727.0;2780.0;4116.0;-10.0;-93.0;-79.0;-380.0
5003.0;8070.0;12782.0;19862.0;3005.0;4233.0;4027.0;6675.0;11113.0;17947.0;2810.0;4158.0;-10.0;-93.0;-79.0;-380.0
5106.0;8225.0;12939.0;20013.0;3029.0;4258.0;4009.0;6707.0;11062.0;17919.0;2800.0;4134.0;-10.0;-95.0;-79.0;-380.0
5073.0;8164.0;12895.0;19943.0;3025.0;4277.0;4047.0;6800.0;11196.0;18113.0;2829.0;4191.0;-12.0;-95.0;-73.0;-381.0
5080.0;8178.0;12940.0;19996.0;3037.0;4287.0;4028.0;6763.0;11158.0;18106.0;2812.0;4167.0;-13.0;-95.0;-79.0;-380.0
5044.0;8118.0;12873.0;19974.0;3024.0;4288.0;4047.0;6812.0;11226.0;18164.0;2831.0;4183.0;-15.0;-93.0;-78.0;-378.0
5087.0;8192.0;12984.0;20060.0;3037.0;4279.0;4038.0;6779.0;11187.0;18136.0;2825.0;4173.0;-15.0;-89.0;-79.0;-378.0
5065.0;8156.0;12931.0;19991.0;3031.0;4277.0;4016.0;6734.0;11094.0;18042.0;2801.0;4165.0;-15.0;-89.0;-79.0;-380.0
5028.0;8097.0;12858.0;19972.0;3029.0;4263.0;3992.0;6723.0;11093.0;17937.0;2805.0;4136.0;-13.0;-89.0;-79.0;-369.0
4990.0;8044.0;12762.0;19748.0;3002.0;4239.0;3978.0;6718.0;11102.0;17967.0;2803.0;4152.0;-15.0;-92.0;-78.0;-369.0
5109.0;8219.0;12986.0;20078.0;3034.0;4298.0;4011.0;6745.0;11153.0;18060.0;2818.0;4173.0;-12.0;-92.0;-77.0;-371.0
5107.0;8170.0;12962.0;20048.0;3028.0;4299.0;4051.0;6805.0;11260.0;18189.0;2836.0;4188.0;-12.0;-94.0;-77.0;-372.0
5067.0;8173.0;12913.0;20051.0;3028.0;4292.0;4052.0;6809.0;11156.0;18157.0;2811.0;4197.0;-15.0;-94.0;-76.0;-372.0
5130.0;8253.0;13066.0;20207.0;3051.0;4317.0;4095.0;6867.0;11168.0;18299.0;2854.0;4223.0;-15.0;-94.0;-77.0;-381.0
5153.0;8293.0;13134.0;20262.0;3064.0;4327.0;4110.0;6872.0;11290.0;18254.0;2853.0;4221.0;-12.0;-94.0;-76.0;-381.0
5106.0;8194.0;12994.0;20092.0;3055.0;4334.0;4092.0;6847.0;11280.0;18230.0;2840.0;4214.0;-15.0;-94.0;-79.0;-381.0
5050.0;8222.0;12994.0;20173.0;3068.0;4312.0;4067.0;6815.0;11243.0;18166.0;2834.0;4200.0;-8.0;-94.0;-76.0;-376.0
5096.0;8217.0;12988.0;20078.0;3044.0;4308.0;4032.0;6774.0;11185.0;18136.0;2831.0;4179.0;-8.0;-94.0;-77.0;-368.0
5086.0;8220.0;12963.0;20040.0;3041.0;4299.0;4042.0;6810.0;11263.0;18270.0;2836.0;4204.0;-11.0;-92.0;-77.0;-368.0
5069.0;8160.0;12935.0;20119.0;3033.0;4303.0;4021.0;6765.0;11158.0;18085.0;2818.0;4157.0;-11.0;-92.0;-77.0;-362.0
5029.0;8110.0;12832.0;19869.0;3016.0;4262.0;4031.0;6780.0;11189.0;18057.0;2816.0;4167.0;-8.0;-92.0;-76.0;-362.0
5076.0;8165.0;12927.0;20027.0;3032.0;4292.0;4043.0;6818.0;11233.0;18171.0;2830.0;4199.0;-6.0;-92.0;-76.0;-368.0
5100.0;8199.0;12975.0;20131.0;3050.0;4319.0;4051.0;6809.0;11214.0;18210.0;2845.0;4214.0;-6.0;-92.0;-76.0;-368.0
5098.0;8232.0;12993.0;20143.0;3050.0;4311.0;4029.0;6783.0;11224.0;18213.0;2841.0;4201.0;-6.0;-94.0;-76.0;-366.0
5081.0;8182.0;13023.0;20209.0;3061.0;4315.0;4066.0;6846.0;11276.0;18309.0;2858.0;4227.0;-9.0;-94.0;-80.0;-366.0
5128.0;8255.0;13072.0;20227.0;3068.0;4320.0;4046.0;6815.0;11262.0;18238.0;2843.0;4209.0;-9.0;-89.0;-80.0;-366.0
5053.0;8141.0;12934.0;20110.0;3044.0;4316.0;4035.0;6772.0;11192.0;18178.0;2841.0;4199.0;-9.0;-89.0;-80.0;-366.0
5029.0;8140.0;12883.0;19925.0;3036.0;4292.0;4009.0;6757.0;11109.0;18051.0;2815.0;4155.0;-8.0;-94.0;-73.0;-375.0
5036.0;8128.0;12869.0;19973.0;3036.0;4293.0;4014.0;6746.0;11174.0;18109.0;2820.0;4185.0;-8.0;-98.0;-73.0;-383.0
5138.0;8263.0;13113.0;20248.0;3074.0;4336.0;4086.0;6871.0;11284.0;18362.0;2864.0;4219.0;-8.0;-98.0;-73.0;-383.0
5112.0;8242.0;13064.0;20207.0;3060.0;4339.0;4098.0;6860.0;11311.0;18339.0;2864.0;4248.0;-4.0;-98.0;-74.0;-383.0
5118.0;8256.0;13074.0;20252.0;3063.0;4328.0;4087.0;6867.0;11305.0;18328.0;2861.0;4234.0;-5.0;-92.0;-74.0;-370.0
5136.0;8261.0;13092.0;20257.0;3074.0;4342.0;4081.0;6864.0;11320.0;18331.0;2863.0;4222.0;-13.0;-92.0;-76.0;-368.0
5080.0;8197.0;12971.0;20158.0;3054.0;4320.0;4052.0;6784.0;11146.0;18164.0;2847.0;4214.0;-7.0;-92.0;-76.0;-368.0
5111.0;8234.0;13083.0;20112.0;3071.0;4330.0;4066.0;6826.0;11266.0;18265.0;2854.0;4193.0;-7.0;-90.0;-76.0;-366.0
5105.0;8215.0;12970.0;20122.0;3059.0;4323.0;4074.0;6841.0;11279.0;18238.0;2849.0;4221.0;-9.0;-92.0;-74.0;-368.0
5088.0;8220.0;13039.0;20200.0;3058.0;4328.0;4056.0;6817.0;11237.0;18259.0;2836.0;4214.0;-10.0;-89.0;-74.0;-369.0
5059.0;8176.0;12937.0;20163.0;3059.0;4331.0;4017.0;6785.0;11213.0;18197.0;2843.0;4207.0;-9.0;-89.0;-74.0;-369.0
5078.0;8203.0;12995.0;20154.0;3052.0;4317.0;4049.0;6816.0;11237.0;18268.0;2845.0;4203.0;-10.0;-89.0;-74.0;-373.0
5059.0;8183.0;12968.0;20136.0;3057.0;4322.0;4059.0;6816.0;11271.0;18244.0;2854.0;4227.0;-10.0;-90.0;-74.0;-373.0
5050.0;8165.0;12963.0;20095.0;3065.0;4331.0;4048.0;6802.0;11225.0;18291.0;2858.0;4218.0;-10.0;-90.0;-74.0;-373.0
5094.0;8215.0;13047.0;20199.0;3065.0;4345.0;4028.0;6784.0;11209.0;18192.0;2830.0;4211.0;-10.0;-90.0;-74.0;-367.0
5090.0;8195.0;13005.0;20172.0;3057.0;4324.0;4049.0;6805.0;11234.0;18204.0;2839.0;4212.0;-10.0;-91.0;-74.0;-383.0
5114.0;8258.0;13069.0;20193.0;3066.0;4332.0;4080.0;6820.0;11219.0;18185.0;2838.0;4213.0;-15.0;-93.0;-79.0;-379.0
5068.0;8197.0;13006.0;20167.0;3063.0;4346.0;4104.0;6896.0;11399.0;18400.0;2864.0;4239.0;-7.0;-93.0;-73.0;-379.0
5165.0;8343.0;13178.0;20369.0;3084.0;4361.0;4072.0;6889.0;11378.0;18370.0;2881.0;4238.0;-7.0;-93.0;-73.0;-379.0
5165.0;8313.0;13151.0;20361.0;3088.0;4364.0;4084.0;6875.0;11331.0;18362.0;2869.0;4242.0;-7.0;-93.0;-73.0;-379.0
5126.0;8290.0;13145.0;20323.0;3096.0;4356.0;4099.0;6913.0;11384.0;18430.0;2882.0;4257.0;-12.0;-93.0;-75.0;-379.0
5164.0;8354.0;13266.0;20428.0;3106.0;4377.0;4100.0;6917.0;11420.0;18489.0;2880.0;4257.0;-12.0;-93.0;-75.0;-379.0
5104.0;8251.0;13088.0;20303.0;3087.0;4356.0;4080.0;6822.0;11340.0;18322.0;2863.0;4252.0;-12.0;-94.0;-77.0;-381.0
5153.0;8307.0;13145.0;20318.0;3080.0;4356.0;4106.0;6915.0;11386.0;18470.0;2877.0;4256.0;-15.0;-94.0;-77.0;-383.0
5118.0;8257.0;13105.0;20278.0;3082.0;4361.0;4064.0;6837.0;11294.0;18303.0;2862.0;4257.0;-15.0;-96.0;-77.0;-390.0
5089.0;8227.0;13057.0;20336.0;3085.0;4363.0;4090.0;6894.0;11399.0;18469.0;2866.0;4268.0;-9.0;-96.0;-74.0;-394.0
5134.0;8285.0;13113.0;20356.0;3094.0;4378.0;4108.0;6886.0;11381.0;18462.0;2884.0;4262.0;-9.0;-96.0;-74.0;-399.0
5091.0;8235.0;13088.0;20328.0;3091.0;4378.0;4090.0;6917.0;11414.0;18481.0;2883.0;4277.0;-5.0;-99.0;-74.0;-399.0
5175.0;8347.0;13202.0;20413.0;3106.0;4372.0;4104.0;6892.0;11376.0;18388.0;2878.0;4271.0;-5.0;-99.0;-74.0;-399.0
5153.0;8324.0;13178.0;20374.0;3100.0;4400.0;4097.0;6911.0;11394.0;18492.0;2884.0;4273.0;-5.0;-95.0;-74.0;-381.0
5146.0;8310.0;13214.0;20433.0;3113.0;4380.0;4108.0;6898.0;11373.0;18448.0;2881.0;4269.0;-5.0;-94.0;-74.0;-376.0
5112.0;8273.0;13092.0;20300.0;3088.0;4388.0;4073.0;6890.0;11391.0;18492.0;2875.0;4259.0;-4.0;-93.0;-74.0;-375.0
5146.0;8285.0;13152.0;20393.0;3086.0;4376.0;4045.0;6851.0;11349.0;18435.0;2867.0;4230.0;-5.0;-88.0;-75.0;-364.0
5038.0;8159.0;12978.0;20200.0;3073.0;4362.0;4068.0;6846.0;11343.0;18367.0;2859.0;4230.0;-11.0;-88.0;-77.0;-354.0
5069.0;8185.0;13030.0;20216.0;3072.0;4352.0;4028.0;6811.0;11264.0;18241.0;2854.0;4228.0;-4.0;-88.0;-77.0;-354.0
5060.0;8179.0;12960.0;20194.0;3065.0;4353.0;4082.0;6882.0;11351.0;18355.0;2861.0;4240.0;-4.0;-88.0;-77.0;-364.0
5101.0;8262.0;13079.0;20302.0;3080.0;4384.0;4115.0;6849.0;11382.0;18431.0;2882.0;4221.0;-13.0;-92.0;-77.0;-360.0
5108.0;8275.0;13081.0;20278.0;3089.0;4377.0;4102.0;6888.0;11380.0;18454.0;2882.0;4267.0;-10.0;-95.0;-77.0;-377.0
5128.0;8281.0;13163.0;20362.0;3096.0;4370.0;4102.0;6906.0;11393.0;18490.0;2880.0;4264.0;-9.0;-99.0;-73.0;-377.0
5091.0;8233.0;13118.0;20290.0;3084.0;4361.0;4096.0;6858.0;11375.0;18378.0;2876.0;4264.0;-9.0;-99.0;-73.0;-377.0
5104.0;8245.0;13117.0;20313.0;3087.0;4356.0;4073.0;6858.0;11362.0;18407.0;2869.0;4235.0;-9.0;-96.0;-73.0;-377.0
5090.0;8256.0;13128.0;20319.0;3087.0;4361.0;4115.0;6924.0;11371.0;18480.0;2887.0;4258.0;-9.0;-96.0;-76.0;-380.0
5104.0;8245.0;13117.0;20313.0;3087.0;4356.0;4073.0;6858.0;11362.0;18407.0;2869.0;4235.0;-9.0;-96.0;-73.0;-384.0
5149.0;8299.0;13171.0;20409.0;3102.0;4387.0;4093.0;6902.0;11399.0;18517.0;2887.0;4250.0;-10.0;-96.0;-73.0;-385.0
5117.0;8295.0;13164.0;20306.0;3112.0;4398.0;4144.0;6971.0;11480.0;18633.0;2914.0;4309.0;-10.0;-101.0;-65.0;-405.0
