OFFCHIP_SENSIMOX_SnAu_150_200.0_IN-PHASE;OFFCHIP_SENSIMOX_SnAu_200_200.0_IN-PHASE;OFFCHIP_SENSIMOX_SnAu_250_200.0_IN-PHASE;OFFCHIP_SENSIMOX_SnAu_300_200.0_IN-PHASE;OFFCHIP_SENSIMOX_SnAu_350_200.0_IN-PHASE;OFFCHIP_SENSIMOX_SnAu_400_200.0_IN-PHASE;OFFCHIP_SENSIMOX_SnAu_150_78125.0_IN-PHASE;OFFCHIP_SENSIMOX_SnAu_200_78125.0_IN-PHASE;OFFCHIP_SENSIMOX_SnAu_250_78125.0_IN-PHASE;OFFCHIP_SENSIMOX_SnAu_300_78125.0_IN-PHASE;OFFCHIP_SENSIMOX_SnAu_350_78125.0_IN-PHASE;OFFCHIP_SENSIMOX_SnAu_400_78125.0_IN-PHASE;ONCHIP_ALUMINUM_OXIDE_OUT4_IN-PHASE;ONCHIP_ALUMINUM_OXIDE_OUT4_QUADRATURE;ONCHIP_ALUMINUM_OXIDE_OUT7_IN-PHASE;ONCHIP_ALUMINUM_OXIDE_OUT7_QUADRATURE;LABEL
1.0;1.0;1.0;1.0;1.0;1.0;1.0;1.0;1.0;1.0;1.0;1.0;1.0;1.0;1.0;1.0;UREA
-8.0;-15.0;-31.0;-62.0;-11.0;-23.0;-6.0;-11.0;-10.0;-25.0;-10.0;-6.0;-12.0;-6.0;-9.0;-12.0;UREA
-6.0;-13.0;-28.0;-51.0;-7.0;-12.0;-5.0;-9.0;-9.0;4.0;-3.0;1.0;-16.0;-6.0;-9.0;-12.0;UREA
-6.0;-13.0;-28.0;-51.0;-7.0;-12.0;-5.0;-9.0;-9.0;4.0;-3.0;4.0;-16.0;-6.0;-7.0;-8.0;UREA
4.0;9.0;25.0;53.0;15.0;12.0;-3.0;-5.0;0.0;20.0;10.0;22.0;-11.0;-6.0;-7.0;-8.0;UREA
7.0;18.0;43.0;102.0;16.0;17.0;-2.0;-1.0;5.0;53.0;7.0;22.0;-15.0;-4.0;-7.0;-9.0;UREA
17.0;36.0;37.0;77.0;29.0;15.0;-1.0;0.0;8.0;29.0;15.0;24.0;-8.0;5.0;-3.0;-5.0;UREA
12.0;25.0;48.0;95.0;18.0;14.0;4.0;4.0;12.0;23.0;1.0;7.0;1.0;-6.0;-1.0;1.0;UREA
16.0;31.0;73.0;130.0;20.0;20.0;6.0;12.0;12.0;23.0;7.0;15.0;2.0;-6.0;5.0;4.0;UREA
14.0;31.0;67.0;117.0;22.0;23.0;9.0;19.0;12.0;40.0;11.0;26.0;4.0;-7.0;7.0;4.0;UREA
20.0;41.0;86.0;163.0;31.0;35.0;10.0;19.0;40.0;40.0;17.0;30.0;9.0;-4.0;7.0;2.0;UREA
19.0;43.0;94.0;173.0;30.0;39.0;4.0;6.0;10.0;47.0;18.0;32.0;9.0;-4.0;7.0;6.0;UREA
23.0;49.0;92.0;163.0;29.0;34.0;4.0;6.0;10.0;47.0;12.0;24.0;9.0;-4.0;7.0;6.0;UREA
20.0;39.0;85.0;143.0;24.0;26.0;4.0;6.0;10.0;47.0;14.0;23.0;6.0;-4.0;13.0;3.0;UREA
17.0;32.0;68.0;135.0;21.0;23.0;12.0;-8.0;-7.0;67.0;14.0;22.0;5.0;-4.0;13.0;2.0;UREA
19.0;38.0;80.0;166.0;30.0;40.0;14.0;-10.0;47.0;76.0;17.0;31.0;6.0;-4.0;13.0;1.0;UREA
23.0;48.0;96.0;187.0;29.0;27.0;-1.0;-7.0;-25.0;-26.0;9.0;21.0;6.0;-4.0;13.0;1.0;UREA
17.0;32.0;68.0;122.0;20.0;27.0;-1.0;-7.0;-25.0;-26.0;7.0;14.0;13.0;-4.0;13.0;1.0;UREA
13.0;25.0;56.0;107.0;16.0;18.0;-1.0;-7.0;-25.0;-26.0;4.0;11.0;14.0;-5.0;14.0;1.0;UREA
11.0;27.0;53.0;100.0;17.0;19.0;-1.0;-7.0;-25.0;-40.0;7.0;14.0;14.0;-5.0;17.0;3.0;UREA
15.0;30.0;66.0;114.0;20.0;19.0;-1.0;-7.0;-24.0;-31.0;4.0;10.0;13.0;-5.0;10.0;5.0;UREA
11.0;23.0;47.0;82.0;13.0;12.0;-4.0;-10.0;-17.0;-17.0;2.0;5.0;13.0;-3.0;10.0;3.0;UREA
11.0;21.0;45.0;82.0;14.0;12.0;-4.0;-10.0;-19.0;-17.0;2.0;6.0;12.0;-3.0;10.0;3.0;UREA
13.0;24.0;54.0;88.0;18.0;15.0;-4.0;-10.0;-19.0;-17.0;2.0;8.0;13.0;-2.0;10.0;5.0;UREA
13.0;29.0;68.0;132.0;23.0;26.0;-2.0;-9.0;-17.0;-7.0;9.0;19.0;12.0;-2.0;13.0;2.0;UREA
19.0;41.0;92.0;171.0;31.0;36.0;-2.0;-4.0;-16.0;1.0;17.0;33.0;12.0;-2.0;10.0;3.0;UREA
17.0;36.0;77.0;150.0;24.0;32.0;-1.0;-4.0;-8.0;9.0;10.0;22.0;13.0;-2.0;10.0;2.0;UREA
21.0;40.0;89.0;148.0;27.0;31.0;3.0;2.0;2.0;20.0;13.0;29.0;12.0;-2.0;7.0;3.0;UREA
21.0;37.0;83.0;181.0;31.0;37.0;3.0;2.0;2.0;20.0;10.0;25.0;17.0;-2.0;11.0;5.0;UREA
19.0;41.0;97.0;200.0;35.0;48.0;9.0;24.0;40.0;101.0;22.0;37.0;3.0;-4.0;4.0;2.0;UREA
22.0;46.0;103.0;203.0;38.0;46.0;7.0;13.0;24.0;92.0;21.0;43.0;4.0;-4.0;4.0;4.0;UREA
24.0;49.0;105.0;197.0;37.0;52.0;7.0;13.0;24.0;152.0;26.0;44.0;4.0;-5.0;4.0;4.0;UREA
19.0;43.0;89.0;179.0;34.0;46.0;7.0;13.0;24.0;92.0;19.0;37.0;12.0;-6.0;5.0;8.0;UREA
25.0;52.0;107.0;210.0;39.0;51.0;11.0;21.0;43.0;117.0;23.0;45.0;16.0;-6.0;13.0;4.0;UREA
24.0;50.0;108.0;205.0;37.0;55.0;11.0;21.0;43.0;117.0;27.0;52.0;8.0;-6.0;8.0;7.0;UREA
26.0;58.0;119.0;233.0;41.0;60.0;20.0;38.0;82.0;156.0;30.0;52.0;8.0;-7.0;8.0;3.0;UREA
26.0;51.0;115.0;219.0;39.0;57.0;14.0;32.0;67.0;161.0;30.0;54.0;8.0;-8.0;6.0;0.0;UREA
27.0;59.0;126.0;242.0;46.0;60.0;21.0;46.0;85.0;162.0;33.0;56.0;8.0;-9.0;3.0;0.0;UREA
26.0;58.0;116.0;242.0;42.0;62.0;14.0;32.0;62.0;98.0;29.0;56.0;2.0;-7.0;0.0;0.0;UREA
31.0;64.0;132.0;258.0;47.0;69.0;13.0;25.0;62.0;97.0;27.0;51.0;2.0;-8.0;3.0;0.0;UREA
27.0;59.0;120.0;238.0;45.0;64.0;16.0;32.0;62.0;123.0;29.0;56.0;2.0;-8.0;4.0;0.0;UREA
27.0;58.0;124.0;254.0;46.0;65.0;22.0;38.0;85.0;176.0;32.0;59.0;1.0;-5.0;3.0;1.0;UREA
29.0;58.0;120.0;232.0;40.0;55.0;12.0;26.0;52.0;114.0;27.0;45.0;2.0;-5.0;4.0;1.0;UREA
23.0;48.0;105.0;218.0;44.0;65.0;24.0;49.0;83.0;170.0;34.0;62.0;3.0;-5.0;4.0;0.0;UREA
32.0;67.0;143.0;286.0;51.0;75.0;23.0;48.0;83.0;170.0;33.0;65.0;3.0;-5.0;4.0;-1.0;UREA
37.0;77.0;159.0;317.0;56.0;81.0;27.0;55.0;98.0;189.0;40.0;73.0;4.0;-2.0;11.0;-3.0;UREA
35.0;76.0;158.0;314.0;58.0;84.0;23.0;48.0;96.0;211.0;41.0;71.0;4.0;-2.0;11.0;-3.0;UREA
33.0;71.0;151.0;310.0;58.0;86.0;22.0;39.0;79.0;159.0;38.0;76.0;10.0;-2.0;11.0;-3.0;UREA
31.0;66.0;139.0;281.0;52.0;79.0;25.0;53.0;109.0;225.0;40.0;68.0;4.0;-2.0;10.0;-2.0;UREA
36.0;73.0;156.0;311.0;55.0;81.0;29.0;55.0;115.0;227.0;43.0;71.0;4.0;-2.0;11.0;1.0;UREA
33.0;68.0;150.0;322.0;58.0;84.0;28.0;59.0;119.0;238.0;47.0;85.0;3.0;-3.0;10.0;1.0;UREA
38.0;79.0;172.0;356.0;64.0;92.0;19.0;37.0;72.0;165.0;44.0;84.0;3.0;-2.0;13.0;1.0;UREA
38.0;82.0;173.0;344.0;64.0;95.0;16.0;32.0;74.0;188.0;45.0;81.0;3.0;-3.0;9.0;1.0;UREA
37.0;81.0;177.0;359.0;62.0;91.0;20.0;45.0;97.0;222.0;49.0;83.0;4.0;-5.0;6.0;1.0;UREA
40.0;90.0;188.0;369.0;66.0;98.0;16.0;30.0;74.0;185.0;45.0;86.0;4.0;-5.0;9.0;1.0;UREA
43.0;88.0;188.0;370.0;66.0;94.0;24.0;50.0;100.0;213.0;45.0;84.0;7.0;-2.0;5.0;2.0;UREA
40.0;86.0;184.0;366.0;68.0;102.0;17.0;34.0;73.0;188.0;48.0;90.0;9.0;0.0;5.0;0.0;UREA
45.0;96.0;199.0;396.0;71.0;104.0;35.0;69.0;140.0;227.0;57.0;93.0;7.0;0.0;4.0;-1.0;UREA
44.0;92.0;192.0;389.0;73.0;106.0;19.0;39.0;86.0;204.0;51.0;90.0;11.0;0.0;6.0;-1.0;UREA
44.0;92.0;190.0;386.0;70.0;104.0;16.0;54.0;74.0;179.0;46.0;89.0;10.0;-1.0;4.0;-1.0;UREA
39.0;85.0;182.0;365.0;69.0;102.0;32.0;67.0;132.0;264.0;50.0;91.0;10.0;-8.0;5.0;-1.0;UREA
39.0;88.0;179.0;367.0;67.0;99.0;27.0;54.0;100.0;215.0;48.0;92.0;12.0;-8.0;4.0;1.0;UREA
41.0;90.0;189.0;372.0;68.0;97.0;21.0;44.0;80.0;179.0;45.0;83.0;10.0;0.0;3.0;4.0;UREA
39.0;79.0;174.0;364.0;68.0;101.0;27.0;56.0;107.0;218.0;49.0;92.0;4.0;0.0;4.0;2.0;UREA
44.0;92.0;193.0;394.0;72.0;108.0;26.0;51.0;102.0;228.0;53.0;97.0;4.0;0.0;3.0;6.0;UREA
39.0;84.0;187.0;388.0;72.0;108.0;24.0;51.0;109.0;254.0;59.0;102.0;4.0;0.0;4.0;2.0;UREA
47.0;101.0;220.0;425.0;78.0;118.0;37.0;78.0;148.0;320.0;59.0;106.0;4.0;0.0;3.0;5.0;UREA
44.0;95.0;205.0;427.0;81.0;119.0;27.0;56.0;128.0;268.0;58.0;103.0;7.0;-1.0;4.0;2.0;UREA
45.0;98.0;207.0;419.0;77.0;117.0;40.0;81.0;161.0;312.0;59.0;99.0;7.0;-8.0;7.0;2.0;UREA
41.0;83.0;178.0;357.0;67.0;103.0;19.0;39.0;78.0;180.0;44.0;82.0;12.0;-8.0;11.0;2.0;UREA
30.0;66.0;135.0;266.0;47.0;70.0;6.0;9.0;78.0;180.0;28.0;60.0;8.0;-8.0;7.0;1.0;UREA
26.0;52.0;116.0;234.0;42.0;61.0;7.0;9.0;69.0;169.0;36.0;48.0;13.0;-4.0;6.0;1.0;UREA
25.0;53.0;113.0;215.0;45.0;67.0;7.0;11.0;29.0;192.0;39.0;64.0;8.0;-4.0;7.0;1.0;UREA
29.0;65.0;140.0;277.0;49.0;80.0;16.0;34.0;69.0;169.0;36.0;59.0;8.0;-4.0;13.0;1.0;UREA
25.0;54.0;117.0;239.0;47.0;72.0;16.0;34.0;69.0;169.0;29.0;60.0;6.0;-3.0;10.0;1.0;UREA
27.0;59.0;122.0;255.0;47.0;66.0;15.0;31.0;67.0;169.0;34.0;58.0;1.0;-3.0;15.0;2.0;UREA
28.0;63.0;132.0;256.0;49.0;72.0;26.0;49.0;94.0;185.0;35.0;64.0;6.0;-5.0;10.0;2.0;UREA
32.0;67.0;148.0;284.0;52.0;79.0;13.0;30.0;65.0;164.0;35.0;74.0;8.0;-5.0;12.0;2.0;UREA
34.0;74.0;165.0;319.0;59.0;84.0;15.0;25.0;52.0;127.0;33.0;67.0;8.0;-5.0;10.0;3.0;UREA
34.0;72.0;156.0;310.0;59.0;87.0;20.0;39.0;78.0;161.0;41.0;76.0;8.0;-5.0;4.0;3.0;UREA
34.0;75.0;160.0;338.0;61.0;91.0;22.0;47.0;100.0;227.0;46.0;83.0;4.0;-6.0;5.0;3.0;UREA
36.0;79.0;177.0;349.0;63.0;91.0;22.0;47.0;99.0;227.0;43.0;81.0;4.0;-6.0;3.0;3.0;UREA
37.0;78.0;168.0;332.0;59.0;91.0;27.0;57.0;123.0;240.0;45.0;77.0;4.0;-6.0;5.0;2.0;UREA
33.0;70.0;155.0;306.0;60.0;91.0;31.0;63.0;99.0;245.0;47.0;79.0;11.0;-6.0;3.0;2.0;UREA
34.0;77.0;167.0;339.0;62.0;96.0;24.0;55.0;115.0;253.0;52.0;86.0;10.0;-7.0;13.0;0.0;UREA
38.0;80.0;177.0;367.0;66.0;100.0;29.0;56.0;110.0;229.0;51.0;92.0;8.0;-6.0;9.0;0.0;UREA
41.0;87.0;187.0;384.0;71.0;101.0;22.0;46.0;60.0;154.0;46.0;90.0;8.0;-6.0;0.0;2.0;UREA
41.0;88.0;190.0;393.0;68.0;99.0;22.0;46.0;88.0;226.0;49.0;82.0;4.0;-6.0;0.0;2.0;UREA
38.0;79.0;176.0;353.0;63.0;89.0;14.0;26.0;62.0;162.0;44.0;75.0;7.0;-6.0;4.0;2.0;UREA
33.0;72.0;161.0;325.0;57.0;88.0;25.0;51.0;106.0;207.0;43.0;78.0;9.0;-4.0;4.0;5.0;UREA
40.0;83.0;173.0;358.0;63.0;92.0;16.0;31.0;58.0;148.0;40.0;85.0;7.0;-6.0;7.0;2.0;UREA
39.0;86.0;177.0;350.0;64.0;95.0;19.0;35.0;73.0;166.0;42.0;81.0;7.0;-6.0;10.0;-2.0;UREA
36.0;80.0;165.0;346.0;65.0;91.0;28.0;62.0;116.0;225.0;46.0;82.0;0.0;-6.0;6.0;-2.0;UREA
34.0;74.0;155.0;326.0;62.0;89.0;20.0;47.0;98.0;222.0;44.0;80.0;0.0;-4.0;6.0;2.0;UREA
36.0;76.0;150.0;343.0;63.0;85.0;26.0;51.0;99.0;209.0;41.0;77.0;5.0;-1.0;6.0;2.0;UREA
34.0;73.0;155.0;322.0;58.0;90.0;22.0;49.0;102.0;214.0;46.0;83.0;5.0;-1.0;6.0;4.0;UREA
36.0;78.0;162.0;326.0;60.0;86.0;31.0;60.0;116.0;229.0;44.0;76.0;11.0;0.0;7.0;4.0;UREA
34.0;71.0;151.0;288.0;51.0;70.0;21.0;41.0;90.0;200.0;31.0;59.0;9.0;-1.0;8.0;4.0;UREA
28.0;59.0;127.0;259.0;49.0;75.0;21.0;41.0;83.0;195.0;38.0;67.0;9.0;-1.0;8.0;2.0;UREA
32.0;69.0;148.0;300.0;52.0;76.0;18.0;39.0;90.0;200.0;41.0;66.0;6.0;-6.0;13.0;1.0;UREA
31.0;67.0;139.0;278.0;54.0;77.0;24.0;53.0;102.0;209.0;39.0;72.0;4.0;-2.0;8.0;1.0;UREA
34.0;71.0;159.0;318.0;56.0;80.0;23.0;49.0;98.0;191.0;38.0;70.0;4.0;-2.0;4.0;1.0;UREA
35.0;74.0;157.0;326.0;56.0;81.0;25.0;54.0;106.0;210.0;39.0;65.0;4.0;-5.0;4.0;-2.0;UREA
30.0;66.0;140.0;291.0;55.0;83.0;11.0;25.0;51.0;139.0;40.0;70.0;9.0;-2.0;4.0;1.0;UREA
36.0;76.0;164.0;331.0;57.0;84.0;12.0;27.0;51.0;118.0;37.0;70.0;11.0;-2.0;5.0;4.0;UREA
32.0;69.0;148.0;305.0;55.0;76.0;11.0;50.0;51.0;211.0;40.0;66.0;16.0;-4.0;8.0;4.0;UREA
30.0;63.0;138.0;275.0;46.0;71.0;12.0;8.0;18.0;76.0;30.0;58.0;9.0;-4.0;8.0;5.0;UREA
29.0;60.0;124.0;254.0;46.0;62.0;4.0;9.0;20.0;80.0;25.0;49.0;9.0;-4.0;12.0;1.0;UREA
21.0;47.0;104.0;201.0;37.0;55.0;3.0;8.0;18.0;131.0;27.0;47.0;6.0;-4.0;7.0;0.0;UREA
26.0;53.0;110.0;206.0;35.0;46.0;0.0;-3.0;-11.0;17.0;15.0;36.0;9.0;-1.0;12.0;0.0;UREA
21.0;41.0;92.0;183.0;32.0;37.0;0.0;-3.0;-11.0;17.0;11.0;29.0;10.0;-1.0;13.0;0.0;UREA
17.0;32.0;64.0;129.0;20.0;27.0;0.0;-3.0;-11.0;17.0;7.0;20.0;4.0;-1.0;5.0;0.0;UREA
11.0;22.0;52.0;110.0;17.0;18.0;-3.0;11.0;21.0;5.0;5.0;16.0;8.0;-1.0;10.0;0.0;UREA
11.0;16.0;36.0;80.0;15.0;16.0;-3.0;12.0;18.0;-14.0;7.0;16.0;8.0;-1.0;10.0;0.0;UREA
10.0;21.0;47.0;107.0;20.0;22.0;5.0;7.0;16.0;22.0;7.0;14.0;8.0;-2.0;10.0;-1.0;UREA
14.0;30.0;66.0;134.0;23.0;29.0;0.0;3.0;4.0;32.0;9.0;28.0;4.0;-2.0;5.0;-1.0;UREA
16.0;34.0;69.0;153.0;28.0;35.0;0.0;3.0;4.0;54.0;15.0;30.0;-1.0;-2.0;10.0;-3.0;UREA
17.0;35.0;72.0;149.0;27.0;28.0;0.0;3.0;4.0;32.0;11.0;23.0;-1.0;-4.0;3.0;-3.0;UREA
10.0;23.0;55.0;100.0;19.0;18.0;0.0;3.0;4.0;38.0;8.0;13.0;-1.0;-6.0;3.0;-3.0;UREA
8.0;17.0;41.0;63.0;13.0;13.0;-2.0;-4.0;-9.0;3.0;5.0;9.0;-1.0;-6.0;4.0;-2.0;UREA
10.0;20.0;41.0;92.0;15.0;17.0;-8.0;-20.0;-49.0;-58.0;1.0;11.0;0.0;-6.0;4.0;-2.0;UREA
12.0;22.0;46.0;93.0;17.0;19.0;-8.0;-20.0;-49.0;-58.0;1.0;9.0;1.0;-8.0;4.0;0.0;UREA
10.0;18.0;34.0;82.0;11.0;7.0;-7.0;-18.0;-49.0;-58.0;1.0;1.0;0.0;-6.0;6.0;1.0;UREA
9.0;17.0;42.0;58.0;10.0;7.0;-7.0;-18.0;-53.0;-71.0;-6.0;-2.0;1.0;-8.0;0.0;2.0;UREA
5.0;12.0;20.0;46.0;9.0;2.0;-7.0;-18.0;-53.0;-71.0;-6.0;-3.0;1.0;-5.0;0.0;2.0;UREA
4.0;12.0;17.0;40.0;7.0;2.0;-7.0;-18.0;-57.0;-93.0;-5.0;-3.0;0.0;-6.0;0.0;10.0;UREA
3.0;7.0;21.0;20.0;5.0;7.0;-3.0;-9.0;-29.0;-36.0;4.0;11.0;4.0;-2.0;3.0;6.0;UREA
8.0;19.0;47.0;77.0;12.0;16.0;-3.0;-6.0;-9.0;-25.0;6.0;15.0;-10.0;-1.0;-4.0;7.0;UREA
7.0;17.0;40.0;66.0;11.0;14.0;-3.0;-6.0;-9.0;-20.0;6.0;22.0;1.0;-1.0;-1.0;4.0;UREA
12.0;23.0;51.0;110.0;18.0;29.0;-3.0;-6.0;-9.0;-20.0;12.0;19.0;1.0;-1.0;3.0;4.0;UREA
44.0;100.0;225.0;480.0;95.0;162.0;36.0;90.0;212.0;450.0;89.0;154.0;-1.0;4.0;14.0;-11.0;UREA
59.0;130.0;283.0;593.0;116.0;196.0;62.0;143.0;319.0;637.0;109.0;184.0;2.0;4.0;13.0;-11.0;UREA
63.0;139.0;311.0;658.0;127.0;219.0;70.0;163.0;345.0;675.0;121.0;199.0;1.0;4.0;16.0;-13.0;UREA
72.0;159.0;343.0;731.0;139.0;233.0;71.0;166.0;364.0;719.0;131.0;221.0;6.0;5.0;14.0;-11.0;UREA
83.0;180.0;387.0;818.0;149.0;256.0;68.0;160.0;365.0;743.0;141.0;232.0;4.0;2.0;11.0;-11.0;UREA
81.0;174.0;378.0;785.0;147.0;249.0;62.0;140.0;314.0;651.0;132.0;225.0;1.0;0.0;3.0;-7.0;UREA
74.0;165.0;354.0;750.0;139.0;238.0;73.0;160.0;346.0;692.0;134.0;228.0;0.0;0.0;2.0;-7.0;UREA
83.0;177.0;390.0;812.0;158.0;275.0;70.0;160.0;362.0;770.0;146.0;256.0;0.0;0.0;2.0;-7.0;UREA
93.0;204.0;444.0;932.0;179.0;305.0;82.0;187.0;415.0;885.0;174.0;300.0;0.0;5.0;8.0;-9.0;UREA
109.0;238.0;510.0;1051.0;198.0;332.0;85.0;193.0;425.0;893.0;175.0;297.0;1.0;4.0;6.0;-8.0;UREA
105.0;231.0;500.0;1040.0;194.0;325.0;107.0;239.0;521.0;1037.0;185.0;313.0;7.0;6.0;7.0;-9.0;UREA
115.0;254.0;533.0;1113.0;206.0;340.0;93.0;208.0;457.0;958.0;185.0;313.0;11.0;3.0;14.0;-11.0;UREA
109.0;239.0;508.0;1063.0;196.0;333.0;103.0;242.0;515.0;1025.0;185.0;307.0;9.0;3.0;15.0;-11.0;UREA
105.0;230.0;493.0;1022.0;194.0;329.0;106.0;240.0;512.0;1009.0;180.0;302.0;-1.0;3.0;10.0;-11.0;UREA
103.0;226.0;475.0;1002.0;187.0;318.0;85.0;191.0;426.0;873.0;173.0;294.0;-3.0;-2.0;3.0;-11.0;UREA
103.0;223.0;474.0;987.0;186.0;320.0;86.0;192.0;422.0;870.0;170.0;292.0;-3.0;-2.0;3.0;-10.0;UREA
101.0;216.0;464.0;975.0;184.0;315.0;100.0;218.0;471.0;933.0;174.0;297.0;-3.0;0.0;5.0;-10.0;UREA
103.0;227.0;493.0;1027.0;193.0;327.0;106.0;242.0;525.0;1051.0;192.0;320.0;-2.0;2.0;14.0;-10.0;UREA
119.0;260.0;550.0;1164.0;218.0;365.0;110.0;241.0;527.0;1070.0;201.0;348.0;-3.0;2.0;5.0;-10.0;UREA
128.0;275.0;592.0;1210.0;224.0;377.0;121.0;267.0;570.0;1151.0;203.0;348.0;-3.0;2.0;8.0;-10.0;UREA
121.0;261.0;568.0;1179.0;219.0;369.0;108.0;242.0;526.0;1064.0;200.0;336.0;-2.0;2.0;5.0;-10.0;UREA
121.0;263.0;560.0;1153.0;216.0;367.0;104.0;228.0;495.0;1023.0;199.0;341.0;-3.0;2.0;3.0;-9.0;UREA
119.0;259.0;543.0;1135.0;212.0;355.0;108.0;234.0;506.0;1011.0;193.0;331.0;-3.0;2.0;3.0;-6.0;UREA
116.0;255.0;536.0;1114.0;210.0;356.0;113.0;254.0;546.0;1091.0;197.0;336.0;-3.0;4.0;3.0;-6.0;UREA
122.0;265.0;559.0;1158.0;218.0;362.0;116.0;258.0;539.0;1133.0;204.0;345.0;-3.0;0.0;10.0;-6.0;UREA
123.0;267.0;578.0;1219.0;225.0;381.0;126.0;283.0;606.0;1193.0;213.0;361.0;-3.0;1.0;2.0;-6.0;UREA
129.0;283.0;597.0;1231.0;231.0;392.0;123.0;275.0;610.0;1212.0;218.0;367.0;-2.0;3.0;6.0;-7.0;UREA
132.0;281.0;601.0;1240.0;235.0;397.0;119.0;268.0;585.0;1202.0;223.0;372.0;-3.0;1.0;6.0;-7.0;UREA
137.0;296.0;631.0;1300.0;242.0;406.0;128.0;286.0;605.0;1215.0;224.0;380.0;-2.0;-1.0;9.0;-6.0;UREA
136.0;295.0;623.0;1307.0;245.0;412.0;133.0;300.0;642.0;1260.0;232.0;386.0;-1.0;0.0;9.0;-6.0;UREA
142.0;303.0;639.0;1326.0;246.0;418.0;117.0;254.0;578.0;1181.0;226.0;389.0;-1.0;0.0;9.0;-6.0;UREA
138.0;299.0;632.0;1302.0;246.0;413.0;133.0;298.0;637.0;1291.0;233.0;387.0;0.0;0.0;7.0;-6.0;UREA
144.0;307.0;640.0;1314.0;245.0;416.0;121.0;272.0;581.0;1195.0;229.0;397.0;2.0;1.0;9.0;-8.0;UREA
146.0;314.0;656.0;1356.0;251.0;426.0;132.0;293.0;643.0;1300.0;236.0;398.0;6.0;1.0;13.0;-8.0;UREA
154.0;326.0;689.0;1409.0;261.0;441.0;144.0;322.0;696.0;1398.0;254.0;429.0;6.0;4.0;11.0;-8.0;UREA
159.0;340.0;717.0;1488.0;276.0;452.0;145.0;317.0;690.0;1385.0;256.0;431.0;2.0;5.0;16.0;-6.0;UREA
156.0;335.0;710.0;1469.0;275.0;458.0;141.0;320.0;687.0;1385.0;258.0;432.0;2.0;5.0;2.0;-5.0;UREA
162.0;343.0;729.0;1501.0;278.0;462.0;141.0;312.0;682.0;1398.0;259.0;442.0;2.0;5.0;2.0;-5.0;UREA
168.0;361.0;751.0;1540.0;287.0;479.0;144.0;321.0;682.0;1411.0;265.0;457.0;3.0;6.0;0.0;-3.0;UREA
174.0;376.0;796.0;1617.0;294.0;492.0;162.0;354.0;761.0;1521.0;276.0;463.0;3.0;8.0;2.0;-3.0;UREA
172.0;367.0;777.0;1571.0;293.0;484.0;157.0;349.0;726.0;1466.0;271.0;464.0;3.0;6.0;0.0;-3.0;UREA
176.0;373.0;790.0;1607.0;296.0;493.0;147.0;326.0;702.0;1437.0;275.0;465.0;4.0;8.0;3.0;-3.0;UREA
181.0;389.0;813.0;1655.0;306.0;505.0;169.0;373.0;790.0;1577.0;287.0;481.0;3.0;5.0;2.0;-2.0;UREA
184.0;393.0;825.0;1679.0;311.0;513.0;157.0;350.0;758.0;1541.0;288.0;487.0;3.0;5.0;2.0;-2.0;UREA
181.0;390.0;823.0;1688.0;313.0;523.0;167.0;369.0;796.0;1609.0;291.0;502.0;-1.0;5.0;-1.0;-3.0;UREA
188.0;406.0;853.0;1751.0;320.0;536.0;176.0;383.0;807.0;1608.0;300.0;503.0;2.0;6.0;0.0;-5.0;UREA
193.0;406.0;847.0;1725.0;320.0;531.0;155.0;346.0;743.0;1518.0;291.0;499.0;-1.0;5.0;-1.0;-5.0;UREA
186.0;403.0;844.0;1738.0;322.0;536.0;166.0;361.0;776.0;1579.0;301.0;506.0;-2.0;4.0;-1.0;-7.0;UREA
202.0;425.0;893.0;1786.0;330.0;550.0;185.0;401.0;852.0;1691.0;310.0;520.0;-1.0;4.0;-1.0;-5.0;UREA
207.0;442.0;923.0;1874.0;344.0;566.0;177.0;390.0;836.0;1715.0;320.0;541.0;1.0;4.0;0.0;-5.0;UREA
206.0;440.0;926.0;1880.0;345.0;566.0;192.0;420.0;904.0;1802.0;324.0;540.0;1.0;4.0;-1.0;-4.0;UREA
212.0;450.0;942.0;1899.0;351.0;577.0;183.0;396.0;841.0;1704.0;324.0;543.0;6.0;6.0;2.0;-4.0;UREA
210.0;451.0;938.0;1907.0;350.0;586.0;191.0;424.0;909.0;1812.0;331.0;549.0;6.0;4.0;1.0;-4.0;UREA
214.0;454.0;947.0;1920.0;355.0;588.0;191.0;418.0;884.0;1770.0;331.0;560.0;6.0;4.0;-1.0;-11.0;UREA
220.0;468.0;966.0;1954.0;357.0;590.0;188.0;419.0;893.0;1828.0;335.0;561.0;1.0;7.0;-3.0;-11.0;UREA
217.0;461.0;973.0;1967.0;365.0;595.0;208.0;454.0;956.0;1897.0;341.0;572.0;1.0;3.0;-3.0;-12.0;UREA
223.0;471.0;990.0;1999.0;368.0;607.0;193.0;428.0;919.0;1848.0;340.0;582.0;0.0;4.0;-3.0;-12.0;UREA
232.0;491.0;1029.0;2085.0;379.0;626.0;211.0;458.0;970.0;1913.0;352.0;590.0;0.0;0.0;-3.0;-7.0;UREA
230.0;485.0;1024.0;2080.0;380.0;633.0;201.0;444.0;938.0;1928.0;354.0;596.0;0.0;0.0;-3.0;-7.0;UREA
236.0;503.0;1058.0;2140.0;388.0;650.0;229.0;499.0;1042.0;2079.0;365.0;617.0;0.0;3.0;2.0;-7.0;UREA
242.0;519.0;1077.0;2182.0;399.0;655.0;218.0;485.0;1017.0;2055.0;373.0;623.0;0.0;2.0;2.0;-6.0;UREA
252.0;529.0;1108.0;2214.0;401.0;657.0;230.0;499.0;1049.0;2086.0;376.0;633.0;1.0;2.0;-2.0;-6.0;UREA
253.0;530.0;1103.0;2226.0;403.0;661.0;203.0;443.0;953.0;1924.0;364.0;625.0;1.0;4.0;-2.0;-6.0;UREA
249.0;530.0;1099.0;2224.0;407.0;667.0;227.0;504.0;1066.0;2119.0;385.0;638.0;5.0;4.0;2.0;-5.0;UREA
259.0;548.0;1134.0;2301.0;417.0;682.0;214.0;469.0;993.0;2007.0;379.0;637.0;7.0;6.0;5.0;-5.0;UREA
253.0;534.0;1100.0;2226.0;408.0;672.0;212.0;463.0;977.0;1991.0;369.0;629.0;8.0;8.0;6.0;-5.0;UREA
252.0;526.0;1101.0;2238.0;409.0;670.0;233.0;509.0;1080.0;2135.0;386.0;647.0;9.0;6.0;8.0;-2.0;UREA
263.0;553.0;1155.0;2296.0;419.0;690.0;238.0;523.0;1099.0;2174.0;391.0;657.0;8.0;14.0;7.0;-5.0;UREA
265.0;558.0;1157.0;2335.0;428.0;707.0;245.0;538.0;1125.0;2219.0;394.0;667.0;4.0;5.0;7.0;-3.0;UREA
269.0;572.0;1182.0;2375.0;432.0;706.0;226.0;487.0;1047.0;2115.0;394.0;668.0;0.0;7.0;4.0;-3.0;UREA
261.0;557.0;1157.0;2342.0;431.0;707.0;226.0;495.0;1056.0;2134.0;400.0;677.0;0.0;9.0;2.0;-3.0;UREA
273.0;576.0;1196.0;2400.0;438.0;714.0;251.0;546.0;1160.0;2280.0;412.0;692.0;8.0;2.0;3.0;-5.0;UREA
272.0;578.0;1201.0;2420.0;440.0;724.0;254.0;555.0;1161.0;2309.0;421.0;704.0;9.0;2.0;2.0;-5.0;UREA
289.0;611.0;1263.0;2518.0;458.0;749.0;259.0;561.0;1187.0;2338.0;422.0;709.0;8.0;2.0;-1.0;-6.0;UREA
292.0;615.0;1273.0;2555.0;466.0;758.0;265.0;579.0;1216.0;2413.0;431.0;725.0;8.0;5.0;-1.0;-6.0;UREA
293.0;621.0;1275.0;2575.0;469.0;769.0;270.0;583.0;1236.0;2425.0;437.0;731.0;0.0;9.0;4.0;-6.0;UREA
300.0;630.0;1301.0;2626.0;475.0;780.0;255.0;550.0;1166.0;2367.0;442.0;721.0;0.0;6.0;4.0;-6.0;UREA
306.0;639.0;1321.0;2661.0;483.0;793.0;263.0;576.0;1201.0;2428.0;447.0;751.0;0.0;5.0;4.0;-6.0;UREA
305.0;642.0;1343.0;2696.0;493.0;804.0;275.0;596.0;1246.0;2484.0;453.0;753.0;6.0;5.0;4.0;-7.0;UREA
313.0;656.0;1353.0;2706.0;487.0;800.0;279.0;602.0;1262.0;2477.0;453.0;753.0;5.0;2.0;10.0;-7.0;UREA
313.0;655.0;1359.0;2726.0;487.0;805.0;272.0;590.0;1233.0;2450.0;456.0;778.0;8.0;-2.0;11.0;-7.0;UREA
326.0;686.0;1418.0;2841.0;514.0;837.0;287.0;626.0;1320.0;2641.0;483.0;803.0;-2.0;-4.0;10.0;-7.0;UREA
333.0;698.0;1439.0;2865.0;519.0;847.0;283.0;611.0;1291.0;2592.0;479.0;805.0;-2.0;-2.0;10.0;-8.0;UREA
333.0;705.0;1447.0;2909.0;529.0;861.0;287.0;625.0;1312.0;2620.0;483.0;816.0;-2.0;-2.0;12.0;-8.0;UREA
340.0;703.0;1471.0;2949.0;535.0;867.0;297.0;637.0;1324.0;2646.0;489.0;818.0;-2.0;3.0;5.0;-9.0;UREA
345.0;719.0;1501.0;2998.0;541.0;876.0;318.0;673.0;1413.0;2755.0;502.0;840.0;-2.0;10.0;7.0;-9.0;UREA
350.0;740.0;1539.0;3104.0;560.0;905.0;319.0;683.0;1429.0;2850.0;520.0;873.0;-2.0;7.0;10.0;-9.0;UREA
365.0;768.0;1577.0;3164.0;572.0;919.0;337.0;723.0;1503.0;2950.0;526.0;873.0;-2.0;6.0;10.0;-8.0;UREA
365.0;764.0;1577.0;3135.0;562.0;915.0;340.0;729.0;1513.0;2957.0;524.0;870.0;-2.0;9.0;2.0;-8.0;UREA
369.0;763.0;1563.0;3132.0;565.0;916.0;333.0;710.0;1462.0;2889.0;521.0;865.0;-2.0;6.0;0.0;-8.0;UREA
369.0;774.0;1587.0;3176.0;572.0;923.0;344.0;745.0;1539.0;2992.0;535.0;896.0;-4.0;8.0;0.0;-8.0;UREA
387.0;808.0;1655.0;3277.0;584.0;928.0;341.0;726.0;1504.0;2940.0;539.0;892.0;-4.0;4.0;0.0;-8.0;UREA
386.0;803.0;1633.0;3245.0;582.0;945.0;327.0;705.0;1469.0;2938.0;540.0;907.0;0.0;8.0;0.0;-9.0;UREA
391.0;827.0;1685.0;3355.0;602.0;967.0;339.0;736.0;1523.0;2997.0;553.0;926.0;0.0;4.0;2.0;-9.0;UREA
410.0;851.0;1747.0;3433.0;613.0;983.0;370.0;798.0;1633.0;3167.0;568.0;940.0;0.0;5.0;2.0;-10.0;UREA
407.0;842.0;1727.0;3422.0;617.0;988.0;368.0;786.0;1628.0;3209.0;572.0;944.0;0.0;2.0;2.0;-12.0;UREA
416.0;861.0;1776.0;3541.0;628.0;1015.0;379.0;808.0;1672.0;3264.0;589.0;969.0;-3.0;1.0;3.0;-16.0;UREA
418.0;881.0;1804.0;3603.0;646.0;1037.0;385.0;824.0;1713.0;3375.0;606.0;1002.0;-7.0;0.0;7.0;-16.0;UREA
443.0;924.0;1916.0;3789.0;672.0;1072.0;401.0;853.0;1755.0;3438.0;620.0;1021.0;-7.0;0.0;7.0;-16.0;UREA
452.0;943.0;1945.0;3846.0;680.0;1094.0;397.0;847.0;1749.0;3443.0;626.0;1041.0;-7.0;0.0;9.0;-16.0;UREA
463.0;951.0;1972.0;3884.0;693.0;1105.0;421.0;892.0;1831.0;3571.0;633.0;1056.0;-3.0;1.0;8.0;-9.0;UREA
465.0;968.0;1973.0;3883.0;690.0;1098.0;403.0;854.0;1768.0;3484.0;628.0;1049.0;-3.0;1.0;8.0;-9.0;UREA
476.0;991.0;2021.0;3978.0;702.0;1115.0;406.0;863.0;1775.0;3511.0;636.0;1056.0;-3.0;5.0;8.0;-9.0;UREA
474.0;983.0;1999.0;3909.0;698.0;1106.0;433.0;921.0;1877.0;3651.0;647.0;1065.0;-6.0;3.0;8.0;-9.0;UREA
477.0;975.0;2018.0;3965.0;699.0;1119.0;424.0;888.0;1830.0;3570.0;643.0;1063.0;-6.0;6.0;11.0;-11.0;UREA
492.0;1028.0;2081.0;4096.0;720.0;1147.0;450.0;950.0;1940.0;3781.0;673.0;1108.0;-6.0;5.0;11.0;-16.0;UREA
497.0;1039.0;2118.0;4179.0;734.0;1162.0;458.0;969.0;1980.0;3847.0;680.0;1117.0;-6.0;10.0;12.0;-16.0;UREA
506.0;1054.0;2152.0;4210.0;739.0;1176.0;437.0;938.0;1945.0;3811.0;673.0;1117.0;-4.0;5.0;23.0;-17.0;UREA
503.0;1047.0;2124.0;4143.0;731.0;1160.0;450.0;946.0;1929.0;3750.0;665.0;1094.0;-3.0;5.0;13.0;-17.0;UREA
490.0;1013.0;2068.0;4058.0;715.0;1145.0;455.0;951.0;1953.0;3774.0;666.0;1096.0;-1.0;5.0;15.0;-17.0;UREA
503.0;1036.0;2106.0;4169.0;728.0;1155.0;452.0;949.0;1940.0;3745.0;669.0;1108.0;-1.0;4.0;17.0;-17.0;UREA
503.0;1045.0;2123.0;4204.0;741.0;1182.0;466.0;996.0;2022.0;3946.0;695.0;1138.0;-3.0;7.0;25.0;-17.0;UREA
522.0;1080.0;2188.0;4272.0;746.0;1180.0;457.0;962.0;1995.0;3902.0;684.0;1136.0;-3.0;7.0;28.0;-18.0;UREA
534.0;1108.0;2219.0;4354.0;760.0;1201.0;452.0;960.0;1988.0;3909.0;700.0;1142.0;-3.0;2.0;14.0;-20.0;UREA
527.0;1088.0;2214.0;4304.0;761.0;1199.0;449.0;953.0;1991.0;3861.0;695.0;1150.0;-3.0;3.0;14.0;-21.0;UREA
531.0;1106.0;2249.0;4374.0;770.0;1216.0;459.0;974.0;1997.0;3897.0;707.0;1168.0;-3.0;3.0;18.0;-21.0;UREA
545.0;1128.0;2300.0;4470.0;783.0;1241.0;469.0;997.0;2065.0;4035.0;720.0;1189.0;-5.0;4.0;25.0;-21.0;UREA
552.0;1149.0;2329.0;4554.0;794.0;1268.0;500.0;1061.0;2184.0;4224.0;744.0;1212.0;-6.0;2.0;24.0;-22.0;UREA
558.0;1153.0;2342.0;4565.0;803.0;1261.0;471.0;1003.0;2055.0;4006.0;725.0;1197.0;-6.0;2.0;25.0;-21.0;UREA
554.0;1147.0;2330.0;4536.0;795.0;1252.0;485.0;1015.0;2085.0;4085.0;726.0;1194.0;-6.0;2.0;24.0;-18.0;UREA
565.0;1159.0;2358.0;4635.0;818.0;1284.0;505.0;1067.0;2170.0;4233.0;755.0;1243.0;-6.0;2.0;23.0;-18.0;UREA
588.0;1220.0;2465.0;4799.0;843.0;1328.0;529.0;1112.0;2289.0;4452.0;787.0;1273.0;0.0;2.0;32.0;-18.0;UREA
601.0;1233.0;2515.0;4880.0;849.0;1333.0;521.0;1094.0;2239.0;4340.0;778.0;1281.0;0.0;2.0;34.0;-18.0;UREA
600.0;1242.0;2533.0;4918.0;858.0;1346.0;526.0;1119.0;2290.0;4442.0;791.0;1295.0;0.0;2.0;30.0;-18.0;UREA
619.0;1274.0;2572.0;4965.0;864.0;1355.0;525.0;1106.0;2269.0;4405.0;795.0;1296.0;0.0;2.0;34.0;-19.0;UREA
620.0;1275.0;2584.0;5000.0;869.0;1369.0;527.0;1107.0;2288.0;4436.0;794.0;1306.0;0.0;2.0;25.0;-19.0;UREA
620.0;1281.0;2589.0;4988.0;857.0;1356.0;530.0;1110.0;2253.0;4409.0;788.0;1297.0;-2.0;2.0;30.0;-19.0;UREA
621.0;1284.0;2589.0;5042.0;879.0;1373.0;548.0;1158.0;2372.0;4616.0;813.0;1332.0;-2.0;4.0;28.0;-19.0;UREA
642.0;1321.0;2687.0;5156.0;893.0;1387.0;568.0;1193.0;2441.0;4708.0;820.0;1338.0;-2.0;2.0;22.0;-19.0;UREA
649.0;1329.0;2702.0;5244.0;903.0;1410.0;551.0;1162.0;2386.0;4663.0;828.0;1346.0;1.0;2.0;31.0;-19.0;UREA
643.0;1321.0;2668.0;5163.0;896.0;1404.0;581.0;1210.0;2464.0;4750.0;828.0;1351.0;2.0;2.0;31.0;-19.0;UREA
652.0;1340.0;2712.0;5221.0;903.0;1418.0;567.0;1181.0;2399.0;4670.0;834.0;1363.0;4.0;3.0;31.0;-19.0;UREA
670.0;1382.0;2781.0;5361.0;922.0;1438.0;576.0;1213.0;2457.0;4777.0;842.0;1382.0;2.0;10.0;40.0;-20.0;UREA
661.0;1361.0;2734.0;5330.0;924.0;1451.0;587.0;1219.0;2520.0;4856.0;854.0;1392.0;4.0;12.0;28.0;-20.0;UREA
675.0;1384.0;2809.0;5408.0;933.0;1454.0;592.0;1235.0;2488.0;4827.0;850.0;1394.0;4.0;11.0;28.0;-20.0;UREA
675.0;1395.0;2803.0;5363.0;924.0;1450.0;590.0;1230.0;2482.0;4806.0;848.0;1399.0;5.0;6.0;35.0;-20.0;UREA
695.0;1421.0;2856.0;5461.0;942.0;1464.0;582.0;1226.0;2494.0;4843.0;859.0;1402.0;4.0;4.0;23.0;-20.0;UREA
690.0;1414.0;2819.0;5480.0;944.0;1456.0;583.0;1221.0;2488.0;4833.0;859.0;1398.0;2.0;6.0;26.0;-20.0;UREA
692.0;1412.0;2841.0;5461.0;942.0;1467.0;583.0;1216.0;2479.0;4783.0;853.0;1406.0;-3.0;9.0;17.0;-18.0;UREA
686.0;1398.0;2815.0;5426.0;939.0;1467.0;579.0;1222.0;2488.0;4824.0;859.0;1389.0;-5.0;6.0;20.0;-20.0;UREA
703.0;1438.0;2866.0;5515.0;956.0;1484.0;598.0;1251.0;2531.0;4895.0;878.0;1431.0;-6.0;7.0;32.0;-20.0;UREA
713.0;1469.0;2943.0;5676.0;982.0;1516.0;638.0;1322.0;2669.0;5107.0;890.0;1458.0;-5.0;1.0;25.0;-20.0;UREA
718.0;1467.0;2948.0;5673.0;978.0;1516.0;623.0;1298.0;2625.0;5041.0;890.0;1455.0;-5.0;1.0;25.0;-20.0;UREA
722.0;1483.0;2947.0;5688.0;985.0;1518.0;637.0;1319.0;2671.0;5135.0;900.0;1459.0;-2.0;1.0;25.0;-20.0;UREA
715.0;1465.0;2927.0;5618.0;972.0;1516.0;639.0;1335.0;2709.0;5179.0;901.0;1468.0;-2.0;1.0;28.0;-21.0;UREA
726.0;1484.0;2964.0;5700.0;979.0;1529.0;622.0;1291.0;2613.0;5069.0;895.0;1466.0;0.0;1.0;33.0;-21.0;UREA
731.0;1498.0;2999.0;5746.0;989.0;1526.0;625.0;1312.0;2643.0;5122.0;901.0;1469.0;1.0;2.0;24.0;-21.0;UREA
735.0;1505.0;3001.0;5770.0;989.0;1531.0;640.0;1334.0;2705.0;5164.0;897.0;1473.0;1.0;0.0;28.0;-21.0;UREA
742.0;1511.0;3015.0;5748.0;984.0;1536.0;634.0;1328.0;2699.0;5204.0;909.0;1475.0;3.0;2.0;29.0;-21.0;UREA
736.0;1511.0;3022.0;5821.0;997.0;1547.0;652.0;1360.0;2730.0;5267.0;921.0;1499.0;6.0;3.0;37.0;-19.0;UREA
763.0;1537.0;3107.0;5911.0;1020.0;1574.0;640.0;1330.0;2710.0;5230.0;922.0;1503.0;7.0;4.0;33.0;-18.0;UREA
754.0;1542.0;3077.0;5885.0;1003.0;1555.0;653.0;1359.0;2739.0;5236.0;918.0;1496.0;1.0;6.0;23.0;-18.0;UREA
774.0;1571.0;3098.0;5913.0;1011.0;1561.0;638.0;1327.0;2695.0;5191.0;922.0;1504.0;-5.0;3.0;34.0;-18.0;UREA
777.0;1572.0;3128.0;5967.0;1013.0;1570.0;646.0;1347.0;2712.0;5246.0;927.0;1512.0;-5.0;4.0;25.0;-18.0;UREA
775.0;1574.0;3110.0;5914.0;1017.0;1573.0;653.0;1365.0;2715.0;5307.0;931.0;1516.0;-4.0;4.0;29.0;-20.0;UREA
765.0;1546.0;3094.0;5868.0;1005.0;1567.0;657.0;1384.0;2769.0;5277.0;931.0;1509.0;-5.0;5.0;32.0;-20.0;UREA
794.0;1602.0;3165.0;5992.0;1019.0;1569.0;653.0;1362.0;2748.0;5258.0;925.0;1510.0;-4.0;7.0;27.0;-17.0;UREA
776.0;1574.0;3112.0;5908.0;1014.0;1577.0;658.0;1366.0;2746.0;5305.0;931.0;1502.0;-4.0;4.0;29.0;-21.0;UREA
766.0;1552.0;3086.0;5881.0;1003.0;1561.0;670.0;1383.0;2786.0;5309.0;930.0;1507.0;-4.0;1.0;21.0;-21.0;UREA
763.0;1558.0;3082.0;5920.0;1013.0;1572.0;654.0;1370.0;2768.0;5295.0;929.0;1516.0;-3.0;1.0;30.0;-17.0;UREA
775.0;1573.0;3130.0;5944.0;1016.0;1573.0;651.0;1359.0;2756.0;5311.0;930.0;1515.0;-3.0;1.0;36.0;-21.0;UREA
780.0;1587.0;3141.0;6000.0;1020.0;1583.0;672.0;1387.0;2783.0;5332.0;932.0;1523.0;1.0;0.0;31.0;-22.0;UREA
790.0;1607.0;3179.0;6026.0;1031.0;1598.0;679.0;1414.0;2839.0;5443.0;951.0;1539.0;2.0;0.0;34.0;-21.0;UREA
781.0;1589.0;3153.0;6027.0;1036.0;1594.0;693.0;1425.0;2855.0;5476.0;947.0;1523.0;1.0;0.0;41.0;-21.0;UREA
788.0;1597.0;3165.0;6002.0;1027.0;1587.0;660.0;1383.0;2795.0;5391.0;940.0;1508.0;0.0;0.0;23.0;-21.0;UREA
765.0;1561.0;3092.0;5903.0;1010.0;1575.0;679.0;1400.0;2847.0;5417.0;941.0;1531.0;-3.0;0.0;26.0;-18.0;UREA
790.0;1602.0;3190.0;6042.0;1043.0;1606.0;681.0;1411.0;2877.0;5519.0;958.0;1556.0;-3.0;0.0;40.0;-18.0;UREA
795.0;1619.0;3204.0;6096.0;1039.0;1611.0;667.0;1382.0;2798.0;5404.0;949.0;1543.0;-3.0;4.0;37.0;-20.0;UREA
815.0;1638.0;3253.0;6171.0;1056.0;1624.0;700.0;1458.0;2904.0;5564.0;971.0;1562.0;-3.0;4.0;48.0;-20.0;UREA
808.0;1650.0;3261.0;6210.0;1059.0;1627.0;692.0;1439.0;2902.0;5553.0;978.0;1573.0;-3.0;4.0;40.0;-28.0;UREA
825.0;1671.0;3301.0;6257.0;1060.0;1632.0;681.0;1396.0;2850.0;5478.0;964.0;1566.0;-3.0;2.0;42.0;-28.0;UREA
812.0;1645.0;3249.0;6215.0;1056.0;1638.0;711.0;1478.0;2921.0;5654.0;981.0;1584.0;-3.0;4.0;49.0;-28.0;UREA
815.0;1655.0;3278.0;6246.0;1064.0;1639.0;683.0;1420.0;2887.0;5511.0;975.0;1583.0;-4.0;6.0;43.0;-28.0;UREA
815.0;1657.0;3269.0;6240.0;1056.0;1634.0;692.0;1434.0;2913.0;5597.0;975.0;1585.0;-4.0;6.0;29.0;-26.0;UREA
826.0;1669.0;3310.0;6292.0;1071.0;1654.0;686.0;1426.0;2869.0;5555.0;980.0;1591.0;-4.0;8.0;34.0;-26.0;UREA
829.0;1684.0;3348.0;6331.0;1075.0;1654.0;715.0;1484.0;2983.0;5692.0;987.0;1602.0;-3.0;5.0;41.0;-26.0;UREA
829.0;1684.0;3321.0;6284.0;1069.0;1649.0;717.0;1481.0;2975.0;5657.0;986.0;1591.0;-3.0;3.0;42.0;-26.0;UREA
827.0;1678.0;3325.0;6270.0;1071.0;1643.0;698.0;1464.0;2943.0;5640.0;979.0;1595.0;-2.0;1.0;46.0;-26.0;UREA
823.0;1675.0;3305.0;6264.0;1064.0;1649.0;706.0;1451.0;2925.0;5546.0;981.0;1590.0;-1.0;1.0;44.0;-26.0;UREA
828.0;1682.0;3300.0;6338.0;1074.0;1658.0;723.0;1495.0;3007.0;5708.0;994.0;1604.0;-2.0;1.0;36.0;-26.0;UREA
824.0;1680.0;3319.0;6302.0;1068.0;1654.0;699.0;1456.0;2934.0;5641.0;987.0;1591.0;-2.0;8.0;42.0;-26.0;UREA
840.0;1703.0;3347.0;6318.0;1070.0;1654.0;699.0;1444.0;2904.0;5582.0;978.0;1594.0;-2.0;9.0;46.0;-28.0;UREA
843.0;1693.0;3339.0;6349.0;1085.0;1664.0;737.0;1515.0;3034.0;5738.0;1002.0;1603.0;-3.0;3.0;43.0;-29.0;UREA
848.0;1717.0;3382.0;6341.0;1085.0;1671.0;729.0;1499.0;3012.0;5726.0;996.0;1616.0;-4.0;3.0;46.0;-29.0;UREA
841.0;1700.0;3362.0;6327.0;1080.0;1667.0;707.0;1472.0;2954.0;5678.0;991.0;1600.0;-4.0;1.0;44.0;-29.0;UREA
846.0;1701.0;3357.0;6377.0;1081.0;1668.0;729.0;1516.0;3032.0;5742.0;1002.0;1614.0;-5.0;1.0;37.0;-28.0;UREA
856.0;1722.0;3395.0;6412.0;1085.0;1679.0;735.0;1517.0;3030.0;5773.0;998.0;1616.0;-4.0;3.0;30.0;-27.0;UREA
847.0;1717.0;3380.0;6416.0;1082.0;1684.0;732.0;1514.0;3027.0;5748.0;1002.0;1619.0;-4.0;1.0;40.0;-25.0;UREA
846.0;1723.0;3394.0;6390.0;1084.0;1677.0;725.0;1504.0;3025.0;5803.0;1012.0;1632.0;-5.0;5.0;47.0;-22.0;UREA
860.0;1737.0;3431.0;6486.0;1102.0;1690.0;752.0;1558.0;3092.0;5876.0;1000.0;1642.0;-4.0;5.0;40.0;-22.0;UREA
862.0;1738.0;3431.0;6475.0;1096.0;1710.0;736.0;1520.0;3059.0;5841.0;1019.0;1639.0;-1.0;4.0;50.0;-22.0;UREA
879.0;1771.0;3490.0;6552.0;1118.0;1716.0;732.0;1517.0;3025.0;5770.0;1019.0;1653.0;-4.0;4.0;39.0;-23.0;UREA
878.0;1776.0;3500.0;6597.0;1121.0;1706.0;745.0;1531.0;3070.0;5868.0;1024.0;1660.0;-4.0;3.0;45.0;-23.0;UREA
881.0;1781.0;3496.0;6628.0;1121.0;1709.0;743.0;1527.0;3050.0;5832.0;1024.0;1648.0;-4.0;3.0;31.0;-23.0;UREA
883.0;1788.0;3527.0;6642.0;1121.0;1727.0;749.0;1535.0;3081.0;5864.0;1031.0;1662.0;-1.0;3.0;37.0;-23.0;UREA
879.0;1776.0;3481.0;6527.0;1121.0;1725.0;752.0;1556.0;3128.0;5929.0;1033.0;1673.0;-6.0;3.0;33.0;-23.0;UREA
899.0;1804.0;3551.0;6532.0;1121.0;1731.0;761.0;1559.0;3133.0;5994.0;1041.0;1678.0;-2.0;3.0;48.0;-26.0;UREA
895.0;1796.0;3544.0;6657.0;1128.0;1728.0;775.0;1591.0;3163.0;5961.0;1043.0;1686.0;-2.0;1.0;38.0;-26.0;UREA
904.0;1810.0;3555.0;6660.0;1131.0;1736.0;762.0;1577.0;3170.0;5999.0;1043.0;1665.0;2.0;4.0;43.0;-26.0;UREA
887.0;1783.0;3482.0;6596.0;1120.0;1727.0;737.0;1529.0;3057.0;5868.0;1026.0;1654.0;0.0;4.0;43.0;-26.0;UREA
886.0;1786.0;3489.0;6558.0;1112.0;1722.0;753.0;1545.0;3110.0;5870.0;1026.0;1661.0;0.0;5.0;43.0;-26.0;UREA
889.0;1800.0;3514.0;6628.0;1125.0;1727.0;762.0;1579.0;3150.0;6019.0;1044.0;1674.0;0.0;5.0;38.0;-26.0;UREA
895.0;1798.0;3539.0;6648.0;1118.0;1721.0;739.0;1528.0;3116.0;5941.0;1032.0;1661.0;0.0;2.0;44.0;-26.0;UREA
888.0;1779.0;3504.0;6596.0;1118.0;1730.0;756.0;1541.0;3096.0;5910.0;1038.0;1668.0;0.0;2.0;43.0;-27.0;UREA
901.0;1792.0;3527.0;6655.0;1122.0;1730.0;744.0;1525.0;3079.0;5881.0;1035.0;1667.0;0.0;2.0;36.0;-25.0;UREA
885.0;1774.0;3484.0;6572.0;1120.0;1725.0;736.0;1549.0;3073.0;5906.0;1033.0;1666.0;0.0;5.0;36.0;-28.0;UREA
894.0;1805.0;3514.0;6606.0;1120.0;1729.0;750.0;1553.0;3079.0;5868.0;1033.0;1671.0;2.0;5.0;36.0;-28.0;UREA
876.0;1767.0;3471.0;6566.0;1115.0;1727.0;749.0;1555.0;3116.0;5972.0;1037.0;1661.0;2.0;5.0;35.0;-28.0;UREA
896.0;1813.0;3516.0;6616.0;1124.0;1721.0;759.0;1554.0;3099.0;5923.0;1028.0;1663.0;2.0;5.0;42.0;-23.0;UREA
900.0;1810.0;3524.0;6644.0;1127.0;1737.0;763.0;1573.0;3145.0;6000.0;1040.0;1680.0;0.0;8.0;33.0;-23.0;UREA
898.0;1810.0;3550.0;6621.0;1129.0;1733.0;753.0;1551.0;3105.0;5926.0;1043.0;1687.0;0.0;9.0;45.0;-23.0;UREA
912.0;1841.0;3589.0;6653.0;1138.0;1741.0;755.0;1543.0;3094.0;5939.0;1038.0;1688.0;-3.0;6.0;38.0;-23.0;UREA
900.0;1813.0;3552.0;6697.0;1132.0;1745.0;781.0;1612.0;3201.0;6055.0;1046.0;1684.0;-3.0;5.0;31.0;-24.0;UREA
900.0;1802.0;3534.0;6666.0;1131.0;1744.0;761.0;1553.0;3112.0;5942.0;1041.0;1681.0;-4.0;5.0;31.0;-24.0;UREA
907.0;1817.0;3544.0;6659.0;1127.0;1739.0;761.0;1557.0;3114.0;5971.0;1048.0;1690.0;-4.0;4.0;30.0;-24.0;UREA
907.0;1820.0;3565.0;6669.0;1137.0;1752.0;763.0;1573.0;3157.0;6034.0;1053.0;1697.0;-5.0;5.0;32.0;-22.0;UREA
911.0;1829.0;3559.0;6721.0;1139.0;1750.0;756.0;1554.0;3125.0;6008.0;1051.0;1689.0;-5.0;6.0;40.0;-22.0;UREA
906.0;1832.0;3574.0;6734.0;1142.0;1759.0;764.0;1572.0;3137.0;5974.0;1058.0;1709.0;-3.0;5.0;29.0;-22.0;UREA
913.0;1836.0;3583.0;6755.0;1143.0;1754.0;781.0;1598.0;3200.0;6072.0;1032.0;1699.0;-3.0;2.0;37.0;-24.0;UREA
912.0;1829.0;3562.0;6737.0;1142.0;1751.0;777.0;1599.0;3179.0;6017.0;1053.0;1705.0;-3.0;2.0;39.0;-26.0;UREA
911.0;1839.0;3594.0;6798.0;1152.0;1769.0;795.0;1626.0;3239.0;6150.0;1058.0;1714.0;-1.0;2.0;44.0;-26.0;UREA
922.0;1853.0;3622.0;6829.0;1152.0;1772.0;784.0;1605.0;3174.0;6061.0;1060.0;1716.0;-3.0;5.0;47.0;-26.0;UREA
928.0;1864.0;3635.0;6837.0;1152.0;1776.0;788.0;1601.0;3197.0;6089.0;1062.0;1711.0;-1.0;6.0;35.0;-26.0;UREA
929.0;1862.0;3624.0;6778.0;1145.0;1769.0;775.0;1595.0;3185.0;6058.0;1058.0;1714.0;-1.0;4.0;32.0;-26.0;UREA
934.0;1867.0;3637.0;6776.0;1150.0;1766.0;782.0;1606.0;3239.0;6118.0;1065.0;1713.0;-3.0;9.0;45.0;-27.0;UREA
916.0;1845.0;3605.0;6782.0;1147.0;1758.0;785.0;1619.0;3220.0;6110.0;1066.0;1710.0;-3.0;5.0;34.0;-27.0;UREA
919.0;1847.0;3616.0;6810.0;1148.0;1757.0;785.0;1614.0;3234.0;6074.0;1064.0;1711.0;-3.0;5.0;36.0;-28.0;UREA
926.0;1855.0;3615.0;6830.0;1148.0;1771.0;782.0;1600.0;3215.0;6094.0;1055.0;1716.0;-3.0;5.0;39.0;-28.0;UREA
936.0;1874.0;3635.0;6854.0;1151.0;1782.0;769.0;1585.0;3203.0;6096.0;1065.0;1717.0;-3.0;4.0;38.0;-26.0;UREA
938.0;1861.0;3636.0;6797.0;1151.0;1776.0;772.0;1586.0;3160.0;6056.0;1065.0;1723.0;-2.0;4.0;41.0;-23.0;UREA
935.0;1878.0;3659.0;6864.0;1162.0;1780.0;802.0;1633.0;3265.0;6211.0;1071.0;1719.0;-2.0;4.0;38.0;-26.0;UREA
933.0;1864.0;3647.0;6867.0;1154.0;1774.0;792.0;1621.0;3247.0;6183.0;1063.0;1721.0;1.0;6.0;40.0;-23.0;UREA
926.0;1851.0;3630.0;6818.0;1150.0;1774.0;796.0;1634.0;3263.0;6170.0;1070.0;1734.0;-2.0;4.0;37.0;-26.0;UREA
934.0;1872.0;3644.0;6835.0;1161.0;1769.0;781.0;1608.0;3209.0;6095.0;1064.0;1718.0;-2.0;2.0;30.0;-25.0;UREA
926.0;1849.0;3613.0;6800.0;1151.0;1784.0;791.0;1623.0;3234.0;6182.0;1081.0;1730.0;-5.0;2.0;32.0;-25.0;UREA
939.0;1882.0;3667.0;6900.0;1160.0;1785.0;800.0;1628.0;3246.0;6113.0;1070.0;1720.0;-5.0;2.0;26.0;-24.0;UREA
939.0;1875.0;3664.0;6834.0;1157.0;1783.0;813.0;1678.0;3331.0;6258.0;1083.0;1736.0;-6.0;2.0;32.0;-25.0;UREA
944.0;1881.0;3657.0;6869.0;1162.0;1791.0;793.0;1625.0;3263.0;6230.0;1076.0;1734.0;-5.0;1.0;38.0;-24.0;UREA
925.0;1866.0;3635.0;6867.0;1157.0;1784.0;800.0;1643.0;3268.0;6244.0;1081.0;1740.0;-6.0;2.0;31.0;-24.0;UREA
943.0;1895.0;3657.0;6852.0;1159.0;1793.0;795.0;1642.0;3260.0;6195.0;1078.0;1736.0;1.0;1.0;40.0;-26.0;UREA
933.0;1866.0;3639.0;6851.0;1155.0;1788.0;793.0;1618.0;3227.0;6149.0;1072.0;1724.0;-8.0;-2.0;40.0;-26.0;UREA
931.0;1869.0;3646.0;6859.0;1159.0;1787.0;776.0;1601.0;3214.0;6138.0;1065.0;1727.0;6.0;-2.0;42.0;-25.0;UREA
923.0;1855.0;3625.0;6814.0;1152.0;1779.0;789.0;1612.0;3245.0;6133.0;1067.0;1728.0;3.0;0.0;36.0;-26.0;UREA
938.0;1889.0;3655.0;6848.0;1162.0;1778.0;775.0;1595.0;3164.0;6026.0;1067.0;1714.0;3.0;0.0;35.0;-25.0;UREA
931.0;1869.0;3643.0;6797.0;1154.0;1785.0;788.0;1601.0;3170.0;6069.0;1062.0;1723.0;0.0;1.0;36.0;-25.0;UREA
926.0;1866.0;3610.0;6834.0;1147.0;1771.0;790.0;1637.0;3249.0;6169.0;1068.0;1724.0;0.0;6.0;34.0;-27.0;UREA
936.0;1875.0;3653.0;6798.0;1155.0;1767.0;774.0;1578.0;3153.0;6063.0;1062.0;1717.0;-4.0;5.0;32.0;-27.0;UREA
934.0;1873.0;3645.0;6840.0;1151.0;1773.0;800.0;1631.0;3211.0;6150.0;1067.0;1727.0;-4.0;5.0;22.0;-27.0;UREA
936.0;1869.0;3650.0;6821.0;1155.0;1781.0;775.0;1607.0;3212.0;6162.0;1074.0;1725.0;-4.0;5.0;36.0;-27.0;UREA
937.0;1877.0;3664.0;6864.0;1157.0;1782.0;810.0;1654.0;3281.0;6197.0;1078.0;1734.0;-3.0;5.0;32.0;-27.0;UREA
933.0;1868.0;3655.0;6868.0;1148.0;1780.0;804.0;1649.0;3256.0;6175.0;1067.0;1693.0;-3.0;10.0;44.0;-22.0;UREA
937.0;1868.0;3661.0;6866.0;1164.0;1781.0;799.0;1632.0;3238.0;6145.0;1072.0;1735.0;-3.0;2.0;27.0;-22.0;UREA
953.0;1876.0;3688.0;6872.0;1159.0;1788.0;806.0;1648.0;3258.0;6193.0;1074.0;1742.0;-3.0;4.0;34.0;-22.0;UREA
945.0;1887.0;3667.0;6843.0;1165.0;1782.0;804.0;1635.0;3298.0;6241.0;1077.0;1736.0;-4.0;2.0;25.0;-22.0;UREA
942.0;1867.0;3656.0;6846.0;1154.0;1781.0;791.0;1619.0;3238.0;6164.0;1066.0;1729.0;-6.0;4.0;38.0;-22.0;UREA
932.0;1876.0;3646.0;6831.0;1160.0;1779.0;801.0;1636.0;3251.0;6146.0;1068.0;1727.0;-7.0;4.0;33.0;-22.0;UREA
933.0;1873.0;3624.0;6849.0;1155.0;1780.0;795.0;1617.0;3223.0;6104.0;1067.0;1720.0;-8.0;4.0;37.0;-22.0;UREA
939.0;1876.0;3653.0;6858.0;1158.0;1784.0;797.0;1639.0;3249.0;6132.0;1075.0;1733.0;-8.0;4.0;38.0;-24.0;UREA
947.0;1881.0;3683.0;6884.0;1162.0;1775.0;791.0;1615.0;3241.0;6138.0;1067.0;1740.0;-8.0;4.0;25.0;-24.0;UREA
951.0;1899.0;3703.0;6956.0;1162.0;1782.0;803.0;1649.0;3269.0;6179.0;1071.0;1751.0;-3.0;4.0;24.0;-24.0;UREA
963.0;1927.0;3717.0;6935.0;1171.0;1797.0;809.0;1651.0;3260.0;6177.0;1078.0;1742.0;-2.0;4.0;38.0;-24.0;UREA
952.0;1902.0;3682.0;6909.0;1165.0;1800.0;814.0;1658.0;3294.0;6222.0;1082.0;1742.0;-2.0;2.0;34.0;-24.0;UREA
947.0;1905.0;3702.0;6910.0;1165.0;1794.0;780.0;1626.0;3249.0;6183.0;1077.0;1742.0;-2.0;2.0;41.0;-24.0;UREA
937.0;1883.0;3648.0;6862.0;1162.0;1780.0;796.0;1630.0;3253.0;6177.0;1083.0;1750.0;-3.0;2.0;29.0;-24.0;UREA
948.0;1890.0;3682.0;6908.0;1168.0;1798.0;796.0;1627.0;3250.0;6183.0;1074.0;1742.0;-4.0;2.0;38.0;-26.0;UREA
953.0;1898.0;3684.0;6908.0;1161.0;1800.0;809.0;1660.0;3314.0;6253.0;1082.0;1745.0;-4.0;1.0;35.0;-24.0;UREA
938.0;1889.0;3651.0;6857.0;1166.0;1785.0;798.0;1635.0;3247.0;6147.0;1076.0;1741.0;-7.0;2.0;25.0;-24.0;UREA
940.0;1875.0;3656.0;6878.0;1159.0;1797.0;810.0;1660.0;3295.0;6242.0;1079.0;1731.0;-7.0;1.0;39.0;-24.0;UREA
941.0;1886.0;3663.0;6881.0;1156.0;1790.0;793.0;1630.0;3238.0;6127.0;1072.0;1737.0;-4.0;0.0;36.0;-24.0;UREA
950.0;1901.0;3677.0;6888.0;1160.0;1791.0;800.0;1640.0;3204.0;6154.0;1061.0;1741.0;-4.0;0.0;30.0;-24.0;UREA
948.0;1899.0;3684.0;6914.0;1165.0;1785.0;806.0;1642.0;3261.0;6195.0;1073.0;1738.0;-7.0;0.0;35.0;-24.0;UREA
943.0;1888.0;3661.0;6885.0;1166.0;1792.0;821.0;1686.0;3311.0;6248.0;1078.0;1748.0;-4.0;3.0;36.0;-24.0;UREA
962.0;1920.0;3711.0;6949.0;1169.0;1793.0;788.0;1618.0;3228.0;6130.0;1072.0;1737.0;-7.0;3.0;26.0;-24.0;UREA
950.0;1889.0;3659.0;6899.0;1163.0;1790.0;799.0;1638.0;3278.0;6227.0;1078.0;1738.0;-7.0;5.0;23.0;-25.0;UREA
946.0;1893.0;3678.0;6897.0;1160.0;1799.0;791.0;1629.0;3237.0;6143.0;1078.0;1742.0;-5.0;3.0;31.0;-25.0;UREA
950.0;1899.0;3686.0;6918.0;1162.0;1774.0;787.0;1619.0;3234.0;6174.0;1077.0;1740.0;-4.0;4.0;37.0;-20.0;UREA
946.0;1886.0;3654.0;6828.0;1153.0;1779.0;814.0;1669.0;3332.0;6292.0;1085.0;1744.0;-1.0;4.0;35.0;-23.0;UREA
945.0;1886.0;3660.0;6869.0;1163.0;1792.0;794.0;1618.0;3224.0;6163.0;1072.0;1740.0;0.0;4.0;39.0;-21.0;UREA
932.0;1864.0;3646.0;6867.0;1158.0;1781.0;800.0;1642.0;3222.0;6112.0;1067.0;1737.0;0.0;8.0;34.0;-21.0;UREA
933.0;1872.0;3636.0;6805.0;1151.0;1775.0;790.0;1607.0;3202.0;6109.0;1070.0;1732.0;0.0;6.0;28.0;-23.0;UREA
942.0;1883.0;3654.0;6838.0;1155.0;1782.0;796.0;1643.0;3277.0;6217.0;1078.0;1747.0;0.0;6.0;39.0;-23.0;UREA
956.0;1912.0;3731.0;6971.0;1166.0;1792.0;796.0;1625.0;3242.0;6201.0;1082.0;1734.0;0.0;6.0;34.0;-23.0;UREA
948.0;1889.0;3677.0;6882.0;1164.0;1792.0;794.0;1618.0;3240.0;6174.0;1079.0;1734.0;-1.0;8.0;28.0;-26.0;UREA
944.0;1891.0;3677.0;6862.0;1154.0;1787.0;793.0;1634.0;3241.0;6182.0;1076.0;1735.0;-1.0;5.0;29.0;-26.0;UREA
930.0;1856.0;3633.0;6805.0;1147.0;1773.0;785.0;1604.0;3172.0;6071.0;1067.0;1725.0;-1.0;5.0;33.0;-24.0;UREA
939.0;1884.0;3665.0;6815.0;1152.0;1780.0;792.0;1623.0;3204.0;6121.0;1072.0;1731.0;-1.0;5.0;32.0;-28.0;UREA
943.0;1880.0;3660.0;6888.0;1155.0;1778.0;816.0;1642.0;3269.0;6176.0;1074.0;1735.0;-1.0;5.0;32.0;-28.0;UREA
943.0;1865.0;3649.0;6854.0;1155.0;1788.0;788.0;1626.0;3267.0;6155.0;1064.0;1739.0;0.0;5.0;34.0;-27.0;UREA
950.0;1898.0;3681.0;6879.0;1156.0;1790.0;799.0;1633.0;3281.0;6237.0;1083.0;1746.0;2.0;5.0;39.0;-24.0;UREA
942.0;1884.0;3673.0;6885.0;1158.0;1782.0;799.0;1620.0;3223.0;6129.0;1069.0;1732.0;3.0;5.0;33.0;-22.0;UREA
953.0;1891.0;3656.0;6886.0;1168.0;1794.0;798.0;1634.0;3235.0;6197.0;1078.0;1738.0;2.0;4.0;31.0;-22.0;UREA
948.0;1884.0;3665.0;6878.0;1163.0;1791.0;806.0;1639.0;3227.0;6190.0;1075.0;1755.0;2.0;4.0;38.0;-20.0;UREA
952.0;1895.0;3673.0;6864.0;1160.0;1798.0;797.0;1629.0;3219.0;6164.0;1076.0;1744.0;-9.0;4.0;23.0;-20.0;UREA
948.0;1895.0;3669.0;6865.0;1160.0;1800.0;813.0;1669.0;3307.0;6256.0;1082.0;1750.0;-9.0;4.0;29.0;-26.0;UREA
949.0;1894.0;3685.0;6924.0;1168.0;1794.0;819.0;1684.0;3343.0;6320.0;1082.0;1753.0;-9.0;4.0;30.0;-27.0;UREA
951.0;1899.0;3677.0;6907.0;1162.0;1792.0;813.0;1657.0;3286.0;6283.0;1085.0;1744.0;-2.0;7.0;30.0;-27.0;UREA
966.0;1921.0;3748.0;6967.0;1173.0;1793.0;832.0;1690.0;3357.0;6328.0;1087.0;1747.0;-2.0;8.0;38.0;-27.0;UREA
939.0;1881.0;3667.0;6843.0;1154.0;1790.0;811.0;1666.0;3304.0;6270.0;1079.0;1734.0;-2.0;6.0;36.0;-24.0;UREA
941.0;1882.0;3645.0;6859.0;1154.0;1776.0;793.0;1614.0;3197.0;6061.0;1065.0;1735.0;-4.0;5.0;28.0;-23.0;UREA
946.0;1880.0;3638.0;6809.0;1145.0;1776.0;807.0;1658.0;3294.0;6223.0;1081.0;1739.0;-4.0;6.0;33.0;-23.0;UREA
957.0;1912.0;3685.0;6864.0;1160.0;1785.0;779.0;1604.0;3194.0;6139.0;1070.0;1732.0;-4.0;5.0;36.0;-23.0;UREA
941.0;1878.0;3645.0;6854.0;1151.0;1784.0;802.0;1642.0;3265.0;6196.0;1075.0;1736.0;-4.0;5.0;29.0;-22.0;UREA
941.0;1887.0;3679.0;6877.0;1162.0;1779.0;780.0;1607.0;3216.0;6114.0;1074.0;1733.0;-4.0;2.0;50.0;-22.0;UREA
948.0;1884.0;3663.0;6799.0;1157.0;1784.0;803.0;1642.0;3309.0;6246.0;1082.0;1731.0;-7.0;1.0;39.0;-23.0;UREA
939.0;1871.0;3637.0;6824.0;1152.0;1767.0;788.0;1608.0;3200.0;6073.0;1060.0;1728.0;-3.0;2.0;31.0;-24.0;UREA
948.0;1883.0;3676.0;6833.0;1153.0;1781.0;814.0;1669.0;3282.0;6217.0;1071.0;1724.0;-7.0;2.0;31.0;-24.0;UREA
945.0;1883.0;3646.0;6822.0;1147.0;1774.0;793.0;1624.0;3256.0;6180.0;1070.0;1717.0;-7.0;2.0;40.0;-24.0;UREA
931.0;1863.0;3623.0;6748.0;1142.0;1770.0;782.0;1595.0;3194.0;6079.0;1067.0;1723.0;-5.0;6.0;25.0;-24.0;UREA
938.0;1857.0;3619.0;6790.0;1147.0;1770.0;806.0;1661.0;3274.0;6183.0;1065.0;1731.0;-4.0;9.0;28.0;-24.0;UREA
941.0;1879.0;3655.0;6808.0;1149.0;1776.0;806.0;1632.0;3256.0;6178.0;1075.0;1722.0;-5.0;2.0;30.0;-23.0;UREA
949.0;1891.0;3674.0;6879.0;1157.0;1777.0;787.0;1613.0;3207.0;6102.0;1062.0;1723.0;-4.0;7.0;37.0;-24.0;UREA
945.0;1878.0;3652.0;6826.0;1157.0;1783.0;823.0;1682.0;3311.0;6262.0;1081.0;1743.0;-4.0;2.0;31.0;-24.0;UREA
955.0;1903.0;3667.0;6907.0;1161.0;1782.0;812.0;1639.0;3255.0;6147.0;1073.0;1745.0;-1.0;1.0;41.0;-23.0;UREA
943.0;1891.0;3659.0;6831.0;1153.0;1786.0;807.0;1645.0;3287.0;6205.0;1079.0;1739.0;7.0;2.0;32.0;-22.0;UREA
947.0;1888.0;3684.0;6852.0;1153.0;1782.0;819.0;1670.0;3324.0;6249.0;1082.0;1737.0;6.0;2.0;36.0;-21.0;UREA
935.0;1883.0;3640.0;6873.0;1158.0;1779.0;799.0;1632.0;3240.0;6135.0;1067.0;1727.0;5.0;2.0;34.0;-21.0;UREA
940.0;1867.0;3616.0;6783.0;1146.0;1769.0;808.0;1643.0;3269.0;6166.0;1071.0;1729.0;0.0;3.0;28.0;-21.0;UREA
930.0;1858.0;3622.0;6821.0;1147.0;1773.0;806.0;1659.0;3294.0;6183.0;1069.0;1730.0;-1.0;5.0;29.0;-18.0;UREA
941.0;1879.0;3640.0;6803.0;1144.0;1780.0;804.0;1643.0;3265.0;6171.0;1073.0;1729.0;-1.0;7.0;31.0;-21.0;UREA
945.0;1889.0;3654.0;6816.0;1145.0;1765.0;792.0;1606.0;3224.0;6132.0;1066.0;1722.0;-1.0;9.0;39.0;-21.0;UREA
928.0;1848.0;3590.0;6766.0;1144.0;1774.0;799.0;1622.0;3247.0;6137.0;1064.0;1726.0;-1.0;10.0;35.0;-21.0;UREA
944.0;1886.0;3638.0;6792.0;1144.0;1775.0;786.0;1617.0;3209.0;6124.0;1065.0;1733.0;-10.0;0.0;30.0;-21.0;UREA
941.0;1870.0;3640.0;6774.0;1149.0;1777.0;812.0;1656.0;3302.0;6212.0;1079.0;1732.0;-10.0;0.0;23.0;-22.0;UREA
944.0;1882.0;3644.0;6868.0;1154.0;1784.0;810.0;1658.0;3286.0;6106.0;1077.0;1733.0;-10.0;0.0;25.0;-22.0;UREA
932.0;1873.0;3661.0;6815.0;1153.0;1775.0;814.0;1655.0;3300.0;6195.0;1075.0;1731.0;-10.0;0.0;19.0;-18.0;UREA
939.0;1867.0;3635.0;6809.0;1147.0;1774.0;791.0;1611.0;3204.0;6063.0;1054.0;1727.0;-7.0;2.0;19.0;-18.0;UREA
937.0;1877.0;3620.0;6774.0;1150.0;1777.0;786.0;1610.0;3202.0;6129.0;1066.0;1733.0;-7.0;4.0;30.0;-23.0;UREA
938.0;1878.0;3652.0;6843.0;1151.0;1778.0;801.0;1632.0;3223.0;6126.0;1066.0;1733.0;-7.0;6.0;17.0;-21.0;UREA
941.0;1862.0;3639.0;6833.0;1151.0;1768.0;807.0;1641.0;3252.0;6144.0;1060.0;1719.0;-5.0;6.0;20.0;-21.0;UREA
936.0;1868.0;3630.0;6786.0;1147.0;1775.0;806.0;1652.0;3300.0;6206.0;1071.0;1726.0;-7.0;9.0;33.0;-21.0;UREA
949.0;1887.0;3665.0;6844.0;1152.0;1771.0;809.0;1655.0;3290.0;6211.0;1075.0;1718.0;-6.0;1.0;31.0;-21.0;UREA
932.0;1875.0;3617.0;6801.0;1143.0;1786.0;786.0;1601.0;3211.0;6099.0;1052.0;1727.0;-6.0;6.0;27.0;-21.0;UREA
928.0;1854.0;3616.0;6769.0;1146.0;1765.0;778.0;1595.0;3195.0;6042.0;1053.0;1723.0;-6.0;1.0;35.0;-22.0;UREA
942.0;1872.0;3634.0;6796.0;1152.0;1773.0;780.0;1603.0;3179.0;6090.0;1062.0;1720.0;-6.0;0.0;26.0;-22.0;UREA
944.0;1880.0;3661.0;6813.0;1148.0;1764.0;796.0;1630.0;3252.0;6123.0;1070.0;1721.0;-6.0;0.0;31.0;-23.0;UREA
936.0;1869.0;3618.0;6747.0;1137.0;1766.0;782.0;1602.0;3200.0;6083.0;1064.0;1721.0;2.0;0.0;28.0;-23.0;UREA
934.0;1864.0;3618.0;6778.0;1146.0;1770.0;794.0;1613.0;3208.0;6092.0;1069.0;1726.0;6.0;0.0;39.0;-23.0;UREA
942.0;1891.0;3660.0;6829.0;1148.0;1771.0;788.0;1615.0;3191.0;6063.0;1059.0;1723.0;6.0;2.0;31.0;-22.0;UREA
943.0;1871.0;3605.0;6775.0;1141.0;1772.0;808.0;1650.0;3279.0;6191.0;1071.0;1727.0;7.0;4.0;41.0;-23.0;UREA
929.0;1865.0;3623.0;6771.0;1145.0;1772.0;771.0;1586.0;3170.0;6063.0;1062.0;1710.0;-3.0;2.0;31.0;-23.0;UREA
921.0;1851.0;3579.0;6738.0;1140.0;1762.0;787.0;1622.0;3222.0;6131.0;1069.0;1723.0;-3.0;4.0;31.0;-23.0;UREA
931.0;1869.0;3616.0;6717.0;1142.0;1765.0;792.0;1610.0;3196.0;6041.0;1059.0;1715.0;-7.0;3.0;17.0;-23.0;UREA
930.0;1868.0;3616.0;6764.0;1144.0;1756.0;804.0;1642.0;3289.0;6170.0;1071.0;1727.0;-3.0;4.0;36.0;-23.0;UREA
937.0;1881.0;3641.0;6795.0;1144.0;1774.0;788.0;1613.0;3212.0;6088.0;1064.0;1722.0;-2.0;3.0;25.0;-22.0;UREA
931.0;1866.0;3616.0;6759.0;1141.0;1751.0;806.0;1654.0;3258.0;6159.0;1066.0;1716.0;1.0;8.0;35.0;-20.0;UREA
930.0;1863.0;3634.0;6781.0;1142.0;1766.0;795.0;1613.0;3224.0;6122.0;1070.0;1732.0;-2.0;6.0;35.0;-20.0;UREA
940.0;1856.0;3591.0;6757.0;1134.0;1772.0;815.0;1661.0;3299.0;6206.0;1067.0;1727.0;-2.0;6.0;35.0;-20.0;UREA
929.0;1850.0;3585.0;6718.0;1143.0;1764.0;804.0;1635.0;3241.0;6145.0;1066.0;1716.0;-2.0;9.0;26.0;-20.0;UREA
926.0;1847.0;3582.0;6710.0;1142.0;1748.0;773.0;1574.0;3163.0;6002.0;1053.0;1710.0;-2.0;6.0;26.0;-21.0;UREA
931.0;1858.0;3613.0;6712.0;1139.0;1760.0;789.0;1611.0;3212.0;6057.0;1064.0;1710.0;-4.0;2.0;27.0;-21.0;UREA
930.0;1867.0;3611.0;6738.0;1143.0;1761.0;796.0;1627.0;3242.0;6133.0;1065.0;1722.0;-4.0;2.0;36.0;-26.0;UREA
936.0;1865.0;3634.0;6758.0;1147.0;1773.0;791.0;1608.0;3190.0;6089.0;1060.0;1710.0;-4.0;6.0;29.0;-26.0;UREA
929.0;1858.0;3607.0;6706.0;1138.0;1770.0;787.0;1614.0;3209.0;6122.0;1063.0;1720.0;-4.0;1.0;28.0;-26.0;UREA
932.0;1863.0;3589.0;6788.0;1144.0;1772.0;791.0;1625.0;3227.0;6152.0;1071.0;1727.0;-4.0;6.0;28.0;-27.0;UREA
935.0;1860.0;3609.0;6770.0;1147.0;1764.0;789.0;1604.0;3184.0;6014.0;1061.0;1728.0;0.0;6.0;27.0;-21.0;UREA
931.0;1862.0;3614.0;6759.0;1142.0;1775.0;785.0;1601.0;3103.0;6094.0;1063.0;1733.0;0.0;5.0;21.0;-19.0;UREA
940.0;1864.0;3625.0;6770.0;1150.0;1784.0;790.0;1622.0;3221.0;6157.0;1071.0;1744.0;0.0;4.0;32.0;-21.0;UREA
945.0;1879.0;3667.0;6818.0;1152.0;1777.0;798.0;1642.0;3248.0;6208.0;1075.0;1737.0;0.0;5.0;30.0;-19.0;UREA
945.0;1881.0;3638.0;6788.0;1148.0;1767.0;789.0;1617.0;3215.0;6131.0;1072.0;1725.0;0.0;4.0;22.0;-18.0;UREA
937.0;1868.0;3617.0;6728.0;1137.0;1770.0;794.0;1633.0;3257.0;6168.0;1072.0;1730.0;-1.0;4.0;28.0;-19.0;UREA
948.0;1886.0;3652.0;6796.0;1143.0;1770.0;813.0;1657.0;3288.0;6189.0;1075.0;1748.0;0.0;4.0;37.0;-19.0;UREA
936.0;1865.0;3613.0;6759.0;1149.0;1778.0;821.0;1664.0;3271.0;6191.0;1073.0;1733.0;0.0;2.0;28.0;-19.0;UREA
942.0;1871.0;3624.0;6821.0;1154.0;1777.0;810.0;1652.0;3284.0;6226.0;1074.0;1739.0;-7.0;2.0;32.0;-19.0;UREA
939.0;1882.0;3631.0;6811.0;1147.0;1773.0;804.0;1642.0;3249.0;6183.0;1067.0;1737.0;-7.0;2.0;26.0;-22.0;UREA
948.0;1899.0;3660.0;6838.0;1149.0;1781.0;801.0;1639.0;3245.0;6150.0;1075.0;1730.0;-6.0;2.0;22.0;-21.0;UREA
932.0;1866.0;3605.0;6793.0;1145.0;1771.0;796.0;1634.0;3237.0;6096.0;1063.0;1722.0;-6.0;3.0;28.0;-21.0;UREA
945.0;1872.0;3633.0;6777.0;1140.0;1766.0;809.0;1648.0;3250.0;6137.0;1056.0;1716.0;-6.0;2.0;28.0;-18.0;UREA
930.0;1851.0;3606.0;6747.0;1136.0;1758.0;790.0;1611.0;3204.0;6054.0;1055.0;1707.0;-6.0;5.0;31.0;-20.0;UREA
943.0;1879.0;3633.0;6748.0;1136.0;1762.0;791.0;1605.0;3197.0;6083.0;1061.0;1717.0;-6.0;5.0;28.0;-20.0;UREA
940.0;1878.0;3651.0;6792.0;1132.0;1766.0;803.0;1649.0;3259.0;6121.0;1060.0;1721.0;-5.0;6.0;31.0;-20.0;UREA
933.0;1868.0;3625.0;6785.0;1140.0;1767.0;810.0;1654.0;3272.0;6174.0;1068.0;1729.0;-2.0;8.0;23.0;-20.0;UREA
927.0;1855.0;3603.0;6719.0;1140.0;1763.0;814.0;1667.0;3281.0;6180.0;1062.0;1715.0;2.0;5.0;28.0;-21.0;UREA
931.0;1854.0;3620.0;6707.0;1131.0;1759.0;787.0;1608.0;3202.0;6081.0;1068.0;1712.0;0.0;2.0;21.0;-21.0;UREA
938.0;1866.0;3629.0;6774.0;1145.0;1779.0;818.0;1667.0;3289.0;6234.0;1071.0;1731.0;2.0;2.0;33.0;-21.0;UREA
932.0;1863.0;3626.0;6779.0;1150.0;1785.0;779.0;1603.0;3167.0;6058.0;1058.0;1728.0;3.0;4.0;32.0;-21.0;UREA
938.0;1869.0;3638.0;6767.0;1147.0;1766.0;810.0;1654.0;3292.0;6183.0;1077.0;1723.0;3.0;2.0;32.0;-22.0;UREA
938.0;1869.0;3627.0;6806.0;1143.0;1785.0;799.0;1585.0;3227.0;6132.0;1078.0;1736.0;0.0;4.0;30.0;-21.0;UREA
950.0;1894.0;3676.0;6829.0;1158.0;1785.0;799.0;1635.0;3255.0;6209.0;1078.0;1737.0;3.0;3.0;31.0;-22.0;UREA
953.0;1898.0;3656.0;6850.0;1152.0;1781.0;800.0;1623.0;3227.0;6111.0;1074.0;1731.0;3.0;3.0;30.0;-25.0;UREA
949.0;1883.0;3658.0;6828.0;1151.0;1778.0;823.0;1675.0;3308.0;6234.0;1076.0;1734.0;2.0;2.0;32.0;-25.0;UREA
944.0;1881.0;3640.0;6836.0;1151.0;1778.0;803.0;1650.0;3262.0;6194.0;1072.0;1728.0;3.0;4.0;30.0;-25.0;UREA
936.0;1847.0;3638.0;6772.0;1143.0;1764.0;819.0;1668.0;3289.0;6209.0;1073.0;1732.0;2.0;3.0;33.0;-25.0;UREA
948.0;1880.0;3638.0;6806.0;1146.0;1774.0;789.0;1623.0;3212.0;6125.0;1066.0;1728.0;2.0;3.0;28.0;-25.0;UREA
935.0;1858.0;3622.0;6777.0;1147.0;1772.0;808.0;1661.0;3290.0;6235.0;1071.0;1728.0;2.0;2.0;23.0;-21.0;UREA
958.0;1908.0;3636.0;6874.0;1156.0;1789.0;791.0;1620.0;3229.0;6116.0;1068.0;1738.0;-3.0;2.0;17.0;-21.0;UREA
949.0;1892.0;3656.0;6830.0;1156.0;1778.0;838.0;1699.0;3328.0;6278.0;1078.0;1741.0;-3.0;2.0;25.0;-25.0;UREA
956.0;1894.0;3681.0;6875.0;1159.0;1786.0;791.0;1629.0;3231.0;6136.0;1073.0;1724.0;-2.0;6.0;25.0;-20.0;UREA
946.0;1881.0;3628.0;6787.0;1150.0;1787.0;799.0;1629.0;3238.0;6132.0;1068.0;1730.0;0.0;5.0;30.0;-26.0;UREA
951.0;1892.0;3647.0;6754.0;1148.0;1773.0;788.0;1610.0;3236.0;6124.0;1061.0;1726.0;0.0;5.0;29.0;-26.0;UREA
939.0;1869.0;3630.0;6765.0;1140.0;1757.0;794.0;1629.0;3210.0;6061.0;1060.0;1725.0;7.0;4.0;29.0;-22.0;UREA
948.0;1887.0;3660.0;6788.0;1149.0;1767.0;807.0;1663.0;3276.0;6210.0;1071.0;1726.0;8.0;7.0;29.0;-21.0;UREA
949.0;1890.0;3645.0;6798.0;1155.0;1775.0;810.0;1644.0;3290.0;6195.0;1079.0;1732.0;4.0;5.0;27.0;-22.0;UREA
944.0;1892.0;3652.0;6821.0;1150.0;1766.0;808.0;1649.0;3279.0;6190.0;1072.0;1736.0;-5.0;6.0;22.0;-21.0;UREA
949.0;1895.0;3658.0;6836.0;1145.0;1784.0;817.0;1670.0;3324.0;6217.0;1083.0;1737.0;-5.0;3.0;20.0;-20.0;UREA
950.0;1881.0;3664.0;6841.0;1151.0;1786.0;801.0;1632.0;3219.0;6114.0;1071.0;1733.0;-5.0;3.0;22.0;-18.0;UREA
939.0;1882.0;3644.0;6801.0;1150.0;1774.0;802.0;1649.0;3279.0;6182.0;1066.0;1734.0;-2.0;2.0;31.0;-20.0;UREA
943.0;1882.0;3636.0;6812.0;1148.0;1779.0;790.0;1614.0;3211.0;6108.0;1059.0;1722.0;-2.0;2.0;25.0;-18.0;UREA
948.0;1878.0;3639.0;6834.0;1153.0;1779.0;795.0;1629.0;3251.0;6195.0;1072.0;1739.0;-2.0;3.0;18.0;-16.0;UREA
933.0;1870.0;3628.0;6812.0;1145.0;1775.0;805.0;1634.0;3243.0;6187.0;1071.0;1728.0;-2.0;3.0;20.0;-18.0;UREA
932.0;1871.0;3626.0;6817.0;1146.0;1777.0;805.0;1644.0;3272.0;6136.0;1068.0;1735.0;-2.0;7.0;26.0;-15.0;UREA
949.0;1871.0;3632.0;6797.0;1149.0;1779.0;790.0;1624.0;3219.0;6124.0;1078.0;1738.0;-2.0;4.0;22.0;-14.0;UREA
943.0;1877.0;3669.0;6823.0;1157.0;1781.0;808.0;1645.0;3240.0;6158.0;1073.0;1726.0;-4.0;7.0;22.0;-14.0;UREA
940.0;1879.0;3650.0;6799.0;1146.0;1777.0;813.0;1675.0;3302.0;6222.0;1072.0;1711.0;1.0;4.0;24.0;-16.0;UREA
948.0;1893.0;3631.0;6811.0;1146.0;1773.0;820.0;1677.0;3332.0;6263.0;1078.0;1740.0;0.0;7.0;18.0;-15.0;UREA
937.0;1862.0;3617.0;6795.0;1146.0;1771.0;806.0;1647.0;3280.0;6201.0;1064.0;1746.0;0.0;7.0;24.0;-16.0;UREA
952.0;1887.0;3666.0;6883.0;1155.0;1775.0;817.0;1664.0;3287.0;6204.0;1069.0;1734.0;-1.0;9.0;30.0;-17.0;UREA
958.0;1906.0;3658.0;6798.0;1152.0;1787.0;817.0;1665.0;3294.0;6167.0;1075.0;1740.0;-1.0;7.0;21.0;-17.0;UREA
962.0;1897.0;3674.0;6831.0;1150.0;1784.0;805.0;1636.0;3232.0;6130.0;1068.0;1735.0;-2.0;5.0;25.0;-18.0;UREA
943.0;1893.0;3681.0;6823.0;1150.0;1783.0;818.0;1680.0;3325.0;6233.0;1077.0;1743.0;-4.0;8.0;21.0;-18.0;UREA
964.0;1913.0;3691.0;6811.0;1151.0;1779.0;809.0;1645.0;3250.0;6132.0;1073.0;1731.0;-7.0;10.0;31.0;-18.0;UREA
946.0;1886.0;3633.0;6803.0;1150.0;1782.0;824.0;1678.0;3276.0;6279.0;1081.0;1743.0;-4.0;8.0;18.0;-17.0;UREA
962.0;1906.0;3665.0;6847.0;1157.0;1780.0;822.0;1675.0;3302.0;6236.0;1080.0;1735.0;-5.0;2.0;14.0;-16.0;UREA
939.0;1892.0;3667.0;6818.0;1149.0;1778.0;801.0;1630.0;3260.0;6189.0;1079.0;1744.0;-5.0;3.0;19.0;-16.0;UREA
944.0;1894.0;3665.0;6829.0;1154.0;1783.0;801.0;1638.0;3264.0;6192.0;1074.0;1731.0;-5.0;2.0;19.0;-19.0;UREA
954.0;1909.0;3677.0;6822.0;1151.0;1769.0;805.0;1647.0;3248.0;6141.0;1068.0;1729.0;5.0;5.0;29.0;-19.0;UREA
946.0;1889.0;3635.0;6786.0;1150.0;1774.0;811.0;1642.0;3252.0;6152.0;1070.0;1728.0;-5.0;-1.0;15.0;-19.0;UREA
942.0;1879.0;3647.0;6780.0;1142.0;1772.0;808.0;1650.0;3282.0;6197.0;1072.0;1731.0;-1.0;3.0;23.0;-19.0;UREA
956.0;1900.0;3650.0;6815.0;1147.0;1774.0;818.0;1658.0;3275.0;6188.0;1070.0;1737.0;-1.0;2.0;16.0;-18.0;UREA
939.0;1870.0;3615.0;6787.0;1149.0;1775.0;818.0;1675.0;3287.0;6205.0;1070.0;1735.0;2.0;2.0;21.0;-18.0;UREA
943.0;1882.0;3631.0;6805.0;1149.0;1780.0;792.0;1623.0;3221.0;6143.0;1070.0;1735.0;0.0;2.0;26.0;-17.0;UREA
949.0;1886.0;3639.0;6782.0;1147.0;1779.0;803.0;1653.0;3231.0;6197.0;1077.0;1726.0;4.0;2.0;20.0;-18.0;UREA
948.0;1880.0;3646.0;6817.0;1147.0;1775.0;820.0;1673.0;3309.0;6227.0;1084.0;1735.0;2.0;-1.0;34.0;-17.0;UREA
956.0;1904.0;3672.0;6839.0;1152.0;1784.0;804.0;1633.0;3213.0;6119.0;1069.0;1738.0;4.0;-1.0;19.0;-16.0;UREA
964.0;1903.0;3679.0;6878.0;1156.0;1774.0;816.0;1679.0;3304.0;6205.0;1073.0;1737.0;4.0;5.0;19.0;-15.0;UREA
955.0;1889.0;3646.0;6798.0;1151.0;1781.0;816.0;1660.0;3286.0;6197.0;1073.0;1725.0;8.0;5.0;25.0;-14.0;UREA
939.0;1878.0;3645.0;6776.0;1148.0;1771.0;796.0;1634.0;3221.0;6114.0;1067.0;1716.0;4.0;6.0;18.0;-14.0;UREA
943.0;1882.0;3634.0;6814.0;1137.0;1772.0;793.0;1610.0;3237.0;6131.0;1038.0;1729.0;3.0;5.0;20.0;-14.0;UREA
946.0;1877.0;3634.0;6769.0;1144.0;1776.0;803.0;1632.0;3236.0;6094.0;1063.0;1714.0;2.0;3.0;21.0;-16.0;UREA
940.0;1864.0;3600.0;6758.0;1139.0;1772.0;803.0;1646.0;3259.0;6223.0;1064.0;1726.0;-2.0;3.0;20.0;-19.0;UREA
948.0;1886.0;3655.0;6821.0;1150.0;1772.0;788.0;1612.0;3190.0;6071.0;1067.0;1732.0;-2.0;2.0;16.0;-19.0;UREA
959.0;1898.0;3668.0;6826.0;1156.0;1778.0;799.0;1626.0;3214.0;6128.0;1065.0;1723.0;-2.0;3.0;24.0;-19.0;UREA
950.0;1885.0;3625.0;6810.0;1149.0;1774.0;807.0;1635.0;3224.0;6102.0;1068.0;1724.0;9.0;3.0;30.0;-20.0;UREA
944.0;1874.0;3637.0;6788.0;1146.0;1776.0;778.0;1643.0;3224.0;6154.0;1058.0;1740.0;6.0;4.0;28.0;-19.0;UREA
945.0;1882.0;3630.0;6784.0;1153.0;1775.0;803.0;1629.0;3208.0;6115.0;1065.0;1733.0;7.0;1.0;20.0;-19.0;UREA
951.0;1892.0;3654.0;6823.0;1146.0;1776.0;798.0;1621.0;3216.0;6109.0;1066.0;1729.0;6.0;1.0;20.0;-20.0;UREA
948.0;1875.0;3649.0;6805.0;1154.0;1781.0;812.0;1661.0;3274.0;6219.0;1071.0;1732.0;2.0;1.0;20.0;-20.0;UREA
953.0;1903.0;3669.0;6816.0;1148.0;1776.0;787.0;1615.0;3214.0;6089.0;1071.0;1732.0;2.0;1.0;24.0;-20.0;UREA
966.0;1910.0;3687.0;6866.0;1158.0;1779.0;814.0;1662.0;3295.0;6207.0;1078.0;1746.0;2.0;4.0;23.0;-20.0;UREA
972.0;1922.0;3702.0;6916.0;1159.0;1798.0;797.0;1636.0;3244.0;6107.0;1077.0;1741.0;3.0;1.0;23.0;-20.0;UREA
968.0;1922.0;3713.0;6932.0;1165.0;1795.0;812.0;1642.0;3306.0;6224.0;1086.0;1752.0;3.0;1.0;23.0;-17.0;UREA
965.0;1918.0;3685.0;6893.0;1158.0;1800.0;835.0;1694.0;3341.0;6323.0;1087.0;1756.0;3.0;4.0;18.0;-16.0;UREA
958.0;1903.0;3695.0;6858.0;1158.0;1798.0;838.0;1702.0;3341.0;6278.0;1087.0;1748.0;5.0;1.0;18.0;-16.0;UREA
970.0;1923.0;3702.0;6943.0;1154.0;1792.0;801.0;1645.0;3243.0;6159.0;1076.0;1750.0;-2.0;1.0;13.0;-16.0;UREA
977.0;1931.0;3722.0;6908.0;1163.0;1780.0;822.0;1678.0;3310.0;6269.0;1079.0;1739.0;0.0;4.0;18.0;-15.0;UREA
968.0;1928.0;3694.0;6866.0;1154.0;1785.0;808.0;1664.0;3296.0;6219.0;1079.0;1747.0;0.0;7.0;13.0;-15.0;UREA
963.0;1909.0;3676.0;6795.0;1157.0;1786.0;811.0;1648.0;3270.0;6199.0;1077.0;1744.0;0.0;0.0;24.0;-15.0;UREA
954.0;1905.0;3673.0;6875.0;1152.0;1785.0;835.0;1699.0;3349.0;6300.0;1090.0;1758.0;0.0;4.0;23.0;-13.0;UREA
961.0;1912.0;3708.0;6898.0;1157.0;1801.0;818.0;1650.0;3267.0;6200.0;1084.0;1756.0;0.0;4.0;23.0;-15.0;UREA
958.0;1908.0;3681.0;6868.0;1163.0;1785.0;801.0;1626.0;3255.0;6162.0;1079.0;1741.0;-3.0;5.0;13.0;-16.0;UREA
965.0;1916.0;3688.0;6908.0;1155.0;1790.0;821.0;1654.0;3264.0;6208.0;1086.0;1756.0;-3.0;6.0;11.0;-18.0;UREA
961.0;1914.0;3640.0;6880.0;1159.0;1778.0;799.0;1637.0;3268.0;6160.0;1076.0;1732.0;0.0;9.0;13.0;-16.0;UREA
956.0;1911.0;3691.0;6825.0;1151.0;1789.0;821.0;1661.0;3283.0;6215.0;1079.0;1743.0;-5.0;2.0;24.0;-16.0;UREA
963.0;1910.0;3684.0;6852.0;1158.0;1800.0;809.0;1649.0;3263.0;6190.0;1073.0;1747.0;-1.0;0.0;22.0;-18.0;UREA
958.0;1901.0;3652.0;6847.0;1156.0;1776.0;824.0;1682.0;3261.0;6235.0;1078.0;1742.0;0.0;0.0;13.0;-17.0;UREA
950.0;1899.0;3659.0;6825.0;1153.0;1785.0;819.0;1668.0;3292.0;6190.0;1082.0;1745.0;-1.0;0.0;17.0;-16.0;UREA
967.0;1921.0;3715.0;6900.0;1158.0;1778.0;818.0;1669.0;3300.0;6220.0;1083.0;1742.0;-1.0;-1.0;17.0;-17.0;UREA
960.0;1922.0;3690.0;6848.0;1154.0;1787.0;815.0;1667.0;3280.0;6229.0;1082.0;1740.0;-1.0;1.0;16.0;-17.0;UREA
962.0;1893.0;3665.0;6882.0;1156.0;1791.0;822.0;1661.0;3283.0;6221.0;1078.0;1750.0;7.0;5.0;14.0;-15.0;UREA
954.0;1896.0;3673.0;6861.0;1157.0;1787.0;827.0;1682.0;3354.0;6271.0;1089.0;1750.0;1.0;5.0;17.0;-11.0;UREA
968.0;1920.0;3706.0;6897.0;1159.0;1791.0;812.0;1656.0;3282.0;6213.0;1078.0;1748.0;5.0;5.0;16.0;-10.0;UREA
959.0;1911.0;3688.0;6850.0;1159.0;1786.0;812.0;1648.0;3253.0;6194.0;1081.0;1741.0;1.0;5.0;12.0;-10.0;UREA
966.0;1911.0;3696.0;6868.0;1158.0;1777.0;805.0;1638.0;3246.0;6162.0;1075.0;1740.0;1.0;2.0;24.0;-10.0;UREA
951.0;1902.0;3676.0;6842.0;1155.0;1785.0;804.0;1643.0;3268.0;6182.0;1084.0;1738.0;-2.0;2.0;12.0;-10.0;UREA
959.0;1901.0;3675.0;6802.0;1155.0;1787.0;815.0;1660.0;3295.0;6230.0;1076.0;1747.0;-2.0;7.0;21.0;-12.0;UREA
945.0;1883.0;3661.0;6817.0;1155.0;1787.0;825.0;1690.0;3326.0;6232.0;1082.0;1754.0;-2.0;7.0;11.0;-12.0;UREA
959.0;1910.0;3692.0;6878.0;1159.0;1794.0;815.0;1676.0;3300.0;6260.0;1090.0;1756.0;0.0;9.0;14.0;-13.0;UREA
973.0;1935.0;3723.0;6927.0;1162.0;1802.0;842.0;1719.0;3370.0;6332.0;1089.0;1763.0;0.0;7.0;17.0;-17.0;UREA
973.0;1928.0;3726.0;6908.0;1166.0;1794.0;824.0;1683.0;3336.0;6265.0;1090.0;1749.0;0.0;3.0;10.0;-19.0;UREA
959.0;1914.0;3685.0;6929.0;1161.0;1801.0;821.0;1666.0;3300.0;6251.0;1084.0;1753.0;0.0;1.0;10.0;-13.0;UREA
961.0;1913.0;3708.0;6907.0;1162.0;1791.0;818.0;1664.0;3282.0;6217.0;1084.0;1742.0;3.0;1.0;19.0;-13.0;UREA
962.0;1917.0;3685.0;6851.0;1151.0;1779.0;804.0;1646.0;3238.0;6165.0;1073.0;1738.0;4.0;5.0;15.0;-12.0;UREA
971.0;1928.0;3703.0;6871.0;1157.0;1788.0;832.0;1686.0;3366.0;6315.0;1091.0;1765.0;10.0;7.0;20.0;-12.0;UREA
961.0;1920.0;3724.0;6826.0;1164.0;1791.0;810.0;1666.0;3306.0;6270.0;1080.0;1746.0;9.0;6.0;17.0;-12.0;UREA
953.0;1900.0;3673.0;6832.0;1158.0;1787.0;828.0;1679.0;3343.0;6282.0;1085.0;1756.0;-4.0;6.0;5.0;-12.0;UREA
967.0;1917.0;3708.0;6893.0;1164.0;1795.0;836.0;1695.0;3341.0;6269.0;1089.0;1755.0;-4.0;6.0;6.0;-13.0;UREA
971.0;1925.0;3721.0;6913.0;1161.0;1791.0;811.0;1649.0;3268.0;6174.0;1078.0;1754.0;-4.0;4.0;9.0;-13.0;UREA
970.0;1923.0;3728.0;6892.0;1158.0;1785.0;810.0;1650.0;3266.0;6201.0;1076.0;1750.0;-4.0;5.0;9.0;-13.0;UREA
971.0;1916.0;3710.0;6890.0;1157.0;1783.0;811.0;1643.0;3241.0;6135.0;1070.0;1743.0;-2.0;5.0;16.0;-15.0;UREA
961.0;1913.0;3681.0;6873.0;1152.0;1770.0;817.0;1665.0;3281.0;6176.0;1074.0;1740.0;2.0;9.0;16.0;-16.0;UREA
962.0;1917.0;3707.0;6860.0;1154.0;1794.0;814.0;1655.0;3268.0;6181.0;1083.0;1753.0;0.0;6.0;17.0;-16.0;UREA
969.0;1913.0;3681.0;6891.0;1163.0;1792.0;810.0;1638.0;3239.0;6164.0;1072.0;1743.0;2.0;4.0;14.0;-16.0;UREA
963.0;1910.0;3693.0;6884.0;1154.0;1786.0;822.0;1665.0;3284.0;6203.0;1079.0;1750.0;3.0;3.0;14.0;-17.0;UREA
971.0;1928.0;3705.0;6865.0;1155.0;1782.0;830.0;1684.0;3335.0;6259.0;1079.0;1748.0;4.0;3.0;14.0;-20.0;UREA
954.0;1908.0;3679.0;6853.0;1152.0;1783.0;833.0;1679.0;3329.0;6249.0;1089.0;1747.0;3.0;3.0;24.0;-17.0;UREA
964.0;1908.0;3688.0;6854.0;1157.0;1792.0;812.0;1648.0;3278.0;6182.0;1075.0;1752.0;5.0;2.0;18.0;-17.0;UREA
965.0;1917.0;3693.0;6875.0;1166.0;1783.0;813.0;1664.0;3310.0;6281.0;1079.0;1748.0;7.0;10.0;14.0;-13.0;UREA
967.0;1915.0;3694.0;6867.0;1156.0;1796.0;809.0;1647.0;3275.0;6193.0;1075.0;1736.0;5.0;6.0;12.0;-13.0;UREA
955.0;1897.0;3633.0;6823.0;1155.0;1784.0;828.0;1678.0;3267.0;6220.0;1081.0;1739.0;-2.0;6.0;12.0;-13.0;UREA
959.0;1908.0;3668.0;6860.0;1149.0;1774.0;799.0;1631.0;3242.0;6136.0;1070.0;1741.0;-2.0;6.0;17.0;-11.0;UREA
963.0;1915.0;3703.0;6870.0;1152.0;1781.0;816.0;1657.0;3284.0;6246.0;1080.0;1745.0;-2.0;10.0;7.0;-14.0;UREA
962.0;1903.0;3665.0;6859.0;1151.0;1783.0;813.0;1635.0;3239.0;6095.0;1065.0;1729.0;-2.0;6.0;14.0;-16.0;UREA
948.0;1887.0;3682.0;6842.0;1154.0;1780.0;806.0;1644.0;3254.0;6193.0;1075.0;1750.0;-4.0;6.0;7.0;-16.0;UREA
968.0;1906.0;3680.0;6848.0;1148.0;1779.0;817.0;1677.0;3323.0;6253.0;1072.0;1752.0;-6.0;4.0;13.0;-14.0;UREA
954.0;1903.0;3665.0;6844.0;1152.0;1775.0;796.0;1636.0;3244.0;6136.0;1073.0;1744.0;-6.0;4.0;9.0;-15.0;UREA
961.0;1903.0;3663.0;6849.0;1157.0;1782.0;825.0;1684.0;3316.0;6257.0;1083.0;1756.0;-6.0;4.0;9.0;-16.0;UREA
974.0;1928.0;3715.0;6882.0;1160.0;1786.0;822.0;1682.0;3320.0;6258.0;1084.0;1756.0;-5.0;4.0;9.0;-16.0;UREA
959.0;1932.0;3724.0;6908.0;1153.0;1786.0;822.0;1677.0;3306.0;6218.0;1078.0;1748.0;-1.0;5.0;7.0;-17.0;UREA
968.0;1914.0;3688.0;6856.0;1157.0;1791.0;812.0;1652.0;3265.0;6205.0;1074.0;1745.0;-1.0;5.0;12.0;-17.0;UREA
969.0;1912.0;3679.0;6893.0;1153.0;1789.0;803.0;1634.0;3236.0;6114.0;1073.0;1749.0;-2.0;5.0;16.0;-17.0;UREA
964.0;1898.0;3696.0;6883.0;1154.0;1787.0;812.0;1649.0;3251.0;6176.0;1079.0;1750.0;-2.0;7.0;12.0;-15.0;UREA
956.0;1904.0;3693.0;6869.0;1157.0;1798.0;821.0;1653.0;3262.0;6193.0;1081.0;1756.0;-2.0;3.0;10.0;-15.0;UREA
977.0;1942.0;3717.0;6938.0;1164.0;1796.0;816.0;1652.0;3276.0;6193.0;1079.0;1744.0;-2.0;11.0;10.0;-15.0;UREA
970.0;1911.0;3708.0;6893.0;1155.0;1794.0;817.0;1650.0;3272.0;6211.0;1086.0;1749.0;-2.0;7.0;6.0;-13.0;UREA
971.0;1926.0;3713.0;6880.0;1156.0;1783.0;816.0;1663.0;3299.0;6251.0;1073.0;1750.0;-2.0;7.0;11.0;-13.0;UREA
961.0;1908.0;3686.0;6873.0;1156.0;1785.0;812.0;1653.0;3258.0;6169.0;1073.0;1743.0;-3.0;7.0;4.0;-12.0;UREA
974.0;1934.0;3718.0;6890.0;1161.0;1785.0;814.0;1656.0;3265.0;6173.0;1063.0;1737.0;-3.0;7.0;8.0;-12.0;UREA
965.0;1920.0;3690.0;6878.0;1157.0;1785.0;813.0;1658.0;3267.0;6217.0;1077.0;1744.0;-3.0;9.0;5.0;-12.0;UREA
962.0;1912.0;3703.0;6822.0;1145.0;1783.0;814.0;1655.0;3265.0;6117.0;1069.0;1733.0;-2.0;5.0;5.0;-15.0;UREA
969.0;1919.0;3688.0;6852.0;1151.0;1790.0;802.0;1624.0;3231.0;6133.0;1073.0;1741.0;-2.0;6.0;5.0;-15.0;UREA
961.0;1908.0;3688.0;6848.0;1156.0;1785.0;835.0;1688.0;3335.0;6263.0;1085.0;1763.0;-1.0;5.0;5.0;-16.0;UREA
976.0;1925.0;3714.0;6899.0;1152.0;1794.0;838.0;1695.0;3331.0;6232.0;1082.0;1756.0;-2.0;6.0;7.0;-16.0;UREA
973.0;1940.0;3679.0;6933.0;1159.0;1792.0;818.0;1646.0;3256.0;6163.0;1078.0;1754.0;-2.0;5.0;9.0;-16.0;UREA
965.0;1906.0;3677.0;6872.0;1159.0;1787.0;827.0;1698.0;3346.0;6338.0;1090.0;1756.0;-2.0;7.0;7.0;-16.0;UREA
975.0;1926.0;3713.0;6900.0;1159.0;1793.0;817.0;1656.0;3284.0;6247.0;1079.0;1753.0;-2.0;5.0;7.0;-16.0;UREA
967.0;1917.0;3689.0;6888.0;1158.0;1796.0;811.0;1666.0;3281.0;6225.0;1083.0;1762.0;-2.0;5.0;9.0;-16.0;UREA
984.0;1940.0;3735.0;6936.0;1168.0;1805.0;836.0;1683.0;3331.0;6252.0;1091.0;1758.0;3.0;5.0;9.0;-14.0;UREA
984.0;1945.0;3723.0;6956.0;1168.0;1802.0;841.0;1701.0;3324.0;6255.0;1086.0;1746.0;4.0;6.0;10.0;-12.0;UREA
967.0;1904.0;3663.0;6836.0;1158.0;1800.0;828.0;1679.0;3276.0;6217.0;1079.0;1745.0;2.0;4.0;8.0;-12.0;UREA
984.0;1946.0;3754.0;6907.0;1165.0;1803.0;823.0;1670.0;3326.0;6278.0;1088.0;1753.0;-3.0;4.0;8.0;-13.0;UREA
981.0;1934.0;3708.0;6906.0;1167.0;1802.0;820.0;1645.0;3283.0;6221.0;1086.0;1763.0;-3.0;4.0;10.0;-13.0;UREA
969.0;1927.0;3716.0;6916.0;1167.0;1800.0;831.0;1690.0;3350.0;6305.0;1084.0;1769.0;-3.0;2.0;10.0;-12.0;UREA
976.0;1939.0;3725.0;6940.0;1165.0;1801.0;820.0;1672.0;3312.0;6221.0;1084.0;1761.0;0.0;2.0;11.0;-13.0;UREA
973.0;1917.0;3706.0;6893.0;1163.0;1805.0;844.0;1714.0;3361.0;6357.0;1094.0;1767.0;1.0;3.0;21.0;-16.0;UREA
968.0;1942.0;3747.0;6961.0;1166.0;1801.0;828.0;1687.0;3309.0;6267.0;1091.0;1767.0;5.0;7.0;12.0;-16.0;UREA
973.0;1926.0;3720.0;6906.0;1167.0;1800.0;816.0;1659.0;3268.0;6204.0;1082.0;1754.0;1.0;7.0;4.0;-16.0;UREA
976.0;1933.0;3709.0;6921.0;1166.0;1806.0;829.0;1687.0;3317.0;6251.0;1091.0;1765.0;1.0;6.0;4.0;-16.0;UREA
981.0;1949.0;3750.0;6966.0;1170.0;1809.0;849.0;1713.0;3390.0;6387.0;1100.0;1779.0;1.0;2.0;4.0;-16.0;UREA
995.0;1964.0;3774.0;6992.0;1169.0;1801.0;822.0;1676.0;3317.0;6248.0;1087.0;1753.0;0.0;6.0;14.0;-16.0;UREA
973.0;1922.0;3716.0;6900.0;1163.0;1798.0;833.0;1680.0;3296.0;6213.0;1084.0;1750.0;0.0;3.0;12.0;-10.0;UREA
963.0;1905.0;3677.0;6875.0;1153.0;1790.0;807.0;1642.0;3260.0;6228.0;1079.0;1749.0;1.0;3.0;12.0;-8.0;UREA
977.0;1924.0;3696.0;6885.0;1157.0;1796.0;843.0;1711.0;3354.0;6296.0;1089.0;1757.0;0.0;3.0;2.0;-8.0;UREA
981.0;1940.0;3705.0;6917.0;1161.0;1785.0;827.0;1697.0;3350.0;6308.0;1098.0;1767.0;-1.0;3.0;1.0;-9.0;UREA
984.0;1939.0;3733.0;6888.0;1162.0;1810.0;836.0;1692.0;3368.0;6326.0;1092.0;1765.0;-2.0;4.0;2.0;-10.0;UREA
985.0;1944.0;3763.0;6977.0;1168.0;1801.0;844.0;1710.0;3338.0;6300.0;1092.0;1757.0;-1.0;2.0;1.0;-9.0;UREA
966.0;1926.0;3716.0;6911.0;1166.0;1799.0;822.0;1671.0;3329.0;6274.0;1093.0;1757.0;-2.0;4.0;1.0;-9.0;UREA
976.0;1931.0;3726.0;6903.0;1166.0;1801.0;838.0;1704.0;3300.0;6316.0;1092.0;1764.0;-1.0;10.0;10.0;-9.0;UREA
991.0;1958.0;3749.0;6954.0;1167.0;1797.0;837.0;1697.0;3343.0;6289.0;1088.0;1758.0;-1.0;14.0;11.0;-10.0;UREA
972.0;1925.0;3705.0;6906.0;1159.0;1789.0;837.0;1711.0;3322.0;6294.0;1090.0;1768.0;-1.0;12.0;10.0;-10.0;UREA
978.0;1934.0;3724.0;6907.0;1165.0;1801.0;835.0;1692.0;3311.0;6278.0;1089.0;1769.0;1.0;6.0;13.0;-12.0;UREA
980.0;1923.0;3721.0;6934.0;1164.0;1801.0;821.0;1669.0;3290.0;6202.0;1070.0;1762.0;1.0;6.0;7.0;-12.0;UREA
975.0;1929.0;3720.0;6915.0;1165.0;1797.0;824.0;1673.0;3303.0;6212.0;1086.0;1752.0;1.0;6.0;12.0;-12.0;UREA
977.0;1932.0;3721.0;6906.0;1163.0;1806.0;826.0;1687.0;3348.0;6304.0;1099.0;1762.0;-4.0;11.0;7.0;-10.0;UREA
984.0;1945.0;3740.0;6934.0;1166.0;1794.0;821.0;1675.0;3305.0;6254.0;1101.0;1767.0;-4.0;5.0;7.0;-10.0;UREA
988.0;1951.0;3759.0;6990.0;1174.0;1806.0;835.0;1692.0;3308.0;6241.0;1090.0;1765.0;-4.0;10.0;5.0;-9.0;UREA
977.0;1939.0;3732.0;6928.0;1166.0;1799.0;827.0;1688.0;3317.0;6240.0;1089.0;1771.0;-4.0;11.0;4.0;-9.0;UREA
975.0;1937.0;3708.0;6882.0;1168.0;1802.0;839.0;1699.0;3367.0;6317.0;1094.0;1774.0;-1.0;10.0;5.0;-9.0;UREA
980.0;1932.0;3733.0;6946.0;1166.0;1793.0;823.0;1673.0;3291.0;6243.0;1079.0;1764.0;4.0;10.0;5.0;-7.0;UREA
986.0;1951.0;3744.0;6933.0;1174.0;1811.0;834.0;1697.0;3345.0;6316.0;1097.0;1773.0;-1.0;12.0;6.0;-9.0;UREA
988.0;1938.0;3730.0;6946.0;1169.0;1807.0;843.0;1711.0;3389.0;6358.0;1098.0;1770.0;1.0;8.0;5.0;-11.0;UREA
981.0;1941.0;3730.0;6910.0;1164.0;1801.0;817.0;1665.0;3278.0;6209.0;1083.0;1757.0;1.0;8.0;6.0;-9.0;UREA
983.0;1953.0;3744.0;6926.0;1172.0;1796.0;843.0;1706.0;3363.0;6296.0;1088.0;1758.0;1.0;8.0;5.0;-7.0;UREA
963.0;1918.0;3708.0;6890.0;1165.0;1792.0;823.0;1663.0;3269.0;6195.0;1087.0;1756.0;0.0;9.0;0.0;-9.0;UREA
973.0;1929.0;3696.0;6866.0;1160.0;1788.0;844.0;1713.0;3363.0;6287.0;1087.0;1753.0;0.0;8.0;-3.0;-9.0;UREA
979.0;1939.0;3727.0;6910.0;1160.0;1796.0;848.0;1715.0;3390.0;6321.0;1090.0;1755.0;0.0;6.0;-3.0;-6.0;UREA
984.0;1940.0;3735.0;6930.0;1170.0;1794.0;841.0;1715.0;3373.0;6374.0;1094.0;1771.0;1.0;4.0;1.0;-9.0;UREA
986.0;1944.0;3737.0;6921.0;1166.0;1813.0;861.0;1728.0;3404.0;6398.0;1096.0;1771.0;1.0;6.0;1.0;-9.0;UREA
980.0;1944.0;3729.0;6939.0;1165.0;1801.0;846.0;1699.0;3374.0;6344.0;1098.0;1769.0;1.0;3.0;3.0;-9.0;UREA
985.0;1945.0;3728.0;6956.0;1167.0;1808.0;846.0;1720.0;3389.0;6391.0;1105.0;1771.0;3.0;5.0;4.0;-9.0;UREA
979.0;1950.0;3757.0;6980.0;1169.0;1806.0;820.0;1671.0;3303.0;6254.0;1088.0;1762.0;2.0;3.0;2.0;-9.0;UREA
981.0;1941.0;3704.0;6910.0;1161.0;1795.0;825.0;1676.0;3316.0;6273.0;1086.0;1762.0;3.0;4.0;2.0;-9.0;UREA
988.0;1954.0;3766.0;6933.0;1165.0;1813.0;851.0;1719.0;3409.0;6403.0;1105.0;1781.0;2.0;5.0;2.0;-9.0;UREA
993.0;1953.0;3753.0;6976.0;1174.0;1821.0;832.0;1691.0;3320.0;6324.0;1095.0;1775.0;2.0;6.0;2.0;-10.0;UREA
997.0;1968.0;3774.0;6991.0;1168.0;1803.0;854.0;1738.0;3428.0;6426.0;1106.0;1764.0;-1.0;5.0;1.0;-8.0;UREA
983.0;1953.0;3750.0;6948.0;1172.0;1816.0;860.0;1744.0;3408.0;6373.0;1101.0;1764.0;-1.0;5.0;2.0;-8.0;UREA
989.0;1954.0;3738.0;6963.0;1178.0;1816.0;862.0;1738.0;3421.0;6427.0;1101.0;1775.0;-1.0;6.0;6.0;-8.0;UREA
998.0;1963.0;3758.0;6981.0;1174.0;1819.0;853.0;1711.0;3369.0;6398.0;1092.0;1779.0;5.0;5.0;4.0;-8.0;UREA
988.0;1956.0;3768.0;6976.0;1172.0;1801.0;829.0;1684.0;3320.0;6254.0;1093.0;1762.0;6.0;5.0;4.0;-8.0;UREA
990.0;1960.0;3761.0;6946.0;1165.0;1809.0;840.0;1712.0;3376.0;6349.0;1103.0;1775.0;-2.0;5.0;0.0;-8.0;UREA
982.0;1942.0;3746.0;6956.0;1170.0;1803.0;848.0;1711.0;3370.0;6345.0;1093.0;1770.0;-2.0;4.0;0.0;-9.0;UREA
980.0;1945.0;3737.0;6914.0;1166.0;1809.0;856.0;1730.0;3381.0;6353.0;1097.0;1771.0;-3.0;8.0;-2.0;-9.0;UREA
996.0;1968.0;3774.0;6989.0;1165.0;1806.0;858.0;1742.0;3402.0;6350.0;1100.0;1774.0;-4.0;4.0;-5.0;-9.0;UREA
976.0;1931.0;3729.0;6969.0;1171.0;1807.0;850.0;1715.0;3376.0;6309.0;1095.0;1766.0;-4.0;4.0;-5.0;-8.0;UREA
992.0;1955.0;3738.0;6947.0;1169.0;1796.0;825.0;1664.0;3308.0;6277.0;1090.0;1768.0;-4.0;3.0;-5.0;-9.0;UREA
993.0;1952.0;3755.0;6970.0;1174.0;1812.0;833.0;1687.0;3297.0;6279.0;1086.0;1776.0;-4.0;3.0;-5.0;-9.0;UREA
984.0;1943.0;3735.0;6915.0;1165.0;1807.0;836.0;1694.0;3312.0;6225.0;1082.0;1744.0;-4.0;7.0;-5.0;-9.0;UREA
985.0;1945.0;3727.0;6914.0;1168.0;1805.0;823.0;1681.0;3324.0;6278.0;1092.0;1765.0;-2.0;7.0;2.0;-9.0;UREA
981.0;1941.0;3729.0;6874.0;1147.0;1816.0;844.0;1717.0;3332.0;6339.0;1094.0;1777.0;5.0;8.0;2.0;-9.0;UREA
989.0;1957.0;3760.0;6962.0;1172.0;1822.0;857.0;1738.0;3434.0;6399.0;1106.0;1776.0;6.0;3.0;4.0;-9.0;UREA
999.0;1965.0;3763.0;6959.0;1166.0;1815.0;834.0;1682.0;3359.0;6193.0;1101.0;1773.0;6.0;3.0;6.0;-7.0;UREA
991.0;1977.0;3778.0;6993.0;1176.0;1817.0;845.0;1713.0;3391.0;6380.0;1096.0;1771.0;4.0;3.0;4.0;-7.0;UREA
1003.0;1973.0;3763.0;6998.0;1171.0;1816.0;846.0;1715.0;3358.0;6333.0;1096.0;1769.0;4.0;5.0;6.0;-9.0;UREA
995.0;1970.0;3775.0;6995.0;1175.0;1818.0;845.0;1710.0;3385.0;6386.0;1104.0;1783.0;3.0;8.0;4.0;-8.0;UREA
997.0;1965.0;3769.0;7014.0;1180.0;1820.0;840.0;1694.0;3344.0;6316.0;1098.0;1782.0;4.0;8.0;4.0;-8.0;UREA
1004.0;1973.0;3798.0;7000.0;1179.0;1831.0;843.0;1709.0;3398.0;6372.0;1098.0;1784.0;3.0;8.0;1.0;-9.0;UREA
981.0;1939.0;3717.0;6952.0;1172.0;1821.0;848.0;1718.0;3422.0;6416.0;1106.0;1791.0;2.0;8.0;1.0;-9.0;UREA
1010.0;1992.0;3810.0;7063.0;1184.0;1830.0;841.0;1708.0;3348.0;6332.0;1105.0;1785.0;3.0;13.0;1.0;-9.0;UREA
1005.0;1979.0;3777.0;7032.0;1176.0;1821.0;856.0;1744.0;3447.0;6445.0;1104.0;1792.0;4.0;8.0;1.0;-9.0;UREA
1000.0;1969.0;3773.0;6940.0;1180.0;1820.0;832.0;1696.0;3343.0;6284.0;1097.0;1770.0;4.0;0.0;-1.0;-9.0;UREA
1002.0;1970.0;3773.0;7003.0;1179.0;1821.0;848.0;1719.0;3402.0;6424.0;1109.0;1790.0;4.0;0.0;2.0;-9.0;UREA
996.0;1971.0;3776.0;7002.0;1177.0;1827.0;841.0;1711.0;3364.0;6328.0;1105.0;1790.0;4.0;2.0;8.0;-6.0;UREA
984.0;1964.0;3784.0;7014.0;1179.0;1824.0;852.0;1717.0;3398.0;6427.0;1105.0;1787.0;3.0;2.0;8.0;-6.0;UREA
998.0;1967.0;3784.0;6986.0;1174.0;1824.0;855.0;1737.0;3406.0;6385.0;1092.0;1783.0;-4.0;2.0;8.0;-7.0;UREA
1003.0;1982.0;3796.0;7039.0;1182.0;1822.0;839.0;1695.0;3351.0;6310.0;1106.0;1781.0;0.0;2.0;2.0;-8.0;UREA
985.0;1965.0;3779.0;6980.0;1178.0;1822.0;849.0;1719.0;3399.0;6407.0;1106.0;1782.0;-4.0;1.0;-3.0;-7.0;UREA
1009.0;1987.0;3798.0;7046.0;1184.0;1834.0;861.0;1748.0;3424.0;6415.0;1104.0;1780.0;-5.0;1.0;-3.0;-8.0;UREA
1003.0;1984.0;3821.0;7084.0;1185.0;1830.0;835.0;1688.0;3340.0;6276.0;1102.0;1785.0;-5.0;2.0;-3.0;-8.0;UREA
1009.0;1977.0;3785.0;7031.0;1184.0;1827.0;841.0;1698.0;3345.0;6314.0;1099.0;1792.0;-5.0;3.0;-5.0;-8.0;UREA
1005.0;1979.0;3809.0;7029.0;1179.0;1814.0;852.0;1733.0;3403.0;6416.0;1105.0;1775.0;-5.0;5.0;-5.0;-8.0;UREA
986.0;1952.0;3749.0;6949.0;1173.0;1824.0;849.0;1728.0;3368.0;6332.0;1100.0;1782.0;-3.0;7.0;-1.0;-8.0;UREA
986.0;1954.0;3756.0;6982.0;1175.0;1829.0;856.0;1732.0;3420.0;6395.0;1099.0;1784.0;-3.0;6.0;-1.0;-8.0;UREA
999.0;1961.0;3781.0;7001.0;1172.0;1822.0;838.0;1692.0;3380.0;6361.0;1107.0;1784.0;3.0;5.0;3.0;-8.0;UREA
990.0;1960.0;3751.0;6983.0;1173.0;1822.0;842.0;1720.0;3419.0;6380.0;1109.0;1785.0;3.0;5.0;3.0;-8.0;UREA
995.0;1971.0;3788.0;7021.0;1176.0;1823.0;859.0;1744.0;3419.0;6441.0;1104.0;1781.0;5.0;4.0;0.0;-7.0;UREA
988.0;1959.0;3786.0;6997.0;1180.0;1793.0;848.0;1719.0;3378.0;6342.0;1098.0;1771.0;-4.0;10.0;0.0;-8.0;UREA
994.0;1960.0;3757.0;6960.0;1179.0;1824.0;848.0;1712.0;3350.0;6272.0;1106.0;1782.0;-5.0;8.0;0.0;-7.0;UREA
1001.0;1974.0;3784.0;7002.0;1178.0;1825.0;855.0;1737.0;3413.0;6424.0;1109.0;1791.0;-6.0;8.0;0.0;-8.0;UREA
996.0;1973.0;3776.0;7015.0;1179.0;1819.0;843.0;1706.0;3370.0;6344.0;1102.0;1789.0;-5.0;8.0;0.0;-7.0;UREA
996.0;1963.0;3779.0;7020.0;1176.0;1826.0;853.0;1733.0;3422.0;6421.0;1110.0;1785.0;-6.0;5.0;-4.0;-10.0;UREA
988.0;1976.0;3798.0;7057.0;1182.0;1824.0;843.0;1701.0;3338.0;6295.0;1094.0;1781.0;-6.0;5.0;2.0;-10.0;UREA
996.0;1961.0;3764.0;6949.0;1169.0;1822.0;845.0;1731.0;3378.0;6435.0;1103.0;1793.0;-1.0;5.0;2.0;-11.0;UREA
996.0;1977.0;3788.0;7080.0;1177.0;1832.0;837.0;1690.0;3326.0;6296.0;1101.0;1777.0;1.0;5.0;2.0;-12.0;UREA
980.0;1950.0;3758.0;6981.0;1173.0;1836.0;844.0;1701.0;3354.0;6348.0;1102.0;1794.0;1.0;8.0;5.0;-12.0;UREA
994.0;1976.0;3779.0;7032.0;1181.0;1830.0;853.0;1730.0;3434.0;6447.0;1110.0;1783.0;1.0;11.0;11.0;-12.0;UREA
997.0;1969.0;3789.0;7047.0;1185.0;1825.0;850.0;1712.0;3362.0;6345.0;1112.0;1801.0;5.0;6.0;10.0;-12.0;UREA
1013.0;2000.0;3814.0;7080.0;1183.0;1832.0;852.0;1719.0;3371.0;6347.0;1108.0;1799.0;5.0;6.0;10.0;-12.0;UREA
1011.0;2009.0;3826.0;7116.0;1191.0;1831.0;851.0;1721.0;3386.0;6350.0;1107.0;1790.0;3.0;6.0;11.0;-13.0;UREA
996.0;1971.0;3782.0;6996.0;1183.0;1831.0;856.0;1736.0;3435.0;6421.0;1112.0;1798.0;-1.0;4.0;5.0;-8.0;UREA
1004.0;1984.0;3805.0;7019.0;1179.0;1830.0;845.0;1722.0;3400.0;6418.0;1113.0;1795.0;3.0;4.0;9.0;-9.0;UREA
1003.0;1978.0;3806.0;7062.0;1186.0;1838.0;865.0;1741.0;3441.0;6502.0;1118.0;1790.0;-1.0;4.0;4.0;-9.0;UREA
1006.0;1982.0;3804.0;7039.0;1186.0;1831.0;858.0;1743.0;3434.0;6460.0;1114.0;1797.0;-1.0;4.0;4.0;-9.0;UREA
1005.0;1987.0;3796.0;7044.0;1179.0;1822.0;864.0;1760.0;3427.0;6488.0;1110.0;1792.0;-5.0;5.0;4.0;-5.0;UREA
999.0;1976.0;3788.0;6998.0;1174.0;1828.0;846.0;1716.0;3379.0;6348.0;1103.0;1790.0;-5.0;5.0;6.0;-7.0;UREA
1007.0;1997.0;3810.0;7053.0;1186.0;1823.0;842.0;1718.0;3412.0;6393.0;1107.0;1786.0;-8.0;5.0;6.0;-7.0;UREA
1001.0;1971.0;3769.0;7010.0;1187.0;1836.0;862.0;1753.0;3437.0;6489.0;1118.0;1796.0;-5.0;4.0;7.0;-7.0;UREA
1016.0;2002.0;3814.0;7092.0;1189.0;1826.0;858.0;1735.0;3426.0;6386.0;1112.0;1790.0;-5.0;9.0;6.0;-9.0;UREA
986.0;1971.0;3760.0;6995.0;1180.0;1818.0;842.0;1708.0;3379.0;6385.0;1101.0;1788.0;-2.0;6.0;11.0;-9.0;UREA
1002.0;1979.0;3791.0;7028.0;1182.0;1821.0;848.0;1720.0;3413.0;6387.0;1105.0;1783.0;-3.0;6.0;6.0;-9.0;UREA
991.0;1955.0;3760.0;6994.0;1176.0;1824.0;842.0;1710.0;3368.0;6354.0;1107.0;1789.0;-3.0;6.0;6.0;-9.0;UREA
1001.0;1973.0;3799.0;7055.0;1182.0;1825.0;842.0;1706.0;3372.0;6324.0;1099.0;1782.0;-3.0;4.0;7.0;-9.0;UREA
1003.0;1975.0;3804.0;7054.0;1180.0;1825.0;843.0;1701.0;3380.0;6373.0;1108.0;1788.0;2.0;7.0;6.0;-9.0;UREA
1003.0;1982.0;3819.0;7067.0;1188.0;1831.0;853.0;1730.0;3405.0;6401.0;1109.0;1798.0;3.0;4.0;7.0;-8.0;UREA
1002.0;1979.0;3804.0;7027.0;1181.0;1830.0;838.0;1700.0;3361.0;6385.0;1099.0;1795.0;3.0;12.0;5.0;-10.0;UREA
1002.0;1986.0;3817.0;7026.0;1189.0;1829.0;839.0;1699.0;3367.0;6343.0;1101.0;1797.0;3.0;6.0;4.0;-10.0;UREA
999.0;1974.0;3793.0;7009.0;1182.0;1826.0;861.0;1749.0;3415.0;6429.0;1109.0;1795.0;1.0;6.0;4.0;-8.0;UREA
1009.0;1995.0;3796.0;7058.0;1190.0;1830.0;840.0;1704.0;3352.0;6332.0;1104.0;1786.0;1.0;6.0;6.0;-10.0;UREA
1003.0;1981.0;3826.0;7029.0;1186.0;1833.0;859.0;1747.0;3443.0;6418.0;1112.0;1793.0;-4.0;4.0;4.0;-10.0;UREA
1001.0;1976.0;3800.0;7031.0;1184.0;1827.0;854.0;1726.0;3386.0;6312.0;1096.0;1796.0;-5.0;11.0;5.0;-9.0;UREA
990.0;1969.0;3779.0;7014.0;1184.0;1819.0;855.0;1697.0;3423.0;6432.0;1111.0;1795.0;-5.0;7.0;4.0;-7.0;UREA
1004.0;1980.0;3815.0;7071.0;1187.0;1818.0;843.0;1711.0;3397.0;6370.0;1107.0;1786.0;3.0;7.0;5.0;-8.0;UREA
1005.0;1989.0;3804.0;7064.0;1187.0;1830.0;838.0;1709.0;3386.0;6406.0;1105.0;1791.0;1.0;2.0;4.0;-8.0;UREA
991.0;1965.0;3781.0;6998.0;1171.0;1812.0;834.0;1685.0;3324.0;6289.0;1097.0;1788.0;3.0;7.0;5.0;-8.0;UREA
991.0;1955.0;3760.0;7002.0;1177.0;1818.0;831.0;1682.0;3323.0;6280.0;1095.0;1775.0;3.0;5.0;4.0;-9.0;UREA
992.0;1968.0;3765.0;6959.0;1178.0;1821.0;855.0;1707.0;3373.0;6356.0;1104.0;1783.0;1.0;7.0;4.0;-9.0;UREA
997.0;1968.0;3780.0;7039.0;1179.0;1832.0;840.0;1698.0;3363.0;6349.0;1103.0;1784.0;1.0;5.0;4.0;-11.0;UREA
989.0;1956.0;3767.0;6986.0;1175.0;1817.0;834.0;1704.0;3397.0;6394.0;1104.0;1791.0;-1.0;8.0;4.0;-11.0;UREA
992.0;1965.0;3773.0;7019.0;1181.0;1823.0;866.0;1733.0;3428.0;6421.0;1113.0;1783.0;-1.0;5.0;4.0;-12.0;UREA
995.0;1962.0;3768.0;7008.0;1181.0;1827.0;858.0;1733.0;3437.0;6476.0;1102.0;1792.0;-3.0;6.0;5.0;-9.0;UREA
998.0;1976.0;3805.0;7004.0;1182.0;1813.0;836.0;1696.0;3351.0;6275.0;1098.0;1783.0;-1.0;6.0;5.0;-10.0;UREA
992.0;1968.0;3759.0;6959.0;1175.0;1828.0;857.0;1746.0;3425.0;6408.0;1111.0;1791.0;1.0;6.0;11.0;-9.0;UREA
997.0;1978.0;3801.0;7064.0;1187.0;1831.0;849.0;1730.0;3402.0;6429.0;1116.0;1797.0;1.0;6.0;12.0;-9.0;UREA
1013.0;2007.0;3836.0;7107.0;1197.0;1840.0;842.0;1705.0;3358.0;6362.0;1103.0;1797.0;-2.0;6.0;14.0;-9.0;UREA
1003.0;1974.0;3806.0;7040.0;1184.0;1837.0;858.0;1739.0;3431.0;6410.0;1120.0;1799.0;-2.0;3.0;4.0;-10.0;UREA
1003.0;1986.0;3800.0;7056.0;1186.0;1829.0;845.0;1705.0;3353.0;6302.0;1100.0;1787.0;-2.0;1.0;5.0;-9.0;UREA
996.0;1967.0;3783.0;7055.0;1186.0;1834.0;870.0;1759.0;3462.0;6477.0;1112.0;1799.0;-2.0;1.0;5.0;-10.0;UREA
992.0;1971.0;3781.0;6999.0;1183.0;1837.0;875.0;1754.0;3449.0;6451.0;1114.0;1792.0;3.0;-2.0;5.0;-10.0;UREA
995.0;1968.0;3796.0;7001.0;1182.0;1832.0;832.0;1703.0;3356.0;6308.0;1103.0;1784.0;5.0;-2.0;8.0;-10.0;UREA
995.0;1971.0;3767.0;7004.0;1183.0;1836.0;847.0;1720.0;3396.0;6377.0;1112.0;1793.0;4.0;1.0;-2.0;-10.0;UREA
988.0;1954.0;3774.0;7009.0;1183.0;1835.0;845.0;1712.0;3382.0;6418.0;1122.0;1807.0;4.0;5.0;-2.0;-10.0;UREA
1016.0;1999.0;3831.0;7102.0;1194.0;1844.0;855.0;1734.0;3436.0;6453.0;1124.0;1800.0;4.0;4.0;-2.0;-11.0;UREA
1017.0;2015.0;3860.0;7119.0;1193.0;1841.0;849.0;1713.0;3395.0;6413.0;1118.0;1797.0;4.0;4.0;7.0;-11.0;UREA
1009.0;1992.0;3814.0;7072.0;1195.0;1844.0;867.0;1764.0;3486.0;6501.0;1122.0;1809.0;7.0;3.0;5.0;-11.0;UREA
1022.0;2026.0;3859.0;7173.0;1200.0;1848.0;858.0;1737.0;3386.0;6420.0;1115.0;1797.0;-1.0;6.0;5.0;-10.0;UREA
1009.0;2001.0;3816.0;7086.0;1185.0;1823.0;855.0;1735.0;3410.0;6471.0;1112.0;1793.0;-1.0;3.0;5.0;-11.0;UREA
1002.0;1978.0;3792.0;7064.0;1181.0;1824.0;854.0;1731.0;3411.0;6389.0;1110.0;1787.0;-1.0;8.0;4.0;-11.0;UREA
1002.0;1976.0;3797.0;7024.0;1181.0;1829.0;842.0;1694.0;3345.0;6324.0;1105.0;1792.0;-1.0;3.0;6.0;-11.0;UREA
1004.0;1991.0;3803.0;7088.0;1187.0;1837.0;858.0;1736.0;3418.0;6395.0;1108.0;1795.0;-1.0;6.0;8.0;-12.0;UREA
1004.0;1984.0;3811.0;7056.0;1184.0;1832.0;848.0;1717.0;3390.0;6398.0;1117.0;1791.0;-5.0;6.0;3.0;-16.0;UREA
1000.0;1971.0;3796.0;6988.0;1180.0;1825.0;861.0;1744.0;3405.0;6393.0;1110.0;1789.0;-5.0;9.0;3.0;-12.0;UREA
1008.0;1976.0;3799.0;7033.0;1183.0;1834.0;851.0;1742.0;3416.0;6429.0;1108.0;1792.0;-5.0;7.0;-1.0;-12.0;UREA
1000.0;1962.0;3787.0;7026.0;1180.0;1832.0;828.0;1696.0;3349.0;6377.0;1103.0;1794.0;0.0;6.0;1.0;-12.0;UREA
1003.0;1980.0;3799.0;7031.0;1183.0;1828.0;845.0;1715.0;3388.0;6426.0;1108.0;1788.0;0.0;7.0;1.0;-11.0;UREA
1003.0;1975.0;3792.0;7040.0;1182.0;1811.0;855.0;1730.0;3393.0;6375.0;1104.0;1781.0;0.0;6.0;4.0;-11.0;UREA
996.0;1973.0;3784.0;7010.0;1178.0;1826.0;831.0;1680.0;3314.0;6286.0;1089.0;1790.0;-1.0;11.0;8.0;-14.0;UREA
1004.0;1981.0;3800.0;7041.0;1179.0;1828.0;856.0;1737.0;3435.0;6463.0;1117.0;1790.0;-1.0;5.0;4.0;-11.0;UREA
990.0;1970.0;3787.0;7020.0;1179.0;1831.0;841.0;1705.0;3387.0;6408.0;1108.0;1787.0;-1.0;10.0;8.0;-12.0;UREA
991.0;1958.0;3759.0;7040.0;1181.0;1827.0;852.0;1740.0;3417.0;6443.0;1112.0;1791.0;0.0;7.0;7.0;-15.0;UREA
1007.0;1977.0;3787.0;7030.0;1182.0;1827.0;847.0;1733.0;3396.0;6424.0;1108.0;1788.0;0.0;8.0;11.0;-12.0;UREA
999.0;1976.0;3795.0;7030.0;1180.0;1835.0;858.0;1739.0;3428.0;6395.0;1113.0;1799.0;0.0;8.0;7.0;-11.0;UREA
1012.0;1990.0;3838.0;7090.0;1193.0;1840.0;853.0;1741.0;3441.0;6511.0;1115.0;1796.0;0.0;9.0;8.0;-12.0;UREA
1005.0;1985.0;3830.0;7095.0;1192.0;1841.0;860.0;1741.0;3442.0;6486.0;1114.0;1791.0;-6.0;6.0;5.0;-11.0;UREA
1011.0;1992.0;3838.0;7053.0;1187.0;1837.0;861.0;1742.0;3413.0;6405.0;1111.0;1794.0;-6.0;9.0;5.0;-11.0;UREA
1004.0;1979.0;3795.0;7025.0;1184.0;1842.0;834.0;1698.0;3338.0;6356.0;1109.0;1797.0;-6.0;11.0;2.0;-11.0;UREA
999.0;1968.0;3798.0;6995.0;1185.0;1823.0;848.0;1712.0;3365.0;6334.0;1103.0;1786.0;-2.0;10.0;2.0;-15.0;UREA
1005.0;1976.0;3818.0;7064.0;1188.0;1831.0;860.0;1732.0;3410.0;6390.0;1106.0;1775.0;-2.0;12.0;2.0;-14.0;UREA
1003.0;1979.0;3789.0;6988.0;1181.0;1834.0;846.0;1721.0;3405.0;6405.0;1111.0;1794.0;-2.0;10.0;2.0;-14.0;UREA
1008.0;1984.0;3832.0;7055.0;1184.0;1826.0;832.0;1679.0;3326.0;6270.0;1097.0;1787.0;-2.0;7.0;2.0;-14.0;UREA
993.0;1966.0;3785.0;6995.0;1179.0;1828.0;824.0;1701.0;3363.0;6334.0;1108.0;1778.0;-2.0;11.0;6.0;-14.0;UREA
1004.0;1969.0;3789.0;7026.0;1172.0;1815.0;846.0;1698.0;3341.0;6271.0;1093.0;1768.0;-1.0;7.0;6.0;-13.0;UREA
1000.0;1976.0;3776.0;7016.0;1173.0;1817.0;851.0;1728.0;3412.0;6392.0;1110.0;1785.0;-1.0;6.0;6.0;-13.0;UREA
1013.0;1988.0;3808.0;7030.0;1186.0;1833.0;858.0;1681.0;3368.0;6361.0;1100.0;1791.0;-1.0;6.0;17.0;-13.0;UREA
1009.0;1984.0;3817.0;7064.0;1187.0;1828.0;858.0;1736.0;3407.0;6379.0;1106.0;1786.0;3.0;6.0;10.0;-13.0;UREA
1013.0;1997.0;3823.0;7079.0;1191.0;1837.0;846.0;1700.0;3395.0;6364.0;1107.0;1792.0;3.0;8.0;15.0;-13.0;UREA
1001.0;1986.0;3791.0;7037.0;1183.0;1840.0;866.0;1749.0;3410.0;6449.0;1114.0;1796.0;11.0;6.0;16.0;-14.0;UREA
1011.0;1999.0;3826.0;7082.0;1191.0;1838.0;839.0;1706.0;3354.0;6356.0;1112.0;1787.0;0.0;8.0;5.0;-14.0;UREA
1009.0;1992.0;3824.0;7096.0;1192.0;1834.0;840.0;1705.0;3375.0;6419.0;1108.0;1802.0;0.0;8.0;4.0;-14.0;UREA
1005.0;1988.0;3809.0;7038.0;1183.0;1835.0;847.0;1714.0;3356.0;6324.0;1104.0;1790.0;0.0;10.0;4.0;-13.0;UREA
1022.0;1999.0;3833.0;7051.0;1184.0;1834.0;858.0;1737.0;3388.0;6391.0;1103.0;1796.0;0.0;5.0;3.0;-13.0;UREA
1009.0;1991.0;3819.0;7076.0;1191.0;1828.0;851.0;1731.0;3409.0;6359.0;1106.0;1793.0;-1.0;4.0;3.0;-13.0;UREA
1011.0;1990.0;3804.0;7044.0;1183.0;1833.0;864.0;1743.0;3420.0;6389.0;1113.0;1777.0;-4.0;5.0;3.0;-13.0;UREA
1006.0;1975.0;3786.0;7012.0;1176.0;1828.0;842.0;1700.0;3364.0;6325.0;1103.0;1790.0;-3.0;4.0;7.0;-13.0;UREA
1007.0;1979.0;3826.0;7027.0;1181.0;1827.0;869.0;1758.0;3441.0;6468.0;1107.0;1806.0;-3.0;5.0;7.0;-10.0;UREA
1001.0;1995.0;3813.0;7092.0;1184.0;1830.0;846.0;1736.0;3409.0;6427.0;1109.0;1787.0;-3.0;3.0;8.0;-10.0;UREA
1008.0;1995.0;3818.0;7053.0;1177.0;1830.0;843.0;1701.0;3366.0;6389.0;1110.0;1794.0;-3.0;5.0;9.0;-10.0;UREA
1010.0;1996.0;3828.0;7042.0;1188.0;1834.0;846.0;1705.0;3366.0;6351.0;1097.0;1783.0;-3.0;4.0;5.0;-10.0;UREA
997.0;1968.0;3786.0;6997.0;1176.0;1807.0;848.0;1708.0;3339.0;6285.0;1098.0;1777.0;-4.0;5.0;7.0;-10.0;UREA
1010.0;1985.0;3802.0;6989.0;1177.0;1821.0;843.0;1716.0;3376.0;6422.0;1108.0;1783.0;-7.0;4.0;7.0;-6.0;UREA
1002.0;1968.0;3767.0;7025.0;1180.0;1828.0;859.0;1738.0;3418.0;6395.0;1102.0;1783.0;-7.0;12.0;4.0;-6.0;UREA
1004.0;1985.0;3785.0;7030.0;1174.0;1817.0;860.0;1742.0;3432.0;6423.0;1109.0;1783.0;-7.0;0.0;2.0;-6.0;UREA
994.0;1972.0;3771.0;6945.0;1177.0;1818.0;847.0;1719.0;3401.0;6426.0;1110.0;1776.0;-2.0;10.0;2.0;-9.0;UREA
987.0;1977.0;3783.0;7019.0;1178.0;1827.0;841.0;1694.0;3378.0;6328.0;1099.0;1781.0;1.0;6.0;0.0;-11.0;UREA
1008.0;1984.0;3793.0;7018.0;1179.0;1829.0;848.0;1721.0;3402.0;6426.0;1108.0;1794.0;1.0;9.0;1.0;-12.0;UREA
1001.0;1968.0;3776.0;7027.0;1178.0;1821.0;838.0;1692.0;3296.0;6298.0;1099.0;1779.0;1.0;6.0;0.0;-12.0;UREA
1014.0;2002.0;3826.0;7073.0;1179.0;1828.0;864.0;1753.0;3414.0;6443.0;1110.0;1786.0;1.0;5.0;1.0;-11.0;UREA
1000.0;1981.0;3808.0;7035.0;1182.0;1829.0;850.0;1720.0;3382.0;6344.0;1104.0;1799.0;1.0;5.0;1.0;-10.0;UREA
1007.0;1983.0;3807.0;7047.0;1186.0;1826.0;868.0;1765.0;3440.0;6426.0;1110.0;1785.0;1.0;10.0;2.0;-10.0;UREA
995.0;1965.0;3787.0;7023.0;1178.0;1821.0;849.0;1727.0;3399.0;6414.0;1107.0;1786.0;1.0;5.0;2.0;-10.0;UREA
993.0;1964.0;3785.0;7039.0;1178.0;1822.0;847.0;1702.0;3363.0;6334.0;1098.0;1779.0;-5.0;5.0;2.0;-10.0;UREA
1000.0;1981.0;3778.0;7018.0;1178.0;1827.0;860.0;1746.0;3420.0;6415.0;1107.0;1786.0;2.0;4.0;16.0;-10.0;UREA
1008.0;1985.0;3790.0;7011.0;1176.0;1814.0;861.0;1752.0;3435.0;6482.0;1116.0;1778.0;2.0;5.0;6.0;-8.0;UREA
993.0;1961.0;3761.0;7003.0;1183.0;1826.0;852.0;1721.0;3380.0;6391.0;1106.0;1788.0;7.0;0.0;11.0;-8.0;UREA
1007.0;1980.0;3816.0;7078.0;1179.0;1831.0;854.0;1738.0;3409.0;6454.0;1109.0;1794.0;6.0;0.0;6.0;-8.0;UREA
1018.0;2005.0;3811.0;7038.0;1177.0;1824.0;852.0;1705.0;3361.0;6321.0;1100.0;1783.0;11.0;5.0;4.0;-8.0;UREA
1001.0;1973.0;3776.0;6987.0;1182.0;1828.0;847.0;1708.0;3386.0;6393.0;1104.0;1794.0;4.0;15.0;4.0;-9.0;UREA
1004.0;1968.0;3780.0;7001.0;1183.0;1836.0;850.0;1737.0;3421.0;6465.0;1111.0;1798.0;4.0;9.0;1.0;-12.0;UREA
1007.0;1985.0;3823.0;7051.0;1188.0;1828.0;854.0;1731.0;3409.0;6406.0;1104.0;1786.0;-2.0;8.0;1.0;-12.0;UREA
1015.0;1998.0;3806.0;7017.0;1177.0;1821.0;869.0;1749.0;3432.0;6436.0;1109.0;1793.0;0.0;8.0;1.0;-12.0;UREA
1009.0;1986.0;3821.0;7051.0;1183.0;1828.0;852.0;1730.0;3403.0;6405.0;1119.0;1801.0;0.0;8.0;1.0;-12.0;UREA
1026.0;2010.0;3838.0;7079.0;1184.0;1828.0;851.0;1732.0;3422.0;6444.0;1113.0;1797.0;4.0;5.0;1.0;-11.0;UREA
1008.0;2000.0;3808.0;7040.0;1182.0;1834.0;846.0;1711.0;3365.0;6356.0;1104.0;1793.0;0.0;9.0;2.0;-10.0;UREA
1012.0;1990.0;3817.0;7048.0;1192.0;1836.0;867.0;1755.0;3454.0;6487.0;1117.0;1795.0;2.0;9.0;9.0;-8.0;UREA
1006.0;1990.0;3803.0;7059.0;1187.0;1830.0;849.0;1745.0;3430.0;6467.0;1115.0;1797.0;2.0;9.0;11.0;-8.0;UREA
999.0;1981.0;3815.0;7064.0;1185.0;1833.0;858.0;1727.0;3402.0;6341.0;1114.0;1792.0;2.0;9.0;4.0;-11.0;UREA
1006.0;1990.0;3816.0;7080.0;1192.0;1842.0;850.0;1736.0;3434.0;6464.0;1116.0;1798.0;1.0;12.0;4.0;-10.0;UREA
1000.0;1987.0;3810.0;7104.0;1194.0;1843.0;838.0;1727.0;3414.0;6407.0;1112.0;1802.0;2.0;10.0;6.0;-11.0;UREA
1003.0;1984.0;3817.0;7061.0;1194.0;1841.0;885.0;1797.0;3513.0;6535.0;1123.0;1806.0;2.0;5.0;6.0;-12.0;UREA
1016.0;2006.0;3840.0;7107.0;1195.0;1840.0;848.0;1718.0;3376.0;6400.0;1112.0;1794.0;2.0;5.0;12.0;-11.0;UREA
1006.0;1989.0;3818.0;7074.0;1187.0;1837.0;855.0;1729.0;3398.0;6378.0;1109.0;1798.0;5.0;5.0;6.0;-11.0;UREA
1013.0;1985.0;3829.0;7056.0;1184.0;1832.0;847.0;1718.0;3363.0;6377.0;1107.0;1801.0;8.0;5.0;9.0;-12.0;UREA
1023.0;2008.0;3854.0;7110.0;1194.0;1828.0;870.0;1766.0;3483.0;6520.0;1118.0;1811.0;5.0;8.0;6.0;-11.0;UREA
1017.0;2001.0;3835.0;7043.0;1180.0;1841.0;864.0;1750.0;3407.0;6254.0;1108.0;1781.0;4.0;7.0;8.0;-10.0;UREA
1005.0;1981.0;3810.0;7062.0;1182.0;1831.0;848.0;1721.0;3382.0;6374.0;1107.0;1803.0;4.0;7.0;9.0;-9.0;UREA
1010.0;1987.0;3836.0;7055.0;1196.0;1833.0;855.0;1739.0;3432.0;6481.0;1119.0;1803.0;2.0;2.0;6.0;-10.0;UREA
1017.0;2004.0;3815.0;7092.0;1192.0;1812.0;850.0;1712.0;3395.0;6409.0;1110.0;1794.0;-1.0;8.0;7.0;-8.0;UREA
1021.0;1999.0;3844.0;7079.0;1192.0;1837.0;866.0;1738.0;3419.0;6424.0;1109.0;1790.0;2.0;5.0;7.0;-10.0;UREA
1015.0;1998.0;3832.0;7030.0;1188.0;1846.0;855.0;1738.0;3420.0;6385.0;1115.0;1797.0;-1.0;8.0;8.0;-10.0;UREA
1009.0;1983.0;3831.0;7054.0;1181.0;1832.0;856.0;1728.0;3381.0;6352.0;1109.0;1792.0;-4.0;5.0;9.0;-13.0;UREA
1011.0;2004.0;3810.0;7062.0;1189.0;1837.0;856.0;1729.0;3439.0;6413.0;1113.0;1792.0;-3.0;6.0;0.0;-13.0;UREA
1019.0;1998.0;3835.0;7079.0;1187.0;1837.0;875.0;1768.0;3474.0;6441.0;1112.0;1781.0;-3.0;12.0;0.0;-13.0;UREA
1004.0;1993.0;3817.0;7084.0;1182.0;1830.0;871.0;1760.0;3445.0;6481.0;1111.0;1781.0;-4.0;6.0;0.0;-11.0;UREA
1002.0;1978.0;3784.0;7051.0;1187.0;1833.0;845.0;1711.0;3390.0;6386.0;1106.0;1791.0;-3.0;8.0;1.0;-11.0;UREA
1015.0;2004.0;3824.0;7096.0;1182.0;1835.0;869.0;1755.0;3455.0;6458.0;1115.0;1796.0;-2.0;8.0;6.0;-10.0;UREA
1019.0;2002.0;3835.0;7060.0;1187.0;1830.0;864.0;1701.0;3459.0;6478.0;1120.0;1804.0;-2.0;14.0;6.0;-9.0;UREA
1014.0;1997.0;3838.0;7117.0;1191.0;1838.0;869.0;1762.0;3456.0;6457.0;1104.0;1797.0;-2.0;8.0;8.0;-9.0;UREA
1007.0;1997.0;3804.0;7054.0;1182.0;1825.0;843.0;1704.0;3384.0;6351.0;1110.0;1793.0;-1.0;8.0;8.0;-9.0;UREA
1011.0;1998.0;3828.0;7025.0;1183.0;1831.0;854.0;1729.0;3398.0;6324.0;1111.0;1797.0;-1.0;3.0;14.0;-10.0;UREA
1014.0;2009.0;3830.0;7101.0;1194.0;1833.0;854.0;1732.0;3431.0;6449.0;1118.0;1803.0;-1.0;3.0;10.0;-11.0;UREA
1018.0;2003.0;3837.0;7113.0;1190.0;1839.0;861.0;1747.0;3416.0;6418.0;1114.0;1804.0;-1.0;3.0;8.0;-11.0;UREA
1007.0;2004.0;3831.0;7079.0;1196.0;1843.0;862.0;1754.0;3448.0;6426.0;1114.0;1801.0;-2.0;6.0;8.0;-10.0;UREA
1026.0;2008.0;3859.0;7093.0;1191.0;1836.0;861.0;1734.0;3414.0;6405.0;1119.0;1807.0;-2.0;8.0;2.0;-10.0;UREA
1018.0;2013.0;3830.0;7108.0;1196.0;1832.0;858.0;1744.0;3404.0;6440.0;1115.0;1789.0;-4.0;10.0;2.0;-10.0;UREA
1020.0;2013.0;3815.0;7105.0;1192.0;1836.0;872.0;1767.0;3470.0;6537.0;1123.0;1801.0;-4.0;8.0;2.0;-10.0;UREA
1008.0;1997.0;3822.0;7070.0;1186.0;1833.0;858.0;1749.0;3444.0;6461.0;1113.0;1798.0;-1.0;10.0;2.0;-10.0;UREA
1013.0;2006.0;3822.0;7091.0;1192.0;1834.0;874.0;1771.0;3474.0;6528.0;1120.0;1796.0;-1.0;7.0;2.0;-11.0;UREA
1020.0;2012.0;3842.0;7094.0;1186.0;1845.0;859.0;1737.0;3405.0;6431.0;1118.0;1809.0;-2.0;5.0;2.0;-11.0;UREA
1014.0;2006.0;3834.0;7094.0;1187.0;1835.0;887.0;1777.0;3487.0;6519.0;1124.0;1817.0;0.0;5.0;7.0;-12.0;UREA
1031.0;2040.0;3892.0;7151.0;1200.0;1851.0;850.0;1718.0;3418.0;6428.0;1119.0;1814.0;-2.0;5.0;2.0;-12.0;UREA
1026.0;2015.0;3881.0;7176.0;1206.0;1849.0;864.0;1749.0;3405.0;6474.0;1117.0;1808.0;-2.0;12.0;3.0;-11.0;UREA
1018.0;2009.0;3834.0;7125.0;1192.0;1842.0;861.0;1746.0;3332.0;6395.0;1088.0;1792.0;0.0;12.0;3.0;-9.0;UREA
1020.0;2008.0;3836.0;7110.0;1192.0;1843.0;871.0;1767.0;3450.0;6477.0;1122.0;1797.0;0.0;6.0;3.0;-9.0;UREA
1015.0;2010.0;3840.0;7112.0;1196.0;1832.0;869.0;1761.0;3470.0;6485.0;1116.0;1807.0;0.0;6.0;3.0;-9.0;UREA
1014.0;1987.0;3835.0;7058.0;1189.0;1840.0;859.0;1730.0;3378.0;6316.0;1107.0;1798.0;0.0;6.0;4.0;-9.0;UREA
1017.0;2012.0;3843.0;7091.0;1189.0;1842.0;857.0;1729.0;3405.0;6393.0;1115.0;1799.0;0.0;8.0;1.0;-9.0;UREA
1006.0;2014.0;3841.0;7113.0;1190.0;1835.0;867.0;1759.0;3459.0;6477.0;1122.0;1807.0;0.0;8.0;1.0;-9.0;UREA
1012.0;2005.0;3848.0;7133.0;1193.0;1847.0;855.0;1731.0;3407.0;6359.0;1120.0;1811.0;1.0;7.0;4.0;-9.0;UREA
1021.0;2019.0;3869.0;7138.0;1199.0;1856.0;857.0;1727.0;3402.0;6407.0;1115.0;1814.0;1.0;7.0;4.0;-9.0;UREA
1015.0;2002.0;3844.0;7130.0;1195.0;1844.0;873.0;1768.0;3483.0;6510.0;1125.0;1813.0;-4.0;7.0;0.0;-9.0;UREA
1015.0;2007.0;3836.0;7092.0;1189.0;1848.0;855.0;1735.0;3435.0;6425.0;1115.0;1804.0;-4.0;4.0;5.0;-9.0;UREA
1022.0;2016.0;3863.0;7095.0;1190.0;1839.0;864.0;1740.0;3409.0;6326.0;1108.0;1804.0;-4.0;7.0;9.0;-9.0;UREA
1021.0;2022.0;3862.0;7162.0;1198.0;1842.0;866.0;1767.0;3450.0;6503.0;1129.0;1817.0;-4.0;4.0;5.0;-9.0;UREA
1021.0;2014.0;3861.0;7132.0;1197.0;1855.0;874.0;1757.0;3434.0;6461.0;1119.0;1806.0;-5.0;7.0;10.0;-9.0;UREA
1025.0;2015.0;3864.0;7128.0;1201.0;1848.0;870.0;1761.0;3446.0;6450.0;1119.0;1815.0;-5.0;3.0;5.0;-10.0;UREA
1021.0;2017.0;3865.0;7136.0;1194.0;1861.0;876.0;1769.0;3495.0;6550.0;1128.0;1814.0;-4.0;6.0;9.0;-11.0;UREA
1023.0;2010.0;3834.0;7126.0;1198.0;1846.0;886.0;1768.0;3486.0;6508.0;1124.0;1820.0;-4.0;6.0;9.0;-11.0;UREA
1019.0;2001.0;3826.0;7139.0;1195.0;1847.0;844.0;1743.0;3432.0;6471.0;1118.0;1827.0;12.0;7.0;16.0;-11.0;UREA
1022.0;2023.0;3883.0;7182.0;1209.0;1864.0;871.0;1765.0;3495.0;6554.0;1138.0;1822.0;10.0;9.0;3.0;-9.0;UREA
1037.0;2030.0;3893.0;7155.0;1203.0;1868.0;870.0;1757.0;3454.0;6490.0;1130.0;1819.0;-1.0;6.0;3.0;-9.0;UREA
1027.0;2022.0;3872.0;7185.0;1204.0;1860.0;892.0;1803.0;3510.0;6594.0;1129.0;1821.0;-1.0;6.0;3.0;-5.0;UREA
1035.0;2035.0;3902.0;7177.0;1198.0;1857.0;867.0;1767.0;3442.0;6474.0;1121.0;1809.0;-1.0;6.0;3.0;-9.0;UREA
1029.0;2035.0;3887.0;7178.0;1201.0;1868.0;864.0;1747.0;3435.0;6375.0;1120.0;1809.0;0.0;11.0;6.0;-9.0;UREA
1029.0;2026.0;3902.0;7156.0;1200.0;1850.0;893.0;1802.0;3510.0;6582.0;1132.0;1821.0;1.0;9.0;9.0;-10.0;UREA
1024.0;2018.0;3872.0;7150.0;1199.0;1858.0;866.0;1746.0;3444.0;6448.0;1097.0;1815.0;2.0;8.0;5.0;-10.0;UREA
1021.0;2015.0;3868.0;7119.0;1196.0;1851.0;868.0;1742.0;3431.0;6464.0;1121.0;1804.0;0.0;10.0;5.0;-10.0;UREA
1028.0;2026.0;3883.0;7206.0;1201.0;1851.0;879.0;1784.0;3497.0;6563.0;1130.0;1814.0;0.0;6.0;5.0;-10.0;UREA
1034.0;2035.0;3897.0;7192.0;1203.0;1860.0;866.0;1753.0;3455.0;6456.0;1119.0;1815.0;0.0;6.0;7.0;-10.0;UREA
1029.0;2033.0;3895.0;7188.0;1204.0;1860.0;879.0;1768.0;3470.0;6538.0;1132.0;1822.0;0.0;2.0;9.0;-9.0;UREA
1039.0;2039.0;3884.0;7198.0;1202.0;1864.0;876.0;1752.0;3457.0;6487.0;1132.0;1805.0;0.0;2.0;7.0;-9.0;UREA
1027.0;2033.0;3895.0;7189.0;1203.0;1860.0;868.0;1752.0;3424.0;6430.0;1121.0;1820.0;4.0;2.0;5.0;-12.0;UREA
1044.0;2047.0;3924.0;7259.0;1209.0;1865.0;866.0;1746.0;3454.0;6477.0;1125.0;1824.0;4.0;2.0;3.0;-14.0;UREA
1036.0;2035.0;3888.0;7180.0;1211.0;1861.0;874.0;1765.0;3480.0;6562.0;1131.0;1822.0;-3.0;6.0;2.0;-16.0;UREA
1032.0;2033.0;3887.0;7171.0;1201.0;1855.0;876.0;1772.0;3474.0;6528.0;1122.0;1822.0;-3.0;7.0;2.0;-16.0;UREA
1021.0;2018.0;3870.0;7175.0;1201.0;1860.0;883.0;1770.0;3476.0;6505.0;1126.0;1807.0;-3.0;6.0;2.0;-15.0;UREA
1040.0;2043.0;3926.0;7234.0;1202.0;1859.0;868.0;1753.0;3451.0;6487.0;1121.0;1814.0;-3.0;10.0;10.0;-14.0;UREA
1029.0;2030.0;3903.0;7203.0;1206.0;1864.0;884.0;1785.0;3496.0;6566.0;1124.0;1828.0;-3.0;6.0;9.0;-10.0;UREA
1033.0;2033.0;3899.0;7202.0;1211.0;1866.0;869.0;1763.0;3470.0;6513.0;1130.0;1832.0;-3.0;10.0;9.0;-10.0;UREA
1027.0;2028.0;3889.0;7197.0;1200.0;1865.0;885.0;1796.0;3526.0;6627.0;1137.0;1816.0;0.0;8.0;9.0;-13.0;UREA
1047.0;2047.0;3907.0;7225.0;1211.0;1865.0;898.0;1797.0;3522.0;6571.0;1129.0;1824.0;2.0;6.0;9.0;-10.0;UREA
1021.0;2022.0;3881.0;7210.0;1208.0;1865.0;874.0;1754.0;3447.0;6472.0;1120.0;1808.0;2.0;5.0;11.0;-11.0;UREA
1043.0;2048.0;3907.0;7220.0;1204.0;1871.0;888.0;1802.0;3542.0;6590.0;1144.0;1822.0;2.0;11.0;11.0;-11.0;UREA
1044.0;2055.0;3919.0;7248.0;1210.0;1876.0;875.0;1777.0;3503.0;6610.0;1132.0;1833.0;2.0;11.0;12.0;-11.0;UREA
1039.0;2052.0;3919.0;7252.0;1212.0;1873.0;891.0;1797.0;3515.0;6592.0;1140.0;1827.0;2.0;8.0;15.0;-8.0;UREA
1038.0;2047.0;3906.0;7234.0;1214.0;1858.0;886.0;1786.0;3510.0;6589.0;1137.0;1824.0;2.0;9.0;8.0;-8.0;UREA
1049.0;2068.0;3939.0;7249.0;1212.0;1875.0;881.0;1794.0;3525.0;6648.0;1141.0;1832.0;4.0;5.0;8.0;-8.0;UREA
1032.0;2035.0;3923.0;7227.0;1212.0;1872.0;895.0;1787.0;3530.0;6550.0;1132.0;1839.0;2.0;7.0;8.0;-11.0;UREA
1045.0;2050.0;3914.0;7219.0;1213.0;1872.0;893.0;1799.0;3511.0;6555.0;1136.0;1832.0;4.0;5.0;12.0;-11.0;UREA
1043.0;2052.0;3915.0;7252.0;1212.0;1872.0;878.0;1759.0;3463.0;6516.0;1129.0;1831.0;5.0;5.0;8.0;-11.0;UREA
1033.0;2041.0;3906.0;7241.0;1213.0;1873.0;871.0;1770.0;3503.0;6573.0;1141.0;1835.0;5.0;8.0;6.0;-12.0;UREA
1048.0;2067.0;3935.0;7239.0;1214.0;1869.0;872.0;1782.0;3510.0;6583.0;1135.0;1832.0;7.0;8.0;8.0;-12.0;UREA
1043.0;2048.0;3905.0;7194.0;1209.0;1873.0;884.0;1811.0;3551.0;6656.0;1146.0;1841.0;5.0;8.0;8.0;-12.0;UREA
1030.0;2037.0;3894.0;7213.0;1217.0;1869.0;897.0;1816.0;3575.0;6642.0;1144.0;1829.0;2.0;9.0;11.0;-12.0;UREA
1030.0;2031.0;3903.0;7218.0;1210.0;1870.0;883.0;1779.0;3485.0;6509.0;1131.0;1832.0;2.0;8.0;12.0;-13.0;UREA
1043.0;2048.0;3915.0;7217.0;1212.0;1863.0;877.0;1765.0;3467.0;6509.0;1127.0;1830.0;2.0;3.0;9.0;-12.0;UREA
1036.0;2041.0;3905.0;7191.0;1198.0;1866.0;887.0;1810.0;3540.0;6625.0;1137.0;1824.0;1.0;-1.0;7.0;-11.0;UREA
1045.0;2056.0;3927.0;7245.0;1213.0;1864.0;879.0;1776.0;3470.0;6494.0;1131.0;1828.0;1.0;3.0;16.0;-10.0;UREA
1037.0;2039.0;3888.0;7205.0;1205.0;1871.0;879.0;1754.0;3471.0;6548.0;1131.0;1831.0;1.0;1.0;8.0;-10.0;UREA
1041.0;2048.0;3913.0;7209.0;1210.0;1863.0;885.0;1759.0;3505.0;6629.0;1136.0;1839.0;0.0;1.0;8.0;-10.0;UREA
1040.0;2053.0;3892.0;7240.0;1221.0;1874.0;886.0;1781.0;3478.0;6544.0;1139.0;1834.0;0.0;1.0;5.0;-11.0;UREA
1033.0;2038.0;3911.0;7186.0;1204.0;1878.0;878.0;1783.0;3470.0;6530.0;1132.0;1832.0;-3.0;1.0;8.0;-10.0;UREA
1048.0;2058.0;3902.0;7239.0;1207.0;1873.0;906.0;1824.0;3583.0;6697.0;1145.0;1833.0;-3.0;1.0;6.0;-10.0;UREA
1037.0;2038.0;3901.0;7212.0;1204.0;1870.0;891.0;1791.0;3529.0;6563.0;1135.0;1841.0;-3.0;8.0;11.0;-12.0;UREA
1057.0;2072.0;3967.0;7308.0;1212.0;1870.0;894.0;1807.0;3524.0;6609.0;1137.0;1840.0;-3.0;7.0;1.0;-12.0;UREA
1042.0;2052.0;3921.0;7224.0;1212.0;1873.0;881.0;1775.0;3467.0;6535.0;1127.0;1829.0;-3.0;7.0;1.0;-14.0;UREA
1032.0;2035.0;3882.0;7187.0;1206.0;1866.0;879.0;1776.0;3472.0;6478.0;1129.0;1826.0;-2.0;4.0;1.0;-15.0;UREA
1045.0;2052.0;3908.0;7232.0;1215.0;1872.0;882.0;1783.0;3528.0;6614.0;1137.0;1828.0;-6.0;7.0;1.0;-15.0;UREA
1045.0;2050.0;3919.0;7239.0;1215.0;1868.0;872.0;1750.0;3420.0;6454.0;1117.0;1827.0;-2.0;7.0;1.0;-14.0;UREA
1028.0;2026.0;3888.0;7213.0;1207.0;1870.0;881.0;1777.0;3504.0;6561.0;1133.0;1833.0;-2.0;7.0;4.0;-14.0;UREA
1036.0;2042.0;3895.0;7152.0;1208.0;1870.0;881.0;1780.0;3533.0;6590.0;1138.0;1835.0;-1.0;10.0;4.0;-11.0;UREA
1049.0;2052.0;3928.0;7217.0;1215.0;1861.0;866.0;1745.0;3440.0;6472.0;1124.0;1820.0;-1.0;5.0;4.0;-10.0;UREA
1021.0;2018.0;3878.0;7173.0;1211.0;1867.0;874.0;1774.0;3481.0;6548.0;1135.0;1825.0;1.0;6.0;3.0;-10.0;UREA
1046.0;2064.0;3928.0;7193.0;1212.0;1870.0;898.0;1793.0;3539.0;6583.0;1134.0;1822.0;4.0;8.0;5.0;-10.0;UREA
1041.0;2049.0;3908.0;7242.0;1216.0;1867.0;891.0;1804.0;3528.0;6602.0;1132.0;1828.0;3.0;8.0;3.0;-10.0;UREA
1025.0;2027.0;3873.0;7143.0;1199.0;1863.0;885.0;1809.0;3530.0;6601.0;1138.0;1839.0;3.0;11.0;5.0;-10.0;UREA
1053.0;2063.0;3944.0;7273.0;1217.0;1870.0;886.0;1784.0;3474.0;6527.0;1131.0;1821.0;1.0;9.0;2.0;-13.0;UREA
1040.0;2047.0;3903.0;7244.0;1207.0;1868.0;866.0;1759.0;3461.0;6519.0;1134.0;1836.0;0.0;3.0;2.0;-13.0;UREA
1039.0;2031.0;3894.0;7234.0;1209.0;1868.0;866.0;1743.0;3420.0;6477.0;1125.0;1822.0;0.0;3.0;2.0;-13.0;UREA
1029.0;2033.0;3895.0;7182.0;1210.0;1861.0;869.0;1780.0;3490.0;6582.0;1139.0;1831.0;-2.0;3.0;3.0;-12.0;UREA
1046.0;2052.0;3914.0;7238.0;1215.0;1883.0;904.0;1829.0;3587.0;6703.0;1150.0;1851.0;-2.0;4.0;2.0;-11.0;UREA
1043.0;2057.0;3892.0;7205.0;1216.0;1879.0;885.0;1790.0;3484.0;6556.0;1130.0;1837.0;-2.0;4.0;3.0;-10.0;UREA
1043.0;2057.0;3952.0;7233.0;1212.0;1870.0;887.0;1795.0;3520.0;6625.0;1143.0;1842.0;-3.0;5.0;6.0;-10.0;UREA
1048.0;2060.0;3945.0;7300.0;1221.0;1870.0;889.0;1802.0;3501.0;6520.0;1137.0;1836.0;-3.0;0.0;6.0;-10.0;UREA
1049.0;2067.0;3929.0;7246.0;1215.0;1876.0;893.0;1803.0;3551.0;6628.0;1145.0;1849.0;5.0;0.0;7.0;-10.0;UREA
1055.0;2079.0;3963.0;7267.0;1216.0;1871.0;883.0;1784.0;3495.0;6533.0;1128.0;1832.0;7.0;0.0;19.0;-10.0;UREA
1051.0;2069.0;3947.0;7189.0;1215.0;1880.0;888.0;1793.0;3521.0;6541.0;1134.0;1835.0;12.0;0.0;16.0;-10.0;UREA
1049.0;2059.0;3943.0;7279.0;1213.0;1870.0;885.0;1778.0;3477.0;6570.0;1141.0;1840.0;6.0;3.0;11.0;-10.0;UREA
1045.0;2053.0;3947.0;7214.0;1219.0;1878.0;885.0;1808.0;3531.0;6609.0;1141.0;1834.0;-1.0;3.0;7.0;-10.0;UREA
1048.0;2066.0;3937.0;7239.0;1213.0;1874.0;884.0;1799.0;3519.0;6583.0;1137.0;1833.0;-3.0;3.0;5.0;-11.0;UREA
1044.0;2058.0;3940.0;7265.0;1215.0;1864.0;875.0;1757.0;3449.0;6508.0;1127.0;1832.0;-3.0;8.0;1.0;-14.0;UREA
1042.0;2057.0;3946.0;7302.0;1217.0;1868.0;879.0;1767.0;3457.0;6524.0;1132.0;1823.0;-3.0;11.0;1.0;-15.0;UREA
1047.0;2054.0;3907.0;7219.0;1212.0;1863.0;890.0;1802.0;3531.0;6634.0;1136.0;1827.0;-2.0;12.0;1.0;-14.0;UREA
1043.0;2047.0;3909.0;7239.0;1211.0;1870.0;869.0;1756.0;3459.0;6490.0;1125.0;1828.0;-3.0;5.0;-2.0;-15.0;UREA
1042.0;2055.0;3901.0;7206.0;1207.0;1869.0;900.0;1813.0;3532.0;6578.0;1138.0;1839.0;-2.0;5.0;-2.0;-15.0;UREA
1039.0;2040.0;3913.0;7201.0;1212.0;1865.0;896.0;1804.0;3557.0;6633.0;1138.0;1844.0;-2.0;3.0;-2.0;-14.0;UREA
1037.0;2038.0;3909.0;7221.0;1214.0;1878.0;900.0;1809.0;3539.0;6587.0;1138.0;1828.0;-2.0;5.0;-2.0;-10.0;UREA
1040.0;2035.0;3912.0;7232.0;1208.0;1867.0;886.0;1799.0;3523.0;6627.0;1140.0;1835.0;-2.0;8.0;-2.0;-9.0;UREA
1044.0;2068.0;3947.0;7305.0;1217.0;1872.0;900.0;1805.0;3544.0;6639.0;1141.0;1835.0;-2.0;9.0;-2.0;-9.0;UREA
1044.0;2055.0;3932.0;7244.0;1217.0;1871.0;880.0;1768.0;3455.0;6464.0;1129.0;1837.0;-4.0;3.0;-3.0;-9.0;UREA
1038.0;2053.0;3919.0;7232.0;1216.0;1883.0;904.0;1813.0;3531.0;6627.0;1135.0;1849.0;-4.0;3.0;-2.0;-9.0;UREA
1041.0;2074.0;3959.0;7307.0;1215.0;1878.0;893.0;1805.0;3526.0;6588.0;1138.0;1837.0;-6.0;3.0;-2.0;-11.0;UREA
1045.0;2069.0;3945.0;7281.0;1217.0;1877.0;885.0;1781.0;3521.0;6642.0;1149.0;1841.0;-4.0;4.0;2.0;-11.0;UREA
1045.0;2060.0;3934.0;7247.0;1217.0;1875.0;891.0;1798.0;3527.0;6635.0;1143.0;1844.0;-6.0;4.0;1.0;-11.0;UREA
1051.0;2073.0;3942.0;7229.0;1212.0;1865.0;898.0;1801.0;3517.0;6584.0;1130.0;1831.0;-1.0;4.0;1.0;-11.0;UREA
1037.0;2036.0;3890.0;7184.0;1201.0;1865.0;871.0;1752.0;3441.0;6463.0;1125.0;1821.0;-2.0;4.0;-3.0;-11.0;UREA
1039.0;2018.0;3907.0;7209.0;1210.0;1862.0;909.0;1830.0;3538.0;6673.0;1139.0;1837.0;0.0;11.0;-3.0;-11.0;UREA
1028.0;2036.0;3906.0;7249.0;1209.0;1845.0;886.0;1790.0;3479.0;6501.0;1128.0;1828.0;-2.0;3.0;-3.0;-6.0;UREA
1044.0;2048.0;3895.0;7199.0;1209.0;1863.0;888.0;1795.0;3526.0;6624.0;1137.0;1825.0;0.0;3.0;-2.0;-6.0;UREA
1042.0;2049.0;3901.0;7231.0;1216.0;1855.0;876.0;1778.0;3503.0;6582.0;1134.0;1838.0;1.0;11.0;2.0;-9.0;UREA
1043.0;2050.0;3916.0;7232.0;1214.0;1866.0;877.0;1724.0;3493.0;6521.0;1137.0;1841.0;4.0;3.0;2.0;-9.0;UREA
1049.0;2062.0;3921.0;7219.0;1217.0;1871.0;900.0;1812.0;3558.0;6663.0;1139.0;1834.0;4.0;6.0;2.0;-10.0;UREA
1044.0;2059.0;3944.0;7268.0;1218.0;1871.0;891.0;1780.0;3484.0;6534.0;1135.0;1835.0;4.0;2.0;6.0;-11.0;UREA
1049.0;2062.0;3942.0;7256.0;1212.0;1878.0;888.0;1793.0;3543.0;6554.0;1146.0;1836.0;4.0;2.0;3.0;-11.0;UREA
1042.0;2058.0;3919.0;7232.0;1215.0;1881.0;897.0;1805.0;3524.0;6615.0;1145.0;1836.0;1.0;3.0;6.0;-11.0;UREA
1049.0;2051.0;3921.0;7242.0;1213.0;1872.0;895.0;1810.0;3559.0;6651.0;1143.0;1829.0;1.0;6.0;7.0;-11.0;UREA
1046.0;2059.0;3909.0;7218.0;1206.0;1858.0;877.0;1766.0;3445.0;6510.0;1125.0;1817.0;-1.0;7.0;3.0;-10.0;UREA
1035.0;2036.0;3892.0;7203.0;1205.0;1855.0;861.0;1748.0;3442.0;6476.0;1124.0;1828.0;-2.0;8.0;2.0;-10.0;UREA
1042.0;2041.0;3906.0;7202.0;1211.0;1852.0;881.0;1770.0;3482.0;6540.0;1131.0;1807.0;-2.0;8.0;2.0;-10.0;UREA
1031.0;2027.0;3847.0;7109.0;1190.0;1850.0;874.0;1756.0;3433.0;6453.0;1125.0;1811.0;-2.0;7.0;2.0;-10.0;UREA
1030.0;2031.0;3889.0;7159.0;1202.0;1855.0;871.0;1755.0;3425.0;6440.0;1121.0;1804.0;-3.0;5.0;2.0;-10.0;UREA
1035.0;2028.0;3884.0;7155.0;1200.0;1856.0;869.0;1758.0;3453.0;6485.0;1122.0;1817.0;-4.0;9.0;-2.0;-13.0;UREA
1040.0;2043.0;3901.0;7180.0;1202.0;1858.0;874.0;1766.0;3471.0;6513.0;1127.0;1825.0;-4.0;3.0;0.0;-13.0;UREA
1033.0;2019.0;3866.0;7173.0;1198.0;1866.0;884.0;1778.0;3515.0;6571.0;1133.0;1833.0;-4.0;3.0;0.0;-13.0;UREA
1043.0;2039.0;3914.0;7227.0;1209.0;1871.0;890.0;1791.0;3502.0;6517.0;1134.0;1822.0;-6.0;1.0;0.0;-13.0;UREA
1034.0;2028.0;3900.0;7174.0;1205.0;1866.0;883.0;1758.0;3464.0;6519.0;1129.0;1829.0;-8.0;3.0;-2.0;-9.0;UREA
1057.0;2064.0;3920.0;7246.0;1207.0;1877.0;871.0;1764.0;3466.0;6507.0;1132.0;1833.0;-8.0;7.0;-1.0;-8.0;UREA
1039.0;2035.0;3893.0;7200.0;1207.0;1863.0;877.0;1770.0;3468.0;6517.0;1130.0;1827.0;-8.0;8.0;-1.0;-8.0;UREA
1038.0;2039.0;3895.0;7176.0;1204.0;1867.0;880.0;1771.0;3466.0;6516.0;1127.0;1825.0;-4.0;8.0;-1.0;-8.0;UREA
1051.0;2056.0;3925.0;7220.0;1211.0;1870.0;879.0;1786.0;3503.0;6554.0;1139.0;1834.0;4.0;8.0;-1.0;-8.0;UREA
1042.0;2063.0;3923.0;7227.0;1216.0;1870.0;897.0;1813.0;3534.0;6633.0;1140.0;1835.0;3.0;4.0;7.0;-8.0;UREA
1037.0;2040.0;3903.0;7229.0;1207.0;1879.0;885.0;1802.0;3533.0;6635.0;1142.0;1830.0;3.0;4.0;7.0;-8.0;UREA
1051.0;2069.0;3932.0;7222.0;1213.0;1859.0;868.0;1749.0;3413.0;6456.0;1122.0;1819.0;3.0;4.0;4.0;-8.0;UREA
1037.0;2030.0;3872.0;7141.0;1209.0;1870.0;894.0;1811.0;3530.0;6572.0;1132.0;1827.0;3.0;2.0;3.0;-9.0;UREA
1039.0;2050.0;3919.0;7211.0;1207.0;1866.0;878.0;1764.0;3472.0;6551.0;1129.0;1823.0;4.0;2.0;4.0;-9.0;UREA
1035.0;2041.0;3904.0;7198.0;1206.0;1863.0;869.0;1762.0;3495.0;6546.0;1133.0;1827.0;-6.0;1.0;4.0;-9.0;UREA
1044.0;2056.0;3898.0;7231.0;1213.0;1872.0;897.0;1807.0;3549.0;6665.0;1145.0;1838.0;-4.0;1.0;4.0;-14.0;UREA
1045.0;2061.0;3914.0;7225.0;1211.0;1872.0;903.0;1819.0;3531.0;6627.0;1143.0;1841.0;-4.0;1.0;8.0;-14.0;UREA
1050.0;2051.0;3944.0;7235.0;1216.0;1880.0;886.0;1788.0;3503.0;6559.0;1137.0;1834.0;1.0;1.0;8.0;-14.0;UREA
1039.0;2051.0;3934.0;7238.0;1212.0;1866.0;903.0;1826.0;3561.0;6657.0;1143.0;1834.0;1.0;1.0;7.0;-14.0;UREA
1050.0;2073.0;3953.0;7294.0;1216.0;1879.0;880.0;1769.0;3483.0;6503.0;1130.0;1834.0;1.0;1.0;8.0;-14.0;UREA
1051.0;2065.0;3922.0;7226.0;1219.0;1874.0;893.0;1795.0;3503.0;6554.0;1137.0;1837.0;1.0;1.0;11.0;-16.0;UREA
1039.0;2038.0;3905.0;7232.0;1215.0;1866.0;888.0;1794.0;3490.0;6566.0;1133.0;1832.0;1.0;1.0;11.0;-12.0;UREA
1049.0;2059.0;3941.0;7268.0;1213.0;1889.0;880.0;1785.0;3494.0;6621.0;1138.0;1833.0;0.0;5.0;4.0;-12.0;UREA
1044.0;2064.0;3882.0;7247.0;1217.0;1874.0;891.0;1796.0;3502.0;6615.0;1140.0;1836.0;0.0;5.0;4.0;-12.0;UREA
1062.0;2075.0;3960.0;7264.0;1217.0;1866.0;887.0;1795.0;3524.0;6630.0;1143.0;1830.0;0.0;8.0;4.0;-13.0;UREA
1050.0;2068.0;3948.0;7247.0;1209.0;1879.0;883.0;1783.0;3490.0;6553.0;1141.0;1831.0;1.0;5.0;7.0;-12.0;UREA
1051.0;2063.0;3937.0;7235.0;1220.0;1883.0;879.0;1780.0;3493.0;6555.0;1142.0;1847.0;1.0;10.0;7.0;-13.0;UREA
1062.0;2078.0;3957.0;7284.0;1216.0;1872.0;898.0;1795.0;3508.0;6574.0;1128.0;1818.0;2.0;5.0;18.0;-12.0;UREA
1046.0;2052.0;3927.0;7234.0;1211.0;1863.0;899.0;1821.0;3558.0;6642.0;1139.0;1827.0;1.0;7.0;7.0;-14.0;UREA
1053.0;2056.0;3937.0;7252.0;1206.0;1860.0;890.0;1789.0;3511.0;6557.0;1129.0;1826.0;-1.0;8.0;13.0;-12.0;UREA
1045.0;2039.0;3890.0;7194.0;1207.0;1872.0;895.0;1811.0;3527.0;6620.0;1141.0;1831.0;-1.0;7.0;5.0;-14.0;UREA
1058.0;2071.0;3917.0;7205.0;1206.0;1867.0;883.0;1786.0;3490.0;6541.0;1123.0;1808.0;-1.0;7.0;8.0;-14.0;UREA
1043.0;2039.0;3920.0;7217.0;1209.0;1871.0;894.0;1794.0;3525.0;6598.0;1143.0;1833.0;-1.0;7.0;2.0;-14.0;UREA
1048.0;2063.0;3938.0;7250.0;1222.0;1878.0;904.0;1823.0;3558.0;6680.0;1151.0;1836.0;-1.0;12.0;2.0;-10.0;UREA
1060.0;2082.0;3951.0;7293.0;1219.0;1876.0;886.0;1798.0;3535.0;6658.0;1142.0;1841.0;-4.0;10.0;1.0;-10.0;UREA
1054.0;2070.0;3946.0;7302.0;1221.0;1877.0;900.0;1815.0;3540.0;6612.0;1137.0;1840.0;-5.0;11.0;-1.0;-10.0;UREA
1057.0;2078.0;3941.0;7258.0;1212.0;1871.0;892.0;1794.0;3508.0;6566.0;1136.0;1834.0;-4.0;6.0;-1.0;-10.0;UREA
1054.0;2068.0;3943.0;7255.0;1224.0;1882.0;896.0;1786.0;3544.0;6642.0;1140.0;1845.0;-4.0;4.0;-1.0;-10.0;UREA
1059.0;2079.0;3966.0;7255.0;1218.0;1876.0;893.0;1800.0;3530.0;6632.0;1145.0;1849.0;-4.0;3.0;0.0;-10.0;UREA
1065.0;2096.0;3997.0;7354.0;1227.0;1884.0;899.0;1801.0;3524.0;6581.0;1134.0;1838.0;8.0;4.0;5.0;-10.0;UREA
1062.0;2074.0;3968.0;7284.0;1218.0;1879.0;892.0;1798.0;3524.0;6564.0;1142.0;1829.0;5.0;3.0;12.0;-10.0;UREA
1044.0;2051.0;3907.0;7239.0;1210.0;1872.0;896.0;1805.0;3532.0;6552.0;1137.0;1830.0;4.0;4.0;5.0;-10.0;UREA
1047.0;2046.0;3917.0;7244.0;1215.0;1871.0;895.0;1804.0;3541.0;6616.0;1135.0;1835.0;-2.0;4.0;5.0;-9.0;UREA
1059.0;2083.0;3974.0;7276.0;1220.0;1871.0;878.0;1779.0;3485.0;6590.0;1139.0;1843.0;0.0;1.0;5.0;-11.0;UREA
1055.0;2069.0;3939.0;7254.0;1210.0;1863.0;882.0;1778.0;3495.0;6501.0;1130.0;1826.0;-1.0;1.0;5.0;-13.0;UREA
1043.0;2023.0;3906.0;7204.0;1212.0;1871.0;892.0;1801.0;3535.0;6557.0;1134.0;1825.0;-2.0;0.0;4.0;-11.0;UREA
1043.0;2054.0;3922.0;7222.0;1205.0;1871.0;877.0;1764.0;3447.0;6492.0;1128.0;1837.0;-2.0;0.0;4.0;-9.0;UREA
1052.0;2066.0;3937.0;7276.0;1213.0;1863.0;881.0;1784.0;3488.0;6526.0;1130.0;1826.0;-1.0;0.0;4.0;-8.0;UREA
1039.0;2052.0;3896.0;7200.0;1205.0;1874.0;873.0;1772.0;3458.0;6542.0;1126.0;1829.0;-1.0;2.0;4.0;-7.0;UREA
1046.0;2062.0;3928.0;7243.0;1214.0;1874.0;880.0;1782.0;3507.0;6545.0;1137.0;1831.0;-4.0;6.0;10.0;-7.0;UREA
1041.0;2039.0;3921.0;7216.0;1211.0;1864.0;903.0;1822.0;3563.0;6660.0;1138.0;1833.0;-3.0;8.0;9.0;-7.0;UREA
1052.0;2066.0;3945.0;7267.0;1216.0;1881.0;919.0;1838.0;3582.0;6687.0;1141.0;1836.0;1.0;8.0;9.0;-6.0;UREA
1040.0;2051.0;3898.0;7190.0;1213.0;1864.0;884.0;1787.0;3509.0;6557.0;1128.0;1825.0;-3.0;7.0;11.0;-6.0;UREA
1045.0;2049.0;3913.0;7225.0;1211.0;1862.0;879.0;1773.0;3472.0;6513.0;1129.0;1823.0;-3.0;5.0;7.0;-7.0;UREA
1054.0;2062.0;3946.0;7240.0;1216.0;1875.0;883.0;1781.0;3483.0;6493.0;1137.0;1846.0;-1.0;6.0;10.0;-6.0;UREA
1055.0;2073.0;3973.0;7288.0;1212.0;1878.0;892.0;1803.0;3515.0;6623.0;1144.0;1819.0;2.0;9.0;10.0;-6.0;UREA
1053.0;2065.0;3932.0;7204.0;1211.0;1871.0;882.0;1759.0;3484.0;6579.0;1138.0;1839.0;3.0;6.0;10.0;-12.0;UREA
1044.0;2057.0;3932.0;7218.0;1210.0;1868.0;903.0;1810.0;3548.0;6631.0;1143.0;1833.0;2.0;6.0;11.0;-12.0;UREA
1045.0;2061.0;3924.0;7243.0;1207.0;1868.0;887.0;1787.0;3498.0;6583.0;1131.0;1824.0;2.0;7.0;5.0;-12.0;UREA
1048.0;2056.0;3927.0;7266.0;1207.0;1863.0;884.0;1773.0;3484.0;6509.0;1128.0;1825.0;2.0;6.0;2.0;-12.0;UREA
1044.0;2059.0;3914.0;7255.0;1214.0;1865.0;876.0;1764.0;3472.0;6508.0;1122.0;1823.0;-2.0;7.0;2.0;-12.0;UREA
1034.0;2048.0;3925.0;7235.0;1208.0;1869.0;879.0;1780.0;3494.0;6536.0;1134.0;1833.0;-2.0;5.0;4.0;-11.0;UREA
1044.0;2051.0;3923.0;7222.0;1220.0;1857.0;875.0;1772.0;3476.0;6540.0;1134.0;1830.0;-4.0;4.0;1.0;-12.0;UREA
1055.0;2063.0;3938.0;7214.0;1210.0;1864.0;884.0;1785.0;3492.0;6538.0;1125.0;1831.0;-2.0;5.0;1.0;-11.0;UREA
1042.0;2044.0;3914.0;7258.0;1207.0;1865.0;873.0;1768.0;3475.0;6550.0;1133.0;1827.0;-4.0;9.0;4.0;-11.0;UREA
1042.0;2056.0;3911.0;7227.0;1211.0;1874.0;884.0;1783.0;3492.0;6538.0;1131.0;1828.0;-2.0;7.0;6.0;-11.0;UREA
1039.0;2052.0;3907.0;7229.0;1206.0;1867.0;886.0;1786.0;3510.0;6578.0;1137.0;1820.0;-2.0;6.0;7.0;-7.0;UREA
1047.0;2061.0;3917.0;7255.0;1209.0;1868.0;872.0;1759.0;3479.0;6494.0;1134.0;1832.0;-2.0;6.0;6.0;-7.0;UREA
1052.0;2071.0;3944.0;7257.0;1213.0;1869.0;894.0;1800.0;3524.0;6581.0;1141.0;1832.0;-1.0;8.0;7.0;-9.0;UREA
1055.0;2059.0;3914.0;7238.0;1206.0;1873.0;888.0;1778.0;3471.0;6489.0;1127.0;1827.0;-1.0;10.0;6.0;-7.0;UREA
1039.0;2047.0;3885.0;7197.0;1202.0;1861.0;881.0;1771.0;3423.0;6489.0;1129.0;1826.0;-1.0;6.0;5.0;-8.0;UREA
1039.0;2047.0;3910.0;7188.0;1211.0;1874.0;891.0;1803.0;3531.0;6600.0;1140.0;1838.0;-1.0;6.0;5.0;-9.0;UREA
1054.0;2069.0;3949.0;7248.0;1214.0;1862.0;883.0;1787.0;3482.0;6571.0;1128.0;1811.0;-3.0;6.0;5.0;-9.0;UREA
1053.0;2068.0;3937.0;7225.0;1215.0;1869.0;877.0;1786.0;3494.0;6518.0;1129.0;1819.0;-3.0;6.0;4.0;-8.0;UREA
1049.0;2066.0;3945.0;7208.0;1212.0;1868.0;874.0;1752.0;3459.0;6489.0;1125.0;1826.0;-3.0;6.0;4.0;-10.0;UREA
1041.0;2061.0;3920.0;7269.0;1215.0;1874.0;896.0;1808.0;3559.0;6618.0;1141.0;1845.0;-6.0;4.0;4.0;-11.0;UREA
1056.0;2079.0;3970.0;7302.0;1217.0;1870.0;894.0;1810.0;3548.0;6660.0;1143.0;1830.0;-6.0;9.0;4.0;-10.0;UREA
1052.0;2067.0;3945.0;7265.0;1208.0;1877.0;907.0;1820.0;3557.0;6591.0;1143.0;1834.0;-7.0;6.0;13.0;-10.0;UREA
1057.0;2076.0;3923.0;7252.0;1206.0;1861.0;888.0;1789.0;3530.0;6611.0;1141.0;1831.0;-6.0;6.0;15.0;-11.0;UREA
1047.0;2048.0;3933.0;7244.0;1208.0;1879.0;877.0;1770.0;3477.0;6478.0;1120.0;1818.0;-5.0;8.0;6.0;-14.0;UREA
1050.0;2052.0;3936.0;7263.0;1212.0;1855.0;886.0;1789.0;3521.0;6611.0;1139.0;1831.0;-2.0;9.0;6.0;-14.0;UREA
1063.0;2078.0;3945.0;7260.0;1207.0;1869.0;879.0;1766.0;3428.0;6497.0;1126.0;1829.0;-2.0;5.0;4.0;-16.0;UREA
1046.0;2073.0;3939.0;7233.0;1209.0;1870.0;890.0;1796.0;3533.0;6562.0;1134.0;1830.0;-1.0;4.0;6.0;-14.0;UREA
1050.0;2053.0;3904.0;7223.0;1209.0;1865.0;886.0;1794.0;3514.0;6598.0;1135.0;1831.0;-1.0;5.0;4.0;-14.0;UREA
1051.0;2058.0;3947.0;7212.0;1215.0;1874.0;884.0;1781.0;3469.0;6564.0;1129.0;1833.0;-2.0;4.0;3.0;-14.0;UREA
1035.0;2041.0;3902.0;7240.0;1212.0;1872.0;884.0;1791.0;3519.0;6553.0;1137.0;1836.0;3.0;5.0;6.0;-14.0;UREA
1061.0;2068.0;3916.0;7264.0;1214.0;1877.0;902.0;1811.0;3529.0;6604.0;1138.0;1834.0;3.0;7.0;6.0;-14.0;UREA
1068.0;2075.0;3979.0;7305.0;1219.0;1876.0;887.0;1775.0;3477.0;6537.0;1139.0;1830.0;3.0;7.0;6.0;-14.0;UREA
1046.0;2060.0;3941.0;7260.0;1220.0;1873.0;894.0;1808.0;3557.0;6664.0;1141.0;1835.0;5.0;10.0;11.0;-12.0;UREA
1048.0;2059.0;3951.0;7278.0;1215.0;1869.0;899.0;1802.0;3518.0;6605.0;1126.0;1841.0;6.0;6.0;8.0;-12.0;UREA
1059.0;2068.0;3948.0;7282.0;1216.0;1872.0;889.0;1789.0;3539.0;6689.0;1142.0;1840.0;6.0;3.0;10.0;-11.0;UREA
1048.0;2074.0;3943.0;7254.0;1210.0;1869.0;893.0;1795.0;3487.0;6506.0;1133.0;1839.0;4.0;3.0;8.0;-12.0;UREA
1053.0;2074.0;3951.0;7262.0;1215.0;1873.0;875.0;1776.0;3477.0;6491.0;1131.0;1827.0;4.0;2.0;3.0;-12.0;UREA
1044.0;2056.0;3918.0;7238.0;1211.0;1870.0;887.0;1796.0;3528.0;6592.0;1136.0;1827.0;1.0;3.0;3.0;-11.0;UREA
1043.0;2051.0;3910.0;7231.0;1211.0;1872.0;887.0;1791.0;3499.0;6627.0;1138.0;1827.0;1.0;2.0;3.0;-11.0;UREA
1057.0;2070.0;3938.0;7270.0;1217.0;1869.0;894.0;1811.0;3538.0;6530.0;1144.0;1840.0;1.0;3.0;7.0;-10.0;UREA
1053.0;2061.0;3951.0;7268.0;1218.0;1878.0;890.0;1780.0;3482.0;6507.0;1129.0;1834.0;1.0;3.0;9.0;-8.0;UREA
1052.0;2070.0;3946.0;7237.0;1217.0;1877.0;897.0;1819.0;3524.0;6636.0;1141.0;1830.0;1.0;3.0;5.0;-10.0;UREA
1052.0;2070.0;3932.0;7250.0;1211.0;1873.0;885.0;1796.0;3513.0;6614.0;1142.0;1849.0;1.0;3.0;5.0;-8.0;UREA
1063.0;2079.0;3958.0;7286.0;1220.0;1877.0;881.0;1770.0;3479.0;6518.0;1133.0;1832.0;1.0;3.0;0.0;-10.0;UREA
1041.0;2054.0;3937.0;7136.0;1217.0;1869.0;881.0;1780.0;3494.0;6510.0;1112.0;1764.0;1.0;3.0;0.0;-12.0;UREA
1034.0;2016.0;3842.0;7094.0;1195.0;1844.0;867.0;1747.0;3432.0;6441.0;1118.0;1812.0;0.0;7.0;0.0;-12.0;UREA
1041.0;2054.0;3937.0;7136.0;1217.0;1869.0;881.0;1780.0;3494.0;6510.0;1112.0;1764.0;0.0;3.0;0.0;-10.0;UREA
1040.0;2033.0;3905.0;7153.0;1207.0;1859.0;888.0;1790.0;3527.0;6594.0;1138.0;1821.0;0.0;-1.0;0.0;-10.0;UREA
1044.0;2038.0;3909.0;7203.0;1209.0;1866.0;883.0;1770.0;3456.0;6515.0;1124.0;1825.0;5.0;-1.0;4.0;-10.0;UREA
