OFFCHIP_SENSIMOX_SnAu_150_200.0_IN-PHASE;OFFCHIP_SENSIMOX_SnAu_200_200.0_IN-PHASE;OFFCHIP_SENSIMOX_SnAu_250_200.0_IN-PHASE;OFFCHIP_SENSIMOX_SnAu_300_200.0_IN-PHASE;OFFCHIP_SENSIMOX_SnAu_350_200.0_IN-PHASE;OFFCHIP_SENSIMOX_SnAu_400_200.0_IN-PHASE;OFFCHIP_SENSIMOX_SnAu_150_78125.0_IN-PHASE;OFFCHIP_SENSIMOX_SnAu_200_78125.0_IN-PHASE;OFFCHIP_SENSIMOX_SnAu_250_78125.0_IN-PHASE;OFFCHIP_SENSIMOX_SnAu_300_78125.0_IN-PHASE;OFFCHIP_SENSIMOX_SnAu_350_78125.0_IN-PHASE;OFFCHIP_SENSIMOX_SnAu_400_78125.0_IN-PHASE;ONCHIP_ALUMINUM_OXIDE_OUT4_IN-PHASE;ONCHIP_ALUMINUM_OXIDE_OUT4_QUADRATURE;ONCHIP_ALUMINUM_OXIDE_OUT7_IN-PHASE;ONCHIP_ALUMINUM_OXIDE_OUT7_QUADRATURE;LABEL
1.0;1.0;1.0;1.0;1.0;1.0;1.0;1.0;1.0;1.0;1.0;1.0;1.0;1.0;1.0;1.0;ACETIC_ACID
11.0;21.0;41.0;79.0;15.0;26.0;8.0;11.0;27.0;56.0;11.0;20.0;-10.0;4.0;-9.0;-7.0;ACETIC_ACID
12.0;25.0;53.0;104.0;18.0;31.0;10.0;14.0;31.0;74.0;15.0;26.0;-10.0;-2.0;-9.0;-7.0;ACETIC_ACID
21.0;38.0;69.0;132.0;24.0;44.0;15.0;26.0;56.0;109.0;23.0;42.0;-10.0;-2.0;-9.0;-7.0;ACETIC_ACID
25.0;48.0;91.0;173.0;30.0;52.0;15.0;27.0;59.0;128.0;25.0;43.0;-6.0;-2.0;-6.0;-4.0;ACETIC_ACID
19.0;40.0;80.0;164.0;30.0;47.0;12.0;20.0;50.0;111.0;23.0;39.0;-6.0;-4.0;-6.0;-4.0;ACETIC_ACID
18.0;36.0;75.0;154.0;28.0;46.0;13.0;23.0;53.0;115.0;23.0;42.0;-6.0;-4.0;-6.0;-4.0;ACETIC_ACID
26.0;51.0;95.0;180.0;33.0;61.0;23.0;41.0;84.0;171.0;33.0;60.0;-12.0;-2.0;-9.0;-4.0;ACETIC_ACID
31.0;63.0;122.0;229.0;41.0;71.0;22.0;41.0;91.0;186.0;37.0;69.0;-12.0;-2.0;-9.0;-6.0;ACETIC_ACID
36.0;66.0;130.0;251.0;45.0;78.0;24.0;45.0;96.0;200.0;40.0;72.0;-13.0;-2.0;-9.0;-6.0;ACETIC_ACID
33.0;66.0;127.0;246.0;44.0;76.0;22.0;43.0;93.0;195.0;37.0;70.0;-12.0;-2.0;-9.0;-6.0;ACETIC_ACID
32.0;62.0;124.0;241.0;44.0;73.0;19.0;37.0;84.0;179.0;35.0;61.0;-8.0;-1.0;-9.0;-4.0;ACETIC_ACID
28.0;54.0;108.0;217.0;40.0;66.0;17.0;33.0;76.0;166.0;33.0;56.0;-8.0;-1.0;-8.0;-1.0;ACETIC_ACID
24.0;48.0;101.0;197.0;37.0;60.0;16.0;29.0;65.0;147.0;29.0;50.0;-8.0;2.0;-8.0;-1.0;ACETIC_ACID
23.0;45.0;93.0;182.0;34.0;56.0;13.0;26.0;61.0;137.0;26.0;46.0;-8.0;3.0;-11.0;-2.0;ACETIC_ACID
19.0;40.0;85.0;169.0;32.0;53.0;14.0;22.0;56.0;127.0;25.0;43.0;-8.0;0.0;-11.0;-2.0;ACETIC_ACID
28.0;54.0;103.0;190.0;35.0;62.0;20.0;37.0;81.0;168.0;32.0;58.0;-11.0;0.0;-8.0;-5.0;ACETIC_ACID
34.0;66.0;126.0;238.0;44.0;79.0;30.0;55.0;115.0;232.0;44.0;83.0;-7.0;-2.0;-11.0;-10.0;ACETIC_ACID
49.0;94.0;174.0;325.0;58.0;103.0;38.0;71.0;147.0;294.0;56.0;101.0;-11.0;-2.0;-11.0;-10.0;ACETIC_ACID
54.0;104.0;199.0;373.0;67.0;117.0;40.0;77.0;162.0;328.0;63.0;112.0;-7.0;-2.0;-9.0;-10.0;ACETIC_ACID
58.0;111.0;211.0;403.0;74.0;128.0;46.0;90.0;188.0;371.0;71.0;128.0;-4.0;-2.0;-9.0;-10.0;ACETIC_ACID
69.0;131.0;245.0;465.0;84.0;142.0;46.0;93.0;194.0;386.0;74.0;135.0;-4.0;-3.0;-12.0;-12.0;ACETIC_ACID
70.0;133.0;255.0;474.0;86.0;146.0;49.0;98.0;201.0;402.0;78.0;141.0;-13.0;-2.0;-9.0;-16.0;ACETIC_ACID
79.0;149.0;279.0;519.0;93.0;163.0;58.0;117.0;236.0;482.0;92.0;164.0;-13.0;-2.0;-9.0;-18.0;ACETIC_ACID
99.0;185.0;341.0;619.0;112.0;195.0;71.0;142.0;287.0;571.0;109.0;189.0;-13.0;-8.0;-9.0;-21.0;ACETIC_ACID
106.0;201.0;377.0;696.0;125.0;213.0;77.0;155.0;314.0;620.0;117.0;208.0;-13.0;-8.0;-9.0;-21.0;ACETIC_ACID
115.0;217.0;399.0;737.0;134.0;226.0;79.0;160.0;323.0;644.0;121.0;217.0;-13.0;-2.0;-9.0;-21.0;ACETIC_ACID
116.0;220.0;410.0;759.0;137.0;231.0;84.0;166.0;339.0;671.0;127.0;224.0;-13.0;-8.0;-9.0;-20.0;ACETIC_ACID
117.0;216.0;414.0;773.0;140.0;234.0;82.0;166.0;333.0;667.0;125.0;226.0;-13.0;-5.0;-9.0;-20.0;ACETIC_ACID
124.0;231.0;427.0;791.0;142.0;240.0;87.0;173.0;350.0;696.0;130.0;234.0;-13.0;-2.0;-8.0;-17.0;ACETIC_ACID
127.0;239.0;441.0;820.0;147.0;249.0;92.0;183.0;367.0;727.0;136.0;241.0;-13.0;-1.0;-8.0;-17.0;ACETIC_ACID
127.0;240.0;447.0;831.0;151.0;255.0;95.0;185.0;369.0;735.0;139.0;241.0;-13.0;-5.0;-8.0;-17.0;ACETIC_ACID
126.0;237.0;437.0;824.0;148.0;248.0;89.0;176.0;356.0;707.0;134.0;234.0;-13.0;-5.0;-7.0;-17.0;ACETIC_ACID
122.0;234.0;440.0;809.0;147.0;251.0;96.0;189.0;378.0;741.0;139.0;247.0;-12.0;-5.0;-7.0;-20.0;ACETIC_ACID
134.0;253.0;468.0;867.0;155.0;263.0;100.0;198.0;393.0;776.0;146.0;260.0;-12.0;-6.0;-7.0;-21.0;ACETIC_ACID
154.0;284.0;520.0;951.0;170.0;290.0;115.0;225.0;446.0;867.0;161.0;286.0;-12.0;-6.0;-7.0;-27.0;ACETIC_ACID
159.0;296.0;546.0;996.0;180.0;301.0;116.0;226.0;451.0;884.0;166.0;293.0;-12.0;-5.0;-11.0;-27.0;ACETIC_ACID
161.0;303.0;557.0;1023.0;185.0;309.0;122.0;239.0;476.0;934.0;174.0;308.0;-11.0;-5.0;-11.0;-26.0;ACETIC_ACID
170.0;318.0;585.0;1071.0;192.0;320.0;121.0;240.0;482.0;936.0;177.0;307.0;-11.0;-5.0;-11.0;-26.0;ACETIC_ACID
165.0;314.0;577.0;1064.0;190.0;321.0;124.0;243.0;485.0;954.0;178.0;314.0;-13.0;-5.0;-11.0;-25.0;ACETIC_ACID
173.0;325.0;597.0;1093.0;195.0;331.0;129.0;254.0;503.0;978.0;182.0;314.0;-11.0;-5.0;-11.0;-17.0;ACETIC_ACID
169.0;317.0;583.0;1084.0;194.0;324.0;122.0;242.0;480.0;938.0;176.0;310.0;-9.0;-6.0;-3.0;-14.0;ACETIC_ACID
170.0;317.0;584.0;1070.0;192.0;322.0;125.0;245.0;490.0;956.0;178.0;313.0;-11.0;-6.0;-14.0;-14.0;ACETIC_ACID
173.0;321.0;592.0;1088.0;193.0;323.0;124.0;243.0;482.0;944.0;176.0;309.0;-11.0;-6.0;-5.0;-17.0;ACETIC_ACID
167.0;311.0;579.0;1062.0;190.0;323.0;125.0;245.0;488.0;951.0;179.0;315.0;-9.0;-6.0;-5.0;-26.0;ACETIC_ACID
178.0;329.0;603.0;1111.0;198.0;332.0;134.0;262.0;519.0;1009.0;187.0;328.0;-11.0;-6.0;-9.0;-30.0;ACETIC_ACID
187.0;347.0;632.0;1157.0;207.0;346.0;140.0;274.0;537.0;1039.0;195.0;339.0;-11.0;-6.0;-9.0;-30.0;ACETIC_ACID
196.0;365.0;665.0;1214.0;216.0;365.0;147.0;290.0;572.0;1113.0;206.0;364.0;-6.0;-6.0;-7.0;-31.0;ACETIC_ACID
210.0;389.0;703.0;1278.0;228.0;382.0;154.0;303.0;594.0;1154.0;215.0;373.0;-6.0;-6.0;-9.0;-33.0;ACETIC_ACID
218.0;405.0;734.0;1326.0;235.0;390.0;154.0;304.0;600.0;1177.0;217.0;384.0;-8.0;-6.0;-9.0;-33.0;ACETIC_ACID
227.0;415.0;764.0;1382.0;246.0;413.0;173.0;338.0;664.0;1277.0;235.0;411.0;-6.0;-8.0;-13.0;-31.0;ACETIC_ACID
247.0;453.0;823.0;1493.0;262.0;436.0;178.0;350.0;686.0;1315.0;246.0;421.0;-6.0;-6.0;-13.0;-32.0;ACETIC_ACID
240.0;445.0;812.0;1462.0;259.0;431.0;174.0;340.0;673.0;1297.0;238.0;419.0;-8.0;-6.0;-13.0;-31.0;ACETIC_ACID
242.0;446.0;814.0;1477.0;262.0;438.0;176.0;348.0;684.0;1331.0;245.0;418.0;-8.0;-6.0;-13.0;-30.0;ACETIC_ACID
239.0;440.0;805.0;1469.0;260.0;428.0;173.0;340.0;669.0;1287.0;239.0;409.0;-8.0;-9.0;-14.0;-25.0;ACETIC_ACID
234.0;434.0;790.0;1455.0;254.0;424.0;174.0;339.0;668.0;1287.0;239.0;412.0;-12.0;-9.0;-14.0;-25.0;ACETIC_ACID
236.0;437.0;797.0;1452.0;254.0;425.0;168.0;334.0;656.0;1277.0;237.0;408.0;-12.0;-9.0;-14.0;-25.0;ACETIC_ACID
236.0;436.0;794.0;1444.0;257.0;428.0;180.0;350.0;688.0;1319.0;242.0;425.0;-14.0;-9.0;-19.0;-30.0;ACETIC_ACID
253.0;467.0;851.0;1536.0;271.0;451.0;189.0;370.0;724.0;1382.0;254.0;441.0;-16.0;-9.0;-19.0;-31.0;ACETIC_ACID
258.0;479.0;861.0;1557.0;276.0;457.0;187.0;367.0;716.0;1379.0;254.0;442.0;-14.0;-6.0;-19.0;-31.0;ACETIC_ACID
261.0;482.0;871.0;1579.0;278.0;463.0;198.0;385.0;745.0;1421.0;262.0;450.0;-12.0;-6.0;-14.0;-31.0;ACETIC_ACID
265.0;487.0;888.0;1600.0;281.0;467.0;190.0;372.0;722.0;1412.0;258.0;449.0;-12.0;-7.0;-14.0;-33.0;ACETIC_ACID
259.0;478.0;875.0;1586.0;278.0;467.0;194.0;380.0;747.0;1425.0;262.0;461.0;-12.0;-7.0;-14.0;-33.0;ACETIC_ACID
281.0;517.0;931.0;1684.0;295.0;491.0;211.0;413.0;801.0;1528.0;280.0;482.0;-12.0;-7.0;-12.0;-35.0;ACETIC_ACID
294.0;536.0;967.0;1736.0;304.0;503.0;213.0;417.0;809.0;1553.0;279.0;491.0;-14.0;-7.0;-14.0;-35.0;ACETIC_ACID
288.0;529.0;958.0;1725.0;304.0;504.0;216.0;420.0;815.0;1561.0;285.0;493.0;-14.0;-7.0;-12.0;-35.0;ACETIC_ACID
295.0;542.0;980.0;1758.0;310.0;513.0;218.0;426.0;823.0;1572.0;289.0;499.0;-14.0;-7.0;-15.0;-34.0;ACETIC_ACID
298.0;547.0;988.0;1782.0;312.0;515.0;218.0;426.0;832.0;1592.0;294.0;506.0;-12.0;-9.0;-11.0;-34.0;ACETIC_ACID
307.0;559.0;1009.0;1798.0;317.0;524.0;226.0;440.0;847.0;1617.0;296.0;510.0;-10.0;-9.0;-11.0;-34.0;ACETIC_ACID
303.0;561.0;1016.0;1834.0;321.0;531.0;227.0;445.0;863.0;1653.0;301.0;519.0;-10.0;-9.0;-11.0;-34.0;ACETIC_ACID
316.0;579.0;1037.0;1858.0;326.0;541.0;235.0;455.0;878.0;1683.0;307.0;528.0;-10.0;-10.0;-12.0;-34.0;ACETIC_ACID
316.0;578.0;1046.0;1874.0;329.0;540.0;231.0;449.0;875.0;1666.0;305.0;518.0;-12.0;-10.0;-12.0;-36.0;ACETIC_ACID
314.0;578.0;1039.0;1871.0;327.0;544.0;240.0;468.0;910.0;1713.0;313.0;537.0;-8.0;-10.0;-12.0;-37.0;ACETIC_ACID
330.0;603.0;1082.0;1951.0;340.0;557.0;246.0;475.0;911.0;1741.0;317.0;544.0;-8.0;-10.0;-12.0;-37.0;ACETIC_ACID
332.0;606.0;1089.0;1954.0;343.0;565.0;248.0;484.0;929.0;1766.0;319.0;551.0;-7.0;-9.0;-7.0;-37.0;ACETIC_ACID
341.0;622.0;1116.0;1998.0;346.0;571.0;249.0;484.0;934.0;1788.0;325.0;556.0;-8.0;-8.0;-7.0;-36.0;ACETIC_ACID
342.0;623.0;1124.0;2017.0;351.0;572.0;246.0;480.0;923.0;1746.0;320.0;550.0;-8.0;-9.0;-7.0;-33.0;ACETIC_ACID
337.0;613.0;1100.0;1969.0;343.0;560.0;242.0;469.0;904.0;1723.0;314.0;538.0;-7.0;-8.0;-8.0;-32.0;ACETIC_ACID
321.0;586.0;1067.0;1921.0;334.0;549.0;234.0;454.0;882.0;1691.0;308.0;529.0;-10.0;-8.0;-11.0;-32.0;ACETIC_ACID
317.0;580.0;1044.0;1873.0;330.0;548.0;236.0;463.0;895.0;1706.0;311.0;535.0;-10.0;-8.0;-11.0;-31.0;ACETIC_ACID
323.0;592.0;1060.0;1914.0;335.0;553.0;242.0;470.0;906.0;1725.0;316.0;535.0;-14.0;-6.0;-18.0;-32.0;ACETIC_ACID
326.0;598.0;1077.0;1931.0;338.0;554.0;242.0;471.0;911.0;1728.0;315.0;544.0;-15.0;-6.0;-18.0;-32.0;ACETIC_ACID
330.0;605.0;1091.0;1955.0;342.0;566.0;252.0;490.0;935.0;1775.0;323.0;552.0;-15.0;-6.0;-19.0;-32.0;ACETIC_ACID
338.0;615.0;1116.0;2001.0;347.0;570.0;248.0;481.0;928.0;1768.0;324.0;555.0;-11.0;-6.0;-18.0;-37.0;ACETIC_ACID
344.0;626.0;1126.0;1992.0;349.0;574.0;251.0;489.0;940.0;1784.0;325.0;556.0;-11.0;-5.0;-18.0;-37.0;ACETIC_ACID
346.0;627.0;1127.0;2020.0;353.0;578.0;255.0;496.0;948.0;1804.0;327.0;560.0;-11.0;-9.0;-18.0;-37.0;ACETIC_ACID
348.0;636.0;1141.0;2031.0;355.0;583.0;259.0;503.0;965.0;1824.0;332.0;567.0;-10.0;-6.0;-14.0;-33.0;ACETIC_ACID
358.0;652.0;1161.0;2063.0;359.0;585.0;258.0;499.0;966.0;1825.0;333.0;563.0;-10.0;-6.0;-11.0;-37.0;ACETIC_ACID
346.0;634.0;1135.0;2038.0;353.0;582.0;259.0;503.0;962.0;1826.0;332.0;568.0;-9.0;-6.0;-11.0;-33.0;ACETIC_ACID
346.0;630.0;1145.0;2045.0;355.0;584.0;261.0;506.0;968.0;1839.0;335.0;570.0;-10.0;-7.0;-11.0;-33.0;ACETIC_ACID
359.0;654.0;1173.0;2099.0;364.0;599.0;267.0;516.0;992.0;1893.0;343.0;584.0;-9.0;-6.0;-11.0;-33.0;ACETIC_ACID
360.0;659.0;1188.0;2114.0;367.0;606.0;273.0;527.0;1018.0;1919.0;347.0;591.0;-10.0;-5.0;-11.0;-40.0;ACETIC_ACID
372.0;675.0;1202.0;2153.0;373.0;610.0;271.0;524.0;1008.0;1916.0;347.0;592.0;-9.0;-7.0;-11.0;-40.0;ACETIC_ACID
367.0;667.0;1190.0;2138.0;373.0;607.0;274.0;528.0;1010.0;1912.0;344.0;593.0;-9.0;-5.0;-13.0;-40.0;ACETIC_ACID
376.0;684.0;1215.0;2162.0;376.0;622.0;286.0;559.0;1043.0;1994.0;360.0;617.0;-9.0;-5.0;-13.0;-37.0;ACETIC_ACID
392.0;709.0;1264.0;2246.0;390.0;639.0;286.0;562.0;1065.0;2029.0;364.0;621.0;-13.0;-9.0;-19.0;-37.0;ACETIC_ACID
385.0;701.0;1258.0;2244.0;388.0;636.0;281.0;542.0;1045.0;1981.0;358.0;615.0;-9.0;-11.0;-13.0;-37.0;ACETIC_ACID
389.0;703.0;1264.0;2242.0;389.0;642.0;293.0;564.0;1078.0;2022.0;368.0;625.0;-9.0;-11.0;-13.0;-36.0;ACETIC_ACID
389.0;707.0;1269.0;2270.0;393.0;644.0;294.0;562.0;1084.0;2043.0;367.0;624.0;-13.0;-11.0;-19.0;-36.0;ACETIC_ACID
394.0;716.0;1284.0;2285.0;396.0;649.0;297.0;571.0;1095.0;2057.0;371.0;635.0;-12.0;-11.0;-15.0;-36.0;ACETIC_ACID
400.0;728.0;1302.0;2322.0;401.0;658.0;298.0;576.0;1084.0;2077.0;374.0;639.0;-12.0;-9.0;-15.0;-40.0;ACETIC_ACID
402.0;730.0;1303.0;2328.0;404.0;650.0;293.0;562.0;1074.0;2029.0;368.0;628.0;-12.0;-8.0;-15.0;-38.0;ACETIC_ACID
407.0;739.0;1318.0;2319.0;401.0;652.0;303.0;584.0;1114.0;2069.0;380.0;646.0;-12.0;-8.0;-15.0;-38.0;ACETIC_ACID
415.0;754.0;1338.0;2376.0;412.0;673.0;309.0;597.0;1144.0;2145.0;386.0;656.0;-9.0;-9.0;-15.0;-38.0;ACETIC_ACID
411.0;744.0;1333.0;2375.0;410.0;663.0;302.0;583.0;1111.0;2101.0;379.0;644.0;-9.0;-12.0;-17.0;-38.0;ACETIC_ACID
407.0;738.0;1315.0;2344.0;408.0;663.0;301.0;582.0;1111.0;2089.0;377.0;640.0;-9.0;-12.0;-17.0;-35.0;ACETIC_ACID
402.0;734.0;1307.0;2319.0;401.0;657.0;299.0;586.0;1115.0;2097.0;378.0;641.0;-9.0;-12.0;-17.0;-35.0;ACETIC_ACID
409.0;741.0;1322.0;2341.0;403.0;659.0;301.0;578.0;1107.0;2090.0;376.0;642.0;-10.0;-12.0;-17.0;-36.0;ACETIC_ACID
405.0;732.0;1313.0;2323.0;403.0;662.0;301.0;583.0;1111.0;2100.0;380.0;647.0;-10.0;-12.0;-13.0;-37.0;ACETIC_ACID
415.0;753.0;1337.0;2366.0;411.0;666.0;306.0;584.0;1122.0;2111.0;380.0;648.0;-10.0;-12.0;-13.0;-37.0;ACETIC_ACID
414.0;750.0;1345.0;2383.0;411.0;674.0;305.0;590.0;1125.0;2120.0;380.0;645.0;-10.0;-13.0;-13.0;-37.0;ACETIC_ACID
410.0;740.0;1326.0;2357.0;413.0;677.0;319.0;612.0;1160.0;2176.0;390.0;667.0;-11.0;-9.0;-17.0;-44.0;ACETIC_ACID
433.0;780.0;1391.0;2467.0;427.0;693.0;331.0;637.0;1207.0;2237.0;403.0;688.0;-12.0;-11.0;-18.0;-44.0;ACETIC_ACID
447.0;809.0;1434.0;2538.0;436.0;710.0;330.0;636.0;1207.0;2268.0;406.0;681.0;-12.0;-13.0;-18.0;-45.0;ACETIC_ACID
443.0;798.0;1430.0;2524.0;433.0;704.0;322.0;620.0;1184.0;2226.0;402.0;679.0;-13.0;-13.0;-20.0;-44.0;ACETIC_ACID
431.0;781.0;1392.0;2475.0;429.0;698.0;329.0;636.0;1204.0;2263.0;406.0;694.0;-13.0;-11.0;-20.0;-44.0;ACETIC_ACID
459.0;831.0;1469.0;2598.0;446.0;727.0;344.0;660.0;1250.0;2342.0;418.0;708.0;-16.0;-11.0;-23.0;-43.0;ACETIC_ACID
455.0;821.0;1461.0;2577.0;444.0;716.0;329.0;636.0;1212.0;2283.0;410.0;693.0;-16.0;-11.0;-24.0;-43.0;ACETIC_ACID
445.0;805.0;1437.0;2545.0;438.0;707.0;330.0;630.0;1203.0;2219.0;408.0;689.0;-16.0;-10.0;-24.0;-40.0;ACETIC_ACID
440.0;794.0;1416.0;2514.0;437.0;713.0;332.0;638.0;1214.0;2284.0;409.0;690.0;-15.0;-10.0;-23.0;-40.0;ACETIC_ACID
445.0;803.0;1429.0;2541.0;439.0;708.0;330.0;637.0;1207.0;2268.0;410.0;693.0;-11.0;-9.0;-17.0;-39.0;ACETIC_ACID
446.0;807.0;1437.0;2534.0;435.0;711.0;329.0;635.0;1203.0;2263.0;405.0;688.0;-11.0;-9.0;-17.0;-39.0;ACETIC_ACID
450.0;806.0;1430.0;2513.0;436.0;703.0;322.0;622.0;1183.0;2227.0;400.0;674.0;-8.0;-9.0;-16.0;-35.0;ACETIC_ACID
431.0;778.0;1389.0;2488.0;427.0;699.0;331.0;641.0;1198.0;2256.0;405.0;687.0;-8.0;-12.0;-15.0;-45.0;ACETIC_ACID
456.0;824.0;1462.0;2572.0;444.0;719.0;338.0;650.0;1238.0;2313.0;413.0;698.0;-11.0;-12.0;-15.0;-44.0;ACETIC_ACID
456.0;829.0;1459.0;2594.0;445.0;721.0;343.0;657.0;1245.0;2329.0;418.0;710.0;-11.0;-12.0;-15.0;-49.0;ACETIC_ACID
470.0;850.0;1500.0;2638.0;454.0;735.0;346.0;661.0;1269.0;2365.0;423.0;716.0;-10.0;-12.0;-15.0;-44.0;ACETIC_ACID
467.0;840.0;1497.0;2653.0;456.0;739.0;357.0;682.0;1293.0;2408.0;432.0;723.0;-10.0;-11.0;-18.0;-49.0;ACETIC_ACID
479.0;863.0;1531.0;2692.0;463.0;749.0;353.0;676.0;1282.0;2400.0;430.0;730.0;-12.0;-9.0;-19.0;-47.0;ACETIC_ACID
474.0;857.0;1528.0;2693.0;456.0;749.0;366.0;696.0;1312.0;2448.0;436.0;735.0;-10.0;-11.0;-19.0;-49.0;ACETIC_ACID
492.0;889.0;1572.0;2766.0;475.0;773.0;375.0;716.0;1354.0;2525.0;450.0;754.0;-10.0;-11.0;-19.0;-47.0;ACETIC_ACID
497.0;897.0;1589.0;2802.0;477.0;772.0;369.0;705.0;1335.0;2496.0;449.0;754.0;-10.0;-9.0;-19.0;-47.0;ACETIC_ACID
515.0;921.0;1623.0;2834.0;484.0;782.0;377.0;721.0;1362.0;2543.0;454.0;766.0;-10.0;-9.0;-19.0;-45.0;ACETIC_ACID
502.0;900.0;1594.0;2808.0;484.0;779.0;370.0;707.0;1338.0;2507.0;448.0;754.0;-10.0;-12.0;-19.0;-45.0;ACETIC_ACID
487.0;876.0;1559.0;2750.0;473.0;762.0;359.0;691.0;1308.0;2448.0;440.0;740.0;-12.0;-9.0;-20.0;-39.0;ACETIC_ACID
493.0;891.0;1569.0;2759.0;468.0;759.0;359.0;687.0;1308.0;2447.0;438.0;741.0;-10.0;-9.0;-17.0;-39.0;ACETIC_ACID
496.0;887.0;1567.0;2758.0;471.0;763.0;362.0;697.0;1316.0;2461.0;441.0;739.0;-9.0;-11.0;-17.0;-42.0;ACETIC_ACID
484.0;870.0;1545.0;2732.0;469.0;759.0;361.0;691.0;1304.0;2449.0;436.0;735.0;-9.0;-13.0;-17.0;-45.0;ACETIC_ACID
480.0;860.0;1529.0;2693.0;464.0;746.0;356.0;683.0;1290.0;2414.0;433.0;734.0;-8.0;-11.0;-16.0;-42.0;ACETIC_ACID
497.0;898.0;1581.0;2780.0;475.0;769.0;379.0;724.0;1373.0;2541.0;452.0;765.0;-8.0;-11.0;-16.0;-46.0;ACETIC_ACID
509.0;916.0;1609.0;2835.0;487.0;777.0;375.0;716.0;1356.0;2512.0;451.0;759.0;-8.0;-11.0;-16.0;-46.0;ACETIC_ACID
500.0;905.0;1603.0;2822.0;482.0;776.0;375.0;715.0;1355.0;2510.0;447.0;758.0;-10.0;-11.0;-18.0;-46.0;ACETIC_ACID
514.0;921.0;1628.0;2857.0;491.0;796.0;389.0;745.0;1405.0;2600.0;466.0;781.0;-11.0;-11.0;-18.0;-49.0;ACETIC_ACID
528.0;944.0;1666.0;2922.0;500.0;805.0;387.0;743.0;1403.0;2608.0;466.0;782.0;-12.0;-9.0;-21.0;-49.0;ACETIC_ACID
532.0;957.0;1686.0;2962.0;504.0;821.0;405.0;771.0;1442.0;2683.0;476.0;798.0;-11.0;-9.0;-21.0;-51.0;ACETIC_ACID
530.0;954.0;1688.0;2971.0;508.0;815.0;388.0;743.0;1411.0;2624.0;468.0;787.0;-11.0;-9.0;-25.0;-53.0;ACETIC_ACID
520.0;930.0;1646.0;2908.0;496.0;803.0;399.0;760.0;1432.0;2656.0;471.0;795.0;-11.0;-7.0;-22.0;-51.0;ACETIC_ACID
533.0;957.0;1686.0;2979.0;508.0;819.0;400.0;762.0;1430.0;2646.0;473.0;796.0;-10.0;-7.0;-22.0;-50.0;ACETIC_ACID
545.0;972.0;1719.0;3002.0;512.0;827.0;408.0;778.0;1461.0;2712.0;481.0;804.0;-10.0;-9.0;-22.0;-50.0;ACETIC_ACID
542.0;973.0;1719.0;3024.0;515.0;831.0;403.0;772.0;1459.0;2696.0;480.0;807.0;-14.0;-11.0;-22.0;-50.0;ACETIC_ACID
558.0;995.0;1743.0;3039.0;516.0;827.0;403.0;773.0;1457.0;2700.0;479.0;805.0;-16.0;-13.0;-22.0;-50.0;ACETIC_ACID
540.0;969.0;1710.0;3007.0;513.0;830.0;410.0;780.0;1470.0;2721.0;484.0;813.0;-16.0;-13.0;-24.0;-48.0;ACETIC_ACID
556.0;1002.0;1766.0;3099.0;526.0;860.0;434.0;824.0;1548.0;2838.0;504.0;847.0;-16.0;-13.0;-24.0;-47.0;ACETIC_ACID
590.0;1047.0;1842.0;3194.0;543.0;875.0;431.0;819.0;1534.0;2850.0;504.0;845.0;-15.0;-13.0;-24.0;-59.0;ACETIC_ACID
572.0;1018.0;1798.0;3165.0;536.0;856.0;418.0;799.0;1503.0;2800.0;497.0;827.0;-13.0;-13.0;-25.0;-52.0;ACETIC_ACID
558.0;1005.0;1782.0;3138.0;537.0;879.0;460.0;870.0;1616.0;2967.0;522.0;881.0;-13.0;-13.0;-24.0;-47.0;ACETIC_ACID
609.0;1087.0;1907.0;3320.0;560.0;898.0;452.0;852.0;1597.0;2945.0;517.0;868.0;-13.0;-13.0;-23.0;-48.0;ACETIC_ACID
586.0;1052.0;1849.0;3221.0;550.0;880.0;436.0;830.0;1553.0;2858.0;512.0;850.0;-13.0;-10.0;-22.0;-52.0;ACETIC_ACID
578.0;1029.0;1818.0;3187.0;542.0;870.0;429.0;816.0;1526.0;2836.0;503.0;840.0;-13.0;-10.0;-23.0;-48.0;ACETIC_ACID
573.0;1024.0;1798.0;3149.0;538.0;862.0;432.0;824.0;1545.0;2819.0;502.0;839.0;-13.0;-10.0;-22.0;-47.0;ACETIC_ACID
570.0;1022.0;1792.0;3138.0;538.0;866.0;430.0;814.0;1513.0;2815.0;502.0;837.0;-12.0;-10.0;-20.0;-47.0;ACETIC_ACID
570.0;1016.0;1782.0;3126.0;534.0;859.0;425.0;805.0;1513.0;2800.0;498.0;832.0;-12.0;-10.0;-20.0;-47.0;ACETIC_ACID
571.0;1019.0;1786.0;3122.0;533.0;858.0;424.0;808.0;1509.0;2804.0;495.0;830.0;-15.0;-14.0;-23.0;-47.0;ACETIC_ACID
568.0;1018.0;1781.0;3128.0;532.0;855.0;428.0;813.0;1511.0;2802.0;499.0;838.0;-13.0;-11.0;-20.0;-48.0;ACETIC_ACID
573.0;1023.0;1795.0;3149.0;534.0;857.0;433.0;821.0;1537.0;2842.0;504.0;843.0;-13.0;-14.0;-21.0;-64.0;ACETIC_ACID
589.0;1049.0;1840.0;3208.0;545.0;880.0;452.0;854.0;1597.0;2942.0;516.0;867.0;-15.0;-14.0;-23.0;-64.0;ACETIC_ACID
603.0;1074.0;1887.0;3281.0;556.0;892.0;452.0;856.0;1597.0;2940.0;521.0;876.0;-13.0;-14.0;-21.0;-64.0;ACETIC_ACID
603.0;1073.0;1885.0;3292.0;553.0;889.0;452.0;854.0;1596.0;2942.0;522.0;865.0;-13.0;-17.0;-21.0;-61.0;ACETIC_ACID
609.0;1080.0;1891.0;3305.0;561.0;896.0;456.0;863.0;1606.0;2928.0;520.0;877.0;-14.0;-17.0;-23.0;-53.0;ACETIC_ACID
605.0;1074.0;1887.0;3301.0;560.0;898.0;459.0;871.0;1627.0;3004.0;531.0;888.0;-14.0;-17.0;-23.0;-53.0;ACETIC_ACID
616.0;1093.0;1926.0;3338.0;568.0;899.0;452.0;854.0;1599.0;2938.0;522.0;869.0;-14.0;-13.0;-17.0;-46.0;ACETIC_ACID
592.0;1052.0;1856.0;3242.0;553.0;887.0;442.0;840.0;1567.0;2908.0;515.0;863.0;-14.0;-10.0;-21.0;-46.0;ACETIC_ACID
588.0;1049.0;1847.0;3239.0;548.0;882.0;438.0;831.0;1559.0;2882.0;512.0;856.0;-11.0;-10.0;-19.0;-46.0;ACETIC_ACID
578.0;1025.0;1818.0;3192.0;543.0;871.0;433.0;822.0;1533.0;2857.0;504.0;847.0;-11.0;-7.0;-19.0;-50.0;ACETIC_ACID
587.0;1051.0;1846.0;3232.0;549.0;887.0;456.0;852.0;1608.0;2932.0;522.0;872.0;-10.0;-7.0;-21.0;-51.0;ACETIC_ACID
608.0;1083.0;1899.0;3305.0;565.0;903.0;466.0;880.0;1641.0;3008.0;529.0;882.0;-11.0;-12.0;-24.0;-52.0;ACETIC_ACID
611.0;1090.0;1909.0;3327.0;566.0;901.0;458.0;866.0;1622.0;2976.0;524.0;879.0;-11.0;-12.0;-24.0;-52.0;ACETIC_ACID
608.0;1088.0;1916.0;3318.0;567.0;906.0;458.0;861.0;1630.0;3001.0;532.0;887.0;-20.0;-12.0;-24.0;-55.0;ACETIC_ACID
618.0;1102.0;1938.0;3393.0;573.0;919.0;471.0;886.0;1649.0;3048.0;536.0;898.0;-14.0;-12.0;-24.0;-56.0;ACETIC_ACID
628.0;1115.0;1951.0;3394.0;575.0;921.0;467.0;884.0;1651.0;3052.0;540.0;898.0;-18.0;-12.0;-24.0;-56.0;ACETIC_ACID
626.0;1117.0;1961.0;3418.0;579.0;927.0;474.0;894.0;1675.0;3077.0;540.0;907.0;-14.0;-11.0;-23.0;-56.0;ACETIC_ACID
630.0;1122.0;1957.0;3415.0;578.0;924.0;471.0;890.0;1662.0;3044.0;540.0;899.0;-17.0;-10.0;-24.0;-56.0;ACETIC_ACID
624.0;1114.0;1952.0;3412.0;578.0;926.0;477.0;901.0;1681.0;3094.0;548.0;910.0;-17.0;-10.0;-23.0;-56.0;ACETIC_ACID
639.0;1134.0;1986.0;3454.0;584.0;931.0;473.0;898.0;1671.0;3081.0;542.0;906.0;-17.0;-10.0;-21.0;-55.0;ACETIC_ACID
628.0;1115.0;1958.0;3418.0;581.0;929.0;477.0;898.0;1672.0;3070.0;544.0;910.0;-9.0;-10.0;-14.0;-55.0;ACETIC_ACID
644.0;1144.0;2001.0;3474.0;587.0;945.0;489.0;920.0;1699.0;3146.0;552.0;918.0;-6.0;-10.0;-17.0;-55.0;ACETIC_ACID
650.0;1150.0;2011.0;3499.0;595.0;944.0;485.0;923.0;1716.0;3145.0;554.0;924.0;-6.0;-11.0;-17.0;-52.0;ACETIC_ACID
648.0;1153.0;2009.0;3508.0;594.0;946.0;488.0;909.0;1706.0;3128.0;553.0;916.0;-6.0;-11.0;-17.0;-52.0;ACETIC_ACID
636.0;1131.0;1988.0;3467.0;586.0;938.0;482.0;907.0;1687.0;3106.0;543.0;905.0;-11.0;-11.0;-26.0;-52.0;ACETIC_ACID
629.0;1119.0;1972.0;3421.0;582.0;927.0;477.0;904.0;1681.0;3066.0;545.0;906.0;-13.0;-14.0;-26.0;-53.0;ACETIC_ACID
632.0;1130.0;1979.0;3459.0;588.0;939.0;491.0;922.0;1709.0;3134.0;553.0;915.0;-13.0;-14.0;-26.0;-54.0;ACETIC_ACID
643.0;1140.0;1997.0;3476.0;588.0;940.0;483.0;913.0;1706.0;3134.0;553.0;916.0;-13.0;-14.0;-26.0;-55.0;ACETIC_ACID
644.0;1143.0;2007.0;3471.0;587.0;938.0;486.0;914.0;1696.0;3108.0;548.0;914.0;-13.0;-13.0;-26.0;-55.0;ACETIC_ACID
631.0;1125.0;1980.0;3447.0;582.0;932.0;472.0;897.0;1676.0;3093.0;544.0;907.0;-13.0;-13.0;-25.0;-58.0;ACETIC_ACID
637.0;1134.0;1993.0;3459.0;585.0;935.0;491.0;920.0;1719.0;3163.0;552.0;921.0;-12.0;-13.0;-24.0;-61.0;ACETIC_ACID
657.0;1161.0;2033.0;3522.0;598.0;953.0;492.0;923.0;1725.0;3169.0;559.0;929.0;-12.0;-14.0;-19.0;-61.0;ACETIC_ACID
649.0;1156.0;2024.0;3531.0;595.0;951.0;502.0;947.0;1751.0;3197.0;564.0;942.0;-12.0;-14.0;-19.0;-58.0;ACETIC_ACID
678.0;1196.0;2087.0;3637.0;611.0;979.0;507.0;953.0;1783.0;3254.0;572.0;955.0;-12.0;-14.0;-24.0;-56.0;ACETIC_ACID
678.0;1198.0;2099.0;3623.0;613.0;974.0;501.0;943.0;1760.0;3233.0;569.0;947.0;-12.0;-15.0;-24.0;-56.0;ACETIC_ACID
661.0;1178.0;2059.0;3578.0;605.0;965.0;493.0;930.0;1738.0;3184.0;566.0;942.0;-12.0;-17.0;-25.0;-56.0;ACETIC_ACID
658.0;1166.0;2045.0;3565.0;602.0;962.0;499.0;937.0;1749.0;3199.0;570.0;945.0;-12.0;-17.0;-25.0;-61.0;ACETIC_ACID
672.0;1195.0;2091.0;3630.0;614.0;984.0;524.0;982.0;1819.0;3265.0;584.0;973.0;-12.0;-15.0;-24.0;-64.0;ACETIC_ACID
705.0;1245.0;2161.0;3744.0;632.0;1008.0;535.0;1004.0;1865.0;3390.0;596.0;989.0;-12.0;-16.0;-20.0;-64.0;ACETIC_ACID
716.0;1272.0;2206.0;3822.0;640.0;1023.0;550.0;1029.0;1905.0;3461.0;609.0;1008.0;-12.0;-15.0;-20.0;-61.0;ACETIC_ACID
729.0;1288.0;2233.0;3844.0;652.0;1028.0;543.0;1015.0;1891.0;3455.0;605.0;1002.0;-8.0;-15.0;-19.0;-60.0;ACETIC_ACID
716.0;1263.0;2207.0;3816.0;647.0;1024.0;539.0;1011.0;1871.0;3419.0;600.0;994.0;-8.0;-15.0;-17.0;-60.0;ACETIC_ACID
697.0;1242.0;2178.0;3764.0;635.0;1008.0;526.0;994.0;1840.0;3351.0;589.0;979.0;-5.0;-15.0;-17.0;-60.0;ACETIC_ACID
693.0;1230.0;2151.0;3772.0;635.0;1011.0;535.0;1007.0;1861.0;3392.0;595.0;988.0;-12.0;-15.0;-26.0;-62.0;ACETIC_ACID
701.0;1244.0;2174.0;3767.0;634.0;1005.0;530.0;1002.0;1847.0;3373.0;594.0;981.0;-12.0;-15.0;-27.0;-67.0;ACETIC_ACID
710.0;1253.0;2176.0;3801.0;635.0;1004.0;521.0;981.0;1826.0;3332.0;590.0;985.0;-18.0;-15.0;-27.0;-67.0;ACETIC_ACID
734.0;1297.0;2248.0;3874.0;652.0;1037.0;545.0;1033.0;1917.0;3498.0;611.0;1010.0;-19.0;-13.0;-27.0;-67.0;ACETIC_ACID
723.0;1276.0;2234.0;3879.0;655.0;1037.0;548.0;1030.0;1903.0;3482.0;609.0;1013.0;-19.0;-13.0;-21.0;-63.0;ACETIC_ACID
719.0;1268.0;2208.0;3831.0;647.0;1028.0;535.0;1006.0;1867.0;3427.0;598.0;996.0;-19.0;-13.0;-18.0;-62.0;ACETIC_ACID
699.0;1247.0;2183.0;3796.0;638.0;1011.0;534.0;1002.0;1852.0;3386.0;590.0;981.0;-17.0;-16.0;-18.0;-54.0;ACETIC_ACID
683.0;1216.0;2126.0;3720.0;627.0;1001.0;523.0;985.0;1832.0;3352.0;586.0;963.0;-12.0;-16.0;-18.0;-54.0;ACETIC_ACID
686.0;1224.0;2136.0;3712.0;627.0;1001.0;536.0;1008.0;1859.0;3405.0;595.0;986.0;-12.0;-16.0;-18.0;-54.0;ACETIC_ACID
704.0;1251.0;2179.0;3787.0;634.0;1008.0;532.0;1001.0;1846.0;3371.0;592.0;981.0;-9.0;-12.0;-18.0;-68.0;ACETIC_ACID
709.0;1255.0;2187.0;3784.0;639.0;1023.0;551.0;1029.0;1901.0;3455.0;607.0;1007.0;-9.0;-12.0;-19.0;-73.0;ACETIC_ACID
724.0;1286.0;2243.0;3887.0;655.0;1040.0;560.0;1048.0;1929.0;3512.0;615.0;1017.0;-8.0;-12.0;-17.0;-73.0;ACETIC_ACID
742.0;1309.0;2274.0;3932.0;662.0;1046.0;559.0;1049.0;1942.0;3539.0;618.0;1004.0;-8.0;-12.0;-19.0;-73.0;ACETIC_ACID
731.0;1299.0;2259.0;3916.0;658.0;1043.0;546.0;1028.0;1904.0;3474.0;612.0;1017.0;-8.0;-15.0;-16.0;-68.0;ACETIC_ACID
743.0;1308.0;2276.0;3911.0;657.0;1036.0;549.0;1038.0;1916.0;3488.0;611.0;1010.0;-8.0;-16.0;-19.0;-68.0;ACETIC_ACID
724.0;1286.0;2252.0;3885.0;651.0;1035.0;549.0;1030.0;1913.0;3481.0;610.0;1008.0;-9.0;-20.0;-17.0;-63.0;ACETIC_ACID
729.0;1291.0;2259.0;3913.0;658.0;1049.0;564.0;1065.0;1959.0;3577.0;624.0;1033.0;-10.0;-20.0;-21.0;-61.0;ACETIC_ACID
768.0;1351.0;2342.0;4019.0;679.0;1070.0;570.0;1071.0;1983.0;3603.0;629.0;1040.0;-10.0;-20.0;-21.0;-61.0;ACETIC_ACID
751.0;1323.0;2298.0;3992.0;672.0;1063.0;571.0;1063.0;1965.0;3585.0;626.0;1037.0;-13.0;-15.0;-26.0;-62.0;ACETIC_ACID
745.0;1317.0;2295.0;3956.0;666.0;1051.0;551.0;1035.0;1917.0;3505.0;616.0;1017.0;-16.0;-15.0;-26.0;-62.0;ACETIC_ACID
741.0;1308.0;2274.0;3939.0;661.0;1053.0;568.0;1062.0;1952.0;3533.0;624.0;1030.0;-17.0;-15.0;-27.0;-62.0;ACETIC_ACID
744.0;1316.0;2292.0;3976.0;671.0;1061.0;564.0;1058.0;1954.0;3570.0;627.0;1030.0;-17.0;-15.0;-27.0;-63.0;ACETIC_ACID
747.0;1317.0;2296.0;3974.0;664.0;1054.0;558.0;1046.0;1946.0;3543.0;619.0;1027.0;-17.0;-17.0;-26.0;-63.0;ACETIC_ACID
742.0;1311.0;2281.0;3961.0;667.0;1065.0;577.0;1085.0;1995.0;3622.0;634.0;1049.0;-16.0;-17.0;-29.0;-63.0;ACETIC_ACID
752.0;1339.0;2317.0;4004.0;672.0;1067.0;571.0;1077.0;1976.0;3610.0;632.0;1042.0;-14.0;-17.0;-30.0;-62.0;ACETIC_ACID
756.0;1336.0;2312.0;3938.0;676.0;1069.0;578.0;1081.0;2004.0;3651.0;632.0;1040.0;-11.0;-17.0;-29.0;-62.0;ACETIC_ACID
749.0;1322.0;2306.0;3975.0;671.0;1063.0;568.0;1068.0;1972.0;3595.0;625.0;1038.0;-9.0;-18.0;-23.0;-62.0;ACETIC_ACID
750.0;1326.0;2316.0;4007.0;672.0;1063.0;576.0;1082.0;1988.0;3613.0;630.0;1038.0;-11.0;-22.0;-27.0;-68.0;ACETIC_ACID
759.0;1340.0;2324.0;4025.0;676.0;1078.0;589.0;1103.0;2029.0;3703.0;643.0;1066.0;-9.0;-18.0;-23.0;-69.0;ACETIC_ACID
783.0;1380.0;2403.0;4126.0;690.0;1086.0;578.0;1092.0;2018.0;3678.0;629.0;1058.0;-9.0;-22.0;-22.0;-69.0;ACETIC_ACID
774.0;1367.0;2379.0;4109.0;690.0;1095.0;589.0;1098.0;2036.0;3716.0;647.0;1073.0;-9.0;-22.0;-22.0;-69.0;ACETIC_ACID
788.0;1389.0;2409.0;4168.0;696.0;1102.0;609.0;1137.0;2063.0;3758.0;654.0;1076.0;-8.0;-20.0;-23.0;-69.0;ACETIC_ACID
804.0;1417.0;2453.0;4220.0;703.0;1115.0;611.0;1141.0;2091.0;3778.0;660.0;1087.0;-8.0;-20.0;-23.0;-71.0;ACETIC_ACID
818.0;1441.0;2482.0;4285.0;715.0;1134.0;626.0;1166.0;2144.0;3863.0;672.0;1105.0;-9.0;-22.0;-23.0;-73.0;ACETIC_ACID
822.0;1446.0;2499.0;4293.0;722.0;1143.0;629.0;1172.0;2160.0;3910.0;677.0;1114.0;-9.0;-22.0;-24.0;-73.0;ACETIC_ACID
820.0;1441.0;2504.0;4297.0;722.0;1138.0;624.0;1158.0;2132.0;3874.0;677.0;1110.0;-9.0;-22.0;-23.0;-73.0;ACETIC_ACID
827.0;1460.0;2528.0;4341.0;721.0;1142.0;625.0;1166.0;2145.0;3882.0;679.0;1115.0;-9.0;-22.0;-25.0;-76.0;ACETIC_ACID
825.0;1459.0;2517.0;4335.0;720.0;1136.0;623.0;1163.0;2136.0;3873.0;675.0;1110.0;-9.0;-19.0;-25.0;-77.0;ACETIC_ACID
826.0;1454.0;2524.0;4329.0;724.0;1150.0;635.0;1180.0;2163.0;3939.0;684.0;1124.0;-9.0;-17.0;-25.0;-80.0;ACETIC_ACID
842.0;1483.0;2570.0;4390.0;742.0;1175.0;655.0;1220.0;2240.0;4054.0;699.0;1141.0;-7.0;-17.0;-25.0;-83.0;ACETIC_ACID
863.0;1510.0;2612.0;4466.0;744.0;1176.0;648.0;1209.0;2212.0;4016.0;693.0;1145.0;-7.0;-19.0;-25.0;-80.0;ACETIC_ACID
864.0;1507.0;2596.0;4479.0;744.0;1177.0;655.0;1214.0;2228.0;4019.0;699.0;1154.0;-10.0;-19.0;-24.0;-77.0;ACETIC_ACID
869.0;1525.0;2636.0;4518.0;741.0;1182.0;655.0;1218.0;2235.0;4014.0;698.0;1149.0;-11.0;-18.0;-24.0;-70.0;ACETIC_ACID
844.0;1482.0;2577.0;4435.0;742.0;1162.0;636.0;1181.0;2172.0;3941.0;683.0;1127.0;-11.0;-19.0;-24.0;-69.0;ACETIC_ACID
837.0;1470.0;2540.0;4357.0;726.0;1141.0;613.0;1147.0;2113.0;3837.0;669.0;1107.0;-13.0;-18.0;-24.0;-68.0;ACETIC_ACID
819.0;1441.0;2489.0;4280.0;716.0;1140.0;619.0;1161.0;2129.0;3868.0;673.0;1104.0;-17.0;-18.0;-29.0;-68.0;ACETIC_ACID
817.0;1438.0;2498.0;4276.0;718.0;1140.0;610.0;1151.0;2122.0;3858.0;669.0;1106.0;-17.0;-19.0;-29.0;-68.0;ACETIC_ACID
822.0;1447.0;2505.0;4302.0;724.0;1141.0;619.0;1156.0;2142.0;3875.0;675.0;1112.0;-19.0;-19.0;-31.0;-68.0;ACETIC_ACID
829.0;1459.0;2527.0;4347.0;726.0;1141.0;630.0;1171.0;2136.0;3900.0;677.0;1115.0;-18.0;-21.0;-29.0;-71.0;ACETIC_ACID
832.0;1453.0;2521.0;4347.0;728.0;1153.0;637.0;1186.0;2181.0;3951.0;684.0;1120.0;-18.0;-21.0;-30.0;-71.0;ACETIC_ACID
839.0;1468.0;2537.0;4366.0;726.0;1144.0;626.0;1166.0;2143.0;3891.0;677.0;1118.0;-18.0;-21.0;-26.0;-71.0;ACETIC_ACID
855.0;1504.0;2579.0;4434.0;737.0;1159.0;644.0;1205.0;2200.0;3977.0;690.0;1135.0;-18.0;-22.0;-25.0;-75.0;ACETIC_ACID
852.0;1495.0;2581.0;4432.0;741.0;1171.0;654.0;1213.0;2216.0;3994.0;694.0;1131.0;-15.0;-22.0;-25.0;-80.0;ACETIC_ACID
849.0;1497.0;2588.0;4434.0;742.0;1163.0;651.0;1207.0;2211.0;3994.0;694.0;1138.0;-6.0;-22.0;-20.0;-80.0;ACETIC_ACID
857.0;1504.0;2607.0;4453.0;747.0;1174.0;653.0;1213.0;2212.0;4029.0;702.0;1155.0;-6.0;-22.0;-20.0;-80.0;ACETIC_ACID
878.0;1545.0;2666.0;4543.0;755.0;1191.0;662.0;1232.0;2264.0;4075.0;710.0;1156.0;-6.0;-22.0;-20.0;-80.0;ACETIC_ACID
871.0;1528.0;2636.0;4517.0;756.0;1193.0;666.0;1241.0;2278.0;4103.0;705.0;1168.0;-11.0;-22.0;-26.0;-85.0;ACETIC_ACID
884.0;1544.0;2661.0;4568.0;759.0;1193.0;665.0;1234.0;2268.0;4099.0;713.0;1164.0;-13.0;-21.0;-26.0;-80.0;ACETIC_ACID
880.0;1542.0;2661.0;4552.0;766.0;1206.0;692.0;1282.0;2332.0;4143.0;723.0;1189.0;-13.0;-15.0;-26.0;-85.0;ACETIC_ACID
915.0;1599.0;2751.0;4701.0;777.0;1217.0;691.0;1278.0;2339.0;4207.0;729.0;1192.0;-11.0;-20.0;-26.0;-85.0;ACETIC_ACID
902.0;1580.0;2723.0;4671.0;776.0;1215.0;680.0;1260.0;2313.0;4164.0;723.0;1182.0;-13.0;-20.0;-23.0;-85.0;ACETIC_ACID
889.0;1562.0;2692.0;4623.0;768.0;1207.0;672.0;1251.0;2295.0;4155.0;722.0;1183.0;-11.0;-20.0;-15.0;-84.0;ACETIC_ACID
895.0;1567.0;2710.0;4646.0;775.0;1216.0;699.0;1293.0;2359.0;4253.0;731.0;1197.0;-11.0;-20.0;-23.0;-84.0;ACETIC_ACID
918.0;1609.0;2771.0;4708.0;784.0;1231.0;695.0;1290.0;2352.0;4262.0;736.0;1198.0;-17.0;-20.0;-23.0;-82.0;ACETIC_ACID
911.0;1601.0;2755.0;4705.0;781.0;1222.0;677.0;1264.0;2315.0;4201.0;726.0;1191.0;-17.0;-20.0;-23.0;-82.0;ACETIC_ACID
900.0;1574.0;2718.0;4658.0;772.0;1217.0;684.0;1267.0;2312.0;4145.0;722.0;1179.0;-12.0;-20.0;-24.0;-81.0;ACETIC_ACID
902.0;1579.0;2721.0;4668.0;772.0;1214.0;683.0;1266.0;2314.0;4169.0;725.0;1188.0;-15.0;-20.0;-28.0;-79.0;ACETIC_ACID
900.0;1575.0;2718.0;4660.0;775.0;1219.0;679.0;1264.0;2315.0;4191.0;725.0;1191.0;-15.0;-21.0;-28.0;-81.0;ACETIC_ACID
907.0;1582.0;2733.0;4674.0;778.0;1215.0;679.0;1262.0;2310.0;4179.0;723.0;1179.0;-14.0;-21.0;-28.0;-79.0;ACETIC_ACID
900.0;1574.0;2708.0;4644.0;773.0;1212.0;688.0;1273.0;2329.0;4188.0;728.0;1195.0;-14.0;-22.0;-28.0;-78.0;ACETIC_ACID
917.0;1600.0;2757.0;4715.0;778.0;1222.0;687.0;1271.0;2323.0;4180.0;727.0;1184.0;-14.0;-21.0;-24.0;-78.0;ACETIC_ACID
908.0;1588.0;2732.0;4692.0;780.0;1214.0;681.0;1265.0;2326.0;4189.0;725.0;1190.0;-14.0;-21.0;-24.0;-78.0;ACETIC_ACID
909.0;1600.0;2754.0;4711.0;783.0;1231.0;697.0;1293.0;2381.0;4274.0;737.0;1207.0;-11.0;-21.0;-24.0;-78.0;ACETIC_ACID
921.0;1608.0;2763.0;4728.0;783.0;1224.0;679.0;1268.0;2327.0;4193.0;728.0;1194.0;-11.0;-22.0;-24.0;-80.0;ACETIC_ACID
906.0;1586.0;2724.0;4670.0;780.0;1223.0;689.0;1273.0;2338.0;4204.0;728.0;1195.0;-15.0;-21.0;-26.0;-80.0;ACETIC_ACID
923.0;1615.0;2751.0;4711.0;784.0;1233.0;701.0;1294.0;2366.0;4261.0;738.0;1206.0;-15.0;-22.0;-26.0;-74.0;ACETIC_ACID
920.0;1612.0;2782.0;4736.0;790.0;1236.0;701.0;1293.0;2362.0;4270.0;737.0;1203.0;-19.0;-22.0;-27.0;-77.0;ACETIC_ACID
908.0;1586.0;2737.0;4703.0;780.0;1220.0;682.0;1268.0;2317.0;4190.0;725.0;1186.0;-19.0;-19.0;-28.0;-77.0;ACETIC_ACID
892.0;1568.0;2707.0;4634.0;771.0;1212.0;684.0;1266.0;2308.0;4140.0;720.0;1174.0;-19.0;-18.0;-26.0;-76.0;ACETIC_ACID
895.0;1569.0;2709.0;4630.0;770.0;1214.0;691.0;1288.0;2346.0;4215.0;727.0;1192.0;-20.0;-18.0;-28.0;-77.0;ACETIC_ACID
927.0;1615.0;2774.0;4728.0;787.0;1234.0;702.0;1300.0;2384.0;4280.0;738.0;1203.0;-20.0;-18.0;-31.0;-78.0;ACETIC_ACID
924.0;1610.0;2777.0;4747.0;787.0;1232.0;704.0;1300.0;2378.0;4252.0;736.0;1204.0;-14.0;-20.0;-28.0;-81.0;ACETIC_ACID
933.0;1638.0;2809.0;4781.0;797.0;1245.0;711.0;1318.0;2393.0;4317.0;748.0;1217.0;-14.0;-20.0;-26.0;-79.0;ACETIC_ACID
946.0;1648.0;2826.0;4816.0;797.0;1246.0;716.0;1323.0;2403.0;4321.0;748.0;1219.0;-9.0;-20.0;-20.0;-79.0;ACETIC_ACID
945.0;1650.0;2827.0;4812.0;797.0;1256.0;717.0;1328.0;2421.0;4327.0;751.0;1227.0;-9.0;-20.0;-19.0;-78.0;ACETIC_ACID
947.0;1659.0;2828.0;4848.0;802.0;1258.0;722.0;1330.0;2419.0;4347.0;752.0;1218.0;-9.0;-19.0;-19.0;-77.0;ACETIC_ACID
934.0;1626.0;2799.0;4795.0;799.0;1250.0;722.0;1329.0;2405.0;4324.0;745.0;1207.0;-12.0;-19.0;-19.0;-77.0;ACETIC_ACID
924.0;1620.0;2772.0;4752.0;791.0;1241.0;709.0;1299.0;2383.0;4282.0;736.0;1208.0;-15.0;-20.0;-22.0;-77.0;ACETIC_ACID
941.0;1639.0;2814.0;4782.0;792.0;1241.0;715.0;1321.0;2390.0;4285.0;745.0;1223.0;-15.0;-23.0;-22.0;-81.0;ACETIC_ACID
946.0;1647.0;2846.0;4864.0;807.0;1259.0;721.0;1353.0;2462.0;4413.0;757.0;1241.0;-14.0;-23.0;-30.0;-86.0;ACETIC_ACID
952.0;1668.0;2857.0;4876.0;808.0;1266.0;720.0;1328.0;2434.0;4379.0;756.0;1230.0;-14.0;-23.0;-25.0;-86.0;ACETIC_ACID
961.0;1668.0;2850.0;4890.0;809.0;1267.0;735.0;1363.0;2469.0;4439.0;763.0;1241.0;-14.0;-22.0;-25.0;-86.0;ACETIC_ACID
963.0;1685.0;2884.0;4927.0;815.0;1264.0;732.0;1354.0;2462.0;4413.0;757.0;1243.0;-14.0;-22.0;-26.0;-81.0;ACETIC_ACID
962.0;1671.0;2894.0;4921.0;815.0;1279.0;734.0;1359.0;2479.0;4443.0;766.0;1251.0;-11.0;-22.0;-26.0;-80.0;ACETIC_ACID
976.0;1700.0;2913.0;4932.0;817.0;1281.0;734.0;1356.0;2462.0;4414.0;765.0;1234.0;-8.0;-22.0;-25.0;-78.0;ACETIC_ACID
961.0;1678.0;2878.0;4917.0;818.0;1280.0;740.0;1370.0;2491.0;4472.0;769.0;1249.0;-11.0;-22.0;-26.0;-80.0;ACETIC_ACID
965.0;1692.0;2915.0;4933.0;817.0;1280.0;736.0;1349.0;2476.0;4441.0;764.0;1235.0;-7.0;-22.0;-27.0;-79.0;ACETIC_ACID
963.0;1684.0;2882.0;4883.0;817.0;1281.0;743.0;1382.0;2497.0;4468.0;771.0;1260.0;-7.0;-21.0;-24.0;-79.0;ACETIC_ACID
970.0;1705.0;2933.0;5002.0;824.0;1291.0;746.0;1380.0;2505.0;4478.0;768.0;1257.0;-10.0;-19.0;-26.0;-79.0;ACETIC_ACID
980.0;1708.0;2936.0;5000.0;828.0;1290.0;747.0;1379.0;2500.0;4493.0;776.0;1262.0;-10.0;-17.0;-26.0;-79.0;ACETIC_ACID
996.0;1730.0;2964.0;5054.0;833.0;1290.0;736.0;1362.0;2488.0;4459.0;764.0;1253.0;-10.0;-17.0;-25.0;-79.0;ACETIC_ACID
966.0;1684.0;2900.0;4943.0;819.0;1279.0;756.0;1385.0;2508.0;4492.0;770.0;1255.0;-11.0;-17.0;-25.0;-84.0;ACETIC_ACID
978.0;1703.0;2923.0;4990.0;823.0;1283.0;737.0;1358.0;2480.0;4444.0;770.0;1247.0;-16.0;-17.0;-26.0;-82.0;ACETIC_ACID
974.0;1704.0;2926.0;4962.0;827.0;1291.0;745.0;1387.0;2521.0;4517.0;777.0;1267.0;-17.0;-20.0;-25.0;-84.0;ACETIC_ACID
993.0;1728.0;2962.0;5030.0;833.0;1310.0;756.0;1387.0;2546.0;4572.0;784.0;1284.0;-17.0;-22.0;-25.0;-86.0;ACETIC_ACID
1002.0;1735.0;2975.0;5083.0;841.0;1306.0;757.0;1394.0;2544.0;4546.0;776.0;1277.0;-16.0;-22.0;-27.0;-86.0;ACETIC_ACID
1003.0;1750.0;2996.0;5070.0;838.0;1314.0;771.0;1417.0;2571.0;4598.0;791.0;1285.0;-12.0;-22.0;-29.0;-85.0;ACETIC_ACID
1010.0;1760.0;3010.0;5132.0;843.0;1317.0;756.0;1397.0;2535.0;4554.0;783.0;1279.0;-8.0;-22.0;-24.0;-85.0;ACETIC_ACID
1009.0;1751.0;2990.0;5077.0;839.0;1311.0;756.0;1396.0;2551.0;4555.0;785.0;1274.0;-8.0;-26.0;-29.0;-85.0;ACETIC_ACID
991.0;1728.0;2944.0;5030.0;836.0;1312.0;753.0;1392.0;2529.0;4534.0;779.0;1274.0;-12.0;-23.0;-29.0;-80.0;ACETIC_ACID
996.0;1730.0;2968.0;5054.0;838.0;1300.0;749.0;1390.0;2529.0;4531.0;782.0;1269.0;-14.0;-23.0;-29.0;-80.0;ACETIC_ACID
1002.0;1741.0;2983.0;5068.0;839.0;1313.0;762.0;1407.0;2555.0;4567.0;783.0;1270.0;-14.0;-23.0;-26.0;-80.0;ACETIC_ACID
998.0;1735.0;2971.0;5058.0;839.0;1321.0;767.0;1412.0;2565.0;4603.0;785.0;1291.0;-17.0;-24.0;-30.0;-80.0;ACETIC_ACID
1014.0;1768.0;3031.0;5138.0;848.0;1322.0;770.0;1418.0;2578.0;4604.0;789.0;1286.0;-14.0;-23.0;-26.0;-80.0;ACETIC_ACID
1011.0;1766.0;3024.0;5102.0;843.0;1311.0;766.0;1414.0;2560.0;4585.0;793.0;1291.0;-14.0;-23.0;-23.0;-82.0;ACETIC_ACID
1015.0;1763.0;3013.0;5101.0;852.0;1322.0;774.0;1424.0;2587.0;4637.0;795.0;1291.0;-14.0;-24.0;-23.0;-82.0;ACETIC_ACID
1016.0;1765.0;3026.0;5120.0;843.0;1325.0;775.0;1426.0;2590.0;4624.0;798.0;1295.0;-12.0;-23.0;-21.0;-82.0;ACETIC_ACID
1018.0;1774.0;3042.0;5165.0;854.0;1332.0;790.0;1455.0;2614.0;4671.0;802.0;1292.0;-12.0;-19.0;-21.0;-82.0;ACETIC_ACID
1013.0;1766.0;3017.0;5144.0;851.0;1324.0;767.0;1412.0;2568.0;4615.0;796.0;1284.0;-12.0;-17.0;-23.0;-82.0;ACETIC_ACID
1022.0;1779.0;3030.0;5159.0;854.0;1325.0;768.0;1414.0;2569.0;4599.0;790.0;1287.0;-20.0;-17.0;-26.0;-82.0;ACETIC_ACID
1017.0;1765.0;3022.0;5120.0;843.0;1319.0;774.0;1432.0;2605.0;4657.0;798.0;1286.0;-19.0;-17.0;-30.0;-82.0;ACETIC_ACID
1014.0;1767.0;3009.0;5124.0;850.0;1321.0;770.0;1416.0;2571.0;4594.0;792.0;1290.0;-19.0;-19.0;-30.0;-82.0;ACETIC_ACID
1025.0;1777.0;3040.0;5151.0;849.0;1316.0;772.0;1423.0;2571.0;4600.0;794.0;1284.0;-16.0;-20.0;-29.0;-81.0;ACETIC_ACID
1016.0;1768.0;3023.0;5156.0;850.0;1320.0;779.0;1429.0;2573.0;4622.0;796.0;1296.0;-16.0;-20.0;-29.0;-81.0;ACETIC_ACID
1015.0;1760.0;3020.0;5132.0;853.0;1325.0;783.0;1441.0;2595.0;4638.0;798.0;1295.0;-10.0;-20.0;-28.0;-79.0;ACETIC_ACID
1031.0;1789.0;3060.0;5165.0;854.0;1332.0;793.0;1460.0;2635.0;4684.0;804.0;1298.0;-10.0;-20.0;-28.0;-81.0;ACETIC_ACID
1025.0;1787.0;3041.0;5169.0;857.0;1328.0;772.0;1423.0;2592.0;4629.0;792.0;1276.0;-10.0;-20.0;-28.0;-81.0;ACETIC_ACID
1007.0;1753.0;3010.0;5120.0;849.0;1316.0;773.0;1425.0;2579.0;4599.0;792.0;1283.0;-10.0;-20.0;-28.0;-81.0;ACETIC_ACID
1012.0;1761.0;3012.0;5134.0;848.0;1320.0;782.0;1424.0;2587.0;4610.0;796.0;1297.0;-15.0;-22.0;-27.0;-81.0;ACETIC_ACID
1034.0;1797.0;3070.0;5193.0;855.0;1342.0;795.0;1462.0;2633.0;4721.0;809.0;1315.0;-15.0;-22.0;-25.0;-84.0;ACETIC_ACID
1044.0;1810.0;3093.0;5262.0;866.0;1346.0;796.0;1462.0;2643.0;4733.0;810.0;1317.0;-15.0;-22.0;-25.0;-90.0;ACETIC_ACID
1048.0;1826.0;3114.0;5267.0;871.0;1354.0;796.0;1471.0;2658.0;4739.0;814.0;1322.0;-15.0;-16.0;-21.0;-84.0;ACETIC_ACID
1053.0;1832.0;3131.0;5293.0;873.0;1360.0;797.0;1475.0;2665.0;4764.0;817.0;1315.0;-15.0;-16.0;-20.0;-84.0;ACETIC_ACID
1068.0;1851.0;3158.0;5318.0;879.0;1364.0;804.0;1469.0;2670.0;4775.0;819.0;1331.0;-15.0;-16.0;-21.0;-88.0;ACETIC_ACID
1047.0;1817.0;3110.0;5313.0;876.0;1357.0;805.0;1479.0;2679.0;4781.0;820.0;1329.0;-15.0;-22.0;-23.0;-83.0;ACETIC_ACID
1065.0;1846.0;3158.0;5350.0;879.0;1359.0;814.0;1492.0;2682.0;4779.0;819.0;1329.0;-15.0;-22.0;-23.0;-83.0;ACETIC_ACID
1054.0;1831.0;3137.0;5314.0;879.0;1363.0;803.0;1480.0;2680.0;4794.0;825.0;1332.0;-5.0;-22.0;-23.0;-83.0;ACETIC_ACID
1062.0;1845.0;3143.0;5322.0;873.0;1359.0;806.0;1477.0;2683.0;4768.0;812.0;1322.0;-13.0;-22.0;-23.0;-88.0;ACETIC_ACID
1054.0;1829.0;3132.0;5289.0;869.0;1351.0;806.0;1489.0;2692.0;4811.0;825.0;1341.0;-10.0;-22.0;-23.0;-83.0;ACETIC_ACID
1080.0;1870.0;3186.0;5388.0;889.0;1379.0;816.0;1490.0;2705.0;4845.0;828.0;1340.0;-10.0;-21.0;-26.0;-92.0;ACETIC_ACID
1076.0;1864.0;3181.0;5396.0;888.0;1373.0;821.0;1506.0;2701.0;4851.0;827.0;1335.0;-10.0;-21.0;-26.0;-92.0;ACETIC_ACID
1063.0;1850.0;3152.0;5330.0;882.0;1371.0;824.0;1504.0;2711.0;4847.0;827.0;1346.0;-13.0;-21.0;-29.0;-90.0;ACETIC_ACID
1083.0;1882.0;3200.0;5428.0;895.0;1393.0;836.0;1538.0;2766.0;4908.0;840.0;1359.0;-18.0;-21.0;-30.0;-90.0;ACETIC_ACID
1093.0;1899.0;3233.0;5508.0;905.0;1388.0;818.0;1511.0;2724.0;4880.0;835.0;1348.0;-18.0;-21.0;-30.0;-90.0;ACETIC_ACID
1082.0;1874.0;3194.0;5373.0;886.0;1382.0;826.0;1512.0;2735.0;4882.0;828.0;1355.0;-19.0;-24.0;-30.0;-90.0;ACETIC_ACID
1092.0;1888.0;3218.0;5466.0;898.0;1394.0;824.0;1514.0;2733.0;4856.0;831.0;1347.0;-18.0;-24.0;-30.0;-85.0;ACETIC_ACID
1081.0;1872.0;3205.0;5407.0;888.0;1378.0;819.0;1506.0;2715.0;4835.0;831.0;1341.0;-15.0;-24.0;-27.0;-87.0;ACETIC_ACID
1079.0;1874.0;3187.0;5397.0;890.0;1379.0;824.0;1504.0;2727.0;4842.0;829.0;1342.0;-15.0;-24.0;-27.0;-87.0;ACETIC_ACID
1080.0;1867.0;3180.0;5409.0;887.0;1372.0;813.0;1493.0;2703.0;4831.0;828.0;1329.0;-15.0;-25.0;-25.0;-89.0;ACETIC_ACID
1071.0;1854.0;3165.0;5357.0;884.0;1372.0;816.0;1499.0;2714.0;4828.0;829.0;1344.0;-9.0;-24.0;-21.0;-89.0;ACETIC_ACID
1083.0;1873.0;3199.0;5436.0;893.0;1384.0;830.0;1527.0;2744.0;4867.0;833.0;1348.0;-15.0;-24.0;-25.0;-89.0;ACETIC_ACID
1085.0;1881.0;3214.0;5400.0;892.0;1386.0;822.0;1504.0;2733.0;4862.0;835.0;1350.0;-10.0;-24.0;-25.0;-89.0;ACETIC_ACID
1087.0;1876.0;3192.0;5364.0;892.0;1391.0;830.0;1530.0;2752.0;4896.0;841.0;1363.0;-10.0;-24.0;-25.0;-88.0;ACETIC_ACID
1086.0;1883.0;3221.0;5466.0;899.0;1397.0;837.0;1539.0;2774.0;4907.0;849.0;1358.0;-12.0;-24.0;-24.0;-88.0;ACETIC_ACID
1092.0;1904.0;3251.0;5490.0;902.0;1405.0;822.0;1514.0;2743.0;4910.0;842.0;1366.0;-13.0;-23.0;-24.0;-88.0;ACETIC_ACID
1091.0;1892.0;3232.0;5469.0;899.0;1404.0;846.0;1550.0;2785.0;4977.0;850.0;1369.0;-13.0;-23.0;-24.0;-88.0;ACETIC_ACID
1112.0;1920.0;3273.0;5532.0;908.0;1412.0;849.0;1556.0;2807.0;4990.0;846.0;1374.0;-17.0;-22.0;-28.0;-98.0;ACETIC_ACID
1105.0;1913.0;3260.0;5515.0;908.0;1399.0;843.0;1540.0;2774.0;4941.0;846.0;1371.0;-17.0;-20.0;-24.0;-101.0;ACETIC_ACID
1111.0;1927.0;3281.0;5545.0;914.0;1408.0;859.0;1571.0;2822.0;5022.0;855.0;1376.0;-13.0;-20.0;-24.0;-101.0;ACETIC_ACID
1112.0;1926.0;3290.0;5557.0;917.0;1429.0;868.0;1579.0;2832.0;5024.0;859.0;1386.0;-11.0;-20.0;-24.0;-101.0;ACETIC_ACID
1132.0;1951.0;3322.0;5594.0;923.0;1441.0;873.0;1593.0;2875.0;5112.0;870.0;1414.0;-11.0;-24.0;-24.0;-104.0;ACETIC_ACID
1153.0;1986.0;3380.0;5685.0;936.0;1447.0;862.0;1588.0;2870.0;5099.0;872.0;1403.0;-11.0;-24.0;-24.0;-104.0;ACETIC_ACID
1161.0;2010.0;3411.0;5738.0;944.0;1472.0;907.0;1645.0;2957.0;5253.0;895.0;1445.0;-11.0;-24.0;-20.0;-101.0;ACETIC_ACID
1182.0;2055.0;3483.0;5875.0;966.0;1485.0;914.0;1659.0;2984.0;5284.0;901.0;1437.0;-13.0;-20.0;-28.0;-92.0;ACETIC_ACID
1164.0;2010.0;3436.0;5794.0;952.0;1471.0;884.0;1620.0;2921.0;5190.0;884.0;1423.0;-15.0;-19.0;-30.0;-92.0;ACETIC_ACID
1154.0;1992.0;3393.0;5722.0;938.0;1448.0;876.0;1605.0;2864.0;5136.0;876.0;1412.0;-13.0;-19.0;-28.0;-91.0;ACETIC_ACID
1133.0;1977.0;3368.0;5671.0;934.0;1442.0;868.0;1592.0;2872.0;5088.0;870.0;1412.0;-10.0;-19.0;-26.0;-91.0;ACETIC_ACID
1139.0;1955.0;3350.0;5681.0;933.0;1437.0;875.0;1599.0;2873.0;5097.0;864.0;1406.0;-14.0;-20.0;-28.0;-90.0;ACETIC_ACID
1142.0;1975.0;3366.0;5692.0;932.0;1441.0;870.0;1598.0;2869.0;5108.0;868.0;1403.0;-14.0;-26.0;-28.0;-91.0;ACETIC_ACID
1138.0;1966.0;3367.0;5677.0;933.0;1442.0;874.0;1597.0;2872.0;5112.0;877.0;1415.0;-10.0;-26.0;-26.0;-91.0;ACETIC_ACID
1150.0;1984.0;3375.0;5679.0;933.0;1439.0;876.0;1598.0;2880.0;5120.0;872.0;1405.0;-14.0;-26.0;-27.0;-93.0;ACETIC_ACID
1155.0;1988.0;3379.0;5684.0;934.0;1446.0;875.0;1596.0;2877.0;5122.0;870.0;1400.0;-14.0;-26.0;-27.0;-93.0;ACETIC_ACID
1133.0;1961.0;3346.0;5671.0;930.0;1439.0;890.0;1621.0;2929.0;5164.0;884.0;1420.0;-11.0;-26.0;-19.0;-93.0;ACETIC_ACID
1168.0;2016.0;3415.0;5779.0;945.0;1464.0;893.0;1623.0;2918.0;5148.0;885.0;1429.0;-11.0;-29.0;-19.0;-89.0;ACETIC_ACID
1172.0;2022.0;3435.0;5782.0;946.0;1465.0;901.0;1645.0;2950.0;5197.0;885.0;1427.0;-11.0;-25.0;-20.0;-98.0;ACETIC_ACID
1162.0;2017.0;3419.0;5791.0;954.0;1474.0;886.0;1627.0;2914.0;5188.0;889.0;1439.0;-11.0;-23.0;-19.0;-91.0;ACETIC_ACID
1175.0;2021.0;3437.0;5776.0;952.0;1466.0;895.0;1635.0;2938.0;5202.0;888.0;1427.0;-11.0;-27.0;-20.0;-91.0;ACETIC_ACID
1177.0;2021.0;3426.0;5791.0;948.0;1470.0;901.0;1642.0;2942.0;5229.0;887.0;1430.0;-11.0;-25.0;-23.0;-96.0;ACETIC_ACID
1167.0;2015.0;3439.0;5802.0;951.0;1463.0;891.0;1629.0;2922.0;5192.0;887.0;1434.0;-10.0;-25.0;-23.0;-98.0;ACETIC_ACID
1192.0;2056.0;3471.0;5848.0;961.0;1490.0;920.0;1687.0;3021.0;5351.0;908.0;1467.0;-10.0;-25.0;-23.0;-98.0;ACETIC_ACID
1204.0;2077.0;3538.0;5929.0;978.0;1517.0;941.0;1708.0;3071.0;5397.0;920.0;1485.0;-13.0;-25.0;-24.0;-98.0;ACETIC_ACID
1225.0;2107.0;3570.0;5994.0;979.0;1506.0;914.0;1664.0;3006.0;5325.0;908.0;1467.0;-13.0;-25.0;-24.0;-97.0;ACETIC_ACID
1197.0;2064.0;3499.0;5903.0;964.0;1493.0;916.0;1674.0;3008.0;5314.0;906.0;1456.0;-14.0;-25.0;-26.0;-98.0;ACETIC_ACID
1207.0;2084.0;3547.0;5959.0;968.0;1490.0;917.0;1673.0;3013.0;5291.0;900.0;1459.0;-14.0;-22.0;-27.0;-98.0;ACETIC_ACID
1189.0;2045.0;3486.0;5915.0;967.0;1495.0;925.0;1681.0;3010.0;5340.0;901.0;1456.0;-13.0;-19.0;-27.0;-97.0;ACETIC_ACID
1211.0;2077.0;3523.0;5937.0;969.0;1494.0;912.0;1663.0;2988.0;5296.0;905.0;1454.0;-12.0;-19.0;-27.0;-95.0;ACETIC_ACID
1186.0;2047.0;3479.0;5874.0;961.0;1494.0;923.0;1683.0;3019.0;5337.0;911.0;1460.0;-12.0;-27.0;-27.0;-100.0;ACETIC_ACID
1207.0;2080.0;3533.0;5925.0;969.0;1500.0;924.0;1683.0;3004.0;5321.0;908.0;1469.0;-11.0;-27.0;-21.0;-100.0;ACETIC_ACID
1205.0;2070.0;3506.0;5922.0;972.0;1506.0;924.0;1693.0;3043.0;5360.0;914.0;1468.0;-12.0;-27.0;-21.0;-104.0;ACETIC_ACID
1217.0;2096.0;3550.0;5970.0;976.0;1505.0;940.0;1710.0;3055.0;5402.0;914.0;1479.0;-16.0;-28.0;-23.0;-108.0;ACETIC_ACID
1234.0;2117.0;3583.0;6042.0;983.0;1516.0;942.0;1720.0;3076.0;5435.0;924.0;1484.0;-16.0;-28.0;-23.0;-108.0;ACETIC_ACID
1266.0;2187.0;3693.0;6201.0;1011.0;1572.0;1002.0;1810.0;3225.0;5681.0;959.0;1548.0;-9.0;-28.0;-22.0;-108.0;ACETIC_ACID
1295.0;2233.0;3767.0;6306.0;1032.0;1576.0;984.0;1780.0;3193.0;5625.0;952.0;1533.0;-11.0;-25.0;-23.0;-107.0;ACETIC_ACID
1269.0;2187.0;3704.0;6212.0;1016.0;1562.0;963.0;1755.0;3138.0;5549.0;949.0;1523.0;-9.0;-27.0;-22.0;-107.0;ACETIC_ACID
1260.0;2167.0;3686.0;6160.0;1008.0;1545.0;956.0;1738.0;3121.0;5508.0;932.0;1495.0;-9.0;-25.0;-22.0;-102.0;ACETIC_ACID
1246.0;2141.0;3628.0;6065.0;994.0;1533.0;955.0;1733.0;3115.0;5494.0;931.0;1502.0;-7.0;-25.0;-29.0;-101.0;ACETIC_ACID
1239.0;2136.0;3612.0;6103.0;1000.0;1537.0;962.0;1747.0;3104.0;5478.0;930.0;1495.0;-7.0;-25.0;-29.0;-95.0;ACETIC_ACID
1237.0;2131.0;3608.0;6081.0;994.0;1533.0;956.0;1744.0;3118.0;5499.0;936.0;1506.0;-7.0;-27.0;-25.0;-95.0;ACETIC_ACID
1259.0;2156.0;3646.0;6130.0;998.0;1534.0;945.0;1722.0;3095.0;5455.0;928.0;1493.0;-9.0;-29.0;-29.0;-95.0;ACETIC_ACID
1219.0;2107.0;3584.0;6011.0;985.0;1517.0;953.0;1733.0;3076.0;5430.0;924.0;1482.0;-9.0;-29.0;-29.0;-102.0;ACETIC_ACID
1238.0;2131.0;3603.0;6059.0;983.0;1529.0;950.0;1732.0;3095.0;5440.0;926.0;1490.0;-9.0;-29.0;-25.0;-102.0;ACETIC_ACID
1244.0;2139.0;3624.0;6081.0;996.0;1530.0;951.0;1728.0;3110.0;5477.0;929.0;1494.0;-21.0;-29.0;-29.0;-102.0;ACETIC_ACID
1242.0;2142.0;3630.0;6120.0;998.0;1534.0;958.0;1742.0;3106.0;5477.0;930.0;1499.0;-21.0;-24.0;-29.0;-102.0;ACETIC_ACID
1246.0;2138.0;3564.0;6103.0;995.0;1532.0;953.0;1731.0;3072.0;5483.0;937.0;1497.0;-18.0;-24.0;-32.0;-102.0;ACETIC_ACID
1249.0;2149.0;3591.0;6096.0;1001.0;1540.0;959.0;1743.0;3135.0;5524.0;930.0;1500.0;-16.0;-26.0;-31.0;-105.0;ACETIC_ACID
1265.0;2175.0;3682.0;6207.0;1008.0;1553.0;989.0;1790.0;3200.0;5595.0;947.0;1521.0;-16.0;-26.0;-31.0;-110.0;ACETIC_ACID
1296.0;2230.0;3758.0;6307.0;1025.0;1579.0;998.0;1814.0;3241.0;5714.0;964.0;1549.0;-16.0;-27.0;-33.0;-110.0;ACETIC_ACID
1307.0;2246.0;3796.0;6375.0;1034.0;1584.0;1003.0;1813.0;3245.0;5725.0;967.0;1550.0;-18.0;-27.0;-31.0;-111.0;ACETIC_ACID
1301.0;2223.0;3756.0;6272.0;1029.0;1587.0;1004.0;1814.0;3245.0;5727.0;966.0;1548.0;-14.0;-27.0;-25.0;-110.0;ACETIC_ACID
1308.0;2248.0;3798.0;6371.0;1040.0;1593.0;1014.0;1834.0;3279.0;5753.0;968.0;1558.0;-15.0;-27.0;-25.0;-110.0;ACETIC_ACID
1308.0;2249.0;3791.0;6332.0;1032.0;1587.0;994.0;1798.0;3213.0;5658.0;957.0;1535.0;-17.0;-29.0;-25.0;-111.0;ACETIC_ACID
1297.0;2224.0;3757.0;6315.0;1031.0;1584.0;1004.0;1821.0;3256.0;5720.0;969.0;1553.0;-15.0;-32.0;-25.0;-111.0;ACETIC_ACID
1323.0;2271.0;3841.0;6435.0;1044.0;1601.0;1019.0;1857.0;3311.0;5809.0;979.0;1584.0;-14.0;-32.0;-25.0;-111.0;ACETIC_ACID
1350.0;2310.0;3894.0;6487.0;1057.0;1626.0;1032.0;1863.0;3320.0;5836.0;987.0;1581.0;-15.0;-29.0;-26.0;-111.0;ACETIC_ACID
1331.0;2285.0;3859.0;6458.0;1054.0;1614.0;1016.0;1840.0;3287.0;5788.0;978.0;1566.0;-17.0;-28.0;-25.0;-106.0;ACETIC_ACID
1311.0;2256.0;3813.0;6370.0;1039.0;1589.0;1015.0;1839.0;3288.0;5734.0;969.0;1557.0;-19.0;-28.0;-26.0;-101.0;ACETIC_ACID
1302.0;2232.0;3784.0;6347.0;1033.0;1591.0;998.0;1815.0;3240.0;5710.0;962.0;1538.0;-19.0;-24.0;-26.0;-101.0;ACETIC_ACID
1288.0;2213.0;3739.0;6295.0;1024.0;1567.0;984.0;1779.0;3177.0;5600.0;951.0;1531.0;-19.0;-24.0;-26.0;-101.0;ACETIC_ACID
1290.0;2215.0;3736.0;6269.0;1019.0;1573.0;989.0;1802.0;3227.0;5675.0;956.0;1531.0;-13.0;-24.0;-25.0;-101.0;ACETIC_ACID
1291.0;2219.0;3763.0;6308.0;1025.0;1585.0;1005.0;1815.0;3239.0;5702.0;968.0;1549.0;-13.0;-24.0;-26.0;-100.0;ACETIC_ACID
1302.0;2241.0;3764.0;6312.0;1028.0;1586.0;1003.0;1817.0;3246.0;5703.0;964.0;1545.0;-13.0;-28.0;-26.0;-104.0;ACETIC_ACID
1301.0;2231.0;3786.0;6309.0;1032.0;1585.0;989.0;1804.0;3229.0;5709.0;964.0;1537.0;-15.0;-29.0;-26.0;-104.0;ACETIC_ACID
1302.0;2226.0;3758.0;6303.0;1031.0;1581.0;989.0;1797.0;3216.0;5655.0;954.0;1539.0;-15.0;-28.0;-26.0;-105.0;ACETIC_ACID
1292.0;2217.0;3758.0;6336.0;1029.0;1583.0;1007.0;1826.0;3238.0;5697.0;963.0;1544.0;-15.0;-28.0;-26.0;-104.0;ACETIC_ACID
1304.0;2247.0;3799.0;6360.0;1028.0;1593.0;1006.0;1830.0;3260.0;5725.0;968.0;1558.0;-13.0;-23.0;-23.0;-112.0;ACETIC_ACID
1349.0;2307.0;3866.0;6457.0;1050.0;1616.0;1032.0;1871.0;3333.0;5851.0;991.0;1579.0;-12.0;-23.0;-23.0;-112.0;ACETIC_ACID
1343.0;2299.0;3870.0;6466.0;1053.0;1614.0;1011.0;1841.0;3273.0;5771.0;976.0;1569.0;-12.0;-23.0;-23.0;-112.0;ACETIC_ACID
1323.0;2265.0;3828.0;6410.0;1039.0;1596.0;1004.0;1823.0;3265.0;5773.0;975.0;1557.0;-13.0;-27.0;-21.0;-110.0;ACETIC_ACID
1327.0;2269.0;3841.0;6439.0;1044.0;1603.0;1004.0;1826.0;3263.0;5721.0;969.0;1551.0;-14.0;-28.0;-25.0;-111.0;ACETIC_ACID
1312.0;2251.0;3803.0;6401.0;1042.0;1594.0;1017.0;1844.0;3286.0;5764.0;975.0;1557.0;-14.0;-28.0;-25.0;-110.0;ACETIC_ACID
1320.0;2263.0;3795.0;6376.0;1042.0;1598.0;1007.0;1827.0;3262.0;5746.0;972.0;1551.0;-14.0;-29.0;-27.0;-111.0;ACETIC_ACID
1323.0;2265.0;3821.0;6384.0;1041.0;1595.0;992.0;1801.0;3226.0;5706.0;970.0;1548.0;-13.0;-28.0;-27.0;-110.0;ACETIC_ACID
1316.0;2252.0;3809.0;6373.0;1040.0;1595.0;1012.0;1828.0;3282.0;5775.0;977.0;1568.0;-13.0;-29.0;-28.0;-97.0;ACETIC_ACID
1338.0;2298.0;3876.0;6452.0;1047.0;1604.0;1010.0;1835.0;3261.0;5725.0;972.0;1557.0;-13.0;-28.0;-27.0;-97.0;ACETIC_ACID
1309.0;2234.0;3784.0;6365.0;1036.0;1594.0;1007.0;1829.0;3265.0;5722.0;971.0;1557.0;-15.0;-28.0;-28.0;-103.0;ACETIC_ACID
1309.0;2248.0;3814.0;6358.0;1038.0;1590.0;992.0;1804.0;3232.0;5695.0;964.0;1545.0;-15.0;-26.0;-28.0;-103.0;ACETIC_ACID
1310.0;2245.0;3788.0;6362.0;1036.0;1585.0;1005.0;1819.0;3246.0;5712.0;966.0;1546.0;-16.0;-28.0;-30.0;-109.0;ACETIC_ACID
1319.0;2259.0;3817.0;6387.0;1039.0;1607.0;1024.0;1854.0;3284.0;5797.0;979.0;1567.0;-16.0;-27.0;-29.0;-109.0;ACETIC_ACID
1358.0;2323.0;3913.0;6518.0;1059.0;1616.0;1018.0;1847.0;3263.0;5786.0;984.0;1577.0;-16.0;-26.0;-29.0;-111.0;ACETIC_ACID
1348.0;2306.0;3892.0;6510.0;1056.0;1614.0;1026.0;1860.0;3307.0;5814.0;985.0;1581.0;-17.0;-27.0;-28.0;-112.0;ACETIC_ACID
1345.0;2309.0;3882.0;6507.0;1060.0;1622.0;1028.0;1859.0;3295.0;5865.0;991.0;1581.0;-18.0;-31.0;-25.0;-111.0;ACETIC_ACID
1342.0;2303.0;3895.0;6512.0;1055.0;1613.0;1043.0;1880.0;3353.0;5843.0;988.0;1589.0;-17.0;-27.0;-25.0;-110.0;ACETIC_ACID
1369.0;2346.0;3944.0;6586.0;1066.0;1639.0;1053.0;1904.0;3396.0;5917.0;1000.0;1597.0;-14.0;-25.0;-25.0;-110.0;ACETIC_ACID
1370.0;2335.0;3948.0;6572.0;1072.0;1635.0;1045.0;1898.0;3375.0;5920.0;1000.0;1598.0;-14.0;-25.0;-23.0;-109.0;ACETIC_ACID
1359.0;2329.0;3917.0;6558.0;1063.0;1629.0;1035.0;1877.0;3345.0;5860.0;998.0;1590.0;-14.0;-25.0;-27.0;-109.0;ACETIC_ACID
1360.0;2335.0;3926.0;6564.0;1061.0;1630.0;1041.0;1877.0;3291.0;5836.0;986.0;1589.0;-14.0;-25.0;-27.0;-108.0;ACETIC_ACID
1374.0;2340.0;3943.0;6569.0;1069.0;1636.0;1059.0;1907.0;3394.0;5968.0;1003.0;1596.0;-14.0;-22.0;-31.0;-108.0;ACETIC_ACID
1383.0;2361.0;3987.0;6634.0;1078.0;1640.0;1055.0;1902.0;3388.0;5931.0;998.0;1604.0;-13.0;-25.0;-27.0;-108.0;ACETIC_ACID
1369.0;2351.0;3953.0;6609.0;1072.0;1642.0;1043.0;1886.0;3317.0;5885.0;991.0;1593.0;-13.0;-29.0;-27.0;-108.0;ACETIC_ACID
1353.0;2318.0;3904.0;6554.0;1067.0;1628.0;1038.0;1879.0;3342.0;5860.0;994.0;1589.0;-12.0;-29.0;-27.0;-108.0;ACETIC_ACID
1346.0;2316.0;3908.0;6547.0;1064.0;1628.0;1034.0;1877.0;3337.0;5878.0;995.0;1588.0;-12.0;-26.0;-27.0;-103.0;ACETIC_ACID
1358.0;2320.0;3906.0;6516.0;1061.0;1629.0;1033.0;1880.0;3351.0;5895.0;994.0;1590.0;-12.0;-26.0;-27.0;-110.0;ACETIC_ACID
1366.0;2335.0;3946.0;6593.0;1065.0;1621.0;1032.0;1872.0;3328.0;5849.0;989.0;1584.0;-14.0;-26.0;-23.0;-110.0;ACETIC_ACID
1353.0;2317.0;3899.0;6538.0;1060.0;1631.0;1050.0;1884.0;3376.0;5925.0;999.0;1596.0;-16.0;-26.0;-27.0;-110.0;ACETIC_ACID
1372.0;2342.0;3943.0;6599.0;1075.0;1651.0;1048.0;1900.0;3388.0;5943.0;1005.0;1602.0;-16.0;-22.0;-28.0;-110.0;ACETIC_ACID
1397.0;2388.0;4018.0;6709.0;1086.0;1660.0;1077.0;1936.0;3459.0;6037.0;1017.0;1623.0;-16.0;-26.0;-30.0;-110.0;ACETIC_ACID
1401.0;2384.0;4019.0;6710.0;1092.0;1672.0;1074.0;1944.0;3466.0;6059.0;1022.0;1625.0;-16.0;-27.0;-30.0;-116.0;ACETIC_ACID
1398.0;2387.0;4011.0;6738.0;1092.0;1666.0;1059.0;1917.0;3414.0;6009.0;1010.0;1616.0;-13.0;-30.0;-30.0;-116.0;ACETIC_ACID
1381.0;2364.0;4003.0;6682.0;1080.0;1651.0;1060.0;1912.0;3410.0;5978.0;1007.0;1616.0;-9.0;-30.0;-28.0;-140.0;ACETIC_ACID
1434.0;2448.0;4114.0;6816.0;1110.0;1714.0;1138.0;2043.0;3601.0;6294.0;1058.0;1679.0;-8.0;-31.0;-27.0;-140.0;ACETIC_ACID
1471.0;2503.0;4230.0;7018.0;1134.0;1726.0;1117.0;2017.0;3579.0;6272.0;1058.0;1687.0;-8.0;-33.0;-27.0;-140.0;ACETIC_ACID
1473.0;2512.0;4215.0;7037.0;1139.0;1736.0;1132.0;2044.0;3635.0;6365.0;1060.0;1691.0;-9.0;-33.0;-26.0;-126.0;ACETIC_ACID
1453.0;2489.0;4198.0;6957.0;1127.0;1730.0;1125.0;2020.0;3572.0;6259.0;1053.0;1679.0;-10.0;-31.0;-24.0;-124.0;ACETIC_ACID
1445.0;2458.0;4147.0;6895.0;1123.0;1724.0;1135.0;2045.0;3621.0;6309.0;1064.0;1689.0;-13.0;-29.0;-24.0;-118.0;ACETIC_ACID
1455.0;2490.0;4194.0;6999.0;1130.0;1717.0;1110.0;2003.0;3541.0;6222.0;1048.0;1667.0;-14.0;-27.0;-24.0;-114.0;ACETIC_ACID
1437.0;2455.0;4135.0;6889.0;1119.0;1692.0;1081.0;1962.0;3474.0;6108.0;1032.0;1651.0;-14.0;-27.0;-24.0;-114.0;ACETIC_ACID
1423.0;2425.0;4085.0;6789.0;1101.0;1679.0;1086.0;1972.0;3494.0;6119.0;1030.0;1639.0;-14.0;-29.0;-25.0;-114.0;ACETIC_ACID
1422.0;2431.0;4086.0;6790.0;1108.0;1689.0;1105.0;1990.0;3506.0;6170.0;1041.0;1651.0;-14.0;-29.0;-26.0;-114.0;ACETIC_ACID
1420.0;2439.0;4098.0;6839.0;1104.0;1690.0;1099.0;1980.0;3520.0;6169.0;1037.0;1645.0;-16.0;-27.0;-25.0;-117.0;ACETIC_ACID
1466.0;2514.0;4189.0;6963.0;1127.0;1724.0;1118.0;2021.0;3586.0;6276.0;1053.0;1676.0;-16.0;-32.0;-26.0;-117.0;ACETIC_ACID
1449.0;2476.0;4162.0;6908.0;1116.0;1710.0;1108.0;2000.0;3544.0;6202.0;1044.0;1668.0;-17.0;-27.0;-26.0;-118.0;ACETIC_ACID
1443.0;2465.0;4142.0;6905.0;1124.0;1710.0;1122.0;2027.0;3580.0;6220.0;1050.0;1677.0;-18.0;-27.0;-26.0;-118.0;ACETIC_ACID
1454.0;2471.0;4168.0;6948.0;1123.0;1715.0;1110.0;2004.0;3546.0;6231.0;1048.0;1661.0;-18.0;-32.0;-26.0;-121.0;ACETIC_ACID
1451.0;2480.0;4156.0;6919.0;1127.0;1721.0;1118.0;2027.0;3602.0;6299.0;1061.0;1690.0;-18.0;-32.0;-26.0;-121.0;ACETIC_ACID
1484.0;2520.0;4247.0;7051.0;1142.0;1740.0;1116.0;2018.0;3584.0;6290.0;1062.0;1695.0;-12.0;-30.0;-25.0;-121.0;ACETIC_ACID
1463.0;2497.0;4197.0;6970.0;1132.0;1724.0;1110.0;2015.0;3547.0;6258.0;1046.0;1685.0;-10.0;-32.0;-25.0;-121.0;ACETIC_ACID
1476.0;2512.0;4190.0;6981.0;1129.0;1729.0;1122.0;2019.0;3580.0;6249.0;1048.0;1671.0;-9.0;-30.0;-24.0;-116.0;ACETIC_ACID
1438.0;2459.0;4137.0;6895.0;1120.0;1705.0;1108.0;2004.0;3557.0;6223.0;1041.0;1666.0;-9.0;-30.0;-24.0;-113.0;ACETIC_ACID
1453.0;2480.0;4157.0;6911.0;1119.0;1709.0;1099.0;1990.0;3546.0;6187.0;1044.0;1661.0;-10.0;-30.0;-26.0;-113.0;ACETIC_ACID
1451.0;2474.0;4161.0;6916.0;1118.0;1701.0;1111.0;2007.0;3544.0;6205.0;1046.0;1666.0;-14.0;-30.0;-29.0;-114.0;ACETIC_ACID
1457.0;2472.0;4167.0;6923.0;1120.0;1706.0;1097.0;1989.0;3524.0;6195.0;1039.0;1650.0;-14.0;-29.0;-30.0;-114.0;ACETIC_ACID
1441.0;2461.0;4125.0;6882.0;1117.0;1711.0;1119.0;2018.0;3571.0;6214.0;1048.0;1669.0;-14.0;-29.0;-30.0;-114.0;ACETIC_ACID
1452.0;2470.0;4161.0;6932.0;1124.0;1709.0;1118.0;2019.0;3554.0;6264.0;1050.0;1674.0;-14.0;-30.0;-30.0;-121.0;ACETIC_ACID
1453.0;2472.0;4172.0;6950.0;1124.0;1711.0;1124.0;2024.0;3568.0;6222.0;1047.0;1665.0;-16.0;-33.0;-30.0;-121.0;ACETIC_ACID
1464.0;2493.0;4190.0;6956.0;1124.0;1724.0;1132.0;2041.0;3610.0;6307.0;1059.0;1687.0;-10.0;-33.0;-25.0;-121.0;ACETIC_ACID
1465.0;2505.0;4211.0;6988.0;1134.0;1723.0;1133.0;2031.0;3597.0;6296.0;1059.0;1685.0;-10.0;-33.0;-21.0;-121.0;ACETIC_ACID
1480.0;2520.0;4217.0;7014.0;1127.0;1721.0;1126.0;2029.0;3612.0;6308.0;1058.0;1695.0;-10.0;-25.0;-21.0;-121.0;ACETIC_ACID
1481.0;2515.0;4215.0;6998.0;1135.0;1729.0;1125.0;2031.0;3619.0;6320.0;1059.0;1686.0;-10.0;-25.0;-29.0;-121.0;ACETIC_ACID
1471.0;2515.0;4218.0;6983.0;1132.0;1717.0;1118.0;2013.0;3578.0;6250.0;1054.0;1681.0;-10.0;-25.0;-29.0;-121.0;ACETIC_ACID
1459.0;2495.0;4191.0;6942.0;1130.0;1727.0;1138.0;2051.0;3643.0;6336.0;1063.0;1695.0;-18.0;-28.0;-29.0;-121.0;ACETIC_ACID
1488.0;2535.0;4259.0;7064.0;1142.0;1743.0;1157.0;2079.0;3664.0;6412.0;1069.0;1709.0;-19.0;-31.0;-32.0;-112.0;ACETIC_ACID
1506.0;2563.0;4290.0;7093.0;1144.0;1736.0;1131.0;2041.0;3626.0;6345.0;1067.0;1687.0;-19.0;-31.0;-33.0;-123.0;ACETIC_ACID
1469.0;2517.0;4208.0;6996.0;1133.0;1725.0;1121.0;2027.0;3606.0;6292.0;1058.0;1685.0;-19.0;-31.0;-32.0;-113.0;ACETIC_ACID
1472.0;2501.0;4202.0;6973.0;1131.0;1722.0;1131.0;2032.0;3599.0;6301.0;1056.0;1687.0;-19.0;-31.0;-32.0;-113.0;ACETIC_ACID
1520.0;2585.0;4305.0;7109.0;1148.0;1741.0;1154.0;2076.0;3670.0;6359.0;1068.0;1702.0;-19.0;-32.0;-32.0;-113.0;ACETIC_ACID
1491.0;2551.0;4278.0;7108.0;1149.0;1741.0;1146.0;2062.0;3651.0;6372.0;1065.0;1693.0;-16.0;-32.0;-30.0;-126.0;ACETIC_ACID
1475.0;2521.0;4241.0;7066.0;1143.0;1737.0;1143.0;2059.0;3648.0;6347.0;1070.0;1699.0;-12.0;-30.0;-22.0;-126.0;ACETIC_ACID
1496.0;2546.0;4247.0;7085.0;1141.0;1736.0;1142.0;2057.0;3639.0;6375.0;1063.0;1691.0;-12.0;-30.0;-22.0;-126.0;ACETIC_ACID
1512.0;2577.0;4307.0;7132.0;1137.0;1751.0;1168.0;2098.0;3707.0;6464.0;1082.0;1721.0;-10.0;-30.0;-22.0;-127.0;ACETIC_ACID
1510.0;2574.0;4308.0;7150.0;1157.0;1750.0;1159.0;2078.0;3674.0;6393.0;1074.0;1713.0;-12.0;-28.0;-23.0;-127.0;ACETIC_ACID
1507.0;2573.0;4315.0;7166.0;1154.0;1763.0;1156.0;2091.0;3702.0;6450.0;1083.0;1720.0;-12.0;-28.0;-27.0;-122.0;ACETIC_ACID
1521.0;2593.0;4320.0;7195.0;1156.0;1754.0;1168.0;2109.0;3722.0;6467.0;1086.0;1720.0;-9.0;-28.0;-27.0;-120.0;ACETIC_ACID
1519.0;2576.0;4326.0;7191.0;1155.0;1762.0;1148.0;2069.0;3672.0;6429.0;1074.0;1716.0;-8.0;-30.0;-23.0;-120.0;ACETIC_ACID
1525.0;2598.0;4334.0;7208.0;1155.0;1759.0;1156.0;2074.0;3672.0;6394.0;1077.0;1717.0;-9.0;-30.0;-27.0;-118.0;ACETIC_ACID
1507.0;2573.0;4315.0;7175.0;1163.0;1774.0;1186.0;2125.0;3742.0;6501.0;1094.0;1735.0;-9.0;-30.0;-27.0;-116.0;ACETIC_ACID
1532.0;2593.0;4375.0;7269.0;1176.0;1785.0;1178.0;2111.0;3739.0;6505.0;1093.0;1736.0;-14.0;-31.0;-27.0;-116.0;ACETIC_ACID
1537.0;2625.0;4382.0;7251.0;1173.0;1776.0;1152.0;2083.0;3692.0;6468.0;1088.0;1729.0;-16.0;-31.0;-28.0;-116.0;ACETIC_ACID
1513.0;2573.0;4308.0;7142.0;1153.0;1757.0;1147.0;2055.0;3669.0;6402.0;1075.0;1708.0;-16.0;-31.0;-28.0;-112.0;ACETIC_ACID
1493.0;2551.0;4273.0;7134.0;1153.0;1741.0;1137.0;2047.0;3645.0;6345.0;1068.0;1699.0;-16.0;-31.0;-28.0;-112.0;ACETIC_ACID
1491.0;2552.0;4278.0;7110.0;1144.0;1752.0;1150.0;2065.0;3657.0;6412.0;1073.0;1692.0;-16.0;-31.0;-28.0;-116.0;ACETIC_ACID
1498.0;2544.0;4270.0;7074.0;1140.0;1735.0;1145.0;2056.0;3635.0;6359.0;1064.0;1701.0;-16.0;-33.0;-30.0;-126.0;ACETIC_ACID
1548.0;2626.0;4366.0;7214.0;1162.0;1763.0;1162.0;2099.0;3693.0;6435.0;1084.0;1717.0;-18.0;-35.0;-30.0;-135.0;ACETIC_ACID
1511.0;2571.0;4316.0;7165.0;1162.0;1772.0;1162.0;2081.0;3684.0;6430.0;1083.0;1725.0;-18.0;-35.0;-30.0;-135.0;ACETIC_ACID
1542.0;2621.0;4380.0;7282.0;1176.0;1790.0;1192.0;2142.0;3781.0;6575.0;1107.0;1762.0;-15.0;-35.0;-30.0;-128.0;ACETIC_ACID
1571.0;2675.0;4469.0;7399.0;1190.0;1796.0;1184.0;2113.0;3762.0;6571.0;1098.0;1743.0;-15.0;-35.0;-30.0;-126.0;ACETIC_ACID
1543.0;2624.0;4378.0;7312.0;1176.0;1783.0;1173.0;2110.0;3753.0;6518.0;1098.0;1749.0;-15.0;-34.0;-32.0;-124.0;ACETIC_ACID
1566.0;2657.0;4439.0;7339.0;1183.0;1799.0;1183.0;2137.0;3782.0;6608.0;1107.0;1755.0;-15.0;-34.0;-31.0;-124.0;ACETIC_ACID
1548.0;2627.0;4415.0;7319.0;1179.0;1790.0;1187.0;2114.0;3764.0;6547.0;1097.0;1742.0;-11.0;-35.0;-31.0;-127.0;ACETIC_ACID
1556.0;2640.0;4438.0;7337.0;1184.0;1795.0;1197.0;2156.0;3780.0;6612.0;1112.0;1755.0;-11.0;-33.0;-31.0;-127.0;ACETIC_ACID
1573.0;2670.0;4450.0;7370.0;1189.0;1803.0;1188.0;2139.0;3790.0;6596.0;1100.0;1759.0;-14.0;-33.0;-25.0;-134.0;ACETIC_ACID
1564.0;2655.0;4428.0;7337.0;1184.0;1792.0;1178.0;2118.0;3729.0;6499.0;1090.0;1741.0;-13.0;-33.0;-24.0;-134.0;ACETIC_ACID
1570.0;2674.0;4459.0;7381.0;1190.0;1814.0;1233.0;2212.0;3892.0;6747.0;1127.0;1795.0;-10.0;-33.0;-24.0;-136.0;ACETIC_ACID
1621.0;2748.0;4577.0;7565.0;1216.0;1841.0;1219.0;2189.0;3872.0;6739.0;1129.0;1787.0;-10.0;-33.0;-21.0;-136.0;ACETIC_ACID
1598.0;2707.0;4527.0;7507.0;1206.0;1823.0;1211.0;2179.0;3848.0;6688.0;1123.0;1776.0;-13.0;-32.0;-25.0;-136.0;ACETIC_ACID
1589.0;2697.0;4507.0;7467.0;1208.0;1824.0;1211.0;2178.0;3860.0;6709.0;1123.0;1778.0;-10.0;-28.0;-28.0;-130.0;ACETIC_ACID
1576.0;2688.0;4485.0;7444.0;1200.0;1826.0;1222.0;2192.0;3859.0;6715.0;1124.0;1792.0;-10.0;-28.0;-30.0;-130.0;ACETIC_ACID
1597.0;2713.0;4530.0;7487.0;1203.0;1813.0;1200.0;2158.0;3810.0;6639.0;1110.0;1768.0;-14.0;-28.0;-31.0;-123.0;ACETIC_ACID
1560.0;2646.0;4428.0;7348.0;1185.0;1800.0;1206.0;2155.0;3793.0;6608.0;1108.0;1756.0;-14.0;-28.0;-31.0;-117.0;ACETIC_ACID
1543.0;2627.0;4392.0;7327.0;1185.0;1792.0;1189.0;2129.0;3758.0;6562.0;1104.0;1745.0;-11.0;-32.0;-31.0;-117.0;ACETIC_ACID
1546.0;2629.0;4400.0;7321.0;1179.0;1798.0;1197.0;2149.0;3765.0;6624.0;1106.0;1748.0;-17.0;-32.0;-30.0;-123.0;ACETIC_ACID
1561.0;2645.0;4418.0;7363.0;1185.0;1798.0;1206.0;2159.0;3809.0;6622.0;1113.0;1760.0;-11.0;-32.0;-21.0;-123.0;ACETIC_ACID
1572.0;2671.0;4464.0;7414.0;1195.0;1815.0;1218.0;2181.0;3855.0;6699.0;1115.0;1771.0;-9.0;-32.0;-18.0;-125.0;ACETIC_ACID
1596.0;2696.0;4530.0;7490.0;1203.0;1814.0;1221.0;2192.0;3851.0;6698.0;1117.0;1756.0;-11.0;-31.0;-18.0;-126.0;ACETIC_ACID
1584.0;2703.0;4529.0;7523.0;1206.0;1835.0;1232.0;2199.0;3857.0;6725.0;1127.0;1790.0;-10.0;-31.0;-28.0;-126.0;ACETIC_ACID
1596.0;2722.0;4527.0;7554.0;1204.0;1825.0;1223.0;2176.0;3862.0;6690.0;1124.0;1775.0;-9.0;-30.0;-28.0;-126.0;ACETIC_ACID
1577.0;2683.0;4484.0;7418.0;1201.0;1824.0;1212.0;2190.0;3848.0;6692.0;1125.0;1769.0;-10.0;-32.0;-33.0;-126.0;ACETIC_ACID
1568.0;2678.0;4474.0;7420.0;1193.0;1808.0;1199.0;2157.0;3832.0;6632.0;1114.0;1762.0;-10.0;-32.0;-33.0;-121.0;ACETIC_ACID
1577.0;2676.0;4482.0;7417.0;1198.0;1814.0;1211.0;2168.0;3810.0;6658.0;1108.0;1768.0;-10.0;-32.0;-28.0;-121.0;ACETIC_ACID
1585.0;2701.0;4518.0;7450.0;1199.0;1816.0;1205.0;2164.0;3831.0;6647.0;1117.0;1755.0;-15.0;-31.0;-32.0;-124.0;ACETIC_ACID
1590.0;2681.0;4482.0;7422.0;1192.0;1797.0;1202.0;2151.0;3805.0;6603.0;1096.0;1751.0;-15.0;-32.0;-26.0;-124.0;ACETIC_ACID
1551.0;2639.0;4422.0;7376.0;1172.0;1793.0;1197.0;2149.0;3804.0;6608.0;1107.0;1751.0;-14.0;-31.0;-24.0;-124.0;ACETIC_ACID
1561.0;2652.0;4436.0;7343.0;1183.0;1789.0;1203.0;2159.0;3800.0;6594.0;1104.0;1753.0;-15.0;-29.0;-26.0;-125.0;ACETIC_ACID
1571.0;2668.0;4449.0;7393.0;1188.0;1811.0;1203.0;2168.0;3823.0;6665.0;1116.0;1757.0;-14.0;-31.0;-24.0;-125.0;ACETIC_ACID
1577.0;2678.0;4468.0;7399.0;1194.0;1810.0;1200.0;2161.0;3815.0;6620.0;1107.0;1766.0;-14.0;-31.0;-24.0;-125.0;ACETIC_ACID
1567.0;2667.0;4470.0;7417.0;1190.0;1811.0;1218.0;2180.0;3849.0;6673.0;1115.0;1780.0;-14.0;-29.0;-24.0;-122.0;ACETIC_ACID
1594.0;2700.0;4522.0;7477.0;1203.0;1828.0;1223.0;2195.0;3875.0;6775.0;1132.0;1785.0;-12.0;-31.0;-24.0;-125.0;ACETIC_ACID
1597.0;2704.0;4543.0;7534.0;1208.0;1833.0;1221.0;2190.0;3870.0;6739.0;1128.0;1783.0;-12.0;-31.0;-24.0;-122.0;ACETIC_ACID
1605.0;2726.0;4562.0;7560.0;1208.0;1835.0;1236.0;2207.0;3891.0;6767.0;1127.0;1788.0;-12.0;-28.0;-28.0;-123.0;ACETIC_ACID
1609.0;2736.0;4570.0;7577.0;1216.0;1838.0;1230.0;2205.0;3903.0;6791.0;1134.0;1790.0;-13.0;-28.0;-29.0;-123.0;ACETIC_ACID
1584.0;2699.0;4536.0;7512.0;1209.0;1827.0;1227.0;2197.0;3894.0;6785.0;1124.0;1785.0;-16.0;-31.0;-30.0;-128.0;ACETIC_ACID
1601.0;2714.0;4542.0;7524.0;1209.0;1838.0;1244.0;2229.0;3916.0;6796.0;1136.0;1798.0;-16.0;-31.0;-30.0;-133.0;ACETIC_ACID
1642.0;2791.0;4640.0;7685.0;1228.0;1856.0;1257.0;2256.0;3966.0;6886.0;1148.0;1810.0;-16.0;-33.0;-30.0;-133.0;ACETIC_ACID
1642.0;2785.0;4662.0;7650.0;1236.0;1862.0;1274.0;2276.0;3987.0;6904.0;1155.0;1820.0;-19.0;-33.0;-31.0;-133.0;ACETIC_ACID
1633.0;2767.0;4618.0;7652.0;1228.0;1859.0;1241.0;2227.0;3931.0;6817.0;1139.0;1800.0;-19.0;-33.0;-31.0;-126.0;ACETIC_ACID
1606.0;2732.0;4572.0;7574.0;1222.0;1843.0;1234.0;2226.0;3914.0;6800.0;1132.0;1784.0;-22.0;-33.0;-31.0;-126.0;ACETIC_ACID
1609.0;2739.0;4569.0;7574.0;1216.0;1832.0;1232.0;2215.0;3873.0;6783.0;1127.0;1783.0;-22.0;-31.0;-31.0;-123.0;ACETIC_ACID
1595.0;2711.0;4528.0;7535.0;1211.0;1829.0;1239.0;2218.0;3886.0;6742.0;1127.0;1793.0;-19.0;-31.0;-27.0;-120.0;ACETIC_ACID
1631.0;2766.0;4596.0;7584.0;1217.0;1844.0;1245.0;2218.0;3923.0;6809.0;1133.0;1803.0;-18.0;-30.0;-26.0;-123.0;ACETIC_ACID
1603.0;2722.0;4556.0;7560.0;1212.0;1834.0;1248.0;2235.0;3917.0;6808.0;1139.0;1795.0;-16.0;-28.0;-24.0;-126.0;ACETIC_ACID
1634.0;2771.0;4611.0;7603.0;1221.0;1847.0;1263.0;2260.0;3967.0;6883.0;1142.0;1808.0;-16.0;-28.0;-24.0;-123.0;ACETIC_ACID
1646.0;2790.0;4640.0;7641.0;1225.0;1860.0;1262.0;2252.0;3974.0;6892.0;1145.0;1797.0;-14.0;-28.0;-26.0;-123.0;ACETIC_ACID
1626.0;2767.0;4592.0;7620.0;1222.0;1850.0;1242.0;2227.0;3919.0;6796.0;1136.0;1804.0;-14.0;-28.0;-31.0;-126.0;ACETIC_ACID
1612.0;2738.0;4561.0;7548.0;1217.0;1856.0;1239.0;2229.0;3938.0;6820.0;1143.0;1804.0;-14.0;-27.0;-31.0;-125.0;ACETIC_ACID
1631.0;2765.0;4607.0;7621.0;1230.0;1846.0;1253.0;2244.0;3963.0;6853.0;1145.0;1814.0;-14.0;-28.0;-31.0;-123.0;ACETIC_ACID
1644.0;2796.0;4667.0;7697.0;1234.0;1865.0;1278.0;2278.0;3994.0;6915.0;1148.0;1818.0;-14.0;-28.0;-31.0;-125.0;ACETIC_ACID
1641.0;2781.0;4641.0;7690.0;1230.0;1861.0;1251.0;2241.0;3951.0;6880.0;1146.0;1799.0;-13.0;-28.0;-26.0;-125.0;ACETIC_ACID
1638.0;2785.0;4626.0;7632.0;1227.0;1854.0;1253.0;2239.0;3943.0;6868.0;1140.0;1810.0;-13.0;-28.0;-25.0;-121.0;ACETIC_ACID
1629.0;2764.0;4622.0;7647.0;1227.0;1855.0;1261.0;2262.0;3969.0;6851.0;1142.0;1812.0;-13.0;-31.0;-21.0;-121.0;ACETIC_ACID
1636.0;2775.0;4637.0;7672.0;1229.0;1854.0;1254.0;2253.0;3956.0;6852.0;1148.0;1808.0;-15.0;-31.0;-25.0;-128.0;ACETIC_ACID
1638.0;2775.0;4649.0;7686.0;1231.0;1878.0;1300.0;2328.0;4080.0;7073.0;1171.0;1854.0;-15.0;-31.0;-25.0;-133.0;ACETIC_ACID
1692.0;2864.0;4780.0;7869.0;1259.0;1902.0;1289.0;2316.0;4056.0;6992.0;1171.0;1851.0;-15.0;-33.0;-25.0;-138.0;ACETIC_ACID
1689.0;2856.0;4736.0;7845.0;1259.0;1908.0;1291.0;2313.0;4072.0;7061.0;1178.0;1856.0;-13.0;-35.0;-29.0;-141.0;ACETIC_ACID
1690.0;2864.0;4777.0;7883.0;1268.0;1905.0;1294.0;2317.0;4078.0;7078.0;1182.0;1857.0;-13.0;-38.0;-29.0;-138.0;ACETIC_ACID
1717.0;2907.0;4828.0;7962.0;1268.0;1912.0;1318.0;2349.0;4124.0;7156.0;1189.0;1870.0;-13.0;-38.0;-29.0;-133.0;ACETIC_ACID
1710.0;2888.0;4823.0;7953.0;1273.0;1918.0;1317.0;2355.0;4133.0;7107.0;1183.0;1870.0;-12.0;-38.0;-19.0;-130.0;ACETIC_ACID
1710.0;2883.0;4815.0;7941.0;1270.0;1917.0;1296.0;2323.0;4089.0;7099.0;1188.0;1868.0;-12.0;-32.0;-29.0;-125.0;ACETIC_ACID
1667.0;2833.0;4754.0;7848.0;1255.0;1895.0;1286.0;2314.0;4057.0;7021.0;1167.0;1848.0;-12.0;-32.0;-27.0;-123.0;ACETIC_ACID
1688.0;2871.0;4765.0;7856.0;1254.0;1896.0;1295.0;2313.0;4079.0;7055.0;1176.0;1843.0;-14.0;-32.0;-27.0;-123.0;ACETIC_ACID
1669.0;2835.0;4734.0;7826.0;1254.0;1895.0;1284.0;2304.0;4051.0;7035.0;1170.0;1844.0;-14.0;-31.0;-27.0;-122.0;ACETIC_ACID
1690.0;2857.0;4758.0;7829.0;1258.0;1897.0;1303.0;2304.0;4084.0;7046.0;1169.0;1853.0;-16.0;-31.0;-27.0;-121.0;ACETIC_ACID
1676.0;2835.0;4751.0;7848.0;1258.0;1893.0;1291.0;2305.0;4052.0;7003.0;1170.0;1843.0;-14.0;-32.0;-27.0;-122.0;ACETIC_ACID
1662.0;2825.0;4706.0;7793.0;1247.0;1866.0;1273.0;2278.0;3941.0;6910.0;1159.0;1827.0;-16.0;-32.0;-27.0;-123.0;ACETIC_ACID
1667.0;2819.0;4708.0;7766.0;1241.0;1866.0;1265.0;2264.0;3969.0;6860.0;1149.0;1819.0;-14.0;-31.0;-24.0;-127.0;ACETIC_ACID
1669.0;2830.0;4692.0;7739.0;1239.0;1875.0;1271.0;2283.0;4008.0;6938.0;1160.0;1833.0;-14.0;-31.0;-24.0;-133.0;ACETIC_ACID
1684.0;2854.0;4742.0;7849.0;1255.0;1891.0;1282.0;2302.0;4061.0;6981.0;1167.0;1829.0;-14.0;-33.0;-24.0;-133.0;ACETIC_ACID
1675.0;2841.0;4724.0;7804.0;1253.0;1908.0;1338.0;2374.0;4154.0;7171.0;1192.0;1875.0;-14.0;-31.0;-27.0;-135.0;ACETIC_ACID
1703.0;2877.0;4804.0;7914.0;1270.0;1915.0;1309.0;2329.0;4108.0;7091.0;1182.0;1860.0;-14.0;-31.0;-27.0;-133.0;ACETIC_ACID
1694.0;2873.0;4776.0;7861.0;1261.0;1905.0;1288.0;2306.0;4063.0;6992.0;1178.0;1853.0;-11.0;-31.0;-27.0;-133.0;ACETIC_ACID
1695.0;2870.0;4784.0;7872.0;1263.0;1902.0;1298.0;2323.0;4077.0;7073.0;1177.0;1857.0;-11.0;-34.0;-27.0;-133.0;ACETIC_ACID
1691.0;2876.0;4800.0;7908.0;1267.0;1921.0;1314.0;2356.0;4141.0;7134.0;1186.0;1867.0;-11.0;-34.0;-24.0;-133.0;ACETIC_ACID
1702.0;2883.0;4816.0;7965.0;1275.0;1931.0;1328.0;2364.0;4160.0;7189.0;1195.0;1882.0;-14.0;-34.0;-24.0;-131.0;ACETIC_ACID
1735.0;2929.0;4876.0;8020.0;1285.0;1936.0;1337.0;2381.0;4153.0;7167.0;1190.0;1877.0;-14.0;-34.0;-24.0;-131.0;ACETIC_ACID
1704.0;2886.0;4814.0;7984.0;1274.0;1926.0;1318.0;2362.0;4161.0;7176.0;1193.0;1871.0;-14.0;-34.0;-29.0;-134.0;ACETIC_ACID
1715.0;2903.0;4829.0;7988.0;1272.0;1915.0;1287.0;2305.0;4077.0;7065.0;1179.0;1855.0;-14.0;-34.0;-30.0;-127.0;ACETIC_ACID
1691.0;2860.0;4769.0;7886.0;1262.0;1909.0;1318.0;2349.0;4123.0;7138.0;1186.0;1869.0;-13.0;-34.0;-30.0;-130.0;ACETIC_ACID
1718.0;2898.0;4829.0;7934.0;1268.0;1907.0;1299.0;2320.0;4084.0;7020.0;1180.0;1867.0;-13.0;-35.0;-30.0;-130.0;ACETIC_ACID
1704.0;2886.0;4805.0;7915.0;1268.0;1912.0;1303.0;2334.0;4095.0;7115.0;1174.0;1865.0;-13.0;-34.0;-30.0;-130.0;ACETIC_ACID
1705.0;2891.0;4810.0;7928.0;1265.0;1908.0;1304.0;2334.0;4096.0;7076.0;1180.0;1868.0;-14.0;-34.0;-30.0;-130.0;ACETIC_ACID
1701.0;2881.0;4822.0;7938.0;1265.0;1908.0;1303.0;2331.0;4103.0;7091.0;1177.0;1867.0;-16.0;-34.0;-34.0;-133.0;ACETIC_ACID
1710.0;2898.0;4814.0;7975.0;1272.0;1924.0;1330.0;2376.0;4169.0;7187.0;1194.0;1895.0;-17.0;-34.0;-34.0;-134.0;ACETIC_ACID
1744.0;2947.0;4891.0;8048.0;1286.0;1935.0;1327.0;2365.0;4164.0;7153.0;1201.0;1883.0;-16.0;-32.0;-34.0;-134.0;ACETIC_ACID
1742.0;2945.0;4879.0;8053.0;1288.0;1934.0;1331.0;2380.0;4176.0;7220.0;1198.0;1881.0;-16.0;-34.0;-34.0;-136.0;ACETIC_ACID
1729.0;2924.0;4852.0;8025.0;1279.0;1918.0;1312.0;2349.0;4120.0;7116.0;1189.0;1871.0;-12.0;-34.0;-24.0;-136.0;ACETIC_ACID
1720.0;2916.0;4853.0;7974.0;1279.0;1920.0;1325.0;2366.0;4146.0;7153.0;1197.0;1873.0;-12.0;-37.0;-24.0;-137.0;ACETIC_ACID
1747.0;2946.0;4878.0;8050.0;1283.0;1928.0;1340.0;2388.0;4193.0;7251.0;1200.0;1905.0;-12.0;-37.0;-24.0;-144.0;ACETIC_ACID
1769.0;2982.0;4959.0;8170.0;1300.0;1950.0;1343.0;2407.0;4216.0;7286.0;1204.0;1897.0;-13.0;-38.0;-24.0;-144.0;ACETIC_ACID
1739.0;2951.0;4907.0;8073.0;1295.0;1943.0;1341.0;2391.0;4196.0;7261.0;1210.0;1904.0;-16.0;-38.0;-37.0;-144.0;ACETIC_ACID
1776.0;2995.0;4968.0;8169.0;1304.0;1965.0;1379.0;2451.0;4287.0;7394.0;1223.0;1928.0;-16.0;-38.0;-37.0;-144.0;ACETIC_ACID
1770.0;2990.0;4983.0;8189.0;1308.0;1960.0;1360.0;2424.0;4264.0;7302.0;1221.0;1914.0;-13.0;-37.0;-22.0;-144.0;ACETIC_ACID
1759.0;2978.0;4952.0;8171.0;1308.0;1973.0;1385.0;2463.0;4296.0;7426.0;1232.0;1938.0;-16.0;-34.0;-28.0;-139.0;ACETIC_ACID
1810.0;3052.0;5066.0;8295.0;1325.0;1983.0;1371.0;2445.0;4293.0;7412.0;1230.0;1931.0;-16.0;-34.0;-24.0;-139.0;ACETIC_ACID
1770.0;3000.0;5001.0;8200.0;1312.0;1976.0;1372.0;2441.0;4273.0;7379.0;1225.0;1921.0;-16.0;-36.0;-24.0;-139.0;ACETIC_ACID
1771.0;2993.0;4955.0;8219.0;1307.0;1968.0;1353.0;2418.0;4240.0;7328.0;1215.0;1914.0;-19.0;-34.0;-28.0;-138.0;ACETIC_ACID
1780.0;3014.0;5003.0;8165.0;1309.0;1955.0;1361.0;2422.0;4247.0;7297.0;1208.0;1908.0;-19.0;-35.0;-28.0;-137.0;ACETIC_ACID
1764.0;2986.0;4958.0;8182.0;1307.0;1962.0;1363.0;2418.0;4180.0;7277.0;1215.0;1913.0;-16.0;-36.0;-24.0;-136.0;ACETIC_ACID
1762.0;2973.0;4958.0;8158.0;1304.0;1962.0;1354.0;2414.0;4217.0;7287.0;1215.0;1915.0;-11.0;-36.0;-23.0;-136.0;ACETIC_ACID
1764.0;2988.0;4968.0;8179.0;1307.0;1955.0;1355.0;2425.0;4247.0;7321.0;1218.0;1913.0;-10.0;-37.0;-23.0;-137.0;ACETIC_ACID
1763.0;2985.0;4953.0;8139.0;1302.0;1961.0;1356.0;2408.0;4220.0;7287.0;1213.0;1906.0;-10.0;-37.0;-23.0;-140.0;ACETIC_ACID
1758.0;2981.0;4986.0;8205.0;1312.0;1974.0;1387.0;2463.0;4322.0;7422.0;1235.0;1937.0;-10.0;-37.0;-23.0;-140.0;ACETIC_ACID
1788.0;3024.0;5038.0;8297.0;1324.0;1978.0;1354.0;2424.0;4243.0;7326.0;1218.0;1919.0;-7.0;-36.0;-23.0;-142.0;ACETIC_ACID
1766.0;2992.0;4949.0;8170.0;1307.0;1947.0;1343.0;2399.0;4211.0;7272.0;1206.0;1907.0;-10.0;-36.0;-24.0;-143.0;ACETIC_ACID
1757.0;2970.0;4946.0;8150.0;1304.0;1958.0;1356.0;2436.0;4258.0;7332.0;1217.0;1912.0;-11.0;-36.0;-24.0;-143.0;ACETIC_ACID
1770.0;2991.0;4978.0;8149.0;1299.0;1961.0;1347.0;2411.0;4229.0;7291.0;1208.0;1910.0;-7.0;-38.0;-21.0;-154.0;ACETIC_ACID
1791.0;3023.0;5032.0;8254.0;1315.0;1978.0;1386.0;2470.0;4335.0;7465.0;1229.0;1935.0;-13.0;-40.0;-24.0;-158.0;ACETIC_ACID
1812.0;3055.0;5054.0;8334.0;1333.0;1995.0;1402.0;2499.0;4359.0;7494.0;1239.0;1953.0;-13.0;-40.0;-29.0;-158.0;ACETIC_ACID
1840.0;3109.0;5143.0;8422.0;1340.0;2019.0;1421.0;2534.0;4428.0;7568.0;1256.0;1981.0;-16.0;-40.0;-30.0;-154.0;ACETIC_ACID
1850.0;3128.0;5195.0;8490.0;1351.0;2017.0;1405.0;2503.0;4376.0;7558.0;1249.0;1969.0;-16.0;-40.0;-30.0;-156.0;ACETIC_ACID
1835.0;3094.0;5141.0;8439.0;1338.0;2013.0;1391.0;2484.0;4338.0;7468.0;1244.0;1953.0;-16.0;-38.0;-30.0;-156.0;ACETIC_ACID
1831.0;3087.0;5119.0;8433.0;1341.0;2008.0;1408.0;2511.0;4394.0;7567.0;1249.0;1969.0;-16.0;-37.0;-30.0;-155.0;ACETIC_ACID
1819.0;3066.0;5115.0;8398.0;1343.0;2014.0;1401.0;2499.0;4371.0;7522.0;1249.0;1972.0;-14.0;-38.0;-28.0;-156.0;ACETIC_ACID
1849.0;3116.0;5180.0;8497.0;1357.0;2036.0;1450.0;2565.0;4485.0;7647.0;1266.0;1980.0;-13.0;-38.0;-28.0;-159.0;ACETIC_ACID
1850.0;3121.0;5177.0;8502.0;1352.0;2031.0;1427.0;2532.0;4414.0;7636.0;1263.0;1988.0;-13.0;-38.0;-28.0;-159.0;ACETIC_ACID
1880.0;3166.0;5248.0;8593.0;1368.0;2057.0;1449.0;2578.0;4461.0;7703.0;1276.0;2007.0;-11.0;-38.0;-24.0;-155.0;ACETIC_ACID
1869.0;3147.0;5215.0;8576.0;1368.0;2049.0;1440.0;2563.0;4480.0;7717.0;1269.0;1997.0;-11.0;-38.0;-23.0;-148.0;ACETIC_ACID
1851.0;3123.0;5182.0;8537.0;1367.0;2048.0;1424.0;2551.0;4472.0;7674.0;1274.0;1997.0;-8.0;-38.0;-23.0;-148.0;ACETIC_ACID
1861.0;3147.0;5224.0;8541.0;1356.0;2035.0;1422.0;2530.0;4400.0;7583.0;1261.0;1977.0;-8.0;-38.0;-23.0;-143.0;ACETIC_ACID
1839.0;3104.0;5169.0;8448.0;1352.0;2025.0;1415.0;2517.0;4409.0;7574.0;1259.0;1969.0;-11.0;-35.0;-23.0;-143.0;ACETIC_ACID
1840.0;3103.0;5152.0;8462.0;1344.0;2011.0;1400.0;2496.0;4328.0;7517.0;1243.0;1964.0;-13.0;-35.0;-24.0;-141.0;ACETIC_ACID
1818.0;3065.0;5096.0;8407.0;1343.0;2005.0;1384.0;2466.0;4314.0;7448.0;1237.0;1933.0;-13.0;-37.0;-28.0;-141.0;ACETIC_ACID
1814.0;3067.0;5096.0;8327.0;1332.0;1996.0;1393.0;2471.0;4324.0;7459.0;1237.0;1948.0;-13.0;-34.0;-28.0;-141.0;ACETIC_ACID
1809.0;3054.0;5072.0;8331.0;1330.0;1995.0;1405.0;2494.0;4336.0;7477.0;1238.0;1952.0;-13.0;-37.0;-28.0;-142.0;ACETIC_ACID
1808.0;3051.0;5083.0;8345.0;1320.0;2001.0;1389.0;2478.0;4348.0;7445.0;1238.0;1930.0;-15.0;-41.0;-33.0;-150.0;ACETIC_ACID
1812.0;3050.0;5054.0;8267.0;1329.0;2005.0;1432.0;2549.0;4425.0;7618.0;1261.0;1975.0;-15.0;-42.0;-33.0;-150.0;ACETIC_ACID
1877.0;3161.0;5246.0;8640.0;1375.0;2083.0;1518.0;2691.0;4676.0;7987.0;1318.0;2067.0;-13.0;-42.0;-33.0;-150.0;ACETIC_ACID
1986.0;3326.0;5494.0;8927.0;1421.0;2121.0;1492.0;2637.0;4623.0;7947.0;1318.0;2050.0;-15.0;-42.0;-33.0;-149.0;ACETIC_ACID
1898.0;3194.0;5320.0;8750.0;1390.0;2079.0;1457.0;2589.0;4505.0;7785.0;1290.0;2021.0;-15.0;-39.0;-33.0;-149.0;ACETIC_ACID
1864.0;3150.0;5248.0;8600.0;1369.0;2064.0;1449.0;2591.0;4541.0;7713.0;1277.0;1999.0;-13.0;-36.0;-28.0;-149.0;ACETIC_ACID
1874.0;3149.0;5221.0;8565.0;1359.0;2040.0;1431.0;2535.0;4447.0;7665.0;1272.0;1987.0;-14.0;-36.0;-28.0;-147.0;ACETIC_ACID
1879.0;3169.0;5256.0;8600.0;1371.0;2061.0;1466.0;2608.0;4557.0;7817.0;1291.0;2022.0;-14.0;-36.0;-24.0;-155.0;ACETIC_ACID
1920.0;3220.0;5315.0;8714.0;1384.0;2067.0;1455.0;2582.0;4492.0;7709.0;1279.0;2007.0;-14.0;-38.0;-28.0;-155.0;ACETIC_ACID
1866.0;3146.0;5239.0;8611.0;1376.0;2047.0;1434.0;2565.0;4454.0;7697.0;1278.0;1994.0;-14.0;-38.0;-28.0;-155.0;ACETIC_ACID
1869.0;3148.0;5223.0;8585.0;1360.0;2044.0;1427.0;2535.0;4453.0;7663.0;1264.0;1978.0;-14.0;-38.0;-28.0;-151.0;ACETIC_ACID
1859.0;3134.0;5200.0;8506.0;1359.0;2035.0;1436.0;2559.0;4462.0;7677.0;1263.0;1992.0;-16.0;-38.0;-28.0;-151.0;ACETIC_ACID
1874.0;3160.0;5230.0;8582.0;1363.0;2050.0;1447.0;2566.0;4476.0;7686.0;1272.0;1986.0;-16.0;-38.0;-28.0;-151.0;ACETIC_ACID
1878.0;3156.0;5236.0;8563.0;1362.0;2048.0;1444.0;2566.0;4489.0;7723.0;1273.0;2000.0;-14.0;-39.0;-24.0;-151.0;ACETIC_ACID
1904.0;3192.0;5278.0;8645.0;1372.0;2052.0;1452.0;2583.0;4498.0;7738.0;1277.0;2011.0;-14.0;-36.0;-24.0;-145.0;ACETIC_ACID
1903.0;3204.0;5294.0;8702.0;1378.0;2071.0;1449.0;2579.0;4502.0;7753.0;1289.0;2007.0;-12.0;-35.0;-27.0;-144.0;ACETIC_ACID
1881.0;3166.0;5250.0;8639.0;1373.0;2053.0;1434.0;2558.0;4477.0;7719.0;1278.0;1996.0;-10.0;-35.0;-26.0;-144.0;ACETIC_ACID
1863.0;3139.0;5206.0;8565.0;1361.0;2032.0;1412.0;2531.0;4430.0;7655.0;1264.0;1976.0;-12.0;-35.0;-27.0;-141.0;ACETIC_ACID
1846.0;3101.0;5144.0;8448.0;1348.0;2023.0;1417.0;2518.0;4412.0;7598.0;1257.0;1974.0;-12.0;-35.0;-27.0;-140.0;ACETIC_ACID
1862.0;3139.0;5195.0;8531.0;1356.0;2021.0;1423.0;2532.0;4417.0;7594.0;1252.0;1964.0;-12.0;-35.0;-27.0;-140.0;ACETIC_ACID
1834.0;3094.0;5129.0;8420.0;1347.0;2015.0;1419.0;2520.0;4405.0;7584.0;1256.0;1977.0;-14.0;-35.0;-27.0;-140.0;ACETIC_ACID
1842.0;3106.0;5152.0;8484.0;1343.0;2009.0;1411.0;2520.0;4375.0;7524.0;1248.0;1966.0;-14.0;-35.0;-27.0;-135.0;ACETIC_ACID
1837.0;3104.0;5141.0;8430.0;1344.0;2017.0;1407.0;2511.0;4382.0;7556.0;1254.0;1968.0;-15.0;-37.0;-23.0;-135.0;ACETIC_ACID
1848.0;3110.0;5164.0;8442.0;1342.0;2018.0;1423.0;2531.0;4410.0;7576.0;1253.0;1971.0;-16.0;-41.0;-26.0;-150.0;ACETIC_ACID
1841.0;3095.0;5146.0;8446.0;1357.0;2019.0;1428.0;2550.0;4438.0;7640.0;1262.0;1986.0;-15.0;-41.0;-23.0;-152.0;ACETIC_ACID
1891.0;3196.0;5276.0;8625.0;1375.0;2049.0;1458.0;2593.0;4504.0;7734.0;1279.0;2000.0;-9.0;-39.0;-23.0;-156.0;ACETIC_ACID
1875.0;3148.0;5250.0;8653.0;1376.0;2050.0;1452.0;2574.0;4495.0;7776.0;1281.0;1997.0;-9.0;-39.0;-23.0;-156.0;ACETIC_ACID
1902.0;3197.0;5287.0;8653.0;1374.0;2066.0;1474.0;2604.0;4543.0;7797.0;1285.0;2011.0;-7.0;-35.0;-25.0;-152.0;ACETIC_ACID
1895.0;3200.0;5293.0;8678.0;1382.0;2064.0;1458.0;2599.0;4524.0;7786.0;1285.0;2019.0;-7.0;-34.0;-23.0;-145.0;ACETIC_ACID
1901.0;3198.0;5309.0;8657.0;1381.0;2063.0;1451.0;2585.0;4495.0;7743.0;1281.0;2011.0;-8.0;-34.0;-25.0;-145.0;ACETIC_ACID
1885.0;3186.0;5281.0;8634.0;1376.0;2051.0;1460.0;2581.0;4505.0;7717.0;1272.0;1997.0;-8.0;-34.0;-25.0;-145.0;ACETIC_ACID
1871.0;3134.0;5211.0;8540.0;1353.0;2043.0;1453.0;2588.0;4510.0;7726.0;1273.0;2001.0;-11.0;-35.0;-25.0;-146.0;ACETIC_ACID
1898.0;3189.0;5285.0;8624.0;1378.0;2063.0;1466.0;2604.0;4519.0;7749.0;1287.0;2011.0;-12.0;-36.0;-23.0;-152.0;ACETIC_ACID
1916.0;3219.0;5299.0;8689.0;1381.0;2058.0;1454.0;2579.0;4510.0;7746.0;1281.0;2013.0;-12.0;-41.0;-23.0;-152.0;ACETIC_ACID
1885.0;3178.0;5280.0;8621.0;1373.0;2051.0;1442.0;2566.0;4494.0;7740.0;1276.0;2007.0;-12.0;-36.0;-23.0;-152.0;ACETIC_ACID
1891.0;3177.0;5271.0;8589.0;1354.0;2051.0;1459.0;2589.0;4506.0;7724.0;1279.0;2004.0;-12.0;-36.0;-23.0;-150.0;ACETIC_ACID
1917.0;3209.0;5321.0;8666.0;1371.0;2056.0;1458.0;2585.0;4513.0;7758.0;1268.0;1998.0;-14.0;-36.0;-25.0;-151.0;ACETIC_ACID
1895.0;3179.0;5279.0;8622.0;1377.0;2066.0;1467.0;2610.0;4533.0;7795.0;1288.0;2010.0;-15.0;-37.0;-26.0;-151.0;ACETIC_ACID
1908.0;3206.0;5290.0;8689.0;1379.0;2060.0;1463.0;2602.0;4534.0;7790.0;1281.0;2008.0;-17.0;-37.0;-29.0;-151.0;ACETIC_ACID
1921.0;3224.0;5324.0;8709.0;1385.0;2067.0;1476.0;2611.0;4521.0;7774.0;1284.0;2010.0;-15.0;-37.0;-28.0;-152.0;ACETIC_ACID
1910.0;3213.0;5307.0;8709.0;1385.0;2055.0;1469.0;2608.0;4543.0;7829.0;1288.0;2017.0;-15.0;-36.0;-31.0;-152.0;ACETIC_ACID
1931.0;3246.0;5377.0;8730.0;1387.0;2079.0;1484.0;2636.0;4589.0;7854.0;1294.0;2021.0;-14.0;-37.0;-31.0;-152.0;ACETIC_ACID
1938.0;3240.0;5353.0;8748.0;1390.0;2068.0;1493.0;2632.0;4588.0;7865.0;1297.0;2024.0;-12.0;-37.0;-28.0;-150.0;ACETIC_ACID
1928.0;3232.0;5362.0;8762.0;1391.0;2086.0;1467.0;2613.0;4552.0;7839.0;1297.0;2028.0;-12.0;-36.0;-28.0;-149.0;ACETIC_ACID
1924.0;3242.0;5354.0;8763.0;1390.0;2080.0;1471.0;2618.0;4546.0;7802.0;1292.0;2016.0;-12.0;-37.0;-25.0;-149.0;ACETIC_ACID
1916.0;3214.0;5310.0;8720.0;1387.0;2076.0;1483.0;2617.0;4566.0;7807.0;1290.0;2020.0;-12.0;-38.0;-25.0;-149.0;ACETIC_ACID
1909.0;3219.0;5324.0;8696.0;1378.0;2065.0;1476.0;2615.0;4542.0;7802.0;1288.0;2013.0;-17.0;-38.0;-28.0;-147.0;ACETIC_ACID
1907.0;3207.0;5326.0;8701.0;1380.0;2068.0;1466.0;2598.0;4515.0;7749.0;1279.0;2007.0;-17.0;-36.0;-28.0;-151.0;ACETIC_ACID
1889.0;3185.0;5279.0;8666.0;1373.0;2062.0;1444.0;2572.0;4498.0;7719.0;1282.0;2012.0;-15.0;-38.0;-29.0;-151.0;ACETIC_ACID
1899.0;3199.0;5272.0;8635.0;1376.0;2051.0;1462.0;2595.0;4520.0;7743.0;1279.0;2006.0;-17.0;-36.0;-35.0;-151.0;ACETIC_ACID
1906.0;3206.0;5307.0;8721.0;1381.0;2058.0;1479.0;2624.0;4543.0;7817.0;1284.0;2016.0;-15.0;-36.0;-29.0;-151.0;ACETIC_ACID
1924.0;3234.0;5344.0;8741.0;1388.0;2065.0;1470.0;2604.0;4527.0;7803.0;1287.0;2013.0;-14.0;-36.0;-29.0;-154.0;ACETIC_ACID
1903.0;3214.0;5308.0;8676.0;1380.0;2067.0;1485.0;2626.0;4562.0;7819.0;1296.0;2033.0;-15.0;-36.0;-32.0;-154.0;ACETIC_ACID
1943.0;3273.0;5388.0;8796.0;1396.0;2088.0;1497.0;2649.0;4620.0;7891.0;1304.0;2040.0;-16.0;-36.0;-32.0;-154.0;ACETIC_ACID
1947.0;3271.0;5400.0;8845.0;1404.0;2099.0;1505.0;2666.0;4636.0;7894.0;1306.0;2028.0;-14.0;-39.0;-27.0;-156.0;ACETIC_ACID
1948.0;3270.0;5395.0;8831.0;1406.0;2091.0;1499.0;2653.0;4621.0;7944.0;1308.0;2043.0;-16.0;-37.0;-32.0;-153.0;ACETIC_ACID
1949.0;3282.0;5401.0;8836.0;1405.0;2100.0;1503.0;2659.0;4636.0;7920.0;1316.0;2046.0;-16.0;-37.0;-30.0;-149.0;ACETIC_ACID
1969.0;3288.0;5462.0;8884.0;1414.0;2103.0;1506.0;2678.0;4654.0;7997.0;1315.0;2053.0;-16.0;-37.0;-27.0;-150.0;ACETIC_ACID
1947.0;3268.0;5410.0;8846.0;1409.0;2099.0;1515.0;2656.0;4636.0;7940.0;1296.0;2042.0;-11.0;-36.0;-30.0;-150.0;ACETIC_ACID
1923.0;3227.0;5361.0;8816.0;1397.0;2094.0;1496.0;2645.0;4620.0;7894.0;1302.0;2029.0;-14.0;-36.0;-31.0;-146.0;ACETIC_ACID
1936.0;3250.0;5378.0;8779.0;1402.0;2080.0;1487.0;2643.0;4606.0;7912.0;1298.0;2041.0;-14.0;-36.0;-30.0;-150.0;ACETIC_ACID
1943.0;3264.0;5396.0;8807.0;1399.0;2091.0;1468.0;2606.0;4560.0;7851.0;1296.0;2035.0;-14.0;-39.0;-31.0;-150.0;ACETIC_ACID
1943.0;3255.0;5378.0;8812.0;1400.0;2090.0;1489.0;2654.0;4609.0;7889.0;1302.0;2032.0;-16.0;-39.0;-33.0;-150.0;ACETIC_ACID
1946.0;3283.0;5401.0;8867.0;1408.0;2092.0;1497.0;2655.0;4646.0;7981.0;1309.0;2051.0;-19.0;-41.0;-33.0;-150.0;ACETIC_ACID
1972.0;3317.0;5472.0;8960.0;1414.0;2106.0;1510.0;2673.0;4630.0;7950.0;1310.0;2033.0;-19.0;-41.0;-33.0;-163.0;ACETIC_ACID
1971.0;3312.0;5461.0;8968.0;1417.0;2130.0;1528.0;2693.0;4686.0;8032.0;1326.0;2073.0;-19.0;-41.0;-34.0;-164.0;ACETIC_ACID
1998.0;3369.0;5551.0;9064.0;1440.0;2139.0;1548.0;2735.0;4759.0;8125.0;1343.0;2083.0;-17.0;-35.0;-33.0;-163.0;ACETIC_ACID
1982.0;3332.0;5511.0;9025.0;1432.0;2124.0;1523.0;2696.0;4699.0;8044.0;1327.0;2077.0;-17.0;-35.0;-31.0;-163.0;ACETIC_ACID
2005.0;3370.0;5541.0;9062.0;1433.0;2133.0;1546.0;2730.0;4742.0;8117.0;1333.0;2093.0;-17.0;-35.0;-31.0;-154.0;ACETIC_ACID
2000.0;3365.0;5557.0;9074.0;1436.0;2135.0;1533.0;2731.0;4741.0;8124.0;1329.0;2083.0;-11.0;-35.0;-28.0;-154.0;ACETIC_ACID
1989.0;3332.0;5498.0;8996.0;1423.0;2120.0;1511.0;2682.0;4678.0;8001.0;1321.0;2062.0;-11.0;-36.0;-28.0;-154.0;ACETIC_ACID
1975.0;3322.0;5456.0;8961.0;1418.0;2113.0;1512.0;2692.0;4679.0;8048.0;1322.0;2066.0;-11.0;-38.0;-27.0;-156.0;ACETIC_ACID
1970.0;3325.0;5482.0;8972.0;1421.0;2116.0;1533.0;2708.0;4712.0;8070.0;1321.0;2071.0;-11.0;-42.0;-27.0;-157.0;ACETIC_ACID
2009.0;3368.0;5583.0;9071.0;1429.0;2131.0;1548.0;2728.0;4746.0;8078.0;1331.0;2074.0;-11.0;-42.0;-24.0;-158.0;ACETIC_ACID
1997.0;3338.0;5511.0;9012.0;1431.0;2142.0;1534.0;2716.0;4721.0;8113.0;1341.0;2091.0;-13.0;-42.0;-25.0;-158.0;ACETIC_ACID
2040.0;3410.0;5632.0;9144.0;1445.0;2151.0;1565.0;2746.0;4789.0;8162.0;1339.0;2095.0;-11.0;-41.0;-25.0;-158.0;ACETIC_ACID
2007.0;3376.0;5574.0;9059.0;1433.0;2129.0;1540.0;2725.0;4728.0;8092.0;1332.0;2066.0;-13.0;-41.0;-25.0;-158.0;ACETIC_ACID
1999.0;3360.0;5521.0;9017.0;1425.0;2129.0;1521.0;2700.0;4690.0;8044.0;1323.0;2065.0;-13.0;-40.0;-25.0;-153.0;ACETIC_ACID
1991.0;3333.0;5512.0;8970.0;1425.0;2124.0;1530.0;2698.0;4696.0;8050.0;1326.0;2068.0;-13.0;-41.0;-26.0;-153.0;ACETIC_ACID
1992.0;3343.0;5510.0;9014.0;1426.0;2130.0;1546.0;2730.0;4719.0;8092.0;1330.0;2062.0;-14.0;-41.0;-26.0;-155.0;ACETIC_ACID
1985.0;3333.0;5492.0;8977.0;1424.0;2137.0;1532.0;2699.0;4703.0;8049.0;1329.0;2095.0;-14.0;-43.0;-26.0;-153.0;ACETIC_ACID
2014.0;3362.0;5551.0;9020.0;1431.0;2129.0;1528.0;2699.0;4709.0;8061.0;1328.0;2083.0;-13.0;-38.0;-26.0;-149.0;ACETIC_ACID
2036.0;3414.0;5625.0;9134.0;1439.0;2151.0;1561.0;2750.0;4782.0;8173.0;1339.0;2095.0;-16.0;-43.0;-26.0;-155.0;ACETIC_ACID
2017.0;3389.0;5605.0;9129.0;1444.0;2141.0;1544.0;2723.0;4733.0;8120.0;1338.0;2078.0;-16.0;-42.0;-22.0;-160.0;ACETIC_ACID
2010.0;3364.0;5543.0;9033.0;1430.0;2141.0;1561.0;2745.0;4755.0;8141.0;1329.0;2088.0;-16.0;-42.0;-22.0;-161.0;ACETIC_ACID
2036.0;3411.0;5617.0;9139.0;1444.0;2139.0;1540.0;2722.0;4728.0;8108.0;1342.0;2088.0;-19.0;-38.0;-30.0;-171.0;ACETIC_ACID
2008.0;3371.0;5558.0;9099.0;1441.0;2145.0;1564.0;2765.0;4794.0;8188.0;1344.0;2102.0;-19.0;-42.0;-30.0;-172.0;ACETIC_ACID
2048.0;3435.0;5665.0;9236.0;1456.0;2175.0;1583.0;2791.0;4848.0;8258.0;1355.0;2111.0;-16.0;-41.0;-25.0;-172.0;ACETIC_ACID
2067.0;3458.0;5709.0;9262.0;1465.0;2188.0;1603.0;2826.0;4915.0;8369.0;1377.0;2146.0;-19.0;-41.0;-29.0;-172.0;ACETIC_ACID
2100.0;3511.0;5784.0;9376.0;1476.0;2193.0;1589.0;2810.0;4897.0;8311.0;1367.0;2123.0;-10.0;-42.0;-29.0;-159.0;ACETIC_ACID
2025.0;3405.0;5623.0;9204.0;1454.0;2169.0;1584.0;2794.0;4854.0;8299.0;1362.0;2119.0;-10.0;-44.0;-29.0;-159.0;ACETIC_ACID
2056.0;3443.0;5672.0;9229.0;1461.0;2166.0;1576.0;2766.0;4812.0;8218.0;1355.0;2108.0;-10.0;-42.0;-29.0;-152.0;ACETIC_ACID
2030.0;3404.0;5622.0;9175.0;1446.0;2149.0;1544.0;2724.0;4761.0;8129.0;1339.0;2097.0;-10.0;-42.0;-29.0;-152.0;ACETIC_ACID
2014.0;3380.0;5606.0;9119.0;1448.0;2149.0;1549.0;2745.0;4769.0;8200.0;1347.0;2103.0;-10.0;-42.0;-28.0;-155.0;ACETIC_ACID
2025.0;3390.0;5601.0;9092.0;1447.0;2149.0;1563.0;2758.0;4769.0;8182.0;1351.0;2092.0;-13.0;-42.0;-28.0;-158.0;ACETIC_ACID
2006.0;3367.0;5563.0;9081.0;1437.0;2149.0;1548.0;2737.0;4744.0;8115.0;1336.0;2090.0;-14.0;-42.0;-24.0;-158.0;ACETIC_ACID
2022.0;3393.0;5603.0;9144.0;1445.0;2142.0;1547.0;2732.0;4757.0;8143.0;1342.0;2095.0;-14.0;-42.0;-24.0;-165.0;ACETIC_ACID
2041.0;3425.0;5631.0;9156.0;1451.0;2175.0;1575.0;2795.0;4839.0;8254.0;1356.0;2127.0;-14.0;-41.0;-24.0;-165.0;ACETIC_ACID
2081.0;3475.0;5713.0;9314.0;1470.0;2193.0;1600.0;2822.0;4869.0;8361.0;1364.0;2136.0;-13.0;-39.0;-24.0;-173.0;ACETIC_ACID
2084.0;3485.0;5721.0;9304.0;1471.0;2200.0;1604.0;2838.0;4917.0;8387.0;1378.0;2131.0;-7.0;-44.0;-22.0;-175.0;ACETIC_ACID
2061.0;3461.0;5718.0;9316.0;1471.0;2190.0;1587.0;2804.0;4851.0;8289.0;1364.0;2122.0;-7.0;-39.0;-24.0;-173.0;ACETIC_ACID
2087.0;3490.0;5716.0;9308.0;1472.0;2198.0;1593.0;2819.0;4910.0;8356.0;1369.0;2140.0;-13.0;-39.0;-24.0;-158.0;ACETIC_ACID
2097.0;3492.0;5756.0;9368.0;1479.0;2202.0;1605.0;2816.0;4892.0;8366.0;1379.0;2149.0;-17.0;-39.0;-29.0;-157.0;ACETIC_ACID
2072.0;3470.0;5705.0;9351.0;1475.0;2187.0;1582.0;2795.0;4862.0;8264.0;1359.0;2120.0;-17.0;-38.0;-29.0;-157.0;ACETIC_ACID
2046.0;3424.0;5652.0;9209.0;1458.0;2174.0;1567.0;2774.0;4816.0;8240.0;1358.0;2117.0;-17.0;-38.0;-32.0;-157.0;ACETIC_ACID
2059.0;3438.0;5667.0;9220.0;1456.0;2177.0;1602.0;2827.0;4892.0;8329.0;1368.0;2134.0;-17.0;-39.0;-29.0;-166.0;ACETIC_ACID
2075.0;3476.0;5697.0;9326.0;1468.0;2189.0;1615.0;2845.0;4902.0;8382.0;1375.0;2135.0;-17.0;-38.0;-32.0;-167.0;ACETIC_ACID
2075.0;3476.0;5717.0;9311.0;1472.0;2196.0;1615.0;2839.0;4903.0;8424.0;1376.0;2146.0;-17.0;-39.0;-30.0;-167.0;ACETIC_ACID
2099.0;3508.0;5785.0;9417.0;1484.0;2218.0;1630.0;2873.0;4983.0;8494.0;1393.0;2167.0;-17.0;-39.0;-30.0;-167.0;ACETIC_ACID
2102.0;3522.0;5792.0;9436.0;1495.0;2215.0;1610.0;2841.0;4929.0;8437.0;1385.0;2155.0;-17.0;-37.0;-29.0;-168.0;ACETIC_ACID
2080.0;3483.0;5754.0;9386.0;1478.0;2200.0;1602.0;2831.0;4900.0;8392.0;1382.0;2148.0;-14.0;-37.0;-30.0;-168.0;ACETIC_ACID
2109.0;3522.0;5799.0;9396.0;1485.0;2205.0;1606.0;2827.0;4922.0;8419.0;1377.0;2158.0;-13.0;-39.0;-30.0;-172.0;ACETIC_ACID
2116.0;3551.0;5827.0;9481.0;1491.0;2225.0;1644.0;2909.0;5035.0;8577.0;1395.0;2180.0;-10.0;-40.0;-26.0;-172.0;ACETIC_ACID
2181.0;3631.0;5945.0;9639.0;1512.0;2245.0;1641.0;2889.0;4993.0;8537.0;1399.0;2171.0;-12.0;-44.0;-27.0;-168.0;ACETIC_ACID
2122.0;3547.0;5825.0;9502.0;1488.0;2226.0;1620.0;2850.0;4959.0;8490.0;1390.0;2162.0;-13.0;-44.0;-27.0;-167.0;ACETIC_ACID
2097.0;3515.0;5790.0;9395.0;1479.0;2208.0;1616.0;2852.0;4948.0;8440.0;1378.0;2151.0;-12.0;-40.0;-27.0;-166.0;ACETIC_ACID
2102.0;3523.0;5779.0;9391.0;1482.0;2201.0;1613.0;2829.0;4930.0;8408.0;1379.0;2148.0;-10.0;-38.0;-27.0;-166.0;ACETIC_ACID
2082.0;3483.0;5748.0;9348.0;1476.0;2204.0;1609.0;2849.0;4938.0;8432.0;1379.0;2149.0;-12.0;-38.0;-27.0;-166.0;ACETIC_ACID
2090.0;3498.0;5754.0;9374.0;1485.0;2210.0;1630.0;2863.0;4947.0;8458.0;1382.0;2153.0;-13.0;-37.0;-28.0;-166.0;ACETIC_ACID
2085.0;3489.0;5749.0;9372.0;1480.0;2201.0;1616.0;2851.0;4925.0;8391.0;1375.0;2137.0;-15.0;-38.0;-28.0;-162.0;ACETIC_ACID
2087.0;3493.0;5759.0;9337.0;1481.0;2195.0;1598.0;2817.0;4894.0;8339.0;1371.0;2137.0;-15.0;-39.0;-28.0;-161.0;ACETIC_ACID
2070.0;3458.0;5700.0;9297.0;1473.0;2182.0;1604.0;2821.0;4885.0;8349.0;1371.0;2133.0;-15.0;-39.0;-23.0;-159.0;ACETIC_ACID
2088.0;3486.0;5747.0;9362.0;1475.0;2194.0;1604.0;2826.0;4897.0;8380.0;1372.0;2137.0;-15.0;-38.0;-23.0;-158.0;ACETIC_ACID
2082.0;3490.0;5742.0;9379.0;1471.0;2186.0;1612.0;2840.0;4923.0;8385.0;1373.0;2126.0;-15.0;-39.0;-22.0;-159.0;ACETIC_ACID
2063.0;3455.0;5699.0;9292.0;1467.0;2185.0;1586.0;2799.0;4851.0;8262.0;1366.0;2134.0;-15.0;-38.0;-23.0;-159.0;ACETIC_ACID
2085.0;3485.0;5717.0;9306.0;1475.0;2190.0;1593.0;2813.0;4879.0;8345.0;1368.0;2136.0;-15.0;-38.0;-23.0;-159.0;ACETIC_ACID
2072.0;3462.0;5697.0;9276.0;1471.0;2188.0;1600.0;2838.0;4904.0;8387.0;1377.0;2134.0;-15.0;-39.0;-28.0;-162.0;ACETIC_ACID
2090.0;3501.0;5706.0;9335.0;1472.0;2192.0;1612.0;2843.0;4924.0;8415.0;1379.0;2142.0;-15.0;-43.0;-28.0;-169.0;ACETIC_ACID
2135.0;3553.0;5844.0;9489.0;1499.0;2224.0;1651.0;2906.0;5006.0;8538.0;1405.0;2165.0;-15.0;-39.0;-28.0;-169.0;ACETIC_ACID
2140.0;3573.0;5877.0;9554.0;1502.0;2231.0;1642.0;2897.0;4991.0;8507.0;1398.0;2177.0;-15.0;-40.0;-28.0;-169.0;ACETIC_ACID
2152.0;3594.0;5912.0;9572.0;1506.0;2237.0;1651.0;2902.0;5027.0;8543.0;1404.0;2163.0;-14.0;-39.0;-32.0;-161.0;ACETIC_ACID
2131.0;3568.0;5876.0;9561.0;1505.0;2235.0;1667.0;2917.0;5044.0;8581.0;1403.0;2173.0;-10.0;-39.0;-31.0;-161.0;ACETIC_ACID
2145.0;3565.0;5878.0;9512.0;1501.0;2220.0;1625.0;2873.0;4978.0;8507.0;1396.0;2170.0;-14.0;-39.0;-31.0;-160.0;ACETIC_ACID
2137.0;3564.0;5848.0;9524.0;1501.0;2219.0;1642.0;2897.0;5004.0;8541.0;1395.0;2170.0;-14.0;-39.0;-31.0;-161.0;ACETIC_ACID
2145.0;3565.0;5882.0;9549.0;1505.0;2234.0;1638.0;2890.0;4975.0;8519.0;1398.0;2176.0;-14.0;-39.0;-30.0;-168.0;ACETIC_ACID
2126.0;3535.0;5839.0;9522.0;1499.0;2220.0;1634.0;2870.0;4966.0;8483.0;1389.0;2172.0;-10.0;-40.0;-29.0;-168.0;ACETIC_ACID
2141.0;3574.0;5856.0;9501.0;1504.0;2237.0;1646.0;2898.0;5011.0;8555.0;1400.0;2175.0;-16.0;-43.0;-29.0;-166.0;ACETIC_ACID
2150.0;3585.0;5884.0;9597.0;1510.0;2238.0;1649.0;2896.0;4994.0;8501.0;1396.0;2175.0;-12.0;-43.0;-29.0;-168.0;ACETIC_ACID
2132.0;3564.0;5861.0;9517.0;1502.0;2233.0;1644.0;2907.0;5028.0;8529.0;1400.0;2176.0;-19.0;-45.0;-30.0;-168.0;ACETIC_ACID
2142.0;3586.0;5874.0;9545.0;1505.0;2229.0;1665.0;2921.0;5039.0;8586.0;1407.0;2187.0;-12.0;-45.0;-25.0;-171.0;ACETIC_ACID
2208.0;3682.0;6025.0;9778.0;1534.0;2277.0;1687.0;2980.0;5142.0;8691.0;1423.0;2219.0;-12.0;-45.0;-25.0;-171.0;ACETIC_ACID
2179.0;3644.0;5986.0;9693.0;1525.0;2259.0;1676.0;2956.0;5109.0;8661.0;1420.0;2201.0;-11.0;-45.0;-22.0;-171.0;ACETIC_ACID
2198.0;3671.0;5994.0;9737.0;1531.0;2266.0;1706.0;2991.0;5150.0;8663.0;1427.0;2214.0;-11.0;-43.0;-22.0;-171.0;ACETIC_ACID
2189.0;3658.0;6003.0;9729.0;1528.0;2263.0;1682.0;2956.0;5114.0;8684.0;1424.0;2205.0;-9.0;-42.0;-22.0;-164.0;ACETIC_ACID
2166.0;3618.0;5975.0;9674.0;1523.0;2262.0;1683.0;2953.0;5104.0;8689.0;1422.0;2204.0;-9.0;-41.0;-22.0;-164.0;ACETIC_ACID
2178.0;3622.0;5927.0;9634.0;1518.0;2261.0;1665.0;2940.0;5060.0;8592.0;1415.0;2192.0;-13.0;-40.0;-23.0;-165.0;ACETIC_ACID
2153.0;3606.0;5896.0;9604.0;1515.0;2254.0;1662.0;2928.0;5082.0;8607.0;1411.0;2189.0;-13.0;-40.0;-24.0;-165.0;ACETIC_ACID
2161.0;3610.0;5931.0;9600.0;1520.0;2251.0;1680.0;2951.0;5088.0;8650.0;1410.0;2195.0;-13.0;-40.0;-24.0;-165.0;ACETIC_ACID
2166.0;3624.0;5928.0;9645.0;1520.0;2240.0;1644.0;2896.0;5019.0;8565.0;1394.0;2177.0;-13.0;-40.0;-23.0;-165.0;ACETIC_ACID
2126.0;3571.0;5852.0;9505.0;1500.0;2232.0;1665.0;2928.0;5037.0;8593.0;1404.0;2181.0;-13.0;-41.0;-25.0;-165.0;ACETIC_ACID
2155.0;3584.0;5901.0;9602.0;1513.0;2244.0;1679.0;2945.0;5064.0;8598.0;1409.0;2192.0;-20.0;-41.0;-28.0;-163.0;ACETIC_ACID
2186.0;3645.0;5993.0;9682.0;1524.0;2252.0;1670.0;2926.0;5043.0;8592.0;1414.0;2188.0;-20.0;-41.0;-25.0;-163.0;ACETIC_ACID
2157.0;3617.0;5921.0;9595.0;1518.0;2241.0;1658.0;2914.0;5059.0;8641.0;1413.0;2191.0;-20.0;-41.0;-34.0;-165.0;ACETIC_ACID
2168.0;3626.0;5948.0;9660.0;1517.0;2246.0;1656.0;2916.0;5035.0;8641.0;1409.0;2186.0;-20.0;-41.0;-34.0;-165.0;ACETIC_ACID
2140.0;3575.0;5886.0;9592.0;1515.0;2259.0;1676.0;2957.0;5098.0;8686.0;1420.0;2211.0;-20.0;-40.0;-33.0;-168.0;ACETIC_ACID
2187.0;3650.0;5984.0;9700.0;1528.0;2278.0;1699.0;2990.0;5162.0;8729.0;1428.0;2219.0;-19.0;-42.0;-32.0;-168.0;ACETIC_ACID
2183.0;3638.0;5963.0;9726.0;1534.0;2267.0;1672.0;2938.0;5078.0;8631.0;1414.0;2198.0;-20.0;-42.0;-33.0;-168.0;ACETIC_ACID
2162.0;3610.0;5928.0;9651.0;1518.0;2248.0;1650.0;2909.0;5024.0;8550.0;1406.0;2191.0;-19.0;-37.0;-32.0;-168.0;ACETIC_ACID
2144.0;3578.0;5863.0;9528.0;1505.0;2232.0;1659.0;2927.0;5043.0;8588.0;1406.0;2174.0;-19.0;-37.0;-31.0;-168.0;ACETIC_ACID
2134.0;3575.0;5859.0;9545.0;1502.0;2233.0;1649.0;2882.0;5016.0;8573.0;1395.0;2166.0;-17.0;-38.0;-31.0;-169.0;ACETIC_ACID
2138.0;3558.0;5850.0;9524.0;1504.0;2222.0;1654.0;2920.0;5029.0;8545.0;1391.0;2179.0;-13.0;-38.0;-27.0;-170.0;ACETIC_ACID
2176.0;3628.0;5950.0;9627.0;1520.0;2276.0;1728.0;3035.0;5212.0;8833.0;1447.0;2238.0;-11.0;-38.0;-26.0;-175.0;ACETIC_ACID
2224.0;3712.0;6086.0;9862.0;1556.0;2294.0;1726.0;3030.0;5219.0;8845.0;1444.0;2241.0;-13.0;-42.0;-27.0;-181.0;ACETIC_ACID
2228.0;3714.0;6101.0;9832.0;1549.0;2296.0;1705.0;2993.0;5167.0;8804.0;1432.0;2228.0;-11.0;-44.0;-27.0;-182.0;ACETIC_ACID
2230.0;3712.0;6082.0;9862.0;1551.0;2288.0;1707.0;2993.0;5176.0;8775.0;1436.0;2232.0;-11.0;-44.0;-27.0;-182.0;ACETIC_ACID
2246.0;3735.0;6098.0;9911.0;1548.0;2296.0;1724.0;3024.0;5113.0;8863.0;1445.0;2241.0;-12.0;-44.0;-27.0;-185.0;ACETIC_ACID
2218.0;3695.0;6053.0;9819.0;1547.0;2287.0;1713.0;3011.0;5199.0;8820.0;1444.0;2253.0;-12.0;-44.0;-28.0;-187.0;ACETIC_ACID
2242.0;3742.0;6140.0;9966.0;1561.0;2309.0;1711.0;3029.0;5207.0;8878.0;1453.0;2256.0;-12.0;-45.0;-27.0;-187.0;ACETIC_ACID
2258.0;3754.0;6180.0;9955.0;1569.0;2321.0;1775.0;3089.0;5303.0;8992.0;1469.0;2276.0;-12.0;-45.0;-23.0;-187.0;ACETIC_ACID
2297.0;3804.0;6212.0;10046.0;1578.0;2325.0;1738.0;3042.0;5275.0;8946.0;1461.0;2271.0;-12.0;-42.0;-23.0;-168.0;ACETIC_ACID
2240.0;3738.0;6133.0;9958.0;1560.0;2307.0;1724.0;3030.0;5212.0;8857.0;1443.0;2248.0;-13.0;-45.0;-24.0;-168.0;ACETIC_ACID
2225.0;3715.0;6088.0;9843.0;1556.0;2312.0;1736.0;3047.0;5258.0;8926.0;1455.0;2256.0;-7.0;-45.0;-24.0;-167.0;ACETIC_ACID
2234.0;3734.0;6118.0;9911.0;1553.0;2304.0;1703.0;2984.0;5147.0;8771.0;1432.0;2214.0;-7.0;-46.0;-27.0;-168.0;ACETIC_ACID
2200.0;3666.0;6009.0;9745.0;1531.0;2269.0;1703.0;2985.0;5158.0;8700.0;1433.0;2208.0;-9.0;-46.0;-27.0;-160.0;ACETIC_ACID
2194.0;3651.0;5992.0;9737.0;1533.0;2262.0;1695.0;2979.0;5133.0;8713.0;1424.0;2212.0;-13.0;-46.0;-28.0;-160.0;ACETIC_ACID
2188.0;3645.0;5985.0;9685.0;1531.0;2260.0;1684.0;2953.0;5093.0;8665.0;1425.0;2211.0;-15.0;-45.0;-28.0;-161.0;ACETIC_ACID
2200.0;3653.0;5996.0;9718.0;1528.0;2255.0;1653.0;2906.0;5045.0;8659.0;1415.0;2206.0;-15.0;-43.0;-27.0;-162.0;ACETIC_ACID
2183.0;3638.0;5980.0;9712.0;1525.0;2260.0;1666.0;2937.0;5077.0;8661.0;1414.0;2199.0;-9.0;-42.0;-23.0;-162.0;ACETIC_ACID
2182.0;3639.0;5955.0;9699.0;1521.0;2238.0;1679.0;2950.0;5085.0;8646.0;1415.0;2196.0;-11.0;-42.0;-23.0;-162.0;ACETIC_ACID
2182.0;3639.0;5985.0;9695.0;1523.0;2253.0;1683.0;2936.0;5084.0;8657.0;1416.0;2195.0;-11.0;-42.0;-22.0;-163.0;ACETIC_ACID
2190.0;3644.0;6006.0;9731.0;1531.0;2257.0;1685.0;2978.0;5081.0;8721.0;1424.0;2208.0;-11.0;-42.0;-22.0;-167.0;ACETIC_ACID
2185.0;3646.0;5980.0;9704.0;1528.0;2264.0;1693.0;2972.0;5122.0;8698.0;1426.0;2201.0;-13.0;-42.0;-23.0;-167.0;ACETIC_ACID
2208.0;3658.0;6004.0;9735.0;1535.0;2276.0;1713.0;2994.0;5160.0;8732.0;1433.0;2213.0;-14.0;-42.0;-29.0;-167.0;ACETIC_ACID
2187.0;3649.0;5953.0;9747.0;1529.0;2268.0;1692.0;2974.0;5128.0;8679.0;1422.0;2210.0;-20.0;-42.0;-34.0;-167.0;ACETIC_ACID
2199.0;3666.0;6008.0;9772.0;1545.0;2283.0;1707.0;3006.0;5175.0;8800.0;1434.0;2237.0;-14.0;-40.0;-34.0;-165.0;ACETIC_ACID
2227.0;3707.0;6077.0;9829.0;1548.0;2284.0;1710.0;2996.0;5155.0;8774.0;1432.0;2229.0;-17.0;-40.0;-34.0;-164.0;ACETIC_ACID
2209.0;3686.0;6029.0;9802.0;1542.0;2282.0;1704.0;2999.0;5174.0;8784.0;1430.0;2223.0;-17.0;-40.0;-29.0;-165.0;ACETIC_ACID
2206.0;3677.0;6030.0;9811.0;1538.0;2271.0;1703.0;2977.0;5146.0;8720.0;1434.0;2222.0;-10.0;-42.0;-26.0;-165.0;ACETIC_ACID
2191.0;3650.0;6028.0;9733.0;1532.0;2267.0;1706.0;2973.0;5117.0;8697.0;1428.0;2207.0;-10.0;-42.0;-26.0;-166.0;ACETIC_ACID
2199.0;3660.0;6008.0;9752.0;1537.0;2283.0;1727.0;3017.0;5198.0;8821.0;1445.0;2236.0;-17.0;-42.0;-29.0;-168.0;ACETIC_ACID
2248.0;3748.0;6123.0;9906.0;1555.0;2307.0;1725.0;3022.0;5220.0;8836.0;1442.0;2238.0;-15.0;-42.0;-26.0;-180.0;ACETIC_ACID
2224.0;3711.0;6083.0;9903.0;1558.0;2298.0;1707.0;3016.0;5203.0;8830.0;1434.0;2243.0;-15.0;-42.0;-26.0;-189.0;ACETIC_ACID
2262.0;3761.0;6142.0;9968.0;1564.0;2322.0;1764.0;3082.0;5314.0;8991.0;1468.0;2278.0;-17.0;-45.0;-32.0;-193.0;ACETIC_ACID
2282.0;3787.0;6203.0;10091.0;1580.0;2338.0;1756.0;3084.0;5309.0;8997.0;1474.0;2265.0;-15.0;-45.0;-27.0;-193.0;ACETIC_ACID
2323.0;3852.0;6295.0;10160.0;1589.0;2346.0;1786.0;3114.0;5348.0;9070.0;1481.0;2295.0;-15.0;-43.0;-27.0;-193.0;ACETIC_ACID
2321.0;3860.0;6330.0;10194.0;1594.0;2351.0;1774.0;3100.0;5355.0;9062.0;1481.0;2297.0;-15.0;-45.0;-27.0;-196.0;ACETIC_ACID
2294.0;3816.0;6244.0;10139.0;1592.0;2341.0;1767.0;3107.0;5316.0;9022.0;1475.0;2275.0;-18.0;-45.0;-29.0;-189.0;ACETIC_ACID
2299.0;3815.0;6235.0;10112.0;1586.0;2330.0;1759.0;3080.0;5280.0;8997.0;1471.0;2283.0;-15.0;-45.0;-27.0;-189.0;ACETIC_ACID
2307.0;3832.0;6298.0;10162.0;1592.0;2355.0;1793.0;3131.0;5357.0;9070.0;1487.0;2297.0;-14.0;-46.0;-21.0;-189.0;ACETIC_ACID
2312.0;3848.0;6302.0;10199.0;1598.0;2364.0;1797.0;3146.0;5400.0;9178.0;1497.0;2313.0;-7.0;-46.0;-21.0;-189.0;ACETIC_ACID
2351.0;3889.0;6366.0;10278.0;1611.0;2373.0;1794.0;3151.0;5424.0;9182.0;1496.0;2311.0;-14.0;-46.0;-21.0;-175.0;ACETIC_ACID
2312.0;3843.0;6289.0;10186.0;1595.0;2358.0;1765.0;3077.0;5324.0;9036.0;1478.0;2295.0;-14.0;-49.0;-21.0;-175.0;ACETIC_ACID
2296.0;3823.0;6286.0;10138.0;1583.0;2346.0;1774.0;3092.0;5330.0;9047.0;1472.0;2281.0;-14.0;-46.0;-21.0;-175.0;ACETIC_ACID
2279.0;3785.0;6220.0;10065.0;1580.0;2336.0;1755.0;3082.0;5286.0;8969.0;1464.0;2266.0;-14.0;-41.0;-27.0;-178.0;ACETIC_ACID
2277.0;3791.0;6192.0;10041.0;1584.0;2328.0;1759.0;3083.0;5312.0;8969.0;1467.0;2276.0;-14.0;-41.0;-27.0;-178.0;ACETIC_ACID
2303.0;3838.0;6260.0;10143.0;1590.0;2347.0;1783.0;3122.0;5358.0;9108.0;1485.0;2294.0;-9.0;-41.0;-15.0;-178.0;ACETIC_ACID
2320.0;3857.0;6342.0;10237.0;1604.0;2359.0;1792.0;3137.0;5397.0;9157.0;1490.0;2294.0;-6.0;-41.0;-15.0;-177.0;ACETIC_ACID
2311.0;3858.0;6303.0;10167.0;1598.0;2349.0;1769.0;3108.0;5357.0;9069.0;1477.0;2298.0;-9.0;-41.0;-20.0;-174.0;ACETIC_ACID
2308.0;3828.0;6281.0;10183.0;1598.0;2359.0;1783.0;3116.0;5334.0;9084.0;1484.0;2263.0;-9.0;-42.0;-20.0;-173.0;ACETIC_ACID
2306.0;3826.0;6266.0;10164.0;1595.0;2357.0;1782.0;3123.0;5366.0;9108.0;1482.0;2295.0;-13.0;-42.0;-27.0;-173.0;ACETIC_ACID
2294.0;3820.0;6260.0;10171.0;1597.0;2348.0;1771.0;3101.0;5361.0;9060.0;1478.0;2288.0;-13.0;-42.0;-30.0;-173.0;ACETIC_ACID
2289.0;3827.0;6244.0;10136.0;1586.0;2335.0;1772.0;3093.0;5307.0;8954.0;1472.0;2281.0;-13.0;-42.0;-30.0;-173.0;ACETIC_ACID
2277.0;3791.0;6208.0;10014.0;1573.0;2333.0;1751.0;3072.0;5218.0;8988.0;1471.0;2264.0;-10.0;-43.0;-30.0;-173.0;ACETIC_ACID
2268.0;3783.0;6180.0;10019.0;1576.0;2327.0;1761.0;3083.0;5315.0;9010.0;1473.0;2270.0;-9.0;-45.0;-30.0;-174.0;ACETIC_ACID
2260.0;3770.0;6186.0;10052.0;1581.0;2348.0;1788.0;3134.0;5383.0;9139.0;1486.0;2314.0;-9.0;-45.0;-30.0;-177.0;ACETIC_ACID
2340.0;3895.0;6356.0;10269.0;1604.0;2358.0;1771.0;3111.0;5359.0;9104.0;1482.0;2291.0;-10.0;-44.0;-31.0;-181.0;ACETIC_ACID
2301.0;3839.0;6279.0;10166.0;1580.0;2339.0;1758.0;3090.0;5308.0;9004.0;1478.0;2286.0;-10.0;-44.0;-31.0;-181.0;ACETIC_ACID
2312.0;3848.0;6301.0;10204.0;1597.0;2360.0;1795.0;3143.0;5416.0;9141.0;1487.0;2301.0;-9.0;-44.0;-26.0;-174.0;ACETIC_ACID
2314.0;3850.0;6295.0;10163.0;1587.0;2353.0;1782.0;3128.0;5381.0;9129.0;1489.0;2299.0;-13.0;-43.0;-26.0;-181.0;ACETIC_ACID
2305.0;3842.0;6299.0;10206.0;1591.0;2340.0;1774.0;3108.0;5354.0;9056.0;1472.0;2280.0;-13.0;-43.0;-25.0;-181.0;ACETIC_ACID
2276.0;3787.0;6209.0;10073.0;1583.0;2337.0;1772.0;3094.0;5317.0;8985.0;1467.0;2277.0;-10.0;-43.0;-22.0;-171.0;ACETIC_ACID
2283.0;3790.0;6208.0;10065.0;1573.0;2328.0;1754.0;3079.0;5284.0;8902.0;1469.0;2273.0;-13.0;-44.0;-22.0;-181.0;ACETIC_ACID
2291.0;3804.0;6241.0;10096.0;1588.0;2339.0;1760.0;3091.0;5324.0;9005.0;1461.0;2269.0;-14.0;-44.0;-25.0;-182.0;ACETIC_ACID
2277.0;3793.0;6214.0;10066.0;1575.0;2327.0;1744.0;3072.0;5281.0;8998.0;1466.0;2276.0;-14.0;-45.0;-25.0;-182.0;ACETIC_ACID
2311.0;3831.0;6294.0;10090.0;1588.0;2348.0;1765.0;3066.0;5346.0;9043.0;1478.0;2282.0;-20.0;-45.0;-28.0;-175.0;ACETIC_ACID
2324.0;3843.0;6295.0;10161.0;1597.0;2351.0;1780.0;3123.0;5373.0;9111.0;1481.0;2291.0;-20.0;-45.0;-32.0;-182.0;ACETIC_ACID
2292.0;3828.0;6258.0;10152.0;1592.0;2356.0;1767.0;3103.0;5346.0;9076.0;1481.0;2286.0;-18.0;-45.0;-32.0;-182.0;ACETIC_ACID
2290.0;3821.0;6251.0;10082.0;1589.0;2345.0;1804.0;3145.0;5386.0;9149.0;1486.0;2272.0;-18.0;-46.0;-32.0;-185.0;ACETIC_ACID
2311.0;3842.0;6287.0;10156.0;1594.0;2356.0;1796.0;3154.0;5422.0;9158.0;1489.0;2322.0;-18.0;-45.0;-30.0;-186.0;ACETIC_ACID
2373.0;3935.0;6422.0;10388.0;1625.0;2396.0;1822.0;3194.0;5484.0;9313.0;1518.0;2336.0;-15.0;-45.0;-25.0;-186.0;ACETIC_ACID
2362.0;3930.0;6420.0;10352.0;1626.0;2389.0;1813.0;3177.0;5449.0;9234.0;1509.0;2313.0;-15.0;-43.0;-25.0;-186.0;ACETIC_ACID
2330.0;3880.0;6333.0;10262.0;1608.0;2375.0;1822.0;3179.0;5479.0;9269.0;1510.0;2316.0;-16.0;-43.0;-25.0;-186.0;ACETIC_ACID
2352.0;3909.0;6366.0;10308.0;1616.0;2383.0;1806.0;3157.0;5422.0;9183.0;1495.0;2311.0;-16.0;-43.0;-29.0;-182.0;ACETIC_ACID
2349.0;3895.0;6373.0;10281.0;1612.0;2375.0;1805.0;3173.0;5469.0;9266.0;1510.0;2334.0;-16.0;-42.0;-29.0;-180.0;ACETIC_ACID
2385.0;3948.0;6433.0;10373.0;1628.0;2402.0;1819.0;3177.0;5460.0;9223.0;1509.0;2318.0;-16.0;-42.0;-29.0;-175.0;ACETIC_ACID
2338.0;3890.0;6354.0;10278.0;1611.0;2379.0;1811.0;3170.0;5435.0;9166.0;1497.0;2321.0;-14.0;-44.0;-28.0;-176.0;ACETIC_ACID
2362.0;3931.0;6393.0;10335.0;1617.0;2385.0;1804.0;3158.0;5430.0;9200.0;1504.0;2327.0;-14.0;-42.0;-28.0;-176.0;ACETIC_ACID
2360.0;3913.0;6403.0;10289.0;1613.0;2386.0;1815.0;3177.0;5462.0;9234.0;1509.0;2330.0;-14.0;-42.0;-27.0;-176.0;ACETIC_ACID
2368.0;3926.0;6404.0;10365.0;1624.0;2395.0;1824.0;3183.0;5456.0;9258.0;1495.0;2318.0;-14.0;-42.0;-28.0;-175.0;ACETIC_ACID
2341.0;3891.0;6361.0;10300.0;1615.0;2389.0;1807.0;3162.0;5454.0;9253.0;1509.0;2321.0;-14.0;-42.0;-28.0;-175.0;ACETIC_ACID
2342.0;3884.0;6367.0;10283.0;1614.0;2376.0;1816.0;3160.0;5440.0;9242.0;1499.0;2309.0;-11.0;-42.0;-22.0;-175.0;ACETIC_ACID
2347.0;3894.0;6368.0;10327.0;1621.0;2387.0;1816.0;3165.0;5448.0;9224.0;1506.0;2324.0;-9.0;-42.0;-22.0;-173.0;ACETIC_ACID
2350.0;3918.0;6388.0;10330.0;1614.0;2394.0;1831.0;3190.0;5482.0;9260.0;1507.0;2337.0;-9.0;-42.0;-22.0;-173.0;ACETIC_ACID
2355.0;3905.0;6390.0;10337.0;1620.0;2387.0;1797.0;3149.0;5432.0;9212.0;1501.0;2317.0;-8.0;-42.0;-21.0;-173.0;ACETIC_ACID
2353.0;3920.0;6394.0;10379.0;1625.0;2383.0;1838.0;3212.0;5505.0;9333.0;1521.0;2336.0;-8.0;-42.0;-22.0;-173.0;ACETIC_ACID
2354.0;3910.0;6405.0;10321.0;1627.0;2392.0;1826.0;3161.0;5451.0;9234.0;1505.0;2316.0;-11.0;-42.0;-25.0;-173.0;ACETIC_ACID
2365.0;3926.0;6384.0;10326.0;1613.0;2371.0;1810.0;3165.0;5432.0;9211.0;1498.0;2318.0;-12.0;-43.0;-26.0;-174.0;ACETIC_ACID
2363.0;3920.0;6401.0;10365.0;1628.0;2398.0;1850.0;3233.0;5559.0;9388.0;1523.0;2354.0;-12.0;-47.0;-26.0;-182.0;ACETIC_ACID
2417.0;3993.0;6535.0;10537.0;1646.0;2416.0;1844.0;3228.0;5532.0;9341.0;1520.0;2337.0;-12.0;-49.0;-26.0;-185.0;ACETIC_ACID
2345.0;3902.0;6395.0;10379.0;1628.0;2397.0;1841.0;3210.0;5501.0;9312.0;1516.0;2346.0;-11.0;-51.0;-26.0;-188.0;ACETIC_ACID
2390.0;3955.0;6457.0;10419.0;1630.0;2405.0;1840.0;3222.0;5500.0;9298.0;1513.0;2346.0;-12.0;-47.0;-29.0;-185.0;ACETIC_ACID
2415.0;4001.0;6528.0;10542.0;1646.0;2404.0;1852.0;3237.0;5526.0;9319.0;1523.0;2349.0;-12.0;-47.0;-25.0;-185.0;ACETIC_ACID
2417.0;4015.0;6567.0;10569.0;1651.0;2435.0;1850.0;3249.0;5590.0;9438.0;1536.0;2360.0;-12.0;-43.0;-25.0;-183.0;ACETIC_ACID
2404.0;3975.0;6500.0;10509.0;1649.0;2412.0;1839.0;3220.0;5522.0;9347.0;1524.0;2352.0;-16.0;-43.0;-25.0;-176.0;ACETIC_ACID
2353.0;3911.0;6445.0;10395.0;1634.0;2399.0;1831.0;3209.0;5493.0;9298.0;1517.0;2336.0;-17.0;-43.0;-24.0;-176.0;ACETIC_ACID
2356.0;3925.0;6417.0;10345.0;1626.0;2392.0;1828.0;3182.0;5464.0;9254.0;1504.0;2324.0;-16.0;-40.0;-23.0;-176.0;ACETIC_ACID
2358.0;3905.0;6388.0;10300.0;1618.0;2385.0;1812.0;3176.0;5450.0;9262.0;1509.0;2333.0;-16.0;-45.0;-23.0;-177.0;ACETIC_ACID
2377.0;3937.0;6443.0;10392.0;1624.0;2393.0;1826.0;3196.0;5488.0;9250.0;1513.0;2342.0;-16.0;-48.0;-23.0;-177.0;ACETIC_ACID
2389.0;3951.0;6452.0;10449.0;1637.0;2412.0;1886.0;3275.0;5585.0;9438.0;1539.0;2376.0;-17.0;-50.0;-24.0;-190.0;ACETIC_ACID
2451.0;4066.0;6623.0;10681.0;1669.0;2459.0;1913.0;3332.0;5696.0;9623.0;1559.0;2392.0;-18.0;-50.0;-33.0;-191.0;ACETIC_ACID
2439.0;4043.0;6582.0;10643.0;1663.0;2448.0;1876.0;3274.0;5611.0;9501.0;1538.0;2377.0;-18.0;-50.0;-33.0;-191.0;ACETIC_ACID
2443.0;4043.0;6608.0;10651.0;1659.0;2436.0;1868.0;3259.0;5583.0;9419.0;1531.0;2361.0;-18.0;-50.0;-33.0;-190.0;ACETIC_ACID
2439.0;4051.0;6588.0;10572.0;1659.0;2433.0;1880.0;3283.0;5618.0;9498.0;1544.0;2372.0;-19.0;-50.0;-31.0;-187.0;ACETIC_ACID
2420.0;4019.0;6555.0;10530.0;1645.0;2433.0;1871.0;3261.0;5607.0;9492.0;1542.0;2375.0;-10.0;-50.0;-31.0;-185.0;ACETIC_ACID
2414.0;4012.0;6545.0;10541.0;1645.0;2418.0;1847.0;3234.0;5539.0;9379.0;1525.0;2345.0;-10.0;-50.0;-22.0;-180.0;ACETIC_ACID
2391.0;3973.0;6492.0;10455.0;1643.0;2397.0;1843.0;3215.0;5495.0;9327.0;1515.0;2340.0;-14.0;-43.0;-31.0;-180.0;ACETIC_ACID
2390.0;3958.0;6498.0;10430.0;1631.0;2406.0;1857.0;3239.0;5528.0;9365.0;1521.0;2356.0;-19.0;-43.0;-34.0;-179.0;ACETIC_ACID
2416.0;4007.0;6532.0;10525.0;1643.0;2423.0;1858.0;3254.0;5587.0;9459.0;1522.0;2358.0;-14.0;-45.0;-34.0;-179.0;ACETIC_ACID
2416.0;4022.0;6570.0;10564.0;1651.0;2433.0;1870.0;3277.0;5605.0;9507.0;1540.0;2373.0;-14.0;-47.0;-26.0;-179.0;ACETIC_ACID
2404.0;4008.0;6530.0;10510.0;1645.0;2427.0;1854.0;3231.0;5558.0;9390.0;1530.0;2346.0;-12.0;-45.0;-26.0;-189.0;ACETIC_ACID
2403.0;3984.0;6505.0;10496.0;1640.0;2409.0;1851.0;3236.0;5531.0;9355.0;1523.0;2347.0;-12.0;-47.0;-26.0;-186.0;ACETIC_ACID
2402.0;3979.0;6473.0;10424.0;1634.0;2410.0;1856.0;3241.0;5568.0;9388.0;1528.0;2340.0;-10.0;-45.0;-26.0;-186.0;ACETIC_ACID
2388.0;3974.0;6516.0;10513.0;1635.0;2416.0;1877.0;3272.0;5597.0;9447.0;1538.0;2352.0;-11.0;-46.0;-27.0;-186.0;ACETIC_ACID
2419.0;4012.0;6536.0;10517.0;1648.0;2409.0;1864.0;3244.0;5568.0;9387.0;1529.0;2352.0;-10.0;-46.0;-27.0;-178.0;ACETIC_ACID
2390.0;3969.0;6494.0;10496.0;1635.0;2410.0;1863.0;3249.0;5577.0;9414.0;1532.0;2357.0;-11.0;-49.0;-27.0;-178.0;ACETIC_ACID
2393.0;3977.0;6503.0;10472.0;1641.0;2408.0;1861.0;3241.0;5556.0;9375.0;1520.0;2343.0;-11.0;-46.0;-27.0;-178.0;ACETIC_ACID
2393.0;3983.0;6496.0;10466.0;1630.0;2401.0;1839.0;3203.0;5495.0;9280.0;1506.0;2324.0;-11.0;-46.0;-26.0;-179.0;ACETIC_ACID
2382.0;3964.0;6462.0;10408.0;1632.0;2407.0;1877.0;3273.0;5593.0;9422.0;1536.0;2369.0;-8.0;-46.0;-24.0;-179.0;ACETIC_ACID
2423.0;4011.0;6515.0;10565.0;1649.0;2406.0;1844.0;3222.0;5534.0;9335.0;1521.0;2339.0;-11.0;-45.0;-24.0;-179.0;ACETIC_ACID
2392.0;3970.0;6477.0;10489.0;1639.0;2420.0;1882.0;3279.0;5594.0;9463.0;1533.0;2370.0;-11.0;-45.0;-24.0;-179.0;ACETIC_ACID
2423.0;4023.0;6557.0;10557.0;1642.0;2421.0;1856.0;3252.0;5579.0;9419.0;1530.0;2366.0;-16.0;-46.0;-23.0;-179.0;ACETIC_ACID
2398.0;3979.0;6486.0;10473.0;1647.0;2417.0;1835.0;3202.0;5492.0;9329.0;1514.0;2342.0;-17.0;-46.0;-25.0;-179.0;ACETIC_ACID
2394.0;3981.0;6498.0;10515.0;1640.0;2417.0;1877.0;3270.0;5588.0;9413.0;1514.0;2360.0;-17.0;-45.0;-25.0;-179.0;ACETIC_ACID
2463.0;4065.0;6611.0;10656.0;1653.0;2427.0;1864.0;3253.0;5573.0;9417.0;1532.0;2365.0;-17.0;-45.0;-25.0;-179.0;ACETIC_ACID
2424.0;4022.0;6541.0;10547.0;1655.0;2419.0;1857.0;3235.0;5548.0;9378.0;1529.0;2353.0;-17.0;-45.0;-25.0;-178.0;ACETIC_ACID
2416.0;3988.0;6495.0;10493.0;1636.0;2407.0;1839.0;3211.0;5508.0;9357.0;1521.0;2349.0;-14.0;-45.0;-25.0;-178.0;ACETIC_ACID
2395.0;3964.0;6451.0;10454.0;1630.0;2412.0;1872.0;3254.0;5574.0;9424.0;1520.0;2353.0;-12.0;-44.0;-26.0;-178.0;ACETIC_ACID
2423.0;4009.0;6524.0;10552.0;1652.0;2406.0;1856.0;3242.0;5545.0;9381.0;1520.0;2346.0;-12.0;-45.0;-26.0;-178.0;ACETIC_ACID
2404.0;3994.0;6522.0;10505.0;1639.0;2402.0;1839.0;3206.0;5502.0;9338.0;1518.0;2349.0;-11.0;-45.0;-28.0;-178.0;ACETIC_ACID
2407.0;3985.0;6512.0;10518.0;1643.0;2415.0;1855.0;3241.0;5557.0;9390.0;1523.0;2349.0;-11.0;-46.0;-32.0;-178.0;ACETIC_ACID
2400.0;3988.0;6498.0;10483.0;1642.0;2418.0;1869.0;3256.0;5561.0;9323.0;1530.0;2368.0;-11.0;-50.0;-32.0;-181.0;ACETIC_ACID
2429.0;4018.0;6549.0;10549.0;1651.0;2421.0;1878.0;3290.0;5619.0;9482.0;1527.0;2361.0;-11.0;-50.0;-32.0;-182.0;ACETIC_ACID
2472.0;4088.0;6649.0;10682.0;1664.0;2433.0;1887.0;3293.0;5626.0;9488.0;1537.0;2377.0;-11.0;-50.0;-32.0;-181.0;ACETIC_ACID
2421.0;4034.0;6580.0;10592.0;1654.0;2436.0;1869.0;3261.0;5586.0;9436.0;1535.0;2366.0;-16.0;-48.0;-32.0;-181.0;ACETIC_ACID
2413.0;3992.0;6526.0;10597.0;1648.0;2416.0;1876.0;3269.0;5600.0;9428.0;1532.0;2365.0;-16.0;-47.0;-32.0;-181.0;ACETIC_ACID
2430.0;4033.0;6566.0;10624.0;1649.0;2430.0;1878.0;3262.0;5578.0;9421.0;1535.0;2353.0;-16.0;-47.0;-31.0;-183.0;ACETIC_ACID
2411.0;3999.0;6520.0;10485.0;1645.0;2420.0;1871.0;3254.0;5565.0;9395.0;1531.0;2364.0;-16.0;-47.0;-31.0;-183.0;ACETIC_ACID
2422.0;4012.0;6526.0;10553.0;1652.0;2424.0;1884.0;3275.0;5616.0;9463.0;1532.0;2377.0;-16.0;-47.0;-31.0;-186.0;ACETIC_ACID
2428.0;4021.0;6518.0;10602.0;1652.0;2414.0;1856.0;3249.0;5577.0;9484.0;1532.0;2368.0;-9.0;-46.0;-31.0;-187.0;ACETIC_ACID
2421.0;4019.0;6556.0;10590.0;1653.0;2431.0;1891.0;3298.0;5642.0;9545.0;1540.0;2384.0;-9.0;-48.0;-31.0;-188.0;ACETIC_ACID
2473.0;4092.0;6665.0;10720.0;1672.0;2457.0;1882.0;3278.0;5640.0;9522.0;1546.0;2380.0;-9.0;-48.0;-32.0;-194.0;ACETIC_ACID
2437.0;4054.0;6622.0;10638.0;1666.0;2457.0;1894.0;3289.0;5638.0;9530.0;1544.0;2385.0;-15.0;-50.0;-35.0;-196.0;ACETIC_ACID
2480.0;4106.0;6662.0;10768.0;1677.0;2460.0;1898.0;3326.0;5705.0;9610.0;1565.0;2400.0;-15.0;-53.0;-35.0;-196.0;ACETIC_ACID
2491.0;4120.0;6717.0;10822.0;1682.0;2473.0;1905.0;3324.0;5707.0;9652.0;1564.0;2400.0;-15.0;-53.0;-35.0;-202.0;ACETIC_ACID
2473.0;4090.0;6688.0;10777.0;1687.0;2479.0;1921.0;3350.0;5739.0;9703.0;1574.0;2417.0;-8.0;-53.0;-32.0;-202.0;ACETIC_ACID
2500.0;4134.0;6748.0;10865.0;1690.0;2490.0;1943.0;3370.0;5760.0;9739.0;1586.0;2432.0;-8.0;-53.0;-31.0;-202.0;ACETIC_ACID
2513.0;4152.0;6780.0;10862.0;1690.0;2484.0;1928.0;3348.0;5726.0;9676.0;1573.0;2415.0;-8.0;-52.0;-26.0;-189.0;ACETIC_ACID
2486.0;4115.0;6706.0;10806.0;1693.0;2477.0;1912.0;3350.0;5728.0;9669.0;1570.0;2408.0;-9.0;-50.0;-25.0;-189.0;ACETIC_ACID
2484.0;4110.0;6698.0;10787.0;1687.0;2474.0;1917.0;3332.0;5707.0;9653.0;1562.0;2397.0;-10.0;-50.0;-25.0;-189.0;ACETIC_ACID
2485.0;4126.0;6715.0;10800.0;1685.0;2474.0;1921.0;3357.0;5732.0;9691.0;1572.0;2406.0;-11.0;-50.0;-23.0;-200.0;ACETIC_ACID
2483.0;4086.0;6719.0;10771.0;1685.0;2482.0;1939.0;3374.0;5749.0;9690.0;1564.0;2428.0;-12.0;-52.0;-23.0;-211.0;ACETIC_ACID
2537.0;4209.0;6845.0;10960.0;1707.0;2518.0;1965.0;3419.0;5838.0;9809.0;1593.0;2465.0;-12.0;-50.0;-23.0;-211.0;ACETIC_ACID
2568.0;4241.0;6906.0;11100.0;1732.0;2543.0;2006.0;3481.0;5911.0;9958.0;1610.0;2483.0;-14.0;-48.0;-23.0;-211.0;ACETIC_ACID
2606.0;4293.0;6985.0;11176.0;1731.0;2539.0;1967.0;3445.0;5894.0;9939.0;1605.0;2470.0;-12.0;-46.0;-23.0;-198.0;ACETIC_ACID
2544.0;4207.0;6836.0;11000.0;1720.0;2523.0;1961.0;3412.0;5827.0;9793.0;1585.0;2443.0;-12.0;-44.0;-24.0;-183.0;ACETIC_ACID
2498.0;4143.0;6791.0;10910.0;1699.0;2490.0;1921.0;3364.0;5763.0;9731.0;1572.0;2425.0;-14.0;-44.0;-28.0;-183.0;ACETIC_ACID
2495.0;4140.0;6742.0;10825.0;1692.0;2474.0;1929.0;3365.0;5750.0;9688.0;1572.0;2412.0;-14.0;-44.0;-28.0;-180.0;ACETIC_ACID
2505.0;4133.0;6722.0;10809.0;1684.0;2476.0;1928.0;3344.0;5713.0;9635.0;1569.0;2401.0;-11.0;-44.0;-28.0;-183.0;ACETIC_ACID
2504.0;4126.0;6713.0;10826.0;1684.0;2472.0;1917.0;3346.0;5724.0;9664.0;1563.0;2401.0;-14.0;-45.0;-28.0;-184.0;ACETIC_ACID
2505.0;4131.0;6737.0;10829.0;1685.0;2461.0;1936.0;3360.0;5755.0;9662.0;1567.0;2404.0;-17.0;-46.0;-30.0;-197.0;ACETIC_ACID
2505.0;4138.0;6736.0;10835.0;1689.0;2478.0;1919.0;3327.0;5698.0;9634.0;1568.0;2405.0;-9.0;-50.0;-23.0;-197.0;ACETIC_ACID
2484.0;4116.0;6700.0;10834.0;1694.0;2472.0;1940.0;3371.0;5753.0;9695.0;1569.0;2425.0;-9.0;-50.0;-23.0;-197.0;ACETIC_ACID
2520.0;4157.0;6780.0;10881.0;1701.0;2494.0;1949.0;3390.0;5792.0;9749.0;1583.0;2436.0;-8.0;-50.0;-19.0;-186.0;ACETIC_ACID
2521.0;4171.0;6822.0;10948.0;1711.0;2488.0;1933.0;3372.0;5760.0;9735.0;1578.0;2420.0;-8.0;-46.0;-19.0;-186.0;ACETIC_ACID
2496.0;4138.0;6742.0;10861.0;1693.0;2484.0;1927.0;3361.0;5745.0;9728.0;1575.0;2423.0;-8.0;-46.0;-19.0;-186.0;ACETIC_ACID
2490.0;4126.0;6729.0;10835.0;1698.0;2473.0;1923.0;3353.0;5742.0;9695.0;1571.0;2414.0;-14.0;-46.0;-26.0;-186.0;ACETIC_ACID
2489.0;4121.0;6709.0;10807.0;1689.0;2481.0;1925.0;3349.0;5736.0;9579.0;1567.0;2421.0;-14.0;-46.0;-27.0;-186.0;ACETIC_ACID
2513.0;4152.0;6748.0;10878.0;1695.0;2497.0;1933.0;3377.0;5769.0;9737.0;1583.0;2432.0;-16.0;-48.0;-29.0;-189.0;ACETIC_ACID
2514.0;4174.0;6767.0;10938.0;1703.0;2501.0;1958.0;3423.0;5838.0;9844.0;1591.0;2441.0;-16.0;-49.0;-29.0;-189.0;ACETIC_ACID
2516.0;4168.0;6775.0;10931.0;1699.0;2480.0;1915.0;3350.0;5716.0;9674.0;1570.0;2425.0;-16.0;-48.0;-29.0;-186.0;ACETIC_ACID
2493.0;4140.0;6720.0;10820.0;1685.0;2478.0;1948.0;3376.0;5739.0;9649.0;1574.0;2426.0;-12.0;-48.0;-26.0;-189.0;ACETIC_ACID
2510.0;4150.0;6757.0;10867.0;1694.0;2482.0;1938.0;3379.0;5778.0;9725.0;1577.0;2430.0;-16.0;-51.0;-26.0;-189.0;ACETIC_ACID
2498.0;4150.0;6762.0;10934.0;1703.0;2499.0;1955.0;3402.0;5819.0;9780.0;1589.0;2446.0;-12.0;-51.0;-26.0;-186.0;ACETIC_ACID
2534.0;4190.0;6798.0;10950.0;1707.0;2506.0;1965.0;3403.0;5834.0;9834.0;1595.0;2440.0;-12.0;-48.0;-30.0;-186.0;ACETIC_ACID
2526.0;4182.0;6799.0;10947.0;1705.0;2501.0;1951.0;3394.0;5785.0;9761.0;1584.0;2424.0;-11.0;-51.0;-30.0;-192.0;ACETIC_ACID
2504.0;4153.0;6777.0;10922.0;1707.0;2486.0;1946.0;3388.0;5781.0;9751.0;1584.0;2411.0;-11.0;-48.0;-30.0;-192.0;ACETIC_ACID
2537.0;4174.0;6797.0;10948.0;1700.0;2496.0;1966.0;3411.0;5825.0;9785.0;1584.0;2440.0;-11.0;-48.0;-30.0;-192.0;ACETIC_ACID
2560.0;4235.0;6881.0;11041.0;1722.0;2522.0;1976.0;3468.0;5886.0;9874.0;1604.0;2461.0;-11.0;-48.0;-30.0;-192.0;ACETIC_ACID
2565.0;4234.0;6882.0;11073.0;1720.0;2513.0;1970.0;3421.0;5843.0;9813.0;1597.0;2453.0;-11.0;-50.0;-26.0;-195.0;ACETIC_ACID
2530.0;4174.0;6813.0;10983.0;1711.0;2503.0;1971.0;3420.0;5832.0;9824.0;1587.0;2451.0;-12.0;-48.0;-30.0;-195.0;ACETIC_ACID
2543.0;4208.0;6854.0;11055.0;1722.0;2528.0;2004.0;3472.0;5927.0;9955.0;1611.0;2470.0;-12.0;-50.0;-30.0;-193.0;ACETIC_ACID
2618.0;4317.0;7016.0;11234.0;1742.0;2553.0;1994.0;3479.0;5944.0;10013.0;1616.0;2483.0;-14.0;-52.0;-30.0;-193.0;ACETIC_ACID
2583.0;4279.0;6969.0;11198.0;1744.0;2536.0;1983.0;3456.0;5911.0;9965.0;1613.0;2480.0;-12.0;-52.0;-23.0;-195.0;ACETIC_ACID
2618.0;4317.0;7016.0;11234.0;1742.0;2553.0;1994.0;3479.0;5944.0;10013.0;1616.0;2483.0;-12.0;-47.0;-23.0;-193.0;ACETIC_ACID
2579.0;4266.0;6916.0;11108.0;1730.0;2535.0;1978.0;3443.0;5865.0;9875.0;1602.0;2463.0;-6.0;-45.0;-23.0;-191.0;ACETIC_ACID
2571.0;4262.0;6923.0;11123.0;1733.0;2529.0;1976.0;3447.0;5889.0;9916.0;1610.0;2470.0;-6.0;-45.0;-23.0;-186.0;ACETIC_ACID
