OFFCHIP_SENSIMOX_SnAu_150_200.0_IN-PHASE;OFFCHIP_SENSIMOX_SnAu_200_200.0_IN-PHASE;OFFCHIP_SENSIMOX_SnAu_250_200.0_IN-PHASE;OFFCHIP_SENSIMOX_SnAu_300_200.0_IN-PHASE;OFFCHIP_SENSIMOX_SnAu_350_200.0_IN-PHASE;OFFCHIP_SENSIMOX_SnAu_400_200.0_IN-PHASE;OFFCHIP_SENSIMOX_SnAu_150_78125.0_IN-PHASE;OFFCHIP_SENSIMOX_SnAu_200_78125.0_IN-PHASE;OFFCHIP_SENSIMOX_SnAu_250_78125.0_IN-PHASE;OFFCHIP_SENSIMOX_SnAu_300_78125.0_IN-PHASE;OFFCHIP_SENSIMOX_SnAu_350_78125.0_IN-PHASE;OFFCHIP_SENSIMOX_SnAu_400_78125.0_IN-PHASE;ONCHIP_ALUMINUM_OXIDE_OUT4_IN-PHASE;ONCHIP_ALUMINUM_OXIDE_OUT4_QUADRATURE;ONCHIP_ALUMINUM_OXIDE_OUT7_IN-PHASE;ONCHIP_ALUMINUM_OXIDE_OUT7_QUADRATURE;Unname;LABEL
1.0;1.0;1.0;1.0;1.0;1.0;1.0;1.0;1.0;1.0;1.0;1.0;1.0;1.0;1.0;1.0;ACETIC_ACID
40.0;70.0;100.0;80.0;13.0;13.0;20.0;80.0;100.0;20.0;5.0;-6.0;-11.0;-7.0;-4.0;9.0;ACETIC_ACID
30.0;50.0;70.0;80.0;12.0;9.0;10.0;20.0;20.0;20.0;3.0;-8.0;-10.0;-6.0;-4.0;12.0;ACETIC_ACID
40.0;60.0;90.0;80.0;12.0;9.0;10.0;20.0;30.0;10.0;3.0;-10.0;-11.0;-6.0;-6.0;9.0;ACETIC_ACID
40.0;70.0;90.0;50.0;5.0;4.0;10.0;20.0;20.0;-10.0;1.0;-11.0;-11.0;-2.0;-6.0;15.0;ACETIC_ACID
40.0;60.0;100.0;30.0;5.0;-6.0;10.0;40.0;10.0;-20.0;-3.0;-13.0;-16.0;-2.0;-6.0;21.0;ACETIC_ACID
20.0;20.0;60.0;40.0;3.0;-1.0;20.0;30.0;20.0;-20.0;-3.0;-13.0;-16.0;-2.0;-6.0;14.0;ACETIC_ACID
50.0;70.0;100.0;170.0;18.0;15.0;10.0;20.0;40.0;60.0;10.0;9.0;0.0;7.0;-5.0;14.0;ACETIC_ACID
50.0;90.0;140.0;190.0;24.0;35.0;20.0;10.0;10.0;50.0;13.0;9.0;6.0;7.0;1.0;13.0;ACETIC_ACID
50.0;60.0;70.0;130.0;18.0;26.0;20.0;10.0;10.0;50.0;11.0;8.0;9.0;14.0;1.0;13.0;ACETIC_ACID
50.0;60.0;120.0;190.0;25.0;31.0;40.0;70.0;40.0;200.0;19.0;17.0;7.0;8.0;-7.0;7.0;ACETIC_ACID
30.0;20.0;30.0;80.0;5.0;-6.0;20.0;30.0;10.0;70.0;3.0;0.0;2.0;11.0;1.0;5.0;ACETIC_ACID
50.0;60.0;60.0;140.0;22.0;8.0;30.0;40.0;30.0;70.0;7.0;10.0;-4.0;9.0;-9.0;5.0;ACETIC_ACID
50.0;80.0;90.0;120.0;20.0;24.0;40.0;60.0;20.0;120.0;18.0;23.0;-4.0;7.0;-10.0;6.0;ACETIC_ACID
50.0;60.0;80.0;130.0;17.0;14.0;30.0;40.0;20.0;70.0;14.0;17.0;-4.0;7.0;-12.0;6.0;ACETIC_ACID
50.0;40.0;80.0;130.0;17.0;13.0;20.0;30.0;70.0;70.0;12.0;17.0;-4.0;7.0;-12.0;11.0;ACETIC_ACID
60.0;70.0;90.0;140.0;19.0;17.0;30.0;40.0;70.0;120.0;15.0;21.0;-5.0;7.0;-10.0;8.0;ACETIC_ACID
50.0;60.0;60.0;140.0;16.0;19.0;30.0;70.0;80.0;100.0;19.0;24.0;-5.0;12.0;-9.0;8.0;ACETIC_ACID
80.0;100.0;150.0;240.0;43.0;46.0;30.0;50.0;70.0;180.0;29.0;40.0;2.0;12.0;-8.0;8.0;ACETIC_ACID
60.0;80.0;140.0;210.0;32.0;43.0;30.0;50.0;70.0;120.0;29.0;31.0;7.0;11.0;-8.0;6.0;ACETIC_ACID
60.0;80.0;110.0;170.0;32.0;46.0;70.0;100.0;120.0;190.0;29.0;26.0;8.0;9.0;-8.0;14.0;ACETIC_ACID
70.0;90.0;140.0;250.0;36.0;52.0;70.0;100.0;120.0;130.0;31.0;46.0;-2.0;8.0;-5.0;10.0;ACETIC_ACID
90.0;130.0;180.0;300.0;47.0;53.0;80.0;100.0;130.0;250.0;37.0;45.0;-2.0;9.0;0.0;9.0;ACETIC_ACID
80.0;120.0;180.0;350.0;52.0;70.0;70.0;100.0;140.0;310.0;48.0;71.0;-2.0;9.0;0.0;9.0;ACETIC_ACID
100.0;170.0;230.0;450.0;61.0;75.0;70.0;100.0;130.0;280.0;47.0;67.0;2.0;13.0;0.0;13.0;ACETIC_ACID
90.0;130.0;210.0;340.0;50.0;67.0;60.0;90.0;150.0;230.0;37.0;59.0;7.0;15.0;0.0;15.0;ACETIC_ACID
70.0;110.0;160.0;260.0;43.0;57.0;70.0;70.0;100.0;250.0;33.0;56.0;5.0;5.0;0.0;17.0;ACETIC_ACID
100.0;160.0;240.0;400.0;59.0;81.0;80.0;130.0;190.0;340.0;55.0;82.0;6.0;5.0;0.0;15.0;ACETIC_ACID
90.0;130.0;210.0;380.0;54.0;74.0;80.0;110.0;160.0;300.0;48.0;67.0;3.0;6.0;-5.0;12.0;ACETIC_ACID
100.0;150.0;210.0;370.0;53.0;76.0;80.0;140.0;180.0;310.0;50.0;74.0;-1.0;4.0;-8.0;18.0;ACETIC_ACID
90.0;150.0;220.0;360.0;53.0;69.0;90.0;130.0;210.0;320.0;40.0;70.0;-1.0;9.0;-8.0;17.0;ACETIC_ACID
90.0;140.0;220.0;320.0;60.0;74.0;90.0;130.0;160.0;270.0;43.0;76.0;-1.0;11.0;-5.0;10.0;ACETIC_ACID
110.0;190.0;260.0;440.0;69.0;79.0;80.0;110.0;160.0;280.0;54.0;69.0;-1.0;9.0;-1.0;6.0;ACETIC_ACID
100.0;160.0;250.0;410.0;64.0;88.0;90.0;120.0;200.0;400.0;63.0;88.0;0.0;15.0;-1.0;6.0;ACETIC_ACID
120.0;170.0;280.0;480.0;72.0;95.0;80.0;140.0;200.0;410.0;59.0;91.0;5.0;9.0;-1.0;21.0;ACETIC_ACID
140.0;220.0;340.0;570.0;86.0;104.0;120.0;180.0;280.0;550.0;72.0;102.0;0.0;9.0;-3.0;21.0;ACETIC_ACID
150.0;240.0;390.0;620.0;97.0;132.0;120.0;190.0;320.0;550.0;82.0;114.0;0.0;2.0;-8.0;19.0;ACETIC_ACID
140.0;220.0;350.0;610.0;96.0;125.0;120.0;210.0;340.0;510.0;87.0;124.0;3.0;7.0;-8.0;19.0;ACETIC_ACID
130.0;210.0;300.0;530.0;90.0;114.0;90.0;150.0;230.0;440.0;73.0;114.0;5.0;3.0;-3.0;17.0;ACETIC_ACID
150.0;240.0;370.0;620.0;96.0;128.0;130.0;220.0;350.0;620.0;91.0;134.0;3.0;3.0;-11.0;14.0;ACETIC_ACID
110.0;190.0;300.0;520.0;90.0;125.0;100.0;170.0;270.0;520.0;79.0;113.0;3.0;3.0;-11.0;14.0;ACETIC_ACID
140.0;150.0;340.0;420.0;71.0;93.0;90.0;140.0;240.0;390.0;67.0;105.0;-1.0;10.0;-7.0;14.0;ACETIC_ACID
140.0;220.0;340.0;610.0;91.0;120.0;120.0;190.0;290.0;540.0;88.0;117.0;-1.0;4.0;-7.0;11.0;ACETIC_ACID
140.0;220.0;340.0;660.0;97.0;126.0;110.0;170.0;270.0;520.0;85.0;130.0;-1.0;6.0;-7.0;16.0;ACETIC_ACID
130.0;200.0;320.0;560.0;88.0;126.0;120.0;210.0;290.0;530.0;80.0;114.0;5.0;6.0;-6.0;14.0;ACETIC_ACID
130.0;230.0;350.0;590.0;90.0;129.0;130.0;220.0;360.0;580.0;89.0;128.0;6.0;6.0;-6.0;14.0;ACETIC_ACID
150.0;260.0;440.0;760.0;111.0;153.0;130.0;220.0;340.0;630.0;98.0;140.0;3.0;8.0;-6.0;15.0;ACETIC_ACID
190.0;300.0;480.0;810.0;127.0;170.0;130.0;200.0;350.0;630.0;100.0;156.0;1.0;12.0;-6.0;17.0;ACETIC_ACID
210.0;320.0;540.0;890.0;138.0;189.0;160.0;230.0;370.0;710.0;120.0;174.0;1.0;8.0;-7.0;16.0;ACETIC_ACID
220.0;370.0;570.0;960.0;153.0;209.0;190.0;300.0;490.0;860.0;127.0;186.0;-1.0;6.0;-8.0;15.0;ACETIC_ACID
230.0;370.0;600.0;1000.0;158.0;224.0;170.0;310.0;510.0;950.0;152.0;205.0;-6.0;12.0;-9.0;16.0;ACETIC_ACID
230.0;380.0;610.0;1040.0;157.0;224.0;180.0;300.0;470.0;850.0;135.0;204.0;-7.0;6.0;-10.0;18.0;ACETIC_ACID
250.0;400.0;650.0;1070.0;167.0;235.0;220.0;350.0;600.0;1020.0;152.0;219.0;-7.0;9.0;-10.0;23.0;ACETIC_ACID
250.0;410.0;650.0;1080.0;172.0;237.0;200.0;350.0;530.0;890.0;152.0;227.0;-6.0;6.0;-11.0;19.0;ACETIC_ACID
270.0;430.0;690.0;1200.0;180.0;250.0;200.0;340.0;560.0;1020.0;158.0;238.0;-4.0;7.0;-11.0;13.0;ACETIC_ACID
240.0;410.0;670.0;1180.0;175.0;249.0;220.0;380.0;630.0;1040.0;154.0;236.0;-3.0;6.0;-11.0;20.0;ACETIC_ACID
250.0;410.0;680.0;1170.0;180.0;245.0;200.0;310.0;520.0;910.0;149.0;223.0;4.0;8.0;-4.0;16.0;ACETIC_ACID
240.0;400.0;650.0;1160.0;179.0;244.0;210.0;340.0;550.0;940.0;147.0;222.0;1.0;6.0;-2.0;13.0;ACETIC_ACID
260.0;420.0;670.0;1130.0;175.0;248.0;220.0;370.0;600.0;980.0;158.0;235.0;3.0;10.0;-2.0;26.0;ACETIC_ACID
240.0;410.0;690.0;1200.0;183.0;242.0;220.0;380.0;600.0;1050.0;168.0;239.0;3.0;6.0;-2.0;14.0;ACETIC_ACID
250.0;410.0;680.0;1170.0;184.0;255.0;190.0;330.0;530.0;970.0;156.0;245.0;1.0;4.0;-2.0;13.0;ACETIC_ACID
240.0;390.0;640.0;1110.0;170.0;241.0;230.0;360.0;600.0;1000.0;160.0;233.0;1.0;4.0;-2.0;12.0;ACETIC_ACID
230.0;380.0;630.0;1080.0;172.0;240.0;200.0;330.0;500.0;890.0;147.0;227.0;-3.0;13.0;2.0;17.0;ACETIC_ACID
270.0;450.0;740.0;1190.0;195.0;262.0;230.0;410.0;650.0;1130.0;170.0;246.0;-6.0;12.0;2.0;19.0;ACETIC_ACID
240.0;390.0;670.0;1120.0;183.0;260.0;230.0;380.0;580.0;1030.0;166.0;246.0;-3.0;7.0;-8.0;26.0;ACETIC_ACID
250.0;400.0;650.0;1120.0;176.0;259.0;220.0;330.0;570.0;1010.0;161.0;241.0;-3.0;6.0;-8.0;19.0;ACETIC_ACID
260.0;450.0;740.0;1250.0;189.0;268.0;210.0;360.0;590.0;1020.0;172.0;249.0;-3.0;6.0;-8.0;32.0;ACETIC_ACID
290.0;440.0;760.0;1320.0;204.0;284.0;250.0;400.0;630.0;1110.0;182.0;268.0;2.0;6.0;-8.0;14.0;ACETIC_ACID
290.0;480.0;770.0;1370.0;207.0;293.0;240.0;380.0;630.0;1080.0;187.0;275.0;5.0;8.0;-4.0;29.0;ACETIC_ACID
280.0;470.0;800.0;1280.0;208.0;288.0;250.0;440.0;720.0;1240.0;187.0;272.0;2.0;6.0;1.0;16.0;ACETIC_ACID
290.0;490.0;800.0;1370.0;213.0;294.0;230.0;400.0;640.0;1170.0;188.0;274.0;3.0;9.0;2.0;16.0;ACETIC_ACID
300.0;490.0;830.0;1370.0;216.0;297.0;260.0;440.0;710.0;1170.0;189.0;273.0;3.0;7.0;2.0;20.0;ACETIC_ACID
300.0;500.0;830.0;1380.0;210.0;293.0;230.0;370.0;630.0;1120.0;189.0;282.0;6.0;4.0;1.0;13.0;ACETIC_ACID
280.0;460.0;760.0;1290.0;197.0;275.0;250.0;420.0;700.0;1160.0;184.0;275.0;5.0;4.0;1.0;14.0;ACETIC_ACID
250.0;420.0;720.0;1210.0;194.0;275.0;230.0;380.0;630.0;1120.0;170.0;266.0;-1.0;7.0;-10.0;26.0;ACETIC_ACID
300.0;490.0;790.0;1370.0;210.0;300.0;240.0;390.0;670.0;1100.0;178.0;279.0;-1.0;7.0;-10.0;20.0;ACETIC_ACID
320.0;510.0;860.0;1440.0;220.0;311.0;250.0;410.0;670.0;1190.0;196.0;292.0;-6.0;7.0;-13.0;23.0;ACETIC_ACID
320.0;530.0;870.0;1470.0;224.0;316.0;290.0;480.0;780.0;1270.0;203.0;302.0;-1.0;13.0;-10.0;22.0;ACETIC_ACID
330.0;530.0;910.0;1540.0;238.0;341.0;260.0;440.0;740.0;1270.0;210.0;318.0;0.0;7.0;-8.0;15.0;ACETIC_ACID
340.0;550.0;910.0;1560.0;240.0;343.0;300.0;520.0;830.0;1400.0;222.0;328.0;0.0;14.0;-8.0;25.0;ACETIC_ACID
330.0;550.0;910.0;1520.0;237.0;337.0;280.0;470.0;770.0;1290.0;217.0;322.0;0.0;7.0;-14.0;14.0;ACETIC_ACID
310.0;530.0;900.0;1520.0;244.0;338.0;290.0;480.0;770.0;1270.0;207.0;321.0;0.0;12.0;-14.0;14.0;ACETIC_ACID
310.0;500.0;850.0;1470.0;232.0;326.0;260.0;410.0;710.0;1250.0;204.0;304.0;-4.0;6.0;-15.0;20.0;ACETIC_ACID
340.0;540.0;920.0;1520.0;237.0;335.0;270.0;450.0;740.0;1300.0;207.0;323.0;-4.0;10.0;-15.0;20.0;ACETIC_ACID
320.0;530.0;900.0;1490.0;238.0;329.0;280.0;450.0;730.0;1300.0;210.0;317.0;-4.0;6.0;-14.0;23.0;ACETIC_ACID
340.0;570.0;910.0;1580.0;242.0;338.0;300.0;510.0;870.0;1410.0;223.0;322.0;-4.0;9.0;-12.0;24.0;ACETIC_ACID
350.0;590.0;950.0;1580.0;256.0;347.0;280.0;470.0;790.0;1300.0;211.0;336.0;-2.0;9.0;-12.0;23.0;ACETIC_ACID
340.0;550.0;900.0;1580.0;250.0;352.0;290.0;480.0;770.0;1320.0;214.0;325.0;-1.0;10.0;-11.0;25.0;ACETIC_ACID
330.0;540.0;940.0;1560.0;252.0;348.0;300.0;490.0;780.0;1360.0;217.0;327.0;-2.0;9.0;-11.0;28.0;ACETIC_ACID
380.0;620.0;1000.0;1670.0;264.0;356.0;290.0;470.0;780.0;1390.0;226.0;342.0;-2.0;9.0;-2.0;22.0;ACETIC_ACID
380.0;630.0;1050.0;1760.0;263.0;371.0;290.0;500.0;830.0;1400.0;232.0;349.0;-3.0;9.0;-7.0;27.0;ACETIC_ACID
380.0;640.0;1050.0;1710.0;264.0;369.0;290.0;480.0;840.0;1430.0;230.0;365.0;-3.0;10.0;-4.0;28.0;ACETIC_ACID
380.0;640.0;1060.0;1770.0;277.0;392.0;310.0;520.0;850.0;1500.0;247.0;364.0;-4.0;7.0;-7.0;31.0;ACETIC_ACID
380.0;610.0;1040.0;1770.0;276.0;385.0;320.0;510.0;890.0;1540.0;250.0;371.0;-4.0;7.0;-7.0;23.0;ACETIC_ACID
350.0;580.0;1000.0;1670.0;266.0;386.0;290.0;500.0;870.0;1530.0;247.0;372.0;-4.0;7.0;-7.0;23.0;ACETIC_ACID
370.0;590.0;1010.0;1680.0;261.0;367.0;320.0;550.0;900.0;1570.0;246.0;357.0;-1.0;7.0;-6.0;17.0;ACETIC_ACID
320.0;540.0;910.0;1560.0;251.0;369.0;290.0;470.0;810.0;1390.0;228.0;342.0;-1.0;8.0;-6.0;26.0;ACETIC_ACID
360.0;580.0;960.0;1680.0;261.0;369.0;300.0;500.0;860.0;1510.0;234.0;354.0;0.0;6.0;-1.0;20.0;ACETIC_ACID
340.0;570.0;970.0;1630.0;262.0;366.0;280.0;480.0;820.0;1410.0;229.0;356.0;1.0;6.0;-1.0;25.0;ACETIC_ACID
340.0;580.0;990.0;1660.0;256.0;366.0;270.0;480.0;800.0;1420.0;229.0;356.0;3.0;4.0;-1.0;18.0;ACETIC_ACID
330.0;560.0;950.0;1610.0;253.0;363.0;270.0;450.0;780.0;1370.0;225.0;347.0;5.0;6.0;-1.0;21.0;ACETIC_ACID
330.0;560.0;950.0;1590.0;262.0;366.0;280.0;500.0;850.0;1510.0;242.0;356.0;5.0;4.0;-1.0;28.0;ACETIC_ACID
360.0;600.0;1000.0;1650.0;264.0;369.0;300.0;510.0;880.0;1500.0;235.0;358.0;5.0;12.0;-6.0;22.0;ACETIC_ACID
350.0;600.0;1000.0;1680.0;264.0;369.0;300.0;520.0;870.0;1460.0;244.0;353.0;-1.0;12.0;-7.0;18.0;ACETIC_ACID
330.0;570.0;970.0;1650.0;262.0;368.0;260.0;460.0;790.0;1350.0;232.0;350.0;-3.0;12.0;-8.0;21.0;ACETIC_ACID
350.0;590.0;980.0;1650.0;257.0;379.0;320.0;520.0;890.0;1510.0;234.0;359.0;-3.0;12.0;-9.0;26.0;ACETIC_ACID
380.0;640.0;1050.0;1790.0;284.0;385.0;290.0;520.0;910.0;1530.0;249.0;369.0;-3.0;7.0;-8.0;14.0;ACETIC_ACID
310.0;560.0;960.0;1620.0;253.0;365.0;250.0;460.0;770.0;1410.0;233.0;356.0;-1.0;8.0;-8.0;19.0;ACETIC_ACID
330.0;560.0;960.0;1630.0;260.0;374.0;290.0;500.0;860.0;1460.0;239.0;353.0;1.0;8.0;-6.0;21.0;ACETIC_ACID
370.0;620.0;1050.0;1770.0;282.0;387.0;330.0;580.0;950.0;1660.0;248.0;377.0;2.0;16.0;-5.0;17.0;ACETIC_ACID
360.0;630.0;1040.0;1780.0;269.0;385.0;290.0;490.0;820.0;1440.0;240.0;375.0;1.0;6.0;-5.0;19.0;ACETIC_ACID
350.0;600.0;1010.0;1670.0;265.0;392.0;310.0;540.0;910.0;1550.0;250.0;374.0;2.0;8.0;-6.0;28.0;ACETIC_ACID
370.0;620.0;1070.0;1760.0;278.0;397.0;280.0;470.0;850.0;1460.0;245.0;375.0;7.0;6.0;-4.0;24.0;ACETIC_ACID
390.0;660.0;1110.0;1880.0;289.0;386.0;280.0;510.0;880.0;1560.0;256.0;386.0;7.0;11.0;-8.0;18.0;ACETIC_ACID
380.0;640.0;1070.0;1830.0;288.0;401.0;310.0;540.0;910.0;1650.0;257.0;396.0;8.0;2.0;-9.0;23.0;ACETIC_ACID
370.0;630.0;1050.0;1780.0;292.0;411.0;330.0;590.0;990.0;1690.0;265.0;399.0;0.0;7.0;-8.0;17.0;ACETIC_ACID
370.0;640.0;1100.0;1830.0;289.0;412.0;300.0;530.0;890.0;1580.0;256.0;401.0;-2.0;5.0;-8.0;24.0;ACETIC_ACID
370.0;630.0;1060.0;1800.0;288.0;414.0;290.0;500.0;880.0;1560.0;264.0;384.0;-2.0;5.0;-8.0;27.0;ACETIC_ACID
360.0;610.0;1040.0;1810.0;280.0;401.0;330.0;560.0;910.0;1530.0;250.0;379.0;-2.0;6.0;-5.0;20.0;ACETIC_ACID
390.0;660.0;1140.0;1900.0;297.0;411.0;360.0;590.0;1010.0;1730.0;274.0;406.0;-2.0;4.0;-4.0;22.0;ACETIC_ACID
400.0;670.0;1130.0;1960.0;307.0;437.0;320.0;570.0;970.0;1620.0;266.0;409.0;-2.0;6.0;-5.0;19.0;ACETIC_ACID
410.0;680.0;1170.0;1980.0;303.0;435.0;330.0;570.0;950.0;1660.0;272.0;419.0;-2.0;4.0;-4.0;26.0;ACETIC_ACID
430.0;730.0;1200.0;2030.0;315.0;440.0;330.0;590.0;1030.0;1760.0;277.0;422.0;2.0;12.0;-4.0;25.0;ACETIC_ACID
390.0;670.0;1140.0;1930.0;303.0;428.0;350.0;620.0;1040.0;1730.0;279.0;413.0;-1.0;9.0;0.0;22.0;ACETIC_ACID
430.0;730.0;1250.0;2030.0;324.0;453.0;310.0;550.0;950.0;1680.0;276.0;417.0;-1.0;12.0;0.0;20.0;ACETIC_ACID
410.0;710.0;1180.0;2040.0;318.0;453.0;330.0;570.0;990.0;1810.0;288.0;440.0;-1.0;8.0;0.0;21.0;ACETIC_ACID
440.0;740.0;1230.0;2100.0;326.0;473.0;330.0;580.0;990.0;1710.0;281.0;436.0;-1.0;13.0;-8.0;32.0;ACETIC_ACID
440.0;740.0;1250.0;2070.0;334.0;475.0;360.0;630.0;1090.0;1870.0;298.0;462.0;-3.0;12.0;-8.0;28.0;ACETIC_ACID
460.0;770.0;1300.0;2160.0;346.0;486.0;350.0;610.0;1070.0;1850.0;301.0;464.0;-4.0;16.0;-9.0;27.0;ACETIC_ACID
440.0;750.0;1260.0;2180.0;344.0;484.0;380.0;660.0;1130.0;1920.0;302.0;469.0;-4.0;12.0;-9.0;26.0;ACETIC_ACID
420.0;710.0;1220.0;2080.0;328.0;475.0;360.0;650.0;1090.0;1910.0;301.0;450.0;-4.0;9.0;-9.0;29.0;ACETIC_ACID
440.0;760.0;1290.0;2150.0;341.0;479.0;330.0;580.0;1000.0;1810.0;295.0;449.0;-4.0;9.0;-9.0;21.0;ACETIC_ACID
440.0;760.0;1280.0;2170.0;337.0;475.0;340.0;590.0;1010.0;1790.0;294.0;452.0;-3.0;8.0;-9.0;20.0;ACETIC_ACID
430.0;740.0;1230.0;2130.0;337.0;467.0;340.0;610.0;1050.0;1870.0;299.0;460.0;-3.0;5.0;-6.0;23.0;ACETIC_ACID
430.0;760.0;1270.0;2130.0;339.0;471.0;380.0;650.0;1130.0;1930.0;304.0;452.0;-3.0;5.0;-6.0;22.0;ACETIC_ACID
420.0;720.0;1210.0;2090.0;327.0;465.0;330.0;590.0;990.0;1760.0;290.0;451.0;-1.0;5.0;-6.0;16.0;ACETIC_ACID
430.0;720.0;1210.0;2060.0;335.0;470.0;360.0;660.0;1100.0;1900.0;302.0;439.0;-3.0;4.0;-8.0;22.0;ACETIC_ACID
420.0;710.0;1200.0;2110.0;333.0;471.0;340.0;580.0;1030.0;1830.0;296.0;460.0;-1.0;9.0;-8.0;23.0;ACETIC_ACID
440.0;740.0;1260.0;2100.0;336.0;471.0;350.0;600.0;1050.0;1820.0;292.0;434.0;-1.0;7.0;-8.0;19.0;ACETIC_ACID
430.0;730.0;1240.0;2080.0;327.0;484.0;350.0;630.0;1100.0;1920.0;309.0;464.0;9.0;9.0;-8.0;26.0;ACETIC_ACID
400.0;700.0;1190.0;1980.0;323.0;463.0;350.0;610.0;1030.0;1850.0;299.0;445.0;9.0;10.0;-7.0;20.0;ACETIC_ACID
380.0;670.0;1160.0;1960.0;313.0;455.0;320.0;580.0;990.0;1740.0;289.0;446.0;3.0;13.0;-7.0;21.0;ACETIC_ACID
440.0;740.0;1260.0;2120.0;338.0;467.0;340.0;600.0;1050.0;1830.0;297.0;456.0;-10.0;9.0;-11.0;23.0;ACETIC_ACID
440.0;770.0;1300.0;2170.0;346.0;488.0;340.0;610.0;1050.0;1820.0;305.0;470.0;-10.0;16.0;-12.0;25.0;ACETIC_ACID
460.0;770.0;1290.0;2250.0;347.0;495.0;380.0;670.0;1140.0;1960.0;316.0;469.0;-7.0;9.0;-11.0;25.0;ACETIC_ACID
460.0;790.0;1370.0;2330.0;353.0;501.0;350.0;610.0;1070.0;1870.0;313.0;470.0;-7.0;8.0;-11.0;23.0;ACETIC_ACID
480.0;810.0;1350.0;2340.0;358.0;509.0;400.0;680.0;1130.0;1970.0;315.0;489.0;-2.0;8.0;-11.0;33.0;ACETIC_ACID
470.0;810.0;1340.0;2300.0;365.0;504.0;370.0;650.0;1110.0;1920.0;311.0;478.0;-2.0;8.0;-11.0;29.0;ACETIC_ACID
450.0;770.0;1310.0;2250.0;347.0;506.0;410.0;700.0;1210.0;2110.0;330.0;502.0;1.0;8.0;-5.0;28.0;ACETIC_ACID
450.0;760.0;1290.0;2170.0;341.0;502.0;340.0;630.0;1090.0;1920.0;311.0;468.0;1.0;8.0;-5.0;23.0;ACETIC_ACID
440.0;770.0;1300.0;2210.0;347.0;504.0;370.0;620.0;1090.0;1890.0;315.0;472.0;1.0;7.0;-5.0;24.0;ACETIC_ACID
430.0;760.0;1270.0;2190.0;345.0;493.0;350.0;610.0;1060.0;1890.0;308.0;465.0;-2.0;7.0;-5.0;16.0;ACETIC_ACID
460.0;790.0;1330.0;2220.0;347.0;510.0;350.0;610.0;1050.0;1850.0;303.0;474.0;-5.0;9.0;-5.0;25.0;ACETIC_ACID
420.0;730.0;1260.0;2170.0;336.0;489.0;350.0;610.0;1070.0;1900.0;305.0;467.0;-5.0;8.0;-8.0;27.0;ACETIC_ACID
410.0;700.0;1190.0;2040.0;324.0;485.0;350.0;620.0;1070.0;1900.0;304.0;451.0;-1.0;8.0;-11.0;33.0;ACETIC_ACID
470.0;790.0;1340.0;2280.0;356.0;492.0;360.0;630.0;1090.0;1970.0;319.0;487.0;-1.0;7.0;-11.0;25.0;ACETIC_ACID
440.0;770.0;1300.0;2180.0;348.0;497.0;360.0;660.0;1060.0;1850.0;303.0;470.0;-1.0;11.0;-11.0;25.0;ACETIC_ACID
430.0;760.0;1270.0;2170.0;344.0;496.0;370.0;670.0;1190.0;2010.0;333.0;475.0;3.0;7.0;-8.0;24.0;ACETIC_ACID
440.0;740.0;1280.0;2140.0;341.0;490.0;350.0;630.0;1050.0;1840.0;299.0;458.0;-1.0;5.0;-9.0;33.0;ACETIC_ACID
440.0;770.0;1330.0;2210.0;352.0;502.0;360.0;640.0;1120.0;1990.0;323.0;492.0;3.0;8.0;-5.0;31.0;ACETIC_ACID
480.0;820.0;1350.0;2280.0;360.0;511.0;350.0;630.0;1080.0;1900.0;312.0;487.0;-3.0;8.0;-9.0;29.0;ACETIC_ACID
460.0;780.0;1350.0;2290.0;359.0;517.0;380.0;650.0;1100.0;1900.0;312.0;480.0;-3.0;13.0;-7.0;26.0;ACETIC_ACID
460.0;790.0;1320.0;2240.0;349.0;505.0;370.0;650.0;1150.0;2040.0;326.0;486.0;-4.0;4.0;-7.0;23.0;ACETIC_ACID
430.0;760.0;1290.0;2190.0;352.0;506.0;380.0;660.0;1130.0;1940.0;321.0;482.0;-5.0;7.0;-7.0;25.0;ACETIC_ACID
460.0;770.0;1340.0;2300.0;354.0;510.0;390.0;670.0;1150.0;2020.0;318.0;482.0;-5.0;4.0;-10.0;24.0;ACETIC_ACID
470.0;810.0;1350.0;2290.0;354.0;508.0;360.0;650.0;1090.0;1960.0;317.0;495.0;-4.0;7.0;-10.0;25.0;ACETIC_ACID
480.0;810.0;1360.0;2280.0;360.0;514.0;390.0;690.0;1170.0;1920.0;318.0;476.0;-4.0;4.0;-10.0;23.0;ACETIC_ACID
430.0;740.0;1270.0;2170.0;346.0;489.0;380.0;670.0;1150.0;2050.0;318.0;469.0;-3.0;7.0;-10.0;20.0;ACETIC_ACID
440.0;750.0;1290.0;2200.0;345.0;494.0;360.0;630.0;1070.0;1880.0;314.0;465.0;-2.0;7.0;-9.0;22.0;ACETIC_ACID
460.0;790.0;1350.0;2200.0;350.0;513.0;350.0;620.0;1070.0;1910.0;313.0;475.0;2.0;8.0;-9.0;22.0;ACETIC_ACID
480.0;820.0;1380.0;2330.0;363.0;509.0;400.0;730.0;1220.0;2070.0;320.0;488.0;2.0;12.0;-5.0;29.0;ACETIC_ACID
460.0;800.0;1350.0;2260.0;362.0;518.0;360.0;650.0;1150.0;2010.0;328.0;486.0;4.0;8.0;-5.0;30.0;ACETIC_ACID
460.0;780.0;1310.0;2250.0;353.0;507.0;400.0;690.0;1190.0;2030.0;328.0;491.0;4.0;8.0;0.0;26.0;ACETIC_ACID
460.0;790.0;1320.0;2230.0;357.0;503.0;350.0;600.0;1080.0;1910.0;317.0;471.0;4.0;4.0;0.0;23.0;ACETIC_ACID
410.0;710.0;1210.0;2100.0;335.0;478.0;360.0;650.0;1110.0;1900.0;309.0;465.0;2.0;5.0;-3.0;18.0;ACETIC_ACID
400.0;700.0;1190.0;2060.0;326.0;474.0;350.0;600.0;1060.0;1870.0;297.0;457.0;-2.0;8.0;-5.0;23.0;ACETIC_ACID
480.0;810.0;1370.0;2260.0;355.0;504.0;330.0;600.0;1050.0;1900.0;311.0;482.0;2.0;8.0;-3.0;21.0;ACETIC_ACID
460.0;800.0;1400.0;2340.0;361.0;514.0;380.0;640.0;1110.0;1980.0;323.0;480.0;1.0;8.0;-3.0;28.0;ACETIC_ACID
480.0;830.0;1390.0;2360.0;365.0;515.0;380.0;650.0;1140.0;1960.0;320.0;501.0;2.0;2.0;-3.0;26.0;ACETIC_ACID
440.0;780.0;1320.0;2230.0;354.0;509.0;360.0;650.0;1120.0;1970.0;319.0;491.0;4.0;2.0;0.0;32.0;ACETIC_ACID
460.0;800.0;1380.0;2300.0;373.0;533.0;380.0;690.0;1190.0;2070.0;340.0;511.0;4.0;8.0;0.0;24.0;ACETIC_ACID
460.0;800.0;1360.0;2330.0;370.0;538.0;400.0;700.0;1210.0;2140.0;343.0;508.0;8.0;12.0;-3.0;27.0;ACETIC_ACID
480.0;840.0;1430.0;2430.0;384.0;548.0;400.0;700.0;1210.0;2070.0;335.0;508.0;4.0;11.0;-4.0;24.0;ACETIC_ACID
480.0;840.0;1400.0;2400.0;375.0;536.0;380.0;660.0;1120.0;1980.0;329.0;498.0;1.0;10.0;-8.0;28.0;ACETIC_ACID
470.0;820.0;1430.0;2390.0;384.0;534.0;380.0;670.0;1170.0;2040.0;336.0;513.0;1.0;10.0;-8.0;21.0;ACETIC_ACID
510.0;880.0;1490.0;2510.0;380.0;535.0;400.0;710.0;1200.0;2050.0;327.0;495.0;1.0;10.0;-8.0;46.0;ACETIC_ACID
430.0;730.0;1210.0;2110.0;328.0;479.0;350.0;600.0;1030.0;1780.0;286.0;428.0;-1.0;6.0;-6.0;53.0;ACETIC_ACID
360.0;610.0;1060.0;1800.0;288.0;424.0;320.0;560.0;930.0;1630.0;267.0;403.0;-1.0;6.0;-6.0;40.0;ACETIC_ACID
360.0;620.0;1030.0;1770.0;283.0;425.0;320.0;580.0;990.0;1730.0;271.0;416.0;-1.0;6.0;-6.0;18.0;ACETIC_ACID
390.0;670.0;1140.0;1880.0;305.0;431.0;330.0;590.0;1040.0;1800.0;292.0;422.0;-1.0;5.0;-6.0;19.0;ACETIC_ACID
410.0;700.0;1170.0;2030.0;322.0;462.0;320.0;550.0;980.0;1720.0;283.0;426.0;0.0;5.0;-6.0;17.0;ACETIC_ACID
410.0;700.0;1200.0;2030.0;312.0;456.0;300.0;530.0;930.0;1660.0;269.0;423.0;0.0;6.0;-5.0;32.0;ACETIC_ACID
390.0;670.0;1140.0;1930.0;309.0;429.0;310.0;560.0;950.0;1720.0;284.0;411.0;0.0;6.0;-5.0;31.0;ACETIC_ACID
370.0;650.0;1120.0;1910.0;303.0;428.0;280.0;500.0;880.0;1610.0;260.0;414.0;-1.0;6.0;3.0;21.0;ACETIC_ACID
390.0;660.0;1120.0;1990.0;312.0;453.0;320.0;580.0;1030.0;1860.0;297.0;449.0;-1.0;2.0;4.0;8.0;ACETIC_ACID
410.0;740.0;1270.0;2160.0;346.0;497.0;370.0;660.0;1120.0;1970.0;318.0;489.0;3.0;2.0;3.0;7.0;ACETIC_ACID
450.0;790.0;1380.0;2350.0;364.0;522.0;360.0;620.0;1120.0;2000.0;333.0;505.0;4.0;2.0;4.0;8.0;ACETIC_ACID
490.0;850.0;1440.0;2490.0;398.0;555.0;400.0;690.0;1210.0;2110.0;352.0;532.0;3.0;4.0;11.0;8.0;ACETIC_ACID
520.0;910.0;1560.0;2650.0;416.0;584.0;420.0;770.0;1310.0;2320.0;374.0;564.0;8.0;7.0;10.0;6.0;ACETIC_ACID
520.0;930.0;1570.0;2620.0;419.0;579.0;410.0;740.0;1300.0;2300.0;369.0;555.0;3.0;4.0;8.0;13.0;ACETIC_ACID
550.0;940.0;1600.0;2680.0;426.0;601.0;410.0;750.0;1290.0;2280.0;374.0;574.0;15.0;7.0;8.0;13.0;ACETIC_ACID
550.0;960.0;1650.0;2800.0;441.0;622.0;440.0;790.0;1370.0;2380.0;385.0;586.0;1.0;2.0;0.0;14.0;ACETIC_ACID
540.0;940.0;1610.0;2700.0;426.0;605.0;450.0;800.0;1410.0;2380.0;381.0;578.0;-3.0;3.0;0.0;14.0;ACETIC_ACID
550.0;940.0;1620.0;2760.0;441.0;624.0;440.0;790.0;1380.0;2350.0;395.0;586.0;-3.0;7.0;0.0;10.0;ACETIC_ACID
550.0;950.0;1620.0;2760.0;436.0;612.0;440.0;790.0;1380.0;2430.0;396.0;584.0;6.0;9.0;0.0;10.0;ACETIC_ACID
530.0;920.0;1580.0;2680.0;425.0;610.0;470.0;810.0;1410.0;2390.0;386.0;577.0;-2.0;7.0;0.0;10.0;ACETIC_ACID
530.0;910.0;1560.0;2750.0;434.0;609.0;410.0;730.0;1290.0;2280.0;382.0;571.0;-1.0;4.0;0.0;9.0;ACETIC_ACID
490.0;880.0;1490.0;2580.0;416.0;590.0;410.0;710.0;1270.0;2280.0;377.0;573.0;-1.0;6.0;1.0;12.0;ACETIC_ACID
480.0;850.0;1470.0;2520.0;409.0;579.0;380.0;690.0;1230.0;2200.0;361.0;563.0;-1.0;6.0;2.0;9.0;ACETIC_ACID
480.0;840.0;1440.0;2540.0;401.0;580.0;400.0;710.0;1210.0;2220.0;356.0;545.0;-2.0;3.0;-2.0;19.0;ACETIC_ACID
540.0;920.0;1590.0;2700.0;428.0;602.0;410.0;740.0;1300.0;2290.0;373.0;582.0;-2.0;3.0;-2.0;19.0;ACETIC_ACID
550.0;940.0;1590.0;2760.0;441.0;630.0;470.0;850.0;1440.0;2440.0;392.0;587.0;-2.0;3.0;2.0;23.0;ACETIC_ACID
570.0;990.0;1720.0;2870.0;445.0;634.0;430.0;770.0;1340.0;2410.0;393.0;602.0;-1.0;2.0;-1.0;19.0;ACETIC_ACID
590.0;1000.0;1730.0;2910.0;461.0;650.0;450.0;800.0;1370.0;2440.0;406.0;620.0;-2.0;2.0;-2.0;20.0;ACETIC_ACID
570.0;980.0;1710.0;2900.0;462.0;659.0;440.0;800.0;1410.0;2480.0;410.0;622.0;3.0;3.0;-1.0;19.0;ACETIC_ACID
600.0;1050.0;1760.0;3000.0;475.0;663.0;480.0;840.0;1490.0;2590.0;426.0;648.0;8.0;6.0;2.0;23.0;ACETIC_ACID
610.0;1060.0;1820.0;3060.0;479.0;679.0;510.0;920.0;1580.0;2720.0;430.0;641.0;11.0;6.0;13.0;19.0;ACETIC_ACID
630.0;1080.0;1850.0;3090.0;498.0;683.0;510.0;910.0;1550.0;2660.0;431.0;658.0;8.0;8.0;11.0;19.0;ACETIC_ACID
630.0;1100.0;1840.0;3130.0;491.0;705.0;520.0;920.0;1600.0;2700.0;440.0;664.0;7.0;11.0;7.0;18.0;ACETIC_ACID
630.0;1090.0;1870.0;3180.0;502.0;709.0;520.0;900.0;1570.0;2730.0;441.0;671.0;4.0;6.0;4.0;10.0;ACETIC_ACID
620.0;1060.0;1830.0;3120.0;495.0;716.0;530.0;940.0;1630.0;2860.0;453.0;689.0;-1.0;7.0;7.0;12.0;ACETIC_ACID
620.0;1090.0;1900.0;3220.0;519.0;742.0;510.0;920.0;1570.0;2790.0;457.0;705.0;-6.0;4.0;4.0;8.0;ACETIC_ACID
670.0;1170.0;1970.0;3360.0;529.0;756.0;520.0;930.0;1650.0;2890.0;478.0;716.0;-1.0;8.0;10.0;7.0;ACETIC_ACID
680.0;1180.0;2020.0;3460.0;547.0;781.0;550.0;980.0;1710.0;3030.0;486.0;743.0;-5.0;4.0;6.0;8.0;ACETIC_ACID
710.0;1230.0;2090.0;3590.0;561.0;804.0;550.0;970.0;1740.0;3020.0;498.0;747.0;-5.0;5.0;16.0;5.0;ACETIC_ACID
720.0;1240.0;2110.0;3600.0;566.0;804.0;550.0;990.0;1750.0;3120.0;507.0;767.0;-4.0;5.0;9.0;3.0;ACETIC_ACID
730.0;1250.0;2170.0;3650.0;578.0;817.0;570.0;1020.0;1810.0;3140.0;513.0;792.0;4.0;8.0;14.0;5.0;ACETIC_ACID
760.0;1310.0;2210.0;3780.0;595.0;842.0;590.0;1090.0;1880.0;3290.0;532.0;794.0;-3.0;5.0;14.0;4.0;ACETIC_ACID
750.0;1300.0;2250.0;3770.0;599.0;845.0;610.0;1110.0;1950.0;3330.0;537.0;813.0;9.0;3.0;17.0;5.0;ACETIC_ACID
780.0;1340.0;2290.0;3830.0;612.0;863.0;640.0;1150.0;2020.0;3430.0;548.0;838.0;6.0;1.0;14.0;2.0;ACETIC_ACID
780.0;1380.0;2350.0;3970.0;628.0;885.0;610.0;1080.0;1890.0;3330.0;546.0;831.0;12.0;3.0;10.0;2.0;ACETIC_ACID
780.0;1360.0;2380.0;3990.0;628.0;898.0;670.0;1160.0;2000.0;3460.0;559.0;861.0;6.0;2.0;10.0;2.0;ACETIC_ACID
820.0;1410.0;2380.0;4060.0;645.0;919.0;710.0;1250.0;2170.0;3740.0;584.0;883.0;5.0;0.0;10.0;2.0;ACETIC_ACID
870.0;1480.0;2520.0;4240.0;673.0;953.0;690.0;1230.0;2120.0;3720.0;600.0;903.0;0.0;0.0;9.0;2.0;ACETIC_ACID
860.0;1470.0;2520.0;4270.0;679.0;966.0;710.0;1260.0;2190.0;3760.0;608.0;914.0;-2.0;2.0;10.0;0.0;ACETIC_ACID
910.0;1550.0;2630.0;4480.0;697.0;988.0;730.0;1290.0;2260.0;3910.0;629.0;938.0;0.0;-1.0;13.0;0.0;ACETIC_ACID
900.0;1550.0;2690.0;4500.0;711.0;1016.0;730.0;1260.0;2220.0;3860.0;631.0;955.0;0.0;-1.0;7.0;0.0;ACETIC_ACID
930.0;1630.0;2810.0;4640.0;726.0;1040.0;710.0;1270.0;2230.0;3970.0;649.0;987.0;0.0;-1.0;13.0;-9.0;ACETIC_ACID
940.0;1630.0;2790.0;4670.0;738.0;1043.0;780.0;1390.0;2440.0;4180.0;663.0;1005.0;0.0;0.0;9.0;-9.0;ACETIC_ACID
940.0;1630.0;2780.0;4680.0;738.0;1055.0;730.0;1310.0;2320.0;4080.0;662.0;1004.0;10.0;0.0;13.0;-11.0;ACETIC_ACID
950.0;1650.0;2830.0;4770.0;752.0;1079.0;790.0;1410.0;2430.0;4280.0;688.0;1036.0;8.0;1.0;11.0;-11.0;ACETIC_ACID
930.0;1630.0;2790.0;4700.0;736.0;1057.0;780.0;1400.0;2420.0;4150.0;673.0;1018.0;13.0;2.0;21.0;-9.0;ACETIC_ACID
890.0;1550.0;2650.0;4600.0;719.0;1038.0;750.0;1330.0;2300.0;4100.0;650.0;994.0;8.0;2.0;25.0;4.0;ACETIC_ACID
930.0;1630.0;2780.0;4690.0;738.0;1065.0;740.0;1340.0;2360.0;4090.0;670.0;1011.0;11.0;2.0;22.0;4.0;ACETIC_ACID
960.0;1660.0;2850.0;4810.0;751.0;1069.0;750.0;1350.0;2380.0;4190.0;678.0;1024.0;8.0;2.0;12.0;8.0;ACETIC_ACID
960.0;1670.0;2850.0;4810.0;759.0;1077.0;760.0;1360.0;2400.0;4200.0;680.0;1032.0;8.0;3.0;9.0;0.0;ACETIC_ACID
960.0;1670.0;2870.0;4810.0;762.0;1089.0;790.0;1380.0;2460.0;4350.0;699.0;1047.0;3.0;2.0;12.0;0.0;ACETIC_ACID
1010.0;1740.0;2950.0;5030.0;783.0;1111.0;800.0;1430.0;2480.0;4320.0;693.0;1051.0;7.0;1.0;17.0;0.0;ACETIC_ACID
980.0;1720.0;2960.0;5060.0;785.0;1119.0;800.0;1420.0;2550.0;4420.0;720.0;1076.0;3.0;-1.0;15.0;2.0;ACETIC_ACID
1010.0;1750.0;3020.0;5070.0;799.0;1140.0;820.0;1440.0;2490.0;4360.0;716.0;1080.0;13.0;1.0;13.0;2.0;ACETIC_ACID
1020.0;1750.0;3030.0;5120.0;797.0;1140.0;800.0;1460.0;2550.0;4410.0;725.0;1091.0;12.0;1.0;15.0;1.0;ACETIC_ACID
1010.0;1740.0;2960.0;5040.0;797.0;1143.0;840.0;1480.0;2550.0;4460.0;722.0;1089.0;12.0;2.0;20.0;0.0;ACETIC_ACID
990.0;1730.0;2960.0;5010.0;790.0;1135.0;860.0;1500.0;2610.0;4480.0;722.0;1084.0;15.0;0.0;21.0;-4.0;ACETIC_ACID
1030.0;1780.0;3040.0;5130.0;802.0;1141.0;850.0;1550.0;2740.0;4560.0;736.0;1101.0;12.0;0.0;11.0;-4.0;ACETIC_ACID
1030.0;1790.0;3040.0;5150.0;805.0;1147.0;830.0;1500.0;2610.0;4580.0;732.0;1103.0;5.0;0.0;14.0;-4.0;ACETIC_ACID
1010.0;1740.0;3020.0;5110.0;810.0;1155.0;870.0;1540.0;2680.0;4600.0;733.0;1105.0;4.0;1.0;11.0;-4.0;ACETIC_ACID
1040.0;1820.0;3090.0;5230.0;820.0;1179.0;850.0;1520.0;2650.0;4680.0;751.0;1128.0;-2.0;3.0;14.0;-2.0;ACETIC_ACID
1050.0;1830.0;3140.0;5250.0;827.0;1190.0;900.0;1570.0;2790.0;4810.0;758.0;1150.0;4.0;3.0;14.0;1.0;ACETIC_ACID
1050.0;1820.0;3150.0;5310.0;840.0;1189.0;880.0;1570.0;2730.0;4770.0;764.0;1145.0;4.0;3.0;16.0;2.0;ACETIC_ACID
1050.0;1830.0;3100.0;5290.0;837.0;1196.0;910.0;1600.0;2790.0;4740.0;760.0;1141.0;-1.0;3.0;12.0;5.0;ACETIC_ACID
1080.0;1860.0;3210.0;5420.0;850.0;1203.0;910.0;1630.0;2810.0;4770.0;766.0;1153.0;-1.0;3.0;10.0;10.0;ACETIC_ACID
1070.0;1870.0;3190.0;5400.0;852.0;1214.0;920.0;1620.0;2830.0;4900.0;776.0;1173.0;2.0;3.0;6.0;11.0;ACETIC_ACID
1070.0;1850.0;3170.0;5380.0;845.0;1214.0;880.0;1550.0;2740.0;4810.0;777.0;1173.0;2.0;0.0;7.0;3.0;ACETIC_ACID
1090.0;1870.0;3200.0;5430.0;863.0;1221.0;890.0;1580.0;2780.0;4810.0;773.0;1161.0;2.0;0.0;19.0;3.0;ACETIC_ACID
1050.0;1830.0;3150.0;5350.0;842.0;1203.0;850.0;1520.0;2640.0;4660.0;762.0;1157.0;9.0;-2.0;15.0;3.0;ACETIC_ACID
1090.0;1890.0;3260.0;5480.0;854.0;1217.0;930.0;1660.0;2880.0;4920.0;785.0;1182.0;8.0;-2.0;12.0;6.0;ACETIC_ACID
1090.0;1880.0;3240.0;5450.0;859.0;1233.0;880.0;1560.0;2770.0;4820.0;775.0;1183.0;14.0;3.0;24.0;5.0;ACETIC_ACID
1090.0;1920.0;3290.0;5520.0;868.0;1222.0;930.0;1640.0;2840.0;4810.0;776.0;1171.0;12.0;5.0;14.0;10.0;ACETIC_ACID
1070.0;1860.0;3200.0;5400.0;854.0;1229.0;890.0;1570.0;2760.0;4800.0;773.0;1171.0;9.0;1.0;24.0;6.0;ACETIC_ACID
1090.0;1900.0;3280.0;5540.0;870.0;1243.0;910.0;1600.0;2790.0;4780.0;784.0;1183.0;9.0;3.0;23.0;13.0;ACETIC_ACID
1100.0;1920.0;3300.0;5520.0;868.0;1249.0;970.0;1730.0;2950.0;5020.0;801.0;1206.0;4.0;3.0;23.0;13.0;ACETIC_ACID
1110.0;1940.0;3320.0;5630.0;883.0;1265.0;920.0;1620.0;2840.0;4860.0;795.0;1191.0;4.0;1.0;26.0;15.0;ACETIC_ACID
1140.0;1960.0;3340.0;5610.0;887.0;1258.0;960.0;1710.0;2950.0;5080.0;813.0;1207.0;4.0;0.0;11.0;13.0;ACETIC_ACID
1140.0;1970.0;3390.0;5630.0;886.0;1270.0;900.0;1590.0;2830.0;4880.0;799.0;1201.0;4.0;2.0;8.0;6.0;ACETIC_ACID
1120.0;1960.0;3320.0;5580.0;882.0;1260.0;950.0;1700.0;2960.0;5060.0;810.0;1217.0;10.0;2.0;11.0;2.0;ACETIC_ACID
1080.0;1870.0;3240.0;5480.0;863.0;1225.0;890.0;1570.0;2760.0;4810.0;785.0;1193.0;13.0;0.0;25.0;3.0;ACETIC_ACID
1050.0;1840.0;3150.0;5390.0;856.0;1234.0;930.0;1640.0;2880.0;4890.0;789.0;1183.0;11.0;1.0;27.0;3.0;ACETIC_ACID
1110.0;1930.0;3260.0;5550.0;867.0;1252.0;970.0;1710.0;2960.0;5030.0;804.0;1209.0;4.0;1.0;11.0;5.0;ACETIC_ACID
1120.0;1950.0;3340.0;5570.0;880.0;1249.0;910.0;1610.0;2790.0;4870.0;788.0;1192.0;4.0;-1.0;9.0;4.0;ACETIC_ACID
1110.0;1890.0;3250.0;5520.0;870.0;1261.0;940.0;1690.0;2930.0;5050.0;798.0;1208.0;2.0;-1.0;16.0;4.0;ACETIC_ACID
1090.0;1900.0;3260.0;5540.0;879.0;1259.0;960.0;1710.0;2970.0;5100.0;807.0;1211.0;6.0;1.0;10.0;4.0;ACETIC_ACID
1110.0;1920.0;3310.0;5620.0;883.0;1249.0;940.0;1690.0;2940.0;5020.0;807.0;1211.0;6.0;5.0;15.0;4.0;ACETIC_ACID
1090.0;1900.0;3310.0;5580.0;881.0;1262.0;900.0;1610.0;2840.0;4950.0;803.0;1202.0;6.0;3.0;15.0;2.0;ACETIC_ACID
1100.0;1920.0;3310.0;5660.0;879.0;1271.0;950.0;1670.0;2950.0;5040.0;810.0;1204.0;8.0;3.0;21.0;2.0;ACETIC_ACID
1100.0;1920.0;3300.0;5640.0;883.0;1261.0;950.0;1690.0;2950.0;5040.0;811.0;1225.0;6.0;-1.0;21.0;1.0;ACETIC_ACID
1120.0;1930.0;3320.0;5570.0;883.0;1253.0;910.0;1630.0;2840.0;4970.0;794.0;1208.0;6.0;-1.0;23.0;0.0;ACETIC_ACID
1120.0;1950.0;3340.0;5640.0;894.0;1281.0;990.0;1750.0;3020.0;5160.0;821.0;1240.0;6.0;-1.0;28.0;0.0;ACETIC_ACID
1130.0;1970.0;3350.0;5670.0;893.0;1290.0;970.0;1730.0;2990.0;5070.0;824.0;1240.0;1.0;-1.0;10.0;0.0;ACETIC_ACID
1140.0;1970.0;3400.0;5770.0;907.0;1287.0;960.0;1690.0;2960.0;5100.0;825.0;1241.0;1.0;10.0;12.0;2.0;ACETIC_ACID
1150.0;2000.0;3450.0;5840.0;918.0;1323.0;1000.0;1780.0;3120.0;5350.0;847.0;1281.0;1.0;7.0;18.0;2.0;ACETIC_ACID
1200.0;2080.0;3550.0;5990.0;936.0;1342.0;1020.0;1810.0;3110.0;5310.0;856.0;1278.0;5.0;5.0;13.0;5.0;ACETIC_ACID
1180.0;2080.0;3570.0;5970.0;949.0;1340.0;1020.0;1820.0;3140.0;5450.0;864.0;1291.0;4.0;8.0;16.0;2.0;ACETIC_ACID
1180.0;2050.0;3530.0;5960.0;943.0;1337.0;1010.0;1810.0;3150.0;5520.0;871.0;1290.0;5.0;5.0;23.0;2.0;ACETIC_ACID
1230.0;2120.0;3630.0;6080.0;952.0;1348.0;1040.0;1870.0;3220.0;5500.0;874.0;1311.0;5.0;3.0;21.0;2.0;ACETIC_ACID
1200.0;2100.0;3620.0;6150.0;959.0;1364.0;1040.0;1840.0;3200.0;5490.0;876.0;1309.0;11.0;1.0;23.0;4.0;ACETIC_ACID
1210.0;2090.0;3600.0;6090.0;965.0;1380.0;1020.0;1810.0;3140.0;5410.0;876.0;1313.0;11.0;-1.0;21.0;2.0;ACETIC_ACID
1220.0;2120.0;3630.0;6160.0;964.0;1376.0;1000.0;1790.0;3130.0;5460.0;877.0;1315.0;14.0;-1.0;18.0;4.0;ACETIC_ACID
1220.0;2100.0;3600.0;6080.0;959.0;1386.0;1040.0;1840.0;3250.0;5570.0;882.0;1325.0;12.0;1.0;23.0;3.0;ACETIC_ACID
1210.0;2110.0;3580.0;6080.0;960.0;1370.0;1010.0;1780.0;3090.0;5400.0;871.0;1322.0;0.0;5.0;25.0;3.0;ACETIC_ACID
1190.0;2090.0;3620.0;6100.0;957.0;1375.0;1070.0;1860.0;3230.0;5560.0;885.0;1325.0;0.0;5.0;14.0;3.0;ACETIC_ACID
1220.0;2110.0;3640.0;6130.0;959.0;1369.0;1000.0;1810.0;3100.0;5450.0;872.0;1325.0;-1.0;2.0;13.0;0.0;ACETIC_ACID
1210.0;2090.0;3620.0;6120.0;962.0;1387.0;1030.0;1830.0;3190.0;5460.0;881.0;1316.0;-1.0;2.0;12.0;0.0;ACETIC_ACID
1200.0;2070.0;3540.0;6050.0;962.0;1370.0;1050.0;1850.0;3190.0;5480.0;885.0;1326.0;1.0;1.0;13.0;0.0;ACETIC_ACID
1190.0;2080.0;3580.0;6100.0;963.0;1383.0;1020.0;1850.0;3260.0;5600.0;896.0;1338.0;7.0;2.0;12.0;-4.0;ACETIC_ACID
1200.0;2110.0;3650.0;6150.0;969.0;1367.0;1030.0;1820.0;3200.0;5510.0;892.0;1340.0;11.0;2.0;20.0;3.0;ACETIC_ACID
1260.0;2170.0;3720.0;6310.0;996.0;1420.0;1080.0;1940.0;3390.0;5750.0;907.0;1362.0;13.0;2.0;18.0;3.0;ACETIC_ACID
1260.0;2200.0;3720.0;6290.0;993.0;1419.0;1030.0;1840.0;3200.0;5540.0;904.0;1361.0;9.0;2.0;20.0;-3.0;ACETIC_ACID
1250.0;2190.0;3770.0;6360.0;996.0;1412.0;1020.0;1840.0;3260.0;5660.0;915.0;1362.0;10.0;0.0;20.0;-3.0;ACETIC_ACID
1210.0;2110.0;3670.0;6180.0;970.0;1411.0;1010.0;1830.0;3190.0;5580.0;893.0;1356.0;11.0;0.0;25.0;3.0;ACETIC_ACID
1190.0;2090.0;3590.0;6120.0;966.0;1386.0;1010.0;1840.0;3230.0;5640.0;901.0;1355.0;10.0;2.0;22.0;6.0;ACETIC_ACID
1210.0;2130.0;3650.0;6210.0;983.0;1410.0;1070.0;1920.0;3320.0;5660.0;907.0;1345.0;11.0;2.0;22.0;3.0;ACETIC_ACID
1270.0;2190.0;3770.0;6430.0;1013.0;1436.0;1050.0;1870.0;3270.0;5680.0;912.0;1368.0;19.0;2.0;18.0;3.0;ACETIC_ACID
1290.0;2240.0;3850.0;6440.0;1011.0;1444.0;1070.0;1890.0;3360.0;5810.0;932.0;1389.0;15.0;2.0;23.0;-2.0;ACETIC_ACID
1290.0;2240.0;3830.0;6450.0;1022.0;1460.0;1060.0;1890.0;3300.0;5740.0;932.0;1401.0;8.0;-3.0;17.0;-2.0;ACETIC_ACID
1280.0;2230.0;3830.0;6510.0;1016.0;1462.0;1110.0;1950.0;3410.0;5840.0;939.0;1405.0;8.0;-3.0;23.0;-2.0;ACETIC_ACID
1270.0;2210.0;3790.0;6490.0;1023.0;1481.0;1080.0;1940.0;3380.0;5860.0;944.0;1407.0;8.0;-3.0;17.0;-2.0;ACETIC_ACID
1280.0;2230.0;3790.0;6480.0;1018.0;1468.0;1110.0;1980.0;3410.0;5860.0;933.0;1408.0;12.0;1.0;28.0;-2.0;ACETIC_ACID
1250.0;2200.0;3800.0;6540.0;1017.0;1460.0;1070.0;1890.0;3340.0;5780.0;939.0;1416.0;12.0;1.0;22.0;-2.0;ACETIC_ACID
1280.0;2240.0;3840.0;6510.0;1023.0;1466.0;1080.0;1940.0;3410.0;5840.0;953.0;1420.0;2.0;1.0;19.0;-2.0;ACETIC_ACID
1290.0;2250.0;3850.0;6490.0;1030.0;1488.0;1120.0;2000.0;3510.0;5990.0;960.0;1425.0;2.0;0.0;15.0;-2.0;ACETIC_ACID
1300.0;2260.0;3890.0;6560.0;1039.0;1496.0;1190.0;2100.0;3630.0;6120.0;961.0;1439.0;2.0;0.0;15.0;6.0;ACETIC_ACID
1360.0;2370.0;4050.0;6730.0;1057.0;1505.0;1180.0;2060.0;3520.0;6010.0;963.0;1447.0;9.0;0.0;25.0;9.0;ACETIC_ACID
1370.0;2360.0;4050.0;6820.0;1067.0;1524.0;1150.0;2010.0;3470.0;6030.0;978.0;1458.0;6.0;0.0;12.0;5.0;ACETIC_ACID
1380.0;2390.0;4070.0;6920.0;1075.0;1532.0;1200.0;2120.0;3620.0;6150.0;975.0;1474.0;12.0;-3.0;17.0;2.0;ACETIC_ACID
1390.0;2390.0;4110.0;6840.0;1078.0;1540.0;1230.0;2170.0;3750.0;6320.0;1011.0;1486.0;17.0;-3.0;26.0;-2.0;ACETIC_ACID
1390.0;2410.0;4170.0;6920.0;1091.0;1568.0;1240.0;2200.0;3790.0;6440.0;1008.0;1494.0;11.0;-3.0;13.0;-2.0;ACETIC_ACID
1390.0;2420.0;4140.0;7020.0;1097.0;1559.0;1230.0;2190.0;3740.0;6340.0;997.0;1514.0;13.0;-3.0;13.0;-2.0;ACETIC_ACID
1430.0;2470.0;4210.0;7120.0;1113.0;1581.0;1290.0;2230.0;3840.0;6500.0;1031.0;1534.0;11.0;-2.0;12.0;-2.0;ACETIC_ACID
1440.0;2500.0;4290.0;7140.0;1123.0;1595.0;1220.0;2160.0;3740.0;6440.0;1032.0;1538.0;13.0;-1.0;11.0;-2.0;ACETIC_ACID
1470.0;2560.0;4380.0;7280.0;1143.0;1616.0;1270.0;2220.0;3810.0;6430.0;1030.0;1546.0;20.0;-2.0;35.0;-3.0;ACETIC_ACID
1460.0;2520.0;4320.0;7250.0;1135.0;1632.0;1300.0;2260.0;3900.0;6560.0;1049.0;1568.0;13.0;-2.0;23.0;-3.0;ACETIC_ACID
1470.0;2520.0;4330.0;7300.0;1140.0;1612.0;1220.0;2140.0;3720.0;6400.0;1019.0;1552.0;12.0;-2.0;28.0;-5.0;ACETIC_ACID
1460.0;2540.0;4360.0;7300.0;1145.0;1633.0;1260.0;2180.0;3780.0;6430.0;1042.0;1560.0;7.0;-1.0;28.0;-6.0;ACETIC_ACID
1460.0;2550.0;4380.0;7270.0;1141.0;1637.0;1330.0;2320.0;4000.0;6660.0;1058.0;1582.0;7.0;-5.0;28.0;-6.0;ACETIC_ACID
1460.0;2520.0;4370.0;7260.0;1156.0;1636.0;1270.0;2210.0;3840.0;6490.0;1042.0;1574.0;7.0;-4.0;28.0;-5.0;ACETIC_ACID
1460.0;2530.0;4330.0;7330.0;1147.0;1634.0;1250.0;2220.0;3850.0;6570.0;1053.0;1561.0;8.0;-1.0;21.0;-6.0;ACETIC_ACID
1470.0;2540.0;4360.0;7300.0;1147.0;1621.0;1230.0;2180.0;3780.0;6480.0;1038.0;1572.0;11.0;-2.0;23.0;-6.0;ACETIC_ACID
1490.0;2560.0;4340.0;7290.0;1142.0;1610.0;1280.0;2230.0;3830.0;6630.0;1057.0;1565.0;9.0;-3.0;21.0;-5.0;ACETIC_ACID
1500.0;2560.0;4370.0;7370.0;1146.0;1652.0;1280.0;2210.0;3840.0;6560.0;1053.0;1584.0;10.0;-3.0;19.0;-5.0;ACETIC_ACID
1510.0;2650.0;4500.0;7530.0;1169.0;1666.0;1270.0;2230.0;3820.0;6580.0;1058.0;1581.0;9.0;-3.0;19.0;-9.0;ACETIC_ACID
1530.0;2630.0;4510.0;7550.0;1180.0;1675.0;1320.0;2290.0;4000.0;6770.0;1082.0;1614.0;2.0;-3.0;15.0;-9.0;ACETIC_ACID
1500.0;2600.0;4480.0;7430.0;1164.0;1669.0;1370.0;2380.0;4020.0;6820.0;1072.0;1603.0;2.0;-3.0;26.0;-9.0;ACETIC_ACID
1440.0;2520.0;4300.0;7360.0;1152.0;1648.0;1340.0;2320.0;3970.0;6810.0;1065.0;1584.0;4.0;-3.0;24.0;-9.0;ACETIC_ACID
1440.0;2500.0;4290.0;7230.0;1135.0;1627.0;1310.0;2310.0;3950.0;6670.0;1054.0;1572.0;8.0;-4.0;25.0;-7.0;ACETIC_ACID
1480.0;2580.0;4410.0;7370.0;1158.0;1648.0;1270.0;2210.0;3810.0;6550.0;1060.0;1594.0;11.0;-3.0;24.0;-6.0;ACETIC_ACID
1500.0;2570.0;4400.0;7430.0;1169.0;1658.0;1320.0;2310.0;3940.0;6850.0;1076.0;1610.0;8.0;-3.0;30.0;-6.0;ACETIC_ACID
1530.0;2660.0;4530.0;7600.0;1184.0;1676.0;1340.0;2310.0;3970.0;6780.0;1080.0;1620.0;9.0;-3.0;25.0;-7.0;ACETIC_ACID
1580.0;2730.0;4640.0;7710.0;1210.0;1709.0;1370.0;2370.0;4080.0;6920.0;1094.0;1661.0;7.0;-3.0;22.0;-5.0;ACETIC_ACID
1570.0;2720.0;4650.0;7840.0;1224.0;1742.0;1440.0;2480.0;4220.0;7150.0;1131.0;1688.0;7.0;-2.0;18.0;-5.0;ACETIC_ACID
1620.0;2760.0;4700.0;7860.0;1228.0;1757.0;1440.0;2500.0;4280.0;7160.0;1133.0;1689.0;5.0;-2.0;22.0;-7.0;ACETIC_ACID
1560.0;2680.0;4640.0;7870.0;1238.0;1757.0;1380.0;2390.0;4180.0;7160.0;1138.0;1694.0;7.0;-2.0;33.0;-5.0;ACETIC_ACID
1620.0;2790.0;4770.0;8010.0;1247.0;1783.0;1410.0;2440.0;4200.0;7070.0;1138.0;1696.0;10.0;-2.0;25.0;-5.0;ACETIC_ACID
1590.0;2760.0;4720.0;7920.0;1250.0;1771.0;1470.0;2530.0;4330.0;7330.0;1159.0;1723.0;14.0;-7.0;32.0;-6.0;ACETIC_ACID
1650.0;2830.0;4810.0;8070.0;1273.0;1782.0;1430.0;2510.0;4320.0;7330.0;1153.0;1729.0;10.0;-7.0;26.0;-6.0;ACETIC_ACID
1670.0;2870.0;4910.0;8110.0;1277.0;1820.0;1490.0;2560.0;4360.0;7350.0;1174.0;1742.0;10.0;-7.0;37.0;-5.0;ACETIC_ACID
1660.0;2880.0;4880.0;8140.0;1284.0;1818.0;1450.0;2520.0;4300.0;7350.0;1171.0;1749.0;7.0;-4.0;32.0;-5.0;ACETIC_ACID
1680.0;2870.0;4880.0;8240.0;1291.0;1823.0;1450.0;2490.0;4280.0;7340.0;1165.0;1753.0;12.0;-1.0;32.0;-5.0;ACETIC_ACID
1670.0;2880.0;4900.0;8290.0;1289.0;1834.0;1510.0;2620.0;4480.0;7600.0;1195.0;1765.0;11.0;-1.0;37.0;-5.0;ACETIC_ACID
1680.0;2880.0;4900.0;8250.0;1282.0;1843.0;1540.0;2700.0;4570.0;7610.0;1200.0;1778.0;12.0;-1.0;33.0;-6.0;ACETIC_ACID
1710.0;2960.0;5020.0;8410.0;1311.0;1857.0;1550.0;2660.0;4520.0;7660.0;1192.0;1778.0;13.0;-1.0;34.0;-9.0;ACETIC_ACID
1710.0;2960.0;5040.0;8330.0;1305.0;1859.0;1480.0;2550.0;4410.0;7530.0;1197.0;1787.0;14.0;-1.0;33.0;-9.0;ACETIC_ACID
1740.0;2980.0;5040.0;8370.0;1300.0;1854.0;1570.0;2730.0;4610.0;7720.0;1209.0;1805.0;7.0;-1.0;30.0;-13.0;ACETIC_ACID
1690.0;2910.0;4980.0;8340.0;1313.0;1871.0;1540.0;2670.0;4580.0;7730.0;1213.0;1791.0;7.0;4.0;22.0;-17.0;ACETIC_ACID
1720.0;2930.0;5010.0;8500.0;1326.0;1880.0;1490.0;2600.0;4510.0;7640.0;1217.0;1804.0;7.0;-1.0;24.0;-17.0;ACETIC_ACID
1690.0;2910.0;4980.0;8260.0;1309.0;1874.0;1450.0;2540.0;4440.0;7550.0;1211.0;1793.0;12.0;-1.0;36.0;-17.0;ACETIC_ACID
1630.0;2810.0;4840.0;8190.0;1292.0;1867.0;1480.0;2560.0;4450.0;7650.0;1218.0;1800.0;8.0;-1.0;27.0;-17.0;ACETIC_ACID
1690.0;2920.0;4980.0;8410.0;1302.0;1874.0;1490.0;2620.0;4540.0;7680.0;1207.0;1805.0;11.0;-1.0;27.0;-13.0;ACETIC_ACID
1670.0;2920.0;4990.0;8360.0;1306.0;1851.0;1440.0;2530.0;4390.0;7550.0;1203.0;1791.0;8.0;-1.0;22.0;-13.0;ACETIC_ACID
1720.0;2990.0;5090.0;8550.0;1331.0;1882.0;1500.0;2620.0;4510.0;7730.0;1215.0;1808.0;8.0;-3.0;24.0;-13.0;ACETIC_ACID
1700.0;2950.0;5060.0;8550.0;1333.0;1903.0;1450.0;2560.0;4430.0;7640.0;1219.0;1823.0;8.0;-2.0;38.0;-13.0;ACETIC_ACID
1750.0;3020.0;5130.0;8590.0;1351.0;1909.0;1480.0;2620.0;4530.0;7690.0;1224.0;1839.0;11.0;-2.0;36.0;-13.0;ACETIC_ACID
1720.0;2990.0;5120.0;8640.0;1352.0;1919.0;1480.0;2620.0;4510.0;7690.0;1236.0;1845.0;3.0;-2.0;32.0;-13.0;ACETIC_ACID
1760.0;3040.0;5210.0;8700.0;1364.0;1934.0;1550.0;2690.0;4660.0;7860.0;1254.0;1865.0;3.0;-3.0;19.0;-13.0;ACETIC_ACID
1740.0;3020.0;5180.0;8730.0;1370.0;1949.0;1470.0;2610.0;4530.0;7710.0;1243.0;1867.0;6.0;-2.0;32.0;-14.0;ACETIC_ACID
1750.0;3050.0;5250.0;8780.0;1372.0;1948.0;1480.0;2650.0;4580.0;7900.0;1262.0;1882.0;12.0;-3.0;23.0;-14.0;ACETIC_ACID
1730.0;3010.0;5140.0;8580.0;1342.0;1917.0;1430.0;2570.0;4510.0;7730.0;1235.0;1851.0;13.0;-3.0;39.0;-18.0;ACETIC_ACID
1640.0;2870.0;4960.0;8450.0;1316.0;1895.0;1450.0;2560.0;4520.0;7760.0;1234.0;1838.0;12.0;-4.0;33.0;-18.0;ACETIC_ACID
1730.0;3020.0;5160.0;8800.0;1366.0;1939.0;1540.0;2730.0;4730.0;7990.0;1252.0;1881.0;13.0;-4.0;28.0;-14.0;ACETIC_ACID
1730.0;3020.0;5200.0;8720.0;1366.0;1948.0;1560.0;2750.0;4730.0;7990.0;1271.0;1884.0;13.0;-5.0;32.0;-13.0;ACETIC_ACID
1730.0;3040.0;5210.0;8780.0;1379.0;1953.0;1530.0;2740.0;4750.0;8060.0;1264.0;1874.0;15.0;-5.0;32.0;-16.0;ACETIC_ACID
1780.0;3080.0;5270.0;8860.0;1395.0;1992.0;1500.0;2660.0;4650.0;8060.0;1269.0;1913.0;13.0;-5.0;38.0;-13.0;ACETIC_ACID
1820.0;3180.0;5430.0;9130.0;1418.0;2007.0;1540.0;2750.0;4780.0;8190.0;1305.0;1940.0;13.0;-4.0;21.0;-11.0;ACETIC_ACID
1860.0;3220.0;5530.0;9200.0;1433.0;2035.0;1600.0;2870.0;4940.0;8250.0;1325.0;1957.0;13.0;-3.0;30.0;-11.0;ACETIC_ACID
1880.0;3220.0;5500.0;9250.0;1448.0;2043.0;1610.0;2860.0;4930.0;8420.0;1334.0;1976.0;13.0;-3.0;31.0;-11.0;ACETIC_ACID
1840.0;3200.0;5490.0;9230.0;1443.0;2043.0;1590.0;2820.0;4940.0;8370.0;1334.0;1952.0;21.0;-3.0;31.0;-11.0;ACETIC_ACID
1870.0;3250.0;5570.0;9300.0;1447.0;2053.0;1600.0;2820.0;4860.0;8340.0;1328.0;1996.0;10.0;-3.0;23.0;-11.0;ACETIC_ACID
1900.0;3280.0;5570.0;9290.0;1459.0;2073.0;1600.0;2810.0;4900.0;8320.0;1323.0;1994.0;11.0;-4.0;37.0;-13.0;ACETIC_ACID
1860.0;3200.0;5480.0;9260.0;1441.0;2063.0;1620.0;2890.0;5020.0;8380.0;1338.0;1987.0;10.0;-4.0;31.0;-13.0;ACETIC_ACID
1840.0;3230.0;5500.0;9200.0;1447.0;2046.0;1560.0;2760.0;4810.0;8330.0;1333.0;1970.0;12.0;-5.0;27.0;-13.0;ACETIC_ACID
1810.0;3180.0;5400.0;9060.0;1421.0;2037.0;1600.0;2840.0;4890.0;8260.0;1312.0;1959.0;8.0;-4.0;26.0;-15.0;ACETIC_ACID
1830.0;3190.0;5470.0;9130.0;1438.0;2046.0;1620.0;2850.0;4920.0;8430.0;1332.0;1980.0;8.0;-5.0;34.0;-15.0;ACETIC_ACID
1860.0;3250.0;5560.0;9250.0;1437.0;2053.0;1610.0;2860.0;4960.0;8450.0;1340.0;1986.0;13.0;-6.0;43.0;-15.0;ACETIC_ACID
1870.0;3230.0;5600.0;9300.0;1446.0;2075.0;1530.0;2710.0;4730.0;8160.0;1309.0;1972.0;12.0;-6.0;34.0;-15.0;ACETIC_ACID
1830.0;3200.0;5490.0;9270.0;1456.0;2076.0;1610.0;2860.0;4970.0;8450.0;1347.0;2007.0;16.0;-6.0;39.0;-15.0;ACETIC_ACID
1880.0;3280.0;5630.0;9480.0;1474.0;2099.0;1610.0;2840.0;4920.0;8300.0;1344.0;2017.0;12.0;-6.0;24.0;-15.0;ACETIC_ACID
1860.0;3220.0;5540.0;9290.0;1468.0;2093.0;1610.0;2860.0;5020.0;8570.0;1351.0;2006.0;6.0;-6.0;45.0;-15.0;ACETIC_ACID
1900.0;3320.0;5650.0;9470.0;1483.0;2107.0;1620.0;2910.0;5050.0;8590.0;1368.0;2025.0;6.0;-4.0;20.0;-16.0;ACETIC_ACID
1880.0;3240.0;5580.0;9330.0;1466.0;2102.0;1660.0;2920.0;5080.0;8740.0;1376.0;2045.0;6.0;-3.0;26.0;-19.0;ACETIC_ACID
1930.0;3350.0;5730.0;9600.0;1491.0;2096.0;1680.0;2960.0;5120.0;8670.0;1368.0;2037.0;5.0;-4.0;37.0;-20.0;ACETIC_ACID
1920.0;3330.0;5690.0;9580.0;1500.0;2124.0;1700.0;3000.0;5200.0;8770.0;1396.0;2064.0;5.0;-4.0;27.0;-22.0;ACETIC_ACID
1910.0;3320.0;5700.0;9530.0;1490.0;2125.0;1650.0;2900.0;5020.0;8550.0;1374.0;2039.0;5.0;-2.0;31.0;-20.0;ACETIC_ACID
1950.0;3380.0;5770.0;9620.0;1511.0;2147.0;1720.0;3040.0;5210.0;8830.0;1402.0;2074.0;8.0;-2.0;27.0;-22.0;ACETIC_ACID
1970.0;3410.0;5790.0;9720.0;1519.0;2159.0;1700.0;3050.0;5230.0;8840.0;1398.0;2088.0;7.0;-2.0;38.0;-22.0;ACETIC_ACID
1960.0;3400.0;5830.0;9760.0;1529.0;2177.0;1710.0;2970.0;5190.0;8800.0;1402.0;2104.0;7.0;0.0;26.0;-16.0;ACETIC_ACID
1990.0;3480.0;5930.0;9980.0;1544.0;2175.0;1690.0;2960.0;5180.0;8880.0;1418.0;2105.0;7.0;0.0;29.0;-12.0;ACETIC_ACID
1990.0;3480.0;5940.0;9880.0;1549.0;2194.0;1680.0;2980.0;5190.0;8910.0;1416.0;2117.0;6.0;0.0;25.0;-16.0;ACETIC_ACID
2000.0;3470.0;5950.0;9960.0;1549.0;2205.0;1710.0;3020.0;5260.0;9020.0;1443.0;2113.0;6.0;0.0;42.0;-16.0;ACETIC_ACID
1990.0;3490.0;5970.0;10020.0;1553.0;2202.0;1700.0;3010.0;5290.0;9000.0;1428.0;2108.0;11.0;-3.0;49.0;-22.0;ACETIC_ACID
1930.0;3400.0;5770.0;9750.0;1524.0;2163.0;1680.0;2980.0;5200.0;8940.0;1422.0;2107.0;5.0;-7.0;33.0;-22.0;ACETIC_ACID
1970.0;3390.0;5840.0;9770.0;1525.0;2170.0;1730.0;3070.0;5280.0;8920.0;1415.0;2094.0;7.0;-5.0;32.0;-22.0;ACETIC_ACID
1940.0;3380.0;5810.0;9780.0;1528.0;2167.0;1730.0;3050.0;5230.0;8840.0;1401.0;2087.0;7.0;-7.0;31.0;-18.0;ACETIC_ACID
2000.0;3480.0;5980.0;10010.0;1554.0;2203.0;1690.0;3010.0;5200.0;8880.0;1423.0;2112.0;14.0;-7.0;39.0;-12.0;ACETIC_ACID
2050.0;3530.0;6040.0;10130.0;1568.0;2236.0;1800.0;3170.0;5510.0;9310.0;1467.0;2154.0;6.0;-7.0;38.0;-12.0;ACETIC_ACID
2050.0;3540.0;6050.0;10140.0;1584.0;2246.0;1790.0;3140.0;5430.0;9270.0;1461.0;2170.0;6.0;-6.0;35.0;-15.0;ACETIC_ACID
2090.0;3620.0;6190.0;10290.0;1597.0;2274.0;1760.0;3130.0;5430.0;9320.0;1477.0;2195.0;4.0;-6.0;22.0;-15.0;ACETIC_ACID
2070.0;3600.0;6130.0;10300.0;1611.0;2284.0;1750.0;3120.0;5400.0;9220.0;1474.0;2200.0;5.0;-6.0;25.0;-16.0;ACETIC_ACID
2070.0;3600.0;6200.0;10360.0;1592.0;2273.0;1820.0;3200.0;5520.0;9330.0;1491.0;2209.0;5.0;-3.0;29.0;-17.0;ACETIC_ACID
2060.0;3610.0;6230.0;10420.0;1621.0;2284.0;1790.0;3170.0;5470.0;9400.0;1493.0;2213.0;11.0;-1.0;45.0;-19.0;ACETIC_ACID
2100.0;3640.0;6240.0;10450.0;1624.0;2291.0;1770.0;3100.0;5430.0;9320.0;1485.0;2206.0;8.0;-3.0;46.0;-21.0;ACETIC_ACID
2090.0;3650.0;6200.0;10460.0;1636.0;2307.0;1890.0;3320.0;5720.0;9660.0;1504.0;2227.0;8.0;-3.0;38.0;-21.0;ACETIC_ACID
2110.0;3660.0;6320.0;10560.0;1634.0;2325.0;1850.0;3230.0;5590.0;9580.0;1514.0;2232.0;8.0;-3.0;35.0;-21.0;ACETIC_ACID
2100.0;3660.0;6240.0;10390.0;1632.0;2308.0;1800.0;3200.0;5530.0;9480.0;1511.0;2232.0;8.0;-4.0;38.0;-21.0;ACETIC_ACID
2110.0;3650.0;6290.0;10580.0;1647.0;2324.0;1830.0;3210.0;5580.0;9560.0;1512.0;2244.0;8.0;-4.0;26.0;-27.0;ACETIC_ACID
2080.0;3640.0;6270.0;10500.0;1640.0;2324.0;1780.0;3180.0;5560.0;9520.0;1517.0;2237.0;8.0;-4.0;42.0;-23.0;ACETIC_ACID
2120.0;3680.0;6320.0;10600.0;1647.0;2339.0;1890.0;3330.0;5800.0;9780.0;1537.0;2269.0;14.0;-4.0;43.0;-23.0;ACETIC_ACID
2150.0;3730.0;6380.0;10610.0;1647.0;2339.0;1850.0;3260.0;5640.0;9540.0;1522.0;2255.0;14.0;-2.0;40.0;-23.0;ACETIC_ACID
2160.0;3710.0;6350.0;10610.0;1644.0;2342.0;1850.0;3280.0;5640.0;9540.0;1518.0;2276.0;18.0;-2.0;49.0;-23.0;ACETIC_ACID
2150.0;3730.0;6390.0;10670.0;1671.0;2364.0;1880.0;3310.0;5740.0;9770.0;1532.0;2275.0;11.0;-2.0;53.0;-23.0;ACETIC_ACID
2170.0;3740.0;6420.0;10720.0;1664.0;2362.0;1840.0;3250.0;5630.0;9630.0;1534.0;2285.0;6.0;-2.0;34.0;-20.0;ACETIC_ACID
2150.0;3720.0;6360.0;10660.0;1658.0;2344.0;1790.0;3160.0;5580.0;9510.0;1516.0;2267.0;6.0;-1.0;39.0;-21.0;ACETIC_ACID
2180.0;3750.0;6420.0;10770.0;1671.0;2374.0;1810.0;3240.0;5650.0;9700.0;1541.0;2306.0;9.0;-2.0;29.0;-21.0;ACETIC_ACID
2120.0;3710.0;6420.0;10690.0;1666.0;2356.0;1840.0;3280.0;5620.0;9600.0;1512.0;2269.0;9.0;-2.0;35.0;-20.0;ACETIC_ACID
2180.0;3800.0;6460.0;10790.0;1683.0;2383.0;1860.0;3290.0;5650.0;9650.0;1530.0;2291.0;13.0;-2.0;39.0;-21.0;ACETIC_ACID
2230.0;3850.0;6570.0;10960.0;1692.0;2411.0;1930.0;3430.0;6010.0;10070.0;1583.0;2311.0;14.0;-2.0;39.0;-22.0;ACETIC_ACID
2210.0;3830.0;6540.0;11020.0;1710.0;2423.0;1850.0;3270.0;5650.0;9680.0;1547.0;2294.0;8.0;-2.0;32.0;-25.0;ACETIC_ACID
2180.0;3760.0;6450.0;10820.0;1685.0;2391.0;1890.0;3330.0;5730.0;9900.0;1558.0;2309.0;8.0;-4.0;43.0;-26.0;ACETIC_ACID
2210.0;3820.0;6480.0;10930.0;1707.0;2410.0;1860.0;3310.0;5800.0;9870.0;1562.0;2340.0;8.0;-5.0;30.0;-27.0;ACETIC_ACID
2220.0;3850.0;6620.0;11130.0;1715.0;2423.0;1930.0;3360.0;5820.0;9870.0;1575.0;2333.0;14.0;-8.0;37.0;-27.0;ACETIC_ACID
2240.0;3860.0;6600.0;11060.0;1716.0;2439.0;1940.0;3420.0;5870.0;9980.0;1578.0;2348.0;18.0;-8.0;48.0;-27.0;ACETIC_ACID
2200.0;3830.0;6580.0;11020.0;1710.0;2416.0;1950.0;3430.0;5940.0;9990.0;1586.0;2340.0;11.0;-8.0;33.0;-27.0;ACETIC_ACID
2200.0;3820.0;6540.0;10960.0;1706.0;2434.0;1920.0;3360.0;5820.0;9900.0;1565.0;2342.0;11.0;-8.0;32.0;-27.0;ACETIC_ACID
2230.0;3870.0;6610.0;11040.0;1724.0;2438.0;1890.0;3330.0;5800.0;9910.0;1572.0;2334.0;5.0;-8.0;51.0;-25.0;ACETIC_ACID
2210.0;3820.0;6590.0;10980.0;1706.0;2431.0;1880.0;3350.0;5860.0;10040.0;1594.0;2343.0;5.0;-8.0;30.0;-27.0;ACETIC_ACID
2180.0;3810.0;6510.0;10920.0;1700.0;2425.0;1910.0;3370.0;5870.0;9980.0;1584.0;2358.0;5.0;-6.0;37.0;-27.0;ACETIC_ACID
2230.0;3860.0;6580.0;11040.0;1729.0;2451.0;1970.0;3450.0;5950.0;9990.0;1595.0;2343.0;5.0;-6.0;34.0;-27.0;ACETIC_ACID
2260.0;3940.0;6740.0;11210.0;1729.0;2456.0;1900.0;3330.0;5860.0;9940.0;1584.0;2363.0;5.0;-8.0;47.0;-28.0;ACETIC_ACID
2260.0;3920.0;6700.0;11200.0;1733.0;2467.0;2020.0;3560.0;6130.0;10300.0;1618.0;2380.0;7.0;-6.0;34.0;-28.0;ACETIC_ACID
2240.0;3910.0;6690.0;11240.0;1740.0;2472.0;1900.0;3350.0;5880.0;10050.0;1592.0;2356.0;10.0;-6.0;37.0;-27.0;ACETIC_ACID
2270.0;3950.0;6730.0;11110.0;1736.0;2460.0;1880.0;3360.0;5860.0;10060.0;1607.0;2375.0;10.0;-6.0;53.0;-28.0;ACETIC_ACID
2280.0;3960.0;6770.0;11210.0;1758.0;2478.0;1910.0;3390.0;5890.0;9990.0;1602.0;2393.0;13.0;-1.0;52.0;-28.0;ACETIC_ACID
2320.0;4040.0;6880.0;11420.0;1771.0;2512.0;1960.0;3470.0;6040.0;10250.0;1628.0;2412.0;10.0;0.0;47.0;-28.0;ACETIC_ACID
2340.0;4040.0;6930.0;11460.0;1790.0;2511.0;2030.0;3550.0;6130.0;10450.0;1651.0;2440.0;10.0;-1.0;48.0;-29.0;ACETIC_ACID
2310.0;4030.0;6850.0;11400.0;1773.0;2497.0;1950.0;3460.0;5980.0;10240.0;1626.0;2410.0;10.0;-1.0;39.0;-29.0;ACETIC_ACID
2300.0;4010.0;6870.0;11460.0;1772.0;2524.0;1960.0;3470.0;6030.0;10230.0;1625.0;2421.0;5.0;-4.0;36.0;-31.0;ACETIC_ACID
2290.0;3990.0;6820.0;11420.0;1779.0;2537.0;2070.0;3650.0;6300.0;10590.0;1677.0;2459.0;5.0;-9.0;49.0;-29.0;ACETIC_ACID
2350.0;4100.0;7000.0;11620.0;1799.0;2552.0;2060.0;3590.0;6220.0;10450.0;1647.0;2447.0;16.0;-9.0;37.0;-29.0;ACETIC_ACID
2350.0;4060.0;6980.0;11580.0;1801.0;2570.0;2090.0;3670.0;6360.0;10790.0;1672.0;2480.0;16.0;-9.0;46.0;-30.0;ACETIC_ACID
2400.0;4150.0;7100.0;11740.0;1819.0;2577.0;2090.0;3720.0;6390.0;10650.0;1698.0;2496.0;16.0;-7.0;42.0;-30.0;ACETIC_ACID
2430.0;4200.0;7140.0;11940.0;1844.0;2593.0;2130.0;3760.0;6470.0;10790.0;1700.0;2516.0;16.0;-6.0;34.0;-30.0;ACETIC_ACID
2400.0;4170.0;7090.0;11810.0;1847.0;2611.0;2110.0;3700.0;6470.0;10890.0;1707.0;2534.0;21.0;-6.0;42.0;-30.0;ACETIC_ACID
2450.0;4240.0;7230.0;12030.0;1863.0;2609.0;2020.0;3560.0;6280.0;10610.0;1693.0;2511.0;17.0;-7.0;54.0;-27.0;ACETIC_ACID
2400.0;4160.0;7100.0;11920.0;1850.0;2620.0;2130.0;3730.0;6470.0;10960.0;1716.0;2531.0;15.0;-5.0;38.0;-27.0;ACETIC_ACID
2430.0;4220.0;7190.0;11870.0;1853.0;2614.0;2140.0;3760.0;6480.0;10980.0;1714.0;2532.0;14.0;-10.0;54.0;-27.0;ACETIC_ACID
2420.0;4160.0;7150.0;11930.0;1855.0;2602.0;2060.0;3620.0;6340.0;10760.0;1703.0;2516.0;13.0;-10.0;39.0;-29.0;ACETIC_ACID
2390.0;4140.0;7140.0;11910.0;1840.0;2608.0;2130.0;3760.0;6420.0;10810.0;1696.0;2498.0;13.0;-10.0;46.0;-31.0;ACETIC_ACID
2400.0;4160.0;7110.0;11870.0;1844.0;2607.0;2050.0;3640.0;6300.0;10780.0;1702.0;2519.0;13.0;-4.0;46.0;-31.0;ACETIC_ACID
2410.0;4150.0;7150.0;11920.0;1844.0;2613.0;2050.0;3630.0;6300.0;10720.0;1701.0;2528.0;20.0;-9.0;50.0;-30.0;ACETIC_ACID
2420.0;4220.0;7180.0;11980.0;1856.0;2632.0;2130.0;3770.0;6490.0;10860.0;1713.0;2541.0;15.0;-3.0;56.0;-29.0;ACETIC_ACID
2430.0;4210.0;7210.0;12010.0;1856.0;2638.0;2090.0;3670.0;6330.0;10790.0;1714.0;2557.0;19.0;-3.0;54.0;-29.0;ACETIC_ACID
2470.0;4280.0;7300.0;12120.0;1879.0;2651.0;2170.0;3830.0;6610.0;11050.0;1732.0;2550.0;16.0;-6.0;34.0;-29.0;ACETIC_ACID
2500.0;4330.0;7370.0;12230.0;1884.0;2654.0;2130.0;3740.0;6470.0;10880.0;1728.0;2560.0;24.0;-6.0;48.0;-29.0;ACETIC_ACID
2480.0;4290.0;7290.0;12060.0;1877.0;2659.0;2180.0;3860.0;6620.0;11140.0;1744.0;2561.0;16.0;-6.0;42.0;-29.0;ACETIC_ACID
2490.0;4300.0;7370.0;12250.0;1893.0;2657.0;2150.0;3800.0;6520.0;10940.0;1715.0;2558.0;13.0;-6.0;46.0;-30.0;ACETIC_ACID
2470.0;4250.0;7250.0;12170.0;1891.0;2679.0;2090.0;3750.0;6430.0;11080.0;1748.0;2602.0;9.0;-6.0;44.0;-33.0;ACETIC_ACID
2510.0;4350.0;7440.0;12390.0;1904.0;2695.0;2210.0;3900.0;6720.0;11240.0;1768.0;2595.0;13.0;-7.0;60.0;-33.0;ACETIC_ACID
2450.0;4290.0;7320.0;12210.0;1902.0;2675.0;2160.0;3790.0;6550.0;11100.0;1749.0;2591.0;12.0;-7.0;49.0;-33.0;ACETIC_ACID
2430.0;4220.0;7210.0;12050.0;1878.0;2636.0;2080.0;3670.0;6430.0;10740.0;1705.0;2562.0;15.0;-6.0;43.0;-34.0;ACETIC_ACID
2500.0;4320.0;7360.0;12230.0;1882.0;2671.0;2190.0;3860.0;6650.0;11240.0;1767.0;2568.0;18.0;-10.0;52.0;-34.0;ACETIC_ACID
2510.0;4350.0;7400.0;12310.0;1905.0;2686.0;2110.0;3730.0;6460.0;10910.0;1747.0;2592.0;6.0;-6.0;41.0;-34.0;ACETIC_ACID
2510.0;4360.0;7370.0;12320.0;1917.0;2692.0;2120.0;3750.0;6480.0;11020.0;1747.0;2601.0;6.0;-6.0;43.0;-34.0;ACETIC_ACID
2530.0;4380.0;7450.0;12470.0;1927.0;2701.0;2090.0;3710.0;6440.0;10970.0;1752.0;2579.0;4.0;-6.0;40.0;-34.0;ACETIC_ACID
2500.0;4320.0;7370.0;12260.0;1895.0;2702.0;2220.0;3900.0;6700.0;11200.0;1760.0;2590.0;20.0;-8.0;63.0;-33.0;ACETIC_ACID
2480.0;4330.0;7380.0;12370.0;1911.0;2692.0;2160.0;3780.0;6570.0;11200.0;1751.0;2626.0;17.0;-8.0;58.0;-34.0;ACETIC_ACID
2460.0;4270.0;7300.0;12160.0;1896.0;2673.0;2230.0;3880.0;6650.0;11160.0;1759.0;2594.0;17.0;-8.0;54.0;-33.0;ACETIC_ACID
2500.0;4350.0;7400.0;12180.0;1898.0;2665.0;2210.0;3860.0;6660.0;11230.0;1757.0;2586.0;12.0;-8.0;43.0;-32.0;ACETIC_ACID
2510.0;4340.0;7350.0;12260.0;1923.0;2712.0;2220.0;3870.0;6630.0;11120.0;1753.0;2600.0;11.0;-10.0;56.0;-32.0;ACETIC_ACID
2550.0;4410.0;7500.0;12440.0;1930.0;2738.0;2170.0;3780.0;6570.0;11190.0;1771.0;2648.0;12.0;-8.0;47.0;-29.0;ACETIC_ACID
2600.0;4480.0;7590.0;12670.0;1959.0;2753.0;2290.0;3980.0;6840.0;11450.0;1796.0;2648.0;14.0;-8.0;50.0;-29.0;ACETIC_ACID
2580.0;4440.0;7560.0;12680.0;1963.0;2769.0;2210.0;3890.0;6730.0;11390.0;1812.0;2665.0;22.0;-8.0;58.0;-32.0;ACETIC_ACID
2590.0;4480.0;7640.0;12660.0;1958.0;2761.0;2170.0;3810.0;6680.0;11340.0;1795.0;2676.0;27.0;-8.0;49.0;-38.0;ACETIC_ACID
2570.0;4450.0;7580.0;12640.0;1971.0;2760.0;2220.0;3920.0;6820.0;11570.0;1813.0;2661.0;22.0;-8.0;46.0;-38.0;ACETIC_ACID
2570.0;4460.0;7620.0;12690.0;1969.0;2780.0;2240.0;3950.0;6840.0;11590.0;1819.0;2681.0;15.0;-7.0;47.0;-38.0;ACETIC_ACID
2590.0;4480.0;7650.0;12720.0;1970.0;2783.0;2300.0;4040.0;6910.0;11610.0;1818.0;2686.0;23.0;-8.0;56.0;-38.0;ACETIC_ACID
2600.0;4500.0;7680.0;12820.0;1981.0;2767.0;2200.0;3890.0;6780.0;11420.0;1824.0;2691.0;15.0;-10.0;40.0;-35.0;ACETIC_ACID
2590.0;4490.0;7640.0;12690.0;1976.0;2778.0;2290.0;4050.0;6950.0;11760.0;1831.0;2677.0;19.0;-7.0;53.0;-34.0;ACETIC_ACID
2570.0;4450.0;7590.0;12680.0;1976.0;2802.0;2190.0;3890.0;6720.0;11320.0;1810.0;2686.0;19.0;-10.0;39.0;-35.0;ACETIC_ACID
2590.0;4500.0;7680.0;12760.0;1979.0;2770.0;2290.0;4010.0;6930.0;11640.0;1823.0;2691.0;19.0;-10.0;61.0;-35.0;ACETIC_ACID
2600.0;4530.0;7660.0;12780.0;1987.0;2799.0;2300.0;4060.0;6930.0;11550.0;1823.0;2706.0;21.0;-10.0;56.0;-35.0;ACETIC_ACID
2650.0;4560.0;7800.0;12930.0;2002.0;2821.0;2240.0;3960.0;6840.0;11640.0;1837.0;2713.0;19.0;-5.0;51.0;-34.0;ACETIC_ACID
2640.0;4550.0;7780.0;12970.0;2005.0;2843.0;2270.0;3990.0;6790.0;11520.0;1835.0;2720.0;19.0;-10.0;51.0;-34.0;ACETIC_ACID
2620.0;4520.0;7750.0;12890.0;1996.0;2837.0;2300.0;4050.0;7040.0;11850.0;1867.0;2739.0;12.0;-10.0;62.0;-34.0;ACETIC_ACID
2660.0;4600.0;7830.0;12920.0;2012.0;2831.0;2360.0;4110.0;7060.0;11930.0;1855.0;2723.0;6.0;-10.0;42.0;-34.0;ACETIC_ACID
2660.0;4580.0;7800.0;13050.0;2014.0;2856.0;2220.0;3930.0;6840.0;11640.0;1849.0;2734.0;6.0;-10.0;53.0;-34.0;ACETIC_ACID
2650.0;4590.0;7840.0;13050.0;2021.0;2848.0;2310.0;4030.0;6970.0;11690.0;1862.0;2748.0;6.0;-10.0;57.0;-34.0;ACETIC_ACID
2680.0;4640.0;7910.0;13150.0;2026.0;2855.0;2370.0;4150.0;7130.0;12010.0;1887.0;2756.0;13.0;-9.0;42.0;-43.0;ACETIC_ACID
2690.0;4640.0;7960.0;13220.0;2033.0;2863.0;2370.0;4150.0;7120.0;12010.0;1883.0;2765.0;18.0;-6.0;56.0;-37.0;ACETIC_ACID
2670.0;4620.0;7840.0;13090.0;2034.0;2862.0;2400.0;4210.0;7210.0;12040.0;1893.0;2772.0;13.0;-9.0;46.0;-43.0;ACETIC_ACID
2710.0;4670.0;7910.0;13280.0;2052.0;2876.0;2330.0;4120.0;7090.0;11970.0;1900.0;2780.0;23.0;-9.0;57.0;-43.0;ACETIC_ACID
2740.0;4730.0;8020.0;13390.0;2055.0;2880.0;2300.0;4050.0;7030.0;11940.0;1895.0;2796.0;13.0;-6.0;49.0;-44.0;ACETIC_ACID
2640.0;4600.0;7840.0;13070.0;2027.0;2872.0;2350.0;4150.0;7150.0;11960.0;1874.0;2763.0;10.0;-6.0;53.0;-44.0;ACETIC_ACID
2600.0;4510.0;7770.0;13040.0;2015.0;2860.0;2290.0;4020.0;6940.0;11820.0;1866.0;2767.0;18.0;-8.0;60.0;-45.0;ACETIC_ACID
2700.0;4680.0;7960.0;13230.0;2039.0;2869.0;2410.0;4210.0;7290.0;12170.0;1888.0;2762.0;12.0;-8.0;52.0;-45.0;ACETIC_ACID
2740.0;4740.0;8040.0;13250.0;2059.0;2898.0;2370.0;4240.0;7290.0;12140.0;1908.0;2798.0;6.0;-8.0;49.0;-43.0;ACETIC_ACID
2770.0;4770.0;8120.0;13440.0;2066.0;2910.0;2300.0;4070.0;7040.0;11920.0;1896.0;2794.0;7.0;-8.0;44.0;-42.0;ACETIC_ACID
2710.0;4690.0;7980.0;13260.0;2048.0;2897.0;2400.0;4170.0;7210.0;12040.0;1904.0;2794.0;7.0;-8.0;51.0;-42.0;ACETIC_ACID
2680.0;4660.0;7960.0;13280.0;2061.0;2907.0;2390.0;4200.0;7170.0;12030.0;1900.0;2805.0;19.0;-7.0;63.0;-40.0;ACETIC_ACID
2700.0;4700.0;7990.0;13350.0;2070.0;2919.0;2300.0;4070.0;7060.0;12000.0;1898.0;2817.0;17.0;-5.0;56.0;-40.0;ACETIC_ACID
2750.0;4750.0;8090.0;13350.0;2066.0;2919.0;2420.0;4260.0;7290.0;12110.0;1909.0;2829.0;20.0;-5.0;64.0;-41.0;ACETIC_ACID
2710.0;4660.0;7950.0;13270.0;2056.0;2918.0;2370.0;4190.0;7160.0;12020.0;1904.0;2837.0;28.0;-4.0;58.0;-41.0;ACETIC_ACID
2770.0;4770.0;8120.0;13460.0;2071.0;2924.0;2380.0;4190.0;7250.0;12240.0;1924.0;2832.0;25.0;-3.0;60.0;-41.0;ACETIC_ACID
2770.0;4780.0;8170.0;13520.0;2079.0;2934.0;2380.0;4200.0;7200.0;12130.0;1916.0;2827.0;23.0;-3.0;54.0;-41.0;ACETIC_ACID
2710.0;4690.0;8010.0;13390.0;2085.0;2940.0;2360.0;4160.0;7190.0;12230.0;1932.0;2842.0;23.0;-2.0;59.0;-39.0;ACETIC_ACID
2820.0;4850.0;8190.0;13660.0;2096.0;2946.0;2440.0;4240.0;7270.0;12320.0;1933.0;2867.0;21.0;-2.0;57.0;-39.0;ACETIC_ACID
2820.0;4880.0;8320.0;13730.0;2115.0;2977.0;2370.0;4140.0;7160.0;12070.0;1933.0;2850.0;25.0;-6.0;63.0;-37.0;ACETIC_ACID
2800.0;4860.0;8330.0;13800.0;2132.0;2982.0;2500.0;4380.0;7480.0;12450.0;1968.0;2876.0;22.0;-8.0;55.0;-39.0;ACETIC_ACID
2770.0;4790.0;8220.0;13680.0;2112.0;2975.0;2430.0;4250.0;7340.0;12480.0;1955.0;2886.0;13.0;-8.0;63.0;-39.0;ACETIC_ACID
2840.0;4920.0;8380.0;13880.0;2144.0;3000.0;2490.0;4370.0;7510.0;12600.0;1961.0;2892.0;19.0;-8.0;61.0;-36.0;ACETIC_ACID
2870.0;4940.0;8380.0;13870.0;2150.0;3012.0;2470.0;4380.0;7520.0;12680.0;1993.0;2915.0;19.0;-8.0;64.0;-36.0;ACETIC_ACID
2900.0;5010.0;8480.0;14010.0;2173.0;3032.0;2450.0;4260.0;7370.0;12440.0;1971.0;2914.0;23.0;-8.0;54.0;-45.0;ACETIC_ACID
2890.0;4980.0;8430.0;13990.0;2151.0;3022.0;2580.0;4490.0;7690.0;12730.0;1982.0;2937.0;20.0;-15.0;61.0;-46.0;ACETIC_ACID
2870.0;4960.0;8410.0;14010.0;2154.0;3032.0;2570.0;4450.0;7670.0;12910.0;2009.0;2935.0;11.0;-9.0;45.0;-47.0;ACETIC_ACID
2830.0;4880.0;8340.0;13910.0;2158.0;3026.0;2480.0;4380.0;7500.0;12560.0;1980.0;2924.0;15.0;-13.0;57.0;-47.0;ACETIC_ACID
2840.0;4930.0;8400.0;13840.0;2140.0;3008.0;2420.0;4260.0;7410.0;12480.0;1980.0;2916.0;14.0;-13.0;53.0;-47.0;ACETIC_ACID
2840.0;4900.0;8380.0;13900.0;2138.0;3012.0;2430.0;4280.0;7400.0;12570.0;1979.0;2893.0;19.0;-13.0;66.0;-47.0;ACETIC_ACID
2830.0;4920.0;8330.0;13750.0;2132.0;3032.0;2410.0;4220.0;7320.0;12390.0;1961.0;2893.0;14.0;-13.0;51.0;-46.0;ACETIC_ACID
2840.0;4910.0;8380.0;13880.0;2145.0;3020.0;2570.0;4480.0;7680.0;12750.0;1999.0;2945.0;19.0;-13.0;65.0;-44.0;ACETIC_ACID
2850.0;4910.0;8410.0;13880.0;2153.0;3024.0;2510.0;4410.0;7570.0;12760.0;1991.0;2920.0;19.0;-12.0;56.0;-44.0;ACETIC_ACID
2880.0;4960.0;8430.0;13980.0;2154.0;3025.0;2480.0;4360.0;7530.0;12700.0;1992.0;2925.0;25.0;-12.0;67.0;-42.0;ACETIC_ACID
2890.0;5040.0;8580.0;14090.0;2178.0;3064.0;2460.0;4370.0;7590.0;12810.0;2010.0;2927.0;13.0;-9.0;53.0;-44.0;ACETIC_ACID
2880.0;4970.0;8450.0;14060.0;2192.0;3059.0;2530.0;4420.0;7620.0;12790.0;1990.0;2954.0;15.0;-9.0;57.0;-51.0;ACETIC_ACID
2890.0;4990.0;8540.0;14170.0;2167.0;3060.0;2470.0;4330.0;7530.0;12710.0;2008.0;2950.0;13.0;-8.0;60.0;-51.0;ACETIC_ACID
2900.0;5030.0;8560.0;14170.0;2191.0;3058.0;2510.0;4400.0;7570.0;12840.0;2015.0;2943.0;12.0;-7.0;61.0;-49.0;ACETIC_ACID
2840.0;4930.0;8400.0;14010.0;2163.0;3017.0;2470.0;4350.0;7540.0;12740.0;2009.0;2944.0;14.0;-8.0;64.0;-51.0;ACETIC_ACID
2810.0;4900.0;8300.0;13900.0;2133.0;3006.0;2500.0;4390.0;7530.0;12580.0;1972.0;2897.0;16.0;-12.0;65.0;-49.0;ACETIC_ACID
2850.0;4950.0;8430.0;13950.0;2146.0;3030.0;2510.0;4410.0;7640.0;12750.0;1999.0;2950.0;16.0;-7.0;61.0;-49.0;ACETIC_ACID
2860.0;4940.0;8410.0;13960.0;2169.0;3046.0;2460.0;4340.0;7480.0;12670.0;1982.0;2940.0;18.0;-11.0;63.0;-49.0;ACETIC_ACID
2880.0;4980.0;8450.0;14110.0;2178.0;3051.0;2470.0;4350.0;7480.0;12650.0;2004.0;2936.0;12.0;-11.0;73.0;-49.0;ACETIC_ACID
2880.0;5010.0;8500.0;14140.0;2175.0;3074.0;2540.0;4460.0;7720.0;12970.0;2032.0;2973.0;10.0;-11.0;58.0;-49.0;ACETIC_ACID
2890.0;5000.0;8520.0;14190.0;2178.0;3092.0;2550.0;4470.0;7740.0;12970.0;2041.0;2975.0;12.0;-10.0;60.0;-50.0;ACETIC_ACID
2910.0;5020.0;8550.0;14140.0;2183.0;3089.0;2550.0;4480.0;7670.0;12820.0;2018.0;2974.0;16.0;-10.0;69.0;-53.0;ACETIC_ACID
2920.0;5040.0;8560.0;14300.0;2197.0;3083.0;2570.0;4490.0;7750.0;13020.0;2038.0;2996.0;18.0;-10.0;62.0;-54.0;ACETIC_ACID
2900.0;5040.0;8630.0;14290.0;2209.0;3109.0;2500.0;4390.0;7580.0;12760.0;2026.0;2991.0;16.0;-10.0;59.0;-54.0;ACETIC_ACID
2930.0;5060.0;8570.0;14280.0;2201.0;3121.0;2510.0;4440.0;7600.0;12800.0;2030.0;2995.0;15.0;-8.0;60.0;-55.0;ACETIC_ACID
2940.0;5050.0;8610.0;14290.0;2214.0;3117.0;2600.0;4560.0;7840.0;13110.0;2062.0;3013.0;16.0;-10.0;73.0;-55.0;ACETIC_ACID
2960.0;5110.0;8760.0;14500.0;2233.0;3121.0;2560.0;4470.0;7770.0;13160.0;2078.0;3034.0;13.0;-10.0;61.0;-45.0;ACETIC_ACID
2950.0;5100.0;8700.0;14480.0;2219.0;3122.0;2620.0;4560.0;7850.0;13010.0;2044.0;3016.0;26.0;-12.0;66.0;-45.0;ACETIC_ACID
3000.0;5160.0;8770.0;14440.0;2240.0;3153.0;2700.0;4710.0;7990.0;13380.0;2073.0;3043.0;23.0;-12.0;52.0;-50.0;ACETIC_ACID
3010.0;5180.0;8780.0;14500.0;2232.0;3165.0;2600.0;4550.0;7830.0;13200.0;2078.0;3056.0;26.0;-12.0;64.0;-50.0;ACETIC_ACID
3030.0;5200.0;8840.0;14650.0;2261.0;3184.0;2620.0;4570.0;7850.0;13210.0;2079.0;3050.0;23.0;-10.0;66.0;-50.0;ACETIC_ACID
3020.0;5210.0;8800.0;14640.0;2271.0;3182.0;2650.0;4660.0;8010.0;13460.0;2094.0;3077.0;22.0;-10.0;71.0;-50.0;ACETIC_ACID
3030.0;5230.0;8880.0;14720.0;2267.0;3172.0;2550.0;4490.0;7770.0;13080.0;2068.0;3052.0;11.0;-4.0;58.0;-50.0;ACETIC_ACID
3090.0;5310.0;9010.0;14830.0;2271.0;3195.0;2720.0;4720.0;8100.0;13490.0;2102.0;3071.0;10.0;-3.0;64.0;-50.0;ACETIC_ACID
3040.0;5240.0;8890.0;14660.0;2259.0;3170.0;2710.0;4680.0;8090.0;13430.0;2102.0;3076.0;11.0;-3.0;59.0;-47.0;ACETIC_ACID
3050.0;5260.0;8970.0;14860.0;2271.0;3202.0;2710.0;4720.0;8090.0;13440.0;2085.0;3081.0;10.0;-5.0;64.0;-47.0;ACETIC_ACID
3030.0;5240.0;8860.0;14730.0;2267.0;3184.0;2650.0;4680.0;8030.0;13360.0;2086.0;3064.0;23.0;-5.0;66.0;-47.0;ACETIC_ACID
3080.0;5290.0;8930.0;14880.0;2299.0;3210.0;2600.0;4580.0;7900.0;13380.0;2094.0;3100.0;20.0;-6.0;60.0;-47.0;ACETIC_ACID
3070.0;5300.0;8960.0;14880.0;2301.0;3222.0;2620.0;4610.0;7880.0;13310.0;2105.0;3104.0;12.0;-10.0;67.0;-55.0;ACETIC_ACID
3070.0;5300.0;8990.0;14890.0;2293.0;3244.0;2720.0;4750.0;8200.0;13720.0;2150.0;3133.0;10.0;-10.0;55.0;-55.0;ACETIC_ACID
3020.0;5270.0;8940.0;14770.0;2283.0;3220.0;2610.0;4640.0;7890.0;13390.0;2107.0;3118.0;23.0;-11.0;70.0;-55.0;ACETIC_ACID
3050.0;5310.0;8980.0;14980.0;2290.0;3232.0;2700.0;4740.0;8090.0;13670.0;2126.0;3131.0;12.0;-12.0;64.0;-51.0;ACETIC_ACID
3080.0;5300.0;9000.0;14880.0;2300.0;3227.0;2630.0;4600.0;7960.0;13320.0;2110.0;3115.0;15.0;-12.0;61.0;-50.0;ACETIC_ACID
3080.0;5310.0;9050.0;14940.0;2318.0;3251.0;2680.0;4690.0;8080.0;13630.0;2146.0;3135.0;14.0;-11.0;69.0;-49.0;ACETIC_ACID
3160.0;5450.0;9260.0;15250.0;2323.0;3267.0;2750.0;4820.0;8280.0;13810.0;2145.0;3166.0;13.0;-11.0;56.0;-49.0;ACETIC_ACID
3160.0;5420.0;9200.0;15260.0;2348.0;3294.0;2760.0;4810.0;8290.0;13890.0;2171.0;3184.0;22.0;-11.0;69.0;-49.0;ACETIC_ACID
3130.0;5390.0;9260.0;15240.0;2350.0;3294.0;2660.0;4700.0;8100.0;13640.0;2164.0;3163.0;20.0;-11.0;64.0;-56.0;ACETIC_ACID
3080.0;5350.0;9130.0;15150.0;2324.0;3262.0;2680.0;4750.0;8070.0;13610.0;2134.0;3131.0;20.0;-8.0;74.0;-56.0;ACETIC_ACID
3000.0;5180.0;8890.0;14790.0;2277.0;3206.0;2650.0;4660.0;8060.0;13460.0;2096.0;3101.0;25.0;-10.0;74.0;-56.0;ACETIC_ACID
2990.0;5140.0;8810.0;14650.0;2272.0;3210.0;2630.0;4600.0;7960.0;13380.0;2112.0;3107.0;16.0;-11.0;70.0;-56.0;ACETIC_ACID
3080.0;5290.0;9000.0;14940.0;2293.0;3230.0;2600.0;4560.0;7900.0;13350.0;2098.0;3110.0;15.0;-10.0;65.0;-53.0;ACETIC_ACID
3090.0;5310.0;9030.0;15030.0;2317.0;3259.0;2680.0;4710.0;8140.0;13600.0;2138.0;3153.0;13.0;-10.0;71.0;-53.0;ACETIC_ACID
3170.0;5450.0;9260.0;15290.0;2344.0;3285.0;2670.0;4710.0;8090.0;13600.0;2140.0;3162.0;18.0;-10.0;68.0;-53.0;ACETIC_ACID
3140.0;5410.0;9210.0;15140.0;2341.0;3269.0;2680.0;4690.0;8140.0;13730.0;2142.0;3155.0;23.0;-10.0;73.0;-53.0;ACETIC_ACID
3140.0;5440.0;9240.0;15230.0;2345.0;3286.0;2660.0;4710.0;8130.0;13760.0;2173.0;3185.0;17.0;-10.0;53.0;-53.0;ACETIC_ACID
3150.0;5450.0;9230.0;15300.0;2360.0;3309.0;2690.0;4730.0;8140.0;13810.0;2181.0;3191.0;17.0;-9.0;70.0;-55.0;ACETIC_ACID
3170.0;5470.0;9330.0;15460.0;2379.0;3331.0;2730.0;4790.0;8220.0;13870.0;2182.0;3208.0;17.0;-9.0;69.0;-55.0;ACETIC_ACID
3180.0;5490.0;9320.0;15440.0;2389.0;3348.0;2840.0;4980.0;8510.0;14140.0;2220.0;3223.0;17.0;-11.0;72.0;-55.0;ACETIC_ACID
3210.0;5540.0;9460.0;15610.0;2414.0;3358.0;2820.0;4930.0;8440.0;14190.0;2218.0;3243.0;17.0;-11.0;59.0;-55.0;ACETIC_ACID
3220.0;5580.0;9460.0;15660.0;2398.0;3361.0;2790.0;4840.0;8290.0;13970.0;2196.0;3219.0;16.0;-11.0;59.0;-51.0;ACETIC_ACID
3190.0;5530.0;9390.0;15610.0;2399.0;3360.0;2840.0;4960.0;8470.0;14200.0;2217.0;3246.0;17.0;-13.0;60.0;-51.0;ACETIC_ACID
3300.0;5670.0;9630.0;15770.0;2417.0;3386.0;2800.0;4890.0;8400.0;14100.0;2231.0;3271.0;12.0;-13.0;65.0;-52.0;ACETIC_ACID
3270.0;5600.0;9490.0;15800.0;2420.0;3374.0;2820.0;4950.0;8460.0;14020.0;2202.0;3254.0;12.0;-13.0;68.0;-50.0;ACETIC_ACID
3260.0;5620.0;9500.0;15750.0;2417.0;3391.0;2820.0;4920.0;8450.0;14170.0;2223.0;3271.0;12.0;-13.0;60.0;-52.0;ACETIC_ACID
3240.0;5600.0;9460.0;15640.0;2409.0;3370.0;2770.0;4880.0;8390.0;14170.0;2228.0;3249.0;12.0;-12.0;62.0;-55.0;ACETIC_ACID
3250.0;5650.0;9550.0;15850.0;2417.0;3372.0;2820.0;4980.0;8630.0;14400.0;2250.0;3278.0;20.0;-12.0;67.0;-55.0;ACETIC_ACID
3200.0;5550.0;9400.0;15650.0;2414.0;3372.0;2890.0;5040.0;8610.0;14310.0;2231.0;3269.0;26.0;-10.0;77.0;-59.0;ACETIC_ACID
3230.0;5560.0;9500.0;15740.0;2401.0;3389.0;2850.0;4950.0;8450.0;14180.0;2227.0;3269.0;17.0;-9.0;70.0;-61.0;ACETIC_ACID
3270.0;5640.0;9540.0;15660.0;2411.0;3374.0;2770.0;4860.0;8370.0;14120.0;2217.0;3253.0;23.0;-9.0;73.0;-61.0;ACETIC_ACID
3230.0;5570.0;9440.0;15740.0;2421.0;3389.0;2870.0;5040.0;8570.0;14340.0;2236.0;3276.0;24.0;-14.0;74.0;-58.0;ACETIC_ACID
3260.0;5630.0;9550.0;15820.0;2430.0;3392.0;2860.0;5020.0;8610.0;14420.0;2254.0;3280.0;20.0;-14.0;73.0;-58.0;ACETIC_ACID
3260.0;5630.0;9600.0;15860.0;2435.0;3417.0;2920.0;5060.0;8680.0;14450.0;2252.0;3279.0;20.0;-14.0;57.0;-54.0;ACETIC_ACID
3300.0;5690.0;9650.0;15990.0;2460.0;3409.0;2850.0;4990.0;8530.0;14400.0;2251.0;3290.0;27.0;-14.0;77.0;-53.0;ACETIC_ACID
3340.0;5740.0;9700.0;16070.0;2461.0;3435.0;2810.0;4920.0;8420.0;14250.0;2251.0;3280.0;19.0;-10.0;62.0;-53.0;ACETIC_ACID
3280.0;5680.0;9620.0;15870.0;2439.0;3405.0;2880.0;5070.0;8590.0;14340.0;2247.0;3281.0;19.0;-10.0;61.0;-53.0;ACETIC_ACID
3320.0;5720.0;9620.0;15930.0;2447.0;3429.0;2860.0;5020.0;8610.0;14440.0;2260.0;3305.0;27.0;-10.0;71.0;-55.0;ACETIC_ACID
3330.0;5720.0;9730.0;15990.0;2472.0;3457.0;2910.0;5100.0;8750.0;14790.0;2285.0;3353.0;20.0;-11.0;69.0;-58.0;ACETIC_ACID
3330.0;5710.0;9720.0;16160.0;2481.0;3455.0;2930.0;5090.0;8750.0;14590.0;2274.0;3327.0;17.0;-11.0;63.0;-58.0;ACETIC_ACID
3390.0;5830.0;9880.0;16250.0;2496.0;3480.0;2960.0;5190.0;8840.0;14710.0;2278.0;3359.0;17.0;-12.0;64.0;-58.0;ACETIC_ACID
3420.0;5830.0;9870.0;16250.0;2502.0;3482.0;2930.0;5130.0;8750.0;14530.0;2292.0;3362.0;14.0;-17.0;62.0;-58.0;ACETIC_ACID
3420.0;5870.0;9850.0;16380.0;2509.0;3488.0;2960.0;5220.0;8900.0;14850.0;2302.0;3375.0;22.0;-12.0;79.0;-58.0;ACETIC_ACID
3290.0;5690.0;9700.0;16050.0;2465.0;3451.0;2910.0;5050.0;8670.0;14590.0;2281.0;3321.0;24.0;-14.0;79.0;-56.0;ACETIC_ACID
3250.0;5630.0;9610.0;15860.0;2448.0;3422.0;2930.0;5110.0;8780.0;14630.0;2261.0;3310.0;24.0;-15.0;70.0;-60.0;ACETIC_ACID
3310.0;5730.0;9690.0;16040.0;2474.0;3456.0;2920.0;5080.0;8670.0;14560.0;2276.0;3344.0;24.0;-14.0;76.0;-58.0;ACETIC_ACID
3350.0;5750.0;9760.0;16180.0;2479.0;3440.0;2920.0;5100.0;8750.0;14700.0;2294.0;3345.0;30.0;-14.0;80.0;-56.0;ACETIC_ACID
3350.0;5780.0;9800.0;16190.0;2488.0;3499.0;2880.0;5060.0;8730.0;14660.0;2301.0;3378.0;12.0;-14.0;66.0;-55.0;ACETIC_ACID
3410.0;5880.0;9920.0;16390.0;2519.0;3512.0;2910.0;5060.0;8760.0;14750.0;2299.0;3376.0;12.0;-14.0;68.0;-56.0;ACETIC_ACID
3350.0;5760.0;9760.0;16160.0;2479.0;3507.0;2920.0;5050.0;8700.0;14650.0;2296.0;3372.0;23.0;-14.0;76.0;-56.0;ACETIC_ACID
3370.0;5810.0;9840.0;16270.0;2508.0;3490.0;3000.0;5270.0;8980.0;14950.0;2315.0;3391.0;23.0;-14.0;71.0;-55.0;ACETIC_ACID
3410.0;5900.0;9970.0;16450.0;2527.0;3521.0;2970.0;5180.0;8880.0;14890.0;2323.0;3398.0;17.0;-15.0;59.0;-56.0;ACETIC_ACID
3460.0;5990.0;10000.0;16480.0;2521.0;3528.0;2940.0;5160.0;8760.0;14810.0;2319.0;3402.0;24.0;-15.0;77.0;-61.0;ACETIC_ACID
3460.0;5920.0;10050.0;16560.0;2544.0;3547.0;2960.0;5170.0;8830.0;14850.0;2330.0;3416.0;14.0;-15.0;66.0;-61.0;ACETIC_ACID
3500.0;5950.0;10090.0;16600.0;2541.0;3548.0;3010.0;5240.0;9000.0;15010.0;2357.0;3422.0;24.0;-9.0;74.0;-58.0;ACETIC_ACID
3460.0;5940.0;10080.0;16620.0;2546.0;3556.0;2990.0;5220.0;8930.0;14930.0;2336.0;3424.0;25.0;-9.0;67.0;-61.0;ACETIC_ACID
3430.0;5920.0;9990.0;16540.0;2541.0;3549.0;2960.0;5190.0;8890.0;14930.0;2347.0;3419.0;24.0;-9.0;82.0;-61.0;ACETIC_ACID
3420.0;5880.0;10090.0;16630.0;2537.0;3550.0;2920.0;5160.0;8920.0;14990.0;2349.0;3423.0;23.0;-9.0;70.0;-61.0;ACETIC_ACID
3430.0;5920.0;10080.0;16610.0;2529.0;3538.0;2960.0;5180.0;8840.0;14840.0;2330.0;3402.0;17.0;-9.0;74.0;-61.0;ACETIC_ACID
3420.0;5900.0;10010.0;16560.0;2543.0;3552.0;2960.0;5190.0;8880.0;15030.0;2344.0;3433.0;23.0;-10.0;73.0;-62.0;ACETIC_ACID
3420.0;5930.0;10030.0;16570.0;2552.0;3547.0;2940.0;5130.0;8860.0;14920.0;2353.0;3434.0;15.0;-10.0;80.0;-61.0;ACETIC_ACID
3440.0;5940.0;10130.0;16710.0;2553.0;3584.0;3030.0;5300.0;9090.0;15320.0;2378.0;3486.0;21.0;-11.0;81.0;-59.0;ACETIC_ACID
3460.0;5970.0;10120.0;16830.0;2579.0;3586.0;3050.0;5290.0;9110.0;15280.0;2380.0;3453.0;26.0;-11.0;82.0;-58.0;ACETIC_ACID
3500.0;6010.0;10180.0;16690.0;2570.0;3593.0;3150.0;5480.0;9340.0;15390.0;2390.0;3482.0;15.0;-12.0;73.0;-58.0;ACETIC_ACID
3520.0;6030.0;10210.0;16830.0;2584.0;3588.0;2990.0;5210.0;8930.0;15120.0;2362.0;3463.0;30.0;-12.0;79.0;-58.0;ACETIC_ACID
3490.0;5990.0;10230.0;16840.0;2579.0;3571.0;2950.0;5150.0;8890.0;14990.0;2349.0;3452.0;10.0;-12.0;71.0;-59.0;ACETIC_ACID
3550.0;6070.0;10240.0;16880.0;2577.0;3597.0;3020.0;5230.0;9010.0;15120.0;2383.0;3473.0;23.0;-12.0;85.0;-64.0;ACETIC_ACID
3530.0;6060.0;10270.0;16820.0;2570.0;3590.0;2970.0;5260.0;8970.0;15130.0;2372.0;3469.0;18.0;-12.0;70.0;-64.0;ACETIC_ACID
3510.0;6060.0;10230.0;16760.0;2586.0;3604.0;3060.0;5390.0;9320.0;15360.0;2390.0;3483.0;18.0;-16.0;78.0;-64.0;ACETIC_ACID
3500.0;6030.0;10280.0;16880.0;2601.0;3627.0;3100.0;5390.0;9170.0;15350.0;2388.0;3502.0;21.0;-12.0;83.0;-64.0;ACETIC_ACID
3530.0;6090.0;10250.0;16950.0;2594.0;3616.0;3120.0;5430.0;9210.0;15350.0;2384.0;3484.0;22.0;-11.0;70.0;-65.0;ACETIC_ACID
3500.0;6010.0;10190.0;16770.0;2589.0;3600.0;3100.0;5400.0;9190.0;15300.0;2380.0;3483.0;24.0;-11.0;86.0;-63.0;ACETIC_ACID
3550.0;6100.0;10330.0;17010.0;2597.0;3617.0;3110.0;5370.0;9180.0;15290.0;2386.0;3480.0;21.0;-12.0;70.0;-65.0;ACETIC_ACID
3530.0;6120.0;10290.0;16940.0;2594.0;3608.0;3080.0;5390.0;9260.0;15410.0;2396.0;3492.0;20.0;-10.0;82.0;-66.0;ACETIC_ACID
3520.0;6100.0;10380.0;17070.0;2596.0;3634.0;3080.0;5390.0;9240.0;15420.0;2399.0;3528.0;16.0;-12.0;82.0;-66.0;ACETIC_ACID
3580.0;6120.0;10390.0;17030.0;2615.0;3645.0;3120.0;5400.0;9260.0;15430.0;2420.0;3520.0;28.0;-12.0;92.0;-66.0;ACETIC_ACID
3570.0;6170.0;10400.0;17120.0;2624.0;3652.0;3030.0;5320.0;9170.0;15410.0;2425.0;3512.0;26.0;-12.0;93.0;-69.0;ACETIC_ACID
3550.0;6120.0;10350.0;17030.0;2617.0;3629.0;3100.0;5450.0;9330.0;15580.0;2425.0;3537.0;23.0;-15.0;92.0;-66.0;ACETIC_ACID
3480.0;6010.0;10230.0;16950.0;2589.0;3631.0;3110.0;5410.0;9200.0;15290.0;2390.0;3504.0;29.0;-15.0;84.0;-65.0;ACETIC_ACID
3570.0;6160.0;10410.0;17230.0;2619.0;3652.0;3160.0;5480.0;9350.0;15570.0;2416.0;3525.0;21.0;-15.0;78.0;-70.0;ACETIC_ACID
3600.0;6180.0;10440.0;17140.0;2631.0;3677.0;3150.0;5500.0;9420.0;15720.0;2459.0;3547.0;25.0;-15.0;69.0;-65.0;ACETIC_ACID
3600.0;6230.0;10510.0;17400.0;2654.0;3687.0;3210.0;5560.0;9500.0;15850.0;2451.0;3563.0;26.0;-15.0;85.0;-63.0;ACETIC_ACID
3670.0;6280.0;10580.0;17450.0;2651.0;3703.0;3230.0;5620.0;9550.0;15800.0;2456.0;3588.0;25.0;-15.0;77.0;-62.0;ACETIC_ACID
3670.0;6330.0;10610.0;17500.0;2686.0;3717.0;3250.0;5630.0;9600.0;15840.0;2466.0;3597.0;17.0;-15.0;73.0;-62.0;ACETIC_ACID
3680.0;6300.0;10660.0;17530.0;2687.0;3755.0;3300.0;5760.0;9770.0;16080.0;2481.0;3638.0;22.0;-14.0;85.0;-62.0;ACETIC_ACID
3730.0;6360.0;10720.0;17630.0;2705.0;3751.0;3190.0;5570.0;9480.0;15950.0;2490.0;3618.0;22.0;-14.0;85.0;-62.0;ACETIC_ACID
3720.0;6390.0;10820.0;17770.0;2714.0;3784.0;3280.0;5690.0;9750.0;16160.0;2524.0;3637.0;22.0;-13.0;72.0;-63.0;ACETIC_ACID
3750.0;6440.0;10840.0;17770.0;2708.0;3772.0;3190.0;5510.0;9520.0;15920.0;2476.0;3624.0;23.0;-12.0;79.0;-65.0;ACETIC_ACID
3700.0;6360.0;10770.0;17740.0;2714.0;3757.0;3210.0;5580.0;9540.0;15950.0;2494.0;3633.0;24.0;-13.0;75.0;-65.0;ACETIC_ACID
3730.0;6390.0;10810.0;17790.0;2718.0;3772.0;3220.0;5590.0;9510.0;15980.0;2494.0;3639.0;19.0;-13.0;84.0;-65.0;ACETIC_ACID
3670.0;6280.0;10640.0;17560.0;2699.0;3769.0;3320.0;5780.0;9770.0;16310.0;2524.0;3644.0;21.0;-13.0;78.0;-64.0;ACETIC_ACID
3720.0;6400.0;10760.0;17740.0;2702.0;3787.0;3160.0;5530.0;9560.0;16120.0;2509.0;3655.0;24.0;-12.0;91.0;-66.0;ACETIC_ACID
3680.0;6330.0;10770.0;17690.0;2693.0;3766.0;3240.0;5570.0;9600.0;15980.0;2493.0;3646.0;21.0;-12.0;93.0;-65.0;ACETIC_ACID
3690.0;6320.0;10670.0;17620.0;2702.0;3780.0;3250.0;5650.0;9670.0;16080.0;2496.0;3656.0;26.0;-12.0;81.0;-65.0;ACETIC_ACID
3670.0;6320.0;10670.0;17580.0;2683.0;3751.0;3220.0;5620.0;9580.0;15950.0;2498.0;3623.0;34.0;-12.0;95.0;-69.0;ACETIC_ACID
3650.0;6240.0;10530.0;17480.0;2682.0;3761.0;3230.0;5650.0;9680.0;16210.0;2508.0;3633.0;21.0;-12.0;80.0;-69.0;ACETIC_ACID
3700.0;6360.0;10750.0;17750.0;2701.0;3775.0;3290.0;5700.0;9710.0;16060.0;2491.0;3637.0;16.0;-12.0;79.0;-66.0;ACETIC_ACID
3680.0;6340.0;10640.0;17620.0;2692.0;3757.0;3190.0;5580.0;9620.0;16060.0;2485.0;3626.0;26.0;-13.0;95.0;-66.0;ACETIC_ACID
3680.0;6280.0;10650.0;17540.0;2691.0;3745.0;3140.0;5480.0;9380.0;15800.0;2477.0;3621.0;21.0;-16.0;80.0;-66.0;ACETIC_ACID
3710.0;6400.0;10810.0;17760.0;2712.0;3776.0;3320.0;5750.0;9740.0;16200.0;2510.0;3644.0;24.0;-16.0;85.0;-66.0;ACETIC_ACID
3700.0;6390.0;10790.0;17750.0;2708.0;3780.0;3240.0;5670.0;9780.0;16180.0;2529.0;3672.0;14.0;-16.0;71.0;-66.0;ACETIC_ACID
3750.0;6400.0;10880.0;17950.0;2751.0;3816.0;3190.0;5600.0;9600.0;16070.0;2513.0;3676.0;21.0;-16.0;82.0;-66.0;ACETIC_ACID
3810.0;6490.0;10960.0;17910.0;2741.0;3809.0;3250.0;5650.0;9730.0;16250.0;2525.0;3684.0;38.0;-16.0;92.0;-63.0;ACETIC_ACID
3770.0;6420.0;10850.0;17850.0;2746.0;3811.0;3340.0;5800.0;9880.0;16260.0;2524.0;3690.0;23.0;-16.0;84.0;-63.0;ACETIC_ACID
3830.0;6570.0;11100.0;18130.0;2777.0;3867.0;3280.0;5710.0;9750.0;16320.0;2554.0;3715.0;20.0;-16.0;82.0;-63.0;ACETIC_ACID
3870.0;6650.0;11200.0;18210.0;2789.0;3881.0;3350.0;5870.0;10030.0;16590.0;2566.0;3738.0;20.0;-16.0;78.0;-63.0;ACETIC_ACID
3850.0;6570.0;11130.0;18180.0;2781.0;3876.0;3320.0;5780.0;9840.0;16320.0;2561.0;3735.0;22.0;-16.0;86.0;-65.0;ACETIC_ACID
3850.0;6590.0;11110.0;18300.0;2790.0;3888.0;3420.0;5940.0;10120.0;16750.0;2589.0;3752.0;22.0;-16.0;83.0;-69.0;ACETIC_ACID
3850.0;6640.0;11170.0;18230.0;2794.0;3883.0;3240.0;5620.0;9730.0;16300.0;2568.0;3720.0;30.0;-16.0;94.0;-75.0;ACETIC_ACID
3810.0;6520.0;11000.0;18130.0;2770.0;3858.0;3260.0;5660.0;9750.0;16390.0;2559.0;3716.0;27.0;-14.0;92.0;-75.0;ACETIC_ACID
3740.0;6430.0;10890.0;17880.0;2732.0;3811.0;3200.0;5620.0;9670.0;16240.0;2541.0;3689.0;15.0;-14.0;76.0;-75.0;ACETIC_ACID
3650.0;6320.0;10760.0;17760.0;2710.0;3789.0;3310.0;5800.0;9820.0;16280.0;2525.0;3676.0;22.0;-14.0;88.0;-69.0;ACETIC_ACID
3740.0;6450.0;10890.0;17890.0;2732.0;3819.0;3200.0;5610.0;9660.0;16260.0;2554.0;3705.0;14.0;-15.0;75.0;-69.0;ACETIC_ACID
3850.0;6600.0;11110.0;18250.0;2778.0;3862.0;3310.0;5780.0;9800.0;16320.0;2557.0;3733.0;24.0;-14.0;82.0;-69.0;ACETIC_ACID
3820.0;6590.0;11130.0;18240.0;2779.0;3875.0;3200.0;5600.0;9640.0;16230.0;2544.0;3698.0;17.0;-15.0;81.0;-69.0;ACETIC_ACID
3740.0;6430.0;10930.0;18000.0;2769.0;3864.0;3370.0;5860.0;9980.0;16540.0;2559.0;3733.0;26.0;-16.0;88.0;-72.0;ACETIC_ACID
3830.0;6600.0;11100.0;18200.0;2801.0;3873.0;3390.0;5900.0;10090.0;16690.0;2572.0;3747.0;15.0;-17.0;88.0;-72.0;ACETIC_ACID
3880.0;6650.0;11190.0;18380.0;2809.0;3893.0;3390.0;5940.0;10040.0;16550.0;2581.0;3751.0;16.0;-18.0;77.0;-72.0;ACETIC_ACID
3800.0;6540.0;11020.0;18200.0;2781.0;3872.0;3330.0;5800.0;9890.0;16460.0;2562.0;3745.0;16.0;-19.0;78.0;-72.0;ACETIC_ACID
3810.0;6560.0;11160.0;18360.0;2801.0;3884.0;3390.0;5910.0;10100.0;16720.0;2611.0;3765.0;17.0;-19.0;85.0;-72.0;ACETIC_ACID
3870.0;6650.0;11240.0;18390.0;2800.0;3911.0;3300.0;5780.0;9940.0;16680.0;2596.0;3798.0;19.0;-18.0;88.0;-75.0;ACETIC_ACID
3920.0;6700.0;11270.0;18570.0;2819.0;3933.0;3350.0;5870.0;10050.0;16840.0;2629.0;3816.0;16.0;-17.0;81.0;-75.0;ACETIC_ACID
3940.0;6740.0;11360.0;18620.0;2846.0;3961.0;3420.0;5930.0;10130.0;17020.0;2628.0;3811.0;27.0;-17.0;91.0;-70.0;ACETIC_ACID
3880.0;6700.0;11350.0;18510.0;2844.0;3941.0;3380.0;5900.0;10100.0;16910.0;2617.0;3795.0;20.0;-17.0;83.0;-70.0;ACETIC_ACID
3920.0;6690.0;11360.0;18660.0;2849.0;3955.0;3460.0;6000.0;10250.0;17000.0;2617.0;3819.0;24.0;-15.0;93.0;-73.0;ACETIC_ACID
3980.0;6800.0;11400.0;18800.0;2839.0;3959.0;3330.0;5840.0;10050.0;16800.0;2615.0;3833.0;20.0;-16.0;94.0;-73.0;ACETIC_ACID
3910.0;6730.0;11360.0;18660.0;2850.0;3942.0;3310.0;5770.0;10010.0;16670.0;2618.0;3813.0;23.0;-16.0;93.0;-74.0;ACETIC_ACID
3950.0;6760.0;11410.0;18650.0;2849.0;3978.0;3330.0;5860.0;10000.0;16690.0;2619.0;3826.0;20.0;-16.0;83.0;-75.0;ACETIC_ACID
3890.0;6670.0;11310.0;18570.0;2845.0;3961.0;3480.0;6030.0;10270.0;16930.0;2623.0;3813.0;30.0;-16.0;98.0;-75.0;ACETIC_ACID
3900.0;6720.0;11330.0;18590.0;2834.0;3948.0;3480.0;6080.0;10280.0;17160.0;2649.0;3812.0;16.0;-16.0;80.0;-77.0;ACETIC_ACID
3860.0;6670.0;11250.0;18490.0;2820.0;3957.0;3280.0;5750.0;9960.0;16670.0;2611.0;3812.0;36.0;-15.0;100.0;-77.0;ACETIC_ACID
3840.0;6620.0;11190.0;18410.0;2806.0;3922.0;3410.0;5910.0;10130.0;16650.0;2590.0;3780.0;24.0;-15.0;94.0;-74.0;ACETIC_ACID
3880.0;6680.0;11250.0;18540.0;2824.0;3957.0;3350.0;5840.0;10010.0;16710.0;2602.0;3795.0;30.0;-15.0;92.0;-74.0;ACETIC_ACID
3920.0;6750.0;11320.0;18660.0;2843.0;3960.0;3360.0;5840.0;10010.0;16720.0;2610.0;3798.0;16.0;-15.0;88.0;-74.0;ACETIC_ACID
3920.0;6710.0;11330.0;18660.0;2859.0;3982.0;3410.0;5960.0;10240.0;17020.0;2651.0;3862.0;15.0;-18.0;90.0;-73.0;ACETIC_ACID
3990.0;6830.0;11570.0;18860.0;2867.0;3991.0;3360.0;5790.0;10030.0;16820.0;2648.0;3854.0;35.0;-18.0;89.0;-68.0;ACETIC_ACID
3950.0;6800.0;11460.0;18790.0;2881.0;4000.0;3500.0;6080.0;10340.0;17160.0;2669.0;3863.0;32.0;-18.0;91.0;-73.0;ACETIC_ACID
4020.0;6880.0;11570.0;18870.0;2877.0;3988.0;3340.0;5820.0;10060.0;16750.0;2625.0;3837.0;17.0;-18.0;91.0;-73.0;ACETIC_ACID
3960.0;6770.0;11330.0;18730.0;2861.0;3980.0;3380.0;5920.0;10110.0;16930.0;2639.0;3824.0;25.0;-18.0;99.0;-69.0;ACETIC_ACID
3920.0;6720.0;11300.0;18660.0;2849.0;4002.0;3460.0;6030.0;10330.0;17200.0;2660.0;3834.0;22.0;-18.0;87.0;-75.0;ACETIC_ACID
3950.0;6770.0;11430.0;18810.0;2861.0;3987.0;3400.0;5920.0;10120.0;16920.0;2644.0;3839.0;25.0;-18.0;90.0;-75.0;ACETIC_ACID
3970.0;6800.0;11450.0;18910.0;2885.0;4009.0;3550.0;6130.0;10480.0;17220.0;2654.0;3855.0;22.0;-18.0;84.0;-76.0;ACETIC_ACID
3960.0;6790.0;11480.0;18940.0;2897.0;4010.0;3370.0;5890.0;10090.0;16900.0;2674.0;3845.0;31.0;-18.0;91.0;-76.0;ACETIC_ACID
3860.0;6660.0;11320.0;18670.0;2838.0;3953.0;3370.0;5890.0;10120.0;16930.0;2640.0;3827.0;32.0;-18.0;100.0;-83.0;ACETIC_ACID
3860.0;6630.0;11210.0;18620.0;2839.0;3948.0;3420.0;5950.0;10190.0;16890.0;2621.0;3813.0;32.0;-21.0;100.0;-83.0;ACETIC_ACID
3930.0;6780.0;11420.0;18760.0;2871.0;3994.0;3370.0;5920.0;10130.0;17000.0;2672.0;3865.0;17.0;-21.0;90.0;-81.0;ACETIC_ACID
3950.0;6810.0;11520.0;18860.0;2883.0;4006.0;3510.0;6080.0;10410.0;17310.0;2686.0;3874.0;18.0;-21.0;92.0;-77.0;ACETIC_ACID
3950.0;6760.0;11520.0;18830.0;2891.0;4011.0;3410.0;5920.0;10200.0;16960.0;2645.0;3861.0;27.0;-21.0;103.0;-77.0;ACETIC_ACID
4010.0;6870.0;11570.0;18980.0;2886.0;4024.0;3490.0;6070.0;10330.0;17130.0;2663.0;3876.0;29.0;-21.0;101.0;-76.0;ACETIC_ACID
4050.0;6930.0;11710.0;19160.0;2914.0;4053.0;3450.0;6020.0;10330.0;17270.0;2699.0;3925.0;18.0;-21.0;89.0;-76.0;ACETIC_ACID
4020.0;6910.0;11650.0;19130.0;2933.0;4064.0;3470.0;6060.0;10360.0;17170.0;2693.0;3904.0;31.0;-19.0;93.0;-76.0;ACETIC_ACID
4050.0;6930.0;11760.0;19110.0;2937.0;4074.0;3420.0;6000.0;10340.0;17250.0;2683.0;3937.0;22.0;-19.0;98.0;-75.0;ACETIC_ACID
4070.0;6950.0;11730.0;19250.0;2940.0;4075.0;3530.0;6130.0;10540.0;17510.0;2725.0;3939.0;22.0;-19.0;99.0;-74.0;ACETIC_ACID
4110.0;7070.0;11910.0;19440.0;2960.0;4116.0;3560.0;6170.0;10620.0;17630.0;2735.0;3953.0;21.0;-19.0;95.0;-74.0;ACETIC_ACID
4110.0;7040.0;11880.0;19500.0;2970.0;4116.0;3600.0;6270.0;10710.0;17760.0;2747.0;3978.0;32.0;-18.0;103.0;-73.0;ACETIC_ACID
4140.0;7070.0;11970.0;19580.0;2981.0;4140.0;3610.0;6310.0;10710.0;17660.0;2751.0;3988.0;22.0;-15.0;84.0;-72.0;ACETIC_ACID
4140.0;7100.0;11980.0;19650.0;2989.0;4147.0;3610.0;6240.0;10670.0;17700.0;2754.0;4005.0;32.0;-14.0;94.0;-73.0;ACETIC_ACID
4160.0;7130.0;12000.0;19680.0;2977.0;4134.0;3670.0;6370.0;10910.0;17980.0;2770.0;3984.0;24.0;-15.0;80.0;-72.0;ACETIC_ACID
4110.0;7040.0;11880.0;19430.0;2982.0;4164.0;3570.0;6170.0;10570.0;17630.0;2745.0;4012.0;24.0;-16.0;94.0;-72.0;ACETIC_ACID
4110.0;7040.0;11910.0;19580.0;2982.0;4166.0;3680.0;6390.0;10850.0;17830.0;2760.0;4004.0;30.0;-16.0;93.0;-72.0;ACETIC_ACID
4190.0;7150.0;12080.0;19700.0;2998.0;4149.0;3610.0;6300.0;10700.0;17780.0;2763.0;3989.0;20.0;-20.0;83.0;-75.0;ACETIC_ACID
4150.0;7140.0;12010.0;19660.0;3000.0;4169.0;3520.0;6110.0;10510.0;17620.0;2755.0;4003.0;26.0;-20.0;85.0;-75.0;ACETIC_ACID
4150.0;7160.0;12070.0;19750.0;3008.0;4174.0;3580.0;6240.0;10620.0;17760.0;2771.0;4019.0;31.0;-17.0;98.0;-75.0;ACETIC_ACID
4230.0;7250.0;12150.0;19970.0;3033.0;4197.0;3640.0;6370.0;10810.0;17980.0;2797.0;4051.0;33.0;-17.0;91.0;-74.0;ACETIC_ACID
4190.0;7170.0;12110.0;19820.0;3031.0;4224.0;3590.0;6280.0;10750.0;17930.0;2811.0;4038.0;29.0;-16.0;101.0;-75.0;ACETIC_ACID
4150.0;7190.0;12180.0;19900.0;3034.0;4225.0;3610.0;6290.0;10780.0;17940.0;2812.0;4065.0;16.0;-16.0;80.0;-75.0;ACETIC_ACID
4270.0;7290.0;12240.0;20080.0;3051.0;4228.0;3720.0;6470.0;11050.0;18240.0;2821.0;4080.0;24.0;-16.0;84.0;-78.0;ACETIC_ACID
4230.0;7220.0;12170.0;19960.0;3031.0;4237.0;3720.0;6420.0;11020.0;18180.0;2814.0;4075.0;24.0;-16.0;99.0;-80.0;ACETIC_ACID
4230.0;7220.0;12200.0;20030.0;3039.0;4208.0;3670.0;6370.0;10810.0;17970.0;2794.0;4058.0;33.0;-16.0;111.0;-82.0;ACETIC_ACID
4150.0;7090.0;12060.0;19780.0;3013.0;4187.0;3590.0;6300.0;10820.0;17980.0;2801.0;4048.0;31.0;-16.0;102.0;-82.0;ACETIC_ACID
4140.0;7100.0;12020.0;19680.0;3009.0;4171.0;3610.0;6280.0;10710.0;17750.0;2770.0;4057.0;22.0;-16.0;99.0;-82.0;ACETIC_ACID
4190.0;7180.0;12110.0;19880.0;3023.0;4190.0;3690.0;6420.0;10910.0;18090.0;2788.0;4022.0;24.0;-16.0;101.0;-82.0;ACETIC_ACID
4140.0;7120.0;12080.0;19790.0;3028.0;4192.0;3630.0;6390.0;10920.0;18050.0;2795.0;4032.0;15.0;-16.0;93.0;-82.0;ACETIC_ACID
4210.0;7210.0;12150.0;19870.0;3032.0;4202.0;3690.0;6450.0;11000.0;18040.0;2808.0;4056.0;27.0;-16.0;103.0;-82.0;ACETIC_ACID
4210.0;7240.0;12280.0;20090.0;3054.0;4227.0;3670.0;6340.0;10810.0;18040.0;2802.0;4082.0;22.0;-17.0;95.0;-82.0;ACETIC_ACID
4210.0;7220.0;12160.0;20010.0;3042.0;4220.0;3630.0;6310.0;10780.0;17930.0;2814.0;4080.0;26.0;-17.0;90.0;-82.0;ACETIC_ACID
4130.0;7140.0;12120.0;19850.0;3034.0;4218.0;3610.0;6290.0;10700.0;17860.0;2802.0;4070.0;18.0;-17.0;96.0;-82.0;ACETIC_ACID
4110.0;7090.0;12040.0;19780.0;3015.0;4174.0;3670.0;6400.0;10930.0;17950.0;2780.0;4028.0;22.0;-18.0;104.0;-82.0;ACETIC_ACID
4110.0;7080.0;12000.0;19700.0;2999.0;4181.0;3540.0;6200.0;10610.0;17740.0;2762.0;4042.0;23.0;-17.0;100.0;-85.0;ACETIC_ACID
4170.0;7200.0;12150.0;19860.0;3029.0;4223.0;3630.0;6280.0;10710.0;17860.0;2783.0;4059.0;22.0;-16.0;97.0;-83.0;ACETIC_ACID
4180.0;7200.0;12130.0;19870.0;3038.0;4206.0;3710.0;6450.0;11030.0;18260.0;2823.0;4068.0;18.0;-16.0;95.0;-83.0;ACETIC_ACID
4200.0;7180.0;12130.0;20000.0;3035.0;4210.0;3690.0;6430.0;10930.0;17980.0;2795.0;4061.0;24.0;-18.0;96.0;-84.0;ACETIC_ACID
4250.0;7340.0;12300.0;20070.0;3057.0;4237.0;3650.0;6320.0;10820.0;18170.0;2824.0;4098.0;23.0;-21.0;90.0;-84.0;ACETIC_ACID
4280.0;7320.0;12380.0;20160.0;3070.0;4255.0;3800.0;6580.0;11170.0;18420.0;2844.0;4110.0;27.0;-21.0;103.0;-84.0;ACETIC_ACID
4240.0;7220.0;12190.0;20020.0;3045.0;4244.0;3690.0;6450.0;10940.0;18110.0;2809.0;4084.0;21.0;-22.0;97.0;-85.0;ACETIC_ACID
4230.0;7210.0;12180.0;19960.0;3045.0;4229.0;3660.0;6370.0;10910.0;18240.0;2823.0;4079.0;31.0;-21.0;100.0;-87.0;ACETIC_ACID
4230.0;7270.0;12230.0;20050.0;3051.0;4239.0;3620.0;6300.0;10830.0;18040.0;2800.0;4082.0;24.0;-17.0;99.0;-85.0;ACETIC_ACID
4250.0;7250.0;12190.0;20110.0;3061.0;4244.0;3780.0;6560.0;11190.0;18440.0;2831.0;4071.0;24.0;-17.0;103.0;-85.0;ACETIC_ACID
4250.0;7300.0;12310.0;20200.0;3067.0;4265.0;3640.0;6350.0;10860.0;18150.0;2821.0;4117.0;15.0;-18.0;96.0;-84.0;ACETIC_ACID
4280.0;7360.0;12360.0;20220.0;3090.0;4282.0;3740.0;6470.0;11100.0;18410.0;2853.0;4151.0;16.0;-18.0;92.0;-83.0;ACETIC_ACID
4290.0;7340.0;12370.0;20230.0;3097.0;4283.0;3650.0;6340.0;10840.0;18050.0;2835.0;4119.0;16.0;-22.0;90.0;-83.0;ACETIC_ACID
4230.0;7270.0;12230.0;20210.0;3067.0;4264.0;3660.0;6380.0;10850.0;18090.0;2819.0;4120.0;30.0;-22.0;114.0;-83.0;ACETIC_ACID
4230.0;7270.0;12240.0;20160.0;3093.0;4284.0;3660.0;6370.0;10990.0;18300.0;2841.0;4111.0;23.0;-23.0;102.0;-83.0;ACETIC_ACID
4300.0;7400.0;12490.0;20450.0;3097.0;4289.0;3810.0;6620.0;11240.0;18730.0;2874.0;4162.0;21.0;-23.0;97.0;-83.0;ACETIC_ACID
4280.0;7320.0;12390.0;20340.0;3100.0;4295.0;3680.0;6430.0;11010.0;18430.0;2852.0;4112.0;22.0;-22.0;96.0;-87.0;ACETIC_ACID
4280.0;7350.0;12430.0;20330.0;3093.0;4280.0;3690.0;6400.0;10860.0;18210.0;2839.0;4129.0;16.0;-22.0;96.0;-87.0;ACETIC_ACID
4320.0;7410.0;12480.0;20360.0;3095.0;4314.0;3870.0;6700.0;11400.0;18800.0;2897.0;4168.0;21.0;-22.0;98.0;-87.0;ACETIC_ACID
4340.0;7470.0;12580.0;20610.0;3121.0;4321.0;3830.0;6620.0;11230.0;18570.0;2875.0;4164.0;15.0;-20.0;95.0;-87.0;ACETIC_ACID
4370.0;7490.0;12600.0;20590.0;3142.0;4337.0;3730.0;6460.0;11080.0;18440.0;2878.0;4187.0;23.0;-21.0;98.0;-87.0;ACETIC_ACID
4390.0;7510.0;12580.0;20660.0;3142.0;4357.0;3750.0;6530.0;11180.0;18650.0;2901.0;4199.0;30.0;-17.0;100.0;-87.0;ACETIC_ACID
4390.0;7500.0;12690.0;20740.0;3144.0;4351.0;3740.0;6510.0;11180.0;18630.0;2897.0;4189.0;21.0;-17.0;95.0;-83.0;ACETIC_ACID
4410.0;7550.0;12740.0;20880.0;3156.0;4372.0;3920.0;6750.0;11470.0;18880.0;2905.0;4213.0;17.0;-17.0;104.0;-83.0;ACETIC_ACID
4400.0;7520.0;12630.0;20800.0;3164.0;4389.0;3790.0;6560.0;11180.0;18690.0;2888.0;4207.0;18.0;-19.0;96.0;-86.0;ACETIC_ACID
4450.0;7630.0;12830.0;20860.0;3158.0;4371.0;3800.0;6640.0;11320.0;18890.0;2931.0;4224.0;18.0;-19.0;104.0;-86.0;ACETIC_ACID
4380.0;7500.0;12680.0;20710.0;3169.0;4361.0;3770.0;6540.0;11140.0;18540.0;2891.0;4197.0;33.0;-20.0;104.0;-87.0;ACETIC_ACID
4410.0;7520.0;12740.0;20790.0;3151.0;4391.0;3740.0;6470.0;11080.0;18640.0;2900.0;4219.0;19.0;-22.0;93.0;-88.0;ACETIC_ACID
4430.0;7610.0;12780.0;20870.0;3180.0;4392.0;3860.0;6720.0;11460.0;19090.0;2942.0;4244.0;15.0;-20.0;94.0;-88.0;ACETIC_ACID
4450.0;7620.0;12750.0;20870.0;3191.0;4424.0;3840.0;6700.0;11360.0;19230.0;2976.0;4286.0;19.0;-22.0;96.0;-89.0;ACETIC_ACID
4500.0;7690.0;12870.0;21110.0;3215.0;4437.0;3840.0;6660.0;11290.0;18730.0;2921.0;4226.0;31.0;-22.0;107.0;-89.0;ACETIC_ACID
4460.0;7620.0;12840.0;21010.0;3170.0;4400.0;3810.0;6620.0;11220.0;18760.0;2907.0;4252.0;19.0;-19.0;106.0;-89.0;ACETIC_ACID
4370.0;7510.0;12650.0;20730.0;3154.0;4361.0;3810.0;6650.0;11420.0;18850.0;2924.0;4210.0;31.0;-19.0;107.0;-92.0;ACETIC_ACID
4310.0;7440.0;12540.0;20630.0;3138.0;4351.0;3820.0;6610.0;11280.0;18800.0;2922.0;4210.0;27.0;-19.0;112.0;-95.0;ACETIC_ACID
4400.0;7570.0;12750.0;20820.0;3162.0;4375.0;3750.0;6510.0;11100.0;18530.0;2896.0;4194.0;30.0;-19.0;100.0;-93.0;ACETIC_ACID
4430.0;7570.0;12690.0;20770.0;3166.0;4368.0;3790.0;6610.0;11280.0;18810.0;2928.0;4211.0;33.0;-19.0;111.0;-93.0;ACETIC_ACID
4380.0;7490.0;12570.0;20620.0;3152.0;4387.0;3770.0;6550.0;11150.0;18610.0;2898.0;4217.0;30.0;-19.0;102.0;-93.0;ACETIC_ACID
4360.0;7500.0;12560.0;20680.0;3137.0;4346.0;3850.0;6680.0;11390.0;18890.0;2915.0;4203.0;21.0;-21.0;105.0;-93.0;ACETIC_ACID
4390.0;7530.0;12560.0;20640.0;3150.0;4365.0;3830.0;6640.0;11200.0;18650.0;2899.0;4206.0;34.0;-19.0;111.0;-89.0;ACETIC_ACID
4440.0;7640.0;12840.0;21010.0;3180.0;4394.0;3880.0;6780.0;11520.0;19100.0;2943.0;4266.0;21.0;-21.0;97.0;-89.0;ACETIC_ACID
4460.0;7600.0;12830.0;21050.0;3183.0;4393.0;3790.0;6580.0;11240.0;18720.0;2925.0;4227.0;22.0;-23.0;100.0;-87.0;ACETIC_ACID
4480.0;7640.0;12820.0;20950.0;3185.0;4417.0;3980.0;6860.0;11640.0;19120.0;2949.0;4236.0;17.0;-21.0;100.0;-87.0;ACETIC_ACID
4430.0;7610.0;12830.0;21070.0;3209.0;4418.0;3950.0;6850.0;11540.0;19100.0;2949.0;4277.0;23.0;-23.0;108.0;-86.0;ACETIC_ACID
4530.0;7700.0;12940.0;21170.0;3219.0;4422.0;3960.0;6850.0;11590.0;19150.0;2975.0;4269.0;18.0;-24.0;104.0;-86.0;ACETIC_ACID
4540.0;7740.0;13020.0;21250.0;3227.0;4416.0;3830.0;6640.0;11390.0;18840.0;2930.0;4273.0;34.0;-23.0;108.0;-86.0;ACETIC_ACID
4550.0;7770.0;13030.0;21250.0;3227.0;4438.0;3830.0;6660.0;11350.0;18940.0;2952.0;4284.0;24.0;-21.0;105.0;-94.0;ACETIC_ACID
4490.0;7670.0;12940.0;21250.0;3223.0;4480.0;4010.0;6950.0;11750.0;19350.0;2994.0;4324.0;32.0;-21.0;115.0;-94.0;ACETIC_ACID
4530.0;7720.0;13060.0;21180.0;3234.0;4480.0;4020.0;6950.0;11700.0;19370.0;3009.0;4321.0;26.0;-21.0;109.0;-94.0;ACETIC_ACID
4510.0;7720.0;13000.0;21320.0;3236.0;4486.0;3960.0;6900.0;11760.0;19380.0;2990.0;4311.0;20.0;-20.0;101.0;-91.0;ACETIC_ACID
4500.0;7710.0;12940.0;21260.0;3228.0;4461.0;3950.0;6850.0;11650.0;19310.0;2999.0;4323.0;30.0;-17.0;106.0;-91.0;ACETIC_ACID
4510.0;7720.0;13050.0;21410.0;3252.0;4470.0;4000.0;6910.0;11740.0;19410.0;2989.0;4312.0;31.0;-20.0;107.0;-91.0;ACETIC_ACID
4520.0;7700.0;12890.0;21210.0;3218.0;4470.0;3980.0;6840.0;11610.0;19240.0;2983.0;4324.0;23.0;-17.0;100.0;-91.0;ACETIC_ACID
4560.0;7790.0;13110.0;21490.0;3261.0;4473.0;4070.0;7020.0;11900.0;19620.0;3009.0;4344.0;29.0;-17.0;110.0;-91.0;ACETIC_ACID
4500.0;7690.0;12950.0;21270.0;3242.0;4486.0;4040.0;6970.0;11910.0;19530.0;2990.0;4318.0;40.0;-20.0;113.0;-92.0;ACETIC_ACID
4490.0;7720.0;13050.0;21320.0;3246.0;4481.0;4020.0;7000.0;11910.0;19610.0;2990.0;4318.0;29.0;-21.0;114.0;-93.0;ACETIC_ACID
4570.0;7830.0;13180.0;21500.0;3263.0;4492.0;4030.0;6970.0;11880.0;19510.0;3011.0;4329.0;26.0;-21.0;100.0;-93.0;ACETIC_ACID
4590.0;7830.0;13160.0;21570.0;3270.0;4513.0;3910.0;6750.0;11570.0;19350.0;3010.0;4340.0;18.0;-22.0;109.0;-93.0;ACETIC_ACID
4600.0;7850.0;13220.0;21510.0;3278.0;4514.0;3900.0;6750.0;11560.0;19280.0;2987.0;4335.0;24.0;-22.0;108.0;-93.0;ACETIC_ACID
4560.0;7810.0;13120.0;21490.0;3264.0;4526.0;4040.0;6990.0;11910.0;19610.0;3030.0;4385.0;28.0;-22.0;103.0;-90.0;ACETIC_ACID
4610.0;7920.0;13230.0;21660.0;3283.0;4549.0;3990.0;6990.0;11880.0;19740.0;3039.0;4402.0;22.0;-22.0;107.0;-90.0;ACETIC_ACID
4680.0;8060.0;13410.0;22020.0;3326.0;4581.0;3990.0;6940.0;11810.0;19740.0;3058.0;4404.0;30.0;-22.0;110.0;-90.0;ACETIC_ACID
4640.0;7890.0;13320.0;21780.0;3300.0;4571.0;4100.0;7110.0;12040.0;19990.0;3060.0;4438.0;29.0;-22.0;110.0;-90.0;ACETIC_ACID
4680.0;7960.0;13420.0;21950.0;3316.0;4592.0;4000.0;6940.0;11880.0;19870.0;3074.0;4438.0;21.0;-22.0;107.0;-90.0;ACETIC_ACID
4660.0;7950.0;13360.0;21920.0;3319.0;4577.0;3960.0;6920.0;11810.0;19710.0;3045.0;4409.0;27.0;-23.0;105.0;-91.0;ACETIC_ACID
4640.0;7930.0;13390.0;21930.0;3300.0;4597.0;3950.0;6890.0;11850.0;19710.0;3063.0;4408.0;37.0;-23.0;116.0;-91.0;ACETIC_ACID
4570.0;7830.0;13200.0;21570.0;3294.0;4531.0;4000.0;6960.0;11850.0;19660.0;3066.0;4385.0;40.0;-24.0;120.0;-91.0;ACETIC_ACID
4550.0;7830.0;13220.0;21550.0;3252.0;4500.0;3900.0;6810.0;11700.0;19470.0;3016.0;4395.0;30.0;-22.0;110.0;-96.0;ACETIC_ACID
4510.0;7730.0;13000.0;21310.0;3257.0;4510.0;3930.0;6860.0;11830.0;19600.0;3035.0;4344.0;31.0;-24.0;121.0;-99.0;ACETIC_ACID
4620.0;7880.0;13240.0;21630.0;3289.0;4535.0;3940.0;6810.0;11640.0;19340.0;3020.0;4373.0;27.0;-22.0;112.0;-96.0;ACETIC_ACID
4570.0;7850.0;13210.0;21630.0;3293.0;4549.0;4050.0;7030.0;11950.0;19730.0;3044.0;4420.0;27.0;-24.0;105.0;-96.0;ACETIC_ACID
4600.0;7870.0;13240.0;21690.0;3300.0;4553.0;4100.0;7090.0;12090.0;19940.0;3049.0;4397.0;29.0;-23.0;116.0;-96.0;ACETIC_ACID
4600.0;7900.0;13260.0;21770.0;3317.0;4553.0;3970.0;6920.0;11700.0;19470.0;3023.0;4374.0;23.0;-23.0;106.0;-96.0;ACETIC_ACID
4580.0;7850.0;13170.0;21670.0;3293.0;4580.0;4010.0;7010.0;11930.0;19870.0;3065.0;4434.0;21.0;-23.0;106.0;-96.0;ACETIC_ACID
4640.0;7950.0;13370.0;21790.0;3298.0;4593.0;4140.0;7150.0;12110.0;19940.0;3078.0;4420.0;17.0;-23.0;110.0;-96.0;ACETIC_ACID
4540.0;7790.0;13120.0;21590.0;3283.0;4536.0;3950.0;6880.0;11830.0;19700.0;3041.0;4392.0;15.0;-23.0;112.0;-96.0;ACETIC_ACID
4590.0;7890.0;13360.0;21860.0;3315.0;4583.0;3990.0;6940.0;11770.0;19590.0;3061.0;4390.0;15.0;-23.0;105.0;-92.0;ACETIC_ACID
4730.0;8060.0;13530.0;21980.0;3330.0;4594.0;4040.0;7060.0;12080.0;20050.0;3094.0;4440.0;30.0;-21.0;120.0;-92.0;ACETIC_ACID
4690.0;8000.0;13510.0;22080.0;3340.0;4588.0;4050.0;7010.0;11990.0;19890.0;3076.0;4432.0;17.0;-24.0;95.0;-92.0;ACETIC_ACID
4690.0;8010.0;13490.0;22080.0;3343.0;4614.0;4020.0;6990.0;11890.0;19790.0;3068.0;4450.0;30.0;-24.0;112.0;-92.0;ACETIC_ACID
4710.0;8060.0;13570.0;22110.0;3358.0;4653.0;4150.0;7190.0;12180.0;20200.0;3122.0;4499.0;24.0;-24.0;102.0;-89.0;ACETIC_ACID
4730.0;8070.0;13590.0;22170.0;3369.0;4650.0;4140.0;7200.0;12220.0;20160.0;3128.0;4520.0;20.0;-21.0;111.0;-89.0;ACETIC_ACID
4850.0;8220.0;13750.0;22390.0;3391.0;4671.0;4090.0;7070.0;12050.0;20090.0;3115.0;4491.0;23.0;-24.0;106.0;-89.0;ACETIC_ACID
4820.0;8170.0;13700.0;22460.0;3387.0;4668.0;4110.0;7130.0;12180.0;20180.0;3120.0;4511.0;32.0;-21.0;112.0;-90.0;ACETIC_ACID
4730.0;8130.0;13610.0;22270.0;3377.0;4652.0;4200.0;7250.0;12310.0;20180.0;3116.0;4495.0;31.0;-20.0;113.0;-92.0;ACETIC_ACID
4790.0;8190.0;13670.0;22490.0;3384.0;4656.0;4140.0;7170.0;12230.0;20360.0;3127.0;4489.0;27.0;-21.0;111.0;-92.0;ACETIC_ACID
4830.0;8230.0;13780.0;22480.0;3409.0;4682.0;4180.0;7240.0;12330.0;20340.0;3140.0;4516.0;31.0;-24.0;111.0;-92.0;ACETIC_ACID
4800.0;8160.0;13710.0;22390.0;3401.0;4683.0;4180.0;7200.0;12240.0;20160.0;3115.0;4497.0;24.0;-24.0;114.0;-96.0;ACETIC_ACID
4770.0;8140.0;13590.0;22320.0;3380.0;4665.0;4090.0;7110.0;12160.0;20050.0;3102.0;4511.0;22.0;-24.0;104.0;-96.0;ACETIC_ACID
4840.0;8240.0;13800.0;22580.0;3414.0;4683.0;4120.0;7170.0;12160.0;20350.0;3120.0;4527.0;15.0;-24.0;114.0;-96.0;ACETIC_ACID
4710.0;8090.0;13580.0;22260.0;3391.0;4681.0;4200.0;7280.0;12310.0;20270.0;3136.0;4540.0;37.0;-24.0;116.0;-96.0;ACETIC_ACID
4730.0;8120.0;13620.0;22270.0;3378.0;4655.0;4090.0;7110.0;12150.0;20100.0;3120.0;4491.0;20.0;-21.0;113.0;-97.0;ACETIC_ACID
4750.0;8120.0;13680.0;22310.0;3381.0;4673.0;4110.0;7130.0;12180.0;20200.0;3151.0;4528.0;29.0;-18.0;109.0;-96.0;ACETIC_ACID
4800.0;8190.0;13790.0;22500.0;3406.0;4675.0;4260.0;7340.0;12400.0;20320.0;3135.0;4523.0;28.0;-18.0;121.0;-96.0;ACETIC_ACID
4740.0;8150.0;13760.0;22400.0;3396.0;4670.0;4200.0;7260.0;12310.0;20380.0;3134.0;4508.0;30.0;-18.0;103.0;-98.0;ACETIC_ACID
4850.0;8280.0;13910.0;22610.0;3432.0;4740.0;4130.0;7190.0;12220.0;20230.0;3133.0;4538.0;30.0;-20.0;106.0;-99.0;ACETIC_ACID
4870.0;8300.0;13920.0;22720.0;3427.0;4707.0;4200.0;7230.0;12310.0;20500.0;3159.0;4540.0;27.0;-21.0;113.0;-103.0;ACETIC_ACID
4880.0;8330.0;13900.0;22750.0;3421.0;4717.0;4150.0;7200.0;12270.0;20490.0;3145.0;4561.0;20.0;-21.0;116.0;-105.0;ACETIC_ACID
4780.0;8170.0;13660.0;22540.0;3411.0;4709.0;4160.0;7240.0;12300.0;20480.0;3168.0;4578.0;27.0;-20.0;125.0;-103.0;ACETIC_ACID
4710.0;8130.0;13700.0;22470.0;3393.0;4678.0;4100.0;7130.0;12240.0;20340.0;3141.0;4516.0;36.0;-19.0;127.0;-104.0;ACETIC_ACID
4690.0;8090.0;13580.0;22320.0;3368.0;4662.0;4060.0;7110.0;12170.0;20280.0;3135.0;4490.0;25.0;-19.0;123.0;-104.0;ACETIC_ACID
4680.0;8000.0;13430.0;22070.0;3338.0;4629.0;4050.0;7050.0;12090.0;20080.0;3094.0;4497.0;32.0;-19.0;121.0;-104.0;ACETIC_ACID
4710.0;8060.0;13540.0;22200.0;3366.0;4653.0;4110.0;7140.0;12070.0;20050.0;3094.0;4482.0;23.0;-19.0;114.0;-103.0;ACETIC_ACID
4750.0;8110.0;13610.0;22200.0;3370.0;4657.0;4090.0;7100.0;12080.0;20190.0;3102.0;4484.0;31.0;-19.0;109.0;-103.0;ACETIC_ACID
4790.0;8170.0;13750.0;22430.0;3391.0;4667.0;4210.0;7270.0;12310.0;20400.0;3135.0;4521.0;22.0;-22.0;117.0;-103.0;ACETIC_ACID
4750.0;8150.0;13730.0;22480.0;3415.0;4693.0;4290.0;7400.0;12580.0;20600.0;3175.0;4559.0;32.0;-22.0;117.0;-104.0;ACETIC_ACID
4800.0;8210.0;13790.0;22540.0;3420.0;4717.0;4270.0;7380.0;12390.0;20470.0;3145.0;4540.0;34.0;-22.0;119.0;-108.0;ACETIC_ACID
4810.0;8190.0;13750.0;22580.0;3420.0;4713.0;4130.0;7160.0;12190.0;20240.0;3141.0;4538.0;25.0;-24.0;120.0;-108.0;ACETIC_ACID
4830.0;8240.0;13840.0;22610.0;3428.0;4705.0;4200.0;7230.0;12270.0;20240.0;3136.0;4521.0;28.0;-24.0;116.0;-108.0;ACETIC_ACID
4800.0;8190.0;13740.0;22410.0;3404.0;4677.0;4270.0;7330.0;12550.0;20530.0;3140.0;4522.0;25.0;-25.0;117.0;-108.0;ACETIC_ACID
4780.0;8190.0;13820.0;22480.0;3421.0;4708.0;4160.0;7200.0;12200.0;20310.0;3135.0;4526.0;27.0;-24.0;122.0;-103.0;ACETIC_ACID
4800.0;8190.0;13820.0;22430.0;3408.0;4714.0;4090.0;7120.0;12170.0;20200.0;3144.0;4558.0;30.0;-24.0;123.0;-102.0;ACETIC_ACID
4840.0;8270.0;13850.0;22520.0;3423.0;4687.0;4170.0;7230.0;12360.0;20440.0;3169.0;4538.0;40.0;-22.0;126.0;-101.0;ACETIC_ACID
4860.0;8250.0;13920.0;22600.0;3431.0;4697.0;4270.0;7380.0;12510.0;20520.0;3163.0;4541.0;38.0;-22.0;134.0;-101.0;ACETIC_ACID
4870.0;8300.0;13900.0;22600.0;3425.0;4710.0;4290.0;7370.0;12510.0;20550.0;3163.0;4571.0;36.0;-22.0;114.0;-101.0;ACETIC_ACID
4900.0;8360.0;14030.0;22970.0;3447.0;4760.0;4310.0;7420.0;12440.0;20500.0;3179.0;4590.0;36.0;-22.0;116.0;-101.0;ACETIC_ACID
4990.0;8510.0;14250.0;23040.0;3497.0;4799.0;4380.0;7570.0;12780.0;20970.0;3231.0;4609.0;30.0;-22.0;121.0;-101.0;ACETIC_ACID
4910.0;8370.0;14050.0;22880.0;3474.0;4793.0;4380.0;7520.0;12770.0;21000.0;3225.0;4602.0;38.0;-22.0;124.0;-99.0;ACETIC_ACID
4920.0;8370.0;14020.0;22930.0;3481.0;4811.0;4210.0;7280.0;12400.0;20690.0;3194.0;4620.0;20.0;-22.0;104.0;-98.0;ACETIC_ACID
4950.0;8420.0;14220.0;23060.0;3481.0;4808.0;4250.0;7370.0;12520.0;20770.0;3211.0;4650.0;27.0;-22.0;129.0;-99.0;ACETIC_ACID
4970.0;8520.0;14220.0;23090.0;3498.0;4822.0;4420.0;7610.0;12870.0;21100.0;3237.0;4631.0;38.0;-22.0;124.0;-99.0;ACETIC_ACID
4890.0;8380.0;14100.0;23040.0;3476.0;4796.0;4270.0;7360.0;12560.0;20900.0;3225.0;4640.0;40.0;-22.0;134.0;-98.0;ACETIC_ACID
4910.0;8330.0;14040.0;22860.0;3470.0;4809.0;4280.0;7420.0;12570.0;20960.0;3220.0;4634.0;32.0;-22.0;131.0;-98.0;ACETIC_ACID
4940.0;8390.0;14110.0;22870.0;3457.0;4754.0;4350.0;7460.0;12590.0;20860.0;3198.0;4603.0;11.0;-1.0;58.0;-23.0;ACETIC_ACID
4830.0;8270.0;13910.0;22630.0;3394.0;4712.0;4380.0;7520.0;12750.0;20850.0;3207.0;4586.0;5.0;-1.0;40.0;-17.0;ACETIC_ACID
4890.0;8360.0;13910.0;22820.0;3438.0;4682.0;4320.0;7450.0;12510.0;20640.0;3177.0;4585.0;6.0;-1.0;48.0;-16.0;ACETIC_ACID
4850.0;8260.0;13880.0;22590.0;3432.0;4732.0;4360.0;7480.0;12560.0;20770.0;3204.0;4591.0;4.0;-1.0;45.0;-17.0;ACETIC_ACID
4870.0;8340.0;13910.0;22820.0;3439.0;4729.0;4380.0;7540.0;12700.0;20870.0;3206.0;4609.0;7.0;-1.0;49.0;-17.0;ACETIC_ACID
4910.0;8350.0;13980.0;22980.0;3452.0;4735.0;4330.0;7440.0;12530.0;20630.0;3199.0;4588.0;17.0;-3.0;56.0;-16.0;ACETIC_ACID
4880.0;8310.0;14030.0;22790.0;3439.0;4735.0;4270.0;7370.0;12470.0;20700.0;3201.0;4589.0;17.0;-3.0;53.0;-16.0;ACETIC_ACID
4900.0;8320.0;14010.0;22640.0;3431.0;4704.0;4220.0;7310.0;12350.0;20610.0;3180.0;4569.0;12.0;-3.0;46.0;-15.0;ACETIC_ACID
4810.0;8210.0;13780.0;22650.0;3417.0;4713.0;4430.0;7610.0;12820.0;20900.0;3198.0;4576.0;13.0;-3.0;57.0;-15.0;ACETIC_ACID
4850.0;8250.0;13810.0;22440.0;3413.0;4674.0;4330.0;7420.0;12590.0;20690.0;3163.0;4548.0;11.0;-3.0;44.0;-12.0;ACETIC_ACID
4830.0;8280.0;13860.0;22620.0;3397.0;4654.0;4210.0;7290.0;12330.0;20410.0;3146.0;4512.0;20.0;-1.0;59.0;-11.0;ACETIC_ACID
4670.0;7990.0;13390.0;22000.0;3326.0;4564.0;4260.0;7310.0;12370.0;20400.0;3116.0;4458.0;14.0;3.0;54.0;-7.0;ACETIC_ACID
4610.0;7830.0;13210.0;21490.0;3266.0;4504.0;4050.0;6980.0;11780.0;19560.0;2995.0;4287.0;5.0;6.0;23.0;23.0;ACETIC_ACID
4460.0;7560.0;12660.0;20570.0;3117.0;4290.0;4000.0;6860.0;11570.0;18880.0;2883.0;4139.0;5.0;8.0;18.0;52.0;ACETIC_ACID
4260.0;7250.0;12100.0;19790.0;2985.0;4149.0;3890.0;6630.0;11200.0;18220.0;2795.0;4031.0;5.0;13.0;12.0;46.0;ACETIC_ACID
4100.0;6970.0;11860.0;19210.0;2919.0;4043.0;3600.0;6220.0;10550.0;17390.0;2704.0;3889.0;2.0;13.0;19.0;48.0;ACETIC_ACID
3970.0;6750.0;11300.0;18470.0;2808.0;3900.0;3510.0;6040.0;10270.0;17000.0;2621.0;3785.0;2.0;12.0;8.0;52.0;ACETIC_ACID
3840.0;6580.0;11040.0;18060.0;2740.0;3812.0;3460.0;5980.0;10050.0;16510.0;2545.0;3705.0;0.0;18.0;11.0;48.0;ACETIC_ACID
3730.0;6400.0;10700.0;17490.0;2663.0;3718.0;3330.0;5730.0;9720.0;16040.0;2479.0;3608.0;0.0;9.0;9.0;52.0;ACETIC_ACID
3570.0;6140.0;10340.0;17050.0;2602.0;3641.0;3230.0;5560.0;9510.0;15700.0;2444.0;3547.0;1.0;10.0;9.0;57.0;ACETIC_ACID
3520.0;6020.0;10140.0;16710.0;2562.0;3573.0;3270.0;5610.0;9430.0;15570.0;2405.0;3484.0;2.0;9.0;9.0;48.0;ACETIC_ACID
3510.0;5980.0;10080.0;16500.0;2524.0;3523.0;3150.0;5400.0;9170.0;15180.0;2362.0;3422.0;9.0;11.0;18.0;50.0;ACETIC_ACID
3430.0;5870.0;9880.0;16210.0;2479.0;3472.0;3110.0;5360.0;8980.0;14960.0;2328.0;3377.0;10.0;14.0;18.0;51.0;ACETIC_ACID
3370.0;5760.0;9750.0;16000.0;2445.0;3428.0;3130.0;5380.0;9070.0;14950.0;2303.0;3338.0;9.0;10.0;18.0;45.0;ACETIC_ACID
3370.0;5740.0;9660.0;15870.0;2423.0;3395.0;2980.0;5140.0;8780.0;14620.0;2277.0;3316.0;9.0;7.0;13.0;41.0;ACETIC_ACID
3350.0;5740.0;9610.0;15840.0;2404.0;3401.0;3010.0;5200.0;8800.0;14570.0;2271.0;3317.0;9.0;6.0;17.0;41.0;ACETIC_ACID
3360.0;5730.0;9600.0;15790.0;2421.0;3372.0;3070.0;5310.0;8910.0;14720.0;2269.0;3282.0;10.0;12.0;17.0;37.0;ACETIC_ACID
3340.0;5720.0;9620.0;15780.0;2414.0;3375.0;3050.0;5250.0;8850.0;14650.0;2265.0;3276.0;12.0;7.0;19.0;26.0;ACETIC_ACID
3360.0;5710.0;9650.0;15840.0;2433.0;3390.0;2980.0;5140.0;8700.0;14480.0;2266.0;3296.0;5.0;5.0;25.0;21.0;ACETIC_ACID
3390.0;5810.0;9790.0;16250.0;2459.0;3438.0;3140.0;5410.0;9150.0;15060.0;2345.0;3379.0;5.0;8.0;25.0;12.0;ACETIC_ACID
3450.0;5900.0;10040.0;16500.0;2526.0;3502.0;3130.0;5410.0;9230.0;15230.0;2368.0;3415.0;4.0;6.0;32.0;13.0;ACETIC_ACID
3550.0;6060.0;10250.0;16840.0;2563.0;3559.0;3110.0;5360.0;9110.0;15260.0;2390.0;3442.0;6.0;4.0;27.0;16.0;ACETIC_ACID
3590.0;6200.0;10340.0;17020.0;2609.0;3601.0;3170.0;5450.0;9310.0;15460.0;2409.0;3509.0;8.0;2.0;24.0;21.0;ACETIC_ACID
3640.0;6200.0;10410.0;17140.0;2616.0;3594.0;3250.0;5630.0;9460.0;15610.0;2428.0;3494.0;5.0;2.0;20.0;27.0;ACETIC_ACID
3560.0;6100.0;10280.0;16960.0;2595.0;3612.0;3190.0;5510.0;9360.0;15490.0;2409.0;3487.0;2.0;6.0;12.0;26.0;ACETIC_ACID
3630.0;6170.0;10410.0;16990.0;2590.0;3585.0;3270.0;5630.0;9520.0;15730.0;2421.0;3488.0;3.0;6.0;13.0;30.0;ACETIC_ACID
3610.0;6170.0;10340.0;16940.0;2569.0;3568.0;3240.0;5560.0;9460.0;15610.0;2403.0;3489.0;3.0;10.0;14.0;36.0;ACETIC_ACID
3610.0;6130.0;10320.0;16900.0;2563.0;3528.0;3170.0;5480.0;9270.0;15420.0;2370.0;3429.0;2.0;10.0;14.0;40.0;ACETIC_ACID
3540.0;6010.0;10110.0;16620.0;2532.0;3504.0;3190.0;5500.0;9290.0;15270.0;2365.0;3402.0;3.0;11.0;18.0;38.0;ACETIC_ACID
3450.0;5900.0;9970.0;16270.0;2493.0;3473.0;3130.0;5350.0;9060.0;15190.0;2349.0;3391.0;9.0;10.0;18.0;43.0;ACETIC_ACID
3440.0;5900.0;9890.0;16220.0;2483.0;3431.0;3110.0;5340.0;9030.0;14980.0;2302.0;3355.0;9.0;18.0;18.0;38.0;ACETIC_ACID
3340.0;5710.0;9650.0;15900.0;2439.0;3378.0;2940.0;5110.0;8700.0;14620.0;2256.0;3274.0;9.0;16.0;30.0;38.0;ACETIC_ACID
3320.0;5680.0;9590.0;15790.0;2408.0;3369.0;2990.0;5190.0;8790.0;14550.0;2246.0;3272.0;8.0;13.0;27.0;41.0;ACETIC_ACID
3160.0;5450.0;9200.0;15200.0;2331.0;3265.0;2840.0;4940.0;8360.0;14060.0;2174.0;3187.0;12.0;6.0;17.0;46.0;ACETIC_ACID
3120.0;5350.0;9040.0;14960.0;2281.0;3183.0;2790.0;4910.0;8340.0;13780.0;2136.0;3108.0;3.0;5.0;7.0;61.0;ACETIC_ACID
3020.0;5180.0;8750.0;14350.0;2199.0;3072.0;2790.0;4800.0;8100.0;13390.0;2060.0;3004.0;3.0;17.0;8.0;71.0;ACETIC_ACID
2990.0;5090.0;8570.0;14120.0;2164.0;3019.0;2720.0;4680.0;7910.0;13030.0;2016.0;2937.0;2.0;21.0;3.0;75.0;ACETIC_ACID
2910.0;4990.0;8350.0;13860.0;2105.0;2981.0;2680.0;4620.0;7780.0;12850.0;2001.0;2913.0;1.0;14.0;-3.0;72.0;ACETIC_ACID
2890.0;4970.0;8410.0;13670.0;2094.0;2934.0;2570.0;4430.0;7540.0;12480.0;1952.0;2844.0;1.0;14.0;-3.0;69.0;ACETIC_ACID
2830.0;4820.0;8110.0;13330.0;2056.0;2874.0;2540.0;4380.0;7410.0;12230.0;1907.0;2789.0;-1.0;16.0;-6.0;67.0;ACETIC_ACID
2690.0;4620.0;7770.0;12780.0;1970.0;2768.0;2470.0;4270.0;7220.0;12000.0;1855.0;2690.0;-1.0;19.0;-3.0;89.0;ACETIC_ACID
2600.0;4440.0;7440.0;12310.0;1895.0;2671.0;2410.0;4150.0;7050.0;11480.0;1781.0;2598.0;-1.0;19.0;-3.0;82.0;ACETIC_ACID
2510.0;4320.0;7260.0;11900.0;1843.0;2607.0;2280.0;3960.0;6700.0;11160.0;1739.0;2542.0;-1.0;18.0;-3.0;89.0;ACETIC_ACID
2470.0;4210.0;7100.0;11760.0;1794.0;2523.0;2260.0;3840.0;6530.0;10830.0;1681.0;2457.0;-1.0;21.0;-8.0;94.0;ACETIC_ACID
2350.0;4020.0;6730.0;11130.0;1719.0;2429.0;2180.0;3740.0;6340.0;10440.0;1625.0;2381.0;1.0;19.0;-7.0;92.0;ACETIC_ACID
2300.0;3930.0;6620.0;10880.0;1668.0;2380.0;2080.0;3590.0;6120.0;10080.0;1578.0;2329.0;1.0;18.0;-7.0;87.0;ACETIC_ACID
2260.0;3890.0;6580.0;10780.0;1670.0;2353.0;2060.0;3520.0;6020.0;10120.0;1577.0;2293.0;-2.0;17.0;-8.0;87.0;ACETIC_ACID
2290.0;3880.0;6560.0;10790.0;1657.0;2321.0;2090.0;3610.0;6080.0;10040.0;1565.0;2293.0;1.0;21.0;-7.0;90.0;ACETIC_ACID
2300.0;3900.0;6560.0;10780.0;1671.0;2340.0;2050.0;3550.0;6060.0;10000.0;1582.0;2290.0;0.0;14.0;-7.0;87.0;ACETIC_ACID
2300.0;3930.0;6580.0;10870.0;1674.0;2346.0;2090.0;3590.0;6070.0;10140.0;1575.0;2287.0;0.0;24.0;-7.0;88.0;ACETIC_ACID
2300.0;3910.0;6570.0;10790.0;1660.0;2344.0;2030.0;3520.0;5990.0;9980.0;1557.0;2275.0;0.0;21.0;-4.0;88.0;ACETIC_ACID
2240.0;3840.0;6450.0;10630.0;1633.0;2309.0;2030.0;3470.0;5840.0;9780.0;1533.0;2248.0;0.0;18.0;-3.0;87.0;ACETIC_ACID
2250.0;3810.0;6420.0;10560.0;1627.0;2298.0;2020.0;3490.0;5850.0;9690.0;1508.0;2226.0;0.0;20.0;-3.0;94.0;ACETIC_ACID
2230.0;3830.0;6440.0;10570.0;1632.0;2297.0;2030.0;3470.0;5850.0;9780.0;1526.0;2249.0;0.0;20.0;-5.0;79.0;ACETIC_ACID
2240.0;3850.0;6520.0;10660.0;1645.0;2326.0;2020.0;3490.0;5980.0;10010.0;1549.0;2273.0;3.0;18.0;-5.0;83.0;ACETIC_ACID
2260.0;3850.0;6510.0;10720.0;1643.0;2310.0;1990.0;3440.0;5860.0;9800.0;1541.0;2248.0;0.0;14.0;-5.0;76.0;ACETIC_ACID
2270.0;3890.0;6580.0;10880.0;1664.0;2338.0;2100.0;3650.0;6110.0;10090.0;1559.0;2278.0;0.0;20.0;-5.0;77.0;ACETIC_ACID
2220.0;3800.0;6460.0;10680.0;1652.0;2331.0;2030.0;3510.0;5980.0;9870.0;1557.0;2282.0;2.0;18.0;-5.0;69.0;ACETIC_ACID
2280.0;3870.0;6540.0;10760.0;1657.0;2325.0;2000.0;3450.0;5850.0;9810.0;1532.0;2251.0;3.0;15.0;-5.0;77.0;ACETIC_ACID
2220.0;3800.0;6440.0;10620.0;1633.0;2290.0;2010.0;3470.0;5920.0;9790.0;1547.0;2246.0;2.0;16.0;1.0;72.0;ACETIC_ACID
2250.0;3820.0;6420.0;10620.0;1634.0;2303.0;2010.0;3450.0;5880.0;9770.0;1537.0;2247.0;2.0;16.0;-5.0;70.0;ACETIC_ACID
2220.0;3790.0;6380.0;10550.0;1622.0;2296.0;2000.0;3400.0;5810.0;9640.0;1527.0;2240.0;2.0;14.0;-5.0;70.0;ACETIC_ACID
2220.0;3820.0;6450.0;10600.0;1634.0;2288.0;2020.0;3490.0;5950.0;9910.0;1527.0;2240.0;2.0;14.0;-3.0;70.0;ACETIC_ACID
2220.0;3790.0;6440.0;10510.0;1620.0;2290.0;1990.0;3450.0;5820.0;9730.0;1522.0;2229.0;2.0;16.0;2.0;77.0;ACETIC_ACID
2270.0;3890.0;6520.0;10720.0;1643.0;2283.0;2000.0;3450.0;5860.0;9650.0;1523.0;2229.0;2.0;16.0;-3.0;78.0;ACETIC_ACID
2250.0;3830.0;6420.0;10530.0;1612.0;2258.0;1950.0;3370.0;5740.0;9510.0;1498.0;2202.0;2.0;21.0;-2.0;85.0;ACETIC_ACID
2130.0;3650.0;6120.0;10110.0;1560.0;2200.0;1950.0;3370.0;5650.0;9490.0;1470.0;2127.0;2.0;14.0;-3.0;80.0;ACETIC_ACID
2070.0;3530.0;5970.0;9860.0;1522.0;2147.0;1890.0;3270.0;5540.0;9160.0;1428.0;2093.0;5.0;17.0;-2.0;79.0;ACETIC_ACID
2100.0;3590.0;6050.0;9940.0;1526.0;2158.0;1850.0;3220.0;5480.0;9190.0;1438.0;2109.0;5.0;16.0;-5.0;88.0;ACETIC_ACID
2060.0;3550.0;5990.0;9920.0;1536.0;2134.0;1860.0;3210.0;5450.0;9070.0;1432.0;2096.0;6.0;15.0;-8.0;84.0;ACETIC_ACID
2050.0;3500.0;5890.0;9700.0;1501.0;2105.0;1860.0;3190.0;5430.0;9030.0;1395.0;2035.0;2.0;19.0;-8.0;96.0;ACETIC_ACID
1970.0;3360.0;5650.0;9300.0;1431.0;2026.0;1760.0;3040.0;5120.0;8500.0;1340.0;1977.0;4.0;28.0;-9.0;102.0;ACETIC_ACID
1910.0;3270.0;5520.0;9050.0;1400.0;1982.0;1760.0;3050.0;5130.0;8510.0;1319.0;1935.0;4.0;25.0;-9.0;103.0;ACETIC_ACID
1830.0;3130.0;5320.0;8710.0;1348.0;1906.0;1670.0;2860.0;4870.0;8080.0;1258.0;1843.0;4.0;18.0;-9.0;103.0;ACETIC_ACID
1770.0;3000.0;5110.0;8440.0;1291.0;1844.0;1640.0;2810.0;4810.0;7980.0;1225.0;1831.0;4.0;20.0;-5.0;100.0;ACETIC_ACID
1820.0;3080.0;5170.0;8460.0;1313.0;1838.0;1620.0;2780.0;4680.0;7860.0;1227.0;1791.0;8.0;21.0;-5.0;101.0;ACETIC_ACID
1760.0;2970.0;5010.0;8270.0;1290.0;1819.0;1640.0;2820.0;4730.0;7860.0;1221.0;1788.0;8.0;23.0;-3.0;97.0;ACETIC_ACID
1750.0;2980.0;5020.0;8350.0;1281.0;1826.0;1570.0;2700.0;4580.0;7710.0;1213.0;1769.0;12.0;22.0;-3.0;88.0;ACETIC_ACID
1800.0;3080.0;5090.0;8410.0;1295.0;1832.0;1550.0;2700.0;4590.0;7740.0;1221.0;1768.0;7.0;22.0;-3.0;94.0;ACETIC_ACID
1800.0;3050.0;5090.0;8440.0;1305.0;1836.0;1550.0;2680.0;4590.0;7780.0;1221.0;1792.0;7.0;21.0;-3.0;88.0;ACETIC_ACID
1860.0;3140.0;5300.0;8700.0;1324.0;1855.0;1590.0;2750.0;4710.0;7890.0;1236.0;1818.0;5.0;23.0;-6.0;97.0;ACETIC_ACID
1810.0;3090.0;5220.0;8560.0;1318.0;1856.0;1600.0;2770.0;4710.0;7900.0;1237.0;1813.0;3.0;20.0;-9.0;108.0;ACETIC_ACID
1770.0;2990.0;5040.0;8380.0;1283.0;1803.0;1580.0;2740.0;4620.0;7750.0;1200.0;1756.0;5.0;20.0;-9.0;102.0;ACETIC_ACID
1740.0;2980.0;4980.0;8170.0;1264.0;1788.0;1570.0;2690.0;4610.0;7580.0;1186.0;1745.0;5.0;21.0;-6.0;103.0;ACETIC_ACID
1760.0;2980.0;5020.0;8160.0;1252.0;1779.0;1580.0;2710.0;4570.0;7540.0;1181.0;1724.0;5.0;19.0;-10.0;96.0;ACETIC_ACID
1700.0;2900.0;4900.0;8040.0;1236.0;1752.0;1580.0;2680.0;4530.0;7490.0;1161.0;1723.0;8.0;24.0;-13.0;102.0;ACETIC_ACID
1690.0;2890.0;4800.0;7930.0;1229.0;1729.0;1500.0;2550.0;4310.0;7250.0;1132.0;1683.0;4.0;28.0;-10.0;119.0;ACETIC_ACID
1680.0;2870.0;4800.0;7960.0;1212.0;1712.0;1480.0;2520.0;4280.0;7180.0;1117.0;1660.0;6.0;23.0;-6.0;113.0;ACETIC_ACID
1660.0;2830.0;4750.0;7800.0;1213.0;1723.0;1480.0;2560.0;4350.0;7190.0;1143.0;1668.0;6.0;31.0;-10.0;103.0;ACETIC_ACID
1670.0;2870.0;4830.0;7890.0;1220.0;1712.0;1480.0;2580.0;4370.0;7250.0;1142.0;1685.0;12.0;25.0;-5.0;100.0;ACETIC_ACID
1710.0;2930.0;4940.0;8110.0;1239.0;1730.0;1520.0;2650.0;4490.0;7490.0;1171.0;1717.0;4.0;28.0;-5.0;109.0;ACETIC_ACID
1810.0;3080.0;5190.0;8500.0;1283.0;1794.0;1560.0;2720.0;4600.0;7690.0;1197.0;1760.0;11.0;27.0;-5.0;99.0;ACETIC_ACID
1790.0;3080.0;5170.0;8540.0;1297.0;1819.0;1610.0;2770.0;4670.0;7710.0;1205.0;1772.0;6.0;25.0;-5.0;92.0;ACETIC_ACID
1830.0;3140.0;5220.0;8570.0;1305.0;1822.0;1640.0;2790.0;4720.0;7740.0;1199.0;1766.0;6.0;22.0;-5.0;112.0;ACETIC_ACID
1790.0;3030.0;5060.0;8280.0;1273.0;1790.0;1580.0;2710.0;4560.0;7620.0;1178.0;1728.0;6.0;29.0;-6.0;109.0;ACETIC_ACID
1740.0;2990.0;4920.0;8070.0;1243.0;1740.0;1510.0;2580.0;4380.0;7330.0;1155.0;1696.0;6.0;25.0;-6.0;107.0;ACETIC_ACID
1710.0;2910.0;4870.0;8000.0;1226.0;1729.0;1460.0;2540.0;4310.0;7230.0;1139.0;1670.0;1.0;26.0;-10.0;105.0;ACETIC_ACID
1740.0;2950.0;4980.0;8160.0;1242.0;1750.0;1510.0;2570.0;4390.0;7430.0;1162.0;1709.0;1.0;28.0;-12.0;109.0;ACETIC_ACID
1750.0;2990.0;5050.0;8240.0;1267.0;1776.0;1530.0;2650.0;4530.0;7540.0;1186.0;1719.0;1.0;24.0;-12.0;104.0;ACETIC_ACID
1710.0;2920.0;4950.0;8060.0;1250.0;1747.0;1550.0;2670.0;4530.0;7560.0;1165.0;1695.0;2.0;23.0;-12.0;92.0;ACETIC_ACID
1670.0;2850.0;4800.0;7860.0;1229.0;1727.0;1460.0;2530.0;4320.0;7240.0;1147.0;1698.0;2.0;23.0;-9.0;100.0;ACETIC_ACID
1730.0;2960.0;4970.0;8220.0;1261.0;1766.0;1510.0;2610.0;4410.0;7460.0;1173.0;1712.0;7.0;18.0;-4.0;106.0;ACETIC_ACID
1740.0;2980.0;5010.0;8270.0;1261.0;1780.0;1520.0;2620.0;4450.0;7510.0;1164.0;1741.0;6.0;30.0;-4.0;97.0;ACETIC_ACID
1760.0;2990.0;5010.0;8280.0;1263.0;1786.0;1570.0;2710.0;4610.0;7590.0;1180.0;1733.0;6.0;17.0;-4.0;110.0;ACETIC_ACID
1760.0;3040.0;5100.0;8300.0;1281.0;1772.0;1530.0;2630.0;4460.0;7530.0;1181.0;1737.0;6.0;24.0;-7.0;115.0;ACETIC_ACID
1790.0;3050.0;5060.0;8300.0;1254.0;1764.0;1500.0;2580.0;4400.0;7380.0;1165.0;1706.0;6.0;21.0;-8.0;111.0;ACETIC_ACID
1730.0;2940.0;4910.0;8020.0;1235.0;1730.0;1520.0;2570.0;4390.0;7310.0;1144.0;1683.0;4.0;23.0;-9.0;114.0;ACETIC_ACID
1720.0;2900.0;4860.0;8000.0;1209.0;1714.0;1490.0;2590.0;4360.0;7260.0;1136.0;1654.0;12.0;28.0;-8.0;113.0;ACETIC_ACID
1660.0;2820.0;4700.0;7780.0;1193.0;1675.0;1440.0;2470.0;4230.0;7090.0;1107.0;1630.0;4.0;25.0;-8.0;111.0;ACETIC_ACID
1620.0;2760.0;4640.0;7590.0;1176.0;1657.0;1420.0;2470.0;4180.0;7030.0;1100.0;1610.0;8.0;28.0;-11.0;113.0;ACETIC_ACID
1590.0;2720.0;4540.0;7480.0;1148.0;1626.0;1400.0;2440.0;4140.0;6940.0;1084.0;1573.0;6.0;27.0;-11.0;120.0;ACETIC_ACID
1640.0;2770.0;4620.0;7580.0;1163.0;1626.0;1400.0;2420.0;4070.0;6830.0;1066.0;1570.0;6.0;29.0;-10.0;110.0;ACETIC_ACID
1640.0;2770.0;4600.0;7540.0;1146.0;1615.0;1410.0;2420.0;4100.0;6820.0;1074.0;1578.0;3.0;25.0;-10.0;117.0;ACETIC_ACID
1590.0;2680.0;4510.0;7400.0;1143.0;1613.0;1420.0;2480.0;4150.0;6870.0;1078.0;1565.0;-5.0;32.0;-11.0;112.0;ACETIC_ACID
1600.0;2710.0;4550.0;7390.0;1132.0;1589.0;1350.0;2310.0;3890.0;6600.0;1041.0;1534.0;-1.0;34.0;-10.0;110.0;ACETIC_ACID
1550.0;2630.0;4450.0;7270.0;1117.0;1567.0;1330.0;2310.0;3900.0;6540.0;1025.0;1533.0;3.0;26.0;-10.0;110.0;ACETIC_ACID
1540.0;2640.0;4420.0;7320.0;1116.0;1577.0;1340.0;2300.0;3920.0;6610.0;1044.0;1540.0;-1.0;26.0;-11.0;105.0;ACETIC_ACID
1550.0;2670.0;4440.0;7250.0;1118.0;1576.0;1350.0;2310.0;3920.0;6620.0;1037.0;1534.0;-1.0;31.0;-11.0;112.0;ACETIC_ACID
1540.0;2630.0;4390.0;7200.0;1100.0;1547.0;1350.0;2290.0;3910.0;6530.0;1022.0;1495.0;2.0;24.0;-11.0;116.0;ACETIC_ACID
1480.0;2530.0;4220.0;6930.0;1062.0;1504.0;1300.0;2230.0;3810.0;6320.0;993.0;1454.0;4.0;23.0;-11.0;110.0;ACETIC_ACID
1480.0;2500.0;4170.0;6840.0;1060.0;1481.0;1270.0;2200.0;3700.0;6160.0;971.0;1441.0;2.0;25.0;-20.0;118.0;ACETIC_ACID
1450.0;2460.0;4140.0;6800.0;1040.0;1464.0;1270.0;2210.0;3730.0;6250.0;980.0;1413.0;4.0;23.0;-11.0;112.0;ACETIC_ACID
1430.0;2450.0;4070.0;6780.0;1044.0;1474.0;1290.0;2230.0;3770.0;6250.0;976.0;1439.0;5.0;22.0;-11.0;112.0;ACETIC_ACID
1430.0;2440.0;4070.0;6750.0;1039.0;1476.0;1280.0;2210.0;3780.0;6240.0;982.0;1438.0;5.0;29.0;-7.0;117.0;ACETIC_ACID
1410.0;2410.0;4080.0;6720.0;1030.0;1461.0;1310.0;2230.0;3740.0;6220.0;964.0;1441.0;2.0;25.0;-7.0;113.0;ACETIC_ACID
1470.0;2520.0;4190.0;6880.0;1054.0;1476.0;1230.0;2150.0;3670.0;6080.0;977.0;1433.0;2.0;33.0;-7.0;118.0;ACETIC_ACID
1440.0;2470.0;4120.0;6780.0;1053.0;1466.0;1250.0;2170.0;3650.0;6060.0;963.0;1408.0;-1.0;25.0;-13.0;115.0;ACETIC_ACID
1410.0;2400.0;3950.0;6570.0;1016.0;1424.0;1250.0;2170.0;3640.0;6070.0;952.0;1390.0;-4.0;31.0;-16.0;112.0;ACETIC_ACID
1400.0;2380.0;3950.0;6550.0;1004.0;1421.0;1250.0;2120.0;3650.0;6010.0;930.0;1365.0;-4.0;24.0;-17.0;115.0;ACETIC_ACID
1390.0;2360.0;3920.0;6480.0;995.0;1386.0;1240.0;2130.0;3580.0;5910.0;920.0;1354.0;-4.0;27.0;-16.0;122.0;ACETIC_ACID
1420.0;2400.0;4020.0;6480.0;990.0;1385.0;1190.0;2070.0;3500.0;5860.0;912.0;1328.0;-4.0;28.0;-16.0;109.0;ACETIC_ACID
1300.0;2240.0;3730.0;6130.0;939.0;1318.0;1120.0;1970.0;3330.0;5530.0;871.0;1275.0;-1.0;33.0;-14.0;118.0;ACETIC_ACID
1220.0;2070.0;3420.0;5630.0;873.0;1232.0;1120.0;1910.0;3200.0;5250.0;819.0;1205.0;-1.0;27.0;-11.0;130.0;ACETIC_ACID
1210.0;2050.0;3410.0;5500.0;855.0;1211.0;1050.0;1780.0;3050.0;5060.0;795.0;1172.0;-1.0;30.0;-11.0;126.0;ACETIC_ACID
1200.0;2010.0;3340.0;5470.0;837.0;1190.0;1060.0;1820.0;3030.0;4990.0;781.0;1144.0;-1.0;36.0;-13.0;131.0;ACETIC_ACID
1150.0;1940.0;3200.0;5270.0;806.0;1123.0;980.0;1660.0;2790.0;4720.0;734.0;1084.0;-1.0;26.0;-5.0;133.0;ACETIC_ACID
1110.0;1860.0;3050.0;4940.0;765.0;1081.0;940.0;1590.0;2690.0;4500.0;704.0;1049.0;-2.0;29.0;-13.0;133.0;ACETIC_ACID
1070.0;1790.0;2960.0;4870.0;744.0;1045.0;940.0;1590.0;2690.0;4450.0;686.0;1016.0;-2.0;28.0;-19.0;133.0;ACETIC_ACID
1060.0;1800.0;2970.0;4880.0;737.0;1039.0;920.0;1590.0;2620.0;4350.0;688.0;1005.0;-2.0;25.0;-20.0;134.0;ACETIC_ACID
1000.0;1670.0;2800.0;4520.0;698.0;1000.0;920.0;1560.0;2630.0;4280.0;664.0;986.0;6.0;31.0;-19.0;134.0;ACETIC_ACID
1030.0;1740.0;2870.0;4730.0;716.0;990.0;900.0;1520.0;2580.0;4270.0;672.0;977.0;6.0;27.0;-20.0;127.0;ACETIC_ACID
1010.0;1700.0;2780.0;4580.0;694.0;988.0;870.0;1480.0;2470.0;4160.0;648.0;959.0;6.0;31.0;-19.0;126.0;ACETIC_ACID
1030.0;1720.0;2840.0;4550.0;704.0;980.0;900.0;1530.0;2550.0;4180.0;662.0;936.0;-3.0;32.0;-21.0;131.0;ACETIC_ACID
990.0;1660.0;2750.0;4440.0;687.0;962.0;860.0;1450.0;2450.0;4080.0;640.0;943.0;-7.0;31.0;-21.0;128.0;ACETIC_ACID
950.0;1600.0;2680.0;4340.0;659.0;942.0;830.0;1400.0;2360.0;3970.0;616.0;910.0;-8.0;41.0;-24.0;134.0;ACETIC_ACID
970.0;1630.0;2650.0;4300.0;663.0;918.0;800.0;1350.0;2250.0;3770.0;604.0;892.0;-8.0;28.0;-24.0;116.0;ACETIC_ACID
920.0;1550.0;2560.0;4220.0;637.0;888.0;820.0;1390.0;2320.0;3890.0;597.0;881.0;-8.0;32.0;-24.0;126.0;ACETIC_ACID
920.0;1540.0;2550.0;4130.0;638.0;896.0;820.0;1390.0;2330.0;3880.0;600.0;885.0;-8.0;24.0;-23.0;124.0;ACETIC_ACID
940.0;1590.0;2580.0;4270.0;648.0;903.0;810.0;1350.0;2280.0;3830.0;607.0;889.0;-8.0;27.0;-17.0;128.0;ACETIC_ACID
940.0;1580.0;2630.0;4250.0;651.0;923.0;830.0;1400.0;2380.0;3990.0;612.0;895.0;-7.0;29.0;-16.0;121.0;ACETIC_ACID
930.0;1560.0;2590.0;4260.0;646.0;918.0;820.0;1410.0;2370.0;3890.0;613.0;900.0;-1.0;24.0;-16.0;119.0;ACETIC_ACID
960.0;1630.0;2700.0;4420.0;673.0;943.0;850.0;1420.0;2350.0;3890.0;615.0;917.0;2.0;26.0;-17.0;120.0;ACETIC_ACID
960.0;1620.0;2680.0;4410.0;674.0;945.0;810.0;1380.0;2290.0;3880.0;611.0;911.0;2.0;30.0;-17.0;117.0;ACETIC_ACID
990.0;1650.0;2740.0;4460.0;686.0;951.0;840.0;1410.0;2360.0;4020.0;623.0;914.0;2.0;29.0;-16.0;128.0;ACETIC_ACID
980.0;1650.0;2740.0;4420.0;684.0;952.0;810.0;1370.0;2310.0;3880.0;613.0;914.0;1.0;25.0;-16.0;127.0;ACETIC_ACID
980.0;1660.0;2730.0;4460.0;679.0;957.0;830.0;1440.0;2410.0;4060.0;627.0;930.0;1.0;28.0;-16.0;129.0;ACETIC_ACID
980.0;1630.0;2700.0;4450.0;684.0;949.0;810.0;1390.0;2350.0;3910.0;620.0;911.0;1.0;37.0;-13.0;127.0;ACETIC_ACID
970.0;1620.0;2690.0;4400.0;673.0;940.0;790.0;1360.0;2270.0;3880.0;609.0;902.0;1.0;34.0;-16.0;132.0;ACETIC_ACID
950.0;1590.0;2650.0;4290.0;656.0;912.0;780.0;1330.0;2230.0;3800.0;602.0;887.0;1.0;32.0;-18.0;120.0;ACETIC_ACID
950.0;1600.0;2640.0;4300.0;655.0;925.0;800.0;1350.0;2280.0;3830.0;598.0;898.0;1.0;33.0;-21.0;124.0;ACETIC_ACID
940.0;1590.0;2630.0;4280.0;661.0;938.0;810.0;1400.0;2330.0;3930.0;613.0;903.0;-1.0;30.0;-21.0;118.0;ACETIC_ACID
990.0;1680.0;2810.0;4550.0;686.0;971.0;840.0;1410.0;2360.0;3990.0;624.0;930.0;-1.0;24.0;-21.0;121.0;ACETIC_ACID
1040.0;1750.0;2920.0;4740.0;720.0;987.0;850.0;1440.0;2430.0;4100.0;640.0;957.0;2.0;23.0;-18.0;118.0;ACETIC_ACID
1050.0;1780.0;2950.0;4870.0;737.0;1010.0;840.0;1470.0;2520.0;4320.0;664.0;986.0;3.0;27.0;-22.0;117.0;ACETIC_ACID
1000.0;1720.0;2850.0;4660.0;716.0;1003.0;850.0;1480.0;2520.0;4280.0;672.0;979.0;-1.0;31.0;-16.0;113.0;ACETIC_ACID
960.0;1660.0;2750.0;4560.0;702.0;978.0;870.0;1480.0;2520.0;4240.0;651.0;964.0;3.0;28.0;-14.0;113.0;ACETIC_ACID
1030.0;1740.0;2900.0;4780.0;738.0;1027.0;890.0;1530.0;2590.0;4330.0;674.0;1007.0;2.0;28.0;-11.0;112.0;ACETIC_ACID
1060.0;1800.0;3010.0;4920.0;756.0;1051.0;900.0;1540.0;2640.0;4470.0;701.0;1025.0;2.0;27.0;-11.0;108.0;ACETIC_ACID
1090.0;1850.0;3130.0;5080.0;780.0;1083.0;920.0;1580.0;2660.0;4450.0;704.0;1054.0;2.0;30.0;-9.0;117.0;ACETIC_ACID
1120.0;1880.0;3170.0;5170.0;792.0;1096.0;930.0;1600.0;2690.0;4480.0;712.0;1043.0;2.0;31.0;-9.0;121.0;ACETIC_ACID
1080.0;1840.0;3110.0;5180.0;791.0;1098.0;920.0;1570.0;2670.0;4470.0;720.0;1059.0;0.0;20.0;-9.0;116.0;ACETIC_ACID
1090.0;1840.0;3070.0;4940.0;763.0;1054.0;910.0;1550.0;2640.0;4450.0;689.0;1021.0;0.0;27.0;-9.0;129.0;ACETIC_ACID
1030.0;1770.0;2950.0;4870.0;750.0;1033.0;870.0;1510.0;2550.0;4270.0;674.0;1000.0;0.0;28.0;-13.0;117.0;ACETIC_ACID
1060.0;1800.0;2980.0;4850.0;746.0;1038.0;900.0;1520.0;2600.0;4340.0;689.0;1009.0;0.0;26.0;-13.0;114.0;ACETIC_ACID
1050.0;1750.0;2990.0;4880.0;751.0;1049.0;850.0;1490.0;2560.0;4330.0;684.0;1015.0;0.0;32.0;-13.0;110.0;ACETIC_ACID
1060.0;1790.0;3000.0;4920.0;751.0;1046.0;870.0;1500.0;2530.0;4310.0;683.0;1014.0;0.0;32.0;-11.0;117.0;ACETIC_ACID
1050.0;1750.0;2990.0;4880.0;751.0;1049.0;850.0;1490.0;2560.0;4330.0;684.0;1015.0;-5.0;32.0;-18.0;110.0;ACETIC_ACID
1020.0;1750.0;2950.0;4830.0;741.0;1020.0;870.0;1500.0;2540.0;4220.0;687.0;993.0;-6.0;26.0;-22.0;116.0;ACETIC_ACID
1100.0;1860.0;3060.0;5000.0;760.0;1072.0;940.0;1610.0;2710.0;4490.0;699.0;1031.0;-6.0;28.0;-23.0;119.0;ACETIC_ACID
