OFFCHIP_SENSIMOX_SnAu_150_200.0_IN-PHASE;OFFCHIP_SENSIMOX_SnAu_200_200.0_IN-PHASE;OFFCHIP_SENSIMOX_SnAu_250_200.0_IN-PHASE;OFFCHIP_SENSIMOX_SnAu_300_200.0_IN-PHASE;OFFCHIP_SENSIMOX_SnAu_350_200.0_IN-PHASE;OFFCHIP_SENSIMOX_SnAu_400_200.0_IN-PHASE;OFFCHIP_SENSIMOX_SnAu_150_78125.0_IN-PHASE;OFFCHIP_SENSIMOX_SnAu_200_78125.0_IN-PHASE;OFFCHIP_SENSIMOX_SnAu_250_78125.0_IN-PHASE;OFFCHIP_SENSIMOX_SnAu_300_78125.0_IN-PHASE;OFFCHIP_SENSIMOX_SnAu_350_78125.0_IN-PHASE;OFFCHIP_SENSIMOX_SnAu_400_78125.0_IN-PHASE;ONCHIP_ALUMINUM_OXIDE_OUT4_IN-PHASE;ONCHIP_ALUMINUM_OXIDE_OUT4_QUADRATURE;ONCHIP_ALUMINUM_OXIDE_OUT7_IN-PHASE;ONCHIP_ALUMINUM_OXIDE_OUT7_QUADRATURE;LABEL
1.0;1.0;1.0;1.0;1.0;1.0;1.0;1.0;1.0;1.0;1.0;1.0;1.0;1.0;1.0;1.0;ACETIC_ACID
31.0;61.0;125.0;252.0;48.0;85.0;22.0;47.0;101.0;213.0;43.0;78.0;0.0;-4.0;-1.0;-6.0;ACETIC_ACID
35.0;71.0;140.0;280.0;54.0;97.0;25.0;54.0;115.0;244.0;48.0;89.0;0.0;-4.0;-1.0;-6.0;ACETIC_ACID
35.0;71.0;143.0;290.0;56.0;98.0;24.0;53.0;113.0;244.0;48.0;87.0;0.0;-4.0;-1.0;-7.0;ACETIC_ACID
34.0;69.0;140.0;280.0;55.0;96.0;24.0;55.0;116.0;240.0;48.0;88.0;0.0;-5.0;-1.0;-7.0;ACETIC_ACID
36.0;72.0;145.0;291.0;55.0;100.0;24.0;56.0;117.0;251.0;49.0;90.0;-7.0;-5.0;-5.0;-6.0;ACETIC_ACID
36.0;73.0;144.0;290.0;56.0;100.0;24.0;56.0;118.0;253.0;49.0;88.0;-7.0;-6.0;-5.0;1.0;ACETIC_ACID
34.0;69.0;139.0;280.0;55.0;98.0;25.0;55.0;118.0;251.0;51.0;90.0;-1.0;-5.0;-3.0;1.0;ACETIC_ACID
38.0;75.0;151.0;302.0;58.0;106.0;28.0;62.0;130.0;273.0;54.0;99.0;1.0;-5.0;-3.0;1.0;ACETIC_ACID
40.0;81.0;165.0;332.0;64.0;115.0;30.0;67.0;145.0;305.0;59.0;110.0;-1.0;-5.0;-3.0;1.0;ACETIC_ACID
47.0;94.0;188.0;375.0;71.0;129.0;34.0;76.0;162.0;343.0;67.0;122.0;1.0;-6.0;-3.0;-2.0;ACETIC_ACID
50.0;101.0;206.0;410.0;79.0;143.0;41.0;89.0;192.0;396.0;77.0;141.0;-1.0;-6.0;-3.0;-2.0;ACETIC_ACID
66.0;131.0;256.0;504.0;95.0;174.0;49.0;107.0;226.0;466.0;91.0;165.0;-4.0;-6.0;-5.0;-3.0;ACETIC_ACID
70.0;138.0;270.0;531.0;101.0;181.0;49.0;109.0;230.0;482.0;95.0;173.0;-4.0;-6.0;-3.0;-3.0;ACETIC_ACID
70.0;142.0;283.0;556.0;106.0;188.0;53.0;114.0;244.0;504.0;98.0;176.0;5.0;-4.0;4.0;-3.0;ACETIC_ACID
76.0;152.0;301.0;597.0;114.0;205.0;60.0;133.0;275.0;566.0;111.0;200.0;-6.0;-4.0;-5.0;-4.0;ACETIC_ACID
86.0;170.0;335.0;656.0;123.0;220.0;68.0;143.0;302.0;614.0;119.0;214.0;-1.0;-4.0;1.0;-4.0;ACETIC_ACID
99.0;193.0;377.0;728.0;137.0;245.0;73.0;159.0;335.0;683.0;133.0;239.0;2.0;-4.0;1.0;-4.0;ACETIC_ACID
111.0;217.0;423.0;815.0;153.0;278.0;86.0;187.0;392.0;797.0;152.0;277.0;2.0;-4.0;1.0;-4.0;ACETIC_ACID
132.0;256.0;493.0;941.0;175.0;307.0;97.0;206.0;431.0;870.0;167.0;295.0;-1.0;-7.0;1.0;-3.0;ACETIC_ACID
134.0;263.0;509.0;979.0;183.0;319.0;98.0;212.0;440.0;887.0;171.0;306.0;3.0;-7.0;1.0;-3.0;ACETIC_ACID
141.0;276.0;534.0;1024.0;190.0;333.0;105.0;223.0;460.0;936.0;177.0;317.0;2.0;-7.0;1.0;-4.0;ACETIC_ACID
145.0;282.0;546.0;1050.0;197.0;348.0;115.0;247.0;510.0;1018.0;193.0;342.0;2.0;-8.0;1.0;-3.0;ACETIC_ACID
163.0;315.0;606.0;1151.0;213.0;369.0;117.0;249.0;515.0;1041.0;199.0;351.0;1.0;-8.0;-1.0;-5.0;ACETIC_ACID
164.0;320.0;618.0;1170.0;217.0;373.0;117.0;250.0;515.0;1037.0;200.0;352.0;1.0;-8.0;-1.0;-5.0;ACETIC_ACID
160.0;314.0;600.0;1152.0;212.0;371.0;117.0;249.0;521.0;1048.0;198.0;354.0;0.0;-7.0;-2.0;-5.0;ACETIC_ACID
166.0;321.0;620.0;1182.0;220.0;382.0;125.0;267.0;549.0;1094.0;208.0;368.0;-7.0;-6.0;-13.0;-5.0;ACETIC_ACID
175.0;342.0;653.0;1242.0;228.0;399.0;135.0;287.0;585.0;1176.0;221.0;394.0;-4.0;-6.0;-10.0;-5.0;ACETIC_ACID
196.0;378.0;719.0;1351.0;248.0;426.0;143.0;304.0;611.0;1216.0;230.0;408.0;-4.0;-6.0;-10.0;-2.0;ACETIC_ACID
192.0;372.0;714.0;1346.0;247.0;425.0;140.0;296.0;607.0;1204.0;228.0;399.0;-4.0;-5.0;-2.0;-5.0;ACETIC_ACID
184.0;357.0;687.0;1310.0;242.0;419.0;137.0;291.0;597.0;1191.0;227.0;400.0;-4.0;-5.0;-8.0;-2.0;ACETIC_ACID
188.0;363.0;695.0;1319.0;241.0;415.0;139.0;290.0;598.0;1185.0;226.0;399.0;2.0;-5.0;-4.0;-2.0;ACETIC_ACID
187.0;360.0;690.0;1304.0;241.0;416.0;137.0;287.0;591.0;1183.0;224.0;396.0;2.0;-5.0;-3.0;-2.0;ACETIC_ACID
182.0;351.0;681.0;1298.0;240.0;416.0;141.0;294.0;607.0;1208.0;227.0;405.0;2.0;-2.0;-3.0;-2.0;ACETIC_ACID
193.0;374.0;718.0;1349.0;247.0;426.0;140.0;299.0;616.0;1227.0;234.0;409.0;0.0;-5.0;-3.0;-2.0;ACETIC_ACID
193.0;376.0;715.0;1352.0;247.0;428.0;144.0;304.0;621.0;1236.0;233.0;410.0;2.0;-7.0;-3.0;-2.0;ACETIC_ACID
203.0;393.0;745.0;1397.0;255.0;441.0;149.0;315.0;645.0;1285.0;243.0;429.0;2.0;-7.0;-2.0;-3.0;ACETIC_ACID
214.0;411.0;775.0;1453.0;265.0;457.0;158.0;328.0;665.0;1323.0;248.0;437.0;2.0;-4.0;-2.0;-1.0;ACETIC_ACID
216.0;415.0;791.0;1484.0;270.0;463.0;160.0;333.0;681.0;1355.0;254.0;446.0;3.0;-4.0;-1.0;-1.0;ACETIC_ACID
218.0;421.0;803.0;1511.0;274.0;471.0;166.0;349.0;705.0;1384.0;259.0;453.0;2.0;-4.0;-1.0;0.0;ACETIC_ACID
226.0;434.0;826.0;1529.0;279.0;478.0;166.0;346.0;707.0;1403.0;265.0;464.0;-1.0;-4.0;-4.0;0.0;ACETIC_ACID
237.0;456.0;853.0;1582.0;287.0;488.0;170.0;352.0;721.0;1427.0;268.0;471.0;-1.0;-3.0;-4.0;2.0;ACETIC_ACID
237.0;453.0;853.0;1588.0;289.0;493.0;171.0;355.0;728.0;1448.0;269.0;470.0;-1.0;-4.0;-4.0;2.0;ACETIC_ACID
233.0;448.0;856.0;1611.0;293.0;509.0;190.0;394.0;794.0;1540.0;285.0;500.0;-2.0;-5.0;-8.0;2.0;ACETIC_ACID
261.0;494.0;929.0;1718.0;310.0;532.0;188.0;393.0;798.0;1565.0;293.0;513.0;-5.0;-4.0;-10.0;2.0;ACETIC_ACID
260.0;495.0;928.0;1718.0;311.0;530.0;189.0;392.0;791.0;1557.0;290.0;505.0;-5.0;-5.0;-10.0;2.0;ACETIC_ACID
258.0;490.0;924.0;1719.0;310.0;531.0;193.0;400.0;805.0;1576.0;292.0;511.0;-10.0;-7.0;-11.0;-2.0;ACETIC_ACID
260.0;498.0;930.0;1728.0;313.0;535.0;192.0;399.0;804.0;1583.0;294.0;510.0;-10.0;-7.0;-13.0;-2.0;ACETIC_ACID
267.0;509.0;953.0;1760.0;321.0;551.0;209.0;433.0;864.0;1682.0;312.0;537.0;-7.0;-6.0;-13.0;1.0;ACETIC_ACID
294.0;556.0;1035.0;1893.0;341.0;583.0;220.0;455.0;915.0;1767.0;327.0;567.0;-7.0;-6.0;-14.0;2.0;ACETIC_ACID
300.0;570.0;1060.0;1954.0;352.0;591.0;219.0;449.0;902.0;1763.0;325.0;564.0;-7.0;-5.0;-13.0;2.0;ACETIC_ACID
292.0;554.0;1038.0;1916.0;344.0;585.0;217.0;449.0;899.0;1755.0;325.0;557.0;-4.0;-5.0;-9.0;6.0;ACETIC_ACID
280.0;536.0;1006.0;1870.0;339.0;575.0;210.0;438.0;883.0;1721.0;319.0;553.0;-4.0;-5.0;-9.0;9.0;ACETIC_ACID
283.0;542.0;1011.0;1870.0;337.0;577.0;214.0;452.0;900.0;1771.0;325.0;563.0;-4.0;-5.0;-9.0;8.0;ACETIC_ACID
295.0;561.0;1051.0;1922.0;346.0;582.0;219.0;449.0;904.0;1754.0;323.0;560.0;-4.0;-5.0;-9.0;2.0;ACETIC_ACID
300.0;567.0;1054.0;1942.0;349.0;591.0;227.0;468.0;927.0;1807.0;334.0;576.0;-4.0;-3.0;-9.0;2.0;ACETIC_ACID
312.0;587.0;1092.0;1993.0;356.0;603.0;226.0;465.0;928.0;1809.0;335.0;580.0;-6.0;-3.0;-10.0;2.0;ACETIC_ACID
320.0;603.0;1112.0;2028.0;363.0;616.0;236.0;485.0;961.0;1865.0;341.0;593.0;-4.0;-1.0;-9.0;2.0;ACETIC_ACID
309.0;585.0;1086.0;2005.0;358.0;604.0;227.0;464.0;925.0;1803.0;332.0;578.0;-6.0;3.0;-10.0;6.0;ACETIC_ACID
301.0;575.0;1074.0;1966.0;353.0;602.0;233.0;483.0;955.0;1854.0;341.0;587.0;-4.0;3.0;-8.0;6.0;ACETIC_ACID
323.0;611.0;1127.0;2064.0;368.0;621.0;242.0;493.0;979.0;1892.0;349.0;600.0;-4.0;-3.0;-12.0;8.0;ACETIC_ACID
326.0;613.0;1138.0;2083.0;370.0;624.0;240.0;495.0;988.0;1900.0;350.0;602.0;-4.0;-4.0;-11.0;15.0;ACETIC_ACID
323.0;609.0;1133.0;2083.0;373.0;634.0;246.0;505.0;1000.0;1929.0;356.0;612.0;-6.0;-4.0;-12.0;13.0;ACETIC_ACID
337.0;634.0;1166.0;2131.0;378.0;633.0;242.0;495.0;986.0;1914.0;350.0;603.0;-6.0;-7.0;-12.0;11.0;ACETIC_ACID
319.0;606.0;1129.0;2064.0;370.0;626.0;243.0;497.0;990.0;1907.0;354.0;607.0;-6.0;-7.0;-12.0;11.0;ACETIC_ACID
329.0;622.0;1156.0;2107.0;374.0;633.0;247.0;508.0;1002.0;1929.0;354.0;616.0;-6.0;-7.0;-11.0;11.0;ACETIC_ACID
337.0;633.0;1172.0;2149.0;382.0;642.0;251.0;512.0;1020.0;1961.0;359.0;620.0;-6.0;-5.0;-12.0;11.0;ACETIC_ACID
346.0;650.0;1196.0;2170.0;384.0;651.0;260.0;534.0;1049.0;2021.0;368.0;633.0;-4.0;-5.0;-9.0;11.0;ACETIC_ACID
341.0;644.0;1192.0;2174.0;388.0;655.0;263.0;537.0;1060.0;2043.0;371.0;641.0;-4.0;-3.0;-9.0;4.0;ACETIC_ACID
368.0;688.0;1270.0;2304.0;410.0;690.0;280.0;570.0;1121.0;2150.0;392.0;669.0;-8.0;-5.0;-13.0;2.0;ACETIC_ACID
382.0;714.0;1308.0;2359.0;417.0;696.0;272.0;557.0;1099.0;2118.0;388.0;664.0;-10.0;-2.0;-13.0;2.0;ACETIC_ACID
361.0;676.0;1246.0;2311.0;412.0;697.0;274.0;555.0;1100.0;2123.0;388.0;664.0;-11.0;-2.0;-13.0;7.0;ACETIC_ACID
353.0;665.0;1234.0;2265.0;403.0;674.0;263.0;544.0;1073.0;2065.0;378.0;646.0;-11.0;-1.0;-18.0;8.0;ACETIC_ACID
347.0;651.0;1209.0;2203.0;393.0;661.0;256.0;521.0;1036.0;2004.0;366.0;629.0;-11.0;-1.0;-18.0;9.0;ACETIC_ACID
350.0;656.0;1210.0;2195.0;389.0;657.0;260.0;535.0;1053.0;2034.0;370.0;634.0;-11.0;-1.0;-18.0;6.0;ACETIC_ACID
350.0;657.0;1207.0;2193.0;389.0;657.0;260.0;524.0;1035.0;1996.0;371.0;634.0;-11.0;-1.0;-21.0;8.0;ACETIC_ACID
354.0;666.0;1224.0;2223.0;395.0;664.0;264.0;541.0;1067.0;2055.0;379.0;641.0;-11.0;-1.0;-21.0;15.0;ACETIC_ACID
361.0;677.0;1236.0;2255.0;399.0;669.0;266.0;542.0;1066.0;2061.0;379.0;649.0;-11.0;-4.0;-21.0;13.0;ACETIC_ACID
365.0;685.0;1258.0;2277.0;404.0;678.0;274.0;555.0;1091.0;2104.0;383.0;654.0;-11.0;-4.0;-22.0;9.0;ACETIC_ACID
359.0;675.0;1245.0;2267.0;401.0;680.0;271.0;552.0;1089.0;2088.0;382.0;655.0;-9.0;-3.0;-22.0;10.0;ACETIC_ACID
364.0;684.0;1252.0;2281.0;404.0;679.0;268.0;553.0;1083.0;2086.0;383.0;656.0;-8.0;-3.0;-19.0;12.0;ACETIC_ACID
365.0;686.0;1262.0;2273.0;404.0;676.0;266.0;545.0;1080.0;2069.0;379.0;652.0;-8.0;-2.0;-19.0;15.0;ACETIC_ACID
373.0;702.0;1286.0;2323.0;411.0;698.0;289.0;591.0;1151.0;2200.0;400.0;681.0;-8.0;-2.0;-18.0;9.0;ACETIC_ACID
392.0;734.0;1339.0;2412.0;425.0;715.0;292.0;589.0;1156.0;2209.0;404.0;690.0;-7.0;-2.0;-15.0;10.0;ACETIC_ACID
396.0;734.0;1340.0;2411.0;425.0;707.0;284.0;575.0;1145.0;2191.0;399.0;678.0;-7.0;0.0;-15.0;7.0;ACETIC_ACID
375.0;700.0;1295.0;2366.0;420.0;699.0;286.0;580.0;1138.0;2171.0;398.0;677.0;-7.0;-2.0;-13.0;15.0;ACETIC_ACID
383.0;713.0;1305.0;2368.0;418.0;701.0;283.0;575.0;1132.0;2167.0;394.0;677.0;-6.0;0.0;-13.0;14.0;ACETIC_ACID
392.0;729.0;1340.0;2402.0;424.0;711.0;289.0;584.0;1146.0;2192.0;400.0;681.0;-6.0;6.0;-12.0;14.0;ACETIC_ACID
396.0;734.0;1335.0;2411.0;423.0;709.0;288.0;583.0;1153.0;2191.0;399.0;680.0;-6.0;6.0;-12.0;16.0;ACETIC_ACID
384.0;715.0;1311.0;2375.0;417.0;699.0;283.0;574.0;1130.0;2161.0;395.0;676.0;-6.0;6.0;-15.0;19.0;ACETIC_ACID
390.0;725.0;1325.0;2383.0;423.0;709.0;298.0;597.0;1168.0;2236.0;406.0;690.0;-5.0;-2.0;-18.0;15.0;ACETIC_ACID
394.0;734.0;1337.0;2423.0;429.0;711.0;297.0;598.0;1171.0;2250.0;406.0;688.0;-5.0;-2.0;-18.0;9.0;ACETIC_ACID
396.0;737.0;1342.0;2424.0;431.0;720.0;297.0;602.0;1178.0;2250.0;406.0;694.0;-4.0;-2.0;-18.0;13.0;ACETIC_ACID
393.0;731.0;1347.0;2446.0;430.0;714.0;295.0;600.0;1173.0;2235.0;402.0;690.0;-3.0;-2.0;-15.0;13.0;ACETIC_ACID
388.0;730.0;1343.0;2422.0;431.0;718.0;301.0;609.0;1183.0;2266.0;411.0;698.0;-3.0;-2.0;-18.0;13.0;ACETIC_ACID
404.0;752.0;1366.0;2478.0;435.0;727.0;307.0;618.0;1202.0;2285.0;414.0;706.0;-1.0;-3.0;-12.0;10.0;ACETIC_ACID
411.0;763.0;1396.0;2500.0;440.0;737.0;309.0;620.0;1209.0;2309.0;416.0;710.0;-1.0;-3.0;-12.0;20.0;ACETIC_ACID
400.0;744.0;1365.0;2470.0;438.0;731.0;300.0;608.0;1193.0;2281.0;415.0;711.0;-3.0;-3.0;-15.0;21.0;ACETIC_ACID
416.0;772.0;1402.0;2512.0;442.0;742.0;309.0;625.0;1224.0;2322.0;419.0;716.0;-3.0;-3.0;-15.0;16.0;ACETIC_ACID
415.0;768.0;1398.0;2533.0;445.0;742.0;311.0;627.0;1226.0;2322.0;422.0;722.0;-3.0;-3.0;-15.0;19.0;ACETIC_ACID
431.0;798.0;1441.0;2588.0;455.0;757.0;319.0;645.0;1258.0;2388.0;429.0;732.0;-5.0;-1.0;-18.0;18.0;ACETIC_ACID
434.0;803.0;1458.0;2605.0;458.0;759.0;319.0;643.0;1258.0;2390.0;430.0;730.0;-7.0;-1.0;-21.0;21.0;ACETIC_ACID
417.0;776.0;1418.0;2560.0;449.0;744.0;309.0;620.0;1224.0;2320.0;425.0;719.0;-7.0;1.0;-18.0;14.0;ACETIC_ACID
421.0;779.0;1420.0;2567.0;451.0;755.0;328.0;656.0;1277.0;2421.0;437.0;738.0;-7.0;1.0;-18.0;12.0;ACETIC_ACID
451.0;828.0;1506.0;2683.0;470.0;781.0;333.0;666.0;1298.0;2451.0;446.0;756.0;-4.0;2.0;-15.0;15.0;ACETIC_ACID
451.0;837.0;1524.0;2717.0;474.0;789.0;339.0;686.0;1332.0;2523.0;451.0;767.0;-4.0;1.0;-15.0;14.0;ACETIC_ACID
462.0;858.0;1552.0;2765.0;483.0;800.0;340.0;683.0;1328.0;2522.0;454.0;770.0;-4.0;-5.0;-15.0;17.0;ACETIC_ACID
453.0;842.0;1532.0;2751.0;481.0;801.0;346.0;696.0;1356.0;2564.0;459.0;780.0;-8.0;-7.0;-18.0;13.0;ACETIC_ACID
469.0;864.0;1563.0;2804.0;489.0;811.0;352.0;707.0;1372.0;2573.0;464.0;785.0;-11.0;-5.0;-18.0;11.0;ACETIC_ACID
473.0;876.0;1576.0;2811.0;494.0;813.0;349.0;699.0;1345.0;2566.0;460.0;786.0;-11.0;-5.0;-19.0;15.0;ACETIC_ACID
471.0;866.0;1564.0;2812.0;491.0;814.0;352.0;705.0;1368.0;2584.0;464.0;792.0;-11.0;-4.0;-21.0;16.0;ACETIC_ACID
469.0;868.0;1574.0;2824.0;492.0;816.0;352.0;705.0;1365.0;2572.0;464.0;784.0;-11.0;-2.0;-19.0;11.0;ACETIC_ACID
469.0;863.0;1569.0;2800.0;492.0;816.0;359.0;719.0;1386.0;2605.0;466.0;792.0;-10.0;0.0;-19.0;17.0;ACETIC_ACID
475.0;876.0;1582.0;2847.0;497.0;822.0;356.0;713.0;1388.0;2598.0;468.0;789.0;-8.0;2.0;-19.0;22.0;ACETIC_ACID
467.0;863.0;1561.0;2797.0;490.0;809.0;345.0;691.0;1350.0;2551.0;462.0;782.0;-8.0;2.0;-19.0;19.0;ACETIC_ACID
468.0;861.0;1560.0;2782.0;487.0;803.0;349.0;699.0;1355.0;2545.0;459.0;773.0;-7.0;1.0;-17.0;12.0;ACETIC_ACID
464.0;854.0;1556.0;2774.0;485.0;807.0;353.0;705.0;1368.0;2584.0;464.0;787.0;-7.0;2.0;-17.0;15.0;ACETIC_ACID
476.0;881.0;1592.0;2830.0;493.0;815.0;358.0;716.0;1382.0;2620.0;471.0;790.0;-7.0;1.0;-17.0;16.0;ACETIC_ACID
485.0;890.0;1609.0;2862.0;499.0;828.0;375.0;739.0;1427.0;2677.0;481.0;810.0;-7.0;1.0;-20.0;16.0;ACETIC_ACID
511.0;938.0;1693.0;2989.0;517.0;857.0;382.0;757.0;1458.0;2757.0;491.0;834.0;-7.0;1.0;-16.0;11.0;ACETIC_ACID
518.0;952.0;1708.0;3020.0;524.0;860.0;384.0;759.0;1468.0;2754.0;492.0;830.0;-6.0;1.0;-16.0;13.0;ACETIC_ACID
505.0;931.0;1686.0;2985.0;521.0;860.0;386.0;769.0;1467.0;2769.0;494.0;832.0;-5.0;-4.0;-12.0;16.0;ACETIC_ACID
519.0;954.0;1715.0;3024.0;526.0;867.0;391.0;777.0;1491.0;2780.0;498.0;838.0;-8.0;-4.0;-12.0;15.0;ACETIC_ACID
512.0;943.0;1701.0;3022.0;524.0;861.0;385.0;768.0;1480.0;2786.0;493.0;835.0;-7.0;-3.0;-12.0;14.0;ACETIC_ACID
512.0;944.0;1698.0;3032.0;526.0;866.0;389.0;771.0;1490.0;2787.0;498.0;839.0;-5.0;-3.0;-12.0;16.0;ACETIC_ACID
516.0;947.0;1700.0;3013.0;526.0;865.0;392.0;775.0;1494.0;2798.0;498.0;841.0;-7.0;-3.0;-20.0;14.0;ACETIC_ACID
527.0;963.0;1730.0;3067.0;532.0;875.0;394.0;781.0;1502.0;2818.0;504.0;848.0;-7.0;0.0;-20.0;16.0;ACETIC_ACID
532.0;977.0;1750.0;3103.0;536.0;882.0;393.0;788.0;1514.0;2835.0;507.0;853.0;-7.0;2.0;-18.0;16.0;ACETIC_ACID
520.0;956.0;1731.0;3073.0;533.0;879.0;397.0;783.0;1506.0;2830.0;504.0;847.0;-8.0;1.0;-18.0;25.0;ACETIC_ACID
529.0;968.0;1750.0;3099.0;534.0;880.0;397.0;783.0;1516.0;2845.0;509.0;855.0;-10.0;0.0;-19.0;16.0;ACETIC_ACID
522.0;961.0;1743.0;3090.0;536.0;880.0;400.0;793.0;1527.0;2852.0;504.0;852.0;-10.0;0.0;-18.0;18.0;ACETIC_ACID
535.0;976.0;1746.0;3089.0;536.0;882.0;397.0;791.0;1526.0;2867.0;511.0;864.0;-10.0;-2.0;-19.0;16.0;ACETIC_ACID
557.0;1018.0;1815.0;3197.0;551.0;905.0;413.0;824.0;1579.0;2942.0;524.0;877.0;-3.0;-4.0;-19.0;13.0;ACETIC_ACID
560.0;1022.0;1827.0;3233.0;556.0;906.0;413.0;819.0;1575.0;2919.0;522.0;878.0;-3.0;-5.0;-13.0;11.0;ACETIC_ACID
559.0;1021.0;1824.0;3227.0;559.0;923.0;432.0;862.0;1639.0;3047.0;542.0;903.0;-3.0;-5.0;-12.0;14.0;ACETIC_ACID
599.0;1092.0;1946.0;3397.0;582.0;956.0;458.0;896.0;1707.0;3164.0;560.0;935.0;-5.0;-5.0;-12.0;10.0;ACETIC_ACID
624.0;1126.0;1997.0;3498.0;602.0;978.0;451.0;888.0;1702.0;3163.0;564.0;937.0;-5.0;0.0;-12.0;10.0;ACETIC_ACID
593.0;1084.0;1931.0;3431.0;592.0;966.0;450.0;884.0;1688.0;3149.0;559.0;936.0;-6.0;0.0;-14.0;8.0;ACETIC_ACID
609.0;1106.0;1975.0;3451.0;596.0;967.0;446.0;881.0;1685.0;3143.0;558.0;933.0;-10.0;0.0;-23.0;10.0;ACETIC_ACID
594.0;1084.0;1940.0;3400.0;588.0;962.0;444.0;872.0;1670.0;3111.0;554.0;930.0;-10.0;0.0;-25.0;9.0;ACETIC_ACID
592.0;1082.0;1941.0;3411.0;589.0;967.0;450.0;889.0;1697.0;3151.0;560.0;936.0;-15.0;1.0;-25.0;9.0;ACETIC_ACID
631.0;1141.0;2021.0;3537.0;605.0;989.0;466.0;923.0;1756.0;3272.0;575.0;958.0;-15.0;-2.0;-25.0;13.0;ACETIC_ACID
625.0;1132.0;2019.0;3540.0;608.0;993.0;469.0;920.0;1763.0;3253.0;579.0;961.0;-15.0;-1.0;-23.0;7.0;ACETIC_ACID
634.0;1151.0;2049.0;3581.0;612.0;1000.0;486.0;955.0;1811.0;3334.0;588.0;982.0;-15.0;-1.0;-21.0;4.0;ACETIC_ACID
660.0;1202.0;2111.0;3686.0;631.0;1022.0;483.0;947.0;1794.0;3326.0;587.0;981.0;-11.0;-2.0;-20.0;3.0;ACETIC_ACID
652.0;1183.0;2089.0;3643.0;623.0;1015.0;485.0;954.0;1820.0;3353.0;593.0;983.0;-7.0;-3.0;-20.0;3.0;ACETIC_ACID
643.0;1163.0;2065.0;3609.0;618.0;1002.0;464.0;910.0;1742.0;3249.0;577.0;963.0;-5.0;-2.0;-20.0;4.0;ACETIC_ACID
618.0;1131.0;2028.0;3545.0;611.0;1003.0;486.0;951.0;1810.0;3320.0;584.0;976.0;-5.0;-2.0;-20.0;4.0;ACETIC_ACID
665.0;1200.0;2121.0;3691.0;629.0;1018.0;489.0;954.0;1810.0;3343.0;591.0;982.0;-5.0;-2.0;-16.0;4.0;ACETIC_ACID
635.0;1157.0;2069.0;3637.0;624.0;1015.0;495.0;966.0;1824.0;3373.0;595.0;988.0;-5.0;-4.0;-16.0;5.0;ACETIC_ACID
650.0;1174.0;2090.0;3685.0;629.0;1022.0;490.0;966.0;1820.0;3374.0;594.0;987.0;-5.0;-4.0;-19.0;5.0;ACETIC_ACID
658.0;1199.0;2113.0;3676.0;632.0;1020.0;494.0;964.0;1835.0;3377.0;597.0;993.0;-8.0;-5.0;-20.0;13.0;ACETIC_ACID
664.0;1204.0;2137.0;3730.0;637.0;1036.0;495.0;967.0;1844.0;3428.0;605.0;1003.0;-8.0;-5.0;-20.0;4.0;ACETIC_ACID
677.0;1223.0;2162.0;3762.0;641.0;1039.0;488.0;960.0;1819.0;3364.0;599.0;996.0;-9.0;-5.0;-20.0;11.0;ACETIC_ACID
646.0;1172.0;2088.0;3656.0;626.0;1019.0;486.0;954.0;1819.0;3367.0;590.0;990.0;-8.0;-5.0;-20.0;6.0;ACETIC_ACID
656.0;1191.0;2116.0;3691.0;629.0;1016.0;480.0;947.0;1807.0;3342.0;590.0;981.0;-4.0;-3.0;-19.0;6.0;ACETIC_ACID
639.0;1160.0;2066.0;3618.0;622.0;1012.0;484.0;949.0;1807.0;3347.0;588.0;976.0;-4.0;-3.0;-19.0;10.0;ACETIC_ACID
626.0;1135.0;2024.0;3564.0;612.0;1001.0;474.0;933.0;1766.0;3284.0;580.0;964.0;-5.0;-4.0;-19.0;10.0;ACETIC_ACID
629.0;1144.0;2039.0;3572.0;612.0;1000.0;478.0;939.0;1778.0;3294.0;579.0;960.0;-1.0;-4.0;-19.0;13.0;ACETIC_ACID
647.0;1170.0;2068.0;3626.0;620.0;1010.0;489.0;954.0;1816.0;3357.0;591.0;986.0;-5.0;-4.0;-19.0;12.0;ACETIC_ACID
662.0;1195.0;2121.0;3704.0;630.0;1024.0;498.0;975.0;1854.0;3408.0;597.0;997.0;-5.0;-4.0;-21.0;4.0;ACETIC_ACID
673.0;1216.0;2159.0;3750.0;638.0;1038.0;500.0;977.0;1862.0;3429.0;604.0;1008.0;-6.0;-5.0;-21.0;4.0;ACETIC_ACID
680.0;1231.0;2173.0;3802.0;644.0;1046.0;519.0;1010.0;1911.0;3490.0;612.0;1010.0;-6.0;-3.0;-22.0;5.0;ACETIC_ACID
668.0;1204.0;2145.0;3737.0;640.0;1045.0;515.0;1012.0;1902.0;3495.0;613.0;1017.0;-8.0;-3.0;-25.0;5.0;ACETIC_ACID
687.0;1237.0;2187.0;3829.0;653.0;1055.0;519.0;1012.0;1912.0;3519.0;615.0;1020.0;-8.0;-3.0;-25.0;12.0;ACETIC_ACID
685.0;1236.0;2182.0;3806.0;651.0;1054.0;515.0;1001.0;1885.0;3489.0;613.0;1023.0;-6.0;-7.0;-18.0;6.0;ACETIC_ACID
688.0;1236.0;2184.0;3821.0;649.0;1056.0;514.0;1002.0;1898.0;3489.0;617.0;1025.0;-14.0;-5.0;-25.0;6.0;ACETIC_ACID
690.0;1240.0;2202.0;3833.0;654.0;1059.0;512.0;1000.0;1899.0;3486.0;614.0;1020.0;-4.0;-5.0;-17.0;6.0;ACETIC_ACID
680.0;1228.0;2177.0;3800.0;647.0;1054.0;515.0;1007.0;1913.0;3509.0;617.0;1016.0;-3.0;-5.0;-14.0;5.0;ACETIC_ACID
689.0;1244.0;2206.0;3825.0;656.0;1063.0;523.0;1018.0;1929.0;3544.0;623.0;1034.0;-3.0;-5.0;-14.0;9.0;ACETIC_ACID
706.0;1273.0;2250.0;3910.0;668.0;1076.0;533.0;1041.0;1960.0;3604.0;635.0;1047.0;-14.0;-2.0;-19.0;9.0;ACETIC_ACID
716.0;1295.0;2286.0;3956.0;673.0;1083.0;530.0;1035.0;1961.0;3593.0;631.0;1051.0;-3.0;-2.0;-15.0;2.0;ACETIC_ACID
713.0;1289.0;2276.0;3959.0;669.0;1079.0;525.0;1021.0;1938.0;3563.0;629.0;1043.0;-2.0;-2.0;-15.0;2.0;ACETIC_ACID
698.0;1257.0;2230.0;3891.0;665.0;1078.0;526.0;1030.0;1950.0;3590.0;629.0;1043.0;-9.0;-3.0;-19.0;2.0;ACETIC_ACID
701.0;1262.0;2221.0;3885.0;659.0;1072.0;518.0;1015.0;1926.0;3553.0;625.0;1035.0;-1.0;-1.0;-15.0;5.0;ACETIC_ACID
699.0;1267.0;2224.0;3893.0;662.0;1073.0;529.0;1024.0;1935.0;3566.0;626.0;1039.0;0.0;-2.0;-14.0;3.0;ACETIC_ACID
702.0;1266.0;2229.0;3902.0;661.0;1073.0;515.0;1012.0;1919.0;3543.0;625.0;1040.0;0.0;-2.0;-14.0;4.0;ACETIC_ACID
702.0;1266.0;2250.0;3920.0;665.0;1076.0;530.0;1033.0;1950.0;3593.0;626.0;1043.0;-3.0;-4.0;-15.0;6.0;ACETIC_ACID
711.0;1279.0;2263.0;3936.0;667.0;1082.0;539.0;1049.0;1969.0;3628.0;635.0;1052.0;-3.0;-2.0;-15.0;3.0;ACETIC_ACID
719.0;1293.0;2279.0;3961.0;672.0;1084.0;540.0;1053.0;1995.0;3642.0;640.0;1054.0;-3.0;-4.0;-15.0;2.0;ACETIC_ACID
723.0;1304.0;2295.0;4001.0;676.0;1096.0;541.0;1056.0;1994.0;3665.0;643.0;1059.0;-3.0;-6.0;-19.0;-1.0;ACETIC_ACID
727.0;1310.0;2310.0;3990.0;682.0;1108.0;565.0;1103.0;2072.0;3779.0;657.0;1083.0;-6.0;-4.0;-16.0;-3.0;ACETIC_ACID
765.0;1367.0;2401.0;4132.0;704.0;1132.0;580.0;1119.0;2114.0;3835.0;670.0;1108.0;-7.0;-6.0;-22.0;-6.0;ACETIC_ACID
793.0;1419.0;2483.0;4298.0;720.0;1161.0;598.0;1153.0;2170.0;3930.0;686.0;1125.0;-7.0;-6.0;-16.0;-6.0;ACETIC_ACID
777.0;1396.0;2455.0;4247.0;718.0;1158.0;579.0;1123.0;2118.0;3865.0;675.0;1112.0;-10.0;-6.0;-22.0;-6.0;ACETIC_ACID
778.0;1396.0;2454.0;4234.0;716.0;1154.0;584.0;1126.0;2126.0;3878.0;680.0;1113.0;-11.0;-6.0;-24.0;-2.0;ACETIC_ACID
771.0;1385.0;2440.0;4236.0;715.0;1149.0;577.0;1123.0;2109.0;3863.0;673.0;1108.0;-11.0;-6.0;-24.0;-2.0;ACETIC_ACID
760.0;1364.0;2396.0;4167.0;705.0;1134.0;572.0;1110.0;2079.0;3805.0;663.0;1093.0;-11.0;-6.0;-20.0;-2.0;ACETIC_ACID
750.0;1352.0;2390.0;4133.0;702.0;1136.0;569.0;1105.0;2093.0;3828.0;673.0;1107.0;-12.0;-7.0;-20.0;-2.0;ACETIC_ACID
781.0;1397.0;2447.0;4212.0;713.0;1143.0;569.0;1109.0;2089.0;3812.0;668.0;1099.0;-12.0;-6.0;-19.0;-3.0;ACETIC_ACID
766.0;1373.0;2411.0;4179.0;707.0;1139.0;573.0;1116.0;2101.0;3824.0;668.0;1103.0;-9.0;-6.0;-12.0;-3.0;ACETIC_ACID
782.0;1399.0;2446.0;4211.0;714.0;1151.0;581.0;1133.0;2114.0;3860.0;676.0;1115.0;-12.0;-6.0;-12.0;-3.0;ACETIC_ACID
773.0;1396.0;2435.0;4215.0;709.0;1143.0;583.0;1133.0;2126.0;3877.0;677.0;1118.0;-9.0;-6.0;-12.0;-3.0;ACETIC_ACID
788.0;1413.0;2468.0;4282.0;719.0;1153.0;604.0;1174.0;2188.0;3952.0;684.0;1129.0;-3.0;-6.0;-15.0;-3.0;ACETIC_ACID
822.0;1462.0;2556.0;4378.0;733.0;1176.0;602.0;1158.0;2171.0;3969.0;689.0;1137.0;-1.0;-6.0;-15.0;-1.0;ACETIC_ACID
791.0;1419.0;2488.0;4323.0;729.0;1164.0;590.0;1145.0;2133.0;3910.0;683.0;1120.0;-1.0;-6.0;-15.0;-2.0;ACETIC_ACID
782.0;1406.0;2467.0;4263.0;719.0;1154.0;591.0;1141.0;2139.0;3924.0;681.0;1120.0;-1.0;-6.0;-14.0;-2.0;ACETIC_ACID
795.0;1418.0;2483.0;4304.0;726.0;1167.0;601.0;1160.0;2181.0;3973.0;692.0;1136.0;-1.0;-6.0;-14.0;-2.0;ACETIC_ACID
803.0;1437.0;2513.0;4337.0;732.0;1174.0;606.0;1167.0;2184.0;3966.0;696.0;1138.0;-1.0;-7.0;-14.0;-3.0;ACETIC_ACID
804.0;1435.0;2508.0;4331.0;730.0;1175.0;610.0;1179.0;2203.0;4019.0;695.0;1146.0;-1.0;-9.0;-14.0;-4.0;ACETIC_ACID
814.0;1457.0;2552.0;4402.0;740.0;1185.0;613.0;1177.0;2209.0;4012.0;698.0;1146.0;-3.0;-11.0;-16.0;-5.0;ACETIC_ACID
824.0;1470.0;2562.0;4405.0;746.0;1194.0;621.0;1193.0;2237.0;4065.0;706.0;1161.0;-8.0;-11.0;-18.0;-5.0;ACETIC_ACID
824.0;1471.0;2560.0;4411.0;745.0;1193.0;614.0;1184.0;2212.0;4018.0;702.0;1155.0;-8.0;-11.0;-16.0;-5.0;ACETIC_ACID
827.0;1474.0;2573.0;4406.0;746.0;1188.0;613.0;1181.0;2218.0;4014.0;699.0;1151.0;-8.0;-11.0;-13.0;-6.0;ACETIC_ACID
842.0;1500.0;2610.0;4468.0;747.0;1195.0;611.0;1179.0;2209.0;4016.0;701.0;1156.0;-10.0;-11.0;-13.0;-11.0;ACETIC_ACID
807.0;1452.0;2532.0;4387.0;738.0;1182.0;603.0;1164.0;2188.0;3975.0;696.0;1142.0;-10.0;-9.0;-13.0;-12.0;ACETIC_ACID
825.0;1484.0;2581.0;4424.0;743.0;1191.0;617.0;1196.0;2242.0;4064.0;705.0;1163.0;-10.0;-8.0;-13.0;-11.0;ACETIC_ACID
849.0;1512.0;2633.0;4514.0;756.0;1216.0;643.0;1240.0;2308.0;4166.0;724.0;1184.0;-10.0;-9.0;-13.0;-11.0;ACETIC_ACID
874.0;1556.0;2705.0;4601.0;771.0;1228.0;644.0;1241.0;2314.0;4172.0;724.0;1189.0;-10.0;-7.0;-14.0;-11.0;ACETIC_ACID
848.0;1516.0;2648.0;4546.0;764.0;1218.0;638.0;1230.0;2290.0;4150.0;722.0;1183.0;-10.0;-7.0;-18.0;-13.0;ACETIC_ACID
856.0;1524.0;2655.0;4548.0;761.0;1220.0;648.0;1241.0;2314.0;4182.0;725.0;1187.0;-10.0;-6.0;-18.0;-15.0;ACETIC_ACID
877.0;1562.0;2707.0;4609.0;771.0;1232.0;656.0;1262.0;2351.0;4247.0;734.0;1200.0;-10.0;-9.0;-18.0;-15.0;ACETIC_ACID
877.0;1563.0;2712.0;4679.0;782.0;1251.0;667.0;1286.0;2394.0;4307.0;747.0;1223.0;-6.0;-9.0;-16.0;-15.0;ACETIC_ACID
907.0;1603.0;2786.0;4756.0;794.0;1256.0;660.0;1274.0;2365.0;4291.0;744.0;1215.0;-4.0;-9.0;-15.0;-13.0;ACETIC_ACID
878.0;1567.0;2731.0;4663.0;780.0;1241.0;653.0;1245.0;2327.0;4224.0;730.0;1195.0;-4.0;-8.0;-15.0;-13.0;ACETIC_ACID
860.0;1536.0;2673.0;4594.0;771.0;1232.0;656.0;1251.0;2334.0;4214.0;732.0;1195.0;-4.0;-9.0;-15.0;-13.0;ACETIC_ACID
860.0;1531.0;2669.0;4588.0;772.0;1235.0;658.0;1270.0;2357.0;4243.0;735.0;1206.0;-4.0;-9.0;-16.0;-16.0;ACETIC_ACID
884.0;1573.0;2721.0;4673.0;785.0;1253.0;671.0;1289.0;2394.0;4299.0;745.0;1217.0;-4.0;-9.0;-13.0;-17.0;ACETIC_ACID
897.0;1592.0;2766.0;4735.0;790.0;1260.0;690.0;1323.0;2445.0;4415.0;756.0;1235.0;-4.0;-10.0;-18.0;-21.0;ACETIC_ACID
932.0;1655.0;2881.0;4882.0;812.0;1287.0;686.0;1316.0;2458.0;4454.0;763.0;1251.0;-3.0;-11.0;-13.0;-21.0;ACETIC_ACID
928.0;1649.0;2853.0;4862.0;816.0;1301.0;693.0;1331.0;2460.0;4447.0;771.0;1257.0;-4.0;-12.0;-18.0;-23.0;ACETIC_ACID
942.0;1661.0;2878.0;4888.0;815.0;1296.0;709.0;1347.0;2492.0;4504.0;774.0;1262.0;-1.0;-12.0;-10.0;-25.0;ACETIC_ACID
943.0;1671.0;2896.0;4963.0;821.0;1311.0;709.0;1352.0;2502.0;4513.0;776.0;1270.0;-1.0;-11.0;-10.0;-27.0;ACETIC_ACID
941.0;1659.0;2876.0;4926.0;823.0;1309.0;712.0;1358.0;2503.0;4522.0;779.0;1273.0;-1.0;-7.0;-10.0;-27.0;ACETIC_ACID
937.0;1659.0;2872.0;4890.0;818.0;1301.0;687.0;1318.0;2445.0;4421.0;768.0;1254.0;-10.0;-7.0;-15.0;-25.0;ACETIC_ACID
925.0;1639.0;2850.0;4857.0;811.0;1287.0;686.0;1306.0;2435.0;4397.0;761.0;1246.0;-1.0;-7.0;-10.0;-25.0;ACETIC_ACID
912.0;1617.0;2807.0;4801.0;807.0;1283.0;694.0;1326.0;2447.0;4431.0;762.0;1242.0;0.0;-7.0;-7.0;-25.0;ACETIC_ACID
913.0;1618.0;2812.0;4798.0;805.0;1282.0;691.0;1320.0;2457.0;4417.0;766.0;1251.0;-10.0;-7.0;-15.0;-24.0;ACETIC_ACID
939.0;1670.0;2879.0;4910.0;817.0;1303.0;708.0;1355.0;2510.0;4502.0;778.0;1264.0;-13.0;-8.0;-15.0;-25.0;ACETIC_ACID
933.0;1651.0;2867.0;4880.0;821.0;1299.0;701.0;1336.0;2485.0;4493.0;773.0;1258.0;-1.0;-9.0;-7.0;-25.0;ACETIC_ACID
924.0;1639.0;2832.0;4846.0;811.0;1295.0;694.0;1321.0;2448.0;4432.0;768.0;1251.0;-1.0;-10.0;-11.0;-25.0;ACETIC_ACID
932.0;1647.0;2857.0;4894.0;816.0;1305.0;720.0;1374.0;2519.0;4529.0;779.0;1267.0;-8.0;-10.0;-11.0;-26.0;ACETIC_ACID
958.0;1697.0;2930.0;4997.0;832.0;1323.0;721.0;1378.0;2546.0;4581.0;789.0;1282.0;-5.0;-10.0;-11.0;-26.0;ACETIC_ACID
949.0;1676.0;2917.0;4963.0;832.0;1318.0;721.0;1372.0;2519.0;4539.0;784.0;1275.0;-5.0;-10.0;-10.0;-33.0;ACETIC_ACID
963.0;1697.0;2932.0;5003.0;835.0;1328.0;727.0;1384.0;2567.0;4617.0;793.0;1291.0;-5.0;-10.0;-11.0;-33.0;ACETIC_ACID
976.0;1725.0;2987.0;5050.0;841.0;1337.0;729.0;1395.0;2582.0;4646.0;800.0;1305.0;-5.0;-14.0;-11.0;-33.0;ACETIC_ACID
988.0;1733.0;2983.0;5080.0;845.0;1339.0;742.0;1411.0;2596.0;4661.0;805.0;1311.0;-5.0;-11.0;-11.0;-33.0;ACETIC_ACID
999.0;1761.0;3031.0;5155.0;855.0;1356.0;747.0;1419.0;2608.0;4692.0;801.0;1302.0;-4.0;-13.0;-11.0;-33.0;ACETIC_ACID
981.0;1735.0;2984.0;5099.0;849.0;1347.0;746.0;1415.0;2596.0;4653.0;800.0;1307.0;-1.0;-14.0;-11.0;-33.0;ACETIC_ACID
993.0;1750.0;3021.0;5141.0;849.0;1348.0;753.0;1421.0;2611.0;4669.0;806.0;1312.0;-1.0;-14.0;-11.0;-33.0;ACETIC_ACID
987.0;1747.0;3008.0;5115.0;852.0;1341.0;741.0;1410.0;2592.0;4657.0;800.0;1304.0;-1.0;-13.0;-10.0;-35.0;ACETIC_ACID
992.0;1744.0;3011.0;5140.0;856.0;1359.0;753.0;1427.0;2640.0;4737.0;814.0;1317.0;-1.0;-13.0;-8.0;-35.0;ACETIC_ACID
982.0;1733.0;2994.0;5115.0;852.0;1345.0;747.0;1414.0;2604.0;4668.0;804.0;1302.0;-2.0;-14.0;-8.0;-38.0;ACETIC_ACID
977.0;1725.0;2988.0;5108.0;847.0;1343.0;743.0;1410.0;2603.0;4696.0;804.0;1308.0;-4.0;-13.0;-8.0;-38.0;ACETIC_ACID
1005.0;1772.0;3051.0;5182.0;856.0;1357.0;741.0;1414.0;2609.0;4671.0;811.0;1316.0;-4.0;-13.0;-8.0;-35.0;ACETIC_ACID
994.0;1753.0;3030.0;5122.0;851.0;1348.0;733.0;1403.0;2593.0;4642.0;802.0;1301.0;-4.0;-13.0;-19.0;-37.0;ACETIC_ACID
969.0;1714.0;2975.0;5066.0;844.0;1346.0;749.0;1417.0;2621.0;4707.0;808.0;1310.0;-9.0;-11.0;-19.0;-35.0;ACETIC_ACID
994.0;1749.0;3022.0;5127.0;853.0;1352.0;747.0;1421.0;2630.0;4708.0;808.0;1321.0;-9.0;-11.0;-19.0;-35.0;ACETIC_ACID
999.0;1767.0;3036.0;5166.0;858.0;1359.0;756.0;1431.0;2643.0;4729.0;813.0;1321.0;-7.0;-15.0;-15.0;-37.0;ACETIC_ACID
989.0;1752.0;3033.0;5154.0;858.0;1358.0;749.0;1429.0;2639.0;4728.0;810.0;1320.0;-7.0;-15.0;-13.0;-41.0;ACETIC_ACID
1010.0;1779.0;3077.0;5194.0;867.0;1372.0;754.0;1444.0;2655.0;4773.0;820.0;1331.0;0.0;-17.0;-9.0;-42.0;ACETIC_ACID
1037.0;1825.0;3135.0;5313.0;881.0;1384.0;778.0;1479.0;2721.0;4860.0;832.0;1351.0;0.0;-17.0;-9.0;-42.0;ACETIC_ACID
1034.0;1827.0;3126.0;5310.0;881.0;1388.0;765.0;1454.0;2686.0;4807.0;829.0;1339.0;0.0;-20.0;-12.0;-45.0;ACETIC_ACID
1023.0;1798.0;3095.0;5240.0;870.0;1376.0;761.0;1448.0;2659.0;4793.0;820.0;1329.0;0.0;-19.0;-12.0;-42.0;ACETIC_ACID
1008.0;1780.0;3061.0;5214.0;867.0;1370.0;770.0;1451.0;2666.0;4761.0;818.0;1321.0;-1.0;-17.0;-14.0;-42.0;ACETIC_ACID
1017.0;1786.0;3077.0;5209.0;863.0;1369.0;760.0;1439.0;2649.0;4755.0;818.0;1321.0;-4.0;-19.0;-14.0;-45.0;ACETIC_ACID
1011.0;1781.0;3067.0;5218.0;868.0;1379.0;782.0;1482.0;2720.0;4858.0;833.0;1350.0;-5.0;-19.0;-14.0;-47.0;ACETIC_ACID
1061.0;1868.0;3193.0;5392.0;892.0;1403.0;798.0;1512.0;2772.0;4940.0;843.0;1366.0;-5.0;-17.0;-14.0;-47.0;ACETIC_ACID
1065.0;1868.0;3204.0;5395.0;892.0;1398.0;783.0;1486.0;2725.0;4863.0;833.0;1352.0;-4.0;-16.0;-13.0;-48.0;ACETIC_ACID
1041.0;1828.0;3148.0;5318.0;882.0;1389.0;776.0;1474.0;2704.0;4853.0;830.0;1348.0;-4.0;-16.0;-12.0;-51.0;ACETIC_ACID
1034.0;1818.0;3127.0;5282.0;874.0;1385.0;781.0;1472.0;2706.0;4823.0;826.0;1340.0;-2.0;-14.0;-12.0;-47.0;ACETIC_ACID
1033.0;1819.0;3111.0;5274.0;872.0;1383.0;774.0;1468.0;2696.0;4839.0;827.0;1347.0;-1.0;-13.0;-9.0;-47.0;ACETIC_ACID
1030.0;1818.0;3120.0;5284.0;873.0;1384.0;767.0;1459.0;2687.0;4798.0;825.0;1336.0;-1.0;-14.0;-8.0;-51.0;ACETIC_ACID
1029.0;1800.0;3114.0;5267.0;869.0;1378.0;778.0;1478.0;2723.0;4865.0;833.0;1354.0;0.0;-16.0;-6.0;-47.0;ACETIC_ACID
1039.0;1831.0;3153.0;5329.0;881.0;1393.0;795.0;1508.0;2732.0;4904.0;836.0;1358.0;0.0;-16.0;-6.0;-47.0;ACETIC_ACID
1079.0;1882.0;3216.0;5426.0;896.0;1408.0;792.0;1499.0;2755.0;4887.0;837.0;1366.0;0.0;-18.0;-6.0;-49.0;ACETIC_ACID
1068.0;1880.0;3215.0;5432.0;898.0;1423.0;809.0;1519.0;2792.0;4980.0;850.0;1377.0;0.0;-21.0;-6.0;-49.0;ACETIC_ACID
1073.0;1889.0;3232.0;5457.0;903.0;1420.0;790.0;1501.0;2753.0;4927.0;845.0;1369.0;0.0;-21.0;-10.0;-49.0;ACETIC_ACID
1061.0;1861.0;3183.0;5397.0;890.0;1408.0;793.0;1504.0;2749.0;4901.0;844.0;1359.0;-4.0;-23.0;-11.0;-50.0;ACETIC_ACID
1078.0;1893.0;3229.0;5471.0;898.0;1420.0;811.0;1533.0;2806.0;4984.0;850.0;1379.0;-4.0;-21.0;-10.0;-49.0;ACETIC_ACID
1080.0;1901.0;3270.0;5487.0;910.0;1433.0;811.0;1533.0;2811.0;5011.0;859.0;1386.0;-4.0;-20.0;-10.0;-53.0;ACETIC_ACID
1092.0;1907.0;3271.0;5514.0;909.0;1425.0;804.0;1510.0;2766.0;4943.0;849.0;1374.0;-4.0;-20.0;-10.0;-55.0;ACETIC_ACID
1067.0;1870.0;3203.0;5422.0;900.0;1419.0;812.0;1530.0;2815.0;5001.0;855.0;1381.0;0.0;-21.0;-9.0;-60.0;ACETIC_ACID
1087.0;1899.0;3246.0;5492.0;905.0;1428.0;814.0;1530.0;2803.0;5005.0;850.0;1380.0;0.0;-21.0;-9.0;-60.0;ACETIC_ACID
1106.0;1930.0;3309.0;5543.0;916.0;1438.0;813.0;1541.0;2817.0;5027.0;858.0;1391.0;0.0;-22.0;-6.0;-62.0;ACETIC_ACID
1086.0;1900.0;3267.0;5531.0;911.0;1439.0;829.0;1568.0;2853.0;5085.0;864.0;1399.0;0.0;-22.0;-4.0;-62.0;ACETIC_ACID
1090.0;1911.0;3291.0;5548.0;919.0;1449.0;835.0;1576.0;2889.0;5132.0;876.0;1415.0;1.0;-22.0;-4.0;-62.0;ACETIC_ACID
1134.0;1968.0;3365.0;5671.0;934.0;1467.0;844.0;1582.0;2891.0;5150.0;879.0;1412.0;2.0;-23.0;-4.0;-62.0;ACETIC_ACID
1115.0;1959.0;3347.0;5632.0;932.0;1462.0;842.0;1582.0;2910.0;5171.0;880.0;1416.0;2.0;-23.0;-3.0;-66.0;ACETIC_ACID
1121.0;1961.0;3350.0;5672.0;930.0;1466.0;853.0;1599.0;2921.0;5172.0;880.0;1424.0;4.0;-23.0;-4.0;-69.0;ACETIC_ACID
1133.0;1980.0;3386.0;5699.0;935.0;1470.0;857.0;1611.0;2934.0;5233.0;887.0;1428.0;1.0;-23.0;-5.0;-69.0;ACETIC_ACID
1140.0;1991.0;3405.0;5746.0;946.0;1480.0;862.0;1617.0;2951.0;5247.0;892.0;1444.0;-4.0;-22.0;-7.0;-75.0;ACETIC_ACID
1138.0;1986.0;3393.0;5740.0;946.0;1486.0;862.0;1614.0;2948.0;5234.0;894.0;1439.0;-4.0;-19.0;-7.0;-76.0;ACETIC_ACID
1147.0;1990.0;3412.0;5722.0;943.0;1480.0;862.0;1609.0;2945.0;5231.0;890.0;1430.0;-4.0;-19.0;-7.0;-75.0;ACETIC_ACID
1160.0;2026.0;3463.0;5795.0;954.0;1495.0;867.0;1634.0;2974.0;5274.0;899.0;1453.0;3.0;-19.0;-7.0;-75.0;ACETIC_ACID
1167.0;2031.0;3478.0;5826.0;954.0;1498.0;866.0;1630.0;2976.0;5309.0;902.0;1452.0;3.0;-19.0;-3.0;-75.0;ACETIC_ACID
1144.0;1992.0;3423.0;5751.0;947.0;1486.0;858.0;1614.0;2953.0;5229.0;888.0;1434.0;-2.0;-19.0;-2.0;-72.0;ACETIC_ACID
1144.0;1993.0;3415.0;5745.0;943.0;1482.0;865.0;1625.0;2952.0;5242.0;893.0;1440.0;-6.0;-20.0;-3.0;-72.0;ACETIC_ACID
1135.0;1993.0;3400.0;5751.0;943.0;1488.0;865.0;1627.0;2956.0;5246.0;892.0;1440.0;-6.0;-20.0;-9.0;-74.0;ACETIC_ACID
1136.0;1989.0;3396.0;5722.0;942.0;1480.0;869.0;1630.0;2972.0;5245.0;892.0;1436.0;-4.0;-25.0;-2.0;-74.0;ACETIC_ACID
1146.0;1998.0;3406.0;5738.0;949.0;1488.0;865.0;1629.0;2965.0;5268.0;895.0;1444.0;-2.0;-22.0;-1.0;-79.0;ACETIC_ACID
1144.0;2006.0;3430.0;5761.0;948.0;1493.0;883.0;1647.0;3005.0;5346.0;902.0;1453.0;1.0;-22.0;-8.0;-81.0;ACETIC_ACID
1170.0;2050.0;3492.0;5890.0;964.0;1505.0;885.0;1662.0;3022.0;5348.0;910.0;1466.0;1.0;-27.0;0.0;-84.0;ACETIC_ACID
1185.0;2070.0;3529.0;5899.0;968.0;1511.0;891.0;1672.0;3033.0;5380.0;912.0;1466.0;1.0;-27.0;4.0;-84.0;ACETIC_ACID
1175.0;2049.0;3491.0;5848.0;965.0;1507.0;885.0;1669.0;3043.0;5368.0;912.0;1470.0;0.0;-27.0;0.0;-84.0;ACETIC_ACID
1180.0;2065.0;3530.0;5921.0;970.0;1511.0;889.0;1655.0;3022.0;5364.0;910.0;1468.0;-1.0;-28.0;-2.0;-82.0;ACETIC_ACID
1165.0;2032.0;3474.0;5849.0;958.0;1504.0;875.0;1647.0;3012.0;5345.0;905.0;1456.0;-1.0;-29.0;-2.0;-90.0;ACETIC_ACID
1177.0;2058.0;3500.0;5849.0;957.0;1498.0;887.0;1653.0;3008.0;5333.0;901.0;1454.0;-4.0;-29.0;-2.0;-90.0;ACETIC_ACID
1166.0;2042.0;3462.0;5806.0;954.0;1499.0;880.0;1656.0;3009.0;5331.0;907.0;1455.0;-4.0;-30.0;-2.0;-92.0;ACETIC_ACID
1194.0;2060.0;3522.0;5906.0;968.0;1520.0;909.0;1707.0;3087.0;5449.0;921.0;1487.0;-7.0;-31.0;-4.0;-92.0;ACETIC_ACID
1222.0;2121.0;3615.0;6055.0;984.0;1536.0;918.0;1720.0;3138.0;5527.0;934.0;1501.0;-4.0;-31.0;-2.0;-105.0;ACETIC_ACID
1239.0;2162.0;3663.0;6091.0;997.0;1550.0;912.0;1701.0;3092.0;5482.0;928.0;1489.0;-5.0;-31.0;-2.0;-107.0;ACETIC_ACID
1187.0;2074.0;3561.0;5993.0;984.0;1543.0;920.0;1725.0;3115.0;5547.0;937.0;1503.0;-5.0;-31.0;-8.0;-105.0;ACETIC_ACID
1226.0;2140.0;3639.0;6091.0;994.0;1555.0;918.0;1716.0;3112.0;5515.0;935.0;1499.0;-5.0;-33.0;-8.0;-103.0;ACETIC_ACID
1216.0;2110.0;3604.0;6018.0;988.0;1546.0;924.0;1725.0;3131.0;5510.0;931.0;1504.0;-5.0;-33.0;-8.0;-103.0;ACETIC_ACID
1222.0;2133.0;3625.0;6085.0;997.0;1555.0;918.0;1715.0;3105.0;5520.0;932.0;1499.0;-5.0;-30.0;-8.0;-103.0;ACETIC_ACID
1190.0;2078.0;3552.0;5956.0;982.0;1531.0;897.0;1680.0;3063.0;5414.0;916.0;1479.0;-5.0;-33.0;-8.0;-103.0;ACETIC_ACID
1202.0;2092.0;3552.0;5962.0;977.0;1531.0;913.0;1709.0;3104.0;5484.0;930.0;1490.0;-5.0;-33.0;-8.0;-105.0;ACETIC_ACID
1220.0;2115.0;3594.0;6040.0;983.0;1541.0;927.0;1733.0;3141.0;5523.0;937.0;1507.0;-5.0;-32.0;-6.0;-106.0;ACETIC_ACID
1243.0;2154.0;3650.0;6117.0;996.0;1558.0;930.0;1750.0;3154.0;5577.0;941.0;1514.0;-3.0;-32.0;-4.0;-106.0;ACETIC_ACID
1255.0;2184.0;3688.0;6178.0;1010.0;1570.0;945.0;1767.0;3196.0;5604.0;951.0;1524.0;-2.0;-33.0;1.0;-108.0;ACETIC_ACID
1238.0;2142.0;3650.0;6115.0;1002.0;1564.0;930.0;1732.0;3142.0;5588.0;946.0;1510.0;3.0;-32.0;2.0;-108.0;ACETIC_ACID
1229.0;2137.0;3622.0;6059.0;994.0;1547.0;932.0;1739.0;3140.0;5549.0;939.0;1512.0;3.0;-32.0;4.0;-108.0;ACETIC_ACID
1242.0;2156.0;3634.0;6085.0;994.0;1560.0;924.0;1732.0;3148.0;5547.0;943.0;1511.0;4.0;-33.0;2.0;-109.0;ACETIC_ACID
1234.0;2145.0;3655.0;6090.0;1001.0;1566.0;939.0;1750.0;3193.0;5615.0;953.0;1523.0;3.0;-33.0;4.0;-113.0;ACETIC_ACID
1252.0;2165.0;3672.0;6132.0;1001.0;1564.0;932.0;1737.0;3162.0;5576.0;946.0;1515.0;5.0;-35.0;4.0;-115.0;ACETIC_ACID
1251.0;2166.0;3671.0;6127.0;1002.0;1568.0;937.0;1763.0;3188.0;5615.0;957.0;1523.0;1.0;-35.0;2.0;-116.0;ACETIC_ACID
1276.0;2203.0;3726.0;6213.0;1008.0;1578.0;944.0;1759.0;3195.0;5625.0;954.0;1529.0;0.0;-35.0;2.0;-116.0;ACETIC_ACID
1267.0;2197.0;3705.0;6197.0;1014.0;1583.0;943.0;1756.0;3188.0;5640.0;954.0;1525.0;-3.0;-35.0;-2.0;-122.0;ACETIC_ACID
1242.0;2162.0;3657.0;6148.0;1008.0;1574.0;940.0;1757.0;3177.0;5623.0;951.0;1526.0;0.0;-35.0;9.0;-122.0;ACETIC_ACID
1260.0;2190.0;3714.0;6174.0;1008.0;1576.0;957.0;1777.0;3210.0;5623.0;956.0;1535.0;-3.0;-36.0;0.0;-116.0;ACETIC_ACID
1261.0;2191.0;3725.0;6207.0;1015.0;1588.0;942.0;1762.0;3205.0;5659.0;961.0;1540.0;0.0;-36.0;7.0;-117.0;ACETIC_ACID
1271.0;2206.0;3730.0;6231.0;1016.0;1600.0;956.0;1788.0;3241.0;5719.0;972.0;1550.0;-2.0;-37.0;7.0;-122.0;ACETIC_ACID
1269.0;2199.0;3733.0;6242.0;1019.0;1592.0;953.0;1786.0;3238.0;5687.0;958.0;1545.0;0.0;-36.0;11.0;-126.0;ACETIC_ACID
1262.0;2197.0;3732.0;6219.0;1017.0;1588.0;954.0;1792.0;3250.0;5699.0;967.0;1548.0;0.0;-36.0;7.0;-126.0;ACETIC_ACID
1299.0;2253.0;3803.0;6324.0;1028.0;1611.0;989.0;1833.0;3308.0;5811.0;980.0;1564.0;0.0;-35.0;6.0;-130.0;ACETIC_ACID
1309.0;2267.0;3828.0;6385.0;1040.0;1617.0;996.0;1842.0;3324.0;5808.0;982.0;1573.0;0.0;-38.0;11.0;-140.0;ACETIC_ACID
1322.0;2274.0;3856.0;6422.0;1048.0;1625.0;987.0;1830.0;3316.0;5832.0;989.0;1580.0;3.0;-38.0;11.0;-140.0;ACETIC_ACID
1331.0;2301.0;3880.0;6445.0;1053.0;1635.0;990.0;1858.0;3342.0;5875.0;991.0;1586.0;3.0;-38.0;11.0;-140.0;ACETIC_ACID
1314.0;2271.0;3860.0;6455.0;1048.0;1634.0;998.0;1846.0;3330.0;5869.0;986.0;1574.0;5.0;-39.0;21.0;-141.0;ACETIC_ACID
1305.0;2267.0;3840.0;6426.0;1046.0;1628.0;987.0;1832.0;3326.0;5859.0;988.0;1576.0;9.0;-40.0;13.0;-141.0;ACETIC_ACID
1292.0;2236.0;3811.0;6371.0;1043.0;1629.0;997.0;1867.0;3358.0;5908.0;995.0;1592.0;7.0;-40.0;14.0;-156.0;ACETIC_ACID
1344.0;2314.0;3898.0;6502.0;1056.0;1640.0;1000.0;1860.0;3350.0;5910.0;993.0;1588.0;-3.0;-41.0;6.0;-156.0;ACETIC_ACID
1342.0;2326.0;3923.0;6500.0;1061.0;1648.0;1016.0;1894.0;3414.0;5991.0;1008.0;1609.0;-3.0;-42.0;7.0;-156.0;ACETIC_ACID
1342.0;2322.0;3911.0;6534.0;1063.0;1651.0;1010.0;1868.0;3380.0;5924.0;1000.0;1596.0;-3.0;-42.0;7.0;-155.0;ACETIC_ACID
1320.0;2289.0;3864.0;6433.0;1051.0;1638.0;1004.0;1866.0;3366.0;5934.0;1001.0;1600.0;1.0;-42.0;7.0;-155.0;ACETIC_ACID
1363.0;2341.0;3923.0;6510.0;1058.0;1648.0;1010.0;1875.0;3377.0;5948.0;998.0;1589.0;1.0;-43.0;12.0;-152.0;ACETIC_ACID
1342.0;2314.0;3912.0;6494.0;1054.0;1648.0;1012.0;1880.0;3396.0;5964.0;1006.0;1605.0;1.0;-44.0;17.0;-155.0;ACETIC_ACID
1342.0;2331.0;3937.0;6532.0;1067.0;1653.0;1011.0;1874.0;3393.0;5963.0;1003.0;1604.0;1.0;-44.0;17.0;-155.0;ACETIC_ACID
1348.0;2327.0;3930.0;6520.0;1062.0;1662.0;1025.0;1899.0;3444.0;6018.0;1012.0;1612.0;-3.0;-44.0;21.0;-156.0;ACETIC_ACID
1361.0;2345.0;3960.0;6560.0;1073.0;1664.0;1047.0;1920.0;3463.0;6061.0;1018.0;1627.0;-3.0;-44.0;17.0;-165.0;ACETIC_ACID
1379.0;2375.0;3984.0;6634.0;1078.0;1676.0;1032.0;1912.0;3434.0;6036.0;1015.0;1620.0;-2.0;-44.0;17.0;-165.0;ACETIC_ACID
1358.0;2341.0;3934.0;6586.0;1074.0;1669.0;1033.0;1914.0;3450.0;6027.0;1018.0;1624.0;-2.0;-44.0;17.0;-166.0;ACETIC_ACID
1369.0;2382.0;4007.0;6647.0;1080.0;1680.0;1030.0;1908.0;3423.0;6008.0;1018.0;1624.0;3.0;-46.0;17.0;-169.0;ACETIC_ACID
1377.0;2372.0;4008.0;6670.0;1082.0;1688.0;1057.0;1954.0;3514.0;6170.0;1034.0;1650.0;3.0;-52.0;22.0;-180.0;ACETIC_ACID
1412.0;2437.0;4087.0;6788.0;1101.0;1703.0;1073.0;1984.0;3556.0;6236.0;1045.0;1661.0;13.0;-52.0;25.0;-180.0;ACETIC_ACID
1434.0;2468.0;4136.0;6832.0;1106.0;1710.0;1066.0;1971.0;3551.0;6191.0;1043.0;1657.0;3.0;-55.0;19.0;-184.0;ACETIC_ACID
1420.0;2443.0;4099.0;6774.0;1101.0;1703.0;1055.0;1959.0;3535.0;6175.0;1037.0;1648.0;3.0;-52.0;16.0;-180.0;ACETIC_ACID
1393.0;2402.0;4041.0;6729.0;1093.0;1698.0;1076.0;1986.0;3557.0;6209.0;1041.0;1656.0;3.0;-52.0;19.0;-180.0;ACETIC_ACID
1430.0;2465.0;4142.0;6844.0;1102.0;1721.0;1082.0;1998.0;3572.0;6226.0;1044.0;1666.0;3.0;-50.0;19.0;-195.0;ACETIC_ACID
1404.0;2411.0;4089.0;6777.0;1100.0;1716.0;1097.0;2017.0;3594.0;6309.0;1059.0;1683.0;4.0;-56.0;29.0;-197.0;ACETIC_ACID
1463.0;2519.0;4221.0;6975.0;1129.0;1742.0;1104.0;2028.0;3650.0;6355.0;1067.0;1687.0;6.0;-60.0;28.0;-205.0;ACETIC_ACID
1440.0;2478.0;4187.0;6921.0;1119.0;1731.0;1083.0;2017.0;3617.0;6331.0;1050.0;1679.0;5.0;-60.0;28.0;-205.0;ACETIC_ACID
1450.0;2502.0;4184.0;6900.0;1118.0;1733.0;1098.0;2017.0;3623.0;6304.0;1058.0;1679.0;6.0;-55.0;25.0;-195.0;ACETIC_ACID
1428.0;2455.0;4133.0;6853.0;1114.0;1735.0;1080.0;1994.0;3590.0;6252.0;1052.0;1678.0;10.0;-55.0;25.0;-192.0;ACETIC_ACID
1435.0;2467.0;4143.0;6863.0;1114.0;1718.0;1081.0;1988.0;3569.0;6218.0;1048.0;1668.0;1.0;-55.0;14.0;-190.0;ACETIC_ACID
1424.0;2453.0;4126.0;6827.0;1107.0;1711.0;1083.0;2002.0;3584.0;6245.0;1044.0;1657.0;4.0;-53.0;12.0;-190.0;ACETIC_ACID
1412.0;2433.0;4096.0;6778.0;1101.0;1702.0;1073.0;1975.0;3548.0;6199.0;1041.0;1652.0;-2.0;-53.0;14.0;-190.0;ACETIC_ACID
1412.0;2429.0;4085.0;6766.0;1096.0;1703.0;1073.0;1995.0;3582.0;6236.0;1043.0;1663.0;-2.0;-53.0;18.0;-192.0;ACETIC_ACID
1433.0;2462.0;4145.0;6831.0;1111.0;1710.0;1082.0;1995.0;3556.0;6210.0;1046.0;1663.0;4.0;-53.0;17.0;-193.0;ACETIC_ACID
1437.0;2477.0;4152.0;6876.0;1107.0;1714.0;1081.0;1996.0;3571.0;6230.0;1048.0;1660.0;7.0;-56.0;26.0;-193.0;ACETIC_ACID
1441.0;2476.0;4143.0;6878.0;1114.0;1724.0;1110.0;2042.0;3644.0;6339.0;1056.0;1679.0;6.0;-56.0;23.0;-193.0;ACETIC_ACID
1459.0;2496.0;4189.0;6929.0;1118.0;1724.0;1105.0;2026.0;3620.0;6324.0;1054.0;1669.0;6.0;-55.0;21.0;-193.0;ACETIC_ACID
1447.0;2468.0;4166.0;6860.0;1111.0;1722.0;1073.0;1987.0;3595.0;6211.0;1043.0;1658.0;5.0;-58.0;26.0;-193.0;ACETIC_ACID
1433.0;2468.0;4132.0;6810.0;1104.0;1706.0;1086.0;2007.0;3578.0;6223.0;1041.0;1653.0;5.0;-59.0;20.0;-193.0;ACETIC_ACID
1434.0;2449.0;4100.0;6810.0;1103.0;1710.0;1094.0;2014.0;3600.0;6269.0;1050.0;1672.0;5.0;-55.0;22.0;-214.0;ACETIC_ACID
1477.0;2529.0;4222.0;6967.0;1116.0;1724.0;1095.0;2021.0;3625.0;6295.0;1057.0;1679.0;1.0;-55.0;23.0;-214.0;ACETIC_ACID
1465.0;2499.0;4193.0;6924.0;1115.0;1718.0;1088.0;2011.0;3600.0;6278.0;1052.0;1668.0;1.0;-55.0;21.0;-214.0;ACETIC_ACID
1463.0;2507.0;4196.0;6909.0;1120.0;1723.0;1087.0;2001.0;3593.0;6233.0;1047.0;1667.0;1.0;-55.0;16.0;-206.0;ACETIC_ACID
1449.0;2489.0;4165.0;6868.0;1112.0;1723.0;1108.0;2040.0;3632.0;6324.0;1055.0;1678.0;2.0;-55.0;22.0;-206.0;ACETIC_ACID
1450.0;2490.0;4141.0;6876.0;1110.0;1723.0;1096.0;2027.0;3621.0;6293.0;1058.0;1671.0;2.0;-60.0;20.0;-206.0;ACETIC_ACID
1463.0;2500.0;4195.0;6925.0;1119.0;1732.0;1112.0;2041.0;3650.0;6360.0;1062.0;1692.0;2.0;-66.0;25.0;-222.0;ACETIC_ACID
1489.0;2545.0;4252.0;6990.0;1129.0;1752.0;1124.0;2078.0;3701.0;6432.0;1077.0;1704.0;8.0;-66.0;28.0;-234.0;ACETIC_ACID
1522.0;2603.0;4353.0;7130.0;1148.0;1775.0;1148.0;2127.0;3774.0;6550.0;1093.0;1730.0;10.0;-66.0;27.0;-234.0;ACETIC_ACID
1519.0;2595.0;4343.0;7136.0;1156.0;1776.0;1141.0;2097.0;3737.0;6512.0;1093.0;1726.0;9.0;-65.0;30.0;-234.0;ACETIC_ACID
1527.0;2603.0;4346.0;7138.0;1153.0;1773.0;1128.0;2084.0;3713.0;6461.0;1084.0;1715.0;8.0;-65.0;31.0;-232.0;ACETIC_ACID
1508.0;2584.0;4311.0;7099.0;1147.0;1766.0;1124.0;2072.0;3693.0;6450.0;1081.0;1711.0;9.0;-64.0;30.0;-229.0;ACETIC_ACID
1470.0;2523.0;4246.0;7035.0;1138.0;1757.0;1133.0;2084.0;3720.0;6456.0;1076.0;1710.0;9.0;-61.0;25.0;-229.0;ACETIC_ACID
1514.0;2578.0;4327.0;7138.0;1147.0;1771.0;1133.0;2087.0;3713.0;6484.0;1084.0;1715.0;15.0;-57.0;38.0;-232.0;ACETIC_ACID
1506.0;2579.0;4303.0;7117.0;1146.0;1765.0;1138.0;2089.0;3715.0;6441.0;1079.0;1715.0;18.0;-60.0;30.0;-232.0;ACETIC_ACID
1507.0;2580.0;4326.0;7111.0;1146.0;1767.0;1138.0;2092.0;3748.0;6524.0;1083.0;1717.0;7.0;-60.0;25.0;-230.0;ACETIC_ACID
1510.0;2582.0;4313.0;7123.0;1151.0;1770.0;1139.0;2095.0;3749.0;6503.0;1081.0;1723.0;8.0;-60.0;26.0;-233.0;ACETIC_ACID
1516.0;2600.0;4336.0;7106.0;1152.0;1771.0;1143.0;2101.0;3755.0;6524.0;1089.0;1720.0;7.0;-64.0;25.0;-237.0;ACETIC_ACID
1518.0;2590.0;4339.0;7144.0;1155.0;1779.0;1153.0;2120.0;3779.0;6545.0;1087.0;1735.0;6.0;-64.0;28.0;-241.0;ACETIC_ACID
1534.0;2616.0;4375.0;7224.0;1158.0;1788.0;1148.0;2105.0;3771.0;6557.0;1092.0;1731.0;12.0;-65.0;39.0;-243.0;ACETIC_ACID
1523.0;2611.0;4339.0;7192.0;1156.0;1786.0;1151.0;2114.0;3770.0;6550.0;1093.0;1728.0;6.0;-67.0;39.0;-249.0;ACETIC_ACID
1541.0;2628.0;4392.0;7227.0;1161.0;1790.0;1176.0;2151.0;3839.0;6646.0;1103.0;1750.0;6.0;-73.0;54.0;-261.0;ACETIC_ACID
1592.0;2714.0;4500.0;7359.0;1182.0;1827.0;1193.0;2189.0;3892.0;6732.0;1121.0;1773.0;6.0;-73.0;39.0;-261.0;ACETIC_ACID
1585.0;2699.0;4528.0;7425.0;1194.0;1831.0;1194.0;2188.0;3896.0;6737.0;1121.0;1765.0;10.0;-72.0;42.0;-261.0;ACETIC_ACID
1601.0;2733.0;4534.0;7423.0;1190.0;1832.0;1197.0;2197.0;3930.0;6798.0;1130.0;1775.0;3.0;-71.0;45.0;-261.0;ACETIC_ACID
1578.0;2695.0;4507.0;7404.0;1189.0;1830.0;1201.0;2192.0;3915.0;6771.0;1127.0;1776.0;2.0;-72.0;48.0;-262.0;ACETIC_ACID
1579.0;2696.0;4509.0;7390.0;1191.0;1830.0;1202.0;2200.0;3906.0;6757.0;1124.0;1781.0;10.0;-72.0;39.0;-262.0;ACETIC_ACID
1584.0;2699.0;4507.0;7401.0;1192.0;1839.0;1215.0;2221.0;3940.0;6809.0;1132.0;1791.0;4.0;-72.0;36.0;-274.0;ACETIC_ACID
1626.0;2755.0;4581.0;7486.0;1203.0;1839.0;1205.0;2206.0;3925.0;6793.0;1128.0;1782.0;4.0;-69.0;39.0;-275.0;ACETIC_ACID
1609.0;2733.0;4567.0;7484.0;1194.0;1841.0;1209.0;2221.0;3940.0;6799.0;1131.0;1781.0;4.0;-76.0;30.0;-276.0;ACETIC_ACID
1605.0;2734.0;4544.0;7472.0;1201.0;1840.0;1202.0;2209.0;3931.0;6815.0;1133.0;1784.0;13.0;-75.0;36.0;-276.0;ACETIC_ACID
1607.0;2735.0;4535.0;7445.0;1195.0;1833.0;1202.0;2203.0;3904.0;6774.0;1128.0;1786.0;13.0;-75.0;35.0;-278.0;ACETIC_ACID
1606.0;2739.0;4577.0;7477.0;1199.0;1844.0;1231.0;2249.0;3969.0;6811.0;1142.0;1794.0;17.0;-75.0;48.0;-279.0;ACETIC_ACID
1633.0;2760.0;4615.0;7530.0;1206.0;1853.0;1228.0;2229.0;3960.0;6853.0;1140.0;1792.0;16.0;-76.0;44.0;-284.0;ACETIC_ACID
1619.0;2760.0;4579.0;7513.0;1207.0;1856.0;1249.0;2277.0;4008.0;6906.0;1150.0;1809.0;16.0;-85.0;43.0;-311.0;ACETIC_ACID
1677.0;2850.0;4699.0;7655.0;1225.0;1875.0;1264.0;2309.0;4078.0;7010.0;1163.0;1829.0;12.0;-85.0;57.0;-311.0;ACETIC_ACID
1672.0;2839.0;4724.0;7709.0;1233.0;1893.0;1264.0;2307.0;4086.0;7025.0;1164.0;1835.0;16.0;-85.0;52.0;-311.0;ACETIC_ACID
1680.0;2848.0;4726.0;7737.0;1235.0;1887.0;1269.0;2314.0;4091.0;7084.0;1164.0;1839.0;16.0;-84.0;55.0;-305.0;ACETIC_ACID
1662.0;2821.0;4669.0;7649.0;1229.0;1882.0;1244.0;2270.0;4032.0;6977.0;1155.0;1818.0;22.0;-82.0;51.0;-303.0;ACETIC_ACID
1669.0;2821.0;4690.0;7650.0;1224.0;1881.0;1270.0;2310.0;4078.0;7024.0;1166.0;1831.0;22.0;-81.0;58.0;-302.0;ACETIC_ACID
1676.0;2831.0;4685.0;7659.0;1233.0;1884.0;1240.0;2272.0;4039.0;6986.0;1161.0;1829.0;15.0;-80.0;45.0;-300.0;ACETIC_ACID
1651.0;2808.0;4656.0;7629.0;1224.0;1873.0;1248.0;2274.0;4020.0;6946.0;1156.0;1815.0;15.0;-80.0;42.0;-300.0;ACETIC_ACID
1638.0;2789.0;4624.0;7587.0;1215.0;1865.0;1252.0;2266.0;4011.0;6905.0;1147.0;1809.0;9.0;-81.0;40.0;-300.0;ACETIC_ACID
1639.0;2795.0;4643.0;7597.0;1212.0;1859.0;1241.0;2261.0;4009.0;6911.0;1148.0;1807.0;17.0;-81.0;61.0;-306.0;ACETIC_ACID
1657.0;2802.0;4648.0;7586.0;1214.0;1858.0;1245.0;2264.0;4033.0;6948.0;1147.0;1810.0;13.0;-85.0;43.0;-306.0;ACETIC_ACID
1657.0;2804.0;4653.0;7599.0;1209.0;1864.0;1249.0;2294.0;4036.0;6926.0;1154.0;1818.0;13.0;-87.0;59.0;-326.0;ACETIC_ACID
1674.0;2832.0;4703.0;7648.0;1222.0;1881.0;1267.0;2303.0;4071.0;7014.0;1156.0;1820.0;19.0;-88.0;58.0;-332.0;ACETIC_ACID
1683.0;2853.0;4717.0;7671.0;1237.0;1898.0;1283.0;2335.0;4119.0;7116.0;1177.0;1848.0;12.0;-95.0;55.0;-343.0;ACETIC_ACID
1716.0;2904.0;4819.0;7831.0;1247.0;1911.0;1279.0;2328.0;4121.0;7082.0;1178.0;1855.0;15.0;-95.0;48.0;-348.0;ACETIC_ACID
1713.0;2909.0;4808.0;7813.0;1252.0;1910.0;1290.0;2348.0;4145.0;7127.0;1182.0;1857.0;23.0;-95.0;71.0;-349.0;ACETIC_ACID
1720.0;2916.0;4826.0;7866.0;1255.0;1916.0;1291.0;2357.0;4178.0;7169.0;1183.0;1860.0;15.0;-100.0;54.0;-363.0;ACETIC_ACID
1751.0;2942.0;4841.0;7916.0;1259.0;1920.0;1314.0;2385.0;4188.0;7166.0;1186.0;1862.0;13.0;-100.0;52.0;-363.0;ACETIC_ACID
1723.0;2906.0;4818.0;7857.0;1255.0;1921.0;1316.0;2379.0;4183.0;7194.0;1191.0;1866.0;13.0;-100.0;57.0;-363.0;ACETIC_ACID
1722.0;2917.0;4827.0;7842.0;1260.0;1924.0;1314.0;2397.0;4193.0;7198.0;1186.0;1874.0;8.0;-100.0;68.0;-354.0;ACETIC_ACID
1751.0;2950.0;4865.0;7893.0;1257.0;1925.0;1316.0;2388.0;4184.0;7204.0;1185.0;1871.0;8.0;-94.0;50.0;-354.0;ACETIC_ACID
1713.0;2898.0;4807.0;7866.0;1257.0;1919.0;1295.0;2353.0;4148.0;7137.0;1178.0;1854.0;8.0;-94.0;61.0;-354.0;ACETIC_ACID
1725.0;2927.0;4833.0;7864.0;1254.0;1916.0;1296.0;2367.0;4173.0;7147.0;1183.0;1856.0;8.0;-94.0;55.0;-354.0;ACETIC_ACID
1715.0;2893.0;4816.0;7835.0;1255.0;1921.0;1318.0;2398.0;4230.0;7242.0;1193.0;1872.0;15.0;-103.0;66.0;-358.0;ACETIC_ACID
1754.0;2964.0;4906.0;7925.0;1265.0;1930.0;1304.0;2374.0;4183.0;7182.0;1189.0;1867.0;14.0;-103.0;58.0;-370.0;ACETIC_ACID
1743.0;2940.0;4862.0;7922.0;1263.0;1930.0;1317.0;2403.0;4212.0;7226.0;1197.0;1874.0;14.0;-103.0;64.0;-372.0;ACETIC_ACID
1745.0;2952.0;4882.0;7918.0;1268.0;1935.0;1321.0;2402.0;4230.0;7253.0;1194.0;1873.0;25.0;-103.0;76.0;-380.0;ACETIC_ACID
1773.0;2984.0;4903.0;7987.0;1272.0;1949.0;1346.0;2437.0;4269.0;7328.0;1202.0;1885.0;16.0;-101.0;70.0;-380.0;ACETIC_ACID
1776.0;3001.0;4935.0;8034.0;1273.0;1940.0;1330.0;2413.0;4239.0;7303.0;1203.0;1884.0;16.0;-97.0;72.0;-372.0;ACETIC_ACID
1772.0;2989.0;4924.0;7997.0;1272.0;1942.0;1323.0;2400.0;4240.0;7262.0;1202.0;1886.0;26.0;-101.0;82.0;-383.0;ACETIC_ACID
1747.0;2940.0;4889.0;7982.0;1270.0;1941.0;1349.0;2437.0;4297.0;7332.0;1202.0;1888.0;17.0;-101.0;67.0;-379.0;ACETIC_ACID
1767.0;2971.0;4898.0;7996.0;1276.0;1940.0;1338.0;2428.0;4263.0;7313.0;1206.0;1891.0;26.0;-101.0;77.0;-364.0;ACETIC_ACID
1784.0;3004.0;4978.0;8057.0;1280.0;1942.0;1331.0;2417.0;4251.0;7326.0;1202.0;1891.0;19.0;-102.0;67.0;-379.0;ACETIC_ACID
1759.0;2961.0;4904.0;7979.0;1268.0;1947.0;1326.0;2405.0;4227.0;7276.0;1200.0;1886.0;14.0;-105.0;60.0;-382.0;ACETIC_ACID
1743.0;2948.0;4881.0;7955.0;1271.0;1950.0;1343.0;2423.0;4260.0;7302.0;1209.0;1893.0;18.0;-105.0;66.0;-382.0;ACETIC_ACID
1781.0;3001.0;4965.0;8048.0;1278.0;1953.0;1359.0;2461.0;4305.0;7354.0;1217.0;1906.0;13.0;-106.0;76.0;-411.0;ACETIC_ACID
1797.0;3040.0;5016.0;8142.0;1290.0;1975.0;1362.0;2471.0;4356.0;7433.0;1230.0;1923.0;23.0;-110.0;90.0;-411.0;ACETIC_ACID
1839.0;3092.0;5086.0;8228.0;1305.0;1981.0;1373.0;2479.0;4369.0;7471.0;1229.0;1922.0;18.0;-110.0;77.0;-411.0;ACETIC_ACID
1824.0;3071.0;5044.0;8203.0;1297.0;1980.0;1383.0;2493.0;4371.0;7480.0;1231.0;1923.0;18.0;-110.0;64.0;-411.0;ACETIC_ACID
1784.0;3019.0;4994.0;8148.0;1295.0;1975.0;1381.0;2484.0;4370.0;7432.0;1227.0;1925.0;15.0;-110.0;74.0;-411.0;ACETIC_ACID
1798.0;3035.0;5022.0;8147.0;1302.0;1986.0;1391.0;2504.0;4417.0;7528.0;1232.0;1921.0;26.0;-110.0;86.0;-420.0;ACETIC_ACID
1806.0;3049.0;5024.0;8171.0;1301.0;1981.0;1365.0;2472.0;4340.0;7423.0;1227.0;1927.0;26.0;-113.0;92.0;-424.0;ACETIC_ACID
1826.0;3077.0;5067.0;8196.0;1306.0;1992.0;1370.0;2478.0;4344.0;7452.0;1228.0;1918.0;26.0;-113.0;84.0;-424.0;ACETIC_ACID
1833.0;3087.0;5102.0;8224.0;1305.0;1985.0;1374.0;2484.0;4356.0;7454.0;1228.0;1929.0;16.0;-113.0;74.0;-424.0;ACETIC_ACID
1811.0;3048.0;5041.0;8165.0;1301.0;1982.0;1374.0;2489.0;4357.0;7453.0;1227.0;1913.0;18.0;-109.0;64.0;-410.0;ACETIC_ACID
1807.0;3039.0;5004.0;8130.0;1293.0;1978.0;1370.0;2487.0;4372.0;7432.0;1231.0;1917.0;18.0;-109.0;76.0;-410.0;ACETIC_ACID
1809.0;3036.0;5012.0;8158.0;1299.0;1979.0;1365.0;2491.0;4363.0;7451.0;1227.0;1919.0;21.0;-109.0;79.0;-410.0;ACETIC_ACID
1825.0;3055.0;5036.0;8188.0;1302.0;1975.0;1381.0;2492.0;4362.0;7432.0;1226.0;1916.0;15.0;-111.0;79.0;-420.0;ACETIC_ACID
1819.0;3061.0;5043.0;8188.0;1303.0;1976.0;1377.0;2493.0;4367.0;7514.0;1236.0;1931.0;19.0;-112.0;85.0;-436.0;ACETIC_ACID
1861.0;3112.0;5130.0;8320.0;1312.0;2003.0;1408.0;2552.0;4469.0;7605.0;1250.0;1948.0;27.0;-112.0;88.0;-436.0;ACETIC_ACID
1860.0;3126.0;5136.0;8305.0;1322.0;2010.0;1400.0;2524.0;4427.0;7578.0;1247.0;1949.0;14.0;-116.0;87.0;-439.0;ACETIC_ACID
1871.0;3135.0;5152.0;8332.0;1324.0;2018.0;1405.0;2549.0;4451.0;7625.0;1256.0;1963.0;14.0;-116.0;75.0;-439.0;ACETIC_ACID
1875.0;3141.0;5142.0;8345.0;1325.0;2011.0;1395.0;2523.0;4429.0;7559.0;1248.0;1952.0;18.0;-115.0;78.0;-439.0;ACETIC_ACID
1867.0;3128.0;5151.0;8296.0;1316.0;2009.0;1405.0;2540.0;4465.0;7602.0;1244.0;1958.0;19.0;-115.0;84.0;-439.0;ACETIC_ACID
1850.0;3120.0;5135.0;8312.0;1320.0;2008.0;1406.0;2546.0;4458.0;7614.0;1253.0;1958.0;21.0;-118.0;86.0;-441.0;ACETIC_ACID
1865.0;3136.0;5146.0;8353.0;1328.0;2024.0;1431.0;2573.0;4505.0;7673.0;1263.0;1969.0;23.0;-115.0;94.0;-445.0;ACETIC_ACID
1883.0;3173.0;5227.0;8451.0;1334.0;2029.0;1413.0;2550.0;4468.0;7617.0;1257.0;1961.0;12.0;-118.0;77.0;-451.0;ACETIC_ACID
1865.0;3138.0;5169.0;8397.0;1331.0;2027.0;1429.0;2569.0;4490.0;7712.0;1259.0;1971.0;13.0;-121.0;77.0;-453.0;ACETIC_ACID
1871.0;3155.0;5171.0;8388.0;1331.0;2024.0;1418.0;2566.0;4479.0;7642.0;1257.0;1967.0;23.0;-122.0;91.0;-453.0;ACETIC_ACID
1888.0;3155.0;5200.0;8389.0;1334.0;2024.0;1422.0;2559.0;4501.0;7661.0;1265.0;1969.0;19.0;-126.0;84.0;-460.0;ACETIC_ACID
1891.0;3175.0;5218.0;8416.0;1339.0;2049.0;1492.0;2673.0;4653.0;7887.0;1287.0;2008.0;27.0;-130.0;128.0;-490.0;ACETIC_ACID
1955.0;3270.0;5347.0;8622.0;1363.0;2058.0;1467.0;2627.0;4589.0;7785.0;1284.0;1995.0;17.0;-130.0;92.0;-494.0;ACETIC_ACID
1928.0;3247.0;5318.0;8586.0;1360.0;2057.0;1461.0;2608.0;4559.0;7739.0;1276.0;1990.0;15.0;-135.0;88.0;-509.0;ACETIC_ACID
1911.0;3213.0;5256.0;8502.0;1348.0;2050.0;1463.0;2616.0;4586.0;7788.0;1278.0;1984.0;26.0;-133.0;99.0;-509.0;ACETIC_ACID
1920.0;3229.0;5281.0;8551.0;1352.0;2046.0;1461.0;2636.0;4603.0;7816.0;1280.0;2000.0;24.0;-133.0;108.0;-509.0;ACETIC_ACID
1932.0;3236.0;5304.0;8562.0;1353.0;2055.0;1446.0;2617.0;4580.0;7781.0;1274.0;1988.0;27.0;-139.0;109.0;-515.0;ACETIC_ACID
1950.0;3247.0;5324.0;8561.0;1360.0;2051.0;1458.0;2615.0;4589.0;7790.0;1278.0;1993.0;33.0;-139.0;110.0;-521.0;ACETIC_ACID
1945.0;3251.0;5310.0;8580.0;1356.0;2056.0;1478.0;2656.0;4610.0;7864.0;1289.0;2011.0;25.0;-139.0;115.0;-531.0;ACETIC_ACID
1973.0;3290.0;5370.0;8647.0;1369.0;2072.0;1479.0;2654.0;4629.0;7863.0;1285.0;2016.0;27.0;-139.0;106.0;-521.0;ACETIC_ACID
1953.0;3265.0;5367.0;8653.0;1365.0;2067.0;1468.0;2654.0;4605.0;7857.0;1285.0;2006.0;27.0;-138.0;109.0;-526.0;ACETIC_ACID
1959.0;3288.0;5361.0;8637.0;1362.0;2070.0;1488.0;2664.0;4642.0;7916.0;1292.0;2008.0;38.0;-138.0;113.0;-521.0;ACETIC_ACID
1966.0;3274.0;5344.0;8639.0;1367.0;2067.0;1481.0;2649.0;4640.0;7867.0;1288.0;2005.0;30.0;-139.0;109.0;-524.0;ACETIC_ACID
1969.0;3296.0;5364.0;8681.0;1368.0;2073.0;1469.0;2657.0;4615.0;7847.0;1288.0;2005.0;29.0;-139.0;115.0;-524.0;ACETIC_ACID
1943.0;3248.0;5306.0;8581.0;1362.0;2059.0;1467.0;2628.0;4583.0;7865.0;1287.0;2005.0;28.0;-140.0;114.0;-526.0;ACETIC_ACID
1964.0;3295.0;5379.0;8661.0;1364.0;2076.0;1493.0;2683.0;4672.0;7963.0;1303.0;2023.0;31.0;-140.0;124.0;-533.0;ACETIC_ACID
1987.0;3321.0;5431.0;8740.0;1376.0;2086.0;1486.0;2661.0;4642.0;7889.0;1292.0;2013.0;25.0;-148.0;111.0;-544.0;ACETIC_ACID
1990.0;3317.0;5419.0;8738.0;1375.0;2082.0;1500.0;2699.0;4701.0;8007.0;1299.0;2022.0;37.0;-148.0;114.0;-544.0;ACETIC_ACID
1961.0;3285.0;5378.0;8701.0;1375.0;2077.0;1485.0;2684.0;4664.0;7965.0;1294.0;2008.0;19.0;-148.0;107.0;-544.0;ACETIC_ACID
1968.0;3283.0;5396.0;8670.0;1369.0;2072.0;1493.0;2664.0;4659.0;7877.0;1295.0;2010.0;25.0;-148.0;116.0;-544.0;ACETIC_ACID
1951.0;3266.0;5375.0;8659.0;1369.0;2076.0;1479.0;2658.0;4636.0;7873.0;1290.0;2018.0;25.0;-148.0;101.0;-544.0;ACETIC_ACID
1993.0;3317.0;5412.0;8673.0;1377.0;2084.0;1489.0;2672.0;4655.0;7951.0;1304.0;2027.0;26.0;-147.0;108.0;-542.0;ACETIC_ACID
1989.0;3326.0;5428.0;8741.0;1382.0;2086.0;1486.0;2664.0;4656.0;7928.0;1298.0;2018.0;32.0;-148.0;115.0;-543.0;ACETIC_ACID
1965.0;3293.0;5400.0;8712.0;1369.0;2072.0;1503.0;2690.0;4688.0;7947.0;1302.0;2015.0;26.0;-148.0;102.0;-543.0;ACETIC_ACID
1958.0;3273.0;5375.0;8651.0;1365.0;2075.0;1476.0;2660.0;4640.0;7909.0;1290.0;2011.0;36.0;-144.0;119.0;-543.0;ACETIC_ACID
1974.0;3304.0;5386.0;8687.0;1368.0;2078.0;1499.0;2680.0;4668.0;7955.0;1297.0;2020.0;26.0;-148.0;110.0;-555.0;ACETIC_ACID
1976.0;3314.0;5408.0;8721.0;1377.0;2080.0;1503.0;2690.0;4687.0;7927.0;1301.0;2030.0;38.0;-148.0;123.0;-560.0;ACETIC_ACID
1990.0;3321.0;5438.0;8763.0;1384.0;2095.0;1525.0;2741.0;4762.0;8084.0;1321.0;2045.0;39.0;-153.0;135.0;-595.0;ACETIC_ACID
2034.0;3400.0;5542.0;8873.0;1398.0;2110.0;1535.0;2748.0;4771.0;8070.0;1317.0;2050.0;33.0;-155.0;133.0;-601.0;ACETIC_ACID
2042.0;3401.0;5532.0;8893.0;1399.0;2118.0;1525.0;2739.0;4762.0;8057.0;1317.0;2052.0;42.0;-156.0;141.0;-605.0;ACETIC_ACID
2043.0;3414.0;5568.0;8957.0;1403.0;2126.0;1561.0;2785.0;4845.0;8220.0;1339.0;2073.0;34.0;-157.0;158.0;-605.0;ACETIC_ACID
2085.0;3476.0;5632.0;8990.0;1415.0;2139.0;1555.0;2784.0;4838.0;8190.0;1338.0;2082.0;32.0;-164.0;136.0;-628.0;ACETIC_ACID
2054.0;3427.0;5585.0;9006.0;1415.0;2127.0;1555.0;2776.0;4801.0;8128.0;1331.0;2074.0;29.0;-164.0;138.0;-628.0;ACETIC_ACID
2061.0;3428.0;5588.0;8977.0;1418.0;2148.0;1565.0;2806.0;4865.0;8246.0;1345.0;2085.0;33.0;-164.0;146.0;-614.0;ACETIC_ACID
2073.0;3447.0;5624.0;9005.0;1417.0;2135.0;1541.0;2750.0;4789.0;8154.0;1328.0;2069.0;40.0;-170.0;132.0;-628.0;ACETIC_ACID
2018.0;3379.0;5529.0;8861.0;1401.0;2118.0;1523.0;2736.0;4767.0;8121.0;1317.0;2057.0;30.0;-170.0;128.0;-637.0;ACETIC_ACID
2053.0;3417.0;5564.0;8924.0;1409.0;2132.0;1574.0;2811.0;4884.0;8243.0;1344.0;2084.0;38.0;-170.0;155.0;-637.0;ACETIC_ACID
2091.0;3469.0;5660.0;9061.0;1423.0;2148.0;1570.0;2813.0;4869.0;8213.0;1337.0;2090.0;35.0;-174.0;138.0;-672.0;ACETIC_ACID
2084.0;3471.0;5649.0;9038.0;1420.0;2150.0;1588.0;2831.0;4902.0;8276.0;1351.0;2103.0;38.0;-174.0;162.0;-672.0;ACETIC_ACID
2121.0;3525.0;5718.0;9176.0;1438.0;2180.0;1593.0;2847.0;4932.0;8376.0;1368.0;2118.0;31.0;-174.0;146.0;-672.0;ACETIC_ACID
2093.0;3489.0;5706.0;9108.0;1439.0;2170.0;1582.0;2826.0;4906.0;8288.0;1361.0;2107.0;39.0;-184.0;147.0;-693.0;ACETIC_ACID
2085.0;3492.0;5689.0;9100.0;1433.0;2174.0;1607.0;2854.0;4965.0;8401.0;1366.0;2119.0;35.0;-195.0;173.0;-729.0;ACETIC_ACID
2147.0;3554.0;5745.0;9216.0;1446.0;2183.0;1624.0;2892.0;5004.0;8434.0;1371.0;2130.0;39.0;-195.0;165.0;-729.0;ACETIC_ACID
2146.0;3561.0;5779.0;9226.0;1450.0;2191.0;1626.0;2887.0;4990.0;8428.0;1370.0;2128.0;41.0;-195.0;177.0;-729.0;ACETIC_ACID
2146.0;3556.0;5794.0;9255.0;1446.0;2186.0;1615.0;2871.0;4978.0;8429.0;1374.0;2120.0;37.0;-191.0;152.0;-709.0;ACETIC_ACID
2097.0;3497.0;5712.0;9171.0;1443.0;2171.0;1597.0;2834.0;4916.0;8321.0;1359.0;2103.0;48.0;-189.0;158.0;-709.0;ACETIC_ACID
2096.0;3496.0;5714.0;9141.0;1439.0;2175.0;1596.0;2850.0;4939.0;8364.0;1355.0;2111.0;35.0;-185.0;151.0;-709.0;ACETIC_ACID
2136.0;3559.0;5753.0;9214.0;1450.0;2188.0;1619.0;2882.0;5007.0;8458.0;1376.0;2116.0;47.0;-188.0;175.0;-709.0;ACETIC_ACID
2140.0;3556.0;5768.0;9243.0;1454.0;2181.0;1594.0;2861.0;4953.0;8350.0;1358.0;2107.0;56.0;-188.0;174.0;-719.0;ACETIC_ACID
2148.0;3556.0;5760.0;9251.0;1446.0;2169.0;1619.0;2872.0;4965.0;8397.0;1367.0;2120.0;49.0;-188.0;157.0;-719.0;ACETIC_ACID
2117.0;3517.0;5741.0;9182.0;1443.0;2175.0;1616.0;2867.0;4972.0;8425.0;1369.0;2121.0;49.0;-185.0;171.0;-719.0;ACETIC_ACID
2141.0;3573.0;5805.0;9284.0;1450.0;2184.0;1624.0;2916.0;5011.0;8442.0;1373.0;2136.0;33.0;-188.0;169.0;-719.0;ACETIC_ACID
2136.0;3536.0;5798.0;9236.0;1454.0;2196.0;1628.0;2894.0;5027.0;8493.0;1373.0;2126.0;40.0;-185.0;159.0;-719.0;ACETIC_ACID
2140.0;3564.0;5810.0;9284.0;1458.0;2191.0;1614.0;2885.0;4981.0;8389.0;1375.0;2118.0;43.0;-185.0;168.0;-718.0;ACETIC_ACID
2135.0;3538.0;5767.0;9238.0;1454.0;2187.0;1620.0;2892.0;5002.0;8436.0;1376.0;2125.0;29.0;-185.0;141.0;-718.0;ACETIC_ACID
2101.0;3501.0;5713.0;9125.0;1439.0;2182.0;1611.0;2855.0;4958.0;8360.0;1366.0;2123.0;41.0;-187.0;161.0;-719.0;ACETIC_ACID
2109.0;3505.0;5725.0;9189.0;1445.0;2189.0;1634.0;2901.0;5015.0;8489.0;1374.0;2127.0;52.0;-187.0;170.0;-719.0;ACETIC_ACID
2129.0;3538.0;5776.0;9243.0;1457.0;2193.0;1610.0;2875.0;4973.0;8407.0;1370.0;2128.0;37.0;-187.0;161.0;-719.0;ACETIC_ACID
2120.0;3526.0;5773.0;9290.0;1456.0;2189.0;1617.0;2878.0;4987.0;8426.0;1374.0;2128.0;47.0;-187.0;166.0;-720.0;ACETIC_ACID
2140.0;3558.0;5767.0;9228.0;1450.0;2175.0;1628.0;2889.0;4979.0;8398.0;1366.0;2114.0;44.0;-187.0;170.0;-719.0;ACETIC_ACID
2119.0;3526.0;5749.0;9230.0;1454.0;2181.0;1622.0;2887.0;4984.0;8422.0;1370.0;2117.0;55.0;-187.0;166.0;-720.0;ACETIC_ACID
2143.0;3541.0;5775.0;9228.0;1450.0;2185.0;1628.0;2900.0;5028.0;8473.0;1377.0;2133.0;30.0;-187.0;150.0;-724.0;ACETIC_ACID
2120.0;3522.0;5743.0;9211.0;1451.0;2179.0;1625.0;2892.0;5030.0;8455.0;1374.0;2121.0;44.0;-192.0;163.0;-734.0;ACETIC_ACID
2132.0;3568.0;5790.0;9276.0;1457.0;2188.0;1622.0;2885.0;4995.0;8415.0;1374.0;2120.0;52.0;-193.0;175.0;-734.0;ACETIC_ACID
2158.0;3588.0;5808.0;9306.0;1456.0;2202.0;1654.0;2932.0;5061.0;8556.0;1386.0;2151.0;41.0;-193.0;178.0;-734.0;ACETIC_ACID
2183.0;3623.0;5851.0;9345.0;1471.0;2213.0;1655.0;2942.0;5064.0;8545.0;1385.0;2143.0;29.0;-192.0;156.0;-741.0;ACETIC_ACID
2167.0;3584.0;5838.0;9341.0;1464.0;2198.0;1627.0;2908.0;5038.0;8467.0;1375.0;2138.0;38.0;-192.0;146.0;-741.0;ACETIC_ACID
2164.0;3597.0;5843.0;9346.0;1458.0;2193.0;1640.0;2912.0;5020.0;8470.0;1381.0;2132.0;43.0;-193.0;173.0;-741.0;ACETIC_ACID
2189.0;3623.0;5889.0;9375.0;1464.0;2203.0;1653.0;2930.0;5060.0;8539.0;1386.0;2134.0;47.0;-195.0;179.0;-741.0;ACETIC_ACID
2164.0;3598.0;5838.0;9333.0;1467.0;2204.0;1643.0;2922.0;5054.0;8539.0;1387.0;2149.0;43.0;-196.0;170.0;-758.0;ACETIC_ACID
2170.0;3611.0;5847.0;9374.0;1468.0;2215.0;1636.0;2904.0;5032.0;8483.0;1386.0;2149.0;33.0;-199.0;159.0;-758.0;ACETIC_ACID
2151.0;3584.0;5821.0;9333.0;1467.0;2212.0;1644.0;2925.0;5046.0;8543.0;1393.0;2150.0;49.0;-200.0;182.0;-745.0;ACETIC_ACID
2173.0;3596.0;5857.0;9337.0;1469.0;2213.0;1666.0;2941.0;5059.0;8552.0;1391.0;2148.0;44.0;-199.0;172.0;-743.0;ACETIC_ACID
2165.0;3602.0;5873.0;9378.0;1474.0;2215.0;1669.0;2971.0;5098.0;8639.0;1400.0;2169.0;43.0;-199.0;171.0;-743.0;ACETIC_ACID
2176.0;3611.0;5867.0;9424.0;1476.0;2219.0;1651.0;2926.0;5078.0;8569.0;1390.0;2149.0;42.0;-194.0;155.0;-729.0;ACETIC_ACID
2169.0;3589.0;5828.0;9343.0;1472.0;2212.0;1627.0;2894.0;5014.0;8473.0;1387.0;2148.0;42.0;-193.0;166.0;-729.0;ACETIC_ACID
2168.0;3597.0;5844.0;9379.0;1471.0;2202.0;1636.0;2919.0;5021.0;8480.0;1378.0;2133.0;37.0;-193.0;160.0;-729.0;ACETIC_ACID
2146.0;3569.0;5821.0;9316.0;1461.0;2201.0;1645.0;2937.0;5067.0;8502.0;1376.0;2132.0;40.0;-193.0;164.0;-746.0;ACETIC_ACID
2179.0;3616.0;5850.0;9365.0;1466.0;2202.0;1678.0;2962.0;5118.0;8616.0;1394.0;2146.0;49.0;-192.0;192.0;-750.0;ACETIC_ACID
2205.0;3653.0;5906.0;9439.0;1476.0;2227.0;1673.0;2991.0;5131.0;8638.0;1401.0;2162.0;43.0;-201.0;173.0;-768.0;ACETIC_ACID
2184.0;3629.0;5925.0;9469.0;1485.0;2227.0;1649.0;2928.0;5069.0;8553.0;1392.0;2150.0;40.0;-201.0;169.0;-787.0;ACETIC_ACID
2171.0;3613.0;5874.0;9404.0;1476.0;2233.0;1673.0;2963.0;5123.0;8631.0;1401.0;2171.0;43.0;-201.0;175.0;-787.0;ACETIC_ACID
2207.0;3659.0;5946.0;9497.0;1482.0;2233.0;1677.0;2970.0;5148.0;8683.0;1411.0;2172.0;44.0;-201.0;176.0;-787.0;ACETIC_ACID
2230.0;3672.0;5962.0;9525.0;1491.0;2237.0;1700.0;3005.0;5179.0;8728.0;1411.0;2180.0;34.0;-202.0;169.0;-797.0;ACETIC_ACID
2219.0;3701.0;5974.0;9545.0;1493.0;2240.0;1683.0;3002.0;5187.0;8743.0;1414.0;2183.0;53.0;-206.0;184.0;-803.0;ACETIC_ACID
2231.0;3688.0;5985.0;9562.0;1492.0;2243.0;1700.0;3005.0;5173.0;8725.0;1417.0;2181.0;46.0;-212.0;178.0;-803.0;ACETIC_ACID
2233.0;3697.0;6028.0;9572.0;1495.0;2243.0;1691.0;2991.0;5192.0;8730.0;1412.0;2185.0;60.0;-226.0;223.0;-859.0;ACETIC_ACID
2260.0;3740.0;6053.0;9644.0;1500.0;2259.0;1729.0;3057.0;5223.0;8793.0;1427.0;2192.0;54.0;-228.0;213.0;-870.0;ACETIC_ACID
2259.0;3742.0;6042.0;9645.0;1510.0;2259.0;1703.0;3024.0;5233.0;8810.0;1424.0;2194.0;55.0;-230.0;206.0;-873.0;ACETIC_ACID
2281.0;3762.0;6087.0;9702.0;1507.0;2262.0;1721.0;3039.0;5223.0;8784.0;1422.0;2194.0;49.0;-230.0;208.0;-873.0;ACETIC_ACID
2264.0;3745.0;6047.0;9651.0;1508.0;2259.0;1729.0;3054.0;5269.0;8849.0;1430.0;2208.0;80.0;-262.0;315.0;-1014.0;ACETIC_ACID
2333.0;3835.0;6157.0;9758.0;1516.0;2281.0;1777.0;3132.0;5376.0;8981.0;1447.0;2234.0;75.0;-262.0;270.0;-1014.0;ACETIC_ACID
2324.0;3848.0;6182.0;9870.0;1535.0;2301.0;1789.0;3170.0;5418.0;9043.0;1465.0;2249.0;61.0;-270.0;262.0;-1014.0;ACETIC_ACID
2352.0;3874.0;6246.0;9921.0;1546.0;2313.0;1777.0;3140.0;5361.0;9044.0;1461.0;2246.0;71.0;-262.0;259.0;-988.0;ACETIC_ACID
2355.0;3880.0;6245.0;9923.0;1542.0;2312.0;1788.0;3146.0;5388.0;9054.0;1454.0;2247.0;57.0;-257.0;254.0;-986.0;ACETIC_ACID
2333.0;3863.0;6230.0;9923.0;1544.0;2302.0;1760.0;3123.0;5334.0;8974.0;1447.0;2226.0;52.0;-255.0;239.0;-980.0;ACETIC_ACID
2325.0;3830.0;6190.0;9812.0;1533.0;2298.0;1752.0;3109.0;5337.0;8947.0;1451.0;2234.0;64.0;-250.0;235.0;-958.0;ACETIC_ACID
2305.0;3787.0;6152.0;9810.0;1529.0;2294.0;1767.0;3117.0;5371.0;8997.0;1447.0;2228.0;56.0;-250.0;235.0;-958.0;ACETIC_ACID
2320.0;3816.0;6170.0;9820.0;1536.0;2290.0;1752.0;3093.0;5302.0;8922.0;1443.0;2230.0;60.0;-255.0;239.0;-980.0;ACETIC_ACID
2323.0;3824.0;6179.0;9820.0;1536.0;2293.0;1759.0;3097.0;5325.0;8948.0;1447.0;2228.0;60.0;-255.0;273.0;-980.0;ACETIC_ACID
2362.0;3893.0;6251.0;9882.0;1539.0;2306.0;1781.0;3150.0;5397.0;9042.0;1462.0;2251.0;76.0;-265.0;282.0;-1025.0;ACETIC_ACID
2369.0;3912.0;6290.0;9988.0;1557.0;2316.0;1800.0;3172.0;5460.0;9111.0;1466.0;2250.0;61.0;-265.0;237.0;-1025.0;ACETIC_ACID
2331.0;3856.0;6249.0;9909.0;1548.0;2316.0;1783.0;3165.0;5399.0;9083.0;1470.0;2263.0;69.0;-265.0;273.0;-1025.0;ACETIC_ACID
2368.0;3883.0;6250.0;9962.0;1546.0;2317.0;1791.0;3167.0;5422.0;9092.0;1466.0;2255.0;60.0;-265.0;250.0;-1025.0;ACETIC_ACID
2353.0;3872.0;6246.0;9945.0;1550.0;2323.0;1786.0;3140.0;5397.0;9072.0;1468.0;2259.0;60.0;-275.0;265.0;-1046.0;ACETIC_ACID
2388.0;3920.0;6339.0;10017.0;1554.0;2323.0;1808.0;3186.0;5441.0;9108.0;1470.0;2262.0;61.0;-275.0;264.0;-1048.0;ACETIC_ACID
2369.0;3909.0;6309.0;9964.0;1554.0;2327.0;1820.0;3207.0;5480.0;9127.0;1473.0;2262.0;69.0;-275.0;288.0;-1048.0;ACETIC_ACID
2417.0;3970.0;6368.0;10075.0;1562.0;2330.0;1805.0;3177.0;5448.0;9120.0;1473.0;2267.0;55.0;-269.0;255.0;-1046.0;ACETIC_ACID
2355.0;3893.0;6306.0;10003.0;1558.0;2326.0;1772.0;3149.0;5414.0;9066.0;1469.0;2251.0;71.0;-267.0;259.0;-1025.0;ACETIC_ACID
2366.0;3888.0;6293.0;9983.0;1557.0;2313.0;1790.0;3148.0;5403.0;9046.0;1461.0;2253.0;64.0;-267.0;242.0;-1025.0;ACETIC_ACID
2351.0;3870.0;6267.0;9914.0;1545.0;2320.0;1761.0;3134.0;5403.0;9057.0;1466.0;2253.0;67.0;-265.0;260.0;-1021.0;ACETIC_ACID
2352.0;3878.0;6261.0;9926.0;1543.0;2317.0;1791.0;3160.0;5400.0;9054.0;1460.0;2250.0;68.0;-257.0;276.0;-1002.0;ACETIC_ACID
2369.0;3899.0;6288.0;9985.0;1554.0;2310.0;1790.0;3162.0;5408.0;9079.0;1463.0;2247.0;72.0;-264.0;252.0;-1021.0;ACETIC_ACID
2339.0;3855.0;6241.0;9911.0;1545.0;2313.0;1773.0;3135.0;5380.0;8992.0;1456.0;2237.0;60.0;-264.0;237.0;-1034.0;ACETIC_ACID
2328.0;3844.0;6202.0;9886.0;1536.0;2303.0;1791.0;3170.0;5418.0;9053.0;1463.0;2245.0;64.0;-264.0;262.0;-1034.0;ACETIC_ACID
2354.0;3896.0;6310.0;9969.0;1548.0;2328.0;1810.0;3194.0;5452.0;9113.0;1473.0;2267.0;75.0;-288.0;292.0;-1116.0;ACETIC_ACID
2403.0;3966.0;6361.0;10059.0;1559.0;2327.0;1801.0;3183.0;5474.0;9138.0;1471.0;2259.0;77.0;-288.0;301.0;-1116.0;ACETIC_ACID
2424.0;3973.0;6381.0;10050.0;1562.0;2346.0;1841.0;3240.0;5522.0;9212.0;1486.0;2280.0;69.0;-288.0;280.0;-1122.0;ACETIC_ACID
2410.0;3959.0;6384.0;10085.0;1569.0;2341.0;1820.0;3197.0;5495.0;9170.0;1482.0;2271.0;78.0;-298.0;279.0;-1154.0;ACETIC_ACID
2400.0;3939.0;6360.0;10058.0;1567.0;2326.0;1807.0;3193.0;5480.0;9125.0;1477.0;2262.0;69.0;-297.0;312.0;-1130.0;ACETIC_ACID
2431.0;3992.0;6388.0;10133.0;1568.0;2348.0;1843.0;3261.0;5567.0;9310.0;1499.0;2301.0;74.0;-290.0;302.0;-1130.0;ACETIC_ACID
2448.0;4024.0;6466.0;10233.0;1597.0;2372.0;1865.0;3282.0;5584.0;9343.0;1507.0;2309.0;70.0;-291.0;296.0;-1131.0;ACETIC_ACID
2436.0;4009.0;6449.0;10223.0;1582.0;2366.0;1859.0;3267.0;5572.0;9304.0;1500.0;2294.0;64.0;-291.0;262.0;-1130.0;ACETIC_ACID
2413.0;3963.0;6416.0;10174.0;1578.0;2348.0;1824.0;3205.0;5505.0;9211.0;1487.0;2278.0;62.0;-291.0;294.0;-1130.0;ACETIC_ACID
2430.0;3989.0;6422.0;10167.0;1573.0;2356.0;1845.0;3260.0;5541.0;9306.0;1492.0;2290.0;80.0;-291.0;290.0;-1131.0;ACETIC_ACID
2427.0;3991.0;6431.0;10180.0;1580.0;2352.0;1871.0;3275.0;5599.0;9312.0;1494.0;2299.0;98.0;-323.0;402.0;-1264.0;ACETIC_ACID
2474.0;4053.0;6503.0;10281.0;1586.0;2369.0;1884.0;3300.0;5624.0;9344.0;1508.0;2304.0;79.0;-324.0;332.0;-1264.0;ACETIC_ACID
2497.0;4078.0;6546.0;10312.0;1595.0;2371.0;1879.0;3298.0;5619.0;9385.0;1504.0;2305.0;99.0;-324.0;348.0;-1264.0;ACETIC_ACID
2481.0;4067.0;6519.0;10279.0;1595.0;2383.0;1901.0;3336.0;5670.0;9437.0;1520.0;2322.0;88.0;-323.0;335.0;-1243.0;ACETIC_ACID
2483.0;4064.0;6548.0;10338.0;1604.0;2393.0;1876.0;3310.0;5624.0;9344.0;1508.0;2316.0;70.0;-324.0;311.0;-1243.0;ACETIC_ACID
2483.0;4066.0;6530.0;10306.0;1601.0;2377.0;1882.0;3297.0;5634.0;9374.0;1507.0;2308.0;77.0;-320.0;322.0;-1238.0;ACETIC_ACID
2480.0;4061.0;6511.0;10297.0;1594.0;2387.0;1874.0;3289.0;5624.0;9387.0;1510.0;2316.0;76.0;-320.0;333.0;-1220.0;ACETIC_ACID
2496.0;4066.0;6564.0;10336.0;1600.0;2384.0;1878.0;3299.0;5619.0;9369.0;1510.0;2316.0;76.0;-320.0;316.0;-1220.0;ACETIC_ACID
2482.0;4077.0;6556.0;10361.0;1604.0;2380.0;1883.0;3309.0;5635.0;9393.0;1508.0;2310.0;82.0;-320.0;310.0;-1238.0;ACETIC_ACID
2451.0;4027.0;6488.0;10262.0;1590.0;2376.0;1877.0;3302.0;5625.0;9379.0;1500.0;2302.0;82.0;-319.0;311.0;-1218.0;ACETIC_ACID
2469.0;4053.0;6498.0;10279.0;1595.0;2377.0;1875.0;3301.0;5633.0;9395.0;1507.0;2318.0;90.0;-315.0;330.0;-1215.0;ACETIC_ACID
2495.0;4091.0;6540.0;10364.0;1602.0;2390.0;1886.0;3317.0;5662.0;9454.0;1524.0;2328.0;75.0;-313.0;305.0;-1215.0;ACETIC_ACID
2494.0;4101.0;6557.0;10358.0;1602.0;2391.0;1878.0;3303.0;5654.0;9382.0;1513.0;2313.0;84.0;-313.0;320.0;-1217.0;ACETIC_ACID
2465.0;4060.0;6517.0;10329.0;1598.0;2382.0;1872.0;3281.0;5615.0;9364.0;1504.0;2310.0;70.0;-313.0;306.0;-1217.0;ACETIC_ACID
2489.0;4065.0;6499.0;10291.0;1595.0;2379.0;1883.0;3301.0;5639.0;9400.0;1512.0;2313.0;81.0;-311.0;317.0;-1215.0;ACETIC_ACID
2468.0;4071.0;6524.0;10309.0;1600.0;2372.0;1857.0;3262.0;5588.0;9332.0;1505.0;2302.0;80.0;-311.0;317.0;-1211.0;ACETIC_ACID
2457.0;4030.0;6475.0;10281.0;1592.0;2379.0;1875.0;3289.0;5595.0;9374.0;1506.0;2305.0;73.0;-313.0;299.0;-1217.0;ACETIC_ACID
2444.0;4031.0;6461.0;10233.0;1590.0;2368.0;1847.0;3262.0;5575.0;9278.0;1492.0;2296.0;79.0;-313.0;303.0;-1218.0;ACETIC_ACID
2442.0;4028.0;6457.0;10230.0;1587.0;2365.0;1858.0;3281.0;5609.0;9335.0;1497.0;2301.0;78.0;-313.0;312.0;-1230.0;ACETIC_ACID
2449.0;4016.0;6452.0;10205.0;1586.0;2361.0;1892.0;3311.0;5634.0;9365.0;1509.0;2315.0;75.0;-313.0;338.0;-1230.0;ACETIC_ACID
2520.0;4101.0;6582.0;10366.0;1603.0;2385.0;1914.0;3337.0;5685.0;9444.0;1522.0;2326.0;74.0;-318.0;310.0;-1230.0;ACETIC_ACID
2488.0;4085.0;6568.0;10373.0;1606.0;2378.0;1874.0;3298.0;5638.0;9380.0;1516.0;2311.0;87.0;-324.0;300.0;-1238.0;ACETIC_ACID
2438.0;4011.0;6444.0;10260.0;1594.0;2375.0;1860.0;3268.0;5594.0;9339.0;1503.0;2302.0;80.0;-318.0;309.0;-1223.0;ACETIC_ACID
2462.0;4046.0;6514.0;10327.0;1596.0;2379.0;1885.0;3319.0;5664.0;9414.0;1512.0;2315.0;77.0;-315.0;316.0;-1217.0;ACETIC_ACID
2460.0;4051.0;6525.0;10322.0;1598.0;2388.0;1876.0;3307.0;5646.0;9435.0;1511.0;2314.0;69.0;-318.0;307.0;-1223.0;ACETIC_ACID
2482.0;4063.0;6549.0;10312.0;1601.0;2387.0;1870.0;3284.0;5602.0;9316.0;1504.0;2310.0;70.0;-324.0;306.0;-1236.0;ACETIC_ACID
2456.0;4042.0;6511.0;10302.0;1600.0;2389.0;1882.0;3307.0;5668.0;9449.0;1515.0;2327.0;83.0;-324.0;335.0;-1236.0;ACETIC_ACID
2487.0;4082.0;6561.0;10388.0;1608.0;2390.0;1889.0;3312.0;5663.0;9416.0;1508.0;2323.0;74.0;-331.0;307.0;-1271.0;ACETIC_ACID
2485.0;4085.0;6538.0;10361.0;1605.0;2384.0;1851.0;3263.0;5582.0;9341.0;1510.0;2317.0;83.0;-333.0;352.0;-1288.0;ACETIC_ACID
2501.0;4093.0;6568.0;10375.0;1607.0;2395.0;1903.0;3344.0;5681.0;9471.0;1524.0;2334.0;86.0;-338.0;340.0;-1320.0;ACETIC_ACID
2528.0;4125.0;6613.0;10429.0;1618.0;2409.0;1903.0;3340.0;5705.0;9471.0;1531.0;2342.0;84.0;-338.0;334.0;-1320.0;ACETIC_ACID
2501.0;4103.0;6613.0;10446.0;1615.0;2411.0;1921.0;3354.0;5752.0;9554.0;1535.0;2350.0;95.0;-335.0;348.0;-1288.0;ACETIC_ACID
2527.0;4142.0;6640.0;10519.0;1630.0;2420.0;1921.0;3353.0;5733.0;9605.0;1540.0;2348.0;89.0;-333.0;338.0;-1284.0;ACETIC_ACID
2532.0;4138.0;6669.0;10501.0;1631.0;2423.0;1916.0;3362.0;5723.0;9582.0;1528.0;2349.0;73.0;-335.0;310.0;-1284.0;ACETIC_ACID
2481.0;4089.0;6585.0;10389.0;1614.0;2414.0;1914.0;3358.0;5731.0;9545.0;1533.0;2347.0;87.0;-335.0;326.0;-1284.0;ACETIC_ACID
2501.0;4103.0;6587.0;10432.0;1614.0;2412.0;1906.0;3337.0;5686.0;9482.0;1529.0;2334.0;88.0;-336.0;336.0;-1298.0;ACETIC_ACID
2510.0;4138.0;6640.0;10502.0;1627.0;2411.0;1932.0;3384.0;5782.0;9571.0;1540.0;2348.0;69.0;-336.0;328.0;-1298.0;ACETIC_ACID
2514.0;4129.0;6635.0;10483.0;1627.0;2419.0;1923.0;3371.0;5762.0;9574.0;1536.0;2353.0;88.0;-336.0;344.0;-1298.0;ACETIC_ACID
2551.0;4177.0;6720.0;10544.0;1630.0;2431.0;1931.0;3377.0;5766.0;9583.0;1543.0;2364.0;83.0;-336.0;324.0;-1291.0;ACETIC_ACID
2507.0;4111.0;6614.0;10492.0;1624.0;2421.0;1922.0;3367.0;5729.0;9536.0;1536.0;2350.0;87.0;-336.0;329.0;-1291.0;ACETIC_ACID
2521.0;4140.0;6636.0;10486.0;1632.0;2425.0;1926.0;3372.0;5735.0;9565.0;1544.0;2345.0;87.0;-336.0;320.0;-1291.0;ACETIC_ACID
2513.0;4135.0;6623.0;10480.0;1624.0;2419.0;1907.0;3360.0;5738.0;9570.0;1533.0;2353.0;88.0;-339.0;327.0;-1291.0;ACETIC_ACID
2505.0;4102.0;6605.0;10479.0;1623.0;2415.0;1935.0;3369.0;5748.0;9559.0;1534.0;2344.0;82.0;-349.0;337.0;-1328.0;ACETIC_ACID
2528.0;4156.0;6637.0;10481.0;1620.0;2418.0;1918.0;3359.0;5748.0;9589.0;1534.0;2338.0;93.0;-350.0;352.0;-1328.0;ACETIC_ACID
2529.0;4130.0;6625.0;10484.0;1619.0;2417.0;1947.0;3404.0;5820.0;9662.0;1546.0;2364.0;85.0;-350.0;335.0;-1328.0;ACETIC_ACID
2540.0;4167.0;6664.0;10537.0;1631.0;2416.0;1943.0;3383.0;5800.0;9607.0;1543.0;2361.0;91.0;-349.0;345.0;-1328.0;ACETIC_ACID
2561.0;4194.0;6721.0;10566.0;1632.0;2420.0;1920.0;3378.0;5743.0;9586.0;1536.0;2343.0;86.0;-337.0;333.0;-1298.0;ACETIC_ACID
2512.0;4134.0;6595.0;10454.0;1615.0;2407.0;1913.0;3356.0;5719.0;9528.0;1530.0;2345.0;83.0;-337.0;319.0;-1298.0;ACETIC_ACID
2505.0;4116.0;6633.0;10483.0;1623.0;2406.0;1904.0;3353.0;5706.0;9500.0;1522.0;2333.0;74.0;-337.0;327.0;-1298.0;ACETIC_ACID
2506.0;4135.0;6632.0;10487.0;1617.0;2416.0;1920.0;3365.0;5731.0;9564.0;1535.0;2349.0;69.0;-345.0;328.0;-1317.0;ACETIC_ACID
2534.0;4160.0;6696.0;10515.0;1630.0;2428.0;1938.0;3392.0;5798.0;9611.0;1542.0;2359.0;86.0;-346.0;343.0;-1342.0;ACETIC_ACID
2541.0;4162.0;6693.0;10560.0;1639.0;2443.0;1968.0;3450.0;5852.0;9723.0;1562.0;2389.0;100.0;-360.0;401.0;-1382.0;ACETIC_ACID
2597.0;4242.0;6772.0;10719.0;1651.0;2450.0;1968.0;3445.0;5868.0;9737.0;1560.0;2376.0;93.0;-360.0;366.0;-1382.0;ACETIC_ACID
2564.0;4198.0;6735.0;10643.0;1649.0;2442.0;1961.0;3456.0;5858.0;9723.0;1561.0;2379.0;82.0;-361.0;362.0;-1382.0;ACETIC_ACID
2574.0;4215.0;6751.0;10614.0;1644.0;2438.0;1946.0;3402.0;5817.0;9665.0;1551.0;2376.0;84.0;-361.0;338.0;-1382.0;ACETIC_ACID
2540.0;4165.0;6697.0;10584.0;1641.0;2433.0;1939.0;3396.0;5794.0;9620.0;1545.0;2355.0;87.0;-361.0;353.0;-1379.0;ACETIC_ACID
2560.0;4201.0;6753.0;10622.0;1644.0;2442.0;1951.0;3428.0;5820.0;9704.0;1554.0;2370.0;96.0;-358.0;361.0;-1378.0;ACETIC_ACID
2590.0;4218.0;6763.0;10684.0;1643.0;2440.0;1941.0;3397.0;5799.0;9648.0;1543.0;2356.0;78.0;-358.0;344.0;-1378.0;ACETIC_ACID
2544.0;4174.0;6691.0;10580.0;1638.0;2428.0;1933.0;3384.0;5777.0;9633.0;1548.0;2368.0;83.0;-358.0;340.0;-1363.0;ACETIC_ACID
2570.0;4205.0;6741.0;10627.0;1638.0;2434.0;1943.0;3408.0;5813.0;9681.0;1551.0;2371.0;75.0;-358.0;334.0;-1363.0;ACETIC_ACID
2551.0;4187.0;6714.0;10602.0;1644.0;2437.0;1939.0;3397.0;5775.0;9620.0;1544.0;2360.0;78.0;-358.0;338.0;-1363.0;ACETIC_ACID
2535.0;4156.0;6684.0;10547.0;1633.0;2438.0;1947.0;3408.0;5828.0;9680.0;1552.0;2373.0;102.0;-366.0;378.0;-1413.0;ACETIC_ACID
2573.0;4212.0;6749.0;10638.0;1654.0;2448.0;1963.0;3437.0;5853.0;9706.0;1558.0;2373.0;87.0;-374.0;358.0;-1437.0;ACETIC_ACID
2553.0;4197.0;6761.0;10644.0;1644.0;2456.0;1968.0;3454.0;5875.0;9796.0;1570.0;2393.0;104.0;-374.0;406.0;-1437.0;ACETIC_ACID
2615.0;4266.0;6818.0;10751.0;1658.0;2459.0;1990.0;3468.0;5907.0;9784.0;1567.0;2395.0;89.0;-382.0;371.0;-1440.0;ACETIC_ACID
2600.0;4265.0;6825.0;10768.0;1660.0;2462.0;1968.0;3446.0;5863.0;9748.0;1565.0;2390.0;99.0;-383.0;372.0;-1458.0;ACETIC_ACID
2591.0;4231.0;6789.0;10729.0;1660.0;2473.0;2008.0;3507.0;5967.0;9864.0;1583.0;2416.0;94.0;-382.0;388.0;-1440.0;ACETIC_ACID
2606.0;4265.0;6839.0;10822.0;1665.0;2475.0;1965.0;3439.0;5854.0;9738.0;1569.0;2394.0;93.0;-369.0;375.0;-1426.0;ACETIC_ACID
2605.0;4267.0;6839.0;10791.0;1664.0;2464.0;1983.0;3460.0;5904.0;9792.0;1574.0;2387.0;84.0;-366.0;345.0;-1427.0;ACETIC_ACID
2555.0;4191.0;6748.0;10693.0;1653.0;2452.0;1936.0;3411.0;5821.0;9699.0;1555.0;2377.0;108.0;-366.0;373.0;-1407.0;ACETIC_ACID
2584.0;4222.0;6775.0;10695.0;1652.0;2442.0;1967.0;3442.0;5832.0;9711.0;1559.0;2378.0;84.0;-366.0;362.0;-1407.0;ACETIC_ACID
2575.0;4220.0;6767.0;10724.0;1652.0;2448.0;1974.0;3446.0;5813.0;9695.0;1554.0;2381.0;86.0;-368.0;349.0;-1427.0;ACETIC_ACID
2587.0;4258.0;6796.0;10733.0;1656.0;2457.0;1977.0;3455.0;5873.0;9744.0;1564.0;2397.0;106.0;-376.0;403.0;-1438.0;ACETIC_ACID
2612.0;4291.0;6843.0;10754.0;1658.0;2471.0;1992.0;3464.0;5906.0;9744.0;1571.0;2400.0;103.0;-385.0;401.0;-1482.0;ACETIC_ACID
2622.0;4282.0;6840.0;10805.0;1660.0;2464.0;1976.0;3468.0;5900.0;9777.0;1569.0;2395.0;96.0;-385.0;369.0;-1489.0;ACETIC_ACID
2599.0;4264.0;6835.0;10809.0;1663.0;2459.0;1976.0;3464.0;5875.0;9761.0;1565.0;2389.0;104.0;-385.0;392.0;-1485.0;ACETIC_ACID
2613.0;4263.0;6837.0;10732.0;1656.0;2462.0;1978.0;3470.0;5868.0;9760.0;1562.0;2393.0;99.0;-385.0;386.0;-1485.0;ACETIC_ACID
2605.0;4274.0;6845.0;10765.0;1652.0;2464.0;1985.0;3484.0;5924.0;9855.0;1577.0;2404.0;103.0;-389.0;390.0;-1485.0;ACETIC_ACID
2629.0;4296.0;6881.0;10840.0;1671.0;2474.0;1982.0;3469.0;5896.0;9783.0;1569.0;2394.0;91.0;-389.0;392.0;-1489.0;ACETIC_ACID
2602.0;4262.0;6834.0;10786.0;1670.0;2471.0;1998.0;3476.0;5902.0;9806.0;1571.0;2402.0;91.0;-390.0;378.0;-1505.0;ACETIC_ACID
2610.0;4289.0;6855.0;10820.0;1668.0;2479.0;1989.0;3492.0;5936.0;9869.0;1577.0;2405.0;106.0;-389.0;388.0;-1505.0;ACETIC_ACID
2632.0;4310.0;6890.0;10836.0;1671.0;2470.0;1994.0;3480.0;5918.0;9849.0;1573.0;2405.0;96.0;-389.0;385.0;-1505.0;ACETIC_ACID
2638.0;4304.0;6896.0;10873.0;1672.0;2478.0;1995.0;3493.0;5935.0;9850.0;1582.0;2408.0;98.0;-386.0;374.0;-1505.0;ACETIC_ACID
2592.0;4258.0;6811.0;10802.0;1668.0;2475.0;2008.0;3509.0;5986.0;9879.0;1583.0;2410.0;104.0;-389.0;414.0;-1504.0;ACETIC_ACID
2646.0;4327.0;6918.0;10898.0;1678.0;2490.0;2020.0;3518.0;5963.0;9878.0;1578.0;2414.0;93.0;-389.0;370.0;-1504.0;ACETIC_ACID
2627.0;4282.0;6859.0;10832.0;1672.0;2481.0;1999.0;3490.0;5928.0;9885.0;1575.0;2410.0;98.0;-397.0;392.0;-1560.0;ACETIC_ACID
2620.0;4291.0;6864.0;10830.0;1677.0;2479.0;2030.0;3539.0;5997.0;9958.0;1593.0;2431.0;106.0;-397.0;416.0;-1566.0;ACETIC_ACID
2671.0;4359.0;6963.0;10944.0;1686.0;2504.0;2040.0;3561.0;6045.0;10000.0;1592.0;2428.0;107.0;-410.0;416.0;-1566.0;ACETIC_ACID
2649.0;4344.0;6958.0;10932.0;1682.0;2498.0;2041.0;3562.0;6045.0;9993.0;1599.0;2435.0;115.0;-410.0;465.0;-1566.0;ACETIC_ACID
2708.0;4412.0;7038.0;11054.0;1697.0;2506.0;2046.0;3553.0;6035.0;10015.0;1598.0;2432.0;105.0;-410.0;421.0;-1566.0;ACETIC_ACID
2667.0;4354.0;6973.0;10974.0;1689.0;2499.0;2013.0;3509.0;5962.0;9835.0;1581.0;2408.0;95.0;-410.0;374.0;-1575.0;ACETIC_ACID
2611.0;4281.0;6876.0;10837.0;1679.0;2485.0;2028.0;3530.0;6036.0;9977.0;1588.0;2427.0;103.0;-410.0;409.0;-1575.0;ACETIC_ACID
2666.0;4337.0;6936.0;10920.0;1687.0;2501.0;2047.0;3575.0;6048.0;10035.0;1601.0;2440.0;113.0;-414.0;421.0;-1588.0;ACETIC_ACID
2695.0;4393.0;7030.0;11015.0;1695.0;2515.0;2045.0;3543.0;6004.0;9969.0;1598.0;2436.0;98.0;-414.0;433.0;-1588.0;ACETIC_ACID
2676.0;4373.0;6992.0;10975.0;1687.0;2509.0;2043.0;3560.0;6026.0;10023.0;1602.0;2433.0;111.0;-416.0;420.0;-1595.0;ACETIC_ACID
2679.0;4389.0;7004.0;11014.0;1692.0;2507.0;2030.0;3541.0;6021.0;9959.0;1595.0;2436.0;105.0;-425.0;410.0;-1625.0;ACETIC_ACID
2693.0;4386.0;7023.0;11044.0;1699.0;2516.0;2067.0;3585.0;6060.0;10048.0;1607.0;2447.0;119.0;-416.0;474.0;-1588.0;ACETIC_ACID
2703.0;4423.0;7070.0;11100.0;1710.0;2537.0;2062.0;3594.0;6084.0;10134.0;1616.0;2466.0;118.0;-414.0;450.0;-1586.0;ACETIC_ACID
2702.0;4408.0;7034.0;11110.0;1710.0;2523.0;2086.0;3606.0;6107.0;10093.0;1613.0;2457.0;101.0;-414.0;418.0;-1586.0;ACETIC_ACID
2670.0;4370.0;7005.0;11077.0;1704.0;2525.0;2034.0;3532.0;6010.0;9953.0;1598.0;2435.0;90.0;-400.0;385.0;-1556.0;ACETIC_ACID
2627.0;4319.0;6906.0;10924.0;1687.0;2496.0;2009.0;3500.0;5959.0;9886.0;1585.0;2420.0;92.0;-395.0;398.0;-1520.0;ACETIC_ACID
2659.0;4342.0;6958.0;10964.0;1687.0;2491.0;2011.0;3502.0;5943.0;9889.0;1580.0;2416.0;90.0;-395.0;381.0;-1520.0;ACETIC_ACID
2631.0;4301.0;6893.0;10879.0;1675.0;2488.0;2002.0;3504.0;5926.0;9887.0;1580.0;2411.0;97.0;-395.0;391.0;-1534.0;ACETIC_ACID
2637.0;4312.0;6918.0;10891.0;1676.0;2488.0;2023.0;3511.0;5984.0;9942.0;1586.0;2421.0;103.0;-395.0;398.0;-1534.0;ACETIC_ACID
2644.0;4332.0;6941.0;10950.0;1690.0;2504.0;2018.0;3528.0;6006.0;9937.0;1591.0;2428.0;106.0;-397.0;401.0;-1535.0;ACETIC_ACID
2641.0;4329.0;6948.0;10939.0;1687.0;2496.0;2025.0;3518.0;5997.0;9946.0;1592.0;2428.0;92.0;-402.0;389.0;-1547.0;ACETIC_ACID
2690.0;4376.0;7003.0;10990.0;1695.0;2494.0;2026.0;3540.0;6020.0;9943.0;1597.0;2424.0;101.0;-403.0;416.0;-1571.0;ACETIC_ACID
2640.0;4346.0;6939.0;10931.0;1687.0;2503.0;2054.0;3579.0;6055.0;10020.0;1597.0;2436.0;109.0;-417.0;431.0;-1601.0;ACETIC_ACID
2679.0;4385.0;7023.0;11063.0;1694.0;2506.0;2035.0;3562.0;6048.0;10014.0;1607.0;2442.0;105.0;-417.0;417.0;-1601.0;ACETIC_ACID
2709.0;4414.0;7041.0;11053.0;1707.0;2517.0;2046.0;3558.0;6065.0;10062.0;1609.0;2448.0;106.0;-417.0;413.0;-1601.0;ACETIC_ACID
2703.0;4414.0;7042.0;11040.0;1704.0;2512.0;2038.0;3555.0;6017.0;9985.0;1601.0;2439.0;105.0;-417.0;407.0;-1601.0;ACETIC_ACID
2679.0;4364.0;6994.0;11020.0;1693.0;2501.0;2030.0;3555.0;6011.0;9974.0;1594.0;2430.0;98.0;-417.0;404.0;-1601.0;ACETIC_ACID
2659.0;4360.0;6986.0;11013.0;1698.0;2513.0;2054.0;3577.0;6038.0;10034.0;1596.0;2442.0;96.0;-417.0;402.0;-1602.0;ACETIC_ACID
2683.0;4382.0;7035.0;11046.0;1693.0;2506.0;2042.0;3573.0;6062.0;9999.0;1606.0;2426.0;107.0;-419.0;427.0;-1634.0;ACETIC_ACID
2681.0;4374.0;6991.0;11011.0;1694.0;2510.0;2027.0;3536.0;6016.0;10007.0;1599.0;2433.0;108.0;-419.0;426.0;-1634.0;ACETIC_ACID
2690.0;4389.0;7006.0;10971.0;1699.0;2508.0;2069.0;3597.0;6103.0;10065.0;1608.0;2445.0;106.0;-417.0;445.0;-1634.0;ACETIC_ACID
2719.0;4422.0;7068.0;11102.0;1694.0;2516.0;2055.0;3570.0;6081.0;10046.0;1605.0;2444.0;109.0;-415.0;410.0;-1622.0;ACETIC_ACID
2663.0;4364.0;6977.0;10989.0;1697.0;2514.0;2029.0;3548.0;6027.0;10000.0;1599.0;2433.0;104.0;-415.0;388.0;-1622.0;ACETIC_ACID
2665.0;4383.0;7036.0;11051.0;1703.0;2523.0;2035.0;3555.0;6060.0;10078.0;1604.0;2454.0;106.0;-415.0;420.0;-1622.0;ACETIC_ACID
2711.0;4423.0;7060.0;11074.0;1712.0;2537.0;2075.0;3616.0;6130.0;10159.0;1620.0;2464.0;118.0;-420.0;432.0;-1629.0;ACETIC_ACID
2720.0;4441.0;7121.0;11151.0;1718.0;2541.0;2078.0;3618.0;6147.0;10183.0;1629.0;2477.0;117.0;-425.0;448.0;-1634.0;ACETIC_ACID
2744.0;4497.0;7168.0;11247.0;1723.0;2540.0;2089.0;3627.0;6130.0;10189.0;1623.0;2469.0;94.0;-425.0;412.0;-1634.0;ACETIC_ACID
2709.0;4449.0;7089.0;11127.0;1715.0;2538.0;2076.0;3615.0;6141.0;10179.0;1625.0;2474.0;110.0;-427.0;411.0;-1634.0;ACETIC_ACID
2722.0;4460.0;7140.0;11272.0;1728.0;2541.0;2072.0;3626.0;6103.0;10113.0;1615.0;2463.0;99.0;-423.0;414.0;-1634.0;ACETIC_ACID
2702.0;4427.0;7084.0;11147.0;1716.0;2528.0;2079.0;3609.0;6148.0;10150.0;1615.0;2465.0;107.0;-425.0;424.0;-1645.0;ACETIC_ACID
2721.0;4445.0;7121.0;11140.0;1713.0;2545.0;2089.0;3650.0;6178.0;10206.0;1625.0;2470.0;108.0;-423.0;420.0;-1645.0;ACETIC_ACID
2725.0;4457.0;7111.0;11164.0;1721.0;2546.0;2078.0;3614.0;6120.0;10135.0;1623.0;2473.0;97.0;-425.0;430.0;-1645.0;ACETIC_ACID
2715.0;4412.0;7087.0;11159.0;1721.0;2546.0;2081.0;3625.0;6147.0;10173.0;1625.0;2474.0;100.0;-423.0;408.0;-1641.0;ACETIC_ACID
2712.0;4428.0;7092.0;11156.0;1717.0;2537.0;2079.0;3611.0;6146.0;10152.0;1623.0;2465.0;113.0;-419.0;424.0;-1632.0;ACETIC_ACID
2703.0;4422.0;7081.0;11164.0;1720.0;2536.0;2059.0;3575.0;6073.0;10060.0;1618.0;2454.0;103.0;-416.0;416.0;-1605.0;ACETIC_ACID
2717.0;4436.0;7083.0;11160.0;1714.0;2527.0;2082.0;3612.0;6115.0;10119.0;1614.0;2451.0;102.0;-419.0;404.0;-1622.0;ACETIC_ACID
2685.0;4387.0;7049.0;11108.0;1715.0;2529.0;2057.0;3599.0;6103.0;10102.0;1613.0;2455.0;95.0;-419.0;392.0;-1622.0;ACETIC_ACID
2692.0;4406.0;7076.0;11094.0;1711.0;2523.0;2078.0;3630.0;6154.0;10124.0;1617.0;2461.0;109.0;-424.0;421.0;-1622.0;ACETIC_ACID
2714.0;4445.0;7088.0;11171.0;1712.0;2535.0;2097.0;3626.0;6146.0;10197.0;1621.0;2471.0;100.0;-427.0;416.0;-1659.0;ACETIC_ACID
2744.0;4476.0;7160.0;11236.0;1725.0;2545.0;2098.0;3649.0;6161.0;10173.0;1622.0;2473.0;123.0;-427.0;452.0;-1659.0;ACETIC_ACID
2738.0;4471.0;7144.0;11180.0;1724.0;2542.0;2106.0;3653.0;6167.0;10215.0;1631.0;2472.0;106.0;-430.0;444.0;-1659.0;ACETIC_ACID
2744.0;4466.0;7147.0;11186.0;1719.0;2544.0;2091.0;3646.0;6145.0;10155.0;1634.0;2470.0;103.0;-430.0;407.0;-1626.0;ACETIC_ACID
2716.0;4446.0;7095.0;11139.0;1715.0;2545.0;2082.0;3614.0;6133.0;10121.0;1624.0;2473.0;115.0;-421.0;416.0;-1619.0;ACETIC_ACID
2733.0;4470.0;7155.0;11210.0;1719.0;2539.0;2076.0;3610.0;6130.0;10124.0;1622.0;2459.0;114.0;-420.0;413.0;-1609.0;ACETIC_ACID
2697.0;4408.0;7088.0;11123.0;1711.0;2532.0;2063.0;3590.0;6071.0;10086.0;1612.0;2458.0;93.0;-415.0;398.0;-1607.0;ACETIC_ACID
2693.0;4425.0;7070.0;11122.0;1710.0;2530.0;2072.0;3589.0;6101.0;10113.0;1616.0;2471.0;91.0;-413.0;390.0;-1599.0;ACETIC_ACID
2714.0;4444.0;7090.0;11201.0;1716.0;2531.0;2071.0;3606.0;6147.0;10147.0;1619.0;2457.0;89.0;-415.0;393.0;-1599.0;ACETIC_ACID
2719.0;4429.0;7074.0;11167.0;1719.0;2532.0;2049.0;3591.0;6085.0;10103.0;1617.0;2449.0;94.0;-415.0;388.0;-1607.0;ACETIC_ACID
2685.0;4392.0;7035.0;11084.0;1710.0;2532.0;2072.0;3608.0;6131.0;10142.0;1628.0;2462.0;111.0;-420.0;425.0;-1618.0;ACETIC_ACID
2720.0;4429.0;7110.0;11172.0;1724.0;2540.0;2073.0;3624.0;6141.0;10183.0;1628.0;2469.0;95.0;-424.0;401.0;-1619.0;ACETIC_ACID
2692.0;4420.0;7093.0;11188.0;1723.0;2544.0;2085.0;3623.0;6150.0;10139.0;1620.0;2466.0;106.0;-424.0;424.0;-1619.0;ACETIC_ACID
2712.0;4448.0;7096.0;11185.0;1721.0;2555.0;2074.0;3615.0;6127.0;10128.0;1627.0;2477.0;97.0;-425.0;407.0;-1648.0;ACETIC_ACID
2742.0;4476.0;7163.0;11258.0;1732.0;2543.0;2063.0;3595.0;6118.0;10139.0;1624.0;2471.0;97.0;-426.0;399.0;-1652.0;ACETIC_ACID
2729.0;4438.0;7105.0;11186.0;1728.0;2542.0;2063.0;3604.0;6109.0;10144.0;1616.0;2467.0;93.0;-429.0;417.0;-1660.0;ACETIC_ACID
2752.0;4481.0;7181.0;11247.0;1725.0;2554.0;2124.0;3691.0;6226.0;10248.0;1637.0;2483.0;102.0;-435.0;431.0;-1662.0;ACETIC_ACID
2773.0;4514.0;7207.0;11306.0;1736.0;2565.0;2116.0;3678.0;6193.0;10271.0;1637.0;2487.0;97.0;-440.0;423.0;-1687.0;ACETIC_ACID
2754.0;4502.0;7183.0;11273.0;1736.0;2557.0;2097.0;3649.0;6180.0;10229.0;1636.0;2484.0;99.0;-444.0;410.0;-1698.0;ACETIC_ACID
2765.0;4500.0;7180.0;11257.0;1731.0;2569.0;2120.0;3694.0;6243.0;10311.0;1648.0;2513.0;115.0;-440.0;455.0;-1696.0;ACETIC_ACID
2780.0;4541.0;7250.0;11380.0;1741.0;2588.0;2137.0;3701.0;6258.0;10331.0;1650.0;2518.0;112.0;-440.0;435.0;-1696.0;ACETIC_ACID
2767.0;4517.0;7222.0;11373.0;1746.0;2581.0;2111.0;3678.0;6229.0;10264.0;1643.0;2504.0;108.0;-440.0;428.0;-1696.0;ACETIC_ACID
2757.0;4503.0;7203.0;11333.0;1742.0;2574.0;2122.0;3693.0;6242.0;10272.0;1641.0;2495.0;108.0;-434.0;429.0;-1676.0;ACETIC_ACID
2738.0;4478.0;7170.0;11328.0;1744.0;2575.0;2102.0;3643.0;6190.0;10250.0;1639.0;2488.0;103.0;-434.0;419.0;-1676.0;ACETIC_ACID
2737.0;4484.0;7213.0;11330.0;1740.0;2571.0;2123.0;3684.0;6239.0;10279.0;1650.0;2495.0;109.0;-434.0;422.0;-1676.0;ACETIC_ACID
2752.0;4497.0;7200.0;11321.0;1741.0;2565.0;2127.0;3681.0;6258.0;10317.0;1643.0;2495.0;110.0;-447.0;440.0;-1705.0;ACETIC_ACID
2755.0;4519.0;7189.0;11354.0;1744.0;2579.0;2125.0;3689.0;6252.0;10368.0;1651.0;2506.0;123.0;-462.0;460.0;-1760.0;ACETIC_ACID
2786.0;4562.0;7280.0;11424.0;1751.0;2585.0;2166.0;3747.0;6301.0;10451.0;1660.0;2519.0;126.0;-462.0;489.0;-1760.0;ACETIC_ACID
2813.0;4584.0;7292.0;11420.0;1752.0;2587.0;2167.0;3748.0;6332.0;10466.0;1662.0;2526.0;121.0;-462.0;481.0;-1771.0;ACETIC_ACID
2848.0;4632.0;7355.0;11517.0;1762.0;2588.0;2126.0;3713.0;6267.0;10378.0;1647.0;2509.0;116.0;-460.0;434.0;-1771.0;ACETIC_ACID
2772.0;4517.0;7227.0;11367.0;1749.0;2579.0;2126.0;3699.0;6275.0;10356.0;1657.0;2513.0;108.0;-460.0;454.0;-1771.0;ACETIC_ACID
2810.0;4592.0;7320.0;11451.0;1752.0;2585.0;2132.0;3700.0;6269.0;10325.0;1648.0;2507.0;115.0;-460.0;460.0;-1771.0;ACETIC_ACID
2800.0;4550.0;7244.0;11388.0;1751.0;2582.0;2130.0;3694.0;6207.0;10289.0;1643.0;2506.0;116.0;-465.0;462.0;-1775.0;ACETIC_ACID
2798.0;4569.0;7287.0;11405.0;1753.0;2586.0;2140.0;3696.0;6259.0;10381.0;1660.0;2517.0;126.0;-465.0;475.0;-1775.0;ACETIC_ACID
2794.0;4571.0;7284.0;11420.0;1749.0;2585.0;2139.0;3705.0;6259.0;10352.0;1656.0;2517.0;117.0;-465.0;475.0;-1775.0;ACETIC_ACID
2794.0;4540.0;7258.0;11404.0;1753.0;2592.0;2162.0;3735.0;6317.0;10469.0;1666.0;2530.0;118.0;-454.0;448.0;-1758.0;ACETIC_ACID
2796.0;4584.0;7307.0;11468.0;1763.0;2594.0;2117.0;3677.0;6250.0;10310.0;1656.0;2509.0;109.0;-454.0;433.0;-1758.0;ACETIC_ACID
2782.0;4545.0;7258.0;11445.0;1749.0;2583.0;2133.0;3700.0;6264.0;10365.0;1654.0;2516.0;102.0;-452.0;437.0;-1755.0;ACETIC_ACID
2787.0;4544.0;7273.0;11446.0;1757.0;2586.0;2134.0;3702.0;6264.0;10365.0;1657.0;2510.0;108.0;-450.0;491.0;-1739.0;ACETIC_ACID
2804.0;4567.0;7269.0;11429.0;1757.0;2590.0;2143.0;3732.0;6312.0;10420.0;1654.0;2514.0;115.0;-450.0;443.0;-1739.0;ACETIC_ACID
2754.0;4510.0;7194.0;11329.0;1745.0;2581.0;2131.0;3701.0;6275.0;10371.0;1658.0;2504.0;109.0;-450.0;430.0;-1739.0;ACETIC_ACID
2768.0;4522.0;7251.0;11340.0;1750.0;2585.0;2116.0;3682.0;6222.0;10333.0;1641.0;2502.0;111.0;-450.0;422.0;-1739.0;ACETIC_ACID
2760.0;4522.0;7229.0;11344.0;1742.0;2573.0;2098.0;3655.0;6204.0;10300.0;1641.0;2495.0;115.0;-452.0;450.0;-1722.0;ACETIC_ACID
2764.0;4514.0;7222.0;11352.0;1742.0;2585.0;2139.0;3715.0;6266.0;10341.0;1652.0;2510.0;123.0;-453.0;485.0;-1731.0;ACETIC_ACID
2806.0;4575.0;7318.0;11476.0;1756.0;2590.0;2144.0;3729.0;6292.0;10366.0;1658.0;2521.0;109.0;-453.0;424.0;-1757.0;ACETIC_ACID
2790.0;4554.0;7278.0;11438.0;1756.0;2582.0;2125.0;3693.0;6245.0;10334.0;1645.0;2501.0;106.0;-453.0;430.0;-1731.0;ACETIC_ACID
2782.0;4541.0;7266.0;11426.0;1750.0;2585.0;2136.0;3712.0;6283.0;10366.0;1652.0;2501.0;114.0;-452.0;444.0;-1730.0;ACETIC_ACID
2782.0;4562.0;7259.0;11384.0;1752.0;2589.0;2129.0;3709.0;6276.0;10389.0;1655.0;2512.0;116.0;-451.0;443.0;-1731.0;ACETIC_ACID
2774.0;4514.0;7216.0;11377.0;1754.0;2581.0;2105.0;3652.0;6218.0;10293.0;1642.0;2499.0;109.0;-451.0;435.0;-1742.0;ACETIC_ACID
2775.0;4542.0;7254.0;11405.0;1748.0;2575.0;2126.0;3695.0;6261.0;10317.0;1643.0;2496.0;109.0;-451.0;437.0;-1742.0;ACETIC_ACID
2808.0;4577.0;7297.0;11440.0;1753.0;2591.0;2155.0;3747.0;6307.0;10406.0;1659.0;2525.0;133.0;-469.0;507.0;-1797.0;ACETIC_ACID
2839.0;4639.0;7387.0;11539.0;1762.0;2600.0;2170.0;3754.0;6342.0;10458.0;1672.0;2531.0;116.0;-469.0;460.0;-1797.0;ACETIC_ACID
2832.0;4606.0;7336.0;11546.0;1764.0;2605.0;2166.0;3747.0;6345.0;10478.0;1668.0;2536.0;126.0;-469.0;471.0;-1797.0;ACETIC_ACID
2829.0;4613.0;7377.0;11539.0;1769.0;2603.0;2166.0;3752.0;6347.0;10449.0;1665.0;2529.0;114.0;-469.0;457.0;-1787.0;ACETIC_ACID
2809.0;4590.0;7312.0;11478.0;1762.0;2603.0;2170.0;3749.0;6358.0;10480.0;1668.0;2531.0;115.0;-466.0;434.0;-1787.0;ACETIC_ACID
2787.0;4558.0;7282.0;11484.0;1768.0;2599.0;2144.0;3735.0;6297.0;10391.0;1654.0;2519.0;108.0;-466.0;431.0;-1787.0;ACETIC_ACID
2804.0;4572.0;7297.0;11478.0;1765.0;2600.0;2133.0;3722.0;6298.0;10426.0;1663.0;2530.0;121.0;-466.0;463.0;-1802.0;ACETIC_ACID
2820.0;4595.0;7338.0;11509.0;1767.0;2606.0;2164.0;3756.0;6332.0;10464.0;1664.0;2531.0;126.0;-467.0;467.0;-1802.0;ACETIC_ACID
2832.0;4614.0;7365.0;11536.0;1773.0;2595.0;2168.0;3755.0;6375.0;10485.0;1675.0;2536.0;116.0;-471.0;472.0;-1808.0;ACETIC_ACID
2849.0;4649.0;7390.0;11549.0;1773.0;2605.0;2188.0;3788.0;6382.0;10512.0;1670.0;2533.0;123.0;-480.0;467.0;-1855.0;ACETIC_ACID
2836.0;4645.0;7395.0;11604.0;1775.0;2616.0;2190.0;3805.0;6423.0;10569.0;1685.0;2550.0;126.0;-484.0;498.0;-1893.0;ACETIC_ACID
2870.0;4665.0;7418.0;11622.0;1781.0;2624.0;2191.0;3804.0;6423.0;10582.0;1688.0;2554.0;117.0;-491.0;494.0;-1898.0;ACETIC_ACID
2873.0;4693.0;7465.0;11714.0;1790.0;2635.0;2202.0;3805.0;6455.0;10654.0;1689.0;2570.0;117.0;-491.0;494.0;-1898.0;ACETIC_ACID
2891.0;4695.0;7479.0;11692.0;1796.0;2642.0;2177.0;3783.0;6400.0;10554.0;1688.0;2557.0;118.0;-489.0;492.0;-1898.0;ACETIC_ACID
2838.0;4650.0;7441.0;11618.0;1783.0;2630.0;2218.0;3842.0;6459.0;10660.0;1694.0;2571.0;126.0;-491.0;480.0;-1898.0;ACETIC_ACID
2853.0;4663.0;7453.0;11651.0;1795.0;2640.0;2202.0;3820.0;6463.0;10669.0;1693.0;2572.0;129.0;-491.0;502.0;-1898.0;ACETIC_ACID
2875.0;4696.0;7511.0;11709.0;1794.0;2647.0;2204.0;3825.0;6443.0;10652.0;1695.0;2569.0;121.0;-491.0;483.0;-1899.0;ACETIC_ACID
2880.0;4688.0;7460.0;11691.0;1788.0;2635.0;2193.0;3794.0;6388.0;10591.0;1690.0;2565.0;131.0;-491.0;490.0;-1899.0;ACETIC_ACID
2879.0;4681.0;7470.0;11713.0;1797.0;2641.0;2205.0;3829.0;6464.0;10628.0;1692.0;2556.0;121.0;-491.0;501.0;-1885.0;ACETIC_ACID
2864.0;4674.0;7464.0;11700.0;1794.0;2642.0;2207.0;3811.0;6445.0;10620.0;1692.0;2563.0;117.0;-491.0;470.0;-1874.0;ACETIC_ACID
2865.0;4665.0;7436.0;11677.0;1786.0;2628.0;2196.0;3818.0;6443.0;10671.0;1688.0;2563.0;122.0;-482.0;477.0;-1858.0;ACETIC_ACID
2862.0;4668.0;7447.0;11671.0;1791.0;2635.0;2183.0;3798.0;6423.0;10605.0;1689.0;2560.0;114.0;-479.0;466.0;-1851.0;ACETIC_ACID
2860.0;4662.0;7424.0;11655.0;1787.0;2630.0;2191.0;3797.0;6390.0;10550.0;1684.0;2554.0;119.0;-473.0;446.0;-1812.0;ACETIC_ACID
2826.0;4616.0;7368.0;11585.0;1786.0;2621.0;2156.0;3733.0;6346.0;10500.0;1674.0;2544.0;111.0;-470.0;442.0;-1800.0;ACETIC_ACID
2811.0;4597.0;7334.0;11534.0;1777.0;2620.0;2162.0;3737.0;6331.0;10470.0;1665.0;2540.0;109.0;-467.0;452.0;-1800.0;ACETIC_ACID
2841.0;4623.0;7356.0;11568.0;1786.0;2625.0;2183.0;3783.0;6402.0;10574.0;1677.0;2544.0;107.0;-469.0;444.0;-1800.0;ACETIC_ACID
2832.0;4624.0;7395.0;11618.0;1783.0;2623.0;2174.0;3763.0;6376.0;10543.0;1675.0;2544.0;107.0;-469.0;451.0;-1800.0;ACETIC_ACID
2815.0;4606.0;7365.0;11539.0;1771.0;2621.0;2171.0;3774.0;6373.0;10503.0;1680.0;2548.0;110.0;-469.0;442.0;-1800.0;ACETIC_ACID
2840.0;4625.0;7385.0;11572.0;1781.0;2629.0;2161.0;3747.0;6367.0;10519.0;1678.0;2551.0;122.0;-469.0;459.0;-1803.0;ACETIC_ACID
2833.0;4629.0;7369.0;11589.0;1782.0;2629.0;2193.0;3795.0;6430.0;10602.0;1683.0;2558.0;116.0;-469.0;464.0;-1818.0;ACETIC_ACID
2837.0;4635.0;7386.0;11627.0;1786.0;2628.0;2195.0;3803.0;6432.0;10579.0;1689.0;2554.0;118.0;-473.0;475.0;-1821.0;ACETIC_ACID
2839.0;4651.0;7442.0;11665.0;1789.0;2637.0;2180.0;3788.0;6379.0;10555.0;1688.0;2568.0;112.0;-478.0;454.0;-1843.0;ACETIC_ACID
2848.0;4671.0;7472.0;11715.0;1797.0;2654.0;2208.0;3816.0;6447.0;10631.0;1702.0;2573.0;116.0;-485.0;469.0;-1864.0;ACETIC_ACID
2830.0;4640.0;7421.0;11675.0;1793.0;2648.0;2205.0;3824.0;6473.0;10659.0;1701.0;2568.0;126.0;-492.0;495.0;-1892.0;ACETIC_ACID
2880.0;4684.0;7459.0;11729.0;1804.0;2648.0;2208.0;3827.0;6450.0;10650.0;1696.0;2576.0;126.0;-497.0;483.0;-1905.0;ACETIC_ACID
2872.0;4678.0;7471.0;11713.0;1795.0;2646.0;2207.0;3847.0;6453.0;10667.0;1700.0;2568.0;114.0;-500.0;478.0;-1915.0;ACETIC_ACID
2877.0;4687.0;7463.0;11776.0;1804.0;2648.0;2224.0;3864.0;6499.0;10708.0;1704.0;2583.0;148.0;-505.0;569.0;-1948.0;ACETIC_ACID
2916.0;4739.0;7568.0;11797.0;1797.0;2650.0;2219.0;3819.0;6466.0;10627.0;1699.0;2572.0;134.0;-505.0;532.0;-1948.0;ACETIC_ACID
2900.0;4727.0;7523.0;11772.0;1796.0;2657.0;2209.0;3833.0;6472.0;10678.0;1706.0;2582.0;125.0;-505.0;493.0;-1948.0;ACETIC_ACID
2870.0;4705.0;7493.0;11758.0;1799.0;2648.0;2184.0;3793.0;6425.0;10634.0;1688.0;2562.0;115.0;-505.0;462.0;-1948.0;ACETIC_ACID
2848.0;4656.0;7414.0;11660.0;1789.0;2627.0;2184.0;3803.0;6418.0;10600.0;1687.0;2563.0;128.0;-500.0;509.0;-1939.0;ACETIC_ACID
2878.0;4709.0;7507.0;11788.0;1798.0;2645.0;2217.0;3837.0;6468.0;10638.0;1690.0;2566.0;128.0;-500.0;507.0;-1939.0;ACETIC_ACID
2901.0;4718.0;7519.0;11742.0;1796.0;2645.0;2195.0;3800.0;6431.0;10616.0;1694.0;2564.0;123.0;-506.0;477.0;-1964.0;ACETIC_ACID
2859.0;4670.0;7456.0;11729.0;1798.0;2646.0;2177.0;3794.0;6404.0;10602.0;1691.0;2573.0;120.0;-506.0;512.0;-1964.0;ACETIC_ACID
2899.0;4716.0;7520.0;11729.0;1798.0;2657.0;2223.0;3836.0;6478.0;10734.0;1712.0;2586.0;138.0;-517.0;516.0;-1985.0;ACETIC_ACID
2881.0;4682.0;7481.0;11791.0;1806.0;2657.0;2222.0;3841.0;6468.0;10634.0;1700.0;2577.0;121.0;-518.0;487.0;-1986.0;ACETIC_ACID
2861.0;4678.0;7499.0;11766.0;1807.0;2658.0;2215.0;3833.0;6488.0;10693.0;1704.0;2583.0;127.0;-519.0;542.0;-2042.0;ACETIC_ACID
2900.0;4720.0;7542.0;11820.0;1814.0;2680.0;2250.0;3877.0;6551.0;10773.0;1714.0;2598.0;136.0;-539.0;569.0;-2072.0;ACETIC_ACID
2929.0;4776.0;7609.0;11857.0;1816.0;2669.0;2266.0;3918.0;6592.0;10851.0;1719.0;2602.0;150.0;-539.0;570.0;-2072.0;ACETIC_ACID
2936.0;4786.0;7608.0;11907.0;1826.0;2685.0;2237.0;3877.0;6550.0;10806.0;1719.0;2606.0;141.0;-539.0;554.0;-2072.0;ACETIC_ACID
2944.0;4801.0;7619.0;11923.0;1818.0;2684.0;2232.0;3857.0;6516.0;10749.0;1716.0;2601.0;136.0;-538.0;532.0;-2065.0;ACETIC_ACID
2897.0;4736.0;7575.0;11866.0;1818.0;2672.0;2239.0;3874.0;6535.0;10780.0;1713.0;2597.0;137.0;-527.0;528.0;-2031.0;ACETIC_ACID
2914.0;4766.0;7589.0;11850.0;1820.0;2683.0;2252.0;3905.0;6607.0;10843.0;1717.0;2604.0;130.0;-526.0;534.0;-2019.0;ACETIC_ACID
2929.0;4767.0;7629.0;11885.0;1822.0;2669.0;2242.0;3881.0;6556.0;10739.0;1714.0;2590.0;127.0;-517.0;516.0;-2006.0;ACETIC_ACID
2899.0;4744.0;7575.0;11860.0;1821.0;2677.0;2231.0;3863.0;6509.0;10738.0;1714.0;2593.0;117.0;-511.0;502.0;-1970.0;ACETIC_ACID
2903.0;4730.0;7559.0;11856.0;1820.0;2669.0;2211.0;3842.0;6491.0;10755.0;1712.0;2583.0;122.0;-511.0;498.0;-1969.0;ACETIC_ACID
2889.0;4696.0;7510.0;11816.0;1810.0;2667.0;2221.0;3851.0;6521.0;10788.0;1713.0;2593.0;120.0;-511.0;497.0;-1969.0;ACETIC_ACID
2904.0;4726.0;7558.0;11819.0;1813.0;2668.0;2219.0;3819.0;6466.0;10700.0;1705.0;2576.0;132.0;-511.0;504.0;-1970.0;ACETIC_ACID
2898.0;4730.0;7558.0;11820.0;1811.0;2664.0;2257.0;3895.0;6566.0;10761.0;1709.0;2593.0;133.0;-515.0;524.0;-2005.0;ACETIC_ACID
2918.0;4756.0;7586.0;11895.0;1822.0;2668.0;2240.0;3885.0;6563.0;10769.0;1714.0;2598.0;134.0;-515.0;536.0;-2005.0;ACETIC_ACID
2934.0;4786.0;7638.0;11912.0;1827.0;2681.0;2227.0;3871.0;6552.0;10772.0;1717.0;2603.0;132.0;-518.0;507.0;-2015.0;ACETIC_ACID
2914.0;4753.0;7572.0;11872.0;1817.0;2670.0;2207.0;3830.0;6443.0;10632.0;1697.0;2577.0;131.0;-523.0;498.0;-2015.0;ACETIC_ACID
2881.0;4709.0;7512.0;11787.0;1809.0;2659.0;2203.0;3812.0;6448.0;10641.0;1699.0;2567.0;132.0;-516.0;525.0;-2005.0;ACETIC_ACID
2860.0;4687.0;7484.0;11771.0;1807.0;2659.0;2201.0;3826.0;6458.0;10670.0;1702.0;2580.0;120.0;-519.0;506.0;-2012.0;ACETIC_ACID
2891.0;4724.0;7553.0;11823.0;1809.0;2659.0;2199.0;3839.0;6490.0;10663.0;1703.0;2593.0;132.0;-523.0;515.0;-2012.0;ACETIC_ACID
2902.0;4721.0;7518.0;11815.0;1811.0;2661.0;2215.0;3852.0;6517.0;10698.0;1710.0;2584.0;129.0;-519.0;520.0;-1993.0;ACETIC_ACID
2925.0;4774.0;7605.0;11890.0;1818.0;2667.0;2233.0;3869.0;6538.0;10757.0;1713.0;2592.0;121.0;-516.0;501.0;-1991.0;ACETIC_ACID
2923.0;4751.0;7574.0;11885.0;1817.0;2669.0;2235.0;3871.0;6531.0;10783.0;1715.0;2597.0;130.0;-519.0;501.0;-1991.0;ACETIC_ACID
2899.0;4725.0;7540.0;11825.0;1813.0;2663.0;2217.0;3843.0;6519.0;10699.0;1713.0;2588.0;127.0;-515.0;506.0;-1989.0;ACETIC_ACID
2908.0;4745.0;7574.0;11850.0;1818.0;2668.0;2220.0;3857.0;6518.0;10744.0;1707.0;2586.0;124.0;-515.0;507.0;-1989.0;ACETIC_ACID
2915.0;4758.0;7578.0;11887.0;1817.0;2670.0;2228.0;3874.0;6542.0;10773.0;1710.0;2590.0;117.0;-515.0;505.0;-1991.0;ACETIC_ACID
2883.0;4726.0;7547.0;11843.0;1817.0;2668.0;2234.0;3888.0;6548.0;10832.0;1714.0;2609.0;123.0;-520.0;508.0;-2010.0;ACETIC_ACID
2927.0;4793.0;7634.0;11937.0;1826.0;2677.0;2271.0;3912.0;6605.0;10832.0;1720.0;2602.0;135.0;-520.0;510.0;-2010.0;ACETIC_ACID
2914.0;4768.0;7598.0;11957.0;1826.0;2682.0;2239.0;3871.0;6565.0;10858.0;1726.0;2604.0;129.0;-520.0;518.0;-2010.0;ACETIC_ACID
2956.0;4798.0;7669.0;11994.0;1841.0;2703.0;2254.0;3922.0;6587.0;10881.0;1731.0;2628.0;131.0;-524.0;515.0;-2021.0;ACETIC_ACID
2964.0;4820.0;7680.0;12035.0;1833.0;2696.0;2261.0;3912.0;6595.0;10913.0;1736.0;2625.0;132.0;-525.0;511.0;-2038.0;ACETIC_ACID
2931.0;4791.0;7660.0;12019.0;1834.0;2699.0;2275.0;3937.0;6634.0;10948.0;1737.0;2628.0;127.0;-528.0;522.0;-2039.0;ACETIC_ACID
2971.0;4833.0;7706.0;12072.0;1846.0;2704.0;2255.0;3897.0;6590.0;10852.0;1733.0;2626.0;133.0;-525.0;523.0;-2038.0;ACETIC_ACID
2949.0;4831.0;7651.0;11969.0;1837.0;2696.0;2259.0;3921.0;6623.0;10903.0;1735.0;2621.0;131.0;-525.0;522.0;-2038.0;ACETIC_ACID
2930.0;4802.0;7676.0;12013.0;1834.0;2691.0;2250.0;3876.0;6574.0;10823.0;1724.0;2605.0;133.0;-525.0;497.0;-2039.0;ACETIC_ACID
2905.0;4740.0;7602.0;11934.0;1831.0;2680.0;2237.0;3884.0;6570.0;10868.0;1726.0;2605.0;123.0;-527.0;498.0;-2031.0;ACETIC_ACID
2912.0;4756.0;7596.0;11863.0;1825.0;2691.0;2238.0;3892.0;6590.0;10861.0;1726.0;2614.0;131.0;-527.0;522.0;-2031.0;ACETIC_ACID
2924.0;4750.0;7602.0;11962.0;1832.0;2692.0;2249.0;3882.0;6586.0;10835.0;1724.0;2612.0;129.0;-528.0;522.0;-2045.0;ACETIC_ACID
2931.0;4769.0;7643.0;11976.0;1834.0;2694.0;2272.0;3948.0;6651.0;10910.0;1740.0;2629.0;135.0;-533.0;526.0;-2052.0;ACETIC_ACID
2952.0;4800.0;7652.0;12004.0;1835.0;2704.0;2249.0;3900.0;6594.0;10902.0;1738.0;2631.0;133.0;-533.0;544.0;-2052.0;ACETIC_ACID
2979.0;4831.0;7709.0;12048.0;1848.0;2714.0;2271.0;3927.0;6626.0;10914.0;1737.0;2630.0;151.0;-534.0;537.0;-2052.0;ACETIC_ACID
2966.0;4829.0;7728.0;12065.0;1846.0;2709.0;2265.0;3910.0;6611.0;10919.0;1732.0;2636.0;151.0;-534.0;522.0;-2052.0;ACETIC_ACID
2948.0;4821.0;7689.0;12055.0;1846.0;2712.0;2256.0;3912.0;6607.0;10921.0;1738.0;2629.0;135.0;-528.0;534.0;-2030.0;ACETIC_ACID
2950.0;4817.0;7689.0;12063.0;1842.0;2705.0;2272.0;3924.0;6632.0;10940.0;1734.0;2630.0;125.0;-526.0;511.0;-2025.0;ACETIC_ACID
2956.0;4810.0;7672.0;12018.0;1841.0;2705.0;2271.0;3914.0;6632.0;10897.0;1733.0;2620.0;138.0;-525.0;522.0;-2025.0;ACETIC_ACID
2954.0;4809.0;7709.0;12018.0;1835.0;2698.0;2256.0;3898.0;6592.0;10870.0;1729.0;2613.0;127.0;-525.0;499.0;-2025.0;ACETIC_ACID
2914.0;4768.0;7652.0;11952.0;1835.0;2690.0;2254.0;3899.0;6593.0;10873.0;1726.0;2606.0;125.0;-525.0;511.0;-2030.0;ACETIC_ACID
2937.0;4796.0;7647.0;11973.0;1833.0;2687.0;2265.0;3908.0;6618.0;10905.0;1732.0;2624.0;131.0;-529.0;516.0;-2043.0;ACETIC_ACID
2947.0;4820.0;7685.0;12052.0;1841.0;2717.0;2271.0;3939.0;6654.0;10981.0;1744.0;2637.0;139.0;-529.0;541.0;-2043.0;ACETIC_ACID
2960.0;4823.0;7676.0;12091.0;1852.0;2719.0;2281.0;3965.0;6653.0;11017.0;1745.0;2646.0;124.0;-531.0;518.0;-2045.0;ACETIC_ACID
2926.0;4795.0;7662.0;12037.0;1849.0;2708.0;2232.0;3875.0;6558.0;10820.0;1729.0;2612.0;123.0;-533.0;516.0;-2067.0;ACETIC_ACID
2938.0;4796.0;7648.0;11995.0;1833.0;2694.0;2266.0;3929.0;6610.0;10915.0;1738.0;2624.0;134.0;-540.0;533.0;-2078.0;ACETIC_ACID
2971.0;4825.0;7689.0;12054.0;1834.0;2713.0;2275.0;3964.0;6681.0;11067.0;1750.0;2642.0;135.0;-540.0;555.0;-2078.0;ACETIC_ACID
2976.0;4836.0;7724.0;12068.0;1857.0;2730.0;2292.0;3975.0;6700.0;11033.0;1753.0;2650.0;146.0;-540.0;548.0;-2078.0;ACETIC_ACID
2992.0;4885.0;7788.0;12149.0;1852.0;2719.0;2316.0;3986.0;6709.0;11081.0;1751.0;2624.0;135.0;-538.0;533.0;-2074.0;ACETIC_ACID
2964.0;4837.0;7737.0;12078.0;1847.0;2714.0;2279.0;3940.0;6652.0;10965.0;1744.0;2638.0;125.0;-534.0;500.0;-2074.0;ACETIC_ACID
2926.0;4804.0;7671.0;12090.0;1844.0;2709.0;2273.0;3925.0;6638.0;10934.0;1739.0;2641.0;138.0;-534.0;531.0;-2070.0;ACETIC_ACID
2959.0;4844.0;7706.0;12093.0;1851.0;2711.0;2263.0;3917.0;6625.0;10954.0;1743.0;2629.0;131.0;-533.0;510.0;-2054.0;ACETIC_ACID
2913.0;4769.0;7660.0;12039.0;1851.0;2711.0;2254.0;3927.0;6644.0;10940.0;1740.0;2633.0;129.0;-534.0;524.0;-2070.0;ACETIC_ACID
2938.0;4822.0;7703.0;12098.0;1847.0;2718.0;2279.0;3945.0;6662.0;10974.0;1740.0;2629.0;131.0;-539.0;520.0;-2070.0;ACETIC_ACID
2955.0;4832.0;7693.0;12075.0;1850.0;2716.0;2279.0;3940.0;6649.0;10989.0;1752.0;2643.0;128.0;-540.0;539.0;-2072.0;ACETIC_ACID
2976.0;4847.0;7736.0;12144.0;1859.0;2731.0;2283.0;3966.0;6715.0;11057.0;1757.0;2656.0;144.0;-546.0;559.0;-2095.0;ACETIC_ACID
3002.0;4889.0;7764.0;12196.0;1858.0;2736.0;2312.0;4017.0;6761.0;11130.0;1766.0;2668.0;132.0;-548.0;538.0;-2111.0;ACETIC_ACID
2987.0;4880.0;7792.0;12173.0;1864.0;2733.0;2289.0;3951.0;6671.0;11053.0;1760.0;2654.0;133.0;-548.0;528.0;-2111.0;ACETIC_ACID
3000.0;4904.0;7802.0;12186.0;1860.0;2737.0;2284.0;3941.0;6694.0;10997.0;1752.0;2655.0;149.0;-546.0;546.0;-2095.0;ACETIC_ACID
2992.0;4884.0;7796.0;12187.0;1858.0;2720.0;2277.0;3934.0;6657.0;10995.0;1749.0;2643.0;127.0;-543.0;537.0;-2082.0;ACETIC_ACID
2978.0;4844.0;7733.0;12145.0;1859.0;2719.0;2285.0;3950.0;6667.0;10942.0;1748.0;2647.0;132.0;-537.0;525.0;-2081.0;ACETIC_ACID
2977.0;4863.0;7753.0;12140.0;1851.0;2719.0;2287.0;3932.0;6661.0;10999.0;1750.0;2639.0;127.0;-523.0;507.0;-2026.0;ACETIC_ACID
2969.0;4839.0;7739.0;12126.0;1858.0;2718.0;2255.0;3906.0;6610.0;10902.0;1734.0;2630.0;110.0;-522.0;477.0;-2026.0;ACETIC_ACID
2919.0;4772.0;7619.0;12024.0;1845.0;2707.0;2240.0;3889.0;6592.0;10875.0;1738.0;2636.0;118.0;-522.0;485.0;-2023.0;ACETIC_ACID
2940.0;4812.0;7705.0;12102.0;1846.0;2720.0;2273.0;3929.0;6626.0;10948.0;1739.0;2641.0;133.0;-518.0;527.0;-1992.0;ACETIC_ACID
2970.0;4843.0;7733.0;12109.0;1848.0;2713.0;2306.0;3987.0;6705.0;11056.0;1753.0;2639.0;119.0;-522.0;506.0;-2023.0;ACETIC_ACID
2922.0;4790.0;7662.0;12029.0;1851.0;2724.0;2259.0;3919.0;6612.0;10912.0;1746.0;2641.0;137.0;-528.0;508.0;-2042.0;ACETIC_ACID
2908.0;4746.0;7640.0;12025.0;1850.0;2720.0;2292.0;3968.0;6676.0;10989.0;1755.0;2641.0;122.0;-531.0;512.0;-2060.0;ACETIC_ACID
2964.0;4850.0;7759.0;12110.0;1859.0;2724.0;2275.0;3940.0;6673.0;11022.0;1754.0;2654.0;151.0;-531.0;583.0;-2060.0;ACETIC_ACID
2997.0;4879.0;7789.0;12197.0;1858.0;2730.0;2298.0;3961.0;6708.0;11083.0;1758.0;2661.0;144.0;-531.0;538.0;-2060.0;ACETIC_ACID
2960.0;4852.0;7747.0;12186.0;1863.0;2733.0;2293.0;3970.0;6704.0;11041.0;1761.0;2652.0;129.0;-537.0;513.0;-2069.0;ACETIC_ACID
2946.0;4832.0;7736.0;12110.0;1859.0;2729.0;2247.0;3908.0;6637.0;10935.0;1741.0;2645.0;133.0;-537.0;501.0;-2069.0;ACETIC_ACID
2924.0;4803.0;7665.0;12092.0;1855.0;2730.0;2305.0;3981.0;6713.0;11084.0;1760.0;2658.0;131.0;-533.0;523.0;-2069.0;ACETIC_ACID
2972.0;4856.0;7764.0;12175.0;1871.0;2742.0;2313.0;3996.0;6755.0;11130.0;1763.0;2674.0;145.0;-537.0;541.0;-2069.0;ACETIC_ACID
2981.0;4875.0;7801.0;12231.0;1866.0;2731.0;2289.0;3964.0;6698.0;11049.0;1750.0;2650.0;131.0;-537.0;509.0;-2069.0;ACETIC_ACID
2978.0;4869.0;7740.0;12172.0;1863.0;2739.0;2278.0;3943.0;6670.0;11048.0;1756.0;2662.0;134.0;-543.0;530.0;-2075.0;ACETIC_ACID
2988.0;4881.0;7780.0;12233.0;1864.0;2738.0;2288.0;3957.0;6683.0;11001.0;1751.0;2653.0;128.0;-533.0;507.0;-2069.0;ACETIC_ACID
2974.0;4862.0;7743.0;12139.0;1863.0;2740.0;2324.0;4020.0;6731.0;11088.0;1763.0;2665.0;138.0;-529.0;528.0;-2041.0;ACETIC_ACID
2961.0;4839.0;7763.0;12175.0;1866.0;2741.0;2309.0;3975.0;6719.0;11095.0;1765.0;2661.0;131.0;-529.0;511.0;-2041.0;ACETIC_ACID
2954.0;4844.0;7736.0;12150.0;1857.0;2731.0;2297.0;3969.0;6705.0;11083.0;1755.0;2662.0;128.0;-528.0;511.0;-2041.0;ACETIC_ACID
2968.0;4837.0;7765.0;12116.0;1867.0;2741.0;2294.0;3966.0;6695.0;11054.0;1753.0;2651.0;129.0;-528.0;523.0;-2041.0;ACETIC_ACID
2956.0;4835.0;7750.0;12169.0;1861.0;2722.0;2286.0;3945.0;6683.0;10948.0;1745.0;2645.0;130.0;-533.0;510.0;-2056.0;ACETIC_ACID
2977.0;4846.0;7729.0;12133.0;1858.0;2724.0;2281.0;3956.0;6686.0;10984.0;1747.0;2648.0;134.0;-533.0;511.0;-2056.0;ACETIC_ACID
2970.0;4835.0;7754.0;12147.0;1859.0;2725.0;2284.0;3962.0;6695.0;11033.0;1755.0;2648.0;139.0;-533.0;527.0;-2056.0;ACETIC_ACID
2999.0;4896.0;7799.0;12172.0;1862.0;2680.0;2109.0;3887.0;6635.0;10775.0;1686.0;2490.0;121.0;-536.0;500.0;-2068.0;ACETIC_ACID
2732.0;4418.0;7022.0;10965.0;1686.0;2501.0;2081.0;3617.0;6138.0;10102.0;1615.0;2450.0;144.0;-538.0;544.0;-2079.0;ACETIC_ACID
2838.0;4627.0;7342.0;11498.0;1758.0;2578.0;2153.0;3726.0;6315.0;10378.0;1654.0;2509.0;136.0;-539.0;518.0;-2083.0;ACETIC_ACID
2852.0;4665.0;7425.0;11652.0;1782.0;2618.0;2191.0;3804.0;6424.0;10597.0;1691.0;2563.0;128.0;-539.0;530.0;-2083.0;ACETIC_ACID
2895.0;4737.0;7551.0;11797.0;1805.0;2656.0;2230.0;3856.0;6530.0;10769.0;1706.0;2577.0;137.0;-536.0;525.0;-2079.0;ACETIC_ACID
2905.0;4760.0;7599.0;11935.0;1825.0;2665.0;2212.0;3832.0;6515.0;10722.0;1703.0;2587.0;127.0;-536.0;495.0;-2067.0;ACETIC_ACID
2885.0;4700.0;7540.0;11831.0;1817.0;2664.0;2230.0;3866.0;6543.0;10801.0;1710.0;2586.0;128.0;-529.0;523.0;-2051.0;ACETIC_ACID
2939.0;4796.0;7632.0;11961.0;1822.0;2672.0;2228.0;3859.0;6531.0;10775.0;1715.0;2605.0;136.0;-529.0;504.0;-2051.0;ACETIC_ACID
2921.0;4780.0;7645.0;12009.0;1835.0;2690.0;2246.0;3890.0;6581.0;10789.0;1723.0;2600.0;128.0;-536.0;511.0;-2067.0;ACETIC_ACID
2926.0;4775.0;7635.0;12004.0;1830.0;2680.0;2236.0;3865.0;6536.0;10794.0;1710.0;2602.0;137.0;-536.0;518.0;-2054.0;ACETIC_ACID
2926.0;4791.0;7673.0;12037.0;1834.0;2697.0;2274.0;3951.0;6646.0;10932.0;1735.0;2617.0;125.0;-537.0;515.0;-2068.0;ACETIC_ACID
2937.0;4798.0;7683.0;12057.0;1843.0;2706.0;2250.0;3906.0;6598.0;10903.0;1734.0;2632.0;137.0;-538.0;518.0;-2073.0;ACETIC_ACID
2946.0;4816.0;7710.0;12064.0;1852.0;2713.0;2256.0;3927.0;6633.0;10935.0;1742.0;2632.0;131.0;-543.0;528.0;-2093.0;ACETIC_ACID
2970.0;4823.0;7750.0;12118.0;1851.0;2722.0;2292.0;3989.0;6712.0;11065.0;1761.0;2657.0;143.0;-548.0;561.0;-2151.0;ACETIC_ACID
3006.0;4898.0;7809.0;12253.0;1873.0;2744.0;2306.0;3999.0;6759.0;11098.0;1772.0;2675.0;129.0;-554.0;538.0;-2151.0;ACETIC_ACID
2995.0;4895.0;7843.0;12299.0;1868.0;2735.0;2283.0;3967.0;6695.0;11015.0;1761.0;2665.0;142.0;-554.0;552.0;-2151.0;ACETIC_ACID
3006.0;4900.0;7826.0;12202.0;1873.0;2738.0;2312.0;3996.0;6749.0;11075.0;1761.0;2665.0;137.0;-548.0;540.0;-2130.0;ACETIC_ACID
3016.0;4928.0;7872.0;12305.0;1881.0;2749.0;2292.0;3985.0;6713.0;11083.0;1763.0;2667.0;131.0;-546.0;529.0;-2108.0;ACETIC_ACID
2985.0;4878.0;7806.0;12191.0;1876.0;2745.0;2302.0;3991.0;6726.0;11080.0;1764.0;2669.0;126.0;-546.0;523.0;-2108.0;ACETIC_ACID
3020.0;4944.0;7881.0;12330.0;1886.0;2751.0;2292.0;3988.0;6735.0;11094.0;1765.0;2659.0;140.0;-546.0;527.0;-2108.0;ACETIC_ACID
3001.0;4922.0;7862.0;12279.0;1879.0;2752.0;2307.0;3989.0;6731.0;11148.0;1761.0;2667.0;133.0;-553.0;533.0;-2138.0;ACETIC_ACID
3008.0;4922.0;7836.0;12351.0;1884.0;2759.0;2329.0;4049.0;6819.0;11240.0;1781.0;2681.0;146.0;-564.0;559.0;-2169.0;ACETIC_ACID
3021.0;4935.0;7868.0;12297.0;1879.0;2763.0;2310.0;4008.0;6761.0;11136.0;1774.0;2675.0;148.0;-564.0;572.0;-2200.0;ACETIC_ACID
3015.0;4917.0;7859.0;12277.0;1880.0;2757.0;2325.0;4016.0;6772.0;11133.0;1765.0;2678.0;152.0;-565.0;572.0;-2202.0;ACETIC_ACID
3052.0;4956.0;7878.0;12349.0;1885.0;2753.0;2330.0;4026.0;6778.0;11164.0;1774.0;2677.0;146.0;-565.0;582.0;-2202.0;ACETIC_ACID
3046.0;4960.0;7868.0;12268.0;1881.0;2759.0;2340.0;4062.0;6865.0;11250.0;1782.0;2686.0;141.0;-576.0;562.0;-2219.0;ACETIC_ACID
3053.0;4984.0;7907.0;12361.0;1892.0;2764.0;2326.0;4053.0;6827.0;11190.0;1771.0;2678.0;138.0;-576.0;553.0;-2202.0;ACETIC_ACID
3021.0;4941.0;7907.0;12313.0;1886.0;2752.0;2320.0;4001.0;6772.0;11129.0;1775.0;2678.0;138.0;-563.0;565.0;-2172.0;ACETIC_ACID
3031.0;4954.0;7930.0;12367.0;1881.0;2754.0;2324.0;4017.0;6769.0;11148.0;1775.0;2684.0;143.0;-563.0;565.0;-2172.0;ACETIC_ACID
3015.0;4924.0;7880.0;12321.0;1887.0;2767.0;2334.0;4041.0;6809.0;11178.0;1782.0;2678.0;144.0;-564.0;550.0;-2172.0;ACETIC_ACID
3028.0;4943.0;7902.0;12336.0;1881.0;2769.0;2329.0;4024.0;6803.0;11171.0;1772.0;2686.0;140.0;-564.0;553.0;-2172.0;ACETIC_ACID
3044.0;4959.0;7933.0;12370.0;1891.0;2770.0;2359.0;4064.0;6843.0;11233.0;1783.0;2692.0;133.0;-567.0;557.0;-2186.0;ACETIC_ACID
3013.0;4927.0;7879.0;12336.0;1894.0;2770.0;2338.0;4045.0;6831.0;11216.0;1778.0;2693.0;150.0;-567.0;572.0;-2186.0;ACETIC_ACID
3012.0;4923.0;7890.0;12373.0;1890.0;2768.0;2305.0;4019.0;6808.0;11225.0;1782.0;2690.0;139.0;-564.0;543.0;-2163.0;ACETIC_ACID
2992.0;4916.0;7881.0;12298.0;1890.0;2761.0;2294.0;3964.0;6703.0;11061.0;1759.0;2653.0;138.0;-543.0;528.0;-2098.0;ACETIC_ACID
2969.0;4865.0;7780.0;12223.0;1876.0;2741.0;2291.0;3975.0;6717.0;11056.0;1760.0;2647.0;134.0;-543.0;518.0;-2098.0;ACETIC_ACID
2951.0;4848.0;7756.0;12138.0;1867.0;2750.0;2283.0;3973.0;6734.0;11074.0;1762.0;2666.0;131.0;-540.0;503.0;-2087.0;ACETIC_ACID
2978.0;4875.0;7785.0;12258.0;1873.0;2752.0;2306.0;3997.0;6782.0;11154.0;1768.0;2684.0;129.0;-540.0;518.0;-2072.0;ACETIC_ACID
3009.0;4916.0;7855.0;12327.0;1881.0;2756.0;2308.0;3988.0;6754.0;11153.0;1769.0;2675.0;129.0;-540.0;519.0;-2087.0;ACETIC_ACID
3002.0;4906.0;7856.0;12334.0;1882.0;2763.0;2285.0;3975.0;6729.0;11094.0;1764.0;2672.0;123.0;-546.0;516.0;-2091.0;ACETIC_ACID
2988.0;4894.0;7839.0;12260.0;1878.0;2767.0;2301.0;3997.0;6758.0;11136.0;1774.0;2676.0;125.0;-546.0;516.0;-2091.0;ACETIC_ACID
3000.0;4912.0;7854.0;12320.0;1882.0;2761.0;2312.0;4024.0;6781.0;11217.0;1783.0;2688.0;142.0;-546.0;559.0;-2110.0;ACETIC_ACID
2997.0;4917.0;7857.0;12341.0;1883.0;2763.0;2307.0;4008.0;6766.0;11167.0;1773.0;2682.0;151.0;-546.0;554.0;-2110.0;ACETIC_ACID
3021.0;4949.0;7905.0;12372.0;1887.0;2766.0;2300.0;3996.0;6738.0;11156.0;1778.0;2677.0;128.0;-544.0;518.0;-2123.0;ACETIC_ACID
2990.0;4884.0;7844.0;12309.0;1883.0;2764.0;2331.0;4034.0;6794.0;11174.0;1773.0;2677.0;129.0;-544.0;518.0;-2120.0;ACETIC_ACID
3010.0;4920.0;7854.0;12277.0;1889.0;2760.0;2296.0;3973.0;6720.0;11081.0;1770.0;2682.0;128.0;-544.0;527.0;-2120.0;ACETIC_ACID
2991.0;4905.0;7881.0;12353.0;1894.0;2772.0;2327.0;4029.0;6778.0;11193.0;1781.0;2680.0;129.0;-547.0;522.0;-2123.0;ACETIC_ACID
3017.0;4945.0;7881.0;12354.0;1899.0;2778.0;2311.0;3990.0;6761.0;11173.0;1779.0;2689.0;136.0;-553.0;543.0;-2152.0;ACETIC_ACID
3041.0;4970.0;7917.0;12437.0;1902.0;2779.0;2333.0;4037.0;6843.0;11264.0;1785.0;2706.0;147.0;-563.0;572.0;-2178.0;ACETIC_ACID
3059.0;5000.0;7973.0;12476.0;1902.0;2786.0;2350.0;4058.0;6831.0;11291.0;1790.0;2703.0;140.0;-563.0;548.0;-2178.0;ACETIC_ACID
3051.0;4983.0;7948.0;12463.0;1903.0;2774.0;2342.0;4046.0;6846.0;11254.0;1786.0;2701.0;136.0;-566.0;540.0;-2183.0;ACETIC_ACID
3036.0;4961.0;7920.0;12444.0;1907.0;2790.0;2332.0;4031.0;6820.0;11228.0;1780.0;2701.0;131.0;-566.0;541.0;-2183.0;ACETIC_ACID
3013.0;4940.0;7921.0;12428.0;1898.0;2801.0;2358.0;4096.0;6904.0;11382.0;1802.0;2722.0;150.0;-596.0;609.0;-2298.0;ACETIC_ACID
3070.0;5006.0;7977.0;12494.0;1906.0;2805.0;2367.0;4087.0;6909.0;11386.0;1800.0;2728.0;159.0;-602.0;600.0;-2308.0;ACETIC_ACID
3087.0;5037.0;8015.0;12502.0;1915.0;2813.0;2370.0;4114.0;6923.0;11405.0;1808.0;2733.0;148.0;-603.0;596.0;-2330.0;ACETIC_ACID
3096.0;5060.0;8056.0;12585.0;1918.0;2815.0;2380.0;4103.0;6937.0;11387.0;1811.0;2722.0;159.0;-602.0;622.0;-2308.0;ACETIC_ACID
3096.0;5060.0;8071.0;12630.0;1921.0;2820.0;2386.0;4117.0;6952.0;11411.0;1813.0;2731.0;169.0;-602.0;625.0;-2304.0;ACETIC_ACID
3082.0;5053.0;8076.0;12658.0;1924.0;2814.0;2399.0;4140.0;6962.0;11443.0;1810.0;2729.0;144.0;-602.0;585.0;-2304.0;ACETIC_ACID
3059.0;5012.0;7990.0;12574.0;1918.0;2805.0;2379.0;4114.0;6945.0;11433.0;1807.0;2715.0;150.0;-598.0;587.0;-2294.0;ACETIC_ACID
3071.0;5029.0;8017.0;12546.0;1926.0;2805.0;2349.0;4067.0;6849.0;11270.0;1801.0;2718.0;142.0;-588.0;573.0;-2276.0;ACETIC_ACID
3040.0;4964.0;7971.0;12536.0;1913.0;2811.0;2349.0;4081.0;6906.0;11321.0;1801.0;2725.0;149.0;-587.0;596.0;-2269.0;ACETIC_ACID
3083.0;5036.0;8045.0;12594.0;1920.0;2814.0;2366.0;4099.0;6919.0;11394.0;1811.0;2732.0;137.0;-587.0;568.0;-2258.0;ACETIC_ACID
3055.0;5019.0;8013.0;12557.0;1924.0;2815.0;2399.0;4140.0;6975.0;11457.0;1813.0;2736.0;150.0;-588.0;586.0;-2269.0;ACETIC_ACID
3055.0;5001.0;8021.0;12581.0;1914.0;2818.0;2376.0;4092.0;6919.0;11432.0;1812.0;2735.0;156.0;-588.0;576.0;-2269.0;ACETIC_ACID
3063.0;5031.0;8013.0;12562.0;1922.0;2808.0;2348.0;4086.0;6925.0;11372.0;1806.0;2729.0;154.0;-592.0;599.0;-2287.0;ACETIC_ACID
3079.0;5032.0;8043.0;12578.0;1922.0;2815.0;2379.0;4124.0;6958.0;11412.0;1813.0;2753.0;139.0;-604.0;600.0;-2323.0;ACETIC_ACID
3092.0;5043.0;8063.0;12618.0;1928.0;2825.0;2380.0;4121.0;6948.0;11392.0;1813.0;2740.0;148.0;-605.0;604.0;-2331.0;ACETIC_ACID
3073.0;5045.0;8066.0;12658.0;1929.0;2823.0;2387.0;4131.0;6978.0;11492.0;1825.0;2730.0;151.0;-605.0;616.0;-2331.0;ACETIC_ACID
3097.0;5048.0;8054.0;12595.0;1920.0;2820.0;2373.0;4122.0;6961.0;11413.0;1815.0;2742.0;154.0;-606.0;608.0;-2345.0;ACETIC_ACID
3067.0;5016.0;8036.0;12619.0;1929.0;2821.0;2376.0;4109.0;6939.0;11412.0;1811.0;2730.0;160.0;-613.0;588.0;-2349.0;ACETIC_ACID
3067.0;5019.0;8021.0;12572.0;1921.0;2813.0;2370.0;4100.0;6938.0;11414.0;1814.0;2738.0;150.0;-614.0;620.0;-2377.0;ACETIC_ACID
3100.0;5059.0;8089.0;12626.0;1928.0;2826.0;2392.0;4126.0;6961.0;11458.0;1822.0;2747.0;159.0;-615.0;631.0;-2377.0;ACETIC_ACID
3103.0;5057.0;8098.0;12614.0;1930.0;2830.0;2419.0;4175.0;7033.0;11567.0;1838.0;2759.0;173.0;-621.0;664.0;-2378.0;ACETIC_ACID
3135.0;5126.0;8129.0;12711.0;1939.0;2840.0;2377.0;4120.0;6968.0;11436.0;1813.0;2746.0;164.0;-623.0;622.0;-2410.0;ACETIC_ACID
3082.0;5044.0;8058.0;12631.0;1924.0;2828.0;2415.0;4179.0;7015.0;11546.0;1822.0;2747.0;156.0;-626.0;621.0;-2397.0;ACETIC_ACID
3095.0;5055.0;8072.0;12683.0;1933.0;2834.0;2408.0;4163.0;7002.0;11490.0;1826.0;2754.0;165.0;-623.0;641.0;-2383.0;ACETIC_ACID
3134.0;5126.0;8149.0;12732.0;1941.0;2833.0;2389.0;4148.0;6967.0;11516.0;1828.0;2748.0;157.0;-623.0;626.0;-2383.0;ACETIC_ACID
3134.0;5125.0;8168.0;12726.0;1941.0;2838.0;2415.0;4161.0;7001.0;11492.0;1830.0;2752.0;145.0;-619.0;612.0;-2383.0;ACETIC_ACID
3134.0;5126.0;8149.0;12732.0;1941.0;2833.0;2389.0;4148.0;6967.0;11516.0;1828.0;2748.0;157.0;-618.0;626.0;-2372.0;ACETIC_ACID
3117.0;5074.0;8124.0;12693.0;1936.0;2821.0;2387.0;4136.0;6934.0;11455.0;1826.0;2756.0;157.0;-611.0;610.0;-2318.0;ACETIC_ACID
3088.0;5082.0;8096.0;12658.0;1936.0;2836.0;2375.0;4097.0;6916.0;11382.0;1811.0;2733.0;149.0;-611.0;593.0;-2318.0;ACETIC_ACID
