OFFCHIP_SENSIMOX_SnAu_150_200.0_IN-PHASE;OFFCHIP_SENSIMOX_SnAu_200_200.0_IN-PHASE;OFFCHIP_SENSIMOX_SnAu_250_200.0_IN-PHASE;OFFCHIP_SENSIMOX_SnAu_300_200.0_IN-PHASE;OFFCHIP_SENSIMOX_SnAu_350_200.0_IN-PHASE;OFFCHIP_SENSIMOX_SnAu_400_200.0_IN-PHASE;OFFCHIP_SENSIMOX_SnAu_150_78125.0_IN-PHASE;OFFCHIP_SENSIMOX_SnAu_200_78125.0_IN-PHASE;OFFCHIP_SENSIMOX_SnAu_250_78125.0_IN-PHASE;OFFCHIP_SENSIMOX_SnAu_300_78125.0_IN-PHASE;OFFCHIP_SENSIMOX_SnAu_350_78125.0_IN-PHASE;OFFCHIP_SENSIMOX_SnAu_400_78125.0_IN-PHASE;ONCHIP_ALUMINUM_OXIDE_OUT4_IN-PHASE;ONCHIP_ALUMINUM_OXIDE_OUT4_QUADRATURE;ONCHIP_ALUMINUM_OXIDE_OUT7_IN-PHASE;ONCHIP_ALUMINUM_OXIDE_OUT7_QUADRATURE
140.0;250.0;410.0;690.0;113.0;172.0;140.0;240.0;390.0;690.0;114.0;174.0;-16.0;11.0;-36.0;41.0
230.0;390.0;620.0;1040.0;170.0;243.0;160.0;300.0;490.0;900.0;142.0;222.0;-16.0;9.0;-60.0;50.0
200.0;350.0;580.0;970.0;158.0;231.0;140.0;270.0;440.0;830.0;142.0;217.0;-21.0;13.0;-66.0;70.0
190.0;320.0;540.0;950.0;158.0;232.0;190.0;310.0;550.0;910.0;146.0;225.0;-22.0;23.0;-71.0;68.0
240.0;400.0;630.0;1130.0;180.0;255.0;180.0;340.0;550.0;980.0;156.0;238.0;-22.0;20.0;-86.0;88.0
200.0;320.0;560.0;960.0;157.0;221.0;150.0;250.0;430.0;780.0;130.0;197.0;-29.0;26.0;-112.0;116.0
150.0;260.0;420.0;740.0;121.0;177.0;130.0;230.0;370.0;690.0;104.0;159.0;-29.0;32.0;-112.0;123.0
140.0;230.0;370.0;640.0;99.0;154.0;90.0;150.0;270.0;540.0;82.0;125.0;-29.0;29.0;-118.0;116.0
120.0;210.0;340.0;590.0;101.0;146.0;100.0;160.0;280.0;510.0;87.0;133.0;-29.0;29.0;-120.0;114.0
100.0;180.0;320.0;500.0;84.0;127.0;80.0;110.0;200.0;380.0;73.0;102.0;-30.0;28.0;-133.0;146.0
90.0;160.0;250.0;450.0;75.0;113.0;80.0;150.0;230.0;400.0;58.0;96.0;-30.0;31.0;-133.0;157.0
-10.0;-10.0;-40.0;-20.0;-3.0;-4.0;-10.0;-20.0;-10.0;-40.0;0.0;-1.0;20.0;-6.0;21.0;4.0
0.0;10.0;0.0;10.0;1.0;2.0;-10.0;-10.0;0.0;-20.0;3.0;-1.0;20.0;-6.0;21.0;4.0
10.0;20.0;20.0;40.0;1.0;11.0;-10.0;-10.0;0.0;0.0;4.0;7.0;23.0;-5.0;29.0;4.0
20.0;20.0;20.0;40.0;9.0;21.0;0.0;-10.0;0.0;20.0;6.0;14.0;24.0;-5.0;21.0;4.0
70.0;130.0;220.0;360.0;59.0;90.0;50.0;110.0;150.0;330.0;52.0;92.0;-2.0;14.0;-39.0;47.0
100.0;190.0;310.0;510.0;84.0;138.0;60.0;150.0;230.0;420.0;70.0;123.0;-14.0;25.0;-72.0;75.0
90.0;170.0;290.0;470.0;78.0;128.0;70.0;140.0;250.0;430.0;71.0;116.0;-14.0;23.0;-72.0;84.0
60.0;120.0;200.0;400.0;67.0;118.0;50.0;110.0;210.0;380.0;69.0;108.0;-14.0;28.0;-72.0;73.0
40.0;100.0;160.0;320.0;57.0;95.0;40.0;90.0;170.0;330.0;57.0;82.0;-14.0;16.0;-59.0;59.0
10.0;40.0;70.0;100.0;18.0;28.0;30.0;40.0;50.0;150.0;22.0;33.0;-4.0;20.0;-24.0;20.0
100.0;190.0;330.0;540.0;92.0;145.0;90.0;150.0;250.0;510.0;85.0;146.0;-13.0;16.0;-27.0;16.0
100.0;190.0;300.0;510.0;81.0;133.0;90.0;150.0;250.0;470.0;82.0;130.0;-13.0;15.0;-27.0;24.0
240.0;400.0;740.0;1240.0;201.0;309.0;170.0;330.0;630.0;1160.0;197.0;312.0;-14.0;2.0;-24.0;17.0
290.0;490.0;880.0;1490.0;238.0;361.0;220.0;390.0;720.0;1290.0;224.0;363.0;-14.0;4.0;-32.0;15.0
250.0;440.0;800.0;1390.0;226.0;367.0;220.0;380.0;720.0;1320.0;224.0;370.0;-14.0;7.0;-32.0;31.0
300.0;510.0;910.0;1550.0;252.0;385.0;230.0;420.0;780.0;1430.0;228.0;363.0;-16.0;6.0;-32.0;43.0
270.0;470.0;830.0;1440.0;225.0;340.0;200.0;370.0;680.0;1220.0;206.0;324.0;-14.0;12.0;-41.0;48.0
240.0;410.0;740.0;1270.0;201.0;314.0;190.0;340.0;650.0;1130.0;187.0;292.0;-5.0;13.0;-41.0;68.0
200.0;350.0;650.0;1130.0;169.0;260.0;150.0;250.0;490.0;900.0;154.0;240.0;-5.0;15.0;-41.0;46.0
150.0;270.0;500.0;840.0;132.0;198.0;120.0;190.0;410.0;740.0;123.0;186.0;-9.0;8.0;-41.0;48.0
130.0;250.0;480.0;830.0;131.0;187.0;100.0;160.0;350.0;650.0;111.0;172.0;-6.0;8.0;-39.0;61.0
140.0;250.0;480.0;830.0;132.0;198.0;120.0;190.0;410.0;740.0;123.0;186.0;-9.0;5.0;-39.0;48.0
140.0;250.0;480.0;820.0;134.0;215.0;140.0;230.0;460.0;830.0;142.0;239.0;-9.0;6.0;-39.0;43.0
210.0;390.0;700.0;1250.0;209.0;332.0;200.0;390.0;730.0;1300.0;225.0;361.0;-9.0;5.0;-39.0;37.0
320.0;560.0;1020.0;1780.0;295.0;447.0;250.0;460.0;870.0;1620.0;274.0;467.0;-8.0;4.0;-40.0;46.0
360.0;640.0;1150.0;2040.0;342.0;538.0;330.0;570.0;1090.0;1930.0;329.0;542.0;-11.0;5.0;-41.0;47.0
430.0;770.0;1370.0;2400.0;398.0;616.0;360.0;660.0;1240.0;2210.0;379.0;615.0;-8.0;8.0;-41.0;50.0
510.0;890.0;1610.0;2800.0;460.0;721.0;420.0;740.0;1400.0;2570.0;443.0;729.0;-11.0;8.0;-52.0;60.0
560.0;1010.0;1800.0;3130.0;522.0;830.0;480.0;850.0;1600.0;2920.0;504.0;820.0;-11.0;8.0;-54.0;63.0
610.0;1070.0;1910.0;3350.0;558.0;884.0;550.0;990.0;1810.0;3230.0;543.0;880.0;-11.0;12.0;-55.0;59.0
640.0;1140.0;2020.0;3500.0;580.0;918.0;540.0;990.0;1810.0;3250.0;565.0;920.0;-15.0;16.0;-56.0;62.0
660.0;1180.0;2120.0;3670.0;605.0;963.0;570.0;1040.0;1920.0;3470.0;595.0;956.0;-15.0;17.0;-62.0;83.0
730.0;1300.0;2300.0;3990.0;653.0;1014.0;620.0;1130.0;2100.0;3730.0;633.0;997.0;-17.0;14.0;-62.0;87.0
780.0;1380.0;2440.0;4230.0;686.0;1058.0;660.0;1200.0;2170.0;3840.0;649.0;1038.0;-8.0;17.0;-75.0;84.0
820.0;1450.0;2560.0;4390.0;716.0;1101.0;710.0;1270.0;2320.0;4110.0;680.0;1079.0;-14.0;17.0;-75.0;98.0
820.0;1470.0;2600.0;4480.0;728.0;1133.0;730.0;1320.0;2390.0;4210.0;700.0;1109.0;-12.0;16.0;-77.0;98.0
840.0;1510.0;2660.0;4610.0;752.0;1160.0;750.0;1360.0;2430.0;4330.0;721.0;1141.0;-14.0;20.0;-86.0;99.0
890.0;1560.0;2760.0;4760.0;774.0;1200.0;780.0;1380.0;2530.0;4460.0;733.0;1166.0;-14.0;18.0;-86.0;113.0
920.0;1640.0;2870.0;4920.0;802.0;1227.0;760.0;1370.0;2530.0;4520.0;759.0;1204.0;-14.0;18.0;-90.0;120.0
930.0;1670.0;2910.0;4970.0;814.0;1245.0;790.0;1400.0;2570.0;4590.0;770.0;1215.0;-20.0;22.0;-93.0;125.0
930.0;1670.0;2920.0;5030.0;823.0;1262.0;800.0;1440.0;2640.0;4670.0;782.0;1231.0;-21.0;29.0;-98.0;126.0
900.0;1620.0;2850.0;4870.0;799.0;1235.0;800.0;1450.0;2670.0;4710.0;777.0;1233.0;-22.0;27.0;-105.0;126.0
960.0;1720.0;3020.0;5180.0;837.0;1272.0;800.0;1460.0;2650.0;4690.0;799.0;1258.0;-21.0;26.0;-114.0;141.0
1010.0;1790.0;3140.0;5360.0;864.0;1314.0;870.0;1570.0;2820.0;4970.0;827.0;1292.0;-22.0;38.0;-117.0;159.0
1010.0;1790.0;3160.0;5430.0;881.0;1344.0;900.0;1620.0;2910.0;5100.0;840.0;1314.0;-24.0;47.0;-124.0;158.0
1020.0;1830.0;3240.0;5650.0;919.0;1400.0;910.0;1650.0;2960.0;5190.0;870.0;1392.0;-22.0;35.0;-124.0;163.0
1130.0;2000.0;3550.0;6120.0;986.0;1499.0;1020.0;1820.0;3300.0;5720.0;942.0;1484.0;-23.0;39.0;-127.0;162.0
1180.0;2080.0;3670.0;6360.0;1040.0;1585.0;1050.0;1880.0;3400.0;5960.0;994.0;1561.0;-24.0;37.0;-130.0;163.0
1230.0;2200.0;3890.0;6710.0;1096.0;1647.0;1110.0;2010.0;3590.0;6320.0;1033.0;1625.0;-27.0;39.0;-131.0;171.0
1300.0;2310.0;4060.0;6980.0;1128.0;1718.0;1110.0;1990.0;3570.0;6350.0;1068.0;1673.0;-27.0;41.0;-134.0;170.0
1350.0;2390.0;4200.0;7150.0;1161.0;1737.0;1140.0;2030.0;3660.0;6510.0;1084.0;1704.0;-27.0;38.0;-135.0;174.0
1350.0;2400.0;4220.0;7200.0;1167.0;1764.0;1220.0;2170.0;3880.0;6770.0;1113.0;1726.0;-28.0;44.0;-136.0;179.0
1390.0;2460.0;4330.0;7390.0;1198.0;1803.0;1230.0;2200.0;3930.0;6900.0;1140.0;1764.0;-28.0;43.0;-147.0;179.0
1430.0;2540.0;4470.0;7630.0;1227.0;1846.0;1220.0;2190.0;3910.0;6930.0;1144.0;1786.0;-28.0;49.0;-148.0;191.0
1440.0;2540.0;4460.0;7640.0;1240.0;1858.0;1250.0;2250.0;4040.0;7070.0;1169.0;1805.0;-28.0;42.0;-152.0;194.0
1500.0;2650.0;4620.0;7930.0;1274.0;1894.0;1320.0;2320.0;4170.0;7260.0;1188.0;1847.0;-28.0;49.0;-152.0;199.0
1490.0;2640.0;4630.0;7940.0;1275.0;1914.0;1310.0;2330.0;4180.0;7280.0;1201.0;1864.0;-28.0;44.0;-152.0;193.0
1500.0;2650.0;4640.0;7870.0;1271.0;1915.0;1330.0;2380.0;4210.0;7320.0;1197.0;1864.0;-28.0;46.0;-153.0;202.0
1490.0;2630.0;4590.0;7850.0;1271.0;1907.0;1320.0;2350.0;4180.0;7240.0;1186.0;1852.0;-30.0;46.0;-153.0;203.0
1540.0;2690.0;4730.0;8070.0;1279.0;1917.0;1300.0;2310.0;4110.0;7160.0;1184.0;1844.0;-30.0;43.0;-160.0;204.0
1470.0;2600.0;4560.0;7770.0;1254.0;1893.0;1290.0;2310.0;4110.0;7220.0;1177.0;1820.0;-30.0;52.0;-160.0;209.0
1520.0;2660.0;4630.0;7890.0;1268.0;1885.0;1320.0;2340.0;4160.0;7150.0;1176.0;1820.0;-30.0;45.0;-160.0;206.0
1510.0;2650.0;4660.0;7860.0;1265.0;1891.0;1320.0;2320.0;4190.0;7290.0;1181.0;1827.0;-30.0;55.0;-156.0;215.0
1480.0;2620.0;4540.0;7760.0;1248.0;1878.0;1260.0;2270.0;4060.0;7060.0;1169.0;1818.0;-27.0;48.0;-154.0;210.0
1510.0;2650.0;4590.0;7790.0;1252.0;1879.0;1330.0;2340.0;4110.0;7200.0;1177.0;1818.0;-27.0;45.0;-153.0;209.0
1460.0;2580.0;4480.0;7600.0;1231.0;1856.0;1260.0;2240.0;3980.0;7020.0;1146.0;1793.0;-27.0;40.0;-153.0;213.0
1450.0;2550.0;4450.0;7590.0;1225.0;1839.0;1300.0;2300.0;4090.0;7060.0;1154.0;1786.0;-30.0;43.0;-153.0;215.0
1410.0;2510.0;4390.0;7540.0;1208.0;1827.0;1260.0;2260.0;4030.0;6980.0;1153.0;1786.0;-30.0;47.0;-158.0;210.0
1480.0;2620.0;4550.0;7750.0;1238.0;1837.0;1290.0;2280.0;4090.0;7010.0;1154.0;1798.0;-30.0;41.0;-159.0;217.0
1510.0;2660.0;4630.0;7840.0;1256.0;1878.0;1270.0;2260.0;4030.0;7090.0;1173.0;1821.0;-27.0;56.0;-159.0;219.0
1490.0;2630.0;4560.0;7760.0;1244.0;1870.0;1340.0;2370.0;4160.0;7220.0;1175.0;1822.0;-27.0;44.0;-159.0;213.0
1510.0;2660.0;4650.0;7890.0;1262.0;1895.0;1330.0;2370.0;4180.0;7230.0;1185.0;1841.0;-27.0;49.0;-159.0;219.0
1480.0;2620.0;4560.0;7770.0;1251.0;1875.0;1340.0;2370.0;4210.0;7290.0;1185.0;1829.0;-29.0;45.0;-160.0;221.0
1520.0;2680.0;4660.0;7960.0;1277.0;1894.0;1320.0;2320.0;4120.0;7200.0;1183.0;1839.0;-32.0;50.0;-166.0;217.0
1560.0;2730.0;4770.0;8070.0;1290.0;1917.0;1330.0;2320.0;4160.0;7280.0;1204.0;1852.0;-33.0;53.0;-166.0;229.0
1530.0;2700.0;4690.0;8030.0;1290.0;1925.0;1330.0;2340.0;4190.0;7330.0;1207.0;1862.0;-39.0;48.0;-170.0;229.0
1550.0;2730.0;4720.0;8010.0;1290.0;1927.0;1340.0;2370.0;4220.0;7370.0;1210.0;1862.0;-35.0;50.0;-166.0;232.0
1580.0;2780.0;4810.0;8200.0;1313.0;1953.0;1370.0;2390.0;4250.0;7430.0;1221.0;1881.0;-35.0;52.0;-170.0;222.0
1570.0;2760.0;4830.0;8180.0;1301.0;1951.0;1370.0;2420.0;4280.0;7430.0;1222.0;1887.0;-33.0;47.0;-164.0;235.0
1570.0;2740.0;4780.0;8110.0;1290.0;1934.0;1380.0;2450.0;4320.0;7400.0;1212.0;1880.0;-33.0;53.0;-167.0;233.0
1590.0;2790.0;4850.0;8280.0;1324.0;1960.0;1360.0;2400.0;4270.0;7460.0;1225.0;1897.0;-32.0;52.0;-167.0;231.0
1560.0;2770.0;4840.0;8210.0;1311.0;1954.0;1380.0;2420.0;4290.0;7490.0;1221.0;1882.0;-30.0;57.0;-168.0;241.0
1650.0;2870.0;4980.0;8410.0;1335.0;1980.0;1360.0;2450.0;4350.0;7570.0;1245.0;1918.0;-30.0;56.0;-168.0;234.0
1590.0;2800.0;4910.0;8320.0;1321.0;1963.0;1370.0;2420.0;4340.0;7490.0;1223.0;1906.0;-31.0;53.0;-168.0;242.0
1640.0;2850.0;4980.0;8440.0;1345.0;2000.0;1410.0;2470.0;4380.0;7640.0;1250.0;1913.0;-31.0;50.0;-176.0;245.0
1610.0;2860.0;4980.0;8440.0;1353.0;2008.0;1400.0;2500.0;4440.0;7690.0;1254.0;1941.0;-31.0;57.0;-180.0;239.0
1630.0;2890.0;5040.0;8500.0;1355.0;2004.0;1420.0;2520.0;4480.0;7810.0;1271.0;1957.0;-37.0;53.0;-183.0;240.0
1680.0;2930.0;5120.0;8610.0;1373.0;2029.0;1450.0;2550.0;4500.0;7790.0;1260.0;1952.0;-31.0;52.0;-180.0;248.0
1670.0;2930.0;5060.0;8590.0;1373.0;2033.0;1440.0;2530.0;4450.0;7740.0;1270.0;1964.0;-31.0;55.0;-180.0;243.0
1710.0;2980.0;5170.0;8750.0;1392.0;2051.0;1440.0;2550.0;4520.0;7780.0;1284.0;1986.0;-37.0;48.0;-179.0;243.0
1690.0;2980.0;5170.0;8750.0;1387.0;2064.0;1440.0;2550.0;4530.0;7850.0;1293.0;1997.0;-36.0;53.0;-179.0;242.0
1700.0;2980.0;5150.0;8750.0;1393.0;2071.0;1450.0;2580.0;4600.0;7970.0;1294.0;2005.0;-36.0;45.0;-179.0;250.0
1670.0;2940.0;5070.0;8640.0;1381.0;2054.0;1490.0;2610.0;4610.0;7950.0;1303.0;2000.0;-39.0;53.0;-181.0;245.0
1700.0;3010.0;5210.0;8810.0;1401.0;2084.0;1450.0;2610.0;4600.0;7990.0;1308.0;2007.0;-41.0;55.0;-181.0;241.0
1690.0;2950.0;5140.0;8740.0;1400.0;2074.0;1500.0;2650.0;4650.0;8010.0;1310.0;2013.0;-39.0;57.0;-181.0;242.0
1700.0;2990.0;5200.0;8760.0;1392.0;2086.0;1460.0;2570.0;4600.0;7950.0;1298.0;2011.0;-39.0;59.0;-183.0;247.0
1730.0;3040.0;5240.0;8920.0;1420.0;2091.0;1460.0;2580.0;4610.0;8040.0;1316.0;2014.0;-39.0;48.0;-185.0;247.0
1730.0;3050.0;5320.0;8990.0;1432.0;2108.0;1490.0;2640.0;4670.0;8060.0;1319.0;2030.0;-36.0;55.0;-185.0;251.0
1730.0;3030.0;5280.0;8870.0;1419.0;2101.0;1490.0;2630.0;4680.0;8050.0;1322.0;2046.0;-36.0;51.0;-187.0;250.0
1760.0;3060.0;5290.0;8980.0;1432.0;2120.0;1530.0;2740.0;4760.0;8240.0;1335.0;2046.0;-35.0;57.0;-185.0;247.0
1810.0;3170.0;5480.0;9130.0;1456.0;2143.0;1580.0;2750.0;4800.0;8250.0;1346.0;2070.0;-36.0;55.0;-182.0;244.0
1700.0;2980.0;5160.0;8730.0;1406.0;2092.0;1510.0;2680.0;4670.0;8090.0;1317.0;2034.0;-35.0;50.0;-182.0;256.0
1740.0;3030.0;5260.0;8900.0;1419.0;2100.0;1560.0;2740.0;4790.0;8220.0;1335.0;2041.0;-41.0;54.0;-185.0;250.0
1780.0;3110.0;5410.0;9070.0;1453.0;2138.0;1590.0;2800.0;4920.0;8350.0;1352.0;2069.0;-38.0;54.0;-185.0;247.0
1760.0;3090.0;5350.0;9020.0;1438.0;2132.0;1580.0;2770.0;4880.0;8340.0;1355.0;2062.0;-38.0;57.0;-185.0;251.0
1810.0;3150.0;5460.0;9180.0;1463.0;2154.0;1570.0;2790.0;4880.0;8440.0;1366.0;2088.0;-36.0;49.0;-186.0;255.0
1800.0;3140.0;5440.0;9230.0;1464.0;2157.0;1570.0;2740.0;4870.0;8360.0;1367.0;2090.0;-38.0;58.0;-186.0;255.0
1840.0;3210.0;5520.0;9330.0;1481.0;2179.0;1610.0;2830.0;4990.0;8590.0;1377.0;2113.0;-38.0;55.0;-186.0;243.0
1830.0;3190.0;5540.0;9330.0;1487.0;2178.0;1640.0;2860.0;5000.0;8540.0;1382.0;2103.0;-36.0;60.0;-185.0;251.0
1830.0;3200.0;5500.0;9330.0;1480.0;2183.0;1570.0;2760.0;4880.0;8370.0;1376.0;2111.0;-36.0;52.0;-184.0;263.0
1780.0;3090.0;5370.0;9100.0;1451.0;2162.0;1600.0;2800.0;4890.0;8470.0;1372.0;2095.0;-34.0;64.0;-182.0;256.0
1860.0;3240.0;5600.0;9420.0;1505.0;2204.0;1640.0;2870.0;5060.0;8620.0;1389.0;2131.0;-34.0;57.0;-184.0;260.0
1870.0;3260.0;5640.0;9510.0;1504.0;2211.0;1650.0;2890.0;5030.0;8630.0;1395.0;2142.0;-34.0;58.0;-184.0;249.0
1750.0;3070.0;5350.0;9090.0;1459.0;2170.0;1600.0;2820.0;4970.0;8560.0;1386.0;2124.0;-34.0;51.0;-188.0;263.0
1850.0;3230.0;5580.0;9410.0;1496.0;2193.0;1610.0;2840.0;4990.0;8550.0;1385.0;2132.0;-43.0;57.0;-195.0;254.0
1850.0;3220.0;5590.0;9470.0;1498.0;2221.0;1630.0;2830.0;4970.0;8610.0;1411.0;2146.0;-43.0;52.0;-196.0;264.0
1890.0;3310.0;5720.0;9610.0;1529.0;2247.0;1660.0;2900.0;5060.0;8700.0;1416.0;2168.0;-43.0;54.0;-195.0;264.0
1930.0;3350.0;5800.0;9710.0;1543.0;2270.0;1660.0;2900.0;5090.0;8750.0;1425.0;2194.0;-35.0;56.0;-188.0;262.0
1930.0;3340.0;5770.0;9810.0;1556.0;2267.0;1680.0;2930.0;5120.0;8760.0;1433.0;2180.0;-35.0;55.0;-187.0;268.0
1950.0;3400.0;5880.0;9950.0;1580.0;2302.0;1750.0;3030.0;5290.0;9090.0;1462.0;2227.0;-35.0;56.0;-187.0;259.0
1940.0;3380.0;5790.0;9800.0;1572.0;2305.0;1720.0;3000.0;5190.0;8990.0;1463.0;2239.0;-35.0;61.0;-187.0;263.0
1970.0;3400.0;5870.0;9880.0;1570.0;2303.0;1730.0;3020.0;5280.0;9060.0;1464.0;2223.0;-36.0;60.0;-191.0;266.0
1960.0;3430.0;5910.0;9930.0;1582.0;2315.0;1710.0;2990.0;5230.0;8950.0;1471.0;2245.0;-36.0;58.0;-191.0;263.0
1980.0;3450.0;5940.0;10000.0;1589.0;2331.0;1760.0;3080.0;5370.0;9200.0;1484.0;2238.0;-41.0;63.0;-192.0;269.0
1980.0;3460.0;5930.0;10030.0;1591.0;2346.0;1780.0;3090.0;5400.0;9220.0;1475.0;2251.0;-41.0;60.0;-192.0;270.0
1980.0;3460.0;5960.0;10070.0;1607.0;2352.0;1750.0;3060.0;5300.0;9150.0;1484.0;2274.0;-40.0;52.0;-192.0;255.0
1980.0;3440.0;5960.0;10040.0;1586.0;2353.0;1760.0;3090.0;5350.0;9150.0;1485.0;2264.0;-37.0;62.0;-192.0;265.0
2050.0;3550.0;6050.0;10140.0;1607.0;2372.0;1760.0;3080.0;5390.0;9180.0;1496.0;2295.0;-37.0;57.0;-192.0;263.0
2020.0;3510.0;6030.0;10170.0;1608.0;2372.0;1760.0;3070.0;5380.0;9230.0;1506.0;2278.0;-37.0;57.0;-191.0;254.0
2020.0;3510.0;6040.0;10230.0;1616.0;2376.0;1770.0;3070.0;5340.0;9190.0;1496.0;2301.0;-34.0;53.0;-191.0;264.0
2010.0;3480.0;5980.0;10020.0;1607.0;2377.0;1780.0;3110.0;5410.0;9330.0;1500.0;2298.0;-34.0;52.0;-191.0;255.0
2020.0;3530.0;6060.0;10190.0;1614.0;2371.0;1750.0;3100.0;5420.0;9330.0;1504.0;2302.0;-35.0;56.0;-187.0;274.0
2020.0;3530.0;6050.0;10270.0;1626.0;2391.0;1840.0;3200.0;5600.0;9420.0;1522.0;2318.0;-36.0;59.0;-191.0;263.0
2090.0;3650.0;6290.0;10570.0;1662.0;2419.0;1810.0;3160.0;5530.0;9480.0;1530.0;2342.0;-35.0;56.0;-188.0;270.0
2070.0;3610.0;6230.0;10460.0;1647.0;2431.0;1840.0;3210.0;5610.0;9540.0;1541.0;2336.0;-35.0;54.0;-188.0;269.0
2070.0;3600.0;6170.0;10430.0;1657.0;2440.0;1830.0;3180.0;5540.0;9550.0;1538.0;2349.0;-34.0;59.0;-186.0;270.0
2080.0;3630.0;6250.0;10490.0;1662.0;2428.0;1820.0;3180.0;5540.0;9490.0;1536.0;2354.0;-34.0;60.0;-188.0;271.0
2050.0;3550.0;6160.0;10320.0;1644.0;2417.0;1830.0;3190.0;5560.0;9480.0;1530.0;2341.0;-34.0;63.0;-186.0;280.0
2140.0;3720.0;6390.0;10750.0;1701.0;2466.0;1910.0;3310.0;5760.0;9750.0;1569.0;2378.0;-32.0;62.0;-186.0;270.0
2120.0;3710.0;6340.0;10760.0;1700.0;2487.0;1860.0;3260.0;5690.0;9800.0;1578.0;2401.0;-29.0;62.0;-190.0;272.0
2150.0;3740.0;6370.0;10760.0;1695.0;2494.0;1930.0;3380.0;5810.0;9930.0;1591.0;2403.0;-32.0;57.0;-191.0;269.0
2130.0;3710.0;6360.0;10750.0;1694.0;2483.0;1930.0;3350.0;5800.0;9890.0;1589.0;2398.0;-32.0;63.0;-191.0;275.0
2100.0;3630.0;6280.0;10600.0;1679.0;2470.0;1870.0;3280.0;5690.0;9770.0;1573.0;2382.0;-31.0;60.0;-191.0;268.0
2140.0;3710.0;6350.0;10650.0;1695.0;2475.0;1930.0;3340.0;5780.0;9820.0;1580.0;2395.0;-38.0;56.0;-203.0;270.0
2110.0;3650.0;6260.0;10540.0;1671.0;2460.0;1930.0;3340.0;5790.0;9850.0;1579.0;2376.0;-45.0;53.0;-203.0;279.0
2120.0;3660.0;6330.0;10620.0;1676.0;2459.0;1900.0;3310.0;5710.0;9770.0;1564.0;2385.0;-38.0;59.0;-194.0;264.0
2150.0;3710.0;6420.0;10740.0;1694.0;2476.0;1970.0;3410.0;5900.0;9960.0;1590.0;2397.0;-39.0;58.0;-194.0;263.0
2140.0;3690.0;6340.0;10650.0;1683.0;2476.0;1880.0;3270.0;5720.0;9850.0;1581.0;2408.0;-39.0;64.0;-194.0;266.0
2170.0;3760.0;6480.0;10820.0;1711.0;2512.0;1900.0;3310.0;5780.0;9920.0;1591.0;2408.0;-36.0;67.0;-194.0;278.0
2150.0;3730.0;6400.0;10810.0;1706.0;2507.0;1910.0;3290.0;5750.0;9910.0;1586.0;2418.0;-36.0;55.0;-192.0;276.0
2170.0;3750.0;6390.0;10770.0;1718.0;2510.0;1960.0;3400.0;5890.0;9940.0;1602.0;2436.0;-39.0;57.0;-194.0;275.0
2180.0;3770.0;6460.0;10870.0;1726.0;2532.0;1990.0;3450.0;5950.0;10120.0;1620.0;2443.0;-40.0;61.0;-194.0;272.0
2160.0;3760.0;6430.0;10850.0;1718.0;2518.0;1970.0;3420.0;5940.0;9990.0;1612.0;2437.0;-40.0;60.0;-198.0;285.0
2220.0;3840.0;6520.0;10980.0;1746.0;2532.0;1950.0;3380.0;5880.0;10050.0;1615.0;2446.0;-40.0;64.0;-200.0;278.0
2230.0;3870.0;6630.0;11050.0;1756.0;2559.0;1990.0;3460.0;5950.0;10170.0;1631.0;2448.0;-40.0;59.0;-203.0;288.0
2200.0;3820.0;6580.0;11020.0;1743.0;2552.0;1970.0;3420.0;5920.0;10070.0;1632.0;2470.0;-39.0;59.0;-203.0;279.0
2220.0;3830.0;6570.0;11030.0;1744.0;2563.0;2000.0;3460.0;6050.0;10240.0;1647.0;2491.0;-39.0;62.0;-203.0;273.0
2220.0;3830.0;6580.0;11090.0;1741.0;2558.0;2030.0;3500.0;6070.0;10210.0;1624.0;2484.0;-38.0;60.0;-203.0;274.0
2220.0;3830.0;6540.0;10920.0;1745.0;2567.0;2010.0;3480.0;6030.0;10270.0;1642.0;2479.0;-40.0;62.0;-199.0;282.0
2290.0;3950.0;6700.0;11250.0;1775.0;2588.0;2040.0;3490.0;6010.0;10260.0;1642.0;2482.0;-34.0;61.0;-199.0;281.0
2230.0;3880.0;6650.0;11080.0;1756.0;2580.0;1960.0;3440.0;5970.0;10160.0;1643.0;2480.0;-43.0;53.0;-204.0;283.0
2320.0;3970.0;6800.0;11320.0;1782.0;2613.0;2050.0;3550.0;6150.0;10400.0;1657.0;2512.0;-34.0;60.0;-199.0;278.0
2240.0;3870.0;6640.0;11130.0;1764.0;2586.0;2050.0;3540.0;6100.0;10340.0;1657.0;2507.0;-34.0;67.0;-199.0;282.0
2280.0;3920.0;6730.0;11260.0;1781.0;2604.0;2050.0;3550.0;6100.0;10280.0;1661.0;2520.0;-34.0;58.0;-206.0;279.0
2280.0;3910.0;6700.0;11230.0;1785.0;2600.0;2020.0;3500.0;6070.0;10280.0;1667.0;2520.0;-40.0;66.0;-203.0;278.0
2300.0;3970.0;6760.0;11370.0;1782.0;2619.0;2050.0;3520.0;6110.0;10380.0;1669.0;2535.0;-36.0;61.0;-199.0;280.0
2240.0;3880.0;6640.0;11170.0;1769.0;2595.0;2070.0;3570.0;6100.0;10300.0;1663.0;2513.0;-36.0;64.0;-199.0;275.0
2230.0;3880.0;6660.0;11110.0;1748.0;2580.0;2030.0;3530.0;6080.0;10260.0;1646.0;2506.0;-36.0;52.0;-199.0;276.0
2290.0;3970.0;6770.0;11330.0;1802.0;2626.0;2080.0;3600.0;6210.0;10470.0;1673.0;2532.0;-36.0;61.0;-199.0;276.0
2290.0;3930.0;6740.0;11320.0;1780.0;2618.0;2080.0;3590.0;6180.0;10330.0;1663.0;2525.0;-35.0;63.0;-198.0;286.0
2310.0;3980.0;6820.0;11420.0;1802.0;2635.0;2100.0;3630.0;6250.0;10600.0;1680.0;2552.0;-34.0;56.0;-195.0;272.0
2260.0;3920.0;6710.0;11190.0;1780.0;2609.0;2080.0;3620.0;6240.0;10490.0;1686.0;2537.0;-35.0;62.0;-198.0;270.0
2280.0;3940.0;6750.0;11360.0;1794.0;2627.0;2050.0;3530.0;6100.0;10460.0;1682.0;2535.0;-40.0;61.0;-201.0;285.0
2360.0;4040.0;6920.0;11540.0;1812.0;2656.0;2090.0;3600.0;6220.0;10570.0;1689.0;2563.0;-36.0;62.0;-202.0;287.0
2350.0;4060.0;6900.0;11650.0;1839.0;2687.0;2110.0;3640.0;6250.0;10620.0;1714.0;2586.0;-37.0;58.0;-202.0;280.0
2360.0;4070.0;6910.0;11610.0;1830.0;2671.0;2130.0;3680.0;6350.0;10740.0;1704.0;2587.0;-37.0;61.0;-202.0;277.0
2350.0;4050.0;6940.0;11570.0;1826.0;2677.0;2190.0;3730.0;6430.0;10820.0;1725.0;2590.0;-37.0;61.0;-201.0;286.0
2420.0;4160.0;7070.0;11830.0;1855.0;2717.0;2130.0;3690.0;6370.0;10820.0;1739.0;2625.0;-37.0;65.0;-201.0;284.0
2410.0;4150.0;7060.0;11790.0;1856.0;2698.0;2190.0;3780.0;6490.0;10940.0;1737.0;2615.0;-37.0;64.0;-200.0;291.0
2410.0;4160.0;7080.0;11770.0;1864.0;2714.0;2200.0;3790.0;6480.0;10960.0;1734.0;2628.0;-35.0;61.0;-199.0;283.0
2440.0;4180.0;7130.0;11890.0;1874.0;2734.0;2170.0;3740.0;6450.0;10900.0;1746.0;2631.0;-35.0;62.0;-200.0;283.0
2360.0;4070.0;6970.0;11690.0;1854.0;2707.0;2210.0;3770.0;6540.0;10970.0;1747.0;2636.0;-35.0;56.0;-201.0;287.0
2400.0;4120.0;7060.0;11770.0;1856.0;2715.0;2160.0;3740.0;6420.0;10830.0;1734.0;2626.0;-35.0;61.0;-201.0;281.0
2360.0;4080.0;7000.0;11720.0;1846.0;2711.0;2160.0;3710.0;6380.0;10850.0;1740.0;2633.0;-43.0;66.0;-201.0;295.0
2440.0;4200.0;7140.0;11900.0;1881.0;2747.0;2180.0;3780.0;6490.0;10990.0;1761.0;2651.0;-43.0;64.0;-208.0;281.0
2430.0;4180.0;7110.0;11960.0;1876.0;2736.0;2230.0;3810.0;6580.0;11140.0;1774.0;2667.0;-43.0;62.0;-208.0;286.0
2470.0;4260.0;7210.0;12050.0;1904.0;2759.0;2260.0;3870.0;6620.0;11140.0;1773.0;2683.0;-43.0;59.0;-208.0;287.0
2400.0;4120.0;7040.0;11800.0;1867.0;2738.0;2220.0;3830.0;6580.0;11130.0;1760.0;2665.0;-43.0;65.0;-208.0;284.0
2420.0;4190.0;7080.0;11880.0;1875.0;2752.0;2180.0;3730.0;6420.0;10960.0;1756.0;2641.0;-36.0;60.0;-202.0;274.0
2430.0;4180.0;7080.0;11820.0;1873.0;2732.0;2210.0;3800.0;6530.0;11000.0;1760.0;2659.0;-36.0;59.0;-202.0;282.0
2420.0;4160.0;7100.0;11840.0;1867.0;2737.0;2210.0;3800.0;6500.0;10970.0;1752.0;2662.0;-39.0;56.0;-204.0;278.0
2430.0;4200.0;7150.0;11980.0;1885.0;2763.0;2240.0;3840.0;6600.0;11140.0;1780.0;2672.0;-39.0;60.0;-210.0;279.0
2490.0;4280.0;7300.0;12110.0;1913.0;2781.0;2270.0;3880.0;6640.0;11170.0;1775.0;2679.0;-39.0;66.0;-209.0;290.0
2490.0;4270.0;7270.0;12160.0;1921.0;2797.0;2230.0;3830.0;6620.0;11200.0;1786.0;2710.0;-39.0;66.0;-209.0;276.0
2490.0;4280.0;7270.0;12190.0;1909.0;2804.0;2250.0;3880.0;6610.0;11220.0;1796.0;2713.0;-41.0;66.0;-204.0;292.0
2540.0;4350.0;7400.0;12340.0;1939.0;2821.0;2290.0;3940.0;6770.0;11420.0;1817.0;2740.0;-41.0;63.0;-198.0;285.0
2490.0;4270.0;7320.0;12180.0;1923.0;2824.0;2280.0;3940.0;6740.0;11400.0;1810.0;2745.0;-41.0;62.0;-198.0;278.0
2520.0;4310.0;7360.0;12300.0;1939.0;2830.0;2330.0;3990.0;6790.0;11440.0;1824.0;2736.0;-32.0;52.0;-198.0;285.0
2520.0;4320.0;7310.0;12280.0;1937.0;2832.0;2290.0;3940.0;6740.0;11410.0;1816.0;2739.0;-42.0;61.0;-202.0;276.0
2530.0;4350.0;7400.0;12330.0;1951.0;2837.0;2350.0;4030.0;6930.0;11520.0;1834.0;2751.0;-45.0;60.0;-214.0;281.0
2550.0;4370.0;7450.0;12360.0;1951.0;2854.0;2310.0;3950.0;6810.0;11520.0;1841.0;2770.0;-45.0;60.0;-214.0;289.0
2560.0;4340.0;7410.0;12320.0;1955.0;2851.0;2350.0;4000.0;6900.0;11640.0;1832.0;2781.0;-41.0;68.0;-209.0;288.0
2610.0;4460.0;7550.0;12560.0;1973.0;2873.0;2360.0;4030.0;6880.0;11550.0;1843.0;2783.0;-43.0;69.0;-213.0;291.0
2570.0;4400.0;7470.0;12510.0;1968.0;2869.0;2330.0;3990.0;6830.0;11550.0;1836.0;2766.0;-43.0;67.0;-212.0;284.0
2610.0;4460.0;7560.0;12650.0;1985.0;2895.0;2370.0;4050.0;6930.0;11690.0;1858.0;2809.0;-41.0;71.0;-210.0;280.0
2580.0;4390.0;7430.0;12440.0;1960.0;2883.0;2420.0;4120.0;7010.0;11760.0;1857.0;2786.0;-43.0;68.0;-211.0;285.0
2640.0;4530.0;7700.0;12790.0;2000.0;2922.0;2390.0;4080.0;6980.0;11740.0;1875.0;2823.0;-43.0;69.0;-211.0;285.0
2600.0;4430.0;7550.0;12560.0;1982.0;2902.0;2360.0;4050.0;6960.0;11700.0;1875.0;2819.0;-44.0;70.0;-211.0;288.0
2610.0;4470.0;7580.0;12650.0;1992.0;2921.0;2390.0;4090.0;7020.0;11820.0;1885.0;2833.0;-44.0;70.0;-210.0;288.0
2630.0;4520.0;7650.0;12760.0;2007.0;2933.0;2400.0;4100.0;6950.0;11760.0;1888.0;2837.0;-44.0;65.0;-204.0;290.0
2690.0;4590.0;7790.0;12960.0;2037.0;2965.0;2460.0;4210.0;7210.0;12040.0;1910.0;2875.0;-42.0;67.0;-204.0;293.0
2700.0;4610.0;7820.0;13000.0;2038.0;2960.0;2410.0;4130.0;7080.0;11940.0;1908.0;2882.0;-42.0;66.0;-204.0;291.0
2720.0;4640.0;7860.0;13080.0;2052.0;3005.0;2470.0;4220.0;7170.0;12060.0;1925.0;2893.0;-42.0;62.0;-204.0;289.0
2710.0;4640.0;7860.0;13010.0;2054.0;2998.0;2440.0;4170.0;7140.0;12010.0;1922.0;2896.0;-42.0;67.0;-205.0;287.0
2710.0;4640.0;7890.0;13040.0;2055.0;2995.0;2510.0;4270.0;7310.0;12250.0;1930.0;2904.0;-46.0;68.0;-215.0;288.0
2650.0;4560.0;7720.0;12850.0;2039.0;2991.0;2470.0;4200.0;7150.0;11940.0;1918.0;2901.0;-46.0;50.0;-215.0;278.0
2660.0;4590.0;7730.0;12890.0;2033.0;2964.0;2460.0;4210.0;7200.0;12060.0;1926.0;2893.0;-46.0;57.0;-215.0;288.0
2700.0;4620.0;7810.0;13040.0;2055.0;2996.0;2500.0;4280.0;7260.0;12190.0;1935.0;2906.0;-37.0;69.0;-208.0;285.0
2730.0;4680.0;7910.0;13140.0;2070.0;3018.0;2550.0;4320.0;7370.0;12300.0;1947.0;2924.0;-37.0;67.0;-208.0;287.0
2720.0;4620.0;7860.0;13100.0;2058.0;3015.0;2520.0;4320.0;7360.0;12330.0;1953.0;2940.0;-34.0;60.0;-207.0;289.0
2750.0;4710.0;7980.0;13230.0;2075.0;3020.0;2500.0;4280.0;7280.0;12220.0;1945.0;2931.0;-37.0;60.0;-208.0;282.0
2770.0;4720.0;7970.0;13290.0;2077.0;3045.0;2530.0;4360.0;7410.0;12410.0;1965.0;2940.0;-37.0;60.0;-209.0;286.0
2760.0;4700.0;7980.0;13320.0;2087.0;3049.0;2540.0;4340.0;7380.0;12340.0;1973.0;2955.0;-44.0;66.0;-210.0;284.0
2770.0;4730.0;8010.0;13320.0;2089.0;3051.0;2550.0;4360.0;7460.0;12450.0;1974.0;2971.0;-45.0;59.0;-209.0;294.0
2710.0;4630.0;7860.0;13110.0;2077.0;3048.0;2550.0;4330.0;7380.0;12250.0;1959.0;2953.0;-45.0;60.0;-209.0;297.0
2820.0;4770.0;8060.0;13510.0;2109.0;3065.0;2540.0;4340.0;7390.0;12460.0;1972.0;2953.0;-45.0;62.0;-210.0;286.0
2810.0;4810.0;8150.0;13510.0;2128.0;3093.0;2610.0;4460.0;7560.0;12620.0;2004.0;3010.0;-45.0;67.0;-211.0;283.0
2840.0;4840.0;8190.0;13490.0;2126.0;3103.0;2600.0;4430.0;7560.0;12680.0;2010.0;3014.0;-45.0;72.0;-211.0;290.0
2840.0;4830.0;8160.0;13620.0;2133.0;3102.0;2610.0;4430.0;7520.0;12600.0;2007.0;3013.0;-45.0;68.0;-217.0;300.0
2820.0;4800.0;8120.0;13600.0;2129.0;3102.0;2610.0;4440.0;7520.0;12600.0;1989.0;2999.0;-45.0;61.0;-217.0;286.0
2790.0;4780.0;8110.0;13490.0;2116.0;3108.0;2580.0;4380.0;7500.0;12530.0;1998.0;2997.0;-45.0;64.0;-217.0;286.0
2860.0;4860.0;8180.0;13640.0;2143.0;3129.0;2610.0;4460.0;7600.0;12710.0;2011.0;3040.0;-42.0;65.0;-207.0;283.0
2790.0;4770.0;8100.0;13460.0;2125.0;3101.0;2600.0;4450.0;7550.0;12640.0;1997.0;3003.0;-39.0;60.0;-203.0;286.0
2840.0;4850.0;8200.0;13600.0;2140.0;3121.0;2580.0;4440.0;7570.0;12660.0;2014.0;3016.0;-36.0;63.0;-203.0;286.0
2840.0;4830.0;8160.0;13600.0;2129.0;3112.0;2610.0;4420.0;7510.0;12530.0;2023.0;3025.0;-39.0;65.0;-203.0;284.0
2800.0;4770.0;8080.0;13410.0;2123.0;3101.0;2590.0;4440.0;7560.0;12610.0;2002.0;3011.0;-40.0;63.0;-203.0;281.0
2810.0;4800.0;8120.0;13500.0;2127.0;3094.0;2610.0;4470.0;7620.0;12770.0;2014.0;3010.0;-39.0;57.0;-203.0;292.0
2900.0;4910.0;8310.0;13720.0;2155.0;3145.0;2640.0;4500.0;7640.0;12810.0;2026.0;3035.0;-39.0;55.0;-206.0;289.0
2870.0;4880.0;8240.0;13740.0;2156.0;3141.0;2670.0;4530.0;7650.0;12760.0;2019.0;3047.0;-40.0;65.0;-206.0;289.0
2860.0;4850.0;8280.0;13660.0;2157.0;3144.0;2690.0;4570.0;7710.0;12880.0;2040.0;3055.0;-39.0;63.0;-206.0;298.0
2920.0;4950.0;8340.0;13870.0;2172.0;3180.0;2650.0;4520.0;7680.0;12920.0;2054.0;3061.0;-38.0;71.0;-206.0;293.0
2880.0;4880.0;8220.0;13690.0;2163.0;3148.0;2670.0;4520.0;7730.0;12860.0;2024.0;3047.0;-39.0;59.0;-206.0;288.0
2850.0;4870.0;8200.0;13610.0;2131.0;3125.0;2660.0;4550.0;7650.0;12740.0;2028.0;3045.0;-38.0;65.0;-207.0;285.0
2850.0;4850.0;8200.0;13620.0;2137.0;3129.0;2660.0;4530.0;7730.0;12820.0;2034.0;3048.0;-38.0;66.0;-207.0;299.0
2910.0;4930.0;8310.0;13800.0;2166.0;3160.0;2710.0;4600.0;7760.0;13010.0;2064.0;3077.0;-37.0;59.0;-207.0;291.0
2950.0;4990.0;8400.0;13980.0;2186.0;3191.0;2730.0;4660.0;7870.0;13100.0;2061.0;3066.0;-37.0;66.0;-207.0;290.0
2940.0;4990.0;8340.0;13840.0;2170.0;3176.0;2710.0;4610.0;7770.0;12920.0;2055.0;3080.0;-37.0;68.0;-207.0;287.0
2920.0;4920.0;8280.0;13800.0;2166.0;3172.0;2710.0;4620.0;7850.0;13080.0;2066.0;3090.0;-38.0;62.0;-207.0;286.0
2940.0;4980.0;8440.0;13880.0;2183.0;3190.0;2720.0;4600.0;7790.0;13050.0;2065.0;3099.0;-37.0;67.0;-204.0;290.0
2910.0;4940.0;8320.0;13800.0;2169.0;3177.0;2730.0;4600.0;7810.0;13020.0;2053.0;3102.0;-38.0;62.0;-204.0;288.0
2970.0;5010.0;8440.0;14020.0;2200.0;3213.0;2720.0;4600.0;7780.0;13070.0;2076.0;3112.0;-38.0;64.0;-204.0;291.0
2980.0;5070.0;8520.0;14050.0;2205.0;3217.0;2730.0;4620.0;7890.0;13090.0;2085.0;3112.0;-43.0;58.0;-215.0;287.0
2950.0;4990.0;8410.0;14020.0;2200.0;3212.0;2740.0;4640.0;7910.0;13100.0;2085.0;3122.0;-43.0;65.0;-215.0;284.0
2950.0;5000.0;8410.0;13960.0;2201.0;3225.0;2730.0;4670.0;7890.0;13180.0;2079.0;3115.0;-43.0;67.0;-215.0;292.0
2930.0;4990.0;8430.0;13990.0;2199.0;3201.0;2720.0;4650.0;7890.0;13090.0;2089.0;3133.0;-36.0;69.0;-212.0;285.0
2980.0;5030.0;8530.0;14100.0;2226.0;3233.0;2740.0;4670.0;7920.0;13130.0;2089.0;3144.0;-43.0;63.0;-212.0;291.0
2980.0;5070.0;8550.0;14210.0;2220.0;3239.0;2780.0;4720.0;8030.0;13340.0;2109.0;3149.0;-43.0;65.0;-212.0;299.0
2980.0;5070.0;8530.0;14160.0;2227.0;3241.0;2750.0;4680.0;7870.0;13180.0;2088.0;3161.0;-36.0;57.0;-207.0;300.0
3010.0;5120.0;8630.0;14250.0;2245.0;3263.0;2780.0;4700.0;7940.0;13260.0;2107.0;3161.0;-44.0;54.0;-207.0;289.0
3020.0;5110.0;8620.0;14340.0;2234.0;3263.0;2810.0;4780.0;8130.0;13510.0;2131.0;3167.0;-44.0;66.0;-207.0;294.0
3040.0;5170.0;8690.0;14400.0;2261.0;3283.0;2850.0;4790.0;8080.0;13550.0;2136.0;3197.0;-48.0;64.0;-214.0;286.0
3070.0;5200.0;8710.0;14460.0;2261.0;3310.0;2850.0;4840.0;8190.0;13570.0;2144.0;3209.0;-37.0;63.0;-212.0;293.0
3090.0;5230.0;8760.0;14560.0;2287.0;3298.0;2870.0;4870.0;8190.0;13690.0;2154.0;3227.0;-41.0;66.0;-213.0;294.0
3060.0;5190.0;8780.0;14430.0;2274.0;3318.0;2860.0;4810.0;8140.0;13550.0;2150.0;3219.0;-37.0;59.0;-212.0;292.0
3090.0;5230.0;8830.0;14550.0;2282.0;3330.0;2840.0;4810.0;8150.0;13590.0;2156.0;3228.0;-41.0;66.0;-212.0;288.0
3090.0;5240.0;8810.0;14540.0;2291.0;3332.0;2890.0;4870.0;8230.0;13620.0;2157.0;3234.0;-41.0;64.0;-212.0;298.0
3090.0;5230.0;8810.0;14590.0;2285.0;3327.0;2890.0;4910.0;8270.0;13710.0;2155.0;3218.0;-41.0;65.0;-211.0;300.0
3100.0;5250.0;8800.0;14610.0;2294.0;3327.0;2890.0;4860.0;8220.0;13690.0;2173.0;3228.0;-42.0;62.0;-211.0;299.0
3070.0;5170.0;8720.0;14470.0;2266.0;3320.0;2880.0;4880.0;8250.0;13650.0;2151.0;3234.0;-42.0;64.0;-212.0;298.0
3130.0;5290.0;8860.0;14660.0;2283.0;3334.0;2850.0;4850.0;8210.0;13630.0;2162.0;3236.0;-39.0;68.0;-212.0;299.0
3150.0;5310.0;8940.0;14730.0;2303.0;3364.0;2850.0;4880.0;8250.0;13700.0;2173.0;3242.0;-39.0;68.0;-212.0;295.0
3190.0;5380.0;9020.0;14870.0;2323.0;3374.0;2890.0;4920.0;8270.0;13820.0;2191.0;3287.0;-43.0;67.0;-214.0;296.0
3090.0;5230.0;8800.0;14610.0;2287.0;3332.0;2920.0;4950.0;8310.0;13790.0;2171.0;3252.0;-43.0;61.0;-214.0;294.0
3100.0;5250.0;8770.0;14620.0;2295.0;3344.0;2900.0;4900.0;8250.0;13700.0;2173.0;3253.0;-46.0;61.0;-217.0;288.0
3120.0;5260.0;8860.0;14690.0;2302.0;3357.0;2920.0;4930.0;8300.0;13890.0;2187.0;3260.0;-46.0;66.0;-217.0;287.0
3130.0;5290.0;8880.0;14750.0;2306.0;3373.0;2900.0;4890.0;8240.0;13820.0;2172.0;3261.0;-45.0;58.0;-216.0;291.0
3090.0;5220.0;8830.0;14640.0;2299.0;3371.0;2910.0;4940.0;8350.0;13840.0;2187.0;3264.0;-45.0;67.0;-216.0;297.0
3090.0;5260.0;8860.0;14650.0;2302.0;3366.0;2910.0;4940.0;8350.0;13830.0;2195.0;3280.0;-43.0;60.0;-214.0;290.0
3080.0;5240.0;8770.0;14610.0;2301.0;3356.0;2920.0;4940.0;8340.0;13950.0;2198.0;3275.0;-43.0;69.0;-214.0;293.0
3180.0;5380.0;9030.0;14910.0;2349.0;3417.0;2950.0;4990.0;8430.0;13980.0;2210.0;3304.0;-43.0;66.0;-210.0;293.0
3160.0;5360.0;8970.0;14830.0;2320.0;3390.0;2980.0;5040.0;8460.0;14090.0;2202.0;3295.0;-37.0;63.0;-209.0;297.0
3120.0;5300.0;8880.0;14730.0;2311.0;3378.0;2960.0;5010.0;8450.0;13960.0;2195.0;3279.0;-43.0;63.0;-210.0;299.0
3200.0;5400.0;9030.0;14860.0;2342.0;3402.0;2960.0;5020.0;8450.0;14030.0;2236.0;3303.0;-42.0;66.0;-214.0;298.0
3150.0;5310.0;8940.0;14790.0;2331.0;3388.0;2930.0;4950.0;8340.0;13920.0;2196.0;3300.0;-42.0;61.0;-214.0;296.0
3150.0;5320.0;8930.0;14810.0;2325.0;3388.0;2970.0;5010.0;8430.0;13970.0;2201.0;3305.0;-42.0;69.0;-214.0;295.0
3230.0;5440.0;9110.0;15080.0;2357.0;3428.0;2980.0;5050.0;8550.0;14200.0;2234.0;3334.0;-42.0;63.0;-214.0;300.0
3220.0;5440.0;9140.0;15090.0;2358.0;3439.0;3000.0;5090.0;8590.0;14160.0;2228.0;3333.0;-37.0;69.0;-207.0;305.0
3240.0;5490.0;9180.0;15050.0;2368.0;3449.0;3040.0;5100.0;8590.0;14240.0;2255.0;3343.0;-37.0;62.0;-207.0;300.0
3250.0;5450.0;9150.0;15080.0;2369.0;3454.0;3030.0;5120.0;8610.0;14290.0;2253.0;3360.0;-37.0;65.0;-207.0;298.0
3270.0;5500.0;9230.0;15290.0;2388.0;3483.0;3010.0;5110.0;8600.0;14380.0;2267.0;3383.0;-37.0;72.0;-213.0;295.0
3190.0;5380.0;9100.0;15110.0;2369.0;3446.0;2960.0;5010.0;8510.0;14210.0;2232.0;3355.0;-45.0;70.0;-219.0;296.0
3220.0;5470.0;9160.0;15180.0;2367.0;3452.0;3010.0;5100.0;8630.0;14360.0;2246.0;3369.0;-45.0;59.0;-219.0;291.0
3270.0;5490.0;9200.0;15200.0;2381.0;3453.0;3010.0;5070.0;8560.0;14250.0;2247.0;3366.0;-45.0;63.0;-213.0;291.0
3250.0;5470.0;9270.0;15270.0;2381.0;3479.0;3030.0;5110.0;8580.0;14280.0;2270.0;3377.0;-40.0;66.0;-212.0;296.0
3290.0;5550.0;9310.0;15380.0;2409.0;3501.0;3000.0;5070.0;8580.0;14300.0;2274.0;3384.0;-45.0;60.0;-212.0;290.0
3220.0;5460.0;9210.0;15210.0;2377.0;3494.0;3050.0;5170.0;8670.0;14300.0;2270.0;3387.0;-44.0;66.0;-212.0;294.0
3290.0;5540.0;9270.0;15310.0;2405.0;3508.0;3080.0;5200.0;8740.0;14480.0;2287.0;3395.0;-44.0;68.0;-212.0;295.0
3310.0;5560.0;9320.0;15400.0;2403.0;3516.0;3070.0;5170.0;8750.0;14520.0;2286.0;3403.0;-38.0;66.0;-204.0;291.0
3330.0;5610.0;9430.0;15460.0;2424.0;3531.0;3100.0;5240.0;8810.0;14620.0;2303.0;3442.0;-41.0;72.0;-216.0;301.0
3260.0;5510.0;9280.0;15390.0;2404.0;3527.0;3070.0;5210.0;8720.0;14490.0;2289.0;3412.0;-41.0;66.0;-214.0;294.0
3330.0;5610.0;9430.0;15550.0;2433.0;3522.0;3100.0;5230.0;8810.0;14480.0;2292.0;3422.0;-41.0;66.0;-213.0;303.0
3280.0;5540.0;9290.0;15380.0;2417.0;3542.0;3070.0;5190.0;8730.0;14470.0;2286.0;3449.0;-41.0;66.0;-214.0;295.0
3340.0;5610.0;9380.0;15450.0;2423.0;3525.0;3060.0;5170.0;8740.0;14500.0;2291.0;3420.0;-45.0;61.0;-218.0;298.0
3350.0;5600.0;9390.0;15550.0;2427.0;3538.0;3100.0;5230.0;8780.0;14580.0;2300.0;3419.0;-45.0;71.0;-218.0;300.0
3350.0;5640.0;9460.0;15600.0;2438.0;3555.0;3100.0;5240.0;8800.0;14660.0;2311.0;3444.0;-46.0;62.0;-221.0;295.0
3350.0;5650.0;9460.0;15580.0;2437.0;3556.0;3130.0;5270.0;8820.0;14680.0;2311.0;3466.0;-45.0;60.0;-221.0;303.0
3400.0;5720.0;9580.0;15710.0;2462.0;3590.0;3160.0;5310.0;8920.0;14780.0;2333.0;3474.0;-45.0;65.0;-218.0;302.0
3360.0;5680.0;9500.0;15620.0;2443.0;3570.0;3160.0;5340.0;8980.0;14830.0;2318.0;3474.0;-45.0;63.0;-218.0;298.0
3400.0;5710.0;9550.0;15760.0;2465.0;3583.0;3150.0;5310.0;8960.0;14770.0;2329.0;3465.0;-47.0;61.0;-218.0;289.0
3350.0;5660.0;9500.0;15670.0;2443.0;3571.0;3180.0;5370.0;9010.0;14860.0;2331.0;3466.0;-45.0;66.0;-216.0;292.0
3430.0;5780.0;9620.0;15860.0;2485.0;3613.0;3180.0;5350.0;8990.0;14850.0;2345.0;3505.0;-47.0;66.0;-218.0;292.0
3410.0;5730.0;9580.0;15720.0;2468.0;3599.0;3150.0;5330.0;8980.0;14790.0;2332.0;3488.0;-47.0;64.0;-218.0;283.0
3300.0;5580.0;9390.0;15480.0;2437.0;3568.0;3140.0;5300.0;8900.0;14780.0;2319.0;3474.0;-44.0;64.0;-214.0;283.0
3340.0;5610.0;9390.0;15420.0;2425.0;3566.0;3140.0;5310.0;8930.0;14710.0;2327.0;3477.0;-42.0;66.0;-212.0;301.0
3370.0;5670.0;9510.0;15650.0;2462.0;3589.0;3170.0;5330.0;8970.0;14830.0;2338.0;3470.0;-40.0;68.0;-212.0;289.0
3430.0;5740.0;9650.0;15870.0;2479.0;3618.0;3210.0;5380.0;9010.0;15000.0;2350.0;3520.0;-40.0;68.0;-212.0;298.0
3350.0;5650.0;9450.0;15620.0;2455.0;3600.0;3160.0;5300.0;8980.0;14900.0;2346.0;3488.0;-44.0;66.0;-214.0;302.0
3430.0;5780.0;9670.0;15910.0;2484.0;3635.0;3230.0;5410.0;9100.0;15070.0;2359.0;3526.0;-47.0;71.0;-218.0;299.0
3470.0;5840.0;9730.0;16060.0;2506.0;3633.0;3270.0;5480.0;9180.0;15240.0;2378.0;3543.0;-48.0;62.0;-218.0;299.0
3460.0;5810.0;9730.0;15960.0;2503.0;3652.0;3210.0;5420.0;9110.0;15050.0;2383.0;3536.0;-48.0;66.0;-218.0;297.0
3490.0;5850.0;9810.0;16150.0;2517.0;3671.0;3260.0;5470.0;9210.0;15220.0;2397.0;3572.0;-47.0;68.0;-218.0;298.0
3480.0;5870.0;9820.0;16130.0;2512.0;3683.0;3260.0;5490.0;9220.0;15130.0;2387.0;3570.0;-47.0;64.0;-217.0;304.0
3460.0;5820.0;9770.0;16120.0;2525.0;3670.0;3270.0;5550.0;9280.0;15270.0;2395.0;3571.0;-47.0;64.0;-214.0;299.0
3460.0;5790.0;9680.0;16010.0;2516.0;3668.0;3220.0;5440.0;9110.0;15150.0;2385.0;3562.0;-41.0;67.0;-214.0;300.0
3460.0;5790.0;9670.0;16070.0;2520.0;3667.0;3290.0;5520.0;9230.0;15320.0;2398.0;3568.0;-41.0;61.0;-213.0;301.0
3520.0;5920.0;9900.0;16270.0;2544.0;3683.0;3260.0;5490.0;9200.0;15280.0;2398.0;3579.0;-43.0;62.0;-214.0;295.0
3540.0;5940.0;9890.0;16290.0;2542.0;3701.0;3340.0;5580.0;9360.0;15480.0;2427.0;3605.0;-43.0;66.0;-218.0;302.0
3570.0;5970.0;9970.0;16430.0;2564.0;3727.0;3340.0;5660.0;9460.0;15590.0;2439.0;3612.0;-47.0;67.0;-221.0;294.0
3430.0;5770.0;9660.0;16050.0;2520.0;3682.0;3290.0;5510.0;9240.0;15330.0;2395.0;3591.0;-47.0;67.0;-221.0;306.0
3510.0;5870.0;9820.0;16180.0;2529.0;3680.0;3310.0;5530.0;9260.0;15390.0;2406.0;3588.0;-47.0;64.0;-221.0;307.0
3600.0;6020.0;10050.0;16550.0;2581.0;3736.0;3330.0;5590.0;9340.0;15480.0;2430.0;3619.0;-46.0;67.0;-221.0;303.0
3510.0;5930.0;9930.0;16370.0;2559.0;3721.0;3290.0;5500.0;9280.0;15470.0;2424.0;3601.0;-46.0;69.0;-221.0;300.0
3550.0;5920.0;9880.0;16290.0;2556.0;3727.0;3320.0;5610.0;9390.0;15540.0;2439.0;3628.0;-46.0;63.0;-216.0;302.0
3590.0;6000.0;10020.0;16470.0;2575.0;3744.0;3380.0;5700.0;9510.0;15610.0;2455.0;3630.0;-47.0;70.0;-222.0;295.0
3540.0;5960.0;9980.0;16420.0;2570.0;3742.0;3360.0;5640.0;9420.0;15530.0;2450.0;3642.0;-47.0;66.0;-222.0;295.0
3560.0;5980.0;10050.0;16520.0;2578.0;3758.0;3310.0;5560.0;9370.0;15530.0;2447.0;3647.0;-47.0;71.0;-224.0;301.0
3600.0;6030.0;10080.0;16610.0;2586.0;3767.0;3350.0;5600.0;9430.0;15610.0;2451.0;3666.0;-42.0;69.0;-217.0;299.0
3580.0;6010.0;10010.0;16540.0;2578.0;3769.0;3380.0;5640.0;9460.0;15640.0;2456.0;3658.0;-42.0;61.0;-217.0;301.0
3590.0;6020.0;10030.0;16580.0;2596.0;3785.0;3370.0;5660.0;9460.0;15680.0;2466.0;3669.0;-42.0;69.0;-217.0;289.0
3570.0;6000.0;10000.0;16580.0;2595.0;3780.0;3330.0;5620.0;9440.0;15650.0;2465.0;3681.0;-44.0;61.0;-217.0;295.0
3600.0;6030.0;10050.0;16550.0;2589.0;3761.0;3410.0;5730.0;9550.0;15750.0;2466.0;3667.0;-44.0;66.0;-217.0;304.0
3620.0;6060.0;10100.0;16660.0;2599.0;3787.0;3360.0;5650.0;9490.0;15710.0;2464.0;3678.0;-44.0;62.0;-215.0;308.0
3660.0;6140.0;10190.0;16830.0;2628.0;3816.0;3440.0;5810.0;9680.0;15960.0;2494.0;3697.0;-42.0;70.0;-215.0;294.0
3610.0;6040.0;10080.0;16600.0;2600.0;3792.0;3390.0;5720.0;9560.0;15850.0;2480.0;3691.0;-42.0;72.0;-215.0;288.0
3660.0;6080.0;10090.0;16680.0;2601.0;3798.0;3440.0;5780.0;9650.0;15890.0;2486.0;3690.0;-41.0;67.0;-213.0;308.0
3610.0;6070.0;10150.0;16740.0;2614.0;3820.0;3470.0;5780.0;9710.0;16030.0;2505.0;3712.0;-35.0;63.0;-211.0;301.0
3650.0;6100.0;10200.0;16770.0;2615.0;3804.0;3370.0;5680.0;9540.0;15750.0;2471.0;3685.0;-41.0;65.0;-213.0;293.0
3570.0;5990.0;9930.0;16460.0;2579.0;3765.0;3410.0;5710.0;9500.0;15570.0;2460.0;3667.0;-41.0;67.0;-215.0;296.0
3610.0;6030.0;10080.0;16630.0;2592.0;3787.0;3440.0;5760.0;9610.0;15850.0;2483.0;3695.0;-41.0;65.0;-215.0;303.0
3660.0;6160.0;10240.0;16830.0;2641.0;3836.0;3500.0;5840.0;9750.0;16020.0;2501.0;3720.0;-42.0;65.0;-219.0;309.0
3720.0;6240.0;10350.0;17040.0;2655.0;3857.0;3490.0;5830.0;9790.0;16070.0;2521.0;3737.0;-45.0;60.0;-223.0;303.0
3700.0;6210.0;10390.0;16970.0;2662.0;3866.0;3490.0;5860.0;9830.0;16140.0;2536.0;3747.0;-42.0;66.0;-223.0;291.0
3670.0;6170.0;10270.0;16880.0;2628.0;3842.0;3470.0;5810.0;9710.0;15900.0;2498.0;3710.0;-42.0;60.0;-223.0;306.0
3690.0;6200.0;10310.0;17060.0;2644.0;3841.0;3410.0;5740.0;9680.0;15990.0;2515.0;3736.0;-41.0;64.0;-216.0;303.0
3720.0;6220.0;10370.0;17010.0;2664.0;3874.0;3510.0;5920.0;9870.0;16190.0;2530.0;3746.0;-41.0;64.0;-213.0;301.0
3710.0;6190.0;10320.0;16950.0;2664.0;3851.0;3480.0;5820.0;9710.0;16030.0;2521.0;3746.0;-41.0;69.0;-209.0;309.0
3690.0;6180.0;10290.0;16900.0;2653.0;3855.0;3460.0;5820.0;9680.0;15980.0;2513.0;3751.0;-41.0;69.0;-213.0;298.0
3670.0;6190.0;10290.0;16930.0;2626.0;3831.0;3520.0;5900.0;9900.0;16170.0;2517.0;3728.0;-36.0;65.0;-209.0;294.0
3670.0;6170.0;10290.0;16970.0;2637.0;3850.0;3450.0;5780.0;9690.0;16070.0;2515.0;3743.0;-36.0;66.0;-213.0;304.0
3740.0;6280.0;10410.0;17120.0;2675.0;3883.0;3520.0;5920.0;9880.0;16260.0;2527.0;3762.0;-36.0;60.0;-210.0;302.0
3700.0;6200.0;10350.0;17020.0;2662.0;3880.0;3480.0;5810.0;9730.0;16090.0;2525.0;3751.0;-45.0;65.0;-215.0;290.0
3750.0;6280.0;10410.0;17100.0;2673.0;3894.0;3550.0;5950.0;9960.0;16340.0;2548.0;3777.0;-45.0;64.0;-215.0;304.0
3740.0;6220.0;10400.0;17020.0;2660.0;3894.0;3520.0;5920.0;9870.0;16230.0;2540.0;3783.0;-45.0;65.0;-217.0;307.0
3780.0;6330.0;10520.0;17300.0;2697.0;3906.0;3550.0;5920.0;9930.0;16400.0;2569.0;3791.0;-45.0;63.0;-217.0;298.0
3850.0;6400.0;10630.0;17480.0;2701.0;3929.0;3550.0;5960.0;9960.0;16480.0;2561.0;3817.0;-45.0;60.0;-220.0;301.0
3840.0;6400.0;10630.0;17420.0;2715.0;3931.0;3600.0;6020.0;10070.0;16480.0;2567.0;3803.0;-45.0;69.0;-217.0;298.0
3820.0;6420.0;10660.0;17530.0;2721.0;3963.0;3610.0;6070.0;10090.0;16580.0;2583.0;3837.0;-45.0;75.0;-220.0;307.0
3830.0;6430.0;10720.0;17440.0;2720.0;3966.0;3560.0;5980.0;10040.0;16570.0;2606.0;3841.0;-43.0;60.0;-220.0;298.0
3910.0;6530.0;10820.0;17670.0;2756.0;3970.0;3600.0;6000.0;10040.0;16540.0;2599.0;3863.0;-45.0;55.0;-220.0;304.0
3850.0;6440.0;10710.0;17530.0;2722.0;3948.0;3570.0;5930.0;9980.0;16530.0;2593.0;3847.0;-45.0;64.0;-219.0;299.0
3750.0;6270.0;10470.0;17230.0;2696.0;3928.0;3580.0;6010.0;10050.0;16460.0;2579.0;3812.0;-45.0;65.0;-219.0;300.0
3770.0;6320.0;10580.0;17350.0;2702.0;3933.0;3590.0;6030.0;10000.0;16430.0;2574.0;3828.0;-45.0;69.0;-219.0;300.0
3790.0;6380.0;10630.0;17470.0;2715.0;3945.0;3610.0;6040.0;10050.0;16510.0;2580.0;3833.0;-45.0;66.0;-219.0;298.0
3830.0;6400.0;10660.0;17440.0;2719.0;3948.0;3620.0;6030.0;10110.0;16600.0;2588.0;3823.0;-43.0;74.0;-219.0;298.0
3820.0;6380.0;10650.0;17420.0;2710.0;3944.0;3610.0;6020.0;10050.0;16560.0;2577.0;3828.0;-36.0;60.0;-217.0;299.0
3810.0;6390.0;10670.0;17500.0;2725.0;3959.0;3520.0;5940.0;9950.0;16360.0;2584.0;3844.0;-40.0;67.0;-217.0;309.0
3830.0;6390.0;10650.0;17420.0;2724.0;3970.0;3580.0;5970.0;9950.0;16480.0;2584.0;3855.0;-40.0;75.0;-217.0;302.0
3840.0;6440.0;10720.0;17550.0;2732.0;3971.0;3610.0;6040.0;10050.0;16530.0;2595.0;3872.0;-40.0;72.0;-217.0;305.0
3830.0;6410.0;10600.0;17440.0;2725.0;3974.0;3620.0;6090.0;10170.0;16650.0;2599.0;3848.0;-40.0;70.0;-217.0;302.0
3800.0;6350.0;10570.0;17460.0;2721.0;3953.0;3600.0;6070.0;10120.0;16620.0;2587.0;3847.0;-43.0;64.0;-220.0;300.0
3860.0;6480.0;10790.0;17680.0;2755.0;3991.0;3650.0;6120.0;10190.0;16660.0;2614.0;3888.0;-43.0;71.0;-220.0;303.0
3870.0;6460.0;10710.0;17610.0;2752.0;3992.0;3650.0;6120.0;10210.0;16720.0;2617.0;3870.0;-45.0;65.0;-220.0;295.0
3790.0;6380.0;10660.0;17510.0;2730.0;3988.0;3590.0;6020.0;10070.0;16640.0;2600.0;3885.0;-44.0;62.0;-223.0;301.0
3820.0;6410.0;10670.0;17620.0;2735.0;3989.0;3660.0;6120.0;10210.0;16750.0;2615.0;3878.0;-44.0;62.0;-223.0;294.0
3890.0;6470.0;10800.0;17710.0;2759.0;4003.0;3640.0;6090.0;10170.0;16760.0;2613.0;3887.0;-41.0;57.0;-212.0;306.0
3900.0;6540.0;10820.0;17810.0;2772.0;4023.0;3730.0;6220.0;10330.0;16900.0;2640.0;3923.0;-44.0;62.0;-223.0;310.0
3920.0;6550.0;10880.0;17810.0;2783.0;4029.0;3630.0;6070.0;10170.0;16720.0;2634.0;3919.0;-41.0;60.0;-212.0;305.0
3930.0;6550.0;10890.0;17940.0;2793.0;4051.0;3670.0;6150.0;10250.0;16790.0;2630.0;3921.0;-41.0;66.0;-212.0;304.0
4030.0;6690.0;11100.0;18120.0;2827.0;4066.0;3700.0;6210.0;10330.0;16990.0;2661.0;3945.0;-49.0;69.0;-224.0;299.0
3910.0;6550.0;10900.0;17880.0;2799.0;4068.0;3740.0;6230.0;10360.0;17020.0;2660.0;3946.0;-49.0;74.0;-224.0;314.0
3940.0;6600.0;10950.0;18010.0;2790.0;4062.0;3660.0;6110.0;10170.0;16780.0;2644.0;3921.0;-49.0;67.0;-224.0;307.0
3980.0;6670.0;11050.0;18060.0;2806.0;4074.0;3670.0;6160.0;10300.0;16980.0;2659.0;3947.0;-49.0;63.0;-224.0;306.0
3930.0;6600.0;10950.0;17980.0;2808.0;4060.0;3690.0;6200.0;10350.0;16980.0;2646.0;3927.0;-48.0;60.0;-218.0;305.0
3910.0;6560.0;10830.0;17760.0;2771.0;4044.0;3750.0;6230.0;10410.0;17070.0;2650.0;3935.0;-37.0;69.0;-214.0;302.0
3910.0;6570.0;10970.0;17940.0;2798.0;4059.0;3670.0;6150.0;10260.0;16950.0;2645.0;3937.0;-35.0;66.0;-214.0;304.0
3980.0;6650.0;11060.0;18060.0;2808.0;4075.0;3710.0;6170.0;10300.0;16920.0;2652.0;3954.0;-35.0;62.0;-214.0;292.0
3850.0;6430.0;10760.0;17580.0;2752.0;4017.0;3720.0;6220.0;10380.0;17030.0;2656.0;3928.0;-37.0;60.0;-215.0;297.0
3920.0;6560.0;10880.0;17900.0;2784.0;4032.0;3720.0;6160.0;10300.0;16860.0;2641.0;3933.0;-35.0;65.0;-215.0;305.0
3900.0;6520.0;10830.0;17740.0;2775.0;4021.0;3680.0;6160.0;10270.0;16880.0;2641.0;3922.0;-39.0;67.0;-215.0;309.0
3940.0;6590.0;10900.0;17860.0;2778.0;4038.0;3720.0;6210.0;10330.0;16940.0;2646.0;3929.0;-46.0;61.0;-219.0;303.0
3930.0;6540.0;10870.0;17790.0;2775.0;4040.0;3740.0;6210.0;10290.0;16970.0;2639.0;3915.0;-46.0;69.0;-219.0;304.0
3990.0;6650.0;11000.0;18100.0;2809.0;4070.0;3740.0;6220.0;10340.0;17020.0;2669.0;3952.0;-46.0;73.0;-223.0;305.0
3990.0;6630.0;11050.0;18100.0;2808.0;4089.0;3720.0;6220.0;10360.0;16960.0;2664.0;3952.0;-50.0;65.0;-223.0;305.0
4010.0;6670.0;11100.0;18190.0;2827.0;4104.0;3820.0;6390.0;10550.0;17250.0;2697.0;3997.0;-50.0;65.0;-223.0;308.0
3960.0;6630.0;11010.0;17950.0;2808.0;4074.0;3740.0;6260.0;10420.0;17110.0;2678.0;3967.0;-45.0;63.0;-223.0;308.0
3940.0;6580.0;10910.0;17840.0;2792.0;4078.0;3730.0;6230.0;10410.0;17040.0;2668.0;3952.0;-45.0;62.0;-223.0;306.0
4000.0;6680.0;11100.0;18170.0;2831.0;4102.0;3760.0;6260.0;10440.0;17190.0;2686.0;3992.0;-45.0;58.0;-216.0;317.0
4040.0;6710.0;11170.0;18300.0;2839.0;4109.0;3770.0;6270.0;10520.0;17330.0;2702.0;3991.0;-45.0;58.0;-222.0;298.0
4050.0;6740.0;11130.0;18240.0;2841.0;4126.0;3820.0;6360.0;10630.0;17310.0;2685.0;3995.0;-47.0;69.0;-222.0;311.0
4000.0;6680.0;11090.0;18170.0;2838.0;4119.0;3790.0;6340.0;10580.0;17240.0;2697.0;3996.0;-47.0;69.0;-221.0;314.0
4030.0;6730.0;11160.0;18180.0;2844.0;4118.0;3810.0;6350.0;10580.0;17300.0;2694.0;3994.0;-43.0;65.0;-221.0;311.0
4040.0;6760.0;11190.0;18290.0;2853.0;4147.0;3770.0;6300.0;10500.0;17300.0;2708.0;4020.0;-43.0;72.0;-221.0;306.0
4040.0;6760.0;11210.0;18380.0;2855.0;4127.0;3810.0;6340.0;10570.0;17320.0;2703.0;4020.0;-43.0;74.0;-220.0;310.0
4040.0;6730.0;11140.0;18280.0;2840.0;4132.0;3830.0;6390.0;10630.0;17470.0;2714.0;4010.0;-43.0;71.0;-220.0;303.0
4050.0;6740.0;11200.0;18220.0;2848.0;4138.0;3840.0;6400.0;10630.0;17400.0;2710.0;4011.0;-43.0;61.0;-219.0;297.0
4030.0;6710.0;11200.0;18280.0;2836.0;4124.0;3860.0;6440.0;10650.0;17430.0;2721.0;4024.0;-40.0;65.0;-219.0;306.0
4040.0;6770.0;11140.0;18310.0;2850.0;4136.0;3810.0;6330.0;10590.0;17270.0;2698.0;4007.0;-42.0;64.0;-219.0;307.0
3990.0;6650.0;10990.0;18100.0;2816.0;4114.0;3750.0;6240.0;10430.0;17160.0;2697.0;3999.0;-41.0;69.0;-212.0;298.0
4000.0;6670.0;11040.0;18110.0;2832.0;4112.0;3760.0;6290.0;10450.0;17180.0;2689.0;4001.0;-41.0;70.0;-212.0;305.0
4030.0;6710.0;11140.0;18210.0;2824.0;4121.0;3830.0;6390.0;10630.0;17410.0;2713.0;4011.0;-42.0;68.0;-220.0;307.0
4100.0;6820.0;11270.0;18450.0;2862.0;4157.0;3870.0;6450.0;10700.0;17490.0;2717.0;4044.0;-42.0;63.0;-220.0;308.0
4070.0;6760.0;11180.0;18320.0;2845.0;4130.0;3840.0;6420.0;10690.0;17470.0;2714.0;4030.0;-42.0;62.0;-220.0;309.0
4080.0;6790.0;11270.0;18380.0;2869.0;4162.0;3910.0;6510.0;10790.0;17530.0;2745.0;4043.0;-42.0;67.0;-220.0;304.0
4080.0;6820.0;11280.0;18430.0;2866.0;4168.0;3870.0;6430.0;10660.0;17450.0;2742.0;4049.0;-42.0;67.0;-219.0;312.0
4120.0;6870.0;11380.0;18670.0;2889.0;4195.0;3910.0;6480.0;10790.0;17620.0;2759.0;4093.0;-42.0;67.0;-219.0;307.0
4170.0;6930.0;11510.0;18720.0;2900.0;4199.0;3900.0;6530.0;10780.0;17630.0;2755.0;4080.0;-47.0;70.0;-220.0;299.0
4070.0;6810.0;11270.0;18470.0;2868.0;4185.0;3890.0;6500.0;10830.0;17650.0;2749.0;4052.0;-47.0;69.0;-223.0;302.0
4100.0;6850.0;11340.0;18620.0;2894.0;4194.0;3880.0;6470.0;10760.0;17800.0;2755.0;4092.0;-48.0;60.0;-223.0;307.0
4190.0;6970.0;11560.0;18800.0;2916.0;4228.0;3930.0;6560.0;10820.0;17790.0;2775.0;4089.0;-49.0;72.0;-223.0;305.0
4210.0;6990.0;11580.0;18860.0;2926.0;4236.0;3940.0;6570.0;10920.0;17830.0;2783.0;4108.0;-49.0;61.0;-223.0;305.0
4140.0;6890.0;11460.0;18820.0;2924.0;4238.0;3900.0;6530.0;10800.0;17730.0;2774.0;4124.0;-49.0;71.0;-219.0;308.0
4100.0;6840.0;11390.0;18620.0;2908.0;4211.0;3920.0;6550.0;10900.0;17770.0;2763.0;4083.0;-49.0;69.0;-218.0;306.0
4130.0;6890.0;11400.0;18590.0;2911.0;4228.0;3910.0;6570.0;10890.0;17820.0;2768.0;4115.0;-46.0;55.0;-218.0;306.0
4110.0;6860.0;11400.0;18650.0;2914.0;4216.0;3900.0;6490.0;10770.0;17730.0;2764.0;4111.0;-46.0;67.0;-219.0;306.0
4180.0;6980.0;11560.0;18880.0;2932.0;4237.0;3920.0;6540.0;10890.0;17800.0;2774.0;4130.0;-44.0;66.0;-220.0;303.0
4150.0;6940.0;11490.0;18770.0;2917.0;4229.0;3930.0;6570.0;10940.0;17950.0;2781.0;4128.0;-46.0;62.0;-221.0;311.0
4190.0;6970.0;11520.0;18800.0;2916.0;4228.0;3980.0;6590.0;11010.0;17930.0;2789.0;4102.0;-46.0;71.0;-221.0;303.0
4180.0;6940.0;11550.0;18810.0;2925.0;4248.0;3980.0;6640.0;10970.0;17970.0;2782.0;4113.0;-41.0;67.0;-221.0;305.0
4190.0;7020.0;11520.0;18920.0;2933.0;4267.0;3900.0;6530.0;10850.0;17970.0;2800.0;4144.0;-41.0;69.0;-221.0;309.0
4150.0;6920.0;11430.0;18740.0;2911.0;4240.0;3990.0;6620.0;10920.0;17860.0;2793.0;4124.0;-41.0;71.0;-217.0;303.0
4170.0;6940.0;11480.0;18760.0;2925.0;4237.0;3960.0;6590.0;10970.0;17930.0;2776.0;4122.0;-41.0;67.0;-217.0;311.0
4220.0;7030.0;11580.0;18980.0;2962.0;4268.0;3940.0;6590.0;10950.0;17840.0;2796.0;4161.0;-41.0;68.0;-217.0;310.0
4150.0;6920.0;11450.0;18750.0;2921.0;4258.0;3960.0;6610.0;10980.0;17910.0;2783.0;4122.0;-40.0;70.0;-214.0;311.0
4230.0;7030.0;11540.0;18870.0;2952.0;4253.0;3950.0;6620.0;11010.0;18090.0;2801.0;4138.0;-40.0;62.0;-214.0;300.0
4090.0;6800.0;11310.0;18500.0;2892.0;4220.0;3920.0;6530.0;10810.0;17710.0;2771.0;4096.0;-42.0;65.0;-215.0;304.0
4090.0;6810.0;11270.0;18580.0;2880.0;4196.0;3950.0;6570.0;10920.0;17790.0;2772.0;4090.0;-42.0;59.0;-214.0;310.0
4170.0;6960.0;11520.0;18760.0;2918.0;4219.0;3930.0;6530.0;10780.0;17630.0;2756.0;4109.0;-42.0;74.0;-215.0;309.0
4190.0;7000.0;11550.0;18900.0;2947.0;4258.0;3920.0;6540.0;10950.0;17880.0;2799.0;4136.0;-42.0;69.0;-215.0;310.0
4170.0;6960.0;11530.0;18970.0;2940.0;4264.0;4010.0;6690.0;11040.0;18070.0;2807.0;4152.0;-42.0;68.0;-215.0;311.0
4220.0;7010.0;11610.0;18850.0;2945.0;4261.0;4000.0;6670.0;11020.0;17990.0;2797.0;4148.0;-43.0;73.0;-214.0;317.0
4150.0;6920.0;11470.0;18930.0;2934.0;4255.0;3990.0;6630.0;10990.0;17940.0;2780.0;4142.0;-41.0;70.0;-214.0;314.0
4290.0;7100.0;11730.0;19150.0;2957.0;4306.0;3990.0;6630.0;10990.0;17950.0;2823.0;4183.0;-38.0;66.0;-213.0;303.0
4160.0;6940.0;11460.0;18850.0;2933.0;4265.0;4000.0;6640.0;10980.0;18040.0;2794.0;4143.0;-41.0;66.0;-212.0;301.0
4180.0;6950.0;11520.0;18840.0;2938.0;4279.0;3990.0;6630.0;11010.0;17910.0;2782.0;4133.0;-38.0;65.0;-212.0;296.0
4150.0;6920.0;11440.0;18770.0;2925.0;4232.0;3960.0;6600.0;10930.0;17840.0;2778.0;4138.0;-38.0;64.0;-212.0;305.0
4160.0;6950.0;11490.0;18840.0;2932.0;4243.0;3980.0;6620.0;10980.0;17920.0;2797.0;4140.0;-41.0;67.0;-213.0;306.0
4230.0;7010.0;11550.0;18920.0;2938.0;4282.0;3960.0;6630.0;10990.0;18100.0;2816.0;4157.0;-44.0;73.0;-218.0;307.0
4270.0;7070.0;11700.0;19140.0;2967.0;4300.0;4010.0;6700.0;11130.0;18260.0;2832.0;4170.0;-46.0;66.0;-219.0;312.0
4290.0;7140.0;11800.0;19230.0;2983.0;4311.0;4060.0;6760.0;11160.0;18250.0;2840.0;4197.0;-46.0;66.0;-219.0;306.0
4190.0;7000.0;11610.0;19030.0;2958.0;4294.0;4040.0;6680.0;11080.0;18110.0;2826.0;4175.0;-46.0;64.0;-219.0;306.0
4230.0;7040.0;11650.0;19030.0;2959.0;4298.0;3990.0;6670.0;11090.0;18120.0;2820.0;4188.0;-46.0;69.0;-219.0;303.0
4260.0;7120.0;11750.0;19140.0;2978.0;4312.0;4050.0;6740.0;11110.0;18090.0;2824.0;4171.0;-42.0;67.0;-219.0;312.0
4310.0;7120.0;11760.0;19270.0;2984.0;4318.0;4040.0;6760.0;11190.0;18230.0;2852.0;4217.0;-42.0;69.0;-220.0;313.0
4290.0;7120.0;11810.0;19230.0;2982.0;4325.0;4050.0;6740.0;11140.0;18190.0;2849.0;4211.0;-42.0;70.0;-220.0;313.0
4330.0;7160.0;11830.0;19390.0;2999.0;4322.0;4100.0;6780.0;11240.0;18260.0;2841.0;4210.0;-45.0;70.0;-221.0;307.0
4340.0;7220.0;11910.0;19450.0;2991.0;4349.0;4100.0;6790.0;11280.0;18390.0;2853.0;4227.0;-41.0;71.0;-220.0;313.0
4290.0;7150.0;11870.0;19330.0;3000.0;4358.0;4050.0;6740.0;11120.0;18300.0;2846.0;4227.0;-41.0;59.0;-220.0;308.0
4320.0;7140.0;11840.0;19300.0;3005.0;4339.0;4070.0;6760.0;11200.0;18270.0;2851.0;4218.0;-40.0;69.0;-221.0;315.0
4350.0;7190.0;11940.0;19440.0;3012.0;4363.0;4020.0;6730.0;11190.0;18350.0;2869.0;4224.0;-40.0;58.0;-219.0;314.0
4310.0;7180.0;11870.0;19290.0;3010.0;4345.0;4080.0;6800.0;11250.0;18430.0;2863.0;4230.0;-40.0;67.0;-219.0;308.0
4340.0;7180.0;11920.0;19510.0;3019.0;4382.0;4110.0;6860.0;11340.0;18440.0;2873.0;4236.0;-40.0;70.0;-217.0;312.0
4250.0;7070.0;11720.0;19190.0;2985.0;4362.0;4080.0;6750.0;11180.0;18300.0;2843.0;4228.0;-40.0;63.0;-216.0;309.0
4290.0;7120.0;11790.0;19240.0;2985.0;4347.0;4120.0;6830.0;11300.0;18370.0;2858.0;4230.0;-41.0;73.0;-216.0;303.0
4330.0;7170.0;11800.0;19250.0;3000.0;4346.0;4070.0;6770.0;11210.0;18410.0;2866.0;4226.0;-43.0;70.0;-219.0;304.0
4280.0;7140.0;11790.0;19400.0;3001.0;4355.0;4070.0;6800.0;11300.0;18400.0;2856.0;4209.0;-41.0;70.0;-217.0;313.0
4330.0;7210.0;11850.0;19250.0;2999.0;4348.0;4060.0;6760.0;11200.0;18360.0;2872.0;4246.0;-43.0;67.0;-219.0;310.0
4290.0;7130.0;11790.0;19270.0;3007.0;4364.0;4090.0;6790.0;11280.0;18480.0;2871.0;4222.0;-43.0;69.0;-219.0;307.0
4350.0;7230.0;11920.0;19500.0;3018.0;4371.0;4060.0;6800.0;11290.0;18440.0;2893.0;4248.0;-47.0;59.0;-219.0;305.0
4300.0;7150.0;11800.0;19320.0;3004.0;4350.0;4100.0;6860.0;11290.0;18530.0;2872.0;4239.0;-48.0;66.0;-219.0;303.0
4270.0;7100.0;11720.0;19170.0;2991.0;4337.0;4100.0;6790.0;11230.0;18390.0;2866.0;4212.0;-48.0;67.0;-221.0;303.0
4310.0;7130.0;11790.0;19270.0;2988.0;4363.0;4100.0;6840.0;11280.0;18340.0;2849.0;4232.0;-51.0;64.0;-225.0;309.0
4260.0;7100.0;11780.0;19240.0;2982.0;4327.0;4100.0;6820.0;11230.0;18410.0;2860.0;4230.0;-52.0;69.0;-225.0;305.0
4290.0;7120.0;11800.0;19320.0;3001.0;4346.0;4110.0;6810.0;11340.0;18470.0;2856.0;4235.0;-51.0;71.0;-221.0;310.0
4230.0;7050.0;11700.0;19090.0;2971.0;4334.0;4050.0;6710.0;11140.0;18160.0;2849.0;4219.0;-45.0;59.0;-220.0;312.0
4250.0;7070.0;11720.0;19150.0;2982.0;4319.0;4040.0;6730.0;11160.0;18330.0;2840.0;4227.0;-42.0;74.0;-220.0;305.0
4240.0;7040.0;11640.0;18970.0;2977.0;4320.0;4040.0;6730.0;11210.0;18240.0;2860.0;4217.0;-42.0;78.0;-220.0;310.0
4280.0;7100.0;11720.0;19130.0;2985.0;4329.0;4060.0;6710.0;11170.0;18230.0;2848.0;4210.0;-42.0;67.0;-221.0;306.0
4300.0;7160.0;11800.0;19280.0;2993.0;4344.0;4070.0;6770.0;11230.0;18270.0;2840.0;4232.0;-44.0;69.0;-223.0;298.0
4310.0;7170.0;11770.0;19360.0;2995.0;4353.0;4090.0;6780.0;11260.0;18400.0;2873.0;4248.0;-47.0;65.0;-225.0;303.0
4350.0;7190.0;11840.0;19300.0;2993.0;4357.0;4110.0;6800.0;11280.0;18430.0;2869.0;4233.0;-47.0;68.0;-223.0;309.0
4420.0;7320.0;12060.0;19660.0;3055.0;4411.0;4150.0;6900.0;11420.0;18710.0;2897.0;4279.0;-47.0;73.0;-223.0;305.0
4440.0;7340.0;12130.0;19750.0;3063.0;4418.0;4150.0;6920.0;11470.0;18600.0;2894.0;4290.0;-45.0;66.0;-225.0;308.0
4440.0;7410.0;12170.0;19860.0;3072.0;4444.0;4220.0;7000.0;11530.0;18740.0;2923.0;4309.0;-45.0;66.0;-226.0;307.0
4430.0;7340.0;12110.0;19920.0;3084.0;4465.0;4200.0;6970.0;11500.0;18870.0;2924.0;4321.0;-41.0;58.0;-218.0;309.0
4420.0;7350.0;12130.0;19810.0;3059.0;4440.0;4140.0;6880.0;11430.0;18680.0;2916.0;4288.0;-45.0;75.0;-221.0;319.0
4420.0;7350.0;12160.0;19770.0;3076.0;4449.0;4230.0;7010.0;11620.0;18850.0;2933.0;4327.0;-45.0;57.0;-221.0;310.0
4450.0;7360.0;12170.0;19830.0;3064.0;4449.0;4200.0;7000.0;11550.0;18770.0;2921.0;4312.0;-46.0;59.0;-221.0;307.0
4430.0;7360.0;12200.0;19730.0;3082.0;4439.0;4230.0;6980.0;11560.0;18880.0;2944.0;4330.0;-46.0;62.0;-221.0;309.0
4400.0;7290.0;12060.0;19670.0;3052.0;4433.0;4160.0;6950.0;11510.0;18830.0;2917.0;4311.0;-48.0;72.0;-228.0;311.0
4500.0;7420.0;12190.0;19920.0;3077.0;4455.0;4200.0;7010.0;11640.0;18970.0;2948.0;4335.0;-46.0;66.0;-228.0;315.0
4500.0;7470.0;12340.0;20150.0;3119.0;4480.0;4210.0;6980.0;11610.0;19010.0;2956.0;4355.0;-42.0;65.0;-228.0;309.0
4520.0;7490.0;12340.0;20150.0;3115.0;4504.0;4190.0;6960.0;11540.0;18930.0;2942.0;4358.0;-42.0;65.0;-221.0;317.0
4570.0;7560.0;12420.0;20120.0;3119.0;4507.0;4310.0;7110.0;11730.0;19090.0;2958.0;4360.0;-42.0;65.0;-219.0;304.0
4520.0;7490.0;12380.0;20050.0;3105.0;4504.0;4300.0;7120.0;11760.0;19070.0;2966.0;4382.0;-42.0;72.0;-219.0;308.0
4480.0;7410.0;12200.0;19970.0;3103.0;4493.0;4270.0;7050.0;11660.0;19020.0;2963.0;4362.0;-41.0;73.0;-216.0;305.0
4490.0;7440.0;12250.0;19970.0;3111.0;4507.0;4210.0;7010.0;11600.0;19010.0;2958.0;4364.0;-42.0;67.0;-216.0;311.0
4530.0;7510.0;12350.0;20160.0;3129.0;4530.0;4310.0;7160.0;11850.0;19350.0;2980.0;4397.0;-42.0;67.0;-216.0;312.0
4480.0;7420.0;12280.0;20090.0;3113.0;4526.0;4290.0;7120.0;11830.0;19280.0;2972.0;4391.0;-42.0;68.0;-216.0;318.0
4530.0;7490.0;12350.0;20120.0;3132.0;4526.0;4290.0;7110.0;11800.0;19340.0;2990.0;4392.0;-40.0;68.0;-215.0;310.0
4560.0;7540.0;12430.0;20240.0;3133.0;4529.0;4290.0;7100.0;11700.0;19210.0;2985.0;4396.0;-40.0;65.0;-215.0;305.0
4500.0;7460.0;12330.0;20090.0;3118.0;4527.0;4290.0;7120.0;11760.0;19090.0;2991.0;4399.0;-40.0;68.0;-215.0;308.0
4420.0;7350.0;12160.0;19880.0;3097.0;4496.0;4280.0;7090.0;11670.0;19070.0;2969.0;4374.0;-38.0;69.0;-215.0;308.0
4470.0;7420.0;12250.0;19850.0;3093.0;4475.0;4270.0;7080.0;11680.0;19050.0;2952.0;4346.0;-40.0;62.0;-218.0;304.0
4440.0;7340.0;12150.0;19840.0;3086.0;4487.0;4240.0;7060.0;11700.0;19070.0;2951.0;4372.0;-40.0;68.0;-218.0;317.0
4520.0;7500.0;12380.0;20100.0;3118.0;4515.0;4270.0;7120.0;11700.0;19120.0;2962.0;4372.0;-42.0;70.0;-220.0;311.0
4500.0;7450.0;12320.0;20100.0;3126.0;4513.0;4280.0;7090.0;11670.0;18980.0;2957.0;4388.0;-42.0;67.0;-220.0;309.0
4570.0;7610.0;12520.0;20470.0;3146.0;4546.0;4340.0;7220.0;11870.0;19390.0;3003.0;4404.0;-44.0;67.0;-225.0;311.0
4550.0;7550.0;12470.0;20320.0;3136.0;4567.0;4310.0;7180.0;11830.0;19340.0;2999.0;4424.0;-44.0;69.0;-225.0;312.0
4520.0;7530.0;12380.0;20160.0;3133.0;4537.0;4290.0;7130.0;11770.0;19220.0;2988.0;4422.0;-46.0;65.0;-228.0;314.0
4570.0;7550.0;12500.0;20340.0;3153.0;4549.0;4280.0;7130.0;11830.0;19290.0;2999.0;4416.0;-46.0;68.0;-228.0;305.0
4520.0;7520.0;12440.0;20240.0;3155.0;4551.0;4350.0;7210.0;11920.0;19330.0;3006.0;4418.0;-46.0;73.0;-228.0;305.0
4600.0;7620.0;12570.0;20440.0;3166.0;4556.0;4350.0;7190.0;11840.0;19280.0;2995.0;4432.0;-41.0;72.0;-223.0;302.0
4530.0;7530.0;12370.0;20200.0;3124.0;4533.0;4300.0;7130.0;11790.0;19180.0;2978.0;4392.0;-41.0;69.0;-225.0;315.0
4500.0;7480.0;12340.0;20130.0;3127.0;4521.0;4260.0;7100.0;11730.0;19170.0;2996.0;4425.0;-36.0;70.0;-223.0;306.0
4530.0;7520.0;12350.0;20210.0;3137.0;4544.0;4330.0;7190.0;11900.0;19470.0;2998.0;4424.0;-41.0;73.0;-223.0;312.0
4540.0;7570.0;12520.0;20320.0;3159.0;4565.0;4260.0;7090.0;11730.0;19180.0;2990.0;4409.0;-44.0;66.0;-225.0;314.0
4540.0;7540.0;12460.0;20270.0;3147.0;4555.0;4340.0;7210.0;11880.0;19230.0;3006.0;4428.0;-44.0;68.0;-225.0;310.0
4550.0;7560.0;12480.0;20310.0;3146.0;4559.0;4350.0;7240.0;11950.0;19440.0;3014.0;4447.0;-44.0;70.0;-230.0;310.0
4610.0;7620.0;12540.0;20370.0;3168.0;4569.0;4320.0;7150.0;11870.0;19240.0;3019.0;4438.0;-47.0;69.0;-230.0;310.0
4600.0;7580.0;12510.0;20350.0;3145.0;4577.0;4300.0;7140.0;11840.0;19310.0;3003.0;4425.0;-50.0;71.0;-230.0;315.0
4570.0;7570.0;12510.0;20380.0;3156.0;4565.0;4300.0;7110.0;11880.0;19370.0;3011.0;4444.0;-50.0;62.0;-226.0;311.0
4510.0;7480.0;12310.0;20130.0;3139.0;4566.0;4290.0;7160.0;11840.0;19270.0;3007.0;4437.0;-50.0;72.0;-226.0;307.0
4510.0;7520.0;12420.0;20190.0;3134.0;4534.0;4310.0;7160.0;11820.0;19300.0;3003.0;4421.0;-44.0;71.0;-217.0;307.0
4530.0;7570.0;12490.0;20360.0;3143.0;4562.0;4350.0;7190.0;11830.0;19330.0;3004.0;4443.0;-44.0;66.0;-217.0;313.0
4600.0;7630.0;12650.0;20530.0;3178.0;4587.0;4310.0;7140.0;11790.0;19380.0;3011.0;4451.0;-37.0;72.0;-217.0;314.0
4610.0;7680.0;12610.0;20580.0;3180.0;4608.0;4390.0;7270.0;12030.0;19520.0;3050.0;4468.0;-44.0;67.0;-217.0;316.0
4580.0;7570.0;12480.0;20430.0;3171.0;4587.0;4330.0;7190.0;11870.0;19320.0;3021.0;4441.0;-48.0;70.0;-222.0;312.0
4590.0;7600.0;12560.0;20410.0;3156.0;4582.0;4330.0;7190.0;11900.0;19420.0;3013.0;4461.0;-48.0;71.0;-225.0;309.0
4630.0;7650.0;12620.0;20520.0;3190.0;4614.0;4360.0;7240.0;12030.0;19520.0;3033.0;4489.0;-48.0;71.0;-224.0;306.0
4510.0;7500.0;12460.0;20180.0;3147.0;4578.0;4310.0;7160.0;11860.0;19370.0;3015.0;4451.0;-48.0;66.0;-225.0;310.0
4640.0;7680.0;12670.0;20620.0;3198.0;4601.0;4390.0;7290.0;12040.0;19560.0;3033.0;4494.0;-48.0;66.0;-230.0;315.0
4510.0;7500.0;12370.0;20290.0;3148.0;4576.0;4320.0;7190.0;11930.0;19460.0;3025.0;4445.0;-46.0;64.0;-230.0;312.0
4700.0;7770.0;12800.0;20740.0;3213.0;4623.0;4420.0;7360.0;12150.0;19790.0;3061.0;4506.0;-46.0;69.0;-230.0;308.0
4710.0;7790.0;12800.0;20800.0;3223.0;4654.0;4470.0;7410.0;12200.0;19780.0;3077.0;4525.0;-46.0;73.0;-230.0;322.0
4720.0;7780.0;12820.0;20860.0;3247.0;4671.0;4410.0;7360.0;12180.0;19830.0;3075.0;4525.0;-45.0;69.0;-229.0;314.0
4670.0;7770.0;12800.0;20830.0;3230.0;4669.0;4420.0;7310.0;12020.0;19650.0;3051.0;4511.0;-41.0;71.0;-225.0;310.0
4720.0;7830.0;12910.0;20930.0;3232.0;4658.0;4390.0;7260.0;11990.0;19580.0;3055.0;4518.0;-42.0;70.0;-219.0;316.0
4720.0;7820.0;12870.0;20850.0;3233.0;4661.0;4410.0;7310.0;12080.0;19720.0;3063.0;4515.0;-42.0;69.0;-219.0;311.0
4640.0;7710.0;12680.0;20630.0;3216.0;4653.0;4430.0;7340.0;12100.0;19790.0;3054.0;4516.0;-45.0;70.0;-222.0;311.0
4670.0;7750.0;12720.0;20670.0;3212.0;4653.0;4420.0;7360.0;12150.0;19720.0;3076.0;4513.0;-50.0;69.0;-222.0;308.0
4620.0;7670.0;12630.0;20620.0;3196.0;4640.0;4470.0;7400.0;12180.0;19760.0;3064.0;4521.0;-50.0;66.0;-222.0;314.0
4690.0;7750.0;12750.0;20800.0;3230.0;4662.0;4410.0;7320.0;12140.0;19790.0;3072.0;4541.0;-52.0;67.0;-227.0;311.0
4660.0;7730.0;12760.0;20800.0;3223.0;4672.0;4450.0;7420.0;12170.0;19960.0;3085.0;4537.0;-52.0;65.0;-230.0;310.0
4660.0;7720.0;12740.0;20820.0;3222.0;4652.0;4460.0;7360.0;12170.0;19720.0;3076.0;4526.0;-53.0;70.0;-230.0;310.0
4720.0;7790.0;12830.0;20780.0;3225.0;4680.0;4400.0;7330.0;12130.0;19840.0;3081.0;4551.0;-53.0;61.0;-229.0;311.0
4740.0;7850.0;12890.0;20930.0;3249.0;4709.0;4500.0;7450.0;12330.0;20050.0;3094.0;4569.0;-53.0;77.0;-229.0;313.0
4760.0;7900.0;12970.0;21100.0;3262.0;4715.0;4480.0;7470.0;12290.0;20070.0;3111.0;4596.0;-53.0;76.0;-229.0;304.0
4560.0;7570.0;12500.0;20390.0;3186.0;4637.0;4420.0;7300.0;12050.0;19600.0;3056.0;4522.0;-50.0;68.0;-225.0;308.0
4680.0;7750.0;12770.0;20760.0;3214.0;4658.0;4470.0;7350.0;12120.0;19800.0;3074.0;4530.0;-50.0;66.0;-227.0;308.0
4640.0;7690.0;12730.0;20790.0;3217.0;4650.0;4430.0;7370.0;12150.0;19800.0;3071.0;4522.0;-44.0;65.0;-225.0;308.0
4730.0;7810.0;12820.0;20830.0;3228.0;4686.0;4490.0;7430.0;12230.0;19810.0;3070.0;4521.0;-44.0;64.0;-225.0;310.0
4610.0;7630.0;12670.0;20640.0;3205.0;4659.0;4460.0;7400.0;12180.0;19810.0;3069.0;4530.0;-44.0;66.0;-222.0;311.0
4660.0;7770.0;12820.0;20830.0;3217.0;4667.0;4430.0;7380.0;12100.0;19770.0;3075.0;4533.0;-43.0;69.0;-221.0;309.0
4710.0;7810.0;12840.0;20940.0;3238.0;4679.0;4390.0;7290.0;12050.0;19870.0;3086.0;4556.0;-43.0;65.0;-221.0;309.0
4730.0;7850.0;12900.0;20950.0;3254.0;4697.0;4450.0;7370.0;12230.0;19950.0;3103.0;4565.0;-43.0;64.0;-221.0;311.0
4800.0;7930.0;13030.0;21150.0;3262.0;4720.0;4470.0;7440.0;12280.0;20130.0;3111.0;4579.0;-44.0;61.0;-217.0;310.0
4720.0;7830.0;12890.0;21120.0;3267.0;4729.0;4520.0;7480.0;12370.0;20080.0;3117.0;4603.0;-43.0;70.0;-217.0;311.0
4650.0;7690.0;12710.0;20770.0;3242.0;4697.0;4490.0;7410.0;12360.0;20050.0;3099.0;4556.0;-44.0;72.0;-220.0;308.0
4710.0;7790.0;12820.0;20820.0;3242.0;4683.0;4520.0;7480.0;12280.0;19970.0;3091.0;4563.0;-43.0;76.0;-216.0;305.0
4790.0;7940.0;13060.0;21230.0;3270.0;4712.0;4490.0;7500.0;12380.0;20140.0;3124.0;4594.0;-46.0;62.0;-220.0;305.0
4740.0;7850.0;12920.0;21050.0;3252.0;4718.0;4510.0;7490.0;12320.0;20080.0;3117.0;4568.0;-49.0;69.0;-224.0;313.0
4760.0;7890.0;13040.0;21180.0;3284.0;4744.0;4530.0;7510.0;12340.0;20090.0;3125.0;4607.0;-52.0;61.0;-228.0;317.0
4800.0;7900.0;13060.0;21220.0;3285.0;4738.0;4510.0;7450.0;12350.0;20110.0;3128.0;4604.0;-52.0;69.0;-228.0;312.0
4800.0;7950.0;13120.0;21280.0;3285.0;4761.0;4590.0;7570.0;12440.0;20280.0;3121.0;4621.0;-52.0;73.0;-228.0;316.0
4790.0;7940.0;13060.0;21180.0;3288.0;4768.0;4510.0;7540.0;12430.0;20260.0;3138.0;4617.0;-48.0;75.0;-220.0;306.0
4840.0;8010.0;13170.0;21390.0;3301.0;4760.0;4600.0;7610.0;12550.0;20310.0;3146.0;4647.0;-45.0;68.0;-220.0;312.0
4860.0;8020.0;13170.0;21370.0;3318.0;4789.0;4530.0;7490.0;12380.0;20180.0;3148.0;4647.0;-45.0;71.0;-220.0;314.0
4840.0;7990.0;13130.0;21380.0;3311.0;4777.0;4590.0;7620.0;12520.0;20400.0;3160.0;4642.0;-36.0;62.0;-222.0;309.0
4800.0;7910.0;13030.0;21230.0;3294.0;4779.0;4560.0;7600.0;12460.0;20320.0;3147.0;4644.0;-45.0;69.0;-223.0;310.0
4810.0;7950.0;13130.0;21350.0;3308.0;4781.0;4630.0;7650.0;12610.0;20470.0;3162.0;4629.0;-46.0;69.0;-226.0;309.0
4800.0;7920.0;13060.0;21180.0;3301.0;4778.0;4560.0;7560.0;12390.0;20320.0;3151.0;4655.0;-46.0;72.0;-226.0;309.0
4850.0;8040.0;13170.0;21510.0;3317.0;4780.0;4650.0;7690.0;12660.0;20530.0;3170.0;4661.0;-45.0;62.0;-226.0;305.0
4790.0;7950.0;13040.0;21250.0;3296.0;4794.0;4610.0;7650.0;12540.0;20400.0;3165.0;4665.0;-45.0;64.0;-226.0;316.0
4880.0;8060.0;13240.0;21500.0;3320.0;4804.0;4600.0;7590.0;12530.0;20300.0;3155.0;4666.0;-43.0;68.0;-219.0;311.0
4810.0;7940.0;13060.0;21300.0;3292.0;4789.0;4560.0;7560.0;12520.0;20270.0;3154.0;4645.0;-38.0;66.0;-217.0;306.0
4840.0;8010.0;13170.0;21450.0;3307.0;4786.0;4640.0;7700.0;12680.0;20620.0;3167.0;4666.0;-38.0;75.0;-217.0;312.0
4860.0;8060.0;13280.0;21530.0;3330.0;4816.0;4630.0;7650.0;12640.0;20440.0;3167.0;4681.0;-38.0;66.0;-215.0;315.0
4780.0;7940.0;13090.0;21290.0;3312.0;4773.0;4600.0;7550.0;12510.0;20350.0;3156.0;4667.0;-38.0;74.0;-217.0;312.0
4850.0;8050.0;13230.0;21480.0;3310.0;4796.0;4600.0;7590.0;12530.0;20290.0;3174.0;4669.0;-38.0;69.0;-220.0;320.0
4910.0;8090.0;13360.0;21640.0;3349.0;4828.0;4590.0;7600.0;12590.0;20430.0;3174.0;4686.0;-43.0;73.0;-220.0;318.0
4920.0;8130.0;13350.0;21680.0;3347.0;4843.0;4630.0;7690.0;12670.0;20670.0;3202.0;4698.0;-41.0;63.0;-220.0;310.0
4940.0;8170.0;13390.0;21700.0;3360.0;4837.0;4640.0;7680.0;12730.0;20640.0;3184.0;4691.0;-43.0;66.0;-221.0;306.0
4840.0;8020.0;13180.0;21460.0;3318.0;4814.0;4640.0;7650.0;12650.0;20530.0;3157.0;4657.0;-46.0;68.0;-235.0;312.0
4810.0;7960.0;13140.0;21410.0;3313.0;4803.0;4590.0;7620.0;12550.0;20360.0;3172.0;4677.0;-48.0;75.0;-235.0;316.0
4930.0;8120.0;13370.0;21670.0;3345.0;4813.0;4650.0;7680.0;12670.0;20530.0;3174.0;4682.0;-48.0;66.0;-234.0;319.0
4880.0;8070.0;13300.0;21690.0;3345.0;4815.0;4580.0;7600.0;12510.0;20340.0;3181.0;4676.0;-48.0;70.0;-234.0;324.0
4840.0;8050.0;13220.0;21460.0;3332.0;4821.0;4650.0;7730.0;12770.0;20660.0;3174.0;4675.0;-43.0;68.0;-230.0;313.0
4900.0;8080.0;13290.0;21610.0;3343.0;4816.0;4590.0;7630.0;12580.0;20400.0;3178.0;4673.0;-43.0;65.0;-228.0;309.0
4860.0;8040.0;13220.0;21480.0;3324.0;4798.0;4630.0;7640.0;12640.0;20590.0;3188.0;4673.0;-41.0;69.0;-222.0;320.0
4870.0;8070.0;13240.0;21560.0;3328.0;4796.0;4650.0;7720.0;12630.0;20610.0;3179.0;4685.0;-43.0;78.0;-222.0;315.0
4850.0;8050.0;13270.0;21550.0;3328.0;4797.0;4540.0;7580.0;12570.0;20420.0;3172.0;4671.0;-47.0;71.0;-228.0;316.0
4880.0;8070.0;13230.0;21540.0;3345.0;4822.0;4620.0;7660.0;12590.0;20530.0;3169.0;4680.0;-47.0;66.0;-228.0;310.0
4830.0;8000.0;13150.0;21370.0;3309.0;4789.0;4540.0;7510.0;12440.0;20250.0;3160.0;4660.0;-47.0;78.0;-229.0;311.0
4860.0;8050.0;13260.0;21520.0;3327.0;4814.0;4650.0;7690.0;12610.0;20490.0;3172.0;4686.0;-47.0;81.0;-229.0;315.0
4950.0;8190.0;13470.0;21870.0;3379.0;4869.0;4650.0;7670.0;12650.0;20600.0;3198.0;4717.0;-47.0;73.0;-229.0;319.0
4950.0;8170.0;13340.0;21750.0;3358.0;4855.0;4680.0;7730.0;12730.0;20770.0;3217.0;4723.0;-47.0;67.0;-220.0;313.0
4910.0;8130.0;13350.0;21660.0;3358.0;4846.0;4630.0;7680.0;12640.0;20470.0;3202.0;4702.0;-47.0;73.0;-222.0;314.0
5000.0;8260.0;13560.0;21940.0;3384.0;4873.0;4670.0;7740.0;12770.0;20710.0;3231.0;4731.0;-43.0;70.0;-220.0;310.0
4970.0;8220.0;13520.0;21870.0;3359.0;4858.0;4630.0;7670.0;12600.0;20570.0;3203.0;4715.0;-45.0;72.0;-221.0;311.0
4960.0;8180.0;13490.0;21860.0;3369.0;4889.0;4700.0;7730.0;12750.0;20720.0;3220.0;4732.0;-43.0;72.0;-221.0;317.0
5020.0;8260.0;13580.0;21990.0;3393.0;4896.0;4700.0;7790.0;12840.0;20890.0;3239.0;4745.0;-42.0;64.0;-222.0;310.0
4880.0;8050.0;13340.0;21700.0;3366.0;4869.0;4650.0;7710.0;12680.0;20670.0;3214.0;4729.0;-42.0;66.0;-223.0;315.0
4970.0;8190.0;13440.0;21930.0;3375.0;4860.0;4680.0;7740.0;12760.0;20730.0;3233.0;4745.0;-45.0;71.0;-223.0;316.0
4990.0;8280.0;13640.0;22110.0;3414.0;4915.0;4760.0;7880.0;12970.0;21080.0;3277.0;4780.0;-46.0;70.0;-224.0;316.0
5010.0;8260.0;13600.0;22020.0;3404.0;4918.0;4740.0;7850.0;12870.0;20910.0;3241.0;4765.0;-46.0;66.0;-223.0;306.0
5010.0;8270.0;13580.0;22050.0;3399.0;4911.0;4780.0;7900.0;13010.0;21000.0;3246.0;4766.0;-46.0;63.0;-218.0;317.0
5020.0;8320.0;13610.0;22080.0;3420.0;4929.0;4730.0;7830.0;12950.0;21050.0;3252.0;4789.0;-44.0;63.0;-218.0;315.0
5030.0;8280.0;13580.0;22120.0;3410.0;4927.0;4760.0;7930.0;13090.0;21110.0;3264.0;4793.0;-44.0;74.0;-230.0;313.0
5020.0;8280.0;13550.0;22090.0;3406.0;4927.0;4760.0;7860.0;12940.0;20960.0;3236.0;4774.0;-42.0;69.0;-229.0;315.0
4980.0;8250.0;13510.0;22050.0;3405.0;4917.0;4760.0;7870.0;12930.0;21060.0;3244.0;4766.0;-44.0;68.0;-230.0;320.0
5030.0;8300.0;13660.0;22110.0;3423.0;4958.0;4780.0;7890.0;12960.0;21020.0;3270.0;4806.0;-50.0;67.0;-233.0;309.0
5010.0;8290.0;13540.0;21960.0;3401.0;4919.0;4730.0;7840.0;12890.0;20940.0;3251.0;4778.0;-50.0;69.0;-231.0;309.0
4980.0;8240.0;13460.0;21920.0;3399.0;4911.0;4730.0;7790.0;12850.0;20870.0;3246.0;4780.0;-48.0;68.0;-231.0;305.0
5010.0;8260.0;13600.0;22060.0;3409.0;4926.0;4770.0;7870.0;12900.0;20920.0;3264.0;4800.0;-50.0;65.0;-231.0;311.0
5040.0;8330.0;13670.0;22090.0;3412.0;4931.0;4770.0;7890.0;13010.0;21200.0;3272.0;4802.0;-48.0;70.0;-228.0;311.0
4940.0;8150.0;13440.0;21870.0;3384.0;4895.0;4760.0;7850.0;12890.0;20930.0;3230.0;4765.0;-45.0;65.0;-228.0;311.0
4940.0;8160.0;13440.0;21860.0;3395.0;4889.0;4690.0;7730.0;12770.0;20870.0;3213.0;4766.0;-44.0;68.0;-228.0;315.0
4920.0;8150.0;13410.0;21790.0;3388.0;4893.0;4690.0;7750.0;12790.0;20870.0;3243.0;4762.0;-45.0;64.0;-228.0;313.0
4920.0;8140.0;13470.0;21840.0;3392.0;4902.0;4740.0;7870.0;12880.0;21020.0;3236.0;4772.0;-44.0;63.0;-228.0;313.0
4970.0;8220.0;13520.0;22040.0;3402.0;4929.0;4760.0;7890.0;12980.0;21010.0;3245.0;4792.0;-43.0;69.0;-228.0;310.0
5010.0;8310.0;13590.0;22020.0;3405.0;4913.0;4780.0;7910.0;13000.0;21100.0;3266.0;4778.0;-43.0;72.0;-227.0;313.0
5000.0;8270.0;13610.0;22070.0;3407.0;4940.0;4750.0;7880.0;12880.0;21040.0;3258.0;4789.0;-43.0;66.0;-227.0;318.0
5050.0;8350.0;13740.0;22360.0;3444.0;4944.0;4810.0;7930.0;13070.0;21100.0;3264.0;4807.0;-43.0;74.0;-227.0;315.0
5080.0;8370.0;13770.0;22370.0;3443.0;4978.0;4800.0;7970.0;13080.0;21260.0;3294.0;4830.0;-43.0;75.0;-227.0;312.0
5040.0;8340.0;13690.0;22330.0;3453.0;4960.0;4770.0;7880.0;12980.0;21150.0;3277.0;4839.0;-47.0;68.0;-225.0;313.0
5080.0;8390.0;13740.0;22280.0;3452.0;4951.0;4810.0;7950.0;13090.0;21230.0;3290.0;4826.0;-47.0;69.0;-225.0;312.0
5080.0;8310.0;13680.0;22270.0;3444.0;4977.0;4810.0;7960.0;13100.0;21260.0;3270.0;4816.0;-44.0;73.0;-225.0;321.0
5040.0;8360.0;13730.0;22260.0;3432.0;4975.0;4840.0;8010.0;13180.0;21360.0;3292.0;4841.0;-44.0;73.0;-225.0;317.0
5040.0;8340.0;13770.0;22320.0;3446.0;5002.0;4770.0;7950.0;13120.0;21310.0;3299.0;4848.0;-44.0;66.0;-224.0;319.0
5130.0;8470.0;13870.0;22560.0;3480.0;5007.0;4820.0;7930.0;13070.0;21350.0;3303.0;4858.0;-42.0;66.0;-224.0;318.0
5140.0;8480.0;13900.0;22520.0;3464.0;5009.0;4800.0;7940.0;13120.0;21420.0;3297.0;4873.0;-42.0;75.0;-224.0;311.0
5080.0;8450.0;13840.0;22460.0;3463.0;4998.0;4860.0;8020.0;13230.0;21430.0;3312.0;4863.0;-41.0;70.0;-222.0;315.0
5080.0;8390.0;13800.0;22380.0;3460.0;4990.0;4870.0;8050.0;13250.0;21420.0;3305.0;4836.0;-41.0;73.0;-222.0;317.0
5060.0;8380.0;13780.0;22290.0;3447.0;4978.0;4780.0;7890.0;13020.0;21320.0;3295.0;4843.0;-45.0;71.0;-221.0;323.0
5130.0;8410.0;13860.0;22500.0;3449.0;4993.0;4890.0;8070.0;13240.0;21470.0;3307.0;4845.0;-45.0;66.0;-221.0;316.0
5040.0;8340.0;13670.0;22210.0;3440.0;4987.0;4850.0;7990.0;13230.0;21360.0;3305.0;4849.0;-45.0;71.0;-222.0;310.0
5120.0;8430.0;13850.0;22470.0;3473.0;5007.0;4880.0;8070.0;13270.0;21530.0;3304.0;4863.0;-45.0;73.0;-222.0;321.0
5090.0;8400.0;13780.0;22260.0;3442.0;4975.0;4790.0;7920.0;13100.0;21300.0;3296.0;4845.0;-45.0;70.0;-222.0;322.0
5010.0;8260.0;13600.0;22050.0;3421.0;4952.0;4830.0;8010.0;13140.0;21310.0;3283.0;4823.0;-43.0;84.0;-223.0;314.0
5050.0;8360.0;13730.0;22190.0;3445.0;4960.0;4850.0;7990.0;13120.0;21250.0;3296.0;4841.0;-46.0;72.0;-223.0;317.0
5090.0;8440.0;13820.0;22350.0;3455.0;5000.0;4810.0;7960.0;13100.0;21280.0;3298.0;4857.0;-43.0;69.0;-223.0;319.0
5150.0;8470.0;13910.0;22590.0;3489.0;5018.0;4850.0;7980.0;13110.0;21490.0;3317.0;4873.0;-44.0;63.0;-224.0;312.0
5170.0;8520.0;13980.0;22620.0;3491.0;5040.0;4900.0;8130.0;13380.0;21640.0;3332.0;4898.0;-43.0;63.0;-226.0;321.0
5080.0;8410.0;13810.0;22470.0;3480.0;5015.0;4820.0;7980.0;13160.0;21370.0;3323.0;4872.0;-43.0;59.0;-226.0;312.0
5140.0;8490.0;13930.0;22570.0;3478.0;5018.0;4910.0;8100.0;13290.0;21410.0;3330.0;4884.0;-43.0;76.0;-226.0;316.0
5100.0;8450.0;13870.0;22490.0;3495.0;5029.0;4820.0;8010.0;13200.0;21400.0;3324.0;4896.0;-43.0;62.0;-228.0;320.0
5180.0;8540.0;14070.0;22680.0;3497.0;5047.0;4860.0;8080.0;13260.0;21550.0;3330.0;4899.0;-43.0;77.0;-229.0;315.0
5180.0;8550.0;14010.0;22680.0;3525.0;5062.0;4850.0;8000.0;13270.0;21590.0;3330.0;4906.0;-43.0;67.0;-229.0;317.0
5140.0;8480.0;13990.0;22580.0;3485.0;5042.0;4910.0;8090.0;13330.0;21610.0;3332.0;4902.0;-43.0;74.0;-229.0;330.0
5170.0;8580.0;14000.0;22730.0;3507.0;5070.0;4940.0;8160.0;13470.0;21640.0;3335.0;4901.0;-43.0;67.0;-229.0;320.0
5190.0;8590.0;14070.0;22800.0;3525.0;5068.0;4970.0;8130.0;13390.0;21640.0;3354.0;4946.0;-45.0;75.0;-231.0;311.0
5080.0;8390.0;13810.0;22410.0;3472.0;5044.0;4880.0;8030.0;13240.0;21390.0;3320.0;4879.0;-50.0;72.0;-231.0;310.0
5080.0;8420.0;13820.0;22410.0;3472.0;5001.0;4830.0;7980.0;13140.0;21360.0;3309.0;4850.0;-50.0;62.0;-231.0;313.0
5080.0;8370.0;13770.0;22460.0;3470.0;4999.0;4870.0;8100.0;13290.0;21460.0;3319.0;4853.0;-50.0;67.0;-231.0;314.0
5120.0;8470.0;13840.0;22510.0;3468.0;5035.0;4860.0;7990.0;13220.0;21430.0;3321.0;4875.0;-45.0;72.0;-226.0;306.0
5190.0;8560.0;14030.0;22620.0;3507.0;5052.0;4910.0;8090.0;13340.0;21520.0;3327.0;4875.0;-45.0;81.0;-226.0;313.0
5110.0;8470.0;13920.0;22470.0;3470.0;5016.0;4850.0;8000.0;13150.0;21390.0;3312.0;4886.0;-43.0;77.0;-226.0;315.0
5120.0;8420.0;13850.0;22560.0;3486.0;5012.0;4870.0;8060.0;13190.0;21350.0;3315.0;4874.0;-43.0;68.0;-226.0;314.0
5140.0;8480.0;13920.0;22560.0;3500.0;5039.0;4910.0;8110.0;13320.0;21650.0;3333.0;4913.0;-41.0;64.0;-226.0;307.0
5120.0;8460.0;13910.0;22470.0;3484.0;5024.0;4910.0;8090.0;13300.0;21550.0;3324.0;4903.0;-45.0;66.0;-226.0;310.0
5090.0;8430.0;13810.0;22450.0;3489.0;5028.0;4880.0;8080.0;13250.0;21460.0;3321.0;4878.0;-49.0;64.0;-235.0;320.0
5200.0;8560.0;14080.0;22690.0;3509.0;5042.0;4890.0;8090.0;13170.0;21350.0;3320.0;4901.0;-50.0;69.0;-239.0;317.0
5160.0;8530.0;14030.0;22750.0;3508.0;5069.0;4930.0;8160.0;13390.0;21700.0;3350.0;4936.0;-49.0;61.0;-239.0;314.0
5180.0;8570.0;14060.0;22710.0;3518.0;5058.0;4970.0;8190.0;13380.0;21620.0;3351.0;4920.0;-49.0;73.0;-239.0;307.0
5110.0;8420.0;13820.0;22510.0;3480.0;5057.0;4960.0;8180.0;13430.0;21780.0;3347.0;4903.0;-48.0;68.0;-234.0;323.0
5160.0;8500.0;14010.0;22690.0;3513.0;5071.0;4950.0;8210.0;13450.0;21780.0;3353.0;4910.0;-41.0;66.0;-226.0;319.0
5240.0;8620.0;14110.0;22900.0;3526.0;5087.0;4960.0;8180.0;13460.0;21910.0;3379.0;4930.0;-41.0;72.0;-226.0;315.0
5260.0;8710.0;14220.0;22980.0;3541.0;5095.0;4970.0;8200.0;13460.0;21890.0;3384.0;4965.0;-41.0;72.0;-225.0;316.0
5190.0;8570.0;14040.0;22930.0;3534.0;5090.0;4970.0;8190.0;13400.0;21860.0;3375.0;4951.0;-41.0;72.0;-225.0;323.0
5190.0;8600.0;14150.0;22830.0;3529.0;5074.0;4890.0;8110.0;13350.0;21720.0;3356.0;4928.0;-44.0;65.0;-226.0;313.0
5200.0;8600.0;14120.0;22860.0;3512.0;5080.0;4940.0;8220.0;13470.0;21740.0;3362.0;4954.0;-44.0;71.0;-228.0;325.0
5240.0;8630.0;14200.0;22880.0;3549.0;5097.0;4970.0;8200.0;13510.0;21790.0;3369.0;4948.0;-44.0;65.0;-228.0;321.0
5270.0;8710.0;14190.0;22940.0;3555.0;5105.0;4990.0;8240.0;13480.0;21960.0;3386.0;4963.0;-44.0;70.0;-228.0;312.0
5230.0;8630.0;14130.0;22850.0;3531.0;5110.0;4940.0;8160.0;13430.0;21780.0;3373.0;4934.0;-42.0;64.0;-228.0;320.0
5140.0;8490.0;13900.0;22500.0;3494.0;5049.0;4910.0;8130.0;13370.0;21700.0;3358.0;4931.0;-41.0;72.0;-228.0;320.0
5200.0;8580.0;14030.0;22750.0;3510.0;5079.0;5020.0;8270.0;13540.0;21850.0;3369.0;4949.0;-41.0;79.0;-225.0;319.0
5230.0;8630.0;14150.0;22960.0;3531.0;5082.0;4920.0;8130.0;13410.0;21690.0;3356.0;4944.0;-41.0;69.0;-225.0;309.0
5200.0;8590.0;14100.0;22820.0;3529.0;5093.0;4970.0;8260.0;13540.0;21920.0;3370.0;4949.0;-50.0;71.0;-227.0;307.0
5200.0;8560.0;14060.0;22780.0;3517.0;5081.0;4970.0;8190.0;13450.0;21800.0;3360.0;4951.0;-50.0;69.0;-227.0;311.0
5170.0;8520.0;14000.0;22690.0;3509.0;5082.0;4950.0;8140.0;13360.0;21670.0;3359.0;4941.0;-50.0;64.0;-225.0;307.0
5190.0;8600.0;14070.0;22910.0;3539.0;5091.0;4920.0;8080.0;13330.0;21770.0;3365.0;4945.0;-49.0;68.0;-227.0;317.0
5210.0;8630.0;14200.0;23020.0;3557.0;5106.0;4950.0;8190.0;13500.0;21910.0;3382.0;4972.0;-49.0;78.0;-227.0;323.0
5250.0;8680.0;14300.0;23040.0;3544.0;5119.0;5040.0;8280.0;13610.0;21980.0;3403.0;4973.0;-48.0;65.0;-225.0;310.0
5280.0;8700.0;14250.0;23130.0;3572.0;5135.0;5010.0;8280.0;13620.0;22050.0;3420.0;4989.0;-47.0;71.0;-225.0;314.0
5270.0;8670.0;14250.0;23140.0;3571.0;5148.0;4970.0;8210.0;13480.0;21940.0;3404.0;5002.0;-47.0;65.0;-225.0;311.0
5270.0;8690.0;14260.0;23060.0;3549.0;5125.0;5020.0;8280.0;13600.0;22020.0;3385.0;4971.0;-46.0;69.0;-224.0;317.0
5270.0;8650.0;14260.0;23070.0;3551.0;5125.0;4910.0;8120.0;13340.0;21670.0;3375.0;4959.0;-42.0;69.0;-224.0;309.0
5160.0;8500.0;14010.0;22760.0;3511.0;5095.0;4910.0;8130.0;13390.0;21620.0;3362.0;4943.0;-40.0;73.0;-222.0;307.0
5210.0;8630.0;14090.0;22770.0;3529.0;5103.0;5020.0;8230.0;13500.0;21830.0;3374.0;4962.0;-40.0;68.0;-222.0;318.0
5260.0;8640.0;14260.0;23000.0;3547.0;5113.0;4940.0;8160.0;13340.0;21700.0;3390.0;4964.0;-40.0;64.0;-222.0;325.0
5290.0;8760.0;14300.0;23160.0;3560.0;5149.0;5040.0;8290.0;13630.0;22130.0;3419.0;4991.0;-41.0;65.0;-222.0;318.0
5310.0;8790.0;14380.0;23200.0;3579.0;5157.0;5040.0;8290.0;13630.0;21990.0;3409.0;5015.0;-41.0;75.0;-222.0;318.0
5320.0;8770.0;14400.0;23230.0;3592.0;5156.0;5060.0;8310.0;13580.0;22050.0;3408.0;5006.0;-45.0;68.0;-228.0;317.0
5310.0;8730.0;14250.0;23150.0;3566.0;5141.0;4970.0;8190.0;13570.0;22050.0;3427.0;5007.0;-45.0;66.0;-228.0;322.0
5300.0;8760.0;14420.0;23300.0;3598.0;5180.0;4990.0;8250.0;13650.0;22080.0;3428.0;5017.0;-43.0;69.0;-228.0;320.0
5300.0;8770.0;14370.0;23250.0;3591.0;5163.0;4990.0;8230.0;13500.0;21990.0;3405.0;4991.0;-43.0;68.0;-228.0;328.0
5310.0;8750.0;14380.0;23210.0;3584.0;5170.0;5010.0;8270.0;13580.0;22050.0;3413.0;5019.0;-44.0;57.0;-228.0;317.0
5230.0;8650.0;14190.0;23050.0;3558.0;5157.0;5000.0;8250.0;13610.0;21980.0;3395.0;5014.0;-43.0;68.0;-228.0;320.0
5330.0;8760.0;14310.0;23080.0;3579.0;5143.0;5010.0;8260.0;13600.0;21960.0;3407.0;4997.0;-43.0;65.0;-228.0;317.0
5300.0;8740.0;14340.0;23220.0;3582.0;5168.0;5020.0;8310.0;13620.0;22180.0;3421.0;5001.0;-43.0;70.0;-225.0;308.0
5300.0;8720.0;14310.0;23270.0;3573.0;5152.0;4980.0;8210.0;13520.0;22020.0;3408.0;5023.0;-39.0;62.0;-224.0;314.0
5270.0;8700.0;14260.0;23120.0;3580.0;5158.0;5030.0;8290.0;13640.0;22090.0;3406.0;5000.0;-39.0;69.0;-221.0;315.0
5310.0;8750.0;14340.0;23280.0;3585.0;5165.0;5030.0;8270.0;13630.0;22210.0;3411.0;5017.0;-39.0;73.0;-221.0;319.0
5260.0;8690.0;14280.0;23130.0;3573.0;5174.0;5010.0;8270.0;13640.0;22060.0;3412.0;5014.0;-39.0;71.0;-219.0;314.0
5320.0;8770.0;14390.0;23250.0;3602.0;5182.0;5060.0;8360.0;13740.0;22140.0;3429.0;5026.0;-40.0;73.0;-221.0;319.0
5310.0;8700.0;14270.0;23120.0;3573.0;5166.0;5060.0;8320.0;13730.0;22180.0;3413.0;5011.0;-44.0;75.0;-221.0;313.0
5360.0;8820.0;14420.0;23430.0;3600.0;5196.0;5090.0;8410.0;13810.0;22310.0;3441.0;5042.0;-49.0;68.0;-221.0;319.0
5380.0;8860.0;14550.0;23540.0;3625.0;5221.0;5100.0;8420.0;13880.0;22420.0;3443.0;5056.0;-45.0;69.0;-221.0;315.0
5340.0;8820.0;14480.0;23530.0;3615.0;5203.0;5130.0;8450.0;13840.0;22330.0;3446.0;5059.0;-45.0;68.0;-225.0;329.0
5360.0;8820.0;14410.0;23430.0;3609.0;5206.0;5070.0;8350.0;13710.0;22270.0;3438.0;5058.0;-51.0;73.0;-226.0;321.0
5290.0;8700.0;14300.0;23140.0;3586.0;5163.0;5090.0;8350.0;13690.0;22180.0;3420.0;5002.0;-48.0;71.0;-228.0;320.0
5310.0;8730.0;14330.0;23250.0;3588.0;5170.0;5060.0;8320.0;13640.0;22050.0;3420.0;5014.0;-46.0;71.0;-231.0;323.0
5410.0;8920.0;14530.0;23540.0;3639.0;5222.0;5090.0;8400.0;13840.0;22370.0;3463.0;5054.0;-46.0;71.0;-228.0;317.0
5310.0;8780.0;14370.0;23240.0;3595.0;5187.0;5060.0;8330.0;13640.0;22220.0;3426.0;5046.0;-46.0;63.0;-228.0;323.0
5320.0;8770.0;14380.0;23250.0;3582.0;5180.0;5050.0;8310.0;13630.0;22180.0;3435.0;5033.0;-39.0;72.0;-224.0;317.0
5310.0;8720.0;14330.0;23250.0;3591.0;5181.0;5020.0;8340.0;13640.0;22100.0;3430.0;5060.0;-39.0;71.0;-224.0;313.0
5250.0;8700.0;14300.0;23160.0;3595.0;5184.0;5050.0;8310.0;13630.0;22150.0;3406.0;5022.0;-39.0;67.0;-224.0;316.0
5350.0;8800.0;14430.0;23290.0;3594.0;5196.0;5090.0;8450.0;13850.0;22330.0;3454.0;5067.0;-43.0;68.0;-224.0;320.0
5360.0;8840.0;14520.0;23380.0;3618.0;5221.0;5090.0;8380.0;13830.0;22390.0;3463.0;5057.0;-45.0;71.0;-224.0;307.0
5320.0;8820.0;14430.0;23410.0;3603.0;5183.0;5100.0;8410.0;13850.0;22270.0;3436.0;5052.0;-48.0;65.0;-227.0;317.0
5360.0;8840.0;14450.0;23360.0;3617.0;5218.0;5140.0;8420.0;13810.0;22410.0;3456.0;5056.0;-48.0;62.0;-227.0;311.0
5340.0;8810.0;14400.0;23320.0;3599.0;5201.0;5070.0;8370.0;13740.0;22280.0;3447.0;5049.0;-48.0;64.0;-227.0;315.0
5290.0;8700.0;14340.0;23120.0;3577.0;5195.0;5090.0;8410.0;13740.0;22270.0;3437.0;5031.0;-48.0;69.0;-228.0;311.0
5240.0;8640.0;14180.0;23060.0;3589.0;5178.0;5010.0;8280.0;13660.0;22170.0;3420.0;5038.0;-47.0;76.0;-228.0;315.0
5330.0;8760.0;14400.0;23300.0;3596.0;5202.0;5120.0;8460.0;13890.0;22400.0;3452.0;5046.0;-47.0;71.0;-228.0;324.0
5350.0;8860.0;14520.0;23490.0;3619.0;5205.0;5130.0;8430.0;13820.0;22430.0;3470.0;5064.0;-49.0;74.0;-229.0;325.0
5410.0;8900.0;14580.0;23540.0;3635.0;5234.0;5080.0;8390.0;13770.0;22410.0;3454.0;5098.0;-47.0;67.0;-231.0;323.0
5440.0;8960.0;14670.0;23710.0;3655.0;5259.0;5140.0;8460.0;13890.0;22370.0;3470.0;5094.0;-47.0;63.0;-235.0;320.0
5400.0;8910.0;14580.0;23560.0;3642.0;5245.0;5080.0;8370.0;13760.0;22360.0;3461.0;5095.0;-47.0;69.0;-235.0;319.0
5480.0;9020.0;14700.0;23770.0;3661.0;5256.0;5100.0;8410.0;13780.0;22400.0;3464.0;5094.0;-47.0;69.0;-231.0;323.0
5480.0;9000.0;14720.0;23780.0;3668.0;5283.0;5110.0;8470.0;13880.0;22540.0;3489.0;5105.0;-46.0;76.0;-227.0;322.0
5440.0;8980.0;14680.0;23800.0;3665.0;5274.0;5160.0;8550.0;14030.0;22730.0;3501.0;5116.0;-46.0;66.0;-225.0;320.0
5380.0;8860.0;14530.0;23600.0;3638.0;5262.0;5180.0;8600.0;14040.0;22650.0;3485.0;5121.0;-42.0;72.0;-225.0;317.0
5450.0;9000.0;14710.0;23840.0;3666.0;5274.0;5180.0;8530.0;13950.0;22650.0;3495.0;5113.0;-41.0;69.0;-225.0;327.0
5540.0;9090.0;14890.0;23910.0;3682.0;5291.0;5230.0;8610.0;14120.0;22690.0;3495.0;5120.0;-41.0;70.0;-225.0;321.0
5480.0;9040.0;14800.0;24020.0;3687.0;5293.0;5120.0;8460.0;13930.0;22650.0;3509.0;5146.0;-41.0;76.0;-225.0;321.0
5430.0;8980.0;14690.0;23730.0;3673.0;5283.0;5170.0;8580.0;14040.0;22710.0;3508.0;5150.0;-41.0;72.0;-225.0;319.0
5510.0;9080.0;14880.0;24050.0;3692.0;5303.0;5190.0;8590.0;14070.0;22810.0;3504.0;5139.0;-43.0;69.0;-231.0;308.0
5480.0;9070.0;14750.0;23940.0;3679.0;5281.0;5120.0;8450.0;13930.0;22580.0;3493.0;5136.0;-49.0;74.0;-232.0;314.0
5430.0;8990.0;14740.0;23880.0;3678.0;5313.0;5120.0;8480.0;13950.0;22670.0;3502.0;5133.0;-49.0;80.0;-232.0;320.0
5400.0;8880.0;14590.0;23720.0;3668.0;5285.0;5170.0;8500.0;13960.0;22660.0;3495.0;5129.0;-49.0;71.0;-232.0;310.0
5460.0;9000.0;14690.0;23700.0;3654.0;5263.0;5150.0;8460.0;13930.0;22650.0;3495.0;5117.0;-45.0;67.0;-228.0;317.0
5340.0;8820.0;14410.0;23380.0;3628.0;5235.0;5180.0;8530.0;13970.0;22570.0;3467.0;5097.0;-37.0;73.0;-228.0;319.0
5450.0;8960.0;14650.0;23710.0;3645.0;5248.0;5160.0;8510.0;14010.0;22580.0;3486.0;5098.0;-37.0;68.0;-228.0;311.0
5470.0;8980.0;14670.0;23690.0;3654.0;5260.0;5120.0;8470.0;13890.0;22550.0;3478.0;5114.0;-45.0;72.0;-229.0;323.0
5410.0;8930.0;14630.0;23630.0;3642.0;5265.0;5230.0;8610.0;14080.0;22710.0;3488.0;5126.0;-52.0;67.0;-229.0;317.0
5540.0;9110.0;14870.0;24100.0;3691.0;5289.0;5190.0;8590.0;14050.0;22690.0;3487.0;5138.0;-52.0;69.0;-229.0;311.0
5410.0;8900.0;14590.0;23740.0;3650.0;5264.0;5190.0;8570.0;14060.0;22660.0;3490.0;5122.0;-52.0;69.0;-230.0;315.0
5480.0;9020.0;14790.0;23830.0;3673.0;5266.0;5220.0;8590.0;14060.0;22670.0;3489.0;5139.0;-55.0;70.0;-230.0;323.0
5510.0;9030.0;14760.0;23830.0;3673.0;5283.0;5190.0;8540.0;13970.0;22730.0;3502.0;5155.0;-55.0;70.0;-231.0;315.0
5470.0;9030.0;14730.0;23890.0;3675.0;5305.0;5190.0;8570.0;14080.0;22650.0;3491.0;5139.0;-49.0;69.0;-236.0;317.0
5490.0;9010.0;14780.0;23870.0;3673.0;5290.0;5220.0;8550.0;14090.0;22840.0;3512.0;5154.0;-49.0;68.0;-237.0;322.0
5530.0;9140.0;14950.0;24080.0;3698.0;5317.0;5240.0;8640.0;14210.0;23010.0;3537.0;5151.0;-56.0;68.0;-237.0;318.0
5480.0;9020.0;14830.0;24070.0;3701.0;5333.0;5170.0;8520.0;14010.0;22780.0;3526.0;5150.0;-48.0;73.0;-237.0;321.0
5480.0;8980.0;14780.0;23790.0;3672.0;5312.0;5220.0;8600.0;14160.0;22760.0;3523.0;5148.0;-46.0;72.0;-237.0;312.0
5540.0;9110.0;14860.0;23980.0;3690.0;5300.0;5200.0;8610.0;14090.0;22690.0;3501.0;5164.0;-46.0;63.0;-229.0;317.0
5490.0;9040.0;14780.0;23920.0;3676.0;5295.0;5160.0;8530.0;14000.0;22550.0;3479.0;5123.0;-44.0;72.0;-225.0;314.0
5410.0;8940.0;14590.0;23520.0;3641.0;5261.0;5100.0;8380.0;13740.0;22390.0;3477.0;5095.0;-44.0;76.0;-225.0;313.0
5370.0;8860.0;14480.0;23580.0;3630.0;5226.0;5130.0;8460.0;13900.0;22550.0;3473.0;5105.0;-44.0;70.0;-225.0;323.0
5470.0;8990.0;14700.0;23710.0;3641.0;5237.0;5160.0;8550.0;14010.0;22570.0;3473.0;5106.0;-44.0;70.0;-226.0;312.0
5430.0;8890.0;14590.0;23490.0;3635.0;5247.0;5110.0;8410.0;13830.0;22450.0;3449.0;5092.0;-44.0;74.0;-229.0;320.0
5380.0;8930.0;14550.0;23570.0;3645.0;5254.0;5170.0;8540.0;14080.0;22700.0;3494.0;5109.0;-43.0;66.0;-229.0;309.0
5430.0;8940.0;14620.0;23700.0;3647.0;5261.0;5110.0;8430.0;13940.0;22640.0;3488.0;5099.0;-45.0;72.0;-232.0;316.0
5470.0;9010.0;14730.0;23770.0;3668.0;5278.0;5150.0;8500.0;14010.0;22710.0;3500.0;5133.0;-45.0;74.0;-229.0;317.0
5470.0;9050.0;14820.0;23910.0;3667.0;5291.0;5200.0;8570.0;14060.0;22760.0;3502.0;5141.0;-51.0;67.0;-228.0;311.0
5450.0;8960.0;14710.0;23800.0;3640.0;5272.0;5200.0;8560.0;14020.0;22610.0;3489.0;5118.0;-51.0;71.0;-228.0;324.0
5500.0;9040.0;14790.0;23740.0;3672.0;5289.0;5220.0;8600.0;14070.0;22640.0;3503.0;5127.0;-51.0;68.0;-228.0;315.0
5480.0;9040.0;14820.0;23920.0;3689.0;5301.0;5170.0;8570.0;14020.0;22760.0;3506.0;5163.0;-49.0;71.0;-228.0;315.0
5500.0;9060.0;14810.0;24010.0;3678.0;5307.0;5220.0;8610.0;14120.0;22820.0;3521.0;5171.0;-49.0;69.0;-228.0;320.0
5530.0;9070.0;14900.0;23980.0;3686.0;5343.0;5190.0;8560.0;14040.0;22740.0;3523.0;5158.0;-48.0;71.0;-232.0;330.0
5500.0;9030.0;14850.0;23990.0;3687.0;5327.0;5270.0;8670.0;14230.0;22990.0;3539.0;5168.0;-49.0;74.0;-229.0;317.0
5520.0;9120.0;14870.0;24040.0;3712.0;5321.0;5300.0;8670.0;14250.0;22930.0;3541.0;5183.0;-49.0;67.0;-232.0;331.0
5540.0;9070.0;14880.0;24020.0;3703.0;5319.0;5210.0;8620.0;14140.0;22910.0;3527.0;5169.0;-49.0;79.0;-232.0;323.0
5510.0;9100.0;14870.0;23980.0;3701.0;5309.0;5230.0;8630.0;14160.0;22940.0;3524.0;5176.0;-48.0;70.0;-232.0;327.0
5530.0;9100.0;14920.0;24060.0;3699.0;5324.0;5240.0;8630.0;14080.0;22920.0;3532.0;5147.0;-51.0;69.0;-232.0;318.0
5500.0;9050.0;14840.0;24090.0;3705.0;5320.0;5280.0;8760.0;14290.0;23120.0;3530.0;5191.0;-50.0;81.0;-235.0;315.0
5560.0;9130.0;14950.0;24200.0;3718.0;5335.0;5250.0;8610.0;14130.0;23030.0;3545.0;5185.0;-44.0;72.0;-232.0;318.0
5560.0;9130.0;14930.0;24110.0;3711.0;5328.0;5230.0;8650.0;14190.0;22870.0;3544.0;5200.0;-45.0;72.0;-233.0;314.0
5480.0;9010.0;14780.0;23950.0;3686.0;5318.0;5270.0;8660.0;14270.0;23050.0;3526.0;5183.0;-45.0;72.0;-233.0;314.0
5460.0;8970.0;14680.0;23730.0;3672.0;5293.0;5260.0;8680.0;14200.0;22840.0;3516.0;5144.0;-45.0;71.0;-233.0;324.0
5430.0;9010.0;14730.0;23810.0;3686.0;5297.0;5260.0;8690.0;14180.0;22760.0;3519.0;5160.0;-44.0;64.0;-232.0;317.0
5510.0;9040.0;14810.0;23990.0;3693.0;5336.0;5240.0;8650.0;14220.0;22920.0;3531.0;5203.0;-43.0;66.0;-226.0;318.0
5460.0;8980.0;14720.0;23820.0;3674.0;5288.0;5270.0;8650.0;14150.0;23060.0;3518.0;5161.0;-43.0;74.0;-226.0;310.0
5540.0;9100.0;14850.0;24000.0;3702.0;5320.0;5200.0;8570.0;14050.0;22800.0;3526.0;5169.0;-46.0;68.0;-226.0;319.0
5500.0;9070.0;14770.0;23940.0;3683.0;5316.0;5250.0;8640.0;14170.0;22800.0;3524.0;5146.0;-46.0;72.0;-226.0;318.0
5530.0;9080.0;14870.0;24050.0;3702.0;5332.0;5290.0;8700.0;14270.0;22980.0;3524.0;5185.0;-46.0;73.0;-229.0;320.0
5550.0;9170.0;14990.0;24230.0;3709.0;5337.0;5290.0;8670.0;14200.0;22970.0;3526.0;5180.0;-46.0;69.0;-230.0;324.0
5540.0;9130.0;14930.0;24220.0;3711.0;5352.0;5300.0;8700.0;14260.0;23000.0;3542.0;5201.0;-46.0;67.0;-232.0;322.0
5580.0;9210.0;15030.0;24260.0;3718.0;5367.0;5270.0;8690.0;14300.0;23100.0;3565.0;5202.0;-46.0;63.0;-230.0;321.0
5530.0;9120.0;15020.0;24090.0;3717.0;5353.0;5340.0;8760.0;14340.0;23100.0;3556.0;5211.0;-46.0;69.0;-232.0;316.0
5550.0;9120.0;15010.0;24240.0;3728.0;5366.0;5250.0;8680.0;14200.0;23090.0;3550.0;5202.0;-46.0;69.0;-232.0;325.0
5610.0;9220.0;15130.0;24390.0;3746.0;5371.0;5280.0;8680.0;14220.0;23110.0;3555.0;5226.0;-47.0;69.0;-232.0;328.0
5500.0;9080.0;14870.0;24050.0;3708.0;5333.0;5310.0;8710.0;14290.0;23080.0;3554.0;5195.0;-50.0;68.0;-231.0;306.0
5430.0;8930.0;14660.0;23860.0;3686.0;5315.0;5270.0;8650.0;14160.0;22820.0;3539.0;5199.0;-47.0;66.0;-231.0;321.0
5500.0;9040.0;14850.0;24090.0;3711.0;5332.0;5250.0;8680.0;14230.0;23030.0;3538.0;5167.0;-49.0;73.0;-231.0;320.0
5490.0;9030.0;14810.0;23960.0;3705.0;5335.0;5270.0;8670.0;14180.0;22910.0;3527.0;5202.0;-50.0;69.0;-231.0;312.0
5560.0;9140.0;14870.0;24230.0;3709.0;5355.0;5300.0;8720.0;14310.0;23170.0;3568.0;5196.0;-50.0;72.0;-231.0;326.0
5580.0;9200.0;15040.0;24260.0;3728.0;5351.0;5270.0;8690.0;14200.0;23000.0;3565.0;5208.0;-49.0;76.0;-227.0;320.0
5600.0;9210.0;15040.0;24350.0;3739.0;5388.0;5290.0;8700.0;14330.0;23110.0;3567.0;5216.0;-50.0;63.0;-236.0;316.0
5580.0;9140.0;15010.0;24120.0;3725.0;5359.0;5290.0;8710.0;14250.0;23050.0;3552.0;5216.0;-50.0;66.0;-227.0;312.0
5590.0;9150.0;14940.0;24140.0;3724.0;5345.0;5250.0;8690.0;14260.0;23110.0;3542.0;5187.0;-46.0;61.0;-228.0;315.0
5590.0;9150.0;15060.0;24140.0;3727.0;5379.0;5360.0;8820.0;14400.0;23300.0;3583.0;5221.0;-41.0;75.0;-226.0;318.0
5560.0;9160.0;15050.0;24230.0;3724.0;5352.0;5280.0;8710.0;14280.0;23010.0;3548.0;5200.0;-43.0;72.0;-227.0;319.0
5570.0;9170.0;15000.0;24240.0;3729.0;5358.0;5320.0;8770.0;14300.0;23150.0;3545.0;5190.0;-41.0;74.0;-227.0;316.0
5580.0;9170.0;15000.0;24190.0;3737.0;5370.0;5300.0;8720.0;14270.0;23170.0;3580.0;5250.0;-43.0;73.0;-228.0;315.0
5620.0;9250.0;15150.0;24510.0;3749.0;5381.0;5370.0;8770.0;14400.0;23160.0;3565.0;5250.0;-43.0;69.0;-228.0;321.0
5670.0;9260.0;15170.0;24400.0;3748.0;5403.0;5330.0;8760.0;14300.0;23200.0;3569.0;5227.0;-43.0;70.0;-229.0;319.0
5630.0;9280.0;15150.0;24440.0;3753.0;5392.0;5320.0;8780.0;14330.0;23210.0;3574.0;5242.0;-46.0;66.0;-230.0;326.0
5660.0;9270.0;15080.0;24430.0;3773.0;5389.0;5320.0;8760.0;14430.0;23300.0;3582.0;5267.0;-46.0;75.0;-230.0;318.0
5650.0;9270.0;15150.0;24500.0;3775.0;5433.0;5380.0;8810.0;14420.0;23310.0;3589.0;5282.0;-47.0;72.0;-235.0;316.0
5590.0;9210.0;15050.0;24420.0;3742.0;5384.0;5350.0;8830.0;14440.0;23240.0;3588.0;5254.0;-50.0;78.0;-236.0;320.0
5630.0;9250.0;15090.0;24350.0;3742.0;5393.0;5320.0;8770.0;14360.0;23150.0;3571.0;5247.0;-50.0;56.0;-236.0;314.0
5620.0;9240.0;15070.0;24340.0;3760.0;5393.0;5380.0;8890.0;14560.0;23500.0;3599.0;5239.0;-50.0;63.0;-236.0;325.0
5620.0;9240.0;15150.0;24400.0;3759.0;5396.0;5370.0;8850.0;14500.0;23350.0;3584.0;5254.0;-50.0;70.0;-236.0;317.0
5630.0;9300.0;15180.0;24340.0;3752.0;5417.0;5310.0;8770.0;14370.0;23290.0;3594.0;5237.0;-52.0;73.0;-235.0;323.0
5700.0;9380.0;15340.0;24770.0;3786.0;5398.0;5350.0;8800.0;14440.0;23270.0;3594.0;5281.0;-47.0;78.0;-235.0;329.0
5650.0;9280.0;15190.0;24510.0;3775.0;5437.0;5430.0;8970.0;14700.0;23590.0;3604.0;5274.0;-47.0;67.0;-235.0;324.0
5680.0;9370.0;15250.0;24640.0;3787.0;5431.0;5330.0;8800.0;14380.0;23320.0;3608.0;5273.0;-47.0;65.0;-235.0;320.0
5630.0;9260.0;15180.0;24540.0;3775.0;5397.0;5360.0;8840.0;14460.0;23340.0;3595.0;5258.0;-54.0;65.0;-232.0;304.0
5430.0;8960.0;14730.0;23820.0;3689.0;5344.0;5310.0;8730.0;14330.0;22960.0;3556.0;5203.0;-48.0;64.0;-231.0;314.0
5590.0;9180.0;14960.0;24230.0;3734.0;5357.0;5330.0;8770.0;14370.0;23160.0;3575.0;5234.0;-50.0;63.0;-231.0;319.0
5670.0;9320.0;15200.0;24580.0;3772.0;5426.0;5310.0;8760.0;14370.0;23130.0;3579.0;5258.0;-49.0;71.0;-231.0;320.0
5640.0;9250.0;15150.0;24440.0;3769.0;5410.0;5380.0;8850.0;14490.0;23440.0;3596.0;5258.0;-50.0;61.0;-231.0;321.0
5700.0;9340.0;15340.0;24620.0;3792.0;5450.0;5380.0;8810.0;14500.0;23310.0;3599.0;5272.0;-50.0;78.0;-231.0;319.0
5720.0;9350.0;15280.0;24650.0;3779.0;5453.0;5360.0;8850.0;14590.0;23560.0;3622.0;5291.0;-50.0;69.0;-231.0;326.0
5640.0;9290.0;15170.0;24550.0;3795.0;5450.0;5390.0;8860.0;14580.0;23450.0;3629.0;5303.0;-49.0;76.0;-229.0;318.0
5640.0;9320.0;15210.0;24570.0;3778.0;5443.0;5410.0;8920.0;14610.0;23420.0;3615.0;5305.0;-46.0;70.0;-229.0;317.0
5630.0;9290.0;15190.0;24530.0;3780.0;5415.0;5290.0;8730.0;14350.0;23270.0;3583.0;5268.0;-46.0;74.0;-229.0;324.0
5560.0;9140.0;15020.0;24300.0;3752.0;5395.0;5380.0;8880.0;14490.0;23290.0;3586.0;5266.0;-44.0;70.0;-231.0;316.0
5730.0;9460.0;15430.0;24800.0;3796.0;5458.0;5400.0;8920.0;14540.0;23540.0;3617.0;5304.0;-44.0;68.0;-231.0;324.0
5730.0;9360.0;15340.0;24700.0;3802.0;5452.0;5390.0;8900.0;14540.0;23470.0;3622.0;5291.0;-41.0;76.0;-231.0;327.0
5690.0;9370.0;15290.0;24700.0;3791.0;5446.0;5390.0;8870.0;14520.0;23380.0;3625.0;5306.0;-44.0;68.0;-230.0;321.0
5690.0;9360.0;15330.0;24660.0;3790.0;5442.0;5380.0;8810.0;14460.0;23420.0;3611.0;5305.0;-44.0;62.0;-230.0;319.0
5670.0;9330.0;15290.0;24710.0;3786.0;5437.0;5410.0;8920.0;14600.0;23630.0;3610.0;5291.0;-37.0;72.0;-223.0;324.0
5660.0;9290.0;15190.0;24710.0;3791.0;5452.0;5420.0;8930.0;14580.0;23520.0;3616.0;5293.0;-37.0;67.0;-230.0;328.0
5720.0;9390.0;15350.0;24760.0;3805.0;5464.0;5370.0;8860.0;14550.0;23500.0;3620.0;5300.0;-39.0;66.0;-230.0;325.0
5700.0;9400.0;15340.0;24730.0;3797.0;5476.0;5460.0;8990.0;14720.0;23780.0;3641.0;5326.0;-39.0;71.0;-235.0;325.0
5670.0;9350.0;15330.0;24730.0;3803.0;5469.0;5420.0;8900.0;14620.0;23560.0;3631.0;5307.0;-39.0;70.0;-235.0;321.0
5620.0;9220.0;15080.0;24430.0;3753.0;5431.0;5420.0;8920.0;14620.0;23470.0;3597.0;5297.0;-51.0;65.0;-235.0;315.0
5700.0;9360.0;15290.0;24590.0;3783.0;5463.0;5400.0;8880.0;14570.0;23570.0;3637.0;5297.0;-51.0;68.0;-235.0;325.0
5780.0;9440.0;15390.0;24730.0;3819.0;5475.0;5450.0;8980.0;14720.0;23710.0;3620.0;5292.0;-51.0;71.0;-235.0;324.0
5790.0;9480.0;15490.0;24900.0;3826.0;5510.0;5500.0;9020.0;14800.0;23880.0;3650.0;5353.0;-46.0;76.0;-237.0;317.0
5700.0;9430.0;15380.0;24880.0;3806.0;5470.0;5400.0;8900.0;14600.0;23570.0;3636.0;5319.0;-44.0;71.0;-231.0;326.0
5700.0;9380.0;15340.0;24730.0;3798.0;5477.0;5400.0;8880.0;14510.0;23540.0;3615.0;5307.0;-44.0;69.0;-231.0;327.0
5770.0;9480.0;15470.0;24910.0;3808.0;5473.0;5500.0;9040.0;14800.0;23760.0;3648.0;5333.0;-44.0;81.0;-231.0;327.0
5760.0;9480.0;15350.0;24830.0;3818.0;5502.0;5420.0;8950.0;14650.0;23690.0;3660.0;5339.0;-45.0;72.0;-226.0;324.0
5780.0;9480.0;15500.0;24970.0;3836.0;5487.0;5470.0;9010.0;14630.0;23710.0;3655.0;5338.0;-44.0;73.0;-226.0;323.0
5790.0;9530.0;15530.0;24930.0;3834.0;5503.0;5490.0;9010.0;14770.0;23810.0;3643.0;5324.0;-45.0;74.0;-226.0;324.0
5790.0;9440.0;15290.0;24680.0;3800.0;5471.0;5440.0;8960.0;14710.0;23650.0;3645.0;5324.0;-44.0;71.0;-224.0;310.0
5550.0;9160.0;15030.0;24310.0;3769.0;5432.0;5390.0;8880.0;14490.0;23410.0;3619.0;5280.0;-45.0;72.0;-226.0;317.0
5680.0;9310.0;15200.0;24520.0;3787.0;5445.0;5360.0;8860.0;14570.0;23660.0;3631.0;5309.0;-44.0;73.0;-221.0;320.0
5700.0;9430.0;15420.0;24760.0;3805.0;5475.0;5420.0;8930.0;14570.0;23450.0;3626.0;5334.0;-45.0;74.0;-230.0;318.0
5670.0;9350.0;15340.0;24740.0;3795.0;5483.0;5480.0;9010.0;14690.0;23750.0;3647.0;5328.0;-45.0;72.0;-230.0;318.0
5660.0;9330.0;15360.0;24750.0;3811.0;5462.0;5430.0;8980.0;14660.0;23620.0;3641.0;5330.0;-46.0;64.0;-232.0;320.0
5610.0;9240.0;15150.0;24450.0;3772.0;5446.0;5360.0;8830.0;14530.0;23500.0;3628.0;5307.0;-49.0;67.0;-232.0;316.0
5760.0;9480.0;15480.0;24920.0;3812.0;5491.0;5400.0;8870.0;14610.0;23550.0;3641.0;5308.0;-53.0;79.0;-233.0;320.0
5790.0;9490.0;15510.0;24920.0;3823.0;5511.0;5480.0;8980.0;14690.0;23760.0;3673.0;5351.0;-53.0;66.0;-232.0;332.0
5740.0;9450.0;15410.0;24910.0;3839.0;5503.0;5500.0;9060.0;14840.0;24040.0;3675.0;5363.0;-53.0;71.0;-233.0;322.0
5770.0;9460.0;15520.0;24950.0;3852.0;5521.0;5490.0;9040.0;14800.0;23840.0;3684.0;5362.0;-53.0;71.0;-232.0;330.0
5810.0;9510.0;15580.0;25190.0;3850.0;5544.0;5490.0;9060.0;14910.0;23860.0;3677.0;5365.0;-51.0;65.0;-231.0;324.0
5750.0;9490.0;15490.0;24950.0;3841.0;5521.0;5510.0;9040.0;14830.0;23920.0;3690.0;5387.0;-50.0;71.0;-231.0;319.0
5800.0;9510.0;15520.0;24890.0;3833.0;5529.0;5480.0;9010.0;14770.0;23760.0;3669.0;5360.0;-50.0;74.0;-233.0;314.0
5740.0;9430.0;15450.0;24860.0;3827.0;5518.0;5420.0;8960.0;14640.0;23750.0;3669.0;5357.0;-48.0;64.0;-231.0;310.0
5740.0;9420.0;15340.0;24850.0;3826.0;5508.0;5480.0;9050.0;14760.0;23650.0;3659.0;5364.0;-45.0;63.0;-231.0;310.0
5840.0;9550.0;15590.0;25030.0;3853.0;5537.0;5510.0;9020.0;14810.0;23860.0;3682.0;5369.0;-48.0;65.0;-226.0;308.0
5790.0;9530.0;15530.0;25040.0;3858.0;5545.0;5500.0;9040.0;14750.0;23780.0;3688.0;5375.0;-45.0;66.0;-218.0;302.0
5800.0;9500.0;15590.0;25160.0;3869.0;5569.0;5470.0;9030.0;14740.0;23950.0;3698.0;5415.0;-45.0;60.0;-216.0;297.0
5820.0;9580.0;15640.0;25150.0;3882.0;5574.0;5470.0;9000.0;14740.0;23930.0;3679.0;5384.0;-43.0;67.0;-215.0;300.0
5750.0;9470.0;15490.0;24960.0;3852.0;5518.0;5400.0;8950.0;14670.0;23620.0;3642.0;5300.0;-51.0;54.0;-208.0;256.0
5850.0;9520.0;15400.0;24640.0;3751.0;5356.0;5370.0;8840.0;14390.0;23160.0;3557.0;5175.0;-51.0;56.0;-205.0;237.0
5650.0;9210.0;14870.0;23760.0;3605.0;5163.0;5180.0;8530.0;13890.0;22330.0;3423.0;4977.0;-51.0;69.0;-205.0;259.0
5380.0;8770.0;14140.0;22600.0;3435.0;4910.0;4970.0;8120.0;13280.0;21270.0;3284.0;4772.0;-51.0;55.0;-205.0;254.0
5220.0;8520.0;13730.0;21900.0;3326.0;4766.0;4930.0;8050.0;13100.0;20850.0;3172.0;4652.0;-51.0;57.0;-205.0;254.0
5120.0;8330.0;13390.0;21320.0;3228.0;4644.0;4770.0;7780.0;12730.0;20310.0;3097.0;4512.0;-50.0;60.0;-205.0;259.0
4960.0;8040.0;12960.0;20580.0;3120.0;4528.0;4690.0;7670.0;12440.0;19950.0;3019.0;4396.0;-50.0;64.0;-203.0;261.0
4870.0;7900.0;12680.0;20100.0;3046.0;4398.0;4630.0;7550.0;12240.0;19510.0;2960.0;4308.0;-52.0;64.0;-199.0;268.0
4780.0;7740.0;12370.0;19610.0;2979.0;4305.0;4490.0;7310.0;11930.0;19000.0;2879.0;4212.0;-51.0;57.0;-197.0;254.0
4650.0;7530.0;12050.0;19170.0;2900.0;4195.0;4430.0;7200.0;11660.0;18550.0;2809.0;4108.0;-51.0;48.0;-194.0;247.0
4510.0;7340.0;11750.0;18520.0;2807.0;4065.0;4350.0;6990.0;11220.0;17920.0;2694.0;3977.0;-51.0;47.0;-194.0;238.0
4430.0;7160.0;11450.0;18180.0;2751.0;3972.0;4190.0;6790.0;10970.0;17510.0;2654.0;3886.0;-51.0;49.0;-193.0;227.0
4350.0;7040.0;11280.0;17870.0;2697.0;3900.0;4160.0;6720.0;10790.0;17120.0;2621.0;3815.0;-48.0;48.0;-185.0;225.0
4190.0;6780.0;10880.0;17180.0;2610.0;3798.0;4050.0;6570.0;10590.0;16800.0;2556.0;3712.0;-46.0;56.0;-185.0;223.0
4150.0;6700.0;10670.0;16780.0;2551.0;3707.0;3940.0;6390.0;10230.0;16270.0;2489.0;3624.0;-46.0;58.0;-185.0;213.0
3960.0;6400.0;10300.0;16190.0;2457.0;3589.0;3800.0;6150.0;9880.0;15850.0;2407.0;3501.0;-46.0;48.0;-185.0;225.0
3930.0;6340.0;10100.0;15930.0;2417.0;3501.0;3800.0;6100.0;9840.0;15600.0;2365.0;3450.0;-46.0;56.0;-190.0;235.0
3800.0;6130.0;9740.0;15480.0;2358.0;3423.0;3700.0;5990.0;9630.0;15240.0;2308.0;3374.0;-46.0;51.0;-190.0;233.0
3830.0;6150.0;9800.0;15400.0;2341.0;3389.0;3640.0;5860.0;9400.0;14970.0;2283.0;3348.0;-46.0;54.0;-190.0;237.0
3780.0;6080.0;9710.0;15410.0;2326.0;3366.0;3640.0;5850.0;9410.0;14900.0;2262.0;3304.0;-46.0;53.0;-184.0;223.0
3710.0;5950.0;9510.0;14980.0;2263.0;3290.0;3600.0;5770.0;9230.0;14570.0;2209.0;3219.0;-41.0;46.0;-184.0;224.0
3590.0;5770.0;9160.0;14490.0;2193.0;3195.0;3510.0;5610.0;9000.0;14240.0;2169.0;3153.0;-41.0;61.0;-184.0;222.0
3620.0;5840.0;9280.0;14620.0;2215.0;3202.0;3450.0;5570.0;8940.0;14160.0;2155.0;3157.0;-41.0;52.0;-184.0;238.0
3630.0;5830.0;9250.0;14630.0;2210.0;3208.0;3430.0;5470.0;8810.0;14060.0;2146.0;3131.0;-40.0;47.0;-184.0;235.0
3580.0;5750.0;9130.0;14330.0;2171.0;3157.0;3430.0;5480.0;8780.0;13850.0;2110.0;3087.0;-40.0;50.0;-184.0;231.0
3530.0;5680.0;9060.0;14220.0;2151.0;3100.0;3370.0;5430.0;8680.0;13800.0;2089.0;3068.0;-40.0;56.0;-183.0;237.0
3430.0;5510.0;8810.0;13930.0;2102.0;3068.0;3310.0;5310.0;8500.0;13470.0;2055.0;3007.0;-40.0;58.0;-181.0;224.0
3390.0;5440.0;8680.0;13750.0;2066.0;3001.0;3270.0;5210.0;8350.0;13220.0;2020.0;2958.0;-40.0;51.0;-173.0;224.0
3360.0;5380.0;8590.0;13490.0;2038.0;2962.0;3180.0;5100.0;8190.0;12950.0;1978.0;2897.0;-43.0;55.0;-168.0;217.0
3220.0;5180.0;8250.0;13040.0;1967.0;2873.0;3120.0;4970.0;7990.0;12570.0;1908.0;2823.0;-44.0;46.0;-165.0;207.0
3150.0;5050.0;8060.0;12700.0;1926.0;2796.0;3050.0;4840.0;7780.0;12330.0;1873.0;2749.0;-44.0;49.0;-165.0;185.0
3060.0;4930.0;7880.0;12400.0;1876.0;2735.0;2990.0;4780.0;7710.0;12220.0;1845.0;2703.0;-44.0;41.0;-163.0;184.0
3020.0;4860.0;7700.0;12150.0;1837.0;2680.0;2920.0;4670.0;7470.0;11870.0;1794.0;2622.0;-44.0;46.0;-162.0;188.0
2980.0;4780.0;7630.0;12050.0;1821.0;2642.0;2860.0;4580.0;7340.0;11610.0;1767.0;2598.0;-37.0;42.0;-160.0;178.0
2930.0;4680.0;7490.0;11820.0;1787.0;2622.0;2850.0;4590.0;7330.0;11540.0;1762.0;2574.0;-37.0;36.0;-158.0;179.0
2900.0;4660.0;7460.0;11650.0;1773.0;2583.0;2820.0;4490.0;7160.0;11320.0;1716.0;2542.0;-33.0;34.0;-147.0;167.0
2870.0;4630.0;7350.0;11600.0;1743.0;2533.0;2760.0;4420.0;7080.0;11200.0;1705.0;2496.0;-37.0;39.0;-154.0;163.0
2850.0;4560.0;7280.0;11450.0;1721.0;2493.0;2720.0;4360.0;6970.0;11040.0;1669.0;2450.0;-37.0;43.0;-154.0;170.0
2760.0;4440.0;7080.0;11160.0;1686.0;2465.0;2670.0;4290.0;6820.0;10820.0;1652.0;2409.0;-41.0;39.0;-141.0;162.0
2750.0;4440.0;7090.0;11170.0;1683.0;2449.0;2630.0;4220.0;6750.0;10690.0;1628.0;2402.0;-38.0;36.0;-139.0;165.0
2610.0;4190.0;6710.0;10650.0;1611.0;2369.0;2590.0;4120.0;6570.0;10520.0;1590.0;2334.0;-38.0;33.0;-139.0;152.0
2590.0;4170.0;6640.0;10460.0;1596.0;2333.0;2510.0;4030.0;6420.0;10240.0;1559.0;2295.0;-32.0;33.0;-134.0;149.0
2630.0;4210.0;6730.0;10600.0;1602.0;2330.0;2520.0;4050.0;6490.0;10290.0;1562.0;2281.0;-38.0;28.0;-137.0;144.0
2580.0;4150.0;6610.0;10470.0;1590.0;2313.0;2470.0;3960.0;6320.0;10010.0;1537.0;2266.0;-38.0;44.0;-137.0;137.0
2540.0;4100.0;6550.0;10410.0;1573.0;2267.0;2430.0;3900.0;6250.0;9930.0;1524.0;2241.0;-38.0;36.0;-137.0;146.0
2520.0;4070.0;6520.0;10320.0;1562.0;2264.0;2420.0;3900.0;6250.0;9880.0;1510.0;2223.0;-38.0;33.0;-137.0;147.0
2520.0;4060.0;6480.0;10230.0;1545.0;2245.0;2400.0;3840.0;6130.0;9790.0;1492.0;2207.0;-38.0;38.0;-137.0;146.0
2470.0;3970.0;6360.0;10040.0;1509.0;2206.0;2370.0;3810.0;6090.0;9690.0;1479.0;2168.0;-34.0;32.0;-128.0;137.0
2490.0;3980.0;6370.0;10050.0;1518.0;2208.0;2360.0;3780.0;6070.0;9610.0;1481.0;2170.0;-34.0;36.0;-126.0;135.0
2450.0;3980.0;6330.0;9940.0;1506.0;2195.0;2340.0;3760.0;6040.0;9590.0;1472.0;2163.0;-32.0;34.0;-123.0;138.0
2500.0;4060.0;6470.0;10200.0;1533.0;2220.0;2320.0;3750.0;6060.0;9630.0;1487.0;2190.0;-34.0;32.0;-126.0;135.0
2540.0;4110.0;6560.0;10330.0;1560.0;2269.0;2370.0;3830.0;6110.0;9790.0;1508.0;2225.0;-37.0;38.0;-123.0;136.0
2490.0;4030.0;6500.0;10240.0;1554.0;2256.0;2390.0;3840.0;6180.0;9820.0;1505.0;2205.0;-37.0;28.0;-126.0;139.0
2480.0;4020.0;6470.0;10190.0;1543.0;2232.0;2340.0;3740.0;6080.0;9650.0;1477.0;2182.0;-37.0;35.0;-123.0;127.0
2450.0;3960.0;6310.0;9960.0;1518.0;2207.0;2310.0;3710.0;5960.0;9490.0;1466.0;2138.0;-37.0;24.0;-123.0;129.0
2370.0;3810.0;6100.0;9700.0;1474.0;2145.0;2220.0;3600.0;5790.0;9230.0;1430.0;2099.0;-33.0;27.0;-114.0;127.0
2290.0;3710.0;5960.0;9470.0;1440.0;2095.0;2220.0;3590.0;5760.0;9160.0;1406.0;2073.0;-25.0;27.0;-111.0;106.0
2290.0;3730.0;5970.0;9430.0;1428.0;2092.0;2190.0;3540.0;5680.0;9090.0;1394.0;2043.0;-23.0;32.0;-111.0;122.0
2300.0;3720.0;5980.0;9440.0;1431.0;2093.0;2200.0;3550.0;5710.0;9060.0;1390.0;2059.0;-21.0;28.0;-111.0;114.0
2250.0;3640.0;5890.0;9300.0;1408.0;2058.0;2160.0;3470.0;5580.0;8870.0;1371.0;2025.0;-21.0;26.0;-111.0;122.0
2210.0;3590.0;5780.0;9190.0;1397.0;2052.0;2140.0;3440.0;5520.0;8860.0;1354.0;2001.0;-23.0;22.0;-113.0;120.0
2200.0;3590.0;5770.0;9130.0;1387.0;2025.0;2090.0;3370.0;5410.0;8660.0;1336.0;1984.0;-32.0;31.0;-113.0;114.0
2110.0;3420.0;5520.0;8800.0;1341.0;1960.0;2040.0;3300.0;5310.0;8470.0;1306.0;1940.0;-32.0;29.0;-113.0;115.0
2100.0;3400.0;5500.0;8730.0;1331.0;1950.0;2020.0;3260.0;5210.0;8340.0;1290.0;1910.0;-32.0;21.0;-113.0;111.0
2090.0;3380.0;5450.0;8570.0;1312.0;1924.0;1980.0;3210.0;5190.0;8300.0;1282.0;1896.0;-31.0;22.0;-110.0;94.0
2020.0;3260.0;5230.0;8250.0;1264.0;1863.0;1930.0;3120.0;5090.0;8120.0;1241.0;1840.0;-31.0;16.0;-105.0;100.0
1990.0;3210.0;5180.0;8170.0;1249.0;1837.0;1890.0;3060.0;4940.0;7960.0;1220.0;1816.0;-31.0;24.0;-105.0;106.0
2020.0;3280.0;5280.0;8370.0;1283.0;1860.0;1930.0;3110.0;5020.0;8070.0;1233.0;1827.0;-30.0;30.0;-105.0;114.0
2050.0;3330.0;5360.0;8490.0;1286.0;1882.0;1910.0;3110.0;4990.0;8020.0;1234.0;1835.0;-31.0;26.0;-105.0;113.0
2040.0;3300.0;5330.0;8470.0;1287.0;1874.0;1910.0;3090.0;5020.0;8040.0;1243.0;1843.0;-30.0;25.0;-105.0;105.0
1990.0;3240.0;5220.0;8300.0;1261.0;1845.0;1860.0;3010.0;4860.0;7900.0;1220.0;1818.0;-31.0;20.0;-103.0;101.0
1970.0;3220.0;5200.0;8300.0;1258.0;1844.0;1880.0;3080.0;5000.0;7990.0;1230.0;1820.0;-26.0;27.0;-99.0;115.0
2030.0;3290.0;5330.0;8470.0;1289.0;1883.0;1890.0;3040.0;4950.0;7980.0;1239.0;1848.0;-27.0;18.0;-99.0;101.0
2000.0;3260.0;5240.0;8310.0;1270.0;1857.0;1880.0;3050.0;4920.0;7910.0;1228.0;1822.0;-25.0;20.0;-102.0;102.0
1950.0;3170.0;5120.0;8180.0;1245.0;1832.0;1870.0;3010.0;4910.0;7850.0;1222.0;1804.0;-25.0;19.0;-102.0;99.0
1910.0;3120.0;5040.0;8030.0;1232.0;1804.0;1800.0;2930.0;4780.0;7800.0;1198.0;1766.0;-25.0;23.0;-94.0;86.0
1920.0;3130.0;5030.0;8070.0;1222.0;1795.0;1810.0;2950.0;4810.0;7700.0;1184.0;1753.0;-25.0;20.0;-94.0;104.0
1910.0;3140.0;5070.0;8040.0;1219.0;1786.0;1780.0;2900.0;4730.0;7620.0;1178.0;1751.0;-24.0;22.0;-91.0;92.0
1890.0;3080.0;5020.0;8020.0;1209.0;1775.0;1760.0;2890.0;4710.0;7590.0;1172.0;1729.0;-24.0;19.0;-91.0;86.0
1880.0;3090.0;5000.0;7970.0;1210.0;1773.0;1760.0;2860.0;4620.0;7510.0;1161.0;1730.0;-25.0;22.0;-94.0;82.0
1860.0;3040.0;4950.0;7890.0;1197.0;1756.0;1770.0;2870.0;4680.0;7480.0;1161.0;1719.0;-24.0;23.0;-91.0;91.0
1890.0;3110.0;5010.0;8010.0;1215.0;1770.0;1760.0;2880.0;4690.0;7550.0;1170.0;1742.0;-19.0;23.0;-94.0;86.0
1890.0;3110.0;5040.0;8070.0;1230.0;1777.0;1770.0;2880.0;4710.0;7530.0;1169.0;1732.0;-27.0;24.0;-95.0;93.0
1830.0;3000.0;4880.0;7770.0;1184.0;1734.0;1700.0;2780.0;4550.0;7420.0;1147.0;1699.0;-19.0;24.0;-96.0;99.0
1820.0;2990.0;4820.0;7770.0;1180.0;1718.0;1690.0;2730.0;4500.0;7300.0;1127.0;1689.0;-19.0;19.0;-96.0;96.0
1800.0;2950.0;4820.0;7670.0;1173.0;1709.0;1700.0;2780.0;4520.0;7290.0;1133.0;1691.0;-19.0;22.0;-96.0;103.0
1780.0;2910.0;4730.0;7580.0;1155.0;1684.0;1670.0;2730.0;4450.0;7200.0;1111.0;1659.0;-24.0;21.0;-94.0;96.0
1770.0;2900.0;4720.0;7490.0;1141.0;1680.0;1660.0;2720.0;4410.0;7150.0;1103.0;1648.0;-23.0;19.0;-94.0;102.0
1760.0;2920.0;4740.0;7520.0;1147.0;1680.0;1650.0;2690.0;4380.0;7080.0;1099.0;1650.0;-23.0;17.0;-92.0;103.0
1710.0;2800.0;4560.0;7340.0;1119.0;1657.0;1620.0;2650.0;4360.0;7070.0;1096.0;1631.0;-19.0;17.0;-94.0;102.0
1740.0;2860.0;4650.0;7420.0;1133.0;1666.0;1640.0;2660.0;4330.0;7000.0;1094.0;1629.0;-23.0;25.0;-94.0;95.0
1820.0;3000.0;4880.0;7750.0;1185.0;1736.0;1670.0;2730.0;4480.0;7260.0;1139.0;1703.0;-23.0;26.0;-95.0;102.0
1860.0;3050.0;4960.0;7920.0;1216.0;1778.0;1720.0;2810.0;4590.0;7460.0;1169.0;1741.0;-27.0;19.0;-96.0;95.0
1800.0;2970.0;4860.0;7750.0;1183.0;1737.0;1700.0;2770.0;4520.0;7320.0;1142.0;1697.0;-27.0;20.0;-96.0;89.0
1740.0;2870.0;4670.0;7500.0;1154.0;1697.0;1650.0;2700.0;4430.0;7190.0;1121.0;1676.0;-27.0;21.0;-96.0;86.0
1770.0;2900.0;4710.0;7540.0;1153.0;1702.0;1640.0;2680.0;4390.0;7130.0;1113.0;1669.0;-27.0;23.0;-88.0;96.0
1720.0;2830.0;4630.0;7390.0;1131.0;1666.0;1620.0;2660.0;4350.0;7010.0;1092.0;1645.0;-16.0;14.0;-81.0;91.0
1700.0;2800.0;4550.0;7290.0;1115.0;1642.0;1580.0;2600.0;4240.0;6890.0;1076.0;1610.0;-16.0;20.0;-79.0;87.0
1630.0;2690.0;4400.0;7020.0;1078.0;1596.0;1550.0;2520.0;4150.0;6730.0;1047.0;1564.0;-16.0;14.0;-66.0;64.0
1580.0;2610.0;4240.0;6780.0;1043.0;1547.0;1510.0;2460.0;4020.0;6540.0;1016.0;1522.0;-16.0;12.0;-66.0;65.0
1560.0;2560.0;4140.0;6650.0;1013.0;1512.0;1500.0;2440.0;4040.0;6500.0;994.0;1490.0;-15.0;19.0;-64.0;72.0
1600.0;2620.0;4250.0;6850.0;1041.0;1523.0;1470.0;2420.0;3980.0;6430.0;1006.0;1495.0;-15.0;10.0;-65.0;63.0
1620.0;2660.0;4340.0;6980.0;1063.0;1560.0;1500.0;2460.0;4000.0;6540.0;1015.0;1524.0;-14.0;10.0;-65.0;56.0
1570.0;2600.0;4260.0;6830.0;1040.0;1536.0;1500.0;2460.0;4030.0;6550.0;1002.0;1503.0;-14.0;15.0;-63.0;62.0
1560.0;2580.0;4220.0;6790.0;1038.0;1516.0;1470.0;2400.0;3900.0;6380.0;1003.0;1492.0;-14.0;13.0;-63.0;59.0
1570.0;2600.0;4260.0;6800.0;1034.0;1517.0;1450.0;2390.0;3890.0;6330.0;996.0;1471.0;-22.0;13.0;-65.0;65.0
1550.0;2560.0;4190.0;6740.0;1032.0;1498.0;1440.0;2340.0;3850.0;6280.0;979.0;1461.0;-22.0;18.0;-76.0;65.0
1540.0;2560.0;4140.0;6630.0;1011.0;1488.0;1420.0;2340.0;3880.0;6310.0;982.0;1462.0;-22.0;11.0;-76.0;74.0
1480.0;2460.0;4040.0;6490.0;1001.0;1472.0;1390.0;2280.0;3760.0;6130.0;958.0;1435.0;-22.0;6.0;-76.0;69.0
1500.0;2490.0;4070.0;6520.0;1001.0;1463.0;1400.0;2300.0;3770.0;6160.0;961.0;1431.0;-21.0;8.0;-62.0;66.0
1480.0;2450.0;4030.0;6490.0;987.0;1441.0;1370.0;2260.0;3750.0;6070.0;950.0;1426.0;-8.0;8.0;-62.0;52.0
1490.0;2470.0;4030.0;6430.0;988.0;1443.0;1360.0;2240.0;3700.0;6080.0;942.0;1410.0;-8.0;14.0;-56.0;46.0
1450.0;2420.0;3960.0;6380.0;976.0;1427.0;1360.0;2220.0;3630.0;5940.0;925.0;1397.0;-18.0;12.0;-56.0;37.0
1440.0;2390.0;3910.0;6290.0;962.0;1414.0;1350.0;2220.0;3690.0;5920.0;928.0;1388.0;-18.0;11.0;-56.0;53.0
1390.0;2320.0;3790.0;6130.0;935.0;1389.0;1340.0;2200.0;3620.0;5900.0;917.0;1365.0;-19.0;10.0;-56.0;42.0
1380.0;2300.0;3760.0;6060.0;934.0;1370.0;1280.0;2100.0;3500.0;5690.0;899.0;1345.0;-19.0;11.0;-56.0;40.0
1380.0;2280.0;3760.0;6030.0;929.0;1371.0;1290.0;2100.0;3510.0;5690.0;888.0;1350.0;-18.0;12.0;-56.0;54.0
1370.0;2270.0;3730.0;5990.0;922.0;1371.0;1280.0;2100.0;3500.0;5680.0;894.0;1337.0;-18.0;9.0;-56.0;45.0
1350.0;2230.0;3680.0;5940.0;909.0;1339.0;1240.0;2070.0;3400.0;5600.0;875.0;1316.0;-3.0;9.0;-45.0;48.0
1310.0;2170.0;3580.0;5740.0;888.0;1314.0;1230.0;2010.0;3340.0;5460.0;865.0;1301.0;-3.0;6.0;-45.0;43.0
1300.0;2160.0;3560.0;5740.0;882.0;1303.0;1230.0;2030.0;3360.0;5470.0;851.0;1287.0;-17.0;16.0;-56.0;43.0
1290.0;2150.0;3530.0;5750.0;880.0;1306.0;1220.0;2010.0;3320.0;5430.0;850.0;1275.0;-17.0;14.0;-64.0;64.0
1270.0;2110.0;3460.0;5600.0;861.0;1272.0;1190.0;1940.0;3260.0;5320.0;827.0;1252.0;-17.0;15.0;-64.0;72.0
1270.0;2100.0;3450.0;5540.0;858.0;1263.0;1200.0;1990.0;3270.0;5360.0;832.0;1251.0;-17.0;6.0;-64.0;61.0
1280.0;2130.0;3500.0;5590.0;856.0;1262.0;1160.0;1950.0;3200.0;5270.0;834.0;1244.0;-14.0;6.0;-59.0;59.0
1200.0;2010.0;3290.0;5300.0;829.0;1227.0;1170.0;1930.0;3180.0;5190.0;806.0;1207.0;-10.0;7.0;-55.0;56.0
1220.0;2040.0;3360.0;5410.0;835.0;1244.0;1150.0;1890.0;3130.0;5150.0;814.0;1224.0;-10.0;13.0;-55.0;52.0
1270.0;2130.0;3500.0;5670.0;858.0;1261.0;1180.0;1950.0;3230.0;5270.0;822.0;1247.0;-8.0;5.0;-54.0;51.0
1240.0;2080.0;3400.0;5520.0;846.0;1249.0;1190.0;1940.0;3240.0;5240.0;818.0;1217.0;-10.0;9.0;-55.0;45.0
1220.0;2030.0;3350.0;5460.0;836.0;1239.0;1160.0;1920.0;3180.0;5260.0;812.0;1226.0;-8.0;7.0;-54.0;39.0
1230.0;2040.0;3350.0;5450.0;833.0;1223.0;1140.0;1890.0;3130.0;5140.0;803.0;1205.0;-8.0;13.0;-60.0;45.0
1230.0;2050.0;3370.0;5420.0;835.0;1225.0;1120.0;1850.0;3100.0;5080.0;793.0;1205.0;-6.0;7.0;-52.0;33.0
1190.0;1980.0;3270.0;5320.0;820.0;1202.0;1130.0;1860.0;3080.0;5060.0;789.0;1189.0;-8.0;8.0;-40.0;35.0
1190.0;2000.0;3300.0;5330.0;821.0;1211.0;1120.0;1820.0;3020.0;4950.0;780.0;1187.0;-8.0;2.0;-21.0;1.0
1150.0;1900.0;3140.0;5110.0;787.0;1178.0;1100.0;1800.0;3030.0;4900.0;766.0;1157.0;-8.0;-1.0;-17.0;-2.0
1110.0;1860.0;3060.0;4980.0;765.0;1151.0;1090.0;1780.0;2980.0;4850.0;758.0;1144.0;-3.0;-1.0;-17.0;-11.0
1050.0;1780.0;2920.0;4760.0;727.0;1097.0;1020.0;1710.0;2850.0;4630.0;722.0;1097.0;-12.0;-1.0;-21.0;-11.0
1060.0;1800.0;2980.0;4790.0;735.0;1108.0;1030.0;1710.0;2850.0;4680.0;730.0;1099.0;-2.0;-1.0;-21.0;-2.0
1090.0;1820.0;3000.0;4830.0;746.0;1114.0;1040.0;1690.0;2850.0;4690.0;731.0;1097.0;-2.0;-1.0;-18.0;1.0
1150.0;1900.0;3140.0;5090.0;778.0;1142.0;1050.0;1740.0;2890.0;4720.0;751.0;1127.0;-6.0;-1.0;-18.0;5.0
1140.0;1920.0;3170.0;5090.0;777.0;1156.0;1060.0;1760.0;2950.0;4860.0;756.0;1128.0;-9.0;-1.0;-18.0;6.0
1130.0;1890.0;3140.0;5100.0;787.0;1152.0;1040.0;1720.0;2870.0;4730.0;750.0;1129.0;-9.0;0.0;-18.0;5.0
1100.0;1830.0;3040.0;4950.0;766.0;1132.0;1030.0;1710.0;2860.0;4730.0;737.0;1119.0;-9.0;-1.0;-18.0;6.0
1110.0;1850.0;3070.0;4970.0;764.0;1120.0;1030.0;1700.0;2840.0;4660.0;733.0;1109.0;-9.0;-1.0;-16.0;8.0
1070.0;1790.0;2950.0;4810.0;742.0;1111.0;980.0;1640.0;2760.0;4600.0;725.0;1081.0;-9.0;-1.0;-11.0;-18.0
1050.0;1740.0;2930.0;4790.0;741.0;1094.0;970.0;1610.0;2720.0;4500.0;715.0;1079.0;-9.0;-1.0;-6.0;-21.0
1080.0;1800.0;3000.0;4880.0;749.0;1092.0;980.0;1650.0;2760.0;4530.0;710.0;1068.0;-5.0;-1.0;-5.0;-21.0
1020.0;1710.0;2830.0;4560.0;708.0;1056.0;940.0;1570.0;2620.0;4360.0;691.0;1044.0;-10.0;0.0;-5.0;-22.0
1030.0;1740.0;2880.0;4640.0;719.0;1054.0;960.0;1600.0;2680.0;4380.0;693.0;1044.0;-8.0;0.0;-3.0;-21.0
1030.0;1730.0;2870.0;4670.0;719.0;1069.0;930.0;1580.0;2660.0;4400.0;693.0;1047.0;-8.0;0.0;-5.0;-13.0
1040.0;1740.0;2870.0;4690.0;722.0;1069.0;980.0;1620.0;2710.0;4450.0;698.0;1059.0;-8.0;0.0;-10.0;-11.0
1030.0;1740.0;2900.0;4720.0;733.0;1071.0;940.0;1580.0;2670.0;4460.0;699.0;1063.0;-8.0;-4.0;-10.0;-11.0
1000.0;1690.0;2820.0;4620.0;708.0;1052.0;940.0;1580.0;2640.0;4380.0;693.0;1042.0;-8.0;-5.0;-10.0;-10.0
960.0;1610.0;2690.0;4400.0;683.0;1019.0;900.0;1500.0;2530.0;4200.0;666.0;1014.0;-7.0;-5.0;-10.0;-8.0
1000.0;1680.0;2810.0;4580.0;702.0;1041.0;890.0;1500.0;2520.0;4190.0;669.0;1015.0;-3.0;-2.0;-10.0;-8.0
1000.0;1690.0;2820.0;4620.0;711.0;1049.0;940.0;1560.0;2640.0;4350.0;681.0;1039.0;-7.0;-2.0;-16.0;-6.0
1040.0;1760.0;2910.0;4740.0;735.0;1088.0;960.0;1610.0;2690.0;4540.0;718.0;1088.0;-9.0;-2.0;-23.0;7.0
1120.0;1880.0;3120.0;5070.0;780.0;1149.0;980.0;1640.0;2750.0;4610.0;732.0;1128.0;-9.0;3.0;-33.0;13.0
1100.0;1860.0;3100.0;5030.0;782.0;1149.0;980.0;1650.0;2760.0;4600.0;736.0;1111.0;-9.0;5.0;-43.0;32.0
1070.0;1800.0;2960.0;4860.0;751.0;1109.0;980.0;1650.0;2780.0;4600.0;723.0;1083.0;-15.0;17.0;-50.0;50.0
1050.0;1770.0;2950.0;4830.0;747.0;1104.0;950.0;1590.0;2710.0;4460.0;708.0;1081.0;-9.0;10.0;-53.0;50.0
1070.0;1810.0;2980.0;4860.0;751.0;1102.0;970.0;1630.0;2740.0;4470.0;706.0;1081.0;-15.0;13.0;-54.0;40.0
980.0;1670.0;2800.0;4560.0;712.0;1055.0;950.0;1570.0;2640.0;4320.0;691.0;1046.0;-15.0;11.0;-54.0;58.0
1010.0;1700.0;2850.0;4620.0;717.0;1053.0;900.0;1520.0;2560.0;4250.0;678.0;1023.0;-15.0;11.0;-58.0;68.0
960.0;1630.0;2730.0;4460.0;689.0;1025.0;900.0;1500.0;2530.0;4210.0;665.0;1018.0;-14.0;16.0;-58.0;64.0
970.0;1630.0;2750.0;4460.0;695.0;1028.0;890.0;1500.0;2550.0;4240.0;671.0;1016.0;-16.0;9.0;-70.0;57.0
930.0;1570.0;2620.0;4270.0;658.0;990.0;890.0;1500.0;2480.0;4130.0;648.0;984.0;-14.0;11.0;-60.0;55.0
900.0;1510.0;2520.0;4120.0;645.0;955.0;870.0;1460.0;2430.0;4040.0;630.0;950.0;-14.0;11.0;-60.0;63.0
910.0;1530.0;2550.0;4120.0;631.0;949.0;840.0;1400.0;2340.0;3860.0;617.0;935.0;-14.0;11.0;-60.0;57.0
860.0;1460.0;2430.0;3980.0;619.0;927.0;800.0;1340.0;2300.0;3780.0;603.0;907.0;-11.0;10.0;-66.0;61.0
830.0;1410.0;2340.0;3840.0;603.0;913.0;810.0;1360.0;2300.0;3790.0;591.0;910.0;-11.0;9.0;-66.0;56.0
880.0;1490.0;2490.0;4050.0;629.0;920.0;800.0;1340.0;2270.0;3750.0;596.0;911.0;-15.0;9.0;-66.0;57.0
890.0;1490.0;2510.0;4090.0;635.0;937.0;820.0;1370.0;2330.0;3840.0;602.0;914.0;-14.0;9.0;-59.0;47.0
880.0;1500.0;2490.0;4100.0;630.0;936.0;830.0;1370.0;2330.0;3860.0;610.0;917.0;-15.0;9.0;-63.0;40.0
880.0;1490.0;2500.0;4080.0;631.0;929.0;800.0;1330.0;2290.0;3780.0;604.0;918.0;-15.0;11.0;-59.0;51.0
900.0;1510.0;2550.0;4130.0;637.0;942.0;820.0;1380.0;2330.0;3830.0;605.0;928.0;-14.0;9.0;-59.0;45.0
880.0;1500.0;2510.0;4140.0;632.0;934.0;820.0;1370.0;2330.0;3850.0;610.0;918.0;-14.0;10.0;-57.0;43.0
890.0;1510.0;2550.0;4130.0;634.0;937.0;820.0;1370.0;2320.0;3840.0;610.0;917.0;-14.0;9.0;-50.0;45.0
850.0;1460.0;2440.0;4010.0;619.0;916.0;800.0;1350.0;2290.0;3830.0;596.0;903.0;-14.0;9.0;-50.0;39.0
870.0;1480.0;2460.0;4040.0;626.0;912.0;800.0;1340.0;2270.0;3730.0;594.0;903.0;-14.0;8.0;-51.0;32.0
870.0;1470.0;2460.0;4010.0;620.0;914.0;790.0;1340.0;2290.0;3820.0;593.0;899.0;-18.0;8.0;-51.0;41.0
890.0;1500.0;2510.0;4010.0;613.0;918.0;770.0;1310.0;2230.0;3710.0;589.0;899.0;-18.0;14.0;-52.0;50.0
870.0;1470.0;2450.0;3990.0;613.0;914.0;800.0;1330.0;2230.0;3700.0;584.0;889.0;-17.0;7.0;-52.0;36.0
850.0;1450.0;2410.0;3920.0;606.0;895.0;780.0;1290.0;2200.0;3730.0;591.0;893.0;-17.0;7.0;-51.0;34.0
850.0;1430.0;2400.0;3910.0;603.0;901.0;770.0;1300.0;2180.0;3670.0;577.0;874.0;-17.0;7.0;-46.0;25.0
820.0;1390.0;2340.0;3790.0;589.0;879.0;780.0;1280.0;2160.0;3600.0;576.0;879.0;-13.0;3.0;-46.0;22.0
820.0;1410.0;2350.0;3850.0;598.0;882.0;760.0;1260.0;2140.0;3540.0;562.0;862.0;-12.0;4.0;-43.0;31.0
820.0;1380.0;2320.0;3780.0;586.0;874.0;770.0;1290.0;2180.0;3660.0;576.0;868.0;-12.0;4.0;-43.0;28.0
840.0;1430.0;2380.0;3890.0;603.0;901.0;780.0;1320.0;2200.0;3660.0;583.0;896.0;-12.0;5.0;-43.0;35.0
910.0;1530.0;2580.0;4190.0;647.0;961.0;820.0;1370.0;2350.0;3920.0;626.0;965.0;-12.0;5.0;-47.0;28.0
920.0;1560.0;2600.0;4250.0;657.0;986.0;840.0;1420.0;2420.0;4010.0;644.0;980.0;-12.0;5.0;-44.0;30.0
880.0;1500.0;2510.0;4100.0;648.0;966.0;820.0;1410.0;2380.0;3980.0;625.0;955.0;-12.0;2.0;-44.0;39.0
870.0;1490.0;2510.0;4080.0;638.0;950.0;820.0;1370.0;2340.0;3860.0;613.0;938.0;-16.0;5.0;-48.0;32.0
840.0;1430.0;2400.0;3980.0;619.0;931.0;810.0;1370.0;2300.0;3880.0;615.0;938.0;-20.0;5.0;-48.0;32.0
930.0;1560.0;2620.0;4290.0;665.0;980.0;830.0;1400.0;2390.0;3970.0;633.0;955.0;-19.0;7.0;-52.0;43.0
930.0;1580.0;2640.0;4330.0;676.0;1005.0;840.0;1410.0;2400.0;3990.0;638.0;973.0;-19.0;6.0;-55.0;43.0
900.0;1540.0;2590.0;4270.0;661.0;989.0;830.0;1380.0;2350.0;3970.0;633.0;960.0;-22.0;6.0;-57.0;43.0
870.0;1500.0;2520.0;4160.0;644.0;965.0;820.0;1370.0;2340.0;3950.0;627.0;952.0;-19.0;9.0;-55.0;45.0
900.0;1530.0;2580.0;4260.0;658.0;982.0;830.0;1390.0;2380.0;3950.0;637.0;964.0;-19.0;11.0;-57.0;40.0
920.0;1570.0;2640.0;4310.0;667.0;995.0;830.0;1380.0;2350.0;3930.0;636.0;967.0;-16.0;7.0;-55.0;39.0
910.0;1550.0;2610.0;4280.0;667.0;992.0;830.0;1410.0;2410.0;4040.0;632.0;970.0;-16.0;11.0;-51.0;46.0
890.0;1530.0;2550.0;4210.0;652.0;974.0;830.0;1410.0;2350.0;3950.0;630.0;950.0;-13.0;9.0;-49.0;41.0
880.0;1480.0;2480.0;4150.0;640.0;955.0;810.0;1370.0;2310.0;3880.0;616.0;933.0;-13.0;6.0;-38.0;22.0
840.0;1440.0;2430.0;4000.0;622.0;931.0;770.0;1280.0;2180.0;3640.0;585.0;909.0;-13.0;11.0;-30.0;16.0
750.0;1270.0;2170.0;3580.0;560.0;863.0;740.0;1220.0;2110.0;3490.0;557.0;861.0;-13.0;7.0;-30.0;18.0
770.0;1280.0;2150.0;3570.0;556.0;850.0;710.0;1190.0;2040.0;3410.0;544.0;835.0;-1.0;0.0;-25.0;18.0
800.0;1350.0;2250.0;3710.0;573.0;861.0;750.0;1260.0;2120.0;3510.0;554.0;839.0;-14.0;0.0;-29.0;19.0
800.0;1350.0;2240.0;3710.0;577.0;855.0;740.0;1240.0;2120.0;3490.0;552.0;841.0;-14.0;-3.0;-29.0;7.0
770.0;1310.0;2190.0;3650.0;562.0;842.0;710.0;1220.0;2080.0;3440.0;545.0;834.0;-8.0;-3.0;-22.0;2.0
770.0;1290.0;2180.0;3590.0;559.0;831.0;720.0;1190.0;2020.0;3390.0;545.0;820.0;-8.0;0.0;-22.0;2.0
760.0;1300.0;2160.0;3570.0;550.0;824.0;690.0;1180.0;1990.0;3320.0;532.0;811.0;-8.0;2.0;-22.0;2.0
760.0;1280.0;2170.0;3570.0;554.0;828.0;690.0;1160.0;1980.0;3340.0;534.0;818.0;-4.0;1.0;-22.0;2.0
770.0;1320.0;2200.0;3620.0;569.0;848.0;700.0;1180.0;2040.0;3400.0;544.0;838.0;-4.0;2.0;-24.0;2.0
770.0;1330.0;2250.0;3690.0;575.0;862.0;730.0;1230.0;2130.0;3500.0;550.0;845.0;-10.0;2.0;-24.0;12.0
780.0;1330.0;2230.0;3700.0;575.0;847.0;690.0;1190.0;2030.0;3420.0;546.0;836.0;-10.0;2.0;-24.0;12.0
720.0;1250.0;2130.0;3520.0;545.0;817.0;670.0;1150.0;1950.0;3270.0;528.0;809.0;-13.0;2.0;-29.0;16.0
770.0;1300.0;2210.0;3600.0;557.0;828.0;690.0;1190.0;2040.0;3350.0;534.0;813.0;-13.0;7.0;-45.0;18.0
720.0;1230.0;2100.0;3460.0;542.0;793.0;670.0;1140.0;1920.0;3270.0;518.0;795.0;-16.0;5.0;-48.0;42.0
720.0;1220.0;2050.0;3370.0;519.0;787.0;670.0;1130.0;1960.0;3280.0;517.0;776.0;-16.0;17.0;-58.0;75.0
710.0;1230.0;2040.0;3350.0;522.0;781.0;670.0;1110.0;1900.0;3220.0;503.0;765.0;-13.0;12.0;-58.0;60.0
680.0;1170.0;1990.0;3250.0;504.0;752.0;640.0;1080.0;1820.0;3040.0;487.0;739.0;-16.0;17.0;-62.0;62.0
670.0;1140.0;1950.0;3200.0;498.0;746.0;650.0;1090.0;1850.0;3090.0;489.0;745.0;-18.0;17.0;-62.0;58.0
710.0;1220.0;2070.0;3380.0;529.0;783.0;660.0;1120.0;1900.0;3210.0;504.0;762.0;-18.0;19.0;-62.0;57.0
730.0;1230.0;2080.0;3440.0;528.0;782.0;640.0;1090.0;1870.0;3150.0;505.0;779.0;-18.0;17.0;-65.0;54.0
740.0;1260.0;2150.0;3500.0;541.0;811.0;680.0;1140.0;1940.0;3280.0;519.0;790.0;-18.0;17.0;-66.0;63.0
720.0;1230.0;2080.0;3430.0;535.0;788.0;640.0;1090.0;1890.0;3160.0;507.0;782.0;-18.0;12.0;-68.0;66.0
710.0;1210.0;2050.0;3380.0;528.0;786.0;670.0;1150.0;1950.0;3300.0;516.0;789.0;-17.0;18.0;-68.0;68.0
780.0;1340.0;2260.0;3690.0;574.0;856.0;680.0;1170.0;2000.0;3410.0;551.0;842.0;-17.0;15.0;-68.0;68.0
800.0;1370.0;2320.0;3810.0;598.0;891.0;740.0;1260.0;2150.0;3580.0;577.0;882.0;-17.0;16.0;-74.0;63.0
850.0;1450.0;2460.0;4050.0;636.0;954.0;770.0;1300.0;2240.0;3770.0;616.0;953.0;-19.0;13.0;-74.0;69.0
910.0;1550.0;2610.0;4300.0;672.0;1006.0;800.0;1360.0;2330.0;3960.0;641.0;976.0;-19.0;15.0;-74.0;68.0
840.0;1440.0;2450.0;4070.0;640.0;962.0;760.0;1270.0;2220.0;3760.0;602.0;931.0;-24.0;16.0;-74.0;68.0
840.0;1450.0;2440.0;4000.0;627.0;936.0;770.0;1290.0;2240.0;3740.0;601.0;921.0;-24.0;14.0;-74.0;65.0
820.0;1410.0;2370.0;3910.0;608.0;912.0;740.0;1240.0;2150.0;3620.0;585.0;894.0;-19.0;12.0;-70.0;69.0
810.0;1380.0;2320.0;3830.0;604.0;909.0;740.0;1260.0;2150.0;3680.0;582.0;899.0;-21.0;12.0;-69.0;58.0
840.0;1430.0;2430.0;4000.0;625.0;938.0;760.0;1290.0;2220.0;3770.0;605.0;919.0;-18.0;13.0;-65.0;52.0
850.0;1430.0;2410.0;3990.0;620.0;933.0;740.0;1270.0;2170.0;3680.0;598.0;901.0;-14.0;14.0;-61.0;58.0
780.0;1340.0;2260.0;3770.0;586.0;878.0;710.0;1220.0;2060.0;3510.0;555.0;863.0;-18.0;12.0;-65.0;76.0
760.0;1310.0;2200.0;3630.0;568.0;848.0;700.0;1190.0;2020.0;3330.0;539.0;830.0;-21.0;12.0;-69.0;69.0
650.0;1120.0;1910.0;3190.0;504.0;771.0;660.0;1110.0;1860.0;3070.0;491.0;756.0;-19.0;15.0;-75.0;65.0
650.0;1090.0;1850.0;3060.0;482.0;726.0;610.0;1040.0;1780.0;2970.0;478.0;730.0;-23.0;22.0;-78.0;92.0
680.0;1150.0;1940.0;3160.0;492.0;724.0;620.0;1040.0;1770.0;2970.0;469.0;717.0;-23.0;10.0;-81.0;85.0
660.0;1130.0;1900.0;3150.0;488.0;726.0;610.0;1030.0;1730.0;2930.0;465.0;721.0;-23.0;19.0;-81.0;91.0
650.0;1100.0;1860.0;3030.0;471.0;706.0;590.0;980.0;1690.0;2860.0;454.0;692.0;-19.0;15.0;-78.0;87.0
620.0;1050.0;1770.0;2930.0;457.0;687.0;590.0;1010.0;1720.0;2830.0;445.0;687.0;-19.0;19.0;-76.0;76.0
590.0;1010.0;1730.0;2860.0;440.0;664.0;560.0;940.0;1600.0;2690.0;427.0;661.0;-17.0;18.0;-75.0;68.0
610.0;1040.0;1790.0;2910.0;451.0;672.0;560.0;970.0;1640.0;2730.0;432.0;656.0;-17.0;13.0;-63.0;51.0
590.0;1000.0;1660.0;2750.0;433.0;643.0;550.0;890.0;1530.0;2570.0;417.0;635.0;-17.0;12.0;-63.0;53.0
560.0;960.0;1630.0;2670.0;425.0;635.0;530.0;900.0;1520.0;2610.0;409.0;624.0;-17.0;17.0;-63.0;61.0
560.0;950.0;1620.0;2670.0;412.0;620.0;520.0;870.0;1500.0;2500.0;406.0;618.0;-18.0;12.0;-63.0;63.0
550.0;930.0;1600.0;2630.0;404.0;608.0;510.0;840.0;1440.0;2400.0;392.0;600.0;-19.0;14.0;-63.0;61.0
560.0;950.0;1600.0;2640.0;407.0;611.0;510.0;860.0;1470.0;2460.0;397.0;596.0;-19.0;18.0;-61.0;68.0
550.0;930.0;1600.0;2630.0;404.0;608.0;510.0;840.0;1440.0;2400.0;392.0;600.0;-19.0;14.0;-61.0;61.0
540.0;930.0;1590.0;2590.0;404.0;595.0;490.0;850.0;1460.0;2460.0;388.0;595.0;-20.0;13.0;-58.0;49.0
490.0;830.0;1440.0;2380.0;372.0;558.0;470.0;790.0;1380.0;2300.0;365.0;566.0;-20.0;12.0;-58.0;35.0
