OFFCHIP_SENSIMOX_SnAu_150_200.0_IN-PHASE;OFFCHIP_SENSIMOX_SnAu_200_200.0_IN-PHASE;OFFCHIP_SENSIMOX_SnAu_250_200.0_IN-PHASE;OFFCHIP_SENSIMOX_SnAu_300_200.0_IN-PHASE;OFFCHIP_SENSIMOX_SnAu_350_200.0_IN-PHASE;OFFCHIP_SENSIMOX_SnAu_400_200.0_IN-PHASE;OFFCHIP_SENSIMOX_SnAu_150_78125.0_IN-PHASE;OFFCHIP_SENSIMOX_SnAu_200_78125.0_IN-PHASE;OFFCHIP_SENSIMOX_SnAu_250_78125.0_IN-PHASE;OFFCHIP_SENSIMOX_SnAu_300_78125.0_IN-PHASE;OFFCHIP_SENSIMOX_SnAu_350_78125.0_IN-PHASE;OFFCHIP_SENSIMOX_SnAu_400_78125.0_IN-PHASE;ONCHIP_ALUMINUM_OXIDE_OUT4_IN-PHASE;ONCHIP_ALUMINUM_OXIDE_OUT4_QUADRATURE;ONCHIP_ALUMINUM_OXIDE_OUT7_IN-PHASE;ONCHIP_ALUMINUM_OXIDE_OUT7_QUADRATURE
2.0;5.0;11.0;24.0;6.0;10.0;2.0;5.0;11.0;25.0;5.0;11.0;27.0;-11.0;89.0;-49.0
3.0;6.0;15.0;34.0;7.0;14.0;2.0;6.0;10.0;25.0;6.0;14.0;34.0;-11.0;107.0;-52.0
3.0;7.0;16.0;38.0;8.0;16.0;2.0;5.0;13.0;31.0;7.0;16.0;34.0;-11.0;140.0;-71.0
3.0;9.0;21.0;48.0;10.0;19.0;4.0;7.0;18.0;38.0;9.0;18.0;48.0;-12.0;166.0;-79.0
4.0;9.0;20.0;49.0;10.0;21.0;4.0;8.0;16.0;40.0;10.0;21.0;69.0;-16.0;219.0;-103.0
5.0;11.0;25.0;56.0;12.0;23.0;3.0;7.0;19.0;43.0;10.0;21.0;60.0;-20.0;218.0;-126.0
4.0;10.0;23.0;55.0;12.0;24.0;4.0;10.0;22.0;50.0;11.0;23.0;63.0;-22.0;226.0;-127.0
4.0;11.0;26.0;62.0;13.0;26.0;4.0;10.0;26.0;56.0;13.0;27.0;63.0;-25.0;260.0;-149.0
5.0;13.0;29.0;70.0;15.0;30.0;7.0;15.0;29.0;69.0;14.0;29.0;75.0;-26.0;306.0;-157.0
7.0;15.0;35.0;83.0;17.0;32.0;4.0;13.0;30.0;66.0;16.0;32.0;84.0;-28.0;305.0;-174.0
7.0;17.0;37.0;90.0;19.0;36.0;7.0;17.0;34.0;80.0;17.0;34.0;86.0;-33.0;339.0;-180.0
7.0;17.0;40.0;92.0;20.0;38.0;6.0;16.0;37.0;85.0;18.0;37.0;82.0;-33.0;350.0;-196.0
7.0;17.0;40.0;94.0;20.0;38.0;8.0;19.0;38.0;84.0;18.0;38.0;103.0;-35.0;395.0;-205.0
7.0;17.0;37.0;87.0;19.0;37.0;7.0;17.0;36.0;83.0;18.0;37.0;108.0;-36.0;424.0;-219.0
6.0;15.0;34.0;84.0;18.0;36.0;6.0;14.0;31.0;75.0;17.0;34.0;104.0;-43.0;429.0;-228.0
6.0;15.0;35.0;87.0;19.0;37.0;6.0;14.0;35.0;78.0;18.0;38.0;102.0;-43.0;404.0;-233.0
7.0;18.0;41.0;98.0;21.0;42.0;6.0;17.0;41.0;97.0;22.0;44.0;105.0;-43.0;424.0;-237.0
10.0;24.0;55.0;130.0;28.0;52.0;10.0;27.0;60.0;137.0;30.0;55.0;124.0;-51.0;479.0;-257.0
13.0;32.0;73.0;171.0;35.0;65.0;13.0;31.0;70.0;158.0;34.0;65.0;120.0;-54.0;486.0;-262.0
17.0;40.0;89.0;207.0;43.0;79.0;15.0;36.0;86.0;195.0;42.0;81.0;113.0;-54.0;495.0;-268.0
19.0;43.0;97.0;222.0;47.0;85.0;17.0;40.0;89.0;196.0;42.0;82.0;127.0;-55.0;526.0;-283.0
16.0;37.0;84.0;197.0;41.0;79.0;16.0;37.0;81.0;182.0;39.0;77.0;148.0;-60.0;550.0;-286.0
15.0;35.0;80.0;186.0;40.0;74.0;14.0;32.0;78.0;178.0;38.0;73.0;132.0;-61.0;570.0;-309.0
15.0;34.0;79.0;186.0;39.0;73.0;14.0;32.0;75.0;168.0;36.0;71.0;133.0;-60.0;577.0;-310.0
13.0;32.0;71.0;168.0;37.0;70.0;12.0;30.0;69.0;159.0;34.0;68.0;143.0;-64.0;600.0;-322.0
13.0;31.0;73.0;168.0;36.0;69.0;13.0;31.0;70.0;157.0;34.0;69.0;145.0;-68.0;629.0;-327.0
13.0;31.0;72.0;171.0;36.0;70.0;12.0;30.0;75.0;167.0;35.0;69.0;148.0;-68.0;624.0;-349.0
13.0;32.0;73.0;173.0;36.0;70.0;14.0;31.0;70.0;162.0;35.0;69.0;154.0;-70.0;648.0;-350.0
13.0;32.0;75.0;174.0;37.0;70.0;12.0;28.0;69.0;156.0;35.0;69.0;152.0;-70.0;653.0;-350.0
12.0;29.0;67.0;164.0;36.0;68.0;13.0;29.0;67.0;153.0;34.0;67.0;168.0;-72.0;672.0;-352.0
13.0;31.0;70.0;166.0;35.0;68.0;11.0;30.0;73.0;162.0;35.0;67.0;157.0;-72.0;654.0;-353.0
12.0;29.0;69.0;162.0;35.0;67.0;12.0;28.0;65.0;152.0;33.0;65.0;171.0;-76.0;694.0;-376.0
11.0;27.0;62.0;149.0;32.0;61.0;11.0;26.0;63.0;143.0;31.0;61.0;163.0;-81.0;697.0;-376.0
10.0;24.0;58.0;143.0;30.0;59.0;10.0;25.0;58.0;136.0;30.0;59.0;165.0;-82.0;706.0;-376.0
9.0;23.0;55.0;132.0;28.0;56.0;7.0;22.0;53.0;127.0;29.0;56.0;165.0;-82.0;703.0;-378.0
10.0;24.0;58.0;137.0;29.0;57.0;10.0;24.0;55.0;129.0;29.0;57.0;177.0;-82.0;709.0;-380.0
10.0;24.0;57.0;138.0;30.0;57.0;10.0;24.0;55.0;126.0;28.0;56.0;173.0;-82.0;721.0;-386.0
10.0;25.0;59.0;143.0;31.0;59.0;10.0;25.0;58.0;138.0;31.0;60.0;172.0;-78.0;728.0;-388.0
11.0;27.0;63.0;145.0;32.0;61.0;11.0;26.0;59.0;140.0;30.0;61.0;172.0;-78.0;737.0;-389.0
11.0;26.0;62.0;148.0;32.0;62.0;13.0;30.0;66.0;149.0;32.0;63.0;183.0;-82.0;756.0;-391.0
13.0;31.0;72.0;167.0;36.0;67.0;14.0;31.0;73.0;166.0;35.0;71.0;178.0;-78.0;746.0;-398.0
15.0;37.0;85.0;198.0;42.0;77.0;13.0;34.0;82.0;191.0;41.0;80.0;174.0;-84.0;756.0;-405.0
20.0;46.0;104.0;241.0;50.0;92.0;17.0;42.0;99.0;228.0;48.0;93.0;177.0;-84.0;752.0;-412.0
21.0;50.0;113.0;261.0;54.0;101.0;21.0;46.0;107.0;244.0;52.0;100.0;199.0;-84.0;789.0;-415.0
23.0;53.0;119.0;275.0;57.0;106.0;22.0;50.0;111.0;255.0;54.0;105.0;193.0;-84.0;801.0;-421.0
24.0;54.0;122.0;283.0;59.0;109.0;23.0;52.0;120.0;270.0;57.0;108.0;186.0;-86.0;786.0;-421.0
24.0;55.0;126.0;293.0;62.0;114.0;24.0;57.0;128.0;287.0;61.0;115.0;187.0;-88.0;790.0;-421.0
28.0;64.0;143.0;331.0;68.0;126.0;26.0;60.0;140.0;310.0;65.0;125.0;184.0;-90.0;800.0;-423.0
29.0;67.0;149.0;343.0;69.0;129.0;27.0;60.0;136.0;306.0;64.0;124.0;196.0;-90.0;835.0;-438.0
26.0;60.0;136.0;313.0;64.0;120.0;26.0;59.0;132.0;292.0;61.0;116.0;203.0;-90.0;846.0;-438.0
23.0;54.0;123.0;286.0;60.0;112.0;22.0;52.0;120.0;270.0;57.0;110.0;192.0;-90.0;824.0;-440.0
23.0;54.0;123.0;287.0;60.0;113.0;22.0;54.0;123.0;279.0;59.0;113.0;191.0;-93.0;825.0;-446.0
24.0;57.0;130.0;300.0;62.0;117.0;23.0;55.0;126.0;286.0;60.0;115.0;206.0;-99.0;851.0;-448.0
25.0;58.0;130.0;300.0;63.0;118.0;22.0;55.0;126.0;286.0;60.0;115.0;199.0;-101.0;859.0;-448.0
25.0;57.0;131.0;301.0;63.0;117.0;24.0;55.0;124.0;283.0;59.0;115.0;208.0;-101.0;875.0;-456.0
24.0;57.0;127.0;292.0;62.0;114.0;20.0;50.0;119.0;266.0;57.0;109.0;209.0;-101.0;875.0;-464.0
19.0;45.0;104.0;242.0;52.0;102.0;18.0;44.0;106.0;233.0;50.0;97.0;198.0;-105.0;885.0;-466.0
17.0;41.0;95.0;222.0;47.0;92.0;17.0;42.0;98.0;218.0;46.0;89.0;221.0;-105.0;896.0;-466.0
15.0;36.0;84.0;201.0;42.0;84.0;14.0;36.0;85.0;197.0;42.0;83.0;212.0;-105.0;887.0;-466.0
14.0;35.0;81.0;192.0;42.0;82.0;14.0;34.0;83.0;189.0;42.0;81.0;203.0;-101.0;873.0;-464.0
15.0;37.0;86.0;203.0;44.0;85.0;16.0;39.0;87.0;201.0;44.0;86.0;213.0;-105.0;875.0;-464.0
18.0;43.0;99.0;231.0;49.0;92.0;17.0;42.0;99.0;223.0;48.0;93.0;203.0;-101.0;860.0;-463.0
20.0;48.0;110.0;257.0;53.0;102.0;17.0;47.0;111.0;253.0;53.0;102.0;196.0;-101.0;868.0;-464.0
22.0;52.0;119.0;276.0;58.0;108.0;22.0;53.0;116.0;263.0;55.0;107.0;212.0;-106.0;895.0;-471.0
23.0;53.0;119.0;277.0;58.0;108.0;21.0;52.0;122.0;267.0;55.0;105.0;213.0;-107.0;905.0;-483.0
21.0;50.0;114.0;264.0;55.0;103.0;18.0;45.0;110.0;247.0;52.0;102.0;201.0;-107.0;907.0;-490.0
19.0;45.0;103.0;246.0;52.0;97.0;17.0;41.0;101.0;233.0;49.0;96.0;216.0;-107.0;917.0;-490.0
18.0;44.0;101.0;236.0;50.0;95.0;17.0;42.0;97.0;223.0;47.0;93.0;213.0;-106.0;920.0;-490.0
19.0;46.0;105.0;248.0;53.0;100.0;20.0;49.0;112.0;247.0;53.0;102.0;221.0;-108.0;922.0;-491.0
23.0;55.0;124.0;289.0;60.0;112.0;23.0;54.0;123.0;278.0;60.0;114.0;227.0;-108.0;937.0;-495.0
27.0;61.0;137.0;312.0;64.0;118.0;23.0;56.0;127.0;290.0;59.0;114.0;225.0;-111.0;950.0;-508.0
23.0;52.0;120.0;277.0;58.0;111.0;22.0;52.0;121.0;268.0;56.0;107.0;227.0;-113.0;966.0;-508.0
21.0;50.0;113.0;265.0;55.0;108.0;22.0;50.0;119.0;260.0;55.0;106.0;216.0;-113.0;967.0;-511.0
21.0;50.0;116.0;270.0;57.0;107.0;19.0;48.0;115.0;259.0;55.0;107.0;223.0;-111.0;952.0;-511.0
22.0;53.0;120.0;276.0;58.0;109.0;21.0;51.0;115.0;266.0;57.0;109.0;228.0;-111.0;966.0;-511.0
22.0;52.0;119.0;278.0;58.0;110.0;21.0;52.0;121.0;266.0;56.0;109.0;222.0;-111.0;968.0;-511.0
24.0;56.0;127.0;290.0;60.0;114.0;23.0;53.0;123.0;276.0;59.0;114.0;231.0;-111.0;963.0;-515.0
25.0;58.0;132.0;304.0;64.0;119.0;22.0;54.0;128.0;290.0;61.0;117.0;216.0;-115.0;963.0;-515.0
25.0;60.0;136.0;311.0;65.0;123.0;23.0;57.0;135.0;300.0;63.0;123.0;220.0;-115.0;970.0;-518.0
27.0;63.0;142.0;328.0;68.0;127.0;24.0;60.0;140.0;319.0;67.0;125.0;228.0;-115.0;987.0;-521.0
27.0;64.0;142.0;326.0;69.0;127.0;25.0;61.0;141.0;316.0;64.0;124.0;228.0;-115.0;996.0;-524.0
27.0;62.0;140.0;325.0;67.0;126.0;25.0;61.0;141.0;313.0;65.0;123.0;240.0;-115.0;1006.0;-524.0
25.0;60.0;136.0;314.0;65.0;123.0;24.0;57.0;135.0;300.0;64.0;121.0;232.0;-115.0;1001.0;-524.0
26.0;62.0;137.0;317.0;66.0;124.0;23.0;58.0;133.0;298.0;63.0;121.0;229.0;-114.0;1001.0;-527.0
26.0;62.0;138.0;322.0;67.0;124.0;26.0;62.0;141.0;314.0;65.0;124.0;235.0;-114.0;998.0;-527.0
27.0;63.0;144.0;336.0;70.0;129.0;28.0;66.0;149.0;329.0;69.0;132.0;235.0;-113.0;982.0;-527.0
31.0;73.0;161.0;370.0;76.0;140.0;29.0;69.0;158.0;353.0;73.0;139.0;231.0;-113.0;1001.0;-524.0
32.0;74.0;166.0;381.0;78.0;143.0;30.0;72.0;164.0;361.0;75.0;142.0;226.0;-115.0;1005.0;-527.0
30.0;71.0;158.0;365.0;76.0;142.0;30.0;70.0;159.0;349.0;73.0;138.0;239.0;-115.0;1010.0;-532.0
31.0;72.0;161.0;372.0;76.0;142.0;29.0;69.0;161.0;361.0;75.0;143.0;226.0;-115.0;1006.0;-537.0
33.0;76.0;168.0;384.0;79.0;146.0;31.0;72.0;160.0;357.0;73.0;142.0;242.0;-116.0;1025.0;-538.0
30.0;71.0;161.0;371.0;76.0;142.0;27.0;66.0;155.0;344.0;73.0;138.0;241.0;-116.0;1029.0;-538.0
28.0;66.0;150.0;344.0;71.0;135.0;27.0;64.0;146.0;329.0;69.0;131.0;249.0;-116.0;1050.0;-540.0
28.0;65.0;147.0;339.0;71.0;133.0;28.0;66.0;148.0;324.0;68.0;130.0;255.0;-116.0;1033.0;-542.0
26.0;61.0;139.0;329.0;68.0;127.0;25.0;60.0;139.0;312.0;65.0;126.0;244.0;-116.0;1035.0;-542.0
25.0;58.0;133.0;312.0;66.0;125.0;25.0;58.0;134.0;307.0;64.0;124.0;236.0;-117.0;1031.0;-549.0
27.0;65.0;146.0;334.0;69.0;128.0;25.0;61.0;140.0;310.0;65.0;124.0;238.0;-117.0;1045.0;-551.0
24.0;57.0;131.0;308.0;65.0;123.0;23.0;55.0;131.0;294.0;62.0;120.0;239.0;-116.0;1055.0;-549.0
24.0;57.0;132.0;310.0;65.0;123.0;25.0;60.0;140.0;305.0;65.0;123.0;242.0;-121.0;1046.0;-552.0
25.0;59.0;134.0;314.0;66.0;124.0;23.0;59.0;135.0;300.0;62.0;122.0;243.0;-121.0;1029.0;-552.0
22.0;52.0;120.0;281.0;59.0;112.0;22.0;52.0;118.0;266.0;56.0;110.0;246.0;-120.0;1060.0;-549.0
20.0;48.0;111.0;264.0;56.0;107.0;20.0;48.0;113.0;253.0;53.0;105.0;249.0;-121.0;1048.0;-548.0
19.0;47.0;107.0;254.0;54.0;103.0;18.0;45.0;107.0;240.0;52.0;101.0;237.0;-121.0;1042.0;-545.0
17.0;42.0;99.0;237.0;50.0;97.0;19.0;45.0;105.0;233.0;50.0;97.0;239.0;-120.0;1055.0;-545.0
17.0;42.0;98.0;231.0;49.0;95.0;18.0;44.0;101.0;228.0;48.0;94.0;260.0;-118.0;1055.0;-543.0
15.0;38.0;90.0;214.0;47.0;90.0;18.0;42.0;96.0;217.0;46.0;91.0;245.0;-118.0;1043.0;-542.0
16.0;39.0;92.0;218.0;46.0;90.0;18.0;42.0;95.0;217.0;47.0;91.0;244.0;-117.0;1038.0;-542.0
17.0;41.0;96.0;226.0;48.0;94.0;18.0;43.0;100.0;227.0;48.0;94.0;239.0;-117.0;1027.0;-542.0
18.0;44.0;101.0;239.0;50.0;95.0;18.0;43.0;103.0;227.0;48.0;95.0;235.0;-117.0;1031.0;-542.0
18.0;42.0;98.0;228.0;48.0;93.0;17.0;41.0;97.0;220.0;48.0;93.0;237.0;-116.0;1029.0;-542.0
17.0;42.0;96.0;227.0;48.0;92.0;18.0;43.0;98.0;222.0;47.0;92.0;234.0;-116.0;1018.0;-535.0
18.0;42.0;99.0;229.0;48.0;92.0;17.0;41.0;98.0;222.0;47.0;92.0;229.0;-113.0;994.0;-530.0
17.0;41.0;93.0;219.0;47.0;91.0;19.0;44.0;101.0;225.0;47.0;91.0;231.0;-113.0;973.0;-520.0
17.0;42.0;95.0;224.0;48.0;91.0;17.0;41.0;98.0;221.0;47.0;91.0;223.0;-113.0;965.0;-520.0
18.0;43.0;97.0;227.0;49.0;93.0;19.0;43.0;101.0;227.0;48.0;92.0;230.0;-113.0;982.0;-520.0
17.0;43.0;99.0;231.0;50.0;95.0;18.0;46.0;107.0;241.0;51.0;97.0;236.0;-116.0;983.0;-526.0
20.0;48.0;108.0;251.0;53.0;99.0;19.0;46.0;110.0;239.0;51.0;99.0;220.0;-117.0;1006.0;-528.0
20.0;49.0;111.0;258.0;54.0;102.0;20.0;49.0;112.0;253.0;54.0;103.0;223.0;-116.0;981.0;-528.0
21.0;49.0;114.0;267.0;55.0;105.0;21.0;50.0;114.0;259.0;54.0;103.0;245.0;-116.0;1008.0;-528.0
22.0;52.0;118.0;271.0;56.0;106.0;20.0;49.0;116.0;263.0;55.0;106.0;236.0;-116.0;990.0;-528.0
22.0;53.0;120.0;277.0;58.0;108.0;22.0;54.0;125.0;279.0;58.0;111.0;226.0;-116.0;984.0;-533.0
24.0;58.0;131.0;304.0;63.0;117.0;24.0;56.0;132.0;301.0;62.0;119.0;239.0;-116.0;1034.0;-543.0
26.0;62.0;137.0;316.0;66.0;120.0;25.0;59.0;135.0;300.0;62.0;119.0;243.0;-121.0;1048.0;-547.0
23.0;56.0;127.0;296.0;62.0;117.0;22.0;57.0;132.0;287.0;60.0;115.0;245.0;-121.0;1056.0;-556.0
22.0;54.0;122.0;290.0;61.0;114.0;23.0;54.0;123.0;285.0;60.0;115.0;249.0;-123.0;1066.0;-558.0
23.0;56.0;125.0;290.0;61.0;116.0;24.0;55.0;126.0;281.0;59.0;113.0;248.0;-121.0;1070.0;-559.0
23.0;54.0;125.0;287.0;61.0;115.0;22.0;54.0;127.0;282.0;60.0;115.0;242.0;-121.0;1053.0;-559.0
23.0;55.0;127.0;292.0;62.0;116.0;24.0;58.0;132.0;293.0;61.0;118.0;253.0;-121.0;1056.0;-559.0
25.0;58.0;132.0;306.0;64.0;120.0;22.0;56.0;131.0;290.0;61.0;119.0;245.0;-121.0;1058.0;-559.0
25.0;58.0;133.0;305.0;64.0;121.0;25.0;59.0;136.0;302.0;63.0;121.0;247.0;-121.0;1062.0;-559.0
25.0;59.0;136.0;309.0;66.0;121.0;24.0;60.0;137.0;303.0;63.0;120.0;247.0;-122.0;1077.0;-564.0
24.0;57.0;131.0;300.0;64.0;120.0;23.0;56.0;133.0;297.0;61.0;121.0;239.0;-122.0;1072.0;-570.0
24.0;58.0;133.0;309.0;64.0;123.0;25.0;60.0;137.0;303.0;63.0;121.0;251.0;-122.0;1079.0;-572.0
25.0;59.0;135.0;309.0;65.0;124.0;26.0;59.0;135.0;301.0;64.0;123.0;261.0;-123.0;1079.0;-570.0
26.0;61.0;139.0;318.0;66.0;124.0;24.0;59.0;137.0;306.0;63.0;123.0;256.0;-123.0;1072.0;-570.0
24.0;58.0;131.0;304.0;64.0;120.0;23.0;58.0;133.0;298.0;62.0;120.0;251.0;-123.0;1072.0;-570.0
24.0;56.0;130.0;297.0;63.0;118.0;23.0;56.0;130.0;294.0;61.0;118.0;247.0;-124.0;1076.0;-568.0
24.0;58.0;130.0;300.0;63.0;118.0;22.0;55.0;131.0;291.0;61.0;118.0;250.0;-123.0;1065.0;-568.0
23.0;56.0;127.0;297.0;62.0;118.0;22.0;57.0;134.0;294.0;61.0;117.0;251.0;-123.0;1073.0;-568.0
23.0;56.0;127.0;297.0;62.0;116.0;23.0;55.0;128.0;287.0;61.0;116.0;250.0;-123.0;1085.0;-566.0
23.0;55.0;125.0;292.0;61.0;116.0;22.0;56.0;131.0;285.0;59.0;115.0;254.0;-121.0;1080.0;-568.0
22.0;52.0;121.0;284.0;60.0;112.0;21.0;53.0;127.0;276.0;58.0;112.0;248.0;-121.0;1073.0;-568.0
21.0;51.0;117.0;275.0;57.0;108.0;21.0;50.0;118.0;268.0;56.0;109.0;251.0;-121.0;1073.0;-568.0
20.0;49.0;113.0;269.0;56.0;107.0;22.0;52.0;120.0;274.0;57.0;110.0;260.0;-121.0;1082.0;-568.0
23.0;56.0;126.0;293.0;62.0;115.0;25.0;58.0;135.0;293.0;61.0;117.0;258.0;-123.0;1086.0;-570.0
26.0;62.0;138.0;316.0;65.0;121.0;25.0;61.0;136.0;303.0;64.0;122.0;260.0;-125.0;1113.0;-572.0
27.0;64.0;145.0;328.0;68.0;126.0;26.0;62.0;141.0;315.0;66.0;126.0;260.0;-125.0;1091.0;-572.0
29.0;68.0;151.0;346.0;71.0;132.0;26.0;64.0;149.0;327.0;68.0;130.0;248.0;-125.0;1099.0;-572.0
27.0;64.0;145.0;333.0;70.0;130.0;27.0;66.0;149.0;330.0;68.0;128.0;260.0;-126.0;1085.0;-574.0
27.0;63.0;142.0;330.0;68.0;128.0;27.0;64.0;148.0;324.0;67.0;128.0;255.0;-127.0;1096.0;-580.0
26.0;62.0;139.0;322.0;67.0;126.0;26.0;64.0;143.0;316.0;66.0;125.0;260.0;-127.0;1103.0;-575.0
26.0;61.0;137.0;319.0;66.0;124.0;25.0;59.0;139.0;307.0;65.0;124.0;256.0;-127.0;1120.0;-577.0
26.0;62.0;139.0;319.0;66.0;124.0;26.0;61.0;136.0;303.0;64.0;124.0;259.0;-130.0;1110.0;-580.0
26.0;60.0;135.0;312.0;65.0;123.0;26.0;61.0;139.0;306.0;64.0;122.0;263.0;-130.0;1118.0;-581.0
24.0;58.0;132.0;305.0;63.0;120.0;24.0;58.0;137.0;297.0;62.0;119.0;254.0;-122.0;1110.0;-581.0
25.0;58.0;132.0;303.0;63.0;118.0;23.0;54.0;127.0;289.0;61.0;117.0;260.0;-128.0;1124.0;-581.0
23.0;54.0;124.0;289.0;60.0;115.0;21.0;51.0;124.0;280.0;59.0;114.0;247.0;-125.0;1115.0;-584.0
22.0;53.0;119.0;279.0;58.0;111.0;20.0;51.0;122.0;274.0;58.0;110.0;259.0;-125.0;1106.0;-584.0
21.0;51.0;117.0;272.0;57.0;110.0;20.0;51.0;120.0;272.0;56.0;109.0;262.0;-125.0;1117.0;-586.0
22.0;53.0;121.0;277.0;58.0;110.0;23.0;53.0;121.0;267.0;57.0;109.0;258.0;-128.0;1129.0;-589.0
21.0;51.0;115.0;270.0;56.0;107.0;23.0;53.0;119.0;264.0;56.0;107.0;272.0;-129.0;1131.0;-589.0
20.0;50.0;113.0;262.0;55.0;105.0;20.0;49.0;115.0;255.0;54.0;104.0;259.0;-129.0;1134.0;-586.0
19.0;45.0;105.0;248.0;52.0;100.0;18.0;47.0;110.0;243.0;50.0;99.0;256.0;-129.0;1120.0;-586.0
18.0;44.0;103.0;239.0;50.0;96.0;19.0;45.0;104.0;229.0;49.0;96.0;267.0;-132.0;1132.0;-592.0
17.0;43.0;100.0;230.0;48.0;94.0;18.0;45.0;105.0;236.0;49.0;95.0;256.0;-132.0;1119.0;-588.0
17.0;42.0;96.0;225.0;48.0;92.0;17.0;43.0;102.0;223.0;47.0;91.0;262.0;-131.0;1122.0;-593.0
17.0;42.0;95.0;223.0;47.0;92.0;18.0;44.0;98.0;217.0;47.0;91.0;267.0;-131.0;1139.0;-595.0
17.0;42.0;98.0;225.0;48.0;92.0;18.0;43.0;100.0;227.0;48.0;93.0;258.0;-129.0;1137.0;-593.0
18.0;43.0;99.0;236.0;49.0;94.0;19.0;46.0;103.0;228.0;49.0;96.0;261.0;-125.0;1135.0;-591.0
19.0;47.0;109.0;249.0;52.0;98.0;19.0;46.0;106.0;235.0;50.0;96.0;259.0;-125.0;1139.0;-595.0
19.0;45.0;103.0;239.0;50.0;95.0;17.0;45.0;103.0;234.0;49.0;96.0;262.0;-126.0;1140.0;-591.0
17.0;42.0;98.0;232.0;49.0;94.0;18.0;45.0;106.0;232.0;49.0;94.0;257.0;-129.0;1132.0;-591.0
17.0;42.0;98.0;231.0;48.0;92.0;18.0;44.0;102.0;227.0;48.0;94.0;260.0;-126.0;1132.0;-596.0
18.0;43.0;99.0;230.0;49.0;93.0;18.0;44.0;104.0;227.0;47.0;93.0;255.0;-129.0;1143.0;-600.0
17.0;42.0;97.0;226.0;48.0;92.0;20.0;46.0;104.0;226.0;47.0;91.0;265.0;-129.0;1153.0;-596.0
17.0;42.0;95.0;224.0;47.0;92.0;19.0;45.0;103.0;226.0;48.0;92.0;268.0;-127.0;1138.0;-596.0
17.0;42.0;97.0;224.0;47.0;90.0;18.0;43.0;100.0;221.0;47.0;90.0;263.0;-127.0;1133.0;-593.0
16.0;40.0;91.0;216.0;46.0;88.0;18.0;44.0;98.0;221.0;46.0;89.0;260.0;-127.0;1132.0;-592.0
17.0;42.0;97.0;223.0;47.0;90.0;17.0;43.0;101.0;226.0;47.0;93.0;246.0;-127.0;1110.0;-592.0
19.0;46.0;106.0;241.0;51.0;96.0;19.0;49.0;111.0;246.0;52.0;100.0;247.0;-123.0;1038.0;-540.0
23.0;54.0;123.0;280.0;58.0;111.0;24.0;56.0;130.0;282.0;58.0;114.0;228.0;-122.0;1027.0;-540.0
25.0;60.0;134.0;304.0;63.0;120.0;24.0;59.0;137.0;304.0;63.0;123.0;235.0;-122.0;1016.0;-540.0
29.0;66.0;148.0;335.0;69.0;129.0;26.0;64.0;149.0;327.0;68.0;130.0;248.0;-122.0;1072.0;-540.0
29.0;68.0;152.0;348.0;73.0;136.0;29.0;69.0;154.0;345.0;72.0;137.0;259.0;-122.0;1051.0;-541.0
31.0;72.0;161.0;365.0;75.0;141.0;31.0;72.0;164.0;361.0;75.0;142.0;241.0;-122.0;1038.0;-541.0
33.0;75.0;168.0;377.0;76.0;143.0;30.0;71.0;166.0;363.0;75.0;143.0;237.0;-122.0;1025.0;-541.0
35.0;79.0;174.0;392.0;81.0;152.0;33.0;78.0;177.0;388.0;80.0;153.0;216.0;-121.0;943.0;-537.0
38.0;86.0;189.0;424.0;86.0;160.0;37.0;85.0;188.0;411.0;84.0;159.0;257.0;-121.0;1050.0;-541.0
38.0;87.0;192.0;433.0;88.0;163.0;36.0;83.0;191.0;417.0;86.0;163.0;232.0;-121.0;984.0;-551.0
40.0;90.0;199.0;441.0;90.0;166.0;37.0;88.0;199.0;427.0;87.0;165.0;245.0;-122.0;1031.0;-552.0
40.0;91.0;199.0;449.0;91.0;169.0;37.0;86.0;199.0;437.0;89.0;167.0;235.0;-124.0;1058.0;-556.0
40.0;92.0;201.0;452.0;92.0;170.0;36.0;86.0;195.0;430.0;89.0;168.0;256.0;-124.0;1087.0;-567.0
41.0;93.0;205.0;457.0;93.0;172.0;38.0;90.0;207.0;441.0;92.0;172.0;254.0;-125.0;1064.0;-571.0
42.0;96.0;211.0;473.0;96.0;178.0;41.0;96.0;216.0;464.0;93.0;177.0;247.0;-125.0;1054.0;-571.0
43.0;98.0;214.0;481.0;97.0;179.0;38.0;92.0;210.0;458.0;95.0;178.0;244.0;-129.0;1085.0;-580.0
43.0;98.0;216.0;481.0;97.0;180.0;40.0;95.0;214.0;466.0;94.0;176.0;259.0;-131.0;1115.0;-583.0
41.0;94.0;207.0;468.0;94.0;176.0;40.0;94.0;208.0;449.0;92.0;176.0;265.0;-132.0;1129.0;-586.0
41.0;94.0;208.0;466.0;95.0;176.0;39.0;92.0;209.0;454.0;92.0;175.0;265.0;-131.0;1118.0;-589.0
41.0;94.0;207.0;467.0;95.0;177.0;38.0;91.0;208.0;452.0;93.0;174.0;260.0;-129.0;1126.0;-589.0
41.0;93.0;206.0;464.0;94.0;176.0;39.0;90.0;205.0;447.0;92.0;175.0;275.0;-128.0;1129.0;-590.0
42.0;96.0;211.0;473.0;97.0;178.0;41.0;94.0;215.0;464.0;95.0;177.0;265.0;-128.0;1102.0;-590.0
42.0;96.0;212.0;479.0;97.0;179.0;40.0;95.0;213.0;465.0;96.0;180.0;267.0;-128.0;1137.0;-591.0
45.0;101.0;222.0;495.0;100.0;185.0;42.0;99.0;219.0;475.0;98.0;184.0;268.0;-128.0;1139.0;-591.0
44.0;100.0;220.0;489.0;100.0;185.0;41.0;97.0;217.0;471.0;96.0;183.0;267.0;-128.0;1149.0;-591.0
43.0;99.0;218.0;486.0;99.0;184.0;41.0;95.0;217.0;473.0;97.0;183.0;262.0;-128.0;1131.0;-590.0
45.0;103.0;225.0;501.0;102.0;188.0;44.0;101.0;227.0;492.0;101.0;188.0;267.0;-130.0;1113.0;-590.0
48.0;108.0;235.0;523.0;106.0;194.0;45.0;106.0;239.0;515.0;104.0;193.0;250.0;-130.0;1118.0;-590.0
50.0;113.0;245.0;540.0;109.0;199.0;45.0;104.0;236.0;515.0;105.0;197.0;263.0;-130.0;1133.0;-593.0
50.0;111.0;242.0;538.0;108.0;200.0;47.0;111.0;245.0;525.0;106.0;199.0;267.0;-130.0;1143.0;-593.0
49.0;111.0;243.0;541.0;110.0;202.0;47.0;107.0;243.0;522.0;107.0;200.0;260.0;-130.0;1129.0;-593.0
50.0;113.0;246.0;546.0;111.0;203.0;48.0;110.0;244.0;528.0;107.0;201.0;261.0;-130.0;1134.0;-593.0
52.0;118.0;253.0;561.0;113.0;206.0;47.0;111.0;250.0;541.0;109.0;205.0;278.0;-130.0;1135.0;-593.0
53.0;120.0;259.0;572.0;115.0;208.0;48.0;111.0;248.0;534.0;110.0;204.0;261.0;-131.0;1149.0;-601.0
51.0;115.0;246.0;551.0;111.0;205.0;45.0;107.0;243.0;526.0;107.0;201.0;264.0;-136.0;1143.0;-606.0
50.0;114.0;247.0;547.0;111.0;208.0;49.0;113.0;252.0;551.0;111.0;208.0;268.0;-136.0;1163.0;-609.0
53.0;118.0;256.0;571.0;116.0;213.0;49.0;115.0;261.0;561.0;113.0;213.0;260.0;-135.0;1139.0;-609.0
53.0;121.0;262.0;579.0;117.0;215.0;52.0;116.0;259.0;561.0;113.0;213.0;282.0;-134.0;1173.0;-601.0
55.0;122.0;265.0;591.0;119.0;217.0;49.0;115.0;264.0;564.0;114.0;216.0;256.0;-134.0;1150.0;-600.0
56.0;126.0;271.0;602.0;121.0;221.0;51.0;119.0;269.0;580.0;117.0;220.0;267.0;-134.0;1150.0;-598.0
57.0;128.0;275.0;610.0;122.0;223.0;52.0;122.0;272.0;593.0;118.0;221.0;258.0;-134.0;1136.0;-598.0
58.0;130.0;279.0;619.0;123.0;226.0;53.0;123.0;276.0;595.0;120.0;224.0;263.0;-134.0;1142.0;-597.0
60.0;134.0;292.0;635.0;127.0;232.0;56.0;129.0;287.0;610.0;122.0;229.0;269.0;-129.0;1159.0;-598.0
61.0;135.0;292.0;638.0;128.0;233.0;55.0;127.0;286.0;615.0;124.0;230.0;274.0;-129.0;1142.0;-598.0
61.0;136.0;293.0;646.0;129.0;234.0;55.0;129.0;287.0;617.0;125.0;232.0;266.0;-127.0;1135.0;-599.0
65.0;143.0;304.0;669.0;132.0;240.0;57.0;131.0;296.0;631.0;128.0;237.0;265.0;-127.0;1150.0;-599.0
65.0;142.0;304.0;666.0;132.0;241.0;59.0;135.0;297.0;640.0;128.0;238.0;269.0;-128.0;1137.0;-599.0
64.0;142.0;304.0;662.0;132.0;240.0;59.0;136.0;297.0;633.0;126.0;235.0;273.0;-128.0;1164.0;-599.0
63.0;141.0;299.0;657.0;132.0;242.0;58.0;135.0;301.0;644.0;129.0;240.0;266.0;-135.0;1157.0;-605.0
66.0;145.0;313.0;687.0;137.0;250.0;62.0;141.0;308.0;661.0;133.0;248.0;272.0;-135.0;1153.0;-605.0
69.0;153.0;327.0;712.0;141.0;257.0;62.0;145.0;321.0;682.0;136.0;253.0;269.0;-135.0;1152.0;-605.0
69.0;153.0;327.0;720.0;143.0;258.0;61.0;140.0;316.0;682.0;137.0;256.0;264.0;-136.0;1159.0;-604.0
69.0;152.0;326.0;710.0;142.0;257.0;64.0;145.0;319.0;675.0;135.0;251.0;268.0;-133.0;1174.0;-605.0
66.0;145.0;311.0;684.0;137.0;251.0;60.0;137.0;309.0;660.0;133.0;245.0;263.0;-132.0;1151.0;-604.0
64.0;141.0;306.0;677.0;135.0;248.0;59.0;135.0;305.0;653.0;131.0;244.0;262.0;-133.0;1161.0;-602.0
64.0;143.0;305.0;675.0;134.0;244.0;59.0;135.0;301.0;646.0;129.0;241.0;269.0;-132.0;1162.0;-602.0
63.0;140.0;304.0;670.0;134.0;244.0;61.0;137.0;306.0;643.0;129.0;240.0;276.0;-131.0;1165.0;-601.0
64.0;142.0;305.0;668.0;134.0;245.0;59.0;136.0;301.0;641.0;130.0;241.0;271.0;-131.0;1162.0;-601.0
64.0;142.0;304.0;670.0;134.0;246.0;60.0;138.0;307.0;654.0;130.0;243.0;273.0;-130.0;1138.0;-605.0
66.0;147.0;314.0;695.0;138.0;250.0;62.0;140.0;310.0;660.0;134.0;245.0;270.0;-129.0;1167.0;-605.0
66.0;145.0;310.0;680.0;137.0;249.0;60.0;138.0;306.0;655.0;132.0;242.0;272.0;-129.0;1153.0;-605.0
65.0;145.0;312.0;683.0;136.0;247.0;61.0;137.0;301.0;645.0;130.0;242.0;273.0;-129.0;1170.0;-605.0
65.0;144.0;309.0;679.0;136.0;248.0;60.0;136.0;302.0;650.0;131.0;244.0;268.0;-132.0;1167.0;-606.0
65.0;144.0;310.0;680.0;136.0;249.0;60.0;138.0;310.0;652.0;132.0;244.0;264.0;-134.0;1158.0;-606.0
65.0;143.0;307.0;672.0;135.0;246.0;61.0;138.0;307.0;655.0;131.0;243.0;277.0;-134.0;1172.0;-614.0
67.0;147.0;316.0;690.0;137.0;251.0;62.0;139.0;308.0;660.0;132.0;246.0;259.0;-135.0;1165.0;-614.0
68.0;150.0;320.0;697.0;140.0;254.0;62.0;145.0;317.0;674.0;134.0;248.0;268.0;-135.0;1164.0;-614.0
68.0;149.0;319.0;698.0;140.0;255.0;63.0;145.0;320.0;677.0;135.0;249.0;275.0;-135.0;1175.0;-607.0
67.0;148.0;320.0;699.0;140.0;255.0;60.0;139.0;310.0;668.0;134.0;249.0;269.0;-132.0;1166.0;-607.0
68.0;150.0;318.0;702.0;140.0;256.0;60.0;139.0;311.0;671.0;135.0;253.0;264.0;-135.0;1155.0;-607.0
70.0;154.0;329.0;716.0;142.0;258.0;64.0;147.0;329.0;691.0;137.0;255.0;268.0;-133.0;1173.0;-613.0
71.0;156.0;333.0;722.0;143.0;260.0;65.0;149.0;327.0;693.0;139.0;255.0;270.0;-132.0;1176.0;-613.0
71.0;156.0;336.0;736.0;146.0;262.0;64.0;147.0;327.0;689.0;140.0;260.0;258.0;-132.0;1170.0;-613.0
70.0;155.0;332.0;727.0;144.0;262.0;63.0;143.0;319.0;690.0;139.0;258.0;274.0;-133.0;1180.0;-612.0
69.0;152.0;327.0;719.0;143.0;259.0;63.0;144.0;320.0;685.0;138.0;257.0;269.0;-131.0;1165.0;-611.0
69.0;153.0;327.0;717.0;143.0;262.0;65.0;145.0;321.0;691.0;139.0;258.0;276.0;-130.0;1178.0;-611.0
71.0;156.0;334.0;731.0;145.0;264.0;66.0;151.0;330.0;707.0;140.0;259.0;270.0;-131.0;1166.0;-612.0
71.0;156.0;335.0;733.0;146.0;263.0;63.0;145.0;326.0;697.0;139.0;260.0;265.0;-132.0;1166.0;-614.0
72.0;158.0;339.0;738.0;146.0;265.0;65.0;148.0;331.0;697.0;140.0;261.0;272.0;-132.0;1167.0;-614.0
73.0;160.0;343.0;745.0;148.0;268.0;68.0;154.0;335.0;708.0;142.0;263.0;276.0;-134.0;1181.0;-614.0
73.0;161.0;343.0;746.0;148.0;269.0;64.0;149.0;333.0;717.0;143.0;265.0;267.0;-134.0;1156.0;-612.0
73.0;162.0;345.0;751.0;149.0;269.0;66.0;154.0;343.0;715.0;143.0;263.0;273.0;-136.0;1162.0;-611.0
73.0;160.0;340.0;742.0;149.0;268.0;67.0;153.0;338.0;717.0;144.0;264.0;264.0;-136.0;1158.0;-611.0
73.0;161.0;342.0;748.0;148.0;268.0;69.0;153.0;336.0;716.0;143.0;264.0;282.0;-136.0;1178.0;-611.0
73.0;161.0;342.0;744.0;148.0;269.0;66.0;149.0;330.0;713.0;143.0;263.0;276.0;-136.0;1181.0;-612.0
74.0;162.0;343.0;747.0;148.0;267.0;66.0;151.0;339.0;721.0;142.0;263.0;256.0;-136.0;1165.0;-612.0
74.0;161.0;345.0;747.0;148.0;268.0;66.0;151.0;337.0;713.0;143.0;265.0;271.0;-136.0;1166.0;-612.0
73.0;162.0;344.0;750.0;149.0;271.0;69.0;155.0;344.0;726.0;144.0;267.0;280.0;-136.0;1181.0;-612.0
73.0;162.0;345.0;754.0;150.0;270.0;69.0;157.0;344.0;722.0;144.0;265.0;278.0;-138.0;1170.0;-616.0
75.0;165.0;350.0;760.0;149.0;270.0;67.0;153.0;339.0;719.0;145.0;267.0;268.0;-138.0;1183.0;-612.0
76.0;165.0;352.0;769.0;152.0;277.0;72.0;161.0;353.0;748.0;149.0;273.0;280.0;-138.0;1193.0;-613.0
79.0;173.0;366.0;793.0;156.0;284.0;71.0;161.0;360.0;762.0;152.0;280.0;265.0;-137.0;1176.0;-613.0
82.0;179.0;378.0;815.0;161.0;288.0;71.0;161.0;358.0;768.0;153.0;283.0;265.0;-137.0;1165.0;-613.0
81.0;174.0;372.0;811.0;160.0;288.0;74.0;166.0;366.0;768.0;153.0;282.0;271.0;-134.0;1165.0;-611.0
81.0;176.0;374.0;808.0;160.0;289.0;74.0;169.0;369.0;778.0;154.0;283.0;270.0;-134.0;1174.0;-613.0
83.0;180.0;379.0;816.0;161.0;288.0;75.0;169.0;370.0;784.0;154.0;285.0;280.0;-134.0;1175.0;-613.0
81.0;175.0;371.0;807.0;160.0;289.0;72.0;165.0;361.0;764.0;154.0;283.0;269.0;-135.0;1182.0;-613.0
82.0;177.0;374.0;816.0;160.0;290.0;75.0;169.0;370.0;775.0;156.0;284.0;275.0;-134.0;1180.0;-613.0
81.0;177.0;380.0;819.0;162.0;292.0;75.0;171.0;377.0;786.0;156.0;288.0;280.0;-134.0;1182.0;-619.0
84.0;184.0;389.0;843.0;166.0;296.0;77.0;174.0;380.0;796.0;158.0;291.0;267.0;-135.0;1179.0;-619.0
87.0;188.0;394.0;848.0;167.0;301.0;80.0;176.0;383.0;801.0;159.0;293.0;274.0;-134.0;1188.0;-617.0
87.0;190.0;397.0;854.0;168.0;300.0;79.0;179.0;390.0;811.0;160.0;294.0;283.0;-134.0;1188.0;-619.0
85.0;184.0;391.0;845.0;167.0;300.0;80.0;177.0;383.0;806.0;161.0;293.0;286.0;-134.0;1187.0;-617.0
85.0;186.0;394.0;849.0;167.0;300.0;77.0;174.0;382.0;808.0;160.0;295.0;268.0;-134.0;1178.0;-617.0
87.0;188.0;393.0;849.0;168.0;301.0;77.0;174.0;383.0;814.0;162.0;297.0;282.0;-134.0;1202.0;-618.0
88.0;191.0;402.0;864.0;170.0;305.0;76.0;174.0;384.0;825.0;163.0;297.0;273.0;-134.0;1187.0;-620.0
90.0;193.0;406.0;873.0;172.0;309.0;82.0;183.0;397.0;837.0;164.0;300.0;279.0;-135.0;1184.0;-618.0
89.0;193.0;404.0;875.0;171.0;308.0;82.0;182.0;395.0;832.0;165.0;300.0;286.0;-134.0;1199.0;-620.0
88.0;190.0;403.0;866.0;170.0;307.0;80.0;177.0;388.0;818.0;162.0;298.0;279.0;-133.0;1186.0;-618.0
87.0;190.0;401.0;862.0;169.0;306.0;80.0;178.0;390.0;824.0;162.0;300.0;264.0;-133.0;1186.0;-619.0
89.0;192.0;404.0;866.0;170.0;305.0;80.0;179.0;391.0;820.0;162.0;300.0;278.0;-134.0;1207.0;-619.0
89.0;192.0;402.0;868.0;170.0;306.0;78.0;175.0;388.0;816.0;163.0;299.0;273.0;-134.0;1191.0;-620.0
89.0;193.0;407.0;876.0;172.0;308.0;80.0;180.0;396.0;832.0;165.0;302.0;271.0;-136.0;1194.0;-627.0
91.0;198.0;417.0;892.0;174.0;310.0;82.0;183.0;399.0;839.0;167.0;305.0;283.0;-138.0;1197.0;-627.0
91.0;197.0;414.0;888.0;174.0;312.0;82.0;186.0;402.0;847.0;168.0;307.0;272.0;-138.0;1192.0;-627.0
91.0;198.0;415.0;894.0;176.0;314.0;84.0;185.0;403.0;852.0;168.0;309.0;286.0;-138.0;1205.0;-622.0
93.0;200.0;420.0;903.0;177.0;315.0;83.0;184.0;404.0;854.0;169.0;306.0;279.0;-138.0;1202.0;-622.0
91.0;198.0;415.0;893.0;175.0;315.0;86.0;191.0;413.0;871.0;169.0;310.0;274.0;-133.0;1199.0;-622.0
94.0;203.0;425.0;907.0;177.0;317.0;87.0;192.0;414.0;862.0;170.0;311.0;279.0;-133.0;1210.0;-627.0
93.0;201.0;422.0;906.0;177.0;317.0;86.0;191.0;416.0;864.0;169.0;309.0;279.0;-133.0;1193.0;-628.0
95.0;204.0;426.0;910.0;178.0;318.0;88.0;194.0;421.0;872.0;170.0;312.0;284.0;-138.0;1215.0;-629.0
97.0;206.0;427.0;918.0;179.0;318.0;87.0;194.0;420.0;873.0;171.0;313.0;275.0;-138.0;1195.0;-628.0
96.0;206.0;431.0;921.0;180.0;320.0;85.0;189.0;410.0;862.0;170.0;314.0;285.0;-138.0;1199.0;-627.0
96.0;207.0;432.0;929.0;180.0;321.0;85.0;191.0;417.0;876.0;173.0;315.0;282.0;-138.0;1210.0;-628.0
96.0;206.0;433.0;926.0;180.0;321.0;88.0;196.0;420.0;875.0;172.0;314.0;280.0;-138.0;1208.0;-627.0
96.0;204.0;427.0;919.0;180.0;319.0;87.0;194.0;424.0;880.0;171.0;315.0;293.0;-137.0;1210.0;-627.0
96.0;207.0;432.0;922.0;180.0;321.0;86.0;193.0;421.0;882.0;173.0;315.0;278.0;-137.0;1202.0;-632.0
96.0;207.0;435.0;922.0;180.0;321.0;86.0;190.0;416.0;878.0;173.0;318.0;275.0;-137.0;1217.0;-632.0
97.0;207.0;434.0;934.0;182.0;325.0;90.0;200.0;427.0;887.0;174.0;321.0;278.0;-137.0;1203.0;-632.0
99.0;213.0;443.0;946.0;185.0;327.0;90.0;197.0;425.0;896.0;176.0;321.0;283.0;-137.0;1205.0;-632.0
99.0;211.0;441.0;944.0;185.0;329.0;88.0;196.0;426.0;901.0;176.0;322.0;271.0;-137.0;1209.0;-633.0
99.0;211.0;441.0;941.0;184.0;329.0;91.0;201.0;433.0;895.0;177.0;322.0;287.0;-137.0;1211.0;-637.0
99.0;211.0;442.0;945.0;185.0;330.0;88.0;197.0;428.0;900.0;177.0;323.0;278.0;-140.0;1205.0;-637.0
99.0;214.0;444.0;947.0;184.0;330.0;90.0;199.0;431.0;901.0;177.0;323.0;278.0;-142.0;1216.0;-637.0
101.0;216.0;447.0;949.0;185.0;331.0;91.0;199.0;431.0;906.0;177.0;323.0;300.0;-142.0;1228.0;-637.0
103.0;219.0;455.0;968.0;187.0;334.0;92.0;204.0;443.0;921.0;179.0;327.0;278.0;-142.0;1207.0;-633.0
103.0;220.0;456.0;967.0;188.0;337.0;94.0;207.0;444.0;923.0;180.0;331.0;282.0;-142.0;1225.0;-633.0
103.0;220.0;459.0;978.0;190.0;337.0;95.0;209.0;447.0;932.0;182.0;330.0;288.0;-140.0;1220.0;-634.0
103.0;221.0;458.0;979.0;190.0;338.0;92.0;205.0;442.0;922.0;182.0;330.0;287.0;-140.0;1221.0;-633.0
103.0;221.0;459.0;976.0;190.0;340.0;96.0;212.0;453.0;934.0;183.0;333.0;283.0;-139.0;1221.0;-634.0
104.0;222.0;461.0;986.0;192.0;342.0;95.0;208.0;447.0;935.0;184.0;335.0;273.0;-140.0;1213.0;-634.0
105.0;225.0;468.0;991.0;193.0;342.0;95.0;209.0;451.0;948.0;185.0;337.0;282.0;-141.0;1208.0;-638.0
107.0;228.0;473.0;1009.0;196.0;346.0;94.0;210.0;458.0;957.0;187.0;338.0;285.0;-141.0;1227.0;-635.0
107.0;229.0;474.0;1008.0;195.0;347.0;93.0;209.0;454.0;950.0;189.0;340.0;283.0;-143.0;1220.0;-635.0
108.0;230.0;479.0;1009.0;196.0;351.0;97.0;211.0;461.0;959.0;187.0;342.0;279.0;-143.0;1226.0;-635.0
109.0;231.0;479.0;1015.0;197.0;350.0;98.0;215.0;461.0;968.0;190.0;341.0;287.0;-141.0;1225.0;-641.0
110.0;233.0;483.0;1023.0;198.0;352.0;98.0;214.0;463.0;965.0;191.0;344.0;292.0;-142.0;1228.0;-637.0
111.0;235.0;489.0;1030.0;200.0;353.0;99.0;217.0;469.0;976.0;190.0;344.0;292.0;-141.0;1235.0;-642.0
111.0;236.0;487.0;1034.0;200.0;354.0;100.0;217.0;466.0;975.0;192.0;345.0;296.0;-139.0;1239.0;-642.0
111.0;235.0;488.0;1036.0;201.0;356.0;103.0;225.0;478.0;991.0;194.0;352.0;281.0;-139.0;1224.0;-639.0
114.0;242.0;497.0;1050.0;203.0;359.0;105.0;229.0;492.0;1010.0;196.0;352.0;289.0;-139.0;1241.0;-639.0
114.0;242.0;500.0;1055.0;204.0;361.0;101.0;221.0;482.0;1000.0;195.0;354.0;280.0;-139.0;1215.0;-646.0
113.0;239.0;494.0;1049.0;203.0;360.0;102.0;224.0;482.0;996.0;193.0;352.0;288.0;-139.0;1227.0;-645.0
113.0;241.0;500.0;1050.0;204.0;361.0;102.0;222.0;483.0;998.0;196.0;354.0;278.0;-139.0;1240.0;-646.0
115.0;243.0;501.0;1066.0;205.0;363.0;102.0;227.0;488.0;1011.0;196.0;354.0;276.0;-139.0;1229.0;-646.0
115.0;244.0;503.0;1064.0;206.0;365.0;103.0;227.0;488.0;1012.0;197.0;356.0;289.0;-140.0;1235.0;-646.0
116.0;243.0;503.0;1060.0;206.0;364.0;105.0;229.0;492.0;1007.0;196.0;355.0;287.0;-144.0;1235.0;-647.0
115.0;244.0;502.0;1062.0;205.0;363.0;106.0;233.0;494.0;1024.0;197.0;356.0;281.0;-144.0;1234.0;-650.0
116.0;243.0;504.0;1064.0;206.0;363.0;104.0;225.0;484.0;1012.0;197.0;355.0;285.0;-144.0;1233.0;-651.0
117.0;246.0;506.0;1066.0;207.0;366.0;105.0;227.0;487.0;1019.0;198.0;357.0;284.0;-144.0;1232.0;-651.0
117.0;248.0;510.0;1074.0;207.0;365.0;106.0;232.0;494.0;1023.0;198.0;359.0;289.0;-144.0;1235.0;-651.0
116.0;246.0;506.0;1074.0;208.0;366.0;107.0;235.0;500.0;1030.0;200.0;359.0;285.0;-144.0;1241.0;-646.0
119.0;252.0;515.0;1088.0;209.0;368.0;108.0;234.0;497.0;1023.0;198.0;361.0;290.0;-144.0;1246.0;-644.0
118.0;249.0;512.0;1080.0;209.0;369.0;106.0;232.0;498.0;1027.0;199.0;358.0;287.0;-144.0;1235.0;-644.0
121.0;253.0;520.0;1093.0;211.0;371.0;107.0;233.0;503.0;1032.0;201.0;361.0;281.0;-144.0;1236.0;-646.0
120.0;251.0;514.0;1089.0;210.0;370.0;109.0;238.0;505.0;1041.0;201.0;365.0;297.0;-144.0;1246.0;-646.0
122.0;258.0;528.0;1107.0;213.0;375.0;109.0;240.0;508.0;1052.0;203.0;366.0;274.0;-143.0;1240.0;-648.0
120.0;253.0;521.0;1100.0;212.0;373.0;108.0;235.0;502.0;1033.0;202.0;365.0;302.0;-143.0;1242.0;-649.0
123.0;257.0;525.0;1098.0;212.0;376.0;110.0;238.0;502.0;1039.0;202.0;364.0;295.0;-143.0;1254.0;-650.0
122.0;255.0;526.0;1102.0;212.0;375.0;108.0;236.0;505.0;1042.0;203.0;364.0;290.0;-143.0;1241.0;-649.0
122.0;257.0;529.0;1110.0;213.0;374.0;112.0;242.0;516.0;1056.0;203.0;367.0;288.0;-143.0;1252.0;-650.0
123.0;258.0;529.0;1107.0;213.0;376.0;110.0;237.0;510.0;1042.0;203.0;366.0;288.0;-144.0;1257.0;-650.0
124.0;258.0;530.0;1113.0;214.0;375.0;114.0;245.0;518.0;1061.0;204.0;369.0;292.0;-143.0;1246.0;-650.0
126.0;262.0;538.0;1126.0;216.0;379.0;115.0;247.0;522.0;1073.0;207.0;370.0;294.0;-144.0;1249.0;-650.0
125.0;262.0;536.0;1124.0;216.0;378.0;112.0;241.0;514.0;1065.0;206.0;369.0;295.0;-139.0;1248.0;-652.0
124.0;260.0;532.0;1121.0;215.0;379.0;112.0;243.0;517.0;1058.0;206.0;371.0;295.0;-139.0;1258.0;-650.0
125.0;264.0;535.0;1124.0;217.0;381.0;113.0;244.0;521.0;1069.0;207.0;374.0;286.0;-139.0;1253.0;-652.0
126.0;264.0;540.0;1132.0;217.0;381.0;113.0;244.0;521.0;1078.0;207.0;374.0;293.0;-137.0;1251.0;-653.0
127.0;266.0;543.0;1140.0;218.0;381.0;115.0;248.0;520.0;1074.0;208.0;374.0;305.0;-137.0;1259.0;-653.0
125.0;263.0;539.0;1129.0;218.0;382.0;114.0;247.0;528.0;1079.0;208.0;371.0;283.0;-146.0;1252.0;-653.0
128.0;267.0;543.0;1135.0;218.0;381.0;112.0;241.0;515.0;1072.0;207.0;371.0;291.0;-146.0;1252.0;-654.0
128.0;265.0;541.0;1133.0;218.0;382.0;114.0;246.0;524.0;1072.0;207.0;372.0;285.0;-149.0;1255.0;-654.0
127.0;265.0;535.0;1127.0;217.0;383.0;116.0;253.0;531.0;1078.0;209.0;373.0;295.0;-149.0;1260.0;-654.0
127.0;266.0;541.0;1136.0;218.0;383.0;111.0;243.0;523.0;1069.0;208.0;373.0;280.0;-145.0;1248.0;-652.0
127.0;265.0;544.0;1136.0;218.0;384.0;116.0;251.0;530.0;1084.0;209.0;375.0;287.0;-144.0;1243.0;-653.0
128.0;266.0;541.0;1143.0;217.0;381.0;114.0;245.0;525.0;1077.0;209.0;375.0;285.0;-144.0;1244.0;-652.0
126.0;263.0;542.0;1127.0;217.0;382.0;115.0;248.0;524.0;1071.0;207.0;373.0;297.0;-144.0;1256.0;-652.0
129.0;269.0;551.0;1149.0;220.0;384.0;114.0;246.0;521.0;1072.0;208.0;375.0;294.0;-143.0;1248.0;-653.0
129.0;270.0;549.0;1149.0;220.0;385.0;116.0;250.0;530.0;1091.0;211.0;378.0;284.0;-143.0;1253.0;-653.0
131.0;271.0;554.0;1156.0;221.0;388.0;116.0;252.0;530.0;1094.0;212.0;382.0;295.0;-143.0;1262.0;-651.0
130.0;272.0;556.0;1155.0;223.0;388.0;115.0;251.0;534.0;1095.0;212.0;381.0;284.0;-142.0;1254.0;-639.0
132.0;276.0;557.0;1167.0;222.0;390.0;117.0;255.0;537.0;1101.0;214.0;381.0;279.0;-141.0;1257.0;-627.0
131.0;274.0;556.0;1165.0;222.0;389.0;120.0;257.0;547.0;1106.0;213.0;379.0;300.0;-138.0;1255.0;-627.0
131.0;274.0;555.0;1157.0;223.0;388.0;119.0;256.0;538.0;1099.0;213.0;380.0;291.0;-135.0;1249.0;-627.0
132.0;274.0;557.0;1166.0;224.0;393.0;120.0;261.0;549.0;1110.0;215.0;387.0;291.0;-135.0;1252.0;-624.0
134.0;279.0;566.0;1183.0;226.0;397.0;119.0;254.0;544.0;1115.0;216.0;387.0;289.0;-134.0;1249.0;-622.0
133.0;276.0;562.0;1178.0;226.0;393.0;121.0;260.0;551.0;1124.0;215.0;387.0;298.0;-134.0;1254.0;-620.0
133.0;276.0;562.0;1178.0;225.0;396.0;119.0;257.0;544.0;1118.0;215.0;386.0;294.0;-135.0;1244.0;-618.0
134.0;278.0;565.0;1182.0;224.0;394.0;122.0;260.0;550.0;1119.0;215.0;385.0;290.0;-136.0;1246.0;-618.0
134.0;276.0;564.0;1177.0;225.0;394.0;121.0;260.0;548.0;1113.0;215.0;386.0;285.0;-136.0;1247.0;-618.0
132.0;275.0;559.0;1169.0;223.0;394.0;121.0;263.0;552.0;1126.0;215.0;389.0;292.0;-136.0;1243.0;-618.0
133.0;277.0;563.0;1178.0;226.0;396.0;116.0;255.0;542.0;1111.0;215.0;387.0;281.0;-136.0;1237.0;-624.0
135.0;278.0;567.0;1178.0;227.0;396.0;122.0;263.0;552.0;1124.0;216.0;387.0;280.0;-139.0;1248.0;-624.0
137.0;284.0;577.0;1197.0;227.0;397.0;122.0;265.0;555.0;1133.0;217.0;390.0;286.0;-136.0;1255.0;-624.0
137.0;285.0;577.0;1190.0;228.0;398.0;125.0;267.0;558.0;1134.0;217.0;389.0;304.0;-133.0;1262.0;-624.0
134.0;278.0;567.0;1187.0;227.0;398.0;120.0;258.0;551.0;1130.0;219.0;390.0;289.0;-133.0;1258.0;-624.0
136.0;281.0;571.0;1193.0;228.0;400.0;124.0;267.0;563.0;1135.0;219.0;392.0;293.0;-138.0;1260.0;-624.0
137.0;284.0;577.0;1204.0;229.0;402.0;123.0;265.0;562.0;1138.0;219.0;393.0;286.0;-136.0;1248.0;-624.0
137.0;285.0;579.0;1202.0;230.0;401.0;124.0;266.0;567.0;1147.0;219.0;393.0;286.0;-138.0;1254.0;-623.0
137.0;283.0;575.0;1198.0;230.0;402.0;123.0;263.0;556.0;1139.0;219.0;393.0;284.0;-138.0;1247.0;-629.0
138.0;287.0;579.0;1206.0;230.0;403.0;123.0;267.0;563.0;1139.0;220.0;393.0;281.0;-136.0;1252.0;-623.0
139.0;287.0;581.0;1206.0;230.0;402.0;127.0;273.0;572.0;1158.0;221.0;393.0;279.0;-136.0;1255.0;-623.0
139.0;287.0;582.0;1209.0;231.0;404.0;125.0;267.0;565.0;1155.0;223.0;395.0;303.0;-137.0;1269.0;-629.0
141.0;290.0;586.0;1216.0;233.0;404.0;127.0;274.0;580.0;1167.0;222.0;396.0;284.0;-136.0;1252.0;-629.0
140.0;290.0;588.0;1228.0;234.0;406.0;127.0;272.0;579.0;1173.0;223.0;398.0;286.0;-137.0;1254.0;-629.0
141.0;292.0;589.0;1226.0;233.0;406.0;126.0;271.0;574.0;1162.0;221.0;396.0;294.0;-137.0;1266.0;-633.0
143.0;293.0;591.0;1226.0;233.0;404.0;124.0;265.0;561.0;1155.0;222.0;396.0;295.0;-139.0;1269.0;-633.0
141.0;293.0;591.0;1221.0;232.0;407.0;126.0;270.0;570.0;1154.0;223.0;396.0;294.0;-135.0;1259.0;-633.0
142.0;294.0;592.0;1232.0;234.0;410.0;126.0;271.0;574.0;1167.0;223.0;399.0;290.0;-134.0;1264.0;-632.0
142.0;292.0;594.0;1228.0;234.0;407.0;128.0;273.0;579.0;1176.0;225.0;399.0;289.0;-134.0;1270.0;-632.0
145.0;296.0;597.0;1235.0;235.0;410.0;129.0;278.0;585.0;1181.0;225.0;400.0;293.0;-137.0;1276.0;-631.0
143.0;294.0;595.0;1234.0;236.0;409.0;125.0;271.0;571.0;1166.0;223.0;399.0;291.0;-137.0;1272.0;-632.0
143.0;296.0;597.0;1234.0;234.0;410.0;130.0;278.0;583.0;1173.0;225.0;399.0;298.0;-137.0;1272.0;-631.0
142.0;292.0;595.0;1233.0;235.0;406.0;127.0;273.0;578.0;1173.0;225.0;399.0;282.0;-139.0;1261.0;-631.0
144.0;297.0;598.0;1237.0;235.0;408.0;127.0;272.0;578.0;1168.0;224.0;401.0;287.0;-139.0;1263.0;-631.0
146.0;300.0;600.0;1239.0;235.0;408.0;127.0;272.0;571.0;1164.0;223.0;398.0;295.0;-144.0;1259.0;-631.0
144.0;298.0;600.0;1238.0;236.0;411.0;128.0;276.0;580.0;1180.0;226.0;403.0;287.0;-140.0;1258.0;-630.0
145.0;299.0;605.0;1248.0;237.0;411.0;132.0;279.0;593.0;1180.0;226.0;403.0;293.0;-144.0;1280.0;-631.0
146.0;301.0;606.0;1250.0;237.0;413.0;134.0;284.0;588.0;1187.0;227.0;404.0;298.0;-144.0;1274.0;-631.0
147.0;302.0;606.0;1256.0;238.0;413.0;132.0;281.0;586.0;1179.0;225.0;402.0;298.0;-140.0;1274.0;-632.0
147.0;301.0;605.0;1249.0;236.0;414.0;133.0;285.0;595.0;1191.0;228.0;404.0;290.0;-140.0;1278.0;-632.0
147.0;301.0;609.0;1254.0;238.0;414.0;132.0;278.0;586.0;1193.0;227.0;405.0;293.0;-142.0;1265.0;-632.0
147.0;302.0;607.0;1258.0;238.0;415.0;131.0;282.0;592.0;1200.0;228.0;407.0;286.0;-142.0;1275.0;-632.0
148.0;306.0;613.0;1264.0;239.0;416.0;132.0;279.0;589.0;1194.0;229.0;406.0;301.0;-142.0;1279.0;-643.0
147.0;304.0;611.0;1259.0;239.0;416.0;131.0;279.0;587.0;1194.0;229.0;407.0;289.0;-143.0;1268.0;-643.0
148.0;305.0;612.0;1264.0;241.0;418.0;132.0;282.0;594.0;1201.0;230.0;408.0;297.0;-143.0;1272.0;-638.0
148.0;305.0;614.0;1270.0;241.0;417.0;133.0;284.0;596.0;1211.0;232.0;410.0;293.0;-139.0;1271.0;-638.0
152.0;312.0;622.0;1288.0;244.0;422.0;135.0;287.0;602.0;1213.0;232.0;413.0;300.0;-138.0;1278.0;-638.0
149.0;306.0;616.0;1280.0;242.0;422.0;135.0;289.0;606.0;1228.0;233.0;413.0;295.0;-138.0;1280.0;-638.0
152.0;312.0;625.0;1287.0;244.0;425.0;138.0;293.0;612.0;1231.0;235.0;417.0;297.0;-138.0;1280.0;-638.0
153.0;315.0;628.0;1292.0;244.0;426.0;138.0;295.0;615.0;1233.0;234.0;415.0;307.0;-141.0;1281.0;-638.0
152.0;309.0;622.0;1285.0;244.0;424.0;136.0;287.0;607.0;1223.0;232.0;415.0;287.0;-142.0;1268.0;-640.0
153.0;312.0;627.0;1290.0;245.0;425.0;137.0;290.0;605.0;1224.0;235.0;416.0;301.0;-142.0;1275.0;-641.0
153.0;315.0;634.0;1304.0;247.0;428.0;136.0;289.0;608.0;1237.0;235.0;417.0;284.0;-142.0;1267.0;-641.0
154.0;316.0;634.0;1305.0;246.0;427.0;135.0;292.0;611.0;1236.0;235.0;417.0;290.0;-145.0;1273.0;-641.0
155.0;318.0;633.0;1306.0;246.0;426.0;140.0;296.0;616.0;1243.0;235.0;415.0;289.0;-139.0;1274.0;-641.0
155.0;319.0;637.0;1306.0;246.0;426.0;136.0;294.0;610.0;1227.0;234.0;416.0;302.0;-139.0;1280.0;-643.0
156.0;316.0;633.0;1300.0;245.0;426.0;139.0;294.0;614.0;1228.0;234.0;417.0;295.0;-140.0;1276.0;-643.0
154.0;315.0;629.0;1308.0;246.0;428.0;137.0;290.0;610.0;1234.0;235.0;418.0;297.0;-140.0;1269.0;-643.0
154.0;315.0;632.0;1307.0;247.0;427.0;139.0;295.0;617.0;1243.0;236.0;418.0;291.0;-139.0;1270.0;-644.0
157.0;320.0;639.0;1315.0;248.0;429.0;141.0;295.0;617.0;1250.0;237.0;418.0;303.0;-138.0;1285.0;-644.0
157.0;320.0;639.0;1314.0;247.0;430.0;140.0;298.0;621.0;1247.0;238.0;421.0;302.0;-138.0;1290.0;-643.0
157.0;320.0;641.0;1313.0;248.0;431.0;139.0;296.0;618.0;1247.0;237.0;420.0;293.0;-138.0;1280.0;-646.0
157.0;323.0;644.0;1329.0;250.0;430.0;142.0;301.0;623.0;1247.0;239.0;422.0;294.0;-138.0;1273.0;-646.0
156.0;317.0;639.0;1316.0;250.0;431.0;142.0;301.0;624.0;1259.0;239.0;423.0;301.0;-138.0;1277.0;-646.0
159.0;323.0;648.0;1326.0;251.0;432.0;140.0;297.0;622.0;1249.0;239.0;421.0;309.0;-142.0;1271.0;-643.0
159.0;324.0;645.0;1324.0;249.0;433.0;142.0;302.0;628.0;1266.0;240.0;426.0;292.0;-142.0;1275.0;-647.0
160.0;326.0;649.0;1333.0;252.0;436.0;139.0;295.0;623.0;1263.0;240.0;426.0;294.0;-142.0;1286.0;-646.0
162.0;329.0;654.0;1337.0;252.0;434.0;144.0;304.0;629.0;1262.0;239.0;426.0;284.0;-142.0;1278.0;-646.0
161.0;329.0;654.0;1343.0;252.0;435.0;145.0;305.0;632.0;1274.0;241.0;425.0;310.0;-142.0;1293.0;-646.0
161.0;327.0;653.0;1342.0;252.0;436.0;145.0;304.0;637.0;1265.0;241.0;426.0;301.0;-140.0;1300.0;-646.0
161.0;325.0;649.0;1334.0;252.0;434.0;144.0;304.0;630.0;1268.0;241.0;428.0;297.0;-137.0;1283.0;-645.0
162.0;329.0;654.0;1347.0;253.0;438.0;144.0;307.0;641.0;1276.0;243.0;429.0;290.0;-140.0;1287.0;-645.0
163.0;331.0;661.0;1349.0;253.0;435.0;144.0;303.0;631.0;1275.0;240.0;426.0;287.0;-137.0;1284.0;-646.0
162.0;331.0;654.0;1339.0;251.0;436.0;145.0;306.0;635.0;1275.0;241.0;426.0;303.0;-137.0;1292.0;-646.0
163.0;330.0;656.0;1342.0;253.0;436.0;146.0;307.0;631.0;1274.0;242.0;427.0;300.0;-141.0;1295.0;-646.0
163.0;330.0;658.0;1347.0;254.0;437.0;142.0;302.0;632.0;1269.0;242.0;429.0;291.0;-142.0;1286.0;-650.0
162.0;329.0;657.0;1347.0;254.0;437.0;144.0;306.0;635.0;1278.0;242.0;427.0;292.0;-142.0;1284.0;-650.0
163.0;331.0;660.0;1350.0;253.0;436.0;146.0;309.0;638.0;1277.0;242.0;426.0;292.0;-143.0;1289.0;-650.0
163.0;330.0;657.0;1341.0;253.0;436.0;146.0;307.0;638.0;1275.0;243.0;429.0;294.0;-143.0;1297.0;-650.0
163.0;331.0;661.0;1351.0;253.0;437.0;148.0;306.0;634.0;1278.0;242.0;429.0;295.0;-143.0;1286.0;-650.0
162.0;329.0;655.0;1346.0;254.0;437.0;148.0;313.0;646.0;1284.0;243.0;430.0;287.0;-143.0;1283.0;-650.0
165.0;335.0;663.0;1351.0;254.0;438.0;149.0;313.0;650.0;1294.0;244.0;428.0;294.0;-143.0;1300.0;-650.0
165.0;335.0;665.0;1365.0;256.0;440.0;147.0;311.0;647.0;1284.0;243.0;429.0;287.0;-143.0;1300.0;-653.0
166.0;335.0;668.0;1359.0;256.0;440.0;151.0;317.0;655.0;1296.0;244.0;431.0;302.0;-143.0;1306.0;-653.0
165.0;336.0;671.0;1370.0;257.0;442.0;151.0;317.0;650.0;1302.0;245.0;431.0;310.0;-143.0;1309.0;-654.0
168.0;339.0;671.0;1372.0;257.0;442.0;150.0;314.0;648.0;1297.0;247.0;433.0;297.0;-142.0;1301.0;-654.0
169.0;342.0;673.0;1381.0;258.0;442.0;150.0;313.0;646.0;1292.0;245.0;431.0;300.0;-142.0;1303.0;-654.0
166.0;336.0;666.0;1364.0;255.0;442.0;148.0;310.0;645.0;1282.0;243.0;428.0;293.0;-140.0;1292.0;-653.0
166.0;338.0;668.0;1367.0;256.0;439.0;148.0;309.0;641.0;1289.0;245.0;431.0;304.0;-142.0;1298.0;-653.0
166.0;336.0;668.0;1358.0;256.0;441.0;150.0;316.0;651.0;1300.0;246.0;432.0;291.0;-142.0;1297.0;-653.0
169.0;341.0;672.0;1370.0;257.0;441.0;148.0;311.0;648.0;1301.0;247.0;433.0;294.0;-141.0;1303.0;-652.0
168.0;343.0;676.0;1381.0;258.0;446.0;153.0;319.0;657.0;1301.0;247.0;435.0;308.0;-141.0;1308.0;-653.0
170.0;343.0;679.0;1383.0;259.0;446.0;151.0;316.0;654.0;1307.0;247.0;436.0;296.0;-144.0;1305.0;-651.0
170.0;343.0;681.0;1379.0;259.0;446.0;153.0;318.0;657.0;1307.0;247.0;436.0;302.0;-147.0;1310.0;-652.0
169.0;343.0;683.0;1390.0;259.0;445.0;153.0;318.0;654.0;1315.0;248.0;438.0;307.0;-144.0;1306.0;-651.0
170.0;344.0;683.0;1394.0;259.0;445.0;152.0;319.0;660.0;1310.0;248.0;437.0;298.0;-145.0;1291.0;-651.0
172.0;346.0;680.0;1391.0;260.0;446.0;154.0;321.0;656.0;1314.0;248.0;435.0;303.0;-145.0;1326.0;-651.0
170.0;342.0;678.0;1387.0;260.0;446.0;156.0;325.0;670.0;1324.0;249.0;437.0;297.0;-145.0;1302.0;-651.0
169.0;343.0;675.0;1380.0;260.0;447.0;150.0;316.0;652.0;1307.0;247.0;437.0;296.0;-144.0;1297.0;-648.0
171.0;345.0;682.0;1391.0;260.0;449.0;154.0;323.0;665.0;1315.0;248.0;440.0;303.0;-144.0;1302.0;-646.0
172.0;347.0;684.0;1400.0;261.0;448.0;154.0;324.0;664.0;1315.0;248.0;438.0;315.0;-144.0;1314.0;-646.0
172.0;347.0;685.0;1395.0;260.0;449.0;154.0;320.0;661.0;1314.0;249.0;437.0;308.0;-146.0;1305.0;-644.0
172.0;347.0;686.0;1395.0;260.0;448.0;152.0;320.0;661.0;1320.0;249.0;438.0;301.0;-144.0;1298.0;-646.0
173.0;349.0;690.0;1404.0;262.0;447.0;153.0;319.0;657.0;1318.0;247.0;439.0;307.0;-144.0;1304.0;-649.0
172.0;348.0;688.0;1402.0;261.0;447.0;153.0;322.0;662.0;1316.0;251.0;436.0;299.0;-143.0;1294.0;-649.0
172.0;346.0;688.0;1405.0;260.0;446.0;151.0;319.0;656.0;1312.0;247.0;436.0;305.0;-143.0;1314.0;-649.0
171.0;347.0;683.0;1389.0;260.0;445.0;156.0;326.0;669.0;1320.0;250.0;435.0;308.0;-143.0;1305.0;-649.0
173.0;348.0;686.0;1393.0;260.0;445.0;154.0;320.0;663.0;1320.0;249.0;437.0;293.0;-143.0;1302.0;-649.0
172.0;349.0;688.0;1395.0;261.0;447.0;155.0;323.0;660.0;1317.0;249.0;439.0;309.0;-143.0;1309.0;-649.0
173.0;348.0;686.0;1398.0;262.0;447.0;155.0;323.0;667.0;1322.0;249.0;437.0;305.0;-143.0;1307.0;-651.0
173.0;348.0;684.0;1393.0;260.0;446.0;156.0;327.0;671.0;1323.0;249.0;436.0;299.0;-142.0;1309.0;-653.0
174.0;351.0;694.0;1407.0;261.0;448.0;152.0;319.0;660.0;1316.0;250.0;439.0;305.0;-145.0;1308.0;-653.0
173.0;350.0;691.0;1402.0;261.0;448.0;155.0;326.0;668.0;1327.0;252.0;440.0;299.0;-141.0;1305.0;-653.0
174.0;351.0;694.0;1411.0;264.0;453.0;158.0;330.0;678.0;1348.0;253.0;445.0;304.0;-141.0;1302.0;-651.0
177.0;355.0;703.0;1422.0;264.0;453.0;160.0;334.0;682.0;1345.0;253.0;445.0;311.0;-142.0;1315.0;-651.0
177.0;358.0;702.0;1427.0;266.0;454.0;161.0;333.0;680.0;1342.0;253.0;446.0;311.0;-145.0;1311.0;-651.0
178.0;359.0;706.0;1427.0;265.0;455.0;162.0;337.0;690.0;1355.0;253.0;447.0;305.0;-144.0;1305.0;-651.0
178.0;356.0;704.0;1430.0;267.0;456.0;160.0;332.0;681.0;1343.0;254.0;445.0;304.0;-145.0;1312.0;-647.0
178.0;357.0;705.0;1427.0;266.0;456.0;158.0;330.0;681.0;1352.0;255.0;446.0;291.0;-145.0;1308.0;-648.0
179.0;360.0;708.0;1432.0;267.0;458.0;161.0;334.0;690.0;1364.0;255.0;446.0;299.0;-144.0;1310.0;-648.0
178.0;359.0;707.0;1437.0;268.0;457.0;162.0;338.0;691.0;1368.0;255.0;447.0;296.0;-144.0;1311.0;-648.0
180.0;361.0;710.0;1441.0;267.0;460.0;161.0;334.0;684.0;1356.0;254.0;446.0;303.0;-143.0;1313.0;-651.0
178.0;359.0;707.0;1438.0;268.0;458.0;162.0;335.0;687.0;1361.0;255.0;447.0;305.0;-142.0;1315.0;-651.0
179.0;358.0;707.0;1441.0;267.0;458.0;161.0;337.0;689.0;1362.0;256.0;450.0;301.0;-142.0;1311.0;-651.0
180.0;359.0;709.0;1437.0;267.0;456.0;164.0;340.0;695.0;1365.0;256.0;447.0;306.0;-142.0;1319.0;-651.0
180.0;361.0;711.0;1434.0;268.0;457.0;162.0;340.0;690.0;1366.0;255.0;447.0;290.0;-146.0;1304.0;-651.0
181.0;361.0;709.0;1440.0;268.0;459.0;159.0;333.0;680.0;1360.0;256.0;448.0;299.0;-146.0;1299.0;-650.0
182.0;364.0;715.0;1449.0;269.0;459.0;163.0;339.0;690.0;1367.0;256.0;450.0;304.0;-146.0;1310.0;-651.0
182.0;365.0;717.0;1453.0;270.0;459.0;163.0;338.0;692.0;1374.0;256.0;450.0;310.0;-145.0;1315.0;-656.0
183.0;366.0;720.0;1457.0;269.0;460.0;166.0;341.0;697.0;1373.0;257.0;451.0;303.0;-145.0;1310.0;-656.0
182.0;364.0;715.0;1446.0;269.0;461.0;162.0;343.0;697.0;1372.0;257.0;449.0;298.0;-143.0;1315.0;-656.0
185.0;369.0;721.0;1457.0;272.0;462.0;165.0;340.0;690.0;1373.0;257.0;451.0;311.0;-143.0;1323.0;-657.0
182.0;365.0;718.0;1448.0;268.0;460.0;165.0;340.0;695.0;1372.0;258.0;450.0;297.0;-143.0;1315.0;-658.0
183.0;366.0;717.0;1449.0;269.0;461.0;161.0;338.0;697.0;1372.0;257.0;451.0;291.0;-143.0;1301.0;-658.0
185.0;368.0;725.0;1459.0;271.0;461.0;168.0;345.0;703.0;1384.0;258.0;452.0;310.0;-142.0;1313.0;-658.0
186.0;369.0;725.0;1457.0;270.0;464.0;168.0;347.0;703.0;1380.0;259.0;453.0;302.0;-142.0;1312.0;-656.0
188.0;372.0;731.0;1471.0;272.0;465.0;167.0;345.0;700.0;1390.0;259.0;455.0;306.0;-144.0;1317.0;-656.0
186.0;372.0;732.0;1468.0;273.0;462.0;166.0;346.0;705.0;1387.0;260.0;456.0;308.0;-146.0;1316.0;-655.0
187.0;373.0;730.0;1472.0;271.0;465.0;166.0;340.0;695.0;1380.0;260.0;455.0;304.0;-144.0;1319.0;-655.0
189.0;376.0;738.0;1483.0;274.0;465.0;167.0;347.0;707.0;1395.0;261.0;453.0;303.0;-144.0;1310.0;-654.0
188.0;375.0;733.0;1480.0;275.0;467.0;168.0;345.0;706.0;1393.0;262.0;456.0;312.0;-147.0;1319.0;-654.0
186.0;372.0;729.0;1471.0;272.0;465.0;165.0;345.0;706.0;1389.0;260.0;456.0;298.0;-147.0;1313.0;-654.0
187.0;372.0;729.0;1478.0;274.0;466.0;169.0;349.0;714.0;1393.0;261.0;456.0;313.0;-146.0;1328.0;-657.0
190.0;376.0;736.0;1477.0;274.0;467.0;171.0;351.0;715.0;1407.0;263.0;457.0;302.0;-146.0;1310.0;-656.0
191.0;381.0;743.0;1486.0;275.0;468.0;170.0;350.0;711.0;1405.0;263.0;456.0;317.0;-146.0;1334.0;-657.0
189.0;378.0;738.0;1478.0;275.0;467.0;170.0;349.0;712.0;1408.0;262.0;458.0;307.0;-146.0;1317.0;-657.0
191.0;377.0;738.0;1488.0;275.0;468.0;170.0;349.0;706.0;1402.0;263.0;458.0;310.0;-145.0;1319.0;-656.0
191.0;380.0;742.0;1491.0;276.0;470.0;169.0;349.0;711.0;1400.0;263.0;456.0;307.0;-145.0;1308.0;-655.0
191.0;378.0;739.0;1488.0;275.0;470.0;170.0;352.0;717.0;1413.0;263.0;460.0;309.0;-145.0;1330.0;-655.0
191.0;381.0;739.0;1483.0;275.0;467.0;171.0;350.0;709.0;1403.0;263.0;459.0;319.0;-145.0;1324.0;-655.0
192.0;380.0;744.0;1497.0;277.0;469.0;170.0;348.0;715.0;1409.0;263.0;459.0;301.0;-145.0;1315.0;-656.0
192.0;381.0;743.0;1494.0;277.0;471.0;174.0;359.0;728.0;1425.0;265.0;461.0;298.0;-142.0;1312.0;-657.0
191.0;380.0;743.0;1494.0;276.0;470.0;173.0;354.0;719.0;1410.0;263.0;459.0;307.0;-142.0;1327.0;-665.0
192.0;382.0;749.0;1499.0;276.0;470.0;172.0;352.0;715.0;1407.0;263.0;458.0;299.0;-142.0;1310.0;-665.0
193.0;382.0;742.0;1485.0;275.0;467.0;172.0;355.0;722.0;1416.0;264.0;458.0;301.0;-142.0;1326.0;-664.0
193.0;382.0;746.0;1492.0;275.0;469.0;174.0;357.0;722.0;1411.0;263.0;459.0;308.0;-143.0;1322.0;-664.0
193.0;382.0;741.0;1491.0;276.0;470.0;172.0;356.0;724.0;1417.0;264.0;462.0;294.0;-143.0;1320.0;-659.0
193.0;384.0;746.0;1498.0;276.0;472.0;173.0;355.0;722.0;1421.0;265.0;461.0;307.0;-144.0;1321.0;-659.0
192.0;380.0;742.0;1494.0;276.0;470.0;174.0;359.0;723.0;1417.0;264.0;459.0;304.0;-147.0;1326.0;-659.0
196.0;386.0;750.0;1507.0;278.0;474.0;173.0;356.0;728.0;1426.0;266.0;461.0;299.0;-148.0;1315.0;-659.0
196.0;388.0;756.0;1512.0;279.0;473.0;178.0;363.0;731.0;1434.0;265.0;464.0;309.0;-149.0;1337.0;-659.0
195.0;386.0;749.0;1509.0;278.0;472.0;175.0;362.0;734.0;1433.0;266.0;462.0;307.0;-149.0;1318.0;-659.0
195.0;386.0;750.0;1508.0;278.0;470.0;177.0;362.0;727.0;1424.0;265.0;459.0;303.0;-148.0;1321.0;-659.0
196.0;388.0;752.0;1510.0;279.0;472.0;176.0;363.0;733.0;1426.0;267.0;462.0;310.0;-146.0;1327.0;-660.0
197.0;389.0;756.0;1518.0;279.0;475.0;173.0;359.0;722.0;1431.0;267.0;465.0;304.0;-144.0;1319.0;-660.0
198.0;391.0;758.0;1514.0;280.0;476.0;176.0;361.0;730.0;1432.0;267.0;465.0;310.0;-143.0;1327.0;-660.0
197.0;390.0;752.0;1510.0;279.0;474.0;177.0;362.0;732.0;1440.0;266.0;465.0;301.0;-144.0;1328.0;-660.0
198.0;391.0;758.0;1523.0;282.0;476.0;176.0;361.0;730.0;1441.0;269.0;468.0;306.0;-144.0;1323.0;-660.0
198.0;391.0;759.0;1520.0;280.0;474.0;178.0;360.0;727.0;1437.0;267.0;465.0;309.0;-143.0;1320.0;-658.0
199.0;392.0;760.0;1516.0;281.0;475.0;178.0;364.0;731.0;1435.0;268.0;466.0;311.0;-145.0;1337.0;-658.0
199.0;395.0;763.0;1522.0;280.0;477.0;177.0;360.0;725.0;1426.0;267.0;467.0;306.0;-146.0;1318.0;-658.0
199.0;394.0;762.0;1527.0;281.0;475.0;176.0;359.0;730.0;1440.0;268.0;465.0;316.0;-147.0;1331.0;-660.0
197.0;390.0;763.0;1525.0;281.0;475.0;178.0;363.0;731.0;1443.0;269.0;466.0;306.0;-147.0;1332.0;-660.0
199.0;394.0;763.0;1522.0;280.0;475.0;180.0;367.0;742.0;1443.0;267.0;467.0;304.0;-147.0;1331.0;-662.0
202.0;396.0;771.0;1538.0;282.0;477.0;179.0;368.0;739.0;1449.0;268.0;467.0;309.0;-148.0;1327.0;-662.0
199.0;394.0;766.0;1531.0;282.0;480.0;181.0;368.0;745.0;1463.0;270.0;469.0;295.0;-148.0;1331.0;-662.0
201.0;394.0;767.0;1532.0;282.0;479.0;182.0;369.0;751.0;1460.0;270.0;470.0;298.0;-146.0;1326.0;-662.0
200.0;396.0;766.0;1534.0;282.0;478.0;179.0;366.0;741.0;1450.0;269.0;470.0;306.0;-146.0;1327.0;-662.0
205.0;401.0;774.0;1549.0;283.0;481.0;183.0;374.0;752.0;1458.0;272.0;471.0;304.0;-146.0;1322.0;-662.0
202.0;398.0;774.0;1543.0;283.0;480.0;179.0;366.0;736.0;1455.0;270.0;468.0;306.0;-146.0;1321.0;-662.0
204.0;400.0;774.0;1541.0;283.0;480.0;182.0;372.0;743.0;1458.0;271.0;472.0;312.0;-146.0;1344.0;-662.0
202.0;399.0;773.0;1539.0;283.0;479.0;178.0;365.0;743.0;1464.0;269.0;470.0;300.0;-146.0;1334.0;-662.0
203.0;400.0;769.0;1544.0;284.0;480.0;181.0;370.0;749.0;1468.0;271.0;471.0;296.0;-142.0;1322.0;-662.0
203.0;401.0;777.0;1539.0;285.0;483.0;186.0;378.0;756.0;1469.0;271.0;473.0;321.0;-142.0;1341.0;-665.0
203.0;400.0;777.0;1551.0;284.0;480.0;185.0;378.0;762.0;1477.0;271.0;471.0;313.0;-142.0;1340.0;-665.0
205.0;403.0;777.0;1546.0;284.0;480.0;185.0;377.0;762.0;1476.0;274.0;472.0;296.0;-142.0;1329.0;-665.0
205.0;402.0;777.0;1547.0;284.0;481.0;186.0;377.0;756.0;1479.0;272.0;470.0;305.0;-140.0;1335.0;-665.0
208.0;405.0;785.0;1553.0;285.0;483.0;184.0;374.0;749.0;1461.0;272.0;471.0;312.0;-142.0;1331.0;-665.0
204.0;402.0;779.0;1551.0;284.0;480.0;184.0;376.0;755.0;1471.0;273.0;472.0;302.0;-143.0;1324.0;-663.0
205.0;402.0;782.0;1556.0;285.0;479.0;183.0;371.0;751.0;1467.0;271.0;471.0;301.0;-143.0;1324.0;-665.0
205.0;401.0;775.0;1550.0;284.0;480.0;186.0;376.0;753.0;1468.0;272.0;472.0;315.0;-144.0;1344.0;-667.0
208.0;408.0;784.0;1566.0;286.0;485.0;188.0;381.0;760.0;1476.0;272.0;472.0;310.0;-144.0;1325.0;-669.0
207.0;404.0;783.0;1560.0;286.0;485.0;190.0;382.0;763.0;1484.0;273.0;475.0;314.0;-145.0;1337.0;-667.0
209.0;408.0;791.0;1564.0;285.0;485.0;187.0;380.0;766.0;1491.0;274.0;475.0;310.0;-145.0;1338.0;-667.0
207.0;407.0;784.0;1567.0;285.0;483.0;185.0;376.0;754.0;1478.0;274.0;475.0;310.0;-145.0;1326.0;-666.0
210.0;411.0;793.0;1573.0;288.0;486.0;186.0;377.0;759.0;1473.0;273.0;477.0;311.0;-145.0;1341.0;-666.0
210.0;411.0;794.0;1580.0;288.0;488.0;188.0;381.0;763.0;1488.0;276.0;478.0;297.0;-147.0;1334.0;-663.0
210.0;412.0;791.0;1574.0;288.0;485.0;187.0;383.0;775.0;1507.0;276.0;479.0;299.0;-147.0;1331.0;-666.0
213.0;415.0;796.0;1578.0;289.0;487.0;192.0;387.0;770.0;1503.0;275.0;477.0;311.0;-147.0;1334.0;-667.0
211.0;413.0;790.0;1565.0;288.0;486.0;187.0;380.0;763.0;1484.0;273.0;475.0;297.0;-147.0;1330.0;-668.0
209.0;409.0;789.0;1566.0;286.0;487.0;191.0;386.0;771.0;1498.0;278.0;478.0;320.0;-147.0;1344.0;-667.0
210.0;412.0;789.0;1576.0;290.0;487.0;186.0;379.0;763.0;1484.0;275.0;477.0;308.0;-147.0;1330.0;-667.0
209.0;410.0;795.0;1572.0;289.0;489.0;191.0;387.0;771.0;1506.0;278.0;481.0;312.0;-147.0;1333.0;-667.0
213.0;415.0;799.0;1589.0;291.0;490.0;188.0;381.0;766.0;1489.0;277.0;479.0;308.0;-148.0;1335.0;-665.0
212.0;414.0;796.0;1587.0;290.0;491.0;189.0;383.0;772.0;1496.0;278.0;482.0;295.0;-150.0;1339.0;-665.0
212.0;415.0;798.0;1587.0;292.0;494.0;191.0;386.0;779.0;1519.0;281.0;484.0;315.0;-150.0;1335.0;-665.0
213.0;420.0;809.0;1606.0;294.0;494.0;192.0;389.0;782.0;1518.0;280.0;484.0;318.0;-148.0;1332.0;-665.0
215.0;421.0;810.0;1603.0;292.0;492.0;189.0;382.0;774.0;1500.0;277.0;478.0;302.0;-147.0;1334.0;-665.0
215.0;419.0;804.0;1589.0;290.0;490.0;192.0;385.0;772.0;1501.0;277.0;481.0;313.0;-147.0;1340.0;-665.0
215.0;418.0;805.0;1601.0;291.0;491.0;188.0;386.0;779.0;1505.0;277.0;482.0;297.0;-147.0;1329.0;-667.0
213.0;416.0;802.0;1588.0;291.0;491.0;193.0;390.0;777.0;1507.0;277.0;482.0;307.0;-146.0;1342.0;-668.0
215.0;419.0;803.0;1592.0;293.0;492.0;194.0;395.0;787.0;1511.0;279.0;482.0;317.0;-148.0;1340.0;-669.0
215.0;417.0;801.0;1593.0;291.0;493.0;190.0;387.0;774.0;1503.0;279.0;484.0;312.0;-148.0;1340.0;-670.0
217.0;423.0;810.0;1605.0;294.0;496.0;193.0;390.0;780.0;1511.0;278.0;484.0;314.0;-148.0;1339.0;-669.0
217.0;423.0;810.0;1601.0;294.0;495.0;194.0;397.0;795.0;1529.0;280.0;485.0;306.0;-146.0;1343.0;-669.0
219.0;426.0;813.0;1617.0;294.0;495.0;196.0;396.0;791.0;1520.0;280.0;484.0;320.0;-148.0;1347.0;-666.0
217.0;420.0;809.0;1596.0;293.0;495.0;196.0;397.0;788.0;1524.0;281.0;485.0;312.0;-148.0;1349.0;-666.0
218.0;423.0;811.0;1600.0;293.0;495.0;198.0;399.0;796.0;1526.0;281.0;485.0;315.0;-146.0;1345.0;-666.0
219.0;426.0;818.0;1618.0;295.0;497.0;193.0;389.0;778.0;1521.0;280.0;484.0;307.0;-148.0;1342.0;-671.0
216.0;421.0;808.0;1603.0;293.0;494.0;194.0;395.0;789.0;1518.0;279.0;482.0;296.0;-148.0;1346.0;-674.0
219.0;424.0;812.0;1607.0;292.0;492.0;198.0;400.0;792.0;1528.0;280.0;483.0;316.0;-148.0;1357.0;-676.0
220.0;425.0;816.0;1611.0;293.0;493.0;195.0;396.0;786.0;1520.0;280.0;482.0;318.0;-148.0;1346.0;-676.0
217.0;421.0;806.0;1608.0;292.0;494.0;196.0;393.0;787.0;1521.0;279.0;484.0;300.0;-150.0;1337.0;-676.0
219.0;427.0;816.0;1611.0;294.0;493.0;192.0;387.0;775.0;1507.0;277.0;481.0;299.0;-150.0;1337.0;-674.0
219.0;426.0;812.0;1605.0;294.0;493.0;197.0;396.0;790.0;1518.0;279.0;484.0;305.0;-150.0;1337.0;-674.0
217.0;422.0;811.0;1608.0;294.0;494.0;198.0;400.0;792.0;1526.0;280.0;480.0;314.0;-150.0;1338.0;-674.0
219.0;424.0;809.0;1606.0;292.0;494.0;197.0;395.0;788.0;1524.0;281.0;485.0;316.0;-150.0;1352.0;-674.0
221.0;429.0;819.0;1619.0;295.0;494.0;198.0;395.0;786.0;1525.0;281.0;483.0;309.0;-146.0;1345.0;-674.0
219.0;426.0;817.0;1613.0;295.0;495.0;199.0;402.0;790.0;1534.0;282.0;486.0;316.0;-146.0;1341.0;-674.0
222.0;430.0;820.0;1621.0;296.0;496.0;200.0;399.0;793.0;1533.0;281.0;486.0;312.0;-150.0;1347.0;-674.0
222.0;431.0;826.0;1628.0;297.0;498.0;198.0;399.0;794.0;1535.0;281.0;487.0;305.0;-150.0;1341.0;-675.0
220.0;428.0;819.0;1620.0;294.0;495.0;199.0;399.0;797.0;1533.0;283.0;485.0;313.0;-146.0;1339.0;-674.0
222.0;428.0;821.0;1618.0;295.0;497.0;201.0;402.0;797.0;1529.0;282.0;488.0;311.0;-145.0;1347.0;-672.0
223.0;433.0;823.0;1627.0;296.0;497.0;201.0;403.0;798.0;1549.0;285.0;490.0;313.0;-144.0;1345.0;-669.0
224.0;433.0;830.0;1636.0;296.0;497.0;202.0;404.0;803.0;1548.0;283.0;490.0;319.0;-144.0;1360.0;-669.0
226.0;437.0;831.0;1636.0;297.0;499.0;201.0;400.0;795.0;1542.0;284.0;488.0;316.0;-143.0;1337.0;-667.0
223.0;430.0;824.0;1628.0;297.0;499.0;202.0;404.0;802.0;1554.0;286.0;488.0;310.0;-143.0;1344.0;-668.0
222.0;434.0;821.0;1629.0;297.0;499.0;201.0;403.0;797.0;1546.0;285.0;488.0;326.0;-143.0;1357.0;-668.0
222.0;430.0;823.0;1626.0;296.0;499.0;200.0;403.0;799.0;1543.0;283.0;490.0;299.0;-151.0;1337.0;-668.0
224.0;432.0;827.0;1632.0;297.0;499.0;204.0;405.0;806.0;1559.0;283.0;489.0;303.0;-143.0;1349.0;-668.0
226.0;436.0;831.0;1640.0;298.0;500.0;200.0;401.0;801.0;1553.0;285.0;490.0;298.0;-147.0;1339.0;-671.0
227.0;438.0;833.0;1636.0;297.0;499.0;202.0;403.0;803.0;1542.0;282.0;488.0;310.0;-151.0;1342.0;-671.0
227.0;437.0;837.0;1640.0;298.0;498.0;201.0;404.0;803.0;1543.0;283.0;489.0;307.0;-147.0;1337.0;-676.0
226.0;437.0;833.0;1633.0;298.0;499.0;202.0;408.0;808.0;1550.0;283.0;488.0;307.0;-147.0;1340.0;-671.0
226.0;438.0;834.0;1640.0;297.0;499.0;202.0;404.0;799.0;1549.0;286.0;491.0;302.0;-147.0;1339.0;-676.0
226.0;437.0;835.0;1637.0;298.0;500.0;203.0;406.0;802.0;1545.0;284.0;488.0;310.0;-149.0;1346.0;-676.0
225.0;435.0;829.0;1636.0;296.0;498.0;202.0;401.0;796.0;1547.0;284.0;490.0;325.0;-148.0;1351.0;-674.0
224.0;437.0;831.0;1636.0;297.0;496.0;203.0;406.0;804.0;1541.0;285.0;486.0;318.0;-149.0;1353.0;-670.0
225.0;434.0;828.0;1633.0;297.0;499.0;204.0;409.0;807.0;1551.0;283.0;485.0;302.0;-152.0;1344.0;-674.0
226.0;435.0;830.0;1633.0;296.0;498.0;201.0;401.0;802.0;1552.0;284.0;490.0;303.0;-152.0;1346.0;-670.0
227.0;438.0;836.0;1641.0;298.0;500.0;206.0;412.0;812.0;1558.0;285.0;489.0;308.0;-156.0;1356.0;-674.0
226.0;438.0;833.0;1637.0;298.0;500.0;205.0;408.0;807.0;1556.0;284.0;490.0;310.0;-156.0;1337.0;-670.0
228.0;441.0;836.0;1636.0;297.0;498.0;206.0;411.0;816.0;1554.0;285.0;487.0;307.0;-156.0;1345.0;-673.0
228.0;440.0;835.0;1641.0;298.0;502.0;205.0;413.0;816.0;1559.0;286.0;491.0;307.0;-156.0;1349.0;-673.0
229.0;441.0;838.0;1645.0;299.0;502.0;203.0;410.0;809.0;1565.0;287.0;493.0;302.0;-153.0;1339.0;-676.0
230.0;442.0;843.0;1653.0;300.0;504.0;208.0;411.0;814.0;1571.0;288.0;494.0;305.0;-152.0;1350.0;-676.0
231.0;446.0;847.0;1660.0;300.0;506.0;207.0;413.0;811.0;1568.0;288.0;494.0;314.0;-149.0;1346.0;-676.0
231.0;445.0;845.0;1660.0;302.0;505.0;207.0;414.0;818.0;1574.0;287.0;496.0;322.0;-149.0;1346.0;-676.0
234.0;450.0;854.0;1666.0;302.0;506.0;211.0;421.0;829.0;1586.0;289.0;497.0;315.0;-149.0;1344.0;-676.0
232.0;450.0;850.0;1671.0;302.0;504.0;208.0;414.0;820.0;1576.0;289.0;498.0;304.0;-149.0;1344.0;-677.0
233.0;447.0;847.0;1666.0;302.0;506.0;212.0;422.0;832.0;1590.0;291.0;495.0;317.0;-149.0;1367.0;-677.0
234.0;447.0;852.0;1671.0;301.0;504.0;209.0;415.0;825.0;1586.0;289.0;495.0;323.0;-149.0;1360.0;-680.0
235.0;450.0;849.0;1668.0;303.0;505.0;208.0;415.0;820.0;1573.0;289.0;496.0;312.0;-151.0;1347.0;-677.0
236.0;453.0;856.0;1671.0;302.0;505.0;209.0;416.0;822.0;1577.0;288.0;494.0;318.0;-151.0;1358.0;-677.0
233.0;450.0;851.0;1673.0;302.0;505.0;209.0;419.0;823.0;1578.0;288.0;495.0;307.0;-149.0;1346.0;-677.0
236.0;452.0;853.0;1676.0;303.0;506.0;204.0;409.0;818.0;1563.0;287.0;494.0;306.0;-149.0;1346.0;-677.0
234.0;450.0;851.0;1671.0;302.0;505.0;210.0;417.0;818.0;1580.0;288.0;494.0;327.0;-151.0;1359.0;-676.0
235.0;449.0;855.0;1683.0;303.0;505.0;209.0;423.0;833.0;1588.0;290.0;496.0;309.0;-152.0;1355.0;-676.0
235.0;452.0;850.0;1677.0;302.0;504.0;210.0;419.0;827.0;1582.0;288.0;492.0;316.0;-152.0;1342.0;-676.0
234.0;449.0;849.0;1657.0;301.0;503.0;210.0;418.0;828.0;1587.0;288.0;493.0;312.0;-152.0;1344.0;-676.0
234.0;450.0;853.0;1668.0;302.0;506.0;215.0;424.0;829.0;1585.0;290.0;494.0;315.0;-152.0;1356.0;-676.0
236.0;456.0;860.0;1678.0;302.0;503.0;212.0;422.0;830.0;1584.0;290.0;497.0;298.0;-151.0;1340.0;-678.0
236.0;452.0;858.0;1676.0;303.0;507.0;212.0;423.0;832.0;1586.0;290.0;495.0;318.0;-151.0;1351.0;-678.0
238.0;455.0;861.0;1680.0;304.0;506.0;213.0;422.0;836.0;1593.0;288.0;494.0;307.0;-151.0;1353.0;-678.0
239.0;456.0;859.0;1687.0;304.0;507.0;211.0;422.0;830.0;1585.0;290.0;496.0;311.0;-151.0;1355.0;-678.0
238.0;456.0;861.0;1680.0;303.0;508.0;215.0;425.0;837.0;1601.0;291.0;495.0;314.0;-151.0;1352.0;-678.0
238.0;456.0;861.0;1679.0;302.0;506.0;214.0;425.0;836.0;1595.0;289.0;495.0;309.0;-151.0;1361.0;-680.0
237.0;455.0;859.0;1681.0;304.0;506.0;214.0;424.0;840.0;1602.0;292.0;497.0;314.0;-151.0;1345.0;-680.0
237.0;454.0;860.0;1678.0;304.0;509.0;214.0;426.0;831.0;1598.0;292.0;499.0;314.0;-149.0;1362.0;-681.0
239.0;460.0;865.0;1690.0;305.0;506.0;214.0;427.0;836.0;1604.0;292.0;497.0;316.0;-149.0;1359.0;-681.0
241.0;460.0;869.0;1693.0;305.0;508.0;213.0;424.0;838.0;1596.0;291.0;497.0;299.0;-151.0;1353.0;-681.0
240.0;458.0;867.0;1693.0;304.0;508.0;216.0;430.0;839.0;1601.0;290.0;500.0;318.0;-152.0;1360.0;-681.0
240.0;460.0;868.0;1697.0;306.0;511.0;215.0;425.0;844.0;1603.0;292.0;499.0;318.0;-152.0;1365.0;-679.0
240.0;460.0;867.0;1698.0;306.0;508.0;213.0;425.0;835.0;1601.0;291.0;500.0;311.0;-152.0;1367.0;-676.0
241.0;461.0;872.0;1695.0;307.0;510.0;217.0;430.0;844.0;1601.0;292.0;501.0;315.0;-152.0;1348.0;-679.0
241.0;461.0;872.0;1697.0;306.0;509.0;219.0;433.0;845.0;1604.0;292.0;499.0;318.0;-150.0;1353.0;-676.0
241.0;461.0;869.0;1699.0;304.0;509.0;213.0;425.0;840.0;1608.0;294.0;502.0;305.0;-149.0;1350.0;-676.0
241.0;459.0;866.0;1700.0;306.0;510.0;216.0;429.0;843.0;1607.0;291.0;500.0;311.0;-150.0;1357.0;-676.0
239.0;459.0;867.0;1691.0;306.0;509.0;216.0;430.0;846.0;1611.0;294.0;502.0;312.0;-152.0;1363.0;-678.0
241.0;462.0;874.0;1697.0;306.0;511.0;216.0;427.0;837.0;1607.0;293.0;500.0;316.0;-150.0;1362.0;-678.0
243.0;464.0;872.0;1696.0;306.0;510.0;215.0;429.0;844.0;1609.0;293.0;499.0;310.0;-149.0;1359.0;-681.0
244.0;464.0;874.0;1705.0;306.0;509.0;218.0;431.0;841.0;1607.0;292.0;499.0;297.0;-153.0;1360.0;-681.0
243.0;464.0;876.0;1700.0;307.0;511.0;220.0;433.0;850.0;1623.0;295.0;503.0;332.0;-148.0;1363.0;-681.0
244.0;464.0;876.0;1702.0;307.0;512.0;219.0;432.0;848.0;1612.0;294.0;501.0;313.0;-146.0;1366.0;-682.0
243.0;464.0;877.0;1707.0;306.0;513.0;222.0;436.0;850.0;1622.0;293.0;503.0;308.0;-148.0;1358.0;-682.0
245.0;468.0;879.0;1705.0;308.0;511.0;222.0;437.0;856.0;1622.0;294.0;501.0;314.0;-154.0;1361.0;-682.0
245.0;466.0;877.0;1710.0;307.0;514.0;220.0;434.0;854.0;1629.0;296.0;503.0;305.0;-153.0;1352.0;-680.0
245.0;470.0;881.0;1710.0;309.0;514.0;220.0;433.0;854.0;1622.0;294.0;504.0;310.0;-153.0;1357.0;-680.0
245.0;468.0;879.0;1710.0;308.0;516.0;221.0;435.0;855.0;1620.0;296.0;505.0;303.0;-154.0;1347.0;-679.0
248.0;471.0;887.0;1720.0;310.0;514.0;222.0;437.0;858.0;1628.0;295.0;505.0;310.0;-153.0;1370.0;-680.0
245.0;468.0;879.0;1712.0;309.0;514.0;220.0;435.0;857.0;1630.0;297.0;503.0;313.0;-147.0;1351.0;-680.0
250.0;472.0;885.0;1717.0;310.0;514.0;221.0;435.0;855.0;1628.0;295.0;503.0;315.0;-145.0;1360.0;-678.0
247.0;471.0;887.0;1724.0;309.0;515.0;219.0;437.0;852.0;1634.0;295.0;504.0;311.0;-147.0;1363.0;-680.0
246.0;468.0;879.0;1720.0;309.0;515.0;223.0;439.0;858.0;1628.0;297.0;505.0;310.0;-147.0;1364.0;-680.0
250.0;472.0;892.0;1728.0;310.0;518.0;218.0;432.0;849.0;1622.0;294.0;505.0;314.0;-147.0;1356.0;-680.0
250.0;474.0;888.0;1728.0;312.0;515.0;224.0;441.0;862.0;1638.0;296.0;503.0;316.0;-150.0;1357.0;-680.0
246.0;469.0;881.0;1724.0;310.0;514.0;226.0;444.0;863.0;1635.0;295.0;503.0;298.0;-152.0;1352.0;-681.0
249.0;474.0;891.0;1724.0;310.0;516.0;223.0;439.0;860.0;1637.0;296.0;506.0;305.0;-152.0;1362.0;-681.0
250.0;474.0;892.0;1717.0;310.0;517.0;226.0;444.0;863.0;1643.0;297.0;506.0;319.0;-150.0;1365.0;-683.0
249.0;475.0;889.0;1726.0;312.0;517.0;226.0;442.0;862.0;1634.0;297.0;507.0;315.0;-150.0;1366.0;-681.0
252.0;475.0;894.0;1737.0;312.0;519.0;225.0;443.0;865.0;1641.0;299.0;507.0;313.0;-148.0;1352.0;-681.0
251.0;477.0;891.0;1733.0;312.0;518.0;227.0;443.0;871.0;1650.0;299.0;509.0;315.0;-148.0;1376.0;-683.0
253.0;481.0;899.0;1741.0;312.0;518.0;226.0;447.0;870.0;1648.0;297.0;506.0;312.0;-148.0;1357.0;-683.0
251.0;478.0;895.0;1729.0;311.0;516.0;222.0;442.0;865.0;1637.0;299.0;508.0;303.0;-150.0;1360.0;-683.0
252.0;477.0;892.0;1732.0;312.0;518.0;228.0;447.0;868.0;1650.0;299.0;508.0;309.0;-159.0;1354.0;-683.0
252.0;478.0;895.0;1734.0;312.0;517.0;229.0;450.0;872.0;1650.0;299.0;510.0;319.0;-159.0;1363.0;-681.0
253.0;479.0;896.0;1742.0;312.0;518.0;225.0;439.0;860.0;1623.0;297.0;506.0;324.0;-152.0;1370.0;-681.0
253.0;480.0;896.0;1738.0;311.0;517.0;227.0;443.0;862.0;1641.0;297.0;507.0;326.0;-152.0;1372.0;-682.0
253.0;478.0;898.0;1736.0;310.0;516.0;228.0;447.0;866.0;1642.0;298.0;506.0;314.0;-152.0;1361.0;-682.0
254.0;478.0;899.0;1741.0;312.0;517.0;223.0;443.0;862.0;1643.0;298.0;508.0;299.0;-150.0;1359.0;-682.0
254.0;482.0;900.0;1749.0;313.0;519.0;229.0;451.0;879.0;1657.0;299.0;508.0;313.0;-150.0;1368.0;-683.0
254.0;482.0;898.0;1739.0;312.0;517.0;227.0;444.0;870.0;1646.0;298.0;509.0;317.0;-156.0;1374.0;-683.0
255.0;483.0;905.0;1742.0;312.0;518.0;229.0;450.0;872.0;1654.0;299.0;508.0;314.0;-156.0;1368.0;-683.0
255.0;483.0;905.0;1747.0;313.0;521.0;232.0;456.0;883.0;1669.0;301.0;511.0;319.0;-156.0;1373.0;-683.0
256.0;485.0;909.0;1752.0;315.0;521.0;230.0;447.0;874.0;1656.0;300.0;511.0;318.0;-156.0;1367.0;-683.0
257.0;485.0;906.0;1748.0;315.0;523.0;231.0;449.0;876.0;1660.0;300.0;514.0;326.0;-155.0;1365.0;-683.0
258.0;486.0;904.0;1750.0;313.0;519.0;230.0;452.0;878.0;1655.0;298.0;508.0;324.0;-155.0;1369.0;-688.0
253.0;479.0;897.0;1744.0;313.0;517.0;224.0;439.0;858.0;1634.0;297.0;509.0;305.0;-156.0;1365.0;-688.0
254.0;482.0;897.0;1748.0;313.0;517.0;229.0;446.0;876.0;1660.0;299.0;509.0;309.0;-155.0;1374.0;-688.0
256.0;483.0;905.0;1749.0;313.0;518.0;230.0;452.0;880.0;1661.0;299.0;510.0;317.0;-154.0;1371.0;-688.0
254.0;481.0;901.0;1746.0;312.0;519.0;230.0;450.0;874.0;1655.0;298.0;510.0;311.0;-154.0;1370.0;-687.0
254.0;481.0;899.0;1746.0;313.0;520.0;227.0;447.0;872.0;1644.0;298.0;509.0;306.0;-147.0;1364.0;-687.0
255.0;484.0;903.0;1745.0;313.0;522.0;231.0;450.0;882.0;1660.0;300.0;510.0;322.0;-147.0;1368.0;-686.0
255.0;483.0;903.0;1750.0;314.0;520.0;229.0;449.0;876.0;1653.0;299.0;508.0;308.0;-151.0;1362.0;-686.0
256.0;484.0;909.0;1750.0;314.0;521.0;231.0;452.0;876.0;1660.0;301.0;511.0;314.0;-151.0;1365.0;-686.0
257.0;485.0;909.0;1756.0;314.0;521.0;225.0;444.0;867.0;1659.0;300.0;511.0;312.0;-151.0;1369.0;-686.0
256.0;485.0;905.0;1753.0;314.0;521.0;229.0;452.0;887.0;1660.0;300.0;512.0;311.0;-152.0;1372.0;-683.0
255.0;485.0;905.0;1754.0;314.0;523.0;231.0;453.0;890.0;1668.0;302.0;514.0;311.0;-151.0;1360.0;-683.0
256.0;487.0;906.0;1753.0;314.0;521.0;233.0;454.0;884.0;1667.0;301.0;512.0;324.0;-150.0;1373.0;-682.0
255.0;482.0;901.0;1756.0;313.0;523.0;234.0;461.0;889.0;1682.0;303.0;515.0;316.0;-150.0;1370.0;-683.0
257.0;486.0;909.0;1758.0;317.0;522.0;231.0;455.0;881.0;1662.0;302.0;511.0;308.0;-152.0;1360.0;-682.0
260.0;491.0;915.0;1760.0;316.0;524.0;234.0;461.0;888.0;1677.0;303.0;518.0;314.0;-155.0;1363.0;-687.0
261.0;493.0;921.0;1769.0;316.0;526.0;235.0;463.0;893.0;1684.0;304.0;517.0;320.0;-155.0;1373.0;-687.0
264.0;496.0;920.0;1779.0;319.0;527.0;236.0;459.0;887.0;1676.0;303.0;517.0;323.0;-155.0;1376.0;-687.0
261.0;494.0;923.0;1785.0;319.0;528.0;235.0;463.0;898.0;1698.0;306.0;517.0;323.0;-153.0;1379.0;-687.0
260.0;493.0;924.0;1780.0;319.0;526.0;236.0;462.0;897.0;1691.0;305.0;519.0;313.0;-151.0;1374.0;-687.0
262.0;494.0;922.0;1782.0;320.0;528.0;237.0;462.0;895.0;1688.0;304.0;518.0;313.0;-151.0;1371.0;-687.0
263.0;498.0;929.0;1787.0;318.0;528.0;238.0;465.0;899.0;1692.0;306.0;517.0;316.0;-151.0;1375.0;-687.0
263.0;497.0;923.0;1787.0;317.0;526.0;236.0;461.0;897.0;1691.0;305.0;518.0;314.0;-151.0;1372.0;-687.0
263.0;499.0;929.0;1781.0;319.0;528.0;235.0;462.0;900.0;1686.0;305.0;516.0;308.0;-153.0;1367.0;-687.0
263.0;496.0;925.0;1779.0;318.0;526.0;236.0;459.0;893.0;1688.0;303.0;517.0;324.0;-153.0;1376.0;-686.0
264.0;495.0;923.0;1782.0;318.0;527.0;230.0;452.0;883.0;1678.0;302.0;515.0;311.0;-152.0;1361.0;-686.0
262.0;493.0;920.0;1777.0;317.0;526.0;235.0;457.0;884.0;1675.0;303.0;515.0;327.0;-152.0;1379.0;-686.0
262.0;494.0;917.0;1769.0;317.0;525.0;236.0;462.0;895.0;1690.0;304.0;516.0;316.0;-151.0;1366.0;-687.0
264.0;495.0;923.0;1777.0;318.0;528.0;234.0;459.0;890.0;1687.0;305.0;517.0;308.0;-151.0;1368.0;-687.0
265.0;498.0;928.0;1783.0;318.0;528.0;235.0;458.0;887.0;1685.0;304.0;516.0;304.0;-150.0;1365.0;-687.0
265.0;498.0;925.0;1781.0;318.0;528.0;237.0;460.0;894.0;1696.0;307.0;522.0;305.0;-150.0;1366.0;-689.0
267.0;501.0;929.0;1796.0;319.0;528.0;239.0;467.0;902.0;1691.0;305.0;519.0;316.0;-151.0;1375.0;-687.0
266.0;498.0;930.0;1786.0;319.0;528.0;238.0;462.0;898.0;1689.0;305.0;518.0;320.0;-149.0;1378.0;-687.0
265.0;499.0;929.0;1785.0;318.0;528.0;237.0;465.0;905.0;1708.0;306.0;518.0;308.0;-153.0;1362.0;-688.0
266.0;503.0;937.0;1795.0;319.0;530.0;240.0;467.0;907.0;1698.0;305.0;520.0;320.0;-153.0;1374.0;-691.0
267.0;502.0;926.0;1788.0;319.0;531.0;239.0;465.0;902.0;1694.0;305.0;519.0;312.0;-153.0;1368.0;-689.0
267.0;501.0;932.0;1796.0;320.0;530.0;238.0;463.0;898.0;1694.0;307.0;523.0;325.0;-151.0;1380.0;-691.0
269.0;506.0;942.0;1803.0;320.0;530.0;239.0;465.0;902.0;1698.0;307.0;518.0;332.0;-153.0;1385.0;-690.0
265.0;500.0;929.0;1795.0;319.0;530.0;236.0;463.0;899.0;1698.0;306.0;518.0;306.0;-153.0;1369.0;-690.0
269.0;503.0;935.0;1799.0;320.0;530.0;243.0;473.0;914.0;1717.0;308.0;520.0;311.0;-155.0;1365.0;-690.0
270.0;507.0;939.0;1798.0;321.0;531.0;241.0;467.0;906.0;1710.0;307.0;521.0;314.0;-155.0;1366.0;-690.0
269.0;508.0;944.0;1814.0;322.0;535.0;241.0;467.0;905.0;1711.0;308.0;524.0;307.0;-155.0;1365.0;-690.0
271.0;509.0;944.0;1804.0;322.0;532.0;239.0;467.0;904.0;1701.0;306.0;521.0;314.0;-155.0;1373.0;-690.0
270.0;507.0;940.0;1813.0;323.0;531.0;241.0;469.0;905.0;1707.0;309.0;522.0;332.0;-155.0;1388.0;-694.0
270.0;507.0;939.0;1802.0;321.0;534.0;243.0;475.0;912.0;1723.0;309.0;523.0;323.0;-155.0;1373.0;-690.0
271.0;507.0;941.0;1801.0;321.0;532.0;246.0;479.0;920.0;1733.0;309.0;525.0;310.0;-155.0;1375.0;-693.0
273.0;511.0;944.0;1805.0;321.0;533.0;242.0;468.0;906.0;1707.0;309.0;522.0;308.0;-154.0;1384.0;-690.0
273.0;510.0;941.0;1809.0;323.0;534.0;246.0;476.0;916.0;1718.0;308.0;524.0;314.0;-156.0;1375.0;-690.0
273.0;510.0;945.0;1814.0;323.0;534.0;244.0;471.0;910.0;1716.0;309.0;524.0;313.0;-154.0;1375.0;-690.0
274.0;513.0;951.0;1817.0;323.0;533.0;248.0;477.0;922.0;1722.0;308.0;525.0;311.0;-154.0;1374.0;-692.0
271.0;510.0;951.0;1813.0;322.0;534.0;243.0;473.0;912.0;1717.0;309.0;522.0;312.0;-152.0;1371.0;-687.0
273.0;512.0;947.0;1820.0;324.0;534.0;249.0;484.0;931.0;1736.0;311.0;524.0;323.0;-154.0;1394.0;-692.0
273.0;512.0;950.0;1815.0;323.0;534.0;248.0;483.0;930.0;1736.0;309.0;525.0;313.0;-149.0;1381.0;-692.0
276.0;517.0;954.0;1824.0;324.0;534.0;245.0;474.0;916.0;1724.0;311.0;524.0;316.0;-150.0;1385.0;-691.0
276.0;517.0;954.0;1829.0;324.0;533.0;248.0;482.0;926.0;1733.0;310.0;524.0;318.0;-148.0;1375.0;-691.0
275.0;515.0;951.0;1818.0;324.0;535.0;247.0;477.0;919.0;1723.0;309.0;524.0;323.0;-150.0;1370.0;-692.0
276.0;515.0;954.0;1816.0;325.0;534.0;245.0;477.0;924.0;1731.0;310.0;529.0;315.0;-150.0;1375.0;-691.0
276.0;517.0;956.0;1831.0;325.0;534.0;248.0;481.0;924.0;1728.0;310.0;525.0;320.0;-151.0;1375.0;-692.0
276.0;514.0;948.0;1817.0;323.0;532.0;247.0;478.0;921.0;1736.0;310.0;528.0;317.0;-153.0;1382.0;-693.0
277.0;517.0;957.0;1829.0;325.0;535.0;250.0;484.0;925.0;1735.0;311.0;522.0;312.0;-153.0;1382.0;-692.0
277.0;516.0;952.0;1821.0;324.0;532.0;249.0;480.0;930.0;1732.0;310.0;524.0;322.0;-153.0;1375.0;-694.0
279.0;519.0;958.0;1829.0;324.0;536.0;250.0;485.0;933.0;1736.0;312.0;525.0;319.0;-152.0;1381.0;-694.0
279.0;520.0;957.0;1835.0;325.0;536.0;250.0;481.0;925.0;1740.0;311.0;527.0;310.0;-152.0;1376.0;-692.0
280.0;520.0;961.0;1839.0;326.0;535.0;254.0;487.0;936.0;1743.0;313.0;526.0;325.0;-152.0;1383.0;-692.0
280.0;520.0;959.0;1832.0;325.0;533.0;251.0;484.0;932.0;1746.0;311.0;522.0;329.0;-152.0;1389.0;-689.0
279.0;521.0;959.0;1833.0;324.0;535.0;249.0;479.0;920.0;1729.0;308.0;524.0;330.0;-152.0;1389.0;-689.0
281.0;522.0;958.0;1819.0;324.0;535.0;250.0;483.0;929.0;1731.0;311.0;523.0;324.0;-151.0;1390.0;-689.0
279.0;519.0;957.0;1834.0;325.0;534.0;250.0;485.0;931.0;1733.0;310.0;525.0;315.0;-151.0;1377.0;-691.0
279.0;520.0;954.0;1826.0;325.0;536.0;254.0;490.0;941.0;1749.0;311.0;526.0;314.0;-151.0;1373.0;-691.0
280.0;523.0;960.0;1836.0;326.0;536.0;250.0;484.0;932.0;1745.0;312.0;525.0;316.0;-151.0;1374.0;-691.0
278.0;519.0;953.0;1820.0;323.0;534.0;254.0;489.0;932.0;1745.0;311.0;526.0;323.0;-151.0;1377.0;-691.0
278.0;517.0;952.0;1831.0;324.0;534.0;253.0;489.0;935.0;1736.0;311.0;525.0;321.0;-151.0;1386.0;-692.0
279.0;519.0;957.0;1834.0;324.0;532.0;247.0;476.0;922.0;1729.0;310.0;525.0;317.0;-153.0;1384.0;-692.0
280.0;523.0;962.0;1831.0;325.0;533.0;248.0;481.0;929.0;1730.0;310.0;524.0;312.0;-153.0;1375.0;-690.0
278.0;517.0;957.0;1829.0;324.0;534.0;249.0;481.0;927.0;1727.0;310.0;522.0;320.0;-151.0;1382.0;-692.0
279.0;518.0;955.0;1825.0;324.0;537.0;252.0;485.0;929.0;1736.0;311.0;526.0;313.0;-157.0;1395.0;-692.0
279.0;518.0;959.0;1829.0;324.0;535.0;250.0;487.0;935.0;1744.0;311.0;525.0;317.0;-157.0;1387.0;-691.0
282.0;523.0;961.0;1839.0;325.0;537.0;252.0;483.0;929.0;1739.0;312.0;526.0;318.0;-156.0;1378.0;-692.0
282.0;526.0;966.0;1840.0;326.0;536.0;255.0;492.0;942.0;1747.0;313.0;527.0;318.0;-158.0;1377.0;-692.0
281.0;525.0;966.0;1846.0;327.0;536.0;251.0;486.0;930.0;1746.0;312.0;526.0;332.0;-158.0;1392.0;-692.0
282.0;524.0;965.0;1842.0;327.0;538.0;254.0;489.0;934.0;1738.0;312.0;528.0;327.0;-157.0;1393.0;-691.0
281.0;524.0;963.0;1837.0;326.0;536.0;256.0;492.0;938.0;1751.0;312.0;529.0;323.0;-157.0;1390.0;-692.0
281.0;522.0;963.0;1833.0;324.0;537.0;252.0;488.0;937.0;1758.0;314.0;529.0;325.0;-158.0;1393.0;-693.0
284.0;530.0;967.0;1846.0;327.0;539.0;254.0;490.0;934.0;1747.0;313.0;528.0;324.0;-157.0;1390.0;-689.0
284.0;527.0;969.0;1848.0;326.0;537.0;255.0;491.0;938.0;1752.0;313.0;526.0;317.0;-154.0;1378.0;-689.0
285.0;530.0;973.0;1851.0;328.0;537.0;252.0;485.0;930.0;1744.0;313.0;528.0;318.0;-158.0;1374.0;-690.0
283.0;527.0;971.0;1853.0;327.0;536.0;252.0;485.0;933.0;1751.0;313.0;528.0;310.0;-154.0;1384.0;-690.0
283.0;529.0;968.0;1843.0;327.0;538.0;259.0;498.0;950.0;1768.0;314.0;530.0;320.0;-151.0;1395.0;-690.0
284.0;529.0;973.0;1851.0;329.0;539.0;255.0;489.0;940.0;1750.0;314.0;525.0;320.0;-151.0;1392.0;-692.0
284.0;528.0;969.0;1855.0;326.0;537.0;255.0;491.0;943.0;1757.0;314.0;529.0;319.0;-151.0;1383.0;-694.0
285.0;530.0;974.0;1855.0;329.0;539.0;258.0;493.0;948.0;1768.0;314.0;529.0;313.0;-151.0;1383.0;-694.0
287.0;532.0;979.0;1859.0;328.0;538.0;259.0;496.0;948.0;1761.0;314.0;531.0;321.0;-154.0;1378.0;-693.0
287.0;532.0;971.0;1847.0;328.0;538.0;256.0;492.0;945.0;1758.0;315.0;530.0;309.0;-155.0;1385.0;-693.0
284.0;529.0;973.0;1848.0;328.0;538.0;259.0;496.0;947.0;1760.0;313.0;530.0;323.0;-156.0;1394.0;-694.0
289.0;533.0;981.0;1863.0;328.0;539.0;259.0;499.0;949.0;1767.0;314.0;529.0;328.0;-156.0;1389.0;-696.0
286.0;530.0;976.0;1853.0;328.0;540.0;258.0;497.0;950.0;1771.0;316.0;533.0;328.0;-158.0;1398.0;-696.0
287.0;531.0;981.0;1871.0;330.0;542.0;254.0;489.0;941.0;1751.0;314.0;532.0;330.0;-158.0;1385.0;-696.0
288.0;533.0;979.0;1865.0;329.0;540.0;257.0;495.0;941.0;1759.0;315.0;529.0;331.0;-151.0;1395.0;-696.0
286.0;531.0;977.0;1855.0;328.0;539.0;259.0;499.0;956.0;1764.0;314.0;530.0;320.0;-151.0;1382.0;-693.0
288.0;534.0;981.0;1866.0;329.0;540.0;256.0;491.0;939.0;1748.0;314.0;530.0;329.0;-151.0;1387.0;-693.0
287.0;532.0;974.0;1854.0;328.0;541.0;258.0;497.0;949.0;1774.0;316.0;533.0;320.0;-151.0;1396.0;-693.0
288.0;535.0;974.0;1860.0;330.0;540.0;260.0;493.0;945.0;1769.0;316.0;531.0;328.0;-155.0;1391.0;-693.0
289.0;535.0;980.0;1868.0;330.0;540.0;258.0;497.0;947.0;1769.0;316.0;530.0;322.0;-155.0;1395.0;-694.0
288.0;532.0;974.0;1855.0;328.0;541.0;259.0;498.0;950.0;1767.0;315.0;529.0;310.0;-151.0;1383.0;-696.0
288.0;531.0;974.0;1852.0;328.0;540.0;260.0;498.0;949.0;1770.0;315.0;530.0;315.0;-153.0;1390.0;-696.0
287.0;532.0;976.0;1864.0;328.0;539.0;261.0;499.0;953.0;1763.0;317.0;531.0;334.0;-153.0;1398.0;-696.0
289.0;535.0;980.0;1865.0;329.0;540.0;261.0;500.0;948.0;1773.0;316.0;530.0;327.0;-153.0;1389.0;-696.0
290.0;537.0;980.0;1863.0;329.0;539.0;260.0;499.0;954.0;1770.0;315.0;530.0;327.0;-153.0;1394.0;-690.0
290.0;537.0;982.0;1871.0;330.0;541.0;259.0;498.0;950.0;1783.0;316.0;530.0;333.0;-154.0;1397.0;-690.0
293.0;540.0;989.0;1872.0;332.0;542.0;260.0;500.0;954.0;1776.0;315.0;532.0;325.0;-154.0;1394.0;-690.0
291.0;537.0;985.0;1867.0;331.0;540.0;261.0;499.0;947.0;1765.0;315.0;530.0;327.0;-155.0;1397.0;-691.0
291.0;538.0;983.0;1862.0;330.0;539.0;259.0;497.0;950.0;1769.0;316.0;532.0;315.0;-155.0;1406.0;-694.0
292.0;539.0;986.0;1876.0;331.0;541.0;264.0;502.0;955.0;1775.0;317.0;531.0;322.0;-155.0;1400.0;-694.0
293.0;541.0;990.0;1869.0;330.0;543.0;264.0;506.0;962.0;1772.0;315.0;531.0;324.0;-154.0;1387.0;-694.0
291.0;539.0;981.0;1866.0;330.0;542.0;263.0;503.0;957.0;1775.0;316.0;531.0;334.0;-154.0;1408.0;-696.0
292.0;541.0;991.0;1869.0;330.0;541.0;260.0;501.0;951.0;1766.0;316.0;533.0;313.0;-154.0;1386.0;-699.0
293.0;538.0;987.0;1874.0;330.0;541.0;263.0;504.0;953.0;1771.0;317.0;532.0;326.0;-153.0;1394.0;-696.0
295.0;543.0;989.0;1883.0;330.0;542.0;262.0;502.0;962.0;1784.0;318.0;532.0;317.0;-153.0;1385.0;-696.0
292.0;540.0;988.0;1883.0;331.0;543.0;263.0;502.0;963.0;1780.0;319.0;534.0;329.0;-153.0;1419.0;-695.0
296.0;544.0;990.0;1880.0;330.0;544.0;268.0;511.0;966.0;1786.0;319.0;534.0;332.0;-153.0;1409.0;-695.0
295.0;544.0;993.0;1883.0;331.0;543.0;266.0;509.0;971.0;1796.0;318.0;534.0;327.0;-153.0;1398.0;-695.0
294.0;544.0;995.0;1885.0;333.0;543.0;269.0;511.0;969.0;1792.0;317.0;535.0;318.0;-153.0;1394.0;-696.0
296.0;543.0;995.0;1889.0;333.0;547.0;268.0;509.0;968.0;1796.0;320.0;537.0;324.0;-153.0;1408.0;-696.0
300.0;549.0;1000.0;1894.0;332.0;546.0;265.0;509.0;969.0;1798.0;320.0;535.0;321.0;-153.0;1392.0;-696.0
297.0;547.0;995.0;1883.0;334.0;545.0;269.0;509.0;967.0;1791.0;319.0;540.0;334.0;-151.0;1411.0;-694.0
299.0;549.0;1005.0;1897.0;335.0;550.0;267.0;511.0;973.0;1809.0;321.0;538.0;331.0;-151.0;1395.0;-694.0
299.0;551.0;1004.0;1898.0;335.0;548.0;267.0;509.0;966.0;1805.0;321.0;538.0;325.0;-155.0;1402.0;-694.0
299.0;550.0;1006.0;1901.0;334.0;549.0;270.0;518.0;978.0;1811.0;320.0;536.0;317.0;-156.0;1399.0;-694.0
301.0;554.0;1007.0;1908.0;335.0;549.0;274.0;521.0;985.0;1814.0;322.0;538.0;321.0;-155.0;1395.0;-694.0
303.0;556.0;1017.0;1908.0;336.0;548.0;270.0;514.0;977.0;1812.0;321.0;540.0;319.0;-157.0;1392.0;-693.0
301.0;554.0;1010.0;1905.0;334.0;548.0;268.0;510.0;967.0;1808.0;319.0;539.0;317.0;-157.0;1401.0;-693.0
300.0;552.0;1008.0;1902.0;335.0;548.0;274.0;521.0;981.0;1808.0;321.0;541.0;327.0;-159.0;1399.0;-695.0
300.0;552.0;1009.0;1910.0;335.0;546.0;271.0;515.0;976.0;1802.0;321.0;539.0;320.0;-159.0;1384.0;-695.0
301.0;554.0;1011.0;1902.0;335.0;547.0;274.0;521.0;982.0;1813.0;321.0;537.0;321.0;-159.0;1394.0;-695.0
301.0;552.0;1007.0;1908.0;335.0;547.0;272.0;515.0;979.0;1806.0;321.0;538.0;323.0;-156.0;1401.0;-695.0
302.0;555.0;1009.0;1909.0;335.0;548.0;271.0;516.0;980.0;1812.0;321.0;539.0;318.0;-159.0;1388.0;-697.0
302.0;556.0;1009.0;1903.0;335.0;548.0;275.0;519.0;982.0;1813.0;321.0;536.0;323.0;-154.0;1401.0;-697.0
302.0;556.0;1010.0;1906.0;335.0;551.0;269.0;510.0;969.0;1802.0;321.0;539.0;312.0;-149.0;1395.0;-695.0
303.0;556.0;1009.0;1906.0;335.0;549.0;273.0;519.0;991.0;1820.0;323.0;540.0;316.0;-149.0;1394.0;-695.0
305.0;560.0;1017.0;1918.0;337.0;550.0;273.0;517.0;986.0;1818.0;323.0;539.0;329.0;-151.0;1390.0;-694.0
304.0;557.0;1010.0;1915.0;336.0;550.0;273.0;519.0;983.0;1820.0;323.0;539.0;322.0;-149.0;1395.0;-694.0
305.0;559.0;1015.0;1916.0;337.0;548.0;274.0;519.0;983.0;1819.0;323.0;539.0;321.0;-148.0;1400.0;-693.0
305.0;558.0;1014.0;1906.0;335.0;549.0;271.0;517.0;981.0;1816.0;321.0;537.0;332.0;-151.0;1401.0;-694.0
304.0;559.0;1013.0;1908.0;336.0;548.0;274.0;519.0;982.0;1818.0;321.0;541.0;329.0;-151.0;1408.0;-699.0
307.0;562.0;1019.0;1928.0;338.0;552.0;274.0;521.0;990.0;1824.0;321.0;542.0;322.0;-153.0;1393.0;-699.0
307.0;563.0;1021.0;1930.0;338.0;551.0;275.0;520.0;991.0;1830.0;324.0;545.0;310.0;-155.0;1401.0;-698.0
308.0;562.0;1020.0;1934.0;337.0;552.0;281.0;530.0;1000.0;1835.0;325.0;543.0;324.0;-155.0;1400.0;-699.0
309.0;568.0;1028.0;1932.0;339.0;551.0;277.0;524.0;991.0;1831.0;325.0;541.0;316.0;-154.0;1398.0;-698.0
307.0;561.0;1021.0;1923.0;337.0;549.0;275.0;519.0;983.0;1831.0;322.0;539.0;328.0;-155.0;1397.0;-697.0
307.0;560.0;1014.0;1917.0;336.0;550.0;278.0;525.0;993.0;1834.0;323.0;543.0;322.0;-154.0;1404.0;-697.0
312.0;569.0;1027.0;1933.0;338.0;552.0;282.0;533.0;1004.0;1843.0;324.0;542.0;326.0;-153.0;1404.0;-697.0
309.0;566.0;1024.0;1929.0;336.0;550.0;282.0;533.0;996.0;1830.0;323.0;542.0;333.0;-153.0;1411.0;-696.0
310.0;568.0;1026.0;1928.0;338.0;552.0;284.0;534.0;1005.0;1841.0;323.0;540.0;332.0;-151.0;1410.0;-696.0
311.0;565.0;1023.0;1925.0;337.0;550.0;277.0;523.0;991.0;1820.0;323.0;541.0;334.0;-151.0;1406.0;-696.0
309.0;566.0;1022.0;1922.0;337.0;553.0;279.0;529.0;999.0;1839.0;324.0;543.0;332.0;-152.0;1407.0;-696.0
311.0;568.0;1028.0;1925.0;338.0;551.0;277.0;524.0;992.0;1826.0;325.0;542.0;320.0;-152.0;1399.0;-697.0
311.0;569.0;1028.0;1940.0;339.0;550.0;280.0;530.0;998.0;1833.0;325.0;541.0;316.0;-159.0;1391.0;-699.0
310.0;567.0;1024.0;1930.0;337.0;550.0;280.0;529.0;998.0;1833.0;324.0;543.0;328.0;-159.0;1405.0;-699.0
311.0;566.0;1026.0;1931.0;338.0;551.0;281.0;533.0;1000.0;1840.0;323.0;542.0;316.0;-154.0;1404.0;-699.0
311.0;566.0;1026.0;1929.0;338.0;553.0;281.0;533.0;1003.0;1837.0;325.0;543.0;321.0;-159.0;1403.0;-699.0
313.0;573.0;1036.0;1935.0;339.0;550.0;281.0;529.0;999.0;1836.0;323.0;541.0;326.0;-154.0;1405.0;-699.0
314.0;570.0;1028.0;1932.0;337.0;551.0;283.0;536.0;1005.0;1842.0;326.0;543.0;320.0;-152.0;1391.0;-699.0
314.0;571.0;1028.0;1939.0;339.0;553.0;285.0;535.0;1005.0;1849.0;327.0;544.0;331.0;-152.0;1404.0;-699.0
314.0;573.0;1033.0;1942.0;338.0;554.0;279.0;528.0;996.0;1842.0;326.0;543.0;325.0;-152.0;1400.0;-699.0
311.0;569.0;1031.0;1941.0;338.0;551.0;282.0;532.0;1006.0;1830.0;323.0;540.0;327.0;-152.0;1401.0;-699.0
312.0;569.0;1024.0;1923.0;336.0;548.0;281.0;531.0;998.0;1838.0;324.0;543.0;328.0;-152.0;1401.0;-699.0
314.0;570.0;1032.0;1935.0;339.0;553.0;278.0;528.0;996.0;1828.0;323.0;538.0;315.0;-153.0;1392.0;-697.0
315.0;574.0;1034.0;1943.0;339.0;550.0;281.0;534.0;1001.0;1841.0;325.0;543.0;317.0;-155.0;1394.0;-700.0
310.0;567.0;1026.0;1934.0;338.0;551.0;283.0;530.0;1001.0;1838.0;325.0;540.0;327.0;-153.0;1411.0;-697.0
315.0;572.0;1034.0;1937.0;340.0;552.0;282.0;534.0;1001.0;1845.0;324.0;543.0;324.0;-153.0;1408.0;-697.0
315.0;574.0;1037.0;1940.0;340.0;552.0;282.0;530.0;999.0;1841.0;324.0;541.0;325.0;-155.0;1401.0;-697.0
314.0;570.0;1034.0;1934.0;339.0;553.0;287.0;533.0;1004.0;1841.0;324.0;542.0;326.0;-157.0;1413.0;-697.0
313.0;572.0;1033.0;1941.0;338.0;550.0;284.0;533.0;1003.0;1835.0;322.0;538.0;314.0;-155.0;1405.0;-697.0
315.0;575.0;1036.0;1938.0;338.0;550.0;284.0;538.0;1006.0;1847.0;326.0;544.0;327.0;-155.0;1398.0;-695.0
314.0;573.0;1033.0;1942.0;339.0;552.0;283.0;531.0;1005.0;1844.0;326.0;544.0;317.0;-157.0;1400.0;-700.0
315.0;573.0;1033.0;1936.0;340.0;552.0;284.0;532.0;1001.0;1838.0;325.0;543.0;316.0;-155.0;1400.0;-697.0
317.0;575.0;1034.0;1936.0;340.0;552.0;283.0;533.0;1003.0;1845.0;324.0;539.0;315.0;-155.0;1405.0;-702.0
316.0;574.0;1034.0;1939.0;340.0;552.0;288.0;536.0;1008.0;1853.0;325.0;543.0;334.0;-153.0;1416.0;-697.0
317.0;577.0;1038.0;1938.0;339.0;553.0;284.0;535.0;1006.0;1846.0;325.0;545.0;326.0;-153.0;1419.0;-702.0
319.0;580.0;1043.0;1952.0;341.0;554.0;288.0;544.0;1015.0;1852.0;326.0;543.0;326.0;-153.0;1402.0;-702.0
319.0;577.0;1040.0;1951.0;340.0;554.0;287.0;540.0;1017.0;1863.0;327.0;544.0;319.0;-152.0;1408.0;-702.0
319.0;580.0;1040.0;1949.0;340.0;553.0;285.0;533.0;1000.0;1843.0;326.0;545.0;335.0;-153.0;1411.0;-702.0
319.0;579.0;1045.0;1955.0;340.0;552.0;291.0;547.0;1019.0;1870.0;326.0;544.0;332.0;-152.0;1411.0;-706.0
322.0;581.0;1045.0;1954.0;342.0;556.0;290.0;543.0;1020.0;1872.0;328.0;547.0;323.0;-156.0;1405.0;-706.0
319.0;580.0;1046.0;1959.0;341.0;555.0;287.0;542.0;1016.0;1856.0;327.0;549.0;319.0;-154.0;1403.0;-703.0
321.0;582.0;1047.0;1965.0;344.0;557.0;289.0;546.0;1027.0;1874.0;329.0;547.0;324.0;-156.0;1405.0;-703.0
322.0;584.0;1055.0;1971.0;343.0;557.0;287.0;542.0;1016.0;1862.0;329.0;546.0;327.0;-154.0;1412.0;-702.0
323.0;586.0;1048.0;1956.0;343.0;559.0;292.0;545.0;1018.0;1872.0;329.0;548.0;325.0;-154.0;1412.0;-702.0
323.0;585.0;1053.0;1968.0;343.0;557.0;297.0;555.0;1033.0;1887.0;329.0;548.0;328.0;-154.0;1420.0;-703.0
321.0;584.0;1055.0;1971.0;344.0;559.0;288.0;542.0;1017.0;1868.0;330.0;549.0;322.0;-156.0;1408.0;-702.0
323.0;586.0;1055.0;1972.0;344.0;558.0;290.0;545.0;1023.0;1875.0;331.0;548.0;321.0;-154.0;1410.0;-696.0
323.0;585.0;1051.0;1961.0;343.0;559.0;295.0;550.0;1028.0;1886.0;330.0;548.0;329.0;-156.0;1420.0;-699.0
326.0;589.0;1057.0;1974.0;345.0;560.0;289.0;543.0;1015.0;1862.0;329.0;547.0;323.0;-156.0;1416.0;-696.0
322.0;585.0;1052.0;1968.0;343.0;556.0;289.0;541.0;1016.0;1865.0;328.0;549.0;312.0;-155.0;1400.0;-696.0
324.0;586.0;1054.0;1972.0;345.0;559.0;291.0;544.0;1013.0;1871.0;329.0;550.0;325.0;-154.0;1412.0;-696.0
325.0;586.0;1054.0;1973.0;344.0;558.0;295.0;554.0;1039.0;1893.0;332.0;550.0;333.0;-150.0;1407.0;-699.0
324.0;590.0;1063.0;1978.0;344.0;559.0;287.0;542.0;1017.0;1874.0;330.0;548.0;323.0;-150.0;1402.0;-699.0
328.0;590.0;1061.0;1984.0;344.0;560.0;295.0;555.0;1036.0;1887.0;331.0;551.0;337.0;-150.0;1415.0;-699.0
324.0;588.0;1059.0;1974.0;345.0;561.0;294.0;550.0;1032.0;1883.0;332.0;549.0;320.0;-150.0;1400.0;-699.0
325.0;586.0;1056.0;1974.0;344.0;560.0;298.0;558.0;1037.0;1886.0;330.0;551.0;325.0;-151.0;1418.0;-700.0
327.0;590.0;1057.0;1979.0;345.0;562.0;296.0;552.0;1035.0;1888.0;332.0;553.0;323.0;-151.0;1404.0;-700.0
326.0;588.0;1055.0;1981.0;345.0;560.0;289.0;543.0;1018.0;1867.0;329.0;550.0;325.0;-151.0;1396.0;-700.0
328.0;589.0;1060.0;1986.0;345.0;561.0;295.0;552.0;1033.0;1885.0;329.0;550.0;323.0;-155.0;1403.0;-700.0
327.0;591.0;1054.0;1978.0;345.0;559.0;295.0;551.0;1032.0;1879.0;328.0;547.0;333.0;-155.0;1403.0;-700.0
327.0;590.0;1062.0;1982.0;344.0;558.0;295.0;550.0;1034.0;1883.0;330.0;548.0;318.0;-150.0;1416.0;-700.0
327.0;591.0;1059.0;1976.0;344.0;560.0;295.0;549.0;1025.0;1886.0;331.0;550.0;319.0;-150.0;1419.0;-700.0
327.0;588.0;1058.0;1978.0;343.0;558.0;300.0;562.0;1047.0;1893.0;331.0;551.0;322.0;-150.0;1410.0;-700.0
325.0;590.0;1057.0;1970.0;344.0;560.0;299.0;560.0;1039.0;1887.0;331.0;550.0;332.0;-150.0;1410.0;-700.0
328.0;590.0;1059.0;1985.0;344.0;557.0;292.0;547.0;1026.0;1879.0;330.0;549.0;316.0;-150.0;1404.0;-698.0
327.0;591.0;1065.0;1982.0;345.0;561.0;295.0;551.0;1033.0;1877.0;330.0;551.0;320.0;-154.0;1413.0;-697.0
329.0;593.0;1058.0;1979.0;344.0;560.0;292.0;547.0;1023.0;1880.0;330.0;548.0;319.0;-154.0;1412.0;-694.0
328.0;593.0;1063.0;1985.0;344.0;560.0;299.0;559.0;1038.0;1900.0;331.0;551.0;325.0;-154.0;1415.0;-694.0
331.0;597.0;1071.0;1986.0;345.0;560.0;300.0;562.0;1046.0;1898.0;332.0;549.0;328.0;-157.0;1411.0;-694.0
330.0;594.0;1061.0;1985.0;344.0;560.0;296.0;557.0;1036.0;1887.0;332.0;550.0;326.0;-155.0;1412.0;-694.0
330.0;598.0;1070.0;1991.0;345.0;561.0;296.0;553.0;1037.0;1894.0;330.0;551.0;329.0;-155.0;1420.0;-695.0
330.0;595.0;1071.0;1987.0;345.0;562.0;294.0;553.0;1040.0;1892.0;332.0;551.0;313.0;-155.0;1407.0;-697.0
331.0;597.0;1066.0;1982.0;345.0;563.0;300.0;559.0;1047.0;1895.0;332.0;553.0;330.0;-155.0;1404.0;-695.0
331.0;597.0;1068.0;1996.0;346.0;561.0;301.0;562.0;1039.0;1895.0;332.0;552.0;327.0;-155.0;1420.0;-703.0
331.0;597.0;1070.0;1989.0;347.0;560.0;299.0;557.0;1040.0;1894.0;332.0;553.0;333.0;-151.0;1419.0;-699.0
330.0;596.0;1067.0;1985.0;346.0;562.0;298.0;559.0;1041.0;1889.0;334.0;553.0;325.0;-151.0;1409.0;-699.0
335.0;603.0;1077.0;2005.0;348.0;563.0;305.0;568.0;1050.0;1914.0;333.0;555.0;330.0;-151.0;1416.0;-699.0
335.0;603.0;1074.0;2002.0;348.0;563.0;301.0;563.0;1044.0;1911.0;333.0;555.0;320.0;-151.0;1412.0;-699.0
335.0;603.0;1082.0;2008.0;348.0;563.0;300.0;563.0;1048.0;1899.0;333.0;553.0;321.0;-152.0;1411.0;-699.0
335.0;603.0;1077.0;1996.0;346.0;565.0;303.0;564.0;1052.0;1909.0;334.0;554.0;323.0;-152.0;1404.0;-699.0
333.0;599.0;1073.0;1999.0;348.0;565.0;300.0;558.0;1039.0;1900.0;333.0;554.0;331.0;-152.0;1413.0;-699.0
334.0;602.0;1077.0;2001.0;347.0;563.0;300.0;559.0;1046.0;1901.0;335.0;555.0;322.0;-155.0;1407.0;-698.0
334.0;603.0;1078.0;2006.0;348.0;565.0;301.0;560.0;1041.0;1905.0;333.0;551.0;330.0;-157.0;1410.0;-698.0
335.0;604.0;1077.0;1998.0;347.0;563.0;305.0;566.0;1055.0;1921.0;333.0;555.0;326.0;-156.0;1413.0;-697.0
335.0;604.0;1078.0;2007.0;348.0;564.0;304.0;567.0;1052.0;1925.0;335.0;555.0;319.0;-156.0;1410.0;-697.0
336.0;606.0;1076.0;2003.0;349.0;567.0;304.0;565.0;1059.0;1919.0;334.0;554.0;329.0;-156.0;1410.0;-696.0
335.0;605.0;1079.0;2010.0;349.0;566.0;306.0;568.0;1053.0;1916.0;333.0;556.0;330.0;-156.0;1418.0;-696.0
336.0;605.0;1083.0;2005.0;349.0;565.0;310.0;575.0;1067.0;1930.0;336.0;556.0;325.0;-154.0;1418.0;-696.0
340.0;611.0;1091.0;2030.0;351.0;567.0;307.0;573.0;1063.0;1923.0;335.0;556.0;325.0;-150.0;1409.0;-696.0
336.0;605.0;1078.0;2010.0;349.0;566.0;305.0;566.0;1054.0;1907.0;335.0;557.0;320.0;-150.0;1409.0;-696.0
338.0;609.0;1086.0;2009.0;348.0;565.0;307.0;568.0;1060.0;1904.0;334.0;557.0;338.0;-150.0;1422.0;-700.0
339.0;608.0;1086.0;2019.0;349.0;567.0;306.0;564.0;1051.0;1917.0;335.0;554.0;329.0;-150.0;1422.0;-700.0
337.0;607.0;1083.0;2011.0;348.0;563.0;304.0;567.0;1051.0;1916.0;333.0;555.0;330.0;-150.0;1426.0;-698.0
337.0;607.0;1082.0;2008.0;348.0;564.0;305.0;569.0;1063.0;1918.0;335.0;554.0;323.0;-151.0;1413.0;-695.0
340.0;607.0;1082.0;2005.0;348.0;563.0;308.0;572.0;1060.0;1921.0;335.0;555.0;317.0;-156.0;1417.0;-696.0
341.0;611.0;1084.0;2010.0;348.0;562.0;304.0;565.0;1048.0;1899.0;332.0;553.0;323.0;-156.0;1408.0;-696.0
337.0;603.0;1076.0;1994.0;346.0;562.0;307.0;566.0;1052.0;1914.0;335.0;555.0;323.0;-156.0;1411.0;-696.0
340.0;610.0;1083.0;2012.0;348.0;564.0;308.0;569.0;1057.0;1918.0;334.0;554.0;326.0;-154.0;1422.0;-694.0
340.0;611.0;1088.0;2005.0;348.0;562.0;303.0;562.0;1044.0;1911.0;335.0;555.0;320.0;-154.0;1404.0;-696.0
341.0;610.0;1087.0;2018.0;351.0;565.0;309.0;571.0;1057.0;1923.0;336.0;554.0;338.0;-150.0;1421.0;-696.0
341.0;610.0;1085.0;2011.0;348.0;566.0;304.0;566.0;1053.0;1923.0;335.0;555.0;325.0;-154.0;1413.0;-694.0
344.0;612.0;1086.0;2019.0;349.0;566.0;309.0;572.0;1062.0;1916.0;335.0;554.0;316.0;-154.0;1419.0;-696.0
342.0;612.0;1091.0;2018.0;349.0;564.0;310.0;573.0;1054.0;1921.0;335.0;556.0;325.0;-157.0;1410.0;-699.0
342.0;614.0;1093.0;2025.0;350.0;563.0;307.0;570.0;1062.0;1923.0;335.0;554.0;318.0;-155.0;1405.0;-700.0
344.0;614.0;1092.0;2020.0;349.0;564.0;307.0;567.0;1054.0;1913.0;335.0;551.0;319.0;-155.0;1407.0;-701.0
342.0;612.0;1085.0;2007.0;347.0;564.0;308.0;571.0;1059.0;1917.0;335.0;557.0;328.0;-150.0;1416.0;-701.0
344.0;615.0;1094.0;2022.0;350.0;567.0;308.0;571.0;1064.0;1932.0;337.0;558.0;319.0;-153.0;1410.0;-702.0
345.0;617.0;1098.0;2030.0;351.0;571.0;314.0;580.0;1074.0;1941.0;338.0;562.0;332.0;-153.0;1428.0;-702.0
343.0;616.0;1094.0;2031.0;352.0;568.0;310.0;575.0;1071.0;1948.0;340.0;560.0;321.0;-153.0;1412.0;-698.0
346.0;620.0;1104.0;2049.0;353.0;571.0;309.0;572.0;1059.0;1929.0;338.0;559.0;325.0;-153.0;1420.0;-698.0
347.0;622.0;1104.0;2040.0;353.0;570.0;314.0;581.0;1076.0;1943.0;339.0;560.0;319.0;-156.0;1416.0;-698.0
347.0;622.0;1111.0;2047.0;354.0;570.0;313.0;578.0;1072.0;1946.0;339.0;562.0;323.0;-156.0;1416.0;-698.0
349.0;624.0;1105.0;2043.0;353.0;571.0;318.0;586.0;1081.0;1956.0;338.0;564.0;330.0;-155.0;1425.0;-698.0
348.0;623.0;1108.0;2045.0;354.0;570.0;311.0;579.0;1073.0;1942.0;340.0;561.0;324.0;-154.0;1419.0;-698.0
347.0;622.0;1101.0;2038.0;352.0;570.0;315.0;580.0;1074.0;1943.0;338.0;561.0;324.0;-155.0;1415.0;-698.0
350.0;626.0;1100.0;2041.0;352.0;570.0;315.0;583.0;1079.0;1950.0;338.0;561.0;320.0;-154.0;1410.0;-698.0
347.0;622.0;1107.0;2042.0;353.0;569.0;317.0;587.0;1083.0;1947.0;339.0;561.0;325.0;-153.0;1423.0;-698.0
347.0;622.0;1102.0;2039.0;351.0;570.0;317.0;586.0;1080.0;1941.0;339.0;559.0;328.0;-154.0;1421.0;-699.0
350.0;623.0;1105.0;2049.0;354.0;571.0;317.0;589.0;1081.0;1959.0;339.0;562.0;323.0;-153.0;1425.0;-700.0
349.0;623.0;1107.0;2044.0;353.0;570.0;317.0;588.0;1086.0;1954.0;339.0;561.0;315.0;-153.0;1416.0;-700.0
350.0;625.0;1107.0;2048.0;353.0;571.0;316.0;583.0;1076.0;1952.0;339.0;560.0;322.0;-153.0;1420.0;-701.0
350.0;624.0;1106.0;2045.0;353.0;571.0;321.0;590.0;1090.0;1966.0;341.0;565.0;330.0;-154.0;1425.0;-701.0
348.0;624.0;1106.0;2047.0;354.0;572.0;318.0;587.0;1084.0;1958.0;339.0;562.0;328.0;-154.0;1414.0;-701.0
347.0;623.0;1107.0;2045.0;353.0;571.0;315.0;580.0;1074.0;1946.0;338.0;561.0;330.0;-160.0;1425.0;-696.0
352.0;625.0;1109.0;2043.0;354.0;571.0;314.0;582.0;1071.0;1945.0;339.0;563.0;328.0;-160.0;1415.0;-696.0
351.0;626.0;1111.0;2047.0;354.0;572.0;318.0;587.0;1079.0;1953.0;340.0;562.0;331.0;-160.0;1426.0;-691.0
351.0;624.0;1108.0;2039.0;353.0;571.0;316.0;584.0;1077.0;1956.0;341.0;560.0;321.0;-157.0;1413.0;-691.0
354.0;630.0;1114.0;2052.0;355.0;570.0;322.0;590.0;1085.0;1947.0;339.0;561.0;324.0;-157.0;1417.0;-696.0
353.0;629.0;1112.0;2063.0;355.0;572.0;316.0;581.0;1078.0;1961.0;341.0;563.0;321.0;-157.0;1411.0;-698.0
353.0;628.0;1111.0;2045.0;353.0;571.0;320.0;589.0;1082.0;1963.0;339.0;563.0;324.0;-157.0;1408.0;-696.0
353.0;631.0;1114.0;2062.0;354.0;572.0;318.0;585.0;1082.0;1961.0;342.0;564.0;326.0;-159.0;1416.0;-696.0
355.0;633.0;1118.0;2059.0;356.0;571.0;323.0;597.0;1097.0;1971.0;340.0;561.0;332.0;-159.0;1423.0;-696.0
354.0;632.0;1120.0;2062.0;356.0;574.0;320.0;592.0;1089.0;1955.0;342.0;566.0;329.0;-154.0;1416.0;-696.0
355.0;634.0;1120.0;2056.0;355.0;572.0;323.0;596.0;1099.0;1978.0;342.0;565.0;330.0;-153.0;1423.0;-694.0
356.0;636.0;1123.0;2070.0;355.0;573.0;321.0;591.0;1086.0;1971.0;343.0;563.0;333.0;-151.0;1424.0;-694.0
355.0;633.0;1120.0;2068.0;356.0;572.0;321.0;591.0;1089.0;1964.0;342.0;564.0;317.0;-151.0;1425.0;-696.0
355.0;635.0;1123.0;2068.0;355.0;573.0;320.0;589.0;1090.0;1972.0;342.0;564.0;326.0;-151.0;1418.0;-694.0
354.0;632.0;1115.0;2057.0;356.0;574.0;316.0;586.0;1082.0;1948.0;341.0;565.0;320.0;-151.0;1412.0;-696.0
354.0;630.0;1118.0;2060.0;355.0;575.0;321.0;593.0;1096.0;1976.0;343.0;566.0;331.0;-152.0;1423.0;-696.0
357.0;637.0;1125.0;2074.0;356.0;573.0;326.0;599.0;1104.0;1984.0;343.0;565.0;328.0;-156.0;1417.0;-695.0
355.0;631.0;1121.0;2071.0;356.0;575.0;326.0;596.0;1097.0;1970.0;343.0;566.0;330.0;-156.0;1417.0;-695.0
359.0;637.0;1127.0;2068.0;357.0;575.0;325.0;598.0;1103.0;1984.0;344.0;565.0;329.0;-154.0;1418.0;-695.0
358.0;638.0;1127.0;2075.0;356.0;574.0;327.0;599.0;1101.0;1977.0;344.0;568.0;323.0;-154.0;1424.0;-694.0
360.0;641.0;1130.0;2077.0;356.0;574.0;327.0;598.0;1105.0;1995.0;345.0;569.0;323.0;-154.0;1413.0;-694.0
362.0;644.0;1138.0;2085.0;358.0;576.0;325.0;597.0;1099.0;1979.0;343.0;567.0;328.0;-154.0;1425.0;-694.0
362.0;643.0;1136.0;2087.0;358.0;579.0;328.0;599.0;1105.0;1986.0;345.0;567.0;317.0;-154.0;1415.0;-691.0
361.0;639.0;1137.0;2077.0;358.0;575.0;324.0;595.0;1093.0;1983.0;346.0;570.0;324.0;-153.0;1417.0;-691.0
362.0;642.0;1132.0;2085.0;358.0;578.0;325.0;597.0;1095.0;1966.0;342.0;566.0;328.0;-150.0;1428.0;-697.0
361.0;642.0;1133.0;2074.0;358.0;577.0;330.0;605.0;1109.0;1984.0;345.0;567.0;326.0;-150.0;1426.0;-698.0
360.0;640.0;1132.0;2077.0;357.0;576.0;327.0;604.0;1105.0;1984.0;344.0;567.0;329.0;-150.0;1417.0;-702.0
361.0;642.0;1128.0;2080.0;358.0;574.0;329.0;605.0;1103.0;1977.0;343.0;565.0;317.0;-149.0;1415.0;-702.0
358.0;637.0;1129.0;2080.0;356.0;576.0;325.0;595.0;1096.0;1979.0;344.0;563.0;318.0;-150.0;1410.0;-702.0
362.0;642.0;1134.0;2079.0;357.0;576.0;326.0;599.0;1107.0;1981.0;343.0;567.0;337.0;-156.0;1422.0;-698.0
362.0;644.0;1141.0;2088.0;358.0;574.0;331.0;607.0;1113.0;1988.0;344.0;567.0;318.0;-156.0;1404.0;-696.0
364.0;645.0;1139.0;2094.0;358.0;577.0;328.0;601.0;1100.0;1985.0;345.0;567.0;330.0;-156.0;1419.0;-695.0
362.0;644.0;1134.0;2085.0;358.0;576.0;330.0;603.0;1102.0;1990.0;344.0;566.0;336.0;-156.0;1437.0;-695.0
362.0;644.0;1134.0;2083.0;357.0;577.0;328.0;602.0;1096.0;1984.0;345.0;567.0;328.0;-156.0;1430.0;-694.0
363.0;645.0;1137.0;2084.0;357.0;576.0;326.0;599.0;1103.0;1987.0;344.0;569.0;329.0;-154.0;1424.0;-694.0
366.0;647.0;1141.0;2091.0;359.0;578.0;324.0;595.0;1099.0;1976.0;344.0;570.0;320.0;-153.0;1411.0;-694.0
366.0;650.0;1145.0;2101.0;360.0;579.0;332.0;607.0;1110.0;1992.0;346.0;570.0;331.0;-153.0;1422.0;-694.0
368.0;652.0;1149.0;2101.0;361.0;581.0;330.0;603.0;1115.0;1998.0;344.0;571.0;330.0;-152.0;1418.0;-692.0
365.0;646.0;1140.0;2092.0;361.0;580.0;333.0;609.0;1118.0;2003.0;347.0;570.0;330.0;-154.0;1431.0;-692.0
366.0;649.0;1147.0;2098.0;360.0;581.0;334.0;613.0;1124.0;2016.0;348.0;573.0;322.0;-153.0;1421.0;-692.0
367.0;652.0;1153.0;2105.0;361.0;581.0;334.0;611.0;1115.0;2005.0;348.0;573.0;329.0;-153.0;1435.0;-692.0
367.0;652.0;1147.0;2108.0;362.0;580.0;326.0;599.0;1111.0;1994.0;346.0;571.0;340.0;-153.0;1423.0;-695.0
366.0;648.0;1142.0;2096.0;360.0;578.0;334.0;612.0;1120.0;2001.0;345.0;572.0;324.0;-153.0;1420.0;-695.0
368.0;652.0;1147.0;2098.0;360.0;580.0;334.0;611.0;1114.0;1996.0;345.0;570.0;340.0;-151.0;1427.0;-691.0
367.0;649.0;1142.0;2089.0;360.0;579.0;336.0;616.0;1124.0;2011.0;347.0;568.0;328.0;-151.0;1438.0;-695.0
368.0;651.0;1147.0;2103.0;358.0;580.0;332.0;605.0;1116.0;2002.0;345.0;571.0;330.0;-152.0;1422.0;-692.0
368.0;651.0;1148.0;2106.0;360.0;579.0;332.0;605.0;1113.0;1998.0;348.0;569.0;334.0;-152.0;1433.0;-692.0
367.0;650.0;1144.0;2103.0;360.0;579.0;331.0;607.0;1106.0;2003.0;347.0;570.0;328.0;-152.0;1429.0;-692.0
367.0;649.0;1139.0;2093.0;359.0;580.0;330.0;599.0;1105.0;1995.0;345.0;569.0;330.0;-152.0;1428.0;-692.0
368.0;652.0;1145.0;2098.0;361.0;581.0;336.0;614.0;1124.0;2015.0;348.0;572.0;314.0;-152.0;1418.0;-692.0
370.0;650.0;1145.0;2100.0;360.0;580.0;335.0;611.0;1112.0;1998.0;347.0;570.0;328.0;-151.0;1434.0;-692.0
366.0;649.0;1143.0;2104.0;361.0;578.0;333.0;609.0;1120.0;2003.0;349.0;574.0;322.0;-151.0;1422.0;-689.0
371.0;657.0;1155.0;2108.0;362.0;583.0;332.0;609.0;1118.0;2002.0;349.0;575.0;336.0;-154.0;1441.0;-689.0
368.0;655.0;1149.0;2108.0;362.0;584.0;335.0;617.0;1132.0;2018.0;350.0;576.0;333.0;-154.0;1426.0;-691.0
370.0;655.0;1150.0;2111.0;364.0;583.0;334.0;610.0;1126.0;2012.0;349.0;574.0;322.0;-158.0;1414.0;-691.0
369.0;653.0;1154.0;2108.0;361.0;584.0;336.0;616.0;1130.0;2026.0;349.0;573.0;330.0;-158.0;1423.0;-693.0
370.0;656.0;1151.0;2117.0;363.0;584.0;340.0;621.0;1135.0;2021.0;349.0;574.0;334.0;-161.0;1426.0;-694.0
371.0;657.0;1153.0;2110.0;364.0;584.0;341.0;626.0;1135.0;2028.0;349.0;575.0;321.0;-161.0;1423.0;-697.0
373.0;659.0;1153.0;2118.0;365.0;586.0;337.0;615.0;1129.0;2025.0;350.0;576.0;329.0;-160.0;1417.0;-697.0
373.0;660.0;1159.0;2122.0;364.0;585.0;335.0;611.0;1122.0;2011.0;350.0;576.0;320.0;-153.0;1430.0;-694.0
371.0;659.0;1160.0;2121.0;364.0;587.0;339.0;619.0;1139.0;2031.0;349.0;575.0;310.0;-155.0;1416.0;-694.0
373.0;661.0;1156.0;2120.0;365.0;585.0;333.0;607.0;1116.0;2005.0;350.0;577.0;322.0;-155.0;1422.0;-697.0
374.0;661.0;1162.0;2125.0;365.0;586.0;337.0;617.0;1130.0;2026.0;350.0;575.0;326.0;-155.0;1427.0;-694.0
374.0;660.0;1156.0;2127.0;364.0;586.0;335.0;615.0;1124.0;2030.0;351.0;579.0;325.0;-154.0;1416.0;-694.0
373.0;658.0;1162.0;2120.0;365.0;584.0;339.0;623.0;1133.0;2033.0;351.0;575.0;333.0;-154.0;1423.0;-691.0
374.0;661.0;1165.0;2130.0;365.0;587.0;335.0;610.0;1121.0;2013.0;352.0;577.0;322.0;-154.0;1415.0;-691.0
375.0;659.0;1160.0;2119.0;364.0;586.0;340.0;617.0;1124.0;2023.0;350.0;576.0;339.0;-152.0;1427.0;-691.0
376.0;664.0;1167.0;2130.0;366.0;585.0;338.0;616.0;1128.0;2026.0;350.0;577.0;340.0;-152.0;1431.0;-691.0
374.0;662.0;1164.0;2129.0;364.0;586.0;337.0;614.0;1127.0;2018.0;350.0;576.0;317.0;-152.0;1422.0;-692.0
378.0;667.0;1169.0;2130.0;365.0;586.0;342.0;624.0;1140.0;2039.0;351.0;576.0;327.0;-152.0;1429.0;-695.0
375.0;661.0;1165.0;2136.0;365.0;585.0;338.0;618.0;1129.0;2024.0;349.0;577.0;325.0;-152.0;1429.0;-698.0
375.0;663.0;1164.0;2131.0;365.0;586.0;343.0;626.0;1144.0;2034.0;351.0;579.0;313.0;-152.0;1416.0;-698.0
378.0;667.0;1169.0;2142.0;366.0;585.0;341.0;621.0;1137.0;2034.0;351.0;579.0;327.0;-152.0;1419.0;-699.0
378.0;666.0;1170.0;2140.0;366.0;587.0;341.0;623.0;1139.0;2035.0;351.0;579.0;325.0;-152.0;1427.0;-699.0
378.0;667.0;1170.0;2135.0;365.0;586.0;347.0;631.0;1147.0;2035.0;352.0;577.0;321.0;-152.0;1429.0;-700.0
377.0;664.0;1165.0;2136.0;365.0;587.0;340.0;616.0;1134.0;2037.0;352.0;576.0;331.0;-152.0;1427.0;-697.0
379.0;668.0;1171.0;2137.0;364.0;587.0;345.0;632.0;1150.0;2051.0;352.0;578.0;324.0;-152.0;1428.0;-697.0
378.0;666.0;1167.0;2142.0;366.0;588.0;337.0;621.0;1142.0;2036.0;352.0;576.0;327.0;-152.0;1421.0;-694.0
379.0;668.0;1170.0;2141.0;367.0;586.0;348.0;631.0;1150.0;2043.0;351.0;577.0;345.0;-155.0;1442.0;-694.0
379.0;670.0;1176.0;2139.0;366.0;588.0;342.0;623.0;1136.0;2035.0;352.0;579.0;332.0;-156.0;1429.0;-694.0
377.0;666.0;1167.0;2137.0;366.0;587.0;349.0;633.0;1157.0;2053.0;354.0;579.0;323.0;-155.0;1436.0;-693.0
378.0;668.0;1176.0;2138.0;366.0;586.0;346.0;629.0;1151.0;2049.0;354.0;580.0;335.0;-159.0;1425.0;-694.0
378.0;665.0;1168.0;2134.0;365.0;588.0;341.0;619.0;1134.0;2036.0;351.0;578.0;335.0;-159.0;1435.0;-695.0
378.0;667.0;1167.0;2140.0;365.0;586.0;341.0;620.0;1134.0;2036.0;350.0;577.0;326.0;-154.0;1423.0;-695.0
379.0;666.0;1165.0;2136.0;366.0;589.0;347.0;632.0;1144.0;2042.0;353.0;578.0;323.0;-154.0;1419.0;-695.0
381.0;670.0;1171.0;2146.0;367.0;590.0;344.0;624.0;1142.0;2044.0;354.0;581.0;325.0;-154.0;1423.0;-697.0
382.0;673.0;1176.0;2153.0;367.0;591.0;345.0;628.0;1150.0;2050.0;355.0;582.0;323.0;-154.0;1435.0;-697.0
381.0;672.0;1175.0;2147.0;368.0;592.0;342.0;625.0;1139.0;2051.0;354.0;582.0;338.0;-154.0;1429.0;-697.0
380.0;670.0;1174.0;2145.0;367.0;590.0;343.0;629.0;1149.0;2057.0;356.0;583.0;322.0;-154.0;1427.0;-697.0
383.0;674.0;1183.0;2161.0;370.0;592.0;349.0;636.0;1153.0;2053.0;354.0;582.0;326.0;-154.0;1431.0;-697.0
383.0;679.0;1184.0;2163.0;369.0;592.0;345.0;628.0;1149.0;2052.0;355.0;579.0;323.0;-155.0;1429.0;-695.0
381.0;672.0;1179.0;2159.0;370.0;594.0;347.0;630.0;1151.0;2057.0;356.0;583.0;327.0;-157.0;1430.0;-695.0
382.0;672.0;1179.0;2154.0;368.0;592.0;346.0;631.0;1153.0;2045.0;354.0;584.0;335.0;-157.0;1429.0;-693.0
382.0;674.0;1183.0;2161.0;370.0;595.0;345.0;628.0;1146.0;2052.0;355.0;585.0;328.0;-158.0;1426.0;-695.0
383.0;680.0;1190.0;2161.0;371.0;594.0;347.0;630.0;1151.0;2053.0;355.0;583.0;324.0;-157.0;1427.0;-698.0
383.0;678.0;1186.0;2156.0;369.0;592.0;345.0;628.0;1152.0;2070.0;356.0;583.0;323.0;-157.0;1415.0;-699.0
385.0;679.0;1189.0;2165.0;370.0;593.0;356.0;647.0;1171.0;2075.0;354.0;584.0;335.0;-157.0;1431.0;-698.0
384.0;675.0;1181.0;2156.0;368.0;593.0;351.0;635.0;1160.0;2076.0;356.0;586.0;328.0;-159.0;1430.0;-698.0
385.0;676.0;1184.0;2166.0;369.0;595.0;349.0;637.0;1157.0;2059.0;356.0;585.0;331.0;-153.0;1424.0;-695.0
385.0;676.0;1188.0;2165.0;371.0;597.0;352.0;637.0;1161.0;2072.0;356.0;585.0;327.0;-153.0;1437.0;-695.0
384.0;677.0;1187.0;2160.0;370.0;593.0;352.0;640.0;1171.0;2081.0;357.0;585.0;336.0;-153.0;1434.0;-694.0
387.0;680.0;1188.0;2166.0;370.0;593.0;350.0;636.0;1162.0;2075.0;357.0;587.0;334.0;-150.0;1427.0;-694.0
389.0;682.0;1191.0;2167.0;370.0;594.0;348.0;636.0;1155.0;2061.0;356.0;583.0;333.0;-150.0;1438.0;-694.0
387.0;680.0;1183.0;2166.0;371.0;594.0;350.0;635.0;1152.0;2055.0;355.0;583.0;337.0;-150.0;1426.0;-699.0
383.0;676.0;1182.0;2156.0;369.0;592.0;349.0;634.0;1154.0;2054.0;356.0;583.0;332.0;-158.0;1424.0;-699.0
386.0;678.0;1184.0;2164.0;368.0;593.0;357.0;648.0;1178.0;2085.0;357.0;585.0;328.0;-153.0;1426.0;-699.0
388.0;682.0;1194.0;2162.0;371.0;592.0;347.0;630.0;1145.0;2050.0;353.0;581.0;335.0;-156.0;1438.0;-699.0
385.0;675.0;1182.0;2153.0;369.0;592.0;353.0;640.0;1167.0;2072.0;355.0;582.0;329.0;-157.0;1423.0;-699.0
387.0;680.0;1187.0;2161.0;369.0;592.0;349.0;631.0;1155.0;2068.0;356.0;581.0;333.0;-156.0;1434.0;-699.0
386.0;680.0;1188.0;2163.0;371.0;594.0;352.0;639.0;1164.0;2073.0;356.0;584.0;336.0;-153.0;1432.0;-699.0
387.0;677.0;1184.0;2152.0;368.0;596.0;356.0;643.0;1172.0;2079.0;356.0;583.0;334.0;-156.0;1430.0;-699.0
388.0;681.0;1187.0;2162.0;370.0;596.0;356.0;648.0;1178.0;2082.0;357.0;585.0;332.0;-155.0;1433.0;-699.0
390.0;684.0;1196.0;2175.0;372.0;597.0;352.0;643.0;1169.0;2071.0;356.0;584.0;324.0;-153.0;1429.0;-696.0
389.0;684.0;1193.0;2178.0;370.0;593.0;358.0;646.0;1173.0;2076.0;358.0;586.0;333.0;-154.0;1424.0;-699.0
387.0;681.0;1195.0;2175.0;372.0;596.0;357.0;644.0;1169.0;2082.0;358.0;590.0;325.0;-154.0;1431.0;-696.0
389.0;684.0;1192.0;2181.0;372.0;596.0;354.0;643.0;1171.0;2073.0;356.0;588.0;325.0;-152.0;1426.0;-696.0
390.0;686.0;1195.0;2176.0;372.0;596.0;352.0;637.0;1160.0;2077.0;356.0;588.0;324.0;-152.0;1424.0;-699.0
389.0;681.0;1193.0;2171.0;372.0;596.0;357.0;649.0;1180.0;2084.0;357.0;585.0;334.0;-153.0;1432.0;-699.0
389.0;686.0;1197.0;2178.0;374.0;596.0;352.0;640.0;1173.0;2078.0;356.0;587.0;330.0;-149.0;1424.0;-697.0
390.0;686.0;1192.0;2174.0;372.0;597.0;356.0;646.0;1171.0;2095.0;358.0;586.0;336.0;-153.0;1441.0;-700.0
390.0;683.0;1190.0;2169.0;370.0;594.0;355.0;645.0;1171.0;2080.0;357.0;587.0;327.0;-153.0;1419.0;-700.0
388.0;680.0;1189.0;2169.0;371.0;595.0;351.0;639.0;1161.0;2067.0;355.0;584.0;324.0;-153.0;1430.0;-700.0
388.0;682.0;1193.0;2165.0;371.0;595.0;351.0;635.0;1157.0;2064.0;355.0;583.0;322.0;-150.0;1422.0;-700.0
390.0;682.0;1195.0;2176.0;370.0;596.0;352.0;634.0;1154.0;2072.0;359.0;585.0;330.0;-153.0;1429.0;-700.0
390.0;682.0;1189.0;2171.0;372.0;595.0;350.0;635.0;1161.0;2064.0;357.0;585.0;327.0;-153.0;1424.0;-696.0
392.0;688.0;1203.0;2172.0;373.0;596.0;359.0;652.0;1188.0;2090.0;358.0;589.0;329.0;-150.0;1430.0;-693.0
392.0;687.0;1199.0;2187.0;372.0;597.0;358.0;646.0;1173.0;2081.0;359.0;589.0;335.0;-152.0;1442.0;-693.0
392.0;690.0;1204.0;2191.0;374.0;598.0;354.0;642.0;1166.0;2088.0;360.0;589.0;330.0;-153.0;1434.0;-693.0
392.0;689.0;1205.0;2185.0;373.0;599.0;355.0;642.0;1172.0;2089.0;360.0;589.0;321.0;-153.0;1436.0;-697.0
391.0;685.0;1195.0;2183.0;373.0;598.0;353.0;645.0;1176.0;2090.0;360.0;589.0;326.0;-154.0;1423.0;-698.0
392.0;688.0;1201.0;2176.0;372.0;594.0;352.0;641.0;1164.0;2076.0;357.0;586.0;326.0;-156.0;1430.0;-698.0
394.0;688.0;1199.0;2179.0;372.0;595.0;357.0;643.0;1172.0;2083.0;358.0;587.0;339.0;-156.0;1445.0;-698.0
392.0;690.0;1198.0;2181.0;371.0;596.0;357.0;645.0;1169.0;2080.0;356.0;584.0;326.0;-154.0;1433.0;-697.0
392.0;689.0;1201.0;2177.0;371.0;596.0;360.0;650.0;1180.0;2082.0;358.0;587.0;315.0;-152.0;1428.0;-697.0
396.0;690.0;1205.0;2186.0;374.0;600.0;360.0;651.0;1178.0;2088.0;360.0;588.0;340.0;-152.0;1439.0;-696.0
394.0;690.0;1206.0;2193.0;374.0;598.0;359.0;649.0;1173.0;2094.0;359.0;590.0;329.0;-152.0;1426.0;-696.0
394.0;693.0;1207.0;2204.0;374.0;598.0;358.0;644.0;1174.0;2094.0;361.0;592.0;319.0;-152.0;1427.0;-695.0
396.0;692.0;1209.0;2190.0;373.0;596.0;364.0;659.0;1191.0;2095.0;359.0;586.0;335.0;-152.0;1436.0;-696.0
395.0;692.0;1205.0;2191.0;372.0;599.0;356.0;644.0;1168.0;2092.0;360.0;588.0;333.0;-152.0;1437.0;-698.0
396.0;690.0;1207.0;2197.0;374.0;598.0;362.0;656.0;1188.0;2101.0;359.0;589.0;330.0;-154.0;1421.0;-701.0
395.0;691.0;1204.0;2193.0;374.0;600.0;362.0;653.0;1182.0;2107.0;362.0;591.0;336.0;-155.0;1434.0;-698.0
395.0;691.0;1208.0;2195.0;375.0;600.0;360.0;653.0;1183.0;2096.0;361.0;588.0;333.0;-159.0;1429.0;-701.0
396.0;694.0;1209.0;2195.0;373.0;598.0;361.0;652.0;1181.0;2098.0;359.0;589.0;326.0;-159.0;1435.0;-698.0
397.0;695.0;1213.0;2198.0;375.0;599.0;360.0;651.0;1177.0;2088.0;359.0;588.0;324.0;-155.0;1427.0;-700.0
398.0;698.0;1210.0;2196.0;375.0;598.0;358.0;649.0;1178.0;2096.0;359.0;591.0;336.0;-154.0;1441.0;-700.0
396.0;695.0;1210.0;2201.0;375.0;597.0;367.0;660.0;1192.0;2102.0;359.0;589.0;329.0;-154.0;1442.0;-701.0
397.0;692.0;1205.0;2193.0;374.0;599.0;366.0;658.0;1188.0;2102.0;359.0;589.0;334.0;-154.0;1442.0;-700.0
395.0;694.0;1208.0;2202.0;374.0;598.0;359.0;651.0;1188.0;2098.0;360.0;589.0;331.0;-155.0;1432.0;-700.0
395.0;693.0;1205.0;2194.0;373.0;599.0;368.0;663.0;1193.0;2099.0;359.0;589.0;336.0;-155.0;1435.0;-700.0
398.0;698.0;1213.0;2207.0;373.0;599.0;361.0;647.0;1173.0;2094.0;361.0;588.0;335.0;-155.0;1444.0;-700.0
398.0;694.0;1208.0;2191.0;374.0;599.0;360.0;651.0;1182.0;2092.0;357.0;588.0;332.0;-151.0;1434.0;-699.0
398.0;696.0;1216.0;2203.0;374.0;597.0;365.0;656.0;1188.0;2106.0;359.0;591.0;334.0;-151.0;1439.0;-699.0
397.0;694.0;1210.0;2196.0;375.0;600.0;362.0;655.0;1181.0;2107.0;359.0;590.0;332.0;-151.0;1436.0;-699.0
403.0;702.0;1220.0;2205.0;376.0;602.0;364.0;655.0;1189.0;2106.0;361.0;592.0;331.0;-151.0;1431.0;-701.0
401.0;704.0;1221.0;2210.0;376.0;602.0;361.0;653.0;1185.0;2102.0;360.0;591.0;319.0;-151.0;1423.0;-702.0
400.0;700.0;1212.0;2200.0;375.0;599.0;372.0;665.0;1200.0;2121.0;363.0;591.0;340.0;-153.0;1443.0;-705.0
403.0;704.0;1221.0;2210.0;376.0;599.0;362.0;654.0;1189.0;2108.0;360.0;592.0;329.0;-152.0;1428.0;-705.0
402.0;700.0;1221.0;2216.0;376.0;599.0;362.0;655.0;1192.0;2119.0;364.0;591.0;328.0;-152.0;1437.0;-705.0
402.0;703.0;1218.0;2205.0;376.0;601.0;369.0;666.0;1200.0;2124.0;363.0;592.0;336.0;-152.0;1439.0;-706.0
404.0;705.0;1225.0;2215.0;377.0;602.0;365.0;663.0;1195.0;2121.0;363.0;592.0;325.0;-154.0;1432.0;-706.0
402.0;703.0;1218.0;2210.0;375.0;600.0;361.0;651.0;1181.0;2097.0;361.0;589.0;327.0;-154.0;1421.0;-706.0
404.0;703.0;1223.0;2203.0;375.0;601.0;366.0;656.0;1181.0;2107.0;361.0;589.0;340.0;-155.0;1438.0;-706.0
405.0;706.0;1227.0;2221.0;376.0;601.0;365.0;654.0;1184.0;2101.0;363.0;593.0;332.0;-157.0;1441.0;-706.0
406.0;707.0;1226.0;2225.0;378.0;603.0;371.0;668.0;1212.0;2129.0;365.0;593.0;337.0;-157.0;1441.0;-702.0
403.0;706.0;1220.0;2209.0;376.0;601.0;373.0;670.0;1211.0;2125.0;363.0;595.0;327.0;-157.0;1441.0;-701.0
406.0;711.0;1232.0;2226.0;378.0;601.0;374.0;671.0;1205.0;2125.0;364.0;593.0;336.0;-154.0;1439.0;-702.0
402.0;704.0;1223.0;2227.0;378.0;603.0;368.0;663.0;1199.0;2124.0;361.0;594.0;326.0;-154.0;1442.0;-700.0
403.0;703.0;1226.0;2224.0;378.0;605.0;374.0;672.0;1205.0;2132.0;363.0;594.0;324.0;-154.0;1438.0;-700.0
404.0;707.0;1227.0;2218.0;379.0;606.0;372.0;670.0;1208.0;2129.0;364.0;596.0;333.0;-154.0;1449.0;-704.0
408.0;710.0;1232.0;2236.0;380.0;607.0;372.0;671.0;1214.0;2135.0;363.0;595.0;328.0;-153.0;1438.0;-704.0
408.0;712.0;1236.0;2233.0;380.0;608.0;370.0;665.0;1197.0;2130.0;365.0;594.0;334.0;-153.0;1444.0;-704.0
405.0;708.0;1228.0;2231.0;378.0;606.0;369.0;663.0;1199.0;2125.0;365.0;596.0;339.0;-152.0;1445.0;-704.0
406.0;707.0;1232.0;2232.0;380.0;608.0;371.0;671.0;1214.0;2143.0;366.0;596.0;335.0;-152.0;1441.0;-704.0
404.0;705.0;1232.0;2229.0;379.0;606.0;369.0;665.0;1208.0;2128.0;364.0;596.0;335.0;-152.0;1453.0;-704.0
407.0;711.0;1233.0;2233.0;380.0;608.0;371.0;669.0;1209.0;2151.0;367.0;598.0;333.0;-152.0;1436.0;-704.0
408.0;712.0;1237.0;2237.0;380.0;606.0;366.0;659.0;1197.0;2124.0;366.0;598.0;326.0;-152.0;1432.0;-704.0
410.0;714.0;1241.0;2236.0;379.0;607.0;370.0;668.0;1206.0;2147.0;365.0;599.0;337.0;-152.0;1439.0;-704.0
409.0;712.0;1237.0;2234.0;380.0;605.0;373.0;670.0;1208.0;2134.0;364.0;594.0;331.0;-152.0;1436.0;-702.0
406.0;708.0;1227.0;2223.0;377.0;603.0;367.0;659.0;1188.0;2111.0;363.0;596.0;327.0;-152.0;1437.0;-702.0
407.0;709.0;1230.0;2230.0;379.0;605.0;368.0;661.0;1198.0;2121.0;363.0;596.0;327.0;-157.0;1439.0;-702.0
407.0;710.0;1234.0;2241.0;380.0;607.0;372.0;668.0;1202.0;2132.0;365.0;595.0;335.0;-157.0;1446.0;-706.0
409.0;713.0;1238.0;2232.0;378.0;603.0;376.0;673.0;1213.0;2137.0;365.0;598.0;341.0;-158.0;1449.0;-706.0
407.0;712.0;1234.0;2235.0;380.0;607.0;370.0;664.0;1204.0;2134.0;366.0;599.0;324.0;-159.0;1437.0;-706.0
409.0;713.0;1237.0;2236.0;379.0;605.0;367.0;659.0;1195.0;2118.0;364.0;595.0;333.0;-158.0;1437.0;-708.0
409.0;712.0;1238.0;2228.0;378.0;604.0;372.0;671.0;1209.0;2134.0;366.0;594.0;326.0;-157.0;1431.0;-706.0
408.0;713.0;1236.0;2237.0;381.0;606.0;373.0;667.0;1208.0;2139.0;365.0;598.0;324.0;-157.0;1442.0;-708.0
412.0;720.0;1244.0;2248.0;381.0;607.0;375.0;672.0;1217.0;2151.0;367.0;599.0;338.0;-157.0;1439.0;-708.0
412.0;714.0;1238.0;2238.0;382.0;607.0;374.0;670.0;1205.0;2126.0;364.0;596.0;328.0;-157.0;1434.0;-704.0
412.0;715.0;1242.0;2239.0;380.0;608.0;378.0;678.0;1220.0;2151.0;366.0;601.0;337.0;-156.0;1449.0;-704.0
412.0;716.0;1242.0;2251.0;382.0;611.0;383.0;687.0;1227.0;2164.0;369.0;599.0;339.0;-154.0;1442.0;-704.0
412.0;716.0;1242.0;2246.0;379.0;608.0;370.0;665.0;1203.0;2133.0;367.0;597.0;335.0;-155.0;1442.0;-703.0
407.0;709.0;1237.0;2234.0;380.0;608.0;368.0;663.0;1202.0;2126.0;366.0;598.0;324.0;-154.0;1436.0;-703.0
411.0;718.0;1242.0;2247.0;382.0;612.0;379.0;680.0;1225.0;2155.0;368.0;600.0;335.0;-154.0;1444.0;-702.0
412.0;719.0;1245.0;2259.0;382.0;608.0;371.0;668.0;1210.0;2152.0;368.0;602.0;327.0;-155.0;1444.0;-702.0
414.0;721.0;1248.0;2252.0;383.0;609.0;382.0;685.0;1227.0;2162.0;368.0;599.0;335.0;-156.0;1441.0;-702.0
411.0;715.0;1244.0;2252.0;382.0;609.0;376.0;678.0;1216.0;2155.0;367.0;599.0;339.0;-161.0;1443.0;-702.0
413.0;720.0;1244.0;2258.0;381.0;610.0;381.0;681.0;1225.0;2158.0;368.0;598.0;339.0;-161.0;1440.0;-707.0
413.0;718.0;1248.0;2245.0;381.0;609.0;375.0;676.0;1221.0;2154.0;369.0;601.0;338.0;-161.0;1437.0;-707.0
412.0;717.0;1243.0;2249.0;381.0;608.0;372.0;666.0;1206.0;2136.0;367.0;598.0;321.0;-156.0;1427.0;-707.0
412.0;718.0;1244.0;2252.0;382.0;608.0;372.0;670.0;1212.0;2145.0;366.0;600.0;329.0;-156.0;1439.0;-707.0
412.0;718.0;1248.0;2254.0;382.0;611.0;374.0;674.0;1218.0;2150.0;368.0;600.0;337.0;-156.0;1431.0;-707.0
414.0;719.0;1246.0;2256.0;382.0;611.0;374.0;671.0;1210.0;2148.0;367.0;604.0;333.0;-155.0;1436.0;-707.0
415.0;724.0;1251.0;2264.0;385.0;612.0;381.0;687.0;1233.0;2169.0;370.0;603.0;329.0;-155.0;1438.0;-711.0
413.0;723.0;1250.0;2262.0;384.0;611.0;377.0;675.0;1216.0;2152.0;367.0;602.0;328.0;-158.0;1440.0;-712.0
412.0;720.0;1244.0;2253.0;384.0;613.0;379.0;681.0;1224.0;2167.0;369.0;603.0;333.0;-156.0;1446.0;-711.0
414.0;722.0;1251.0;2267.0;386.0;612.0;379.0;681.0;1234.0;2169.0;371.0;604.0;328.0;-156.0;1444.0;-708.0
412.0;720.0;1244.0;2253.0;384.0;613.0;379.0;681.0;1224.0;2167.0;369.0;603.0;333.0;-156.0;1446.0;-708.0
415.0;723.0;1254.0;2262.0;384.0;612.0;377.0;677.0;1224.0;2155.0;371.0;605.0;337.0;-156.0;1444.0;-703.0
416.0;723.0;1250.0;2256.0;384.0;611.0;383.0;689.0;1231.0;2166.0;369.0;604.0;333.0;-154.0;1452.0;-703.0
