OFFCHIP_SENSIMOX_SnAu_150_200.0_IN-PHASE;OFFCHIP_SENSIMOX_SnAu_200_200.0_IN-PHASE;OFFCHIP_SENSIMOX_SnAu_250_200.0_IN-PHASE;OFFCHIP_SENSIMOX_SnAu_300_200.0_IN-PHASE;OFFCHIP_SENSIMOX_SnAu_350_200.0_IN-PHASE;OFFCHIP_SENSIMOX_SnAu_400_200.0_IN-PHASE;OFFCHIP_SENSIMOX_SnAu_150_78125.0_IN-PHASE;OFFCHIP_SENSIMOX_SnAu_200_78125.0_IN-PHASE;OFFCHIP_SENSIMOX_SnAu_250_78125.0_IN-PHASE;OFFCHIP_SENSIMOX_SnAu_300_78125.0_IN-PHASE;OFFCHIP_SENSIMOX_SnAu_350_78125.0_IN-PHASE;OFFCHIP_SENSIMOX_SnAu_400_78125.0_IN-PHASE;ONCHIP_ALUMINUM_OXIDE_OUT4_IN-PHASE;ONCHIP_ALUMINUM_OXIDE_OUT4_QUADRATURE;ONCHIP_ALUMINUM_OXIDE_OUT7_IN-PHASE;ONCHIP_ALUMINUM_OXIDE_OUT7_QUADRATURE
40.0;80.0;150.0;200.0;24.0;23.0;20.0;0.0;40.0;140.0;10.0;12.0;-4.0;3.0;-5.0;43.0
40.0;50.0;140.0;240.0;23.0;53.0;10.0;40.0;40.0;140.0;22.0;40.0;16.0;6.0;23.0;23.0
80.0;140.0;270.0;400.0;63.0;89.0;30.0;80.0;120.0;260.0;43.0;72.0;10.0;8.0;10.0;40.0
90.0;170.0;290.0;500.0;79.0;119.0;40.0;120.0;180.0;400.0;68.0;108.0;5.0;8.0;8.0;37.0
60.0;130.0;240.0;450.0;73.0;117.0;40.0;100.0;160.0;350.0;63.0;102.0;10.0;10.0;8.0;49.0
90.0;170.0;300.0;540.0;84.0;138.0;60.0;130.0;200.0;450.0;73.0;136.0;11.0;8.0;16.0;31.0
80.0;170.0;310.0;510.0;92.0;167.0;60.0;130.0;210.0;470.0;85.0;149.0;3.0;9.0;27.0;43.0
100.0;170.0;310.0;550.0;100.0;178.0;80.0;150.0;260.0;540.0;101.0;175.0;3.0;11.0;16.0;34.0
110.0;220.0;400.0;710.0;128.0;216.0;90.0;180.0;340.0;670.0;123.0;211.0;7.0;9.0;16.0;33.0
110.0;230.0;430.0;760.0;130.0;211.0;90.0;190.0;310.0;620.0;111.0;191.0;5.0;9.0;16.0;48.0
120.0;210.0;390.0;690.0;111.0;183.0;50.0;120.0;230.0;480.0;91.0;150.0;7.0;11.0;14.0;46.0
90.0;170.0;330.0;550.0;89.0;137.0;40.0;90.0;180.0;350.0;65.0;113.0;5.0;9.0;14.0;53.0
100.0;180.0;330.0;560.0;94.0;138.0;40.0;100.0;210.0;420.0;71.0;135.0;8.0;13.0;20.0;47.0
120.0;240.0;420.0;740.0;123.0;194.0;80.0;150.0;300.0;570.0;100.0;165.0;9.0;19.0;9.0;45.0
100.0;200.0;360.0;640.0;108.0;174.0;60.0;130.0;250.0;520.0;88.0;148.0;8.0;18.0;9.0;55.0
100.0;190.0;360.0;630.0;115.0;182.0;70.0;140.0;280.0;570.0;98.0;174.0;9.0;18.0;9.0;67.0
130.0;240.0;420.0;740.0;125.0;190.0;50.0;130.0;260.0;530.0;97.0;168.0;15.0;21.0;22.0;68.0
80.0;140.0;240.0;400.0;63.0;99.0;50.0;110.0;170.0;320.0;52.0;97.0;16.0;-18.0;12.0;-6.0
130.0;190.0;310.0;560.0;100.0;167.0;90.0;190.0;350.0;670.0;110.0;186.0;12.0;-18.0;11.0;-6.0
170.0;280.0;480.0;820.0;139.0;217.0;110.0;230.0;390.0;740.0;123.0;207.0;5.0;-18.0;2.0;-1.0
170.0;290.0;460.0;820.0;143.0;232.0;130.0;250.0;440.0;770.0;129.0;228.0;12.0;-20.0;11.0;1.0
190.0;320.0;530.0;920.0;153.0;240.0;140.0;270.0;470.0;840.0;140.0;231.0;5.0;-20.0;14.0;2.0
190.0;320.0;540.0;940.0;157.0;254.0;140.0;280.0;470.0;860.0;142.0;240.0;6.0;-20.0;15.0;3.0
200.0;350.0;550.0;950.0;160.0;253.0;150.0;280.0;470.0;840.0;144.0;238.0;9.0;-20.0;17.0;12.0
190.0;330.0;550.0;940.0;151.0;230.0;120.0;240.0;450.0;820.0;137.0;220.0;14.0;-20.0;12.0;10.0
180.0;310.0;540.0;940.0;164.0;258.0;140.0;280.0;490.0;900.0;154.0;253.0;14.0;-19.0;15.0;14.0
260.0;420.0;690.0;1170.0;190.0;299.0;160.0;330.0;580.0;1050.0;171.0;272.0;19.0;-14.0;17.0;17.0
200.0;340.0;570.0;980.0;162.0;248.0;130.0;270.0;460.0;840.0;136.0;220.0;15.0;-14.0;24.0;19.0
140.0;230.0;400.0;680.0;116.0;180.0;100.0;200.0;340.0;590.0;97.0;158.0;10.0;-14.0;15.0;21.0
130.0;200.0;230.0;430.0;81.0;138.0;60.0;130.0;250.0;490.0;84.0;135.0;13.0;-14.0;12.0;34.0
130.0;200.0;330.0;560.0;91.0;139.0;70.0;150.0;250.0;480.0;74.0;122.0;7.0;-14.0;9.0;37.0
110.0;190.0;290.0;560.0;88.0;132.0;50.0;130.0;220.0;440.0;74.0;121.0;10.0;-12.0;21.0;38.0
100.0;190.0;340.0;650.0;122.0;225.0;90.0;200.0;370.0;740.0;132.0;226.0;2.0;13.0;18.0;33.0
290.0;530.0;930.0;1660.0;295.0;499.0;290.0;530.0;1000.0;1850.0;326.0;565.0;-2.0;-9.0;-5.0;-15.0
420.0;790.0;1400.0;2510.0;447.0;773.0;450.0;820.0;1570.0;2840.0;497.0;835.0;0.0;-8.0;-3.0;-12.0
630.0;1120.0;1960.0;3450.0;594.0;961.0;570.0;1060.0;1950.0;3470.0;590.0;969.0;1.0;-8.0;2.0;-12.0
690.0;1220.0;2140.0;3750.0;641.0;1017.0;570.0;1050.0;1980.0;3540.0;612.0;1005.0;0.0;-7.0;3.0;-9.0
720.0;1300.0;2270.0;4010.0;665.0;1061.0;630.0;1170.0;2140.0;3800.0;655.0;1061.0;0.0;-5.0;3.0;-8.0
750.0;1350.0;2360.0;4170.0;708.0;1136.0;670.0;1240.0;2290.0;4110.0;694.0;1131.0;0.0;-5.0;9.0;0.0
820.0;1470.0;2580.0;4520.0;761.0;1198.0;720.0;1320.0;2430.0;4300.0;732.0;1174.0;0.0;1.0;3.0;2.0
880.0;1570.0;2750.0;4770.0;790.0;1233.0;740.0;1340.0;2470.0;4400.0;759.0;1221.0;0.0;1.0;1.0;4.0
910.0;1610.0;2830.0;4890.0;811.0;1263.0;760.0;1390.0;2540.0;4500.0;771.0;1237.0;-1.0;1.0;1.0;4.0
900.0;1610.0;2820.0;4900.0;815.0;1276.0;780.0;1430.0;2630.0;4660.0;787.0;1250.0;-1.0;1.0;6.0;4.0
890.0;1600.0;2810.0;4880.0;812.0;1275.0;780.0;1400.0;2590.0;4640.0;786.0;1258.0;-1.0;1.0;2.0;9.0
950.0;1680.0;2950.0;5100.0;844.0;1324.0;840.0;1510.0;2760.0;4830.0;817.0;1314.0;-1.0;1.0;2.0;9.0
1010.0;1810.0;3150.0;5470.0;903.0;1412.0;920.0;1650.0;2980.0;5230.0;874.0;1389.0;-2.0;2.0;2.0;14.0
1070.0;1910.0;3290.0;5730.0;939.0;1465.0;940.0;1680.0;3020.0;5360.0;910.0;1450.0;-2.0;4.0;1.0;12.0
1110.0;1990.0;3460.0;5980.0;977.0;1527.0;1010.0;1810.0;3250.0;5660.0;945.0;1494.0;-2.0;6.0;1.0;21.0
1130.0;2010.0;3510.0;6050.0;996.0;1546.0;1030.0;1830.0;3330.0;5790.0;958.0;1511.0;-7.0;6.0;-4.0;24.0
1140.0;2020.0;3540.0;6080.0;997.0;1541.0;1020.0;1830.0;3290.0;5780.0;958.0;1513.0;-7.0;6.0;-4.0;25.0
1160.0;2070.0;3580.0;6190.0;1012.0;1550.0;1010.0;1790.0;3260.0;5690.0;953.0;1511.0;-5.0;6.0;-2.0;37.0
1160.0;2090.0;3630.0;6300.0;1022.0;1573.0;1040.0;1860.0;3310.0;5780.0;969.0;1511.0;0.0;9.0;-1.0;31.0
1150.0;2050.0;3550.0;6130.0;1002.0;1569.0;1020.0;1830.0;3280.0;5730.0;964.0;1522.0;-2.0;9.0;-2.0;30.0
1140.0;2040.0;3540.0;6120.0;1008.0;1559.0;1030.0;1840.0;3330.0;5810.0;969.0;1544.0;1.0;13.0;-1.0;52.0
1180.0;2100.0;3640.0;6230.0;1021.0;1573.0;1070.0;1910.0;3410.0;5970.0;986.0;1543.0;-2.0;26.0;-1.0;87.0
1220.0;2180.0;3780.0;6480.0;1061.0;1618.0;1110.0;1970.0;3550.0;6130.0;1012.0;1584.0;-2.0;22.0;-3.0;94.0
1250.0;2210.0;3870.0;6610.0;1078.0;1646.0;1090.0;1960.0;3510.0;6160.0;1022.0;1610.0;-2.0;28.0;-3.0;113.0
1280.0;2260.0;3920.0;6670.0;1089.0;1672.0;1140.0;2030.0;3630.0;6330.0;1048.0;1624.0;-2.0;35.0;2.0;115.0
1330.0;2350.0;4050.0;6930.0;1125.0;1705.0;1120.0;2000.0;3600.0;6360.0;1053.0;1664.0;-5.0;34.0;2.0;123.0
1320.0;2360.0;4070.0;6990.0;1143.0;1727.0;1170.0;2080.0;3700.0;6470.0;1070.0;1677.0;-4.0;33.0;2.0;123.0
1340.0;2380.0;4110.0;7040.0;1138.0;1740.0;1180.0;2100.0;3780.0;6610.0;1089.0;1707.0;-3.0;39.0;2.0;133.0
1340.0;2400.0;4180.0;7140.0;1156.0;1774.0;1170.0;2090.0;3760.0;6620.0;1106.0;1728.0;-3.0;42.0;2.0;145.0
1400.0;2480.0;4330.0;7460.0;1199.0;1830.0;1220.0;2180.0;3910.0;6820.0;1128.0;1777.0;-3.0;36.0;5.0;147.0
1450.0;2570.0;4420.0;7530.0;1220.0;1864.0;1230.0;2210.0;3980.0;7010.0;1155.0;1806.0;8.0;42.0;8.0;156.0
1450.0;2570.0;4450.0;7700.0;1245.0;1873.0;1320.0;2350.0;4170.0;7100.0;1176.0;1840.0;9.0;50.0;12.0;159.0
1490.0;2630.0;4550.0;7820.0;1270.0;1903.0;1350.0;2370.0;4220.0;7300.0;1193.0;1850.0;-1.0;51.0;12.0;175.0
1560.0;2760.0;4760.0;8080.0;1307.0;1963.0;1370.0;2400.0;4250.0;7320.0;1213.0;1915.0;-1.0;45.0;7.0;168.0
1580.0;2800.0;4820.0;8230.0;1319.0;1983.0;1340.0;2400.0;4290.0;7430.0;1231.0;1946.0;-1.0;43.0;8.0;182.0
1610.0;2850.0;4970.0;8430.0;1352.0;2035.0;1450.0;2540.0;4490.0;7730.0;1268.0;1966.0;-3.0;47.0;10.0;188.0
1610.0;2850.0;4900.0;8370.0;1356.0;2047.0;1450.0;2560.0;4570.0;7810.0;1280.0;1992.0;2.0;46.0;8.0;195.0
1680.0;2960.0;5100.0;8660.0;1383.0;2083.0;1470.0;2590.0;4570.0;7910.0;1305.0;2017.0;5.0;52.0;10.0;188.0
1690.0;2960.0;5100.0;8680.0;1399.0;2105.0;1450.0;2580.0;4600.0;7970.0;1309.0;2047.0;5.0;54.0;17.0;198.0
1670.0;2950.0;5070.0;8660.0;1405.0;2115.0;1480.0;2610.0;4640.0;8030.0;1326.0;2052.0;2.0;51.0;14.0;208.0
1730.0;3040.0;5230.0;8940.0;1437.0;2173.0;1540.0;2720.0;4810.0;8290.0;1363.0;2107.0;2.0;54.0;14.0;207.0
1740.0;3060.0;5280.0;9070.0;1462.0;2203.0;1520.0;2710.0;4820.0;8410.0;1387.0;2148.0;2.0;50.0;14.0;209.0
1810.0;3210.0;5510.0;9420.0;1515.0;2258.0;1580.0;2810.0;4960.0;8620.0;1414.0;2200.0;2.0;56.0;5.0;228.0
1890.0;3300.0;5710.0;9670.0;1549.0;2318.0;1620.0;2870.0;5040.0;8790.0;1445.0;2249.0;1.0;64.0;5.0;225.0
1910.0;3350.0;5770.0;9860.0;1591.0;2373.0;1670.0;2940.0;5230.0;8980.0;1485.0;2298.0;2.0;60.0;8.0;231.0
1950.0;3440.0;5900.0;10070.0;1609.0;2401.0;1730.0;3020.0;5380.0;9240.0;1505.0;2320.0;1.0;63.0;8.0;239.0
1990.0;3490.0;5970.0;10140.0;1624.0;2423.0;1760.0;3070.0;5440.0;9370.0;1520.0;2357.0;2.0;72.0;6.0;251.0
2040.0;3580.0;6140.0;10340.0;1660.0;2467.0;1780.0;3130.0;5520.0;9510.0;1548.0;2388.0;2.0;66.0;6.0;258.0
2020.0;3550.0;6140.0;10330.0;1660.0;2465.0;1750.0;3080.0;5440.0;9460.0;1547.0;2392.0;2.0;68.0;6.0;268.0
2040.0;3590.0;6200.0;10450.0;1672.0;2485.0;1780.0;3140.0;5540.0;9480.0;1549.0;2399.0;2.0;73.0;4.0;270.0
2050.0;3610.0;6140.0;10480.0;1690.0;2500.0;1800.0;3170.0;5540.0;9630.0;1579.0;2422.0;2.0;77.0;4.0;281.0
2040.0;3570.0;6180.0;10500.0;1679.0;2516.0;1860.0;3280.0;5770.0;9810.0;1591.0;2443.0;2.0;67.0;1.0;288.0
2130.0;3740.0;6470.0;10890.0;1732.0;2575.0;1860.0;3270.0;5750.0;9930.0;1623.0;2484.0;2.0;75.0;1.0;286.0
2150.0;3760.0;6460.0;10880.0;1737.0;2588.0;1920.0;3330.0;5860.0;9970.0;1635.0;2500.0;-7.0;80.0;-11.0;292.0
2200.0;3830.0;6540.0;11030.0;1759.0;2604.0;1900.0;3320.0;5800.0;10070.0;1644.0;2518.0;-7.0;78.0;-12.0;295.0
2150.0;3770.0;6440.0;10940.0;1744.0;2605.0;1900.0;3350.0;5840.0;10020.0;1629.0;2519.0;-7.0;82.0;-12.0;293.0
2170.0;3790.0;6520.0;10950.0;1755.0;2624.0;1910.0;3340.0;5850.0;10080.0;1633.0;2527.0;-4.0;84.0;-12.0;318.0
2270.0;3930.0;6660.0;11260.0;1791.0;2652.0;1930.0;3400.0;6000.0;10170.0;1662.0;2566.0;-4.0;86.0;-11.0;321.0
2250.0;3920.0;6690.0;11250.0;1789.0;2656.0;2000.0;3480.0;6050.0;10300.0;1677.0;2554.0;-4.0;80.0;-14.0;328.0
2220.0;3890.0;6640.0;11230.0;1788.0;2641.0;1960.0;3410.0;5990.0;10280.0;1669.0;2553.0;-2.0;90.0;-8.0;325.0
2260.0;3940.0;6690.0;11330.0;1804.0;2667.0;1930.0;3410.0;5990.0;10260.0;1665.0;2555.0;-4.0;78.0;-12.0;331.0
2240.0;3900.0;6680.0;11230.0;1787.0;2646.0;1950.0;3380.0;6000.0;10240.0;1661.0;2548.0;-6.0;79.0;-12.0;330.0
2220.0;3870.0;6600.0;11100.0;1763.0;2624.0;1930.0;3390.0;5930.0;10180.0;1643.0;2533.0;-6.0;88.0;-12.0;351.0
2230.0;3860.0;6640.0;11110.0;1760.0;2618.0;1960.0;3400.0;5940.0;10100.0;1640.0;2517.0;-3.0;92.0;-12.0;347.0
2230.0;3880.0;6650.0;11200.0;1768.0;2608.0;1980.0;3420.0;6000.0;10210.0;1633.0;2508.0;-6.0;92.0;-13.0;364.0
2240.0;3900.0;6630.0;11190.0;1780.0;2613.0;1970.0;3450.0;5980.0;10200.0;1642.0;2514.0;-3.0;95.0;-14.0;362.0
2250.0;3930.0;6680.0;11160.0;1773.0;2623.0;1930.0;3390.0;5890.0;10090.0;1635.0;2513.0;-3.0;98.0;-14.0;375.0
2250.0;3910.0;6650.0;11190.0;1776.0;2624.0;1970.0;3440.0;6000.0;10230.0;1646.0;2525.0;-3.0;95.0;-18.0;378.0
2240.0;3900.0;6650.0;11220.0;1782.0;2628.0;1950.0;3430.0;5940.0;10200.0;1659.0;2520.0;-2.0;99.0;-18.0;376.0
2230.0;3890.0;6640.0;11210.0;1780.0;2616.0;1980.0;3470.0;6010.0;10260.0;1649.0;2525.0;-2.0;102.0;-19.0;376.0
2270.0;3940.0;6730.0;11320.0;1785.0;2618.0;1970.0;3440.0;6010.0;10240.0;1645.0;2514.0;-2.0;97.0;-19.0;388.0
2280.0;3970.0;6750.0;11290.0;1796.0;2638.0;1960.0;3390.0;5950.0;10120.0;1649.0;2532.0;-4.0;94.0;-19.0;387.0
2270.0;3940.0;6730.0;11320.0;1787.0;2628.0;2000.0;3470.0;6020.0;10290.0;1661.0;2530.0;-4.0;98.0;-18.0;401.0
2270.0;3920.0;6740.0;11330.0;1793.0;2632.0;1980.0;3450.0;6000.0;10300.0;1654.0;2530.0;-9.0;106.0;-19.0;403.0
2310.0;4030.0;6840.0;11440.0;1800.0;2641.0;1990.0;3430.0;6030.0;10240.0;1665.0;2541.0;-8.0;104.0;-18.0;406.0
2340.0;4040.0;6890.0;11430.0;1806.0;2661.0;2050.0;3560.0;6210.0;10450.0;1693.0;2567.0;-4.0;99.0;-13.0;409.0
2360.0;4100.0;6940.0;11500.0;1830.0;2670.0;2000.0;3490.0;6060.0;10320.0;1671.0;2566.0;-4.0;107.0;-13.0;402.0
2270.0;3940.0;6700.0;11200.0;1777.0;2625.0;2020.0;3520.0;6130.0;10420.0;1674.0;2534.0;-4.0;100.0;-13.0;416.0
2310.0;4010.0;6830.0;11320.0;1794.0;2634.0;2040.0;3560.0;6180.0;10450.0;1666.0;2538.0;-4.0;111.0;-13.0;425.0
2290.0;3970.0;6710.0;11260.0;1781.0;2617.0;2000.0;3490.0;6050.0;10310.0;1665.0;2527.0;-4.0;105.0;-20.0;426.0
2330.0;4030.0;6880.0;11460.0;1815.0;2648.0;2000.0;3490.0;6030.0;10330.0;1669.0;2546.0;-6.0;108.0;-25.0;436.0
2310.0;4010.0;6850.0;11440.0;1818.0;2654.0;2030.0;3530.0;6110.0;10400.0;1677.0;2551.0;-6.0;111.0;-25.0;431.0
2270.0;3960.0;6700.0;11230.0;1785.0;2637.0;2060.0;3580.0;6200.0;10490.0;1673.0;2540.0;-6.0;108.0;-29.0;438.0
2270.0;3930.0;6660.0;11220.0;1780.0;2609.0;2020.0;3500.0;6060.0;10270.0;1655.0;2527.0;-6.0;108.0;-29.0;434.0
2310.0;3980.0;6730.0;11310.0;1792.0;2620.0;2020.0;3520.0;6060.0;10320.0;1667.0;2541.0;-6.0;121.0;-25.0;449.0
2350.0;4070.0;6930.0;11560.0;1827.0;2663.0;2070.0;3570.0;6160.0;10460.0;1675.0;2566.0;-3.0;114.0;-23.0;446.0
2310.0;4000.0;6770.0;11380.0;1798.0;2634.0;2070.0;3590.0;6180.0;10430.0;1683.0;2544.0;-7.0;116.0;-25.0;454.0
2370.0;4080.0;6910.0;11560.0;1827.0;2657.0;2100.0;3630.0;6250.0;10540.0;1692.0;2566.0;-7.0;121.0;-25.0;449.0
2360.0;4070.0;6930.0;11580.0;1827.0;2679.0;2080.0;3590.0;6210.0;10570.0;1704.0;2580.0;-13.0;108.0;-25.0;451.0
2360.0;4100.0;6920.0;11560.0;1817.0;2656.0;2060.0;3570.0;6190.0;10430.0;1684.0;2564.0;-4.0;115.0;-26.0;451.0
2370.0;4100.0;6980.0;11660.0;1832.0;2683.0;2120.0;3630.0;6270.0;10680.0;1705.0;2574.0;-4.0;117.0;-26.0;437.0
2320.0;4030.0;6800.0;11370.0;1804.0;2648.0;2110.0;3620.0;6310.0;10550.0;1680.0;2563.0;-4.0;113.0;-22.0;440.0
2310.0;4000.0;6740.0;11300.0;1792.0;2630.0;2040.0;3560.0;6100.0;10380.0;1671.0;2548.0;-4.0;124.0;-20.0;455.0
2340.0;4040.0;6870.0;11490.0;1807.0;2647.0;2110.0;3640.0;6250.0;10430.0;1684.0;2559.0;-4.0;117.0;-19.0;458.0
2360.0;4090.0;6970.0;11630.0;1825.0;2661.0;2070.0;3590.0;6210.0;10530.0;1691.0;2565.0;-2.0;119.0;-15.0;474.0
2380.0;4120.0;6980.0;11650.0;1838.0;2683.0;2080.0;3600.0;6250.0;10600.0;1701.0;2582.0;-2.0;125.0;-19.0;464.0
2430.0;4210.0;7070.0;11780.0;1856.0;2696.0;2070.0;3610.0;6260.0;10640.0;1713.0;2603.0;-4.0;118.0;-19.0;457.0
2430.0;4180.0;7100.0;11820.0;1860.0;2715.0;2100.0;3620.0;6300.0;10630.0;1715.0;2604.0;-4.0;114.0;-19.0;469.0
2400.0;4120.0;7010.0;11730.0;1852.0;2710.0;2140.0;3700.0;6380.0;10750.0;1730.0;2610.0;-9.0;117.0;-21.0;470.0
2400.0;4170.0;7020.0;11720.0;1857.0;2706.0;2140.0;3710.0;6390.0;10720.0;1720.0;2611.0;-9.0;112.0;-21.0;489.0
2460.0;4250.0;7160.0;11950.0;1881.0;2731.0;2180.0;3750.0;6500.0;10840.0;1733.0;2632.0;-2.0;120.0;-19.0;481.0
2460.0;4220.0;7140.0;11900.0;1874.0;2732.0;2160.0;3760.0;6460.0;10840.0;1733.0;2636.0;-2.0;122.0;-19.0;488.0
2460.0;4230.0;7210.0;11980.0;1891.0;2752.0;2190.0;3760.0;6490.0;10880.0;1747.0;2648.0;-1.0;120.0;-19.0;482.0
2460.0;4260.0;7230.0;11990.0;1898.0;2761.0;2190.0;3770.0;6480.0;10860.0;1752.0;2665.0;4.0;117.0;-17.0;495.0
2480.0;4280.0;7220.0;12040.0;1904.0;2767.0;2170.0;3770.0;6490.0;10970.0;1766.0;2673.0;5.0;132.0;-16.0;498.0
2520.0;4340.0;7330.0;12240.0;1922.0;2800.0;2210.0;3780.0;6530.0;11010.0;1769.0;2683.0;4.0;124.0;-16.0;497.0
2480.0;4260.0;7240.0;12040.0;1904.0;2768.0;2220.0;3840.0;6550.0;11010.0;1769.0;2680.0;4.0;126.0;-14.0;499.0
2530.0;4340.0;7330.0;12260.0;1914.0;2797.0;2240.0;3820.0;6600.0;11180.0;1788.0;2695.0;4.0;127.0;-14.0;509.0
2510.0;4320.0;7300.0;12160.0;1904.0;2799.0;2220.0;3810.0;6530.0;11030.0;1777.0;2696.0;3.0;121.0;-14.0;503.0
2500.0;4310.0;7310.0;12150.0;1919.0;2798.0;2210.0;3810.0;6560.0;11020.0;1779.0;2698.0;-2.0;127.0;-12.0;493.0
2580.0;4420.0;7500.0;12410.0;1952.0;2839.0;2300.0;3940.0;6750.0;11390.0;1810.0;2741.0;-6.0;124.0;-22.0;500.0
2610.0;4460.0;7530.0;12550.0;1973.0;2856.0;2310.0;3990.0;6860.0;11430.0;1821.0;2758.0;-6.0;127.0;-22.0;496.0
2560.0;4400.0;7450.0;12430.0;1956.0;2860.0;2280.0;3930.0;6740.0;11350.0;1819.0;2750.0;-6.0;124.0;-24.0;502.0
2570.0;4420.0;7450.0;12450.0;1968.0;2870.0;2340.0;4010.0;6890.0;11500.0;1820.0;2769.0;-6.0;140.0;-17.0;499.0
2620.0;4480.0;7570.0;12630.0;1983.0;2877.0;2290.0;3950.0;6780.0;11430.0;1837.0;2773.0;-6.0;128.0;-17.0;500.0
2580.0;4440.0;7460.0;12480.0;1966.0;2881.0;2290.0;3940.0;6770.0;11470.0;1833.0;2785.0;0.0;135.0;-10.0;497.0
2630.0;4510.0;7580.0;12650.0;1998.0;2911.0;2330.0;4000.0;6890.0;11600.0;1843.0;2791.0;0.0;131.0;-10.0;505.0
2640.0;4530.0;7600.0;12640.0;1994.0;2907.0;2350.0;4040.0;6900.0;11640.0;1866.0;2797.0;0.0;131.0;-10.0;512.0
2680.0;4570.0;7720.0;12850.0;2018.0;2934.0;2400.0;4100.0;7040.0;11760.0;1872.0;2824.0;0.0;127.0;-9.0;524.0
2650.0;4550.0;7650.0;12800.0;2019.0;2939.0;2380.0;4080.0;6970.0;11700.0;1878.0;2834.0;2.0;132.0;-9.0;527.0
2670.0;4580.0;7750.0;12870.0;2014.0;2946.0;2420.0;4160.0;7080.0;11800.0;1890.0;2850.0;0.0;129.0;-9.0;518.0
2720.0;4640.0;7860.0;13080.0;2050.0;2999.0;2450.0;4180.0;7180.0;11970.0;1909.0;2873.0;-1.0;138.0;-9.0;526.0
2690.0;4620.0;7830.0;12990.0;2055.0;2992.0;2380.0;4110.0;7090.0;11920.0;1906.0;2884.0;-3.0;143.0;-11.0;534.0
2730.0;4690.0;7920.0;13110.0;2055.0;3000.0;2400.0;4130.0;7100.0;11940.0;1909.0;2887.0;-7.0;135.0;-11.0;541.0
2750.0;4690.0;7910.0;13210.0;2076.0;3021.0;2450.0;4200.0;7200.0;12120.0;1934.0;2921.0;-7.0;141.0;-11.0;537.0
2730.0;4700.0;7930.0;13260.0;2078.0;3020.0;2490.0;4270.0;7310.0;12100.0;1923.0;2904.0;-4.0;137.0;-13.0;534.0
2750.0;4720.0;7930.0;13180.0;2063.0;3011.0;2490.0;4250.0;7230.0;12070.0;1923.0;2900.0;-4.0;131.0;-14.0;530.0
2750.0;4730.0;7930.0;13230.0;2075.0;3023.0;2460.0;4200.0;7170.0;12030.0;1940.0;2921.0;1.0;140.0;-13.0;545.0
2780.0;4760.0;7980.0;13310.0;2089.0;3042.0;2490.0;4230.0;7220.0;12110.0;1942.0;2935.0;2.0;142.0;-13.0;555.0
2820.0;4800.0;8110.0;13400.0;2116.0;3066.0;2570.0;4360.0;7440.0;12440.0;1965.0;2959.0;1.0;138.0;-14.0;553.0
2880.0;4890.0;8180.0;13600.0;2127.0;3095.0;2560.0;4360.0;7440.0;12410.0;1963.0;2966.0;1.0;136.0;-14.0;558.0
2830.0;4850.0;8150.0;13530.0;2118.0;3080.0;2550.0;4330.0;7430.0;12380.0;1970.0;2964.0;-5.0;128.0;-16.0;545.0
2820.0;4810.0;8110.0;13440.0;2112.0;3087.0;2520.0;4270.0;7310.0;12230.0;1959.0;2967.0;-8.0;146.0;-18.0;553.0
2820.0;4820.0;8090.0;13390.0;2104.0;3073.0;2500.0;4290.0;7330.0;12270.0;1953.0;2952.0;-11.0;140.0;-23.0;554.0
2780.0;4740.0;7970.0;13320.0;2087.0;3047.0;2480.0;4260.0;7290.0;12190.0;1955.0;2942.0;-8.0;136.0;-23.0;559.0
2810.0;4830.0;8090.0;13410.0;2110.0;3072.0;2550.0;4320.0;7360.0;12320.0;1960.0;2958.0;-8.0;143.0;-23.0;555.0
2850.0;4890.0;8220.0;13610.0;2136.0;3099.0;2590.0;4390.0;7520.0;12520.0;1985.0;2998.0;-8.0;140.0;-17.0;555.0
2840.0;4840.0;8110.0;13460.0;2122.0;3081.0;2520.0;4300.0;7350.0;12350.0;1977.0;2968.0;-1.0;138.0;-16.0;556.0
2820.0;4850.0;8110.0;13470.0;2123.0;3088.0;2560.0;4350.0;7410.0;12400.0;1967.0;2974.0;-1.0;140.0;-13.0;558.0
2870.0;4870.0;8230.0;13600.0;2134.0;3087.0;2520.0;4320.0;7410.0;12380.0;1982.0;2982.0;3.0;147.0;-13.0;568.0
2880.0;4940.0;8260.0;13650.0;2143.0;3106.0;2590.0;4430.0;7540.0;12520.0;1980.0;2997.0;-2.0;150.0;-15.0;570.0
2840.0;4870.0;8160.0;13570.0;2129.0;3095.0;2600.0;4420.0;7500.0;12490.0;1977.0;2988.0;-2.0;143.0;-15.0;577.0
2930.0;4960.0;8310.0;13780.0;2149.0;3123.0;2600.0;4410.0;7470.0;12540.0;1984.0;2992.0;-2.0;141.0;-15.0;569.0
2920.0;4970.0;8310.0;13720.0;2144.0;3119.0;2610.0;4420.0;7500.0;12530.0;2001.0;3009.0;1.0;142.0;-15.0;575.0
2890.0;4930.0;8260.0;13630.0;2144.0;3107.0;2600.0;4410.0;7500.0;12580.0;2000.0;2991.0;-2.0;150.0;-15.0;579.0
2890.0;4920.0;8260.0;13700.0;2147.0;3118.0;2600.0;4430.0;7510.0;12550.0;1996.0;2999.0;1.0;146.0;-15.0;580.0
2900.0;4920.0;8270.0;13670.0;2135.0;3108.0;2620.0;4430.0;7510.0;12520.0;1985.0;2998.0;1.0;156.0;-15.0;583.0
2950.0;4990.0;8330.0;13870.0;2160.0;3130.0;2650.0;4520.0;7620.0;12700.0;2002.0;3025.0;-2.0;150.0;-15.0;589.0
2950.0;5020.0;8390.0;13930.0;2171.0;3153.0;2650.0;4530.0;7720.0;12860.0;2035.0;3043.0;-2.0;138.0;-14.0;580.0
2960.0;5040.0;8420.0;13930.0;2185.0;3151.0;2650.0;4500.0;7640.0;12730.0;2013.0;3038.0;0.0;150.0;-11.0;584.0
2980.0;5080.0;8520.0;14030.0;2195.0;3163.0;2660.0;4490.0;7600.0;12680.0;2017.0;3034.0;-2.0;154.0;-14.0;588.0
2920.0;4950.0;8360.0;13830.0;2167.0;3144.0;2640.0;4460.0;7550.0;12630.0;2012.0;3029.0;0.0;152.0;-11.0;592.0
2930.0;4990.0;8320.0;13870.0;2162.0;3156.0;2670.0;4510.0;7640.0;12720.0;2021.0;3043.0;0.0;148.0;-10.0;600.0
2920.0;4960.0;8330.0;13740.0;2155.0;3136.0;2650.0;4530.0;7670.0;12780.0;2025.0;3035.0;-2.0;154.0;-10.0;600.0
2940.0;5010.0;8360.0;13890.0;2167.0;3141.0;2720.0;4590.0;7760.0;12840.0;2023.0;3040.0;-8.0;159.0;-21.0;597.0
2920.0;4990.0;8310.0;13770.0;2164.0;3151.0;2650.0;4480.0;7590.0;12690.0;2015.0;3034.0;-2.0;153.0;-11.0;603.0
3000.0;5060.0;8480.0;13990.0;2192.0;3190.0;2690.0;4570.0;7700.0;12850.0;2042.0;3078.0;-2.0;145.0;-16.0;599.0
2980.0;5060.0;8470.0;14040.0;2195.0;3165.0;2730.0;4630.0;7790.0;12940.0;2038.0;3051.0;-1.0;157.0;-16.0;606.0
3020.0;5110.0;8520.0;14120.0;2211.0;3205.0;2710.0;4610.0;7840.0;12990.0;2065.0;3096.0;-1.0;154.0;-11.0;598.0
3020.0;5140.0;8590.0;14180.0;2220.0;3223.0;2720.0;4580.0;7790.0;12950.0;2066.0;3101.0;6.0;154.0;-11.0;613.0
3020.0;5130.0;8570.0;14230.0;2227.0;3240.0;2740.0;4640.0;7850.0;13090.0;2080.0;3112.0;6.0;144.0;-11.0;607.0
3020.0;5130.0;8600.0;14270.0;2231.0;3217.0;2720.0;4600.0;7840.0;12950.0;2065.0;3101.0;12.0;159.0;-11.0;600.0
3010.0;5110.0;8550.0;14240.0;2231.0;3245.0;2760.0;4670.0;7900.0;13110.0;2071.0;3129.0;11.0;153.0;-11.0;610.0
3040.0;5180.0;8630.0;14270.0;2233.0;3244.0;2780.0;4700.0;7970.0;13250.0;2090.0;3139.0;3.0;153.0;-11.0;618.0
3070.0;5230.0;8690.0;14410.0;2256.0;3261.0;2820.0;4760.0;8070.0;13340.0;2105.0;3159.0;1.0;163.0;-13.0;623.0
3080.0;5200.0;8710.0;14350.0;2257.0;3276.0;2780.0;4700.0;7990.0;13310.0;2103.0;3179.0;-1.0;160.0;-10.0;628.0
3120.0;5270.0;8800.0;14610.0;2287.0;3309.0;2840.0;4820.0;8130.0;13550.0;2132.0;3203.0;-2.0;155.0;-8.0;633.0
3120.0;5300.0;8880.0;14660.0;2287.0;3319.0;2810.0;4760.0;8020.0;13370.0;2123.0;3197.0;-6.0;158.0;-10.0;628.0
3150.0;5320.0;8870.0;14700.0;2303.0;3332.0;2850.0;4830.0;8130.0;13560.0;2141.0;3215.0;-6.0;153.0;-13.0;638.0
3160.0;5350.0;8870.0;14680.0;2304.0;3345.0;2850.0;4820.0;8180.0;13550.0;2149.0;3234.0;-3.0;162.0;-10.0;632.0
3190.0;5420.0;9010.0;14780.0;2316.0;3351.0;2860.0;4820.0;8150.0;13570.0;2160.0;3241.0;-2.0;164.0;-13.0;644.0
3220.0;5470.0;9150.0;15020.0;2340.0;3385.0;2870.0;4870.0;8200.0;13670.0;2170.0;3253.0;1.0;158.0;-13.0;638.0
3190.0;5380.0;8970.0;14790.0;2319.0;3370.0;2930.0;4920.0;8360.0;13850.0;2173.0;3246.0;1.0;169.0;-7.0;639.0
3190.0;5410.0;9020.0;14930.0;2328.0;3381.0;2890.0;4890.0;8320.0;13760.0;2184.0;3266.0;1.0;161.0;-7.0;647.0
3200.0;5410.0;9030.0;14890.0;2335.0;3388.0;2920.0;4930.0;8320.0;13820.0;2177.0;3275.0;2.0;169.0;-7.0;628.0
3180.0;5400.0;9020.0;14830.0;2331.0;3386.0;2890.0;4910.0;8300.0;13760.0;2180.0;3259.0;2.0;163.0;-6.0;636.0
3220.0;5430.0;9070.0;14940.0;2337.0;3375.0;2960.0;4980.0;8400.0;13880.0;2177.0;3265.0;9.0;166.0;-5.0;643.0
3210.0;5430.0;9040.0;14940.0;2340.0;3391.0;2920.0;4910.0;8290.0;13790.0;2174.0;3256.0;5.0;151.0;-2.0;638.0
3190.0;5370.0;8980.0;14800.0;2319.0;3393.0;2920.0;4900.0;8320.0;13770.0;2173.0;3270.0;5.0;158.0;-2.0;646.0
3200.0;5400.0;9050.0;14910.0;2335.0;3388.0;2950.0;4980.0;8420.0;13910.0;2189.0;3275.0;7.0;164.0;-2.0;647.0
3230.0;5460.0;9180.0;15020.0;2351.0;3397.0;2930.0;4930.0;8340.0;13840.0;2191.0;3285.0;13.0;171.0;-2.0;644.0
3260.0;5500.0;9120.0;15100.0;2351.0;3418.0;2960.0;4980.0;8380.0;13980.0;2212.0;3296.0;7.0;169.0;-2.0;643.0
3210.0;5420.0;9050.0;14960.0;2350.0;3419.0;2990.0;5020.0;8470.0;13940.0;2214.0;3292.0;9.0;164.0;-1.0;648.0
3320.0;5590.0;9280.0;15290.0;2382.0;3455.0;2980.0;5030.0;8450.0;14050.0;2221.0;3314.0;9.0;163.0;0.0;655.0
3320.0;5600.0;9320.0;15340.0;2411.0;3461.0;3030.0;5100.0;8610.0;14210.0;2241.0;3347.0;12.0;169.0;2.0;658.0
3320.0;5600.0;9360.0;15430.0;2410.0;3473.0;3050.0;5100.0;8640.0;14290.0;2247.0;3356.0;9.0;161.0;6.0;654.0
3340.0;5620.0;9360.0;15420.0;2406.0;3470.0;3020.0;5090.0;8570.0;14180.0;2237.0;3353.0;9.0;164.0;5.0;661.0
3300.0;5600.0;9330.0;15370.0;2392.0;3474.0;3040.0;5140.0;8600.0;14220.0;2238.0;3366.0;10.0;166.0;8.0;663.0
3340.0;5640.0;9370.0;15430.0;2402.0;3494.0;3070.0;5140.0;8640.0;14210.0;2249.0;3359.0;1.0;172.0;5.0;668.0
3330.0;5620.0;9360.0;15450.0;2413.0;3489.0;3050.0;5140.0;8680.0;14260.0;2261.0;3375.0;0.0;173.0;-7.0;680.0
3290.0;5560.0;9270.0;15320.0;2392.0;3462.0;3090.0;5160.0;8700.0;14310.0;2242.0;3343.0;0.0;165.0;-7.0;667.0
3320.0;5590.0;9320.0;15350.0;2393.0;3478.0;3020.0;5100.0;8580.0;14230.0;2240.0;3356.0;-1.0;172.0;-2.0;666.0
3380.0;5670.0;9450.0;15570.0;2422.0;3502.0;3030.0;5110.0;8590.0;14290.0;2264.0;3367.0;-2.0;182.0;-8.0;675.0
3350.0;5660.0;9420.0;15470.0;2421.0;3502.0;3140.0;5290.0;8830.0;14470.0;2277.0;3381.0;-1.0;179.0;-2.0;680.0
3410.0;5710.0;9520.0;15570.0;2434.0;3523.0;3090.0;5160.0;8680.0;14340.0;2263.0;3387.0;1.0;176.0;0.0;676.0
3420.0;5750.0;9570.0;15640.0;2436.0;3522.0;3080.0;5200.0;8660.0;14350.0;2268.0;3391.0;-1.0;172.0;0.0;666.0
3370.0;5660.0;9450.0;15520.0;2412.0;3492.0;3110.0;5200.0;8720.0;14350.0;2254.0;3380.0;1.0;174.0;0.0;666.0
3350.0;5650.0;9400.0;15480.0;2406.0;3482.0;3110.0;5230.0;8750.0;14380.0;2270.0;3376.0;1.0;168.0;0.0;673.0
3370.0;5720.0;9430.0;15600.0;2429.0;3504.0;3060.0;5190.0;8770.0;14500.0;2278.0;3396.0;10.0;174.0;12.0;673.0
3390.0;5720.0;9460.0;15570.0;2428.0;3506.0;3080.0;5190.0;8740.0;14390.0;2269.0;3387.0;6.0;168.0;2.0;683.0
3410.0;5730.0;9490.0;15560.0;2432.0;3521.0;3100.0;5200.0;8730.0;14400.0;2263.0;3389.0;8.0;176.0;2.0;686.0
3400.0;5730.0;9500.0;15670.0;2437.0;3524.0;3090.0;5200.0;8690.0;14380.0;2277.0;3403.0;6.0;172.0;2.0;685.0
3360.0;5660.0;9440.0;15460.0;2425.0;3511.0;3160.0;5290.0;8830.0;14500.0;2276.0;3393.0;5.0;170.0;2.0;688.0
3400.0;5720.0;9530.0;15600.0;2425.0;3519.0;3090.0;5200.0;8750.0;14530.0;2272.0;3414.0;10.0;171.0;1.0;686.0
3440.0;5750.0;9530.0;15570.0;2438.0;3521.0;3130.0;5240.0;8800.0;14510.0;2280.0;3404.0;4.0;182.0;-3.0;685.0
3400.0;5720.0;9480.0;15560.0;2430.0;3514.0;3100.0;5190.0;8770.0;14500.0;2283.0;3392.0;4.0;175.0;-3.0;688.0
3430.0;5760.0;9560.0;15730.0;2443.0;3530.0;3150.0;5310.0;8840.0;14560.0;2286.0;3417.0;-1.0;177.0;-6.0;694.0
3440.0;5790.0;9600.0;15770.0;2444.0;3554.0;3160.0;5320.0;8900.0;14610.0;2300.0;3423.0;-4.0;174.0;-15.0;720.0
3450.0;5820.0;9630.0;15790.0;2460.0;3553.0;3180.0;5320.0;8930.0;14790.0;2308.0;3430.0;-4.0;187.0;-16.0;736.0
3460.0;5780.0;9590.0;15800.0;2463.0;3550.0;3160.0;5290.0;8820.0;14690.0;2300.0;3437.0;-8.0;194.0;-16.0;767.0
3470.0;5800.0;9680.0;15910.0;2482.0;3567.0;3180.0;5320.0;8900.0;14660.0;2317.0;3429.0;-9.0;204.0;-18.0;828.0
3430.0;5760.0;9580.0;15770.0;2465.0;3550.0;3180.0;5320.0;8950.0;14720.0;2296.0;3444.0;-8.0;209.0;-27.0;852.0
3500.0;5890.0;9730.0;15960.0;2483.0;3600.0;3200.0;5360.0;9010.0;14790.0;2334.0;3481.0;-8.0;222.0;-27.0;877.0
3480.0;5860.0;9780.0;15970.0;2486.0;3610.0;3200.0;5400.0;9080.0;14930.0;2336.0;3497.0;-8.0;224.0;-33.0;872.0
3520.0;5910.0;9850.0;16120.0;2513.0;3643.0;3210.0;5370.0;9060.0;14910.0;2350.0;3488.0;-8.0;229.0;-33.0;879.0
3540.0;5960.0;9880.0;16120.0;2510.0;3654.0;3220.0;5420.0;9080.0;14990.0;2358.0;3523.0;-8.0;223.0;-33.0;876.0
3540.0;5930.0;9820.0;16190.0;2527.0;3641.0;3250.0;5470.0;9130.0;14980.0;2352.0;3515.0;-4.0;230.0;-33.0;874.0
3530.0;5930.0;9830.0;16140.0;2519.0;3632.0;3300.0;5510.0;9200.0;15090.0;2364.0;3520.0;-5.0;216.0;-36.0;869.0
3590.0;6010.0;9930.0;16260.0;2539.0;3672.0;3240.0;5440.0;9110.0;15050.0;2365.0;3537.0;-4.0;226.0;-36.0;877.0
3560.0;5970.0;9880.0;16230.0;2531.0;3664.0;3270.0;5520.0;9230.0;15180.0;2374.0;3525.0;-5.0;219.0;-36.0;881.0
3510.0;5920.0;9820.0;16140.0;2519.0;3655.0;3250.0;5440.0;9130.0;15040.0;2362.0;3532.0;-5.0;218.0;-32.0;882.0
3490.0;5880.0;9780.0;16030.0;2511.0;3643.0;3270.0;5480.0;9130.0;14980.0;2360.0;3521.0;-5.0;222.0;-23.0;881.0
3550.0;5960.0;9910.0;16230.0;2536.0;3650.0;3260.0;5450.0;9120.0;15070.0;2361.0;3527.0;-4.0;216.0;-23.0;883.0
3560.0;5950.0;9910.0;16240.0;2531.0;3662.0;3300.0;5500.0;9130.0;15070.0;2366.0;3544.0;-4.0;231.0;-28.0;878.0
3590.0;5990.0;9960.0;16290.0;2544.0;3677.0;3230.0;5420.0;9090.0;15020.0;2381.0;3551.0;-4.0;226.0;-28.0;887.0
3590.0;6040.0;9980.0;16320.0;2537.0;3680.0;3320.0;5530.0;9230.0;15180.0;2377.0;3556.0;-4.0;219.0;-28.0;889.0
3600.0;6010.0;9970.0;16360.0;2556.0;3690.0;3310.0;5520.0;9230.0;15210.0;2385.0;3559.0;-4.0;223.0;-28.0;892.0
3610.0;6040.0;9990.0;16430.0;2551.0;3708.0;3290.0;5550.0;9290.0;15240.0;2390.0;3566.0;-3.0;229.0;-28.0;907.0
3620.0;6060.0;9990.0;16470.0;2567.0;3710.0;3310.0;5550.0;9280.0;15290.0;2400.0;3590.0;-7.0;228.0;-28.0;880.0
3610.0;6030.0;9990.0;16380.0;2551.0;3712.0;3330.0;5570.0;9320.0;15230.0;2398.0;3580.0;-2.0;232.0;-25.0;890.0
3630.0;6070.0;10040.0;16500.0;2567.0;3720.0;3340.0;5570.0;9310.0;15160.0;2402.0;3592.0;-2.0;223.0;-24.0;881.0
3590.0;6010.0;9930.0;16360.0;2555.0;3712.0;3390.0;5640.0;9380.0;15400.0;2410.0;3599.0;-7.0;226.0;-25.0;881.0
3630.0;6100.0;10090.0;16480.0;2573.0;3723.0;3430.0;5710.0;9530.0;15570.0;2420.0;3610.0;-9.0;233.0;-28.0;900.0
3640.0;6120.0;10090.0;16600.0;2591.0;3752.0;3430.0;5730.0;9520.0;15580.0;2427.0;3626.0;-9.0;223.0;-33.0;901.0
3730.0;6230.0;10310.0;16820.0;2617.0;3780.0;3440.0;5760.0;9580.0;15660.0;2458.0;3656.0;-10.0;231.0;-33.0;912.0
3720.0;6220.0;10280.0;16900.0;2614.0;3763.0;3380.0;5680.0;9530.0;15590.0;2444.0;3636.0;-10.0;222.0;-33.0;906.0
3710.0;6200.0;10190.0;16770.0;2611.0;3764.0;3390.0;5650.0;9430.0;15610.0;2445.0;3644.0;-10.0;235.0;-33.0;901.0
3730.0;6240.0;10240.0;16840.0;2609.0;3775.0;3410.0;5700.0;9530.0;15590.0;2448.0;3644.0;-10.0;229.0;-34.0;912.0
3700.0;6200.0;10300.0;16770.0;2613.0;3785.0;3390.0;5680.0;9430.0;15510.0;2444.0;3639.0;-7.0;224.0;-33.0;913.0
3720.0;6200.0;10230.0;16770.0;2611.0;3770.0;3400.0;5670.0;9490.0;15550.0;2442.0;3630.0;-7.0;226.0;-34.0;909.0
3740.0;6280.0;10300.0;16880.0;2620.0;3803.0;3430.0;5720.0;9500.0;15650.0;2466.0;3671.0;-7.0;234.0;-34.0;910.0
3730.0;6270.0;10350.0;16950.0;2628.0;3790.0;3470.0;5770.0;9640.0;15810.0;2473.0;3679.0;-7.0;232.0;-30.0;908.0
3730.0;6230.0;10290.0;16830.0;2624.0;3806.0;3450.0;5740.0;9580.0;15670.0;2455.0;3673.0;0.0;234.0;-28.0;918.0
3760.0;6310.0;10410.0;17020.0;2646.0;3810.0;3480.0;5770.0;9640.0;15800.0;2478.0;3680.0;-7.0;245.0;-30.0;933.0
3770.0;6310.0;10390.0;16930.0;2637.0;3813.0;3470.0;5820.0;9720.0;15920.0;2475.0;3695.0;-9.0;228.0;-30.0;964.0
3790.0;6320.0;10460.0;17070.0;2656.0;3831.0;3470.0;5750.0;9570.0;15760.0;2466.0;3669.0;-9.0;244.0;-34.0;980.0
3760.0;6300.0;10330.0;17020.0;2645.0;3821.0;3490.0;5810.0;9680.0;15770.0;2481.0;3708.0;-12.0;245.0;-47.0;982.0
3770.0;6290.0;10400.0;17040.0;2642.0;3822.0;3470.0;5780.0;9700.0;15900.0;2495.0;3688.0;-16.0;265.0;-47.0;1048.0
3800.0;6320.0;10480.0;17070.0;2645.0;3823.0;3500.0;5840.0;9670.0;15850.0;2477.0;3698.0;-12.0;282.0;-46.0;1102.0
3800.0;6320.0;10490.0;17060.0;2650.0;3826.0;3500.0;5830.0;9700.0;15880.0;2475.0;3691.0;-12.0;277.0;-46.0;1122.0
3780.0;6310.0;10420.0;17070.0;2654.0;3828.0;3480.0;5830.0;9700.0;15910.0;2495.0;3717.0;-13.0;286.0;-46.0;1128.0
3770.0;6280.0;10400.0;16960.0;2639.0;3822.0;3500.0;5840.0;9660.0;15950.0;2484.0;3696.0;-13.0;289.0;-46.0;1150.0
3780.0;6300.0;10410.0;16970.0;2644.0;3812.0;3450.0;5800.0;9660.0;15810.0;2482.0;3708.0;-9.0;304.0;-53.0;1204.0
3790.0;6310.0;10390.0;16970.0;2643.0;3827.0;3550.0;5890.0;9760.0;15960.0;2488.0;3716.0;-13.0;316.0;-54.0;1237.0
3820.0;6360.0;10500.0;17120.0;2663.0;3850.0;3530.0;5890.0;9780.0;16000.0;2504.0;3721.0;-14.0;324.0;-54.0;1256.0
3810.0;6330.0;10460.0;17230.0;2668.0;3845.0;3480.0;5820.0;9720.0;15940.0;2493.0;3725.0;-15.0;314.0;-54.0;1275.0
3730.0;6220.0;10380.0;17020.0;2640.0;3825.0;3560.0;5920.0;9830.0;16020.0;2494.0;3710.0;-14.0;333.0;-54.0;1326.0
3810.0;6380.0;10540.0;17210.0;2673.0;3852.0;3540.0;5920.0;9830.0;16100.0;2508.0;3725.0;-15.0;349.0;-60.0;1384.0
3840.0;6370.0;10540.0;17170.0;2666.0;3853.0;3520.0;5880.0;9790.0;16040.0;2509.0;3727.0;-15.0;377.0;-76.0;1465.0
3860.0;6440.0;10600.0;17320.0;2685.0;3875.0;3570.0;5920.0;9830.0;16120.0;2521.0;3736.0;-18.0;382.0;-86.0;1484.0
3830.0;6390.0;10560.0;17240.0;2676.0;3865.0;3510.0;5850.0;9750.0;16050.0;2518.0;3737.0;-18.0;392.0;-86.0;1525.0
3880.0;6420.0;10600.0;17320.0;2687.0;3887.0;3570.0;5960.0;9950.0;16240.0;2536.0;3753.0;-18.0;390.0;-86.0;1537.0
3850.0;6410.0;10550.0;17290.0;2686.0;3882.0;3570.0;5950.0;9840.0;16060.0;2522.0;3761.0;-13.0;389.0;-76.0;1557.0
3910.0;6510.0;10730.0;17460.0;2698.0;3905.0;3590.0;5980.0;9910.0;16240.0;2538.0;3780.0;-13.0;402.0;-76.0;1583.0
3940.0;6530.0;10790.0;17470.0;2723.0;3925.0;3590.0;5990.0;9960.0;16280.0;2551.0;3791.0;-13.0;407.0;-76.0;1616.0
3960.0;6580.0;10830.0;17600.0;2735.0;3937.0;3640.0;6060.0;10070.0;16450.0;2569.0;3795.0;-15.0;423.0;-84.0;1666.0
3920.0;6520.0;10720.0;17460.0;2705.0;3922.0;3590.0;5950.0;9940.0;16160.0;2547.0;3792.0;-19.0;430.0;-92.0;1679.0
3880.0;6470.0;10620.0;17360.0;2704.0;3913.0;3580.0;5950.0;9930.0;16160.0;2540.0;3778.0;-22.0;444.0;-95.0;1750.0
3880.0;6440.0;10640.0;17360.0;2694.0;3907.0;3650.0;6030.0;10000.0;16270.0;2553.0;3783.0;-26.0;474.0;-97.0;1849.0
3900.0;6500.0;10680.0;17490.0;2713.0;3934.0;3600.0;5990.0;9960.0;16300.0;2549.0;3827.0;-26.0;475.0;-100.0;1880.0
3950.0;6600.0;10870.0;17710.0;2738.0;3954.0;3670.0;6070.0;10140.0;16580.0;2570.0;3819.0;-26.0;482.0;-106.0;1916.0
3960.0;6610.0;10850.0;17640.0;2747.0;3972.0;3670.0;6080.0;10150.0;16640.0;2583.0;3835.0;-26.0;515.0;-107.0;1996.0
3960.0;6590.0;10880.0;17760.0;2769.0;3993.0;3680.0;6130.0;10150.0;16550.0;2584.0;3852.0;-25.0;530.0;-116.0;2057.0
3960.0;6580.0;10860.0;17700.0;2754.0;3985.0;3680.0;6160.0;10250.0;16670.0;2588.0;3856.0;-25.0;543.0;-118.0;2131.0
3960.0;6610.0;10860.0;17750.0;2746.0;3981.0;3670.0;6070.0;10040.0;16440.0;2582.0;3835.0;-29.0;538.0;-119.0;2146.0
3940.0;6560.0;10780.0;17620.0;2737.0;3966.0;3710.0;6140.0;10150.0;16560.0;2584.0;3831.0;-28.0;565.0;-123.0;2238.0
3980.0;6660.0;10890.0;17770.0;2762.0;3994.0;3620.0;6040.0;10100.0;16480.0;2582.0;3850.0;-29.0;572.0;-123.0;2279.0
4010.0;6630.0;10910.0;17770.0;2756.0;3990.0;3680.0;6140.0;10210.0;16620.0;2598.0;3861.0;-30.0;586.0;-123.0;2285.0
4040.0;6730.0;11020.0;17860.0;2775.0;4013.0;3710.0;6140.0;10180.0;16680.0;2607.0;3868.0;-29.0;579.0;-123.0;2279.0
3950.0;6590.0;10810.0;17720.0;2741.0;3981.0;3690.0;6120.0;10150.0;16570.0;2598.0;3849.0;-28.0;584.0;-126.0;2295.0
3990.0;6630.0;10950.0;17970.0;2781.0;4029.0;3700.0;6150.0;10250.0;16680.0;2617.0;3883.0;-29.0;585.0;-122.0;2303.0
4010.0;6680.0;11050.0;17930.0;2793.0;4033.0;3710.0;6150.0;10230.0;16650.0;2617.0;3899.0;-29.0;590.0;-126.0;2307.0
4040.0;6720.0;11000.0;18000.0;2804.0;4037.0;3710.0;6170.0;10230.0;16840.0;2628.0;3894.0;-29.0;589.0;-130.0;2309.0
4060.0;6710.0;11030.0;17990.0;2800.0;4048.0;3700.0;6130.0;10290.0;16920.0;2634.0;3905.0;-29.0;588.0;-126.0;2314.0
4040.0;6700.0;11070.0;18070.0;2805.0;4058.0;3770.0;6270.0;10400.0;16930.0;2639.0;3912.0;-31.0;583.0;-126.0;2324.0
4060.0;6750.0;11120.0;18120.0;2800.0;4036.0;3730.0;6180.0;10260.0;16770.0;2625.0;3925.0;-31.0;591.0;-126.0;2334.0
4100.0;6790.0;11160.0;18150.0;2814.0;4056.0;3810.0;6300.0;10450.0;17040.0;2638.0;3931.0;-28.0;601.0;-122.0;2336.0
4080.0;6750.0;11150.0;18110.0;2815.0;4057.0;3780.0;6240.0;10380.0;16930.0;2651.0;3925.0;-27.0;593.0;-122.0;2341.0
4090.0;6800.0;11170.0;18250.0;2832.0;4087.0;3770.0;6260.0;10420.0;16970.0;2652.0;3939.0;-27.0;595.0;-120.0;2350.0
4070.0;6750.0;11130.0;18140.0;2806.0;4053.0;3800.0;6280.0;10410.0;16980.0;2654.0;3916.0;-27.0;601.0;-120.0;2360.0
4050.0;6730.0;11150.0;18170.0;2830.0;4078.0;3780.0;6280.0;10360.0;16990.0;2649.0;3941.0;-25.0;609.0;-117.0;2369.0
4110.0;6860.0;11260.0;18390.0;2833.0;4088.0;3840.0;6380.0;10580.0;17180.0;2684.0;3974.0;-25.0;609.0;-117.0;2388.0
4180.0;6950.0;11380.0;18550.0;2872.0;4129.0;3830.0;6360.0;10490.0;17270.0;2676.0;3981.0;-25.0;609.0;-117.0;2397.0
4150.0;6890.0;11310.0;18400.0;2857.0;4117.0;3850.0;6330.0;10490.0;17120.0;2673.0;3981.0;-27.0;620.0;-132.0;2465.0
4130.0;6840.0;11210.0;18310.0;2841.0;4102.0;3800.0;6320.0;10510.0;17210.0;2675.0;3979.0;-25.0;631.0;-127.0;2487.0
4080.0;6790.0;11200.0;18310.0;2838.0;4117.0;3850.0;6330.0;10520.0;17100.0;2667.0;3967.0;-27.0;640.0;-135.0;2514.0
4100.0;6860.0;11260.0;18370.0;2836.0;4110.0;3850.0;6390.0;10570.0;17200.0;2676.0;3966.0;-27.0;650.0;-135.0;2537.0
4100.0;6800.0;11180.0;18240.0;2816.0;4081.0;3800.0;6320.0;10450.0;17050.0;2659.0;3945.0;-25.0;660.0;-131.0;2596.0
4150.0;6870.0;11270.0;18310.0;2836.0;4106.0;3850.0;6400.0;10570.0;17230.0;2677.0;3962.0;-25.0;677.0;-131.0;2650.0
4130.0;6830.0;11220.0;18280.0;2832.0;4105.0;3880.0;6430.0;10660.0;17320.0;2684.0;3964.0;-25.0;676.0;-133.0;2685.0
4110.0;6840.0;11210.0;18250.0;2833.0;4097.0;3880.0;6420.0;10520.0;17200.0;2665.0;3960.0;-25.0;698.0;-133.0;2717.0
4130.0;6860.0;11250.0;18360.0;2848.0;4113.0;3860.0;6410.0;10570.0;17300.0;2694.0;3986.0;-31.0;702.0;-140.0;2779.0
4080.0;6780.0;11150.0;18230.0;2824.0;4089.0;3830.0;6370.0;10500.0;17160.0;2669.0;3959.0;-33.0;715.0;-147.0;2833.0
4050.0;6730.0;11100.0;18110.0;2817.0;4082.0;3850.0;6360.0;10560.0;17190.0;2675.0;3934.0;-33.0;732.0;-148.0;2869.0
4120.0;6830.0;11260.0;18250.0;2842.0;4106.0;3850.0;6360.0;10550.0;17290.0;2670.0;3962.0;-36.0;742.0;-152.0;2895.0
4190.0;6930.0;11370.0;18440.0;2854.0;4124.0;3860.0;6400.0;10550.0;17210.0;2703.0;3978.0;-45.0;749.0;-165.0;2969.0
4140.0;6870.0;11260.0;18290.0;2843.0;4112.0;3900.0;6450.0;10650.0;17410.0;2691.0;3982.0;-45.0;763.0;-182.0;3008.0
4140.0;6860.0;11250.0;18330.0;2850.0;4120.0;3900.0;6470.0;10630.0;17270.0;2677.0;3977.0;-47.0;762.0;-184.0;3014.0
4120.0;6860.0;11280.0;18400.0;2848.0;4130.0;3890.0;6430.0;10620.0;17280.0;2691.0;3995.0;-48.0;768.0;-187.0;3010.0
4120.0;6840.0;11270.0;18430.0;2848.0;4133.0;3870.0;6410.0;10570.0;17310.0;2686.0;4001.0;-48.0;771.0;-207.0;3051.0
4190.0;6930.0;11370.0;18510.0;2872.0;4155.0;3940.0;6530.0;10770.0;17390.0;2708.0;3993.0;-47.0;775.0;-207.0;3069.0
4200.0;7000.0;11490.0;18680.0;2879.0;4160.0;3900.0;6460.0;10700.0;17440.0;2722.0;4035.0;-49.0;794.0;-210.0;3117.0
4220.0;7010.0;11470.0;18660.0;2892.0;4174.0;3880.0;6440.0;10700.0;17470.0;2735.0;4027.0;-51.0;801.0;-212.0;3147.0
4210.0;6980.0;11440.0;18710.0;2900.0;4190.0;3960.0;6560.0;10810.0;17590.0;2724.0;4047.0;-51.0;809.0;-219.0;3190.0
4290.0;7060.0;11590.0;18850.0;2915.0;4203.0;3970.0;6580.0;10860.0;17650.0;2750.0;4082.0;-49.0;822.0;-219.0;3202.0
4270.0;7080.0;11590.0;18830.0;2918.0;4220.0;3930.0;6500.0;10760.0;17600.0;2743.0;4076.0;-60.0;819.0;-228.0;3218.0
4260.0;7030.0;11570.0;18880.0;2933.0;4214.0;3950.0;6560.0;10800.0;17590.0;2749.0;4082.0;-60.0;822.0;-228.0;3225.0
4270.0;7090.0;11670.0;18950.0;2924.0;4232.0;3970.0;6560.0;10840.0;17750.0;2754.0;4081.0;-55.0;821.0;-226.0;3225.0
4270.0;7080.0;11570.0;18870.0;2931.0;4233.0;3990.0;6620.0;10910.0;17830.0;2760.0;4091.0;-55.0;815.0;-226.0;3233.0
4330.0;7130.0;11690.0;19070.0;2944.0;4254.0;3970.0;6550.0;10850.0;17770.0;2770.0;4099.0;-55.0;826.0;-226.0;3234.0
4350.0;7210.0;11760.0;19140.0;2967.0;4277.0;4020.0;6690.0;11000.0;17820.0;2785.0;4111.0;-50.0;829.0;-225.0;3253.0
4330.0;7180.0;11780.0;19150.0;2955.0;4269.0;4050.0;6700.0;11030.0;17910.0;2793.0;4137.0;-50.0;830.0;-225.0;3252.0
4360.0;7190.0;11800.0;19210.0;2973.0;4276.0;4000.0;6610.0;10970.0;17820.0;2777.0;4135.0;-50.0;836.0;-229.0;3258.0
4340.0;7180.0;11780.0;19110.0;2971.0;4276.0;4040.0;6660.0;10970.0;17850.0;2787.0;4115.0;-50.0;831.0;-236.0;3269.0
4330.0;7140.0;11730.0;19120.0;2956.0;4268.0;4010.0;6590.0;10880.0;17790.0;2781.0;4135.0;-58.0;840.0;-239.0;3271.0
4340.0;7180.0;11730.0;19070.0;2960.0;4275.0;3970.0;6580.0;10870.0;17820.0;2773.0;4120.0;-61.0;846.0;-255.0;3293.0
4320.0;7160.0;11700.0;19110.0;2949.0;4268.0;4020.0;6630.0;10970.0;17930.0;2792.0;4103.0;-61.0;839.0;-257.0;3301.0
4330.0;7140.0;11710.0;19010.0;2951.0;4286.0;4050.0;6650.0;10960.0;17940.0;2802.0;4139.0;-66.0;842.0;-258.0;3299.0
4330.0;7160.0;11780.0;19160.0;2960.0;4270.0;4040.0;6690.0;11040.0;17910.0;2794.0;4117.0;-66.0;849.0;-267.0;3323.0
4340.0;7160.0;11770.0;19070.0;2956.0;4266.0;4060.0;6710.0;11080.0;18000.0;2788.0;4143.0;-70.0;845.0;-268.0;3331.0
4330.0;7190.0;11790.0;19210.0;2969.0;4289.0;4090.0;6760.0;11170.0;18080.0;2801.0;4131.0;-63.0;852.0;-273.0;3341.0
4400.0;7270.0;11860.0;19340.0;2988.0;4302.0;4040.0;6690.0;11110.0;18000.0;2802.0;4159.0;-66.0;853.0;-282.0;3343.0
4390.0;7210.0;11810.0;19180.0;2984.0;4294.0;4070.0;6720.0;11110.0;18060.0;2809.0;4158.0;-66.0;853.0;-283.0;3378.0
4390.0;7250.0;11950.0;19380.0;3001.0;4309.0;4090.0;6780.0;11200.0;18140.0;2826.0;4165.0;-66.0;869.0;-286.0;3391.0
4380.0;7260.0;11860.0;19290.0;2992.0;4320.0;4090.0;6790.0;11170.0;18060.0;2827.0;4183.0;-66.0;861.0;-291.0;3399.0
4350.0;7210.0;11850.0;19320.0;2994.0;4314.0;4020.0;6650.0;11040.0;18020.0;2801.0;4142.0;-67.0;866.0;-309.0;3423.0
4340.0;7160.0;11790.0;19210.0;2984.0;4298.0;4060.0;6680.0;11060.0;17970.0;2808.0;4146.0;-68.0;881.0;-312.0;3460.0
4330.0;7170.0;11730.0;19160.0;2967.0;4284.0;4050.0;6700.0;11070.0;18000.0;2794.0;4142.0;-68.0;883.0;-323.0;3463.0
4290.0;7130.0;11750.0;19040.0;2960.0;4276.0;4070.0;6720.0;11090.0;17960.0;2795.0;4138.0;-83.0;885.0;-324.0;3496.0
4340.0;7200.0;11750.0;19130.0;2958.0;4271.0;4060.0;6710.0;11040.0;18070.0;2813.0;4147.0;-84.0;889.0;-326.0;3502.0
4410.0;7300.0;11960.0;19440.0;2980.0;4314.0;4120.0;6810.0;11180.0;18200.0;2828.0;4181.0;-83.0;890.0;-326.0;3498.0
4380.0;7200.0;11830.0;19210.0;2979.0;4311.0;4070.0;6750.0;11130.0;17980.0;2811.0;4167.0;-83.0;894.0;-326.0;3494.0
4430.0;7310.0;11970.0;19410.0;2986.0;4324.0;4120.0;6790.0;11200.0;18200.0;2819.0;4164.0;-83.0;891.0;-323.0;3511.0
4410.0;7260.0;11880.0;19370.0;2999.0;4326.0;4100.0;6730.0;11050.0;18080.0;2818.0;4187.0;-82.0;896.0;-322.0;3513.0
4400.0;7250.0;11900.0;19290.0;2987.0;4327.0;4070.0;6740.0;11170.0;18190.0;2828.0;4200.0;-79.0;887.0;-321.0;3534.0
4420.0;7280.0;11940.0;19410.0;3002.0;4332.0;4080.0;6740.0;11150.0;18130.0;2823.0;4197.0;-79.0;894.0;-321.0;3535.0
4470.0;7380.0;12100.0;19600.0;3031.0;4349.0;4070.0;6770.0;11200.0;18210.0;2841.0;4195.0;-79.0;898.0;-321.0;3552.0
4430.0;7320.0;12050.0;19490.0;3012.0;4336.0;4120.0;6790.0;11270.0;18220.0;2846.0;4207.0;-79.0;904.0;-321.0;3564.0
4440.0;7360.0;12050.0;19520.0;3017.0;4355.0;4130.0;6790.0;11240.0;18230.0;2838.0;4220.0;-81.0;902.0;-325.0;3564.0
4450.0;7350.0;12020.0;19490.0;3015.0;4353.0;4100.0;6770.0;11190.0;18180.0;2828.0;4206.0;-82.0;913.0;-330.0;3565.0
4460.0;7360.0;12060.0;19470.0;3015.0;4343.0;4130.0;6820.0;11240.0;18260.0;2850.0;4216.0;-82.0;906.0;-333.0;3576.0
4470.0;7330.0;12060.0;19550.0;3027.0;4362.0;4180.0;6940.0;11370.0;18420.0;2865.0;4218.0;-84.0;910.0;-333.0;3579.0
4460.0;7370.0;12120.0;19660.0;3023.0;4382.0;4200.0;6910.0;11390.0;18520.0;2880.0;4238.0;-81.0;922.0;-347.0;3649.0
4480.0;7420.0;12100.0;19680.0;3036.0;4383.0;4180.0;6920.0;11380.0;18550.0;2870.0;4235.0;-86.0;922.0;-347.0;3650.0
4480.0;7420.0;12100.0;19600.0;3032.0;4400.0;4160.0;6820.0;11320.0;18440.0;2865.0;4244.0;-81.0;933.0;-361.0;3656.0
4500.0;7410.0;12170.0;19730.0;3046.0;4401.0;4210.0;6970.0;11530.0;18710.0;2888.0;4258.0;-91.0;923.0;-365.0;3674.0
4510.0;7430.0;12170.0;19840.0;3059.0;4416.0;4120.0;6840.0;11310.0;18500.0;2876.0;4257.0;-91.0;935.0;-377.0;3710.0
4460.0;7390.0;12090.0;19650.0;3039.0;4402.0;4250.0;6990.0;11470.0;18520.0;2864.0;4245.0;-91.0;950.0;-407.0;3746.0
4510.0;7460.0;12160.0;19780.0;3065.0;4423.0;4180.0;6910.0;11420.0;18480.0;2885.0;4270.0;-93.0;949.0;-408.0;3756.0
4510.0;7460.0;12190.0;19790.0;3063.0;4416.0;4230.0;6960.0;11470.0;18690.0;2894.0;4264.0;-100.0;952.0;-408.0;3749.0
4500.0;7410.0;12180.0;19800.0;3060.0;4422.0;4200.0;6960.0;11400.0;18580.0;2883.0;4258.0;-100.0;951.0;-420.0;3764.0
4560.0;7480.0;12240.0;19790.0;3067.0;4426.0;4260.0;7010.0;11500.0;18710.0;2897.0;4287.0;-102.0;957.0;-422.0;3759.0
4530.0;7490.0;12240.0;19970.0;3080.0;4441.0;4230.0;6930.0;11390.0;18570.0;2884.0;4263.0;-103.0;965.0;-438.0;3800.0
4540.0;7500.0;12290.0;19850.0;3074.0;4441.0;4290.0;7090.0;11630.0;18670.0;2898.0;4295.0;-108.0;964.0;-448.0;3817.0
4560.0;7510.0;12270.0;19850.0;3078.0;4452.0;4220.0;6980.0;11460.0;18730.0;2904.0;4297.0;-108.0;962.0;-455.0;3824.0
4600.0;7560.0;12380.0;20110.0;3090.0;4456.0;4280.0;7020.0;11490.0;18660.0;2902.0;4306.0;-113.0;978.0;-458.0;3832.0
4600.0;7570.0;12420.0;20090.0;3100.0;4463.0;4250.0;6980.0;11510.0;18730.0;2917.0;4304.0;-113.0;962.0;-468.0;3827.0
4580.0;7570.0;12430.0;20180.0;3095.0;4468.0;4270.0;7040.0;11540.0;18710.0;2921.0;4322.0;-114.0;967.0;-472.0;3828.0
4480.0;7420.0;12180.0;19920.0;3073.0;4450.0;4200.0;6950.0;11460.0;18630.0;2907.0;4295.0;-114.0;968.0;-472.0;3837.0
4540.0;7490.0;12240.0;19840.0;3070.0;4440.0;4250.0;6980.0;11510.0;18630.0;2894.0;4289.0;-110.0;972.0;-472.0;3841.0
4560.0;7530.0;12300.0;20050.0;3087.0;4463.0;4250.0;6990.0;11560.0;18730.0;2913.0;4329.0;-108.0;977.0;-468.0;3850.0
4560.0;7500.0;12260.0;19940.0;3089.0;4473.0;4270.0;7030.0;11580.0;18750.0;2907.0;4304.0;-110.0;965.0;-475.0;3838.0
4540.0;7470.0;12210.0;19820.0;3074.0;4434.0;4220.0;6950.0;11440.0;18470.0;2889.0;4288.0;-110.0;967.0;-475.0;3843.0
4510.0;7460.0;12190.0;19800.0;3061.0;4425.0;4270.0;7020.0;11480.0;18600.0;2885.0;4282.0;-116.0;977.0;-478.0;3858.0
4490.0;7460.0;12220.0;19820.0;3065.0;4439.0;4220.0;6970.0;11470.0;18700.0;2909.0;4301.0;-117.0;987.0;-498.0;3898.0
4570.0;7570.0;12340.0;19970.0;3088.0;4446.0;4310.0;7120.0;11700.0;18860.0;2914.0;4309.0;-118.0;991.0;-503.0;3923.0
4620.0;7630.0;12450.0;20160.0;3109.0;4479.0;4290.0;7090.0;11670.0;18920.0;2935.0;4324.0;-121.0;994.0;-503.0;3933.0
4620.0;7620.0;12430.0;20130.0;3115.0;4483.0;4300.0;7040.0;11600.0;18750.0;2916.0;4330.0;-126.0;992.0;-509.0;3937.0
4600.0;7600.0;12420.0;20090.0;3101.0;4480.0;4330.0;7140.0;11720.0;18980.0;2943.0;4361.0;-126.0;990.0;-508.0;3941.0
4630.0;7640.0;12470.0;20230.0;3125.0;4509.0;4260.0;7030.0;11560.0;18780.0;2919.0;4348.0;-123.0;991.0;-508.0;3951.0
4600.0;7580.0;12390.0;20080.0;3111.0;4491.0;4270.0;7040.0;11570.0;18860.0;2934.0;4355.0;-123.0;996.0;-510.0;3971.0
4630.0;7650.0;12500.0;20260.0;3131.0;4498.0;4340.0;7160.0;11710.0;18930.0;2942.0;4352.0;-123.0;1005.0;-513.0;3975.0
4580.0;7580.0;12430.0;20060.0;3119.0;4491.0;4330.0;7100.0;11670.0;19070.0;2942.0;4350.0;-121.0;1007.0;-513.0;3976.0
4590.0;7590.0;12400.0;20150.0;3133.0;4510.0;4320.0;7120.0;11760.0;19030.0;2958.0;4370.0;-117.0;1010.0;-513.0;3984.0
4610.0;7570.0;12420.0;20180.0;3116.0;4520.0;4310.0;7130.0;11780.0;19070.0;2953.0;4372.0;-117.0;1008.0;-513.0;4000.0
4660.0;7660.0;12510.0;20330.0;3135.0;4533.0;4350.0;7170.0;11810.0;19110.0;2978.0;4377.0;-129.0;1009.0;-517.0;4003.0
4640.0;7640.0;12510.0;20360.0;3147.0;4537.0;4330.0;7120.0;11750.0;19060.0;2960.0;4376.0;-117.0;1013.0;-517.0;4002.0
4600.0;7610.0;12470.0;20280.0;3126.0;4520.0;4410.0;7240.0;11890.0;19200.0;2979.0;4398.0;-122.0;1023.0;-520.0;4015.0
4680.0;7730.0;12610.0;20410.0;3143.0;4528.0;4380.0;7200.0;11850.0;19150.0;2968.0;4364.0;-129.0;1011.0;-530.0;4006.0
4590.0;7600.0;12430.0;20140.0;3121.0;4524.0;4350.0;7150.0;11770.0;19080.0;2968.0;4383.0;-122.0;1012.0;-533.0;4020.0
4650.0;7650.0;12520.0;20320.0;3140.0;4519.0;4340.0;7130.0;11760.0;19110.0;2969.0;4370.0;-122.0;1020.0;-533.0;4015.0
4670.0;7690.0;12590.0;20410.0;3143.0;4547.0;4340.0;7160.0;11840.0;19080.0;2959.0;4375.0;-129.0;1019.0;-540.0;4031.0
4660.0;7650.0;12570.0;20340.0;3143.0;4536.0;4370.0;7200.0;11800.0;19230.0;2965.0;4391.0;-130.0;1021.0;-542.0;4031.0
4640.0;7660.0;12510.0;20330.0;3145.0;4538.0;4360.0;7230.0;11890.0;19250.0;2972.0;4387.0;-130.0;1015.0;-542.0;4025.0
4640.0;7630.0;12520.0;20310.0;3140.0;4535.0;4370.0;7170.0;11790.0;19210.0;2962.0;4400.0;-130.0;1021.0;-542.0;4029.0
4640.0;7640.0;12620.0;20430.0;3153.0;4537.0;4370.0;7190.0;11770.0;19030.0;2967.0;4386.0;-130.0;1016.0;-542.0;4043.0
4660.0;7660.0;12590.0;20430.0;3150.0;4549.0;4320.0;7120.0;11770.0;19150.0;2974.0;4396.0;-128.0;1026.0;-542.0;4039.0
4700.0;7720.0;12660.0;20470.0;3162.0;4554.0;4400.0;7250.0;11920.0;19270.0;2984.0;4411.0;-128.0;1023.0;-543.0;4037.0
4710.0;7730.0;12650.0;20580.0;3181.0;4562.0;4370.0;7180.0;11860.0;19250.0;2987.0;4407.0;-135.0;1024.0;-545.0;4050.0
4660.0;7690.0;12660.0;20500.0;3168.0;4565.0;4440.0;7290.0;12020.0;19390.0;3002.0;4431.0;-135.0;1021.0;-545.0;4060.0
4730.0;7810.0;12760.0;20560.0;3191.0;4565.0;4380.0;7230.0;11880.0;19340.0;2985.0;4417.0;-131.0;1025.0;-549.0;4060.0
4710.0;7770.0;12700.0;20650.0;3171.0;4577.0;4460.0;7330.0;12040.0;19400.0;2997.0;4442.0;-131.0;1030.0;-551.0;4075.0
4730.0;7810.0;12750.0;20610.0;3169.0;4600.0;4430.0;7290.0;12010.0;19400.0;3012.0;4444.0;-128.0;1023.0;-551.0;4090.0
4710.0;7760.0;12710.0;20640.0;3180.0;4596.0;4450.0;7300.0;12010.0;19360.0;3006.0;4437.0;-128.0;1037.0;-552.0;4093.0
4740.0;7790.0;12760.0;20600.0;3177.0;4600.0;4450.0;7290.0;11980.0;19360.0;3004.0;4431.0;-131.0;1034.0;-572.0;4111.0
4770.0;7860.0;12770.0;20670.0;3184.0;4613.0;4430.0;7280.0;12040.0;19460.0;3021.0;4467.0;-146.0;1043.0;-591.0;4141.0
4780.0;7870.0;12820.0;20720.0;3202.0;4610.0;4450.0;7310.0;11960.0;19350.0;3024.0;4464.0;-148.0;1051.0;-608.0;4174.0
4780.0;7890.0;12880.0;20890.0;3203.0;4621.0;4440.0;7290.0;11920.0;19430.0;3022.0;4463.0;-148.0;1051.0;-610.0;4175.0
4670.0;7710.0;12650.0;20430.0;3160.0;4587.0;4410.0;7290.0;11930.0;19370.0;2999.0;4432.0;-146.0;1055.0;-610.0;4164.0
4640.0;7630.0;12530.0;20450.0;3168.0;4577.0;4400.0;7270.0;12000.0;19370.0;3004.0;4439.0;-145.0;1061.0;-610.0;4185.0
4730.0;7800.0;12770.0;20730.0;3192.0;4597.0;4430.0;7290.0;11980.0;19520.0;3025.0;4450.0;-143.0;1061.0;-610.0;4181.0
4750.0;7820.0;12780.0;20710.0;3191.0;4632.0;4450.0;7330.0;12020.0;19460.0;3019.0;4463.0;-143.0;1059.0;-610.0;4182.0
4750.0;7800.0;12810.0;20800.0;3201.0;4640.0;4440.0;7330.0;12090.0;19500.0;3024.0;4475.0;-142.0;1048.0;-611.0;4176.0
4710.0;7780.0;12710.0;20620.0;3190.0;4604.0;4440.0;7310.0;12050.0;19580.0;3043.0;4463.0;-145.0;1054.0;-613.0;4179.0
4770.0;7870.0;12870.0;20720.0;3193.0;4618.0;4430.0;7280.0;12010.0;19480.0;3031.0;4458.0;-142.0;1053.0;-611.0;4183.0
4730.0;7800.0;12770.0;20730.0;3206.0;4614.0;4510.0;7420.0;12120.0;19580.0;3024.0;4462.0;-142.0;1057.0;-611.0;4182.0
4730.0;7830.0;12810.0;20760.0;3205.0;4631.0;4460.0;7310.0;11960.0;19410.0;3031.0;4468.0;-142.0;1061.0;-611.0;4186.0
4770.0;7860.0;12850.0;20870.0;3215.0;4648.0;4470.0;7330.0;12020.0;19510.0;3030.0;4494.0;-142.0;1059.0;-610.0;4193.0
4790.0;7900.0;12890.0;20880.0;3213.0;4645.0;4450.0;7310.0;12080.0;19520.0;3055.0;4495.0;-142.0;1052.0;-610.0;4179.0
4740.0;7820.0;12810.0;20700.0;3200.0;4631.0;4440.0;7300.0;12010.0;19490.0;3031.0;4484.0;-146.0;1058.0;-611.0;4180.0
4760.0;7810.0;12770.0;20690.0;3199.0;4615.0;4480.0;7370.0;12060.0;19620.0;3028.0;4481.0;-146.0;1055.0;-613.0;4195.0
4870.0;8020.0;13050.0;21060.0;3238.0;4667.0;4460.0;7330.0;12080.0;19670.0;3043.0;4486.0;-140.0;1049.0;-613.0;4197.0
4840.0;7980.0;13000.0;20990.0;3243.0;4665.0;4530.0;7430.0;12200.0;19640.0;3056.0;4506.0;-146.0;1060.0;-615.0;4189.0
4830.0;7940.0;13020.0;20920.0;3238.0;4669.0;4470.0;7370.0;12150.0;19730.0;3050.0;4514.0;-145.0;1059.0;-613.0;4191.0
4780.0;7910.0;12860.0;20820.0;3211.0;4646.0;4500.0;7420.0;12170.0;19650.0;3047.0;4507.0;-145.0;1061.0;-613.0;4191.0
4780.0;7880.0;12860.0;20930.0;3232.0;4675.0;4500.0;7390.0;12240.0;19780.0;3061.0;4510.0;-145.0;1065.0;-621.0;4199.0
4820.0;7920.0;12950.0;20960.0;3231.0;4645.0;4550.0;7460.0;12230.0;19740.0;3058.0;4504.0;-145.0;1053.0;-621.0;4188.0
4900.0;8050.0;13140.0;21190.0;3255.0;4677.0;4480.0;7370.0;12080.0;19640.0;3059.0;4509.0;-145.0;1055.0;-618.0;4181.0
4890.0;8010.0;13100.0;21150.0;3243.0;4682.0;4560.0;7470.0;12290.0;19910.0;3084.0;4529.0;-145.0;1055.0;-618.0;4198.0
4870.0;8010.0;13100.0;21180.0;3262.0;4693.0;4610.0;7550.0;12380.0;20040.0;3091.0;4536.0;-143.0;1059.0;-618.0;4197.0
4920.0;8070.0;13160.0;21250.0;3280.0;4718.0;4590.0;7560.0;12400.0;20020.0;3095.0;4560.0;-143.0;1059.0;-618.0;4204.0
4880.0;8030.0;13140.0;21290.0;3272.0;4736.0;4610.0;7570.0;12440.0;20080.0;3098.0;4583.0;-147.0;1058.0;-618.0;4211.0
4880.0;8060.0;13160.0;21230.0;3281.0;4718.0;4560.0;7520.0;12350.0;19960.0;3097.0;4564.0;-147.0;1056.0;-619.0;4197.0
4910.0;8060.0;13230.0;21290.0;3280.0;4711.0;4610.0;7630.0;12460.0;20070.0;3113.0;4559.0;-150.0;1065.0;-621.0;4203.0
4900.0;8070.0;13170.0;21350.0;3287.0;4733.0;4590.0;7520.0;12290.0;20000.0;3080.0;4567.0;-150.0;1064.0;-621.0;4200.0
4900.0;8050.0;13140.0;21230.0;3289.0;4738.0;4610.0;7560.0;12410.0;20040.0;3105.0;4565.0;-140.0;1063.0;-621.0;4190.0
4900.0;8060.0;13150.0;21210.0;3279.0;4722.0;4570.0;7500.0;12310.0;19940.0;3087.0;4560.0;-140.0;1068.0;-621.0;4200.0
4900.0;8080.0;13140.0;21310.0;3290.0;4740.0;4590.0;7570.0;12380.0;20100.0;3110.0;4583.0;-151.0;1057.0;-628.0;4201.0
4940.0;8090.0;13220.0;21290.0;3293.0;4718.0;4570.0;7530.0;12300.0;19960.0;3096.0;4562.0;-151.0;1056.0;-618.0;4208.0
4970.0;8150.0;13230.0;21360.0;3284.0;4731.0;4600.0;7560.0;12400.0;20020.0;3112.0;4571.0;-151.0;1049.0;-622.0;4197.0
4870.0;8040.0;13080.0;21150.0;3287.0;4735.0;4560.0;7520.0;12400.0;20060.0;3109.0;4564.0;-151.0;1054.0;-622.0;4200.0
4910.0;8060.0;13160.0;21220.0;3278.0;4727.0;4590.0;7550.0;12370.0;19960.0;3112.0;4575.0;-150.0;1068.0;-618.0;4195.0
4880.0;8010.0;13080.0;21290.0;3287.0;4722.0;4630.0;7580.0;12420.0;20090.0;3113.0;4596.0;-149.0;1060.0;-617.0;4183.0
4890.0;8050.0;13160.0;21260.0;3282.0;4736.0;4590.0;7510.0;12400.0;19990.0;3101.0;4576.0;-146.0;1060.0;-617.0;4192.0
4830.0;7980.0;13060.0;21100.0;3280.0;4717.0;4560.0;7530.0;12330.0;19990.0;3097.0;4573.0;-146.0;1063.0;-617.0;4211.0
4920.0;8080.0;13150.0;21260.0;3286.0;4734.0;4580.0;7530.0;12350.0;20040.0;3102.0;4582.0;-146.0;1058.0;-618.0;4185.0
4860.0;7970.0;13020.0;21050.0;3257.0;4705.0;4610.0;7570.0;12380.0;20000.0;3089.0;4569.0;-146.0;1058.0;-618.0;4200.0
4940.0;8110.0;13230.0;21410.0;3299.0;4740.0;4640.0;7600.0;12380.0;20130.0;3111.0;4598.0;-147.0;1059.0;-618.0;4202.0
4900.0;8080.0;13170.0;21240.0;3292.0;4752.0;4570.0;7490.0;12380.0;20020.0;3108.0;4585.0;-148.0;1054.0;-626.0;4199.0
4910.0;8070.0;13140.0;21260.0;3286.0;4758.0;4640.0;7650.0;12480.0;20250.0;3129.0;4610.0;-147.0;1058.0;-626.0;4211.0
4960.0;8160.0;13340.0;21570.0;3329.0;4782.0;4620.0;7640.0;12550.0;20290.0;3130.0;4619.0;-146.0;1071.0;-627.0;4209.0
5010.0;8230.0;13390.0;21660.0;3336.0;4805.0;4680.0;7690.0;12530.0;20360.0;3147.0;4653.0;-146.0;1064.0;-627.0;4206.0
5000.0;8210.0;13340.0;21650.0;3329.0;4793.0;4630.0;7620.0;12470.0;20230.0;3135.0;4632.0;-146.0;1058.0;-627.0;4204.0
5010.0;8200.0;13430.0;21740.0;3348.0;4806.0;4700.0;7750.0;12690.0;20430.0;3165.0;4642.0;-146.0;1060.0;-628.0;4206.0
5010.0;8210.0;13420.0;21690.0;3346.0;4808.0;4710.0;7730.0;12630.0;20500.0;3168.0;4673.0;-149.0;1056.0;-628.0;4212.0
5050.0;8300.0;13550.0;21910.0;3372.0;4840.0;4790.0;7820.0;12860.0;20610.0;3183.0;4667.0;-153.0;1060.0;-628.0;4204.0
5040.0;8250.0;13470.0;21770.0;3365.0;4835.0;4690.0;7750.0;12700.0;20580.0;3180.0;4680.0;-155.0;1063.0;-629.0;4209.0
5020.0;8210.0;13450.0;21790.0;3349.0;4816.0;4710.0;7700.0;12610.0;20460.0;3165.0;4655.0;-153.0;1053.0;-629.0;4206.0
5000.0;8240.0;13470.0;21770.0;3348.0;4820.0;4740.0;7760.0;12670.0;20560.0;3156.0;4656.0;-151.0;1056.0;-629.0;4207.0
5030.0;8280.0;13480.0;21760.0;3349.0;4816.0;4700.0;7740.0;12690.0;20530.0;3165.0;4659.0;-151.0;1062.0;-628.0;4202.0
5050.0;8280.0;13550.0;21830.0;3367.0;4838.0;4710.0;7810.0;12790.0;20610.0;3184.0;4663.0;-150.0;1060.0;-628.0;4201.0
4980.0;8170.0;13360.0;21630.0;3343.0;4806.0;4720.0;7790.0;12660.0;20510.0;3149.0;4658.0;-149.0;1049.0;-623.0;4201.0
4990.0;8180.0;13420.0;21610.0;3349.0;4801.0;4660.0;7630.0;12610.0;20330.0;3160.0;4668.0;-149.0;1064.0;-623.0;4205.0
4990.0;8220.0;13340.0;21660.0;3331.0;4792.0;4640.0;7610.0;12520.0;20290.0;3141.0;4648.0;-150.0;1060.0;-629.0;4197.0
5000.0;8200.0;13410.0;21680.0;3336.0;4797.0;4730.0;7740.0;12710.0;20450.0;3155.0;4651.0;-151.0;1058.0;-630.0;4208.0
4990.0;8170.0;13400.0;21620.0;3340.0;4809.0;4670.0;7660.0;12640.0;20470.0;3163.0;4648.0;-151.0;1057.0;-630.0;4210.0
4970.0;8170.0;13370.0;21500.0;3327.0;4803.0;4650.0;7680.0;12590.0;20400.0;3168.0;4653.0;-151.0;1063.0;-630.0;4201.0
4980.0;8180.0;13330.0;21520.0;3342.0;4802.0;4690.0;7690.0;12570.0;20340.0;3159.0;4673.0;-149.0;1067.0;-630.0;4202.0
5000.0;8280.0;13490.0;21760.0;3349.0;4825.0;4720.0;7760.0;12750.0;20510.0;3149.0;4676.0;-147.0;1061.0;-628.0;4206.0
5010.0;8240.0;13420.0;21710.0;3350.0;4834.0;4710.0;7750.0;12660.0;20520.0;3178.0;4680.0;-147.0;1055.0;-628.0;4209.0
5010.0;8230.0;13410.0;21680.0;3345.0;4844.0;4700.0;7680.0;12640.0;20520.0;3172.0;4665.0;-144.0;1055.0;-626.0;4211.0
5040.0;8290.0;13500.0;21860.0;3369.0;4852.0;4740.0;7750.0;12690.0;20510.0;3185.0;4672.0;-144.0;1065.0;-626.0;4210.0
5010.0;8280.0;13480.0;21790.0;3374.0;4851.0;4730.0;7790.0;12800.0;20680.0;3177.0;4683.0;-144.0;1065.0;-620.0;4218.0
5040.0;8300.0;13480.0;21860.0;3374.0;4850.0;4750.0;7790.0;12800.0;20670.0;3192.0;4702.0;-148.0;1058.0;-620.0;4211.0
5100.0;8380.0;13640.0;21960.0;3370.0;4854.0;4730.0;7760.0;12720.0;20620.0;3194.0;4693.0;-147.0;1056.0;-620.0;4205.0
5000.0;8210.0;13430.0;21660.0;3344.0;4835.0;4760.0;7780.0;12770.0;20580.0;3162.0;4670.0;-148.0;1058.0;-628.0;4216.0
4990.0;8220.0;13460.0;21810.0;3361.0;4840.0;4720.0;7750.0;12770.0;20560.0;3182.0;4682.0;-152.0;1059.0;-628.0;4213.0
5050.0;8260.0;13470.0;21790.0;3365.0;4859.0;4740.0;7800.0;12710.0;20650.0;3171.0;4663.0;-156.0;1072.0;-629.0;4202.0
5020.0;8220.0;13420.0;21750.0;3342.0;4824.0;4740.0;7740.0;12710.0;20530.0;3169.0;4682.0;-152.0;1058.0;-629.0;4206.0
4970.0;8190.0;13420.0;21670.0;3344.0;4805.0;4620.0;7610.0;12470.0;20240.0;3148.0;4658.0;-152.0;1060.0;-628.0;4205.0
4960.0;8180.0;13330.0;21560.0;3334.0;4809.0;4700.0;7680.0;12590.0;20390.0;3157.0;4661.0;-156.0;1059.0;-629.0;4206.0
5050.0;8300.0;13570.0;21790.0;3369.0;4825.0;4740.0;7790.0;12730.0;20600.0;3180.0;4677.0;-156.0;1055.0;-629.0;4214.0
5020.0;8260.0;13480.0;21810.0;3354.0;4831.0;4690.0;7740.0;12690.0;20570.0;3176.0;4683.0;-150.0;1058.0;-626.0;4210.0
5060.0;8290.0;13470.0;21810.0;3350.0;4822.0;4740.0;7790.0;12780.0;20480.0;3170.0;4693.0;-150.0;1056.0;-628.0;4211.0
5040.0;8270.0;13460.0;21740.0;3347.0;4845.0;4700.0;7690.0;12610.0;20420.0;3173.0;4683.0;-150.0;1058.0;-630.0;4217.0
5080.0;8330.0;13560.0;21840.0;3367.0;4876.0;4800.0;7890.0;12900.0;20860.0;3209.0;4712.0;-145.0;1061.0;-628.0;4221.0
5120.0;8400.0;13660.0;22010.0;3407.0;4886.0;4760.0;7830.0;12750.0;20560.0;3180.0;4699.0;-145.0;1055.0;-628.0;4212.0
5080.0;8320.0;13540.0;21920.0;3377.0;4859.0;4750.0;7780.0;12770.0;20660.0;3200.0;4687.0;-150.0;1065.0;-630.0;4217.0
5100.0;8360.0;13610.0;21950.0;3362.0;4884.0;4750.0;7780.0;12770.0;20620.0;3195.0;4718.0;-155.0;1057.0;-634.0;4210.0
5100.0;8390.0;13630.0;22010.0;3385.0;4873.0;4710.0;7760.0;12760.0;20620.0;3197.0;4706.0;-155.0;1062.0;-634.0;4213.0
5110.0;8400.0;13680.0;22110.0;3397.0;4893.0;4770.0;7790.0;12770.0;20710.0;3206.0;4729.0;-155.0;1061.0;-635.0;4223.0
5110.0;8400.0;13690.0;22120.0;3408.0;4909.0;4770.0;7810.0;12760.0;20720.0;3212.0;4728.0;-155.0;1070.0;-634.0;4222.0
5130.0;8410.0;13750.0;22090.0;3419.0;4894.0;4840.0;7910.0;12970.0;20790.0;3217.0;4740.0;-148.0;1068.0;-634.0;4209.0
5150.0;8420.0;13750.0;22200.0;3426.0;4921.0;4800.0;7850.0;12880.0;20850.0;3236.0;4762.0;-148.0;1071.0;-634.0;4215.0
5120.0;8410.0;13710.0;22220.0;3412.0;4919.0;4880.0;7980.0;13050.0;20980.0;3235.0;4757.0;-149.0;1056.0;-637.0;4223.0
5180.0;8470.0;13800.0;22260.0;3435.0;4929.0;4790.0;7850.0;12830.0;20790.0;3219.0;4749.0;-148.0;1064.0;-634.0;4221.0
5170.0;8460.0;13810.0;22280.0;3420.0;4922.0;4850.0;7950.0;13050.0;21000.0;3243.0;4774.0;-149.0;1056.0;-636.0;4216.0
5180.0;8450.0;13790.0;22420.0;3449.0;4919.0;4850.0;7960.0;13040.0;21010.0;3230.0;4779.0;-149.0;1060.0;-636.0;4220.0
5140.0;8420.0;13770.0;22260.0;3427.0;4926.0;4900.0;8010.0;13080.0;21110.0;3256.0;4770.0;-151.0;1063.0;-636.0;4214.0
5180.0;8490.0;13840.0;22320.0;3451.0;4941.0;4870.0;7950.0;13100.0;21090.0;3244.0;4785.0;-151.0;1061.0;-636.0;4212.0
5140.0;8410.0;13740.0;22210.0;3415.0;4913.0;4790.0;7850.0;12860.0;20820.0;3220.0;4749.0;-152.0;1063.0;-636.0;4215.0
5110.0;8430.0;13720.0;22150.0;3413.0;4913.0;4780.0;7860.0;12910.0;20830.0;3220.0;4748.0;-152.0;1066.0;-634.0;4215.0
5130.0;8430.0;13710.0;22140.0;3421.0;4927.0;4810.0;7850.0;12890.0;20870.0;3235.0;4748.0;-153.0;1068.0;-634.0;4214.0
5090.0;8400.0;13690.0;22150.0;3414.0;4917.0;4800.0;7870.0;12940.0;20900.0;3235.0;4781.0;-153.0;1054.0;-634.0;4207.0
5100.0;8370.0;13640.0;22060.0;3404.0;4909.0;4760.0;7810.0;12830.0;20860.0;3226.0;4763.0;-153.0;1062.0;-634.0;4218.0
5120.0;8430.0;13760.0;22250.0;3425.0;4929.0;4850.0;7940.0;13010.0;20990.0;3251.0;4777.0;-153.0;1066.0;-634.0;4207.0
5150.0;8430.0;13750.0;22210.0;3421.0;4943.0;4870.0;8010.0;13130.0;21170.0;3251.0;4769.0;-153.0;1066.0;-634.0;4215.0
5110.0;8400.0;13670.0;22160.0;3424.0;4935.0;4880.0;8000.0;13080.0;21120.0;3247.0;4772.0;-155.0;1068.0;-635.0;4210.0
5180.0;8480.0;13830.0;22250.0;3440.0;4950.0;4870.0;7980.0;13070.0;21150.0;3261.0;4784.0;-155.0;1067.0;-640.0;4217.0
5190.0;8550.0;13860.0;22360.0;3433.0;4949.0;4860.0;7930.0;13050.0;20980.0;3247.0;4785.0;-155.0;1061.0;-640.0;4219.0
5170.0;8510.0;13890.0;22360.0;3446.0;4962.0;4900.0;8030.0;13050.0;21190.0;3278.0;4793.0;-155.0;1064.0;-640.0;4222.0
5180.0;8500.0;13890.0;22410.0;3452.0;4963.0;4890.0;8040.0;13110.0;21180.0;3247.0;4796.0;-151.0;1055.0;-638.0;4216.0
5190.0;8530.0;13850.0;22420.0;3445.0;4956.0;4820.0;7930.0;13040.0;21020.0;3262.0;4812.0;-151.0;1065.0;-628.0;4219.0
5130.0;8430.0;13750.0;22290.0;3438.0;4951.0;4870.0;7950.0;13090.0;21070.0;3257.0;4801.0;-151.0;1064.0;-628.0;4208.0
5120.0;8410.0;13710.0;22210.0;3421.0;4930.0;4850.0;7950.0;13010.0;20930.0;3234.0;4784.0;-151.0;1065.0;-636.0;4218.0
5110.0;8420.0;13740.0;22190.0;3431.0;4950.0;4860.0;7960.0;13030.0;21100.0;3254.0;4760.0;-151.0;1061.0;-636.0;4217.0
5180.0;8480.0;13860.0;22350.0;3426.0;4937.0;4890.0;7980.0;13100.0;21110.0;3250.0;4800.0;-151.0;1064.0;-636.0;4218.0
5200.0;8540.0;13910.0;22440.0;3460.0;4966.0;4880.0;8000.0;13060.0;21160.0;3260.0;4796.0;-152.0;1062.0;-642.0;4218.0
5140.0;8410.0;13680.0;22170.0;3435.0;4949.0;4890.0;8010.0;13050.0;20990.0;3245.0;4806.0;-157.0;1073.0;-642.0;4221.0
5190.0;8560.0;13950.0;22450.0;3455.0;4962.0;4870.0;7990.0;13050.0;21110.0;3264.0;4787.0;-157.0;1067.0;-641.0;4215.0
5220.0;8540.0;13980.0;22460.0;3452.0;4981.0;4910.0;8030.0;13180.0;21180.0;3267.0;4825.0;-157.0;1062.0;-641.0;4219.0
5240.0;8570.0;13960.0;22550.0;3456.0;4979.0;4930.0;8080.0;13110.0;21170.0;3280.0;4812.0;-157.0;1056.0;-641.0;4229.0
5240.0;8600.0;13960.0;22620.0;3468.0;4977.0;4830.0;7930.0;12990.0;21030.0;3259.0;4822.0;-157.0;1075.0;-641.0;4233.0
5220.0;8540.0;13910.0;22410.0;3442.0;4974.0;4920.0;8060.0;13150.0;21220.0;3276.0;4813.0;-157.0;1064.0;-641.0;4223.0
5190.0;8510.0;13850.0;22360.0;3452.0;4972.0;4900.0;8060.0;13160.0;21260.0;3265.0;4799.0;-151.0;1062.0;-641.0;4227.0
5220.0;8560.0;13920.0;22410.0;3458.0;4970.0;4900.0;8070.0;13140.0;21240.0;3276.0;4810.0;-151.0;1068.0;-636.0;4221.0
5190.0;8510.0;13870.0;22360.0;3455.0;4984.0;4870.0;8010.0;13180.0;21200.0;3275.0;4813.0;-148.0;1064.0;-632.0;4223.0
5240.0;8600.0;14010.0;22540.0;3454.0;4994.0;4860.0;7990.0;13120.0;21240.0;3276.0;4830.0;-156.0;1070.0;-636.0;4224.0
5200.0;8550.0;13960.0;22590.0;3462.0;4988.0;4900.0;8040.0;13140.0;21170.0;3273.0;4820.0;-156.0;1071.0;-636.0;4223.0
5200.0;8550.0;13960.0;22390.0;3462.0;4983.0;4930.0;8090.0;13220.0;21210.0;3279.0;4834.0;-156.0;1072.0;-641.0;4221.0
5240.0;8610.0;14000.0;22650.0;3480.0;5004.0;4910.0;8090.0;13210.0;21450.0;3296.0;4844.0;-156.0;1064.0;-642.0;4230.0
5250.0;8630.0;14050.0;22630.0;3489.0;5004.0;4940.0;8070.0;13200.0;21320.0;3276.0;4856.0;-156.0;1054.0;-642.0;4228.0
5250.0;8630.0;14120.0;22710.0;3470.0;5021.0;4860.0;8040.0;13090.0;21280.0;3296.0;4852.0;-154.0;1056.0;-641.0;4228.0
5270.0;8670.0;14120.0;22680.0;3486.0;5021.0;4910.0;8000.0;13110.0;21270.0;3290.0;4860.0;-152.0;1063.0;-640.0;4225.0
5220.0;8580.0;13970.0;22610.0;3483.0;5002.0;4950.0;8090.0;13180.0;21260.0;3297.0;4845.0;-152.0;1061.0;-640.0;4229.0
5200.0;8530.0;13930.0;22480.0;3463.0;5005.0;4920.0;8070.0;13240.0;21430.0;3295.0;4853.0;-154.0;1058.0;-640.0;4224.0
5240.0;8600.0;13990.0;22580.0;3478.0;5005.0;4950.0;8120.0;13300.0;21370.0;3304.0;4854.0;-157.0;1061.0;-647.0;4223.0
5290.0;8640.0;14060.0;22780.0;3485.0;5024.0;4960.0;8150.0;13360.0;21420.0;3302.0;4868.0;-157.0;1061.0;-648.0;4231.0
5290.0;8690.0;14150.0;22830.0;3498.0;5021.0;4930.0;8090.0;13290.0;21340.0;3297.0;4870.0;-157.0;1063.0;-648.0;4224.0
5210.0;8590.0;14020.0;22720.0;3504.0;5036.0;4980.0;8120.0;13310.0;21400.0;3309.0;4867.0;-154.0;1067.0;-648.0;4232.0
5270.0;8670.0;14110.0;22710.0;3497.0;5034.0;4890.0;8020.0;13150.0;21210.0;3300.0;4851.0;-154.0;1064.0;-644.0;4227.0
5300.0;8660.0;14050.0;22730.0;3508.0;5053.0;4920.0;8090.0;13260.0;21450.0;3321.0;4873.0;-154.0;1066.0;-643.0;4226.0
5360.0;8780.0;14250.0;22850.0;3530.0;5063.0;4930.0;8090.0;13280.0;21480.0;3319.0;4905.0;-149.0;1059.0;-639.0;4222.0
5320.0;8740.0;14210.0;22870.0;3526.0;5058.0;4960.0;8170.0;13350.0;21510.0;3326.0;4906.0;-156.0;1065.0;-639.0;4226.0
5340.0;8750.0;14250.0;22960.0;3532.0;5082.0;4980.0;8120.0;13310.0;21620.0;3343.0;4924.0;-157.0;1063.0;-639.0;4226.0
5310.0;8730.0;14280.0;22930.0;3526.0;5087.0;5010.0;8180.0;13460.0;21710.0;3348.0;4927.0;-157.0;1057.0;-638.0;4227.0
5320.0;8700.0;14210.0;22870.0;3526.0;5088.0;5010.0;8250.0;13460.0;21650.0;3354.0;4898.0;-153.0;1066.0;-638.0;4237.0
5350.0;8790.0;14370.0;23050.0;3537.0;5087.0;5040.0;8220.0;13500.0;21630.0;3334.0;4916.0;-153.0;1065.0;-638.0;4220.0
5230.0;8620.0;14080.0;22790.0;3514.0;5068.0;4920.0;8080.0;13260.0;21500.0;3323.0;4900.0;-152.0;1069.0;-636.0;4218.0
5230.0;8600.0;14080.0;22660.0;3504.0;5042.0;4940.0;8110.0;13220.0;21320.0;3301.0;4894.0;-149.0;1064.0;-638.0;4212.0
5290.0;8680.0;14090.0;22850.0;3513.0;5053.0;4950.0;8130.0;13340.0;21490.0;3318.0;4881.0;-146.0;1060.0;-634.0;4224.0
5300.0;8700.0;14130.0;22860.0;3514.0;5060.0;5010.0;8190.0;13440.0;21730.0;3365.0;4921.0;-146.0;1067.0;-634.0;4225.0
5250.0;8630.0;14130.0;22780.0;3517.0;5067.0;4980.0;8210.0;13410.0;21660.0;3341.0;4904.0;-149.0;1072.0;-636.0;4227.0
5310.0;8710.0;14150.0;22890.0;3524.0;5070.0;4980.0;8190.0;13360.0;21590.0;3339.0;4905.0;-149.0;1053.0;-636.0;4226.0
5320.0;8730.0;14210.0;22990.0;3533.0;5074.0;5000.0;8170.0;13410.0;21570.0;3328.0;4926.0;-148.0;1066.0;-633.0;4235.0
5370.0;8780.0;14260.0;22950.0;3531.0;5104.0;5050.0;8280.0;13500.0;21710.0;3339.0;4923.0;-154.0;1070.0;-636.0;4224.0
5320.0;8730.0;14140.0;22910.0;3529.0;5091.0;5060.0;8290.0;13560.0;21810.0;3358.0;4940.0;-152.0;1062.0;-636.0;4223.0
5350.0;8740.0;14260.0;22920.0;3536.0;5096.0;5020.0;8180.0;13450.0;21660.0;3365.0;4936.0;-148.0;1071.0;-633.0;4231.0
5410.0;8830.0;14350.0;23170.0;3541.0;5090.0;5050.0;8220.0;13460.0;21750.0;3361.0;4933.0;-152.0;1070.0;-642.0;4223.0
5360.0;8790.0;14280.0;23100.0;3546.0;5106.0;5070.0;8310.0;13610.0;21820.0;3371.0;4950.0;-158.0;1071.0;-649.0;4231.0
5440.0;8890.0;14490.0;23300.0;3572.0;5130.0;5110.0;8380.0;13620.0;22040.0;3386.0;4981.0;-152.0;1059.0;-642.0;4240.0
5440.0;8890.0;14490.0;23270.0;3583.0;5131.0;5120.0;8370.0;13620.0;21800.0;3380.0;4945.0;-154.0;1072.0;-641.0;4231.0
5440.0;8860.0;14460.0;23200.0;3561.0;5127.0;5070.0;8290.0;13580.0;21910.0;3378.0;4977.0;-156.0;1077.0;-645.0;4230.0
5460.0;8960.0;14540.0;23430.0;3590.0;5142.0;5080.0;8300.0;13550.0;21930.0;3398.0;4953.0;-156.0;1067.0;-645.0;4224.0
5450.0;8910.0;14480.0;23230.0;3577.0;5139.0;5080.0;8320.0;13600.0;22060.0;3387.0;4970.0;-156.0;1064.0;-645.0;4221.0
5310.0;8720.0;14220.0;22980.0;3545.0;5116.0;4950.0;8170.0;13420.0;21740.0;3361.0;4949.0;-156.0;1064.0;-645.0;4229.0
5340.0;8730.0;14190.0;22980.0;3546.0;5104.0;5060.0;8290.0;13490.0;21780.0;3365.0;4946.0;-156.0;1070.0;-645.0;4224.0
5400.0;8840.0;14390.0;23210.0;3560.0;5125.0;5080.0;8300.0;13530.0;21790.0;3363.0;4946.0;-156.0;1068.0;-641.0;4235.0
5380.0;8790.0;14340.0;23140.0;3570.0;5121.0;5070.0;8280.0;13560.0;21860.0;3376.0;4964.0;-156.0;1069.0;-641.0;4224.0
5400.0;8850.0;14390.0;23250.0;3569.0;5144.0;5100.0;8360.0;13650.0;21970.0;3393.0;4985.0;-152.0;1062.0;-641.0;4232.0
5370.0;8810.0;14330.0;23170.0;3568.0;5136.0;5020.0;8260.0;13550.0;21810.0;3380.0;4950.0;-155.0;1058.0;-641.0;4217.0
5360.0;8800.0;14350.0;23160.0;3560.0;5122.0;5030.0;8230.0;13480.0;21730.0;3364.0;4939.0;-152.0;1069.0;-641.0;4219.0
5360.0;8780.0;14290.0;22970.0;3543.0;5129.0;5040.0;8250.0;13470.0;21690.0;3361.0;4957.0;-151.0;1061.0;-641.0;4233.0
5400.0;8870.0;14420.0;23250.0;3562.0;5146.0;5040.0;8230.0;13500.0;21820.0;3376.0;4984.0;-151.0;1070.0;-640.0;4226.0
5430.0;8900.0;14430.0;23310.0;3580.0;5158.0;5060.0;8270.0;13550.0;21870.0;3387.0;4982.0;-152.0;1064.0;-640.0;4233.0
5360.0;8790.0;14240.0;22990.0;3549.0;5127.0;5120.0;8390.0;13730.0;21970.0;3385.0;4987.0;-152.0;1062.0;-639.0;4224.0
5420.0;8840.0;14380.0;23090.0;3569.0;5130.0;5090.0;8330.0;13650.0;21910.0;3382.0;4969.0;-152.0;1065.0;-639.0;4230.0
5420.0;8910.0;14430.0;23270.0;3570.0;5148.0;5090.0;8370.0;13670.0;22070.0;3405.0;4979.0;-152.0;1068.0;-640.0;4239.0
5430.0;8900.0;14500.0;23390.0;3604.0;5159.0;5130.0;8410.0;13720.0;22060.0;3404.0;4989.0;-152.0;1067.0;-639.0;4232.0
5390.0;8810.0;14400.0;23240.0;3580.0;5147.0;5110.0;8410.0;13710.0;22150.0;3403.0;5012.0;-154.0;1066.0;-639.0;4238.0
5450.0;8930.0;14550.0;23380.0;3597.0;5156.0;5130.0;8380.0;13670.0;22090.0;3411.0;5002.0;-154.0;1062.0;-636.0;4226.0
5430.0;8900.0;14500.0;23360.0;3576.0;5154.0;5040.0;8280.0;13540.0;21980.0;3399.0;4998.0;-154.0;1065.0;-644.0;4230.0
5390.0;8850.0;14400.0;23310.0;3589.0;5154.0;5080.0;8340.0;13650.0;21970.0;3393.0;4991.0;-153.0;1067.0;-643.0;4224.0
5420.0;8890.0;14520.0;23330.0;3585.0;5165.0;5120.0;8410.0;13720.0;22110.0;3395.0;4996.0;-154.0;1064.0;-644.0;4216.0
5380.0;8820.0;14380.0;23230.0;3580.0;5146.0;5060.0;8310.0;13590.0;21930.0;3403.0;5001.0;-153.0;1061.0;-643.0;4231.0
5360.0;8820.0;14450.0;23300.0;3582.0;5153.0;5120.0;8370.0;13670.0;22140.0;3387.0;5007.0;-146.0;1073.0;-643.0;4238.0
5430.0;8880.0;14500.0;23370.0;3605.0;5175.0;5060.0;8280.0;13580.0;21900.0;3402.0;5011.0;-146.0;1068.0;-642.0;4233.0
5490.0;8990.0;14530.0;23440.0;3603.0;5183.0;5130.0;8410.0;13790.0;22140.0;3413.0;5007.0;-146.0;1067.0;-642.0;4229.0
5450.0;8910.0;14520.0;23400.0;3603.0;5172.0;5090.0;8330.0;13670.0;22120.0;3400.0;5018.0;-146.0;1067.0;-642.0;4239.0
5460.0;8930.0;14540.0;23570.0;3615.0;5206.0;5100.0;8360.0;13660.0;22150.0;3414.0;5038.0;-154.0;1065.0;-644.0;4235.0
5490.0;9020.0;14630.0;23580.0;3614.0;5207.0;5190.0;8460.0;13840.0;22270.0;3425.0;5048.0;-154.0;1075.0;-644.0;4242.0
5530.0;9060.0;14700.0;23660.0;3640.0;5221.0;5150.0;8410.0;13760.0;22180.0;3434.0;5049.0;-154.0;1073.0;-644.0;4242.0
5500.0;9020.0;14630.0;23580.0;3627.0;5201.0;5090.0;8340.0;13630.0;22100.0;3426.0;5030.0;-155.0;1071.0;-644.0;4235.0
5480.0;8940.0;14580.0;23450.0;3614.0;5183.0;5170.0;8460.0;13850.0;22270.0;3417.0;5008.0;-156.0;1070.0;-644.0;4229.0
5420.0;8910.0;14540.0;23400.0;3598.0;5176.0;5140.0;8420.0;13790.0;22140.0;3432.0;5015.0;-159.0;1077.0;-643.0;4245.0
5460.0;8970.0;14560.0;23550.0;3621.0;5204.0;5130.0;8430.0;13800.0;22200.0;3426.0;5045.0;-159.0;1068.0;-643.0;4237.0
5490.0;8970.0;14630.0;23690.0;3627.0;5209.0;5100.0;8350.0;13650.0;22080.0;3412.0;5027.0;-159.0;1064.0;-649.0;4242.0
5480.0;8990.0;14660.0;23590.0;3644.0;5231.0;5120.0;8420.0;13750.0;22230.0;3437.0;5051.0;-159.0;1077.0;-649.0;4239.0
5520.0;9030.0;14670.0;23680.0;3636.0;5218.0;5130.0;8400.0;13730.0;22230.0;3426.0;5048.0;-154.0;1066.0;-648.0;4242.0
5530.0;9040.0;14750.0;23810.0;3643.0;5222.0;5140.0;8420.0;13750.0;22140.0;3438.0;5049.0;-152.0;1066.0;-648.0;4240.0
5510.0;9030.0;14690.0;23640.0;3637.0;5233.0;5200.0;8510.0;13970.0;22370.0;3436.0;5057.0;-152.0;1069.0;-648.0;4232.0
5500.0;9000.0;14630.0;23560.0;3620.0;5201.0;5090.0;8360.0;13710.0;22130.0;3419.0;5045.0;-152.0;1070.0;-641.0;4233.0
5460.0;8940.0;14580.0;23510.0;3626.0;5211.0;5170.0;8420.0;13850.0;22290.0;3428.0;5064.0;-152.0;1060.0;-641.0;4239.0
5420.0;8920.0;14550.0;23470.0;3604.0;5190.0;5180.0;8440.0;13780.0;22260.0;3421.0;5020.0;-152.0;1062.0;-641.0;4239.0
5430.0;8900.0;14430.0;23320.0;3596.0;5194.0;5150.0;8410.0;13770.0;22220.0;3423.0;5038.0;-152.0;1075.0;-644.0;4228.0
5480.0;8960.0;14580.0;23450.0;3617.0;5187.0;5180.0;8440.0;13790.0;22230.0;3408.0;5035.0;-152.0;1068.0;-644.0;4244.0
5520.0;9000.0;14660.0;23520.0;3634.0;5232.0;5220.0;8530.0;13950.0;22340.0;3440.0;5068.0;-152.0;1075.0;-644.0;4234.0
5560.0;9100.0;14810.0;23820.0;3652.0;5255.0;5140.0;8420.0;13790.0;22360.0;3463.0;5068.0;-152.0;1067.0;-646.0;4249.0
5500.0;9060.0;14640.0;23700.0;3641.0;5247.0;5150.0;8430.0;13830.0;22390.0;3453.0;5086.0;-152.0;1077.0;-646.0;4239.0
5580.0;9090.0;14740.0;23700.0;3646.0;5242.0;5160.0;8460.0;13880.0;22490.0;3465.0;5089.0;-156.0;1073.0;-646.0;4238.0
5520.0;9070.0;14760.0;23740.0;3656.0;5253.0;5220.0;8560.0;13950.0;22480.0;3458.0;5093.0;-157.0;1065.0;-646.0;4244.0
5570.0;9140.0;14840.0;23870.0;3682.0;5267.0;5210.0;8550.0;13950.0;22570.0;3493.0;5110.0;-157.0;1066.0;-646.0;4238.0
5540.0;9110.0;14840.0;23960.0;3691.0;5271.0;5210.0;8530.0;13990.0;22470.0;3462.0;5093.0;-157.0;1073.0;-645.0;4240.0
5570.0;9130.0;14890.0;23950.0;3664.0;5266.0;5200.0;8490.0;13940.0;22480.0;3464.0;5101.0;-154.0;1067.0;-640.0;4241.0
5540.0;9110.0;14750.0;23920.0;3665.0;5243.0;5160.0;8490.0;13900.0;22500.0;3449.0;5100.0;-154.0;1065.0;-640.0;4232.0
5550.0;9080.0;14730.0;23760.0;3641.0;5247.0;5220.0;8550.0;13970.0;22470.0;3451.0;5077.0;-147.0;1074.0;-640.0;4233.0
5490.0;8990.0;14630.0;23580.0;3632.0;5231.0;5180.0;8490.0;13850.0;22300.0;3443.0;5051.0;-147.0;1062.0;-643.0;4230.0
5540.0;9030.0;14650.0;23610.0;3628.0;5241.0;5170.0;8500.0;13890.0;22370.0;3438.0;5071.0;-160.0;1068.0;-650.0;4237.0
5500.0;9020.0;14670.0;23620.0;3625.0;5226.0;5140.0;8440.0;13790.0;22300.0;3443.0;5067.0;-161.0;1063.0;-652.0;4225.0
5480.0;8960.0;14600.0;23610.0;3626.0;5211.0;5100.0;8320.0;13720.0;22190.0;3429.0;5056.0;-161.0;1071.0;-653.0;4225.0
5440.0;8940.0;14610.0;23570.0;3623.0;5229.0;5130.0;8430.0;13800.0;22250.0;3435.0;5075.0;-161.0;1068.0;-653.0;4240.0
5610.0;9110.0;14780.0;23700.0;3655.0;5239.0;5190.0;8530.0;13940.0;22440.0;3463.0;5070.0;-156.0;1072.0;-650.0;4234.0
5470.0;8980.0;14630.0;23630.0;3630.0;5243.0;5190.0;8540.0;13900.0;22420.0;3456.0;5083.0;-156.0;1069.0;-653.0;4246.0
5470.0;9000.0;14560.0;23540.0;3630.0;5216.0;5200.0;8510.0;13900.0;22380.0;3455.0;5053.0;-155.0;1067.0;-653.0;4239.0
5520.0;9040.0;14720.0;23610.0;3647.0;5252.0;5170.0;8460.0;13860.0;22360.0;3463.0;5109.0;-155.0;1069.0;-655.0;4246.0
5580.0;9130.0;14840.0;23960.0;3677.0;5268.0;5230.0;8580.0;14070.0;22700.0;3472.0;5100.0;-156.0;1070.0;-655.0;4232.0
5590.0;9150.0;14870.0;23870.0;3668.0;5274.0;5180.0;8530.0;13930.0;22590.0;3483.0;5109.0;-160.0;1053.0;-655.0;4235.0
5510.0;9030.0;14810.0;23740.0;3650.0;5262.0;5230.0;8570.0;14040.0;22620.0;3489.0;5095.0;-156.0;1067.0;-654.0;4235.0
5530.0;9050.0;14750.0;23860.0;3670.0;5270.0;5190.0;8490.0;13900.0;22510.0;3475.0;5125.0;-156.0;1066.0;-653.0;4243.0
5570.0;9140.0;14800.0;23870.0;3666.0;5283.0;5290.0;8620.0;14150.0;22740.0;3512.0;5122.0;-151.0;1066.0;-645.0;4249.0
5570.0;9130.0;14820.0;23960.0;3690.0;5289.0;5180.0;8490.0;13920.0;22470.0;3471.0;5092.0;-151.0;1075.0;-645.0;4247.0
5580.0;9140.0;14840.0;23920.0;3677.0;5291.0;5270.0;8630.0;14120.0;22730.0;3501.0;5113.0;-151.0;1069.0;-645.0;4247.0
5580.0;9160.0;14920.0;24030.0;3697.0;5300.0;5240.0;8550.0;13950.0;22550.0;3484.0;5119.0;-153.0;1064.0;-650.0;4244.0
5520.0;9060.0;14690.0;23680.0;3639.0;5257.0;5210.0;8530.0;13960.0;22510.0;3470.0;5105.0;-160.0;1061.0;-652.0;4252.0
5580.0;9200.0;14890.0;24100.0;3688.0;5299.0;5280.0;8640.0;14160.0;22800.0;3504.0;5143.0;-160.0;1074.0;-656.0;4240.0
5670.0;9230.0;14980.0;24100.0;3702.0;5316.0;5280.0;8660.0;14120.0;22770.0;3504.0;5146.0;-159.0;1072.0;-656.0;4242.0
5630.0;9220.0;15030.0;24210.0;3714.0;5315.0;5270.0;8590.0;14080.0;22700.0;3496.0;5151.0;-159.0;1068.0;-656.0;4240.0
5620.0;9220.0;15010.0;24110.0;3696.0;5311.0;5320.0;8670.0;14160.0;22870.0;3498.0;5141.0;-148.0;1068.0;-654.0;4247.0
5610.0;9190.0;15010.0;24070.0;3700.0;5313.0;5220.0;8550.0;14050.0;22610.0;3489.0;5142.0;-148.0;1060.0;-653.0;4239.0
5640.0;9240.0;14950.0;24020.0;3707.0;5319.0;5270.0;8620.0;14060.0;22700.0;3509.0;5138.0;-151.0;1071.0;-646.0;4241.0
5650.0;9250.0;14990.0;24070.0;3694.0;5323.0;5260.0;8600.0;13950.0;22700.0;3500.0;5135.0;-151.0;1069.0;-646.0;4245.0
5650.0;9260.0;15000.0;24220.0;3695.0;5322.0;5300.0;8690.0;14180.0;22850.0;3514.0;5153.0;-157.0;1067.0;-650.0;4236.0
5600.0;9190.0;14900.0;24120.0;3707.0;5309.0;5300.0;8640.0;14040.0;22720.0;3511.0;5158.0;-157.0;1076.0;-650.0;4238.0
5600.0;9150.0;14890.0;24010.0;3707.0;5325.0;5290.0;8660.0;14180.0;22900.0;3519.0;5161.0;-153.0;1072.0;-646.0;4234.0
5570.0;9150.0;14870.0;24120.0;3700.0;5323.0;5290.0;8660.0;14160.0;22700.0;3508.0;5162.0;-153.0;1069.0;-650.0;4242.0
5590.0;9160.0;14880.0;24000.0;3706.0;5344.0;5330.0;8720.0;14190.0;22810.0;3518.0;5161.0;-150.0;1064.0;-645.0;4234.0
5640.0;9210.0;15010.0;24180.0;3720.0;5334.0;5280.0;8640.0;14140.0;22910.0;3520.0;5163.0;-150.0;1079.0;-645.0;4241.0
5640.0;9210.0;15020.0;24220.0;3726.0;5346.0;5240.0;8580.0;14070.0;22730.0;3519.0;5168.0;-150.0;1067.0;-646.0;4241.0
5640.0;9200.0;15030.0;24220.0;3727.0;5349.0;5270.0;8660.0;14190.0;22870.0;3535.0;5185.0;-156.0;1064.0;-646.0;4230.0
5590.0;9120.0;14860.0;23940.0;3690.0;5335.0;5310.0;8770.0;14260.0;22810.0;3513.0;5175.0;-158.0;1065.0;-646.0;4239.0
5610.0;9220.0;15030.0;24270.0;3722.0;5345.0;5230.0;8560.0;14050.0;22670.0;3504.0;5158.0;-158.0;1071.0;-653.0;4252.0
5680.0;9280.0;15080.0;24290.0;3717.0;5355.0;5260.0;8670.0;14200.0;23000.0;3543.0;5170.0;-157.0;1073.0;-646.0;4251.0
5630.0;9300.0;15120.0;24360.0;3737.0;5355.0;5320.0;8700.0;14230.0;22910.0;3530.0;5189.0;-157.0;1068.0;-653.0;4248.0
5640.0;9250.0;15010.0;24150.0;3715.0;5332.0;5280.0;8620.0;14130.0;22830.0;3508.0;5162.0;-159.0;1074.0;-653.0;4234.0
5570.0;9130.0;14880.0;24050.0;3702.0;5331.0;5280.0;8640.0;14050.0;22640.0;3510.0;5131.0;-157.0;1057.0;-653.0;4230.0
5500.0;9030.0;14720.0;23790.0;3663.0;5291.0;5240.0;8580.0;13970.0;22470.0;3485.0;5126.0;-160.0;1064.0;-650.0;4237.0
5610.0;9210.0;14940.0;24060.0;3696.0;5317.0;5320.0;8670.0;14150.0;22830.0;3516.0;5138.0;-160.0;1063.0;-653.0;4244.0
5620.0;9220.0;14970.0;24140.0;3723.0;5335.0;5250.0;8640.0;14200.0;22740.0;3516.0;5176.0;-158.0;1066.0;-653.0;4239.0
5610.0;9190.0;14990.0;24130.0;3723.0;5327.0;5330.0;8720.0;14230.0;22840.0;3532.0;5173.0;-157.0;1076.0;-653.0;4248.0
5630.0;9280.0;15090.0;24280.0;3730.0;5363.0;5240.0;8590.0;14080.0;22790.0;3540.0;5164.0;-158.0;1073.0;-653.0;4244.0
5660.0;9270.0;15070.0;24340.0;3715.0;5361.0;5360.0;8770.0;14290.0;23120.0;3538.0;5211.0;-158.0;1068.0;-653.0;4239.0
5630.0;9250.0;15000.0;24250.0;3728.0;5358.0;5350.0;8720.0;14220.0;22960.0;3547.0;5199.0;-157.0;1071.0;-653.0;4252.0
5650.0;9270.0;15020.0;24290.0;3719.0;5339.0;5280.0;8630.0;14090.0;22820.0;3530.0;5186.0;-156.0;1067.0;-652.0;4239.0
5630.0;9230.0;15000.0;24260.0;3735.0;5386.0;5330.0;8770.0;14290.0;23040.0;3549.0;5205.0;-156.0;1078.0;-652.0;4253.0
5680.0;9300.0;15170.0;24460.0;3756.0;5386.0;5300.0;8710.0;14190.0;22940.0;3542.0;5203.0;-152.0;1073.0;-651.0;4252.0
5710.0;9330.0;15170.0;24450.0;3758.0;5425.0;5370.0;8810.0;14300.0;23050.0;3550.0;5238.0;-152.0;1062.0;-651.0;4239.0
5710.0;9330.0;15260.0;24390.0;3754.0;5405.0;5340.0;8720.0;14270.0;23010.0;3567.0;5223.0;-152.0;1057.0;-652.0;4233.0
5630.0;9200.0;15010.0;24160.0;3733.0;5373.0;5280.0;8670.0;14210.0;23020.0;3557.0;5204.0;-152.0;1074.0;-652.0;4234.0
5700.0;9320.0;15120.0;24400.0;3750.0;5403.0;5410.0;8820.0;14390.0;23100.0;3583.0;5229.0;-154.0;1064.0;-652.0;4242.0
5660.0;9290.0;15110.0;24430.0;3757.0;5411.0;5350.0;8730.0;14240.0;23030.0;3555.0;5222.0;-155.0;1065.0;-655.0;4243.0
5660.0;9280.0;15100.0;24290.0;3740.0;5391.0;5360.0;8780.0;14360.0;23030.0;3550.0;5212.0;-154.0;1075.0;-655.0;4246.0
5680.0;9310.0;15180.0;24530.0;3757.0;5398.0;5310.0;8770.0;14350.0;23150.0;3565.0;5220.0;-155.0;1072.0;-656.0;4245.0
5730.0;9410.0;15200.0;24450.0;3762.0;5402.0;5370.0;8770.0;14330.0;23080.0;3576.0;5227.0;-155.0;1075.0;-656.0;4233.0
5770.0;9420.0;15340.0;24600.0;3777.0;5409.0;5350.0;8780.0;14310.0;23190.0;3569.0;5258.0;-160.0;1071.0;-650.0;4246.0
5770.0;9450.0;15340.0;24650.0;3776.0;5413.0;5330.0;8770.0;14340.0;23030.0;3577.0;5248.0;-159.0;1067.0;-650.0;4245.0
5750.0;9430.0;15330.0;24620.0;3787.0;5443.0;5400.0;8840.0;14470.0;23330.0;3597.0;5252.0;-159.0;1073.0;-650.0;4245.0
5750.0;9410.0;15230.0;24550.0;3762.0;5416.0;5400.0;8880.0;14480.0;23310.0;3577.0;5234.0;-159.0;1067.0;-650.0;4247.0
5740.0;9390.0;15250.0;24590.0;3784.0;5433.0;5350.0;8730.0;14290.0;23260.0;3580.0;5254.0;-159.0;1074.0;-652.0;4251.0
5740.0;9410.0;15290.0;24660.0;3798.0;5446.0;5440.0;8930.0;14590.0;23450.0;3605.0;5265.0;-157.0;1064.0;-652.0;4241.0
5760.0;9420.0;15340.0;24640.0;3791.0;5430.0;5380.0;8830.0;14460.0;23270.0;3591.0;5258.0;-157.0;1072.0;-655.0;4238.0
5720.0;9360.0;15210.0;24610.0;3785.0;5441.0;5450.0;8910.0;14510.0;23370.0;3595.0;5266.0;-153.0;1060.0;-655.0;4240.0
5690.0;9330.0;15100.0;24440.0;3755.0;5406.0;5350.0;8760.0;14330.0;23240.0;3571.0;5245.0;-153.0;1061.0;-657.0;4241.0
5680.0;9280.0;15160.0;24430.0;3766.0;5392.0;5390.0;8800.0;14350.0;23070.0;3556.0;5237.0;-155.0;1070.0;-657.0;4239.0
5730.0;9370.0;15260.0;24550.0;3767.0;5406.0;5390.0;8820.0;14360.0;22980.0;3550.0;5229.0;-155.0;1064.0;-657.0;4238.0
5700.0;9340.0;15180.0;24440.0;3761.0;5411.0;5350.0;8750.0;14360.0;23140.0;3575.0;5230.0;-155.0;1069.0;-654.0;4240.0
5710.0;9340.0;15210.0;24490.0;3759.0;5389.0;5380.0;8790.0;14400.0;23130.0;3567.0;5246.0;-155.0;1070.0;-657.0;4249.0
5740.0;9380.0;15270.0;24590.0;3778.0;5414.0;5400.0;8830.0;14390.0;23160.0;3575.0;5255.0;-156.0;1063.0;-657.0;4247.0
5690.0;9350.0;15210.0;24580.0;3782.0;5422.0;5340.0;8740.0;14270.0;23160.0;3577.0;5244.0;-156.0;1075.0;-654.0;4237.0
5710.0;9380.0;15200.0;24660.0;3773.0;5448.0;5420.0;8890.0;14430.0;23260.0;3579.0;5271.0;-156.0;1061.0;-652.0;4239.0
5730.0;9400.0;15250.0;24530.0;3776.0;5417.0;5380.0;8770.0;14410.0;23250.0;3568.0;5262.0;-156.0;1070.0;-649.0;4232.0
5690.0;9340.0;15240.0;24540.0;3777.0;5424.0;5480.0;8970.0;14600.0;23560.0;3615.0;5285.0;-156.0;1067.0;-649.0;4243.0
5790.0;9450.0;15410.0;24810.0;3812.0;5455.0;5400.0;8890.0;14500.0;23440.0;3614.0;5275.0;-156.0;1073.0;-649.0;4251.0
5750.0;9440.0;15300.0;24640.0;3813.0;5465.0;5490.0;8940.0;14650.0;23460.0;3607.0;5281.0;-149.0;1070.0;-651.0;4246.0
5800.0;9450.0;15350.0;24670.0;3804.0;5461.0;5420.0;8890.0;14570.0;23420.0;3620.0;5289.0;-156.0;1074.0;-651.0;4247.0
5810.0;9510.0;15410.0;24830.0;3813.0;5473.0;5510.0;8940.0;14630.0;23380.0;3625.0;5292.0;-157.0;1075.0;-651.0;4246.0
5760.0;9470.0;15350.0;24730.0;3796.0;5470.0;5450.0;8900.0;14520.0;23390.0;3607.0;5297.0;-157.0;1062.0;-651.0;4243.0
5800.0;9490.0;15430.0;24940.0;3831.0;5469.0;5480.0;9000.0;14720.0;23680.0;3630.0;5319.0;-149.0;1071.0;-651.0;4246.0
5780.0;9500.0;15400.0;24840.0;3811.0;5485.0;5490.0;8970.0;14620.0;23470.0;3627.0;5318.0;-155.0;1066.0;-657.0;4242.0
5800.0;9560.0;15500.0;24960.0;3829.0;5487.0;5460.0;8940.0;14680.0;23580.0;3633.0;5322.0;-155.0;1075.0;-649.0;4246.0
5830.0;9520.0;15450.0;24920.0;3817.0;5485.0;5500.0;8960.0;14560.0;23530.0;3618.0;5289.0;-155.0;1071.0;-649.0;4238.0
5800.0;9470.0;15350.0;24820.0;3812.0;5485.0;5490.0;8960.0;14610.0;23550.0;3612.0;5313.0;-155.0;1069.0;-656.0;4238.0
5870.0;9570.0;15500.0;24940.0;3821.0;5493.0;5480.0;8960.0;14650.0;23560.0;3634.0;5296.0;-155.0;1058.0;-656.0;4258.0
5890.0;9590.0;15600.0;24980.0;3836.0;5513.0;5470.0;8980.0;14650.0;23600.0;3626.0;5319.0;-155.0;1071.0;-653.0;4249.0
5830.0;9550.0;15500.0;24870.0;3826.0;5509.0;5530.0;9090.0;14790.0;23820.0;3657.0;5330.0;-157.0;1075.0;-653.0;4243.0
5820.0;9570.0;15480.0;25030.0;3838.0;5498.0;5440.0;8920.0;14550.0;23470.0;3613.0;5344.0;-148.0;1075.0;-650.0;4252.0
5840.0;9560.0;15500.0;24950.0;3829.0;5498.0;5490.0;8980.0;14630.0;23560.0;3625.0;5330.0;-148.0;1077.0;-650.0;4243.0
5870.0;9590.0;15500.0;25030.0;3832.0;5520.0;5470.0;8940.0;14630.0;23600.0;3627.0;5341.0;-148.0;1071.0;-650.0;4248.0
5890.0;9600.0;15570.0;25050.0;3836.0;5510.0;5550.0;9060.0;14850.0;23810.0;3645.0;5344.0;-152.0;1068.0;-651.0;4256.0
5840.0;9580.0;15520.0;24880.0;3826.0;5486.0;5530.0;9020.0;14770.0;23720.0;3622.0;5327.0;-149.0;1070.0;-651.0;4253.0
5900.0;9660.0;15670.0;25070.0;3846.0;5518.0;5490.0;8970.0;14730.0;23730.0;3642.0;5337.0;-152.0;1067.0;-651.0;4250.0
5910.0;9620.0;15670.0;25090.0;3865.0;5510.0;5490.0;9010.0;14650.0;23680.0;3659.0;5330.0;-152.0;1066.0;-651.0;4249.0
5930.0;9660.0;15670.0;25280.0;3847.0;5537.0;5510.0;9010.0;14710.0;23630.0;3639.0;5349.0;-152.0;1072.0;-651.0;4254.0
5860.0;9590.0;15610.0;25060.0;3846.0;5513.0;5480.0;9020.0;14660.0;23720.0;3643.0;5347.0;-152.0;1068.0;-650.0;4258.0
5890.0;9620.0;15610.0;25050.0;3844.0;5501.0;5530.0;9050.0;14700.0;23760.0;3652.0;5325.0;-157.0;1065.0;-656.0;4252.0
5810.0;9540.0;15460.0;24930.0;3824.0;5514.0;5480.0;8950.0;14620.0;23560.0;3627.0;5340.0;-156.0;1076.0;-657.0;4251.0
5840.0;9590.0;15600.0;25060.0;3852.0;5511.0;5510.0;8970.0;14680.0;23620.0;3640.0;5322.0;-153.0;1082.0;-648.0;4243.0
5860.0;9560.0;15510.0;24950.0;3830.0;5500.0;5510.0;8990.0;14720.0;23710.0;3645.0;5356.0;-153.0;1065.0;-657.0;4249.0
5880.0;9600.0;15560.0;25050.0;3864.0;5525.0;5510.0;8970.0;14640.0;23570.0;3629.0;5329.0;-153.0;1072.0;-658.0;4251.0
5860.0;9590.0;15560.0;25090.0;3847.0;5516.0;5520.0;9060.0;14770.0;23590.0;3636.0;5327.0;-151.0;1067.0;-657.0;4255.0
5870.0;9650.0;15640.0;25210.0;3849.0;5525.0;5540.0;9050.0;14690.0;23760.0;3649.0;5375.0;-151.0;1065.0;-657.0;4240.0
5840.0;9550.0;15500.0;25000.0;3848.0;5520.0;5530.0;9020.0;14690.0;23480.0;3640.0;5340.0;-151.0;1073.0;-658.0;4250.0
5920.0;9650.0;15620.0;25110.0;3832.0;5514.0;5540.0;9070.0;14770.0;23750.0;3656.0;5356.0;-151.0;1077.0;-658.0;4249.0
5880.0;9610.0;15570.0;25100.0;3853.0;5519.0;5570.0;9080.0;14830.0;23850.0;3645.0;5363.0;-154.0;1070.0;-658.0;4251.0
5920.0;9640.0;15600.0;25180.0;3850.0;5515.0;5530.0;9030.0;14700.0;23680.0;3633.0;5318.0;-162.0;1074.0;-660.0;4254.0
5830.0;9530.0;15450.0;24850.0;3807.0;5492.0;5440.0;8880.0;14570.0;23410.0;3607.0;5316.0;-154.0;1064.0;-663.0;4234.0
5780.0;9500.0;15470.0;24850.0;3807.0;5488.0;5390.0;8880.0;14460.0;23450.0;3620.0;5292.0;-154.0;1072.0;-663.0;4248.0
5850.0;9580.0;15490.0;24930.0;3836.0;5505.0;5490.0;9000.0;14740.0;23700.0;3632.0;5329.0;-154.0;1071.0;-663.0;4250.0
5880.0;9620.0;15600.0;25110.0;3838.0;5516.0;5550.0;9110.0;14840.0;23820.0;3649.0;5342.0;-155.0;1070.0;-662.0;4260.0
5850.0;9590.0;15570.0;25100.0;3858.0;5508.0;5540.0;9080.0;14780.0;23720.0;3630.0;5335.0;-155.0;1068.0;-662.0;4257.0
5890.0;9620.0;15640.0;25020.0;3859.0;5530.0;5550.0;9090.0;14780.0;23890.0;3654.0;5357.0;-156.0;1069.0;-662.0;4254.0
5950.0;9700.0;15730.0;25270.0;3863.0;5541.0;5590.0;9110.0;14840.0;23920.0;3669.0;5372.0;-155.0;1074.0;-656.0;4245.0
5930.0;9710.0;15750.0;25370.0;3892.0;5551.0;5590.0;9130.0;14820.0;23830.0;3675.0;5356.0;-155.0;1070.0;-656.0;4254.0
5930.0;9660.0;15680.0;25280.0;3870.0;5571.0;5550.0;9070.0;14820.0;23920.0;3670.0;5383.0;-158.0;1072.0;-663.0;4259.0
5940.0;9700.0;15740.0;25240.0;3881.0;5564.0;5540.0;9050.0;14810.0;23840.0;3661.0;5396.0;-153.0;1072.0;-656.0;4253.0
5960.0;9720.0;15750.0;25270.0;3860.0;5559.0;5620.0;9160.0;14880.0;23820.0;3665.0;5376.0;-153.0;1065.0;-654.0;4258.0
5930.0;9750.0;15780.0;25450.0;3888.0;5572.0;5600.0;9150.0;14950.0;24000.0;3676.0;5394.0;-156.0;1066.0;-654.0;4251.0
5960.0;9720.0;15760.0;25430.0;3885.0;5586.0;5570.0;9090.0;14880.0;23890.0;3675.0;5388.0;-156.0;1072.0;-655.0;4250.0
5940.0;9710.0;15780.0;25360.0;3893.0;5608.0;5610.0;9180.0;14960.0;23990.0;3693.0;5417.0;-152.0;1072.0;-655.0;4257.0
5910.0;9680.0;15700.0;25290.0;3891.0;5575.0;5600.0;9180.0;14930.0;24030.0;3674.0;5407.0;-156.0;1076.0;-655.0;4253.0
5920.0;9690.0;15740.0;25370.0;3880.0;5573.0;5600.0;9170.0;14920.0;23970.0;3690.0;5420.0;-157.0;1066.0;-657.0;4246.0
5970.0;9750.0;15790.0;25410.0;3896.0;5592.0;5560.0;9130.0;14890.0;23990.0;3692.0;5427.0;-159.0;1067.0;-659.0;4248.0
5920.0;9660.0;15660.0;25320.0;3896.0;5575.0;5630.0;9170.0;14900.0;24120.0;3691.0;5418.0;-159.0;1062.0;-659.0;4260.0
5900.0;9650.0;15690.0;25310.0;3882.0;5596.0;5570.0;9130.0;14860.0;23940.0;3680.0;5402.0;-159.0;1071.0;-665.0;4253.0
5930.0;9740.0;15800.0;25380.0;3887.0;5581.0;5520.0;9090.0;14780.0;23910.0;3686.0;5383.0;-159.0;1066.0;-659.0;4251.0
5970.0;9770.0;15810.0;25450.0;3907.0;5587.0;5560.0;9070.0;14800.0;23900.0;3696.0;5395.0;-155.0;1071.0;-654.0;4253.0
5920.0;9700.0;15740.0;25290.0;3895.0;5590.0;5590.0;9110.0;14840.0;24030.0;3683.0;5404.0;-152.0;1071.0;-654.0;4253.0
5870.0;9590.0;15660.0;25210.0;3880.0;5558.0;5580.0;9120.0;14880.0;23870.0;3671.0;5387.0;-152.0;1073.0;-654.0;4248.0
5950.0;9730.0;15860.0;25470.0;3901.0;5594.0;5530.0;9050.0;14760.0;23830.0;3686.0;5418.0;-152.0;1064.0;-654.0;4253.0
5980.0;9770.0;15900.0;25540.0;3899.0;5602.0;5600.0;9130.0;14960.0;24060.0;3699.0;5431.0;-152.0;1076.0;-654.0;4245.0
5940.0;9750.0;15830.0;25420.0;3908.0;5608.0;5650.0;9220.0;14990.0;24120.0;3707.0;5440.0;-152.0;1068.0;-655.0;4252.0
5980.0;9770.0;15880.0;25430.0;3913.0;5595.0;5680.0;9240.0;15040.0;24200.0;3705.0;5407.0;-154.0;1076.0;-656.0;4260.0
5960.0;9740.0;15820.0;25470.0;3909.0;5591.0;5580.0;9140.0;14920.0;24060.0;3697.0;5425.0;-157.0;1073.0;-658.0;4254.0
5970.0;9760.0;15840.0;25490.0;3892.0;5583.0;5610.0;9180.0;14930.0;24160.0;3704.0;5423.0;-159.0;1073.0;-663.0;4256.0
5960.0;9770.0;15810.0;25440.0;3904.0;5585.0;5650.0;9260.0;15040.0;24070.0;3692.0;5410.0;-159.0;1069.0;-663.0;4253.0
5970.0;9750.0;15840.0;25390.0;3892.0;5612.0;5620.0;9180.0;14940.0;24050.0;3712.0;5426.0;-159.0;1080.0;-663.0;4252.0
6030.0;9840.0;15930.0;25580.0;3923.0;5615.0;5590.0;9170.0;14980.0;23950.0;3699.0;5428.0;-159.0;1072.0;-663.0;4244.0
5940.0;9710.0;15770.0;25330.0;3900.0;5613.0;5660.0;9220.0;14970.0;24030.0;3702.0;5442.0;-159.0;1072.0;-657.0;4253.0
6000.0;9800.0;15870.0;25540.0;3910.0;5597.0;5620.0;9160.0;14920.0;23960.0;3701.0;5423.0;-158.0;1075.0;-656.0;4254.0
5990.0;9770.0;15890.0;25590.0;3903.0;5612.0;5590.0;9120.0;14910.0;23920.0;3697.0;5437.0;-159.0;1072.0;-657.0;4238.0
5920.0;9720.0;15840.0;25360.0;3905.0;5587.0;5600.0;9190.0;15010.0;24170.0;3696.0;5430.0;-159.0;1068.0;-657.0;4239.0
5880.0;9630.0;15700.0;25360.0;3891.0;5600.0;5610.0;9200.0;14870.0;23960.0;3686.0;5415.0;-158.0;1080.0;-659.0;4250.0
5910.0;9680.0;15700.0;25360.0;3899.0;5588.0;5610.0;9140.0;14910.0;23980.0;3702.0;5422.0;-162.0;1064.0;-661.0;4255.0
5990.0;9800.0;15910.0;25560.0;3905.0;5604.0;5680.0;9230.0;15050.0;24180.0;3727.0;5430.0;-162.0;1068.0;-661.0;4263.0
6010.0;9810.0;15890.0;25490.0;3921.0;5630.0;5650.0;9270.0;15130.0;24340.0;3710.0;5454.0;-161.0;1078.0;-659.0;4245.0
5870.0;9700.0;15800.0;25520.0;3936.0;5603.0;5600.0;9180.0;15030.0;24050.0;3717.0;5433.0;-161.0;1064.0;-659.0;4247.0
5980.0;9740.0;15890.0;25600.0;3917.0;5626.0;5580.0;9140.0;14880.0;24030.0;3713.0;5439.0;-161.0;1075.0;-659.0;4257.0
5930.0;9800.0;15870.0;25440.0;3916.0;5642.0;5630.0;9240.0;15090.0;24200.0;3722.0;5448.0;-161.0;1067.0;-657.0;4251.0
5990.0;9800.0;15910.0;25480.0;3903.0;5615.0;5650.0;9230.0;15080.0;24150.0;3723.0;5465.0;-161.0;1072.0;-657.0;4243.0
5960.0;9730.0;15870.0;25590.0;3928.0;5618.0;5600.0;9170.0;15040.0;24150.0;3720.0;5479.0;-161.0;1069.0;-657.0;4246.0
6030.0;9840.0;15960.0;25630.0;3937.0;5631.0;5620.0;9190.0;15060.0;24130.0;3713.0;5442.0;-160.0;1075.0;-657.0;4247.0
5970.0;9800.0;15910.0;25650.0;3934.0;5635.0;5670.0;9230.0;15130.0;24250.0;3724.0;5445.0;-160.0;1071.0;-657.0;4248.0
5950.0;9760.0;15840.0;25620.0;3910.0;5634.0;5650.0;9220.0;15060.0;24160.0;3725.0;5444.0;-160.0;1069.0;-657.0;4258.0
6000.0;9830.0;15960.0;25700.0;3939.0;5643.0;5660.0;9240.0;15080.0;24200.0;3731.0;5481.0;-160.0;1079.0;-657.0;4251.0
6000.0;9790.0;15930.0;25570.0;3925.0;5651.0;5620.0;9210.0;15030.0;24230.0;3731.0;5478.0;-155.0;1074.0;-656.0;4245.0
5980.0;9830.0;15920.0;25620.0;3929.0;5664.0;5630.0;9200.0;15090.0;24280.0;3736.0;5477.0;-155.0;1073.0;-656.0;4255.0
6060.0;9900.0;16050.0;25760.0;3941.0;5658.0;5650.0;9230.0;15120.0;24290.0;3748.0;5489.0;-155.0;1070.0;-656.0;4248.0
6010.0;9860.0;16010.0;25870.0;3949.0;5662.0;5700.0;9310.0;15260.0;24450.0;3735.0;5495.0;-155.0;1063.0;-656.0;4254.0
5980.0;9780.0;15960.0;25630.0;3935.0;5661.0;5630.0;9240.0;15090.0;24270.0;3737.0;5480.0;-155.0;1080.0;-656.0;4247.0
6010.0;9850.0;15980.0;25760.0;3953.0;5673.0;5680.0;9340.0;15230.0;24460.0;3742.0;5507.0;-162.0;1070.0;-662.0;4263.0
6050.0;9870.0;16020.0;25820.0;3957.0;5667.0;5720.0;9380.0;15300.0;24520.0;3752.0;5509.0;-162.0;1076.0;-662.0;4259.0
5970.0;9730.0;15850.0;25580.0;3930.0;5639.0;5710.0;9310.0;15180.0;24360.0;3727.0;5471.0;-155.0;1074.0;-662.0;4255.0
6020.0;9820.0;16020.0;25640.0;3935.0;5632.0;5700.0;9300.0;15110.0;24310.0;3734.0;5478.0;-162.0;1076.0;-663.0;4256.0
6020.0;9890.0;16000.0;25790.0;3952.0;5658.0;5660.0;9280.0;15120.0;24310.0;3743.0;5465.0;-155.0;1070.0;-658.0;4257.0
6050.0;9840.0;15990.0;25700.0;3938.0;5656.0;5710.0;9320.0;15180.0;24270.0;3734.0;5464.0;-153.0;1077.0;-657.0;4256.0
6030.0;9830.0;15990.0;25670.0;3941.0;5666.0;5620.0;9200.0;15050.0;24150.0;3728.0;5470.0;-155.0;1071.0;-658.0;4258.0
6080.0;9910.0;16050.0;25800.0;3965.0;5666.0;5680.0;9290.0;15210.0;24460.0;3756.0;5506.0;-158.0;1072.0;-659.0;4262.0
6020.0;9840.0;16060.0;25790.0;3964.0;5663.0;5580.0;9170.0;15010.0;24270.0;3750.0;5499.0;-158.0;1069.0;-659.0;4247.0
5990.0;9810.0;15940.0;25650.0;3969.0;5675.0;5660.0;9270.0;15190.0;24370.0;3755.0;5495.0;-158.0;1076.0;-660.0;4249.0
6020.0;9850.0;15990.0;25670.0;3965.0;5680.0;5650.0;9270.0;15170.0;24350.0;3773.0;5495.0;-158.0;1068.0;-660.0;4244.0
6030.0;9880.0;16040.0;25810.0;3966.0;5672.0;5640.0;9270.0;15060.0;24270.0;3755.0;5497.0;-157.0;1073.0;-660.0;4247.0
6010.0;9850.0;15960.0;25710.0;3953.0;5663.0;5660.0;9260.0;15110.0;24350.0;3750.0;5499.0;-154.0;1072.0;-661.0;4262.0
6010.0;9820.0;15990.0;25740.0;3942.0;5676.0;5700.0;9350.0;15220.0;24510.0;3763.0;5498.0;-154.0;1068.0;-665.0;4252.0
6010.0;9810.0;15930.0;25650.0;3947.0;5669.0;5680.0;9300.0;15170.0;24490.0;3751.0;5496.0;-153.0;1074.0;-653.0;4259.0
5990.0;9830.0;15980.0;25750.0;3958.0;5652.0;5580.0;9120.0;14950.0;24130.0;3746.0;5463.0;-154.0;1069.0;-660.0;4244.0
5980.0;9770.0;15910.0;25590.0;3927.0;5651.0;5620.0;9130.0;14950.0;24010.0;3718.0;5452.0;-154.0;1064.0;-660.0;4251.0
5950.0;9710.0;15830.0;25580.0;3918.0;5631.0;5670.0;9240.0;15100.0;24220.0;3715.0;5440.0;-156.0;1072.0;-660.0;4250.0
5980.0;9790.0;15950.0;25520.0;3926.0;5656.0;5660.0;9260.0;15120.0;24420.0;3754.0;5482.0;-150.0;1072.0;-660.0;4258.0
6000.0;9860.0;15990.0;25770.0;3957.0;5667.0;5650.0;9270.0;15140.0;24340.0;3748.0;5481.0;-156.0;1062.0;-661.0;4252.0
5970.0;9750.0;15820.0;25520.0;3939.0;5648.0;5630.0;9200.0;15020.0;24150.0;3738.0;5492.0;-164.0;1076.0;-662.0;4256.0
6090.0;9920.0;16110.0;25880.0;3963.0;5689.0;5630.0;9180.0;15050.0;24230.0;3729.0;5489.0;-164.0;1072.0;-664.0;4249.0
6050.0;9880.0;16030.0;25850.0;3961.0;5683.0;5670.0;9300.0;15200.0;24350.0;3770.0;5496.0;-157.0;1075.0;-664.0;4261.0
6060.0;9930.0;16060.0;25870.0;3957.0;5678.0;5660.0;9290.0;15150.0;24390.0;3750.0;5514.0;-157.0;1080.0;-664.0;4253.0
6080.0;9920.0;16060.0;25920.0;3981.0;5688.0;5710.0;9290.0;15190.0;24440.0;3775.0;5496.0;-157.0;1069.0;-664.0;4258.0
6100.0;9960.0;16160.0;26060.0;3982.0;5700.0;5670.0;9260.0;15150.0;24390.0;3761.0;5519.0;-154.0;1071.0;-662.0;4255.0
6090.0;9890.0;16030.0;25770.0;3969.0;5687.0;5690.0;9350.0;15230.0;24400.0;3754.0;5504.0;-157.0;1075.0;-661.0;4256.0
6020.0;9860.0;16010.0;25870.0;3971.0;5701.0;5680.0;9300.0;15120.0;24330.0;3746.0;5508.0;-154.0;1078.0;-659.0;4258.0
6020.0;9840.0;16050.0;25710.0;3957.0;5684.0;5730.0;9360.0;15350.0;24660.0;3761.0;5517.0;-157.0;1071.0;-659.0;4250.0
6000.0;9870.0;16040.0;25800.0;3965.0;5697.0;5710.0;9360.0;15250.0;24520.0;3746.0;5503.0;-157.0;1064.0;-659.0;4250.0
5960.0;9800.0;15940.0;25810.0;3965.0;5695.0;5700.0;9350.0;15260.0;24490.0;3762.0;5505.0;-157.0;1073.0;-664.0;4253.0
5990.0;9840.0;16060.0;25860.0;3977.0;5653.0;5640.0;9290.0;15160.0;24420.0;3742.0;5490.0;-161.0;1070.0;-667.0;4251.0
6100.0;9960.0;16170.0;26040.0;3980.0;5714.0;5760.0;9410.0;15370.0;24600.0;3773.0;5523.0;-161.0;1074.0;-667.0;4254.0
6090.0;9950.0;16190.0;26060.0;3992.0;5700.0;5680.0;9300.0;15220.0;24360.0;3758.0;5517.0;-161.0;1070.0;-667.0;4251.0
6110.0;9980.0;16150.0;25960.0;3983.0;5714.0;5770.0;9440.0;15390.0;24740.0;3769.0;5535.0;-156.0;1072.0;-667.0;4252.0
6120.0;9980.0;16210.0;26050.0;3998.0;5732.0;5770.0;9470.0;15450.0;24850.0;3799.0;5533.0;-156.0;1063.0;-667.0;4251.0
6140.0;10020.0;16250.0;26100.0;3982.0;5723.0;5740.0;9400.0;15260.0;24490.0;3783.0;5529.0;-155.0;1074.0;-662.0;4257.0
6090.0;9990.0;16190.0;26120.0;4014.0;5736.0;5790.0;9420.0;15430.0;24900.0;3803.0;5571.0;-155.0;1065.0;-667.0;4255.0
6120.0;10010.0;16230.0;26060.0;4000.0;5737.0;5750.0;9410.0;15380.0;24860.0;3822.0;5577.0;-156.0;1071.0;-656.0;4256.0
6160.0;10080.0;16270.0;26190.0;4002.0;5746.0;5780.0;9430.0;15340.0;24660.0;3788.0;5563.0;-159.0;1076.0;-664.0;4252.0
6140.0;10040.0;16270.0;26270.0;4024.0;5753.0;5800.0;9480.0;15430.0;24830.0;3814.0;5577.0;-159.0;1070.0;-664.0;4258.0
6160.0;10120.0;16390.0;26320.0;4032.0;5777.0;5700.0;9350.0;15210.0;24710.0;3796.0;5584.0;-159.0;1076.0;-664.0;4265.0
6100.0;9970.0;16230.0;26210.0;4009.0;5759.0;5770.0;9400.0;15390.0;24600.0;3791.0;5562.0;-159.0;1068.0;-662.0;4263.0
6150.0;10030.0;16290.0;26240.0;4031.0;5765.0;5880.0;9590.0;15620.0;25090.0;3825.0;5578.0;-164.0;1084.0;-664.0;4258.0
6150.0;10030.0;16300.0;26190.0;4021.0;5749.0;5810.0;9510.0;15500.0;24860.0;3795.0;5575.0;-159.0;1065.0;-662.0;4260.0
6160.0;10050.0;16310.0;26180.0;3999.0;5754.0;5710.0;9340.0;15300.0;24650.0;3797.0;5554.0;-156.0;1078.0;-660.0;4265.0
6150.0;10060.0;16340.0;26230.0;4026.0;5762.0;5790.0;9440.0;15440.0;24970.0;3819.0;5577.0;-159.0;1079.0;-662.0;4253.0
6170.0;10070.0;16310.0;26220.0;4024.0;5762.0;5810.0;9500.0;15560.0;24980.0;3815.0;5580.0;-156.0;1067.0;-660.0;4257.0
6160.0;10050.0;16350.0;26200.0;4019.0;5764.0;5760.0;9400.0;15370.0;24650.0;3782.0;5571.0;-156.0;1070.0;-660.0;4251.0
6160.0;10080.0;16330.0;26300.0;4028.0;5770.0;5810.0;9450.0;15460.0;24870.0;3811.0;5588.0;-156.0;1069.0;-660.0;4252.0
6120.0;9980.0;16250.0;26220.0;4015.0;5753.0;5740.0;9420.0;15360.0;24720.0;3791.0;5559.0;-161.0;1068.0;-661.0;4249.0
6080.0;9950.0;16170.0;26070.0;3993.0;5751.0;5710.0;9370.0;15320.0;24520.0;3779.0;5562.0;-156.0;1068.0;-661.0;4240.0
6050.0;9980.0;16170.0;26000.0;3997.0;5729.0;5770.0;9470.0;15420.0;24730.0;3800.0;5542.0;-156.0;1071.0;-661.0;4243.0
6050.0;9930.0;16110.0;26030.0;3983.0;5729.0;5760.0;9380.0;15210.0;24460.0;3774.0;5552.0;-161.0;1074.0;-660.0;4249.0
6070.0;9910.0;16080.0;25940.0;4001.0;5724.0;5710.0;9370.0;15270.0;24670.0;3776.0;5558.0;-161.0;1070.0;-661.0;4261.0
6140.0;10050.0;16330.0;26160.0;4010.0;5744.0;5740.0;9430.0;15370.0;24790.0;3804.0;5569.0;-159.0;1072.0;-661.0;4257.0
6120.0;10000.0;16290.0;26130.0;4011.0;5748.0;5720.0;9330.0;15350.0;24730.0;3804.0;5582.0;-159.0;1071.0;-666.0;4261.0
6130.0;9990.0;16250.0;26030.0;4005.0;5747.0;5830.0;9480.0;15430.0;24800.0;3806.0;5565.0;-159.0;1066.0;-666.0;4252.0
6140.0;10060.0;16290.0;26290.0;4019.0;5776.0;5710.0;9390.0;15250.0;24700.0;3807.0;5592.0;-158.0;1068.0;-666.0;4251.0
6110.0;9970.0;16190.0;26030.0;4003.0;5744.0;5780.0;9440.0;15320.0;24780.0;3820.0;5579.0;-158.0;1070.0;-665.0;4266.0
6200.0;10100.0;16390.0;26240.0;4023.0;5771.0;5800.0;9470.0;15490.0;24890.0;3824.0;5614.0;-158.0;1069.0;-665.0;4251.0
6150.0;10040.0;16350.0;26230.0;4035.0;5782.0;5730.0;9390.0;15370.0;24850.0;3810.0;5621.0;-157.0;1070.0;-661.0;4253.0
6160.0;10070.0;16400.0;26280.0;4037.0;5795.0;5830.0;9490.0;15480.0;24870.0;3825.0;5602.0;-157.0;1073.0;-661.0;4255.0
6190.0;10110.0;16500.0;26450.0;4050.0;5809.0;5800.0;9490.0;15500.0;24980.0;3820.0;5604.0;-162.0;1077.0;-663.0;4267.0
6190.0;10110.0;16420.0;26470.0;4056.0;5791.0;5810.0;9500.0;15520.0;24840.0;3827.0;5579.0;-162.0;1066.0;-667.0;4263.0
6190.0;10100.0;16400.0;26290.0;4034.0;5779.0;5840.0;9510.0;15490.0;24880.0;3821.0;5608.0;-161.0;1074.0;-663.0;4262.0
6150.0;10060.0;16350.0;26370.0;4031.0;5769.0;5750.0;9370.0;15390.0;24830.0;3808.0;5576.0;-162.0;1067.0;-666.0;4259.0
6090.0;10000.0;16230.0;26180.0;4006.0;5762.0;5800.0;9470.0;15450.0;24920.0;3814.0;5594.0;-161.0;1071.0;-663.0;4257.0
6150.0;10060.0;16260.0;26180.0;4033.0;5784.0;5770.0;9490.0;15490.0;24810.0;3825.0;5609.0;-158.0;1078.0;-662.0;4255.0
6130.0;10040.0;16320.0;26190.0;4018.0;5774.0;5780.0;9450.0;15460.0;24820.0;3832.0;5605.0;-156.0;1065.0;-659.0;4257.0
6120.0;10020.0;16150.0;26060.0;4018.0;5773.0;5780.0;9450.0;15390.0;24700.0;3812.0;5578.0;-156.0;1076.0;-659.0;4258.0
6090.0;9960.0;16240.0;26110.0;4006.0;5759.0;5850.0;9530.0;15570.0;24920.0;3811.0;5566.0;-153.0;1081.0;-658.0;4250.0
6110.0;10000.0;16300.0;26150.0;4011.0;5745.0;5730.0;9410.0;15360.0;24700.0;3804.0;5584.0;-152.0;1071.0;-658.0;4259.0
6140.0;10020.0;16320.0;26200.0;4028.0;5763.0;5760.0;9440.0;15420.0;24790.0;3808.0;5567.0;-152.0;1073.0;-658.0;4253.0
6100.0;9970.0;16210.0;26210.0;4020.0;5757.0;5760.0;9410.0;15410.0;24890.0;3801.0;5580.0;-153.0;1063.0;-659.0;4259.0
6120.0;10010.0;16290.0;26180.0;4014.0;5765.0;5710.0;9370.0;15370.0;24660.0;3826.0;5579.0;-153.0;1069.0;-662.0;4250.0
6030.0;9910.0;16180.0;26050.0;4009.0;5754.0;5710.0;9400.0;15390.0;24740.0;3821.0;5576.0;-157.0;1072.0;-662.0;4260.0
6120.0;10020.0;16300.0;26180.0;4027.0;5762.0;5770.0;9460.0;15350.0;24740.0;3805.0;5564.0;-157.0;1072.0;-659.0;4254.0
6070.0;9960.0;16170.0;26050.0;4007.0;5756.0;5790.0;9490.0;15500.0;24850.0;3813.0;5587.0;-153.0;1065.0;-652.0;4240.0
6150.0;10080.0;16420.0;26280.0;4029.0;5777.0;5790.0;9510.0;15520.0;25010.0;3836.0;5611.0;-157.0;1067.0;-652.0;4234.0
6180.0;10130.0;16430.0;26370.0;4038.0;5793.0;5830.0;9500.0;15480.0;24830.0;3822.0;5608.0;-157.0;1064.0;-646.0;4228.0
6230.0;10190.0;16460.0;26450.0;4060.0;5809.0;5790.0;9470.0;15410.0;24940.0;3837.0;5624.0;-157.0;1072.0;-646.0;4219.0
6170.0;10120.0;16440.0;26480.0;4054.0;5808.0;5740.0;9450.0;15440.0;24880.0;3835.0;5613.0;-160.0;1059.0;-646.0;4227.0
6160.0;10110.0;16420.0;26410.0;4051.0;5813.0;5860.0;9610.0;15730.0;25100.0;3857.0;5621.0;-160.0;1061.0;-646.0;4221.0
6170.0;10090.0;16420.0;26330.0;4036.0;5766.0;5850.0;9520.0;15450.0;24710.0;3794.0;5525.0;-157.0;1063.0;-642.0;4220.0
6090.0;9890.0;15860.0;25270.0;3846.0;5487.0;5570.0;9150.0;14860.0;23630.0;3607.0;5262.0;-157.0;1060.0;-636.0;4205.0
5640.0;9180.0;14730.0;23500.0;3587.0;5181.0;5350.0;8710.0;14100.0;22490.0;3421.0;4994.0;-157.0;1062.0;-635.0;4183.0
5480.0;8860.0;14240.0;22670.0;3458.0;4984.0;5140.0;8380.0;13600.0;21690.0;3311.0;4852.0;-157.0;1054.0;-635.0;4182.0
5350.0;8660.0;13910.0;22100.0;3369.0;4848.0;5080.0;8230.0;13290.0;21110.0;3221.0;4726.0;-157.0;1059.0;-635.0;4185.0
5270.0;8500.0;13650.0;21620.0;3283.0;4737.0;4940.0;8050.0;12960.0;20500.0;3136.0;4599.0;-163.0;1056.0;-632.0;4199.0
5200.0;8380.0;13400.0;21170.0;3200.0;4607.0;4890.0;7900.0;12760.0;20240.0;3069.0;4498.0;-149.0;1059.0;-624.0;4184.0
5090.0;8210.0;13110.0;20690.0;3134.0;4521.0;4770.0;7730.0;12440.0;19770.0;3000.0;4386.0;-163.0;1053.0;-629.0;4182.0
4930.0;7930.0;12690.0;20000.0;3040.0;4395.0;4660.0;7510.0;12100.0;19240.0;2928.0;4272.0;-157.0;1057.0;-624.0;4181.0
4860.0;7850.0;12480.0;19690.0;2978.0;4297.0;4560.0;7320.0;11810.0;18740.0;2868.0;4201.0;-157.0;1048.0;-628.0;4170.0
4840.0;7770.0;12380.0;19560.0;2951.0;4254.0;4550.0;7360.0;11780.0;18670.0;2835.0;4155.0;-157.0;1058.0;-628.0;4171.0
4700.0;7580.0;12030.0;19020.0;2891.0;4164.0;4470.0;7150.0;11470.0;18230.0;2780.0;4052.0;-157.0;1062.0;-629.0;4203.0
4620.0;7410.0;11780.0;18490.0;2801.0;4026.0;4370.0;7040.0;11260.0;17820.0;2690.0;3945.0;-156.0;1060.0;-630.0;4200.0
4450.0;7150.0;11330.0;17960.0;2724.0;3944.0;4280.0;6830.0;10950.0;17350.0;2630.0;3846.0;-153.0;1069.0;-630.0;4199.0
4390.0;7050.0;11230.0;17790.0;2682.0;3877.0;4220.0;6750.0;10820.0;17140.0;2578.0;3783.0;-153.0;1057.0;-630.0;4182.0
4300.0;6930.0;10970.0;17360.0;2622.0;3786.0;4120.0;6600.0;10590.0;16740.0;2519.0;3714.0;-152.0;1047.0;-626.0;4177.0
4230.0;6770.0;10750.0;16880.0;2564.0;3709.0;4030.0;6470.0;10340.0;16320.0;2468.0;3629.0;-150.0;1053.0;-612.0;4167.0
4150.0;6620.0;10510.0;16570.0;2489.0;3624.0;3990.0;6360.0;10130.0;15930.0;2424.0;3532.0;-150.0;1057.0;-609.0;4170.0
4080.0;6540.0;10340.0;16330.0;2458.0;3571.0;3910.0;6240.0;9950.0;15690.0;2376.0;3480.0;-147.0;1054.0;-608.0;4157.0
4090.0;6540.0;10350.0;16220.0;2449.0;3544.0;3920.0;6250.0;9970.0;15700.0;2365.0;3454.0;-147.0;1042.0;-599.0;4139.0
3900.0;6220.0;9870.0;15550.0;2356.0;3431.0;3760.0;5970.0;9560.0;15080.0;2282.0;3356.0;-144.0;1046.0;-598.0;4125.0
3920.0;6270.0;9910.0;15560.0;2349.0;3386.0;3710.0;5940.0;9480.0;14910.0;2258.0;3296.0;-144.0;1034.0;-595.0;4122.0
3850.0;6190.0;9710.0;15300.0;2309.0;3329.0;3670.0;5860.0;9350.0;14760.0;2235.0;3265.0;-150.0;1042.0;-595.0;4123.0
3800.0;6100.0;9700.0;15190.0;2288.0;3305.0;3610.0;5780.0;9210.0;14500.0;2205.0;3248.0;-150.0;1041.0;-589.0;4105.0
3820.0;6090.0;9640.0;15150.0;2290.0;3309.0;3660.0;5840.0;9270.0;14530.0;2212.0;3226.0;-148.0;1035.0;-586.0;4111.0
3750.0;6000.0;9500.0;14930.0;2255.0;3259.0;3570.0;5680.0;9080.0;14270.0;2161.0;3173.0;-149.0;1039.0;-578.0;4097.0
3660.0;5830.0;9230.0;14550.0;2200.0;3182.0;3520.0;5600.0;8890.0;13990.0;2128.0;3122.0;-148.0;1028.0;-574.0;4088.0
3550.0;5680.0;8990.0;14110.0;2134.0;3103.0;3440.0;5450.0;8660.0;13660.0;2079.0;3052.0;-144.0;1036.0;-574.0;4085.0
3540.0;5660.0;8980.0;14040.0;2135.0;3082.0;3380.0;5360.0;8530.0;13520.0;2052.0;3014.0;-148.0;1027.0;-574.0;4080.0
3550.0;5650.0;8920.0;13950.0;2114.0;3058.0;3390.0;5380.0;8570.0;13490.0;2043.0;3004.0;-143.0;1026.0;-574.0;4074.0
3420.0;5480.0;8660.0;13560.0;2053.0;2981.0;3280.0;5220.0;8260.0;13040.0;1982.0;2924.0;-142.0;1030.0;-579.0;4089.0
3420.0;5460.0;8610.0;13530.0;2052.0;2956.0;3230.0;5150.0;8190.0;12910.0;1960.0;2893.0;-142.0;1029.0;-579.0;4089.0
3380.0;5410.0;8590.0;13440.0;2039.0;2951.0;3250.0;5140.0;8130.0;12890.0;1962.0;2899.0;-142.0;1040.0;-579.0;4103.0
3400.0;5430.0;8590.0;13440.0;2030.0;2940.0;3200.0;5110.0;8170.0;12920.0;1965.0;2869.0;-142.0;1049.0;-579.0;4115.0
3380.0;5450.0;8590.0;13520.0;2038.0;2954.0;3220.0;5120.0;8200.0;12930.0;1962.0;2882.0;-142.0;1042.0;-579.0;4103.0
3300.0;5270.0;8360.0;13130.0;1993.0;2886.0;3150.0;5010.0;8000.0;12540.0;1915.0;2816.0;-141.0;1037.0;-576.0;4109.0
3210.0;5140.0;8170.0;12830.0;1950.0;2811.0;3100.0;4940.0;7820.0;12310.0;1874.0;2774.0;-147.0;1030.0;-576.0;4088.0
3220.0;5160.0;8100.0;12720.0;1927.0;2794.0;3090.0;4880.0;7780.0;12220.0;1860.0;2754.0;-147.0;1030.0;-576.0;4081.0
3190.0;5050.0;7990.0;12550.0;1901.0;2778.0;3040.0;4850.0;7690.0;12080.0;1839.0;2713.0;-147.0;1037.0;-576.0;4105.0
3160.0;5060.0;7980.0;12600.0;1911.0;2747.0;3010.0;4790.0;7640.0;12070.0;1834.0;2693.0;-145.0;1034.0;-576.0;4094.0
3130.0;5000.0;7890.0;12490.0;1879.0;2724.0;2960.0;4720.0;7530.0;11750.0;1803.0;2658.0;-147.0;1046.0;-576.0;4101.0
3090.0;4940.0;7820.0;12330.0;1854.0;2690.0;2920.0;4610.0;7390.0;11680.0;1780.0;2626.0;-149.0;1038.0;-574.0;4102.0
3020.0;4830.0;7690.0;12090.0;1824.0;2647.0;2920.0;4590.0;7290.0;11550.0;1764.0;2592.0;-145.0;1028.0;-574.0;4088.0
3030.0;4850.0;7700.0;12060.0;1830.0;2637.0;2850.0;4520.0;7250.0;11400.0;1745.0;2577.0;-145.0;1030.0;-566.0;4072.0
2920.0;4670.0;7440.0;11730.0;1766.0;2559.0;2790.0;4440.0;7080.0;11270.0;1705.0;2506.0;-133.0;1031.0;-558.0;4072.0
2920.0;4670.0;7390.0;11660.0;1769.0;2560.0;2740.0;4360.0;6960.0;11000.0;1691.0;2490.0;-133.0;1024.0;-550.0;4064.0
2820.0;4510.0;7130.0;11220.0;1704.0;2482.0;2690.0;4300.0;6850.0;10800.0;1644.0;2430.0;-133.0;1029.0;-550.0;4072.0
2760.0;4420.0;7000.0;11070.0;1678.0;2445.0;2650.0;4220.0;6720.0;10670.0;1634.0;2403.0;-133.0;1020.0;-550.0;4055.0
2730.0;4390.0;6990.0;11000.0;1666.0;2431.0;2610.0;4160.0;6640.0;10530.0;1608.0;2390.0;-140.0;1038.0;-550.0;4067.0
2780.0;4470.0;7120.0;11230.0;1692.0;2457.0;2610.0;4150.0;6640.0;10590.0;1617.0;2406.0;-140.0;1029.0;-550.0;4061.0
2780.0;4470.0;7100.0;11150.0;1677.0;2439.0;2610.0;4170.0;6680.0;10620.0;1616.0;2395.0;-140.0;1029.0;-550.0;4062.0
2730.0;4410.0;6990.0;11020.0;1670.0;2426.0;2570.0;4120.0;6620.0;10430.0;1595.0;2378.0;-134.0;1030.0;-550.0;4047.0
2670.0;4320.0;6830.0;10780.0;1641.0;2381.0;2550.0;4040.0;6480.0;10250.0;1575.0;2331.0;-134.0;1030.0;-549.0;4041.0
2620.0;4210.0;6670.0;10560.0;1598.0;2349.0;2530.0;4030.0;6400.0;10110.0;1553.0;2301.0;-133.0;1024.0;-540.0;4051.0
2640.0;4250.0;6740.0;10640.0;1617.0;2342.0;2490.0;3990.0;6370.0;10080.0;1551.0;2304.0;-133.0;1022.0;-534.0;4046.0
2630.0;4260.0;6750.0;10580.0;1614.0;2339.0;2500.0;4000.0;6390.0;10160.0;1554.0;2287.0;-129.0;1022.0;-531.0;4037.0
2590.0;4190.0;6680.0;10600.0;1612.0;2341.0;2460.0;3930.0;6340.0;10110.0;1535.0;2285.0;-131.0;1016.0;-530.0;4023.0
2570.0;4150.0;6610.0;10460.0;1587.0;2312.0;2400.0;3850.0;6200.0;9860.0;1521.0;2256.0;-129.0;1021.0;-529.0;4026.0
2510.0;4060.0;6470.0;10250.0;1553.0;2255.0;2360.0;3810.0;6120.0;9680.0;1497.0;2217.0;-131.0;1021.0;-529.0;4018.0
2530.0;4090.0;6500.0;10290.0;1564.0;2280.0;2360.0;3810.0;6070.0;9650.0;1486.0;2204.0;-129.0;1030.0;-522.0;4033.0
2480.0;3990.0;6360.0;10070.0;1536.0;2231.0;2330.0;3740.0;6030.0;9540.0;1460.0;2174.0;-129.0;1023.0;-521.0;4021.0
2450.0;3970.0;6300.0;9970.0;1514.0;2206.0;2270.0;3660.0;5910.0;9400.0;1450.0;2154.0;-129.0;1013.0;-522.0;4014.0
2430.0;3950.0;6290.0;9950.0;1509.0;2204.0;2320.0;3720.0;5960.0;9420.0;1446.0;2153.0;-133.0;1023.0;-522.0;4026.0
2380.0;3850.0;6130.0;9770.0;1484.0;2164.0;2210.0;3560.0;5780.0;9220.0;1419.0;2121.0;-134.0;1031.0;-533.0;4033.0
2350.0;3840.0;6110.0;9710.0;1479.0;2146.0;2220.0;3580.0;5790.0;9190.0;1414.0;2092.0;-134.0;1020.0;-533.0;4044.0
2350.0;3810.0;6080.0;9640.0;1469.0;2136.0;2200.0;3510.0;5720.0;9090.0;1406.0;2101.0;-138.0;1020.0;-538.0;4045.0
2330.0;3780.0;6070.0;9600.0;1462.0;2136.0;2210.0;3560.0;5710.0;9100.0;1394.0;2078.0;-138.0;1016.0;-538.0;4033.0
2300.0;3740.0;5980.0;9480.0;1446.0;2120.0;2160.0;3480.0;5660.0;9030.0;1393.0;2067.0;-134.0;1022.0;-533.0;4027.0
2300.0;3740.0;5980.0;9500.0;1448.0;2114.0;2150.0;3470.0;5580.0;8900.0;1380.0;2060.0;-138.0;1018.0;-529.0;4033.0
2300.0;3740.0;5960.0;9440.0;1447.0;2103.0;2150.0;3460.0;5600.0;8890.0;1373.0;2043.0;-138.0;1022.0;-529.0;4032.0
2230.0;3610.0;5820.0;9230.0;1410.0;2063.0;2100.0;3410.0;5500.0;8780.0;1356.0;2021.0;-134.0;1019.0;-524.0;4013.0
2230.0;3640.0;5790.0;9230.0;1410.0;2057.0;2080.0;3360.0;5480.0;8730.0;1346.0;2009.0;-131.0;1013.0;-508.0;3995.0
2140.0;3490.0;5560.0;8900.0;1361.0;2007.0;2020.0;3290.0;5310.0;8480.0;1311.0;1968.0;-131.0;1014.0;-500.0;3981.0
2080.0;3400.0;5450.0;8650.0;1333.0;1961.0;2000.0;3220.0;5180.0;8330.0;1283.0;1931.0;-129.0;1012.0;-495.0;3976.0
2100.0;3410.0;5420.0;8660.0;1321.0;1944.0;2000.0;3190.0;5190.0;8320.0;1278.0;1908.0;-127.0;1003.0;-495.0;3978.0
2070.0;3390.0;5390.0;8620.0;1312.0;1931.0;1980.0;3200.0;5170.0;8190.0;1269.0;1901.0;-127.0;1007.0;-495.0;3973.0
2060.0;3350.0;5380.0;8590.0;1306.0;1916.0;1920.0;3110.0;5080.0;8150.0;1253.0;1882.0;-127.0;1012.0;-499.0;3962.0
2050.0;3330.0;5380.0;8570.0;1309.0;1924.0;1950.0;3140.0;5090.0;8180.0;1270.0;1877.0;-127.0;1011.0;-499.0;3977.0
2020.0;3320.0;5330.0;8520.0;1306.0;1915.0;1910.0;3080.0;4990.0;7980.0;1244.0;1876.0;-127.0;1007.0;-499.0;3985.0
2040.0;3340.0;5380.0;8590.0;1317.0;1919.0;1920.0;3080.0;5020.0;8070.0;1247.0;1874.0;-124.0;1018.0;-499.0;3984.0
2020.0;3280.0;5310.0;8470.0;1295.0;1898.0;1880.0;3030.0;4950.0;7950.0;1233.0;1845.0;-123.0;1014.0;-497.0;3980.0
1970.0;3230.0;5180.0;8300.0;1274.0;1869.0;1880.0;3020.0;4880.0;7890.0;1226.0;1815.0;-123.0;1012.0;-497.0;3974.0
1950.0;3200.0;5190.0;8280.0;1268.0;1850.0;1840.0;2990.0;4870.0;7760.0;1206.0;1802.0;-123.0;1007.0;-487.0;3985.0
1890.0;3140.0;5070.0;8120.0;1247.0;1839.0;1830.0;2980.0;4850.0;7730.0;1204.0;1794.0;-120.0;1002.0;-497.0;3964.0
1900.0;3140.0;5040.0;8070.0;1236.0;1817.0;1820.0;2940.0;4790.0;7720.0;1188.0;1776.0;-120.0;1002.0;-492.0;3971.0
1910.0;3150.0;5060.0;8110.0;1249.0;1830.0;1790.0;2930.0;4770.0;7630.0;1193.0;1795.0;-127.0;1001.0;-497.0;3986.0
2000.0;3270.0;5290.0;8430.0;1290.0;1871.0;1850.0;3000.0;4910.0;7880.0;1217.0;1829.0;-127.0;1021.0;-497.0;3973.0
1990.0;3270.0;5290.0;8440.0;1297.0;1888.0;1830.0;2970.0;4880.0;7850.0;1230.0;1848.0;-132.0;1016.0;-497.0;3985.0
2040.0;3370.0;5420.0;8630.0;1321.0;1926.0;1860.0;3010.0;4950.0;7990.0;1243.0;1882.0;-132.0;1005.0;-497.0;3992.0
2030.0;3320.0;5390.0;8650.0;1328.0;1932.0;1860.0;3040.0;4970.0;8000.0;1251.0;1876.0;-131.0;1008.0;-497.0;4007.0
1990.0;3260.0;5310.0;8550.0;1309.0;1912.0;1850.0;3010.0;4960.0;7980.0;1242.0;1862.0;-127.0;1015.0;-497.0;3984.0
1970.0;3220.0;5220.0;8380.0;1283.0;1875.0;1820.0;2970.0;4830.0;7810.0;1213.0;1827.0;-124.0;1011.0;-488.0;3973.0
1900.0;3120.0;5050.0;8110.0;1249.0;1837.0;1780.0;2900.0;4720.0;7640.0;1195.0;1785.0;-124.0;1006.0;-483.0;3974.0
1870.0;3080.0;4980.0;7960.0;1233.0;1807.0;1770.0;2880.0;4710.0;7610.0;1174.0;1768.0;-124.0;1013.0;-483.0;3971.0
1840.0;3030.0;4910.0;7880.0;1214.0;1791.0;1760.0;2850.0;4690.0;7500.0;1169.0;1755.0;-128.0;1018.0;-477.0;3960.0
1830.0;3050.0;4900.0;7850.0;1201.0;1769.0;1730.0;2830.0;4620.0;7410.0;1152.0;1722.0;-128.0;1004.0;-477.0;3960.0
1820.0;3000.0;4840.0;7760.0;1191.0;1755.0;1690.0;2730.0;4500.0;7310.0;1137.0;1709.0;-128.0;999.0;-477.0;3945.0
1790.0;2950.0;4780.0;7690.0;1186.0;1742.0;1670.0;2740.0;4490.0;7230.0;1134.0;1703.0;-128.0;1004.0;-472.0;3926.0
1700.0;2820.0;4570.0;7340.0;1141.0;1694.0;1630.0;2650.0;4360.0;7060.0;1102.0;1656.0;-124.0;1001.0;-467.0;3925.0
1720.0;2860.0;4610.0;7420.0;1137.0;1687.0;1630.0;2650.0;4350.0;7030.0;1096.0;1651.0;-122.0;994.0;-467.0;3937.0
1760.0;2900.0;4700.0;7580.0;1166.0;1711.0;1630.0;2670.0;4390.0;7120.0;1104.0;1674.0;-121.0;1003.0;-467.0;3926.0
1740.0;2880.0;4690.0;7550.0;1163.0;1701.0;1630.0;2650.0;4340.0;7070.0;1092.0;1664.0;-122.0;997.0;-459.0;3939.0
1750.0;2900.0;4690.0;7580.0;1159.0;1703.0;1630.0;2640.0;4330.0;7060.0;1105.0;1659.0;-123.0;990.0;-455.0;3919.0
1750.0;2900.0;4700.0;7580.0;1169.0;1717.0;1600.0;2640.0;4320.0;7030.0;1098.0;1680.0;-123.0;1002.0;-455.0;3926.0
1760.0;2900.0;4720.0;7620.0;1177.0;1726.0;1610.0;2640.0;4320.0;7050.0;1106.0;1680.0;-123.0;999.0;-455.0;3923.0
1740.0;2870.0;4700.0;7600.0;1168.0;1716.0;1600.0;2630.0;4360.0;7050.0;1104.0;1665.0;-123.0;1014.0;-453.0;3933.0
1720.0;2860.0;4690.0;7550.0;1165.0;1707.0;1610.0;2620.0;4330.0;6980.0;1095.0;1654.0;-123.0;1000.0;-453.0;3924.0
1640.0;2730.0;4470.0;7250.0;1127.0;1671.0;1550.0;2550.0;4210.0;6850.0;1074.0;1637.0;-118.0;998.0;-465.0;3924.0
1610.0;2670.0;4360.0;7070.0;1092.0;1621.0;1520.0;2490.0;4110.0;6670.0;1050.0;1590.0;-117.0;997.0;-461.0;3934.0
1680.0;2790.0;4550.0;7310.0;1129.0;1658.0;1540.0;2510.0;4150.0;6790.0;1064.0;1610.0;-118.0;1004.0;-465.0;3942.0
1660.0;2740.0;4470.0;7220.0;1120.0;1641.0;1520.0;2490.0;4110.0;6710.0;1060.0;1601.0;-123.0;1000.0;-465.0;3939.0
1630.0;2710.0;4430.0;7180.0;1116.0;1615.0;1510.0;2450.0;4060.0;6610.0;1041.0;1568.0;-119.0;992.0;-461.0;3943.0
1630.0;2680.0;4400.0;7080.0;1093.0;1612.0;1500.0;2450.0;4010.0;6550.0;1026.0;1561.0;-119.0;1000.0;-457.0;3936.0
1600.0;2650.0;4310.0;6960.0;1078.0;1588.0;1470.0;2410.0;4000.0;6490.0;1021.0;1550.0;-119.0;1002.0;-451.0;3913.0
1560.0;2590.0;4220.0;6830.0;1066.0;1568.0;1450.0;2380.0;3960.0;6410.0;1011.0;1532.0;-119.0;996.0;-451.0;3914.0
1470.0;2440.0;4000.0;6500.0;1006.0;1505.0;1400.0;2290.0;3840.0;6220.0;975.0;1486.0;-119.0;1005.0;-451.0;3923.0
1480.0;2480.0;4020.0;6550.0;1010.0;1500.0;1410.0;2320.0;3810.0;6200.0;968.0;1470.0;-124.0;990.0;-452.0;3910.0
1480.0;2470.0;4030.0;6550.0;1007.0;1497.0;1360.0;2260.0;3750.0;6180.0;969.0;1459.0;-124.0;996.0;-459.0;3924.0
1470.0;2440.0;3990.0;6470.0;1003.0;1490.0;1350.0;2190.0;3660.0;6010.0;947.0;1452.0;-124.0;994.0;-459.0;3923.0
1460.0;2450.0;3970.0;6470.0;1005.0;1485.0;1370.0;2260.0;3740.0;6110.0;957.0;1439.0;-123.0;996.0;-459.0;3917.0
1460.0;2430.0;4000.0;6480.0;1002.0;1472.0;1330.0;2210.0;3680.0;6030.0;950.0;1449.0;-122.0;1004.0;-456.0;3917.0
1440.0;2420.0;3980.0;6480.0;1001.0;1472.0;1360.0;2240.0;3710.0;6010.0;946.0;1436.0;-116.0;995.0;-446.0;3917.0
1450.0;2420.0;3950.0;6410.0;988.0;1465.0;1340.0;2240.0;3690.0;6050.0;944.0;1435.0;-112.0;991.0;-441.0;3883.0
1440.0;2400.0;3920.0;6390.0;992.0;1462.0;1340.0;2200.0;3670.0;5980.0;938.0;1431.0;-116.0;984.0;-441.0;3895.0
1460.0;2420.0;3950.0;6420.0;999.0;1455.0;1330.0;2190.0;3650.0;5950.0;936.0;1415.0;-112.0;983.0;-424.0;3873.0
1390.0;2320.0;3800.0;6200.0;954.0;1419.0;1320.0;2170.0;3590.0;5850.0;915.0;1394.0;-112.0;984.0;-424.0;3869.0
1400.0;2340.0;3860.0;6310.0;970.0;1429.0;1280.0;2120.0;3530.0;5760.0;914.0;1405.0;-115.0;984.0;-424.0;3882.0
1430.0;2400.0;3910.0;6300.0;983.0;1432.0;1300.0;2150.0;3590.0;5860.0;920.0;1391.0;-115.0;986.0;-424.0;3867.0
1440.0;2390.0;3940.0;6380.0;982.0;1435.0;1280.0;2130.0;3550.0;5810.0;907.0;1397.0;-109.0;988.0;-424.0;3870.0
1410.0;2360.0;3850.0;6260.0;973.0;1431.0;1280.0;2100.0;3500.0;5770.0;911.0;1387.0;-115.0;978.0;-410.0;3858.0
1390.0;2330.0;3810.0;6230.0;965.0;1421.0;1270.0;2090.0;3500.0;5720.0;910.0;1377.0;-116.0;978.0;-403.0;3873.0
1360.0;2300.0;3760.0;6100.0;949.0;1405.0;1260.0;2090.0;3500.0;5730.0;908.0;1367.0;-116.0;985.0;-403.0;3863.0
1400.0;2340.0;3830.0;6250.0;964.0;1422.0;1280.0;2100.0;3540.0;5790.0;905.0;1376.0;-116.0;986.0;-410.0;3865.0
1380.0;2340.0;3810.0;6150.0;961.0;1405.0;1250.0;2050.0;3440.0;5660.0;899.0;1355.0;-116.0;986.0;-415.0;3880.0
1350.0;2270.0;3740.0;6050.0;942.0;1388.0;1250.0;2060.0;3460.0;5650.0;896.0;1359.0;-116.0;988.0;-415.0;3880.0
1350.0;2270.0;3720.0;6110.0;945.0;1398.0;1220.0;2020.0;3390.0;5580.0;880.0;1356.0;-116.0;982.0;-420.0;3868.0
1320.0;2230.0;3640.0;5920.0;922.0;1367.0;1190.0;1990.0;3330.0;5540.0;868.0;1335.0;-116.0;991.0;-415.0;3874.0
1280.0;2140.0;3550.0;5800.0;906.0;1355.0;1200.0;1980.0;3330.0;5460.0;865.0;1320.0;-107.0;990.0;-411.0;3876.0
1300.0;2170.0;3560.0;5820.0;902.0;1344.0;1190.0;1990.0;3320.0;5470.0;861.0;1313.0;-107.0;987.0;-406.0;3871.0
1250.0;2080.0;3440.0;5610.0;888.0;1316.0;1150.0;1890.0;3210.0;5280.0;842.0;1289.0;-112.0;992.0;-411.0;3868.0
1280.0;2150.0;3570.0;5790.0;902.0;1332.0;1160.0;1910.0;3230.0;5310.0;851.0;1296.0;-112.0;992.0;-404.0;3875.0
1290.0;2160.0;3560.0;5790.0;903.0;1333.0;1150.0;1940.0;3240.0;5340.0;841.0;1299.0;-112.0;987.0;-404.0;3849.0
1200.0;2040.0;3360.0;5490.0;865.0;1279.0;1120.0;1850.0;3120.0;5140.0;809.0;1245.0;-112.0;980.0;-403.0;3857.0
1120.0;1880.0;3090.0;5080.0;801.0;1220.0;1070.0;1780.0;2990.0;4920.0;779.0;1200.0;-115.0;988.0;-403.0;3870.0
1190.0;2010.0;3320.0;5430.0;846.0;1247.0;1090.0;1800.0;3050.0;5040.0;800.0;1231.0;-115.0;985.0;-402.0;3870.0
1220.0;2070.0;3390.0;5560.0;863.0;1277.0;1120.0;1870.0;3130.0;5150.0;815.0;1244.0;-115.0;988.0;-402.0;3858.0
1220.0;2050.0;3400.0;5530.0;862.0;1265.0;1100.0;1820.0;3070.0;5070.0;799.0;1233.0;-113.0;984.0;-402.0;3856.0
1180.0;1970.0;3300.0;5410.0;841.0;1251.0;1090.0;1820.0;3080.0;5050.0;801.0;1225.0;-118.0;991.0;-406.0;3857.0
1190.0;2000.0;3330.0;5420.0;842.0;1258.0;1100.0;1820.0;3090.0;5040.0;796.0;1224.0;-118.0;993.0;-434.0;3898.0
1170.0;1980.0;3270.0;5360.0;832.0;1238.0;1080.0;1780.0;3010.0;4940.0;781.0;1197.0;-118.0;1005.0;-444.0;3918.0
1180.0;2000.0;3270.0;5310.0;832.0;1239.0;1060.0;1760.0;2970.0;4940.0;786.0;1203.0;-125.0;1002.0;-449.0;3951.0
1140.0;1920.0;3160.0;5210.0;819.0;1220.0;1040.0;1720.0;2950.0;4820.0;774.0;1184.0;-127.0;1004.0;-453.0;3940.0
1130.0;1910.0;3140.0;5120.0;803.0;1199.0;1050.0;1760.0;2950.0;4800.0;767.0;1183.0;-125.0;1001.0;-461.0;3925.0
1090.0;1850.0;3070.0;5020.0;786.0;1185.0;1040.0;1710.0;2910.0;4770.0;758.0;1168.0;-125.0;998.0;-458.0;3924.0
1110.0;1880.0;3110.0;5080.0;797.0;1191.0;1000.0;1670.0;2870.0;4730.0;756.0;1168.0;-125.0;1004.0;-458.0;3937.0
1080.0;1840.0;3040.0;5050.0;793.0;1189.0;1030.0;1700.0;2890.0;4670.0;753.0;1152.0;-124.0;1008.0;-458.0;3932.0
1120.0;1900.0;3160.0;5160.0;813.0;1205.0;1040.0;1730.0;2890.0;4780.0;766.0;1177.0;-114.0;1002.0;-454.0;3933.0
1110.0;1890.0;3110.0;5130.0;804.0;1197.0;1010.0;1710.0;2890.0;4790.0;763.0;1170.0;-111.0;1005.0;-447.0;3922.0
1060.0;1790.0;2960.0;4920.0;775.0;1172.0;1010.0;1670.0;2830.0;4660.0;750.0;1149.0;-111.0;996.0;-447.0;3917.0
1130.0;1920.0;3180.0;5200.0;817.0;1205.0;1010.0;1700.0;2880.0;4750.0;759.0;1169.0;-111.0;1000.0;-445.0;3917.0
1110.0;1880.0;3100.0;5050.0;803.0;1195.0;1030.0;1720.0;2910.0;4830.0;766.0;1169.0;-111.0;1004.0;-445.0;3917.0
1090.0;1840.0;3090.0;5060.0;798.0;1178.0;990.0;1670.0;2810.0;4680.0;745.0;1152.0;-116.0;1002.0;-437.0;3922.0
1080.0;1830.0;3030.0;4990.0;787.0;1171.0;980.0;1630.0;2790.0;4640.0;746.0;1155.0;-116.0;996.0;-440.0;3919.0
1050.0;1790.0;2970.0;4920.0;773.0;1154.0;990.0;1680.0;2840.0;4750.0;747.0;1145.0;-115.0;1007.0;-440.0;3912.0
1130.0;1910.0;3180.0;5210.0;816.0;1215.0;1010.0;1720.0;2910.0;4820.0;771.0;1188.0;-116.0;1004.0;-451.0;3914.0
1130.0;1930.0;3180.0;5240.0;825.0;1221.0;1010.0;1700.0;2880.0;4800.0;769.0;1192.0;-116.0;996.0;-446.0;3918.0
1040.0;1780.0;2940.0;4860.0;769.0;1164.0;960.0;1620.0;2740.0;4590.0;734.0;1142.0;-116.0;1000.0;-451.0;3934.0
1130.0;1910.0;3180.0;5240.0;814.0;1200.0;970.0;1680.0;2830.0;4790.0;762.0;1176.0;-116.0;1001.0;-451.0;3934.0
1090.0;1880.0;3150.0;5160.0;810.0;1201.0;980.0;1670.0;2840.0;4700.0;754.0;1175.0;-122.0;994.0;-454.0;3928.0
1090.0;1860.0;3110.0;5100.0;803.0;1205.0;990.0;1670.0;2830.0;4690.0;749.0;1163.0;-125.0;992.0;-449.0;3941.0
1100.0;1890.0;3120.0;5150.0;812.0;1207.0;990.0;1660.0;2870.0;4770.0;760.0;1171.0;-125.0;1004.0;-454.0;3930.0
1100.0;1880.0;3110.0;5120.0;800.0;1199.0;1010.0;1690.0;2880.0;4740.0;761.0;1175.0;-117.0;993.0;-449.0;3923.0
1110.0;1900.0;3140.0;5190.0;811.0;1200.0;980.0;1650.0;2840.0;4720.0;756.0;1174.0;-117.0;990.0;-449.0;3919.0
1070.0;1830.0;3040.0;5020.0;789.0;1185.0;980.0;1660.0;2830.0;4730.0;756.0;1160.0;-117.0;996.0;-449.0;3917.0
1040.0;1800.0;2990.0;4970.0;780.0;1169.0;970.0;1630.0;2790.0;4620.0;744.0;1157.0;-117.0;993.0;-445.0;3912.0
1070.0;1820.0;3020.0;4980.0;788.0;1174.0;960.0;1640.0;2800.0;4610.0;743.0;1143.0;-117.0;994.0;-443.0;3916.0
1060.0;1820.0;3030.0;5000.0;780.0;1173.0;950.0;1600.0;2720.0;4530.0;729.0;1145.0;-117.0;993.0;-437.0;3894.0
980.0;1690.0;2810.0;4650.0;737.0;1118.0;920.0;1530.0;2650.0;4350.0;705.0;1101.0;-117.0;995.0;-437.0;3885.0
960.0;1640.0;2740.0;4550.0;721.0;1095.0;910.0;1540.0;2590.0;4350.0;693.0;1074.0;-117.0;996.0;-433.0;3899.0
1000.0;1720.0;2850.0;4670.0;740.0;1099.0;930.0;1550.0;2650.0;4420.0;703.0;1077.0;-106.0;995.0;-433.0;3897.0
1020.0;1740.0;2900.0;4840.0;744.0;1102.0;900.0;1520.0;2580.0;4330.0;700.0;1077.0;-106.0;999.0;-433.0;3910.0
1010.0;1720.0;2870.0;4730.0;743.0;1103.0;900.0;1530.0;2600.0;4280.0;694.0;1063.0;-121.0;986.0;-433.0;3901.0
980.0;1690.0;2780.0;4630.0;735.0;1091.0;880.0;1490.0;2560.0;4270.0;691.0;1062.0;-121.0;995.0;-433.0;3919.0
1000.0;1740.0;2890.0;4760.0;746.0;1108.0;940.0;1570.0;2660.0;4360.0;703.0;1077.0;-111.0;998.0;-433.0;3908.0
1000.0;1710.0;2850.0;4710.0;736.0;1098.0;880.0;1490.0;2560.0;4240.0;686.0;1066.0;-111.0;988.0;-429.0;3897.0
980.0;1690.0;2820.0;4670.0;736.0;1093.0;880.0;1480.0;2530.0;4250.0;693.0;1068.0;-110.0;977.0;-426.0;3883.0
1000.0;1710.0;2880.0;4740.0;745.0;1100.0;890.0;1530.0;2610.0;4340.0;699.0;1075.0;-110.0;987.0;-423.0;3870.0
1020.0;1740.0;2900.0;4790.0;741.0;1099.0;890.0;1470.0;2540.0;4190.0;685.0;1063.0;-111.0;991.0;-417.0;3872.0
970.0;1670.0;2790.0;4610.0;726.0;1085.0;870.0;1470.0;2590.0;4280.0;688.0;1062.0;-114.0;976.0;-417.0;3880.0
960.0;1650.0;2740.0;4530.0;714.0;1058.0;880.0;1470.0;2520.0;4190.0;674.0;1036.0;-114.0;987.0;-417.0;3874.0
970.0;1630.0;2730.0;4540.0;716.0;1060.0;870.0;1450.0;2460.0;4100.0;667.0;1034.0;-114.0;983.0;-418.0;3872.0
940.0;1620.0;2700.0;4480.0;707.0;1048.0;860.0;1470.0;2490.0;4120.0;657.0;1022.0;-114.0;983.0;-418.0;3893.0
930.0;1610.0;2700.0;4470.0;705.0;1057.0;840.0;1420.0;2460.0;4130.0;663.0;1031.0;-114.0;998.0;-428.0;3913.0
940.0;1610.0;2710.0;4500.0;706.0;1061.0;830.0;1410.0;2440.0;4110.0;669.0;1036.0;-113.0;991.0;-428.0;3901.0
950.0;1650.0;2780.0;4560.0;723.0;1074.0;880.0;1490.0;2580.0;4240.0;681.0;1052.0;-116.0;989.0;-437.0;3915.0
980.0;1670.0;2790.0;4590.0;723.0;1084.0;860.0;1450.0;2530.0;4230.0;680.0;1053.0;-118.0;995.0;-438.0;3908.0
950.0;1640.0;2730.0;4580.0;720.0;1087.0;890.0;1510.0;2580.0;4270.0;687.0;1076.0;-118.0;997.0;-438.0;3908.0
1020.0;1770.0;2950.0;4880.0;772.0;1147.0;880.0;1530.0;2640.0;4450.0;722.0;1119.0;-114.0;1001.0;-438.0;3894.0
990.0;1700.0;2860.0;4730.0;750.0;1122.0;890.0;1510.0;2600.0;4380.0;700.0;1094.0;-118.0;998.0;-438.0;3903.0
1000.0;1700.0;2850.0;4750.0;751.0;1112.0;870.0;1510.0;2570.0;4330.0;699.0;1088.0;-118.0;993.0;-438.0;3907.0
970.0;1670.0;2790.0;4680.0;739.0;1097.0;900.0;1510.0;2600.0;4320.0;693.0;1069.0;-123.0;1013.0;-497.0;3984.0
930.0;1600.0;2700.0;4480.0;704.0;1061.0;850.0;1440.0;2450.0;4140.0;666.0;1035.0;-132.0;1009.0;-498.0;3989.0
930.0;1600.0;2670.0;4440.0;706.0;1052.0;810.0;1410.0;2430.0;4100.0;659.0;1017.0;-132.0;1020.0;-499.0;3994.0
840.0;1470.0;2450.0;4100.0;658.0;995.0;810.0;1380.0;2340.0;3950.0;631.0;983.0;-132.0;1007.0;-499.0;3997.0
910.0;1570.0;2610.0;4340.0;685.0;1018.0;810.0;1360.0;2360.0;3970.0;646.0;1002.0;-132.0;1006.0;-498.0;4005.0
890.0;1530.0;2550.0;4270.0;681.0;1023.0;820.0;1390.0;2410.0;4050.0;652.0;1003.0;-132.0;1022.0;-498.0;3996.0
880.0;1520.0;2560.0;4240.0;678.0;1017.0;790.0;1340.0;2330.0;3910.0;640.0;993.0;-129.0;1019.0;-492.0;3999.0
870.0;1500.0;2510.0;4210.0;665.0;1003.0;790.0;1330.0;2300.0;3860.0;631.0;976.0;-130.0;1013.0;-492.0;3981.0
890.0;1540.0;2600.0;4320.0;673.0;1016.0;800.0;1360.0;2370.0;3950.0;636.0;994.0;-134.0;1019.0;-492.0;3975.0
910.0;1590.0;2670.0;4470.0;709.0;1070.0;850.0;1450.0;2510.0;4230.0;685.0;1071.0;-130.0;1015.0;-492.0;3985.0
970.0;1660.0;2770.0;4630.0;730.0;1095.0;860.0;1480.0;2550.0;4290.0;691.0;1072.0;-129.0;1007.0;-492.0;3970.0
960.0;1660.0;2810.0;4700.0;741.0;1120.0;890.0;1520.0;2610.0;4400.0;712.0;1111.0;-129.0;1009.0;-488.0;3971.0
940.0;1640.0;2740.0;4630.0;733.0;1106.0;880.0;1490.0;2560.0;4330.0;690.0;1082.0;-129.0;993.0;-492.0;3952.0
890.0;1550.0;2590.0;4330.0;694.0;1081.0;830.0;1430.0;2470.0;4160.0;674.0;1050.0;-128.0;1001.0;-483.0;3971.0
790.0;1380.0;2340.0;3950.0;630.0;982.0;770.0;1300.0;2250.0;3840.0;620.0;973.0;-129.0;1010.0;-483.0;3986.0
850.0;1470.0;2480.0;4170.0;658.0;1000.0;780.0;1310.0;2280.0;3850.0;625.0;967.0;-128.0;1006.0;-482.0;3977.0
850.0;1470.0;2480.0;4130.0;656.0;982.0;750.0;1290.0;2230.0;3790.0;619.0;960.0;-125.0;1014.0;-481.0;3958.0
810.0;1410.0;2380.0;3990.0;633.0;959.0;730.0;1250.0;2170.0;3690.0;597.0;944.0;-125.0;1010.0;-481.0;3964.0
790.0;1360.0;2310.0;3840.0;615.0;924.0;720.0;1240.0;2160.0;3630.0;590.0;913.0;-125.0;1001.0;-478.0;3960.0
790.0;1380.0;2310.0;3840.0;610.0;934.0;720.0;1240.0;2150.0;3640.0;586.0;915.0;-121.0;1006.0;-459.0;3968.0
810.0;1410.0;2370.0;3940.0;625.0;939.0;720.0;1230.0;2160.0;3650.0;586.0;915.0;-124.0;999.0;-453.0;3927.0
790.0;1360.0;2320.0;3880.0;613.0;916.0;710.0;1220.0;2110.0;3570.0;576.0;901.0;-124.0;997.0;-453.0;3930.0
770.0;1340.0;2260.0;3790.0;602.0;907.0;670.0;1160.0;2040.0;3450.0;565.0;879.0;-124.0;990.0;-452.0;3917.0
750.0;1320.0;2250.0;3690.0;594.0;895.0;680.0;1160.0;2050.0;3440.0;562.0;882.0;-119.0;990.0;-452.0;3947.0
790.0;1360.0;2290.0;3810.0;607.0;906.0;690.0;1180.0;2080.0;3450.0;564.0;866.0;-119.0;1006.0;-449.0;3907.0
760.0;1340.0;2250.0;3740.0;595.0;890.0;690.0;1180.0;2060.0;3460.0;562.0;874.0;-114.0;1002.0;-447.0;3927.0
740.0;1300.0;2200.0;3690.0;582.0;876.0;670.0;1130.0;1980.0;3360.0;544.0;848.0;-111.0;1009.0;-441.0;3918.0
730.0;1270.0;2150.0;3570.0;571.0;857.0;670.0;1150.0;2000.0;3370.0;545.0;842.0;-111.0;987.0;-429.0;3906.0
730.0;1270.0;2140.0;3580.0;568.0;856.0;650.0;1130.0;1960.0;3300.0;536.0;841.0;-111.0;992.0;-429.0;3905.0
720.0;1240.0;2130.0;3550.0;564.0;852.0;660.0;1130.0;1990.0;3310.0;536.0;841.0;-113.0;1000.0;-429.0;3917.0
720.0;1250.0;2100.0;3540.0;565.0;847.0;640.0;1090.0;1890.0;3200.0;525.0;825.0;-113.0;1002.0;-441.0;3934.0
710.0;1230.0;2080.0;3490.0;550.0;834.0;640.0;1100.0;1930.0;3250.0;531.0;824.0;-122.0;995.0;-445.0;3921.0
700.0;1210.0;2060.0;3470.0;552.0;836.0;630.0;1060.0;1860.0;3140.0;516.0;810.0;-122.0;999.0;-448.0;3941.0
710.0;1230.0;2070.0;3450.0;550.0;833.0;630.0;1070.0;1850.0;3100.0;515.0;803.0;-122.0;1003.0;-450.0;3946.0
680.0;1200.0;2030.0;3420.0;544.0;820.0;640.0;1090.0;1890.0;3210.0;514.0;791.0;-122.0;996.0;-455.0;3923.0
660.0;1160.0;1970.0;3310.0;532.0;803.0;600.0;1040.0;1800.0;3050.0;499.0;777.0;-120.0;1003.0;-463.0;3939.0
700.0;1220.0;2040.0;3430.0;550.0;834.0;620.0;1060.0;1890.0;3220.0;529.0;825.0;-120.0;1008.0;-465.0;3970.0
700.0;1210.0;2060.0;3470.0;560.0;842.0;640.0;1090.0;1920.0;3240.0;525.0;829.0;-120.0;1002.0;-471.0;3947.0
650.0;1150.0;1960.0;3320.0;537.0;823.0;590.0;1020.0;1800.0;3090.0;511.0;806.0;-120.0;1007.0;-473.0;3969.0
700.0;1240.0;2100.0;3530.0;563.0;846.0;640.0;1090.0;1940.0;3250.0;530.0;834.0;-121.0;995.0;-486.0;3979.0
740.0;1300.0;2200.0;3690.0;589.0;888.0;650.0;1120.0;1990.0;3400.0;552.0;873.0;-125.0;1016.0;-486.0;3977.0
760.0;1350.0;2270.0;3850.0;611.0;932.0;680.0;1170.0;2060.0;3510.0;576.0;907.0;-128.0;1009.0;-480.0;3980.0
750.0;1310.0;2230.0;3750.0;606.0;927.0;690.0;1180.0;2090.0;3570.0;582.0;915.0;-128.0;1001.0;-480.0;3959.0
780.0;1370.0;2320.0;3890.0;627.0;941.0;700.0;1230.0;2160.0;3630.0;593.0;927.0;-128.0;1005.0;-480.0;3962.0
750.0;1310.0;2230.0;3750.0;606.0;927.0;690.0;1180.0;2090.0;3570.0;582.0;915.0;-127.0;1001.0;-473.0;3959.0
800.0;1400.0;2360.0;4000.0;637.0;953.0;680.0;1190.0;2100.0;3550.0;588.0;929.0;-123.0;1019.0;-464.0;3969.0
720.0;1260.0;2120.0;3620.0;575.0;873.0;640.0;1100.0;1920.0;3300.0;547.0;856.0;-116.0;1001.0;-452.0;3933.0
