OFFCHIP_SENSIMOX_SnAu_150_200.0_IN-PHASE;OFFCHIP_SENSIMOX_SnAu_200_200.0_IN-PHASE;OFFCHIP_SENSIMOX_SnAu_250_200.0_IN-PHASE;OFFCHIP_SENSIMOX_SnAu_300_200.0_IN-PHASE;OFFCHIP_SENSIMOX_SnAu_350_200.0_IN-PHASE;OFFCHIP_SENSIMOX_SnAu_400_200.0_IN-PHASE;OFFCHIP_SENSIMOX_SnAu_150_78125.0_IN-PHASE;OFFCHIP_SENSIMOX_SnAu_200_78125.0_IN-PHASE;OFFCHIP_SENSIMOX_SnAu_250_78125.0_IN-PHASE;OFFCHIP_SENSIMOX_SnAu_300_78125.0_IN-PHASE;OFFCHIP_SENSIMOX_SnAu_350_78125.0_IN-PHASE;OFFCHIP_SENSIMOX_SnAu_400_78125.0_IN-PHASE;ONCHIP_ALUMINUM_OXIDE_OUT4_IN-PHASE;ONCHIP_ALUMINUM_OXIDE_OUT4_QUADRATURE;ONCHIP_ALUMINUM_OXIDE_OUT7_IN-PHASE;ONCHIP_ALUMINUM_OXIDE_OUT7_QUADRATURE;LABEL
1.0;1.0;1.0;1.0;1.0;1.0;1.0;1.0;1.0;1.0;1.0;1.0;1.0;1.0;1.0;1.0;AMMONIUM_CHLORIDE
5.0;10.0;18.0;45.0;8.0;17.0;3.0;8.0;17.0;53.0;7.0;16.0;-4.0;-4.0;-13.0;3.0;AMMONIUM_CHLORIDE
5.0;11.0;23.0;55.0;12.0;24.0;1.0;3.0;21.0;72.0;20.0;35.0;-4.0;-4.0;-13.0;2.0;AMMONIUM_CHLORIDE
14.0;31.0;64.0;142.0;26.0;45.0;1.0;3.0;13.0;53.0;20.0;39.0;-6.0;-3.0;-12.0;4.0;AMMONIUM_CHLORIDE
10.0;23.0;44.0;102.0;20.0;39.0;3.0;3.0;13.0;54.0;20.0;38.0;-6.0;-3.0;-12.0;2.0;AMMONIUM_CHLORIDE
13.0;29.0;65.0;141.0;28.0;54.0;16.0;34.0;75.0;152.0;32.0;58.0;-6.0;-3.0;-13.0;1.0;AMMONIUM_CHLORIDE
20.0;44.0;94.0;209.0;41.0;77.0;20.0;40.0;87.0;196.0;44.0;81.0;-6.0;-5.0;-13.0;-2.0;AMMONIUM_CHLORIDE
34.0;75.0;165.0;363.0;70.0;124.0;34.0;74.0;161.0;340.0;67.0;123.0;-6.0;-5.0;-13.0;-2.0;AMMONIUM_CHLORIDE
41.0;90.0;194.0;415.0;80.0;140.0;39.0;88.0;191.0;397.0;77.0;136.0;-3.0;-5.0;-13.0;-3.0;AMMONIUM_CHLORIDE
45.0;99.0;209.0;446.0;85.0;148.0;26.0;62.0;151.0;353.0;75.0;136.0;-3.0;-5.0;-13.0;-4.0;AMMONIUM_CHLORIDE
38.0;83.0;173.0;372.0;68.0;126.0;24.0;58.0;141.0;315.0;62.0;115.0;-3.0;-4.0;-12.0;-3.0;AMMONIUM_CHLORIDE
31.0;67.0;139.0;305.0;60.0;111.0;17.0;40.0;96.0;239.0;55.0;107.0;-3.0;-2.0;-12.0;-1.0;AMMONIUM_CHLORIDE
29.0;62.0;129.0;279.0;54.0;104.0;24.0;34.0;91.0;227.0;53.0;96.0;-2.0;-3.0;-12.0;-4.0;AMMONIUM_CHLORIDE
27.0;57.0;114.0;240.0;47.0;92.0;24.0;55.0;124.0;254.0;48.0;87.0;-1.0;-3.0;-11.0;-2.0;AMMONIUM_CHLORIDE
25.0;55.0;109.0;234.0;44.0;90.0;26.0;61.0;127.0;252.0;49.0;84.0;-1.0;-4.0;-12.0;-1.0;AMMONIUM_CHLORIDE
23.0;47.0;101.0;219.0;43.0;83.0;23.0;54.0;118.0;238.0;46.0;81.0;-4.0;-5.0;-9.0;0.0;AMMONIUM_CHLORIDE
25.0;54.0;110.0;232.0;46.0;90.0;15.0;38.0;97.0;227.0;49.0;89.0;-4.0;-5.0;-9.0;-2.0;AMMONIUM_CHLORIDE
27.0;57.0;123.0;251.0;49.0;95.0;11.0;32.0;75.0;202.0;48.0;91.0;-8.0;-5.0;-11.0;4.0;AMMONIUM_CHLORIDE
27.0;58.0;119.0;260.0;50.0;96.0;10.0;29.0;72.0;196.0;51.0;92.0;-8.0;-5.0;-11.0;2.0;AMMONIUM_CHLORIDE
27.0;59.0;123.0;270.0;53.0;100.0;30.0;68.0;149.0;296.0;56.0;97.0;-8.0;-7.0;-8.0;-2.0;AMMONIUM_CHLORIDE
30.0;65.0;135.0;285.0;57.0;109.0;21.0;53.0;128.0;284.0;60.0;105.0;-8.0;0.0;-3.0;-2.0;AMMONIUM_CHLORIDE
33.0;72.0;152.0;318.0;63.0;118.0;33.0;76.0;165.0;341.0;62.0;121.0;-8.0;-5.0;-3.0;-2.0;AMMONIUM_CHLORIDE
39.0;84.0;174.0;369.0;71.0;130.0;30.0;68.0;147.0;324.0;69.0;125.0;-6.0;-7.0;-3.0;-2.0;AMMONIUM_CHLORIDE
37.0;80.0;169.0;357.0;70.0;132.0;31.0;72.0;165.0;363.0;71.0;124.0;-8.0;-5.0;-6.0;-3.0;AMMONIUM_CHLORIDE
38.0;82.0;170.0;359.0;71.0;131.0;25.0;61.0;143.0;340.0;70.0;126.0;-7.0;-5.0;-8.0;-1.0;AMMONIUM_CHLORIDE
41.0;86.0;179.0;375.0;74.0;137.0;23.0;60.0;140.0;341.0;70.0;134.0;-9.0;-5.0;-11.0;-1.0;AMMONIUM_CHLORIDE
40.0;85.0;179.0;372.0;74.0;140.0;28.0;69.0;162.0;367.0;76.0;135.0;-9.0;-5.0;-11.0;4.0;AMMONIUM_CHLORIDE
43.0;92.0;189.0;399.0;79.0;150.0;23.0;60.0;146.0;358.0;80.0;145.0;-9.0;-5.0;-8.0;4.0;AMMONIUM_CHLORIDE
47.0;100.0;209.0;444.0;86.0;156.0;37.0;82.0;178.0;404.0;86.0;156.0;-7.0;-2.0;-7.0;3.0;AMMONIUM_CHLORIDE
51.0;108.0;225.0;475.0;92.0;168.0;42.0;95.0;204.0;438.0;92.0;167.0;-9.0;-5.0;-7.0;3.0;AMMONIUM_CHLORIDE
57.0;121.0;252.0;538.0;103.0;188.0;35.0;83.0;200.0;469.0;101.0;184.0;-6.0;-5.0;-7.0;6.0;AMMONIUM_CHLORIDE
60.0;127.0;270.0;570.0;107.0;198.0;52.0;116.0;249.0;513.0;102.0;183.0;-6.0;-5.0;-7.0;3.0;AMMONIUM_CHLORIDE
56.0;119.0;251.0;515.0;102.0;190.0;53.0;120.0;263.0;533.0;101.0;180.0;-8.0;-3.0;-7.0;2.0;AMMONIUM_CHLORIDE
54.0;115.0;241.0;506.0;102.0;182.0;34.0;83.0;198.0;467.0;99.0;178.0;-8.0;-3.0;-7.0;2.0;AMMONIUM_CHLORIDE
55.0;119.0;244.0;527.0;102.0;189.0;51.0;118.0;262.0;555.0;105.0;190.0;-6.0;-3.0;-5.0;2.0;AMMONIUM_CHLORIDE
58.0;126.0;260.0;545.0;106.0;193.0;37.0;87.0;205.0;473.0;102.0;184.0;-3.0;-3.0;-5.0;-1.0;AMMONIUM_CHLORIDE
59.0;125.0;261.0;553.0;107.0;195.0;51.0;114.0;239.0;506.0;102.0;185.0;-1.0;-3.0;-5.0;-4.0;AMMONIUM_CHLORIDE
59.0;127.0;266.0;568.0;110.0;205.0;50.0;115.0;265.0;570.0;110.0;199.0;-1.0;-5.0;-5.0;-4.0;AMMONIUM_CHLORIDE
68.0;144.0;299.0;629.0;123.0;221.0;59.0;133.0;279.0;598.0;119.0;216.0;-1.0;-5.0;-5.0;-4.0;AMMONIUM_CHLORIDE
71.0;152.0;318.0;658.0;124.0;229.0;62.0;136.0;293.0;626.0;125.0;223.0;-4.0;-5.0;-6.0;-4.0;AMMONIUM_CHLORIDE
75.0;159.0;330.0;683.0;130.0;235.0;49.0;112.0;263.0;598.0;127.0;226.0;-4.0;-5.0;-6.0;-4.0;AMMONIUM_CHLORIDE
75.0;159.0;329.0;682.0;131.0;236.0;52.0;120.0;268.0;603.0;122.0;225.0;-7.0;-5.0;-8.0;-4.0;AMMONIUM_CHLORIDE
73.0;155.0;323.0;672.0;127.0;234.0;56.0;131.0;299.0;646.0;130.0;226.0;-4.0;-5.0;-9.0;-1.0;AMMONIUM_CHLORIDE
75.0;160.0;325.0;686.0;131.0;242.0;52.0;120.0;272.0;625.0;127.0;229.0;-7.0;-4.0;-9.0;-3.0;AMMONIUM_CHLORIDE
75.0;159.0;329.0;700.0;135.0;246.0;68.0;153.0;323.0;677.0;135.0;245.0;-7.0;-2.0;-9.0;-3.0;AMMONIUM_CHLORIDE
83.0;174.0;363.0;749.0;145.0;257.0;65.0;149.0;319.0;692.0;140.0;249.0;-9.0;-4.0;-11.0;0.0;AMMONIUM_CHLORIDE
82.0;174.0;362.0;763.0;145.0;261.0;70.0;161.0;350.0;731.0;142.0;250.0;-9.0;-6.0;-9.0;-3.0;AMMONIUM_CHLORIDE
82.0;174.0;369.0;776.0;148.0;262.0;66.0;154.0;340.0;739.0;145.0;258.0;-9.0;-4.0;-7.0;-3.0;AMMONIUM_CHLORIDE
83.0;177.0;368.0;775.0;147.0;265.0;76.0;169.0;362.0;727.0;143.0;255.0;-9.0;-2.0;-10.0;-7.0;AMMONIUM_CHLORIDE
80.0;169.0;356.0;741.0;145.0;264.0;67.0;149.0;327.0;702.0;141.0;262.0;-7.0;0.0;-10.0;-7.0;AMMONIUM_CHLORIDE
87.0;186.0;392.0;811.0;155.0;276.0;68.0;156.0;349.0;765.0;152.0;269.0;-7.0;1.0;-9.0;-7.0;AMMONIUM_CHLORIDE
90.0;190.0;397.0;821.0;156.0;283.0;80.0;179.0;394.0;808.0;155.0;274.0;-7.0;1.0;-10.0;-3.0;AMMONIUM_CHLORIDE
90.0;192.0;401.0;828.0;158.0;288.0;65.0;148.0;333.0;755.0;156.0;278.0;-7.0;1.0;-10.0;-3.0;AMMONIUM_CHLORIDE
90.0;194.0;406.0;848.0;162.0;293.0;67.0;155.0;353.0;776.0;158.0;287.0;-7.0;-4.0;-10.0;-2.0;AMMONIUM_CHLORIDE
97.0;205.0;424.0;882.0;168.0;305.0;81.0;183.0;412.0;884.0;171.0;301.0;-8.0;-4.0;-10.0;-2.0;AMMONIUM_CHLORIDE
100.0;214.0;444.0;891.0;174.0;315.0;89.0;199.0;424.0;868.0;168.0;300.0;-8.0;-4.0;-10.0;-1.0;AMMONIUM_CHLORIDE
102.0;216.0;447.0;927.0;176.0;314.0;79.0;183.0;403.0;867.0;170.0;306.0;-8.0;-4.0;-10.0;-2.0;AMMONIUM_CHLORIDE
106.0;223.0;461.0;953.0;182.0;328.0;88.0;195.0;419.0;893.0;176.0;319.0;-8.0;-4.0;-10.0;-1.0;AMMONIUM_CHLORIDE
111.0;238.0;490.0;1011.0;192.0;342.0;103.0;226.0;486.0;975.0;186.0;326.0;-8.0;-5.0;-14.0;-1.0;AMMONIUM_CHLORIDE
111.0;235.0;486.0;1000.0;190.0;345.0;91.0;201.0;437.0;928.0;184.0;334.0;-9.0;-6.0;-14.0;0.0;AMMONIUM_CHLORIDE
115.0;245.0;507.0;1040.0;199.0;350.0;91.0;205.0;461.0;978.0;191.0;337.0;-8.0;-6.0;-14.0;2.0;AMMONIUM_CHLORIDE
116.0;248.0;522.0;1073.0;203.0;364.0;110.0;245.0;530.0;1070.0;201.0;351.0;-2.0;-6.0;-10.0;3.0;AMMONIUM_CHLORIDE
123.0;262.0;538.0;1118.0;209.0;374.0;92.0;208.0;472.0;1029.0;205.0;363.0;-7.0;-5.0;-10.0;2.0;AMMONIUM_CHLORIDE
126.0;271.0;560.0;1147.0;215.0;381.0;99.0;225.0;499.0;1060.0;208.0;366.0;-4.0;-5.0;-10.0;2.0;AMMONIUM_CHLORIDE
125.0;263.0;547.0;1131.0;215.0;377.0;98.0;223.0;496.0;1063.0;208.0;366.0;-4.0;0.0;-10.0;2.0;AMMONIUM_CHLORIDE
130.0;273.0;568.0;1163.0;220.0;389.0;113.0;258.0;562.0;1162.0;216.0;377.0;-4.0;0.0;-10.0;-2.0;AMMONIUM_CHLORIDE
132.0;280.0;582.0;1197.0;223.0;394.0;104.0;233.0;506.0;1091.0;217.0;384.0;-4.0;0.0;-12.0;-2.0;AMMONIUM_CHLORIDE
135.0;285.0;594.0;1205.0;228.0;397.0;110.0;245.0;542.0;1148.0;220.0;386.0;-4.0;-3.0;-12.0;1.0;AMMONIUM_CHLORIDE
135.0;288.0;595.0;1219.0;231.0;406.0;106.0;238.0;531.0;1129.0;222.0;394.0;-3.0;-3.0;-11.0;1.0;AMMONIUM_CHLORIDE
141.0;296.0;614.0;1254.0;231.0;411.0;121.0;268.0;575.0;1206.0;227.0;394.0;-3.0;-3.0;-11.0;1.0;AMMONIUM_CHLORIDE
137.0;293.0;611.0;1250.0;235.0;414.0;114.0;257.0;566.0;1189.0;230.0;406.0;-4.0;-1.0;-9.0;1.0;AMMONIUM_CHLORIDE
145.0;306.0;631.0;1278.0;240.0;427.0;113.0;257.0;566.0;1199.0;233.0;411.0;-3.0;1.0;-8.0;1.0;AMMONIUM_CHLORIDE
147.0;308.0;632.0;1270.0;239.0;425.0;133.0;293.0;634.0;1255.0;235.0;412.0;-4.0;3.0;-8.0;2.0;AMMONIUM_CHLORIDE
144.0;305.0;629.0;1288.0;240.0;426.0;119.0;268.0;588.0;1235.0;237.0;413.0;-4.0;3.0;-8.0;1.0;AMMONIUM_CHLORIDE
146.0;310.0;637.0;1290.0;242.0;423.0;112.0;255.0;560.0;1200.0;231.0;409.0;-4.0;3.0;-9.0;1.0;AMMONIUM_CHLORIDE
143.0;302.0;622.0;1278.0;240.0;430.0;123.0;272.0;595.0;1257.0;243.0;422.0;-5.0;-1.0;-11.0;1.0;AMMONIUM_CHLORIDE
151.0;321.0;657.0;1338.0;250.0;444.0;116.0;263.0;578.0;1222.0;242.0;428.0;-5.0;-1.0;-11.0;0.0;AMMONIUM_CHLORIDE
156.0;332.0;683.0;1392.0;257.0;452.0;141.0;309.0;652.0;1351.0;251.0;435.0;-5.0;0.0;-13.0;1.0;AMMONIUM_CHLORIDE
159.0;334.0;681.0;1385.0;257.0;450.0;122.0;270.0;589.0;1254.0;249.0;436.0;-9.0;0.0;-13.0;1.0;AMMONIUM_CHLORIDE
162.0;338.0;701.0;1425.0;266.0;470.0;146.0;321.0;658.0;1367.0;257.0;449.0;-5.0;0.0;-11.0;1.0;AMMONIUM_CHLORIDE
160.0;336.0;694.0;1430.0;266.0;469.0;153.0;335.0;711.0;1416.0;262.0;458.0;-7.0;2.0;-10.0;1.0;AMMONIUM_CHLORIDE
170.0;358.0;736.0;1508.0;279.0;484.0;132.0;295.0;644.0;1365.0;263.0;461.0;-9.0;1.0;-14.0;1.0;AMMONIUM_CHLORIDE
167.0;353.0;731.0;1487.0;280.0;489.0;156.0;346.0;710.0;1479.0;271.0;468.0;-7.0;-3.0;-11.0;0.0;AMMONIUM_CHLORIDE
169.0;355.0;730.0;1472.0;276.0;486.0;151.0;338.0;714.0;1468.0;269.0;475.0;-7.0;-3.0;-10.0;-1.0;AMMONIUM_CHLORIDE
176.0;373.0;763.0;1535.0;287.0;499.0;161.0;348.0;730.0;1453.0;273.0;480.0;-7.0;-6.0;-11.0;-1.0;AMMONIUM_CHLORIDE
173.0;364.0;751.0;1520.0;284.0;492.0;143.0;321.0;694.0;1441.0;271.0;480.0;-7.0;-6.0;-11.0;-1.0;AMMONIUM_CHLORIDE
181.0;378.0;779.0;1570.0;292.0;508.0;165.0;362.0;762.0;1515.0;282.0;488.0;-4.0;-2.0;-11.0;-1.0;AMMONIUM_CHLORIDE
181.0;382.0;784.0;1595.0;293.0;514.0;142.0;317.0;697.0;1473.0;285.0;498.0;-4.0;-2.0;-11.0;-1.0;AMMONIUM_CHLORIDE
183.0;387.0;795.0;1598.0;299.0;519.0;157.0;344.0;730.0;1517.0;288.0;503.0;-4.0;-5.0;-14.0;6.0;AMMONIUM_CHLORIDE
189.0;398.0;813.0;1655.0;305.0;530.0;165.0;369.0;785.0;1588.0;293.0;511.0;-4.0;-5.0;-14.0;6.0;AMMONIUM_CHLORIDE
192.0;403.0;821.0;1654.0;308.0;533.0;154.0;337.0;733.0;1516.0;293.0;514.0;-8.0;-8.0;-16.0;-2.0;AMMONIUM_CHLORIDE
191.0;400.0;817.0;1635.0;304.0;532.0;162.0;359.0;767.0;1565.0;295.0;517.0;-8.0;-8.0;-16.0;3.0;AMMONIUM_CHLORIDE
194.0;406.0;833.0;1672.0;312.0;535.0;164.0;367.0;776.0;1614.0;299.0;525.0;-7.0;-8.0;-16.0;0.0;AMMONIUM_CHLORIDE
199.0;421.0;854.0;1716.0;315.0;544.0;157.0;349.0;758.0;1572.0;306.0;528.0;-7.0;-8.0;-16.0;-2.0;AMMONIUM_CHLORIDE
199.0;419.0;856.0;1734.0;320.0;561.0;160.0;349.0;764.0;1596.0;309.0;536.0;-5.0;-2.0;-18.0;0.0;AMMONIUM_CHLORIDE
201.0;419.0;869.0;1740.0;321.0;562.0;186.0;404.0;850.0;1685.0;311.0;539.0;-5.0;-2.0;-18.0;0.0;AMMONIUM_CHLORIDE
205.0;429.0;862.0;1726.0;321.0;556.0;165.0;363.0;765.0;1584.0;303.0;535.0;-7.0;-3.0;-18.0;0.0;AMMONIUM_CHLORIDE
201.0;424.0;863.0;1738.0;325.0;569.0;192.0;416.0;866.0;1719.0;318.0;552.0;-8.0;-1.0;-18.0;1.0;AMMONIUM_CHLORIDE
212.0;444.0;907.0;1815.0;335.0;582.0;187.0;409.0;845.0;1709.0;325.0;566.0;-9.0;-3.0;-18.0;1.0;AMMONIUM_CHLORIDE
215.0;449.0;916.0;1846.0;340.0;587.0;181.0;402.0;854.0;1753.0;328.0;570.0;-9.0;-3.0;-17.0;5.0;AMMONIUM_CHLORIDE
217.0;451.0;921.0;1870.0;341.0;592.0;182.0;388.0;827.0;1702.0;321.0;562.0;-9.0;0.0;-17.0;5.0;AMMONIUM_CHLORIDE
211.0;438.0;895.0;1815.0;334.0;583.0;191.0;420.0;885.0;1778.0;327.0;566.0;-8.0;0.0;-15.0;5.0;AMMONIUM_CHLORIDE
219.0;458.0;938.0;1882.0;344.0;596.0;199.0;429.0;891.0;1811.0;332.0;578.0;-9.0;-3.0;-15.0;6.0;AMMONIUM_CHLORIDE
224.0;468.0;953.0;1904.0;350.0;607.0;203.0;444.0;926.0;1862.0;341.0;590.0;-7.0;-3.0;-15.0;1.0;AMMONIUM_CHLORIDE
222.0;462.0;945.0;1888.0;347.0;602.0;183.0;399.0;842.0;1734.0;332.0;579.0;-7.0;-4.0;-15.0;1.0;AMMONIUM_CHLORIDE
226.0;477.0;968.0;1946.0;358.0;620.0;183.0;406.0;872.0;1812.0;344.0;600.0;-6.0;-5.0;-15.0;0.0;AMMONIUM_CHLORIDE
231.0;481.0;973.0;1963.0;360.0;619.0;183.0;399.0;850.0;1754.0;342.0;594.0;-6.0;-5.0;-16.0;2.0;AMMONIUM_CHLORIDE
227.0;470.0;965.0;1956.0;360.0;629.0;185.0;409.0;882.0;1839.0;349.0;611.0;-6.0;-5.0;-17.0;0.0;AMMONIUM_CHLORIDE
238.0;495.0;1004.0;2009.0;370.0;637.0;191.0;421.0;887.0;1831.0;352.0;609.0;-10.0;-5.0;-18.0;1.0;AMMONIUM_CHLORIDE
233.0;481.0;975.0;1968.0;365.0;630.0;210.0;449.0;942.0;1874.0;350.0;610.0;-10.0;-5.0;-18.0;0.0;AMMONIUM_CHLORIDE
238.0;494.0;1015.0;2030.0;366.0;637.0;210.0;454.0;956.0;1920.0;354.0;608.0;-11.0;-4.0;-18.0;-1.0;AMMONIUM_CHLORIDE
232.0;486.0;988.0;1979.0;363.0;632.0;214.0;456.0;953.0;1867.0;349.0;613.0;-11.0;-2.0;-18.0;-5.0;AMMONIUM_CHLORIDE
235.0;491.0;1008.0;1989.0;367.0;634.0;214.0;461.0;963.0;1906.0;356.0;612.0;-14.0;-4.0;-18.0;-1.0;AMMONIUM_CHLORIDE
242.0;503.0;1023.0;2040.0;375.0;643.0;217.0;468.0;996.0;2003.0;368.0;629.0;-11.0;-3.0;-17.0;-1.0;AMMONIUM_CHLORIDE
252.0;523.0;1053.0;2112.0;387.0;656.0;206.0;445.0;939.0;1909.0;360.0;629.0;-6.0;-2.0;-16.0;-1.0;AMMONIUM_CHLORIDE
245.0;512.0;1036.0;2072.0;382.0;656.0;221.0;482.0;1012.0;2019.0;372.0;638.0;-6.0;-3.0;-14.0;1.0;AMMONIUM_CHLORIDE
246.0;511.0;1040.0;2079.0;384.0;659.0;202.0;444.0;951.0;1964.0;368.0;643.0;-11.0;-5.0;-16.0;1.0;AMMONIUM_CHLORIDE
253.0;528.0;1080.0;2164.0;398.0;676.0;233.0;506.0;1047.0;2082.0;378.0;654.0;-7.0;-3.0;-17.0;1.0;AMMONIUM_CHLORIDE
258.0;536.0;1087.0;2172.0;394.0;676.0;212.0;458.0;972.0;1991.0;376.0;650.0;-11.0;0.0;-21.0;1.0;AMMONIUM_CHLORIDE
253.0;530.0;1076.0;2138.0;393.0;678.0;224.0;488.0;1030.0;2068.0;382.0;651.0;-11.0;-5.0;-21.0;4.0;AMMONIUM_CHLORIDE
252.0;525.0;1062.0;2138.0;390.0;671.0;233.0;507.0;1049.0;2062.0;378.0;659.0;-7.0;-4.0;-21.0;4.0;AMMONIUM_CHLORIDE
256.0;533.0;1084.0;2169.0;395.0;681.0;208.0;460.0;976.0;2033.0;382.0;663.0;3.0;-3.0;-18.0;5.0;AMMONIUM_CHLORIDE
255.0;544.0;1089.0;2180.0;397.0;688.0;211.0;460.0;983.0;2024.0;384.0;652.0;3.0;-3.0;-15.0;6.0;AMMONIUM_CHLORIDE
260.0;539.0;1108.0;2198.0;403.0;694.0;227.0;496.0;1054.0;2134.0;391.0;678.0;-1.0;-3.0;-15.0;6.0;AMMONIUM_CHLORIDE
263.0;550.0;1111.0;2214.0;404.0;691.0;238.0;517.0;1078.0;2056.0;388.0;674.0;-9.0;-3.0;-15.0;1.0;AMMONIUM_CHLORIDE
269.0;558.0;1125.0;2234.0;412.0;701.0;222.0;486.0;1046.0;2111.0;395.0;681.0;-9.0;-3.0;-15.0;0.0;AMMONIUM_CHLORIDE
271.0;565.0;1140.0;2257.0;411.0;702.0;247.0;529.0;1093.0;2139.0;394.0;682.0;-9.0;0.0;-16.0;0.0;AMMONIUM_CHLORIDE
273.0;566.0;1135.0;2254.0;413.0;702.0;248.0;536.0;1098.0;2176.0;397.0;685.0;-5.0;-3.0;-16.0;1.0;AMMONIUM_CHLORIDE
274.0;572.0;1150.0;2277.0;414.0;712.0;250.0;543.0;1131.0;2218.0;406.0;696.0;-8.0;-3.0;-16.0;2.0;AMMONIUM_CHLORIDE
279.0;577.0;1170.0;2305.0;419.0;713.0;220.0;477.0;1021.0;2084.0;392.0;680.0;-8.0;-3.0;-16.0;8.0;AMMONIUM_CHLORIDE
269.0;555.0;1122.0;2224.0;406.0;699.0;230.0;496.0;1060.0;2136.0;396.0;677.0;-8.0;0.0;-15.0;5.0;AMMONIUM_CHLORIDE
269.0;567.0;1140.0;2278.0;420.0;717.0;242.0;521.0;1098.0;2217.0;405.0;696.0;-8.0;0.0;-15.0;5.0;AMMONIUM_CHLORIDE
282.0;584.0;1174.0;2327.0;424.0;724.0;224.0;482.0;1043.0;2140.0;405.0;700.0;-8.0;0.0;-15.0;4.0;AMMONIUM_CHLORIDE
281.0;578.0;1170.0;2340.0;425.0;731.0;226.0;495.0;1056.0;2191.0;411.0;706.0;-5.0;-2.0;-18.0;4.0;AMMONIUM_CHLORIDE
286.0;590.0;1191.0;2373.0;433.0;738.0;236.0;511.0;1086.0;2223.0;413.0;715.0;-5.0;-2.0;-18.0;6.0;AMMONIUM_CHLORIDE
292.0;601.0;1215.0;2407.0;435.0;735.0;236.0;509.0;1081.0;2217.0;412.0;715.0;-4.0;-3.0;-18.0;4.0;AMMONIUM_CHLORIDE
287.0;593.0;1190.0;2359.0;432.0;736.0;233.0;509.0;1085.0;2230.0;417.0;718.0;-4.0;-4.0;-17.0;0.0;AMMONIUM_CHLORIDE
286.0;589.0;1178.0;2362.0;429.0;738.0;234.0;510.0;1084.0;2207.0;411.0;709.0;-4.0;-4.0;-17.0;0.0;AMMONIUM_CHLORIDE
282.0;592.0;1198.0;2369.0;432.0;734.0;262.0;563.0;1149.0;2281.0;417.0;720.0;-8.0;-4.0;-17.0;1.0;AMMONIUM_CHLORIDE
293.0;611.0;1231.0;2451.0;444.0;759.0;267.0;575.0;1175.0;2309.0;421.0;725.0;-8.0;-4.0;-16.0;1.0;AMMONIUM_CHLORIDE
294.0;613.0;1226.0;2450.0;446.0;759.0;250.0;538.0;1114.0;2253.0;423.0;726.0;-8.0;-3.0;-17.0;1.0;AMMONIUM_CHLORIDE
296.0;616.0;1246.0;2469.0;446.0;758.0;269.0;579.0;1185.0;2347.0;427.0;734.0;-8.0;-3.0;-18.0;3.0;AMMONIUM_CHLORIDE
297.0;615.0;1231.0;2425.0;441.0;753.0;238.0;518.0;1108.0;2248.0;419.0;729.0;-8.0;-3.0;-18.0;1.0;AMMONIUM_CHLORIDE
297.0;607.0;1235.0;2458.0;445.0;756.0;239.0;522.0;1098.0;2248.0;427.0;737.0;-8.0;-3.0;-18.0;-3.0;AMMONIUM_CHLORIDE
294.0;609.0;1234.0;2447.0;442.0;757.0;257.0;564.0;1190.0;2364.0;429.0;740.0;-5.0;-3.0;-18.0;-3.0;AMMONIUM_CHLORIDE
296.0;612.0;1239.0;2452.0;445.0;756.0;252.0;545.0;1146.0;2323.0;427.0;736.0;-5.0;-5.0;-18.0;3.0;AMMONIUM_CHLORIDE
303.0;624.0;1254.0;2471.0;450.0;765.0;270.0;579.0;1196.0;2363.0;431.0;742.0;-8.0;-6.0;-20.0;3.0;AMMONIUM_CHLORIDE
298.0;619.0;1252.0;2478.0;451.0;769.0;271.0;574.0;1183.0;2351.0;434.0;749.0;-2.0;-5.0;-13.0;5.0;AMMONIUM_CHLORIDE
305.0;633.0;1277.0;2528.0;459.0;777.0;249.0;531.0;1144.0;2329.0;438.0;759.0;-6.0;-3.0;-13.0;6.0;AMMONIUM_CHLORIDE
309.0;636.0;1277.0;2515.0;454.0;776.0;252.0;546.0;1151.0;2343.0;436.0;747.0;-11.0;0.0;-17.0;5.0;AMMONIUM_CHLORIDE
302.0;627.0;1258.0;2497.0;452.0;777.0;258.0;551.0;1156.0;2344.0;437.0;753.0;-6.0;0.0;-15.0;5.0;AMMONIUM_CHLORIDE
308.0;641.0;1282.0;2523.0;458.0;775.0;261.0;565.0;1197.0;2402.0;441.0;753.0;-6.0;0.0;-15.0;5.0;AMMONIUM_CHLORIDE
302.0;620.0;1257.0;2503.0;452.0;777.0;275.0;592.0;1214.0;2403.0;436.0;748.0;-7.0;-4.0;-15.0;-1.0;AMMONIUM_CHLORIDE
309.0;630.0;1272.0;2531.0;456.0;777.0;251.0;539.0;1147.0;2326.0;436.0;753.0;-7.0;-4.0;-17.0;0.0;AMMONIUM_CHLORIDE
303.0;625.0;1274.0;2503.0;458.0;781.0;251.0;540.0;1142.0;2357.0;439.0;761.0;-7.0;-4.0;-15.0;0.0;AMMONIUM_CHLORIDE
309.0;631.0;1280.0;2546.0;460.0;783.0;254.0;540.0;1150.0;2334.0;438.0;755.0;-7.0;-4.0;-17.0;0.0;AMMONIUM_CHLORIDE
313.0;652.0;1312.0;2586.0;467.0;795.0;267.0;573.0;1189.0;2390.0;449.0;778.0;-7.0;-3.0;-13.0;0.0;AMMONIUM_CHLORIDE
317.0;654.0;1321.0;2623.0;477.0;805.0;281.0;609.0;1273.0;2503.0;458.0;787.0;-2.0;-3.0;-17.0;0.0;AMMONIUM_CHLORIDE
323.0;662.0;1340.0;2633.0;476.0;809.0;263.0;571.0;1203.0;2448.0;453.0;782.0;-7.0;-2.0;-13.0;0.0;AMMONIUM_CHLORIDE
320.0;664.0;1327.0;2645.0;479.0;812.0;295.0;629.0;1301.0;2545.0;461.0;796.0;-7.0;-3.0;-14.0;0.0;AMMONIUM_CHLORIDE
325.0;670.0;1348.0;2678.0;481.0;819.0;265.0;573.0;1205.0;2467.0;459.0;794.0;-7.0;-3.0;-13.0;0.0;AMMONIUM_CHLORIDE
328.0;676.0;1366.0;2671.0;484.0;816.0;275.0;597.0;1258.0;2543.0;465.0;803.0;-7.0;-3.0;-14.0;2.0;AMMONIUM_CHLORIDE
331.0;685.0;1360.0;2679.0;486.0;831.0;273.0;588.0;1246.0;2523.0;464.0;795.0;-8.0;-3.0;-13.0;-1.0;AMMONIUM_CHLORIDE
332.0;688.0;1383.0;2710.0;490.0;834.0;286.0;631.0;1318.0;2581.0;470.0;802.0;-8.0;-3.0;-13.0;-1.0;AMMONIUM_CHLORIDE
329.0;681.0;1354.0;2675.0;487.0;822.0;279.0;601.0;1237.0;2509.0;464.0;805.0;-8.0;-4.0;-13.0;3.0;AMMONIUM_CHLORIDE
334.0;694.0;1400.0;2748.0;492.0;837.0;295.0;627.0;1290.0;2574.0;476.0;823.0;-8.0;-4.0;-12.0;10.0;AMMONIUM_CHLORIDE
346.0;711.0;1431.0;2817.0;506.0;854.0;291.0;632.0;1323.0;2641.0;485.0;830.0;-8.0;-6.0;-12.0;1.0;AMMONIUM_CHLORIDE
349.0;722.0;1462.0;2856.0;514.0;862.0;302.0;648.0;1360.0;2728.0;495.0;845.0;-5.0;-6.0;-12.0;3.0;AMMONIUM_CHLORIDE
352.0;728.0;1458.0;2869.0;518.0;873.0;292.0;633.0;1322.0;2680.0;492.0;846.0;-4.0;-4.0;-10.0;3.0;AMMONIUM_CHLORIDE
352.0;729.0;1457.0;2869.0;515.0;864.0;285.0;619.0;1297.0;2621.0;488.0;834.0;-4.0;-3.0;-10.0;3.0;AMMONIUM_CHLORIDE
346.0;717.0;1442.0;2821.0;507.0;862.0;306.0;662.0;1373.0;2715.0;492.0;837.0;-4.0;-3.0;-10.0;4.0;AMMONIUM_CHLORIDE
351.0;724.0;1448.0;2865.0;515.0;873.0;315.0;668.0;1384.0;2727.0;500.0;853.0;-4.0;-3.0;-10.0;2.0;AMMONIUM_CHLORIDE
368.0;752.0;1504.0;2930.0;526.0;884.0;291.0;631.0;1316.0;2675.0;494.0;851.0;-4.0;-4.0;-10.0;2.0;AMMONIUM_CHLORIDE
359.0;741.0;1489.0;2928.0;525.0;889.0;328.0;695.0;1417.0;2764.0;499.0;854.0;-1.0;-4.0;-10.0;2.0;AMMONIUM_CHLORIDE
353.0;732.0;1477.0;2910.0;525.0;884.0;290.0;627.0;1317.0;2663.0;496.0;854.0;-1.0;-4.0;-10.0;0.0;AMMONIUM_CHLORIDE
356.0;734.0;1479.0;2900.0;516.0;879.0;291.0;623.0;1313.0;2664.0;488.0;842.0;-5.0;-4.0;-12.0;-1.0;AMMONIUM_CHLORIDE
347.0;714.0;1445.0;2827.0;508.0;864.0;312.0;663.0;1364.0;2668.0;487.0;841.0;-5.0;-3.0;-12.0;-1.0;AMMONIUM_CHLORIDE
348.0;719.0;1443.0;2837.0;514.0;867.0;313.0;671.0;1390.0;2735.0;495.0;845.0;0.0;-2.0;-13.0;-1.0;AMMONIUM_CHLORIDE
351.0;724.0;1462.0;2866.0;522.0;879.0;296.0;637.0;1320.0;2668.0;495.0;847.0;-5.0;-1.0;-13.0;-2.0;AMMONIUM_CHLORIDE
357.0;731.0;1475.0;2914.0;520.0;883.0;315.0;677.0;1386.0;2764.0;497.0;858.0;-12.0;-1.0;-16.0;-2.0;AMMONIUM_CHLORIDE
356.0;737.0;1476.0;2905.0;525.0;882.0;299.0;641.0;1362.0;2717.0;502.0;862.0;-5.0;-1.0;-13.0;-2.0;AMMONIUM_CHLORIDE
364.0;750.0;1483.0;2966.0;534.0;897.0;304.0;654.0;1372.0;2757.0;512.0;871.0;-3.0;0.0;-13.0;-4.0;AMMONIUM_CHLORIDE
367.0;762.0;1529.0;2994.0;538.0;907.0;337.0;713.0;1468.0;2883.0;517.0;885.0;-5.0;-1.0;-12.0;-4.0;AMMONIUM_CHLORIDE
376.0;773.0;1552.0;3040.0;541.0;908.0;315.0;671.0;1386.0;2775.0;515.0;882.0;-5.0;-2.0;-13.0;1.0;AMMONIUM_CHLORIDE
376.0;779.0;1554.0;3031.0;542.0;914.0;312.0;666.0;1379.0;2794.0;520.0;887.0;-4.0;-3.0;-11.0;2.0;AMMONIUM_CHLORIDE
368.0;763.0;1535.0;3020.0;541.0;910.0;303.0;655.0;1379.0;2778.0;515.0;888.0;-5.0;-3.0;-13.0;3.0;AMMONIUM_CHLORIDE
374.0;769.0;1534.0;3020.0;540.0;910.0;322.0;685.0;1423.0;2826.0;512.0;879.0;-5.0;-6.0;-14.0;3.0;AMMONIUM_CHLORIDE
376.0;771.0;1545.0;3033.0;541.0;919.0;343.0;726.0;1503.0;2913.0;528.0;894.0;-8.0;-4.0;-14.0;6.0;AMMONIUM_CHLORIDE
374.0;768.0;1555.0;3046.0;548.0;918.0;339.0;728.0;1486.0;2916.0;521.0;895.0;-9.0;-3.0;-14.0;3.0;AMMONIUM_CHLORIDE
384.0;789.0;1571.0;3058.0;546.0;918.0;327.0;687.0;1408.0;2779.0;514.0;883.0;-9.0;-2.0;-14.0;3.0;AMMONIUM_CHLORIDE
374.0;765.0;1539.0;3049.0;549.0;929.0;344.0;732.0;1496.0;2928.0;534.0;912.0;-9.0;-2.0;-14.0;3.0;AMMONIUM_CHLORIDE
385.0;797.0;1604.0;3139.0;562.0;938.0;325.0;700.0;1461.0;2923.0;535.0;918.0;-5.0;-2.0;-10.0;5.0;AMMONIUM_CHLORIDE
385.0;800.0;1605.0;3120.0;559.0;936.0;327.0;695.0;1434.0;2874.0;527.0;907.0;-1.0;1.0;-8.0;10.0;AMMONIUM_CHLORIDE
381.0;770.0;1567.0;3063.0;550.0;925.0;327.0;691.0;1430.0;2847.0;522.0;895.0;-1.0;1.0;-8.0;8.0;AMMONIUM_CHLORIDE
382.0;786.0;1572.0;3075.0;552.0;930.0;341.0;733.0;1502.0;2962.0;535.0;913.0;-1.0;1.0;-8.0;4.0;AMMONIUM_CHLORIDE
383.0;791.0;1581.0;3114.0;554.0;930.0;317.0;677.0;1417.0;2863.0;527.0;907.0;5.0;1.0;-8.0;4.0;AMMONIUM_CHLORIDE
380.0;783.0;1569.0;3079.0;551.0;931.0;318.0;677.0;1404.0;2822.0;528.0;906.0;-5.0;1.0;-8.0;4.0;AMMONIUM_CHLORIDE
388.0;797.0;1596.0;3114.0;555.0;927.0;322.0;688.0;1422.0;2838.0;525.0;901.0;-5.0;-1.0;-10.0;5.0;AMMONIUM_CHLORIDE
380.0;785.0;1572.0;3081.0;557.0;939.0;347.0;738.0;1512.0;2924.0;536.0;914.0;-5.0;-2.0;-10.0;8.0;AMMONIUM_CHLORIDE
391.0;806.0;1604.0;3125.0;559.0;935.0;331.0;705.0;1488.0;2947.0;534.0;910.0;-5.0;-2.0;-10.0;5.0;AMMONIUM_CHLORIDE
385.0;792.0;1586.0;3106.0;554.0;941.0;336.0;717.0;1469.0;2904.0;529.0;914.0;-4.0;-3.0;-10.0;5.0;AMMONIUM_CHLORIDE
388.0;802.0;1603.0;3138.0;561.0;944.0;347.0;741.0;1523.0;2961.0;539.0;912.0;-2.0;-5.0;-10.0;4.0;AMMONIUM_CHLORIDE
388.0;800.0;1598.0;3124.0;561.0;943.0;332.0;703.0;1448.0;2934.0;537.0;922.0;-2.0;-5.0;-13.0;4.0;AMMONIUM_CHLORIDE
397.0;814.0;1621.0;3175.0;565.0;946.0;353.0;751.0;1544.0;3022.0;543.0;921.0;-2.0;-5.0;-13.0;5.0;AMMONIUM_CHLORIDE
396.0;807.0;1611.0;3147.0;565.0;947.0;338.0;721.0;1504.0;2977.0;542.0;926.0;-6.0;-5.0;-13.0;4.0;AMMONIUM_CHLORIDE
397.0;824.0;1644.0;3223.0;573.0;959.0;332.0;703.0;1476.0;2958.0;546.0;938.0;-10.0;-2.0;-17.0;-2.0;AMMONIUM_CHLORIDE
403.0;830.0;1662.0;3237.0;576.0;968.0;353.0;751.0;1525.0;3006.0;552.0;938.0;-14.0;-2.0;-17.0;-2.0;AMMONIUM_CHLORIDE
399.0;823.0;1646.0;3216.0;573.0;965.0;340.0;724.0;1502.0;3003.0;554.0;939.0;-14.0;-2.0;-17.0;-2.0;AMMONIUM_CHLORIDE
404.0;829.0;1651.0;3228.0;576.0;964.0;332.0;707.0;1481.0;2976.0;545.0;938.0;-14.0;-2.0;-17.0;-2.0;AMMONIUM_CHLORIDE
405.0;830.0;1649.0;3222.0;574.0;962.0;359.0;771.0;1585.0;3086.0;551.0;935.0;-10.0;-4.0;-17.0;-4.0;AMMONIUM_CHLORIDE
404.0;829.0;1653.0;3216.0;574.0;965.0;332.0;701.0;1462.0;2962.0;544.0;934.0;-10.0;-4.0;-16.0;-3.0;AMMONIUM_CHLORIDE
402.0;830.0;1661.0;3224.0;575.0;966.0;350.0;746.0;1546.0;3084.0;555.0;945.0;-10.0;-4.0;-11.0;-3.0;AMMONIUM_CHLORIDE
410.0;840.0;1676.0;3252.0;585.0;981.0;351.0;742.0;1550.0;3066.0;562.0;951.0;-10.0;-4.0;-14.0;-3.0;AMMONIUM_CHLORIDE
412.0;847.0;1688.0;3279.0;590.0;985.0;350.0;740.0;1521.0;3008.0;555.0;949.0;-10.0;-4.0;-14.0;-2.0;AMMONIUM_CHLORIDE
410.0;833.0;1662.0;3265.0;584.0;973.0;343.0;726.0;1497.0;2993.0;551.0;948.0;-11.0;-2.0;-14.0;1.0;AMMONIUM_CHLORIDE
411.0;847.0;1688.0;3291.0;587.0;981.0;341.0;720.0;1503.0;3006.0;557.0;952.0;-11.0;-3.0;-14.0;1.0;AMMONIUM_CHLORIDE
410.0;841.0;1685.0;3278.0;583.0;982.0;365.0;783.0;1609.0;3126.0;560.0;956.0;-9.0;-3.0;-14.0;-1.0;AMMONIUM_CHLORIDE
415.0;849.0;1704.0;3297.0;592.0;994.0;370.0;786.0;1619.0;3166.0;567.0;961.0;-6.0;-2.0;-10.0;-1.0;AMMONIUM_CHLORIDE
416.0;850.0;1703.0;3339.0;596.0;998.0;359.0;762.0;1590.0;3160.0;574.0;976.0;-6.0;-2.0;-10.0;-1.0;AMMONIUM_CHLORIDE
424.0;872.0;1725.0;3365.0;596.0;996.0;351.0;740.0;1531.0;3074.0;567.0;963.0;-3.0;-1.0;-10.0;-1.0;AMMONIUM_CHLORIDE
418.0;855.0;1704.0;3323.0;591.0;992.0;344.0;729.0;1535.0;3089.0;564.0;967.0;-3.0;-1.0;-10.0;3.0;AMMONIUM_CHLORIDE
421.0;860.0;1727.0;3370.0;602.0;1002.0;372.0;782.0;1589.0;3119.0;568.0;971.0;-6.0;-1.0;-13.0;4.0;AMMONIUM_CHLORIDE
413.0;855.0;1698.0;3339.0;591.0;989.0;371.0;791.0;1630.0;3177.0;572.0;968.0;-10.0;-1.0;-16.0;3.0;AMMONIUM_CHLORIDE
420.0;862.0;1722.0;3368.0;598.0;1004.0;384.0;809.0;1640.0;3233.0;580.0;983.0;-6.0;-2.0;-13.0;1.0;AMMONIUM_CHLORIDE
434.0;884.0;1757.0;3430.0;608.0;1016.0;385.0;816.0;1671.0;3226.0;577.0;983.0;-8.0;-2.0;-12.0;1.0;AMMONIUM_CHLORIDE
430.0;879.0;1758.0;3422.0;610.0;1013.0;375.0;785.0;1604.0;3163.0;576.0;978.0;-8.0;-1.0;-13.0;0.0;AMMONIUM_CHLORIDE
427.0;872.0;1746.0;3387.0;601.0;1011.0;368.0;781.0;1617.0;3197.0;580.0;986.0;-8.0;3.0;-14.0;0.0;AMMONIUM_CHLORIDE
439.0;895.0;1771.0;3438.0;612.0;1022.0;383.0;817.0;1661.0;3263.0;586.0;999.0;-6.0;3.0;-12.0;0.0;AMMONIUM_CHLORIDE
436.0;894.0;1786.0;3484.0;618.0;1031.0;383.0;806.0;1638.0;3245.0;590.0;1007.0;-6.0;-2.0;-11.0;-1.0;AMMONIUM_CHLORIDE
447.0;911.0;1816.0;3527.0;620.0;1034.0;397.0;840.0;1701.0;3299.0;592.0;1009.0;-6.0;-2.0;-14.0;-1.0;AMMONIUM_CHLORIDE
445.0;909.0;1801.0;3492.0;624.0;1030.0;373.0;787.0;1632.0;3241.0;592.0;997.0;-6.0;-2.0;-13.0;-1.0;AMMONIUM_CHLORIDE
445.0;902.0;1792.0;3471.0;615.0;1026.0;381.0;809.0;1652.0;3278.0;587.0;1006.0;-7.0;-2.0;-13.0;-3.0;AMMONIUM_CHLORIDE
439.0;903.0;1800.0;3500.0;623.0;1036.0;393.0;829.0;1696.0;3291.0;594.0;1009.0;-8.0;-2.0;-13.0;-1.0;AMMONIUM_CHLORIDE
445.0;912.0;1814.0;3505.0;621.0;1038.0;382.0;808.0;1669.0;3281.0;593.0;1012.0;-8.0;1.0;-14.0;-1.0;AMMONIUM_CHLORIDE
446.0;904.0;1809.0;3505.0;619.0;1034.0;385.0;805.0;1636.0;3249.0;591.0;1003.0;-8.0;1.0;-14.0;-4.0;AMMONIUM_CHLORIDE
431.0;890.0;1770.0;3457.0;615.0;1033.0;379.0;805.0;1673.0;3303.0;597.0;1012.0;-8.0;1.0;-15.0;-5.0;AMMONIUM_CHLORIDE
444.0;905.0;1821.0;3520.0;624.0;1049.0;375.0;799.0;1651.0;3296.0;603.0;1023.0;-7.0;-2.0;-15.0;-4.0;AMMONIUM_CHLORIDE
450.0;923.0;1830.0;3581.0;635.0;1053.0;389.0;816.0;1669.0;3282.0;596.0;1015.0;-3.0;-2.0;-14.0;-4.0;AMMONIUM_CHLORIDE
444.0;912.0;1826.0;3552.0;627.0;1046.0;393.0;832.0;1713.0;3356.0;606.0;1026.0;-3.0;-2.0;-13.0;-4.0;AMMONIUM_CHLORIDE
445.0;911.0;1822.0;3558.0;631.0;1051.0;389.0;816.0;1671.0;3307.0;605.0;1031.0;-3.0;-2.0;-10.0;2.0;AMMONIUM_CHLORIDE
461.0;940.0;1872.0;3646.0;641.0;1068.0;401.0;839.0;1716.0;3384.0;618.0;1038.0;-3.0;-6.0;-10.0;2.0;AMMONIUM_CHLORIDE
462.0;950.0;1876.0;3633.0;641.0;1071.0;401.0;856.0;1758.0;3446.0;616.0;1033.0;-7.0;-5.0;-10.0;4.0;AMMONIUM_CHLORIDE
457.0;930.0;1855.0;3605.0;640.0;1064.0;392.0;817.0;1680.0;3331.0;613.0;1038.0;-7.0;-5.0;-10.0;2.0;AMMONIUM_CHLORIDE
462.0;937.0;1876.0;3624.0;642.0;1069.0;392.0;834.0;1711.0;3360.0;601.0;1038.0;-7.0;-5.0;-10.0;2.0;AMMONIUM_CHLORIDE
455.0;922.0;1840.0;3554.0;636.0;1065.0;386.0;820.0;1702.0;3389.0;616.0;1042.0;-3.0;-5.0;-11.0;2.0;AMMONIUM_CHLORIDE
460.0;945.0;1864.0;3606.0;639.0;1062.0;407.0;861.0;1753.0;3394.0;612.0;1032.0;1.0;-5.0;-11.0;0.0;AMMONIUM_CHLORIDE
456.0;932.0;1861.0;3608.0;642.0;1076.0;411.0;867.0;1753.0;3423.0;612.0;1040.0;1.0;-2.0;-11.0;0.0;AMMONIUM_CHLORIDE
460.0;933.0;1872.0;3627.0;638.0;1064.0;409.0;866.0;1758.0;3443.0;622.0;1038.0;-4.0;-5.0;-12.0;0.0;AMMONIUM_CHLORIDE
463.0;943.0;1875.0;3651.0;645.0;1074.0;412.0;870.0;1785.0;3486.0;616.0;1051.0;-9.0;-1.0;-13.0;2.0;AMMONIUM_CHLORIDE
465.0;948.0;1896.0;3678.0;650.0;1082.0;413.0;863.0;1762.0;3419.0;621.0;1052.0;-9.0;-1.0;-14.0;2.0;AMMONIUM_CHLORIDE
470.0;962.0;1912.0;3690.0;652.0;1090.0;387.0;818.0;1697.0;3389.0;616.0;1047.0;-10.0;-1.0;-15.0;2.0;AMMONIUM_CHLORIDE
462.0;949.0;1895.0;3700.0;653.0;1087.0;402.0;852.0;1752.0;3461.0;624.0;1060.0;-14.0;-5.0;-17.0;2.0;AMMONIUM_CHLORIDE
469.0;953.0;1903.0;3707.0;656.0;1091.0;393.0;841.0;1725.0;3436.0;629.0;1061.0;-10.0;-1.0;-17.0;3.0;AMMONIUM_CHLORIDE
468.0;963.0;1923.0;3738.0;661.0;1102.0;397.0;833.0;1721.0;3462.0;627.0;1069.0;-5.0;-5.0;-15.0;1.0;AMMONIUM_CHLORIDE
472.0;968.0;1923.0;3731.0;658.0;1098.0;415.0;878.0;1801.0;3516.0;631.0;1063.0;-5.0;-5.0;-13.0;-2.0;AMMONIUM_CHLORIDE
477.0;968.0;1926.0;3729.0;661.0;1101.0;402.0;842.0;1723.0;3428.0;630.0;1068.0;-5.0;-5.0;-11.0;-2.0;AMMONIUM_CHLORIDE
477.0;973.0;1949.0;3733.0;661.0;1107.0;414.0;868.0;1762.0;3498.0;631.0;1079.0;-5.0;-1.0;-11.0;1.0;AMMONIUM_CHLORIDE
477.0;976.0;1932.0;3739.0;658.0;1103.0;405.0;865.0;1782.0;3520.0;634.0;1078.0;-5.0;0.0;-13.0;-2.0;AMMONIUM_CHLORIDE
480.0;983.0;1933.0;3759.0;660.0;1105.0;414.0;865.0;1764.0;3480.0;635.0;1074.0;-10.0;0.0;-21.0;4.0;AMMONIUM_CHLORIDE
469.0;957.0;1913.0;3714.0;658.0;1101.0;397.0;841.0;1737.0;3466.0;634.0;1072.0;-16.0;0.0;-21.0;2.0;AMMONIUM_CHLORIDE
479.0;977.0;1950.0;3765.0;665.0;1108.0;411.0;872.0;1798.0;3554.0;641.0;1084.0;-16.0;-1.0;-21.0;-3.0;AMMONIUM_CHLORIDE
483.0;991.0;1967.0;3803.0;670.0;1113.0;427.0;904.0;1848.0;3610.0;647.0;1082.0;-10.0;-7.0;-18.0;-3.0;AMMONIUM_CHLORIDE
494.0;999.0;1978.0;3814.0;670.0;1117.0;413.0;871.0;1765.0;3511.0;639.0;1087.0;-10.0;-7.0;-15.0;2.0;AMMONIUM_CHLORIDE
487.0;992.0;1975.0;3820.0;673.0;1122.0;442.0;930.0;1870.0;3629.0;650.0;1089.0;-10.0;-1.0;-15.0;-3.0;AMMONIUM_CHLORIDE
488.0;987.0;1970.0;3809.0;677.0;1126.0;434.0;915.0;1867.0;3628.0;653.0;1098.0;-6.0;-1.0;-11.0;0.0;AMMONIUM_CHLORIDE
488.0;1001.0;1983.0;3867.0;680.0;1134.0;412.0;874.0;1803.0;3603.0;649.0;1101.0;-6.0;-1.0;-11.0;0.0;AMMONIUM_CHLORIDE
496.0;1014.0;2011.0;3890.0;688.0;1131.0;440.0;917.0;1862.0;3657.0;659.0;1107.0;-2.0;3.0;-11.0;0.0;AMMONIUM_CHLORIDE
502.0;1023.0;2018.0;3906.0;689.0;1145.0;418.0;890.0;1825.0;3606.0;655.0;1110.0;-11.0;-1.0;-16.0;0.0;AMMONIUM_CHLORIDE
499.0;1015.0;2023.0;3926.0;691.0;1144.0;437.0;912.0;1855.0;3637.0;654.0;1108.0;-2.0;-3.0;-16.0;0.0;AMMONIUM_CHLORIDE
498.0;1018.0;2010.0;3904.0;689.0;1137.0;415.0;876.0;1799.0;3579.0;651.0;1108.0;-10.0;-4.0;-17.0;2.0;AMMONIUM_CHLORIDE
498.0;1013.0;2016.0;3917.0;692.0;1149.0;455.0;939.0;1917.0;3702.0;663.0;1126.0;-9.0;-3.0;-16.0;2.0;AMMONIUM_CHLORIDE
511.0;1038.0;2060.0;3968.0;698.0;1157.0;436.0;916.0;1879.0;3708.0;670.0;1128.0;-9.0;-3.0;-16.0;4.0;AMMONIUM_CHLORIDE
504.0;1031.0;2046.0;3944.0;699.0;1161.0;456.0;962.0;1924.0;3756.0;671.0;1131.0;-8.0;-1.0;-11.0;2.0;AMMONIUM_CHLORIDE
510.0;1034.0;2047.0;3959.0;698.0;1157.0;447.0;946.0;1921.0;3731.0;672.0;1129.0;-9.0;-1.0;-11.0;4.0;AMMONIUM_CHLORIDE
508.0;1030.0;2031.0;3953.0;700.0;1156.0;432.0;913.0;1880.0;3681.0;664.0;1129.0;-9.0;-1.0;-11.0;2.0;AMMONIUM_CHLORIDE
510.0;1034.0;2052.0;3976.0;696.0;1160.0;426.0;905.0;1853.0;3682.0;671.0;1120.0;-8.0;-1.0;-14.0;2.0;AMMONIUM_CHLORIDE
503.0;1024.0;2026.0;3899.0;692.0;1148.0;447.0;938.0;1891.0;3682.0;665.0;1127.0;-8.0;-4.0;-16.0;2.0;AMMONIUM_CHLORIDE
506.0;1027.0;2039.0;3942.0;694.0;1152.0;440.0;920.0;1888.0;3678.0;663.0;1122.0;-6.0;-4.0;-16.0;-1.0;AMMONIUM_CHLORIDE
501.0;1033.0;2036.0;3915.0;695.0;1153.0;428.0;901.0;1846.0;3644.0;663.0;1121.0;-6.0;-4.0;-14.0;-1.0;AMMONIUM_CHLORIDE
507.0;1040.0;2061.0;3963.0;701.0;1163.0;448.0;947.0;1928.0;3748.0;672.0;1133.0;-2.0;-2.0;-14.0;-1.0;AMMONIUM_CHLORIDE
515.0;1051.0;2067.0;3983.0;702.0;1163.0;433.0;907.0;1843.0;3672.0;664.0;1123.0;-6.0;-2.0;-14.0;-1.0;AMMONIUM_CHLORIDE
511.0;1046.0;2051.0;3969.0;702.0;1163.0;433.0;911.0;1858.0;3671.0;673.0;1134.0;-7.0;-2.0;-14.0;-1.0;AMMONIUM_CHLORIDE
511.0;1036.0;2050.0;3969.0;699.0;1171.0;434.0;918.0;1876.0;3713.0;671.0;1131.0;-10.0;-2.0;-18.0;-1.0;AMMONIUM_CHLORIDE
516.0;1045.0;2069.0;3982.0;700.0;1164.0;441.0;932.0;1891.0;3719.0;675.0;1135.0;-12.0;-4.0;-19.0;-3.0;AMMONIUM_CHLORIDE
520.0;1058.0;2098.0;4009.0;707.0;1171.0;440.0;909.0;1866.0;3675.0;669.0;1127.0;-12.0;-4.0;-19.0;0.0;AMMONIUM_CHLORIDE
509.0;1034.0;2053.0;3964.0;698.0;1163.0;429.0;900.0;1853.0;3643.0;669.0;1135.0;-10.0;-4.0;-18.0;0.0;AMMONIUM_CHLORIDE
515.0;1042.0;2059.0;3968.0;704.0;1168.0;428.0;906.0;1831.0;3679.0;668.0;1136.0;-2.0;1.0;-11.0;0.0;AMMONIUM_CHLORIDE
524.0;1059.0;2096.0;4003.0;710.0;1172.0;447.0;929.0;1899.0;3701.0;675.0;1140.0;-2.0;-4.0;-9.0;1.0;AMMONIUM_CHLORIDE
512.0;1047.0;2086.0;4010.0;707.0;1168.0;460.0;960.0;1949.0;3780.0;681.0;1147.0;-2.0;-2.0;-9.0;1.0;AMMONIUM_CHLORIDE
522.0;1062.0;2098.0;4050.0;714.0;1177.0;439.0;924.0;1896.0;3746.0;683.0;1146.0;-2.0;-2.0;-11.0;-2.0;AMMONIUM_CHLORIDE
528.0;1075.0;2119.0;4091.0;718.0;1187.0;460.0;955.0;1921.0;3762.0;680.0;1156.0;-2.0;-2.0;-12.0;-2.0;AMMONIUM_CHLORIDE
525.0;1074.0;2116.0;4062.0;718.0;1188.0;456.0;955.0;1946.0;3800.0;686.0;1165.0;-3.0;-3.0;-13.0;-2.0;AMMONIUM_CHLORIDE
522.0;1062.0;2099.0;4069.0;719.0;1187.0;447.0;932.0;1905.0;3771.0;684.0;1161.0;-3.0;-3.0;-13.0;-2.0;AMMONIUM_CHLORIDE
533.0;1083.0;2148.0;4137.0;726.0;1206.0;467.0;973.0;1964.0;3822.0;692.0;1175.0;-7.0;-5.0;-17.0;-2.0;AMMONIUM_CHLORIDE
542.0;1097.0;2167.0;4157.0;729.0;1200.0;478.0;1000.0;2029.0;3893.0;703.0;1180.0;-7.0;-5.0;-13.0;-2.0;AMMONIUM_CHLORIDE
548.0;1107.0;2174.0;4184.0;733.0;1211.0;474.0;990.0;2005.0;3913.0;703.0;1177.0;-12.0;-5.0;-13.0;-2.0;AMMONIUM_CHLORIDE
542.0;1098.0;2174.0;4171.0;735.0;1212.0;479.0;1002.0;2027.0;3931.0;700.0;1182.0;-12.0;-5.0;-12.0;-2.0;AMMONIUM_CHLORIDE
552.0;1123.0;2201.0;4232.0;742.0;1219.0;467.0;966.0;1959.0;3814.0;697.0;1180.0;-5.0;-5.0;-12.0;-1.0;AMMONIUM_CHLORIDE
545.0;1103.0;2167.0;4172.0;729.0;1206.0;466.0;978.0;1979.0;3907.0;696.0;1171.0;-5.0;-4.0;-11.0;-1.0;AMMONIUM_CHLORIDE
537.0;1091.0;2163.0;4120.0;728.0;1203.0;474.0;985.0;1977.0;3821.0;691.0;1173.0;-5.0;-4.0;-10.0;2.0;AMMONIUM_CHLORIDE
532.0;1082.0;2136.0;4110.0;719.0;1201.0;473.0;980.0;1982.0;3847.0;696.0;1173.0;-5.0;-6.0;-10.0;4.0;AMMONIUM_CHLORIDE
537.0;1093.0;2161.0;4176.0;733.0;1210.0;456.0;953.0;1934.0;3842.0;693.0;1176.0;-5.0;-4.0;-10.0;2.0;AMMONIUM_CHLORIDE
541.0;1095.0;2167.0;4183.0;731.0;1206.0;459.0;956.0;1933.0;3834.0;696.0;1179.0;-5.0;-4.0;-12.0;2.0;AMMONIUM_CHLORIDE
535.0;1084.0;2154.0;4156.0;734.0;1212.0;487.0;1012.0;2050.0;3953.0;703.0;1176.0;-9.0;-4.0;-14.0;1.0;AMMONIUM_CHLORIDE
541.0;1089.0;2158.0;4134.0;730.0;1203.0;456.0;954.0;1970.0;3851.0;696.0;1174.0;-9.0;-3.0;-14.0;1.0;AMMONIUM_CHLORIDE
537.0;1090.0;2170.0;4168.0;724.0;1207.0;461.0;966.0;1962.0;3892.0;699.0;1171.0;-9.0;-2.0;-17.0;1.0;AMMONIUM_CHLORIDE
544.0;1109.0;2183.0;4212.0;734.0;1210.0;474.0;988.0;2022.0;3917.0;704.0;1181.0;-10.0;-2.0;-14.0;-1.0;AMMONIUM_CHLORIDE
537.0;1090.0;2156.0;4164.0;737.0;1216.0;481.0;998.0;2004.0;3902.0;703.0;1189.0;-10.0;-2.0;-17.0;8.0;AMMONIUM_CHLORIDE
551.0;1115.0;2209.0;4244.0;742.0;1227.0;466.0;981.0;2005.0;3932.0;713.0;1196.0;-7.0;-2.0;-20.0;5.0;AMMONIUM_CHLORIDE
556.0;1123.0;2215.0;4266.0;749.0;1232.0;489.0;1012.0;2039.0;3955.0;713.0;1199.0;-9.0;-2.0;-20.0;5.0;AMMONIUM_CHLORIDE
551.0;1128.0;2221.0;4263.0;750.0;1234.0;487.0;1025.0;2081.0;4024.0;722.0;1207.0;-7.0;-2.0;-15.0;5.0;AMMONIUM_CHLORIDE
562.0;1125.0;2231.0;4300.0;751.0;1237.0;494.0;1025.0;2061.0;4009.0;716.0;1208.0;-7.0;-2.0;-22.0;5.0;AMMONIUM_CHLORIDE
553.0;1121.0;2218.0;4296.0;743.0;1230.0;476.0;993.0;2027.0;3927.0;711.0;1199.0;-5.0;-3.0;-20.0;1.0;AMMONIUM_CHLORIDE
555.0;1124.0;2218.0;4274.0;753.0;1246.0;495.0;1037.0;2100.0;4056.0;724.0;1215.0;-5.0;-3.0;-20.0;1.0;AMMONIUM_CHLORIDE
566.0;1127.0;2255.0;4324.0;759.0;1248.0;476.0;995.0;2026.0;3962.0;720.0;1212.0;-2.0;-3.0;-20.0;1.0;AMMONIUM_CHLORIDE
562.0;1133.0;2238.0;4338.0;756.0;1249.0;494.0;1038.0;2087.0;4033.0;716.0;1205.0;-2.0;-3.0;-20.0;2.0;AMMONIUM_CHLORIDE
555.0;1134.0;2238.0;4296.0;754.0;1244.0;493.0;1028.0;2088.0;4073.0;721.0;1214.0;-2.0;-2.0;-17.0;1.0;AMMONIUM_CHLORIDE
569.0;1152.0;2273.0;4343.0;765.0;1263.0;474.0;990.0;2013.0;3993.0;721.0;1212.0;-2.0;-2.0;-17.0;2.0;AMMONIUM_CHLORIDE
562.0;1138.0;2231.0;4317.0;756.0;1252.0;496.0;1042.0;2091.0;4054.0;721.0;1229.0;-2.0;-2.0;-17.0;2.0;AMMONIUM_CHLORIDE
566.0;1152.0;2264.0;4358.0;760.0;1257.0;499.0;1032.0;2084.0;4037.0;723.0;1219.0;-2.0;2.0;-17.0;-2.0;AMMONIUM_CHLORIDE
573.0;1151.0;2261.0;4345.0;763.0;1254.0;493.0;1025.0;2094.0;4087.0;727.0;1221.0;-3.0;2.0;-16.0;2.0;AMMONIUM_CHLORIDE
562.0;1139.0;2244.0;4342.0;762.0;1248.0;504.0;1050.0;2098.0;4067.0;724.0;1221.0;-6.0;2.0;-19.0;2.0;AMMONIUM_CHLORIDE
563.0;1144.0;2261.0;4324.0;757.0;1250.0;488.0;1017.0;2076.0;4061.0;722.0;1221.0;-6.0;-3.0;-19.0;2.0;AMMONIUM_CHLORIDE
559.0;1135.0;2263.0;4317.0;759.0;1258.0;493.0;1022.0;2071.0;4039.0;730.0;1220.0;-6.0;3.0;-19.0;0.0;AMMONIUM_CHLORIDE
567.0;1145.0;2260.0;4341.0;762.0;1261.0;476.0;992.0;2039.0;3993.0;723.0;1234.0;-6.0;-3.0;-19.0;2.0;AMMONIUM_CHLORIDE
565.0;1149.0;2266.0;4362.0;763.0;1256.0;475.0;992.0;2032.0;4025.0;727.0;1229.0;-6.0;-3.0;-20.0;3.0;AMMONIUM_CHLORIDE
568.0;1159.0;2274.0;4390.0;766.0;1258.0;485.0;1021.0;2082.0;4066.0;730.0;1227.0;-6.0;-3.0;-19.0;6.0;AMMONIUM_CHLORIDE
571.0;1154.0;2273.0;4378.0;764.0;1266.0;492.0;1030.0;2085.0;4070.0;732.0;1230.0;-6.0;0.0;-17.0;3.0;AMMONIUM_CHLORIDE
567.0;1152.0;2265.0;4343.0;764.0;1262.0;501.0;1041.0;2094.0;4118.0;729.0;1233.0;-6.0;0.0;-17.0;6.0;AMMONIUM_CHLORIDE
567.0;1157.0;2277.0;4349.0;763.0;1260.0;479.0;1002.0;2050.0;4001.0;723.0;1215.0;-6.0;0.0;-22.0;3.0;AMMONIUM_CHLORIDE
569.0;1159.0;2262.0;4351.0;762.0;1253.0;477.0;1002.0;2048.0;4019.0;730.0;1227.0;-6.0;-1.0;-21.0;3.0;AMMONIUM_CHLORIDE
563.0;1147.0;2264.0;4360.0;766.0;1262.0;500.0;1051.0;2118.0;4123.0;729.0;1225.0;-7.0;-1.0;-21.0;3.0;AMMONIUM_CHLORIDE
565.0;1147.0;2270.0;4369.0;770.0;1266.0;508.0;1058.0;2143.0;4123.0;736.0;1232.0;-11.0;-1.0;-22.0;0.0;AMMONIUM_CHLORIDE
577.0;1174.0;2300.0;4427.0;774.0;1261.0;513.0;1072.0;2146.0;4118.0;737.0;1244.0;-16.0;-1.0;-25.0;0.0;AMMONIUM_CHLORIDE
579.0;1163.0;2259.0;4394.0;774.0;1264.0;508.0;1056.0;2135.0;4139.0;734.0;1237.0;-7.0;0.0;-21.0;0.0;AMMONIUM_CHLORIDE
585.0;1183.0;2326.0;4453.0;777.0;1283.0;520.0;1073.0;2153.0;4157.0;748.0;1250.0;-8.0;0.0;-19.0;0.0;AMMONIUM_CHLORIDE
582.0;1180.0;2330.0;4467.0;781.0;1283.0;496.0;1033.0;2075.0;4118.0;742.0;1251.0;-8.0;0.0;-19.0;0.0;AMMONIUM_CHLORIDE
581.0;1170.0;2308.0;4424.0;774.0;1272.0;491.0;1032.0;2083.0;4070.0;739.0;1248.0;-8.0;-1.0;-19.0;2.0;AMMONIUM_CHLORIDE
579.0;1172.0;2322.0;4447.0;781.0;1281.0;519.0;1082.0;2179.0;4189.0;745.0;1247.0;-8.0;-2.0;-19.0;6.0;AMMONIUM_CHLORIDE
591.0;1189.0;2334.0;4486.0;782.0;1283.0;502.0;1045.0;2098.0;4138.0;744.0;1250.0;-8.0;-3.0;-18.0;4.0;AMMONIUM_CHLORIDE
573.0;1173.0;2313.0;4454.0;777.0;1280.0;495.0;1029.0;2116.0;4149.0;747.0;1252.0;-6.0;-3.0;-18.0;3.0;AMMONIUM_CHLORIDE
575.0;1170.0;2310.0;4439.0;779.0;1287.0;499.0;1025.0;2111.0;4125.0;742.0;1248.0;-6.0;-2.0;-17.0;5.0;AMMONIUM_CHLORIDE
584.0;1180.0;2335.0;4456.0;783.0;1287.0;502.0;1044.0;2105.0;4135.0;746.0;1262.0;-2.0;3.0;-16.0;1.0;AMMONIUM_CHLORIDE
589.0;1194.0;2348.0;4507.0;786.0;1292.0;499.0;1049.0;2150.0;4188.0;750.0;1263.0;-2.0;3.0;-16.0;1.0;AMMONIUM_CHLORIDE
591.0;1204.0;2358.0;4500.0;788.0;1298.0;521.0;1086.0;2187.0;4241.0;757.0;1272.0;-5.0;2.0;-16.0;3.0;AMMONIUM_CHLORIDE
595.0;1203.0;2376.0;4545.0;798.0;1307.0;525.0;1097.0;2217.0;4300.0;759.0;1273.0;-5.0;0.0;-16.0;2.0;AMMONIUM_CHLORIDE
594.0;1200.0;2365.0;4530.0;790.0;1301.0;495.0;1029.0;2071.0;4163.0;757.0;1276.0;-5.0;-1.0;-13.0;5.0;AMMONIUM_CHLORIDE
597.0;1206.0;2368.0;4555.0;796.0;1309.0;500.0;1049.0;2126.0;4186.0;755.0;1268.0;-5.0;-4.0;-13.0;8.0;AMMONIUM_CHLORIDE
597.0;1205.0;2377.0;4560.0;791.0;1306.0;509.0;1054.0;2143.0;4212.0;757.0;1282.0;-6.0;-4.0;-16.0;6.0;AMMONIUM_CHLORIDE
593.0;1195.0;2348.0;4511.0;793.0;1313.0;512.0;1064.0;2123.0;4202.0;757.0;1273.0;-1.0;-4.0;-13.0;2.0;AMMONIUM_CHLORIDE
593.0;1189.0;2340.0;4530.0;787.0;1303.0;508.0;1063.0;2152.0;4220.0;760.0;1271.0;-1.0;-4.0;-13.0;1.0;AMMONIUM_CHLORIDE
594.0;1197.0;2369.0;4542.0;791.0;1305.0;526.0;1092.0;2210.0;4290.0;762.0;1280.0;-3.0;-4.0;-25.0;-1.0;AMMONIUM_CHLORIDE
594.0;1202.0;2376.0;4558.0;795.0;1312.0;508.0;1055.0;2149.0;4247.0;762.0;1271.0;-3.0;-1.0;-25.0;-1.0;AMMONIUM_CHLORIDE
598.0;1212.0;2363.0;4528.0;791.0;1303.0;526.0;1099.0;2225.0;4287.0;764.0;1277.0;-3.0;-1.0;-25.0;1.0;AMMONIUM_CHLORIDE
602.0;1217.0;2377.0;4540.0;794.0;1306.0;513.0;1069.0;2146.0;4204.0;757.0;1276.0;-4.0;-1.0;-25.0;2.0;AMMONIUM_CHLORIDE
597.0;1208.0;2393.0;4532.0;797.0;1316.0;505.0;1047.0;2148.0;4224.0;763.0;1281.0;-4.0;-1.0;-24.0;2.0;AMMONIUM_CHLORIDE
604.0;1222.0;2394.0;4569.0;799.0;1314.0;538.0;1109.0;2237.0;4330.0;766.0;1282.0;-4.0;-1.0;-24.0;2.0;AMMONIUM_CHLORIDE
600.0;1214.0;2385.0;4588.0;801.0;1312.0;505.0;1064.0;2142.0;4200.0;761.0;1278.0;-5.0;1.0;-25.0;1.0;AMMONIUM_CHLORIDE
601.0;1219.0;2396.0;4573.0;799.0;1315.0;507.0;1057.0;2151.0;4215.0;760.0;1283.0;-5.0;1.0;-24.0;1.0;AMMONIUM_CHLORIDE
608.0;1226.0;2414.0;4613.0;802.0;1325.0;536.0;1101.0;2203.0;4276.0;768.0;1286.0;-5.0;1.0;-24.0;1.0;AMMONIUM_CHLORIDE
604.0;1223.0;2416.0;4617.0;806.0;1335.0;530.0;1101.0;2232.0;4355.0;773.0;1301.0;-3.0;1.0;-25.0;5.0;AMMONIUM_CHLORIDE
599.0;1224.0;2424.0;4651.0;811.0;1338.0;539.0;1126.0;2271.0;4412.0;782.0;1307.0;-3.0;2.0;-23.0;7.0;AMMONIUM_CHLORIDE
607.0;1233.0;2433.0;4676.0;812.0;1341.0;545.0;1125.0;2244.0;4323.0;779.0;1302.0;-3.0;-1.0;-23.0;6.0;AMMONIUM_CHLORIDE
614.0;1237.0;2437.0;4640.0;812.0;1329.0;524.0;1094.0;2213.0;4358.0;777.0;1301.0;-9.0;-3.0;-25.0;6.0;AMMONIUM_CHLORIDE
615.0;1240.0;2450.0;4694.0;817.0;1339.0;526.0;1090.0;2209.0;4327.0;776.0;1309.0;-11.0;-3.0;-27.0;6.0;AMMONIUM_CHLORIDE
626.0;1259.0;2462.0;4708.0;820.0;1340.0;538.0;1114.0;2257.0;4368.0;784.0;1308.0;-13.0;-3.0;-27.0;5.0;AMMONIUM_CHLORIDE
613.0;1235.0;2426.0;4664.0;809.0;1339.0;541.0;1112.0;2235.0;4314.0;775.0;1307.0;-13.0;-1.0;-27.0;7.0;AMMONIUM_CHLORIDE
623.0;1252.0;2459.0;4719.0;821.0;1343.0;525.0;1091.0;2214.0;4335.0;779.0;1302.0;-13.0;-3.0;-27.0;5.0;AMMONIUM_CHLORIDE
614.0;1239.0;2441.0;4705.0;822.0;1344.0;547.0;1137.0;2269.0;4373.0;780.0;1304.0;-13.0;0.0;-22.0;5.0;AMMONIUM_CHLORIDE
622.0;1258.0;2466.0;4718.0;822.0;1350.0;532.0;1096.0;2226.0;4342.0;772.0;1317.0;-5.0;0.0;-21.0;5.0;AMMONIUM_CHLORIDE
627.0;1263.0;2472.0;4750.0;823.0;1350.0;553.0;1144.0;2286.0;4412.0;788.0;1314.0;-4.0;-1.0;-21.0;7.0;AMMONIUM_CHLORIDE
627.0;1258.0;2444.0;4711.0;817.0;1344.0;552.0;1138.0;2292.0;4417.0;788.0;1316.0;-4.0;-2.0;-21.0;9.0;AMMONIUM_CHLORIDE
625.0;1267.0;2482.0;4715.0;825.0;1349.0;549.0;1135.0;2293.0;4442.0;788.0;1320.0;-4.0;-1.0;-21.0;6.0;AMMONIUM_CHLORIDE
623.0;1248.0;2460.0;4710.0;821.0;1347.0;548.0;1139.0;2310.0;4442.0;782.0;1318.0;-4.0;-2.0;-23.0;6.0;AMMONIUM_CHLORIDE
620.0;1255.0;2479.0;4728.0;828.0;1350.0;529.0;1092.0;2203.0;4352.0;787.0;1323.0;-4.0;-2.0;-24.0;6.0;AMMONIUM_CHLORIDE
627.0;1266.0;2488.0;4755.0;824.0;1349.0;539.0;1117.0;2249.0;4389.0;783.0;1311.0;-2.0;-5.0;-24.0;6.0;AMMONIUM_CHLORIDE
616.0;1244.0;2456.0;4672.0;812.0;1344.0;542.0;1121.0;2253.0;4362.0;781.0;1314.0;-8.0;-5.0;-25.0;3.0;AMMONIUM_CHLORIDE
630.0;1275.0;2463.0;4711.0;821.0;1347.0;525.0;1091.0;2216.0;4330.0;784.0;1311.0;-2.0;-5.0;-25.0;6.0;AMMONIUM_CHLORIDE
617.0;1245.0;2452.0;4678.0;820.0;1348.0;546.0;1148.0;2305.0;4415.0;788.0;1321.0;1.0;-4.0;-25.0;3.0;AMMONIUM_CHLORIDE
627.0;1265.0;2485.0;4714.0;826.0;1344.0;546.0;1134.0;2288.0;4434.0;789.0;1330.0;2.0;-5.0;-21.0;6.0;AMMONIUM_CHLORIDE
630.0;1272.0;2487.0;4787.0;826.0;1353.0;555.0;1155.0;2321.0;4445.0;790.0;1319.0;-7.0;-4.0;-21.0;1.0;AMMONIUM_CHLORIDE
628.0;1269.0;2481.0;4733.0;828.0;1352.0;553.0;1154.0;2304.0;4435.0;795.0;1329.0;-7.0;-3.0;-21.0;1.0;AMMONIUM_CHLORIDE
629.0;1269.0;2493.0;4788.0;828.0;1362.0;540.0;1113.0;2236.0;4392.0;790.0;1328.0;-7.0;-2.0;-21.0;1.0;AMMONIUM_CHLORIDE
628.0;1273.0;2494.0;4782.0;830.0;1358.0;533.0;1111.0;2269.0;4399.0;788.0;1324.0;-7.0;-2.0;-25.0;1.0;AMMONIUM_CHLORIDE
624.0;1263.0;2472.0;4734.0;831.0;1360.0;549.0;1142.0;2266.0;4478.0;794.0;1330.0;-9.0;-2.0;-26.0;1.0;AMMONIUM_CHLORIDE
636.0;1281.0;2506.0;4776.0;830.0;1369.0;531.0;1099.0;2226.0;4406.0;791.0;1332.0;-7.0;-3.0;-25.0;3.0;AMMONIUM_CHLORIDE
626.0;1271.0;2503.0;4794.0;834.0;1363.0;553.0;1141.0;2295.0;4460.0;796.0;1335.0;-7.0;-4.0;-22.0;3.0;AMMONIUM_CHLORIDE
636.0;1281.0;2528.0;4819.0;839.0;1365.0;543.0;1118.0;2249.0;4403.0;793.0;1337.0;-7.0;-4.0;-22.0;4.0;AMMONIUM_CHLORIDE
627.0;1272.0;2502.0;4755.0;835.0;1365.0;558.0;1160.0;2346.0;4517.0;801.0;1338.0;-9.0;-4.0;-22.0;4.0;AMMONIUM_CHLORIDE
631.0;1270.0;2507.0;4788.0;835.0;1373.0;557.0;1154.0;2338.0;4517.0;799.0;1344.0;1.0;-5.0;-21.0;2.0;AMMONIUM_CHLORIDE
642.0;1297.0;2546.0;4838.0;845.0;1384.0;549.0;1141.0;2321.0;4501.0;802.0;1339.0;-2.0;-5.0;-21.0;2.0;AMMONIUM_CHLORIDE
636.0;1290.0;2523.0;4818.0;840.0;1376.0;544.0;1134.0;2273.0;4457.0;804.0;1344.0;-2.0;-1.0;-20.0;2.0;AMMONIUM_CHLORIDE
643.0;1297.0;2545.0;4814.0;844.0;1374.0;558.0;1151.0;2299.0;4477.0;802.0;1351.0;-4.0;-1.0;-20.0;4.0;AMMONIUM_CHLORIDE
640.0;1286.0;2539.0;4835.0;839.0;1381.0;568.0;1174.0;2348.0;4481.0;804.0;1350.0;-4.0;-1.0;-20.0;4.0;AMMONIUM_CHLORIDE
642.0;1298.0;2529.0;4823.0;838.0;1375.0;549.0;1136.0;2307.0;4483.0;796.0;1346.0;-4.0;-1.0;-20.0;4.0;AMMONIUM_CHLORIDE
638.0;1290.0;2522.0;4805.0;827.0;1376.0;570.0;1170.0;2361.0;4530.0;803.0;1332.0;-4.0;-9.0;-20.0;7.0;AMMONIUM_CHLORIDE
626.0;1280.0;2522.0;4807.0;833.0;1371.0;547.0;1131.0;2251.0;4414.0;793.0;1323.0;-6.0;-9.0;-22.0;3.0;AMMONIUM_CHLORIDE
638.0;1286.0;2504.0;4773.0;835.0;1374.0;563.0;1148.0;2309.0;4471.0;803.0;1342.0;-6.0;-4.0;-27.0;4.0;AMMONIUM_CHLORIDE
638.0;1288.0;2526.0;4808.0;835.0;1371.0;571.0;1174.0;2359.0;4520.0;804.0;1346.0;-6.0;-4.0;-24.0;3.0;AMMONIUM_CHLORIDE
645.0;1297.0;2530.0;4811.0;839.0;1380.0;562.0;1165.0;2327.0;4504.0;803.0;1353.0;-6.0;-4.0;-24.0;3.0;AMMONIUM_CHLORIDE
646.0;1305.0;2540.0;4869.0;843.0;1387.0;544.0;1128.0;2284.0;4501.0;802.0;1347.0;-7.0;-2.0;-27.0;2.0;AMMONIUM_CHLORIDE
641.0;1288.0;2532.0;4847.0;841.0;1379.0;563.0;1167.0;2328.0;4524.0;806.0;1357.0;-7.0;-2.0;-24.0;2.0;AMMONIUM_CHLORIDE
650.0;1306.0;2559.0;4869.0;841.0;1391.0;552.0;1149.0;2325.0;4524.0;812.0;1359.0;-7.0;-2.0;-20.0;2.0;AMMONIUM_CHLORIDE
644.0;1297.0;2546.0;4842.0;841.0;1385.0;553.0;1148.0;2320.0;4532.0;812.0;1364.0;-7.0;-2.0;-20.0;2.0;AMMONIUM_CHLORIDE
659.0;1321.0;2593.0;4899.0;851.0;1388.0;554.0;1164.0;2324.0;4558.0;810.0;1365.0;-7.0;-2.0;-22.0;4.0;AMMONIUM_CHLORIDE
663.0;1324.0;2600.0;4979.0;866.0;1404.0;574.0;1201.0;2405.0;4639.0;821.0;1380.0;-7.0;-3.0;-22.0;4.0;AMMONIUM_CHLORIDE
660.0;1337.0;2607.0;4979.0;869.0;1416.0;579.0;1180.0;2372.0;4586.0;824.0;1381.0;-6.0;-3.0;-27.0;8.0;AMMONIUM_CHLORIDE
670.0;1322.0;2599.0;4975.0;870.0;1417.0;597.0;1229.0;2441.0;4652.0;830.0;1391.0;-7.0;-3.0;-27.0;2.0;AMMONIUM_CHLORIDE
660.0;1331.0;2601.0;4963.0;864.0;1419.0;577.0;1190.0;2394.0;4652.0;826.0;1382.0;-6.0;-3.0;-29.0;3.0;AMMONIUM_CHLORIDE
660.0;1329.0;2598.0;4949.0;863.0;1415.0;564.0;1167.0;2378.0;4589.0;823.0;1384.0;-9.0;1.0;-29.0;2.0;AMMONIUM_CHLORIDE
664.0;1325.0;2610.0;4966.0;861.0;1400.0;570.0;1167.0;2336.0;4546.0;819.0;1361.0;-6.0;1.0;-27.0;3.0;AMMONIUM_CHLORIDE
658.0;1325.0;2612.0;4977.0;863.0;1405.0;574.0;1179.0;2363.0;4583.0;819.0;1387.0;-6.0;2.0;-23.0;3.0;AMMONIUM_CHLORIDE
669.0;1342.0;2633.0;4915.0;870.0;1418.0;562.0;1167.0;2367.0;4634.0;833.0;1392.0;-6.0;-3.0;-23.0;4.0;AMMONIUM_CHLORIDE
658.0;1326.0;2620.0;5008.0;871.0;1419.0;587.0;1219.0;2415.0;4711.0;833.0;1397.0;-9.0;-3.0;-23.0;8.0;AMMONIUM_CHLORIDE
668.0;1351.0;2635.0;5010.0;873.0;1418.0;573.0;1185.0;2382.0;4644.0;829.0;1392.0;-6.0;-3.0;-29.0;8.0;AMMONIUM_CHLORIDE
661.0;1333.0;2619.0;4985.0;866.0;1422.0;592.0;1221.0;2445.0;4663.0;824.0;1388.0;-9.0;-3.0;-29.0;12.0;AMMONIUM_CHLORIDE
662.0;1329.0;2620.0;4983.0;867.0;1419.0;568.0;1170.0;2361.0;4605.0;828.0;1389.0;-9.0;-2.0;-29.0;12.0;AMMONIUM_CHLORIDE
667.0;1345.0;2629.0;4995.0;863.0;1424.0;581.0;1189.0;2381.0;4649.0;830.0;1389.0;-6.0;-2.0;-26.0;10.0;AMMONIUM_CHLORIDE
656.0;1323.0;2604.0;4952.0;860.0;1417.0;584.0;1205.0;2418.0;4644.0;831.0;1374.0;-6.0;-2.0;-26.0;6.0;AMMONIUM_CHLORIDE
658.0;1324.0;2607.0;4967.0;859.0;1405.0;579.0;1188.0;2374.0;4600.0;821.0;1374.0;-8.0;-2.0;-24.0;10.0;AMMONIUM_CHLORIDE
667.0;1330.0;2602.0;4975.0;866.0;1427.0;594.0;1226.0;2438.0;4690.0;832.0;1386.0;-8.0;-2.0;-22.0;6.0;AMMONIUM_CHLORIDE
669.0;1345.0;2624.0;5012.0;873.0;1423.0;590.0;1222.0;2441.0;4687.0;834.0;1389.0;-8.0;-2.0;-22.0;4.0;AMMONIUM_CHLORIDE
666.0;1338.0;2637.0;4995.0;868.0;1415.0;578.0;1200.0;2398.0;4628.0;831.0;1393.0;-9.0;-3.0;-22.0;4.0;AMMONIUM_CHLORIDE
664.0;1341.0;2630.0;5026.0;871.0;1427.0;581.0;1202.0;2397.0;4667.0;832.0;1398.0;-9.0;-3.0;-21.0;4.0;AMMONIUM_CHLORIDE
676.0;1364.0;2671.0;5064.0;876.0;1433.0;599.0;1239.0;2474.0;4751.0;838.0;1404.0;-4.0;-2.0;-17.0;3.0;AMMONIUM_CHLORIDE
669.0;1355.0;2642.0;5047.0;874.0;1435.0;598.0;1237.0;2468.0;4750.0;843.0;1408.0;-4.0;1.0;-21.0;3.0;AMMONIUM_CHLORIDE
673.0;1356.0;2663.0;5079.0;878.0;1434.0;600.0;1241.0;2467.0;4729.0;843.0;1403.0;-6.0;0.0;-21.0;4.0;AMMONIUM_CHLORIDE
669.0;1340.0;2640.0;5049.0;874.0;1443.0;577.0;1190.0;2412.0;4641.0;835.0;1409.0;-6.0;0.0;-22.0;3.0;AMMONIUM_CHLORIDE
682.0;1368.0;2673.0;5085.0;882.0;1443.0;580.0;1193.0;2427.0;4710.0;838.0;1407.0;-6.0;1.0;-22.0;-1.0;AMMONIUM_CHLORIDE
681.0;1362.0;2660.0;5072.0;880.0;1448.0;609.0;1246.0;2509.0;4784.0;847.0;1427.0;-6.0;0.0;-24.0;-3.0;AMMONIUM_CHLORIDE
687.0;1381.0;2686.0;5132.0;886.0;1450.0;597.0;1231.0;2464.0;4736.0;845.0;1420.0;-6.0;-6.0;-22.0;-3.0;AMMONIUM_CHLORIDE
682.0;1372.0;2669.0;5103.0;886.0;1454.0;594.0;1221.0;2433.0;4725.0;849.0;1414.0;-12.0;-6.0;-24.0;-4.0;AMMONIUM_CHLORIDE
693.0;1392.0;2704.0;5140.0;888.0;1453.0;582.0;1206.0;2423.0;4708.0;846.0;1420.0;-12.0;-6.0;-24.0;-4.0;AMMONIUM_CHLORIDE
690.0;1387.0;2714.0;5129.0;886.0;1456.0;593.0;1234.0;2463.0;4738.0;846.0;1411.0;-12.0;-6.0;-29.0;3.0;AMMONIUM_CHLORIDE
689.0;1374.0;2683.0;5090.0;883.0;1439.0;600.0;1239.0;2479.0;4773.0;845.0;1410.0;-11.0;-1.0;-24.0;3.0;AMMONIUM_CHLORIDE
681.0;1365.0;2675.0;5065.0;882.0;1452.0;583.0;1197.0;2407.0;4696.0;844.0;1417.0;-9.0;-1.0;-24.0;4.0;AMMONIUM_CHLORIDE
681.0;1367.0;2673.0;5087.0;881.0;1453.0;592.0;1232.0;2469.0;4780.0;851.0;1418.0;-9.0;-1.0;-24.0;5.0;AMMONIUM_CHLORIDE
681.0;1362.0;2669.0;5096.0;880.0;1445.0;594.0;1228.0;2456.0;4774.0;846.0;1408.0;-7.0;-1.0;-25.0;6.0;AMMONIUM_CHLORIDE
679.0;1373.0;2682.0;5092.0;877.0;1443.0;595.0;1212.0;2428.0;4714.0;847.0;1419.0;-7.0;-1.0;-25.0;6.0;AMMONIUM_CHLORIDE
680.0;1371.0;2670.0;5111.0;881.0;1445.0;587.0;1209.0;2439.0;4723.0;848.0;1425.0;-7.0;0.0;-25.0;7.0;AMMONIUM_CHLORIDE
685.0;1392.0;2726.0;5160.0;890.0;1462.0;603.0;1242.0;2514.0;4833.0;851.0;1431.0;-7.0;1.0;-25.0;8.0;AMMONIUM_CHLORIDE
695.0;1404.0;2735.0;5188.0;896.0;1455.0;605.0;1252.0;2507.0;4816.0;857.0;1427.0;-7.0;1.0;-24.0;4.0;AMMONIUM_CHLORIDE
679.0;1370.0;2676.0;5099.0;888.0;1458.0;600.0;1216.0;2444.0;4758.0;846.0;1432.0;-5.0;-3.0;-22.0;4.0;AMMONIUM_CHLORIDE
691.0;1387.0;2710.0;5144.0;893.0;1459.0;598.0;1230.0;2430.0;4761.0;853.0;1435.0;-5.0;-4.0;-22.0;4.0;AMMONIUM_CHLORIDE
681.0;1372.0;2686.0;5106.0;888.0;1459.0;599.0;1239.0;2496.0;4794.0;857.0;1433.0;-7.0;-4.0;-22.0;6.0;AMMONIUM_CHLORIDE
688.0;1388.0;2709.0;5144.0;889.0;1457.0;585.0;1207.0;2451.0;4751.0;848.0;1430.0;-7.0;-3.0;-24.0;4.0;AMMONIUM_CHLORIDE
687.0;1379.0;2701.0;5105.0;893.0;1460.0;619.0;1272.0;2535.0;4810.0;857.0;1427.0;2.0;-3.0;-22.0;5.0;AMMONIUM_CHLORIDE
704.0;1408.0;2746.0;5198.0;900.0;1466.0;586.0;1215.0;2446.0;4760.0;848.0;1423.0;-1.0;-5.0;-26.0;7.0;AMMONIUM_CHLORIDE
684.0;1363.0;2686.0;5113.0;893.0;1463.0;596.0;1222.0;2460.0;4775.0;854.0;1426.0;-1.0;-5.0;-26.0;11.0;AMMONIUM_CHLORIDE
683.0;1383.0;2711.0;5136.0;892.0;1460.0;609.0;1259.0;2500.0;4834.0;857.0;1440.0;-1.0;-5.0;-25.0;7.0;AMMONIUM_CHLORIDE
696.0;1403.0;2735.0;5182.0;895.0;1466.0;594.0;1215.0;2458.0;4771.0;848.0;1433.0;-5.0;-5.0;-25.0;4.0;AMMONIUM_CHLORIDE
688.0;1389.0;2701.0;5160.0;893.0;1458.0;602.0;1244.0;2487.0;4785.0;847.0;1427.0;-6.0;-5.0;-25.0;4.0;AMMONIUM_CHLORIDE
685.0;1370.0;2687.0;5124.0;891.0;1464.0;615.0;1264.0;2513.0;4800.0;856.0;1427.0;-6.0;-3.0;-22.0;2.0;AMMONIUM_CHLORIDE
692.0;1389.0;2699.0;5135.0;892.0;1463.0;618.0;1273.0;2529.0;4848.0;859.0;1437.0;-6.0;-3.0;-25.0;4.0;AMMONIUM_CHLORIDE
695.0;1389.0;2739.0;5209.0;896.0;1465.0;600.0;1238.0;2468.0;4805.0;855.0;1433.0;-10.0;-3.0;-26.0;2.0;AMMONIUM_CHLORIDE
692.0;1395.0;2713.0;5154.0;898.0;1472.0;591.0;1232.0;2476.0;4818.0;859.0;1437.0;-10.0;-3.0;-22.0;2.0;AMMONIUM_CHLORIDE
694.0;1395.0;2737.0;5162.0;895.0;1467.0;597.0;1231.0;2473.0;4814.0;860.0;1440.0;-7.0;-3.0;-19.0;2.0;AMMONIUM_CHLORIDE
696.0;1391.0;2710.0;5167.0;899.0;1469.0;610.0;1265.0;2530.0;4870.0;867.0;1440.0;-7.0;-4.0;-19.0;8.0;AMMONIUM_CHLORIDE
704.0;1416.0;2762.0;5230.0;909.0;1481.0;616.0;1278.0;2560.0;4928.0;870.0;1452.0;-7.0;1.0;-19.0;4.0;AMMONIUM_CHLORIDE
703.0;1414.0;2759.0;5273.0;901.0;1483.0;601.0;1235.0;2508.0;4826.0;869.0;1447.0;-7.0;-4.0;-19.0;7.0;AMMONIUM_CHLORIDE
690.0;1391.0;2725.0;5180.0;900.0;1476.0;621.0;1271.0;2544.0;4892.0;868.0;1449.0;-10.0;-4.0;-24.0;4.0;AMMONIUM_CHLORIDE
706.0;1430.0;2763.0;5241.0;913.0;1484.0;616.0;1268.0;2534.0;4884.0;872.0;1454.0;-10.0;-4.0;-24.0;5.0;AMMONIUM_CHLORIDE
703.0;1409.0;2744.0;5224.0;903.0;1479.0;603.0;1247.0;2501.0;4861.0;861.0;1447.0;-10.0;-4.0;-27.0;1.0;AMMONIUM_CHLORIDE
700.0;1404.0;2742.0;5236.0;908.0;1481.0;605.0;1252.0;2512.0;4869.0;865.0;1454.0;-7.0;-4.0;-24.0;1.0;AMMONIUM_CHLORIDE
695.0;1404.0;2733.0;5210.0;904.0;1477.0;623.0;1267.0;2540.0;4895.0;869.0;1448.0;-5.0;-5.0;-24.0;5.0;AMMONIUM_CHLORIDE
701.0;1412.0;2752.0;5261.0;908.0;1490.0;624.0;1272.0;2525.0;4916.0;876.0;1460.0;-5.0;-5.0;-20.0;4.0;AMMONIUM_CHLORIDE
705.0;1417.0;2763.0;5254.0;914.0;1488.0;622.0;1276.0;2565.0;4903.0;871.0;1447.0;-6.0;-5.0;-25.0;6.0;AMMONIUM_CHLORIDE
703.0;1407.0;2735.0;5216.0;912.0;1491.0;621.0;1289.0;2573.0;4921.0;873.0;1450.0;-6.0;-5.0;-25.0;4.0;AMMONIUM_CHLORIDE
706.0;1418.0;2777.0;5273.0;909.0;1491.0;619.0;1264.0;2538.0;4897.0;876.0;1459.0;-9.0;0.0;-27.0;6.0;AMMONIUM_CHLORIDE
713.0;1434.0;2793.0;5310.0;912.0;1488.0;617.0;1267.0;2533.0;4884.0;870.0;1461.0;-9.0;0.0;-27.0;5.0;AMMONIUM_CHLORIDE
714.0;1426.0;2785.0;5260.0;914.0;1496.0;627.0;1288.0;2564.0;4936.0;872.0;1465.0;-9.0;0.0;-27.0;5.0;AMMONIUM_CHLORIDE
707.0;1426.0;2775.0;5274.0;914.0;1491.0;606.0;1253.0;2514.0;4879.0;872.0;1464.0;-8.0;0.0;-23.0;8.0;AMMONIUM_CHLORIDE
702.0;1409.0;2755.0;5242.0;909.0;1486.0;611.0;1257.0;2505.0;4864.0;870.0;1457.0;-8.0;-1.0;-23.0;10.0;AMMONIUM_CHLORIDE
704.0;1413.0;2767.0;5255.0;910.0;1492.0;602.0;1241.0;2516.0;4861.0;870.0;1464.0;-6.0;-1.0;-22.0;8.0;AMMONIUM_CHLORIDE
714.0;1426.0;2784.0;5299.0;918.0;1491.0;630.0;1296.0;2599.0;4956.0;877.0;1457.0;-8.0;-1.0;-23.0;8.0;AMMONIUM_CHLORIDE
715.0;1434.0;2798.0;5296.0;915.0;1492.0;623.0;1303.0;2595.0;4976.0;877.0;1465.0;-6.0;-1.0;-23.0;2.0;AMMONIUM_CHLORIDE
702.0;1415.0;2761.0;5147.0;908.0;1484.0;624.0;1287.0;2554.0;4891.0;873.0;1453.0;-5.0;-1.0;-18.0;5.0;AMMONIUM_CHLORIDE
710.0;1432.0;2783.0;5269.0;911.0;1490.0;607.0;1250.0;2513.0;4878.0;871.0;1460.0;-5.0;-1.0;-18.0;5.0;AMMONIUM_CHLORIDE
704.0;1414.0;2758.0;5254.0;907.0;1492.0;623.0;1288.0;2577.0;4935.0;871.0;1464.0;-5.0;-4.0;-18.0;11.0;AMMONIUM_CHLORIDE
707.0;1423.0;2780.0;5283.0;911.0;1489.0;613.0;1272.0;2564.0;4955.0;876.0;1458.0;-4.0;2.0;-18.0;8.0;AMMONIUM_CHLORIDE
704.0;1404.0;2750.0;5238.0;910.0;1497.0;614.0;1265.0;2557.0;4940.0;880.0;1476.0;-5.0;1.0;-24.0;10.0;AMMONIUM_CHLORIDE
713.0;1426.0;2782.0;5295.0;916.0;1501.0;616.0;1267.0;2561.0;4982.0;881.0;1475.0;-5.0;-1.0;-24.0;8.0;AMMONIUM_CHLORIDE
718.0;1443.0;2813.0;5352.0;922.0;1507.0;624.0;1285.0;2551.0;4951.0;883.0;1476.0;-4.0;-1.0;-24.0;9.0;AMMONIUM_CHLORIDE
724.0;1447.0;2805.0;5336.0;922.0;1508.0;624.0;1272.0;2549.0;4929.0;880.0;1481.0;-4.0;0.0;-24.0;5.0;AMMONIUM_CHLORIDE
730.0;1453.0;2841.0;5396.0;921.0;1511.0;632.0;1300.0;2606.0;5020.0;881.0;1481.0;-5.0;-1.0;-24.0;7.0;AMMONIUM_CHLORIDE
729.0;1455.0;2814.0;5357.0;924.0;1516.0;623.0;1279.0;2555.0;4974.0;888.0;1488.0;-3.0;-2.0;-18.0;7.0;AMMONIUM_CHLORIDE
726.0;1455.0;2811.0;5366.0;929.0;1514.0;627.0;1301.0;2604.0;5053.0;890.0;1485.0;-3.0;0.0;-18.0;7.0;AMMONIUM_CHLORIDE
721.0;1439.0;2812.0;5319.0;929.0;1515.0;636.0;1308.0;2607.0;5038.0;896.0;1498.0;-8.0;1.0;-24.0;7.0;AMMONIUM_CHLORIDE
734.0;1464.0;2847.0;5415.0;932.0;1522.0;638.0;1311.0;2613.0;4999.0;888.0;1487.0;-8.0;1.0;-22.0;1.0;AMMONIUM_CHLORIDE
724.0;1450.0;2830.0;5376.0;928.0;1520.0;637.0;1307.0;2591.0;4994.0;891.0;1482.0;-4.0;1.0;-22.0;1.0;AMMONIUM_CHLORIDE
724.0;1450.0;2831.0;5345.0;923.0;1516.0;622.0;1282.0;2577.0;4967.0;886.0;1481.0;-10.0;1.0;-28.0;1.0;AMMONIUM_CHLORIDE
736.0;1469.0;2861.0;5419.0;934.0;1520.0;645.0;1320.0;2646.0;5102.0;900.0;1495.0;-8.0;1.0;-28.0;1.0;AMMONIUM_CHLORIDE
723.0;1449.0;2829.0;5391.0;928.0;1519.0;640.0;1311.0;2632.0;5021.0;893.0;1491.0;-8.0;-4.0;-30.0;1.0;AMMONIUM_CHLORIDE
728.0;1462.0;2837.0;5403.0;934.0;1517.0;641.0;1327.0;2650.0;5073.0;899.0;1497.0;-11.0;-4.0;-30.0;3.0;AMMONIUM_CHLORIDE
731.0;1459.0;2826.0;5388.0;936.0;1524.0;644.0;1331.0;2650.0;5051.0;894.0;1498.0;-11.0;-1.0;-30.0;3.0;AMMONIUM_CHLORIDE
729.0;1460.0;2864.0;5409.0;942.0;1531.0;637.0;1306.0;2619.0;5043.0;896.0;1505.0;-8.0;-4.0;-25.0;4.0;AMMONIUM_CHLORIDE
733.0;1470.0;2860.0;5427.0;940.0;1529.0;644.0;1323.0;2625.0;5053.0;902.0;1507.0;-6.0;-2.0;-24.0;9.0;AMMONIUM_CHLORIDE
737.0;1471.0;2879.0;5410.0;939.0;1531.0;628.0;1285.0;2600.0;5047.0;891.0;1496.0;-6.0;-2.0;-24.0;9.0;AMMONIUM_CHLORIDE
733.0;1463.0;2847.0;5381.0;935.0;1522.0;630.0;1304.0;2607.0;5021.0;898.0;1492.0;-6.0;-2.0;-24.0;10.0;AMMONIUM_CHLORIDE
733.0;1465.0;2853.0;5399.0;932.0;1526.0;637.0;1308.0;2601.0;5008.0;895.0;1502.0;-7.0;-2.0;-26.0;9.0;AMMONIUM_CHLORIDE
722.0;1447.0;2826.0;5357.0;928.0;1523.0;636.0;1301.0;2596.0;4994.0;887.0;1486.0;-7.0;0.0;-26.0;5.0;AMMONIUM_CHLORIDE
721.0;1451.0;2829.0;5364.0;937.0;1528.0;639.0;1328.0;2649.0;5071.0;897.0;1493.0;-7.0;0.0;-26.0;5.0;AMMONIUM_CHLORIDE
731.0;1470.0;2851.0;5385.0;936.0;1531.0;641.0;1322.0;2631.0;5108.0;903.0;1506.0;-5.0;0.0;-22.0;7.0;AMMONIUM_CHLORIDE
731.0;1463.0;2840.0;5441.0;939.0;1525.0;637.0;1339.0;2651.0;5074.0;895.0;1506.0;-5.0;-1.0;-22.0;11.0;AMMONIUM_CHLORIDE
737.0;1485.0;2877.0;5427.0;936.0;1518.0;640.0;1331.0;2656.0;5101.0;906.0;1503.0;-5.0;-3.0;-22.0;7.0;AMMONIUM_CHLORIDE
734.0;1475.0;2868.0;5463.0;945.0;1535.0;643.0;1324.0;2650.0;5096.0;906.0;1496.0;-5.0;-4.0;-18.0;5.0;AMMONIUM_CHLORIDE
733.0;1481.0;2888.0;5451.0;947.0;1528.0;635.0;1310.0;2626.0;5112.0;902.0;1511.0;-5.0;-3.0;-18.0;6.0;AMMONIUM_CHLORIDE
734.0;1475.0;2873.0;5432.0;940.0;1540.0;632.0;1304.0;2608.0;5062.0;906.0;1509.0;-6.0;-1.0;-22.0;5.0;AMMONIUM_CHLORIDE
731.0;1474.0;2855.0;5428.0;941.0;1539.0;647.0;1332.0;2654.0;5119.0;907.0;1519.0;-8.0;-1.0;-22.0;6.0;AMMONIUM_CHLORIDE
745.0;1486.0;2910.0;5505.0;949.0;1541.0;655.0;1351.0;2703.0;5178.0;912.0;1519.0;-5.0;-1.0;-22.0;2.0;AMMONIUM_CHLORIDE
735.0;1483.0;2891.0;5453.0;944.0;1545.0;662.0;1359.0;2729.0;5201.0;915.0;1518.0;-5.0;1.0;-22.0;2.0;AMMONIUM_CHLORIDE
741.0;1492.0;2900.0;5495.0;948.0;1551.0;643.0;1323.0;2649.0;5123.0;915.0;1524.0;-8.0;-1.0;-25.0;2.0;AMMONIUM_CHLORIDE
745.0;1496.0;2914.0;5504.0;948.0;1556.0;638.0;1313.0;2627.0;5105.0;911.0;1527.0;-6.0;-1.0;-21.0;2.0;AMMONIUM_CHLORIDE
754.0;1505.0;2934.0;5538.0;951.0;1554.0;660.0;1361.0;2701.0;5175.0;914.0;1523.0;-6.0;-3.0;-21.0;0.0;AMMONIUM_CHLORIDE
754.0;1505.0;2908.0;5506.0;953.0;1553.0;664.0;1365.0;2712.0;5184.0;913.0;1522.0;-6.0;-3.0;-25.0;0.0;AMMONIUM_CHLORIDE
750.0;1505.0;2917.0;5551.0;955.0;1559.0;657.0;1348.0;2675.0;5169.0;918.0;1521.0;-7.0;-4.0;-25.0;4.0;AMMONIUM_CHLORIDE
754.0;1506.0;2921.0;5536.0;953.0;1553.0;668.0;1371.0;2726.0;5186.0;915.0;1518.0;-6.0;-4.0;-22.0;4.0;AMMONIUM_CHLORIDE
747.0;1495.0;2904.0;5505.0;956.0;1557.0;665.0;1366.0;2729.0;5202.0;921.0;1530.0;-7.0;-6.0;-22.0;7.0;AMMONIUM_CHLORIDE
753.0;1499.0;2904.0;5526.0;958.0;1558.0;659.0;1348.0;2669.0;5141.0;910.0;1524.0;-4.0;-4.0;-22.0;5.0;AMMONIUM_CHLORIDE
749.0;1488.0;2917.0;5525.0;951.0;1559.0;647.0;1327.0;2654.0;5116.0;911.0;1521.0;-4.0;-4.0;-21.0;5.0;AMMONIUM_CHLORIDE
749.0;1502.0;2920.0;5516.0;950.0;1555.0;647.0;1325.0;2653.0;5155.0;913.0;1528.0;-2.0;-5.0;-22.0;6.0;AMMONIUM_CHLORIDE
744.0;1491.0;2908.0;5491.0;950.0;1564.0;652.0;1341.0;2664.0;5104.0;912.0;1529.0;-2.0;-4.0;-21.0;6.0;AMMONIUM_CHLORIDE
749.0;1490.0;2917.0;5522.0;957.0;1560.0;655.0;1340.0;2664.0;5137.0;915.0;1535.0;-2.0;-2.0;-21.0;7.0;AMMONIUM_CHLORIDE
762.0;1525.0;2948.0;5584.0;967.0;1578.0;655.0;1342.0;2689.0;5193.0;920.0;1538.0;-2.0;-2.0;-21.0;8.0;AMMONIUM_CHLORIDE
755.0;1508.0;2941.0;5552.0;960.0;1563.0;673.0;1372.0;2732.0;5237.0;923.0;1537.0;-2.0;-2.0;-21.0;5.0;AMMONIUM_CHLORIDE
746.0;1502.0;2926.0;5543.0;961.0;1555.0;661.0;1366.0;2739.0;5223.0;923.0;1537.0;-9.0;-2.0;-21.0;1.0;AMMONIUM_CHLORIDE
748.0;1497.0;2915.0;5531.0;959.0;1571.0;652.0;1346.0;2675.0;5156.0;916.0;1529.0;-9.0;-2.0;-19.0;0.0;AMMONIUM_CHLORIDE
746.0;1499.0;2931.0;5537.0;951.0;1563.0;647.0;1332.0;2662.0;5128.0;918.0;1533.0;-6.0;-2.0;-19.0;0.0;AMMONIUM_CHLORIDE
754.0;1507.0;2929.0;5532.0;958.0;1562.0;667.0;1373.0;2733.0;5216.0;925.0;1540.0;-9.0;-2.0;-23.0;0.0;AMMONIUM_CHLORIDE
740.0;1487.0;2904.0;5549.0;955.0;1559.0;649.0;1334.0;2677.0;5193.0;920.0;1543.0;-6.0;-1.0;-19.0;2.0;AMMONIUM_CHLORIDE
751.0;1503.0;2942.0;5572.0;960.0;1567.0;649.0;1347.0;2671.0;5189.0;917.0;1543.0;-6.0;-3.0;-19.0;5.0;AMMONIUM_CHLORIDE
753.0;1510.0;2927.0;5523.0;959.0;1559.0;668.0;1365.0;2705.0;5187.0;922.0;1538.0;-6.0;-2.0;-23.0;4.0;AMMONIUM_CHLORIDE
758.0;1519.0;2941.0;5567.0;963.0;1577.0;649.0;1327.0;2669.0;5175.0;917.0;1539.0;-4.0;-2.0;-24.0;3.0;AMMONIUM_CHLORIDE
761.0;1516.0;2958.0;5572.0;963.0;1576.0;667.0;1366.0;2711.0;5214.0;929.0;1549.0;-4.0;-3.0;-24.0;4.0;AMMONIUM_CHLORIDE
754.0;1514.0;2951.0;5489.0;967.0;1579.0;655.0;1343.0;2684.0;5199.0;929.0;1549.0;-6.0;-4.0;-26.0;2.0;AMMONIUM_CHLORIDE
753.0;1510.0;2939.0;5572.0;960.0;1578.0;656.0;1341.0;2704.0;5203.0;925.0;1551.0;-9.0;-4.0;-26.0;2.0;AMMONIUM_CHLORIDE
756.0;1518.0;2956.0;5583.0;965.0;1575.0;679.0;1382.0;2736.0;5247.0;926.0;1543.0;-9.0;-4.0;-24.0;0.0;AMMONIUM_CHLORIDE
754.0;1512.0;2937.0;5562.0;965.0;1579.0;665.0;1364.0;2736.0;5250.0;928.0;1557.0;-10.0;-3.0;-24.0;0.0;AMMONIUM_CHLORIDE
765.0;1528.0;2982.0;5624.0;972.0;1585.0;661.0;1346.0;2706.0;5204.0;925.0;1550.0;-10.0;-3.0;-24.0;0.0;AMMONIUM_CHLORIDE
777.0;1552.0;3010.0;5674.0;975.0;1595.0;675.0;1386.0;2763.0;5338.0;934.0;1569.0;-8.0;-2.0;-23.0;1.0;AMMONIUM_CHLORIDE
771.0;1544.0;3000.0;5677.0;981.0;1588.0;666.0;1369.0;2726.0;5247.0;933.0;1558.0;-6.0;-2.0;-23.0;1.0;AMMONIUM_CHLORIDE
773.0;1552.0;3001.0;5660.0;979.0;1591.0;676.0;1391.0;2775.0;5316.0;935.0;1563.0;-3.0;-2.0;-23.0;3.0;AMMONIUM_CHLORIDE
777.0;1553.0;3013.0;5699.0;981.0;1597.0;667.0;1365.0;2714.0;5248.0;943.0;1565.0;-1.0;-2.0;-23.0;7.0;AMMONIUM_CHLORIDE
763.0;1530.0;2981.0;5616.0;973.0;1590.0;668.0;1371.0;2730.0;5271.0;933.0;1561.0;-3.0;-2.0;-23.0;10.0;AMMONIUM_CHLORIDE
760.0;1524.0;2981.0;5632.0;972.0;1589.0;680.0;1375.0;2762.0;5295.0;936.0;1560.0;-6.0;-2.0;-23.0;7.0;AMMONIUM_CHLORIDE
770.0;1538.0;3008.0;5642.0;975.0;1589.0;662.0;1353.0;2718.0;5272.0;941.0;1566.0;0.0;-2.0;-23.0;6.0;AMMONIUM_CHLORIDE
774.0;1532.0;3006.0;5674.0;979.0;1591.0;666.0;1359.0;2711.0;5243.0;937.0;1557.0;-7.0;-2.0;-25.0;4.0;AMMONIUM_CHLORIDE
765.0;1537.0;2991.0;5663.0;976.0;1588.0;655.0;1355.0;2711.0;5242.0;935.0;1553.0;-9.0;-2.0;-25.0;6.0;AMMONIUM_CHLORIDE
769.0;1541.0;2999.0;5683.0;976.0;1594.0;671.0;1369.0;2714.0;5250.0;940.0;1576.0;-7.0;-3.0;-25.0;6.0;AMMONIUM_CHLORIDE
784.0;1569.0;3025.0;5705.0;982.0;1600.0;678.0;1391.0;2779.0;5351.0;949.0;1574.0;-7.0;-3.0;-25.0;9.0;AMMONIUM_CHLORIDE
768.0;1539.0;2987.0;5671.0;970.0;1607.0;678.0;1394.0;2781.0;5326.0;942.0;1579.0;-12.0;-4.0;-25.0;2.0;AMMONIUM_CHLORIDE
784.0;1560.0;3030.0;5734.0;987.0;1617.0;691.0;1420.0;2808.0;5358.0;947.0;1573.0;-12.0;-4.0;-25.0;6.0;AMMONIUM_CHLORIDE
780.0;1554.0;3019.0;5702.0;991.0;1616.0;696.0;1420.0;2831.0;5384.0;954.0;1581.0;-12.0;-4.0;-33.0;2.0;AMMONIUM_CHLORIDE
790.0;1575.0;3057.0;5746.0;992.0;1620.0;695.0;1424.0;2839.0;5457.0;962.0;1597.0;-12.0;-4.0;-22.0;2.0;AMMONIUM_CHLORIDE
790.0;1572.0;3050.0;5762.0;995.0;1623.0;691.0;1415.0;2795.0;5394.0;956.0;1604.0;-6.0;-3.0;-20.0;2.0;AMMONIUM_CHLORIDE
793.0;1583.0;3068.0;5793.0;995.0;1619.0;693.0;1425.0;2843.0;5410.0;957.0;1584.0;-6.0;-2.0;-20.0;2.0;AMMONIUM_CHLORIDE
786.0;1577.0;3052.0;5769.0;994.0;1617.0;681.0;1402.0;2800.0;5389.0;957.0;1589.0;-8.0;-1.0;-20.0;2.0;AMMONIUM_CHLORIDE
789.0;1566.0;3058.0;5742.0;995.0;1620.0;688.0;1412.0;2813.0;5364.0;945.0;1602.0;-8.0;0.0;-20.0;4.0;AMMONIUM_CHLORIDE
787.0;1575.0;3051.0;5776.0;994.0;1631.0;697.0;1429.0;2832.0;5426.0;954.0;1588.0;-8.0;0.0;-20.0;4.0;AMMONIUM_CHLORIDE
790.0;1579.0;3059.0;5723.0;993.0;1610.0;678.0;1384.0;2763.0;5333.0;947.0;1583.0;-8.0;2.0;-16.0;2.0;AMMONIUM_CHLORIDE
782.0;1570.0;3058.0;5755.0;993.0;1618.0;674.0;1401.0;2792.0;5374.0;954.0;1586.0;-8.0;1.0;-16.0;0.0;AMMONIUM_CHLORIDE
794.0;1580.0;3073.0;5776.0;994.0;1622.0;691.0;1438.0;2850.0;5461.0;960.0;1595.0;-8.0;2.0;-21.0;0.0;AMMONIUM_CHLORIDE
788.0;1567.0;3062.0;5764.0;991.0;1618.0;682.0;1402.0;2785.0;5380.0;952.0;1600.0;-8.0;1.0;-21.0;0.0;AMMONIUM_CHLORIDE
795.0;1585.0;3077.0;5795.0;997.0;1628.0;710.0;1449.0;2869.0;5455.0;954.0;1591.0;-7.0;1.0;-23.0;3.0;AMMONIUM_CHLORIDE
791.0;1582.0;3070.0;5780.0;995.0;1625.0;708.0;1445.0;2832.0;5414.0;956.0;1597.0;-9.0;0.0;-24.0;3.0;AMMONIUM_CHLORIDE
796.0;1580.0;3072.0;5781.0;994.0;1617.0;700.0;1429.0;2852.0;5404.0;957.0;1555.0;-11.0;-1.0;-24.0;5.0;AMMONIUM_CHLORIDE
788.0;1569.0;3043.0;5750.0;986.0;1614.0;676.0;1376.0;2757.0;5316.0;952.0;1590.0;-11.0;-1.0;-24.0;5.0;AMMONIUM_CHLORIDE
794.0;1587.0;3081.0;5779.0;996.0;1626.0;693.0;1415.0;2804.0;5410.0;957.0;1598.0;-10.0;0.0;-26.0;5.0;AMMONIUM_CHLORIDE
798.0;1581.0;3071.0;5802.0;1002.0;1638.0;694.0;1412.0;2813.0;5394.0;967.0;1591.0;-11.0;-1.0;-30.0;2.0;AMMONIUM_CHLORIDE
790.0;1576.0;3072.0;5797.0;1001.0;1631.0;705.0;1449.0;2868.0;5471.0;962.0;1606.0;-11.0;-1.0;-30.0;5.0;AMMONIUM_CHLORIDE
793.0;1582.0;3076.0;5822.0;1003.0;1637.0;698.0;1438.0;2850.0;5479.0;961.0;1606.0;-10.0;0.0;-32.0;2.0;AMMONIUM_CHLORIDE
801.0;1597.0;3105.0;5835.0;1002.0;1639.0;701.0;1403.0;2845.0;5434.0;964.0;1616.0;-12.0;0.0;-32.0;2.0;AMMONIUM_CHLORIDE
803.0;1595.0;3098.0;5816.0;1007.0;1638.0;692.0;1398.0;2821.0;5429.0;966.0;1608.0;-12.0;2.0;-30.0;1.0;AMMONIUM_CHLORIDE
805.0;1606.0;3108.0;5848.0;1008.0;1639.0;692.0;1415.0;2812.0;5462.0;962.0;1612.0;-12.0;2.0;-27.0;3.0;AMMONIUM_CHLORIDE
793.0;1590.0;3090.0;5839.0;1008.0;1636.0;697.0;1428.0;2842.0;5443.0;965.0;1609.0;-10.0;0.0;-24.0;3.0;AMMONIUM_CHLORIDE
798.0;1596.0;3084.0;5830.0;1007.0;1640.0;703.0;1447.0;2857.0;5509.0;973.0;1622.0;-12.0;-1.0;-24.0;5.0;AMMONIUM_CHLORIDE
811.0;1619.0;3132.0;5913.0;1014.0;1656.0;708.0;1448.0;2866.0;5526.0;982.0;1601.0;-2.0;-8.0;-22.0;5.0;AMMONIUM_CHLORIDE
801.0;1592.0;3102.0;5872.0;997.0;1654.0;699.0;1425.0;2843.0;5463.0;970.0;1622.0;-3.0;-7.0;-23.0;5.0;AMMONIUM_CHLORIDE
804.0;1614.0;3121.0;5896.0;1014.0;1651.0;712.0;1456.0;2886.0;5501.0;975.0;1626.0;-3.0;-2.0;-23.0;0.0;AMMONIUM_CHLORIDE
811.0;1612.0;3135.0;5892.0;1011.0;1648.0;714.0;1469.0;2912.0;5527.0;976.0;1615.0;-5.0;-2.0;-26.0;0.0;AMMONIUM_CHLORIDE
807.0;1607.0;3121.0;5900.0;1012.0;1651.0;714.0;1458.0;2897.0;5547.0;971.0;1615.0;-5.0;-4.0;-26.0;0.0;AMMONIUM_CHLORIDE
811.0;1598.0;3134.0;5901.0;1022.0;1653.0;703.0;1434.0;2828.0;5484.0;974.0;1615.0;-5.0;-2.0;-26.0;5.0;AMMONIUM_CHLORIDE
805.0;1605.0;3116.0;5870.0;1010.0;1652.0;700.0;1427.0;2842.0;5468.0;973.0;1608.0;-5.0;-2.0;-28.0;5.0;AMMONIUM_CHLORIDE
802.0;1604.0;3111.0;5888.0;1014.0;1652.0;698.0;1437.0;2859.0;5517.0;976.0;1617.0;-5.0;-3.0;-28.0;3.0;AMMONIUM_CHLORIDE
805.0;1618.0;3144.0;5926.0;1019.0;1656.0;711.0;1450.0;2871.0;5514.0;977.0;1630.0;-10.0;-4.0;-29.0;2.0;AMMONIUM_CHLORIDE
814.0;1627.0;3153.0;5930.0;1021.0;1664.0;711.0;1446.0;2875.0;5548.0;977.0;1624.0;-3.0;-3.0;-29.0;0.0;AMMONIUM_CHLORIDE
813.0;1614.0;3137.0;5919.0;1021.0;1657.0;716.0;1457.0;2893.0;5532.0;980.0;1626.0;-3.0;-7.0;-29.0;0.0;AMMONIUM_CHLORIDE
820.0;1636.0;3167.0;5959.0;1024.0;1665.0;712.0;1455.0;2894.0;5565.0;983.0;1630.0;-4.0;-3.0;-24.0;5.0;AMMONIUM_CHLORIDE
806.0;1612.0;3138.0;5913.0;1016.0;1657.0;710.0;1452.0;2875.0;5533.0;973.0;1617.0;-2.0;-2.0;-24.0;3.0;AMMONIUM_CHLORIDE
800.0;1606.0;3116.0;5884.0;1017.0;1650.0;702.0;1429.0;2867.0;5503.0;976.0;1619.0;-2.0;-2.0;-24.0;3.0;AMMONIUM_CHLORIDE
804.0;1604.0;3118.0;5897.0;1017.0;1652.0;711.0;1457.0;2888.0;5533.0;978.0;1627.0;-4.0;-2.0;-29.0;3.0;AMMONIUM_CHLORIDE
804.0;1605.0;3121.0;5879.0;1018.0;1660.0;700.0;1433.0;2854.0;5496.0;974.0;1627.0;-4.0;-1.0;-29.0;5.0;AMMONIUM_CHLORIDE
809.0;1613.0;3137.0;5933.0;1021.0;1662.0;711.0;1446.0;2864.0;5505.0;978.0;1629.0;-8.0;1.0;-29.0;5.0;AMMONIUM_CHLORIDE
818.0;1624.0;3137.0;5936.0;1025.0;1665.0;713.0;1464.0;2901.0;5585.0;976.0;1643.0;-8.0;1.0;-29.0;8.0;AMMONIUM_CHLORIDE
811.0;1635.0;3163.0;5969.0;1027.0;1666.0;728.0;1480.0;2925.0;5559.0;980.0;1631.0;-9.0;2.0;-25.0;2.0;AMMONIUM_CHLORIDE
823.0;1638.0;3171.0;5958.0;1026.0;1673.0;718.0;1468.0;2895.0;5530.0;987.0;1640.0;-11.0;1.0;-25.0;2.0;AMMONIUM_CHLORIDE
818.0;1627.0;3156.0;5961.0;1024.0;1676.0;728.0;1485.0;2942.0;5634.0;988.0;1643.0;-11.0;3.0;-25.0;3.0;AMMONIUM_CHLORIDE
826.0;1638.0;3180.0;6007.0;1034.0;1678.0;723.0;1472.0;2920.0;5586.0;994.0;1649.0;-12.0;0.0;-28.0;4.0;AMMONIUM_CHLORIDE
825.0;1651.0;3189.0;6015.0;1034.0;1678.0;734.0;1490.0;2929.0;5593.0;987.0;1646.0;-12.0;0.0;-28.0;4.0;AMMONIUM_CHLORIDE
821.0;1632.0;3167.0;5982.0;1033.0;1675.0;717.0;1467.0;2930.0;5581.0;988.0;1647.0;-11.0;-2.0;-28.0;5.0;AMMONIUM_CHLORIDE
820.0;1634.0;3145.0;5944.0;1025.0;1674.0;716.0;1443.0;2878.0;5549.0;984.0;1637.0;-3.0;-2.0;-19.0;5.0;AMMONIUM_CHLORIDE
825.0;1644.0;3168.0;5982.0;1035.0;1679.0;728.0;1483.0;2954.0;5626.0;999.0;1666.0;-3.0;-2.0;-19.0;4.0;AMMONIUM_CHLORIDE
838.0;1657.0;3218.0;6052.0;1039.0;1671.0;717.0;1465.0;2907.0;5584.0;993.0;1650.0;-3.0;2.0;-19.0;9.0;AMMONIUM_CHLORIDE
831.0;1649.0;3183.0;5967.0;1032.0;1682.0;719.0;1469.0;2930.0;5616.0;998.0;1661.0;-3.0;2.0;-19.0;9.0;AMMONIUM_CHLORIDE
840.0;1670.0;3223.0;6065.0;1041.0;1693.0;743.0;1510.0;2989.0;5700.0;996.0;1656.0;-5.0;-2.0;-24.0;5.0;AMMONIUM_CHLORIDE
831.0;1657.0;3197.0;6019.0;1036.0;1685.0;743.0;1510.0;2984.0;5649.0;988.0;1653.0;-5.0;-2.0;-24.0;5.0;AMMONIUM_CHLORIDE
827.0;1649.0;3176.0;5963.0;1028.0;1672.0;721.0;1468.0;2907.0;5600.0;991.0;1651.0;-8.0;-2.0;-24.0;5.0;AMMONIUM_CHLORIDE
830.0;1650.0;3188.0;6023.0;1036.0;1691.0;733.0;1504.0;2974.0;5712.0;1003.0;1657.0;-9.0;-2.0;-28.0;5.0;AMMONIUM_CHLORIDE
843.0;1665.0;3229.0;6084.0;1042.0;1695.0;732.0;1494.0;2961.0;5652.0;990.0;1659.0;-9.0;-2.0;-28.0;7.0;AMMONIUM_CHLORIDE
842.0;1664.0;3222.0;6076.0;1037.0;1693.0;742.0;1511.0;2968.0;5684.0;995.0;1662.0;-9.0;3.0;-28.0;12.0;AMMONIUM_CHLORIDE
836.0;1653.0;3224.0;6037.0;1039.0;1695.0;741.0;1497.0;2982.0;5677.0;998.0;1657.0;-11.0;2.0;-30.0;2.0;AMMONIUM_CHLORIDE
828.0;1653.0;3215.0;6049.0;1042.0;1688.0;739.0;1498.0;2980.0;5701.0;994.0;1665.0;-11.0;-2.0;-30.0;4.0;AMMONIUM_CHLORIDE
833.0;1667.0;3230.0;6080.0;1043.0;1671.0;711.0;1478.0;2956.0;5646.0;999.0;1659.0;-3.0;-2.0;-27.0;4.0;AMMONIUM_CHLORIDE
831.0;1654.0;3194.0;6019.0;1035.0;1693.0;723.0;1482.0;2942.0;5672.0;1004.0;1674.0;-3.0;2.0;-25.0;4.0;AMMONIUM_CHLORIDE
836.0;1666.0;3223.0;6073.0;1044.0;1690.0;729.0;1479.0;2938.0;5622.0;993.0;1651.0;-3.0;0.0;-25.0;6.0;AMMONIUM_CHLORIDE
833.0;1660.0;3187.0;6009.0;1037.0;1687.0;726.0;1489.0;2964.0;5671.0;994.0;1663.0;-3.0;0.0;-20.0;8.0;AMMONIUM_CHLORIDE
839.0;1651.0;3225.0;6055.0;1032.0;1697.0;752.0;1515.0;2987.0;5660.0;996.0;1659.0;-3.0;0.0;-25.0;5.0;AMMONIUM_CHLORIDE
828.0;1644.0;3190.0;6025.0;1035.0;1689.0;730.0;1493.0;2959.0;5673.0;1007.0;1665.0;-6.0;0.0;-25.0;4.0;AMMONIUM_CHLORIDE
834.0;1659.0;3218.0;6080.0;1044.0;1699.0;728.0;1486.0;2948.0;5632.0;1003.0;1667.0;-10.0;0.0;-27.0;4.0;AMMONIUM_CHLORIDE
840.0;1667.0;3231.0;6078.0;1043.0;1696.0;743.0;1510.0;2989.0;5694.0;1004.0;1668.0;-10.0;0.0;-26.0;11.0;AMMONIUM_CHLORIDE
832.0;1668.0;3232.0;6068.0;1046.0;1694.0;738.0;1511.0;2991.0;5684.0;1003.0;1663.0;-10.0;-3.0;-26.0;10.0;AMMONIUM_CHLORIDE
843.0;1665.0;3238.0;6090.0;1048.0;1701.0;726.0;1487.0;2939.0;5632.0;1001.0;1660.0;-4.0;-4.0;-26.0;13.0;AMMONIUM_CHLORIDE
840.0;1662.0;3221.0;6049.0;1042.0;1696.0;755.0;1537.0;3031.0;5702.0;1005.0;1668.0;-4.0;-4.0;-24.0;10.0;AMMONIUM_CHLORIDE
840.0;1674.0;3238.0;6068.0;1047.0;1695.0;748.0;1519.0;2986.0;5696.0;1007.0;1667.0;-2.0;-1.0;-21.0;10.0;AMMONIUM_CHLORIDE
849.0;1674.0;3245.0;6110.0;1042.0;1693.0;743.0;1513.0;2974.0;5707.0;997.0;1675.0;-4.0;-4.0;-21.0;10.0;AMMONIUM_CHLORIDE
841.0;1673.0;3230.0;6062.0;1045.0;1696.0;741.0;1513.0;2975.0;5659.0;996.0;1663.0;-5.0;-3.0;-21.0;9.0;AMMONIUM_CHLORIDE
829.0;1657.0;3201.0;6034.0;1042.0;1693.0;743.0;1500.0;2964.0;5694.0;1002.0;1659.0;-5.0;-3.0;-22.0;9.0;AMMONIUM_CHLORIDE
840.0;1668.0;3234.0;6074.0;1041.0;1699.0;740.0;1501.0;2972.0;5688.0;1001.0;1657.0;-5.0;-4.0;-23.0;9.0;AMMONIUM_CHLORIDE
855.0;1697.0;3273.0;6111.0;1045.0;1713.0;753.0;1528.0;3007.0;5759.0;1013.0;1681.0;-5.0;-4.0;-25.0;6.0;AMMONIUM_CHLORIDE
854.0;1689.0;3264.0;6142.0;1052.0;1710.0;758.0;1538.0;3025.0;5728.0;1014.0;1680.0;-5.0;-5.0;-25.0;8.0;AMMONIUM_CHLORIDE
859.0;1706.0;3274.0;6155.0;1053.0;1704.0;738.0;1503.0;2988.0;5696.0;1007.0;1673.0;-5.0;-5.0;-28.0;6.0;AMMONIUM_CHLORIDE
836.0;1662.0;3231.0;6076.0;1046.0;1701.0;746.0;1527.0;3021.0;5733.0;1012.0;1682.0;-8.0;-3.0;-29.0;9.0;AMMONIUM_CHLORIDE
859.0;1701.0;3258.0;6145.0;1058.0;1714.0;748.0;1520.0;2991.0;5725.0;1013.0;1680.0;-8.0;2.0;-29.0;4.0;AMMONIUM_CHLORIDE
859.0;1696.0;3279.0;6139.0;1059.0;1717.0;739.0;1506.0;2978.0;5645.0;1009.0;1692.0;-8.0;2.0;-22.0;4.0;AMMONIUM_CHLORIDE
857.0;1702.0;3293.0;6183.0;1060.0;1714.0;769.0;1563.0;3079.0;5811.0;1024.0;1690.0;-4.0;-4.0;-22.0;2.0;AMMONIUM_CHLORIDE
856.0;1709.0;3285.0;6129.0;1053.0;1723.0;757.0;1547.0;3052.0;5843.0;1024.0;1690.0;-2.0;-4.0;-21.0;2.0;AMMONIUM_CHLORIDE
854.0;1693.0;3271.0;6172.0;1066.0;1731.0;769.0;1550.0;3037.0;5759.0;1023.0;1702.0;-2.0;-6.0;-20.0;4.0;AMMONIUM_CHLORIDE
852.0;1698.0;3278.0;6198.0;1066.0;1733.0;771.0;1547.0;3052.0;5797.0;1026.0;1701.0;-4.0;-4.0;-20.0;3.0;AMMONIUM_CHLORIDE
863.0;1709.0;3306.0;6211.0;1065.0;1727.0;750.0;1518.0;3015.0;5772.0;1018.0;1701.0;-7.0;-5.0;-20.0;3.0;AMMONIUM_CHLORIDE
860.0;1711.0;3312.0;6185.0;1064.0;1741.0;774.0;1578.0;3121.0;5916.0;1034.0;1714.0;-9.0;-3.0;-28.0;2.0;AMMONIUM_CHLORIDE
864.0;1711.0;3301.0;6205.0;1065.0;1737.0;746.0;1516.0;3006.0;5780.0;1021.0;1701.0;-9.0;-3.0;-28.0;2.0;AMMONIUM_CHLORIDE
859.0;1707.0;3321.0;6223.0;1070.0;1734.0;766.0;1546.0;3051.0;5833.0;1022.0;1698.0;-10.0;-3.0;-28.0;2.0;AMMONIUM_CHLORIDE
858.0;1699.0;3273.0;6171.0;1062.0;1730.0;765.0;1557.0;3057.0;5762.0;1023.0;1696.0;-10.0;-5.0;-23.0;2.0;AMMONIUM_CHLORIDE
852.0;1695.0;3286.0;6176.0;1062.0;1724.0;756.0;1527.0;3012.0;5756.0;1022.0;1696.0;-10.0;-1.0;-23.0;2.0;AMMONIUM_CHLORIDE
860.0;1707.0;3283.0;6188.0;1051.0;1732.0;758.0;1546.0;3068.0;5839.0;1028.0;1713.0;-8.0;-4.0;-23.0;3.0;AMMONIUM_CHLORIDE
861.0;1710.0;3312.0;6258.0;1071.0;1734.0;769.0;1561.0;3069.0;5880.0;1027.0;1706.0;-8.0;-5.0;-23.0;4.0;AMMONIUM_CHLORIDE
872.0;1725.0;3321.0;6274.0;1071.0;1735.0;757.0;1536.0;3036.0;5823.0;1030.0;1709.0;-8.0;-4.0;-26.0;4.0;AMMONIUM_CHLORIDE
868.0;1719.0;3329.0;6235.0;1075.0;1746.0;764.0;1560.0;3083.0;5883.0;1032.0;1708.0;-8.0;-1.0;-26.0;4.0;AMMONIUM_CHLORIDE
870.0;1713.0;3323.0;6250.0;1068.0;1745.0;771.0;1552.0;3099.0;5872.0;1038.0;1717.0;-8.0;-4.0;-27.0;5.0;AMMONIUM_CHLORIDE
879.0;1734.0;3358.0;6284.0;1079.0;1749.0;761.0;1543.0;3050.0;5833.0;1033.0;1717.0;-10.0;-1.0;-27.0;-1.0;AMMONIUM_CHLORIDE
887.0;1741.0;3353.0;6282.0;1079.0;1752.0;770.0;1565.0;3081.0;5870.0;1041.0;1727.0;-10.0;-1.0;-27.0;4.0;AMMONIUM_CHLORIDE
880.0;1742.0;3370.0;6299.0;1077.0;1752.0;763.0;1543.0;3068.0;5794.0;1033.0;1712.0;-10.0;6.0;-26.0;2.0;AMMONIUM_CHLORIDE
869.0;1723.0;3334.0;6241.0;1081.0;1744.0;770.0;1572.0;3124.0;5910.0;1035.0;1723.0;-10.0;-2.0;-26.0;4.0;AMMONIUM_CHLORIDE
877.0;1743.0;3355.0;6311.0;1086.0;1751.0;773.0;1573.0;3086.0;5906.0;1036.0;1732.0;-6.0;-2.0;-25.0;9.0;AMMONIUM_CHLORIDE
881.0;1750.0;3361.0;6334.0;1085.0;1753.0;772.0;1559.0;3079.0;5831.0;1044.0;1724.0;-5.0;-2.0;-22.0;8.0;AMMONIUM_CHLORIDE
880.0;1741.0;3365.0;6310.0;1082.0;1751.0;772.0;1570.0;3107.0;5896.0;1041.0;1731.0;-3.0;1.0;-22.0;6.0;AMMONIUM_CHLORIDE
885.0;1750.0;3362.0;6315.0;1086.0;1766.0;776.0;1589.0;3126.0;5951.0;1046.0;1731.0;-1.0;-2.0;-20.0;6.0;AMMONIUM_CHLORIDE
885.0;1744.0;3370.0;6304.0;1087.0;1759.0;766.0;1570.0;3100.0;5915.0;1043.0;1733.0;-1.0;-2.0;-17.0;6.0;AMMONIUM_CHLORIDE
885.0;1753.0;3387.0;6343.0;1082.0;1766.0;774.0;1581.0;3123.0;5927.0;1047.0;1722.0;-3.0;1.0;-19.0;6.0;AMMONIUM_CHLORIDE
877.0;1740.0;3356.0;6291.0;1080.0;1756.0;769.0;1566.0;3079.0;5902.0;1038.0;1730.0;-3.0;1.0;-19.0;6.0;AMMONIUM_CHLORIDE
873.0;1716.0;3370.0;6309.0;1086.0;1763.0;781.0;1588.0;3140.0;5982.0;1041.0;1734.0;-6.0;-2.0;-20.0;8.0;AMMONIUM_CHLORIDE
879.0;1741.0;3363.0;6323.0;1081.0;1753.0;775.0;1571.0;3097.0;5865.0;1041.0;1726.0;-7.0;0.0;-25.0;5.0;AMMONIUM_CHLORIDE
877.0;1734.0;3342.0;6294.0;1077.0;1757.0;778.0;1571.0;3109.0;5935.0;1044.0;1732.0;-11.0;0.0;-27.0;4.0;AMMONIUM_CHLORIDE
885.0;1745.0;3346.0;6293.0;1083.0;1760.0;763.0;1556.0;3077.0;5902.0;1041.0;1723.0;-12.0;-2.0;-31.0;4.0;AMMONIUM_CHLORIDE
876.0;1731.0;3343.0;6300.0;1082.0;1762.0;771.0;1564.0;3097.0;5930.0;1043.0;1731.0;-12.0;-2.0;-31.0;7.0;AMMONIUM_CHLORIDE
871.0;1737.0;3349.0;6288.0;1079.0;1755.0;777.0;1577.0;3112.0;5906.0;1041.0;1722.0;-12.0;-1.0;-34.0;2.0;AMMONIUM_CHLORIDE
887.0;1758.0;3379.0;6326.0;1086.0;1767.0;780.0;1588.0;3137.0;5906.0;1046.0;1736.0;-10.0;-1.0;-31.0;2.0;AMMONIUM_CHLORIDE
889.0;1760.0;3386.0;6344.0;1089.0;1773.0;780.0;1600.0;3147.0;5968.0;1049.0;1741.0;-5.0;3.0;-29.0;2.0;AMMONIUM_CHLORIDE
879.0;1742.0;3379.0;6351.0;1088.0;1759.0;785.0;1590.0;3134.0;5948.0;1045.0;1731.0;-5.0;3.0;-25.0;2.0;AMMONIUM_CHLORIDE
883.0;1743.0;3372.0;6333.0;1083.0;1759.0;780.0;1573.0;3102.0;5936.0;1047.0;1734.0;-9.0;1.0;-25.0;1.0;AMMONIUM_CHLORIDE
875.0;1737.0;3370.0;6319.0;1084.0;1761.0;779.0;1577.0;3110.0;5880.0;1041.0;1730.0;-6.0;-3.0;-21.0;1.0;AMMONIUM_CHLORIDE
868.0;1716.0;3321.0;6230.0;1077.0;1746.0;776.0;1567.0;3077.0;5895.0;1037.0;1724.0;-6.0;-3.0;-21.0;5.0;AMMONIUM_CHLORIDE
874.0;1736.0;3342.0;6292.0;1080.0;1760.0;775.0;1575.0;3100.0;5949.0;1045.0;1735.0;-6.0;-3.0;-21.0;-1.0;AMMONIUM_CHLORIDE
888.0;1754.0;3384.0;6347.0;1086.0;1768.0;786.0;1608.0;3164.0;5941.0;1026.0;1724.0;-6.0;0.0;-18.0;1.0;AMMONIUM_CHLORIDE
889.0;1765.0;3392.0;6333.0;1091.0;1767.0;790.0;1606.0;3149.0;5978.0;1050.0;1738.0;-6.0;0.0;-18.0;1.0;AMMONIUM_CHLORIDE
902.0;1778.0;3422.0;6406.0;1091.0;1777.0;787.0;1584.0;3122.0;5952.0;1052.0;1737.0;-3.0;0.0;-18.0;1.0;AMMONIUM_CHLORIDE
883.0;1754.0;3388.0;6333.0;1087.0;1766.0;782.0;1577.0;3109.0;5935.0;1041.0;1736.0;-6.0;0.0;-25.0;1.0;AMMONIUM_CHLORIDE
872.0;1736.0;3350.0;6296.0;1088.0;1757.0;767.0;1565.0;3104.0;5929.0;1044.0;1738.0;-3.0;1.0;-23.0;7.0;AMMONIUM_CHLORIDE
888.0;1747.0;3376.0;6341.0;1084.0;1761.0;774.0;1570.0;3106.0;5948.0;1041.0;1734.0;-12.0;-1.0;-28.0;8.0;AMMONIUM_CHLORIDE
894.0;1772.0;3393.0;6371.0;1089.0;1770.0;786.0;1596.0;3123.0;5985.0;1047.0;1740.0;-3.0;1.0;-23.0;7.0;AMMONIUM_CHLORIDE
891.0;1761.0;3385.0;6369.0;1092.0;1763.0;775.0;1571.0;3103.0;5944.0;1046.0;1738.0;1.0;3.0;-23.0;9.0;AMMONIUM_CHLORIDE
890.0;1763.0;3408.0;6371.0;1090.0;1774.0;791.0;1597.0;3119.0;5939.0;1049.0;1741.0;3.0;3.0;-16.0;3.0;AMMONIUM_CHLORIDE
890.0;1761.0;3406.0;6367.0;1091.0;1773.0;779.0;1574.0;3118.0;5928.0;1046.0;1743.0;3.0;3.0;-16.0;1.0;AMMONIUM_CHLORIDE
894.0;1775.0;3415.0;6406.0;1097.0;1774.0;795.0;1607.0;3175.0;5998.0;1057.0;1742.0;0.0;2.0;-16.0;1.0;AMMONIUM_CHLORIDE
887.0;1759.0;3409.0;6385.0;1088.0;1777.0;788.0;1589.0;3122.0;5985.0;1050.0;1734.0;-5.0;-3.0;-20.0;1.0;AMMONIUM_CHLORIDE
889.0;1768.0;3415.0;6449.0;1098.0;1778.0;791.0;1596.0;3128.0;5817.0;1055.0;1708.0;-5.0;-3.0;-20.0;1.0;AMMONIUM_CHLORIDE
893.0;1765.0;3416.0;6390.0;1098.0;1782.0;794.0;1603.0;3141.0;6008.0;1057.0;1744.0;-5.0;-3.0;-20.0;1.0;AMMONIUM_CHLORIDE
891.0;1766.0;3406.0;6376.0;1092.0;1786.0;785.0;1595.0;3148.0;6008.0;1059.0;1762.0;-5.0;-2.0;-19.0;5.0;AMMONIUM_CHLORIDE
892.0;1772.0;3398.0;6390.0;1096.0;1788.0;790.0;1595.0;3160.0;5973.0;1056.0;1759.0;-5.0;-2.0;-19.0;6.0;AMMONIUM_CHLORIDE
895.0;1773.0;3420.0;6427.0;1097.0;1789.0;805.0;1624.0;3174.0;6037.0;1064.0;1754.0;-5.0;-2.0;-19.0;2.0;AMMONIUM_CHLORIDE
897.0;1783.0;3429.0;6415.0;1108.0;1797.0;791.0;1602.0;3162.0;6029.0;1067.0;1766.0;-11.0;-2.0;-20.0;3.0;AMMONIUM_CHLORIDE
908.0;1793.0;3442.0;6468.0;1106.0;1796.0;777.0;1613.0;3170.0;6028.0;1062.0;1758.0;-11.0;-3.0;-24.0;3.0;AMMONIUM_CHLORIDE
895.0;1772.0;3436.0;6437.0;1104.0;1796.0;787.0;1601.0;3140.0;6009.0;1056.0;1769.0;-7.0;-4.0;-24.0;4.0;AMMONIUM_CHLORIDE
911.0;1801.0;3474.0;6510.0;1111.0;1805.0;811.0;1638.0;3212.0;6107.0;1072.0;1772.0;-7.0;-3.0;-24.0;4.0;AMMONIUM_CHLORIDE
908.0;1801.0;3450.0;6469.0;1114.0;1808.0;817.0;1633.0;3227.0;6110.0;1070.0;1772.0;-7.0;-3.0;-24.0;4.0;AMMONIUM_CHLORIDE
916.0;1811.0;3490.0;6499.0;1111.0;1805.0;802.0;1619.0;3212.0;6107.0;1063.0;1771.0;-6.0;1.0;-20.0;4.0;AMMONIUM_CHLORIDE
916.0;1802.0;3472.0;6500.0;1112.0;1792.0;809.0;1631.0;3200.0;6107.0;1069.0;1758.0;-7.0;1.0;-20.0;3.0;AMMONIUM_CHLORIDE
910.0;1801.0;3460.0;6429.0;1102.0;1773.0;779.0;1621.0;3206.0;6054.0;1076.0;1778.0;-7.0;1.0;-24.0;5.0;AMMONIUM_CHLORIDE
905.0;1787.0;3444.0;6460.0;1106.0;1802.0;806.0;1615.0;3175.0;6001.0;1065.0;1762.0;-6.0;1.0;-20.0;2.0;AMMONIUM_CHLORIDE
901.0;1782.0;3452.0;6465.0;1112.0;1804.0;804.0;1632.0;3205.0;6092.0;1071.0;1770.0;-7.0;0.0;-24.0;4.0;AMMONIUM_CHLORIDE
899.0;1794.0;3453.0;6470.0;1109.0;1802.0;824.0;1660.0;3229.0;6142.0;1077.0;1779.0;-7.0;0.0;-26.0;3.0;AMMONIUM_CHLORIDE
923.0;1822.0;3504.0;6538.0;1119.0;1815.0;819.0;1657.0;3261.0;6212.0;1079.0;1788.0;-7.0;-3.0;-25.0;3.0;AMMONIUM_CHLORIDE
919.0;1812.0;3487.0;6500.0;1116.0;1812.0;818.0;1640.0;3240.0;6111.0;1071.0;1782.0;-5.0;-3.0;-24.0;2.0;AMMONIUM_CHLORIDE
910.0;1801.0;3482.0;6502.0;1119.0;1809.0;812.0;1639.0;3222.0;6089.0;1064.0;1784.0;-5.0;-3.0;-24.0;2.0;AMMONIUM_CHLORIDE
918.0;1813.0;3491.0;6541.0;1118.0;1813.0;800.0;1619.0;3203.0;6112.0;1081.0;1778.0;-5.0;-3.0;-22.0;2.0;AMMONIUM_CHLORIDE
915.0;1805.0;3464.0;6510.0;1118.0;1820.0;807.0;1630.0;3222.0;6091.0;1078.0;1792.0;-1.0;-3.0;-20.0;5.0;AMMONIUM_CHLORIDE
928.0;1830.0;3525.0;6585.0;1129.0;1823.0;819.0;1672.0;3288.0;6187.0;1086.0;1789.0;-1.0;-1.0;-20.0;5.0;AMMONIUM_CHLORIDE
912.0;1814.0;3498.0;6551.0;1125.0;1818.0;809.0;1628.0;3216.0;6145.0;1075.0;1787.0;-2.0;0.0;-16.0;5.0;AMMONIUM_CHLORIDE
921.0;1821.0;3502.0;6551.0;1120.0;1814.0;816.0;1653.0;3261.0;6166.0;1076.0;1782.0;-2.0;-1.0;-20.0;6.0;AMMONIUM_CHLORIDE
906.0;1796.0;3483.0;6368.0;1116.0;1816.0;830.0;1663.0;3255.0;6127.0;1082.0;1782.0;-3.0;-3.0;-21.0;6.0;AMMONIUM_CHLORIDE
923.0;1823.0;3502.0;6559.0;1123.0;1822.0;818.0;1655.0;3254.0;6154.0;1082.0;1787.0;-7.0;-2.0;-28.0;7.0;AMMONIUM_CHLORIDE
921.0;1820.0;3498.0;6554.0;1121.0;1820.0;812.0;1645.0;3235.0;6129.0;1079.0;1787.0;-7.0;-2.0;-28.0;4.0;AMMONIUM_CHLORIDE
928.0;1828.0;3525.0;6586.0;1126.0;1819.0;805.0;1640.0;3233.0;6154.0;1080.0;1790.0;-7.0;-2.0;-28.0;4.0;AMMONIUM_CHLORIDE
931.0;1835.0;3540.0;6588.0;1108.0;1828.0;809.0;1642.0;3237.0;6160.0;1084.0;1794.0;-7.0;-2.0;-28.0;3.0;AMMONIUM_CHLORIDE
927.0;1831.0;3508.0;6562.0;1127.0;1826.0;822.0;1667.0;3278.0;6226.0;1080.0;1804.0;-7.0;-1.0;-28.0;3.0;AMMONIUM_CHLORIDE
927.0;1834.0;3514.0;6569.0;1129.0;1826.0;809.0;1625.0;3210.0;6171.0;1082.0;1787.0;-4.0;-1.0;-25.0;2.0;AMMONIUM_CHLORIDE
921.0;1824.0;3499.0;6527.0;1121.0;1817.0;807.0;1633.0;3226.0;6134.0;1080.0;1781.0;-4.0;-3.0;-25.0;2.0;AMMONIUM_CHLORIDE
926.0;1838.0;3530.0;6591.0;1125.0;1825.0;812.0;1636.0;3223.0;6102.0;1080.0;1788.0;-7.0;-3.0;-25.0;2.0;AMMONIUM_CHLORIDE
921.0;1818.0;3514.0;6605.0;1127.0;1832.0;828.0;1661.0;3245.0;6182.0;1087.0;1804.0;-7.0;-3.0;-25.0;-1.0;AMMONIUM_CHLORIDE
935.0;1830.0;3523.0;6581.0;1127.0;1825.0;820.0;1654.0;3273.0;6172.0;1087.0;1792.0;-5.0;-3.0;-25.0;-1.0;AMMONIUM_CHLORIDE
926.0;1832.0;3515.0;6546.0;1123.0;1823.0;826.0;1680.0;3284.0;6189.0;1087.0;1796.0;-5.0;0.0;-23.0;3.0;AMMONIUM_CHLORIDE
925.0;1824.0;3529.0;6586.0;1128.0;1830.0;821.0;1652.0;3239.0;6191.0;1088.0;1802.0;-5.0;0.0;-25.0;4.0;AMMONIUM_CHLORIDE
933.0;1853.0;3540.0;6639.0;1127.0;1833.0;828.0;1668.0;3260.0;6186.0;1087.0;1797.0;0.0;1.0;-19.0;10.0;AMMONIUM_CHLORIDE
936.0;1846.0;3541.0;6607.0;1127.0;1826.0;831.0;1663.0;3301.0;6221.0;1094.0;1810.0;0.0;1.0;-19.0;6.0;AMMONIUM_CHLORIDE
938.0;1849.0;3563.0;6677.0;1134.0;1848.0;826.0;1659.0;3279.0;6214.0;1093.0;1812.0;0.0;1.0;-21.0;6.0;AMMONIUM_CHLORIDE
932.0;1849.0;3559.0;6678.0;1140.0;1841.0;827.0;1669.0;3287.0;6227.0;1093.0;1809.0;-1.0;-3.0;-25.0;10.0;AMMONIUM_CHLORIDE
933.0;1842.0;3537.0;6625.0;1130.0;1841.0;830.0;1673.0;3305.0;6235.0;1096.0;1812.0;-5.0;-3.0;-25.0;10.0;AMMONIUM_CHLORIDE
943.0;1856.0;3572.0;6687.0;1140.0;1843.0;828.0;1667.0;3280.0;6220.0;1100.0;1819.0;-5.0;-3.0;-25.0;8.0;AMMONIUM_CHLORIDE
939.0;1862.0;3561.0;6640.0;1138.0;1835.0;831.0;1688.0;3302.0;6252.0;1094.0;1812.0;-3.0;-4.0;-24.0;9.0;AMMONIUM_CHLORIDE
936.0;1842.0;3534.0;6647.0;1140.0;1843.0;825.0;1664.0;3289.0;6256.0;1102.0;1818.0;-5.0;-4.0;-25.0;8.0;AMMONIUM_CHLORIDE
946.0;1863.0;3585.0;6669.0;1140.0;1834.0;847.0;1698.0;3336.0;6316.0;1097.0;1820.0;-3.0;-5.0;-26.0;8.0;AMMONIUM_CHLORIDE
941.0;1857.0;3564.0;6639.0;1137.0;1844.0;825.0;1664.0;3290.0;6226.0;1095.0;1815.0;-3.0;-5.0;-24.0;5.0;AMMONIUM_CHLORIDE
933.0;1842.0;3555.0;6635.0;1140.0;1848.0;834.0;1682.0;3280.0;6246.0;1095.0;1808.0;-3.0;-5.0;-28.0;7.0;AMMONIUM_CHLORIDE
935.0;1840.0;3560.0;6644.0;1136.0;1843.0;829.0;1673.0;3258.0;6222.0;1094.0;1820.0;-3.0;-4.0;-28.0;3.0;AMMONIUM_CHLORIDE
935.0;1871.0;3575.0;6654.0;1136.0;1843.0;830.0;1686.0;3314.0;6224.0;1097.0;1811.0;-3.0;-3.0;-28.0;3.0;AMMONIUM_CHLORIDE
940.0;1852.0;3562.0;6647.0;1136.0;1832.0;830.0;1683.0;3310.0;6275.0;1097.0;1817.0;-5.0;-2.0;-18.0;3.0;AMMONIUM_CHLORIDE
946.0;1857.0;3567.0;6693.0;1145.0;1847.0;835.0;1680.0;3312.0;6265.0;1101.0;1812.0;-5.0;-2.0;-27.0;2.0;AMMONIUM_CHLORIDE
936.0;1839.0;3534.0;6636.0;1136.0;1842.0;837.0;1677.0;3293.0;6238.0;1091.0;1810.0;-5.0;-1.0;-21.0;3.0;AMMONIUM_CHLORIDE
939.0;1858.0;3541.0;6632.0;1132.0;1845.0;838.0;1690.0;3304.0;6303.0;1098.0;1808.0;-5.0;-1.0;-19.0;2.0;AMMONIUM_CHLORIDE
932.0;1844.0;3522.0;6565.0;1131.0;1841.0;834.0;1669.0;3292.0;6278.0;1102.0;1825.0;-5.0;-2.0;-21.0;2.0;AMMONIUM_CHLORIDE
945.0;1863.0;3575.0;6711.0;1148.0;1856.0;854.0;1720.0;3356.0;6314.0;1105.0;1817.0;-8.0;-4.0;-22.0;1.0;AMMONIUM_CHLORIDE
946.0;1866.0;3582.0;6636.0;1144.0;1846.0;835.0;1680.0;3305.0;6266.0;1097.0;1825.0;-4.0;-4.0;-21.0;1.0;AMMONIUM_CHLORIDE
944.0;1857.0;3562.0;6694.0;1144.0;1858.0;839.0;1690.0;3331.0;6303.0;1104.0;1832.0;-8.0;-4.0;-22.0;1.0;AMMONIUM_CHLORIDE
955.0;1884.0;3618.0;6698.0;1151.0;1862.0;852.0;1712.0;3363.0;6372.0;1107.0;1844.0;-8.0;-4.0;-23.0;10.0;AMMONIUM_CHLORIDE
957.0;1875.0;3603.0;6774.0;1154.0;1863.0;853.0;1716.0;3364.0;6365.0;1114.0;1833.0;-8.0;-4.0;-23.0;9.0;AMMONIUM_CHLORIDE
965.0;1900.0;3639.0;6787.0;1154.0;1860.0;858.0;1714.0;3337.0;6324.0;1111.0;1837.0;-8.0;0.0;-22.0;4.0;AMMONIUM_CHLORIDE
957.0;1892.0;3613.0;6722.0;1151.0;1861.0;854.0;1709.0;3343.0;6321.0;1113.0;1832.0;-9.0;-4.0;-23.0;4.0;AMMONIUM_CHLORIDE
943.0;1858.0;3576.0;6709.0;1145.0;1860.0;832.0;1677.0;3316.0;6276.0;1107.0;1818.0;-9.0;-2.0;-27.0;3.0;AMMONIUM_CHLORIDE
939.0;1854.0;3545.0;6668.0;1140.0;1855.0;842.0;1682.0;3306.0;6259.0;1100.0;1818.0;-4.0;-2.0;-22.0;3.0;AMMONIUM_CHLORIDE
947.0;1865.0;3568.0;6666.0;1140.0;1856.0;845.0;1698.0;3331.0;6325.0;1107.0;1824.0;-9.0;-3.0;-27.0;3.0;AMMONIUM_CHLORIDE
958.0;1888.0;3617.0;6740.0;1146.0;1854.0;842.0;1699.0;3282.0;6300.0;1108.0;1807.0;-9.0;-4.0;-27.0;4.0;AMMONIUM_CHLORIDE
957.0;1872.0;3596.0;6684.0;1141.0;1856.0;849.0;1702.0;3347.0;6349.0;1108.0;1829.0;-12.0;-3.0;-27.0;6.0;AMMONIUM_CHLORIDE
955.0;1877.0;3612.0;6698.0;1148.0;1863.0;851.0;1716.0;3342.0;6316.0;1108.0;1837.0;-12.0;-4.0;-23.0;1.0;AMMONIUM_CHLORIDE
952.0;1889.0;3637.0;6783.0;1154.0;1872.0;855.0;1724.0;3370.0;6333.0;1112.0;1843.0;-12.0;-4.0;-23.0;1.0;AMMONIUM_CHLORIDE
967.0;1898.0;3653.0;6798.0;1159.0;1881.0;864.0;1734.0;3372.0;6401.0;1118.0;1848.0;-12.0;-2.0;-23.0;1.0;AMMONIUM_CHLORIDE
965.0;1896.0;3619.0;6784.0;1164.0;1877.0;857.0;1728.0;3360.0;6367.0;1119.0;1849.0;-12.0;-2.0;-29.0;6.0;AMMONIUM_CHLORIDE
971.0;1897.0;3663.0;6809.0;1164.0;1872.0;843.0;1713.0;3365.0;6411.0;1120.0;1854.0;-4.0;-2.0;-21.0;4.0;AMMONIUM_CHLORIDE
971.0;1909.0;3662.0;6813.0;1157.0;1876.0;852.0;1708.0;3343.0;6339.0;1113.0;1850.0;-4.0;-2.0;-20.0;4.0;AMMONIUM_CHLORIDE
957.0;1884.0;3629.0;6755.0;1158.0;1880.0;857.0;1719.0;3299.0;6392.0;1089.0;1849.0;-5.0;-2.0;-20.0;4.0;AMMONIUM_CHLORIDE
965.0;1900.0;3641.0;6828.0;1162.0;1877.0;849.0;1706.0;3375.0;6372.0;1110.0;1846.0;-5.0;-2.0;-20.0;8.0;AMMONIUM_CHLORIDE
965.0;1909.0;3643.0;6757.0;1161.0;1872.0;869.0;1738.0;3376.0;6405.0;1121.0;1852.0;-5.0;-2.0;-20.0;6.0;AMMONIUM_CHLORIDE
964.0;1891.0;3635.0;6777.0;1157.0;1869.0;850.0;1722.0;3365.0;6361.0;1118.0;1844.0;-5.0;-2.0;-20.0;2.0;AMMONIUM_CHLORIDE
962.0;1888.0;3644.0;6797.0;1150.0;1874.0;853.0;1712.0;3372.0;6383.0;1119.0;1850.0;-5.0;-2.0;-20.0;3.0;AMMONIUM_CHLORIDE
957.0;1895.0;3636.0;6722.0;1155.0;1882.0;861.0;1734.0;3405.0;6433.0;1122.0;1846.0;-2.0;0.0;-20.0;2.0;AMMONIUM_CHLORIDE
965.0;1904.0;3653.0;6770.0;1162.0;1879.0;865.0;1746.0;3372.0;6409.0;1118.0;1857.0;-2.0;0.0;-23.0;2.0;AMMONIUM_CHLORIDE
966.0;1909.0;3665.0;6815.0;1168.0;1895.0;860.0;1724.0;3400.0;6439.0;1127.0;1860.0;-2.0;0.0;-25.0;2.0;AMMONIUM_CHLORIDE
982.0;1929.0;3702.0;6871.0;1172.0;1891.0;869.0;1740.0;3412.0;6439.0;1131.0;1863.0;-8.0;-2.0;-29.0;8.0;AMMONIUM_CHLORIDE
974.0;1927.0;3676.0;6860.0;1171.0;1891.0;870.0;1768.0;3431.0;6456.0;1129.0;1872.0;-8.0;-2.0;-25.0;9.0;AMMONIUM_CHLORIDE
973.0;1919.0;3683.0;6863.0;1169.0;1898.0;880.0;1765.0;3453.0;6456.0;1130.0;1861.0;-10.0;-2.0;-27.0;8.0;AMMONIUM_CHLORIDE
973.0;1915.0;3675.0;6810.0;1167.0;1895.0;862.0;1737.0;3397.0;6403.0;1127.0;1850.0;-10.0;-2.0;-28.0;4.0;AMMONIUM_CHLORIDE
966.0;1906.0;3661.0;6847.0;1168.0;1887.0;865.0;1751.0;3428.0;6444.0;1121.0;1858.0;-5.0;-2.0;-28.0;4.0;AMMONIUM_CHLORIDE
968.0;1906.0;3656.0;6822.0;1167.0;1898.0;879.0;1774.0;3467.0;6553.0;1134.0;1872.0;-5.0;-2.0;-28.0;3.0;AMMONIUM_CHLORIDE
980.0;1928.0;3688.0;6882.0;1170.0;1898.0;875.0;1767.0;3440.0;6466.0;1135.0;1871.0;-5.0;-1.0;-28.0;4.0;AMMONIUM_CHLORIDE
985.0;1937.0;3701.0;6908.0;1178.0;1901.0;879.0;1757.0;3447.0;6506.0;1137.0;1879.0;-3.0;-4.0;-28.0;7.0;AMMONIUM_CHLORIDE
991.0;1936.0;3719.0;6949.0;1186.0;1907.0;877.0;1763.0;3431.0;6485.0;1139.0;1880.0;-3.0;-4.0;-30.0;4.0;AMMONIUM_CHLORIDE
985.0;1935.0;3726.0;6890.0;1181.0;1913.0;885.0;1762.0;3429.0;6550.0;1135.0;1874.0;-11.0;-4.0;-25.0;9.0;AMMONIUM_CHLORIDE
990.0;1953.0;3734.0;6935.0;1186.0;1909.0;899.0;1796.0;3498.0;6537.0;1143.0;1884.0;-10.0;-3.0;-25.0;5.0;AMMONIUM_CHLORIDE
994.0;1958.0;3757.0;6953.0;1183.0;1905.0;880.0;1770.0;3462.0;6546.0;1138.0;1879.0;-10.0;-4.0;-25.0;5.0;AMMONIUM_CHLORIDE
977.0;1922.0;3702.0;6907.0;1176.0;1889.0;871.0;1734.0;3422.0;6439.0;1135.0;1886.0;-11.0;-3.0;-26.0;1.0;AMMONIUM_CHLORIDE
988.0;1949.0;3741.0;6964.0;1184.0;1911.0;876.0;1765.0;3475.0;6518.0;1140.0;1869.0;-10.0;-2.0;-26.0;0.0;AMMONIUM_CHLORIDE
995.0;1963.0;3741.0;6958.0;1187.0;1901.0;877.0;1746.0;3445.0;6476.0;1118.0;1876.0;-9.0;0.0;-26.0;1.0;AMMONIUM_CHLORIDE
986.0;1935.0;3711.0;6916.0;1184.0;1917.0;883.0;1775.0;3483.0;6537.0;1141.0;1887.0;-7.0;-2.0;-26.0;0.0;AMMONIUM_CHLORIDE
996.0;1955.0;3724.0;6934.0;1187.0;1917.0;880.0;1750.0;3434.0;6480.0;1140.0;1879.0;-7.0;0.0;-26.0;0.0;AMMONIUM_CHLORIDE
981.0;1921.0;3712.0;6899.0;1179.0;1914.0;873.0;1752.0;3435.0;6482.0;1138.0;1882.0;-2.0;2.0;-25.0;1.0;AMMONIUM_CHLORIDE
980.0;1936.0;3716.0;6919.0;1185.0;1917.0;889.0;1777.0;3499.0;6570.0;1143.0;1890.0;1.0;0.0;-25.0;5.0;AMMONIUM_CHLORIDE
984.0;1943.0;3724.0;6907.0;1178.0;1916.0;880.0;1777.0;3474.0;6540.0;1144.0;1892.0;2.0;0.0;-25.0;6.0;AMMONIUM_CHLORIDE
983.0;1937.0;3719.0;6946.0;1187.0;1919.0;884.0;1769.0;3486.0;6552.0;1144.0;1884.0;2.0;0.0;-25.0;5.0;AMMONIUM_CHLORIDE
991.0;1955.0;3730.0;6980.0;1187.0;1914.0;883.0;1768.0;3470.0;6551.0;1147.0;1886.0;-2.0;-3.0;-26.0;7.0;AMMONIUM_CHLORIDE
997.0;1956.0;3746.0;6983.0;1187.0;1921.0;884.0;1775.0;3476.0;6532.0;1145.0;1893.0;-6.0;-7.0;-29.0;6.0;AMMONIUM_CHLORIDE
1005.0;1977.0;3770.0;7001.0;1192.0;1925.0;900.0;1803.0;3489.0;6586.0;1153.0;1886.0;-6.0;-3.0;-31.0;7.0;AMMONIUM_CHLORIDE
997.0;1969.0;3767.0;6996.0;1191.0;1929.0;892.0;1801.0;3520.0;6608.0;1155.0;1909.0;-7.0;-3.0;-31.0;6.0;AMMONIUM_CHLORIDE
1003.0;1986.0;3790.0;7044.0;1196.0;1932.0;893.0;1799.0;3506.0;6644.0;1156.0;1909.0;-7.0;-7.0;-29.0;6.0;AMMONIUM_CHLORIDE
1002.0;1970.0;3760.0;6987.0;1189.0;1931.0;885.0;1781.0;3488.0;6615.0;1158.0;1904.0;-10.0;-3.0;-27.0;9.0;AMMONIUM_CHLORIDE
994.0;1956.0;3777.0;7013.0;1196.0;1931.0;890.0;1753.0;3504.0;6509.0;1156.0;1907.0;-7.0;-3.0;-23.0;9.0;AMMONIUM_CHLORIDE
1002.0;1969.0;3797.0;7029.0;1196.0;1930.0;884.0;1769.0;3469.0;6558.0;1146.0;1900.0;-12.0;-6.0;-23.0;12.0;AMMONIUM_CHLORIDE
995.0;1955.0;3763.0;6967.0;1191.0;1927.0;889.0;1776.0;3488.0;6578.0;1151.0;1900.0;-12.0;-6.0;-23.0;11.0;AMMONIUM_CHLORIDE
1002.0;1964.0;3772.0;6992.0;1192.0;1925.0;905.0;1819.0;3536.0;6624.0;1153.0;1903.0;-5.0;-4.0;-23.0;10.0;AMMONIUM_CHLORIDE
1010.0;1980.0;3757.0;7026.0;1188.0;1925.0;900.0;1811.0;3540.0;6623.0;1155.0;1904.0;-1.0;-4.0;-23.0;8.0;AMMONIUM_CHLORIDE
1001.0;1975.0;3774.0;7033.0;1198.0;1932.0;902.0;1797.0;3518.0;6618.0;1156.0;1901.0;-2.0;1.0;-23.0;10.0;AMMONIUM_CHLORIDE
1000.0;1969.0;3773.0;7018.0;1194.0;1935.0;900.0;1798.0;3518.0;6619.0;1161.0;1908.0;-2.0;1.0;-22.0;8.0;AMMONIUM_CHLORIDE
1008.0;1986.0;3793.0;7046.0;1201.0;1944.0;905.0;1805.0;3517.0;6632.0;1162.0;1904.0;-3.0;1.0;-22.0;7.0;AMMONIUM_CHLORIDE
1025.0;2005.0;3822.0;7088.0;1208.0;1946.0;913.0;1809.0;3532.0;6639.0;1158.0;1911.0;-3.0;1.0;-22.0;10.0;AMMONIUM_CHLORIDE
1004.0;1972.0;3777.0;7059.0;1199.0;1938.0;899.0;1803.0;3491.0;6619.0;1151.0;1906.0;-3.0;0.0;-22.0;12.0;AMMONIUM_CHLORIDE
1015.0;1982.0;3794.0;7096.0;1202.0;1937.0;912.0;1828.0;3578.0;6642.0;1168.0;1919.0;-3.0;-1.0;-22.0;10.0;AMMONIUM_CHLORIDE
1015.0;1987.0;3822.0;7053.0;1206.0;1949.0;894.0;1787.0;3533.0;6677.0;1160.0;1925.0;-5.0;-2.0;-22.0;10.0;AMMONIUM_CHLORIDE
1023.0;2011.0;3837.0;7066.0;1210.0;1959.0;898.0;1801.0;3540.0;6719.0;1166.0;1923.0;-5.0;-3.0;-20.0;5.0;AMMONIUM_CHLORIDE
1024.0;2015.0;3861.0;7139.0;1220.0;1962.0;912.0;1836.0;3565.0;6721.0;1171.0;1925.0;0.0;-3.0;-20.0;5.0;AMMONIUM_CHLORIDE
1020.0;2005.0;3845.0;7108.0;1210.0;1953.0;912.0;1810.0;3555.0;6695.0;1171.0;1925.0;-3.0;-3.0;-20.0;5.0;AMMONIUM_CHLORIDE
1016.0;1986.0;3785.0;7095.0;1205.0;1952.0;906.0;1818.0;3549.0;6685.0;1161.0;1920.0;-5.0;-5.0;-23.0;5.0;AMMONIUM_CHLORIDE
1013.0;1994.0;3804.0;7079.0;1201.0;1944.0;914.0;1830.0;3569.0;6704.0;1168.0;1920.0;-3.0;-3.0;-23.0;1.0;AMMONIUM_CHLORIDE
1009.0;1981.0;3807.0;7051.0;1205.0;1956.0;920.0;1842.0;3611.0;6774.0;1170.0;1926.0;-3.0;-1.0;-24.0;-2.0;AMMONIUM_CHLORIDE
1018.0;2013.0;3828.0;7139.0;1219.0;1961.0;916.0;1838.0;3547.0;6713.0;1172.0;1924.0;-3.0;0.0;-24.0;1.0;AMMONIUM_CHLORIDE
1013.0;2007.0;3835.0;7096.0;1205.0;1951.0;922.0;1849.0;3584.0;6760.0;1171.0;1926.0;-2.0;0.0;-24.0;1.0;AMMONIUM_CHLORIDE
1014.0;2003.0;3837.0;7129.0;1214.0;1966.0;932.0;1866.0;3636.0;6770.0;1182.0;1937.0;-2.0;0.0;-24.0;1.0;AMMONIUM_CHLORIDE
1013.0;1996.0;3854.0;7129.0;1206.0;1956.0;914.0;1818.0;3570.0;6727.0;1169.0;1927.0;-2.0;-2.0;-24.0;8.0;AMMONIUM_CHLORIDE
1010.0;1988.0;3788.0;7054.0;1209.0;1953.0;910.0;1833.0;3563.0;6678.0;1161.0;1925.0;-2.0;-2.0;-24.0;8.0;AMMONIUM_CHLORIDE
1024.0;2009.0;3827.0;7139.0;1215.0;1959.0;916.0;1836.0;3569.0;6739.0;1160.0;1933.0;-6.0;-2.0;-24.0;9.0;AMMONIUM_CHLORIDE
1026.0;2010.0;3845.0;7142.0;1211.0;1958.0;912.0;1819.0;3564.0;6687.0;1172.0;1930.0;-7.0;-2.0;-24.0;7.0;AMMONIUM_CHLORIDE
1025.0;2014.0;3835.0;7161.0;1213.0;1969.0;933.0;1847.0;3607.0;6738.0;1179.0;1942.0;-7.0;-2.0;-25.0;6.0;AMMONIUM_CHLORIDE
1041.0;2034.0;3870.0;7185.0;1224.0;1971.0;930.0;1856.0;3632.0;6638.0;1187.0;1938.0;-7.0;-1.0;-31.0;4.0;AMMONIUM_CHLORIDE
1036.0;2028.0;3877.0;7191.0;1228.0;1983.0;917.0;1833.0;3569.0;6721.0;1171.0;1933.0;-6.0;-1.0;-31.0;4.0;AMMONIUM_CHLORIDE
1033.0;2031.0;3884.0;7218.0;1223.0;1970.0;933.0;1870.0;3624.0;6837.0;1183.0;1936.0;-7.0;-2.0;-31.0;0.0;AMMONIUM_CHLORIDE
1029.0;2015.0;3843.0;7127.0;1215.0;1968.0;930.0;1859.0;3628.0;6804.0;1185.0;1946.0;-4.0;-2.0;-26.0;3.0;AMMONIUM_CHLORIDE
1040.0;2032.0;3873.0;7192.0;1228.0;1980.0;931.0;1860.0;3639.0;6836.0;1182.0;1943.0;-2.0;-2.0;-18.0;3.0;AMMONIUM_CHLORIDE
1027.0;2024.0;3845.0;7135.0;1215.0;1971.0;937.0;1870.0;3618.0;6801.0;1186.0;1944.0;0.0;-2.0;-18.0;4.0;AMMONIUM_CHLORIDE
1041.0;2031.0;3880.0;7223.0;1225.0;1976.0;935.0;1860.0;3594.0;6773.0;1178.0;1944.0;0.0;-2.0;-23.0;5.0;AMMONIUM_CHLORIDE
1034.0;2033.0;3863.0;7141.0;1219.0;1965.0;922.0;1838.0;3579.0;6721.0;1174.0;1937.0;0.0;-2.0;-23.0;4.0;AMMONIUM_CHLORIDE
1043.0;2038.0;3884.0;7187.0;1227.0;1975.0;923.0;1841.0;3574.0;6757.0;1179.0;1953.0;-2.0;-2.0;-24.0;3.0;AMMONIUM_CHLORIDE
1026.0;2021.0;3871.0;7176.0;1222.0;1966.0;919.0;1844.0;3608.0;6782.0;1183.0;1941.0;-8.0;-2.0;-24.0;2.0;AMMONIUM_CHLORIDE
1034.0;2034.0;3867.0;7147.0;1226.0;1974.0;922.0;1835.0;3585.0;6795.0;1178.0;1947.0;-10.0;-1.0;-26.0;3.0;AMMONIUM_CHLORIDE
1046.0;2036.0;3898.0;7238.0;1226.0;1972.0;941.0;1873.0;3630.0;6820.0;1183.0;1954.0;-10.0;1.0;-25.0;3.0;AMMONIUM_CHLORIDE
1046.0;2052.0;3920.0;7260.0;1232.0;1978.0;948.0;1888.0;3673.0;6875.0;1193.0;1956.0;-8.0;1.0;-25.0;5.0;AMMONIUM_CHLORIDE
1034.0;2032.0;3886.0;7224.0;1224.0;1987.0;928.0;1865.0;3625.0;6796.0;1185.0;1956.0;-10.0;2.0;-26.0;5.0;AMMONIUM_CHLORIDE
1045.0;2044.0;3862.0;7220.0;1229.0;1977.0;932.0;1845.0;3599.0;6786.0;1182.0;1953.0;-10.0;1.0;-26.0;8.0;AMMONIUM_CHLORIDE
1035.0;2031.0;3887.0;7210.0;1226.0;1980.0;951.0;1883.0;3647.0;6829.0;1194.0;1956.0;-7.0;-2.0;-25.0;6.0;AMMONIUM_CHLORIDE
1035.0;2030.0;3885.0;7227.0;1221.0;1978.0;928.0;1856.0;3604.0;6788.0;1182.0;1952.0;-2.0;-3.0;-20.0;4.0;AMMONIUM_CHLORIDE
1032.0;2018.0;3847.0;7160.0;1223.0;1982.0;930.0;1850.0;3603.0;6828.0;1189.0;1951.0;-2.0;-3.0;-20.0;3.0;AMMONIUM_CHLORIDE
1036.0;2031.0;3889.0;7211.0;1224.0;1988.0;952.0;1893.0;3632.0;6870.0;1197.0;1972.0;-2.0;-6.0;-20.0;4.0;AMMONIUM_CHLORIDE
1042.0;2036.0;3903.0;7263.0;1234.0;1992.0;948.0;1877.0;3645.0;6858.0;1198.0;1957.0;-3.0;-3.0;-20.0;3.0;AMMONIUM_CHLORIDE
1053.0;2071.0;3934.0;7288.0;1236.0;1995.0;957.0;1909.0;3711.0;6915.0;1197.0;1974.0;-7.0;-3.0;-24.0;0.0;AMMONIUM_CHLORIDE
1060.0;2081.0;3932.0;7302.0;1239.0;1995.0;943.0;1872.0;3641.0;6864.0;1194.0;1969.0;-7.0;-3.0;-25.0;0.0;AMMONIUM_CHLORIDE
1053.0;2054.0;3930.0;7277.0;1235.0;2002.0;928.0;1864.0;3600.0;6863.0;1190.0;1967.0;-3.0;-5.0;-24.0;1.0;AMMONIUM_CHLORIDE
1052.0;2060.0;3935.0;7318.0;1241.0;1994.0;942.0;1870.0;3643.0;6835.0;1196.0;1966.0;-3.0;-3.0;-19.0;2.0;AMMONIUM_CHLORIDE
1064.0;2065.0;3935.0;7287.0;1233.0;1996.0;949.0;1886.0;3651.0;6881.0;1194.0;1965.0;-7.0;-2.0;-24.0;1.0;AMMONIUM_CHLORIDE
1047.0;2051.0;3924.0;7274.0;1240.0;2008.0;941.0;1876.0;3658.0;6864.0;1197.0;1964.0;-6.0;-2.0;-26.0;1.0;AMMONIUM_CHLORIDE
1059.0;2079.0;3957.0;7339.0;1245.0;2006.0;943.0;1892.0;3656.0;6887.0;1198.0;1975.0;-8.0;-2.0;-26.0;-2.0;AMMONIUM_CHLORIDE
1051.0;2066.0;3936.0;7246.0;1244.0;2003.0;960.0;1910.0;3693.0;6900.0;1207.0;1970.0;-10.0;-2.0;-28.0;-2.0;AMMONIUM_CHLORIDE
1055.0;2067.0;3914.0;7271.0;1234.0;1996.0;968.0;1916.0;3706.0;6937.0;1203.0;1974.0;-8.0;-2.0;-30.0;-2.0;AMMONIUM_CHLORIDE
1057.0;2068.0;3938.0;7309.0;1235.0;1995.0;952.0;1898.0;3704.0;6880.0;1199.0;1979.0;-7.0;-2.0;-30.0;-2.0;AMMONIUM_CHLORIDE
1044.0;2059.0;3922.0;7215.0;1228.0;2008.0;959.0;1905.0;3715.0;6967.0;1204.0;1961.0;-7.0;-2.0;-28.0;5.0;AMMONIUM_CHLORIDE
1063.0;2077.0;3948.0;7344.0;1248.0;2013.0;954.0;1885.0;3673.0;6884.0;1201.0;1982.0;-3.0;-2.0;-23.0;6.0;AMMONIUM_CHLORIDE
1061.0;2086.0;3979.0;7349.0;1252.0;2019.0;964.0;1913.0;3717.0;6995.0;1211.0;2002.0;-3.0;-2.0;-23.0;6.0;AMMONIUM_CHLORIDE
1066.0;2089.0;4007.0;7382.0;1256.0;2030.0;962.0;1913.0;3697.0;6951.0;1203.0;1989.0;-3.0;-2.0;-21.0;9.0;AMMONIUM_CHLORIDE
1069.0;2083.0;3988.0;7372.0;1249.0;2018.0;973.0;1932.0;3728.0;6979.0;1215.0;1993.0;-7.0;-6.0;-23.0;3.0;AMMONIUM_CHLORIDE
1071.0;2097.0;3988.0;7386.0;1255.0;2020.0;967.0;1917.0;3703.0;6990.0;1220.0;1999.0;-11.0;-2.0;-25.0;3.0;AMMONIUM_CHLORIDE
1060.0;2076.0;3981.0;7387.0;1256.0;2020.0;974.0;1939.0;3763.0;6979.0;1212.0;1999.0;-11.0;-7.0;-25.0;4.0;AMMONIUM_CHLORIDE
1082.0;2103.0;4011.0;7430.0;1261.0;2025.0;971.0;1933.0;3751.0;7011.0;1216.0;2001.0;-7.0;-3.0;-25.0;3.0;AMMONIUM_CHLORIDE
1075.0;2109.0;4023.0;7375.0;1253.0;2025.0;979.0;1951.0;3749.0;7036.0;1219.0;1998.0;-9.0;-7.0;-25.0;1.0;AMMONIUM_CHLORIDE
1078.0;2100.0;3988.0;7334.0;1247.0;2021.0;961.0;1919.0;3721.0;6997.0;1213.0;1996.0;-4.0;-3.0;-25.0;1.0;AMMONIUM_CHLORIDE
1082.0;2106.0;3982.0;7391.0;1252.0;2026.0;973.0;1922.0;3712.0;6947.0;1212.0;2000.0;-4.0;-3.0;-24.0;1.0;AMMONIUM_CHLORIDE
1069.0;2099.0;3993.0;7396.0;1260.0;2024.0;963.0;1934.0;3735.0;6975.0;1219.0;1994.0;-7.0;0.0;-25.0;1.0;AMMONIUM_CHLORIDE
1075.0;2090.0;3981.0;7396.0;1254.0;2030.0;976.0;1933.0;3777.0;7005.0;1219.0;2004.0;-9.0;0.0;-25.0;2.0;AMMONIUM_CHLORIDE
1078.0;2107.0;3989.0;7406.0;1258.0;2028.0;971.0;1921.0;3725.0;6976.0;1207.0;1986.0;-7.0;0.0;-21.0;2.0;AMMONIUM_CHLORIDE
1083.0;2109.0;3988.0;7412.0;1260.0;2022.0;959.0;1910.0;3733.0;7002.0;1221.0;2005.0;-7.0;-2.0;-21.0;2.0;AMMONIUM_CHLORIDE
1069.0;2104.0;3979.0;7422.0;1261.0;2035.0;985.0;1962.0;3776.0;7071.0;1225.0;1994.0;-11.0;-2.0;-21.0;2.0;AMMONIUM_CHLORIDE
1072.0;2095.0;4008.0;7393.0;1256.0;2031.0;976.0;1932.0;3751.0;6998.0;1224.0;2003.0;-11.0;-2.0;-21.0;2.0;AMMONIUM_CHLORIDE
1088.0;2120.0;4037.0;7452.0;1263.0;2035.0;956.0;1911.0;3704.0;6982.0;1215.0;2008.0;-11.0;-4.0;-21.0;2.0;AMMONIUM_CHLORIDE
1080.0;2116.0;4012.0;7440.0;1260.0;2033.0;985.0;1950.0;3743.0;7072.0;1224.0;2012.0;-11.0;-1.0;-20.0;3.0;AMMONIUM_CHLORIDE
1078.0;2101.0;3997.0;7422.0;1264.0;2031.0;984.0;1951.0;3756.0;7054.0;1220.0;2007.0;-11.0;-1.0;-23.0;1.0;AMMONIUM_CHLORIDE
1084.0;2110.0;4009.0;7454.0;1264.0;2030.0;974.0;1940.0;3774.0;7050.0;1221.0;2005.0;-8.0;-1.0;-24.0;2.0;AMMONIUM_CHLORIDE
1086.0;2112.0;4022.0;7498.0;1267.0;2029.0;977.0;1944.0;3745.0;7066.0;1228.0;2009.0;-8.0;2.0;-24.0;3.0;AMMONIUM_CHLORIDE
1093.0;2129.0;4053.0;7470.0;1269.0;2025.0;963.0;1909.0;3733.0;7039.0;1218.0;2001.0;-6.0;2.0;-24.0;5.0;AMMONIUM_CHLORIDE
1094.0;2127.0;4025.0;7445.0;1266.0;2037.0;991.0;1966.0;3794.0;7075.0;1227.0;1974.0;-7.0;2.0;-25.0;3.0;AMMONIUM_CHLORIDE
1095.0;2127.0;4068.0;7506.0;1271.0;2045.0;991.0;1972.0;3832.0;7117.0;1231.0;2021.0;-7.0;2.0;-25.0;9.0;AMMONIUM_CHLORIDE
1084.0;2128.0;4057.0;7480.0;1267.0;2045.0;967.0;1934.0;3739.0;7012.0;1229.0;2013.0;-6.0;3.0;-25.0;6.0;AMMONIUM_CHLORIDE
1098.0;2135.0;4053.0;7473.0;1262.0;2040.0;981.0;1954.0;3784.0;7084.0;1228.0;2018.0;-6.0;-2.0;-25.0;6.0;AMMONIUM_CHLORIDE
1078.0;2122.0;4025.0;7488.0;1269.0;2042.0;980.0;1947.0;3780.0;7071.0;1234.0;2016.0;-7.0;-3.0;-25.0;4.0;AMMONIUM_CHLORIDE
1085.0;2135.0;4056.0;7502.0;1273.0;2000.0;971.0;1926.0;3736.0;6971.0;1209.0;1980.0;-5.0;-3.0;-23.0;4.0;AMMONIUM_CHLORIDE
1071.0;2089.0;3948.0;7401.0;1256.0;2033.0;970.0;1930.0;3767.0;7015.0;1215.0;1999.0;-9.0;-3.0;-23.0;4.0;AMMONIUM_CHLORIDE
1077.0;2097.0;4016.0;7444.0;1258.0;2039.0;972.0;1941.0;3764.0;7007.0;1222.0;2005.0;-9.0;-3.0;-23.0;4.0;AMMONIUM_CHLORIDE
1086.0;2117.0;4023.0;7468.0;1267.0;2042.0;981.0;1950.0;3787.0;7015.0;1226.0;2016.0;-1.0;-3.0;-22.0;5.0;AMMONIUM_CHLORIDE
1079.0;2117.0;4044.0;7497.0;1268.0;2037.0;982.0;1949.0;3792.0;7075.0;1230.0;2017.0;3.0;-3.0;-20.0;2.0;AMMONIUM_CHLORIDE
1098.0;2137.0;4060.0;7509.0;1278.0;2055.0;990.0;1971.0;3810.0;7109.0;1227.0;2019.0;-1.0;-4.0;-20.0;1.0;AMMONIUM_CHLORIDE
1099.0;2153.0;4063.0;7519.0;1275.0;2059.0;994.0;1977.0;3818.0;7161.0;1241.0;2030.0;-1.0;-4.0;-20.0;2.0;AMMONIUM_CHLORIDE
1104.0;2141.0;4072.0;7546.0;1278.0;2055.0;982.0;1959.0;3797.0;7160.0;1239.0;2033.0;-2.0;-4.0;-20.0;2.0;AMMONIUM_CHLORIDE
1098.0;2146.0;4086.0;7542.0;1278.0;2044.0;985.0;1961.0;3810.0;7155.0;1233.0;2029.0;-2.0;-4.0;-17.0;2.0;AMMONIUM_CHLORIDE
1092.0;2136.0;4073.0;7504.0;1277.0;2054.0;998.0;1983.0;3846.0;7173.0;1244.0;2024.0;-3.0;-4.0;-22.0;5.0;AMMONIUM_CHLORIDE
1113.0;2164.0;4115.0;7591.0;1279.0;2058.0;1004.0;1984.0;3833.0;7096.0;1237.0;2039.0;-2.0;-3.0;-25.0;7.0;AMMONIUM_CHLORIDE
1113.0;2170.0;4101.0;7584.0;1288.0;2063.0;975.0;1953.0;3797.0;7119.0;1241.0;2040.0;-4.0;6.0;-25.0;5.0;AMMONIUM_CHLORIDE
1110.0;2170.0;4088.0;7541.0;1283.0;2062.0;1010.0;2012.0;3890.0;7207.0;1247.0;2032.0;-4.0;6.0;-27.0;4.0;AMMONIUM_CHLORIDE
1114.0;2170.0;4099.0;7591.0;1278.0;2064.0;1005.0;1983.0;3854.0;7170.0;1240.0;2031.0;-6.0;0.0;-28.0;4.0;AMMONIUM_CHLORIDE
1110.0;2161.0;4117.0;7582.0;1290.0;2068.0;1001.0;1992.0;3856.0;7190.0;1250.0;2042.0;-6.0;-3.0;-30.0;2.0;AMMONIUM_CHLORIDE
1113.0;2165.0;4125.0;7635.0;1288.0;2067.0;1000.0;1985.0;3840.0;7190.0;1250.0;2047.0;-6.0;-3.0;-28.0;4.0;AMMONIUM_CHLORIDE
1117.0;2185.0;4146.0;7678.0;1300.0;2089.0;1016.0;2010.0;3872.0;7284.0;1252.0;2061.0;-4.0;-3.0;-28.0;2.0;AMMONIUM_CHLORIDE
1110.0;2165.0;4112.0;7651.0;1289.0;2086.0;1015.0;2011.0;3871.0;7133.0;1256.0;2021.0;-4.0;-3.0;-27.0;2.0;AMMONIUM_CHLORIDE
1105.0;2173.0;4115.0;7617.0;1291.0;2077.0;1015.0;2011.0;3886.0;7256.0;1259.0;2050.0;-4.0;-3.0;-24.0;4.0;AMMONIUM_CHLORIDE
1108.0;2160.0;4110.0;7605.0;1287.0;2066.0;1007.0;1985.0;3845.0;7186.0;1241.0;2042.0;-5.0;-3.0;-24.0;4.0;AMMONIUM_CHLORIDE
1100.0;2160.0;4097.0;7576.0;1287.0;2070.0;995.0;1979.0;3825.0;7186.0;1244.0;2035.0;-8.0;-3.0;-24.0;7.0;AMMONIUM_CHLORIDE
1122.0;2179.0;4116.0;7587.0;1289.0;2061.0;1014.0;1999.0;3845.0;7168.0;1241.0;2037.0;-8.0;-3.0;-24.0;7.0;AMMONIUM_CHLORIDE
1109.0;2172.0;4132.0;7605.0;1286.0;2074.0;1004.0;2000.0;3876.0;7266.0;1254.0;2044.0;-5.0;-3.0;-24.0;4.0;AMMONIUM_CHLORIDE
1117.0;2178.0;4138.0;7656.0;1293.0;2081.0;1008.0;1998.0;3847.0;7212.0;1251.0;2047.0;-6.0;-3.0;-24.0;0.0;AMMONIUM_CHLORIDE
1115.0;2169.0;4128.0;7603.0;1285.0;2074.0;1002.0;1987.0;3828.0;7194.0;1246.0;2037.0;-5.0;-1.0;-30.0;0.0;AMMONIUM_CHLORIDE
1111.0;2168.0;4097.0;7577.0;1289.0;2064.0;1019.0;2024.0;3897.0;7240.0;1247.0;2029.0;-5.0;-1.0;-23.0;0.0;AMMONIUM_CHLORIDE
1119.0;2180.0;4128.0;7608.0;1288.0;2066.0;1012.0;1997.0;3850.0;7180.0;1245.0;2034.0;-5.0;-8.0;-28.0;0.0;AMMONIUM_CHLORIDE
1116.0;2170.0;4131.0;7619.0;1286.0;2078.0;1019.0;2017.0;3899.0;7289.0;1258.0;2051.0;-6.0;-1.0;-28.0;4.0;AMMONIUM_CHLORIDE
1120.0;2178.0;4133.0;7640.0;1295.0;2080.0;1017.0;2001.0;3897.0;7296.0;1251.0;2057.0;-5.0;-5.0;-28.0;5.0;AMMONIUM_CHLORIDE
1124.0;2189.0;4138.0;7629.0;1296.0;2080.0;1007.0;1987.0;3863.0;7185.0;1254.0;2048.0;-1.0;-5.0;-23.0;4.0;AMMONIUM_CHLORIDE
1123.0;2201.0;4156.0;7653.0;1294.0;2083.0;1023.0;2017.0;3914.0;7286.0;1262.0;2057.0;-1.0;-5.0;-23.0;4.0;AMMONIUM_CHLORIDE
1130.0;2186.0;4163.0;7670.0;1297.0;2093.0;1037.0;2041.0;3912.0;7314.0;1258.0;2057.0;-1.0;0.0;-23.0;3.0;AMMONIUM_CHLORIDE
1127.0;2199.0;4161.0;7711.0;1298.0;2093.0;1024.0;2030.0;3932.0;7307.0;1258.0;2062.0;0.0;-2.0;-22.0;4.0;AMMONIUM_CHLORIDE
1132.0;2207.0;4201.0;7738.0;1304.0;2095.0;1031.0;2046.0;3913.0;7354.0;1271.0;2068.0;-1.0;-1.0;-23.0;3.0;AMMONIUM_CHLORIDE
1137.0;2211.0;4178.0;7729.0;1302.0;2087.0;1021.0;2017.0;3902.0;7287.0;1263.0;2063.0;-5.0;-2.0;-22.0;3.0;AMMONIUM_CHLORIDE
1133.0;2209.0;4184.0;7654.0;1294.0;2092.0;1011.0;1998.0;3846.0;7223.0;1252.0;2051.0;-5.0;-2.0;-27.0;3.0;AMMONIUM_CHLORIDE
1133.0;2198.0;4158.0;7641.0;1297.0;2086.0;1032.0;2028.0;3872.0;7252.0;1258.0;2055.0;0.0;-2.0;-24.0;2.0;AMMONIUM_CHLORIDE
1126.0;2195.0;4161.0;7644.0;1297.0;2084.0;1034.0;2039.0;3911.0;7288.0;1259.0;2065.0;-5.0;-1.0;-24.0;2.0;AMMONIUM_CHLORIDE
1134.0;2216.0;4186.0;7679.0;1306.0;2096.0;1025.0;2025.0;3919.0;7310.0;1259.0;2070.0;-5.0;0.0;-21.0;4.0;AMMONIUM_CHLORIDE
1136.0;2216.0;4175.0;7745.0;1306.0;2088.0;1030.0;2029.0;3909.0;7277.0;1261.0;2066.0;-6.0;0.0;-24.0;5.0;AMMONIUM_CHLORIDE
1129.0;2192.0;4168.0;7682.0;1297.0;2093.0;1025.0;2026.0;3886.0;7281.0;1259.0;2062.0;-6.0;0.0;-22.0;4.0;AMMONIUM_CHLORIDE
1124.0;2187.0;4146.0;7651.0;1299.0;2087.0;1023.0;2019.0;3923.0;7268.0;1270.0;2066.0;-6.0;0.0;-22.0;4.0;AMMONIUM_CHLORIDE
1146.0;2216.0;4197.0;7684.0;1300.0;2086.0;1018.0;2016.0;3874.0;7260.0;1254.0;2061.0;-6.0;0.0;-25.0;2.0;AMMONIUM_CHLORIDE
1139.0;2212.0;4168.0;7662.0;1298.0;2085.0;1019.0;2033.0;3926.0;7275.0;1262.0;2064.0;-6.0;0.0;-25.0;3.0;AMMONIUM_CHLORIDE
1145.0;2215.0;4176.0;7709.0;1301.0;2085.0;1022.0;2014.0;3896.0;7252.0;1261.0;2068.0;-6.0;0.0;-22.0;3.0;AMMONIUM_CHLORIDE
1132.0;2210.0;4184.0;7724.0;1305.0;2093.0;1024.0;2024.0;3899.0;7286.0;1264.0;2064.0;-4.0;-3.0;-20.0;3.0;AMMONIUM_CHLORIDE
1126.0;2176.0;4159.0;7678.0;1304.0;2089.0;1028.0;2026.0;3875.0;7248.0;1261.0;2068.0;-3.0;-1.0;-20.0;3.0;AMMONIUM_CHLORIDE
1133.0;2199.0;4160.0;7668.0;1299.0;2094.0;1026.0;2027.0;3920.0;7295.0;1264.0;2061.0;-3.0;-3.0;-20.0;7.0;AMMONIUM_CHLORIDE
1131.0;2189.0;4155.0;7666.0;1300.0;2092.0;1032.0;2034.0;3913.0;7278.0;1248.0;2068.0;-3.0;-4.0;-16.0;8.0;AMMONIUM_CHLORIDE
1139.0;2202.0;4183.0;7682.0;1295.0;2082.0;1034.0;2018.0;3907.0;7242.0;1256.0;2062.0;-3.0;-4.0;-16.0;9.0;AMMONIUM_CHLORIDE
1133.0;2197.0;4187.0;7677.0;1299.0;2098.0;1033.0;2041.0;3902.0;7294.0;1272.0;2066.0;-3.0;-4.0;-16.0;9.0;AMMONIUM_CHLORIDE
1147.0;2227.0;4223.0;7788.0;1309.0;2103.0;1035.0;2043.0;3932.0;7333.0;1267.0;2073.0;-4.0;-4.0;-16.0;2.0;AMMONIUM_CHLORIDE
1156.0;2251.0;4219.0;7778.0;1308.0;2101.0;1046.0;2065.0;3979.0;7328.0;1265.0;2072.0;1.0;-4.0;-16.0;2.0;AMMONIUM_CHLORIDE
1148.0;2228.0;4219.0;7768.0;1316.0;2107.0;1029.0;2031.0;3912.0;7323.0;1260.0;2070.0;1.0;-4.0;-16.0;3.0;AMMONIUM_CHLORIDE
1132.0;2208.0;4178.0;7726.0;1306.0;2102.0;1033.0;2036.0;3924.0;7345.0;1269.0;2076.0;-5.0;-1.0;-20.0;2.0;AMMONIUM_CHLORIDE
1138.0;2221.0;4208.0;7728.0;1309.0;2093.0;1040.0;2059.0;3961.0;7344.0;1264.0;2074.0;-5.0;-4.0;-20.0;5.0;AMMONIUM_CHLORIDE
1132.0;2210.0;4185.0;7695.0;1310.0;2104.0;1044.0;2065.0;3970.0;7379.0;1270.0;2079.0;-5.0;-4.0;-20.0;5.0;AMMONIUM_CHLORIDE
1142.0;2223.0;4218.0;7780.0;1314.0;2109.0;1036.0;2041.0;3933.0;7372.0;1273.0;2087.0;-7.0;-1.0;-20.0;6.0;AMMONIUM_CHLORIDE
1143.0;2230.0;4210.0;7765.0;1311.0;2104.0;1028.0;2027.0;3907.0;7287.0;1263.0;2072.0;-7.0;-4.0;-20.0;2.0;AMMONIUM_CHLORIDE
1145.0;2225.0;4193.0;7721.0;1305.0;2109.0;1046.0;2074.0;3963.0;7288.0;1269.0;2083.0;-7.0;-4.0;-22.0;3.0;AMMONIUM_CHLORIDE
1150.0;2226.0;4216.0;7779.0;1313.0;2106.0;1052.0;2062.0;3967.0;7405.0;1274.0;2078.0;-12.0;-3.0;-25.0;2.0;AMMONIUM_CHLORIDE
1154.0;2226.0;4223.0;7734.0;1307.0;2102.0;1043.0;2064.0;3990.0;7405.0;1277.0;2094.0;-7.0;-2.0;-25.0;3.0;AMMONIUM_CHLORIDE
1148.0;2233.0;4216.0;7819.0;1311.0;2112.0;1029.0;2044.0;3950.0;7341.0;1272.0;2080.0;-6.0;-2.0;-28.0;2.0;AMMONIUM_CHLORIDE
1145.0;2233.0;4211.0;7778.0;1312.0;2105.0;1042.0;2063.0;3973.0;7409.0;1275.0;2081.0;-6.0;-2.0;-28.0;2.0;AMMONIUM_CHLORIDE
1146.0;2219.0;4207.0;7785.0;1315.0;2108.0;1054.0;2064.0;3981.0;7395.0;1278.0;2084.0;-12.0;-2.0;-26.0;2.0;AMMONIUM_CHLORIDE
1147.0;2228.0;4208.0;7766.0;1311.0;2109.0;1042.0;2057.0;3990.0;7385.0;1276.0;2087.0;-8.0;-2.0;-26.0;0.0;AMMONIUM_CHLORIDE
1155.0;2239.0;4242.0;7831.0;1315.0;2117.0;1044.0;2069.0;3969.0;7401.0;1276.0;2092.0;-8.0;-2.0;-26.0;0.0;AMMONIUM_CHLORIDE
1148.0;2237.0;4229.0;7777.0;1312.0;2121.0;1057.0;2081.0;3984.0;7421.0;1274.0;2093.0;-8.0;-6.0;-25.0;0.0;AMMONIUM_CHLORIDE
1155.0;2243.0;4235.0;7815.0;1320.0;2120.0;1041.0;2012.0;3974.0;7395.0;1275.0;2092.0;-8.0;-6.0;-25.0;-1.0;AMMONIUM_CHLORIDE
1156.0;2252.0;4267.0;7834.0;1324.0;2121.0;1041.0;2060.0;3949.0;7380.0;1277.0;2091.0;-8.0;-6.0;-19.0;-2.0;AMMONIUM_CHLORIDE
1149.0;2245.0;4226.0;7806.0;1322.0;2125.0;1049.0;2074.0;3963.0;7415.0;1273.0;2092.0;-5.0;-3.0;-19.0;-2.0;AMMONIUM_CHLORIDE
1149.0;2238.0;4254.0;7827.0;1322.0;2133.0;1068.0;2096.0;4002.0;7449.0;1283.0;2091.0;-8.0;-3.0;-25.0;-2.0;AMMONIUM_CHLORIDE
1159.0;2242.0;4218.0;7816.0;1321.0;2128.0;1066.0;2093.0;4011.0;7439.0;1285.0;2104.0;-8.0;-1.0;-25.0;-2.0;AMMONIUM_CHLORIDE
1153.0;2245.0;4242.0;7868.0;1325.0;2127.0;1074.0;2115.0;4041.0;7486.0;1282.0;2096.0;-8.0;-3.0;-24.0;5.0;AMMONIUM_CHLORIDE
1153.0;2233.0;4226.0;7839.0;1318.0;2114.0;1049.0;2081.0;3969.0;7422.0;1279.0;2101.0;-4.0;-3.0;-24.0;6.0;AMMONIUM_CHLORIDE
1166.0;2242.0;4263.0;7828.0;1319.0;2121.0;1045.0;2060.0;3973.0;7380.0;1283.0;2097.0;-4.0;-4.0;-24.0;5.0;AMMONIUM_CHLORIDE
1152.0;2241.0;4251.0;7792.0;1328.0;2129.0;1052.0;2072.0;3977.0;7423.0;1276.0;2113.0;-4.0;-3.0;-24.0;10.0;AMMONIUM_CHLORIDE
1152.0;2244.0;4254.0;7808.0;1327.0;2133.0;1057.0;2075.0;4014.0;7490.0;1286.0;2108.0;-9.0;-3.0;-25.0;5.0;AMMONIUM_CHLORIDE
1170.0;2279.0;4297.0;7933.0;1331.0;2107.0;1059.0;2077.0;3998.0;7380.0;1294.0;2110.0;-7.0;-4.0;-26.0;5.0;AMMONIUM_CHLORIDE
1177.0;2244.0;4293.0;7917.0;1335.0;2136.0;1053.0;2073.0;3988.0;7450.0;1282.0;2106.0;-9.0;-2.0;-30.0;8.0;AMMONIUM_CHLORIDE
1166.0;2270.0;4237.0;7893.0;1335.0;2133.0;1057.0;2083.0;3993.0;7492.0;1290.0;2110.0;-10.0;-2.0;-30.0;6.0;AMMONIUM_CHLORIDE
1166.0;2260.0;4269.0;7884.0;1330.0;2138.0;1055.0;2081.0;4020.0;7474.0;1282.0;2106.0;-10.0;-5.0;-28.0;5.0;AMMONIUM_CHLORIDE
1165.0;2255.0;4258.0;7862.0;1324.0;2130.0;1048.0;2065.0;3986.0;7428.0;1289.0;2102.0;-7.0;-6.0;-26.0;5.0;AMMONIUM_CHLORIDE
1171.0;2257.0;4272.0;7865.0;1330.0;2144.0;1052.0;2073.0;4000.0;7452.0;1290.0;2114.0;0.0;-6.0;-21.0;1.0;AMMONIUM_CHLORIDE
1159.0;2263.0;4270.0;7885.0;1334.0;2140.0;1065.0;2099.0;4052.0;7511.0;1294.0;2111.0;0.0;-6.0;-21.0;1.0;AMMONIUM_CHLORIDE
1176.0;2284.0;4316.0;7939.0;1332.0;2147.0;1084.0;2116.0;4059.0;7473.0;1301.0;2113.0;0.0;-4.0;-21.0;0.0;AMMONIUM_CHLORIDE
1181.0;2288.0;4315.0;7905.0;1341.0;2149.0;1063.0;2090.0;4020.0;7489.0;1298.0;2114.0;-8.0;-4.0;-21.0;1.0;AMMONIUM_CHLORIDE
1173.0;2281.0;4302.0;7942.0;1337.0;2145.0;1068.0;2085.0;4062.0;7509.0;1300.0;2123.0;-8.0;-4.0;-20.0;1.0;AMMONIUM_CHLORIDE
1176.0;2286.0;4315.0;7920.0;1329.0;2151.0;1075.0;2105.0;4026.0;7539.0;1301.0;2101.0;-8.0;-4.0;-27.0;2.0;AMMONIUM_CHLORIDE
1172.0;2262.0;4286.0;7888.0;1336.0;2149.0;1078.0;2110.0;4068.0;7539.0;1294.0;2126.0;-8.0;-4.0;-21.0;2.0;AMMONIUM_CHLORIDE
1165.0;2253.0;4288.0;7928.0;1339.0;2147.0;1049.0;2084.0;4018.0;7489.0;1297.0;2114.0;-6.0;-2.0;-21.0;7.0;AMMONIUM_CHLORIDE
1176.0;2287.0;4306.0;7948.0;1333.0;2144.0;1071.0;2100.0;4032.0;7550.0;1293.0;2127.0;-4.0;-1.0;-21.0;5.0;AMMONIUM_CHLORIDE
1176.0;2275.0;4281.0;7907.0;1329.0;2140.0;1060.0;2101.0;4031.0;7492.0;1296.0;2101.0;-6.0;-1.0;-23.0;4.0;AMMONIUM_CHLORIDE
1173.0;2277.0;4319.0;7933.0;1335.0;2141.0;1069.0;2098.0;4026.0;7459.0;1291.0;2108.0;-4.0;-1.0;-21.0;5.0;AMMONIUM_CHLORIDE
1174.0;2267.0;4270.0;7907.0;1333.0;2130.0;1067.0;2085.0;4019.0;7481.0;1286.0;2118.0;-4.0;0.0;-23.0;4.0;AMMONIUM_CHLORIDE
1177.0;2262.0;4309.0;7932.0;1335.0;2144.0;1076.0;2110.0;4053.0;7540.0;1294.0;2121.0;-4.0;0.0;-19.0;3.0;AMMONIUM_CHLORIDE
1183.0;2291.0;4336.0;7922.0;1341.0;2149.0;1076.0;2110.0;4059.0;7560.0;1298.0;2121.0;-4.0;-2.0;-22.0;5.0;AMMONIUM_CHLORIDE
1181.0;2283.0;4312.0;7922.0;1340.0;2161.0;1085.0;2118.0;4061.0;7554.0;1303.0;2132.0;-4.0;-2.0;-22.0;2.0;AMMONIUM_CHLORIDE
1184.0;2298.0;4342.0;7969.0;1341.0;2154.0;1081.0;2136.0;4093.0;7599.0;1304.0;2121.0;-13.0;-8.0;-28.0;0.0;AMMONIUM_CHLORIDE
1184.0;2296.0;4357.0;7977.0;1354.0;2160.0;1077.0;2117.0;4072.0;7554.0;1305.0;2133.0;-7.0;-8.0;-28.0;0.0;AMMONIUM_CHLORIDE
1190.0;2304.0;4342.0;7985.0;1343.0;2142.0;1083.0;2129.0;4071.0;7597.0;1304.0;2136.0;-7.0;-4.0;-28.0;0.0;AMMONIUM_CHLORIDE
1196.0;2310.0;4385.0;8051.0;1354.0;2171.0;1099.0;2152.0;4130.0;7607.0;1308.0;2135.0;-9.0;-5.0;-28.0;0.0;AMMONIUM_CHLORIDE
1184.0;2294.0;4347.0;8016.0;1347.0;2156.0;1086.0;2122.0;4055.0;7571.0;1309.0;2143.0;-7.0;-4.0;-26.0;2.0;AMMONIUM_CHLORIDE
1174.0;2277.0;4314.0;7967.0;1342.0;2161.0;1103.0;2145.0;4112.0;7629.0;1309.0;2132.0;-7.0;-4.0;-26.0;2.0;AMMONIUM_CHLORIDE
1184.0;2301.0;4339.0;8004.0;1347.0;2166.0;1076.0;2120.0;4087.0;7576.0;1311.0;2122.0;-4.0;-5.0;-25.0;2.0;AMMONIUM_CHLORIDE
1182.0;2276.0;4316.0;7929.0;1342.0;2154.0;1076.0;2112.0;4041.0;7572.0;1297.0;2129.0;-7.0;-5.0;-25.0;2.0;AMMONIUM_CHLORIDE
1182.0;2288.0;4315.0;7991.0;1342.0;2156.0;1094.0;2119.0;4073.0;7583.0;1303.0;2119.0;-4.0;-3.0;-23.0;3.0;AMMONIUM_CHLORIDE
1182.0;2288.0;4316.0;7918.0;1337.0;2156.0;1088.0;2132.0;4059.0;7504.0;1308.0;2128.0;-5.0;-7.0;-23.0;3.0;AMMONIUM_CHLORIDE
1179.0;2281.0;4320.0;7924.0;1340.0;2151.0;1074.0;2115.0;4067.0;7572.0;1307.0;2136.0;-5.0;-7.0;-23.0;3.0;AMMONIUM_CHLORIDE
1193.0;2304.0;4354.0;7986.0;1349.0;2156.0;1090.0;2140.0;4129.0;7613.0;1311.0;2136.0;-5.0;-8.0;-23.0;4.0;AMMONIUM_CHLORIDE
1189.0;2319.0;4377.0;7989.0;1352.0;2175.0;1082.0;2109.0;4110.0;7640.0;1312.0;2142.0;-5.0;-8.0;-27.0;1.0;AMMONIUM_CHLORIDE
1192.0;2312.0;4372.0;8001.0;1354.0;2168.0;1081.0;2125.0;4082.0;7555.0;1304.0;2137.0;-5.0;-8.0;-27.0;1.0;AMMONIUM_CHLORIDE
1187.0;2309.0;4368.0;8001.0;1344.0;2166.0;1085.0;2124.0;4084.0;7592.0;1311.0;2135.0;-5.0;-1.0;-27.0;1.0;AMMONIUM_CHLORIDE
1197.0;2302.0;4344.0;8033.0;1355.0;2165.0;1090.0;2129.0;4089.0;7654.0;1319.0;2146.0;-1.0;-1.0;-20.0;6.0;AMMONIUM_CHLORIDE
1191.0;2302.0;4352.0;8016.0;1355.0;2173.0;1092.0;2159.0;4099.0;7660.0;1301.0;2140.0;-1.0;-1.0;-20.0;9.0;AMMONIUM_CHLORIDE
1216.0;2344.0;4425.0;8107.0;1357.0;2174.0;1099.0;2163.0;4130.0;7662.0;1317.0;2149.0;-1.0;-1.0;-20.0;6.0;AMMONIUM_CHLORIDE
1208.0;2325.0;4393.0;8038.0;1360.0;2179.0;1090.0;2138.0;4104.0;7659.0;1323.0;2158.0;-5.0;-1.0;-23.0;1.0;AMMONIUM_CHLORIDE
1177.0;2300.0;4352.0;7992.0;1356.0;2169.0;1095.0;2153.0;4109.0;7658.0;1318.0;2153.0;-5.0;-3.0;-25.0;0.0;AMMONIUM_CHLORIDE
1204.0;2340.0;4383.0;8038.0;1363.0;2185.0;1097.0;2156.0;4149.0;7720.0;1320.0;2150.0;-10.0;-1.0;-30.0;0.0;AMMONIUM_CHLORIDE
1205.0;2314.0;4396.0;8061.0;1354.0;2167.0;1085.0;2136.0;4093.0;7628.0;1302.0;2140.0;-10.0;-2.0;-31.0;0.0;AMMONIUM_CHLORIDE
1204.0;2340.0;4383.0;8038.0;1363.0;2185.0;1097.0;2156.0;4149.0;7720.0;1320.0;2150.0;-9.0;-1.0;-30.0;1.0;AMMONIUM_CHLORIDE
1196.0;2322.0;4380.0;8028.0;1357.0;2168.0;1096.0;2157.0;4148.0;7641.0;1312.0;2144.0;-9.0;-1.0;-30.0;2.0;AMMONIUM_CHLORIDE
1202.0;2337.0;4391.0;8080.0;1356.0;2169.0;1090.0;2137.0;4124.0;7595.0;1316.0;2146.0;-3.0;4.0;-23.0;2.0;AMMONIUM_CHLORIDE
