OFFCHIP_SENSIMOX_SnAu_150_200.0_IN-PHASE;OFFCHIP_SENSIMOX_SnAu_200_200.0_IN-PHASE;OFFCHIP_SENSIMOX_SnAu_250_200.0_IN-PHASE;OFFCHIP_SENSIMOX_SnAu_300_200.0_IN-PHASE;OFFCHIP_SENSIMOX_SnAu_350_200.0_IN-PHASE;OFFCHIP_SENSIMOX_SnAu_400_200.0_IN-PHASE;OFFCHIP_SENSIMOX_SnAu_150_78125.0_IN-PHASE;OFFCHIP_SENSIMOX_SnAu_200_78125.0_IN-PHASE;OFFCHIP_SENSIMOX_SnAu_250_78125.0_IN-PHASE;OFFCHIP_SENSIMOX_SnAu_300_78125.0_IN-PHASE;OFFCHIP_SENSIMOX_SnAu_350_78125.0_IN-PHASE;OFFCHIP_SENSIMOX_SnAu_400_78125.0_IN-PHASE;ONCHIP_ALUMINUM_OXIDE_OUT4_IN-PHASE;ONCHIP_ALUMINUM_OXIDE_OUT4_QUADRATURE;ONCHIP_ALUMINUM_OXIDE_OUT7_IN-PHASE;ONCHIP_ALUMINUM_OXIDE_OUT7_QUADRATURE
250.0;360.0;670.0;910.0;86.0;90.0;30.0;50.0;30.0;170.0;41.0;22.0;-3.0;10.0;-21.0;51.0
-60.0;-110.0;-180.0;-230.0;-17.0;-35.0;-90.0;-130.0;-170.0;-340.0;-41.0;-35.0;-12.0;13.0;-29.0;43.0
10.0;30.0;80.0;40.0;-17.0;-35.0;-90.0;-130.0;-170.0;-340.0;-41.0;-33.0;-12.0;8.0;-31.0;43.0
50.0;100.0;190.0;110.0;-10.0;-27.0;-90.0;-110.0;-170.0;-330.0;-28.0;-12.0;-12.0;14.0;-31.0;48.0
-60.0;-100.0;-120.0;-200.0;-34.0;-36.0;-70.0;-90.0;-160.0;-200.0;-22.0;-38.0;9.0;-3.0;3.0;11.0
-60.0;-100.0;-120.0;-200.0;-34.0;-36.0;-40.0;-60.0;-150.0;-290.0;-25.0;-38.0;5.0;-2.0;-2.0;17.0
210.0;250.0;470.0;660.0;85.0;94.0;130.0;160.0;280.0;430.0;54.0;63.0;14.0;10.0;-4.0;26.0
190.0;320.0;440.0;710.0;91.0;89.0;120.0;150.0;260.0;390.0;65.0;78.0;14.0;4.0;-9.0;29.0
220.0;390.0;610.0;830.0;109.0;107.0;120.0;150.0;320.0;450.0;77.0;78.0;7.0;3.0;-16.0;34.0
250.0;390.0;550.0;920.0;125.0;138.0;90.0;100.0;200.0;480.0;73.0;108.0;8.0;6.0;-16.0;29.0
320.0;450.0;630.0;900.0;122.0;84.0;100.0;160.0;340.0;430.0;67.0;73.0;-4.0;8.0;0.0;14.0
320.0;480.0;600.0;890.0;116.0;99.0;120.0;170.0;340.0;390.0;68.0;64.0;-4.0;5.0;2.0;11.0
330.0;490.0;710.0;890.0;136.0;107.0;130.0;210.0;360.0;440.0;65.0;47.0;-4.0;4.0;0.0;13.0
190.0;590.0;390.0;560.0;151.0;102.0;40.0;90.0;210.0;300.0;46.0;60.0;-8.0;14.0;-3.0;26.0
170.0;230.0;460.0;720.0;75.0;48.0;50.0;130.0;260.0;330.0;46.0;55.0;-8.0;16.0;-7.0;34.0
190.0;300.0;390.0;560.0;84.0;50.0;50.0;90.0;260.0;330.0;47.0;55.0;-8.0;14.0;-3.0;40.0
330.0;500.0;720.0;1030.0;125.0;50.0;50.0;180.0;370.0;500.0;60.0;63.0;-8.0;16.0;-9.0;49.0
190.0;220.0;310.0;510.0;69.0;52.0;0.0;30.0;160.0;180.0;36.0;36.0;-8.0;18.0;-9.0;59.0
170.0;280.0;430.0;630.0;84.0;72.0;0.0;30.0;150.0;170.0;29.0;36.0;-2.0;18.0;-7.0;49.0
200.0;320.0;470.0;710.0;106.0;72.0;50.0;50.0;210.0;350.0;36.0;31.0;1.0;18.0;-5.0;52.0
270.0;400.0;600.0;840.0;120.0;98.0;40.0;50.0;220.0;310.0;35.0;68.0;-2.0;18.0;-7.0;61.0
210.0;280.0;400.0;730.0;75.0;65.0;40.0;70.0;70.0;290.0;32.0;37.0;13.0;6.0;-2.0;32.0
200.0;250.0;460.0;660.0;72.0;63.0;60.0;100.0;90.0;290.0;38.0;47.0;0.0;14.0;-4.0;32.0
340.0;470.0;710.0;910.0;115.0;111.0;90.0;100.0;190.0;350.0;58.0;58.0;3.0;18.0;-4.0;36.0
220.0;280.0;400.0;630.0;94.0;80.0;70.0;100.0;160.0;300.0;54.0;90.0;1.0;19.0;-8.0;43.0
150.0;280.0;310.0;630.0;63.0;80.0;90.0;110.0;140.0;290.0;46.0;39.0;3.0;25.0;-12.0;42.0
190.0;260.0;360.0;560.0;75.0;65.0;90.0;100.0;160.0;300.0;39.0;79.0;1.0;33.0;-16.0;53.0
270.0;400.0;580.0;820.0;113.0;93.0;120.0;190.0;230.0;530.0;77.0;79.0;1.0;19.0;-16.0;62.0
380.0;520.0;760.0;1100.0;150.0;138.0;130.0;220.0;360.0;640.0;93.0;109.0;-2.0;25.0;-18.0;62.0
270.0;400.0;580.0;850.0;113.0;98.0;120.0;140.0;230.0;360.0;74.0;59.0;-6.0;33.0;-21.0;71.0
360.0;530.0;800.0;1140.0;147.0;126.0;130.0;190.0;270.0;480.0;74.0;116.0;-8.0;45.0;-24.0;70.0
200.0;290.0;530.0;850.0;100.0;98.0;90.0;150.0;180.0;520.0;73.0;88.0;-9.0;38.0;-31.0;68.0
200.0;290.0;910.0;1200.0;157.0;148.0;120.0;200.0;270.0;460.0;84.0;122.0;-9.0;31.0;-31.0;74.0
200.0;160.0;490.0;540.0;93.0;78.0;80.0;130.0;200.0;380.0;63.0;69.0;-9.0;28.0;-33.0;82.0
240.0;330.0;490.0;790.0;96.0;84.0;80.0;150.0;200.0;380.0;40.0;88.0;-9.0;33.0;-40.0;108.0
260.0;330.0;490.0;790.0;96.0;84.0;100.0;160.0;240.0;490.0;57.0;93.0;-7.0;43.0;-44.0;107.0
240.0;390.0;540.0;840.0;100.0;88.0;80.0;150.0;180.0;340.0;60.0;88.0;-6.0;36.0;-48.0;111.0
370.0;550.0;800.0;1180.0;154.0;137.0;120.0;200.0;300.0;470.0;76.0;103.0;-6.0;32.0;-44.0;117.0
170.0;270.0;410.0;700.0;104.0;105.0;110.0;130.0;160.0;380.0;61.0;105.0;-6.0;33.0;-44.0;122.0
360.0;530.0;810.0;1140.0;147.0;125.0;110.0;170.0;280.0;550.0;85.0;124.0;-6.0;42.0;-48.0;115.0
220.0;320.0;500.0;800.0;103.0;107.0;110.0;170.0;190.0;460.0;74.0;104.0;-10.0;32.0;-50.0;121.0
290.0;430.0;650.0;970.0;127.0;123.0;120.0;200.0;310.0;510.0;75.0;128.0;-10.0;34.0;-57.0;125.0
210.0;310.0;480.0;710.0;105.0;99.0;100.0;170.0;210.0;450.0;60.0;88.0;-11.0;43.0;-61.0;135.0
360.0;530.0;800.0;1200.0;143.0;125.0;140.0;210.0;260.0;470.0;94.0;123.0;-11.0;45.0;-61.0;137.0
230.0;310.0;420.0;740.0;107.0;94.0;150.0;200.0;310.0;550.0;69.0;82.0;-11.0;40.0;-57.0;136.0
270.0;360.0;560.0;820.0;108.0;102.0;90.0;140.0;250.0;460.0;75.0;94.0;-7.0;44.0;-57.0;126.0
260.0;360.0;560.0;830.0;104.0;98.0;100.0;130.0;190.0;440.0;71.0;100.0;-4.0;32.0;-55.0;123.0
290.0;430.0;630.0;980.0;126.0;119.0;110.0;130.0;270.0;380.0;73.0;102.0;-4.0;41.0;-55.0;142.0
370.0;510.0;780.0;1140.0;147.0;128.0;130.0;210.0;320.0;650.0;100.0;128.0;-4.0;42.0;-55.0;129.0
200.0;290.0;440.0;670.0;94.0;100.0;90.0;190.0;250.0;460.0;83.0;97.0;-7.0;51.0;-56.0;141.0
220.0;350.0;500.0;680.0;98.0;88.0;80.0;150.0;260.0;480.0;77.0;106.0;-11.0;41.0;-59.0;150.0
360.0;470.0;710.0;1020.0;136.0;110.0;120.0;200.0;270.0;540.0;77.0;101.0;-13.0;37.0;-59.0;139.0
420.0;570.0;920.0;1360.0;173.0;152.0;200.0;280.0;390.0;690.0;101.0;147.0;-13.0;49.0;-59.0;151.0
400.0;580.0;880.0;1320.0;167.0;153.0;190.0;300.0;330.0;640.0;103.0;133.0;-13.0;54.0;-63.0;149.0
430.0;630.0;950.0;1390.0;181.0;173.0;190.0;330.0;510.0;890.0;123.0;152.0;-13.0;46.0;-64.0;157.0
320.0;460.0;690.0;670.0;84.0;86.0;100.0;190.0;250.0;460.0;69.0;90.0;-13.0;44.0;-64.0;145.0
250.0;360.0;540.0;750.0;95.0;94.0;130.0;190.0;290.0;520.0;91.0;87.0;-11.0;47.0;-64.0;150.0
320.0;460.0;690.0;1050.0;158.0;134.0;130.0;200.0;340.0;610.0;94.0;133.0;-13.0;50.0;-64.0;156.0
310.0;470.0;730.0;1140.0;136.0;128.0;130.0;190.0;300.0;590.0;91.0;123.0;-8.0;42.0;-61.0;164.0
270.0;390.0;610.0;940.0;132.0;120.0;130.0;200.0;340.0;610.0;74.0;102.0;-8.0;48.0;-61.0;172.0
310.0;470.0;730.0;1140.0;113.0;111.0;120.0;210.0;400.0;710.0;119.0;149.0;-8.0;38.0;-61.0;152.0
500.0;730.0;1080.0;1590.0;211.0;201.0;190.0;300.0;400.0;790.0;111.0;143.0;-8.0;45.0;-61.0;161.0
120.0;150.0;270.0;380.0;40.0;61.0;100.0;130.0;300.0;280.0;38.0;32.0;-11.0;3.0;-31.0;39.0
70.0;110.0;130.0;170.0;29.0;19.0;-10.0;0.0;-10.0;40.0;6.0;9.0;-4.0;13.0;-8.0;48.0
170.0;110.0;310.0;460.0;58.0;42.0;-10.0;10.0;10.0;40.0;32.0;43.0;-4.0;13.0;-8.0;37.0
170.0;250.0;210.0;460.0;45.0;46.0;30.0;140.0;230.0;280.0;44.0;48.0;-4.0;18.0;-8.0;47.0
260.0;390.0;540.0;700.0;89.0;93.0;30.0;120.0;190.0;350.0;44.0;61.0;-4.0;16.0;-8.0;38.0
170.0;270.0;370.0;590.0;72.0;74.0;70.0;120.0;190.0;240.0;44.0;65.0;-4.0;17.0;-8.0;38.0
310.0;450.0;650.0;920.0;117.0;131.0;70.0;190.0;260.0;420.0;66.0;111.0;-4.0;31.0;-31.0;111.0
250.0;390.0;520.0;840.0;111.0;125.0;100.0;200.0;330.0;510.0;85.0;117.0;-7.0;44.0;-38.0;114.0
250.0;380.0;570.0;760.0;104.0;124.0;110.0;220.0;360.0;500.0;76.0;94.0;-7.0;47.0;-44.0;126.0
230.0;350.0;490.0;650.0;66.0;75.0;90.0;140.0;340.0;530.0;71.0;104.0;-7.0;55.0;-48.0;151.0
230.0;350.0;490.0;650.0;80.0;92.0;40.0;130.0;200.0;340.0;46.0;71.0;-12.0;51.0;-51.0;165.0
230.0;350.0;400.0;540.0;83.0;93.0;50.0;90.0;200.0;250.0;47.0;72.0;-12.0;57.0;-56.0;185.0
250.0;410.0;640.0;750.0;101.0;117.0;50.0;110.0;200.0;360.0;52.0;86.0;-37.0;69.0;-118.0;261.0
300.0;440.0;630.0;920.0;120.0;131.0;70.0;160.0;300.0;420.0;74.0;104.0;-39.0;69.0;-124.0;288.0
250.0;410.0;630.0;990.0;133.0;153.0;150.0;270.0;430.0;650.0;96.0;127.0;-41.0;77.0;-126.0;289.0
420.0;670.0;1020.0;1320.0;187.0;180.0;150.0;290.0;460.0;780.0;126.0;148.0;-42.0;96.0;-182.0;351.0
250.0;380.0;570.0;790.0;117.0;135.0;110.0;170.0;350.0;500.0;72.0;99.0;-42.0;105.0;-184.0;368.0
300.0;470.0;690.0;990.0;134.0;162.0;130.0;240.0;350.0;580.0;90.0;117.0;-43.0;108.0;-189.0;381.0
180.0;310.0;450.0;610.0;98.0;102.0;110.0;160.0;270.0;420.0;75.0;88.0;-64.0;115.0;-248.0;452.0
180.0;310.0;480.0;640.0;91.0;102.0;100.0;210.0;320.0;390.0;75.0;106.0;-64.0;120.0;-260.0;470.0
250.0;370.0;600.0;850.0;101.0;110.0;110.0;200.0;380.0;480.0;78.0;129.0;-65.0;130.0;-264.0;488.0
230.0;360.0;590.0;910.0;118.0;125.0;90.0;170.0;280.0;530.0;91.0;112.0;-65.0;131.0;-270.0;510.0
330.0;540.0;780.0;1190.0;147.0;172.0;160.0;250.0;450.0;710.0;110.0;150.0;-65.0;142.0;-272.0;519.0
350.0;560.0;830.0;1220.0;171.0;185.0;190.0;360.0;530.0;810.0;125.0;167.0;-65.0;148.0;-272.0;528.0
330.0;510.0;850.0;1120.0;149.0;208.0;130.0;230.0;430.0;730.0;129.0;157.0;-68.0;140.0;-275.0;538.0
350.0;540.0;880.0;1200.0;174.0;174.0;170.0;330.0;560.0;760.0;111.0;161.0;-69.0;136.0;-281.0;556.0
330.0;340.0;850.0;800.0;132.0;145.0;190.0;310.0;510.0;760.0;115.0;154.0;-69.0;146.0;-281.0;559.0
370.0;540.0;900.0;1210.0;162.0;193.0;230.0;430.0;640.0;980.0;136.0;186.0;-69.0;147.0;-281.0;574.0
320.0;480.0;740.0;1100.0;146.0;183.0;150.0;260.0;530.0;760.0;116.0;165.0;-70.0;154.0;-281.0;582.0
290.0;230.0;710.0;1070.0;103.0;119.0;140.0;240.0;410.0;540.0;89.0;129.0;-71.0;154.0;-284.0;595.0
170.0;270.0;470.0;710.0;90.0;133.0;110.0;220.0;380.0;570.0;82.0;135.0;-75.0;159.0;-289.0;615.0
290.0;480.0;710.0;1070.0;151.0;171.0;150.0;320.0;470.0;660.0;124.0;177.0;-76.0;160.0;-294.0;631.0
230.0;390.0;630.0;1000.0;141.0;166.0;120.0;260.0;430.0;740.0;114.0;160.0;-76.0;175.0;-297.0;641.0
320.0;510.0;750.0;1090.0;163.0;187.0;170.0;330.0;520.0;740.0;120.0;178.0;-76.0;171.0;-297.0;679.0
370.0;570.0;930.0;1300.0;181.0;192.0;150.0;270.0;510.0;770.0;136.0;161.0;-76.0;178.0;-297.0;695.0
400.0;610.0;930.0;1320.0;189.0;198.0;210.0;390.0;630.0;980.0;160.0;194.0;-77.0;187.0;-300.0;704.0
390.0;610.0;940.0;1410.0;188.0;222.0;240.0;440.0;640.0;990.0;139.0;211.0;-72.0;183.0;-308.0;724.0
430.0;670.0;1020.0;1410.0;195.0;203.0;210.0;390.0;700.0;980.0;143.0;187.0;-81.0;194.0;-311.0;733.0
380.0;600.0;940.0;1300.0;200.0;201.0;170.0;340.0;590.0;930.0;136.0;196.0;-83.0;188.0;-315.0;753.0
370.0;570.0;890.0;1330.0;169.0;213.0;160.0;310.0;530.0;830.0;146.0;202.0;-83.0;196.0;-342.0;796.0
410.0;650.0;1040.0;1470.0;196.0;229.0;220.0;390.0;620.0;900.0;145.0;194.0;-83.0;201.0;-343.0;803.0
370.0;530.0;830.0;1260.0;172.0;212.0;170.0;310.0;510.0;920.0;123.0;176.0;-86.0;200.0;-346.0;798.0
290.0;450.0;740.0;1050.0;152.0;178.0;180.0;300.0;540.0;850.0;130.0;176.0;-83.0;206.0;-352.0;805.0
320.0;540.0;870.0;1260.0;172.0;200.0;220.0;370.0;600.0;880.0;138.0;191.0;-85.0;214.0;-354.0;812.0
320.0;510.0;820.0;1260.0;175.0;210.0;170.0;340.0;550.0;800.0;127.0;186.0;-84.0;207.0;-354.0;825.0
370.0;600.0;1000.0;1480.0;200.0;221.0;180.0;310.0;570.0;870.0;131.0;198.0;-85.0;210.0;-354.0;816.0
430.0;690.0;1070.0;1520.0;212.0;243.0;240.0;400.0;700.0;1090.0;169.0;215.0;-85.0;224.0;-361.0;838.0
440.0;720.0;1100.0;1600.0;217.0;239.0;220.0;380.0;650.0;1110.0;169.0;231.0;-108.0;238.0;-449.0;944.0
500.0;810.0;1270.0;1830.0;256.0;292.0;230.0;460.0;730.0;1170.0;193.0;256.0;-111.0;244.0;-452.0;948.0
480.0;750.0;1160.0;1750.0;247.0;268.0;270.0;460.0;710.0;1120.0;174.0;238.0;-111.0;243.0;-452.0;951.0
480.0;800.0;1240.0;1800.0;253.0;267.0;290.0;480.0;810.0;1310.0;187.0;264.0;-111.0;254.0;-451.0;961.0
610.0;940.0;1500.0;2190.0;293.0;320.0;320.0;540.0;830.0;1340.0;220.0;293.0;-111.0;257.0;-451.0;974.0
630.0;980.0;1480.0;2190.0;295.0;330.0;380.0;640.0;1040.0;1650.0;223.0;316.0;-111.0;253.0;-452.0;973.0
660.0;1000.0;1580.0;2250.0;298.0;353.0;380.0;670.0;1030.0;1570.0;222.0;313.0;-111.0;250.0;-451.0;987.0
410.0;630.0;1100.0;1580.0;222.0;275.0;280.0;500.0;850.0;1260.0;180.0;234.0;-111.0;256.0;-450.0;993.0
490.0;760.0;1190.0;1820.0;245.0;276.0;280.0;450.0;760.0;1220.0;190.0;267.0;-116.0;263.0;-450.0;996.0
530.0;820.0;1260.0;1960.0;246.0;288.0;280.0;490.0;810.0;1350.0;201.0;279.0;-113.0;256.0;-450.0;1010.0
380.0;620.0;980.0;1390.0;202.0;270.0;250.0;410.0;750.0;1170.0;170.0;250.0;-111.0;262.0;-450.0;1001.0
630.0;930.0;1440.0;2040.0;260.0;298.0;340.0;580.0;890.0;1410.0;186.0;270.0;-113.0;259.0;-452.0;1011.0
400.0;690.0;1040.0;1590.0;212.0;256.0;310.0;510.0;880.0;1310.0;188.0;239.0;-113.0;255.0;-452.0;1000.0
430.0;660.0;1010.0;1490.0;208.0;243.0;240.0;420.0;720.0;1150.0;184.0;235.0;-111.0;262.0;-452.0;1006.0
380.0;620.0;970.0;1420.0;192.0;226.0;240.0;420.0;730.0;1060.0;155.0;226.0;-111.0;259.0;-452.0;1020.0
450.0;720.0;1140.0;1710.0;220.0;266.0;260.0;480.0;790.0;1180.0;183.0;247.0;-111.0;257.0;-444.0;1017.0
630.0;990.0;1470.0;2170.0;291.0;331.0;350.0;590.0;950.0;1510.0;209.0;304.0;-105.0;266.0;-444.0;1010.0
470.0;740.0;1200.0;1750.0;253.0;297.0;310.0;490.0;830.0;1330.0;198.0;284.0;-105.0;261.0;-452.0;1017.0
610.0;930.0;1480.0;2190.0;288.0;326.0;290.0;490.0;850.0;1410.0;211.0;288.0;-105.0;255.0;-452.0;1032.0
470.0;760.0;1280.0;1850.0;261.0;306.0;270.0;470.0;810.0;1330.0;197.0;276.0;-105.0;267.0;-454.0;1028.0
470.0;750.0;1150.0;1690.0;229.0;286.0;240.0;400.0;730.0;1250.0;186.0;272.0;-107.0;261.0;-457.0;1032.0
450.0;720.0;1090.0;1640.0;215.0;272.0;250.0;440.0;770.0;1210.0;178.0;256.0;-107.0;267.0;-457.0;1028.0
540.0;870.0;1290.0;1820.0;249.0;284.0;280.0;480.0;830.0;1190.0;179.0;256.0;-112.0;274.0;-459.0;1026.0
590.0;900.0;1440.0;2090.0;270.0;308.0;310.0;520.0;850.0;1290.0;195.0;288.0;-107.0;270.0;-457.0;1030.0
490.0;780.0;1210.0;1820.0;254.0;276.0;260.0;440.0;750.0;1290.0;199.0;269.0;-112.0;277.0;-457.0;1039.0
560.0;850.0;1360.0;1920.0;259.0;300.0;350.0;550.0;940.0;1440.0;209.0;263.0;-118.0;264.0;-463.0;1038.0
480.0;760.0;1200.0;1840.0;245.0;268.0;270.0;450.0;720.0;1160.0;175.0;252.0;-119.0;259.0;-468.0;1036.0
520.0;800.0;1270.0;1830.0;249.0;286.0;300.0;500.0;780.0;1240.0;183.0;267.0;-118.0;255.0;-468.0;1039.0
380.0;650.0;1010.0;1510.0;221.0;263.0;260.0;450.0;740.0;1210.0;179.0;258.0;-118.0;269.0;-468.0;1034.0
450.0;690.0;1020.0;1610.0;235.0;256.0;270.0;480.0;790.0;1200.0;174.0;259.0;-119.0;277.0;-468.0;1040.0
380.0;600.0;960.0;1440.0;204.0;235.0;260.0;450.0;680.0;1060.0;157.0;219.0;-116.0;264.0;-468.0;1032.0
540.0;790.0;1300.0;1810.0;258.0;280.0;250.0;400.0;740.0;1250.0;182.0;271.0;-116.0;261.0;-469.0;1039.0
470.0;740.0;1160.0;1720.0;235.0;256.0;250.0;400.0;750.0;1130.0;190.0;256.0;-116.0;268.0;-469.0;1049.0
480.0;760.0;1180.0;1670.0;230.0;259.0;320.0;530.0;870.0;1300.0;191.0;263.0;-115.0;271.0;-469.0;1067.0
660.0;990.0;1520.0;2220.0;277.0;309.0;380.0;590.0;920.0;1390.0;198.0;286.0;-115.0;270.0;-469.0;1072.0
450.0;670.0;1100.0;1640.0;230.0;251.0;310.0;510.0;850.0;1320.0;178.0;261.0;-111.0;276.0;-475.0;1075.0
520.0;860.0;1300.0;1890.0;254.0;285.0;280.0;500.0;790.0;1190.0;208.0;283.0;-107.0;283.0;-475.0;1070.0
520.0;800.0;1210.0;1780.0;247.0;265.0;250.0;410.0;730.0;1070.0;175.0;252.0;-111.0;279.0;-475.0;1075.0
560.0;860.0;1350.0;1940.0;267.0;293.0;300.0;490.0;800.0;1180.0;192.0;250.0;-119.0;284.0;-476.0;1087.0
630.0;980.0;1460.0;2160.0;291.0;321.0;340.0;560.0;930.0;1420.0;214.0;294.0;-111.0;269.0;-481.0;1086.0
600.0;950.0;1460.0;2200.0;274.0;317.0;320.0;550.0;870.0;1390.0;222.0;292.0;-119.0;279.0;-485.0;1097.0
630.0;950.0;1500.0;2260.0;301.0;327.0;360.0;600.0;980.0;1400.0;214.0;303.0;-121.0;279.0;-485.0;1091.0
480.0;800.0;1190.0;1820.0;259.0;309.0;320.0;560.0;960.0;1450.0;209.0;288.0;-121.0;287.0;-485.0;1091.0
500.0;800.0;1250.0;1830.0;263.0;296.0;290.0;490.0;820.0;1310.0;198.0;274.0;-121.0;286.0;-485.0;1095.0
470.0;770.0;1240.0;1800.0;250.0;289.0;210.0;380.0;710.0;1110.0;179.0;269.0;-121.0;288.0;-485.0;1103.0
650.0;990.0;1540.0;2300.0;293.0;314.0;340.0;540.0;840.0;1340.0;192.0;294.0;-113.0;283.0;-483.0;1103.0
540.0;840.0;1360.0;1960.0;253.0;283.0;300.0;490.0;830.0;1290.0;192.0;260.0;-113.0;285.0;-481.0;1095.0
580.0;940.0;1510.0;2120.0;280.0;317.0;340.0;560.0;890.0;1410.0;203.0;273.0;-113.0;291.0;-481.0;1113.0
580.0;890.0;1450.0;2150.0;282.0;318.0;350.0;590.0;960.0;1400.0;220.0;311.0;-117.0;280.0;-483.0;1111.0
580.0;940.0;1460.0;2080.0;289.0;324.0;400.0;670.0;970.0;1480.0;220.0;318.0;-119.0;286.0;-486.0;1112.0
600.0;920.0;1550.0;2240.0;282.0;315.0;380.0;620.0;1000.0;1490.0;228.0;303.0;-119.0;290.0;-486.0;1117.0
400.0;650.0;1040.0;1760.0;227.0;264.0;270.0;480.0;800.0;1270.0;196.0;263.0;-117.0;294.0;-486.0;1135.0
640.0;990.0;1530.0;2240.0;293.0;313.0;330.0;560.0;920.0;1460.0;213.0;299.0;-117.0;297.0;-486.0;1135.0
530.0;850.0;1310.0;1970.0;277.0;292.0;320.0;550.0;910.0;1430.0;215.0;270.0;-120.0;291.0;-481.0;1131.0
540.0;860.0;1360.0;1890.0;275.0;304.0;330.0;540.0;950.0;1370.0;214.0;278.0;-120.0;291.0;-475.0;1140.0
620.0;960.0;1530.0;2180.0;295.0;283.0;320.0;540.0;940.0;1510.0;219.0;294.0;-120.0;290.0;-478.0;1141.0
610.0;960.0;1520.0;2260.0;295.0;323.0;320.0;580.0;930.0;1520.0;227.0;331.0;-120.0;302.0;-481.0;1144.0
680.0;1060.0;1590.0;2440.0;306.0;341.0;390.0;630.0;1040.0;1610.0;237.0;324.0;-120.0;290.0;-481.0;1145.0
630.0;1010.0;1600.0;2340.0;299.0;353.0;420.0;700.0;1080.0;1720.0;246.0;303.0;-117.0;293.0;-478.0;1155.0
590.0;960.0;1550.0;2280.0;314.0;344.0;400.0;640.0;1040.0;1520.0;238.0;330.0;-117.0;299.0;-482.0;1149.0
690.0;1080.0;1730.0;2420.0;328.0;354.0;380.0;690.0;1060.0;1740.0;259.0;347.0;-115.0;301.0;-482.0;1146.0
670.0;1070.0;1670.0;2320.0;313.0;361.0;400.0;660.0;1000.0;1600.0;237.0;346.0;-115.0;290.0;-476.0;1154.0
670.0;1070.0;1710.0;2470.0;333.0;371.0;420.0;700.0;1150.0;1760.0;248.0;357.0;-115.0;288.0;-476.0;1161.0
720.0;1090.0;1800.0;2600.0;340.0;373.0;480.0;790.0;1270.0;1900.0;279.0;350.0;-118.0;293.0;-485.0;1155.0
480.0;750.0;1170.0;1770.0;239.0;299.0;300.0;490.0;840.0;1390.0;214.0;280.0;-115.0;307.0;-488.0;1158.0
640.0;1020.0;1610.0;2250.0;302.0;353.0;370.0;610.0;930.0;1570.0;243.0;308.0;-115.0;295.0;-488.0;1161.0
660.0;1000.0;1610.0;2300.0;301.0;343.0;350.0;570.0;900.0;1460.0;208.0;303.0;-115.0;305.0;-488.0;1162.0
640.0;1050.0;1650.0;2400.0;311.0;348.0;400.0;650.0;1040.0;1650.0;240.0;320.0;-115.0;297.0;-486.0;1160.0
650.0;1030.0;1640.0;2210.0;302.0;317.0;340.0;590.0;910.0;1460.0;228.0;313.0;-115.0;309.0;-486.0;1164.0
610.0;980.0;1540.0;2220.0;307.0;327.0;390.0;630.0;1000.0;1450.0;226.0;310.0;-115.0;305.0;-486.0;1161.0
740.0;1140.0;1740.0;2510.0;326.0;359.0;440.0;730.0;1130.0;1720.0;257.0;330.0;-118.0;302.0;-488.0;1163.0
730.0;1100.0;1730.0;2510.0;336.0;369.0;440.0;700.0;1130.0;1770.0;253.0;344.0;-118.0;299.0;-488.0;1175.0
610.0;990.0;1530.0;2230.0;294.0;343.0;420.0;640.0;990.0;1610.0;233.0;335.0;-118.0;304.0;-489.0;1170.0
810.0;1280.0;2030.0;2920.0;367.0;400.0;500.0;800.0;1260.0;1830.0;271.0;368.0;-118.0;300.0;-495.0;1170.0
790.0;1220.0;1890.0;2700.0;348.0;390.0;490.0;800.0;1180.0;1800.0;259.0;364.0;-118.0;298.0;-494.0;1167.0
700.0;1040.0;1680.0;2410.0;343.0;366.0;480.0;710.0;1140.0;1770.0;257.0;349.0;-118.0;295.0;-490.0;1164.0
780.0;1200.0;1870.0;2640.0;342.0;392.0;490.0;770.0;1220.0;1810.0;268.0;367.0;-121.0;307.0;-490.0;1179.0
750.0;1180.0;1790.0;2610.0;334.0;367.0;490.0;750.0;1130.0;1660.0;257.0;327.0;-126.0;299.0;-494.0;1167.0
630.0;1000.0;1530.0;2260.0;300.0;324.0;360.0;570.0;960.0;1410.0;216.0;300.0;-125.0;297.0;-494.0;1160.0
660.0;1020.0;1500.0;2210.0;297.0;334.0;390.0;660.0;1000.0;1480.0;216.0;305.0;-126.0;308.0;-503.0;1175.0
730.0;1140.0;1750.0;2480.0;334.0;366.0;450.0;740.0;1180.0;1790.0;253.0;350.0;-126.0;303.0;-503.0;1175.0
660.0;1000.0;1550.0;2250.0;309.0;335.0;420.0;720.0;1100.0;1660.0;244.0;337.0;-125.0;299.0;-503.0;1172.0
680.0;1070.0;1690.0;2440.0;326.0;352.0;440.0;740.0;1110.0;1640.0;245.0;341.0;-125.0;308.0;-503.0;1170.0
670.0;1050.0;1660.0;2400.0;319.0;334.0;380.0;600.0;970.0;1610.0;240.0;324.0;-126.0;310.0;-493.0;1173.0
660.0;1030.0;1550.0;2280.0;297.0;346.0;450.0;680.0;1080.0;1710.0;235.0;322.0;-123.0;304.0;-492.0;1180.0
550.0;860.0;1380.0;1960.0;268.0;308.0;370.0;580.0;930.0;1420.0;210.0;278.0;-127.0;301.0;-493.0;1182.0
750.0;1140.0;1730.0;2570.0;315.0;360.0;460.0;730.0;1110.0;1620.0;237.0;327.0;-128.0;307.0;-495.0;1184.0
660.0;1050.0;1670.0;2320.0;314.0;354.0;500.0;790.0;1230.0;1730.0;244.0;349.0;-128.0;299.0;-495.0;1172.0
720.0;1080.0;1660.0;2390.0;321.0;337.0;420.0;640.0;950.0;1600.0;234.0;320.0;-131.0;308.0;-499.0;1179.0
620.0;1000.0;1570.0;2280.0;305.0;334.0;390.0;650.0;1060.0;1690.0;245.0;341.0;-131.0;306.0;-499.0;1174.0
690.0;1120.0;1710.0;2440.0;319.0;342.0;440.0;720.0;1210.0;1780.0;251.0;325.0;-131.0;300.0;-503.0;1179.0
700.0;1100.0;1710.0;2470.0;333.0;364.0;420.0;700.0;1090.0;1730.0;264.0;340.0;-131.0;299.0;-503.0;1178.0
730.0;1120.0;1720.0;2530.0;316.0;340.0;410.0;620.0;990.0;1560.0;240.0;331.0;-127.0;308.0;-502.0;1188.0
710.0;1120.0;1780.0;2470.0;323.0;324.0;400.0;660.0;1070.0;1600.0;221.0;306.0;-124.0;307.0;-502.0;1183.0
640.0;990.0;1580.0;2300.0;294.0;330.0;410.0;660.0;1040.0;1580.0;232.0;294.0;-123.0;309.0;-495.0;1183.0
650.0;1010.0;1530.0;2280.0;297.0;313.0;390.0;600.0;1010.0;1460.0;229.0;295.0;-120.0;313.0;-495.0;1194.0
840.0;1300.0;1970.0;2730.0;359.0;383.0;410.0;680.0;1130.0;1800.0;268.0;341.0;-120.0;304.0;-495.0;1189.0
890.0;1310.0;1960.0;2860.0;372.0;411.0;500.0;810.0;1280.0;1940.0;288.0;376.0;-122.0;310.0;-494.0;1178.0
760.0;1190.0;1790.0;2550.0;322.0;367.0;460.0;710.0;1110.0;1700.0;262.0;343.0;-120.0;300.0;-494.0;1191.0
860.0;1340.0;2050.0;2840.0;374.0;394.0;520.0;830.0;1250.0;1890.0;268.0;384.0;-120.0;303.0;-494.0;1190.0
830.0;1260.0;1960.0;2780.0;366.0;384.0;500.0;820.0;1310.0;2030.0;286.0;370.0;-122.0;308.0;-494.0;1188.0
670.0;1090.0;1610.0;2360.0;321.0;350.0;470.0;750.0;1190.0;1880.0;265.0;333.0;-121.0;304.0;-494.0;1184.0
680.0;1070.0;1660.0;2350.0;322.0;326.0;430.0;720.0;1130.0;1640.0;230.0;303.0;-121.0;297.0;-500.0;1187.0
670.0;1050.0;1680.0;2370.0;318.0;355.0;460.0;730.0;1160.0;1790.0;262.0;333.0;-121.0;304.0;-500.0;1185.0
800.0;1230.0;1890.0;2630.0;347.0;376.0;500.0;760.0;1170.0;1740.0;252.0;331.0;-127.0;301.0;-502.0;1185.0
870.0;1350.0;2050.0;2930.0;378.0;402.0;470.0;780.0;1230.0;1970.0;289.0;369.0;-125.0;303.0;-502.0;1186.0
800.0;1270.0;1950.0;2700.0;363.0;384.0;590.0;860.0;1390.0;2050.0;292.0;356.0;-129.0;303.0;-505.0;1181.0
660.0;1010.0;1550.0;2190.0;306.0;338.0;410.0;680.0;1160.0;1770.0;245.0;317.0;-126.0;314.0;-502.0;1188.0
970.0;1440.0;2130.0;3040.0;392.0;406.0;580.0;900.0;1380.0;2090.0;282.0;374.0;-126.0;306.0;-505.0;1183.0
820.0;1270.0;1940.0;2810.0;366.0;418.0;500.0;780.0;1290.0;1970.0;292.0;374.0;-126.0;303.0;-507.0;1188.0
760.0;1190.0;1810.0;2530.0;332.0;352.0;530.0;780.0;1190.0;1800.0;254.0;357.0;-128.0;297.0;-509.0;1178.0
660.0;1010.0;1550.0;2220.0;294.0;313.0;400.0;660.0;1070.0;1620.0;235.0;320.0;-128.0;304.0;-507.0;1190.0
640.0;990.0;1490.0;2200.0;287.0;326.0;360.0;610.0;1020.0;1670.0;233.0;315.0;-132.0;299.0;-509.0;1182.0
700.0;1080.0;1650.0;2330.0;314.0;344.0;410.0;670.0;1090.0;1730.0;237.0;333.0;-132.0;307.0;-509.0;1188.0
660.0;1060.0;1640.0;2360.0;306.0;332.0;500.0;760.0;1140.0;1690.0;239.0;329.0;-133.0;292.0;-505.0;1181.0
690.0;1070.0;1670.0;2340.0;308.0;326.0;430.0;690.0;1070.0;1560.0;224.0;305.0;-132.0;304.0;-501.0;1187.0
680.0;1060.0;1680.0;2410.0;322.0;338.0;440.0;710.0;1100.0;1590.0;240.0;307.0;-132.0;306.0;-501.0;1191.0
750.0;1170.0;1810.0;2570.0;329.0;335.0;440.0;710.0;1100.0;1740.0;232.0;314.0;-129.0;310.0;-501.0;1184.0
610.0;950.0;1480.0;2110.0;279.0;305.0;350.0;600.0;880.0;1450.0;225.0;297.0;-129.0;300.0;-502.0;1188.0
540.0;840.0;1310.0;1890.0;247.0;283.0;380.0;570.0;840.0;1290.0;189.0;249.0;-129.0;295.0;-504.0;1182.0
680.0;1050.0;1580.0;2250.0;291.0;289.0;370.0;610.0;950.0;1530.0;211.0;293.0;-132.0;304.0;-509.0;1191.0
670.0;1050.0;1670.0;2370.0;304.0;317.0;410.0;630.0;1040.0;1490.0;229.0;310.0;-129.0;300.0;-509.0;1192.0
690.0;1100.0;1610.0;2360.0;304.0;328.0;470.0;710.0;1080.0;1680.0;235.0;308.0;-128.0;305.0;-509.0;1182.0
730.0;1120.0;1730.0;2420.0;318.0;320.0;420.0;670.0;1010.0;1680.0;237.0;327.0;-128.0;303.0;-503.0;1193.0
870.0;1370.0;2060.0;2940.0;379.0;390.0;510.0;810.0;1310.0;1930.0;282.0;375.0;-126.0;300.0;-500.0;1190.0
640.0;1050.0;1680.0;2380.0;310.0;332.0;410.0;610.0;960.0;1560.0;233.0;333.0;-124.0;313.0;-500.0;1196.0
830.0;1250.0;1910.0;2670.0;346.0;366.0;450.0;700.0;1110.0;1680.0;240.0;330.0;-124.0;309.0;-500.0;1195.0
900.0;1400.0;2140.0;3030.0;379.0;391.0;520.0;780.0;1210.0;1890.0;274.0;367.0;-126.0;313.0;-504.0;1190.0
850.0;1330.0;2080.0;2930.0;375.0;400.0;560.0;910.0;1420.0;2040.0;294.0;378.0;-127.0;304.0;-506.0;1192.0
920.0;1440.0;2190.0;2960.0;400.0;436.0;530.0;840.0;1350.0;2090.0;311.0;380.0;-129.0;302.0;-508.0;1191.0
760.0;1190.0;1910.0;2770.0;366.0;388.0;470.0;760.0;1140.0;1790.0;264.0;351.0;-129.0;314.0;-506.0;1183.0
820.0;1240.0;1920.0;2660.0;330.0;373.0;600.0;900.0;1380.0;1940.0;269.0;339.0;-130.0;298.0;-508.0;1191.0
820.0;1270.0;1890.0;2700.0;347.0;350.0;470.0;740.0;1150.0;1680.0;252.0;360.0;-130.0;303.0;-506.0;1197.0
830.0;1290.0;1970.0;2760.0;346.0;366.0;470.0;730.0;1170.0;1770.0;250.0;329.0;-130.0;306.0;-505.0;1197.0
810.0;1250.0;1930.0;2720.0;347.0;363.0;530.0;830.0;1380.0;1960.0;278.0;364.0;-131.0;307.0;-505.0;1199.0
840.0;1300.0;1870.0;2720.0;354.0;360.0;440.0;730.0;1100.0;1770.0;254.0;360.0;-132.0;308.0;-509.0;1192.0
860.0;1330.0;1990.0;2770.0;362.0;368.0;540.0;800.0;1220.0;1800.0;262.0;330.0;-132.0;310.0;-505.0;1189.0
750.0;1130.0;1750.0;2440.0;324.0;344.0;520.0;850.0;1270.0;1910.0;273.0;331.0;-133.0;301.0;-510.0;1202.0
680.0;1070.0;1620.0;2390.0;292.0;311.0;450.0;700.0;1080.0;1520.0;229.0;311.0;-133.0;309.0;-510.0;1205.0
840.0;1250.0;1890.0;2600.0;333.0;339.0;470.0;730.0;1200.0;1750.0;250.0;325.0;-129.0;309.0;-505.0;1196.0
830.0;1280.0;2010.0;2850.0;345.0;369.0;500.0;780.0;1140.0;1820.0;252.0;318.0;-127.0;304.0;-505.0;1197.0
990.0;1460.0;2120.0;3100.0;384.0;399.0;530.0;840.0;1270.0;1870.0;283.0;356.0;-129.0;312.0;-506.0;1187.0
870.0;1310.0;1950.0;2800.0;369.0;375.0;500.0;840.0;1270.0;1790.0;270.0;346.0;-129.0;310.0;-503.0;1201.0
770.0;1190.0;1810.0;2580.0;327.0;351.0;480.0;800.0;1180.0;1730.0;258.0;331.0;-127.0;307.0;-506.0;1188.0
800.0;1170.0;1770.0;2380.0;302.0;334.0;530.0;780.0;1210.0;1790.0;236.0;323.0;-128.0;301.0;-506.0;1191.0
710.0;1090.0;1680.0;2390.0;299.0;329.0;480.0;760.0;1170.0;1640.0;241.0;319.0;-128.0;308.0;-506.0;1192.0
740.0;1100.0;1740.0;2500.0;302.0;308.0;470.0;710.0;1070.0;1590.0;215.0;300.0;-128.0;299.0;-506.0;1199.0
660.0;990.0;1600.0;2260.0;283.0;317.0;450.0;690.0;1080.0;1580.0;235.0;288.0;-128.0;308.0;-508.0;1189.0
720.0;1080.0;1660.0;2450.0;311.0;327.0;480.0;690.0;1080.0;1530.0;236.0;304.0;-131.0;305.0;-512.0;1197.0
870.0;1300.0;1970.0;2860.0;370.0;366.0;520.0;800.0;1200.0;1770.0;260.0;336.0;-139.0;299.0;-512.0;1193.0
960.0;1470.0;2180.0;3170.0;395.0;398.0;550.0;880.0;1290.0;1800.0;261.0;352.0;-139.0;300.0;-512.0;1195.0
790.0;1210.0;1880.0;2580.0;332.0;371.0;520.0;820.0;1240.0;1800.0;265.0;340.0;-139.0;309.0;-509.0;1193.0
770.0;1130.0;1730.0;2470.0;317.0;367.0;440.0;720.0;1040.0;1600.0;241.0;318.0;-131.0;308.0;-509.0;1198.0
880.0;1340.0;2000.0;2770.0;364.0;351.0;540.0;810.0;1220.0;1740.0;252.0;342.0;-127.0;308.0;-504.0;1200.0
930.0;1410.0;2150.0;3100.0;385.0;379.0;580.0;840.0;1300.0;1880.0;263.0;373.0;-127.0;306.0;-503.0;1203.0
880.0;1310.0;2030.0;2990.0;374.0;393.0;600.0;890.0;1360.0;1910.0;280.0;364.0;-126.0;312.0;-503.0;1200.0
850.0;1350.0;1900.0;2730.0;336.0;355.0;550.0;850.0;1260.0;1820.0;260.0;328.0;-126.0;303.0;-503.0;1187.0
800.0;1200.0;1850.0;2570.0;320.0;343.0;520.0;800.0;1140.0;1690.0;245.0;333.0;-127.0;313.0;-504.0;1197.0
790.0;1230.0;1810.0;2560.0;338.0;355.0;480.0;740.0;1150.0;1720.0;255.0;319.0;-126.0;300.0;-505.0;1192.0
840.0;1260.0;1940.0;2690.0;339.0;365.0;540.0;860.0;1290.0;1930.0;268.0;359.0;-126.0;320.0;-509.0;1199.0
830.0;1220.0;1880.0;2720.0;338.0;360.0;560.0;870.0;1380.0;2010.0;274.0;342.0;-134.0;305.0;-512.0;1203.0
780.0;1180.0;1810.0;2560.0;329.0;334.0;460.0;710.0;1070.0;1640.0;228.0;315.0;-134.0;304.0;-512.0;1199.0
720.0;1150.0;1740.0;2400.0;306.0;303.0;500.0;770.0;1140.0;1670.0;226.0;292.0;-123.0;310.0;-506.0;1206.0
720.0;1080.0;1650.0;2390.0;304.0;315.0;490.0;750.0;1100.0;1600.0;221.0;309.0;-134.0;298.0;-512.0;1207.0
840.0;1240.0;1900.0;2750.0;345.0;380.0;490.0;770.0;1140.0;1750.0;257.0;332.0;-134.0;308.0;-512.0;1198.0
900.0;1340.0;2010.0;2770.0;358.0;373.0;540.0;790.0;1200.0;1710.0;251.0;328.0;-133.0;298.0;-508.0;1197.0
930.0;1360.0;2090.0;2990.0;372.0;398.0;490.0;800.0;1230.0;1900.0;280.0;367.0;-133.0;307.0;-508.0;1205.0
970.0;1470.0;2160.0;3100.0;389.0;414.0;610.0;950.0;1430.0;2040.0;276.0;368.0;-133.0;307.0;-508.0;1201.0
1040.0;1600.0;2390.0;3330.0;411.0;424.0;590.0;870.0;1360.0;2030.0;295.0;389.0;-129.0;304.0;-508.0;1206.0
1040.0;1550.0;2320.0;3330.0;416.0;423.0;610.0;950.0;1490.0;2100.0;304.0;405.0;-129.0;311.0;-508.0;1210.0
1070.0;1640.0;2460.0;3390.0;445.0;431.0;650.0;1010.0;1520.0;2220.0;317.0;403.0;-129.0;288.0;-510.0;1201.0
940.0;1440.0;2120.0;3040.0;380.0;392.0;610.0;950.0;1340.0;1990.0;278.0;369.0;-129.0;307.0;-515.0;1195.0
830.0;1250.0;1820.0;2670.0;332.0;351.0;580.0;890.0;1290.0;1900.0;255.0;331.0;-127.0;304.0;-515.0;1195.0
780.0;1230.0;1850.0;2570.0;312.0;349.0;510.0;750.0;1170.0;1740.0;256.0;333.0;-124.0;309.0;-515.0;1212.0
850.0;1270.0;1940.0;2740.0;352.0;347.0;510.0;790.0;1160.0;1890.0;261.0;343.0;-124.0;316.0;-515.0;1201.0
780.0;1150.0;1770.0;2440.0;309.0;289.0;510.0;770.0;1090.0;1590.0;217.0;280.0;-124.0;304.0;-515.0;1201.0
680.0;1020.0;1570.0;2140.0;275.0;281.0;460.0;660.0;1060.0;1440.0;203.0;269.0;-126.0;308.0;-515.0;1206.0
690.0;990.0;1530.0;2170.0;280.0;257.0;470.0;680.0;1050.0;1540.0;207.0;271.0;-126.0;304.0;-515.0;1208.0
720.0;1100.0;1610.0;2220.0;293.0;290.0;510.0;760.0;1140.0;1620.0;210.0;281.0;-132.0;307.0;-517.0;1196.0
710.0;1060.0;1610.0;2210.0;288.0;291.0;440.0;660.0;990.0;1410.0;211.0;268.0;-132.0;311.0;-515.0;1203.0
890.0;1330.0;1990.0;2840.0;356.0;345.0;510.0;770.0;1170.0;1660.0;232.0;307.0;-132.0;305.0;-512.0;1196.0
840.0;1290.0;1940.0;2800.0;349.0;333.0;550.0;800.0;1230.0;1850.0;253.0;343.0;-132.0;307.0;-512.0;1201.0
710.0;1070.0;1640.0;2290.0;308.0;302.0;500.0;740.0;1150.0;1720.0;221.0;310.0;-132.0;300.0;-512.0;1210.0
780.0;1150.0;1780.0;2420.0;299.0;280.0;500.0;740.0;1080.0;1500.0;228.0;297.0;-132.0;301.0;-510.0;1206.0
830.0;1240.0;1860.0;2620.0;325.0;320.0;510.0;780.0;1140.0;1660.0;234.0;305.0;-130.0;306.0;-510.0;1207.0
740.0;1090.0;1650.0;2240.0;292.0;320.0;500.0;740.0;1110.0;1670.0;237.0;313.0;-130.0;301.0;-510.0;1205.0
940.0;1420.0;2110.0;2970.0;357.0;346.0;560.0;850.0;1290.0;1810.0;268.0;349.0;-130.0;300.0;-510.0;1200.0
960.0;1440.0;2120.0;2950.0;364.0;361.0;560.0;850.0;1270.0;1890.0;275.0;346.0;-131.0;300.0;-510.0;1202.0
880.0;1360.0;2050.0;2820.0;361.0;357.0;550.0;840.0;1270.0;1930.0;253.0;339.0;-134.0;309.0;-510.0;1206.0
950.0;1400.0;2110.0;3010.0;373.0;375.0;630.0;940.0;1410.0;1990.0;272.0;359.0;-134.0;298.0;-510.0;1212.0
980.0;1480.0;2210.0;3100.0;386.0;396.0;610.0;910.0;1390.0;2050.0;281.0;368.0;-135.0;308.0;-513.0;1200.0
870.0;1300.0;2020.0;2770.0;354.0;350.0;510.0;840.0;1240.0;1870.0;252.0;324.0;-134.0;310.0;-509.0;1210.0
870.0;1330.0;1960.0;2740.0;343.0;352.0;600.0;830.0;1260.0;1910.0;265.0;364.0;-128.0;303.0;-509.0;1211.0
890.0;1290.0;2000.0;2740.0;336.0;354.0;520.0;760.0;1180.0;1700.0;253.0;323.0;-127.0;307.0;-509.0;1207.0
950.0;1460.0;2160.0;2970.0;377.0;375.0;560.0;880.0;1350.0;2170.0;282.0;358.0;-128.0;307.0;-511.0;1196.0
730.0;1100.0;1690.0;2370.0;301.0;319.0;560.0;790.0;1170.0;1660.0;235.0;307.0;-128.0;312.0;-511.0;1207.0
930.0;1380.0;2130.0;2910.0;369.0;351.0;580.0;890.0;1300.0;1860.0;255.0;345.0;-133.0;311.0;-511.0;1213.0
890.0;1350.0;2000.0;2730.0;345.0;333.0;530.0;810.0;1190.0;1730.0;247.0;306.0;-133.0;310.0;-511.0;1205.0
820.0;1230.0;1870.0;2600.0;319.0;338.0;550.0;820.0;1220.0;1830.0;254.0;319.0;-133.0;309.0;-511.0;1210.0
1010.0;1530.0;2250.0;3040.0;384.0;385.0;630.0;920.0;1380.0;1880.0;272.0;342.0;-133.0;304.0;-511.0;1196.0
910.0;1390.0;2010.0;2730.0;361.0;350.0;580.0;850.0;1300.0;1870.0;257.0;335.0;-131.0;310.0;-511.0;1200.0
800.0;1170.0;1820.0;2550.0;311.0;316.0;550.0;830.0;1210.0;1750.0;259.0;311.0;-130.0;308.0;-503.0;1208.0
840.0;1270.0;1900.0;2520.0;320.0;321.0;570.0;860.0;1240.0;1830.0;247.0;304.0;-130.0;307.0;-514.0;1205.0
870.0;1240.0;1890.0;2640.0;330.0;330.0;570.0;800.0;1150.0;1660.0;224.0;306.0;-133.0;314.0;-519.0;1208.0
920.0;1390.0;2060.0;2860.0;343.0;327.0;510.0;720.0;1140.0;1740.0;241.0;310.0;-133.0;303.0;-514.0;1208.0
950.0;1410.0;2090.0;2870.0;352.0;322.0;590.0;810.0;1220.0;1770.0;244.0;300.0;-133.0;303.0;-514.0;1209.0
850.0;1250.0;1880.0;2590.0;309.0;301.0;510.0;760.0;1170.0;1620.0;227.0;281.0;-133.0;301.0;-514.0;1198.0
880.0;1270.0;1910.0;2600.0;317.0;313.0;570.0;830.0;1220.0;1690.0;226.0;286.0;-128.0;310.0;-513.0;1201.0
830.0;1240.0;1830.0;2570.0;315.0;325.0;510.0;780.0;1130.0;1690.0;238.0;310.0;-128.0;311.0;-512.0;1214.0
920.0;1380.0;2050.0;2870.0;361.0;342.0;590.0;900.0;1310.0;1830.0;266.0;326.0;-124.0;305.0;-512.0;1214.0
990.0;1540.0;2240.0;3190.0;391.0;377.0;580.0;860.0;1250.0;1860.0;257.0;351.0;-124.0;311.0;-512.0;1201.0
930.0;1380.0;2100.0;2910.0;350.0;357.0;540.0;860.0;1310.0;1920.0;279.0;330.0;-136.0;306.0;-513.0;1215.0
900.0;1330.0;1990.0;2790.0;343.0;329.0;530.0;830.0;1220.0;1740.0;234.0;331.0;-136.0;297.0;-512.0;1205.0
1030.0;1540.0;2210.0;3070.0;370.0;375.0;630.0;940.0;1420.0;1950.0;271.0;333.0;-136.0;306.0;-514.0;1204.0
1080.0;1580.0;2320.0;3310.0;403.0;399.0;580.0;890.0;1310.0;1980.0;284.0;374.0;-136.0;314.0;-514.0;1215.0
790.0;1180.0;1770.0;2450.0;321.0;312.0;500.0;770.0;1130.0;1630.0;249.0;320.0;-133.0;312.0;-513.0;1205.0
810.0;1230.0;1880.0;2620.0;328.0;328.0;520.0;790.0;1200.0;1800.0;242.0;309.0;-132.0;313.0;-512.0;1210.0
750.0;1110.0;1690.0;2340.0;293.0;277.0;500.0;750.0;1080.0;1520.0;218.0;233.0;-131.0;310.0;-513.0;1216.0
930.0;1380.0;2040.0;2700.0;337.0;337.0;670.0;940.0;1310.0;1850.0;239.0;322.0;-131.0;296.0;-512.0;1213.0
950.0;1400.0;2110.0;2920.0;367.0;386.0;580.0;870.0;1390.0;2010.0;285.0;343.0;-129.0;308.0;-512.0;1214.0
1020.0;1520.0;2230.0;3110.0;388.0;379.0;560.0;840.0;1220.0;1880.0;253.0;346.0;-131.0;304.0;-512.0;1206.0
960.0;1380.0;2120.0;2930.0;366.0;360.0;630.0;920.0;1400.0;1950.0;268.0;345.0;-131.0;308.0;-513.0;1210.0
980.0;1460.0;2260.0;3010.0;383.0;388.0;660.0;960.0;1430.0;1980.0;277.0;363.0;-131.0;316.0;-512.0;1204.0
1060.0;1580.0;2380.0;3320.0;399.0;404.0;700.0;1010.0;1460.0;2100.0;303.0;361.0;-130.0;305.0;-512.0;1215.0
980.0;1470.0;2150.0;2990.0;385.0;385.0;700.0;1010.0;1510.0;2190.0;289.0;359.0;-135.0;306.0;-514.0;1212.0
960.0;1430.0;2140.0;2910.0;360.0;364.0;620.0;920.0;1360.0;2010.0;279.0;354.0;-136.0;315.0;-514.0;1207.0
1010.0;1500.0;2220.0;3110.0;373.0;375.0;680.0;980.0;1400.0;1980.0;275.0;341.0;-130.0;301.0;-510.0;1207.0
940.0;1390.0;2070.0;2770.0;343.0;355.0;640.0;890.0;1360.0;1990.0;274.0;333.0;-136.0;309.0;-514.0;1210.0
870.0;1270.0;1950.0;2750.0;335.0;346.0;550.0;790.0;1240.0;1880.0;271.0;333.0;-136.0;307.0;-514.0;1212.0
950.0;1470.0;2160.0;3030.0;364.0;366.0;600.0;890.0;1290.0;1850.0;262.0;324.0;-135.0;306.0;-513.0;1206.0
1020.0;1540.0;2260.0;3160.0;394.0;406.0;660.0;970.0;1400.0;1980.0;282.0;374.0;-135.0;312.0;-513.0;1212.0
1030.0;1520.0;2270.0;3130.0;385.0;382.0;640.0;940.0;1460.0;2040.0;278.0;363.0;-135.0;310.0;-514.0;1217.0
1090.0;1630.0;2490.0;3340.0;420.0;413.0;630.0;950.0;1460.0;2140.0;316.0;395.0;-135.0;312.0;-514.0;1206.0
1050.0;1530.0;2320.0;3270.0;414.0;422.0;700.0;1010.0;1530.0;2140.0;310.0;384.0;-136.0;309.0;-514.0;1207.0
1130.0;1660.0;2530.0;3470.0;428.0;430.0;720.0;1080.0;1610.0;2400.0;325.0;402.0;-136.0;311.0;-517.0;1214.0
1030.0;1530.0;2270.0;3200.0;400.0;410.0;660.0;960.0;1410.0;2070.0;297.0;390.0;-136.0;310.0;-519.0;1218.0
1030.0;1520.0;2230.0;3190.0;402.0;397.0;710.0;1070.0;1560.0;2130.0;292.0;380.0;-136.0;305.0;-519.0;1213.0
1060.0;1600.0;2400.0;3330.0;399.0;414.0;630.0;950.0;1430.0;2160.0;295.0;375.0;-134.0;302.0;-517.0;1206.0
950.0;1470.0;2140.0;3010.0;369.0;380.0;690.0;990.0;1480.0;2020.0;279.0;352.0;-134.0;309.0;-517.0;1205.0
790.0;1180.0;1790.0;2460.0;305.0;298.0;610.0;870.0;1240.0;1710.0;239.0;297.0;-131.0;319.0;-515.0;1210.0
860.0;1300.0;1900.0;2640.0;327.0;301.0;620.0;920.0;1330.0;1830.0;242.0;313.0;-131.0;310.0;-514.0;1210.0
900.0;1350.0;2070.0;2710.0;338.0;342.0;600.0;900.0;1280.0;1770.0;251.0;333.0;-131.0;308.0;-512.0;1213.0
960.0;1410.0;2110.0;2890.0;361.0;362.0;670.0;960.0;1470.0;1960.0;269.0;337.0;-135.0;303.0;-514.0;1220.0
950.0;1380.0;2040.0;2900.0;359.0;356.0;580.0;870.0;1330.0;1940.0;264.0;339.0;-136.0;303.0;-514.0;1220.0
910.0;1350.0;2040.0;2850.0;333.0;325.0;560.0;840.0;1230.0;1820.0;249.0;338.0;-136.0;302.0;-514.0;1212.0
810.0;1230.0;1790.0;2540.0;305.0;305.0;570.0;850.0;1210.0;1780.0;246.0;316.0;-131.0;310.0;-514.0;1210.0
950.0;1390.0;2070.0;2840.0;346.0;352.0;660.0;970.0;1410.0;2000.0;280.0;352.0;-131.0;307.0;-514.0;1214.0
950.0;1430.0;2100.0;2920.0;355.0;354.0;580.0;840.0;1280.0;1870.0;275.0;340.0;-131.0;317.0;-513.0;1211.0
970.0;1410.0;2100.0;2940.0;363.0;361.0;630.0;940.0;1350.0;1920.0;266.0;339.0;-131.0;322.0;-513.0;1216.0
1120.0;1600.0;2360.0;3240.0;398.0;407.0;660.0;960.0;1450.0;2110.0;284.0;390.0;-131.0;309.0;-513.0;1223.0
990.0;1480.0;2220.0;3010.0;367.0;379.0;670.0;940.0;1440.0;2000.0;280.0;344.0;-133.0;298.0;-513.0;1212.0
1010.0;1450.0;2200.0;2990.0;380.0;370.0;640.0;950.0;1380.0;2010.0;270.0;335.0;-133.0;313.0;-513.0;1213.0
1040.0;1540.0;2220.0;3130.0;386.0;375.0;670.0;980.0;1390.0;2020.0;278.0;341.0;-133.0;306.0;-511.0;1210.0
980.0;1430.0;2160.0;3120.0;387.0;379.0;670.0;990.0;1450.0;2050.0;270.0;351.0;-129.0;309.0;-511.0;1212.0
1030.0;1560.0;2250.0;3060.0;385.0;381.0;710.0;1010.0;1470.0;2030.0;281.0;355.0;-134.0;307.0;-509.0;1206.0
1020.0;1500.0;2230.0;3160.0;388.0;395.0;680.0;1050.0;1520.0;2290.0;298.0;367.0;-129.0;311.0;-511.0;1214.0
1030.0;1530.0;2280.0;3070.0;391.0;393.0;680.0;1000.0;1450.0;2120.0;298.0;365.0;-128.0;307.0;-514.0;1210.0
990.0;1450.0;2190.0;3040.0;372.0;390.0;690.0;1020.0;1440.0;1960.0;283.0;351.0;-128.0;308.0;-517.0;1210.0
920.0;1390.0;2150.0;2870.0;367.0;355.0;660.0;900.0;1340.0;2040.0;273.0;338.0;-128.0;308.0;-518.0;1219.0
1100.0;1650.0;2390.0;3230.0;393.0;389.0;680.0;1050.0;1510.0;2020.0;276.0;356.0;-128.0;307.0;-518.0;1217.0
1120.0;1640.0;2410.0;3410.0;408.0;413.0;710.0;1050.0;1480.0;2190.0;303.0;385.0;-132.0;308.0;-517.0;1207.0
1010.0;1490.0;2190.0;3010.0;381.0;387.0;660.0;980.0;1400.0;1980.0;290.0;353.0;-133.0;315.0;-515.0;1204.0
1010.0;1530.0;2280.0;3190.0;394.0;390.0;670.0;1010.0;1590.0;2260.0;308.0;397.0;-133.0;318.0;-512.0;1205.0
980.0;1410.0;2150.0;2950.0;374.0;374.0;680.0;1010.0;1460.0;2090.0;280.0;362.0;-132.0;310.0;-510.0;1216.0
1070.0;1560.0;2300.0;3190.0;391.0;394.0;670.0;990.0;1470.0;2120.0;284.0;367.0;-133.0;309.0;-510.0;1217.0
1010.0;1470.0;2180.0;3030.0;380.0;358.0;700.0;1030.0;1440.0;2060.0;281.0;359.0;-128.0;313.0;-510.0;1213.0
970.0;1420.0;2100.0;2980.0;369.0;352.0;620.0;930.0;1320.0;1940.0;285.0;354.0;-128.0;307.0;-510.0;1216.0
1080.0;1570.0;2350.0;3170.0;399.0;383.0;660.0;940.0;1400.0;2050.0;274.0;362.0;-133.0;307.0;-514.0;1212.0
970.0;1410.0;2100.0;2930.0;373.0;346.0;630.0;930.0;1410.0;1950.0;277.0;341.0;-136.0;307.0;-517.0;1218.0
990.0;1450.0;2150.0;2860.0;372.0;374.0;670.0;910.0;1370.0;1860.0;282.0;346.0;-133.0;316.0;-514.0;1212.0
970.0;1460.0;2100.0;2930.0;354.0;357.0;620.0;890.0;1280.0;1930.0;262.0;332.0;-136.0;299.0;-517.0;1212.0
850.0;1250.0;1860.0;2580.0;315.0;307.0;580.0;830.0;1230.0;1690.0;235.0;300.0;-136.0;304.0;-517.0;1222.0
860.0;1260.0;1870.0;2480.0;310.0;295.0;630.0;910.0;1270.0;1730.0;240.0;287.0;-136.0;314.0;-517.0;1216.0
890.0;1310.0;1880.0;2530.0;312.0;301.0;570.0;820.0;1190.0;1750.0;233.0;281.0;-130.0;307.0;-514.0;1220.0
950.0;1380.0;2050.0;2770.0;338.0;323.0;610.0;910.0;1300.0;1790.0;245.0;305.0;-130.0;311.0;-519.0;1220.0
960.0;1420.0;2120.0;2880.0;337.0;325.0;610.0;860.0;1220.0;1880.0;244.0;292.0;-130.0;317.0;-519.0;1218.0
900.0;1310.0;1940.0;2670.0;324.0;324.0;600.0;900.0;1240.0;1860.0;249.0;327.0;-128.0;314.0;-519.0;1212.0
1120.0;1620.0;2370.0;3260.0;390.0;376.0;730.0;1050.0;1550.0;2230.0;291.0;355.0;-123.0;310.0;-515.0;1218.0
1010.0;1450.0;2170.0;3010.0;363.0;353.0;680.0;950.0;1380.0;1920.0;267.0;340.0;-128.0;319.0;-516.0;1218.0
860.0;1270.0;1870.0;2490.0;320.0;307.0;620.0;890.0;1250.0;1740.0;238.0;284.0;-123.0;317.0;-515.0;1222.0
1010.0;1460.0;2140.0;2900.0;353.0;344.0;640.0;910.0;1300.0;1810.0;259.0;310.0;-123.0;311.0;-515.0;1216.0
960.0;1410.0;2120.0;2750.0;350.0;332.0;640.0;940.0;1330.0;1870.0;263.0;331.0;-133.0;310.0;-516.0;1213.0
1020.0;1520.0;2210.0;3040.0;375.0;369.0;670.0;960.0;1370.0;1990.0;289.0;359.0;-133.0;309.0;-516.0;1221.0
900.0;1320.0;1880.0;2560.0;307.0;307.0;680.0;940.0;1300.0;1840.0;248.0;303.0;-135.0;309.0;-518.0;1218.0
1070.0;1560.0;2260.0;3050.0;362.0;349.0;670.0;1010.0;1430.0;1950.0;255.0;346.0;-135.0;312.0;-518.0;1227.0
1050.0;1550.0;2290.0;3140.0;392.0;380.0;710.0;1010.0;1450.0;2060.0;288.0;376.0;-135.0;312.0;-518.0;1211.0
880.0;1260.0;1910.0;2620.0;332.0;332.0;650.0;910.0;1300.0;1750.0;235.0;308.0;-135.0;306.0;-518.0;1214.0
940.0;1360.0;2000.0;2780.0;342.0;321.0;660.0;910.0;1340.0;1790.0;241.0;311.0;-137.0;310.0;-518.0;1221.0
1050.0;1560.0;2330.0;3020.0;356.0;353.0;660.0;950.0;1350.0;1940.0;262.0;328.0;-135.0;303.0;-519.0;1217.0
1120.0;1590.0;2310.0;3050.0;383.0;365.0;700.0;1010.0;1410.0;1990.0;279.0;334.0;-135.0;311.0;-519.0;1215.0
990.0;1470.0;2180.0;3070.0;366.0;367.0;700.0;1010.0;1470.0;2070.0;281.0;359.0;-131.0;309.0;-518.0;1217.0
1050.0;1550.0;2210.0;3000.0;374.0;355.0;650.0;970.0;1400.0;1990.0;281.0;348.0;-127.0;311.0;-517.0;1212.0
1000.0;1450.0;2150.0;3040.0;361.0;356.0;660.0;910.0;1320.0;1830.0;251.0;319.0;-126.0;309.0;-509.0;1206.0
1040.0;1520.0;2190.0;2980.0;372.0;375.0;700.0;960.0;1390.0;2120.0;276.0;357.0;-126.0;314.0;-509.0;1217.0
1160.0;1660.0;2380.0;3170.0;391.0;406.0;740.0;1090.0;1570.0;2380.0;320.0;381.0;-126.0;302.0;-509.0;1215.0
1120.0;1650.0;2400.0;3290.0;413.0;388.0;740.0;1020.0;1510.0;2180.0;293.0;387.0;-125.0;304.0;-509.0;1221.0
1060.0;1590.0;2260.0;3120.0;382.0;374.0;710.0;1020.0;1470.0;2040.0;293.0;367.0;-128.0;311.0;-510.0;1217.0
1020.0;1500.0;2230.0;3010.0;367.0;372.0;690.0;970.0;1410.0;2140.0;295.0;358.0;-128.0;311.0;-510.0;1222.0
870.0;1260.0;1870.0;2540.0;324.0;313.0;650.0;920.0;1360.0;1950.0;250.0;307.0;-128.0;311.0;-510.0;1217.0
1010.0;1480.0;2180.0;3030.0;365.0;342.0;660.0;950.0;1490.0;2150.0;288.0;329.0;-128.0;306.0;-509.0;1212.0
1120.0;1620.0;2440.0;3210.0;389.0;390.0;680.0;980.0;1520.0;2130.0;310.0;378.0;-132.0;315.0;-510.0;1215.0
1180.0;1710.0;2530.0;3470.0;414.0;407.0;750.0;1120.0;1580.0;2270.0;306.0;389.0;-135.0;316.0;-511.0;1214.0
970.0;1400.0;2070.0;2890.0;354.0;335.0;640.0;950.0;1310.0;1820.0;250.0;314.0;-135.0;306.0;-511.0;1214.0
910.0;1350.0;1980.0;2640.0;335.0;316.0;660.0;950.0;1280.0;1850.0;259.0;292.0;-132.0;311.0;-511.0;1209.0
890.0;1310.0;1950.0;2590.0;326.0;312.0;610.0;890.0;1240.0;1700.0;253.0;312.0;-133.0;311.0;-511.0;1214.0
960.0;1450.0;2150.0;3000.0;367.0;337.0;670.0;940.0;1380.0;1940.0;267.0;323.0;-127.0;307.0;-511.0;1215.0
920.0;1310.0;1910.0;2590.0;317.0;309.0;620.0;910.0;1320.0;1800.0;251.0;308.0;-127.0;313.0;-515.0;1222.0
1000.0;1490.0;2200.0;2910.0;348.0;351.0;670.0;940.0;1350.0;1920.0;261.0;327.0;-127.0;319.0;-516.0;1220.0
850.0;1250.0;1900.0;2500.0;315.0;308.0;650.0;910.0;1270.0;1840.0;245.0;306.0;-129.0;308.0;-516.0;1214.0
1010.0;1460.0;2150.0;2910.0;364.0;344.0;680.0;910.0;1330.0;1760.0;256.0;322.0;-129.0;304.0;-516.0;1221.0
1000.0;1450.0;2170.0;2860.0;347.0;348.0;640.0;930.0;1320.0;1890.0;271.0;355.0;-132.0;307.0;-523.0;1217.0
1170.0;1710.0;2550.0;3450.0;410.0;400.0;770.0;1070.0;1580.0;2210.0;305.0;378.0;-131.0;311.0;-523.0;1224.0
1140.0;1680.0;2490.0;3440.0;422.0;413.0;700.0;1000.0;1550.0;2190.0;307.0;364.0;-131.0;306.0;-518.0;1221.0
1200.0;1780.0;2580.0;3440.0;422.0;406.0;770.0;1130.0;1580.0;2260.0;307.0;390.0;-132.0;308.0;-523.0;1219.0
1140.0;1670.0;2430.0;3330.0;396.0;397.0;800.0;1090.0;1570.0;2180.0;296.0;360.0;-133.0;320.0;-518.0;1209.0
1020.0;1520.0;2240.0;3160.0;390.0;389.0;720.0;1060.0;1520.0;2100.0;286.0;368.0;-131.0;316.0;-518.0;1221.0
960.0;1440.0;2170.0;2960.0;359.0;350.0;690.0;1060.0;1540.0;2180.0;287.0;354.0;-129.0;303.0;-518.0;1218.0
860.0;1230.0;1820.0;2520.0;312.0;281.0;610.0;840.0;1170.0;1630.0;229.0;273.0;-133.0;305.0;-518.0;1222.0
970.0;1420.0;2040.0;2820.0;331.0;307.0;640.0;880.0;1310.0;1700.0;243.0;294.0;-133.0;312.0;-518.0;1226.0
1010.0;1470.0;2150.0;2920.0;348.0;333.0;590.0;870.0;1240.0;1830.0;251.0;304.0;-132.0;307.0;-517.0;1217.0
1050.0;1520.0;2180.0;2960.0;361.0;344.0;690.0;980.0;1410.0;1880.0;264.0;327.0;-132.0;315.0;-517.0;1213.0
1110.0;1590.0;2310.0;3150.0;380.0;376.0;700.0;1040.0;1510.0;2020.0;285.0;356.0;-136.0;301.0;-517.0;1215.0
960.0;1380.0;2070.0;2770.0;335.0;323.0;660.0;930.0;1430.0;1870.0;265.0;319.0;-136.0;311.0;-524.0;1219.0
780.0;1150.0;1730.0;2340.0;299.0;279.0;620.0;850.0;1220.0;1620.0;212.0;270.0;-136.0;306.0;-521.0;1217.0
850.0;1240.0;1850.0;2330.0;281.0;273.0;620.0;890.0;1260.0;1680.0;210.0;270.0;-136.0;316.0;-521.0;1222.0
960.0;1410.0;2040.0;2730.0;334.0;303.0;640.0;880.0;1180.0;1680.0;226.0;288.0;-139.0;324.0;-521.0;1213.0
990.0;1460.0;2170.0;2830.0;348.0;328.0;640.0;930.0;1330.0;1890.0;258.0;312.0;-139.0;306.0;-521.0;1222.0
900.0;1290.0;1880.0;2510.0;310.0;285.0;610.0;890.0;1210.0;1560.0;220.0;256.0;-136.0;303.0;-517.0;1216.0
890.0;1300.0;1880.0;2500.0;297.0;286.0;620.0;840.0;1260.0;1730.0;235.0;291.0;-131.0;310.0;-515.0;1220.0
960.0;1410.0;2070.0;2830.0;345.0;318.0;650.0;940.0;1360.0;1800.0;262.0;301.0;-131.0;313.0;-515.0;1212.0
950.0;1380.0;1970.0;2700.0;326.0;308.0;650.0;960.0;1380.0;1850.0;240.0;294.0;-131.0;302.0;-517.0;1215.0
870.0;1300.0;1900.0;2610.0;309.0;296.0;590.0;820.0;1260.0;1620.0;216.0;271.0;-130.0;319.0;-513.0;1218.0
930.0;1300.0;1900.0;2550.0;309.0;302.0;600.0;840.0;1190.0;1610.0;218.0;288.0;-131.0;303.0;-513.0;1218.0
950.0;1360.0;2030.0;2690.0;305.0;295.0;590.0;820.0;1260.0;1780.0;235.0;279.0;-133.0;314.0;-513.0;1215.0
760.0;1080.0;1600.0;2110.0;242.0;214.0;560.0;830.0;1150.0;1550.0;196.0;215.0;-133.0;303.0;-513.0;1216.0
830.0;1210.0;1790.0;2360.0;266.0;244.0;520.0;730.0;990.0;1330.0;187.0;228.0;-133.0;313.0;-513.0;1220.0
740.0;1080.0;1540.0;2000.0;252.0;219.0;510.0;730.0;1070.0;1490.0;200.0;239.0;-133.0;310.0;-513.0;1217.0
920.0;1380.0;2010.0;2720.0;318.0;308.0;620.0;860.0;1240.0;1710.0;234.0;294.0;-132.0;308.0;-511.0;1218.0
870.0;1320.0;1930.0;2610.0;315.0;293.0;620.0;850.0;1210.0;1680.0;232.0;292.0;-132.0;307.0;-511.0;1213.0
850.0;1270.0;1900.0;2560.0;301.0;278.0;630.0;910.0;1210.0;1680.0;221.0;267.0;-135.0;312.0;-521.0;1217.0
960.0;1410.0;2020.0;2680.0;315.0;300.0;630.0;870.0;1210.0;1710.0;233.0;306.0;-136.0;314.0;-521.0;1212.0
890.0;1330.0;1950.0;2590.0;315.0;302.0;640.0;900.0;1290.0;1740.0;238.0;263.0;-136.0;309.0;-521.0;1222.0
740.0;1080.0;1560.0;2080.0;253.0;236.0;570.0;760.0;1020.0;1400.0;196.0;230.0;-136.0;302.0;-521.0;1221.0
830.0;1210.0;1750.0;2370.0;276.0;266.0;550.0;750.0;1120.0;1470.0;206.0;258.0;-129.0;316.0;-515.0;1230.0
1000.0;1430.0;2110.0;2850.0;339.0;306.0;590.0;880.0;1340.0;1810.0;242.0;300.0;-129.0;303.0;-515.0;1217.0
760.0;1120.0;1680.0;2210.0;266.0;254.0;570.0;780.0;1080.0;1440.0;198.0;243.0;-129.0;309.0;-511.0;1226.0
920.0;1400.0;1950.0;2440.0;303.0;269.0;580.0;780.0;1160.0;1650.0;228.0;280.0;-134.0;307.0;-511.0;1211.0
950.0;1370.0;2040.0;2660.0;330.0;292.0;590.0;850.0;1170.0;1570.0;208.0;264.0;-134.0;307.0;-511.0;1213.0
1030.0;1480.0;2140.0;2820.0;341.0;318.0;590.0;810.0;1220.0;1770.0;234.0;299.0;-135.0;309.0;-513.0;1222.0
980.0;1420.0;2020.0;2710.0;336.0;299.0;650.0;900.0;1250.0;1750.0;233.0;276.0;-136.0;308.0;-513.0;1216.0
1100.0;1570.0;2310.0;3050.0;375.0;347.0;700.0;1010.0;1460.0;1940.0;269.0;315.0;-135.0;306.0;-516.0;1211.0
1040.0;1540.0;2190.0;2870.0;348.0;332.0;710.0;980.0;1370.0;2030.0;272.0;346.0;-135.0;302.0;-518.0;1225.0
920.0;1330.0;1960.0;2660.0;324.0;311.0;650.0;900.0;1250.0;1700.0;237.0;292.0;-135.0;316.0;-518.0;1212.0
790.0;1150.0;1650.0;2200.0;261.0;246.0;580.0;820.0;1100.0;1520.0;202.0;238.0;-133.0;314.0;-518.0;1219.0
960.0;1380.0;2040.0;2630.0;316.0;272.0;690.0;900.0;1230.0;1710.0;229.0;283.0;-133.0;306.0;-518.0;1207.0
1020.0;1470.0;2100.0;2860.0;338.0;312.0;670.0;980.0;1410.0;1870.0;260.0;317.0;-133.0;314.0;-517.0;1226.0
1030.0;1500.0;2180.0;2970.0;351.0;323.0;660.0;930.0;1310.0;1860.0;247.0;293.0;-131.0;310.0;-516.0;1224.0
1050.0;1540.0;2240.0;3000.0;349.0;319.0;640.0;890.0;1250.0;1750.0;236.0;297.0;-130.0;316.0;-516.0;1216.0
930.0;1340.0;1880.0;2570.0;308.0;290.0;640.0;910.0;1260.0;1610.0;224.0;287.0;-130.0;306.0;-517.0;1219.0
920.0;1360.0;1960.0;2630.0;322.0;292.0;580.0;840.0;1170.0;1600.0;217.0;259.0;-130.0;317.0;-515.0;1227.0
840.0;1240.0;1880.0;2550.0;307.0;273.0;600.0;840.0;1270.0;1630.0;219.0;268.0;-130.0;304.0;-515.0;1210.0
1020.0;1520.0;2210.0;2910.0;334.0;317.0;650.0;950.0;1340.0;1880.0;244.0;307.0;-130.0;309.0;-515.0;1207.0
960.0;1380.0;2040.0;2750.0;330.0;302.0;660.0;920.0;1370.0;1820.0;249.0;287.0;-127.0;305.0;-516.0;1220.0
920.0;1370.0;2040.0;2740.0;337.0;315.0;660.0;950.0;1340.0;1830.0;259.0;295.0;-134.0;311.0;-515.0;1209.0
930.0;1320.0;1970.0;2630.0;312.0;282.0;660.0;910.0;1320.0;1810.0;220.0;271.0;-135.0;308.0;-516.0;1223.0
880.0;1260.0;1830.0;2450.0;304.0;273.0;620.0;840.0;1200.0;1700.0;218.0;260.0;-134.0;308.0;-516.0;1220.0
870.0;1280.0;1860.0;2490.0;293.0;271.0;590.0;890.0;1230.0;1670.0;222.0;249.0;-127.0;307.0;-515.0;1216.0
910.0;1330.0;1960.0;2490.0;301.0;269.0;570.0;800.0;1150.0;1590.0;222.0;263.0;-127.0;312.0;-511.0;1217.0
680.0;970.0;1390.0;1830.0;209.0;192.0;510.0;710.0;950.0;1290.0;169.0;207.0;-127.0;308.0;-510.0;1217.0
910.0;1320.0;1850.0;2490.0;292.0;254.0;530.0;750.0;1030.0;1490.0;212.0;240.0;-125.0;315.0;-510.0;1213.0
910.0;1330.0;1900.0;2500.0;304.0;269.0;620.0;840.0;1150.0;1590.0;199.0;247.0;-125.0;313.0;-510.0;1220.0
840.0;1230.0;1780.0;2360.0;279.0;248.0;600.0;830.0;1150.0;1540.0;207.0;250.0;-129.0;316.0;-512.0;1222.0
800.0;1150.0;1690.0;2280.0;275.0;254.0;620.0;860.0;1300.0;1740.0;216.0;241.0;-129.0;309.0;-512.0;1217.0
1030.0;1540.0;2280.0;3060.0;366.0;329.0;690.0;940.0;1380.0;1860.0;245.0;299.0;-128.0;318.0;-512.0;1222.0
950.0;1390.0;2050.0;2740.0;339.0;314.0;660.0;900.0;1330.0;1810.0;249.0;316.0;-135.0;309.0;-512.0;1220.0
920.0;1320.0;1910.0;2670.0;314.0;290.0;630.0;870.0;1240.0;1670.0;233.0;282.0;-135.0;312.0;-512.0;1223.0
850.0;1220.0;1810.0;2330.0;282.0;228.0;440.0;600.0;860.0;1120.0;140.0;167.0;-132.0;313.0;-518.0;1219.0
760.0;1070.0;1550.0;2060.0;249.0;222.0;510.0;700.0;980.0;1310.0;178.0;225.0;-134.0;307.0;-519.0;1234.0
850.0;1220.0;1810.0;2330.0;282.0;228.0;520.0;730.0;1020.0;1440.0;194.0;235.0;-134.0;312.0;-519.0;1227.0
760.0;1120.0;1630.0;2220.0;269.0;236.0;540.0;740.0;1040.0;1370.0;182.0;243.0;-134.0;318.0;-521.0;1214.0
880.0;1260.0;1840.0;2410.0;285.0;273.0;560.0;770.0;1110.0;1480.0;218.0;260.0;-133.0;317.0;-521.0;1218.0
900.0;1330.0;1960.0;2580.0;313.0;275.0;560.0;770.0;1130.0;1620.0;211.0;267.0;-134.0;307.0;-522.0;1220.0
960.0;1410.0;2030.0;2770.0;331.0;302.0;600.0;880.0;1210.0;1690.0;237.0;288.0;-137.0;314.0;-522.0;1215.0
1040.0;1510.0;2170.0;3030.0;370.0;343.0;690.0;970.0;1370.0;1830.0;260.0;302.0;-138.0;311.0;-527.0;1230.0
890.0;1290.0;1890.0;2610.0;320.0;304.0;640.0;920.0;1290.0;1980.0;263.0;307.0;-137.0;314.0;-527.0;1227.0
920.0;1300.0;1910.0;2480.0;313.0;278.0;590.0;800.0;1130.0;1610.0;218.0;263.0;-137.0;307.0;-527.0;1213.0
800.0;1170.0;1720.0;2240.0;273.0;245.0;550.0;770.0;1090.0;1470.0;208.0;259.0;-135.0;312.0;-521.0;1224.0
880.0;1260.0;1890.0;2520.0;306.0;286.0;550.0;800.0;1100.0;1530.0;218.0;265.0;-135.0;311.0;-521.0;1215.0
970.0;1470.0;2100.0;2780.0;338.0;327.0;650.0;940.0;1350.0;1860.0;258.0;322.0;-135.0;306.0;-521.0;1219.0
1130.0;1610.0;2450.0;3320.0;387.0;365.0;650.0;950.0;1380.0;2000.0;267.0;348.0;-133.0;307.0;-520.0;1224.0
1130.0;1660.0;2380.0;3200.0;392.0;378.0;750.0;1070.0;1470.0;2090.0;276.0;330.0;-136.0;308.0;-524.0;1223.0
1080.0;1600.0;2330.0;3080.0;379.0;368.0;710.0;1030.0;1530.0;2180.0;302.0;352.0;-136.0;312.0;-524.0;1219.0
1000.0;1500.0;2200.0;2930.0;351.0;343.0;710.0;1020.0;1370.0;1910.0;256.0;311.0;-136.0;307.0;-522.0;1221.0
960.0;1410.0;2040.0;2850.0;333.0;323.0;680.0;950.0;1330.0;1900.0;248.0;285.0;-135.0;305.0;-520.0;1219.0
1050.0;1520.0;2200.0;2970.0;362.0;346.0;700.0;970.0;1400.0;1970.0;276.0;332.0;-136.0;305.0;-522.0;1221.0
1080.0;1600.0;2310.0;3080.0;369.0;378.0;710.0;1060.0;1500.0;2160.0;299.0;363.0;-135.0;313.0;-520.0;1217.0
1060.0;1560.0;2300.0;3060.0;385.0;377.0;750.0;1040.0;1530.0;2060.0;278.0;345.0;-135.0;311.0;-520.0;1224.0
960.0;1450.0;2050.0;2720.0;338.0;333.0;650.0;960.0;1390.0;1990.0;262.0;335.0;-135.0;306.0;-517.0;1222.0
1100.0;1620.0;2410.0;3170.0;383.0;348.0;740.0;1070.0;1510.0;2010.0;280.0;342.0;-134.0;305.0;-516.0;1223.0
870.0;1280.0;1870.0;2550.0;299.0;300.0;650.0;890.0;1300.0;1790.0;247.0;301.0;-134.0;317.0;-516.0;1213.0
830.0;1220.0;1740.0;2350.0;284.0;274.0;640.0;890.0;1260.0;1790.0;243.0;279.0;-136.0;310.0;-516.0;1220.0
880.0;1250.0;1870.0;2540.0;305.0;275.0;580.0;780.0;1180.0;1650.0;234.0;277.0;-136.0;296.0;-516.0;1234.0
890.0;1280.0;1870.0;2630.0;304.0;298.0;610.0;870.0;1240.0;1780.0;231.0;282.0;-131.0;304.0;-515.0;1230.0
940.0;1330.0;1910.0;2570.0;311.0;297.0;610.0;860.0;1280.0;1740.0;240.0;286.0;-131.0;316.0;-515.0;1215.0
1040.0;1500.0;2180.0;2850.0;339.0;314.0;650.0;940.0;1270.0;1760.0;246.0;279.0;-131.0;308.0;-515.0;1226.0
910.0;1340.0;1970.0;2570.0;311.0;276.0;610.0;860.0;1190.0;1610.0;219.0;284.0;-131.0;303.0;-515.0;1229.0
990.0;1460.0;2040.0;2700.0;332.0;322.0;590.0;870.0;1230.0;1750.0;252.0;293.0;-132.0;309.0;-519.0;1219.0
950.0;1370.0;1970.0;2740.0;326.0;303.0;640.0;910.0;1260.0;1790.0;247.0;298.0;-132.0;305.0;-519.0;1220.0
960.0;1410.0;2000.0;2740.0;321.0;317.0;660.0;910.0;1220.0;1850.0;247.0;286.0;-135.0;312.0;-523.0;1223.0
950.0;1320.0;1940.0;2580.0;325.0;307.0;630.0;890.0;1320.0;1850.0;245.0;297.0;-134.0;314.0;-519.0;1218.0
990.0;1440.0;2160.0;2910.0;357.0;345.0;680.0;990.0;1390.0;1960.0;262.0;323.0;-134.0;308.0;-518.0;1220.0
990.0;1450.0;2150.0;2910.0;354.0;342.0;640.0;890.0;1330.0;1970.0;267.0;328.0;-134.0;312.0;-518.0;1218.0
860.0;1290.0;1960.0;2720.0;326.0;303.0;660.0;910.0;1270.0;1820.0;240.0;318.0;-135.0;312.0;-518.0;1218.0
990.0;1420.0;2030.0;2690.0;330.0;316.0;600.0;810.0;1170.0;1650.0;229.0;278.0;-134.0;310.0;-518.0;1225.0
790.0;1180.0;1700.0;2330.0;283.0;269.0;590.0;840.0;1200.0;1660.0;220.0;291.0;-134.0;320.0;-518.0;1218.0
1010.0;1460.0;2160.0;2770.0;344.0;316.0;690.0;990.0;1350.0;1930.0;246.0;318.0;-134.0;314.0;-518.0;1223.0
960.0;1410.0;2030.0;2820.0;333.0;321.0;660.0;930.0;1340.0;1840.0;249.0;312.0;-135.0;312.0;-521.0;1215.0
1070.0;1540.0;2310.0;3070.0;380.0;360.0;730.0;1080.0;1560.0;2110.0;277.0;350.0;-126.0;304.0;-518.0;1215.0
990.0;1460.0;2120.0;2870.0;339.0;338.0;710.0;980.0;1400.0;2020.0;267.0;341.0;-124.0;305.0;-517.0;1223.0
1010.0;1520.0;2180.0;3050.0;355.0;331.0;690.0;990.0;1470.0;2020.0;269.0;322.0;-134.0;306.0;-517.0;1222.0
910.0;1340.0;2010.0;2640.0;314.0;294.0;630.0;880.0;1300.0;1700.0;234.0;290.0;-134.0;308.0;-517.0;1218.0
1000.0;1460.0;2130.0;2840.0;343.0;316.0;640.0;900.0;1310.0;1820.0;242.0;324.0;-134.0;306.0;-515.0;1226.0
1010.0;1490.0;2250.0;2980.0;356.0;341.0;660.0;920.0;1350.0;1940.0;257.0;325.0;-134.0;313.0;-517.0;1212.0
860.0;1250.0;1840.0;2480.0;291.0;282.0;650.0;930.0;1330.0;1750.0;239.0;282.0;-134.0;305.0;-519.0;1224.0
970.0;1430.0;2100.0;2790.0;330.0;311.0;600.0;880.0;1230.0;1730.0;240.0;309.0;-137.0;308.0;-519.0;1218.0
1100.0;1640.0;2400.0;3190.0;380.0;366.0;730.0;1030.0;1470.0;2070.0;290.0;350.0;-138.0;303.0;-521.0;1221.0
830.0;1210.0;1770.0;2400.0;305.0;309.0;670.0;950.0;1300.0;1920.0;261.0;314.0;-138.0;311.0;-521.0;1217.0
880.0;1310.0;1900.0;2600.0;312.0;289.0;620.0;880.0;1250.0;1800.0;241.0;280.0;-130.0;318.0;-519.0;1223.0
1080.0;1550.0;2280.0;3020.0;371.0;344.0;650.0;960.0;1400.0;1970.0;267.0;323.0;-130.0;306.0;-513.0;1228.0
1010.0;1500.0;2220.0;3020.0;376.0;352.0;720.0;1010.0;1400.0;2010.0;273.0;350.0;-130.0;303.0;-513.0;1224.0
950.0;1420.0;2070.0;2830.0;345.0;314.0;700.0;940.0;1330.0;1850.0;243.0;286.0;-130.0;318.0;-513.0;1216.0
870.0;1290.0;1840.0;2500.0;301.0;280.0;630.0;880.0;1320.0;1790.0;226.0;291.0;-130.0;308.0;-516.0;1224.0
870.0;1300.0;1810.0;2390.0;291.0;264.0;590.0;850.0;1130.0;1610.0;221.0;284.0;-132.0;313.0;-516.0;1219.0
1010.0;1450.0;2120.0;2830.0;346.0;315.0;630.0;870.0;1230.0;1760.0;237.0;286.0;-135.0;316.0;-516.0;1229.0
960.0;1390.0;2020.0;2700.0;329.0;309.0;600.0;830.0;1180.0;1620.0;238.0;300.0;-132.0;315.0;-515.0;1222.0
1040.0;1550.0;2250.0;3040.0;372.0;351.0;720.0;1000.0;1420.0;2030.0;276.0;334.0;-132.0;305.0;-515.0;1217.0
940.0;1390.0;2040.0;2780.0;331.0;326.0;690.0;990.0;1360.0;1980.0;264.0;317.0;-132.0;309.0;-515.0;1218.0
1030.0;1490.0;2190.0;2940.0;364.0;354.0;670.0;980.0;1420.0;2060.0;264.0;349.0;-127.0;314.0;-515.0;1225.0
850.0;1300.0;2000.0;2720.0;330.0;313.0;650.0;910.0;1250.0;1800.0;243.0;309.0;-127.0;319.0;-516.0;1213.0
1090.0;1590.0;2340.0;3150.0;391.0;375.0;690.0;1020.0;1480.0;2090.0;286.0;355.0;-127.0;308.0;-516.0;1222.0
960.0;1450.0;2080.0;2780.0;350.0;335.0;640.0;880.0;1280.0;1930.0;255.0;323.0;-127.0;310.0;-519.0;1217.0
1170.0;1690.0;2470.0;3240.0;405.0;387.0;740.0;1070.0;1520.0;2130.0;287.0;360.0;-134.0;311.0;-519.0;1226.0
1210.0;1740.0;2570.0;3370.0;417.0;417.0;760.0;1110.0;1550.0;2260.0;302.0;396.0;-140.0;315.0;-517.0;1220.0
1090.0;1620.0;2410.0;3310.0;416.0;403.0;720.0;1020.0;1500.0;2160.0;290.0;370.0;-140.0;312.0;-517.0;1227.0
1120.0;1650.0;2380.0;3230.0;392.0;403.0;720.0;1060.0;1530.0;2210.0;295.0;363.0;-140.0;322.0;-517.0;1211.0
1100.0;1630.0;2420.0;3270.0;396.0;405.0;760.0;1110.0;1570.0;2270.0;303.0;399.0;-135.0;314.0;-517.0;1211.0
1070.0;1580.0;2280.0;3150.0;394.0;387.0;760.0;1080.0;1550.0;2060.0;288.0;361.0;-135.0;308.0;-515.0;1216.0
1120.0;1640.0;2370.0;3250.0;400.0;389.0;730.0;1030.0;1500.0;2110.0;314.0;380.0;-132.0;306.0;-513.0;1222.0
1050.0;1520.0;2240.0;3040.0;383.0;370.0;730.0;1010.0;1430.0;2050.0;281.0;344.0;-127.0;310.0;-509.0;1216.0
1080.0;1590.0;2270.0;3100.0;375.0;382.0;750.0;1070.0;1520.0;2060.0;289.0;342.0;-127.0;307.0;-509.0;1218.0
1090.0;1620.0;2390.0;3210.0;390.0;398.0;760.0;1090.0;1610.0;2270.0;296.0;370.0;-130.0;313.0;-513.0;1219.0
1010.0;1510.0;2140.0;2950.0;352.0;349.0;680.0;950.0;1330.0;1890.0;260.0;340.0;-130.0;310.0;-514.0;1222.0
1030.0;1520.0;2210.0;3090.0;364.0;375.0;730.0;1070.0;1510.0;2110.0;292.0;358.0;-130.0;305.0;-514.0;1222.0
1020.0;1530.0;2190.0;3050.0;361.0;369.0;680.0;940.0;1430.0;2030.0;276.0;361.0;-132.0;311.0;-517.0;1210.0
1120.0;1640.0;2400.0;3250.0;388.0;383.0;730.0;1050.0;1530.0;2160.0;304.0;374.0;-134.0;307.0;-514.0;1221.0
1130.0;1720.0;2400.0;3350.0;410.0;407.0;810.0;1170.0;1700.0;2290.0;312.0;383.0;-134.0;319.0;-514.0;1228.0
1140.0;1700.0;2450.0;3340.0;413.0;415.0;750.0;1070.0;1590.0;2290.0;316.0;403.0;-134.0;317.0;-517.0;1223.0
1090.0;1630.0;2390.0;3270.0;409.0;404.0;750.0;1020.0;1540.0;2250.0;302.0;372.0;-134.0;311.0;-517.0;1218.0
890.0;1270.0;1760.0;2490.0;301.0;315.0;670.0;910.0;1350.0;1900.0;263.0;333.0;-136.0;311.0;-519.0;1218.0
1000.0;1440.0;2140.0;2910.0;349.0;349.0;730.0;1030.0;1450.0;2010.0;274.0;334.0;-136.0;303.0;-519.0;1215.0
960.0;1390.0;2090.0;2850.0;346.0;343.0;690.0;980.0;1420.0;2030.0;278.0;340.0;-131.0;314.0;-519.0;1217.0
990.0;1450.0;2110.0;2770.0;315.0;305.0;630.0;900.0;1270.0;1760.0;242.0;326.0;-129.0;310.0;-512.0;1224.0
850.0;1280.0;1860.0;2510.0;308.0;271.0;650.0;920.0;1350.0;1790.0;237.0;278.0;-139.0;307.0;-519.0;1220.0
880.0;1240.0;1800.0;2430.0;282.0;270.0;580.0;850.0;1230.0;1820.0;244.0;292.0;-134.0;315.0;-514.0;1218.0
950.0;1390.0;2000.0;2740.0;337.0;311.0;670.0;970.0;1430.0;1980.0;267.0;323.0;-127.0;311.0;-508.0;1222.0
1080.0;1570.0;2270.0;3090.0;368.0;325.0;710.0;1000.0;1390.0;2000.0;266.0;336.0;-134.0;299.0;-514.0;1221.0
1060.0;1570.0;2250.0;3020.0;365.0;361.0;730.0;1050.0;1480.0;1980.0;278.0;352.0;-134.0;307.0;-520.0;1229.0
1020.0;1460.0;2180.0;2970.0;363.0;350.0;700.0;990.0;1420.0;1970.0;265.0;339.0;-134.0;311.0;-523.0;1216.0
950.0;1490.0;2170.0;3030.0;360.0;360.0;710.0;1000.0;1500.0;2070.0;281.0;339.0;-134.0;303.0;-523.0;1211.0
1100.0;1640.0;2380.0;3210.0;400.0;377.0;720.0;1040.0;1520.0;2170.0;284.0;359.0;-134.0;299.0;-523.0;1216.0
1080.0;1590.0;2320.0;3280.0;399.0;394.0;750.0;1050.0;1520.0;2150.0;313.0;369.0;-132.0;311.0;-523.0;1215.0
1080.0;1590.0;2300.0;3060.0;376.0;376.0;720.0;1030.0;1510.0;2030.0;289.0;347.0;-131.0;305.0;-518.0;1220.0
1100.0;1570.0;2390.0;3200.0;389.0;372.0;710.0;1030.0;1480.0;2220.0;308.0;390.0;-131.0;309.0;-518.0;1216.0
1070.0;1550.0;2290.0;3120.0;381.0;359.0;770.0;1090.0;1570.0;2150.0;290.0;351.0;-131.0;309.0;-518.0;1220.0
1190.0;1790.0;2600.0;3480.0;420.0;408.0;770.0;1090.0;1530.0;2300.0;304.0;378.0;-130.0;307.0;-518.0;1222.0
1080.0;1580.0;2350.0;3140.0;397.0;405.0;770.0;1080.0;1560.0;2260.0;318.0;406.0;-130.0;321.0;-518.0;1222.0
890.0;1300.0;1950.0;2740.0;326.0;348.0;730.0;1050.0;1510.0;2120.0;294.0;348.0;-133.0;307.0;-518.0;1221.0
1070.0;1600.0;2300.0;3170.0;387.0;381.0;710.0;1070.0;1480.0;2140.0;284.0;361.0;-127.0;306.0;-514.0;1215.0
1040.0;1540.0;2290.0;3120.0;384.0;373.0;730.0;1080.0;1570.0;2210.0;306.0;386.0;-133.0;321.0;-518.0;1219.0
1160.0;1690.0;2420.0;3310.0;409.0;387.0;730.0;1110.0;1570.0;2200.0;306.0;391.0;-133.0;307.0;-514.0;1220.0
1100.0;1640.0;2340.0;3210.0;405.0;387.0;740.0;1040.0;1550.0;2260.0;292.0;349.0;-136.0;311.0;-513.0;1225.0
920.0;1360.0;1990.0;2670.0;328.0;319.0;670.0;940.0;1350.0;1870.0;258.0;344.0;-126.0;308.0;-507.0;1207.0
1010.0;1490.0;2170.0;2920.0;350.0;337.0;720.0;1030.0;1440.0;2010.0;271.0;340.0;-135.0;308.0;-513.0;1227.0
950.0;1400.0;2050.0;2860.0;349.0;333.0;660.0;940.0;1360.0;1950.0;277.0;329.0;-132.0;313.0;-513.0;1214.0
980.0;1440.0;2090.0;2800.0;352.0;331.0;690.0;990.0;1410.0;2040.0;285.0;345.0;-132.0;311.0;-513.0;1216.0
1070.0;1580.0;2230.0;3010.0;372.0;354.0;720.0;1010.0;1410.0;1980.0;272.0;345.0;-132.0;314.0;-514.0;1223.0
1040.0;1560.0;2250.0;3110.0;367.0;365.0;720.0;1020.0;1510.0;2030.0;292.0;361.0;-132.0;304.0;-519.0;1219.0
1060.0;1540.0;2250.0;2970.0;358.0;372.0;740.0;1040.0;1480.0;2030.0;281.0;368.0;-132.0;304.0;-518.0;1227.0
870.0;1260.0;1840.0;2490.0;302.0;306.0;630.0;900.0;1260.0;1770.0;246.0;316.0;-132.0;308.0;-518.0;1215.0
1080.0;1630.0;2320.0;3140.0;384.0;362.0;740.0;1050.0;1550.0;2100.0;296.0;352.0;-133.0;308.0;-519.0;1221.0
1000.0;1470.0;2190.0;2950.0;362.0;341.0;670.0;930.0;1340.0;1890.0;253.0;336.0;-129.0;313.0;-518.0;1213.0
850.0;1240.0;1840.0;2430.0;299.0;291.0;670.0;940.0;1340.0;1920.0;246.0;310.0;-130.0;315.0;-513.0;1222.0
910.0;1370.0;1930.0;2600.0;321.0;307.0;680.0;960.0;1390.0;1880.0;250.0;312.0;-130.0;312.0;-513.0;1224.0
1000.0;1460.0;2060.0;2810.0;336.0;320.0;660.0;970.0;1340.0;1950.0;257.0;322.0;-137.0;318.0;-519.0;1223.0
1150.0;1740.0;2490.0;3330.0;388.0;382.0;730.0;1040.0;1490.0;2120.0;301.0;375.0;-137.0;310.0;-519.0;1215.0
980.0;1460.0;2170.0;2860.0;353.0;347.0;720.0;1030.0;1450.0;1950.0;274.0;351.0;-137.0;306.0;-519.0;1213.0
990.0;1440.0;2110.0;2920.0;354.0;349.0;690.0;1030.0;1470.0;2020.0;283.0;357.0;-137.0;312.0;-522.0;1218.0
1150.0;1720.0;2470.0;3450.0;410.0;412.0;740.0;1090.0;1510.0;2190.0;300.0;387.0;-137.0;305.0;-519.0;1222.0
1050.0;1580.0;2300.0;3060.0;385.0;393.0;750.0;1080.0;1520.0;2140.0;301.0;368.0;-134.0;310.0;-515.0;1231.0
1210.0;1760.0;2540.0;3420.0;426.0;423.0;790.0;1160.0;1680.0;2410.0;335.0;409.0;-130.0;313.0;-511.0;1220.0
1080.0;1600.0;2380.0;3300.0;409.0;401.0;750.0;1110.0;1590.0;2260.0;301.0;391.0;-130.0;308.0;-512.0;1223.0
1050.0;1500.0;2150.0;2890.0;364.0;358.0;770.0;1070.0;1550.0;2050.0;283.0;345.0;-127.0;310.0;-511.0;1213.0
1030.0;1510.0;2210.0;3010.0;358.0;358.0;740.0;1010.0;1460.0;2090.0;285.0;363.0;-127.0;306.0;-511.0;1215.0
1140.0;1700.0;2410.0;3370.0;402.0;400.0;800.0;1140.0;1620.0;2230.0;314.0;388.0;-127.0;309.0;-512.0;1216.0
1060.0;1560.0;2320.0;3100.0;387.0;384.0;730.0;1040.0;1540.0;2170.0;298.0;386.0;-129.0;313.0;-514.0;1226.0
1180.0;1720.0;2510.0;3400.0;417.0;415.0;860.0;1180.0;1690.0;2270.0;308.0;403.0;-133.0;309.0;-517.0;1223.0
940.0;1390.0;2000.0;2780.0;335.0;365.0;690.0;1050.0;1440.0;2080.0;284.0;358.0;-133.0;300.0;-518.0;1230.0
980.0;1450.0;2140.0;2890.0;347.0;351.0;670.0;960.0;1430.0;2040.0;287.0;351.0;-134.0;310.0;-519.0;1210.0
1160.0;1690.0;2490.0;3410.0;413.0;398.0;820.0;1200.0;1630.0;2200.0;310.0;417.0;-134.0;314.0;-519.0;1217.0
1170.0;1750.0;2580.0;3550.0;430.0;422.0;760.0;1060.0;1610.0;2250.0;313.0;414.0;-134.0;313.0;-519.0;1212.0
1230.0;1790.0;2650.0;3560.0;439.0;439.0;850.0;1280.0;1770.0;2480.0;338.0;437.0;-134.0;308.0;-519.0;1213.0
1210.0;1770.0;2600.0;3500.0;437.0;450.0;820.0;1210.0;1740.0;2500.0;350.0;420.0;-137.0;305.0;-518.0;1213.0
1150.0;1700.0;2430.0;3410.0;411.0;435.0;780.0;1160.0;1680.0;2430.0;343.0;447.0;-137.0;321.0;-517.0;1223.0
1050.0;1590.0;2350.0;3220.0;408.0;405.0;750.0;1130.0;1620.0;2380.0;316.0;405.0;-137.0;307.0;-515.0;1218.0
990.0;1490.0;2220.0;3010.0;368.0;372.0;800.0;1130.0;1620.0;2200.0;306.0;364.0;-128.0;306.0;-511.0;1223.0
1100.0;1630.0;2360.0;3150.0;390.0;397.0;790.0;1140.0;1620.0;2310.0;321.0;398.0;-129.0;310.0;-513.0;1231.0
1170.0;1740.0;2500.0;3490.0;424.0;417.0;870.0;1270.0;1770.0;2550.0;341.0;428.0;-129.0;309.0;-513.0;1224.0
1210.0;1790.0;2640.0;3490.0;450.0;474.0;840.0;1170.0;1720.0;2420.0;342.0;450.0;-127.0;316.0;-508.0;1220.0
1190.0;1730.0;2570.0;3480.0;433.0;432.0;810.0;1120.0;1620.0;2330.0;326.0;418.0;-129.0;307.0;-508.0;1211.0
1140.0;1680.0;2490.0;3350.0;412.0;427.0;840.0;1180.0;1660.0;2290.0;322.0;428.0;-131.0;308.0;-513.0;1214.0
1100.0;1640.0;2460.0;3420.0;410.0;422.0;790.0;1130.0;1640.0;2360.0;336.0;419.0;-135.0;303.0;-510.0;1219.0
1230.0;1810.0;2630.0;3550.0;458.0;481.0;810.0;1210.0;1740.0;2460.0;326.0;434.0;-135.0;310.0;-510.0;1218.0
1240.0;1840.0;2650.0;3570.0;439.0;461.0;820.0;1160.0;1700.0;2390.0;346.0;434.0;-135.0;298.0;-515.0;1222.0
1230.0;1780.0;2580.0;3580.0;441.0;475.0;870.0;1250.0;1780.0;2570.0;354.0;470.0;-135.0;308.0;-518.0;1224.0
1110.0;1650.0;2430.0;3330.0;401.0;418.0;820.0;1120.0;1700.0;2260.0;319.0;430.0;-136.0;307.0;-518.0;1216.0
940.0;1380.0;2040.0;2760.0;343.0;356.0;700.0;1040.0;1490.0;2180.0;290.0;348.0;-135.0;314.0;-518.0;1222.0
1000.0;1440.0;2120.0;2920.0;351.0;331.0;700.0;980.0;1390.0;2040.0;277.0;334.0;-128.0;305.0;-515.0;1225.0
910.0;1320.0;1930.0;2540.0;321.0;315.0;690.0;960.0;1370.0;1850.0;248.0;326.0;-130.0;308.0;-518.0;1215.0
980.0;1470.0;2180.0;3020.0;355.0;360.0;690.0;1020.0;1460.0;2000.0;299.0;369.0;-130.0;322.0;-517.0;1217.0
1020.0;1500.0;2200.0;3110.0;376.0;386.0;750.0;1050.0;1500.0;2170.0;303.0;361.0;-130.0;313.0;-517.0;1223.0
1100.0;1620.0;2350.0;3240.0;394.0;395.0;730.0;1050.0;1500.0;2140.0;286.0;364.0;-131.0;308.0;-520.0;1225.0
1110.0;1650.0;2360.0;3250.0;401.0;402.0;780.0;1100.0;1630.0;2300.0;319.0;407.0;-131.0;302.0;-520.0;1226.0
1170.0;1740.0;2560.0;3490.0;427.0;430.0;800.0;1190.0;1720.0;2470.0;344.0;422.0;-131.0;311.0;-517.0;1217.0
1210.0;1780.0;2680.0;3620.0;438.0;460.0;820.0;1190.0;1780.0;2550.0;351.0;442.0;-131.0;306.0;-513.0;1216.0
1190.0;1750.0;2570.0;3510.0;434.0;458.0;880.0;1210.0;1750.0;2500.0;353.0;439.0;-131.0;313.0;-513.0;1221.0
1200.0;1780.0;2540.0;3480.0;432.0;424.0;850.0;1180.0;1720.0;2440.0;336.0;432.0;-132.0;315.0;-513.0;1227.0
1250.0;1870.0;2740.0;3770.0;471.0;451.0;800.0;1180.0;1730.0;2460.0;358.0;439.0;-132.0;302.0;-513.0;1220.0
1150.0;1690.0;2450.0;3350.0;418.0;418.0;820.0;1120.0;1690.0;2380.0;317.0;412.0;-136.0;305.0;-516.0;1220.0
1050.0;1530.0;2250.0;3070.0;373.0;397.0;740.0;1090.0;1540.0;2240.0;302.0;377.0;-135.0;314.0;-516.0;1218.0
1100.0;1630.0;2390.0;3270.0;389.0;387.0;740.0;1040.0;1490.0;2100.0;285.0;359.0;-132.0;315.0;-514.0;1230.0
1110.0;1600.0;2390.0;3230.0;396.0;396.0;730.0;1060.0;1550.0;2100.0;311.0;391.0;-135.0;313.0;-514.0;1215.0
1140.0;1630.0;2430.0;3310.0;405.0;421.0;750.0;1100.0;1580.0;2310.0;309.0;408.0;-137.0;310.0;-516.0;1221.0
1040.0;1500.0;2240.0;3040.0;370.0;404.0;740.0;1050.0;1510.0;2170.0;310.0;374.0;-138.0;306.0;-516.0;1217.0
1100.0;1620.0;2390.0;3200.0;402.0;392.0;780.0;1130.0;1580.0;2260.0;308.0;385.0;-138.0;313.0;-517.0;1218.0
1210.0;1770.0;2600.0;3510.0;436.0;447.0;820.0;1180.0;1730.0;2430.0;330.0;428.0;-138.0;298.0;-519.0;1224.0
1120.0;1620.0;2470.0;3480.0;425.0;443.0;800.0;1180.0;1720.0;2390.0;335.0;425.0;-139.0;309.0;-524.0;1213.0
1040.0;1490.0;2260.0;3130.0;390.0;390.0;810.0;1170.0;1610.0;2310.0;302.0;397.0;-139.0;307.0;-519.0;1228.0
1050.0;1550.0;2210.0;3040.0;376.0;375.0;700.0;1040.0;1520.0;2110.0;297.0;358.0;-131.0;317.0;-519.0;1221.0
1220.0;1770.0;2600.0;3590.0;423.0;433.0;880.0;1280.0;1770.0;2530.0;332.0;428.0;-131.0;302.0;-517.0;1215.0
1020.0;1560.0;2320.0;3250.0;411.0;417.0;750.0;1090.0;1540.0;2360.0;333.0;434.0;-133.0;311.0;-517.0;1216.0
1170.0;1740.0;2560.0;3600.0;440.0;455.0;840.0;1160.0;1680.0;2410.0;332.0;433.0;-133.0;314.0;-517.0;1217.0
1280.0;1880.0;2710.0;3670.0;455.0;457.0;860.0;1200.0;1720.0;2460.0;345.0;458.0;-133.0;306.0;-518.0;1224.0
1120.0;1630.0;2350.0;3280.0;402.0;419.0;770.0;1110.0;1630.0;2370.0;329.0;428.0;-133.0;306.0;-519.0;1219.0
1140.0;1670.0;2510.0;3380.0;424.0;434.0;850.0;1180.0;1750.0;2420.0;335.0;416.0;-135.0;312.0;-519.0;1214.0
1110.0;1640.0;2460.0;3390.0;415.0;439.0;760.0;1140.0;1690.0;2410.0;333.0;427.0;-135.0;306.0;-518.0;1217.0
1120.0;1650.0;2390.0;3340.0;415.0;435.0;860.0;1220.0;1800.0;2490.0;334.0;415.0;-131.0;312.0;-514.0;1215.0
1260.0;1850.0;2690.0;3710.0;459.0;474.0;800.0;1170.0;1720.0;2520.0;347.0;428.0;-131.0;314.0;-514.0;1232.0
1170.0;1680.0;2420.0;3400.0;428.0;442.0;830.0;1160.0;1710.0;2370.0;333.0;405.0;-132.0;305.0;-514.0;1220.0
1020.0;1530.0;2240.0;3050.0;377.0;398.0;730.0;1080.0;1570.0;2170.0;278.0;351.0;-129.0;303.0;-513.0;1209.0
960.0;1460.0;2080.0;2940.0;361.0;355.0;690.0;1030.0;1460.0;2130.0;275.0;344.0;-132.0;308.0;-513.0;1217.0
1030.0;1510.0;2210.0;2950.0;373.0;360.0;740.0;1040.0;1450.0;2090.0;269.0;358.0;-135.0;311.0;-515.0;1217.0
1070.0;1520.0;2200.0;3100.0;369.0;366.0;700.0;1060.0;1460.0;2060.0;299.0;364.0;-135.0;321.0;-515.0;1220.0
1040.0;1530.0;2230.0;3100.0;377.0;366.0;790.0;1110.0;1660.0;2340.0;295.0;371.0;-133.0;312.0;-515.0;1216.0
1020.0;1510.0;2210.0;3050.0;357.0;366.0;720.0;1040.0;1530.0;2150.0;304.0;384.0;-133.0;310.0;-516.0;1215.0
1050.0;1530.0;2230.0;3100.0;372.0;369.0;740.0;1050.0;1520.0;2160.0;293.0;354.0;-133.0;311.0;-518.0;1223.0
1110.0;1660.0;2430.0;3270.0;398.0;407.0;780.0;1150.0;1630.0;2270.0;311.0;390.0;-133.0;308.0;-516.0;1220.0
1090.0;1620.0;2330.0;3200.0;393.0;392.0;780.0;1110.0;1620.0;2390.0;308.0;388.0;-133.0;314.0;-516.0;1212.0
980.0;1470.0;2100.0;2890.0;353.0;373.0;730.0;1040.0;1580.0;2140.0;295.0;362.0;-133.0;313.0;-514.0;1216.0
1060.0;1530.0;2260.0;3070.0;370.0;375.0;730.0;1070.0;1520.0;2140.0;296.0;394.0;-132.0;306.0;-512.0;1215.0
1000.0;1470.0;2210.0;3020.0;367.0;373.0;690.0;1010.0;1450.0;2130.0;297.0;373.0;-126.0;316.0;-511.0;1228.0
1170.0;1720.0;2470.0;3330.0;417.0;429.0;770.0;1100.0;1570.0;2220.0;305.0;404.0;-126.0;304.0;-511.0;1217.0
1150.0;1680.0;2510.0;3390.0;428.0;440.0;800.0;1150.0;1720.0;2460.0;355.0;428.0;-125.0;316.0;-510.0;1217.0
1150.0;1710.0;2560.0;3490.0;435.0;440.0;840.0;1260.0;1720.0;2550.0;326.0;433.0;-125.0;309.0;-510.0;1223.0
1050.0;1490.0;2190.0;2930.0;369.0;356.0;760.0;1080.0;1560.0;2150.0;296.0;367.0;-126.0;314.0;-511.0;1213.0
1090.0;1570.0;2270.0;2980.0;384.0;371.0;740.0;1040.0;1510.0;2240.0;304.0;370.0;-127.0;318.0;-513.0;1223.0
1010.0;1480.0;2140.0;2860.0;352.0;356.0;710.0;990.0;1430.0;2000.0;261.0;336.0;-127.0;311.0;-513.0;1215.0
860.0;1210.0;1760.0;2410.0;293.0;296.0;700.0;990.0;1420.0;1980.0;259.0;320.0;-129.0;313.0;-513.0;1220.0
1050.0;1570.0;2270.0;3070.0;363.0;358.0;720.0;970.0;1440.0;2110.0;276.0;355.0;-129.0;308.0;-513.0;1217.0
1010.0;1460.0;2180.0;2990.0;362.0;353.0;730.0;1060.0;1550.0;2210.0;293.0;377.0;-131.0;309.0;-513.0;1222.0
1100.0;1570.0;2360.0;3210.0;389.0;390.0;740.0;1050.0;1540.0;2100.0;302.0;382.0;-129.0;308.0;-513.0;1217.0
990.0;1480.0;2150.0;3020.0;372.0;361.0;690.0;1000.0;1420.0;2110.0;288.0;370.0;-124.0;300.0;-511.0;1201.0
1240.0;1790.0;2590.0;3570.0;433.0;429.0;800.0;1170.0;1620.0;2350.0;327.0;412.0;-124.0;310.0;-508.0;1208.0
1120.0;1610.0;2480.0;3360.0;402.0;422.0;830.0;1190.0;1740.0;2450.0;324.0;407.0;-124.0;317.0;-508.0;1201.0
1300.0;1920.0;2790.0;3840.0;481.0;487.0;850.0;1260.0;1870.0;2640.0;358.0;465.0;-124.0;300.0;-507.0;1193.0
1030.0;1530.0;2300.0;3160.0;392.0;419.0;740.0;1120.0;1640.0;2310.0;322.0;416.0;-124.0;314.0;-507.0;1192.0
1000.0;1450.0;2120.0;2830.0;371.0;369.0;730.0;1050.0;1530.0;2200.0;302.0;405.0;-129.0;307.0;-508.0;1194.0
1000.0;1460.0;2220.0;2980.0;369.0;377.0;700.0;1000.0;1480.0;2050.0;283.0;384.0;-129.0;303.0;-509.0;1186.0
920.0;1330.0;1970.0;2730.0;328.0;339.0;680.0;950.0;1410.0;2010.0;285.0;350.0;-129.0;306.0;-503.0;1180.0
1130.0;1700.0;2420.0;3320.0;398.0;423.0;770.0;1110.0;1550.0;2220.0;300.0;395.0;-130.0;302.0;-503.0;1197.0
1110.0;1630.0;2440.0;3370.0;407.0;433.0;780.0;1120.0;1640.0;2360.0;327.0;401.0;-131.0;309.0;-511.0;1187.0
1080.0;1550.0;2320.0;3050.0;367.0;403.0;780.0;1090.0;1630.0;2330.0;308.0;406.0;-130.0;303.0;-499.0;1181.0
1020.0;1480.0;2180.0;2960.0;365.0;384.0;740.0;1090.0;1560.0;2170.0;301.0;389.0;-129.0;298.0;-499.0;1183.0
1080.0;1600.0;2360.0;3180.0;405.0;438.0;780.0;1150.0;1660.0;2460.0;342.0;436.0;-129.0;302.0;-499.0;1190.0
1150.0;1660.0;2500.0;3480.0;428.0;448.0;820.0;1190.0;1650.0;2460.0;345.0;433.0;-129.0;296.0;-500.0;1175.0
1110.0;1580.0;2330.0;3130.0;399.0;432.0;740.0;1070.0;1610.0;2310.0;319.0;439.0;-129.0;301.0;-499.0;1175.0
960.0;1420.0;2070.0;2840.0;351.0;415.0;780.0;1070.0;1640.0;2280.0;301.0;427.0;-129.0;297.0;-500.0;1174.0
930.0;1380.0;2100.0;2900.0;348.0;408.0;720.0;1110.0;1630.0;2270.0;316.0;419.0;-132.0;300.0;-501.0;1178.0
1000.0;1470.0;2170.0;2960.0;379.0;401.0;740.0;1040.0;1610.0;2290.0;314.0;405.0;-132.0;300.0;-502.0;1185.0
1130.0;1670.0;2470.0;3510.0;436.0;477.0;820.0;1200.0;1830.0;2590.0;362.0;457.0;-132.0;298.0;-505.0;1187.0
1330.0;2000.0;2940.0;4110.0;515.0;564.0;850.0;1330.0;2000.0;2930.0;419.0;561.0;-129.0;301.0;-505.0;1179.0
1370.0;2020.0;3030.0;4180.0;526.0;578.0;960.0;1420.0;2080.0;3090.0;416.0;566.0;-123.0;308.0;-504.0;1180.0
1240.0;1890.0;2820.0;3820.0;502.0;542.0;920.0;1360.0;1990.0;2940.0;413.0;553.0;-122.0;304.0;-504.0;1188.0
1250.0;1900.0;2900.0;3930.0;511.0;583.0;910.0;1370.0;2040.0;3080.0;441.0;558.0;-122.0;302.0;-500.0;1194.0
1410.0;2110.0;3120.0;4410.0;559.0;616.0;970.0;1400.0;2150.0;3230.0;453.0;606.0;-118.0;302.0;-500.0;1189.0
1360.0;2030.0;3040.0;4300.0;547.0;626.0;950.0;1430.0;2130.0;3190.0;450.0;615.0;-118.0;309.0;-495.0;1186.0
1350.0;2060.0;3080.0;4260.0;548.0;595.0;950.0;1460.0;2150.0;3200.0;462.0;595.0;-122.0;308.0;-500.0;1193.0
1330.0;1970.0;2960.0;4160.0;522.0;598.0;960.0;1430.0;2140.0;3140.0;440.0;560.0;-124.0;306.0;-506.0;1195.0
1220.0;1870.0;2810.0;3920.0;513.0;595.0;990.0;1480.0;2240.0;3160.0;445.0;575.0;-124.0;308.0;-506.0;1193.0
1440.0;2170.0;3290.0;4560.0;572.0;622.0;1000.0;1450.0;2250.0;3310.0;454.0;594.0;-124.0;305.0;-506.0;1191.0
1250.0;1930.0;2870.0;4030.0;515.0;592.0;960.0;1410.0;2050.0;2950.0;421.0;587.0;-124.0;306.0;-507.0;1198.0
1290.0;1930.0;2910.0;3980.0;501.0;575.0;930.0;1390.0;2080.0;3060.0;441.0;577.0;-130.0;296.0;-507.0;1188.0
1230.0;1890.0;2830.0;3920.0;494.0;558.0;860.0;1320.0;2000.0;2970.0;433.0;571.0;-124.0;300.0;-506.0;1183.0
1030.0;1570.0;2330.0;3300.0;426.0;483.0;860.0;1240.0;1820.0;2640.0;373.0;491.0;-126.0;303.0;-506.0;1197.0
1250.0;1920.0;2800.0;3890.0;495.0;541.0;930.0;1370.0;2020.0;2910.0;418.0;533.0;-126.0;314.0;-506.0;1192.0
1030.0;1550.0;2330.0;3220.0;414.0;478.0;820.0;1270.0;1780.0;2670.0;382.0;482.0;-129.0;301.0;-506.0;1192.0
1190.0;1790.0;2640.0;3670.0;454.0;514.0;850.0;1280.0;1860.0;2830.0;399.0;525.0;-126.0;313.0;-501.0;1195.0
1100.0;1630.0;2440.0;3310.0;435.0;481.0;760.0;1160.0;1760.0;2620.0;374.0;489.0;-129.0;310.0;-506.0;1191.0
1140.0;1660.0;2430.0;3450.0;440.0;510.0;840.0;1250.0;1800.0;2790.0;384.0;501.0;-131.0;299.0;-509.0;1194.0
1110.0;1660.0;2450.0;3440.0;422.0;493.0;870.0;1300.0;1880.0;2770.0;374.0;499.0;-129.0;298.0;-503.0;1199.0
1170.0;1780.0;2620.0;3770.0;471.0;531.0;840.0;1300.0;1920.0;2870.0;396.0;528.0;-131.0;306.0;-503.0;1194.0
1300.0;1950.0;2890.0;4000.0;505.0;565.0;940.0;1410.0;2110.0;3040.0;423.0;569.0;-131.0;310.0;-507.0;1207.0
1470.0;2170.0;3310.0;4530.0;581.0;613.0;970.0;1440.0;2110.0;3140.0;448.0;606.0;-126.0;307.0;-503.0;1195.0
1320.0;1950.0;2880.0;3960.0;520.0;590.0;990.0;1450.0;2130.0;3090.0;444.0;575.0;-126.0;303.0;-503.0;1192.0
1380.0;2070.0;3020.0;4260.0;542.0;613.0;1040.0;1550.0;2240.0;3280.0;452.0;609.0;-127.0;308.0;-506.0;1202.0
1120.0;1670.0;2520.0;3570.0;464.0;530.0;890.0;1360.0;2070.0;2910.0;408.0;545.0;-126.0;297.0;-506.0;1201.0
1290.0;1890.0;2880.0;3940.0;511.0;569.0;940.0;1430.0;2060.0;3100.0;430.0;574.0;-127.0;303.0;-503.0;1202.0
1160.0;1710.0;2590.0;3770.0;485.0;547.0;930.0;1330.0;2030.0;3010.0;422.0;544.0;-127.0;314.0;-506.0;1204.0
1400.0;2080.0;3130.0;4310.0;539.0;591.0;1000.0;1500.0;2240.0;3160.0;451.0;596.0;-127.0;307.0;-503.0;1203.0
1210.0;1830.0;2790.0;3850.0;488.0;559.0;950.0;1360.0;2030.0;3010.0;431.0;564.0;-127.0;299.0;-503.0;1199.0
1280.0;1900.0;2780.0;3910.0;520.0;577.0;1010.0;1490.0;2210.0;3170.0;433.0;597.0;-130.0;302.0;-510.0;1208.0
1290.0;1920.0;2820.0;4070.0;516.0;580.0;960.0;1480.0;2210.0;3200.0;445.0;581.0;-130.0;306.0;-510.0;1211.0
1370.0;2030.0;3030.0;4280.0;546.0;610.0;1010.0;1510.0;2280.0;3400.0;471.0;605.0;-131.0;305.0;-507.0;1202.0
1360.0;2020.0;3040.0;4250.0;553.0;624.0;1050.0;1560.0;2270.0;3520.0;481.0;610.0;-131.0;310.0;-507.0;1203.0
1440.0;2140.0;3250.0;4390.0;578.0;643.0;1050.0;1600.0;2360.0;3420.0;486.0;627.0;-132.0;298.0;-507.0;1207.0
1360.0;2020.0;3050.0;4380.0;554.0;627.0;1030.0;1540.0;2240.0;3330.0;488.0;623.0;-128.0;305.0;-507.0;1198.0
1300.0;1950.0;2970.0;4190.0;541.0;614.0;980.0;1510.0;2250.0;3320.0;457.0;608.0;-128.0;303.0;-503.0;1212.0
1280.0;1940.0;2880.0;4030.0;525.0;614.0;1040.0;1560.0;2350.0;3330.0;461.0;605.0;-128.0;304.0;-503.0;1209.0
1370.0;2050.0;3070.0;4370.0;550.0;610.0;1000.0;1540.0;2340.0;3360.0;471.0;608.0;-129.0;305.0;-505.0;1204.0
1310.0;1960.0;2910.0;4120.0;511.0;592.0;950.0;1410.0;2050.0;3090.0;439.0;600.0;-129.0;303.0;-505.0;1200.0
1310.0;1940.0;2870.0;4080.0;517.0;607.0;980.0;1410.0;2140.0;3140.0;447.0;598.0;-129.0;304.0;-505.0;1195.0
1300.0;1960.0;2920.0;4050.0;528.0;590.0;1010.0;1500.0;2100.0;3030.0;425.0;570.0;-129.0;313.0;-506.0;1202.0
1360.0;2050.0;3050.0;4210.0;557.0;627.0;1050.0;1550.0;2270.0;3310.0;465.0;627.0;-129.0;312.0;-515.0;1207.0
1450.0;2120.0;3160.0;4410.0;562.0;642.0;1010.0;1530.0;2260.0;3250.0;455.0;600.0;-135.0;307.0;-511.0;1206.0
1380.0;2080.0;3100.0;4440.0;568.0;648.0;1050.0;1580.0;2310.0;3480.0;493.0;640.0;-128.0;316.0;-511.0;1204.0
1500.0;2230.0;3360.0;4680.0;601.0;695.0;1150.0;1670.0;2520.0;3670.0;494.0;666.0;-128.0;304.0;-511.0;1209.0
1450.0;2190.0;3250.0;4590.0;594.0;674.0;1100.0;1640.0;2380.0;3550.0;508.0;650.0;-131.0;306.0;-512.0;1207.0
1280.0;1890.0;2840.0;3930.0;519.0;624.0;1030.0;1530.0;2230.0;3260.0;460.0;630.0;-127.0;308.0;-511.0;1209.0
1390.0;2070.0;3030.0;4290.0;534.0;636.0;1100.0;1630.0;2400.0;3480.0;481.0;640.0;-127.0;293.0;-509.0;1206.0
1440.0;2150.0;3180.0;4460.0;571.0;647.0;1090.0;1640.0;2420.0;3560.0;492.0;639.0;-127.0;301.0;-509.0;1208.0
1400.0;2090.0;3170.0;4480.0;578.0;646.0;990.0;1500.0;2300.0;3410.0;479.0;669.0;-126.0;301.0;-504.0;1201.0
1290.0;1960.0;2920.0;4090.0;537.0;609.0;1040.0;1560.0;2310.0;3320.0;461.0;614.0;-125.0;307.0;-504.0;1208.0
1420.0;2160.0;3220.0;4510.0;582.0;656.0;1070.0;1590.0;2410.0;3500.0;485.0;638.0;-125.0;308.0;-504.0;1200.0
1430.0;2140.0;3180.0;4410.0;562.0;644.0;1110.0;1610.0;2440.0;3440.0;481.0;641.0;-125.0;304.0;-504.0;1205.0
1200.0;1810.0;2690.0;3750.0;489.0;564.0;940.0;1410.0;2140.0;3160.0;447.0;575.0;-125.0;311.0;-503.0;1203.0
1250.0;1900.0;2800.0;3930.0;504.0;583.0;960.0;1440.0;2070.0;3130.0;431.0;584.0;-126.0;310.0;-510.0;1217.0
1410.0;2080.0;3100.0;4340.0;562.0;660.0;1040.0;1510.0;2280.0;3260.0;479.0;615.0;-126.0;312.0;-510.0;1197.0
1360.0;2080.0;3050.0;4290.0;567.0;625.0;1000.0;1540.0;2300.0;3520.0;493.0;639.0;-132.0;303.0;-517.0;1200.0
1240.0;1880.0;2830.0;3990.0;518.0;607.0;970.0;1430.0;2100.0;3210.0;434.0;582.0;-131.0;298.0;-518.0;1214.0
1360.0;2040.0;3000.0;4310.0;562.0;638.0;1070.0;1570.0;2360.0;3500.0;497.0;645.0;-136.0;311.0;-518.0;1211.0
1310.0;2000.0;2990.0;4200.0;547.0;634.0;1030.0;1520.0;2290.0;3480.0;485.0;607.0;-136.0;307.0;-518.0;1201.0
1330.0;1960.0;2910.0;4080.0;522.0;598.0;940.0;1440.0;2100.0;3190.0;454.0;587.0;-136.0;304.0;-518.0;1196.0
1280.0;1870.0;2810.0;3980.0;517.0;593.0;1010.0;1480.0;2160.0;3130.0;451.0;607.0;-132.0;306.0;-517.0;1211.0
1220.0;1830.0;2800.0;4000.0;501.0;566.0;940.0;1430.0;2060.0;3030.0;433.0;571.0;-132.0;305.0;-512.0;1207.0
1240.0;1840.0;2750.0;3860.0;500.0;557.0;950.0;1360.0;2060.0;2970.0;422.0;562.0;-127.0;312.0;-509.0;1206.0
1270.0;1870.0;2760.0;3940.0;499.0;577.0;960.0;1400.0;2100.0;3050.0;428.0;572.0;-127.0;308.0;-509.0;1208.0
1380.0;2040.0;3090.0;4270.0;564.0;626.0;1050.0;1570.0;2290.0;3400.0;483.0;633.0;-123.0;309.0;-509.0;1216.0
1410.0;2120.0;3170.0;4480.0;572.0;655.0;980.0;1540.0;2290.0;3420.0;478.0;647.0;-123.0;295.0;-509.0;1212.0
1300.0;1950.0;2880.0;3980.0;512.0;595.0;1010.0;1480.0;2210.0;3190.0;452.0;589.0;-123.0;307.0;-507.0;1208.0
1450.0;2100.0;3100.0;4350.0;559.0;638.0;1060.0;1550.0;2300.0;3290.0;468.0;624.0;-124.0;307.0;-510.0;1208.0
1310.0;1960.0;2910.0;4110.0;532.0;604.0;1070.0;1550.0;2280.0;3290.0;460.0;604.0;-124.0;308.0;-510.0;1208.0
1410.0;2090.0;3120.0;4220.0;541.0;624.0;1010.0;1510.0;2270.0;3290.0;462.0;612.0;-124.0;310.0;-510.0;1202.0
1190.0;1760.0;2660.0;3720.0;482.0;551.0;950.0;1410.0;2030.0;3000.0;419.0;555.0;-131.0;312.0;-510.0;1219.0
1360.0;2030.0;3000.0;4220.0;554.0;593.0;970.0;1460.0;2110.0;3120.0;435.0;575.0;-132.0;304.0;-517.0;1204.0
1410.0;2160.0;3200.0;4380.0;563.0;635.0;1080.0;1620.0;2410.0;3490.0;492.0;645.0;-132.0;313.0;-510.0;1197.0
1370.0;2070.0;3070.0;4310.0;547.0;622.0;1050.0;1530.0;2240.0;3390.0;476.0;636.0;-132.0;306.0;-510.0;1209.0
1370.0;2070.0;3100.0;4290.0;561.0;639.0;1070.0;1600.0;2400.0;3380.0;483.0;639.0;-132.0;299.0;-510.0;1206.0
1290.0;1980.0;2880.0;4100.0;539.0;610.0;990.0;1470.0;2150.0;3070.0;457.0;606.0;-132.0;307.0;-509.0;1207.0
1420.0;2110.0;3140.0;4400.0;573.0;632.0;1040.0;1580.0;2310.0;3320.0;466.0;630.0;-129.0;307.0;-508.0;1209.0
1160.0;1750.0;2640.0;3600.0;482.0;559.0;970.0;1440.0;2130.0;3070.0;429.0;560.0;-132.0;298.0;-509.0;1204.0
1300.0;1960.0;2920.0;4120.0;536.0;590.0;1030.0;1530.0;2190.0;3150.0;436.0;587.0;-132.0;314.0;-509.0;1206.0
1330.0;2010.0;2970.0;4120.0;527.0;592.0;1000.0;1460.0;2140.0;3190.0;469.0;602.0;-132.0;301.0;-517.0;1204.0
1350.0;2040.0;3010.0;4250.0;545.0;619.0;1040.0;1560.0;2380.0;3400.0;474.0;615.0;-132.0;315.0;-517.0;1209.0
1450.0;2180.0;3220.0;4580.0;589.0;653.0;1030.0;1600.0;2370.0;3450.0;481.0;646.0;-132.0;314.0;-518.0;1203.0
1310.0;1960.0;2920.0;4140.0;544.0;618.0;1000.0;1520.0;2260.0;3380.0;475.0;626.0;-132.0;305.0;-517.0;1209.0
1480.0;2230.0;3250.0;4540.0;598.0;658.0;1050.0;1570.0;2370.0;3610.0;506.0;650.0;-124.0;305.0;-505.0;1208.0
1390.0;2110.0;3160.0;4400.0;560.0;618.0;1070.0;1570.0;2320.0;3410.0;482.0;612.0;-124.0;313.0;-505.0;1199.0
1260.0;1920.0;2870.0;4040.0;518.0;605.0;980.0;1500.0;2160.0;3250.0;462.0;618.0;-124.0;301.0;-507.0;1202.0
1390.0;2130.0;3100.0;4380.0;566.0;649.0;1050.0;1560.0;2260.0;3370.0;476.0;640.0;-124.0;309.0;-507.0;1213.0
1480.0;2200.0;3240.0;4540.0;584.0;675.0;1100.0;1620.0;2420.0;3520.0;497.0;661.0;-127.0;300.0;-507.0;1206.0
1490.0;2260.0;3330.0;4740.0;619.0;706.0;1160.0;1730.0;2610.0;3700.0;522.0;702.0;-128.0;297.0;-510.0;1209.0
1480.0;2270.0;3270.0;4700.0;610.0;704.0;1080.0;1620.0;2450.0;3540.0;511.0;661.0;-136.0;318.0;-514.0;1206.0
1390.0;2100.0;3160.0;4390.0;571.0;661.0;1020.0;1540.0;2370.0;3500.0;493.0;654.0;-136.0;315.0;-514.0;1201.0
1300.0;1880.0;2880.0;4100.0;527.0;613.0;1050.0;1550.0;2300.0;3330.0;468.0;639.0;-138.0;306.0;-513.0;1208.0
1420.0;2130.0;3120.0;4330.0;579.0;648.0;1020.0;1500.0;2290.0;3410.0;486.0;627.0;-138.0;310.0;-513.0;1216.0
1350.0;2060.0;2990.0;4200.0;542.0;629.0;1060.0;1560.0;2320.0;3410.0;474.0;628.0;-137.0;301.0;-512.0;1207.0
1490.0;2210.0;3340.0;4610.0;596.0;675.0;1090.0;1630.0;2440.0;3610.0;495.0;642.0;-128.0;313.0;-509.0;1209.0
1310.0;1950.0;2910.0;4030.0;525.0;598.0;1080.0;1570.0;2320.0;3310.0;444.0;610.0;-131.0;304.0;-512.0;1204.0
1430.0;2160.0;3160.0;4300.0;554.0;607.0;1000.0;1530.0;2250.0;3280.0;460.0;606.0;-131.0;308.0;-512.0;1196.0
1400.0;2090.0;3160.0;4350.0;555.0;642.0;1020.0;1530.0;2250.0;3350.0;466.0;628.0;-131.0;312.0;-513.0;1208.0
1420.0;2090.0;3140.0;4360.0;566.0;654.0;1090.0;1560.0;2300.0;3350.0;476.0;617.0;-131.0;305.0;-515.0;1203.0
1360.0;2050.0;3110.0;4460.0;572.0;652.0;1080.0;1570.0;2380.0;3330.0;494.0;647.0;-131.0;304.0;-515.0;1213.0
1300.0;1920.0;2950.0;4180.0;532.0;618.0;990.0;1430.0;2160.0;3280.0;461.0;618.0;-129.0;304.0;-513.0;1208.0
1330.0;2010.0;3010.0;4220.0;543.0;610.0;1040.0;1520.0;2250.0;3230.0;455.0;602.0;-129.0;311.0;-515.0;1208.0
1400.0;2110.0;3100.0;4430.0;544.0;625.0;1040.0;1560.0;2260.0;3380.0;477.0;622.0;-130.0;301.0;-511.0;1207.0
1320.0;2000.0;3000.0;4200.0;548.0;607.0;980.0;1480.0;2240.0;3280.0;470.0;617.0;-130.0;313.0;-511.0;1201.0
1370.0;2100.0;3090.0;4370.0;565.0;621.0;1060.0;1550.0;2330.0;3310.0;471.0;618.0;-131.0;304.0;-519.0;1210.0
1460.0;2170.0;3280.0;4640.0;606.0;672.0;1100.0;1650.0;2370.0;3500.0;506.0;666.0;-131.0;306.0;-519.0;1205.0
1460.0;2190.0;3220.0;4620.0;585.0;652.0;1010.0;1540.0;2330.0;3330.0;459.0;629.0;-131.0;307.0;-511.0;1209.0
1440.0;2150.0;3140.0;4430.0;570.0;661.0;1090.0;1600.0;2430.0;3520.0;495.0;633.0;-132.0;304.0;-514.0;1209.0
1350.0;2030.0;2980.0;4220.0;551.0;634.0;1050.0;1570.0;2290.0;3330.0;471.0;608.0;-133.0;301.0;-511.0;1203.0
1320.0;1980.0;2860.0;4070.0;537.0;617.0;1030.0;1530.0;2300.0;3400.0;481.0;625.0;-133.0;305.0;-511.0;1205.0
1340.0;2000.0;2970.0;4270.0;534.0;624.0;1010.0;1490.0;2260.0;3330.0;474.0;627.0;-133.0;319.0;-511.0;1214.0
1380.0;2020.0;2960.0;4090.0;537.0;622.0;1050.0;1600.0;2390.0;3420.0;470.0;622.0;-133.0;310.0;-511.0;1211.0
1370.0;2100.0;3080.0;4360.0;559.0;632.0;1050.0;1560.0;2310.0;3480.0;472.0;625.0;-133.0;310.0;-511.0;1206.0
1400.0;2120.0;3100.0;4340.0;571.0;664.0;1070.0;1600.0;2370.0;3470.0;500.0;652.0;-132.0;310.0;-512.0;1204.0
1500.0;2230.0;3310.0;4710.0;600.0;694.0;1080.0;1590.0;2380.0;3510.0;499.0;658.0;-132.0;302.0;-512.0;1207.0
1370.0;2070.0;3110.0;4400.0;571.0;651.0;1040.0;1590.0;2370.0;3490.0;500.0;650.0;-132.0;298.0;-512.0;1206.0
1340.0;2030.0;2980.0;4190.0;555.0;630.0;1030.0;1550.0;2260.0;3290.0;474.0;606.0;-132.0;310.0;-512.0;1202.0
1440.0;2140.0;3170.0;4350.0;561.0;648.0;1140.0;1680.0;2460.0;3550.0;497.0;646.0;-129.0;302.0;-512.0;1203.0
1420.0;2120.0;3140.0;4340.0;574.0;648.0;1110.0;1650.0;2440.0;3570.0;489.0;651.0;-129.0;314.0;-516.0;1216.0
1420.0;2140.0;3260.0;4560.0;594.0;657.0;1050.0;1560.0;2310.0;3440.0;483.0;645.0;-128.0;314.0;-509.0;1208.0
1480.0;2170.0;3210.0;4520.0;594.0;660.0;1080.0;1620.0;2520.0;3640.0;509.0;674.0;-128.0;309.0;-512.0;1210.0
1490.0;2290.0;3390.0;4750.0;617.0;694.0;1140.0;1680.0;2500.0;3630.0;515.0;691.0;-133.0;308.0;-512.0;1216.0
1460.0;2160.0;3250.0;4510.0;590.0;671.0;1100.0;1660.0;2440.0;3480.0;503.0;656.0;-133.0;303.0;-512.0;1196.0
1390.0;2090.0;3130.0;4460.0;579.0;659.0;1130.0;1660.0;2520.0;3580.0;515.0;648.0;-133.0;303.0;-508.0;1209.0
1500.0;2250.0;3290.0;4580.0;594.0;670.0;1070.0;1610.0;2390.0;3490.0;503.0;665.0;-133.0;309.0;-508.0;1211.0
1470.0;2220.0;3360.0;4650.0;616.0;677.0;1140.0;1700.0;2540.0;3760.0;523.0;690.0;-133.0;318.0;-508.0;1208.0
1460.0;2200.0;3300.0;4630.0;609.0;696.0;1110.0;1660.0;2460.0;3640.0;521.0;678.0;-130.0;308.0;-508.0;1200.0
1400.0;2100.0;3190.0;4530.0;587.0;668.0;1080.0;1600.0;2310.0;3400.0;484.0;653.0;-129.0;304.0;-508.0;1221.0
1530.0;2270.0;3450.0;4770.0;608.0;705.0;1140.0;1710.0;2560.0;3630.0;513.0;683.0;-129.0;295.0;-509.0;1206.0
1440.0;2160.0;3210.0;4410.0;589.0;676.0;1110.0;1640.0;2430.0;3560.0;494.0;642.0;-129.0;310.0;-509.0;1208.0
1460.0;2220.0;3290.0;4610.0;588.0;672.0;1110.0;1660.0;2510.0;3580.0;500.0;651.0;-129.0;305.0;-509.0;1209.0
1470.0;2180.0;3260.0;4540.0;590.0;666.0;1100.0;1630.0;2430.0;3520.0;502.0;633.0;-129.0;307.0;-511.0;1211.0
1350.0;2040.0;3030.0;4180.0;559.0;636.0;1050.0;1530.0;2300.0;3460.0;486.0;634.0;-135.0;300.0;-513.0;1212.0
1440.0;2160.0;3150.0;4390.0;573.0;639.0;1070.0;1610.0;2410.0;3520.0;500.0;644.0;-133.0;303.0;-513.0;1207.0
1530.0;2260.0;3260.0;4530.0;576.0;657.0;1030.0;1540.0;2270.0;3310.0;485.0;651.0;-135.0;302.0;-514.0;1205.0
1580.0;2360.0;3510.0;4880.0;626.0;710.0;1150.0;1720.0;2540.0;3680.0;508.0;685.0;-135.0;304.0;-514.0;1210.0
1410.0;2090.0;3090.0;4380.0;581.0;674.0;1130.0;1660.0;2430.0;3580.0;497.0;661.0;-134.0;302.0;-514.0;1216.0
1430.0;2170.0;3200.0;4570.0;594.0;680.0;1060.0;1550.0;2360.0;3490.0;482.0;627.0;-133.0;312.0;-511.0;1211.0
1520.0;2270.0;3320.0;4630.0;587.0;659.0;1110.0;1650.0;2360.0;3610.0;498.0;662.0;-133.0;306.0;-511.0;1219.0
1540.0;2300.0;3410.0;4840.0;617.0;686.0;1080.0;1600.0;2420.0;3530.0;501.0;684.0;-133.0;317.0;-508.0;1203.0
1490.0;2250.0;3280.0;4610.0;593.0;682.0;1140.0;1650.0;2480.0;3580.0;508.0;680.0;-131.0;304.0;-507.0;1200.0
1440.0;2190.0;3230.0;4540.0;588.0;676.0;1130.0;1710.0;2570.0;3680.0;499.0;664.0;-131.0;307.0;-507.0;1206.0
1540.0;2290.0;3340.0;4750.0;599.0;706.0;1140.0;1700.0;2630.0;3790.0;531.0;697.0;-131.0;306.0;-507.0;1207.0
1340.0;2010.0;3060.0;4330.0;548.0;644.0;1100.0;1610.0;2380.0;3380.0;472.0;611.0;-131.0;306.0;-507.0;1214.0
1340.0;1980.0;2890.0;4070.0;533.0;596.0;1030.0;1530.0;2280.0;3200.0;437.0;590.0;-131.0;310.0;-507.0;1206.0
1330.0;1970.0;2880.0;3990.0;519.0;582.0;980.0;1400.0;2110.0;3140.0;451.0;601.0;-131.0;304.0;-506.0;1213.0
1220.0;1820.0;2660.0;3750.0;491.0;556.0;920.0;1360.0;2010.0;3010.0;418.0;543.0;-131.0;314.0;-506.0;1207.0
1300.0;1960.0;2850.0;4040.0;516.0;588.0;1050.0;1550.0;2330.0;3230.0;468.0;596.0;-134.0;301.0;-508.0;1210.0
1350.0;2040.0;2980.0;4200.0;538.0;604.0;1030.0;1520.0;2280.0;3220.0;468.0;612.0;-134.0;305.0;-508.0;1198.0
1340.0;2030.0;2930.0;4200.0;538.0;609.0;1070.0;1580.0;2280.0;3340.0;458.0;595.0;-134.0;314.0;-515.0;1216.0
1300.0;1980.0;2920.0;4110.0;520.0;579.0;1020.0;1510.0;2230.0;3190.0;453.0;593.0;-134.0;304.0;-515.0;1203.0
1570.0;2380.0;3480.0;4790.0;611.0;691.0;1130.0;1690.0;2430.0;3540.0;498.0;651.0;-135.0;304.0;-516.0;1197.0
1600.0;2370.0;3480.0;4840.0;619.0;690.0;1150.0;1680.0;2540.0;3690.0;518.0;674.0;-133.0;306.0;-515.0;1210.0
1590.0;2340.0;3480.0;4930.0;628.0;726.0;1140.0;1700.0;2530.0;3670.0;527.0;700.0;-133.0;305.0;-515.0;1203.0
1530.0;2280.0;3380.0;4720.0;619.0;697.0;1180.0;1740.0;2560.0;3720.0;533.0;672.0;-130.0;312.0;-513.0;1210.0
1360.0;2010.0;3030.0;4290.0;568.0;651.0;1030.0;1580.0;2340.0;3460.0;497.0;637.0;-129.0;308.0;-513.0;1198.0
1430.0;2140.0;3170.0;4450.0;573.0;651.0;1030.0;1570.0;2370.0;3540.0;495.0;658.0;-128.0;303.0;-513.0;1213.0
1470.0;2160.0;3220.0;4600.0;581.0;677.0;1110.0;1640.0;2410.0;3630.0;508.0;679.0;-129.0;307.0;-508.0;1212.0
1470.0;2180.0;3270.0;4700.0;602.0;691.0;1180.0;1750.0;2570.0;3730.0;518.0;673.0;-128.0;304.0;-507.0;1212.0
1460.0;2180.0;3220.0;4600.0;585.0;669.0;1130.0;1680.0;2390.0;3490.0;489.0;654.0;-128.0;300.0;-508.0;1205.0
1280.0;1930.0;2930.0;4190.0;537.0;606.0;990.0;1470.0;2210.0;3130.0;450.0;608.0;-134.0;307.0;-508.0;1216.0
1420.0;2070.0;3090.0;4420.0;564.0;639.0;1050.0;1530.0;2260.0;3350.0;455.0;620.0;-134.0;309.0;-510.0;1210.0
1420.0;2140.0;3190.0;4500.0;584.0;666.0;1080.0;1580.0;2320.0;3440.0;487.0;633.0;-130.0;320.0;-510.0;1207.0
1540.0;2280.0;3350.0;4630.0;591.0;665.0;1150.0;1710.0;2540.0;3670.0;501.0;661.0;-135.0;310.0;-510.0;1201.0
1570.0;2310.0;3380.0;4760.0;616.0;702.0;1110.0;1670.0;2570.0;3700.0;531.0;683.0;-135.0;303.0;-510.0;1201.0
1540.0;2310.0;3400.0;4750.0;624.0;717.0;1160.0;1740.0;2530.0;3740.0;534.0;702.0;-130.0;311.0;-510.0;1204.0
1500.0;2220.0;3340.0;4810.0;614.0;709.0;1160.0;1690.0;2510.0;3700.0;525.0;677.0;-126.0;298.0;-508.0;1215.0
1500.0;2240.0;3310.0;4680.0;602.0;695.0;1080.0;1630.0;2390.0;3530.0;514.0;660.0;-129.0;304.0;-508.0;1209.0
1590.0;2370.0;3510.0;4920.0;625.0;728.0;1230.0;1810.0;2650.0;3750.0;525.0;709.0;-129.0;311.0;-512.0;1208.0
1570.0;2380.0;3480.0;4940.0;645.0;724.0;1200.0;1820.0;2630.0;3800.0;519.0;710.0;-126.0;312.0;-506.0;1200.0
1560.0;2300.0;3390.0;4740.0;614.0;715.0;1160.0;1690.0;2510.0;3640.0;513.0;696.0;-129.0;301.0;-509.0;1197.0
1470.0;2260.0;3250.0;4610.0;601.0;694.0;1110.0;1700.0;2480.0;3570.0;522.0;671.0;-129.0;304.0;-509.0;1214.0
1500.0;2280.0;3360.0;4790.0;610.0;700.0;1140.0;1720.0;2500.0;3750.0;529.0;696.0;-129.0;302.0;-509.0;1213.0
1550.0;2330.0;3460.0;4900.0;637.0;728.0;1140.0;1710.0;2520.0;3630.0;525.0;699.0;-127.0;306.0;-506.0;1204.0
1520.0;2300.0;3390.0;4900.0;622.0;698.0;1130.0;1650.0;2520.0;3590.0;524.0;693.0;-129.0;309.0;-509.0;1209.0
1420.0;2140.0;3180.0;4450.0;597.0;666.0;1150.0;1720.0;2500.0;3620.0;494.0;651.0;-127.0;305.0;-509.0;1206.0
1460.0;2170.0;3180.0;4330.0;569.0;644.0;1100.0;1620.0;2360.0;3460.0;496.0;660.0;-126.0;310.0;-514.0;1207.0
1410.0;2150.0;3140.0;4580.0;581.0;655.0;1120.0;1610.0;2420.0;3500.0;490.0;645.0;-124.0;304.0;-509.0;1213.0
1410.0;2060.0;3110.0;4490.0;571.0;657.0;1080.0;1620.0;2400.0;3440.0;493.0;650.0;-126.0;309.0;-509.0;1207.0
1490.0;2230.0;3340.0;4740.0;599.0;669.0;1070.0;1570.0;2330.0;3420.0;487.0;662.0;-126.0;303.0;-509.0;1214.0
1490.0;2220.0;3280.0;4590.0;603.0;690.0;1110.0;1600.0;2410.0;3540.0;500.0;687.0;-126.0;313.0;-515.0;1209.0
1510.0;2210.0;3310.0;4620.0;595.0;673.0;1120.0;1700.0;2470.0;3540.0;498.0;642.0;-128.0;309.0;-508.0;1200.0
1300.0;1930.0;2870.0;3960.0;517.0;595.0;1020.0;1550.0;2250.0;3240.0;470.0;626.0;-133.0;310.0;-505.0;1195.0
1380.0;2070.0;2990.0;4250.0;557.0;625.0;1080.0;1560.0;2370.0;3460.0;464.0;617.0;-140.0;314.0;-519.0;1209.0
1350.0;2010.0;3040.0;4280.0;538.0;613.0;1030.0;1510.0;2200.0;3300.0;448.0;605.0;-133.0;313.0;-507.0;1211.0
1330.0;1950.0;2920.0;4070.0;520.0;608.0;980.0;1480.0;2260.0;3280.0;449.0;616.0;-131.0;310.0;-500.0;1210.0
1460.0;2160.0;3190.0;4530.0;571.0;654.0;1130.0;1670.0;2420.0;3430.0;496.0;641.0;-131.0;306.0;-505.0;1197.0
1380.0;2030.0;2980.0;4310.0;560.0;629.0;1080.0;1580.0;2350.0;3370.0;482.0;624.0;-131.0;306.0;-507.0;1203.0
1470.0;2140.0;3200.0;4510.0;575.0;648.0;1030.0;1540.0;2260.0;3290.0;481.0;628.0;-124.0;313.0;-507.0;1216.0
1330.0;1990.0;2970.0;4180.0;542.0;634.0;1070.0;1590.0;2370.0;3350.0;481.0;620.0;-124.0;308.0;-507.0;1207.0
1500.0;2210.0;3270.0;4620.0;585.0;657.0;1120.0;1610.0;2380.0;3510.0;495.0;654.0;-126.0;301.0;-514.0;1206.0
1490.0;2250.0;3320.0;4660.0;603.0;701.0;1150.0;1680.0;2520.0;3730.0;513.0;685.0;-135.0;309.0;-514.0;1213.0
1530.0;2280.0;3360.0;4740.0;625.0;707.0;1140.0;1710.0;2570.0;3750.0;527.0;688.0;-135.0;298.0;-516.0;1202.0
1560.0;2340.0;3430.0;4870.0;635.0;698.0;1150.0;1720.0;2590.0;3640.0;532.0;676.0;-135.0;306.0;-516.0;1195.0
1520.0;2280.0;3310.0;4670.0;602.0;684.0;1150.0;1720.0;2490.0;3700.0;517.0;666.0;-131.0;301.0;-511.0;1200.0
1440.0;2140.0;3130.0;4510.0;593.0;673.0;1120.0;1660.0;2410.0;3560.0;487.0;674.0;-131.0;310.0;-510.0;1227.0
1580.0;2310.0;3380.0;4820.0;609.0;689.0;1180.0;1770.0;2640.0;3860.0;528.0;685.0;-131.0;305.0;-510.0;1205.0
1480.0;2230.0;3370.0;4640.0;597.0;672.0;1170.0;1750.0;2580.0;3710.0;515.0;666.0;-127.0;310.0;-506.0;1215.0
1480.0;2200.0;3310.0;4580.0;586.0;653.0;1060.0;1610.0;2330.0;3500.0;496.0;646.0;-131.0;299.0;-510.0;1206.0
1540.0;2240.0;3360.0;4790.0;599.0;709.0;1240.0;1800.0;2630.0;3800.0;525.0;664.0;-123.0;322.0;-508.0;1204.0
1470.0;2230.0;3310.0;4740.0;601.0;701.0;1170.0;1750.0;2570.0;3700.0;522.0;708.0;-123.0;297.0;-508.0;1195.0
1570.0;2340.0;3450.0;4840.0;624.0;722.0;1130.0;1650.0;2460.0;3700.0;536.0;689.0;-123.0;311.0;-508.0;1209.0
1490.0;2210.0;3280.0;4550.0;601.0;677.0;1140.0;1700.0;2490.0;3670.0;510.0;678.0;-127.0;308.0;-508.0;1204.0
1540.0;2300.0;3410.0;4760.0;626.0;705.0;1180.0;1770.0;2710.0;3820.0;532.0;685.0;-126.0;297.0;-508.0;1204.0
1380.0;2090.0;3090.0;4350.0;575.0;659.0;1140.0;1660.0;2500.0;3660.0;510.0;667.0;-127.0;306.0;-506.0;1221.0
1570.0;2330.0;3480.0;4870.0;612.0;688.0;1130.0;1710.0;2540.0;3630.0;513.0;656.0;-127.0;314.0;-506.0;1200.0
1390.0;2050.0;3130.0;4470.0;574.0;656.0;1080.0;1630.0;2390.0;3570.0;496.0;652.0;-126.0;317.0;-506.0;1207.0
1580.0;2360.0;3480.0;4820.0;618.0;699.0;1200.0;1750.0;2590.0;3720.0;518.0;677.0;-126.0;302.0;-506.0;1198.0
1440.0;2220.0;3220.0;4510.0;585.0;668.0;1140.0;1700.0;2500.0;3620.0;496.0;675.0;-124.0;306.0;-506.0;1204.0
1510.0;2300.0;3420.0;4870.0;611.0;699.0;1140.0;1660.0;2440.0;3520.0;503.0;665.0;-121.0;307.0;-506.0;1203.0
1570.0;2340.0;3460.0;4820.0;633.0;717.0;1200.0;1740.0;2600.0;3730.0;535.0;716.0;-124.0;315.0;-506.0;1202.0
1490.0;2190.0;3290.0;4590.0;606.0;721.0;1180.0;1750.0;2530.0;3810.0;523.0;704.0;-125.0;304.0;-506.0;1205.0
1460.0;2190.0;3250.0;4580.0;594.0;677.0;1110.0;1660.0;2520.0;3640.0;514.0;687.0;-124.0;308.0;-500.0;1200.0
1370.0;2060.0;3050.0;4320.0;563.0;659.0;1110.0;1660.0;2430.0;3520.0;483.0;634.0;-125.0;308.0;-500.0;1209.0
1170.0;1730.0;2560.0;3590.0;469.0;557.0;990.0;1510.0;2150.0;3160.0;431.0;560.0;-125.0;297.0;-508.0;1195.0
1370.0;2050.0;3010.0;4180.0;528.0;616.0;1080.0;1610.0;2310.0;3370.0;467.0;604.0;-124.0;304.0;-508.0;1206.0
1340.0;1980.0;2920.0;4090.0;533.0;609.0;1060.0;1610.0;2310.0;3210.0;448.0;610.0;-123.0;304.0;-507.0;1196.0
1420.0;2090.0;3100.0;4330.0;545.0;621.0;1060.0;1610.0;2320.0;3330.0;472.0;617.0;-123.0;311.0;-508.0;1207.0
1510.0;2260.0;3360.0;4630.0;582.0;661.0;1100.0;1610.0;2340.0;3410.0;483.0;651.0;-123.0;306.0;-508.0;1208.0
1490.0;2200.0;3320.0;4720.0;598.0;698.0;1160.0;1710.0;2520.0;3710.0;535.0;684.0;-127.0;300.0;-507.0;1208.0
1480.0;2210.0;3340.0;4690.0;608.0;667.0;1150.0;1700.0;2570.0;3760.0;518.0;682.0;-127.0;312.0;-507.0;1200.0
1520.0;2260.0;3380.0;4830.0;621.0;726.0;1190.0;1750.0;2550.0;3860.0;518.0;692.0;-127.0;305.0;-504.0;1210.0
1420.0;2100.0;3090.0;4350.0;567.0;655.0;1180.0;1690.0;2460.0;3550.0;503.0;642.0;-124.0;301.0;-498.0;1207.0
1420.0;2070.0;3090.0;4260.0;549.0;638.0;1120.0;1610.0;2430.0;3390.0;470.0;623.0;-124.0;305.0;-498.0;1206.0
1460.0;2220.0;3260.0;4570.0;575.0;652.0;1100.0;1600.0;2390.0;3420.0;486.0;652.0;-124.0;311.0;-504.0;1202.0
1520.0;2260.0;3280.0;4650.0;594.0;678.0;1180.0;1720.0;2480.0;3650.0;509.0;663.0;-129.0;303.0;-501.0;1190.0
1390.0;2100.0;3130.0;4290.0;552.0;624.0;1020.0;1520.0;2330.0;3300.0;466.0;632.0;-129.0;304.0;-501.0;1205.0
1370.0;2060.0;3050.0;4220.0;530.0;615.0;1030.0;1560.0;2350.0;3500.0;486.0;617.0;-129.0;313.0;-508.0;1200.0
1360.0;2020.0;2980.0;4220.0;548.0;613.0;1000.0;1500.0;2240.0;3320.0;470.0;609.0;-129.0;310.0;-504.0;1200.0
1500.0;2210.0;3370.0;4670.0;609.0;674.0;1120.0;1630.0;2390.0;3560.0;501.0;677.0;-131.0;305.0;-504.0;1203.0
1480.0;2190.0;3230.0;4600.0;588.0;660.0;1130.0;1670.0;2480.0;3510.0;514.0;653.0;-131.0;309.0;-508.0;1205.0
1560.0;2300.0;3400.0;4800.0;600.0;710.0;1160.0;1730.0;2590.0;3850.0;533.0;701.0;-131.0;308.0;-514.0;1196.0
1580.0;2340.0;3520.0;4860.0;635.0;712.0;1250.0;1850.0;2730.0;3960.0;548.0;702.0;-131.0;307.0;-508.0;1209.0
1480.0;2260.0;3350.0;4710.0;608.0;700.0;1210.0;1740.0;2630.0;3720.0;530.0;702.0;-131.0;303.0;-513.0;1196.0
1350.0;2010.0;2940.0;4240.0;563.0;642.0;1060.0;1540.0;2270.0;3210.0;471.0;630.0;-128.0;303.0;-508.0;1206.0
1450.0;2160.0;3140.0;4520.0;582.0;679.0;1140.0;1670.0;2430.0;3590.0;513.0;662.0;-127.0;304.0;-506.0;1215.0
1560.0;2310.0;3430.0;4880.0;626.0;718.0;1140.0;1670.0;2530.0;3720.0;515.0;693.0;-127.0;307.0;-506.0;1202.0
1380.0;2070.0;3070.0;4330.0;548.0;634.0;1100.0;1580.0;2350.0;3310.0;472.0;636.0;-127.0;308.0;-504.0;1196.0
1290.0;1940.0;2870.0;4070.0;527.0;617.0;1060.0;1530.0;2310.0;3310.0;466.0;602.0;-123.0;298.0;-501.0;1211.0
1470.0;2210.0;3280.0;4620.0;591.0;653.0;1120.0;1660.0;2410.0;3550.0;492.0;635.0;-123.0;310.0;-504.0;1209.0
1400.0;2090.0;3140.0;4390.0;567.0;647.0;1100.0;1590.0;2400.0;3370.0;482.0;656.0;-129.0;305.0;-508.0;1206.0
1410.0;2110.0;3120.0;4280.0;560.0;639.0;1120.0;1590.0;2320.0;3350.0;473.0;634.0;-123.0;301.0;-501.0;1200.0
1440.0;2150.0;3180.0;4480.0;581.0;663.0;1090.0;1630.0;2400.0;3530.0;503.0;650.0;-129.0;300.0;-508.0;1199.0
1360.0;2060.0;3080.0;4360.0;565.0;652.0;1100.0;1630.0;2380.0;3420.0;501.0;642.0;-129.0;316.0;-508.0;1203.0
1360.0;2040.0;2980.0;4230.0;540.0;617.0;1040.0;1570.0;2300.0;3340.0;466.0;629.0;-131.0;312.0;-508.0;1206.0
1440.0;2160.0;3210.0;4540.0;582.0;657.0;1150.0;1680.0;2520.0;3670.0;505.0;670.0;-133.0;306.0;-508.0;1208.0
1420.0;2120.0;3160.0;4380.0;570.0;649.0;1070.0;1630.0;2450.0;3450.0;492.0;662.0;-133.0;300.0;-508.0;1196.0
1430.0;2110.0;3170.0;4410.0;558.0;638.0;1100.0;1570.0;2380.0;3410.0;476.0;634.0;-130.0;304.0;-509.0;1205.0
1430.0;2150.0;3170.0;4360.0;562.0;636.0;1050.0;1570.0;2360.0;3520.0;482.0;654.0;-137.0;312.0;-516.0;1203.0
1420.0;2130.0;3150.0;4420.0;561.0;640.0;1040.0;1580.0;2390.0;3460.0;484.0;638.0;-132.0;310.0;-511.0;1200.0
1520.0;2220.0;3240.0;4550.0;589.0;675.0;1150.0;1680.0;2460.0;3560.0;500.0;669.0;-130.0;302.0;-509.0;1197.0
1540.0;2310.0;3490.0;4780.0;625.0;716.0;1180.0;1700.0;2530.0;3650.0;498.0;686.0;-130.0;308.0;-509.0;1201.0
1580.0;2360.0;3450.0;4840.0;621.0;718.0;1180.0;1700.0;2530.0;3690.0;516.0;688.0;-128.0;311.0;-505.0;1208.0
1300.0;1940.0;2840.0;4010.0;531.0;620.0;1090.0;1570.0;2250.0;3270.0;463.0;624.0;-128.0;314.0;-505.0;1198.0
1380.0;2070.0;3020.0;4340.0;549.0;620.0;1050.0;1600.0;2270.0;3300.0;467.0;613.0;-128.0;309.0;-505.0;1196.0
1410.0;2100.0;3160.0;4470.0;559.0;649.0;1070.0;1570.0;2410.0;3530.0;482.0;640.0;-128.0;300.0;-505.0;1202.0
1430.0;2100.0;3090.0;4390.0;573.0;632.0;1070.0;1620.0;2400.0;3410.0;485.0;635.0;-128.0;316.0;-505.0;1203.0
1470.0;2160.0;3240.0;4520.0;579.0;652.0;1090.0;1620.0;2430.0;3560.0;483.0;635.0;-128.0;301.0;-505.0;1199.0
1350.0;1990.0;2980.0;4150.0;533.0;610.0;1050.0;1560.0;2250.0;3330.0;474.0;598.0;-127.0;305.0;-509.0;1199.0
1290.0;1930.0;2800.0;3920.0;510.0;582.0;950.0;1440.0;2110.0;3100.0;428.0;588.0;-127.0;298.0;-509.0;1201.0
1270.0;1860.0;2790.0;3820.0;492.0;563.0;1020.0;1450.0;2150.0;3080.0;420.0;570.0;-127.0;308.0;-510.0;1211.0
1410.0;2120.0;3120.0;4510.0;575.0;638.0;1060.0;1520.0;2300.0;3360.0;466.0;620.0;-127.0;307.0;-510.0;1200.0
1440.0;2150.0;3220.0;4530.0;598.0;652.0;1060.0;1530.0;2320.0;3480.0;492.0;639.0;-127.0;302.0;-510.0;1201.0
1570.0;2340.0;3450.0;4830.0;637.0;701.0;1130.0;1700.0;2540.0;3670.0;525.0;678.0;-127.0;302.0;-506.0;1209.0
1590.0;2420.0;3560.0;4930.0;637.0;735.0;1210.0;1760.0;2660.0;3890.0;548.0;703.0;-125.0;308.0;-506.0;1211.0
1330.0;1990.0;2870.0;4040.0;533.0;641.0;1070.0;1570.0;2310.0;3290.0;470.0;640.0;-125.0;315.0;-506.0;1213.0
1270.0;1890.0;2800.0;3970.0;517.0;597.0;1020.0;1540.0;2280.0;3320.0;460.0;611.0;-127.0;310.0;-510.0;1202.0
1440.0;2140.0;3130.0;4380.0;570.0;623.0;1080.0;1590.0;2360.0;3470.0;489.0;639.0;-125.0;308.0;-510.0;1196.0
1360.0;2060.0;3140.0;4360.0;569.0;658.0;1100.0;1610.0;2440.0;3530.0;502.0;668.0;-134.0;311.0;-510.0;1197.0
1480.0;2220.0;3300.0;4670.0;610.0;691.0;1130.0;1640.0;2440.0;3550.0;506.0;698.0;-134.0;303.0;-509.0;1200.0
1520.0;2270.0;3360.0;4720.0;615.0;712.0;1190.0;1720.0;2590.0;3710.0;516.0;681.0;-130.0;307.0;-505.0;1206.0
1570.0;2300.0;3370.0;4800.0;620.0;712.0;1130.0;1690.0;2470.0;3650.0;522.0;673.0;-130.0;295.0;-505.0;1209.0
1480.0;2220.0;3330.0;4750.0;605.0;717.0;1180.0;1730.0;2570.0;3780.0;535.0;701.0;-132.0;302.0;-509.0;1208.0
1570.0;2360.0;3410.0;4780.0;617.0;718.0;1220.0;1790.0;2580.0;3660.0;529.0;700.0;-130.0;306.0;-504.0;1196.0
1440.0;2170.0;3200.0;4540.0;596.0;688.0;1140.0;1730.0;2570.0;3730.0;510.0;692.0;-132.0;301.0;-508.0;1203.0
1580.0;2360.0;3460.0;4910.0;627.0;706.0;1240.0;1820.0;2630.0;3830.0;542.0;696.0;-132.0;299.0;-508.0;1202.0
1550.0;2290.0;3290.0;4770.0;612.0;711.0;1140.0;1690.0;2490.0;3670.0;527.0;690.0;-122.0;301.0;-508.0;1204.0
1080.0;1570.0;2380.0;3400.0;456.0;561.0;1030.0;1460.0;2110.0;3070.0;425.0;572.0;-122.0;315.0;-504.0;1204.0
1380.0;2020.0;3020.0;4280.0;545.0;627.0;1080.0;1600.0;2370.0;3400.0;475.0;639.0;-125.0;312.0;-508.0;1210.0
1290.0;1970.0;2950.0;4160.0;534.0;608.0;1100.0;1580.0;2270.0;3320.0;471.0;610.0;-125.0;294.0;-504.0;1217.0
1410.0;2160.0;3160.0;4530.0;577.0;672.0;1110.0;1610.0;2390.0;3490.0;498.0;643.0;-130.0;300.0;-512.0;1198.0
1430.0;2130.0;3200.0;4360.0;574.0;666.0;1170.0;1710.0;2440.0;3520.0;491.0;665.0;-130.0;308.0;-503.0;1195.0
1390.0;2060.0;3070.0;4240.0;557.0;657.0;1100.0;1630.0;2450.0;3530.0;514.0;665.0;-133.0;301.0;-504.0;1205.0
1580.0;2360.0;3470.0;4840.0;620.0;708.0;1160.0;1760.0;2600.0;3690.0;520.0;697.0;-133.0;311.0;-502.0;1208.0
1370.0;2070.0;3050.0;4230.0;562.0;652.0;1050.0;1540.0;2260.0;3390.0;482.0;651.0;-135.0;310.0;-504.0;1197.0
1330.0;1960.0;2920.0;4130.0;552.0;638.0;1090.0;1570.0;2330.0;3400.0;477.0;662.0;-133.0;306.0;-504.0;1207.0
1450.0;2160.0;3200.0;4460.0;597.0;670.0;1170.0;1730.0;2470.0;3650.0;511.0;684.0;-132.0;309.0;-509.0;1214.0
1460.0;2180.0;3260.0;4520.0;573.0;675.0;1080.0;1600.0;2420.0;3500.0;501.0;676.0;-126.0;314.0;-510.0;1206.0
1560.0;2340.0;3460.0;4740.0;614.0;698.0;1170.0;1690.0;2480.0;3630.0;518.0;691.0;-126.0;304.0;-510.0;1203.0
1530.0;2260.0;3350.0;4690.0;621.0;716.0;1170.0;1700.0;2650.0;3870.0;539.0;714.0;-126.0;313.0;-509.0;1207.0
1530.0;2280.0;3430.0;4810.0;617.0;714.0;1200.0;1800.0;2620.0;3870.0;544.0;719.0;-126.0;305.0;-510.0;1206.0
1620.0;2390.0;3550.0;4940.0;648.0;735.0;1180.0;1770.0;2610.0;3820.0;551.0;726.0;-128.0;308.0;-510.0;1201.0
1570.0;2340.0;3520.0;4870.0;628.0;741.0;1280.0;1860.0;2780.0;3910.0;547.0;729.0;-128.0;312.0;-508.0;1218.0
1540.0;2320.0;3490.0;4860.0;637.0;746.0;1300.0;1920.0;2820.0;4090.0;566.0;744.0;-128.0;304.0;-510.0;1213.0
1600.0;2310.0;3460.0;4910.0;634.0;741.0;1230.0;1770.0;2630.0;3860.0;546.0;725.0;-127.0;297.0;-510.0;1199.0
1530.0;2220.0;3340.0;4720.0;608.0;707.0;1230.0;1780.0;2670.0;3770.0;538.0;698.0;-125.0;309.0;-510.0;1203.0
1510.0;2270.0;3290.0;4680.0;619.0;738.0;1250.0;1820.0;2730.0;3960.0;542.0;726.0;-120.0;312.0;-508.0;1211.0
1370.0;2040.0;3030.0;4260.0;556.0;682.0;1140.0;1630.0;2470.0;3650.0;524.0;677.0;-125.0;312.0;-512.0;1202.0
1480.0;2220.0;3310.0;4710.0;607.0;709.0;1190.0;1750.0;2580.0;3800.0;535.0;699.0;-127.0;311.0;-509.0;1212.0
1420.0;2100.0;3090.0;4360.0;577.0;669.0;1180.0;1750.0;2550.0;3760.0;514.0;686.0;-130.0;299.0;-509.0;1204.0
1510.0;2260.0;3360.0;4590.0;623.0;703.0;1120.0;1670.0;2500.0;3650.0;535.0;702.0;-130.0;313.0;-509.0;1209.0
1420.0;2100.0;3160.0;4480.0;583.0;678.0;1170.0;1730.0;2550.0;3610.0;506.0;680.0;-130.0;306.0;-512.0;1206.0
1630.0;2390.0;3560.0;4920.0;627.0;727.0;1210.0;1790.0;2660.0;3800.0;533.0;723.0;-130.0;308.0;-509.0;1207.0
1510.0;2260.0;3380.0;4760.0;614.0;718.0;1170.0;1780.0;2590.0;3730.0;545.0;723.0;-130.0;301.0;-512.0;1208.0
1510.0;2200.0;3270.0;4550.0;605.0;687.0;1200.0;1760.0;2590.0;3770.0;530.0;707.0;-134.0;306.0;-515.0;1202.0
1340.0;2000.0;2990.0;4300.0;564.0;648.0;1150.0;1640.0;2400.0;3570.0;487.0;661.0;-134.0;297.0;-515.0;1201.0
1420.0;2080.0;3020.0;4160.0;545.0;639.0;1030.0;1550.0;2310.0;3330.0;481.0;626.0;-127.0;309.0;-508.0;1194.0
1360.0;2010.0;3040.0;4260.0;541.0;612.0;1070.0;1560.0;2270.0;3380.0;480.0;620.0;-126.0;304.0;-508.0;1201.0
1330.0;1960.0;2860.0;4030.0;514.0;602.0;1070.0;1550.0;2220.0;3350.0;470.0;630.0;-126.0;303.0;-508.0;1209.0
1400.0;2080.0;3080.0;4400.0;554.0;639.0;1110.0;1620.0;2340.0;3390.0;476.0;630.0;-126.0;304.0;-505.0;1210.0
1400.0;2090.0;3110.0;4320.0;562.0;648.0;1060.0;1580.0;2350.0;3290.0;479.0;608.0;-128.0;313.0;-505.0;1200.0
1450.0;2130.0;3150.0;4410.0;584.0;668.0;1090.0;1620.0;2410.0;3400.0;484.0;662.0;-131.0;310.0;-513.0;1202.0
1420.0;2130.0;3160.0;4390.0;582.0;680.0;1190.0;1760.0;2580.0;3630.0;519.0;663.0;-131.0;308.0;-514.0;1204.0
1620.0;2400.0;3540.0;4930.0;641.0;727.0;1220.0;1790.0;2650.0;3810.0;530.0;724.0;-131.0;305.0;-513.0;1216.0
1540.0;2300.0;3420.0;4900.0;629.0;718.0;1160.0;1730.0;2630.0;3780.0;532.0;703.0;-132.0;310.0;-513.0;1204.0
1560.0;2290.0;3390.0;4650.0;603.0;719.0;1240.0;1850.0;2720.0;3870.0;538.0;716.0;-132.0;306.0;-514.0;1201.0
1520.0;2250.0;3340.0;4720.0;608.0;707.0;1170.0;1740.0;2510.0;3640.0;528.0;702.0;-132.0;309.0;-514.0;1198.0
1590.0;2350.0;3420.0;4850.0;629.0;712.0;1240.0;1830.0;2700.0;3970.0;550.0;720.0;-132.0;306.0;-507.0;1201.0
1570.0;2330.0;3490.0;4810.0;625.0;730.0;1200.0;1760.0;2650.0;3820.0;558.0;725.0;-132.0;295.0;-507.0;1202.0
1470.0;2180.0;3250.0;4680.0;607.0;708.0;1190.0;1710.0;2550.0;3680.0;528.0;678.0;-131.0;309.0;-511.0;1197.0
1550.0;2280.0;3370.0;4680.0;592.0;701.0;1190.0;1770.0;2580.0;3600.0;520.0;711.0;-126.0;302.0;-507.0;1206.0
1610.0;2390.0;3540.0;4940.0;632.0;764.0;1270.0;1880.0;2800.0;3940.0;556.0;735.0;-126.0;314.0;-507.0;1208.0
1520.0;2250.0;3410.0;4830.0;618.0;758.0;1290.0;1870.0;2750.0;3960.0;571.0;736.0;-126.0;315.0;-508.0;1206.0
1430.0;2140.0;3170.0;4500.0;582.0;688.0;1250.0;1780.0;2640.0;3780.0;537.0;701.0;-125.0;310.0;-508.0;1208.0
1520.0;2280.0;3370.0;4700.0;630.0;738.0;1270.0;1820.0;2670.0;3890.0;564.0;729.0;-125.0;305.0;-501.0;1205.0
1560.0;2300.0;3410.0;4740.0;597.0;719.0;1260.0;1860.0;2770.0;3970.0;553.0;721.0;-132.0;312.0;-508.0;1208.0
1500.0;2260.0;3290.0;4660.0;609.0;698.0;1150.0;1710.0;2520.0;3690.0;528.0;705.0;-132.0;312.0;-508.0;1199.0
1570.0;2350.0;3480.0;4920.0;629.0;732.0;1210.0;1840.0;2760.0;3950.0;559.0;739.0;-132.0;310.0;-504.0;1197.0
1460.0;2180.0;3290.0;4630.0;628.0;741.0;1180.0;1760.0;2580.0;3810.0;545.0;717.0;-133.0;307.0;-511.0;1201.0
1470.0;2190.0;3280.0;4590.0;605.0;721.0;1160.0;1750.0;2590.0;3850.0;560.0;750.0;-133.0;303.0;-511.0;1203.0
1480.0;2230.0;3230.0;4750.0;621.0;724.0;1240.0;1870.0;2820.0;3980.0;553.0;736.0;-132.0;313.0;-504.0;1191.0
1520.0;2300.0;3410.0;4830.0;625.0;723.0;1220.0;1810.0;2660.0;3970.0;552.0;736.0;-131.0;304.0;-504.0;1207.0
1550.0;2330.0;3400.0;4750.0;617.0;718.0;1160.0;1770.0;2600.0;3860.0;528.0;725.0;-128.0;300.0;-507.0;1204.0
1480.0;2230.0;3280.0;4680.0;608.0;717.0;1160.0;1730.0;2550.0;3790.0;537.0;703.0;-121.0;305.0;-503.0;1207.0
1530.0;2260.0;3390.0;4840.0;628.0;719.0;1210.0;1840.0;2710.0;4000.0;548.0;718.0;-121.0;307.0;-503.0;1205.0
1360.0;2010.0;2960.0;4240.0;562.0;666.0;1170.0;1730.0;2570.0;3760.0;521.0;681.0;-126.0;309.0;-506.0;1204.0
1470.0;2200.0;3270.0;4650.0;598.0;687.0;1220.0;1810.0;2600.0;3770.0;532.0;699.0;-126.0;304.0;-506.0;1208.0
1570.0;2330.0;3410.0;4770.0;604.0;710.0;1180.0;1760.0;2620.0;3810.0;539.0;706.0;-120.0;301.0;-503.0;1209.0
1470.0;2200.0;3290.0;4630.0;616.0;723.0;1150.0;1700.0;2530.0;3640.0;521.0;710.0;-126.0;313.0;-506.0;1212.0
1450.0;2180.0;3230.0;4700.0;621.0;709.0;1180.0;1710.0;2540.0;3730.0;529.0;702.0;-126.0;303.0;-506.0;1207.0
1490.0;2200.0;3280.0;4570.0;589.0;702.0;1200.0;1740.0;2560.0;3680.0;524.0;705.0;-125.0;306.0;-501.0;1203.0
1530.0;2270.0;3390.0;4810.0;614.0;718.0;1150.0;1680.0;2530.0;3730.0;533.0;709.0;-125.0;311.0;-501.0;1205.0
1470.0;2200.0;3200.0;4550.0;588.0;693.0;1210.0;1740.0;2610.0;3610.0;522.0;693.0;-129.0;303.0;-508.0;1208.0
1520.0;2320.0;3430.0;4860.0;622.0;722.0;1200.0;1780.0;2610.0;3820.0;530.0;708.0;-125.0;309.0;-499.0;1205.0
1430.0;2120.0;3230.0;4640.0;599.0;709.0;1130.0;1670.0;2450.0;3690.0;521.0;696.0;-125.0;311.0;-504.0;1203.0
1500.0;2250.0;3300.0;4630.0;614.0;723.0;1230.0;1780.0;2690.0;3900.0;560.0;740.0;-125.0;313.0;-508.0;1201.0
1450.0;2200.0;3310.0;4670.0;611.0;721.0;1230.0;1810.0;2620.0;3870.0;541.0;724.0;-125.0;293.0;-504.0;1202.0
1540.0;2240.0;3370.0;4720.0;620.0;719.0;1190.0;1780.0;2630.0;3830.0;550.0;717.0;-125.0;309.0;-502.0;1199.0
1530.0;2360.0;3440.0;4830.0;629.0;716.0;1180.0;1740.0;2570.0;3810.0;547.0;725.0;-126.0;305.0;-504.0;1208.0
1540.0;2310.0;3370.0;4730.0;603.0;729.0;1210.0;1790.0;2680.0;3940.0;558.0;728.0;-128.0;302.0;-507.0;1197.0
1470.0;2200.0;3200.0;4570.0;600.0;711.0;1190.0;1770.0;2620.0;3850.0;549.0;720.0;-128.0;318.0;-502.0;1206.0
1410.0;2110.0;3190.0;4530.0;601.0;723.0;1170.0;1750.0;2590.0;3870.0;536.0;710.0;-133.0;309.0;-507.0;1204.0
1590.0;2370.0;3500.0;4930.0;637.0;745.0;1220.0;1810.0;2660.0;3890.0;562.0;745.0;-133.0;311.0;-507.0;1207.0
1530.0;2280.0;3440.0;4760.0;623.0;735.0;1190.0;1770.0;2610.0;3800.0;544.0;733.0;-129.0;315.0;-502.0;1200.0
1470.0;2230.0;3290.0;4590.0;607.0;717.0;1230.0;1790.0;2660.0;3830.0;539.0;725.0;-128.0;305.0;-502.0;1201.0
1530.0;2290.0;3470.0;4880.0;642.0;744.0;1170.0;1760.0;2590.0;3900.0;547.0;760.0;-129.0;315.0;-510.0;1196.0
1480.0;2200.0;3280.0;4600.0;596.0;719.0;1180.0;1770.0;2670.0;3950.0;553.0;719.0;-129.0;303.0;-511.0;1198.0
1610.0;2360.0;3480.0;4870.0;625.0;742.0;1250.0;1840.0;2710.0;3960.0;559.0;734.0;-129.0;304.0;-511.0;1201.0
1460.0;2170.0;3200.0;4580.0;599.0;700.0;1150.0;1680.0;2560.0;3760.0;532.0;710.0;-128.0;295.0;-511.0;1192.0
1500.0;2220.0;3320.0;4770.0;608.0;716.0;1190.0;1740.0;2570.0;3730.0;546.0;721.0;-132.0;312.0;-502.0;1201.0
1580.0;2330.0;3440.0;4770.0;632.0;728.0;1210.0;1810.0;2690.0;3830.0;555.0;720.0;-125.0;304.0;-501.0;1200.0
1520.0;2280.0;3410.0;4770.0;630.0;751.0;1240.0;1860.0;2730.0;3950.0;564.0;737.0;-124.0;314.0;-499.0;1200.0
1550.0;2280.0;3330.0;4810.0;626.0;758.0;1190.0;1780.0;2600.0;3830.0;544.0;746.0;-125.0;311.0;-499.0;1199.0
1490.0;2240.0;3280.0;4620.0;601.0;704.0;1180.0;1770.0;2660.0;3890.0;553.0;716.0;-127.0;308.0;-501.0;1195.0
1560.0;2290.0;3400.0;4750.0;610.0;712.0;1120.0;1730.0;2500.0;3720.0;542.0;749.0;-127.0;317.0;-504.0;1201.0
1450.0;2180.0;3220.0;4570.0;602.0;703.0;1200.0;1770.0;2580.0;3780.0;533.0;718.0;-130.0;309.0;-506.0;1204.0
1540.0;2240.0;3280.0;4600.0;583.0;697.0;1230.0;1800.0;2690.0;3800.0;528.0;690.0;-131.0;306.0;-507.0;1194.0
1510.0;2240.0;3320.0;4680.0;604.0;703.0;1190.0;1770.0;2670.0;3810.0;526.0;707.0;-131.0;300.0;-507.0;1203.0
1540.0;2290.0;3350.0;4830.0;616.0;715.0;1210.0;1760.0;2590.0;3870.0;527.0;721.0;-131.0;297.0;-507.0;1201.0
1360.0;2000.0;2950.0;4250.0;557.0;664.0;1160.0;1740.0;2620.0;3690.0;522.0;674.0;-130.0;301.0;-506.0;1210.0
1540.0;2300.0;3390.0;4730.0;616.0;719.0;1190.0;1710.0;2600.0;3790.0;532.0;719.0;-130.0;303.0;-507.0;1194.0
1540.0;2310.0;3360.0;4780.0;628.0;724.0;1190.0;1690.0;2520.0;3720.0;532.0;710.0;-129.0;301.0;-503.0;1208.0
1580.0;2340.0;3470.0;4920.0;648.0;738.0;1200.0;1760.0;2650.0;3900.0;558.0;730.0;-125.0;306.0;-500.0;1201.0
1610.0;2420.0;3510.0;4920.0;641.0;740.0;1200.0;1810.0;2690.0;3930.0;564.0;721.0;-125.0;304.0;-500.0;1200.0
1480.0;2180.0;3210.0;4530.0;617.0;717.0;1190.0;1750.0;2590.0;3700.0;520.0;712.0;-126.0;300.0;-498.0;1203.0
1430.0;2160.0;3210.0;4600.0;618.0;696.0;1250.0;1750.0;2610.0;3870.0;542.0;700.0;-126.0;308.0;-498.0;1200.0
1510.0;2240.0;3290.0;4820.0;622.0;724.0;1220.0;1800.0;2690.0;4020.0;562.0;748.0;-126.0;308.0;-504.0;1201.0
1490.0;2200.0;3270.0;4580.0;614.0;709.0;1180.0;1760.0;2630.0;3830.0;533.0;693.0;-126.0;308.0;-504.0;1192.0
1540.0;2270.0;3460.0;4770.0;630.0;715.0;1110.0;1660.0;2530.0;3770.0;546.0;705.0;-126.0;300.0;-504.0;1199.0
1520.0;2250.0;3300.0;4630.0;614.0;710.0;1180.0;1780.0;2590.0;3810.0;539.0;699.0;-124.0;305.0;-504.0;1193.0
1480.0;2190.0;3270.0;4660.0;610.0;729.0;1160.0;1760.0;2620.0;3820.0;551.0;736.0;-124.0;305.0;-504.0;1205.0
1600.0;2390.0;3530.0;4940.0;647.0;745.0;1270.0;1830.0;2740.0;4130.0;557.0;747.0;-127.0;313.0;-504.0;1199.0
1580.0;2330.0;3500.0;4890.0;633.0;755.0;1240.0;1830.0;2670.0;3940.0;561.0;744.0;-131.0;305.0;-504.0;1193.0
1340.0;2000.0;2990.0;4280.0;561.0;673.0;1110.0;1620.0;2440.0;3590.0;513.0;689.0;-127.0;312.0;-500.0;1196.0
1210.0;1800.0;2670.0;3800.0;498.0;603.0;1090.0;1590.0;2340.0;3290.0;479.0;627.0;-131.0;312.0;-504.0;1197.0
1470.0;2160.0;3190.0;4400.0;580.0;659.0;1150.0;1680.0;2440.0;3570.0;492.0;662.0;-131.0;310.0;-501.0;1196.0
1370.0;2040.0;3030.0;4400.0;577.0;691.0;1110.0;1630.0;2430.0;3550.0;512.0;672.0;-132.0;299.0;-501.0;1203.0
1490.0;2210.0;3310.0;4650.0;608.0;725.0;1170.0;1770.0;2630.0;3830.0;546.0;717.0;-132.0;303.0;-503.0;1197.0
1540.0;2330.0;3460.0;4820.0;616.0;721.0;1210.0;1820.0;2720.0;4050.0;569.0;732.0;-132.0;305.0;-505.0;1191.0
1270.0;1910.0;2860.0;4050.0;542.0;665.0;1090.0;1670.0;2480.0;3550.0;524.0;684.0;-124.0;308.0;-503.0;1204.0
1460.0;2180.0;3220.0;4610.0;596.0;704.0;1210.0;1730.0;2590.0;3690.0;525.0;704.0;-126.0;307.0;-503.0;1192.0
1560.0;2290.0;3450.0;4900.0;634.0;703.0;1150.0;1730.0;2560.0;3870.0;542.0;714.0;-124.0;306.0;-501.0;1193.0
1570.0;2320.0;3390.0;4700.0;608.0;719.0;1180.0;1750.0;2610.0;3880.0;551.0;715.0;-124.0;299.0;-501.0;1200.0
1490.0;2270.0;3380.0;4820.0;626.0;725.0;1150.0;1710.0;2560.0;3710.0;534.0;708.0;-125.0;298.0;-500.0;1197.0
1550.0;2300.0;3470.0;4850.0;637.0;738.0;1220.0;1820.0;2720.0;3960.0;563.0;746.0;-126.0;305.0;-501.0;1205.0
1540.0;2290.0;3390.0;4900.0;631.0;755.0;1210.0;1790.0;2640.0;3920.0;568.0;766.0;-126.0;305.0;-500.0;1190.0
1300.0;1910.0;2880.0;4180.0;561.0;671.0;1120.0;1670.0;2470.0;3700.0;521.0;683.0;-126.0;302.0;-500.0;1185.0
1540.0;2310.0;3390.0;4760.0;621.0;752.0;1170.0;1760.0;2610.0;3870.0;564.0;730.0;-131.0;308.0;-500.0;1209.0
1430.0;2180.0;3220.0;4690.0;606.0;719.0;1210.0;1790.0;2710.0;3860.0;553.0;742.0;-129.0;309.0;-500.0;1190.0
1510.0;2250.0;3400.0;4710.0;627.0;743.0;1190.0;1740.0;2650.0;3940.0;560.0;740.0;-129.0;302.0;-500.0;1180.0
1520.0;2290.0;3440.0;4860.0;640.0;752.0;1250.0;1890.0;2810.0;4240.0;578.0;769.0;-129.0;305.0;-500.0;1193.0
1410.0;2170.0;3300.0;4690.0;630.0;733.0;1200.0;1770.0;2680.0;3900.0;566.0;745.0;-133.0;307.0;-505.0;1194.0
1540.0;2280.0;3420.0;4810.0;624.0;747.0;1190.0;1770.0;2690.0;3910.0;566.0;747.0;-129.0;304.0;-505.0;1196.0
1430.0;2130.0;3180.0;4450.0;587.0;714.0;1250.0;1840.0;2720.0;3870.0;558.0;715.0;-125.0;304.0;-505.0;1195.0
1590.0;2340.0;3450.0;4890.0;642.0;740.0;1240.0;1840.0;2680.0;3940.0;546.0;761.0;-119.0;301.0;-495.0;1205.0
1480.0;2250.0;3400.0;4880.0;630.0;719.0;1140.0;1730.0;2620.0;3950.0;553.0;739.0;-120.0;308.0;-495.0;1196.0
1350.0;2000.0;3010.0;4380.0;575.0;686.0;1110.0;1630.0;2460.0;3680.0;535.0;696.0;-120.0;303.0;-495.0;1195.0
1520.0;2280.0;3380.0;4790.0;616.0;725.0;1190.0;1750.0;2540.0;3820.0;533.0;719.0;-120.0;305.0;-495.0;1191.0
1390.0;2080.0;3120.0;4580.0;596.0;697.0;1110.0;1670.0;2560.0;3720.0;527.0;696.0;-120.0;312.0;-498.0;1199.0
1480.0;2180.0;3260.0;4640.0;612.0;717.0;1130.0;1640.0;2520.0;3700.0;516.0;715.0;-125.0;303.0;-502.0;1201.0
1460.0;2190.0;3230.0;4690.0;602.0;718.0;1160.0;1720.0;2600.0;3670.0;533.0;710.0;-130.0;307.0;-502.0;1188.0
1460.0;2210.0;3260.0;4670.0;619.0;724.0;1160.0;1730.0;2650.0;4040.0;549.0;745.0;-128.0;296.0;-503.0;1192.0
1350.0;1990.0;2980.0;4150.0;565.0;688.0;1140.0;1720.0;2510.0;3780.0;530.0;715.0;-125.0;297.0;-499.0;1186.0
1390.0;2070.0;3170.0;4590.0;607.0;751.0;1250.0;1870.0;2770.0;4010.0;562.0;753.0;-125.0;313.0;-499.0;1203.0
1550.0;2310.0;3420.0;4910.0;650.0;773.0;1210.0;1840.0;2740.0;4030.0;579.0;778.0;-127.0;310.0;-499.0;1190.0
1580.0;2360.0;3540.0;4930.0;640.0;773.0;1250.0;1860.0;2780.0;4180.0;575.0;786.0;-127.0;310.0;-503.0;1193.0
1500.0;2230.0;3310.0;4740.0;625.0;760.0;1190.0;1790.0;2650.0;4030.0;574.0;763.0;-127.0;301.0;-499.0;1185.0
1470.0;2240.0;3300.0;4870.0;644.0;779.0;1220.0;1850.0;2770.0;4100.0;574.0;795.0;-128.0;293.0;-499.0;1186.0
1580.0;2340.0;3480.0;4940.0;657.0;775.0;1220.0;1860.0;2780.0;4210.0;608.0;792.0;-129.0;298.0;-503.0;1183.0
1460.0;2190.0;3280.0;4780.0;658.0;808.0;1270.0;1880.0;2800.0;4160.0;598.0;824.0;-130.0;301.0;-502.0;1186.0
1460.0;2150.0;3280.0;4750.0;628.0;801.0;1250.0;1870.0;2830.0;4200.0;595.0;812.0;-130.0;297.0;-499.0;1187.0
1500.0;2290.0;3400.0;4940.0;659.0;833.0;1230.0;1870.0;2800.0;4250.0;614.0;846.0;-129.0;293.0;-495.0;1179.0
1180.0;1910.0;3190.0;4760.0;697.0;1073.0;1120.0;1920.0;3080.0;4880.0;737.0;1115.0;-129.0;287.0;-493.0;1159.0
1340.0;2140.0;3320.0;4930.0;723.0;1059.0;1120.0;1890.0;3060.0;4820.0;725.0;1082.0;-129.0;291.0;-493.0;1168.0
1250.0;2080.0;3250.0;4880.0;691.0;984.0;1030.0;1730.0;2880.0;4550.0;690.0;1002.0;-129.0;297.0;-491.0;1157.0
1280.0;2090.0;3260.0;4890.0;678.0;995.0;1040.0;1780.0;2950.0;4640.0;694.0;1026.0;-130.0;291.0;-491.0;1167.0
1270.0;2090.0;3250.0;4820.0;678.0;981.0;900.0;1650.0;2710.0;4460.0;685.0;1018.0;-130.0;292.0;-491.0;1158.0
1250.0;2030.0;3240.0;4740.0;665.0;956.0;970.0;1640.0;2750.0;4290.0;662.0;996.0;-130.0;294.0;-498.0;1160.0
1280.0;2050.0;3240.0;4780.0;677.0;955.0;910.0;1640.0;2700.0;4330.0;671.0;983.0;-130.0;288.0;-498.0;1156.0
1150.0;1920.0;3070.0;4590.0;656.0;946.0;900.0;1630.0;2780.0;4470.0;658.0;997.0;-129.0;289.0;-498.0;1172.0
1240.0;2010.0;3160.0;4710.0;675.0;966.0;970.0;1700.0;2800.0;4510.0;678.0;991.0;-129.0;299.0;-499.0;1169.0
1220.0;2020.0;3180.0;4800.0;668.0;959.0;880.0;1600.0;2650.0;4300.0;663.0;1002.0;-126.0;292.0;-499.0;1171.0
1240.0;2070.0;3230.0;4800.0;685.0;960.0;870.0;1580.0;2670.0;4160.0;650.0;986.0;-126.0;297.0;-499.0;1173.0
1130.0;1890.0;3020.0;4490.0;631.0;897.0;820.0;1480.0;2500.0;4010.0;595.0;902.0;-126.0;292.0;-498.0;1177.0
1060.0;1730.0;2780.0;4190.0;584.0;838.0;740.0;1320.0;2270.0;3620.0;554.0;836.0;-129.0;294.0;-502.0;1181.0
790.0;1330.0;2060.0;3090.0;451.0;665.0;530.0;1010.0;1760.0;2870.0;438.0;679.0;-129.0;301.0;-500.0;1180.0
820.0;1340.0;2120.0;3020.0;416.0;618.0;500.0;920.0;1640.0;2550.0;401.0;634.0;-129.0;307.0;-498.0;1175.0
620.0;1020.0;1630.0;2480.0;343.0;558.0;430.0;800.0;1400.0;2340.0;377.0;579.0;-125.0;296.0;-498.0;1167.0
510.0;870.0;1390.0;2050.0;289.0;424.0;310.0;650.0;1120.0;1830.0;297.0;502.0;-130.0;303.0;-500.0;1177.0
510.0;870.0;1390.0;2050.0;289.0;483.0;310.0;660.0;1090.0;1890.0;302.0;496.0;-125.0;295.0;-500.0;1175.0
350.0;640.0;1130.0;1680.0;240.0;447.0;300.0;640.0;1090.0;1810.0;311.0;519.0;-125.0;292.0;-500.0;1173.0
570.0;1040.0;1620.0;2320.0;344.0;523.0;350.0;720.0;1360.0;2390.0;357.0;588.0;-127.0;298.0;-501.0;1174.0
570.0;1010.0;1670.0;2490.0;365.0;558.0;380.0;820.0;1430.0;2510.0;403.0;645.0;-127.0;294.0;-501.0;1165.0
880.0;1480.0;2370.0;3450.0;479.0;701.0;630.0;1160.0;1910.0;3130.0;478.0;746.0;-122.0;295.0;-501.0;1161.0
910.0;1530.0;2510.0;3660.0;530.0;749.0;600.0;1120.0;1930.0;3270.0;507.0;778.0;-127.0;294.0;-501.0;1164.0
800.0;1350.0;2140.0;3240.0;490.0;724.0;590.0;1150.0;1890.0;3220.0;495.0;759.0;-126.0;290.0;-501.0;1170.0
900.0;1520.0;2420.0;3640.0;521.0;746.0;580.0;1080.0;1830.0;3130.0;490.0;755.0;-126.0;288.0;-501.0;1174.0
800.0;1410.0;2240.0;3390.0;473.0;701.0;600.0;1080.0;1840.0;2940.0;465.0;734.0;-130.0;298.0;-501.0;1171.0
690.0;1190.0;1850.0;1930.0;295.0;512.0;330.0;720.0;1330.0;2140.0;348.0;574.0;-133.0;298.0;-503.0;1187.0
570.0;1000.0;1690.0;2490.0;331.0;504.0;330.0;710.0;1290.0;2090.0;344.0;541.0;-133.0;295.0;-501.0;1171.0
690.0;1190.0;1850.0;2680.0;363.0;529.0;390.0;790.0;1400.0;2160.0;356.0;561.0;-133.0;300.0;-504.0;1177.0
580.0;1030.0;1680.0;2460.0;346.0;531.0;410.0;760.0;1370.0;2200.0;371.0;549.0;-127.0;299.0;-501.0;1172.0
630.0;1090.0;1810.0;2570.0;344.0;521.0;390.0;750.0;1300.0;2170.0;346.0;545.0;-127.0;295.0;-504.0;1177.0
640.0;1040.0;1650.0;2440.0;333.0;497.0;300.0;630.0;1130.0;1830.0;309.0;505.0;-127.0;300.0;-500.0;1178.0
550.0;920.0;1490.0;2080.0;287.0;443.0;240.0;540.0;1060.0;1790.0;312.0;487.0;-127.0;290.0;-500.0;1181.0
500.0;760.0;1160.0;1590.0;202.0;177.0;110.0;250.0;380.0;610.0;95.0;157.0;4.0;5.0;-4.0;-4.0
580.0;900.0;1370.0;1890.0;243.0;199.0;100.0;200.0;300.0;580.0;85.0;134.0;6.0;-1.0;-4.0;-4.0
510.0;860.0;1260.0;1770.0;243.0;214.0;80.0;180.0;370.0;690.0;119.0;151.0;4.0;-1.0;-4.0;-1.0
510.0;850.0;1260.0;1770.0;220.0;199.0;90.0;140.0;270.0;690.0;119.0;151.0;4.0;-1.0;-9.0;-6.0
510.0;780.0;1180.0;1640.0;209.0;187.0;140.0;190.0;450.0;770.0;119.0;167.0;1.0;-3.0;-9.0;-1.0
520.0;850.0;1310.0;1810.0;220.0;211.0;170.0;300.0;440.0;870.0;134.0;197.0;-3.0;-3.0;-11.0;-1.0
690.0;1080.0;1690.0;2330.0;303.0;306.0;310.0;450.0;710.0;1230.0;184.0;261.0;-2.0;-5.0;-9.0;-1.0
720.0;1120.0;1780.0;2450.0;331.0;334.0;290.0;490.0;840.0;1480.0;220.0;314.0;-3.0;-5.0;-5.0;1.0
680.0;1100.0;1690.0;2510.0;332.0;346.0;310.0;510.0;880.0;1440.0;218.0;304.0;-2.0;-3.0;-1.0;1.0
720.0;1130.0;1790.0;2560.0;353.0;362.0;380.0;610.0;920.0;1500.0;217.0;313.0;-2.0;-3.0;-1.0;-1.0
810.0;1250.0;1870.0;2750.0;343.0;354.0;310.0;480.0;790.0;1350.0;206.0;310.0;-2.0;-2.0;-1.0;-1.0
760.0;1210.0;1850.0;2640.0;352.0;358.0;370.0;570.0;990.0;1540.0;221.0;333.0;-3.0;-2.0;-5.0;-1.0
800.0;1240.0;1830.0;2610.0;335.0;372.0;300.0;550.0;910.0;1470.0;200.0;309.0;-7.0;-1.0;-8.0;0.0
740.0;1150.0;1720.0;2520.0;341.0;340.0;260.0;420.0;800.0;1320.0;214.0;280.0;-7.0;-1.0;-8.0;0.0
720.0;1150.0;1650.0;2490.0;317.0;320.0;280.0;420.0;710.0;1270.0;183.0;283.0;-7.0;-1.0;-11.0;0.0
770.0;1230.0;1850.0;2620.0;330.0;330.0;270.0;430.0;730.0;1140.0;170.0;274.0;-1.0;-1.0;-8.0;0.0
630.0;1000.0;1510.0;2270.0;301.0;288.0;240.0;390.0;710.0;1090.0;163.0;225.0;-1.0;-1.0;-8.0;1.0
720.0;1120.0;1660.0;2390.0;303.0;316.0;310.0;500.0;840.0;1290.0;187.0;254.0;-1.0;-1.0;-10.0;1.0
560.0;920.0;1360.0;1320.0;175.0;187.0;190.0;200.0;550.0;630.0;107.0;147.0;-1.0;0.0;-10.0;1.0
510.0;800.0;1270.0;1760.0;228.0;225.0;150.0;220.0;410.0;750.0;136.0;182.0;-1.0;0.0;-7.0;-3.0
560.0;920.0;1360.0;1950.0;253.0;256.0;190.0;330.0;550.0;900.0;138.0;203.0;1.0;-1.0;-7.0;-3.0
440.0;700.0;1070.0;1730.0;215.0;185.0;90.0;210.0;360.0;610.0;94.0;126.0;1.0;-1.0;-4.0;-5.0
540.0;830.0;1250.0;1790.0;228.0;192.0;110.0;170.0;300.0;530.0;100.0;130.0;1.0;-1.0;0.0;-3.0
370.0;590.0;870.0;1300.0;135.0;103.0;60.0;70.0;200.0;250.0;79.0;67.0;-1.0;-1.0;-4.0;-2.0
360.0;580.0;870.0;1180.0;150.0;103.0;50.0;80.0;150.0;200.0;30.0;58.0;-1.0;-1.0;0.0;-2.0
420.0;640.0;970.0;1330.0;168.0;118.0;60.0;80.0;80.0;200.0;30.0;101.0;-1.0;2.0;0.0;-2.0
300.0;490.0;690.0;900.0;121.0;67.0;10.0;20.0;40.0;80.0;4.0;24.0;-1.0;2.0;0.0;-1.0
300.0;490.0;690.0;900.0;121.0;67.0;-50.0;-60.0;-70.0;30.0;-1.0;34.0;-1.0;2.0;-5.0;1.0
260.0;380.0;560.0;890.0;101.0;62.0;-90.0;-120.0;-120.0;-30.0;-9.0;0.0;-1.0;5.0;-5.0;4.0
200.0;270.0;410.0;530.0;60.0;-19.0;-160.0;-250.0;-330.0;-370.0;-50.0;-43.0;-1.0;3.0;-11.0;7.0
200.0;260.0;410.0;500.0;45.0;-19.0;-160.0;-250.0;-330.0;-370.0;-50.0;-43.0;1.0;0.0;-11.0;-4.0
290.0;430.0;630.0;780.0;78.0;-22.0;-170.0;-250.0;-330.0;-370.0;-50.0;-52.0;1.0;0.0;-10.0;-4.0
180.0;260.0;380.0;570.0;64.0;-19.0;-160.0;-230.0;-300.0;-330.0;-33.0;-34.0;1.0;0.0;-10.0;-4.0
190.0;290.0;400.0;510.0;78.0;10.0;-160.0;-190.0;-270.0;-330.0;-30.0;-27.0;1.0;3.0;-10.0;1.0
360.0;290.0;800.0;1130.0;64.0;62.0;-140.0;-190.0;-240.0;-170.0;5.0;-4.0;0.0;3.0;-11.0;1.0
280.0;420.0;630.0;830.0;101.0;55.0;-70.0;-110.0;-60.0;-100.0;6.0;-4.0;-3.0;3.0;-14.0;2.0
360.0;610.0;800.0;1130.0;136.0;62.0;-70.0;-60.0;-30.0;0.0;6.0;20.0;-3.0;3.0;-14.0;1.0
420.0;670.0;980.0;1450.0;176.0;118.0;0.0;50.0;100.0;210.0;45.0;100.0;-3.0;2.0;-11.0;1.0
480.0;820.0;1250.0;1660.0;208.0;166.0;0.0;50.0;180.0;210.0;76.0;108.0;-3.0;1.0;-11.0;-3.0
560.0;890.0;1350.0;1930.0;221.0;188.0;0.0;50.0;100.0;210.0;94.0;123.0;-3.0;1.0;-10.0;1.0
290.0;500.0;810.0;1180.0;144.0;124.0;-80.0;-40.0;-70.0;0.0;23.0;50.0;-4.0;0.0;-10.0;3.0
290.0;450.0;650.0;840.0;100.0;35.0;-90.0;-140.0;-110.0;-160.0;-13.0;-32.0;-5.0;0.0;-19.0;3.0
290.0;390.0;570.0;820.0;74.0;-4.0;-140.0;-180.0;-260.0;-390.0;-53.0;-58.0;-5.0;-2.0;-19.0;3.0
120.0;290.0;280.0;350.0;56.0;-27.0;-200.0;-250.0;-290.0;-480.0;-61.0;-76.0;-5.0;0.0;-10.0;4.0
170.0;290.0;410.0;460.0;56.0;-27.0;-200.0;-250.0;-290.0;-480.0;-61.0;-76.0;-5.0;0.0;-17.0;2.0
170.0;250.0;400.0;510.0;56.0;-30.0;-230.0;-320.0;-370.0;-480.0;-65.0;-84.0;-5.0;1.0;-8.0;2.0
200.0;310.0;420.0;530.0;56.0;-30.0;-230.0;-310.0;-370.0;-440.0;-61.0;-76.0;-2.0;-6.0;-7.0;2.0
130.0;240.0;390.0;460.0;41.0;-27.0;-230.0;-310.0;-370.0;-440.0;-52.0;-59.0;0.0;3.0;-7.0;9.0
110.0;310.0;420.0;360.0;56.0;-25.0;-180.0;-250.0;-310.0;-290.0;-47.0;-51.0;-2.0;5.0;-7.0;9.0
250.0;420.0;590.0;810.0;99.0;22.0;-180.0;-250.0;-310.0;-250.0;-20.0;-27.0;-2.0;5.0;-7.0;10.0
250.0;460.0;670.0;950.0;104.0;43.0;-130.0;-170.0;-150.0;-130.0;-16.0;-3.0;0.0;6.0;-5.0;9.0
280.0;500.0;780.0;1100.0;125.0;63.0;-120.0;-120.0;-130.0;-100.0;-10.0;1.0;-4.0;1.0;-5.0;10.0
210.0;380.0;630.0;960.0;107.0;58.0;-120.0;-120.0;-130.0;-100.0;-10.0;1.0;-4.0;1.0;-5.0;8.0
420.0;670.0;990.0;1410.0;159.0;82.0;-130.0;-120.0;-130.0;-100.0;-10.0;-3.0;-4.0;1.0;-5.0;4.0
290.0;490.0;710.0;1040.0;119.0;111.0;90.0;130.0;200.0;300.0;61.0;82.0;10.0;17.0;14.0;-5.0
290.0;520.0;760.0;1150.0;119.0;122.0;80.0;100.0;220.0;500.0;61.0;82.0;11.0;9.0;9.0;-5.0
340.0;550.0;850.0;1270.0;145.0;119.0;90.0;160.0;300.0;550.0;69.0;109.0;14.0;7.0;9.0;-5.0
260.0;420.0;630.0;930.0;105.0;97.0;50.0;90.0;250.0;410.0;54.0;64.0;17.0;6.0;6.0;-5.0
320.0;540.0;760.0;1180.0;124.0;104.0;70.0;100.0;200.0;420.0;47.0;60.0;11.0;8.0;4.0;-6.0
390.0;640.0;930.0;1310.0;173.0;198.0;200.0;330.0;500.0;720.0;118.0;166.0;-8.0;0.0;3.0;6.0
470.0;810.0;1130.0;1760.0;225.0;272.0;260.0;430.0;700.0;1000.0;154.0;233.0;-8.0;0.0;3.0;14.0
390.0;600.0;920.0;1370.0;193.0;253.0;190.0;310.0;560.0;930.0;142.0;211.0;-5.0;0.0;2.0;6.0
370.0;600.0;830.0;1260.0;185.0;251.0;240.0;350.0;580.0;880.0;130.0;196.0;-8.0;0.0;2.0;7.0
300.0;510.0;740.0;1200.0;154.0;230.0;220.0;370.0;600.0;870.0;131.0;192.0;-5.0;0.0;2.0;13.0
410.0;710.0;1100.0;1580.0;225.0;283.0;260.0;420.0;770.0;1150.0;182.0;247.0;4.0;6.0;14.0;15.0
190.0;330.0;630.0;940.0;127.0;196.0;150.0;310.0;420.0;890.0;120.0;170.0;-11.0;-11.0;-13.0;0.0
380.0;580.0;950.0;1540.0;203.0;272.0;240.0;440.0;620.0;1160.0;164.0;256.0;-1.0;-11.0;-9.0;0.0
360.0;640.0;1060.0;1690.0;241.0;327.0;250.0;500.0;800.0;1390.0;207.0;298.0;-6.0;-12.0;-9.0;0.0
430.0;770.0;1310.0;1960.0;273.0;371.0;370.0;650.0;1030.0;1650.0;240.0;315.0;-6.0;-12.0;-2.0;0.0
540.0;880.0;1420.0;2040.0;277.0;373.0;340.0;590.0;950.0;1600.0;241.0;334.0;-3.0;-8.0;-2.0;-2.0
210.0;360.0;620.0;1010.0;96.0;155.0;190.0;370.0;380.0;820.0;119.0;165.0;-14.0;-9.0;-8.0;-4.0
140.0;250.0;460.0;770.0;112.0;183.0;190.0;250.0;430.0;780.0;111.0;149.0;-14.0;-9.0;-8.0;-4.0
310.0;490.0;820.0;1260.0;167.0;220.0;190.0;370.0;540.0;890.0;136.0;182.0;-14.0;-12.0;-8.0;-3.0
310.0;520.0;880.0;1310.0;193.0;259.0;190.0;370.0;610.0;1010.0;150.0;239.0;-13.0;-9.0;-8.0;-3.0
330.0;560.0;860.0;1330.0;196.0;288.0;260.0;460.0;710.0;1250.0;186.0;264.0;-12.0;-12.0;-8.0;-3.0
370.0;610.0;1000.0;1580.0;204.0;279.0;230.0;430.0;710.0;1210.0;170.0;244.0;-7.0;-14.0;-9.0;-2.0
330.0;560.0;860.0;1330.0;196.0;288.0;260.0;460.0;710.0;1250.0;186.0;264.0;-7.0;-14.0;-10.0;-3.0
360.0;600.0;960.0;1460.0;205.0;276.0;220.0;430.0;680.0;1100.0;170.0;226.0;-6.0;-14.0;-10.0;-2.0
400.0;650.0;1040.0;1600.0;206.0;254.0;190.0;390.0;590.0;1020.0;136.0;207.0;-6.0;-4.0;-10.0;-5.0
