OFFCHIP_SENSIMOX_SnAu_150_200.0_IN-PHASE;OFFCHIP_SENSIMOX_SnAu_200_200.0_IN-PHASE;OFFCHIP_SENSIMOX_SnAu_250_200.0_IN-PHASE;OFFCHIP_SENSIMOX_SnAu_300_200.0_IN-PHASE;OFFCHIP_SENSIMOX_SnAu_350_200.0_IN-PHASE;OFFCHIP_SENSIMOX_SnAu_400_200.0_IN-PHASE;OFFCHIP_SENSIMOX_SnAu_150_78125.0_IN-PHASE;OFFCHIP_SENSIMOX_SnAu_200_78125.0_IN-PHASE;OFFCHIP_SENSIMOX_SnAu_250_78125.0_IN-PHASE;OFFCHIP_SENSIMOX_SnAu_300_78125.0_IN-PHASE;OFFCHIP_SENSIMOX_SnAu_350_78125.0_IN-PHASE;OFFCHIP_SENSIMOX_SnAu_400_78125.0_IN-PHASE;ONCHIP_ALUMINUM_OXIDE_OUT4_IN-PHASE;ONCHIP_ALUMINUM_OXIDE_OUT4_QUADRATURE;ONCHIP_ALUMINUM_OXIDE_OUT7_IN-PHASE;ONCHIP_ALUMINUM_OXIDE_OUT7_QUADRATURE;Unname;LABEL
1.0;1.0;1.0;1.0;1.0;1.0;1.0;1.0;1.0;1.0;1.0;1.0;1.0;1.0;1.0;1.0;KEROSENE
70.0;100.0;210.0;310.0;57.0;62.0;-10.0;20.0;60.0;40.0;16.0;33.0;4.0;1.0;9.0;6.0;KEROSENE
20.0;40.0;0.0;10.0;10.0;-32.0;-90.0;-140.0;-160.0;-240.0;-22.0;-33.0;9.0;8.0;2.0;14.0;KEROSENE
20.0;40.0;20.0;80.0;8.0;-32.0;-90.0;-140.0;-160.0;-190.0;-22.0;-33.0;10.0;5.0;2.0;17.0;KEROSENE
60.0;90.0;120.0;160.0;26.0;3.0;-10.0;0.0;-60.0;-70.0;11.0;-13.0;-6.0;2.0;-1.0;11.0;KEROSENE
90.0;100.0;150.0;170.0;21.0;5.0;-10.0;0.0;0.0;-20.0;11.0;-11.0;-12.0;2.0;-6.0;7.0;KEROSENE
90.0;100.0;150.0;190.0;21.0;5.0;-10.0;0.0;0.0;-20.0;11.0;-11.0;-6.0;2.0;-1.0;7.0;KEROSENE
100.0;150.0;220.0;300.0;42.0;19.0;-10.0;0.0;20.0;-10.0;13.0;6.0;-12.0;5.0;-5.0;9.0;KEROSENE
110.0;190.0;240.0;440.0;58.0;43.0;0.0;60.0;140.0;160.0;31.0;32.0;-13.0;6.0;-6.0;11.0;KEROSENE
180.0;290.0;450.0;670.0;95.0;78.0;20.0;60.0;240.0;290.0;42.0;65.0;-13.0;6.0;-5.0;11.0;KEROSENE
130.0;210.0;300.0;440.0;75.0;70.0;50.0;120.0;140.0;180.0;39.0;52.0;-7.0;6.0;-5.0;12.0;KEROSENE
190.0;290.0;450.0;650.0;99.0;93.0;60.0;120.0;130.0;220.0;42.0;62.0;-13.0;6.0;-12.0;11.0;KEROSENE
150.0;220.0;380.0;600.0;89.0;72.0;50.0;150.0;90.0;350.0;50.0;76.0;-7.0;6.0;-12.0;13.0;KEROSENE
150.0;220.0;380.0;400.0;65.0;62.0;20.0;70.0;130.0;220.0;33.0;54.0;-7.0;9.0;-7.0;11.0;KEROSENE
50.0;150.0;270.0;440.0;52.0;32.0;-20.0;-30.0;-10.0;90.0;4.0;18.0;-6.0;1.0;-5.0;3.0;KEROSENE
100.0;130.0;200.0;440.0;52.0;34.0;10.0;0.0;0.0;130.0;14.0;17.0;-6.0;5.0;-5.0;3.0;KEROSENE
100.0;130.0;300.0;470.0;58.0;67.0;10.0;60.0;100.0;310.0;45.0;63.0;-12.0;5.0;-7.0;-4.0;KEROSENE
150.0;260.0;440.0;720.0;89.0;109.0;80.0;160.0;280.0;460.0;67.0;101.0;-13.0;6.0;-7.0;-4.0;KEROSENE
150.0;230.0;410.0;640.0;85.0;109.0;70.0;140.0;250.0;460.0;65.0;98.0;-13.0;9.0;-9.0;-4.0;KEROSENE
130.0;200.0;360.0;550.0;74.0;101.0;60.0;90.0;150.0;390.0;64.0;89.0;-13.0;9.0;-9.0;0.0;KEROSENE
130.0;200.0;360.0;550.0;74.0;101.0;60.0;90.0;150.0;390.0;64.0;89.0;-13.0;6.0;-12.0;0.0;KEROSENE
80.0;140.0;330.0;520.0;74.0;81.0;30.0;50.0;150.0;260.0;47.0;73.0;-12.0;12.0;-12.0;1.0;KEROSENE
80.0;170.0;330.0;570.0;82.0;112.0;60.0;90.0;200.0;490.0;71.0;110.0;-12.0;7.0;-13.0;1.0;KEROSENE
80.0;140.0;340.0;520.0;77.0;110.0;60.0;90.0;190.0;470.0;69.0;111.0;-12.0;10.0;-13.0;10.0;KEROSENE
210.0;330.0;600.0;940.0;137.0;163.0;70.0;170.0;300.0;660.0;106.0;158.0;-12.0;15.0;-13.0;9.0;KEROSENE
170.0;280.0;490.0;860.0;125.0;177.0;110.0;200.0;390.0;710.0;118.0;161.0;-12.0;12.0;-14.0;9.0;KEROSENE
180.0;300.0;550.0;890.0;137.0;199.0;110.0;190.0;400.0;810.0;125.0;193.0;-12.0;10.0;-14.0;9.0;KEROSENE
250.0;420.0;710.0;1200.0;165.0;231.0;150.0;290.0;510.0;930.0;157.0;228.0;-14.0;11.0;-20.0;15.0;KEROSENE
310.0;500.0;870.0;1330.0;193.0;263.0;190.0;300.0;540.0;980.0;154.0;237.0;-14.0;11.0;-13.0;19.0;KEROSENE
260.0;410.0;760.0;1220.0;186.0;255.0;200.0;340.0;550.0;1010.0;163.0;237.0;-8.0;8.0;-12.0;17.0;KEROSENE
290.0;470.0;790.0;1310.0;187.0;250.0;120.0;200.0;450.0;820.0;141.0;212.0;-8.0;9.0;-8.0;13.0;KEROSENE
220.0;350.0;620.0;990.0;146.0;208.0;130.0;240.0;460.0;870.0;132.0;185.0;-9.0;9.0;-12.0;13.0;KEROSENE
270.0;440.0;790.0;1200.0;164.0;211.0;150.0;280.0;530.0;880.0;137.0;193.0;-9.0;12.0;-11.0;13.0;KEROSENE
190.0;320.0;570.0;940.0;130.0;169.0;80.0;150.0;360.0;670.0;96.0;149.0;-10.0;10.0;-11.0;8.0;KEROSENE
140.0;210.0;400.0;660.0;90.0;131.0;20.0;60.0;210.0;480.0;75.0;109.0;-17.0;10.0;-26.0;11.0;KEROSENE
-10.0;-10.0;10.0;-90.0;-2.0;-26.0;-60.0;-80.0;-160.0;-210.0;-35.0;-30.0;-8.0;0.0;-7.0;7.0;KEROSENE
190.0;270.0;420.0;570.0;81.0;75.0;60.0;110.0;240.0;280.0;38.0;70.0;-4.0;1.0;0.0;4.0;KEROSENE
260.0;420.0;650.0;920.0;119.0;107.0;60.0;140.0;210.0;410.0;55.0;95.0;-4.0;1.0;3.0;4.0;KEROSENE
170.0;260.0;430.0;620.0;92.0;89.0;70.0;120.0;230.0;290.0;39.0;65.0;-6.0;1.0;0.0;7.0;KEROSENE
220.0;360.0;560.0;800.0;108.0;72.0;30.0;110.0;120.0;160.0;41.0;76.0;-7.0;0.0;-6.0;9.0;KEROSENE
240.0;380.0;590.0;810.0;113.0;111.0;30.0;80.0;150.0;170.0;41.0;76.0;-9.0;-1.0;-6.0;11.0;KEROSENE
220.0;360.0;560.0;800.0;108.0;101.0;50.0;110.0;180.0;260.0;48.0;77.0;-7.0;-1.0;-2.0;10.0;KEROSENE
240.0;370.0;590.0;890.0;114.0;125.0;100.0;190.0;310.0;430.0;65.0;102.0;-9.0;-1.0;-6.0;8.0;KEROSENE
170.0;260.0;460.0;690.0;103.0;94.0;40.0;80.0;150.0;290.0;41.0;70.0;-7.0;-1.0;-4.0;10.0;KEROSENE
220.0;390.0;600.0;890.0;120.0;116.0;70.0;170.0;240.0;370.0;56.0;83.0;-9.0;-1.0;-4.0;7.0;KEROSENE
210.0;330.0;520.0;770.0;110.0;108.0;40.0;120.0;200.0;240.0;44.0;71.0;-11.0;0.0;-6.0;15.0;KEROSENE
240.0;380.0;610.0;870.0;117.0;106.0;40.0;120.0;200.0;310.0;41.0;80.0;-11.0;-1.0;-6.0;10.0;KEROSENE
170.0;280.0;420.0;640.0;86.0;80.0;10.0;140.0;210.0;300.0;41.0;64.0;-17.0;0.0;-13.0;12.0;KEROSENE
290.0;500.0;700.0;1050.0;139.0;127.0;120.0;220.0;370.0;570.0;85.0;120.0;1.0;2.0;-6.0;7.0;KEROSENE
240.0;410.0;600.0;930.0;108.0;119.0;100.0;180.0;380.0;580.0;59.0;109.0;9.0;4.0;-5.0;7.0;KEROSENE
220.0;390.0;540.0;790.0;111.0;127.0;60.0;140.0;280.0;470.0;59.0;104.0;7.0;4.0;-5.0;10.0;KEROSENE
180.0;320.0;490.0;720.0;95.0;103.0;50.0;120.0;240.0;380.0;54.0;88.0;8.0;3.0;-4.0;11.0;KEROSENE
120.0;250.0;340.0;550.0;77.0;71.0;70.0;170.0;290.0;370.0;50.0;79.0;6.0;0.0;0.0;7.0;KEROSENE
160.0;310.0;460.0;690.0;94.0;100.0;70.0;150.0;280.0;410.0;58.0;92.0;12.0;3.0;0.0;7.0;KEROSENE
240.0;390.0;580.0;870.0;117.0;128.0;120.0;240.0;470.0;710.0;86.0;133.0;10.0;3.0;0.0;9.0;KEROSENE
280.0;500.0;670.0;1040.0;138.0;152.0;130.0;250.0;430.0;670.0;97.0;160.0;10.0;4.0;0.0;7.0;KEROSENE
320.0;500.0;770.0;1080.0;153.0;175.0;100.0;230.0;420.0;680.0;95.0;152.0;9.0;2.0;0.0;9.0;KEROSENE
230.0;410.0;610.0;940.0;132.0;173.0;80.0;200.0;400.0;660.0;95.0;164.0;9.0;4.0;0.0;11.0;KEROSENE
280.0;470.0;730.0;1090.0;149.0;169.0;100.0;210.0;400.0;650.0;103.0;163.0;9.0;4.0;0.0;11.0;KEROSENE
180.0;300.0;430.0;680.0;107.0;130.0;90.0;190.0;290.0;470.0;79.0;126.0;14.0;8.0;2.0;12.0;KEROSENE
260.0;460.0;700.0;1010.0;93.0;127.0;70.0;150.0;300.0;450.0;68.0;127.0;13.0;5.0;3.0;18.0;KEROSENE
260.0;460.0;700.0;1010.0;146.0;170.0;80.0;200.0;390.0;580.0;96.0;151.0;20.0;6.0;3.0;15.0;KEROSENE
320.0;550.0;850.0;1320.0;178.0;203.0;110.0;210.0;470.0;860.0;129.0;192.0;19.0;2.0;4.0;5.0;KEROSENE
510.0;820.0;1260.0;1880.0;248.0;280.0;210.0;410.0;730.0;1150.0;151.0;257.0;11.0;0.0;12.0;6.0;KEROSENE
340.0;580.0;880.0;1330.0;194.0;235.0;160.0;320.0;550.0;870.0;115.0;196.0;9.0;-1.0;9.0;7.0;KEROSENE
270.0;490.0;740.0;1090.0;155.0;177.0;160.0;290.0;500.0;770.0;102.0;170.0;16.0;-3.0;4.0;6.0;KEROSENE
160.0;300.0;470.0;680.0;113.0;125.0;70.0;140.0;340.0;580.0;76.0;119.0;9.0;-4.0;4.0;8.0;KEROSENE
220.0;400.0;550.0;870.0;122.0;142.0;90.0;210.0;430.0;720.0;96.0;151.0;3.0;-4.0;1.0;8.0;KEROSENE
130.0;250.0;400.0;580.0;91.0;111.0;70.0;170.0;350.0;420.0;65.0;124.0;3.0;-1.0;1.0;10.0;KEROSENE
130.0;250.0;400.0;580.0;91.0;87.0;70.0;130.0;270.0;410.0;62.0;116.0;4.0;-1.0;2.0;8.0;KEROSENE
230.0;410.0;320.0;1000.0;138.0;165.0;70.0;190.0;350.0;650.0;95.0;162.0;4.0;-1.0;2.0;2.0;KEROSENE
110.0;220.0;320.0;520.0;82.0;109.0;50.0;140.0;320.0;490.0;66.0;105.0;4.0;1.0;2.0;2.0;KEROSENE
120.0;220.0;320.0;500.0;72.0;105.0;40.0;100.0;130.0;240.0;42.0;91.0;3.0;-1.0;2.0;-1.0;KEROSENE
80.0;170.0;280.0;420.0;60.0;63.0;0.0;40.0;140.0;230.0;31.0;76.0;4.0;0.0;2.0;-6.0;KEROSENE
130.0;260.0;400.0;520.0;80.0;93.0;-20.0;30.0;260.0;420.0;47.0;99.0;3.0;-5.0;2.0;-1.0;KEROSENE
60.0;70.0;140.0;190.0;27.0;48.0;30.0;70.0;120.0;240.0;48.0;63.0;-3.0;-2.0;-1.0;0.0;KEROSENE
200.0;270.0;480.0;640.0;94.0;116.0;70.0;130.0;170.0;400.0;77.0;111.0;-4.0;-6.0;-1.0;2.0;KEROSENE
180.0;260.0;420.0;620.0;87.0;110.0;100.0;170.0;280.0;570.0;74.0;97.0;-9.0;-7.0;-4.0;0.0;KEROSENE
170.0;240.0;350.0;500.0;76.0;106.0;60.0;170.0;280.0;420.0;68.0;75.0;-6.0;-10.0;-4.0;0.0;KEROSENE
210.0;300.0;490.0;710.0;93.0;128.0;110.0;200.0;360.0;570.0;91.0;100.0;-4.0;-7.0;-4.0;0.0;KEROSENE
220.0;330.0;540.0;810.0;117.0;149.0;90.0;170.0;320.0;630.0;98.0;119.0;-4.0;-7.0;-4.0;0.0;KEROSENE
180.0;260.0;400.0;560.0;73.0;113.0;100.0;160.0;300.0;400.0;78.0;91.0;-6.0;-7.0;-6.0;-1.0;KEROSENE
170.0;230.0;400.0;540.0;81.0;96.0;100.0;150.0;250.0;440.0;74.0;90.0;-3.0;-7.0;-5.0;0.0;KEROSENE
250.0;340.0;540.0;760.0;110.0;119.0;130.0;160.0;300.0;530.0;86.0;110.0;-3.0;-7.0;-4.0;8.0;KEROSENE
160.0;190.0;350.0;520.0;73.0;94.0;110.0;190.0;290.0;440.0;65.0;91.0;-3.0;-4.0;-5.0;9.0;KEROSENE
110.0;170.0;240.0;290.0;27.0;5.0;-30.0;-20.0;30.0;110.0;3.0;7.0;0.0;6.0;3.0;-5.0;KEROSENE
150.0;240.0;360.0;510.0;57.0;6.0;-30.0;0.0;50.0;200.0;3.0;7.0;1.0;7.0;-5.0;-5.0;KEROSENE
110.0;170.0;270.0;390.0;35.0;7.0;-30.0;0.0;60.0;140.0;3.0;21.0;1.0;14.0;-5.0;-6.0;KEROSENE
90.0;120.0;220.0;270.0;35.0;6.0;-30.0;10.0;90.0;280.0;4.0;26.0;4.0;8.0;3.0;-7.0;KEROSENE
110.0;180.0;280.0;420.0;45.0;15.0;-30.0;10.0;70.0;250.0;4.0;26.0;4.0;7.0;-5.0;-10.0;KEROSENE
100.0;150.0;240.0;350.0;45.0;23.0;-10.0;30.0;70.0;250.0;10.0;35.0;4.0;4.0;-5.0;-7.0;KEROSENE
220.0;370.0;600.0;850.0;110.0;91.0;20.0;90.0;250.0;460.0;72.0;110.0;4.0;7.0;-6.0;-7.0;KEROSENE
400.0;610.0;990.0;1490.0;202.0;206.0;130.0;280.0;540.0;1010.0;130.0;219.0;6.0;5.0;-1.0;-7.0;KEROSENE
410.0;660.0;1110.0;1770.0;251.0;286.0;210.0;410.0;720.0;1340.0;184.0;286.0;4.0;5.0;-9.0;0.0;KEROSENE
430.0;690.0;1130.0;1720.0;248.0;286.0;240.0;450.0;850.0;1470.0;204.0;300.0;1.0;7.0;-13.0;3.0;KEROSENE
510.0;820.0;1290.0;2060.0;282.0;327.0;250.0;480.0;850.0;1410.0;201.0;297.0;1.0;5.0;-14.0;4.0;KEROSENE
400.0;640.0;1040.0;1630.0;232.0;271.0;230.0;420.0;760.0;1240.0;173.0;260.0;2.0;7.0;-13.0;3.0;KEROSENE
380.0;590.0;950.0;1440.0;203.0;232.0;180.0;340.0;640.0;1140.0;150.0;227.0;2.0;8.0;-14.0;3.0;KEROSENE
310.0;490.0;780.0;1240.0;163.0;199.0;130.0;240.0;450.0;840.0;118.0;203.0;2.0;7.0;-14.0;3.0;KEROSENE
330.0;530.0;870.0;1300.0;165.0;207.0;110.0;250.0;510.0;930.0;128.0;199.0;2.0;6.0;-11.0;3.0;KEROSENE
270.0;440.0;730.0;1150.0;170.0;184.0;130.0;280.0;540.0;960.0;122.0;179.0;3.0;7.0;-9.0;0.0;KEROSENE
310.0;500.0;810.0;1270.0;172.0;188.0;160.0;280.0;550.0;920.0;130.0;194.0;5.0;8.0;-9.0;5.0;KEROSENE
380.0;600.0;1000.0;1560.0;217.0;242.0;180.0;350.0;670.0;1170.0;156.0;255.0;4.0;7.0;-9.0;5.0;KEROSENE
430.0;690.0;1140.0;1730.0;246.0;281.0;220.0;430.0;750.0;1340.0;189.0;278.0;4.0;7.0;-12.0;5.0;KEROSENE
490.0;780.0;1270.0;1930.0;271.0;310.0;200.0;390.0;710.0;1380.0;204.0;308.0;-8.0;7.0;-12.0;5.0;KEROSENE
580.0;930.0;1460.0;2230.0;314.0;356.0;310.0;580.0;990.0;1690.0;242.0;343.0;-8.0;9.0;-12.0;4.0;KEROSENE
650.0;1010.0;1610.0;2450.0;336.0;390.0;310.0;570.0;1030.0;1820.0;256.0;374.0;-1.0;7.0;-12.0;9.0;KEROSENE
610.0;960.0;1540.0;2340.0;335.0;392.0;360.0;630.0;1070.0;1800.0;251.0;377.0;-1.0;5.0;-8.0;9.0;KEROSENE
550.0;880.0;1420.0;2190.0;310.0;376.0;310.0;560.0;1000.0;1730.0;253.0;368.0;0.0;5.0;-8.0;12.0;KEROSENE
550.0;860.0;1390.0;2160.0;306.0;377.0;300.0;560.0;940.0;1650.0;236.0;369.0;0.0;5.0;-12.0;9.0;KEROSENE
520.0;840.0;1380.0;2090.0;297.0;362.0;320.0;570.0;990.0;1700.0;242.0;351.0;0.0;5.0;-15.0;12.0;KEROSENE
500.0;820.0;1360.0;2040.0;301.0;368.0;300.0;550.0;950.0;1680.0;242.0;364.0;-8.0;5.0;-16.0;8.0;KEROSENE
550.0;860.0;1410.0;2150.0;313.0;374.0;300.0;530.0;980.0;1730.0;246.0;369.0;-8.0;13.0;-17.0;12.0;KEROSENE
560.0;890.0;1430.0;2170.0;298.0;360.0;350.0;590.0;990.0;1670.0;226.0;338.0;-8.0;8.0;-19.0;12.0;KEROSENE
640.0;1020.0;1670.0;2510.0;340.0;396.0;340.0;610.0;1090.0;1880.0;259.0;380.0;-4.0;9.0;-16.0;14.0;KEROSENE
730.0;1150.0;1780.0;2670.0;378.0;452.0;420.0;720.0;1170.0;1890.0;274.0;403.0;-3.0;6.0;-19.0;14.0;KEROSENE
530.0;820.0;1350.0;2020.0;287.0;362.0;370.0;650.0;1090.0;1800.0;243.0;353.0;1.0;11.0;-19.0;14.0;KEROSENE
600.0;950.0;1500.0;1560.0;226.0;278.0;300.0;400.0;670.0;1220.0;175.0;275.0;1.0;15.0;-11.0;17.0;KEROSENE
600.0;950.0;1510.0;2280.0;298.0;328.0;300.0;530.0;930.0;1640.0;228.0;301.0;1.0;8.0;-11.0;19.0;KEROSENE
610.0;960.0;1500.0;2260.0;307.0;347.0;270.0;480.0;870.0;1580.0;211.0;317.0;1.0;6.0;-11.0;18.0;KEROSENE
520.0;840.0;1390.0;2050.0;287.0;326.0;280.0;500.0;860.0;1510.0;215.0;304.0;1.0;7.0;-11.0;14.0;KEROSENE
430.0;680.0;1130.0;1760.0;249.0;264.0;220.0;440.0;760.0;1350.0;178.0;269.0;0.0;10.0;-12.0;16.0;KEROSENE
500.0;810.0;1290.0;1970.0;268.0;298.0;250.0;500.0;830.0;1400.0;201.0;285.0;-2.0;6.0;-18.0;13.0;KEROSENE
560.0;890.0;1460.0;2220.0;297.0;323.0;260.0;470.0;810.0;1440.0;208.0;297.0;-2.0;9.0;-18.0;25.0;KEROSENE
510.0;810.0;1320.0;2060.0;278.0;295.0;250.0;440.0;800.0;1370.0;190.0;280.0;-2.0;9.0;-18.0;18.0;KEROSENE
510.0;810.0;1310.0;2010.0;271.0;295.0;250.0;430.0;830.0;1360.0;192.0;283.0;-2.0;9.0;-20.0;18.0;KEROSENE
570.0;920.0;1440.0;2240.0;286.0;321.0;240.0;430.0;830.0;1500.0;204.0;293.0;-3.0;9.0;-20.0;21.0;KEROSENE
620.0;970.0;1570.0;2240.0;309.0;311.0;280.0;490.0;920.0;1560.0;210.0;295.0;-1.0;10.0;-20.0;24.0;KEROSENE
470.0;760.0;1170.0;1840.0;254.0;264.0;190.0;360.0;680.0;1160.0;165.0;258.0;-1.0;11.0;-13.0;24.0;KEROSENE
350.0;560.0;950.0;1460.0;200.0;215.0;170.0;340.0;600.0;1040.0;142.0;219.0;-1.0;19.0;-15.0;26.0;KEROSENE
420.0;680.0;1090.0;1650.0;224.0;238.0;130.0;290.0;550.0;1080.0;150.0;232.0;-2.0;9.0;-15.0;24.0;KEROSENE
330.0;540.0;910.0;1360.0;207.0;210.0;140.0;310.0;570.0;1080.0;150.0;220.0;-2.0;6.0;-15.0;28.0;KEROSENE
360.0;600.0;1000.0;1510.0;217.0;237.0;160.0;290.0;560.0;1070.0;143.0;236.0;-3.0;9.0;-21.0;23.0;KEROSENE
400.0;630.0;1070.0;1670.0;229.0;250.0;170.0;340.0;640.0;1150.0;159.0;257.0;-3.0;8.0;-21.0;21.0;KEROSENE
430.0;690.0;1140.0;1760.0;254.0;288.0;240.0;440.0;780.0;1320.0;191.0;295.0;-3.0;7.0;-21.0;21.0;KEROSENE
550.0;880.0;1420.0;2180.0;306.0;361.0;280.0;500.0;910.0;1560.0;222.0;343.0;-5.0;17.0;-20.0;27.0;KEROSENE
590.0;970.0;1530.0;2280.0;318.0;367.0;350.0;600.0;1050.0;1740.0;246.0;363.0;-2.0;16.0;-18.0;17.0;KEROSENE
640.0;1040.0;1640.0;2510.0;345.0;394.0;310.0;550.0;920.0;1690.0;241.0;354.0;0.0;13.0;-18.0;24.0;KEROSENE
610.0;960.0;1530.0;2330.0;319.0;337.0;280.0;500.0;880.0;1570.0;218.0;334.0;0.0;8.0;-20.0;25.0;KEROSENE
580.0;910.0;1450.0;2210.0;311.0;340.0;260.0;490.0;870.0;1470.0;212.0;307.0;0.0;13.0;-21.0;23.0;KEROSENE
560.0;910.0;1470.0;2180.0;296.0;333.0;280.0;510.0;890.0;1510.0;211.0;320.0;-3.0;11.0;-21.0;27.0;KEROSENE
590.0;940.0;1500.0;2270.0;304.0;332.0;280.0;510.0;860.0;1470.0;203.0;303.0;-3.0;11.0;-22.0;27.0;KEROSENE
560.0;860.0;1330.0;2020.0;282.0;310.0;240.0;450.0;760.0;1340.0;189.0;284.0;-8.0;13.0;-22.0;20.0;KEROSENE
510.0;800.0;1270.0;1930.0;268.0;286.0;240.0;450.0;780.0;1340.0;188.0;290.0;-9.0;13.0;-22.0;25.0;KEROSENE
420.0;670.0;1090.0;1700.0;234.0;265.0;240.0;470.0;790.0;1270.0;175.0;256.0;-9.0;13.0;-21.0;31.0;KEROSENE
420.0;670.0;1050.0;1670.0;229.0;250.0;200.0;390.0;670.0;1240.0;174.0;252.0;-8.0;15.0;-21.0;20.0;KEROSENE
410.0;670.0;1100.0;1700.0;236.0;274.0;170.0;370.0;690.0;1230.0;163.0;261.0;-9.0;14.0;-21.0;26.0;KEROSENE
330.0;540.0;890.0;1340.0;203.0;241.0;190.0;360.0;670.0;1260.0;172.0;263.0;-9.0;15.0;-24.0;29.0;KEROSENE
450.0;750.0;1160.0;1780.0;258.0;286.0;210.0;400.0;750.0;1310.0;175.0;272.0;-9.0;14.0;-23.0;19.0;KEROSENE
350.0;580.0;960.0;1610.0;233.0;266.0;230.0;400.0;720.0;1350.0;182.0;270.0;-4.0;12.0;-23.0;16.0;KEROSENE
390.0;680.0;1110.0;1780.0;256.0;303.0;240.0;470.0;800.0;1430.0;211.0;339.0;-2.0;10.0;-23.0;22.0;KEROSENE
520.0;850.0;1380.0;2150.0;309.0;347.0;270.0;500.0;870.0;1500.0;214.0;335.0;0.0;7.0;-18.0;19.0;KEROSENE
380.0;630.0;1100.0;1740.0;247.0;294.0;230.0;450.0;810.0;1420.0;201.0;297.0;0.0;7.0;-18.0;31.0;KEROSENE
470.0;730.0;1190.0;1880.0;270.0;318.0;220.0;410.0;770.0;1410.0;202.0;316.0;0.0;8.0;-18.0;20.0;KEROSENE
440.0;720.0;1140.0;1830.0;257.0;294.0;230.0;450.0;810.0;1390.0;203.0;302.0;0.0;12.0;-13.0;22.0;KEROSENE
490.0;760.0;1220.0;1950.0;278.0;311.0;270.0;500.0;910.0;1530.0;201.0;302.0;-1.0;14.0;-18.0;18.0;KEROSENE
560.0;860.0;1380.0;2100.0;288.0;327.0;290.0;540.0;930.0;1590.0;224.0;329.0;-6.0;12.0;-19.0;25.0;KEROSENE
590.0;970.0;1630.0;2590.0;383.0;487.0;360.0;690.0;1260.0;2290.0;340.0;522.0;-6.0;13.0;-19.0;25.0;KEROSENE
850.0;1350.0;2150.0;3420.0;478.0;597.0;510.0;870.0;1510.0;2530.0;369.0;568.0;-5.0;13.0;-19.0;33.0;KEROSENE
730.0;1190.0;1890.0;2940.0;434.0;536.0;430.0;770.0;1370.0;2430.0;347.0;525.0;-6.0;13.0;-20.0;40.0;KEROSENE
800.0;1280.0;2020.0;3060.0;438.0;532.0;500.0;820.0;1440.0;2400.0;348.0;515.0;-6.0;11.0;-20.0;40.0;KEROSENE
690.0;1110.0;1830.0;2790.0;404.0;503.0;410.0;720.0;1270.0;2140.0;308.0;484.0;-5.0;12.0;-20.0;23.0;KEROSENE
710.0;1120.0;1760.0;2790.0;384.0;464.0;380.0;670.0;1190.0;2060.0;298.0;443.0;-5.0;11.0;-20.0;25.0;KEROSENE
480.0;750.0;1260.0;1960.0;287.0;369.0;300.0;550.0;950.0;1740.0;242.0;366.0;-5.0;11.0;-14.0;22.0;KEROSENE
520.0;840.0;1370.0;2160.0;306.0;371.0;290.0;510.0;930.0;1650.0;236.0;378.0;3.0;11.0;-13.0;21.0;KEROSENE
550.0;890.0;1460.0;2260.0;325.0;386.0;260.0;510.0;920.0;1670.0;245.0;385.0;7.0;10.0;-14.0;29.0;KEROSENE
610.0;970.0;1560.0;2430.0;337.0;394.0;310.0;590.0;1020.0;1740.0;249.0;395.0;7.0;5.0;-14.0;24.0;KEROSENE
590.0;940.0;1500.0;2410.0;338.0;400.0;340.0;620.0;1080.0;1930.0;265.0;394.0;7.0;6.0;-14.0;19.0;KEROSENE
570.0;910.0;1520.0;2300.0;330.0;390.0;360.0;680.0;1170.0;1910.0;268.0;386.0;7.0;6.0;-14.0;22.0;KEROSENE
630.0;980.0;1620.0;2550.0;355.0;416.0;360.0;610.0;1130.0;1850.0;271.0;421.0;7.0;7.0;-14.0;23.0;KEROSENE
590.0;940.0;1520.0;2370.0;328.0;404.0;300.0;610.0;1050.0;1920.0;266.0;407.0;4.0;6.0;-10.0;18.0;KEROSENE
580.0;930.0;1540.0;2370.0;337.0;396.0;340.0;610.0;1080.0;1880.0;266.0;400.0;4.0;8.0;-10.0;20.0;KEROSENE
490.0;770.0;1310.0;2010.0;289.0;357.0;250.0;490.0;910.0;1620.0;235.0;367.0;4.0;6.0;-10.0;18.0;KEROSENE
650.0;1000.0;1600.0;2430.0;354.0;417.0;320.0;620.0;1070.0;1850.0;264.0;397.0;5.0;12.0;-10.0;23.0;KEROSENE
600.0;960.0;1550.0;2410.0;341.0;417.0;320.0;570.0;1040.0;1850.0;275.0;412.0;6.0;6.0;-14.0;21.0;KEROSENE
600.0;970.0;1630.0;2440.0;351.0;439.0;340.0;620.0;1130.0;2050.0;281.0;417.0;5.0;6.0;-14.0;22.0;KEROSENE
640.0;1020.0;1670.0;2570.0;366.0;436.0;350.0;640.0;1150.0;1920.0;278.0;439.0;3.0;5.0;-14.0;20.0;KEROSENE
700.0;1120.0;1800.0;2750.0;389.0;472.0;380.0;680.0;1220.0;2080.0;301.0;453.0;3.0;9.0;-15.0;22.0;KEROSENE
650.0;1060.0;1690.0;2580.0;373.0;458.0;360.0;680.0;1240.0;2060.0;307.0;453.0;3.0;5.0;-15.0;23.0;KEROSENE
630.0;1050.0;1710.0;2630.0;377.0;455.0;350.0;650.0;1170.0;2000.0;296.0;443.0;0.0;9.0;-15.0;29.0;KEROSENE
830.0;1320.0;2070.0;3120.0;436.0;520.0;410.0;750.0;1270.0;2150.0;328.0;492.0;-7.0;9.0;-16.0;17.0;KEROSENE
740.0;1190.0;1900.0;2980.0;425.0;532.0;410.0;750.0;1290.0;2270.0;319.0;498.0;0.0;13.0;-15.0;18.0;KEROSENE
580.0;940.0;1520.0;2430.0;360.0;456.0;410.0;710.0;1230.0;2140.0;303.0;459.0;-3.0;13.0;-16.0;18.0;KEROSENE
500.0;840.0;1390.0;2230.0;328.0;407.0;320.0;590.0;1060.0;1820.0;273.0;419.0;-3.0;13.0;-16.0;18.0;KEROSENE
680.0;1090.0;1770.0;2740.0;389.0;471.0;360.0;660.0;1160.0;2040.0;305.0;467.0;4.0;13.0;-16.0;25.0;KEROSENE
820.0;1350.0;2100.0;3240.0;451.0;534.0;500.0;870.0;1500.0;2460.0;356.0;512.0;6.0;16.0;-18.0;19.0;KEROSENE
690.0;1110.0;1800.0;2820.0;405.0;482.0;400.0;750.0;1330.0;2240.0;324.0;471.0;-1.0;15.0;-20.0;25.0;KEROSENE
810.0;1290.0;2120.0;3280.0;446.0;525.0;430.0;780.0;1380.0;2330.0;331.0;506.0;2.0;15.0;-18.0;26.0;KEROSENE
870.0;1370.0;2260.0;3410.0;483.0;561.0;520.0;920.0;1580.0;2630.0;375.0;548.0;-1.0;18.0;-20.0;23.0;KEROSENE
900.0;1440.0;2310.0;3570.0;502.0;591.0;540.0;940.0;1600.0;2650.0;384.0;569.0;-4.0;14.0;-23.0;27.0;KEROSENE
820.0;1310.0;2140.0;3320.0;475.0;578.0;460.0;870.0;1510.0;2610.0;376.0;567.0;-2.0;12.0;-23.0;20.0;KEROSENE
970.0;1560.0;2490.0;3860.0;543.0;651.0;540.0;960.0;1710.0;2880.0;420.0;622.0;-5.0;10.0;-22.0;24.0;KEROSENE
960.0;1520.0;2470.0;3730.0;533.0;655.0;540.0;940.0;1700.0;2910.0;438.0;637.0;-5.0;10.0;-22.0;27.0;KEROSENE
980.0;1580.0;2520.0;3920.0;561.0;688.0;620.0;1100.0;1890.0;3150.0;457.0;694.0;-2.0;11.0;-18.0;32.0;KEROSENE
1040.0;1680.0;2660.0;4180.0;604.0;751.0;720.0;1270.0;2100.0;3470.0;509.0;744.0;7.0;10.0;-15.0;24.0;KEROSENE
1140.0;1850.0;2970.0;4660.0;673.0;843.0;760.0;1310.0;2240.0;3780.0;555.0;822.0;8.0;10.0;-18.0;22.0;KEROSENE
1140.0;1840.0;3000.0;4730.0;689.0;889.0;750.0;1330.0;2290.0;3900.0;588.0;850.0;7.0;9.0;-13.0;25.0;KEROSENE
1340.0;2170.0;3460.0;5380.0;777.0;994.0;870.0;1530.0;2560.0;4290.0;659.0;986.0;1.0;11.0;-13.0;28.0;KEROSENE
1400.0;2240.0;3600.0;5580.0;820.0;1045.0;950.0;1670.0;2790.0;4580.0;689.0;1025.0;1.0;9.0;-11.0;25.0;KEROSENE
1430.0;2320.0;3700.0;5780.0;830.0;1080.0;960.0;1680.0;2880.0;4740.0;710.0;1033.0;6.0;9.0;-11.0;25.0;KEROSENE
1370.0;2220.0;3550.0;5610.0;820.0;1068.0;1040.0;1780.0;3000.0;4880.0;721.0;1060.0;6.0;14.0;-11.0;28.0;KEROSENE
1510.0;2420.0;3880.0;5970.0;865.0;1119.0;1060.0;1800.0;3020.0;4920.0;739.0;1079.0;6.0;8.0;-13.0;26.0;KEROSENE
1510.0;2450.0;3920.0;6050.0;876.0;1128.0;1070.0;1810.0;3090.0;5170.0;759.0;1101.0;6.0;13.0;-14.0;26.0;KEROSENE
1530.0;2450.0;3950.0;6060.0;883.0;1134.0;1110.0;1900.0;3160.0;5090.0;750.0;1093.0;6.0;10.0;-14.0;25.0;KEROSENE
1600.0;2550.0;4000.0;6230.0;892.0;1145.0;1070.0;1850.0;3150.0;5210.0;769.0;1108.0;-2.0;7.0;-15.0;32.0;KEROSENE
1470.0;2360.0;3790.0;5930.0;863.0;1105.0;1080.0;1850.0;3170.0;5060.0;750.0;1087.0;4.0;11.0;-14.0;32.0;KEROSENE
1600.0;2570.0;4150.0;6340.0;909.0;1131.0;1030.0;1820.0;3080.0;5070.0;762.0;1099.0;4.0;10.0;-14.0;32.0;KEROSENE
1620.0;2620.0;4160.0;6470.0;922.0;1167.0;1120.0;1910.0;3200.0;5180.0;772.0;1113.0;-1.0;8.0;-21.0;25.0;KEROSENE
1620.0;2560.0;4030.0;6230.0;889.0;1140.0;1140.0;1970.0;3260.0;5300.0;785.0;1114.0;-1.0;10.0;-21.0;26.0;KEROSENE
1510.0;2420.0;3880.0;6030.0;870.0;1109.0;1090.0;1850.0;3120.0;5020.0;743.0;1066.0;-1.0;13.0;-21.0;35.0;KEROSENE
1580.0;2520.0;3980.0;6130.0;884.0;1122.0;1060.0;1810.0;3050.0;5030.0;744.0;1078.0;-7.0;13.0;-23.0;33.0;KEROSENE
1470.0;2350.0;3780.0;5800.0;843.0;1086.0;1050.0;1770.0;2930.0;4830.0;723.0;1066.0;-1.0;13.0;-21.0;21.0;KEROSENE
1350.0;2190.0;3520.0;5530.0;804.0;1034.0;1000.0;1730.0;2880.0;4700.0;689.0;1001.0;3.0;13.0;-13.0;27.0;KEROSENE
1470.0;2360.0;3780.0;5840.0;836.0;1060.0;1100.0;1830.0;2970.0;4870.0;701.0;1038.0;3.0;13.0;-13.0;18.0;KEROSENE
1470.0;2320.0;3700.0;5770.0;822.0;1069.0;1080.0;1800.0;2940.0;4760.0;700.0;1023.0;3.0;13.0;-13.0;24.0;KEROSENE
1400.0;2260.0;3510.0;5450.0;788.0;1040.0;1060.0;1800.0;2970.0;4700.0;707.0;1035.0;3.0;13.0;-11.0;24.0;KEROSENE
1340.0;2140.0;3410.0;5320.0;783.0;1036.0;1050.0;1780.0;2980.0;4760.0;707.0;1021.0;3.0;11.0;-13.0;33.0;KEROSENE
1450.0;2330.0;3740.0;5850.0;846.0;1099.0;1120.0;1870.0;3140.0;4960.0;725.0;1080.0;-1.0;12.0;-13.0;36.0;KEROSENE
1550.0;2450.0;3940.0;6130.0;878.0;1124.0;1100.0;1870.0;3080.0;5010.0;752.0;1108.0;-2.0;11.0;-16.0;27.0;KEROSENE
1670.0;2690.0;4210.0;6570.0;942.0;1201.0;1180.0;2010.0;3310.0;5480.0;806.0;1162.0;-2.0;16.0;-16.0;22.0;KEROSENE
1620.0;2600.0;4160.0;6380.0;932.0;1196.0;1170.0;1990.0;3300.0;5520.0;814.0;1161.0;-2.0;7.0;-20.0;25.0;KEROSENE
1670.0;2670.0;4240.0;6640.0;957.0;1222.0;1220.0;2060.0;3420.0;5580.0;816.0;1199.0;0.0;13.0;-20.0;30.0;KEROSENE
1700.0;2720.0;4360.0;6730.0;982.0;1250.0;1220.0;2080.0;3490.0;5690.0;842.0;1205.0;0.0;11.0;-16.0;25.0;KEROSENE
1750.0;2790.0;4440.0;6780.0;986.0;1256.0;1210.0;2070.0;3460.0;5660.0;834.0;1203.0;7.0;12.0;-13.0;31.0;KEROSENE
1710.0;2720.0;4300.0;6720.0;969.0;1252.0;1300.0;2190.0;3590.0;5750.0;844.0;1219.0;4.0;11.0;-14.0;23.0;KEROSENE
1790.0;2860.0;4550.0;6960.0;1009.0;1297.0;1290.0;2180.0;3660.0;5820.0;870.0;1240.0;4.0;10.0;-14.0;29.0;KEROSENE
1770.0;2830.0;4560.0;6990.0;1003.0;1276.0;1320.0;2210.0;3660.0;5820.0;857.0;1238.0;1.0;13.0;-14.0;36.0;KEROSENE
1800.0;2880.0;4530.0;7050.0;1016.0;1296.0;1310.0;2210.0;3650.0;5920.0;887.0;1263.0;4.0;15.0;-14.0;21.0;KEROSENE
1930.0;3100.0;4840.0;7380.0;1051.0;1338.0;1420.0;2340.0;3860.0;6190.0;906.0;1294.0;5.0;13.0;-14.0;27.0;KEROSENE
1850.0;2970.0;4700.0;7130.0;1028.0;1326.0;1310.0;2240.0;3680.0;5940.0;886.0;1276.0;1.0;11.0;-22.0;33.0;KEROSENE
1950.0;3140.0;4910.0;7480.0;1068.0;1358.0;1430.0;2390.0;3900.0;6210.0;901.0;1291.0;1.0;15.0;-22.0;23.0;KEROSENE
1950.0;3090.0;4860.0;7440.0;1060.0;1354.0;1390.0;2320.0;3850.0;6220.0;911.0;1304.0;-9.0;10.0;-22.0;36.0;KEROSENE
1870.0;3000.0;4750.0;7270.0;1042.0;1329.0;1400.0;2370.0;3850.0;6240.0;907.0;1299.0;-9.0;18.0;-22.0;22.0;KEROSENE
1940.0;3080.0;4870.0;7500.0;1058.0;1353.0;1430.0;2400.0;3890.0;6190.0;914.0;1299.0;-9.0;13.0;-22.0;29.0;KEROSENE
2000.0;3150.0;4940.0;7670.0;1085.0;1379.0;1400.0;2380.0;3920.0;6390.0;934.0;1328.0;-5.0;10.0;-15.0;29.0;KEROSENE
1950.0;3090.0;4870.0;7470.0;1063.0;1370.0;1410.0;2390.0;3890.0;6290.0;923.0;1313.0;3.0;13.0;-14.0;27.0;KEROSENE
1890.0;3020.0;4770.0;7360.0;1053.0;1355.0;1420.0;2390.0;3910.0;6270.0;922.0;1306.0;6.0;13.0;-14.0;25.0;KEROSENE
1900.0;3020.0;4780.0;7320.0;1054.0;1336.0;1420.0;2360.0;3880.0;6240.0;896.0;1294.0;5.0;8.0;-15.0;35.0;KEROSENE
1880.0;3000.0;4760.0;7400.0;1049.0;1356.0;1400.0;2350.0;3860.0;6150.0;909.0;1299.0;5.0;8.0;-15.0;31.0;KEROSENE
2010.0;3200.0;5070.0;7760.0;1093.0;1396.0;1460.0;2420.0;3980.0;6400.0;936.0;1340.0;3.0;7.0;-16.0;32.0;KEROSENE
2090.0;3310.0;5220.0;7980.0;1133.0;1434.0;1470.0;2440.0;4030.0;6550.0;948.0;1377.0;3.0;9.0;-17.0;26.0;KEROSENE
1950.0;3100.0;4880.0;7570.0;1071.0;1383.0;1460.0;2420.0;3940.0;6380.0;947.0;1336.0;6.0;9.0;-16.0;30.0;KEROSENE
1960.0;3100.0;4930.0;7590.0;1078.0;1370.0;1490.0;2490.0;4010.0;6410.0;927.0;1335.0;6.0;9.0;-16.0;28.0;KEROSENE
2100.0;3320.0;5200.0;7960.0;1131.0;1415.0;1500.0;2500.0;4060.0;6550.0;957.0;1357.0;3.0;12.0;-17.0;24.0;KEROSENE
2160.0;3410.0;5420.0;8180.0;1160.0;1452.0;1530.0;2590.0;4210.0;6720.0;977.0;1393.0;0.0;7.0;-17.0;27.0;KEROSENE
2110.0;3360.0;5310.0;8110.0;1155.0;1457.0;1590.0;2640.0;4310.0;6770.0;996.0;1392.0;-3.0;10.0;-19.0;30.0;KEROSENE
2000.0;3190.0;5020.0;7740.0;1109.0;1416.0;1530.0;2550.0;4150.0;6570.0;968.0;1363.0;-3.0;6.0;-19.0;37.0;KEROSENE
2070.0;3300.0;5180.0;7920.0;1125.0;1410.0;1570.0;2570.0;4220.0;6710.0;957.0;1375.0;0.0;8.0;-17.0;18.0;KEROSENE
2000.0;3160.0;4950.0;7560.0;1078.0;1395.0;1490.0;2470.0;4050.0;6500.0;942.0;1363.0;0.0;14.0;-14.0;19.0;KEROSENE
1990.0;3180.0;4950.0;7650.0;1079.0;1393.0;1510.0;2510.0;4080.0;6440.0;955.0;1350.0;6.0;13.0;-8.0;22.0;KEROSENE
2120.0;3390.0;5300.0;8130.0;1148.0;1447.0;1570.0;2560.0;4230.0;6740.0;985.0;1403.0;8.0;11.0;-8.0;18.0;KEROSENE
2030.0;3230.0;5060.0;7790.0;1099.0;1414.0;1490.0;2470.0;4090.0;6560.0;961.0;1382.0;10.0;14.0;-8.0;30.0;KEROSENE
2100.0;3350.0;5270.0;7970.0;1138.0;1433.0;1590.0;2580.0;4220.0;6820.0;977.0;1402.0;8.0;9.0;-8.0;26.0;KEROSENE
2200.0;3460.0;5410.0;8140.0;1163.0;1468.0;1600.0;2640.0;4240.0;6680.0;983.0;1417.0;6.0;16.0;-10.0;32.0;KEROSENE
2230.0;3530.0;5490.0;8300.0;1180.0;1491.0;1650.0;2700.0;4290.0;6890.0;1014.0;1429.0;2.0;12.0;-10.0;23.0;KEROSENE
2080.0;3300.0;5230.0;8030.0;1141.0;1452.0;1540.0;2560.0;4200.0;6690.0;988.0;1412.0;-2.0;14.0;-14.0;24.0;KEROSENE
2210.0;3520.0;5490.0;8370.0;1179.0;1484.0;1630.0;2700.0;4400.0;6920.0;1002.0;1441.0;-2.0;11.0;-14.0;26.0;KEROSENE
2190.0;3470.0;5450.0;8350.0;1170.0;1487.0;1680.0;2760.0;4470.0;6980.0;1026.0;1445.0;-2.0;11.0;-14.0;24.0;KEROSENE
2300.0;3630.0;5700.0;8650.0;1206.0;1533.0;1670.0;2760.0;4420.0;7060.0;1025.0;1465.0;2.0;9.0;-14.0;26.0;KEROSENE
2220.0;3530.0;5540.0;8440.0;1196.0;1499.0;1670.0;2730.0;4420.0;7010.0;1009.0;1439.0;2.0;15.0;-15.0;27.0;KEROSENE
2250.0;3550.0;5590.0;8500.0;1204.0;1527.0;1650.0;2740.0;4460.0;7120.0;1031.0;1466.0;5.0;9.0;-14.0;32.0;KEROSENE
2340.0;3700.0;5790.0;8740.0;1241.0;1557.0;1730.0;2820.0;4550.0;7290.0;1074.0;1497.0;6.0;9.0;-16.0;25.0;KEROSENE
2380.0;3790.0;5870.0;8900.0;1262.0;1582.0;1750.0;2890.0;4690.0;7430.0;1081.0;1530.0;6.0;9.0;-18.0;31.0;KEROSENE
2340.0;3750.0;5910.0;8880.0;1261.0;1589.0;1720.0;2810.0;4600.0;7380.0;1072.0;1523.0;4.0;15.0;-19.0;24.0;KEROSENE
2120.0;3380.0;5340.0;8220.0;1171.0;1496.0;1670.0;2790.0;4520.0;7230.0;1035.0;1473.0;-3.0;9.0;-19.0;16.0;KEROSENE
2380.0;3730.0;5850.0;8890.0;1262.0;1580.0;1710.0;2830.0;4580.0;7260.0;1057.0;1508.0;-3.0;11.0;-19.0;22.0;KEROSENE
2310.0;3660.0;5780.0;8780.0;1249.0;1561.0;1730.0;2900.0;4690.0;7400.0;1070.0;1509.0;-3.0;7.0;-24.0;28.0;KEROSENE
2300.0;3670.0;5730.0;8780.0;1239.0;1569.0;1780.0;2910.0;4670.0;7370.0;1075.0;1518.0;-1.0;9.0;-19.0;29.0;KEROSENE
2290.0;3600.0;5680.0;8690.0;1235.0;1559.0;1800.0;2950.0;4750.0;7400.0;1068.0;1512.0;0.0;9.0;-19.0;28.0;KEROSENE
2440.0;3870.0;6000.0;9150.0;1290.0;1598.0;1770.0;2910.0;4690.0;7450.0;1083.0;1543.0;0.0;16.0;-20.0;28.0;KEROSENE
2360.0;3740.0;5870.0;8830.0;1250.0;1588.0;1790.0;2960.0;4760.0;7440.0;1084.0;1529.0;0.0;10.0;-20.0;30.0;KEROSENE
2380.0;3750.0;5940.0;8920.0;1260.0;1596.0;1790.0;2970.0;4770.0;7490.0;1084.0;1527.0;0.0;14.0;-19.0;25.0;KEROSENE
2440.0;3880.0;6020.0;9120.0;1293.0;1608.0;1820.0;2980.0;4820.0;7520.0;1087.0;1551.0;-4.0;12.0;-19.0;28.0;KEROSENE
2460.0;3900.0;6120.0;9200.0;1305.0;1626.0;1800.0;2950.0;4800.0;7550.0;1105.0;1559.0;-4.0;15.0;-19.0;18.0;KEROSENE
2320.0;3690.0;5760.0;8790.0;1250.0;1594.0;1810.0;2970.0;4760.0;7510.0;1097.0;1549.0;-5.0;10.0;-15.0;15.0;KEROSENE
2350.0;3710.0;5840.0;8850.0;1255.0;1614.0;1780.0;2920.0;4720.0;7490.0;1079.0;1549.0;-5.0;10.0;-15.0;18.0;KEROSENE
2410.0;3820.0;5970.0;9070.0;1290.0;1631.0;1760.0;2920.0;4770.0;7520.0;1104.0;1547.0;-4.0;9.0;-15.0;24.0;KEROSENE
2410.0;3810.0;5970.0;9050.0;1288.0;1643.0;1850.0;2990.0;4830.0;7650.0;1124.0;1576.0;7.0;8.0;-15.0;24.0;KEROSENE
2520.0;4000.0;6250.0;9480.0;1338.0;1691.0;1950.0;3130.0;5080.0;7920.0;1158.0;1615.0;9.0;14.0;-15.0;27.0;KEROSENE
2620.0;4130.0;6480.0;9830.0;1380.0;1716.0;1980.0;3200.0;5180.0;8050.0;1167.0;1634.0;9.0;8.0;-13.0;29.0;KEROSENE
2560.0;4030.0;6320.0;9630.0;1355.0;1684.0;1960.0;3200.0;5150.0;8010.0;1165.0;1625.0;-4.0;13.0;-13.0;27.0;KEROSENE
2470.0;3910.0;6110.0;9310.0;1320.0;1665.0;1900.0;3100.0;5030.0;7780.0;1145.0;1610.0;-4.0;12.0;-17.0;20.0;KEROSENE
2350.0;3720.0;5860.0;8940.0;1280.0;1628.0;1910.0;3120.0;5030.0;7800.0;1138.0;1582.0;-4.0;21.0;-17.0;30.0;KEROSENE
2450.0;3870.0;6080.0;9210.0;1311.0;1630.0;1930.0;3150.0;5030.0;7810.0;1136.0;1600.0;0.0;12.0;-15.0;23.0;KEROSENE
2630.0;4110.0;6350.0;9710.0;1363.0;1696.0;1970.0;3200.0;5140.0;8110.0;1177.0;1628.0;3.0;13.0;-15.0;28.0;KEROSENE
2450.0;3880.0;6050.0;9230.0;1318.0;1667.0;1920.0;3100.0;4940.0;7870.0;1143.0;1600.0;3.0;14.0;-14.0;28.0;KEROSENE
2430.0;3850.0;6050.0;9300.0;1303.0;1645.0;1940.0;3160.0;5020.0;7860.0;1139.0;1602.0;3.0;13.0;-14.0;23.0;KEROSENE
2500.0;3960.0;6180.0;9430.0;1331.0;1664.0;1950.0;3170.0;5170.0;7960.0;1151.0;1610.0;3.0;17.0;-14.0;21.0;KEROSENE
2490.0;3940.0;6170.0;9400.0;1316.0;1669.0;1860.0;3010.0;4870.0;7790.0;1134.0;1595.0;0.0;8.0;-14.0;28.0;KEROSENE
2500.0;3960.0;6150.0;9380.0;1323.0;1671.0;1890.0;3120.0;5000.0;7910.0;1150.0;1623.0;0.0;12.0;-13.0;33.0;KEROSENE
2630.0;4150.0;6420.0;9700.0;1356.0;1699.0;1940.0;3160.0;5060.0;7930.0;1167.0;1647.0;2.0;8.0;-13.0;28.0;KEROSENE
2730.0;4320.0;6740.0;10230.0;1415.0;1762.0;2040.0;3280.0;5230.0;8280.0;1203.0;1684.0;5.0;8.0;-12.0;28.0;KEROSENE
2740.0;4300.0;6630.0;10090.0;1410.0;1756.0;2020.0;3280.0;5230.0;8280.0;1213.0;1679.0;10.0;13.0;-12.0;26.0;KEROSENE
2710.0;4240.0;6640.0;10010.0;1397.0;1755.0;1980.0;3240.0;5060.0;8090.0;1190.0;1661.0;12.0;12.0;-10.0;21.0;KEROSENE
2770.0;4310.0;6660.0;10030.0;1409.0;1748.0;2070.0;3320.0;5310.0;8160.0;1188.0;1683.0;7.0;11.0;-12.0;16.0;KEROSENE
2630.0;4110.0;6410.0;9630.0;1362.0;1700.0;1970.0;3180.0;5100.0;8010.0;1165.0;1653.0;2.0;11.0;-15.0;16.0;KEROSENE
2630.0;4160.0;6440.0;9810.0;1384.0;1724.0;2070.0;3310.0;5300.0;8270.0;1193.0;1661.0;2.0;7.0;-15.0;25.0;KEROSENE
2770.0;4360.0;6790.0;10270.0;1434.0;1775.0;2090.0;3360.0;5370.0;8430.0;1229.0;1702.0;2.0;7.0;-15.0;18.0;KEROSENE
2650.0;4170.0;6520.0;9900.0;1389.0;1744.0;2060.0;3350.0;5370.0;8360.0;1205.0;1700.0;1.0;7.0;-16.0;21.0;KEROSENE
2600.0;4060.0;6460.0;9790.0;1370.0;1741.0;2030.0;3300.0;5240.0;8380.0;1211.0;1672.0;1.0;11.0;-15.0;23.0;KEROSENE
2650.0;4190.0;6580.0;9910.0;1387.0;1736.0;2090.0;3370.0;5380.0;8340.0;1210.0;1699.0;3.0;9.0;-12.0;20.0;KEROSENE
2680.0;4230.0;6630.0;9990.0;1404.0;1755.0;2020.0;3240.0;5260.0;8230.0;1186.0;1682.0;3.0;15.0;-10.0;17.0;KEROSENE
2600.0;4110.0;6450.0;9790.0;1391.0;1737.0;2090.0;3370.0;5320.0;8350.0;1203.0;1669.0;3.0;13.0;-10.0;16.0;KEROSENE
2550.0;4040.0;6330.0;9630.0;1354.0;1712.0;2000.0;3250.0;5200.0;8200.0;1202.0;1670.0;2.0;14.0;-10.0;19.0;KEROSENE
2580.0;4070.0;6380.0;9650.0;1368.0;1726.0;2000.0;3250.0;5170.0;8180.0;1184.0;1664.0;4.0;12.0;-16.0;16.0;KEROSENE
2910.0;4550.0;7030.0;10560.0;1471.0;1818.0;2110.0;3400.0;5410.0;8560.0;1238.0;1757.0;3.0;12.0;-16.0;24.0;KEROSENE
2830.0;4440.0;6950.0;10480.0;1468.0;1821.0;2150.0;3490.0;5560.0;8560.0;1245.0;1731.0;4.0;12.0;-16.0;16.0;KEROSENE
2850.0;4460.0;6990.0;10520.0;1465.0;1829.0;2160.0;3490.0;5560.0;8720.0;1263.0;1761.0;8.0;13.0;-16.0;23.0;KEROSENE
2710.0;4280.0;6680.0;10210.0;1428.0;1774.0;2180.0;3500.0;5540.0;8510.0;1237.0;1726.0;9.0;12.0;-16.0;22.0;KEROSENE
2800.0;4400.0;6860.0;10290.0;1456.0;1809.0;2080.0;3370.0;5340.0;8350.0;1223.0;1718.0;9.0;13.0;-12.0;21.0;KEROSENE
2650.0;4220.0;6600.0;9990.0;1410.0;1767.0;2100.0;3370.0;5340.0;8400.0;1216.0;1708.0;6.0;7.0;-14.0;22.0;KEROSENE
2770.0;4350.0;6760.0;10190.0;1438.0;1795.0;2140.0;3470.0;5530.0;8510.0;1233.0;1732.0;6.0;10.0;-9.0;22.0;KEROSENE
2720.0;4310.0;6680.0;10240.0;1435.0;1803.0;2070.0;3360.0;5430.0;8570.0;1235.0;1738.0;6.0;7.0;-9.0;22.0;KEROSENE
2810.0;4470.0;6860.0;10470.0;1461.0;1830.0;2180.0;3490.0;5510.0;8650.0;1261.0;1741.0;8.0;7.0;-8.0;22.0;KEROSENE
2750.0;4360.0;6760.0;10230.0;1444.0;1807.0;2150.0;3470.0;5540.0;8560.0;1252.0;1739.0;10.0;7.0;-8.0;17.0;KEROSENE
2760.0;4360.0;6740.0;10290.0;1446.0;1796.0;2130.0;3440.0;5450.0;8620.0;1245.0;1741.0;8.0;7.0;-8.0;30.0;KEROSENE
2810.0;4410.0;6890.0;10440.0;1471.0;1823.0;2180.0;3520.0;5550.0;8670.0;1254.0;1755.0;4.0;7.0;-8.0;21.0;KEROSENE
2710.0;4280.0;6650.0;10100.0;1424.0;1785.0;2110.0;3400.0;5390.0;8530.0;1237.0;1734.0;2.0;10.0;-9.0;22.0;KEROSENE
2990.0;4640.0;7170.0;10870.0;1508.0;1853.0;2230.0;3610.0;5680.0;8800.0;1272.0;1807.0;1.0;10.0;-12.0;18.0;KEROSENE
2920.0;4620.0;7100.0;10710.0;1511.0;1873.0;2300.0;3700.0;5900.0;8990.0;1291.0;1810.0;1.0;18.0;-11.0;25.0;KEROSENE
2830.0;4460.0;6910.0;10400.0;1466.0;1847.0;2200.0;3570.0;5710.0;8970.0;1296.0;1794.0;1.0;7.0;-12.0;31.0;KEROSENE
2930.0;4600.0;7170.0;10880.0;1518.0;1880.0;2270.0;3690.0;5830.0;9010.0;1303.0;1798.0;3.0;9.0;-14.0;28.0;KEROSENE
2990.0;4700.0;7300.0;10890.0;1519.0;1888.0;2310.0;3700.0;5850.0;9030.0;1303.0;1804.0;3.0;6.0;-14.0;18.0;KEROSENE
3020.0;4740.0;7320.0;11000.0;1543.0;1913.0;2250.0;3600.0;5750.0;8960.0;1302.0;1820.0;5.0;6.0;-14.0;18.0;KEROSENE
3020.0;4760.0;7380.0;11110.0;1548.0;1914.0;2290.0;3650.0;5830.0;9110.0;1301.0;1838.0;2.0;15.0;-15.0;18.0;KEROSENE
3000.0;4720.0;7280.0;11120.0;1549.0;1933.0;2380.0;3820.0;6020.0;9230.0;1325.0;1855.0;8.0;14.0;-14.0;26.0;KEROSENE
2850.0;4490.0;7060.0;10630.0;1498.0;1868.0;2210.0;3560.0;5680.0;8860.0;1286.0;1800.0;2.0;12.0;-20.0;20.0;KEROSENE
2860.0;4510.0;7010.0;10590.0;1492.0;1865.0;2280.0;3670.0;5820.0;9100.0;1309.0;1808.0;8.0;7.0;-10.0;20.0;KEROSENE
2990.0;4680.0;7270.0;11000.0;1543.0;1910.0;2250.0;3620.0;5750.0;9090.0;1300.0;1827.0;1.0;8.0;-11.0;22.0;KEROSENE
3020.0;4790.0;7440.0;11300.0;1562.0;1925.0;2330.0;3710.0;5850.0;9210.0;1325.0;1836.0;5.0;8.0;-11.0;19.0;KEROSENE
2960.0;4650.0;7230.0;10990.0;1532.0;1892.0;2210.0;3580.0;5670.0;8980.0;1302.0;1832.0;0.0;11.0;-14.0;20.0;KEROSENE
3050.0;4770.0;7450.0;11170.0;1558.0;1943.0;2310.0;3760.0;5930.0;9250.0;1347.0;1850.0;0.0;14.0;-14.0;27.0;KEROSENE
3090.0;4860.0;7570.0;11380.0;1585.0;1967.0;2370.0;3790.0;6040.0;9490.0;1361.0;1881.0;0.0;10.0;-18.0;24.0;KEROSENE
2950.0;4610.0;7270.0;10950.0;1551.0;1915.0;2420.0;3840.0;6020.0;9280.0;1337.0;1836.0;-1.0;10.0;-18.0;24.0;KEROSENE
2980.0;4700.0;7260.0;11040.0;1537.0;1911.0;2280.0;3650.0;5820.0;9150.0;1314.0;1840.0;-1.0;13.0;-19.0;17.0;KEROSENE
3020.0;4740.0;7350.0;11090.0;1542.0;1916.0;2290.0;3680.0;5790.0;9120.0;1313.0;1855.0;-1.0;11.0;-19.0;24.0;KEROSENE
3150.0;4920.0;7640.0;11460.0;1595.0;1956.0;2370.0;3800.0;6030.0;9290.0;1354.0;1873.0;-1.0;12.0;-19.0;28.0;KEROSENE
3090.0;4830.0;7550.0;11380.0;1585.0;1965.0;2380.0;3850.0;6030.0;9520.0;1361.0;1892.0;-1.0;9.0;-17.0;23.0;KEROSENE
2940.0;4630.0;7230.0;11010.0;1545.0;1917.0;2330.0;3670.0;5840.0;9170.0;1323.0;1848.0;3.0;9.0;-17.0;20.0;KEROSENE
3140.0;4930.0;7560.0;11420.0;1585.0;1961.0;2390.0;3800.0;6030.0;9420.0;1366.0;1894.0;14.0;11.0;-14.0;21.0;KEROSENE
3080.0;4840.0;7490.0;11190.0;1578.0;1951.0;2410.0;3840.0;6050.0;9340.0;1352.0;1879.0;10.0;9.0;-5.0;30.0;KEROSENE
3090.0;4820.0;7520.0;11340.0;1578.0;1966.0;2410.0;3840.0;6110.0;9420.0;1369.0;1901.0;10.0;6.0;-5.0;27.0;KEROSENE
3230.0;5070.0;7820.0;11790.0;1628.0;2006.0;2460.0;3890.0;6110.0;9510.0;1397.0;1925.0;13.0;6.0;-10.0;20.0;KEROSENE
3030.0;4760.0;7370.0;11160.0;1571.0;1955.0;2410.0;3850.0;6070.0;9460.0;1362.0;1895.0;10.0;5.0;-10.0;29.0;KEROSENE
3050.0;4780.0;7420.0;11180.0;1556.0;1935.0;2480.0;3980.0;6170.0;9550.0;1342.0;1874.0;3.0;5.0;-14.0;26.0;KEROSENE
3020.0;4750.0;7320.0;11120.0;1566.0;1937.0;2430.0;3860.0;6060.0;9350.0;1338.0;1872.0;0.0;5.0;-15.0;15.0;KEROSENE
3100.0;4880.0;7510.0;11280.0;1574.0;1954.0;2430.0;3880.0;6160.0;9520.0;1376.0;1882.0;0.0;5.0;-15.0;14.0;KEROSENE
2980.0;4660.0;7220.0;10760.0;1530.0;1907.0;2370.0;3770.0;5940.0;9140.0;1328.0;1841.0;-4.0;7.0;-15.0;15.0;KEROSENE
3070.0;4830.0;7410.0;11150.0;1556.0;1943.0;2410.0;3870.0;6120.0;9430.0;1362.0;1872.0;0.0;18.0;-14.0;17.0;KEROSENE
3250.0;5060.0;7780.0;11630.0;1631.0;2008.0;2400.0;3870.0;6110.0;9530.0;1386.0;1929.0;2.0;7.0;-14.0;23.0;KEROSENE
3130.0;4990.0;7740.0;11560.0;1624.0;2001.0;2430.0;3880.0;6150.0;9580.0;1387.0;1920.0;2.0;9.0;-14.0;23.0;KEROSENE
3130.0;4920.0;7620.0;11470.0;1606.0;1986.0;2420.0;3890.0;6170.0;9560.0;1379.0;1904.0;3.0;13.0;-14.0;20.0;KEROSENE
3140.0;4930.0;7620.0;11470.0;1610.0;2003.0;2420.0;3880.0;6090.0;9550.0;1385.0;1940.0;2.0;6.0;-14.0;15.0;KEROSENE
3080.0;4840.0;7480.0;11330.0;1594.0;1965.0;2420.0;3860.0;6110.0;9530.0;1370.0;1902.0;3.0;16.0;-14.0;24.0;KEROSENE
3140.0;4870.0;7590.0;11390.0;1596.0;1985.0;2500.0;3990.0;6270.0;9680.0;1386.0;1908.0;-1.0;8.0;-21.0;16.0;KEROSENE
3140.0;4960.0;7710.0;11540.0;1610.0;1999.0;2390.0;3830.0;6070.0;9540.0;1367.0;1916.0;7.0;9.0;-11.0;24.0;KEROSENE
3170.0;5000.0;7650.0;11670.0;1615.0;2002.0;2520.0;4000.0;6350.0;9710.0;1401.0;1925.0;-1.0;8.0;-18.0;24.0;KEROSENE
3290.0;5180.0;7960.0;11850.0;1654.0;2044.0;2480.0;3970.0;6330.0;9820.0;1408.0;1948.0;11.0;6.0;-16.0;23.0;KEROSENE
3210.0;5080.0;7830.0;11770.0;1642.0;2035.0;2490.0;3970.0;6340.0;9800.0;1427.0;1963.0;-3.0;10.0;-18.0;17.0;KEROSENE
3340.0;5210.0;8030.0;12050.0;1677.0;2084.0;2550.0;4060.0;6360.0;9950.0;1426.0;1990.0;1.0;8.0;-16.0;23.0;KEROSENE
3330.0;5170.0;8020.0;12070.0;1683.0;2072.0;2540.0;4030.0;6370.0;9950.0;1437.0;1986.0;-3.0;6.0;-16.0;22.0;KEROSENE
3280.0;5130.0;7950.0;12010.0;1671.0;2067.0;2500.0;4000.0;6310.0;9900.0;1425.0;1985.0;1.0;3.0;-16.0;18.0;KEROSENE
3220.0;5030.0;7760.0;11730.0;1635.0;2029.0;2540.0;4090.0;6380.0;9830.0;1404.0;1960.0;-1.0;4.0;-16.0;17.0;KEROSENE
3210.0;5010.0;7810.0;11710.0;1637.0;2008.0;2450.0;3900.0;6220.0;9550.0;1387.0;1927.0;1.0;3.0;-15.0;14.0;KEROSENE
2930.0;4590.0;7080.0;10810.0;1523.0;1902.0;2360.0;3800.0;5980.0;9250.0;1340.0;1874.0;8.0;4.0;-12.0;16.0;KEROSENE
3040.0;4800.0;7410.0;11250.0;1570.0;1951.0;2410.0;3840.0;6100.0;9380.0;1365.0;1894.0;8.0;12.0;-11.0;16.0;KEROSENE
3220.0;5050.0;7760.0;11660.0;1617.0;1993.0;2480.0;3970.0;6260.0;9630.0;1375.0;1915.0;11.0;8.0;-11.0;19.0;KEROSENE
3180.0;5010.0;7720.0;11600.0;1613.0;1986.0;2440.0;3920.0;6150.0;9520.0;1375.0;1912.0;13.0;12.0;-11.0;23.0;KEROSENE
3140.0;4880.0;7570.0;11360.0;1600.0;1981.0;2520.0;3990.0;6300.0;9570.0;1388.0;1925.0;2.0;17.0;-11.0;18.0;KEROSENE
3200.0;4980.0;7780.0;11570.0;1627.0;2012.0;2460.0;3940.0;6150.0;9570.0;1395.0;1927.0;2.0;10.0;-12.0;19.0;KEROSENE
3250.0;5110.0;7950.0;11940.0;1666.0;2044.0;2550.0;4060.0;6370.0;9840.0;1415.0;1971.0;1.0;10.0;-12.0;19.0;KEROSENE
2910.0;4560.0;7080.0;10800.0;1515.0;1907.0;2440.0;3840.0;6120.0;9450.0;1357.0;1858.0;2.0;10.0;-12.0;18.0;KEROSENE
3190.0;4990.0;7750.0;11620.0;1620.0;1996.0;2470.0;3950.0;6260.0;9740.0;1404.0;1946.0;4.0;17.0;-12.0;14.0;KEROSENE
3190.0;5010.0;7800.0;11590.0;1611.0;1993.0;2500.0;4000.0;6290.0;9770.0;1395.0;1923.0;10.0;9.0;-8.0;17.0;KEROSENE
3190.0;4960.0;7680.0;11620.0;1611.0;2015.0;2530.0;4010.0;6300.0;9810.0;1412.0;1946.0;16.0;12.0;-7.0;20.0;KEROSENE
3180.0;4980.0;7750.0;11620.0;1628.0;2021.0;2510.0;4010.0;6290.0;9720.0;1400.0;1939.0;14.0;9.0;-7.0;9.0;KEROSENE
3170.0;4910.0;7690.0;11500.0;1598.0;1987.0;2490.0;3920.0;6200.0;9660.0;1386.0;1934.0;8.0;10.0;-7.0;9.0;KEROSENE
3060.0;4840.0;7460.0;11220.0;1572.0;1965.0;2460.0;3910.0;6120.0;9460.0;1376.0;1898.0;8.0;10.0;-7.0;22.0;KEROSENE
3350.0;5230.0;8070.0;12030.0;1684.0;2069.0;2510.0;4000.0;6280.0;9670.0;1414.0;1955.0;0.0;8.0;-7.0;12.0;KEROSENE
3110.0;4860.0;7530.0;11380.0;1598.0;1980.0;2480.0;3920.0;6160.0;9650.0;1378.0;1915.0;4.0;9.0;-13.0;13.0;KEROSENE
3250.0;5070.0;7820.0;11730.0;1643.0;2038.0;2590.0;4110.0;6440.0;9880.0;1412.0;1965.0;8.0;9.0;-4.0;8.0;KEROSENE
3150.0;4930.0;7590.0;11420.0;1605.0;2000.0;2480.0;3950.0;6240.0;9670.0;1401.0;1933.0;4.0;12.0;-13.0;17.0;KEROSENE
3110.0;4860.0;7610.0;11480.0;1610.0;1985.0;2500.0;3970.0;6190.0;9590.0;1395.0;1931.0;4.0;10.0;-13.0;17.0;KEROSENE
3340.0;5210.0;8060.0;12090.0;1672.0;2072.0;2550.0;4070.0;6380.0;9910.0;1426.0;1975.0;6.0;10.0;-13.0;19.0;KEROSENE
3230.0;5050.0;7830.0;11840.0;1642.0;2048.0;2540.0;4080.0;6350.0;9890.0;1427.0;1984.0;7.0;10.0;-13.0;18.0;KEROSENE
3160.0;4970.0;7680.0;11600.0;1634.0;2031.0;2540.0;4040.0;6350.0;9830.0;1417.0;1948.0;6.0;10.0;-15.0;23.0;KEROSENE
3260.0;5080.0;7880.0;11880.0;1647.0;2049.0;2560.0;4080.0;6420.0;9930.0;1420.0;1975.0;6.0;7.0;-13.0;15.0;KEROSENE
3280.0;5120.0;7920.0;11900.0;1668.0;2060.0;2580.0;4080.0;6390.0;9970.0;1434.0;1983.0;6.0;14.0;-13.0;17.0;KEROSENE
3440.0;5370.0;8270.0;12340.0;1709.0;2110.0;2640.0;4160.0;6560.0;10150.0;1461.0;2028.0;10.0;9.0;-7.0;22.0;KEROSENE
3120.0;4890.0;7540.0;11420.0;1611.0;2021.0;2490.0;3960.0;6270.0;9760.0;1414.0;1962.0;9.0;12.0;-7.0;22.0;KEROSENE
3300.0;5160.0;7930.0;11950.0;1663.0;2047.0;2630.0;4130.0;6450.0;9960.0;1424.0;1984.0;15.0;9.0;-7.0;22.0;KEROSENE
3400.0;5280.0;8170.0;12230.0;1708.0;2087.0;2630.0;4200.0;6580.0;10100.0;1442.0;2003.0;9.0;14.0;-7.0;21.0;KEROSENE
3280.0;5160.0;7980.0;12080.0;1686.0;2083.0;2640.0;4190.0;6530.0;10100.0;1445.0;1995.0;5.0;6.0;-13.0;28.0;KEROSENE
3410.0;5280.0;8140.0;12240.0;1702.0;2089.0;2590.0;4130.0;6480.0;10080.0;1432.0;2000.0;9.0;9.0;-13.0;16.0;KEROSENE
3410.0;5330.0;8200.0;12350.0;1719.0;2104.0;2650.0;4230.0;6640.0;10250.0;1467.0;2019.0;6.0;9.0;-9.0;21.0;KEROSENE
3390.0;5260.0;8130.0;12350.0;1721.0;2113.0;2650.0;4230.0;6650.0;10250.0;1472.0;2029.0;6.0;11.0;-9.0;12.0;KEROSENE
3240.0;5090.0;7840.0;11810.0;1654.0;2053.0;2640.0;4210.0;6540.0;10110.0;1435.0;1977.0;6.0;7.0;-9.0;18.0;KEROSENE
3310.0;5190.0;8070.0;12110.0;1689.0;2081.0;2680.0;4260.0;6670.0;10150.0;1467.0;2011.0;6.0;8.0;-9.0;19.0;KEROSENE
3340.0;5230.0;8120.0;12200.0;1706.0;2106.0;2630.0;4210.0;6610.0;10130.0;1453.0;2030.0;10.0;7.0;-9.0;19.0;KEROSENE
3350.0;5230.0;8120.0;12190.0;1702.0;2092.0;2670.0;4230.0;6620.0;10140.0;1460.0;2023.0;6.0;8.0;-14.0;24.0;KEROSENE
3480.0;5420.0;8230.0;12370.0;1716.0;2116.0;2660.0;4180.0;6600.0;10270.0;1455.0;2024.0;1.0;7.0;-12.0;17.0;KEROSENE
3340.0;5240.0;8050.0;12110.0;1704.0;2092.0;2610.0;4150.0;6540.0;10210.0;1471.0;2024.0;1.0;7.0;-12.0;20.0;KEROSENE
3340.0;5200.0;8030.0;12050.0;1686.0;2105.0;2620.0;4140.0;6540.0;10170.0;1461.0;2025.0;-3.0;7.0;-12.0;27.0;KEROSENE
3430.0;5320.0;8180.0;12290.0;1722.0;2131.0;2660.0;4250.0;6680.0;10440.0;1495.0;2061.0;-3.0;14.0;-12.0;29.0;KEROSENE
3440.0;5390.0;8300.0;12440.0;1729.0;2139.0;2660.0;4210.0;6640.0;10210.0;1475.0;2048.0;-3.0;19.0;-12.0;20.0;KEROSENE
3530.0;5510.0;8510.0;12620.0;1758.0;2147.0;2800.0;4440.0;6920.0;10560.0;1526.0;2079.0;-3.0;10.0;-16.0;25.0;KEROSENE
3560.0;5540.0;8620.0;12730.0;1785.0;2204.0;2710.0;4300.0;6810.0;10520.0;1513.0;2099.0;-3.0;11.0;-16.0;17.0;KEROSENE
3740.0;5780.0;8840.0;13290.0;1832.0;2229.0;2810.0;4490.0;7040.0;10860.0;1559.0;2133.0;-4.0;7.0;-12.0;24.0;KEROSENE
3560.0;5510.0;8530.0;12800.0;1788.0;2204.0;2800.0;4420.0;6980.0;10670.0;1532.0;2120.0;-4.0;8.0;-16.0;20.0;KEROSENE
3640.0;5610.0;8660.0;12970.0;1805.0;2211.0;2840.0;4490.0;7020.0;10770.0;1542.0;2122.0;-5.0;8.0;-15.0;25.0;KEROSENE
3570.0;5570.0;8580.0;12830.0;1785.0;2204.0;2770.0;4410.0;6920.0;10620.0;1535.0;2129.0;-5.0;12.0;-12.0;16.0;KEROSENE
3570.0;5560.0;8570.0;12860.0;1775.0;2203.0;2780.0;4430.0;6990.0;10620.0;1522.0;2113.0;-5.0;7.0;-9.0;16.0;KEROSENE
3430.0;5340.0;8160.0;12330.0;1722.0;2142.0;2720.0;4290.0;6760.0;10400.0;1488.0;2056.0;1.0;7.0;-11.0;16.0;KEROSENE
3410.0;5290.0;8150.0;12220.0;1698.0;2116.0;2730.0;4320.0;6740.0;10330.0;1490.0;2073.0;1.0;7.0;-9.0;18.0;KEROSENE
3390.0;5250.0;8090.0;12100.0;1698.0;2109.0;2720.0;4250.0;6660.0;10200.0;1458.0;2041.0;1.0;6.0;-9.0;21.0;KEROSENE
3590.0;5600.0;8610.0;12890.0;1787.0;2189.0;2780.0;4440.0;6970.0;10650.0;1524.0;2094.0;6.0;7.0;-9.0;28.0;KEROSENE
3540.0;5500.0;8490.0;12720.0;1774.0;2178.0;2780.0;4410.0;6830.0;10560.0;1531.0;2101.0;6.0;8.0;-11.0;18.0;KEROSENE
3400.0;5300.0;8200.0;12340.0;1722.0;2126.0;2770.0;4390.0;6830.0;10460.0;1503.0;2064.0;8.0;9.0;-17.0;13.0;KEROSENE
3290.0;5120.0;7880.0;11840.0;1665.0;2085.0;2700.0;4250.0;6680.0;10260.0;1458.0;2021.0;4.0;6.0;-17.0;13.0;KEROSENE
3120.0;4930.0;7550.0;11570.0;1610.0;2026.0;2620.0;4150.0;6540.0;10160.0;1463.0;1997.0;5.0;7.0;-17.0;12.0;KEROSENE
3470.0;5370.0;8310.0;12470.0;1725.0;2107.0;2670.0;4240.0;6630.0;10190.0;1486.0;2051.0;0.0;8.0;-22.0;22.0;KEROSENE
3480.0;5390.0;8340.0;12540.0;1736.0;2153.0;2760.0;4320.0;6750.0;10470.0;1489.0;2050.0;-1.0;6.0;-20.0;21.0;KEROSENE
3540.0;5540.0;8510.0;12720.0;1779.0;2185.0;2790.0;4400.0;6870.0;10550.0;1512.0;2097.0;-1.0;5.0;-20.0;19.0;KEROSENE
3380.0;5250.0;8100.0;12210.0;1703.0;2124.0;2660.0;4250.0;6630.0;10260.0;1494.0;2049.0;-2.0;7.0;-22.0;25.0;KEROSENE
3370.0;5280.0;8180.0;12240.0;1707.0;2115.0;2720.0;4270.0;6690.0;10420.0;1489.0;2049.0;-2.0;8.0;-22.0;25.0;KEROSENE
3350.0;5200.0;8080.0;12080.0;1705.0;2112.0;2660.0;4190.0;6620.0;10160.0;1476.0;2032.0;-2.0;7.0;-20.0;19.0;KEROSENE
3510.0;5470.0;8470.0;12680.0;1767.0;2174.0;2810.0;4450.0;6890.0;10570.0;1526.0;2083.0;-4.0;13.0;-17.0;24.0;KEROSENE
3740.0;5820.0;8940.0;13310.0;1832.0;2256.0;2880.0;4530.0;7060.0;10880.0;1546.0;2149.0;-5.0;7.0;-20.0;27.0;KEROSENE
3630.0;5660.0;8710.0;13060.0;1812.0;2250.0;2850.0;4470.0;7040.0;10750.0;1564.0;2143.0;-4.0;11.0;-17.0;29.0;KEROSENE
3650.0;5660.0;8670.0;13070.0;1833.0;2256.0;2890.0;4540.0;7080.0;10910.0;1572.0;2174.0;-4.0;11.0;-13.0;22.0;KEROSENE
3820.0;5930.0;9150.0;13620.0;1888.0;2328.0;2980.0;4700.0;7380.0;11300.0;1620.0;2198.0;-2.0;20.0;-13.0;18.0;KEROSENE
3780.0;5900.0;9070.0;13550.0;1870.0;2311.0;2940.0;4670.0;7210.0;11250.0;1609.0;2207.0;0.0;8.0;-10.0;17.0;KEROSENE
3730.0;5790.0;8910.0;13410.0;1858.0;2303.0;2980.0;4680.0;7380.0;11120.0;1609.0;2202.0;2.0;11.0;-2.0;15.0;KEROSENE
3620.0;5640.0;8660.0;13000.0;1819.0;2250.0;2890.0;4540.0;7110.0;10930.0;1574.0;2161.0;0.0;9.0;-10.0;23.0;KEROSENE
3740.0;5780.0;8910.0;13300.0;1836.0;2279.0;2910.0;4600.0;7180.0;11010.0;1592.0;2181.0;1.0;11.0;-8.0;17.0;KEROSENE
3580.0;5600.0;8610.0;12910.0;1797.0;2230.0;2830.0;4510.0;7040.0;10860.0;1556.0;2162.0;1.0;8.0;-10.0;20.0;KEROSENE
3750.0;5840.0;9000.0;13470.0;1870.0;2273.0;2950.0;4660.0;7300.0;11190.0;1604.0;2183.0;1.0;7.0;-8.0;22.0;KEROSENE
3730.0;5810.0;9000.0;13440.0;1865.0;2286.0;2860.0;4540.0;7110.0;11060.0;1592.0;2205.0;0.0;9.0;-10.0;14.0;KEROSENE
3760.0;5850.0;9040.0;13550.0;1893.0;2320.0;3020.0;4760.0;7380.0;11310.0;1619.0;2222.0;1.0;13.0;-9.0;19.0;KEROSENE
3680.0;5730.0;8840.0;13250.0;1837.0;2283.0;2950.0;4690.0;7300.0;11250.0;1605.0;2202.0;4.0;9.0;-9.0;21.0;KEROSENE
3610.0;5590.0;8600.0;12980.0;1788.0;2242.0;2920.0;4540.0;7160.0;10840.0;1566.0;2154.0;4.0;8.0;-8.0;24.0;KEROSENE
3610.0;5570.0;8630.0;12910.0;1799.0;2220.0;2850.0;4510.0;7020.0;10770.0;1563.0;2164.0;0.0;7.0;-9.0;20.0;KEROSENE
3640.0;5650.0;8690.0;13050.0;1816.0;2239.0;2950.0;4610.0;7200.0;11040.0;1567.0;2157.0;6.0;10.0;-8.0;19.0;KEROSENE
3600.0;5600.0;8650.0;12910.0;1796.0;2240.0;2880.0;4490.0;7050.0;10810.0;1539.0;2142.0;3.0;5.0;-8.0;19.0;KEROSENE
3640.0;5660.0;8680.0;13020.0;1814.0;2238.0;2810.0;4480.0;6970.0;10760.0;1552.0;2133.0;-1.0;6.0;-8.0;13.0;KEROSENE
3500.0;5430.0;8390.0;12560.0;1767.0;2196.0;2920.0;4580.0;7140.0;10830.0;1557.0;2139.0;3.0;8.0;-16.0;18.0;KEROSENE
3620.0;5610.0;8580.0;12850.0;1786.0;2205.0;2870.0;4530.0;7020.0;10670.0;1532.0;2127.0;3.0;15.0;-9.0;19.0;KEROSENE
3480.0;5430.0;8370.0;12640.0;1763.0;2185.0;2790.0;4410.0;6900.0;10590.0;1519.0;2112.0;3.0;15.0;-9.0;23.0;KEROSENE
3720.0;5740.0;8800.0;13100.0;1820.0;2242.0;2870.0;4520.0;7070.0;10850.0;1553.0;2140.0;-2.0;12.0;-16.0;18.0;KEROSENE
3740.0;5730.0;8850.0;13180.0;1830.0;2274.0;2930.0;4610.0;7210.0;11040.0;1572.0;2172.0;2.0;13.0;-9.0;14.0;KEROSENE
3580.0;5540.0;8600.0;12850.0;1806.0;2235.0;2900.0;4590.0;7240.0;11090.0;1588.0;2185.0;2.0;13.0;-8.0;20.0;KEROSENE
3750.0;5860.0;8980.0;13450.0;1857.0;2269.0;2960.0;4660.0;7250.0;11110.0;1589.0;2179.0;6.0;16.0;-8.0;26.0;KEROSENE
3850.0;6000.0;9200.0;13700.0;1897.0;2323.0;2980.0;4700.0;7390.0;11400.0;1622.0;2239.0;11.0;11.0;-9.0;20.0;KEROSENE
3770.0;5850.0;8940.0;13300.0;1871.0;2299.0;2980.0;4710.0;7320.0;11260.0;1609.0;2218.0;7.0;11.0;-9.0;18.0;KEROSENE
3870.0;5990.0;9170.0;13750.0;1896.0;2322.0;3060.0;4830.0;7500.0;11410.0;1631.0;2233.0;6.0;11.0;-9.0;15.0;KEROSENE
3720.0;5790.0;8910.0;13370.0;1853.0;2280.0;2990.0;4730.0;7350.0;11250.0;1600.0;2209.0;5.0;5.0;-9.0;18.0;KEROSENE
3650.0;5650.0;8710.0;13130.0;1822.0;2245.0;2920.0;4600.0;7170.0;10940.0;1564.0;2157.0;6.0;4.0;-9.0;22.0;KEROSENE
3700.0;5770.0;8840.0;13300.0;1849.0;2279.0;2940.0;4650.0;7250.0;11200.0;1609.0;2201.0;5.0;5.0;-8.0;20.0;KEROSENE
3730.0;5790.0;8950.0;13360.0;1855.0;2281.0;2950.0;4630.0;7200.0;11120.0;1581.0;2199.0;5.0;6.0;-4.0;14.0;KEROSENE
3630.0;5630.0;8680.0;13040.0;1811.0;2260.0;2900.0;4570.0;7110.0;10900.0;1583.0;2179.0;5.0;6.0;-2.0;11.0;KEROSENE
3640.0;5720.0;8830.0;13220.0;1822.0;2260.0;2900.0;4570.0;7120.0;10980.0;1583.0;2188.0;8.0;6.0;-2.0;12.0;KEROSENE
3640.0;5700.0;8670.0;13010.0;1818.0;2243.0;2880.0;4580.0;7120.0;11000.0;1573.0;2167.0;15.0;12.0;-1.0;19.0;KEROSENE
3770.0;5870.0;8970.0;13400.0;1866.0;2283.0;2950.0;4650.0;7250.0;11110.0;1593.0;2196.0;8.0;10.0;-2.0;17.0;KEROSENE
3750.0;5830.0;8940.0;13400.0;1868.0;2287.0;3010.0;4750.0;7340.0;11400.0;1614.0;2202.0;9.0;9.0;-2.0;19.0;KEROSENE
3810.0;5940.0;9130.0;13610.0;1902.0;2321.0;3040.0;4800.0;7440.0;11400.0;1620.0;2249.0;7.0;9.0;-4.0;15.0;KEROSENE
3810.0;5930.0;9070.0;13620.0;1894.0;2327.0;3050.0;4800.0;7500.0;11460.0;1639.0;2257.0;7.0;9.0;-4.0;17.0;KEROSENE
3840.0;5960.0;9140.0;13600.0;1897.0;2328.0;3050.0;4760.0;7420.0;11360.0;1621.0;2240.0;7.0;7.0;-4.0;14.0;KEROSENE
3760.0;5850.0;9030.0;13410.0;1875.0;2306.0;3000.0;4710.0;7340.0;11330.0;1621.0;2222.0;6.0;9.0;-7.0;12.0;KEROSENE
3790.0;5880.0;9050.0;13550.0;1888.0;2311.0;3020.0;4710.0;7360.0;11290.0;1633.0;2242.0;6.0;13.0;-9.0;14.0;KEROSENE
3670.0;5670.0;8770.0;13120.0;1829.0;2287.0;2980.0;4620.0;7270.0;11060.0;1598.0;2184.0;6.0;9.0;-9.0;14.0;KEROSENE
3580.0;5560.0;8540.0;12890.0;1804.0;2238.0;2990.0;4720.0;7280.0;11180.0;1586.0;2166.0;9.0;10.0;-9.0;15.0;KEROSENE
3690.0;5710.0;8770.0;13140.0;1829.0;2265.0;2910.0;4590.0;7200.0;10990.0;1571.0;2197.0;5.0;9.0;-11.0;21.0;KEROSENE
3720.0;5750.0;8890.0;13370.0;1855.0;2280.0;2960.0;4680.0;7270.0;11160.0;1603.0;2213.0;4.0;11.0;-14.0;16.0;KEROSENE
3830.0;5960.0;9150.0;13730.0;1894.0;2338.0;3050.0;4820.0;7510.0;11410.0;1631.0;2232.0;0.0;9.0;-14.0;15.0;KEROSENE
3790.0;5900.0;9040.0;13440.0;1883.0;2308.0;2990.0;4710.0;7300.0;11250.0;1613.0;2224.0;0.0;9.0;-14.0;19.0;KEROSENE
3850.0;5990.0;9180.0;13750.0;1901.0;2333.0;3090.0;4820.0;7510.0;11460.0;1644.0;2241.0;0.0;8.0;-11.0;15.0;KEROSENE
3900.0;6060.0;9260.0;13740.0;1910.0;2355.0;3050.0;4780.0;7490.0;11470.0;1639.0;2253.0;-4.0;5.0;-11.0;15.0;KEROSENE
3790.0;5880.0;9070.0;13440.0;1881.0;2333.0;3020.0;4820.0;7440.0;11330.0;1631.0;2242.0;0.0;8.0;-10.0;6.0;KEROSENE
3700.0;5760.0;8810.0;13200.0;1834.0;2289.0;2940.0;4650.0;7230.0;11060.0;1594.0;2201.0;0.0;7.0;-10.0;5.0;KEROSENE
3750.0;5810.0;8910.0;13330.0;1863.0;2281.0;2930.0;4600.0;7240.0;11110.0;1609.0;2210.0;0.0;6.0;-10.0;13.0;KEROSENE
3760.0;5850.0;9050.0;13530.0;1876.0;2323.0;3000.0;4740.0;7420.0;11420.0;1655.0;2251.0;3.0;12.0;-10.0;21.0;KEROSENE
3900.0;6030.0;9290.0;13860.0;1916.0;2357.0;3040.0;4800.0;7480.0;11570.0;1663.0;2257.0;11.0;8.0;-7.0;20.0;KEROSENE
3950.0;6170.0;9470.0;14130.0;1957.0;2388.0;3180.0;4970.0;7730.0;11670.0;1670.0;2308.0;12.0;5.0;-7.0;22.0;KEROSENE
3880.0;6040.0;9230.0;13780.0;1932.0;2381.0;3170.0;4920.0;7670.0;11650.0;1665.0;2287.0;10.0;7.0;-7.0;20.0;KEROSENE
3960.0;6160.0;9470.0;14140.0;1963.0;2404.0;3130.0;4890.0;7630.0;11780.0;1665.0;2314.0;3.0;7.0;-7.0;17.0;KEROSENE
3810.0;5920.0;9130.0;13620.0;1908.0;2353.0;3140.0;4950.0;7710.0;11660.0;1663.0;2277.0;2.0;14.0;-7.0;19.0;KEROSENE
3820.0;5940.0;9070.0;13630.0;1889.0;2330.0;3120.0;4900.0;7560.0;11480.0;1644.0;2264.0;3.0;14.0;-6.0;23.0;KEROSENE
3890.0;5990.0;9200.0;13870.0;1932.0;2365.0;3080.0;4860.0;7590.0;11710.0;1667.0;2283.0;2.0;13.0;-6.0;20.0;KEROSENE
3880.0;6000.0;9240.0;13780.0;1914.0;2345.0;3040.0;4730.0;7420.0;11440.0;1638.0;2276.0;2.0;7.0;-6.0;16.0;KEROSENE
3780.0;5880.0;9090.0;13540.0;1899.0;2337.0;3090.0;4910.0;7580.0;11620.0;1647.0;2278.0;3.0;7.0;-6.0;22.0;KEROSENE
3860.0;6010.0;9230.0;13730.0;1918.0;2358.0;3100.0;4840.0;7540.0;11620.0;1665.0;2308.0;3.0;7.0;-6.0;13.0;KEROSENE
3680.0;5740.0;8810.0;13100.0;1839.0;2285.0;3000.0;4710.0;7340.0;11160.0;1604.0;2220.0;5.0;7.0;-6.0;18.0;KEROSENE
3550.0;5520.0;8470.0;12810.0;1784.0;2234.0;2980.0;4650.0;7280.0;11070.0;1588.0;2186.0;2.0;7.0;-6.0;20.0;KEROSENE
3480.0;5390.0;8330.0;12470.0;1745.0;2174.0;2880.0;4520.0;6950.0;10720.0;1535.0;2126.0;2.0;9.0;-6.0;18.0;KEROSENE
3740.0;5780.0;8890.0;13260.0;1828.0;2261.0;2950.0;4630.0;7150.0;11050.0;1588.0;2185.0;2.0;11.0;-6.0;18.0;KEROSENE
3940.0;6070.0;9310.0;13830.0;1914.0;2358.0;3110.0;4860.0;7480.0;11580.0;1658.0;2252.0;3.0;9.0;-11.0;19.0;KEROSENE
3910.0;6080.0;9330.0;13920.0;1932.0;2373.0;3100.0;4880.0;7550.0;11580.0;1663.0;2269.0;2.0;9.0;-11.0;17.0;KEROSENE
3740.0;5770.0;8870.0;13340.0;1869.0;2330.0;3040.0;4750.0;7310.0;11280.0;1620.0;2231.0;2.0;13.0;-11.0;17.0;KEROSENE
3940.0;6110.0;9410.0;13960.0;1943.0;2375.0;3120.0;4920.0;7720.0;11730.0;1669.0;2280.0;2.0;9.0;-11.0;16.0;KEROSENE
3930.0;6090.0;9300.0;13900.0;1933.0;2380.0;3110.0;4880.0;7570.0;11580.0;1672.0;2296.0;0.0;8.0;-10.0;16.0;KEROSENE
4060.0;6260.0;9580.0;14240.0;1970.0;2441.0;3160.0;4970.0;7720.0;11780.0;1696.0;2331.0;0.0;9.0;-10.0;18.0;KEROSENE
4010.0;6250.0;9610.0;14320.0;1994.0;2452.0;3210.0;5010.0;7850.0;11960.0;1702.0;2338.0;0.0;11.0;-7.0;21.0;KEROSENE
4020.0;6250.0;9560.0;14310.0;1979.0;2435.0;3190.0;4950.0;7740.0;11870.0;1694.0;2343.0;7.0;12.0;-6.0;10.0;KEROSENE
3900.0;6030.0;9180.0;13790.0;1931.0;2382.0;3140.0;4920.0;7640.0;11770.0;1688.0;2319.0;8.0;7.0;-7.0;12.0;KEROSENE
3840.0;5950.0;9200.0;13730.0;1926.0;2367.0;3110.0;4900.0;7620.0;11670.0;1677.0;2290.0;7.0;7.0;-15.0;17.0;KEROSENE
3870.0;6020.0;9190.0;13690.0;1898.0;2342.0;3090.0;4870.0;7490.0;11500.0;1632.0;2260.0;7.0;7.0;-6.0;10.0;KEROSENE
3780.0;5910.0;9020.0;13510.0;1875.0;2328.0;3070.0;4840.0;7480.0;11450.0;1648.0;2255.0;10.0;13.0;-6.0;7.0;KEROSENE
3990.0;6120.0;9380.0;13830.0;1937.0;2373.0;3140.0;4910.0;7630.0;11760.0;1692.0;2302.0;7.0;13.0;-6.0;10.0;KEROSENE
3870.0;5990.0;9160.0;13710.0;1917.0;2361.0;3080.0;4880.0;7500.0;11510.0;1652.0;2289.0;8.0;9.0;-6.0;9.0;KEROSENE
3850.0;5920.0;9110.0;13510.0;1893.0;2345.0;3090.0;4840.0;7510.0;11480.0;1642.0;2265.0;7.0;7.0;-1.0;9.0;KEROSENE
4010.0;6250.0;9510.0;14180.0;1963.0;2404.0;3110.0;4880.0;7580.0;11740.0;1689.0;2317.0;8.0;6.0;-1.0;9.0;KEROSENE
3820.0;5900.0;9060.0;13510.0;1894.0;2347.0;3120.0;4900.0;7550.0;11480.0;1653.0;2258.0;12.0;8.0;-6.0;8.0;KEROSENE
3780.0;5880.0;9000.0;13540.0;1881.0;2343.0;3080.0;4860.0;7570.0;11610.0;1651.0;2264.0;11.0;6.0;-13.0;15.0;KEROSENE
3670.0;5720.0;8730.0;13170.0;1837.0;2285.0;2960.0;4680.0;7300.0;11160.0;1620.0;2230.0;11.0;8.0;-8.0;15.0;KEROSENE
3780.0;5830.0;9030.0;13480.0;1869.0;2296.0;3030.0;4750.0;7380.0;11290.0;1619.0;2239.0;-3.0;8.0;-8.0;17.0;KEROSENE
3860.0;5980.0;9140.0;13760.0;1919.0;2360.0;3120.0;4870.0;7550.0;11610.0;1651.0;2282.0;-3.0;6.0;-13.0;21.0;KEROSENE
4020.0;6230.0;9550.0;14210.0;1963.0;2423.0;3160.0;4940.0;7740.0;11910.0;1695.0;2330.0;-3.0;15.0;-13.0;16.0;KEROSENE
4030.0;6230.0;9510.0;14160.0;1976.0;2410.0;3190.0;4990.0;7710.0;11750.0;1698.0;2337.0;-4.0;13.0;-14.0;16.0;KEROSENE
3960.0;6140.0;9400.0;14030.0;1955.0;2409.0;3200.0;4990.0;7760.0;11790.0;1697.0;2329.0;-4.0;9.0;-15.0;23.0;KEROSENE
4030.0;6210.0;9500.0;14150.0;1975.0;2444.0;3230.0;5090.0;7890.0;12020.0;1715.0;2352.0;-4.0;6.0;-15.0;13.0;KEROSENE
3810.0;5930.0;9100.0;13670.0;1897.0;2359.0;3170.0;4920.0;7680.0;11710.0;1664.0;2291.0;-4.0;6.0;-15.0;13.0;KEROSENE
3890.0;6040.0;9290.0;13790.0;1924.0;2378.0;3160.0;4950.0;7650.0;11710.0;1669.0;2283.0;-4.0;6.0;-15.0;14.0;KEROSENE
3920.0;6080.0;9310.0;13930.0;1938.0;2408.0;3220.0;5060.0;7810.0;11850.0;1704.0;2335.0;11.0;10.0;-5.0;7.0;KEROSENE
3790.0;5900.0;9080.0;13590.0;1906.0;2370.0;3160.0;4960.0;7670.0;11710.0;1681.0;2302.0;7.0;6.0;-5.0;7.0;KEROSENE
3980.0;6140.0;9370.0;13960.0;1941.0;2389.0;3180.0;5000.0;7770.0;11820.0;1695.0;2319.0;12.0;9.0;-5.0;9.0;KEROSENE
3920.0;6070.0;9300.0;13930.0;1938.0;2387.0;3120.0;4910.0;7580.0;11650.0;1669.0;2323.0;4.0;8.0;-9.0;6.0;KEROSENE
3970.0;6180.0;9400.0;14040.0;1943.0;2399.0;3120.0;4880.0;7620.0;11650.0;1679.0;2309.0;4.0;11.0;-9.0;12.0;KEROSENE
3990.0;6170.0;9440.0;14140.0;1973.0;2435.0;3140.0;4910.0;7700.0;11710.0;1690.0;2331.0;1.0;9.0;-12.0;11.0;KEROSENE
4010.0;6230.0;9530.0;14210.0;1980.0;2428.0;3250.0;5100.0;7890.0;11840.0;1701.0;2318.0;6.0;5.0;-9.0;11.0;KEROSENE
4010.0;6210.0;9430.0;14120.0;1965.0;2448.0;3240.0;5050.0;7890.0;12080.0;1728.0;2375.0;1.0;7.0;-9.0;11.0;KEROSENE
3950.0;6100.0;9320.0;13940.0;1950.0;2395.0;3160.0;4960.0;7790.0;11920.0;1703.0;2323.0;1.0;5.0;-7.0;11.0;KEROSENE
3940.0;6130.0;9430.0;14050.0;1979.0;2429.0;3230.0;5050.0;7820.0;11950.0;1709.0;2343.0;1.0;9.0;-7.0;13.0;KEROSENE
4010.0;6180.0;9460.0;14260.0;1979.0;2427.0;3150.0;4950.0;7760.0;11930.0;1717.0;2355.0;0.0;7.0;-7.0;14.0;KEROSENE
3900.0;6000.0;9230.0;13880.0;1925.0;2393.0;3130.0;4880.0;7630.0;11750.0;1691.0;2314.0;0.0;10.0;-7.0;14.0;KEROSENE
3850.0;5990.0;9260.0;13800.0;1929.0;2385.0;3110.0;4890.0;7600.0;11630.0;1666.0;2307.0;1.0;7.0;-5.0;16.0;KEROSENE
3970.0;6140.0;9390.0;14100.0;1961.0;2440.0;3170.0;4950.0;7700.0;11880.0;1705.0;2345.0;5.0;8.0;-5.0;15.0;KEROSENE
4100.0;6310.0;9720.0;14430.0;2009.0;2457.0;3200.0;5050.0;7820.0;12020.0;1715.0;2369.0;5.0;8.0;-5.0;11.0;KEROSENE
4130.0;6380.0;9720.0;14530.0;2010.0;2472.0;3210.0;5040.0;7790.0;12060.0;1734.0;2387.0;7.0;8.0;-5.0;14.0;KEROSENE
4120.0;6380.0;9810.0;14590.0;2021.0;2483.0;3240.0;5080.0;7830.0;12080.0;1732.0;2401.0;10.0;10.0;-1.0;14.0;KEROSENE
4190.0;6510.0;9980.0;14840.0;2065.0;2528.0;3290.0;5130.0;8020.0;12350.0;1761.0;2433.0;7.0;8.0;-1.0;11.0;KEROSENE
4170.0;6420.0;9860.0;14730.0;2036.0;2547.0;3320.0;5220.0;8050.0;12400.0;1790.0;2426.0;8.0;7.0;-1.0;13.0;KEROSENE
4030.0;6250.0;9600.0;14290.0;1992.0;2471.0;3290.0;5180.0;8040.0;12230.0;1747.0;2391.0;10.0;11.0;-1.0;7.0;KEROSENE
3900.0;6080.0;9340.0;14000.0;1947.0;2435.0;3250.0;5060.0;7810.0;11930.0;1713.0;2342.0;8.0;7.0;-1.0;6.0;KEROSENE
3950.0;6110.0;9310.0;13840.0;1934.0;2415.0;3180.0;5000.0;7760.0;11790.0;1691.0;2341.0;15.0;5.0;4.0;6.0;KEROSENE
3810.0;5910.0;9100.0;13660.0;1918.0;2364.0;3210.0;5010.0;7740.0;11760.0;1701.0;2308.0;7.0;8.0;4.0;4.0;KEROSENE
3510.0;5480.0;8480.0;12760.0;1791.0;2270.0;3070.0;4750.0;7350.0;11240.0;1614.0;2231.0;0.0;8.0;-8.0;7.0;KEROSENE
3860.0;5960.0;9090.0;13640.0;1906.0;2345.0;3100.0;4850.0;7480.0;11410.0;1650.0;2263.0;-1.0;11.0;-8.0;9.0;KEROSENE
3900.0;6040.0;9260.0;13830.0;1936.0;2382.0;3130.0;4940.0;7650.0;11660.0;1694.0;2317.0;-1.0;2.0;-9.0;17.0;KEROSENE
4090.0;6350.0;9690.0;14490.0;2003.0;2460.0;3220.0;5040.0;7840.0;12030.0;1737.0;2357.0;-1.0;7.0;-9.0;13.0;KEROSENE
4120.0;6340.0;9740.0;14510.0;2018.0;2490.0;3230.0;5070.0;7850.0;12060.0;1719.0;2390.0;1.0;7.0;-9.0;12.0;KEROSENE
4220.0;6500.0;10000.0;14830.0;2057.0;2534.0;3280.0;5110.0;7970.0;12270.0;1757.0;2429.0;6.0;7.0;-9.0;14.0;KEROSENE
4170.0;6440.0;9820.0;14710.0;2046.0;2536.0;3350.0;5210.0;8160.0;12540.0;1779.0;2436.0;5.0;11.0;-7.0;8.0;KEROSENE
4110.0;6350.0;9740.0;14550.0;2017.0;2511.0;3300.0;5160.0;8050.0;12350.0;1755.0;2411.0;5.0;10.0;1.0;14.0;KEROSENE
4060.0;6290.0;9620.0;14400.0;2003.0;2484.0;3280.0;5140.0;8040.0;12410.0;1774.0;2396.0;5.0;9.0;1.0;8.0;KEROSENE
4150.0;6380.0;9800.0;14580.0;2032.0;2504.0;3330.0;5210.0;8040.0;12300.0;1753.0;2426.0;5.0;9.0;0.0;8.0;KEROSENE
4160.0;6420.0;9840.0;14690.0;2037.0;2507.0;3400.0;5240.0;8100.0;12380.0;1762.0;2420.0;6.0;9.0;0.0;16.0;KEROSENE
4100.0;6360.0;9740.0;14510.0;2026.0;2489.0;3280.0;5130.0;7980.0;12180.0;1762.0;2400.0;4.0;11.0;-8.0;8.0;KEROSENE
4110.0;6360.0;9720.0;14500.0;2020.0;2488.0;3310.0;5160.0;7990.0;12190.0;1742.0;2418.0;4.0;8.0;-8.0;10.0;KEROSENE
4190.0;6470.0;9830.0;14670.0;2041.0;2500.0;3320.0;5180.0;8060.0;12380.0;1769.0;2449.0;2.0;8.0;-6.0;8.0;KEROSENE
4030.0;6200.0;9510.0;14280.0;2005.0;2471.0;3280.0;5140.0;7990.0;12180.0;1746.0;2391.0;2.0;10.0;-6.0;9.0;KEROSENE
4080.0;6260.0;9620.0;14340.0;1990.0;2471.0;3290.0;5110.0;7920.0;12100.0;1747.0;2396.0;4.0;9.0;-6.0;12.0;KEROSENE
4000.0;6120.0;9450.0;14140.0;1967.0;2458.0;3280.0;5090.0;7840.0;12020.0;1723.0;2377.0;13.0;11.0;1.0;9.0;KEROSENE
4070.0;6310.0;9670.0;14410.0;2012.0;2485.0;3280.0;5170.0;8020.0;12180.0;1756.0;2392.0;4.0;9.0;-6.0;6.0;KEROSENE
4010.0;6210.0;9500.0;14110.0;1961.0;2457.0;3250.0;5140.0;7930.0;12120.0;1734.0;2380.0;8.0;9.0;-13.0;7.0;KEROSENE
4180.0;6450.0;9910.0;14690.0;2052.0;2513.0;3320.0;5160.0;8070.0;12360.0;1761.0;2405.0;5.0;11.0;-13.0;7.0;KEROSENE
4120.0;6370.0;9760.0;14510.0;2018.0;2508.0;3330.0;5200.0;8120.0;12370.0;1771.0;2433.0;5.0;4.0;-8.0;17.0;KEROSENE
4130.0;6370.0;9780.0;14620.0;2049.0;2521.0;3320.0;5230.0;8110.0;12490.0;1774.0;2427.0;8.0;4.0;-8.0;9.0;KEROSENE
4220.0;6520.0;9980.0;14940.0;2055.0;2561.0;3420.0;5350.0;8300.0;12720.0;1801.0;2466.0;6.0;4.0;-8.0;9.0;KEROSENE
3970.0;6160.0;9500.0;14220.0;1982.0;2495.0;3360.0;5210.0;8070.0;12400.0;1767.0;2408.0;6.0;4.0;-8.0;6.0;KEROSENE
4150.0;6330.0;9770.0;14560.0;2022.0;2492.0;3280.0;5130.0;7990.0;12220.0;1761.0;2421.0;1.0;4.0;-8.0;14.0;KEROSENE
4090.0;6350.0;9670.0;14560.0;2026.0;2522.0;3310.0;5200.0;8020.0;12310.0;1767.0;2424.0;6.0;9.0;-8.0;12.0;KEROSENE
4010.0;6220.0;9570.0;14330.0;2008.0;2486.0;3340.0;5230.0;8160.0;12500.0;1771.0;2414.0;7.0;10.0;4.0;12.0;KEROSENE
4010.0;6180.0;9520.0;14260.0;1991.0;2491.0;3300.0;5160.0;8050.0;12130.0;1747.0;2399.0;-1.0;12.0;4.0;13.0;KEROSENE
4020.0;6260.0;9590.0;14370.0;2016.0;2507.0;3280.0;5130.0;7980.0;12240.0;1747.0;2399.0;-1.0;6.0;2.0;12.0;KEROSENE
4160.0;6440.0;9790.0;14630.0;2036.0;2519.0;3310.0;5220.0;8020.0;12340.0;1771.0;2442.0;1.0;4.0;2.0;7.0;KEROSENE
4000.0;6130.0;9390.0;14100.0;1988.0;2443.0;3300.0;5130.0;7970.0;12080.0;1742.0;2385.0;1.0;4.0;-2.0;7.0;KEROSENE
4040.0;6250.0;9530.0;14300.0;1980.0;2464.0;3240.0;5080.0;7900.0;12090.0;1712.0;2359.0;1.0;2.0;-2.0;6.0;KEROSENE
3990.0;6150.0;9450.0;14200.0;1978.0;2443.0;3310.0;5160.0;7940.0;12140.0;1749.0;2374.0;1.0;4.0;-3.0;6.0;KEROSENE
4040.0;6220.0;9530.0;14320.0;1997.0;2458.0;3260.0;5080.0;7860.0;12130.0;1720.0;2391.0;1.0;9.0;-2.0;7.0;KEROSENE
4200.0;6490.0;9890.0;14660.0;2039.0;2512.0;3350.0;5200.0;8070.0;12300.0;1766.0;2429.0;0.0;14.0;-3.0;7.0;KEROSENE
3920.0;6110.0;9400.0;14070.0;1968.0;2461.0;3270.0;5150.0;7950.0;12250.0;1745.0;2380.0;0.0;14.0;-3.0;10.0;KEROSENE
4120.0;6350.0;9730.0;14470.0;2030.0;2500.0;3290.0;5160.0;8060.0;12330.0;1761.0;2417.0;0.0;7.0;-4.0;10.0;KEROSENE
4120.0;6350.0;9700.0;14660.0;2031.0;2511.0;3360.0;5240.0;8140.0;12340.0;1760.0;2420.0;0.0;6.0;-4.0;14.0;KEROSENE
4230.0;6610.0;10060.0;14980.0;2073.0;2565.0;3360.0;5310.0;8190.0;12480.0;1804.0;2451.0;0.0;5.0;-4.0;6.0;KEROSENE
4100.0;6370.0;9740.0;14510.0;2022.0;2516.0;3330.0;5230.0;8090.0;12410.0;1763.0;2427.0;0.0;6.0;-4.0;7.0;KEROSENE
3990.0;6190.0;9440.0;14230.0;1994.0;2492.0;3320.0;5140.0;8000.0;12160.0;1742.0;2403.0;0.0;8.0;-4.0;6.0;KEROSENE
4250.0;6540.0;10010.0;14870.0;2073.0;2552.0;3350.0;5210.0;8120.0;12440.0;1785.0;2455.0;1.0;6.0;-7.0;6.0;KEROSENE
4010.0;6230.0;9550.0;14310.0;2000.0;2473.0;3260.0;5090.0;7900.0;12210.0;1755.0;2399.0;1.0;5.0;-7.0;6.0;KEROSENE
4040.0;6280.0;9610.0;14340.0;2000.0;2466.0;3260.0;5130.0;7890.0;12020.0;1729.0;2382.0;1.0;2.0;-9.0;9.0;KEROSENE
4050.0;6240.0;9630.0;14350.0;1984.0;2485.0;3290.0;5120.0;7870.0;12170.0;1742.0;2393.0;1.0;5.0;-9.0;10.0;KEROSENE
4170.0;6440.0;9890.0;14780.0;2051.0;2529.0;3360.0;5250.0;8070.0;12460.0;1791.0;2454.0;1.0;5.0;-9.0;5.0;KEROSENE
4040.0;6290.0;9630.0;14460.0;2013.0;2500.0;3330.0;5250.0;8090.0;12370.0;1761.0;2420.0;5.0;5.0;-9.0;5.0;KEROSENE
4200.0;6510.0;9900.0;14850.0;2065.0;2544.0;3370.0;5240.0;8130.0;12490.0;1783.0;2443.0;5.0;7.0;-10.0;14.0;KEROSENE
4060.0;6300.0;9600.0;14300.0;2015.0;2499.0;3330.0;5220.0;8130.0;12340.0;1772.0;2431.0;1.0;5.0;-13.0;12.0;KEROSENE
3990.0;6150.0;9450.0;14220.0;1998.0;2503.0;3330.0;5190.0;8090.0;12310.0;1772.0;2410.0;0.0;5.0;-13.0;12.0;KEROSENE
4090.0;6310.0;9690.0;14580.0;2033.0;2514.0;3280.0;5140.0;7970.0;12300.0;1756.0;2417.0;0.0;5.0;-11.0;9.0;KEROSENE
4070.0;6350.0;9720.0;14500.0;2032.0;2509.0;3370.0;5210.0;8080.0;12360.0;1775.0;2434.0;-3.0;7.0;-11.0;9.0;KEROSENE
4210.0;6570.0;10010.0;14940.0;2083.0;2573.0;3390.0;5330.0;8290.0;12690.0;1820.0;2479.0;-3.0;7.0;-9.0;9.0;KEROSENE
4130.0;6390.0;9800.0;14690.0;2045.0;2551.0;3350.0;5240.0;8120.0;12440.0;1795.0;2445.0;-3.0;4.0;-9.0;2.0;KEROSENE
4270.0;6570.0;10030.0;14920.0;2085.0;2565.0;3430.0;5330.0;8220.0;12660.0;1796.0;2487.0;0.0;3.0;-11.0;3.0;KEROSENE
4070.0;6300.0;9640.0;14450.0;2012.0;2524.0;3360.0;5240.0;8100.0;12360.0;1778.0;2434.0;1.0;3.0;-9.0;9.0;KEROSENE
4270.0;6620.0;10110.0;14990.0;2079.0;2578.0;3440.0;5360.0;8420.0;12780.0;1827.0;2492.0;3.0;2.0;-11.0;10.0;KEROSENE
4240.0;6540.0;10030.0;15030.0;2075.0;2558.0;3440.0;5380.0;8250.0;12620.0;1808.0;2484.0;3.0;6.0;-11.0;13.0;KEROSENE
4400.0;6810.0;10370.0;15370.0;2132.0;2643.0;3500.0;5460.0;8490.0;12900.0;1853.0;2560.0;5.0;6.0;-1.0;14.0;KEROSENE
4280.0;6620.0;10170.0;15210.0;2119.0;2634.0;3460.0;5400.0;8450.0;12950.0;1855.0;2541.0;5.0;4.0;0.0;18.0;KEROSENE
4230.0;6550.0;10040.0;14870.0;2090.0;2589.0;3470.0;5380.0;8290.0;12720.0;1807.0;2498.0;5.0;12.0;-1.0;17.0;KEROSENE
4330.0;6630.0;10200.0;15220.0;2111.0;2627.0;3470.0;5390.0;8360.0;12860.0;1847.0;2520.0;9.0;7.0;0.0;13.0;KEROSENE
4200.0;6510.0;9970.0;14920.0;2071.0;2596.0;3440.0;5320.0;8290.0;12710.0;1831.0;2512.0;11.0;5.0;0.0;13.0;KEROSENE
4230.0;6530.0;10010.0;15030.0;2092.0;2572.0;3410.0;5360.0;8210.0;12670.0;1820.0;2480.0;9.0;5.0;0.0;5.0;KEROSENE
4050.0;6260.0;9540.0;14230.0;1994.0;2513.0;3350.0;5220.0;8110.0;12410.0;1771.0;2428.0;15.0;4.0;-4.0;-2.0;KEROSENE
4040.0;6260.0;9530.0;14300.0;1990.0;2488.0;3270.0;5120.0;7990.0;12290.0;1765.0;2415.0;8.0;5.0;-4.0;-2.0;KEROSENE
3960.0;6150.0;9370.0;14060.0;1968.0;2434.0;3230.0;5040.0;7790.0;12000.0;1717.0;2378.0;3.0;6.0;-7.0;5.0;KEROSENE
3900.0;6050.0;9250.0;13900.0;1939.0;2441.0;3300.0;5140.0;7980.0;12060.0;1733.0;2379.0;3.0;5.0;-7.0;5.0;KEROSENE
4070.0;6330.0;9710.0;14440.0;2020.0;2511.0;3330.0;5190.0;8050.0;12330.0;1758.0;2427.0;2.0;4.0;-7.0;4.0;KEROSENE
4150.0;6410.0;9750.0;14730.0;2050.0;2526.0;3370.0;5290.0;8240.0;12560.0;1792.0;2464.0;3.0;7.0;-4.0;4.0;KEROSENE
4150.0;6430.0;9850.0;14760.0;2046.0;2561.0;3380.0;5290.0;8210.0;12510.0;1785.0;2469.0;2.0;4.0;-4.0;4.0;KEROSENE
4180.0;6500.0;9950.0;14850.0;2057.0;2590.0;3400.0;5320.0;8250.0;12670.0;1817.0;2486.0;2.0;4.0;-3.0;7.0;KEROSENE
4070.0;6310.0;9650.0;14420.0;2030.0;2532.0;3370.0;5230.0;8140.0;12480.0;1795.0;2462.0;2.0;9.0;-1.0;4.0;KEROSENE
4060.0;6250.0;9600.0;14360.0;2018.0;2527.0;3370.0;5220.0;8110.0;12420.0;1773.0;2445.0;2.0;8.0;-3.0;5.0;KEROSENE
4150.0;6420.0;9830.0;14690.0;2044.0;2543.0;3380.0;5260.0;8120.0;12450.0;1799.0;2466.0;7.0;16.0;-1.0;4.0;KEROSENE
4150.0;6400.0;9810.0;14690.0;2045.0;2563.0;3380.0;5280.0;8170.0;12570.0;1803.0;2468.0;11.0;5.0;-1.0;3.0;KEROSENE
4240.0;6570.0;10030.0;14970.0;2089.0;2585.0;3420.0;5340.0;8340.0;12650.0;1811.0;2518.0;9.0;4.0;-2.0;3.0;KEROSENE
4290.0;6670.0;10220.0;15210.0;2122.0;2628.0;3490.0;5430.0;8400.0;12720.0;1830.0;2509.0;11.0;3.0;-3.0;4.0;KEROSENE
4530.0;6930.0;10550.0;15670.0;2169.0;2690.0;3520.0;5500.0;8560.0;13040.0;1870.0;2562.0;9.0;4.0;-3.0;4.0;KEROSENE
4390.0;6780.0;10350.0;15500.0;2141.0;2673.0;3570.0;5520.0;8600.0;13080.0;1885.0;2571.0;4.0;4.0;-6.0;5.0;KEROSENE
4480.0;6920.0;10600.0;15810.0;2186.0;2705.0;3590.0;5610.0;8670.0;13280.0;1906.0;2603.0;3.0;4.0;-8.0;5.0;KEROSENE
4290.0;6630.0;10120.0;15160.0;2112.0;2624.0;3520.0;5500.0;8540.0;13040.0;1862.0;2550.0;4.0;1.0;-8.0;5.0;KEROSENE
4140.0;6400.0;9830.0;14660.0;2058.0;2593.0;3460.0;5390.0;8360.0;12830.0;1842.0;2502.0;6.0;1.0;-8.0;8.0;KEROSENE
4300.0;6670.0;10170.0;15220.0;2117.0;2631.0;3450.0;5420.0;8400.0;12820.0;1850.0;2530.0;6.0;1.0;-7.0;5.0;KEROSENE
4440.0;6850.0;10500.0;15650.0;2174.0;2685.0;3520.0;5490.0;8510.0;13040.0;1875.0;2577.0;7.0;3.0;-3.0;5.0;KEROSENE
4280.0;6640.0;10160.0;15250.0;2135.0;2651.0;3540.0;5570.0;8600.0;13190.0;1889.0;2587.0;0.0;3.0;-3.0;4.0;KEROSENE
4180.0;6510.0;10010.0;14880.0;2106.0;2627.0;3450.0;5400.0;8340.0;12700.0;1843.0;2530.0;0.0;3.0;-2.0;5.0;KEROSENE
4280.0;6620.0;10130.0;15260.0;2109.0;2631.0;3470.0;5440.0;8500.0;12890.0;1858.0;2536.0;0.0;10.0;-6.0;7.0;KEROSENE
4250.0;6570.0;10100.0;15120.0;2119.0;2644.0;3440.0;5430.0;8430.0;13060.0;1863.0;2550.0;0.0;4.0;-6.0;5.0;KEROSENE
3960.0;6110.0;9370.0;14100.0;1979.0;2499.0;3360.0;5190.0;8000.0;12380.0;1762.0;2439.0;6.0;6.0;-6.0;6.0;KEROSENE
4070.0;6260.0;9690.0;14470.0;2029.0;2527.0;3310.0;5200.0;8070.0;12480.0;1792.0;2467.0;11.0;9.0;0.0;5.0;KEROSENE
4210.0;6480.0;9940.0;14930.0;2090.0;2582.0;3500.0;5430.0;8350.0;12820.0;1822.0;2515.0;11.0;10.0;-3.0;6.0;KEROSENE
4220.0;6480.0;10020.0;14920.0;2096.0;2599.0;3460.0;5470.0;8350.0;12680.0;1826.0;2501.0;11.0;5.0;-3.0;6.0;KEROSENE
4220.0;6520.0;9970.0;15010.0;2101.0;2606.0;3480.0;5400.0;8340.0;12770.0;1839.0;2541.0;9.0;5.0;-3.0;10.0;KEROSENE
4320.0;6650.0;10220.0;15290.0;2129.0;2645.0;3500.0;5470.0;8460.0;12960.0;1858.0;2540.0;8.0;2.0;-4.0;7.0;KEROSENE
4140.0;6390.0;9850.0;14780.0;2063.0;2575.0;3460.0;5380.0;8330.0;12760.0;1827.0;2497.0;5.0;2.0;-4.0;2.0;KEROSENE
4180.0;6500.0;9960.0;14920.0;2084.0;2598.0;3450.0;5410.0;8350.0;12740.0;1830.0;2507.0;8.0;2.0;-4.0;0.0;KEROSENE
4270.0;6600.0;10050.0;15030.0;2110.0;2618.0;3480.0;5400.0;8410.0;12740.0;1828.0;2532.0;4.0;3.0;-3.0;-1.0;KEROSENE
4100.0;6370.0;9720.0;14550.0;2027.0;2553.0;3440.0;5370.0;8270.0;12710.0;1816.0;2482.0;10.0;5.0;-2.0;-1.0;KEROSENE
4250.0;6550.0;10030.0;14970.0;2091.0;2612.0;3470.0;5420.0;8430.0;12830.0;1845.0;2534.0;7.0;3.0;-2.0;0.0;KEROSENE
4250.0;6560.0;9990.0;14940.0;2092.0;2622.0;3520.0;5500.0;8470.0;12870.0;1844.0;2528.0;11.0;3.0;-3.0;5.0;KEROSENE
4290.0;6610.0;10160.0;15180.0;2117.0;2633.0;3460.0;5470.0;8460.0;12930.0;1858.0;2554.0;7.0;3.0;-2.0;3.0;KEROSENE
4420.0;6820.0;10430.0;15620.0;2163.0;2698.0;3620.0;5670.0;8720.0;13330.0;1904.0;2614.0;7.0;2.0;-5.0;3.0;KEROSENE
4440.0;6860.0;10430.0;15600.0;2188.0;2718.0;3530.0;5530.0;8630.0;13160.0;1900.0;2609.0;2.0;5.0;-7.0;2.0;KEROSENE
4220.0;6480.0;9990.0;15080.0;2114.0;2626.0;3510.0;5500.0;8570.0;13020.0;1859.0;2570.0;2.0;2.0;-5.0;2.0;KEROSENE
4370.0;6750.0;10320.0;15280.0;2141.0;2658.0;3550.0;5520.0;8490.0;13070.0;1880.0;2594.0;2.0;8.0;-5.0;2.0;KEROSENE
4390.0;6750.0;10380.0;15410.0;2150.0;2659.0;3600.0;5590.0;8620.0;13190.0;1883.0;2574.0;0.0;6.0;-7.0;0.0;KEROSENE
4300.0;6670.0;10180.0;15210.0;2136.0;2662.0;3540.0;5560.0;8570.0;13010.0;1869.0;2566.0;2.0;6.0;-8.0;3.0;KEROSENE
4260.0;6590.0;10100.0;15100.0;2126.0;2646.0;3530.0;5530.0;8600.0;13080.0;1867.0;2565.0;-3.0;9.0;-8.0;2.0;KEROSENE
3950.0;6080.0;9380.0;14100.0;1987.0;2518.0;3430.0;5350.0;8250.0;12540.0;1796.0;2462.0;-3.0;5.0;-8.0;2.0;KEROSENE
4150.0;6400.0;9850.0;14630.0;2051.0;2566.0;3420.0;5350.0;8320.0;12750.0;1833.0;2491.0;-3.0;5.0;-8.0;2.0;KEROSENE
4360.0;6760.0;10330.0;15450.0;2153.0;2671.0;3560.0;5530.0;8560.0;13180.0;1891.0;2593.0;5.0;11.0;-8.0;3.0;KEROSENE
4290.0;6670.0;10210.0;15400.0;2148.0;2666.0;3610.0;5580.0;8710.0;13240.0;1873.0;2580.0;5.0;11.0;-8.0;3.0;KEROSENE
4420.0;6820.0;10450.0;15640.0;2183.0;2698.0;3560.0;5580.0;8640.0;13230.0;1901.0;2612.0;12.0;8.0;-4.0;6.0;KEROSENE
4430.0;6820.0;10510.0;15700.0;2199.0;2716.0;3630.0;5640.0;8720.0;13290.0;1921.0;2624.0;7.0;8.0;-4.0;3.0;KEROSENE
3850.0;5920.0;9090.0;13800.0;1968.0;2502.0;3380.0;5240.0;8100.0;12520.0;1785.0;2473.0;6.0;8.0;-4.0;5.0;KEROSENE
4330.0;6680.0;10230.0;15280.0;2137.0;2637.0;3460.0;5450.0;8450.0;12980.0;1855.0;2568.0;6.0;10.0;3.0;5.0;KEROSENE
4290.0;6600.0;10180.0;15230.0;2125.0;2655.0;3520.0;5470.0;8580.0;13030.0;1874.0;2554.0;5.0;10.0;5.0;6.0;KEROSENE
4160.0;6410.0;9860.0;14850.0;2081.0;2600.0;3460.0;5430.0;8340.0;12720.0;1829.0;2515.0;5.0;8.0;4.0;7.0;KEROSENE
4100.0;6370.0;9800.0;14810.0;2078.0;2603.0;3440.0;5350.0;8350.0;12740.0;1827.0;2533.0;5.0;7.0;4.0;6.0;KEROSENE
4300.0;6670.0;10270.0;15330.0;2134.0;2672.0;3520.0;5470.0;8510.0;12990.0;1885.0;2574.0;8.0;5.0;-2.0;9.0;KEROSENE
4430.0;6820.0;10370.0;15600.0;2169.0;2710.0;3600.0;5680.0;8740.0;13380.0;1913.0;2616.0;0.0;7.0;-5.0;4.0;KEROSENE
4300.0;6640.0;10180.0;15240.0;2130.0;2683.0;3490.0;5450.0;8480.0;12910.0;1872.0;2572.0;0.0;11.0;-2.0;12.0;KEROSENE
4360.0;6740.0;10330.0;15470.0;2166.0;2689.0;3580.0;5600.0;8590.0;13240.0;1889.0;2614.0;0.0;6.0;-2.0;6.0;KEROSENE
4370.0;6820.0;10430.0;15600.0;2182.0;2723.0;3560.0;5560.0;8670.0;13270.0;1922.0;2653.0;0.0;5.0;-1.0;1.0;KEROSENE
4380.0;6770.0;10390.0;15600.0;2193.0;2733.0;3660.0;5690.0;8840.0;13440.0;1919.0;2647.0;0.0;1.0;-1.0;0.0;KEROSENE
4200.0;6560.0;10040.0;15160.0;2113.0;2668.0;3530.0;5570.0;8590.0;13140.0;1877.0;2594.0;12.0;1.0;2.0;-3.0;KEROSENE
4210.0;6510.0;9950.0;14940.0;2105.0;2648.0;3500.0;5460.0;8550.0;12930.0;1864.0;2578.0;6.0;0.0;2.0;-4.0;KEROSENE
4150.0;6440.0;9920.0;14980.0;2103.0;2623.0;3470.0;5420.0;8360.0;12850.0;1839.0;2556.0;12.0;0.0;4.0;-7.0;KEROSENE
4510.0;6950.0;10680.0;16000.0;2215.0;2735.0;3640.0;5720.0;8750.0;13440.0;1927.0;2645.0;-3.0;-1.0;2.0;-7.0;KEROSENE
4310.0;6690.0;10210.0;15250.0;2140.0;2685.0;3590.0;5580.0;8580.0;13160.0;1887.0;2602.0;1.0;-1.0;2.0;-4.0;KEROSENE
4340.0;6720.0;10320.0;15390.0;2141.0;2683.0;3570.0;5570.0;8640.0;13290.0;1901.0;2611.0;-3.0;-1.0;-7.0;0.0;KEROSENE
4360.0;6710.0;10360.0;15510.0;2183.0;2723.0;3660.0;5680.0;8720.0;13420.0;1919.0;2645.0;1.0;8.0;-5.0;6.0;KEROSENE
4450.0;6860.0;10540.0;15790.0;2200.0;2739.0;3640.0;5690.0;8810.0;13540.0;1940.0;2675.0;1.0;8.0;-5.0;5.0;KEROSENE
4480.0;6920.0;10650.0;15880.0;2216.0;2753.0;3630.0;5700.0;8870.0;13610.0;1940.0;2679.0;11.0;15.0;-5.0;-1.0;KEROSENE
4440.0;6870.0;10520.0;15840.0;2206.0;2778.0;3660.0;5740.0;8810.0;13500.0;1948.0;2670.0;12.0;6.0;-5.0;-2.0;KEROSENE
4380.0;6790.0;10350.0;15670.0;2194.0;2743.0;3620.0;5700.0;8890.0;13470.0;1932.0;2673.0;9.0;6.0;-4.0;-2.0;KEROSENE
3980.0;6150.0;9480.0;14330.0;2031.0;2584.0;3460.0;5410.0;8290.0;12730.0;1834.0;2528.0;2.0;5.0;1.0;-1.0;KEROSENE
4420.0;6830.0;10420.0;15520.0;2152.0;2702.0;3540.0;5550.0;8590.0;13190.0;1888.0;2610.0;3.0;9.0;0.0;-3.0;KEROSENE
4440.0;6870.0;10550.0;15700.0;2200.0;2744.0;3680.0;5790.0;8930.0;13680.0;1939.0;2646.0;3.0;5.0;0.0;4.0;KEROSENE
4350.0;6770.0;10390.0;15530.0;2179.0;2734.0;3600.0;5610.0;8630.0;13250.0;1921.0;2634.0;11.0;9.0;0.0;2.0;KEROSENE
4230.0;6530.0;10000.0;15110.0;2137.0;2684.0;3560.0;5580.0;8660.0;13220.0;1901.0;2601.0;3.0;5.0;-2.0;1.0;KEROSENE
4260.0;6620.0;10100.0;15230.0;2132.0;2689.0;3590.0;5620.0;8730.0;13330.0;1897.0;2606.0;6.0;5.0;-2.0;1.0;KEROSENE
4300.0;6610.0;10110.0;15170.0;2134.0;2679.0;3560.0;5530.0;8580.0;13110.0;1885.0;2613.0;6.0;4.0;-2.0;1.0;KEROSENE
4120.0;6350.0;9790.0;14700.0;2053.0;2613.0;3480.0;5450.0;8430.0;12940.0;1858.0;2565.0;6.0;6.0;-3.0;-1.0;KEROSENE
4300.0;6620.0;10120.0;15240.0;2125.0;2662.0;3580.0;5560.0;8670.0;13200.0;1877.0;2592.0;7.0;4.0;-1.0;-1.0;KEROSENE
4500.0;6950.0;10650.0;15970.0;2213.0;2758.0;3630.0;5700.0;8830.0;13420.0;1912.0;2634.0;5.0;4.0;3.0;-1.0;KEROSENE
4500.0;6920.0;10610.0;15810.0;2219.0;2756.0;3640.0;5660.0;8750.0;13470.0;1940.0;2690.0;5.0;4.0;3.0;-1.0;KEROSENE
4300.0;6670.0;10180.0;15190.0;2142.0;2704.0;3540.0;5500.0;8560.0;13150.0;1898.0;2617.0;10.0;6.0;-5.0;-2.0;KEROSENE
4340.0;6750.0;10370.0;15520.0;2168.0;2719.0;3590.0;5580.0;8700.0;13290.0;1916.0;2653.0;5.0;4.0;-5.0;-1.0;KEROSENE
4450.0;6880.0;10520.0;15710.0;2200.0;2751.0;3640.0;5650.0;8750.0;13440.0;1931.0;2676.0;8.0;4.0;-6.0;-2.0;KEROSENE
4320.0;6660.0;10250.0;15370.0;2165.0;2708.0;3640.0;5640.0;8830.0;13380.0;1913.0;2632.0;5.0;4.0;-8.0;-2.0;KEROSENE
4510.0;6990.0;10620.0;15730.0;2201.0;2750.0;3700.0;5760.0;8970.0;13600.0;1933.0;2675.0;5.0;2.0;-6.0;-2.0;KEROSENE
4420.0;6850.0;10510.0;15710.0;2202.0;2752.0;3600.0;5630.0;8740.0;13460.0;1927.0;2657.0;8.0;4.0;-6.0;0.0;KEROSENE
4480.0;6950.0;10620.0;15940.0;2234.0;2781.0;3690.0;5760.0;8980.0;13770.0;1958.0;2700.0;5.0;4.0;0.0;-1.0;KEROSENE
4560.0;7030.0;10710.0;16000.0;2248.0;2815.0;3700.0;5820.0;9010.0;13840.0;1984.0;2731.0;9.0;4.0;2.0;0.0;KEROSENE
4400.0;6850.0;10470.0;15710.0;2226.0;2802.0;3730.0;5820.0;9050.0;13860.0;1973.0;2719.0;5.0;5.0;1.0;0.0;KEROSENE
4410.0;6850.0;10500.0;15670.0;2188.0;2772.0;3630.0;5740.0;8910.0;13580.0;1950.0;2687.0;11.0;1.0;2.0;-1.0;KEROSENE
4430.0;6820.0;10490.0;15730.0;2200.0;2763.0;3620.0;5680.0;8790.0;13490.0;1942.0;2677.0;6.0;1.0;5.0;-5.0;KEROSENE
4530.0;6990.0;10670.0;15950.0;2231.0;2777.0;3710.0;5790.0;8920.0;13590.0;1975.0;2685.0;11.0;1.0;5.0;-5.0;KEROSENE
4290.0;6620.0;10130.0;15190.0;2146.0;2717.0;3580.0;5550.0;8700.0;13290.0;1902.0;2639.0;19.0;1.0;7.0;-9.0;KEROSENE
4130.0;6380.0;9780.0;14760.0;2090.0;2637.0;3480.0;5430.0;8370.0;12900.0;1870.0;2584.0;13.0;3.0;5.0;-9.0;KEROSENE
4060.0;6260.0;9590.0;14540.0;2055.0;2594.0;3420.0;5370.0;8400.0;12820.0;1844.0;2550.0;13.0;5.0;0.0;-9.0;KEROSENE
4260.0;6600.0;10120.0;15220.0;2123.0;2664.0;3560.0;5550.0;8560.0;13090.0;1884.0;2599.0;13.0;3.0;0.0;-9.0;KEROSENE
4220.0;6570.0;10060.0;15010.0;2115.0;2659.0;3500.0;5520.0;8490.0;13050.0;1878.0;2616.0;3.0;2.0;-2.0;-9.0;KEROSENE
4480.0;6940.0;10600.0;15850.0;2202.0;2751.0;3610.0;5680.0;8800.0;13470.0;1929.0;2671.0;3.0;2.0;-7.0;-2.0;KEROSENE
4460.0;6890.0;10480.0;15730.0;2201.0;2761.0;3660.0;5750.0;8890.0;13660.0;1954.0;2698.0;2.0;4.0;-7.0;1.0;KEROSENE
4460.0;6940.0;10640.0;15980.0;2231.0;2794.0;3630.0;5690.0;8880.0;13530.0;1959.0;2711.0;2.0;4.0;-5.0;4.0;KEROSENE
4430.0;6880.0;10570.0;15860.0;2235.0;2797.0;3620.0;5750.0;8930.0;13790.0;1980.0;2727.0;2.0;4.0;-5.0;4.0;KEROSENE
4430.0;6820.0;10510.0;15760.0;2205.0;2790.0;3660.0;5710.0;8940.0;13730.0;1970.0;2721.0;3.0;6.0;-5.0;1.0;KEROSENE
4460.0;6920.0;10680.0;15990.0;2241.0;2818.0;3780.0;5870.0;9080.0;13820.0;1980.0;2722.0;3.0;1.0;-5.0;-3.0;KEROSENE
4180.0;6470.0;9940.0;15020.0;2126.0;2699.0;3640.0;5690.0;8790.0;13390.0;1918.0;2648.0;3.0;1.0;-4.0;-7.0;KEROSENE
4480.0;6900.0;10560.0;15930.0;2206.0;2780.0;3620.0;5630.0;8760.0;13530.0;1953.0;2691.0;7.0;1.0;0.0;-4.0;KEROSENE
4140.0;6420.0;9900.0;14940.0;2106.0;2650.0;3530.0;5510.0;8500.0;13060.0;1876.0;2582.0;7.0;-1.0;0.0;-4.0;KEROSENE
4330.0;6650.0;10200.0;15410.0;2162.0;2717.0;3620.0;5630.0;8780.0;13350.0;1933.0;2653.0;8.0;-1.0;0.0;-4.0;KEROSENE
4390.0;6760.0;10340.0;15540.0;2186.0;2768.0;3710.0;5810.0;9050.0;13780.0;1961.0;2693.0;9.0;-1.0;0.0;-4.0;KEROSENE
4450.0;6820.0;10430.0;15720.0;2210.0;2778.0;3650.0;5730.0;8830.0;13630.0;1968.0;2701.0;8.0;0.0;-3.0;-2.0;KEROSENE
4490.0;6890.0;10590.0;15910.0;2230.0;2790.0;3640.0;5690.0;8840.0;13600.0;1957.0;2719.0;10.0;0.0;-3.0;-2.0;KEROSENE
4290.0;6650.0;10220.0;15350.0;2164.0;2724.0;3620.0;5620.0;8730.0;13400.0;1923.0;2657.0;10.0;2.0;-3.0;-2.0;KEROSENE
4350.0;6790.0;10390.0;15700.0;2196.0;2765.0;3690.0;5770.0;8950.0;13640.0;1965.0;2690.0;9.0;3.0;-3.0;-2.0;KEROSENE
4360.0;6700.0;10310.0;15470.0;2187.0;2746.0;3670.0;5750.0;8860.0;13510.0;1952.0;2673.0;11.0;3.0;-1.0;-2.0;KEROSENE
4330.0;6720.0;10280.0;15470.0;2178.0;2744.0;3690.0;5750.0;8940.0;13610.0;1946.0;2666.0;9.0;4.0;0.0;-5.0;KEROSENE
4450.0;6850.0;10540.0;15730.0;2220.0;2778.0;3660.0;5730.0;8960.0;13770.0;1987.0;2717.0;8.0;2.0;3.0;-5.0;KEROSENE
4350.0;6710.0;10260.0;15530.0;2197.0;2764.0;3620.0;5680.0;8900.0;13660.0;1959.0;2711.0;8.0;1.0;0.0;-7.0;KEROSENE
4370.0;6800.0;10390.0;15680.0;2204.0;2763.0;3660.0;5680.0;8830.0;13460.0;1941.0;2693.0;6.0;2.0;0.0;-7.0;KEROSENE
4450.0;6890.0;10560.0;15940.0;2237.0;2798.0;3710.0;5790.0;9030.0;13740.0;1986.0;2734.0;6.0;1.0;-2.0;-7.0;KEROSENE
4430.0;6880.0;10520.0;15890.0;2229.0;2800.0;3750.0;5830.0;9070.0;13780.0;1977.0;2729.0;4.0;-2.0;-2.0;-7.0;KEROSENE
4450.0;6890.0;10570.0;16000.0;2247.0;2824.0;3760.0;5910.0;9090.0;13850.0;1984.0;2733.0;4.0;-2.0;-2.0;-7.0;KEROSENE
4350.0;6760.0;10360.0;15600.0;2199.0;2799.0;3650.0;5730.0;8920.0;13770.0;1979.0;2733.0;4.0;-3.0;6.0;-5.0;KEROSENE
4420.0;6760.0;10380.0;15620.0;2203.0;2784.0;3660.0;5700.0;8880.0;13560.0;1968.0;2736.0;1.0;-2.0;7.0;-5.0;KEROSENE
4480.0;6910.0;10570.0;15950.0;2229.0;2826.0;3780.0;5850.0;9080.0;13980.0;2000.0;2754.0;1.0;2.0;-1.0;-5.0;KEROSENE
4420.0;6810.0;10420.0;15650.0;2201.0;2801.0;3750.0;5860.0;9120.0;13890.0;1976.0;2749.0;-2.0;6.0;-2.0;-4.0;KEROSENE
4430.0;6820.0;10500.0;15840.0;2253.0;2877.0;3800.0;5960.0;9190.0;14050.0;2024.0;2812.0;-4.0;6.0;-3.0;-4.0;KEROSENE
4720.0;7140.0;10700.0;15770.0;2181.0;2762.0;3950.0;6020.0;9160.0;13850.0;1955.0;2696.0;-12.0;72.0;-114.0;273.0;KEROSENE
4620.0;6940.0;10460.0;15390.0;2140.0;2707.0;3900.0;5950.0;9080.0;13580.0;1933.0;2688.0;-13.0;76.0;-115.0;274.0;KEROSENE
4650.0;6990.0;10430.0;15490.0;2148.0;2728.0;3950.0;6030.0;9070.0;13760.0;1949.0;2695.0;-31.0;79.0;-118.0;269.0;KEROSENE
4640.0;7040.0;10580.0;15580.0;2169.0;2747.0;3970.0;6040.0;9220.0;13780.0;1946.0;2691.0;-30.0;71.0;-116.0;272.0;KEROSENE
4660.0;7090.0;10550.0;15650.0;2168.0;2753.0;3980.0;6090.0;9210.0;13850.0;1949.0;2708.0;-30.0;76.0;-116.0;277.0;KEROSENE
4600.0;6970.0;10540.0;15470.0;2160.0;2754.0;3910.0;6010.0;9200.0;13770.0;1955.0;2719.0;-31.0;70.0;-118.0;273.0;KEROSENE
4720.0;7110.0;10640.0;15680.0;2183.0;2756.0;3960.0;6050.0;9130.0;13760.0;1951.0;2702.0;-31.0;78.0;-121.0;277.0;KEROSENE
4650.0;7040.0;10610.0;15610.0;2172.0;2764.0;3950.0;6030.0;9170.0;13780.0;1964.0;2748.0;-30.0;76.0;-122.0;274.0;KEROSENE
4710.0;7090.0;10660.0;15730.0;2190.0;2789.0;3990.0;6130.0;9330.0;13970.0;1980.0;2725.0;-34.0;69.0;-125.0;278.0;KEROSENE
4500.0;6780.0;10160.0;15030.0;2094.0;2636.0;3770.0;5770.0;8710.0;12990.0;1851.0;2551.0;-31.0;81.0;-127.0;293.0;KEROSENE
4430.0;6660.0;9950.0;14650.0;2027.0;2539.0;3680.0;5600.0;8450.0;12650.0;1791.0;2479.0;-30.0;81.0;-127.0;291.0;KEROSENE
4390.0;6560.0;9830.0;14430.0;1980.0;2500.0;3670.0;5560.0;8370.0;12560.0;1774.0;2433.0;-31.0;93.0;-128.0;297.0;KEROSENE
4270.0;6400.0;9570.0;14060.0;1936.0;2421.0;3530.0;5360.0;8110.0;12120.0;1718.0;2372.0;-36.0;77.0;-135.0;295.0;KEROSENE
4070.0;6140.0;9200.0;13510.0;1860.0;2356.0;3480.0;5270.0;7970.0;11840.0;1672.0;2301.0;-35.0;74.0;-129.0;288.0;KEROSENE
4100.0;6160.0;9200.0;13450.0;1852.0;2330.0;3470.0;5230.0;7910.0;11790.0;1653.0;2299.0;-36.0;78.0;-135.0;292.0;KEROSENE
3890.0;5830.0;8660.0;12770.0;1781.0;2263.0;3320.0;5080.0;7710.0;11590.0;1634.0;2261.0;-36.0;79.0;-135.0;286.0;KEROSENE
4260.0;6420.0;9550.0;13980.0;1924.0;2376.0;3510.0;5360.0;8000.0;12010.0;1699.0;2339.0;-36.0;78.0;-138.0;291.0;KEROSENE
4110.0;6190.0;9290.0;13700.0;1895.0;2392.0;3470.0;5280.0;7870.0;11820.0;1697.0;2340.0;-35.0;80.0;-129.0;296.0;KEROSENE
4300.0;6480.0;9650.0;14120.0;1948.0;2410.0;3500.0;5320.0;8030.0;12050.0;1708.0;2339.0;-25.0;80.0;-128.0;303.0;KEROSENE
4110.0;6230.0;9210.0;13600.0;1874.0;2311.0;3380.0;5120.0;7680.0;11470.0;1619.0;2231.0;-25.0;81.0;-128.0;301.0;KEROSENE
4050.0;6070.0;9020.0;13160.0;1810.0;2219.0;3270.0;4940.0;7430.0;11150.0;1579.0;2173.0;-30.0;84.0;-128.0;306.0;KEROSENE
3870.0;5780.0;8660.0;12600.0;1728.0;2144.0;3200.0;4840.0;7330.0;10910.0;1545.0;2104.0;-30.0;78.0;-128.0;305.0;KEROSENE
3820.0;5750.0;8570.0;12510.0;1713.0;2123.0;3190.0;4820.0;7280.0;10840.0;1522.0;2088.0;-33.0;87.0;-128.0;305.0;KEROSENE
3860.0;5780.0;8620.0;12570.0;1730.0;2134.0;3190.0;4840.0;7300.0;10920.0;1535.0;2112.0;-34.0;83.0;-130.0;302.0;KEROSENE
3850.0;5830.0;8620.0;12660.0;1756.0;2153.0;3230.0;4880.0;7360.0;11040.0;1537.0;2138.0;-36.0;90.0;-136.0;294.0;KEROSENE
4070.0;6100.0;9120.0;13360.0;1809.0;2240.0;3330.0;5070.0;7610.0;11310.0;1588.0;2190.0;-34.0;80.0;-136.0;297.0;KEROSENE
3970.0;5980.0;8880.0;13090.0;1786.0;2239.0;3320.0;5040.0;7630.0;11260.0;1588.0;2195.0;-34.0;81.0;-136.0;297.0;KEROSENE
3890.0;5830.0;8700.0;12700.0;1767.0;2187.0;3260.0;4940.0;7400.0;11050.0;1559.0;2161.0;-35.0;88.0;-138.0;300.0;KEROSENE
4010.0;6000.0;8930.0;13120.0;1800.0;2209.0;3300.0;4970.0;7570.0;11220.0;1582.0;2172.0;-35.0;77.0;-138.0;288.0;KEROSENE
3340.0;5010.0;7480.0;11080.0;1558.0;2020.0;3060.0;4620.0;6900.0;10410.0;1468.0;2041.0;-35.0;84.0;-138.0;299.0;KEROSENE
3660.0;5470.0;8190.0;11960.0;1663.0;2111.0;3160.0;4750.0;7200.0;10820.0;1534.0;2127.0;-41.0;84.0;-141.0;312.0;KEROSENE
3910.0;5860.0;8690.0;12820.0;1774.0;2214.0;3300.0;4980.0;7520.0;11170.0;1580.0;2181.0;-41.0;77.0;-145.0;295.0;KEROSENE
3800.0;5720.0;8580.0;12650.0;1757.0;2204.0;3230.0;4910.0;7410.0;11110.0;1574.0;2163.0;-41.0;77.0;-145.0;302.0;KEROSENE
3800.0;5730.0;8590.0;12570.0;1730.0;2152.0;3120.0;4770.0;7200.0;10860.0;1521.0;2108.0;-41.0;80.0;-145.0;307.0;KEROSENE
3850.0;5790.0;8660.0;12710.0;1750.0;2170.0;3220.0;4840.0;7350.0;10900.0;1535.0;2136.0;-35.0;78.0;-135.0;309.0;KEROSENE
3910.0;5890.0;8810.0;12840.0;1771.0;2205.0;3240.0;4920.0;7490.0;11140.0;1592.0;2191.0;-35.0;87.0;-135.0;307.0;KEROSENE
3900.0;5840.0;8810.0;12860.0;1790.0;2248.0;3280.0;4990.0;7540.0;11250.0;1600.0;2209.0;-27.0;82.0;-134.0;310.0;KEROSENE
4040.0;6090.0;9000.0;13220.0;1831.0;2274.0;3310.0;5050.0;7680.0;11320.0;1622.0;2238.0;-35.0;90.0;-134.0;309.0;KEROSENE
4000.0;6090.0;8980.0;13210.0;1822.0;2280.0;3260.0;4990.0;7600.0;11450.0;1616.0;2234.0;-27.0;90.0;-139.0;314.0;KEROSENE
3590.0;5430.0;8160.0;11910.0;1674.0;2108.0;3100.0;4740.0;7150.0;10810.0;1522.0;2106.0;-37.0;81.0;-139.0;316.0;KEROSENE
3830.0;5720.0;8540.0;12510.0;1729.0;2154.0;3190.0;4820.0;7240.0;10840.0;1523.0;2109.0;-30.0;79.0;-139.0;306.0;KEROSENE
3920.0;5900.0;8800.0;12940.0;1771.0;2195.0;3220.0;4910.0;7360.0;11010.0;1568.0;2153.0;-37.0;87.0;-139.0;311.0;KEROSENE
3900.0;5870.0;8730.0;12770.0;1759.0;2177.0;3170.0;4830.0;7360.0;11040.0;1560.0;2147.0;-34.0;92.0;-139.0;312.0;KEROSENE
3880.0;5830.0;8780.0;12800.0;1759.0;2178.0;3230.0;4870.0;7360.0;10980.0;1544.0;2117.0;-34.0;89.0;-142.0;313.0;KEROSENE
3870.0;5800.0;8530.0;12560.0;1725.0;2145.0;3170.0;4850.0;7250.0;10870.0;1524.0;2084.0;-30.0;88.0;-142.0;314.0;KEROSENE
3720.0;5570.0;8310.0;12180.0;1684.0;2091.0;3110.0;4710.0;7180.0;10660.0;1500.0;2068.0;-30.0;79.0;-142.0;319.0;KEROSENE
3620.0;5430.0;8060.0;11810.0;1615.0;2020.0;3050.0;4620.0;6950.0;10300.0;1434.0;1987.0;-30.0;82.0;-141.0;323.0;KEROSENE
3720.0;5560.0;8200.0;11960.0;1630.0;1978.0;2950.0;4450.0;6700.0;9980.0;1406.0;1927.0;-30.0;88.0;-141.0;323.0;KEROSENE
3560.0;5310.0;7910.0;11500.0;1576.0;1915.0;2860.0;4330.0;6450.0;9680.0;1361.0;1850.0;-30.0;85.0;-141.0;320.0;KEROSENE
3490.0;5200.0;7760.0;11330.0;1550.0;1922.0;2890.0;4390.0;6560.0;9790.0;1374.0;1899.0;-34.0;83.0;-141.0;321.0;KEROSENE
3470.0;5140.0;7600.0;11140.0;1530.0;1913.0;2870.0;4350.0;6540.0;9710.0;1363.0;1892.0;-42.0;85.0;-145.0;314.0;KEROSENE
3570.0;5360.0;7920.0;11610.0;1576.0;1934.0;2920.0;4370.0;6560.0;9850.0;1392.0;1912.0;-42.0;87.0;-145.0;320.0;KEROSENE
3580.0;5340.0;7910.0;11580.0;1594.0;1965.0;2910.0;4390.0;6630.0;9830.0;1390.0;1927.0;-36.0;86.0;-145.0;319.0;KEROSENE
3640.0;5460.0;8080.0;11740.0;1607.0;1977.0;2950.0;4470.0;6660.0;10000.0;1411.0;1954.0;-34.0;86.0;-146.0;317.0;KEROSENE
3560.0;5350.0;7940.0;11620.0;1607.0;1989.0;2960.0;4490.0;6810.0;10130.0;1424.0;1957.0;-36.0;86.0;-146.0;322.0;KEROSENE
3690.0;5510.0;8200.0;11870.0;1638.0;2009.0;2970.0;4490.0;6790.0;10170.0;1440.0;1983.0;-34.0;91.0;-144.0;312.0;KEROSENE
3580.0;5440.0;8100.0;11900.0;1621.0;2011.0;2920.0;4430.0;6720.0;10050.0;1425.0;1956.0;-29.0;90.0;-142.0;329.0;KEROSENE
3560.0;5360.0;7970.0;11710.0;1599.0;1993.0;2980.0;4530.0;6810.0;10050.0;1428.0;1952.0;-29.0;85.0;-142.0;322.0;KEROSENE
3550.0;5410.0;8000.0;11760.0;1611.0;1988.0;2970.0;4490.0;6760.0;10150.0;1418.0;1957.0;-38.0;87.0;-142.0;323.0;KEROSENE
3670.0;5510.0;8170.0;11880.0;1651.0;2025.0;2990.0;4550.0;6850.0;10270.0;1437.0;1988.0;-37.0;69.0;-145.0;319.0;KEROSENE
3590.0;5430.0;8140.0;11890.0;1628.0;2006.0;2930.0;4500.0;6770.0;10100.0;1431.0;1989.0;-37.0;80.0;-145.0;325.0;KEROSENE
3550.0;5330.0;7980.0;11680.0;1595.0;1972.0;2890.0;4410.0;6640.0;9860.0;1393.0;1923.0;-41.0;87.0;-151.0;330.0;KEROSENE
3470.0;5200.0;7660.0;11280.0;1534.0;1906.0;2840.0;4260.0;6440.0;9610.0;1350.0;1870.0;-37.0;100.0;-145.0;331.0;KEROSENE
3470.0;5190.0;7700.0;11170.0;1537.0;1890.0;2820.0;4280.0;6450.0;9560.0;1335.0;1816.0;-31.0;94.0;-141.0;334.0;KEROSENE
3300.0;4910.0;7360.0;10820.0;1499.0;1861.0;2800.0;4270.0;6390.0;9670.0;1363.0;1887.0;-31.0;86.0;-141.0;325.0;KEROSENE
3520.0;5300.0;7890.0;11490.0;1582.0;1947.0;2840.0;4310.0;6500.0;9760.0;1385.0;1919.0;-40.0;87.0;-154.0;324.0;KEROSENE
3730.0;5580.0;8290.0;12090.0;1636.0;2005.0;2930.0;4480.0;6780.0;10280.0;1449.0;1969.0;-40.0;85.0;-147.0;340.0;KEROSENE
3630.0;5450.0;8130.0;11920.0;1631.0;1970.0;2860.0;4320.0;6550.0;9730.0;1387.0;1895.0;-40.0;88.0;-148.0;344.0;KEROSENE
3420.0;5140.0;7620.0;11040.0;1505.0;1839.0;2730.0;4160.0;6240.0;9390.0;1308.0;1785.0;-40.0;94.0;-148.0;341.0;KEROSENE
3290.0;4940.0;7380.0;10770.0;1456.0;1791.0;2710.0;4110.0;6210.0;9140.0;1271.0;1754.0;-40.0;96.0;-148.0;342.0;KEROSENE
3150.0;4720.0;6980.0;10150.0;1396.0;1711.0;2580.0;3890.0;5820.0;8720.0;1222.0;1679.0;-40.0;84.0;-148.0;342.0;KEROSENE
3060.0;4570.0;6820.0;9980.0;1342.0;1656.0;2520.0;3840.0;5740.0;8490.0;1182.0;1624.0;-40.0;88.0;-153.0;341.0;KEROSENE
3140.0;4710.0;6970.0;10070.0;1371.0;1675.0;2550.0;3810.0;5750.0;8460.0;1190.0;1642.0;-40.0;89.0;-159.0;342.0;KEROSENE
3170.0;4740.0;7070.0;10280.0;1385.0;1694.0;2610.0;3970.0;5930.0;8830.0;1234.0;1680.0;-40.0;84.0;-159.0;330.0;KEROSENE
3250.0;4850.0;7230.0;10510.0;1438.0;1759.0;2630.0;3980.0;6010.0;9060.0;1267.0;1759.0;-40.0;94.0;-159.0;343.0;KEROSENE
3310.0;4930.0;7340.0;10640.0;1450.0;1725.0;2580.0;3930.0;5840.0;8800.0;1215.0;1653.0;-39.0;96.0;-155.0;351.0;KEROSENE
2880.0;4310.0;6320.0;9200.0;1249.0;1529.0;2420.0;3640.0;5390.0;7960.0;1110.0;1526.0;-37.0;93.0;-150.0;335.0;KEROSENE
2870.0;4290.0;6310.0;9040.0;1241.0;1513.0;2340.0;3530.0;5280.0;7860.0;1091.0;1495.0;-35.0;93.0;-150.0;341.0;KEROSENE
2940.0;4340.0;6440.0;9310.0;1254.0;1487.0;2350.0;3480.0;5230.0;7770.0;1060.0;1440.0;-35.0;100.0;-150.0;346.0;KEROSENE
2690.0;3990.0;5900.0;8500.0;1150.0;1383.0;2200.0;3330.0;4930.0;7210.0;1006.0;1362.0;-35.0;86.0;-150.0;344.0;KEROSENE
2680.0;3990.0;5860.0;8510.0;1144.0;1376.0;2180.0;3290.0;4830.0;7190.0;987.0;1341.0;-35.0;96.0;-153.0;347.0;KEROSENE
2860.0;4240.0;6290.0;9090.0;1215.0;1451.0;2250.0;3390.0;5000.0;7420.0;1038.0;1449.0;-42.0;85.0;-153.0;344.0;KEROSENE
2870.0;4270.0;6310.0;9100.0;1230.0;1472.0;2270.0;3430.0;5180.0;7620.0;1067.0;1463.0;-42.0;98.0;-152.0;342.0;KEROSENE
2900.0;4340.0;6430.0;9260.0;1248.0;1510.0;2350.0;3540.0;5310.0;7920.0;1105.0;1495.0;-39.0;90.0;-152.0;336.0;KEROSENE
3040.0;4550.0;6760.0;9750.0;1316.0;1548.0;2380.0;3610.0;5400.0;8030.0;1117.0;1526.0;-39.0;91.0;-152.0;336.0;KEROSENE
3060.0;4540.0;6740.0;9750.0;1333.0;1590.0;2410.0;3620.0;5480.0;8180.0;1147.0;1568.0;-34.0;90.0;-148.0;339.0;KEROSENE
3050.0;4600.0;6760.0;9950.0;1354.0;1647.0;2490.0;3790.0;5660.0;8490.0;1183.0;1635.0;-33.0;97.0;-148.0;345.0;KEROSENE
3130.0;4700.0;6950.0;10140.0;1395.0;1699.0;2490.0;3790.0;5780.0;8690.0;1204.0;1679.0;-33.0;86.0;-151.0;349.0;KEROSENE
3270.0;4910.0;7340.0;10630.0;1437.0;1739.0;2490.0;3850.0;5780.0;8670.0;1233.0;1704.0;-33.0;93.0;-151.0;348.0;KEROSENE
3180.0;4790.0;7180.0;10520.0;1443.0;1742.0;2510.0;3830.0;5820.0;8820.0;1243.0;1732.0;-33.0;93.0;-151.0;356.0;KEROSENE
3310.0;4940.0;7350.0;10790.0;1481.0;1789.0;2610.0;4000.0;5970.0;9030.0;1263.0;1742.0;-33.0;91.0;-151.0;334.0;KEROSENE
3290.0;4980.0;7430.0;10870.0;1476.0;1797.0;2640.0;4010.0;6060.0;9110.0;1275.0;1755.0;-33.0;99.0;-151.0;346.0;KEROSENE
3230.0;4840.0;7230.0;10530.0;1445.0;1760.0;2600.0;3940.0;5980.0;8930.0;1238.0;1721.0;-32.0;86.0;-148.0;345.0;KEROSENE
3090.0;4660.0;6930.0;10140.0;1386.0;1693.0;2510.0;3820.0;5710.0;8590.0;1222.0;1676.0;-32.0;82.0;-148.0;333.0;KEROSENE
3110.0;4690.0;6900.0;10130.0;1389.0;1682.0;2450.0;3710.0;5660.0;8560.0;1197.0;1636.0;-35.0;89.0;-153.0;345.0;KEROSENE
2920.0;4360.0;6510.0;9520.0;1301.0;1588.0;2400.0;3640.0;5470.0;8280.0;1157.0;1602.0;-39.0;88.0;-153.0;345.0;KEROSENE
2940.0;4390.0;6570.0;9630.0;1312.0;1590.0;2370.0;3610.0;5410.0;8170.0;1137.0;1573.0;-44.0;102.0;-153.0;346.0;KEROSENE
3030.0;4550.0;6790.0;9910.0;1356.0;1621.0;2400.0;3640.0;5550.0;8300.0;1166.0;1616.0;-44.0;94.0;-159.0;344.0;KEROSENE
3110.0;4640.0;6960.0;10110.0;1384.0;1674.0;2450.0;3710.0;5640.0;8340.0;1185.0;1649.0;-43.0;89.0;-159.0;347.0;KEROSENE
3220.0;4840.0;7230.0;10520.0;1426.0;1740.0;2530.0;3890.0;5850.0;8740.0;1227.0;1699.0;-43.0;96.0;-159.0;349.0;KEROSENE
3230.0;4830.0;7200.0;10610.0;1450.0;1765.0;2540.0;3880.0;5830.0;8750.0;1236.0;1730.0;-43.0;87.0;-159.0;350.0;KEROSENE
3180.0;4780.0;7160.0;10580.0;1442.0;1769.0;2590.0;3920.0;6010.0;8970.0;1265.0;1737.0;-43.0;98.0;-159.0;352.0;KEROSENE
3230.0;4840.0;7270.0;10660.0;1466.0;1797.0;2620.0;3980.0;6060.0;9080.0;1285.0;1754.0;-43.0;89.0;-161.0;344.0;KEROSENE
3220.0;4810.0;7120.0;10290.0;1407.0;1718.0;2440.0;3780.0;5660.0;8580.0;1185.0;1642.0;-44.0;92.0;-156.0;348.0;KEROSENE
2980.0;4460.0;6630.0;9690.0;1336.0;1647.0;2400.0;3700.0;5530.0;8220.0;1155.0;1588.0;-41.0;92.0;-155.0;354.0;KEROSENE
2970.0;4430.0;6540.0;9480.0;1268.0;1518.0;2280.0;3420.0;5140.0;7670.0;1076.0;1467.0;-41.0;101.0;-155.0;353.0;KEROSENE
2740.0;4080.0;6050.0;8770.0;1189.0;1425.0;2180.0;3260.0;4940.0;7270.0;1005.0;1393.0;-41.0;92.0;-155.0;342.0;KEROSENE
2520.0;3800.0;5600.0;8140.0;1100.0;1326.0;2130.0;3190.0;4740.0;7000.0;963.0;1328.0;-38.0;93.0;-154.0;348.0;KEROSENE
2580.0;3830.0;5650.0;8240.0;1116.0;1342.0;2110.0;3160.0;4740.0;7020.0;980.0;1335.0;-37.0;99.0;-154.0;356.0;KEROSENE
2700.0;4020.0;5970.0;8680.0;1164.0;1388.0;2110.0;3220.0;4830.0;7150.0;1003.0;1379.0;-37.0;99.0;-154.0;352.0;KEROSENE
2790.0;4200.0;6220.0;8980.0;1217.0;1467.0;2180.0;3310.0;4970.0;7390.0;1047.0;1447.0;-37.0;102.0;-158.0;352.0;KEROSENE
2850.0;4260.0;6320.0;9190.0;1253.0;1501.0;2260.0;3460.0;5220.0;7790.0;1077.0;1486.0;-36.0;99.0;-154.0;355.0;KEROSENE
2930.0;4380.0;6510.0;9500.0;1293.0;1567.0;2310.0;3530.0;5330.0;7930.0;1122.0;1542.0;-37.0;88.0;-158.0;343.0;KEROSENE
3030.0;4570.0;6780.0;9900.0;1349.0;1623.0;2370.0;3600.0;5490.0;8250.0;1165.0;1619.0;-41.0;93.0;-158.0;355.0;KEROSENE
2990.0;4480.0;6680.0;9760.0;1330.0;1645.0;2420.0;3660.0;5600.0;8360.0;1184.0;1632.0;-41.0;91.0;-158.0;353.0;KEROSENE
2930.0;4390.0;6570.0;9700.0;1331.0;1630.0;2360.0;3620.0;5460.0;8250.0;1155.0;1602.0;-41.0;93.0;-158.0;348.0;KEROSENE
2960.0;4490.0;6740.0;9830.0;1352.0;1640.0;2370.0;3630.0;5460.0;8280.0;1163.0;1600.0;-41.0;94.0;-161.0;349.0;KEROSENE
2850.0;4290.0;6390.0;9330.0;1289.0;1549.0;2250.0;3460.0;5240.0;7880.0;1112.0;1540.0;-36.0;90.0;-161.0;357.0;KEROSENE
2860.0;4280.0;6420.0;9330.0;1273.0;1536.0;2240.0;3410.0;5180.0;7670.0;1079.0;1495.0;-35.0;95.0;-161.0;354.0;KEROSENE
2780.0;4140.0;6210.0;9060.0;1236.0;1504.0;2300.0;3500.0;5190.0;7790.0;1077.0;1492.0;-35.0;100.0;-159.0;352.0;KEROSENE
2840.0;4250.0;6270.0;9190.0;1251.0;1522.0;2260.0;3430.0;5180.0;7780.0;1092.0;1513.0;-36.0;102.0;-159.0;356.0;KEROSENE
2890.0;4340.0;6490.0;9400.0;1285.0;1543.0;2290.0;3480.0;5240.0;7710.0;1085.0;1500.0;-36.0;92.0;-158.0;367.0;KEROSENE
2750.0;4160.0;6160.0;8920.0;1210.0;1476.0;2130.0;3260.0;4900.0;7410.0;1021.0;1409.0;-37.0;105.0;-159.0;356.0;KEROSENE
2570.0;3830.0;5720.0;8360.0;1129.0;1346.0;2100.0;3150.0;4690.0;7010.0;951.0;1323.0;-40.0;92.0;-159.0;359.0;KEROSENE
2490.0;3760.0;5530.0;7950.0;1072.0;1281.0;1970.0;2970.0;4440.0;6680.0;918.0;1245.0;-40.0;102.0;-157.0;365.0;KEROSENE
2460.0;3690.0;5450.0;7850.0;1051.0;1239.0;1920.0;2950.0;4390.0;6550.0;903.0;1235.0;-41.0;99.0;-161.0;358.0;KEROSENE
2510.0;3720.0;5540.0;7960.0;1069.0;1240.0;1910.0;2890.0;4310.0;6480.0;894.0;1251.0;-40.0;100.0;-161.0;362.0;KEROSENE
2510.0;3750.0;5590.0;8120.0;1096.0;1306.0;2020.0;3030.0;4600.0;6810.0;949.0;1300.0;-34.0;90.0;-161.0;358.0;KEROSENE
2730.0;4090.0;6070.0;8820.0;1186.0;1407.0;2100.0;3210.0;4840.0;7210.0;1016.0;1405.0;-34.0;94.0;-161.0;364.0;KEROSENE
2790.0;4190.0;6210.0;9060.0;1231.0;1461.0;2200.0;3310.0;5020.0;7500.0;1052.0;1456.0;-34.0;99.0;-161.0;367.0;KEROSENE
2710.0;4080.0;6100.0;8940.0;1222.0;1488.0;2200.0;3370.0;5110.0;7600.0;1061.0;1469.0;-34.0;91.0;-161.0;363.0;KEROSENE
2860.0;4340.0;6490.0;9530.0;1295.0;1562.0;2260.0;3420.0;5240.0;7830.0;1097.0;1525.0;-34.0;101.0;-166.0;371.0;KEROSENE
2850.0;4330.0;6450.0;9380.0;1292.0;1569.0;2270.0;3450.0;5310.0;7910.0;1117.0;1546.0;-39.0;97.0;-166.0;369.0;KEROSENE
2900.0;4400.0;6620.0;9750.0;1341.0;1623.0;2320.0;3590.0;5380.0;8120.0;1150.0;1586.0;-35.0;90.0;-162.0;366.0;KEROSENE
2960.0;4490.0;6680.0;9830.0;1352.0;1633.0;2370.0;3640.0;5570.0;8330.0;1167.0;1634.0;-36.0;95.0;-166.0;365.0;KEROSENE
2950.0;4460.0;6660.0;9850.0;1355.0;1646.0;2350.0;3630.0;5460.0;8160.0;1160.0;1590.0;-39.0;101.0;-162.0;370.0;KEROSENE
2900.0;4360.0;6580.0;9570.0;1304.0;1582.0;2290.0;3540.0;5340.0;7960.0;1112.0;1546.0;-36.0;97.0;-161.0;373.0;KEROSENE
2810.0;4200.0;6330.0;9230.0;1248.0;1518.0;2180.0;3330.0;5100.0;7470.0;1059.0;1442.0;-36.0;91.0;-161.0;362.0;KEROSENE
2480.0;3730.0;5520.0;8020.0;1098.0;1326.0;2000.0;3030.0;4570.0;6760.0;947.0;1316.0;-38.0;95.0;-166.0;353.0;KEROSENE
2330.0;3470.0;5100.0;7450.0;1004.0;1224.0;1900.0;2860.0;4240.0;6330.0;880.0;1221.0;-39.0;105.0;-171.0;369.0;KEROSENE
2330.0;3450.0;5100.0;7410.0;1005.0;1208.0;1870.0;2840.0;4250.0;6320.0;874.0;1203.0;-38.0;95.0;-171.0;370.0;KEROSENE
2410.0;3560.0;5260.0;7670.0;1033.0;1217.0;1860.0;2810.0;4220.0;6340.0;865.0;1193.0;-42.0;99.0;-172.0;368.0;KEROSENE
2440.0;3670.0;5390.0;7840.0;1045.0;1230.0;1890.0;2890.0;4300.0;6460.0;890.0;1215.0;-44.0;92.0;-171.0;375.0;KEROSENE
2460.0;3680.0;5460.0;7990.0;1070.0;1267.0;1870.0;2850.0;4300.0;6570.0;902.0;1249.0;-44.0;104.0;-171.0;362.0;KEROSENE
2490.0;3740.0;5540.0;8010.0;1084.0;1272.0;1870.0;2840.0;4320.0;6420.0;908.0;1253.0;-44.0;102.0;-171.0;365.0;KEROSENE
2520.0;3760.0;5630.0;8110.0;1112.0;1286.0;1930.0;2950.0;4440.0;6590.0;921.0;1283.0;-45.0;102.0;-171.0;363.0;KEROSENE
2580.0;3890.0;5790.0;8360.0;1120.0;1324.0;1950.0;2950.0;4460.0;6700.0;942.0;1316.0;-44.0;89.0;-171.0;359.0;KEROSENE
2550.0;3860.0;5750.0;8320.0;1125.0;1336.0;1950.0;2960.0;4510.0;6780.0;953.0;1321.0;-43.0;101.0;-166.0;363.0;KEROSENE
2590.0;3870.0;5830.0;8530.0;1147.0;1369.0;1970.0;3030.0;4620.0;6910.0;966.0;1343.0;-43.0;98.0;-170.0;364.0;KEROSENE
2570.0;3890.0;5790.0;8280.0;1135.0;1370.0;1990.0;3030.0;4650.0;7030.0;988.0;1357.0;-38.0;101.0;-166.0;363.0;KEROSENE
2560.0;3850.0;5790.0;8490.0;1148.0;1382.0;2000.0;3120.0;4690.0;7010.0;980.0;1375.0;-38.0;91.0;-166.0;371.0;KEROSENE
2560.0;3890.0;5790.0;8480.0;1151.0;1405.0;2060.0;3120.0;4730.0;7030.0;994.0;1389.0;-38.0;99.0;-166.0;374.0;KEROSENE
2520.0;3790.0;5650.0;8350.0;1148.0;1392.0;2010.0;3080.0;4610.0;7020.0;997.0;1371.0;-40.0;98.0;-166.0;373.0;KEROSENE
2690.0;4050.0;6070.0;8860.0;1200.0;1428.0;2020.0;3120.0;4820.0;7300.0;1019.0;1413.0;-43.0;100.0;-166.0;375.0;KEROSENE
2660.0;4020.0;5980.0;8750.0;1199.0;1444.0;2070.0;3160.0;4840.0;7270.0;1019.0;1415.0;-43.0;97.0;-163.0;369.0;KEROSENE
2590.0;3930.0;5870.0;8620.0;1176.0;1428.0;2020.0;3120.0;4760.0;7240.0;1017.0;1415.0;-43.0;96.0;-163.0;363.0;KEROSENE
2610.0;3940.0;5880.0;8650.0;1164.0;1392.0;2000.0;3070.0;4660.0;7060.0;982.0;1372.0;-40.0;98.0;-163.0;370.0;KEROSENE
2560.0;3860.0;5820.0;8390.0;1139.0;1400.0;2010.0;3040.0;4650.0;7070.0;978.0;1358.0;-43.0;94.0;-169.0;377.0;KEROSENE
2470.0;3730.0;5590.0;8170.0;1104.0;1329.0;1950.0;3000.0;4560.0;6820.0;951.0;1319.0;-45.0;93.0;-169.0;371.0;KEROSENE
2140.0;3260.0;4840.0;7200.0;987.0;1211.0;1810.0;2740.0;4170.0;6200.0;875.0;1213.0;-45.0;94.0;-169.0;375.0;KEROSENE
2440.0;3700.0;5450.0;8000.0;1077.0;1271.0;1870.0;2840.0;4270.0;6440.0;901.0;1246.0;-45.0;101.0;-167.0;372.0;KEROSENE
2340.0;3540.0;5290.0;7670.0;1046.0;1226.0;1810.0;2780.0;4240.0;6360.0;892.0;1223.0;-45.0;100.0;-169.0;365.0;KEROSENE
2270.0;3400.0;5060.0;7440.0;1015.0;1209.0;1830.0;2780.0;4230.0;6280.0;881.0;1216.0;-45.0;98.0;-171.0;370.0;KEROSENE
2360.0;3550.0;5300.0;7740.0;1054.0;1263.0;1880.0;2860.0;4330.0;6470.0;905.0;1259.0;-45.0;106.0;-171.0;365.0;KEROSENE
2440.0;3670.0;5490.0;8010.0;1096.0;1321.0;1870.0;2890.0;4450.0;6660.0;934.0;1298.0;-45.0;94.0;-171.0;368.0;KEROSENE
2390.0;3600.0;5380.0;7900.0;1076.0;1291.0;1860.0;2870.0;4380.0;6530.0;913.0;1291.0;-41.0;102.0;-171.0;372.0;KEROSENE
2520.0;3750.0;5620.0;8280.0;1139.0;1393.0;1970.0;3040.0;4590.0;6950.0;978.0;1369.0;-36.0;103.0;-170.0;379.0;KEROSENE
2450.0;3700.0;5590.0;8190.0;1132.0;1377.0;1960.0;3010.0;4600.0;7050.0;981.0;1377.0;-36.0;99.0;-163.0;379.0;KEROSENE
2610.0;3950.0;5940.0;8650.0;1184.0;1440.0;2030.0;3120.0;4770.0;7210.0;1010.0;1414.0;-35.0;96.0;-163.0;373.0;KEROSENE
2460.0;3700.0;5600.0;8210.0;1151.0;1406.0;1950.0;3040.0;4610.0;6980.0;993.0;1405.0;-35.0;93.0;-170.0;370.0;KEROSENE
2390.0;3610.0;5430.0;7990.0;1106.0;1374.0;1930.0;2990.0;4580.0;6930.0;970.0;1350.0;-35.0;103.0;-163.0;382.0;KEROSENE
2410.0;3640.0;5500.0;8060.0;1108.0;1360.0;1980.0;3060.0;4650.0;7000.0;969.0;1382.0;-38.0;99.0;-172.0;372.0;KEROSENE
2540.0;3840.0;5790.0;8510.0;1169.0;1412.0;1990.0;3070.0;4670.0;7010.0;991.0;1397.0;-42.0;97.0;-172.0;378.0;KEROSENE
2590.0;3910.0;5890.0;8670.0;1196.0;1450.0;2020.0;3130.0;4830.0;7240.0;1025.0;1437.0;-44.0;105.0;-172.0;385.0;KEROSENE
2610.0;3910.0;5900.0;8650.0;1199.0;1460.0;2030.0;3160.0;4870.0;7390.0;1026.0;1454.0;-45.0;106.0;-172.0;382.0;KEROSENE
2670.0;4020.0;6040.0;8890.0;1225.0;1487.0;2040.0;3170.0;4870.0;7430.0;1062.0;1471.0;-45.0;95.0;-172.0;377.0;KEROSENE
2720.0;4140.0;6180.0;9140.0;1251.0;1527.0;2060.0;3200.0;4910.0;7560.0;1066.0;1505.0;-44.0;95.0;-172.0;380.0;KEROSENE
2650.0;4040.0;6090.0;8950.0;1246.0;1524.0;2110.0;3250.0;5000.0;7560.0;1075.0;1488.0;-43.0;100.0;-172.0;389.0;KEROSENE
2850.0;4320.0;6530.0;9600.0;1307.0;1585.0;2160.0;3340.0;5100.0;7810.0;1116.0;1558.0;-39.0;102.0;-172.0;374.0;KEROSENE
2710.0;4110.0;6230.0;9270.0;1280.0;1558.0;2110.0;3280.0;5030.0;7700.0;1091.0;1536.0;-39.0;95.0;-172.0;381.0;KEROSENE
2710.0;4130.0;6200.0;9280.0;1279.0;1574.0;2200.0;3420.0;5220.0;7940.0;1116.0;1561.0;-39.0;102.0;-172.0;381.0;KEROSENE
2810.0;4260.0;6370.0;9400.0;1303.0;1586.0;2200.0;3420.0;5180.0;7870.0;1121.0;1556.0;-39.0;102.0;-170.0;384.0;KEROSENE
2820.0;4320.0;6470.0;9500.0;1303.0;1615.0;2210.0;3400.0;5230.0;7970.0;1138.0;1593.0;-39.0;97.0;-170.0;376.0;KEROSENE
2450.0;3730.0;5640.0;8560.0;1196.0;1508.0;2110.0;3250.0;4980.0;7610.0;1086.0;1511.0;-44.0;96.0;-177.0;379.0;KEROSENE
2790.0;4230.0;6350.0;9370.0;1298.0;1589.0;2180.0;3350.0;5110.0;7800.0;1118.0;1591.0;-37.0;103.0;-171.0;379.0;KEROSENE
2840.0;4330.0;6510.0;9640.0;1326.0;1645.0;2200.0;3450.0;5290.0;8070.0;1143.0;1598.0;-37.0;106.0;-171.0;380.0;KEROSENE
2810.0;4290.0;6480.0;9510.0;1307.0;1613.0;2210.0;3460.0;5280.0;7990.0;1132.0;1588.0;-44.0;101.0;-171.0;381.0;KEROSENE
2910.0;4450.0;6690.0;9900.0;1358.0;1675.0;2210.0;3490.0;5400.0;8150.0;1184.0;1633.0;-47.0;98.0;-180.0;376.0;KEROSENE
2920.0;4430.0;6640.0;9890.0;1356.0;1660.0;2180.0;3450.0;5280.0;8010.0;1131.0;1599.0;-47.0;104.0;-180.0;380.0;KEROSENE
2450.0;3700.0;5610.0;8290.0;1153.0;1455.0;1980.0;3100.0;4710.0;7190.0;1017.0;1429.0;-47.0;104.0;-180.0;389.0;KEROSENE
2560.0;3880.0;5860.0;8620.0;1181.0;1437.0;2060.0;3180.0;4840.0;7230.0;1021.0;1408.0;-47.0;101.0;-178.0;376.0;KEROSENE
2460.0;3720.0;5560.0;8080.0;1124.0;1339.0;1860.0;2910.0;4410.0;6710.0;950.0;1327.0;-43.0;105.0;-178.0;386.0;KEROSENE
2290.0;3480.0;5200.0;7650.0;1060.0;1280.0;1870.0;2880.0;4400.0;6610.0;932.0;1275.0;-38.0;102.0;-173.0;381.0;KEROSENE
2330.0;3530.0;5290.0;7710.0;1049.0;1271.0;1790.0;2730.0;4250.0;6430.0;905.0;1234.0;-38.0;104.0;-173.0;383.0;KEROSENE
2310.0;3480.0;5240.0;7600.0;1038.0;1257.0;1780.0;2730.0;4200.0;6260.0;891.0;1253.0;-41.0;100.0;-173.0;389.0;KEROSENE
2360.0;3560.0;5390.0;7940.0;1083.0;1285.0;1810.0;2790.0;4250.0;6510.0;917.0;1267.0;-38.0;102.0;-172.0;380.0;KEROSENE
2310.0;3500.0;5200.0;7720.0;1042.0;1249.0;1810.0;2790.0;4280.0;6430.0;896.0;1255.0;-41.0;103.0;-172.0;385.0;KEROSENE
2260.0;3400.0;5020.0;7280.0;992.0;1167.0;1700.0;2610.0;3950.0;5870.0;821.0;1144.0;-41.0;112.0;-172.0;383.0;KEROSENE
2090.0;3140.0;4740.0;6800.0;922.0;1098.0;1620.0;2460.0;3770.0;5650.0;785.0;1077.0;-41.0;104.0;-170.0;385.0;KEROSENE
2120.0;3110.0;4670.0;6750.0;906.0;1064.0;1590.0;2420.0;3670.0;5540.0;757.0;1046.0;-38.0;101.0;-166.0;381.0;KEROSENE
2090.0;3140.0;4610.0;6730.0;896.0;1052.0;1530.0;2370.0;3610.0;5330.0;766.0;1044.0;-41.0;96.0;-170.0;381.0;KEROSENE
2120.0;3110.0;4670.0;6750.0;906.0;1064.0;1590.0;2420.0;3670.0;5540.0;757.0;1046.0;-41.0;101.0;-170.0;381.0;KEROSENE
1850.0;2760.0;4150.0;6000.0;812.0;971.0;1470.0;2190.0;3320.0;5000.0;702.0;978.0;-42.0;105.0;-172.0;378.0;KEROSENE
1720.0;2570.0;3850.0;5670.0;766.0;929.0;1440.0;2220.0;3350.0;5000.0;694.0;973.0;-42.0;100.0;-172.0;374.0;KEROSENE
