OFFCHIP_SENSIMOX_SnAu_150_200.0_IN-PHASE;OFFCHIP_SENSIMOX_SnAu_200_200.0_IN-PHASE;OFFCHIP_SENSIMOX_SnAu_250_200.0_IN-PHASE;OFFCHIP_SENSIMOX_SnAu_300_200.0_IN-PHASE;OFFCHIP_SENSIMOX_SnAu_350_200.0_IN-PHASE;OFFCHIP_SENSIMOX_SnAu_400_200.0_IN-PHASE;OFFCHIP_SENSIMOX_SnAu_150_78125.0_IN-PHASE;OFFCHIP_SENSIMOX_SnAu_200_78125.0_IN-PHASE;OFFCHIP_SENSIMOX_SnAu_250_78125.0_IN-PHASE;OFFCHIP_SENSIMOX_SnAu_300_78125.0_IN-PHASE;OFFCHIP_SENSIMOX_SnAu_350_78125.0_IN-PHASE;OFFCHIP_SENSIMOX_SnAu_400_78125.0_IN-PHASE;ONCHIP_ALUMINUM_OXIDE_OUT4_IN-PHASE;ONCHIP_ALUMINUM_OXIDE_OUT4_QUADRATURE;ONCHIP_ALUMINUM_OXIDE_OUT7_IN-PHASE;ONCHIP_ALUMINUM_OXIDE_OUT7_QUADRATURE
230.0;445.0;812.0;1439.0;227.0;300.0;117.0;227.0;429.0;768.0;122.0;172.0;-10.0;10.0;-6.0;-4.0
240.0;462.0;854.0;1551.0;251.0;339.0;129.0;250.0;475.0;847.0;139.0;197.0;-10.0;6.0;-6.0;-7.0
253.0;488.0;900.0;1613.0;254.0;350.0;138.0;273.0;529.0;951.0;162.0;243.0;-9.0;8.0;-3.0;-7.0
285.0;552.0;1028.0;1896.0;314.0;446.0;187.0;363.0;697.0;1286.0;218.0;346.0;-11.0;1.0;-3.0;-11.0
489.0;930.0;1742.0;3236.0;552.0;796.0;375.0;729.0;1393.0;2641.0;469.0;747.0;-2.0;-3.0;-1.0;-15.0
601.0;1143.0;2127.0;3921.0;675.0;999.0;494.0;942.0;1787.0;3333.0;582.0;904.0;1.0;-3.0;0.0;-15.0
702.0;1314.0;2418.0;4453.0;754.0;1110.0;557.0;1062.0;2001.0;3738.0;638.0;1016.0;1.0;-1.0;0.0;-23.0
769.0;1445.0;2678.0;4936.0;838.0;1240.0;647.0;1228.0;2310.0;4240.0;734.0;1133.0;-2.0;4.0;0.0;-15.0
853.0;1593.0;2927.0;5290.0;884.0;1278.0;670.0;1263.0;2382.0;4363.0;753.0;1186.0;-7.0;2.0;0.0;-14.0
899.0;1668.0;3016.0;5392.0;879.0;1236.0;623.0;1178.0;2207.0;4021.0;674.0;1027.0;-15.0;4.0;-4.0;-12.0
776.0;1447.0;2639.0;4760.0;775.0;1091.0;531.0;1003.0;1867.0;3376.0;563.0;849.0;-15.0;7.0;-7.0;-12.0
650.0;1216.0;2217.0;3965.0;650.0;929.0;444.0;843.0;1577.0;2856.0;472.0;716.0;-11.0;12.0;-4.0;-12.0
576.0;1070.0;1955.0;3489.0;566.0;807.0;376.0;717.0;1353.0;2454.0;413.0;630.0;-11.0;7.0;-7.0;-10.0
525.0;984.0;1799.0;3269.0;540.0;787.0;375.0;711.0;1351.0;2474.0;420.0;655.0;-11.0;11.0;-7.0;-11.0
551.0;1037.0;1898.0;3476.0;576.0;839.0;411.0;781.0;1478.0;2727.0;459.0;709.0;-10.0;10.0;-8.0;-11.0
580.0;1089.0;2013.0;3668.0;611.0;898.0;438.0;838.0;1580.0;2908.0;496.0;771.0;-6.0;5.0;-2.0;-11.0
618.0;1169.0;2152.0;3891.0;653.0;947.0;466.0;888.0;1685.0;3080.0;522.0;810.0;-5.0;6.0;-2.0;-10.0
642.0;1209.0;2198.0;3946.0;661.0;958.0;466.0;898.0;1701.0;3100.0;527.0;810.0;-5.0;12.0;-2.0;-7.0
644.0;1207.0;2212.0;3984.0;667.0;961.0;479.0;905.0;1708.0;3131.0;534.0;824.0;-5.0;9.0;0.0;-7.0
653.0;1224.0;2244.0;4028.0;674.0;976.0;483.0;912.0;1733.0;3152.0;535.0;827.0;-6.0;8.0;1.0;-7.0
654.0;1219.0;2231.0;4019.0;672.0;980.0;499.0;945.0;1768.0;3236.0;551.0;856.0;-7.0;7.0;1.0;-14.0
676.0;1264.0;2319.0;4255.0;714.0;1060.0;545.0;1038.0;1950.0;3557.0;604.0;940.0;-7.0;7.0;1.0;-19.0
735.0;1387.0;2564.0;4747.0;831.0;1268.0;685.0;1289.0;2434.0;4428.0;765.0;1179.0;-7.0;6.0;1.0;-20.0
909.0;1688.0;3062.0;5514.0;916.0;1321.0;679.0;1303.0;2417.0;4441.0;753.0;1177.0;-9.0;6.0;1.0;-23.0
899.0;1672.0;3060.0;5516.0;923.0;1364.0;732.0;1379.0;2580.0;4666.0;803.0;1240.0;-9.0;7.0;1.0;-26.0
942.0;1749.0;3195.0;5756.0;965.0;1408.0;755.0;1418.0;2638.0;4800.0;810.0;1259.0;-9.0;5.0;0.0;-27.0
971.0;1790.0;3254.0;5847.0;968.0;1409.0;758.0;1422.0;2637.0;4749.0;822.0;1257.0;-9.0;3.0;-4.0;-27.0
971.0;1804.0;3274.0;5927.0;998.0;1470.0;800.0;1509.0;2811.0;5123.0;875.0;1355.0;-7.0;3.0;0.0;-29.0
1045.0;1950.0;3553.0;6474.0;1111.0;1662.0;955.0;1782.0;3301.0;6020.0;1031.0;1597.0;-7.0;-3.0;-4.0;-29.0
1238.0;2272.0;4105.0;7365.0;1219.0;1760.0;998.0;1861.0;3433.0;6084.0;1053.0;1598.0;-10.0;-1.0;-4.0;-33.0
1209.0;2218.0;4014.0;7187.0;1195.0;1738.0;989.0;1845.0;3413.0;6192.0;1043.0;1604.0;-7.0;-1.0;0.0;-29.0
1231.0;2257.0;4061.0;7272.0;1210.0;1751.0;1002.0;1868.0;3448.0;6212.0;1059.0;1626.0;-14.0;2.0;1.0;-29.0
1279.0;2344.0;4213.0;7506.0;1255.0;1818.0;1049.0;1957.0;3610.0;6484.0;1097.0;1679.0;-14.0;-1.0;0.0;-33.0
1301.0;2379.0;4291.0;7672.0;1269.0;1843.0;1058.0;1972.0;3606.0;6513.0;1093.0;1671.0;-11.0;-1.0;0.0;-33.0
1274.0;2338.0;4210.0;7449.0;1230.0;1776.0;1021.0;1907.0;3515.0;6367.0;1081.0;1678.0;-11.0;-3.0;-1.0;-35.0
1308.0;2391.0;4300.0;7730.0;1294.0;1920.0;1127.0;2085.0;3848.0;6909.0;1175.0;1810.0;-11.0;-4.0;-1.0;-35.0
1402.0;2565.0;4617.0;8162.0;1351.0;1975.0;1163.0;2153.0;3941.0;7077.0;1190.0;1824.0;-10.0;-5.0;-1.0;-36.0
1419.0;2586.0;4651.0;8231.0;1359.0;1975.0;1164.0;2156.0;3973.0;7071.0;1190.0;1802.0;-10.0;-5.0;-6.0;-42.0
1406.0;2570.0;4609.0;8194.0;1354.0;1966.0;1155.0;2138.0;3916.0;7022.0;1183.0;1818.0;-11.0;-5.0;-3.0;-48.0
1442.0;2619.0;4691.0;8359.0;1389.0;2040.0;1203.0;2254.0;4140.0;7439.0;1252.0;1911.0;-6.0;-5.0;0.0;-48.0
1518.0;2768.0;4962.0;8795.0;1457.0;2137.0;1313.0;2414.0;4405.0;7844.0;1321.0;2012.0;-14.0;-4.0;-3.0;-48.0
1604.0;2902.0;5187.0;9154.0;1507.0;2192.0;1337.0;2484.0;4497.0;8013.0;1343.0;2044.0;-14.0;-4.0;-3.0;-48.0
1624.0;2944.0;5235.0;9173.0;1502.0;2153.0;1310.0;2417.0;4411.0;7831.0;1309.0;1974.0;-14.0;-4.0;-1.0;-42.0
1570.0;2851.0;5116.0;9018.0;1484.0;2167.0;1329.0;2449.0;4465.0;7964.0;1332.0;2046.0;-10.0;-5.0;-1.0;-39.0
1623.0;2948.0;5268.0;9307.0;1525.0;2213.0;1364.0;2505.0;4553.0;8076.0;1356.0;2054.0;-10.0;-4.0;-1.0;-39.0
1634.0;2964.0;5288.0;9331.0;1533.0;2219.0;1360.0;2495.0;4564.0;8147.0;1356.0;2070.0;-9.0;-4.0;2.0;-39.0
1657.0;2986.0;5306.0;9310.0;1522.0;2176.0;1323.0;2428.0;4417.0;7854.0;1315.0;1995.0;-5.0;-2.0;5.0;-39.0
1576.0;2867.0;5100.0;8987.0;1474.0;2131.0;1295.0;2394.0;4347.0;7734.0;1294.0;1957.0;-5.0;-2.0;5.0;-43.0
1567.0;2850.0;5070.0;8988.0;1482.0;2160.0;1341.0;2475.0;4477.0;7980.0;1335.0;2033.0;-4.0;-2.0;5.0;-43.0
1626.0;2944.0;5275.0;9234.0;1515.0;2187.0;1339.0;2466.0;4480.0;7961.0;1328.0;2018.0;-5.0;-2.0;-2.0;-43.0
1610.0;2909.0;5165.0;9045.0;1482.0;2140.0;1298.0;2395.0;4360.0;7758.0;1300.0;1969.0;-9.0;-1.0;-2.0;-43.0
1570.0;2844.0;5061.0;8917.0;1462.0;2132.0;1316.0;2418.0;4388.0;7778.0;1288.0;1975.0;-12.0;-3.0;0.0;-43.0
1595.0;2877.0;5135.0;8994.0;1467.0;2108.0;1302.0;2383.0;4334.0;7671.0;1277.0;1951.0;-9.0;-6.0;0.0;-42.0
1563.0;2824.0;5017.0;8820.0;1445.0;2105.0;1289.0;2373.0;4317.0;7656.0;1283.0;1962.0;-9.0;-1.0;-2.0;-42.0
1608.0;2904.0;5161.0;9015.0;1476.0;2144.0;1322.0;2422.0;4408.0;7840.0;1308.0;1991.0;-9.0;-3.0;-2.0;-42.0
1599.0;2896.0;5142.0;9030.0;1479.0;2144.0;1316.0;2420.0;4393.0;7819.0;1300.0;1991.0;-8.0;-5.0;-2.0;-43.0
1596.0;2888.0;5128.0;8998.0;1482.0;2156.0;1345.0;2473.0;4476.0;7938.0;1320.0;2017.0;-8.0;-5.0;-3.0;-44.0
1622.0;2939.0;5220.0;9158.0;1515.0;2211.0;1374.0;2504.0;4561.0;8135.0;1362.0;2070.0;-9.0;-5.0;-3.0;-49.0
1682.0;3028.0;5406.0;9491.0;1555.0;2274.0;1420.0;2601.0;4676.0;8341.0;1389.0;2128.0;-10.0;-5.0;-3.0;-49.0
1725.0;3124.0;5547.0;9721.0;1591.0;2309.0;1435.0;2633.0;4764.0;8447.0;1407.0;2134.0;-9.0;-5.0;-1.0;-52.0
1745.0;3153.0;5548.0;9710.0;1594.0;2307.0;1444.0;2644.0;4799.0;8492.0;1415.0;2138.0;-9.0;-5.0;-6.0;-52.0
1722.0;3102.0;5528.0;9681.0;1585.0;2298.0;1430.0;2626.0;4779.0;8432.0;1400.0;2126.0;-9.0;-5.0;-6.0;-49.0
1734.0;3118.0;5527.0;9681.0;1583.0;2300.0;1450.0;2663.0;4804.0;8490.0;1407.0;2122.0;-7.0;-5.0;2.0;-45.0
1706.0;3090.0;5478.0;9560.0;1559.0;2250.0;1420.0;2593.0;4687.0;8248.0;1361.0;2079.0;-6.0;-5.0;1.0;-49.0
1703.0;3065.0;5408.0;9466.0;1543.0;2246.0;1409.0;2594.0;4689.0;8288.0;1368.0;2072.0;-6.0;-5.0;0.0;-49.0
1678.0;3028.0;5402.0;9422.0;1548.0;2248.0;1413.0;2597.0;4712.0;8301.0;1382.0;2114.0;-6.0;-6.0;0.0;-50.0
1719.0;3092.0;5490.0;9590.0;1573.0;2276.0;1435.0;2640.0;4777.0;8459.0;1401.0;2116.0;-6.0;-5.0;0.0;-51.0
1731.0;3110.0;5538.0;9760.0;1605.0;2339.0;1495.0;2734.0;4901.0;8746.0;1459.0;2209.0;-14.0;-5.0;-6.0;-54.0
1810.0;3257.0;5772.0;10082.0;1646.0;2399.0;1526.0;2795.0;5088.0;8937.0;1479.0;2252.0;-14.0;-5.0;-6.0;-57.0
1840.0;3300.0;5853.0;10224.0;1680.0;2416.0;1552.0;2832.0;5110.0;9034.0;1497.0;2265.0;-14.0;-7.0;-6.0;-57.0
1854.0;3343.0;5925.0;10278.0;1680.0;2452.0;1576.0;2869.0;5196.0;9055.0;1521.0;2308.0;-14.0;-6.0;-6.0;-61.0
1901.0;3418.0;6024.0;10535.0;1711.0;2467.0;1583.0;2896.0;5231.0;9217.0;1526.0;2305.0;-11.0;-7.0;-6.0;-61.0
1902.0;3410.0;6031.0;10514.0;1709.0;2478.0;1592.0;2916.0;5245.0;9285.0;1533.0;2322.0;-6.0;-7.0;1.0;-61.0
1907.0;3422.0;6018.0;10514.0;1716.0;2468.0;1601.0;2904.0;5224.0;9258.0;1519.0;2300.0;-6.0;-8.0;-4.0;-61.0
1906.0;3419.0;5993.0;10442.0;1711.0;2479.0;1622.0;2964.0;5333.0;9401.0;1554.0;2362.0;-6.0;-7.0;-4.0;-61.0
1965.0;3523.0;6208.0;10729.0;1747.0;2507.0;1622.0;2946.0;5329.0;9360.0;1549.0;2348.0;-6.0;-7.0;3.0;-61.0
1938.0;3478.0;6137.0;10669.0;1734.0;2519.0;1638.0;2977.0;5357.0;9351.0;1560.0;2344.0;-6.0;-7.0;3.0;-61.0
1930.0;3471.0;6118.0;10670.0;1738.0;2524.0;1657.0;2986.0;5422.0;9497.0;1574.0;2378.0;-6.0;-7.0;6.0;-60.0
1965.0;3522.0;6197.0;10703.0;1747.0;2516.0;1638.0;2988.0;5345.0;9393.0;1558.0;2364.0;-6.0;-7.0;5.0;-61.0
1952.0;3501.0;6160.0;10638.0;1731.0;2490.0;1629.0;2951.0;5299.0;9324.0;1537.0;2324.0;-6.0;-10.0;5.0;-62.0
1936.0;3470.0;6116.0;10640.0;1733.0;2508.0;1651.0;3008.0;5400.0;9403.0;1549.0;2357.0;-6.0;-12.0;1.0;-63.0
1955.0;3501.0;6169.0;10726.0;1749.0;2531.0;1656.0;3016.0;5435.0;9553.0;1581.0;2394.0;-4.0;-12.0;-1.0;-66.0
1987.0;3558.0;6275.0;10879.0;1775.0;2563.0;1685.0;3074.0;5530.0;9687.0;1597.0;2422.0;-4.0;-11.0;-1.0;-68.0
2036.0;3645.0;6401.0;11120.0;1804.0;2583.0;1697.0;3105.0;5579.0;9795.0;1610.0;2446.0;-6.0;-12.0;-2.0;-68.0
2034.0;3642.0;6382.0;11079.0;1795.0;2584.0;1698.0;3081.0;5538.0;9711.0;1606.0;2440.0;-6.0;-11.0;-2.0;-68.0
2062.0;3680.0;6491.0;11233.0;1837.0;2679.0;1792.0;3281.0;5860.0;10263.0;1692.0;2553.0;-4.0;-9.0;-2.0;-71.0
2135.0;3811.0;6689.0;11609.0;1890.0;2741.0;1809.0;3292.0;5902.0;10327.0;1707.0;2573.0;-7.0;-11.0;-2.0;-71.0
2165.0;3862.0;6796.0;11696.0;1896.0;2730.0;1816.0;3299.0;5894.0;10320.0;1698.0;2555.0;-10.0;-12.0;-2.0;-71.0
2138.0;3800.0;6690.0;11551.0;1880.0;2694.0;1807.0;3255.0;5856.0;10232.0;1683.0;2538.0;-3.0;-7.0;-2.0;-76.0
2130.0;3791.0;6695.0;11608.0;1880.0;2719.0;1822.0;3299.0;5899.0;10300.0;1703.0;2578.0;-6.0;-11.0;-3.0;-76.0
2168.0;3859.0;6793.0;11741.0;1902.0;2745.0;1836.0;3340.0;5970.0;10407.0;1717.0;2579.0;-10.0;-11.0;-5.0;-76.0
2176.0;3872.0;6795.0;11751.0;1905.0;2746.0;1846.0;3329.0;5959.0;10448.0;1709.0;2599.0;-6.0;-11.0;-5.0;-74.0
2174.0;3876.0;6820.0;11775.0;1905.0;2750.0;1821.0;3293.0;5920.0;10372.0;1708.0;2573.0;-6.0;-9.0;-5.0;-73.0
2162.0;3864.0;6802.0;11696.0;1897.0;2725.0;1820.0;3291.0;5895.0;10303.0;1697.0;2535.0;-8.0;-11.0;-5.0;-72.0
2117.0;3787.0;6641.0;11479.0;1866.0;2685.0;1785.0;3244.0;5805.0;10131.0;1669.0;2515.0;-10.0;-11.0;-5.0;-73.0
2105.0;3772.0;6594.0;11383.0;1848.0;2675.0;1771.0;3223.0;5753.0;10044.0;1645.0;2511.0;-10.0;-11.0;-2.0;-73.0
2118.0;3785.0;6648.0;11520.0;1873.0;2714.0;1821.0;3292.0;5889.0;10298.0;1695.0;2567.0;-10.0;-12.0;2.0;-79.0
2152.0;3843.0;6728.0;11645.0;1891.0;2735.0;1826.0;3296.0;5926.0;10359.0;1719.0;2590.0;-12.0;-12.0;3.0;-80.0
2185.0;3918.0;6848.0;11902.0;1935.0;2811.0;1898.0;3437.0;6148.0;10792.0;1781.0;2670.0;-12.0;-13.0;3.0;-83.0
2265.0;4028.0;7067.0;12138.0;1964.0;2831.0;1913.0;3458.0;6183.0;10762.0;1762.0;2661.0;-12.0;-15.0;3.0;-83.0
2256.0;4018.0;7069.0;12184.0;1976.0;2857.0;1928.0;3497.0;6259.0;10901.0;1803.0;2717.0;-8.0;-15.0;5.0;-83.0
2316.0;4111.0;7179.0;12346.0;1988.0;2858.0;1936.0;3478.0;6219.0;10862.0;1778.0;2680.0;-8.0;-13.0;2.0;-84.0
2248.0;4019.0;7039.0;12113.0;1953.0;2803.0;1874.0;3412.0;6078.0;10640.0;1748.0;2647.0;-7.0;-13.0;4.0;-83.0
2258.0;4018.0;7068.0;12200.0;1983.0;2886.0;1985.0;3589.0;6395.0;11118.0;1826.0;2766.0;-7.0;-13.0;2.0;-82.0
2338.0;4161.0;7261.0;12490.0;2019.0;2904.0;1973.0;3585.0;6363.0;11039.0;1819.0;2719.0;-7.0;-13.0;4.0;-85.0
2315.0;4122.0;7226.0;12339.0;1997.0;2881.0;1973.0;3527.0;6347.0;11033.0;1810.0;2713.0;-7.0;-13.0;2.0;-85.0
2314.0;4098.0;7181.0;12302.0;1995.0;2861.0;1950.0;3508.0;6277.0;10916.0;1792.0;2696.0;-7.0;-13.0;-1.0;-82.0
2304.0;4093.0;7148.0;12332.0;1998.0;2870.0;1984.0;3566.0;6365.0;11066.0;1814.0;2734.0;-8.0;-12.0;-1.0;-82.0
2310.0;4102.0;7168.0;12400.0;2004.0;2883.0;1955.0;3524.0;6272.0;10899.0;1786.0;2689.0;-9.0;-12.0;-7.0;-85.0
2290.0;4092.0;7135.0;12229.0;1968.0;2827.0;1902.0;3450.0;6143.0;10651.0;1752.0;2631.0;-9.0;-13.0;-5.0;-85.0
2230.0;3963.0;6944.0;11966.0;1938.0;2788.0;1899.0;3424.0;6094.0;10610.0;1744.0;2640.0;-9.0;-13.0;-1.0;-89.0
2268.0;4028.0;7035.0;12130.0;1969.0;2866.0;1994.0;3599.0;6348.0;11190.0;1833.0;2764.0;-9.0;-14.0;0.0;-97.0
2393.0;4243.0;7391.0;12709.0;2056.0;2953.0;2045.0;3686.0;6551.0;11408.0;1870.0;2814.0;-11.0;-21.0;-2.0;-97.0
2427.0;4299.0;7501.0;12892.0;2093.0;3019.0;2101.0;3772.0;6675.0;11656.0;1911.0;2862.0;-9.0;-21.0;-2.0;-97.0
2458.0;4363.0;7617.0;13065.0;2109.0;3026.0;2105.0;3782.0;6717.0;11640.0;1914.0;2878.0;-9.0;-18.0;0.0;-97.0
2488.0;4395.0;7677.0;13197.0;2127.0;3056.0;2129.0;3829.0;6805.0;11787.0;1923.0;2876.0;-10.0;-19.0;-2.0;-97.0
2483.0;4405.0;7647.0;13109.0;2120.0;3031.0;2107.0;3790.0;6739.0;11696.0;1916.0;2859.0;-12.0;-19.0;-2.0;-93.0
2483.0;4389.0;7648.0;13084.0;2103.0;3020.0;2093.0;3759.0;6649.0;11535.0;1892.0;2835.0;-10.0;-18.0;-1.0;-91.0
2453.0;4341.0;7571.0;12968.0;2084.0;2983.0;2063.0;3726.0;6595.0;11458.0;1875.0;2800.0;-10.0;-17.0;3.0;-91.0
2384.0;4249.0;7420.0;12755.0;2061.0;2956.0;2064.0;3715.0;6580.0;11466.0;1875.0;2809.0;-8.0;-19.0;3.0;-94.0
2421.0;4300.0;7499.0;12863.0;2073.0;2967.0;2068.0;3736.0;6649.0;11493.0;1879.0;2813.0;-7.0;-19.0;5.0;-94.0
2444.0;4338.0;7535.0;12944.0;2089.0;2996.0;2084.0;3760.0;6671.0;11582.0;1894.0;2864.0;-2.0;-20.0;3.0;-109.0
2436.0;4354.0;7632.0;13126.0;2134.0;3086.0;2181.0;3919.0;6948.0;12011.0;1966.0;2940.0;-2.0;-20.0;-3.0;-109.0
2573.0;4539.0;7918.0;13542.0;2188.0;3129.0;2219.0;3979.0;7048.0;12185.0;1981.0;2977.0;-7.0;-22.0;-4.0;-109.0
2583.0;4564.0;7962.0;13641.0;2197.0;3143.0;2220.0;3997.0;7078.0;12246.0;2001.0;2996.0;-14.0;-23.0;-4.0;-109.0
2612.0;4607.0;8004.0;13713.0;2202.0;3127.0;2210.0;3958.0;7004.0;12167.0;1988.0;2960.0;-14.0;-22.0;-4.0;-109.0
2600.0;4596.0;7983.0;13687.0;2205.0;3168.0;2218.0;4002.0;7090.0;12258.0;2007.0;3014.0;-14.0;-22.0;-4.0;-110.0
2641.0;4651.0;8097.0;13823.0;2219.0;3174.0;2227.0;3998.0;7086.0;12231.0;1998.0;2989.0;-11.0;-22.0;-2.0;-110.0
2637.0;4648.0;8057.0;13731.0;2206.0;3164.0;2245.0;4023.0;7130.0;12352.0;2016.0;3012.0;-11.0;-21.0;-2.0;-110.0
2650.0;4678.0;8131.0;13832.0;2233.0;3185.0;2250.0;4034.0;7185.0;12424.0;2017.0;3015.0;-11.0;-19.0;-2.0;-110.0
2639.0;4647.0;8085.0;13746.0;2207.0;3152.0;2217.0;3974.0;7016.0;12141.0;1979.0;2978.0;-11.0;-19.0;-4.0;-107.0
2603.0;4589.0;7931.0;13604.0;2178.0;3127.0;2210.0;3953.0;7024.0;12140.0;1975.0;2956.0;-11.0;-19.0;-4.0;-107.0
2584.0;4558.0;7907.0;13548.0;2180.0;3113.0;2212.0;3951.0;6981.0;12059.0;1968.0;2947.0;-11.0;-19.0;-4.0;-107.0
2561.0;4527.0;7863.0;13467.0;2170.0;3117.0;2188.0;3929.0;6977.0;12059.0;1974.0;2960.0;-10.0;-20.0;-4.0;-108.0
2618.0;4617.0;8011.0;13759.0;2211.0;3188.0;2283.0;4085.0;7211.0;12474.0;2030.0;3038.0;-7.0;-20.0;-4.0;-108.0
2663.0;4716.0;8164.0;13926.0;2234.0;3202.0;2269.0;4058.0;7171.0;12430.0;2021.0;3024.0;-5.0;-20.0;-2.0;-114.0
2653.0;4709.0;8174.0;13864.0;2240.0;3194.0;2274.0;4057.0;7187.0;12352.0;2016.0;2998.0;-5.0;-20.0;-4.0;-113.0
2626.0;4629.0;8047.0;13732.0;2201.0;3155.0;2252.0;4042.0;7125.0;12302.0;2009.0;3007.0;-5.0;-20.0;-4.0;-113.0
2641.0;4655.0;8089.0;13871.0;2232.0;3228.0;2315.0;4149.0;7343.0;12658.0;2060.0;3084.0;-5.0;-22.0;-4.0;-121.0
2702.0;4770.0;8291.0;14182.0;2285.0;3276.0;2355.0;4213.0;7432.0;12845.0;2089.0;3140.0;-5.0;-22.0;-2.0;-121.0
2765.0;4876.0;8449.0;14414.0;2313.0;3309.0;2372.0;4238.0;7503.0;12907.0;2101.0;3129.0;-13.0;-22.0;-4.0;-116.0
2751.0;4798.0;8376.0;14349.0;2302.0;3296.0;2370.0;4241.0;7489.0;12882.0;2089.0;3123.0;-5.0;-22.0;-2.0;-116.0
2721.0;4789.0;8338.0;14220.0;2288.0;3271.0;2344.0;4200.0;7360.0;12693.0;2069.0;3087.0;-8.0;-21.0;-4.0;-115.0
2729.0;4805.0;8324.0;14169.0;2259.0;3227.0;2303.0;4111.0;7275.0;12545.0;2034.0;3012.0;-8.0;-21.0;-3.0;-115.0
2646.0;4664.0;8092.0;13773.0;2211.0;3168.0;2272.0;4047.0;7135.0;12279.0;2003.0;2991.0;-8.0;-21.0;-3.0;-116.0
2649.0;4679.0;8094.0;13782.0;2217.0;3175.0;2286.0;4089.0;7222.0;12456.0;2022.0;3035.0;-6.0;-21.0;-1.0;-110.0
2689.0;4737.0;8198.0;13899.0;2235.0;3204.0;2283.0;4057.0;7230.0;12507.0;2036.0;3036.0;-8.0;-21.0;-3.0;-116.0
2661.0;4692.0;8161.0;13917.0;2233.0;3181.0;2279.0;4096.0;7228.0;12457.0;2017.0;3038.0;-6.0;-23.0;-3.0;-117.0
2693.0;4751.0;8234.0;14059.0;2261.0;3234.0;2303.0;4140.0;7288.0;12593.0;2056.0;3077.0;-6.0;-26.0;-1.0;-124.0
2733.0;4823.0;8346.0;14220.0;2290.0;3263.0;2344.0;4186.0;7388.0;12717.0;2083.0;3103.0;-7.0;-26.0;-5.0;-124.0
2752.0;4856.0;8403.0;14341.0;2299.0;3300.0;2389.0;4271.0;7541.0;12948.0;2105.0;3135.0;-11.0;-26.0;-6.0;-124.0
2783.0;4905.0;8483.0;14435.0;2323.0;3329.0;2417.0;4295.0;7612.0;13052.0;2119.0;3146.0;-11.0;-26.0;-8.0;-124.0
2778.0;4911.0;8476.0;14408.0;2316.0;3299.0;2377.0;4261.0;7518.0;12899.0;2099.0;3133.0;-13.0;-25.0;-8.0;-122.0
2773.0;4879.0;8483.0;14409.0;2310.0;3294.0;2374.0;4252.0;7484.0;12873.0;2105.0;3124.0;-13.0;-25.0;-8.0;-122.0
2781.0;4904.0;8500.0;14438.0;2318.0;3287.0;2355.0;4214.0;7424.0;12823.0;2087.0;3130.0;-13.0;-25.0;-5.0;-125.0
2780.0;4882.0;8452.0;14413.0;2314.0;3313.0;2383.0;4259.0;7529.0;12920.0;2106.0;3147.0;-10.0;-25.0;-1.0;-130.0
2817.0;4950.0;8560.0;14593.0;2342.0;3353.0;2423.0;4313.0;7599.0;13115.0;2134.0;3195.0;-9.0;-25.0;-1.0;-130.0
2856.0;5029.0;8704.0;14751.0;2358.0;3376.0;2471.0;4399.0;7752.0;13312.0;2167.0;3224.0;-8.0;-25.0;-1.0;-131.0
2873.0;5042.0;8732.0;14822.0;2377.0;3386.0;2440.0;4361.0;7654.0;13173.0;2145.0;3198.0;-8.0;-21.0;-1.0;-131.0
2842.0;5007.0;8670.0;14679.0;2355.0;3376.0;2460.0;4397.0;7758.0;13303.0;2158.0;3201.0;-7.0;-26.0;-1.0;-131.0
2849.0;5009.0;8685.0;14711.0;2359.0;3385.0;2480.0;4403.0;7746.0;13333.0;2159.0;3223.0;-7.0;-26.0;-3.0;-131.0
2883.0;5052.0;8741.0;14802.0;2383.0;3410.0;2482.0;4415.0;7793.0;13399.0;2182.0;3240.0;-8.0;-21.0;-3.0;-131.0
2909.0;5128.0;8852.0;14996.0;2415.0;3442.0;2521.0;4490.0;7913.0;13544.0;2196.0;3266.0;-10.0;-26.0;-3.0;-132.0
2933.0;5142.0;8877.0;15091.0;2415.0;3432.0;2540.0;4511.0;7915.0;13619.0;2187.0;3251.0;-11.0;-29.0;-3.0;-145.0
2908.0;5090.0;8809.0;14900.0;2379.0;3369.0;2475.0;4404.0;7760.0;13239.0;2149.0;3206.0;-11.0;-29.0;-3.0;-145.0
2855.0;5030.0;8740.0;14793.0;2370.0;3411.0;2493.0;4452.0;7866.0;13524.0;2194.0;3267.0;-11.0;-29.0;-6.0;-148.0
2931.0;5123.0;8897.0;15088.0;2422.0;3453.0;2531.0;4500.0;7912.0;13609.0;2213.0;3297.0;-10.0;-29.0;-6.0;-148.0
2981.0;5219.0;9030.0;15277.0;2451.0;3489.0;2584.0;4601.0;8090.0;13889.0;2242.0;3344.0;-10.0;-31.0;-3.0;-148.0
3014.0;5300.0;9134.0;15452.0;2470.0;3530.0;2617.0;4640.0;8166.0;13946.0;2275.0;3359.0;-10.0;-25.0;-3.0;-148.0
3006.0;5269.0;9118.0;15485.0;2483.0;3541.0;2620.0;4646.0;8162.0;14010.0;2273.0;3365.0;-11.0;-25.0;-8.0;-148.0
3021.0;5303.0;9183.0;15551.0;2472.0;3504.0;2575.0;4599.0;8070.0;13811.0;2246.0;3329.0;-11.0;-28.0;-8.0;-145.0
2986.0;5240.0;9020.0;15255.0;2439.0;3467.0;2548.0;4516.0;7965.0;13618.0;2212.0;3276.0;-11.0;-30.0;-8.0;-142.0
2958.0;5185.0;8950.0;15165.0;2429.0;3478.0;2584.0;4576.0;8033.0;13746.0;2224.0;3332.0;-11.0;-28.0;-8.0;-142.0
3024.0;5300.0;9088.0;15443.0;2454.0;3483.0;2599.0;4607.0;8082.0;13765.0;2228.0;3316.0;-5.0;-30.0;-8.0;-142.0
3001.0;5255.0;9063.0;15344.0;2436.0;3464.0;2585.0;4589.0;8055.0;13731.0;2215.0;3300.0;-5.0;-28.0;-8.0;-145.0
2996.0;5237.0;9015.0;15206.0;2427.0;3448.0;2536.0;4503.0;7911.0;13562.0;2200.0;3272.0;-5.0;-30.0;-5.0;-147.0
2939.0;5162.0;8929.0;15134.0;2424.0;3464.0;2591.0;4577.0;8065.0;13790.0;2235.0;3326.0;-5.0;-33.0;-5.0;-147.0
3020.0;5278.0;9101.0;15353.0;2465.0;3515.0;2652.0;4689.0;8211.0;14036.0;2273.0;3378.0;-7.0;-33.0;-5.0;-154.0
3073.0;5404.0;9254.0;15685.0;2500.0;3564.0;2659.0;4731.0;8295.0;14114.0;2283.0;3390.0;-11.0;-34.0;-6.0;-155.0
3088.0;5415.0;9324.0;15719.0;2503.0;3546.0;2644.0;4700.0;8234.0;14002.0;2262.0;3353.0;-14.0;-34.0;-6.0;-155.0
3045.0;5320.0;9168.0;15478.0;2460.0;3508.0;2604.0;4645.0;8128.0;13915.0;2262.0;3357.0;-7.0;-34.0;-6.0;-155.0
3068.0;5384.0;9269.0;15665.0;2498.0;3566.0;2649.0;4717.0;8278.0;14143.0;2287.0;3397.0;-10.0;-31.0;-7.0;-155.0
3085.0;5415.0;9306.0;15697.0;2505.0;3587.0;2686.0;4758.0;8327.0;14316.0;2307.0;3411.0;-10.0;-31.0;-7.0;-154.0
3096.0;5410.0;9336.0;15751.0;2501.0;3572.0;2670.0;4751.0;8309.0;14162.0;2288.0;3401.0;-10.0;-31.0;-7.0;-154.0
3101.0;5450.0;9394.0;15788.0;2515.0;3584.0;2683.0;4732.0;8373.0;14281.0;2301.0;3424.0;-10.0;-31.0;-5.0;-154.0
3130.0;5475.0;9386.0;15764.0;2522.0;3587.0;2679.0;4720.0;8363.0;14304.0;2304.0;3428.0;-10.0;-38.0;-7.0;-157.0
3125.0;5459.0;9406.0;15887.0;2523.0;3592.0;2716.0;4792.0;8325.0;14242.0;2302.0;3412.0;-10.0;-38.0;-7.0;-159.0
3113.0;5450.0;9358.0;15816.0;2511.0;3576.0;2673.0;4742.0;8297.0;14098.0;2301.0;3409.0;-11.0;-38.0;-9.0;-159.0
3107.0;5432.0;9358.0;15858.0;2538.0;3612.0;2728.0;4825.0;8472.0;14429.0;2331.0;3444.0;-11.0;-35.0;-9.0;-157.0
3142.0;5507.0;9500.0;15995.0;2535.0;3586.0;2676.0;4752.0;8342.0;14298.0;2298.0;3413.0;-11.0;-34.0;-11.0;-151.0
3073.0;5400.0;9289.0;15689.0;2498.0;3560.0;2649.0;4687.0;8237.0;13987.0;2279.0;3385.0;-10.0;-32.0;-9.0;-148.0
3072.0;5378.0;9285.0;15667.0;2485.0;3539.0;2663.0;4710.0;8222.0;14009.0;2259.0;3356.0;-10.0;-30.0;-9.0;-148.0
3036.0;5318.0;9161.0;15448.0;2469.0;3518.0;2636.0;4665.0;8171.0;13974.0;2263.0;3353.0;-9.0;-30.0;-7.0;-151.0
3037.0;5325.0;9185.0;15469.0;2473.0;3521.0;2648.0;4657.0;8201.0;14089.0;2273.0;3385.0;-6.0;-29.0;-7.0;-152.0
3073.0;5382.0;9229.0;15590.0;2491.0;3530.0;2654.0;4705.0;8230.0;14048.0;2263.0;3377.0;-6.0;-29.0;-7.0;-153.0
3055.0;5361.0;9268.0;15585.0;2491.0;3555.0;2657.0;4706.0;8277.0;14092.0;2287.0;3401.0;-4.0;-32.0;-5.0;-157.0
3088.0;5419.0;9349.0;15816.0;2524.0;3598.0;2688.0;4782.0;8387.0;14339.0;2318.0;3453.0;-4.0;-32.0;-2.0;-166.0
3148.0;5506.0;9470.0;15958.0;2543.0;3619.0;2722.0;4829.0;8469.0;14503.0;2340.0;3471.0;-1.0;-35.0;2.0;-168.0
3173.0;5558.0;9569.0;16181.0;2576.0;3660.0;2744.0;4845.0;8494.0;14504.0;2343.0;3485.0;-1.0;-35.0;2.0;-168.0
3202.0;5601.0;9619.0;16258.0;2580.0;3669.0;2790.0;4937.0;8611.0;14704.0;2372.0;3526.0;-1.0;-35.0;2.0;-168.0
3224.0;5644.0;9673.0;16260.0;2589.0;3680.0;2769.0;4904.0;8596.0;14644.0;2374.0;3487.0;-15.0;-35.0;-2.0;-168.0
3204.0;5600.0;9597.0;16163.0;2579.0;3688.0;2752.0;4888.0;8585.0;14610.0;2363.0;3480.0;-15.0;-35.0;-9.0;-168.0
3202.0;5600.0;9619.0;16194.0;2573.0;3659.0;2770.0;4904.0;8615.0;14586.0;2346.0;3482.0;-15.0;-35.0;-9.0;-165.0
3200.0;5599.0;9624.0;16146.0;2583.0;3665.0;2756.0;4896.0;8600.0;14570.0;2373.0;3511.0;-16.0;-35.0;-9.0;-172.0
3219.0;5634.0;9724.0;16403.0;2607.0;3700.0;2826.0;4973.0;8703.0;14845.0;2394.0;3526.0;-13.0;-35.0;-9.0;-176.0
3239.0;5660.0;9705.0;16345.0;2599.0;3699.0;2802.0;4948.0;8675.0;14807.0;2385.0;3538.0;-12.0;-35.0;-9.0;-172.0
3222.0;5652.0;9712.0;16365.0;2611.0;3725.0;2845.0;5022.0;8742.0;14896.0;2407.0;3564.0;-5.0;-36.0;-7.0;-172.0
3275.0;5714.0;9850.0;16595.0;2635.0;3743.0;2873.0;5077.0;8874.0;15071.0;2430.0;3591.0;-12.0;-36.0;-7.0;-173.0
3314.0;5787.0;9923.0;16762.0;2652.0;3756.0;2860.0;5061.0;8846.0;15027.0;2411.0;3585.0;-8.0;-36.0;-6.0;-176.0
3284.0;5749.0;9884.0;16659.0;2641.0;3731.0;2841.0;5019.0;8787.0;14964.0;2412.0;3581.0;-5.0;-36.0;-5.0;-174.0
3320.0;5775.0;9896.0;16679.0;2656.0;3753.0;2863.0;5057.0;8839.0;15042.0;2427.0;3592.0;-8.0;-36.0;-6.0;-181.0
3321.0;5785.0;9919.0;16678.0;2647.0;3755.0;2865.0;5053.0;8833.0;15007.0;2422.0;3580.0;-8.0;-39.0;-6.0;-189.0
3295.0;5737.0;9881.0;16662.0;2641.0;3752.0;2856.0;5054.0;8844.0;15102.0;2430.0;3599.0;-8.0;-39.0;-8.0;-181.0
3337.0;5827.0;10012.0;16854.0;2676.0;3793.0;2888.0;5126.0;8939.0;15202.0;2446.0;3632.0;-9.0;-39.0;-8.0;-180.0
3344.0;5853.0;10045.0;16898.0;2680.0;3805.0;2910.0;5137.0;8984.0;15295.0;2470.0;3627.0;-13.0;-38.0;-9.0;-180.0
3339.0;5821.0;9986.0;16774.0;2663.0;3769.0;2879.0;5080.0;8869.0;15112.0;2442.0;3617.0;-13.0;-36.0;-8.0;-179.0
3341.0;5824.0;9982.0;16757.0;2657.0;3748.0;2865.0;5046.0;8850.0;15005.0;2414.0;3552.0;-13.0;-36.0;-11.0;-175.0
3294.0;5734.0;9866.0;16590.0;2628.0;3740.0;2866.0;5060.0;8803.0;15032.0;2410.0;3586.0;-9.0;-38.0;-4.0;-175.0
3301.0;5758.0;9899.0;16655.0;2650.0;3747.0;2890.0;5110.0;8910.0;15102.0;2433.0;3586.0;-13.0;-36.0;-11.0;-175.0
3330.0;5815.0;9963.0;16779.0;2651.0;3770.0;2911.0;5075.0;8924.0;15156.0;2433.0;3578.0;-13.0;-40.0;-6.0;-178.0
3334.0;5805.0;9982.0;16734.0;2659.0;3767.0;2893.0;5103.0;8911.0;15202.0;2434.0;3602.0;-13.0;-40.0;-6.0;-178.0
3321.0;5812.0;9959.0;16739.0;2663.0;3776.0;2883.0;5114.0;8937.0;15142.0;2438.0;3603.0;-9.0;-40.0;-5.0;-179.0
3348.0;5830.0;10002.0;16788.0;2658.0;3775.0;2891.0;5114.0;8918.0;15105.0;2434.0;3586.0;-11.0;-40.0;-6.0;-179.0
3316.0;5793.0;9970.0;16748.0;2662.0;3759.0;2878.0;5090.0;8893.0;15083.0;2422.0;3591.0;-9.0;-40.0;-5.0;-179.0
3288.0;5741.0;9850.0;16691.0;2656.0;3764.0;2885.0;5093.0;8892.0;15165.0;2435.0;3591.0;-7.0;-33.0;-4.0;-177.0
3319.0;5801.0;9965.0;16771.0;2667.0;3791.0;2879.0;5133.0;8934.0;15197.0;2443.0;3616.0;-7.0;-39.0;-5.0;-177.0
3362.0;5836.0;10020.0;16772.0;2659.0;3773.0;2859.0;5015.0;8789.0;14997.0;2417.0;3578.0;-7.0;-36.0;-5.0;-176.0
3304.0;5760.0;9905.0;16665.0;2637.0;3732.0;2860.0;5059.0;8807.0;14990.0;2404.0;3559.0;-7.0;-34.0;-2.0;-176.0
3297.0;5760.0;9859.0;16514.0;2629.0;3736.0;2886.0;5098.0;8853.0;14997.0;2410.0;3557.0;-7.0;-36.0;-5.0;-173.0
3297.0;5762.0;9868.0;16570.0;2633.0;3731.0;2872.0;5070.0;8823.0;14917.0;2411.0;3568.0;-7.0;-38.0;-5.0;-173.0
3293.0;5732.0;9856.0;16612.0;2626.0;3711.0;2853.0;5050.0;8781.0;14939.0;2404.0;3533.0;-17.0;-36.0;-4.0;-173.0
3291.0;5743.0;9884.0;16570.0;2633.0;3750.0;2897.0;5123.0;8942.0;15178.0;2435.0;3603.0;-7.0;-35.0;-2.0;-173.0
3345.0;5832.0;10000.0;16779.0;2655.0;3775.0;2903.0;5130.0;8957.0;15200.0;2433.0;3601.0;-6.0;-38.0;-4.0;-177.0
3317.0;5804.0;9951.0;16766.0;2646.0;3768.0;2880.0;5098.0;8875.0;15104.0;2402.0;3587.0;-5.0;-38.0;-3.0;-181.0
3342.0;5833.0;9987.0;16754.0;2648.0;3759.0;2895.0;5108.0;8896.0;15089.0;2428.0;3593.0;-6.0;-38.0;-4.0;-185.0
3342.0;5841.0;10020.0;16867.0;2675.0;3810.0;2952.0;5194.0;9061.0;15453.0;2483.0;3664.0;-5.0;-44.0;-3.0;-192.0
3391.0;5926.0;10180.0;17044.0;2715.0;3851.0;3002.0;5288.0;9193.0;15625.0;2512.0;3713.0;-2.0;-44.0;-5.0;-200.0
3454.0;6030.0;10333.0;17293.0;2736.0;3862.0;2986.0;5283.0;9187.0;15548.0;2490.0;3693.0;-2.0;-44.0;-4.0;-200.0
3462.0;6058.0;10340.0;17331.0;2746.0;3897.0;3032.0;5340.0;9306.0;15743.0;2524.0;3745.0;-15.0;-44.0;-5.0;-200.0
3499.0;6072.0;10437.0;17439.0;2766.0;3895.0;3050.0;5367.0;9367.0;15841.0;2542.0;3732.0;-2.0;-41.0;-4.0;-190.0
3483.0;6060.0;10322.0;17317.0;2736.0;3869.0;2982.0;5244.0;9153.0;15556.0;2497.0;3687.0;-5.0;-41.0;-4.0;-190.0
3435.0;5969.0;10199.0;17112.0;2726.0;3838.0;2986.0;5263.0;9157.0;15472.0;2499.0;3667.0;-12.0;-41.0;-4.0;-190.0
3432.0;5964.0;10210.0;17117.0;2718.0;3847.0;3011.0;5293.0;9229.0;15614.0;2511.0;3701.0;-12.0;-41.0;-8.0;-195.0
3430.0;5996.0;10280.0;17189.0;2734.0;3886.0;3034.0;5367.0;9307.0;15735.0;2531.0;3728.0;-10.0;-39.0;-4.0;-195.0
3486.0;6061.0;10376.0;17398.0;2752.0;3915.0;3035.0;5362.0;9310.0;15817.0;2543.0;3742.0;-10.0;-39.0;-4.0;-199.0
3487.0;6064.0;10421.0;17483.0;2763.0;3915.0;3044.0;5373.0;9350.0;15837.0;2534.0;3740.0;-10.0;-41.0;-7.0;-203.0
3510.0;6108.0;10429.0;17444.0;2773.0;3926.0;3050.0;5385.0;9334.0;15877.0;2540.0;3748.0;-10.0;-43.0;-4.0;-204.0
3497.0;6075.0;10389.0;17474.0;2764.0;3931.0;3029.0;5349.0;9340.0;15814.0;2537.0;3767.0;-10.0;-45.0;-4.0;-209.0
3511.0;6126.0;10470.0;17409.0;2749.0;3944.0;3076.0;5411.0;9446.0;16011.0;2562.0;3800.0;-12.0;-45.0;-7.0;-212.0
3585.0;6234.0;10688.0;17777.0;2829.0;3992.0;3117.0;5502.0;9561.0;16157.0;2597.0;3819.0;-12.0;-46.0;-7.0;-212.0
3598.0;6269.0;10687.0;17850.0;2824.0;4004.0;3152.0;5530.0;9590.0;16224.0;2608.0;3830.0;-12.0;-45.0;-3.0;-212.0
3606.0;6278.0;10779.0;17950.0;2844.0;4016.0;3138.0;5534.0;9582.0;16182.0;2598.0;3847.0;-13.0;-45.0;-13.0;-202.0
3585.0;6239.0;10658.0;17819.0;2810.0;3958.0;3069.0;5428.0;9457.0;15951.0;2573.0;3782.0;-8.0;-45.0;-3.0;-202.0
3545.0;6149.0;10519.0;17583.0;2789.0;3923.0;3059.0;5378.0;9343.0;15819.0;2541.0;3748.0;-8.0;-46.0;-3.0;-202.0
3520.0;6124.0;10469.0;17508.0;2782.0;3927.0;3063.0;5392.0;9401.0;15942.0;2558.0;3776.0;-15.0;-45.0;-13.0;-207.0
3535.0;6142.0;10561.0;17658.0;2798.0;3969.0;3116.0;5490.0;9512.0;16078.0;2583.0;3808.0;-15.0;-46.0;-13.0;-209.0
3589.0;6246.0;10674.0;17799.0;2825.0;3993.0;3114.0;5480.0;9522.0;16109.0;2589.0;3796.0;-15.0;-46.0;-10.0;-219.0
3591.0;6278.0;10753.0;17938.0;2852.0;4023.0;3108.0;5543.0;9598.0;16242.0;2611.0;3832.0;-15.0;-46.0;-10.0;-219.0
3604.0;6277.0;10696.0;17921.0;2847.0;4040.0;3167.0;5575.0;9682.0;16367.0;2628.0;3875.0;-15.0;-44.0;-10.0;-219.0
3636.0;6330.0;10831.0;18110.0;2869.0;4050.0;3177.0;5603.0;9728.0;16475.0;2641.0;3874.0;-7.0;-46.0;-4.0;-214.0
3650.0;6327.0;10791.0;17963.0;2857.0;4005.0;3156.0;5547.0;9633.0;16281.0;2594.0;3855.0;-7.0;-48.0;-3.0;-214.0
3623.0;6300.0;10767.0;18013.0;2834.0;4021.0;3137.0;5519.0;9580.0;16134.0;2597.0;3825.0;-7.0;-48.0;-2.0;-214.0
3614.0;6293.0;10719.0;17922.0;2833.0;4021.0;3156.0;5574.0;9666.0;16285.0;2611.0;3850.0;-13.0;-49.0;-3.0;-223.0
3636.0;6303.0;10771.0;17975.0;2848.0;4046.0;3153.0;5633.0;9786.0;16559.0;2637.0;3887.0;-7.0;-49.0;-2.0;-225.0
3650.0;6356.0;10855.0;18157.0;2876.0;4056.0;3185.0;5595.0;9725.0;16474.0;2640.0;3880.0;-8.0;-51.0;-3.0;-225.0
3657.0;6331.0;10830.0;18085.0;2875.0;4056.0;3185.0;5592.0;9654.0;16424.0;2637.0;3880.0;-13.0;-51.0;-4.0;-225.0
3672.0;6391.0;10953.0;18161.0;2889.0;4073.0;3222.0;5653.0;9792.0;16544.0;2652.0;3891.0;-8.0;-49.0;-7.0;-220.0
3693.0;6414.0;10938.0;18214.0;2886.0;4065.0;3179.0;5583.0;9722.0;16463.0;2637.0;3873.0;-6.0;-44.0;-7.0;-220.0
3644.0;6336.0;10836.0;18077.0;2866.0;4058.0;3216.0;5648.0;9757.0;16512.0;2632.0;3875.0;-6.0;-44.0;-7.0;-218.0
3673.0;6362.0;10853.0;18015.0;2851.0;4030.0;3170.0;5580.0;9682.0;16418.0;2622.0;3869.0;-6.0;-44.0;-1.0;-217.0
3637.0;6320.0;10827.0;18091.0;2868.0;4051.0;3213.0;5622.0;9761.0;16453.0;2629.0;3871.0;-6.0;-43.0;-1.0;-214.0
3650.0;6352.0;10835.0;18086.0;2863.0;4054.0;3181.0;5585.0;9728.0;16473.0;2637.0;3885.0;-10.0;-43.0;4.0;-215.0
3655.0;6362.0;10867.0;18108.0;2859.0;4017.0;3187.0;5587.0;9709.0;16427.0;2633.0;3871.0;-10.0;-43.0;-1.0;-217.0
3654.0;6337.0;10826.0;18021.0;2858.0;4020.0;3172.0;5568.0;9647.0;16326.0;2619.0;3857.0;-10.0;-51.0;-4.0;-217.0
3613.0;6283.0;10683.0;17936.0;2843.0;4023.0;3182.0;5583.0;9678.0;16359.0;2622.0;3883.0;-10.0;-49.0;-5.0;-224.0
3659.0;6376.0;10874.0;18165.0;2874.0;4079.0;3262.0;5717.0;9854.0;16583.0;2661.0;3917.0;-7.0;-49.0;-4.0;-225.0
3734.0;6465.0;10997.0;18362.0;2899.0;4073.0;3215.0;5652.0;9770.0;16511.0;2647.0;3883.0;-6.0;-51.0;-5.0;-225.0
3694.0;6399.0;10900.0;18131.0;2863.0;4040.0;3170.0;5584.0;9688.0;16358.0;2606.0;3829.0;-7.0;-49.0;-5.0;-224.0
3608.0;6271.0;10753.0;17937.0;2844.0;4034.0;3178.0;5592.0;9674.0;16356.0;2623.0;3875.0;-7.0;-49.0;-5.0;-223.0
3643.0;6320.0;10888.0;18077.0;2861.0;4056.0;3190.0;5613.0;9750.0;16501.0;2646.0;3897.0;-7.0;-48.0;-2.0;-221.0
3698.0;6409.0;10898.0;18116.0;2866.0;4045.0;3209.0;5636.0;9736.0;16481.0;2645.0;3882.0;-8.0;-49.0;-2.0;-221.0
3665.0;6366.0;10883.0;18119.0;2862.0;4040.0;3198.0;5601.0;9707.0;16361.0;2625.0;3840.0;-10.0;-49.0;-2.0;-221.0
3638.0;6303.0;10772.0;17975.0;2835.0;4020.0;3210.0;5645.0;9786.0;16467.0;2639.0;3878.0;-10.0;-49.0;-2.0;-220.0
3667.0;6375.0;10883.0;18153.0;2871.0;4057.0;3207.0;5634.0;9751.0;16510.0;2639.0;3882.0;-14.0;-49.0;-3.0;-229.0
3675.0;6346.0;10863.0;18163.0;2871.0;4055.0;3191.0;5609.0;9733.0;16405.0;2631.0;3871.0;-14.0;-49.0;-4.0;-229.0
3678.0;6370.0;10893.0;18087.0;2866.0;4048.0;3220.0;5637.0;9762.0;16398.0;2629.0;3885.0;-14.0;-50.0;-8.0;-229.0
3672.0;6389.0;10888.0;18195.0;2889.0;4082.0;3245.0;5711.0;9891.0;16644.0;2665.0;3924.0;-10.0;-50.0;-8.0;-230.0
3714.0;6474.0;11007.0;18318.0;2903.0;4083.0;3269.0;5734.0;9922.0;16740.0;2675.0;3930.0;-8.0;-51.0;-8.0;-232.0
3739.0;6470.0;11075.0;18344.0;2907.0;4105.0;3243.0;5690.0;9863.0;16688.0;2664.0;3918.0;-4.0;-53.0;-8.0;-239.0
3701.0;6433.0;10970.0;18324.0;2899.0;4104.0;3264.0;5746.0;9958.0;16786.0;2695.0;3951.0;-8.0;-51.0;-8.0;-239.0
3783.0;6558.0;11210.0;18512.0;2933.0;4150.0;3343.0;5843.0;10067.0;16960.0;2722.0;3983.0;-4.0;-53.0;-3.0;-239.0
3796.0;6588.0;11220.0;18576.0;2950.0;4158.0;3362.0;5858.0;10151.0;17060.0;2730.0;3990.0;-4.0;-54.0;-3.0;-239.0
3811.0;6620.0;11262.0;18642.0;2955.0;4161.0;3338.0;5859.0;10138.0;17057.0;2724.0;4001.0;-9.0;-53.0;-8.0;-238.0
3820.0;6616.0;11312.0;18691.0;2964.0;4151.0;3323.0;5819.0;10096.0;17064.0;2714.0;3980.0;-11.0;-54.0;-10.0;-238.0
3790.0;6558.0;11163.0;18568.0;2938.0;4136.0;3305.0;5793.0;10022.0;16886.0;2700.0;3953.0;-16.0;-54.0;-10.0;-243.0
3778.0;6541.0;11169.0;18450.0;2929.0;4105.0;3297.0;5775.0;9952.0;16781.0;2677.0;3935.0;-16.0;-57.0;-10.0;-243.0
3759.0;6502.0;11119.0;18452.0;2908.0;4121.0;3284.0;5769.0;9983.0;16849.0;2700.0;3977.0;-16.0;-56.0;-10.0;-243.0
3791.0;6557.0;11153.0;18504.0;2931.0;4132.0;3327.0;5823.0;10102.0;16983.0;2716.0;3979.0;-16.0;-57.0;-5.0;-244.0
3803.0;6581.0;11190.0;18532.0;2931.0;4147.0;3312.0;5790.0;10027.0;16910.0;2706.0;3972.0;-8.0;-57.0;-4.0;-244.0
3797.0;6586.0;11203.0;18562.0;2939.0;4160.0;3325.0;5837.0;10098.0;17037.0;2705.0;3985.0;-8.0;-57.0;-4.0;-252.0
3783.0;6588.0;11225.0;18593.0;2951.0;4188.0;3370.0;5900.0;10202.0;17189.0;2749.0;4027.0;-8.0;-58.0;-4.0;-252.0
3837.0;6651.0;11341.0;18777.0;2976.0;4187.0;3372.0;5891.0;10183.0;17132.0;2731.0;4016.0;-7.0;-58.0;-4.0;-252.0
3811.0;6640.0;11325.0;18785.0;2988.0;4205.0;3382.0;5917.0;10215.0;17256.0;2745.0;4011.0;-7.0;-57.0;-3.0;-248.0
3841.0;6666.0;11303.0;18835.0;2979.0;4209.0;3361.0;5889.0;10201.0;17157.0;2745.0;4024.0;-8.0;-54.0;-2.0;-237.0
3825.0;6618.0;11307.0;18680.0;2956.0;4161.0;3295.0;5798.0;9908.0;16872.0;2684.0;3973.0;-3.0;-51.0;-1.0;-236.0
3781.0;6547.0;11141.0;18485.0;2931.0;4152.0;3295.0;5758.0;9981.0;16815.0;2707.0;3980.0;-8.0;-50.0;-2.0;-232.0
3793.0;6553.0;11201.0;18567.0;2939.0;4131.0;3274.0;5737.0;9933.0;16760.0;2682.0;3942.0;-10.0;-50.0;-3.0;-232.0
3727.0;6472.0;11068.0;18394.0;2915.0;4113.0;3289.0;5774.0;9965.0;16801.0;2680.0;3945.0;-8.0;-52.0;-6.0;-232.0
3737.0;6484.0;11059.0;18358.0;2904.0;4076.0;3231.0;5680.0;9857.0;16659.0;2659.0;3920.0;-11.0;-52.0;-6.0;-232.0
3762.0;6504.0;11084.0;18361.0;2900.0;4095.0;3263.0;5732.0;9915.0;16631.0;2665.0;3914.0;-11.0;-52.0;-6.0;-232.0
3735.0;6483.0;11046.0;18342.0;2896.0;4089.0;3285.0;5760.0;9942.0;16764.0;2675.0;3934.0;-11.0;-52.0;-6.0;-245.0
3749.0;6480.0;11081.0;18393.0;2910.0;4132.0;3343.0;5843.0;10112.0;17036.0;2708.0;3986.0;-6.0;-50.0;-6.0;-246.0
3803.0;6613.0;11258.0;18632.0;2947.0;4164.0;3324.0;5846.0;10124.0;17087.0;2720.0;4001.0;-11.0;-50.0;-5.0;-246.0
3829.0;6640.0;11309.0;18704.0;2964.0;4180.0;3327.0;5856.0;10111.0;17009.0;2729.0;4001.0;-12.0;-50.0;-8.0;-248.0
3822.0;6615.0;11281.0;18635.0;2942.0;4144.0;3286.0;5792.0;10037.0;16895.0;2696.0;3985.0;-12.0;-51.0;-8.0;-255.0
3796.0;6589.0;11239.0;18576.0;2941.0;4161.0;3354.0;5898.0;10172.0;17082.0;2732.0;4028.0;-12.0;-53.0;-9.0;-257.0
3853.0;6673.0;11386.0;18811.0;2992.0;4210.0;3404.0;5966.0;10315.0;17356.0;2775.0;4074.0;-12.0;-55.0;-12.0;-257.0
3900.0;6760.0;11498.0;18999.0;3008.0;4250.0;3431.0;6007.0;10381.0;17304.0;2782.0;4062.0;-13.0;-59.0;-12.0;-257.0
3883.0;6721.0;11452.0;18833.0;2995.0;4201.0;3368.0;5893.0;10223.0;17227.0;2756.0;4038.0;-13.0;-59.0;-5.0;-252.0
3850.0;6674.0;11373.0;18809.0;2983.0;4181.0;3341.0;5851.0;10156.0;17151.0;2743.0;4023.0;-13.0;-58.0;-5.0;-246.0
3843.0;6657.0;11358.0;18825.0;2966.0;4196.0;3374.0;5875.0;10169.0;17161.0;2739.0;4004.0;-13.0;-55.0;-5.0;-246.0
3812.0;6590.0;11239.0;18670.0;2955.0;4173.0;3331.0;5822.0;10060.0;16972.0;2701.0;3971.0;-13.0;-58.0;-5.0;-241.0
3800.0;6597.0;11223.0;18597.0;2937.0;4148.0;3341.0;5842.0;10103.0;17018.0;2712.0;3971.0;-12.0;-55.0;-3.0;-241.0
3799.0;6597.0;11235.0;18631.0;2952.0;4164.0;3349.0;5871.0;10154.0;17112.0;2721.0;3995.0;-12.0;-58.0;-2.0;-242.0
3783.0;6586.0;11210.0;18606.0;2948.0;4160.0;3325.0;5854.0;10124.0;17007.0;2729.0;4004.0;-12.0;-55.0;-2.0;-246.0
3838.0;6643.0;11304.0;18706.0;2959.0;4152.0;3336.0;5862.0;10097.0;16995.0;2708.0;3977.0;-10.0;-58.0;-1.0;-246.0
3802.0;6577.0;11244.0;18581.0;2948.0;4166.0;3345.0;5871.0;10152.0;17094.0;2736.0;4021.0;-8.0;-58.0;-1.0;-262.0
3816.0;6625.0;11282.0;18718.0;2962.0;4186.0;3382.0;5933.0;10232.0;17095.0;2738.0;4023.0;-8.0;-61.0;-1.0;-264.0
3836.0;6636.0;11306.0;18784.0;2984.0;4223.0;3390.0;5940.0;10283.0;17328.0;2757.0;4045.0;-8.0;-61.0;-1.0;-264.0
3897.0;6742.0;11496.0;18936.0;3000.0;4219.0;3401.0;5959.0;10286.0;17267.0;2743.0;4043.0;-12.0;-61.0;1.0;-264.0
3944.0;6817.0;11569.0;18958.0;3014.0;4234.0;3408.0;5990.0;10322.0;17327.0;2766.0;4053.0;-18.0;-61.0;-1.0;-265.0
3922.0;6774.0;11569.0;18955.0;3013.0;4241.0;3411.0;5985.0;10312.0;17344.0;2769.0;4063.0;-18.0;-60.0;-3.0;-267.0
3915.0;6762.0;11474.0;18895.0;2991.0;4202.0;3374.0;5923.0;10200.0;17250.0;2746.0;4024.0;-15.0;-60.0;-6.0;-267.0
3850.0;6676.0;11387.0;18813.0;2988.0;4226.0;3407.0;5961.0;10306.0;17313.0;2774.0;4064.0;-15.0;-60.0;-6.0;-269.0
3949.0;6825.0;11562.0;19069.0;3030.0;4260.0;3442.0;6054.0;10495.0;17622.0;2809.0;4115.0;-14.0;-63.0;-8.0;-279.0
3946.0;6859.0;11651.0;19234.0;3043.0;4304.0;3470.0;6075.0;10515.0;17693.0;2817.0;4146.0;-11.0;-63.0;-8.0;-280.0
4007.0;6934.0;11765.0;19333.0;3069.0;4300.0;3491.0;6079.0;10535.0;17723.0;2823.0;4133.0;-11.0;-63.0;-8.0;-280.0
3953.0;6858.0;11695.0;19201.0;3065.0;4308.0;3491.0;6138.0;10576.0;17781.0;2834.0;4139.0;-3.0;-63.0;-2.0;-280.0
3964.0;6896.0;11688.0;19212.0;3062.0;4305.0;3483.0;6090.0;10509.0;17676.0;2819.0;4138.0;-3.0;-62.0;-2.0;-272.0
3995.0;6899.0;11719.0;19237.0;3060.0;4296.0;3499.0;6110.0;10485.0;17644.0;2822.0;4113.0;-3.0;-58.0;-2.0;-267.0
3969.0;6868.0;11674.0;19183.0;3046.0;4283.0;3461.0;6100.0;10509.0;17684.0;2821.0;4123.0;-9.0;-57.0;-4.0;-267.0
3972.0;6875.0;11692.0;19150.0;3045.0;4276.0;3450.0;6042.0;10423.0;17519.0;2796.0;4098.0;-9.0;-57.0;-10.0;-271.0
3974.0;6856.0;11639.0;19139.0;3020.0;4282.0;3481.0;6082.0;10477.0;17597.0;2808.0;4097.0;-9.0;-58.0;-10.0;-271.0
3956.0;6875.0;11652.0;19170.0;3054.0;4292.0;3539.0;6159.0;10620.0;17713.0;2827.0;4140.0;-9.0;-62.0;-6.0;-276.0
4020.0;6940.0;11830.0;19404.0;3081.0;4331.0;3545.0;6183.0;10660.0;17948.0;2847.0;4161.0;-10.0;-62.0;-6.0;-282.0
4023.0;6958.0;11816.0;19339.0;3089.0;4342.0;3539.0;6221.0;10690.0;17917.0;2850.0;4167.0;-7.0;-62.0;-3.0;-282.0
4040.0;6979.0;11873.0;19394.0;3093.0;4358.0;3552.0;6191.0;10586.0;17910.0;2856.0;4155.0;-7.0;-65.0;0.0;-281.0
4029.0;6958.0;11828.0;19386.0;3090.0;4321.0;3545.0;6195.0;10657.0;17910.0;2851.0;4158.0;-12.0;-65.0;-2.0;-281.0
4028.0;6982.0;11891.0;19430.0;3100.0;4349.0;3539.0;6180.0;10679.0;17911.0;2843.0;4159.0;-7.0;-65.0;-1.0;-281.0
4019.0;6944.0;11806.0;19368.0;3082.0;4326.0;3523.0;6056.0;10613.0;17902.0;2853.0;4161.0;-7.0;-64.0;-1.0;-281.0
4010.0;6929.0;11815.0;19349.0;3076.0;4322.0;3531.0;6167.0;10603.0;17817.0;2837.0;4140.0;-7.0;-65.0;-1.0;-291.0
4043.0;6982.0;11901.0;19483.0;3102.0;4369.0;3585.0;6240.0;10760.0;18068.0;2890.0;4210.0;-11.0;-64.0;-2.0;-291.0
4097.0;7100.0;12067.0;19588.0;3129.0;4370.0;3542.0;6193.0;10699.0;18015.0;2876.0;4191.0;-11.0;-64.0;-5.0;-291.0
4088.0;7078.0;11983.0;19586.0;3117.0;4382.0;3580.0;6262.0;10796.0;18108.0;2873.0;4190.0;-11.0;-63.0;-5.0;-290.0
4035.0;6998.0;11908.0;19491.0;3095.0;4355.0;3545.0;6187.0;10660.0;17911.0;2849.0;4159.0;-11.0;-63.0;-4.0;-290.0
4020.0;6945.0;11812.0;19396.0;3081.0;4345.0;3546.0;6205.0;10669.0;17928.0;2848.0;4170.0;-11.0;-63.0;-5.0;-290.0
4025.0;6991.0;11821.0;19393.0;3094.0;4359.0;3567.0;6208.0;10753.0;18056.0;2866.0;4190.0;-14.0;-64.0;-5.0;-294.0
4078.0;7053.0;12000.0;19596.0;3118.0;4383.0;3579.0;6255.0;10757.0;18081.0;2884.0;4198.0;-10.0;-68.0;-4.0;-294.0
4101.0;7101.0;12052.0;19617.0;3137.0;4394.0;3604.0;6296.0;10905.0;18270.0;2893.0;4231.0;-10.0;-68.0;-4.0;-294.0
4131.0;7115.0;12077.0;19662.0;3131.0;4404.0;3592.0;6292.0;10779.0;18159.0;2884.0;4204.0;0.0;-65.0;-4.0;-293.0
4094.0;7080.0;12004.0;19617.0;3123.0;4395.0;3594.0;6273.0;10800.0;18077.0;2886.0;4215.0;0.0;-65.0;-4.0;-293.0
4087.0;7048.0;11998.0;19595.0;3115.0;4395.0;3611.0;6290.0;10790.0;18136.0;2883.0;4205.0;-7.0;-68.0;0.0;-291.0
4117.0;7022.0;12000.0;19559.0;3113.0;4357.0;3567.0;6245.0;10714.0;17983.0;2867.0;4196.0;-11.0;-65.0;-4.0;-287.0
4070.0;7043.0;11943.0;19564.0;3127.0;4390.0;3601.0;6288.0;10837.0;18163.0;2881.0;4209.0;-11.0;-65.0;-4.0;-287.0
4123.0;7120.0;12065.0;19659.0;3140.0;4406.0;3594.0;6261.0;10777.0;18118.0;2881.0;4234.0;-7.0;-65.0;0.0;-290.0
4090.0;7079.0;12027.0;19620.0;3136.0;4388.0;3581.0;6257.0;10788.0;18138.0;2876.0;4209.0;-3.0;-65.0;6.0;-290.0
4109.0;7102.0;12049.0;19633.0;3127.0;4379.0;3588.0;6268.0;10793.0;18094.0;2883.0;4218.0;3.0;-65.0;5.0;-293.0
4106.0;7115.0;12058.0;19581.0;3122.0;4390.0;3562.0;6222.0;10740.0;18109.0;2885.0;4218.0;3.0;-65.0;4.0;-293.0
4088.0;7086.0;12040.0;19655.0;3127.0;4384.0;3577.0;6257.0;10805.0;18154.0;2887.0;4208.0;1.0;-68.0;4.0;-297.0
4102.0;7095.0;12041.0;19623.0;3129.0;4381.0;3599.0;6309.0;10866.0;18284.0;2888.0;4227.0;-5.0;-68.0;5.0;-297.0
4134.0;7135.0;12101.0;19684.0;3151.0;4410.0;3602.0;6304.0;10921.0;18138.0;2891.0;4245.0;-5.0;-68.0;-4.0;-293.0
4112.0;7089.0;12027.0;19634.0;3138.0;4397.0;3598.0;6295.0;10855.0;18159.0;2887.0;4220.0;-3.0;-72.0;3.0;-298.0
4095.0;7079.0;12021.0;19588.0;3118.0;4379.0;3569.0;6241.0;10731.0;18000.0;2852.0;4179.0;-3.0;-70.0;-5.0;-298.0
4059.0;7029.0;11949.0;19525.0;3113.0;4374.0;3578.0;6244.0;10794.0;18187.0;2886.0;4239.0;-6.0;-71.0;-5.0;-301.0
4166.0;7184.0;12206.0;19790.0;3161.0;4441.0;3613.0;6334.0;10928.0;18322.0;2925.0;4287.0;-7.0;-71.0;-3.0;-305.0
4187.0;7236.0;12223.0;19898.0;3191.0;4450.0;3691.0;6431.0;11059.0;18473.0;2927.0;4272.0;-11.0;-70.0;-3.0;-305.0
4163.0;7202.0;12259.0;19879.0;3180.0;4462.0;3637.0;6373.0;10946.0;18332.0;2925.0;4283.0;-11.0;-70.0;-7.0;-305.0
4165.0;7222.0;12259.0;19886.0;3185.0;4437.0;3657.0;6379.0;10982.0;18351.0;2918.0;4271.0;-12.0;-71.0;-6.0;-305.0
4157.0;7199.0;12261.0;19916.0;3172.0;4449.0;3665.0;6406.0;11029.0;18531.0;2946.0;4310.0;-12.0;-74.0;-6.0;-312.0
4217.0;7275.0;12404.0;20032.0;3213.0;4496.0;3713.0;6434.0;11151.0;18702.0;2963.0;4340.0;-14.0;-74.0;-6.0;-312.0
4243.0;7324.0;12411.0;20066.0;3213.0;4515.0;3722.0;6495.0;11177.0;18731.0;2964.0;4326.0;-12.0;-74.0;-6.0;-315.0
4243.0;7328.0;12399.0;20033.0;3217.0;4494.0;3694.0;6483.0;11135.0;18608.0;2942.0;4305.0;-14.0;-72.0;-6.0;-315.0
4183.0;7234.0;12301.0;19944.0;3194.0;4459.0;3683.0;6440.0;11065.0;18539.0;2940.0;4307.0;-14.0;-72.0;-4.0;-315.0
4236.0;7215.0;12372.0;19985.0;3200.0;4492.0;3716.0;6434.0;11107.0;18652.0;2955.0;4308.0;-14.0;-72.0;-4.0;-315.0
4235.0;7323.0;12431.0;20046.0;3212.0;4497.0;3714.0;6475.0;11130.0;18650.0;2956.0;4320.0;-7.0;-73.0;1.0;-315.0
4226.0;7312.0;12357.0;20020.0;3211.0;4494.0;3710.0;6464.0;11080.0;18617.0;2948.0;4298.0;-7.0;-73.0;-4.0;-317.0
4213.0;7282.0;12333.0;19917.0;3186.0;4474.0;3707.0;6461.0;11096.0;18531.0;2935.0;4281.0;-7.0;-73.0;-4.0;-314.0
4164.0;7190.0;12188.0;19805.0;3162.0;4445.0;3663.0;6399.0;11003.0;18387.0;2927.0;4284.0;-8.0;-73.0;-5.0;-308.0
4184.0;7227.0;12253.0;19909.0;3192.0;4495.0;3711.0;6486.0;11139.0;18654.0;2961.0;4317.0;-8.0;-73.0;-5.0;-308.0
4240.0;7303.0;12373.0;20002.0;3196.0;4484.0;3692.0;6463.0;11084.0;18544.0;2952.0;4304.0;-9.0;-72.0;-5.0;-320.0
4200.0;7283.0;12374.0;19993.0;3204.0;4498.0;3715.0;6474.0;11113.0;18633.0;2955.0;4297.0;-12.0;-72.0;-5.0;-314.0
4222.0;7284.0;12350.0;19998.0;3202.0;4487.0;3717.0;6478.0;11169.0;18730.0;2968.0;4320.0;-9.0;-72.0;-3.0;-320.0
4225.0;7284.0;12358.0;19927.0;3197.0;4469.0;3704.0;6450.0;11002.0;18441.0;2937.0;4303.0;-9.0;-72.0;-2.0;-320.0
4209.0;7269.0;12286.0;19926.0;3199.0;4470.0;3706.0;6454.0;11116.0;18558.0;2949.0;4281.0;-12.0;-73.0;-2.0;-321.0
4238.0;7303.0;12379.0;20059.0;3221.0;4496.0;3718.0;6477.0;11187.0;18639.0;2965.0;4294.0;-4.0;-75.0;-2.0;-330.0
4217.0;7296.0;12376.0;20005.0;3212.0;4483.0;3751.0;6530.0;11204.0;18786.0;2976.0;4332.0;-4.0;-76.0;-2.0;-331.0
4263.0;7347.0;12496.0;20065.0;3239.0;4553.0;3823.0;6662.0;11410.0;19035.0;3019.0;4375.0;-3.0;-78.0;0.0;-330.0
4354.0;7502.0;12698.0;20299.0;3260.0;4570.0;3809.0;6629.0;11371.0;19003.0;3006.0;4382.0;-9.0;-78.0;-2.0;-340.0
4301.0;7450.0;12608.0;20305.0;3270.0;4550.0;3781.0;6571.0;11295.0;18904.0;3004.0;4371.0;-9.0;-80.0;-4.0;-337.0
4310.0;7422.0;12586.0;20237.0;3253.0;4545.0;3799.0;6625.0;11384.0;18908.0;3020.0;4384.0;-9.0;-80.0;-4.0;-337.0
4327.0;7444.0;12594.0;20302.0;3269.0;4599.0;3812.0;6655.0;11442.0;19161.0;3042.0;4428.0;-8.0;-77.0;-2.0;-330.0
4394.0;7559.0;12780.0;20468.0;3288.0;4605.0;3900.0;6749.0;11546.0;19318.0;3030.0;4426.0;-8.0;-77.0;-2.0;-337.0
4400.0;7570.0;12785.0;20393.0;3275.0;4569.0;3794.0;6623.0;11349.0;18841.0;2999.0;4389.0;-8.0;-80.0;5.0;-337.0
4323.0;7467.0;12609.0;20302.0;3262.0;4579.0;3837.0;6696.0;11469.0;19183.0;3032.0;4411.0;-8.0;-80.0;5.0;-339.0
4372.0;7543.0;12777.0;20369.0;3293.0;4599.0;3812.0;6698.0;11540.0;19231.0;3040.0;4435.0;-8.0;-80.0;5.0;-339.0
4411.0;7570.0;12813.0;20438.0;3298.0;4603.0;3855.0;6738.0;11551.0;19206.0;3044.0;4417.0;-8.0;-80.0;-2.0;-339.0
4346.0;7484.0;12653.0;20326.0;3272.0;4585.0;3838.0;6666.0;11457.0;19157.0;3025.0;4399.0;-9.0;-74.0;-5.0;-334.0
4347.0;7499.0;12636.0;20256.0;3260.0;4563.0;3804.0;6628.0;11327.0;19022.0;3013.0;4404.0;-7.0;-74.0;-5.0;-334.0
4324.0;7455.0;12625.0;20311.0;3264.0;4579.0;3827.0;6653.0;11425.0;19013.0;3023.0;4396.0;-14.0;-74.0;-5.0;-334.0
4362.0;7493.0;12705.0;20364.0;3286.0;4598.0;3849.0;6722.0;11509.0;19198.0;3062.0;4454.0;-9.0;-74.0;-5.0;-343.0
4370.0;7547.0;12783.0;20472.0;3319.0;4629.0;3864.0;6714.0;11491.0;19284.0;3046.0;4433.0;-9.0;-75.0;-5.0;-345.0
4391.0;7569.0;12795.0;20466.0;3303.0;4592.0;3861.0;6686.0;11476.0;19190.0;3027.0;4392.0;-7.0;-78.0;-3.0;-345.0
4379.0;7519.0;12730.0;20369.0;3277.0;4599.0;3874.0;6729.0;11528.0;19213.0;3026.0;4416.0;-7.0;-81.0;1.0;-345.0
4410.0;7572.0;12802.0;20409.0;3293.0;4588.0;3854.0;6685.0;11496.0;19044.0;3032.0;4362.0;-7.0;-83.0;1.0;-345.0
4354.0;7532.0;12703.0;20392.0;3285.0;4598.0;3866.0;6729.0;11530.0;19209.0;3050.0;4430.0;-6.0;-83.0;1.0;-362.0
4410.0;7626.0;12869.0;20537.0;3327.0;4652.0;3925.0;6825.0;11699.0;19577.0;3084.0;4495.0;-7.0;-84.0;-4.0;-362.0
4485.0;7709.0;13012.0;20704.0;3357.0;4678.0;3907.0;6803.0;11648.0;19503.0;3090.0;4490.0;-4.0;-84.0;-4.0;-362.0
4449.0;7659.0;12985.0;20638.0;3339.0;4656.0;3942.0;6858.0;11736.0;19562.0;3096.0;4500.0;-4.0;-84.0;-4.0;-353.0
4496.0;7749.0;13088.0;20695.0;3353.0;4663.0;3928.0;6821.0;11664.0;19524.0;3075.0;4451.0;-4.0;-79.0;-4.0;-346.0
4430.0;7622.0;12938.0;20599.0;3331.0;4642.0;3877.0;6734.0;11604.0;19369.0;3055.0;4438.0;-4.0;-79.0;-2.0;-342.0
4424.0;7622.0;12926.0;20529.0;3313.0;4634.0;3878.0;6746.0;11585.0;19343.0;3063.0;4443.0;-4.0;-79.0;-2.0;-341.0
4437.0;7630.0;12852.0;20511.0;3312.0;4619.0;3883.0;6748.0;11582.0;19335.0;3058.0;4442.0;-6.0;-79.0;-5.0;-341.0
4391.0;7565.0;12776.0;20432.0;3300.0;4609.0;3879.0;6748.0;11566.0;19293.0;3045.0;4408.0;-10.0;-79.0;-6.0;-341.0
4412.0;7618.0;12844.0;20474.0;3292.0;4582.0;3851.0;6695.0;11484.0;19137.0;3032.0;4395.0;-14.0;-76.0;-5.0;-341.0
4347.0;7479.0;12648.0;20264.0;3278.0;4579.0;3894.0;6730.0;11527.0;19163.0;3022.0;4412.0;-14.0;-80.0;-5.0;-347.0
4393.0;7530.0;12738.0;20340.0;3291.0;4575.0;3835.0;6696.0;11457.0;19085.0;3033.0;4410.0;-14.0;-80.0;-5.0;-350.0
4421.0;7585.0;12837.0;20470.0;3292.0;4623.0;3903.0;6765.0;11618.0;19361.0;3059.0;4451.0;-12.0;-81.0;-3.0;-352.0
4481.0;7695.0;12935.0;20582.0;3335.0;4640.0;3888.0;6777.0;11592.0;19343.0;3067.0;4459.0;-12.0;-80.0;-3.0;-352.0
4431.0;7651.0;12954.0;20616.0;3324.0;4663.0;3915.0;6817.0;11686.0;19431.0;3072.0;4481.0;-7.0;-83.0;-2.0;-357.0
4507.0;7769.0;13077.0;20719.0;3346.0;4673.0;3900.0;6805.0;11671.0;19441.0;3085.0;4500.0;-12.0;-83.0;-10.0;-360.0
4434.0;7693.0;13001.0;20662.0;3343.0;4693.0;3973.0;6895.0;11786.0;19686.0;3113.0;4519.0;-12.0;-83.0;-1.0;-360.0
4481.0;7714.0;13075.0;20740.0;3369.0;4681.0;3968.0;6910.0;11825.0;19698.0;3101.0;4514.0;-12.0;-87.0;1.0;-364.0
4527.0;7807.0;13154.0;20866.0;3372.0;4706.0;4005.0;6942.0;11897.0;19784.0;3132.0;4544.0;-6.0;-87.0;3.0;-364.0
4537.0;7789.0;13210.0;20859.0;3376.0;4712.0;4011.0;6957.0;11913.0;19785.0;3128.0;4534.0;-12.0;-87.0;3.0;-364.0
4554.0;7757.0;13196.0;20757.0;3394.0;4713.0;4003.0;6954.0;11897.0;19798.0;3114.0;4526.0;-8.0;-85.0;5.0;-364.0
4539.0;7819.0;13161.0;20784.0;3361.0;4689.0;3949.0;6852.0;11726.0;19555.0;3082.0;4488.0;-6.0;-85.0;4.0;-361.0
4483.0;7705.0;13052.0;20674.0;3348.0;4662.0;3958.0;6884.0;11749.0;19602.0;3093.0;4507.0;-8.0;-85.0;-2.0;-361.0
4521.0;7778.0;13102.0;20775.0;3371.0;4685.0;3942.0;6878.0;11783.0;19666.0;3102.0;4509.0;-10.0;-85.0;-4.0;-359.0
4474.0;7698.0;13029.0;20665.0;3339.0;4687.0;3977.0;6933.0;11862.0;19716.0;3101.0;4496.0;-8.0;-85.0;-2.0;-359.0
4516.0;7765.0;13111.0;20757.0;3373.0;4702.0;3980.0;6926.0;11841.0;19744.0;3125.0;4521.0;-10.0;-84.0;-4.0;-359.0
4528.0;7785.0;13037.0;20815.0;3380.0;4709.0;3992.0;6868.0;11812.0;19779.0;3114.0;4519.0;-10.0;-87.0;-3.0;-366.0
4514.0;7750.0;13115.0;20755.0;3370.0;4701.0;3998.0;6941.0;11754.0;19666.0;3117.0;4528.0;-5.0;-85.0;-3.0;-366.0
4510.0;7774.0;13122.0;20794.0;3375.0;4719.0;3968.0;6919.0;11868.0;19772.0;3122.0;4521.0;-4.0;-84.0;2.0;-369.0
4551.0;7853.0;13227.0;20873.0;3385.0;4724.0;3978.0;6921.0;11886.0;19791.0;3131.0;4555.0;-4.0;-85.0;2.0;-369.0
4512.0;7759.0;13143.0;20801.0;3382.0;4710.0;4004.0;6943.0;11841.0;19726.0;3112.0;4527.0;-4.0;-85.0;2.0;-370.0
4517.0;7767.0;13094.0;20733.0;3357.0;4698.0;3988.0;6931.0;11844.0;19632.0;3114.0;4513.0;-4.0;-84.0;0.0;-369.0
4530.0;7774.0;13092.0;20770.0;3383.0;4722.0;4017.0;6972.0;11918.0;19841.0;3123.0;4549.0;-5.0;-84.0;-5.0;-369.0
4546.0;7830.0;13232.0;20858.0;3383.0;4695.0;3973.0;6933.0;11830.0;19656.0;3113.0;4541.0;-5.0;-82.0;-5.0;-369.0
4514.0;7759.0;13129.0;20755.0;3363.0;4697.0;3977.0;6915.0;11801.0;19610.0;3110.0;4500.0;-5.0;-82.0;-1.0;-369.0
4500.0;7744.0;13080.0;20673.0;3360.0;4679.0;3970.0;6917.0;11745.0;19673.0;3102.0;4477.0;-7.0;-88.0;-1.0;-369.0
4483.0;7723.0;13073.0;20727.0;3363.0;4693.0;4022.0;6984.0;11894.0;19805.0;3123.0;4535.0;-11.0;-88.0;0.0;-370.0
4569.0;7869.0;13239.0;20899.0;3403.0;4730.0;4041.0;7016.0;11988.0;19984.0;3168.0;4599.0;-11.0;-90.0;0.0;-381.0
4633.0;7972.0;13375.0;20976.0;3432.0;4767.0;4100.0;7111.0;12144.0;20111.0;3170.0;4586.0;-11.0;-90.0;0.0;-381.0
4614.0;7907.0;13308.0;20957.0;3408.0;4744.0;4035.0;7031.0;11911.0;20007.0;3152.0;4572.0;-8.0;-88.0;2.0;-381.0
4586.0;7874.0;13288.0;20902.0;3392.0;4730.0;4053.0;7030.0;12017.0;19940.0;3137.0;4540.0;-8.0;-85.0;2.0;-381.0
4517.0;7770.0;13104.0;20743.0;3361.0;4689.0;3985.0;6933.0;11869.0;19780.0;3115.0;4511.0;-4.0;-84.0;2.0;-375.0
4543.0;7803.0;13202.0;20807.0;3382.0;4714.0;4030.0;6978.0;11895.0;19886.0;3135.0;4571.0;-4.0;-84.0;2.0;-375.0
4622.0;7932.0;13362.0;20961.0;3402.0;4755.0;4068.0;7041.0;12023.0;19917.0;3138.0;4558.0;-7.0;-84.0;2.0;-384.0
4623.0;7919.0;13359.0;20947.0;3403.0;4758.0;4029.0;6992.0;12002.0;19951.0;3151.0;4573.0;-7.0;-92.0;2.0;-385.0
4611.0;7911.0;13366.0;20974.0;3418.0;4700.0;4044.0;7035.0;12067.0;20089.0;3175.0;4595.0;-8.0;-92.0;0.0;-385.0
4614.0;7943.0;13349.0;21002.0;3421.0;4774.0;4086.0;7084.0;12112.0;20122.0;3170.0;4591.0;-8.0;-94.0;0.0;-387.0
4603.0;7921.0;13366.0;20982.0;3423.0;4770.0;4071.0;7046.0;12077.0;20078.0;3166.0;4583.0;-7.0;-94.0;0.0;-387.0
4619.0;7941.0;13384.0;21014.0;3427.0;4757.0;4057.0;7049.0;12027.0;20038.0;3161.0;4585.0;-7.0;-94.0;1.0;-388.0
4644.0;7969.0;13452.0;21013.0;3433.0;4790.0;4093.0;7083.0;12099.0;20156.0;3181.0;4608.0;-6.0;-95.0;1.0;-393.0
4645.0;7994.0;13465.0;21104.0;3442.0;4798.0;4090.0;7103.0;12167.0;20265.0;3185.0;4628.0;-6.0;-95.0;5.0;-393.0
4651.0;7988.0;13481.0;21107.0;3443.0;4791.0;4046.0;7012.0;12042.0;20052.0;3181.0;4577.0;-6.0;-95.0;3.0;-393.0
4569.0;7849.0;13291.0;20955.0;3425.0;4805.0;4106.0;7115.0;12168.0;20241.0;3177.0;4612.0;-5.0;-90.0;3.0;-395.0
4641.0;7989.0;13483.0;21126.0;3448.0;4812.0;4121.0;7176.0;12208.0;20292.0;3211.0;4635.0;-5.0;-96.0;0.0;-395.0
4667.0;8013.0;13452.0;21069.0;3451.0;4818.0;4104.0;7126.0;12178.0;20287.0;3204.0;4641.0;-9.0;-93.0;0.0;-392.0
4676.0;8048.0;13566.0;21216.0;3470.0;4818.0;4103.0;7100.0;12134.0;20242.0;3195.0;4628.0;-12.0;-92.0;-2.0;-391.0
4662.0;8000.0;13473.0;21084.0;3443.0;4808.0;4122.0;7127.0;12147.0;20251.0;3197.0;4624.0;-12.0;-92.0;-2.0;-391.0
4660.0;8006.0;13518.0;21120.0;3457.0;4813.0;4081.0;7087.0;12035.0;20119.0;3182.0;4620.0;-12.0;-92.0;-3.0;-386.0
4663.0;7998.0;13490.0;21034.0;3444.0;4773.0;4073.0;7070.0;12070.0;20009.0;3153.0;4559.0;-11.0;-90.0;-4.0;-386.0
4618.0;7940.0;13383.0;20968.0;3401.0;4742.0;4045.0;7014.0;12011.0;20069.0;3165.0;4588.0;-11.0;-90.0;-3.0;-386.0
4607.0;7930.0;13377.0;21007.0;3426.0;4771.0;4106.0;7104.0;12169.0;20194.0;3190.0;4631.0;-10.0;-90.0;-2.0;-404.0
4672.0;8026.0;13492.0;21123.0;3452.0;4824.0;4128.0;7138.0;12223.0;20288.0;3214.0;4650.0;-11.0;-95.0;-3.0;-409.0
4701.0;8081.0;13602.0;21181.0;3477.0;4853.0;4183.0;7260.0;12436.0;20577.0;3233.0;4682.0;-12.0;-95.0;-2.0;-409.0
4740.0;8143.0;13684.0;21298.0;3498.0;4850.0;4182.0;7257.0;12382.0;20541.0;3239.0;4675.0;-12.0;-95.0;-2.0;-409.0
4741.0;8173.0;13739.0;21334.0;3504.0;4858.0;4180.0;7267.0;12371.0;20566.0;3236.0;4673.0;-14.0;-95.0;-2.0;-409.0
4706.0;8075.0;13535.0;21228.0;3462.0;4807.0;4104.0;7116.0;12119.0;20174.0;3178.0;4587.0;-14.0;-95.0;-3.0;-409.0
4616.0;7942.0;13395.0;21030.0;3427.0;4773.0;4098.0;7114.0;12117.0;20154.0;3179.0;4620.0;-14.0;-94.0;-3.0;-395.0
4691.0;8062.0;13555.0;21155.0;3459.0;4826.0;4146.0;7193.0;12274.0;20430.0;3224.0;4678.0;-13.0;-94.0;-4.0;-393.0
4724.0;8101.0;13598.0;21186.0;3462.0;4810.0;4124.0;7160.0;12205.0;20322.0;3190.0;4643.0;-13.0;-96.0;-4.0;-393.0
4686.0;8034.0;13545.0;21106.0;3436.0;4777.0;4068.0;7058.0;12059.0;20000.0;3166.0;4586.0;-8.0;-90.0;-3.0;-393.0
4655.0;7988.0;13477.0;21064.0;3444.0;4795.0;4128.0;7146.0;12217.0;20252.0;3181.0;4603.0;-10.0;-90.0;-4.0;-393.0
4644.0;7966.0;13457.0;21045.0;3429.0;4806.0;4132.0;7154.0;12252.0;20284.0;3206.0;4625.0;-8.0;-95.0;1.0;-414.0
4697.0;8082.0;13646.0;21228.0;3478.0;4838.0;4133.0;7195.0;12295.0;20517.0;3220.0;4677.0;-8.0;-95.0;2.0;-414.0
4738.0;8121.0;13720.0;21304.0;3501.0;4870.0;4149.0;7204.0;12277.0;20466.0;3231.0;4671.0;-10.0;-95.0;1.0;-416.0
4727.0;8106.0;13664.0;21307.0;3486.0;4853.0;4163.0;7201.0;12331.0;20428.0;3228.0;4669.0;-10.0;-98.0;2.0;-421.0
4754.0;8166.0;13748.0;21309.0;3508.0;4882.0;4212.0;7311.0;12461.0;20683.0;3263.0;4721.0;-13.0;-98.0;1.0;-427.0
4787.0;8239.0;13858.0;21440.0;3526.0;4911.0;4217.0;7301.0;12458.0;20689.0;3270.0;4724.0;-13.0;-103.0;1.0;-427.0
4793.0;8226.0;13862.0;21441.0;3528.0;4888.0;4196.0;7272.0;12471.0;20747.0;3222.0;4711.0;-6.0;-103.0;1.0;-427.0
4768.0;8190.0;13770.0;21361.0;3513.0;4903.0;4231.0;7300.0;12441.0;20672.0;3248.0;4725.0;-6.0;-102.0;2.0;-416.0
4791.0;8234.0;13849.0;21431.0;3529.0;4881.0;4185.0;7272.0;12414.0;20607.0;3252.0;4700.0;-6.0;-98.0;2.0;-404.0
4818.0;8241.0;13845.0;21357.0;3493.0;4854.0;4137.0;7212.0;12293.0;20421.0;3217.0;4649.0;-6.0;-94.0;2.0;-404.0
4724.0;8093.0;13613.0;21193.0;3464.0;4827.0;4136.0;7157.0;12254.0;20278.0;3210.0;4653.0;-8.0;-94.0;-6.0;-404.0
4705.0;8056.0;13582.0;21236.0;3465.0;4826.0;4181.0;7222.0;12334.0;20392.0;3207.0;4649.0;-15.0;-94.0;-6.0;-404.0
4698.0;8075.0;13607.0;21169.0;3464.0;4827.0;4154.0;7189.0;12266.0;20403.0;3224.0;4671.0;-11.0;-96.0;-6.0;-421.0
4756.0;8148.0;13738.0;21330.0;3500.0;4889.0;4223.0;7296.0;12399.0;20676.0;3254.0;4722.0;-11.0;-96.0;-7.0;-430.0
4790.0;8208.0;13823.0;21416.0;3527.0;4901.0;4247.0;7361.0;12575.0;20782.0;3270.0;4725.0;-8.0;-97.0;-7.0;-433.0
4795.0;8259.0;13880.0;21463.0;3534.0;4924.0;4255.0;7372.0;12558.0;20834.0;3291.0;4736.0;-6.0;-101.0;-3.0;-430.0
4821.0;8284.0;13913.0;21448.0;3536.0;4932.0;4256.0;7374.0;12610.0;20928.0;3292.0;4758.0;-6.0;-97.0;1.0;-430.0
4861.0;8312.0;14002.0;21567.0;3555.0;4933.0;4260.0;7360.0;12560.0;20841.0;3281.0;4737.0;-6.0;-97.0;1.0;-432.0
4842.0;8290.0;13903.0;21457.0;3543.0;4902.0;4227.0;7319.0;12444.0;20650.0;3253.0;4692.0;-11.0;-101.0;-2.0;-421.0
4775.0;8201.0;13805.0;21331.0;3513.0;4879.0;4197.0;7272.0;12469.0;20659.0;3260.0;4721.0;-11.0;-101.0;-2.0;-421.0
4808.0;8258.0;13874.0;21446.0;3527.0;4895.0;4243.0;7327.0;12479.0;20774.0;3269.0;4732.0;-11.0;-98.0;-2.0;-420.0
4811.0;8287.0;13936.0;21452.0;3534.0;4914.0;4263.0;7387.0;12576.0;20871.0;3278.0;4735.0;-11.0;-102.0;1.0;-422.0
4820.0;8245.0;13915.0;21491.0;3543.0;4893.0;4261.0;7360.0;12568.0;20754.0;3255.0;4722.0;-9.0;-98.0;2.0;-422.0
4797.0;8241.0;13864.0;21419.0;3525.0;4893.0;4206.0;7334.0;12512.0;20794.0;3257.0;4718.0;-9.0;-97.0;2.0;-426.0
4770.0;8184.0;13787.0;21398.0;3528.0;4901.0;4261.0;7406.0;12605.0;20871.0;3282.0;4750.0;-9.0;-98.0;-4.0;-427.0
4852.0;8293.0;14011.0;21564.0;3547.0;4931.0;4288.0;7419.0;12637.0;21019.0;3290.0;4761.0;-9.0;-97.0;-4.0;-427.0
4854.0;8343.0;14057.0;21508.0;3542.0;4937.0;4273.0;7398.0;12638.0;21003.0;3286.0;4727.0;-9.0;-97.0;-4.0;-429.0
4780.0;8230.0;13819.0;21360.0;3526.0;4906.0;4244.0;7333.0;12576.0;20820.0;3278.0;4723.0;-6.0;-97.0;-2.0;-429.0
4826.0;8271.0;13901.0;21446.0;3528.0;4895.0;4227.0;7303.0;12460.0;20645.0;3258.0;4705.0;-3.0;-101.0;0.0;-433.0
4810.0;8240.0;13847.0;21421.0;3535.0;4923.0;4268.0;7385.0;12607.0;20910.0;3294.0;4756.0;-3.0;-101.0;5.0;-436.0
4826.0;8288.0;13965.0;21567.0;3554.0;4917.0;4240.0;7351.0;12542.0;20838.0;3286.0;4754.0;-3.0;-103.0;4.0;-440.0
4802.0;8266.0;13939.0;21562.0;3565.0;4941.0;4254.0;7358.0;12574.0;20919.0;3287.0;4762.0;-6.0;-103.0;5.0;-440.0
4854.0;8340.0;14025.0;21625.0;3579.0;4972.0;4285.0;7405.0;12714.0;21056.0;3303.0;4770.0;-6.0;-103.0;4.0;-441.0
4890.0;8380.0;14115.0;21634.0;3592.0;4959.0;4309.0;7429.0;12645.0;20951.0;3302.0;4781.0;-6.0;-103.0;2.0;-441.0
4905.0;8438.0;14167.0;21690.0;3592.0;5000.0;4289.0;7459.0;12723.0;21201.0;3325.0;4801.0;-7.0;-103.0;2.0;-445.0
4886.0;8361.0;14091.0;21652.0;3601.0;4999.0;4324.0;7468.0;12737.0;21228.0;3333.0;4811.0;-10.0;-102.0;1.0;-445.0
4908.0;8433.0;14190.0;21643.0;3578.0;4989.0;4316.0;7460.0;12697.0;21077.0;3316.0;4781.0;-8.0;-104.0;2.0;-441.0
4868.0;8361.0;14066.0;21648.0;3575.0;4941.0;4255.0;7363.0;12563.0;20834.0;3279.0;4761.0;-8.0;-104.0;1.0;-441.0
4856.0;8345.0;14033.0;21614.0;3575.0;4959.0;4321.0;7455.0;12685.0;21030.0;3309.0;4781.0;-10.0;-106.0;1.0;-441.0
4871.0;8346.0;14110.0;21631.0;3578.0;4991.0;4309.0;7472.0;12726.0;21207.0;3329.0;4819.0;-8.0;-106.0;1.0;-441.0
4919.0;8440.0;14163.0;21695.0;3597.0;4975.0;4309.0;7464.0;12654.0;21097.0;3325.0;4771.0;-8.0;-106.0;-2.0;-441.0
4904.0;8423.0;14125.0;21670.0;3602.0;4987.0;4329.0;7492.0;12787.0;21183.0;3327.0;4806.0;-11.0;-104.0;-2.0;-442.0
4908.0;8412.0;14141.0;21665.0;3584.0;4991.0;4300.0;7461.0;12718.0;21161.0;3314.0;4796.0;-11.0;-104.0;-2.0;-447.0
4903.0;8403.0;14069.0;21575.0;3572.0;4975.0;4338.0;7504.0;12748.0;21147.0;3336.0;4813.0;-9.0;-104.0;1.0;-447.0
4928.0;8425.0;14195.0;21665.0;3605.0;4985.0;4337.0;7508.0;12757.0;21185.0;3327.0;4802.0;-9.0;-104.0;1.0;-452.0
4885.0;8376.0;14096.0;21633.0;3582.0;4975.0;4325.0;7488.0;12795.0;21075.0;3328.0;4815.0;-9.0;-105.0;2.0;-452.0
4932.0;8463.0;14212.0;21695.0;3585.0;4970.0;4293.0;7448.0;12704.0;21117.0;3321.0;4796.0;-7.0;-105.0;2.0;-452.0
4935.0;8472.0;14202.0;21657.0;3590.0;4983.0;4356.0;7523.0;12817.0;21185.0;3318.0;4814.0;-7.0;-103.0;2.0;-445.0
4915.0;8437.0;14189.0;21651.0;3592.0;4990.0;4321.0;7474.0;12797.0;21193.0;3313.0;4808.0;-7.0;-103.0;1.0;-446.0
4890.0;8397.0;14096.0;21663.0;3578.0;4970.0;4290.0;7433.0;12714.0;21031.0;3304.0;4786.0;-1.0;-103.0;1.0;-446.0
4879.0;8370.0;14087.0;21610.0;3580.0;4954.0;4294.0;7377.0;12672.0;21093.0;3322.0;4816.0;-1.0;-103.0;3.0;-446.0
4908.0;8410.0;14165.0;21703.0;3613.0;4989.0;4333.0;7518.0;12809.0;21259.0;3342.0;4832.0;-7.0;-105.0;4.0;-449.0
4896.0;8405.0;14127.0;21695.0;3604.0;4984.0;4317.0;7528.0;12838.0;21176.0;3330.0;4833.0;-7.0;-105.0;6.0;-454.0
4951.0;8484.0;14273.0;21717.0;3609.0;5005.0;4362.0;7522.0;12783.0;21274.0;3356.0;4819.0;-8.0;-105.0;4.0;-456.0
4903.0;8439.0;14165.0;21691.0;3600.0;4987.0;4324.0;7485.0;12755.0;21211.0;3327.0;4837.0;-8.0;-105.0;4.0;-454.0
4938.0;8488.0;14231.0;21746.0;3617.0;5008.0;4356.0;7523.0;12831.0;21279.0;3339.0;4807.0;-10.0;-105.0;1.0;-449.0
4891.0;8406.0;14109.0;21668.0;3601.0;4984.0;4339.0;7518.0;12772.0;21224.0;3322.0;4808.0;-10.0;-107.0;0.0;-445.0
4906.0;8403.0;14131.0;21684.0;3581.0;4974.0;4352.0;7534.0;12777.0;21158.0;3318.0;4792.0;-10.0;-107.0;1.0;-445.0
4882.0;8384.0;14082.0;21604.0;3567.0;4962.0;4316.0;7476.0;12743.0;21105.0;3294.0;4777.0;-10.0;-108.0;0.0;-445.0
4895.0;8394.0;14108.0;21574.0;3563.0;4939.0;4290.0;7424.0;12664.0;20985.0;3296.0;4769.0;-10.0;-108.0;0.0;-446.0
4887.0;8379.0;14091.0;21616.0;3584.0;4978.0;4346.0;7502.0;12792.0;21201.0;3321.0;4795.0;-10.0;-107.0;0.0;-465.0
4877.0;8377.0;14099.0;21659.0;3594.0;4989.0;4311.0;7479.0;12720.0;21155.0;3323.0;4808.0;-10.0;-108.0;-4.0;-465.0
4891.0;8394.0;14104.0;21631.0;3581.0;4988.0;4332.0;7501.0;12803.0;21227.0;3343.0;4833.0;-10.0;-111.0;-5.0;-457.0
4967.0;8503.0;14314.0;21819.0;3632.0;5034.0;4386.0;7594.0;12875.0;21373.0;3350.0;4827.0;-11.0;-111.0;-4.0;-457.0
4929.0;8468.0;14212.0;21719.0;3602.0;4990.0;4341.0;7517.0;12736.0;21112.0;3327.0;4786.0;-11.0;-111.0;-4.0;-457.0
4910.0;8415.0;14108.0;21631.0;3581.0;4981.0;4326.0;7454.0;12723.0;20990.0;3327.0;4808.0;-11.0;-111.0;-2.0;-457.0
4956.0;8465.0;14260.0;21746.0;3614.0;5017.0;4348.0;7488.0;12767.0;21164.0;3327.0;4816.0;-5.0;-111.0;5.0;-464.0
4932.0;8468.0;14252.0;21700.0;3590.0;4968.0;4311.0;7466.0;12749.0;21167.0;3318.0;4822.0;-5.0;-109.0;5.0;-471.0
4949.0;8502.0;14259.0;21755.0;3623.0;5050.0;4407.0;7612.0;12913.0;21439.0;3372.0;4863.0;-4.0;-109.0;4.0;-471.0
4972.0;8537.0;14352.0;21833.0;3637.0;5059.0;4407.0;7620.0;12998.0;21537.0;3382.0;4883.0;-4.0;-112.0;4.0;-471.0
4976.0;8535.0;14341.0;21852.0;3622.0;5052.0;4382.0;7598.0;12996.0;21111.0;3368.0;4877.0;-4.0;-112.0;4.0;-469.0
4999.0;8564.0;14373.0;21847.0;3641.0;5036.0;4350.0;7516.0;12831.0;21327.0;3348.0;4843.0;-4.0;-107.0;4.0;-465.0
4970.0;8509.0;14303.0;21815.0;3628.0;5033.0;4350.0;7533.0;12883.0;21374.0;3348.0;4835.0;-8.0;-109.0;6.0;-464.0
4945.0;8509.0;14272.0;21831.0;3618.0;5025.0;4403.0;7593.0;12891.0;21370.0;3339.0;4829.0;-8.0;-107.0;4.0;-459.0
4968.0;8499.0;14265.0;21706.0;3615.0;5012.0;4350.0;7542.0;12863.0;21310.0;3339.0;4820.0;-6.0;-106.0;-2.0;-454.0
4941.0;8464.0;14199.0;21744.0;3613.0;4977.0;4341.0;7480.0;12770.0;21129.0;3320.0;4807.0;-9.0;-107.0;-6.0;-454.0
4923.0;8432.0;14131.0;21634.0;3582.0;4923.0;4292.0;7434.0;12651.0;20925.0;3283.0;4720.0;-8.0;-107.0;-6.0;-454.0
4839.0;8283.0;13932.0;21499.0;3539.0;4932.0;4274.0;7413.0;12624.0;20897.0;3282.0;4758.0;-6.0;-107.0;-6.0;-467.0
4902.0;8410.0;14128.0;21636.0;3586.0;4989.0;4347.0;7528.0;12822.0;21218.0;3341.0;4816.0;-8.0;-113.0;-6.0;-471.0
4958.0;8489.0;14217.0;21741.0;3602.0;4999.0;4366.0;7563.0;12885.0;21312.0;3341.0;4827.0;-12.0;-113.0;-3.0;-471.0
4946.0;8466.0;14222.0;21711.0;3594.0;5001.0;4376.0;7574.0;12864.0;21327.0;3347.0;4821.0;-8.0;-113.0;-3.0;-471.0
4913.0;8454.0;14201.0;21701.0;3604.0;5013.0;4354.0;7524.0;12844.0;21297.0;3340.0;4811.0;-7.0;-113.0;4.0;-472.0
4952.0;8508.0;14264.0;21765.0;3630.0;5007.0;4407.0;7612.0;12944.0;21477.0;3367.0;4865.0;-12.0;-112.0;4.0;-472.0
4971.0;8525.0;14401.0;21873.0;3648.0;5069.0;4465.0;7707.0;13130.0;21723.0;3395.0;4915.0;-7.0;-111.0;4.0;-468.0
5038.0;8641.0;14528.0;21914.0;3676.0;5101.0;4512.0;7784.0;13227.0;21832.0;3419.0;4930.0;-7.0;-112.0;-1.0;-477.0
5041.0;8665.0;14489.0;21921.0;3657.0;5054.0;4373.0;7585.0;12890.0;21411.0;3355.0;4858.0;-7.0;-115.0;-2.0;-477.0
4969.0;8489.0;14275.0;21763.0;3637.0;5025.0;4402.0;7583.0;12906.0;21435.0;3366.0;4872.0;-7.0;-111.0;-2.0;-477.0
4988.0;8540.0;14350.0;21861.0;3641.0;5059.0;4397.0;7612.0;12992.0;21512.0;3384.0;4871.0;-3.0;-115.0;-1.0;-480.0
5046.0;8645.0;14545.0;21957.0;3669.0;5088.0;4484.0;7720.0;13117.0;21770.0;3409.0;4899.0;-7.0;-117.0;-3.0;-486.0
5049.0;8641.0;14514.0;21923.0;3660.0;5082.0;4462.0;7716.0;13131.0;21748.0;3422.0;4909.0;-6.0;-121.0;1.0;-494.0
5068.0;8666.0;14555.0;21996.0;3688.0;5097.0;4478.0;7729.0;13183.0;21795.0;3414.0;4897.0;-2.0;-121.0;4.0;-492.0
5048.0;8648.0;14545.0;21972.0;3674.0;5099.0;4502.0;7779.0;13206.0;21808.0;3430.0;4943.0;-6.0;-121.0;1.0;-494.0
5081.0;8700.0;14597.0;22030.0;3713.0;5113.0;4514.0;7783.0;13274.0;21937.0;3432.0;4942.0;-6.0;-120.0;1.0;-494.0
5130.0;8780.0;14664.0;22079.0;3699.0;5130.0;4480.0;7757.0;13192.0;21824.0;3432.0;4941.0;-6.0;-118.0;1.0;-492.0
5097.0;8729.0;14682.0;22080.0;3695.0;5138.0;4460.0;7723.0;13165.0;21788.0;3409.0;4917.0;-8.0;-116.0;0.0;-471.0
5062.0;8664.0;14552.0;21961.0;3653.0;5052.0;4414.0;7649.0;12978.0;21495.0;3372.0;4813.0;-8.0;-107.0;0.0;-444.0
5001.0;8556.0;14290.0;21798.0;3611.0;4996.0;4360.0;7509.0;12774.0;21236.0;3324.0;4791.0;-6.0;-107.0;10.0;-444.0
4915.0;8446.0;14148.0;21681.0;3577.0;4957.0;4323.0;7480.0;12751.0;21140.0;3317.0;4777.0;-8.0;-107.0;10.0;-444.0
4892.0;8397.0;14059.0;21574.0;3557.0;4951.0;4326.0;7452.0;12668.0;21051.0;3312.0;4778.0;-8.0;-109.0;10.0;-450.0
4896.0;8391.0;14145.0;21664.0;3590.0;4964.0;4358.0;7526.0;12795.0;21124.0;3320.0;4804.0;-8.0;-110.0;6.0;-458.0
4928.0;8473.0;14204.0;21681.0;3586.0;4981.0;4373.0;7569.0;12843.0;21137.0;3310.0;4773.0;-10.0;-110.0;-5.0;-458.0
4945.0;8460.0;14219.0;21746.0;3601.0;4980.0;4337.0;7510.0;12773.0;21172.0;3349.0;4781.0;-14.0;-110.0;-5.0;-458.0
4981.0;8522.0;14282.0;21825.0;3599.0;4988.0;4356.0;7490.0;12845.0;21284.0;3341.0;4801.0;-14.0;-108.0;-5.0;-452.0
4923.0;8444.0;14198.0;21638.0;3570.0;4959.0;4303.0;7441.0;12674.0;20977.0;3270.0;4753.0;-10.0;-106.0;-5.0;-448.0
4921.0;8422.0;14085.0;21651.0;3579.0;4976.0;4364.0;7551.0;12828.0;21190.0;3323.0;4784.0;-9.0;-105.0;-3.0;-444.0
4919.0;8430.0;14182.0;21630.0;3580.0;4976.0;4307.0;7465.0;12707.0;21064.0;3314.0;4798.0;-9.0;-105.0;-2.0;-444.0
4909.0;8419.0;14144.0;21648.0;3578.0;4965.0;4281.0;7445.0;12682.0;21061.0;3305.0;4760.0;-7.0;-106.0;-1.0;-448.0
4872.0;8344.0;13999.0;21568.0;3568.0;4990.0;4377.0;7532.0;12924.0;21410.0;3369.0;4873.0;-7.0;-117.0;1.0;-493.0
5022.0;8591.0;14452.0;21948.0;3673.0;5076.0;4475.0;7729.0;13180.0;21721.0;3412.0;4938.0;-9.0;-118.0;1.0;-493.0
5060.0;8687.0;14636.0;22072.0;3694.0;5114.0;4509.0;7806.0;13273.0;21950.0;3423.0;4950.0;-9.0;-118.0;1.0;-493.0
5099.0;8744.0;14674.0;22031.0;3700.0;5099.0;4494.0;7792.0;13178.0;21722.0;3409.0;4909.0;-9.0;-117.0;1.0;-470.0
5075.0;8672.0;14580.0;21962.0;3672.0;5084.0;4421.0;7654.0;13002.0;21535.0;3377.0;4856.0;-9.0;-117.0;1.0;-470.0
5012.0;8558.0;14374.0;21828.0;3642.0;5048.0;4397.0;7652.0;12961.0;21511.0;3363.0;4861.0;-9.0;-117.0;1.0;-470.0
5015.0;8594.0;14437.0;21826.0;3648.0;5060.0;4441.0;7662.0;13042.0;21559.0;3373.0;4856.0;-7.0;-117.0;5.0;-476.0
4984.0;8544.0;14358.0;21826.0;3638.0;5070.0;4429.0;7655.0;13041.0;21622.0;3391.0;4910.0;-6.0;-117.0;5.0;-481.0
5071.0;8678.0;14574.0;22032.0;3692.0;5102.0;4472.0;7737.0;13208.0;21808.0;3414.0;4931.0;-2.0;-117.0;3.0;-481.0
5120.0;8755.0;14661.0;22047.0;3689.0;5095.0;4460.0;7705.0;13078.0;21693.0;3387.0;4885.0;-6.0;-113.0;5.0;-491.0
5062.0;8581.0;14505.0;21952.0;3664.0;5052.0;4428.0;7658.0;13010.0;21468.0;3373.0;4866.0;-6.0;-113.0;3.0;-491.0
5013.0;8582.0;14416.0;21821.0;3643.0;5046.0;4422.0;7639.0;12978.0;21488.0;3315.0;4854.0;-10.0;-113.0;4.0;-491.0
5009.0;8591.0;14466.0;21893.0;3663.0;5085.0;4497.0;7742.0;13224.0;21778.0;3424.0;4928.0;-10.0;-115.0;1.0;-509.0
5112.0;8748.0;14671.0;22089.0;3705.0;5114.0;4537.0;7739.0;13306.0;21935.0;3436.0;4971.0;-12.0;-115.0;1.0;-509.0
5142.0;8788.0;14747.0;22166.0;3727.0;5169.0;4566.0;7889.0;13386.0;22070.0;3468.0;4983.0;-10.0;-115.0;1.0;-509.0
5160.0;8832.0;14778.0;22093.0;3697.0;5119.0;4470.0;7719.0;13119.0;21709.0;3409.0;4894.0;-9.0;-117.0;3.0;-488.0
5084.0;8677.0;14531.0;21953.0;3667.0;5082.0;4459.0;7721.0;13104.0;21686.0;3384.0;4873.0;-9.0;-117.0;10.0;-487.0
5049.0;8622.0;14472.0;21960.0;3672.0;5076.0;4487.0;7728.0;13113.0;21646.0;3391.0;4873.0;-12.0;-118.0;3.0;-487.0
5017.0;8591.0;14428.0;21923.0;3657.0;5045.0;4420.0;7628.0;12991.0;21508.0;3367.0;4873.0;-5.0;-118.0;3.0;-488.0
5059.0;8668.0;14466.0;21839.0;3661.0;5070.0;4473.0;7743.0;13162.0;21691.0;3405.0;4906.0;-11.0;-120.0;1.0;-520.0
5077.0;8705.0;14628.0;22040.0;3697.0;5138.0;4543.0;7846.0;13310.0;22022.0;3464.0;4982.0;-11.0;-127.0;1.0;-525.0
5164.0;8857.0;14904.0;22209.0;3744.0;5197.0;4574.0;7920.0;13466.0;22215.0;3492.0;5034.0;-11.0;-127.0;2.0;-532.0
5207.0;8914.0;14930.0;22318.0;3765.0;5212.0;4606.0;7948.0;13509.0;22318.0;3488.0;5023.0;-2.0;-130.0;11.0;-533.0
5215.0;8917.0;14990.0;22342.0;3778.0;5222.0;4602.0;7956.0;13557.0;22458.0;3514.0;5058.0;0.0;-130.0;10.0;-534.0
5230.0;8972.0;15036.0;22423.0;3789.0;5237.0;4640.0;8022.0;13591.0;22411.0;3496.0;5047.0;0.0;-130.0;10.0;-534.0
5217.0;8928.0;14964.0;22251.0;3784.0;5230.0;4629.0;8003.0;13526.0;22401.0;3495.0;5034.0;-7.0;-130.0;10.0;-534.0
5232.0;8964.0;15031.0;22336.0;3764.0;5210.0;4633.0;8000.0;13593.0;22432.0;3504.0;5035.0;-6.0;-131.0;8.0;-534.0
5247.0;8959.0;15039.0;22342.0;3773.0;5171.0;4573.0;7863.0;13372.0;21982.0;3444.0;4965.0;-7.0;-131.0;8.0;-536.0
5101.0;8770.0;14676.0;22077.0;3690.0;5096.0;4498.0;7717.0;13138.0;21758.0;3416.0;4922.0;-7.0;-131.0;1.0;-541.0
5129.0;8798.0;14729.0;22150.0;3721.0;5172.0;4614.0;7927.0;13503.0;22288.0;3486.0;4996.0;-7.0;-131.0;6.0;-544.0
5225.0;8939.0;15008.0;22340.0;3788.0;5251.0;4627.0;7999.0;13509.0;22532.0;3521.0;5059.0;-7.0;-131.0;1.0;-548.0
5283.0;9049.0;15151.0;22432.0;3811.0;5300.0;4684.0;8065.0;13633.0;22608.0;3541.0;5095.0;-7.0;-132.0;1.0;-550.0
5286.0;9037.0;15129.0;22392.0;3815.0;5280.0;4653.0;8048.0;13722.0;22653.0;3544.0;5099.0;-14.0;-131.0;1.0;-550.0
5296.0;9052.0;15155.0;22468.0;3826.0;5284.0;4663.0;8053.0;13682.0;22590.0;3535.0;5090.0;-8.0;-131.0;-2.0;-550.0
5285.0;9032.0;15135.0;22420.0;3814.0;5258.0;4659.0;8005.0;13608.0;22434.0;3514.0;5068.0;-14.0;-132.0;-4.0;-550.0
5283.0;9017.0;15084.0;22375.0;3803.0;5261.0;4690.0;8101.0;13726.0;22610.0;3529.0;5096.0;-8.0;-132.0;-2.0;-550.0
5299.0;9061.0;15167.0;22462.0;3827.0;5303.0;4731.0;8161.0;13812.0;22737.0;3561.0;5127.0;-11.0;-132.0;-2.0;-550.0
5380.0;9175.0;15302.0;22575.0;3837.0;5294.0;4704.0;8119.0;13787.0;22749.0;3569.0;5109.0;-8.0;-132.0;1.0;-550.0
5358.0;9155.0;15343.0;22541.0;3834.0;5289.0;4737.0;8154.0;13871.0;22811.0;3554.0;5107.0;-10.0;-132.0;1.0;-546.0
5337.0;9122.0;15294.0;22490.0;3833.0;5300.0;4744.0;8179.0;13852.0;22809.0;3557.0;5116.0;-9.0;-132.0;5.0;-546.0
5323.0;9070.0;15181.0;22468.0;3820.0;5272.0;4709.0;8139.0;13752.0;22711.0;3556.0;5082.0;-9.0;-132.0;5.0;-546.0
5295.0;9050.0;15185.0;22417.0;3813.0;5253.0;4652.0;8015.0;13604.0;22467.0;3519.0;5070.0;-9.0;-130.0;5.0;-544.0
5302.0;9041.0;15202.0;22468.0;3819.0;5285.0;4705.0;8118.0;13659.0;22700.0;3548.0;5096.0;-9.0;-129.0;5.0;-544.0
5319.0;9097.0;15215.0;22477.0;3835.0;5278.0;4702.0;8118.0;13771.0;22656.0;3555.0;5075.0;-8.0;-129.0;5.0;-544.0
5287.0;9055.0;15171.0;22408.0;3809.0;5253.0;4670.0;8082.0;13700.0;22550.0;3525.0;5075.0;-3.0;-130.0;6.0;-551.0
5289.0;9058.0;15167.0;22427.0;3804.0;5253.0;4644.0;8054.0;13684.0;22538.0;3520.0;5073.0;-8.0;-130.0;11.0;-551.0
5304.0;9074.0;15180.0;22372.0;3802.0;5277.0;4673.0;8049.0;13636.0;22471.0;3517.0;5047.0;-8.0;-131.0;11.0;-551.0
5335.0;9122.0;15168.0;22468.0;3815.0;5260.0;4694.0;8068.0;13669.0;22573.0;3544.0;5073.0;-8.0;-134.0;6.0;-566.0
5315.0;9099.0;15232.0;22468.0;3814.0;5296.0;4728.0;8142.0;13798.0;22758.0;3572.0;5072.0;-8.0;-134.0;8.0;-566.0
5367.0;9176.0;15366.0;22590.0;3856.0;5334.0;4769.0;8171.0;13907.0;22905.0;3576.0;5147.0;-8.0;-134.0;5.0;-566.0
5382.0;9182.0;15390.0;22593.0;3879.0;5331.0;4735.0;8148.0;13841.0;22828.0;3554.0;5131.0;-2.0;-132.0;5.0;-554.0
5371.0;9178.0;15363.0;22573.0;3841.0;5291.0;4696.0;8086.0;13704.0;22702.0;3533.0;5086.0;-1.0;-131.0;5.0;-554.0
5276.0;9030.0;15102.0;22341.0;3802.0;5226.0;4653.0;8031.0;13622.0;22389.0;3483.0;5010.0;-1.0;-131.0;5.0;-552.0
5235.0;8977.0;15056.0;22338.0;3800.0;5236.0;4669.0;8063.0;13710.0;22605.0;3531.0;5074.0;-1.0;-131.0;5.0;-552.0
5315.0;9103.0;15224.0;22427.0;3800.0;5265.0;4649.0;8035.0;13643.0;22529.0;3528.0;5096.0;-7.0;-134.0;10.0;-555.0
5280.0;9029.0;15118.0;22470.0;3812.0;5232.0;4680.0;8047.0;13620.0;22534.0;3538.0;5076.0;-10.0;-135.0;5.0;-557.0
5307.0;9065.0;15173.0;22424.0;3812.0;5257.0;4705.0;8110.0;13669.0;22670.0;3540.0;5102.0;-10.0;-135.0;5.0;-557.0
5310.0;9059.0;15212.0;22476.0;3829.0;5296.0;4734.0;8192.0;13904.0;22853.0;3576.0;5136.0;-10.0;-135.0;2.0;-557.0
5379.0;9189.0;15367.0;22595.0;3853.0;5278.0;4720.0;8094.0;13802.0;22757.0;3547.0;5105.0;-7.0;-131.0;3.0;-551.0
5362.0;9115.0;15269.0;22531.0;3831.0;5275.0;4712.0;8119.0;13748.0;22606.0;3540.0;5100.0;-4.0;-127.0;3.0;-546.0
5339.0;9101.0;15245.0;22465.0;3801.0;5252.0;4660.0;8060.0;13677.0;22552.0;3513.0;5054.0;0.0;-123.0;3.0;-543.0
5290.0;9023.0;15080.0;22397.0;3778.0;5240.0;4688.0;8069.0;13698.0;22611.0;3530.0;5065.0;0.0;-121.0;3.0;-528.0
5277.0;8998.0;15064.0;22344.0;3775.0;5212.0;4604.0;7946.0;13428.0;22133.0;3456.0;4988.0;-4.0;-121.0;3.0;-528.0
5181.0;8825.0;14807.0;22105.0;3695.0;5080.0;4489.0;7739.0;13021.0;21662.0;3387.0;4874.0;-6.0;-121.0;8.0;-528.0
5074.0;8675.0;14532.0;21954.0;3663.0;5093.0;4530.0;7834.0;13233.0;21961.0;3447.0;4940.0;-7.0;-129.0;10.0;-544.0
5135.0;8792.0;14810.0;22215.0;3749.0;5221.0;4656.0;8018.0;13572.0;22536.0;3513.0;5050.0;-6.0;-129.0;8.0;-544.0
5289.0;9053.0;15121.0;22469.0;3806.0;5270.0;4720.0;8125.0;13747.0;22690.0;3551.0;5077.0;-4.0;-129.0;9.0;-544.0
5302.0;9080.0;15157.0;22433.0;3806.0;5262.0;4656.0;8010.0;13616.0;22510.0;3521.0;5059.0;-3.0;-129.0;15.0;-537.0
5263.0;9005.0;14994.0;22344.0;3789.0;5226.0;4632.0;7985.0;13551.0;22419.0;3489.0;5025.0;-3.0;-129.0;15.0;-537.0
5242.0;8919.0;14954.0;22332.0;3769.0;5184.0;4592.0;7898.0;13425.0;22108.0;3468.0;4996.0;-3.0;-130.0;7.0;-537.0
5201.0;8922.0;14926.0;22236.0;3774.0;5205.0;4658.0;8024.0;13624.0;22500.0;3515.0;5059.0;-5.0;-132.0;9.0;-552.0
5282.0;9004.0;15101.0;22342.0;3788.0;5248.0;4669.0;8062.0;13648.0;22552.0;3516.0;5065.0;-5.0;-132.0;7.0;-552.0
5291.0;9060.0;15199.0;22470.0;3826.0;5262.0;4687.0;8078.0;13772.0;22648.0;3538.0;5109.0;-9.0;-130.0;8.0;-552.0
5317.0;9098.0;15211.0;22447.0;3822.0;5284.0;4722.0;8128.0;13770.0;22718.0;3553.0;5089.0;-11.0;-125.0;5.0;-543.0
5305.0;9068.0;15170.0;22420.0;3807.0;5241.0;4632.0;8008.0;13511.0;22508.0;3513.0;5028.0;-9.0;-125.0;5.0;-543.0
5219.0;8918.0;14971.0;22171.0;3755.0;5212.0;4610.0;7952.0;13479.0;22271.0;3477.0;4998.0;-9.0;-125.0;7.0;-543.0
5215.0;8941.0;14987.0;22344.0;3791.0;5266.0;4660.0;8065.0;13670.0;22632.0;3549.0;5102.0;-9.0;-140.0;7.0;-582.0
5320.0;9099.0;15226.0;22513.0;3852.0;5330.0;4750.0;8188.0;13904.0;22843.0;3583.0;5158.0;-6.0;-145.0;5.0;-589.0
5377.0;9204.0;15427.0;22599.0;3862.0;5291.0;4740.0;8162.0;13846.0;22770.0;3563.0;5128.0;-5.0;-145.0;13.0;-589.0
5364.0;9199.0;15357.0;22600.0;3886.0;5365.0;4796.0;8288.0;14041.0;23124.0;3621.0;5211.0;-3.0;-140.0;13.0;-587.0
5439.0;9343.0;15657.0;22773.0;3917.0;5377.0;4825.0;8339.0;14094.0;23160.0;3625.0;5188.0;-3.0;-139.0;14.0;-591.0
5425.0;9279.0;15569.0;22707.0;3893.0;5371.0;4830.0;8310.0;14054.0;23200.0;3620.0;5198.0;-3.0;-139.0;9.0;-587.0
5475.0;9353.0;15647.0;22816.0;3916.0;5369.0;4803.0;8299.0;14048.0;23196.0;3622.0;5181.0;-3.0;-139.0;9.0;-574.0
5472.0;9344.0;15596.0;22717.0;3900.0;5356.0;4810.0;8297.0;13943.0;23070.0;3602.0;5159.0;-3.0;-137.0;5.0;-586.0
5420.0;9252.0;15469.0;22666.0;3862.0;5327.0;4767.0;8189.0;13861.0;22835.0;3563.0;5103.0;-5.0;-137.0;11.0;-570.0
5332.0;9122.0;15225.0;22469.0;3833.0;5281.0;4716.0;8135.0;13762.0;22809.0;3566.0;5122.0;-2.0;-137.0;9.0;-570.0
5345.0;9134.0;15287.0;22572.0;3854.0;5322.0;4771.0;8240.0;13927.0;22868.0;3576.0;5129.0;-1.0;-137.0;9.0;-586.0
5393.0;9229.0;15413.0;22596.0;3869.0;5326.0;4763.0;8247.0;13982.0;23084.0;3605.0;5177.0;-1.0;-139.0;14.0;-586.0
5452.0;9324.0;15591.0;22720.0;3900.0;5388.0;4839.0;8345.0;14182.0;23349.0;3642.0;5187.0;-1.0;-139.0;14.0;-576.0
5463.0;9329.0;15556.0;22708.0;3899.0;5388.0;4837.0;8334.0;14013.0;23126.0;3590.0;5160.0;-1.0;-139.0;14.0;-576.0
5413.0;9251.0;15486.0;22605.0;3881.0;5359.0;4819.0;8299.0;14048.0;23062.0;3594.0;5149.0;-3.0;-138.0;10.0;-576.0
5436.0;9261.0;15445.0;22603.0;3874.0;5313.0;4698.0;8098.0;13736.0;22692.0;3546.0;5086.0;-6.0;-138.0;10.0;-576.0
5379.0;9182.0;15320.0;22599.0;3847.0;5322.0;4786.0;8258.0;13965.0;22959.0;3579.0;5122.0;-6.0;-138.0;3.0;-587.0
5439.0;9270.0;15503.0;22601.0;3887.0;5348.0;4829.0;8322.0;14049.0;23126.0;3630.0;5198.0;-6.0;-140.0;3.0;-588.0
5464.0;9353.0;15614.0;22747.0;3904.0;5377.0;4819.0;8296.0;14122.0;23174.0;3620.0;5192.0;-7.0;-141.0;7.0;-588.0
5462.0;9339.0;15565.0;22727.0;3896.0;5371.0;4833.0;8329.0;14108.0;23244.0;3622.0;5182.0;-7.0;-144.0;3.0;-594.0
5500.0;9364.0;15665.0;22722.0;3908.0;5393.0;4851.0;8342.0;14084.0;23190.0;3630.0;5212.0;-7.0;-144.0;13.0;-605.0
5480.0;9373.0;15667.0;22850.0;3921.0;5383.0;4853.0;8368.0;14126.0;23322.0;3643.0;5227.0;-7.0;-144.0;7.0;-593.0
5496.0;9380.0;15677.0;22720.0;3919.0;5395.0;4823.0;8245.0;14068.0;23173.0;3635.0;5202.0;-7.0;-144.0;3.0;-604.0
5493.0;9375.0;15684.0;22857.0;3921.0;5379.0;4851.0;8334.0;14112.0;23234.0;3624.0;5209.0;-8.0;-141.0;-1.0;-604.0
5475.0;9359.0;15576.0;22724.0;3904.0;5367.0;4849.0;8343.0;14051.0;23146.0;3600.0;5142.0;-8.0;-140.0;3.0;-593.0
5427.0;9279.0;15569.0;22766.0;3904.0;5398.0;4871.0;8389.0;14211.0;23380.0;3639.0;5217.0;-8.0;-140.0;3.0;-592.0
5483.0;9332.0;15611.0;22759.0;3899.0;5348.0;4826.0;8291.0;14013.0;23026.0;3587.0;5117.0;-11.0;-140.0;4.0;-589.0
5371.0;9182.0;15328.0;22554.0;3829.0;5287.0;4719.0;8104.0;13742.0;22686.0;3556.0;5113.0;-11.0;-143.0;4.0;-589.0
5379.0;9182.0;15318.0;22556.0;3848.0;5311.0;4777.0;8177.0;13936.0;22977.0;3584.0;5137.0;-7.0;-143.0;4.0;-582.0
5428.0;9263.0;15502.0;22629.0;3888.0;5322.0;4801.0;8245.0;13984.0;23110.0;3598.0;5154.0;-4.0;-144.0;7.0;-589.0
5453.0;9299.0;15564.0;22722.0;3901.0;5334.0;4821.0;8285.0;14028.0;23038.0;3590.0;5144.0;-4.0;-147.0;11.0;-591.0
5436.0;9275.0;15485.0;22605.0;3897.0;5340.0;4840.0;8306.0;14122.0;23216.0;3618.0;5177.0;-4.0;-144.0;10.0;-602.0
5498.0;9366.0;15693.0;22745.0;3910.0;5372.0;4844.0;8340.0;14065.0;23163.0;3626.0;5205.0;-4.0;-143.0;5.0;-602.0
5474.0;9392.0;15657.0;22721.0;3916.0;5394.0;4904.0;8403.0;14225.0;23314.0;3628.0;5196.0;-4.0;-147.0;6.0;-602.0
5447.0;9296.0;15586.0;22726.0;3915.0;5378.0;4860.0;8323.0;14124.0;23289.0;3628.0;5222.0;-9.0;-143.0;6.0;-602.0
5495.0;9361.0;15634.0;22725.0;3904.0;5386.0;4895.0;8412.0;14235.0;23327.0;3631.0;5196.0;-9.0;-142.0;9.0;-601.0
5494.0;9378.0;15603.0;22724.0;3913.0;5356.0;4840.0;8334.0;14110.0;23192.0;3625.0;5184.0;-6.0;-140.0;8.0;-599.0
5481.0;9357.0;15662.0;22731.0;3922.0;5413.0;4877.0;8392.0;14132.0;23315.0;3648.0;5221.0;-6.0;-140.0;8.0;-599.0
5497.0;9384.0;15660.0;22849.0;3918.0;5396.0;4834.0;8327.0;14077.0;23160.0;3625.0;5187.0;-9.0;-140.0;5.0;-599.0
5476.0;9332.0;15603.0;22728.0;3902.0;5369.0;4826.0;8280.0;14028.0;23096.0;3606.0;5157.0;-8.0;-140.0;3.0;-599.0
5446.0;9304.0;15540.0;22635.0;3897.0;5382.0;4829.0;8283.0;14089.0;23247.0;3616.0;5185.0;-8.0;-140.0;2.0;-599.0
5450.0;9333.0;15586.0;22723.0;3904.0;5389.0;4889.0;8378.0;14203.0;23454.0;3653.0;5219.0;-8.0;-145.0;2.0;-605.0
5508.0;9418.0;15749.0;22851.0;3940.0;5416.0;4844.0;8390.0;14155.0;23263.0;3627.0;5190.0;-9.0;-150.0;2.0;-607.0
5488.0;9361.0;15651.0;22738.0;3906.0;5403.0;4861.0;8352.0;14169.0;23301.0;3589.0;5212.0;-8.0;-150.0;2.0;-610.0
5515.0;9397.0;15711.0;22723.0;3911.0;5345.0;4808.0;8282.0;13971.0;23018.0;3596.0;5175.0;-4.0;-145.0;9.0;-610.0
5459.0;9326.0;15610.0;22758.0;3918.0;5388.0;4892.0;8404.0;14225.0;23291.0;3637.0;5202.0;-4.0;-150.0;12.0;-622.0
5489.0;9375.0;15654.0;22736.0;3900.0;5376.0;4876.0;8385.0;14152.0;23244.0;3625.0;5202.0;-9.0;-150.0;15.0;-622.0
5492.0;9375.0;15620.0;22852.0;3927.0;5402.0;4897.0;8437.0;14158.0;23467.0;3641.0;5227.0;-10.0;-148.0;10.0;-625.0
5518.0;9431.0;15713.0;22851.0;3924.0;5427.0;4868.0;8404.0;14204.0;23265.0;3649.0;5247.0;-11.0;-150.0;3.0;-625.0
5557.0;9494.0;15818.0;22853.0;3945.0;5450.0;4952.0;8514.0;14358.0;23553.0;3681.0;5264.0;-11.0;-150.0;0.0;-617.0
5529.0;9453.0;15820.0;22851.0;3959.0;5466.0;4921.0;8474.0;14336.0;23538.0;3667.0;5239.0;-11.0;-148.0;0.0;-616.0
5537.0;9459.0;15771.0;22851.0;3936.0;5410.0;4888.0;8407.0;14205.0;23338.0;3638.0;5228.0;-10.0;-148.0;0.0;-611.0
5496.0;9372.0;15752.0;22851.0;3942.0;5420.0;4915.0;8460.0;14288.0;23451.0;3659.0;5247.0;-11.0;-148.0;0.0;-611.0
5558.0;9490.0;15786.0;22847.0;3930.0;5384.0;4856.0;8347.0;14115.0;23183.0;3631.0;5190.0;-7.0;-146.0;10.0;-607.0
5499.0;9397.0;15640.0;22720.0;3896.0;5353.0;4803.0;8263.0;13979.0;23042.0;3584.0;5107.0;-7.0;-148.0;7.0;-607.0
5362.0;9159.0;15299.0;22505.0;3818.0;5259.0;4692.0;8074.0;13676.0;22489.0;3521.0;5065.0;-7.0;-130.0;7.0;-569.0
5314.0;9075.0;15202.0;22425.0;3820.0;5314.0;4785.0;8256.0;14027.0;23061.0;3601.0;5170.0;-8.0;-130.0;4.0;-557.0
5443.0;9300.0;15561.0;22690.0;3879.0;5353.0;4811.0;8257.0;13954.0;22829.0;3576.0;5124.0;-7.0;-134.0;5.0;-569.0
5355.0;9156.0;15320.0;22471.0;3817.0;5254.0;4726.0;8128.0;13748.0;22559.0;3525.0;5075.0;-8.0;-134.0;4.0;-557.0
5358.0;9164.0;15293.0;22505.0;3830.0;5267.0;4778.0;8220.0;13926.0;22980.0;3592.0;5116.0;-8.0;-130.0;5.0;-557.0
5412.0;9271.0;15479.0;22593.0;3870.0;5303.0;4760.0;8172.0;13784.0;22666.0;3543.0;5069.0;-8.0;-134.0;10.0;-563.0
5299.0;9047.0;15108.0;22360.0;3800.0;5210.0;4715.0;8120.0;13695.0;22502.0;3518.0;5035.0;-9.0;-130.0;5.0;-563.0
5342.0;9112.0;15267.0;22517.0;3826.0;5320.0;4852.0;8323.0;14061.0;23034.0;3586.0;5144.0;-9.0;-130.0;14.0;-563.0
5421.0;9236.0;15389.0;22538.0;3825.0;5238.0;4679.0;8044.0;13614.0;22405.0;3496.0;5018.0;-9.0;-141.0;8.0;-569.0
5309.0;9055.0;15182.0;22428.0;3813.0;5313.0;4811.0;8305.0;14074.0;23145.0;3629.0;5198.0;-10.0;-142.0;10.0;-588.0
5503.0;9385.0;15632.0;22728.0;3892.0;5363.0;4837.0;8311.0;14046.0;23152.0;3609.0;5150.0;-10.0;-148.0;8.0;-628.0
5464.0;9318.0;15536.0;22644.0;3865.0;5358.0;4814.0;8303.0;14085.0;23135.0;3610.0;5201.0;-10.0;-154.0;10.0;-631.0
5507.0;9370.0;15687.0;22829.0;3926.0;5414.0;4887.0;8417.0;14240.0;23463.0;3660.0;5249.0;-10.0;-148.0;8.0;-631.0
5565.0;9502.0;15823.0;22852.0;3955.0;5442.0;4951.0;8479.0;14355.0;23585.0;3672.0;5268.0;-9.0;-148.0;4.0;-631.0
5585.0;9525.0;15934.0;22851.0;3962.0;5463.0;4973.0;8570.0;14441.0;23669.0;3681.0;5299.0;-7.0;-147.0;4.0;-618.0
5582.0;9540.0;15906.0;22853.0;3954.0;5399.0;4918.0;8468.0;14337.0;23490.0;3647.0;5207.0;-7.0;-147.0;3.0;-612.0
5508.0;9368.0;15665.0;22728.0;3903.0;5360.0;4840.0;8311.0;14013.0;23015.0;3580.0;5145.0;-7.0;-147.0;5.0;-612.0
5461.0;9306.0;15544.0;22688.0;3881.0;5364.0;4836.0;8306.0;14064.0;23184.0;3619.0;5192.0;-6.0;-147.0;5.0;-612.0
5500.0;9388.0;15653.0;22795.0;3931.0;5411.0;4871.0;8406.0;14230.0;23359.0;3648.0;5231.0;-6.0;-148.0;8.0;-625.0
5582.0;9495.0;15876.0;22853.0;3958.0;5436.0;4970.0;8533.0;14378.0;23731.0;3679.0;5254.0;-6.0;-153.0;3.0;-633.0
5553.0;9488.0;15856.0;22853.0;3979.0;5459.0;4982.0;8567.0;14509.0;23855.0;3711.0;5308.0;-7.0;-153.0;3.0;-633.0
5627.0;9621.0;16065.0;23034.0;3986.0;5464.0;4958.0;8553.0;14422.0;23716.0;3698.0;5282.0;-6.0;-153.0;3.0;-633.0
5626.0;9582.0;15931.0;22859.0;3982.0;5482.0;4985.0;8565.0;14471.0;23630.0;3684.0;5286.0;-7.0;-151.0;3.0;-625.0
5598.0;9582.0;16000.0;22883.0;3977.0;5463.0;4939.0;8521.0;14409.0;23580.0;3680.0;5263.0;-6.0;-149.0;5.0;-609.0
5590.0;9536.0;15943.0;22852.0;3953.0;5454.0;4910.0;8447.0;14287.0;23526.0;3670.0;5262.0;-11.0;-147.0;5.0;-609.0
5566.0;9464.0;15751.0;22851.0;3903.0;5343.0;4795.0;8226.0;13926.0;22921.0;3554.0;5097.0;-6.0;-147.0;5.0;-625.0
5348.0;9136.0;15271.0;22476.0;3798.0;5225.0;4687.0;8050.0;13608.0;22508.0;3512.0;5028.0;-10.0;-151.0;5.0;-627.0
5337.0;9134.0;15286.0;22514.0;3826.0;5309.0;4803.0;8274.0;14039.0;23143.0;3622.0;5194.0;-10.0;-151.0;5.0;-633.0
5498.0;9413.0;15721.0;22855.0;3943.0;5426.0;4944.0;8482.0;14333.0;23639.0;3681.0;5237.0;-11.0;-153.0;5.0;-658.0
5553.0;9474.0;15824.0;22852.0;3957.0;5462.0;4932.0;8511.0;14278.0;23774.0;3692.0;5312.0;-12.0;-153.0;4.0;-658.0
5608.0;9565.0;15968.0;22976.0;3997.0;5508.0;4985.0;8582.0;14519.0;23862.0;3720.0;5316.0;-12.0;-151.0;4.0;-627.0
5638.0;9617.0;16010.0;22990.0;3994.0;5486.0;4989.0;8519.0;14449.0;23651.0;3681.0;5249.0;-13.0;-146.0;4.0;-586.0
5559.0;9463.0;15837.0;22849.0;3924.0;5388.0;4853.0;8339.0;14101.0;23063.0;3581.0;5167.0;-12.0;-133.0;6.0;-559.0
5436.0;9312.0;15515.0;22668.0;3858.0;5310.0;4779.0;8231.0;13923.0;22835.0;3560.0;5104.0;-11.0;-133.0;6.0;-559.0
5337.0;9100.0;15152.0;22345.0;3779.0;5195.0;4669.0;8004.0;13581.0;22239.0;3477.0;4989.0;-6.0;-133.0;11.0;-559.0
5306.0;9038.0;15157.0;22429.0;3822.0;5287.0;4768.0;8218.0;13903.0;22927.0;3573.0;5145.0;-6.0;-146.0;6.0;-601.0
5469.0;9339.0;15628.0;22747.0;3902.0;5371.0;4877.0;8410.0;14236.0;23284.0;3630.0;5197.0;-6.0;-148.0;6.0;-616.0
5500.0;9394.0;15672.0;22686.0;3905.0;5344.0;4808.0;8271.0;13984.0;22960.0;3577.0;5134.0;-6.0;-150.0;4.0;-629.0
5448.0;9292.0;15458.0;22595.0;3868.0;5342.0;4846.0;8348.0;14137.0;23230.0;3633.0;5219.0;-3.0;-157.0;5.0;-669.0
5527.0;9464.0;15876.0;22853.0;3957.0;5461.0;4964.0;8545.0;14402.0;23769.0;3694.0;5316.0;-3.0;-157.0;5.0;-669.0
5631.0;9638.0;16092.0;23091.0;3989.0;5495.0;4965.0;8533.0;14486.0;23704.0;3713.0;5306.0;-3.0;-157.0;5.0;-669.0
5616.0;9597.0;15981.0;22974.0;4005.0;5520.0;4920.0;8567.0;14488.0;23820.0;3717.0;5305.0;1.0;-161.0;6.0;-657.0
5612.0;9542.0;15864.0;22852.0;3936.0;5365.0;4818.0;8312.0;14027.0;23056.0;3580.0;5131.0;-3.0;-156.0;11.0;-649.0
5403.0;9234.0;15455.0;22599.0;3872.0;5347.0;4815.0;8289.0;14009.0;23177.0;3618.0;5168.0;2.0;-156.0;21.0;-649.0
5528.0;9425.0;15745.0;22853.0;3944.0;5434.0;4956.0;8540.0;14400.0;23551.0;3672.0;5255.0;1.0;-161.0;12.0;-657.0
5580.0;9514.0;15902.0;22854.0;3970.0;5475.0;4999.0;8600.0;14561.0;23850.0;3724.0;5334.0;-3.0;-167.0;20.0;-688.0
5635.0;9643.0;16092.0;23107.0;4034.0;5535.0;5012.0;8672.0;14614.0;23929.0;3742.0;5379.0;-7.0;-167.0;12.0;-688.0
5719.0;9760.0;16292.0;23143.0;4055.0;5576.0;5062.0;8709.0;14756.0;24024.0;3768.0;5358.0;-3.0;-167.0;13.0;-688.0
5771.0;9836.0;16392.0;23105.0;4059.0;5577.0;5058.0;8696.0;14674.0;24100.0;3750.0;5336.0;-7.0;-157.0;13.0;-642.0
5679.0;9673.0;16150.0;22981.0;3982.0;5458.0;4947.0;8510.0;14386.0;23586.0;3676.0;5264.0;-7.0;-156.0;11.0;-641.0
5630.0;9590.0;16015.0;22866.0;3981.0;5460.0;4988.0;8557.0;14409.0;23685.0;3682.0;5278.0;-7.0;-148.0;11.0;-609.0
5623.0;9579.0;15970.0;22854.0;3974.0;5451.0;4986.0;8568.0;14414.0;23645.0;3673.0;5238.0;-9.0;-156.0;13.0;-641.0
5549.0;9446.0;15794.0;22850.0;3956.0;5410.0;4929.0;8480.0;14314.0;23382.0;3651.0;5239.0;-9.0;-151.0;8.0;-624.0
5508.0;9417.0;15692.0;22787.0;3932.0;5407.0;4920.0;8466.0;14384.0;23658.0;3697.0;5283.0;-7.0;-151.0;8.0;-624.0
5619.0;9578.0;16026.0;22981.0;4004.0;5502.0;5031.0;8636.0;14570.0;23937.0;3720.0;5299.0;-7.0;-163.0;8.0;-676.0
5653.0;9643.0;16146.0;23024.0;4008.0;5498.0;4982.0;8555.0;14487.0;23817.0;3715.0;5334.0;-1.0;-163.0;11.0;-678.0
5696.0;9708.0;16171.0;23107.0;4038.0;5512.0;5067.0;8690.0;14668.0;24042.0;3731.0;5325.0;-1.0;-163.0;13.0;-681.0
5717.0;9770.0;16277.0;23108.0;4050.0;5558.0;5100.0;8764.0;14789.0;24272.0;3776.0;5369.0;-1.0;-168.0;17.0;-683.0
5813.0;9927.0;16529.0;23229.0;4090.0;5586.0;5088.0;8758.0;14794.0;24296.0;3785.0;5431.0;-7.0;-169.0;13.0;-684.0
5805.0;9906.0;16520.0;23363.0;4101.0;5621.0;5165.0;8850.0;14883.0;24431.0;3784.0;5436.0;-1.0;-169.0;17.0;-686.0
5857.0;9977.0;16623.0;23360.0;4102.0;5597.0;5185.0;8927.0;15034.0;24613.0;3827.0;5445.0;-2.0;-170.0;16.0;-691.0
5834.0;9944.0;16552.0;23362.0;4119.0;5633.0;5210.0;8937.0;15019.0;24632.0;3831.0;5449.0;-1.0;-171.0;20.0;-686.0
5844.0;9953.0;16578.0;23362.0;4119.0;5656.0;5171.0;8890.0;15010.0;24563.0;3807.0;5454.0;-2.0;-172.0;16.0;-691.0
5847.0;9991.0;16653.0;23363.0;4105.0;5622.0;5169.0;8865.0;14938.0;24505.0;3810.0;5442.0;-2.0;-172.0;8.0;-693.0
5844.0;9945.0;16568.0;23244.0;4098.0;5605.0;5186.0;8858.0;14951.0;24553.0;3803.0;5444.0;-12.0;-173.0;8.0;-693.0
5853.0;10032.0;16669.0;23362.0;4111.0;5630.0;5145.0;8874.0;14990.0;24547.0;3810.0;5453.0;-12.0;-173.0;5.0;-701.0
5828.0;9944.0;16624.0;23364.0;4109.0;5644.0;5150.0;8894.0;14931.0;24458.0;3814.0;5456.0;-12.0;-173.0;7.0;-701.0
5829.0;9968.0;16594.0;23362.0;4123.0;5634.0;5178.0;8891.0;14991.0;24645.0;3822.0;5448.0;-12.0;-169.0;12.0;-699.0
5861.0;9959.0;16633.0;23362.0;4121.0;5641.0;5202.0;8960.0;15062.0;24643.0;3821.0;5440.0;-10.0;-169.0;7.0;-699.0
5848.0;9977.0;16626.0;23367.0;4121.0;5640.0;5185.0;8899.0;14994.0;24525.0;3813.0;5447.0;-6.0;-169.0;9.0;-701.0
5848.0;9993.0;16630.0;23360.0;4127.0;5643.0;5221.0;8968.0;15107.0;24682.0;3829.0;5450.0;-6.0;-170.0;8.0;-706.0
5873.0;10055.0;16757.0;23362.0;4143.0;5671.0;5219.0;9002.0;15112.0;24798.0;3855.0;5498.0;-5.0;-170.0;21.0;-707.0
5947.0;10123.0;16826.0;23363.0;4142.0;5657.0;5178.0;8881.0;15002.0;24629.0;3831.0;5449.0;-5.0;-170.0;15.0;-707.0
5874.0;10004.0;16631.0;23364.0;4120.0;5642.0;5201.0;8929.0;15076.0;24756.0;3840.0;5463.0;-5.0;-169.0;18.0;-706.0
5881.0;10014.0;16692.0;23364.0;4113.0;5631.0;5186.0;8915.0;15004.0;24521.0;3804.0;5419.0;-5.0;-165.0;15.0;-674.0
5789.0;9868.0;16452.0;23106.0;4049.0;5550.0;5087.0;8695.0;14670.0;24060.0;3721.0;5290.0;-6.0;-165.0;12.0;-674.0
5672.0;9647.0;16021.0;22888.0;3945.0;5420.0;4932.0;8493.0;14320.0;23526.0;3650.0;5260.0;-7.0;-165.0;21.0;-674.0
5634.0;9617.0;16041.0;22981.0;4011.0;5529.0;5076.0;8716.0;14751.0;24172.0;3764.0;5353.0;-6.0;-167.0;8.0;-696.0
5791.0;9887.0;16416.0;23110.0;4064.0;5591.0;5128.0;8815.0;14899.0;24373.0;3799.0;5426.0;-4.0;-167.0;13.0;-696.0
5817.0;9909.0;16505.0;23364.0;4096.0;5617.0;5166.0;8884.0;14933.0;24566.0;3807.0;5421.0;-8.0;-169.0;11.0;-696.0
5842.0;9964.0;16576.0;23361.0;4102.0;5588.0;5130.0;8818.0;14875.0;24276.0;3789.0;5383.0;-8.0;-169.0;10.0;-694.0
5784.0;9892.0;16518.0;23271.0;4104.0;5617.0;5157.0;8852.0;14871.0;24355.0;3794.0;5424.0;-8.0;-171.0;10.0;-694.0
5812.0;9899.0;16499.0;23236.0;4073.0;5562.0;5081.0;8711.0;14711.0;24145.0;3757.0;5373.0;-9.0;-171.0;11.0;-692.0
5741.0;9801.0;16344.0;23170.0;4067.0;5585.0;5096.0;8753.0;14815.0;24313.0;3791.0;5391.0;-10.0;-171.0;7.0;-692.0
5777.0;9851.0;16392.0;23109.0;4068.0;5580.0;5139.0;8843.0;14924.0;24466.0;3799.0;5418.0;-10.0;-167.0;12.0;-690.0
5801.0;9862.0;16421.0;23198.0;4076.0;5581.0;5129.0;8812.0;14882.0;24375.0;3797.0;5414.0;-8.0;-167.0;12.0;-695.0
5805.0;9929.0;16505.0;23255.0;4096.0;5601.0;5128.0;8832.0;14916.0;24477.0;3793.0;5445.0;-10.0;-167.0;20.0;-695.0
5782.0;9872.0;16423.0;23159.0;4084.0;5615.0;5131.0;8803.0;14903.0;24342.0;3800.0;5421.0;-11.0;-173.0;13.0;-696.0
5799.0;9883.0;16533.0;23362.0;4111.0;5641.0;5149.0;8860.0;14991.0;24610.0;3836.0;5466.0;-11.0;-173.0;10.0;-696.0
5845.0;9972.0;16687.0;23361.0;4137.0;5660.0;5174.0;8894.0;15005.0;24617.0;3835.0;5468.0;-11.0;-173.0;10.0;-696.0
5807.0;9932.0;16568.0;23299.0;4109.0;5587.0;5117.0;8756.0;14813.0;24253.0;3770.0;5401.0;-11.0;-167.0;10.0;-687.0
5732.0;9759.0;16278.0;23107.0;4028.0;5490.0;4937.0;8479.0;14346.0;23551.0;3648.0;5197.0;-11.0;-162.0;16.0;-669.0
5499.0;9351.0;15587.0;22613.0;3849.0;5305.0;4826.0;8314.0;14067.0;23121.0;3603.0;5172.0;-6.0;-162.0;19.0;-666.0
5551.0;9497.0;15880.0;22852.0;3945.0;5454.0;5012.0;8617.0;14535.0;23857.0;3702.0;5280.0;-6.0;-162.0;14.0;-666.0
5612.0;9587.0;16042.0;22927.0;3993.0;5507.0;5031.0;8647.0;14595.0;23938.0;3718.0;5314.0;-13.0;-167.0;19.0;-681.0
5651.0;9602.0;16077.0;22984.0;4005.0;5533.0;5045.0;8697.0;14663.0;24144.0;3747.0;5341.0;-13.0;-169.0;8.0;-681.0
5697.0;9721.0;16273.0;23108.0;4060.0;5576.0;5070.0;8734.0;14781.0;24208.0;3786.0;5420.0;-15.0;-169.0;3.0;-683.0
5785.0;9848.0;16429.0;23173.0;4068.0;5588.0;5092.0;8754.0;14816.0;24398.0;3791.0;5391.0;-15.0;-169.0;3.0;-683.0
5775.0;9853.0;16465.0;23237.0;4084.0;5584.0;5101.0;8759.0;14669.0;24143.0;3781.0;5404.0;-13.0;-169.0;8.0;-683.0
5770.0;9815.0;16342.0;23108.0;4049.0;5538.0;5016.0;8630.0;14543.0;23970.0;3712.0;5323.0;-9.0;-171.0;12.0;-704.0
5669.0;9666.0;16084.0;23026.0;3983.0;5506.0;5034.0;8656.0;14653.0;23973.0;3737.0;5346.0;-5.0;-171.0;9.0;-724.0
5730.0;9804.0;16339.0;23111.0;4067.0;5578.0;5121.0;8796.0;14866.0;24368.0;3788.0;5416.0;-4.0;-174.0;8.0;-725.0
5793.0;9789.0;16546.0;23330.0;4113.0;5633.0;5181.0;8924.0;15080.0;24723.0;3828.0;5452.0;-3.0;-174.0;7.0;-726.0
5888.0;10039.0;16730.0;23364.0;4140.0;5675.0;5259.0;9041.0;15212.0;24873.0;3856.0;5517.0;-3.0;-172.0;15.0;-725.0
5891.0;10053.0;16771.0;23364.0;4141.0;5669.0;5200.0;8927.0;15107.0;24783.0;3848.0;5483.0;-4.0;-175.0;8.0;-726.0
5883.0;10019.0;16571.0;23364.0;4126.0;5647.0;5130.0;8830.0;14923.0;24524.0;3809.0;5412.0;-5.0;-172.0;8.0;-725.0
5774.0;9866.0;16463.0;23237.0;4100.0;5640.0;5191.0;8930.0;15083.0;24720.0;3827.0;5476.0;-8.0;-157.0;2.0;-668.0
5865.0;10008.0;16625.0;23363.0;4096.0;5584.0;5079.0;8721.0;14714.0;24092.0;3735.0;5325.0;-8.0;-142.0;2.0;-577.0
5667.0;9626.0;16022.0;22851.0;3945.0;5375.0;4817.0;8260.0;13958.0;22945.0;3578.0;5126.0;-8.0;-138.0;3.0;-575.0
5444.0;9266.0;15390.0;22593.0;3859.0;5306.0;4799.0;8258.0;13953.0;22925.0;3572.0;5121.0;-8.0;-138.0;3.0;-575.0
5422.0;9255.0;15497.0;22597.0;3861.0;5293.0;4790.0;8244.0;13932.0;22757.0;3546.0;5055.0;-3.0;-138.0;6.0;-575.0
5361.0;9169.0;15271.0;22467.0;3816.0;5272.0;4759.0;8193.0;13833.0;22793.0;3562.0;5079.0;-3.0;-147.0;10.0;-592.0
5347.0;9178.0;15319.0;22523.0;3825.0;5267.0;4764.0;8198.0;13762.0;22701.0;3522.0;5058.0;-4.0;-147.0;10.0;-630.0
5453.0;9272.0;15541.0;22600.0;3877.0;5404.0;4947.0;8513.0;14424.0;23651.0;3681.0;5258.0;-8.0;-147.0;13.0;-630.0
5648.0;9647.0;16117.0;22984.0;3995.0;5478.0;5020.0;8614.0;14478.0;23762.0;3688.0;5281.0;-4.0;-162.0;10.0;-638.0
5620.0;9583.0;15938.0;22851.0;3962.0;5408.0;4924.0;8461.0;14276.0;23350.0;3639.0;5218.0;-9.0;-170.0;10.0;-673.0
5509.0;9431.0;15754.0;22851.0;3931.0;5421.0;4945.0;8495.0;14364.0;23563.0;3688.0;5259.0;-9.0;-164.0;9.0;-684.0
5653.0;9686.0;16114.0;23106.0;4015.0;5519.0;5032.0;8653.0;14591.0;24050.0;3739.0;5341.0;-7.0;-168.0;4.0;-711.0
5699.0;9736.0;16236.0;23106.0;4032.0;5542.0;5012.0;8646.0;14563.0;23930.0;3727.0;5327.0;-1.0;-173.0;9.0;-711.0
5680.0;9695.0;16137.0;23086.0;4004.0;5487.0;5028.0;8653.0;14569.0;23875.0;3728.0;5313.0;-7.0;-172.0;5.0;-711.0
5682.0;9712.0;16184.0;23106.0;4044.0;5571.0;5117.0;8785.0;14839.0;24342.0;3782.0;5397.0;-1.0;-172.0;15.0;-714.0
5757.0;9874.0;16418.0;23234.0;4098.0;5599.0;5164.0;8889.0;14984.0;24528.0;3811.0;5431.0;-5.0;-174.0;15.0;-723.0
5853.0;9992.0;16667.0;23364.0;4130.0;5650.0;5219.0;8969.0;15111.0;24743.0;3835.0;5462.0;-5.0;-174.0;21.0;-723.0
5851.0;9987.0;16687.0;23363.0;4142.0;5650.0;5174.0;8892.0;15018.0;24663.0;3831.0;5450.0;-8.0;-172.0;22.0;-723.0
5887.0;9991.0;16674.0;23359.0;4101.0;5594.0;5084.0;8755.0;14738.0;24113.0;3718.0;5328.0;-8.0;-142.0;6.0;-574.0
5670.0;9655.0;16087.0;22981.0;3971.0;5436.0;4902.0;8419.0;14259.0;23432.0;3642.0;5194.0;-8.0;-142.0;8.0;-574.0
5531.0;9445.0;15732.0;22723.0;3881.0;5296.0;4793.0;8217.0;13897.0;22486.0;3542.0;5065.0;-12.0;-142.0;6.0;-574.0
5364.0;9203.0;15368.0;22597.0;3875.0;5380.0;4924.0;8500.0;14371.0;23690.0;3689.0;5295.0;-10.0;-165.0;8.0;-699.0
5702.0;9712.0;16175.0;23107.0;4027.0;5533.0;5042.0;8674.0;14635.0;24046.0;3742.0;5325.0;-10.0;-176.0;6.0;-728.0
5730.0;9756.0;16276.0;23105.0;4054.0;5541.0;5089.0;8757.0;14758.0;24194.0;3755.0;5360.0;-10.0;-183.0;8.0;-746.0
5774.0;9849.0;16436.0;23196.0;4075.0;5592.0;5124.0;8782.0;14817.0;24278.0;3780.0;5423.0;-10.0;-184.0;9.0;-748.0
5821.0;9922.0;16546.0;23364.0;4127.0;5661.0;5239.0;9005.0;15144.0;24927.0;3853.0;5525.0;-2.0;-185.0;9.0;-750.0
5959.0;10148.0;16855.0;23362.0;4158.0;5665.0;5276.0;9059.0;15231.0;24921.0;3869.0;5493.0;-2.0;-185.0;18.0;-750.0
5926.0;10113.0;16822.0;23363.0;4149.0;5702.0;5202.0;8961.0;15172.0;24853.0;3860.0;5515.0;-2.0;-185.0;13.0;-748.0
5984.0;10195.0;16999.0;23376.0;4191.0;5714.0;5239.0;8983.0;15117.0;24822.0;3852.0;5482.0;-2.0;-184.0;13.0;-737.0
5926.0;10111.0;16786.0;23363.0;4144.0;5635.0;5128.0;8802.0;14814.0;24241.0;3758.0;5373.0;-3.0;-176.0;8.0;-725.0
5754.0;9763.0;16208.0;23007.0;3992.0;5451.0;4947.0;8504.0;14351.0;23603.0;3694.0;5287.0;-9.0;-171.0;8.0;-704.0
5683.0;9679.0;16150.0;22916.0;4029.0;5568.0;5134.0;8805.0;14835.0;23965.0;3799.0;5406.0;-3.0;-165.0;7.0;-685.0
5836.0;9944.0;16607.0;23366.0;4126.0;5637.0;5137.0;8845.0;14941.0;24380.0;3803.0;5420.0;-3.0;-166.0;15.0;-685.0
5827.0;9945.0;16527.0;23234.0;4068.0;5568.0;5055.0;8646.0;14588.0;23954.0;3719.0;5306.0;-9.0;-166.0;6.0;-685.0
5639.0;9634.0;16016.0;22854.0;3949.0;5393.0;4896.0;8424.0;14247.0;23471.0;3650.0;5241.0;-9.0;-166.0;18.0;-685.0
5648.0;9629.0;16097.0;22981.0;3992.0;5501.0;5054.0;8688.0;14620.0;23916.0;3731.0;5303.0;-7.0;-175.0;9.0;-709.0
5726.0;9755.0;16248.0;23107.0;4048.0;5554.0;5091.0;8747.0;14793.0;24281.0;3764.0;5375.0;-10.0;-177.0;9.0;-717.0
5787.0;9887.0;16430.0;23229.0;4070.0;5552.0;5092.0;8743.0;14702.0;24168.0;3756.0;5357.0;-10.0;-177.0;9.0;-717.0
5779.0;9828.0;16380.0;23189.0;4080.0;5573.0;5160.0;8868.0;14971.0;24454.0;3811.0;5449.0;-7.0;-175.0;9.0;-722.0
5826.0;9932.0;16517.0;23259.0;4076.0;5574.0;5099.0;8751.0;14774.0;24199.0;3765.0;5376.0;-7.0;-177.0;15.0;-722.0
5785.0;9875.0;16449.0;23208.0;4089.0;5627.0;5179.0;8906.0;14949.0;24572.0;3822.0;5482.0;-7.0;-177.0;14.0;-736.0
5857.0;10087.0;16742.0;23365.0;4123.0;5626.0;5205.0;8949.0;15082.0;24633.0;3813.0;5429.0;-7.0;-174.0;9.0;-736.0
5854.0;9970.0;16623.0;23364.0;4108.0;5632.0;5177.0;8905.0;14991.0;24593.0;3817.0;5452.0;-7.0;-177.0;6.0;-753.0
5901.0;10076.0;16657.0;23365.0;4151.0;5682.0;5249.0;8993.0;15132.0;24734.0;3845.0;5460.0;-7.0;-177.0;9.0;-736.0
5877.0;10010.0;16654.0;23362.0;4099.0;5590.0;5178.0;8875.0;14958.0;24539.0;3809.0;5425.0;-7.0;-179.0;13.0;-760.0
5835.0;9964.0;16574.0;23364.0;4099.0;5589.0;5154.0;8807.0;14932.0;24440.0;3784.0;5401.0;-7.0;-179.0;10.0;-750.0
5855.0;9940.0;16544.0;23338.0;4099.0;5617.0;5207.0;8905.0;15053.0;24581.0;3819.0;5444.0;-4.0;-180.0;10.0;-750.0
5898.0;10078.0;16757.0;23362.0;4133.0;5667.0;5192.0;8948.0;15097.0;24720.0;3820.0;5479.0;-5.0;-180.0;10.0;-746.0
5889.0;10016.0;16716.0;23367.0;4159.0;5680.0;5221.0;8984.0;15132.0;24762.0;3859.0;5483.0;-3.0;-181.0;14.0;-746.0
5919.0;10074.0;16730.0;23360.0;4136.0;5606.0;5178.0;8884.0;14970.0;24601.0;3817.0;5438.0;0.0;-181.0;10.0;-741.0
5888.0;10044.0;16698.0;23363.0;4142.0;5675.0;5302.0;9082.0;15292.0;24954.0;3861.0;5496.0;0.0;-181.0;15.0;-704.0
5872.0;10029.0;16688.0;23364.0;4122.0;5621.0;5178.0;8891.0;14998.0;24536.0;3816.0;5443.0;-5.0;-165.0;10.0;-691.0
5846.0;9985.0;16536.0;23195.0;4060.0;5522.0;5019.0;8614.0;14509.0;23759.0;3688.0;5275.0;0.0;-158.0;10.0;-607.0
5618.0;9615.0;15968.0;22856.0;3988.0;5495.0;5006.0;8608.0;14553.0;23856.0;3699.0;5275.0;-3.0;-139.0;7.0;-580.0
5613.0;9578.0;15946.0;22850.0;3930.0;5378.0;4845.0;8367.0;13878.0;23129.0;3595.0;5139.0;-11.0;-139.0;7.0;-580.0
5469.0;9368.0;15562.0;22605.0;3885.0;5319.0;4816.0;8264.0;14021.0;22751.0;3589.0;5128.0;-4.0;-158.0;6.0;-607.0
5451.0;9311.0;15561.0;22720.0;3903.0;5397.0;4964.0;8553.0;14446.0;23660.0;3654.0;5245.0;-3.0;-165.0;8.0;-692.0
5624.0;9620.0;16097.0;22981.0;4015.0;5481.0;5080.0;8737.0;14720.0;24042.0;3743.0;5361.0;-3.0;-178.0;19.0;-733.0
5782.0;9866.0;16469.0;23230.0;4088.0;5618.0;5189.0;8915.0;15029.0;24572.0;3820.0;5438.0;-4.0;-178.0;15.0;-733.0
5840.0;9960.0;16580.0;23363.0;4091.0;5618.0;5195.0;8895.0;14937.0;24512.0;3810.0;5436.0;-4.0;-179.0;11.0;-733.0
5878.0;10007.0;16655.0;23337.0;4112.0;5640.0;5239.0;8941.0;15094.0;24525.0;3816.0;5414.0;-5.0;-178.0;13.0;-725.0
5815.0;9901.0;16471.0;23216.0;4093.0;5597.0;5173.0;8882.0;14887.0;24278.0;3787.0;5415.0;-5.0;-170.0;10.0;-716.0
5839.0;9930.0;16547.0;23364.0;4089.0;5585.0;5145.0;8820.0;14876.0;24272.0;3758.0;5401.0;-7.0;-170.0;16.0;-693.0
5822.0;9907.0;16496.0;23124.0;4076.0;5588.0;5112.0;8758.0;14764.0;24298.0;3768.0;5398.0;-8.0;-170.0;13.0;-716.0
5774.0;9850.0;16326.0;23104.0;4007.0;5463.0;5008.0;8565.0;14443.0;23614.0;3655.0;5222.0;-7.0;-170.0;8.0;-668.0
5582.0;9548.0;15972.0;22850.0;3989.0;5506.0;5062.0;8728.0;14750.0;24134.0;3755.0;5381.0;-7.0;-146.0;6.0;-621.0
5782.0;9845.0;16340.0;23107.0;4039.0;5506.0;5042.0;8646.0;14589.0;23905.0;3693.0;5270.0;-7.0;-143.0;4.0;-580.0
5649.0;9612.0;16019.0;22889.0;3967.0;5414.0;4938.0;8465.0;14297.0;23478.0;3644.0;5218.0;-6.0;-143.0;11.0;-580.0
5583.0;9530.0;15860.0;22853.0;3946.0;5404.0;4907.0;8420.0;14233.0;23289.0;3614.0;5140.0;-4.0;-135.0;10.0;-563.0
5465.0;9335.0;15512.0;22593.0;3845.0;5252.0;4696.0;8068.0;13636.0;22449.0;3485.0;5024.0;-4.0;-135.0;10.0;-563.0
5324.0;9097.0;15199.0;22414.0;3779.0;5215.0;4724.0;8124.0;13707.0;22527.0;3513.0;5022.0;-6.0;-135.0;12.0;-563.0
5352.0;9142.0;15317.0;22513.0;3848.0;5317.0;4878.0;8383.0;14147.0;23224.0;3609.0;5186.0;-8.0;-152.0;8.0;-626.0
5534.0;9480.0;15794.0;22851.0;3932.0;5409.0;4910.0;8491.0;14325.0;23481.0;3674.0;5274.0;-8.0;-154.0;8.0;-637.0
5616.0;9576.0;16016.0;22930.0;3981.0;5446.0;4972.0;8543.0;14435.0;23611.0;3672.0;5237.0;-8.0;-179.0;7.0;-722.0
5605.0;9569.0;15995.0;22981.0;3990.0;5512.0;5079.0;8760.0;14772.0;24169.0;3764.0;5330.0;-8.0;-179.0;7.0;-722.0
5746.0;9796.0;16404.0;23200.0;4067.0;5556.0;5117.0;8829.0;14862.0;24405.0;3784.0;5389.0;-8.0;-176.0;7.0;-722.0
5780.0;9893.0;16493.0;23245.0;4100.0;5606.0;5119.0;8773.0;14815.0;24274.0;3782.0;5381.0;-6.0;-176.0;11.0;-722.0
5748.0;9774.0;16295.0;23106.0;4031.0;5544.0;5043.0;8660.0;14637.0;24068.0;3755.0;5374.0;-3.0;-166.0;11.0;-672.0
5779.0;9862.0;16416.0;23108.0;4056.0;5531.0;5026.0;8661.0;14572.0;23860.0;3713.0;5263.0;-6.0;-156.0;7.0;-655.0
5604.0;9541.0;15866.0;22851.0;3890.0;5300.0;4713.0;8122.0;13691.0;22508.0;3515.0;5021.0;-3.0;-155.0;11.0;-643.0
5328.0;9057.0;15027.0;22253.0;3750.0;5182.0;4702.0;8077.0;13659.0;22546.0;3517.0;5060.0;-3.0;-137.0;7.0;-562.0
5421.0;9248.0;15480.0;22597.0;3856.0;5337.0;4865.0;8379.0;14161.0;23208.0;3618.0;5167.0;-6.0;-137.0;7.0;-562.0
5507.0;9401.0;15691.0;22726.0;3886.0;5347.0;4847.0;8333.0;14049.0;22971.0;3582.0;5111.0;-6.0;-137.0;4.0;-562.0
5392.0;9180.0;15379.0;22532.0;3824.0;5248.0;4738.0;8139.0;13739.0;22585.0;3509.0;5062.0;-7.0;-132.0;2.0;-546.0
5355.0;9119.0;15249.0;22343.0;3775.0;5202.0;4666.0;8036.0;13588.0;22347.0;3478.0;4996.0;-7.0;-132.0;2.0;-546.0
5317.0;9099.0;15111.0;22345.0;3771.0;5185.0;4688.0;8096.0;13629.0;22408.0;3493.0;4991.0;-7.0;-132.0;2.0;-546.0
5236.0;8935.0;14875.0;22189.0;3723.0;5140.0;4617.0;7936.0;13447.0;22013.0;3428.0;4929.0;-7.0;-133.0;16.0;-629.0
5265.0;9021.0;15187.0;22475.0;3842.0;5345.0;4904.0;8458.0;14360.0;23521.0;3678.0;5239.0;-7.0;-174.0;11.0;-686.0
5604.0;9613.0;16091.0;23026.0;4025.0;5527.0;5065.0;8714.0;14741.0;23795.0;3756.0;5354.0;-7.0;-174.0;19.0;-686.0
5687.0;9694.0;16212.0;22989.0;4002.0;5477.0;4997.0;8580.0;14551.0;23769.0;3709.0;5273.0;-7.0;-174.0;7.0;-686.0
5653.0;9596.0;16003.0;22851.0;3950.0;5360.0;4802.0;8231.0;13887.0;22793.0;3547.0;5058.0;-5.0;-119.0;7.0;-490.0
5317.0;9098.0;15145.0;22339.0;3772.0;5167.0;4617.0;7950.0;13434.0;22028.0;3439.0;4930.0;-8.0;-119.0;7.0;-490.0
5201.0;8875.0;14821.0;22142.0;3699.0;5098.0;4571.0;7872.0;13325.0;21938.0;3420.0;4892.0;-8.0;-119.0;5.0;-490.0
5153.0;8820.0;14729.0;22084.0;3677.0;5091.0;4585.0;7892.0;13372.0;21972.0;3441.0;4927.0;-6.0;-134.0;5.0;-533.0
5242.0;8928.0;14955.0;22221.0;3724.0;5124.0;4596.0;7919.0;13396.0;22082.0;3454.0;4973.0;-8.0;-139.0;10.0;-570.0
5335.0;9148.0;15345.0;22600.0;3875.0;5357.0;4890.0;8454.0;14339.0;23609.0;3692.0;5304.0;-8.0;-139.0;8.0;-570.0
5669.0;9681.0;16207.0;23019.0;4014.0;5481.0;4945.0;8497.0;14326.0;23545.0;3663.0;5229.0;-9.0;-175.0;10.0;-716.0
5505.0;9349.0;15550.0;22596.0;3828.0;5224.0;4655.0;8003.0;13518.0;22232.0;3462.0;4914.0;-8.0;-181.0;15.0;-742.0
5174.0;8814.0;14733.0;22043.0;3673.0;5073.0;4585.0;7907.0;13393.0;22124.0;3495.0;5046.0;-8.0;-139.0;15.0;-570.0
5406.0;9283.0;15503.0;22695.0;3920.0;5435.0;4999.0;8620.0;14602.0;23952.0;3735.0;5332.0;-8.0;-132.0;16.0;-559.0
5696.0;9664.0;15997.0;22851.0;3940.0;5356.0;4854.0;8330.0;14046.0;23137.0;3589.0;5157.0;-8.0;-147.0;12.0;-592.0
5452.0;9307.0;15479.0;22596.0;3831.0;5248.0;4730.0;8121.0;13695.0;22487.0;3499.0;5005.0;-8.0;-132.0;11.0;-559.0
5259.0;9030.0;15070.0;22340.0;3784.0;5239.0;4745.0;8116.0;13792.0;22728.0;3545.0;5068.0;-7.0;-132.0;16.0;-559.0
5403.0;9210.0;15425.0;22590.0;3836.0;5278.0;4783.0;8233.0;13906.0;22915.0;3550.0;5089.0;-8.0;-131.0;16.0;-551.0
5396.0;9221.0;15345.0;22510.0;3812.0;5241.0;4727.0;8187.0;13872.0;22869.0;3580.0;5125.0;-6.0;-131.0;14.0;-551.0
5462.0;9358.0;15669.0;22797.0;3912.0;5362.0;4841.0;8338.0;14055.0;23101.0;3575.0;5139.0;-6.0;-131.0;12.0;-516.0
5413.0;9203.0;15330.0;22465.0;3765.0;5129.0;4595.0;7904.0;13331.0;21868.0;3393.0;4871.0;-5.0;-121.0;11.0;-512.0
5111.0;8710.0;14585.0;21924.0;3645.0;5023.0;4511.0;7767.0;13125.0;21584.0;3381.0;4863.0;-5.0;-120.0;12.0;-489.0
5121.0;8745.0;14632.0;21979.0;3674.0;5086.0;4587.0;7918.0;13374.0;21877.0;3429.0;4927.0;-4.0;-119.0;6.0;-489.0
5187.0;8875.0;14825.0;22123.0;3702.0;5095.0;4563.0;7845.0;13286.0;21880.0;3412.0;4874.0;-4.0;-120.0;6.0;-512.0
5158.0;8780.0;14668.0;21968.0;3641.0;5035.0;4508.0;7772.0;13143.0;21651.0;3376.0;4868.0;-5.0;-121.0;6.0;-514.0
5143.0;8802.0;14722.0;22087.0;3702.0;5143.0;4654.0;8062.0;13691.0;22533.0;3506.0;5067.0;-3.0;-145.0;8.0;-587.0
5398.0;9222.0;15375.0;22474.0;3805.0;5223.0;4725.0;8142.0;13748.0;22634.0;3527.0;5075.0;-3.0;-153.0;8.0;-651.0
5422.0;9273.0;15462.0;22595.0;3866.0;5310.0;4834.0;8302.0;14050.0;23017.0;3584.0;5130.0;-7.0;-153.0;9.0;-651.0
5416.0;9233.0;15419.0;22597.0;3828.0;5256.0;4727.0;8158.0;13780.0;22712.0;3542.0;5101.0;-10.0;-145.0;9.0;-587.0
5445.0;9246.0;15361.0;22597.0;3832.0;5255.0;4718.0;8113.0;13742.0;22577.0;3512.0;4994.0;-10.0;-131.0;3.0;-551.0
5294.0;8991.0;14991.0;22240.0;3702.0;5069.0;4530.0;7782.0;13191.0;21726.0;3392.0;4848.0;-10.0;-131.0;0.0;-551.0
5136.0;8771.0;14676.0;22080.0;3675.0;5082.0;4580.0;7872.0;13382.0;21879.0;3433.0;4923.0;-10.0;-131.0;0.0;-551.0
5217.0;8913.0;14955.0;22242.0;3750.0;5150.0;4619.0;7974.0;13523.0;22199.0;3475.0;4971.0;-8.0;-136.0;6.0;-565.0
5274.0;9037.0;15096.0;22343.0;3787.0;5195.0;4707.0;8115.0;13706.0;22535.0;3509.0;5058.0;-8.0;-136.0;5.0;-565.0
5356.0;9165.0;15319.0;22514.0;3826.0;5266.0;4726.0;8148.0;13783.0;22653.0;3521.0;5052.0;-11.0;-136.0;5.0;-565.0
5357.0;9159.0;15313.0;22467.0;3799.0;5200.0;4661.0;8035.0;13569.0;22348.0;3474.0;4972.0;-11.0;-133.0;3.0;-536.0
5247.0;8959.0;14977.0;22278.0;3739.0;5172.0;4621.0;7966.0;13467.0;22131.0;3455.0;4951.0;-11.0;-124.0;3.0;-520.0
5220.0;8902.0;14837.0;22133.0;3689.0;5088.0;4559.0;7851.0;13327.0;21825.0;3398.0;4867.0;-13.0;-124.0;2.0;-520.0
5116.0;8735.0;14576.0;21956.0;3647.0;5049.0;4527.0;7790.0;13203.0;21751.0;3397.0;4869.0;-11.0;-124.0;3.0;-520.0
5193.0;8852.0;14814.0;22086.0;3689.0;5104.0;4558.0;7871.0;13375.0;22007.0;3441.0;4929.0;-2.0;-131.0;10.0;-542.0
5185.0;8880.0;14890.0;22215.0;3721.0;5100.0;4608.0;7933.0;13462.0;22111.0;3455.0;4976.0;-2.0;-131.0;17.0;-542.0
5270.0;9094.0;15290.0;22600.0;3857.0;5361.0;4873.0;8413.0;14216.0;23331.0;3620.0;5196.0;-3.0;-144.0;13.0;-554.0
5452.0;9249.0;15450.0;22594.0;3822.0;5179.0;4619.0;7939.0;13434.0;22096.0;3446.0;4955.0;-3.0;-148.0;17.0;-597.0
5236.0;8952.0;14936.0;22315.0;3761.0;5184.0;4700.0;8111.0;13710.0;22567.0;3523.0;5045.0;-10.0;-144.0;3.0;-554.0
5362.0;9151.0;15294.0;22479.0;3823.0;5281.0;4810.0;8294.0;14021.0;23097.0;3599.0;5152.0;-10.0;-117.0;3.0;-531.0
5493.0;9331.0;15494.0;22598.0;3811.0;5183.0;4610.0;7925.0;13395.0;22027.0;3429.0;4897.0;-10.0;-118.0;1.0;-498.0
5154.0;8787.0;14704.0;22078.0;3668.0;5027.0;4481.0;7716.0;13084.0;21571.0;3354.0;4818.0;-10.0;-118.0;5.0;-498.0
5053.0;8647.0;14451.0;21798.0;3632.0;5011.0;4474.0;7716.0;12988.0;21495.0;3358.0;4854.0;-9.0;-118.0;5.0;-498.0
5102.0;8796.0;14805.0;22208.0;3742.0;5216.0;4734.0;8177.0;13816.0;22655.0;3562.0;5098.0;-9.0;-150.0;9.0;-635.0
5418.0;9252.0;15440.0;22514.0;3823.0;5224.0;4690.0;8069.0;13641.0;22337.0;3475.0;4992.0;-9.0;-150.0;14.0;-635.0
5343.0;9187.0;15349.0;22520.0;3855.0;5319.0;4809.0;8298.0;14015.0;23201.0;3612.0;5172.0;-9.0;-150.0;14.0;-635.0
5490.0;9384.0;15633.0;22675.0;3863.0;5274.0;4765.0;8181.0;13851.0;22711.0;3525.0;5084.0;-10.0;-138.0;14.0;-590.0
5369.0;9146.0;15241.0;22421.0;3783.0;5155.0;4559.0;7825.0;13250.0;21800.0;3403.0;4859.0;-10.0;-138.0;7.0;-590.0
5108.0;8697.0;14565.0;21919.0;3636.0;5018.0;4460.0;7705.0;13057.0;21532.0;3361.0;4847.0;-11.0;-130.0;7.0;-568.0
5106.0;8748.0;14637.0;22050.0;3690.0;5121.0;4597.0;7934.0;13463.0;22229.0;3482.0;4987.0;-11.0;-130.0;11.0;-568.0
5295.0;9033.0;15058.0;22296.0;3748.0;5163.0;4653.0;7994.0;13411.0;22278.0;3471.0;4992.0;-10.0;-130.0;3.0;-568.0
5255.0;9014.0;15126.0;22347.0;3809.0;5245.0;4728.0;8170.0;13839.0;22785.0;3555.0;5104.0;-1.0;-144.0;3.0;-594.0
5383.0;9211.0;15394.0;22531.0;3822.0;5237.0;4738.0;8155.0;13794.0;22583.0;3521.0;5039.0;-8.0;-130.0;3.0;-568.0
5339.0;9115.0;15245.0;22505.0;3829.0;5294.0;4824.0;8336.0;14093.0;23283.0;3640.0;5200.0;-6.0;-152.0;3.0;-636.0
5624.0;9560.0;15997.0;22850.0;3940.0;5365.0;4795.0;8235.0;13880.0;22729.0;3525.0;4998.0;-8.0;-150.0;3.0;-620.0
5234.0;8909.0;14859.0;22166.0;3700.0;5115.0;4603.0;7965.0;13503.0;22324.0;3498.0;5014.0;-6.0;-150.0;5.0;-620.0
5429.0;9316.0;15571.0;22680.0;3890.0;5370.0;4890.0;8408.0;14179.0;23350.0;3631.0;5198.0;-8.0;-129.0;4.0;-558.0
5467.0;9287.0;15496.0;22593.0;3826.0;5204.0;4642.0;7971.0;13491.0;22208.0;3462.0;4966.0;-6.0;-150.0;5.0;-620.0
5253.0;8967.0;14975.0;22301.0;3742.0;5167.0;4612.0;7987.0;13512.0;22197.0;3473.0;4981.0;-5.0;-150.0;7.0;-620.0
5291.0;9067.0;15163.0;22375.0;3798.0;5206.0;4705.0;8075.0;13610.0;22408.0;3498.0;5030.0;-4.0;-129.0;13.0;-558.0
5396.0;9241.0;15463.0;22676.0;3892.0;5414.0;4955.0;8511.0;14419.0;23675.0;3704.0;5311.0;-4.0;-129.0;13.0;-558.0
5708.0;9748.0;16199.0;22978.0;3992.0;5382.0;4820.0;8283.0;13955.0;22832.0;3544.0;5046.0;-4.0;-120.0;8.0;-502.0
5259.0;8945.0;14948.0;22085.0;3679.0;5063.0;4511.0;7755.0;13104.0;21544.0;3364.0;4836.0;-9.0;-120.0;6.0;-502.0
5139.0;8787.0;14688.0;22016.0;3673.0;5053.0;4537.0;7812.0;13222.0;21762.0;3404.0;4888.0;-9.0;-120.0;6.0;-502.0
5156.0;8835.0;14843.0;22256.0;3780.0;5258.0;4831.0;8325.0;14070.0;23252.0;3630.0;5220.0;-10.0;-120.0;6.0;-502.0
5606.0;9600.0;16026.0;22934.0;3976.0;5471.0;4984.0;8555.0;14412.0;23647.0;3663.0;5211.0;-10.0;-120.0;5.0;-502.0
5487.0;9287.0;15426.0;22469.0;3800.0;5175.0;4619.0;7938.0;13399.0;21986.0;3433.0;4899.0;-10.0;-118.0;5.0;-505.0
5606.0;9600.0;16026.0;22934.0;3976.0;5471.0;4984.0;8555.0;14412.0;23647.0;3663.0;5211.0;-6.0;-118.0;21.0;-505.0
5110.0;8732.0;14607.0;22016.0;3659.0;5041.0;4499.0;7733.0;13125.0;21635.0;3379.0;4839.0;-6.0;-118.0;14.0;-505.0
5163.0;8781.0;14715.0;22022.0;3683.0;5053.0;4556.0;7825.0;13238.0;21791.0;3409.0;4875.0;-6.0;-130.0;15.0;-529.0
