OFFCHIP_SENSIMOX_SnAu_150_200.0_IN-PHASE;OFFCHIP_SENSIMOX_SnAu_200_200.0_IN-PHASE;OFFCHIP_SENSIMOX_SnAu_250_200.0_IN-PHASE;OFFCHIP_SENSIMOX_SnAu_300_200.0_IN-PHASE;OFFCHIP_SENSIMOX_SnAu_350_200.0_IN-PHASE;OFFCHIP_SENSIMOX_SnAu_400_200.0_IN-PHASE;OFFCHIP_SENSIMOX_SnAu_150_78125.0_IN-PHASE;OFFCHIP_SENSIMOX_SnAu_200_78125.0_IN-PHASE;OFFCHIP_SENSIMOX_SnAu_250_78125.0_IN-PHASE;OFFCHIP_SENSIMOX_SnAu_300_78125.0_IN-PHASE;OFFCHIP_SENSIMOX_SnAu_350_78125.0_IN-PHASE;OFFCHIP_SENSIMOX_SnAu_400_78125.0_IN-PHASE;ONCHIP_ALUMINUM_OXIDE_OUT4_IN-PHASE;ONCHIP_ALUMINUM_OXIDE_OUT4_QUADRATURE;ONCHIP_ALUMINUM_OXIDE_OUT7_IN-PHASE;ONCHIP_ALUMINUM_OXIDE_OUT7_QUADRATURE;Unname;LABEL
1.0;1.0;1.0;1.0;1.0;1.0;1.0;1.0;1.0;1.0;1.0;1.0;1.0;1.0;1.0;1.0;GASOLINE
3.0;7.0;17.0;35.0;8.0;15.0;2.0;5.0;10.0;30.0;7.0;13.0;24.0;-17.0;115.0;-62.0;GASOLINE
5.0;11.0;25.0;52.0;11.0;22.0;2.0;6.0;16.0;42.0;10.0;19.0;27.0;-19.0;118.0;-79.0;GASOLINE
7.0;15.0;33.0;67.0;15.0;27.0;2.0;7.0;21.0;54.0;12.0;24.0;21.0;-24.0;115.0;-86.0;GASOLINE
8.0;17.0;37.0;79.0;17.0;33.0;2.0;8.0;22.0;62.0;14.0;29.0;27.0;-30.0;163.0;-114.0;GASOLINE
9.0;19.0;42.0;88.0;19.0;37.0;4.0;11.0;29.0;73.0;16.0;33.0;47.0;-33.0;176.0;-114.0;GASOLINE
10.0;22.0;48.0;101.0;22.0;43.0;4.0;13.0;34.0;83.0;19.0;38.0;54.0;-35.0;219.0;-142.0;GASOLINE
11.0;25.0;54.0;112.0;24.0;46.0;5.0;13.0;36.0;90.0;20.0;40.0;53.0;-38.0;224.0;-147.0;GASOLINE
12.0;26.0;57.0;120.0;26.0;49.0;7.0;16.0;39.0;97.0;22.0;45.0;74.0;-44.0;295.0;-174.0;GASOLINE
13.0;29.0;63.0;129.0;27.0;52.0;6.0;17.0;43.0;106.0;23.0;47.0;77.0;-50.0;327.0;-207.0;GASOLINE
14.0;31.0;69.0;143.0;30.0;58.0;7.0;21.0;52.0;125.0;27.0;54.0;79.0;-50.0;335.0;-210.0;GASOLINE
16.0;35.0;75.0;156.0;33.0;65.0;8.0;20.0;55.0;134.0;31.0;61.0;80.0;-51.0;371.0;-227.0;GASOLINE
17.0;37.0;80.0;170.0;36.0;69.0;9.0;23.0;59.0;143.0;32.0;63.0;89.0;-57.0;391.0;-252.0;GASOLINE
18.0;39.0;85.0;177.0;38.0;73.0;10.0;27.0;66.0;155.0;34.0;68.0;104.0;-57.0;431.0;-262.0;GASOLINE
19.0;41.0;90.0;192.0;41.0;79.0;11.0;28.0;70.0;168.0;37.0;73.0;106.0;-62.0;455.0;-273.0;GASOLINE
21.0;45.0;97.0;202.0;42.0;81.0;11.0;29.0;74.0;175.0;38.0;76.0;109.0;-62.0;465.0;-282.0;GASOLINE
21.0;47.0;101.0;210.0;43.0;84.0;12.0;31.0;78.0;183.0;39.0;78.0;113.0;-62.0;478.0;-285.0;GASOLINE
22.0;49.0;105.0;216.0;45.0;86.0;11.0;31.0;78.0;187.0;40.0;80.0;110.0;-62.0;464.0;-286.0;GASOLINE
23.0;50.0;107.0;224.0;46.0;89.0;12.0;32.0;82.0;197.0;42.0;82.0;110.0;-72.0;495.0;-298.0;GASOLINE
24.0;53.0;111.0;231.0;48.0;93.0;12.0;33.0;84.0;204.0;45.0;88.0;119.0;-72.0;557.0;-325.0;GASOLINE
25.0;54.0;116.0;242.0;50.0;96.0;13.0;35.0;87.0;207.0;45.0;91.0;136.0;-73.0;572.0;-332.0;GASOLINE
26.0;57.0;121.0;250.0;52.0;100.0;13.0;35.0;92.0;218.0;48.0;94.0;129.0;-77.0;560.0;-338.0;GASOLINE
27.0;59.0;126.0;261.0;54.0;103.0;15.0;37.0;95.0;224.0;49.0;97.0;130.0;-82.0;592.0;-351.0;GASOLINE
27.0;60.0;127.0;265.0;55.0;103.0;15.0;38.0;96.0;225.0;49.0;97.0;134.0;-87.0;611.0;-357.0;GASOLINE
28.0;61.0;127.0;266.0;55.0;105.0;16.0;39.0;96.0;224.0;48.0;97.0;156.0;-88.0;674.0;-388.0;GASOLINE
28.0;60.0;128.0;263.0;55.0;103.0;16.0;39.0;95.0;221.0;48.0;94.0;170.0;-91.0;703.0;-398.0;GASOLINE
27.0;59.0;125.0;260.0;53.0;101.0;15.0;37.0;93.0;218.0;47.0;95.0;164.0;-95.0;718.0;-405.0;GASOLINE
27.0;60.0;126.0;261.0;54.0;103.0;16.0;40.0;100.0;233.0;50.0;99.0;168.0;-97.0;723.0;-410.0;GASOLINE
28.0;60.0;130.0;267.0;55.0;107.0;17.0;42.0;103.0;240.0;51.0;100.0;173.0;-97.0;770.0;-432.0;GASOLINE
28.0;61.0;131.0;270.0;56.0;108.0;17.0;41.0;101.0;239.0;51.0;101.0;181.0;-98.0;775.0;-432.0;GASOLINE
29.0;63.0;136.0;281.0;58.0;111.0;18.0;44.0;108.0;251.0;54.0;107.0;166.0;-98.0;765.0;-433.0;GASOLINE
30.0;65.0;140.0;293.0;61.0;117.0;19.0;46.0;111.0;258.0;54.0;108.0;181.0;-103.0;764.0;-433.0;GASOLINE
31.0;67.0;141.0;290.0;60.0;114.0;18.0;44.0;107.0;245.0;53.0;106.0;186.0;-103.0;761.0;-438.0;GASOLINE
30.0;65.0;139.0;285.0;59.0;112.0;15.0;41.0;104.0;238.0;52.0;104.0;185.0;-106.0;807.0;-457.0;GASOLINE
29.0;64.0;136.0;279.0;57.0;110.0;18.0;43.0;106.0;245.0;52.0;103.0;186.0;-106.0;832.0;-460.0;GASOLINE
29.0;64.0;136.0;277.0;57.0;110.0;14.0;40.0;99.0;234.0;51.0;101.0;192.0;-107.0;828.0;-469.0;GASOLINE
29.0;62.0;131.0;270.0;56.0;106.0;18.0;42.0;102.0;234.0;50.0;98.0;198.0;-108.0;841.0;-470.0;GASOLINE
29.0;61.0;130.0;270.0;56.0;108.0;15.0;40.0;99.0;241.0;53.0;106.0;200.0;-108.0;890.0;-490.0;GASOLINE
30.0;66.0;145.0;307.0;65.0;127.0;19.0;49.0;123.0;288.0;63.0;123.0;203.0;-109.0;889.0;-493.0;GASOLINE
33.0;74.0;158.0;331.0;69.0;130.0;19.0;50.0;126.0;292.0;63.0;123.0;196.0;-111.0;887.0;-493.0;GASOLINE
34.0;75.0;161.0;338.0;71.0;136.0;21.0;53.0;132.0;309.0;66.0;132.0;211.0;-111.0;911.0;-495.0;GASOLINE
35.0;76.0;166.0;347.0;73.0;139.0;21.0;54.0;131.0;307.0;66.0;129.0;199.0;-114.0;879.0;-501.0;GASOLINE
36.0;78.0;167.0;349.0;73.0;139.0;22.0;55.0;136.0;317.0;69.0;135.0;214.0;-114.0;923.0;-504.0;GASOLINE
36.0;80.0;172.0;362.0;76.0;150.0;24.0;60.0;151.0;353.0;77.0;152.0;217.0;-115.0;923.0;-504.0;GASOLINE
40.0;88.0;192.0;409.0;86.0;167.0;26.0;66.0;164.0;385.0;84.0;163.0;204.0;-115.0;937.0;-516.0;GASOLINE
42.0;94.0;204.0;429.0;89.0;171.0;27.0;69.0;169.0;389.0;84.0;164.0;214.0;-121.0;956.0;-520.0;GASOLINE
43.0;97.0;208.0;435.0;91.0;173.0;27.0;70.0;173.0;401.0;86.0;170.0;221.0;-121.0;963.0;-529.0;GASOLINE
45.0;100.0;216.0;458.0;96.0;183.0;30.0;76.0;184.0;421.0;90.0;176.0;231.0;-124.0;1008.0;-546.0;GASOLINE
46.0;102.0;221.0;461.0;95.0;182.0;28.0;73.0;178.0;415.0;89.0;173.0;221.0;-125.0;1011.0;-550.0;GASOLINE
47.0;103.0;221.0;458.0;94.0;181.0;28.0;73.0;181.0;420.0;90.0;176.0;227.0;-126.0;1002.0;-551.0;GASOLINE
48.0;105.0;226.0;475.0;98.0;188.0;33.0;80.0;196.0;449.0;95.0;184.0;239.0;-132.0;1037.0;-558.0;GASOLINE
50.0;110.0;237.0;493.0;102.0;194.0;32.0;81.0;196.0;449.0;97.0;188.0;229.0;-134.0;1015.0;-559.0;GASOLINE
52.0;113.0;242.0;500.0;103.0;194.0;32.0;84.0;205.0;467.0;98.0;189.0;231.0;-135.0;1025.0;-560.0;GASOLINE
51.0;113.0;242.0;505.0;104.0;199.0;32.0;82.0;201.0;462.0;99.0;192.0;231.0;-136.0;1047.0;-565.0;GASOLINE
53.0;117.0;247.0;510.0;103.0;196.0;33.0;83.0;200.0;455.0;96.0;186.0;237.0;-137.0;1066.0;-575.0;GASOLINE
52.0;113.0;240.0;492.0;100.0;190.0;34.0;84.0;200.0;449.0;95.0;182.0;256.0;-139.0;1083.0;-583.0;GASOLINE
52.0;113.0;240.0;488.0;98.0;188.0;32.0;80.0;193.0;439.0;94.0;182.0;258.0;-138.0;1097.0;-591.0;GASOLINE
52.0;113.0;240.0;494.0;101.0;190.0;33.0;82.0;198.0;451.0;96.0;185.0;261.0;-141.0;1110.0;-594.0;GASOLINE
53.0;116.0;247.0;519.0;107.0;203.0;35.0;88.0;213.0;491.0;105.0;205.0;266.0;-141.0;1130.0;-604.0;GASOLINE
54.0;121.0;261.0;549.0;114.0;217.0;37.0;96.0;231.0;528.0;111.0;212.0;261.0;-138.0;1142.0;-608.0;GASOLINE
58.0;129.0;274.0;566.0;115.0;217.0;38.0;93.0;224.0;511.0;108.0;210.0;262.0;-138.0;1150.0;-611.0;GASOLINE
59.0;129.0;275.0;567.0;116.0;219.0;38.0;95.0;231.0;524.0;111.0;214.0;256.0;-141.0;1176.0;-623.0;GASOLINE
60.0;130.0;274.0;571.0;115.0;219.0;38.0;97.0;236.0;533.0;111.0;214.0;264.0;-141.0;1181.0;-625.0;GASOLINE
60.0;131.0;280.0;578.0;118.0;225.0;39.0;99.0;237.0;539.0;115.0;221.0;257.0;-141.0;1189.0;-629.0;GASOLINE
61.0;134.0;284.0;590.0;120.0;228.0;41.0;100.0;240.0;546.0;116.0;224.0;284.0;-145.0;1207.0;-631.0;GASOLINE
63.0;137.0;293.0;600.0;121.0;228.0;42.0;102.0;244.0;549.0;115.0;222.0;273.0;-146.0;1191.0;-632.0;GASOLINE
63.0;136.0;287.0;590.0;120.0;225.0;41.0;103.0;246.0;553.0;115.0;218.0;284.0;-151.0;1228.0;-640.0;GASOLINE
63.0;137.0;288.0;593.0;120.0;226.0;43.0;105.0;249.0;557.0;115.0;217.0;293.0;-148.0;1253.0;-651.0;GASOLINE
63.0;137.0;288.0;585.0;118.0;223.0;40.0;101.0;238.0;539.0;113.0;215.0;278.0;-148.0;1247.0;-658.0;GASOLINE
62.0;135.0;286.0;581.0;117.0;221.0;39.0;98.0;234.0;534.0;113.0;217.0;284.0;-151.0;1248.0;-661.0;GASOLINE
62.0;136.0;286.0;585.0;118.0;224.0;41.0;101.0;238.0;538.0;113.0;218.0;297.0;-151.0;1267.0;-663.0;GASOLINE
63.0;137.0;288.0;588.0;119.0;224.0;41.0;101.0;242.0;539.0;114.0;218.0;299.0;-158.0;1285.0;-665.0;GASOLINE
62.0;136.0;287.0;590.0;119.0;225.0;40.0;101.0;242.0;548.0;115.0;221.0;297.0;-158.0;1295.0;-665.0;GASOLINE
63.0;138.0;290.0;593.0;120.0;225.0;41.0;101.0;239.0;537.0;114.0;219.0;294.0;-158.0;1290.0;-670.0;GASOLINE
63.0;137.0;291.0;594.0;121.0;228.0;44.0;106.0;252.0;563.0;117.0;221.0;303.0;-159.0;1285.0;-670.0;GASOLINE
63.0;137.0;290.0;598.0;121.0;227.0;40.0;99.0;238.0;538.0;115.0;220.0;297.0;-159.0;1313.0;-678.0;GASOLINE
62.0;137.0;291.0;599.0;121.0;228.0;42.0;102.0;244.0;552.0;116.0;223.0;305.0;-156.0;1319.0;-691.0;GASOLINE
65.0;141.0;297.0;602.0;122.0;230.0;41.0;102.0;245.0;558.0;117.0;224.0;305.0;-159.0;1323.0;-691.0;GASOLINE
64.0;140.0;295.0;605.0;122.0;230.0;44.0;104.0;245.0;552.0;116.0;223.0;313.0;-161.0;1338.0;-692.0;GASOLINE
64.0;140.0;298.0;608.0;122.0;230.0;44.0;109.0;255.0;568.0;118.0;225.0;316.0;-161.0;1353.0;-695.0;GASOLINE
64.0;140.0;297.0;612.0;124.0;235.0;44.0;108.0;255.0;576.0;120.0;229.0;309.0;-156.0;1348.0;-695.0;GASOLINE
65.0;143.0;301.0;624.0;125.0;236.0;44.0;110.0;260.0;580.0;121.0;230.0;310.0;-161.0;1365.0;-702.0;GASOLINE
65.0;143.0;304.0;625.0;125.0;236.0;44.0;107.0;254.0;572.0;121.0;231.0;311.0;-160.0;1366.0;-698.0;GASOLINE
66.0;144.0;304.0;621.0;126.0;239.0;44.0;110.0;262.0;588.0;123.0;234.0;298.0;-160.0;1345.0;-708.0;GASOLINE
67.0;146.0;308.0;634.0;129.0;242.0;46.0;113.0;267.0;596.0;124.0;238.0;301.0;-160.0;1365.0;-708.0;GASOLINE
67.0;149.0;313.0;645.0;129.0;245.0;48.0;118.0;277.0;612.0;126.0;238.0;318.0;-162.0;1381.0;-708.0;GASOLINE
68.0;148.0;314.0;645.0;131.0;247.0;47.0;116.0;275.0;613.0;127.0;245.0;311.0;-162.0;1367.0;-713.0;GASOLINE
69.0;150.0;318.0;657.0;133.0;252.0;47.0;116.0;274.0;613.0;129.0;245.0;313.0;-162.0;1395.0;-714.0;GASOLINE
69.0;152.0;321.0;656.0;133.0;251.0;47.0;116.0;272.0;611.0;127.0;245.0;320.0;-161.0;1383.0;-717.0;GASOLINE
69.0;152.0;321.0;659.0;133.0;253.0;48.0;117.0;278.0;625.0;130.0;248.0;314.0;-162.0;1389.0;-718.0;GASOLINE
71.0;154.0;323.0;665.0;135.0;253.0;48.0;117.0;277.0;619.0;130.0;247.0;324.0;-162.0;1409.0;-724.0;GASOLINE
71.0;155.0;327.0;663.0;134.0;250.0;47.0;115.0;276.0;620.0;130.0;247.0;313.0;-167.0;1399.0;-724.0;GASOLINE
70.0;154.0;323.0;665.0;133.0;251.0;46.0;114.0;270.0;610.0;129.0;245.0;308.0;-168.0;1397.0;-726.0;GASOLINE
70.0;153.0;323.0;666.0;134.0;254.0;48.0;118.0;280.0;633.0;132.0;250.0;309.0;-172.0;1424.0;-729.0;GASOLINE
70.0;153.0;323.0;662.0;133.0;251.0;46.0;114.0;273.0;608.0;129.0;244.0;306.0;-172.0;1412.0;-729.0;GASOLINE
70.0;152.0;321.0;655.0;132.0;250.0;47.0;116.0;274.0;620.0;129.0;245.0;314.0;-169.0;1429.0;-735.0;GASOLINE
70.0;153.0;325.0;663.0;134.0;254.0;48.0;120.0;285.0;628.0;130.0;248.0;315.0;-169.0;1428.0;-735.0;GASOLINE
70.0;152.0;322.0;659.0;133.0;249.0;48.0;118.0;278.0;623.0;129.0;247.0;335.0;-169.0;1450.0;-736.0;GASOLINE
70.0;153.0;326.0;664.0;134.0;252.0;48.0;116.0;272.0;620.0;129.0;248.0;330.0;-169.0;1455.0;-736.0;GASOLINE
70.0;153.0;324.0;668.0;135.0;255.0;50.0;123.0;287.0;637.0;130.0;250.0;325.0;-169.0;1445.0;-741.0;GASOLINE
71.0;155.0;329.0;671.0;134.0;252.0;49.0;120.0;282.0;627.0;130.0;245.0;338.0;-167.0;1469.0;-743.0;GASOLINE
70.0;152.0;323.0;662.0;133.0;250.0;48.0;118.0;275.0;613.0;128.0;245.0;327.0;-167.0;1460.0;-747.0;GASOLINE
69.0;150.0;321.0;654.0;133.0;251.0;48.0;116.0;273.0;614.0;129.0;245.0;332.0;-173.0;1467.0;-749.0;GASOLINE
69.0;153.0;323.0;660.0;133.0;251.0;48.0;119.0;279.0;625.0;130.0;246.0;327.0;-170.0;1467.0;-749.0;GASOLINE
71.0;155.0;327.0;671.0;135.0;254.0;49.0;120.0;283.0;634.0;132.0;249.0;339.0;-173.0;1488.0;-753.0;GASOLINE
71.0;154.0;327.0;666.0;135.0;253.0;50.0;120.0;284.0;631.0;130.0;248.0;323.0;-173.0;1453.0;-754.0;GASOLINE
71.0;155.0;327.0;667.0;133.0;250.0;49.0;120.0;284.0;632.0;131.0;248.0;342.0;-173.0;1491.0;-754.0;GASOLINE
71.0;154.0;328.0;671.0;135.0;255.0;48.0;118.0;279.0;630.0;131.0;252.0;340.0;-173.0;1485.0;-754.0;GASOLINE
71.0;156.0;331.0;679.0;136.0;256.0;49.0;122.0;287.0;644.0;133.0;252.0;331.0;-174.0;1484.0;-757.0;GASOLINE
71.0;156.0;330.0;679.0;139.0;262.0;51.0;125.0;295.0;663.0;137.0;259.0;336.0;-174.0;1489.0;-757.0;GASOLINE
73.0;160.0;339.0;704.0;143.0;269.0;52.0;126.0;298.0;664.0;139.0;265.0;331.0;-174.0;1493.0;-761.0;GASOLINE
73.0;161.0;342.0;706.0;144.0;270.0;50.0;125.0;296.0;663.0;139.0;265.0;319.0;-174.0;1489.0;-762.0;GASOLINE
74.0;162.0;342.0;704.0;143.0;270.0;52.0;130.0;302.0;676.0;138.0;266.0;326.0;-172.0;1481.0;-768.0;GASOLINE
74.0;163.0;345.0;709.0;143.0;270.0;53.0;128.0;298.0;665.0;139.0;264.0;343.0;-172.0;1505.0;-768.0;GASOLINE
74.0;162.0;345.0;701.0;142.0;265.0;50.0;124.0;292.0;651.0;136.0;261.0;347.0;-172.0;1508.0;-762.0;GASOLINE
75.0;162.0;342.0;698.0;140.0;263.0;52.0;128.0;302.0;667.0;138.0;260.0;336.0;-172.0;1510.0;-768.0;GASOLINE
74.0;162.0;341.0;697.0;141.0;267.0;53.0;128.0;300.0;665.0;137.0;264.0;342.0;-172.0;1516.0;-762.0;GASOLINE
74.0;161.0;340.0;694.0;141.0;267.0;52.0;125.0;296.0;665.0;138.0;263.0;334.0;-172.0;1505.0;-762.0;GASOLINE
73.0;160.0;341.0;694.0;141.0;266.0;52.0;126.0;296.0;660.0;137.0;262.0;341.0;-172.0;1506.0;-771.0;GASOLINE
74.0;162.0;339.0;695.0;141.0;267.0;53.0;130.0;304.0;677.0;140.0;266.0;352.0;-173.0;1519.0;-772.0;GASOLINE
74.0;162.0;343.0;706.0;143.0;268.0;52.0;128.0;300.0;673.0;140.0;265.0;348.0;-173.0;1535.0;-772.0;GASOLINE
73.0;161.0;342.0;704.0;142.0;269.0;51.0;126.0;297.0;662.0;139.0;265.0;342.0;-177.0;1497.0;-772.0;GASOLINE
75.0;165.0;347.0;711.0;143.0;271.0;52.0;130.0;306.0;680.0;140.0;265.0;339.0;-178.0;1530.0;-775.0;GASOLINE
73.0;160.0;342.0;702.0;143.0;272.0;51.0;126.0;299.0;671.0;140.0;268.0;323.0;-180.0;1526.0;-776.0;GASOLINE
74.0;162.0;346.0;710.0;143.0;272.0;53.0;129.0;303.0;674.0;141.0;266.0;359.0;-180.0;1548.0;-779.0;GASOLINE
74.0;162.0;344.0;704.0;142.0;269.0;53.0;130.0;304.0;673.0;141.0;267.0;348.0;-180.0;1527.0;-779.0;GASOLINE
74.0;163.0;348.0;715.0;143.0;273.0;53.0;130.0;305.0;679.0;141.0;268.0;342.0;-180.0;1539.0;-779.0;GASOLINE
75.0;163.0;348.0;717.0;144.0;272.0;53.0;134.0;310.0;681.0;141.0;269.0;340.0;-180.0;1539.0;-779.0;GASOLINE
75.0;165.0;351.0;720.0;144.0;274.0;54.0;131.0;306.0;681.0;142.0;272.0;347.0;-180.0;1546.0;-784.0;GASOLINE
75.0;165.0;351.0;726.0;146.0;279.0;53.0;130.0;311.0;695.0;144.0;275.0;344.0;-181.0;1540.0;-786.0;GASOLINE
76.0;167.0;354.0;729.0;146.0;277.0;55.0;134.0;315.0;697.0;144.0;275.0;336.0;-182.0;1536.0;-786.0;GASOLINE
76.0;166.0;353.0;724.0;146.0;279.0;55.0;136.0;318.0;705.0;146.0;276.0;350.0;-181.0;1539.0;-786.0;GASOLINE
75.0;165.0;355.0;732.0;148.0;283.0;54.0;134.0;313.0;706.0;147.0;282.0;348.0;-181.0;1542.0;-786.0;GASOLINE
77.0;169.0;359.0;744.0;150.0;286.0;55.0;138.0;324.0;722.0;149.0;282.0;340.0;-181.0;1540.0;-783.0;GASOLINE
77.0;169.0;357.0;735.0;149.0;283.0;55.0;133.0;318.0;715.0;148.0;284.0;342.0;-183.0;1544.0;-783.0;GASOLINE
77.0;170.0;360.0;747.0;151.0;286.0;54.0;135.0;317.0;711.0;147.0;280.0;351.0;-184.0;1546.0;-787.0;GASOLINE
77.0;169.0;360.0;738.0;149.0;280.0;54.0;133.0;311.0;696.0;144.0;277.0;345.0;-184.0;1555.0;-787.0;GASOLINE
77.0;168.0;355.0;730.0;147.0;278.0;54.0;130.0;308.0;688.0;144.0;272.0;347.0;-184.0;1561.0;-790.0;GASOLINE
76.0;168.0;356.0;729.0;147.0;278.0;55.0;135.0;318.0;698.0;145.0;275.0;350.0;-184.0;1562.0;-791.0;GASOLINE
75.0;166.0;353.0;730.0;147.0;279.0;54.0;132.0;310.0;691.0;145.0;276.0;351.0;-180.0;1555.0;-791.0;GASOLINE
76.0;166.0;355.0;726.0;147.0;280.0;55.0;136.0;316.0;705.0;145.0;275.0;346.0;-180.0;1565.0;-793.0;GASOLINE
76.0;167.0;353.0;726.0;148.0;277.0;54.0;131.0;307.0;692.0;145.0;275.0;350.0;-180.0;1574.0;-793.0;GASOLINE
75.0;165.0;351.0;726.0;147.0;279.0;55.0;133.0;312.0;697.0;145.0;276.0;356.0;-180.0;1570.0;-797.0;GASOLINE
75.0;165.0;351.0;725.0;147.0;281.0;53.0;130.0;308.0;691.0;145.0;277.0;343.0;-180.0;1559.0;-798.0;GASOLINE
75.0;165.0;353.0;728.0;147.0;279.0;54.0;131.0;311.0;694.0;144.0;274.0;356.0;-183.0;1576.0;-798.0;GASOLINE
76.0;166.0;352.0;728.0;147.0;277.0;54.0;134.0;314.0;696.0;144.0;272.0;358.0;-183.0;1580.0;-798.0;GASOLINE
74.0;163.0;351.0;726.0;147.0;279.0;56.0;136.0;317.0;706.0;145.0;277.0;357.0;-183.0;1576.0;-798.0;GASOLINE
75.0;166.0;353.0;730.0;149.0;280.0;55.0;135.0;318.0;708.0;147.0;279.0;346.0;-183.0;1566.0;-800.0;GASOLINE
76.0;167.0;357.0;730.0;148.0;278.0;54.0;133.0;310.0;688.0;144.0;275.0;340.0;-183.0;1563.0;-800.0;GASOLINE
75.0;167.0;356.0;734.0;149.0;282.0;55.0;134.0;315.0;696.0;147.0;281.0;357.0;-184.0;1580.0;-800.0;GASOLINE
75.0;166.0;355.0;736.0;149.0;283.0;54.0;133.0;312.0;699.0;146.0;279.0;364.0;-184.0;1583.0;-799.0;GASOLINE
76.0;165.0;356.0;734.0;148.0;282.0;57.0;137.0;320.0;713.0;147.0;277.0;349.0;-186.0;1580.0;-799.0;GASOLINE
75.0;164.0;351.0;729.0;149.0;282.0;54.0;133.0;316.0;706.0;147.0;280.0;351.0;-184.0;1582.0;-799.0;GASOLINE
75.0;165.0;354.0;734.0;149.0;286.0;58.0;142.0;328.0;727.0;148.0;281.0;361.0;-184.0;1587.0;-798.0;GASOLINE
76.0;168.0;361.0;742.0;150.0;286.0;57.0;141.0;327.0;729.0;149.0;285.0;357.0;-183.0;1587.0;-798.0;GASOLINE
77.0;168.0;362.0;746.0;151.0;288.0;55.0;137.0;323.0;722.0;150.0;285.0;356.0;-183.0;1583.0;-801.0;GASOLINE
76.0;168.0;359.0;747.0;152.0;288.0;55.0;136.0;325.0;723.0;151.0;286.0;347.0;-183.0;1586.0;-806.0;GASOLINE
77.0;169.0;364.0;752.0;152.0;292.0;58.0;140.0;326.0;719.0;149.0;287.0;359.0;-183.0;1583.0;-806.0;GASOLINE
77.0;171.0;364.0;752.0;153.0;291.0;58.0;142.0;328.0;730.0;153.0;288.0;355.0;-183.0;1595.0;-806.0;GASOLINE
77.0;171.0;367.0;753.0;153.0;289.0;57.0;139.0;327.0;727.0;150.0;285.0;345.0;-183.0;1591.0;-804.0;GASOLINE
77.0;170.0;362.0;746.0;152.0;288.0;56.0;137.0;321.0;714.0;149.0;285.0;366.0;-183.0;1598.0;-802.0;GASOLINE
76.0;168.0;360.0;746.0;153.0;292.0;58.0;140.0;325.0;727.0;151.0;288.0;361.0;-183.0;1590.0;-802.0;GASOLINE
78.0;171.0;363.0;751.0;152.0;291.0;56.0;137.0;326.0;722.0;151.0;288.0;358.0;-183.0;1593.0;-804.0;GASOLINE
77.0;169.0;364.0;756.0;154.0;294.0;57.0;140.0;331.0;737.0;153.0;292.0;354.0;-183.0;1589.0;-807.0;GASOLINE
78.0;171.0;365.0;756.0;155.0;295.0;57.0;138.0;325.0;727.0;153.0;294.0;353.0;-184.0;1608.0;-808.0;GASOLINE
79.0;173.0;370.0;768.0;155.0;295.0;58.0;142.0;336.0;743.0;154.0;292.0;360.0;-185.0;1599.0;-808.0;GASOLINE
78.0;172.0;366.0;759.0;153.0;293.0;58.0;139.0;325.0;725.0;151.0;291.0;359.0;-185.0;1622.0;-811.0;GASOLINE
77.0;171.0;365.0;755.0;153.0;292.0;56.0;139.0;327.0;731.0;152.0;290.0;359.0;-184.0;1602.0;-811.0;GASOLINE
78.0;171.0;369.0;760.0;155.0;295.0;60.0;146.0;343.0;757.0;157.0;295.0;357.0;-185.0;1597.0;-811.0;GASOLINE
80.0;176.0;374.0;768.0;155.0;296.0;59.0;146.0;340.0;757.0;156.0;297.0;352.0;-184.0;1588.0;-811.0;GASOLINE
78.0;173.0;368.0;768.0;157.0;300.0;58.0;143.0;334.0;749.0;156.0;299.0;353.0;-184.0;1620.0;-816.0;GASOLINE
79.0;174.0;371.0;772.0;158.0;302.0;59.0;143.0;336.0;755.0;157.0;299.0;360.0;-188.0;1607.0;-816.0;GASOLINE
79.0;175.0;376.0;780.0;159.0;302.0;59.0;145.0;340.0;760.0;158.0;302.0;360.0;-188.0;1610.0;-818.0;GASOLINE
79.0;175.0;377.0;784.0;160.0;304.0;60.0;147.0;346.0;769.0;159.0;301.0;368.0;-187.0;1603.0;-818.0;GASOLINE
81.0;177.0;378.0;776.0;159.0;300.0;58.0;143.0;336.0;748.0;156.0;297.0;358.0;-188.0;1600.0;-816.0;GASOLINE
79.0;173.0;373.0;766.0;155.0;298.0;59.0;143.0;331.0;735.0;153.0;292.0;359.0;-188.0;1602.0;-814.0;GASOLINE
79.0;174.0;370.0;762.0;154.0;291.0;57.0;140.0;326.0;730.0;152.0;291.0;358.0;-187.0;1602.0;-812.0;GASOLINE
78.0;172.0;366.0;760.0;155.0;293.0;60.0;143.0;336.0;747.0;155.0;294.0;361.0;-188.0;1601.0;-810.0;GASOLINE
78.0;173.0;369.0;767.0;156.0;297.0;56.0;141.0;334.0;745.0;155.0;294.0;352.0;-188.0;1593.0;-810.0;GASOLINE
77.0;172.0;367.0;763.0;155.0;296.0;57.0;140.0;331.0;735.0;154.0;293.0;358.0;-187.0;1600.0;-812.0;GASOLINE
77.0;171.0;367.0;764.0;155.0;294.0;59.0;144.0;336.0;742.0;154.0;292.0;354.0;-187.0;1611.0;-807.0;GASOLINE
78.0;172.0;368.0;755.0;152.0;292.0;58.0;138.0;323.0;715.0;151.0;289.0;361.0;-187.0;1612.0;-813.0;GASOLINE
76.0;169.0;360.0;750.0;152.0;291.0;57.0;140.0;327.0;729.0;152.0;288.0;362.0;-182.0;1622.0;-815.0;GASOLINE
76.0;168.0;361.0;742.0;152.0;290.0;56.0;137.0;322.0;721.0;151.0;286.0;361.0;-182.0;1610.0;-813.0;GASOLINE
77.0;170.0;362.0;748.0;152.0;292.0;57.0;137.0;323.0;727.0;153.0;290.0;360.0;-184.0;1613.0;-815.0;GASOLINE
77.0;171.0;366.0;757.0;155.0;294.0;56.0;138.0;326.0;730.0;153.0;292.0;365.0;-182.0;1618.0;-816.0;GASOLINE
76.0;169.0;366.0;757.0;155.0;294.0;56.0;138.0;324.0;723.0;152.0;292.0;357.0;-184.0;1608.0;-818.0;GASOLINE
76.0;169.0;364.0;759.0;156.0;297.0;61.0;147.0;342.0;761.0;157.0;299.0;362.0;-184.0;1623.0;-817.0;GASOLINE
77.0;172.0;369.0;768.0;158.0;302.0;59.0;145.0;340.0;760.0;158.0;303.0;360.0;-184.0;1627.0;-817.0;GASOLINE
79.0;176.0;376.0;786.0;160.0;307.0;59.0;146.0;344.0;771.0;160.0;306.0;362.0;-184.0;1624.0;-817.0;GASOLINE
78.0;174.0;374.0;778.0;159.0;305.0;60.0;146.0;342.0;757.0;157.0;302.0;365.0;-184.0;1635.0;-817.0;GASOLINE
79.0;174.0;374.0;779.0;158.0;304.0;59.0;145.0;341.0;765.0;160.0;303.0;361.0;-184.0;1613.0;-816.0;GASOLINE
79.0;177.0;379.0;785.0;161.0;306.0;60.0;145.0;340.0;765.0;159.0;304.0;365.0;-184.0;1632.0;-815.0;GASOLINE
79.0;176.0;377.0;787.0;161.0;306.0;61.0;149.0;346.0;768.0;160.0;305.0;366.0;-184.0;1629.0;-815.0;GASOLINE
79.0;175.0;378.0;786.0;161.0;309.0;60.0;147.0;343.0;770.0;162.0;308.0;352.0;-185.0;1633.0;-815.0;GASOLINE
79.0;176.0;381.0;794.0;162.0;311.0;62.0;149.0;350.0;777.0;163.0;309.0;357.0;-188.0;1613.0;-816.0;GASOLINE
80.0;177.0;380.0;790.0;161.0;308.0;58.0;146.0;345.0;769.0;161.0;306.0;362.0;-189.0;1628.0;-822.0;GASOLINE
81.0;177.0;381.0;788.0;160.0;306.0;59.0;146.0;342.0;764.0;159.0;304.0;361.0;-189.0;1620.0;-823.0;GASOLINE
78.0;173.0;375.0;778.0;160.0;304.0;62.0;149.0;347.0;767.0;159.0;302.0;368.0;-189.0;1633.0;-823.0;GASOLINE
79.0;175.0;376.0;782.0;159.0;304.0;63.0;153.0;353.0;779.0;160.0;304.0;366.0;-189.0;1640.0;-822.0;GASOLINE
79.0;177.0;379.0;788.0;160.0;306.0;61.0;147.0;344.0;761.0;159.0;304.0;366.0;-188.0;1637.0;-821.0;GASOLINE
80.0;178.0;382.0;788.0;160.0;304.0;62.0;150.0;351.0;775.0;159.0;303.0;357.0;-187.0;1631.0;-821.0;GASOLINE
79.0;175.0;375.0;782.0;159.0;307.0;61.0;150.0;350.0;772.0;161.0;307.0;369.0;-187.0;1652.0;-821.0;GASOLINE
78.0;175.0;378.0;790.0;161.0;309.0;61.0;148.0;348.0;777.0;161.0;309.0;360.0;-187.0;1632.0;-821.0;GASOLINE
80.0;177.0;381.0;793.0;161.0;309.0;62.0;150.0;352.0;784.0;162.0;308.0;376.0;-187.0;1641.0;-821.0;GASOLINE
80.0;178.0;382.0;792.0;162.0;308.0;61.0;147.0;346.0;768.0;160.0;305.0;363.0;-187.0;1624.0;-824.0;GASOLINE
80.0;177.0;379.0;783.0;160.0;302.0;61.0;149.0;346.0;766.0;159.0;302.0;361.0;-187.0;1628.0;-821.0;GASOLINE
78.0;174.0;373.0;786.0;162.0;309.0;63.0;154.0;357.0;789.0;162.0;309.0;380.0;-187.0;1648.0;-821.0;GASOLINE
80.0;177.0;381.0;794.0;163.0;312.0;61.0;150.0;351.0;779.0;163.0;309.0;373.0;-188.0;1633.0;-816.0;GASOLINE
80.0;178.0;383.0;795.0;163.0;312.0;63.0;151.0;358.0;793.0;165.0;315.0;361.0;-194.0;1632.0;-822.0;GASOLINE
81.0;180.0;385.0;806.0;164.0;312.0;62.0;149.0;346.0;774.0;161.0;308.0;380.0;-193.0;1656.0;-821.0;GASOLINE
81.0;177.0;381.0;793.0;160.0;306.0;61.0;147.0;344.0;772.0;161.0;306.0;349.0;-193.0;1635.0;-822.0;GASOLINE
80.0;178.0;382.0;788.0;161.0;308.0;61.0;148.0;350.0;773.0;161.0;307.0;373.0;-191.0;1644.0;-823.0;GASOLINE
79.0;176.0;380.0;788.0;163.0;310.0;60.0;148.0;349.0;778.0;162.0;310.0;360.0;-193.0;1638.0;-823.0;GASOLINE
79.0;177.0;381.0;798.0;164.0;313.0;60.0;150.0;353.0;788.0;165.0;313.0;363.0;-193.0;1633.0;-823.0;GASOLINE
79.0;177.0;379.0;799.0;164.0;314.0;61.0;149.0;353.0;787.0;165.0;315.0;366.0;-191.0;1640.0;-823.0;GASOLINE
80.0;177.0;385.0;806.0;165.0;316.0;62.0;154.0;360.0;800.0;167.0;316.0;356.0;-193.0;1647.0;-824.0;GASOLINE
81.0;179.0;384.0;803.0;165.0;317.0;65.0;157.0;365.0;811.0;167.0;317.0;356.0;-193.0;1631.0;-824.0;GASOLINE
82.0;183.0;390.0;810.0;167.0;319.0;64.0;157.0;365.0;811.0;167.0;321.0;372.0;-193.0;1649.0;-824.0;GASOLINE
82.0;183.0;395.0;825.0;169.0;321.0;62.0;154.0;362.0;804.0;167.0;319.0;365.0;-191.0;1645.0;-824.0;GASOLINE
82.0;181.0;391.0;813.0;166.0;318.0;65.0;158.0;369.0;815.0;168.0;319.0;369.0;-190.0;1653.0;-824.0;GASOLINE
83.0;183.0;393.0;818.0;167.0;318.0;63.0;156.0;360.0;803.0;166.0;318.0;365.0;-190.0;1639.0;-824.0;GASOLINE
83.0;183.0;395.0;811.0;166.0;318.0;63.0;154.0;363.0;807.0;167.0;320.0;366.0;-190.0;1639.0;-823.0;GASOLINE
83.0;183.0;396.0;818.0;168.0;322.0;64.0;155.0;366.0;813.0;170.0;321.0;366.0;-189.0;1638.0;-821.0;GASOLINE
82.0;182.0;394.0;825.0;169.0;323.0;66.0;160.0;369.0;815.0;169.0;322.0;369.0;-185.0;1648.0;-821.0;GASOLINE
81.0;181.0;393.0;815.0;169.0;320.0;62.0;152.0;357.0;803.0;167.0;318.0;361.0;-185.0;1636.0;-821.0;GASOLINE
82.0;181.0;390.0;816.0;166.0;321.0;64.0;154.0;360.0;803.0;167.0;320.0;368.0;-185.0;1636.0;-821.0;GASOLINE
83.0;183.0;392.0;816.0;167.0;318.0;64.0;154.0;360.0;801.0;166.0;318.0;367.0;-185.0;1647.0;-821.0;GASOLINE
82.0;182.0;392.0;820.0;166.0;321.0;64.0;157.0;368.0;811.0;168.0;320.0;360.0;-186.0;1633.0;-821.0;GASOLINE
82.0;182.0;393.0;811.0;166.0;319.0;63.0;153.0;358.0;799.0;166.0;316.0;368.0;-186.0;1637.0;-821.0;GASOLINE
81.0;180.0;386.0;805.0;165.0;316.0;62.0;153.0;356.0;798.0;166.0;317.0;364.0;-185.0;1634.0;-821.0;GASOLINE
82.0;181.0;392.0;810.0;166.0;319.0;64.0;154.0;362.0;809.0;167.0;318.0;354.0;-186.0;1638.0;-822.0;GASOLINE
82.0;182.0;393.0;819.0;166.0;318.0;64.0;154.0;360.0;802.0;167.0;319.0;367.0;-186.0;1645.0;-822.0;GASOLINE
81.0;180.0;388.0;811.0;167.0;321.0;65.0;158.0;370.0;819.0;169.0;322.0;368.0;-186.0;1641.0;-822.0;GASOLINE
82.0;181.0;393.0;820.0;168.0;322.0;64.0;155.0;364.0;813.0;169.0;322.0;367.0;-188.0;1641.0;-824.0;GASOLINE
83.0;184.0;394.0;820.0;168.0;320.0;64.0;155.0;364.0;808.0;168.0;319.0;368.0;-189.0;1637.0;-824.0;GASOLINE
82.0;182.0;393.0;816.0;168.0;322.0;62.0;154.0;362.0;808.0;168.0;323.0;370.0;-190.0;1651.0;-826.0;GASOLINE
82.0;183.0;395.0;822.0;168.0;322.0;66.0;159.0;367.0;822.0;169.0;320.0;369.0;-192.0;1647.0;-826.0;GASOLINE
83.0;183.0;393.0;820.0;167.0;320.0;63.0;157.0;366.0;811.0;167.0;320.0;367.0;-192.0;1643.0;-826.0;GASOLINE
81.0;181.0;389.0;814.0;167.0;322.0;63.0;155.0;364.0;809.0;169.0;323.0;361.0;-192.0;1650.0;-826.0;GASOLINE
82.0;182.0;392.0;820.0;169.0;324.0;66.0;161.0;376.0;824.0;171.0;323.0;370.0;-192.0;1647.0;-826.0;GASOLINE
82.0;183.0;393.0;818.0;168.0;321.0;62.0;154.0;362.0;806.0;168.0;321.0;362.0;-193.0;1643.0;-826.0;GASOLINE
82.0;182.0;393.0;817.0;168.0;323.0;67.0;160.0;370.0;818.0;169.0;322.0;377.0;-193.0;1657.0;-826.0;GASOLINE
82.0;183.0;394.0;821.0;169.0;324.0;67.0;160.0;372.0;827.0;170.0;325.0;378.0;-192.0;1651.0;-826.0;GASOLINE
83.0;183.0;396.0;830.0;169.0;324.0;66.0;158.0;368.0;818.0;171.0;325.0;370.0;-190.0;1646.0;-826.0;GASOLINE
84.0;185.0;400.0;827.0;169.0;320.0;63.0;153.0;363.0;805.0;168.0;320.0;363.0;-194.0;1622.0;-822.0;GASOLINE
82.0;182.0;391.0;815.0;168.0;321.0;65.0;156.0;363.0;808.0;168.0;320.0;369.0;-190.0;1655.0;-829.0;GASOLINE
81.0;181.0;392.0;815.0;166.0;320.0;67.0;156.0;361.0;809.0;169.0;319.0;366.0;-188.0;1639.0;-822.0;GASOLINE
81.0;181.0;392.0;816.0;166.0;320.0;64.0;154.0;358.0;795.0;167.0;321.0;373.0;-188.0;1650.0;-826.0;GASOLINE
82.0;182.0;393.0;819.0;168.0;322.0;66.0;161.0;374.0;826.0;170.0;323.0;380.0;-188.0;1645.0;-826.0;GASOLINE
82.0;182.0;391.0;820.0;168.0;323.0;64.0;155.0;366.0;815.0;171.0;326.0;368.0;-188.0;1649.0;-826.0;GASOLINE
82.0;182.0;394.0;826.0;169.0;324.0;67.0;161.0;376.0;822.0;171.0;324.0;374.0;-189.0;1650.0;-825.0;GASOLINE
82.0;182.0;393.0;825.0;170.0;325.0;68.0;163.0;376.0;831.0;173.0;326.0;381.0;-189.0;1666.0;-826.0;GASOLINE
83.0;184.0;395.0;835.0;170.0;327.0;67.0;161.0;374.0;829.0;171.0;326.0;385.0;-190.0;1651.0;-826.0;GASOLINE
82.0;183.0;395.0;822.0;169.0;324.0;64.0;158.0;368.0;821.0;170.0;327.0;367.0;-190.0;1646.0;-825.0;GASOLINE
83.0;184.0;397.0;829.0;170.0;325.0;63.0;157.0;368.0;820.0;171.0;327.0;370.0;-191.0;1646.0;-828.0;GASOLINE
83.0;184.0;396.0;831.0;171.0;328.0;66.0;160.0;374.0;824.0;173.0;330.0;378.0;-193.0;1649.0;-828.0;GASOLINE
84.0;185.0;401.0;833.0;172.0;329.0;66.0;160.0;374.0;833.0;173.0;330.0;359.0;-193.0;1637.0;-823.0;GASOLINE
83.0;185.0;402.0;844.0;173.0;332.0;65.0;159.0;377.0;842.0;175.0;332.0;361.0;-191.0;1632.0;-823.0;GASOLINE
83.0;186.0;403.0;839.0;174.0;334.0;70.0;168.0;388.0;857.0;177.0;336.0;374.0;-191.0;1656.0;-823.0;GASOLINE
84.0;189.0;407.0;851.0;175.0;337.0;68.0;162.0;382.0;848.0;178.0;340.0;369.0;-190.0;1641.0;-823.0;GASOLINE
85.0;189.0;408.0;856.0;175.0;336.0;65.0;161.0;379.0;844.0;177.0;336.0;360.0;-190.0;1648.0;-823.0;GASOLINE
84.0;187.0;403.0;844.0;173.0;334.0;66.0;161.0;375.0;839.0;175.0;334.0;361.0;-189.0;1646.0;-825.0;GASOLINE
85.0;188.0;406.0;849.0;175.0;339.0;68.0;166.0;385.0;857.0;178.0;340.0;381.0;-189.0;1648.0;-827.0;GASOLINE
83.0;187.0;407.0;854.0;175.0;336.0;68.0;165.0;385.0;857.0;177.0;336.0;376.0;-190.0;1661.0;-831.0;GASOLINE
85.0;189.0;406.0;853.0;175.0;334.0;66.0;160.0;374.0;837.0;175.0;337.0;369.0;-186.0;1640.0;-831.0;GASOLINE
85.0;189.0;409.0;860.0;176.0;334.0;65.0;160.0;379.0;844.0;175.0;333.0;379.0;-189.0;1652.0;-831.0;GASOLINE
84.0;187.0;403.0;841.0;172.0;331.0;67.0;161.0;377.0;831.0;173.0;333.0;372.0;-190.0;1645.0;-830.0;GASOLINE
83.0;186.0;401.0;836.0;172.0;330.0;67.0;162.0;378.0;838.0;173.0;330.0;366.0;-189.0;1635.0;-827.0;GASOLINE
84.0;185.0;402.0;834.0;171.0;330.0;66.0;162.0;379.0;835.0;175.0;329.0;368.0;-186.0;1641.0;-827.0;GASOLINE
83.0;185.0;398.0;833.0;172.0;331.0;66.0;160.0;374.0;827.0;173.0;332.0;370.0;-189.0;1658.0;-830.0;GASOLINE
82.0;184.0;399.0;836.0;171.0;331.0;66.0;159.0;374.0;834.0;174.0;329.0;366.0;-190.0;1649.0;-830.0;GASOLINE
83.0;185.0;403.0;840.0;173.0;332.0;67.0;160.0;376.0;835.0;174.0;333.0;383.0;-185.0;1653.0;-830.0;GASOLINE
83.0;185.0;401.0;840.0;173.0;332.0;66.0;161.0;376.0;836.0;175.0;334.0;359.0;-185.0;1645.0;-830.0;GASOLINE
83.0;186.0;405.0;851.0;174.0;334.0;68.0;164.0;385.0;855.0;177.0;336.0;357.0;-185.0;1632.0;-827.0;GASOLINE
84.0;188.0;406.0;850.0;175.0;338.0;68.0;164.0;382.0;848.0;177.0;339.0;364.0;-185.0;1644.0;-826.0;GASOLINE
84.0;187.0;407.0;854.0;174.0;336.0;70.0;165.0;383.0;850.0;178.0;337.0;377.0;-185.0;1648.0;-822.0;GASOLINE
84.0;187.0;408.0;853.0;177.0;338.0;67.0;163.0;381.0;847.0;177.0;337.0;373.0;-185.0;1652.0;-826.0;GASOLINE
83.0;186.0;403.0;846.0;175.0;335.0;68.0;164.0;381.0;848.0;176.0;335.0;369.0;-187.0;1654.0;-827.0;GASOLINE
83.0;187.0;404.0;846.0;174.0;337.0;69.0;166.0;388.0;857.0;179.0;339.0;373.0;-188.0;1633.0;-828.0;GASOLINE
85.0;187.0;407.0;852.0;175.0;336.0;68.0;165.0;384.0;853.0;177.0;336.0;375.0;-187.0;1661.0;-828.0;GASOLINE
84.0;186.0;401.0;842.0;173.0;335.0;68.0;166.0;385.0;857.0;177.0;338.0;370.0;-188.0;1648.0;-828.0;GASOLINE
83.0;187.0;405.0;852.0;175.0;336.0;73.0;171.0;393.0;874.0;179.0;342.0;382.0;-187.0;1652.0;-825.0;GASOLINE
85.0;189.0;407.0;852.0;175.0;339.0;68.0;165.0;382.0;850.0;177.0;339.0;377.0;-187.0;1643.0;-818.0;GASOLINE
84.0;189.0;407.0;859.0;176.0;338.0;68.0;168.0;388.0;860.0;178.0;340.0;374.0;-187.0;1639.0;-818.0;GASOLINE
84.0;189.0;409.0;860.0;177.0;342.0;70.0;170.0;396.0;877.0;181.0;345.0;381.0;-187.0;1646.0;-818.0;GASOLINE
85.0;191.0;413.0;865.0;177.0;341.0;70.0;168.0;393.0;872.0;180.0;344.0;362.0;-187.0;1636.0;-817.0;GASOLINE
85.0;190.0;414.0;867.0;179.0;343.0;73.0;175.0;398.0;879.0;182.0;347.0;369.0;-187.0;1641.0;-817.0;GASOLINE
86.0;192.0;415.0;875.0;181.0;348.0;68.0;169.0;395.0;886.0;183.0;350.0;357.0;-187.0;1626.0;-820.0;GASOLINE
87.0;193.0;418.0;873.0;180.0;345.0;72.0;173.0;400.0;885.0;181.0;344.0;364.0;-187.0;1633.0;-821.0;GASOLINE
86.0;191.0;414.0;863.0;178.0;342.0;70.0;170.0;393.0;877.0;181.0;344.0;355.0;-186.0;1637.0;-822.0;GASOLINE
84.0;189.0;408.0;853.0;177.0;342.0;68.0;166.0;388.0;868.0;180.0;344.0;364.0;-189.0;1640.0;-822.0;GASOLINE
85.0;190.0;412.0;869.0;179.0;346.0;71.0;170.0;394.0;874.0;182.0;351.0;376.0;-189.0;1649.0;-827.0;GASOLINE
87.0;193.0;418.0;876.0;181.0;350.0;72.0;172.0;400.0;886.0;184.0;351.0;378.0;-189.0;1650.0;-827.0;GASOLINE
87.0;193.0;418.0;882.0;182.0;350.0;70.0;171.0;396.0;886.0;185.0;355.0;364.0;-188.0;1638.0;-827.0;GASOLINE
87.0;195.0;428.0;894.0;184.0;354.0;74.0;175.0;405.0;898.0;187.0;356.0;375.0;-189.0;1650.0;-827.0;GASOLINE
87.0;195.0;423.0;889.0;184.0;353.0;73.0;177.0;409.0;903.0;187.0;353.0;356.0;-192.0;1632.0;-827.0;GASOLINE
89.0;195.0;422.0;887.0;182.0;350.0;74.0;176.0;406.0;895.0;183.0;349.0;377.0;-188.0;1639.0;-824.0;GASOLINE
87.0;194.0;421.0;882.0;181.0;349.0;70.0;172.0;397.0;877.0;183.0;349.0;365.0;-188.0;1643.0;-824.0;GASOLINE
86.0;192.0;417.0;875.0;180.0;349.0;69.0;169.0;396.0;882.0;184.0;350.0;368.0;-186.0;1646.0;-824.0;GASOLINE
87.0;192.0;419.0;877.0;182.0;349.0;72.0;173.0;401.0;890.0;184.0;349.0;362.0;-186.0;1624.0;-824.0;GASOLINE
87.0;193.0;416.0;871.0;181.0;350.0;71.0;170.0;398.0;885.0;184.0;353.0;355.0;-186.0;1644.0;-826.0;GASOLINE
88.0;195.0;421.0;878.0;182.0;351.0;74.0;177.0;407.0;903.0;187.0;353.0;373.0;-186.0;1644.0;-826.0;GASOLINE
88.0;198.0;427.0;896.0;183.0;351.0;75.0;178.0;412.0;902.0;186.0;354.0;373.0;-189.0;1647.0;-826.0;GASOLINE
87.0;196.0;427.0;888.0;184.0;353.0;70.0;172.0;402.0;891.0;186.0;355.0;363.0;-190.0;1648.0;-826.0;GASOLINE
87.0;195.0;427.0;898.0;185.0;354.0;72.0;175.0;408.0;904.0;187.0;358.0;375.0;-190.0;1647.0;-826.0;GASOLINE
88.0;196.0;427.0;895.0;183.0;354.0;72.0;174.0;407.0;906.0;186.0;357.0;367.0;-190.0;1645.0;-821.0;GASOLINE
89.0;199.0;430.0;901.0;185.0;354.0;72.0;175.0;405.0;898.0;187.0;356.0;373.0;-186.0;1642.0;-821.0;GASOLINE
89.0;197.0;428.0;894.0;184.0;354.0;73.0;175.0;406.0;904.0;187.0;360.0;372.0;-186.0;1649.0;-820.0;GASOLINE
88.0;197.0;428.0;895.0;185.0;359.0;74.0;178.0;412.0;916.0;190.0;362.0;377.0;-186.0;1649.0;-820.0;GASOLINE
89.0;200.0;431.0;908.0;185.0;357.0;75.0;180.0;415.0;916.0;188.0;361.0;369.0;-186.0;1634.0;-821.0;GASOLINE
90.0;199.0;431.0;898.0;185.0;356.0;73.0;175.0;409.0;911.0;190.0;360.0;363.0;-188.0;1639.0;-822.0;GASOLINE
89.0;198.0;430.0;898.0;185.0;357.0;73.0;175.0;408.0;906.0;188.0;358.0;370.0;-190.0;1643.0;-823.0;GASOLINE
89.0;199.0;430.0;900.0;186.0;359.0;75.0;180.0;417.0;924.0;192.0;364.0;365.0;-188.0;1627.0;-825.0;GASOLINE
90.0;201.0;436.0;918.0;189.0;361.0;76.0;182.0;421.0;931.0;192.0;365.0;371.0;-188.0;1653.0;-827.0;GASOLINE
91.0;203.0;438.0;917.0;188.0;362.0;75.0;180.0;419.0;929.0;192.0;365.0;365.0;-189.0;1638.0;-827.0;GASOLINE
91.0;201.0;436.0;913.0;189.0;364.0;76.0;184.0;421.0;931.0;191.0;364.0;368.0;-188.0;1654.0;-828.0;GASOLINE
90.0;201.0;437.0;913.0;188.0;362.0;76.0;184.0;426.0;933.0;193.0;367.0;377.0;-188.0;1646.0;-828.0;GASOLINE
91.0;203.0;441.0;919.0;188.0;362.0;77.0;185.0;426.0;932.0;193.0;365.0;373.0;-188.0;1643.0;-823.0;GASOLINE
90.0;201.0;433.0;906.0;188.0;360.0;75.0;182.0;418.0;922.0;190.0;363.0;363.0;-189.0;1645.0;-821.0;GASOLINE
90.0;201.0;435.0;908.0;187.0;360.0;76.0;182.0;420.0;926.0;192.0;363.0;363.0;-187.0;1644.0;-819.0;GASOLINE
89.0;198.0;431.0;910.0;188.0;361.0;76.0;182.0;418.0;924.0;191.0;364.0;356.0;-189.0;1639.0;-819.0;GASOLINE
91.0;203.0;438.0;920.0;189.0;360.0;77.0;181.0;415.0;910.0;189.0;360.0;372.0;-189.0;1650.0;-821.0;GASOLINE
90.0;198.0;432.0;908.0;187.0;362.0;78.0;184.0;426.0;938.0;193.0;364.0;377.0;-189.0;1656.0;-817.0;GASOLINE
91.0;203.0;439.0;924.0;189.0;362.0;74.0;179.0;416.0;920.0;191.0;364.0;367.0;-188.0;1648.0;-821.0;GASOLINE
89.0;199.0;434.0;906.0;187.0;359.0;77.0;184.0;427.0;933.0;192.0;363.0;372.0;-188.0;1638.0;-830.0;GASOLINE
89.0;201.0;432.0;907.0;188.0;363.0;76.0;183.0;428.0;939.0;194.0;368.0;365.0;-186.0;1655.0;-826.0;GASOLINE
91.0;202.0;438.0;918.0;189.0;362.0;76.0;184.0;425.0;934.0;194.0;366.0;370.0;-186.0;1657.0;-826.0;GASOLINE
91.0;202.0;435.0;912.0;189.0;365.0;78.0;186.0;426.0;941.0;193.0;367.0;376.0;-186.0;1648.0;-826.0;GASOLINE
92.0;204.0;438.0;921.0;190.0;366.0;79.0;186.0;430.0;944.0;194.0;370.0;374.0;-186.0;1654.0;-826.0;GASOLINE
90.0;203.0;438.0;922.0;190.0;365.0;74.0;181.0;421.0;931.0;193.0;368.0;366.0;-186.0;1655.0;-826.0;GASOLINE
90.0;201.0;435.0;919.0;189.0;365.0;77.0;184.0;427.0;936.0;193.0;367.0;365.0;-185.0;1647.0;-831.0;GASOLINE
91.0;203.0;439.0;922.0;191.0;367.0;77.0;187.0;428.0;947.0;196.0;369.0;364.0;-184.0;1639.0;-831.0;GASOLINE
91.0;203.0;439.0;924.0;191.0;368.0;75.0;182.0;420.0;932.0;193.0;369.0;359.0;-185.0;1642.0;-831.0;GASOLINE
92.0;204.0;441.0;925.0;191.0;368.0;76.0;182.0;422.0;934.0;195.0;371.0;379.0;-185.0;1650.0;-831.0;GASOLINE
92.0;204.0;441.0;917.0;188.0;365.0;73.0;178.0;418.0;925.0;192.0;367.0;355.0;-183.0;1639.0;-831.0;GASOLINE
90.0;201.0;439.0;915.0;190.0;366.0;76.0;182.0;424.0;939.0;194.0;370.0;393.0;-190.0;1663.0;-830.0;GASOLINE
90.0;203.0;441.0;927.0;192.0;370.0;77.0;186.0;432.0;949.0;197.0;374.0;366.0;-190.0;1657.0;-828.0;GASOLINE
91.0;204.0;440.0;929.0;193.0;371.0;77.0;182.0;426.0;946.0;196.0;376.0;380.0;-187.0;1671.0;-834.0;GASOLINE
91.0;204.0;444.0;935.0;194.0;370.0;80.0;189.0;435.0;956.0;198.0;373.0;368.0;-186.0;1660.0;-828.0;GASOLINE
91.0;204.0;446.0;939.0;195.0;373.0;80.0;191.0;440.0;971.0;198.0;377.0;376.0;-187.0;1655.0;-828.0;GASOLINE
91.0;204.0;444.0;940.0;195.0;377.0;79.0;190.0;440.0;977.0;201.0;381.0;375.0;-187.0;1651.0;-827.0;GASOLINE
93.0;208.0;452.0;948.0;195.0;375.0;77.0;188.0;435.0;968.0;199.0;380.0;370.0;-192.0;1654.0;-827.0;GASOLINE
93.0;207.0;449.0;938.0;193.0;372.0;79.0;187.0;434.0;956.0;198.0;375.0;375.0;-192.0;1659.0;-826.0;GASOLINE
93.0;206.0;446.0;938.0;193.0;372.0;77.0;187.0;431.0;947.0;198.0;375.0;379.0;-192.0;1660.0;-826.0;GASOLINE
93.0;207.0;446.0;934.0;192.0;370.0;76.0;185.0;431.0;957.0;197.0;376.0;366.0;-189.0;1662.0;-826.0;GASOLINE
93.0;207.0;449.0;946.0;195.0;374.0;79.0;189.0;438.0;967.0;198.0;377.0;371.0;-189.0;1643.0;-826.0;GASOLINE
93.0;207.0;451.0;945.0;196.0;376.0;77.0;188.0;434.0;961.0;199.0;378.0;366.0;-187.0;1650.0;-827.0;GASOLINE
93.0;209.0;453.0;945.0;195.0;376.0;78.0;189.0;436.0;967.0;199.0;379.0;362.0;-189.0;1656.0;-832.0;GASOLINE
94.0;209.0;451.0;948.0;195.0;374.0;79.0;188.0;436.0;964.0;200.0;377.0;386.0;-190.0;1663.0;-832.0;GASOLINE
93.0;208.0;449.0;938.0;194.0;372.0;78.0;188.0;433.0;958.0;199.0;376.0;375.0;-190.0;1667.0;-833.0;GASOLINE
93.0;207.0;447.0;936.0;193.0;375.0;78.0;186.0;431.0;954.0;197.0;377.0;377.0;-185.0;1658.0;-833.0;GASOLINE
93.0;206.0;449.0;943.0;195.0;378.0;78.0;187.0;438.0;966.0;200.0;379.0;372.0;-188.0;1650.0;-833.0;GASOLINE
94.0;209.0;452.0;947.0;195.0;376.0;79.0;190.0;438.0;972.0;202.0;378.0;368.0;-186.0;1660.0;-829.0;GASOLINE
93.0;207.0;451.0;951.0;197.0;377.0;81.0;194.0;444.0;982.0;202.0;384.0;371.0;-186.0;1655.0;-833.0;GASOLINE
94.0;210.0;455.0;963.0;199.0;383.0;83.0;198.0;457.0;1006.0;206.0;389.0;366.0;-188.0;1658.0;-834.0;GASOLINE
95.0;214.0;463.0;976.0;202.0;389.0;81.0;197.0;455.0;999.0;207.0;393.0;376.0;-188.0;1653.0;-835.0;GASOLINE
97.0;217.0;469.0;980.0;201.0;386.0;82.0;196.0;452.0;993.0;207.0;389.0;374.0;-188.0;1665.0;-834.0;GASOLINE
96.0;215.0;465.0;976.0;201.0;387.0;81.0;196.0;453.0;994.0;206.0;388.0;367.0;-191.0;1653.0;-835.0;GASOLINE
96.0;214.0;461.0;969.0;200.0;387.0;81.0;193.0;450.0;997.0;207.0;392.0;366.0;-188.0;1652.0;-834.0;GASOLINE
98.0;217.0;467.0;978.0;203.0;389.0;82.0;198.0;455.0;1005.0;209.0;394.0;365.0;-191.0;1654.0;-835.0;GASOLINE
97.0;217.0;469.0;983.0;203.0;390.0;82.0;196.0;451.0;1000.0;207.0;396.0;369.0;-185.0;1661.0;-832.0;GASOLINE
97.0;215.0;468.0;981.0;203.0;393.0;84.0;200.0;462.0;1013.0;209.0;395.0;371.0;-193.0;1664.0;-830.0;GASOLINE
97.0;215.0;466.0;978.0;202.0;389.0;82.0;195.0;449.0;997.0;206.0;391.0;383.0;-194.0;1672.0;-830.0;GASOLINE
96.0;214.0;466.0;973.0;201.0;387.0;82.0;195.0;451.0;998.0;205.0;389.0;381.0;-194.0;1664.0;-830.0;GASOLINE
96.0;215.0;465.0;978.0;201.0;385.0;80.0;194.0;448.0;989.0;204.0;389.0;373.0;-194.0;1655.0;-830.0;GASOLINE
96.0;214.0;464.0;973.0;201.0;387.0;82.0;195.0;451.0;991.0;206.0;391.0;377.0;-194.0;1649.0;-830.0;GASOLINE
95.0;213.0;466.0;971.0;200.0;385.0;82.0;197.0;453.0;996.0;206.0;389.0;382.0;-193.0;1666.0;-832.0;GASOLINE
96.0;214.0;466.0;970.0;200.0;387.0;81.0;196.0;452.0;999.0;207.0;391.0;367.0;-191.0;1674.0;-833.0;GASOLINE
95.0;214.0;465.0;974.0;201.0;388.0;81.0;196.0;453.0;998.0;206.0;391.0;366.0;-193.0;1663.0;-833.0;GASOLINE
96.0;213.0;464.0;975.0;201.0;387.0;84.0;200.0;454.0;1009.0;208.0;390.0;381.0;-191.0;1673.0;-832.0;GASOLINE
97.0;216.0;466.0;978.0;201.0;388.0;85.0;200.0;459.0;1004.0;207.0;395.0;381.0;-191.0;1681.0;-834.0;GASOLINE
97.0;215.0;465.0;976.0;200.0;390.0;82.0;197.0;456.0;1002.0;208.0;392.0;376.0;-190.0;1672.0;-834.0;GASOLINE
96.0;215.0;467.0;978.0;201.0;388.0;82.0;195.0;452.0;1002.0;206.0;389.0;377.0;-190.0;1671.0;-830.0;GASOLINE
95.0;211.0;461.0;971.0;200.0;386.0;83.0;198.0;455.0;1003.0;206.0;390.0;377.0;-190.0;1663.0;-830.0;GASOLINE
95.0;212.0;463.0;968.0;200.0;385.0;83.0;197.0;452.0;989.0;204.0;388.0;378.0;-193.0;1664.0;-834.0;GASOLINE
96.0;214.0;460.0;970.0;198.0;382.0;81.0;198.0;451.0;988.0;203.0;388.0;377.0;-193.0;1668.0;-834.0;GASOLINE
95.0;213.0;457.0;966.0;199.0;383.0;79.0;193.0;448.0;994.0;206.0;389.0;365.0;-196.0;1665.0;-837.0;GASOLINE
95.0;214.0;463.0;977.0;201.0;387.0;82.0;196.0;450.0;989.0;207.0;393.0;372.0;-193.0;1684.0;-837.0;GASOLINE
95.0;214.0;467.0;980.0;203.0;390.0;82.0;199.0;458.0;1016.0;209.0;393.0;368.0;-193.0;1669.0;-836.0;GASOLINE
96.0;214.0;466.0;978.0;202.0;392.0;84.0;200.0;461.0;1010.0;209.0;393.0;376.0;-195.0;1673.0;-838.0;GASOLINE
97.0;217.0;471.0;984.0;203.0;391.0;85.0;202.0;464.0;1016.0;210.0;399.0;379.0;-195.0;1675.0;-836.0;GASOLINE
96.0;215.0;469.0;985.0;203.0;393.0;86.0;203.0;467.0;1022.0;211.0;399.0;367.0;-189.0;1678.0;-836.0;GASOLINE
97.0;216.0;470.0;994.0;204.0;395.0;84.0;200.0;460.0;1011.0;209.0;396.0;357.0;-189.0;1663.0;-832.0;GASOLINE
96.0;216.0;467.0;986.0;204.0;393.0;85.0;202.0;465.0;1020.0;210.0;397.0;378.0;-189.0;1678.0;-837.0;GASOLINE
96.0;216.0;467.0;985.0;203.0;389.0;82.0;198.0;457.0;1008.0;209.0;394.0;371.0;-187.0;1670.0;-837.0;GASOLINE
96.0;216.0;469.0;983.0;202.0;391.0;82.0;198.0;458.0;1013.0;208.0;396.0;371.0;-189.0;1668.0;-837.0;GASOLINE
95.0;213.0;465.0;977.0;203.0;390.0;83.0;198.0;458.0;1016.0;209.0;395.0;362.0;-190.0;1669.0;-839.0;GASOLINE
97.0;217.0;470.0;989.0;203.0;392.0;86.0;204.0;468.0;1015.0;210.0;397.0;378.0;-190.0;1677.0;-840.0;GASOLINE
97.0;217.0;471.0;992.0;204.0;394.0;87.0;204.0;468.0;1023.0;211.0;400.0;375.0;-190.0;1663.0;-840.0;GASOLINE
97.0;217.0;468.0;985.0;205.0;396.0;86.0;205.0;468.0;1029.0;212.0;403.0;385.0;-190.0;1684.0;-840.0;GASOLINE
98.0;219.0;477.0;998.0;207.0;398.0;88.0;209.0;475.0;1043.0;213.0;405.0;376.0;-190.0;1681.0;-840.0;GASOLINE
99.0;219.0;473.0;995.0;207.0;398.0;87.0;206.0;470.0;1030.0;212.0;402.0;388.0;-191.0;1679.0;-840.0;GASOLINE
99.0;218.0;475.0;997.0;206.0;397.0;85.0;202.0;462.0;1016.0;211.0;400.0;383.0;-188.0;1669.0;-841.0;GASOLINE
97.0;217.0;472.0;988.0;205.0;395.0;84.0;201.0;463.0;1023.0;209.0;398.0;376.0;-190.0;1676.0;-842.0;GASOLINE
97.0;217.0;471.0;986.0;203.0;394.0;84.0;202.0;462.0;1029.0;209.0;398.0;375.0;-190.0;1674.0;-843.0;GASOLINE
98.0;217.0;472.0;985.0;204.0;392.0;84.0;202.0;463.0;1015.0;210.0;399.0;376.0;-192.0;1680.0;-843.0;GASOLINE
98.0;219.0;472.0;988.0;204.0;395.0;88.0;207.0;474.0;1037.0;212.0;401.0;383.0;-196.0;1691.0;-842.0;GASOLINE
98.0;219.0;479.0;1002.0;205.0;395.0;87.0;203.0;462.0;1019.0;209.0;400.0;382.0;-196.0;1687.0;-842.0;GASOLINE
98.0;219.0;475.0;996.0;205.0;394.0;87.0;204.0;467.0;1023.0;212.0;400.0;379.0;-198.0;1684.0;-838.0;GASOLINE
97.0;217.0;475.0;997.0;204.0;398.0;88.0;207.0;475.0;1035.0;213.0;402.0;375.0;-196.0;1668.0;-838.0;GASOLINE
99.0;221.0;477.0;996.0;206.0;397.0;86.0;205.0;468.0;1025.0;211.0;404.0;368.0;-189.0;1684.0;-838.0;GASOLINE
98.0;220.0;476.0;1003.0;206.0;398.0;88.0;206.0;471.0;1031.0;214.0;401.0;377.0;-189.0;1683.0;-838.0;GASOLINE
98.0;218.0;469.0;994.0;205.0;395.0;84.0;202.0;464.0;1020.0;212.0;403.0;366.0;-191.0;1678.0;-836.0;GASOLINE
98.0;219.0;475.0;996.0;206.0;396.0;86.0;203.0;467.0;1021.0;211.0;399.0;383.0;-189.0;1681.0;-837.0;GASOLINE
98.0;218.0;473.0;994.0;204.0;395.0;84.0;201.0;464.0;1019.0;211.0;401.0;379.0;-191.0;1676.0;-837.0;GASOLINE
98.0;218.0;473.0;992.0;205.0;395.0;88.0;206.0;475.0;1037.0;214.0;403.0;375.0;-192.0;1680.0;-837.0;GASOLINE
97.0;218.0;473.0;991.0;205.0;396.0;86.0;205.0;470.0;1033.0;213.0;402.0;371.0;-194.0;1676.0;-837.0;GASOLINE
97.0;219.0;477.0;1002.0;206.0;398.0;86.0;204.0;468.0;1027.0;212.0;402.0;382.0;-194.0;1675.0;-841.0;GASOLINE
97.0;217.0;474.0;991.0;206.0;400.0;84.0;205.0;471.0;1035.0;213.0;405.0;376.0;-194.0;1686.0;-841.0;GASOLINE
98.0;219.0;479.0;1006.0;208.0;402.0;87.0;207.0;472.0;1037.0;213.0;407.0;374.0;-192.0;1686.0;-837.0;GASOLINE
98.0;220.0;479.0;1000.0;207.0;401.0;88.0;208.0;475.0;1041.0;213.0;407.0;372.0;-190.0;1683.0;-839.0;GASOLINE
99.0;219.0;477.0;1007.0;209.0;401.0;88.0;208.0;477.0;1047.0;215.0;408.0;376.0;-187.0;1694.0;-839.0;GASOLINE
99.0;221.0;479.0;1010.0;209.0;404.0;90.0;212.0;481.0;1053.0;216.0;408.0;380.0;-187.0;1678.0;-837.0;GASOLINE
98.0;221.0;481.0;1015.0;210.0;406.0;88.0;208.0;480.0;1049.0;217.0;410.0;372.0;-187.0;1667.0;-839.0;GASOLINE
100.0;221.0;482.0;1014.0;210.0;403.0;88.0;209.0;480.0;1054.0;217.0;409.0;378.0;-193.0;1685.0;-843.0;GASOLINE
99.0;223.0;481.0;1016.0;209.0;404.0;89.0;210.0;483.0;1048.0;217.0;410.0;380.0;-196.0;1681.0;-843.0;GASOLINE
99.0;222.0;481.0;1016.0;209.0;403.0;86.0;208.0;477.0;1047.0;216.0;409.0;368.0;-196.0;1668.0;-843.0;GASOLINE
100.0;225.0;488.0;1014.0;209.0;403.0;86.0;204.0;468.0;1034.0;213.0;407.0;381.0;-194.0;1680.0;-843.0;GASOLINE
98.0;219.0;477.0;1000.0;208.0;403.0;89.0;211.0;485.0;1062.0;216.0;410.0;377.0;-193.0;1684.0;-837.0;GASOLINE
99.0;221.0;481.0;1019.0;211.0;407.0;88.0;209.0;481.0;1058.0;218.0;412.0;377.0;-194.0;1684.0;-837.0;GASOLINE
99.0;222.0;483.0;1010.0;209.0;405.0;86.0;206.0;474.0;1041.0;216.0;407.0;374.0;-194.0;1675.0;-843.0;GASOLINE
99.0;221.0;479.0;1006.0;207.0;402.0;84.0;203.0;472.0;1040.0;215.0;409.0;390.0;-194.0;1689.0;-836.0;GASOLINE
98.0;220.0;478.0;1005.0;208.0;402.0;87.0;205.0;473.0;1045.0;215.0;409.0;380.0;-196.0;1683.0;-843.0;GASOLINE
100.0;223.0;485.0;1022.0;211.0;407.0;88.0;210.0;482.0;1056.0;217.0;411.0;374.0;-196.0;1680.0;-843.0;GASOLINE
99.0;221.0;483.0;1011.0;208.0;402.0;84.0;205.0;473.0;1040.0;214.0;408.0;373.0;-190.0;1680.0;-845.0;GASOLINE
99.0;221.0;479.0;1005.0;208.0;404.0;89.0;211.0;483.0;1052.0;216.0;410.0;377.0;-190.0;1685.0;-844.0;GASOLINE
98.0;221.0;480.0;1010.0;211.0;404.0;89.0;210.0;483.0;1059.0;217.0;413.0;381.0;-196.0;1696.0;-844.0;GASOLINE
100.0;226.0;491.0;1028.0;213.0;411.0;88.0;211.0;485.0;1064.0;219.0;414.0;377.0;-194.0;1680.0;-844.0;GASOLINE
101.0;226.0;492.0;1031.0;213.0;412.0;89.0;212.0;487.0;1069.0;221.0;417.0;378.0;-194.0;1686.0;-844.0;GASOLINE
100.0;223.0;489.0;1030.0;214.0;411.0;90.0;211.0;486.0;1067.0;219.0;417.0;376.0;-194.0;1684.0;-844.0;GASOLINE
100.0;226.0;492.0;1033.0;213.0;411.0;86.0;208.0;478.0;1055.0;219.0;415.0;377.0;-194.0;1688.0;-842.0;GASOLINE
100.0;224.0;489.0;1023.0;211.0;407.0;89.0;211.0;486.0;1057.0;219.0;416.0;379.0;-194.0;1697.0;-844.0;GASOLINE
101.0;224.0;487.0;1032.0;213.0;410.0;89.0;209.0;484.0;1064.0;220.0;414.0;379.0;-191.0;1688.0;-844.0;GASOLINE
100.0;224.0;488.0;1028.0;213.0;411.0;89.0;212.0;488.0;1070.0;221.0;415.0;379.0;-190.0;1688.0;-844.0;GASOLINE
99.0;223.0;483.0;1025.0;211.0;412.0;91.0;214.0;490.0;1074.0;221.0;419.0;386.0;-191.0;1690.0;-844.0;GASOLINE
101.0;225.0;492.0;1030.0;214.0;412.0;86.0;210.0;483.0;1074.0;222.0;418.0;373.0;-189.0;1682.0;-846.0;GASOLINE
100.0;225.0;491.0;1026.0;211.0;408.0;89.0;211.0;480.0;1061.0;220.0;415.0;378.0;-189.0;1688.0;-844.0;GASOLINE
100.0;222.0;485.0;1020.0;211.0;407.0;88.0;208.0;476.0;1058.0;218.0;411.0;386.0;-190.0;1686.0;-844.0;GASOLINE
100.0;224.0;483.0;1019.0;211.0;408.0;89.0;210.0;479.0;1056.0;220.0;415.0;384.0;-190.0;1697.0;-844.0;GASOLINE
100.0;224.0;488.0;1020.0;213.0;410.0;91.0;212.0;485.0;1067.0;221.0;420.0;383.0;-190.0;1703.0;-845.0;GASOLINE
101.0;225.0;491.0;1037.0;215.0;415.0;92.0;216.0;494.0;1077.0;223.0;423.0;387.0;-190.0;1687.0;-845.0;GASOLINE
101.0;227.0;492.0;1039.0;215.0;413.0;90.0;215.0;489.0;1077.0;220.0;421.0;381.0;-190.0;1688.0;-846.0;GASOLINE
101.0;226.0;490.0;1027.0;213.0;416.0;93.0;218.0;496.0;1092.0;224.0;421.0;386.0;-191.0;1694.0;-848.0;GASOLINE
101.0;226.0;494.0;1040.0;216.0;417.0;91.0;216.0;500.0;1097.0;225.0;425.0;376.0;-191.0;1685.0;-848.0;GASOLINE
101.0;227.0;495.0;1041.0;217.0;418.0;90.0;214.0;494.0;1084.0;224.0;423.0;376.0;-193.0;1697.0;-848.0;GASOLINE
103.0;229.0;497.0;1042.0;216.0;417.0;89.0;211.0;492.0;1074.0;223.0;422.0;384.0;-193.0;1689.0;-847.0;GASOLINE
101.0;227.0;493.0;1044.0;218.0;419.0;90.0;218.0;499.0;1078.0;223.0;423.0;362.0;-193.0;1677.0;-847.0;GASOLINE
101.0;228.0;493.0;1041.0;215.0;416.0;88.0;213.0;491.0;1079.0;223.0;422.0;373.0;-193.0;1687.0;-847.0;GASOLINE
100.0;226.0;490.0;1037.0;215.0;416.0;90.0;214.0;491.0;1077.0;221.0;423.0;375.0;-194.0;1692.0;-845.0;GASOLINE
101.0;224.0;490.0;1038.0;215.0;411.0;89.0;214.0;490.0;1077.0;222.0;421.0;375.0;-194.0;1685.0;-847.0;GASOLINE
101.0;228.0;494.0;1045.0;216.0;416.0;92.0;217.0;498.0;1092.0;224.0;422.0;377.0;-192.0;1691.0;-847.0;GASOLINE
100.0;225.0;491.0;1041.0;215.0;418.0;92.0;218.0;499.0;1089.0;224.0;424.0;382.0;-194.0;1687.0;-846.0;GASOLINE
102.0;227.0;495.0;1040.0;216.0;417.0;91.0;218.0;499.0;1097.0;227.0;427.0;370.0;-194.0;1681.0;-843.0;GASOLINE
102.0;229.0;498.0;1048.0;216.0;420.0;91.0;216.0;500.0;1093.0;226.0;427.0;374.0;-193.0;1689.0;-844.0;GASOLINE
103.0;231.0;503.0;1054.0;219.0;423.0;96.0;225.0;512.0;1111.0;228.0;429.0;384.0;-193.0;1701.0;-844.0;GASOLINE
103.0;231.0;503.0;1064.0;220.0;424.0;91.0;218.0;504.0;1105.0;226.0;427.0;376.0;-193.0;1679.0;-846.0;GASOLINE
103.0;231.0;499.0;1058.0;219.0;424.0;94.0;222.0;506.0;1111.0;228.0;433.0;367.0;-193.0;1694.0;-844.0;GASOLINE
103.0;232.0;504.0;1060.0;220.0;427.0;93.0;222.0;506.0;1113.0;228.0;432.0;389.0;-193.0;1691.0;-847.0;GASOLINE
103.0;232.0;505.0;1064.0;222.0;427.0;92.0;220.0;502.0;1098.0;228.0;434.0;375.0;-192.0;1676.0;-847.0;GASOLINE
104.0;232.0;502.0;1060.0;218.0;424.0;93.0;221.0;508.0;1107.0;229.0;433.0;375.0;-192.0;1696.0;-842.0;GASOLINE
103.0;230.0;502.0;1062.0;219.0;428.0;92.0;220.0;508.0;1114.0;230.0;432.0;380.0;-190.0;1686.0;-842.0;GASOLINE
103.0;232.0;504.0;1065.0;222.0;429.0;92.0;223.0;509.0;1116.0;230.0;434.0;377.0;-190.0;1695.0;-843.0;GASOLINE
103.0;230.0;506.0;1071.0;222.0;428.0;93.0;220.0;502.0;1104.0;227.0;433.0;370.0;-190.0;1671.0;-843.0;GASOLINE
105.0;234.0;506.0;1067.0;220.0;424.0;91.0;218.0;503.0;1106.0;227.0;431.0;389.0;-192.0;1691.0;-845.0;GASOLINE
104.0;230.0;501.0;1054.0;218.0;422.0;92.0;218.0;503.0;1104.0;226.0;428.0;377.0;-192.0;1691.0;-848.0;GASOLINE
103.0;231.0;505.0;1062.0;218.0;423.0;94.0;220.0;504.0;1107.0;227.0;430.0;381.0;-192.0;1698.0;-848.0;GASOLINE
103.0;231.0;504.0;1061.0;219.0;425.0;93.0;217.0;503.0;1099.0;229.0;431.0;382.0;-192.0;1699.0;-848.0;GASOLINE
104.0;233.0;507.0;1064.0;219.0;423.0;92.0;217.0;501.0;1097.0;227.0;430.0;384.0;-191.0;1689.0;-851.0;GASOLINE
103.0;231.0;503.0;1066.0;221.0;426.0;92.0;219.0;509.0;1119.0;229.0;433.0;370.0;-191.0;1681.0;-851.0;GASOLINE
104.0;233.0;506.0;1068.0;222.0;429.0;93.0;222.0;510.0;1121.0;230.0;437.0;374.0;-194.0;1694.0;-851.0;GASOLINE
104.0;233.0;508.0;1073.0;221.0;429.0;93.0;221.0;510.0;1120.0;231.0;435.0;388.0;-196.0;1698.0;-847.0;GASOLINE
104.0;233.0;509.0;1073.0;222.0;429.0;95.0;225.0;515.0;1123.0;230.0;437.0;381.0;-196.0;1684.0;-847.0;GASOLINE
103.0;232.0;505.0;1063.0;223.0;426.0;94.0;222.0;509.0;1109.0;227.0;432.0;391.0;-196.0;1694.0;-846.0;GASOLINE
104.0;234.0;508.0;1067.0;220.0;425.0;92.0;218.0;504.0;1106.0;228.0;431.0;378.0;-196.0;1684.0;-845.0;GASOLINE
104.0;232.0;506.0;1065.0;221.0;425.0;92.0;220.0;504.0;1109.0;229.0;434.0;378.0;-198.0;1690.0;-845.0;GASOLINE
105.0;236.0;514.0;1083.0;223.0;429.0;93.0;222.0;510.0;1113.0;229.0;435.0;380.0;-199.0;1698.0;-845.0;GASOLINE
105.0;234.0;509.0;1077.0;222.0;428.0;93.0;220.0;510.0;1110.0;230.0;433.0;373.0;-199.0;1692.0;-845.0;GASOLINE
103.0;232.0;506.0;1067.0;221.0;429.0;93.0;221.0;503.0;1109.0;230.0;435.0;375.0;-199.0;1680.0;-846.0;GASOLINE
104.0;234.0;512.0;1075.0;224.0;430.0;94.0;223.0;512.0;1119.0;231.0;437.0;389.0;-200.0;1696.0;-846.0;GASOLINE
105.0;235.0;509.0;1077.0;224.0;432.0;96.0;227.0;516.0;1135.0;233.0;438.0;385.0;-199.0;1697.0;-846.0;GASOLINE
104.0;234.0;511.0;1079.0;223.0;433.0;95.0;225.0;516.0;1128.0;232.0;439.0;382.0;-192.0;1689.0;-847.0;GASOLINE
103.0;233.0;504.0;1067.0;223.0;433.0;95.0;225.0;515.0;1123.0;232.0;440.0;385.0;-192.0;1698.0;-847.0;GASOLINE
104.0;233.0;508.0;1079.0;224.0;435.0;95.0;228.0;523.0;1139.0;235.0;443.0;371.0;-192.0;1697.0;-847.0;GASOLINE
105.0;235.0;513.0;1089.0;225.0;433.0;97.0;228.0;520.0;1145.0;234.0;442.0;377.0;-192.0;1693.0;-847.0;GASOLINE
106.0;237.0;516.0;1080.0;224.0;429.0;93.0;221.0;509.0;1120.0;232.0;439.0;375.0;-192.0;1680.0;-848.0;GASOLINE
104.0;233.0;510.0;1082.0;223.0;432.0;95.0;226.0;517.0;1130.0;233.0;439.0;376.0;-192.0;1697.0;-848.0;GASOLINE
106.0;237.0;517.0;1087.0;225.0;434.0;96.0;226.0;516.0;1135.0;233.0;443.0;375.0;-191.0;1685.0;-849.0;GASOLINE
107.0;237.0;514.0;1085.0;224.0;437.0;96.0;230.0;526.0;1150.0;235.0;445.0;376.0;-191.0;1694.0;-849.0;GASOLINE
107.0;239.0;520.0;1093.0;226.0;439.0;98.0;233.0;528.0;1151.0;237.0;446.0;378.0;-194.0;1691.0;-847.0;GASOLINE
107.0;239.0;521.0;1097.0;225.0;438.0;96.0;227.0;523.0;1148.0;235.0;446.0;379.0;-195.0;1691.0;-847.0;GASOLINE
107.0;241.0;523.0;1101.0;227.0;438.0;96.0;229.0;525.0;1143.0;236.0;444.0;371.0;-194.0;1694.0;-847.0;GASOLINE
106.0;237.0;520.0;1090.0;226.0;438.0;96.0;230.0;529.0;1143.0;237.0;447.0;389.0;-194.0;1691.0;-843.0;GASOLINE
107.0;240.0;522.0;1100.0;227.0;440.0;97.0;230.0;526.0;1151.0;237.0;447.0;379.0;-194.0;1695.0;-847.0;GASOLINE
107.0;237.0;519.0;1096.0;228.0;443.0;99.0;233.0;532.0;1163.0;239.0;450.0;386.0;-193.0;1700.0;-847.0;GASOLINE
107.0;239.0;526.0;1099.0;228.0;441.0;97.0;228.0;527.0;1151.0;239.0;449.0;376.0;-193.0;1681.0;-847.0;GASOLINE
106.0;240.0;524.0;1105.0;229.0;441.0;97.0;229.0;530.0;1160.0;238.0;451.0;375.0;-191.0;1703.0;-846.0;GASOLINE
107.0;241.0;523.0;1106.0;230.0;444.0;100.0;234.0;533.0;1158.0;239.0;452.0;384.0;-193.0;1707.0;-847.0;GASOLINE
107.0;242.0;526.0;1113.0;231.0;447.0;100.0;234.0;535.0;1164.0;240.0;453.0;383.0;-197.0;1707.0;-846.0;GASOLINE
107.0;241.0;526.0;1118.0;231.0;446.0;98.0;233.0;534.0;1169.0;239.0;453.0;375.0;-198.0;1678.0;-847.0;GASOLINE
108.0;243.0;526.0;1112.0;231.0;443.0;99.0;233.0;532.0;1161.0;238.0;449.0;389.0;-197.0;1685.0;-843.0;GASOLINE
109.0;243.0;526.0;1114.0;229.0;440.0;96.0;228.0;521.0;1142.0;234.0;447.0;377.0;-198.0;1699.0;-847.0;GASOLINE
108.0;241.0;524.0;1103.0;227.0;440.0;98.0;231.0;527.0;1156.0;239.0;448.0;374.0;-198.0;1699.0;-843.0;GASOLINE
107.0;240.0;523.0;1107.0;229.0;443.0;99.0;234.0;536.0;1165.0;239.0;455.0;371.0;-197.0;1683.0;-847.0;GASOLINE
107.0;240.0;522.0;1105.0;229.0;445.0;96.0;230.0;528.0;1157.0;238.0;451.0;368.0;-194.0;1690.0;-843.0;GASOLINE
108.0;243.0;527.0;1110.0;229.0;443.0;97.0;231.0;530.0;1158.0;238.0;448.0;378.0;-194.0;1688.0;-849.0;GASOLINE
107.0;239.0;521.0;1100.0;229.0;444.0;100.0;233.0;530.0;1151.0;237.0;451.0;389.0;-193.0;1702.0;-843.0;GASOLINE
107.0;241.0;523.0;1106.0;229.0;442.0;98.0;230.0;527.0;1151.0;238.0;450.0;376.0;-193.0;1689.0;-846.0;GASOLINE
107.0;241.0;525.0;1110.0;230.0;444.0;99.0;236.0;535.0;1165.0;239.0;454.0;389.0;-194.0;1699.0;-846.0;GASOLINE
107.0;240.0;524.0;1106.0;230.0;444.0;98.0;231.0;529.0;1153.0;239.0;454.0;367.0;-194.0;1679.0;-846.0;GASOLINE
109.0;244.0;529.0;1116.0;232.0;447.0;100.0;234.0;534.0;1168.0;241.0;451.0;377.0;-194.0;1694.0;-843.0;GASOLINE
109.0;243.0;528.0;1114.0;231.0;445.0;99.0;234.0;535.0;1166.0;240.0;452.0;373.0;-195.0;1690.0;-846.0;GASOLINE
106.0;239.0;522.0;1112.0;231.0;444.0;98.0;232.0;532.0;1168.0;241.0;453.0;376.0;-195.0;1685.0;-853.0;GASOLINE
107.0;241.0;524.0;1108.0;230.0;444.0;97.0;231.0;528.0;1157.0;237.0;448.0;379.0;-195.0;1686.0;-847.0;GASOLINE
107.0;240.0;526.0;1105.0;229.0;442.0;98.0;233.0;536.0;1162.0;239.0;448.0;389.0;-196.0;1695.0;-847.0;GASOLINE
107.0;239.0;521.0;1099.0;228.0;442.0;96.0;229.0;524.0;1147.0;237.0;450.0;383.0;-196.0;1688.0;-854.0;GASOLINE
107.0;240.0;523.0;1106.0;228.0;442.0;96.0;232.0;530.0;1163.0;238.0;449.0;363.0;-196.0;1692.0;-847.0;GASOLINE
107.0;239.0;523.0;1107.0;229.0;445.0;98.0;231.0;530.0;1161.0;240.0;451.0;376.0;-197.0;1694.0;-847.0;GASOLINE
108.0;243.0;528.0;1114.0;231.0;448.0;98.0;233.0;534.0;1169.0;240.0;452.0;367.0;-196.0;1688.0;-847.0;GASOLINE
108.0;243.0;531.0;1111.0;231.0;447.0;99.0;234.0;535.0;1173.0;242.0;455.0;369.0;-196.0;1690.0;-847.0;GASOLINE
107.0;242.0;531.0;1123.0;231.0;450.0;99.0;235.0;536.0;1174.0;242.0;457.0;384.0;-197.0;1698.0;-847.0;GASOLINE
110.0;245.0;533.0;1117.0;231.0;450.0;100.0;238.0;540.0;1174.0;243.0;459.0;377.0;-196.0;1690.0;-847.0;GASOLINE
109.0;245.0;531.0;1120.0;233.0;450.0;102.0;238.0;541.0;1183.0;243.0;458.0;392.0;-196.0;1703.0;-847.0;GASOLINE
109.0;244.0;533.0;1131.0;233.0;451.0;100.0;238.0;542.0;1180.0;244.0;460.0;382.0;-196.0;1706.0;-847.0;GASOLINE
109.0;243.0;530.0;1123.0;233.0;451.0;103.0;241.0;545.0;1190.0;244.0;462.0;383.0;-196.0;1699.0;-847.0;GASOLINE
110.0;246.0;536.0;1125.0;234.0;452.0;102.0;238.0;540.0;1186.0;244.0;459.0;382.0;-193.0;1694.0;-845.0;GASOLINE
109.0;246.0;537.0;1129.0;234.0;453.0;100.0;238.0;544.0;1184.0;245.0;459.0;381.0;-193.0;1696.0;-845.0;GASOLINE
110.0;245.0;537.0;1125.0;233.0;455.0;102.0;240.0;547.0;1195.0;244.0;464.0;379.0;-194.0;1689.0;-841.0;GASOLINE
109.0;246.0;540.0;1134.0;235.0;454.0;100.0;238.0;543.0;1190.0;243.0;460.0;380.0;-193.0;1698.0;-845.0;GASOLINE
109.0;247.0;534.0;1127.0;235.0;453.0;98.0;234.0;539.0;1180.0;244.0;460.0;378.0;-193.0;1678.0;-843.0;GASOLINE
109.0;243.0;534.0;1122.0;234.0;452.0;102.0;239.0;546.0;1187.0;244.0;459.0;375.0;-194.0;1696.0;-845.0;GASOLINE
110.0;245.0;536.0;1132.0;235.0;454.0;104.0;242.0;547.0;1188.0;246.0;462.0;387.0;-196.0;1688.0;-843.0;GASOLINE
109.0;244.0;532.0;1131.0;235.0;452.0;102.0;240.0;546.0;1192.0;245.0;459.0;381.0;-196.0;1692.0;-845.0;GASOLINE
109.0;247.0;538.0;1133.0;234.0;454.0;101.0;236.0;543.0;1191.0;246.0;461.0;390.0;-196.0;1708.0;-845.0;GASOLINE
108.0;244.0;532.0;1132.0;236.0;459.0;99.0;238.0;544.0;1196.0;247.0;466.0;379.0;-196.0;1692.0;-845.0;GASOLINE
111.0;248.0;544.0;1145.0;238.0;459.0;101.0;239.0;550.0;1198.0;249.0;466.0;368.0;-195.0;1685.0;-851.0;GASOLINE
112.0;249.0;543.0;1142.0;237.0;457.0;103.0;242.0;548.0;1201.0;246.0;464.0;380.0;-192.0;1701.0;-851.0;GASOLINE
111.0;246.0;538.0;1138.0;235.0;456.0;105.0;244.0;556.0;1210.0;249.0;463.0;372.0;-192.0;1695.0;-844.0;GASOLINE
110.0;248.0;542.0;1143.0;237.0;460.0;101.0;242.0;553.0;1209.0;248.0;469.0;369.0;-192.0;1691.0;-843.0;GASOLINE
112.0;251.0;546.0;1153.0;238.0;461.0;105.0;245.0;559.0;1214.0;248.0;467.0;378.0;-192.0;1686.0;-841.0;GASOLINE
112.0;251.0;547.0;1155.0;238.0;463.0;106.0;247.0;559.0;1227.0;250.0;469.0;382.0;-192.0;1695.0;-841.0;GASOLINE
112.0;250.0;545.0;1153.0;239.0;463.0;105.0;246.0;563.0;1223.0;251.0;472.0;378.0;-196.0;1698.0;-844.0;GASOLINE
113.0;251.0;547.0;1157.0;240.0;462.0;104.0;245.0;562.0;1217.0;251.0;471.0;378.0;-192.0;1672.0;-841.0;GASOLINE
112.0;251.0;548.0;1156.0;240.0;460.0;102.0;243.0;553.0;1209.0;250.0;470.0;374.0;-191.0;1677.0;-847.0;GASOLINE
112.0;250.0;547.0;1148.0;240.0;461.0;105.0;246.0;560.0;1215.0;249.0;470.0;391.0;-192.0;1697.0;-847.0;GASOLINE
113.0;252.0;550.0;1155.0;239.0;462.0;102.0;242.0;554.0;1208.0;249.0;469.0;372.0;-193.0;1683.0;-847.0;GASOLINE
112.0;251.0;548.0;1153.0;240.0;462.0;106.0;248.0;561.0;1214.0;250.0;472.0;387.0;-193.0;1692.0;-847.0;GASOLINE
112.0;250.0;547.0;1154.0;241.0;462.0;105.0;246.0;558.0;1219.0;250.0;472.0;378.0;-193.0;1688.0;-847.0;GASOLINE
113.0;253.0;548.0;1154.0;241.0;463.0;105.0;248.0;560.0;1219.0;252.0;471.0;383.0;-193.0;1693.0;-847.0;GASOLINE
112.0;251.0;549.0;1156.0;239.0;463.0;105.0;246.0;560.0;1215.0;250.0;469.0;385.0;-197.0;1692.0;-847.0;GASOLINE
112.0;251.0;546.0;1152.0;237.0;460.0;105.0;246.0;561.0;1214.0;248.0;469.0;393.0;-191.0;1700.0;-847.0;GASOLINE
113.0;254.0;551.0;1158.0;239.0;461.0;105.0;246.0;560.0;1210.0;251.0;473.0;379.0;-191.0;1682.0;-844.0;GASOLINE
112.0;251.0;547.0;1152.0;239.0;466.0;106.0;250.0;566.0;1235.0;253.0;473.0;366.0;-196.0;1689.0;-844.0;GASOLINE
115.0;257.0;556.0;1174.0;241.0;467.0;106.0;250.0;569.0;1224.0;252.0;475.0;377.0;-196.0;1683.0;-846.0;GASOLINE
114.0;255.0;553.0;1166.0;240.0;463.0;105.0;246.0;562.0;1221.0;251.0;473.0;380.0;-196.0;1694.0;-844.0;GASOLINE
113.0;252.0;550.0;1158.0;239.0;464.0;105.0;247.0;560.0;1217.0;250.0;474.0;374.0;-196.0;1697.0;-844.0;GASOLINE
114.0;256.0;554.0;1163.0;242.0;466.0;106.0;249.0;565.0;1227.0;251.0;474.0;383.0;-197.0;1684.0;-845.0;GASOLINE
112.0;252.0;547.0;1162.0;241.0;466.0;107.0;250.0;565.0;1232.0;253.0;475.0;387.0;-194.0;1681.0;-839.0;GASOLINE
113.0;252.0;551.0;1160.0;240.0;465.0;106.0;248.0;564.0;1231.0;251.0;472.0;391.0;-194.0;1694.0;-839.0;GASOLINE
112.0;251.0;546.0;1153.0;240.0;463.0;104.0;245.0;557.0;1214.0;250.0;473.0;364.0;-194.0;1696.0;-843.0;GASOLINE
113.0;251.0;549.0;1164.0;241.0;463.0;106.0;249.0;562.0;1219.0;252.0;474.0;383.0;-200.0;1681.0;-843.0;GASOLINE
112.0;252.0;545.0;1149.0;238.0;462.0;103.0;244.0;553.0;1199.0;248.0;467.0;364.0;-194.0;1682.0;-842.0;GASOLINE
111.0;250.0;543.0;1143.0;238.0;464.0;103.0;244.0;551.0;1203.0;248.0;471.0;369.0;-192.0;1688.0;-843.0;GASOLINE
113.0;251.0;550.0;1158.0;241.0;466.0;104.0;248.0;568.0;1238.0;253.0;475.0;382.0;-192.0;1685.0;-842.0;GASOLINE
113.0;250.0;547.0;1161.0;241.0;466.0;105.0;248.0;564.0;1228.0;251.0;474.0;367.0;-192.0;1682.0;-842.0;GASOLINE
114.0;253.0;554.0;1163.0;240.0;465.0;101.0;244.0;559.0;1218.0;250.0;471.0;367.0;-192.0;1662.0;-839.0;GASOLINE
112.0;251.0;550.0;1154.0;240.0;463.0;102.0;243.0;556.0;1210.0;249.0;472.0;371.0;-196.0;1684.0;-839.0;GASOLINE
113.0;254.0;549.0;1166.0;240.0;463.0;103.0;245.0;561.0;1224.0;249.0;472.0;367.0;-196.0;1679.0;-839.0;GASOLINE
112.0;251.0;546.0;1150.0;239.0;464.0;106.0;249.0;564.0;1224.0;251.0;472.0;377.0;-196.0;1682.0;-839.0;GASOLINE
112.0;250.0;546.0;1151.0;238.0;462.0;105.0;249.0;568.0;1228.0;252.0;474.0;380.0;-194.0;1673.0;-839.0;GASOLINE
113.0;253.0;550.0;1164.0;240.0;463.0;105.0;246.0;562.0;1221.0;250.0;473.0;368.0;-190.0;1679.0;-839.0;GASOLINE
111.0;250.0;546.0;1155.0;240.0;463.0;102.0;244.0;561.0;1219.0;251.0;473.0;380.0;-189.0;1689.0;-839.0;GASOLINE
113.0;254.0;554.0;1168.0;242.0;463.0;107.0;248.0;562.0;1224.0;252.0;473.0;378.0;-189.0;1697.0;-840.0;GASOLINE
112.0;251.0;547.0;1162.0;241.0;468.0;105.0;247.0;564.0;1222.0;252.0;475.0;381.0;-190.0;1676.0;-839.0;GASOLINE
112.0;252.0;550.0;1161.0;240.0;466.0;105.0;247.0;564.0;1227.0;251.0;475.0;384.0;-188.0;1685.0;-840.0;GASOLINE
113.0;253.0;553.0;1162.0;241.0;466.0;105.0;246.0;559.0;1223.0;252.0;475.0;370.0;-191.0;1679.0;-839.0;GASOLINE
113.0;255.0;551.0;1166.0;241.0;466.0;104.0;245.0;562.0;1225.0;252.0;475.0;390.0;-197.0;1678.0;-840.0;GASOLINE
113.0;252.0;551.0;1172.0;242.0;468.0;106.0;248.0;562.0;1217.0;251.0;472.0;382.0;-193.0;1693.0;-840.0;GASOLINE
112.0;252.0;548.0;1160.0;241.0;469.0;104.0;245.0;561.0;1226.0;254.0;479.0;361.0;-193.0;1673.0;-840.0;GASOLINE
113.0;256.0;556.0;1175.0;244.0;472.0;107.0;251.0;570.0;1238.0;254.0;481.0;383.0;-193.0;1692.0;-842.0;GASOLINE
115.0;257.0;559.0;1177.0;244.0;473.0;106.0;251.0;569.0;1241.0;254.0;483.0;383.0;-193.0;1689.0;-842.0;GASOLINE
115.0;255.0;555.0;1170.0;242.0;470.0;106.0;249.0;571.0;1241.0;255.0;479.0;375.0;-193.0;1675.0;-846.0;GASOLINE
116.0;257.0;562.0;1175.0;245.0;475.0;110.0;255.0;581.0;1260.0;257.0;484.0;370.0;-195.0;1687.0;-846.0;GASOLINE
115.0;258.0;564.0;1188.0;247.0;478.0;109.0;254.0;580.0;1254.0;258.0;486.0;383.0;-194.0;1699.0;-847.0;GASOLINE
115.0;258.0;563.0;1194.0;247.0;478.0;110.0;258.0;586.0;1272.0;259.0;488.0;380.0;-194.0;1694.0;-847.0;GASOLINE
116.0;259.0;567.0;1192.0;247.0;478.0;107.0;255.0;578.0;1257.0;261.0;491.0;387.0;-195.0;1696.0;-845.0;GASOLINE
116.0;259.0;566.0;1194.0;249.0;479.0;107.0;255.0;574.0;1250.0;259.0;487.0;372.0;-194.0;1680.0;-845.0;GASOLINE
117.0;261.0;567.0;1194.0;247.0;477.0;108.0;254.0;577.0;1258.0;259.0;490.0;371.0;-193.0;1682.0;-845.0;GASOLINE
118.0;266.0;575.0;1204.0;250.0;480.0;112.0;260.0;590.0;1275.0;261.0;489.0;390.0;-193.0;1694.0;-843.0;GASOLINE
118.0;264.0;572.0;1205.0;251.0;483.0;110.0;260.0;594.0;1283.0;262.0;492.0;373.0;-193.0;1685.0;-843.0;GASOLINE
118.0;265.0;573.0;1214.0;252.0;485.0;111.0;261.0;590.0;1279.0;261.0;492.0;372.0;-192.0;1676.0;-843.0;GASOLINE
117.0;262.0;569.0;1208.0;250.0;481.0;109.0;255.0;582.0;1263.0;260.0;489.0;386.0;-192.0;1695.0;-843.0;GASOLINE
117.0;261.0;570.0;1202.0;248.0;479.0;110.0;260.0;584.0;1266.0;262.0;488.0;366.0;-193.0;1675.0;-841.0;GASOLINE
116.0;260.0;568.0;1195.0;249.0;482.0;108.0;254.0;581.0;1257.0;258.0;489.0;373.0;-190.0;1679.0;-841.0;GASOLINE
117.0;261.0;568.0;1197.0;247.0;481.0;109.0;260.0;591.0;1275.0;260.0;492.0;379.0;-189.0;1678.0;-841.0;GASOLINE
119.0;266.0;577.0;1214.0;251.0;482.0;111.0;262.0;591.0;1287.0;262.0;493.0;373.0;-189.0;1675.0;-845.0;GASOLINE
119.0;263.0;571.0;1206.0;251.0;481.0;110.0;258.0;581.0;1265.0;259.0;490.0;382.0;-189.0;1689.0;-845.0;GASOLINE
116.0;260.0;564.0;1198.0;249.0;483.0;111.0;259.0;586.0;1277.0;260.0;488.0;376.0;-189.0;1679.0;-847.0;GASOLINE
117.0;260.0;567.0;1202.0;250.0;481.0;111.0;259.0;584.0;1271.0;261.0;492.0;387.0;-191.0;1694.0;-847.0;GASOLINE
118.0;263.0;571.0;1206.0;250.0;483.0;109.0;256.0;585.0;1278.0;263.0;492.0;382.0;-194.0;1691.0;-845.0;GASOLINE
118.0;266.0;577.0;1221.0;253.0;489.0;112.0;264.0;598.0;1301.0;264.0;499.0;380.0;-194.0;1685.0;-845.0;GASOLINE
119.0;265.0;579.0;1224.0;253.0;489.0;113.0;264.0;599.0;1294.0;265.0;498.0;378.0;-191.0;1680.0;-839.0;GASOLINE
117.0;263.0;573.0;1225.0;253.0;488.0;110.0;261.0;594.0;1290.0;265.0;498.0;387.0;-191.0;1694.0;-839.0;GASOLINE
118.0;264.0;579.0;1221.0;254.0;492.0;113.0;266.0;602.0;1310.0;269.0;502.0;376.0;-192.0;1678.0;-839.0;GASOLINE
119.0;267.0;580.0;1217.0;254.0;491.0;114.0;267.0;601.0;1306.0;269.0;501.0;386.0;-192.0;1697.0;-839.0;GASOLINE
120.0;269.0;585.0;1235.0;255.0;494.0;115.0;267.0;606.0;1318.0;269.0;505.0;379.0;-193.0;1681.0;-839.0;GASOLINE
119.0;269.0;585.0;1228.0;255.0;494.0;114.0;267.0;602.0;1305.0;267.0;503.0;366.0;-195.0;1681.0;-842.0;GASOLINE
120.0;269.0;585.0;1234.0;255.0;494.0;112.0;266.0;608.0;1319.0;268.0;503.0;371.0;-195.0;1695.0;-849.0;GASOLINE
120.0;269.0;585.0;1233.0;253.0;491.0;112.0;263.0;596.0;1298.0;266.0;502.0;370.0;-197.0;1679.0;-849.0;GASOLINE
120.0;269.0;586.0;1227.0;254.0;492.0;112.0;264.0;602.0;1310.0;267.0;504.0;372.0;-197.0;1681.0;-843.0;GASOLINE
120.0;269.0;585.0;1238.0;256.0;494.0;110.0;263.0;598.0;1305.0;268.0;504.0;374.0;-199.0;1689.0;-843.0;GASOLINE
121.0;269.0;585.0;1238.0;256.0;497.0;115.0;268.0;606.0;1312.0;269.0;504.0;381.0;-197.0;1691.0;-843.0;GASOLINE
119.0;269.0;585.0;1239.0;257.0;497.0;115.0;270.0;607.0;1321.0;269.0;505.0;371.0;-197.0;1690.0;-840.0;GASOLINE
119.0;269.0;583.0;1237.0;257.0;496.0;116.0;271.0;609.0;1324.0;268.0;505.0;378.0;-192.0;1691.0;-840.0;GASOLINE
120.0;270.0;588.0;1240.0;254.0;496.0;112.0;264.0;606.0;1312.0;268.0;503.0;383.0;-192.0;1684.0;-844.0;GASOLINE
121.0;269.0;587.0;1224.0;256.0;493.0;113.0;266.0;606.0;1313.0;268.0;504.0;378.0;-191.0;1681.0;-850.0;GASOLINE
121.0;271.0;587.0;1242.0;257.0;498.0;114.0;268.0;606.0;1316.0;269.0;508.0;367.0;-192.0;1683.0;-846.0;GASOLINE
120.0;269.0;587.0;1239.0;258.0;498.0;114.0;269.0;608.0;1319.0;269.0;513.0;375.0;-192.0;1691.0;-846.0;GASOLINE
121.0;271.0;588.0;1245.0;261.0;502.0;116.0;271.0;615.0;1334.0;271.0;513.0;365.0;-194.0;1675.0;-846.0;GASOLINE
121.0;271.0;593.0;1245.0;259.0;500.0;116.0;270.0;607.0;1313.0;268.0;507.0;385.0;-194.0;1698.0;-842.0;GASOLINE
121.0;269.0;590.0;1242.0;257.0;496.0;115.0;268.0;605.0;1319.0;268.0;507.0;390.0;-194.0;1695.0;-842.0;GASOLINE
120.0;270.0;585.0;1244.0;256.0;494.0;116.0;270.0;607.0;1315.0;270.0;505.0;380.0;-194.0;1694.0;-842.0;GASOLINE
120.0;267.0;581.0;1230.0;254.0;493.0;112.0;264.0;600.0;1299.0;269.0;504.0;380.0;-193.0;1682.0;-841.0;GASOLINE
119.0;266.0;579.0;1232.0;255.0;494.0;114.0;268.0;607.0;1318.0;268.0;504.0;373.0;-191.0;1668.0;-842.0;GASOLINE
120.0;268.0;584.0;1230.0;256.0;495.0;115.0;269.0;610.0;1320.0;269.0;506.0;380.0;-193.0;1695.0;-841.0;GASOLINE
121.0;272.0;589.0;1240.0;258.0;497.0;115.0;269.0;609.0;1323.0;271.0;509.0;371.0;-194.0;1681.0;-842.0;GASOLINE
121.0;272.0;589.0;1242.0;258.0;499.0;113.0;268.0;607.0;1318.0;269.0;507.0;369.0;-194.0;1682.0;-842.0;GASOLINE
122.0;272.0;586.0;1243.0;258.0;496.0;112.0;267.0;605.0;1316.0;269.0;505.0;370.0;-194.0;1686.0;-842.0;GASOLINE
119.0;268.0;585.0;1244.0;258.0;501.0;117.0;272.0;614.0;1330.0;272.0;509.0;377.0;-194.0;1687.0;-842.0;GASOLINE
123.0;275.0;594.0;1256.0;259.0;502.0;116.0;271.0;614.0;1334.0;272.0;511.0;374.0;-194.0;1688.0;-847.0;GASOLINE
122.0;272.0;594.0;1258.0;260.0;502.0;114.0;269.0;615.0;1329.0;272.0;510.0;384.0;-191.0;1682.0;-848.0;GASOLINE
120.0;269.0;590.0;1245.0;260.0;501.0;116.0;272.0;617.0;1339.0;274.0;512.0;370.0;-191.0;1678.0;-849.0;GASOLINE
122.0;272.0;590.0;1252.0;260.0;502.0;117.0;273.0;616.0;1327.0;272.0;510.0;392.0;-197.0;1696.0;-849.0;GASOLINE
122.0;273.0;594.0;1243.0;260.0;501.0;118.0;273.0;617.0;1331.0;272.0;512.0;385.0;-197.0;1696.0;-849.0;GASOLINE
122.0;272.0;593.0;1251.0;260.0;502.0;114.0;269.0;610.0;1326.0;272.0;512.0;381.0;-195.0;1702.0;-846.0;GASOLINE
120.0;269.0;589.0;1244.0;259.0;501.0;114.0;268.0;608.0;1322.0;272.0;511.0;382.0;-195.0;1702.0;-846.0;GASOLINE
121.0;271.0;596.0;1247.0;260.0;503.0;118.0;275.0;616.0;1335.0;271.0;514.0;378.0;-190.0;1693.0;-846.0;GASOLINE
123.0;274.0;598.0;1261.0;261.0;502.0;115.0;271.0;610.0;1327.0;273.0;511.0;374.0;-190.0;1685.0;-845.0;GASOLINE
121.0;272.0;592.0;1250.0;259.0;505.0;114.0;272.0;618.0;1337.0;275.0;514.0;374.0;-194.0;1687.0;-848.0;GASOLINE
123.0;277.0;600.0;1262.0;262.0;507.0;116.0;272.0;617.0;1348.0;275.0;516.0;374.0;-192.0;1687.0;-848.0;GASOLINE
123.0;275.0;600.0;1267.0;263.0;506.0;117.0;276.0;623.0;1353.0;277.0;518.0;375.0;-194.0;1686.0;-847.0;GASOLINE
124.0;278.0;601.0;1261.0;262.0;505.0;114.0;270.0;611.0;1325.0;272.0;513.0;371.0;-194.0;1679.0;-845.0;GASOLINE
123.0;273.0;593.0;1248.0;260.0;502.0;119.0;278.0;626.0;1345.0;274.0;514.0;375.0;-197.0;1697.0;-846.0;GASOLINE
122.0;273.0;598.0;1272.0;263.0;509.0;116.0;277.0;626.0;1363.0;278.0;519.0;378.0;-197.0;1676.0;-846.0;GASOLINE
123.0;274.0;600.0;1265.0;263.0;509.0;117.0;276.0;627.0;1351.0;277.0;520.0;383.0;-197.0;1696.0;-842.0;GASOLINE
123.0;275.0;599.0;1262.0;263.0;508.0;116.0;273.0;619.0;1350.0;276.0;517.0;373.0;-196.0;1676.0;-846.0;GASOLINE
123.0;276.0;598.0;1264.0;262.0;506.0;117.0;274.0;621.0;1342.0;275.0;519.0;374.0;-199.0;1678.0;-848.0;GASOLINE
123.0;276.0;598.0;1266.0;263.0;510.0;119.0;279.0;628.0;1360.0;278.0;521.0;379.0;-196.0;1691.0;-848.0;GASOLINE
124.0;276.0;599.0;1271.0;263.0;512.0;116.0;273.0;620.0;1344.0;275.0;518.0;371.0;-196.0;1686.0;-848.0;GASOLINE
123.0;276.0;599.0;1267.0;262.0;510.0;118.0;278.0;627.0;1358.0;277.0;520.0;375.0;-197.0;1694.0;-848.0;GASOLINE
124.0;277.0;605.0;1271.0;264.0;510.0;120.0;282.0;629.0;1353.0;277.0;520.0;375.0;-197.0;1696.0;-849.0;GASOLINE
124.0;278.0;608.0;1275.0;263.0;507.0;119.0;275.0;624.0;1345.0;276.0;517.0;373.0;-195.0;1689.0;-848.0;GASOLINE
123.0;275.0;600.0;1261.0;263.0;507.0;121.0;280.0;632.0;1357.0;278.0;523.0;382.0;-190.0;1696.0;-844.0;GASOLINE
125.0;276.0;604.0;1280.0;263.0;508.0;117.0;277.0;631.0;1363.0;278.0;519.0;387.0;-189.0;1689.0;-844.0;GASOLINE
124.0;277.0;599.0;1268.0;263.0;508.0;118.0;276.0;622.0;1346.0;276.0;521.0;369.0;-189.0;1684.0;-847.0;GASOLINE
123.0;277.0;602.0;1270.0;262.0;508.0;118.0;277.0;624.0;1344.0;276.0;517.0;365.0;-189.0;1693.0;-847.0;GASOLINE
125.0;279.0;607.0;1274.0;264.0;508.0;116.0;274.0;620.0;1343.0;275.0;521.0;381.0;-188.0;1699.0;-850.0;GASOLINE
125.0;279.0;605.0;1273.0;264.0;510.0;121.0;282.0;636.0;1369.0;279.0;523.0;371.0;-188.0;1693.0;-850.0;GASOLINE
126.0;282.0;609.0;1282.0;265.0;510.0;121.0;280.0;629.0;1355.0;278.0;520.0;376.0;-189.0;1700.0;-850.0;GASOLINE
126.0;280.0;605.0;1282.0;265.0;510.0;120.0;279.0;629.0;1356.0;278.0;522.0;370.0;-189.0;1697.0;-847.0;GASOLINE
125.0;281.0;609.0;1286.0;265.0;514.0;121.0;283.0;635.0;1377.0;280.0;524.0;373.0;-192.0;1695.0;-847.0;GASOLINE
125.0;280.0;606.0;1272.0;264.0;511.0;120.0;280.0;632.0;1363.0;278.0;520.0;385.0;-195.0;1696.0;-844.0;GASOLINE
125.0;279.0;601.0;1276.0;262.0;510.0;121.0;280.0;631.0;1369.0;278.0;523.0;383.0;-195.0;1696.0;-844.0;GASOLINE
125.0;278.0;604.0;1278.0;263.0;511.0;120.0;280.0;635.0;1370.0;282.0;525.0;381.0;-195.0;1694.0;-846.0;GASOLINE
127.0;283.0;612.0;1285.0;269.0;519.0;120.0;282.0;640.0;1382.0;281.0;531.0;379.0;-195.0;1700.0;-847.0;GASOLINE
126.0;281.0;614.0;1301.0;270.0;520.0;125.0;291.0;654.0;1398.0;286.0;532.0;372.0;-193.0;1696.0;-846.0;GASOLINE
126.0;283.0;616.0;1303.0;270.0;519.0;126.0;290.0;651.0;1399.0;284.0;534.0;392.0;-192.0;1699.0;-846.0;GASOLINE
127.0;284.0;617.0;1292.0;268.0;518.0;123.0;286.0;640.0;1381.0;284.0;532.0;384.0;-192.0;1690.0;-845.0;GASOLINE
125.0;279.0;609.0;1296.0;268.0;520.0;121.0;282.0;638.0;1380.0;281.0;531.0;386.0;-193.0;1701.0;-845.0;GASOLINE
126.0;282.0;611.0;1297.0;269.0;518.0;120.0;281.0;639.0;1386.0;283.0;531.0;380.0;-193.0;1692.0;-845.0;GASOLINE
127.0;283.0;616.0;1298.0;268.0;521.0;123.0;285.0;642.0;1385.0;283.0;531.0;386.0;-193.0;1706.0;-852.0;GASOLINE
127.0;284.0;618.0;1305.0;270.0;520.0;123.0;287.0;645.0;1390.0;283.0;530.0;383.0;-193.0;1689.0;-853.0;GASOLINE
127.0;284.0;616.0;1298.0;269.0;522.0;124.0;286.0;644.0;1401.0;284.0;531.0;372.0;-193.0;1700.0;-854.0;GASOLINE
127.0;285.0;618.0;1304.0;270.0;518.0;120.0;283.0;638.0;1377.0;281.0;528.0;391.0;-191.0;1700.0;-853.0;GASOLINE
125.0;281.0;611.0;1285.0;268.0;520.0;121.0;284.0;640.0;1386.0;283.0;533.0;370.0;-191.0;1696.0;-853.0;GASOLINE
126.0;283.0;611.0;1294.0;269.0;521.0;124.0;285.0;645.0;1391.0;283.0;529.0;384.0;-191.0;1698.0;-853.0;GASOLINE
126.0;282.0;612.0;1290.0;268.0;518.0;123.0;286.0;641.0;1389.0;282.0;531.0;378.0;-191.0;1702.0;-853.0;GASOLINE
129.0;288.0;621.0;1304.0;270.0;521.0;123.0;287.0;644.0;1393.0;285.0;533.0;372.0;-191.0;1694.0;-853.0;GASOLINE
128.0;285.0;618.0;1303.0;270.0;524.0;124.0;288.0;645.0;1395.0;285.0;529.0;379.0;-190.0;1710.0;-853.0;GASOLINE
128.0;284.0;621.0;1300.0;271.0;522.0;124.0;287.0;648.0;1401.0;286.0;534.0;378.0;-193.0;1691.0;-853.0;GASOLINE
129.0;287.0;623.0;1310.0;272.0;524.0;127.0;293.0;652.0;1395.0;285.0;535.0;388.0;-197.0;1701.0;-853.0;GASOLINE
130.0;289.0;625.0;1303.0;269.0;522.0;122.0;288.0;646.0;1408.0;284.0;532.0;392.0;-197.0;1717.0;-849.0;GASOLINE
127.0;283.0;614.0;1304.0;271.0;524.0;125.0;288.0;654.0;1405.0;286.0;536.0;374.0;-195.0;1693.0;-849.0;GASOLINE
128.0;287.0;621.0;1306.0;271.0;528.0;125.0;291.0;656.0;1419.0;289.0;540.0;377.0;-195.0;1708.0;-848.0;GASOLINE
129.0;287.0;626.0;1318.0;274.0;529.0;126.0;292.0;653.0;1414.0;290.0;543.0;387.0;-195.0;1699.0;-848.0;GASOLINE
129.0;285.0;627.0;1326.0;276.0;530.0;126.0;294.0;661.0;1421.0;288.0;540.0;392.0;-193.0;1704.0;-848.0;GASOLINE
129.0;287.0;622.0;1316.0;272.0;528.0;127.0;292.0;656.0;1414.0;289.0;539.0;391.0;-195.0;1719.0;-848.0;GASOLINE
129.0;289.0;625.0;1310.0;273.0;527.0;125.0;292.0;656.0;1409.0;287.0;539.0;376.0;-193.0;1696.0;-849.0;GASOLINE
127.0;284.0;619.0;1307.0;271.0;526.0;127.0;292.0;653.0;1419.0;288.0;539.0;383.0;-193.0;1710.0;-849.0;GASOLINE
130.0;289.0;627.0;1323.0;275.0;526.0;123.0;289.0;652.0;1406.0;288.0;539.0;384.0;-195.0;1700.0;-849.0;GASOLINE
127.0;286.0;624.0;1314.0;272.0;528.0;126.0;295.0;654.0;1411.0;288.0;536.0;381.0;-195.0;1703.0;-850.0;GASOLINE
129.0;288.0;624.0;1314.0;272.0;524.0;124.0;287.0;651.0;1412.0;287.0;536.0;369.0;-194.0;1685.0;-850.0;GASOLINE
128.0;286.0;626.0;1311.0;272.0;522.0;122.0;285.0;647.0;1387.0;283.0;537.0;368.0;-194.0;1666.0;-850.0;GASOLINE
126.0;284.0;620.0;1307.0;268.0;523.0;122.0;282.0;640.0;1380.0;285.0;533.0;385.0;-194.0;1699.0;-850.0;GASOLINE
126.0;282.0;615.0;1298.0;268.0;519.0;126.0;290.0;647.0;1387.0;283.0;531.0;384.0;-192.0;1699.0;-845.0;GASOLINE
128.0;285.0;616.0;1300.0;270.0;521.0;124.0;288.0;648.0;1403.0;285.0;536.0;390.0;-194.0;1696.0;-845.0;GASOLINE
127.0;284.0;615.0;1301.0;270.0;523.0;122.0;286.0;646.0;1391.0;283.0;532.0;385.0;-195.0;1710.0;-845.0;GASOLINE
127.0;284.0;616.0;1297.0;270.0;524.0;124.0;290.0;654.0;1405.0;286.0;535.0;377.0;-196.0;1701.0;-845.0;GASOLINE
128.0;286.0;617.0;1311.0;271.0;525.0;122.0;288.0;648.0;1397.0;287.0;537.0;377.0;-196.0;1697.0;-852.0;GASOLINE
128.0;286.0;619.0;1309.0;271.0;525.0;125.0;291.0;654.0;1404.0;286.0;540.0;384.0;-198.0;1701.0;-855.0;GASOLINE
128.0;287.0;623.0;1311.0;272.0;528.0;124.0;291.0;655.0;1417.0;288.0;537.0;385.0;-198.0;1710.0;-855.0;GASOLINE
128.0;287.0;623.0;1319.0;273.0;527.0;125.0;291.0;658.0;1418.0;289.0;543.0;374.0;-196.0;1698.0;-854.0;GASOLINE
128.0;286.0;619.0;1309.0;273.0;528.0;123.0;290.0;650.0;1411.0;286.0;541.0;368.0;-198.0;1700.0;-852.0;GASOLINE
127.0;285.0;620.0;1308.0;274.0;530.0;126.0;292.0;652.0;1409.0;288.0;540.0;385.0;-198.0;1701.0;-851.0;GASOLINE
129.0;288.0;626.0;1323.0;273.0;528.0;122.0;286.0;646.0;1399.0;288.0;539.0;370.0;-195.0;1691.0;-848.0;GASOLINE
128.0;285.0;622.0;1313.0;274.0;527.0;125.0;290.0;657.0;1411.0;288.0;541.0;372.0;-194.0;1696.0;-851.0;GASOLINE
131.0;291.0;633.0;1340.0;276.0;532.0;125.0;293.0;659.0;1425.0;291.0;543.0;377.0;-194.0;1707.0;-848.0;GASOLINE
131.0;291.0;635.0;1337.0;276.0;532.0;127.0;294.0;660.0;1427.0;290.0;543.0;381.0;-194.0;1696.0;-847.0;GASOLINE
130.0;291.0;633.0;1338.0;276.0;533.0;125.0;291.0;655.0;1424.0;291.0;544.0;373.0;-196.0;1695.0;-847.0;GASOLINE
129.0;289.0;629.0;1326.0;275.0;528.0;128.0;295.0;662.0;1423.0;289.0;539.0;383.0;-198.0;1706.0;-847.0;GASOLINE
128.0;288.0;624.0;1321.0;275.0;530.0;126.0;293.0;660.0;1419.0;292.0;546.0;368.0;-198.0;1692.0;-847.0;GASOLINE
131.0;292.0;629.0;1330.0;276.0;532.0;126.0;292.0;659.0;1416.0;289.0;543.0;373.0;-197.0;1691.0;-847.0;GASOLINE
129.0;290.0;629.0;1338.0;275.0;534.0;129.0;300.0;670.0;1445.0;291.0;543.0;379.0;-197.0;1712.0;-847.0;GASOLINE
130.0;291.0;632.0;1326.0;275.0;536.0;127.0;294.0;661.0;1429.0;293.0;548.0;372.0;-197.0;1698.0;-848.0;GASOLINE
131.0;295.0;639.0;1335.0;278.0;538.0;129.0;298.0;669.0;1440.0;294.0;549.0;389.0;-196.0;1708.0;-852.0;GASOLINE
133.0;297.0;641.0;1350.0;277.0;537.0;129.0;298.0;665.0;1440.0;293.0;549.0;389.0;-193.0;1706.0;-848.0;GASOLINE
131.0;293.0;633.0;1332.0;277.0;534.0;126.0;295.0;666.0;1438.0;291.0;546.0;373.0;-193.0;1703.0;-848.0;GASOLINE
129.0;290.0;632.0;1337.0;277.0;534.0;126.0;294.0;662.0;1433.0;291.0;545.0;387.0;-192.0;1697.0;-848.0;GASOLINE
130.0;289.0;627.0;1327.0;275.0;534.0;124.0;292.0;657.0;1420.0;288.0;545.0;380.0;-193.0;1697.0;-852.0;GASOLINE
131.0;292.0;635.0;1325.0;277.0;533.0;128.0;296.0;665.0;1431.0;293.0;545.0;382.0;-193.0;1721.0;-853.0;GASOLINE
131.0;292.0;633.0;1342.0;279.0;541.0;128.0;300.0;676.0;1452.0;296.0;553.0;383.0;-193.0;1701.0;-853.0;GASOLINE
132.0;293.0;638.0;1349.0;280.0;542.0;131.0;303.0;676.0;1457.0;297.0;555.0;382.0;-193.0;1706.0;-853.0;GASOLINE
132.0;295.0;641.0;1352.0;282.0;544.0;130.0;305.0;685.0;1464.0;297.0;555.0;395.0;-195.0;1710.0;-853.0;GASOLINE
133.0;296.0;645.0;1360.0;283.0;545.0;128.0;299.0;676.0;1451.0;298.0;557.0;378.0;-193.0;1702.0;-853.0;GASOLINE
133.0;294.0;644.0;1361.0;282.0;544.0;131.0;302.0;683.0;1467.0;298.0;558.0;373.0;-195.0;1692.0;-851.0;GASOLINE
133.0;297.0;643.0;1351.0;282.0;545.0;128.0;297.0;671.0;1451.0;296.0;553.0;372.0;-189.0;1693.0;-853.0;GASOLINE
132.0;293.0;639.0;1341.0;278.0;540.0;128.0;300.0;676.0;1459.0;296.0;556.0;385.0;-195.0;1694.0;-851.0;GASOLINE
131.0;294.0;636.0;1346.0;279.0;537.0;129.0;299.0;672.0;1450.0;293.0;549.0;385.0;-198.0;1702.0;-851.0;GASOLINE
132.0;294.0;637.0;1344.0;279.0;537.0;129.0;299.0;672.0;1454.0;295.0;549.0;386.0;-198.0;1699.0;-851.0;GASOLINE
131.0;293.0;636.0;1345.0;279.0;545.0;130.0;303.0;678.0;1464.0;297.0;556.0;380.0;-192.0;1693.0;-853.0;GASOLINE
133.0;296.0;645.0;1356.0;282.0;546.0;132.0;307.0;683.0;1463.0;298.0;556.0;378.0;-198.0;1707.0;-853.0;GASOLINE
134.0;298.0;643.0;1356.0;282.0;543.0;129.0;300.0;679.0;1463.0;298.0;557.0;385.0;-192.0;1708.0;-853.0;GASOLINE
134.0;297.0;646.0;1360.0;281.0;546.0;132.0;306.0;683.0;1469.0;300.0;562.0;396.0;-192.0;1713.0;-854.0;GASOLINE
135.0;300.0;652.0;1372.0;284.0;546.0;131.0;304.0;687.0;1465.0;300.0;561.0;373.0;-195.0;1699.0;-853.0;GASOLINE
135.0;300.0;649.0;1360.0;282.0;544.0;132.0;304.0;680.0;1462.0;297.0;557.0;374.0;-195.0;1706.0;-851.0;GASOLINE
134.0;298.0;648.0;1356.0;280.0;542.0;130.0;302.0;674.0;1447.0;296.0;551.0;385.0;-190.0;1707.0;-851.0;GASOLINE
133.0;298.0;649.0;1359.0;282.0;541.0;129.0;300.0;669.0;1448.0;294.0;552.0;379.0;-190.0;1713.0;-853.0;GASOLINE
132.0;297.0;649.0;1366.0;283.0;544.0;129.0;302.0;682.0;1464.0;297.0;558.0;369.0;-190.0;1706.0;-853.0;GASOLINE
133.0;298.0;644.0;1360.0;282.0;547.0;132.0;306.0;686.0;1475.0;301.0;559.0;380.0;-190.0;1705.0;-853.0;GASOLINE
136.0;303.0;656.0;1372.0;285.0;548.0;132.0;309.0;687.0;1485.0;301.0;563.0;381.0;-192.0;1693.0;-854.0;GASOLINE
135.0;301.0;650.0;1371.0;284.0;548.0;131.0;306.0;684.0;1471.0;300.0;560.0;371.0;-195.0;1687.0;-854.0;GASOLINE
135.0;299.0;651.0;1364.0;284.0;546.0;134.0;308.0;688.0;1478.0;297.0;561.0;379.0;-195.0;1712.0;-854.0;GASOLINE
134.0;300.0;652.0;1368.0;284.0;546.0;132.0;306.0;688.0;1482.0;299.0;561.0;380.0;-197.0;1700.0;-854.0;GASOLINE
135.0;302.0;652.0;1370.0;284.0;549.0;132.0;309.0;694.0;1481.0;301.0;564.0;380.0;-197.0;1700.0;-854.0;GASOLINE
137.0;304.0;663.0;1390.0;288.0;557.0;135.0;313.0;695.0;1489.0;305.0;569.0;379.0;-196.0;1707.0;-850.0;GASOLINE
135.0;303.0;657.0;1391.0;289.0;560.0;135.0;314.0;697.0;1500.0;303.0;567.0;381.0;-195.0;1715.0;-850.0;GASOLINE
137.0;305.0;660.0;1391.0;288.0;558.0;133.0;311.0;699.0;1493.0;304.0;571.0;377.0;-196.0;1700.0;-852.0;GASOLINE
137.0;303.0;658.0;1385.0;288.0;555.0;132.0;309.0;691.0;1482.0;305.0;568.0;381.0;-196.0;1702.0;-850.0;GASOLINE
137.0;305.0;664.0;1396.0;289.0;556.0;132.0;309.0;697.0;1504.0;305.0;567.0;379.0;-196.0;1692.0;-849.0;GASOLINE
137.0;303.0;658.0;1382.0;286.0;554.0;134.0;312.0;696.0;1486.0;303.0;567.0;378.0;-200.0;1702.0;-849.0;GASOLINE
135.0;303.0;658.0;1382.0;286.0;552.0;131.0;304.0;686.0;1489.0;302.0;565.0;382.0;-200.0;1691.0;-849.0;GASOLINE
136.0;302.0;657.0;1380.0;285.0;550.0;133.0;308.0;686.0;1474.0;302.0;567.0;371.0;-200.0;1692.0;-849.0;GASOLINE
135.0;302.0;656.0;1376.0;287.0;553.0;133.0;308.0;693.0;1484.0;302.0;565.0;364.0;-196.0;1690.0;-851.0;GASOLINE
134.0;300.0;652.0;1375.0;286.0;551.0;134.0;311.0;691.0;1479.0;301.0;562.0;381.0;-195.0;1711.0;-851.0;GASOLINE
134.0;299.0;649.0;1367.0;287.0;551.0;132.0;307.0;689.0;1471.0;302.0;562.0;375.0;-195.0;1692.0;-851.0;GASOLINE
136.0;304.0;659.0;1390.0;286.0;549.0;133.0;309.0;685.0;1478.0;302.0;562.0;387.0;-196.0;1712.0;-849.0;GASOLINE
136.0;302.0;653.0;1380.0;285.0;552.0;133.0;310.0;692.0;1489.0;302.0;565.0;386.0;-196.0;1704.0;-848.0;GASOLINE
135.0;302.0;657.0;1377.0;286.0;553.0;135.0;310.0;692.0;1484.0;302.0;564.0;389.0;-196.0;1696.0;-848.0;GASOLINE
135.0;303.0;657.0;1387.0;288.0;557.0;133.0;311.0;699.0;1498.0;304.0;570.0;377.0;-196.0;1683.0;-848.0;GASOLINE
136.0;302.0;659.0;1380.0;287.0;555.0;135.0;315.0;700.0;1502.0;306.0;569.0;378.0;-193.0;1694.0;-849.0;GASOLINE
137.0;306.0;661.0;1393.0;289.0;558.0;135.0;313.0;700.0;1511.0;305.0;570.0;380.0;-193.0;1694.0;-849.0;GASOLINE
137.0;306.0;664.0;1394.0;289.0;558.0;137.0;316.0;705.0;1510.0;307.0;571.0;385.0;-197.0;1713.0;-849.0;GASOLINE
137.0;307.0;663.0;1385.0;290.0;559.0;136.0;316.0;704.0;1507.0;306.0;569.0;389.0;-197.0;1710.0;-850.0;GASOLINE
136.0;307.0;664.0;1385.0;289.0;558.0;135.0;311.0;699.0;1503.0;305.0;571.0;363.0;-197.0;1700.0;-851.0;GASOLINE
138.0;308.0;667.0;1401.0;289.0;557.0;134.0;311.0;698.0;1495.0;303.0;569.0;380.0;-197.0;1705.0;-851.0;GASOLINE
137.0;306.0;664.0;1407.0;289.0;557.0;134.0;313.0;698.0;1496.0;305.0;567.0;387.0;-199.0;1713.0;-851.0;GASOLINE
136.0;305.0;662.0;1388.0;288.0;557.0;135.0;314.0;701.0;1495.0;306.0;571.0;385.0;-199.0;1700.0;-851.0;GASOLINE
138.0;306.0;665.0;1395.0;289.0;558.0;137.0;316.0;702.0;1503.0;308.0;573.0;379.0;-199.0;1699.0;-850.0;GASOLINE
135.0;302.0;657.0;1390.0;289.0;558.0;136.0;315.0;707.0;1513.0;307.0;572.0;384.0;-199.0;1700.0;-850.0;GASOLINE
134.0;302.0;658.0;1392.0;287.0;554.0;132.0;309.0;693.0;1489.0;304.0;571.0;379.0;-192.0;1702.0;-849.0;GASOLINE
136.0;303.0;658.0;1388.0;287.0;553.0;135.0;311.0;692.0;1482.0;303.0;566.0;389.0;-192.0;1708.0;-851.0;GASOLINE
137.0;305.0;654.0;1383.0;287.0;554.0;135.0;313.0;699.0;1497.0;303.0;567.0;371.0;-193.0;1688.0;-849.0;GASOLINE
134.0;302.0;658.0;1389.0;286.0;557.0;136.0;311.0;699.0;1504.0;304.0;569.0;384.0;-192.0;1701.0;-852.0;GASOLINE
137.0;307.0;665.0;1397.0;288.0;557.0;136.0;315.0;704.0;1508.0;304.0;568.0;386.0;-191.0;1696.0;-848.0;GASOLINE
136.0;305.0;664.0;1399.0;290.0;560.0;135.0;313.0;699.0;1504.0;309.0;572.0;385.0;-193.0;1701.0;-845.0;GASOLINE
136.0;305.0;661.0;1396.0;290.0;559.0;135.0;312.0;698.0;1505.0;305.0;571.0;394.0;-193.0;1715.0;-845.0;GASOLINE
137.0;308.0;668.0;1414.0;292.0;563.0;135.0;313.0;698.0;1497.0;307.0;575.0;383.0;-193.0;1711.0;-849.0;GASOLINE
138.0;310.0;668.0;1408.0;291.0;562.0;136.0;314.0;700.0;1500.0;305.0;573.0;382.0;-195.0;1701.0;-848.0;GASOLINE
137.0;306.0;662.0;1396.0;290.0;560.0;135.0;312.0;697.0;1502.0;305.0;573.0;371.0;-195.0;1685.0;-849.0;GASOLINE
136.0;303.0;659.0;1388.0;288.0;560.0;137.0;314.0;705.0;1507.0;307.0;572.0;386.0;-196.0;1698.0;-849.0;GASOLINE
138.0;308.0;669.0;1415.0;292.0;561.0;136.0;314.0;703.0;1512.0;307.0;573.0;373.0;-196.0;1697.0;-849.0;GASOLINE
137.0;306.0;665.0;1404.0;292.0;560.0;137.0;317.0;710.0;1523.0;309.0;572.0;372.0;-195.0;1697.0;-848.0;GASOLINE
137.0;306.0;665.0;1408.0;293.0;565.0;138.0;315.0;709.0;1515.0;311.0;579.0;389.0;-194.0;1708.0;-848.0;GASOLINE
139.0;309.0;669.0;1412.0;292.0;564.0;136.0;317.0;706.0;1525.0;307.0;574.0;387.0;-194.0;1693.0;-846.0;GASOLINE
138.0;309.0;667.0;1395.0;292.0;560.0;138.0;316.0;709.0;1511.0;308.0;576.0;382.0;-191.0;1699.0;-846.0;GASOLINE
138.0;307.0;667.0;1404.0;290.0;560.0;137.0;318.0;707.0;1515.0;309.0;573.0;381.0;-191.0;1690.0;-846.0;GASOLINE
137.0;307.0;668.0;1402.0;290.0;564.0;138.0;318.0;712.0;1542.0;313.0;579.0;377.0;-191.0;1691.0;-846.0;GASOLINE
138.0;309.0;673.0;1412.0;293.0;569.0;140.0;324.0;719.0;1545.0;310.0;583.0;385.0;-200.0;1707.0;-848.0;GASOLINE
138.0;308.0;673.0;1424.0;295.0;572.0;140.0;323.0;725.0;1552.0;316.0;585.0;397.0;-192.0;1708.0;-848.0;GASOLINE
140.0;312.0;679.0;1433.0;298.0;577.0;142.0;329.0;731.0;1559.0;319.0;594.0;380.0;-196.0;1689.0;-850.0;GASOLINE
140.0;314.0;684.0;1441.0;300.0;577.0;141.0;326.0;731.0;1568.0;317.0;592.0;368.0;-196.0;1703.0;-848.0;GASOLINE
141.0;317.0;690.0;1445.0;301.0;580.0;142.0;328.0;737.0;1573.0;318.0;593.0;382.0;-196.0;1699.0;-846.0;GASOLINE
142.0;317.0;691.0;1450.0;302.0;578.0;139.0;324.0;726.0;1555.0;318.0;590.0;372.0;-196.0;1689.0;-846.0;GASOLINE
141.0;317.0;684.0;1439.0;298.0;576.0;140.0;323.0;724.0;1559.0;317.0;587.0;383.0;-197.0;1696.0;-849.0;GASOLINE
140.0;314.0;684.0;1435.0;297.0;575.0;139.0;324.0;731.0;1559.0;318.0;588.0;382.0;-197.0;1695.0;-849.0;GASOLINE
142.0;315.0;687.0;1446.0;299.0;577.0;141.0;327.0;728.0;1559.0;316.0;591.0;376.0;-197.0;1690.0;-851.0;GASOLINE
141.0;317.0;689.0;1453.0;300.0;578.0;142.0;329.0;731.0;1563.0;319.0;588.0;377.0;-196.0;1698.0;-851.0;GASOLINE
140.0;312.0;677.0;1432.0;298.0;578.0;142.0;326.0;724.0;1545.0;317.0;591.0;394.0;-196.0;1702.0;-853.0;GASOLINE
140.0;315.0;683.0;1440.0;299.0;577.0;142.0;327.0;729.0;1558.0;318.0;591.0;382.0;-195.0;1713.0;-853.0;GASOLINE
143.0;319.0;691.0;1457.0;301.0;579.0;142.0;328.0;732.0;1559.0;316.0;592.0;389.0;-195.0;1704.0;-854.0;GASOLINE
143.0;318.0;692.0;1451.0;299.0;579.0;142.0;328.0;733.0;1559.0;317.0;594.0;382.0;-195.0;1705.0;-857.0;GASOLINE
144.0;320.0;691.0;1451.0;300.0;578.0;146.0;332.0;736.0;1572.0;317.0;591.0;391.0;-195.0;1702.0;-857.0;GASOLINE
143.0;318.0;689.0;1455.0;301.0;579.0;140.0;324.0;729.0;1565.0;319.0;597.0;378.0;-195.0;1697.0;-854.0;GASOLINE
142.0;317.0;689.0;1456.0;301.0;578.0;144.0;331.0;736.0;1567.0;317.0;589.0;395.0;-197.0;1716.0;-854.0;GASOLINE
142.0;317.0;687.0;1446.0;299.0;579.0;144.0;327.0;730.0;1555.0;318.0;593.0;387.0;-198.0;1709.0;-854.0;GASOLINE
143.0;318.0;691.0;1453.0;301.0;581.0;143.0;330.0;734.0;1573.0;319.0;596.0;388.0;-198.0;1718.0;-853.0;GASOLINE
142.0;317.0;689.0;1457.0;302.0;582.0;143.0;329.0;730.0;1571.0;316.0;593.0;390.0;-198.0;1711.0;-853.0;GASOLINE
141.0;316.0;691.0;1457.0;303.0;584.0;144.0;331.0;740.0;1583.0;322.0;603.0;374.0;-198.0;1696.0;-853.0;GASOLINE
145.0;323.0;698.0;1471.0;305.0;588.0;144.0;332.0;741.0;1580.0;322.0;603.0;382.0;-195.0;1709.0;-853.0;GASOLINE
143.0;321.0;698.0;1464.0;303.0;585.0;143.0;330.0;737.0;1578.0;320.0;596.0;387.0;-192.0;1706.0;-847.0;GASOLINE
141.0;318.0;693.0;1460.0;303.0;584.0;145.0;336.0;743.0;1582.0;322.0;598.0;389.0;-192.0;1703.0;-847.0;GASOLINE
144.0;322.0;696.0;1459.0;303.0;584.0;143.0;332.0;735.0;1570.0;319.0;601.0;376.0;-192.0;1698.0;-849.0;GASOLINE
143.0;321.0;699.0;1463.0;304.0;585.0;144.0;333.0;740.0;1592.0;321.0;599.0;381.0;-192.0;1700.0;-849.0;GASOLINE
144.0;321.0;695.0;1472.0;305.0;585.0;141.0;331.0;739.0;1584.0;321.0;597.0;380.0;-193.0;1692.0;-851.0;GASOLINE
143.0;320.0;694.0;1457.0;303.0;586.0;141.0;331.0;739.0;1590.0;320.0;599.0;377.0;-193.0;1688.0;-851.0;GASOLINE
143.0;319.0;693.0;1458.0;301.0;586.0;142.0;330.0;732.0;1577.0;321.0;601.0;375.0;-197.0;1700.0;-852.0;GASOLINE
142.0;319.0;693.0;1458.0;304.0;583.0;143.0;333.0;739.0;1590.0;324.0;601.0;381.0;-193.0;1692.0;-852.0;GASOLINE
145.0;323.0;697.0;1464.0;301.0;585.0;143.0;331.0;736.0;1583.0;319.0;597.0;383.0;-193.0;1701.0;-843.0;GASOLINE
143.0;320.0;696.0;1468.0;305.0;585.0;145.0;334.0;745.0;1591.0;322.0;600.0;384.0;-193.0;1689.0;-843.0;GASOLINE
144.0;321.0;696.0;1468.0;303.0;586.0;146.0;337.0;747.0;1600.0;322.0;600.0;384.0;-193.0;1697.0;-849.0;GASOLINE
143.0;320.0;695.0;1461.0;301.0;581.0;142.0;329.0;733.0;1572.0;317.0;598.0;396.0;-193.0;1697.0;-849.0;GASOLINE
144.0;320.0;695.0;1454.0;301.0;584.0;145.0;333.0;740.0;1581.0;321.0;597.0;384.0;-195.0;1694.0;-849.0;GASOLINE
143.0;319.0;691.0;1460.0;304.0;586.0;146.0;334.0;743.0;1594.0;323.0;601.0;379.0;-195.0;1710.0;-849.0;GASOLINE
143.0;320.0;699.0;1468.0;302.0;584.0;144.0;334.0;747.0;1589.0;323.0;601.0;383.0;-195.0;1694.0;-851.0;GASOLINE
143.0;319.0;695.0;1467.0;302.0;587.0;146.0;334.0;744.0;1595.0;324.0;604.0;385.0;-195.0;1707.0;-851.0;GASOLINE
144.0;322.0;699.0;1471.0;307.0;592.0;150.0;344.0;761.0;1627.0;329.0;612.0;385.0;-201.0;1713.0;-851.0;GASOLINE
147.0;328.0;712.0;1491.0;311.0;596.0;149.0;340.0;756.0;1623.0;328.0;609.0;374.0;-198.0;1706.0;-852.0;GASOLINE
145.0;324.0;706.0;1487.0;310.0;600.0;149.0;343.0;765.0;1624.0;329.0;609.0;394.0;-198.0;1705.0;-852.0;GASOLINE
149.0;328.0;708.0;1496.0;310.0;597.0;150.0;345.0;761.0;1629.0;329.0;613.0;383.0;-198.0;1704.0;-845.0;GASOLINE
147.0;328.0;710.0;1490.0;309.0;598.0;148.0;342.0;760.0;1618.0;330.0;614.0;373.0;-198.0;1693.0;-852.0;GASOLINE
146.0;327.0;710.0;1486.0;309.0;599.0;151.0;344.0;767.0;1629.0;329.0;612.0;383.0;-194.0;1707.0;-849.0;GASOLINE
147.0;326.0;710.0;1494.0;310.0;600.0;147.0;341.0;755.0;1628.0;329.0;611.0;380.0;-191.0;1697.0;-849.0;GASOLINE
147.0;328.0;709.0;1485.0;309.0;598.0;151.0;343.0;764.0;1634.0;329.0;611.0;388.0;-191.0;1702.0;-856.0;GASOLINE
146.0;326.0;710.0;1495.0;310.0;599.0;152.0;345.0;766.0;1630.0;330.0;616.0;372.0;-192.0;1712.0;-856.0;GASOLINE
147.0;328.0;713.0;1503.0;312.0;605.0;153.0;349.0;772.0;1642.0;334.0;620.0;387.0;-192.0;1715.0;-857.0;GASOLINE
149.0;329.0;723.0;1515.0;315.0;605.0;151.0;346.0;778.0;1651.0;333.0;618.0;391.0;-193.0;1709.0;-857.0;GASOLINE
146.0;329.0;712.0;1500.0;312.0;603.0;152.0;349.0;774.0;1641.0;334.0;620.0;381.0;-193.0;1718.0;-856.0;GASOLINE
150.0;333.0;722.0;1512.0;313.0;602.0;151.0;349.0;772.0;1642.0;332.0;615.0;379.0;-192.0;1708.0;-853.0;GASOLINE
149.0;331.0;719.0;1507.0;313.0;602.0;149.0;342.0;759.0;1623.0;330.0;612.0;375.0;-193.0;1694.0;-849.0;GASOLINE
147.0;328.0;714.0;1497.0;310.0;596.0;147.0;342.0;760.0;1620.0;331.0;612.0;379.0;-192.0;1698.0;-849.0;GASOLINE
148.0;329.0;710.0;1500.0;310.0;597.0;149.0;342.0;760.0;1623.0;329.0;611.0;377.0;-192.0;1699.0;-849.0;GASOLINE
147.0;329.0;719.0;1500.0;310.0;595.0;151.0;346.0;766.0;1623.0;330.0;612.0;377.0;-192.0;1703.0;-849.0;GASOLINE
147.0;327.0;707.0;1488.0;309.0;593.0;149.0;339.0;752.0;1598.0;326.0;609.0;381.0;-195.0;1704.0;-850.0;GASOLINE
148.0;328.0;711.0;1490.0;308.0;593.0;150.0;341.0;754.0;1605.0;325.0;609.0;391.0;-192.0;1711.0;-850.0;GASOLINE
146.0;325.0;706.0;1491.0;307.0;593.0;148.0;342.0;760.0;1617.0;327.0;608.0;384.0;-192.0;1700.0;-850.0;GASOLINE
145.0;326.0;708.0;1485.0;309.0;596.0;147.0;339.0;756.0;1614.0;326.0;614.0;380.0;-192.0;1715.0;-853.0;GASOLINE
146.0;327.0;713.0;1489.0;308.0;598.0;151.0;347.0;765.0;1634.0;329.0;613.0;381.0;-192.0;1703.0;-853.0;GASOLINE
148.0;331.0;712.0;1507.0;311.0;600.0;152.0;349.0;768.0;1638.0;331.0;616.0;378.0;-192.0;1716.0;-850.0;GASOLINE
149.0;332.0;719.0;1506.0;313.0;599.0;150.0;344.0;761.0;1633.0;331.0;617.0;387.0;-193.0;1714.0;-853.0;GASOLINE
151.0;335.0;723.0;1514.0;313.0;604.0;150.0;347.0;765.0;1642.0;332.0;620.0;379.0;-193.0;1706.0;-850.0;GASOLINE
149.0;331.0;719.0;1519.0;315.0;607.0;150.0;349.0;776.0;1654.0;334.0;619.0;368.0;-193.0;1690.0;-850.0;GASOLINE
149.0;333.0;722.0;1509.0;311.0;598.0;147.0;339.0;762.0;1631.0;328.0;612.0;380.0;-195.0;1684.0;-850.0;GASOLINE
148.0;329.0;714.0;1497.0;311.0;598.0;149.0;342.0;762.0;1619.0;330.0;612.0;379.0;-195.0;1700.0;-850.0;GASOLINE
147.0;328.0;709.0;1495.0;311.0;596.0;149.0;343.0;761.0;1630.0;330.0;610.0;377.0;-191.0;1705.0;-849.0;GASOLINE
148.0;330.0;709.0;1494.0;309.0;596.0;149.0;340.0;760.0;1621.0;327.0;610.0;379.0;-195.0;1696.0;-849.0;GASOLINE
148.0;331.0;715.0;1489.0;309.0;593.0;146.0;336.0;747.0;1614.0;324.0;607.0;369.0;-195.0;1694.0;-849.0;GASOLINE
147.0;325.0;704.0;1476.0;307.0;594.0;149.0;343.0;763.0;1619.0;328.0;612.0;383.0;-196.0;1697.0;-849.0;GASOLINE
146.0;325.0;706.0;1483.0;310.0;593.0;147.0;339.0;758.0;1620.0;328.0;607.0;382.0;-196.0;1713.0;-849.0;GASOLINE
146.0;328.0;708.0;1486.0;309.0;597.0;148.0;341.0;759.0;1620.0;327.0;607.0;378.0;-196.0;1699.0;-852.0;GASOLINE
148.0;331.0;715.0;1499.0;311.0;601.0;149.0;344.0;766.0;1643.0;329.0;613.0;371.0;-196.0;1694.0;-852.0;GASOLINE
148.0;329.0;717.0;1505.0;311.0;604.0;151.0;350.0;768.0;1645.0;331.0;615.0;381.0;-196.0;1701.0;-852.0;GASOLINE
146.0;326.0;707.0;1490.0;309.0;599.0;149.0;344.0;763.0;1624.0;330.0;614.0;380.0;-192.0;1703.0;-851.0;GASOLINE
149.0;329.0;715.0;1497.0;311.0;598.0;150.0;345.0;766.0;1634.0;329.0;612.0;387.0;-191.0;1695.0;-851.0;GASOLINE
147.0;327.0;710.0;1499.0;311.0;596.0;152.0;345.0;764.0;1624.0;330.0;613.0;387.0;-192.0;1710.0;-850.0;GASOLINE
148.0;327.0;712.0;1498.0;310.0;596.0;149.0;340.0;760.0;1619.0;328.0;608.0;378.0;-191.0;1703.0;-851.0;GASOLINE
148.0;330.0;711.0;1485.0;309.0;596.0;152.0;347.0;767.0;1623.0;329.0;609.0;383.0;-191.0;1707.0;-851.0;GASOLINE
147.0;327.0;711.0;1493.0;308.0;597.0;148.0;340.0;755.0;1607.0;326.0;610.0;369.0;-191.0;1704.0;-851.0;GASOLINE
146.0;326.0;712.0;1491.0;310.0;595.0;150.0;343.0;763.0;1619.0;327.0;609.0;380.0;-191.0;1707.0;-849.0;GASOLINE
147.0;329.0;711.0;1499.0;311.0;600.0;149.0;344.0;760.0;1635.0;332.0;609.0;379.0;-189.0;1696.0;-849.0;GASOLINE
146.0;327.0;711.0;1492.0;310.0;596.0;151.0;346.0;766.0;1623.0;329.0;613.0;378.0;-191.0;1699.0;-849.0;GASOLINE
149.0;330.0;718.0;1507.0;313.0;605.0;150.0;343.0;764.0;1634.0;333.0;619.0;385.0;-192.0;1694.0;-849.0;GASOLINE
149.0;331.0;717.0;1508.0;313.0;605.0;151.0;346.0;770.0;1639.0;333.0;617.0;383.0;-199.0;1703.0;-849.0;GASOLINE
148.0;330.0;718.0;1516.0;314.0;608.0;151.0;349.0;775.0;1649.0;334.0;625.0;373.0;-196.0;1701.0;-852.0;GASOLINE
148.0;332.0;720.0;1515.0;314.0;608.0;155.0;352.0;783.0;1658.0;334.0;623.0;387.0;-196.0;1709.0;-852.0;GASOLINE
149.0;332.0;722.0;1520.0;316.0;606.0;152.0;348.0;774.0;1652.0;335.0;619.0;376.0;-196.0;1708.0;-852.0;GASOLINE
149.0;332.0;721.0;1515.0;313.0;607.0;151.0;347.0;769.0;1646.0;333.0;622.0;390.0;-196.0;1714.0;-852.0;GASOLINE
150.0;334.0;720.0;1516.0;314.0;606.0;152.0;348.0;772.0;1647.0;334.0;621.0;386.0;-196.0;1705.0;-852.0;GASOLINE
150.0;333.0;720.0;1515.0;314.0;604.0;151.0;348.0;775.0;1645.0;333.0;621.0;392.0;-193.0;1713.0;-850.0;GASOLINE
148.0;330.0;717.0;1505.0;314.0;602.0;150.0;345.0;764.0;1625.0;330.0;619.0;387.0;-198.0;1717.0;-850.0;GASOLINE
151.0;335.0;725.0;1518.0;315.0;605.0;151.0;345.0;766.0;1642.0;333.0;616.0;385.0;-195.0;1715.0;-850.0;GASOLINE
149.0;333.0;720.0;1521.0;315.0;609.0;153.0;352.0;788.0;1670.0;337.0;625.0;376.0;-198.0;1703.0;-851.0;GASOLINE
151.0;337.0;733.0;1534.0;315.0;611.0;151.0;346.0;766.0;1651.0;336.0;625.0;374.0;-198.0;1690.0;-853.0;GASOLINE
151.0;334.0;726.0;1527.0;315.0;609.0;153.0;352.0;782.0;1666.0;335.0;622.0;377.0;-201.0;1696.0;-853.0;GASOLINE
149.0;331.0;720.0;1526.0;317.0;610.0;154.0;351.0;778.0;1666.0;336.0;623.0;384.0;-201.0;1715.0;-853.0;GASOLINE
151.0;336.0;727.0;1515.0;316.0;606.0;151.0;344.0;768.0;1644.0;333.0;621.0;375.0;-201.0;1718.0;-852.0;GASOLINE
150.0;335.0;725.0;1527.0;315.0;608.0;151.0;348.0;768.0;1651.0;332.0;620.0;380.0;-195.0;1708.0;-852.0;GASOLINE
148.0;331.0;717.0;1503.0;313.0;605.0;149.0;346.0;773.0;1649.0;333.0;618.0;368.0;-195.0;1700.0;-852.0;GASOLINE
146.0;327.0;711.0;1507.0;313.0;605.0;152.0;347.0;771.0;1644.0;333.0;618.0;379.0;-194.0;1699.0;-852.0;GASOLINE
148.0;332.0;719.0;1520.0;314.0;610.0;153.0;354.0;780.0;1673.0;336.0;622.0;376.0;-194.0;1692.0;-852.0;GASOLINE
150.0;334.0;726.0;1528.0;315.0;608.0;154.0;352.0;782.0;1661.0;336.0;626.0;384.0;-193.0;1714.0;-852.0;GASOLINE
149.0;334.0;726.0;1533.0;320.0;615.0;156.0;354.0;789.0;1689.0;342.0;633.0;374.0;-195.0;1703.0;-852.0;GASOLINE
153.0;342.0;735.0;1544.0;320.0;614.0;158.0;358.0;790.0;1685.0;341.0;630.0;386.0;-194.0;1711.0;-853.0;GASOLINE
152.0;339.0;731.0;1535.0;319.0;613.0;155.0;359.0;790.0;1684.0;340.0;630.0;373.0;-195.0;1701.0;-850.0;GASOLINE
151.0;339.0;734.0;1538.0;317.0;613.0;151.0;348.0;777.0;1664.0;334.0;624.0;373.0;-200.0;1703.0;-853.0;GASOLINE
151.0;336.0;728.0;1520.0;315.0;609.0;153.0;350.0;773.0;1647.0;335.0;623.0;385.0;-200.0;1712.0;-853.0;GASOLINE
151.0;336.0;730.0;1525.0;315.0;610.0;154.0;353.0;783.0;1656.0;334.0;627.0;376.0;-196.0;1701.0;-853.0;GASOLINE
151.0;334.0;728.0;1530.0;316.0;610.0;151.0;351.0;782.0;1667.0;339.0;628.0;382.0;-201.0;1722.0;-856.0;GASOLINE
153.0;340.0;739.0;1555.0;323.0;617.0;156.0;357.0;786.0;1686.0;341.0;633.0;384.0;-199.0;1702.0;-858.0;GASOLINE
153.0;340.0;736.0;1549.0;321.0;618.0;157.0;359.0;792.0;1688.0;340.0;629.0;384.0;-196.0;1711.0;-858.0;GASOLINE
153.0;341.0;735.0;1551.0;318.0;615.0;154.0;355.0;788.0;1677.0;338.0;630.0;375.0;-199.0;1702.0;-857.0;GASOLINE
153.0;340.0;738.0;1545.0;320.0;616.0;154.0;357.0;786.0;1678.0;339.0;630.0;385.0;-199.0;1711.0;-857.0;GASOLINE
152.0;339.0;736.0;1545.0;321.0;618.0;156.0;357.0;793.0;1693.0;343.0;634.0;373.0;-199.0;1710.0;-853.0;GASOLINE
152.0;339.0;734.0;1547.0;321.0;618.0;158.0;358.0;799.0;1689.0;343.0;631.0;385.0;-198.0;1727.0;-853.0;GASOLINE
154.0;343.0;742.0;1557.0;322.0;619.0;154.0;355.0;783.0;1679.0;340.0;635.0;378.0;-199.0;1708.0;-855.0;GASOLINE
155.0;344.0;744.0;1555.0;323.0;620.0;157.0;360.0;802.0;1695.0;341.0;633.0;381.0;-198.0;1717.0;-855.0;GASOLINE
153.0;341.0;739.0;1548.0;322.0;622.0;157.0;361.0;795.0;1695.0;341.0;636.0;386.0;-197.0;1706.0;-855.0;GASOLINE
154.0;342.0;742.0;1560.0;322.0;621.0;155.0;359.0;794.0;1695.0;343.0;637.0;387.0;-198.0;1718.0;-858.0;GASOLINE
152.0;339.0;741.0;1544.0;322.0;624.0;158.0;363.0;800.0;1697.0;344.0;638.0;380.0;-199.0;1714.0;-855.0;GASOLINE
155.0;345.0;748.0;1572.0;325.0;622.0;159.0;364.0;802.0;1695.0;343.0;638.0;381.0;-200.0;1709.0;-853.0;GASOLINE
155.0;346.0;746.0;1560.0;323.0;622.0;156.0;358.0;790.0;1681.0;340.0;635.0;389.0;-200.0;1712.0;-853.0;GASOLINE
153.0;341.0;743.0;1559.0;321.0;621.0;156.0;358.0;797.0;1696.0;343.0;636.0;386.0;-200.0;1705.0;-857.0;GASOLINE
152.0;339.0;737.0;1550.0;321.0;621.0;159.0;363.0;799.0;1691.0;343.0;639.0;385.0;-199.0;1716.0;-853.0;GASOLINE
152.0;339.0;737.0;1555.0;325.0;621.0;158.0;362.0;801.0;1694.0;345.0;640.0;379.0;-193.0;1707.0;-856.0;GASOLINE
153.0;343.0;741.0;1557.0;325.0;623.0;158.0;364.0;805.0;1704.0;343.0;636.0;392.0;-193.0;1717.0;-856.0;GASOLINE
154.0;341.0;742.0;1559.0;324.0;623.0;159.0;366.0;805.0;1723.0;344.0;638.0;385.0;-198.0;1727.0;-856.0;GASOLINE
153.0;341.0;738.0;1555.0;325.0;623.0;161.0;365.0;813.0;1723.0;346.0;642.0;379.0;-198.0;1717.0;-856.0;GASOLINE
155.0;347.0;747.0;1572.0;327.0;626.0;162.0;370.0;811.0;1717.0;348.0;643.0;385.0;-198.0;1720.0;-856.0;GASOLINE
156.0;345.0;752.0;1578.0;327.0;632.0;160.0;365.0;816.0;1729.0;349.0;648.0;379.0;-199.0;1714.0;-855.0;GASOLINE
155.0;346.0;751.0;1577.0;327.0;630.0;160.0;364.0;805.0;1724.0;346.0;643.0;390.0;-199.0;1719.0;-855.0;GASOLINE
155.0;345.0;747.0;1562.0;327.0;628.0;158.0;365.0;810.0;1723.0;347.0;648.0;374.0;-197.0;1709.0;-855.0;GASOLINE
155.0;344.0;747.0;1573.0;326.0;631.0;160.0;366.0;810.0;1729.0;348.0;646.0;381.0;-197.0;1711.0;-855.0;GASOLINE
155.0;346.0;749.0;1579.0;326.0;626.0;158.0;362.0;805.0;1717.0;347.0;641.0;376.0;-197.0;1702.0;-855.0;GASOLINE
155.0;345.0;750.0;1567.0;325.0;627.0;160.0;367.0;815.0;1725.0;347.0;644.0;378.0;-197.0;1706.0;-853.0;GASOLINE
155.0;348.0;753.0;1587.0;327.0;629.0;160.0;367.0;811.0;1725.0;345.0;643.0;383.0;-197.0;1705.0;-855.0;GASOLINE
155.0;345.0;745.0;1568.0;324.0;625.0;159.0;364.0;801.0;1716.0;346.0;639.0;381.0;-197.0;1703.0;-855.0;GASOLINE
154.0;342.0;741.0;1560.0;322.0;623.0;158.0;360.0;795.0;1697.0;346.0;641.0;380.0;-197.0;1718.0;-856.0;GASOLINE
158.0;351.0;756.0;1589.0;326.0;626.0;162.0;370.0;814.0;1726.0;348.0;643.0;393.0;-197.0;1717.0;-856.0;GASOLINE
156.0;346.0;752.0;1569.0;326.0;629.0;159.0;363.0;805.0;1715.0;347.0;643.0;380.0;-199.0;1716.0;-856.0;GASOLINE
155.0;346.0;751.0;1575.0;328.0;631.0;163.0;374.0;822.0;1749.0;352.0;649.0;380.0;-197.0;1717.0;-856.0;GASOLINE
156.0;349.0;755.0;1584.0;329.0;635.0;162.0;369.0;817.0;1740.0;350.0;649.0;384.0;-197.0;1713.0;-855.0;GASOLINE
156.0;348.0;752.0;1583.0;328.0;631.0;158.0;367.0;816.0;1725.0;349.0;647.0;379.0;-199.0;1710.0;-855.0;GASOLINE
156.0;347.0;752.0;1574.0;325.0;630.0;158.0;366.0;815.0;1729.0;348.0;645.0;384.0;-197.0;1715.0;-856.0;GASOLINE
158.0;351.0;763.0;1601.0;330.0;636.0;162.0;369.0;816.0;1739.0;351.0;651.0;381.0;-197.0;1721.0;-857.0;GASOLINE
156.0;349.0;758.0;1593.0;330.0;633.0;163.0;372.0;822.0;1743.0;351.0;654.0;378.0;-200.0;1715.0;-858.0;GASOLINE
157.0;351.0;763.0;1596.0;330.0;635.0;161.0;372.0;824.0;1739.0;350.0;651.0;373.0;-200.0;1711.0;-860.0;GASOLINE
158.0;354.0;764.0;1603.0;332.0;638.0;164.0;374.0;822.0;1754.0;355.0;651.0;385.0;-197.0;1717.0;-858.0;GASOLINE
160.0;355.0;771.0;1614.0;332.0;640.0;164.0;374.0;827.0;1752.0;355.0;655.0;389.0;-197.0;1733.0;-859.0;GASOLINE
158.0;351.0;763.0;1608.0;332.0;643.0;165.0;374.0;824.0;1753.0;355.0;654.0;389.0;-194.0;1716.0;-858.0;GASOLINE
161.0;355.0;767.0;1614.0;333.0;639.0;163.0;375.0;830.0;1765.0;353.0;658.0;381.0;-194.0;1717.0;-856.0;GASOLINE
157.0;351.0;761.0;1601.0;335.0;641.0;167.0;379.0;836.0;1750.0;354.0;657.0;385.0;-194.0;1711.0;-854.0;GASOLINE
159.0;354.0;766.0;1609.0;333.0;642.0;163.0;373.0;829.0;1751.0;356.0;659.0;390.0;-194.0;1720.0;-854.0;GASOLINE
161.0;355.0;767.0;1612.0;334.0;641.0;162.0;374.0;825.0;1751.0;355.0;656.0;371.0;-198.0;1706.0;-854.0;GASOLINE
159.0;353.0;765.0;1604.0;333.0;641.0;163.0;375.0;830.0;1760.0;357.0;657.0;377.0;-198.0;1714.0;-854.0;GASOLINE
159.0;353.0;766.0;1607.0;333.0;641.0;166.0;375.0;828.0;1757.0;352.0;654.0;373.0;-198.0;1719.0;-855.0;GASOLINE
159.0;355.0;767.0;1602.0;333.0;641.0;164.0;378.0;836.0;1765.0;353.0;654.0;387.0;-201.0;1730.0;-863.0;GASOLINE
159.0;356.0;772.0;1609.0;333.0;640.0;163.0;374.0;828.0;1741.0;352.0;658.0;386.0;-196.0;1709.0;-863.0;GASOLINE
160.0;357.0;773.0;1615.0;334.0;641.0;164.0;376.0;831.0;1764.0;357.0;659.0;379.0;-195.0;1721.0;-863.0;GASOLINE
161.0;357.0;773.0;1616.0;333.0;642.0;165.0;375.0;830.0;1762.0;354.0;655.0;383.0;-195.0;1722.0;-855.0;GASOLINE
158.0;355.0;766.0;1606.0;332.0;639.0;165.0;374.0;824.0;1743.0;353.0;656.0;382.0;-195.0;1717.0;-851.0;GASOLINE
159.0;356.0;767.0;1615.0;334.0;639.0;163.0;372.0;824.0;1751.0;351.0;651.0;380.0;-195.0;1720.0;-851.0;GASOLINE
158.0;353.0;762.0;1606.0;333.0;639.0;163.0;375.0;827.0;1754.0;354.0;653.0;379.0;-195.0;1720.0;-855.0;GASOLINE
159.0;354.0;765.0;1606.0;333.0;639.0;163.0;372.0;825.0;1755.0;353.0;655.0;386.0;-198.0;1704.0;-856.0;GASOLINE
157.0;352.0;756.0;1599.0;331.0;638.0;161.0;373.0;824.0;1751.0;352.0;656.0;388.0;-199.0;1720.0;-856.0;GASOLINE
158.0;351.0;760.0;1603.0;334.0;642.0;167.0;380.0;839.0;1775.0;355.0;657.0;382.0;-199.0;1728.0;-856.0;GASOLINE
158.0;353.0;762.0;1608.0;335.0;648.0;168.0;384.0;846.0;1780.0;358.0;662.0;393.0;-199.0;1723.0;-860.0;GASOLINE
161.0;360.0;774.0;1621.0;336.0;647.0;169.0;382.0;841.0;1779.0;358.0;666.0;386.0;-199.0;1729.0;-859.0;GASOLINE
162.0;360.0;778.0;1622.0;337.0;647.0;166.0;381.0;841.0;1786.0;358.0;667.0;376.0;-198.0;1713.0;-859.0;GASOLINE
161.0;359.0;774.0;1626.0;338.0;648.0;167.0;379.0;838.0;1783.0;357.0;662.0;376.0;-191.0;1701.0;-856.0;GASOLINE
161.0;358.0;776.0;1624.0;337.0;643.0;167.0;381.0;831.0;1771.0;358.0;663.0;390.0;-192.0;1727.0;-856.0;GASOLINE
161.0;358.0;777.0;1625.0;337.0;648.0;168.0;385.0;846.0;1788.0;360.0;667.0;392.0;-192.0;1722.0;-856.0;GASOLINE
163.0;361.0;781.0;1642.0;338.0;652.0;168.0;382.0;848.0;1791.0;360.0;670.0;391.0;-192.0;1720.0;-854.0;GASOLINE
161.0;360.0;774.0;1630.0;337.0;652.0;168.0;383.0;850.0;1802.0;362.0;669.0;381.0;-192.0;1717.0;-856.0;GASOLINE
162.0;362.0;782.0;1636.0;340.0;653.0;167.0;382.0;847.0;1799.0;361.0;669.0;374.0;-193.0;1712.0;-857.0;GASOLINE
161.0;360.0;782.0;1643.0;340.0;652.0;169.0;385.0;845.0;1795.0;364.0;672.0;385.0;-193.0;1730.0;-858.0;GASOLINE
162.0;361.0;784.0;1647.0;343.0;655.0;171.0;388.0;855.0;1809.0;364.0;671.0;385.0;-193.0;1723.0;-860.0;GASOLINE
165.0;368.0;797.0;1672.0;344.0;655.0;172.0;390.0;861.0;1813.0;363.0;671.0;393.0;-193.0;1727.0;-860.0;GASOLINE
162.0;358.0;779.0;1636.0;340.0;656.0;167.0;383.0;847.0;1796.0;363.0;674.0;381.0;-193.0;1716.0;-860.0;GASOLINE
161.0;360.0;779.0;1637.0;339.0;652.0;171.0;386.0;848.0;1800.0;361.0;668.0;388.0;-193.0;1717.0;-859.0;GASOLINE
160.0;357.0;777.0;1633.0;338.0;650.0;168.0;383.0;847.0;1781.0;360.0;666.0;382.0;-193.0;1721.0;-859.0;GASOLINE
163.0;363.0;783.0;1642.0;340.0;651.0;168.0;384.0;843.0;1786.0;359.0;665.0;388.0;-196.0;1719.0;-859.0;GASOLINE
163.0;360.0;782.0;1636.0;339.0;652.0;170.0;382.0;845.0;1790.0;363.0;670.0;384.0;-199.0;1724.0;-858.0;GASOLINE
163.0;363.0;783.0;1647.0;340.0;652.0;170.0;383.0;842.0;1784.0;361.0;668.0;388.0;-199.0;1723.0;-858.0;GASOLINE
164.0;364.0;791.0;1652.0;339.0;655.0;170.0;387.0;851.0;1795.0;363.0;667.0;383.0;-200.0;1701.0;-858.0;GASOLINE
162.0;360.0;781.0;1644.0;340.0;653.0;168.0;387.0;845.0;1789.0;361.0;670.0;384.0;-200.0;1720.0;-857.0;GASOLINE
162.0;360.0;780.0;1637.0;341.0;655.0;169.0;385.0;847.0;1793.0;361.0;672.0;372.0;-197.0;1713.0;-855.0;GASOLINE
165.0;369.0;795.0;1658.0;343.0;658.0;171.0;389.0;856.0;1813.0;365.0;676.0;386.0;-197.0;1721.0;-855.0;GASOLINE
163.0;364.0;785.0;1647.0;342.0;658.0;172.0;392.0;856.0;1806.0;365.0;674.0;390.0;-200.0;1712.0;-857.0;GASOLINE
164.0;363.0;786.0;1644.0;340.0;656.0;170.0;386.0;854.0;1798.0;364.0;674.0;386.0;-197.0;1726.0;-855.0;GASOLINE
162.0;361.0;779.0;1644.0;343.0;657.0;173.0;393.0;863.0;1818.0;365.0;671.0;374.0;-199.0;1722.0;-858.0;GASOLINE
164.0;363.0;787.0;1653.0;342.0;659.0;171.0;387.0;855.0;1815.0;363.0;673.0;384.0;-199.0;1733.0;-858.0;GASOLINE
162.0;361.0;779.0;1644.0;343.0;657.0;173.0;393.0;863.0;1818.0;365.0;671.0;374.0;-199.0;1722.0;-860.0;GASOLINE
162.0;361.0;785.0;1660.0;342.0;657.0;168.0;388.0;857.0;1821.0;364.0;671.0;377.0;-199.0;1713.0;-860.0;GASOLINE
161.0;362.0;780.0;1639.0;341.0;658.0;172.0;390.0;860.0;1813.0;365.0;672.0;384.0;-208.0;1719.0;-864.0;GASOLINE
