OFFCHIP_SENSIMOX_SnAu_150_200.0_IN-PHASE;OFFCHIP_SENSIMOX_SnAu_200_200.0_IN-PHASE;OFFCHIP_SENSIMOX_SnAu_250_200.0_IN-PHASE;OFFCHIP_SENSIMOX_SnAu_300_200.0_IN-PHASE;OFFCHIP_SENSIMOX_SnAu_350_200.0_IN-PHASE;OFFCHIP_SENSIMOX_SnAu_400_200.0_IN-PHASE;OFFCHIP_SENSIMOX_SnAu_150_78125.0_IN-PHASE;OFFCHIP_SENSIMOX_SnAu_200_78125.0_IN-PHASE;OFFCHIP_SENSIMOX_SnAu_250_78125.0_IN-PHASE;OFFCHIP_SENSIMOX_SnAu_300_78125.0_IN-PHASE;OFFCHIP_SENSIMOX_SnAu_350_78125.0_IN-PHASE;OFFCHIP_SENSIMOX_SnAu_400_78125.0_IN-PHASE;ONCHIP_ALUMINUM_OXIDE_OUT4_IN-PHASE;ONCHIP_ALUMINUM_OXIDE_OUT4_QUADRATURE;ONCHIP_ALUMINUM_OXIDE_OUT7_IN-PHASE;ONCHIP_ALUMINUM_OXIDE_OUT7_QUADRATURE;LABEL
1.0;1.0;1.0;1.0;1.0;1.0;1.0;1.0;1.0;1.0;1.0;1.0;1.0;1.0;1.0;1.0;NITROMETHANE
4.0;9.0;13.0;2.0;-1.0;-4.0;-15.0;-25.0;-30.0;-42.0;-1.0;-1.0;12.0;-2.0;23.0;1.0;NITROMETHANE
12.0;19.0;32.0;12.0;3.0;6.0;-15.0;-23.0;-18.0;-9.0;3.0;0.0;12.0;1.0;20.0;1.0;NITROMETHANE
9.0;17.0;22.0;42.0;5.0;7.0;-14.0;-23.0;7.0;0.0;4.0;9.0;12.0;1.0;14.0;0.0;NITROMETHANE
19.0;38.0;58.0;68.0;10.0;11.0;-14.0;-23.0;7.0;1.0;5.0;18.0;16.0;1.0;22.0;0.0;NITROMETHANE
30.0;43.0;81.0;123.0;19.0;23.0;5.0;-23.0;7.0;52.0;5.0;22.0;13.0;2.0;20.0;0.0;NITROMETHANE
8.0;20.0;31.0;74.0;15.0;31.0;11.0;31.0;55.0;113.0;24.0;39.0;3.0;1.0;-3.0;-2.0;NITROMETHANE
8.0;20.0;31.0;141.0;31.0;49.0;11.0;38.0;68.0;157.0;32.0;51.0;3.0;7.0;-4.0;-8.0;NITROMETHANE
29.0;39.0;72.0;181.0;36.0;55.0;22.0;47.0;102.0;187.0;38.0;61.0;6.0;16.0;-4.0;-8.0;NITROMETHANE
28.0;56.0;106.0;227.0;41.0;66.0;20.0;47.0;93.0;210.0;45.0;74.0;4.0;18.0;-4.0;-10.0;NITROMETHANE
45.0;78.0;155.0;301.0;51.0;77.0;20.0;50.0;106.0;250.0;46.0;82.0;4.0;15.0;-4.0;-8.0;NITROMETHANE
23.0;53.0;109.0;262.0;50.0;79.0;11.0;65.0;131.0;221.0;41.0;68.0;13.0;5.0;-4.0;-8.0;NITROMETHANE
19.0;45.0;88.0;211.0;45.0;72.0;9.0;40.0;77.0;208.0;39.0;70.0;13.0;7.0;-6.0;-10.0;NITROMETHANE
25.0;55.0;109.0;242.0;50.0;80.0;11.0;40.0;94.0;173.0;47.0;79.0;10.0;7.0;-3.0;-7.0;NITROMETHANE
22.0;50.0;99.0;253.0;47.0;80.0;10.0;35.0;74.0;227.0;49.0;82.0;11.0;12.0;-6.0;-7.0;NITROMETHANE
31.0;46.0;83.0;144.0;23.0;25.0;3.0;22.0;26.0;98.0;22.0;25.0;0.0;8.0;8.0;4.0;NITROMETHANE
41.0;60.0;126.0;228.0;30.0;36.0;20.0;36.0;55.0;98.0;22.0;37.0;0.0;7.0;9.0;5.0;NITROMETHANE
54.0;82.0;143.0;235.0;33.0;42.0;20.0;36.0;55.0;100.0;26.0;35.0;6.0;14.0;12.0;4.0;NITROMETHANE
59.0;89.0;153.0;264.0;39.0;45.0;20.0;38.0;69.0;141.0;35.0;36.0;4.0;14.0;9.0;5.0;NITROMETHANE
56.0;77.0;132.0;245.0;37.0;47.0;14.0;37.0;54.0;122.0;28.0;35.0;12.0;12.0;8.0;3.0;NITROMETHANE
57.0;81.0;130.0;248.0;38.0;45.0;24.0;51.0;81.0;147.0;29.0;32.0;10.0;12.0;16.0;3.0;NITROMETHANE
53.0;69.0;136.0;256.0;39.0;45.0;22.0;31.0;47.0;117.0;30.0;36.0;5.0;14.0;13.0;5.0;NITROMETHANE
64.0;101.0;171.0;263.0;35.0;43.0;21.0;28.0;47.0;92.0;26.0;27.0;5.0;11.0;10.0;5.0;NITROMETHANE
56.0;85.0;139.0;241.0;33.0;39.0;6.0;14.0;36.0;86.0;21.0;24.0;-1.0;11.0;14.0;1.0;NITROMETHANE
54.0;71.0;128.0;209.0;27.0;25.0;6.0;14.0;36.0;66.0;16.0;22.0;-7.0;11.0;13.0;1.0;NITROMETHANE
47.0;74.0;126.0;187.0;26.0;30.0;6.0;13.0;27.0;61.0;18.0;26.0;5.0;4.0;9.0;1.0;NITROMETHANE
63.0;85.0;117.0;195.0;27.0;28.0;3.0;8.0;13.0;66.0;20.0;18.0;0.0;4.0;9.0;1.0;NITROMETHANE
53.0;81.0;118.0;227.0;27.0;21.0;7.0;8.0;20.0;46.0;15.0;16.0;-2.0;4.0;9.0;-1.0;NITROMETHANE
43.0;55.0;99.0;181.0;26.0;26.0;7.0;8.0;13.0;46.0;21.0;16.0;-2.0;9.0;5.0;3.0;NITROMETHANE
59.0;83.0;126.0;224.0;31.0;33.0;-4.0;4.0;-7.0;42.0;17.0;14.0;0.0;9.0;6.0;5.0;NITROMETHANE
29.0;31.0;52.0;71.0;8.0;8.0;-13.0;-24.0;-41.0;-42.0;2.0;8.0;0.0;10.0;6.0;3.0;NITROMETHANE
9.0;3.0;22.0;71.0;8.0;8.0;-26.0;-44.0;-73.0;-74.0;2.0;8.0;-2.0;10.0;6.0;-3.0;NITROMETHANE
9.0;2.0;22.0;71.0;8.0;8.0;-26.0;-44.0;-73.0;-74.0;2.0;8.0;-2.0;8.0;11.0;2.0;NITROMETHANE
7.0;3.0;22.0;80.0;12.0;12.0;-13.0;-24.0;-41.0;-42.0;6.0;13.0;-2.0;9.0;8.0;2.0;NITROMETHANE
16.0;17.0;53.0;126.0;19.0;23.0;-10.0;-13.0;-8.0;-1.0;12.0;21.0;-2.0;8.0;6.0;2.0;NITROMETHANE
27.0;38.0;67.0;145.0;29.0;40.0;-4.0;11.0;25.0;44.0;22.0;25.0;-2.0;10.0;6.0;5.0;NITROMETHANE
44.0;71.0;131.0;246.0;42.0;52.0;-4.0;11.0;35.0;113.0;30.0;42.0;-2.0;11.0;6.0;4.0;NITROMETHANE
50.0;87.0;146.0;297.0;51.0;61.0;10.0;28.0;32.0;107.0;36.0;56.0;-4.0;15.0;6.0;5.0;NITROMETHANE
49.0;85.0;144.0;275.0;46.0;65.0;19.0;29.0;70.0;131.0;40.0;61.0;-3.0;12.0;11.0;3.0;NITROMETHANE
15.0;14.0;29.0;27.0;7.0;7.0;23.0;40.0;59.0;81.0;17.0;6.0;0.0;10.0;6.0;-11.0;NITROMETHANE
25.0;40.0;59.0;94.0;18.0;17.0;23.0;40.0;95.0;148.0;23.0;18.0;0.0;13.0;6.0;-11.0;NITROMETHANE
42.0;68.0;126.0;193.0;34.0;36.0;27.0;67.0;97.0;199.0;31.0;38.0;0.0;4.0;8.0;-12.0;NITROMETHANE
67.0;107.0;182.0;277.0;45.0;55.0;44.0;80.0;129.0;255.0;43.0;54.0;-1.0;6.0;6.0;-12.0;NITROMETHANE
65.0;101.0;203.0;305.0;57.0;64.0;61.0;105.0;182.0;339.0;53.0;71.0;-1.0;5.0;6.0;-12.0;NITROMETHANE
65.0;110.0;210.0;353.0;64.0;76.0;66.0;112.0;189.0;329.0;56.0;74.0;-5.0;2.0;6.0;-15.0;NITROMETHANE
89.0;145.0;235.0;423.0;71.0;84.0;76.0;135.0;226.0;374.0;66.0;85.0;-5.0;1.0;8.0;-15.0;NITROMETHANE
99.0;165.0;289.0;470.0;78.0;96.0;78.0;148.0;255.0;431.0;73.0;87.0;-1.0;2.0;10.0;-13.0;NITROMETHANE
114.0;175.0;300.0;519.0;86.0;104.0;82.0;148.0;251.0;438.0;69.0;99.0;-3.0;2.0;10.0;-8.0;NITROMETHANE
113.0;185.0;291.0;467.0;75.0;88.0;70.0;120.0;218.0;372.0;59.0;73.0;4.0;8.0;10.0;-9.0;NITROMETHANE
27.0;34.0;62.0;123.0;22.0;26.0;13.0;27.0;60.0;84.0;15.0;17.0;-7.0;10.0;-8.0;-1.0;NITROMETHANE
14.0;22.0;6.0;3.0;8.0;11.0;13.0;27.0;43.0;32.0;10.0;6.0;1.0;10.0;-4.0;-1.0;NITROMETHANE
11.0;22.0;6.0;3.0;8.0;11.0;16.0;32.0;37.0;28.0;10.0;6.0;0.0;12.0;3.0;-1.0;NITROMETHANE
11.0;22.0;6.0;3.0;8.0;11.0;12.0;32.0;43.0;62.0;10.0;6.0;1.0;11.0;3.0;-6.0;NITROMETHANE
11.0;34.0;31.0;45.0;12.0;20.0;20.0;39.0;53.0;108.0;18.0;21.0;3.0;11.0;3.0;-6.0;NITROMETHANE
37.0;61.0;92.0;171.0;32.0;42.0;46.0;81.0;130.0;194.0;29.0;44.0;1.0;16.0;1.0;-6.0;NITROMETHANE
59.0;104.0;147.0;247.0;44.0;56.0;49.0;74.0;130.0;204.0;36.0;41.0;3.0;11.0;7.0;-8.0;NITROMETHANE
59.0;104.0;147.0;247.0;34.0;44.0;49.0;68.0;118.0;202.0;36.0;43.0;3.0;10.0;1.0;-5.0;NITROMETHANE
68.0;109.0;151.0;288.0;47.0;66.0;64.0;101.0;161.0;301.0;49.0;62.0;-1.0;12.0;-7.0;-5.0;NITROMETHANE
72.0;118.0;164.0;327.0;52.0;69.0;51.0;93.0;171.0;252.0;43.0;54.0;-1.0;10.0;-7.0;-8.0;NITROMETHANE
73.0;118.0;175.0;284.0;44.0;61.0;58.0;92.0;162.0;268.0;39.0;46.0;1.0;6.0;-2.0;-8.0;NITROMETHANE
64.0;99.0;130.0;247.0;39.0;55.0;50.0;84.0;154.0;247.0;43.0;57.0;-5.0;9.0;-7.0;-7.0;NITROMETHANE
76.0;113.0;181.0;316.0;49.0;59.0;66.0;105.0;160.0;256.0;47.0;53.0;1.0;9.0;-2.0;-7.0;NITROMETHANE
77.0;126.0;177.0;305.0;54.0;69.0;69.0;114.0;183.0;314.0;48.0;59.0;1.0;10.0;-2.0;-7.0;NITROMETHANE
82.0;119.0;184.0;331.0;59.0;74.0;74.0;122.0;191.0;315.0;50.0;61.0;-3.0;12.0;-4.0;-7.0;NITROMETHANE
81.0;125.0;176.0;329.0;55.0;66.0;78.0;133.0;191.0;292.0;44.0;55.0;-3.0;11.0;-4.0;-5.0;NITROMETHANE
74.0;116.0;162.0;279.0;47.0;58.0;61.0;98.0;156.0;238.0;35.0;49.0;-1.0;11.0;-4.0;-9.0;NITROMETHANE
72.0;114.0;160.0;279.0;45.0;55.0;71.0;124.0;181.0;272.0;37.0;38.0;-1.0;9.0;-4.0;-9.0;NITROMETHANE
60.0;95.0;109.0;190.0;30.0;41.0;33.0;62.0;96.0;170.0;29.0;35.0;3.0;15.0;-2.0;-9.0;NITROMETHANE
53.0;78.0;90.0;182.0;27.0;33.0;39.0;72.0;108.0;158.0;24.0;17.0;6.0;7.0;-2.0;-9.0;NITROMETHANE
24.0;47.0;26.0;96.0;5.0;5.0;13.0;3.0;-3.0;-19.0;2.0;16.0;7.0;-3.0;11.0;-6.0;NITROMETHANE
41.0;64.0;26.0;52.0;5.0;6.0;15.0;7.0;11.0;13.0;3.0;8.0;12.0;-8.0;12.0;-6.0;NITROMETHANE
19.0;42.0;26.0;96.0;15.0;5.0;9.0;13.0;26.0;35.0;9.0;8.0;7.0;-12.0;13.0;-6.0;NITROMETHANE
22.0;33.0;24.0;106.0;19.0;6.0;15.0;20.0;26.0;35.0;9.0;8.0;0.0;-11.0;12.0;-8.0;NITROMETHANE
22.0;42.0;60.0;106.0;19.0;20.0;21.0;32.0;48.0;89.0;17.0;25.0;0.0;-11.0;14.0;-8.0;NITROMETHANE
62.0;102.0;170.0;285.0;43.0;59.0;51.0;76.0;128.0;212.0;40.0;59.0;0.0;-11.0;13.0;-3.0;NITROMETHANE
87.0;138.0;225.0;392.0;63.0;79.0;48.0;78.0;148.0;262.0;51.0;72.0;6.0;-8.0;13.0;-3.0;NITROMETHANE
94.0;151.0;232.0;355.0;53.0;66.0;36.0;78.0;143.0;175.0;34.0;53.0;11.0;-8.0;18.0;-4.0;NITROMETHANE
68.0;111.0;190.0;318.0;51.0;69.0;50.0;85.0;143.0;270.0;52.0;71.0;13.0;-8.0;17.0;-4.0;NITROMETHANE
92.0;154.0;253.0;428.0;71.0;93.0;53.0;88.0;168.0;303.0;58.0;91.0;11.0;-7.0;15.0;-4.0;NITROMETHANE
102.0;173.0;284.0;484.0;77.0;104.0;73.0;113.0;196.0;369.0;65.0;96.0;3.0;-8.0;7.0;-4.0;NITROMETHANE
110.0;181.0;288.0;490.0;73.0;98.0;63.0;108.0;189.0;345.0;60.0;88.0;4.0;-7.0;3.0;-4.0;NITROMETHANE
103.0;165.0;272.0;453.0;69.0;93.0;69.0;107.0;185.0;320.0;52.0;77.0;4.0;-6.0;3.0;-9.0;NITROMETHANE
93.0;151.0;245.0;427.0;66.0;87.0;64.0;104.0;166.0;316.0;53.0;78.0;4.0;-5.0;3.0;-4.0;NITROMETHANE
91.0;148.0;231.0;381.0;61.0;80.0;66.0;95.0;178.0;285.0;55.0;86.0;4.0;-6.0;6.0;-6.0;NITROMETHANE
104.0;178.0;296.0;491.0;79.0;103.0;73.0;114.0;200.0;397.0;71.0;104.0;11.0;-6.0;6.0;-2.0;NITROMETHANE
127.0;205.0;323.0;556.0;89.0;114.0;90.0;136.0;235.0;428.0;75.0;106.0;10.0;-9.0;13.0;-6.0;NITROMETHANE
132.0;214.0;339.0;558.0;85.0;108.0;70.0;118.0;203.0;342.0;62.0;82.0;10.0;-9.0;18.0;-5.0;NITROMETHANE
85.0;146.0;221.0;372.0;65.0;99.0;71.0;113.0;199.0;342.0;61.0;98.0;10.0;-9.0;15.0;-5.0;NITROMETHANE
90.0;152.0;257.0;453.0;81.0;124.0;70.0;119.0;223.0;415.0;77.0;121.0;14.0;-6.0;18.0;-5.0;NITROMETHANE
105.0;184.0;313.0;598.0;102.0;146.0;101.0;161.0;290.0;523.0;96.0;145.0;14.0;-5.0;13.0;-5.0;NITROMETHANE
128.0;221.0;368.0;660.0;110.0;155.0;91.0;159.0;287.0;531.0;95.0;149.0;6.0;-5.0;11.0;-5.0;NITROMETHANE
123.0;200.0;344.0;573.0;92.0;135.0;72.0;122.0;221.0;397.0;73.0;112.0;4.0;-6.0;9.0;-6.0;NITROMETHANE
84.0;145.0;265.0;465.0;77.0;115.0;67.0;111.0;183.0;336.0;62.0;92.0;6.0;-8.0;16.0;-6.0;NITROMETHANE
61.0;106.0;178.0;330.0;59.0;93.0;30.0;58.0;124.0;254.0;51.0;81.0;6.0;-9.0;12.0;-8.0;NITROMETHANE
49.0;96.0;157.0;250.0;42.0;70.0;17.0;38.0;82.0;161.0;35.0;54.0;8.0;-9.0;9.0;-9.0;NITROMETHANE
37.0;44.0;81.0;153.0;30.0;51.0;12.0;22.0;62.0;130.0;30.0;55.0;7.0;-9.0;10.0;-8.0;NITROMETHANE
31.0;70.0;137.0;219.0;34.0;37.0;24.0;41.0;84.0;155.0;23.0;31.0;-14.0;-3.0;-12.0;10.0;NITROMETHANE
49.0;97.0;190.0;319.0;51.0;57.0;55.0;84.0;147.0;221.0;34.0;53.0;-14.0;-3.0;-12.0;4.0;NITROMETHANE
70.0;131.0;235.0;366.0;52.0;60.0;58.0;88.0;148.0;202.0;35.0;45.0;-14.0;-3.0;-4.0;4.0;NITROMETHANE
70.0;120.0;220.0;362.0;56.0;64.0;79.0;120.0;196.0;296.0;44.0;68.0;-14.0;-3.0;-4.0;1.0;NITROMETHANE
96.0;161.0;288.0;466.0;70.0;84.0;74.0;110.0;184.0;304.0;52.0;78.0;-16.0;-3.0;-12.0;7.0;NITROMETHANE
104.0;173.0;306.0;486.0;74.0;86.0;93.0;137.0;231.0;386.0;57.0;82.0;-16.0;-2.0;-4.0;0.0;NITROMETHANE
120.0;198.0;365.0;579.0;93.0;122.0;103.0;168.0;276.0;478.0;78.0;112.0;-18.0;-2.0;-12.0;7.0;NITROMETHANE
151.0;257.0;449.0;722.0;115.0;146.0;131.0;208.0;354.0;581.0;93.0;142.0;-18.0;9.0;-12.0;3.0;NITROMETHANE
163.0;267.0;458.0;795.0;118.0;148.0;125.0;198.0;324.0;526.0;83.0;122.0;-18.0;10.0;-12.0;6.0;NITROMETHANE
129.0;217.0;379.0;606.0;91.0;114.0;99.0;163.0;256.0;423.0;66.0;101.0;-16.0;-6.0;-4.0;3.0;NITROMETHANE
115.0;198.0;350.0;576.0;89.0;113.0;102.0;160.0;264.0;407.0;61.0;83.0;-10.0;-6.0;-12.0;3.0;NITROMETHANE
93.0;153.0;266.0;436.0;61.0;83.0;67.0;108.0;178.0;308.0;48.0;73.0;-9.0;-6.0;-4.0;3.0;NITROMETHANE
91.0;153.0;268.0;421.0;63.0;81.0;75.0;107.0;173.0;281.0;46.0;66.0;-10.0;1.0;-10.0;5.0;NITROMETHANE
63.0;114.0;207.0;300.0;45.0;65.0;58.0;91.0;142.0;207.0;28.0;41.0;-10.0;1.0;-10.0;9.0;NITROMETHANE
49.0;93.0;162.0;305.0;47.0;53.0;55.0;83.0;132.0;193.0;29.0;41.0;-9.0;4.0;-10.0;5.0;NITROMETHANE
52.0;92.0;173.0;278.0;44.0;56.0;45.0;71.0;108.0;215.0;36.0;57.0;-14.0;1.0;-5.0;5.0;NITROMETHANE
79.0;137.0;250.0;405.0;64.0;81.0;65.0;104.0;190.0;311.0;51.0;73.0;-14.0;1.0;-7.0;5.0;NITROMETHANE
89.0;164.0;311.0;496.0;76.0;95.0;78.0;116.0;200.0;317.0;55.0;82.0;-10.0;1.0;-7.0;5.0;NITROMETHANE
111.0;188.0;322.0;519.0;81.0;96.0;85.0;130.0;218.0;367.0;55.0;86.0;-10.0;1.0;-7.0;9.0;NITROMETHANE
105.0;174.0;321.0;535.0;82.0;96.0;87.0;146.0;242.0;361.0;59.0;88.0;-21.0;1.0;-7.0;9.0;NITROMETHANE
97.0;175.0;295.0;488.0;70.0;88.0;87.0;135.0;221.0;344.0;53.0;75.0;-24.0;-4.0;-9.0;6.0;NITROMETHANE
99.0;160.0;282.0;463.0;68.0;82.0;89.0;134.0;204.0;300.0;48.0;74.0;-24.0;-4.0;-9.0;1.0;NITROMETHANE
93.0;160.0;284.0;450.0;67.0;78.0;81.0;114.0;194.0;286.0;45.0;73.0;-24.0;-4.0;-9.0;1.0;NITROMETHANE
92.0;161.0;271.0;438.0;66.0;76.0;68.0;105.0;173.0;284.0;46.0;74.0;-24.0;-2.0;-9.0;1.0;NITROMETHANE
92.0;161.0;282.0;463.0;74.0;87.0;81.0;123.0;205.0;345.0;53.0;82.0;-20.0;-2.0;-9.0;1.0;NITROMETHANE
94.0;158.0;281.0;484.0;74.0;87.0;81.0;128.0;219.0;326.0;53.0;77.0;-16.0;-2.0;-13.0;4.0;NITROMETHANE
98.0;174.0;299.0;496.0;73.0;87.0;92.0;134.0;213.0;345.0;52.0;86.0;-15.0;-3.0;-10.0;8.0;NITROMETHANE
105.0;173.0;326.0;517.0;80.0;95.0;93.0;144.0;241.0;381.0;57.0;84.0;-15.0;-3.0;-6.0;6.0;NITROMETHANE
103.0;175.0;333.0;540.0;86.0;105.0;106.0;166.0;276.0;416.0;64.0;98.0;-15.0;-4.0;-8.0;0.0;NITROMETHANE
113.0;192.0;344.0;561.0;87.0;105.0;98.0;143.0;248.0;421.0;62.0;91.0;-15.0;-3.0;-10.0;0.0;NITROMETHANE
112.0;186.0;342.0;565.0;86.0;103.0;97.0;152.0;258.0;409.0;63.0;93.0;-15.0;0.0;-9.0;0.0;NITROMETHANE
112.0;188.0;341.0;534.0;81.0;104.0;101.0;153.0;243.0;413.0;61.0;95.0;-16.0;0.0;-9.0;0.0;NITROMETHANE
109.0;183.0;333.0;541.0;84.0;105.0;96.0;142.0;246.0;414.0;65.0;102.0;-16.0;0.0;-9.0;10.0;NITROMETHANE
121.0;206.0;360.0;634.0;100.0;126.0;112.0;177.0;294.0;460.0;77.0;119.0;-19.0;0.0;-13.0;5.0;NITROMETHANE
120.0;206.0;366.0;593.0;90.0;115.0;99.0;153.0;240.0;405.0;60.0;99.0;-23.0;-3.0;-13.0;4.0;NITROMETHANE
85.0;144.0;258.0;433.0;70.0;89.0;66.0;106.0;187.0;305.0;48.0;75.0;-23.0;-3.0;-13.0;4.0;NITROMETHANE
76.0;134.0;249.0;434.0;70.0;90.0;64.0;100.0;179.0;290.0;51.0;80.0;-23.0;-3.0;-11.0;4.0;NITROMETHANE
67.0;124.0;233.0;380.0;62.0;85.0;64.0;110.0;192.0;311.0;47.0;74.0;-24.0;-3.0;-13.0;6.0;NITROMETHANE
48.0;90.0;187.0;312.0;52.0;71.0;41.0;64.0;137.0;223.0;38.0;68.0;-24.0;-3.0;-13.0;5.0;NITROMETHANE
36.0;71.0;159.0;264.0;49.0;73.0;41.0;62.0;135.0;230.0;43.0;70.0;-21.0;-3.0;-12.0;4.0;NITROMETHANE
31.0;66.0;157.0;282.0;51.0;75.0;32.0;46.0;113.0;218.0;39.0;69.0;-22.0;-3.0;-12.0;5.0;NITROMETHANE
36.0;75.0;170.0;318.0;58.0;84.0;49.0;78.0;143.0;260.0;42.0;76.0;-21.0;0.0;-14.0;5.0;NITROMETHANE
42.0;82.0;171.0;324.0;57.0;84.0;30.0;51.0;119.0;217.0;39.0;74.0;-19.0;0.0;-12.0;5.0;NITROMETHANE
31.0;72.0;167.0;300.0;55.0;83.0;38.0;71.0;135.0;251.0;49.0;75.0;-19.0;0.0;-11.0;7.0;NITROMETHANE
26.0;70.0;160.0;312.0;56.0;82.0;27.0;48.0;113.0;242.0;42.0;83.0;-12.0;0.0;-2.0;7.0;NITROMETHANE
35.0;81.0;187.0;352.0;59.0;87.0;42.0;78.0;145.0;267.0;50.0;80.0;-12.0;0.0;-2.0;4.0;NITROMETHANE
45.0;94.0;212.0;388.0;66.0;97.0;39.0;70.0;154.0;297.0;54.0;91.0;-11.0;-1.0;0.0;4.0;NITROMETHANE
55.0;110.0;228.0;402.0;71.0;97.0;44.0;79.0;168.0;323.0;55.0;91.0;-11.0;-3.0;-2.0;2.0;NITROMETHANE
41.0;97.0;220.0;391.0;71.0;103.0;38.0;77.0;166.0;306.0;54.0;96.0;-16.0;-3.0;-4.0;0.0;NITROMETHANE
54.0;115.0;243.0;465.0;79.0;114.0;66.0;121.0;229.0;380.0;70.0;114.0;-16.0;-3.0;-4.0;0.0;NITROMETHANE
77.0;148.0;305.0;563.0;103.0;147.0;75.0;140.0;262.0;529.0;97.0;157.0;-19.0;1.0;-4.0;1.0;NITROMETHANE
105.0;203.0;422.0;794.0;145.0;220.0;126.0;221.0;427.0;814.0;150.0;250.0;-19.0;1.0;-10.0;1.0;NITROMETHANE
180.0;335.0;656.0;1256.0;235.0;386.0;213.0;388.0;745.0;1407.0;263.0;454.0;-12.0;7.0;-10.0;-2.0;NITROMETHANE
304.0;558.0;1069.0;2054.0;368.0;575.0;322.0;591.0;1095.0;2007.0;365.0;600.0;-11.0;5.0;-10.0;1.0;NITROMETHANE
392.0;699.0;1308.0;2351.0;399.0;571.0;311.0;554.0;1027.0;1882.0;333.0;526.0;-12.0;6.0;-10.0;-1.0;NITROMETHANE
333.0;601.0;1142.0;2099.0;361.0;536.0;291.0;530.0;983.0;1849.0;324.0;523.0;-11.0;-1.0;-10.0;-1.0;NITROMETHANE
339.0;619.0;1153.0;2112.0;359.0;540.0;305.0;553.0;1013.0;1835.0;320.0;511.0;-11.0;-1.0;-4.0;2.0;NITROMETHANE
347.0;627.0;1154.0;2110.0;366.0;542.0;311.0;557.0;1025.0;1889.0;323.0;507.0;-11.0;-3.0;-4.0;2.0;NITROMETHANE
336.0;601.0;1108.0;1993.0;333.0;479.0;267.0;474.0;887.0;1614.0;274.0;439.0;-14.0;-3.0;-4.0;4.0;NITROMETHANE
315.0;567.0;1030.0;1834.0;312.0;469.0;276.0;494.0;881.0;1616.0;281.0;459.0;-8.0;-3.0;-4.0;2.0;NITROMETHANE
313.0;566.0;1045.0;1859.0;313.0;463.0;269.0;482.0;871.0;1551.0;270.0;436.0;-14.0;-3.0;-6.0;-2.0;NITROMETHANE
277.0;514.0;964.0;1734.0;301.0;446.0;250.0;453.0;833.0;1504.0;260.0;432.0;-15.0;-3.0;-6.0;-2.0;NITROMETHANE
277.0;510.0;961.0;1750.0;304.0;449.0;247.0;452.0;843.0;1519.0;266.0;426.0;-15.0;-4.0;-6.0;3.0;NITROMETHANE
303.0;545.0;994.0;1794.0;306.0;441.0;248.0;452.0;823.0;1505.0;260.0;415.0;-16.0;-4.0;-13.0;-1.0;NITROMETHANE
288.0;522.0;956.0;1735.0;291.0;424.0;239.0;424.0;792.0;1435.0;254.0;403.0;-16.0;-1.0;-6.0;3.0;NITROMETHANE
280.0;506.0;953.0;1713.0;293.0;430.0;256.0;462.0;841.0;1485.0;260.0;410.0;-22.0;-1.0;-18.0;5.0;NITROMETHANE
304.0;544.0;1002.0;1814.0;299.0;445.0;266.0;479.0;868.0;1602.0;274.0;436.0;-22.0;4.0;-19.0;6.0;NITROMETHANE
321.0;583.0;1044.0;1875.0;318.0;456.0;266.0;469.0;854.0;1517.0;268.0;431.0;-19.0;5.0;-18.0;7.0;NITROMETHANE
286.0;525.0;960.0;1698.0;280.0;401.0;233.0;408.0;745.0;1322.0;231.0;361.0;-18.0;6.0;-13.0;6.0;NITROMETHANE
242.0;436.0;815.0;1437.0;246.0;367.0;208.0;375.0;697.0;1253.0;216.0;337.0;-19.0;3.0;-14.0;8.0;NITROMETHANE
239.0;434.0;805.0;1429.0;243.0;357.0;213.0;372.0;677.0;1226.0;216.0;349.0;-18.0;3.0;-14.0;3.0;NITROMETHANE
240.0;443.0;810.0;1465.0;247.0;364.0;215.0;376.0;696.0;1278.0;218.0;349.0;-18.0;3.0;-14.0;4.0;NITROMETHANE
246.0;439.0;808.0;1479.0;249.0;361.0;223.0;388.0;691.0;1246.0;212.0;346.0;-18.0;3.0;-14.0;3.0;NITROMETHANE
242.0;436.0;805.0;1432.0;248.0;361.0;212.0;384.0;678.0;1240.0;220.0;346.0;-18.0;-4.0;-14.0;3.0;NITROMETHANE
252.0;450.0;842.0;1483.0;251.0;355.0;205.0;365.0;689.0;1255.0;215.0;337.0;-16.0;-4.0;-13.0;3.0;NITROMETHANE
253.0;457.0;835.0;1490.0;253.0;362.0;219.0;387.0;692.0;1253.0;213.0;342.0;-14.0;-4.0;-10.0;6.0;NITROMETHANE
255.0;456.0;845.0;1509.0;252.0;362.0;218.0;380.0;689.0;1281.0;218.0;349.0;-12.0;-4.0;-3.0;4.0;NITROMETHANE
266.0;479.0;860.0;1526.0;253.0;354.0;226.0;392.0;692.0;1248.0;210.0;327.0;-12.0;1.0;-3.0;3.0;NITROMETHANE
230.0;410.0;750.0;1273.0;209.0;302.0;172.0;305.0;557.0;982.0;162.0;263.0;-14.0;1.0;-10.0;4.0;NITROMETHANE
182.0;316.0;583.0;1035.0;177.0;252.0;143.0;250.0;475.0;859.0;149.0;242.0;-18.0;0.0;-10.0;3.0;NITROMETHANE
158.0;295.0;561.0;1038.0;185.0;276.0;150.0;278.0;526.0;970.0;171.0;268.0;-18.0;0.0;-10.0;1.0;NITROMETHANE
193.0;350.0;658.0;1162.0;191.0;269.0;151.0;264.0;485.0;877.0;153.0;241.0;-18.0;0.0;-10.0;1.0;NITROMETHANE
156.0;292.0;552.0;980.0;163.0;235.0;145.0;256.0;455.0;814.0;139.0;226.0;-14.0;3.0;-9.0;5.0;NITROMETHANE
156.0;294.0;537.0;957.0;161.0;242.0;147.0;251.0;466.0;833.0;143.0;235.0;-14.0;2.0;-9.0;5.0;NITROMETHANE
164.0;298.0;562.0;1010.0;170.0;243.0;125.0;225.0;433.0;786.0;143.0;229.0;-14.0;3.0;-9.0;7.0;NITROMETHANE
167.0;313.0;591.0;1048.0;172.0;250.0;144.0;253.0;478.0;870.0;150.0;235.0;-14.0;3.0;-9.0;3.0;NITROMETHANE
176.0;320.0;583.0;1031.0;174.0;242.0;137.0;247.0;455.0;828.0;141.0;229.0;-21.0;2.0;-10.0;4.0;NITROMETHANE
163.0;300.0;562.0;1006.0;170.0;235.0;138.0;242.0;451.0;793.0;137.0;229.0;-21.0;0.0;-10.0;4.0;NITROMETHANE
161.0;296.0;567.0;1006.0;172.0;242.0;136.0;233.0;453.0;818.0;146.0;225.0;-21.0;-3.0;-8.0;7.0;NITROMETHANE
186.0;332.0;610.0;1120.0;188.0;265.0;164.0;288.0;537.0;956.0;170.0;284.0;-21.0;-3.0;-8.0;5.0;NITROMETHANE
228.0;418.0;814.0;1619.0;303.0;514.0;323.0;586.0;1068.0;2003.0;361.0;604.0;-21.0;-3.0;-10.0;7.0;NITROMETHANE
409.0;749.0;1438.0;2777.0;513.0;826.0;491.0;900.0;1666.0;3100.0;553.0;913.0;-14.0;-3.0;-10.0;12.0;NITROMETHANE
584.0;1067.0;2014.0;3766.0;661.0;1004.0;592.0;1069.0;1937.0;3574.0;635.0;1023.0;-10.0;-3.0;-10.0;7.0;NITROMETHANE
680.0;1219.0;2250.0;4153.0;715.0;1072.0;640.0;1141.0;2088.0;3844.0;671.0;1065.0;-14.0;-3.0;-15.0;7.0;NITROMETHANE
713.0;1287.0;2358.0;4375.0;752.0;1112.0;668.0;1197.0;2194.0;3957.0;689.0;1092.0;-14.0;-3.0;-12.0;7.0;NITROMETHANE
752.0;1351.0;2465.0;4464.0;758.0;1122.0;674.0;1192.0;2153.0;3949.0;679.0;1081.0;-16.0;-1.0;-12.0;4.0;NITROMETHANE
762.0;1366.0;2453.0;4428.0;751.0;1112.0;684.0;1212.0;2202.0;3962.0;682.0;1076.0;-20.0;-5.0;-12.0;1.0;NITROMETHANE
772.0;1361.0;2466.0;4423.0;739.0;1087.0;663.0;1166.0;2118.0;3855.0;666.0;1051.0;-21.0;-5.0;-12.0;4.0;NITROMETHANE
748.0;1324.0;2394.0;4276.0;725.0;1073.0;656.0;1172.0;2117.0;3850.0;657.0;1041.0;-21.0;-4.0;-10.0;4.0;NITROMETHANE
747.0;1327.0;2375.0;4280.0;719.0;1060.0;662.0;1172.0;2102.0;3770.0;647.0;1016.0;-16.0;-4.0;-5.0;7.0;NITROMETHANE
743.0;1312.0;2367.0;4214.0;701.0;1032.0;645.0;1129.0;2029.0;3629.0;630.0;986.0;-7.0;-4.0;-4.0;1.0;NITROMETHANE
740.0;1288.0;2315.0;4127.0;694.0;1000.0;641.0;1116.0;2012.0;3555.0;610.0;956.0;-7.0;-4.0;-4.0;1.0;NITROMETHANE
717.0;1267.0;2242.0;3985.0;669.0;978.0;609.0;1079.0;1927.0;3495.0;591.0;935.0;-7.0;1.0;-4.0;0.0;NITROMETHANE
690.0;1202.0;2158.0;3860.0;647.0;947.0;616.0;1076.0;1904.0;3417.0;584.0;913.0;-8.0;2.0;-4.0;0.0;NITROMETHANE
691.0;1226.0;2165.0;3817.0;639.0;942.0;602.0;1053.0;1870.0;3332.0;572.0;897.0;-12.0;1.0;-3.0;0.0;NITROMETHANE
692.0;1195.0;2128.0;3794.0;635.0;927.0;610.0;1069.0;1896.0;3370.0;571.0;895.0;-12.0;0.0;-9.0;0.0;NITROMETHANE
687.0;1197.0;2135.0;3755.0;630.0;931.0;596.0;1047.0;1861.0;3337.0;569.0;902.0;-13.0;0.0;-3.0;2.0;NITROMETHANE
678.0;1193.0;2127.0;3785.0;639.0;939.0;602.0;1057.0;1881.0;3348.0;575.0;912.0;-13.0;0.0;-3.0;3.0;NITROMETHANE
686.0;1212.0;2166.0;3869.0;647.0;955.0;609.0;1075.0;1934.0;3430.0;588.0;922.0;-13.0;0.0;-3.0;0.0;NITROMETHANE
710.0;1249.0;2205.0;3913.0;660.0;977.0;623.0;1099.0;1958.0;3492.0;604.0;952.0;-16.0;0.0;-9.0;0.0;NITROMETHANE
705.0;1229.0;2217.0;3971.0;669.0;1001.0;639.0;1132.0;2010.0;3596.0;611.0;964.0;-16.0;1.0;-7.0;0.0;NITROMETHANE
723.0;1258.0;2254.0;4054.0;682.0;1016.0;647.0;1139.0;2053.0;3668.0;628.0;998.0;-16.0;3.0;-7.0;0.0;NITROMETHANE
742.0;1306.0;2339.0;4163.0;703.0;1039.0;653.0;1146.0;2084.0;3721.0;632.0;1003.0;-17.0;3.0;-12.0;2.0;NITROMETHANE
750.0;1309.0;2334.0;4206.0;715.0;1088.0;717.0;1269.0;2264.0;4051.0;704.0;1117.0;-16.0;3.0;-12.0;7.0;NITROMETHANE
812.0;1451.0;2620.0;4724.0;801.0;1211.0;790.0;1387.0;2492.0;4464.0;761.0;1213.0;-17.0;5.0;-8.0;6.0;NITROMETHANE
891.0;1564.0;2801.0;5012.0;843.0;1241.0;800.0;1413.0;2522.0;4446.0;759.0;1192.0;-19.0;6.0;-8.0;5.0;NITROMETHANE
890.0;1557.0;2770.0;4948.0;833.0;1227.0;797.0;1366.0;2460.0;4402.0;750.0;1178.0;-19.0;6.0;-8.0;4.0;NITROMETHANE
888.0;1540.0;2748.0;4913.0;819.0;1204.0;768.0;1362.0;2409.0;4311.0;744.0;1177.0;-15.0;6.0;-7.0;5.0;NITROMETHANE
879.0;1531.0;2747.0;4900.0;822.0;1215.0;797.0;1392.0;2478.0;4407.0;750.0;1179.0;-12.0;5.0;-7.0;5.0;NITROMETHANE
896.0;1572.0;2781.0;4935.0;827.0;1222.0;791.0;1385.0;2491.0;4439.0;761.0;1189.0;-11.0;3.0;-6.0;4.0;NITROMETHANE
900.0;1566.0;2814.0;4978.0;837.0;1230.0;815.0;1428.0;2529.0;4446.0;759.0;1204.0;-11.0;-1.0;-6.0;4.0;NITROMETHANE
906.0;1568.0;2807.0;5023.0;842.0;1245.0;814.0;1432.0;2544.0;4517.0;773.0;1200.0;-11.0;-1.0;-5.0;0.0;NITROMETHANE
918.0;1594.0;2860.0;5080.0;848.0;1239.0;817.0;1436.0;2536.0;4521.0;770.0;1207.0;-13.0;-1.0;-6.0;-2.0;NITROMETHANE
906.0;1582.0;2825.0;5046.0;838.0;1245.0;820.0;1446.0;2562.0;4571.0;779.0;1217.0;-14.0;-1.0;-6.0;0.0;NITROMETHANE
923.0;1612.0;2878.0;5137.0;854.0;1275.0;846.0;1487.0;2645.0;4659.0;788.0;1253.0;-19.0;-3.0;-8.0;0.0;NITROMETHANE
935.0;1647.0;2943.0;5233.0;881.0;1303.0;851.0;1493.0;2656.0;4731.0;810.0;1283.0;-14.0;-3.0;-6.0;-1.0;NITROMETHANE
960.0;1676.0;3014.0;5398.0;905.0;1354.0;903.0;1590.0;2824.0;5013.0;850.0;1347.0;-19.0;-3.0;-8.0;0.0;NITROMETHANE
1013.0;1784.0;3178.0;5652.0;949.0;1410.0;933.0;1631.0;2908.0;5190.0;888.0;1395.0;-19.0;5.0;-17.0;1.0;NITROMETHANE
1045.0;1846.0;3318.0;5858.0;984.0;1461.0;977.0;1702.0;3043.0;5438.0;922.0;1456.0;-19.0;4.0;-17.0;2.0;NITROMETHANE
1080.0;1896.0;3376.0;6004.0;1011.0;1502.0;977.0;1713.0;3062.0;5494.0;943.0;1471.0;-17.0;4.0;-5.0;4.0;NITROMETHANE
1099.0;1927.0;3443.0;6119.0;1034.0;1517.0;1005.0;1770.0;3132.0;5601.0;955.0;1495.0;-19.0;3.0;-17.0;6.0;NITROMETHANE
1122.0;1961.0;3501.0;6212.0;1043.0;1548.0;1033.0;1806.0;3193.0;5705.0;960.0;1498.0;-17.0;3.0;-7.0;4.0;NITROMETHANE
1134.0;1969.0;3521.0;6283.0;1054.0;1565.0;1017.0;1801.0;3214.0;5767.0;989.0;1548.0;-14.0;4.0;-5.0;4.0;NITROMETHANE
1154.0;2037.0;3634.0;6478.0;1087.0;1617.0;1091.0;1918.0;3400.0;6012.0;1021.0;1596.0;-17.0;4.0;-7.0;4.0;NITROMETHANE
1204.0;2092.0;3725.0;6647.0;1109.0;1645.0;1108.0;1920.0;3404.0;6032.0;1024.0;1610.0;-14.0;-1.0;-10.0;7.0;NITROMETHANE
1217.0;2129.0;3775.0;6694.0;1120.0;1652.0;1088.0;1906.0;3387.0;6013.0;1031.0;1617.0;-14.0;-1.0;-7.0;7.0;NITROMETHANE
1220.0;2147.0;3795.0;6747.0;1129.0;1655.0;1124.0;1946.0;3459.0;6090.0;1039.0;1624.0;-14.0;-1.0;-10.0;5.0;NITROMETHANE
1248.0;2163.0;3854.0;6808.0;1147.0;1697.0;1134.0;1984.0;3525.0;6251.0;1061.0;1659.0;-14.0;0.0;-10.0;5.0;NITROMETHANE
1261.0;2199.0;3932.0;6983.0;1163.0;1726.0;1159.0;2020.0;3599.0;6394.0;1094.0;1702.0;-14.0;-2.0;-10.0;5.0;NITROMETHANE
1306.0;2280.0;4038.0;7143.0;1201.0;1769.0;1199.0;2090.0;3696.0;6522.0;1114.0;1737.0;-11.0;0.0;-10.0;6.0;NITROMETHANE
1308.0;2286.0;4053.0;7249.0;1210.0;1784.0;1201.0;2095.0;3715.0;6632.0;1121.0;1751.0;-11.0;-1.0;-11.0;6.0;NITROMETHANE
1343.0;2350.0;4153.0;7325.0;1220.0;1798.0;1225.0;2124.0;3760.0;6617.0;1128.0;1763.0;-11.0;-1.0;-10.0;6.0;NITROMETHANE
1372.0;2379.0;4216.0;7428.0;1235.0;1816.0;1244.0;2172.0;3820.0;6717.0;1140.0;1787.0;-11.0;-2.0;-4.0;6.0;NITROMETHANE
1371.0;2382.0;4221.0;7450.0;1246.0;1831.0;1266.0;2200.0;3878.0;6825.0;1151.0;1800.0;-11.0;-1.0;-4.0;6.0;NITROMETHANE
1366.0;2404.0;4240.0;7507.0;1257.0;1844.0;1258.0;2206.0;3876.0;6874.0;1156.0;1792.0;-11.0;-1.0;-4.0;3.0;NITROMETHANE
1387.0;2435.0;4296.0;7591.0;1257.0;1848.0;1282.0;2227.0;3931.0;6885.0;1171.0;1814.0;-11.0;0.0;0.0;9.0;NITROMETHANE
1399.0;2440.0;4287.0;7579.0;1257.0;1844.0;1274.0;2207.0;3900.0;6878.0;1159.0;1816.0;-13.0;2.0;-3.0;3.0;NITROMETHANE
1399.0;2443.0;4338.0;7649.0;1267.0;1861.0;1284.0;2238.0;3923.0;6924.0;1172.0;1828.0;-15.0;3.0;-4.0;0.0;NITROMETHANE
1403.0;2453.0;4327.0;7685.0;1276.0;1855.0;1283.0;2239.0;3922.0;6876.0;1173.0;1821.0;-16.0;0.0;-9.0;0.0;NITROMETHANE
1408.0;2440.0;4293.0;7596.0;1274.0;1876.0;1296.0;2258.0;3973.0;7010.0;1178.0;1844.0;-20.0;0.0;-9.0;0.0;NITROMETHANE
1420.0;2458.0;4367.0;7755.0;1285.0;1882.0;1316.0;2289.0;4015.0;7028.0;1182.0;1843.0;-20.0;0.0;-10.0;-2.0;NITROMETHANE
1432.0;2484.0;4413.0;7740.0;1280.0;1885.0;1303.0;2269.0;3992.0;7070.0;1190.0;1857.0;-20.0;0.0;-10.0;-2.0;NITROMETHANE
1456.0;2514.0;4393.0;7783.0;1298.0;1911.0;1318.0;2280.0;4030.0;7052.0;1205.0;1873.0;-22.0;0.0;-10.0;-2.0;NITROMETHANE
1467.0;2537.0;4473.0;7877.0;1307.0;1926.0;1323.0;2324.0;4121.0;7252.0;1216.0;1880.0;-20.0;0.0;-10.0;-2.0;NITROMETHANE
1477.0;2557.0;4539.0;8015.0;1329.0;1943.0;1346.0;2354.0;4158.0;7301.0;1234.0;1914.0;-19.0;-3.0;-12.0;0.0;NITROMETHANE
1506.0;2615.0;4617.0;8102.0;1346.0;1962.0;1379.0;2405.0;4226.0;7442.0;1249.0;1941.0;-16.0;-4.0;-12.0;1.0;NITROMETHANE
1525.0;2660.0;4680.0;8196.0;1363.0;2004.0;1399.0;2426.0;4280.0;7522.0;1266.0;1951.0;-18.0;-4.0;-18.0;1.0;NITROMETHANE
1536.0;2665.0;4707.0;8306.0;1381.0;2030.0;1424.0;2473.0;4342.0;7631.0;1298.0;1995.0;-16.0;-4.0;-12.0;2.0;NITROMETHANE
1582.0;2739.0;4807.0;8451.0;1403.0;2060.0;1449.0;2488.0;4390.0;7739.0;1301.0;2025.0;-18.0;-4.0;-6.0;2.0;NITROMETHANE
1606.0;2779.0;4880.0;8582.0;1430.0;2087.0;1486.0;2547.0;4476.0;7889.0;1335.0;2074.0;-16.0;0.0;-6.0;5.0;NITROMETHANE
1642.0;2822.0;4984.0;8753.0;1456.0;2138.0;1495.0;2618.0;4606.0;8066.0;1358.0;2098.0;-18.0;0.0;-10.0;5.0;NITROMETHANE
1649.0;2857.0;5034.0;8911.0;1476.0;2179.0;1532.0;2658.0;4693.0;8270.0;1391.0;2141.0;-16.0;0.0;-6.0;6.0;NITROMETHANE
1677.0;2918.0;5147.0;9077.0;1504.0;2203.0;1559.0;2707.0;4763.0;8369.0;1412.0;2188.0;-17.0;-4.0;-10.0;3.0;NITROMETHANE
1716.0;2980.0;5259.0;9258.0;1532.0;2233.0;1583.0;2743.0;4838.0;8461.0;1432.0;2212.0;-14.0;-5.0;-10.0;3.0;NITROMETHANE
1747.0;2999.0;5277.0;9253.0;1539.0;2259.0;1629.0;2814.0;4946.0;8684.0;1446.0;2230.0;-14.0;-5.0;-9.0;5.0;NITROMETHANE
1755.0;3041.0;5339.0;9384.0;1551.0;2286.0;1619.0;2797.0;4933.0;8673.0;1458.0;2246.0;-14.0;-4.0;-8.0;3.0;NITROMETHANE
1791.0;3091.0;5401.0;9504.0;1568.0;2297.0;1647.0;2862.0;4996.0;8633.0;1445.0;2245.0;-14.0;-4.0;-8.0;7.0;NITROMETHANE
1800.0;3096.0;5421.0;9433.0;1568.0;2285.0;1635.0;2810.0;4924.0;8595.0;1445.0;2247.0;-14.0;-2.0;-8.0;3.0;NITROMETHANE
1789.0;3098.0;5436.0;9452.0;1574.0;2279.0;1629.0;2812.0;4931.0;8603.0;1444.0;2225.0;-14.0;2.0;-3.0;4.0;NITROMETHANE
1803.0;3087.0;5398.0;9442.0;1555.0;2284.0;1631.0;2833.0;4996.0;8735.0;1460.0;2246.0;-14.0;2.0;-8.0;3.0;NITROMETHANE
1791.0;3093.0;5416.0;9551.0;1575.0;2302.0;1656.0;2867.0;5046.0;8781.0;1479.0;2283.0;-14.0;2.0;-11.0;3.0;NITROMETHANE
1824.0;3150.0;5513.0;9687.0;1605.0;2369.0;1702.0;2958.0;5116.0;8942.0;1505.0;2312.0;-18.0;2.0;-13.0;3.0;NITROMETHANE
1867.0;3221.0;5644.0;9883.0;1633.0;2403.0;1725.0;2989.0;5238.0;9204.0;1542.0;2379.0;-15.0;0.0;-11.0;3.0;NITROMETHANE
1897.0;3264.0;5761.0;10068.0;1659.0;2443.0;1777.0;3066.0;5348.0;9300.0;1558.0;2414.0;-16.0;-2.0;-13.0;11.0;NITROMETHANE
1933.0;3346.0;5877.0;10263.0;1688.0;2473.0;1816.0;3154.0;5510.0;9632.0;1593.0;2444.0;-16.0;-1.0;-11.0;6.0;NITROMETHANE
1988.0;3411.0;5939.0;10407.0;1717.0;2509.0;1814.0;3129.0;5462.0;9564.0;1614.0;2466.0;-15.0;-2.0;-5.0;8.0;NITROMETHANE
1994.0;3396.0;5995.0;10481.0;1731.0;2524.0;1848.0;3171.0;5543.0;9659.0;1609.0;2477.0;-15.0;-3.0;-5.0;9.0;NITROMETHANE
2016.0;3470.0;6016.0;10547.0;1741.0;2540.0;1851.0;3210.0;5576.0;9702.0;1624.0;2501.0;-16.0;-5.0;-10.0;3.0;NITROMETHANE
2015.0;3469.0;6053.0;10591.0;1752.0;2554.0;1843.0;3186.0;5596.0;9733.0;1627.0;2495.0;-16.0;-5.0;-7.0;3.0;NITROMETHANE
2025.0;3473.0;6052.0;10587.0;1750.0;2569.0;1895.0;3268.0;5681.0;9875.0;1651.0;2525.0;-16.0;-5.0;-7.0;4.0;NITROMETHANE
2079.0;3552.0;6194.0;10822.0;1787.0;2600.0;1935.0;3312.0;5766.0;10020.0;1679.0;2575.0;-20.0;-6.0;-10.0;2.0;NITROMETHANE
2116.0;3596.0;6310.0;10939.0;1808.0;2620.0;1945.0;3359.0;5838.0;10225.0;1694.0;2607.0;-20.0;-5.0;-10.0;7.0;NITROMETHANE
2140.0;3664.0;6379.0;11135.0;1821.0;2667.0;1967.0;3386.0;5872.0;10281.0;1715.0;2623.0;-20.0;1.0;-7.0;2.0;NITROMETHANE
2164.0;3698.0;6449.0;11195.0;1831.0;2643.0;1941.0;3317.0;5777.0;10085.0;1698.0;2589.0;-16.0;1.0;0.0;6.0;NITROMETHANE
2142.0;3670.0;6401.0;11059.0;1820.0;2659.0;1953.0;3371.0;5860.0;10229.0;1701.0;2600.0;-16.0;3.0;-2.0;6.0;NITROMETHANE
2149.0;3652.0;6379.0;11122.0;1816.0;2665.0;1986.0;3428.0;5900.0;10200.0;1711.0;2634.0;-16.0;2.0;-2.0;7.0;NITROMETHANE
2152.0;3705.0;6458.0;11253.0;1840.0;2698.0;2032.0;3474.0;6057.0;10495.0;1742.0;2668.0;-16.0;2.0;-2.0;1.0;NITROMETHANE
2186.0;3757.0;6522.0;11368.0;1880.0;2743.0;2050.0;3504.0;6067.0;10607.0;1767.0;2695.0;-16.0;1.0;-5.0;1.0;NITROMETHANE
2226.0;3804.0;6634.0;11578.0;1911.0;2765.0;2071.0;3560.0;6216.0;10739.0;1784.0;2717.0;-16.0;1.0;-11.0;1.0;NITROMETHANE
2255.0;3857.0;6727.0;11694.0;1923.0;2820.0;2081.0;3583.0;6211.0;10805.0;1807.0;2759.0;-24.0;0.0;-13.0;1.0;NITROMETHANE
2281.0;3906.0;6774.0;11834.0;1938.0;2831.0;2081.0;3586.0;6238.0;10901.0;1811.0;2786.0;-17.0;0.0;-11.0;2.0;NITROMETHANE
2303.0;3943.0;6878.0;11924.0;1962.0;2861.0;2111.0;3666.0;6339.0;11016.0;1830.0;2809.0;-17.0;0.0;-11.0;2.0;NITROMETHANE
2306.0;3976.0;6904.0;12007.0;1972.0;2864.0;2142.0;3686.0;6454.0;11172.0;1844.0;2827.0;-15.0;0.0;-4.0;4.0;NITROMETHANE
2348.0;4004.0;6988.0;12059.0;1978.0;2862.0;2153.0;3683.0;6417.0;11170.0;1858.0;2819.0;-17.0;1.0;-4.0;4.0;NITROMETHANE
2353.0;3998.0;6966.0;12114.0;1989.0;2888.0;2154.0;3716.0;6442.0;11112.0;1855.0;2814.0;-15.0;3.0;-4.0;5.0;NITROMETHANE
2356.0;4005.0;6970.0;12172.0;1995.0;2877.0;2186.0;3750.0;6464.0;11239.0;1864.0;2853.0;-15.0;3.0;-6.0;3.0;NITROMETHANE
2382.0;4059.0;7073.0;12241.0;2006.0;2899.0;2208.0;3776.0;6555.0;11294.0;1867.0;2871.0;-15.0;1.0;-9.0;3.0;NITROMETHANE
2412.0;4108.0;7123.0;12321.0;2018.0;2915.0;2197.0;3747.0;6476.0;11219.0;1868.0;2868.0;-16.0;1.0;-10.0;3.0;NITROMETHANE
2372.0;4032.0;7021.0;12211.0;2002.0;2909.0;2174.0;3730.0;6506.0;11287.0;1877.0;2882.0;-15.0;1.0;-10.0;3.0;NITROMETHANE
2410.0;4134.0;7156.0;12326.0;2022.0;2926.0;2214.0;3797.0;6584.0;11390.0;1893.0;2890.0;-15.0;-1.0;-10.0;3.0;NITROMETHANE
2427.0;4141.0;7199.0;12431.0;2042.0;2955.0;2243.0;3834.0;6604.0;11463.0;1900.0;2919.0;-15.0;-1.0;-12.0;0.0;NITROMETHANE
2456.0;4176.0;7273.0;12622.0;2062.0;2989.0;2295.0;3937.0;6808.0;11748.0;1951.0;2961.0;-22.0;1.0;-15.0;0.0;NITROMETHANE
2507.0;4276.0;7424.0;12732.0;2092.0;3030.0;2311.0;3951.0;6825.0;11747.0;1957.0;2968.0;-22.0;1.0;-14.0;4.0;NITROMETHANE
2514.0;4283.0;7443.0;12858.0;2093.0;3034.0;2305.0;3937.0;6820.0;11766.0;1963.0;2972.0;-22.0;2.0;-15.0;1.0;NITROMETHANE
2543.0;4303.0;7477.0;12940.0;2092.0;3010.0;2353.0;4015.0;6870.0;11920.0;1968.0;2969.0;-23.0;1.0;-15.0;1.0;NITROMETHANE
2503.0;4249.0;7409.0;12758.0;2079.0;3003.0;2281.0;3911.0;6770.0;11725.0;1947.0;2962.0;-22.0;-1.0;-15.0;3.0;NITROMETHANE
2505.0;4261.0;7373.0;12693.0;2077.0;3003.0;2286.0;3890.0;6733.0;11626.0;1949.0;2958.0;-17.0;-1.0;-14.0;1.0;NITROMETHANE
2540.0;4310.0;7469.0;12816.0;2087.0;3018.0;2307.0;3976.0;6849.0;11816.0;1953.0;2978.0;-17.0;-1.0;-15.0;1.0;NITROMETHANE
2509.0;4276.0;7450.0;12910.0;2094.0;3029.0;2348.0;4012.0;6910.0;11872.0;1964.0;2983.0;-19.0;2.0;-5.0;3.0;NITROMETHANE
2534.0;4305.0;7486.0;12885.0;2115.0;3054.0;2336.0;4018.0;6935.0;11995.0;1982.0;3017.0;-19.0;2.0;-5.0;3.0;NITROMETHANE
2546.0;4366.0;7589.0;13107.0;2141.0;3084.0;2418.0;4080.0;7052.0;12154.0;2007.0;3039.0;-19.0;4.0;-9.0;3.0;NITROMETHANE
2600.0;4427.0;7655.0;13169.0;2143.0;3106.0;2395.0;4081.0;7035.0;12224.0;2023.0;3050.0;-19.0;2.0;-14.0;3.0;NITROMETHANE
2591.0;4419.0;7648.0;13278.0;2143.0;3112.0;2390.0;4106.0;7076.0;12324.0;2021.0;3085.0;-12.0;0.0;-11.0;1.0;NITROMETHANE
2619.0;4463.0;7716.0;13341.0;2174.0;3138.0;2429.0;4152.0;7129.0;12354.0;2038.0;3096.0;-12.0;-1.0;-14.0;0.0;NITROMETHANE
2649.0;4501.0;7766.0;13375.0;2171.0;3147.0;2421.0;4115.0;7110.0;12257.0;2037.0;3090.0;-12.0;-1.0;-14.0;0.0;NITROMETHANE
2650.0;4508.0;7780.0;13476.0;2188.0;3155.0;2464.0;4224.0;7278.0;12464.0;2065.0;3119.0;-17.0;-2.0;-14.0;0.0;NITROMETHANE
2700.0;4557.0;7869.0;13594.0;2209.0;3172.0;2459.0;4226.0;7270.0;12517.0;2052.0;3131.0;-17.0;-2.0;-11.0;6.0;NITROMETHANE
2674.0;4543.0;7872.0;13522.0;2209.0;3198.0;2538.0;4302.0;7348.0;12665.0;2072.0;3161.0;-17.0;-2.0;-12.0;10.0;NITROMETHANE
2710.0;4610.0;7978.0;13737.0;2234.0;3210.0;2491.0;4270.0;7334.0;12619.0;2093.0;3188.0;-17.0;-2.0;-10.0;6.0;NITROMETHANE
2715.0;4612.0;8006.0;13787.0;2248.0;3250.0;2535.0;4332.0;7462.0;12875.0;2129.0;3214.0;-16.0;-2.0;-6.0;8.0;NITROMETHANE
2780.0;4721.0;8145.0;14023.0;2270.0;3268.0;2583.0;4414.0;7605.0;13033.0;2137.0;3216.0;-16.0;0.0;-10.0;4.0;NITROMETHANE
2779.0;4724.0;8154.0;14106.0;2278.0;3299.0;2585.0;4430.0;7628.0;13146.0;2139.0;3250.0;-16.0;0.0;-12.0;0.0;NITROMETHANE
2786.0;4717.0;8199.0;14082.0;2288.0;3292.0;2581.0;4420.0;7622.0;13069.0;2156.0;3245.0;-20.0;0.0;-10.0;0.0;NITROMETHANE
2817.0;4779.0;8239.0;14120.0;2301.0;3310.0;2601.0;4423.0;7622.0;13068.0;2165.0;3279.0;-22.0;0.0;-12.0;3.0;NITROMETHANE
2825.0;4793.0;8251.0;14260.0;2331.0;3337.0;2605.0;4438.0;7626.0;13177.0;2191.0;3311.0;-22.0;2.0;-12.0;-1.0;NITROMETHANE
2852.0;4840.0;8436.0;14424.0;2349.0;3385.0;2656.0;4512.0;7752.0;13419.0;2214.0;3348.0;-20.0;-6.0;-19.0;1.0;NITROMETHANE
2894.0;4912.0;8471.0;14581.0;2384.0;3459.0;2740.0;4706.0;8224.0;14292.0;2333.0;3389.0;-20.0;-7.0;-8.0;3.0;NITROMETHANE
3014.0;5157.0;8910.0;15201.0;2463.0;3448.0;2759.0;4681.0;8108.0;14149.0;2320.0;3380.0;-15.0;-7.0;-3.0;1.0;NITROMETHANE
3003.0;5114.0;8920.0;15265.0;2463.0;3426.0;2756.0;4697.0;8104.0;14148.0;2299.0;3369.0;-10.0;2.0;-3.0;1.0;NITROMETHANE
3067.0;5161.0;8942.0;15272.0;2465.0;3430.0;2779.0;4752.0;8193.0;14167.0;2312.0;3378.0;-15.0;-2.0;-8.0;3.0;NITROMETHANE
3038.0;5165.0;8983.0;15216.0;2451.0;3420.0;2749.0;4692.0;8123.0;14061.0;2293.0;3351.0;-10.0;2.0;-6.0;5.0;NITROMETHANE
3080.0;5220.0;9030.0;15293.0;2466.0;3439.0;2770.0;4738.0;8170.0;14062.0;2291.0;3373.0;-15.0;2.0;-8.0;3.0;NITROMETHANE
3044.0;5193.0;8995.0;15341.0;2486.0;3482.0;2806.0;4789.0;8220.0;14290.0;2330.0;3414.0;-10.0;7.0;-8.0;5.0;NITROMETHANE
3122.0;5270.0;9105.0;15512.0;2513.0;3495.0;2798.0;4795.0;8313.0;14336.0;2353.0;3447.0;-13.0;1.0;-6.0;4.0;NITROMETHANE
3167.0;5339.0;9243.0;15537.0;2514.0;3491.0;2829.0;4838.0;8327.0;14425.0;2358.0;3447.0;-13.0;4.0;-6.0;4.0;NITROMETHANE
3169.0;5337.0;9261.0;15573.0;2529.0;3516.0;2886.0;4909.0;8504.0;14643.0;2396.0;3491.0;-20.0;2.0;-7.0;4.0;NITROMETHANE
3246.0;5497.0;9479.0;15873.0;2583.0;3611.0;2940.0;5020.0;8697.0;14990.0;2451.0;3575.0;-20.0;4.0;-7.0;5.0;NITROMETHANE
3162.0;5369.0;9242.0;15628.0;2576.0;3709.0;2985.0;5038.0;8636.0;14799.0;2440.0;3676.0;-20.0;2.0;-7.0;7.0;NITROMETHANE
3282.0;5547.0;9511.0;15967.0;2635.0;3779.0;3064.0;5196.0;8918.0;15227.0;2488.0;3751.0;-20.0;4.0;-7.0;3.0;NITROMETHANE
3340.0;5634.0;9687.0;16205.0;2679.0;3818.0;3066.0;5197.0;8882.0;15221.0;2520.0;3798.0;-19.0;0.0;-6.0;3.0;NITROMETHANE
3367.0;5673.0;9771.0;16212.0;2705.0;3855.0;3135.0;5300.0;9050.0;15568.0;2539.0;3817.0;-19.0;0.0;-4.0;1.0;NITROMETHANE
3413.0;5745.0;9922.0;16419.0;2719.0;3884.0;3195.0;5383.0;9187.0;15681.0;2575.0;3863.0;-15.0;0.0;-3.0;3.0;NITROMETHANE
3435.0;5771.0;9893.0;16483.0;2753.0;3928.0;3214.0;5443.0;9311.0;15912.0;2589.0;3881.0;-15.0;1.0;-4.0;3.0;NITROMETHANE
3485.0;5842.0;10013.0;16559.0;2780.0;3952.0;3212.0;5463.0;9363.0;15988.0;2614.0;3912.0;-16.0;2.0;-6.0;3.0;NITROMETHANE
3482.0;5890.0;10123.0;16654.0;2799.0;3988.0;3240.0;5518.0;9418.0;16032.0;2637.0;3919.0;-16.0;2.0;-7.0;6.0;NITROMETHANE
3523.0;5957.0;10167.0;16797.0;2811.0;4008.0;3262.0;5525.0;9467.0;16078.0;2645.0;3975.0;-16.0;1.0;-8.0;3.0;NITROMETHANE
3523.0;5974.0;10247.0;16762.0;2815.0;4020.0;3310.0;5568.0;9431.0;16129.0;2650.0;3961.0;-16.0;2.0;-16.0;3.0;NITROMETHANE
3559.0;5999.0;10279.0;16842.0;2844.0;4036.0;3326.0;5635.0;9624.0;16328.0;2670.0;3982.0;-16.0;0.0;-8.0;3.0;NITROMETHANE
3560.0;6018.0;10307.0;16885.0;2842.0;4046.0;3350.0;5649.0;9629.0;16337.0;2674.0;4019.0;-16.0;0.0;-7.0;-1.0;NITROMETHANE
3618.0;6094.0;10442.0;17099.0;2886.0;4079.0;3338.0;5671.0;9698.0;16461.0;2699.0;4035.0;-16.0;2.0;-7.0;-1.0;NITROMETHANE
3676.0;6200.0;10576.0;17147.0;2887.0;4097.0;3372.0;5674.0;9762.0;16546.0;2723.0;4059.0;-16.0;2.0;-7.0;0.0;NITROMETHANE
3612.0;6085.0;10492.0;17090.0;2903.0;4141.0;3429.0;5804.0;9899.0;16853.0;2748.0;4113.0;-11.0;0.0;-7.0;0.0;NITROMETHANE
3720.0;6243.0;10711.0;17276.0;2920.0;4154.0;3444.0;5817.0;9927.0;16944.0;2764.0;4133.0;-11.0;0.0;-7.0;0.0;NITROMETHANE
3726.0;6285.0;10770.0;17282.0;2944.0;4172.0;3499.0;5891.0;10031.0;16959.0;2755.0;4111.0;-16.0;0.0;-7.0;0.0;NITROMETHANE
3709.0;6297.0;10777.0;17283.0;2937.0;4150.0;3449.0;5805.0;9863.0;16796.0;2741.0;4073.0;-16.0;0.0;-8.0;1.0;NITROMETHANE
3709.0;6254.0;10659.0;17205.0;2901.0;4131.0;3426.0;5794.0;9863.0;16780.0;2742.0;4088.0;-16.0;5.0;-10.0;0.0;NITROMETHANE
3746.0;6307.0;10684.0;17271.0;2923.0;4136.0;3417.0;5761.0;9784.0;16605.0;2735.0;4081.0;-16.0;5.0;-10.0;-1.0;NITROMETHANE
3692.0;6206.0;10586.0;17140.0;2881.0;4090.0;3405.0;5742.0;9763.0;16461.0;2697.0;4021.0;-16.0;0.0;-10.0;1.0;NITROMETHANE
3650.0;6143.0;10516.0;17025.0;2860.0;4050.0;3395.0;5770.0;9813.0;16596.0;2698.0;3995.0;-13.0;0.0;-10.0;1.0;NITROMETHANE
3636.0;6096.0;10455.0;16968.0;2856.0;4052.0;3412.0;5750.0;9780.0;16430.0;2678.0;3988.0;-13.0;-1.0;-6.0;3.0;NITROMETHANE
3597.0;6069.0;10347.0;16997.0;2851.0;4048.0;3317.0;5612.0;9548.0;16381.0;2665.0;3992.0;-13.0;-1.0;-6.0;7.0;NITROMETHANE
3629.0;6138.0;10448.0;17037.0;2847.0;4043.0;3352.0;5658.0;9646.0;16442.0;2680.0;4000.0;-13.0;-7.0;-7.0;12.0;NITROMETHANE
3615.0;6113.0;10434.0;16969.0;2862.0;4066.0;3407.0;5778.0;9778.0;16644.0;2705.0;4026.0;-13.0;-2.0;-7.0;12.0;NITROMETHANE
3669.0;6170.0;10523.0;17090.0;2868.0;4101.0;3390.0;5730.0;9722.0;16594.0;2717.0;4045.0;-16.0;-2.0;-7.0;8.0;NITROMETHANE
3701.0;6229.0;10648.0;17175.0;2901.0;4125.0;3424.0;5785.0;9904.0;16840.0;2749.0;4123.0;-18.0;-4.0;-10.0;5.0;NITROMETHANE
3754.0;6314.0;10779.0;17384.0;2948.0;4185.0;3450.0;5812.0;9919.0;16921.0;2780.0;4145.0;-18.0;-2.0;-10.0;5.0;NITROMETHANE
3795.0;6378.0;10965.0;17511.0;2993.0;4228.0;3533.0;5974.0;10189.0;17207.0;2805.0;4188.0;-16.0;-2.0;-7.0;3.0;NITROMETHANE
3827.0;6424.0;11022.0;17584.0;3021.0;4287.0;3591.0;6058.0;10271.0;17558.0;2864.0;4263.0;-11.0;-2.0;-6.0;3.0;NITROMETHANE
3930.0;6601.0;11268.0;17821.0;3073.0;4351.0;3634.0;6133.0;10455.0;17860.0;2916.0;4354.0;-11.0;-2.0;-6.0;0.0;NITROMETHANE
3969.0;6679.0;11447.0;17971.0;3121.0;4384.0;3714.0;6251.0;10641.0;18022.0;2935.0;4358.0;-11.0;-2.0;-6.0;0.0;NITROMETHANE
3992.0;6719.0;11457.0;18007.0;3125.0;4439.0;3787.0;6349.0;10779.0;18209.0;2960.0;4354.0;-18.0;-2.0;-6.0;0.0;NITROMETHANE
4023.0;6710.0;11493.0;18000.0;3136.0;4412.0;3709.0;6278.0;10681.0;18109.0;2953.0;4373.0;-18.0;-2.0;-6.0;0.0;NITROMETHANE
4041.0;6799.0;11581.0;18078.0;3136.0;4427.0;3698.0;6259.0;10647.0;18115.0;2939.0;4359.0;-18.0;-2.0;-9.0;0.0;NITROMETHANE
4018.0;6770.0;11522.0;18022.0;3121.0;4399.0;3784.0;6375.0;10792.0;18189.0;2933.0;4344.0;-18.0;-2.0;-9.0;9.0;NITROMETHANE
4015.0;6715.0;11463.0;18009.0;3132.0;4404.0;3697.0;6218.0;10557.0;17975.0;2928.0;4351.0;-18.0;-2.0;-6.0;6.0;NITROMETHANE
4016.0;6729.0;11523.0;18022.0;3108.0;4415.0;3799.0;6377.0;10780.0;18182.0;2952.0;4379.0;-22.0;-3.0;-11.0;9.0;NITROMETHANE
4048.0;6768.0;11583.0;18098.0;3150.0;4473.0;3768.0;6333.0;10774.0;18337.0;2979.0;4442.0;-23.0;-3.0;-13.0;6.0;NITROMETHANE
4126.0;6912.0;11767.0;18249.0;3184.0;4498.0;3792.0;6394.0;10822.0;18339.0;3004.0;4444.0;-22.0;-4.0;-11.0;7.0;NITROMETHANE
4139.0;6951.0;11812.0;18335.0;3213.0;4544.0;3906.0;6575.0;11212.0;18942.0;3067.0;4547.0;-21.0;1.0;-10.0;2.0;NITROMETHANE
4194.0;7027.0;11991.0;18463.0;3248.0;4612.0;3917.0;6598.0;11163.0;18882.0;3086.0;4573.0;-21.0;1.0;-10.0;2.0;NITROMETHANE
4280.0;7172.0;12175.0;18604.0;3316.0;4642.0;3971.0;6719.0;11302.0;19250.0;3117.0;4633.0;-19.0;1.0;-9.0;2.0;NITROMETHANE
4342.0;7257.0;12385.0;18730.0;3354.0;4709.0;4057.0;6811.0;11517.0;19504.0;3177.0;4702.0;-15.0;-1.0;-5.0;2.0;NITROMETHANE
4407.0;7375.0;12576.0;18925.0;3390.0;4740.0;4090.0;6867.0;11610.0;19689.0;3187.0;4710.0;-15.0;0.0;-5.0;0.0;NITROMETHANE
4407.0;7376.0;12507.0;18835.0;3377.0;4763.0;4069.0;6844.0;11623.0;19635.0;3199.0;4743.0;-15.0;0.0;-5.0;2.0;NITROMETHANE
4425.0;7431.0;12620.0;18925.0;3407.0;4764.0;4062.0;6834.0;11590.0;19672.0;3204.0;4725.0;-15.0;-1.0;-9.0;0.0;NITROMETHANE
4425.0;7407.0;12576.0;18882.0;3380.0;4747.0;4099.0;6869.0;11559.0;19554.0;3178.0;4675.0;-23.0;0.0;-7.0;0.0;NITROMETHANE
4387.0;7337.0;12411.0;18711.0;3327.0;4653.0;4000.0;6712.0;11306.0;19196.0;3101.0;4585.0;-23.0;1.0;-9.0;2.0;NITROMETHANE
4315.0;7194.0;12198.0;18622.0;3286.0;4591.0;3909.0;6572.0;11106.0;18765.0;3061.0;4537.0;-23.0;1.0;-9.0;8.0;NITROMETHANE
4238.0;7108.0;12074.0;18484.0;3263.0;4604.0;3939.0;6659.0;11213.0;19131.0;3096.0;4575.0;-20.0;1.0;-7.0;8.0;NITROMETHANE
4320.0;7215.0;12240.0;18621.0;3311.0;4679.0;4007.0;6704.0;11370.0;19291.0;3129.0;4627.0;-20.0;1.0;-7.0;9.0;NITROMETHANE
4360.0;7277.0;12341.0;18672.0;3313.0;4657.0;4027.0;6769.0;11449.0;19317.0;3118.0;4612.0;-9.0;1.0;-6.0;9.0;NITROMETHANE
4327.0;7271.0;12354.0;18670.0;3294.0;4644.0;3995.0;6714.0;11364.0;19154.0;3099.0;4577.0;-9.0;1.0;-6.0;9.0;NITROMETHANE
4299.0;7178.0;12164.0;18540.0;3270.0;4597.0;3984.0;6695.0;11282.0;18994.0;3068.0;4516.0;-20.0;0.0;-12.0;9.0;NITROMETHANE
4259.0;7161.0;12102.0;18465.0;3250.0;4545.0;3945.0;6645.0;11238.0;18903.0;3069.0;4522.0;-20.0;-3.0;-12.0;11.0;NITROMETHANE
4256.0;7106.0;12080.0;18428.0;3236.0;4545.0;3882.0;6528.0;11057.0;18742.0;3054.0;4489.0;-19.0;-6.0;-9.0;10.0;NITROMETHANE
4240.0;7093.0;12073.0;18418.0;3238.0;4556.0;3876.0;6507.0;11082.0;18652.0;3028.0;4474.0;-19.0;-6.0;-9.0;7.0;NITROMETHANE
4223.0;7036.0;11928.0;18331.0;3212.0;4519.0;3898.0;6563.0;11130.0;18706.0;3027.0;4463.0;-19.0;-6.0;-9.0;7.0;NITROMETHANE
4181.0;6976.0;11885.0;18268.0;3175.0;4452.0;3797.0;6398.0;10811.0;18260.0;2952.0;4367.0;-19.0;-6.0;-9.0;2.0;NITROMETHANE
4083.0;6829.0;11542.0;18022.0;3103.0;4338.0;3661.0;6134.0;10432.0;17673.0;2861.0;4238.0;-20.0;-7.0;-9.0;2.0;NITROMETHANE
3973.0;6647.0;11237.0;17657.0;3015.0;4244.0;3607.0;6070.0;10263.0;17258.0;2805.0;4195.0;-20.0;-5.0;-8.0;0.0;NITROMETHANE
3902.0;6558.0;11162.0;17617.0;2998.0;4268.0;3639.0;6073.0;10297.0;17466.0;2842.0;4231.0;-20.0;-3.0;-8.0;0.0;NITROMETHANE
3962.0;6626.0;11283.0;17779.0;3035.0;4305.0;3641.0;6139.0;10464.0;17729.0;2871.0;4274.0;-20.0;-3.0;-8.0;1.0;NITROMETHANE
3987.0;6673.0;11390.0;17818.0;3075.0;4324.0;3695.0;6232.0;10453.0;17715.0;2899.0;4323.0;-20.0;-2.0;-8.0;0.0;NITROMETHANE
3989.0;6698.0;11362.0;17933.0;3099.0;4370.0;3746.0;6261.0;10592.0;18048.0;2926.0;4349.0;-13.0;1.0;-8.0;1.0;NITROMETHANE
4035.0;6781.0;11503.0;17997.0;3111.0;4370.0;3746.0;6262.0;10614.0;18017.0;2920.0;4343.0;-13.0;1.0;-5.0;5.0;NITROMETHANE
4058.0;6794.0;11599.0;18045.0;3107.0;4387.0;3753.0;6327.0;10690.0;18042.0;2920.0;4325.0;-24.0;1.0;-9.0;5.0;NITROMETHANE
4024.0;6732.0;11511.0;17979.0;3109.0;4374.0;3702.0;6221.0;10540.0;17888.0;2927.0;4324.0;-26.0;-3.0;-9.0;5.0;NITROMETHANE
4026.0;6750.0;11384.0;17956.0;3100.0;4355.0;3789.0;6328.0;10784.0;18073.0;2915.0;4322.0;-11.0;-3.0;-9.0;4.0;NITROMETHANE
4071.0;6807.0;11510.0;17990.0;3099.0;4330.0;3717.0;6263.0;10538.0;17842.0;2893.0;4260.0;-14.0;-3.0;-9.0;1.0;NITROMETHANE
4000.0;6670.0;11316.0;17830.0;3046.0;4305.0;3650.0;6131.0;10342.0;17542.0;2873.0;4219.0;-15.0;-3.0;-9.0;1.0;NITROMETHANE
4001.0;6704.0;11328.0;17818.0;3065.0;4325.0;3692.0;6185.0;10458.0;17765.0;2872.0;4256.0;-15.0;-1.0;-9.0;1.0;NITROMETHANE
3953.0;6650.0;11329.0;17824.0;3046.0;4273.0;3664.0;6141.0;10336.0;17586.0;2853.0;4224.0;-15.0;0.0;-9.0;1.0;NITROMETHANE
3956.0;6596.0;11260.0;17707.0;3020.0;4261.0;3623.0;6057.0;10247.0;17413.0;2825.0;4202.0;-15.0;0.0;-6.0;1.0;NITROMETHANE
3900.0;6537.0;11071.0;17598.0;2983.0;4188.0;3607.0;6074.0;10303.0;17257.0;2793.0;4140.0;-18.0;2.0;-6.0;6.0;NITROMETHANE
3862.0;6485.0;11000.0;17440.0;2960.0;4183.0;3556.0;5961.0;10123.0;17127.0;2782.0;4146.0;-21.0;0.0;-12.0;3.0;NITROMETHANE
3876.0;6477.0;10974.0;17465.0;2964.0;4176.0;3575.0;5994.0;10119.0;17127.0;2782.0;4154.0;-18.0;1.0;-12.0;3.0;NITROMETHANE
3864.0;6466.0;10955.0;17476.0;2959.0;4173.0;3537.0;5919.0;10051.0;17033.0;2771.0;4117.0;-21.0;-3.0;-6.0;1.0;NITROMETHANE
3862.0;6461.0;10929.0;17422.0;2973.0;4185.0;3542.0;5944.0;10061.0;17147.0;2806.0;4160.0;-21.0;-3.0;-7.0;1.0;NITROMETHANE
3922.0;6538.0;11176.0;17642.0;2993.0;4210.0;3581.0;6059.0;10268.0;17369.0;2805.0;4167.0;-16.0;-3.0;-8.0;1.0;NITROMETHANE
3912.0;6527.0;11107.0;17588.0;3006.0;4213.0;3580.0;6008.0;10220.0;17321.0;2800.0;4124.0;-16.0;1.0;-8.0;1.0;NITROMETHANE
3846.0;6446.0;10901.0;17471.0;2964.0;4169.0;3528.0;5951.0;10084.0;17006.0;2769.0;4110.0;-19.0;-3.0;-7.0;1.0;NITROMETHANE
3829.0;6415.0;10944.0;17437.0;2949.0;4167.0;3577.0;5979.0;10100.0;17083.0;2755.0;4129.0;-16.0;0.0;-7.0;5.0;NITROMETHANE
3875.0;6492.0;11016.0;17505.0;2961.0;4169.0;3574.0;6005.0;10140.0;17133.0;2781.0;4128.0;-17.0;0.0;-7.0;5.0;NITROMETHANE
3859.0;6474.0;11025.0;17506.0;2957.0;4179.0;3554.0;5947.0;10116.0;17103.0;2792.0;4152.0;-19.0;-2.0;-7.0;3.0;NITROMETHANE
3877.0;6505.0;11041.0;17491.0;2983.0;4225.0;3629.0;6058.0;10293.0;17332.0;2805.0;4184.0;-17.0;-2.0;-7.0;3.0;NITROMETHANE
3941.0;6581.0;11191.0;17673.0;3016.0;4247.0;3646.0;6137.0;10294.0;17453.0;2843.0;4221.0;-17.0;-2.0;-7.0;3.0;NITROMETHANE
3956.0;6613.0;11235.0;17756.0;3045.0;4295.0;3671.0;6156.0;10449.0;17709.0;2878.0;4285.0;-17.0;-2.0;-7.0;6.0;NITROMETHANE
3975.0;6678.0;11347.0;17890.0;3077.0;4347.0;3694.0;6201.0;10499.0;17846.0;2900.0;4323.0;-22.0;-7.0;-7.0;4.0;NITROMETHANE
4036.0;6739.0;11454.0;17979.0;3095.0;4367.0;3740.0;6277.0;10604.0;17922.0;2916.0;4334.0;-17.0;1.0;-7.0;4.0;NITROMETHANE
4044.0;6783.0;11523.0;18032.0;3124.0;4380.0;3780.0;6304.0;10681.0;18038.0;2935.0;4341.0;-17.0;-1.0;-7.0;2.0;NITROMETHANE
4057.0;6804.0;11580.0;18038.0;3121.0;4407.0;3752.0;6333.0;10680.0;18161.0;2948.0;4372.0;-16.0;1.0;-5.0;0.0;NITROMETHANE
4094.0;6856.0;11657.0;18078.0;3136.0;4406.0;3738.0;6298.0;10758.0;18146.0;2947.0;4368.0;-13.0;1.0;-4.0;-2.0;NITROMETHANE
4074.0;6832.0;11543.0;18053.0;3123.0;4374.0;3730.0;6269.0;10656.0;18062.0;2928.0;4325.0;-13.0;2.0;-5.0;-2.0;NITROMETHANE
4087.0;6825.0;11620.0;18043.0;3109.0;4354.0;3734.0;6284.0;10599.0;17967.0;2916.0;4274.0;-8.0;3.0;-4.0;-2.0;NITROMETHANE
4016.0;6739.0;11465.0;17940.0;3086.0;4320.0;3681.0;6195.0;10426.0;17665.0;2877.0;4266.0;-8.0;2.0;-4.0;1.0;NITROMETHANE
3997.0;6702.0;11392.0;17864.0;3052.0;4298.0;3681.0;6163.0;10412.0;17560.0;2849.0;4263.0;-12.0;2.0;-4.0;1.0;NITROMETHANE
3969.0;6636.0;11312.0;17811.0;3052.0;4297.0;3644.0;6135.0;10389.0;17660.0;2866.0;4229.0;-12.0;1.0;-3.0;2.0;NITROMETHANE
3996.0;6688.0;11289.0;17811.0;3047.0;4263.0;3668.0;6135.0;10395.0;17501.0;2844.0;4243.0;-12.0;-2.0;-3.0;2.0;NITROMETHANE
3996.0;6652.0;11317.0;17782.0;3037.0;4291.0;3677.0;6195.0;10465.0;17697.0;2883.0;4256.0;-13.0;-2.0;-4.0;7.0;NITROMETHANE
3962.0;6618.0;11272.0;17775.0;3053.0;4275.0;3700.0;6198.0;10484.0;17750.0;2863.0;4247.0;-14.0;-2.0;-7.0;9.0;NITROMETHANE
3968.0;6689.0;11262.0;17737.0;3046.0;4254.0;3630.0;6097.0;10318.0;17415.0;2832.0;4160.0;-13.0;-2.0;-7.0;4.0;NITROMETHANE
3963.0;6647.0;11345.0;17772.0;3030.0;4247.0;3600.0;6073.0;10252.0;17352.0;2845.0;4226.0;-14.0;-3.0;-7.0;5.0;NITROMETHANE
3946.0;6575.0;11233.0;17726.0;3033.0;4243.0;3612.0;6057.0;10236.0;17484.0;2826.0;4198.0;-14.0;-2.0;-7.0;1.0;NITROMETHANE
3969.0;6613.0;11210.0;17732.0;3041.0;4279.0;3644.0;6137.0;10366.0;17592.0;2855.0;4219.0;-15.0;-2.0;-3.0;1.0;NITROMETHANE
3970.0;6657.0;11270.0;17776.0;3040.0;4301.0;3648.0;6128.0;10431.0;17602.0;2885.0;4254.0;-16.0;2.0;-2.0;1.0;NITROMETHANE
3992.0;6685.0;11405.0;17901.0;3065.0;4310.0;3666.0;6162.0;10507.0;17782.0;2877.0;4254.0;-16.0;-2.0;-3.0;3.0;NITROMETHANE
4046.0;6743.0;11451.0;17954.0;3071.0;4299.0;3666.0;6163.0;10447.0;17631.0;2865.0;4245.0;-16.0;2.0;-5.0;3.0;NITROMETHANE
4031.0;6709.0;11385.0;17822.0;3041.0;4292.0;3669.0;6167.0;10447.0;17605.0;2854.0;4245.0;-16.0;2.0;-5.0;3.0;NITROMETHANE
4017.0;6734.0;11421.0;17860.0;3062.0;4269.0;3673.0;6176.0;10489.0;17679.0;2863.0;4227.0;-16.0;-3.0;-5.0;3.0;NITROMETHANE
3953.0;6664.0;11285.0;17742.0;3036.0;4265.0;3662.0;6126.0;10341.0;17548.0;2858.0;4214.0;-17.0;-3.0;-10.0;2.0;NITROMETHANE
4033.0;6742.0;11405.0;17787.0;3042.0;4267.0;3681.0;6195.0;10501.0;17685.0;2851.0;4240.0;-17.0;3.0;-10.0;6.0;NITROMETHANE
4009.0;6719.0;11354.0;17830.0;3052.0;4293.0;3699.0;6200.0;10535.0;17738.0;2869.0;4253.0;-15.0;-1.0;-10.0;2.0;NITROMETHANE
4049.0;6770.0;11400.0;17913.0;3061.0;4326.0;3733.0;6314.0;10700.0;17967.0;2905.0;4308.0;-15.0;0.0;-10.0;4.0;NITROMETHANE
4041.0;6789.0;11516.0;17981.0;3101.0;4358.0;3710.0;6220.0;10537.0;17926.0;2901.0;4303.0;-15.0;7.0;-10.0;2.0;NITROMETHANE
4065.0;6813.0;11604.0;17975.0;3101.0;4334.0;3719.0;6249.0;10480.0;17791.0;2889.0;4290.0;-15.0;3.0;-3.0;-1.0;NITROMETHANE
4013.0;6748.0;11484.0;17954.0;3080.0;4334.0;3692.0;6178.0;10456.0;17748.0;2883.0;4257.0;-15.0;0.0;-9.0;-1.0;NITROMETHANE
4035.0;6753.0;11478.0;17971.0;3081.0;4301.0;3778.0;6339.0;10697.0;18051.0;2891.0;4251.0;-15.0;3.0;-6.0;2.0;NITROMETHANE
4031.0;6753.0;11456.0;17891.0;3064.0;4291.0;3693.0;6162.0;10471.0;17629.0;2848.0;4214.0;-15.0;3.0;-6.0;-1.0;NITROMETHANE
4022.0;6699.0;11358.0;17771.0;3048.0;4299.0;3696.0;6217.0;10483.0;17769.0;2868.0;4246.0;-17.0;0.0;-9.0;1.0;NITROMETHANE
3994.0;6670.0;11384.0;17834.0;3042.0;4275.0;3670.0;6162.0;10414.0;17659.0;2869.0;4228.0;-15.0;0.0;-9.0;1.0;NITROMETHANE
4011.0;6706.0;11381.0;17875.0;3061.0;4340.0;3703.0;6221.0;10518.0;17785.0;2912.0;4316.0;-18.0;-1.0;-8.0;0.0;NITROMETHANE
4116.0;6861.0;11568.0;18101.0;3140.0;4448.0;3788.0;6379.0;10827.0;18355.0;2977.0;4435.0;-19.0;-2.0;-9.0;0.0;NITROMETHANE
4195.0;6998.0;11928.0;18405.0;3214.0;4487.0;3851.0;6477.0;10956.0;18462.0;2999.0;4484.0;-19.0;-1.0;-10.0;1.0;NITROMETHANE
4229.0;7098.0;11996.0;18410.0;3225.0;4528.0;3871.0;6482.0;11001.0;18729.0;3038.0;4474.0;-19.0;-1.0;-11.0;1.0;NITROMETHANE
4216.0;7030.0;11921.0;18370.0;3206.0;4506.0;3913.0;6605.0;11137.0;18789.0;3012.0;4435.0;-20.0;-1.0;-11.0;1.0;NITROMETHANE
4208.0;7035.0;11925.0;18318.0;3202.0;4468.0;3830.0;6436.0;10819.0;18379.0;2998.0;4413.0;-20.0;-1.0;-11.0;4.0;NITROMETHANE
4182.0;6999.0;11892.0;18282.0;3197.0;4444.0;3849.0;6428.0;10842.0;18333.0;2982.0;4426.0;-16.0;-1.0;-10.0;2.0;NITROMETHANE
4187.0;6998.0;11809.0;18221.0;3163.0;4421.0;3793.0;6375.0;10742.0;18229.0;2960.0;4393.0;-16.0;-1.0;-10.0;2.0;NITROMETHANE
4117.0;6904.0;11713.0;18087.0;3141.0;4397.0;3789.0;6361.0;10781.0;18142.0;2934.0;4332.0;-20.0;-1.0;-8.0;2.0;NITROMETHANE
4124.0;6885.0;11641.0;18104.0;3122.0;4363.0;3751.0;6282.0;10644.0;18035.0;2923.0;4339.0;-17.0;1.0;-7.0;2.0;NITROMETHANE
4112.0;6864.0;11683.0;18112.0;3143.0;4380.0;3810.0;6402.0;10811.0;18136.0;2947.0;4363.0;-22.0;2.0;-8.0;-2.0;NITROMETHANE
4159.0;6933.0;11694.0;18139.0;3152.0;4434.0;3798.0;6369.0;10883.0;18392.0;2974.0;4411.0;-22.0;1.0;-8.0;-2.0;NITROMETHANE
4209.0;7026.0;11942.0;18384.0;3199.0;4451.0;3902.0;6522.0;11074.0;18557.0;3009.0;4452.0;-17.0;1.0;-8.0;-2.0;NITROMETHANE
4260.0;7109.0;12027.0;18400.0;3233.0;4499.0;3957.0;6652.0;11230.0;18879.0;3039.0;4496.0;-15.0;-4.0;-7.0;-2.0;NITROMETHANE
4252.0;7112.0;12089.0;18395.0;3225.0;4534.0;3897.0;6538.0;10992.0;18647.0;3026.0;4488.0;-15.0;-4.0;-7.0;1.0;NITROMETHANE
4274.0;7143.0;12086.0;18453.0;3226.0;4533.0;3925.0;6554.0;11074.0;18782.0;3045.0;4512.0;-15.0;-3.0;-7.0;1.0;NITROMETHANE
4294.0;7154.0;12114.0;18463.0;3229.0;4512.0;3928.0;6592.0;11101.0;18734.0;3024.0;4467.0;-18.0;-3.0;-10.0;1.0;NITROMETHANE
4273.0;7110.0;12026.0;18419.0;3196.0;4459.0;3850.0;6437.0;10903.0;18426.0;2982.0;4420.0;-18.0;-4.0;-7.0;1.0;NITROMETHANE
4243.0;7067.0;11924.0;18343.0;3181.0;4445.0;3798.0;6363.0;10719.0;18162.0;2950.0;4392.0;-18.0;-3.0;-7.0;4.0;NITROMETHANE
4218.0;7047.0;11933.0;18274.0;3159.0;4408.0;3784.0;6354.0;10725.0;18151.0;2956.0;4369.0;-15.0;5.0;-10.0;4.0;NITROMETHANE
4176.0;6973.0;11828.0;18199.0;3152.0;4402.0;3830.0;6406.0;10872.0;18219.0;2954.0;4367.0;-14.0;5.0;-10.0;7.0;NITROMETHANE
4188.0;6936.0;11718.0;18189.0;3141.0;4425.0;3782.0;6332.0;10716.0;18243.0;2954.0;4398.0;-14.0;6.0;-7.0;4.0;NITROMETHANE
4176.0;6986.0;11864.0;18258.0;3169.0;4446.0;3838.0;6445.0;10882.0;18411.0;2979.0;4415.0;-14.0;5.0;-7.0;7.0;NITROMETHANE
4220.0;7035.0;11927.0;18325.0;3194.0;4488.0;3866.0;6476.0;10912.0;18497.0;3006.0;4450.0;-15.0;0.0;-10.0;2.0;NITROMETHANE
4264.0;7118.0;12065.0;18442.0;3228.0;4518.0;3892.0;6525.0;10989.0;18592.0;3030.0;4480.0;-18.0;-5.0;-10.0;4.0;NITROMETHANE
4224.0;7099.0;12031.0;18456.0;3240.0;4524.0;3894.0;6527.0;11047.0;18774.0;3042.0;4491.0;-18.0;0.0;-5.0;3.0;NITROMETHANE
4314.0;7211.0;12171.0;18536.0;3256.0;4569.0;3991.0;6673.0;11286.0;18971.0;3062.0;4518.0;-19.0;-1.0;-10.0;3.0;NITROMETHANE
4346.0;7261.0;12302.0;18587.0;3270.0;4555.0;3965.0;6618.0;11234.0;18967.0;3060.0;4489.0;-19.0;0.0;-10.0;3.0;NITROMETHANE
4317.0;7199.0;12193.0;18519.0;3270.0;4568.0;3963.0;6661.0;11227.0;18898.0;3074.0;4528.0;-18.0;-1.0;-10.0;3.0;NITROMETHANE
4382.0;7301.0;12324.0;18657.0;3294.0;4599.0;3941.0;6596.0;11143.0;19001.0;3077.0;4547.0;-14.0;2.0;-5.0;3.0;NITROMETHANE
4346.0;7269.0;12319.0;18653.0;3296.0;4581.0;4017.0;6726.0;11342.0;19122.0;3087.0;4531.0;-18.0;-1.0;-10.0;3.0;NITROMETHANE
4386.0;7328.0;12391.0;18670.0;3298.0;4604.0;4017.0;6715.0;11368.0;19292.0;3114.0;4586.0;-17.0;-1.0;-12.0;3.0;NITROMETHANE
4394.0;7343.0;12471.0;18674.0;3323.0;4609.0;4002.0;6716.0;11277.0;18953.0;3100.0;4580.0;-12.0;-1.0;-12.0;3.0;NITROMETHANE
4369.0;7274.0;12345.0;18659.0;3300.0;4597.0;4037.0;6769.0;11374.0;19170.0;3103.0;4567.0;-17.0;-1.0;-10.0;3.0;NITROMETHANE
4403.0;7328.0;12390.0;18675.0;3292.0;4585.0;3994.0;6691.0;11316.0;19089.0;3083.0;4570.0;-18.0;-1.0;-14.0;6.0;NITROMETHANE
4373.0;7322.0;12381.0;18666.0;3295.0;4593.0;4016.0;6723.0;11326.0;19057.0;3093.0;4585.0;-18.0;-1.0;-14.0;4.0;NITROMETHANE
4431.0;7348.0;12422.0;18667.0;3295.0;4590.0;3957.0;6650.0;11262.0;18911.0;3085.0;4540.0;-18.0;-1.0;-10.0;4.0;NITROMETHANE
4324.0;7223.0;12205.0;18601.0;3266.0;4588.0;3983.0;6695.0;11282.0;19111.0;3085.0;4530.0;-18.0;-1.0;-10.0;5.0;NITROMETHANE
4341.0;7249.0;12253.0;18609.0;3275.0;4582.0;3989.0;6657.0;11285.0;19022.0;3075.0;4549.0;-16.0;0.0;-10.0;5.0;NITROMETHANE
4363.0;7275.0;12291.0;18613.0;3267.0;4575.0;3970.0;6648.0;11340.0;19058.0;3077.0;4538.0;-16.0;1.0;-4.0;8.0;NITROMETHANE
4402.0;7342.0;12361.0;18674.0;3297.0;4580.0;3971.0;6655.0;11190.0;19047.0;3068.0;4535.0;-15.0;1.0;-4.0;8.0;NITROMETHANE
4355.0;7245.0;12270.0;18558.0;3262.0;4578.0;3953.0;6631.0;11256.0;18936.0;3068.0;4527.0;-15.0;1.0;-10.0;4.0;NITROMETHANE
4336.0;7267.0;12293.0;18622.0;3279.0;4579.0;3944.0;6626.0;11161.0;18890.0;3059.0;4525.0;-15.0;1.0;-4.0;3.0;NITROMETHANE
4376.0;7306.0;12337.0;18666.0;3288.0;4545.0;3994.0;6696.0;11281.0;18901.0;3072.0;4529.0;-15.0;1.0;-10.0;4.0;NITROMETHANE
4302.0;7201.0;12214.0;18557.0;3279.0;4591.0;3980.0;6659.0;11223.0;19088.0;3094.0;4548.0;-15.0;-1.0;-10.0;3.0;NITROMETHANE
4354.0;7273.0;12353.0;18673.0;3296.0;4616.0;3990.0;6730.0;11386.0;19188.0;3110.0;4600.0;-12.0;-1.0;0.0;3.0;NITROMETHANE
4411.0;7357.0;12475.0;18717.0;3316.0;4626.0;4079.0;6852.0;11581.0;19531.0;3124.0;4611.0;-12.0;-1.0;0.0;3.0;NITROMETHANE
4461.0;7435.0;12569.0;18793.0;3349.0;4642.0;4129.0;6899.0;11598.0;19522.0;3135.0;4615.0;-20.0;1.0;-14.0;3.0;NITROMETHANE
4470.0;7435.0;12553.0;18888.0;3349.0;4669.0;4120.0;6901.0;11707.0;19573.0;3138.0;4641.0;-12.0;1.0;0.0;3.0;NITROMETHANE
4454.0;7453.0;12583.0;18852.0;3354.0;4665.0;4074.0;6840.0;11644.0;19481.0;3134.0;4607.0;-13.0;2.0;-5.0;1.0;NITROMETHANE
4452.0;7407.0;12478.0;18788.0;3345.0;4668.0;4078.0;6833.0;11499.0;19345.0;3127.0;4631.0;-20.0;1.0;-14.0;-1.0;NITROMETHANE
4433.0;7407.0;12571.0;18805.0;3342.0;4658.0;4046.0;6756.0;11402.0;19314.0;3123.0;4599.0;-14.0;-1.0;-5.0;-1.0;NITROMETHANE
4477.0;7445.0;12565.0;18846.0;3334.0;4634.0;4061.0;6763.0;11373.0;19236.0;3103.0;4591.0;-14.0;-2.0;-5.0;-1.0;NITROMETHANE
4379.0;7334.0;12425.0;18727.0;3310.0;4608.0;4058.0;6788.0;11461.0;19249.0;3111.0;4554.0;-14.0;-2.0;-5.0;-1.0;NITROMETHANE
4436.0;7369.0;12401.0;18669.0;3293.0;4613.0;4049.0;6759.0;11458.0;19127.0;3072.0;4541.0;-14.0;-4.0;-2.0;0.0;NITROMETHANE
4346.0;7259.0;12266.0;18629.0;3271.0;4573.0;3973.0;6688.0;11249.0;19066.0;3083.0;4535.0;-14.0;-2.0;-2.0;4.0;NITROMETHANE
4386.0;7323.0;12321.0;18662.0;3269.0;4551.0;4040.0;6766.0;11383.0;18981.0;3054.0;4544.0;-8.0;-2.0;-2.0;1.0;NITROMETHANE
4343.0;7243.0;12236.0;18602.0;3262.0;4552.0;3919.0;6576.0;11139.0;18861.0;3058.0;4468.0;-8.0;0.0;-2.0;4.0;NITROMETHANE
4300.0;7188.0;12173.0;18534.0;3265.0;4546.0;4042.0;6738.0;11398.0;19095.0;3074.0;4531.0;-8.0;-4.0;-7.0;1.0;NITROMETHANE
4383.0;7306.0;12322.0;18608.0;3272.0;4572.0;4028.0;6738.0;11376.0;19012.0;3073.0;4559.0;-9.0;-4.0;-9.0;1.0;NITROMETHANE
4349.0;7275.0;12326.0;18664.0;3300.0;4602.0;4056.0;6784.0;11435.0;19234.0;3094.0;4593.0;-12.0;-4.0;-9.0;1.0;NITROMETHANE
4417.0;7369.0;12513.0;18795.0;3325.0;4637.0;4056.0;6785.0;11454.0;19195.0;3104.0;4602.0;-13.0;-3.0;-12.0;1.0;NITROMETHANE
4433.0;7402.0;12554.0;18849.0;3329.0;4622.0;4048.0;6800.0;11443.0;19347.0;3113.0;4583.0;-13.0;-3.0;-12.0;0.0;NITROMETHANE
4449.0;7401.0;12542.0;18774.0;3320.0;4628.0;4083.0;6837.0;11551.0;19434.0;3126.0;4577.0;-13.0;-1.0;-12.0;1.0;NITROMETHANE
4436.0;7393.0;12465.0;18685.0;3334.0;4631.0;4007.0;6731.0;11311.0;19105.0;3106.0;4566.0;-13.0;-1.0;-9.0;4.0;NITROMETHANE
4428.0;7406.0;12498.0;18762.0;3321.0;4622.0;4045.0;6749.0;11365.0;19260.0;3111.0;4606.0;-12.0;0.0;-5.0;9.0;NITROMETHANE
4445.0;7418.0;12489.0;18787.0;3328.0;4644.0;4067.0;6801.0;11469.0;19307.0;3121.0;4609.0;-12.0;0.0;-5.0;9.0;NITROMETHANE
4433.0;7418.0;12537.0;18791.0;3317.0;4613.0;4002.0;6692.0;11376.0;19176.0;3094.0;4561.0;-12.0;0.0;-5.0;8.0;NITROMETHANE
4380.0;7342.0;12423.0;18673.0;3286.0;4571.0;3982.0;6706.0;11246.0;18925.0;3061.0;4528.0;-12.0;0.0;-10.0;8.0;NITROMETHANE
4345.0;7266.0;12340.0;18658.0;3280.0;4569.0;3968.0;6623.0;11209.0;18898.0;3063.0;4541.0;-16.0;0.0;-11.0;5.0;NITROMETHANE
4375.0;7286.0;12353.0;18664.0;3279.0;4549.0;3983.0;6700.0;11239.0;18985.0;3061.0;4523.0;-17.0;0.0;-14.0;-2.0;NITROMETHANE
4343.0;7232.0;12269.0;18582.0;3281.0;4562.0;3982.0;6644.0;11255.0;18975.0;3070.0;4520.0;-17.0;-2.0;-14.0;-3.0;NITROMETHANE
4414.0;7355.0;12421.0;18667.0;3307.0;4593.0;3990.0;6701.0;11296.0;19043.0;3089.0;4549.0;-19.0;-2.0;-11.0;-3.0;NITROMETHANE
4406.0;7341.0;12415.0;18666.0;3295.0;4566.0;4022.0;6685.0;11251.0;19017.0;3072.0;4514.0;-21.0;-2.0;-11.0;-3.0;NITROMETHANE
4386.0;7300.0;12358.0;18625.0;3276.0;4514.0;3993.0;6700.0;11310.0;18952.0;3047.0;4489.0;-21.0;-2.0;-14.0;-2.0;NITROMETHANE
4332.0;7230.0;12194.0;18466.0;3229.0;4497.0;3927.0;6593.0;11098.0;18691.0;3023.0;4437.0;-19.0;-2.0;-13.0;0.0;NITROMETHANE
4319.0;7209.0;12188.0;18492.0;3234.0;4516.0;3912.0;6556.0;11027.0;18685.0;3029.0;4474.0;-19.0;-2.0;-10.0;1.0;NITROMETHANE
4334.0;7216.0;12183.0;18581.0;3251.0;4543.0;3931.0;6560.0;11103.0;18847.0;3055.0;4503.0;-16.0;-2.0;-9.0;1.0;NITROMETHANE
4344.0;7221.0;12280.0;18624.0;3275.0;4567.0;3934.0;6613.0;11248.0;18962.0;3083.0;4541.0;-16.0;-3.0;-3.0;6.0;NITROMETHANE
4381.0;7325.0;12369.0;18672.0;3277.0;4562.0;4028.0;6710.0;11331.0;19107.0;3082.0;4556.0;-16.0;-2.0;-3.0;7.0;NITROMETHANE
4349.0;7280.0;12292.0;18639.0;3285.0;4570.0;4013.0;6719.0;11362.0;19081.0;3070.0;4518.0;-16.0;0.0;-3.0;6.0;NITROMETHANE
4358.0;7304.0;12365.0;18673.0;3290.0;4590.0;3992.0;6728.0;11299.0;19180.0;3100.0;4537.0;-11.0;0.0;-5.0;8.0;NITROMETHANE
4365.0;7305.0;12342.0;18674.0;3294.0;4613.0;3987.0;6672.0;11284.0;19045.0;3092.0;4562.0;-18.0;-1.0;-8.0;0.0;NITROMETHANE
4397.0;7346.0;12439.0;18742.0;3313.0;4640.0;4096.0;6890.0;11632.0;19398.0;3133.0;4559.0;-18.0;-1.0;-8.0;3.0;NITROMETHANE
4408.0;7364.0;12484.0;18725.0;3321.0;4592.0;4043.0;6775.0;11420.0;19169.0;3094.0;4544.0;-18.0;-1.0;-14.0;-3.0;NITROMETHANE
4352.0;7250.0;12278.0;18624.0;3279.0;4549.0;3955.0;6624.0;11201.0;18961.0;3060.0;4501.0;-18.0;-2.0;-15.0;3.0;NITROMETHANE
4376.0;7272.0;12295.0;18590.0;3278.0;4553.0;3960.0;6629.0;11189.0;18875.0;3068.0;4497.0;-18.0;-1.0;-15.0;3.0;NITROMETHANE
4357.0;7250.0;12306.0;18608.0;3265.0;4553.0;3965.0;6653.0;11269.0;19010.0;3078.0;4529.0;-18.0;-2.0;-11.0;4.0;NITROMETHANE
4358.0;7286.0;12373.0;18668.0;3286.0;4570.0;3997.0;6684.0;11334.0;19084.0;3094.0;4533.0;-18.0;-2.0;-11.0;7.0;NITROMETHANE
4426.0;7360.0;12432.0;18730.0;3294.0;4593.0;3999.0;6689.0;11265.0;19080.0;3101.0;4603.0;-12.0;-2.0;-8.0;4.0;NITROMETHANE
4443.0;7394.0;12483.0;18694.0;3307.0;4585.0;4018.0;6748.0;11442.0;19279.0;3113.0;4568.0;-11.0;-2.0;-4.0;4.0;NITROMETHANE
4480.0;7421.0;12538.0;18762.0;3322.0;4618.0;4090.0;6852.0;11519.0;19387.0;3114.0;4593.0;-12.0;-4.0;-6.0;0.0;NITROMETHANE
4416.0;7420.0;12509.0;18751.0;3321.0;4602.0;4044.0;6767.0;11427.0;19236.0;3114.0;4561.0;-12.0;-4.0;-6.0;0.0;NITROMETHANE
4443.0;7396.0;12519.0;18811.0;3322.0;4636.0;4065.0;6766.0;11468.0;19348.0;3131.0;4592.0;-13.0;-4.0;-4.0;-1.0;NITROMETHANE
4448.0;7398.0;12555.0;18842.0;3341.0;4655.0;4131.0;6919.0;11651.0;19510.0;3151.0;4654.0;-13.0;-6.0;-6.0;-1.0;NITROMETHANE
4452.0;7441.0;12624.0;18841.0;3364.0;4665.0;4092.0;6843.0;11535.0;19476.0;3150.0;4636.0;-18.0;-6.0;-10.0;0.0;NITROMETHANE
4494.0;7481.0;12683.0;18919.0;3365.0;4685.0;4103.0;6863.0;11588.0;19585.0;3168.0;4649.0;-20.0;-1.0;-10.0;0.0;NITROMETHANE
4477.0;7459.0;12617.0;18922.0;3368.0;4669.0;4132.0;6929.0;11672.0;19731.0;3177.0;4656.0;-21.0;2.0;-11.0;0.0;NITROMETHANE
4484.0;7506.0;12722.0;18931.0;3372.0;4668.0;4113.0;6906.0;11645.0;19663.0;3170.0;4634.0;-21.0;4.0;-11.0;1.0;NITROMETHANE
4464.0;7472.0;12667.0;18928.0;3347.0;4630.0;4073.0;6827.0;11477.0;19324.0;3110.0;4595.0;-18.0;4.0;-7.0;3.0;NITROMETHANE
4432.0;7395.0;12500.0;18794.0;3319.0;4588.0;4039.0;6773.0;11434.0;19250.0;3101.0;4584.0;-18.0;0.0;-6.0;3.0;NITROMETHANE
4409.0;7370.0;12456.0;18686.0;3285.0;4574.0;4035.0;6780.0;11383.0;19060.0;3078.0;4548.0;-15.0;0.0;-4.0;3.0;NITROMETHANE
4472.0;7393.0;12471.0;18722.0;3286.0;4569.0;3985.0;6675.0;11269.0;19070.0;3060.0;4539.0;-15.0;-3.0;-3.0;3.0;NITROMETHANE
4430.0;7340.0;12414.0;18653.0;3271.0;4523.0;3916.0;6593.0;11093.0;18691.0;3034.0;4469.0;-15.0;-3.0;-3.0;1.0;NITROMETHANE
4359.0;7256.0;12284.0;18559.0;3260.0;4548.0;3997.0;6701.0;11247.0;18973.0;3082.0;4527.0;-20.0;-3.0;-6.0;1.0;NITROMETHANE
4424.0;7364.0;12441.0;18751.0;3308.0;4590.0;4012.0;6715.0;11310.0;19146.0;3092.0;4531.0;-21.0;-3.0;-9.0;1.0;NITROMETHANE
4413.0;7371.0;12439.0;18724.0;3305.0;4581.0;4063.0;6799.0;11420.0;19188.0;3120.0;4598.0;-21.0;-3.0;-9.0;1.0;NITROMETHANE
4434.0;7407.0;12504.0;18791.0;3331.0;4622.0;4110.0;6831.0;11523.0;19401.0;3137.0;4632.0;-20.0;-1.0;-9.0;1.0;NITROMETHANE
4466.0;7460.0;12624.0;18913.0;3363.0;4668.0;4076.0;6821.0;11513.0;19446.0;3163.0;4608.0;-15.0;0.0;-6.0;1.0;NITROMETHANE
4510.0;7476.0;12700.0;18930.0;3382.0;4733.0;4217.0;7006.0;11883.0;20060.0;3227.0;4725.0;-15.0;0.0;-3.0;1.0;NITROMETHANE
4586.0;7655.0;12933.0;19166.0;3452.0;4783.0;4188.0;7043.0;11905.0;20054.0;3256.0;4756.0;-15.0;-1.0;-3.0;2.0;NITROMETHANE
4649.0;7740.0;13040.0;19183.0;3467.0;4813.0;4194.0;7028.0;11851.0;20046.0;3251.0;4765.0;-16.0;-1.0;-4.0;2.0;NITROMETHANE
4618.0;7700.0;12991.0;19158.0;3459.0;4808.0;4231.0;7074.0;11864.0;20030.0;3231.0;4748.0;-16.0;-3.0;-4.0;2.0;NITROMETHANE
4623.0;7684.0;13023.0;19116.0;3453.0;4764.0;4243.0;7071.0;11919.0;19959.0;3222.0;4747.0;-16.0;-3.0;-4.0;2.0;NITROMETHANE
4645.0;7719.0;13008.0;19110.0;3459.0;4737.0;4213.0;7036.0;11819.0;19805.0;3207.0;4750.0;-16.0;-3.0;-7.0;3.0;NITROMETHANE
4555.0;7620.0;12943.0;19054.0;3435.0;4768.0;4142.0;6907.0;11694.0;19691.0;3192.0;4737.0;-13.0;-2.0;-4.0;2.0;NITROMETHANE
4573.0;7612.0;12930.0;19052.0;3435.0;4765.0;4208.0;7026.0;11841.0;19931.0;3203.0;4721.0;-13.0;-5.0;-5.0;0.0;NITROMETHANE
4608.0;7661.0;12916.0;19012.0;3418.0;4733.0;4160.0;6975.0;11758.0;19805.0;3206.0;4691.0;-13.0;-3.0;-8.0;0.0;NITROMETHANE
4600.0;7681.0;12945.0;19014.0;3418.0;4749.0;4227.0;7063.0;11921.0;19927.0;3217.0;4740.0;-22.0;-3.0;-8.0;0.0;NITROMETHANE
4607.0;7681.0;12981.0;19051.0;3427.0;4717.0;4189.0;7009.0;11789.0;19829.0;3210.0;4699.0;-13.0;-3.0;-5.0;4.0;NITROMETHANE
4554.0;7584.0;12813.0;19041.0;3416.0;4721.0;4160.0;6917.0;11728.0;19802.0;3163.0;4692.0;-16.0;-3.0;-5.0;1.0;NITROMETHANE
4593.0;7615.0;12911.0;19051.0;3409.0;4740.0;4200.0;7051.0;11909.0;19988.0;3212.0;4709.0;-11.0;0.0;-3.0;4.0;NITROMETHANE
4579.0;7637.0;12893.0;19054.0;3432.0;4758.0;4210.0;7081.0;11897.0;20044.0;3238.0;4746.0;-16.0;0.0;-2.0;1.0;NITROMETHANE
4642.0;7731.0;13052.0;19178.0;3430.0;4741.0;4211.0;6976.0;11834.0;19863.0;3214.0;4713.0;-16.0;0.0;-2.0;1.0;NITROMETHANE
4571.0;7627.0;12954.0;19086.0;3431.0;4726.0;4192.0;7037.0;11752.0;19892.0;3187.0;4712.0;-16.0;0.0;-2.0;1.0;NITROMETHANE
4611.0;7662.0;12977.0;19095.0;3418.0;4729.0;4207.0;6964.0;11731.0;19733.0;3198.0;4678.0;-17.0;4.0;-2.0;1.0;NITROMETHANE
4569.0;7660.0;12915.0;19094.0;3393.0;4678.0;4183.0;6975.0;11786.0;19769.0;3170.0;4678.0;-17.0;4.0;-4.0;1.0;NITROMETHANE
4524.0;7562.0;12794.0;18953.0;3386.0;4695.0;4203.0;7040.0;11821.0;19815.0;3183.0;4658.0;-19.0;-3.0;-10.0;2.0;NITROMETHANE
4557.0;7569.0;12817.0;18993.0;3398.0;4689.0;4178.0;6992.0;11828.0;19739.0;3178.0;4676.0;-18.0;-4.0;-4.0;7.0;NITROMETHANE
4533.0;7581.0;12806.0;18956.0;3389.0;4693.0;4128.0;6903.0;11655.0;19798.0;3186.0;4659.0;-19.0;-4.0;-10.0;8.0;NITROMETHANE
4570.0;7618.0;12843.0;18961.0;3381.0;4686.0;4142.0;6941.0;11649.0;19620.0;3155.0;4650.0;-18.0;-5.0;-13.0;7.0;NITROMETHANE
4562.0;7552.0;12805.0;18956.0;3392.0;4712.0;4191.0;7046.0;11843.0;19979.0;3220.0;4714.0;-18.0;-6.0;-13.0;2.0;NITROMETHANE
4605.0;7707.0;12957.0;19182.0;3440.0;4762.0;4220.0;7076.0;11907.0;20024.0;3217.0;4719.0;-18.0;-5.0;-6.0;1.0;NITROMETHANE
4617.0;7701.0;12956.0;19117.0;3441.0;4776.0;4263.0;7131.0;12007.0;20223.0;3263.0;4795.0;-18.0;-5.0;-6.0;2.0;NITROMETHANE
4630.0;7723.0;13044.0;19185.0;3467.0;4775.0;4227.0;7064.0;11935.0;20088.0;3242.0;4766.0;-18.0;-5.0;-6.0;2.0;NITROMETHANE
4632.0;7724.0;13043.0;19180.0;3447.0;4777.0;4224.0;7090.0;11917.0;20081.0;3236.0;4748.0;-22.0;0.0;-6.0;2.0;NITROMETHANE
4630.0;7711.0;13027.0;19125.0;3435.0;4729.0;4168.0;6949.0;11719.0;19716.0;3186.0;4664.0;-22.0;0.0;-7.0;-1.0;NITROMETHANE
4546.0;7612.0;12852.0;19003.0;3401.0;4730.0;4206.0;7024.0;11862.0;19906.0;3197.0;4687.0;-22.0;0.0;-17.0;-1.0;NITROMETHANE
4593.0;7661.0;12925.0;19052.0;3402.0;4736.0;4143.0;6927.0;11687.0;19765.0;3192.0;4686.0;-22.0;-2.0;-17.0;-2.0;NITROMETHANE
4589.0;7613.0;12912.0;19053.0;3415.0;4726.0;4215.0;7017.0;11779.0;19846.0;3203.0;4703.0;-22.0;-5.0;-17.0;-2.0;NITROMETHANE
4607.0;7679.0;12976.0;19089.0;3434.0;4771.0;4224.0;7088.0;11975.0;20175.0;3233.0;4756.0;-22.0;-5.0;-13.0;-2.0;NITROMETHANE
4661.0;7771.0;13109.0;19185.0;3448.0;4780.0;4208.0;7021.0;11788.0;20048.0;3228.0;4732.0;-22.0;-2.0;-13.0;0.0;NITROMETHANE
4649.0;7710.0;13067.0;19177.0;3459.0;4808.0;4223.0;7065.0;11939.0;20204.0;3252.0;4767.0;-18.0;-1.0;-11.0;3.0;NITROMETHANE
4667.0;7777.0;13172.0;19177.0;3467.0;4811.0;4307.0;7207.0;12179.0;20466.0;3277.0;4790.0;-18.0;-1.0;-11.0;3.0;NITROMETHANE
4648.0;7756.0;13103.0;19179.0;3472.0;4824.0;4295.0;7145.0;12010.0;20264.0;3265.0;4781.0;-18.0;-1.0;-10.0;6.0;NITROMETHANE
4697.0;7807.0;13238.0;19302.0;3499.0;4832.0;4244.0;7106.0;11946.0;20162.0;3281.0;4809.0;-20.0;-1.0;-10.0;6.0;NITROMETHANE
4728.0;7857.0;13241.0;19305.0;3504.0;4859.0;4290.0;7189.0;12143.0;20460.0;3309.0;4847.0;-20.0;-2.0;-9.0;5.0;NITROMETHANE
4757.0;7898.0;13380.0;19432.0;3533.0;4858.0;4328.0;7269.0;12166.0;20529.0;3301.0;4825.0;-20.0;-3.0;-9.0;5.0;NITROMETHANE
4790.0;7970.0;13373.0;19437.0;3511.0;4863.0;4331.0;7230.0;12182.0;20560.0;3300.0;4846.0;-20.0;-3.0;-9.0;-1.0;NITROMETHANE
4802.0;7973.0;13440.0;19436.0;3536.0;4887.0;4345.0;7247.0;12156.0;20436.0;3302.0;4840.0;-19.0;-3.0;-9.0;1.0;NITROMETHANE
4760.0;7910.0;13323.0;19393.0;3525.0;4865.0;4346.0;7219.0;12152.0;20534.0;3307.0;4850.0;-19.0;-3.0;-10.0;-1.0;NITROMETHANE
4736.0;7892.0;13324.0;19368.0;3524.0;4878.0;4376.0;7324.0;12280.0;20651.0;3327.0;4870.0;-14.0;0.0;-10.0;1.0;NITROMETHANE
4786.0;7911.0;13291.0;19432.0;3517.0;4875.0;4318.0;7223.0;12170.0;20419.0;3280.0;4843.0;-12.0;1.0;-7.0;-1.0;NITROMETHANE
4745.0;7867.0;13259.0;19308.0;3498.0;4843.0;4280.0;7172.0;12086.0;20445.0;3278.0;4816.0;-14.0;2.0;-7.0;0.0;NITROMETHANE
4710.0;7852.0;13255.0;19305.0;3502.0;4821.0;4238.0;7098.0;11986.0;20268.0;3263.0;4810.0;-14.0;3.0;-7.0;-1.0;NITROMETHANE
4702.0;7828.0;13194.0;19305.0;3495.0;4811.0;4259.0;7113.0;11946.0;20074.0;3248.0;4765.0;-13.0;2.0;-5.0;-1.0;NITROMETHANE
4690.0;7827.0;13165.0;19186.0;3481.0;4793.0;4222.0;7075.0;11925.0;20109.0;3237.0;4721.0;-13.0;1.0;-4.0;-1.0;NITROMETHANE
4691.0;7793.0;13145.0;19179.0;3455.0;4776.0;4218.0;7030.0;11780.0;19973.0;3239.0;4744.0;-15.0;1.0;-4.0;-1.0;NITROMETHANE
4661.0;7755.0;13157.0;19175.0;3460.0;4767.0;4234.0;7044.0;11936.0;20151.0;3265.0;4779.0;-15.0;0.0;-4.0;-3.0;NITROMETHANE
4652.0;7763.0;13118.0;19177.0;3453.0;4800.0;4299.0;7213.0;12103.0;20331.0;3274.0;4749.0;-15.0;1.0;-8.0;-1.0;NITROMETHANE
4660.0;7721.0;13108.0;19178.0;3452.0;4772.0;4219.0;7067.0;11860.0;20041.0;3235.0;4737.0;-17.0;1.0;-8.0;-1.0;NITROMETHANE
4655.0;7751.0;13073.0;19181.0;3438.0;4760.0;4208.0;7025.0;11890.0;19924.0;3219.0;4692.0;-17.0;-6.0;-8.0;0.0;NITROMETHANE
4658.0;7746.0;13101.0;19175.0;3441.0;4773.0;4223.0;7047.0;11857.0;19938.0;3209.0;4701.0;-17.0;-6.0;-8.0;3.0;NITROMETHANE
4623.0;7693.0;12975.0;19146.0;3442.0;4785.0;4239.0;7050.0;11821.0;19964.0;3230.0;4752.0;-12.0;-1.0;-7.0;5.0;NITROMETHANE
4704.0;7798.0;13185.0;19177.0;3479.0;4811.0;4254.0;7111.0;12046.0;20299.0;3261.0;4776.0;-17.0;-1.0;-7.0;6.0;NITROMETHANE
4739.0;7868.0;13198.0;19310.0;3494.0;4825.0;4329.0;7289.0;12256.0;20574.0;3284.0;4836.0;-13.0;-1.0;-6.0;5.0;NITROMETHANE
4735.0;7895.0;13390.0;19402.0;3531.0;4860.0;4341.0;7261.0;12260.0;20448.0;3313.0;4849.0;-12.0;-1.0;-5.0;5.0;NITROMETHANE
4728.0;7886.0;13316.0;19367.0;3539.0;4909.0;4342.0;7216.0;12228.0;20560.0;3328.0;4874.0;-9.0;-1.0;-5.0;9.0;NITROMETHANE
4851.0;8067.0;13522.0;19435.0;3574.0;4946.0;4375.0;7292.0;12283.0;20655.0;3346.0;4920.0;-9.0;-3.0;-5.0;5.0;NITROMETHANE
4882.0;8067.0;13719.0;19524.0;3588.0;4955.0;4413.0;7357.0;12306.0;20734.0;3352.0;4896.0;-9.0;-3.0;0.0;4.0;NITROMETHANE
4843.0;8033.0;13571.0;19437.0;3569.0;4883.0;4406.0;7344.0;12358.0;20644.0;3326.0;4852.0;-9.0;-3.0;0.0;4.0;NITROMETHANE
4776.0;7883.0;13383.0;19346.0;3528.0;4867.0;4390.0;7333.0;12261.0;20640.0;3309.0;4862.0;-9.0;-1.0;0.0;4.0;NITROMETHANE
4792.0;7937.0;13420.0;19435.0;3522.0;4870.0;4374.0;7345.0;12353.0;20604.0;3307.0;4857.0;-13.0;-2.0;-3.0;6.0;NITROMETHANE
4746.0;7924.0;13413.0;19435.0;3545.0;4889.0;4336.0;7217.0;12157.0;20524.0;3304.0;4868.0;-13.0;-1.0;-7.0;5.0;NITROMETHANE
4799.0;8033.0;13516.0;19435.0;3545.0;4866.0;4366.0;7274.0;12246.0;20638.0;3305.0;4853.0;-13.0;1.0;-8.0;6.0;NITROMETHANE
4816.0;8019.0;13538.0;19435.0;3559.0;4884.0;4407.0;7366.0;12409.0;20758.0;3327.0;4864.0;-19.0;-1.0;-10.0;0.0;NITROMETHANE
4788.0;7966.0;13484.0;19432.0;3543.0;4888.0;4414.0;7347.0;12377.0;20775.0;3332.0;4862.0;-19.0;-2.0;-11.0;0.0;NITROMETHANE
4782.0;7983.0;13476.0;19436.0;3550.0;4900.0;4355.0;7254.0;12323.0;20640.0;3321.0;4856.0;-19.0;-3.0;-11.0;0.0;NITROMETHANE
4832.0;8016.0;13508.0;19437.0;3560.0;4891.0;4396.0;7334.0;12312.0;20738.0;3339.0;4891.0;-19.0;-3.0;-11.0;0.0;NITROMETHANE
4800.0;7954.0;13485.0;19436.0;3543.0;4878.0;4336.0;7238.0;12225.0;20505.0;3308.0;4857.0;-18.0;-4.0;-9.0;5.0;NITROMETHANE
4797.0;7969.0;13429.0;19432.0;3561.0;4926.0;4395.0;7308.0;12308.0;20622.0;3347.0;4914.0;-10.0;-3.0;-6.0;3.0;NITROMETHANE
4801.0;7991.0;13574.0;19434.0;3562.0;4926.0;4430.0;7353.0;12320.0;20800.0;3358.0;4890.0;-10.0;-2.0;-5.0;3.0;NITROMETHANE
4846.0;8048.0;13575.0;19433.0;3575.0;4920.0;4478.0;7476.0;12547.0;20990.0;3383.0;4913.0;-10.0;-2.0;-5.0;2.0;NITROMETHANE
4862.0;8042.0;13578.0;19438.0;3584.0;4920.0;4395.0;7343.0;12348.0;20732.0;3339.0;4892.0;-15.0;-2.0;-6.0;3.0;NITROMETHANE
4792.0;8009.0;13567.0;19436.0;3578.0;4955.0;4471.0;7472.0;12530.0;21054.0;3372.0;4924.0;-15.0;-2.0;-8.0;-2.0;NITROMETHANE
4885.0;8154.0;13705.0;19598.0;3612.0;5001.0;4452.0;7437.0;12599.0;21087.0;3395.0;4985.0;-15.0;-2.0;-8.0;-2.0;NITROMETHANE
4946.0;8217.0;13848.0;19689.0;3631.0;4997.0;4493.0;7517.0;12640.0;21188.0;3407.0;4991.0;-17.0;-3.0;-8.0;-3.0;NITROMETHANE
4911.0;8169.0;13787.0;19561.0;3622.0;4989.0;4451.0;7397.0;12534.0;21113.0;3396.0;4958.0;-17.0;-2.0;-8.0;-3.0;NITROMETHANE
4873.0;8119.0;13693.0;19557.0;3623.0;4971.0;4519.0;7524.0;12634.0;21196.0;3384.0;4949.0;-15.0;5.0;-4.0;-3.0;NITROMETHANE
4864.0;8084.0;13688.0;19560.0;3608.0;4969.0;4405.0;7332.0;12444.0;20866.0;3368.0;4926.0;-24.0;5.0;-4.0;-3.0;NITROMETHANE
4824.0;8043.0;13594.0;19432.0;3582.0;4951.0;4485.0;7510.0;12576.0;21012.0;3388.0;4924.0;-24.0;6.0;-6.0;-3.0;NITROMETHANE
4856.0;8068.0;13599.0;19437.0;3587.0;4976.0;4399.0;7347.0;12404.0;20815.0;3373.0;4917.0;-22.0;-1.0;-12.0;0.0;NITROMETHANE
4844.0;8031.0;13566.0;19433.0;3580.0;4948.0;4427.0;7361.0;12335.0;20797.0;3356.0;4911.0;-21.0;-1.0;-6.0;0.0;NITROMETHANE
4824.0;8057.0;13550.0;19434.0;3581.0;4982.0;4375.0;7317.0;12323.0;20816.0;3368.0;4952.0;-21.0;-1.0;-12.0;1.0;NITROMETHANE
4872.0;8102.0;13713.0;19561.0;3611.0;5002.0;4388.0;7288.0;12367.0;20870.0;3405.0;4957.0;-17.0;-1.0;-12.0;1.0;NITROMETHANE
4903.0;8177.0;13798.0;19604.0;3617.0;5021.0;4489.0;7427.0;12584.0;21182.0;3408.0;4975.0;-17.0;2.0;-13.0;1.0;NITROMETHANE
4904.0;8142.0;13810.0;19641.0;3639.0;5007.0;4491.0;7497.0;12609.0;21182.0;3405.0;5025.0;-16.0;1.0;-7.0;3.0;NITROMETHANE
4944.0;8227.0;13878.0;19691.0;3661.0;5050.0;4533.0;7533.0;12751.0;21415.0;3434.0;5035.0;-16.0;-2.0;-9.0;5.0;NITROMETHANE
4933.0;8224.0;13856.0;19694.0;3664.0;5064.0;4506.0;7527.0;12631.0;21375.0;3439.0;5016.0;-18.0;-2.0;-9.0;5.0;NITROMETHANE
4952.0;8238.0;13864.0;19691.0;3668.0;5051.0;4485.0;7475.0;12568.0;21173.0;3416.0;5000.0;-18.0;-2.0;-9.0;5.0;NITROMETHANE
4929.0;8227.0;13907.0;19688.0;3642.0;5028.0;4534.0;7562.0;12741.0;21347.0;3421.0;4973.0;-11.0;-2.0;-7.0;2.0;NITROMETHANE
4902.0;8153.0;13823.0;19685.0;3633.0;5041.0;4481.0;7495.0;12680.0;21313.0;3420.0;4973.0;-12.0;-1.0;-9.0;1.0;NITROMETHANE
4914.0;8186.0;13769.0;19687.0;3647.0;5053.0;4481.0;7478.0;12641.0;21212.0;3424.0;5024.0;-12.0;-1.0;-10.0;0.0;NITROMETHANE
4949.0;8246.0;13904.0;19693.0;3663.0;5010.0;4582.0;7660.0;12788.0;21307.0;3438.0;4988.0;-12.0;-3.0;-10.0;0.0;NITROMETHANE
4877.0;8120.0;13769.0;19687.0;3630.0;4995.0;4464.0;7506.0;12593.0;21095.0;3389.0;5008.0;-15.0;-3.0;-10.0;0.0;NITROMETHANE
4922.0;8201.0;13865.0;19600.0;3617.0;4992.0;4521.0;7535.0;12665.0;21288.0;3398.0;4971.0;-15.0;-3.0;-10.0;1.0;NITROMETHANE
4909.0;8154.0;13834.0;19601.0;3624.0;4998.0;4486.0;7481.0;12529.0;21075.0;3391.0;4977.0;-22.0;-6.0;-17.0;4.0;NITROMETHANE
4931.0;8252.0;13872.0;19712.0;3666.0;5038.0;4561.0;7580.0;12738.0;21402.0;3445.0;5034.0;-22.0;-6.0;-17.0;8.0;NITROMETHANE
4987.0;8277.0;14051.0;19692.0;3694.0;5113.0;4661.0;7742.0;12965.0;21798.0;3492.0;5084.0;-20.0;-6.0;-11.0;4.0;NITROMETHANE
5084.0;8412.0;14158.0;19941.0;3711.0;5075.0;4633.0;7745.0;12962.0;21673.0;3481.0;5078.0;-11.0;-1.0;-5.0;3.0;NITROMETHANE
4998.0;8333.0;13981.0;19751.0;3677.0;5048.0;4493.0;7478.0;12628.0;21248.0;3430.0;4996.0;-12.0;3.0;-5.0;1.0;NITROMETHANE
4949.0;8217.0;13960.0;19690.0;3678.0;5087.0;4499.0;7517.0;12742.0;21507.0;3474.0;5090.0;-12.0;6.0;-5.0;0.0;NITROMETHANE
5043.0;8393.0;14127.0;19946.0;3726.0;5126.0;4631.0;7683.0;12982.0;21782.0;3519.0;5136.0;-12.0;3.0;-10.0;0.0;NITROMETHANE
5055.0;8433.0;14195.0;19944.0;3732.0;5122.0;4587.0;7662.0;12881.0;21759.0;3490.0;5095.0;-17.0;2.0;-10.0;0.0;NITROMETHANE
5055.0;8365.0;14095.0;19850.0;3710.0;5121.0;4595.0;7673.0;12897.0;21613.0;3488.0;5091.0;-17.0;-1.0;-10.0;0.0;NITROMETHANE
5094.0;8456.0;14264.0;19946.0;3723.0;5110.0;4612.0;7709.0;12940.0;21668.0;3491.0;5078.0;-17.0;-1.0;-10.0;0.0;NITROMETHANE
5074.0;8378.0;14118.0;19944.0;3723.0;5140.0;4651.0;7763.0;13064.0;21785.0;3495.0;5093.0;-15.0;-1.0;-8.0;1.0;NITROMETHANE
5052.0;8412.0;14174.0;19948.0;3718.0;5113.0;4588.0;7681.0;12955.0;21726.0;3474.0;5064.0;-15.0;-1.0;-8.0;1.0;NITROMETHANE
5069.0;8400.0;14185.0;19908.0;3692.0;5106.0;4596.0;7671.0;12945.0;21644.0;3491.0;5078.0;-11.0;-4.0;-2.0;1.0;NITROMETHANE
5054.0;8400.0;14132.0;19814.0;3690.0;5103.0;4643.0;7757.0;12951.0;21619.0;3467.0;5096.0;-15.0;-4.0;-2.0;2.0;NITROMETHANE
5040.0;8357.0;14118.0;19845.0;3696.0;5090.0;4649.0;7728.0;12947.0;21708.0;3487.0;5067.0;-18.0;-4.0;-10.0;2.0;NITROMETHANE
5112.0;8449.0;14185.0;19907.0;3712.0;5092.0;4545.0;7587.0;12815.0;21580.0;3496.0;5076.0;-20.0;-4.0;-13.0;2.0;NITROMETHANE
5079.0;8457.0;14171.0;19863.0;3711.0;5097.0;4642.0;7732.0;13018.0;21796.0;3481.0;5070.0;-18.0;-4.0;-13.0;3.0;NITROMETHANE
5074.0;8379.0;14083.0;19817.0;3716.0;5130.0;4585.0;7618.0;12803.0;21633.0;3476.0;5083.0;-18.0;-3.0;-13.0;1.0;NITROMETHANE
5045.0;8354.0;14109.0;19874.0;3700.0;5095.0;4526.0;7560.0;12795.0;21480.0;3465.0;5068.0;-17.0;-2.0;-10.0;1.0;NITROMETHANE
5027.0;8364.0;14069.0;19818.0;3683.0;5057.0;4503.0;7508.0;12649.0;21296.0;3428.0;5032.0;-17.0;-2.0;-15.0;1.0;NITROMETHANE
5006.0;8323.0;13943.0;19689.0;3659.0;5038.0;4579.0;7628.0;12828.0;21461.0;3445.0;5022.0;-17.0;-1.0;-3.0;2.0;NITROMETHANE
5016.0;8345.0;13998.0;19785.0;3689.0;5040.0;4526.0;7566.0;12655.0;21410.0;3450.0;5058.0;-14.0;3.0;-3.0;2.0;NITROMETHANE
4955.0;8251.0;13885.0;19690.0;3672.0;5057.0;4620.0;7625.0;12779.0;21346.0;3433.0;5041.0;-18.0;4.0;-3.0;2.0;NITROMETHANE
5040.0;8345.0;14051.0;19782.0;3683.0;5080.0;4570.0;7614.0;12710.0;21429.0;3450.0;5051.0;-18.0;5.0;-3.0;3.0;NITROMETHANE
5018.0;8342.0;14071.0;19778.0;3690.0;5043.0;4625.0;7681.0;12943.0;21604.0;3457.0;5034.0;-14.0;-1.0;-3.0;3.0;NITROMETHANE
4971.0;8290.0;14002.0;19690.0;3669.0;5048.0;4545.0;7583.0;12693.0;21414.0;3445.0;4983.0;-14.0;-1.0;-4.0;7.0;NITROMETHANE
4949.0;8218.0;13872.0;19671.0;3644.0;5005.0;4493.0;7490.0;12541.0;21165.0;3426.0;4979.0;-14.0;-1.0;0.0;6.0;NITROMETHANE
4993.0;8281.0;13916.0;19692.0;3652.0;4984.0;4464.0;7425.0;12536.0;21177.0;3398.0;4972.0;-14.0;-1.0;-4.0;12.0;NITROMETHANE
4958.0;8229.0;13909.0;19688.0;3666.0;5058.0;4619.0;7703.0;12855.0;21597.0;3461.0;5033.0;-15.0;-6.0;-7.0;6.0;NITROMETHANE
4981.0;8290.0;13955.0;19762.0;3693.0;5099.0;4562.0;7627.0;12868.0;21631.0;3486.0;5085.0;-15.0;-6.0;-5.0;6.0;NITROMETHANE
5034.0;8357.0;14066.0;19816.0;3709.0;5109.0;4627.0;7722.0;12939.0;21714.0;3483.0;5088.0;-15.0;2.0;-7.0;-2.0;NITROMETHANE
5070.0;8396.0;14200.0;19944.0;3728.0;5108.0;4640.0;7717.0;12919.0;21610.0;3497.0;5084.0;-15.0;-6.0;-7.0;6.0;NITROMETHANE
5102.0;8473.0;14225.0;19899.0;3725.0;5112.0;4567.0;7617.0;12765.0;21530.0;3460.0;5065.0;-12.0;-6.0;-7.0;3.0;NITROMETHANE
5045.0;8393.0;14061.0;19819.0;3699.0;5072.0;4613.0;7702.0;12886.0;21665.0;3475.0;5049.0;-12.0;-5.0;-7.0;8.0;NITROMETHANE
5063.0;8411.0;14155.0;19868.0;3716.0;5119.0;4656.0;7725.0;12948.0;21723.0;3476.0;5080.0;-13.0;-3.0;-7.0;5.0;NITROMETHANE
5124.0;8480.0;14292.0;19945.0;3756.0;5172.0;4779.0;7970.0;13340.0;22138.0;3556.0;5153.0;-13.0;-3.0;-6.0;6.0;NITROMETHANE
5127.0;8458.0;14345.0;19947.0;3780.0;5216.0;4766.0;7929.0;13279.0;22090.0;3553.0;5186.0;-13.0;-2.0;-6.0;5.0;NITROMETHANE
5164.0;8585.0;14424.0;19945.0;3787.0;5204.0;4720.0;7905.0;13175.0;22055.0;3554.0;5144.0;-14.0;-2.0;-6.0;5.0;NITROMETHANE
5139.0;8538.0;14344.0;19945.0;3781.0;5189.0;4697.0;7842.0;13160.0;21927.0;3508.0;5109.0;-15.0;-2.0;-6.0;3.0;NITROMETHANE
5073.0;8476.0;14275.0;19945.0;3747.0;5134.0;4628.0;7706.0;12960.0;21702.0;3492.0;5107.0;-15.0;-2.0;-6.0;2.0;NITROMETHANE
5114.0;8475.0;14274.0;19945.0;3731.0;5118.0;4650.0;7726.0;12964.0;21559.0;3490.0;5079.0;-15.0;-3.0;-5.0;2.0;NITROMETHANE
5077.0;8424.0;14243.0;19944.0;3719.0;5106.0;4579.0;7653.0;12815.0;21555.0;3476.0;5057.0;-17.0;-3.0;-5.0;2.0;NITROMETHANE
5099.0;8469.0;14303.0;19944.0;3737.0;5083.0;4622.0;7674.0;12925.0;21777.0;3503.0;5079.0;-17.0;-2.0;-5.0;3.0;NITROMETHANE
5113.0;8483.0;14311.0;19945.0;3733.0;5136.0;4659.0;7761.0;13032.0;21805.0;3489.0;5126.0;-17.0;-3.0;-5.0;3.0;NITROMETHANE
5154.0;8552.0;14397.0;19946.0;3752.0;5160.0;4634.0;7734.0;13061.0;21874.0;3524.0;5126.0;-14.0;-2.0;-8.0;4.0;NITROMETHANE
5138.0;8564.0;14401.0;19944.0;3779.0;5149.0;4670.0;7796.0;12995.0;21832.0;3502.0;5104.0;-15.0;-1.0;-10.0;2.0;NITROMETHANE
5081.0;8478.0;14252.0;19945.0;3743.0;5149.0;4638.0;7721.0;12951.0;21801.0;3510.0;5106.0;-15.0;1.0;-10.0;7.0;NITROMETHANE
5125.0;8483.0;14317.0;19943.0;3751.0;5149.0;4697.0;7792.0;13182.0;22053.0;3543.0;5156.0;-15.0;1.0;-10.0;4.0;NITROMETHANE
5164.0;8588.0;14396.0;19943.0;3766.0;5168.0;4755.0;7909.0;13252.0;22188.0;3541.0;5168.0;-15.0;2.0;-8.0;4.0;NITROMETHANE
5109.0;8487.0;14360.0;19945.0;3781.0;5172.0;4652.0;7751.0;13030.0;21893.0;3532.0;5146.0;-15.0;2.0;-6.0;7.0;NITROMETHANE
5134.0;8560.0;14412.0;19946.0;3783.0;5166.0;4711.0;7853.0;13183.0;22130.0;3548.0;5175.0;-18.0;2.0;-6.0;3.0;NITROMETHANE
5205.0;8641.0;14534.0;19984.0;3811.0;5213.0;4715.0;7863.0;13202.0;22202.0;3554.0;5192.0;-16.0;-1.0;-4.0;3.0;NITROMETHANE
5233.0;8692.0;14615.0;20037.0;3832.0;5254.0;4797.0;7992.0;13444.0;22482.0;3605.0;5235.0;-16.0;1.0;-6.0;2.0;NITROMETHANE
5248.0;8743.0;14677.0;19945.0;3835.0;5212.0;4768.0;7943.0;13275.0;22182.0;3547.0;5171.0;-14.0;1.0;-4.0;2.0;NITROMETHANE
5141.0;8553.0;14368.0;19946.0;3781.0;5179.0;4652.0;7785.0;13092.0;21978.0;3527.0;5139.0;-16.0;-1.0;-4.0;2.0;NITROMETHANE
5169.0;8581.0;14438.0;19944.0;3762.0;5184.0;4633.0;7718.0;13001.0;21878.0;3537.0;5166.0;-14.0;-1.0;-4.0;4.0;NITROMETHANE
5186.0;8635.0;14524.0;19947.0;3800.0;5212.0;4671.0;7778.0;13127.0;22037.0;3555.0;5172.0;-14.0;-1.0;-7.0;5.0;NITROMETHANE
5176.0;8610.0;14510.0;19945.0;3803.0;5242.0;4781.0;7988.0;13240.0;22180.0;3569.0;5193.0;-14.0;-1.0;-4.0;4.0;NITROMETHANE
5214.0;8664.0;14612.0;19945.0;3829.0;5211.0;4729.0;7788.0;13114.0;22081.0;3582.0;5210.0;-18.0;-1.0;-13.0;4.0;NITROMETHANE
5228.0;8669.0;14571.0;19943.0;3815.0;5214.0;4750.0;7924.0;13309.0;22193.0;3577.0;5191.0;-16.0;-1.0;-13.0;4.0;NITROMETHANE
5202.0;8602.0;14550.0;19947.0;3798.0;5210.0;4788.0;7961.0;13321.0;22153.0;3543.0;5179.0;-18.0;1.0;-13.0;7.0;NITROMETHANE
5192.0;8586.0;14483.0;19943.0;3792.0;5163.0;4661.0;7763.0;12999.0;21743.0;3510.0;5116.0;-16.0;1.0;-9.0;4.0;NITROMETHANE
5140.0;8501.0;14363.0;19944.0;3746.0;5126.0;4723.0;7824.0;13064.0;21796.0;3505.0;5074.0;-18.0;1.0;-9.0;2.0;NITROMETHANE
5105.0;8447.0;14240.0;19944.0;3743.0;5138.0;4662.0;7779.0;13054.0;21954.0;3522.0;5121.0;-18.0;1.0;-9.0;2.0;NITROMETHANE
5152.0;8597.0;14432.0;19944.0;3767.0;5195.0;4740.0;7856.0;13187.0;22025.0;3547.0;5143.0;-18.0;1.0;-7.0;-3.0;NITROMETHANE
5149.0;8542.0;14382.0;19945.0;3782.0;5205.0;4700.0;7819.0;13085.0;22110.0;3558.0;5185.0;-18.0;0.0;-4.0;-3.0;NITROMETHANE
5181.0;8622.0;14551.0;19945.0;3813.0;5207.0;4730.0;7837.0;13232.0;22119.0;3569.0;5232.0;-18.0;-2.0;-4.0;-1.0;NITROMETHANE
5260.0;8744.0;14661.0;20019.0;3818.0;5228.0;4718.0;7853.0;13194.0;22237.0;3577.0;5214.0;-18.0;-3.0;-7.0;-1.0;NITROMETHANE
5220.0;8651.0;14550.0;20031.0;3814.0;5259.0;4803.0;8011.0;13473.0;22433.0;3598.0;5237.0;-16.0;-3.0;-6.0;-1.0;NITROMETHANE
5245.0;8685.0;14667.0;19945.0;3836.0;5234.0;4743.0;7880.0;13212.0;22183.0;3587.0;5234.0;-18.0;-4.0;-7.0;2.0;NITROMETHANE
5260.0;8744.0;14724.0;20124.0;3849.0;5293.0;4807.0;8013.0;13509.0;22681.0;3642.0;5303.0;-15.0;-4.0;-7.0;4.0;NITROMETHANE
5320.0;8849.0;14958.0;20202.0;3887.0;5330.0;4812.0;8012.0;13393.0;22553.0;3638.0;5297.0;-11.0;-4.0;-7.0;4.0;NITROMETHANE
5363.0;8888.0;14909.0;20201.0;3868.0;5303.0;4882.0;8115.0;13565.0;22641.0;3622.0;5263.0;-11.0;-4.0;-7.0;4.0;NITROMETHANE
5275.0;8778.0;14751.0;20197.0;3851.0;5272.0;4864.0;8062.0;13493.0;22634.0;3625.0;5234.0;-10.0;-4.0;-7.0;2.0;NITROMETHANE
5253.0;8730.0;14706.0;20045.0;3848.0;5309.0;4822.0;7997.0;13463.0;22542.0;3632.0;5273.0;-10.0;-7.0;-7.0;4.0;NITROMETHANE
5319.0;8834.0;14875.0;20197.0;3890.0;5335.0;4893.0;8080.0;13553.0;22713.0;3665.0;5312.0;-17.0;-5.0;-11.0;1.0;NITROMETHANE
5297.0;8785.0;14806.0;20201.0;3921.0;5345.0;4900.0;8118.0;13622.0;22901.0;3677.0;5341.0;-17.0;-5.0;-11.0;-1.0;NITROMETHANE
5372.0;8900.0;15002.0;20272.0;3924.0;5348.0;4910.0;8137.0;13654.0;22793.0;3676.0;5331.0;-14.0;-5.0;-9.0;-1.0;NITROMETHANE
5361.0;8873.0;14984.0;20200.0;3904.0;5339.0;4928.0;8198.0;13756.0;22961.0;3670.0;5319.0;-14.0;-5.0;-11.0;2.0;NITROMETHANE
5357.0;8874.0;14895.0;20201.0;3884.0;5290.0;4863.0;8082.0;13539.0;22753.0;3625.0;5302.0;-14.0;-5.0;-9.0;2.0;NITROMETHANE
5328.0;8836.0;14857.0;20200.0;3865.0;5268.0;4851.0;8041.0;13512.0;22478.0;3619.0;5243.0;-12.0;-4.0;-4.0;2.0;NITROMETHANE
5265.0;8749.0;14760.0;20075.0;3833.0;5225.0;4775.0;7951.0;13337.0;22195.0;3577.0;5239.0;-14.0;-5.0;-9.0;2.0;NITROMETHANE
5253.0;8691.0;14635.0;20014.0;3824.0;5223.0;4797.0;7961.0;13297.0;22177.0;3568.0;5184.0;-12.0;-4.0;-10.0;2.0;NITROMETHANE
5275.0;8745.0;14657.0;19978.0;3823.0;5236.0;4796.0;7911.0;13296.0;22300.0;3582.0;5224.0;-12.0;-1.0;-4.0;2.0;NITROMETHANE
5258.0;8724.0;14692.0;20037.0;3815.0;5235.0;4736.0;7888.0;13208.0;22193.0;3580.0;5220.0;-12.0;-1.0;-4.0;2.0;NITROMETHANE
5232.0;8660.0;14604.0;20032.0;3811.0;5246.0;4815.0;8006.0;13434.0;22422.0;3585.0;5233.0;-18.0;-1.0;-10.0;3.0;NITROMETHANE
5266.0;8712.0;14653.0;19955.0;3806.0;5223.0;4821.0;7987.0;13331.0;22306.0;3601.0;5206.0;-18.0;-1.0;-11.0;5.0;NITROMETHANE
5290.0;8757.0;14796.0;20196.0;3870.0;5315.0;4880.0;8092.0;13613.0;22748.0;3671.0;5341.0;-19.0;1.0;-10.0;5.0;NITROMETHANE
5444.0;8988.0;15093.0;20380.0;3928.0;5386.0;4970.0;8291.0;13885.0;23079.0;3704.0;5373.0;-20.0;-1.0;-10.0;10.0;NITROMETHANE
5448.0;9033.0;15169.0;20381.0;3951.0;5373.0;4899.0;8146.0;13724.0;23051.0;3710.0;5373.0;-20.0;-1.0;-10.0;10.0;NITROMETHANE
5382.0;8964.0;15098.0;20327.0;3939.0;5393.0;4899.0;8138.0;13631.0;22991.0;3691.0;5380.0;-20.0;-1.0;-9.0;5.0;NITROMETHANE
5469.0;9079.0;15216.0;20454.0;3985.0;5458.0;4963.0;8308.0;13918.0;23379.0;3758.0;5437.0;-19.0;3.0;-7.0;5.0;NITROMETHANE
5505.0;9128.0;15400.0;20461.0;4013.0;5489.0;5037.0;8337.0;14050.0;23457.0;3749.0;5471.0;-17.0;-2.0;-7.0;6.0;NITROMETHANE
5532.0;9161.0;15396.0;20456.0;3977.0;5442.0;4992.0;8280.0;13877.0;23246.0;3736.0;5406.0;-11.0;3.0;-6.0;4.0;NITROMETHANE
5454.0;9018.0;15150.0;20456.0;3978.0;5441.0;5027.0;8349.0;13997.0;23339.0;3761.0;5447.0;-11.0;2.0;-4.0;4.0;NITROMETHANE
5541.0;9218.0;15462.0;20549.0;4020.0;5503.0;5074.0;8456.0;14161.0;23735.0;3802.0;5492.0;-11.0;0.0;-4.0;4.0;NITROMETHANE
5572.0;9195.0;15436.0;20456.0;4022.0;5510.0;5095.0;8421.0;14093.0;23534.0;3799.0;5488.0;-17.0;-3.0;-4.0;5.0;NITROMETHANE
5524.0;9168.0;15352.0;20555.0;4011.0;5498.0;5074.0;8367.0;13993.0;23374.0;3744.0;5422.0;-19.0;-3.0;-4.0;7.0;NITROMETHANE
5500.0;9116.0;15273.0;20449.0;3974.0;5452.0;5040.0;8390.0;14059.0;23529.0;3747.0;5445.0;-19.0;-3.0;-5.0;5.0;NITROMETHANE
5496.0;9074.0;15238.0;20456.0;3974.0;5409.0;4983.0;8286.0;13903.0;23089.0;3702.0;5366.0;-19.0;-5.0;-13.0;7.0;NITROMETHANE
5457.0;9068.0;15226.0;20454.0;3951.0;5367.0;4959.0;8238.0;13771.0;22971.0;3707.0;5348.0;-19.0;-5.0;-13.0;1.0;NITROMETHANE
5494.0;9066.0;15172.0;20456.0;3950.0;5407.0;4941.0;8230.0;13760.0;23153.0;3717.0;5384.0;-17.0;0.0;-13.0;1.0;NITROMETHANE
5472.0;9043.0;15194.0;20458.0;3945.0;5423.0;5029.0;8382.0;14014.0;23526.0;3744.0;5426.0;-14.0;0.0;-8.0;1.0;NITROMETHANE
5524.0;9175.0;15289.0;20475.0;3951.0;5410.0;5062.0;8406.0;14016.0;23302.0;3714.0;5360.0;-14.0;0.0;-8.0;1.0;NITROMETHANE
5454.0;9070.0;15128.0;20453.0;3951.0;5397.0;5019.0;8368.0;13998.0;23267.0;3716.0;5378.0;-14.0;0.0;-8.0;2.0;NITROMETHANE
5472.0;9069.0;15228.0;20457.0;3949.0;5397.0;4954.0;8225.0;13806.0;23090.0;3706.0;5377.0;-13.0;3.0;-6.0;4.0;NITROMETHANE
5479.0;9040.0;15219.0;20456.0;3955.0;5369.0;4945.0;8230.0;13802.0;23125.0;3714.0;5376.0;-13.0;6.0;-5.0;2.0;NITROMETHANE
5494.0;9064.0;15237.0;20457.0;3943.0;5382.0;4917.0;8155.0;13678.0;22954.0;3685.0;5387.0;-15.0;4.0;-1.0;2.0;NITROMETHANE
5486.0;9080.0;15259.0;20455.0;3960.0;5414.0;4992.0;8287.0;13886.0;23287.0;3738.0;5435.0;-15.0;2.0;-1.0;4.0;NITROMETHANE
5566.0;9168.0;15373.0;20454.0;4001.0;5463.0;5042.0;8358.0;14036.0;23392.0;3721.0;5390.0;-15.0;0.0;-1.0;0.0;NITROMETHANE
5476.0;9123.0;15305.0;20456.0;3969.0;5403.0;4995.0;8280.0;13872.0;23216.0;3727.0;5394.0;-15.0;-1.0;-2.0;2.0;NITROMETHANE
5504.0;9055.0;15197.0;20457.0;3961.0;5413.0;5006.0;8278.0;13856.0;23228.0;3713.0;5364.0;-17.0;-1.0;-6.0;2.0;NITROMETHANE
5469.0;9062.0;15186.0;20456.0;3950.0;5376.0;4971.0;8245.0;13761.0;22917.0;3682.0;5338.0;-18.0;-4.0;-8.0;8.0;NITROMETHANE
5449.0;9013.0;15157.0;20452.0;3934.0;5387.0;4944.0;8191.0;13801.0;22997.0;3713.0;5397.0;-22.0;-4.0;-10.0;6.0;NITROMETHANE
5495.0;9119.0;15256.0;20456.0;3980.0;5440.0;5052.0;8374.0;13972.0;23321.0;3741.0;5447.0;-18.0;-5.0;-10.0;8.0;NITROMETHANE
5578.0;9249.0;15449.0;20483.0;4016.0;5496.0;5052.0;8382.0;14110.0;23582.0;3783.0;5490.0;-22.0;-6.0;-12.0;1.0;NITROMETHANE
5543.0;9197.0;15446.0;20455.0;4038.0;5485.0;5104.0;8492.0;14165.0;23593.0;3787.0;5483.0;-18.0;-5.0;-10.0;1.0;NITROMETHANE
5599.0;9259.0;15528.0;20523.0;4022.0;5493.0;5066.0;8393.0;14065.0;23584.0;3772.0;5475.0;-22.0;-6.0;-12.0;1.0;NITROMETHANE
5594.0;9244.0;15469.0;20546.0;4033.0;5470.0;5054.0;8319.0;14070.0;23493.0;3756.0;5457.0;-17.0;-6.0;-10.0;1.0;NITROMETHANE
5576.0;9204.0;15455.0;20455.0;4000.0;5403.0;5043.0;8360.0;14053.0;23468.0;3740.0;5408.0;-17.0;-6.0;-10.0;1.0;NITROMETHANE
5591.0;9261.0;15457.0;20454.0;3990.0;5438.0;4992.0;8271.0;13942.0;23340.0;3743.0;5425.0;-7.0;0.0;-10.0;1.0;NITROMETHANE
5512.0;9103.0;15284.0;20461.0;3983.0;5458.0;5073.0;8420.0;14166.0;23687.0;3781.0;5461.0;-7.0;3.0;-9.0;1.0;NITROMETHANE
5595.0;9279.0;15533.0;20537.0;4038.0;5543.0;5126.0;8510.0;14241.0;23839.0;3820.0;5572.0;-7.0;4.0;-7.0;2.0;NITROMETHANE
5719.0;9449.0;15783.0;20554.0;4093.0;5581.0;5125.0;8511.0;14325.0;23925.0;3864.0;5593.0;-14.0;4.0;-8.0;6.0;NITROMETHANE
5689.0;9429.0;15768.0;20455.0;4092.0;5570.0;5103.0;8515.0;14186.0;23745.0;3815.0;5525.0;-14.0;6.0;-8.0;2.0;NITROMETHANE
5678.0;9360.0;15690.0;20456.0;4058.0;5549.0;5125.0;8530.0;14166.0;23800.0;3808.0;5497.0;-16.0;3.0;-7.0;4.0;NITROMETHANE
5585.0;9281.0;15503.0;20463.0;4080.0;5583.0;5246.0;8689.0;14540.0;24111.0;3842.0;5589.0;-18.0;3.0;-3.0;2.0;NITROMETHANE
5680.0;9391.0;15748.0;20466.0;4130.0;5660.0;5261.0;8708.0;14563.0;24392.0;3929.0;5673.0;-16.0;-2.0;1.0;3.0;NITROMETHANE
5778.0;9615.0;16072.0;20782.0;4172.0;5653.0;5302.0;8828.0;14708.0;24320.0;3895.0;5639.0;-15.0;-2.0;1.0;2.0;NITROMETHANE
5783.0;9591.0;16075.0;20789.0;4148.0;5611.0;5287.0;8753.0;14617.0;24326.0;3878.0;5634.0;-15.0;-2.0;5.0;1.0;NITROMETHANE
5755.0;9518.0;15989.0;20711.0;4120.0;5628.0;5201.0;8645.0;14432.0;24036.0;3867.0;5597.0;-15.0;-1.0;-7.0;1.0;NITROMETHANE
5727.0;9510.0;15937.0;20516.0;4123.0;5611.0;5219.0;8646.0;14502.0;24149.0;3857.0;5568.0;-15.0;-1.0;-9.0;3.0;NITROMETHANE
5724.0;9409.0;15788.0;20498.0;4108.0;5602.0;5170.0;8601.0;14399.0;24053.0;3856.0;5587.0;-15.0;-1.0;-9.0;3.0;NITROMETHANE
5773.0;9520.0;15933.0;20607.0;4127.0;5614.0;5291.0;8763.0;14674.0;24251.0;3889.0;5640.0;-14.0;-1.0;-9.0;3.0;NITROMETHANE
5728.0;9459.0;15938.0;20681.0;4114.0;5594.0;5223.0;8617.0;14439.0;24004.0;3862.0;5545.0;-15.0;-2.0;-7.0;6.0;NITROMETHANE
5699.0;9462.0;15812.0;20473.0;4065.0;5543.0;5159.0;8505.0;14264.0;23976.0;3836.0;5529.0;-15.0;-3.0;-7.0;0.0;NITROMETHANE
5673.0;9368.0;15753.0;20550.0;4073.0;5547.0;5143.0;8494.0;14231.0;23850.0;3801.0;5522.0;-15.0;-3.0;-5.0;0.0;NITROMETHANE
5725.0;9513.0;15839.0;20456.0;4068.0;5554.0;5114.0;8478.0;14237.0;23793.0;3802.0;5548.0;-17.0;-1.0;-5.0;0.0;NITROMETHANE
5655.0;9396.0;15692.0;20551.0;4077.0;5595.0;5218.0;8603.0;14391.0;24002.0;3850.0;5542.0;-17.0;-1.0;-5.0;0.0;NITROMETHANE
5744.0;9415.0;15818.0;20631.0;4118.0;5628.0;5247.0;8658.0;14566.0;24290.0;3908.0;5608.0;-18.0;2.0;-5.0;0.0;NITROMETHANE
5765.0;9551.0;15934.0;20662.0;4146.0;5651.0;5272.0;8760.0;14674.0;24441.0;3910.0;5598.0;-17.0;2.0;-12.0;2.0;NITROMETHANE
5764.0;9530.0;15981.0;20775.0;4157.0;5633.0;5308.0;8799.0;14673.0;24218.0;3882.0;5627.0;-17.0;-1.0;-12.0;2.0;NITROMETHANE
5753.0;9531.0;16034.0;20712.0;4157.0;5631.0;5244.0;8644.0;14518.0;24299.0;3893.0;5585.0;-17.0;-2.0;-9.0;2.0;NITROMETHANE
5721.0;9477.0;15930.0;20563.0;4129.0;5639.0;5296.0;8814.0;14708.0;24469.0;3910.0;5645.0;-17.0;-2.0;-11.0;7.0;NITROMETHANE
5782.0;9563.0;16074.0;20767.0;4139.0;5645.0;5249.0;8705.0;14639.0;24206.0;3892.0;5617.0;-16.0;-3.0;-11.0;4.0;NITROMETHANE
5768.0;9542.0;16002.0;20617.0;4151.0;5619.0;5283.0;8771.0;14645.0;24365.0;3894.0;5636.0;-17.0;-3.0;-9.0;5.0;NITROMETHANE
5759.0;9491.0;15901.0;20669.0;4140.0;5582.0;5276.0;8769.0;14646.0;24238.0;3885.0;5604.0;-17.0;-3.0;-11.0;1.0;NITROMETHANE
5747.0;9495.0;15911.0;20455.0;4116.0;5587.0;5243.0;8694.0;14573.0;24288.0;3864.0;5623.0;-15.0;9.0;-11.0;1.0;NITROMETHANE
5739.0;9502.0;15885.0;20494.0;4112.0;5645.0;5212.0;8604.0;14424.0;24060.0;3902.0;5601.0;-21.0;4.0;-12.0;1.0;NITROMETHANE
5734.0;9499.0;15957.0;20711.0;4145.0;5629.0;5302.0;8845.0;14788.0;24506.0;3913.0;5659.0;-26.0;6.0;-13.0;1.0;NITROMETHANE
5795.0;9592.0;16006.0;20781.0;4159.0;5673.0;5315.0;8783.0;14629.0;24359.0;3914.0;5648.0;-26.0;-4.0;-13.0;1.0;NITROMETHANE
5853.0;9685.0;16052.0;20710.0;4156.0;5638.0;5247.0;8729.0;14628.0;24298.0;3891.0;5632.0;-15.0;0.0;-9.0;0.0;NITROMETHANE
5820.0;9607.0;16113.0;20757.0;4152.0;5623.0;5293.0;8767.0;14631.0;24272.0;3896.0;5597.0;-14.0;0.0;-9.0;0.0;NITROMETHANE
5751.0;9536.0;15984.0;20566.0;4139.0;5616.0;5172.0;8618.0;14414.0;24109.0;3865.0;5594.0;-14.0;0.0;-7.0;0.0;NITROMETHANE
5702.0;9410.0;15839.0;20644.0;4138.0;5607.0;5260.0;8704.0;14540.0;24256.0;3900.0;5602.0;-13.0;0.0;-3.0;1.0;NITROMETHANE
5768.0;9508.0;16018.0;20532.0;4143.0;5645.0;5222.0;8659.0;14494.0;24192.0;3898.0;5611.0;-13.0;0.0;-7.0;1.0;NITROMETHANE
5809.0;9588.0;16053.0;20704.0;4132.0;5612.0;5301.0;8806.0;14722.0;24374.0;3870.0;5586.0;-14.0;0.0;-7.0;1.0;NITROMETHANE
5720.0;9484.0;15870.0;20661.0;4112.0;5588.0;5169.0;8607.0;14420.0;23990.0;3850.0;5554.0;-12.0;1.0;-7.0;3.0;NITROMETHANE
5746.0;9502.0;15902.0;20477.0;4108.0;5588.0;5152.0;8503.0;14280.0;23752.0;3838.0;5523.0;-12.0;3.0;-8.0;1.0;NITROMETHANE
5685.0;9412.0;15746.0;20466.0;4103.0;5591.0;5182.0;8590.0;14314.0;23884.0;3857.0;5596.0;-12.0;1.0;-8.0;8.0;NITROMETHANE
5742.0;9495.0;15923.0;20682.0;4108.0;5605.0;5204.0;8615.0;14409.0;24022.0;3874.0;5543.0;-13.0;2.0;-8.0;8.0;NITROMETHANE
5732.0;9492.0;15925.0;20551.0;4109.0;5594.0;5181.0;8589.0;14402.0;24071.0;3876.0;5596.0;-13.0;-2.0;-6.0;8.0;NITROMETHANE
5743.0;9485.0;15830.0;20632.0;4140.0;5637.0;5269.0;8735.0;14634.0;24468.0;3908.0;5648.0;-13.0;-2.0;-8.0;9.0;NITROMETHANE
5761.0;9599.0;16086.0;20784.0;4185.0;5718.0;5327.0;8738.0;14685.0;24460.0;3948.0;5667.0;-11.0;-2.0;-6.0;6.0;NITROMETHANE
5813.0;9676.0;16220.0;20919.0;4208.0;5695.0;5353.0;8877.0;14804.0;24649.0;3946.0;5676.0;-15.0;1.0;-6.0;4.0;NITROMETHANE
5854.0;9638.0;16096.0;20784.0;4148.0;5592.0;5225.0;8634.0;14371.0;24053.0;3855.0;5556.0;-11.0;1.0;-5.0;4.0;NITROMETHANE
5770.0;9504.0;15797.0;20652.0;4080.0;5551.0;5172.0;8549.0;14326.0;23935.0;3834.0;5537.0;-10.0;1.0;-2.0;4.0;NITROMETHANE
5658.0;9336.0;15682.0;20506.0;4068.0;5520.0;5183.0;8606.0;14382.0;23923.0;3828.0;5504.0;-11.0;1.0;-2.0;7.0;NITROMETHANE
5688.0;9378.0;15678.0;20457.0;3998.0;5377.0;4921.0;8169.0;13589.0;22888.0;3639.0;5283.0;-15.0;-1.0;-4.0;8.0;NITROMETHANE
5358.0;8868.0;14837.0;20201.0;3886.0;5289.0;4905.0;8086.0;13619.0;22729.0;3663.0;5296.0;-10.0;0.0;-2.0;8.0;NITROMETHANE
5417.0;8998.0;15124.0;20431.0;3948.0;5410.0;5033.0;8360.0;13913.0;23299.0;3745.0;5454.0;-10.0;1.0;-4.0;5.0;NITROMETHANE
5553.0;9173.0;15370.0;20455.0;4008.0;5450.0;5107.0;8470.0;14237.0;23746.0;3813.0;5486.0;-16.0;1.0;-7.0;5.0;NITROMETHANE
5556.0;9197.0;15513.0;20548.0;4052.0;5551.0;5142.0;8565.0;14348.0;23973.0;3831.0;5546.0;-10.0;0.0;-7.0;5.0;NITROMETHANE
5640.0;9357.0;15682.0;20457.0;4084.0;5540.0;5184.0;8582.0;14353.0;23807.0;3817.0;5516.0;-10.0;0.0;-9.0;8.0;NITROMETHANE
5638.0;9351.0;15594.0;20508.0;4051.0;5521.0;5103.0;8501.0;14222.0;23782.0;3805.0;5482.0;-12.0;1.0;-9.0;10.0;NITROMETHANE
5626.0;9274.0;15566.0;20543.0;4015.0;5447.0;5057.0;8387.0;14073.0;23576.0;3754.0;5445.0;-12.0;-2.0;-9.0;6.0;NITROMETHANE
5555.0;9164.0;15310.0;20455.0;3965.0;5405.0;5088.0;8392.0;13967.0;23167.0;3721.0;5385.0;-12.0;-2.0;-8.0;6.0;NITROMETHANE
5510.0;9104.0;15260.0;20456.0;3962.0;5377.0;4966.0;8242.0;13775.0;23110.0;3708.0;5332.0;-12.0;0.0;-8.0;3.0;NITROMETHANE
5447.0;8992.0;15102.0;20352.0;3906.0;5312.0;4922.0;8144.0;13602.0;22762.0;3635.0;5274.0;-12.0;2.0;-7.0;6.0;NITROMETHANE
5446.0;8982.0;15024.0;20209.0;3891.0;5315.0;4924.0;8125.0;13704.0;22914.0;3679.0;5318.0;-12.0;0.0;-8.0;6.0;NITROMETHANE
5426.0;9025.0;15185.0;20455.0;3973.0;5434.0;5062.0;8411.0;14035.0;23530.0;3760.0;5443.0;-20.0;0.0;-8.0;12.0;NITROMETHANE
5561.0;9157.0;15365.0;20444.0;4009.0;5451.0;5155.0;8551.0;14246.0;23715.0;3782.0;5448.0;-20.0;0.0;-9.0;13.0;NITROMETHANE
5589.0;9268.0;15588.0;20457.0;4025.0;5516.0;5084.0;8424.0;14101.0;23628.0;3799.0;5464.0;-20.0;0.0;-9.0;5.0;NITROMETHANE
5636.0;9281.0;15624.0;20543.0;4059.0;5542.0;5183.0;8548.0;14318.0;23843.0;3837.0;5550.0;-20.0;0.0;-11.0;4.0;NITROMETHANE
5680.0;9433.0;15792.0;20470.0;4091.0;5580.0;5128.0;8483.0;14168.0;23759.0;3832.0;5550.0;-20.0;0.0;-15.0;2.0;NITROMETHANE
5683.0;9403.0;15705.0;20468.0;4084.0;5602.0;5245.0;8711.0;14547.0;24135.0;3841.0;5583.0;-19.0;0.0;-15.0;2.0;NITROMETHANE
5747.0;9454.0;15883.0;20462.0;4106.0;5611.0;5227.0;8611.0;14473.0;24125.0;3892.0;5579.0;-17.0;-1.0;-8.0;2.0;NITROMETHANE
5655.0;9377.0;15748.0;20457.0;4098.0;5556.0;5157.0;8507.0;14263.0;23861.0;3814.0;5537.0;-17.0;-1.0;-8.0;2.0;NITROMETHANE
5705.0;9454.0;15768.0;20551.0;4078.0;5511.0;5190.0;8549.0;14255.0;23802.0;3797.0;5485.0;-17.0;-1.0;-5.0;8.0;NITROMETHANE
5619.0;9310.0;15543.0;20455.0;4044.0;5477.0;5134.0;8572.0;14295.0;23787.0;3805.0;5479.0;-17.0;-1.0;-5.0;4.0;NITROMETHANE
5616.0;9294.0;15572.0;20543.0;4028.0;5475.0;5165.0;8502.0;14128.0;23556.0;3769.0;5434.0;-17.0;-4.0;-6.0;11.0;NITROMETHANE
5642.0;9306.0;15593.0;20461.0;4003.0;5459.0;5118.0;8461.0;14203.0;23625.0;3760.0;5396.0;-21.0;-5.0;-6.0;4.0;NITROMETHANE
5575.0;9204.0;15475.0;20475.0;3999.0;5425.0;5113.0;8448.0;14110.0;23564.0;3745.0;5417.0;-22.0;-5.0;-9.0;8.0;NITROMETHANE
5597.0;9253.0;15476.0;20456.0;3990.0;5427.0;4988.0;8290.0;13848.0;23229.0;3724.0;5423.0;-22.0;-5.0;-13.0;1.0;NITROMETHANE
5534.0;9182.0;15460.0;20458.0;3999.0;5377.0;4999.0;8290.0;13893.0;23288.0;3735.0;5374.0;-22.0;-3.0;-14.0;1.0;NITROMETHANE
5582.0;9183.0;15414.0;20463.0;3991.0;5428.0;4990.0;8261.0;13850.0;23147.0;3711.0;5379.0;-18.0;-3.0;-14.0;1.0;NITROMETHANE
5497.0;9118.0;15350.0;20437.0;3958.0;5408.0;5076.0;8419.0;14061.0;23449.0;3733.0;5351.0;-18.0;-3.0;-19.0;1.0;NITROMETHANE
5543.0;9093.0;15345.0;20455.0;3950.0;5376.0;4981.0;8258.0;13850.0;23009.0;3701.0;5352.0;-11.0;-3.0;-19.0;1.0;NITROMETHANE
5509.0;9098.0;15229.0;20454.0;3952.0;5378.0;4967.0;8266.0;13793.0;23021.0;3682.0;5352.0;-18.0;0.0;-4.0;1.0;NITROMETHANE
5518.0;9122.0;15229.0;20458.0;3949.0;5391.0;5027.0;8352.0;13990.0;23401.0;3739.0;5422.0;-18.0;0.0;-4.0;1.0;NITROMETHANE
5580.0;9232.0;15429.0;20454.0;3993.0;5406.0;5084.0;8435.0;14093.0;23538.0;3754.0;5428.0;-18.0;0.0;-13.0;3.0;NITROMETHANE
5604.0;9216.0;15379.0;20455.0;3963.0;5389.0;5043.0;8319.0;13968.0;23283.0;3725.0;5382.0;-18.0;2.0;-13.0;3.0;NITROMETHANE
5529.0;9116.0;15271.0;20455.0;3944.0;5372.0;5023.0;8339.0;14011.0;23224.0;3723.0;5402.0;-18.0;1.0;-13.0;3.0;NITROMETHANE
5525.0;9143.0;15365.0;20458.0;3977.0;5424.0;5065.0;8342.0;14004.0;23562.0;3753.0;5437.0;-26.0;1.0;-13.0;2.0;NITROMETHANE
5578.0;9221.0;15481.0;20485.0;4009.0;5472.0;5105.0;8478.0;14181.0;23558.0;3793.0;5484.0;-26.0;0.0;-9.0;3.0;NITROMETHANE
5629.0;9323.0;15650.0;20540.0;4056.0;5537.0;5151.0;8542.0;14311.0;23814.0;3808.0;5473.0;-24.0;0.0;-9.0;4.0;NITROMETHANE
5651.0;9332.0;15628.0;20551.0;4058.0;5506.0;5183.0;8628.0;14353.0;23929.0;3802.0;5497.0;-22.0;0.0;-7.0;4.0;NITROMETHANE
5581.0;9304.0;15638.0;20485.0;4081.0;5558.0;5144.0;8528.0;14394.0;24021.0;3855.0;5545.0;-22.0;0.0;-7.0;6.0;NITROMETHANE
5717.0;9432.0;15818.0;20456.0;4106.0;5573.0;5230.0;8664.0;14482.0;24099.0;3857.0;5574.0;-19.0;-3.0;-7.0;2.0;NITROMETHANE
5693.0;9466.0;15897.0;20693.0;4103.0;5599.0;5213.0;8603.0;14481.0;24131.0;3870.0;5607.0;-19.0;-3.0;-7.0;2.0;NITROMETHANE
5725.0;9504.0;15900.0;20550.0;4109.0;5554.0;5208.0;8631.0;14446.0;23946.0;3842.0;5543.0;-18.0;-3.0;-7.0;2.0;NITROMETHANE
5688.0;9404.0;15855.0;20454.0;4084.0;5560.0;5158.0;8523.0;14249.0;23819.0;3817.0;5537.0;-19.0;-3.0;-7.0;3.0;NITROMETHANE
5658.0;9385.0;15703.0;20487.0;4068.0;5534.0;5139.0;8485.0;14197.0;23667.0;3803.0;5514.0;-19.0;-1.0;-7.0;2.0;NITROMETHANE
5636.0;9300.0;15670.0;20528.0;4070.0;5520.0;5066.0;8427.0;14153.0;23578.0;3798.0;5499.0;-18.0;-1.0;-7.0;2.0;NITROMETHANE
5626.0;9311.0;15709.0;20517.0;4049.0;5502.0;5090.0;8390.0;14028.0;23451.0;3774.0;5471.0;-18.0;1.0;-7.0;3.0;NITROMETHANE
5623.0;9339.0;15595.0;20556.0;4016.0;5482.0;5121.0;8497.0;14168.0;23621.0;3760.0;5431.0;-11.0;-1.0;-5.0;2.0;NITROMETHANE
5525.0;9213.0;15481.0;20433.0;4003.0;5444.0;5020.0;8336.0;13965.0;23398.0;3767.0;5450.0;-11.0;-1.0;-5.0;3.0;NITROMETHANE
5637.0;9284.0;15527.0;20455.0;4021.0;5499.0;5124.0;8519.0;14264.0;23774.0;3819.0;5487.0;-20.0;1.0;-11.0;4.0;NITROMETHANE
5622.0;9265.0;15645.0;20455.0;4048.0;5526.0;5090.0;8448.0;14106.0;23771.0;3810.0;5519.0;-20.0;2.0;-12.0;5.0;NITROMETHANE
5689.0;9414.0;15794.0;20509.0;4075.0;5546.0;5195.0;8556.0;14323.0;23902.0;3844.0;5518.0;-12.0;1.0;-12.0;5.0;NITROMETHANE
5688.0;9425.0;15764.0;20473.0;4063.0;5539.0;5218.0;8644.0;14405.0;23956.0;3847.0;5566.0;-20.0;1.0;-12.0;5.0;NITROMETHANE
5698.0;9405.0;15830.0;20560.0;4086.0;5565.0;5240.0;8675.0;14577.0;24058.0;3840.0;5584.0;-15.0;1.0;-14.0;7.0;NITROMETHANE
5678.0;9364.0;15798.0;20460.0;4089.0;5562.0;5211.0;8660.0;14496.0;24021.0;3860.0;5542.0;-15.0;1.0;-11.0;9.0;NITROMETHANE
5685.0;9444.0;15826.0;20522.0;4078.0;5528.0;5167.0;8525.0;14190.0;23773.0;3833.0;5514.0;-15.0;6.0;-10.0;7.0;NITROMETHANE
5700.0;9498.0;15836.0;20527.0;4077.0;5526.0;5177.0;8583.0;14277.0;23797.0;3817.0;5514.0;-15.0;5.0;-11.0;7.0;NITROMETHANE
5625.0;9318.0;15626.0;20543.0;4057.0;5496.0;5204.0;8626.0;14385.0;23914.0;3805.0;5491.0;-14.0;1.0;-11.0;7.0;NITROMETHANE
5649.0;9348.0;15714.0;20456.0;4078.0;5507.0;5066.0;8432.0;14105.0;23572.0;3794.0;5490.0;-14.0;1.0;-10.0;0.0;NITROMETHANE
5630.0;9325.0;15662.0;20456.0;4043.0;5495.0;5175.0;8512.0;14207.0;23859.0;3808.0;5502.0;-14.0;0.0;-10.0;-3.0;NITROMETHANE
5609.0;9288.0;15654.0;20457.0;4075.0;5544.0;5157.0;8545.0;14293.0;23854.0;3822.0;5511.0;-14.0;0.0;-10.0;-3.0;NITROMETHANE
5649.0;9375.0;15747.0;20601.0;4107.0;5574.0;5193.0;8597.0;14457.0;24078.0;3874.0;5583.0;-24.0;0.0;-10.0;0.0;NITROMETHANE
5699.0;9477.0;15941.0;20719.0;4114.0;5577.0;5135.0;8564.0;14253.0;23994.0;3840.0;5563.0;-24.0;-1.0;-10.0;2.0;NITROMETHANE
5739.0;9491.0;15898.0;20646.0;4118.0;5570.0;5186.0;8656.0;14519.0;24169.0;3883.0;5595.0;-22.0;-1.0;-13.0;2.0;NITROMETHANE
5784.0;9526.0;16021.0;20717.0;4124.0;5610.0;5262.0;8752.0;14621.0;24267.0;3878.0;5591.0;-15.0;5.0;-13.0;2.0;NITROMETHANE
5763.0;9537.0;16002.0;20738.0;4128.0;5589.0;5169.0;8555.0;14305.0;23949.0;3829.0;5559.0;-22.0;5.0;-13.0;2.0;NITROMETHANE
5759.0;9574.0;15966.0;20594.0;4103.0;5561.0;5166.0;8614.0;14432.0;24068.0;3851.0;5551.0;-17.0;5.0;-13.0;2.0;NITROMETHANE
5687.0;9438.0;15803.0;20642.0;4086.0;5544.0;5209.0;8645.0;14491.0;24139.0;3847.0;5564.0;-21.0;3.0;-13.0;2.0;NITROMETHANE
5702.0;9445.0;15841.0;20555.0;4104.0;5560.0;5098.0;8494.0;14346.0;23949.0;3839.0;5566.0;-17.0;-1.0;-8.0;2.0;NITROMETHANE
5696.0;9462.0;15860.0;20558.0;4111.0;5591.0;5239.0;8654.0;14383.0;24058.0;3874.0;5588.0;-17.0;-1.0;-8.0;3.0;NITROMETHANE
5805.0;9551.0;16063.0;20711.0;4131.0;5603.0;5194.0;8618.0;14452.0;24192.0;3873.0;5578.0;-16.0;-1.0;-8.0;2.0;NITROMETHANE
5744.0;9541.0;15932.0;20660.0;4104.0;5548.0;5187.0;8601.0;14445.0;24021.0;3840.0;5563.0;-16.0;3.0;-8.0;2.0;NITROMETHANE
5717.0;9486.0;15948.0;20585.0;4101.0;5558.0;5182.0;8619.0;14471.0;24006.0;3852.0;5561.0;-13.0;5.0;-3.0;2.0;NITROMETHANE
5723.0;9478.0;15932.0;20551.0;4118.0;5571.0;5232.0;8704.0;14572.0;24293.0;3858.0;5565.0;-16.0;3.0;-13.0;1.0;NITROMETHANE
5708.0;9516.0;15998.0;20677.0;4139.0;5584.0;5270.0;8726.0;14589.0;24249.0;3864.0;5559.0;-13.0;2.0;-3.0;1.0;NITROMETHANE
5720.0;9462.0;15899.0;20511.0;4107.0;5573.0;5108.0;8505.0;14303.0;23884.0;3847.0;5553.0;-21.0;2.0;-13.0;1.0;NITROMETHANE
5754.0;9543.0;15947.0;20712.0;4133.0;5647.0;5345.0;8878.0;14847.0;24562.0;3928.0;5663.0;-16.0;2.0;-10.0;3.0;NITROMETHANE
5801.0;9606.0;16066.0;20712.0;4150.0;5603.0;5232.0;8619.0;14432.0;23995.0;3837.0;5585.0;-16.0;-4.0;-10.0;6.0;NITROMETHANE
5746.0;9499.0;15961.0;20711.0;4115.0;5563.0;5247.0;8677.0;14561.0;24104.0;3850.0;5549.0;-14.0;0.0;-5.0;9.0;NITROMETHANE
5765.0;9567.0;15960.0;20706.0;4130.0;5589.0;5178.0;8637.0;14456.0;24156.0;3887.0;5590.0;-16.0;0.0;-5.0;6.0;NITROMETHANE
5784.0;9526.0;15966.0;20637.0;4140.0;5643.0;5334.0;8835.0;14715.0;24400.0;3907.0;5664.0;-16.0;-4.0;-5.0;0.0;NITROMETHANE
5856.0;9692.0;16226.0;20883.0;4181.0;5643.0;5305.0;8773.0;14607.0;24513.0;3921.0;5644.0;-18.0;-4.0;-5.0;0.0;NITROMETHANE
5856.0;9688.0;16163.0;20943.0;4180.0;5670.0;5244.0;8737.0;14653.0;24532.0;3908.0;5643.0;-19.0;-5.0;-4.0;1.0;NITROMETHANE
5783.0;9600.0;16008.0;20710.0;4157.0;5587.0;5284.0;8783.0;14725.0;24377.0;3896.0;5609.0;-19.0;-5.0;-4.0;0.0;NITROMETHANE
5767.0;9545.0;15977.0;20708.0;4165.0;5652.0;5276.0;8727.0;14662.0;24412.0;3943.0;5662.0;-19.0;-4.0;-12.0;1.0;NITROMETHANE
5809.0;9651.0;16151.0;20783.0;4169.0;5685.0;5267.0;8771.0;14659.0;24450.0;3917.0;5655.0;-19.0;-1.0;-1.0;2.0;NITROMETHANE
5812.0;9609.0;16077.0;20715.0;4162.0;5640.0;5194.0;8606.0;14426.0;24244.0;3902.0;5606.0;-10.0;1.0;-1.0;7.0;NITROMETHANE
5813.0;9648.0;16189.0;20848.0;4166.0;5648.0;5191.0;8645.0;14518.0;24320.0;3910.0;5646.0;-10.0;2.0;-13.0;7.0;NITROMETHANE
5800.0;9660.0;16096.0;20792.0;4179.0;5646.0;5307.0;8742.0;14595.0;24393.0;3906.0;5638.0;-11.0;-1.0;-15.0;10.0;NITROMETHANE
5837.0;9646.0;16157.0;20853.0;4171.0;5652.0;5275.0;8794.0;14616.0;24416.0;3921.0;5669.0;-11.0;-5.0;-13.0;7.0;NITROMETHANE
5826.0;9665.0;16131.0;20838.0;4175.0;5623.0;5240.0;8670.0;14466.0;24106.0;3892.0;5645.0;-11.0;-5.0;-13.0;7.0;NITROMETHANE
5826.0;9634.0;16132.0;20711.0;4175.0;5638.0;5347.0;8872.0;14763.0;24450.0;3916.0;5620.0;-12.0;-5.0;-8.0;4.0;NITROMETHANE
5795.0;9642.0;16145.0;20710.0;4173.0;5659.0;5239.0;8708.0;14630.0;24388.0;3906.0;5614.0;-12.0;-1.0;-5.0;4.0;NITROMETHANE
5789.0;9567.0;16083.0;20709.0;4140.0;5599.0;5209.0;8628.0;14444.0;24126.0;3866.0;5599.0;-11.0;1.0;-4.0;4.0;NITROMETHANE
5800.0;9551.0;16024.0;20788.0;4154.0;5608.0;5194.0;8651.0;14460.0;24075.0;3877.0;5598.0;-11.0;1.0;-4.0;1.0;NITROMETHANE
5734.0;9531.0;15955.0;20709.0;4169.0;5700.0;5295.0;8811.0;14640.0;24473.0;3945.0;5689.0;-21.0;-1.0;-5.0;1.0;NITROMETHANE
5840.0;9678.0;16161.0;20965.0;4226.0;5747.0;5400.0;8983.0;15042.0;24862.0;4006.0;5745.0;-12.0;-1.0;-10.0;6.0;NITROMETHANE
5960.0;9871.0;16521.0;20966.0;4281.0;5796.0;5429.0;9003.0;15123.0;24988.0;4046.0;5786.0;-18.0;-2.0;-10.0;6.0;NITROMETHANE
5968.0;9866.0;16451.0;20966.0;4284.0;5807.0;5535.0;9199.0;15325.0;25265.0;4061.0;5810.0;-18.0;-5.0;-13.0;6.0;NITROMETHANE
6041.0;10005.0;16624.0;20968.0;4308.0;5819.0;5397.0;8986.0;14991.0;24862.0;4040.0;5816.0;-17.0;-3.0;-10.0;4.0;NITROMETHANE
5990.0;9908.0;16597.0;20967.0;4299.0;5820.0;5410.0;9000.0;15016.0;24911.0;4037.0;5812.0;-17.0;-3.0;-4.0;5.0;NITROMETHANE
5967.0;9874.0;16572.0;20968.0;4291.0;5830.0;5524.0;9144.0;15319.0;25177.0;4038.0;5799.0;-17.0;-5.0;-3.0;2.0;NITROMETHANE
5936.0;9859.0;16458.0;20962.0;4259.0;5788.0;5357.0;8871.0;14865.0;24882.0;4008.0;5763.0;-12.0;-4.0;-3.0;2.0;NITROMETHANE
5945.0;9825.0;16459.0;20965.0;4253.0;5776.0;5504.0;9109.0;15204.0;25048.0;4031.0;5774.0;-12.0;-4.0;-3.0;2.0;NITROMETHANE
5947.0;9853.0;16530.0;20967.0;4280.0;5777.0;5437.0;9016.0;15013.0;24832.0;4006.0;5746.0;-12.0;-4.0;-3.0;8.0;NITROMETHANE
5964.0;9884.0;16480.0;20965.0;4268.0;5753.0;5405.0;8940.0;14986.0;24860.0;3989.0;5742.0;-12.0;-4.0;-4.0;9.0;NITROMETHANE
5999.0;9939.0;16447.0;20968.0;4262.0;5788.0;5428.0;8974.0;14978.0;24881.0;3999.0;5756.0;-12.0;-3.0;-6.0;8.0;NITROMETHANE
5979.0;9879.0;16523.0;20962.0;4266.0;5749.0;5352.0;8936.0;14922.0;24848.0;3999.0;5762.0;-12.0;-3.0;-6.0;6.0;NITROMETHANE
5975.0;9886.0;16516.0;20968.0;4253.0;5724.0;5362.0;8855.0;14756.0;24663.0;3966.0;5716.0;-12.0;-3.0;-4.0;3.0;NITROMETHANE
5876.0;9756.0;16346.0;20965.0;4213.0;5681.0;5399.0;8955.0;14910.0;24726.0;3974.0;5688.0;-16.0;-3.0;-6.0;1.0;NITROMETHANE
5887.0;9714.0;16325.0;20966.0;4220.0;5728.0;5360.0;8942.0;14997.0;24895.0;4005.0;5739.0;-16.0;-3.0;-6.0;1.0;NITROMETHANE
5991.0;9856.0;16484.0;20963.0;4277.0;5761.0;5525.0;9110.0;15172.0;25069.0;4021.0;5774.0;-16.0;-3.0;-6.0;1.0;NITROMETHANE
6004.0;9918.0;16566.0;20971.0;4277.0;5767.0;5399.0;8951.0;14915.0;24806.0;3994.0;5744.0;-16.0;-3.0;-7.0;1.0;NITROMETHANE
6015.0;9918.0;16617.0;20967.0;4298.0;5802.0;5547.0;9191.0;15274.0;25149.0;4026.0;5809.0;-16.0;-3.0;-11.0;0.0;NITROMETHANE
6044.0;10002.0;16695.0;20986.0;4302.0;5805.0;5436.0;8989.0;15046.0;24929.0;4036.0;5825.0;-16.0;-3.0;-11.0;0.0;NITROMETHANE
6014.0;9966.0;16578.0;20966.0;4278.0;5784.0;5513.0;9092.0;15196.0;25051.0;4029.0;5822.0;-12.0;-3.0;-7.0;1.0;NITROMETHANE
6035.0;9935.0;16587.0;20966.0;4284.0;5792.0;5472.0;9010.0;15062.0;24958.0;3997.0;5783.0;-12.0;0.0;-7.0;1.0;NITROMETHANE
6025.0;9972.0;16641.0;20965.0;4296.0;5826.0;5496.0;9086.0;15178.0;25180.0;4058.0;5817.0;-10.0;0.0;-5.0;2.0;NITROMETHANE
6074.0;10053.0;16769.0;20964.0;4282.0;5798.0;5437.0;9025.0;15030.0;24886.0;4033.0;5771.0;-10.0;0.0;-5.0;5.0;NITROMETHANE
5981.0;9865.0;16567.0;20965.0;4269.0;5779.0;5406.0;8942.0;14961.0;24902.0;4014.0;5771.0;-10.0;0.0;-5.0;5.0;NITROMETHANE
6005.0;9939.0;16640.0;20967.0;4276.0;5775.0;5460.0;9041.0;15128.0;24971.0;4003.0;5745.0;-17.0;0.0;-7.0;2.0;NITROMETHANE
5998.0;9912.0;16532.0;20967.0;4258.0;5745.0;5545.0;9173.0;15323.0;25006.0;4011.0;5748.0;-17.0;0.0;-7.0;5.0;NITROMETHANE
5979.0;9914.0;16575.0;20972.0;4273.0;5785.0;5496.0;9097.0;15253.0;25144.0;4048.0;5769.0;-17.0;0.0;-7.0;2.0;NITROMETHANE
6044.0;9988.0;16608.0;20966.0;4282.0;5806.0;5534.0;9120.0;15207.0;25088.0;4029.0;5763.0;-16.0;-2.0;-2.0;2.0;NITROMETHANE
5988.0;9871.0;16522.0;20966.0;4289.0;5811.0;5499.0;9119.0;15156.0;24985.0;4025.0;5821.0;-16.0;-2.0;1.0;2.0;NITROMETHANE
6072.0;10031.0;16689.0;21051.0;4303.0;5818.0;5563.0;9176.0;15291.0;25197.0;4055.0;5778.0;-16.0;-2.0;1.0;11.0;NITROMETHANE
6016.0;9933.0;16568.0;20966.0;4297.0;5787.0;5401.0;8927.0;14967.0;24847.0;3988.0;5744.0;-16.0;-2.0;-5.0;11.0;NITROMETHANE
5979.0;9883.0;16530.0;20966.0;4263.0;5753.0;5417.0;8979.0;15045.0;24816.0;3989.0;5730.0;-22.0;-1.0;-12.0;11.0;NITROMETHANE
5960.0;9849.0;16571.0;20970.0;4263.0;5761.0;5470.0;9070.0;15117.0;24958.0;4003.0;5781.0;-22.0;1.0;-12.0;7.0;NITROMETHANE
6037.0;9946.0;16620.0;20968.0;4295.0;5796.0;5525.0;9165.0;15194.0;25082.0;4038.0;5822.0;-23.0;3.0;-12.0;3.0;NITROMETHANE
6066.0;10004.0;16745.0;20962.0;4303.0;5812.0;5596.0;9232.0;15358.0;25198.0;4060.0;5840.0;-20.0;3.0;-12.0;3.0;NITROMETHANE
6109.0;10056.0;16785.0;20970.0;4343.0;5844.0;5495.0;9132.0;15320.0;25235.0;4076.0;5864.0;-20.0;2.0;-12.0;3.0;NITROMETHANE
6100.0;10053.0;16806.0;21061.0;4343.0;5880.0;5560.0;9205.0;15471.0;25407.0;4086.0;5854.0;-18.0;2.0;-5.0;3.0;NITROMETHANE
6097.0;10050.0;16833.0;21057.0;4356.0;5901.0;5694.0;9353.0;15506.0;25363.0;4093.0;5906.0;-20.0;3.0;-12.0;7.0;NITROMETHANE
6137.0;10064.0;16879.0;21137.0;4367.0;5852.0;5545.0;9185.0;15300.0;25193.0;4073.0;5852.0;-18.0;0.0;-5.0;8.0;NITROMETHANE
6049.0;10026.0;16756.0;21062.0;4335.0;5868.0;5569.0;9139.0;15257.0;25212.0;4062.0;5894.0;-18.0;-1.0;-5.0;7.0;NITROMETHANE
6175.0;10165.0;16949.0;21134.0;4360.0;5905.0;5586.0;9212.0;15379.0;25291.0;4103.0;5879.0;-13.0;-3.0;-14.0;1.0;NITROMETHANE
6125.0;10103.0;16887.0;21061.0;4347.0;5893.0;5533.0;9177.0;15342.0;25255.0;4084.0;5909.0;-12.0;-3.0;-14.0;1.0;NITROMETHANE
6200.0;10175.0;16895.0;21105.0;4355.0;5856.0;5616.0;9299.0;15428.0;25368.0;4087.0;5911.0;-9.0;-3.0;-3.0;2.0;NITROMETHANE
6162.0;10175.0;16950.0;21221.0;4359.0;5878.0;5537.0;9115.0;15315.0;25243.0;4097.0;5853.0;-12.0;-3.0;-6.0;4.0;NITROMETHANE
6090.0;10089.0;16818.0;21082.0;4354.0;5900.0;5546.0;9208.0;15388.0;25373.0;4104.0;5921.0;-12.0;3.0;-6.0;2.0;NITROMETHANE
6179.0;10241.0;17060.0;21111.0;4402.0;5895.0;5607.0;9297.0;15524.0;25479.0;4119.0;5932.0;-15.0;3.0;-6.0;3.0;NITROMETHANE
6188.0;10204.0;16997.0;21064.0;4385.0;5915.0;5625.0;9328.0;15530.0;25455.0;4116.0;5933.0;-21.0;5.0;-6.0;3.0;NITROMETHANE
6229.0;10293.0;17138.0;21120.0;4403.0;5913.0;5542.0;9164.0;15400.0;25463.0;4140.0;5923.0;-21.0;-1.0;-6.0;3.0;NITROMETHANE
6192.0;10205.0;17031.0;21064.0;4391.0;5921.0;5556.0;9218.0;15416.0;25286.0;4098.0;5883.0;-21.0;-3.0;-6.0;9.0;NITROMETHANE
6213.0;10219.0;16998.0;21137.0;4396.0;5934.0;5602.0;9244.0;15482.0;25526.0;4133.0;5936.0;-19.0;-5.0;-6.0;3.0;NITROMETHANE
6207.0;10251.0;17079.0;21144.0;4403.0;5957.0;5728.0;9431.0;15704.0;25576.0;4143.0;5987.0;-18.0;-3.0;-1.0;2.0;NITROMETHANE
6249.0;10286.0;17101.0;21102.0;4414.0;5950.0;5606.0;9269.0;15398.0;25437.0;4133.0;5925.0;-12.0;-4.0;-1.0;2.0;NITROMETHANE
6204.0;10275.0;17013.0;21118.0;4370.0;5898.0;5573.0;9195.0;15392.0;25192.0;4072.0;5858.0;-16.0;-4.0;-6.0;2.0;NITROMETHANE
6112.0;10102.0;16847.0;21138.0;4362.0;5876.0;5569.0;9208.0;15369.0;25393.0;4091.0;5889.0;-16.0;-3.0;-6.0;2.0;NITROMETHANE
6105.0;10090.0;16847.0;21117.0;4372.0;5906.0;5682.0;9390.0;15725.0;25520.0;4127.0;5933.0;-16.0;0.0;-7.0;5.0;NITROMETHANE
6158.0;10170.0;16998.0;21131.0;4377.0;5880.0;5582.0;9165.0;15331.0;25210.0;4071.0;5847.0;-10.0;-1.0;-7.0;6.0;NITROMETHANE
6111.0;10088.0;16854.0;21149.0;4358.0;5853.0;5596.0;9218.0;15449.0;25286.0;4094.0;5891.0;-16.0;1.0;-10.0;5.0;NITROMETHANE
6127.0;10114.0;16885.0;21116.0;4363.0;5870.0;5541.0;9149.0;15278.0;25287.0;4084.0;5899.0;-17.0;1.0;-10.0;4.0;NITROMETHANE
6155.0;10212.0;16925.0;21090.0;4370.0;5876.0;5640.0;9346.0;15531.0;25457.0;4115.0;5873.0;-18.0;1.0;-10.0;6.0;NITROMETHANE
6132.0;10127.0;16906.0;21129.0;4359.0;5909.0;5633.0;9278.0;15557.0;25426.0;4119.0;5878.0;-17.0;0.0;-10.0;4.0;NITROMETHANE
6224.0;10231.0;17045.0;21126.0;4371.0;5886.0;5577.0;9210.0;15330.0;25138.0;4072.0;5871.0;-17.0;0.0;-10.0;5.0;NITROMETHANE
6125.0;10075.0;16866.0;21053.0;4342.0;5886.0;5503.0;9132.0;15264.0;25199.0;4080.0;5874.0;-12.0;0.0;-9.0;7.0;NITROMETHANE
6177.0;10179.0;16886.0;21114.0;4346.0;5875.0;5479.0;9059.0;15096.0;25103.0;4065.0;5829.0;-12.0;0.0;-9.0;5.0;NITROMETHANE
6098.0;10099.0;16836.0;21058.0;4357.0;5861.0;5554.0;9150.0;15308.0;25129.0;4080.0;5853.0;-12.0;-3.0;-9.0;3.0;NITROMETHANE
6123.0;10147.0;16926.0;21048.0;4357.0;5864.0;5544.0;9145.0;15344.0;25332.0;4080.0;5870.0;-14.0;-3.0;-10.0;3.0;NITROMETHANE
6169.0;10185.0;16927.0;21039.0;4328.0;5838.0;5540.0;9148.0;15233.0;25139.0;4063.0;5845.0;-15.0;-3.0;-10.0;3.0;NITROMETHANE
6132.0;10153.0;16922.0;21126.0;4326.0;5809.0;5508.0;9037.0;15074.0;24971.0;4026.0;5836.0;-15.0;-5.0;-10.0;0.0;NITROMETHANE
6160.0;10139.0;16893.0;21126.0;4331.0;5830.0;5600.0;9209.0;15305.0;25121.0;4088.0;5826.0;-15.0;-6.0;-10.0;-1.0;NITROMETHANE
6106.0;10073.0;16786.0;20971.0;4343.0;5875.0;5560.0;9226.0;15368.0;25184.0;4095.0;5871.0;-18.0;-5.0;-10.0;0.0;NITROMETHANE
6125.0;10160.0;16986.0;21115.0;4394.0;5926.0;5684.0;9384.0;15601.0;25443.0;4108.0;5888.0;-21.0;0.0;-10.0;-1.0;NITROMETHANE
6252.0;10294.0;17074.0;21162.0;4399.0;5962.0;5636.0;9315.0;15488.0;25384.0;4123.0;5925.0;-21.0;-8.0;-19.0;0.0;NITROMETHANE
6288.0;10378.0;17149.0;21198.0;4435.0;5952.0;5766.0;9501.0;15844.0;25672.0;4149.0;5973.0;-21.0;-3.0;-19.0;-2.0;NITROMETHANE
6247.0;10358.0;17162.0;21254.0;4427.0;5948.0;5593.0;9239.0;15473.0;25442.0;4130.0;5958.0;-21.0;0.0;-19.0;2.0;NITROMETHANE
6247.0;10292.0;17094.0;21324.0;4427.0;5954.0;5679.0;9435.0;15747.0;25645.0;4161.0;5948.0;-19.0;4.0;-11.0;2.0;NITROMETHANE
6228.0;10271.0;17078.0;21122.0;4443.0;5986.0;5739.0;9487.0;15793.0;25691.0;4187.0;6014.0;-16.0;-2.0;-7.0;4.0;NITROMETHANE
6342.0;10438.0;17293.0;21296.0;4453.0;6022.0;5728.0;9496.0;15965.0;25770.0;4224.0;6014.0;-15.0;6.0;-7.0;4.0;NITROMETHANE
6415.0;10538.0;17392.0;21366.0;4480.0;6017.0;5725.0;9481.0;15791.0;25789.0;4205.0;6013.0;-12.0;4.0;-2.0;4.0;NITROMETHANE
6302.0;10401.0;17298.0;21239.0;4472.0;5996.0;5657.0;9362.0;15554.0;25532.0;4168.0;5968.0;-15.0;0.0;-2.0;6.0;NITROMETHANE
6307.0;10382.0;17189.0;21199.0;4439.0;5985.0;5735.0;9499.0;15755.0;25631.0;4161.0;5976.0;-12.0;-1.0;5.0;4.0;NITROMETHANE
6284.0;10363.0;17234.0;21151.0;4428.0;5993.0;5743.0;9486.0;15818.0;25729.0;4183.0;5979.0;-15.0;0.0;-2.0;4.0;NITROMETHANE
6260.0;10308.0;17111.0;21232.0;4440.0;5963.0;5622.0;9289.0;15619.0;25556.0;4172.0;5963.0;-17.0;-1.0;-2.0;6.0;NITROMETHANE
6302.0;10391.0;17141.0;21123.0;4427.0;5970.0;5786.0;9579.0;15928.0;25736.0;4172.0;5972.0;-19.0;-2.0;-13.0;6.0;NITROMETHANE
6279.0;10375.0;17252.0;21115.0;4439.0;5981.0;5723.0;9448.0;15747.0;25707.0;4162.0;5953.0;-19.0;-2.0;-13.0;6.0;NITROMETHANE
6277.0;10336.0;17163.0;21222.0;4430.0;5964.0;5729.0;9479.0;15749.0;25700.0;4170.0;5939.0;-19.0;-2.0;-17.0;6.0;NITROMETHANE
6261.0;10333.0;17245.0;21158.0;4422.0;5976.0;5735.0;9488.0;15747.0;25603.0;4146.0;5963.0;-19.0;-3.0;-17.0;8.0;NITROMETHANE
6296.0;10333.0;17159.0;21379.0;4428.0;5967.0;5632.0;9364.0;15578.0;25553.0;4158.0;5946.0;-15.0;-3.0;-17.0;9.0;NITROMETHANE
6258.0;10381.0;17212.0;21302.0;4460.0;6042.0;5732.0;9494.0;15864.0;25860.0;4219.0;6030.0;-15.0;0.0;-2.0;8.0;NITROMETHANE
6351.0;10454.0;17395.0;21310.0;4482.0;5992.0;5784.0;9560.0;15921.0;25747.0;4178.0;5972.0;-15.0;-1.0;-6.0;10.0;NITROMETHANE
6295.0;10347.0;17256.0;21222.0;4451.0;5956.0;5744.0;9480.0;15881.0;25780.0;4185.0;5993.0;-12.0;0.0;-3.0;5.0;NITROMETHANE
6264.0;10328.0;17234.0;21219.0;4457.0;6044.0;5823.0;9603.0;15918.0;25848.0;4234.0;6067.0;-12.0;0.0;-3.0;13.0;NITROMETHANE
6357.0;10499.0;17459.0;21476.0;4519.0;6079.0;5880.0;9719.0;16243.0;26000.0;4264.0;6097.0;-16.0;0.0;-4.0;7.0;NITROMETHANE
6392.0;10535.0;17445.0;21480.0;4506.0;6065.0;5781.0;9592.0;15933.0;25875.0;4222.0;6036.0;-10.0;0.0;-6.0;8.0;NITROMETHANE
6360.0;10494.0;17323.0;21473.0;4468.0;5999.0;5692.0;9372.0;15639.0;25560.0;4163.0;5964.0;-11.0;0.0;-4.0;10.0;NITROMETHANE
6263.0;10368.0;17190.0;21370.0;4441.0;5976.0;5707.0;9372.0;15680.0;25648.0;4174.0;5959.0;-18.0;0.0;-6.0;3.0;NITROMETHANE
6339.0;10451.0;17324.0;21316.0;4438.0;5983.0;5620.0;9320.0;15625.0;25660.0;4168.0;5979.0;-11.0;0.0;-4.0;8.0;NITROMETHANE
6312.0;10371.0;17191.0;21234.0;4419.0;5967.0;5781.0;9595.0;15939.0;25783.0;4181.0;5977.0;-5.0;0.0;-1.0;8.0;NITROMETHANE
6285.0;10387.0;17240.0;21156.0;4427.0;5933.0;5664.0;9354.0;15571.0;25527.0;4146.0;5958.0;-11.0;1.0;-1.0;8.0;NITROMETHANE
6300.0;10344.0;17175.0;21131.0;4425.0;5947.0;5687.0;9404.0;15762.0;25687.0;4183.0;5946.0;-18.0;1.0;-7.0;8.0;NITROMETHANE
6335.0;10427.0;17247.0;21298.0;4428.0;5947.0;5649.0;9332.0;15611.0;25589.0;4164.0;5935.0;-18.0;1.0;-4.0;10.0;NITROMETHANE
6290.0;10326.0;17145.0;21234.0;4425.0;5967.0;5666.0;9346.0;15631.0;25544.0;4129.0;5887.0;-18.0;0.0;-7.0;7.0;NITROMETHANE
6294.0;10375.0;17221.0;21167.0;4423.0;5889.0;5693.0;9394.0;15682.0;25511.0;4127.0;5871.0;-18.0;0.0;-7.0;10.0;NITROMETHANE
6226.0;10337.0;17105.0;21303.0;4384.0;5919.0;5605.0;9244.0;15370.0;25409.0;4106.0;5866.0;-18.0;0.0;-5.0;7.0;NITROMETHANE
6195.0;10233.0;17065.0;21203.0;4411.0;5936.0;5728.0;9453.0;15763.0;25614.0;4149.0;5928.0;-10.0;0.0;-4.0;12.0;NITROMETHANE
6224.0;10297.0;17158.0;21146.0;4427.0;5943.0;5704.0;9424.0;15635.0;25604.0;4184.0;6013.0;-10.0;1.0;-4.0;4.0;NITROMETHANE
6421.0;10503.0;17434.0;21456.0;4495.0;6065.0;5811.0;9622.0;15986.0;25897.0;4233.0;6071.0;-11.0;1.0;-4.0;6.0;NITROMETHANE
6412.0;10603.0;17535.0;21477.0;4518.0;6069.0;5938.0;9757.0;16243.0;26038.0;4246.0;6075.0;-11.0;0.0;-4.0;4.0;NITROMETHANE
6347.0;10524.0;17455.0;21386.0;4511.0;6060.0;5750.0;9520.0;15822.0;25873.0;4248.0;6075.0;-14.0;0.0;-4.0;5.0;NITROMETHANE
6440.0;10629.0;17581.0;21475.0;4534.0;6106.0;5800.0;9595.0;16009.0;25982.0;4268.0;6114.0;-14.0;-3.0;-13.0;4.0;NITROMETHANE
6483.0;10655.0;17669.0;21477.0;4580.0;6114.0;5836.0;9646.0;16092.0;26001.0;4280.0;6133.0;-15.0;-3.0;-13.0;4.0;NITROMETHANE
6528.0;10728.0;17689.0;21475.0;4551.0;6124.0;5844.0;9661.0;16038.0;25982.0;4262.0;6090.0;-15.0;0.0;-9.0;4.0;NITROMETHANE
6420.0;10619.0;17563.0;21475.0;4522.0;6077.0;5780.0;9533.0;15865.0;25795.0;4210.0;6021.0;-16.0;0.0;-13.0;4.0;NITROMETHANE
6382.0;10484.0;17469.0;21381.0;4494.0;6023.0;5744.0;9462.0;15756.0;25706.0;4185.0;6014.0;-16.0;0.0;-9.0;2.0;NITROMETHANE
6376.0;10502.0;17341.0;21317.0;4465.0;5990.0;5745.0;9491.0;15814.0;25788.0;4209.0;6015.0;-19.0;0.0;-9.0;0.0;NITROMETHANE
6396.0;10526.0;17421.0;21393.0;4492.0;6061.0;5738.0;9498.0;15856.0;25776.0;4220.0;6021.0;-23.0;0.0;-9.0;0.0;NITROMETHANE
6384.0;10541.0;17518.0;21476.0;4507.0;6062.0;5869.0;9669.0;16063.0;25908.0;4232.0;6030.0;-23.0;0.0;-6.0;5.0;NITROMETHANE
6351.0;10473.0;17356.0;21284.0;4463.0;6024.0;5691.0;9426.0;15694.0;25693.0;4174.0;5975.0;-19.0;-2.0;-2.0;3.0;NITROMETHANE
6357.0;10471.0;17322.0;21291.0;4456.0;6001.0;5689.0;9410.0;15646.0;25604.0;4173.0;5984.0;-19.0;-4.0;-5.0;6.0;NITROMETHANE
6357.0;10483.0;17310.0;21305.0;4455.0;5966.0;5764.0;9553.0;15782.0;25648.0;4175.0;5961.0;-19.0;-4.0;-5.0;4.0;NITROMETHANE
6327.0;10433.0;17300.0;21386.0;4465.0;6013.0;5791.0;9585.0;16003.0;25853.0;4205.0;6022.0;-14.0;0.0;-5.0;6.0;NITROMETHANE
6333.0;10442.0;17391.0;21356.0;4478.0;5977.0;5718.0;9390.0;15665.0;25624.0;4167.0;5978.0;-14.0;1.0;-11.0;11.0;NITROMETHANE
6295.0;10397.0;17241.0;21217.0;4448.0;5995.0;5783.0;9528.0;15940.0;25773.0;4178.0;6001.0;-16.0;1.0;-20.0;11.0;NITROMETHANE
6350.0;10482.0;17387.0;21327.0;4449.0;5966.0;5774.0;9544.0;15878.0;25687.0;4181.0;5949.0;-18.0;1.0;-20.0;7.0;NITROMETHANE
6315.0;10447.0;17301.0;21202.0;4428.0;5936.0;5692.0;9436.0;15699.0;25663.0;4185.0;5980.0;-16.0;1.0;-12.0;5.0;NITROMETHANE
6292.0;10397.0;17299.0;21362.0;4442.0;5977.0;5702.0;9435.0;15677.0;25645.0;4155.0;5990.0;-16.0;1.0;-12.0;0.0;NITROMETHANE
6374.0;10490.0;17337.0;21199.0;4459.0;6011.0;5734.0;9477.0;15766.0;25694.0;4189.0;5984.0;-14.0;-1.0;-4.0;0.0;NITROMETHANE
6336.0;10465.0;17320.0;21273.0;4458.0;5988.0;5761.0;9464.0;15750.0;25684.0;4184.0;5950.0;-14.0;-1.0;-4.0;5.0;NITROMETHANE
6266.0;10385.0;17274.0;21130.0;4430.0;5939.0;5780.0;9536.0;15866.0;25714.0;4179.0;5972.0;-14.0;-1.0;-4.0;6.0;NITROMETHANE
6327.0;10353.0;17181.0;21136.0;4409.0;5961.0;5646.0;9357.0;15650.0;25636.0;4172.0;5957.0;-20.0;-1.0;-12.0;7.0;NITROMETHANE
6301.0;10383.0;17237.0;21334.0;4443.0;6021.0;5844.0;9649.0;16101.0;25911.0;4227.0;6035.0;-23.0;2.0;-15.0;4.0;NITROMETHANE
6404.0;10533.0;17430.0;21469.0;4503.0;5984.0;5807.0;9590.0;16036.0;25869.0;4223.0;6026.0;-23.0;2.0;-15.0;4.0;NITROMETHANE
6376.0;10570.0;17453.0;21440.0;4500.0;6052.0;5944.0;9743.0;16225.0;26050.0;4231.0;6074.0;-20.0;-2.0;-15.0;3.0;NITROMETHANE
6404.0;10543.0;17496.0;21472.0;4506.0;6062.0;5856.0;9673.0;16060.0;25838.0;4233.0;6058.0;-20.0;-2.0;-12.0;5.0;NITROMETHANE
6393.0;10583.0;17481.0;21474.0;4488.0;6040.0;5801.0;9512.0;15860.0;25819.0;4211.0;6035.0;-16.0;-2.0;-8.0;3.0;NITROMETHANE
6397.0;10534.0;17471.0;21476.0;4500.0;6077.0;5818.0;9598.0;15971.0;25914.0;4244.0;6033.0;-16.0;-3.0;-2.0;2.0;NITROMETHANE
6441.0;10648.0;17563.0;21475.0;4538.0;6118.0;5991.0;9879.0;16524.0;26267.0;4330.0;6172.0;-17.0;-3.0;-8.0;2.0;NITROMETHANE
6536.0;10782.0;17808.0;21476.0;4647.0;6296.0;6037.0;9967.0;16663.0;26423.0;4422.0;6272.0;-17.0;-1.0;-8.0;5.0;NITROMETHANE
6635.0;10923.0;17994.0;21477.0;4688.0;6297.0;6054.0;10012.0;16698.0;26449.0;4418.0;6332.0;-17.0;-1.0;-11.0;8.0;NITROMETHANE
6719.0;11003.0;18059.0;21479.0;4687.0;6341.0;6118.0;10127.0;16860.0;26567.0;4458.0;6328.0;-17.0;-1.0;-11.0;9.0;NITROMETHANE
6701.0;11037.0;18102.0;21519.0;4700.0;6302.0;6226.0;10234.0;16958.0;26540.0;4428.0;6241.0;-17.0;-1.0;-11.0;8.0;NITROMETHANE
6645.0;10939.0;18037.0;21475.0;4652.0;6208.0;5991.0;9825.0;16299.0;26147.0;4341.0;6183.0;-17.0;-1.0;-8.0;8.0;NITROMETHANE
6583.0;10819.0;17821.0;21475.0;4603.0;6195.0;5943.0;9754.0;16353.0;26224.0;4334.0;6156.0;-19.0;-1.0;-7.0;3.0;NITROMETHANE
6513.0;10762.0;17730.0;21475.0;4604.0;6191.0;6025.0;9901.0;16485.0;26205.0;4352.0;6216.0;-16.0;-1.0;-7.0;3.0;NITROMETHANE
6611.0;10884.0;17975.0;21474.0;4635.0;6214.0;5911.0;9799.0;16312.0;26251.0;4347.0;6194.0;-22.0;1.0;-6.0;8.0;NITROMETHANE
6595.0;10835.0;17865.0;21476.0;4617.0;6219.0;5976.0;9918.0;16564.0;26332.0;4343.0;6244.0;-22.0;1.0;-8.0;8.0;NITROMETHANE
6629.0;10939.0;17913.0;21475.0;4629.0;6218.0;5944.0;9840.0;16482.0;26276.0;4368.0;6257.0;-22.0;-3.0;-9.0;8.0;NITROMETHANE
6617.0;10911.0;17964.0;21475.0;4623.0;6241.0;6039.0;9892.0;16522.0;26298.0;4379.0;6247.0;-20.0;-2.0;-13.0;5.0;NITROMETHANE
6642.0;10887.0;17893.0;21477.0;4654.0;6217.0;5991.0;9850.0;16404.0;26268.0;4356.0;6253.0;-22.0;-2.0;-9.0;5.0;NITROMETHANE
6604.0;10916.0;17953.0;21477.0;4643.0;6178.0;5994.0;9823.0;16369.0;26149.0;4312.0;6174.0;-21.0;-3.0;-9.0;4.0;NITROMETHANE
6562.0;10756.0;17744.0;21476.0;4584.0;6162.0;5917.0;9759.0;16226.0;26092.0;4287.0;6148.0;-21.0;-2.0;-12.0;9.0;NITROMETHANE
6502.0;10697.0;17680.0;21478.0;4569.0;6134.0;5914.0;9768.0;16286.0;26048.0;4266.0;6111.0;-21.0;1.0;-9.0;4.0;NITROMETHANE
6521.0;10703.0;17663.0;21475.0;4570.0;6164.0;5941.0;9805.0;16351.0;26232.0;4303.0;6105.0;-21.0;2.0;-9.0;9.0;NITROMETHANE
6482.0;10730.0;17696.0;21476.0;4564.0;6078.0;5999.0;9833.0;16344.0;26041.0;4271.0;6092.0;-21.0;1.0;-9.0;4.0;NITROMETHANE
6479.0;10667.0;17661.0;21474.0;4602.0;6215.0;6138.0;10101.0;16742.0;26388.0;4375.0;6241.0;-12.0;2.0;-9.0;5.0;NITROMETHANE
6614.0;10922.0;17921.0;21476.0;4661.0;6277.0;6090.0;9985.0;16585.0;26404.0;4403.0;6292.0;-7.0;-3.0;-9.0;3.0;NITROMETHANE
6696.0;11003.0;18080.0;21476.0;4683.0;6278.0;6165.0;10127.0;16833.0;26494.0;4408.0;6269.0;-12.0;-3.0;-9.0;5.0;NITROMETHANE
6679.0;11022.0;18108.0;21475.0;4679.0;6268.0;6067.0;10009.0;16681.0;26476.0;4397.0;6245.0;-19.0;-3.0;-15.0;8.0;NITROMETHANE
6642.0;10927.0;17974.0;21479.0;4655.0;6210.0;6079.0;10020.0;16589.0;26298.0;4345.0;6186.0;-15.0;-3.0;-9.0;5.0;NITROMETHANE
6669.0;10896.0;17896.0;21477.0;4623.0;6178.0;5950.0;9806.0;16301.0;26133.0;4302.0;6137.0;-15.0;-3.0;-5.0;4.0;NITROMETHANE
6554.0;10797.0;17750.0;21476.0;4582.0;6123.0;5953.0;9792.0;16352.0;26117.0;4301.0;6160.0;-19.0;-3.0;-5.0;9.0;NITROMETHANE
6584.0;10810.0;17756.0;21476.0;4566.0;6146.0;5896.0;9669.0;16126.0;26109.0;4290.0;6092.0;-15.0;-3.0;-5.0;4.0;NITROMETHANE
6572.0;10791.0;17784.0;21480.0;4584.0;6149.0;5979.0;9872.0;16379.0;26168.0;4326.0;6131.0;-15.0;-2.0;-5.0;6.0;NITROMETHANE
6522.0;10721.0;17650.0;21480.0;4575.0;6148.0;5960.0;9816.0;16360.0;26093.0;4296.0;6163.0;-15.0;-1.0;-5.0;3.0;NITROMETHANE
6547.0;10808.0;17739.0;21477.0;4565.0;6102.0;5847.0;9659.0;16061.0;26064.0;4267.0;6086.0;-15.0;1.0;-6.0;3.0;NITROMETHANE
6518.0;10719.0;17663.0;21474.0;4545.0;6069.0;5830.0;9631.0;15950.0;25919.0;4235.0;6113.0;-8.0;1.0;-9.0;3.0;NITROMETHANE
6477.0;10718.0;17677.0;21480.0;4574.0;6117.0;5936.0;9800.0;16275.0;26089.0;4295.0;6070.0;-15.0;1.0;-13.0;3.0;NITROMETHANE
6525.0;10742.0;17667.0;21475.0;4582.0;6177.0;5948.0;9822.0;16396.0;26221.0;4324.0;6198.0;-17.0;4.0;-9.0;3.0;NITROMETHANE
6594.0;10841.0;17791.0;21474.0;4614.0;6191.0;5978.0;9892.0;16392.0;26242.0;4321.0;6177.0;-17.0;1.0;-9.0;11.0;NITROMETHANE
6638.0;10881.0;17917.0;21473.0;4606.0;6234.0;5989.0;9906.0;16466.0;26258.0;4361.0;6202.0;-17.0;-5.0;-9.0;3.0;NITROMETHANE
6605.0;10873.0;17919.0;21475.0;4660.0;6214.0;6012.0;9901.0;16511.0;26332.0;4365.0;6252.0;-17.0;1.0;-9.0;6.0;NITROMETHANE
6632.0;10888.0;17928.0;21475.0;4645.0;6215.0;6041.0;9949.0;16509.0;26270.0;4373.0;6245.0;-11.0;5.0;-9.0;3.0;NITROMETHANE
6716.0;11033.0;18044.0;21477.0;4655.0;6169.0;6031.0;9984.0;16578.0;26385.0;4357.0;6243.0;-11.0;5.0;-9.0;1.0;NITROMETHANE
6660.0;10957.0;17959.0;21481.0;4643.0;6251.0;6167.0;10054.0;16632.0;26385.0;4376.0;6238.0;-11.0;5.0;-11.0;0.0;NITROMETHANE
6730.0;11051.0;18023.0;21478.0;4673.0;6273.0;6051.0;9976.0;16604.0;26366.0;4387.0;6303.0;-9.0;5.0;-9.0;1.0;NITROMETHANE
6751.0;11069.0;18105.0;21480.0;4695.0;6260.0;5983.0;9882.0;16463.0;26318.0;4361.0;6221.0;-16.0;3.0;-11.0;4.0;NITROMETHANE
6691.0;10977.0;17998.0;21478.0;4629.0;6166.0;6004.0;9863.0;16307.0;26176.0;4310.0;6168.0;-16.0;4.0;-11.0;4.0;NITROMETHANE
6587.0;10861.0;17853.0;21477.0;4597.0;6142.0;5954.0;9819.0;16265.0;26153.0;4309.0;6140.0;-15.0;4.0;-5.0;6.0;NITROMETHANE
6646.0;10871.0;17800.0;21477.0;4563.0;6123.0;6007.0;9900.0;16311.0;26192.0;4313.0;6135.0;-15.0;4.0;-5.0;4.0;NITROMETHANE
6637.0;10879.0;17806.0;21476.0;4580.0;6115.0;5960.0;9814.0;16370.0;26152.0;4299.0;6135.0;-15.0;1.0;-11.0;9.0;NITROMETHANE
6560.0;10798.0;17810.0;21478.0;4568.0;6143.0;5930.0;9712.0;16155.0;26048.0;4283.0;6138.0;-15.0;1.0;-5.0;6.0;NITROMETHANE
6592.0;10856.0;17830.0;21480.0;4583.0;6160.0;6018.0;9895.0;16351.0;26203.0;4325.0;6207.0;-15.0;-1.0;-11.0;9.0;NITROMETHANE
6647.0;10917.0;17886.0;21474.0;4622.0;6209.0;6128.0;10073.0;16664.0;26279.0;4351.0;6175.0;-15.0;0.0;-11.0;6.0;NITROMETHANE
6643.0;10923.0;17860.0;21477.0;4607.0;6204.0;6001.0;9872.0;16431.0;26202.0;4339.0;6208.0;-13.0;0.0;-12.0;5.0;NITROMETHANE
6674.0;10948.0;17935.0;21474.0;4616.0;6206.0;5995.0;9855.0;16428.0;26279.0;4357.0;6232.0;-13.0;0.0;-12.0;6.0;NITROMETHANE
6694.0;11024.0;17993.0;21479.0;4666.0;6250.0;6119.0;10027.0;16729.0;26361.0;4409.0;6259.0;-20.0;0.0;-13.0;5.0;NITROMETHANE
6617.0;10942.0;18030.0;21475.0;4651.0;6269.0;6042.0;9919.0;16482.0;26305.0;4386.0;6230.0;-19.0;0.0;-14.0;8.0;NITROMETHANE
6646.0;10962.0;17985.0;21478.0;4653.0;6273.0;6059.0;9987.0;16679.0;26425.0;4372.0;6247.0;-19.0;0.0;-14.0;5.0;NITROMETHANE
6692.0;11030.0;18034.0;21480.0;4674.0;6271.0;6148.0;10156.0;16868.0;26510.0;4401.0;6286.0;-20.0;0.0;-14.0;5.0;NITROMETHANE
6732.0;11042.0;18069.0;21474.0;4663.0;6279.0;6089.0;9965.0;16582.0;26384.0;4386.0;6238.0;-19.0;0.0;-14.0;5.0;NITROMETHANE
6717.0;11061.0;18043.0;21543.0;4665.0;6250.0;6133.0;10083.0;16762.0;26381.0;4386.0;6249.0;-17.0;1.0;-14.0;6.0;NITROMETHANE
6664.0;10995.0;18045.0;21476.0;4681.0;6253.0;6062.0;10005.0;16658.0;26422.0;4387.0;6268.0;-16.0;1.0;-11.0;8.0;NITROMETHANE
6747.0;11040.0;18096.0;21477.0;4647.0;6253.0;6033.0;9950.0;16580.0;26353.0;4383.0;6236.0;-16.0;1.0;-11.0;6.0;NITROMETHANE
6761.0;11052.0;18055.0;21478.0;4652.0;6214.0;5943.0;9823.0;16325.0;26140.0;4345.0;6257.0;-16.0;1.0;-10.0;6.0;NITROMETHANE
6632.0;10904.0;17969.0;21478.0;4664.0;6268.0;6107.0;10038.0;16656.0;26388.0;4409.0;6287.0;-16.0;1.0;-10.0;6.0;NITROMETHANE
6693.0;11051.0;18095.0;21481.0;4689.0;6311.0;6213.0;10246.0;16915.0;26522.0;4420.0;6324.0;-16.0;-6.0;-10.0;2.0;NITROMETHANE
6764.0;11141.0;18218.0;21559.0;4719.0;6273.0;6126.0;10094.0;16697.0;26377.0;4400.0;6291.0;-18.0;-6.0;-10.0;1.0;NITROMETHANE
6751.0;11033.0;18060.0;21473.0;4697.0;6248.0;6177.0;10140.0;16905.0;26502.0;4413.0;6307.0;-18.0;-4.0;-10.0;2.0;NITROMETHANE
6771.0;11109.0;18194.0;21564.0;4682.0;6257.0;5992.0;9911.0;16445.0;26349.0;4390.0;6273.0;-18.0;-4.0;-10.0;2.0;NITROMETHANE
6745.0;11095.0;18116.0;21479.0;4669.0;6277.0;6115.0;10109.0;16774.0;26448.0;4421.0;6316.0;-18.0;-4.0;-13.0;4.0;NITROMETHANE
6830.0;11244.0;18273.0;21507.0;4742.0;6341.0;6241.0;10308.0;17072.0;26613.0;4475.0;6350.0;-18.0;-4.0;-8.0;4.0;NITROMETHANE
6803.0;11196.0;18232.0;21478.0;4721.0;6320.0;6140.0;10057.0;16812.0;26493.0;4429.0;6360.0;-18.0;-4.0;-13.0;8.0;NITROMETHANE
6793.0;11171.0;18299.0;21570.0;4724.0;6298.0;6237.0;10231.0;16994.0;26552.0;4414.0;6304.0;-18.0;-4.0;-8.0;2.0;NITROMETHANE
6774.0;11149.0;18200.0;21499.0;4714.0;6318.0;6147.0;10085.0;16797.0;26426.0;4409.0;6329.0;-18.0;-4.0;-7.0;3.0;NITROMETHANE
6814.0;11140.0;18178.0;21478.0;4704.0;6334.0;6143.0;10148.0;16963.0;26529.0;4452.0;6356.0;-18.0;-4.0;-7.0;2.0;NITROMETHANE
6857.0;11288.0;18357.0;21649.0;4781.0;6323.0;6257.0;10321.0;17149.0;26677.0;4463.0;6343.0;-14.0;-3.0;-1.0;3.0;NITROMETHANE
6792.0;11163.0;18209.0;21657.0;4740.0;6364.0;6198.0;10224.0;16951.0;26611.0;4471.0;6339.0;-14.0;-3.0;-1.0;4.0;NITROMETHANE
6921.0;11309.0;18379.0;21640.0;4735.0;6342.0;6197.0;10259.0;16991.0;26592.0;4474.0;6347.0;-15.0;-3.0;-4.0;4.0;NITROMETHANE
6905.0;11324.0;18375.0;21662.0;4752.0;6332.0;6120.0;10161.0;16921.0;26525.0;4439.0;6316.0;-15.0;-3.0;-4.0;7.0;NITROMETHANE
6806.0;11214.0;18277.0;21573.0;4741.0;6342.0;6218.0;10240.0;16884.0;26528.0;4457.0;6364.0;-15.0;-3.0;-4.0;11.0;NITROMETHANE
6851.0;11210.0;18294.0;21553.0;4747.0;6378.0;6186.0;10173.0;16876.0;26604.0;4474.0;6360.0;-15.0;-6.0;-4.0;2.0;NITROMETHANE
6870.0;11265.0;18334.0;21630.0;4769.0;6409.0;6257.0;10244.0;17135.0;26685.0;4508.0;6386.0;-15.0;-3.0;-7.0;7.0;NITROMETHANE
6877.0;11274.0;18382.0;21650.0;4787.0;6408.0;6266.0;10259.0;17094.0;26650.0;4482.0;6434.0;-9.0;-3.0;-2.0;6.0;NITROMETHANE
6926.0;11357.0;18459.0;21558.0;4782.0;6373.0;6225.0;10208.0;17001.0;26613.0;4445.0;6310.0;-10.0;-4.0;-2.0;10.0;NITROMETHANE
6877.0;11274.0;18382.0;21650.0;4787.0;6408.0;6266.0;10259.0;17094.0;26650.0;4482.0;6434.0;-10.0;-3.0;-2.0;5.0;NITROMETHANE
6863.0;11251.0;18306.0;21538.0;4724.0;6304.0;6134.0;10118.0;16803.0;26510.0;4423.0;6297.0;-10.0;-1.0;-1.0;6.0;NITROMETHANE
6799.0;11172.0;18308.0;21658.0;4752.0;6379.0;6213.0;10229.0;16976.0;26645.0;4490.0;6350.0;-18.0;5.0;-14.0;-1.0;NITROMETHANE
