OFFCHIP_SENSIMOX_SnAu_150_200.0_IN-PHASE;OFFCHIP_SENSIMOX_SnAu_200_200.0_IN-PHASE;OFFCHIP_SENSIMOX_SnAu_250_200.0_IN-PHASE;OFFCHIP_SENSIMOX_SnAu_300_200.0_IN-PHASE;OFFCHIP_SENSIMOX_SnAu_350_200.0_IN-PHASE;OFFCHIP_SENSIMOX_SnAu_400_200.0_IN-PHASE;OFFCHIP_SENSIMOX_SnAu_150_78125.0_IN-PHASE;OFFCHIP_SENSIMOX_SnAu_200_78125.0_IN-PHASE;OFFCHIP_SENSIMOX_SnAu_250_78125.0_IN-PHASE;OFFCHIP_SENSIMOX_SnAu_300_78125.0_IN-PHASE;OFFCHIP_SENSIMOX_SnAu_350_78125.0_IN-PHASE;OFFCHIP_SENSIMOX_SnAu_400_78125.0_IN-PHASE;ONCHIP_ALUMINUM_OXIDE_OUT4_IN-PHASE;ONCHIP_ALUMINUM_OXIDE_OUT4_QUADRATURE;ONCHIP_ALUMINUM_OXIDE_OUT7_IN-PHASE;ONCHIP_ALUMINUM_OXIDE_OUT7_QUADRATURE;LABEL
1.0;1.0;1.0;1.0;1.0;1.0;1.0;1.0;1.0;1.0;1.0;1.0;1.0;1.0;1.0;1.0;ETHANOL
11.0;21.0;38.0;94.0;16.0;25.0;14.0;20.0;40.0;80.0;13.0;17.0;3.0;4.0;2.0;-2.0;ETHANOL
15.0;35.0;60.0;119.0;22.0;33.0;14.0;28.0;55.0;109.0;19.0;29.0;3.0;0.0;3.0;4.0;ETHANOL
12.0;21.0;84.0;161.0;28.0;43.0;14.0;28.0;56.0;101.0;22.0;34.0;3.0;-2.0;3.0;3.0;ETHANOL
12.0;21.0;44.0;99.0;17.0;27.0;9.0;17.0;35.0;60.0;11.0;20.0;3.0;-1.0;3.0;1.0;ETHANOL
13.0;29.0;44.0;71.0;13.0;11.0;2.0;5.0;10.0;9.0;3.0;-1.0;8.0;-2.0;7.0;10.0;ETHANOL
24.0;39.0;45.0;95.0;13.0;18.0;8.0;14.0;22.0;52.0;13.0;13.0;6.0;-2.0;5.0;9.0;ETHANOL
31.0;60.0;131.0;315.0;67.0;121.0;80.0;174.0;360.0;708.0;137.0;210.0;7.0;-2.0;7.0;9.0;ETHANOL
179.0;347.0;657.0;1227.0;211.0;288.0;159.0;325.0;627.0;1180.0;212.0;323.0;14.0;3.0;18.0;13.0;ETHANOL
242.0;455.0;828.0;1516.0;246.0;334.0;168.0;319.0;628.0;1173.0;206.0;316.0;7.0;3.0;10.0;9.0;ETHANOL
226.0;422.0;787.0;1445.0;238.0;329.0;171.0;335.0;650.0;1218.0;219.0;329.0;11.0;6.0;19.0;13.0;ETHANOL
240.0;468.0;888.0;1720.0;297.0;441.0;258.0;493.0;1004.0;1858.0;330.0;491.0;8.0;2.0;16.0;8.0;ETHANOL
347.0;652.0;1200.0;2137.0;349.0;489.0;268.0;529.0;1017.0;1888.0;336.0;502.0;15.0;2.0;16.0;17.0;ETHANOL
374.0;723.0;1385.0;2607.0;447.0;654.0;389.0;772.0;1517.0;2870.0;507.0;778.0;3.0;2.0;10.0;10.0;ETHANOL
594.0;1100.0;2019.0;3590.0;587.0;802.0;435.0;836.0;1573.0;2841.0;479.0;700.0;8.0;2.0;15.0;13.0;ETHANOL
465.0;841.0;1528.0;2729.0;435.0;592.0;301.0;578.0;1093.0;1998.0;343.0;517.0;5.0;2.0;10.0;10.0;ETHANOL
350.0;641.0;1171.0;2083.0;338.0;473.0;257.0;488.0;916.0;1676.0;285.0;430.0;3.0;4.0;15.0;10.0;ETHANOL
307.0;558.0;1009.0;1793.0;292.0;409.0;217.0;414.0;791.0;1465.0;255.0;386.0;5.0;1.0;10.0;12.0;ETHANOL
312.0;604.0;1132.0;2058.0;338.0;493.0;256.0;500.0;962.0;1786.0;306.0;463.0;-2.0;0.0;10.0;10.0;ETHANOL
340.0;645.0;1171.0;2076.0;333.0;460.0;237.0;456.0;858.0;1551.0;250.0;391.0;-2.0;0.0;10.0;12.0;ETHANOL
270.0;497.0;889.0;1599.0;264.0;388.0;214.0;414.0;794.0;1437.0;252.0;383.0;-2.0;0.0;9.0;10.0;ETHANOL
280.0;526.0;1002.0;1888.0;330.0;480.0;286.0;568.0;1109.0;2079.0;368.0;561.0;-2.0;-1.0;11.0;17.0;ETHANOL
457.0;912.0;1775.0;3374.0;585.0;853.0;520.0;1006.0;1910.0;3487.0;595.0;879.0;-2.0;0.0;8.0;8.0;ETHANOL
625.0;1132.0;2034.0;3580.0;564.0;758.0;399.0;762.0;1448.0;2611.0;442.0;664.0;1.0;2.0;8.0;12.0;ETHANOL
469.0;854.0;1516.0;2709.0;444.0;639.0;357.0;689.0;1312.0;2382.0;407.0;606.0;-2.0;1.0;5.0;12.0;ETHANOL
437.0;794.0;1451.0;2627.0;432.0;635.0;392.0;779.0;1507.0;2807.0;489.0;735.0;0.0;1.0;11.0;19.0;ETHANOL
513.0;965.0;1729.0;3010.0;484.0;659.0;366.0;705.0;1340.0;2442.0;419.0;632.0;0.0;1.0;9.0;18.0;ETHANOL
458.0;834.0;1485.0;2637.0;421.0;590.0;308.0;594.0;1126.0;2059.0;353.0;538.0;1.0;6.0;9.0;21.0;ETHANOL
377.0;694.0;1256.0;2241.0;368.0;522.0;286.0;551.0;1047.0;1972.0;355.0;559.0;0.0;3.0;9.0;18.0;ETHANOL
435.0;798.0;1425.0;2514.0;401.0;566.0;303.0;593.0;1125.0;2080.0;369.0;575.0;4.0;6.0;14.0;20.0;ETHANOL
493.0;982.0;1916.0;3583.0;615.0;874.0;529.0;1013.0;1896.0;3426.0;577.0;846.0;4.0;3.0;8.0;12.0;ETHANOL
608.0;1117.0;2031.0;3592.0;593.0;796.0;450.0;856.0;1608.0;2884.0;488.0;730.0;7.0;3.0;8.0;21.0;ETHANOL
528.0;964.0;1755.0;3111.0;514.0;744.0;437.0;858.0;1597.0;2989.0;513.0;776.0;7.0;3.0;4.0;12.0;ETHANOL
598.0;1109.0;2043.0;3674.0;612.0;877.0;533.0;1039.0;1995.0;3673.0;635.0;932.0;13.0;6.0;8.0;14.0;ETHANOL
717.0;1305.0;2307.0;4050.0;645.0;881.0;502.0;970.0;1823.0;3326.0;567.0;846.0;7.0;4.0;6.0;11.0;ETHANOL
617.0;1147.0;2140.0;3946.0;687.0;1013.0;662.0;1296.0;2473.0;4552.0;785.0;1182.0;4.0;11.0;7.0;17.0;ETHANOL
913.0;1682.0;3011.0;5325.0;855.0;1163.0;708.0;1364.0;2591.0;4743.0;813.0;1221.0;2.0;3.0;7.0;15.0;ETHANOL
1060.0;2047.0;3841.0;7060.0;1181.0;1688.0;1158.0;2218.0;4141.0;7484.0;1254.0;1810.0;4.0;6.0;1.0;15.0;ETHANOL
1443.0;2574.0;4540.0;7712.0;1181.0;1531.0;931.0;1759.0;3233.0;5835.0;983.0;1456.0;2.0;3.0;1.0;25.0;ETHANOL
1209.0;2242.0;4086.0;7243.0;1177.0;1588.0;1012.0;1919.0;3541.0;6306.0;1048.0;1532.0;2.0;6.0;1.0;19.0;ETHANOL
1158.0;2095.0;3728.0;6510.0;1050.0;1426.0;890.0;1693.0;3157.0;5657.0;943.0;1393.0;2.0;5.0;1.0;19.0;ETHANOL
1102.0;2032.0;3747.0;6683.0;1101.0;1525.0;973.0;1851.0;3453.0;6116.0;1022.0;1506.0;2.0;5.0;3.0;22.0;ETHANOL
1202.0;2224.0;4047.0;7277.0;1195.0;1668.0;1101.0;2079.0;3867.0;6905.0;1147.0;1654.0;2.0;8.0;4.0;18.0;ETHANOL
1266.0;2254.0;3995.0;6840.0;1065.0;1414.0;853.0;1600.0;2929.0;5200.0;859.0;1265.0;2.0;5.0;7.0;18.0;ETHANOL
954.0;1722.0;3052.0;5341.0;856.0;1167.0;702.0;1317.0;2418.0;4327.0;725.0;1077.0;9.0;9.0;4.0;21.0;ETHANOL
809.0;1464.0;2632.0;4628.0;734.0;1021.0;604.0;1145.0;2106.0;3732.0;623.0;927.0;9.0;2.0;6.0;18.0;ETHANOL
691.0;1236.0;2204.0;3861.0;630.0;899.0;542.0;1042.0;1933.0;3498.0;597.0;911.0;2.0;2.0;4.0;13.0;ETHANOL
711.0;1315.0;2402.0;4298.0;714.0;1005.0;608.0;1154.0;2154.0;3865.0;647.0;957.0;7.0;2.0;6.0;17.0;ETHANOL
727.0;1317.0;2329.0;4096.0;651.0;912.0;547.0;1033.0;1939.0;3478.0;582.0;879.0;-2.0;2.0;-1.0;16.0;ETHANOL
680.0;1239.0;2202.0;3864.0;616.0;867.0;500.0;961.0;1782.0;3233.0;546.0;820.0;-2.0;3.0;-1.0;21.0;ETHANOL
668.0;1262.0;2342.0;4290.0;724.0;1065.0;688.0;1332.0;2509.0;4541.0;776.0;1157.0;5.0;3.0;4.0;20.0;ETHANOL
946.0;1747.0;3162.0;5591.0;894.0;1234.0;756.0;1443.0;2665.0;4764.0;790.0;1189.0;5.0;3.0;6.0;18.0;ETHANOL
938.0;1705.0;3103.0;5514.0;910.0;1278.0;848.0;1601.0;2996.0;5340.0;884.0;1299.0;5.0;5.0;4.0;20.0;ETHANOL
1092.0;2027.0;3708.0;6546.0;1048.0;1393.0;858.0;1606.0;2942.0;5240.0;858.0;1259.0;3.0;3.0;2.0;27.0;ETHANOL
1006.0;1855.0;3411.0;6193.0;1037.0;1474.0;1001.0;1896.0;3508.0;6297.0;1061.0;1577.0;3.0;2.0;2.0;24.0;ETHANOL
1304.0;2345.0;4184.0;7170.0;1118.0;1492.0;910.0;1706.0;3032.0;5557.0;917.0;1311.0;3.0;2.0;2.0;20.0;ETHANOL
1001.0;1793.0;3150.0;5467.0;857.0;1177.0;698.0;1312.0;2408.0;4288.0;719.0;1074.0;6.0;2.0;7.0;23.0;ETHANOL
840.0;1537.0;2769.0;4900.0;795.0;1131.0;717.0;1372.0;2558.0;4643.0;791.0;1200.0;10.0;4.0;9.0;17.0;ETHANOL
1021.0;1885.0;3436.0;6153.0;1010.0;1423.0;938.0;1799.0;3338.0;6024.0;1010.0;1499.0;6.0;5.0;8.0;25.0;ETHANOL
1213.0;2225.0;4034.0;7149.0;1166.0;1609.0;1083.0;2045.0;3753.0;6704.0;1105.0;1593.0;-1.0;4.0;2.0;14.0;ETHANOL
1266.0;2268.0;3998.0;6873.0;1087.0;1468.0;925.0;1739.0;3243.0;5749.0;967.0;1447.0;-1.0;8.0;0.0;17.0;ETHANOL
1172.0;2129.0;3817.0;6699.0;1058.0;1462.0;945.0;1772.0;3252.0;5780.0;956.0;1411.0;-1.0;4.0;0.0;31.0;ETHANOL
1135.0;2046.0;3643.0;6392.0;1026.0;1419.0;911.0;1728.0;3171.0;5701.0;952.0;1408.0;6.0;7.0;0.0;17.0;ETHANOL
1107.0;1972.0;3470.0;5914.0;935.0;1277.0;805.0;1500.0;2737.0;4865.0;805.0;1184.0;11.0;4.0;0.0;25.0;ETHANOL
944.0;1698.0;2996.0;5202.0;835.0;1153.0;714.0;1355.0;2464.0;4429.0;742.0;1109.0;11.0;7.0;1.0;34.0;ETHANOL
931.0;1717.0;3121.0;5626.0;921.0;1313.0;871.0;1674.0;3161.0;5704.0;973.0;1470.0;13.0;4.0;1.0;18.0;ETHANOL
1220.0;2179.0;3854.0;6630.0;1048.0;1419.0;907.0;1708.0;3140.0;5640.0;934.0;1368.0;3.0;5.0;0.0;27.0;ETHANOL
1074.0;1904.0;3319.0;5704.0;891.0;1203.0;750.0;1401.0;2567.0;4579.0;764.0;1138.0;3.0;5.0;1.0;36.0;ETHANOL
896.0;1605.0;2803.0;4820.0;758.0;1049.0;636.0;1189.0;2158.0;3815.0;636.0;951.0;-1.0;8.0;-3.0;23.0;ETHANOL
735.0;1319.0;2314.0;3979.0;631.0;878.0;535.0;1000.0;1850.0;3257.0;558.0;847.0;-2.0;6.0;-4.0;28.0;ETHANOL
672.0;1202.0;2096.0;3614.0;576.0;827.0;504.0;944.0;1738.0;3064.0;509.0;771.0;-2.0;8.0;-5.0;29.0;ETHANOL
600.0;1091.0;1958.0;3514.0;582.0;853.0;557.0;1078.0;2033.0;3748.0;644.0;986.0;4.0;8.0;-5.0;27.0;ETHANOL
840.0;1528.0;2740.0;4830.0;785.0;1112.0;725.0;1379.0;2576.0;4631.0;780.0;1158.0;-3.0;9.0;-7.0;28.0;ETHANOL
933.0;1677.0;2966.0;5133.0;828.0;1158.0;749.0;1437.0;2664.0;4835.0;811.0;1222.0;6.0;7.0;-5.0;28.0;ETHANOL
1015.0;1884.0;3411.0;6047.0;985.0;1399.0;937.0;1785.0;3313.0;5909.0;988.0;1445.0;4.0;7.0;-7.0;32.0;ETHANOL
1155.0;2054.0;3607.0;6174.0;961.0;1295.0;793.0;1475.0;2686.0;4754.0;783.0;1140.0;11.0;7.0;-2.0;32.0;ETHANOL
881.0;1583.0;2798.0;4865.0;774.0;1097.0;701.0;1320.0;2440.0;4387.0;735.0;1109.0;4.0;3.0;-2.0;20.0;ETHANOL
913.0;1661.0;2938.0;5145.0;818.0;1143.0;736.0;1408.0;2639.0;4808.0;825.0;1281.0;13.0;3.0;-2.0;18.0;ETHANOL
1181.0;2209.0;4083.0;7272.0;1185.0;1652.0;1138.0;2129.0;3910.0;6951.0;1138.0;1661.0;7.0;3.0;-2.0;19.0;ETHANOL
1373.0;2466.0;4398.0;7679.0;1216.0;1658.0;1098.0;2056.0;3732.0;6607.0;1086.0;1586.0;7.0;3.0;-2.0;25.0;ETHANOL
1251.0;2226.0;3919.0;6646.0;1046.0;1411.0;875.0;1637.0;3007.0;5294.0;880.0;1315.0;4.0;5.0;-1.0;20.0;ETHANOL
1068.0;1928.0;3457.0;6012.0;973.0;1365.0;890.0;1674.0;3087.0;5524.0;922.0;1363.0;4.0;8.0;-1.0;30.0;ETHANOL
1118.0;1999.0;3508.0;6059.0;938.0;1261.0;780.0;1467.0;2650.0;4677.0;774.0;1118.0;6.0;10.0;-1.0;19.0;ETHANOL
892.0;1597.0;2831.0;4876.0;774.0;1084.0;682.0;1274.0;2345.0;4135.0;692.0;1036.0;6.0;9.0;-3.0;24.0;ETHANOL
804.0;1448.0;2549.0;4386.0;695.0;980.0;609.0;1139.0;2072.0;3717.0;618.0;929.0;2.0;7.0;-3.0;33.0;ETHANOL
745.0;1356.0;2483.0;4407.0;732.0;1063.0;685.0;1298.0;2394.0;4256.0;702.0;1056.0;-2.0;8.0;-7.0;14.0;ETHANOL
842.0;1538.0;2769.0;4935.0;809.0;1155.0;786.0;1483.0;2765.0;4977.0;848.0;1280.0;-2.0;8.0;-7.0;17.0;ETHANOL
1134.0;2125.0;3936.0;7123.0;1190.0;1677.0;1178.0;2209.0;4077.0;7213.0;1195.0;1710.0;-2.0;10.0;-7.0;21.0;ETHANOL
1409.0;2492.0;4356.0;7381.0;1145.0;1532.0;960.0;1783.0;3225.0;5669.0;928.0;1366.0;2.0;9.0;-7.0;34.0;ETHANOL
1036.0;1862.0;3294.0;5759.0;926.0;1303.0;830.0;1567.0;2893.0;5198.0;878.0;1321.0;3.0;10.0;-6.0;24.0;ETHANOL
1085.0;1999.0;3685.0;6687.0;1144.0;1674.0;1221.0;2333.0;4293.0;7711.0;1286.0;1898.0;4.0;13.0;-6.0;25.0;ETHANOL
1697.0;3085.0;5562.0;9769.0;1576.0;2169.0;1580.0;2955.0;5406.0;9557.0;1577.0;2281.0;3.0;10.0;-6.0;17.0;ETHANOL
2001.0;3582.0;6259.0;10619.0;1635.0;2111.0;1410.0;2608.0;4708.0;8262.0;1338.0;1938.0;4.0;6.0;-6.0;24.0;ETHANOL
1593.0;2849.0;5035.0;8631.0;1355.0;1837.0;1211.0;2251.0;4115.0;7293.0;1196.0;1735.0;7.0;6.0;-5.0;21.0;ETHANOL
1396.0;2478.0;4307.0;7367.0;1149.0;1545.0;963.0;1802.0;3263.0;5729.0;944.0;1382.0;5.0;6.0;-1.0;22.0;ETHANOL
1085.0;1941.0;3407.0;5848.0;931.0;1282.0;811.0;1512.0;2764.0;4891.0;808.0;1197.0;6.0;10.0;-1.0;28.0;ETHANOL
966.0;1732.0;3064.0;5323.0;848.0;1186.0;742.0;1388.0;2553.0;4558.0;755.0;1126.0;4.0;4.0;-1.0;21.0;ETHANOL
892.0;1598.0;2844.0;4914.0;788.0;1104.0;699.0;1320.0;2403.0;4299.0;716.0;1068.0;2.0;6.0;-1.0;16.0;ETHANOL
850.0;1532.0;2737.0;4751.0;757.0;1066.0;683.0;1270.0;2346.0;4180.0;695.0;1041.0;4.0;4.0;-4.0;22.0;ETHANOL
850.0;1537.0;2732.0;4781.0;775.0;1106.0;724.0;1372.0;2512.0;4513.0;763.0;1147.0;2.0;5.0;-4.0;18.0;ETHANOL
979.0;1763.0;3171.0;5524.0;883.0;1234.0;809.0;1472.0;2789.0;4940.0;822.0;1224.0;2.0;17.0;-2.0;30.0;ETHANOL
1003.0;1813.0;3227.0;5629.0;909.0;1267.0;821.0;1553.0;2860.0;5102.0;858.0;1284.0;2.0;11.0;-2.0;29.0;ETHANOL
1083.0;1972.0;3539.0;6209.0;1009.0;1406.0;940.0;1761.0;3219.0;5716.0;949.0;1405.0;3.0;9.0;-2.0;26.0;ETHANOL
1153.0;2066.0;3625.0;6250.0;988.0;1342.0;854.0;1592.0;2892.0;5135.0;851.0;1252.0;3.0;9.0;-2.0;33.0;ETHANOL
987.0;1761.0;3091.0;5290.0;839.0;1141.0;717.0;1335.0;2426.0;4310.0;712.0;1071.0;2.0;13.0;-2.0;20.0;ETHANOL
854.0;1540.0;2716.0;4728.0;749.0;1064.0;660.0;1250.0;2313.0;4114.0;695.0;1046.0;3.0;9.0;-2.0;32.0;ETHANOL
837.0;1524.0;2697.0;4619.0;747.0;1038.0;663.0;1243.0;2217.0;4033.0;677.0;1001.0;2.0;9.0;-5.0;27.0;ETHANOL
806.0;1449.0;2560.0;4429.0;703.0;997.0;633.0;1194.0;2190.0;3859.0;652.0;972.0;2.0;10.0;-2.0;31.0;ETHANOL
820.0;1492.0;2695.0;4787.0;792.0;1136.0;779.0;1471.0;2741.0;4936.0;836.0;1261.0;2.0;7.0;-5.0;24.0;ETHANOL
1071.0;1948.0;3462.0;5968.0;966.0;1324.0;860.0;1631.0;3000.0;5320.0;889.0;1316.0;2.0;10.0;-5.0;24.0;ETHANOL
1095.0;1979.0;3531.0;6161.0;1009.0;1418.0;971.0;1822.0;3351.0;5950.0;983.0;1434.0;2.0;11.0;-5.0;22.0;ETHANOL
1169.0;2107.0;3726.0;6487.0;1039.0;1444.0;973.0;1838.0;3395.0;6078.0;1016.0;1522.0;2.0;10.0;-3.0;28.0;ETHANOL
1330.0;2412.0;4323.0;7559.0;1198.0;1616.0;1091.0;2006.0;3721.0;6554.0;1074.0;1578.0;2.0;7.0;-3.0;30.0;ETHANOL
1312.0;2360.0;4176.0;7217.0;1146.0;1571.0;1030.0;1917.0;3507.0;6163.0;1017.0;1499.0;5.0;7.0;-3.0;22.0;ETHANOL
1216.0;2171.0;3813.0;6504.0;1026.0;1408.0;919.0;1730.0;3176.0;5626.0;940.0;1407.0;5.0;6.0;-3.0;34.0;ETHANOL
1198.0;2154.0;3824.0;6602.0;1054.0;1465.0;967.0;1790.0;3315.0;5862.0;966.0;1433.0;5.0;8.0;-4.0;27.0;ETHANOL
1157.0;2059.0;3618.0;6190.0;975.0;1345.0;875.0;1611.0;2942.0;5224.0;866.0;1280.0;6.0;8.0;-6.0;21.0;ETHANOL
1061.0;1939.0;3473.0;6070.0;984.0;1400.0;940.0;1769.0;3263.0;5844.0;976.0;1446.0;6.0;8.0;-6.0;26.0;ETHANOL
1197.0;2118.0;3728.0;6428.0;1011.0;1376.0;891.0;1670.0;3006.0;5364.0;894.0;1331.0;6.0;8.0;-6.0;36.0;ETHANOL
1176.0;2193.0;4014.0;7266.0;1217.0;1749.0;1247.0;2336.0;4266.0;7519.0;1232.0;1746.0;2.0;11.0;-6.0;24.0;ETHANOL
1438.0;2552.0;4464.0;7572.0;1179.0;1595.0;1049.0;1958.0;3581.0;6417.0;1069.0;1594.0;6.0;6.0;-4.0;26.0;ETHANOL
1415.0;2584.0;4642.0;8028.0;1279.0;1743.0;1174.0;2185.0;3957.0;6933.0;1125.0;1659.0;6.0;6.0;-2.0;21.0;ETHANOL
1375.0;2464.0;4362.0;7549.0;1195.0;1663.0;1113.0;2082.0;3787.0;6722.0;1106.0;1617.0;6.0;6.0;-1.0;29.0;ETHANOL
1339.0;2382.0;4163.0;7140.0;1127.0;1538.0;1028.0;1921.0;3535.0;6291.0;1044.0;1558.0;10.0;10.0;-1.0;29.0;ETHANOL
1297.0;2336.0;4075.0;6867.0;1099.0;1499.0;962.0;1790.0;3247.0;5703.0;937.0;1365.0;8.0;9.0;0.0;31.0;ETHANOL
1103.0;1972.0;3459.0;5961.0;943.0;1327.0;888.0;1672.0;3062.0;5421.0;899.0;1336.0;5.0;9.0;0.0;33.0;ETHANOL
1126.0;2023.0;3574.0;6216.0;1006.0;1409.0;944.0;1780.0;3285.0;5798.0;961.0;1443.0;2.0;11.0;-8.0;19.0;ETHANOL
1202.0;2153.0;3793.0;6600.0;1048.0;1464.0;986.0;1850.0;3383.0;5996.0;998.0;1479.0;2.0;8.0;-9.0;23.0;ETHANOL
1254.0;2270.0;4000.0;6908.0;1098.0;1511.0;1006.0;1878.0;3439.0;6120.0;1015.0;1508.0;2.0;8.0;-9.0;25.0;ETHANOL
1290.0;2342.0;4215.0;7382.0;1191.0;1665.0;1160.0;2189.0;3987.0;7038.0;1167.0;1713.0;-2.0;7.0;-9.0;27.0;ETHANOL
1469.0;2645.0;4711.0;8197.0;1319.0;1842.0;1295.0;2435.0;4428.0;7790.0;1292.0;1879.0;2.0;12.0;-7.0;24.0;ETHANOL
1546.0;2759.0;4885.0;8459.0;1335.0;1814.0;1199.0;2221.0;4010.0;7032.0;1150.0;1663.0;7.0;7.0;-5.0;23.0;ETHANOL
1327.0;2345.0;4118.0;7065.0;1117.0;1551.0;1045.0;1971.0;3588.0;6391.0;1064.0;1582.0;7.0;7.0;-3.0;37.0;ETHANOL
1359.0;2462.0;4405.0;7720.0;1250.0;1752.0;1227.0;2302.0;4218.0;7477.0;1235.0;1815.0;8.0;8.0;-2.0;30.0;ETHANOL
1572.0;2792.0;4890.0;8310.0;1295.0;1733.0;1171.0;2155.0;3884.0;6859.0;1130.0;1649.0;7.0;8.0;-3.0;22.0;ETHANOL
1415.0;2571.0;4581.0;7960.0;1276.0;1769.0;1234.0;2291.0;4190.0;7329.0;1196.0;1746.0;4.0;9.0;-3.0;25.0;ETHANOL
1464.0;2627.0;4599.0;7914.0;1250.0;1706.0;1140.0;2112.0;3835.0;6734.0;1098.0;1626.0;4.0;10.0;-6.0;26.0;ETHANOL
1388.0;2507.0;4468.0;7846.0;1271.0;1812.0;1311.0;2423.0;4465.0;7842.0;1297.0;1911.0;4.0;7.0;-6.0;25.0;ETHANOL
1659.0;2954.0;5142.0;8737.0;1340.0;1774.0;1168.0;2139.0;3861.0;6730.0;1096.0;1618.0;-1.0;7.0;-8.0;24.0;ETHANOL
1384.0;2510.0;4482.0;7831.0;1270.0;1789.0;1283.0;2387.0;4386.0;7804.0;1289.0;1897.0;-1.0;8.0;-8.0;29.0;ETHANOL
1691.0;3020.0;5326.0;9211.0;1462.0;1983.0;1404.0;2592.0;4719.0;8294.0;1363.0;1995.0;9.0;4.0;-5.0;29.0;ETHANOL
1761.0;3139.0;5503.0;9438.0;1479.0;1983.0;1361.0;2516.0;4528.0;7949.0;1299.0;1874.0;11.0;8.0;-5.0;31.0;ETHANOL
1571.0;2773.0;4815.0;8175.0;1261.0;1733.0;1156.0;2146.0;3868.0;6745.0;1106.0;1625.0;9.0;10.0;-9.0;22.0;ETHANOL
1336.0;2373.0;4122.0;7093.0;1136.0;1590.0;1090.0;2013.0;3641.0;6394.0;1053.0;1576.0;9.0;9.0;-5.0;27.0;ETHANOL
1361.0;2443.0;4327.0;7506.0;1191.0;1655.0;1121.0;2077.0;3751.0;6643.0;1096.0;1629.0;5.0;9.0;-6.0;27.0;ETHANOL
1395.0;2503.0;4397.0;7553.0;1196.0;1643.0;1121.0;2068.0;3746.0;6528.0;1064.0;1577.0;9.0;7.0;-6.0;41.0;ETHANOL
1299.0;2321.0;4075.0;7009.0;1110.0;1541.0;1044.0;1929.0;3503.0;6111.0;1010.0;1482.0;5.0;7.0;-5.0;28.0;ETHANOL
1226.0;2200.0;3901.0;6691.0;1073.0;1494.0;1010.0;1887.0;3445.0;6103.0;1017.0;1522.0;5.0;5.0;-2.0;24.0;ETHANOL
1320.0;2400.0;4254.0;7386.0;1160.0;1595.0;1094.0;2032.0;3702.0;6480.0;1073.0;1604.0;6.0;13.0;-5.0;33.0;ETHANOL
1389.0;2503.0;4443.0;7716.0;1225.0;1660.0;1126.0;2093.0;3766.0;6639.0;1086.0;1597.0;7.0;11.0;-4.0;17.0;ETHANOL
1315.0;2355.0;4128.0;7033.0;1109.0;1553.0;1041.0;1940.0;3537.0;6251.0;1035.0;1549.0;12.0;6.0;0.0;24.0;ETHANOL
1393.0;2556.0;4612.0;8137.0;1336.0;1894.0;1399.0;2618.0;4783.0;8403.0;1409.0;2069.0;9.0;5.0;-4.0;21.0;ETHANOL
1904.0;3426.0;6100.0;10533.0;1645.0;2212.0;1561.0;2883.0;5202.0;9073.0;1498.0;2161.0;12.0;6.0;-5.0;37.0;ETHANOL
1856.0;3289.0;5712.0;9633.0;1496.0;2000.0;1370.0;2499.0;4487.0;7807.0;1272.0;1846.0;12.0;9.0;-6.0;18.0;ETHANOL
1532.0;2696.0;4685.0;7917.0;1237.0;1668.0;1090.0;2010.0;3640.0;6371.0;1038.0;1533.0;3.0;6.0;-10.0;20.0;ETHANOL
1262.0;2273.0;4013.0;6907.0;1111.0;1575.0;1096.0;2016.0;3680.0;6437.0;1064.0;1578.0;3.0;10.0;-10.0;30.0;ETHANOL
1357.0;2412.0;4265.0;7332.0;1161.0;1597.0;1073.0;1997.0;3638.0;6441.0;1057.0;1561.0;3.0;8.0;-10.0;27.0;ETHANOL
1323.0;2381.0;4178.0;7231.0;1158.0;1631.0;1147.0;2152.0;3951.0;7042.0;1168.0;1731.0;3.0;11.0;-10.0;20.0;ETHANOL
1552.0;2801.0;4953.0;8382.0;1305.0;1777.0;1218.0;2253.0;4093.0;7107.0;1169.0;1703.0;7.0;8.0;-9.0;30.0;ETHANOL
1475.0;2628.0;4617.0;7913.0;1254.0;1722.0;1192.0;2213.0;3995.0;7067.0;1162.0;1703.0;7.0;9.0;-9.0;31.0;ETHANOL
1465.0;2628.0;4667.0;8043.0;1295.0;1810.0;1284.0;2393.0;4378.0;7739.0;1288.0;1904.0;8.0;9.0;-10.0;29.0;ETHANOL
1685.0;3004.0;5274.0;9004.0;1402.0;1889.0;1310.0;2396.0;4339.0;7546.0;1229.0;1802.0;1.0;7.0;-12.0;24.0;ETHANOL
1529.0;2679.0;4703.0;8041.0;1259.0;1728.0;1169.0;2167.0;3945.0;6903.0;1147.0;1715.0;7.0;6.0;-10.0;28.0;ETHANOL
1508.0;2738.0;4861.0;8485.0;1352.0;1889.0;1342.0;2478.0;4489.0;7839.0;1279.0;1852.0;3.0;11.0;-10.0;19.0;ETHANOL
1578.0;2799.0;4895.0;8448.0;1330.0;1823.0;1271.0;2359.0;4298.0;7641.0;1263.0;1880.0;3.0;7.0;-12.0;23.0;ETHANOL
1646.0;2937.0;5147.0;8806.0;1383.0;1884.0;1329.0;2475.0;4529.0;8054.0;1345.0;2000.0;3.0;7.0;-12.0;30.0;ETHANOL
1817.0;3258.0;5764.0;9897.0;1558.0;2116.0;1500.0;2760.0;4942.0;8658.0;1417.0;2028.0;3.0;5.0;-10.0;30.0;ETHANOL
1747.0;3101.0;5401.0;9215.0;1468.0;2042.0;1434.0;2658.0;4791.0;8396.0;1374.0;1987.0;3.0;9.0;-10.0;28.0;ETHANOL
1734.0;3088.0;5448.0;9424.0;1512.0;2099.0;1538.0;2850.0;5177.0;9035.0;1481.0;2121.0;3.0;5.0;-10.0;27.0;ETHANOL
1826.0;3227.0;5595.0;9438.0;1467.0;1965.0;1347.0;2474.0;4480.0;7761.0;1264.0;1836.0;6.0;10.0;-7.0;27.0;ETHANOL
1531.0;2709.0;4736.0;8092.0;1276.0;1749.0;1189.0;2190.0;3932.0;6853.0;1122.0;1639.0;6.0;5.0;-7.0;24.0;ETHANOL
1389.0;2461.0;4322.0;7369.0;1163.0;1583.0;1089.0;1999.0;3589.0;6348.0;1044.0;1544.0;12.0;7.0;-7.0;30.0;ETHANOL
1287.0;2281.0;4000.0;6854.0;1080.0;1490.0;1010.0;1864.0;3369.0;5932.0;980.0;1450.0;3.0;7.0;-8.0;31.0;ETHANOL
1241.0;2233.0;3962.0;6895.0;1108.0;1561.0;1086.0;2010.0;3657.0;6378.0;1070.0;1572.0;-1.0;7.0;-8.0;31.0;ETHANOL
1362.0;2469.0;4422.0;7804.0;1274.0;1811.0;1327.0;2471.0;4505.0;7958.0;1315.0;1937.0;-1.0;8.0;-8.0;30.0;ETHANOL
1721.0;3067.0;5391.0;9194.0;1428.0;1926.0;1336.0;2476.0;4453.0;7815.0;1268.0;1841.0;-1.0;5.0;-12.0;20.0;ETHANOL
1565.0;2783.0;4872.0;8281.0;1311.0;1781.0;1229.0;2250.0;4102.0;7209.0;1191.0;1774.0;-1.0;10.0;-12.0;30.0;ETHANOL
1585.0;2836.0;5040.0;8678.0;1367.0;1868.0;1323.0;2459.0;4459.0;7838.0;1300.0;1886.0;4.0;7.0;-8.0;21.0;ETHANOL
1667.0;2982.0;5265.0;9076.0;1445.0;1993.0;1432.0;2650.0;4774.0;8312.0;1376.0;2011.0;7.0;6.0;-8.0;25.0;ETHANOL
1764.0;3189.0;5648.0;9848.0;1585.0;2222.0;1692.0;3129.0;5644.0;9984.0;1642.0;2393.0;2.0;13.0;-8.0;30.0;ETHANOL
2195.0;3836.0;6771.0;11466.0;1772.0;2321.0;1642.0;3007.0;5357.0;9315.0;1511.0;2165.0;2.0;10.0;-6.0;22.0;ETHANOL
1852.0;3271.0;5702.0;9703.0;1518.0;2051.0;1450.0;2646.0;4773.0;8301.0;1359.0;1988.0;2.0;13.0;-6.0;26.0;ETHANOL
1705.0;3034.0;5345.0;9147.0;1456.0;2027.0;1467.0;2711.0;4902.0;8605.0;1403.0;2084.0;2.0;10.0;-6.0;18.0;ETHANOL
1891.0;3397.0;6000.0;10295.0;1624.0;2188.0;1562.0;2875.0;5165.0;8956.0;1446.0;2112.0;3.0;10.0;-6.0;33.0;ETHANOL
1812.0;3188.0;5527.0;9346.0;1434.0;1914.0;1323.0;2413.0;4314.0;7503.0;1218.0;1792.0;2.0;5.0;-11.0;21.0;ETHANOL
1495.0;2662.0;4660.0;7991.0;1269.0;1754.0;1237.0;2284.0;4144.0;7154.0;1190.0;1757.0;1.0;10.0;-11.0;27.0;ETHANOL
1539.0;2737.0;4857.0;8452.0;1339.0;1896.0;1367.0;2529.0;4584.0;8014.0;1328.0;1955.0;1.0;6.0;-11.0;29.0;ETHANOL
1714.0;3065.0;5396.0;9269.0;1467.0;2040.0;1482.0;2746.0;4931.0;8578.0;1408.0;2020.0;1.0;6.0;-11.0;23.0;ETHANOL
1754.0;3128.0;5476.0;9304.0;1470.0;2008.0;1448.0;2652.0;4836.0;8497.0;1391.0;2040.0;1.0;7.0;-8.0;24.0;ETHANOL
1817.0;3247.0;5760.0;9923.0;1578.0;2181.0;1620.0;2986.0;5376.0;9444.0;1548.0;2261.0;1.0;7.0;-4.0;27.0;ETHANOL
2004.0;3520.0;6112.0;10272.0;1591.0;2115.0;1471.0;2678.0;4802.0;8381.0;1352.0;1987.0;2.0;6.0;-1.0;24.0;ETHANOL
1693.0;2992.0;5175.0;8840.0;1374.0;1885.0;1314.0;2414.0;4392.0;7682.0;1266.0;1845.0;2.0;6.0;-4.0;33.0;ETHANOL
1599.0;2838.0;4934.0;8457.0;1340.0;1857.0;1330.0;2452.0;4403.0;7713.0;1258.0;1864.0;2.0;6.0;-4.0;30.0;ETHANOL
1610.0;2870.0;5044.0;8634.0;1373.0;1876.0;1314.0;2407.0;4340.0;7548.0;1234.0;1794.0;4.0;5.0;-1.0;23.0;ETHANOL
1515.0;2681.0;4671.0;7975.0;1256.0;1747.0;1214.0;2224.0;4060.0;7159.0;1178.0;1733.0;11.0;6.0;-5.0;24.0;ETHANOL
1531.0;2723.0;4743.0;8066.0;1265.0;1723.0;1189.0;2194.0;3925.0;6856.0;1125.0;1645.0;17.0;8.0;-5.0;25.0;ETHANOL
1387.0;2488.0;4385.0;7546.0;1195.0;1685.0;1185.0;2185.0;3984.0;6967.0;1146.0;1698.0;11.0;6.0;-5.0;30.0;ETHANOL
1516.0;2742.0;4834.0;8319.0;1318.0;1801.0;1274.0;2355.0;4245.0;7429.0;1209.0;1775.0;9.0;7.0;-1.0;25.0;ETHANOL
1541.0;2749.0;4865.0;8373.0;1335.0;1839.0;1289.0;2352.0;4232.0;7419.0;1202.0;1747.0;11.0;8.0;-5.0;34.0;ETHANOL
1472.0;2618.0;4582.0;7843.0;1235.0;1705.0;1179.0;2166.0;3877.0;6650.0;1099.0;1610.0;9.0;10.0;-5.0;29.0;ETHANOL
1411.0;2562.0;4566.0;7991.0;1314.0;1879.0;1389.0;2573.0;4664.0;8272.0;1368.0;1994.0;9.0;8.0;-7.0;19.0;ETHANOL
1784.0;3171.0;5554.0;9508.0;1484.0;2054.0;1506.0;2784.0;5018.0;8837.0;1455.0;2141.0;9.0;11.0;-7.0;26.0;ETHANOL
1986.0;3553.0;6310.0;10805.0;1701.0;2312.0;1695.0;3115.0;5595.0;9774.0;1583.0;2287.0;6.0;8.0;-7.0;22.0;ETHANOL
1996.0;3558.0;6244.0;10692.0;1681.0;2290.0;1701.0;3098.0;5519.0;9783.0;1604.0;2308.0;8.0;15.0;-7.0;23.0;ETHANOL
2090.0;3697.0;6506.0;11161.0;1772.0;2444.0;1873.0;3443.0;6213.0;10853.0;1779.0;2602.0;2.0;9.0;-10.0;21.0;ETHANOL
2431.0;4278.0;7452.0;12673.0;1958.0;2605.0;1912.0;3493.0;6233.0;10793.0;1739.0;2490.0;1.0;5.0;-14.0;29.0;ETHANOL
2268.0;4028.0;7075.0;12086.0;1905.0;2581.0;1941.0;3553.0;6363.0;11002.0;1781.0;2579.0;2.0;7.0;-14.0;25.0;ETHANOL
2324.0;4085.0;7033.0;11772.0;1803.0;2390.0;1693.0;3088.0;5554.0;9682.0;1579.0;2311.0;2.0;4.0;-14.0;26.0;ETHANOL
2070.0;3654.0;6360.0;10742.0;1663.0;2234.0;1598.0;2918.0;5216.0;9034.0;1467.0;2122.0;4.0;3.0;-3.0;36.0;ETHANOL
1838.0;3238.0;5615.0;9548.0;1490.0;2034.0;1449.0;2640.0;4732.0;8218.0;1343.0;1968.0;10.0;4.0;-3.0;32.0;ETHANOL
1679.0;2981.0;5207.0;8868.0;1393.0;1917.0;1357.0;2496.0;4474.0;7834.0;1292.0;1881.0;5.0;6.0;-3.0;24.0;ETHANOL
1651.0;2921.0;5088.0;8646.0;1361.0;1869.0;1321.0;2425.0;4352.0;7567.0;1228.0;1792.0;10.0;6.0;-3.0;21.0;ETHANOL
1562.0;2885.0;5369.0;9814.0;1664.0;2422.0;1959.0;3615.0;6549.0;11418.0;1870.0;2711.0;10.0;4.0;-3.0;31.0;ETHANOL
2557.0;4515.0;7832.0;13024.0;1959.0;2528.0;1808.0;3275.0;5778.0;9959.0;1607.0;2334.0;5.0;12.0;-4.0;24.0;ETHANOL
2070.0;3686.0;6430.0;10983.0;1734.0;2372.0;1777.0;3243.0;5831.0;10110.0;1635.0;2386.0;10.0;8.0;-3.0;23.0;ETHANOL
2090.0;3666.0;6307.0;10629.0;1649.0;2204.0;1530.0;2800.0;5023.0;8624.0;1412.0;2057.0;6.0;8.0;-3.0;28.0;ETHANOL
1770.0;3107.0;5389.0;9079.0;1413.0;1916.0;1327.0;2415.0;4337.0;7550.0;1222.0;1795.0;6.0;3.0;-7.0;32.0;ETHANOL
1599.0;2891.0;5176.0;9077.0;1482.0;2123.0;1613.0;2981.0;5416.0;9560.0;1575.0;2326.0;4.0;4.0;-7.0;21.0;ETHANOL
2161.0;3850.0;6795.0;11588.0;1827.0;2468.0;1859.0;3401.0;6051.0;10598.0;1704.0;2496.0;8.0;3.0;-5.0;17.0;ETHANOL
2300.0;4037.0;7044.0;11910.0;1861.0;2480.0;1838.0;3360.0;6054.0;10504.0;1700.0;2458.0;5.0;12.0;-7.0;26.0;ETHANOL
2192.0;3842.0;6664.0;11280.0;1744.0;2346.0;1709.0;3133.0;5633.0;9759.0;1597.0;2320.0;5.0;7.0;-7.0;23.0;ETHANOL
2080.0;3670.0;6345.0;10843.0;1703.0;2334.0;1715.0;3116.0;5589.0;9632.0;1564.0;2263.0;5.0;11.0;-5.0;26.0;ETHANOL
1977.0;3471.0;5996.0;10085.0;1560.0;2102.0;1457.0;2663.0;4756.0;8236.0;1345.0;1971.0;-1.0;8.0;-12.0;28.0;ETHANOL
1707.0;2993.0;5221.0;8911.0;1418.0;1977.0;1437.0;2609.0;4690.0;8152.0;1321.0;1934.0;-1.0;5.0;-12.0;33.0;ETHANOL
1679.0;2973.0;5205.0;8871.0;1400.0;1939.0;1375.0;2512.0;4530.0;7924.0;1300.0;1934.0;-1.0;5.0;-10.0;27.0;ETHANOL
1731.0;3075.0;5388.0;9302.0;1489.0;2074.0;1543.0;2841.0;5143.0;9005.0;1479.0;2178.0;-1.0;6.0;-7.0;32.0;ETHANOL
2031.0;3648.0;6460.0;11082.0;1741.0;2365.0;1740.0;3176.0;5665.0;9803.0;1571.0;2263.0;-1.0;6.0;-10.0;25.0;ETHANOL
2057.0;3631.0;6313.0;10643.0;1648.0;2196.0;1562.0;2779.0;5091.0;8795.0;1429.0;2080.0;-1.0;7.0;-7.0;35.0;ETHANOL
1836.0;3270.0;5750.0;9869.0;1565.0;2162.0;1604.0;2948.0;5329.0;9231.0;1518.0;2208.0;2.0;7.0;-7.0;25.0;ETHANOL
2001.0;3555.0;6265.0;10713.0;1687.0;2304.0;1708.0;3141.0;5637.0;9791.0;1597.0;2328.0;6.0;5.0;-7.0;23.0;ETHANOL
2087.0;3685.0;6460.0;10919.0;1723.0;2341.0;1747.0;3192.0;5749.0;9985.0;1625.0;2370.0;10.0;7.0;-9.0;25.0;ETHANOL
2192.0;3912.0;6915.0;11923.0;1918.0;2657.0;2124.0;3870.0;6945.0;12153.0;1988.0;2902.0;8.0;9.0;-8.0;22.0;ETHANOL
2849.0;5069.0;8919.0;15111.0;2371.0;3169.0;2514.0;4534.0;8094.0;13821.0;2203.0;3121.0;6.0;13.0;-9.0;20.0;ETHANOL
2910.0;5060.0;8672.0;14479.0;2230.0;2928.0;2222.0;4031.0;7154.0;12363.0;1997.0;2874.0;6.0;13.0;-9.0;16.0;ETHANOL
2679.0;4707.0;8158.0;13737.0;2137.0;2865.0;2173.0;3945.0;6984.0;11991.0;1924.0;2756.0;1.0;13.0;-9.0;22.0;ETHANOL
2469.0;4291.0;7370.0;12298.0;1891.0;2508.0;1813.0;3271.0;5810.0;9976.0;1608.0;2326.0;2.0;7.0;-15.0;32.0;ETHANOL
2063.0;3698.0;6589.0;11392.0;1836.0;2548.0;1968.0;3605.0;6437.0;11218.0;1837.0;2666.0;2.0;7.0;-15.0;21.0;ETHANOL
2451.0;4302.0;7485.0;12678.0;1988.0;2702.0;2064.0;3778.0;6763.0;11726.0;1907.0;2780.0;2.0;7.0;-14.0;23.0;ETHANOL
2644.0;4642.0;8124.0;13722.0;2151.0;2879.0;2242.0;4056.0;7219.0;12429.0;1996.0;2863.0;-2.0;7.0;-14.0;26.0;ETHANOL
2606.0;4531.0;7777.0;12949.0;1987.0;2626.0;1921.0;3490.0;6183.0;10636.0;1711.0;2471.0;-2.0;3.0;-13.0;27.0;ETHANOL
2208.0;3893.0;6736.0;11364.0;1763.0;2387.0;1754.0;3189.0;5677.0;9790.0;1593.0;2299.0;-6.0;3.0;-13.0;28.0;ETHANOL
2063.0;3649.0;6311.0;10677.0;1670.0;2262.0;1642.0;2999.0;5379.0;9293.0;1509.0;2206.0;-6.0;3.0;-14.0;29.0;ETHANOL
1973.0;3508.0;6119.0;10426.0;1658.0;2300.0;1738.0;3168.0;5745.0;9997.0;1646.0;2419.0;-6.0;3.0;-14.0;21.0;ETHANOL
2284.0;4069.0;7165.0;12278.0;1945.0;2657.0;2088.0;3809.0;6816.0;11887.0;1928.0;2792.0;-2.0;4.0;-14.0;32.0;ETHANOL
2603.0;4576.0;7878.0;13223.0;2011.0;2628.0;1910.0;3441.0;6101.0;10474.0;1686.0;2415.0;2.0;4.0;-14.0;22.0;ETHANOL
2135.0;3753.0;6486.0;10939.0;1712.0;2314.0;1684.0;3087.0;5492.0;9509.0;1551.0;2276.0;2.0;12.0;-13.0;31.0;ETHANOL
2029.0;3585.0;6238.0;10546.0;1657.0;2245.0;1637.0;3001.0;5378.0;9332.0;1509.0;2163.0;10.0;8.0;-5.0;23.0;ETHANOL
1917.0;3375.0;5817.0;9788.0;1530.0;2083.0;1487.0;2694.0;4782.0;8284.0;1344.0;1960.0;6.0;8.0;-5.0;28.0;ETHANOL
1698.0;3002.0;5219.0;8929.0;1414.0;1959.0;1445.0;2636.0;4751.0;8294.0;1352.0;2012.0;9.0;9.0;-5.0;24.0;ETHANOL
1793.0;3179.0;5552.0;9454.0;1486.0;2021.0;1449.0;2644.0;4723.0;8221.0;1334.0;1959.0;4.0;9.0;-3.0;20.0;ETHANOL
1711.0;3017.0;5283.0;8936.0;1406.0;1937.0;1390.0;2549.0;4572.0;7973.0;1308.0;1917.0;9.0;13.0;-3.0;29.0;ETHANOL
1706.0;3023.0;5247.0;8955.0;1405.0;1936.0;1373.0;2532.0;4577.0;7947.0;1299.0;1915.0;5.0;9.0;-3.0;19.0;ETHANOL
1705.0;3031.0;5337.0;9163.0;1456.0;2030.0;1490.0;2733.0;4940.0;8707.0;1436.0;2135.0;6.0;11.0;-3.0;29.0;ETHANOL
2032.0;3721.0;6733.0;11810.0;1945.0;2722.0;2222.0;4055.0;7245.0;12449.0;2003.0;2864.0;5.0;8.0;-1.0;27.0;ETHANOL
2632.0;4571.0;7863.0;13040.0;1975.0;2603.0;1902.0;3476.0;6165.0;10607.0;1712.0;2460.0;6.0;9.0;1.0;32.0;ETHANOL
2191.0;3859.0;6683.0;11274.0;1757.0;2393.0;1744.0;3194.0;5733.0;9944.0;1618.0;2347.0;12.0;14.0;-1.0;25.0;ETHANOL
2142.0;3813.0;6659.0;11349.0;1782.0;2408.0;1779.0;3267.0;5838.0;10162.0;1649.0;2386.0;11.0;9.0;-1.0;21.0;ETHANOL
2158.0;3804.0;6585.0;11108.0;1723.0;2325.0;1682.0;3047.0;5490.0;9435.0;1529.0;2215.0;2.0;9.0;-4.0;34.0;ETHANOL
1934.0;3400.0;5924.0;9997.0;1561.0;2143.0;1563.0;2833.0;5075.0;8757.0;1427.0;2082.0;2.0;10.0;-4.0;25.0;ETHANOL
1836.0;3270.0;5728.0;9874.0;1582.0;2215.0;1639.0;3016.0;5425.0;9442.0;1551.0;2288.0;1.0;9.0;-4.0;25.0;ETHANOL
2071.0;3656.0;6381.0;10812.0;1695.0;2319.0;1720.0;3168.0;5726.0;9968.0;1623.0;2374.0;1.0;5.0;-4.0;33.0;ETHANOL
2124.0;3756.0;6591.0;11202.0;1758.0;2360.0;1722.0;3142.0;5604.0;9677.0;1578.0;2291.0;1.0;7.0;-4.0;24.0;ETHANOL
2012.0;3537.0;6109.0;10300.0;1602.0;2190.0;1581.0;2883.0;5182.0;9025.0;1468.0;2130.0;0.0;7.0;-2.0;24.0;ETHANOL
1892.0;3335.0;5832.0;9932.0;1564.0;2134.0;1551.0;2829.0;5050.0;8824.0;1430.0;2080.0;0.0;9.0;-2.0;29.0;ETHANOL
1867.0;3323.0;5837.0;10013.0;1576.0;2160.0;1590.0;2898.0;5180.0;9012.0;1465.0;2130.0;0.0;17.0;-2.0;30.0;ETHANOL
1873.0;3306.0;5738.0;9679.0;1506.0;2049.0;1437.0;2638.0;4757.0;8271.0;1352.0;1978.0;0.0;11.0;-2.0;28.0;ETHANOL
1735.0;3085.0;5366.0;9082.0;1415.0;1978.0;1435.0;2617.0;4677.0;8132.0;1325.0;1947.0;0.0;12.0;-2.0;32.0;ETHANOL
1737.0;3078.0;5374.0;9137.0;1442.0;1999.0;1469.0;2704.0;4845.0;8509.0;1381.0;2039.0;-1.0;11.0;-6.0;38.0;ETHANOL
1858.0;3312.0;5789.0;9870.0;1546.0;2130.0;1537.0;2818.0;5072.0;8868.0;1438.0;2109.0;0.0;5.0;-2.0;29.0;ETHANOL
1884.0;3340.0;5841.0;9962.0;1559.0;2127.0;1542.0;2807.0;5016.0;8682.0;1413.0;2048.0;6.0;5.0;-8.0;25.0;ETHANOL
1786.0;3142.0;5500.0;9403.0;1496.0;2073.0;1501.0;2763.0;4986.0;8680.0;1429.0;2083.0;6.0;4.0;-8.0;35.0;ETHANOL
1850.0;3283.0;5719.0;9684.0;1521.0;2096.0;1526.0;2814.0;5089.0;8917.0;1468.0;2172.0;6.0;7.0;-6.0;20.0;ETHANOL
2037.0;3651.0;6407.0;10866.0;1698.0;2305.0;1718.0;3144.0;5624.0;9760.0;1592.0;2312.0;11.0;10.0;-2.0;26.0;ETHANOL
2065.0;3654.0;6303.0;10563.0;1638.0;2190.0;1558.0;2852.0;5119.0;8834.0;1441.0;2109.0;6.0;10.0;-4.0;33.0;ETHANOL
1870.0;3309.0;5787.0;9802.0;1546.0;2113.0;1528.0;2779.0;5008.0;8712.0;1423.0;2081.0;6.0;11.0;-4.0;28.0;ETHANOL
1860.0;3298.0;5731.0;9758.0;1527.0;2101.0;1513.0;2784.0;4997.0;8738.0;1434.0;2104.0;6.0;10.0;-5.0;31.0;ETHANOL
1913.0;3415.0;6011.0;10276.0;1629.0;2271.0;1704.0;3121.0;5635.0;9862.0;1611.0;2356.0;5.0;5.0;-5.0;26.0;ETHANOL
2180.0;3867.0;6795.0;11560.0;1813.0;2443.0;1850.0;3360.0;6012.0;10410.0;1689.0;2449.0;3.0;5.0;-5.0;24.0;ETHANOL
2206.0;3894.0;6761.0;11361.0;1757.0;2362.0;1727.0;3144.0;5604.0;9690.0;1571.0;2283.0;0.0;5.0;-8.0;25.0;ETHANOL
2028.0;3572.0;6220.0;10531.0;1645.0;2232.0;1634.0;2983.0;5350.0;9352.0;1516.0;2213.0;0.0;6.0;-8.0;16.0;ETHANOL
2003.0;3562.0;6223.0;10615.0;1670.0;2271.0;1679.0;3101.0;5529.0;9590.0;1561.0;2275.0;0.0;6.0;-8.0;34.0;ETHANOL
2043.0;3613.0;6315.0;10734.0;1697.0;2301.0;1706.0;3127.0;5606.0;9802.0;1587.0;2318.0;3.0;12.0;-2.0;20.0;ETHANOL
2065.0;3664.0;6374.0;10855.0;1719.0;2358.0;1762.0;3208.0;5748.0;9978.0;1616.0;2366.0;1.0;10.0;-8.0;27.0;ETHANOL
2149.0;3813.0;6629.0;11200.0;1749.0;2370.0;1762.0;3204.0;5740.0;9993.0;1632.0;2403.0;8.0;15.0;-8.0;22.0;ETHANOL
2247.0;4024.0;7075.0;12213.0;1936.0;2687.0;2073.0;3770.0;6765.0;11651.0;1874.0;2689.0;3.0;3.0;-8.0;27.0;ETHANOL
2448.0;4315.0;7564.0;12817.0;2000.0;2681.0;2038.0;3708.0;6651.0;11553.0;1881.0;2724.0;5.0;3.0;-8.0;28.0;ETHANOL
2618.0;4658.0;8232.0;13971.0;2207.0;2991.0;2393.0;4349.0;7776.0;13446.0;2186.0;3152.0;3.0;2.0;-8.0;32.0;ETHANOL
3005.0;5278.0;9228.0;15518.0;2415.0;3188.0;2492.0;4488.0;7966.0;13704.0;2189.0;3111.0;5.0;8.0;-4.0;23.0;ETHANOL
2856.0;4940.0;8497.0;14114.0;2143.0;2777.0;2035.0;3657.0;6440.0;11071.0;1773.0;2557.0;4.0;8.0;-4.0;31.0;ETHANOL
2266.0;3954.0;6808.0;11459.0;1785.0;2439.0;1779.0;3262.0;5843.0;10138.0;1641.0;2396.0;6.0;9.0;-4.0;25.0;ETHANOL
2177.0;3857.0;6745.0;11522.0;1822.0;2508.0;1900.0;3481.0;6195.0;10715.0;1734.0;2546.0;4.0;11.0;-4.0;29.0;ETHANOL
2380.0;4237.0;7437.0;12863.0;2041.0;2791.0;2201.0;3991.0;7160.0;12417.0;2016.0;2883.0;1.0;9.0;-5.0;31.0;ETHANOL
2755.0;4823.0;8357.0;14060.0;2196.0;2964.0;2333.0;4208.0;7503.0;12913.0;2064.0;2935.0;0.0;11.0;-13.0;26.0;ETHANOL
2672.0;4653.0;7961.0;13370.0;2079.0;2772.0;2106.0;3799.0;6733.0;11445.0;1832.0;2630.0;-1.0;7.0;-13.0;26.0;ETHANOL
2341.0;4089.0;7037.0;11825.0;1839.0;2485.0;1868.0;3389.0;6065.0;10516.0;1708.0;2478.0;-1.0;12.0;-13.0;24.0;ETHANOL
2315.0;4106.0;7159.0;12285.0;1931.0;2634.0;1997.0;3652.0;6500.0;11118.0;1784.0;2556.0;-4.0;5.0;-13.0;19.0;ETHANOL
2353.0;4128.0;7184.0;12125.0;1881.0;2533.0;1879.0;3388.0;6005.0;10310.0;1652.0;2394.0;-1.0;4.0;-13.0;25.0;ETHANOL
2104.0;3687.0;6349.0;10756.0;1670.0;2285.0;1651.0;3023.0;5430.0;9408.0;1524.0;2218.0;-1.0;9.0;-7.0;26.0;ETHANOL
2002.0;3553.0;6168.0;10520.0;1662.0;2293.0;1726.0;3143.0;5621.0;9742.0;1575.0;2279.0;1.0;5.0;-6.0;30.0;ETHANOL
2058.0;3615.0;6272.0;10519.0;1648.0;2242.0;1643.0;2985.0;5369.0;9282.0;1501.0;2200.0;1.0;7.0;-6.0;25.0;ETHANOL
1954.0;3472.0;6059.0;10271.0;1625.0;2232.0;1643.0;3006.0;5362.0;9335.0;1517.0;2222.0;1.0;5.0;-6.0;24.0;ETHANOL
2022.0;3545.0;6174.0;10424.0;1642.0;2254.0;1663.0;3039.0;5481.0;9539.0;1562.0;2300.0;1.0;9.0;-6.0;26.0;ETHANOL
2186.0;3887.0;6874.0;11738.0;1874.0;2582.0;2012.0;3671.0;6554.0;11386.0;1855.0;2662.0;1.0;4.0;-6.0;30.0;ETHANOL
2504.0;4449.0;7782.0;13202.0;2062.0;2774.0;2123.0;3852.0;6869.0;11927.0;1936.0;2809.0;2.0;10.0;-6.0;30.0;ETHANOL
2635.0;4634.0;8033.0;13651.0;2118.0;2869.0;2228.0;4045.0;7179.0;12406.0;2014.0;2885.0;1.0;8.0;-9.0;27.0;ETHANOL
2699.0;4702.0;8069.0;13417.0;2066.0;2763.0;2066.0;3760.0;6673.0;11552.0;1860.0;2689.0;1.0;11.0;-6.0;23.0;ETHANOL
2483.0;4362.0;7597.0;12812.0;1996.0;2678.0;2010.0;3623.0;6440.0;11138.0;1789.0;2587.0;1.0;8.0;-9.0;28.0;ETHANOL
2356.0;4136.0;7244.0;12384.0;1957.0;2698.0;2097.0;3835.0;6874.0;11987.0;1953.0;2839.0;7.0;5.0;-9.0;17.0;ETHANOL
2712.0;4791.0;8305.0;13993.0;2157.0;2873.0;2148.0;3869.0;6836.0;11769.0;1893.0;2731.0;7.0;5.0;-7.0;21.0;ETHANOL
2575.0;4582.0;8035.0;13643.0;2154.0;2946.0;2352.0;4273.0;7592.0;13062.0;2111.0;3043.0;10.0;4.0;-7.0;19.0;ETHANOL
2879.0;5034.0;8654.0;14502.0;2242.0;2961.0;2247.0;4067.0;7177.0;12261.0;1973.0;2796.0;4.0;5.0;-7.0;18.0;ETHANOL
2559.0;4478.0;7748.0;13062.0;2037.0;2737.0;2081.0;3774.0;6719.0;11546.0;1858.0;2672.0;4.0;8.0;-7.0;19.0;ETHANOL
2429.0;4210.0;7192.0;11998.0;1850.0;2469.0;1792.0;3237.0;5727.0;9849.0;1586.0;2282.0;2.0;6.0;-7.0;30.0;ETHANOL
2066.0;3668.0;6432.0;10984.0;1737.0;2385.0;1827.0;3338.0;5937.0;10269.0;1669.0;2443.0;2.0;10.0;-7.0;17.0;ETHANOL
2237.0;3924.0;6826.0;11467.0;1802.0;2450.0;1858.0;3364.0;6010.0;10370.0;1691.0;2457.0;2.0;10.0;-6.0;25.0;ETHANOL
2256.0;3954.0;6857.0;11596.0;1805.0;2464.0;1843.0;3351.0;5964.0;10319.0;1665.0;2425.0;4.0;7.0;-4.0;22.0;ETHANOL
2188.0;3845.0;6657.0;11216.0;1749.0;2368.0;1747.0;3166.0;5678.0;9869.0;1592.0;2318.0;4.0;13.0;-4.0;21.0;ETHANOL
2095.0;3686.0;6442.0;10963.0;1712.0;2355.0;1760.0;3216.0;5708.0;9881.0;1601.0;2308.0;10.0;8.0;-4.0;30.0;ETHANOL
2063.0;3614.0;6266.0;10574.0;1645.0;2229.0;1652.0;3031.0;5418.0;9447.0;1545.0;2282.0;9.0;12.0;-4.0;26.0;ETHANOL
2124.0;3768.0;6581.0;11137.0;1746.0;2380.0;1760.0;3199.0;5713.0;9908.0;1613.0;2344.0;4.0;11.0;-4.0;28.0;ETHANOL
2116.0;3739.0;6457.0;10927.0;1687.0;2277.0;1679.0;3056.0;5439.0;9367.0;1527.0;2229.0;3.0;11.0;-6.0;23.0;ETHANOL
1989.0;3507.0;6082.0;10274.0;1601.0;2201.0;1611.0;2938.0;5235.0;9064.0;1470.0;2158.0;4.0;11.0;-4.0;23.0;ETHANOL
1931.0;3406.0;5877.0;10037.0;1586.0;2221.0;1655.0;3007.0;5346.0;9174.0;1504.0;2197.0;4.0;12.0;-4.0;23.0;ETHANOL
1976.0;3477.0;6030.0;10157.0;1579.0;2146.0;1570.0;2855.0;5092.0;8817.0;1440.0;2100.0;4.0;11.0;-4.0;25.0;ETHANOL
1881.0;3328.0;5786.0;9820.0;1551.0;2147.0;1599.0;2940.0;5299.0;9234.0;1511.0;2213.0;10.0;3.0;-2.0;22.0;ETHANOL
2088.0;3719.0;6516.0;11134.0;1752.0;2408.0;1821.0;3324.0;5931.0;10311.0;1677.0;2410.0;2.0;3.0;-2.0;23.0;ETHANOL
2233.0;3954.0;6904.0;11780.0;1858.0;2535.0;1976.0;3594.0;6422.0;11142.0;1819.0;2643.0;2.0;14.0;-2.0;28.0;ETHANOL
2494.0;4388.0;7644.0;12863.0;1984.0;2640.0;2004.0;3640.0;6418.0;11165.0;1807.0;2618.0;2.0;8.0;-2.0;17.0;ETHANOL
2434.0;4279.0;7430.0;12525.0;1963.0;2665.0;2086.0;3766.0;6705.0;11511.0;1842.0;2660.0;2.0;9.0;-2.0;23.0;ETHANOL
2393.0;4146.0;7115.0;11796.0;1816.0;2421.0;1771.0;3190.0;5631.0;9661.0;1561.0;2272.0;-2.0;7.0;-7.0;23.0;ETHANOL
2026.0;3570.0;6233.0;10562.0;1676.0;2295.0;1718.0;3114.0;5542.0;9582.0;1552.0;2245.0;2.0;7.0;-7.0;28.0;ETHANOL
2017.0;3565.0;6209.0;10432.0;1634.0;2233.0;1669.0;3045.0;5457.0;9447.0;1537.0;2257.0;2.0;7.0;-1.0;31.0;ETHANOL
2104.0;3734.0;6529.0;11222.0;1782.0;2460.0;1878.0;3439.0;6140.0;10721.0;1724.0;2540.0;4.0;11.0;-1.0;27.0;ETHANOL
2318.0;4069.0;7068.0;11783.0;1831.0;2452.0;1785.0;3243.0;5809.0;10060.0;1621.0;2362.0;4.0;7.0;-1.0;24.0;ETHANOL
2124.0;3739.0;6412.0;10723.0;1678.0;2267.0;1679.0;3040.0;5420.0;9362.0;1514.0;2205.0;4.0;8.0;-1.0;29.0;ETHANOL
1975.0;3494.0;6112.0;10410.0;1638.0;2266.0;1703.0;3111.0;5537.0;9561.0;1549.0;2277.0;9.0;5.0;-1.0;23.0;ETHANOL
2106.0;3742.0;6494.0;11032.0;1748.0;2427.0;1885.0;3440.0;6130.0;10575.0;1702.0;2441.0;6.0;5.0;-1.0;19.0;ETHANOL
2198.0;3834.0;6611.0;11164.0;1738.0;2372.0;1781.0;3248.0;5825.0;10096.0;1644.0;2396.0;6.0;5.0;-3.0;28.0;ETHANOL
2208.0;3902.0;6767.0;11464.0;1782.0;2400.0;1794.0;3278.0;5831.0;10085.0;1623.0;2367.0;3.0;5.0;-7.0;30.0;ETHANOL
2168.0;3828.0;6651.0;11282.0;1765.0;2407.0;1799.0;3279.0;5841.0;10101.0;1625.0;2365.0;9.0;8.0;-7.0;37.0;ETHANOL
2133.0;3764.0;6513.0;10960.0;1701.0;2301.0;1717.0;3105.0;5548.0;9617.0;1547.0;2255.0;3.0;15.0;-7.0;26.0;ETHANOL
2051.0;3600.0;6284.0;10682.0;1675.0;2284.0;1681.0;3073.0;5485.0;9519.0;1545.0;2224.0;5.0;9.0;-7.0;26.0;ETHANOL
1976.0;3483.0;6001.0;10395.0;1656.0;2302.0;1754.0;3222.0;5790.0;10186.0;1672.0;2460.0;1.0;11.0;-7.0;21.0;ETHANOL
2329.0;4173.0;7374.0;12803.0;2047.0;2860.0;2311.0;4235.0;7620.0;13234.0;2164.0;3149.0;1.0;6.0;-8.0;21.0;ETHANOL
3120.0;5512.0;9596.0;16090.0;2497.0;3309.0;2673.0;4832.0;8561.0;14718.0;2359.0;3360.0;1.0;6.0;-6.0;21.0;ETHANOL
3243.0;5678.0;9719.0;16038.0;2423.0;3135.0;2411.0;4325.0;7587.0;12928.0;2039.0;2941.0;4.0;4.0;0.0;19.0;ETHANOL
2705.0;4700.0;8083.0;13502.0;2073.0;2763.0;2082.0;3754.0;6593.0;11393.0;1827.0;2638.0;7.0;6.0;0.0;34.0;ETHANOL
2409.0;4227.0;7290.0;12171.0;1899.0;2552.0;1899.0;3440.0;6147.0;10617.0;1717.0;2499.0;12.0;6.0;2.0;27.0;ETHANOL
2293.0;4045.0;7016.0;11902.0;1859.0;2536.0;1927.0;3502.0;6217.0;10796.0;1754.0;2538.0;12.0;6.0;2.0;25.0;ETHANOL
2360.0;4181.0;7298.0;12409.0;1949.0;2639.0;2007.0;3661.0;6519.0;11284.0;1827.0;2643.0;12.0;4.0;0.0;25.0;ETHANOL
2442.0;4264.0;7361.0;12344.0;1905.0;2544.0;1903.0;3444.0;6087.0;10405.0;1677.0;2432.0;2.0;3.0;-3.0;25.0;ETHANOL
2172.0;3837.0;6757.0;11552.0;1834.0;2518.0;1869.0;3459.0;6126.0;10627.0;1707.0;2476.0;2.0;4.0;-6.0;23.0;ETHANOL
2222.0;3892.0;6715.0;11392.0;1776.0;2409.0;1818.0;3303.0;5857.0;10024.0;1630.0;2376.0;0.0;4.0;-12.0;18.0;ETHANOL
2163.0;3851.0;6754.0;11649.0;1860.0;2585.0;2020.0;3654.0;6518.0;11286.0;1823.0;2629.0;0.0;11.0;-12.0;28.0;ETHANOL
2458.0;4366.0;7669.0;12981.0;2041.0;2772.0;2185.0;3927.0;6950.0;11936.0;1923.0;2748.0;1.0;13.0;-12.0;23.0;ETHANOL
2538.0;4457.0;7668.0;12891.0;2015.0;2720.0;2048.0;3690.0;6587.0;11347.0;1826.0;2635.0;1.0;13.0;-13.0;16.0;ETHANOL
2441.0;4258.0;7374.0;12367.0;1931.0;2628.0;2025.0;3669.0;6547.0;11265.0;1810.0;2636.0;1.0;11.0;-13.0;18.0;ETHANOL
2440.0;4319.0;7498.0;12664.0;2000.0;2700.0;2082.0;3771.0;6728.0;11401.0;1883.0;2709.0;1.0;11.0;-3.0;26.0;ETHANOL
2578.0;4564.0;7946.0;13444.0;2121.0;2892.0;2308.0;4185.0;7480.0;12831.0;2073.0;2945.0;1.0;7.0;-3.0;27.0;ETHANOL
2803.0;4873.0;8400.0;14085.0;2162.0;2865.0;2173.0;3903.0;6866.0;11832.0;1897.0;2730.0;5.0;7.0;-3.0;19.0;ETHANOL
2503.0;4370.0;7581.0;12888.0;2025.0;2722.0;2105.0;3807.0;6787.0;11664.0;1862.0;2674.0;6.0;11.0;-3.0;19.0;ETHANOL
2426.0;4252.0;7352.0;12431.0;1959.0;2707.0;2144.0;3833.0;6932.0;11933.0;1934.0;2778.0;6.0;9.0;-3.0;26.0;ETHANOL
2570.0;4490.0;7775.0;13024.0;2013.0;2704.0;2058.0;3746.0;6631.0;11417.0;1849.0;2664.0;9.0;11.0;0.0;17.0;ETHANOL
2463.0;4345.0;7545.0;12698.0;1973.0;2664.0;2041.0;3687.0;6554.0;11288.0;1816.0;2632.0;9.0;11.0;0.0;36.0;ETHANOL
2436.0;4254.0;7355.0;12357.0;1911.0;2577.0;1931.0;3494.0;6147.0;10646.0;1715.0;2490.0;6.0;17.0;-4.0;25.0;ETHANOL
2250.0;3951.0;6812.0;11442.0;1781.0;2417.0;1802.0;3256.0;5765.0;9917.0;1609.0;2343.0;6.0;7.0;-4.0;20.0;ETHANOL
2124.0;3727.0;6441.0;10857.0;1697.0;2321.0;1755.0;3198.0;5652.0;9836.0;1601.0;2346.0;3.0;9.0;-5.0;30.0;ETHANOL
2197.0;3910.0;6890.0;11825.0;1883.0;2604.0;2032.0;3663.0;6507.0;11187.0;1793.0;2603.0;3.0;8.0;-5.0;26.0;ETHANOL
2348.0;4104.0;7060.0;11793.0;1814.0;2436.0;1818.0;3303.0;5879.0;10162.0;1643.0;2398.0;2.0;9.0;-9.0;22.0;ETHANOL
2181.0;3819.0;6631.0;11173.0;1740.0;2368.0;1765.0;3193.0;5671.0;9753.0;1573.0;2290.0;1.0;8.0;-5.0;28.0;ETHANOL
2056.0;3615.0;6235.0;10489.0;1650.0;2261.0;1715.0;3120.0;5579.0;9632.0;1562.0;2286.0;0.0;8.0;-5.0;26.0;ETHANOL
2075.0;3668.0;6389.0;10804.0;1696.0;2304.0;1739.0;3138.0;5598.0;9701.0;1567.0;2299.0;0.0;10.0;-5.0;22.0;ETHANOL
2114.0;3713.0;6427.0;10873.0;1695.0;2326.0;1727.0;3144.0;5583.0;9712.0;1571.0;2304.0;0.0;5.0;-5.0;30.0;ETHANOL
2114.0;3752.0;6564.0;11138.0;1773.0;2464.0;1927.0;3531.0;6318.0;10942.0;1809.0;2639.0;2.0;10.0;-5.0;30.0;ETHANOL
2567.0;4581.0;8062.0;13794.0;2170.0;2960.0;2374.0;4291.0;7611.0;13035.0;2098.0;2994.0;2.0;5.0;-4.0;31.0;ETHANOL
2810.0;4897.0;8387.0;13930.0;2132.0;2810.0;2108.0;3807.0;6708.0;11441.0;1853.0;2654.0;4.0;8.0;0.0;26.0;ETHANOL
2412.0;4223.0;7311.0;12262.0;1909.0;2597.0;1972.0;3580.0;6380.0;11010.0;1778.0;2544.0;5.0;11.0;0.0;25.0;ETHANOL
2359.0;4161.0;7202.0;12120.0;1904.0;2586.0;2025.0;3662.0;6529.0;11242.0;1823.0;2666.0;4.0;8.0;0.0;17.0;ETHANOL
2512.0;4405.0;7633.0;12811.0;1986.0;2686.0;2044.0;3701.0;6597.0;11341.0;1829.0;2656.0;5.0;8.0;0.0;19.0;ETHANOL
2490.0;4400.0;7642.0;12996.0;2038.0;2773.0;2183.0;3951.0;6991.0;12028.0;1942.0;2794.0;8.0;10.0;1.0;17.0;ETHANOL
2580.0;4476.0;7678.0;12857.0;1971.0;2644.0;1981.0;3558.0;6303.0;10783.0;1745.0;2532.0;5.0;10.0;1.0;27.0;ETHANOL
2318.0;4046.0;7067.0;11902.0;1865.0;2497.0;1922.0;3471.0;6228.0;10682.0;1727.0;2514.0;15.0;14.0;0.0;23.0;ETHANOL
2328.0;4078.0;7085.0;11904.0;1847.0;2514.0;1915.0;3469.0;6151.0;10685.0;1722.0;2512.0;8.0;10.0;-1.0;26.0;ETHANOL
2349.0;4133.0;7176.0;12172.0;1927.0;2622.0;2057.0;3735.0;6658.0;11524.0;1869.0;2716.0;13.0;12.0;-1.0;32.0;ETHANOL
2584.0;4579.0;8003.0;13741.0;2162.0;2964.0;2358.0;4252.0;7584.0;13057.0;2085.0;3021.0;8.0;8.0;-1.0;30.0;ETHANOL
2839.0;4953.0;8491.0;14130.0;2163.0;2873.0;2193.0;3944.0;6963.0;11943.0;1928.0;2772.0;6.0;8.0;-1.0;27.0;ETHANOL
2601.0;4578.0;7933.0;13434.0;2097.0;2833.0;2192.0;3970.0;7069.0;12146.0;1953.0;2793.0;7.0;13.0;-3.0;27.0;ETHANOL
2587.0;4541.0;7862.0;13134.0;2041.0;2736.0;2094.0;3793.0;6675.0;11421.0;1833.0;2639.0;3.0;12.0;-6.0;23.0;ETHANOL
2430.0;4226.0;7251.0;12159.0;1881.0;2556.0;1914.0;3476.0;6141.0;10606.0;1708.0;2474.0;3.0;8.0;-2.0;19.0;ETHANOL
2262.0;3960.0;6859.0;11558.0;1796.0;2458.0;1857.0;3362.0;5960.0;10280.0;1659.0;2411.0;3.0;10.0;-7.0;22.0;ETHANOL
2190.0;3861.0;6666.0;11257.0;1748.0;2380.0;1768.0;3232.0;5762.0;9906.0;1596.0;2320.0;6.0;13.0;-12.0;28.0;ETHANOL
2116.0;3738.0;6476.0;10926.0;1699.0;2339.0;1740.0;3168.0;5646.0;9757.0;1587.0;2310.0;9.0;10.0;-9.0;35.0;ETHANOL
2117.0;3707.0;6411.0;10836.0;1700.0;2323.0;1727.0;3138.0;5563.0;9621.0;1571.0;2288.0;6.0;10.0;-7.0;24.0;ETHANOL
2064.0;3639.0;6335.0;10708.0;1681.0;2299.0;1709.0;3101.0;5533.0;9582.0;1546.0;2257.0;6.0;5.0;-7.0;31.0;ETHANOL
2075.0;3635.0;6335.0;10687.0;1676.0;2304.0;1731.0;3156.0;5607.0;9736.0;1588.0;2323.0;12.0;4.0;-5.0;31.0;ETHANOL
2155.0;3778.0;6548.0;11019.0;1725.0;2360.0;1747.0;3182.0;5696.0;9855.0;1600.0;2341.0;-1.0;6.0;-5.0;32.0;ETHANOL
2148.0;3806.0;6629.0;11218.0;1742.0;2366.0;1782.0;3235.0;5752.0;9960.0;1618.0;2348.0;6.0;4.0;-3.0;29.0;ETHANOL
2145.0;3781.0;6574.0;11142.0;1749.0;2400.0;1844.0;3368.0;6033.0;10431.0;1680.0;2480.0;6.0;4.0;0.0;25.0;ETHANOL
2337.0;4157.0;7246.0;12301.0;1938.0;2660.0;2079.0;3753.0;6695.0;11554.0;1859.0;2714.0;10.0;4.0;-5.0;28.0;ETHANOL
2463.0;4399.0;7651.0;12914.0;2032.0;2788.0;2198.0;4014.0;7139.0;12371.0;1988.0;2826.0;11.0;4.0;-8.0;33.0;ETHANOL
2646.0;4621.0;8019.0;13460.0;2092.0;2782.0;2125.0;3854.0;6865.0;11844.0;1908.0;2733.0;7.0;5.0;1.0;33.0;ETHANOL
2534.0;4465.0;7755.0;12914.0;2028.0;2720.0;2067.0;3726.0;6648.0;11500.0;1853.0;2666.0;9.0;5.0;1.0;19.0;ETHANOL
2441.0;4275.0;7440.0;12575.0;1963.0;2668.0;2051.0;3709.0;6620.0;11409.0;1830.0;2670.0;12.0;10.0;-8.0;16.0;ETHANOL
2507.0;4388.0;7560.0;12568.0;1926.0;2555.0;1901.0;3448.0;6111.0;10523.0;1696.0;2454.0;4.0;6.0;-8.0;26.0;ETHANOL
2224.0;3928.0;6815.0;11517.0;1803.0;2477.0;1880.0;3408.0;6072.0;10486.0;1694.0;2461.0;-1.0;8.0;0.0;24.0;ETHANOL
2286.0;4027.0;6968.0;11772.0;1839.0;2491.0;1883.0;3416.0;6107.0;10516.0;1688.0;2470.0;-1.0;7.0;-2.0;29.0;ETHANOL
2246.0;3937.0;6780.0;11384.0;1763.0;2399.0;1771.0;3243.0;5786.0;9978.0;1616.0;2362.0;-1.0;7.0;-9.0;31.0;ETHANOL
2188.0;3858.0;6717.0;11419.0;1811.0;2491.0;1900.0;3467.0;6172.0;10618.0;1719.0;2494.0;4.0;14.0;-5.0;27.0;ETHANOL
2287.0;4028.0;6937.0;11696.0;1805.0;2446.0;1836.0;3316.0;5898.0;10218.0;1645.0;2411.0;3.0;10.0;-5.0;28.0;ETHANOL
2222.0;3931.0;6826.0;11579.0;1824.0;2511.0;1960.0;3578.0;6417.0;11147.0;1815.0;2649.0;8.0;10.0;-5.0;27.0;ETHANOL
2451.0;4280.0;7358.0;12331.0;1891.0;2531.0;1875.0;3381.0;6006.0;10416.0;1673.0;2427.0;6.0;12.0;-9.0;26.0;ETHANOL
2194.0;3869.0;6699.0;11275.0;1773.0;2422.0;1831.0;3351.0;5970.0;10259.0;1652.0;2389.0;7.0;5.0;-10.0;26.0;ETHANOL
2186.0;3830.0;6604.0;11053.0;1721.0;2350.0;1741.0;3138.0;5609.0;9668.0;1565.0;2286.0;4.0;9.0;-10.0;19.0;ETHANOL
2095.0;3686.0;6360.0;10701.0;1667.0;2278.0;1692.0;3090.0;5494.0;9448.0;1537.0;2235.0;4.0;7.0;-6.0;19.0;ETHANOL
2001.0;3556.0;6159.0;10473.0;1634.0;2233.0;1674.0;3029.0;5408.0;9297.0;1511.0;2202.0;4.0;14.0;-6.0;15.0;ETHANOL
2040.0;3630.0;6389.0;10909.0;1753.0;2431.0;1879.0;3445.0;6178.0;10636.0;1725.0;2510.0;6.0;12.0;-6.0;22.0;ETHANOL
2406.0;4234.0;7393.0;12482.0;1950.0;2657.0;2071.0;3729.0;6626.0;11379.0;1833.0;2643.0;9.0;12.0;0.0;20.0;ETHANOL
2474.0;4371.0;7540.0;12630.0;1959.0;2632.0;2001.0;3622.0;6460.0;11112.0;1798.0;2610.0;9.0;15.0;-1.0;21.0;ETHANOL
2419.0;4258.0;7378.0;12460.0;1941.0;2638.0;2005.0;3629.0;6456.0;11134.0;1795.0;2596.0;9.0;3.0;-1.0;30.0;ETHANOL
2378.0;4198.0;7234.0;12128.0;1889.0;2561.0;1929.0;3513.0;6288.0;10904.0;1774.0;2595.0;11.0;10.0;-2.0;17.0;ETHANOL
2487.0;4410.0;7745.0;13237.0;2097.0;2882.0;2317.0;4213.0;7544.0;12945.0;2100.0;3032.0;4.0;7.0;-2.0;21.0;ETHANOL
2917.0;5127.0;8847.0;14794.0;2266.0;3009.0;2345.0;4205.0;7462.0;12696.0;2033.0;2905.0;1.0;9.0;-9.0;24.0;ETHANOL
2681.0;4652.0;7982.0;13311.0;2050.0;2752.0;2069.0;3737.0;6619.0;11296.0;1818.0;2594.0;1.0;7.0;-9.0;27.0;ETHANOL
2375.0;4163.0;7204.0;12245.0;1924.0;2667.0;2088.0;3807.0;6783.0;11785.0;1929.0;2795.0;1.0;8.0;-9.0;16.0;ETHANOL
2643.0;4601.0;7837.0;13062.0;1998.0;2665.0;2019.0;3636.0;6397.0;10984.0;1766.0;2539.0;1.0;11.0;-6.0;31.0;ETHANOL
2367.0;4197.0;7292.0;12442.0;1956.0;2653.0;2082.0;3773.0;6737.0;11536.0;1854.0;2670.0;5.0;4.0;-6.0;24.0;ETHANOL
2460.0;4287.0;7414.0;12408.0;1912.0;2609.0;1984.0;3575.0;6336.0;10904.0;1757.0;2539.0;8.0;3.0;-3.0;34.0;ETHANOL
2334.0;4106.0;7125.0;11982.0;1869.0;2509.0;1876.0;3393.0;6010.0;10358.0;1674.0;2428.0;5.0;4.0;-3.0;19.0;ETHANOL
2239.0;3938.0;6796.0;11442.0;1770.0;2414.0;1789.0;3265.0;5823.0;10036.0;1628.0;2377.0;5.0;6.0;-8.0;26.0;ETHANOL
2153.0;3784.0;6598.0;11151.0;1751.0;2399.0;1808.0;3286.0;5858.0;10067.0;1627.0;2369.0;2.0;10.0;-8.0;36.0;ETHANOL
2200.0;3870.0;6756.0;11429.0;1797.0;2464.0;1900.0;3435.0;6163.0;10640.0;1728.0;2522.0;1.0;9.0;-10.0;28.0;ETHANOL
2359.0;4169.0;7363.0;12593.0;1993.0;2735.0;2161.0;3875.0;6963.0;11960.0;1909.0;2730.0;0.0;10.0;-10.0;29.0;ETHANOL
2466.0;4307.0;7436.0;12432.0;1924.0;2580.0;1950.0;3539.0;6317.0;10868.0;1760.0;2567.0;0.0;9.0;-7.0;28.0;ETHANOL
2367.0;4184.0;7229.0;12112.0;1887.0;2583.0;1962.0;3579.0;6424.0;11125.0;1803.0;2653.0;0.0;0.0;-7.0;28.0;ETHANOL
2583.0;4601.0;8105.0;13894.0;2208.0;3038.0;2443.0;4427.0;7899.0;13652.0;2196.0;3147.0;0.0;0.0;-7.0;37.0;ETHANOL
3050.0;5309.0;9054.0;14898.0;2270.0;2950.0;2231.0;3981.0;7085.0;12052.0;1928.0;2760.0;0.0;0.0;-7.0;26.0;ETHANOL
2550.0;4460.0;7696.0;12844.0;1986.0;2678.0;2011.0;3629.0;6421.0;11002.0;1759.0;2555.0;5.0;1.0;-3.0;30.0;ETHANOL
2353.0;4125.0;7153.0;12039.0;1877.0;2559.0;1947.0;3521.0;6240.0;10762.0;1707.0;2524.0;5.0;3.0;-9.0;24.0;ETHANOL
2365.0;4167.0;7208.0;12200.0;1898.0;2579.0;1972.0;3569.0;6335.0;10908.0;1762.0;2554.0;4.0;3.0;-9.0;26.0;ETHANOL
2341.0;4099.0;7074.0;11941.0;1853.0;2509.0;1901.0;3460.0;6136.0;10525.0;1703.0;2477.0;1.0;2.0;-14.0;27.0;ETHANOL
2293.0;4062.0;7085.0;12022.0;1891.0;2592.0;2011.0;3637.0;6461.0;11145.0;1790.0;2601.0;4.0;13.0;-9.0;28.0;ETHANOL
2378.0;4174.0;7179.0;12096.0;1888.0;2582.0;2035.0;3697.0;6631.0;11470.0;1882.0;2751.0;4.0;11.0;-9.0;33.0;ETHANOL
2654.0;4673.0;8059.0;13416.0;2065.0;2737.0;2060.0;3728.0;6589.0;11292.0;1813.0;2579.0;12.0;8.0;-8.0;22.0;ETHANOL
2390.0;4195.0;7235.0;12196.0;1896.0;2564.0;1958.0;3523.0;6248.0;10541.0;1741.0;2542.0;11.0;10.0;-8.0;23.0;ETHANOL
2354.0;4114.0;7111.0;11954.0;1848.0;2511.0;1902.0;3457.0;6126.0;10595.0;1700.0;2489.0;8.0;6.0;-5.0;28.0;ETHANOL
2297.0;4040.0;6983.0;11812.0;1836.0;2493.0;1894.0;3439.0;6099.0;10492.0;1705.0;2482.0;5.0;7.0;-8.0;25.0;ETHANOL
2312.0;4096.0;7139.0;12094.0;1901.0;2606.0;2021.0;3719.0;6625.0;11490.0;1856.0;2697.0;8.0;7.0;-7.0;26.0;ETHANOL
2549.0;4452.0;7713.0;12895.0;1973.0;2651.0;2030.0;3678.0;6501.0;11179.0;1786.0;2581.0;3.0;6.0;-7.0;21.0;ETHANOL
2376.0;4179.0;7222.0;12163.0;1912.0;2613.0;2041.0;3706.0;6586.0;11392.0;1847.0;2665.0;5.0;6.0;-4.0;22.0;ETHANOL
2542.0;4464.0;7724.0;13036.0;2036.0;2717.0;2098.0;3793.0;6779.0;11677.0;1877.0;2709.0;1.0;5.0;-4.0;15.0;ETHANOL
2491.0;4353.0;7496.0;12559.0;1939.0;2583.0;1929.0;3499.0;6233.0;10697.0;1728.0;2494.0;1.0;4.0;-4.0;19.0;ETHANOL
2296.0;4048.0;6992.0;11832.0;1842.0;2532.0;1941.0;3514.0;6257.0;10748.0;1752.0;2536.0;1.0;5.0;-4.0;23.0;ETHANOL
2367.0;4169.0;7194.0;12099.0;1880.0;2552.0;1950.0;3533.0;6305.0;10867.0;1753.0;2535.0;1.0;6.0;-4.0;21.0;ETHANOL
2333.0;4092.0;7078.0;11931.0;1856.0;2477.0;1884.0;3390.0;6017.0;10415.0;1678.0;2443.0;9.0;10.0;-5.0;25.0;ETHANOL
2216.0;3913.0;6776.0;11399.0;1787.0;2426.0;1835.0;3334.0;5935.0;10225.0;1652.0;2387.0;10.0;4.0;-5.0;19.0;ETHANOL
2209.0;3895.0;6711.0;11516.0;1820.0;2495.0;1929.0;3505.0;6202.0;10803.0;1739.0;2523.0;1.0;5.0;-5.0;24.0;ETHANOL
2349.0;4114.0;7116.0;11965.0;1874.0;2532.0;1942.0;3488.0;6225.0;10737.0;1747.0;2524.0;-2.0;9.0;-5.0;21.0;ETHANOL
2398.0;4200.0;7222.0;12109.0;1865.0;2515.0;1908.0;3446.0;6100.0;10484.0;1687.0;2436.0;-2.0;9.0;-7.0;15.0;ETHANOL
2228.0;3948.0;6891.0;11786.0;1878.0;2606.0;2050.0;3730.0;6649.0;11432.0;1865.0;2699.0;1.0;6.0;-5.0;27.0;ETHANOL
2551.0;4502.0;7812.0;13088.0;2023.0;2701.0;2062.0;3731.0;6610.0;11297.0;1825.0;2581.0;0.0;6.0;-7.0;22.0;ETHANOL
2399.0;4206.0;7243.0;12139.0;1883.0;2545.0;1925.0;3467.0;6166.0;10567.0;1709.0;2480.0;4.0;6.0;-7.0;17.0;ETHANOL
2337.0;4127.0;7189.0;11941.0;1899.0;2567.0;1977.0;3598.0;6391.0;10997.0;1784.0;2566.0;2.0;8.0;-7.0;26.0;ETHANOL
2385.0;4207.0;7313.0;12402.0;1946.0;2650.0;2061.0;3732.0;6627.0;11441.0;1855.0;2681.0;2.0;6.0;-7.0;17.0;ETHANOL
2546.0;4502.0;7872.0;13300.0;2099.0;2857.0;2281.0;4136.0;7359.0;12756.0;2053.0;2961.0;2.0;7.0;-7.0;31.0;ETHANOL
2860.0;5048.0;8734.0;14638.0;2258.0;3005.0;2314.0;4166.0;7375.0;12626.0;2017.0;2902.0;2.0;10.0;-7.0;19.0;ETHANOL
2663.0;4653.0;7980.0;13308.0;2046.0;2733.0;2075.0;3739.0;6618.0;11394.0;1833.0;2650.0;2.0;11.0;-7.0;19.0;ETHANOL
2449.0;4341.0;7504.0;12652.0;1992.0;2760.0;2181.0;3971.0;7021.0;12133.0;1968.0;2815.0;2.0;6.0;-5.0;21.0;ETHANOL
2709.0;4747.0;8191.0;13675.0;2114.0;2821.0;2187.0;3936.0;6953.0;11888.0;1906.0;2727.0;2.0;4.0;-5.0;21.0;ETHANOL
2524.0;4440.0;7673.0;12879.0;2000.0;2724.0;2073.0;3752.0;6651.0;11415.0;1829.0;2646.0;2.0;4.0;-8.0;21.0;ETHANOL
2464.0;4307.0;7401.0;12429.0;1932.0;2617.0;2017.0;3639.0;6467.0;10968.0;1789.0;2594.0;2.0;4.0;-6.0;27.0;ETHANOL
2408.0;4240.0;7339.0;12350.0;1920.0;2612.0;2003.0;3609.0;6384.0;10939.0;1753.0;2520.0;3.0;6.0;-6.0;27.0;ETHANOL
2310.0;4063.0;7088.0;11891.0;1869.0;2543.0;1956.0;3540.0;6285.0;10786.0;1746.0;2525.0;3.0;6.0;-6.0;21.0;ETHANOL
2348.0;4125.0;7127.0;11964.0;1866.0;2548.0;1951.0;3520.0;6262.0;10742.0;1734.0;2519.0;3.0;6.0;-6.0;20.0;ETHANOL
2323.0;4061.0;7043.0;11877.0;1851.0;2538.0;1949.0;3518.0;6229.0;10757.0;1730.0;2512.0;3.0;5.0;-6.0;23.0;ETHANOL
2328.0;4079.0;7067.0;11821.0;1842.0;2481.0;1866.0;3407.0;6033.0;10373.0;1670.0;2413.0;3.0;8.0;-6.0;30.0;ETHANOL
2229.0;3906.0;6746.0;11421.0;1789.0;2467.0;1868.0;3425.0;6090.0;10493.0;1700.0;2474.0;0.0;8.0;-10.0;18.0;ETHANOL
2297.0;4055.0;7054.0;11915.0;1865.0;2583.0;1991.0;3638.0;6497.0;11244.0;1814.0;2649.0;0.0;9.0;-6.0;22.0;ETHANOL
2518.0;4425.0;7672.0;12895.0;2010.0;2707.0;2072.0;3754.0;6657.0;11438.0;1842.0;2674.0;0.0;8.0;-6.0;24.0;ETHANOL
2475.0;4326.0;7454.0;12470.0;1924.0;2582.0;1934.0;3482.0;6212.0;10655.0;1716.0;2495.0;0.0;8.0;-10.0;27.0;ETHANOL
2267.0;3994.0;6940.0;11685.0;1827.0;2519.0;1919.0;3479.0;6210.0;10729.0;1735.0;2535.0;0.0;8.0;-6.0;22.0;ETHANOL
2372.0;4181.0;7244.0;12241.0;1919.0;2619.0;2014.0;3646.0;6486.0;11247.0;1819.0;2660.0;7.0;9.0;-5.0;33.0;ETHANOL
2536.0;4507.0;7953.0;13510.0;2151.0;2993.0;2453.0;4466.0;7969.0;13726.0;2224.0;3179.0;7.0;8.0;-5.0;22.0;ETHANOL
3188.0;5616.0;9746.0;16202.0;2503.0;3312.0;2655.0;4753.0;8324.0;14188.0;2259.0;3213.0;7.0;8.0;-6.0;23.0;ETHANOL
3024.0;5225.0;8923.0;14745.0;2257.0;2963.0;2299.0;4121.0;7277.0;12417.0;1989.0;2888.0;5.0;8.0;-6.0;21.0;ETHANOL
2718.0;4725.0;8134.0;13591.0;2093.0;2800.0;2139.0;3815.0;6858.0;11744.0;1895.0;2748.0;5.0;5.0;-6.0;29.0;ETHANOL
2595.0;4579.0;7981.0;13615.0;2146.0;2946.0;2345.0;4252.0;7598.0;13051.0;2117.0;3072.0;0.0;4.0;-10.0;30.0;ETHANOL
2998.0;5234.0;9059.0;15251.0;2365.0;3173.0;2569.0;4629.0;8199.0;13999.0;2244.0;3182.0;0.0;4.0;-14.0;31.0;ETHANOL
3049.0;5301.0;9124.0;15277.0;2350.0;3135.0;2491.0;4456.0;7830.0;13390.0;2142.0;3091.0;-1.0;6.0;-14.0;29.0;ETHANOL
2958.0;5145.0;8798.0;14619.0;2237.0;2982.0;2308.0;4154.0;7336.0;12498.0;2004.0;2873.0;-2.0;7.0;-14.0;32.0;ETHANOL
2672.0;4658.0;7944.0;13229.0;2042.0;2739.0;2100.0;3741.0;6673.0;11441.0;1843.0;2678.0;-2.0;7.0;-14.0;23.0;ETHANOL
2503.0;4370.0;7600.0;12739.0;1990.0;2696.0;2098.0;3779.0;6663.0;11426.0;1836.0;2658.0;-5.0;7.0;-14.0;29.0;ETHANOL
2481.0;4344.0;7529.0;12672.0;1974.0;2671.0;2028.0;3694.0;6553.0;11219.0;1803.0;2636.0;-7.0;9.0;-12.0;25.0;ETHANOL
2402.0;4219.0;7285.0;12168.0;1882.0;2562.0;1986.0;3599.0;6389.0;10886.0;1781.0;2576.0;-7.0;7.0;-8.0;24.0;ETHANOL
2408.0;4230.0;7312.0;12320.0;1928.0;2632.0;2047.0;3686.0;6513.0;11236.0;1814.0;2651.0;5.0;9.0;0.0;27.0;ETHANOL
2504.0;4416.0;7696.0;13006.0;2041.0;2813.0;2243.0;4062.0;7199.0;12386.0;1979.0;2859.0;5.0;7.0;-6.0;32.0;ETHANOL
2716.0;4750.0;8198.0;13635.0;2123.0;2844.0;2218.0;4012.0;7133.0;12303.0;1972.0;2836.0;5.0;5.0;-6.0;15.0;ETHANOL
2630.0;4598.0;7865.0;13116.0;2022.0;2738.0;2099.0;3765.0;6644.0;11406.0;1825.0;2618.0;2.0;5.0;-6.0;22.0;ETHANOL
2417.0;4248.0;7335.0;12271.0;1891.0;2589.0;1994.0;3587.0;6359.0;10969.0;1760.0;2537.0;2.0;2.0;-6.0;22.0;ETHANOL
2353.0;4137.0;7122.0;11924.0;1863.0;2536.0;1919.0;3466.0;6164.0;10615.0;1718.0;2507.0;2.0;2.0;-6.0;24.0;ETHANOL
2340.0;4134.0;7157.0;12099.0;1899.0;2619.0;2043.0;3715.0;6618.0;11428.0;1851.0;2686.0;2.0;2.0;-9.0;27.0;ETHANOL
2548.0;4476.0;7743.0;12968.0;2003.0;2713.0;2026.0;3752.0;6686.0;11538.0;1851.0;2671.0;3.0;2.0;-3.0;17.0;ETHANOL
2525.0;4427.0;7620.0;12700.0;1968.0;2632.0;2002.0;3627.0;6420.0;10972.0;1778.0;2572.0;2.0;6.0;-3.0;20.0;ETHANOL
2390.0;4212.0;7278.0;12280.0;1916.0;2612.0;1995.0;3602.0;6410.0;10939.0;1778.0;2573.0;2.0;10.0;-6.0;20.0;ETHANOL
2383.0;4187.0;7225.0;12188.0;1898.0;2603.0;1998.0;3633.0;6482.0;11174.0;1821.0;2639.0;1.0;6.0;-6.0;34.0;ETHANOL
2467.0;4338.0;7556.0;12682.0;1977.0;2670.0;2044.0;3689.0;6548.0;11235.0;1813.0;2604.0;1.0;5.0;-4.0;24.0;ETHANOL
2401.0;4269.0;7375.0;12416.0;1930.0;2629.0;2014.0;3640.0;6449.0;11089.0;1786.0;2579.0;1.0;5.0;-6.0;41.0;ETHANOL
2383.0;4184.0;7225.0;12101.0;1877.0;2540.0;1941.0;3493.0;6161.0;10663.0;1710.0;2478.0;1.0;5.0;-4.0;25.0;ETHANOL
2300.0;4035.0;6975.0;11780.0;1862.0;2568.0;2010.0;3649.0;6539.0;11263.0;1829.0;2680.0;7.0;2.0;0.0;23.0;ETHANOL
2585.0;4557.0;7910.0;13358.0;2071.0;2817.0;2225.0;4026.0;7191.0;12380.0;2009.0;2912.0;14.0;3.0;0.0;23.0;ETHANOL
2869.0;5068.0;8818.0;15003.0;2345.0;3177.0;2561.0;4595.0;8104.0;13913.0;2218.0;3150.0;7.0;3.0;-2.0;22.0;ETHANOL
3064.0;5398.0;9324.0;15672.0;2437.0;3261.0;2613.0;4607.0;8292.0;14110.0;2260.0;3231.0;5.0;3.0;-2.0;27.0;ETHANOL
3100.0;5399.0;9251.0;15417.0;2367.0;3153.0;2465.0;4432.0;7822.0;13302.0;2135.0;3051.0;1.0;5.0;-6.0;27.0;ETHANOL
2869.0;5018.0;8614.0;14425.0;2236.0;2998.0;2356.0;4224.0;7481.0;12776.0;2051.0;2931.0;1.0;4.0;-6.0;28.0;ETHANOL
2763.0;4858.0;8399.0;14102.0;2185.0;2933.0;2297.0;4127.0;7259.0;12448.0;1975.0;2848.0;0.0;5.0;-7.0;20.0;ETHANOL
2691.0;4720.0;8225.0;13872.0;2185.0;2996.0;2414.0;4347.0;7671.0;13110.0;2114.0;3054.0;1.0;9.0;-7.0;31.0;ETHANOL
2883.0;5009.0;8577.0;14213.0;2177.0;2908.0;2256.0;4055.0;7155.0;12174.0;1955.0;2819.0;8.0;6.0;-7.0;29.0;ETHANOL
2614.0;4581.0;7866.0;13206.0;2053.0;2768.0;2151.0;3864.0;6825.0;11731.0;1883.0;2652.0;9.0;4.0;-6.0;20.0;ETHANOL
2514.0;4399.0;7608.0;12686.0;1968.0;2676.0;2056.0;3673.0;6591.0;11322.0;1831.0;2653.0;8.0;10.0;-6.0;19.0;ETHANOL
2461.0;4297.0;7402.0;12359.0;1924.0;2593.0;1985.0;3575.0;6351.0;10881.0;1749.0;2521.0;2.0;4.0;-3.0;23.0;ETHANOL
2321.0;4093.0;7074.0;11866.0;1853.0;2525.0;1931.0;3492.0;6182.0;10654.0;1711.0;2478.0;1.0;8.0;-3.0;16.0;ETHANOL
2285.0;4015.0;6931.0;11621.0;1815.0;2465.0;1872.0;3393.0;6042.0;10378.0;1682.0;2461.0;1.0;4.0;-3.0;27.0;ETHANOL
2259.0;3969.0;6864.0;11606.0;1808.0;2460.0;1883.0;3419.0;6041.0;10375.0;1661.0;2430.0;-2.0;4.0;-9.0;24.0;ETHANOL
2224.0;3932.0;6791.0;11466.0;1788.0;2438.0;1855.0;3386.0;6014.0;10239.0;1660.0;2404.0;-2.0;5.0;-9.0;27.0;ETHANOL
2202.0;3887.0;6730.0;11342.0;1786.0;2411.0;1833.0;3336.0;5929.0;10214.0;1646.0;2411.0;0.0;4.0;-9.0;30.0;ETHANOL
2226.0;3911.0;6767.0;11414.0;1791.0;2457.0;1859.0;3376.0;6021.0;10409.0;1691.0;2477.0;0.0;3.0;-9.0;21.0;ETHANOL
2280.0;4022.0;6974.0;11868.0;1848.0;2537.0;1927.0;3507.0;6267.0;10873.0;1755.0;2585.0;0.0;3.0;-4.0;23.0;ETHANOL
2476.0;4413.0;7748.0;13134.0;2079.0;2856.0;2277.0;4114.0;7296.0;12611.0;2029.0;2906.0;1.0;3.0;-2.0;22.0;ETHANOL
2728.0;4763.0;8165.0;13649.0;2100.0;2805.0;2167.0;3925.0;6933.0;11866.0;1916.0;2740.0;6.0;8.0;3.0;20.0;ETHANOL
2552.0;4507.0;7861.0;13331.0;2100.0;2876.0;2300.0;4151.0;7375.0;12731.0;2058.0;2962.0;9.0;3.0;3.0;27.0;ETHANOL
2847.0;4995.0;8571.0;14288.0;2186.0;2878.0;2204.0;3978.0;7084.0;12089.0;1929.0;2766.0;8.0;6.0;3.0;22.0;ETHANOL
2562.0;4495.0;7738.0;13083.0;2049.0;2810.0;2223.0;4037.0;7137.0;12331.0;2012.0;2912.0;2.0;3.0;-2.0;30.0;ETHANOL
2807.0;4950.0;8648.0;14533.0;2291.0;3115.0;2535.0;4570.0;8126.0;13881.0;2226.0;3145.0;2.0;6.0;-2.0;20.0;ETHANOL
3038.0;5290.0;9102.0;15156.0;2350.0;3136.0;2480.0;4516.0;7977.0;13628.0;2182.0;3114.0;2.0;3.0;-3.0;22.0;ETHANOL
2971.0;5186.0;8975.0;14889.0;2297.0;3071.0;2409.0;4324.0;7612.0;13028.0;2093.0;3003.0;9.0;6.0;-3.0;32.0;ETHANOL
2849.0;4997.0;8659.0;14550.0;2256.0;3035.0;2416.0;4346.0;7700.0;13127.0;2113.0;3026.0;6.0;7.0;-3.0;29.0;ETHANOL
2829.0;4940.0;8517.0;14148.0;2180.0;2885.0;2190.0;3946.0;6988.0;11943.0;1926.0;2777.0;7.0;7.0;-3.0;35.0;ETHANOL
2578.0;4498.0;7740.0;12939.0;2009.0;2710.0;2086.0;3747.0;6605.0;11287.0;1798.0;2611.0;1.0;9.0;-6.0;29.0;ETHANOL
2403.0;4216.0;7304.0;12278.0;1902.0;2590.0;1967.0;3561.0;6336.0;10865.0;1747.0;2542.0;1.0;6.0;-6.0;30.0;ETHANOL
2318.0;4072.0;7071.0;11894.0;1858.0;2540.0;1932.0;3483.0;6213.0;10671.0;1727.0;2502.0;4.0;9.0;-6.0;30.0;ETHANOL
2348.0;4150.0;7158.0;12075.0;1889.0;2559.0;1962.0;3554.0;6317.0;10828.0;1744.0;2532.0;10.0;9.0;-2.0;30.0;ETHANOL
2371.0;4174.0;7231.0;12077.0;1905.0;2613.0;2036.0;3718.0;6618.0;11420.0;1854.0;2704.0;12.0;4.0;-1.0;24.0;ETHANOL
2628.0;4621.0;8009.0;13466.0;2089.0;2820.0;2178.0;3930.0;6965.0;11975.0;1926.0;2779.0;14.0;5.0;-1.0;21.0;ETHANOL
2576.0;4492.0;7739.0;12952.0;1999.0;2691.0;2071.0;3726.0;6536.0;11333.0;1845.0;2692.0;7.0;4.0;-2.0;23.0;ETHANOL
2580.0;4568.0;7982.0;13468.0;2109.0;2862.0;2261.0;4071.0;7183.0;12278.0;1973.0;2822.0;7.0;5.0;-2.0;31.0;ETHANOL
2689.0;4733.0;8182.0;13863.0;2177.0;2935.0;2365.0;4236.0;7553.0;13014.0;2088.0;2996.0;5.0;6.0;-2.0;29.0;ETHANOL
2837.0;4970.0;8590.0;14406.0;2241.0;3030.0;2419.0;4348.0;7760.0;13333.0;2139.0;3097.0;5.0;11.0;-3.0;17.0;ETHANOL
2981.0;5239.0;9089.0;15131.0;2348.0;3150.0;2524.0;4546.0;7996.0;13669.0;2200.0;3143.0;1.0;6.0;-6.0;16.0;ETHANOL
3023.0;5248.0;9051.0;15057.0;2321.0;3084.0;2461.0;4426.0;7793.0;13300.0;2133.0;3035.0;-1.0;5.0;-6.0;18.0;ETHANOL
2862.0;4995.0;8503.0;14239.0;2203.0;2950.0;2262.0;4074.0;7211.0;12260.0;1976.0;2842.0;-1.0;7.0;0.0;33.0;ETHANOL
2637.0;4608.0;7923.0;13266.0;2045.0;2744.0;2120.0;3834.0;6750.0;11565.0;1862.0;2704.0;-1.0;7.0;2.0;23.0;ETHANOL
2557.0;4502.0;7846.0;13152.0;2059.0;2800.0;2185.0;3945.0;6975.0;11952.0;1928.0;2779.0;-1.0;6.0;2.0;30.0;ETHANOL
2567.0;4493.0;7748.0;13196.0;2129.0;3006.0;2513.0;4551.0;8080.0;13918.0;2237.0;3212.0;2.0;7.0;-3.0;34.0;ETHANOL
3062.0;5356.0;9196.0;15229.0;2353.0;3103.0;2478.0;4463.0;7893.0;13527.0;2162.0;3099.0;2.0;8.0;-8.0;32.0;ETHANOL
2984.0;5252.0;9115.0;15379.0;2412.0;3285.0;2669.0;4800.0;8517.0;14680.0;2360.0;3372.0;2.0;7.0;-8.0;22.0;ETHANOL
3326.0;5809.0;9959.0;16583.0;2574.0;3451.0;2844.0;5119.0;8984.0;15480.0;2486.0;3541.0;2.0;7.0;-11.0;24.0;ETHANOL
3476.0;6001.0;10255.0;16925.0;2622.0;3467.0;2832.0;5089.0;8932.0;15198.0;2444.0;3534.0;2.0;5.0;-11.0;32.0;ETHANOL
3497.0;6074.0;10443.0;17152.0;2642.0;3520.0;2837.0;5054.0;8858.0;15029.0;2394.0;3383.0;2.0;7.0;-9.0;20.0;ETHANOL
3196.0;5540.0;9501.0;15683.0;2406.0;3174.0;2508.0;4465.0;7840.0;13313.0;2128.0;3031.0;2.0;5.0;-9.0;20.0;ETHANOL
2849.0;4972.0;8463.0;14091.0;2187.0;2926.0;2301.0;4099.0;7233.0;12368.0;1975.0;2840.0;2.0;5.0;-10.0;26.0;ETHANOL
2643.0;4627.0;7993.0;13351.0;2076.0;2809.0;2186.0;3932.0;6974.0;12006.0;1951.0;2865.0;2.0;7.0;-9.0;23.0;ETHANOL
2907.0;5200.0;9230.0;15819.0;2535.0;3545.0;3093.0;5559.0;9795.0;16794.0;2679.0;3794.0;2.0;7.0;-10.0;22.0;ETHANOL
3829.0;6589.0;11238.0;18027.0;2765.0;3554.0;2820.0;5007.0;8760.0;14770.0;2334.0;3300.0;2.0;8.0;-10.0;30.0;ETHANOL
3072.0;5350.0;9124.0;15026.0;2308.0;3093.0;2394.0;4302.0;7587.0;12995.0;2107.0;3034.0;4.0;9.0;-2.0;29.0;ETHANOL
2981.0;5231.0;8950.0;14833.0;2289.0;3028.0;2382.0;4253.0;7463.0;12731.0;2036.0;2921.0;4.0;8.0;-2.0;33.0;ETHANOL
2775.0;4800.0;8225.0;13756.0;2122.0;2871.0;2221.0;3977.0;6980.0;11980.0;1921.0;2786.0;7.0;13.0;-5.0;29.0;ETHANOL
2612.0;4569.0;7890.0;13258.0;2055.0;2802.0;2182.0;3965.0;7028.0;12098.0;1948.0;2836.0;5.0;6.0;-5.0;25.0;ETHANOL
2753.0;4852.0;8451.0;14208.0;2248.0;3099.0;2538.0;4580.0;8102.0;13957.0;2246.0;3244.0;5.0;9.0;-5.0;18.0;ETHANOL
3233.0;5601.0;9708.0;16171.0;2497.0;3315.0;2693.0;4822.0;8488.0;14475.0;2309.0;3307.0;-3.0;0.0;-5.0;22.0;ETHANOL
3180.0;5574.0;9640.0;16151.0;2527.0;3427.0;2890.0;5188.0;9171.0;15726.0;2538.0;3638.0;4.0;0.0;-5.0;22.0;ETHANOL
3721.0;6505.0;11237.0;18220.0;2866.0;3757.0;3119.0;5526.0;9639.0;16265.0;2565.0;3608.0;4.0;5.0;-5.0;17.0;ETHANOL
3454.0;5913.0;10115.0;16576.0;2527.0;3293.0;2567.0;4587.0;8047.0;13675.0;2175.0;3123.0;5.0;6.0;-2.0;29.0;ETHANOL
2951.0;5153.0;8957.0;15040.0;2361.0;3221.0;2695.0;4858.0;8596.0;14771.0;2375.0;3397.0;6.0;8.0;2.0;25.0;ETHANOL
3436.0;6024.0;10382.0;17193.0;2679.0;3590.0;2941.0;5259.0;9293.0;15709.0;2503.0;3540.0;5.0;6.0;2.0;25.0;ETHANOL
3390.0;5842.0;9929.0;16244.0;2469.0;3236.0;2556.0;4579.0;8000.0;13597.0;2166.0;3086.0;10.0;5.0;0.0;19.0;ETHANOL
2931.0;5115.0;8791.0;14779.0;2320.0;3181.0;2614.0;4696.0;8340.0;14361.0;2327.0;3369.0;16.0;6.0;0.0;25.0;ETHANOL
3434.0;5955.0;10324.0;17146.0;2692.0;3604.0;3006.0;5336.0;9332.0;15591.0;2517.0;3555.0;10.0;8.0;-4.0;24.0;ETHANOL
3515.0;6074.0;10385.0;17031.0;2640.0;3504.0;2877.0;5109.0;8964.0;15142.0;2402.0;3405.0;11.0;5.0;-4.0;23.0;ETHANOL
3327.0;5747.0;9731.0;16039.0;2441.0;3245.0;2567.0;4590.0;8095.0;13760.0;2219.0;3168.0;3.0;3.0;-4.0;19.0;ETHANOL
3102.0;5442.0;9385.0;15755.0;2459.0;3327.0;2722.0;4879.0;8544.0;14563.0;2339.0;3340.0;7.0;4.0;-2.0;23.0;ETHANOL
3314.0;5758.0;9972.0;16519.0;2574.0;3489.0;2960.0;5300.0;9357.0;15984.0;2565.0;3670.0;3.0;3.0;-2.0;21.0;ETHANOL
3755.0;6569.0;11324.0;18285.0;2887.0;3812.0;3165.0;5626.0;9839.0;16639.0;2629.0;3712.0;3.0;4.0;-1.0;18.0;ETHANOL
3606.0;6232.0;10521.0;17112.0;2623.0;3433.0;2782.0;4957.0;8658.0;14700.0;2340.0;3317.0;2.0;3.0;-2.0;20.0;ETHANOL
3233.0;5624.0;9626.0;16002.0;2464.0;3297.0;2635.0;4696.0;8232.0;13925.0;2226.0;3175.0;7.0;12.0;-2.0;20.0;ETHANOL
3049.0;5292.0;9035.0;14973.0;2305.0;3105.0;2462.0;4411.0;7743.0;13211.0;2098.0;3039.0;3.0;3.0;-6.0;20.0;ETHANOL
2896.0;5058.0;8715.0;14743.0;2299.0;3131.0;2564.0;4599.0;8036.0;13699.0;2186.0;3139.0;11.0;8.0;-2.0;23.0;ETHANOL
3051.0;5284.0;9060.0;15151.0;2329.0;3127.0;2493.0;4480.0;7857.0;13370.0;2134.0;3047.0;7.0;5.0;-2.0;31.0;ETHANOL
2907.0;5025.0;8575.0;14218.0;2191.0;2941.0;2320.0;4151.0;7299.0;12506.0;1989.0;2869.0;6.0;8.0;-1.0;23.0;ETHANOL
2758.0;4822.0;8347.0;14047.0;2191.0;2960.0;2361.0;4240.0;7482.0;12780.0;2049.0;2960.0;7.0;8.0;-1.0;29.0;ETHANOL
2802.0;4895.0;8450.0;14133.0;2193.0;2966.0;2368.0;4239.0;7490.0;12731.0;2034.0;2936.0;10.0;10.0;7.0;33.0;ETHANOL
2799.0;4884.0;8356.0;13899.0;2146.0;2882.0;2279.0;4096.0;7217.0;12350.0;1983.0;2871.0;0.0;12.0;5.0;29.0;ETHANOL
2755.0;4802.0;8288.0;13824.0;2157.0;2919.0;2337.0;4162.0;7357.0;12533.0;2001.0;2905.0;0.0;19.0;-4.0;23.0;ETHANOL
2753.0;4801.0;8245.0;13834.0;2135.0;2884.0;2269.0;4077.0;7234.0;12370.0;1982.0;2846.0;1.0;11.0;-6.0;34.0;ETHANOL
2689.0;4699.0;8066.0;13505.0;2094.0;2818.0;2211.0;3981.0;7056.0;12062.0;1938.0;2798.0;1.0;7.0;-4.0;34.0;ETHANOL
2664.0;4666.0;8055.0;13462.0;2072.0;2793.0;2191.0;3905.0;6961.0;11893.0;1901.0;2744.0;1.0;11.0;-5.0;21.0;ETHANOL
2598.0;4605.0;8002.0;13594.0;2143.0;2927.0;2354.0;4237.0;7475.0;12735.0;2042.0;2940.0;11.0;7.0;-4.0;30.0;ETHANOL
2789.0;4850.0;8324.0;13784.0;2126.0;2864.0;2272.0;4061.0;7196.0;12279.0;1977.0;2882.0;9.0;7.0;-5.0;19.0;ETHANOL
2777.0;4859.0;8390.0;14069.0;2179.0;2954.0;2366.0;4241.0;7466.0;12796.0;2048.0;2904.0;9.0;12.0;-3.0;30.0;ETHANOL
2832.0;4965.0;8530.0;14276.0;2202.0;2925.0;2348.0;4233.0;7496.0;12764.0;2049.0;2954.0;10.0;6.0;-3.0;18.0;ETHANOL
2778.0;4863.0;8304.0;13795.0;2124.0;2861.0;2260.0;4034.0;7092.0;12137.0;1945.0;2781.0;5.0;11.0;-3.0;24.0;ETHANOL
2630.0;4577.0;7838.0;13135.0;2025.0;2726.0;2130.0;3832.0;6733.0;11550.0;1848.0;2672.0;4.0;6.0;-4.0;33.0;ETHANOL
2509.0;4402.0;7582.0;12703.0;1969.0;2665.0;2067.0;3736.0;6621.0;11381.0;1833.0;2653.0;1.0;8.0;-4.0;30.0;ETHANOL
2535.0;4466.0;7701.0;12910.0;2014.0;2730.0;2146.0;3853.0;6793.0;11669.0;1865.0;2685.0;-2.0;8.0;-6.0;28.0;ETHANOL
2539.0;4428.0;7623.0;12749.0;1977.0;2688.0;2092.0;3785.0;6720.0;11553.0;1861.0;2708.0;-2.0;8.0;-6.0;28.0;ETHANOL
2593.0;4553.0;7871.0;13256.0;2071.0;2825.0;2256.0;4083.0;7291.0;12520.0;2013.0;2943.0;1.0;8.0;-5.0;28.0;ETHANOL
2901.0;5107.0;8871.0;14920.0;2328.0;3159.0;2597.0;4668.0;8237.0;14092.0;2251.0;3218.0;6.0;11.0;-6.0;23.0;ETHANOL
3131.0;5427.0;9310.0;15473.0;2371.0;3125.0;2478.0;4447.0;7788.0;13243.0;2105.0;3013.0;6.0;9.0;-6.0;40.0;ETHANOL
2864.0;4957.0;8476.0;14146.0;2190.0;2892.0;2266.0;4065.0;7184.0;12313.0;1970.0;2861.0;9.0;9.0;-5.0;21.0;ETHANOL
2738.0;4803.0;8292.0;13911.0;2169.0;2944.0;2333.0;4190.0;7380.0;12543.0;1997.0;2867.0;6.0;9.0;-5.0;27.0;ETHANOL
2709.0;4762.0;8172.0;13983.0;2210.0;3060.0;2528.0;4569.0;8032.0;13714.0;2213.0;3195.0;3.0;10.0;-6.0;27.0;ETHANOL
3149.0;5503.0;9504.0;15927.0;2466.0;3316.0;2692.0;4864.0;8596.0;14726.0;2354.0;3380.0;-2.0;6.0;-7.0;32.0;ETHANOL
3379.0;5876.0;10117.0;16782.0;2608.0;3475.0;2863.0;5130.0;9042.0;15322.0;2454.0;3483.0;3.0;8.0;-2.0;27.0;ETHANOL
3423.0;5951.0;10208.0;16863.0;2599.0;3458.0;2812.0;5006.0;8837.0;14979.0;2400.0;3396.0;3.0;8.0;-3.0;30.0;ETHANOL
3295.0;5724.0;9768.0;16137.0;2462.0;3281.0;2633.0;4716.0;8334.0;14128.0;2265.0;3241.0;14.0;8.0;-3.0;22.0;ETHANOL
3134.0;5446.0;9292.0;15394.0;2356.0;3129.0;2494.0;4444.0;7810.0;13283.0;2121.0;3022.0;12.0;10.0;1.0;25.0;ETHANOL
2849.0;5009.0;8592.0;14329.0;2210.0;2981.0;2357.0;4224.0;7361.0;12680.0;2036.0;2915.0;10.0;8.0;1.0;23.0;ETHANOL
2780.0;4851.0;8314.0;13935.0;2169.0;2931.0;2314.0;4157.0;7315.0;12483.0;2004.0;2887.0;9.0;4.0;0.0;24.0;ETHANOL
2772.0;4895.0;8460.0;14183.0;2214.0;3007.0;2396.0;4327.0;7608.0;13049.0;2084.0;3014.0;9.0;4.0;0.0;33.0;ETHANOL
2912.0;5110.0;8829.0;14765.0;2302.0;3116.0;2500.0;4495.0;7934.0;13560.0;2171.0;3109.0;9.0;3.0;-3.0;17.0;ETHANOL
2967.0;5192.0;8904.0;14895.0;2295.0;3091.0;2481.0;4450.0;7849.0;13353.0;2156.0;3099.0;8.0;3.0;-3.0;35.0;ETHANOL
3057.0;5386.0;9329.0;15804.0;2479.0;3386.0;2847.0;5098.0;9042.0;15428.0;2491.0;3577.0;2.0;4.0;-3.0;29.0;ETHANOL
3593.0;6232.0;10526.0;17450.0;2710.0;3570.0;2910.0;5210.0;9174.0;15551.0;2477.0;3500.0;2.0;6.0;-3.0;29.0;ETHANOL
3501.0;6097.0;10440.0;17150.0;2647.0;3486.0;2826.0;5050.0;8816.0;14983.0;2380.0;3388.0;2.0;4.0;-2.0;34.0;ETHANOL
3274.0;5711.0;9841.0;16444.0;2580.0;3506.0;2975.0;5325.0;9374.0;15945.0;2542.0;3663.0;11.0;4.0;-2.0;26.0;ETHANOL
3661.0;6399.0;10984.0;17808.0;2763.0;3627.0;2981.0;5330.0;9339.0;15779.0;2493.0;3500.0;7.0;3.0;-1.0;20.0;ETHANOL
3463.0;6018.0;10336.0;17081.0;2640.0;3478.0;2843.0;5047.0;8815.0;14839.0;2344.0;3318.0;12.0;3.0;1.0;25.0;ETHANOL
3210.0;5584.0;9562.0;15845.0;2469.0;3338.0;2731.0;4894.0;8601.0;14614.0;2331.0;3323.0;7.0;3.0;1.0;26.0;ETHANOL
3317.0;5811.0;10002.0;16701.0;2598.0;3480.0;2915.0;5179.0;9070.0;15346.0;2436.0;3447.0;13.0;3.0;-3.0;28.0;ETHANOL
3347.0;5818.0;9918.0;16394.0;2520.0;3340.0;2697.0;4846.0;8484.0;14473.0;2304.0;3284.0;4.0;12.0;1.0;24.0;ETHANOL
3210.0;5578.0;9581.0;15871.0;2461.0;3292.0;2702.0;4834.0;8468.0;14406.0;2302.0;3315.0;-3.0;15.0;-8.0;25.0;ETHANOL
3274.0;5726.0;9843.0;16403.0;2564.0;3424.0;2844.0;5044.0;8936.0;15243.0;2449.0;3506.0;-3.0;17.0;-8.0;28.0;ETHANOL
3519.0;6144.0;10567.0;17322.0;2690.0;3579.0;2970.0;5297.0;9278.0;15861.0;2516.0;3588.0;1.0;10.0;-7.0;23.0;ETHANOL
3590.0;6248.0;10677.0;17404.0;2687.0;3531.0;2870.0;5097.0;8817.0;15037.0;2377.0;3365.0;2.0;8.0;-7.0;28.0;ETHANOL
3291.0;5767.0;9933.0;16626.0;2596.0;3506.0;2945.0;5250.0;9235.0;15644.0;2495.0;3541.0;2.0;10.0;-7.0;29.0;ETHANOL
3533.0;6168.0;10547.0;17246.0;2669.0;3533.0;2863.0;5094.0;8879.0;15061.0;2391.0;3388.0;2.0;11.0;-3.0;26.0;ETHANOL
3294.0;5685.0;9741.0;16126.0;2475.0;3305.0;2681.0;4794.0;8411.0;14294.0;2273.0;3260.0;15.0;15.0;1.0;32.0;ETHANOL
3139.0;5475.0;9386.0;15614.0;2426.0;3250.0;2642.0;4687.0;8242.0;13957.0;2219.0;3172.0;8.0;11.0;1.0;23.0;ETHANOL
3071.0;5345.0;9180.0;15263.0;2369.0;3205.0;2617.0;4671.0;8153.0;13918.0;2222.0;3184.0;8.0;12.0;1.0;17.0;ETHANOL
3080.0;5347.0;9134.0;15218.0;2343.0;3152.0;2555.0;4580.0;8059.0;13661.0;2209.0;3183.0;4.0;7.0;-3.0;23.0;ETHANOL
3158.0;5512.0;9461.0;15785.0;2427.0;3228.0;2587.0;4619.0;8095.0;13722.0;2183.0;3087.0;7.0;7.0;1.0;25.0;ETHANOL
2940.0;5127.0;8770.0;14563.0;2239.0;3011.0;2414.0;4322.0;7582.0;12928.0;2087.0;3031.0;7.0;6.0;2.0;25.0;ETHANOL
2950.0;5182.0;8929.0;15071.0;2364.0;3247.0;2750.0;4920.0;8678.0;14761.0;2368.0;3376.0;7.0;5.0;-1.0;27.0;ETHANOL
3392.0;5930.0;10227.0;16906.0;2615.0;3474.0;2884.0;5136.0;8972.0;15191.0;2425.0;3450.0;13.0;6.0;-1.0;36.0;ETHANOL
3350.0;5812.0;9935.0;16389.0;2508.0;3346.0;2694.0;4806.0;8429.0;14303.0;2276.0;3253.0;7.0;5.0;-1.0;34.0;ETHANOL
3133.0;5445.0;9363.0;15519.0;2396.0;3206.0;2595.0;4627.0;8155.0;13726.0;2211.0;3169.0;5.0;5.0;-2.0;20.0;ETHANOL
3110.0;5455.0;9375.0;15823.0;2471.0;3344.0;2769.0;4955.0;8713.0;14864.0;2377.0;3411.0;8.0;11.0;-4.0;24.0;ETHANOL
3368.0;5865.0;10108.0;16793.0;2614.0;3514.0;2901.0;5207.0;9137.0;15465.0;2468.0;3513.0;5.0;9.0;-4.0;21.0;ETHANOL
3445.0;5947.0;10108.0;16521.0;2535.0;3354.0;2688.0;4801.0;8399.0;14289.0;2284.0;3275.0;8.0;6.0;-7.0;16.0;ETHANOL
3186.0;5551.0;9537.0;15831.0;2448.0;3297.0;2703.0;4840.0;8488.0;14459.0;2314.0;3288.0;10.0;10.0;-7.0;26.0;ETHANOL
3240.0;5663.0;9711.0;16106.0;2479.0;3309.0;2704.0;4808.0;8441.0;14418.0;2317.0;3303.0;11.0;8.0;-1.0;27.0;ETHANOL
3306.0;5759.0;9910.0;16443.0;2554.0;3398.0;2799.0;5062.0;8959.0;15250.0;2437.0;3486.0;10.0;8.0;-1.0;18.0;ETHANOL
3480.0;6059.0;10312.0;16942.0;2616.0;3476.0;2863.0;5101.0;8950.0;15262.0;2436.0;3465.0;11.0;7.0;-7.0;21.0;ETHANOL
3446.0;6026.0;10338.0;17042.0;2648.0;3547.0;2934.0;5259.0;9245.0;15697.0;2495.0;3564.0;4.0;6.0;-10.0;30.0;ETHANOL
3494.0;6086.0;10413.0;17082.0;2655.0;3541.0;2913.0;5224.0;9166.0;15507.0;2479.0;3552.0;-3.0;6.0;-10.0;23.0;ETHANOL
3525.0;6100.0;10439.0;17040.0;2655.0;3537.0;2919.0;5197.0;9082.0;15420.0;2455.0;3475.0;-3.0;4.0;-10.0;32.0;ETHANOL
3409.0;5909.0;10098.0;16576.0;2532.0;3340.0;2689.0;4796.0;8394.0;14138.0;2245.0;3215.0;-6.0;6.0;-7.0;34.0;ETHANOL
3083.0;5365.0;9179.0;15264.0;2302.0;3136.0;2493.0;4456.0;7825.0;13371.0;2122.0;3068.0;-3.0;9.0;-4.0;31.0;ETHANOL
2945.0;5133.0;8787.0;14642.0;2249.0;3040.0;2425.0;4337.0;7638.0;12995.0;2083.0;3003.0;-2.0;9.0;-4.0;26.0;ETHANOL
2892.0;5072.0;8675.0;14455.0;2229.0;3005.0;2371.0;4240.0;7468.0;12728.0;2042.0;2930.0;2.0;7.0;-4.0;31.0;ETHANOL
2795.0;4889.0;8399.0;14078.0;2180.0;2928.0;2359.0;4222.0;7448.0;12661.0;2025.0;2903.0;-2.0;8.0;-4.0;20.0;ETHANOL
2798.0;4891.0;8398.0;14014.0;2169.0;2959.0;2384.0;4274.0;7507.0;12863.0;2060.0;2955.0;-2.0;8.0;-10.0;29.0;ETHANOL
2893.0;5079.0;8805.0;14908.0;2346.0;3212.0;2650.0;4788.0;8445.0;14461.0;2316.0;3320.0;-2.0;8.0;-10.0;20.0;ETHANOL
3308.0;5779.0;9943.0;16245.0;2534.0;3386.0;2790.0;4986.0;8753.0;14869.0;2355.0;3366.0;3.0;6.0;0.0;31.0;ETHANOL
3305.0;5762.0;9872.0;16284.0;2496.0;3314.0;2677.0;4755.0;8391.0;14230.0;2268.0;3287.0;-2.0;10.0;-9.0;32.0;ETHANOL
3244.0;5661.0;9798.0;16374.0;2584.0;3554.0;3068.0;5491.0;9672.0;16404.0;2625.0;3738.0;-2.0;10.0;-9.0;26.0;ETHANOL
3739.0;6422.0;10903.0;17525.0;2682.0;3488.0;2815.0;5019.0;8746.0;14586.0;2344.0;3356.0;3.0;16.0;-3.0;28.0;ETHANOL
3271.0;5673.0;9929.0;16552.0;2582.0;3481.0;2916.0;5183.0;9101.0;15282.0;2439.0;3457.0;-1.0;4.0;-8.0;21.0;ETHANOL
3345.0;5787.0;9826.0;16151.0;2481.0;3269.0;2605.0;4657.0;8174.0;13865.0;2199.0;3190.0;-2.0;2.0;-8.0;23.0;ETHANOL
3112.0;5441.0;9424.0;15842.0;2475.0;3352.0;2808.0;5018.0;8838.0;15047.0;2392.0;3431.0;-1.0;0.0;-8.0;23.0;ETHANOL
3403.0;5908.0;10134.0;16771.0;2600.0;3435.0;2827.0;5025.0;8810.0;14968.0;2394.0;3427.0;4.0;0.0;-7.0;25.0;ETHANOL
3363.0;5861.0;10069.0;16578.0;2552.0;3378.0;2729.0;4868.0;8508.0;14448.0;2293.0;3292.0;4.0;2.0;-7.0;33.0;ETHANOL
3218.0;5633.0;9693.0;16169.0;2506.0;3363.0;2779.0;4965.0;8684.0;14803.0;2361.0;3394.0;4.0;2.0;-5.0;23.0;ETHANOL
3372.0;5890.0;10188.0;16928.0;2642.0;3533.0;2893.0;5169.0;9033.0;15339.0;2433.0;3442.0;5.0;6.0;-3.0;19.0;ETHANOL
3380.0;5876.0;10049.0;16611.0;2578.0;3456.0;2836.0;5006.0;8924.0;14920.0;2418.0;3447.0;4.0;6.0;-3.0;23.0;ETHANOL
3386.0;5875.0;10060.0;16615.0;2575.0;3457.0;2853.0;5084.0;8952.0;15200.0;2411.0;3456.0;5.0;8.0;-3.0;24.0;ETHANOL
3404.0;5914.0;10147.0;16687.0;2570.0;3414.0;2777.0;4948.0;8638.0;14675.0;2321.0;3270.0;4.0;14.0;-3.0;28.0;ETHANOL
3117.0;5411.0;9258.0;15389.0;2360.0;3146.0;2536.0;4527.0;7901.0;13424.0;2148.0;3102.0;7.0;9.0;-2.0;21.0;ETHANOL
3048.0;5349.0;9249.0;15697.0;2488.0;3429.0;2950.0;5256.0;9282.0;15930.0;2555.0;3688.0;4.0;4.0;0.0;22.0;ETHANOL
3752.0;6576.0;11310.0;18308.0;2909.0;3895.0;3379.0;6004.0;10464.0;17568.0;2799.0;3946.0;3.0;3.0;-4.0;27.0;ETHANOL
4009.0;6915.0;11869.0;18790.0;2999.0;3900.0;3253.0;5782.0;9974.0;16864.0;2686.0;3774.0;2.0;4.0;-4.0;23.0;ETHANOL
3746.0;6479.0;11033.0;17779.0;2778.0;3708.0;3076.0;5481.0;9590.0;16293.0;2592.0;3700.0;2.0;8.0;-4.0;32.0;ETHANOL
3719.0;6469.0;11066.0;17875.0;2795.0;3686.0;3076.0;5473.0;9536.0;16073.0;2540.0;3603.0;2.0;4.0;-9.0;29.0;ETHANOL
3606.0;6272.0;10851.0;17777.0;2819.0;3783.0;3200.0;5672.0;9877.0;16587.0;2607.0;3646.0;2.0;3.0;-9.0;20.0;ETHANOL
3632.0;6323.0;10936.0;17845.0;2828.0;3804.0;3212.0;5727.0;10018.0;16896.0;2665.0;3725.0;2.0;4.0;-9.0;29.0;ETHANOL
3711.0;6427.0;10917.0;17642.0;2742.0;3591.0;2897.0;5145.0;8970.0;15248.0;2419.0;3447.0;2.0;5.0;-4.0;22.0;ETHANOL
3367.0;5822.0;9988.0;16506.0;2553.0;3439.0;2862.0;5111.0;8909.0;15159.0;2410.0;3466.0;2.0;6.0;-4.0;24.0;ETHANOL
3457.0;6017.0;10282.0;16950.0;2619.0;3502.0;2893.0;5134.0;8986.0;15087.0;2417.0;3437.0;-1.0;5.0;-4.0;15.0;ETHANOL
3426.0;5959.0;10247.0;17076.0;2696.0;3654.0;3133.0;5545.0;9730.0;16416.0;2611.0;3725.0;-1.0;6.0;-4.0;21.0;ETHANOL
3700.0;6430.0;10978.0;17790.0;2781.0;3674.0;3069.0;5439.0;9547.0;16167.0;2573.0;3592.0;2.0;6.0;-4.0;14.0;ETHANOL
3633.0;6296.0;10693.0;17482.0;2735.0;3639.0;3061.0;5417.0;9496.0;16002.0;2535.0;3581.0;4.0;4.0;-4.0;14.0;ETHANOL
3514.0;6124.0;10472.0;17144.0;2637.0;3487.0;2901.0;5119.0;8927.0;15073.0;2393.0;3385.0;2.0;6.0;-8.0;16.0;ETHANOL
3296.0;5712.0;9745.0;16053.0;2471.0;3300.0;2685.0;4782.0;8351.0;14171.0;2260.0;3236.0;3.0;4.0;-4.0;21.0;ETHANOL
3117.0;5426.0;9233.0;15393.0;2374.0;3196.0;2571.0;4606.0;8063.0;13627.0;2192.0;3151.0;2.0;5.0;-4.0;18.0;ETHANOL
3100.0;5460.0;9501.0;15871.0;2481.0;3398.0;2835.0;5077.0;8948.0;15209.0;2448.0;3506.0;3.0;5.0;-3.0;16.0;ETHANOL
3528.0;6145.0;10528.0;17281.0;2694.0;3583.0;2982.0;5311.0;9299.0;15765.0;2509.0;3588.0;3.0;7.0;-3.0;19.0;ETHANOL
3601.0;6235.0;10733.0;17532.0;2748.0;3656.0;3090.0;5501.0;9600.0;16219.0;2582.0;3636.0;7.0;6.0;-2.0;21.0;ETHANOL
3614.0;6207.0;10540.0;17167.0;2645.0;3469.0;2806.0;4966.0;8703.0;14788.0;2347.0;3342.0;4.0;6.0;-2.0;22.0;ETHANOL
3257.0;5628.0;9633.0;15894.0;2436.0;3256.0;2600.0;4629.0;8151.0;13852.0;2212.0;3186.0;5.0;9.0;-2.0;21.0;ETHANOL
3111.0;5383.0;9273.0;15426.0;2389.0;3213.0;2625.0;4690.0;8214.0;14050.0;2231.0;3246.0;4.0;5.0;-4.0;15.0;ETHANOL
3187.0;5580.0;9538.0;15922.0;2473.0;3324.0;2761.0;4914.0;8665.0;14756.0;2348.0;3375.0;5.0;0.0;-4.0;25.0;ETHANOL
3301.0;5745.0;9820.0;16228.0;2491.0;3330.0;2707.0;4841.0;8432.0;14335.0;2289.0;3289.0;1.0;0.0;-4.0;31.0;ETHANOL
3165.0;5482.0;9447.0;15704.0;2422.0;3229.0;2680.0;4771.0;8352.0;14221.0;2243.0;3245.0;7.0;0.0;-4.0;29.0;ETHANOL
3211.0;5597.0;9710.0;16272.0;2541.0;3467.0;2908.0;5207.0;9166.0;15688.0;2513.0;3559.0;6.0;5.0;-1.0;29.0;ETHANOL
3604.0;6232.0;10664.0;17397.0;2689.0;3518.0;2876.0;5113.0;8925.0;15149.0;2396.0;3371.0;6.0;7.0;-1.0;25.0;ETHANOL
3256.0;5666.0;9734.0;16169.0;2507.0;3367.0;2734.0;4895.0;8610.0;14650.0;2342.0;3320.0;10.0;5.0;-1.0;32.0;ETHANOL
3234.0;5617.0;9614.0;15913.0;2461.0;3302.0;2674.0;4780.0;8381.0;14257.0;2275.0;3266.0;7.0;5.0;0.0;24.0;ETHANOL
3164.0;5502.0;9475.0;15788.0;2434.0;3274.0;2656.0;4753.0;8377.0;14271.0;2266.0;3250.0;7.0;2.0;0.0;22.0;ETHANOL
3164.0;5501.0;9442.0;15707.0;2409.0;3220.0;2611.0;4685.0;8236.0;13965.0;2237.0;3218.0;7.0;2.0;0.0;27.0;ETHANOL
3124.0;5431.0;9326.0;15504.0;2401.0;3231.0;2629.0;4691.0;8276.0;14008.0;2265.0;3261.0;6.0;8.0;0.0;22.0;ETHANOL
3241.0;5672.0;9809.0;16409.0;2579.0;3496.0;2933.0;5210.0;9139.0;15556.0;2475.0;3521.0;6.0;6.0;-1.0;19.0;ETHANOL
3520.0;6094.0;10444.0;17141.0;2640.0;3509.0;2887.0;5140.0;9042.0;15325.0;2432.0;3484.0;2.0;8.0;-1.0;28.0;ETHANOL
3493.0;6078.0;10470.0;17276.0;2712.0;3643.0;3126.0;5556.0;9777.0;16749.0;2686.0;3873.0;2.0;6.0;-1.0;15.0;ETHANOL
4005.0;6941.0;11971.0;18921.0;3012.0;3946.0;3330.0;5860.0;10229.0;17243.0;2740.0;3880.0;5.0;4.0;-3.0;22.0;ETHANOL
3798.0;6544.0;11123.0;17929.0;2798.0;3683.0;3068.0;5421.0;9479.0;16009.0;2526.0;3625.0;-1.0;6.0;-6.0;26.0;ETHANOL
3625.0;6331.0;10821.0;17582.0;2733.0;3604.0;2961.0;5249.0;9199.0;15568.0;2468.0;3508.0;0.0;7.0;-6.0;22.0;ETHANOL
3414.0;5901.0;10094.0;16678.0;2569.0;3406.0;2770.0;4947.0;8623.0;14624.0;2320.0;3318.0;4.0;6.0;-4.0;18.0;ETHANOL
3232.0;5600.0;9601.0;15837.0;2441.0;3266.0;2649.0;4710.0;8254.0;14012.0;2235.0;3214.0;4.0;5.0;-4.0;17.0;ETHANOL
3160.0;5556.0;9588.0;16043.0;2539.0;3459.0;2923.0;5192.0;9228.0;15766.0;2529.0;3611.0;4.0;8.0;-4.0;18.0;ETHANOL
3683.0;6402.0;10963.0;17779.0;2790.0;3689.0;3066.0;5441.0;9469.0;16087.0;2557.0;3598.0;5.0;5.0;-2.0;29.0;ETHANOL
3481.0;6020.0;10237.0;16769.0;2568.0;3407.0;2722.0;4860.0;8503.0;14451.0;2292.0;3301.0;11.0;5.0;3.0;27.0;ETHANOL
3183.0;5535.0;9465.0;15669.0;2424.0;3263.0;2649.0;4740.0;8329.0;14139.0;2267.0;3261.0;11.0;5.0;3.0;27.0;ETHANOL
3183.0;5535.0;9572.0;15875.0;2442.0;3275.0;2668.0;4766.0;8315.0;14175.0;2240.0;3209.0;7.0;5.0;-1.0;29.0;ETHANOL
3113.0;5429.0;9302.0;15467.0;2394.0;3228.0;2644.0;4717.0;8294.0;14120.0;2258.0;3245.0;7.0;5.0;-2.0;21.0;ETHANOL
3208.0;5610.0;9703.0;16136.0;2516.0;3396.0;2785.0;4994.0;8780.0;14930.0;2387.0;3368.0;7.0;5.0;-2.0;24.0;ETHANOL
3375.0;5832.0;9977.0;16400.0;2509.0;3333.0;2714.0;4812.0;8353.0;14235.0;2271.0;3252.0;7.0;5.0;-4.0;21.0;ETHANOL
3189.0;5554.0;9503.0;15731.0;2416.0;3261.0;2627.0;4691.0;8189.0;13945.0;2220.0;3186.0;7.0;4.0;-2.0;28.0;ETHANOL
3085.0;5364.0;9194.0;15292.0;2364.0;3172.0;2545.0;4548.0;7971.0;13566.0;2173.0;3118.0;7.0;9.0;-2.0;26.0;ETHANOL
3008.0;5246.0;8948.0;14915.0;2305.0;3108.0;2494.0;4463.0;7833.0;13366.0;2144.0;3087.0;3.0;6.0;-3.0;25.0;ETHANOL
2990.0;5210.0;8973.0;14926.0;2314.0;3099.0;2514.0;4490.0;7911.0;13427.0;2151.0;3099.0;0.0;10.0;-3.0;20.0;ETHANOL
2996.0;5234.0;8991.0;15029.0;2324.0;3136.0;2536.0;4526.0;7968.0;13526.0;2160.0;3106.0;0.0;11.0;-3.0;22.0;ETHANOL
3003.0;5253.0;9061.0;15121.0;2345.0;3162.0;2594.0;4639.0;8094.0;13806.0;2204.0;3190.0;0.0;3.0;-3.0;24.0;ETHANOL
3131.0;5466.0;9381.0;15637.0;2428.0;3266.0;2693.0;4782.0;8443.0;14391.0;2313.0;3312.0;2.0;4.0;-3.0;27.0;ETHANOL
3293.0;5722.0;9882.0;16393.0;2528.0;3394.0;2801.0;5022.0;8761.0;14921.0;2379.0;3406.0;4.0;4.0;0.0;35.0;ETHANOL
3380.0;5912.0;10152.0;16793.0;2630.0;3524.0;2935.0;5257.0;9227.0;15734.0;2504.0;3553.0;13.0;5.0;5.0;27.0;ETHANOL
3567.0;6175.0;10591.0;17288.0;2692.0;3581.0;2987.0;5294.0;9321.0;15893.0;2531.0;3612.0;8.0;11.0;5.0;29.0;ETHANOL
3644.0;6326.0;10776.0;17553.0;2735.0;3622.0;3005.0;5365.0;9446.0;16073.0;2554.0;3642.0;7.0;9.0;3.0;27.0;ETHANOL
3604.0;6242.0;10614.0;17464.0;2714.0;3599.0;2988.0;5313.0;9335.0;15833.0;2528.0;3614.0;11.0;9.0;3.0;22.0;ETHANOL
3600.0;6252.0;10716.0;17546.0;2723.0;3596.0;2949.0;5252.0;9142.0;15462.0;2459.0;3501.0;7.0;5.0;1.0;22.0;ETHANOL
3481.0;6083.0;10566.0;17523.0;2776.0;3775.0;3236.0;5798.0;10169.0;17221.0;2762.0;3899.0;5.0;9.0;-5.0;16.0;ETHANOL
4024.0;6931.0;11912.0;18808.0;2982.0;3934.0;3292.0;5871.0;10233.0;17278.0;2735.0;3870.0;5.0;6.0;-5.0;29.0;ETHANOL
3863.0;6654.0;11306.0;18130.0;2840.0;3741.0;3127.0;5546.0;9664.0;16351.0;2585.0;3654.0;5.0;6.0;-8.0;23.0;ETHANOL
3623.0;6300.0;10770.0;17417.0;2711.0;3591.0;2948.0;5228.0;9157.0;15552.0;2470.0;3505.0;1.0;5.0;-6.0;38.0;ETHANOL
3450.0;6002.0;10267.0;16957.0;2658.0;3575.0;3005.0;5377.0;9390.0;15939.0;2548.0;3643.0;5.0;4.0;-6.0;33.0;ETHANOL
3679.0;6364.0;10883.0;17680.0;2743.0;3605.0;3013.0;5370.0;9334.0;15793.0;2505.0;3577.0;0.0;4.0;-9.0;26.0;ETHANOL
3582.0;6214.0;10696.0;17614.0;2756.0;3720.0;3201.0;5641.0;9878.0;16697.0;2660.0;3765.0;0.0;4.0;-9.0;22.0;ETHANOL
3885.0;6716.0;11510.0;18478.0;2930.0;3882.0;3258.0;5806.0;10129.0;17056.0;2686.0;3758.0;1.0;4.0;-6.0;22.0;ETHANOL
3730.0;6423.0;10861.0;17600.0;2709.0;3549.0;2886.0;5145.0;8978.0;15174.0;2397.0;3432.0;7.0;8.0;-5.0;15.0;ETHANOL
3343.0;5788.0;9906.0;16329.0;2504.0;3352.0;2700.0;4824.0;8453.0;14351.0;2280.0;3264.0;2.0;12.0;-3.0;29.0;ETHANOL
3128.0;5457.0;9337.0;15534.0;2412.0;3238.0;2620.0;4675.0;8204.0;13955.0;2227.0;3204.0;7.0;8.0;2.0;27.0;ETHANOL
3160.0;5519.0;9492.0;15861.0;2468.0;3353.0;2806.0;5014.0;8860.0;15078.0;2408.0;3439.0;10.0;8.0;2.0;25.0;ETHANOL
3459.0;6009.0;10318.0;16937.0;2636.0;3525.0;2976.0;5310.0;9251.0;15720.0;2508.0;3562.0;11.0;10.0;2.0;25.0;ETHANOL
3566.0;6169.0;10568.0;17287.0;2689.0;3568.0;2954.0;5275.0;9317.0;15828.0;2528.0;3615.0;10.0;3.0;0.0;22.0;ETHANOL
3604.0;6283.0;10818.0;17649.0;2767.0;3674.0;3080.0;5464.0;9605.0;16198.0;2577.0;3652.0;10.0;5.0;1.0;26.0;ETHANOL
3656.0;6342.0;10866.0;17725.0;2782.0;3720.0;3172.0;5645.0;9871.0;16793.0;2688.0;3831.0;4.0;3.0;0.0;31.0;ETHANOL
3921.0;6811.0;11650.0;18576.0;2938.0;3857.0;3284.0;5804.0;10149.0;17117.0;2707.0;3835.0;2.0;7.0;-2.0;26.0;ETHANOL
3849.0;6640.0;11380.0;18224.0;2861.0;3762.0;3135.0;5575.0;9702.0;16414.0;2610.0;3720.0;1.0;4.0;-3.0;21.0;ETHANOL
3729.0;6465.0;11101.0;18049.0;2878.0;3839.0;3227.0;5722.0;9964.0;16902.0;2673.0;3761.0;1.0;7.0;-3.0;18.0;ETHANOL
3723.0;6411.0;10956.0;17708.0;2752.0;3627.0;3007.0;5365.0;9365.0;15876.0;2521.0;3569.0;2.0;4.0;-3.0;19.0;ETHANOL
3532.0;6136.0;10486.0;17229.0;2676.0;3569.0;2977.0;5317.0;9346.0;15810.0;2505.0;3565.0;0.0;8.0;-3.0;14.0;ETHANOL
3552.0;6158.0;10520.0;17235.0;2664.0;3540.0;2908.0;5193.0;9114.0;15499.0;2469.0;3516.0;2.0;3.0;-1.0;31.0;ETHANOL
3486.0;6062.0;10365.0;17075.0;2637.0;3488.0;2861.0;5095.0;8889.0;15105.0;2412.0;3469.0;2.0;3.0;-1.0;29.0;ETHANOL
3382.0;5913.0;10095.0;16695.0;2579.0;3443.0;2834.0;5046.0;8850.0;14961.0;2373.0;3375.0;2.0;6.0;-1.0;26.0;ETHANOL
3299.0;5714.0;9751.0;16107.0;2488.0;3356.0;2774.0;4924.0;8645.0;14635.0;2354.0;3376.0;0.0;5.0;-4.0;26.0;ETHANOL
3346.0;5805.0;9880.0;16336.0;2521.0;3366.0;2743.0;4912.0;8587.0;14587.0;2323.0;3319.0;0.0;9.0;-3.0;26.0;ETHANOL
3216.0;5641.0;9772.0;16380.0;2580.0;3499.0;2968.0;5273.0;9272.0;15772.0;2510.0;3565.0;0.0;8.0;-3.0;21.0;ETHANOL
3544.0;6124.0;10460.0;17081.0;2629.0;3472.0;2877.0;5120.0;8893.0;15019.0;2381.0;3377.0;0.0;8.0;-3.0;20.0;ETHANOL
3286.0;5729.0;9847.0;16398.0;2547.0;3410.0;2830.0;5048.0;8877.0;15057.0;2393.0;3392.0;2.0;15.0;-3.0;21.0;ETHANOL
3320.0;5795.0;9960.0;16570.0;2559.0;3431.0;2837.0;5060.0;8867.0;15015.0;2387.0;3403.0;10.0;11.0;-3.0;22.0;ETHANOL
3352.0;5847.0;9985.0;16484.0;2537.0;3351.0;2732.0;4858.0;8563.0;14506.0;2298.0;3298.0;10.0;4.0;-3.0;22.0;ETHANOL
3224.0;5589.0;9595.0;15909.0;2443.0;3286.0;2663.0;4745.0;8317.0;14173.0;2254.0;3224.0;-5.0;4.0;-10.0;27.0;ETHANOL
3153.0;5470.0;9379.0;15568.0;2417.0;3240.0;2619.0;4671.0;8237.0;13991.0;2241.0;3243.0;-5.0;2.0;-10.0;22.0;ETHANOL
3164.0;5530.0;9531.0;15885.0;2451.0;3294.0;2679.0;4807.0;8468.0;14358.0;2305.0;3293.0;-5.0;2.0;-10.0;22.0;ETHANOL
3257.0;5699.0;9847.0;16390.0;2568.0;3450.0;2891.0;5161.0;9042.0;15364.0;2449.0;3469.0;0.0;2.0;-10.0;20.0;ETHANOL
3448.0;5999.0;10238.0;16809.0;2589.0;3439.0;2797.0;4969.0;8739.0;14845.0;2366.0;3373.0;7.0;0.0;-7.0;21.0;ETHANOL
3315.0;5774.0;9836.0;16248.0;2505.0;3332.0;2672.0;4786.0;8432.0;14309.0;2288.0;3275.0;7.0;0.0;-4.0;34.0;ETHANOL
3248.0;5675.0;9758.0;16190.0;2510.0;3365.0;2777.0;4986.0;8769.0;14920.0;2384.0;3435.0;7.0;4.0;-4.0;26.0;ETHANOL
3447.0;6013.0;10363.0;17161.0;2683.0;3626.0;3051.0;5444.0;9618.0;16355.0;2619.0;3723.0;1.0;6.0;-5.0;24.0;ETHANOL
3727.0;6450.0;10990.0;17742.0;2762.0;3629.0;2989.0;5329.0;9335.0;15811.0;2509.0;3567.0;1.0;8.0;-5.0;19.0;ETHANOL
3560.0;6192.0;10604.0;17377.0;2672.0;3574.0;2993.0;5293.0;9323.0;15805.0;2544.0;3642.0;1.0;14.0;-5.0;20.0;ETHANOL
3682.0;6362.0;10934.0;17781.0;2802.0;3732.0;3105.0;5524.0;9726.0;16451.0;2623.0;3745.0;-1.0;8.0;-6.0;23.0;ETHANOL
3774.0;6580.0;11268.0;18182.0;2883.0;3848.0;3317.0;5888.0;10282.0;17344.0;2757.0;3915.0;1.0;8.0;-6.0;29.0;ETHANOL
3977.0;6887.0;11734.0;18658.0;2957.0;3898.0;3317.0;5877.0;10192.0;17173.0;2722.0;3800.0;5.0;7.0;-6.0;23.0;ETHANOL
3798.0;6575.0;11216.0;18092.0;2863.0;3840.0;3277.0;5820.0;10167.0;17257.0;2763.0;3964.0;5.0;10.0;-6.0;15.0;ETHANOL
4091.0;7083.0;12119.0;19046.0;3055.0;4012.0;3426.0;6046.0;10489.0;17761.0;2798.0;3898.0;6.0;6.0;-6.0;21.0;ETHANOL
3918.0;6735.0;11434.0;18211.0;2837.0;3741.0;3089.0;5483.0;9506.0;15998.0;2529.0;3560.0;4.0;10.0;-6.0;22.0;ETHANOL
3552.0;6151.0;10530.0;17342.0;2705.0;3662.0;3089.0;5482.0;9654.0;16374.0;2614.0;3729.0;4.0;9.0;-4.0;21.0;ETHANOL
3797.0;6568.0;11144.0;18101.0;2849.0;3803.0;3232.0;5737.0;10021.0;16967.0;2693.0;3818.0;4.0;7.0;-4.0;21.0;ETHANOL
3895.0;6732.0;11555.0;18524.0;2915.0;3869.0;3301.0;5835.0;10183.0;17067.0;2714.0;3834.0;2.0;7.0;-4.0;24.0;ETHANOL
3867.0;6688.0;11481.0;18411.0;2926.0;3919.0;3360.0;5975.0;10392.0;17655.0;2803.0;3968.0;4.0;10.0;-3.0;23.0;ETHANOL
4085.0;7016.0;11889.0;18711.0;2946.0;3837.0;3218.0;5690.0;9841.0;16563.0;2613.0;3712.0;4.0;4.0;-2.0;21.0;ETHANOL
3698.0;6350.0;10866.0;17550.0;2741.0;3647.0;3042.0;5388.0;9460.0;15994.0;2560.0;3665.0;8.0;6.0;-2.0;23.0;ETHANOL
3691.0;6420.0;11090.0;17957.0;2828.0;3767.0;3262.0;5764.0;10038.0;16926.0;2681.0;3807.0;4.0;4.0;-5.0;29.0;ETHANOL
3759.0;6557.0;11169.0;17974.0;2806.0;3698.0;3065.0;5455.0;9478.0;15983.0;2527.0;3582.0;6.0;7.0;-2.0;27.0;ETHANOL
3535.0;6107.0;10449.0;17129.0;2651.0;3532.0;2957.0;5283.0;9197.0;15618.0;2487.0;3537.0;4.0;6.0;-2.0;29.0;ETHANOL
3561.0;6166.0;10524.0;17196.0;2661.0;3556.0;2946.0;5207.0;9036.0;15343.0;2441.0;3465.0;5.0;5.0;0.0;24.0;ETHANOL
3390.0;5897.0;10097.0;16696.0;2601.0;3501.0;2913.0;5187.0;9088.0;15429.0;2448.0;3501.0;0.0;2.0;0.0;16.0;ETHANOL
3496.0;6040.0;10319.0;16906.0;2611.0;3467.0;2873.0;5089.0;8876.0;15021.0;2387.0;3423.0;0.0;2.0;0.0;27.0;ETHANOL
3374.0;5859.0;10011.0;16528.0;2553.0;3419.0;2812.0;5004.0;8792.0;14898.0;2377.0;3423.0;0.0;2.0;-2.0;24.0;ETHANOL
3372.0;5903.0;10079.0;16718.0;2598.0;3471.0;2886.0;5121.0;9001.0;15232.0;2424.0;3479.0;0.0;1.0;-5.0;19.0;ETHANOL
3420.0;5955.0;10219.0;16790.0;2580.0;3446.0;2860.0;5060.0;8845.0;15005.0;2387.0;3393.0;0.0;1.0;-5.0;17.0;ETHANOL
3350.0;5809.0;9893.0;16332.0;2516.0;3378.0;2769.0;4942.0;8650.0;14680.0;2345.0;3358.0;1.0;6.0;-2.0;19.0;ETHANOL
3327.0;5806.0;9967.0;16470.0;2554.0;3420.0;2860.0;5082.0;8885.0;15104.0;2408.0;3430.0;1.0;11.0;-2.0;33.0;ETHANOL
3381.0;5899.0;10112.0;16704.0;2592.0;3486.0;2897.0;5160.0;9013.0;15256.0;2426.0;3445.0;4.0;6.0;-1.0;31.0;ETHANOL
3374.0;5885.0;10085.0;16601.0;2575.0;3481.0;2856.0;5031.0;8985.0;15218.0;2426.0;3461.0;4.0;9.0;3.0;19.0;ETHANOL
3449.0;6030.0;10349.0;16929.0;2636.0;3514.0;2919.0;5201.0;9093.0;15368.0;2441.0;3472.0;0.0;2.0;-1.0;25.0;ETHANOL
3428.0;5942.0;10198.0;16823.0;2601.0;3478.0;2921.0;5198.0;9117.0;15488.0;2471.0;3546.0;-1.0;2.0;-3.0;25.0;ETHANOL
3641.0;6324.0;10776.0;17521.0;2710.0;3572.0;2939.0;5132.0;9173.0;15561.0;2472.0;3511.0;-1.0;2.0;-2.0;18.0;ETHANOL
3445.0;5968.0;10180.0;16802.0;2587.0;3434.0;2799.0;5005.0;8779.0;14862.0;2370.0;3405.0;-1.0;6.0;-2.0;25.0;ETHANOL
3364.0;5854.0;10049.0;16548.0;2559.0;3420.0;2787.0;4976.0;8712.0;14846.0;2373.0;3395.0;-1.0;12.0;-7.0;27.0;ETHANOL
3391.0;5881.0;10005.0;16589.0;2570.0;3436.0;2850.0;5051.0;8922.0;15141.0;2407.0;3431.0;1.0;8.0;-2.0;25.0;ETHANOL
3408.0;5887.0;10086.0;16599.0;2553.0;3423.0;2780.0;4949.0;8709.0;14814.0;2362.0;3373.0;1.0;8.0;-2.0;22.0;ETHANOL
3352.0;5873.0;10131.0;16843.0;2631.0;3593.0;3054.0;5456.0;9614.0;16286.0;2620.0;3752.0;1.0;4.0;0.0;15.0;ETHANOL
3869.0;6693.0;11333.0;18166.0;2830.0;3721.0;3097.0;5478.0;9568.0;16126.0;2555.0;3618.0;1.0;3.0;-2.0;21.0;ETHANOL
3541.0;6107.0;10476.0;17058.0;2640.0;3522.0;2905.0;5208.0;9075.0;15387.0;2469.0;3536.0;9.0;4.0;0.0;21.0;ETHANOL
3570.0;6170.0;10514.0;17111.0;2638.0;3492.0;2824.0;5035.0;8825.0;14949.0;2377.0;3366.0;11.0;7.0;-2.0;30.0;ETHANOL
3312.0;5766.0;9903.0;16427.0;2558.0;3468.0;2922.0;5217.0;9169.0;15520.0;2476.0;3567.0;11.0;8.0;-2.0;24.0;ETHANOL
3591.0;6261.0;10699.0;17578.0;2766.0;3710.0;3152.0;5601.0;9823.0;16665.0;2644.0;3760.0;6.0;6.0;-4.0;16.0;ETHANOL
3843.0;6641.0;11311.0;18127.0;2839.0;3727.0;3128.0;5558.0;9722.0;16326.0;2597.0;3666.0;-2.0;4.0;-4.0;22.0;ETHANOL
3708.0;6464.0;11121.0;17996.0;2841.0;3800.0;3236.0;5712.0;10017.0;16938.0;2671.0;3816.0;-2.0;4.0;-5.0;20.0;ETHANOL
3775.0;6546.0;11130.0;17892.0;2791.0;3669.0;3041.0;5396.0;9369.0;15866.0;2525.0;3587.0;-2.0;3.0;-10.0;23.0;ETHANOL
3622.0;6252.0;10676.0;17401.0;2693.0;3572.0;2999.0;5311.0;9284.0;15737.0;2496.0;3559.0;5.0;6.0;-10.0;20.0;ETHANOL
3518.0;6119.0;10455.0;17124.0;2665.0;3557.0;2951.0;5245.0;9230.0;15591.0;2472.0;3540.0;5.0;5.0;-10.0;37.0;ETHANOL
3503.0;6089.0;10423.0;17033.0;2633.0;3504.0;2879.0;5134.0;8988.0;15233.0;2419.0;3447.0;5.0;6.0;-10.0;21.0;ETHANOL
3394.0;5938.0;10207.0;16935.0;2653.0;3571.0;3040.0;5412.0;9514.0;16201.0;2575.0;3672.0;5.0;6.0;2.0;21.0;ETHANOL
3722.0;6481.0;11087.0;17947.0;2819.0;3754.0;3199.0;5685.0;9996.0;16850.0;2690.0;3830.0;13.0;7.0;4.0;21.0;ETHANOL
3917.0;6801.0;11594.0;18458.0;2906.0;3834.0;3256.0;5776.0;10044.0;16884.0;2684.0;3786.0;7.0;6.0;3.0;21.0;ETHANOL
3771.0;6518.0;11115.0;17886.0;2814.0;3776.0;3195.0;5688.0;9959.0;16907.0;2688.0;3817.0;9.0;7.0;3.0;16.0;ETHANOL
3792.0;6521.0;11105.0;17839.0;2794.0;3707.0;3070.0;5467.0;9614.0;16271.0;2581.0;3663.0;7.0;5.0;3.0;24.0;ETHANOL
3671.0;6357.0;10843.0;17615.0;2745.0;3624.0;3008.0;5334.0;9330.0;15777.0;2504.0;3579.0;3.0;4.0;2.0;22.0;ETHANOL
3588.0;6261.0;10786.0;17639.0;2775.0;3695.0;3078.0;5465.0;9504.0;16158.0;2558.0;3626.0;3.0;5.0;0.0;20.0;ETHANOL
3590.0;6192.0;10513.0;17117.0;2641.0;3509.0;2868.0;5104.0;8957.0;15162.0;2409.0;3428.0;7.0;4.0;0.0;22.0;ETHANOL
3356.0;5835.0;9959.0;16473.0;2541.0;3414.0;2796.0;4966.0;8697.0;14767.0;2348.0;3353.0;9.0;4.0;0.0;29.0;ETHANOL
3305.0;5753.0;9882.0;16457.0;2557.0;3456.0;2878.0;5057.0;8993.0;15192.0;2430.0;3486.0;2.0;3.0;0.0;26.0;ETHANOL
3516.0;6149.0;10576.0;17370.0;2722.0;3672.0;3125.0;5551.0;9655.0;16299.0;2580.0;3653.0;-3.0;2.0;-7.0;23.0;ETHANOL
3633.0;6277.0;10683.0;17350.0;2685.0;3551.0;2932.0;5220.0;9084.0;15372.0;2449.0;3456.0;-3.0;3.0;-7.0;18.0;ETHANOL
3428.0;5928.0;10133.0;16624.0;2544.0;3411.0;2794.0;4971.0;8740.0;14818.0;2345.0;3371.0;-4.0;2.0;-7.0;20.0;ETHANOL
3311.0;5772.0;9862.0;16422.0;2550.0;3431.0;2841.0;5093.0;8951.0;15233.0;2442.0;3518.0;-3.0;3.0;-5.0;26.0;ETHANOL
3555.0;6198.0;10615.0;17397.0;2722.0;3627.0;3092.0;5523.0;9615.0;16187.0;2571.0;3660.0;-2.0;2.0;-4.0;20.0;ETHANOL
3649.0;6321.0;10810.0;17580.0;2744.0;3648.0;3067.0;5417.0;9469.0;16015.0;2542.0;3628.0;-2.0;3.0;-4.0;27.0;ETHANOL
3634.0;6277.0;10772.0;17529.0;2727.0;3623.0;2991.0;5321.0;9334.0;15756.0;2515.0;3572.0;-2.0;7.0;-4.0;26.0;ETHANOL
3561.0;6133.0;10538.0;17204.0;2687.0;3614.0;3015.0;5341.0;9378.0;15880.0;2521.0;3590.0;-1.0;4.0;-4.0;28.0;ETHANOL
3618.0;6278.0;10772.0;17570.0;2739.0;3664.0;3095.0;5488.0;9606.0;16258.0;2582.0;3664.0;1.0;7.0;-4.0;26.0;ETHANOL
3582.0;6235.0;10678.0;17435.0;2704.0;3598.0;2986.0;5310.0;9295.0;15707.0;2505.0;3561.0;5.0;4.0;-4.0;22.0;ETHANOL
3563.0;6186.0;10553.0;17237.0;2681.0;3564.0;2942.0;5224.0;9153.0;15453.0;2458.0;3494.0;6.0;4.0;-5.0;29.0;ETHANOL
3473.0;6074.0;10483.0;17299.0;2701.0;3605.0;3003.0;5345.0;9319.0;15798.0;2515.0;3605.0;8.0;7.0;-1.0;35.0;ETHANOL
3578.0;6205.0;10590.0;17190.0;2660.0;3529.0;2905.0;5160.0;9020.0;15257.0;2429.0;3449.0;6.0;7.0;-1.0;20.0;ETHANOL
3414.0;5918.0;10104.0;16669.0;2583.0;3441.0;2827.0;5033.0;8836.0;15003.0;2382.0;3421.0;-4.0;7.0;-4.0;32.0;ETHANOL
3378.0;5893.0;10180.0;16893.0;2678.0;3665.0;3179.0;5661.0;9978.0;17088.0;2707.0;3871.0;-4.0;12.0;-4.0;27.0;ETHANOL
4021.0;6968.0;11953.0;18927.0;3041.0;4031.0;3469.0;6168.0;10771.0;18185.0;2875.0;4057.0;6.0;8.0;-3.0;19.0;ETHANOL
4095.0;7086.0;12142.0;19097.0;3077.0;4049.0;3456.0;6135.0;10694.0;18096.0;2857.0;4042.0;9.0;5.0;-3.0;25.0;ETHANOL
4103.0;7054.0;11955.0;18812.0;2963.0;3851.0;3211.0;5700.0;9912.0;16771.0;2652.0;3750.0;12.0;6.0;4.0;25.0;ETHANOL
3783.0;6546.0;11237.0;18153.0;2868.0;3834.0;3251.0;5767.0;10068.0;16993.0;2691.0;3787.0;9.0;5.0;9.0;28.0;ETHANOL
3869.0;6657.0;11332.0;18163.0;2833.0;3749.0;3140.0;5566.0;9708.0;16356.0;2594.0;3698.0;11.0;4.0;8.0;14.0;ETHANOL
3719.0;6457.0;11051.0;18033.0;2860.0;3805.0;3216.0;5701.0;10004.0;16927.0;2682.0;3816.0;5.0;6.0;6.0;17.0;ETHANOL
3882.0;6739.0;11529.0;18377.0;2905.0;3840.0;3259.0;5775.0;10108.0;17071.0;2702.0;3845.0;1.0;4.0;6.0;19.0;ETHANOL
3964.0;6876.0;11753.0;18650.0;2976.0;3947.0;3360.0;5964.0;10369.0;17562.0;2776.0;3953.0;1.0;5.0;0.0;23.0;ETHANOL
4014.0;6926.0;11749.0;18554.0;2926.0;3826.0;3203.0;5663.0;9890.0;16674.0;2644.0;3739.0;1.0;9.0;-5.0;19.0;ETHANOL
3725.0;6454.0;10992.0;17734.0;2771.0;3687.0;3113.0;5531.0;9628.0;16195.0;2565.0;3629.0;1.0;8.0;-5.0;29.0;ETHANOL
3608.0;6253.0;10689.0;17365.0;2696.0;3608.0;3022.0;5347.0;9334.0;15794.0;2496.0;3567.0;2.0;8.0;-1.0;30.0;ETHANOL
3524.0;6117.0;10384.0;16998.0;2637.0;3491.0;2899.0;5179.0;8989.0;15323.0;2436.0;3468.0;2.0;8.0;0.0;33.0;ETHANOL
3489.0;6036.0;10340.0;16947.0;2624.0;3508.0;2938.0;5210.0;9119.0;15488.0;2460.0;3493.0;2.0;6.0;-1.0;25.0;ETHANOL
3461.0;6005.0;10196.0;16785.0;2594.0;3461.0;2844.0;5084.0;8900.0;14867.0;2399.0;3415.0;4.0;7.0;-1.0;18.0;ETHANOL
3407.0;5896.0;10046.0;16616.0;2566.0;3456.0;2852.0;5077.0;8896.0;15077.0;2398.0;3409.0;4.0;6.0;-1.0;19.0;ETHANOL
3405.0;5923.0;10087.0;16641.0;2583.0;3467.0;2890.0;5161.0;9031.0;15309.0;2452.0;3510.0;10.0;5.0;-4.0;25.0;ETHANOL
3499.0;6075.0;10338.0;16971.0;2624.0;3482.0;2907.0;5166.0;9033.0;15287.0;2423.0;3476.0;9.0;6.0;-4.0;31.0;ETHANOL
3411.0;5927.0;10134.0;16761.0;2591.0;3433.0;2856.0;5088.0;8866.0;15034.0;2387.0;3408.0;6.0;8.0;-4.0;18.0;ETHANOL
3389.0;5900.0;10057.0;16492.0;2554.0;3420.0;2842.0;5049.0;8798.0;14910.0;2381.0;3400.0;6.0;8.0;-1.0;27.0;ETHANOL
3351.0;5840.0;10060.0;16715.0;2601.0;3518.0;2972.0;5277.0;9323.0;15845.0;2533.0;3609.0;1.0;10.0;-1.0;20.0;ETHANOL
3634.0;6390.0;10936.0;17701.0;2766.0;3673.0;3074.0;5473.0;9557.0;16159.0;2566.0;3636.0;4.0;8.0;0.0;29.0;ETHANOL
3666.0;6373.0;10933.0;17709.0;2755.0;3573.0;2947.0;5209.0;9219.0;15691.0;2493.0;3526.0;2.0;7.0;0.0;21.0;ETHANOL
3511.0;6102.0;10389.0;17024.0;2631.0;3509.0;2917.0;5185.0;9020.0;15293.0;2425.0;3467.0;2.0;6.0;-1.0;17.0;ETHANOL
3449.0;6002.0;10352.0;17212.0;2722.0;3720.0;3187.0;5693.0;10032.0;17031.0;2711.0;3892.0;4.0;6.0;1.0;27.0;ETHANOL
3957.0;6850.0;11706.0;18638.0;2948.0;3860.0;3264.0;5809.0;10155.0;17148.0;2732.0;3906.0;2.0;4.0;1.0;24.0;ETHANOL
4014.0;6980.0;11922.0;18915.0;3017.0;4003.0;3438.0;6087.0;10609.0;17823.0;2828.0;4000.0;4.0;4.0;0.0;16.0;ETHANOL
4047.0;7039.0;12080.0;18942.0;3012.0;3917.0;3269.0;5784.0;10065.0;16997.0;2679.0;3795.0;2.0;4.0;-7.0;27.0;ETHANOL
3771.0;6505.0;11094.0;17889.0;2801.0;3732.0;3128.0;5564.0;9722.0;16443.0;2610.0;3742.0;0.0;4.0;0.0;24.0;ETHANOL
3735.0;6474.0;11069.0;17918.0;2801.0;3738.0;3121.0;5545.0;9632.0;16325.0;2597.0;3676.0;0.0;4.0;-5.0;22.0;ETHANOL
3682.0;6401.0;10969.0;17785.0;2787.0;3716.0;3124.0;5599.0;9792.0;16523.0;2634.0;3773.0;0.0;6.0;0.0;15.0;ETHANOL
3826.0;6668.0;11423.0;18324.0;2906.0;3865.0;3372.0;5945.0;10386.0;17467.0;2773.0;3927.0;4.0;6.0;-5.0;20.0;ETHANOL
3976.0;6872.0;11682.0;18546.0;2922.0;3823.0;3221.0;5699.0;9933.0;16763.0;2643.0;3771.0;15.0;8.0;0.0;26.0;ETHANOL
3740.0;6465.0;11022.0;17793.0;2767.0;3657.0;3049.0;5410.0;9451.0;15943.0;2528.0;3589.0;10.0;15.0;-5.0;29.0;ETHANOL
3600.0;6228.0;10722.0;17520.0;2758.0;3683.0;3102.0;5533.0;9724.0;16386.0;2588.0;3661.0;8.0;14.0;-1.0;32.0;ETHANOL
3680.0;6382.0;10907.0;17736.0;2778.0;3732.0;3180.0;5640.0;9810.0;16492.0;2629.0;3745.0;8.0;9.0;-1.0;18.0;ETHANOL
3793.0;6594.0;11277.0;18187.0;2859.0;3784.0;3198.0;5714.0;9976.0;16858.0;2679.0;3817.0;2.0;7.0;-1.0;13.0;ETHANOL
3907.0;6764.0;11546.0;18369.0;2892.0;3807.0;3211.0;5697.0;9911.0;16745.0;2661.0;3748.0;-3.0;7.0;-4.0;18.0;ETHANOL
3774.0;6548.0;11216.0;18043.0;2836.0;3767.0;3216.0;5701.0;9950.0;16788.0;2652.0;3769.0;-3.0;6.0;-4.0;13.0;ETHANOL
3792.0;6582.0;11252.0;18178.0;2873.0;3807.0;3244.0;5742.0;9979.0;16901.0;2670.0;3771.0;-3.0;7.0;-9.0;27.0;ETHANOL
3793.0;6563.0;11168.0;17948.0;2801.0;3724.0;3105.0;5496.0;9577.0;16163.0;2564.0;3642.0;-3.0;8.0;-9.0;21.0;ETHANOL
3619.0;6266.0;10696.0;17407.0;2730.0;3654.0;3076.0;5454.0;9518.0;16081.0;2565.0;3675.0;-1.0;10.0;-4.0;18.0;ETHANOL
3754.0;6503.0;11135.0;18029.0;2845.0;3790.0;3247.0;5733.0;9978.0;16827.0;2666.0;3788.0;-1.0;8.0;-11.0;34.0;ETHANOL
3828.0;6599.0;11200.0;17996.0;2799.0;3712.0;3108.0;5505.0;9569.0;16103.0;2548.0;3617.0;1.0;13.0;-2.0;24.0;ETHANOL
3623.0;6291.0;10730.0;17523.0;2754.0;3674.0;3126.0;5545.0;9636.0;16339.0;2599.0;3708.0;6.0;7.0;0.0;25.0;ETHANOL
3725.0;6477.0;11101.0;17951.0;2815.0;3729.0;3174.0;5648.0;9837.0;16522.0;2625.0;3712.0;1.0;7.0;-2.0;28.0;ETHANOL
3736.0;6457.0;11025.0;17696.0;2756.0;3624.0;2994.0;5314.0;9284.0;15692.0;2497.0;3565.0;-2.0;7.0;-11.0;24.0;ETHANOL
3596.0;6236.0;10699.0;17514.0;2743.0;3686.0;3074.0;5400.0;9593.0;16192.0;2559.0;3655.0;1.0;12.0;-4.0;19.0;ETHANOL
3683.0;6410.0;10951.0;17697.0;2770.0;3653.0;3045.0;5434.0;9500.0;16003.0;2538.0;3630.0;1.0;10.0;-4.0;25.0;ETHANOL
3552.0;6173.0;10610.0;17260.0;2687.0;3553.0;2942.0;5251.0;9208.0;15549.0;2484.0;3529.0;2.0;10.0;-4.0;18.0;ETHANOL
3508.0;6080.0;10404.0;16976.0;2639.0;3548.0;2938.0;5219.0;9156.0;15506.0;2472.0;3521.0;2.0;3.0;-3.0;22.0;ETHANOL
3494.0;6076.0;10402.0;17145.0;2675.0;3577.0;3043.0;5407.0;9470.0;16025.0;2555.0;3642.0;9.0;1.0;-2.0;28.0;ETHANOL
3661.0;6347.0;10866.0;17632.0;2762.0;3682.0;3075.0;5493.0;9602.0;16199.0;2564.0;3642.0;6.0;3.0;-2.0;20.0;ETHANOL
3653.0;6329.0;10837.0;17545.0;2732.0;3641.0;3043.0;5399.0;9442.0;15952.0;2517.0;3609.0;9.0;6.0;-3.0;25.0;ETHANOL
3580.0;6183.0;10532.0;17208.0;2673.0;3569.0;2950.0;5259.0;9226.0;15537.0;2473.0;3539.0;8.0;12.0;-2.0;26.0;ETHANOL
3515.0;6104.0;10500.0;17204.0;2685.0;3603.0;3032.0;5374.0;9468.0;16189.0;2583.0;3674.0;8.0;6.0;-2.0;19.0;ETHANOL
3728.0;6452.0;11151.0;17996.0;2842.0;3811.0;3238.0;5760.0;10104.0;17024.0;2712.0;3858.0;-1.0;8.0;-3.0;17.0;ETHANOL
3883.0;6724.0;11464.0;18287.0;2872.0;3791.0;3216.0;5710.0;9947.0;16803.0;2662.0;3760.0;8.0;7.0;-1.0;28.0;ETHANOL
3807.0;6596.0;11203.0;18056.0;2836.0;3772.0;3222.0;5681.0;10013.0;16854.0;2673.0;3789.0;3.0;12.0;-1.0;18.0;ETHANOL
3936.0;6843.0;11829.0;18823.0;3040.0;4097.0;3567.0;6334.0;11038.0;18734.0;2966.0;4223.0;-1.0;7.0;-1.0;15.0;ETHANOL
4375.0;7561.0;12883.0;19729.0;3220.0;4237.0;3695.0;6519.0;11251.0;18911.0;2983.0;4200.0;-3.0;9.0;-8.0;14.0;ETHANOL
4271.0;7326.0;12397.0;19263.0;3086.0;4054.0;3478.0;6122.0;10663.0;17897.0;2817.0;3953.0;3.0;7.0;-1.0;16.0;ETHANOL
3993.0;6893.0;11763.0;18618.0;2953.0;3882.0;3279.0;5787.0;10063.0;17039.0;2685.0;3833.0;2.0;8.0;-1.0;18.0;ETHANOL
3863.0;6675.0;11348.0;18153.0;2850.0;3780.0;3178.0;5614.0;9800.0;16552.0;2607.0;3714.0;2.0;7.0;0.0;19.0;ETHANOL
3720.0;6454.0;11049.0;17822.0;2791.0;3736.0;3171.0;5596.0;9719.0;16452.0;2610.0;3713.0;9.0;12.0;0.0;33.0;ETHANOL
3728.0;6476.0;11039.0;17782.0;2775.0;3700.0;3032.0;5485.0;9570.0;16137.0;2561.0;3643.0;10.0;9.0;3.0;22.0;ETHANOL
3638.0;6315.0;10765.0;17564.0;2732.0;3618.0;3053.0;5412.0;9420.0;15902.0;2534.0;3617.0;9.0;9.0;0.0;25.0;ETHANOL
3612.0;6249.0;10692.0;17367.0;2698.0;3585.0;2990.0;5309.0;9309.0;15670.0;2476.0;3544.0;8.0;11.0;0.0;24.0;ETHANOL
3547.0;6152.0;10587.0;17410.0;2713.0;3650.0;3050.0;5410.0;9455.0;15892.0;2526.0;3586.0;6.0;1.0;-1.0;20.0;ETHANOL
3613.0;6270.0;10783.0;17552.0;2750.0;3674.0;3114.0;5510.0;9653.0;16292.0;2593.0;3664.0;8.0;1.0;5.0;29.0;ETHANOL
3759.0;6517.0;11154.0;17980.0;2822.0;3718.0;3134.0;5476.0;9679.0;16301.0;2584.0;3656.0;8.0;1.0;-1.0;18.0;ETHANOL
3643.0;6303.0;10735.0;17453.0;2707.0;3578.0;2980.0;5300.0;9302.0;15746.0;2497.0;3560.0;10.0;1.0;-1.0;21.0;ETHANOL
3579.0;6247.0;10689.0;17489.0;2740.0;3681.0;3119.0;5530.0;9661.0;16186.0;2589.0;3675.0;11.0;2.0;-5.0;29.0;ETHANOL
3676.0;6331.0;10808.0;17573.0;2735.0;3626.0;3039.0;5388.0;9398.0;15820.0;2514.0;3529.0;5.0;2.0;-5.0;17.0;ETHANOL
3607.0;6219.0;10842.0;17651.0;2773.0;3738.0;3191.0;5669.0;9909.0;16789.0;2680.0;3799.0;5.0;2.0;-5.0;16.0;ETHANOL
3879.0;6745.0;11498.0;18395.0;2910.0;3876.0;3309.0;5874.0;10236.0;17406.0;2762.0;3913.0;5.0;2.0;-8.0;26.0;ETHANOL
3991.0;6912.0;11850.0;18790.0;3022.0;4011.0;3494.0;6147.0;10631.0;18153.0;2863.0;4049.0;6.0;3.0;-8.0;35.0;ETHANOL
4160.0;7159.0;12207.0;19061.0;3049.0;4008.0;3456.0;6090.0;10585.0;17784.0;2811.0;4005.0;5.0;2.0;-3.0;23.0;ETHANOL
4101.0;7067.0;12039.0;18992.0;3054.0;4042.0;3528.0;6261.0;10890.0;18386.0;2924.0;4109.0;5.0;5.0;-3.0;24.0;ETHANOL
4280.0;7453.0;12758.0;19612.0;3214.0;4224.0;3691.0;6527.0;11333.0;19103.0;3015.0;4241.0;3.0;9.0;-3.0;20.0;ETHANOL
4433.0;7668.0;12957.0;19684.0;3201.0;4173.0;3590.0;6316.0;10953.0;18476.0;2909.0;4096.0;3.0;6.0;-3.0;26.0;ETHANOL
4160.0;7165.0;12190.0;19085.0;3042.0;4014.0;3409.0;6020.0;10466.0;17534.0;2772.0;3918.0;3.0;6.0;-1.0;20.0;ETHANOL
3924.0;6785.0;11535.0;18397.0;2895.0;3852.0;3241.0;5780.0;10022.0;16814.0;2673.0;3806.0;6.0;9.0;-1.0;18.0;ETHANOL
3828.0;6648.0;11250.0;18017.0;2837.0;3766.0;3207.0;5649.0;9809.0;16587.0;2623.0;3734.0;11.0;12.0;-1.0;20.0;ETHANOL
3766.0;6526.0;11065.0;17937.0;2810.0;3761.0;3193.0;5659.0;9901.0;16799.0;2679.0;3823.0;6.0;6.0;-1.0;16.0;ETHANOL
3860.0;6672.0;11361.0;18190.0;2850.0;3798.0;3165.0;5756.0;9983.0;16946.0;2689.0;3827.0;2.0;8.0;-2.0;23.0;ETHANOL
3927.0;6819.0;11664.0;18494.0;2950.0;3935.0;3397.0;6006.0;10437.0;17640.0;2774.0;3942.0;2.0;7.0;-2.0;29.0;ETHANOL
3997.0;6900.0;11697.0;18535.0;2930.0;3856.0;3310.0;5817.0;10140.0;17013.0;2682.0;3802.0;2.0;7.0;-3.0;16.0;ETHANOL
3832.0;6651.0;11286.0;18061.0;2830.0;3747.0;3166.0;5638.0;9829.0;16535.0;2607.0;3725.0;2.0;3.0;-3.0;19.0;ETHANOL
3773.0;6537.0;11170.0;18037.0;2841.0;3782.0;3246.0;5710.0;9933.0;16801.0;2663.0;3769.0;7.0;3.0;-2.0;28.0;ETHANOL
3808.0;6566.0;11220.0;18221.0;2875.0;3847.0;3317.0;5886.0;10246.0;17226.0;2735.0;3869.0;5.0;4.0;-3.0;18.0;ETHANOL
3879.0;6740.0;11492.0;18322.0;2895.0;3846.0;3257.0;5844.0;10190.0;17078.0;2716.0;3861.0;5.0;4.0;-5.0;20.0;ETHANOL
3942.0;6791.0;11472.0;18261.0;2869.0;3764.0;3198.0;5627.0;9809.0;16485.0;2627.0;3737.0;5.0;5.0;-5.0;17.0;ETHANOL
3785.0;6553.0;11107.0;17907.0;2789.0;3720.0;3149.0;5569.0;9713.0;16454.0;2583.0;3682.0;2.0;5.0;-5.0;20.0;ETHANOL
3695.0;6405.0;10959.0;17734.0;2772.0;3661.0;3077.0;5481.0;9563.0;16085.0;2540.0;3623.0;2.0;8.0;-5.0;13.0;ETHANOL
3675.0;6410.0;10991.0;17865.0;2825.0;3798.0;3302.0;5848.0;10237.0;17300.0;2740.0;3922.0;2.0;2.0;0.0;13.0;ETHANOL
4021.0;7006.0;12052.0;18979.0;3073.0;4096.0;3612.0;6406.0;11178.0;18923.0;2989.0;4249.0;10.0;2.0;0.0;13.0;ETHANOL
4505.0;7821.0;13337.0;20024.0;3370.0;4437.0;3949.0;6997.0;12130.0;20304.0;3216.0;4507.0;8.0;3.0;0.0;24.0;ETHANOL
4791.0;8221.0;13809.0;20358.0;3362.0;4393.0;3841.0;6754.0;11723.0;19530.0;3060.0;4305.0;8.0;3.0;0.0;19.0;ETHANOL
4461.0;7690.0;12954.0;19779.0;3226.0;4235.0;3651.0;6419.0;11156.0;18771.0;2953.0;4194.0;0.0;3.0;-4.0;24.0;ETHANOL
4342.0;7470.0;12703.0;19597.0;3171.0;4196.0;3720.0;6534.0;11349.0;19026.0;3001.0;4191.0;11.0;6.0;-4.0;24.0;ETHANOL
4352.0;7503.0;12687.0;19526.0;3148.0;4082.0;3481.0;6129.0;10628.0;17846.0;2816.0;3975.0;8.0;8.0;-4.0;25.0;ETHANOL
4008.0;6940.0;11789.0;18642.0;2959.0;3900.0;3341.0;5935.0;10268.0;17293.0;2736.0;3880.0;8.0;6.0;-4.0;27.0;ETHANOL
3963.0;6821.0;11562.0;18422.0;2914.0;3845.0;3281.0;5834.0;10136.0;17073.0;2710.0;3818.0;4.0;6.0;-5.0;30.0;ETHANOL
3944.0;6769.0;11451.0;18247.0;2877.0;3835.0;3291.0;5814.0;10093.0;16979.0;2695.0;3810.0;4.0;7.0;-5.0;23.0;ETHANOL
3908.0;6740.0;11479.0;18325.0;2888.0;3833.0;3281.0;5791.0;10058.0;16983.0;2703.0;3827.0;5.0;5.0;-7.0;27.0;ETHANOL
3926.0;6831.0;11741.0;18761.0;3020.0;4069.0;3597.0;6353.0;11055.0;18647.0;2938.0;4158.0;2.0;7.0;-7.0;12.0;ETHANOL
4344.0;7506.0;12719.0;19558.0;3169.0;4176.0;3644.0;6445.0;11183.0;18819.0;2962.0;4216.0;2.0;9.0;-7.0;11.0;ETHANOL
4375.0;7539.0;12831.0;19662.0;3192.0;4200.0;3645.0;6437.0;11179.0;18806.0;2973.0;4198.0;2.0;7.0;-7.0;20.0;ETHANOL
4351.0;7507.0;12720.0;19678.0;3216.0;4209.0;3705.0;6503.0;11301.0;18930.0;2978.0;4198.0;4.0;7.0;-7.0;13.0;ETHANOL
4328.0;7484.0;12655.0;19494.0;3175.0;4173.0;3632.0;6403.0;11060.0;18706.0;2965.0;4175.0;4.0;9.0;-9.0;30.0;ETHANOL
4314.0;7429.0;12598.0;19464.0;3146.0;4099.0;3518.0;6205.0;10748.0;17998.0;2830.0;4012.0;4.0;6.0;-4.0;17.0;ETHANOL
4098.0;7057.0;11908.0;18781.0;2997.0;3983.0;3467.0;6137.0;10717.0;18045.0;2866.0;4069.0;2.0;9.0;-4.0;16.0;ETHANOL
4249.0;7323.0;12408.0;19241.0;3087.0;4068.0;3521.0;6219.0;10758.0;18055.0;2821.0;3974.0;2.0;5.0;-4.0;14.0;ETHANOL
4037.0;6953.0;11849.0;18667.0;2962.0;3913.0;3374.0;5960.0;10344.0;17431.0;2767.0;3922.0;2.0;8.0;-4.0;23.0;ETHANOL
4026.0;6978.0;11879.0;18846.0;3021.0;4011.0;3504.0;6165.0;10711.0;18020.0;2864.0;4078.0;5.0;2.0;-4.0;23.0;ETHANOL
4241.0;7350.0;12518.0;19466.0;3167.0;4197.0;3704.0;6558.0;11413.0;19213.0;3033.0;4303.0;6.0;2.0;-4.0;16.0;ETHANOL
4530.0;7795.0;13129.0;19808.0;3204.0;4176.0;3596.0;6329.0;10928.0;18197.0;2875.0;4060.0;6.0;2.0;-7.0;17.0;ETHANOL
4152.0;7177.0;12230.0;19151.0;3077.0;4089.0;3541.0;6255.0;10823.0;18213.0;2874.0;4054.0;-3.0;6.0;-7.0;22.0;ETHANOL
4171.0;7225.0;12282.0;19190.0;3091.0;4079.0;3575.0;6288.0;10941.0;18431.0;2900.0;4077.0;-1.0;5.0;-7.0;22.0;ETHANOL
4207.0;7242.0;12275.0;19102.0;3043.0;4008.0;3417.0;6033.0;10492.0;17695.0;2788.0;3982.0;-3.0;5.0;-7.0;22.0;ETHANOL
4072.0;7099.0;12227.0;19235.0;3125.0;4191.0;3695.0;6528.0;11342.0;19082.0;3014.0;4253.0;-3.0;9.0;-7.0;21.0;ETHANOL
4370.0;7499.0;12702.0;19427.0;3128.0;4091.0;3497.0;6150.0;10594.0;17764.0;2790.0;3941.0;-1.0;10.0;-4.0;22.0;ETHANOL
3969.0;6853.0;11630.0;18469.0;2910.0;3900.0;3291.0;5809.0;10070.0;16966.0;2692.0;3808.0;1.0;7.0;-4.0;24.0;ETHANOL
3878.0;6697.0;11349.0;18147.0;2840.0;3786.0;3232.0;5696.0;9888.0;16645.0;2635.0;3777.0;8.0;7.0;4.0;17.0;ETHANOL
3784.0;6559.0;11130.0;17965.0;2833.0;3785.0;3217.0;5682.0;9946.0;16766.0;2652.0;3753.0;8.0;7.0;2.0;20.0;ETHANOL
3799.0;6596.0;11275.0;18239.0;2906.0;3897.0;3399.0;6015.0;10499.0;17704.0;2816.0;3993.0;11.0;7.0;3.0;27.0;ETHANOL
4100.0;7112.0;12152.0;19116.0;3076.0;4120.0;3604.0;6364.0;11014.0;18501.0;2923.0;4124.0;7.0;6.0;0.0;17.0;ETHANOL
4213.0;7237.0;12251.0;19063.0;3042.0;3988.0;3356.0;5898.0;10260.0;17386.0;2737.0;3897.0;4.0;10.0;0.0;26.0;ETHANOL
3916.0;6797.0;11496.0;18343.0;2891.0;3830.0;3214.0;5691.0;9903.0;16710.0;2648.0;3780.0;4.0;3.0;-2.0;25.0;ETHANOL
3761.0;6540.0;11085.0;17844.0;2801.0;3726.0;3157.0;5580.0;9727.0;16304.0;2619.0;3725.0;-1.0;3.0;-3.0;20.0;ETHANOL
3762.0;6516.0;11084.0;17849.0;2813.0;3750.0;3205.0;5652.0;9911.0;16692.0;2662.0;3774.0;-2.0;9.0;-6.0;27.0;ETHANOL
3860.0;6652.0;11321.0;18110.0;2834.0;3769.0;3183.0;5619.0;9765.0;16486.0;2618.0;3710.0;-1.0;12.0;-6.0;31.0;ETHANOL
3728.0;6455.0;11023.0;17809.0;2801.0;3748.0;3191.0;5651.0;9863.0;16539.0;2614.0;3720.0;4.0;7.0;-8.0;23.0;ETHANOL
3740.0;6484.0;11080.0;17916.0;2820.0;3747.0;3221.0;5698.0;9939.0;16781.0;2657.0;3794.0;-5.0;6.0;-6.0;20.0;ETHANOL
3861.0;6681.0;11385.0;18274.0;2890.0;3878.0;3337.0;5960.0;10386.0;17567.0;2796.0;3968.0;4.0;6.0;-7.0;24.0;ETHANOL
4083.0;7040.0;12046.0;18916.0;3035.0;4020.0;3441.0;6118.0;10649.0;17961.0;2854.0;4051.0;4.0;4.0;-6.0;24.0;ETHANOL
4169.0;7219.0;12294.0;19163.0;3091.0;4088.0;3564.0;6296.0;10958.0;18367.0;2892.0;4088.0;7.0;10.0;-6.0;21.0;ETHANOL
4163.0;7192.0;12240.0;19121.0;3043.0;4008.0;3446.0;6081.0;10543.0;17629.0;2789.0;3956.0;3.0;6.0;-5.0;21.0;ETHANOL
4169.0;7219.0;12294.0;19163.0;3091.0;4088.0;3564.0;6296.0;10958.0;18367.0;2892.0;4088.0;3.0;5.0;-3.0;21.0;ETHANOL
3990.0;6893.0;11700.0;18561.0;2948.0;3886.0;3303.0;5823.0;10114.0;17039.0;2702.0;3830.0;4.0;4.0;-3.0;26.0;ETHANOL
4087.0;7044.0;11987.0;18859.0;2992.0;3953.0;3401.0;6014.0;10451.0;17515.0;2773.0;3923.0;-3.0;4.0;-3.0;17.0;ETHANOL
