OFFCHIP_SENSIMOX_SnAu_150_200.0_IN-PHASE;OFFCHIP_SENSIMOX_SnAu_200_200.0_IN-PHASE;OFFCHIP_SENSIMOX_SnAu_250_200.0_IN-PHASE;OFFCHIP_SENSIMOX_SnAu_300_200.0_IN-PHASE;OFFCHIP_SENSIMOX_SnAu_350_200.0_IN-PHASE;OFFCHIP_SENSIMOX_SnAu_400_200.0_IN-PHASE;OFFCHIP_SENSIMOX_SnAu_150_78125.0_IN-PHASE;OFFCHIP_SENSIMOX_SnAu_200_78125.0_IN-PHASE;OFFCHIP_SENSIMOX_SnAu_250_78125.0_IN-PHASE;OFFCHIP_SENSIMOX_SnAu_300_78125.0_IN-PHASE;OFFCHIP_SENSIMOX_SnAu_350_78125.0_IN-PHASE;OFFCHIP_SENSIMOX_SnAu_400_78125.0_IN-PHASE;ONCHIP_ALUMINUM_OXIDE_OUT4_IN-PHASE;ONCHIP_ALUMINUM_OXIDE_OUT4_QUADRATURE;ONCHIP_ALUMINUM_OXIDE_OUT7_IN-PHASE;ONCHIP_ALUMINUM_OXIDE_OUT7_QUADRATURE;LABEL
1.0;1.0;1.0;1.0;1.0;1.0;1.0;1.0;1.0;1.0;1.0;1.0;1.0;1.0;1.0;1.0;ETHANOL
33.0;67.0;136.0;266.0;48.0;79.0;26.0;51.0;104.0;216.0;40.0;73.0;3.0;-1.0;-2.0;5.0;ETHANOL
32.0;66.0;130.0;259.0;46.0;76.0;27.0;51.0;106.0;215.0;39.0;72.0;7.0;1.0;4.0;5.0;ETHANOL
30.0;63.0;126.0;250.0;47.0;77.0;25.0;53.0;111.0;222.0;44.0;75.0;7.0;2.0;4.0;6.0;ETHANOL
37.0;74.0;154.0;312.0;57.0;95.0;33.0;65.0;135.0;271.0;53.0;92.0;8.0;2.0;4.0;5.0;ETHANOL
37.0;73.0;145.0;292.0;52.0;87.0;29.0;59.0;121.0;245.0;47.0;84.0;6.0;2.0;4.0;5.0;ETHANOL
38.0;79.0;158.0;323.0;60.0;101.0;36.0;70.0;146.0;304.0;59.0;106.0;6.0;2.0;6.0;7.0;ETHANOL
52.0;104.0;210.0;422.0;78.0;125.0;40.0;83.0;173.0;341.0;65.0;114.0;6.0;2.0;2.0;5.0;ETHANOL
45.0;91.0;176.0;348.0;61.0;98.0;30.0;62.0;125.0;250.0;47.0;84.0;14.0;2.0;5.0;7.0;ETHANOL
29.0;57.0;109.0;213.0;37.0;61.0;18.0;37.0;75.0;144.0;26.0;47.0;14.0;4.0;2.0;6.0;ETHANOL
17.0;36.0;72.0;156.0;29.0;52.0;17.0;34.0;69.0;135.0;28.0;48.0;12.0;4.0;6.0;6.0;ETHANOL
19.0;37.0;69.0;139.0;24.0;37.0;11.0;24.0;48.0;91.0;16.0;30.0;7.0;6.0;2.0;9.0;ETHANOL
9.0;18.0;29.0;62.0;10.0;16.0;8.0;10.0;16.0;60.0;11.0;21.0;12.0;6.0;3.0;4.0;ETHANOL
6.0;18.0;32.0;46.0;11.0;14.0;8.0;14.0;18.0;40.0;8.0;14.0;7.0;2.0;3.0;9.0;ETHANOL
8.0;17.0;32.0;64.0;11.0;21.0;8.0;14.0;26.0;60.0;11.0;21.0;10.0;3.0;3.0;4.0;ETHANOL
12.0;26.0;53.0;114.0;20.0;36.0;12.0;24.0;52.0;115.0;21.0;42.0;6.0;3.0;3.0;7.0;ETHANOL
25.0;49.0;100.0;204.0;37.0;60.0;21.0;41.0;85.0;169.0;34.0;59.0;6.0;3.0;3.0;1.0;ETHANOL
28.0;57.0;114.0;228.0;40.0;64.0;21.0;42.0;87.0;168.0;33.0;57.0;3.0;3.0;4.0;1.0;ETHANOL
25.0;52.0;99.0;199.0;34.0;55.0;17.0;32.0;65.0;128.0;24.0;40.0;3.0;2.0;1.0;1.0;ETHANOL
14.0;29.0;58.0;116.0;20.0;35.0;11.0;21.0;40.0;84.0;18.0;32.0;3.0;2.0;1.0;7.0;ETHANOL
50.0;113.0;246.0;543.0;110.0;184.0;72.0;152.0;319.0;650.0;128.0;225.0;3.0;1.0;-8.0;2.0;ETHANOL
109.0;227.0;472.0;962.0;183.0;293.0;109.0;224.0;451.0;907.0;170.0;288.0;3.0;-1.0;-8.0;0.0;ETHANOL
117.0;237.0;475.0;942.0;175.0;283.0;97.0;207.0;418.0;836.0;158.0;267.0;3.0;-1.0;-8.0;0.0;ETHANOL
107.0;224.0;460.0;942.0;178.0;292.0;108.0;223.0;460.0;915.0;175.0;301.0;3.0;-3.0;-9.0;2.0;ETHANOL
126.0;261.0;530.0;1081.0;202.0;327.0;120.0;247.0;508.0;1005.0;192.0;328.0;0.0;-1.0;-8.0;2.0;ETHANOL
136.0;281.0;579.0;1180.0;221.0;363.0;135.0;280.0;568.0;1132.0;214.0;366.0;-2.0;-3.0;-10.0;-1.0;ETHANOL
160.0;328.0;669.0;1336.0;248.0;404.0;155.0;319.0;646.0;1290.0;240.0;408.0;-2.0;-3.0;-11.0;-2.0;ETHANOL
184.0;387.0;825.0;1768.0;352.0;593.0;250.0;510.0;1042.0;2101.0;396.0;670.0;0.0;3.0;-11.0;2.0;ETHANOL
327.0;660.0;1333.0;2659.0;489.0;765.0;322.0;649.0;1298.0;2533.0;469.0;770.0;7.0;3.0;-7.0;-2.0;ETHANOL
367.0;738.0;1458.0;2824.0;512.0;796.0;326.0;660.0;1309.0;2553.0;469.0;778.0;4.0;4.0;-6.0;-2.0;ETHANOL
357.0;719.0;1447.0;2876.0;532.0;851.0;362.0;732.0;1468.0;2867.0;530.0;887.0;4.0;4.0;-6.0;-2.0;ETHANOL
437.0;876.0;1756.0;3445.0;629.0;985.0;434.0;864.0;1717.0;3326.0;609.0;1009.0;4.0;4.0;-6.0;-1.0;ETHANOL
497.0;987.0;1969.0;3833.0;701.0;1092.0;481.0;963.0;1912.0;3706.0;675.0;1097.0;0.0;2.0;-9.0;-1.0;ETHANOL
544.0;1074.0;2118.0;4104.0;734.0;1123.0;494.0;974.0;1926.0;3697.0;674.0;1093.0;0.0;0.0;-11.0;1.0;ETHANOL
521.0;1038.0;2045.0;3977.0;714.0;1107.0;479.0;952.0;1887.0;3682.0;672.0;1112.0;-1.0;2.0;-11.0;1.0;ETHANOL
544.0;1073.0;2116.0;4069.0;727.0;1107.0;481.0;958.0;1888.0;3591.0;650.0;1054.0;0.0;0.0;-12.0;1.0;ETHANOL
493.0;971.0;1896.0;3611.0;643.0;994.0;417.0;827.0;1628.0;3130.0;564.0;923.0;0.0;0.0;-12.0;2.0;ETHANOL
403.0;807.0;1579.0;3034.0;540.0;854.0;356.0;708.0;1396.0;2683.0;482.0;797.0;0.0;0.0;-12.0;2.0;ETHANOL
340.0;679.0;1336.0;2592.0;468.0;748.0;304.0;612.0;1213.0;2326.0;426.0;709.0;0.0;-3.0;-10.0;0.0;ETHANOL
302.0;606.0;1213.0;2395.0;435.0;714.0;294.0;601.0;1197.0;2322.0;425.0;712.0;0.0;-3.0;-10.0;0.0;ETHANOL
313.0;634.0;1262.0;2486.0;459.0;743.0;312.0;630.0;1253.0;2423.0;446.0;751.0;-2.0;-3.0;-10.0;2.0;ETHANOL
348.0;704.0;1402.0;2752.0;505.0;818.0;346.0;703.0;1408.0;2759.0;508.0;847.0;-6.0;-3.0;-11.0;2.0;ETHANOL
406.0;813.0;1604.0;3142.0;568.0;898.0;383.0;775.0;1529.0;2922.0;533.0;890.0;-6.0;-2.0;-11.0;3.0;ETHANOL
414.0;824.0;1628.0;3175.0;573.0;901.0;388.0;773.0;1527.0;2938.0;540.0;896.0;-7.0;-2.0;-14.0;2.0;ETHANOL
425.0;849.0;1673.0;3244.0;588.0;930.0;402.0;805.0;1591.0;3057.0;555.0;929.0;-9.0;-2.0;-15.0;2.0;ETHANOL
457.0;904.0;1773.0;3412.0;615.0;964.0;424.0;846.0;1662.0;3178.0;575.0;950.0;-7.0;-2.0;-15.0;2.0;ETHANOL
466.0;917.0;1780.0;3383.0;604.0;946.0;410.0;824.0;1610.0;3070.0;554.0;919.0;-6.0;-2.0;-15.0;4.0;ETHANOL
420.0;840.0;1649.0;3194.0;576.0;914.0;398.0;801.0;1560.0;3014.0;545.0;900.0;3.0;-2.0;-9.0;4.0;ETHANOL
414.0;828.0;1627.0;3138.0;569.0;911.0;399.0;797.0;1568.0;2997.0;544.0;904.0;5.0;0.0;-9.0;5.0;ETHANOL
426.0;847.0;1684.0;3260.0;590.0;942.0;418.0;836.0;1631.0;3139.0;565.0;937.0;4.0;1.0;-7.0;4.0;ETHANOL
444.0;877.0;1724.0;3319.0;592.0;943.0;412.0;823.0;1619.0;3108.0;560.0;921.0;4.0;1.0;-9.0;3.0;ETHANOL
433.0;862.0;1675.0;3236.0;588.0;932.0;400.0;802.0;1579.0;3051.0;556.0;911.0;4.0;1.0;-7.0;3.0;ETHANOL
432.0;856.0;1677.0;3257.0;589.0;935.0;414.0;828.0;1633.0;3111.0;562.0;929.0;0.0;1.0;-7.0;2.0;ETHANOL
453.0;894.0;1747.0;3354.0;606.0;957.0;423.0;842.0;1671.0;3171.0;576.0;947.0;0.0;1.0;-7.0;2.0;ETHANOL
451.0;897.0;1759.0;3407.0;618.0;982.0;437.0;878.0;1707.0;3260.0;592.0;977.0;0.0;1.0;-7.0;2.0;ETHANOL
461.0;911.0;1785.0;3445.0;618.0;975.0;424.0;846.0;1661.0;3179.0;575.0;941.0;0.0;1.0;-6.0;2.0;ETHANOL
440.0;874.0;1703.0;3273.0;589.0;933.0;406.0;818.0;1608.0;3076.0;553.0;915.0;2.0;1.0;-7.0;2.0;ETHANOL
421.0;839.0;1641.0;3157.0;568.0;904.0;388.0;781.0;1534.0;2932.0;528.0;876.0;4.0;2.0;-7.0;2.0;ETHANOL
409.0;811.0;1587.0;3062.0;556.0;889.0;389.0;782.0;1540.0;2937.0;532.0;884.0;3.0;2.0;-7.0;1.0;ETHANOL
416.0;831.0;1644.0;3185.0;585.0;940.0;415.0;834.0;1642.0;3143.0;572.0;948.0;3.0;0.0;-11.0;1.0;ETHANOL
462.0;916.0;1791.0;3457.0;627.0;994.0;440.0;879.0;1734.0;3312.0;603.0;997.0;1.0;0.0;-11.0;1.0;ETHANOL
472.0;938.0;1841.0;3545.0;630.0;996.0;438.0;874.0;1705.0;3275.0;593.0;977.0;-8.0;2.0;-12.0;1.0;ETHANOL
480.0;945.0;1840.0;3518.0;635.0;1008.0;440.0;882.0;1730.0;3294.0;598.0;986.0;-8.0;4.0;-12.0;5.0;ETHANOL
487.0;961.0;1865.0;3569.0;645.0;1018.0;450.0;900.0;1752.0;3360.0;609.0;1004.0;-6.0;2.0;-12.0;4.0;ETHANOL
491.0;970.0;1875.0;3586.0;643.0;1020.0;452.0;907.0;1769.0;3372.0;611.0;1001.0;-4.0;2.0;-12.0;6.0;ETHANOL
498.0;976.0;1895.0;3645.0;651.0;1028.0;460.0;911.0;1791.0;3431.0;618.0;1021.0;-4.0;2.0;-12.0;4.0;ETHANOL
504.0;995.0;1941.0;3727.0;668.0;1064.0;481.0;959.0;1879.0;3553.0;648.0;1061.0;-2.0;1.0;-10.0;4.0;ETHANOL
528.0;1037.0;2012.0;3854.0;692.0;1102.0;494.0;978.0;1896.0;3623.0;664.0;1082.0;0.0;-1.0;-10.0;4.0;ETHANOL
539.0;1050.0;2041.0;3901.0;698.0;1098.0;491.0;986.0;1922.0;3655.0;659.0;1085.0;0.0;1.0;-7.0;4.0;ETHANOL
524.0;1033.0;2007.0;3836.0;689.0;1084.0;488.0;976.0;1903.0;3618.0;647.0;1067.0;0.0;1.0;-7.0;4.0;ETHANOL
525.0;1031.0;2011.0;3849.0;688.0;1089.0;492.0;975.0;1897.0;3580.0;646.0;1060.0;2.0;1.0;-10.0;4.0;ETHANOL
516.0;1020.0;1968.0;3733.0;668.0;1056.0;472.0;939.0;1832.0;3484.0;626.0;1032.0;6.0;1.0;-7.0;4.0;ETHANOL
503.0;987.0;1921.0;3675.0;656.0;1052.0;479.0;952.0;1850.0;3511.0;639.0;1054.0;6.0;5.0;-4.0;5.0;ETHANOL
510.0;1003.0;1945.0;3741.0;677.0;1065.0;483.0;955.0;1869.0;3560.0;641.0;1053.0;10.0;3.0;-4.0;3.0;ETHANOL
517.0;1017.0;1984.0;3794.0;680.0;1076.0;472.0;947.0;1842.0;3531.0;640.0;1056.0;8.0;1.0;-8.0;7.0;ETHANOL
517.0;1011.0;1968.0;3761.0;670.0;1065.0;477.0;949.0;1851.0;3531.0;635.0;1046.0;6.0;1.0;-8.0;6.0;ETHANOL
510.0;1014.0;1966.0;3761.0;676.0;1076.0;490.0;977.0;1903.0;3617.0;653.0;1069.0;-1.0;1.0;-8.0;6.0;ETHANOL
533.0;1056.0;2048.0;3934.0;708.0;1120.0;510.0;1017.0;1973.0;3746.0;681.0;1126.0;-1.0;1.0;-8.0;6.0;ETHANOL
551.0;1086.0;2118.0;4088.0;734.0;1156.0;524.0;1041.0;2038.0;3907.0;706.0;1152.0;-1.0;-3.0;-8.0;6.0;ETHANOL
575.0;1129.0;2194.0;4231.0;762.0;1208.0;556.0;1091.0;2128.0;4061.0;738.0;1207.0;1.0;-6.0;-5.0;6.0;ETHANOL
624.0;1217.0;2365.0;4515.0;814.0;1277.0;589.0;1162.0;2259.0;4325.0;779.0;1274.0;1.0;-3.0;-5.0;5.0;ETHANOL
661.0;1293.0;2502.0;4746.0;847.0;1322.0;616.0;1217.0;2376.0;4513.0;808.0;1316.0;8.0;-3.0;-9.0;6.0;ETHANOL
686.0;1331.0;2565.0;4892.0;870.0;1357.0;640.0;1257.0;2432.0;4590.0;825.0;1342.0;3.0;-3.0;-9.0;8.0;ETHANOL
710.0;1367.0;2608.0;4910.0;872.0;1351.0;625.0;1230.0;2393.0;4479.0;810.0;1312.0;4.0;2.0;-9.0;0.0;ETHANOL
687.0;1321.0;2550.0;4780.0;850.0;1322.0;624.0;1230.0;2377.0;4446.0;799.0;1295.0;-6.0;4.0;-13.0;0.0;ETHANOL
675.0;1309.0;2520.0;4767.0;844.0;1325.0;615.0;1200.0;2318.0;4406.0;789.0;1287.0;3.0;5.0;-9.0;0.0;ETHANOL
668.0;1292.0;2476.0;4655.0;831.0;1291.0;596.0;1174.0;2272.0;4284.0;767.0;1245.0;-6.0;1.0;-13.0;2.0;ETHANOL
657.0;1272.0;2420.0;4547.0;804.0;1258.0;579.0;1148.0;2226.0;4180.0;751.0;1226.0;-6.0;4.0;-13.0;2.0;ETHANOL
608.0;1188.0;2284.0;4364.0;774.0;1213.0;556.0;1099.0;2137.0;4074.0;727.0;1185.0;-2.0;1.0;-11.0;3.0;ETHANOL
582.0;1142.0;2221.0;4248.0;770.0;1225.0;572.0;1133.0;2205.0;4163.0;754.0;1223.0;-2.0;1.0;-11.0;3.0;ETHANOL
609.0;1199.0;2328.0;4435.0;787.0;1245.0;579.0;1138.0;2215.0;4191.0;753.0;1226.0;-2.0;1.0;-11.0;5.0;ETHANOL
626.0;1228.0;2387.0;4544.0;816.0;1288.0;593.0;1171.0;2281.0;4354.0;785.0;1286.0;6.0;1.0;-7.0;3.0;ETHANOL
644.0;1260.0;2432.0;4580.0;815.0;1280.0;595.0;1173.0;2271.0;4284.0;769.0;1258.0;12.0;1.0;-8.0;4.0;ETHANOL
629.0;1230.0;2375.0;4532.0;814.0;1278.0;596.0;1171.0;2274.0;4323.0;776.0;1272.0;14.0;0.0;-8.0;7.0;ETHANOL
638.0;1248.0;2418.0;4627.0;829.0;1308.0;614.0;1216.0;2355.0;4448.0;804.0;1303.0;2.0;0.0;-8.0;4.0;ETHANOL
653.0;1279.0;2470.0;4683.0;838.0;1304.0;616.0;1205.0;2319.0;4388.0;784.0;1281.0;-2.0;0.0;-12.0;8.0;ETHANOL
645.0;1259.0;2418.0;4575.0;819.0;1278.0;596.0;1174.0;2261.0;4269.0;767.0;1253.0;-2.0;2.0;-12.0;3.0;ETHANOL
633.0;1243.0;2381.0;4503.0;806.0;1261.0;581.0;1147.0;2228.0;4207.0;749.0;1234.0;-5.0;1.0;-13.0;1.0;ETHANOL
631.0;1232.0;2367.0;4472.0;796.0;1246.0;583.0;1154.0;2221.0;4181.0;748.0;1217.0;-5.0;2.0;-13.0;0.0;ETHANOL
622.0;1208.0;2316.0;4385.0;778.0;1226.0;566.0;1113.0;2159.0;4078.0;733.0;1196.0;-3.0;1.0;-13.0;0.0;ETHANOL
620.0;1203.0;2324.0;4365.0;779.0;1226.0;569.0;1120.0;2171.0;4107.0;731.0;1202.0;-3.0;1.0;-13.0;3.0;ETHANOL
628.0;1215.0;2325.0;4370.0;776.0;1219.0;580.0;1136.0;2183.0;4128.0;736.0;1207.0;-3.0;1.0;-13.0;3.0;ETHANOL
637.0;1231.0;2361.0;4460.0;788.0;1239.0;587.0;1153.0;2212.0;4158.0;741.0;1210.0;0.0;-2.0;-8.0;2.0;ETHANOL
640.0;1241.0;2382.0;4443.0;798.0;1250.0;583.0;1143.0;2211.0;4185.0;751.0;1232.0;2.0;2.0;-8.0;2.0;ETHANOL
635.0;1237.0;2376.0;4476.0;793.0;1251.0;584.0;1149.0;2214.0;4175.0;748.0;1218.0;3.0;5.0;-4.0;2.0;ETHANOL
630.0;1222.0;2353.0;4435.0;788.0;1239.0;580.0;1137.0;2188.0;4120.0;742.0;1213.0;2.0;7.0;-4.0;2.0;ETHANOL
628.0;1222.0;2345.0;4432.0;783.0;1229.0;569.0;1120.0;2180.0;4118.0;739.0;1200.0;2.0;0.0;-8.0;5.0;ETHANOL
625.0;1218.0;2326.0;4409.0;784.0;1238.0;579.0;1143.0;2194.0;4174.0;750.0;1222.0;2.0;3.0;-7.0;5.0;ETHANOL
641.0;1249.0;2389.0;4484.0;800.0;1256.0;587.0;1158.0;2211.0;4191.0;756.0;1240.0;2.0;3.0;-9.0;6.0;ETHANOL
646.0;1258.0;2406.0;4539.0;805.0;1264.0;593.0;1163.0;2246.0;4252.0;759.0;1244.0;3.0;0.0;-10.0;5.0;ETHANOL
640.0;1233.0;2391.0;4485.0;806.0;1260.0;594.0;1154.0;2231.0;4223.0;758.0;1244.0;3.0;1.0;-15.0;3.0;ETHANOL
654.0;1267.0;2428.0;4559.0;817.0;1274.0;601.0;1184.0;2271.0;4276.0;769.0;1252.0;2.0;2.0;-15.0;3.0;ETHANOL
665.0;1288.0;2460.0;4631.0;825.0;1302.0;615.0;1222.0;2337.0;4420.0;790.0;1291.0;2.0;2.0;-15.0;3.0;ETHANOL
667.0;1294.0;2488.0;4708.0;841.0;1313.0;624.0;1224.0;2371.0;4477.0;798.0;1299.0;2.0;2.0;-15.0;5.0;ETHANOL
662.0;1290.0;2490.0;4712.0;845.0;1319.0;622.0;1231.0;2366.0;4461.0;801.0;1298.0;4.0;1.0;-10.0;5.0;ETHANOL
665.0;1294.0;2495.0;4717.0;835.0;1308.0;617.0;1207.0;2335.0;4396.0;786.0;1281.0;4.0;1.0;-10.0;8.0;ETHANOL
650.0;1271.0;2440.0;4620.0;819.0;1294.0;609.0;1188.0;2304.0;4338.0;777.0;1274.0;2.0;1.0;-10.0;4.0;ETHANOL
657.0;1285.0;2462.0;4621.0;826.0;1293.0;608.0;1196.0;2311.0;4343.0;778.0;1269.0;2.0;1.0;-15.0;4.0;ETHANOL
667.0;1295.0;2499.0;4742.0;846.0;1328.0;633.0;1248.0;2398.0;4555.0;817.0;1339.0;2.0;1.0;-15.0;4.0;ETHANOL
699.0;1357.0;2621.0;4966.0;891.0;1394.0;671.0;1311.0;2528.0;4768.0;857.0;1387.0;2.0;1.0;-15.0;4.0;ETHANOL
733.0;1422.0;2712.0;5139.0;911.0;1418.0;683.0;1341.0;2583.0;4834.0;861.0;1405.0;2.0;5.0;-15.0;6.0;ETHANOL
728.0;1411.0;2718.0;5113.0;904.0;1400.0;666.0;1306.0;2527.0;4721.0;842.0;1368.0;-3.0;3.0;-12.0;7.0;ETHANOL
726.0;1402.0;2689.0;5064.0;891.0;1392.0;665.0;1303.0;2515.0;4740.0;847.0;1373.0;-3.0;3.0;-9.0;10.0;ETHANOL
713.0;1383.0;2670.0;5033.0;886.0;1393.0;666.0;1303.0;2529.0;4741.0;847.0;1375.0;-3.0;-1.0;-12.0;5.0;ETHANOL
723.0;1402.0;2674.0;5020.0;892.0;1389.0;662.0;1286.0;2483.0;4664.0;833.0;1354.0;-3.0;3.0;-12.0;2.0;ETHANOL
717.0;1387.0;2639.0;4960.0;876.0;1372.0;653.0;1283.0;2473.0;4651.0;825.0;1355.0;-1.0;3.0;-9.0;0.0;ETHANOL
712.0;1369.0;2624.0;4937.0;874.0;1372.0;651.0;1278.0;2469.0;4631.0;826.0;1340.0;-1.0;6.0;-15.0;0.0;ETHANOL
701.0;1361.0;2603.0;4896.0;872.0;1366.0;652.0;1279.0;2465.0;4617.0;821.0;1337.0;-4.0;4.0;-16.0;2.0;ETHANOL
707.0;1367.0;2604.0;4896.0;868.0;1358.0;650.0;1275.0;2441.0;4586.0;818.0;1329.0;-1.0;7.0;-16.0;8.0;ETHANOL
711.0;1363.0;2602.0;4885.0;861.0;1353.0;648.0;1267.0;2425.0;4566.0;815.0;1326.0;-4.0;4.0;-11.0;5.0;ETHANOL
697.0;1350.0;2576.0;4855.0;861.0;1348.0;644.0;1254.0;2418.0;4549.0;809.0;1330.0;-4.0;0.0;-11.0;7.0;ETHANOL
698.0;1357.0;2580.0;4850.0;863.0;1347.0;642.0;1265.0;2415.0;4579.0;812.0;1322.0;-1.0;0.0;-9.0;7.0;ETHANOL
694.0;1344.0;2576.0;4820.0;851.0;1339.0;639.0;1257.0;2424.0;4536.0;807.0;1317.0;-1.0;-1.0;-9.0;9.0;ETHANOL
683.0;1330.0;2546.0;4782.0;849.0;1329.0;632.0;1239.0;2398.0;4478.0;802.0;1308.0;-7.0;0.0;-9.0;10.0;ETHANOL
693.0;1345.0;2558.0;4790.0;850.0;1332.0;637.0;1241.0;2380.0;4460.0;800.0;1291.0;1.0;0.0;-2.0;11.0;ETHANOL
667.0;1307.0;2505.0;4694.0;835.0;1306.0;627.0;1221.0;2354.0;4426.0;793.0;1292.0;3.0;2.0;-6.0;9.0;ETHANOL
685.0;1327.0;2536.0;4776.0;841.0;1326.0;636.0;1243.0;2401.0;4526.0;807.0;1316.0;10.0;4.0;-6.0;8.0;ETHANOL
693.0;1346.0;2597.0;4888.0;866.0;1366.0;657.0;1284.0;2480.0;4634.0;833.0;1359.0;7.0;6.0;-3.0;9.0;ETHANOL
721.0;1390.0;2672.0;4973.0;883.0;1380.0;670.0;1311.0;2521.0;4713.0;841.0;1368.0;9.0;5.0;-3.0;9.0;ETHANOL
716.0;1391.0;2671.0;5008.0;887.0;1383.0;663.0;1300.0;2497.0;4700.0;833.0;1351.0;9.0;2.0;-6.0;9.0;ETHANOL
718.0;1385.0;2656.0;4998.0;891.0;1400.0;666.0;1308.0;2532.0;4756.0;849.0;1384.0;9.0;3.0;-3.0;6.0;ETHANOL
742.0;1431.0;2734.0;5163.0;917.0;1428.0;692.0;1354.0;2583.0;4836.0;866.0;1406.0;8.0;3.0;-5.0;6.0;ETHANOL
750.0;1442.0;2742.0;5149.0;910.0;1418.0;677.0;1324.0;2536.0;4777.0;853.0;1383.0;12.0;9.0;-6.0;6.0;ETHANOL
730.0;1404.0;2690.0;5098.0;900.0;1403.0;677.0;1328.0;2547.0;4784.0;854.0;1391.0;8.0;6.0;-6.0;7.0;ETHANOL
748.0;1441.0;2741.0;5115.0;907.0;1420.0;680.0;1322.0;2532.0;4767.0;854.0;1389.0;9.0;5.0;-5.0;8.0;ETHANOL
746.0;1439.0;2741.0;5131.0;904.0;1414.0;672.0;1314.0;2527.0;4754.0;848.0;1390.0;8.0;5.0;-5.0;4.0;ETHANOL
754.0;1456.0;2787.0;5217.0;922.0;1443.0;700.0;1369.0;2615.0;4888.0;872.0;1415.0;5.0;5.0;-4.0;3.0;ETHANOL
756.0;1464.0;2775.0;5192.0;913.0;1435.0;702.0;1370.0;2601.0;4875.0;869.0;1409.0;1.0;10.0;-4.0;4.0;ETHANOL
744.0;1444.0;2767.0;5239.0;925.0;1455.0;714.0;1384.0;2640.0;4972.0;887.0;1437.0;0.0;9.0;-4.0;7.0;ETHANOL
765.0;1472.0;2814.0;5280.0;932.0;1456.0;716.0;1394.0;2673.0;4973.0;881.0;1428.0;0.0;7.0;-6.0;4.0;ETHANOL
766.0;1475.0;2808.0;5265.0;931.0;1457.0;715.0;1392.0;2660.0;4977.0;889.0;1433.0;0.0;3.0;-6.0;5.0;ETHANOL
773.0;1487.0;2833.0;5287.0;929.0;1465.0;711.0;1384.0;2639.0;4966.0;881.0;1428.0;-3.0;3.0;-7.0;4.0;ETHANOL
772.0;1473.0;2804.0;5252.0;926.0;1444.0;704.0;1368.0;2624.0;4902.0;873.0;1411.0;-3.0;2.0;-9.0;5.0;ETHANOL
767.0;1471.0;2791.0;5222.0;918.0;1431.0;704.0;1362.0;2615.0;4896.0;867.0;1418.0;-2.0;4.0;-9.0;5.0;ETHANOL
763.0;1468.0;2797.0;5232.0;925.0;1447.0;701.0;1369.0;2608.0;4890.0;877.0;1426.0;3.0;2.0;-9.0;4.0;ETHANOL
759.0;1463.0;2779.0;5186.0;925.0;1445.0;714.0;1395.0;2673.0;4982.0;887.0;1438.0;2.0;2.0;-9.0;5.0;ETHANOL
780.0;1506.0;2878.0;5409.0;964.0;1508.0;742.0;1444.0;2765.0;5182.0;924.0;1497.0;2.0;0.0;-9.0;4.0;ETHANOL
813.0;1563.0;2970.0;5566.0;982.0;1538.0;757.0;1470.0;2804.0;5270.0;935.0;1512.0;0.0;0.0;-9.0;6.0;ETHANOL
814.0;1572.0;2994.0;5630.0;994.0;1548.0;766.0;1485.0;2843.0;5327.0;943.0;1521.0;2.0;0.0;-6.0;2.0;ETHANOL
834.0;1599.0;3058.0;5709.0;1002.0;1541.0;758.0;1481.0;2832.0;5306.0;945.0;1523.0;2.0;0.0;-7.0;3.0;ETHANOL
811.0;1567.0;2994.0;5613.0;992.0;1546.0;758.0;1474.0;2826.0;5285.0;936.0;1521.0;0.0;-1.0;-9.0;3.0;ETHANOL
816.0;1568.0;3002.0;5620.0;996.0;1554.0;756.0;1478.0;2838.0;5334.0;945.0;1535.0;0.0;-1.0;-11.0;7.0;ETHANOL
821.0;1584.0;3029.0;5666.0;1005.0;1558.0;773.0;1500.0;2859.0;5353.0;953.0;1539.0;-1.0;1.0;-11.0;4.0;ETHANOL
846.0;1616.0;3081.0;5751.0;1011.0;1561.0;777.0;1505.0;2884.0;5391.0;955.0;1544.0;-1.0;-2.0;-11.0;5.0;ETHANOL
819.0;1580.0;3014.0;5613.0;995.0;1546.0;761.0;1491.0;2826.0;5281.0;939.0;1518.0;-1.0;-2.0;-11.0;3.0;ETHANOL
829.0;1588.0;3020.0;5665.0;995.0;1544.0;772.0;1499.0;2864.0;5329.0;937.0;1513.0;-1.0;1.0;-11.0;3.0;ETHANOL
822.0;1579.0;3001.0;5618.0;991.0;1536.0;748.0;1456.0;2790.0;5225.0;927.0;1501.0;-1.0;-2.0;-11.0;3.0;ETHANOL
820.0;1582.0;3002.0;5635.0;990.0;1543.0;761.0;1473.0;2814.0;5264.0;937.0;1513.0;-1.0;-2.0;-11.0;2.0;ETHANOL
822.0;1573.0;2986.0;5598.0;985.0;1535.0;750.0;1462.0;2811.0;5281.0;930.0;1505.0;-3.0;1.0;-11.0;2.0;ETHANOL
832.0;1588.0;3024.0;5637.0;991.0;1533.0;760.0;1474.0;2801.0;5259.0;935.0;1509.0;-3.0;1.0;-12.0;2.0;ETHANOL
820.0;1575.0;2991.0;5573.0;980.0;1527.0;755.0;1467.0;2794.0;5218.0;927.0;1504.0;-1.0;1.0;-12.0;6.0;ETHANOL
803.0;1545.0;2947.0;5546.0;979.0;1523.0;757.0;1473.0;2825.0;5264.0;934.0;1506.0;-1.0;1.0;-11.0;5.0;ETHANOL
810.0;1562.0;2984.0;5604.0;986.0;1536.0;763.0;1484.0;2822.0;5252.0;932.0;1515.0;1.0;2.0;-11.0;5.0;ETHANOL
814.0;1572.0;2988.0;5620.0;994.0;1546.0;763.0;1479.0;2818.0;5274.0;935.0;1519.0;4.0;2.0;-11.0;5.0;ETHANOL
822.0;1580.0;2996.0;5615.0;992.0;1549.0;765.0;1488.0;2831.0;5284.0;936.0;1520.0;4.0;3.0;-11.0;5.0;ETHANOL
827.0;1589.0;3011.0;5647.0;988.0;1542.0;756.0;1471.0;2801.0;5236.0;928.0;1504.0;4.0;3.0;-10.0;5.0;ETHANOL
841.0;1600.0;3047.0;5634.0;990.0;1539.0;757.0;1474.0;2798.0;5219.0;928.0;1501.0;8.0;3.0;-10.0;7.0;ETHANOL
827.0;1585.0;2998.0;5615.0;984.0;1538.0;763.0;1473.0;2811.0;5266.0;932.0;1525.0;4.0;5.0;-10.0;5.0;ETHANOL
841.0;1621.0;3067.0;5705.0;1008.0;1569.0;790.0;1521.0;2906.0;5395.0;956.0;1549.0;4.0;4.0;-10.0;4.0;ETHANOL
851.0;1637.0;3107.0;5818.0;1022.0;1591.0;800.0;1554.0;2957.0;5524.0;976.0;1578.0;4.0;3.0;-11.0;4.0;ETHANOL
878.0;1682.0;3199.0;5944.0;1045.0;1625.0;809.0;1565.0;2995.0;5580.0;993.0;1603.0;2.0;4.0;-12.0;2.0;ETHANOL
881.0;1691.0;3202.0;5962.0;1044.0;1618.0;820.0;1589.0;2977.0;5556.0;982.0;1591.0;-1.0;4.0;-14.0;2.0;ETHANOL
879.0;1684.0;3186.0;5927.0;1042.0;1617.0;804.0;1557.0;2969.0;5537.0;980.0;1590.0;-1.0;6.0;-12.0;8.0;ETHANOL
881.0;1685.0;3189.0;5916.0;1030.0;1604.0;805.0;1550.0;2943.0;5480.0;967.0;1564.0;-1.0;1.0;-12.0;9.0;ETHANOL
864.0;1656.0;3135.0;5812.0;1017.0;1577.0;795.0;1535.0;2893.0;5412.0;954.0;1546.0;1.0;2.0;-4.0;8.0;ETHANOL
859.0;1653.0;3107.0;5808.0;1019.0;1576.0;790.0;1536.0;2920.0;5430.0;962.0;1555.0;3.0;2.0;-4.0;8.0;ETHANOL
872.0;1663.0;3147.0;5852.0;1032.0;1610.0;815.0;1573.0;2992.0;5586.0;987.0;1605.0;3.0;2.0;-4.0;2.0;ETHANOL
896.0;1704.0;3268.0;6101.0;1071.0;1669.0;836.0;1616.0;3102.0;5803.0;1024.0;1654.0;3.0;2.0;-3.0;2.0;ETHANOL
917.0;1773.0;3325.0;6188.0;1088.0;1678.0;848.0;1625.0;3085.0;5769.0;1025.0;1642.0;-2.0;2.0;-3.0;3.0;ETHANOL
916.0;1755.0;3315.0;6102.0;1074.0;1656.0;837.0;1619.0;3066.0;5670.0;1004.0;1616.0;-2.0;3.0;-9.0;3.0;ETHANOL
893.0;1707.0;3224.0;6011.0;1056.0;1637.0;822.0;1595.0;3013.0;5592.0;992.0;1590.0;-2.0;2.0;-11.0;3.0;ETHANOL
871.0;1674.0;3163.0;5882.0;1035.0;1615.0;806.0;1561.0;2974.0;5518.0;980.0;1581.0;3.0;3.0;-11.0;3.0;ETHANOL
888.0;1693.0;3198.0;5912.0;1038.0;1605.0;806.0;1555.0;2958.0;5444.0;967.0;1564.0;6.0;0.0;-16.0;5.0;ETHANOL
875.0;1671.0;3172.0;5897.0;1035.0;1605.0;817.0;1568.0;2984.0;5560.0;985.0;1587.0;3.0;-1.0;-16.0;2.0;ETHANOL
890.0;1699.0;3223.0;5952.0;1050.0;1629.0;828.0;1588.0;3044.0;5654.0;993.0;1601.0;0.0;-1.0;-12.0;2.0;ETHANOL
886.0;1705.0;3208.0;5985.0;1048.0;1621.0;819.0;1570.0;2999.0;5576.0;987.0;1595.0;0.0;-1.0;-12.0;1.0;ETHANOL
887.0;1695.0;3215.0;5965.0;1046.0;1619.0;812.0;1563.0;2992.0;5569.0;981.0;1591.0;0.0;-1.0;-12.0;2.0;ETHANOL
891.0;1704.0;3213.0;5974.0;1046.0;1636.0;825.0;1589.0;3015.0;5616.0;994.0;1587.0;0.0;4.0;-8.0;2.0;ETHANOL
898.0;1717.0;3228.0;6018.0;1048.0;1634.0;830.0;1603.0;3036.0;5636.0;997.0;1610.0;0.0;4.0;-8.0;5.0;ETHANOL
908.0;1740.0;3290.0;6109.0;1076.0;1666.0;852.0;1647.0;3109.0;5788.0;1024.0;1655.0;0.0;8.0;-3.0;5.0;ETHANOL
935.0;1782.0;3378.0;6270.0;1098.0;1697.0;874.0;1676.0;3201.0;5936.0;1046.0;1686.0;0.0;4.0;-3.0;5.0;ETHANOL
963.0;1836.0;3472.0;6440.0;1124.0;1740.0;894.0;1723.0;3246.0;6020.0;1069.0;1715.0;1.0;2.0;-3.0;6.0;ETHANOL
974.0;1857.0;3517.0;6548.0;1150.0;1784.0;912.0;1768.0;3361.0;6264.0;1107.0;1782.0;0.0;2.0;-12.0;10.0;ETHANOL
1006.0;1923.0;3639.0;6740.0;1181.0;1806.0;946.0;1817.0;3435.0;6350.0;1110.0;1788.0;0.0;3.0;-12.0;4.0;ETHANOL
1010.0;1928.0;3657.0;6810.0;1201.0;1857.0;961.0;1853.0;3503.0;6556.0;1152.0;1861.0;0.0;3.0;-13.0;4.0;ETHANOL
1057.0;2018.0;3819.0;7133.0;1248.0;1920.0;1005.0;1934.0;3648.0;6744.0;1197.0;1914.0;-4.0;3.0;-14.0;4.0;ETHANOL
1099.0;2088.0;3952.0;7379.0;1285.0;1953.0;1022.0;1955.0;3699.0;6820.0;1198.0;1916.0;-5.0;1.0;-15.0;2.0;ETHANOL
1097.0;2095.0;3918.0;7233.0;1257.0;1925.0;1001.0;1920.0;3619.0;6683.0;1176.0;1878.0;-5.0;1.0;-15.0;2.0;ETHANOL
1069.0;2035.0;3837.0;7127.0;1251.0;1915.0;1001.0;1926.0;3624.0;6679.0;1177.0;1886.0;-5.0;1.0;-14.0;2.0;ETHANOL
1072.0;2052.0;3872.0;7196.0;1263.0;1944.0;1029.0;1959.0;3705.0;6852.0;1204.0;1919.0;-5.0;1.0;-14.0;3.0;ETHANOL
1090.0;2078.0;3927.0;7243.0;1269.0;1951.0;1018.0;1957.0;3707.0;6854.0;1206.0;1931.0;-4.0;4.0;-10.0;3.0;ETHANOL
1104.0;2096.0;3948.0;7303.0;1271.0;1947.0;1026.0;1957.0;3686.0;6805.0;1196.0;1915.0;-4.0;4.0;-10.0;6.0;ETHANOL
1109.0;2100.0;3939.0;7284.0;1272.0;1951.0;1004.0;1929.0;3641.0;6782.0;1195.0;1912.0;-4.0;6.0;-13.0;4.0;ETHANOL
1096.0;2079.0;3915.0;7257.0;1268.0;1950.0;1023.0;1957.0;3696.0;6813.0;1202.0;1920.0;-1.0;4.0;-13.0;6.0;ETHANOL
1110.0;2114.0;3941.0;7295.0;1268.0;1953.0;1031.0;1962.0;3705.0;6873.0;1203.0;1921.0;-1.0;9.0;-13.0;1.0;ETHANOL
1116.0;2117.0;3997.0;7388.0;1276.0;1954.0;1026.0;1970.0;3709.0;6843.0;1210.0;1932.0;-1.0;5.0;-16.0;1.0;ETHANOL
1128.0;2147.0;4054.0;7528.0;1309.0;2012.0;1063.0;2025.0;3826.0;7066.0;1256.0;1986.0;-1.0;6.0;-16.0;1.0;ETHANOL
1167.0;2211.0;4147.0;7648.0;1328.0;2029.0;1081.0;2060.0;3891.0;7167.0;1254.0;2006.0;5.0;5.0;-12.0;7.0;ETHANOL
1163.0;2207.0;4162.0;7669.0;1333.0;2048.0;1094.0;2085.0;3910.0;7165.0;1264.0;2011.0;5.0;8.0;-12.0;8.0;ETHANOL
1185.0;2245.0;4222.0;7760.0;1352.0;2064.0;1113.0;2116.0;3976.0;7306.0;1280.0;2032.0;9.0;3.0;-11.0;4.0;ETHANOL
1199.0;2275.0;4264.0;7865.0;1364.0;2096.0;1130.0;2159.0;4058.0;7428.0;1309.0;2068.0;7.0;1.0;-11.0;6.0;ETHANOL
1220.0;2317.0;4347.0;8025.0;1392.0;2128.0;1159.0;2210.0;4110.0;7590.0;1325.0;2118.0;5.0;0.0;-11.0;6.0;ETHANOL
1237.0;2344.0;4393.0;8093.0;1404.0;2141.0;1143.0;2165.0;4092.0;7550.0;1326.0;2098.0;1.0;0.0;-8.0;7.0;ETHANOL
1231.0;2332.0;4379.0;8054.0;1388.0;2119.0;1150.0;2189.0;4103.0;7530.0;1315.0;2089.0;1.0;1.0;-8.0;6.0;ETHANOL
1227.0;2321.0;4335.0;7997.0;1389.0;2117.0;1136.0;2166.0;4079.0;7506.0;1312.0;2085.0;0.0;1.0;-11.0;9.0;ETHANOL
1216.0;2318.0;4351.0;8003.0;1384.0;2112.0;1135.0;2151.0;4035.0;7414.0;1299.0;2071.0;1.0;1.0;-9.0;5.0;ETHANOL
1222.0;2296.0;4307.0;7958.0;1384.0;2113.0;1130.0;2150.0;4036.0;7479.0;1307.0;2084.0;0.0;4.0;-9.0;10.0;ETHANOL
1229.0;2328.0;4369.0;8021.0;1392.0;2124.0;1147.0;2172.0;4093.0;7523.0;1308.0;2077.0;0.0;1.0;-13.0;5.0;ETHANOL
1214.0;2296.0;4319.0;7968.0;1385.0;2113.0;1132.0;2158.0;4055.0;7453.0;1302.0;2076.0;0.0;5.0;-13.0;6.0;ETHANOL
1207.0;2292.0;4301.0;7936.0;1375.0;2096.0;1119.0;2129.0;4004.0;7394.0;1292.0;2057.0;1.0;1.0;-9.0;2.0;ETHANOL
1206.0;2273.0;4265.0;7867.0;1367.0;2094.0;1127.0;2139.0;4028.0;7427.0;1292.0;2058.0;-5.0;7.0;-13.0;4.0;ETHANOL
1206.0;2289.0;4270.0;7913.0;1371.0;2104.0;1147.0;2175.0;4076.0;7503.0;1310.0;2080.0;2.0;1.0;-8.0;4.0;ETHANOL
1223.0;2313.0;4325.0;7965.0;1383.0;2109.0;1123.0;2139.0;4034.0;7450.0;1301.0;2069.0;1.0;1.0;-8.0;6.0;ETHANOL
1197.0;2269.0;4261.0;7855.0;1367.0;2092.0;1119.0;2138.0;4006.0;7394.0;1295.0;2059.0;-8.0;1.0;-9.0;6.0;ETHANOL
1205.0;2274.0;4278.0;7901.0;1375.0;2102.0;1144.0;2175.0;4081.0;7479.0;1309.0;2066.0;-8.0;0.0;-12.0;6.0;ETHANOL
1217.0;2305.0;4307.0;7945.0;1378.0;2108.0;1138.0;2165.0;4052.0;7430.0;1299.0;2077.0;-4.0;0.0;-12.0;6.0;ETHANOL
1221.0;2292.0;4316.0;7923.0;1376.0;2101.0;1122.0;2153.0;4039.0;7448.0;1309.0;2064.0;-8.0;1.0;-12.0;1.0;ETHANOL
1226.0;2313.0;4324.0;7973.0;1383.0;2126.0;1154.0;2199.0;4099.0;7561.0;1319.0;2098.0;-4.0;1.0;-12.0;1.0;ETHANOL
1232.0;2331.0;4368.0;8076.0;1403.0;2155.0;1159.0;2200.0;4147.0;7599.0;1323.0;2116.0;-4.0;5.0;-12.0;1.0;ETHANOL
1269.0;2382.0;4472.0;8228.0;1424.0;2156.0;1160.0;2209.0;4132.0;7628.0;1339.0;2120.0;8.0;5.0;-12.0;1.0;ETHANOL
1271.0;2385.0;4470.0;8202.0;1412.0;2168.0;1173.0;2228.0;4167.0;7678.0;1339.0;2125.0;-7.0;3.0;-14.0;4.0;ETHANOL
1278.0;2408.0;4521.0;8266.0;1430.0;2180.0;1185.0;2247.0;4217.0;7716.0;1351.0;2140.0;2.0;3.0;-12.0;4.0;ETHANOL
1280.0;2398.0;4495.0;8313.0;1444.0;2185.0;1205.0;2285.0;4268.0;7846.0;1366.0;2162.0;1.0;3.0;-12.0;4.0;ETHANOL
1304.0;2452.0;4594.0;8393.0;1440.0;2203.0;1211.0;2310.0;4309.0;7895.0;1366.0;2177.0;2.0;4.0;-12.0;4.0;ETHANOL
1296.0;2444.0;4563.0;8408.0;1451.0;2205.0;1208.0;2297.0;4290.0;7865.0;1369.0;2183.0;1.0;3.0;-12.0;4.0;ETHANOL
1311.0;2487.0;4665.0;8606.0;1495.0;2306.0;1277.0;2431.0;4559.0;8407.0;1471.0;2335.0;1.0;3.0;-12.0;10.0;ETHANOL
1424.0;2703.0;5092.0;9433.0;1638.0;2497.0;1417.0;2688.0;5004.0;9206.0;1603.0;2517.0;-5.0;6.0;-16.0;6.0;ETHANOL
1553.0;2923.0;5486.0;10072.0;1743.0;2616.0;1489.0;2823.0;5270.0;9604.0;1662.0;2616.0;-5.0;3.0;-16.0;13.0;ETHANOL
1612.0;3022.0;5641.0;10368.0;1778.0;2671.0;1509.0;2851.0;5299.0;9680.0;1668.0;2629.0;5.0;4.0;-9.0;8.0;ETHANOL
1620.0;3035.0;5638.0;10265.0;1752.0;2617.0;1473.0;2779.0;5164.0;9339.0;1616.0;2528.0;5.0;3.0;-5.0;8.0;ETHANOL
1522.0;2866.0;5321.0;9685.0;1660.0;2516.0;1409.0;2657.0;4912.0;8966.0;1554.0;2448.0;10.0;4.0;-5.0;8.0;ETHANOL
1489.0;2772.0;5183.0;9427.0;1621.0;2447.0;1373.0;2586.0;4818.0;8753.0;1511.0;2398.0;10.0;-1.0;-5.0;5.0;ETHANOL
1448.0;2720.0;5062.0;9274.0;1599.0;2426.0;1352.0;2552.0;4772.0;8690.0;1515.0;2400.0;-1.0;2.0;-8.0;6.0;ETHANOL
1440.0;2716.0;5053.0;9264.0;1598.0;2429.0;1376.0;2582.0;4790.0;8736.0;1517.0;2391.0;-1.0;2.0;-8.0;9.0;ETHANOL
1459.0;2727.0;5086.0;9332.0;1609.0;2444.0;1366.0;2578.0;4797.0;8783.0;1517.0;2394.0;-1.0;2.0;-9.0;6.0;ETHANOL
1462.0;2754.0;5105.0;9292.0;1602.0;2439.0;1367.0;2573.0;4783.0;8771.0;1517.0;2383.0;-1.0;2.0;-9.0;7.0;ETHANOL
1474.0;2750.0;5095.0;9282.0;1600.0;2409.0;1352.0;2557.0;4736.0;8631.0;1506.0;2375.0;1.0;2.0;-9.0;6.0;ETHANOL
1454.0;2733.0;5067.0;9274.0;1597.0;2418.0;1368.0;2578.0;4793.0;8757.0;1514.0;2397.0;2.0;2.0;-9.0;7.0;ETHANOL
1457.0;2737.0;5082.0;9262.0;1601.0;2424.0;1364.0;2587.0;4790.0;8717.0;1507.0;2378.0;1.0;0.0;-9.0;4.0;ETHANOL
1470.0;2756.0;5117.0;9305.0;1591.0;2417.0;1361.0;2564.0;4757.0;8689.0;1509.0;2390.0;2.0;-1.0;-8.0;4.0;ETHANOL
1457.0;2746.0;5114.0;9334.0;1613.0;2432.0;1369.0;2577.0;4808.0;8796.0;1520.0;2398.0;4.0;-1.0;-4.0;2.0;ETHANOL
1479.0;2780.0;5169.0;9406.0;1614.0;2452.0;1391.0;2617.0;4838.0;8774.0;1519.0;2405.0;6.0;3.0;-4.0;2.0;ETHANOL
1498.0;2812.0;5220.0;9518.0;1630.0;2473.0;1404.0;2650.0;4936.0;8977.0;1553.0;2454.0;4.0;4.0;-4.0;2.0;ETHANOL
1528.0;2864.0;5328.0;9706.0;1671.0;2529.0;1463.0;2733.0;5062.0;9247.0;1601.0;2512.0;4.0;4.0;-4.0;1.0;ETHANOL
1590.0;2965.0;5528.0;10033.0;1716.0;2578.0;1479.0;2788.0;5168.0;9392.0;1621.0;2560.0;8.0;2.0;-6.0;1.0;ETHANOL
1606.0;2998.0;5569.0;10123.0;1741.0;2612.0;1494.0;2811.0;5208.0;9513.0;1641.0;2588.0;2.0;3.0;-11.0;1.0;ETHANOL
1613.0;3015.0;5597.0;10182.0;1741.0;2612.0;1499.0;2804.0;5210.0;9416.0;1631.0;2555.0;2.0;2.0;-11.0;6.0;ETHANOL
1625.0;3020.0;5593.0;10153.0;1731.0;2616.0;1501.0;2830.0;5263.0;9505.0;1650.0;2595.0;0.0;0.0;-11.0;8.0;ETHANOL
1639.0;3066.0;5684.0;10323.0;1763.0;2648.0;1548.0;2883.0;5292.0;9599.0;1656.0;2591.0;0.0;0.0;-11.0;9.0;ETHANOL
1613.0;3001.0;5548.0;10074.0;1717.0;2586.0;1473.0;2761.0;5112.0;9258.0;1597.0;2528.0;0.0;0.0;-11.0;12.0;ETHANOL
1557.0;2917.0;5399.0;9833.0;1688.0;2550.0;1456.0;2744.0;5070.0;9149.0;1591.0;2504.0;6.0;3.0;-2.0;12.0;ETHANOL
1544.0;2900.0;5386.0;9833.0;1694.0;2548.0;1472.0;2770.0;5139.0;9298.0;1612.0;2526.0;6.0;-3.0;-2.0;12.0;ETHANOL
1578.0;2954.0;5462.0;9991.0;1709.0;2577.0;1493.0;2799.0;5172.0;9400.0;1621.0;2535.0;10.0;6.0;-2.0;3.0;ETHANOL
1572.0;2943.0;5448.0;9982.0;1713.0;2575.0;1502.0;2807.0;5165.0;9364.0;1612.0;2535.0;5.0;3.0;-6.0;3.0;ETHANOL
1587.0;2952.0;5488.0;9951.0;1705.0;2554.0;1451.0;2721.0;5071.0;9266.0;1598.0;2508.0;5.0;3.0;-9.0;5.0;ETHANOL
1573.0;2943.0;5432.0;9926.0;1701.0;2571.0;1474.0;2761.0;5139.0;9352.0;1609.0;2538.0;4.0;3.0;-9.0;5.0;ETHANOL
1583.0;2970.0;5489.0;9954.0;1708.0;2580.0;1484.0;2778.0;5138.0;9280.0;1613.0;2524.0;5.0;3.0;-9.0;7.0;ETHANOL
1579.0;2959.0;5499.0;9976.0;1703.0;2567.0;1474.0;2760.0;5100.0;9248.0;1606.0;2514.0;-1.0;4.0;-10.0;6.0;ETHANOL
1578.0;2937.0;5435.0;9918.0;1693.0;2561.0;1470.0;2771.0;5147.0;9404.0;1628.0;2582.0;4.0;3.0;-10.0;7.0;ETHANOL
1629.0;3064.0;5737.0;10531.0;1812.0;2749.0;1603.0;3011.0;5612.0;10142.0;1760.0;2762.0;-1.0;8.0;-11.0;9.0;ETHANOL
1742.0;3267.0;6056.0;11044.0;1888.0;2821.0;1670.0;3115.0;5748.0;10391.0;1784.0;2793.0;-2.0;6.0;-13.0;8.0;ETHANOL
1772.0;3296.0;6097.0;11101.0;1886.0;2818.0;1654.0;3098.0;5742.0;10385.0;1777.0;2777.0;-2.0;7.0;-13.0;6.0;ETHANOL
1749.0;3263.0;6063.0;11114.0;1899.0;2847.0;1662.0;3128.0;5776.0;10467.0;1803.0;2806.0;-2.0;5.0;-11.0;6.0;ETHANOL
1778.0;3328.0;6146.0;11109.0;1886.0;2826.0;1659.0;3092.0;5694.0;10315.0;1772.0;2776.0;-3.0;1.0;-13.0;5.0;ETHANOL
1755.0;3292.0;6118.0;11120.0;1920.0;2911.0;1731.0;3247.0;6029.0;10926.0;1882.0;2917.0;-3.0;1.0;-6.0;6.0;ETHANOL
1867.0;3470.0;6402.0;11511.0;1957.0;2910.0;1702.0;3181.0;5842.0;10567.0;1817.0;2822.0;2.0;5.0;-6.0;3.0;ETHANOL
1766.0;3306.0;6064.0;11081.0;1879.0;2820.0;1644.0;3070.0;5688.0;10280.0;1766.0;2738.0;2.0;9.0;-6.0;3.0;ETHANOL
1713.0;3198.0;5873.0;10667.0;1826.0;2742.0;1602.0;3012.0;5539.0;10039.0;1721.0;2683.0;2.0;9.0;-12.0;2.0;ETHANOL
1696.0;3147.0;5813.0;10541.0;1805.0;2715.0;1596.0;2974.0;5496.0;9927.0;1703.0;2662.0;3.0;3.0;-12.0;6.0;ETHANOL
1678.0;3117.0;5774.0;10449.0;1785.0;2680.0;1570.0;2938.0;5428.0;9807.0;1680.0;2640.0;-2.0;0.0;-13.0;5.0;ETHANOL
1663.0;3103.0;5725.0;10408.0;1774.0;2681.0;1580.0;2945.0;5432.0;9822.0;1684.0;2638.0;-2.0;0.0;-13.0;2.0;ETHANOL
1652.0;3084.0;5747.0;10442.0;1779.0;2687.0;1550.0;2900.0;5365.0;9754.0;1682.0;2643.0;-2.0;0.0;-13.0;2.0;ETHANOL
1679.0;3128.0;5763.0;10517.0;1785.0;2692.0;1560.0;2931.0;5392.0;9796.0;1689.0;2642.0;-2.0;0.0;-12.0;2.0;ETHANOL
1674.0;3113.0;5734.0;10400.0;1786.0;2674.0;1563.0;2924.0;5415.0;9746.0;1683.0;2611.0;-2.0;0.0;-9.0;7.0;ETHANOL
1648.0;3082.0;5689.0;10311.0;1767.0;2668.0;1561.0;2934.0;5394.0;9722.0;1673.0;2622.0;0.0;2.0;-8.0;6.0;ETHANOL
1674.0;3100.0;5724.0;10376.0;1768.0;2661.0;1538.0;2886.0;5346.0;9685.0;1678.0;2630.0;0.0;2.0;-9.0;7.0;ETHANOL
1690.0;3163.0;5835.0;10573.0;1812.0;2737.0;1626.0;3053.0;5613.0;10110.0;1738.0;2721.0;2.0;2.0;-9.0;8.0;ETHANOL
1762.0;3269.0;6041.0;10972.0;1860.0;2818.0;1674.0;3120.0;5756.0;10415.0;1799.0;2799.0;0.0;2.0;-8.0;5.0;ETHANOL
1801.0;3374.0;6275.0;11507.0;1965.0;2962.0;1791.0;3339.0;6153.0;11126.0;1902.0;2965.0;4.0;2.0;-3.0;5.0;ETHANOL
1927.0;3596.0;6583.0;11953.0;2012.0;2988.0;1798.0;3328.0;6089.0;10961.0;1872.0;2917.0;4.0;2.0;-3.0;7.0;ETHANOL
1882.0;3484.0;6419.0;11544.0;1953.0;2917.0;1744.0;3248.0;5971.0;10694.0;1828.0;2853.0;7.0;2.0;-3.0;2.0;ETHANOL
1853.0;3429.0;6277.0;11293.0;1926.0;2877.0;1690.0;3150.0;5809.0;10491.0;1799.0;2818.0;4.0;3.0;-3.0;4.0;ETHANOL
1818.0;3385.0;6214.0;11187.0;1901.0;2842.0;1696.0;3156.0;5823.0;10469.0;1798.0;2797.0;4.0;2.0;-3.0;4.0;ETHANOL
1806.0;3335.0;6171.0;11157.0;1900.0;2852.0;1709.0;3178.0;5851.0;10537.0;1817.0;2830.0;-3.0;1.0;-7.0;8.0;ETHANOL
1840.0;3424.0;6288.0;11353.0;1930.0;2881.0;1715.0;3210.0;5902.0;10579.0;1821.0;2846.0;-4.0;1.0;-14.0;6.0;ETHANOL
1858.0;3421.0;6306.0;11394.0;1936.0;2894.0;1719.0;3207.0;5892.0;10669.0;1831.0;2856.0;-5.0;1.0;-14.0;4.0;ETHANOL
1869.0;3464.0;6349.0;11474.0;1940.0;2898.0;1736.0;3222.0;5910.0;10675.0;1832.0;2853.0;-5.0;1.0;-15.0;4.0;ETHANOL
1853.0;3440.0;6301.0;11358.0;1929.0;2885.0;1716.0;3202.0;5864.0;10600.0;1820.0;2844.0;-5.0;5.0;-14.0;8.0;ETHANOL
1865.0;3443.0;6360.0;11435.0;1938.0;2887.0;1731.0;3217.0;5899.0;10581.0;1817.0;2843.0;-5.0;5.0;-14.0;4.0;ETHANOL
1849.0;3428.0;6294.0;11320.0;1917.0;2881.0;1716.0;3193.0;5846.0;10551.0;1815.0;2842.0;-2.0;2.0;-13.0;3.0;ETHANOL
1848.0;3419.0;6272.0;11339.0;1930.0;2872.0;1735.0;3224.0;5898.0;10662.0;1818.0;2828.0;0.0;2.0;-8.0;2.0;ETHANOL
1835.0;3409.0;6244.0;11275.0;1920.0;2875.0;1731.0;3216.0;5916.0;10576.0;1809.0;2812.0;-2.0;2.0;-8.0;2.0;ETHANOL
1827.0;3399.0;6231.0;11233.0;1908.0;2868.0;1712.0;3173.0;5836.0;10533.0;1815.0;2818.0;-1.0;2.0;-9.0;2.0;ETHANOL
1831.0;3389.0;6219.0;11295.0;1917.0;2881.0;1703.0;3181.0;5813.0;10530.0;1809.0;2828.0;-1.0;2.0;-9.0;2.0;ETHANOL
1846.0;3409.0;6295.0;11345.0;1923.0;2878.0;1738.0;3216.0;5900.0;10631.0;1824.0;2845.0;-1.0;1.0;-9.0;2.0;ETHANOL
1846.0;3424.0;6294.0;11352.0;1940.0;2899.0;1740.0;3232.0;5945.0;10723.0;1837.0;2870.0;-5.0;1.0;-11.0;2.0;ETHANOL
1858.0;3453.0;6362.0;11514.0;1959.0;2931.0;1763.0;3291.0;6054.0;10827.0;1851.0;2909.0;-1.0;1.0;-13.0;5.0;ETHANOL
1888.0;3496.0;6410.0;11616.0;1966.0;2939.0;1758.0;3265.0;6001.0;10802.0;1850.0;2878.0;0.0;1.0;-13.0;8.0;ETHANOL
1878.0;3472.0;6382.0;11525.0;1955.0;2919.0;1737.0;3216.0;5917.0;10657.0;1831.0;2840.0;0.0;-2.0;-15.0;5.0;ETHANOL
1874.0;3467.0;6328.0;11452.0;1942.0;2912.0;1764.0;3295.0;6009.0;10789.0;1847.0;2891.0;0.0;2.0;-15.0;5.0;ETHANOL
1898.0;3514.0;6465.0;11669.0;1975.0;2947.0;1778.0;3309.0;6090.0;10951.0;1874.0;2897.0;-4.0;-2.0;-13.0;5.0;ETHANOL
1878.0;3493.0;6402.0;11537.0;1961.0;2931.0;1752.0;3288.0;5989.0;10770.0;1845.0;2876.0;-4.0;2.0;-6.0;5.0;ETHANOL
1868.0;3461.0;6369.0;11448.0;1944.0;2910.0;1746.0;3246.0;5935.0;10665.0;1824.0;2850.0;-4.0;-2.0;-9.0;2.0;ETHANOL
1846.0;3434.0;6325.0;11386.0;1931.0;2903.0;1714.0;3187.0;5872.0;10569.0;1804.0;2835.0;-2.0;0.0;-6.0;2.0;ETHANOL
1847.0;3434.0;6327.0;11410.0;1940.0;2917.0;1743.0;3255.0;5972.0;10758.0;1851.0;2897.0;3.0;0.0;-6.0;2.0;ETHANOL
1905.0;3521.0;6447.0;11686.0;1987.0;2976.0;1803.0;3349.0;6168.0;11046.0;1895.0;2949.0;3.0;0.0;-7.0;2.0;ETHANOL
1951.0;3595.0;6630.0;11926.0;2016.0;3010.0;1819.0;3380.0;6229.0;11138.0;1909.0;2964.0;-1.0;0.0;-9.0;2.0;ETHANOL
1970.0;3662.0;6679.0;11995.0;2027.0;3028.0;1824.0;3401.0;6231.0;11227.0;1920.0;2978.0;-2.0;4.0;-7.0;4.0;ETHANOL
1974.0;3659.0;6696.0;12042.0;2039.0;3041.0;1853.0;3426.0;6266.0;11256.0;1927.0;2987.0;-3.0;4.0;-7.0;4.0;ETHANOL
1982.0;3659.0;6687.0;12066.0;2037.0;3043.0;1852.0;3456.0;6327.0;11353.0;1933.0;3019.0;-5.0;5.0;-8.0;4.0;ETHANOL
2000.0;3686.0;6756.0;12098.0;2039.0;3033.0;1827.0;3406.0;6217.0;11195.0;1910.0;2974.0;-5.0;4.0;-7.0;4.0;ETHANOL
1967.0;3640.0;6678.0;11966.0;2029.0;3033.0;1850.0;3432.0;6291.0;11323.0;1940.0;2989.0;-3.0;1.0;-6.0;4.0;ETHANOL
1975.0;3664.0;6731.0;12185.0;2058.0;3068.0;1880.0;3474.0;6356.0;11396.0;1954.0;3034.0;-3.0;-1.0;-7.0;5.0;ETHANOL
1999.0;3702.0;6778.0;12176.0;2059.0;3072.0;1867.0;3456.0;6328.0;11364.0;1940.0;3028.0;-4.0;-1.0;-5.0;7.0;ETHANOL
1988.0;3674.0;6728.0;12169.0;2061.0;3066.0;1868.0;3456.0;6308.0;11312.0;1941.0;3007.0;-4.0;0.0;-5.0;5.0;ETHANOL
2005.0;3698.0;6756.0;12100.0;2043.0;3064.0;1871.0;3457.0;6317.0;11322.0;1936.0;3006.0;-4.0;0.0;-10.0;6.0;ETHANOL
1991.0;3665.0;6736.0;12117.0;2047.0;3060.0;1856.0;3440.0;6343.0;11339.0;1947.0;3037.0;-4.0;0.0;-10.0;6.0;ETHANOL
1998.0;3687.0;6769.0;12164.0;2068.0;3086.0;1882.0;3495.0;6409.0;11483.0;1966.0;3052.0;3.0;0.0;-9.0;11.0;ETHANOL
2032.0;3754.0;6922.0;12452.0;2113.0;3152.0;1945.0;3622.0;6615.0;11879.0;2022.0;3143.0;3.0;1.0;-10.0;12.0;ETHANOL
2107.0;3890.0;7112.0;12766.0;2162.0;3216.0;1986.0;3670.0;6697.0;12043.0;2056.0;3165.0;3.0;1.0;-10.0;7.0;ETHANOL
2132.0;3918.0;7159.0;12904.0;2181.0;3243.0;2009.0;3716.0;6783.0;12133.0;2070.0;3203.0;3.0;1.0;-9.0;3.0;ETHANOL
2145.0;3973.0;7252.0;13033.0;2205.0;3252.0;1991.0;3700.0;6770.0;12183.0;2080.0;3210.0;2.0;-1.0;-9.0;4.0;ETHANOL
2173.0;3995.0;7289.0;13055.0;2193.0;3259.0;2022.0;3732.0;6750.0;12094.0;2063.0;3200.0;2.0;-1.0;-14.0;4.0;ETHANOL
2145.0;3952.0;7219.0;12895.0;2166.0;3214.0;1989.0;3674.0;6696.0;12021.0;2044.0;3167.0;4.0;-1.0;-3.0;4.0;ETHANOL
2148.0;3938.0;7164.0;12935.0;2169.0;3236.0;1993.0;3677.0;6708.0;12016.0;2038.0;3160.0;6.0;-1.0;-3.0;8.0;ETHANOL
2124.0;3913.0;7138.0;12777.0;2162.0;3207.0;1985.0;3675.0;6696.0;11908.0;2035.0;3164.0;4.0;5.0;-5.0;10.0;ETHANOL
2108.0;3900.0;7141.0;12860.0;2169.0;3202.0;1995.0;3696.0;6742.0;12012.0;2052.0;3159.0;6.0;3.0;-11.0;8.0;ETHANOL
2112.0;3913.0;7134.0;12812.0;2164.0;3211.0;1996.0;3689.0;6731.0;12026.0;2050.0;3165.0;4.0;3.0;-11.0;8.0;ETHANOL
2124.0;3915.0;7166.0;12872.0;2184.0;3224.0;2017.0;3707.0;6777.0;12121.0;2064.0;3198.0;-1.0;1.0;-13.0;8.0;ETHANOL
2156.0;3967.0;7266.0;12928.0;2173.0;3237.0;1989.0;3680.0;6697.0;11975.0;2049.0;3172.0;-3.0;1.0;-16.0;4.0;ETHANOL
2148.0;3950.0;7222.0;12849.0;2168.0;3216.0;1984.0;3668.0;6665.0;11944.0;2025.0;3149.0;-3.0;1.0;-16.0;4.0;ETHANOL
2124.0;3891.0;7128.0;12800.0;2158.0;3220.0;1988.0;3686.0;6711.0;12010.0;2055.0;3190.0;-1.0;7.0;-16.0;4.0;ETHANOL
2148.0;3949.0;7217.0;12967.0;2200.0;3268.0;2026.0;3739.0;6815.0;12180.0;2085.0;3217.0;1.0;6.0;-12.0;7.0;ETHANOL
2221.0;4065.0;7361.0;13146.0;2204.0;3264.0;2024.0;3725.0;6778.0;12089.0;2066.0;3201.0;1.0;3.0;-4.0;14.0;ETHANOL
2162.0;3975.0;7265.0;13013.0;2197.0;3252.0;2011.0;3708.0;6788.0;12121.0;2064.0;3207.0;1.0;3.0;-4.0;7.0;ETHANOL
2178.0;4015.0;7300.0;13092.0;2210.0;3303.0;2093.0;3852.0;7009.0;12526.0;2126.0;3302.0;1.0;3.0;-4.0;7.0;ETHANOL
2242.0;4136.0;7575.0;13621.0;2296.0;3403.0;2129.0;3940.0;7207.0;12844.0;2193.0;3377.0;0.0;3.0;-12.0;9.0;ETHANOL
2283.0;4222.0;7704.0;13830.0;2330.0;3460.0;2178.0;3995.0;7317.0;13071.0;2220.0;3432.0;-2.0;3.0;-13.0;7.0;ETHANOL
2344.0;4315.0;7870.0;14056.0;2355.0;3479.0;2191.0;4026.0;7339.0;13112.0;2230.0;3427.0;-3.0;1.0;-14.0;5.0;ETHANOL
2332.0;4288.0;7819.0;14010.0;2364.0;3495.0;2204.0;4065.0;7367.0;13120.0;2236.0;3444.0;-3.0;-2.0;-14.0;8.0;ETHANOL
2341.0;4304.0;7863.0;14070.0;2354.0;3480.0;2214.0;4060.0;7352.0;13107.0;2227.0;3425.0;0.0;-2.0;-15.0;4.0;ETHANOL
2344.0;4297.0;7883.0;14057.0;2359.0;3481.0;2194.0;4055.0;7357.0;13151.0;2229.0;3437.0;-5.0;-2.0;-14.0;8.0;ETHANOL
2323.0;4276.0;7819.0;13935.0;2342.0;3465.0;2163.0;4017.0;7309.0;13010.0;2199.0;3400.0;-7.0;0.0;-14.0;4.0;ETHANOL
2334.0;4301.0;7850.0;14131.0;2384.0;3528.0;2249.0;4152.0;7568.0;13453.0;2301.0;3543.0;3.0;0.0;-14.0;7.0;ETHANOL
2446.0;4490.0;8179.0;14630.0;2464.0;3622.0;2326.0;4270.0;7745.0;13762.0;2331.0;3581.0;2.0;2.0;-14.0;5.0;ETHANOL
2490.0;4562.0;8350.0;14862.0;2482.0;3637.0;2349.0;4297.0;7814.0;13853.0;2351.0;3603.0;-7.0;2.0;-8.0;7.0;ETHANOL
2480.0;4559.0;8297.0;14784.0;2486.0;3654.0;2347.0;4305.0;7833.0;13914.0;2361.0;3634.0;-5.0;3.0;-8.0;5.0;ETHANOL
2519.0;4630.0;8441.0;14990.0;2519.0;3700.0;2359.0;4344.0;7890.0;13996.0;2370.0;3655.0;-5.0;5.0;-8.0;6.0;ETHANOL
2523.0;4637.0;8434.0;15020.0;2509.0;3667.0;2348.0;4304.0;7821.0;13959.0;2356.0;3614.0;-5.0;9.0;-8.0;8.0;ETHANOL
2495.0;4581.0;8336.0;14795.0;2475.0;3656.0;2369.0;4323.0;7873.0;13891.0;2348.0;3606.0;-5.0;5.0;-9.0;10.0;ETHANOL
2481.0;4543.0;8253.0;14725.0;2463.0;3631.0;2336.0;4301.0;7799.0;13841.0;2328.0;3577.0;-2.0;11.0;-9.0;6.0;ETHANOL
2495.0;4559.0;8262.0;14820.0;2497.0;3673.0;2380.0;4371.0;7903.0;14076.0;2373.0;3635.0;-2.0;3.0;-9.0;6.0;ETHANOL
2534.0;4648.0;8427.0;15039.0;2507.0;3698.0;2379.0;4397.0;7969.0;14129.0;2386.0;3670.0;1.0;6.0;-9.0;7.0;ETHANOL
2566.0;4720.0;8546.0;15231.0;2536.0;3704.0;2379.0;4343.0;7900.0;14054.0;2375.0;3634.0;-2.0;3.0;-14.0;5.0;ETHANOL
2541.0;4648.0;8453.0;15012.0;2490.0;3668.0;2363.0;4340.0;7876.0;13921.0;2357.0;3613.0;0.0;5.0;-14.0;9.0;ETHANOL
2488.0;4559.0;8290.0;14682.0;2462.0;3625.0;2310.0;4251.0;7734.0;13700.0;2311.0;3564.0;-2.0;3.0;-14.0;8.0;ETHANOL
2485.0;4535.0;8206.0;14599.0;2448.0;3601.0;2338.0;4297.0;7778.0;13778.0;2337.0;3587.0;0.0;3.0;-14.0;6.0;ETHANOL
2480.0;4555.0;8328.0;14823.0;2492.0;3678.0;2384.0;4384.0;7924.0;14018.0;2371.0;3646.0;-1.0;5.0;-15.0;7.0;ETHANOL
2558.0;4684.0;8517.0;15078.0;2513.0;3699.0;2394.0;4381.0;7945.0;14096.0;2379.0;3655.0;-1.0;3.0;-8.0;4.0;ETHANOL
2536.0;4645.0;8421.0;14945.0;2502.0;3664.0;2374.0;4326.0;7880.0;13946.0;2354.0;3610.0;-1.0;4.0;-12.0;4.0;ETHANOL
2527.0;4631.0;8409.0;14925.0;2501.0;3678.0;2382.0;4368.0;7903.0;13981.0;2361.0;3620.0;-1.0;3.0;-9.0;4.0;ETHANOL
2534.0;4647.0;8411.0;14905.0;2488.0;3646.0;2354.0;4329.0;7811.0;13871.0;2349.0;3608.0;-1.0;3.0;-10.0;4.0;ETHANOL
2531.0;4628.0;8407.0;14906.0;2489.0;3639.0;2329.0;4277.0;7735.0;13723.0;2325.0;3569.0;1.0;4.0;-10.0;4.0;ETHANOL
2487.0;4564.0;8267.0;14641.0;2458.0;3620.0;2357.0;4307.0;7772.0;13742.0;2326.0;3555.0;1.0;3.0;-11.0;4.0;ETHANOL
2505.0;4577.0;8358.0;14848.0;2489.0;3684.0;2371.0;4345.0;7899.0;14042.0;2387.0;3687.0;6.0;3.0;-10.0;4.0;ETHANOL
2600.0;4766.0;8613.0;15329.0;2563.0;3753.0;2463.0;4507.0;8145.0;14404.0;2438.0;3739.0;3.0;2.0;-11.0;6.0;ETHANOL
2630.0;4802.0;8705.0;15466.0;2583.0;3810.0;2486.0;4547.0;8217.0;14519.0;2453.0;3770.0;3.0;2.0;-11.0;6.0;ETHANOL
2651.0;4853.0;8810.0;15641.0;2608.0;3814.0;2472.0;4552.0;8230.0;14598.0;2461.0;3749.0;3.0;4.0;-11.0;6.0;ETHANOL
2656.0;4860.0;8781.0;15546.0;2597.0;3813.0;2502.0;4580.0;8266.0;14570.0;2450.0;3735.0;2.0;2.0;-11.0;2.0;ETHANOL
2662.0;4849.0;8742.0;15483.0;2586.0;3770.0;2456.0;4494.0;8084.0;14284.0;2420.0;3683.0;2.0;1.0;-12.0;6.0;ETHANOL
2610.0;4766.0;8655.0;15336.0;2558.0;3756.0;2464.0;4501.0;8166.0;14420.0;2429.0;3721.0;-5.0;1.0;-12.0;10.0;ETHANOL
2629.0;4813.0;8636.0;15401.0;2554.0;3741.0;2436.0;4458.0;8043.0;14194.0;2402.0;3672.0;-5.0;2.0;-12.0;10.0;ETHANOL
2596.0;4725.0;8602.0;15240.0;2540.0;3738.0;2453.0;4500.0;8100.0;14219.0;2400.0;3683.0;-4.0;2.0;-12.0;11.0;ETHANOL
2612.0;4759.0;8588.0;15227.0;2541.0;3728.0;2436.0;4443.0;8040.0;14243.0;2399.0;3669.0;-4.0;2.0;-11.0;10.0;ETHANOL
2576.0;4714.0;8519.0;15063.0;2518.0;3708.0;2405.0;4389.0;7941.0;14085.0;2379.0;3653.0;-3.0;4.0;-10.0;0.0;ETHANOL
2573.0;4688.0;8483.0;15089.0;2519.0;3699.0;2434.0;4420.0;7979.0;14142.0;2372.0;3641.0;-2.0;6.0;-10.0;0.0;ETHANOL
2609.0;4751.0;8566.0;15135.0;2530.0;3720.0;2433.0;4459.0;8080.0;14254.0;2409.0;3680.0;1.0;5.0;-8.0;0.0;ETHANOL
2609.0;4758.0;8645.0;15324.0;2558.0;3752.0;2458.0;4496.0;8103.0;14354.0;2423.0;3723.0;9.0;7.0;-11.0;3.0;ETHANOL
2622.0;4796.0;8724.0;15456.0;2576.0;3777.0;2486.0;4530.0;8164.0;14436.0;2433.0;3720.0;9.0;5.0;-13.0;4.0;ETHANOL
2636.0;4796.0;8711.0;15511.0;2606.0;3820.0;2520.0;4620.0;8336.0;14781.0;2504.0;3812.0;5.0;5.0;-13.0;3.0;ETHANOL
2713.0;4955.0;8954.0;15848.0;2645.0;3864.0;2512.0;4590.0;8317.0;14714.0;2476.0;3789.0;1.0;5.0;-13.0;5.0;ETHANOL
2705.0;4907.0;8835.0;15676.0;2612.0;3815.0;2530.0;4611.0;8298.0;14670.0;2475.0;3787.0;-3.0;3.0;-13.0;5.0;ETHANOL
2672.0;4886.0;8817.0;15596.0;2609.0;3835.0;2541.0;4658.0;8369.0;14773.0;2488.0;3797.0;-1.0;3.0;-12.0;7.0;ETHANOL
2686.0;4893.0;8870.0;15773.0;2618.0;3827.0;2507.0;4577.0;8258.0;14584.0;2475.0;3784.0;0.0;2.0;-12.0;5.0;ETHANOL
2657.0;4869.0;8790.0;15632.0;2613.0;3826.0;2485.0;4555.0;8214.0;14622.0;2470.0;3786.0;0.0;2.0;-7.0;2.0;ETHANOL
2699.0;4906.0;8898.0;15730.0;2624.0;3853.0;2568.0;4665.0;8422.0;14884.0;2501.0;3816.0;0.0;2.0;-7.0;3.0;ETHANOL
2704.0;4927.0;8950.0;15799.0;2639.0;3861.0;2563.0;4664.0;8421.0;14864.0;2509.0;3827.0;0.0;2.0;-9.0;3.0;ETHANOL
2745.0;4994.0;8998.0;15886.0;2638.0;3878.0;2559.0;4664.0;8404.0;14843.0;2498.0;3818.0;1.0;2.0;-9.0;3.0;ETHANOL
2726.0;4951.0;8993.0;15821.0;2654.0;3891.0;2579.0;4705.0;8438.0;14915.0;2519.0;3857.0;1.0;4.0;-6.0;3.0;ETHANOL
2776.0;5044.0;9111.0;16138.0;2678.0;3919.0;2571.0;4719.0;8510.0;15020.0;2537.0;3877.0;1.0;1.0;-9.0;8.0;ETHANOL
2790.0;5092.0;9179.0;16239.0;2704.0;3966.0;2662.0;4847.0;8699.0;15345.0;2572.0;3922.0;1.0;1.0;-10.0;5.0;ETHANOL
2796.0;5094.0;9242.0;16301.0;2710.0;3967.0;2636.0;4798.0;8605.0;15223.0;2565.0;3902.0;3.0;1.0;-10.0;5.0;ETHANOL
2805.0;5106.0;9251.0;16330.0;2714.0;3972.0;2638.0;4801.0;8650.0;15259.0;2572.0;3930.0;1.0;7.0;-10.0;5.0;ETHANOL
2842.0;5162.0;9297.0;16409.0;2722.0;3966.0;2629.0;4806.0;8666.0;15252.0;2568.0;3909.0;0.0;8.0;-16.0;5.0;ETHANOL
2802.0;5108.0;9249.0;16388.0;2737.0;4001.0;2680.0;4874.0;8769.0;15438.0;2595.0;3945.0;-4.0;4.0;-14.0;5.0;ETHANOL
2859.0;5180.0;9378.0;16527.0;2735.0;3990.0;2665.0;4840.0;8733.0;15283.0;2586.0;3947.0;-5.0;3.0;-14.0;5.0;ETHANOL
2819.0;5133.0;9299.0;16439.0;2723.0;3995.0;2656.0;4834.0;8746.0;15362.0;2573.0;3930.0;-5.0;4.0;-14.0;7.0;ETHANOL
2858.0;5167.0;9329.0;16448.0;2723.0;3976.0;2670.0;4858.0;8723.0;15338.0;2572.0;3921.0;-5.0;5.0;-12.0;5.0;ETHANOL
2834.0;5161.0;9287.0;16306.0;2701.0;3938.0;2626.0;4761.0;8571.0;15093.0;2538.0;3868.0;-5.0;4.0;-12.0;9.0;ETHANOL
2806.0;5118.0;9207.0;16179.0;2694.0;3940.0;2601.0;4717.0;8524.0;14982.0;2525.0;3867.0;-6.0;5.0;-11.0;3.0;ETHANOL
2790.0;5079.0;9165.0;16102.0;2680.0;3915.0;2612.0;4749.0;8509.0;14885.0;2517.0;3842.0;-6.0;4.0;-12.0;3.0;ETHANOL
2785.0;5043.0;9069.0;16031.0;2652.0;3898.0;2612.0;4733.0;8490.0;14950.0;2513.0;3845.0;-6.0;2.0;-12.0;4.0;ETHANOL
2792.0;5088.0;9172.0;16128.0;2688.0;3901.0;2601.0;4732.0;8495.0;14942.0;2519.0;3848.0;-2.0;2.0;-13.0;5.0;ETHANOL
2767.0;5034.0;9121.0;16045.0;2672.0;3916.0;2606.0;4763.0;8567.0;15098.0;2535.0;3857.0;0.0;2.0;-12.0;4.0;ETHANOL
2793.0;5075.0;9145.0;16066.0;2665.0;3901.0;2588.0;4706.0;8442.0;14887.0;2510.0;3819.0;0.0;4.0;-16.0;4.0;ETHANOL
2765.0;5009.0;9040.0;16027.0;2649.0;3889.0;2615.0;4752.0;8516.0;14959.0;2514.0;3842.0;0.0;4.0;-16.0;4.0;ETHANOL
2775.0;5038.0;9047.0;16004.0;2664.0;3886.0;2626.0;4765.0;8559.0;15043.0;2516.0;3838.0;1.0;4.0;-9.0;4.0;ETHANOL
2780.0;5048.0;9106.0;16059.0;2677.0;3930.0;2605.0;4762.0;8533.0;15079.0;2540.0;3889.0;1.0;4.0;-7.0;5.0;ETHANOL
2819.0;5114.0;9210.0;16250.0;2696.0;3926.0;2634.0;4782.0;8582.0;15203.0;2545.0;3869.0;1.0;4.0;-9.0;4.0;ETHANOL
2817.0;5101.0;9218.0;16301.0;2705.0;3964.0;2656.0;4817.0;8640.0;15186.0;2558.0;3900.0;1.0;7.0;-9.0;8.0;ETHANOL
2819.0;5123.0;9283.0;16296.0;2698.0;3937.0;2599.0;4737.0;8525.0;15084.0;2535.0;3869.0;-5.0;4.0;-9.0;3.0;ETHANOL
2799.0;5079.0;9161.0;16167.0;2678.0;3909.0;2601.0;4736.0;8547.0;14997.0;2521.0;3870.0;-5.0;4.0;-13.0;3.0;ETHANOL
2783.0;5066.0;9188.0;16181.0;2692.0;3933.0;2657.0;4828.0;8630.0;15203.0;2550.0;3873.0;-5.0;2.0;-13.0;3.0;ETHANOL
2792.0;5074.0;9158.0;16153.0;2687.0;3930.0;2631.0;4789.0;8610.0;15184.0;2546.0;3874.0;-5.0;2.0;-13.0;2.0;ETHANOL
2822.0;5113.0;9195.0;16244.0;2680.0;3924.0;2610.0;4753.0;8579.0;15155.0;2544.0;3918.0;-3.0;2.0;-11.0;2.0;ETHANOL
2837.0;5166.0;9344.0;16489.0;2752.0;4033.0;2736.0;4976.0;8965.0;15736.0;2644.0;4036.0;-3.0;2.0;-11.0;6.0;ETHANOL
2933.0;5352.0;9656.0;16976.0;2816.0;4109.0;2812.0;5080.0;9094.0;15925.0;2676.0;4059.0;-1.0;8.0;-8.0;7.0;ETHANOL
2974.0;5400.0;9742.0;17147.0;2849.0;4124.0;2807.0;5088.0;9112.0;16002.0;2681.0;4088.0;-1.0;9.0;-8.0;6.0;ETHANOL
3003.0;5441.0;9799.0;17301.0;2862.0;4188.0;2865.0;5184.0;9294.0;16357.0;2735.0;4153.0;6.0;11.0;-3.0;5.0;ETHANOL
3049.0;5514.0;9938.0;17476.0;2895.0;4188.0;2868.0;5187.0;9272.0;16288.0;2718.0;4126.0;6.0;-1.0;-5.0;8.0;ETHANOL
3020.0;5456.0;9827.0;17203.0;2848.0;4114.0;2777.0;5039.0;9030.0;15895.0;2657.0;4028.0;8.0;-1.0;-5.0;4.0;ETHANOL
2970.0;5361.0;9641.0;16897.0;2796.0;4055.0;2763.0;5011.0;8963.0;15643.0;2615.0;3968.0;7.0;-1.0;-10.0;3.0;ETHANOL
2876.0;5222.0;9444.0;16613.0;2755.0;4051.0;2757.0;4973.0;8938.0;15704.0;2654.0;4010.0;0.0;6.0;-10.0;3.0;ETHANOL
2949.0;5319.0;9645.0;16927.0;2826.0;4095.0;2812.0;5114.0;9142.0;16040.0;2681.0;4060.0;-1.0;5.0;-10.0;3.0;ETHANOL
2960.0;5373.0;9661.0;17044.0;2819.0;4094.0;2802.0;5087.0;9108.0;15970.0;2684.0;4087.0;-1.0;4.0;-10.0;12.0;ETHANOL
2987.0;5429.0;9823.0;17284.0;2864.0;4173.0;2839.0;5156.0;9249.0;16285.0;2719.0;4097.0;-1.0;5.0;-10.0;12.0;ETHANOL
3010.0;5457.0;9811.0;17212.0;2854.0;4172.0;2863.0;5170.0;9252.0;16248.0;2721.0;4126.0;-1.0;5.0;-7.0;13.0;ETHANOL
3050.0;5546.0;10011.0;17558.0;2908.0;4237.0;2898.0;5266.0;9409.0;16493.0;2768.0;4198.0;1.0;5.0;-7.0;6.0;ETHANOL
3075.0;5596.0;10109.0;17795.0;2961.0;4292.0;2933.0;5330.0;9587.0;16790.0;2805.0;4235.0;1.0;7.0;-7.0;6.0;ETHANOL
3130.0;5672.0;10182.0;17878.0;2968.0;4306.0;2948.0;5327.0;9555.0;16735.0;2813.0;4231.0;0.0;7.0;-7.0;6.0;ETHANOL
3129.0;5656.0;10178.0;17943.0;2973.0;4318.0;2962.0;5351.0;9572.0;16726.0;2809.0;4246.0;-2.0;7.0;-7.0;12.0;ETHANOL
3147.0;5701.0;10250.0;18002.0;2984.0;4308.0;2991.0;5412.0;9715.0;16927.0;2836.0;4252.0;-2.0;0.0;-8.0;9.0;ETHANOL
3182.0;5734.0;10278.0;18024.0;2990.0;4320.0;3000.0;5386.0;9602.0;16815.0;2817.0;4269.0;-2.0;-2.0;-8.0;9.0;ETHANOL
3164.0;5721.0;10245.0;17986.0;2982.0;4315.0;2972.0;5359.0;9611.0;16901.0;2822.0;4253.0;-2.0;0.0;-15.0;9.0;ETHANOL
3179.0;5731.0;10285.0;18015.0;2969.0;4301.0;2926.0;5305.0;9520.0;16659.0;2796.0;4223.0;-2.0;1.0;-12.0;5.0;ETHANOL
3133.0;5672.0;10176.0;17772.0;2936.0;4248.0;2883.0;5245.0;9382.0;16469.0;2759.0;4195.0;1.0;1.0;-8.0;5.0;ETHANOL
3117.0;5624.0;10101.0;17628.0;2920.0;4246.0;2932.0;5290.0;9442.0;16491.0;2757.0;4186.0;5.0;1.0;-4.0;5.0;ETHANOL
3087.0;5572.0;10042.0;17603.0;2906.0;4228.0;2919.0;5243.0;9428.0;16461.0;2747.0;4168.0;1.0;1.0;-4.0;5.0;ETHANOL
3086.0;5575.0;10006.0;17532.0;2911.0;4239.0;2877.0;5192.0;9301.0;16293.0;2736.0;4137.0;1.0;1.0;-4.0;5.0;ETHANOL
3065.0;5542.0;9929.0;17478.0;2882.0;4206.0;2885.0;5230.0;9404.0;16451.0;2740.0;4152.0;-2.0;1.0;-4.0;5.0;ETHANOL
3100.0;5579.0;9969.0;17491.0;2889.0;4189.0;2875.0;5184.0;9250.0;16169.0;2704.0;4098.0;-2.0;2.0;-12.0;5.0;ETHANOL
3065.0;5501.0;9893.0;17311.0;2856.0;4163.0;2874.0;5197.0;9256.0;16268.0;2707.0;4101.0;-5.0;2.0;-12.0;6.0;ETHANOL
3037.0;5468.0;9857.0;17378.0;2874.0;4201.0;2888.0;5242.0;9422.0;16491.0;2750.0;4169.0;-5.0;3.0;-12.0;5.0;ETHANOL
3116.0;5633.0;10129.0;17711.0;2935.0;4246.0;2896.0;5266.0;9403.0;16496.0;2764.0;4195.0;-5.0;3.0;-15.0;6.0;ETHANOL
3130.0;5658.0;10186.0;17749.0;2931.0;4267.0;2922.0;5274.0;9460.0;16575.0;2770.0;4205.0;1.0;4.0;-12.0;7.0;ETHANOL
3141.0;5688.0;10194.0;17848.0;2949.0;4275.0;2940.0;5324.0;9528.0;16696.0;2793.0;4234.0;-6.0;3.0;-11.0;6.0;ETHANOL
3160.0;5705.0;10227.0;17975.0;2965.0;4299.0;2960.0;5337.0;9524.0;16716.0;2784.0;4233.0;-1.0;3.0;-11.0;6.0;ETHANOL
3168.0;5714.0;10266.0;17971.0;2980.0;4308.0;2987.0;5388.0;9683.0;16957.0;2836.0;4281.0;-6.0;3.0;-11.0;2.0;ETHANOL
3191.0;5764.0;10417.0;18165.0;3012.0;4360.0;3026.0;5468.0;9740.0;17115.0;2858.0;4329.0;-6.0;3.0;-11.0;2.0;ETHANOL
3247.0;5848.0;10492.0;18315.0;3020.0;4365.0;3017.0;5474.0;9753.0;17002.0;2847.0;4303.0;-6.0;0.0;-12.0;-1.0;ETHANOL
3196.0;5788.0;10423.0;18259.0;3008.0;4363.0;3010.0;5451.0;9713.0;17056.0;2845.0;4310.0;-1.0;3.0;-12.0;-1.0;ETHANOL
3240.0;5849.0;10460.0;18229.0;3012.0;4334.0;3012.0;5443.0;9680.0;16907.0;2825.0;4265.0;-1.0;3.0;-13.0;6.0;ETHANOL
3202.0;5769.0;10346.0;18014.0;2963.0;4300.0;2976.0;5365.0;9575.0;16820.0;2807.0;4212.0;-1.0;6.0;-13.0;9.0;ETHANOL
3171.0;5703.0;10234.0;17803.0;2945.0;4261.0;2927.0;5307.0;9450.0;16568.0;2776.0;4197.0;-1.0;4.0;-12.0;7.0;ETHANOL
3135.0;5657.0;10081.0;17673.0;2912.0;4255.0;2932.0;5277.0;9448.0;16515.0;2759.0;4190.0;-1.0;4.0;-11.0;5.0;ETHANOL
3159.0;5684.0;10204.0;17818.0;2932.0;4246.0;2951.0;5326.0;9489.0;16582.0;2764.0;4190.0;0.0;2.0;-10.0;8.0;ETHANOL
3167.0;5693.0;10181.0;17807.0;2920.0;4231.0;2971.0;5351.0;9543.0;16546.0;2760.0;4176.0;0.0;2.0;-9.0;4.0;ETHANOL
3146.0;5646.0;10140.0;17706.0;2911.0;4205.0;2925.0;5275.0;9416.0;16461.0;2744.0;4150.0;0.0;2.0;-10.0;4.0;ETHANOL
3116.0;5608.0;10065.0;17535.0;2890.0;4206.0;2911.0;5297.0;9432.0;16488.0;2761.0;4176.0;0.0;2.0;-7.0;4.0;ETHANOL
3149.0;5668.0;10209.0;17895.0;2953.0;4304.0;3005.0;5400.0;9667.0;16944.0;2831.0;4254.0;1.0;4.0;-7.0;8.0;ETHANOL
3226.0;5816.0;10447.0;18204.0;2998.0;4326.0;2998.0;5431.0;9689.0;16938.0;2819.0;4257.0;-5.0;2.0;-9.0;9.0;ETHANOL
3224.0;5813.0;10375.0;17970.0;2958.0;4283.0;2979.0;5355.0;9518.0;16616.0;2775.0;4211.0;-5.0;6.0;-10.0;8.0;ETHANOL
3157.0;5692.0;10131.0;17754.0;2925.0;4248.0;2959.0;5337.0;9487.0;16555.0;2772.0;4165.0;-4.0;2.0;-13.0;6.0;ETHANOL
3156.0;5670.0;10148.0;17788.0;2929.0;4245.0;2968.0;5332.0;9524.0;16629.0;2784.0;4195.0;-4.0;3.0;-17.0;6.0;ETHANOL
3124.0;5677.0;10197.0;17812.0;2948.0;4287.0;3010.0;5399.0;9630.0;16855.0;2810.0;4246.0;-4.0;4.0;-17.0;6.0;ETHANOL
3210.0;5781.0;10351.0;18137.0;2990.0;4341.0;3042.0;5473.0;9767.0;16963.0;2836.0;4294.0;-4.0;6.0;-17.0;10.0;ETHANOL
3233.0;5824.0;10470.0;18234.0;2996.0;4365.0;3042.0;5492.0;9740.0;16972.0;2837.0;4290.0;-2.0;6.0;-15.0;2.0;ETHANOL
3253.0;5878.0;10448.0;18284.0;3022.0;4361.0;3045.0;5503.0;9814.0;17154.0;2850.0;4297.0;0.0;3.0;-14.0;3.0;ETHANOL
3271.0;5896.0;10554.0;18321.0;3035.0;4382.0;3047.0;5506.0;9842.0;17231.0;2860.0;4307.0;7.0;3.0;-14.0;2.0;ETHANOL
3250.0;5845.0;10450.0;18278.0;3013.0;4346.0;3035.0;5484.0;9758.0;16935.0;2825.0;4263.0;6.0;3.0;-12.0;5.0;ETHANOL
3233.0;5815.0;10366.0;18055.0;2977.0;4321.0;3003.0;5422.0;9633.0;16866.0;2808.0;4231.0;4.0;3.0;-12.0;3.0;ETHANOL
3190.0;5768.0;10314.0;17964.0;2961.0;4284.0;2990.0;5400.0;9623.0;16704.0;2794.0;4240.0;-4.0;0.0;-14.0;5.0;ETHANOL
3211.0;5794.0;10316.0;17921.0;2955.0;4268.0;2987.0;5371.0;9595.0;16728.0;2783.0;4206.0;-5.0;0.0;-14.0;5.0;ETHANOL
3195.0;5757.0;10335.0;17892.0;2948.0;4298.0;3005.0;5413.0;9670.0;16889.0;2806.0;4258.0;-8.0;-2.0;-14.0;3.0;ETHANOL
3215.0;5805.0;10381.0;18165.0;3002.0;4351.0;3030.0;5472.0;9768.0;17010.0;2840.0;4305.0;-8.0;-2.0;-14.0;3.0;ETHANOL
3274.0;5893.0;10564.0;18389.0;3040.0;4381.0;3081.0;5557.0;9927.0;17225.0;2882.0;4342.0;-8.0;0.0;-10.0;3.0;ETHANOL
3299.0;5933.0;10621.0;18558.0;3062.0;4407.0;3099.0;5583.0;9932.0;17322.0;2899.0;4354.0;-8.0;0.0;-10.0;1.0;ETHANOL
3329.0;5978.0;10667.0;18535.0;3065.0;4429.0;3115.0;5594.0;9946.0;17325.0;2878.0;4335.0;-9.0;1.0;-15.0;3.0;ETHANOL
3309.0;5962.0;10641.0;18514.0;3054.0;4410.0;3081.0;5554.0;9931.0;17242.0;2889.0;4342.0;-4.0;2.0;-8.0;4.0;ETHANOL
3304.0;5962.0;10702.0;18546.0;3060.0;4420.0;3136.0;5648.0;10043.0;17390.0;2900.0;4379.0;3.0;1.0;-7.0;4.0;ETHANOL
3325.0;5991.0;10753.0;18628.0;3086.0;4469.0;3181.0;5695.0;10117.0;17597.0;2931.0;4405.0;-5.0;3.0;-12.0;4.0;ETHANOL
3385.0;6078.0;10830.0;18809.0;3107.0;4463.0;3112.0;5593.0;9987.0;17496.0;2907.0;4382.0;3.0;1.0;-7.0;3.0;ETHANOL
3349.0;6013.0;10774.0;18654.0;3085.0;4441.0;3125.0;5638.0;10026.0;17502.0;2904.0;4383.0;3.0;1.0;-7.0;4.0;ETHANOL
3350.0;6021.0;10794.0;18796.0;3113.0;4526.0;3177.0;5725.0;10228.0;17807.0;2975.0;4487.0;1.0;1.0;-8.0;4.0;ETHANOL
3456.0;6208.0;11086.0;19173.0;3164.0;4568.0;3221.0;5812.0;10384.0;18060.0;3012.0;4524.0;1.0;3.0;-8.0;4.0;ETHANOL
3448.0;6200.0;11081.0;19197.0;3177.0;4555.0;3205.0;5789.0;10323.0;17955.0;2977.0;4480.0;2.0;3.0;-7.0;6.0;ETHANOL
3412.0;6119.0;10887.0;18948.0;3127.0;4523.0;3165.0;5695.0;10152.0;17712.0;2941.0;4448.0;1.0;3.0;-8.0;9.0;ETHANOL
3415.0;6125.0;10900.0;18847.0;3110.0;4476.0;3176.0;5706.0;10149.0;17668.0;2929.0;4418.0;2.0;3.0;-8.0;6.0;ETHANOL
3388.0;6068.0;10852.0;18863.0;3111.0;4511.0;3213.0;5784.0;10250.0;17864.0;2968.0;4481.0;1.0;3.0;-10.0;10.0;ETHANOL
3437.0;6193.0;11115.0;19150.0;3176.0;4576.0;3259.0;5830.0;10375.0;18091.0;3008.0;4516.0;-1.0;3.0;-10.0;4.0;ETHANOL
3449.0;6214.0;11102.0;19239.0;3193.0;4583.0;3282.0;5891.0;10493.0;18238.0;3030.0;4536.0;-1.0;3.0;-10.0;7.0;ETHANOL
3497.0;6259.0;11169.0;19226.0;3177.0;4581.0;3252.0;5893.0;10410.0;18178.0;3018.0;4538.0;1.0;5.0;-5.0;6.0;ETHANOL
3537.0;6312.0;11258.0;19334.0;3204.0;4631.0;3311.0;5944.0;10556.0;18355.0;3046.0;4581.0;-4.0;5.0;-5.0;11.0;ETHANOL
3543.0;6362.0;11342.0;19597.0;3247.0;4667.0;3328.0;5996.0;10667.0;18557.0;3079.0;4614.0;-4.0;6.0;-5.0;4.0;ETHANOL
3542.0;6338.0;11333.0;19508.0;3238.0;4669.0;3366.0;6044.0;10738.0;18597.0;3100.0;4656.0;1.0;6.0;-9.0;7.0;ETHANOL
3598.0;6477.0;11536.0;19755.0;3292.0;4714.0;3397.0;6085.0;10784.0;18834.0;3120.0;4674.0;1.0;3.0;-9.0;4.0;ETHANOL
3592.0;6463.0;11574.0;19732.0;3284.0;4730.0;3376.0;6083.0;10781.0;18688.0;3104.0;4678.0;1.0;3.0;-9.0;6.0;ETHANOL
3600.0;6475.0;11526.0;19694.0;3277.0;4703.0;3379.0;6043.0;10710.0;18572.0;3084.0;4620.0;4.0;3.0;-5.0;6.0;ETHANOL
3582.0;6429.0;11432.0;19547.0;3251.0;4687.0;3302.0;5934.0;10557.0;18421.0;3054.0;4610.0;7.0;3.0;-5.0;6.0;ETHANOL
3562.0;6399.0;11366.0;19487.0;3232.0;4634.0;3330.0;5959.0;10583.0;18372.0;3050.0;4590.0;5.0;6.0;-5.0;9.0;ETHANOL
3545.0;6380.0;11345.0;19455.0;3247.0;4668.0;3348.0;6015.0;10686.0;18557.0;3082.0;4638.0;3.0;6.0;-6.0;5.0;ETHANOL
3599.0;6462.0;11494.0;19729.0;3273.0;4699.0;3341.0;5997.0;10698.0;18622.0;3095.0;4645.0;-2.0;6.0;-6.0;5.0;ETHANOL
3620.0;6475.0;11460.0;19658.0;3254.0;4672.0;3358.0;6020.0;10713.0;18507.0;3065.0;4584.0;-2.0;-1.0;-7.0;5.0;ETHANOL
3577.0;6401.0;11378.0;19526.0;3248.0;4664.0;3339.0;5981.0;10670.0;18537.0;3062.0;4601.0;2.0;4.0;-8.0;7.0;ETHANOL
3573.0;6394.0;11357.0;19534.0;3242.0;4651.0;3286.0;5906.0;10534.0;18209.0;3022.0;4544.0;2.0;-1.0;-8.0;12.0;ETHANOL
3542.0;6334.0;11251.0;19381.0;3203.0;4614.0;3248.0;5842.0;10398.0;18112.0;3017.0;4551.0;4.0;6.0;-8.0;5.0;ETHANOL
3543.0;6342.0;11312.0;19381.0;3222.0;4616.0;3303.0;5923.0;10491.0;18263.0;3040.0;4583.0;2.0;3.0;-8.0;6.0;ETHANOL
3586.0;6426.0;11444.0;19672.0;3241.0;4679.0;3361.0;6060.0;10713.0;18576.0;3076.0;4626.0;1.0;6.0;-8.0;10.0;ETHANOL
3621.0;6468.0;11517.0;19709.0;3278.0;4681.0;3368.0;6058.0;10700.0;18539.0;3083.0;4637.0;0.0;1.0;-9.0;10.0;ETHANOL
3604.0;6449.0;11494.0;19628.0;3261.0;4694.0;3395.0;6083.0;10783.0;18662.0;3083.0;4634.0;0.0;1.0;-6.0;10.0;ETHANOL
3586.0;6451.0;11444.0;19650.0;3244.0;4670.0;3327.0;5978.0;10611.0;18460.0;3058.0;4607.0;0.0;1.0;-6.0;7.0;ETHANOL
3578.0;6405.0;11377.0;19548.0;3238.0;4664.0;3335.0;6006.0;10680.0;18471.0;3063.0;4611.0;0.0;1.0;-11.0;11.0;ETHANOL
3568.0;6409.0;11405.0;19528.0;3237.0;4662.0;3361.0;6026.0;10645.0;18491.0;3057.0;4579.0;0.0;1.0;-11.0;8.0;ETHANOL
3548.0;6345.0;11346.0;19349.0;3215.0;4621.0;3318.0;5950.0;10510.0;18223.0;3021.0;4545.0;0.0;4.0;-13.0;8.0;ETHANOL
3534.0;6329.0;11262.0;19349.0;3209.0;4622.0;3348.0;5976.0;10558.0;18269.0;3031.0;4562.0;0.0;8.0;-14.0;9.0;ETHANOL
3545.0;6334.0;11276.0;19440.0;3221.0;4635.0;3356.0;5999.0;10609.0;18343.0;3040.0;4571.0;0.0;6.0;-14.0;3.0;ETHANOL
3586.0;6405.0;11396.0;19484.0;3225.0;4639.0;3345.0;5962.0;10597.0;18368.0;3042.0;4567.0;-2.0;6.0;-14.0;3.0;ETHANOL
3560.0;6371.0;11360.0;19486.0;3220.0;4632.0;3354.0;5996.0;10613.0;18418.0;3061.0;4606.0;-7.0;3.0;-14.0;1.0;ETHANOL
3623.0;6466.0;11509.0;19631.0;3250.0;4670.0;3359.0;6031.0;10637.0;18465.0;3070.0;4597.0;-2.0;6.0;-11.0;5.0;ETHANOL
3559.0;6387.0;11357.0;19523.0;3232.0;4654.0;3343.0;5991.0;10648.0;18349.0;3044.0;4603.0;-3.0;2.0;-11.0;5.0;ETHANOL
3567.0;6375.0;11336.0;19406.0;3210.0;4612.0;3276.0;5868.0;10457.0;18141.0;3012.0;4536.0;-3.0;2.0;-15.0;7.0;ETHANOL
3498.0;6287.0;11271.0;19318.0;3193.0;4592.0;3277.0;5902.0;10457.0;18185.0;3010.0;4532.0;-2.0;2.0;-7.0;9.0;ETHANOL
3494.0;6264.0;11162.0;19202.0;3183.0;4583.0;3287.0;5876.0;10402.0;18101.0;3001.0;4511.0;1.0;2.0;-7.0;7.0;ETHANOL
3517.0;6301.0;11189.0;19260.0;3180.0;4582.0;3283.0;5899.0;10469.0;18184.0;3008.0;4535.0;1.0;0.0;-8.0;7.0;ETHANOL
3511.0;6297.0;11234.0;19348.0;3193.0;4589.0;3276.0;5875.0;10462.0;18127.0;3016.0;4534.0;1.0;0.0;-8.0;4.0;ETHANOL
3539.0;6340.0;11280.0;19298.0;3190.0;4602.0;3292.0;5879.0;10467.0;18197.0;3017.0;4513.0;1.0;0.0;-8.0;4.0;ETHANOL
3530.0;6319.0;11225.0;19261.0;3196.0;4585.0;3302.0;5920.0;10487.0;18197.0;3010.0;4532.0;1.0;2.0;-8.0;6.0;ETHANOL
3547.0;6339.0;11263.0;19359.0;3209.0;4617.0;3342.0;5967.0;10549.0;18404.0;3052.0;4589.0;-4.0;2.0;-10.0;4.0;ETHANOL
3591.0;6420.0;11443.0;19556.0;3234.0;4663.0;3354.0;6035.0;10686.0;18443.0;3049.0;4593.0;-3.0;2.0;-14.0;6.0;ETHANOL
3599.0;6432.0;11410.0;19525.0;3232.0;4657.0;3362.0;6041.0;10703.0;18507.0;3064.0;4623.0;-3.0;2.0;-14.0;10.0;ETHANOL
3604.0;6449.0;11516.0;19665.0;3278.0;4698.0;3415.0;6100.0;10776.0;18666.0;3090.0;4642.0;3.0;6.0;-10.0;6.0;ETHANOL
3648.0;6533.0;11605.0;19808.0;3280.0;4708.0;3394.0;6097.0;10802.0;18728.0;3096.0;4652.0;-3.0;3.0;-14.0;4.0;ETHANOL
3623.0;6511.0;11624.0;19827.0;3315.0;4775.0;3438.0;6169.0;10947.0;19028.0;3143.0;4734.0;5.0;8.0;-8.0;1.0;ETHANOL
3708.0;6617.0;11746.0;20006.0;3323.0;4746.0;3459.0;6199.0;10942.0;19032.0;3161.0;4746.0;4.0;4.0;-8.0;1.0;ETHANOL
3749.0;6717.0;11959.0;20224.0;3383.0;4841.0;3559.0;6363.0;11241.0;19523.0;3211.0;4803.0;-5.0;4.0;-8.0;6.0;ETHANOL
3793.0;6762.0;12078.0;20416.0;3425.0;4894.0;3558.0;6392.0;11307.0;19625.0;3260.0;4867.0;-5.0;4.0;-8.0;7.0;ETHANOL
3867.0;6921.0;12283.0;20614.0;3468.0;4926.0;3599.0;6441.0;11352.0;19658.0;3239.0;4875.0;3.0;4.0;-8.0;4.0;ETHANOL
3837.0;6849.0;12135.0;20435.0;3429.0;4880.0;3574.0;6384.0;11300.0;19510.0;3229.0;4827.0;3.0;1.0;-12.0;4.0;ETHANOL
3828.0;6824.0;12075.0;20381.0;3407.0;4870.0;3571.0;6377.0;11270.0;19505.0;3231.0;4839.0;3.0;1.0;-8.0;4.0;ETHANOL
3859.0;6872.0;12207.0;20554.0;3472.0;4964.0;3682.0;6569.0;11593.0;19994.0;3301.0;4908.0;3.0;1.0;-10.0;4.0;ETHANOL
3898.0;6979.0;12384.0;20738.0;3494.0;4989.0;3698.0;6563.0;11592.0;20026.0;3309.0;4957.0;2.0;0.0;-10.0;4.0;ETHANOL
3931.0;7012.0;12482.0;20841.0;3523.0;5053.0;3743.0;6684.0;11853.0;20434.0;3358.0;5034.0;2.0;0.0;-9.0;13.0;ETHANOL
3982.0;7139.0;12683.0;21036.0;3567.0;5090.0;3794.0;6756.0;11884.0;20594.0;3385.0;5051.0;5.0;-2.0;-9.0;9.0;ETHANOL
4061.0;7233.0;12777.0;21065.0;3561.0;5045.0;3708.0;6615.0;11624.0;20128.0;3307.0;4940.0;5.0;-2.0;-10.0;9.0;ETHANOL
3943.0;7026.0;12394.0;20731.0;3483.0;4985.0;3631.0;6491.0;11477.0;19734.0;3263.0;4829.0;6.0;-2.0;-11.0;14.0;ETHANOL
3857.0;6927.0;12254.0;20589.0;3443.0;4922.0;3641.0;6499.0;11473.0;19835.0;3269.0;4860.0;5.0;3.0;-11.0;4.0;ETHANOL
3864.0;6905.0;12254.0;20592.0;3466.0;4940.0;3642.0;6535.0;11583.0;19983.0;3290.0;4926.0;-4.0;-1.0;-13.0;6.0;ETHANOL
3929.0;7023.0;12386.0;20720.0;3489.0;4986.0;3668.0;6525.0;11546.0;20062.0;3316.0;4942.0;-4.0;-1.0;-11.0;5.0;ETHANOL
3941.0;7027.0;12446.0;20759.0;3490.0;4949.0;3631.0;6472.0;11469.0;19787.0;3267.0;4885.0;0.0;-1.0;-10.0;6.0;ETHANOL
3887.0;6939.0;12248.0;20614.0;3458.0;4935.0;3592.0;6418.0;11365.0;19670.0;3262.0;4877.0;0.0;1.0;-3.0;9.0;ETHANOL
3861.0;6896.0;12184.0;20450.0;3418.0;4885.0;3594.0;6410.0;11288.0;19477.0;3211.0;4785.0;-5.0;-1.0;-10.0;6.0;ETHANOL
3803.0;6786.0;11996.0;20281.0;3399.0;4866.0;3606.0;6424.0;11272.0;19451.0;3210.0;4826.0;-5.0;-3.0;-10.0;6.0;ETHANOL
3842.0;6865.0;12161.0;20464.0;3423.0;4893.0;3597.0;6400.0;11387.0;19582.0;3236.0;4821.0;-5.0;1.0;-10.0;4.0;ETHANOL
3834.0;6822.0;12113.0;20410.0;3414.0;4891.0;3626.0;6442.0;11345.0;19637.0;3240.0;4840.0;-6.0;1.0;-13.0;4.0;ETHANOL
3851.0;6868.0;12141.0;20427.0;3408.0;4875.0;3599.0;6424.0;11297.0;19458.0;3210.0;4766.0;-6.0;4.0;-14.0;9.0;ETHANOL
3806.0;6784.0;12044.0;20223.0;3383.0;4844.0;3569.0;6368.0;11222.0;19374.0;3206.0;4797.0;-6.0;2.0;-14.0;12.0;ETHANOL
3815.0;6789.0;12031.0;20308.0;3400.0;4850.0;3540.0;6348.0;11183.0;19297.0;3192.0;4793.0;-6.0;7.0;-14.0;9.0;ETHANOL
3862.0;6881.0;12178.0;20320.0;3395.0;4842.0;3551.0;6340.0;11215.0;19361.0;3201.0;4785.0;-6.0;2.0;-15.0;9.0;ETHANOL
3826.0;6840.0;12064.0;20301.0;3387.0;4872.0;3550.0;6326.0;11179.0;19361.0;3197.0;4793.0;-6.0;4.0;-14.0;15.0;ETHANOL
3845.0;6835.0;12071.0;20319.0;3396.0;4871.0;3579.0;6393.0;11301.0;19495.0;3213.0;4822.0;-6.0;1.0;-15.0;5.0;ETHANOL
3871.0;6883.0;12114.0;20385.0;3402.0;4847.0;3575.0;6372.0;11244.0;19433.0;3198.0;4798.0;-6.0;8.0;-14.0;4.0;ETHANOL
3846.0;6855.0;12128.0;20334.0;3391.0;4829.0;3533.0;6317.0;11141.0;19274.0;3185.0;4751.0;-6.0;5.0;-14.0;5.0;ETHANOL
3812.0;6782.0;11970.0;20182.0;3359.0;4820.0;3548.0;6304.0;11175.0;19377.0;3185.0;4772.0;3.0;6.0;-13.0;8.0;ETHANOL
3807.0;6787.0;11985.0;20273.0;3392.0;4840.0;3576.0;6390.0;11239.0;19383.0;3201.0;4800.0;0.0;5.0;-13.0;13.0;ETHANOL
3878.0;6882.0;12147.0;20448.0;3414.0;4886.0;3580.0;6385.0;11313.0;19515.0;3237.0;4803.0;0.0;6.0;-8.0;8.0;ETHANOL
3852.0;6860.0;12170.0;20424.0;3407.0;4875.0;3578.0;6378.0;11277.0;19506.0;3230.0;4817.0;0.0;1.0;-8.0;9.0;ETHANOL
3868.0;6892.0;12223.0;20513.0;3453.0;4932.0;3628.0;6481.0;11440.0;19812.0;3273.0;4908.0;0.0;0.0;-10.0;8.0;ETHANOL
3902.0;6985.0;12355.0;20668.0;3479.0;4948.0;3670.0;6526.0;11536.0;19886.0;3278.0;4930.0;0.0;0.0;-10.0;5.0;ETHANOL
3917.0;7004.0;12445.0;20767.0;3502.0;4975.0;3710.0;6625.0;11630.0;20058.0;3303.0;4932.0;0.0;1.0;-10.0;5.0;ETHANOL
3995.0;7080.0;12464.0;20814.0;3515.0;4988.0;3687.0;6567.0;11584.0;20032.0;3311.0;4934.0;1.0;2.0;-10.0;5.0;ETHANOL
3976.0;7086.0;12490.0;20807.0;3496.0;4973.0;3710.0;6606.0;11623.0;19902.0;3294.0;4919.0;5.0;4.0;-10.0;5.0;ETHANOL
3968.0;7049.0;12436.0;20675.0;3467.0;4915.0;3643.0;6476.0;11384.0;19641.0;3250.0;4865.0;4.0;7.0;-8.0;8.0;ETHANOL
3925.0;6992.0;12382.0;20619.0;3461.0;4958.0;3681.0;6569.0;11564.0;19909.0;3282.0;4891.0;4.0;7.0;-7.0;9.0;ETHANOL
3982.0;7124.0;12495.0;20849.0;3498.0;4992.0;3724.0;6607.0;11627.0;20045.0;3325.0;4937.0;1.0;7.0;-7.0;8.0;ETHANOL
4006.0;7122.0;12558.0;20914.0;3512.0;5000.0;3711.0;6595.0;11612.0;20059.0;3320.0;4945.0;-2.0;8.0;-7.0;7.0;ETHANOL
4003.0;7114.0;12565.0;20863.0;3507.0;4985.0;3719.0;6594.0;11600.0;20024.0;3309.0;4919.0;-2.0;3.0;-6.0;7.0;ETHANOL
3973.0;7079.0;12486.0;20732.0;3476.0;4960.0;3635.0;6464.0;11405.0;19744.0;3266.0;4860.0;-3.0;2.0;-7.0;5.0;ETHANOL
3930.0;6975.0;12330.0;20580.0;3429.0;4887.0;3579.0;6412.0;11302.0;19464.0;3209.0;4816.0;-2.0;2.0;-7.0;10.0;ETHANOL
3862.0;6904.0;12176.0;20523.0;3427.0;4891.0;3619.0;6436.0;11386.0;19650.0;3244.0;4837.0;-2.0;2.0;-6.0;8.0;ETHANOL
3894.0;6938.0;12251.0;20573.0;3442.0;4905.0;3662.0;6488.0;11461.0;19785.0;3240.0;4856.0;7.0;4.0;-5.0;14.0;ETHANOL
3922.0;6959.0;12320.0;20601.0;3443.0;4914.0;3585.0;6421.0;11326.0;19660.0;3245.0;4853.0;5.0;4.0;-5.0;8.0;ETHANOL
3902.0;6965.0;12311.0;20622.0;3460.0;4949.0;3678.0;6527.0;11524.0;19999.0;3296.0;4909.0;10.0;4.0;-5.0;7.0;ETHANOL
3966.0;7053.0;12469.0;20769.0;3503.0;4988.0;3704.0;6608.0;11638.0;20105.0;3326.0;4932.0;4.0;2.0;-5.0;8.0;ETHANOL
3988.0;7108.0;12556.0;20862.0;3528.0;5039.0;3759.0;6686.0;11803.0;20398.0;3355.0;5018.0;4.0;1.0;-5.0;12.0;ETHANOL
4043.0;7223.0;12811.0;21124.0;3600.0;5110.0;3831.0;6847.0;12062.0;20693.0;3425.0;5087.0;-1.0;1.0;-9.0;7.0;ETHANOL
4126.0;7354.0;13062.0;21373.0;3655.0;5195.0;3891.0;6923.0;12243.0;21195.0;3483.0;5197.0;-3.0;0.0;-12.0;7.0;ETHANOL
4193.0;7492.0;13213.0;21578.0;3707.0;5255.0;3906.0;6949.0;12210.0;21154.0;3488.0;5208.0;-4.0;1.0;-11.0;7.0;ETHANOL
4253.0;7527.0;13258.0;21577.0;3679.0;5209.0;3909.0;6919.0;12219.0;20906.0;3459.0;5132.0;-4.0;2.0;-11.0;11.0;ETHANOL
4193.0;7461.0;13176.0;21514.0;3677.0;5211.0;3919.0;7009.0;12285.0;21162.0;3477.0;5201.0;-4.0;2.0;-11.0;7.0;ETHANOL
4232.0;7517.0;13275.0;21558.0;3707.0;5272.0;3950.0;7036.0;12366.0;21364.0;3515.0;5204.0;-4.0;2.0;-10.0;7.0;ETHANOL
4239.0;7510.0;13268.0;21546.0;3684.0;5223.0;3910.0;6940.0;12198.0;21046.0;3463.0;5134.0;-2.0;4.0;-10.0;8.0;ETHANOL
4220.0;7484.0;13160.0;21444.0;3646.0;5168.0;3858.0;6867.0;12095.0;20813.0;3421.0;5102.0;0.0;5.0;-2.0;7.0;ETHANOL
4152.0;7362.0;13023.0;21256.0;3610.0;5131.0;3839.0;6823.0;12026.0;20707.0;3416.0;5105.0;-2.0;3.0;-10.0;8.0;ETHANOL
4171.0;7402.0;13030.0;21354.0;3631.0;5169.0;3894.0;6935.0;12162.0;20905.0;3445.0;5121.0;-2.0;4.0;-13.0;8.0;ETHANOL
4161.0;7405.0;13032.0;21385.0;3648.0;5196.0;3930.0;6965.0;12207.0;20957.0;3455.0;5144.0;-2.0;3.0;-13.0;11.0;ETHANOL
4203.0;7480.0;13156.0;21400.0;3650.0;5174.0;3898.0;6918.0;12136.0;20851.0;3433.0;5093.0;-1.0;4.0;-7.0;8.0;ETHANOL
4156.0;7386.0;13042.0;21373.0;3644.0;5149.0;3875.0;6861.0;12138.0;20895.0;3444.0;5099.0;-2.0;2.0;-12.0;8.0;ETHANOL
4174.0;7377.0;13038.0;21319.0;3633.0;5160.0;3887.0;6914.0;12168.0;20817.0;3431.0;5093.0;-3.0;2.0;-12.0;14.0;ETHANOL
4155.0;7399.0;13035.0;21275.0;3624.0;5148.0;3864.0;6846.0;12034.0;20788.0;3432.0;5106.0;-2.0;-1.0;-8.0;6.0;ETHANOL
4177.0;7400.0;13073.0;21374.0;3644.0;5182.0;3926.0;6967.0;12273.0;21037.0;3465.0;5142.0;-3.0;-4.0;-11.0;7.0;ETHANOL
4258.0;7551.0;13248.0;21502.0;3669.0;5188.0;3893.0;6929.0;12170.0;20869.0;3427.0;5108.0;-3.0;-1.0;-11.0;14.0;ETHANOL
4190.0;7439.0;13072.0;21343.0;3618.0;5130.0;3876.0;6865.0;12090.0;20712.0;3406.0;5063.0;-2.0;-1.0;-8.0;7.0;ETHANOL
4138.0;7335.0;13010.0;21293.0;3623.0;5157.0;3870.0;6877.0;12089.0;20856.0;3436.0;5096.0;1.0;-3.0;-7.0;11.0;ETHANOL
4162.0;7402.0;13080.0;21353.0;3632.0;5147.0;3872.0;6877.0;12123.0;20968.0;3431.0;5120.0;3.0;-1.0;-6.0;6.0;ETHANOL
4217.0;7459.0;13195.0;21464.0;3659.0;5188.0;3939.0;6986.0;12248.0;21143.0;3475.0;5163.0;5.0;1.0;-6.0;8.0;ETHANOL
4244.0;7555.0;13315.0;21598.0;3676.0;5241.0;3946.0;7007.0;12356.0;21259.0;3485.0;5195.0;5.0;-1.0;-7.0;5.0;ETHANOL
4262.0;7577.0;13338.0;21547.0;3686.0;5235.0;3936.0;7040.0;12343.0;21218.0;3484.0;5160.0;3.0;4.0;-6.0;6.0;ETHANOL
4240.0;7532.0;13229.0;21543.0;3675.0;5201.0;3893.0;6911.0;12214.0;20953.0;3444.0;5138.0;1.0;4.0;-6.0;5.0;ETHANOL
4227.0;7497.0;13216.0;21556.0;3691.0;5264.0;3966.0;7054.0;12427.0;21437.0;3533.0;5257.0;1.0;4.0;-5.0;5.0;ETHANOL
4327.0;7707.0;13616.0;21925.0;3789.0;5380.0;4081.0;7279.0;12787.0;21923.0;3602.0;5327.0;1.0;4.0;-5.0;5.0;ETHANOL
4363.0;7756.0;13658.0;21934.0;3778.0;5342.0;4016.0;7133.0;12556.0;21608.0;3533.0;5264.0;1.0;2.0;-5.0;5.0;ETHANOL
4313.0;7653.0;13531.0;21753.0;3733.0;5300.0;4014.0;7119.0;12470.0;21352.0;3504.0;5206.0;-2.0;1.0;-12.0;4.0;ETHANOL
4308.0;7619.0;13395.0;21693.0;3718.0;5268.0;3953.0;7029.0;12348.0;21292.0;3503.0;5189.0;-6.0;1.0;-12.0;5.0;ETHANOL
4299.0;7580.0;13345.0;21625.0;3696.0;5244.0;3983.0;7020.0;12324.0;21082.0;3481.0;5157.0;-6.0;1.0;-14.0;7.0;ETHANOL
4255.0;7545.0;13302.0;21583.0;3677.0;5195.0;3954.0;6998.0;12306.0;21135.0;3456.0;5139.0;-5.0;2.0;-14.0;5.0;ETHANOL
4233.0;7536.0;13206.0;21504.0;3679.0;5225.0;3957.0;7000.0;12330.0;21124.0;3477.0;5171.0;-5.0;2.0;-12.0;7.0;ETHANOL
4276.0;7598.0;13344.0;21699.0;3726.0;5301.0;3987.0;7083.0;12551.0;21565.0;3553.0;5260.0;-2.0;4.0;-10.0;10.0;ETHANOL
4308.0;7682.0;13518.0;21866.0;3775.0;5356.0;4079.0;7285.0;12837.0;21986.0;3600.0;5339.0;1.0;2.0;-8.0;8.0;ETHANOL
4433.0;7878.0;13800.0;22021.0;3824.0;5399.0;4134.0;7351.0;12812.0;21978.0;3619.0;5364.0;1.0;5.0;-7.0;11.0;ETHANOL
4408.0;7835.0;13794.0;22068.0;3826.0;5410.0;4121.0;7307.0;12858.0;22093.0;3628.0;5364.0;1.0;2.0;-7.0;11.0;ETHANOL
4429.0;7856.0;13820.0;22073.0;3812.0;5383.0;4068.0;7193.0;12693.0;21798.0;3591.0;5319.0;1.0;3.0;-7.0;10.0;ETHANOL
4416.0;7805.0;13695.0;21918.0;3787.0;5384.0;4105.0;7279.0;12766.0;21928.0;3606.0;5345.0;1.0;4.0;-7.0;12.0;ETHANOL
4436.0;7867.0;13849.0;22119.0;3842.0;5436.0;4151.0;7379.0;12972.0;22232.0;3649.0;5394.0;1.0;3.0;-7.0;9.0;ETHANOL
4490.0;7951.0;14017.0;22225.0;3875.0;5474.0;4169.0;7362.0;12978.0;22380.0;3667.0;5420.0;0.0;2.0;-10.0;8.0;ETHANOL
4511.0;7987.0;14115.0;22268.0;3886.0;5497.0;4177.0;7404.0;13013.0;22262.0;3662.0;5417.0;2.0;2.0;-10.0;9.0;ETHANOL
4529.0;8020.0;14087.0;22317.0;3892.0;5508.0;4267.0;7505.0;13128.0;22478.0;3689.0;5452.0;0.0;1.0;-7.0;10.0;ETHANOL
4555.0;8070.0;14167.0;22399.0;3891.0;5527.0;4227.0;7493.0;13095.0;22508.0;3697.0;5462.0;0.0;1.0;-7.0;9.0;ETHANOL
4533.0;8034.0;14100.0;22295.0;3896.0;5491.0;4186.0;7428.0;13038.0;22358.0;3665.0;5416.0;0.0;1.0;-13.0;8.0;ETHANOL
4526.0;8019.0;14044.0;22203.0;3854.0;5449.0;4160.0;7365.0;12926.0;22195.0;3619.0;5363.0;0.0;1.0;-7.0;6.0;ETHANOL
4489.0;7899.0;13950.0;22115.0;3835.0;5428.0;4155.0;7325.0;12894.0;22045.0;3628.0;5366.0;0.0;1.0;-7.0;9.0;ETHANOL
4480.0;7950.0;13968.0;22151.0;3845.0;5436.0;4185.0;7416.0;12989.0;22152.0;3646.0;5400.0;2.0;2.0;-7.0;4.0;ETHANOL
4503.0;7988.0;14074.0;22275.0;3890.0;5503.0;4216.0;7450.0;13097.0;22309.0;3668.0;5426.0;5.0;2.0;-5.0;6.0;ETHANOL
4501.0;8000.0;14075.0;22269.0;3861.0;5482.0;4171.0;7382.0;12952.0;22095.0;3630.0;5394.0;5.0;0.0;-3.0;8.0;ETHANOL
4512.0;7978.0;13960.0;22144.0;3842.0;5424.0;4116.0;7293.0;12806.0;21922.0;3601.0;5336.0;8.0;0.0;-3.0;6.0;ETHANOL
4501.0;7954.0;13931.0;22097.0;3822.0;5420.0;4206.0;7431.0;13002.0;22212.0;3639.0;5385.0;10.0;0.0;-5.0;6.0;ETHANOL
4493.0;7953.0;13960.0;22223.0;3863.0;5450.0;4165.0;7388.0;12929.0;22209.0;3637.0;5360.0;8.0;0.0;-10.0;6.0;ETHANOL
4432.0;7878.0;13884.0;22145.0;3853.0;5467.0;4233.0;7464.0;13111.0;22454.0;3687.0;5447.0;-8.0;0.0;-14.0;9.0;ETHANOL
4551.0;8044.0;14166.0;22365.0;3896.0;5509.0;4279.0;7563.0;13242.0;22658.0;3710.0;5434.0;-8.0;1.0;-14.0;10.0;ETHANOL
4546.0;8044.0;14130.0;22303.0;3899.0;5502.0;4228.0;7470.0;13040.0;22383.0;3670.0;5427.0;-4.0;1.0;-13.0;10.0;ETHANOL
4530.0;8032.0;14143.0;22325.0;3893.0;5497.0;4269.0;7576.0;13225.0;22550.0;3689.0;5418.0;-4.0;1.0;-13.0;11.0;ETHANOL
4539.0;8005.0;14079.0;22242.0;3877.0;5447.0;4209.0;7415.0;12946.0;22217.0;3618.0;5351.0;4.0;1.0;-9.0;13.0;ETHANOL
4474.0;7929.0;13877.0;22046.0;3816.0;5373.0;4125.0;7310.0;12780.0;21877.0;3576.0;5312.0;7.0;1.0;-7.0;10.0;ETHANOL
4489.0;7891.0;13847.0;22076.0;3818.0;5411.0;4168.0;7382.0;12917.0;22073.0;3611.0;5358.0;5.0;3.0;-7.0;10.0;ETHANOL
4462.0;7904.0;13894.0;22086.0;3827.0;5409.0;4169.0;7391.0;12968.0;22165.0;3621.0;5368.0;8.0;7.0;-7.0;12.0;ETHANOL
4489.0;7948.0;13888.0;22121.0;3817.0;5390.0;4129.0;7296.0;12752.0;21963.0;3617.0;5364.0;-1.0;5.0;-11.0;7.0;ETHANOL
4487.0;7960.0;14001.0;22230.0;3868.0;5490.0;4270.0;7523.0;13188.0;22491.0;3690.0;5458.0;-1.0;5.0;-11.0;8.0;ETHANOL
4579.0;8113.0;14263.0;22437.0;3944.0;5609.0;4289.0;7590.0;13323.0;22973.0;3770.0;5573.0;-1.0;7.0;-11.0;8.0;ETHANOL
4726.0;8356.0;14603.0;22651.0;3998.0;5613.0;4337.0;7688.0;13399.0;22959.0;3747.0;5523.0;2.0;5.0;-13.0;14.0;ETHANOL
4682.0;8270.0;14488.0;22612.0;3985.0;5619.0;4427.0;7786.0;13523.0;23082.0;3778.0;5549.0;2.0;3.0;-3.0;12.0;ETHANOL
4721.0;8319.0;14564.0;22653.0;3985.0;5597.0;4354.0;7675.0;13428.0;22946.0;3763.0;5531.0;-2.0;3.0;-3.0;13.0;ETHANOL
4658.0;8239.0;14451.0;22563.0;3976.0;5614.0;4343.0;7701.0;13417.0;22986.0;3751.0;5524.0;-2.0;3.0;-3.0;13.0;ETHANOL
4670.0;8247.0;14479.0;22587.0;3982.0;5628.0;4397.0;7760.0;13571.0;23219.0;3769.0;5573.0;-2.0;3.0;-6.0;7.0;ETHANOL
4723.0;8363.0;14666.0;22737.0;4018.0;5661.0;4430.0;7803.0;13637.0;23376.0;3814.0;5646.0;1.0;7.0;-2.0;6.0;ETHANOL
4755.0;8355.0;14676.0;22744.0;4010.0;5646.0;4412.0;7787.0;13564.0;23168.0;3777.0;5586.0;2.0;11.0;-3.0;7.0;ETHANOL
4721.0;8360.0;14567.0;22652.0;3988.0;5629.0;4370.0;7712.0;13479.0;23053.0;3778.0;5571.0;2.0;7.0;-3.0;11.0;ETHANOL
4713.0;8355.0;14618.0;22652.0;3992.0;5614.0;4334.0;7655.0;13379.0;22984.0;3755.0;5533.0;2.0;5.0;-6.0;11.0;ETHANOL
4672.0;8235.0;14395.0;22522.0;3945.0;5565.0;4321.0;7606.0;13307.0;22738.0;3712.0;5492.0;1.0;1.0;-3.0;3.0;ETHANOL
4618.0;8171.0;14303.0;22429.0;3929.0;5530.0;4282.0;7588.0;13238.0;22664.0;3708.0;5444.0;-4.0;1.0;-10.0;2.0;ETHANOL
4581.0;8103.0;14215.0;22399.0;3933.0;5573.0;4340.0;7655.0;13367.0;22860.0;3741.0;5528.0;-4.0;5.0;-10.0;3.0;ETHANOL
4665.0;8281.0;14514.0;22577.0;3976.0;5604.0;4361.0;7711.0;13440.0;23078.0;3768.0;5564.0;-4.0;5.0;-9.0;4.0;ETHANOL
4685.0;8316.0;14515.0;22589.0;3983.0;5622.0;4411.0;7784.0;13638.0;23195.0;3779.0;5586.0;-1.0;5.0;-8.0;8.0;ETHANOL
4757.0;8366.0;14715.0;22778.0;4045.0;5672.0;4456.0;7824.0;13709.0;23348.0;3813.0;5622.0;-4.0;5.0;-9.0;10.0;ETHANOL
4750.0;8424.0;14808.0;22778.0;4027.0;5683.0;4468.0;7890.0;13737.0;23487.0;3817.0;5626.0;-6.0;3.0;-9.0;10.0;ETHANOL
4763.0;8385.0;14638.0;22765.0;4027.0;5661.0;4426.0;7810.0;13639.0;23340.0;3805.0;5606.0;-6.0;3.0;-12.0;5.0;ETHANOL
4741.0;8405.0;14686.0;22771.0;4038.0;5685.0;4483.0;7889.0;13764.0;23485.0;3821.0;5648.0;-3.0;2.0;-12.0;5.0;ETHANOL
4785.0;8478.0;14798.0;22879.0;4048.0;5699.0;4459.0;7869.0;13747.0;23454.0;3825.0;5650.0;-3.0;6.0;-12.0;5.0;ETHANOL
4825.0;8529.0;14974.0;22908.0;4107.0;5772.0;4572.0;8083.0;14143.0;24144.0;3921.0;5734.0;2.0;2.0;-12.0;6.0;ETHANOL
4898.0;8635.0;15060.0;23034.0;4126.0;5792.0;4519.0;8002.0;14002.0;23917.0;3919.0;5747.0;2.0;3.0;-12.0;8.0;ETHANOL
4905.0;8682.0;15187.0;23167.0;4158.0;5844.0;4597.0;8110.0;14190.0;24205.0;3938.0;5798.0;3.0;2.0;-3.0;5.0;ETHANOL
4937.0;8694.0;15275.0;23167.0;4157.0;5855.0;4599.0;8111.0;14163.0;24101.0;3926.0;5778.0;2.0;2.0;-4.0;8.0;ETHANOL
4965.0;8721.0;15247.0;23114.0;4147.0;5826.0;4615.0;8133.0;14134.0;23971.0;3918.0;5760.0;1.0;2.0;-4.0;13.0;ETHANOL
4929.0;8723.0;15241.0;23116.0;4148.0;5822.0;4584.0;8086.0;14103.0;24003.0;3890.0;5719.0;-1.0;2.0;-4.0;11.0;ETHANOL
4842.0;8556.0;15011.0;22929.0;4096.0;5790.0;4543.0;8034.0;13962.0;23871.0;3901.0;5737.0;-1.0;2.0;-4.0;7.0;ETHANOL
4881.0;8603.0;15058.0;22988.0;4118.0;5749.0;4476.0;7908.0;13805.0;23602.0;3841.0;5667.0;-8.0;2.0;-8.0;7.0;ETHANOL
4829.0;8485.0;14833.0;22867.0;4056.0;5731.0;4480.0;7946.0;13852.0;23646.0;3852.0;5652.0;-8.0;2.0;-8.0;10.0;ETHANOL
4847.0;8552.0;14921.0;22906.0;4075.0;5726.0;4466.0;7911.0;13737.0;23478.0;3829.0;5660.0;-8.0;2.0;-12.0;5.0;ETHANOL
4797.0;8442.0;14827.0;22831.0;4029.0;5656.0;4453.0;7821.0;13644.0;23296.0;3796.0;5584.0;-5.0;2.0;-12.0;10.0;ETHANOL
4789.0;8444.0;14874.0;22808.0;4070.0;5702.0;4478.0;7883.0;13838.0;23509.0;3839.0;5681.0;-5.0;2.0;-9.0;7.0;ETHANOL
4844.0;8567.0;15012.0;22952.0;4110.0;5780.0;4538.0;8029.0;13983.0;23833.0;3881.0;5692.0;-2.0;7.0;-9.0;6.0;ETHANOL
4866.0;8582.0;14998.0;22955.0;4119.0;5800.0;4553.0;8051.0;14089.0;23916.0;3899.0;5728.0;-5.0;6.0;-11.0;4.0;ETHANOL
4870.0;8619.0;15078.0;23074.0;4136.0;5789.0;4556.0;8040.0;14028.0;23938.0;3900.0;5706.0;-2.0;1.0;-9.0;4.0;ETHANOL
4848.0;8541.0;14938.0;22987.0;4116.0;5784.0;4596.0;8108.0;14106.0;24063.0;3921.0;5762.0;-2.0;0.0;-11.0;7.0;ETHANOL
4929.0;8709.0;15210.0;23168.0;4156.0;5820.0;4657.0;8149.0;14188.0;24178.0;3935.0;5777.0;-2.0;0.0;-11.0;10.0;ETHANOL
4936.0;8712.0;15213.0;23142.0;4139.0;5787.0;4602.0;8097.0;14052.0;23931.0;3883.0;5726.0;-2.0;0.0;-12.0;8.0;ETHANOL
4905.0;8653.0;15047.0;23036.0;4128.0;5796.0;4599.0;8092.0;14103.0;24042.0;3917.0;5745.0;0.0;0.0;-8.0;6.0;ETHANOL
4904.0;8650.0;15172.0;23088.0;4148.0;5833.0;4619.0;8123.0;14144.0;24212.0;3941.0;5764.0;0.0;0.0;-8.0;13.0;ETHANOL
4955.0;8769.0;15303.0;23128.0;4150.0;5820.0;4619.0;8119.0;14190.0;24168.0;3937.0;5770.0;1.0;1.0;-8.0;9.0;ETHANOL
4971.0;8740.0;15305.0;23160.0;4153.0;5838.0;4662.0;8204.0;14293.0;24273.0;3934.0;5771.0;1.0;1.0;-8.0;8.0;ETHANOL
4944.0;8706.0;15257.0;23077.0;4146.0;5798.0;4595.0;8091.0;14114.0;24013.0;3897.0;5743.0;1.0;2.0;-8.0;3.0;ETHANOL
4922.0;8675.0;15158.0;23029.0;4106.0;5772.0;4503.0;7968.0;13900.0;23662.0;3848.0;5682.0;-1.0;2.0;-13.0;3.0;ETHANOL
4910.0;8635.0;14965.0;22896.0;4094.0;5752.0;4533.0;7997.0;13919.0;23781.0;3858.0;5701.0;-4.0;3.0;-13.0;4.0;ETHANOL
4865.0;8601.0;15019.0;22922.0;4074.0;5704.0;4525.0;7983.0;13882.0;23653.0;3842.0;5636.0;-5.0;2.0;-15.0;7.0;ETHANOL
4858.0;8528.0;14826.0;22822.0;4040.0;5636.0;4464.0;7855.0;13636.0;23215.0;3776.0;5539.0;-5.0;2.0;-15.0;5.0;ETHANOL
4747.0;8349.0;14605.0;22656.0;3996.0;5638.0;4485.0;7887.0;13704.0;23290.0;3792.0;5584.0;-5.0;1.0;-15.0;12.0;ETHANOL
4787.0;8412.0;14709.0;22761.0;4033.0;5676.0;4489.0;7885.0;13790.0;23540.0;3824.0;5581.0;-4.0;2.0;-15.0;8.0;ETHANOL
4804.0;8491.0;14789.0;22773.0;4001.0;5629.0;4437.0;7810.0;13591.0;23232.0;3789.0;5582.0;-2.0;2.0;-15.0;8.0;ETHANOL
4746.0;8393.0;14690.0;22651.0;3988.0;5615.0;4397.0;7776.0;13526.0;23191.0;3782.0;5541.0;-1.0;2.0;-14.0;6.0;ETHANOL
4764.0;8417.0;14677.0;22653.0;4004.0;5627.0;4442.0;7824.0;13598.0;23194.0;3777.0;5569.0;-1.0;2.0;-13.0;9.0;ETHANOL
4766.0;8354.0;14647.0;22738.0;4016.0;5648.0;4448.0;7864.0;13667.0;23353.0;3807.0;5604.0;-1.0;2.0;-7.0;10.0;ETHANOL
4795.0;8453.0;14752.0;22824.0;4050.0;5695.0;4535.0;8001.0;13947.0;23738.0;3869.0;5693.0;1.0;2.0;-6.0;9.0;ETHANOL
4889.0;8644.0;15115.0;23120.0;4120.0;5800.0;4606.0;8093.0;14090.0;24035.0;3924.0;5777.0;1.0;2.0;-6.0;11.0;ETHANOL
5024.0;8858.0;15433.0;23161.0;4166.0;5843.0;4659.0;8184.0;14266.0;24340.0;3944.0;5782.0;1.0;1.0;-7.0;7.0;ETHANOL
4983.0;8779.0;15304.0;23163.0;4147.0;5789.0;4595.0;8097.0;14054.0;23890.0;3901.0;5709.0;0.0;1.0;-6.0;7.0;ETHANOL
4920.0;8690.0;15184.0;23134.0;4141.0;5826.0;4663.0;8200.0;14277.0;24142.0;3918.0;5775.0;0.0;3.0;-11.0;4.0;ETHANOL
4950.0;8723.0;15281.0;23166.0;4172.0;5862.0;4657.0;8194.0;14306.0;24383.0;3964.0;5820.0;-2.0;3.0;-14.0;11.0;ETHANOL
5033.0;8846.0;15547.0;23291.0;4204.0;5901.0;4705.0;8278.0;14427.0;24595.0;4004.0;5870.0;-5.0;3.0;-15.0;6.0;ETHANOL
5045.0;8891.0;15546.0;23417.0;4243.0;5955.0;4714.0;8316.0;14489.0;24644.0;4020.0;5895.0;-2.0;4.0;-14.0;9.0;ETHANOL
5121.0;9011.0;15712.0;23420.0;4269.0;5962.0;4753.0;8380.0;14578.0;24808.0;4038.0;5909.0;-5.0;3.0;-17.0;11.0;ETHANOL
5103.0;8964.0;15672.0;23419.0;4261.0;5972.0;4752.0;8384.0;14577.0;24819.0;4030.0;5932.0;-5.0;2.0;-17.0;11.0;ETHANOL
5155.0;9057.0;15754.0;23419.0;4282.0;5955.0;4748.0;8328.0;14503.0;24618.0;4011.0;5855.0;6.0;6.0;-15.0;5.0;ETHANOL
5068.0;8929.0;15526.0;23292.0;4191.0;5873.0;4679.0;8198.0;14249.0;24187.0;3937.0;5780.0;6.0;5.0;-8.0;5.0;ETHANOL
5033.0;8863.0;15346.0;23162.0;4150.0;5774.0;4569.0;8047.0;13995.0;23799.0;3881.0;5714.0;10.0;5.0;-12.0;5.0;ETHANOL
4921.0;8673.0;15163.0;23033.0;4121.0;5775.0;4582.0;8100.0;14106.0;24010.0;3898.0;5739.0;6.0;2.0;-5.0;7.0;ETHANOL
4956.0;8683.0;15152.0;23115.0;4120.0;5785.0;4595.0;8110.0;14089.0;24023.0;3908.0;5742.0;5.0;2.0;-5.0;7.0;ETHANOL
4961.0;8729.0;15244.0;23142.0;4141.0;5790.0;4593.0;8113.0;14117.0;24102.0;3930.0;5756.0;-7.0;1.0;-12.0;7.0;ETHANOL
4940.0;8714.0;15262.0;23160.0;4173.0;5861.0;4659.0;8212.0;14241.0;24198.0;3949.0;5798.0;-7.0;-1.0;-12.0;7.0;ETHANOL
4999.0;8831.0;15340.0;23161.0;4166.0;5845.0;4621.0;8141.0;14147.0;24124.0;3930.0;5762.0;-7.0;-2.0;-15.0;5.0;ETHANOL
4952.0;8726.0;15225.0;23080.0;4126.0;5802.0;4553.0;8079.0;14044.0;23988.0;3906.0;5756.0;-7.0;-2.0;-15.0;5.0;ETHANOL
4978.0;8769.0;15317.0;23162.0;4154.0;5846.0;4696.0;8245.0;14375.0;24375.0;3968.0;5777.0;0.0;1.0;-11.0;5.0;ETHANOL
5013.0;8854.0;15433.0;23182.0;4194.0;5889.0;4708.0;8254.0;14327.0;24448.0;3978.0;5807.0;0.0;0.0;-7.0;8.0;ETHANOL
5031.0;8835.0;15463.0;23290.0;4212.0;5897.0;4684.0;8270.0;14367.0;24532.0;3993.0;5874.0;0.0;3.0;-7.0;9.0;ETHANOL
5087.0;8981.0;15659.0;23417.0;4263.0;5967.0;4763.0;8363.0;14654.0;24879.0;4037.0;5931.0;0.0;2.0;-5.0;6.0;ETHANOL
5123.0;9016.0;15764.0;23417.0;4283.0;5988.0;4792.0;8434.0;14624.0;24867.0;4056.0;5945.0;-2.0;0.0;-5.0;9.0;ETHANOL
5167.0;9062.0;15853.0;23465.0;4307.0;6017.0;4849.0;8463.0;14759.0;25043.0;4058.0;5939.0;-4.0;0.0;-5.0;9.0;ETHANOL
5176.0;9088.0;15881.0;23548.0;4296.0;6005.0;4842.0;8489.0;14743.0;25090.0;4078.0;5957.0;-2.0;3.0;-5.0;8.0;ETHANOL
5202.0;9135.0;15923.0;23504.0;4310.0;6010.0;4773.0;8404.0;14659.0;24919.0;4050.0;5913.0;-2.0;0.0;-5.0;7.0;ETHANOL
5168.0;9062.0;15797.0;23417.0;4277.0;5959.0;4754.0;8362.0;14572.0;24795.0;4026.0;5889.0;2.0;5.0;-12.0;14.0;ETHANOL
5126.0;8992.0;15692.0;23421.0;4238.0;5943.0;4777.0;8354.0;14493.0;24669.0;4012.0;5865.0;2.0;3.0;-12.0;7.0;ETHANOL
5136.0;9005.0;15640.0;23417.0;4242.0;5901.0;4644.0;8205.0;14245.0;24312.0;3965.0;5837.0;2.0;5.0;-12.0;2.0;ETHANOL
5118.0;8957.0;15633.0;23326.0;4204.0;5877.0;4678.0;8226.0;14288.0;24363.0;3940.0;5777.0;2.0;4.0;-12.0;3.0;ETHANOL
5031.0;8807.0;15323.0;23161.0;4167.0;5852.0;4641.0;8176.0;14207.0;24213.0;3931.0;5775.0;-1.0;4.0;-12.0;3.0;ETHANOL
5052.0;8881.0;15406.0;23161.0;4174.0;5838.0;4700.0;8250.0;14284.0;24305.0;3948.0;5775.0;-1.0;4.0;-9.0;3.0;ETHANOL
5070.0;8898.0;15447.0;23241.0;4158.0;5834.0;4672.0;8194.0;14219.0;24206.0;3934.0;5761.0;0.0;3.0;-6.0;3.0;ETHANOL
5018.0;8845.0;15409.0;23246.0;4163.0;5841.0;4666.0;8215.0;14259.0;24179.0;3939.0;5765.0;2.0;3.0;-4.0;5.0;ETHANOL
5034.0;8825.0;15431.0;23163.0;4168.0;5832.0;4670.0;8244.0;14248.0;24251.0;3947.0;5798.0;0.0;-2.0;-6.0;5.0;ETHANOL
5049.0;8878.0;15504.0;23303.0;4208.0;5907.0;4728.0;8293.0;14383.0;24629.0;3993.0;5849.0;0.0;6.0;-6.0;12.0;ETHANOL
5096.0;8978.0;15598.0;23344.0;4203.0;5861.0;4715.0;8245.0;14289.0;24333.0;3939.0;5759.0;2.0;6.0;-6.0;10.0;ETHANOL
5068.0;8879.0;15442.0;23241.0;4161.0;5837.0;4660.0;8177.0;14260.0;24153.0;3931.0;5777.0;4.0;8.0;-6.0;9.0;ETHANOL
5079.0;8906.0;15518.0;23192.0;4188.0;5854.0;4692.0;8225.0;14304.0;24426.0;3962.0;5823.0;4.0;9.0;-10.0;9.0;ETHANOL
5077.0;8923.0;15572.0;23329.0;4210.0;5872.0;4687.0;8243.0;14325.0;24328.0;3951.0;5820.0;7.0;8.0;-6.0;9.0;ETHANOL
5056.0;8901.0;15513.0;23290.0;4202.0;5869.0;4705.0;8245.0;14352.0;24424.0;3986.0;5806.0;5.0;4.0;-6.0;12.0;ETHANOL
5089.0;8942.0;15543.0;23290.0;4208.0;5883.0;4706.0;8259.0;14309.0;24396.0;3963.0;5827.0;5.0;1.0;-6.0;6.0;ETHANOL
5122.0;8971.0;15633.0;23414.0;4224.0;5918.0;4732.0;8367.0;14565.0;24859.0;4037.0;5902.0;5.0;0.0;-6.0;5.0;ETHANOL
5164.0;9091.0;15834.0;23481.0;4286.0;5989.0;4830.0;8474.0;14797.0;25125.0;4065.0;5971.0;4.0;0.0;-6.0;4.0;ETHANOL
5207.0;9145.0;16004.0;23547.0;4305.0;5986.0;4794.0;8431.0;14639.0;24808.0;4040.0;5915.0;7.0;0.0;-6.0;8.0;ETHANOL
5187.0;9122.0;15887.0;23419.0;4283.0;5990.0;4813.0;8440.0;14729.0;24991.0;4074.0;5952.0;3.0;2.0;-7.0;8.0;ETHANOL
5221.0;9173.0;16014.0;23679.0;4342.0;6064.0;4943.0;8635.0;14951.0;25380.0;4124.0;6042.0;3.0;4.0;-11.0;10.0;ETHANOL
5286.0;9279.0;16177.0;23676.0;4375.0;6108.0;4984.0;8713.0;15082.0;25710.0;4139.0;6066.0;-2.0;4.0;-15.0;8.0;ETHANOL
5368.0;9445.0;16373.0;23893.0;4401.0;6133.0;4948.0;8694.0;15128.0;25688.0;4156.0;6073.0;-3.0;1.0;-15.0;5.0;ETHANOL
5343.0;9393.0;16239.0;23691.0;4382.0;6094.0;4975.0;8711.0;15074.0;25500.0;4140.0;6054.0;-3.0;1.0;-15.0;9.0;ETHANOL
5353.0;9395.0;16313.0;23798.0;4395.0;6127.0;4956.0;8693.0;15109.0;25639.0;4150.0;6065.0;-2.0;-1.0;-15.0;7.0;ETHANOL
5368.0;9418.0;16415.0;23852.0;4408.0;6109.0;5008.0;8813.0;15232.0;25767.0;4155.0;6073.0;-3.0;1.0;-15.0;8.0;ETHANOL
5373.0;9380.0;16300.0;23768.0;4396.0;6144.0;5019.0;8782.0;15260.0;25809.0;4181.0;6109.0;-2.0;2.0;-11.0;7.0;ETHANOL
5423.0;9477.0;16514.0;23926.0;4438.0;6198.0;5009.0;8794.0;15205.0;25866.0;4189.0;6115.0;1.0;2.0;-3.0;9.0;ETHANOL
5442.0;9535.0;16531.0;23928.0;4454.0;6167.0;4994.0;8731.0;15203.0;25783.0;4178.0;6113.0;4.0;-3.0;-4.0;8.0;ETHANOL
5393.0;9434.0;16410.0;23799.0;4396.0;6124.0;5007.0;8773.0;15223.0;25672.0;4145.0;6049.0;6.0;2.0;-4.0;7.0;ETHANOL
5352.0;9368.0;16292.0;23669.0;4377.0;6090.0;4919.0;8618.0;14983.0;25466.0;4138.0;6048.0;7.0;2.0;-4.0;12.0;ETHANOL
5376.0;9412.0;16322.0;23853.0;4415.0;6152.0;5065.0;8868.0;15366.0;26012.0;4210.0;6132.0;3.0;6.0;-4.0;6.0;ETHANOL
5419.0;9544.0;16572.0;23929.0;4461.0;6223.0;5025.0;8776.0;15263.0;25954.0;4210.0;6115.0;0.0;9.0;-5.0;7.0;ETHANOL
5436.0;9541.0;16611.0;23928.0;4460.0;6176.0;5019.0;8799.0;15155.0;25783.0;4183.0;6086.0;0.0;7.0;-5.0;7.0;ETHANOL
5421.0;9483.0;16389.0;23927.0;4406.0;6131.0;4959.0;8738.0;15103.0;25702.0;4157.0;6086.0;0.0;7.0;-5.0;8.0;ETHANOL
5412.0;9469.0;16498.0;23926.0;4443.0;6197.0;5112.0;8944.0;15529.0;26186.0;4251.0;6201.0;0.0;7.0;-8.0;10.0;ETHANOL
5512.0;9688.0;16776.0;23928.0;4505.0;6288.0;5130.0;9007.0;15678.0;26515.0;4282.0;6241.0;4.0;7.0;-8.0;8.0;ETHANOL
5490.0;9664.0;16819.0;23928.0;4515.0;6266.0;5132.0;8996.0;15597.0;26428.0;4285.0;6244.0;4.0;10.0;-6.0;9.0;ETHANOL
5546.0;9755.0;16927.0;24092.0;4536.0;6278.0;5163.0;9011.0;15603.0;26274.0;4256.0;6214.0;8.0;6.0;-8.0;4.0;ETHANOL
5543.0;9721.0;16824.0;24050.0;4514.0;6250.0;5135.0;9009.0;15590.0;26359.0;4258.0;6206.0;6.0;8.0;-6.0;4.0;ETHANOL
5539.0;9707.0;16745.0;23927.0;4504.0;6227.0;5085.0;8910.0;15381.0;26037.0;4210.0;6150.0;5.0;5.0;-6.0;4.0;ETHANOL
5488.0;9613.0;16553.0;23929.0;4436.0;6187.0;5053.0;8857.0;15259.0;25831.0;4184.0;6117.0;4.0;3.0;-6.0;6.0;ETHANOL
5435.0;9508.0;16474.0;23928.0;4420.0;6155.0;5011.0;8780.0;15242.0;25729.0;4170.0;6088.0;5.0;1.0;-7.0;6.0;ETHANOL
5403.0;9450.0;16449.0;23798.0;4404.0;6106.0;4929.0;8627.0;14974.0;25457.0;4114.0;6022.0;0.0;3.0;-6.0;5.0;ETHANOL
5362.0;9383.0;16245.0;23672.0;4351.0;6088.0;4964.0;8672.0;15002.0;25419.0;4128.0;6048.0;-2.0;3.0;-6.0;6.0;ETHANOL
5371.0;9407.0;16329.0;23761.0;4391.0;6098.0;4986.0;8716.0;15166.0;25597.0;4155.0;6056.0;-3.0;3.0;-7.0;4.0;ETHANOL
5408.0;9471.0;16424.0;23799.0;4419.0;6134.0;4972.0;8754.0;15169.0;25674.0;4159.0;6085.0;-3.0;3.0;-9.0;5.0;ETHANOL
5393.0;9468.0;16403.0;23798.0;4396.0;6157.0;5040.0;8826.0;15206.0;25736.0;4160.0;6070.0;-3.0;3.0;-9.0;5.0;ETHANOL
5408.0;9455.0;16453.0;23799.0;4389.0;6116.0;4988.0;8769.0;15142.0;25639.0;4153.0;6082.0;-2.0;4.0;-9.0;7.0;ETHANOL
5387.0;9414.0;16382.0;23725.0;4406.0;6137.0;4991.0;8748.0;15175.0;25771.0;4148.0;6055.0;-4.0;1.0;-9.0;5.0;ETHANOL
5349.0;9419.0;16359.0;23798.0;4401.0;6108.0;4953.0;8697.0;15139.0;25607.0;4135.0;6024.0;-2.0;3.0;-9.0;4.0;ETHANOL
5394.0;9443.0;16387.0;23718.0;4391.0;6124.0;4977.0;8775.0;15153.0;25759.0;4176.0;6120.0;-2.0;1.0;-13.0;4.0;ETHANOL
5399.0;9502.0;16538.0;23926.0;4459.0;6245.0;5109.0;8919.0;15475.0;26229.0;4251.0;6216.0;0.0;1.0;-8.0;6.0;ETHANOL
5541.0;9696.0;16814.0;24056.0;4505.0;6242.0;5109.0;8938.0;15495.0;26234.0;4250.0;6182.0;0.0;1.0;-9.0;6.0;ETHANOL
5471.0;9610.0;16684.0;23929.0;4468.0;6215.0;5040.0;8842.0;15352.0;26171.0;4225.0;6161.0;0.0;4.0;-9.0;6.0;ETHANOL
5490.0;9599.0;16624.0;23925.0;4442.0;6183.0;5058.0;8829.0;15288.0;25857.0;4197.0;6108.0;0.0;6.0;-9.0;4.0;ETHANOL
5445.0;9543.0;16535.0;23928.0;4428.0;6129.0;5027.0;8823.0;15186.0;25697.0;4161.0;6078.0;-1.0;6.0;-9.0;4.0;ETHANOL
5407.0;9449.0;16411.0;23928.0;4409.0;6145.0;4972.0;8729.0;15183.0;25729.0;4172.0;6075.0;-2.0;5.0;-11.0;8.0;ETHANOL
5446.0;9563.0;16592.0;23927.0;4395.0;6108.0;4944.0;8677.0;15039.0;25475.0;4133.0;6064.0;-4.0;5.0;-11.0;6.0;ETHANOL
5401.0;9430.0;16456.0;23929.0;4447.0;6203.0;5081.0;8891.0;15405.0;26159.0;4238.0;6180.0;-5.0;2.0;-11.0;6.0;ETHANOL
5541.0;9732.0;16869.0;24007.0;4520.0;6251.0;5106.0;8957.0;15481.0;26117.0;4236.0;6169.0;-5.0;3.0;-14.0;5.0;ETHANOL
5482.0;9597.0;16650.0;23924.0;4458.0;6215.0;5082.0;8885.0;15383.0;26043.0;4231.0;6168.0;-2.0;2.0;-14.0;4.0;ETHANOL
5506.0;9681.0;16791.0;23927.0;4531.0;6312.0;5216.0;9110.0;15771.0;26708.0;4318.0;6301.0;-1.0;5.0;-12.0;5.0;ETHANOL
5646.0;9892.0;17163.0;24184.0;4579.0;6346.0;5218.0;9173.0;15858.0;26766.0;4325.0;6264.0;2.0;1.0;-12.0;4.0;ETHANOL
5662.0;9902.0;17136.0;24182.0;4573.0;6324.0;5276.0;9202.0;15882.0;26809.0;4330.0;6307.0;2.0;1.0;-12.0;5.0;ETHANOL
5649.0;9896.0;17152.0;24185.0;4598.0;6371.0;5218.0;9125.0;15870.0;26915.0;4343.0;6311.0;-2.0;1.0;-12.0;5.0;ETHANOL
5674.0;9933.0;17192.0;24180.0;4581.0;6346.0;5258.0;9216.0;15854.0;26822.0;4335.0;6281.0;-2.0;1.0;-12.0;6.0;ETHANOL
5666.0;9901.0;17146.0;24183.0;4576.0;6332.0;5295.0;9218.0;15936.0;26890.0;4352.0;6326.0;-3.0;2.0;-11.0;4.0;ETHANOL
5648.0;9924.0;17185.0;24181.0;4590.0;6350.0;5253.0;9155.0;15900.0;26958.0;4346.0;6321.0;-2.0;0.0;-10.0;9.0;ETHANOL
5614.0;9874.0;17101.0;24182.0;4567.0;6328.0;5191.0;9089.0;15703.0;26610.0;4298.0;6283.0;-2.0;4.0;-10.0;8.0;ETHANOL
5601.0;9828.0;17085.0;24183.0;4550.0;6307.0;5157.0;9066.0;15640.0;26551.0;4305.0;6254.0;-3.0;1.0;-10.0;8.0;ETHANOL
5658.0;9887.0;17153.0;24183.0;4579.0;6353.0;5243.0;9203.0;15885.0;26893.0;4342.0;6307.0;-3.0;1.0;-10.0;8.0;ETHANOL
5697.0;9996.0;17393.0;24439.0;4647.0;6443.0;5372.0;9412.0;16219.0;27418.0;4433.0;6451.0;-2.0;1.0;-17.0;8.0;ETHANOL
5849.0;10204.0;17700.0;24489.0;4711.0;6523.0;5470.0;9513.0;16465.0;27830.0;4470.0;6439.0;-2.0;1.0;-17.0;6.0;ETHANOL
5842.0;10199.0;17727.0;24437.0;4712.0;6496.0;5423.0;9426.0;16307.0;27689.0;4459.0;6464.0;0.0;1.0;-14.0;12.0;ETHANOL
5863.0;10199.0;17734.0;24531.0;4721.0;6514.0;5313.0;9343.0;16176.0;27372.0;4424.0;6426.0;3.0;3.0;-5.0;7.0;ETHANOL
5825.0;10203.0;17625.0;24440.0;4679.0;6489.0;5344.0;9364.0;16224.0;27368.0;4415.0;6395.0;5.0;3.0;-7.0;7.0;ETHANOL
5779.0;10095.0;17479.0;24437.0;4648.0;6435.0;5290.0;9234.0;15928.0;27007.0;4361.0;6346.0;3.0;3.0;-7.0;10.0;ETHANOL
5692.0;9924.0;17189.0;24182.0;4582.0;6349.0;5306.0;9250.0;15960.0;26882.0;4338.0;6280.0;2.0;-1.0;-7.0;7.0;ETHANOL
5728.0;9978.0;17183.0;24183.0;4559.0;6291.0;5204.0;9060.0;15663.0;26513.0;4270.0;6232.0;0.0;-2.0;-7.0;11.0;ETHANOL
5595.0;9766.0;16889.0;24053.0;4471.0;6240.0;5145.0;9014.0;15578.0;26260.0;4246.0;6171.0;0.0;-2.0;-7.0;11.0;ETHANOL
5520.0;9649.0;16763.0;23927.0;4481.0;6234.0;5165.0;9026.0;15536.0;26325.0;4245.0;6194.0;0.0;-1.0;-11.0;3.0;ETHANOL
5586.0;9775.0;16949.0;24053.0;4534.0;6280.0;5198.0;9055.0;15644.0;26649.0;4303.0;6281.0;-1.0;9.0;-11.0;4.0;ETHANOL
5649.0;9887.0;17097.0;24184.0;4572.0;6364.0;5268.0;9225.0;15892.0;26909.0;4336.0;6299.0;0.0;11.0;-7.0;3.0;ETHANOL
5710.0;9964.0;17236.0;24202.0;4586.0;6367.0;5291.0;9229.0;15826.0;26783.0;4324.0;6292.0;2.0;6.0;-7.0;2.0;ETHANOL
5697.0;9941.0;17245.0;24184.0;4575.0;6335.0;5241.0;9128.0;15805.0;26647.0;4313.0;6281.0;-1.0;4.0;-11.0;3.0;ETHANOL
5680.0;9925.0;17170.0;24182.0;4578.0;6336.0;5282.0;9158.0;15802.0;26737.0;4314.0;6266.0;2.0;4.0;-7.0;3.0;ETHANOL
5692.0;9940.0;17201.0;24182.0;4567.0;6318.0;5244.0;9125.0;15777.0;26533.0;4303.0;6261.0;2.0;-3.0;-7.0;3.0;ETHANOL
5671.0;9924.0;17163.0;24183.0;4565.0;6315.0;5173.0;9071.0;15695.0;26624.0;4303.0;6264.0;-1.0;1.0;-8.0;3.0;ETHANOL
5642.0;9852.0;17073.0;24183.0;4563.0;6334.0;5209.0;9099.0;15781.0;26739.0;4318.0;6285.0;-3.0;-1.0;-18.0;3.0;ETHANOL
5697.0;9962.0;17171.0;24183.0;4562.0;6349.0;5284.0;9249.0;16001.0;27010.0;4361.0;6313.0;-2.0;1.0;-18.0;4.0;ETHANOL
5699.0;9965.0;17188.0;24182.0;4584.0;6343.0;5248.0;9168.0;15864.0;26728.0;4321.0;6260.0;-2.0;1.0;-18.0;7.0;ETHANOL
5708.0;9964.0;17231.0;24182.0;4579.0;6345.0;5275.0;9210.0;15812.0;26744.0;4313.0;6261.0;-1.0;2.0;-18.0;8.0;ETHANOL
5698.0;9964.0;17154.0;24182.0;4563.0;6337.0;5268.0;9211.0;15969.0;26826.0;4350.0;6322.0;-2.0;2.0;-13.0;7.0;ETHANOL
5737.0;10009.0;17333.0;24263.0;4646.0;6460.0;5390.0;9447.0;16312.0;27457.0;4424.0;6438.0;-2.0;2.0;-13.0;6.0;ETHANOL
5846.0;10208.0;17665.0;24437.0;4705.0;6498.0;5422.0;9459.0;16366.0;27537.0;4431.0;6459.0;-6.0;2.0;-12.0;7.0;ETHANOL
5858.0;10257.0;17691.0;24438.0;4683.0;6478.0;5393.0;9408.0;16246.0;27785.0;4439.0;6414.0;-6.0;1.0;-13.0;4.0;ETHANOL
5876.0;10207.0;17795.0;24439.0;4705.0;6523.0;5527.0;9725.0;16712.0;28123.0;4502.0;6506.0;-8.0;1.0;-14.0;4.0;ETHANOL
5950.0;10397.0;17948.0;24512.0;4744.0;6555.0;5488.0;9569.0;16464.0;27756.0;4502.0;6470.0;-6.0;1.0;-14.0;5.0;ETHANOL
5915.0;10345.0;17836.0;24437.0;4709.0;6518.0;5461.0;9513.0;16350.0;27555.0;4441.0;6448.0;-6.0;1.0;-12.0;4.0;ETHANOL
5880.0;10250.0;17716.0;24533.0;4726.0;6527.0;5483.0;9592.0;16555.0;27830.0;4475.0;6487.0;-4.0;1.0;-12.0;5.0;ETHANOL
5963.0;10362.0;17859.0;24510.0;4738.0;6534.0;5456.0;9503.0;16427.0;27587.0;4468.0;6475.0;-2.0;1.0;-8.0;4.0;ETHANOL
5921.0;10293.0;17784.0;24438.0;4702.0;6524.0;5489.0;9566.0;16502.0;27767.0;4462.0;6453.0;0.0;2.0;-8.0;6.0;ETHANOL
5856.0;10240.0;17679.0;24439.0;4724.0;6553.0;5499.0;9561.0;16515.0;27858.0;4485.0;6527.0;2.0;-1.0;-8.0;3.0;ETHANOL
5891.0;10288.0;17789.0;24438.0;4749.0;6570.0;5523.0;9620.0;16635.0;28005.0;4523.0;6556.0;0.0;0.0;-9.0;4.0;ETHANOL
6056.0;10523.0;18147.0;24715.0;4815.0;6645.0;5590.0;9751.0;16807.0;28207.0;4558.0;6601.0;0.0;0.0;-9.0;3.0;ETHANOL
6029.0;10494.0;18191.0;24690.0;4813.0;6650.0;5616.0;9774.0;16797.0;28248.0;4537.0;6567.0;0.0;0.0;-9.0;6.0;ETHANOL
6005.0;10464.0;18086.0;24441.0;4770.0;6596.0;5529.0;9585.0;16521.0;27708.0;4482.0;6475.0;5.0;1.0;-8.0;9.0;ETHANOL
5983.0;10346.0;17895.0;24441.0;4729.0;6539.0;5478.0;9530.0;16501.0;27699.0;4466.0;6495.0;5.0;1.0;-8.0;7.0;ETHANOL
5936.0;10283.0;17759.0;24439.0;4709.0;6509.0;5463.0;9543.0;16432.0;27577.0;4437.0;6407.0;6.0;2.0;-8.0;6.0;ETHANOL
5883.0;10235.0;17694.0;24457.0;4685.0;6485.0;5432.0;9474.0;16321.0;27487.0;4425.0;6386.0;7.0;1.0;-12.0;9.0;ETHANOL
5869.0;10247.0;17661.0;24440.0;4685.0;6468.0;5406.0;9429.0;16231.0;27489.0;4439.0;6433.0;-1.0;2.0;-12.0;11.0;ETHANOL
5841.0;10220.0;17688.0;24444.0;4705.0;6505.0;5477.0;9581.0;16512.0;27824.0;4465.0;6500.0;-1.0;3.0;-12.0;7.0;ETHANOL
5957.0;10363.0;17909.0;24526.0;4744.0;6532.0;5547.0;9637.0;16591.0;27946.0;4475.0;6507.0;-1.0;2.0;-12.0;7.0;ETHANOL
5971.0;10405.0;17958.0;24559.0;4759.0;6550.0;5569.0;9653.0;16610.0;27917.0;4498.0;6514.0;-1.0;9.0;-6.0;4.0;ETHANOL
5962.0;10399.0;17975.0;24440.0;4773.0;6592.0;5592.0;9715.0;16814.0;28154.0;4528.0;6561.0;1.0;8.0;-6.0;6.0;ETHANOL
6054.0;10503.0;18063.0;24691.0;4755.0;6549.0;5531.0;9594.0;16531.0;27790.0;4477.0;6502.0;1.0;4.0;-6.0;4.0;ETHANOL
5869.0;10255.0;17709.0;24438.0;4702.0;6516.0;5501.0;9525.0;16453.0;27645.0;4442.0;6440.0;1.0;4.0;-13.0;5.0;ETHANOL
5885.0;10270.0;17766.0;24531.0;4725.0;6530.0;5497.0;9581.0;16458.0;27705.0;4465.0;6488.0;1.0;2.0;-13.0;4.0;ETHANOL
6006.0;10444.0;17996.0;24514.0;4751.0;6558.0;5556.0;9672.0;16633.0;27922.0;4499.0;6527.0;1.0;2.0;-13.0;7.0;ETHANOL
5974.0;10386.0;17986.0;24515.0;4757.0;6572.0;5549.0;9692.0;16643.0;27947.0;4519.0;6510.0;1.0;2.0;-9.0;9.0;ETHANOL
5966.0;10423.0;17972.0;24438.0;4732.0;6551.0;5553.0;9675.0;16627.0;27910.0;4498.0;6516.0;1.0;4.0;-9.0;8.0;ETHANOL
5962.0;10371.0;17933.0;24503.0;4750.0;6547.0;5486.0;9591.0;16489.0;27803.0;4477.0;6473.0;6.0;5.0;-8.0;6.0;ETHANOL
5923.0;10364.0;17865.0;24439.0;4731.0;6542.0;5512.0;9582.0;16478.0;27713.0;4461.0;6478.0;6.0;4.0;-9.0;7.0;ETHANOL
5920.0;10317.0;17761.0;24472.0;4708.0;6493.0;5357.0;9371.0;16249.0;27319.0;4409.0;6416.0;6.0;4.0;-9.0;5.0;ETHANOL
5802.0;10081.0;17527.0;24439.0;4635.0;6392.0;5402.0;9382.0;16120.0;27276.0;4359.0;6329.0;6.0;4.0;-8.0;5.0;ETHANOL
5697.0;9966.0;17333.0;24289.0;4575.0;6313.0;5305.0;9248.0;15955.0;26935.0;4338.0;6297.0;5.0;4.0;-2.0;9.0;ETHANOL
5642.0;9877.0;17189.0;24180.0;4612.0;6407.0;5387.0;9414.0;16270.0;27537.0;4414.0;6379.0;1.0;4.0;-7.0;7.0;ETHANOL
5732.0;10081.0;17433.0;24438.0;4655.0;6402.0;5276.0;9223.0;15960.0;27015.0;4383.0;6349.0;2.0;8.0;-2.0;7.0;ETHANOL
5656.0;9949.0;17278.0;24187.0;4641.0;6411.0;5356.0;9348.0;16109.0;27247.0;4385.0;6369.0;2.0;5.0;-2.0;9.0;ETHANOL
5684.0;9963.0;17274.0;24211.0;4611.0;6415.0;5391.0;9422.0;16315.0;27409.0;4424.0;6396.0;2.0;4.0;-3.0;4.0;ETHANOL
5755.0;10087.0;17546.0;24449.0;4682.0;6453.0;5413.0;9466.0;16284.0;27463.0;4435.0;6424.0;2.0;4.0;-3.0;5.0;ETHANOL
5758.0;10140.0;17579.0;24436.0;4687.0;6496.0;5448.0;9491.0;16407.0;27618.0;4445.0;6432.0;4.0;3.0;-3.0;4.0;ETHANOL
5820.0;10168.0;17602.0;24437.0;4686.0;6482.0;5357.0;9412.0;16272.0;27553.0;4444.0;6449.0;-1.0;5.0;-14.0;5.0;ETHANOL
5845.0;10213.0;17689.0;24438.0;4704.0;6481.0;5430.0;9450.0;16321.0;27546.0;4444.0;6451.0;-1.0;3.0;-8.0;9.0;ETHANOL
5853.0;10221.0;17711.0;24439.0;4684.0;6467.0;5418.0;9445.0;16306.0;27532.0;4429.0;6410.0;-1.0;0.0;-8.0;6.0;ETHANOL
5801.0;10156.0;17594.0;24452.0;4666.0;6499.0;5411.0;9450.0;16353.0;27659.0;4471.0;6463.0;-6.0;0.0;-12.0;0.0;ETHANOL
5833.0;10217.0;17688.0;24425.0;4704.0;6521.0;5493.0;9569.0;16495.0;27890.0;4502.0;6540.0;-1.0;0.0;-8.0;0.0;ETHANOL
5954.0;10428.0;17992.0;24532.0;4801.0;6583.0;5525.0;9696.0;16709.0;28168.0;4515.0;6535.0;1.0;-1.0;-8.0;0.0;ETHANOL
5915.0;10324.0;17881.0;24753.0;4870.0;6574.0;5011.0;9198.0;16641.0;28876.0;4650.0;6419.0;1.0;-2.0;-10.0;5.0;ETHANOL
5219.0;9172.0;16009.0;23676.0;4377.0;6132.0;5117.0;8980.0;15512.0;26265.0;4260.0;6184.0;-5.0;-2.0;-12.0;5.0;ETHANOL
5596.0;9806.0;17082.0;24183.0;4548.0;6311.0;5288.0;9283.0;16031.0;26975.0;4357.0;6308.0;-5.0;-2.0;-13.0;6.0;ETHANOL
5681.0;9943.0;17264.0;24272.0;4616.0;6384.0;5362.0;9300.0;16108.0;27205.0;4391.0;6337.0;-5.0;-2.0;-13.0;7.0;ETHANOL
5743.0;10080.0;17446.0;24339.0;4642.0;6408.0;5348.0;9325.0;16202.0;27288.0;4413.0;6404.0;-5.0;-2.0;-13.0;7.0;ETHANOL
5810.0;10162.0;17600.0;24455.0;4675.0;6441.0;5446.0;9480.0;16389.0;27556.0;4449.0;6441.0;-4.0;0.0;-13.0;7.0;ETHANOL
5893.0;10309.0;17894.0;24456.0;4711.0;6513.0;5501.0;9558.0;16468.0;27698.0;4454.0;6461.0;-3.0;0.0;-12.0;5.0;ETHANOL
5817.0;10201.0;17700.0;24438.0;4691.0;6490.0;5453.0;9473.0;16347.0;27545.0;4431.0;6420.0;-3.0;1.0;-12.0;7.0;ETHANOL
5836.0;10188.0;17657.0;24439.0;4706.0;6485.0;5426.0;9481.0;16327.0;27617.0;4457.0;6447.0;-3.0;2.0;-12.0;6.0;ETHANOL
5872.0;10256.0;17725.0;24425.0;4727.0;6531.0;5507.0;9604.0;16514.0;27864.0;4494.0;6507.0;-3.0;2.0;-9.0;6.0;ETHANOL
5914.0;10368.0;17970.0;24538.0;4763.0;6538.0;5486.0;9584.0;16529.0;27855.0;4495.0;6505.0;-1.0;2.0;-9.0;6.0;ETHANOL
5914.0;10378.0;17926.0;24514.0;4739.0;6539.0;5484.0;9576.0;16488.0;27801.0;4495.0;6473.0;-3.0;5.0;-12.0;6.0;ETHANOL
5852.0;10289.0;17792.0;24448.0;4751.0;6529.0;5466.0;9539.0;16452.0;27756.0;4458.0;6503.0;-1.0;2.0;-12.0;8.0;ETHANOL
5854.0;10276.0;17723.0;24453.0;4718.0;6543.0;5482.0;9565.0;16494.0;27729.0;4463.0;6471.0;3.0;7.0;-9.0;8.0;ETHANOL
5857.0;10209.0;17703.0;24459.0;4714.0;6494.0;5404.0;9433.0;16331.0;27442.0;4426.0;6413.0;6.0;2.0;-9.0;9.0;ETHANOL
5828.0;10183.0;17598.0;24421.0;4677.0;6428.0;5454.0;9492.0;16290.0;27444.0;4432.0;6431.0;7.0;6.0;-4.0;9.0;ETHANOL
5916.0;10336.0;17866.0;24443.0;4741.0;6517.0;5501.0;9530.0;16494.0;27764.0;4456.0;6482.0;8.0;3.0;-4.0;14.0;ETHANOL
5904.0;10306.0;17838.0;24538.0;4712.0;6486.0;5435.0;9562.0;16451.0;27674.0;4455.0;6460.0;3.0;4.0;-4.0;9.0;ETHANOL
5855.0;10235.0;17716.0;24437.0;4704.0;6487.0;5456.0;9506.0;16381.0;27559.0;4437.0;6441.0;3.0;4.0;-6.0;9.0;ETHANOL
5896.0;10316.0;17769.0;24462.0;4712.0;6497.0;5424.0;9490.0;16387.0;27522.0;4437.0;6448.0;3.0;4.0;-8.0;7.0;ETHANOL
5909.0;10270.0;17687.0;24440.0;4685.0;6458.0;5399.0;9410.0;16065.0;27262.0;4402.0;6355.0;1.0;0.0;-9.0;8.0;ETHANOL
5790.0;10129.0;17534.0;24438.0;4699.0;6495.0;5467.0;9523.0;16473.0;27799.0;4490.0;6494.0;2.0;0.0;-8.0;7.0;ETHANOL
5936.0;10402.0;17940.0;24512.0;4768.0;6559.0;5536.0;9691.0;16719.0;28189.0;4527.0;6532.0;-4.0;0.0;-8.0;6.0;ETHANOL
5955.0;10409.0;18066.0;24620.0;4792.0;6601.0;5604.0;9727.0;16781.0;28205.0;4537.0;6576.0;-4.0;-1.0;-8.0;7.0;ETHANOL
6028.0;10523.0;18229.0;24721.0;4835.0;6659.0;5648.0;9832.0;16949.0;28528.0;4593.0;6618.0;-4.0;1.0;-9.0;8.0;ETHANOL
6062.0;10571.0;18306.0;24728.0;4837.0;6630.0;5583.0;9708.0;16777.0;28227.0;4548.0;6573.0;-3.0;1.0;-3.0;3.0;ETHANOL
6000.0;10450.0;18073.0;24672.0;4795.0;6628.0;5560.0;9687.0;16685.0;28109.0;4545.0;6546.0;-3.0;1.0;-3.0;3.0;ETHANOL
5981.0;10414.0;17951.0;24445.0;4776.0;6583.0;5526.0;9624.0;16650.0;27959.0;4506.0;6507.0;-1.0;1.0;-9.0;5.0;ETHANOL
5895.0;10278.0;17872.0;24506.0;4729.0;6556.0;5544.0;9620.0;16585.0;27951.0;4487.0;6509.0;6.0;8.0;-7.0;2.0;ETHANOL
5976.0;10398.0;17934.0;24463.0;4716.0;6510.0;5434.0;9468.0;16274.0;27409.0;4418.0;6457.0;5.0;1.0;-7.0;4.0;ETHANOL
5945.0;10294.0;17815.0;24514.0;4727.0;6519.0;5470.0;9505.0;16450.0;27662.0;4454.0;6463.0;11.0;1.0;-7.0;4.0;ETHANOL
5893.0;10237.0;17741.0;24440.0;4716.0;6525.0;5497.0;9573.0;16585.0;27967.0;4499.0;6496.0;5.0;1.0;-10.0;7.0;ETHANOL
5957.0;10373.0;17892.0;24462.0;4745.0;6540.0;5516.0;9598.0;16575.0;27979.0;4502.0;6508.0;7.0;0.0;-10.0;10.0;ETHANOL
5971.0;10461.0;18121.0;24609.0;4791.0;6620.0;5614.0;9763.0;16790.0;28284.0;4570.0;6583.0;1.0;0.0;-10.0;5.0;ETHANOL
6056.0;10567.0;18191.0;24687.0;4809.0;6642.0;5652.0;9829.0;16819.0;28335.0;4569.0;6630.0;1.0;1.0;-7.0;5.0;ETHANOL
6004.0;10538.0;18267.0;24782.0;4843.0;6669.0;5666.0;9799.0;16993.0;28523.0;4599.0;6645.0;-1.0;3.0;-11.0;5.0;ETHANOL
6092.0;10662.0;18366.0;24693.0;4865.0;6691.0;5662.0;9898.0;17078.0;28564.0;4618.0;6657.0;-1.0;2.0;-11.0;6.0;ETHANOL
6097.0;10630.0;18397.0;24830.0;4861.0;6716.0;5766.0;9991.0;17221.0;28676.0;4612.0;6694.0;-1.0;4.0;-11.0;7.0;ETHANOL
6128.0;10701.0;18465.0;24698.0;4876.0;6696.0;5698.0;9889.0;16990.0;28441.0;4606.0;6617.0;-1.0;1.0;-11.0;9.0;ETHANOL
6162.0;10698.0;18369.0;24709.0;4849.0;6663.0;5692.0;9895.0;16970.0;28456.0;4589.0;6618.0;-2.0;0.0;-11.0;7.0;ETHANOL
6079.0;10638.0;18351.0;24731.0;4832.0;6663.0;5691.0;9907.0;17061.0;28565.0;4612.0;6643.0;-4.0;0.0;-10.0;1.0;ETHANOL
6147.0;10687.0;18419.0;24816.0;4859.0;6655.0;5620.0;9806.0;16863.0;28283.0;4545.0;6585.0;-2.0;0.0;-10.0;1.0;ETHANOL
6055.0;10543.0;18170.0;24695.0;4782.0;6600.0;5580.0;9704.0;16724.0;28049.0;4512.0;6521.0;-2.0;0.0;-10.0;5.0;ETHANOL
6039.0;10495.0;18149.0;24695.0;4794.0;6615.0;5603.0;9741.0;16830.0;28285.0;4587.0;6605.0;-2.0;2.0;-10.0;6.0;ETHANOL
6066.0;10579.0;18222.0;24769.0;4832.0;6624.0;5696.0;9876.0;17032.0;28432.0;4585.0;6590.0;-3.0;2.0;-12.0;5.0;ETHANOL
6084.0;10618.0;18400.0;24693.0;4870.0;6704.0;5713.0;9914.0;17036.0;28700.0;4627.0;6712.0;-3.0;2.0;-13.0;3.0;ETHANOL
6207.0;10807.0;18680.0;24949.0;4905.0;6748.0;5721.0;9951.0;17189.0;28730.0;4652.0;6697.0;-5.0;1.0;-14.0;3.0;ETHANOL
6172.0;10782.0;18514.0;24946.0;4898.0;6738.0;5749.0;9971.0;17132.0;28693.0;4637.0;6679.0;-3.0;9.0;-13.0;3.0;ETHANOL
6200.0;10772.0;18574.0;24952.0;4896.0;6745.0;5757.0;9996.0;17250.0;28828.0;4653.0;6731.0;-5.0;1.0;-13.0;6.0;ETHANOL
6228.0;10838.0;18671.0;24949.0;4936.0;6791.0;5869.0;10152.0;17520.0;29032.0;4687.0;6768.0;-5.0;6.0;-9.0;4.0;ETHANOL
6283.0;10932.0;18790.0;24948.0;4961.0;6783.0;5854.0;10163.0;17477.0;29009.0;4676.0;6741.0;2.0;1.0;-6.0;4.0;ETHANOL
6229.0;10842.0;18618.0;24949.0;4904.0;6760.0;5769.0;10035.0;17236.0;28810.0;4645.0;6687.0;4.0;4.0;-4.0;5.0;ETHANOL
6203.0;10844.0;18709.0;24949.0;4976.0;6873.0;5880.0;10260.0;17647.0;29361.0;4784.0;6862.0;4.0;2.0;-6.0;7.0;ETHANOL
6416.0;11182.0;19245.0;25081.0;5054.0;6952.0;5997.0;10441.0;17937.0;29539.0;4806.0;6906.0;7.0;6.0;-4.0;4.0;ETHANOL
6410.0;11153.0;19202.0;25163.0;5067.0;6920.0;5940.0;10297.0;17709.0;29304.0;4761.0;6821.0;7.0;6.0;-6.0;4.0;ETHANOL
6369.0;11008.0;18944.0;25022.0;4999.0;6878.0;5892.0;10241.0;17562.0;29189.0;4733.0;6833.0;6.0;6.0;-6.0;4.0;ETHANOL
6381.0;11072.0;19089.0;25022.0;5060.0;6962.0;6037.0;10484.0;17973.0;29579.0;4838.0;6952.0;-3.0;6.0;-13.0;7.0;ETHANOL
6476.0;11316.0;19395.0;25199.0;5097.0;6987.0;6029.0;10465.0;17959.0;29548.0;4822.0;6932.0;3.0;6.0;-7.0;7.0;ETHANOL
6513.0;11338.0;19314.0;25105.0;5076.0;6915.0;5932.0;10290.0;17685.0;29345.0;4763.0;6864.0;3.0;7.0;-8.0;7.0;ETHANOL
6441.0;11129.0;19067.0;25041.0;4987.0;6841.0;5830.0;10153.0;17398.0;28965.0;4691.0;6749.0;0.0;3.0;-13.0;7.0;ETHANOL
6267.0;10868.0;18680.0;24949.0;4888.0;6730.0;5778.0;10046.0;17218.0;28711.0;4613.0;6664.0;0.0;6.0;-13.0;4.0;ETHANOL
6179.0;10783.0;18566.0;24862.0;4874.0;6723.0;5796.0;10088.0;17235.0;28700.0;4609.0;6656.0;3.0;1.0;-8.0;6.0;ETHANOL
6166.0;10693.0;18434.0;24853.0;4856.0;6681.0;5705.0;9890.0;17027.0;28517.0;4595.0;6618.0;0.0;1.0;-12.0;6.0;ETHANOL
6147.0;10670.0;18349.0;24693.0;4824.0;6669.0;5648.0;9825.0;16858.0;28462.0;4596.0;6629.0;-1.0;1.0;-14.0;10.0;ETHANOL
6141.0;10665.0;18401.0;24695.0;4876.0;6711.0;5737.0;9948.0;17148.0;28715.0;4619.0;6688.0;-1.0;1.0;-12.0;6.0;ETHANOL
6258.0;10883.0;18709.0;24948.0;4943.0;6807.0;5841.0;10137.0;17404.0;29016.0;4710.0;6757.0;-1.0;5.0;-9.0;8.0;ETHANOL
6261.0;10889.0;18805.0;24949.0;4950.0;6787.0;5760.0;10049.0;17315.0;28960.0;4678.0;6753.0;-1.0;3.0;-9.0;5.0;ETHANOL
6297.0;10938.0;18763.0;24945.0;4948.0;6792.0;5797.0;10110.0;17381.0;29023.0;4700.0;6762.0;0.0;3.0;-7.0;7.0;ETHANOL
6297.0;10962.0;18827.0;24949.0;4964.0;6829.0;5897.0;10240.0;17582.0;29216.0;4733.0;6774.0;4.0;1.0;-7.0;10.0;ETHANOL
6317.0;11014.0;18940.0;25018.0;4976.0;6832.0;5837.0;10104.0;17469.0;28999.0;4678.0;6738.0;9.0;3.0;-7.0;3.0;ETHANOL
6264.0;10858.0;18688.0;24947.0;4915.0;6721.0;5737.0;9990.0;17137.0;28755.0;4623.0;6684.0;6.0;1.0;-10.0;2.0;ETHANOL
6186.0;10733.0;18440.0;24786.0;4856.0;6661.0;5710.0;9888.0;16989.0;28476.0;4579.0;6594.0;8.0;1.0;-14.0;2.0;ETHANOL
6264.0;10858.0;18688.0;24947.0;4915.0;6721.0;5737.0;9990.0;17137.0;28755.0;4623.0;6684.0;2.0;1.0;-14.0;1.0;ETHANOL
6173.0;10738.0;18436.0;24786.0;4862.0;6730.0;5809.0;10061.0;17238.0;28747.0;4642.0;6711.0;-1.0;1.0;-10.0;7.0;ETHANOL
6326.0;10960.0;18785.0;24977.0;4979.0;6831.0;5920.0;10243.0;17534.0;29183.0;4719.0;6780.0;2.0;3.0;-9.0;7.0;ETHANOL
