OFFCHIP_SENSIMOX_SnAu_150_200.0_IN-PHASE;OFFCHIP_SENSIMOX_SnAu_200_200.0_IN-PHASE;OFFCHIP_SENSIMOX_SnAu_250_200.0_IN-PHASE;OFFCHIP_SENSIMOX_SnAu_300_200.0_IN-PHASE;OFFCHIP_SENSIMOX_SnAu_350_200.0_IN-PHASE;OFFCHIP_SENSIMOX_SnAu_400_200.0_IN-PHASE;OFFCHIP_SENSIMOX_SnAu_150_78125.0_IN-PHASE;OFFCHIP_SENSIMOX_SnAu_200_78125.0_IN-PHASE;OFFCHIP_SENSIMOX_SnAu_250_78125.0_IN-PHASE;OFFCHIP_SENSIMOX_SnAu_300_78125.0_IN-PHASE;OFFCHIP_SENSIMOX_SnAu_350_78125.0_IN-PHASE;OFFCHIP_SENSIMOX_SnAu_400_78125.0_IN-PHASE;ONCHIP_ALUMINUM_OXIDE_OUT4_IN-PHASE;ONCHIP_ALUMINUM_OXIDE_OUT4_QUADRATURE;ONCHIP_ALUMINUM_OXIDE_OUT7_IN-PHASE;ONCHIP_ALUMINUM_OXIDE_OUT7_QUADRATURE;LABEL
1.0;1.0;1.0;1.0;1.0;1.0;1.0;1.0;1.0;1.0;1.0;1.0;1.0;1.0;1.0;1.0;ETHANOL
23.0;45.0;90.0;179.0;30.0;50.0;8.0;22.0;44.0;100.0;18.0;35.0;0.0;-6.0;-5.0;3.0;ETHANOL
21.0;44.0;87.0;177.0;32.0;54.0;12.0;25.0;54.0;117.0;21.0;41.0;0.0;-6.0;-5.0;3.0;ETHANOL
25.0;52.0;105.0;207.0;39.0;66.0;16.0;36.0;75.0;157.0;30.0;55.0;2.0;-4.0;-5.0;5.0;ETHANOL
32.0;63.0;133.0;281.0;52.0;94.0;27.0;58.0;115.0;247.0;47.0;88.0;3.0;-4.0;-5.0;16.0;ETHANOL
44.0;88.0;181.0;372.0;70.0;122.0;37.0;78.0;161.0;342.0;64.0;115.0;0.0;-5.0;-6.0;10.0;ETHANOL
55.0;110.0;223.0;461.0;87.0;148.0;44.0;91.0;195.0;407.0;79.0;143.0;8.0;-4.0;-8.0;10.0;ETHANOL
74.0;152.0;320.0;689.0;136.0;239.0;83.0;171.0;352.0;726.0;140.0;252.0;5.0;-4.0;-8.0;20.0;ETHANOL
119.0;238.0;487.0;1011.0;191.0;326.0;114.0;233.0;468.0;964.0;185.0;320.0;-8.0;-5.0;-8.0;13.0;ETHANOL
145.0;285.0;571.0;1154.0;219.0;372.0;131.0;269.0;538.0;1087.0;205.0;358.0;-8.0;-4.0;-8.0;15.0;ETHANOL
160.0;311.0;621.0;1263.0;241.0;407.0;145.0;295.0;601.0;1197.0;228.0;403.0;-8.0;-4.0;-8.0;8.0;ETHANOL
181.0;353.0;715.0;1461.0;281.0;479.0;180.0;366.0;725.0;1458.0;273.0;477.0;-8.0;-7.0;-6.0;11.0;ETHANOL
217.0;418.0;843.0;1711.0;322.0;548.0;208.0;422.0;837.0;1686.0;316.0;548.0;-4.0;-7.0;-8.0;8.0;ETHANOL
245.0;483.0;961.0;1937.0;363.0;610.0;234.0;469.0;930.0;1863.0;349.0;600.0;-1.0;-7.0;-8.0;8.0;ETHANOL
267.0;523.0;1031.0;2051.0;385.0;635.0;240.0;484.0;960.0;1906.0;353.0;606.0;-2.0;-7.0;-5.0;4.0;ETHANOL
262.0;513.0;1028.0;2042.0;381.0;637.0;245.0;488.0;965.0;1927.0;361.0;623.0;-1.0;-2.0;1.0;8.0;ETHANOL
270.0;527.0;1048.0;2082.0;391.0;645.0;242.0;486.0;963.0;1915.0;356.0;607.0;-1.0;-1.0;-2.0;10.0;ETHANOL
257.0;504.0;986.0;1971.0;363.0;606.0;224.0;451.0;891.0;1770.0;326.0;568.0;7.0;-1.0;1.0;10.0;ETHANOL
234.0;457.0;908.0;1797.0;333.0;561.0;205.0;412.0;813.0;1614.0;297.0;513.0;5.0;-1.0;3.0;4.0;ETHANOL
211.0;410.0;814.0;1611.0;297.0;498.0;178.0;357.0;704.0;1407.0;260.0;451.0;5.0;-7.0;3.0;6.0;ETHANOL
178.0;349.0;691.0;1390.0;260.0;449.0;154.0;314.0;631.0;1248.0;233.0;412.0;5.0;-7.0;2.0;4.0;ETHANOL
162.0;324.0;647.0;1300.0;244.0;420.0;143.0;294.0;596.0;1204.0;227.0;402.0;5.0;-8.0;2.0;2.0;ETHANOL
165.0;332.0;662.0;1342.0;253.0;440.0;158.0;322.0;646.0;1295.0;248.0;430.0;5.0;-8.0;2.0;2.0;ETHANOL
188.0;373.0;752.0;1510.0;286.0;490.0;184.0;367.0;737.0;1484.0;276.0;484.0;6.0;-8.0;1.0;2.0;ETHANOL
211.0;414.0;827.0;1655.0;307.0;523.0;193.0;386.0;781.0;1542.0;288.0;503.0;6.0;-10.0;1.0;3.0;ETHANOL
224.0;437.0;858.0;1715.0;320.0;549.0;203.0;408.0;806.0;1610.0;303.0;529.0;11.0;-10.0;2.0;2.0;ETHANOL
235.0;459.0;902.0;1813.0;336.0;572.0;212.0;422.0;854.0;1691.0;318.0;549.0;6.0;-8.0;2.0;2.0;ETHANOL
254.0;492.0;970.0;1914.0;353.0;590.0;224.0;445.0;882.0;1748.0;324.0;563.0;6.0;-7.0;2.0;2.0;ETHANOL
240.0;468.0;912.0;1807.0;333.0;557.0;207.0;414.0;823.0;1631.0;304.0;527.0;3.0;-7.0;2.0;2.0;ETHANOL
219.0;435.0;854.0;1707.0;320.0;538.0;197.0;395.0;789.0;1573.0;292.0;507.0;3.0;-4.0;12.0;2.0;ETHANOL
211.0;415.0;830.0;1655.0;307.0;525.0;189.0;381.0;756.0;1530.0;284.0;497.0;3.0;-4.0;11.0;2.0;ETHANOL
209.0;412.0;816.0;1646.0;308.0;527.0;191.0;391.0;788.0;1553.0;291.0;510.0;9.0;-4.0;9.0;2.0;ETHANOL
218.0;428.0;846.0;1704.0;317.0;538.0;197.0;398.0;792.0;1569.0;292.0;512.0;6.0;-4.0;9.0;2.0;ETHANOL
214.0;421.0;834.0;1669.0;312.0;532.0;193.0;392.0;778.0;1546.0;287.0;505.0;6.0;-4.0;-1.0;2.0;ETHANOL
212.0;416.0;817.0;1653.0;306.0;524.0;194.0;391.0;769.0;1546.0;289.0;500.0;2.0;-3.0;-3.0;2.0;ETHANOL
211.0;418.0;824.0;1652.0;311.0;530.0;194.0;391.0;783.0;1573.0;292.0;508.0;6.0;-4.0;-2.0;6.0;ETHANOL
221.0;432.0;857.0;1696.0;316.0;542.0;199.0;402.0;805.0;1607.0;298.0;519.0;2.0;-4.0;-2.0;3.0;ETHANOL
222.0;436.0;866.0;1718.0;321.0;550.0;202.0;411.0;824.0;1624.0;305.0;529.0;-1.0;-6.0;-2.0;3.0;ETHANOL
222.0;436.0;870.0;1738.0;323.0;548.0;202.0;409.0;821.0;1613.0;297.0;523.0;-1.0;-8.0;-2.0;6.0;ETHANOL
215.0;419.0;832.0;1653.0;307.0;521.0;184.0;373.0;753.0;1514.0;282.0;497.0;-1.0;-9.0;-2.0;4.0;ETHANOL
205.0;405.0;802.0;1588.0;293.0;500.0;173.0;351.0;707.0;1421.0;266.0;464.0;-1.0;-8.0;-2.0;2.0;ETHANOL
188.0;372.0;748.0;1484.0;281.0;484.0;168.0;345.0;696.0;1401.0;262.0;461.0;3.0;-8.0;0.0;2.0;ETHANOL
193.0;384.0;758.0;1523.0;284.0;492.0;175.0;359.0;728.0;1457.0;273.0;475.0;4.0;-8.0;0.0;2.0;ETHANOL
203.0;401.0;802.0;1593.0;299.0;515.0;186.0;376.0;754.0;1518.0;284.0;496.0;3.0;-8.0;0.0;2.0;ETHANOL
215.0;421.0;843.0;1680.0;313.0;534.0;191.0;392.0;790.0;1574.0;293.0;509.0;4.0;-7.0;2.0;4.0;ETHANOL
217.0;423.0;840.0;1686.0;315.0;535.0;196.0;394.0;793.0;1576.0;296.0;514.0;5.0;-6.0;1.0;7.0;ETHANOL
227.0;443.0;883.0;1742.0;325.0;549.0;201.0;411.0;833.0;1652.0;305.0;531.0;5.0;-7.0;1.0;4.0;ETHANOL
234.0;455.0;897.0;1789.0;330.0;560.0;208.0;421.0;839.0;1655.0;309.0;537.0;3.0;-6.0;1.0;0.0;ETHANOL
236.0;463.0;911.0;1795.0;335.0;568.0;204.0;417.0;834.0;1657.0;310.0;536.0;1.0;-7.0;-4.0;-1.0;ETHANOL
236.0;460.0;905.0;1812.0;335.0;569.0;211.0;427.0;857.0;1688.0;316.0;544.0;1.0;-7.0;-8.0;-1.0;ETHANOL
247.0;475.0;938.0;1846.0;345.0;582.0;218.0;442.0;871.0;1732.0;321.0;560.0;1.0;-7.0;-8.0;0.0;ETHANOL
246.0;478.0;942.0;1890.0;351.0;597.0;224.0;451.0;894.0;1785.0;332.0;580.0;4.0;-5.0;-4.0;2.0;ETHANOL
262.0;507.0;997.0;1987.0;365.0;617.0;227.0;460.0;919.0;1815.0;342.0;593.0;5.0;-5.0;1.0;6.0;ETHANOL
257.0;499.0;996.0;1975.0;365.0;622.0;235.0;474.0;934.0;1854.0;345.0;602.0;7.0;-5.0;1.0;8.0;ETHANOL
268.0;521.0;1012.0;1995.0;370.0;623.0;238.0;477.0;944.0;1862.0;343.0;599.0;1.0;-5.0;1.0;6.0;ETHANOL
266.0;513.0;1005.0;2001.0;373.0;634.0;235.0;475.0;939.0;1876.0;347.0;602.0;-2.0;-5.0;-8.0;6.0;ETHANOL
264.0;515.0;1005.0;1975.0;363.0;609.0;227.0;451.0;897.0;1784.0;333.0;580.0;-7.0;-5.0;-8.0;0.0;ETHANOL
249.0;490.0;961.0;1897.0;350.0;597.0;219.0;441.0;878.0;1741.0;325.0;567.0;-7.0;-5.0;-8.0;0.0;ETHANOL
248.0;486.0;955.0;1885.0;351.0;596.0;228.0;456.0;901.0;1798.0;332.0;579.0;-7.0;-4.0;-6.0;4.0;ETHANOL
252.0;487.0;957.0;1908.0;354.0;599.0;223.0;451.0;895.0;1768.0;331.0;576.0;2.0;-4.0;-2.0;0.0;ETHANOL
261.0;506.0;985.0;1954.0;360.0;608.0;230.0;464.0;919.0;1809.0;335.0;581.0;11.0;-4.0;2.0;8.0;ETHANOL
258.0;504.0;986.0;1942.0;359.0;606.0;223.0;448.0;897.0;1752.0;330.0;577.0;6.0;-6.0;2.0;5.0;ETHANOL
251.0;491.0;968.0;1907.0;356.0;607.0;228.0;465.0;910.0;1798.0;338.0;588.0;2.0;-8.0;-2.0;5.0;ETHANOL
259.0;509.0;1002.0;1982.0;372.0;631.0;240.0;488.0;967.0;1916.0;352.0;607.0;-2.0;-8.0;-7.0;6.0;ETHANOL
273.0;526.0;1041.0;2058.0;385.0;653.0;249.0;495.0;981.0;1937.0;366.0;630.0;-2.0;-8.0;-7.0;5.0;ETHANOL
277.0;539.0;1061.0;2120.0;394.0;672.0;256.0;515.0;1020.0;2024.0;374.0;654.0;-2.0;-6.0;-7.0;5.0;ETHANOL
294.0;576.0;1133.0;2237.0;415.0;703.0;269.0;538.0;1071.0;2117.0;396.0;685.0;-2.0;-6.0;-7.0;2.0;ETHANOL
316.0;611.0;1194.0;2372.0;439.0;741.0;296.0;586.0;1158.0;2287.0;421.0;720.0;-2.0;-4.0;-5.0;2.0;ETHANOL
340.0;657.0;1277.0;2517.0;463.0;774.0;308.0;611.0;1206.0;2353.0;438.0;761.0;0.0;-4.0;-4.0;4.0;ETHANOL
359.0;690.0;1338.0;2604.0;481.0;802.0;319.0;645.0;1262.0;2442.0;449.0;762.0;-1.0;-4.0;-4.0;4.0;ETHANOL
360.0;681.0;1326.0;2587.0;475.0;783.0;314.0;617.0;1214.0;2382.0;437.0;745.0;-1.0;-4.0;-4.0;7.0;ETHANOL
345.0;661.0;1288.0;2527.0;466.0;779.0;314.0;620.0;1214.0;2350.0;436.0;748.0;1.0;-4.0;-4.0;7.0;ETHANOL
350.0;672.0;1294.0;2542.0;469.0;780.0;312.0;618.0;1219.0;2372.0;435.0;745.0;7.0;-4.0;-2.0;8.0;ETHANOL
348.0;672.0;1285.0;2523.0;461.0;770.0;304.0;606.0;1195.0;2327.0;429.0;739.0;3.0;-3.0;-4.0;7.0;ETHANOL
347.0;663.0;1286.0;2514.0;457.0;764.0;304.0;603.0;1171.0;2297.0;420.0;726.0;7.0;-3.0;-2.0;0.0;ETHANOL
326.0;627.0;1226.0;2395.0;438.0;741.0;288.0;576.0;1127.0;2204.0;407.0;702.0;3.0;-3.0;0.0;0.0;ETHANOL
309.0;599.0;1163.0;2282.0;418.0;708.0;273.0;548.0;1071.0;2104.0;387.0;668.0;4.0;-2.0;-2.0;-2.0;ETHANOL
291.0;567.0;1123.0;2239.0;415.0;703.0;272.0;544.0;1070.0;2125.0;391.0;677.0;4.0;-3.0;-4.0;-2.0;ETHANOL
299.0;579.0;1132.0;2245.0;414.0;702.0;274.0;552.0;1085.0;2133.0;394.0;687.0;4.0;-5.0;-4.0;-1.0;ETHANOL
308.0;599.0;1176.0;2338.0;431.0;733.0;285.0;573.0;1131.0;2231.0;412.0;711.0;2.0;-5.0;-4.0;9.0;ETHANOL
314.0;610.0;1188.0;2361.0;435.0;730.0;282.0;569.0;1114.0;2204.0;409.0;702.0;2.0;-5.0;-4.0;4.0;ETHANOL
311.0;600.0;1173.0;2325.0;431.0;728.0;282.0;565.0;1114.0;2227.0;407.0;699.0;2.0;-5.0;-6.0;8.0;ETHANOL
313.0;610.0;1193.0;2372.0;441.0;738.0;294.0;585.0;1160.0;2259.0;420.0;723.0;2.0;-6.0;2.0;4.0;ETHANOL
320.0;623.0;1214.0;2412.0;445.0;750.0;290.0;584.0;1141.0;2232.0;415.0;719.0;2.0;-5.0;2.0;4.0;ETHANOL
318.0;617.0;1217.0;2399.0;441.0;747.0;291.0;576.0;1142.0;2251.0;414.0;714.0;4.0;-6.0;2.0;4.0;ETHANOL
321.0;623.0;1212.0;2378.0;436.0;734.0;291.0;574.0;1142.0;2218.0;409.0;707.0;7.0;-6.0;0.0;4.0;ETHANOL
313.0;603.0;1178.0;2323.0;431.0;726.0;283.0;565.0;1112.0;2167.0;401.0;696.0;6.0;-7.0;0.0;7.0;ETHANOL
314.0;604.0;1177.0;2296.0;422.0;716.0;275.0;552.0;1098.0;2160.0;396.0;680.0;6.0;-9.0;-3.0;0.0;ETHANOL
310.0;594.0;1165.0;2290.0;423.0;714.0;278.0;547.0;1079.0;2122.0;396.0;686.0;3.0;-9.0;-4.0;1.0;ETHANOL
316.0;611.0;1181.0;2328.0;429.0;719.0;283.0;560.0;1104.0;2153.0;399.0;688.0;3.0;-9.0;-4.0;1.0;ETHANOL
322.0;619.0;1201.0;2353.0;431.0;726.0;288.0;570.0;1127.0;2198.0;406.0;696.0;3.0;-9.0;-3.0;1.0;ETHANOL
333.0;631.0;1226.0;2389.0;437.0;733.0;291.0;575.0;1133.0;2220.0;409.0;706.0;3.0;-7.0;0.0;1.0;ETHANOL
332.0;637.0;1234.0;2412.0;439.0;741.0;294.0;584.0;1150.0;2250.0;415.0;713.0;-1.0;-4.0;0.0;2.0;ETHANOL
332.0;640.0;1235.0;2411.0;442.0;740.0;291.0;574.0;1148.0;2244.0;412.0;713.0;-1.0;-4.0;0.0;2.0;ETHANOL
326.0;630.0;1225.0;2381.0;440.0;736.0;292.0;577.0;1137.0;2221.0;412.0;707.0;-2.0;-7.0;-7.0;7.0;ETHANOL
326.0;632.0;1214.0;2367.0;436.0;733.0;290.0;575.0;1133.0;2218.0;409.0;703.0;-4.0;-4.0;-8.0;5.0;ETHANOL
326.0;627.0;1211.0;2360.0;434.0;734.0;287.0;568.0;1127.0;2200.0;408.0;700.0;-4.0;-5.0;-8.0;4.0;ETHANOL
326.0;631.0;1219.0;2391.0;438.0;735.0;292.0;578.0;1150.0;2251.0;414.0;704.0;-2.0;-8.0;-7.0;4.0;ETHANOL
329.0;633.0;1229.0;2403.0;440.0;741.0;292.0;587.0;1151.0;2242.0;412.0;709.0;-3.0;-5.0;-5.0;4.0;ETHANOL
337.0;645.0;1249.0;2423.0;443.0;745.0;294.0;588.0;1152.0;2246.0;413.0;711.0;2.0;-3.0;-1.0;4.0;ETHANOL
334.0;643.0;1244.0;2437.0;446.0;743.0;295.0;584.0;1146.0;2238.0;413.0;714.0;2.0;-4.0;-1.0;6.0;ETHANOL
341.0;652.0;1254.0;2425.0;446.0;748.0;297.0;591.0;1159.0;2260.0;417.0;716.0;-3.0;-4.0;-3.0;3.0;ETHANOL
334.0;642.0;1256.0;2445.0;450.0;752.0;302.0;599.0;1178.0;2311.0;424.0;729.0;-3.0;-4.0;-3.0;2.0;ETHANOL
336.0;645.0;1259.0;2489.0;456.0;765.0;304.0;604.0;1192.0;2342.0;431.0;739.0;1.0;-4.0;-3.0;2.0;ETHANOL
336.0;649.0;1264.0;2480.0;458.0;766.0;303.0;605.0;1187.0;2327.0;427.0;736.0;-3.0;-7.0;-10.0;2.0;ETHANOL
330.0;636.0;1239.0;2448.0;450.0;760.0;301.0;604.0;1179.0;2290.0;425.0;733.0;1.0;-7.0;-10.0;1.0;ETHANOL
326.0;637.0;1240.0;2442.0;449.0;757.0;299.0;595.0;1168.0;2280.0;420.0;725.0;1.0;-6.0;-9.0;0.0;ETHANOL
330.0;637.0;1241.0;2430.0;450.0;758.0;302.0;597.0;1169.0;2270.0;424.0;732.0;1.0;1.0;-9.0;0.0;ETHANOL
337.0;652.0;1269.0;2478.0;454.0;763.0;297.0;593.0;1167.0;2286.0;422.0;731.0;1.0;0.0;-4.0;1.0;ETHANOL
337.0;648.0;1261.0;2476.0;458.0;769.0;307.0;612.0;1198.0;2343.0;433.0;748.0;1.0;0.0;-3.0;1.0;ETHANOL
346.0;664.0;1304.0;2569.0;473.0;799.0;323.0;643.0;1261.0;2453.0;454.0;790.0;5.0;0.0;-2.0;4.0;ETHANOL
362.0;697.0;1367.0;2672.0;494.0;836.0;338.0;670.0;1308.0;2575.0;471.0;808.0;1.0;-2.0;-2.0;7.0;ETHANOL
366.0;710.0;1390.0;2713.0;504.0;836.0;330.0;654.0;1283.0;2520.0;468.0;806.0;9.0;-4.0;-2.0;14.0;ETHANOL
373.0;718.0;1387.0;2716.0;499.0;836.0;336.0;657.0;1289.0;2540.0;466.0;797.0;8.0;-4.0;-2.0;7.0;ETHANOL
366.0;713.0;1371.0;2678.0;493.0;822.0;336.0;660.0;1290.0;2519.0;463.0;792.0;8.0;-4.0;-2.0;8.0;ETHANOL
361.0;697.0;1351.0;2655.0;489.0;819.0;333.0;654.0;1286.0;2507.0;462.0;797.0;3.0;-4.0;0.0;5.0;ETHANOL
376.0;721.0;1405.0;2717.0;498.0;829.0;335.0;655.0;1279.0;2501.0;465.0;797.0;5.0;-7.0;1.0;4.0;ETHANOL
374.0;715.0;1387.0;2701.0;492.0;825.0;332.0;657.0;1289.0;2490.0;463.0;790.0;3.0;-5.0;1.0;4.0;ETHANOL
367.0;706.0;1369.0;2689.0;494.0;821.0;333.0;656.0;1281.0;2502.0;462.0;790.0;5.0;-7.0;-6.0;4.0;ETHANOL
369.0;708.0;1362.0;2666.0;486.0;812.0;329.0;647.0;1265.0;2483.0;456.0;787.0;7.0;-7.0;-6.0;7.0;ETHANOL
366.0;702.0;1360.0;2670.0;488.0;822.0;331.0;655.0;1289.0;2507.0;460.0;788.0;11.0;-7.0;-6.0;10.0;ETHANOL
373.0;714.0;1385.0;2696.0;493.0;822.0;334.0;663.0;1289.0;2510.0;462.0;792.0;8.0;-5.0;-5.0;13.0;ETHANOL
376.0;722.0;1381.0;2697.0;493.0;825.0;330.0;652.0;1280.0;2492.0;458.0;787.0;4.0;-5.0;-5.0;10.0;ETHANOL
373.0;712.0;1378.0;2675.0;491.0;815.0;329.0;650.0;1279.0;2486.0;456.0;779.0;4.0;-5.0;-2.0;10.0;ETHANOL
365.0;702.0;1349.0;2623.0;482.0;810.0;322.0;644.0;1261.0;2454.0;452.0;777.0;5.0;-5.0;-2.0;9.0;ETHANOL
361.0;697.0;1354.0;2628.0;480.0;802.0;324.0;635.0;1249.0;2435.0;450.0;771.0;5.0;-6.0;0.0;8.0;ETHANOL
359.0;687.0;1340.0;2618.0;480.0;802.0;327.0;648.0;1264.0;2476.0;453.0;778.0;7.0;-7.0;-2.0;8.0;ETHANOL
368.0;707.0;1366.0;2643.0;483.0;807.0;325.0;640.0;1248.0;2440.0;450.0;772.0;8.0;-8.0;-2.0;4.0;ETHANOL
363.0;696.0;1333.0;2590.0;474.0;792.0;312.0;620.0;1215.0;2397.0;441.0;758.0;8.0;-8.0;-1.0;4.0;ETHANOL
350.0;675.0;1306.0;2550.0;469.0;788.0;313.0;626.0;1230.0;2393.0;441.0;763.0;6.0;-7.0;-4.0;4.0;ETHANOL
356.0;685.0;1321.0;2596.0;476.0;803.0;320.0;635.0;1239.0;2459.0;452.0;775.0;6.0;-8.0;-4.0;7.0;ETHANOL
365.0;708.0;1363.0;2665.0;487.0;818.0;334.0;658.0;1294.0;2537.0;461.0;796.0;4.0;-8.0;-7.0;14.0;ETHANOL
370.0;704.0;1378.0;2684.0;495.0;832.0;339.0;669.0;1308.0;2544.0;466.0;799.0;0.0;-5.0;-2.0;7.0;ETHANOL
372.0;716.0;1388.0;2699.0;496.0;831.0;333.0;659.0;1286.0;2521.0;465.0;802.0;-1.0;-5.0;-7.0;8.0;ETHANOL
382.0;728.0;1407.0;2746.0;505.0;843.0;342.0;676.0;1316.0;2580.0;473.0;821.0;-1.0;-5.0;-7.0;4.0;ETHANOL
393.0;749.0;1447.0;2816.0;517.0;864.0;353.0;695.0;1357.0;2644.0;484.0;836.0;-1.0;-4.0;-7.0;5.0;ETHANOL
398.0;760.0;1457.0;2846.0;519.0;868.0;354.0;704.0;1362.0;2670.0;484.0;828.0;-1.0;-4.0;-3.0;0.0;ETHANOL
395.0;751.0;1442.0;2814.0;513.0;866.0;354.0;697.0;1363.0;2636.0;485.0;825.0;-1.0;-4.0;-3.0;8.0;ETHANOL
394.0;759.0;1463.0;2845.0;520.0;866.0;357.0;705.0;1372.0;2654.0;490.0;831.0;8.0;-4.0;-3.0;4.0;ETHANOL
402.0;763.0;1467.0;2848.0;520.0;858.0;356.0;699.0;1357.0;2625.0;483.0;830.0;8.0;-4.0;-1.0;4.0;ETHANOL
393.0;749.0;1447.0;2810.0;517.0;863.0;353.0;694.0;1358.0;2644.0;484.0;838.0;-2.0;-4.0;-3.0;4.0;ETHANOL
406.0;769.0;1483.0;2890.0;521.0;871.0;362.0;708.0;1371.0;2662.0;491.0;844.0;-2.0;-2.0;-7.0;5.0;ETHANOL
398.0;764.0;1471.0;2862.0;524.0;870.0;356.0;699.0;1363.0;2657.0;490.0;837.0;-2.0;-2.0;-8.0;4.0;ETHANOL
404.0;765.0;1477.0;2869.0;527.0;875.0;358.0;714.0;1388.0;2685.0;495.0;847.0;-2.0;0.0;-11.0;4.0;ETHANOL
410.0;781.0;1498.0;2925.0;532.0;881.0;363.0;718.0;1393.0;2719.0;497.0;853.0;-2.0;0.0;-11.0;4.0;ETHANOL
409.0;784.0;1507.0;2920.0;535.0;890.0;371.0;722.0;1416.0;2742.0;500.0;857.0;-2.0;-6.0;-11.0;2.0;ETHANOL
405.0;768.0;1489.0;2910.0;534.0;888.0;364.0;722.0;1406.0;2718.0;499.0;852.0;2.0;-6.0;-8.0;4.0;ETHANOL
414.0;793.0;1519.0;2923.0;530.0;886.0;367.0;718.0;1394.0;2712.0;495.0;849.0;2.0;-5.0;-10.0;5.0;ETHANOL
408.0;784.0;1506.0;2915.0;533.0;887.0;367.0;719.0;1400.0;2725.0;495.0;844.0;2.0;-5.0;-8.0;5.0;ETHANOL
400.0;761.0;1472.0;2869.0;525.0;877.0;363.0;707.0;1391.0;2702.0;496.0;848.0;2.0;-5.0;-8.0;6.0;ETHANOL
407.0;778.0;1497.0;2877.0;529.0;879.0;359.0;706.0;1389.0;2700.0;492.0;845.0;2.0;-5.0;-8.0;6.0;ETHANOL
403.0;767.0;1477.0;2884.0;526.0;884.0;362.0;719.0;1403.0;2740.0;504.0;866.0;2.0;-5.0;-7.0;6.0;ETHANOL
409.0;788.0;1528.0;2965.0;546.0;913.0;379.0;748.0;1457.0;2823.0;518.0;886.0;2.0;-7.0;-2.0;8.0;ETHANOL
420.0;809.0;1570.0;3069.0;557.0;932.0;386.0;757.0;1479.0;2866.0;523.0;894.0;1.0;-8.0;-3.0;6.0;ETHANOL
419.0;801.0;1563.0;3049.0;559.0;931.0;386.0;769.0;1491.0;2888.0;529.0;901.0;1.0;-8.0;-2.0;5.0;ETHANOL
423.0;809.0;1561.0;3056.0;559.0;937.0;393.0;762.0;1487.0;2908.0;532.0;909.0;-1.0;-8.0;-2.0;5.0;ETHANOL
431.0;820.0;1590.0;3099.0;567.0;945.0;395.0;781.0;1519.0;2944.0;536.0;913.0;-1.0;-8.0;-1.0;4.0;ETHANOL
434.0;827.0;1606.0;3111.0;571.0;948.0;399.0;784.0;1525.0;2946.0;539.0;923.0;6.0;-8.0;-1.0;5.0;ETHANOL
434.0;833.0;1612.0;3141.0;573.0;958.0;400.0;786.0;1523.0;2956.0;543.0;927.0;12.0;-8.0;2.0;5.0;ETHANOL
439.0;844.0;1619.0;3165.0;580.0;965.0;399.0;782.0;1526.0;2962.0;552.0;937.0;15.0;-3.0;-1.0;4.0;ETHANOL
453.0;861.0;1656.0;3182.0;581.0;966.0;402.0;785.0;1541.0;3011.0;544.0;934.0;13.0;-3.0;-2.0;4.0;ETHANOL
437.0;835.0;1608.0;3138.0;575.0;955.0;401.0;779.0;1517.0;2950.0;538.0;929.0;-1.0;-3.0;-4.0;1.0;ETHANOL
449.0;854.0;1640.0;3198.0;583.0;964.0;400.0;789.0;1533.0;2993.0;544.0;929.0;-1.0;-3.0;-4.0;1.0;ETHANOL
441.0;846.0;1625.0;3166.0;573.0;958.0;396.0;781.0;1521.0;2953.0;542.0;920.0;-1.0;-3.0;-8.0;1.0;ETHANOL
445.0;845.0;1624.0;3159.0;576.0;954.0;398.0;778.0;1528.0;2956.0;539.0;921.0;-3.0;-8.0;-4.0;5.0;ETHANOL
435.0;835.0;1608.0;3125.0;572.0;949.0;390.0;773.0;1487.0;2924.0;539.0;920.0;-1.0;-8.0;-8.0;4.0;ETHANOL
441.0;848.0;1624.0;3137.0;570.0;953.0;393.0;775.0;1506.0;2952.0;540.0;918.0;0.0;-8.0;-2.0;7.0;ETHANOL
434.0;828.0;1596.0;3095.0;564.0;937.0;389.0;765.0;1491.0;2884.0;530.0;904.0;0.0;-1.0;-8.0;4.0;ETHANOL
429.0;822.0;1581.0;3074.0;560.0;930.0;385.0;765.0;1491.0;2890.0;525.0;903.0;0.0;-1.0;-2.0;7.0;ETHANOL
425.0;820.0;1564.0;3044.0;559.0;932.0;388.0;769.0;1486.0;2891.0;527.0;900.0;0.0;-1.0;-4.0;7.0;ETHANOL
429.0;821.0;1586.0;3079.0;564.0;940.0;393.0;775.0;1493.0;2903.0;534.0;906.0;0.0;-4.0;-4.0;10.0;ETHANOL
430.0;824.0;1575.0;3051.0;561.0;940.0;390.0;769.0;1495.0;2904.0;533.0;907.0;-1.0;-6.0;-4.0;6.0;ETHANOL
440.0;837.0;1610.0;3133.0;570.0;948.0;401.0;783.0;1514.0;2945.0;537.0;918.0;-3.0;-7.0;-4.0;5.0;ETHANOL
446.0;848.0;1641.0;3169.0;575.0;957.0;400.0;784.0;1522.0;2943.0;539.0;920.0;-3.0;-6.0;-4.0;5.0;ETHANOL
453.0;858.0;1644.0;3185.0;577.0;956.0;396.0;779.0;1519.0;2946.0;538.0;915.0;-3.0;-6.0;-9.0;9.0;ETHANOL
452.0;852.0;1635.0;3175.0;576.0;952.0;395.0;774.0;1505.0;2926.0;536.0;918.0;0.0;-6.0;-9.0;4.0;ETHANOL
447.0;848.0;1627.0;3147.0;569.0;948.0;408.0;802.0;1544.0;2953.0;536.0;919.0;7.0;-7.0;-2.0;4.0;ETHANOL
446.0;850.0;1645.0;3182.0;579.0;957.0;403.0;795.0;1545.0;2993.0;547.0;923.0;13.0;-9.0;6.0;7.0;ETHANOL
460.0;872.0;1654.0;3209.0;584.0;967.0;405.0;788.0;1544.0;2981.0;548.0;936.0;7.0;-9.0;6.0;7.0;ETHANOL
456.0;867.0;1666.0;3245.0;591.0;979.0;419.0;819.0;1586.0;3054.0;556.0;950.0;8.0;-7.0;-2.0;10.0;ETHANOL
468.0;888.0;1699.0;3253.0;594.0;985.0;421.0;822.0;1585.0;3067.0;557.0;946.0;7.0;-7.0;-2.0;8.0;ETHANOL
466.0;887.0;1699.0;3266.0;597.0;991.0;423.0;828.0;1604.0;3095.0;565.0;959.0;7.0;-6.0;-2.0;6.0;ETHANOL
466.0;891.0;1701.0;3279.0;597.0;987.0;419.0;819.0;1586.0;3033.0;555.0;945.0;3.0;-5.0;-2.0;7.0;ETHANOL
454.0;866.0;1664.0;3213.0;585.0;973.0;415.0;804.0;1567.0;3005.0;551.0;936.0;3.0;-6.0;-2.0;7.0;ETHANOL
455.0;869.0;1662.0;3225.0;586.0;975.0;416.0;804.0;1563.0;3038.0;551.0;941.0;-2.0;-6.0;-2.0;7.0;ETHANOL
456.0;869.0;1670.0;3237.0;588.0;976.0;414.0;808.0;1569.0;3016.0;551.0;935.0;-2.0;-7.0;-2.0;7.0;ETHANOL
465.0;879.0;1691.0;3254.0;593.0;989.0;424.0;825.0;1604.0;3093.0;565.0;957.0;-3.0;-7.0;-10.0;9.0;ETHANOL
471.0;898.0;1717.0;3334.0;609.0;1015.0;441.0;853.0;1642.0;3174.0;579.0;986.0;-2.0;-7.0;-10.0;13.0;ETHANOL
494.0;938.0;1791.0;3459.0;625.0;1029.0;437.0;852.0;1649.0;3200.0;584.0;988.0;0.0;-7.0;-1.0;7.0;ETHANOL
488.0;927.0;1778.0;3412.0;619.0;1024.0;440.0;851.0;1651.0;3187.0;578.0;974.0;2.0;-6.0;-1.0;13.0;ETHANOL
479.0;906.0;1736.0;3351.0;607.0;1006.0;423.0;835.0;1615.0;3119.0;568.0;966.0;0.0;-6.0;-3.0;6.0;ETHANOL
466.0;883.0;1692.0;3319.0;601.0;995.0;417.0;824.0;1585.0;3063.0;559.0;956.0;2.0;-8.0;-2.0;3.0;ETHANOL
471.0;895.0;1707.0;3302.0;597.0;992.0;415.0;819.0;1592.0;3079.0;562.0;961.0;0.0;-9.0;-3.0;-1.0;ETHANOL
467.0;889.0;1702.0;3283.0;599.0;988.0;421.0;825.0;1595.0;3071.0;558.0;948.0;2.0;-9.0;-3.0;3.0;ETHANOL
474.0;896.0;1707.0;3304.0;599.0;996.0;424.0;829.0;1614.0;3092.0;564.0;958.0;-6.0;-9.0;-3.0;6.0;ETHANOL
455.0;873.0;1683.0;3267.0;597.0;992.0;421.0;826.0;1593.0;3095.0;565.0;957.0;5.0;-9.0;-2.0;7.0;ETHANOL
465.0;889.0;1697.0;3308.0;597.0;990.0;417.0;820.0;1590.0;3079.0;563.0;960.0;1.0;-9.0;-5.0;6.0;ETHANOL
468.0;886.0;1694.0;3293.0;603.0;1002.0;422.0;825.0;1609.0;3090.0;566.0;962.0;8.0;-7.0;-2.0;8.0;ETHANOL
479.0;907.0;1734.0;3346.0;606.0;1006.0;423.0;833.0;1610.0;3110.0;573.0;966.0;1.0;-7.0;-2.0;8.0;ETHANOL
487.0;923.0;1762.0;3377.0;615.0;1013.0;434.0;848.0;1633.0;3158.0;571.0;973.0;13.0;-4.0;-1.0;5.0;ETHANOL
484.0;918.0;1757.0;3390.0;615.0;1013.0;442.0;854.0;1650.0;3171.0;577.0;981.0;8.0;0.0;2.0;5.0;ETHANOL
494.0;935.0;1787.0;3441.0;625.0;1035.0;450.0;869.0;1684.0;3235.0;589.0;1005.0;8.0;0.0;2.0;4.0;ETHANOL
500.0;941.0;1807.0;3479.0;636.0;1057.0;461.0;900.0;1738.0;3327.0;607.0;1034.0;10.0;0.0;4.0;5.0;ETHANOL
525.0;993.0;1887.0;3627.0;655.0;1079.0;473.0;919.0;1763.0;3410.0;622.0;1053.0;7.0;-2.0;-7.0;5.0;ETHANOL
524.0;994.0;1907.0;3707.0;674.0;1117.0;493.0;964.0;1857.0;3534.0;646.0;1091.0;1.0;-2.0;-9.0;10.0;ETHANOL
545.0;1028.0;1967.0;3780.0;686.0;1129.0;494.0;961.0;1845.0;3561.0;646.0;1086.0;1.0;-2.0;-9.0;5.0;ETHANOL
533.0;1015.0;1958.0;3787.0;691.0;1142.0;502.0;977.0;1879.0;3603.0;659.0;1124.0;1.0;-5.0;-9.0;8.0;ETHANOL
553.0;1049.0;2012.0;3898.0;719.0;1184.0;525.0;1016.0;1944.0;3744.0;685.0;1160.0;-3.0;-5.0;-9.0;5.0;ETHANOL
580.0;1102.0;2097.0;4078.0;739.0;1213.0;544.0;1053.0;2017.0;3878.0;703.0;1180.0;2.0;-5.0;-8.0;6.0;ETHANOL
590.0;1114.0;2122.0;4077.0;743.0;1217.0;548.0;1064.0;2039.0;3868.0;695.0;1177.0;2.0;-6.0;-4.0;6.0;ETHANOL
594.0;1124.0;2140.0;4096.0;733.0;1209.0;539.0;1046.0;2009.0;3826.0;695.0;1174.0;4.0;-7.0;8.0;6.0;ETHANOL
583.0;1106.0;2110.0;4106.0;741.0;1217.0;544.0;1052.0;2018.0;3855.0;701.0;1180.0;1.0;-6.0;8.0;4.0;ETHANOL
599.0;1132.0;2156.0;4149.0;753.0;1232.0;544.0;1051.0;2024.0;3908.0;711.0;1197.0;2.0;-6.0;4.0;4.0;ETHANOL
607.0;1149.0;2191.0;4178.0;758.0;1246.0;562.0;1086.0;2086.0;3937.0;716.0;1205.0;1.0;-7.0;5.0;3.0;ETHANOL
613.0;1160.0;2207.0;4226.0;766.0;1250.0;560.0;1085.0;2077.0;3942.0;711.0;1208.0;2.0;-5.0;-2.0;2.0;ETHANOL
613.0;1157.0;2209.0;4222.0;764.0;1249.0;560.0;1077.0;2073.0;3969.0;714.0;1212.0;2.0;-1.0;-2.0;2.0;ETHANOL
626.0;1176.0;2235.0;4274.0;768.0;1259.0;574.0;1099.0;2098.0;4003.0;725.0;1221.0;2.0;-5.0;-6.0;2.0;ETHANOL
633.0;1187.0;2248.0;4285.0;773.0;1261.0;573.0;1104.0;2109.0;4041.0;731.0;1226.0;2.0;-3.0;-4.0;5.0;ETHANOL
637.0;1192.0;2256.0;4295.0;777.0;1270.0;570.0;1107.0;2115.0;4038.0;730.0;1225.0;5.0;-3.0;-2.0;10.0;ETHANOL
639.0;1196.0;2269.0;4313.0;782.0;1277.0;588.0;1136.0;2170.0;4124.0;743.0;1249.0;5.0;-3.0;-4.0;8.0;ETHANOL
640.0;1210.0;2303.0;4421.0;797.0;1314.0;610.0;1163.0;2225.0;4222.0;759.0;1275.0;-1.0;-4.0;-5.0;4.0;ETHANOL
650.0;1222.0;2325.0;4483.0;810.0;1324.0;605.0;1171.0;2226.0;4244.0;764.0;1282.0;5.0;-4.0;-4.0;4.0;ETHANOL
665.0;1247.0;2375.0;4525.0;813.0;1332.0;608.0;1166.0;2235.0;4268.0;767.0;1294.0;5.0;-5.0;-2.0;4.0;ETHANOL
662.0;1250.0;2377.0;4527.0;816.0;1333.0;607.0;1166.0;2234.0;4261.0;770.0;1289.0;5.0;-5.0;-5.0;4.0;ETHANOL
655.0;1227.0;2355.0;4526.0;814.0;1338.0;614.0;1185.0;2267.0;4308.0;779.0;1306.0;9.0;-5.0;-5.0;11.0;ETHANOL
668.0;1258.0;2402.0;4596.0;831.0;1360.0;624.0;1208.0;2289.0;4373.0;791.0;1326.0;7.0;-5.0;-5.0;6.0;ETHANOL
683.0;1287.0;2436.0;4670.0;840.0;1376.0;630.0;1215.0;2325.0;4408.0;797.0;1337.0;4.0;-5.0;-5.0;3.0;ETHANOL
687.0;1292.0;2457.0;4702.0;847.0;1380.0;639.0;1230.0;2354.0;4468.0;799.0;1335.0;4.0;-4.0;-7.0;6.0;ETHANOL
699.0;1307.0;2467.0;4728.0;842.0;1377.0;643.0;1229.0;2322.0;4422.0;794.0;1332.0;-1.0;-5.0;-9.0;3.0;ETHANOL
695.0;1302.0;2470.0;4715.0;842.0;1372.0;634.0;1213.0;2338.0;4420.0;789.0;1324.0;4.0;-4.0;-7.0;10.0;ETHANOL
694.0;1301.0;2437.0;4657.0;836.0;1367.0;627.0;1208.0;2307.0;4395.0;786.0;1323.0;7.0;-5.0;-7.0;9.0;ETHANOL
683.0;1288.0;2433.0;4664.0;837.0;1364.0;629.0;1209.0;2306.0;4383.0;788.0;1325.0;7.0;-7.0;-4.0;10.0;ETHANOL
681.0;1281.0;2433.0;4657.0;834.0;1363.0;632.0;1218.0;2320.0;4396.0;785.0;1323.0;5.0;-7.0;-4.0;9.0;ETHANOL
679.0;1280.0;2431.0;4634.0;834.0;1363.0;633.0;1216.0;2313.0;4378.0;792.0;1321.0;5.0;-6.0;1.0;3.0;ETHANOL
683.0;1274.0;2423.0;4638.0;828.0;1359.0;624.0;1207.0;2307.0;4343.0;787.0;1320.0;5.0;-7.0;-4.0;3.0;ETHANOL
690.0;1291.0;2444.0;4656.0;832.0;1361.0;633.0;1214.0;2306.0;4346.0;784.0;1317.0;4.0;-6.0;-4.0;-1.0;ETHANOL
676.0;1283.0;2422.0;4620.0;831.0;1354.0;626.0;1197.0;2286.0;4351.0;777.0;1322.0;9.0;-6.0;-1.0;-1.0;ETHANOL
676.0;1279.0;2426.0;4627.0;835.0;1366.0;632.0;1216.0;2309.0;4395.0;787.0;1326.0;4.0;-8.0;-1.0;2.0;ETHANOL
690.0;1291.0;2443.0;4673.0;836.0;1356.0;631.0;1205.0;2293.0;4345.0;778.0;1319.0;-1.0;-8.0;-8.0;3.0;ETHANOL
677.0;1268.0;2400.0;4570.0;823.0;1355.0;632.0;1204.0;2302.0;4353.0;788.0;1318.0;-1.0;-8.0;-4.0;4.0;ETHANOL
675.0;1267.0;2418.0;4602.0;830.0;1352.0;630.0;1216.0;2301.0;4377.0;785.0;1312.0;-2.0;-8.0;-11.0;5.0;ETHANOL
683.0;1285.0;2421.0;4607.0;832.0;1352.0;622.0;1207.0;2289.0;4351.0;783.0;1312.0;-2.0;-9.0;-11.0;4.0;ETHANOL
681.0;1283.0;2429.0;4624.0;829.0;1354.0;628.0;1207.0;2295.0;4347.0;782.0;1320.0;-1.0;-9.0;-6.0;7.0;ETHANOL
693.0;1305.0;2461.0;4662.0;838.0;1368.0;632.0;1219.0;2329.0;4428.0;793.0;1334.0;-1.0;-9.0;-6.0;3.0;ETHANOL
690.0;1303.0;2451.0;4681.0;840.0;1377.0;639.0;1228.0;2344.0;4449.0;800.0;1338.0;5.0;-6.0;-9.0;3.0;ETHANOL
700.0;1313.0;2480.0;4723.0;847.0;1391.0;651.0;1244.0;2356.0;4496.0;808.0;1354.0;3.0;-6.0;-6.0;7.0;ETHANOL
712.0;1334.0;2535.0;4799.0;856.0;1406.0;667.0;1267.0;2397.0;4544.0;820.0;1364.0;3.0;-3.0;-9.0;7.0;ETHANOL
716.0;1346.0;2532.0;4827.0;865.0;1412.0;651.0;1254.0;2380.0;4546.0;821.0;1374.0;3.0;-4.0;-9.0;7.0;ETHANOL
727.0;1360.0;2571.0;4888.0;875.0;1422.0;674.0;1291.0;2445.0;4620.0;829.0;1386.0;7.0;-3.0;-5.0;10.0;ETHANOL
735.0;1370.0;2579.0;4884.0;876.0;1431.0;673.0;1284.0;2450.0;4623.0;831.0;1379.0;7.0;-3.0;-5.0;6.0;ETHANOL
746.0;1387.0;2621.0;4936.0;881.0;1426.0;673.0;1284.0;2447.0;4624.0;828.0;1380.0;4.0;-3.0;-5.0;8.0;ETHANOL
729.0;1370.0;2586.0;4912.0;877.0;1433.0;680.0;1282.0;2452.0;4638.0;822.0;1386.0;4.0;-3.0;-5.0;9.0;ETHANOL
730.0;1368.0;2595.0;4954.0;888.0;1454.0;694.0;1323.0;2514.0;4765.0;854.0;1431.0;4.0;-3.0;-6.0;6.0;ETHANOL
765.0;1446.0;2756.0;5268.0;952.0;1563.0;761.0;1459.0;2755.0;5216.0;935.0;1567.0;3.0;-6.0;-8.0;8.0;ETHANOL
848.0;1589.0;3006.0;5712.0;1021.0;1663.0;815.0;1553.0;2924.0;5512.0;987.0;1634.0;3.0;-7.0;-11.0;10.0;ETHANOL
884.0;1650.0;3124.0;5923.0;1054.0;1702.0;828.0;1577.0;2966.0;5593.0;1002.0;1667.0;2.0;-7.0;-11.0;6.0;ETHANOL
915.0;1700.0;3172.0;6019.0;1073.0;1724.0;847.0;1597.0;3020.0;5686.0;1012.0;1677.0;2.0;-7.0;-11.0;12.0;ETHANOL
921.0;1710.0;3183.0;5990.0;1060.0;1704.0;827.0;1565.0;2952.0;5547.0;986.0;1634.0;2.0;-6.0;-8.0;7.0;ETHANOL
881.0;1633.0;3077.0;5796.0;1031.0;1663.0;824.0;1557.0;2929.0;5466.0;964.0;1603.0;2.0;-6.0;-6.0;12.0;ETHANOL
868.0;1618.0;3025.0;5675.0;1006.0;1628.0;794.0;1510.0;2859.0;5348.0;944.0;1566.0;3.0;-5.0;-3.0;14.0;ETHANOL
841.0;1562.0;2923.0;5546.0;992.0;1600.0;777.0;1482.0;2799.0;5281.0;937.0;1558.0;3.0;-6.0;-3.0;12.0;ETHANOL
836.0;1559.0;2923.0;5550.0;990.0;1596.0;782.0;1486.0;2797.0;5297.0;937.0;1556.0;3.0;-6.0;-3.0;4.0;ETHANOL
842.0;1560.0;2931.0;5508.0;987.0;1608.0;786.0;1494.0;2816.0;5277.0;944.0;1562.0;2.0;-5.0;-3.0;1.0;ETHANOL
842.0;1569.0;2957.0;5598.0;993.0;1606.0;780.0;1480.0;2798.0;5263.0;941.0;1557.0;2.0;-5.0;-3.0;1.0;ETHANOL
837.0;1565.0;2941.0;5560.0;992.0;1605.0;783.0;1485.0;2807.0;5260.0;940.0;1559.0;2.0;-5.0;-3.0;0.0;ETHANOL
857.0;1589.0;2975.0;5590.0;991.0;1601.0;768.0;1466.0;2767.0;5214.0;935.0;1554.0;8.0;3.0;-7.0;1.0;ETHANOL
842.0;1568.0;2951.0;5546.0;990.0;1593.0;783.0;1496.0;2800.0;5264.0;936.0;1558.0;8.0;4.0;-6.0;8.0;ETHANOL
846.0;1569.0;2938.0;5563.0;987.0;1601.0;783.0;1488.0;2793.0;5269.0;936.0;1556.0;4.0;6.0;-4.0;9.0;ETHANOL
844.0;1569.0;2956.0;5585.0;989.0;1591.0;782.0;1479.0;2794.0;5231.0;931.0;1547.0;1.0;2.0;-4.0;12.0;ETHANOL
845.0;1570.0;2939.0;5537.0;982.0;1591.0;776.0;1479.0;2783.0;5251.0;931.0;1548.0;-1.0;1.0;-6.0;9.0;ETHANOL
840.0;1556.0;2935.0;5559.0;988.0;1603.0;777.0;1478.0;2803.0;5262.0;936.0;1552.0;0.0;-5.0;-6.0;3.0;ETHANOL
850.0;1577.0;2971.0;5576.0;993.0;1603.0;781.0;1477.0;2788.0;5257.0;931.0;1561.0;-8.0;-4.0;-10.0;3.0;ETHANOL
860.0;1597.0;2996.0;5641.0;998.0;1618.0;799.0;1511.0;2824.0;5322.0;951.0;1576.0;-8.0;-3.0;-10.0;4.0;ETHANOL
865.0;1614.0;3024.0;5708.0;1018.0;1639.0;807.0;1520.0;2876.0;5424.0;966.0;1600.0;0.0;-3.0;-10.0;4.0;ETHANOL
884.0;1636.0;3073.0;5800.0;1029.0;1655.0;823.0;1557.0;2926.0;5460.0;978.0;1617.0;2.0;-4.0;-10.0;12.0;ETHANOL
886.0;1654.0;3115.0;5877.0;1044.0;1686.0;832.0;1568.0;2992.0;5563.0;995.0;1646.0;2.0;-4.0;-10.0;8.0;ETHANOL
901.0;1685.0;3145.0;5921.0;1052.0;1692.0;841.0;1590.0;2999.0;5593.0;993.0;1635.0;7.0;-3.0;0.0;7.0;ETHANOL
903.0;1689.0;3149.0;5925.0;1048.0;1692.0;842.0;1593.0;2987.0;5627.0;998.0;1654.0;5.0;-3.0;-9.0;8.0;ETHANOL
911.0;1687.0;3167.0;5974.0;1066.0;1719.0;860.0;1632.0;3068.0;5734.0;1015.0;1682.0;2.0;-3.0;-10.0;12.0;ETHANOL
916.0;1707.0;3199.0;5986.0;1060.0;1689.0;849.0;1600.0;2992.0;5589.0;994.0;1643.0;5.0;-1.0;-10.0;9.0;ETHANOL
913.0;1693.0;3164.0;5932.0;1046.0;1678.0;836.0;1581.0;2971.0;5551.0;979.0;1623.0;5.0;-1.0;-9.0;6.0;ETHANOL
894.0;1668.0;3120.0;5887.0;1034.0;1668.0;824.0;1564.0;2945.0;5513.0;978.0;1620.0;4.0;-1.0;-9.0;6.0;ETHANOL
886.0;1639.0;3070.0;5797.0;1031.0;1665.0;831.0;1575.0;2953.0;5547.0;978.0;1626.0;-3.0;-1.0;-6.0;6.0;ETHANOL
899.0;1666.0;3129.0;5884.0;1048.0;1679.0;844.0;1589.0;2961.0;5542.0;991.0;1639.0;3.0;-1.0;-6.0;7.0;ETHANOL
915.0;1687.0;3153.0;5894.0;1049.0;1689.0;838.0;1582.0;3004.0;5544.0;988.0;1633.0;-3.0;-2.0;-6.0;8.0;ETHANOL
911.0;1688.0;3151.0;5923.0;1047.0;1693.0;845.0;1598.0;3007.0;5618.0;993.0;1637.0;-3.0;-5.0;-2.0;8.0;ETHANOL
913.0;1690.0;3152.0;5932.0;1057.0;1701.0;851.0;1606.0;3017.0;5609.0;999.0;1652.0;0.0;-5.0;-2.0;9.0;ETHANOL
921.0;1708.0;3181.0;6019.0;1057.0;1711.0;847.0;1603.0;3012.0;5657.0;997.0;1653.0;3.0;-7.0;-2.0;9.0;ETHANOL
912.0;1692.0;3158.0;5946.0;1055.0;1698.0;850.0;1605.0;3018.0;5652.0;1000.0;1644.0;5.0;-7.0;-4.0;12.0;ETHANOL
915.0;1695.0;3153.0;5946.0;1052.0;1687.0;851.0;1610.0;3030.0;5618.0;993.0;1639.0;6.0;-9.0;-1.0;5.0;ETHANOL
910.0;1690.0;3173.0;5983.0;1071.0;1747.0;886.0;1669.0;3147.0;5864.0;1048.0;1734.0;5.0;-4.0;-2.0;7.0;ETHANOL
972.0;1814.0;3386.0;6422.0;1143.0;1842.0;947.0;1784.0;3345.0;6240.0;1104.0;1817.0;5.0;-9.0;-2.0;5.0;ETHANOL
1010.0;1875.0;3509.0;6616.0;1177.0;1891.0;957.0;1808.0;3402.0;6335.0;1123.0;1851.0;9.0;-7.0;-2.0;3.0;ETHANOL
1020.0;1896.0;3552.0;6715.0;1184.0;1901.0;972.0;1832.0;3436.0;6404.0;1131.0;1859.0;0.0;-8.0;-2.0;6.0;ETHANOL
1041.0;1924.0;3579.0;6767.0;1194.0;1919.0;983.0;1848.0;3458.0;6450.0;1139.0;1855.0;0.0;-7.0;-2.0;3.0;ETHANOL
1044.0;1933.0;3590.0;6789.0;1189.0;1901.0;974.0;1829.0;3426.0;6364.0;1133.0;1849.0;-2.0;-8.0;-6.0;3.0;ETHANOL
1030.0;1912.0;3589.0;6713.0;1195.0;1921.0;995.0;1866.0;3488.0;6489.0;1160.0;1911.0;-2.0;-7.0;-6.0;3.0;ETHANOL
1051.0;1958.0;3682.0;6967.0;1233.0;1966.0;1007.0;1893.0;3535.0;6561.0;1157.0;1896.0;4.0;-5.0;-2.0;5.0;ETHANOL
1050.0;1947.0;3641.0;6826.0;1204.0;1920.0;975.0;1835.0;3418.0;6383.0;1123.0;1842.0;4.0;-4.0;-2.0;3.0;ETHANOL
1017.0;1891.0;3519.0;6628.0;1164.0;1861.0;944.0;1784.0;3341.0;6200.0;1097.0;1809.0;5.0;-5.0;-2.0;5.0;ETHANOL
999.0;1842.0;3445.0;6512.0;1148.0;1843.0;936.0;1767.0;3300.0;6068.0;1078.0;1784.0;6.0;-5.0;-2.0;3.0;ETHANOL
981.0;1815.0;3414.0;6395.0;1130.0;1817.0;920.0;1731.0;3237.0;6039.0;1064.0;1748.0;5.0;-4.0;0.0;4.0;ETHANOL
979.0;1822.0;3387.0;6337.0;1118.0;1792.0;910.0;1695.0;3185.0;5937.0;1051.0;1733.0;4.0;-6.0;-2.0;3.0;ETHANOL
961.0;1781.0;3314.0;6226.0;1105.0;1778.0;901.0;1692.0;3178.0;5919.0;1050.0;1728.0;4.0;-8.0;-5.0;4.0;ETHANOL
978.0;1798.0;3343.0;6284.0;1109.0;1780.0;898.0;1702.0;3203.0;5973.0;1055.0;1736.0;4.0;-8.0;-6.0;2.0;ETHANOL
959.0;1777.0;3312.0;6241.0;1108.0;1778.0;896.0;1683.0;3150.0;5884.0;1040.0;1721.0;4.0;-11.0;-10.0;2.0;ETHANOL
954.0;1778.0;3318.0;6254.0;1103.0;1767.0;890.0;1687.0;3144.0;5883.0;1043.0;1715.0;0.0;-11.0;-10.0;2.0;ETHANOL
970.0;1794.0;3343.0;6245.0;1103.0;1770.0;893.0;1689.0;3168.0;5888.0;1038.0;1713.0;1.0;-10.0;-8.0;8.0;ETHANOL
966.0;1780.0;3313.0;6208.0;1102.0;1768.0;896.0;1692.0;3150.0;5895.0;1043.0;1713.0;0.0;-10.0;-8.0;5.0;ETHANOL
972.0;1783.0;3326.0;6236.0;1104.0;1774.0;895.0;1687.0;3157.0;5923.0;1046.0;1733.0;0.0;-10.0;-9.0;7.0;ETHANOL
971.0;1799.0;3349.0;6325.0;1121.0;1801.0;924.0;1740.0;3251.0;6043.0;1068.0;1754.0;-5.0;-10.0;-9.0;5.0;ETHANOL
1001.0;1850.0;3436.0;6457.0;1140.0;1827.0;949.0;1777.0;3317.0;6190.0;1093.0;1803.0;-5.0;-4.0;-12.0;7.0;ETHANOL
1021.0;1905.0;3558.0;6695.0;1194.0;1924.0;1008.0;1894.0;3539.0;6543.0;1158.0;1908.0;-5.0;-4.0;-12.0;2.0;ETHANOL
1090.0;2022.0;3767.0;7024.0;1238.0;1974.0;1022.0;1919.0;3583.0;6627.0;1169.0;1921.0;0.0;-4.0;-12.0;11.0;ETHANOL
1097.0;2023.0;3741.0;6991.0;1227.0;1961.0;1017.0;1906.0;3536.0;6592.0;1155.0;1897.0;1.0;-8.0;-3.0;11.0;ETHANOL
1087.0;2000.0;3706.0;6916.0;1216.0;1940.0;1018.0;1884.0;3520.0;6458.0;1142.0;1864.0;4.0;-4.0;1.0;14.0;ETHANOL
1072.0;1976.0;3646.0;6860.0;1204.0;1910.0;1002.0;1872.0;3471.0;6433.0;1125.0;1852.0;10.0;-8.0;2.0;10.0;ETHANOL
1080.0;1972.0;3646.0;6765.0;1189.0;1906.0;992.0;1866.0;3458.0;6419.0;1124.0;1854.0;15.0;-8.0;3.0;6.0;ETHANOL
1072.0;1976.0;3653.0;6825.0;1194.0;1918.0;1001.0;1870.0;3489.0;6451.0;1133.0;1856.0;11.0;-6.0;2.0;4.0;ETHANOL
1076.0;1987.0;3676.0;6839.0;1201.0;1920.0;1015.0;1903.0;3526.0;6514.0;1138.0;1868.0;8.0;-4.0;4.0;5.0;ETHANOL
1090.0;2006.0;3719.0;6911.0;1209.0;1932.0;996.0;1880.0;3490.0;6497.0;1141.0;1874.0;-2.0;-3.0;-8.0;2.0;ETHANOL
1090.0;2005.0;3697.0;6902.0;1212.0;1931.0;1021.0;1907.0;3524.0;6539.0;1147.0;1874.0;-2.0;-3.0;-8.0;2.0;ETHANOL
1083.0;1996.0;3700.0;6875.0;1208.0;1932.0;1005.0;1878.0;3505.0;6497.0;1146.0;1864.0;-2.0;-3.0;-10.0;0.0;ETHANOL
1074.0;1981.0;3674.0;6860.0;1207.0;1930.0;1006.0;1882.0;3511.0;6520.0;1143.0;1877.0;0.0;-4.0;-8.0;0.0;ETHANOL
1087.0;2002.0;3702.0;6900.0;1209.0;1927.0;1019.0;1892.0;3528.0;6525.0;1142.0;1875.0;2.0;-9.0;-10.0;0.0;ETHANOL
1091.0;2003.0;3703.0;6909.0;1212.0;1927.0;1012.0;1889.0;3525.0;6534.0;1150.0;1877.0;2.0;-9.0;-7.0;0.0;ETHANOL
1093.0;2002.0;3708.0;6901.0;1213.0;1928.0;1014.0;1893.0;3512.0;6531.0;1145.0;1875.0;0.0;-9.0;-10.0;4.0;ETHANOL
1089.0;1993.0;3698.0;6884.0;1206.0;1920.0;1008.0;1881.0;3488.0;6485.0;1136.0;1863.0;4.0;-8.0;-6.0;7.0;ETHANOL
1094.0;2007.0;3698.0;6832.0;1197.0;1911.0;994.0;1859.0;3454.0;6424.0;1132.0;1857.0;-1.0;-7.0;-6.0;9.0;ETHANOL
1072.0;1964.0;3656.0;6833.0;1197.0;1913.0;1000.0;1879.0;3468.0;6450.0;1140.0;1861.0;-1.0;-5.0;6.0;7.0;ETHANOL
1071.0;1973.0;3664.0;6845.0;1201.0;1915.0;1003.0;1873.0;3483.0;6392.0;1129.0;1861.0;1.0;-3.0;4.0;6.0;ETHANOL
1077.0;1985.0;3662.0;6833.0;1197.0;1922.0;1009.0;1885.0;3503.0;6499.0;1141.0;1869.0;1.0;-3.0;3.0;4.0;ETHANOL
1076.0;1976.0;3683.0;6893.0;1210.0;1936.0;1016.0;1899.0;3543.0;6570.0;1153.0;1892.0;1.0;-3.0;3.0;6.0;ETHANOL
1086.0;2008.0;3728.0;6933.0;1220.0;1945.0;1034.0;1930.0;3576.0;6617.0;1161.0;1901.0;1.0;-3.0;3.0;6.0;ETHANOL
1094.0;2016.0;3743.0;6982.0;1219.0;1957.0;1016.0;1902.0;3553.0;6603.0;1157.0;1901.0;4.0;-4.0;3.0;10.0;ETHANOL
1110.0;2037.0;3753.0;7009.0;1225.0;1953.0;1025.0;1924.0;3568.0;6604.0;1156.0;1886.0;6.0;-4.0;3.0;6.0;ETHANOL
1104.0;2028.0;3754.0;6974.0;1225.0;1962.0;1037.0;1950.0;3614.0;6677.0;1168.0;1912.0;6.0;-1.0;4.0;8.0;ETHANOL
1107.0;2030.0;3772.0;7041.0;1239.0;1972.0;1040.0;1945.0;3588.0;6657.0;1170.0;1918.0;9.0;-1.0;3.0;11.0;ETHANOL
1114.0;2039.0;3799.0;7058.0;1235.0;1967.0;1033.0;1942.0;3569.0;6624.0;1158.0;1901.0;9.0;-3.0;4.0;8.0;ETHANOL
1117.0;2058.0;3773.0;7032.0;1226.0;1956.0;1029.0;1925.0;3547.0;6590.0;1161.0;1894.0;8.0;-2.0;4.0;10.0;ETHANOL
1109.0;2041.0;3767.0;6971.0;1222.0;1947.0;1039.0;1931.0;3566.0;6563.0;1157.0;1891.0;8.0;-3.0;4.0;7.0;ETHANOL
1100.0;2020.0;3761.0;6938.0;1218.0;1945.0;1023.0;1912.0;3536.0;6556.0;1158.0;1893.0;5.0;-4.0;4.0;7.0;ETHANOL
1094.0;2011.0;3741.0;6953.0;1221.0;1962.0;1031.0;1922.0;3575.0;6618.0;1165.0;1911.0;4.0;-4.0;0.0;2.0;ETHANOL
1095.0;2018.0;3770.0;7073.0;1244.0;1995.0;1034.0;1947.0;3638.0;6700.0;1188.0;1954.0;5.0;-3.0;-1.0;9.0;ETHANOL
1119.0;2066.0;3869.0;7239.0;1269.0;2024.0;1074.0;1998.0;3703.0;6830.0;1204.0;1976.0;4.0;-6.0;-9.0;5.0;ETHANOL
1141.0;2102.0;3901.0;7256.0;1275.0;2029.0;1066.0;1992.0;3711.0;6881.0;1211.0;1985.0;1.0;-7.0;-1.0;5.0;ETHANOL
1154.0;2121.0;3938.0;7286.0;1284.0;2040.0;1073.0;2011.0;3728.0;6923.0;1209.0;1991.0;-4.0;-7.0;0.0;5.0;ETHANOL
1161.0;2119.0;3940.0;7344.0;1284.0;2044.0;1078.0;2013.0;3743.0;6904.0;1212.0;1992.0;-4.0;-8.0;1.0;9.0;ETHANOL
1164.0;2143.0;3973.0;7337.0;1283.0;2034.0;1085.0;2031.0;3775.0;6911.0;1207.0;1968.0;-4.0;-8.0;1.0;9.0;ETHANOL
1173.0;2150.0;3947.0;7309.0;1280.0;2034.0;1078.0;2015.0;3737.0;6941.0;1214.0;1987.0;1.0;-8.0;1.0;8.0;ETHANOL
1153.0;2126.0;3934.0;7320.0;1289.0;2056.0;1084.0;2025.0;3762.0;6999.0;1220.0;1996.0;1.0;-8.0;1.0;6.0;ETHANOL
1170.0;2143.0;3978.0;7437.0;1299.0;2057.0;1097.0;2051.0;3786.0;7013.0;1231.0;2009.0;10.0;-8.0;-1.0;5.0;ETHANOL
1175.0;2150.0;3985.0;7400.0;1295.0;2050.0;1096.0;2050.0;3803.0;7010.0;1227.0;2000.0;1.0;-3.0;-4.0;10.0;ETHANOL
1179.0;2162.0;3983.0;7405.0;1294.0;2055.0;1088.0;2037.0;3771.0;7010.0;1223.0;1985.0;-5.0;1.0;-5.0;6.0;ETHANOL
1177.0;2138.0;3958.0;7330.0;1282.0;2041.0;1093.0;2033.0;3761.0;6933.0;1215.0;1979.0;-5.0;-3.0;-5.0;5.0;ETHANOL
1170.0;2134.0;3944.0;7324.0;1276.0;2046.0;1100.0;2045.0;3760.0;6959.0;1223.0;1985.0;2.0;-3.0;-2.0;5.0;ETHANOL
1167.0;2129.0;3981.0;7358.0;1293.0;2061.0;1105.0;2054.0;3797.0;6985.0;1232.0;2005.0;-5.0;-5.0;-5.0;3.0;ETHANOL
1186.0;2169.0;4032.0;7464.0;1312.0;2083.0;1129.0;2107.0;3912.0;7163.0;1258.0;2051.0;2.0;-5.0;-5.0;5.0;ETHANOL
1218.0;2232.0;4117.0;7639.0;1333.0;2130.0;1148.0;2136.0;3919.0;7240.0;1268.0;2078.0;2.0;-5.0;-6.0;3.0;ETHANOL
1233.0;2261.0;4162.0;7735.0;1353.0;2157.0;1167.0;2169.0;4046.0;7388.0;1291.0;2095.0;-7.0;-7.0;-8.0;3.0;ETHANOL
1242.0;2265.0;4217.0;7832.0;1370.0;2180.0;1190.0;2209.0;4059.0;7454.0;1309.0;2130.0;-7.0;-4.0;-8.0;8.0;ETHANOL
1269.0;2309.0;4263.0;7918.0;1380.0;2178.0;1184.0;2198.0;4072.0;7506.0;1308.0;2137.0;-3.0;-4.0;-6.0;7.0;ETHANOL
1274.0;2330.0;4302.0;7945.0;1385.0;2194.0;1196.0;2227.0;4079.0;7512.0;1315.0;2131.0;-3.0;-4.0;-2.0;4.0;ETHANOL
1280.0;2339.0;4310.0;7953.0;1382.0;2172.0;1175.0;2193.0;4043.0;7478.0;1304.0;2102.0;8.0;-4.0;-2.0;7.0;ETHANOL
1265.0;2309.0;4270.0;7900.0;1376.0;2176.0;1188.0;2205.0;4077.0;7473.0;1304.0;2109.0;7.0;-3.0;-2.0;4.0;ETHANOL
1258.0;2297.0;4235.0;7812.0;1365.0;2152.0;1172.0;2168.0;4002.0;7378.0;1287.0;2101.0;12.0;-3.0;-5.0;6.0;ETHANOL
1251.0;2286.0;4199.0;7823.0;1361.0;2164.0;1181.0;2193.0;4060.0;7417.0;1294.0;2109.0;1.0;-3.0;-5.0;4.0;ETHANOL
1263.0;2301.0;4255.0;7853.0;1370.0;2171.0;1184.0;2190.0;4023.0;7431.0;1298.0;2111.0;1.0;-3.0;-5.0;4.0;ETHANOL
1254.0;2289.0;4229.0;7842.0;1374.0;2166.0;1174.0;2181.0;4036.0;7458.0;1300.0;2119.0;1.0;-3.0;-1.0;4.0;ETHANOL
1257.0;2307.0;4266.0;7854.0;1379.0;2179.0;1194.0;2226.0;4095.0;7509.0;1303.0;2122.0;5.0;-2.0;-1.0;11.0;ETHANOL
1263.0;2318.0;4288.0;7923.0;1380.0;2179.0;1201.0;2210.0;4053.0;7433.0;1299.0;2113.0;5.0;-1.0;-1.0;9.0;ETHANOL
1260.0;2305.0;4254.0;7825.0;1368.0;2160.0;1162.0;2166.0;4003.0;7345.0;1287.0;2090.0;5.0;-1.0;-1.0;9.0;ETHANOL
1253.0;2292.0;4239.0;7817.0;1371.0;2171.0;1197.0;2217.0;4049.0;7469.0;1301.0;2115.0;5.0;-2.0;-3.0;6.0;ETHANOL
1259.0;2311.0;4260.0;7926.0;1383.0;2197.0;1204.0;2227.0;4109.0;7518.0;1311.0;2136.0;5.0;-2.0;-3.0;10.0;ETHANOL
1282.0;2344.0;4308.0;7960.0;1382.0;2176.0;1194.0;2211.0;4075.0;7474.0;1304.0;2116.0;5.0;-3.0;-1.0;12.0;ETHANOL
1284.0;2341.0;4296.0;7981.0;1394.0;2189.0;1200.0;2239.0;4125.0;7522.0;1313.0;2149.0;8.0;-9.0;-1.0;7.0;ETHANOL
1295.0;2359.0;4316.0;8023.0;1399.0;2202.0;1225.0;2262.0;4143.0;7611.0;1329.0;2166.0;5.0;-7.0;-3.0;7.0;ETHANOL
1307.0;2391.0;4415.0;8176.0;1424.0;2257.0;1265.0;2343.0;4313.0;7877.0;1371.0;2236.0;3.0;-3.0;-1.0;14.0;ETHANOL
1336.0;2443.0;4513.0;8368.0;1460.0;2318.0;1270.0;2360.0;4327.0;7998.0;1399.0;2267.0;3.0;-3.0;-1.0;9.0;ETHANOL
1353.0;2484.0;4569.0;8497.0;1482.0;2338.0;1280.0;2372.0;4400.0;8083.0;1410.0;2279.0;-1.0;-7.0;-4.0;9.0;ETHANOL
1368.0;2496.0;4618.0;8575.0;1490.0;2346.0;1300.0;2409.0;4429.0;8082.0;1412.0;2295.0;1.0;-7.0;0.0;12.0;ETHANOL
1365.0;2503.0;4631.0;8539.0;1493.0;2357.0;1318.0;2417.0;4470.0;8214.0;1424.0;2296.0;3.0;-3.0;0.0;7.0;ETHANOL
1366.0;2509.0;4628.0;8576.0;1491.0;2345.0;1307.0;2420.0;4452.0;8138.0;1418.0;2307.0;1.0;-5.0;0.0;7.0;ETHANOL
1382.0;2528.0;4656.0;8612.0;1498.0;2357.0;1312.0;2430.0;4464.0;8167.0;1416.0;2293.0;1.0;-5.0;-7.0;5.0;ETHANOL
1381.0;2522.0;4651.0;8600.0;1492.0;2360.0;1296.0;2400.0;4418.0;8104.0;1418.0;2296.0;1.0;-5.0;-7.0;7.0;ETHANOL
1394.0;2545.0;4686.0;8662.0;1514.0;2385.0;1321.0;2439.0;4520.0;8284.0;1447.0;2346.0;1.0;-4.0;-7.0;5.0;ETHANOL
1422.0;2599.0;4803.0;8934.0;1554.0;2453.0;1381.0;2560.0;4711.0;8577.0;1487.0;2394.0;-1.0;-4.0;-8.0;7.0;ETHANOL
1474.0;2683.0;4924.0;9116.0;1578.0;2483.0;1414.0;2596.0;4769.0;8653.0;1508.0;2419.0;-1.0;-4.0;-8.0;5.0;ETHANOL
1469.0;2677.0;4921.0;9086.0;1575.0;2494.0;1404.0;2578.0;4733.0;8629.0;1495.0;2432.0;2.0;-3.0;-2.0;3.0;ETHANOL
1465.0;2687.0;4930.0;9166.0;1592.0;2508.0;1416.0;2610.0;4791.0;8730.0;1514.0;2439.0;3.0;-3.0;-2.0;3.0;ETHANOL
1492.0;2738.0;4979.0;9240.0;1603.0;2532.0;1416.0;2611.0;4792.0;8772.0;1528.0;2475.0;4.0;-3.0;-2.0;2.0;ETHANOL
1512.0;2753.0;5062.0;9258.0;1610.0;2503.0;1404.0;2588.0;4770.0;8711.0;1509.0;2426.0;4.0;-3.0;-2.0;3.0;ETHANOL
1467.0;2689.0;4953.0;9144.0;1584.0;2485.0;1380.0;2573.0;4707.0;8599.0;1495.0;2417.0;4.0;-3.0;-2.0;2.0;ETHANOL
1484.0;2682.0;4936.0;9097.0;1582.0;2476.0;1391.0;2574.0;4723.0;8647.0;1497.0;2416.0;4.0;-3.0;2.0;4.0;ETHANOL
1478.0;2703.0;4949.0;9159.0;1593.0;2511.0;1416.0;2618.0;4807.0;8760.0;1520.0;2456.0;6.0;-3.0;3.0;4.0;ETHANOL
1512.0;2751.0;5073.0;9361.0;1622.0;2559.0;1433.0;2663.0;4874.0;8914.0;1547.0;2490.0;9.0;-4.0;0.0;3.0;ETHANOL
1537.0;2794.0;5133.0;9438.0;1629.0;2544.0;1459.0;2674.0;4917.0;8943.0;1538.0;2474.0;5.0;-5.0;0.0;3.0;ETHANOL
1529.0;2775.0;5096.0;9366.0;1613.0;2542.0;1442.0;2665.0;4867.0;8818.0;1527.0;2474.0;5.0;-5.0;-2.0;7.0;ETHANOL
1531.0;2770.0;5083.0;9304.0;1610.0;2509.0;1411.0;2602.0;4800.0;8698.0;1508.0;2445.0;1.0;-4.0;-4.0;9.0;ETHANOL
1512.0;2745.0;5034.0;9232.0;1595.0;2499.0;1409.0;2595.0;4740.0;8667.0;1503.0;2418.0;-1.0;-4.0;-5.0;7.0;ETHANOL
1499.0;2708.0;5011.0;9164.0;1584.0;2493.0;1399.0;2599.0;4751.0;8669.0;1503.0;2430.0;0.0;-8.0;-5.0;7.0;ETHANOL
1489.0;2708.0;4973.0;9176.0;1591.0;2505.0;1427.0;2622.0;4819.0;8753.0;1520.0;2464.0;0.0;-8.0;-4.0;6.0;ETHANOL
1507.0;2751.0;5023.0;9325.0;1616.0;2537.0;1446.0;2669.0;4878.0;8859.0;1539.0;2477.0;0.0;-8.0;-4.0;7.0;ETHANOL
1536.0;2789.0;5138.0;9337.0;1615.0;2546.0;1468.0;2701.0;4902.0;8917.0;1542.0;2489.0;0.0;-11.0;-4.0;7.0;ETHANOL
1549.0;2798.0;5134.0;9393.0;1628.0;2550.0;1456.0;2682.0;4903.0;8871.0;1538.0;2468.0;0.0;-11.0;-4.0;7.0;ETHANOL
1544.0;2799.0;5106.0;9396.0;1613.0;2528.0;1458.0;2670.0;4851.0;8780.0;1526.0;2446.0;0.0;-7.0;-4.0;7.0;ETHANOL
1534.0;2783.0;5078.0;9248.0;1598.0;2506.0;1426.0;2627.0;4826.0;8763.0;1514.0;2429.0;-2.0;-4.0;-4.0;4.0;ETHANOL
1516.0;2745.0;5018.0;9233.0;1585.0;2488.0;1438.0;2640.0;4814.0;8733.0;1512.0;2422.0;-8.0;-7.0;-9.0;4.0;ETHANOL
1516.0;2742.0;4985.0;9161.0;1584.0;2473.0;1415.0;2598.0;4746.0;8640.0;1492.0;2423.0;-2.0;-4.0;-4.0;0.0;ETHANOL
1511.0;2747.0;5049.0;9233.0;1599.0;2518.0;1454.0;2693.0;4916.0;8954.0;1544.0;2488.0;-2.0;-4.0;-3.0;0.0;ETHANOL
1561.0;2850.0;5209.0;9531.0;1643.0;2572.0;1480.0;2713.0;4941.0;9063.0;1562.0;2525.0;-5.0;-6.0;-3.0;0.0;ETHANOL
1574.0;2855.0;5215.0;9598.0;1654.0;2598.0;1491.0;2740.0;4992.0;9098.0;1571.0;2537.0;-5.0;-6.0;-6.0;0.0;ETHANOL
1586.0;2883.0;5247.0;9656.0;1667.0;2602.0;1519.0;2797.0;5116.0;9223.0;1585.0;2548.0;-5.0;-6.0;-6.0;0.0;ETHANOL
1597.0;2883.0;5260.0;9694.0;1672.0;2615.0;1523.0;2791.0;5077.0;9221.0;1575.0;2544.0;-5.0;-6.0;-6.0;0.0;ETHANOL
1616.0;2933.0;5324.0;9690.0;1669.0;2601.0;1509.0;2781.0;5044.0;9147.0;1575.0;2534.0;-4.0;-6.0;-10.0;2.0;ETHANOL
1593.0;2865.0;5250.0;9565.0;1654.0;2590.0;1504.0;2750.0;4982.0;9047.0;1562.0;2513.0;-3.0;-6.0;-6.0;2.0;ETHANOL
1604.0;2890.0;5252.0;9594.0;1646.0;2561.0;1480.0;2716.0;4940.0;8951.0;1547.0;2486.0;-3.0;-6.0;-5.0;2.0;ETHANOL
1581.0;2869.0;5190.0;9439.0;1632.0;2548.0;1488.0;2732.0;4948.0;8991.0;1541.0;2487.0;-3.0;-6.0;-5.0;5.0;ETHANOL
1570.0;2836.0;5168.0;9430.0;1623.0;2543.0;1472.0;2695.0;4907.0;8923.0;1544.0;2482.0;-4.0;-3.0;-5.0;5.0;ETHANOL
1563.0;2832.0;5150.0;9418.0;1623.0;2540.0;1469.0;2693.0;4897.0;8935.0;1537.0;2475.0;-3.0;-4.0;-4.0;5.0;ETHANOL
1566.0;2829.0;5124.0;9365.0;1617.0;2530.0;1468.0;2689.0;4859.0;8822.0;1525.0;2445.0;-3.0;-4.0;-4.0;6.0;ETHANOL
1545.0;2805.0;5115.0;9362.0;1609.0;2518.0;1477.0;2706.0;4947.0;8914.0;1525.0;2462.0;1.0;-5.0;-4.0;4.0;ETHANOL
1540.0;2801.0;5098.0;9389.0;1616.0;2523.0;1464.0;2689.0;4900.0;8903.0;1535.0;2469.0;1.0;-5.0;-3.0;5.0;ETHANOL
1545.0;2807.0;5117.0;9383.0;1618.0;2542.0;1481.0;2725.0;4952.0;8934.0;1543.0;2491.0;1.0;-7.0;3.0;2.0;ETHANOL
1585.0;2854.0;5230.0;9472.0;1636.0;2564.0;1483.0;2718.0;4986.0;9021.0;1557.0;2501.0;5.0;-7.0;6.0;2.0;ETHANOL
1577.0;2867.0;5211.0;9541.0;1647.0;2574.0;1491.0;2732.0;4967.0;9061.0;1556.0;2508.0;8.0;-7.0;3.0;2.0;ETHANOL
1575.0;2868.0;5236.0;9625.0;1653.0;2598.0;1493.0;2754.0;5017.0;9142.0;1581.0;2539.0;5.0;-8.0;6.0;-1.0;ETHANOL
1599.0;2895.0;5307.0;9661.0;1664.0;2611.0;1513.0;2767.0;5027.0;9113.0;1573.0;2528.0;5.0;-8.0;-1.0;5.0;ETHANOL
1597.0;2876.0;5270.0;9620.0;1658.0;2584.0;1498.0;2744.0;4989.0;9058.0;1569.0;2518.0;5.0;-7.0;-1.0;5.0;ETHANOL
1570.0;2857.0;5225.0;9586.0;1660.0;2596.0;1505.0;2776.0;5052.0;9149.0;1581.0;2535.0;12.0;-7.0;-1.0;5.0;ETHANOL
1600.0;2877.0;5264.0;9638.0;1661.0;2586.0;1498.0;2759.0;5017.0;9091.0;1569.0;2535.0;13.0;-6.0;4.0;5.0;ETHANOL
1584.0;2874.0;5243.0;9636.0;1658.0;2592.0;1502.0;2753.0;5013.0;9128.0;1573.0;2533.0;12.0;-5.0;4.0;10.0;ETHANOL
1601.0;2907.0;5301.0;9689.0;1674.0;2607.0;1513.0;2777.0;5067.0;9184.0;1585.0;2543.0;3.0;-5.0;4.0;8.0;ETHANOL
1598.0;2915.0;5316.0;9692.0;1678.0;2627.0;1537.0;2809.0;5116.0;9296.0;1600.0;2575.0;3.0;-5.0;4.0;8.0;ETHANOL
1622.0;2940.0;5361.0;9803.0;1685.0;2634.0;1533.0;2816.0;5099.0;9208.0;1588.0;2562.0;-7.0;-4.0;-4.0;8.0;ETHANOL
1621.0;2938.0;5360.0;9817.0;1687.0;2634.0;1532.0;2803.0;5122.0;9317.0;1603.0;2584.0;-7.0;-4.0;-9.0;3.0;ETHANOL
1607.0;2928.0;5346.0;9820.0;1702.0;2655.0;1550.0;2832.0;5174.0;9409.0;1621.0;2613.0;-6.0;-4.0;-6.0;2.0;ETHANOL
1653.0;2989.0;5443.0;9961.0;1714.0;2675.0;1558.0;2850.0;5174.0;9428.0;1623.0;2627.0;-6.0;-3.0;-9.0;2.0;ETHANOL
1653.0;3014.0;5498.0;10062.0;1740.0;2718.0;1591.0;2928.0;5322.0;9616.0;1658.0;2651.0;-6.0;-3.0;-12.0;2.0;ETHANOL
1674.0;3038.0;5535.0;10122.0;1747.0;2717.0;1594.0;2908.0;5327.0;9626.0;1658.0;2653.0;-3.0;-3.0;-9.0;10.0;ETHANOL
1687.0;3047.0;5563.0;10170.0;1753.0;2730.0;1607.0;2924.0;5349.0;9672.0;1660.0;2654.0;-3.0;-6.0;-6.0;11.0;ETHANOL
1678.0;3045.0;5548.0;10196.0;1750.0;2738.0;1599.0;2918.0;5320.0;9601.0;1654.0;2649.0;-3.0;-6.0;-4.0;10.0;ETHANOL
1696.0;3062.0;5548.0;10163.0;1749.0;2723.0;1612.0;2945.0;5331.0;9683.0;1659.0;2658.0;-3.0;-10.0;-4.0;12.0;ETHANOL
1671.0;3028.0;5567.0;10183.0;1760.0;2732.0;1608.0;2947.0;5364.0;9689.0;1667.0;2672.0;0.0;-10.0;-4.0;5.0;ETHANOL
1668.0;3027.0;5537.0;10158.0;1752.0;2745.0;1628.0;2989.0;5422.0;9776.0;1683.0;2690.0;0.0;-10.0;-4.0;10.0;ETHANOL
1715.0;3092.0;5617.0;10264.0;1769.0;2736.0;1614.0;2949.0;5345.0;9698.0;1670.0;2679.0;7.0;-10.0;-3.0;5.0;ETHANOL
1717.0;3097.0;5624.0;10283.0;1758.0;2726.0;1615.0;2950.0;5372.0;9659.0;1661.0;2649.0;8.0;-7.0;-9.0;5.0;ETHANOL
1707.0;3078.0;5593.0;10160.0;1738.0;2702.0;1590.0;2920.0;5293.0;9560.0;1642.0;2640.0;9.0;-4.0;-3.0;4.0;ETHANOL
1689.0;3053.0;5533.0;10059.0;1725.0;2707.0;1601.0;2921.0;5295.0;9537.0;1643.0;2617.0;5.0;-4.0;-2.0;2.0;ETHANOL
1698.0;3055.0;5515.0;10025.0;1724.0;2685.0;1583.0;2872.0;5226.0;9456.0;1624.0;2602.0;5.0;-4.0;-2.0;4.0;ETHANOL
1703.0;3048.0;5547.0;9987.0;1714.0;2659.0;1582.0;2871.0;5207.0;9422.0;1625.0;2602.0;5.0;-4.0;-2.0;2.0;ETHANOL
1683.0;3042.0;5526.0;10049.0;1714.0;2681.0;1585.0;2893.0;5252.0;9483.0;1631.0;2618.0;6.0;-4.0;-2.0;6.0;ETHANOL
1691.0;3053.0;5561.0;10056.0;1719.0;2683.0;1594.0;2917.0;5282.0;9510.0;1630.0;2613.0;7.0;-4.0;-1.0;6.0;ETHANOL
1693.0;3053.0;5537.0;10014.0;1718.0;2673.0;1568.0;2875.0;5222.0;9452.0;1619.0;2597.0;5.0;-3.0;-5.0;9.0;ETHANOL
1690.0;3055.0;5522.0;10024.0;1713.0;2658.0;1567.0;2852.0;5185.0;9375.0;1611.0;2575.0;3.0;-3.0;-5.0;6.0;ETHANOL
1665.0;2998.0;5444.0;9861.0;1704.0;2648.0;1569.0;2856.0;5178.0;9338.0;1602.0;2582.0;2.0;5.0;-5.0;10.0;ETHANOL
1684.0;3019.0;5480.0;9916.0;1698.0;2644.0;1583.0;2891.0;5222.0;9415.0;1619.0;2586.0;3.0;5.0;-1.0;8.0;ETHANOL
1662.0;2987.0;5465.0;9968.0;1711.0;2671.0;1581.0;2891.0;5267.0;9483.0;1631.0;2602.0;5.0;-6.0;0.0;8.0;ETHANOL
1695.0;3058.0;5533.0;10045.0;1725.0;2678.0;1590.0;2900.0;5267.0;9575.0;1635.0;2608.0;12.0;-7.0;0.0;1.0;ETHANOL
1688.0;3031.0;5547.0;10031.0;1716.0;2673.0;1584.0;2885.0;5251.0;9494.0;1631.0;2613.0;14.0;-7.0;0.0;1.0;ETHANOL
1687.0;3043.0;5520.0;10043.0;1720.0;2677.0;1586.0;2901.0;5242.0;9427.0;1614.0;2608.0;6.0;-7.0;0.0;3.0;ETHANOL
1692.0;3036.0;5502.0;9996.0;1716.0;2668.0;1596.0;2910.0;5281.0;9501.0;1624.0;2607.0;6.0;-7.0;-2.0;3.0;ETHANOL
1689.0;3043.0;5509.0;9999.0;1716.0;2673.0;1596.0;2910.0;5282.0;9514.0;1627.0;2600.0;0.0;-5.0;-5.0;5.0;ETHANOL
1672.0;3021.0;5475.0;10006.0;1720.0;2680.0;1577.0;2879.0;5213.0;9496.0;1637.0;2612.0;0.0;-4.0;-5.0;7.0;ETHANOL
1682.0;3038.0;5511.0;10017.0;1715.0;2677.0;1591.0;2896.0;5237.0;9493.0;1635.0;2616.0;-1.0;-5.0;-5.0;5.0;ETHANOL
1676.0;3012.0;5501.0;10000.0;1724.0;2669.0;1594.0;2901.0;5276.0;9515.0;1629.0;2619.0;-1.0;-6.0;-5.0;7.0;ETHANOL
1696.0;3054.0;5553.0;10157.0;1754.0;2744.0;1639.0;2981.0;5415.0;9759.0;1688.0;2693.0;-1.0;-4.0;-7.0;5.0;ETHANOL
1743.0;3155.0;5716.0;10392.0;1788.0;2781.0;1661.0;3023.0;5495.0;9921.0;1705.0;2736.0;1.0;-4.0;-5.0;3.0;ETHANOL
1768.0;3181.0;5786.0;10537.0;1812.0;2815.0;1694.0;3080.0;5610.0;10076.0;1716.0;2756.0;1.0;-4.0;-5.0;2.0;ETHANOL
1788.0;3227.0;5849.0;10682.0;1826.0;2828.0;1698.0;3078.0;5582.0;10106.0;1738.0;2767.0;1.0;-4.0;-3.0;2.0;ETHANOL
1778.0;3210.0;5835.0;10627.0;1832.0;2845.0;1701.0;3108.0;5629.0;10150.0;1735.0;2777.0;2.0;-2.0;-3.0;3.0;ETHANOL
1810.0;3257.0;5903.0;10667.0;1828.0;2829.0;1700.0;3081.0;5589.0;10102.0;1723.0;2734.0;1.0;-2.0;-2.0;2.0;ETHANOL
1784.0;3206.0;5802.0;10484.0;1793.0;2778.0;1666.0;3026.0;5493.0;9920.0;1693.0;2708.0;1.0;-6.0;-3.0;3.0;ETHANOL
1773.0;3189.0;5742.0;10444.0;1776.0;2761.0;1676.0;3043.0;5456.0;9803.0;1678.0;2683.0;1.0;-6.0;-3.0;3.0;ETHANOL
1768.0;3167.0;5694.0;10341.0;1770.0;2751.0;1650.0;3009.0;5445.0;9790.0;1689.0;2706.0;1.0;-8.0;-3.0;4.0;ETHANOL
1737.0;3132.0;5718.0;10406.0;1791.0;2788.0;1674.0;3046.0;5527.0;9953.0;1706.0;2728.0;2.0;-8.0;-3.0;4.0;ETHANOL
1755.0;3171.0;5781.0;10454.0;1794.0;2795.0;1677.0;3068.0;5542.0;9971.0;1704.0;2722.0;-3.0;-8.0;-3.0;8.0;ETHANOL
1778.0;3201.0;5799.0;10585.0;1825.0;2840.0;1699.0;3106.0;5620.0;10168.0;1735.0;2772.0;-3.0;-8.0;-3.0;8.0;ETHANOL
1786.0;3228.0;5881.0;10753.0;1836.0;2869.0;1714.0;3119.0;5655.0;10230.0;1756.0;2808.0;-3.0;-8.0;-7.0;9.0;ETHANOL
1810.0;3263.0;5926.0;10805.0;1858.0;2890.0;1737.0;3188.0;5747.0;10321.0;1767.0;2829.0;-3.0;-6.0;-7.0;9.0;ETHANOL
1851.0;3326.0;6030.0;10993.0;1878.0;2912.0;1760.0;3175.0;5751.0;10417.0;1789.0;2834.0;2.0;-4.0;-7.0;8.0;ETHANOL
1849.0;3341.0;6049.0;11030.0;1894.0;2945.0;1766.0;3201.0;5845.0;10548.0;1817.0;2888.0;2.0;-4.0;-7.0;8.0;ETHANOL
1885.0;3388.0;6168.0;11190.0;1917.0;2962.0;1793.0;3275.0;5919.0;10633.0;1822.0;2907.0;2.0;-4.0;-13.0;9.0;ETHANOL
1888.0;3404.0;6150.0;11227.0;1917.0;2976.0;1813.0;3286.0;5942.0;10677.0;1820.0;2902.0;1.0;-5.0;-13.0;8.0;ETHANOL
1928.0;3451.0;6234.0;11275.0;1926.0;2973.0;1832.0;3322.0;5957.0;10694.0;1829.0;2908.0;-4.0;-8.0;-12.0;8.0;ETHANOL
1917.0;3447.0;6236.0;11235.0;1919.0;2976.0;1828.0;3328.0;5997.0;10728.0;1830.0;2901.0;-5.0;-8.0;-10.0;7.0;ETHANOL
1936.0;3462.0;6224.0;11262.0;1921.0;2974.0;1809.0;3292.0;5943.0;10692.0;1828.0;2899.0;-5.0;-5.0;-10.0;5.0;ETHANOL
1896.0;3399.0;6187.0;11199.0;1913.0;2961.0;1813.0;3282.0;5907.0;10582.0;1802.0;2875.0;-5.0;-5.0;-10.0;7.0;ETHANOL
1888.0;3397.0;6148.0;11121.0;1894.0;2937.0;1780.0;3253.0;5866.0;10489.0;1795.0;2864.0;-5.0;-6.0;-10.0;4.0;ETHANOL
1879.0;3367.0;6084.0;11034.0;1879.0;2916.0;1792.0;3245.0;5824.0;10429.0;1787.0;2852.0;-2.0;-3.0;-5.0;8.0;ETHANOL
1882.0;3365.0;6070.0;11028.0;1881.0;2914.0;1771.0;3228.0;5815.0;10409.0;1780.0;2838.0;-2.0;-6.0;-5.0;6.0;ETHANOL
1874.0;3353.0;6057.0;10957.0;1865.0;2907.0;1790.0;3224.0;5831.0;10461.0;1781.0;2820.0;-2.0;-7.0;-6.0;6.0;ETHANOL
1863.0;3344.0;6044.0;10938.0;1864.0;2889.0;1757.0;3175.0;5744.0;10315.0;1763.0;2811.0;0.0;-8.0;-6.0;9.0;ETHANOL
1849.0;3318.0;6017.0;10836.0;1855.0;2876.0;1753.0;3176.0;5733.0;10330.0;1761.0;2805.0;3.0;-9.0;-6.0;12.0;ETHANOL
1870.0;3347.0;6035.0;10855.0;1856.0;2864.0;1755.0;3172.0;5702.0;10226.0;1746.0;2789.0;3.0;-9.0;-8.0;9.0;ETHANOL
1828.0;3290.0;5972.0;10820.0;1840.0;2847.0;1743.0;3167.0;5705.0;10173.0;1747.0;2774.0;1.0;-7.0;-8.0;6.0;ETHANOL
1853.0;3311.0;5929.0;10694.0;1836.0;2848.0;1742.0;3178.0;5726.0;10308.0;1763.0;2806.0;1.0;-6.0;-3.0;6.0;ETHANOL
1859.0;3332.0;6025.0;10912.0;1865.0;2895.0;1762.0;3211.0;5819.0;10368.0;1776.0;2832.0;1.0;-5.0;4.0;6.0;ETHANOL
1876.0;3361.0;6093.0;11004.0;1877.0;2894.0;1790.0;3244.0;5816.0;10415.0;1779.0;2831.0;-1.0;-5.0;4.0;3.0;ETHANOL
1866.0;3357.0;6045.0;10947.0;1876.0;2907.0;1783.0;3227.0;5840.0;10444.0;1784.0;2840.0;-1.0;-5.0;-7.0;6.0;ETHANOL
1883.0;3388.0;6125.0;11068.0;1887.0;2921.0;1780.0;3249.0;5846.0;10499.0;1798.0;2850.0;-1.0;-5.0;-7.0;7.0;ETHANOL
1886.0;3384.0;6129.0;11098.0;1887.0;2929.0;1807.0;3268.0;5875.0;10518.0;1804.0;2841.0;-4.0;-5.0;-7.0;8.0;ETHANOL
1894.0;3404.0;6166.0;11171.0;1903.0;2970.0;1822.0;3299.0;5961.0;10696.0;1827.0;2902.0;-4.0;-7.0;-7.0;7.0;ETHANOL
1915.0;3439.0;6216.0;11296.0;1934.0;2979.0;1837.0;3323.0;5993.0;10720.0;1832.0;2903.0;-4.0;-7.0;-6.0;10.0;ETHANOL
1943.0;3465.0;6250.0;11281.0;1928.0;2972.0;1835.0;3316.0;5956.0;10675.0;1826.0;2909.0;4.0;-7.0;-5.0;9.0;ETHANOL
1931.0;3472.0;6244.0;11344.0;1925.0;2980.0;1840.0;3337.0;5995.0;10755.0;1841.0;2907.0;4.0;-5.0;-6.0;9.0;ETHANOL
1926.0;3449.0;6209.0;11205.0;1918.0;2965.0;1834.0;3305.0;5951.0;10684.0;1823.0;2900.0;4.0;-5.0;-5.0;12.0;ETHANOL
1940.0;3486.0;6273.0;11253.0;1917.0;2960.0;1841.0;3330.0;5964.0;10594.0;1813.0;2867.0;4.0;-5.0;-5.0;9.0;ETHANOL
1936.0;3446.0;6219.0;11154.0;1894.0;2918.0;1803.0;3270.0;5872.0;10498.0;1791.0;2852.0;6.0;-5.0;-5.0;7.0;ETHANOL
1899.0;3392.0;6134.0;11062.0;1876.0;2918.0;1800.0;3246.0;5819.0;10443.0;1778.0;2837.0;7.0;-5.0;-5.0;2.0;ETHANOL
1890.0;3377.0;6070.0;11016.0;1876.0;2904.0;1782.0;3226.0;5809.0;10407.0;1780.0;2823.0;6.0;0.0;0.0;7.0;ETHANOL
1889.0;3384.0;6088.0;10973.0;1874.0;2896.0;1765.0;3190.0;5765.0;10354.0;1770.0;2816.0;2.0;-2.0;1.0;9.0;ETHANOL
1899.0;3396.0;6104.0;10985.0;1869.0;2871.0;1765.0;3205.0;5795.0;10333.0;1760.0;2790.0;-3.0;-5.0;-5.0;10.0;ETHANOL
1885.0;3366.0;6064.0;10935.0;1857.0;2852.0;1780.0;3217.0;5777.0;10336.0;1751.0;2787.0;-5.0;-5.0;1.0;9.0;ETHANOL
1879.0;3340.0;5989.0;10788.0;1843.0;2844.0;1756.0;3174.0;5733.0;10280.0;1747.0;2786.0;-3.0;-8.0;1.0;9.0;ETHANOL
1874.0;3350.0;6044.0;10904.0;1859.0;2877.0;1783.0;3225.0;5789.0;10409.0;1781.0;2835.0;-6.0;-8.0;-2.0;11.0;ETHANOL
1883.0;3391.0;6143.0;11061.0;1899.0;2922.0;1820.0;3290.0;5919.0;10573.0;1800.0;2845.0;-6.0;-9.0;-3.0;8.0;ETHANOL
1928.0;3428.0;6177.0;11129.0;1892.0;2908.0;1834.0;3286.0;5903.0;10535.0;1782.0;2830.0;4.0;-8.0;-2.0;11.0;ETHANOL
1915.0;3417.0;6136.0;11002.0;1870.0;2890.0;1797.0;3235.0;5815.0;10350.0;1767.0;2808.0;15.0;-8.0;-3.0;8.0;ETHANOL
1897.0;3390.0;6075.0;10935.0;1861.0;2875.0;1768.0;3199.0;5734.0;10267.0;1756.0;2796.0;-6.0;-8.0;-4.0;6.0;ETHANOL
1889.0;3375.0;6057.0;10896.0;1861.0;2873.0;1778.0;3217.0;5762.0;10340.0;1765.0;2806.0;4.0;-8.0;-4.0;13.0;ETHANOL
1885.0;3373.0;6082.0;10923.0;1870.0;2889.0;1799.0;3243.0;5818.0;10423.0;1774.0;2820.0;-6.0;-2.0;-6.0;4.0;ETHANOL
1917.0;3430.0;6151.0;11090.0;1885.0;2921.0;1816.0;3286.0;5897.0;10569.0;1800.0;2864.0;-6.0;-2.0;-6.0;10.0;ETHANOL
1945.0;3467.0;6240.0;11241.0;1899.0;2934.0;1832.0;3309.0;5947.0;10633.0;1807.0;2881.0;-7.0;-2.0;-6.0;9.0;ETHANOL
1957.0;3497.0;6270.0;11268.0;1913.0;2953.0;1834.0;3325.0;5962.0;10671.0;1812.0;2865.0;-6.0;-2.0;-6.0;9.0;ETHANOL
1943.0;3461.0;6253.0;11273.0;1921.0;2957.0;1832.0;3318.0;5963.0;10644.0;1814.0;2896.0;-7.0;-5.0;-6.0;10.0;ETHANOL
1977.0;3513.0;6314.0;11338.0;1920.0;2951.0;1860.0;3340.0;5998.0;10659.0;1811.0;2873.0;-7.0;-7.0;-5.0;5.0;ETHANOL
1961.0;3491.0;6238.0;11181.0;1896.0;2932.0;1845.0;3318.0;5925.0;10607.0;1797.0;2857.0;-4.0;-7.0;-5.0;5.0;ETHANOL
1949.0;3448.0;6197.0;11130.0;1891.0;2924.0;1837.0;3311.0;5926.0;10609.0;1802.0;2856.0;-4.0;-8.0;-4.0;12.0;ETHANOL
1928.0;3420.0;6156.0;11090.0;1889.0;2912.0;1828.0;3299.0;5918.0;10501.0;1790.0;2832.0;0.0;-8.0;1.0;6.0;ETHANOL
1922.0;3425.0;6141.0;11025.0;1877.0;2895.0;1814.0;3266.0;5870.0;10473.0;1778.0;2837.0;6.0;-8.0;2.0;6.0;ETHANOL
1916.0;3432.0;6156.0;11092.0;1882.0;2921.0;1822.0;3266.0;5885.0;10521.0;1797.0;2851.0;6.0;-6.0;2.0;6.0;ETHANOL
1916.0;3456.0;6218.0;11167.0;1907.0;2950.0;1830.0;3309.0;5935.0;10646.0;1819.0;2895.0;13.0;-6.0;2.0;15.0;ETHANOL
1942.0;3473.0;6245.0;11282.0;1916.0;2966.0;1846.0;3332.0;6006.0;10748.0;1836.0;2904.0;10.0;-6.0;-1.0;12.0;ETHANOL
1971.0;3514.0;6320.0;11425.0;1937.0;2991.0;1857.0;3380.0;6070.0;10883.0;1845.0;2937.0;12.0;-7.0;-2.0;9.0;ETHANOL
1990.0;3554.0;6365.0;11464.0;1946.0;3007.0;1885.0;3409.0;6102.0;10869.0;1853.0;2934.0;9.0;-7.0;-2.0;5.0;ETHANOL
2005.0;3580.0;6382.0;11433.0;1952.0;2992.0;1891.0;3406.0;6112.0;10865.0;1846.0;2925.0;9.0;-7.0;-1.0;5.0;ETHANOL
1980.0;3538.0;6361.0;11405.0;1948.0;2994.0;1888.0;3408.0;6089.0;10838.0;1845.0;2929.0;5.0;-5.0;-1.0;4.0;ETHANOL
1988.0;3567.0;6401.0;11516.0;1955.0;3014.0;1882.0;3400.0;6095.0;10905.0;1850.0;2942.0;3.0;-5.0;-2.0;4.0;ETHANOL
2001.0;3581.0;6426.0;11521.0;1965.0;3034.0;1905.0;3426.0;6141.0;10993.0;1869.0;2978.0;5.0;-4.0;-11.0;9.0;ETHANOL
2027.0;3623.0;6516.0;11724.0;1986.0;3046.0;1901.0;3420.0;6131.0;11020.0;1875.0;2968.0;3.0;-4.0;-11.0;8.0;ETHANOL
2009.0;3607.0;6449.0;11600.0;1973.0;3041.0;1904.0;3432.0;6122.0;10944.0;1863.0;2952.0;1.0;-4.0;-11.0;8.0;ETHANOL
2001.0;3566.0;6421.0;11572.0;1967.0;3043.0;1908.0;3453.0;6199.0;11083.0;1893.0;2979.0;1.0;-2.0;-7.0;8.0;ETHANOL
2008.0;3600.0;6490.0;11656.0;1990.0;3062.0;1923.0;3480.0;6240.0;11112.0;1901.0;3018.0;1.0;-2.0;-5.0;10.0;ETHANOL
2058.0;3654.0;6587.0;11858.0;2009.0;3090.0;1953.0;3514.0;6296.0;11199.0;1897.0;3003.0;2.0;-2.0;-4.0;10.0;ETHANOL
2048.0;3661.0;6558.0;11824.0;1996.0;3071.0;1948.0;3496.0;6242.0;11105.0;1889.0;2982.0;1.0;-2.0;-1.0;10.0;ETHANOL
2056.0;3656.0;6558.0;11756.0;1985.0;3032.0;1903.0;3435.0;6161.0;11009.0;1870.0;2957.0;2.0;-2.0;1.0;7.0;ETHANOL
2016.0;3612.0;6461.0;11584.0;1965.0;3025.0;1908.0;3445.0;6164.0;10990.0;1866.0;2965.0;9.0;-2.0;3.0;7.0;ETHANOL
2015.0;3605.0;6482.0;11625.0;1972.0;3050.0;1930.0;3490.0;6268.0;11180.0;1894.0;3013.0;10.0;0.0;3.0;5.0;ETHANOL
2053.0;3660.0;6572.0;11825.0;2011.0;3090.0;1949.0;3512.0;6330.0;11297.0;1922.0;3029.0;7.0;0.0;6.0;2.0;ETHANOL
2053.0;3679.0;6631.0;11916.0;2014.0;3098.0;1974.0;3552.0;6342.0;11292.0;1906.0;3018.0;4.0;-3.0;1.0;2.0;ETHANOL
2067.0;3686.0;6603.0;11853.0;2005.0;3092.0;1964.0;3534.0;6304.0;11261.0;1912.0;3028.0;3.0;-3.0;0.0;2.0;ETHANOL
2058.0;3681.0;6600.0;11937.0;2030.0;3118.0;1990.0;3567.0;6400.0;11402.0;1935.0;3070.0;-3.0;-3.0;-2.0;2.0;ETHANOL
2109.0;3765.0;6741.0;12091.0;2053.0;3158.0;2010.0;3627.0;6511.0;11570.0;1965.0;3113.0;-3.0;-3.0;-7.0;1.0;ETHANOL
2115.0;3782.0;6774.0;12195.0;2073.0;3184.0;2023.0;3641.0;6534.0;11563.0;1972.0;3120.0;0.0;-3.0;-7.0;5.0;ETHANOL
2128.0;3797.0;6835.0;12296.0;2086.0;3193.0;2027.0;3640.0;6535.0;11644.0;1981.0;3136.0;0.0;-3.0;-7.0;7.0;ETHANOL
2151.0;3824.0;6862.0;12444.0;2109.0;3210.0;2057.0;3691.0;6627.0;11806.0;1992.0;3147.0;0.0;-4.0;-8.0;7.0;ETHANOL
2193.0;3891.0;6987.0;12523.0;2112.0;3220.0;2050.0;3704.0;6605.0;11792.0;1989.0;3131.0;0.0;-6.0;-9.0;11.0;ETHANOL
2176.0;3884.0;6978.0;12421.0;2101.0;3204.0;2065.0;3689.0;6594.0;11665.0;1976.0;3136.0;2.0;-4.0;-9.0;10.0;ETHANOL
2155.0;3827.0;6897.0;12339.0;2082.0;3205.0;2063.0;3697.0;6622.0;11674.0;1976.0;3121.0;0.0;-4.0;-3.0;7.0;ETHANOL
2154.0;3839.0;6873.0;12284.0;2080.0;3187.0;2015.0;3599.0;6462.0;11469.0;1963.0;3093.0;0.0;-4.0;-9.0;8.0;ETHANOL
2162.0;3826.0;6840.0;12242.0;2072.0;3164.0;2026.0;3661.0;6523.0;11578.0;1965.0;3095.0;0.0;-3.0;-9.0;8.0;ETHANOL
2154.0;3808.0;6817.0;12250.0;2070.0;3181.0;2055.0;3680.0;6570.0;11629.0;1971.0;3099.0;0.0;-3.0;-7.0;10.0;ETHANOL
2166.0;3849.0;6890.0;12306.0;2086.0;3178.0;2049.0;3666.0;6529.0;11570.0;1963.0;3095.0;0.0;-3.0;-7.0;7.0;ETHANOL
2158.0;3825.0;6823.0;12273.0;2063.0;3169.0;2020.0;3643.0;6505.0;11536.0;1959.0;3096.0;0.0;-3.0;-9.0;7.0;ETHANOL
2145.0;3795.0;6802.0;12227.0;2065.0;3154.0;2048.0;3665.0;6530.0;11597.0;1955.0;3086.0;4.0;-4.0;-7.0;7.0;ETHANOL
2149.0;3816.0;6799.0;12156.0;2059.0;3149.0;2021.0;3620.0;6471.0;11494.0;1945.0;3051.0;-1.0;-5.0;-7.0;9.0;ETHANOL
2138.0;3799.0;6803.0;12145.0;2052.0;3139.0;2027.0;3611.0;6435.0;11459.0;1940.0;3064.0;4.0;-4.0;-4.0;7.0;ETHANOL
2148.0;3814.0;6828.0;12163.0;2057.0;3144.0;2032.0;3632.0;6464.0;11490.0;1939.0;3075.0;0.0;-7.0;-2.0;6.0;ETHANOL
2170.0;3862.0;6882.0;12276.0;2061.0;3169.0;2068.0;3694.0;6577.0;11582.0;1972.0;3098.0;7.0;-7.0;-2.0;6.0;ETHANOL
2165.0;3835.0;6871.0;12278.0;2081.0;3188.0;2052.0;3669.0;6552.0;11673.0;1985.0;3123.0;0.0;-7.0;-2.0;2.0;ETHANOL
2193.0;3892.0;6911.0;12365.0;2088.0;3195.0;2067.0;3699.0;6601.0;11710.0;1986.0;3131.0;9.0;-3.0;-3.0;2.0;ETHANOL
2183.0;3884.0;6916.0;12343.0;2086.0;3190.0;2042.0;3655.0;6535.0;11630.0;1964.0;3107.0;0.0;-5.0;-6.0;6.0;ETHANOL
2199.0;3893.0;6945.0;12366.0;2073.0;3172.0;2057.0;3676.0;6564.0;11622.0;1966.0;3123.0;-1.0;-5.0;-12.0;2.0;ETHANOL
2169.0;3857.0;6887.0;12364.0;2079.0;3186.0;2070.0;3694.0;6571.0;11645.0;1972.0;3102.0;-1.0;-5.0;-12.0;1.0;ETHANOL
2171.0;3854.0;6888.0;12300.0;2072.0;3153.0;2033.0;3644.0;6484.0;11481.0;1951.0;3087.0;-1.0;-5.0;-9.0;6.0;ETHANOL
2144.0;3812.0;6758.0;12091.0;2055.0;3131.0;2008.0;3596.0;6431.0;11447.0;1934.0;3057.0;-1.0;-8.0;-9.0;5.0;ETHANOL
2136.0;3791.0;6738.0;12035.0;2040.0;3130.0;2023.0;3635.0;6449.0;11448.0;1936.0;3052.0;0.0;-8.0;-4.0;10.0;ETHANOL
2119.0;3765.0;6757.0;12063.0;2047.0;3125.0;2014.0;3620.0;6479.0;11461.0;1939.0;3063.0;0.0;-8.0;-4.0;5.0;ETHANOL
2141.0;3795.0;6796.0;12177.0;2048.0;3137.0;2028.0;3635.0;6475.0;11475.0;1942.0;3063.0;0.0;-8.0;-6.0;5.0;ETHANOL
2156.0;3802.0;6793.0;12189.0;2055.0;3152.0;2035.0;3635.0;6511.0;11548.0;1956.0;3080.0;0.0;-6.0;0.0;8.0;ETHANOL
2135.0;3805.0;6796.0;12175.0;2061.0;3151.0;2041.0;3671.0;6533.0;11546.0;1954.0;3077.0;-3.0;-4.0;-6.0;4.0;ETHANOL
2171.0;3826.0;6841.0;12264.0;2061.0;3145.0;2019.0;3632.0;6485.0;11525.0;1955.0;3086.0;-3.0;-6.0;-8.0;8.0;ETHANOL
2151.0;3821.0;6816.0;12204.0;2055.0;3152.0;2020.0;3635.0;6467.0;11464.0;1932.0;3068.0;-1.0;-6.0;-6.0;4.0;ETHANOL
2138.0;3813.0;6789.0;12118.0;2044.0;3129.0;1995.0;3577.0;6390.0;11373.0;1931.0;3036.0;-3.0;-7.0;-13.0;2.0;ETHANOL
2131.0;3767.0;6738.0;12072.0;2026.0;3120.0;2017.0;3606.0;6425.0;11416.0;1924.0;3029.0;-3.0;-7.0;-13.0;2.0;ETHANOL
2133.0;3786.0;6751.0;12038.0;2033.0;3106.0;1978.0;3568.0;6361.0;11278.0;1910.0;3011.0;-1.0;-7.0;-12.0;2.0;ETHANOL
2119.0;3762.0;6723.0;12018.0;2024.0;3104.0;1987.0;3575.0;6392.0;11350.0;1918.0;3029.0;-3.0;-7.0;-11.0;11.0;ETHANOL
2135.0;3777.0;6738.0;11965.0;2022.0;3123.0;2016.0;3613.0;6432.0;11436.0;1931.0;3053.0;-3.0;-9.0;-11.0;9.0;ETHANOL
2148.0;3804.0;6765.0;12112.0;2033.0;3123.0;1991.0;3596.0;6421.0;11394.0;1922.0;3037.0;-1.0;-8.0;-9.0;6.0;ETHANOL
2127.0;3763.0;6728.0;11997.0;2028.0;3106.0;1999.0;3590.0;6405.0;11345.0;1919.0;3035.0;10.0;-11.0;-9.0;5.0;ETHANOL
2129.0;3772.0;6697.0;12003.0;2026.0;3102.0;1987.0;3570.0;6380.0;11376.0;1928.0;3030.0;-1.0;-11.0;0.0;1.0;ETHANOL
2129.0;3760.0;6746.0;12066.0;2045.0;3135.0;2043.0;3628.0;6480.0;11519.0;1943.0;3065.0;1.0;-8.0;0.0;1.0;ETHANOL
2149.0;3813.0;6807.0;12157.0;2049.0;3138.0;2025.0;3617.0;6427.0;11422.0;1940.0;3063.0;1.0;-8.0;-1.0;1.0;ETHANOL
2158.0;3821.0;6814.0;12189.0;2058.0;3156.0;2037.0;3661.0;6517.0;11565.0;1962.0;3074.0;-1.0;-7.0;-10.0;1.0;ETHANOL
2158.0;3823.0;6841.0;12196.0;2068.0;3159.0;2067.0;3690.0;6544.0;11638.0;1966.0;3091.0;-1.0;-7.0;-5.0;6.0;ETHANOL
2176.0;3856.0;6874.0;12303.0;2077.0;3177.0;2066.0;3691.0;6585.0;11702.0;1964.0;3108.0;-1.0;-7.0;-5.0;6.0;ETHANOL
2197.0;3899.0;6940.0;12399.0;2094.0;3206.0;2067.0;3720.0;6625.0;11782.0;1997.0;3139.0;-4.0;-9.0;-5.0;5.0;ETHANOL
2220.0;3918.0;7006.0;12448.0;2091.0;3201.0;2078.0;3714.0;6641.0;11741.0;1987.0;3135.0;-4.0;-7.0;-5.0;5.0;ETHANOL
2194.0;3902.0;6991.0;12568.0;2139.0;3285.0;2144.0;3837.0;6822.0;12129.0;2047.0;3239.0;-4.0;-8.0;-5.0;4.0;ETHANOL
2264.0;4027.0;7214.0;12961.0;2183.0;3336.0;2195.0;3917.0;6953.0;12362.0;2091.0;3302.0;-4.0;-7.0;-10.0;9.0;ETHANOL
2312.0;4106.0;7359.0;13133.0;2209.0;3389.0;2217.0;3955.0;7072.0;12452.0;2104.0;3322.0;-4.0;-8.0;-10.0;5.0;ETHANOL
2328.0;4110.0;7355.0;13156.0;2213.0;3372.0;2195.0;3927.0;6966.0;12381.0;2099.0;3293.0;-3.0;-7.0;0.0;8.0;ETHANOL
2313.0;4104.0;7336.0;13081.0;2201.0;3336.0;2169.0;3883.0;6870.0;12230.0;2061.0;3255.0;-6.0;-7.0;-10.0;8.0;ETHANOL
2286.0;4046.0;7216.0;12907.0;2169.0;3325.0;2169.0;3876.0;6914.0;12259.0;2071.0;3269.0;-5.0;-5.0;-11.0;9.0;ETHANOL
2303.0;4091.0;7330.0;13062.0;2212.0;3365.0;2210.0;3951.0;7040.0;12440.0;2107.0;3315.0;-5.0;-1.0;-11.0;12.0;ETHANOL
2349.0;4183.0;7456.0;13282.0;2240.0;3427.0;2249.0;4039.0;7162.0;12656.0;2133.0;3348.0;-2.0;-1.0;-11.0;9.0;ETHANOL
2383.0;4202.0;7529.0;13365.0;2251.0;3426.0;2238.0;4014.0;7109.0;12623.0;2129.0;3344.0;-2.0;-3.0;-11.0;8.0;ETHANOL
2353.0;4164.0;7443.0;13280.0;2237.0;3412.0;2249.0;4018.0;7124.0;12609.0;2123.0;3355.0;-2.0;-5.0;-5.0;10.0;ETHANOL
2358.0;4189.0;7469.0;13365.0;2234.0;3402.0;2226.0;3976.0;7091.0;12536.0;2115.0;3309.0;0.0;-3.0;-4.0;10.0;ETHANOL
2361.0;4189.0;7454.0;13244.0;2221.0;3401.0;2195.0;3939.0;7022.0;12390.0;2095.0;3289.0;0.0;-5.0;-4.0;11.0;ETHANOL
2338.0;4143.0;7361.0;13105.0;2205.0;3344.0;2202.0;3915.0;6977.0;12334.0;2072.0;3263.0;0.0;-5.0;-4.0;10.0;ETHANOL
2322.0;4116.0;7329.0;13059.0;2197.0;3354.0;2209.0;3937.0;6966.0;12384.0;2093.0;3281.0;2.0;-7.0;-4.0;11.0;ETHANOL
2313.0;4089.0;7282.0;13080.0;2211.0;3359.0;2203.0;3944.0;7008.0;12379.0;2096.0;3280.0;2.0;-5.0;-10.0;12.0;ETHANOL
2334.0;4136.0;7381.0;13165.0;2204.0;3366.0;2212.0;3950.0;7024.0;12448.0;2096.0;3289.0;4.0;-7.0;-10.0;11.0;ETHANOL
2319.0;4124.0;7376.0;13159.0;2206.0;3351.0;2216.0;3955.0;6994.0;12424.0;2085.0;3258.0;2.0;-5.0;-6.0;11.0;ETHANOL
2312.0;4094.0;7266.0;12931.0;2176.0;3324.0;2190.0;3907.0;6969.0;12281.0;2065.0;3227.0;4.0;-5.0;-8.0;6.0;ETHANOL
2309.0;4094.0;7291.0;12883.0;2170.0;3303.0;2173.0;3867.0;6871.0;12102.0;2029.0;3209.0;1.0;-4.0;-6.0;5.0;ETHANOL
2286.0;4034.0;7164.0;12746.0;2145.0;3267.0;2144.0;3817.0;6801.0;12056.0;2028.0;3200.0;1.0;-4.0;-6.0;5.0;ETHANOL
2276.0;4029.0;7145.0;12781.0;2152.0;3290.0;2155.0;3850.0;6835.0;12077.0;2046.0;3210.0;1.0;-2.0;-6.0;5.0;ETHANOL
2301.0;4075.0;7191.0;12839.0;2160.0;3285.0;2160.0;3859.0;6870.0;12151.0;2046.0;3223.0;5.0;-2.0;-8.0;8.0;ETHANOL
2291.0;4047.0;7198.0;12836.0;2162.0;3302.0;2181.0;3866.0;6866.0;12110.0;2045.0;3208.0;1.0;-2.0;-4.0;6.0;ETHANOL
2304.0;4065.0;7219.0;12826.0;2148.0;3284.0;2154.0;3836.0;6800.0;12038.0;2030.0;3199.0;0.0;-3.0;-11.0;6.0;ETHANOL
2290.0;4047.0;7192.0;12743.0;2145.0;3284.0;2162.0;3851.0;6843.0;12098.0;2036.0;3202.0;4.0;-6.0;-7.0;6.0;ETHANOL
2293.0;4042.0;7203.0;12876.0;2162.0;3288.0;2142.0;3828.0;6796.0;12066.0;2040.0;3210.0;4.0;-7.0;-7.0;5.0;ETHANOL
2277.0;4010.0;7155.0;12756.0;2147.0;3280.0;2177.0;3887.0;6879.0;12124.0;2046.0;3192.0;4.0;-8.0;-7.0;7.0;ETHANOL
2277.0;4028.0;7154.0;12748.0;2143.0;3276.0;2144.0;3850.0;6837.0;12076.0;2038.0;3202.0;6.0;-8.0;-7.0;5.0;ETHANOL
2280.0;4024.0;7183.0;12761.0;2153.0;3266.0;2142.0;3814.0;6801.0;12033.0;2030.0;3194.0;12.0;-7.0;-7.0;6.0;ETHANOL
2246.0;3977.0;7111.0;12676.0;2130.0;3253.0;2128.0;3810.0;6763.0;11961.0;2018.0;3173.0;6.0;-8.0;-7.0;6.0;ETHANOL
2253.0;3979.0;7093.0;12607.0;2123.0;3249.0;2114.0;3777.0;6752.0;11966.0;2022.0;3162.0;8.0;-7.0;-7.0;8.0;ETHANOL
2277.0;4008.0;7113.0;12678.0;2129.0;3248.0;2139.0;3807.0;6737.0;11918.0;2012.0;3163.0;6.0;-5.0;-8.0;7.0;ETHANOL
2253.0;3973.0;7050.0;12574.0;2113.0;3231.0;2144.0;3824.0;6784.0;11895.0;2011.0;3157.0;9.0;-5.0;-4.0;6.0;ETHANOL
2255.0;3995.0;7098.0;12617.0;2124.0;3251.0;2140.0;3832.0;6824.0;12035.0;2028.0;3189.0;3.0;-7.0;-4.0;7.0;ETHANOL
2276.0;4016.0;7157.0;12766.0;2141.0;3261.0;2158.0;3851.0;6825.0;12048.0;2024.0;3191.0;5.0;-7.0;-3.0;5.0;ETHANOL
2306.0;4067.0;7198.0;12778.0;2147.0;3272.0;2161.0;3851.0;6810.0;12051.0;2028.0;3207.0;3.0;-8.0;-6.0;5.0;ETHANOL
2290.0;4034.0;7182.0;12832.0;2159.0;3302.0;2200.0;3927.0;6951.0;12259.0;2062.0;3239.0;3.0;-8.0;-3.0;9.0;ETHANOL
2327.0;4136.0;7321.0;13054.0;2189.0;3349.0;2208.0;3930.0;6989.0;12340.0;2080.0;3283.0;6.0;-8.0;-3.0;8.0;ETHANOL
2347.0;4154.0;7369.0;13141.0;2212.0;3383.0;2225.0;3978.0;7060.0;12416.0;2098.0;3300.0;1.0;-8.0;-3.0;9.0;ETHANOL
2366.0;4184.0;7453.0;13225.0;2212.0;3370.0;2255.0;3991.0;7056.0;12495.0;2105.0;3310.0;1.0;-6.0;-6.0;8.0;ETHANOL
2361.0;4165.0;7465.0;13205.0;2218.0;3370.0;2228.0;3974.0;7080.0;12479.0;2102.0;3289.0;1.0;-6.0;-5.0;8.0;ETHANOL
2365.0;4169.0;7392.0;13195.0;2220.0;3365.0;2224.0;3960.0;7057.0;12436.0;2081.0;3281.0;-1.0;-6.0;-10.0;6.0;ETHANOL
2364.0;4151.0;7336.0;13080.0;2195.0;3343.0;2201.0;3946.0;7026.0;12322.0;2070.0;3247.0;-1.0;-6.0;-10.0;6.0;ETHANOL
2344.0;4127.0;7320.0;12976.0;2179.0;3326.0;2201.0;3907.0;6922.0;12245.0;2069.0;3253.0;1.0;-6.0;-6.0;6.0;ETHANOL
2321.0;4107.0;7310.0;13016.0;2189.0;3331.0;2198.0;3923.0;6954.0;12290.0;2069.0;3258.0;1.0;-6.0;-6.0;8.0;ETHANOL
2354.0;4152.0;7345.0;13083.0;2184.0;3330.0;2237.0;3965.0;7046.0;12371.0;2084.0;3270.0;8.0;-6.0;-6.0;6.0;ETHANOL
2354.0;4164.0;7385.0;13124.0;2203.0;3346.0;2227.0;3965.0;7029.0;12389.0;2077.0;3252.0;5.0;-6.0;-1.0;8.0;ETHANOL
2340.0;4147.0;7351.0;13062.0;2192.0;3324.0;2202.0;3911.0;6935.0;12249.0;2061.0;3231.0;5.0;-1.0;-1.0;9.0;ETHANOL
2321.0;4097.0;7296.0;12919.0;2178.0;3315.0;2185.0;3895.0;6879.0;12149.0;2042.0;3216.0;3.0;-1.0;-6.0;12.0;ETHANOL
2333.0;4091.0;7285.0;12924.0;2162.0;3285.0;2183.0;3886.0;6879.0;12118.0;2049.0;3215.0;3.0;-3.0;-3.0;9.0;ETHANOL
2320.0;4110.0;7307.0;12928.0;2166.0;3297.0;2196.0;3900.0;6906.0;12178.0;2052.0;3204.0;3.0;-3.0;-3.0;5.0;ETHANOL
2326.0;4072.0;7240.0;12976.0;2171.0;3310.0;2204.0;3920.0;6917.0;12238.0;2055.0;3236.0;4.0;-3.0;-3.0;5.0;ETHANOL
2333.0;4127.0;7315.0;12934.0;2169.0;3316.0;2182.0;3902.0;6935.0;12179.0;2054.0;3215.0;-1.0;-3.0;-3.0;4.0;ETHANOL
2337.0;4115.0;7295.0;12950.0;2174.0;3316.0;2204.0;3923.0;6966.0;12258.0;2065.0;3259.0;5.0;-3.0;-1.0;9.0;ETHANOL
2346.0;4135.0;7374.0;13061.0;2192.0;3343.0;2225.0;3958.0;7038.0;12422.0;2090.0;3301.0;2.0;-3.0;-1.0;8.0;ETHANOL
2388.0;4210.0;7461.0;13252.0;2232.0;3403.0;2274.0;4043.0;7184.0;12592.0;2117.0;3315.0;1.0;-1.0;-1.0;13.0;ETHANOL
2377.0;4181.0;7488.0;13325.0;2248.0;3432.0;2307.0;4106.0;7284.0;12841.0;2156.0;3389.0;2.0;-1.0;-7.0;8.0;ETHANOL
2426.0;4301.0;7629.0;13628.0;2298.0;3495.0;2312.0;4146.0;7352.0;13042.0;2194.0;3450.0;1.0;-3.0;-7.0;8.0;ETHANOL
2521.0;4418.0;7881.0;13988.0;2341.0;3553.0;2397.0;4261.0;7555.0;13301.0;2235.0;3513.0;2.0;-3.0;-7.0;9.0;ETHANOL
2543.0;4485.0;7931.0;14080.0;2367.0;3588.0;2385.0;4239.0;7557.0;13253.0;2233.0;3491.0;1.0;-5.0;-7.0;8.0;ETHANOL
2546.0;4484.0;7952.0;14032.0;2354.0;3571.0;2414.0;4282.0;7575.0;13221.0;2218.0;3481.0;1.0;-6.0;-7.0;7.0;ETHANOL
2557.0;4489.0;7961.0;14062.0;2363.0;3573.0;2385.0;4255.0;7500.0;13225.0;2239.0;3499.0;-6.0;-5.0;-8.0;8.0;ETHANOL
2551.0;4502.0;7950.0;14110.0;2365.0;3568.0;2412.0;4305.0;7608.0;13388.0;2245.0;3496.0;-5.0;-3.0;-8.0;8.0;ETHANOL
2551.0;4490.0;7914.0;14085.0;2350.0;3569.0;2399.0;4278.0;7564.0;13289.0;2223.0;3485.0;-5.0;-6.0;-8.0;13.0;ETHANOL
2533.0;4466.0;7895.0;13996.0;2339.0;3535.0;2389.0;4223.0;7466.0;13145.0;2214.0;3458.0;-5.0;-6.0;-8.0;11.0;ETHANOL
2524.0;4438.0;7863.0;13894.0;2321.0;3512.0;2376.0;4196.0;7401.0;13039.0;2190.0;3414.0;-3.0;-4.0;-8.0;9.0;ETHANOL
2530.0;4439.0;7874.0;13852.0;2315.0;3513.0;2364.0;4189.0;7403.0;13018.0;2193.0;3422.0;-3.0;-4.0;1.0;9.0;ETHANOL
2490.0;4412.0;7813.0;13825.0;2319.0;3528.0;2392.0;4233.0;7441.0;13115.0;2203.0;3462.0;-1.0;-4.0;2.0;6.0;ETHANOL
2495.0;4413.0;7820.0;13893.0;2331.0;3532.0;2405.0;4279.0;7499.0;13183.0;2210.0;3463.0;-1.0;-2.0;1.0;9.0;ETHANOL
2549.0;4496.0;7918.0;14003.0;2343.0;3540.0;2393.0;4222.0;7471.0;13146.0;2194.0;3427.0;-1.0;-2.0;2.0;6.0;ETHANOL
2517.0;4445.0;7845.0;13862.0;2317.0;3505.0;2376.0;4220.0;7436.0;13130.0;2194.0;3431.0;1.0;-2.0;-5.0;12.0;ETHANOL
2507.0;4394.0;7769.0;13754.0;2311.0;3491.0;2364.0;4180.0;7402.0;12994.0;2179.0;3411.0;2.0;-2.0;-5.0;5.0;ETHANOL
2514.0;4418.0;7778.0;13713.0;2295.0;3469.0;2365.0;4184.0;7401.0;12956.0;2175.0;3401.0;5.0;-2.0;-5.0;12.0;ETHANOL
2510.0;4403.0;7782.0;13734.0;2302.0;3488.0;2383.0;4220.0;7387.0;13001.0;2178.0;3418.0;6.0;-5.0;-5.0;6.0;ETHANOL
2499.0;4397.0;7790.0;13726.0;2307.0;3501.0;2376.0;4234.0;7448.0;13089.0;2189.0;3425.0;5.0;-5.0;-5.0;7.0;ETHANOL
2516.0;4422.0;7811.0;13829.0;2309.0;3490.0;2381.0;4200.0;7449.0;13029.0;2181.0;3419.0;3.0;-6.0;-8.0;10.0;ETHANOL
2514.0;4401.0;7778.0;13750.0;2294.0;3448.0;2315.0;4110.0;7296.0;12863.0;2165.0;3394.0;4.0;-6.0;-9.0;4.0;ETHANOL
2468.0;4362.0;7712.0;13698.0;2301.0;3482.0;2356.0;4181.0;7409.0;13021.0;2188.0;3437.0;4.0;-7.0;-10.0;4.0;ETHANOL
2509.0;4414.0;7825.0;13839.0;2314.0;3517.0;2386.0;4214.0;7430.0;13072.0;2193.0;3412.0;7.0;-6.0;-9.0;2.0;ETHANOL
2514.0;4430.0;7850.0;13866.0;2319.0;3505.0;2384.0;4229.0;7455.0;13111.0;2200.0;3440.0;5.0;-5.0;-10.0;4.0;ETHANOL
2517.0;4440.0;7837.0;13883.0;2324.0;3515.0;2375.0;4219.0;7478.0;13113.0;2200.0;3453.0;-1.0;-4.0;-9.0;5.0;ETHANOL
2530.0;4444.0;7857.0;13941.0;2332.0;3523.0;2401.0;4258.0;7505.0;13173.0;2211.0;3469.0;-3.0;-3.0;-11.0;5.0;ETHANOL
2546.0;4472.0;7902.0;13977.0;2338.0;3524.0;2401.0;4274.0;7507.0;13141.0;2199.0;3440.0;-3.0;-3.0;-6.0;8.0;ETHANOL
2554.0;4469.0;7896.0;13943.0;2324.0;3532.0;2407.0;4275.0;7515.0;13204.0;2205.0;3457.0;-1.0;-3.0;-7.0;8.0;ETHANOL
2546.0;4490.0;7955.0;14128.0;2369.0;3607.0;2440.0;4318.0;7649.0;13453.0;2263.0;3529.0;7.0;-3.0;-7.0;15.0;ETHANOL
2602.0;4577.0;8087.0;14376.0;2409.0;3647.0;2485.0;4399.0;7759.0;13701.0;2294.0;3588.0;7.0;-2.0;-7.0;12.0;ETHANOL
2640.0;4635.0;8157.0;14412.0;2396.0;3610.0;2478.0;4393.0;7742.0;13572.0;2265.0;3525.0;8.0;-2.0;-7.0;10.0;ETHANOL
2579.0;4533.0;8057.0;14185.0;2376.0;3599.0;2451.0;4338.0;7653.0;13430.0;2238.0;3499.0;8.0;-2.0;-11.0;4.0;ETHANOL
2562.0;4511.0;7994.0;14053.0;2359.0;3556.0;2418.0;4276.0;7555.0;13252.0;2222.0;3468.0;6.0;-2.0;-11.0;4.0;ETHANOL
2558.0;4498.0;7984.0;14108.0;2349.0;3549.0;2405.0;4271.0;7541.0;13223.0;2218.0;3450.0;6.0;-2.0;-8.0;6.0;ETHANOL
2562.0;4486.0;7910.0;13969.0;2332.0;3527.0;2400.0;4279.0;7531.0;13185.0;2225.0;3453.0;5.0;-5.0;-8.0;2.0;ETHANOL
2543.0;4482.0;7901.0;13991.0;2339.0;3538.0;2392.0;4267.0;7515.0;13194.0;2206.0;3457.0;7.0;-5.0;-8.0;11.0;ETHANOL
2556.0;4492.0;7937.0;13973.0;2335.0;3540.0;2412.0;4296.0;7567.0;13298.0;2231.0;3467.0;5.0;-5.0;-3.0;6.0;ETHANOL
2562.0;4502.0;8026.0;14185.0;2378.0;3590.0;2464.0;4362.0;7711.0;13543.0;2279.0;3544.0;7.0;-5.0;-3.0;12.0;ETHANOL
2635.0;4629.0;8164.0;14445.0;2413.0;3650.0;2501.0;4436.0;7793.0;13737.0;2293.0;3579.0;10.0;-7.0;-3.0;8.0;ETHANOL
2609.0;4584.0;8201.0;14483.0;2419.0;3675.0;2528.0;4459.0;7836.0;13815.0;2318.0;3612.0;7.0;-4.0;-2.0;8.0;ETHANOL
2668.0;4708.0;8311.0;14604.0;2440.0;3691.0;2531.0;4466.0;7853.0;13810.0;2313.0;3569.0;6.0;-4.0;-2.0;13.0;ETHANOL
2650.0;4647.0;8235.0;14516.0;2420.0;3661.0;2509.0;4428.0;7777.0;13607.0;2296.0;3573.0;8.0;-4.0;-2.0;8.0;ETHANOL
2649.0;4649.0;8201.0;14505.0;2417.0;3655.0;2484.0;4412.0;7808.0;13663.0;2294.0;3569.0;3.0;-4.0;-2.0;11.0;ETHANOL
2645.0;4657.0;8240.0;14593.0;2435.0;3695.0;2529.0;4470.0;7892.0;13876.0;2324.0;3629.0;3.0;-4.0;-1.0;6.0;ETHANOL
2672.0;4718.0;8321.0;14723.0;2462.0;3728.0;2518.0;4463.0;7865.0;13861.0;2328.0;3627.0;2.0;-5.0;-1.0;7.0;ETHANOL
2672.0;4699.0;8315.0;14751.0;2462.0;3737.0;2557.0;4530.0;7989.0;14037.0;2344.0;3649.0;3.0;-5.0;-2.0;7.0;ETHANOL
2709.0;4751.0;8419.0;14846.0;2487.0;3730.0;2546.0;4519.0;7967.0;14081.0;2359.0;3673.0;6.0;-5.0;-4.0;7.0;ETHANOL
2716.0;4778.0;8446.0;14968.0;2496.0;3761.0;2588.0;4598.0;8091.0;14167.0;2365.0;3682.0;3.0;-9.0;-5.0;7.0;ETHANOL
2735.0;4813.0;8471.0;15005.0;2500.0;3761.0;2590.0;4583.0;8047.0;14072.0;2358.0;3667.0;3.0;-9.0;-8.0;8.0;ETHANOL
2731.0;4789.0;8464.0;14952.0;2486.0;3733.0;2557.0;4531.0;7990.0;13982.0;2339.0;3629.0;3.0;-4.0;-5.0;5.0;ETHANOL
2698.0;4743.0;8381.0;14772.0;2455.0;3695.0;2550.0;4519.0;7936.0;13860.0;2317.0;3611.0;-2.0;-4.0;-8.0;5.0;ETHANOL
2706.0;4751.0;8343.0;14740.0;2436.0;3680.0;2535.0;4500.0;7898.0;13803.0;2313.0;3591.0;-8.0;-9.0;-9.0;5.0;ETHANOL
2677.0;4710.0;8291.0;14639.0;2432.0;3678.0;2544.0;4487.0;7909.0;13845.0;2317.0;3604.0;-6.0;-7.0;-11.0;5.0;ETHANOL
2706.0;4743.0;8357.0;14723.0;2461.0;3719.0;2574.0;4552.0;8017.0;13973.0;2345.0;3657.0;-6.0;-7.0;-11.0;5.0;ETHANOL
2737.0;4787.0;8423.0;14881.0;2480.0;3733.0;2588.0;4586.0;8021.0;14016.0;2345.0;3644.0;-6.0;-7.0;-11.0;5.0;ETHANOL
2717.0;4773.0;8407.0;14758.0;2460.0;3691.0;2532.0;4484.0;7877.0;13804.0;2304.0;3588.0;-4.0;-7.0;-11.0;10.0;ETHANOL
2664.0;4670.0;8245.0;14546.0;2427.0;3666.0;2508.0;4433.0;7811.0;13694.0;2294.0;3565.0;0.0;-7.0;-6.0;15.0;ETHANOL
2661.0;4669.0;8244.0;14573.0;2426.0;3671.0;2558.0;4501.0;7950.0;13835.0;2317.0;3617.0;1.0;-7.0;-6.0;10.0;ETHANOL
2689.0;4715.0;8362.0;14740.0;2446.0;3688.0;2564.0;4533.0;7947.0;13904.0;2318.0;3620.0;1.0;-7.0;-4.0;8.0;ETHANOL
2684.0;4710.0;8371.0;14756.0;2458.0;3707.0;2551.0;4523.0;7949.0;13873.0;2332.0;3645.0;0.0;-9.0;-6.0;8.0;ETHANOL
2694.0;4738.0;8387.0;14821.0;2469.0;3723.0;2579.0;4544.0;8028.0;14016.0;2347.0;3640.0;0.0;-9.0;-4.0;9.0;ETHANOL
2697.0;4736.0;8374.0;14753.0;2456.0;3710.0;2542.0;4480.0;7945.0;13925.0;2327.0;3617.0;-2.0;-9.0;-4.0;4.0;ETHANOL
2695.0;4732.0;8354.0;14703.0;2448.0;3707.0;2541.0;4486.0;7922.0;13863.0;2321.0;3616.0;-3.0;-9.0;-8.0;4.0;ETHANOL
2703.0;4755.0;8338.0;14675.0;2444.0;3677.0;2527.0;4475.0;7901.0;13833.0;2306.0;3582.0;-2.0;-9.0;-8.0;4.0;ETHANOL
2686.0;4710.0;8248.0;14553.0;2419.0;3649.0;2546.0;4477.0;7854.0;13710.0;2276.0;3556.0;-8.0;-10.0;-8.0;3.0;ETHANOL
2658.0;4665.0;8203.0;14512.0;2407.0;3626.0;2516.0;4429.0;7782.0;13626.0;2271.0;3544.0;-8.0;-7.0;-8.0;4.0;ETHANOL
2654.0;4637.0;8192.0;14476.0;2415.0;3638.0;2494.0;4426.0;7776.0;13640.0;2282.0;3556.0;-8.0;-3.0;-8.0;8.0;ETHANOL
2656.0;4682.0;8206.0;14484.0;2417.0;3640.0;2506.0;4428.0;7783.0;13658.0;2283.0;3545.0;5.0;-7.0;-2.0;15.0;ETHANOL
2641.0;4634.0;8190.0;14463.0;2400.0;3635.0;2501.0;4426.0;7805.0;13642.0;2285.0;3572.0;-1.0;-7.0;-8.0;8.0;ETHANOL
2700.0;4722.0;8314.0;14641.0;2436.0;3682.0;2572.0;4526.0;7973.0;13924.0;2325.0;3625.0;-1.0;-7.0;-6.0;12.0;ETHANOL
2727.0;4781.0;8425.0;14850.0;2488.0;3746.0;2633.0;4625.0;8139.0;14238.0;2381.0;3706.0;-1.0;-7.0;-8.0;10.0;ETHANOL
2783.0;4874.0;8580.0;15164.0;2522.0;3769.0;2613.0;4627.0;8141.0;14222.0;2371.0;3675.0;-1.0;-7.0;-8.0;9.0;ETHANOL
2757.0;4818.0;8508.0;15007.0;2502.0;3776.0;2615.0;4616.0;8112.0;14288.0;2381.0;3706.0;-3.0;-6.0;-8.0;7.0;ETHANOL
2785.0;4885.0;8572.0;15053.0;2509.0;3757.0;2630.0;4658.0;8152.0;14150.0;2365.0;3680.0;-3.0;-4.0;-6.0;6.0;ETHANOL
2769.0;4866.0;8555.0;15110.0;2503.0;3782.0;2632.0;4651.0;8188.0;14346.0;2389.0;3715.0;-1.0;-4.0;-6.0;6.0;ETHANOL
2787.0;4909.0;8620.0;15223.0;2529.0;3807.0;2657.0;4709.0;8273.0;14471.0;2409.0;3741.0;-1.0;-4.0;-6.0;7.0;ETHANOL
2809.0;4939.0;8698.0;15290.0;2551.0;3822.0;2664.0;4702.0;8261.0;14393.0;2406.0;3739.0;-1.0;-3.0;-6.0;2.0;ETHANOL
2794.0;4906.0;8654.0;15253.0;2544.0;3823.0;2648.0;4681.0;8233.0;14433.0;2414.0;3762.0;0.0;-3.0;-6.0;3.0;ETHANOL
2815.0;4932.0;8707.0;15337.0;2546.0;3826.0;2667.0;4695.0;8253.0;14523.0;2416.0;3740.0;-1.0;-3.0;-8.0;2.0;ETHANOL
2818.0;4927.0;8692.0;15258.0;2544.0;3812.0;2645.0;4694.0;8246.0;14391.0;2403.0;3725.0;-2.0;-3.0;-12.0;3.0;ETHANOL
2810.0;4934.0;8651.0;15159.0;2529.0;3805.0;2658.0;4707.0;8275.0;14425.0;2397.0;3715.0;-3.0;-2.0;-8.0;7.0;ETHANOL
2811.0;4898.0;8606.0;15091.0;2509.0;3768.0;2636.0;4640.0;8114.0;14196.0;2369.0;3671.0;-3.0;-5.0;-3.0;8.0;ETHANOL
2775.0;4860.0;8562.0;14970.0;2489.0;3748.0;2621.0;4609.0;8093.0;14159.0;2361.0;3658.0;-3.0;-5.0;-3.0;11.0;ETHANOL
2751.0;4828.0;8474.0;14936.0;2482.0;3744.0;2632.0;4635.0;8134.0;14147.0;2359.0;3666.0;13.0;-5.0;-3.0;8.0;ETHANOL
2792.0;4898.0;8597.0;15088.0;2510.0;3777.0;2666.0;4688.0;8212.0;14315.0;2384.0;3697.0;12.0;-3.0;-3.0;8.0;ETHANOL
2784.0;4870.0;8568.0;15162.0;2523.0;3778.0;2665.0;4719.0;8251.0;14438.0;2397.0;3725.0;3.0;-6.0;-3.0;6.0;ETHANOL
2815.0;4918.0;8671.0;15282.0;2537.0;3794.0;2682.0;4707.0;8254.0;14360.0;2399.0;3731.0;4.0;-5.0;-3.0;11.0;ETHANOL
2809.0;4929.0;8693.0;15276.0;2540.0;3804.0;2685.0;4743.0;8283.0;14471.0;2408.0;3728.0;4.0;-6.0;-3.0;8.0;ETHANOL
2814.0;4930.0;8660.0;15216.0;2542.0;3816.0;2673.0;4698.0;8256.0;14403.0;2406.0;3728.0;4.0;-6.0;-5.0;10.0;ETHANOL
2832.0;4962.0;8718.0;15286.0;2543.0;3797.0;2664.0;4688.0;8213.0;14324.0;2396.0;3709.0;5.0;-6.0;-2.0;10.0;ETHANOL
2831.0;4970.0;8708.0;15300.0;2546.0;3816.0;2683.0;4764.0;8333.0;14511.0;2415.0;3733.0;5.0;-6.0;-5.0;10.0;ETHANOL
2838.0;4962.0;8748.0;15366.0;2553.0;3832.0;2688.0;4735.0;8291.0;14550.0;2423.0;3772.0;5.0;-6.0;-5.0;10.0;ETHANOL
2850.0;4993.0;8794.0;15460.0;2583.0;3896.0;2719.0;4793.0;8442.0;14797.0;2470.0;3840.0;0.0;-6.0;-5.0;10.0;ETHANOL
2918.0;5096.0;8975.0;15767.0;2623.0;3915.0;2766.0;4855.0;8551.0;14902.0;2481.0;3835.0;-4.0;-7.0;-4.0;11.0;ETHANOL
2943.0;5147.0;9041.0;15854.0;2642.0;3940.0;2793.0;4914.0;8583.0;14962.0;2496.0;3883.0;-4.0;-8.0;-6.0;15.0;ETHANOL
2920.0;5118.0;9030.0;15874.0;2644.0;3961.0;2786.0;4911.0;8615.0;15062.0;2505.0;3872.0;-4.0;-8.0;-4.0;10.0;ETHANOL
2952.0;5167.0;9062.0;15960.0;2641.0;3954.0;2790.0;4903.0;8616.0;14990.0;2493.0;3862.0;0.0;-6.0;-4.0;7.0;ETHANOL
2940.0;5132.0;9006.0;15827.0;2635.0;3941.0;2773.0;4859.0;8541.0;14892.0;2490.0;3863.0;-4.0;-8.0;-7.0;10.0;ETHANOL
2913.0;5112.0;8978.0;15726.0;2614.0;3929.0;2764.0;4865.0;8518.0;14824.0;2470.0;3816.0;-2.0;-6.0;-7.0;10.0;ETHANOL
2937.0;5115.0;8963.0;15704.0;2606.0;3902.0;2759.0;4867.0;8517.0;14783.0;2470.0;3818.0;-2.0;-6.0;-7.0;14.0;ETHANOL
2913.0;5057.0;8907.0;15693.0;2591.0;3875.0;2762.0;4845.0;8469.0;14690.0;2441.0;3781.0;-2.0;-8.0;-7.0;7.0;ETHANOL
2900.0;5065.0;8859.0;15507.0;2570.0;3827.0;2748.0;4807.0;8364.0;14577.0;2424.0;3751.0;-2.0;-8.0;-7.0;8.0;ETHANOL
2883.0;5033.0;8806.0;15484.0;2564.0;3852.0;2723.0;4801.0;8403.0;14573.0;2430.0;3759.0;5.0;-8.0;-6.0;14.0;ETHANOL
2908.0;5054.0;8813.0;15424.0;2559.0;3819.0;2676.0;4691.0;8203.0;14378.0;2384.0;3715.0;3.0;-8.0;-6.0;8.0;ETHANOL
2854.0;4961.0;8708.0;15233.0;2531.0;3795.0;2701.0;4728.0;8293.0;14400.0;2397.0;3735.0;3.0;-8.0;-4.0;13.0;ETHANOL
2846.0;4977.0;8762.0;15499.0;2563.0;3860.0;2736.0;4808.0;8428.0;14643.0;2441.0;3781.0;2.0;-7.0;0.0;7.0;ETHANOL
2903.0;5067.0;8867.0;15614.0;2589.0;3877.0;2740.0;4827.0;8446.0;14704.0;2451.0;3781.0;2.0;-6.0;0.0;8.0;ETHANOL
2895.0;5033.0;8839.0;15553.0;2574.0;3853.0;2735.0;4827.0;8406.0;14644.0;2435.0;3779.0;2.0;-6.0;0.0;12.0;ETHANOL
2902.0;5040.0;8825.0;15511.0;2569.0;3862.0;2766.0;4843.0;8480.0;14754.0;2452.0;3785.0;3.0;-3.0;0.0;14.0;ETHANOL
2905.0;5082.0;8932.0;15627.0;2585.0;3890.0;2793.0;4921.0;8575.0;14899.0;2467.0;3817.0;0.0;-2.0;-9.0;10.0;ETHANOL
2920.0;5088.0;8957.0;15718.0;2603.0;3898.0;2755.0;4829.0;8450.0;14753.0;2465.0;3811.0;-1.0;-2.0;-9.0;10.0;ETHANOL
2920.0;5087.0;8923.0;15607.0;2598.0;3870.0;2751.0;4841.0;8447.0;14729.0;2450.0;3783.0;-4.0;-2.0;-11.0;5.0;ETHANOL
2900.0;5063.0;8877.0;15547.0;2581.0;3848.0;2754.0;4836.0;8414.0;14685.0;2433.0;3774.0;-1.0;-3.0;-11.0;12.0;ETHANOL
2875.0;5031.0;8818.0;15502.0;2583.0;3883.0;2770.0;4846.0;8466.0;14781.0;2454.0;3808.0;-1.0;-5.0;-2.0;6.0;ETHANOL
2911.0;5070.0;8931.0;15693.0;2609.0;3904.0;2771.0;4867.0;8511.0;14840.0;2467.0;3824.0;-1.0;-5.0;-2.0;10.0;ETHANOL
2930.0;5136.0;8986.0;15765.0;2604.0;3921.0;2786.0;4897.0;8575.0;14941.0;2475.0;3813.0;-1.0;-3.0;-9.0;4.0;ETHANOL
2922.0;5109.0;8985.0;15759.0;2599.0;3889.0;2763.0;4849.0;8500.0;14820.0;2466.0;3822.0;-1.0;-4.0;-9.0;6.0;ETHANOL
2912.0;5086.0;8945.0;15675.0;2593.0;3880.0;2773.0;4866.0;8526.0;14822.0;2452.0;3794.0;-1.0;-3.0;-9.0;4.0;ETHANOL
2932.0;5114.0;8936.0;15644.0;2583.0;3851.0;2742.0;4799.0;8405.0;14644.0;2431.0;3778.0;2.0;-3.0;-9.0;8.0;ETHANOL
2898.0;5062.0;8852.0;15491.0;2559.0;3846.0;2717.0;4776.0;8373.0;14579.0;2432.0;3744.0;-4.0;-3.0;-3.0;5.0;ETHANOL
2912.0;5052.0;8825.0;15476.0;2558.0;3825.0;2711.0;4748.0;8293.0;14482.0;2402.0;3716.0;-4.0;-4.0;-3.0;8.0;ETHANOL
2889.0;5016.0;8784.0;15323.0;2533.0;3802.0;2713.0;4797.0;8337.0;14438.0;2392.0;3715.0;-1.0;-4.0;-3.0;7.0;ETHANOL
2882.0;5028.0;8766.0;15331.0;2526.0;3784.0;2705.0;4751.0;8311.0;14387.0;2384.0;3695.0;-1.0;-4.0;-3.0;16.0;ETHANOL
2864.0;4987.0;8754.0;15221.0;2524.0;3778.0;2685.0;4722.0;8261.0;14380.0;2387.0;3691.0;-2.0;-4.0;-3.0;7.0;ETHANOL
2843.0;4972.0;8688.0;15159.0;2515.0;3769.0;2680.0;4702.0;8247.0;14248.0;2365.0;3675.0;-1.0;-4.0;7.0;15.0;ETHANOL
2839.0;4938.0;8626.0;15127.0;2505.0;3740.0;2662.0;4638.0;8129.0;14181.0;2358.0;3640.0;-1.0;-2.0;7.0;7.0;ETHANOL
2811.0;4895.0;8589.0;14946.0;2475.0;3719.0;2648.0;4664.0;8153.0;14114.0;2348.0;3663.0;0.0;-2.0;4.0;14.0;ETHANOL
2822.0;4915.0;8615.0;15048.0;2502.0;3742.0;2651.0;4694.0;8173.0;14198.0;2362.0;3677.0;0.0;-1.0;2.0;7.0;ETHANOL
2830.0;4907.0;8601.0;15074.0;2499.0;3755.0;2677.0;4682.0;8202.0;14320.0;2381.0;3689.0;1.0;-3.0;-1.0;11.0;ETHANOL
2853.0;4964.0;8680.0;15251.0;2522.0;3793.0;2711.0;4734.0;8256.0;14409.0;2402.0;3729.0;0.0;-1.0;-1.0;7.0;ETHANOL
2869.0;5017.0;8800.0;15463.0;2569.0;3864.0;2757.0;4830.0;8437.0;14677.0;2455.0;3785.0;0.0;-2.0;-1.0;12.0;ETHANOL
2891.0;5056.0;8907.0;15652.0;2602.0;3902.0;2790.0;4896.0;8532.0;14890.0;2472.0;3832.0;0.0;-2.0;-1.0;7.0;ETHANOL
2970.0;5165.0;9044.0;15871.0;2628.0;3900.0;2781.0;4887.0;8518.0;14874.0;2468.0;3806.0;0.0;-5.0;-9.0;8.0;ETHANOL
2915.0;5050.0;8904.0;15553.0;2587.0;3877.0;2769.0;4869.0;8449.0;14783.0;2458.0;3803.0;0.0;-2.0;-9.0;8.0;ETHANOL
2885.0;5007.0;8860.0;15562.0;2582.0;3890.0;2779.0;4871.0;8542.0;14867.0;2468.0;3810.0;7.0;-4.0;-13.0;7.0;ETHANOL
2914.0;5112.0;8967.0;15807.0;2619.0;3911.0;2772.0;4876.0;8519.0;14848.0;2467.0;3830.0;7.0;-4.0;-13.0;10.0;ETHANOL
2956.0;5132.0;9021.0;15809.0;2627.0;3944.0;2838.0;4945.0;8658.0;15076.0;2503.0;3869.0;0.0;-3.0;-13.0;9.0;ETHANOL
2978.0;5214.0;9167.0;16014.0;2668.0;3975.0;2856.0;4995.0;8750.0;15262.0;2525.0;3924.0;-2.0;-3.0;-11.0;5.0;ETHANOL
3014.0;5269.0;9218.0;16146.0;2676.0;3987.0;2818.0;4969.0;8676.0;15194.0;2527.0;3922.0;-2.0;-4.0;-11.0;5.0;ETHANOL
3037.0;5305.0;9271.0;16294.0;2697.0;4009.0;2859.0;5045.0;8840.0;15372.0;2542.0;3920.0;0.0;-3.0;-11.0;5.0;ETHANOL
3032.0;5270.0;9241.0;16162.0;2679.0;3994.0;2855.0;5014.0;8747.0;15220.0;2532.0;3902.0;0.0;-3.0;-11.0;5.0;ETHANOL
3031.0;5276.0;9259.0;16148.0;2669.0;3973.0;2821.0;4955.0;8635.0;14930.0;2493.0;3857.0;0.0;-2.0;-11.0;5.0;ETHANOL
2966.0;5175.0;9055.0;15847.0;2621.0;3912.0;2802.0;4904.0;8544.0;14863.0;2467.0;3812.0;0.0;-2.0;-13.0;4.0;ETHANOL
2952.0;5122.0;8958.0;15674.0;2596.0;3893.0;2755.0;4841.0;8495.0;14809.0;2457.0;3815.0;-1.0;-2.0;-13.0;4.0;ETHANOL
2951.0;5124.0;8966.0;15684.0;2604.0;3875.0;2785.0;4864.0;8503.0;14786.0;2452.0;3781.0;-1.0;-2.0;-5.0;4.0;ETHANOL
2942.0;5133.0;8939.0;15654.0;2590.0;3874.0;2805.0;4915.0;8532.0;14763.0;2450.0;3771.0;-1.0;-5.0;-5.0;4.0;ETHANOL
2935.0;5101.0;8900.0;15615.0;2574.0;3866.0;2780.0;4864.0;8486.0;14728.0;2453.0;3793.0;-1.0;-5.0;-11.0;6.0;ETHANOL
2947.0;5140.0;8994.0;15678.0;2611.0;3911.0;2782.0;4892.0;8508.0;14826.0;2466.0;3833.0;-1.0;-5.0;-11.0;6.0;ETHANOL
2990.0;5205.0;9119.0;15898.0;2624.0;3898.0;2812.0;4937.0;8547.0;14862.0;2457.0;3798.0;-5.0;-6.0;-11.0;10.0;ETHANOL
2977.0;5159.0;8972.0;15684.0;2594.0;3880.0;2795.0;4883.0;8520.0;14766.0;2437.0;3769.0;-6.0;-5.0;-11.0;8.0;ETHANOL
2964.0;5151.0;8989.0;15694.0;2589.0;3884.0;2776.0;4875.0;8556.0;14876.0;2462.0;3808.0;-5.0;-3.0;-8.0;6.0;ETHANOL
2947.0;5129.0;9004.0;15768.0;2613.0;3904.0;2803.0;4892.0;8550.0;14896.0;2464.0;3818.0;-5.0;-8.0;-8.0;6.0;ETHANOL
2963.0;5166.0;9043.0;15812.0;2610.0;3915.0;2819.0;4950.0;8640.0;15009.0;2492.0;3857.0;-3.0;-5.0;-6.0;7.0;ETHANOL
2986.0;5216.0;9195.0;15988.0;2655.0;3965.0;2844.0;4982.0;8706.0;15168.0;2512.0;3900.0;0.0;-5.0;-6.0;11.0;ETHANOL
3032.0;5269.0;9163.0;16133.0;2668.0;3999.0;2877.0;5031.0;8810.0;15305.0;2547.0;3930.0;8.0;-7.0;-6.0;6.0;ETHANOL
3023.0;5289.0;9278.0;16203.0;2689.0;4014.0;2896.0;5055.0;8849.0;15381.0;2543.0;3920.0;2.0;-7.0;-6.0;6.0;ETHANOL
3045.0;5298.0;9276.0;16222.0;2692.0;4012.0;2917.0;5069.0;8787.0;15252.0;2543.0;3916.0;4.0;-5.0;-2.0;6.0;ETHANOL
3048.0;5306.0;9296.0;16311.0;2712.0;4027.0;2918.0;5105.0;8919.0;15405.0;2552.0;3960.0;2.0;-5.0;-2.0;7.0;ETHANOL
3097.0;5387.0;9428.0;16529.0;2707.0;4032.0;2902.0;5091.0;8899.0;15325.0;2555.0;3917.0;2.0;-4.0;-2.0;8.0;ETHANOL
3059.0;5334.0;9344.0;16293.0;2692.0;3999.0;2875.0;5068.0;8801.0;15326.0;2539.0;3928.0;2.0;-4.0;-2.0;6.0;ETHANOL
3052.0;5337.0;9326.0;16249.0;2683.0;3990.0;2878.0;5049.0;8808.0;15282.0;2520.0;3898.0;1.0;-4.0;-6.0;7.0;ETHANOL
3028.0;5260.0;9221.0;16079.0;2665.0;3972.0;2878.0;5022.0;8720.0;15127.0;2512.0;3873.0;-1.0;-5.0;-6.0;8.0;ETHANOL
3026.0;5266.0;9176.0;16025.0;2647.0;3943.0;2856.0;4975.0;8670.0;15002.0;2478.0;3848.0;3.0;-3.0;-2.0;7.0;ETHANOL
2992.0;5190.0;9082.0;15927.0;2626.0;3907.0;2831.0;4942.0;8606.0;14920.0;2473.0;3810.0;3.0;-7.0;-6.0;8.0;ETHANOL
2994.0;5179.0;9056.0;15830.0;2607.0;3900.0;2806.0;4899.0;8580.0;14846.0;2461.0;3797.0;1.0;-3.0;-6.0;9.0;ETHANOL
2970.0;5153.0;9039.0;15755.0;2598.0;3885.0;2804.0;4907.0;8604.0;14805.0;2468.0;3826.0;1.0;-1.0;-6.0;7.0;ETHANOL
3003.0;5183.0;9057.0;15864.0;2612.0;3886.0;2815.0;4944.0;8604.0;14883.0;2463.0;3803.0;9.0;0.0;-6.0;14.0;ETHANOL
2993.0;5196.0;9098.0;15832.0;2606.0;3896.0;2845.0;4959.0;8608.0;14918.0;2465.0;3802.0;5.0;0.0;-6.0;8.0;ETHANOL
2985.0;5178.0;9031.0;15756.0;2599.0;3877.0;2810.0;4907.0;8555.0;14821.0;2461.0;3801.0;1.0;2.0;-6.0;10.0;ETHANOL
2967.0;5176.0;9035.0;15770.0;2624.0;3917.0;2835.0;4953.0;8621.0;14994.0;2486.0;3833.0;5.0;3.0;-6.0;8.0;ETHANOL
3004.0;5210.0;9120.0;15900.0;2636.0;3914.0;2854.0;5005.0;8695.0;15055.0;2497.0;3838.0;5.0;2.0;-6.0;6.0;ETHANOL
3016.0;5229.0;9147.0;15947.0;2622.0;3898.0;2835.0;4957.0;8626.0;14960.0;2469.0;3812.0;10.0;2.0;-4.0;8.0;ETHANOL
2970.0;5155.0;9014.0;15723.0;2601.0;3889.0;2774.0;4868.0;8518.0;14808.0;2462.0;3806.0;6.0;-2.0;-4.0;6.0;ETHANOL
2966.0;5155.0;9037.0;15790.0;2600.0;3877.0;2834.0;4952.0;8585.0;14938.0;2464.0;3808.0;6.0;-2.0;-4.0;10.0;ETHANOL
3016.0;5220.0;9093.0;15817.0;2604.0;3879.0;2806.0;4912.0;8561.0;14831.0;2449.0;3776.0;12.0;-1.0;-4.0;10.0;ETHANOL
2959.0;5136.0;8958.0;15659.0;2595.0;3903.0;2827.0;4949.0;8599.0;14967.0;2470.0;3837.0;6.0;-1.0;-4.0;10.0;ETHANOL
3023.0;5211.0;9074.0;15912.0;2625.0;3930.0;2845.0;4977.0;8689.0;15102.0;2506.0;3866.0;8.0;-1.0;-8.0;7.0;ETHANOL
3039.0;5264.0;9160.0;16016.0;2639.0;3962.0;2877.0;5001.0;8742.0;15100.0;2517.0;3894.0;0.0;-1.0;-8.0;7.0;ETHANOL
3032.0;5268.0;9228.0;16178.0;2676.0;3999.0;2922.0;5096.0;8884.0;15406.0;2557.0;3932.0;0.0;-1.0;-8.0;7.0;ETHANOL
3100.0;5366.0;9410.0;16334.0;2696.0;4012.0;2937.0;5145.0;8959.0;15434.0;2552.0;3951.0;0.0;-8.0;-8.0;13.0;ETHANOL
3104.0;5393.0;9397.0;16416.0;2698.0;4024.0;2946.0;5151.0;8924.0;15377.0;2548.0;3931.0;4.0;-8.0;-7.0;7.0;ETHANOL
3112.0;5379.0;9416.0;16454.0;2724.0;4071.0;2970.0;5196.0;9012.0;15604.0;2589.0;4012.0;6.0;-8.0;-2.0;8.0;ETHANOL
3160.0;5501.0;9635.0;16811.0;2759.0;4089.0;2963.0;5192.0;9057.0;15620.0;2597.0;4001.0;7.0;-8.0;1.0;8.0;ETHANOL
3176.0;5481.0;9583.0;16742.0;2749.0;4095.0;3003.0;5250.0;9110.0;15787.0;2622.0;4022.0;6.0;-5.0;1.0;8.0;ETHANOL
3150.0;5486.0;9588.0;16770.0;2756.0;4105.0;2997.0;5238.0;9141.0;15749.0;2596.0;4012.0;6.0;-5.0;-2.0;14.0;ETHANOL
3151.0;5487.0;9563.0;16657.0;2756.0;4093.0;2970.0;5202.0;9066.0;15727.0;2603.0;4007.0;6.0;-5.0;-5.0;9.0;ETHANOL
3160.0;5486.0;9584.0;16702.0;2761.0;4126.0;3011.0;5257.0;9171.0;15856.0;2628.0;4034.0;4.0;-3.0;-7.0;5.0;ETHANOL
3177.0;5516.0;9660.0;16778.0;2770.0;4120.0;3027.0;5256.0;9129.0;15798.0;2602.0;4022.0;2.0;-3.0;-7.0;6.0;ETHANOL
3180.0;5546.0;9648.0;16820.0;2769.0;4133.0;3024.0;5254.0;9117.0;15892.0;2631.0;4066.0;4.0;-3.0;-6.0;9.0;ETHANOL
3184.0;5558.0;9735.0;16959.0;2786.0;4158.0;3018.0;5271.0;9178.0;15948.0;2639.0;4069.0;2.0;-3.0;-8.0;4.0;ETHANOL
3242.0;5624.0;9799.0;17060.0;2806.0;4163.0;3040.0;5313.0;9209.0;15957.0;2655.0;4064.0;1.0;-3.0;-8.0;9.0;ETHANOL
3236.0;5591.0;9773.0;16954.0;2786.0;4114.0;2992.0;5251.0;9120.0;15824.0;2614.0;4033.0;0.0;-2.0;-8.0;5.0;ETHANOL
3167.0;5518.0;9611.0;16763.0;2764.0;4111.0;2956.0;5191.0;9027.0;15678.0;2595.0;4009.0;0.0;0.0;-8.0;5.0;ETHANOL
3193.0;5530.0;9621.0;16777.0;2765.0;4113.0;3015.0;5263.0;9203.0;15873.0;2634.0;4068.0;-1.0;0.0;-11.0;7.0;ETHANOL
3182.0;5543.0;9701.0;16909.0;2801.0;4175.0;3060.0;5358.0;9311.0;16085.0;2665.0;4127.0;0.0;-2.0;-11.0;8.0;ETHANOL
3222.0;5590.0;9807.0;17146.0;2829.0;4205.0;3062.0;5362.0;9340.0;16194.0;2678.0;4127.0;0.0;-2.0;-11.0;5.0;ETHANOL
3265.0;5677.0;9912.0;17252.0;2833.0;4194.0;3054.0;5339.0;9323.0;16110.0;2657.0;4092.0;1.0;-5.0;-4.0;8.0;ETHANOL
3225.0;5598.0;9742.0;16942.0;2793.0;4159.0;3027.0;5289.0;9164.0;15953.0;2640.0;4056.0;-3.0;-5.0;-4.0;8.0;ETHANOL
3203.0;5558.0;9659.0;16949.0;2789.0;4152.0;3044.0;5317.0;9281.0;16082.0;2670.0;4124.0;1.0;-5.0;-4.0;4.0;ETHANOL
3265.0;5645.0;9869.0;17216.0;2856.0;4229.0;3106.0;5430.0;9481.0;16363.0;2712.0;4160.0;-5.0;-5.0;-4.0;8.0;ETHANOL
3269.0;5701.0;9940.0;17355.0;2871.0;4262.0;3160.0;5522.0;9549.0;16551.0;2727.0;4171.0;2.0;-5.0;-4.0;4.0;ETHANOL
3282.0;5698.0;9976.0;17407.0;2872.0;4263.0;3115.0;5483.0;9550.0;16474.0;2723.0;4194.0;2.0;-5.0;-4.0;3.0;ETHANOL
3305.0;5749.0;10019.0;17460.0;2859.0;4244.0;3125.0;5463.0;9466.0;16378.0;2699.0;4148.0;2.0;-1.0;-2.0;3.0;ETHANOL
3246.0;5629.0;9866.0;17241.0;2845.0;4197.0;3093.0;5421.0;9439.0;16274.0;2694.0;4132.0;0.0;-1.0;-7.0;3.0;ETHANOL
3268.0;5676.0;9894.0;17227.0;2826.0;4189.0;3063.0;5328.0;9284.0;16112.0;2651.0;4090.0;0.0;-2.0;-7.0;3.0;ETHANOL
3259.0;5637.0;9832.0;17109.0;2804.0;4165.0;3075.0;5363.0;9266.0;16038.0;2649.0;4070.0;-4.0;-6.0;-7.0;6.0;ETHANOL
3244.0;5611.0;9794.0;17075.0;2789.0;4150.0;3042.0;5319.0;9207.0;15991.0;2638.0;4045.0;-4.0;-6.0;-9.0;9.0;ETHANOL
3189.0;5506.0;9599.0;16787.0;2765.0;4115.0;3006.0;5246.0;9116.0;15781.0;2598.0;4008.0;-5.0;-8.0;-9.0;11.0;ETHANOL
3182.0;5524.0;9615.0;16700.0;2755.0;4090.0;3008.0;5248.0;9141.0;15688.0;2608.0;4007.0;-5.0;-8.0;-9.0;12.0;ETHANOL
3195.0;5501.0;9612.0;16645.0;2759.0;4099.0;2994.0;5227.0;9086.0;15726.0;2594.0;4013.0;-5.0;-9.0;-9.0;10.0;ETHANOL
3210.0;5555.0;9701.0;16870.0;2772.0;4097.0;3008.0;5238.0;9120.0;15701.0;2602.0;4005.0;-3.0;-10.0;-9.0;11.0;ETHANOL
3198.0;5542.0;9601.0;16744.0;2754.0;4098.0;3032.0;5298.0;9157.0;15779.0;2614.0;4007.0;-5.0;-9.0;-12.0;14.0;ETHANOL
3184.0;5552.0;9617.0;16767.0;2765.0;4085.0;3002.0;5245.0;9087.0;15737.0;2598.0;4006.0;-3.0;-9.0;-15.0;8.0;ETHANOL
3196.0;5569.0;9694.0;16796.0;2776.0;4114.0;3031.0;5292.0;9154.0;15913.0;2630.0;4031.0;-5.0;-4.0;-15.0;9.0;ETHANOL
3230.0;5590.0;9727.0;16949.0;2773.0;4104.0;3027.0;5256.0;9156.0;15825.0;2613.0;4016.0;-3.0;-4.0;-12.0;10.0;ETHANOL
3198.0;5539.0;9616.0;16651.0;2753.0;4084.0;3024.0;5283.0;9123.0;15778.0;2596.0;3991.0;1.0;-4.0;-9.0;9.0;ETHANOL
3172.0;5480.0;9547.0;16645.0;2743.0;4082.0;2970.0;5196.0;9043.0;15707.0;2601.0;4009.0;1.0;-5.0;-9.0;8.0;ETHANOL
3178.0;5547.0;9649.0;16853.0;2780.0;4132.0;3031.0;5290.0;9216.0;15930.0;2628.0;4025.0;0.0;-8.0;-8.0;7.0;ETHANOL
3228.0;5588.0;9689.0;16880.0;2786.0;4147.0;3054.0;5366.0;9264.0;15968.0;2645.0;4071.0;6.0;-8.0;-4.0;6.0;ETHANOL
3233.0;5594.0;9769.0;17000.0;2785.0;4138.0;3017.0;5306.0;9215.0;15973.0;2640.0;4035.0;1.0;-5.0;-5.0;11.0;ETHANOL
3249.0;5623.0;9732.0;16939.0;2790.0;4126.0;3034.0;5316.0;9257.0;15961.0;2630.0;4028.0;1.0;-4.0;-5.0;12.0;ETHANOL
3242.0;5593.0;9718.0;16878.0;2767.0;4107.0;3009.0;5291.0;9166.0;15773.0;2604.0;4007.0;1.0;-4.0;-5.0;7.0;ETHANOL
3202.0;5542.0;9622.0;16746.0;2757.0;4086.0;3007.0;5247.0;9153.0;15709.0;2610.0;4006.0;1.0;-4.0;-7.0;9.0;ETHANOL
3195.0;5531.0;9606.0;16703.0;2745.0;4086.0;3019.0;5267.0;9153.0;15768.0;2596.0;3984.0;1.0;-4.0;-9.0;9.0;ETHANOL
3191.0;5518.0;9561.0;16726.0;2748.0;4081.0;3000.0;5217.0;9084.0;15702.0;2607.0;3977.0;5.0;-6.0;-9.0;9.0;ETHANOL
3186.0;5511.0;9589.0;16710.0;2762.0;4109.0;3038.0;5295.0;9198.0;15906.0;2627.0;4058.0;12.0;-6.0;-9.0;10.0;ETHANOL
3235.0;5617.0;9801.0;17042.0;2795.0;4133.0;3027.0;5294.0;9201.0;15835.0;2625.0;4036.0;7.0;-3.0;-5.0;4.0;ETHANOL
3237.0;5586.0;9727.0;16950.0;2791.0;4146.0;3039.0;5296.0;9201.0;15955.0;2642.0;4059.0;13.0;1.0;-3.0;5.0;ETHANOL
3259.0;5630.0;9787.0;17096.0;2813.0;4177.0;3052.0;5356.0;9308.0;16169.0;2680.0;4126.0;4.0;1.0;-3.0;5.0;ETHANOL
3272.0;5714.0;9940.0;17286.0;2844.0;4221.0;3118.0;5434.0;9461.0;16390.0;2711.0;4144.0;4.0;1.0;-3.0;10.0;ETHANOL
3306.0;5715.0;10014.0;17338.0;2860.0;4247.0;3164.0;5494.0;9504.0;16296.0;2696.0;4127.0;2.0;1.0;-3.0;5.0;ETHANOL
3312.0;5721.0;9956.0;17331.0;2839.0;4231.0;3122.0;5439.0;9466.0;16331.0;2702.0;4169.0;2.0;1.0;-3.0;5.0;ETHANOL
3338.0;5784.0;10098.0;17463.0;2881.0;4265.0;3177.0;5536.0;9576.0;16552.0;2733.0;4202.0;3.0;1.0;-5.0;7.0;ETHANOL
3379.0;5837.0;10166.0;17629.0;2891.0;4273.0;3172.0;5516.0;9572.0;16559.0;2736.0;4203.0;2.0;1.0;-5.0;5.0;ETHANOL
3361.0;5789.0;10106.0;17544.0;2879.0;4271.0;3197.0;5549.0;9626.0;16561.0;2723.0;4174.0;6.0;1.0;-9.0;8.0;ETHANOL
3331.0;5758.0;10016.0;17470.0;2871.0;4243.0;3173.0;5518.0;9524.0;16460.0;2726.0;4158.0;6.0;-5.0;-13.0;5.0;ETHANOL
3344.0;5788.0;10054.0;17437.0;2854.0;4235.0;3107.0;5431.0;9392.0;16288.0;2694.0;4132.0;6.0;-5.0;-13.0;14.0;ETHANOL
3327.0;5756.0;9962.0;17276.0;2856.0;4221.0;3154.0;5477.0;9530.0;16383.0;2701.0;4158.0;5.0;-4.0;-13.0;3.0;ETHANOL
3316.0;5755.0;10020.0;17353.0;2860.0;4227.0;3164.0;5482.0;9485.0;16389.0;2698.0;4140.0;6.0;-5.0;-14.0;10.0;ETHANOL
3314.0;5703.0;9946.0;17268.0;2870.0;4248.0;3169.0;5547.0;9600.0;16596.0;2733.0;4203.0;5.0;-5.0;-14.0;6.0;ETHANOL
3364.0;5836.0;10163.0;17692.0;2920.0;4335.0;3232.0;5621.0;9735.0;16910.0;2782.0;4289.0;5.0;-4.0;-6.0;6.0;ETHANOL
3441.0;5944.0;10380.0;18058.0;2970.0;4378.0;3262.0;5666.0;9802.0;16953.0;2797.0;4286.0;5.0;-4.0;-14.0;6.0;ETHANOL
3429.0;5921.0;10365.0;18009.0;2966.0;4356.0;3246.0;5654.0;9824.0;16981.0;2796.0;4292.0;4.0;-4.0;-6.0;6.0;ETHANOL
3477.0;6003.0;10404.0;18047.0;2953.0;4377.0;3254.0;5653.0;9798.0;16887.0;2799.0;4288.0;3.0;-2.0;-4.0;9.0;ETHANOL
3449.0;5952.0;10358.0;17977.0;2950.0;4349.0;3251.0;5653.0;9815.0;16888.0;2786.0;4271.0;4.0;-1.0;-3.0;5.0;ETHANOL
3454.0;5948.0;10364.0;17951.0;2943.0;4346.0;3239.0;5644.0;9790.0;16871.0;2772.0;4262.0;5.0;-2.0;-3.0;9.0;ETHANOL
3412.0;5896.0;10270.0;17863.0;2911.0;4264.0;3182.0;5557.0;9613.0;16565.0;2732.0;4192.0;6.0;-4.0;-3.0;5.0;ETHANOL
3409.0;5913.0;10244.0;17617.0;2882.0;4252.0;3161.0;5519.0;9553.0;16463.0;2719.0;4148.0;5.0;-1.0;-5.0;19.0;ETHANOL
3336.0;5784.0;10074.0;17442.0;2850.0;4198.0;3106.0;5424.0;9376.0;16221.0;2663.0;4082.0;5.0;-4.0;-5.0;10.0;ETHANOL
3323.0;5723.0;9910.0;17281.0;2823.0;4190.0;3116.0;5427.0;9447.0;16227.0;2674.0;4097.0;5.0;-4.0;-5.0;10.0;ETHANOL
3309.0;5712.0;9903.0;17182.0;2816.0;4186.0;3113.0;5422.0;9361.0;16136.0;2662.0;4106.0;8.0;-4.0;-1.0;5.0;ETHANOL
3330.0;5755.0;10015.0;17370.0;2835.0;4203.0;3152.0;5486.0;9463.0;16289.0;2692.0;4125.0;6.0;-5.0;-1.0;10.0;ETHANOL
3322.0;5746.0;9998.0;17403.0;2854.0;4217.0;3160.0;5510.0;9542.0;16480.0;2708.0;4140.0;6.0;-5.0;-1.0;10.0;ETHANOL
3331.0;5752.0;10005.0;17365.0;2851.0;4246.0;3204.0;5574.0;9628.0;16524.0;2732.0;4170.0;7.0;-5.0;-1.0;10.0;ETHANOL
3384.0;5831.0;10115.0;17472.0;2872.0;4231.0;3162.0;5523.0;9532.0;16485.0;2709.0;4151.0;6.0;-5.0;-1.0;16.0;ETHANOL
3341.0;5786.0;10004.0;17427.0;2864.0;4248.0;3161.0;5523.0;9560.0;16469.0;2725.0;4166.0;6.0;-6.0;2.0;10.0;ETHANOL
3369.0;5809.0;10081.0;17455.0;2872.0;4238.0;3169.0;5515.0;9525.0;16455.0;2710.0;4163.0;-2.0;-7.0;2.0;9.0;ETHANOL
3342.0;5798.0;10042.0;17399.0;2848.0;4215.0;3144.0;5474.0;9477.0;16276.0;2689.0;4123.0;-7.0;-6.0;-3.0;14.0;ETHANOL
3359.0;5770.0;10033.0;17323.0;2848.0;4207.0;3152.0;5481.0;9515.0;16367.0;2696.0;4127.0;-7.0;-6.0;-3.0;13.0;ETHANOL
3342.0;5762.0;10028.0;17371.0;2839.0;4209.0;3168.0;5503.0;9510.0;16400.0;2702.0;4159.0;-7.0;-8.0;-16.0;11.0;ETHANOL
3380.0;5818.0;10080.0;17480.0;2859.0;4219.0;3180.0;5500.0;9526.0;16422.0;2695.0;4133.0;-6.0;-4.0;-3.0;11.0;ETHANOL
3358.0;5785.0;10034.0;17437.0;2850.0;4226.0;3149.0;5468.0;9465.0;16343.0;2704.0;4126.0;3.0;-3.0;-12.0;10.0;ETHANOL
3341.0;5764.0;10005.0;17343.0;2852.0;4218.0;3169.0;5512.0;9517.0;16331.0;2688.0;4124.0;6.0;-4.0;-6.0;9.0;ETHANOL
3364.0;5799.0;10048.0;17379.0;2841.0;4212.0;3176.0;5529.0;9545.0;16506.0;2711.0;4172.0;6.0;-5.0;-7.0;7.0;ETHANOL
3341.0;5764.0;10005.0;17343.0;2852.0;4218.0;3169.0;5512.0;9517.0;16331.0;2688.0;4124.0;6.0;-4.0;-7.0;9.0;ETHANOL
3367.0;5823.0;10109.0;17621.0;2906.0;4290.0;3214.0;5617.0;9748.0;16766.0;2761.0;4238.0;2.0;-5.0;-7.0;8.0;ETHANOL
3453.0;5970.0;10337.0;17902.0;2944.0;4345.0;3255.0;5662.0;9848.0;16893.0;2780.0;4259.0;4.0;-2.0;-9.0;10.0;ETHANOL
