OFFCHIP_SENSIMOX_SnAu_150_200.0_IN-PHASE;OFFCHIP_SENSIMOX_SnAu_200_200.0_IN-PHASE;OFFCHIP_SENSIMOX_SnAu_250_200.0_IN-PHASE;OFFCHIP_SENSIMOX_SnAu_300_200.0_IN-PHASE;OFFCHIP_SENSIMOX_SnAu_350_200.0_IN-PHASE;OFFCHIP_SENSIMOX_SnAu_400_200.0_IN-PHASE;OFFCHIP_SENSIMOX_SnAu_150_78125.0_IN-PHASE;OFFCHIP_SENSIMOX_SnAu_200_78125.0_IN-PHASE;OFFCHIP_SENSIMOX_SnAu_250_78125.0_IN-PHASE;OFFCHIP_SENSIMOX_SnAu_300_78125.0_IN-PHASE;OFFCHIP_SENSIMOX_SnAu_350_78125.0_IN-PHASE;OFFCHIP_SENSIMOX_SnAu_400_78125.0_IN-PHASE;ONCHIP_ALUMINUM_OXIDE_OUT4_IN-PHASE;ONCHIP_ALUMINUM_OXIDE_OUT4_QUADRATURE;ONCHIP_ALUMINUM_OXIDE_OUT7_IN-PHASE;ONCHIP_ALUMINUM_OXIDE_OUT7_QUADRATURE;Unname;LABEL
1.0;1.0;1.0;1.0;1.0;1.0;1.0;1.0;1.0;1.0;1.0;1.0;1.0;1.0;1.0;1.0;DIESEL
30.0;30.0;60.0;120.0;21.0;33.0;30.0;60.0;100.0;150.0;25.0;34.0;1.0;1.0;-3.0;1.0;DIESEL
60.0;80.0;160.0;290.0;47.0;62.0;30.0;70.0;120.0;230.0;46.0;70.0;1.0;1.0;-2.0;1.0;DIESEL
100.0;160.0;280.0;500.0;81.0;122.0;70.0;140.0;260.0;420.0;73.0;115.0;1.0;0.0;-3.0;3.0;DIESEL
110.0;150.0;290.0;530.0;83.0;124.0;60.0;120.0;200.0;390.0;69.0;121.0;-2.0;0.0;-3.0;6.0;DIESEL
110.0;180.0;330.0;560.0;82.0;109.0;60.0;130.0;220.0;390.0;70.0;104.0;-4.0;-3.0;-4.0;8.0;DIESEL
90.0;140.0;250.0;400.0;58.0;79.0;50.0;80.0;200.0;260.0;47.0;77.0;-2.0;-2.0;-3.0;6.0;DIESEL
110.0;180.0;320.0;380.0;81.0;66.0;40.0;100.0;170.0;310.0;46.0;71.0;-5.0;-2.0;-4.0;-1.0;DIESEL
110.0;180.0;320.0;550.0;81.0;125.0;50.0;120.0;210.0;390.0;70.0;117.0;-5.0;-1.0;-3.0;-1.0;DIESEL
130.0;200.0;350.0;610.0;96.0;150.0;70.0;150.0;280.0;520.0;91.0;149.0;2.0;-1.0;0.0;-3.0;DIESEL
120.0;190.0;310.0;540.0;86.0;131.0;70.0;150.0;240.0;420.0;73.0;118.0;6.0;-1.0;5.0;-3.0;DIESEL
90.0;140.0;260.0;450.0;67.0;124.0;60.0;130.0;200.0;430.0;75.0;113.0;6.0;2.0;4.0;-3.0;DIESEL
80.0;140.0;240.0;470.0;75.0;127.0;60.0;140.0;200.0;400.0;75.0;125.0;3.0;2.0;4.0;-3.0;DIESEL
100.0;170.0;300.0;530.0;88.0;126.0;60.0;150.0;270.0;470.0;80.0;121.0;3.0;4.0;3.0;-1.0;DIESEL
80.0;130.0;240.0;450.0;76.0;108.0;40.0;110.0;220.0;380.0;61.0;98.0;-3.0;3.0;-7.0;1.0;DIESEL
70.0;110.0;200.0;370.0;55.0;78.0;30.0;90.0;170.0;290.0;41.0;65.0;-6.0;3.0;-9.0;6.0;DIESEL
60.0;120.0;210.0;380.0;51.0;63.0;30.0;60.0;120.0;250.0;42.0;63.0;-6.0;3.0;-15.0;9.0;DIESEL
50.0;80.0;170.0;310.0;53.0;87.0;30.0;70.0;140.0;290.0;54.0;98.0;-2.0;3.0;-15.0;12.0;DIESEL
70.0;120.0;220.0;400.0;64.0;104.0;40.0;90.0;170.0;330.0;63.0;101.0;-7.0;3.0;-18.0;18.0;DIESEL
100.0;180.0;310.0;560.0;82.0;116.0;50.0;110.0;210.0;400.0;67.0;98.0;-8.0;2.0;-18.0;24.0;DIESEL
50.0;100.0;170.0;330.0;54.0;77.0;40.0;60.0;170.0;240.0;43.0;69.0;-8.0;2.0;-19.0;18.0;DIESEL
120.0;200.0;340.0;550.0;88.0;116.0;50.0;100.0;210.0;380.0;74.0;105.0;-9.0;2.0;-15.0;23.0;DIESEL
100.0;160.0;280.0;500.0;79.0;112.0;20.0;60.0;100.0;240.0;46.0;104.0;-11.0;2.0;-21.0;21.0;DIESEL
100.0;160.0;280.0;500.0;79.0;112.0;30.0;70.0;150.0;290.0;60.0;104.0;-11.0;3.0;-15.0;20.0;DIESEL
130.0;200.0;330.0;600.0;93.0;136.0;40.0;130.0;230.0;440.0;82.0;134.0;-9.0;3.0;-21.0;20.0;DIESEL
110.0;200.0;350.0;630.0;95.0;156.0;60.0;140.0;260.0;490.0;88.0;147.0;-7.0;8.0;-17.0;20.0;DIESEL
80.0;150.0;250.0;500.0;85.0;141.0;60.0;130.0;240.0;480.0;79.0;131.0;-5.0;6.0;-17.0;34.0;DIESEL
90.0;150.0;260.0;480.0;80.0;130.0;50.0;140.0;220.0;430.0;74.0;122.0;-3.0;12.0;-13.0;27.0;DIESEL
100.0;180.0;300.0;520.0;82.0;132.0;40.0;100.0;200.0;410.0;77.0;117.0;-5.0;5.0;-17.0;20.0;DIESEL
100.0;180.0;300.0;560.0;93.0;141.0;50.0;120.0;240.0;460.0;85.0;147.0;-4.0;5.0;-17.0;22.0;DIESEL
110.0;190.0;340.0;650.0;105.0;172.0;70.0;140.0;300.0;540.0;97.0;164.0;-4.0;5.0;-15.0;16.0;DIESEL
80.0;140.0;280.0;510.0;88.0;161.0;70.0;140.0;230.0;480.0;88.0;167.0;-7.0;5.0;-19.0;12.0;DIESEL
110.0;200.0;340.0;620.0;112.0;184.0;80.0;180.0;320.0;630.0;110.0;193.0;-7.0;6.0;-19.0;28.0;DIESEL
180.0;320.0;590.0;990.0;160.0;249.0;100.0;240.0;450.0;790.0;146.0;238.0;-5.0;5.0;-15.0;18.0;DIESEL
180.0;320.0;580.0;1020.0;164.0;249.0;120.0;230.0;430.0;880.0;154.0;250.0;-5.0;5.0;-15.0;25.0;DIESEL
210.0;350.0;610.0;1100.0;174.0;263.0;150.0;280.0;510.0;870.0;149.0;230.0;-5.0;5.0;-16.0;31.0;DIESEL
150.0;260.0;470.0;820.0;134.0;209.0;100.0;210.0;390.0;710.0;115.0;200.0;-5.0;5.0;-16.0;24.0;DIESEL
140.0;230.0;430.0;760.0;119.0;187.0;60.0;160.0;300.0;550.0;104.0;158.0;-9.0;3.0;-25.0;28.0;DIESEL
110.0;190.0;350.0;650.0;104.0;144.0;70.0;150.0;290.0;540.0;88.0;144.0;-9.0;3.0;-25.0;35.0;DIESEL
120.0;200.0;380.0;670.0;103.0;146.0;60.0;150.0;280.0;520.0;95.0;145.0;-13.0;1.0;-26.0;35.0;DIESEL
130.0;220.0;400.0;710.0;112.0;155.0;50.0;130.0;240.0;470.0;89.0;135.0;-9.0;3.0;-25.0;28.0;DIESEL
100.0;180.0;330.0;590.0;92.0;136.0;60.0;130.0;240.0;510.0;88.0;147.0;-6.0;6.0;-25.0;35.0;DIESEL
140.0;230.0;430.0;770.0;115.0;166.0;70.0;140.0;270.0;520.0;95.0;148.0;-6.0;6.0;-25.0;55.0;DIESEL
120.0;210.0;380.0;680.0;115.0;171.0;60.0;140.0;300.0;500.0;89.0;146.0;-6.0;7.0;-25.0;32.0;DIESEL
70.0;130.0;240.0;460.0;73.0;117.0;40.0;100.0;150.0;350.0;66.0;100.0;-6.0;6.0;-25.0;34.0;DIESEL
80.0;130.0;250.0;470.0;75.0;113.0;40.0;100.0;210.0;410.0;63.0;100.0;-5.0;5.0;-22.0;34.0;DIESEL
60.0;110.0;200.0;400.0;64.0;87.0;10.0;40.0;130.0;240.0;51.0;82.0;-6.0;7.0;-22.0;24.0;DIESEL
60.0;110.0;210.0;380.0;55.0;72.0;10.0;40.0;130.0;190.0;35.0;93.0;-6.0;5.0;-22.0;26.0;DIESEL
50.0;90.0;180.0;350.0;57.0;89.0;10.0;60.0;130.0;270.0;50.0;96.0;-5.0;6.0;-22.0;27.0;DIESEL
80.0;130.0;250.0;460.0;69.0;101.0;20.0;90.0;150.0;260.0;59.0;93.0;-5.0;6.0;-22.0;30.0;DIESEL
60.0;110.0;200.0;420.0;69.0;96.0;30.0;80.0;170.0;320.0;63.0;106.0;-6.0;7.0;-26.0;39.0;DIESEL
90.0;170.0;320.0;540.0;88.0;130.0;30.0;100.0;180.0;390.0;67.0;117.0;-11.0;6.0;-34.0;35.0;DIESEL
130.0;220.0;400.0;740.0;116.0;179.0;60.0;150.0;280.0;540.0;106.0;175.0;-11.0;8.0;-34.0;35.0;DIESEL
160.0;300.0;520.0;890.0;146.0;231.0;110.0;250.0;460.0;850.0;147.0;234.0;-11.0;6.0;-34.0;39.0;DIESEL
200.0;350.0;630.0;1110.0;187.0;284.0;110.0;260.0;460.0;890.0;164.0;279.0;-12.0;9.0;-34.0;51.0;DIESEL
200.0;350.0;610.0;1100.0;180.0;281.0;130.0;260.0;490.0;890.0;161.0;267.0;-6.0;14.0;-26.0;35.0;DIESEL
190.0;340.0;590.0;1040.0;177.0;266.0;100.0;240.0;460.0;810.0;154.0;242.0;-1.0;6.0;-23.0;43.0;DIESEL
150.0;260.0;470.0;860.0;143.0;213.0;70.0;150.0;310.0;600.0;114.0;195.0;-6.0;8.0;-24.0;41.0;DIESEL
120.0;210.0;400.0;730.0;112.0;160.0;50.0;120.0;260.0;520.0;92.0;139.0;-5.0;12.0;-24.0;42.0;DIESEL
90.0;150.0;270.0;530.0;81.0;123.0;10.0;60.0;140.0;310.0;65.0;102.0;-1.0;12.0;-23.0;35.0;DIESEL
50.0;80.0;160.0;290.0;48.0;66.0;-10.0;20.0;40.0;110.0;25.0;51.0;-5.0;13.0;-23.0;44.0;DIESEL
50.0;80.0;170.0;310.0;46.0;52.0;-20.0;0.0;30.0;110.0;23.0;36.0;-5.0;13.0;-24.0;29.0;DIESEL
30.0;60.0;80.0;190.0;24.0;26.0;-40.0;-20.0;-20.0;0.0;7.0;18.0;-5.0;10.0;-21.0;34.0;DIESEL
30.0;60.0;110.0;240.0;30.0;27.0;-40.0;-30.0;-60.0;-20.0;5.0;7.0;-4.0;6.0;-19.0;34.0;DIESEL
-30.0;-60.0;-80.0;-110.0;-16.0;-26.0;-20.0;-20.0;-10.0;-80.0;-14.0;-27.0;-11.0;3.0;-2.0;1.0;DIESEL
20.0;50.0;40.0;50.0;1.0;-4.0;-20.0;-20.0;0.0;-10.0;4.0;8.0;-13.0;3.0;-9.0;0.0;DIESEL
20.0;50.0;40.0;70.0;10.0;23.0;-10.0;-10.0;30.0;80.0;22.0;24.0;-16.0;3.0;-9.0;1.0;DIESEL
30.0;60.0;90.0;120.0;18.0;30.0;0.0;0.0;20.0;80.0;18.0;31.0;-16.0;3.0;-9.0;6.0;DIESEL
70.0;120.0;170.0;260.0;37.0;59.0;50.0;70.0;160.0;290.0;50.0;67.0;-16.0;2.0;-9.0;12.0;DIESEL
40.0;50.0;110.0;160.0;15.0;22.0;0.0;30.0;20.0;40.0;10.0;12.0;-4.0;10.0;-7.0;0.0;DIESEL
50.0;70.0;110.0;160.0;17.0;22.0;0.0;30.0;30.0;90.0;12.0;12.0;-8.0;5.0;-7.0;1.0;DIESEL
60.0;80.0;130.0;230.0;32.0;22.0;0.0;30.0;30.0;90.0;18.0;12.0;-8.0;5.0;-9.0;2.0;DIESEL
50.0;70.0;100.0;230.0;32.0;25.0;0.0;20.0;30.0;100.0;19.0;30.0;-9.0;5.0;-6.0;2.0;DIESEL
60.0;70.0;140.0;200.0;28.0;25.0;0.0;30.0;30.0;100.0;19.0;30.0;-14.0;5.0;-9.0;3.0;DIESEL
100.0;170.0;270.0;410.0;69.0;76.0;30.0;70.0;110.0;230.0;44.0;71.0;-16.0;5.0;-16.0;3.0;DIESEL
120.0;190.0;340.0;570.0;92.0;115.0;60.0;120.0;210.0;360.0;62.0;96.0;-16.0;5.0;-17.0;8.0;DIESEL
110.0;170.0;280.0;470.0;77.0;89.0;40.0;90.0;170.0;330.0;47.0;70.0;-15.0;5.0;-18.0;15.0;DIESEL
110.0;180.0;290.0;480.0;69.0;70.0;30.0;70.0;170.0;360.0;62.0;61.0;-15.0;3.0;-18.0;9.0;DIESEL
120.0;200.0;340.0;550.0;88.0;103.0;40.0;90.0;150.0;370.0;66.0;109.0;-14.0;3.0;-22.0;15.0;DIESEL
150.0;250.0;430.0;730.0;108.0;142.0;60.0;110.0;230.0;450.0;82.0;136.0;-13.0;3.0;-17.0;17.0;DIESEL
200.0;330.0;560.0;930.0;143.0;190.0;80.0;180.0;320.0;650.0;112.0;178.0;-13.0;3.0;-22.0;17.0;DIESEL
200.0;320.0;550.0;930.0;151.0;191.0;100.0;200.0;360.0;680.0;120.0;182.0;-12.0;3.0;-19.0;24.0;DIESEL
200.0;330.0;580.0;980.0;160.0;224.0;100.0;200.0;360.0;690.0;124.0;204.0;-14.0;5.0;-23.0;26.0;DIESEL
220.0;360.0;620.0;1030.0;164.0;235.0;140.0;250.0;430.0;790.0;133.0;215.0;-12.0;11.0;-24.0;31.0;DIESEL
170.0;280.0;490.0;810.0;129.0;169.0;90.0;170.0;290.0;540.0;93.0;142.0;-18.0;11.0;-26.0;38.0;DIESEL
170.0;260.0;440.0;740.0;117.0;144.0;50.0;110.0;210.0;440.0;77.0;108.0;-17.0;8.0;-26.0;37.0;DIESEL
130.0;200.0;380.0;610.0;96.0;112.0;50.0;100.0;210.0;350.0;62.0;89.0;-17.0;7.0;-29.0;39.0;DIESEL
100.0;150.0;240.0;410.0;63.0;66.0;30.0;70.0;110.0;210.0;34.0;44.0;-11.0;5.0;-26.0;31.0;DIESEL
70.0;110.0;180.0;300.0;48.0;34.0;-10.0;0.0;0.0;30.0;17.0;26.0;-12.0;7.0;-24.0;12.0;DIESEL
70.0;110.0;200.0;330.0;41.0;21.0;-10.0;-10.0;-10.0;30.0;4.0;2.0;-12.0;7.0;-22.0;11.0;DIESEL
80.0;120.0;190.0;290.0;39.0;11.0;-10.0;-20.0;-30.0;50.0;5.0;-3.0;-12.0;4.0;-22.0;11.0;DIESEL
40.0;60.0;100.0;150.0;14.0;-12.0;-30.0;-30.0;-60.0;-60.0;-13.0;-29.0;-12.0;4.0;-17.0;11.0;DIESEL
40.0;60.0;90.0;150.0;17.0;9.0;20.0;10.0;50.0;10.0;5.0;16.0;18.0;10.0;4.0;9.0;DIESEL
30.0;50.0;80.0;140.0;15.0;9.0;20.0;10.0;20.0;10.0;-5.0;-5.0;15.0;5.0;6.0;10.0;DIESEL
10.0;10.0;0.0;10.0;1.0;7.0;-10.0;-10.0;0.0;0.0;-10.0;-14.0;15.0;7.0;11.0;6.0;DIESEL
30.0;60.0;80.0;140.0;26.0;8.0;-10.0;-30.0;-50.0;-10.0;4.0;7.0;3.0;3.0;4.0;1.0;DIESEL
50.0;100.0;200.0;370.0;83.0;152.0;70.0;140.0;270.0;580.0;122.0;227.0;3.0;5.0;7.0;1.0;DIESEL
200.0;380.0;680.0;1220.0;230.0;393.0;180.0;360.0;660.0;1290.0;243.0;416.0;-2.0;9.0;1.0;3.0;DIESEL
320.0;590.0;1060.0;1890.0;334.0;551.0;310.0;570.0;1060.0;1930.0;340.0;560.0;-2.0;7.0;-4.0;4.0;DIESEL
440.0;790.0;1400.0;2450.0;426.0;677.0;380.0;740.0;1320.0;2430.0;409.0;680.0;-6.0;7.0;-12.0;6.0;DIESEL
500.0;910.0;1620.0;2830.0;487.0;773.0;450.0;830.0;1490.0;2750.0;470.0;768.0;-4.0;7.0;-13.0;10.0;DIESEL
550.0;980.0;1760.0;3090.0;530.0;848.0;470.0;860.0;1570.0;2910.0;511.0;842.0;-4.0;13.0;-16.0;16.0;DIESEL
610.0;1100.0;1950.0;3450.0;590.0;936.0;510.0;960.0;1780.0;3280.0;571.0;941.0;-5.0;13.0;-16.0;19.0;DIESEL
660.0;1190.0;2110.0;3750.0;641.0;1033.0;610.0;1110.0;2000.0;3660.0;629.0;1024.0;-4.0;17.0;-16.0;16.0;DIESEL
720.0;1300.0;2310.0;4020.0;684.0;1091.0;640.0;1180.0;2130.0;3890.0;664.0;1079.0;-4.0;15.0;-16.0;22.0;DIESEL
770.0;1390.0;2470.0;4280.0;724.0;1148.0;710.0;1300.0;2350.0;4140.0;702.0;1128.0;-4.0;9.0;-15.0;25.0;DIESEL
820.0;1460.0;2580.0;4490.0;757.0;1202.0;740.0;1360.0;2460.0;4320.0;736.0;1184.0;1.0;9.0;-13.0;24.0;DIESEL
880.0;1560.0;2760.0;4800.0;798.0;1258.0;750.0;1380.0;2500.0;4480.0;766.0;1240.0;2.0;10.0;-12.0;31.0;DIESEL
910.0;1640.0;2870.0;4960.0;833.0;1302.0;780.0;1460.0;2650.0;4750.0;804.0;1280.0;2.0;7.0;-13.0;27.0;DIESEL
940.0;1680.0;2970.0;5190.0;867.0;1351.0;860.0;1570.0;2790.0;4900.0;826.0;1325.0;4.0;12.0;-15.0;38.0;DIESEL
960.0;1710.0;3010.0;5250.0;883.0;1374.0;860.0;1530.0;2810.0;4950.0;838.0;1341.0;2.0;9.0;-16.0;38.0;DIESEL
1000.0;1770.0;3130.0;5480.0;911.0;1410.0;870.0;1610.0;2880.0;5090.0;873.0;1385.0;2.0;13.0;-16.0;43.0;DIESEL
1020.0;1820.0;3180.0;5560.0;922.0;1451.0;870.0;1600.0;2910.0;5210.0;894.0;1419.0;-5.0;9.0;-22.0;42.0;DIESEL
1070.0;1910.0;3350.0;5830.0;967.0;1494.0;960.0;1740.0;3090.0;5440.0;916.0;1458.0;-8.0;20.0;-28.0;48.0;DIESEL
1050.0;1890.0;3340.0;5770.0;964.0;1512.0;980.0;1760.0;3160.0;5560.0;935.0;1477.0;-8.0;11.0;-28.0;51.0;DIESEL
1120.0;2000.0;3510.0;6050.0;1008.0;1570.0;990.0;1810.0;3230.0;5760.0;971.0;1535.0;2.0;9.0;-26.0;47.0;DIESEL
1150.0;2050.0;3570.0;6210.0;1028.0;1600.0;980.0;1810.0;3240.0;5810.0;985.0;1564.0;2.0;14.0;-29.0;49.0;DIESEL
1220.0;2160.0;3810.0;6560.0;1083.0;1673.0;1100.0;1970.0;3550.0;6270.0;1033.0;1639.0;4.0;10.0;-29.0;52.0;DIESEL
1210.0;2160.0;3800.0;6560.0;1086.0;1683.0;1060.0;1930.0;3490.0;6140.0;1032.0;1637.0;2.0;24.0;-26.0;58.0;DIESEL
1220.0;2200.0;3870.0;6680.0;1103.0;1703.0;1120.0;2010.0;3590.0;6310.0;1062.0;1668.0;2.0;14.0;-29.0;55.0;DIESEL
1270.0;2260.0;3930.0;6810.0;1117.0;1714.0;1120.0;2040.0;3670.0;6440.0;1071.0;1686.0;-10.0;16.0;-33.0;55.0;DIESEL
1220.0;2200.0;3840.0;6660.0;1101.0;1699.0;1120.0;2050.0;3660.0;6330.0;1048.0;1657.0;-10.0;16.0;-42.0;70.0;DIESEL
1240.0;2220.0;3860.0;6670.0;1103.0;1702.0;1140.0;2050.0;3630.0;6370.0;1055.0;1656.0;-13.0;12.0;-44.0;60.0;DIESEL
1260.0;2250.0;3910.0;6690.0;1113.0;1702.0;1080.0;1970.0;3540.0;6270.0;1046.0;1664.0;-13.0;20.0;-44.0;76.0;DIESEL
1250.0;2240.0;3910.0;6770.0;1111.0;1717.0;1110.0;2010.0;3580.0;6300.0;1051.0;1662.0;-13.0;19.0;-44.0;75.0;DIESEL
1260.0;2240.0;3930.0;6720.0;1108.0;1710.0;1130.0;2020.0;3600.0;6350.0;1058.0;1667.0;-10.0;18.0;-44.0;80.0;DIESEL
1280.0;2270.0;3950.0;6750.0;1114.0;1706.0;1130.0;2040.0;3620.0;6350.0;1056.0;1652.0;-8.0;29.0;-38.0;77.0;DIESEL
1240.0;2170.0;3820.0;6560.0;1087.0;1673.0;1090.0;1970.0;3510.0;6210.0;1027.0;1636.0;-8.0;21.0;-38.0;80.0;DIESEL
1220.0;2170.0;3790.0;6500.0;1074.0;1658.0;1100.0;2010.0;3560.0;6210.0;1029.0;1622.0;-8.0;24.0;-38.0;84.0;DIESEL
1260.0;2230.0;3880.0;6670.0;1088.0;1672.0;1090.0;2010.0;3580.0;6310.0;1034.0;1613.0;-5.0;25.0;-38.0;99.0;DIESEL
1270.0;2260.0;3920.0;6700.0;1106.0;1679.0;1080.0;1970.0;3530.0;6190.0;1033.0;1633.0;-5.0;21.0;-39.0;99.0;DIESEL
1280.0;2260.0;3940.0;6750.0;1104.0;1677.0;1090.0;1980.0;3490.0;6240.0;1037.0;1619.0;-5.0;27.0;-39.0;102.0;DIESEL
1280.0;2280.0;3960.0;6780.0;1105.0;1685.0;1080.0;1960.0;3500.0;6200.0;1028.0;1620.0;-4.0;23.0;-47.0;98.0;DIESEL
1270.0;2260.0;3950.0;6720.0;1096.0;1673.0;1120.0;2030.0;3580.0;6320.0;1046.0;1628.0;-4.0;27.0;-47.0;108.0;DIESEL
1270.0;2260.0;3940.0;6730.0;1106.0;1672.0;1070.0;1950.0;3440.0;6130.0;1028.0;1614.0;-4.0;22.0;-52.0;105.0;DIESEL
1290.0;2290.0;4000.0;6820.0;1113.0;1681.0;1130.0;2030.0;3640.0;6340.0;1044.0;1620.0;-14.0;19.0;-53.0;103.0;DIESEL
1300.0;2320.0;4040.0;6870.0;1116.0;1693.0;1120.0;2050.0;3600.0;6360.0;1044.0;1635.0;-14.0;27.0;-56.0;102.0;DIESEL
1270.0;2250.0;3930.0;6770.0;1106.0;1685.0;1130.0;2050.0;3620.0;6310.0;1032.0;1630.0;-14.0;30.0;-56.0;100.0;DIESEL
1300.0;2320.0;4030.0;6910.0;1123.0;1690.0;1110.0;2010.0;3580.0;6310.0;1049.0;1641.0;-12.0;23.0;-56.0;106.0;DIESEL
1310.0;2320.0;4020.0;6890.0;1120.0;1708.0;1120.0;2040.0;3630.0;6390.0;1054.0;1654.0;-12.0;26.0;-56.0;114.0;DIESEL
1280.0;2290.0;3970.0;6810.0;1107.0;1701.0;1140.0;2080.0;3690.0;6430.0;1061.0;1646.0;-11.0;29.0;-53.0;111.0;DIESEL
1300.0;2330.0;4000.0;6850.0;1117.0;1699.0;1140.0;2070.0;3650.0;6430.0;1059.0;1651.0;-11.0;32.0;-53.0;117.0;DIESEL
1330.0;2340.0;4100.0;6980.0;1132.0;1707.0;1120.0;2030.0;3600.0;6330.0;1057.0;1658.0;-10.0;35.0;-62.0;121.0;DIESEL
1340.0;2370.0;4090.0;7010.0;1142.0;1728.0;1120.0;2050.0;3610.0;6400.0;1067.0;1666.0;-13.0;30.0;-62.0;127.0;DIESEL
1310.0;2340.0;4050.0;6950.0;1132.0;1712.0;1150.0;2080.0;3660.0;6460.0;1062.0;1663.0;-10.0;36.0;-60.0;125.0;DIESEL
1330.0;2370.0;4130.0;7070.0;1149.0;1725.0;1150.0;2110.0;3700.0;6430.0;1074.0;1671.0;-10.0;31.0;-61.0;126.0;DIESEL
1330.0;2340.0;4090.0;6990.0;1139.0;1719.0;1150.0;2070.0;3670.0;6430.0;1062.0;1675.0;-10.0;31.0;-61.0;128.0;DIESEL
1350.0;2400.0;4170.0;7090.0;1153.0;1737.0;1170.0;2120.0;3760.0;6560.0;1077.0;1695.0;-10.0;26.0;-60.0;130.0;DIESEL
1300.0;2320.0;4080.0;6940.0;1134.0;1726.0;1120.0;2050.0;3630.0;6410.0;1072.0;1672.0;-10.0;31.0;-60.0;126.0;DIESEL
1370.0;2430.0;4230.0;7200.0;1170.0;1748.0;1130.0;2060.0;3680.0;6450.0;1083.0;1690.0;-10.0;31.0;-61.0;133.0;DIESEL
1370.0;2430.0;4230.0;7220.0;1168.0;1759.0;1170.0;2120.0;3740.0;6580.0;1091.0;1705.0;-13.0;30.0;-62.0;133.0;DIESEL
1390.0;2450.0;4300.0;7270.0;1178.0;1767.0;1140.0;2090.0;3710.0;6560.0;1096.0;1712.0;-13.0;33.0;-62.0;130.0;DIESEL
1410.0;2480.0;4320.0;7320.0;1185.0;1787.0;1220.0;2180.0;3820.0;6730.0;1108.0;1725.0;-14.0;31.0;-63.0;135.0;DIESEL
1370.0;2410.0;4200.0;7200.0;1178.0;1763.0;1170.0;2090.0;3780.0;6590.0;1096.0;1711.0;-16.0;41.0;-63.0;132.0;DIESEL
1400.0;2460.0;4280.0;7270.0;1182.0;1781.0;1200.0;2160.0;3810.0;6630.0;1102.0;1706.0;-14.0;26.0;-63.0;137.0;DIESEL
1360.0;2410.0;4180.0;7100.0;1167.0;1757.0;1170.0;2110.0;3770.0;6560.0;1095.0;1708.0;-14.0;34.0;-63.0;140.0;DIESEL
1290.0;2300.0;4040.0;6950.0;1135.0;1728.0;1190.0;2130.0;3740.0;6560.0;1076.0;1692.0;-11.0;31.0;-63.0;139.0;DIESEL
1350.0;2390.0;4200.0;7150.0;1163.0;1745.0;1200.0;2180.0;3830.0;6690.0;1093.0;1695.0;-11.0;34.0;-63.0;145.0;DIESEL
1350.0;2390.0;4160.0;7110.0;1158.0;1747.0;1130.0;2070.0;3670.0;6500.0;1085.0;1693.0;-11.0;34.0;-63.0;142.0;DIESEL
1350.0;2390.0;4180.0;7110.0;1157.0;1744.0;1160.0;2130.0;3760.0;6610.0;1100.0;1707.0;-7.0;38.0;-64.0;151.0;DIESEL
1390.0;2460.0;4280.0;7300.0;1181.0;1766.0;1170.0;2120.0;3790.0;6650.0;1103.0;1710.0;-7.0;38.0;-64.0;143.0;DIESEL
1410.0;2490.0;4320.0;7360.0;1187.0;1799.0;1200.0;2170.0;3830.0;6650.0;1113.0;1729.0;-7.0;30.0;-63.0;145.0;DIESEL
1320.0;2360.0;4120.0;7050.0;1152.0;1751.0;1190.0;2110.0;3750.0;6500.0;1095.0;1712.0;-7.0;38.0;-64.0;149.0;DIESEL
1370.0;2410.0;4180.0;7190.0;1164.0;1767.0;1170.0;2130.0;3760.0;6570.0;1097.0;1706.0;-7.0;45.0;-64.0;151.0;DIESEL
1440.0;2530.0;4370.0;7450.0;1203.0;1794.0;1240.0;2220.0;3930.0;6800.0;1131.0;1740.0;-9.0;33.0;-65.0;154.0;DIESEL
1340.0;2360.0;4140.0;7140.0;1158.0;1749.0;1180.0;2130.0;3800.0;6630.0;1096.0;1704.0;-11.0;35.0;-65.0;160.0;DIESEL
1430.0;2510.0;4330.0;7420.0;1200.0;1794.0;1220.0;2200.0;3860.0;6750.0;1120.0;1737.0;-12.0;34.0;-69.0;158.0;DIESEL
1460.0;2570.0;4420.0;7470.0;1219.0;1820.0;1260.0;2250.0;3950.0;6870.0;1136.0;1753.0;-13.0;38.0;-69.0;161.0;DIESEL
1470.0;2590.0;4480.0;7660.0;1240.0;1837.0;1200.0;2200.0;3940.0;6910.0;1147.0;1777.0;-13.0;44.0;-74.0;163.0;DIESEL
1480.0;2620.0;4500.0;7680.0;1245.0;1860.0;1270.0;2280.0;4030.0;7010.0;1158.0;1789.0;-18.0;44.0;-75.0;159.0;DIESEL
1500.0;2650.0;4610.0;7810.0;1260.0;1869.0;1280.0;2290.0;4020.0;6980.0;1162.0;1806.0;-18.0;42.0;-77.0;168.0;DIESEL
1480.0;2590.0;4480.0;7650.0;1244.0;1851.0;1240.0;2220.0;3980.0;6950.0;1144.0;1780.0;-18.0;43.0;-75.0;160.0;DIESEL
1510.0;2660.0;4580.0;7770.0;1250.0;1874.0;1250.0;2260.0;4010.0;7040.0;1165.0;1822.0;-18.0;37.0;-77.0;167.0;DIESEL
1510.0;2670.0;4610.0;7780.0;1264.0;1885.0;1260.0;2280.0;4050.0;7090.0;1177.0;1812.0;-18.0;38.0;-81.0;173.0;DIESEL
1510.0;2680.0;4630.0;7820.0;1264.0;1882.0;1280.0;2300.0;4040.0;7040.0;1170.0;1816.0;-18.0;39.0;-81.0;167.0;DIESEL
1520.0;2680.0;4630.0;7920.0;1273.0;1897.0;1260.0;2290.0;4030.0;7110.0;1177.0;1833.0;-17.0;39.0;-81.0;167.0;DIESEL
1500.0;2660.0;4620.0;7820.0;1267.0;1896.0;1280.0;2330.0;4090.0;7230.0;1189.0;1844.0;-17.0;41.0;-83.0;171.0;DIESEL
1540.0;2720.0;4710.0;7930.0;1293.0;1919.0;1330.0;2400.0;4210.0;7350.0;1195.0;1847.0;-17.0;44.0;-81.0;171.0;DIESEL
1550.0;2720.0;4720.0;8030.0;1291.0;1920.0;1300.0;2350.0;4170.0;7300.0;1197.0;1858.0;-17.0;42.0;-83.0;175.0;DIESEL
1560.0;2750.0;4720.0;8030.0;1298.0;1932.0;1310.0;2360.0;4160.0;7260.0;1194.0;1862.0;-17.0;42.0;-83.0;174.0;DIESEL
1580.0;2770.0;4780.0;8110.0;1309.0;1944.0;1330.0;2420.0;4260.0;7420.0;1208.0;1878.0;-22.0;40.0;-82.0;176.0;DIESEL
1550.0;2710.0;4720.0;7930.0;1295.0;1926.0;1360.0;2430.0;4270.0;7410.0;1204.0;1865.0;-22.0;40.0;-81.0;182.0;DIESEL
1500.0;2630.0;4550.0;7840.0;1276.0;1911.0;1330.0;2410.0;4240.0;7330.0;1186.0;1847.0;-24.0;38.0;-82.0;183.0;DIESEL
1570.0;2760.0;4770.0;8090.0;1305.0;1929.0;1360.0;2450.0;4280.0;7420.0;1216.0;1874.0;-22.0;38.0;-81.0;181.0;DIESEL
1610.0;2820.0;4910.0;8230.0;1328.0;1963.0;1340.0;2410.0;4260.0;7440.0;1221.0;1898.0;-16.0;46.0;-81.0;181.0;DIESEL
1600.0;2830.0;4870.0;8280.0;1332.0;1977.0;1370.0;2460.0;4320.0;7440.0;1225.0;1896.0;-16.0;44.0;-81.0;184.0;DIESEL
1610.0;2840.0;4900.0;8310.0;1331.0;1986.0;1380.0;2480.0;4370.0;7600.0;1240.0;1927.0;-19.0;51.0;-81.0;190.0;DIESEL
1630.0;2870.0;4970.0;8400.0;1356.0;2004.0;1400.0;2530.0;4440.0;7690.0;1252.0;1942.0;-19.0;50.0;-81.0;186.0;DIESEL
1620.0;2820.0;4930.0;8320.0;1346.0;1993.0;1400.0;2510.0;4430.0;7580.0;1242.0;1923.0;-20.0;47.0;-81.0;191.0;DIESEL
1620.0;2860.0;4940.0;8400.0;1355.0;2019.0;1370.0;2470.0;4360.0;7580.0;1261.0;1946.0;-20.0;47.0;-81.0;188.0;DIESEL
1630.0;2870.0;4940.0;8440.0;1361.0;2024.0;1420.0;2560.0;4470.0;7720.0;1264.0;1949.0;-20.0;54.0;-81.0;202.0;DIESEL
1630.0;2860.0;4940.0;8330.0;1352.0;2011.0;1420.0;2530.0;4420.0;7700.0;1259.0;1952.0;-20.0;50.0;-81.0;196.0;DIESEL
1670.0;2930.0;5060.0;8590.0;1379.0;2033.0;1470.0;2610.0;4560.0;7880.0;1280.0;1970.0;-20.0;53.0;-86.0;196.0;DIESEL
1660.0;2920.0;5050.0;8580.0;1381.0;2042.0;1440.0;2550.0;4480.0;7690.0;1278.0;1978.0;-20.0;54.0;-90.0;204.0;DIESEL
1660.0;2930.0;5030.0;8570.0;1382.0;2042.0;1430.0;2570.0;4530.0;7840.0;1275.0;1974.0;-21.0;46.0;-93.0;201.0;DIESEL
1710.0;3010.0;5190.0;8750.0;1404.0;2075.0;1450.0;2560.0;4520.0;7880.0;1294.0;2013.0;-17.0;52.0;-90.0;199.0;DIESEL
1660.0;2920.0;5060.0;8600.0;1385.0;2044.0;1420.0;2560.0;4480.0;7780.0;1282.0;1984.0;-17.0;49.0;-90.0;196.0;DIESEL
1630.0;2880.0;4960.0;8480.0;1375.0;2044.0;1410.0;2530.0;4490.0;7820.0;1284.0;1981.0;-21.0;46.0;-90.0;200.0;DIESEL
1630.0;2850.0;4970.0;8420.0;1371.0;2045.0;1460.0;2590.0;4500.0;7820.0;1285.0;1979.0;-15.0;58.0;-86.0;212.0;DIESEL
1690.0;2960.0;5110.0;8720.0;1402.0;2070.0;1460.0;2620.0;4590.0;7930.0;1294.0;1998.0;-15.0;45.0;-86.0;208.0;DIESEL
1710.0;2990.0;5160.0;8780.0;1418.0;2100.0;1480.0;2640.0;4620.0;7990.0;1314.0;2007.0;-16.0;52.0;-93.0;217.0;DIESEL
1700.0;3000.0;5160.0;8760.0;1415.0;2094.0;1480.0;2660.0;4630.0;7960.0;1306.0;2022.0;-16.0;53.0;-93.0;210.0;DIESEL
1750.0;3060.0;5250.0;8890.0;1429.0;2100.0;1490.0;2670.0;4670.0;8080.0;1324.0;2045.0;-16.0;54.0;-93.0;214.0;DIESEL
1790.0;3110.0;5380.0;9080.0;1449.0;2132.0;1490.0;2680.0;4690.0;8230.0;1337.0;2043.0;-22.0;49.0;-95.0;219.0;DIESEL
1770.0;3120.0;5340.0;8950.0;1443.0;2138.0;1510.0;2720.0;4760.0;8200.0;1345.0;2065.0;-22.0;51.0;-93.0;227.0;DIESEL
1760.0;3080.0;5310.0;8990.0;1452.0;2138.0;1530.0;2720.0;4760.0;8150.0;1343.0;2084.0;-28.0;49.0;-94.0;220.0;DIESEL
1830.0;3200.0;5510.0;9250.0;1479.0;2174.0;1560.0;2810.0;4880.0;8420.0;1363.0;2095.0;-28.0;58.0;-95.0;218.0;DIESEL
1800.0;3160.0;5410.0;9190.0;1484.0;2188.0;1580.0;2820.0;4930.0;8440.0;1372.0;2121.0;-21.0;59.0;-96.0;229.0;DIESEL
1810.0;3170.0;5440.0;9220.0;1480.0;2196.0;1520.0;2730.0;4770.0;8360.0;1374.0;2103.0;-21.0;53.0;-96.0;225.0;DIESEL
1850.0;3220.0;5550.0;9360.0;1504.0;2208.0;1570.0;2790.0;4890.0;8490.0;1383.0;2133.0;-26.0;54.0;-97.0;215.0;DIESEL
1720.0;3040.0;5270.0;8990.0;1447.0;2155.0;1590.0;2800.0;4910.0;8470.0;1364.0;2089.0;-21.0;53.0;-97.0;231.0;DIESEL
1820.0;3170.0;5490.0;9330.0;1491.0;2207.0;1590.0;2860.0;5000.0;8550.0;1377.0;2117.0;-24.0;57.0;-97.0;229.0;DIESEL
1870.0;3280.0;5640.0;9590.0;1522.0;2243.0;1560.0;2800.0;4940.0;8560.0;1395.0;2151.0;-24.0;54.0;-97.0;226.0;DIESEL
1900.0;3320.0;5710.0;9570.0;1537.0;2250.0;1580.0;2820.0;4980.0;8620.0;1408.0;2168.0;-24.0;57.0;-99.0;237.0;DIESEL
1870.0;3270.0;5650.0;9560.0;1537.0;2249.0;1610.0;2870.0;5000.0;8670.0;1409.0;2173.0;-22.0;60.0;-100.0;235.0;DIESEL
1900.0;3300.0;5700.0;9620.0;1540.0;2278.0;1610.0;2850.0;5010.0;8710.0;1426.0;2193.0;-24.0;56.0;-100.0;240.0;DIESEL
1930.0;3370.0;5770.0;9720.0;1564.0;2289.0;1680.0;2970.0;5190.0;8830.0;1448.0;2214.0;-22.0;57.0;-99.0;235.0;DIESEL
1860.0;3250.0;5580.0;9530.0;1535.0;2263.0;1640.0;2940.0;5140.0;8800.0;1427.0;2197.0;-22.0;59.0;-94.0;235.0;DIESEL
1880.0;3280.0;5670.0;9530.0;1535.0;2277.0;1640.0;2930.0;5100.0;8810.0;1439.0;2201.0;-22.0;64.0;-94.0;239.0;DIESEL
1960.0;3420.0;5880.0;9930.0;1577.0;2317.0;1670.0;2980.0;5200.0;8930.0;1452.0;2223.0;-31.0;60.0;-94.0;240.0;DIESEL
1950.0;3400.0;5830.0;9850.0;1576.0;2316.0;1670.0;2970.0;5180.0;8930.0;1457.0;2225.0;-16.0;60.0;-94.0;240.0;DIESEL
1990.0;3460.0;5910.0;9930.0;1582.0;2327.0;1690.0;3010.0;5220.0;8970.0;1464.0;2240.0;-16.0;63.0;-102.0;240.0;DIESEL
1930.0;3380.0;5800.0;9780.0;1575.0;2332.0;1680.0;2960.0;5170.0;9020.0;1456.0;2251.0;-16.0;61.0;-104.0;244.0;DIESEL
1970.0;3440.0;5910.0;9930.0;1595.0;2332.0;1700.0;3020.0;5270.0;9080.0;1481.0;2262.0;-16.0;55.0;-104.0;245.0;DIESEL
2010.0;3530.0;6020.0;10100.0;1615.0;2381.0;1730.0;3100.0;5390.0;9190.0;1498.0;2288.0;-16.0;64.0;-102.0;245.0;DIESEL
1970.0;3470.0;5960.0;10050.0;1616.0;2365.0;1730.0;3090.0;5400.0;9280.0;1507.0;2301.0;-16.0;72.0;-104.0;246.0;DIESEL
1990.0;3480.0;5970.0;10120.0;1621.0;2378.0;1740.0;3080.0;5350.0;9150.0;1496.0;2288.0;-16.0;64.0;-104.0;252.0;DIESEL
2030.0;3550.0;6060.0;10180.0;1626.0;2387.0;1780.0;3150.0;5520.0;9400.0;1521.0;2312.0;-19.0;61.0;-105.0;257.0;DIESEL
2000.0;3490.0;6030.0;10150.0;1628.0;2394.0;1730.0;3070.0;5340.0;9220.0;1507.0;2317.0;-16.0;63.0;-96.0;251.0;DIESEL
2050.0;3550.0;6120.0;10250.0;1642.0;2414.0;1800.0;3180.0;5500.0;9490.0;1527.0;2336.0;-19.0;61.0;-97.0;258.0;DIESEL
2070.0;3590.0;6130.0;10310.0;1652.0;2414.0;1790.0;3170.0;5550.0;9470.0;1530.0;2331.0;-14.0;58.0;-96.0;251.0;DIESEL
2040.0;3550.0;6070.0;10210.0;1638.0;2404.0;1790.0;3140.0;5480.0;9300.0;1527.0;2333.0;-24.0;58.0;-97.0;251.0;DIESEL
2030.0;3540.0;6060.0;10120.0;1618.0;2392.0;1760.0;3100.0;5410.0;9260.0;1512.0;2323.0;-23.0;65.0;-97.0;265.0;DIESEL
2060.0;3590.0;6190.0;10370.0;1662.0;2437.0;1790.0;3170.0;5520.0;9520.0;1545.0;2349.0;-23.0;50.0;-97.0;255.0;DIESEL
2120.0;3710.0;6320.0;10620.0;1693.0;2471.0;1840.0;3270.0;5700.0;9680.0;1570.0;2385.0;-19.0;63.0;-102.0;265.0;DIESEL
2140.0;3710.0;6310.0;10590.0;1688.0;2485.0;1860.0;3280.0;5690.0;9880.0;1583.0;2401.0;-22.0;65.0;-102.0;263.0;DIESEL
2160.0;3750.0;6390.0;10690.0;1718.0;2488.0;1880.0;3300.0;5710.0;9760.0;1585.0;2414.0;-22.0;59.0;-102.0;269.0;DIESEL
2130.0;3700.0;6350.0;10660.0;1703.0;2495.0;1880.0;3330.0;5780.0;9800.0;1580.0;2414.0;-21.0;70.0;-102.0;263.0;DIESEL
2050.0;3580.0;6150.0;10400.0;1680.0;2483.0;1860.0;3280.0;5680.0;9760.0;1574.0;2414.0;-22.0;66.0;-104.0;264.0;DIESEL
2090.0;3650.0;6310.0;10610.0;1690.0;2492.0;1850.0;3280.0;5700.0;9800.0;1597.0;2417.0;-26.0;70.0;-109.0;269.0;DIESEL
2180.0;3780.0;6430.0;10780.0;1724.0;2519.0;1920.0;3380.0;5880.0;10000.0;1602.0;2442.0;-26.0;64.0;-109.0;272.0;DIESEL
2060.0;3580.0;6170.0;10420.0;1675.0;2477.0;1870.0;3310.0;5760.0;9820.0;1583.0;2404.0;-26.0;71.0;-109.0;266.0;DIESEL
2100.0;3650.0;6290.0;10590.0;1696.0;2500.0;1910.0;3340.0;5800.0;9870.0;1595.0;2422.0;-26.0;66.0;-109.0;277.0;DIESEL
2190.0;3780.0;6460.0;10840.0;1728.0;2524.0;1870.0;3300.0;5730.0;9840.0;1603.0;2451.0;-26.0;64.0;-106.0;275.0;DIESEL
2170.0;3770.0;6470.0;10860.0;1731.0;2543.0;1910.0;3370.0;5840.0;10020.0;1625.0;2472.0;-19.0;66.0;-104.0;274.0;DIESEL
2190.0;3810.0;6490.0;10910.0;1745.0;2549.0;1900.0;3350.0;5850.0;10030.0;1622.0;2468.0;-19.0;67.0;-104.0;280.0;DIESEL
2210.0;3840.0;6580.0;11080.0;1758.0;2564.0;1940.0;3420.0;5930.0;10160.0;1630.0;2487.0;-19.0;72.0;-103.0;286.0;DIESEL
2250.0;3910.0;6640.0;11100.0;1766.0;2584.0;1940.0;3400.0;5910.0;10130.0;1641.0;2499.0;-19.0;75.0;-106.0;287.0;DIESEL
2220.0;3870.0;6570.0;11080.0;1771.0;2599.0;2010.0;3510.0;6070.0;10250.0;1658.0;2515.0;-19.0;70.0;-106.0;278.0;DIESEL
2210.0;3850.0;6600.0;11050.0;1774.0;2583.0;1950.0;3420.0;5970.0;10240.0;1649.0;2513.0;-19.0;67.0;-112.0;286.0;DIESEL
2210.0;3850.0;6640.0;11150.0;1774.0;2582.0;1930.0;3430.0;5940.0;10220.0;1648.0;2507.0;-19.0;65.0;-114.0;289.0;DIESEL
2240.0;3870.0;6610.0;11120.0;1783.0;2620.0;1960.0;3460.0;5980.0;10230.0;1656.0;2539.0;-21.0;74.0;-114.0;285.0;DIESEL
2260.0;3930.0;6720.0;11200.0;1788.0;2609.0;2000.0;3500.0;6090.0;10360.0;1669.0;2540.0;-21.0;65.0;-114.0;287.0;DIESEL
2200.0;3810.0;6560.0;10980.0;1766.0;2586.0;1970.0;3480.0;5970.0;10270.0;1655.0;2512.0;-21.0;67.0;-112.0;289.0;DIESEL
2270.0;3960.0;6760.0;11320.0;1792.0;2637.0;1970.0;3470.0;6020.0;10290.0;1674.0;2551.0;-23.0;73.0;-114.0;292.0;DIESEL
2290.0;3940.0;6790.0;11360.0;1811.0;2644.0;1990.0;3530.0;6120.0;10420.0;1697.0;2565.0;-23.0;68.0;-111.0;291.0;DIESEL
2300.0;4020.0;6800.0;11460.0;1818.0;2669.0;2010.0;3550.0;6150.0;10500.0;1699.0;2588.0;-21.0;74.0;-111.0;287.0;DIESEL
2270.0;3960.0;6800.0;11380.0;1824.0;2657.0;2010.0;3490.0;6100.0;10410.0;1685.0;2566.0;-21.0;76.0;-111.0;293.0;DIESEL
2320.0;4020.0;6870.0;11470.0;1827.0;2675.0;2050.0;3620.0;6260.0;10650.0;1712.0;2604.0;-21.0;73.0;-113.0;293.0;DIESEL
2320.0;4020.0;6900.0;11560.0;1849.0;2690.0;2040.0;3570.0;6200.0;10500.0;1705.0;2598.0;-19.0;71.0;-111.0;299.0;DIESEL
2310.0;4010.0;6820.0;11430.0;1831.0;2691.0;2040.0;3610.0;6190.0;10600.0;1714.0;2597.0;-21.0;71.0;-113.0;299.0;DIESEL
2310.0;4010.0;6870.0;11580.0;1836.0;2699.0;2040.0;3610.0;6230.0;10700.0;1721.0;2612.0;-21.0;74.0;-113.0;296.0;DIESEL
2330.0;4010.0;6890.0;11600.0;1846.0;2696.0;2100.0;3690.0;6340.0;10790.0;1744.0;2621.0;-21.0;66.0;-113.0;298.0;DIESEL
2340.0;4070.0;6940.0;11540.0;1851.0;2704.0;2060.0;3610.0;6220.0;10580.0;1718.0;2610.0;-24.0;72.0;-114.0;303.0;DIESEL
2380.0;4120.0;7020.0;11730.0;1866.0;2722.0;2120.0;3690.0;6390.0;10850.0;1748.0;2645.0;-24.0;67.0;-114.0;297.0;DIESEL
2340.0;4080.0;6980.0;11740.0;1865.0;2743.0;2100.0;3680.0;6330.0;10800.0;1752.0;2662.0;-24.0;72.0;-114.0;300.0;DIESEL
2360.0;4090.0;6980.0;11660.0;1859.0;2737.0;2140.0;3750.0;6450.0;10920.0;1757.0;2660.0;-24.0;74.0;-114.0;303.0;DIESEL
2360.0;4090.0;6970.0;11720.0;1868.0;2737.0;2100.0;3690.0;6390.0;10820.0;1742.0;2655.0;-24.0;72.0;-114.0;308.0;DIESEL
2360.0;4080.0;6940.0;11720.0;1878.0;2745.0;2100.0;3700.0;6440.0;10920.0;1750.0;2661.0;-24.0;70.0;-121.0;312.0;DIESEL
2410.0;4170.0;7080.0;11870.0;1885.0;2757.0;2160.0;3790.0;6540.0;11130.0;1774.0;2684.0;-25.0;78.0;-123.0;307.0;DIESEL
2440.0;4230.0;7200.0;12070.0;1903.0;2780.0;2210.0;3850.0;6630.0;11160.0;1780.0;2700.0;-26.0;70.0;-123.0;312.0;DIESEL
2470.0;4270.0;7260.0;12070.0;1918.0;2782.0;2180.0;3830.0;6620.0;11200.0;1798.0;2705.0;-30.0;74.0;-124.0;310.0;DIESEL
2460.0;4240.0;7230.0;12060.0;1926.0;2798.0;2200.0;3850.0;6650.0;11240.0;1800.0;2728.0;-30.0;72.0;-124.0;314.0;DIESEL
2460.0;4270.0;7230.0;12120.0;1935.0;2819.0;2200.0;3850.0;6680.0;11260.0;1814.0;2724.0;-26.0;74.0;-124.0;304.0;DIESEL
2450.0;4230.0;7210.0;12140.0;1932.0;2816.0;2210.0;3880.0;6660.0;11260.0;1806.0;2732.0;-26.0;77.0;-125.0;320.0;DIESEL
2490.0;4300.0;7310.0;12210.0;1940.0;2818.0;2220.0;3910.0;6750.0;11430.0;1818.0;2742.0;-26.0;73.0;-125.0;317.0;DIESEL
2500.0;4280.0;7270.0;12160.0;1935.0;2809.0;2210.0;3890.0;6670.0;11330.0;1820.0;2751.0;-26.0;73.0;-125.0;312.0;DIESEL
2520.0;4330.0;7390.0;12290.0;1951.0;2836.0;2220.0;3890.0;6670.0;11320.0;1814.0;2757.0;-24.0;77.0;-125.0;315.0;DIESEL
2470.0;4260.0;7250.0;12100.0;1938.0;2821.0;2200.0;3840.0;6610.0;11290.0;1821.0;2751.0;-26.0;75.0;-128.0;322.0;DIESEL
2460.0;4230.0;7210.0;12120.0;1941.0;2824.0;2240.0;3940.0;6740.0;11350.0;1812.0;2749.0;-27.0;79.0;-127.0;314.0;DIESEL
2480.0;4280.0;7320.0;12200.0;1939.0;2825.0;2270.0;3950.0;6770.0;11380.0;1825.0;2743.0;-29.0;74.0;-128.0;323.0;DIESEL
2560.0;4380.0;7430.0;12400.0;1967.0;2866.0;2260.0;3950.0;6720.0;11430.0;1826.0;2774.0;-27.0;77.0;-127.0;323.0;DIESEL
2550.0;4380.0;7450.0;12410.0;1971.0;2874.0;2260.0;3950.0;6770.0;11500.0;1853.0;2784.0;-27.0;75.0;-127.0;324.0;DIESEL
2540.0;4390.0;7410.0;12380.0;1976.0;2870.0;2320.0;4020.0;6900.0;11630.0;1861.0;2794.0;-27.0;76.0;-127.0;323.0;DIESEL
2520.0;4350.0;7380.0;12360.0;1960.0;2859.0;2280.0;4010.0;6890.0;11640.0;1842.0;2802.0;-27.0;73.0;-127.0;327.0;DIESEL
2560.0;4410.0;7460.0;12530.0;1989.0;2895.0;2290.0;4010.0;6880.0;11650.0;1868.0;2820.0;-27.0;78.0;-127.0;325.0;DIESEL
2560.0;4400.0;7490.0;12540.0;1983.0;2889.0;2280.0;3970.0;6810.0;11550.0;1869.0;2806.0;-27.0;83.0;-128.0;321.0;DIESEL
2530.0;4360.0;7400.0;12400.0;1969.0;2871.0;2330.0;4050.0;6910.0;11680.0;1871.0;2795.0;-30.0;77.0;-128.0;335.0;DIESEL
2580.0;4430.0;7550.0;12620.0;2002.0;2895.0;2290.0;3970.0;6840.0;11620.0;1864.0;2812.0;-32.0;82.0;-132.0;327.0;DIESEL
2610.0;4500.0;7580.0;12680.0;2000.0;2916.0;2290.0;4000.0;6900.0;11630.0;1874.0;2825.0;-32.0;80.0;-132.0;324.0;DIESEL
2580.0;4440.0;7520.0;12500.0;1986.0;2903.0;2280.0;3960.0;6850.0;11630.0;1859.0;2823.0;-32.0;80.0;-127.0;329.0;DIESEL
2570.0;4410.0;7490.0;12540.0;1998.0;2910.0;2320.0;4030.0;6910.0;11690.0;1875.0;2822.0;-24.0;71.0;-123.0;325.0;DIESEL
2590.0;4430.0;7540.0;12560.0;1995.0;2915.0;2330.0;4040.0;6910.0;11700.0;1881.0;2840.0;-24.0;81.0;-123.0;328.0;DIESEL
2590.0;4450.0;7560.0;12620.0;2005.0;2919.0;2320.0;4040.0;6920.0;11700.0;1877.0;2845.0;-20.0;76.0;-123.0;324.0;DIESEL
2570.0;4430.0;7550.0;12630.0;2008.0;2945.0;2370.0;4110.0;7040.0;11890.0;1897.0;2857.0;-20.0;80.0;-124.0;328.0;DIESEL
2560.0;4410.0;7490.0;12510.0;2002.0;2924.0;2320.0;4030.0;7010.0;11820.0;1891.0;2871.0;-25.0;83.0;-127.0;336.0;DIESEL
2630.0;4530.0;7680.0;12840.0;2029.0;2947.0;2350.0;4080.0;7040.0;11870.0;1909.0;2868.0;-33.0;77.0;-132.0;335.0;DIESEL
2650.0;4540.0;7680.0;12820.0;2034.0;2960.0;2390.0;4180.0;7120.0;12030.0;1907.0;2876.0;-33.0;78.0;-133.0;338.0;DIESEL
2590.0;4450.0;7550.0;12650.0;2009.0;2935.0;2400.0;4180.0;7090.0;11920.0;1898.0;2884.0;-33.0;80.0;-135.0;333.0;DIESEL
2670.0;4590.0;7740.0;12870.0;2031.0;2965.0;2420.0;4190.0;7150.0;12000.0;1917.0;2897.0;-31.0;82.0;-137.0;338.0;DIESEL
2660.0;4570.0;7740.0;12850.0;2034.0;2972.0;2400.0;4160.0;7110.0;12000.0;1914.0;2888.0;-31.0;72.0;-137.0;335.0;DIESEL
2620.0;4500.0;7670.0;12770.0;2025.0;2963.0;2360.0;4110.0;7040.0;11850.0;1902.0;2870.0;-30.0;81.0;-140.0;332.0;DIESEL
2640.0;4520.0;7660.0;12770.0;2026.0;2957.0;2360.0;4100.0;7000.0;11880.0;1909.0;2886.0;-31.0;81.0;-141.0;336.0;DIESEL
2680.0;4580.0;7770.0;12920.0;2048.0;2973.0;2420.0;4220.0;7220.0;12110.0;1933.0;2903.0;-30.0;80.0;-141.0;331.0;DIESEL
2680.0;4600.0;7780.0;12960.0;2053.0;2980.0;2440.0;4210.0;7200.0;12020.0;1938.0;2900.0;-30.0;78.0;-140.0;344.0;DIESEL
2690.0;4600.0;7820.0;13020.0;2061.0;2992.0;2460.0;4230.0;7180.0;12100.0;1940.0;2899.0;-28.0;82.0;-134.0;344.0;DIESEL
2680.0;4610.0;7770.0;12930.0;2046.0;3002.0;2440.0;4230.0;7240.0;12130.0;1939.0;2921.0;-28.0;85.0;-134.0;344.0;DIESEL
2700.0;4640.0;7830.0;13030.0;2071.0;3008.0;2450.0;4230.0;7190.0;12120.0;1949.0;2929.0;-27.0;75.0;-134.0;343.0;DIESEL
2670.0;4590.0;7740.0;12980.0;2059.0;3014.0;2470.0;4260.0;7280.0;12210.0;1940.0;2940.0;-26.0;75.0;-131.0;341.0;DIESEL
2710.0;4670.0;7880.0;13170.0;2072.0;3029.0;2470.0;4290.0;7340.0;12330.0;1965.0;2970.0;-26.0;83.0;-134.0;350.0;DIESEL
2750.0;4700.0;7960.0;13250.0;2094.0;3041.0;2500.0;4330.0;7350.0;12340.0;1972.0;2977.0;-23.0;89.0;-134.0;351.0;DIESEL
2740.0;4700.0;7950.0;13240.0;2097.0;3056.0;2500.0;4330.0;7370.0;12390.0;1979.0;2980.0;-23.0;86.0;-134.0;343.0;DIESEL
2770.0;4740.0;8020.0;13360.0;2110.0;3063.0;2510.0;4320.0;7400.0;12480.0;1987.0;2986.0;-23.0;86.0;-137.0;352.0;DIESEL
2800.0;4790.0;8100.0;13480.0;2127.0;3088.0;2540.0;4390.0;7480.0;12500.0;1994.0;3012.0;-24.0;85.0;-137.0;342.0;DIESEL
2820.0;4830.0;8130.0;13460.0;2146.0;3107.0;2560.0;4410.0;7510.0;12700.0;2011.0;3031.0;-24.0;83.0;-137.0;349.0;DIESEL
2790.0;4770.0;8060.0;13470.0;2125.0;3096.0;2570.0;4450.0;7560.0;12670.0;2019.0;3022.0;-30.0;89.0;-144.0;349.0;DIESEL
2800.0;4760.0;8110.0;13480.0;2135.0;3112.0;2570.0;4430.0;7530.0;12640.0;2021.0;3044.0;-24.0;82.0;-137.0;357.0;DIESEL
2860.0;4860.0;8190.0;13670.0;2158.0;3115.0;2590.0;4490.0;7660.0;12770.0;2020.0;3042.0;-30.0;79.0;-144.0;356.0;DIESEL
2850.0;4890.0;8210.0;13610.0;2148.0;3112.0;2600.0;4490.0;7600.0;12740.0;2017.0;3043.0;-36.0;83.0;-144.0;350.0;DIESEL
2850.0;4880.0;8240.0;13670.0;2148.0;3130.0;2630.0;4510.0;7660.0;12850.0;2041.0;3061.0;-37.0;83.0;-145.0;363.0;DIESEL
2860.0;4870.0;8220.0;13650.0;2155.0;3135.0;2620.0;4510.0;7650.0;12850.0;2046.0;3064.0;-36.0;86.0;-144.0;354.0;DIESEL
2870.0;4880.0;8240.0;13730.0;2180.0;3152.0;2590.0;4490.0;7650.0;12840.0;2048.0;3074.0;-36.0;91.0;-147.0;354.0;DIESEL
2860.0;4890.0;8260.0;13710.0;2159.0;3147.0;2640.0;4530.0;7710.0;12890.0;2049.0;3089.0;-35.0;90.0;-146.0;360.0;DIESEL
2920.0;4980.0;8370.0;13890.0;2194.0;3175.0;2630.0;4520.0;7710.0;12870.0;2056.0;3095.0;-30.0;85.0;-146.0;354.0;DIESEL
2890.0;4910.0;8270.0;13820.0;2184.0;3162.0;2630.0;4540.0;7740.0;12930.0;2057.0;3083.0;-30.0;74.0;-146.0;357.0;DIESEL
2870.0;4910.0;8280.0;13820.0;2179.0;3175.0;2580.0;4470.0;7610.0;12780.0;2036.0;3081.0;-30.0;84.0;-146.0;356.0;DIESEL
2920.0;4990.0;8370.0;13830.0;2185.0;3173.0;2610.0;4520.0;7650.0;12940.0;2064.0;3094.0;-30.0;87.0;-145.0;351.0;DIESEL
2880.0;4890.0;8240.0;13730.0;2161.0;3162.0;2600.0;4510.0;7640.0;12850.0;2052.0;3079.0;-30.0;79.0;-145.0;360.0;DIESEL
2900.0;4950.0;8350.0;13860.0;2188.0;3161.0;2640.0;4550.0;7720.0;12960.0;2067.0;3093.0;-30.0;91.0;-145.0;350.0;DIESEL
2920.0;4960.0;8330.0;13910.0;2205.0;3181.0;2690.0;4650.0;7880.0;13120.0;2068.0;3103.0;-30.0;92.0;-145.0;359.0;DIESEL
2910.0;4960.0;8360.0;13960.0;2208.0;3195.0;2670.0;4640.0;7890.0;13180.0;2085.0;3125.0;-30.0;84.0;-145.0;360.0;DIESEL
2960.0;5070.0;8520.0;14040.0;2216.0;3211.0;2690.0;4640.0;7860.0;13170.0;2099.0;3139.0;-31.0;80.0;-149.0;360.0;DIESEL
2950.0;5030.0;8470.0;14090.0;2224.0;3233.0;2740.0;4680.0;7950.0;13240.0;2101.0;3148.0;-31.0;92.0;-143.0;363.0;DIESEL
3000.0;5100.0;8580.0;14130.0;2232.0;3238.0;2720.0;4680.0;7940.0;13270.0;2099.0;3171.0;-29.0;87.0;-143.0;360.0;DIESEL
2930.0;5010.0;8440.0;14070.0;2229.0;3219.0;2690.0;4630.0;7870.0;13190.0;2102.0;3148.0;-29.0;91.0;-143.0;362.0;DIESEL
2960.0;5040.0;8490.0;14090.0;2218.0;3220.0;2740.0;4720.0;7930.0;13240.0;2109.0;3149.0;-28.0;85.0;-142.0;368.0;DIESEL
2960.0;5050.0;8500.0;14110.0;2225.0;3222.0;2700.0;4650.0;7870.0;13240.0;2103.0;3161.0;-28.0;86.0;-142.0;358.0;DIESEL
3010.0;5100.0;8620.0;14260.0;2230.0;3247.0;2770.0;4780.0;8080.0;13370.0;2115.0;3167.0;-28.0;84.0;-142.0;366.0;DIESEL
3000.0;5120.0;8600.0;14220.0;2237.0;3239.0;2700.0;4650.0;7880.0;13220.0;2105.0;3167.0;-28.0;87.0;-144.0;369.0;DIESEL
2970.0;5090.0;8570.0;14230.0;2241.0;3233.0;2730.0;4680.0;7960.0;13240.0;2114.0;3178.0;-28.0;82.0;-144.0;364.0;DIESEL
3030.0;5130.0;8640.0;14280.0;2243.0;3253.0;2760.0;4750.0;8050.0;13390.0;2118.0;3188.0;-32.0;87.0;-146.0;368.0;DIESEL
3020.0;5160.0;8640.0;14370.0;2243.0;3253.0;2770.0;4760.0;8030.0;13420.0;2124.0;3176.0;-36.0;82.0;-151.0;370.0;DIESEL
3040.0;5170.0;8700.0;14330.0;2264.0;3282.0;2780.0;4780.0;8090.0;13580.0;2137.0;3184.0;-36.0;87.0;-153.0;369.0;DIESEL
3010.0;5120.0;8610.0;14340.0;2255.0;3270.0;2770.0;4740.0;7980.0;13400.0;2134.0;3193.0;-36.0;87.0;-154.0;368.0;DIESEL
3070.0;5210.0;8750.0;14480.0;2269.0;3287.0;2790.0;4780.0;8120.0;13600.0;2154.0;3216.0;-36.0;89.0;-154.0;360.0;DIESEL
3040.0;5160.0;8670.0;14420.0;2275.0;3298.0;2770.0;4780.0;8090.0;13510.0;2145.0;3223.0;-36.0;89.0;-155.0;366.0;DIESEL
3070.0;5230.0;8780.0;14460.0;2281.0;3306.0;2850.0;4900.0;8270.0;13730.0;2180.0;3241.0;-36.0;85.0;-155.0;370.0;DIESEL
3080.0;5230.0;8750.0;14460.0;2286.0;3312.0;2810.0;4850.0;8210.0;13610.0;2161.0;3241.0;-37.0;87.0;-155.0;366.0;DIESEL
3070.0;5230.0;8760.0;14490.0;2276.0;3307.0;2760.0;4780.0;8140.0;13570.0;2161.0;3235.0;-43.0;94.0;-159.0;365.0;DIESEL
3070.0;5240.0;8790.0;14580.0;2287.0;3322.0;2860.0;4890.0;8250.0;13700.0;2170.0;3247.0;-43.0;96.0;-154.0;375.0;DIESEL
3090.0;5230.0;8790.0;14620.0;2315.0;3330.0;2870.0;4880.0;8250.0;13730.0;2176.0;3229.0;-37.0;90.0;-151.0;380.0;DIESEL
3120.0;5300.0;8860.0;14660.0;2301.0;3339.0;2890.0;4970.0;8320.0;13860.0;2184.0;3272.0;-39.0;85.0;-154.0;376.0;DIESEL
3110.0;5310.0;8930.0;14780.0;2311.0;3344.0;2870.0;4950.0;8320.0;13840.0;2185.0;3256.0;-34.0;89.0;-151.0;375.0;DIESEL
3150.0;5320.0;8940.0;14760.0;2316.0;3359.0;2890.0;4950.0;8350.0;13870.0;2185.0;3266.0;-34.0;91.0;-151.0;378.0;DIESEL
3170.0;5380.0;9030.0;14860.0;2335.0;3369.0;2870.0;4910.0;8340.0;13950.0;2212.0;3286.0;-34.0;95.0;-151.0;371.0;DIESEL
3190.0;5400.0;9030.0;14910.0;2336.0;3381.0;2860.0;4920.0;8300.0;13830.0;2198.0;3298.0;-34.0;92.0;-153.0;372.0;DIESEL
3200.0;5410.0;9060.0;14890.0;2350.0;3390.0;2920.0;4990.0;8420.0;13970.0;2213.0;3304.0;-34.0;89.0;-153.0;374.0;DIESEL
3200.0;5440.0;9070.0;15030.0;2359.0;3399.0;2890.0;4990.0;8420.0;14020.0;2231.0;3327.0;-35.0;84.0;-153.0;375.0;DIESEL
3120.0;5290.0;8940.0;14740.0;2318.0;3365.0;2920.0;4960.0;8400.0;14010.0;2208.0;3303.0;-35.0;83.0;-153.0;377.0;DIESEL
3210.0;5440.0;9040.0;14910.0;2349.0;3385.0;2950.0;5030.0;8480.0;14060.0;2215.0;3315.0;-35.0;83.0;-157.0;376.0;DIESEL
3220.0;5440.0;9110.0;14940.0;2344.0;3400.0;2900.0;4960.0;8340.0;13920.0;2212.0;3309.0;-36.0;87.0;-159.0;378.0;DIESEL
3190.0;5400.0;9040.0;14910.0;2342.0;3391.0;2940.0;4980.0;8360.0;13940.0;2207.0;3321.0;-36.0;87.0;-159.0;377.0;DIESEL
3200.0;5440.0;9110.0;15080.0;2363.0;3407.0;2980.0;5100.0;8520.0;14100.0;2228.0;3328.0;-37.0;85.0;-159.0;381.0;DIESEL
3210.0;5450.0;9110.0;15040.0;2364.0;3405.0;2920.0;4980.0;8410.0;14020.0;2230.0;3332.0;-38.0;87.0;-158.0;378.0;DIESEL
3220.0;5450.0;9130.0;15100.0;2353.0;3416.0;2960.0;5070.0;8520.0;14180.0;2241.0;3337.0;-38.0;96.0;-158.0;378.0;DIESEL
3220.0;5460.0;9130.0;15070.0;2363.0;3417.0;2980.0;5070.0;8490.0;14120.0;2243.0;3337.0;-37.0;82.0;-157.0;382.0;DIESEL
3230.0;5450.0;9130.0;15060.0;2354.0;3417.0;2950.0;5070.0;8500.0;14150.0;2242.0;3349.0;-36.0;80.0;-152.0;380.0;DIESEL
3210.0;5440.0;9100.0;15070.0;2368.0;3423.0;2940.0;5020.0;8490.0;14120.0;2237.0;3333.0;-36.0;89.0;-157.0;371.0;DIESEL
3220.0;5420.0;9060.0;14980.0;2358.0;3412.0;2960.0;5070.0;8540.0;14140.0;2235.0;3346.0;-31.0;95.0;-151.0;380.0;DIESEL
3210.0;5430.0;9070.0;15030.0;2364.0;3433.0;2980.0;5100.0;8600.0;14260.0;2254.0;3353.0;-31.0;86.0;-152.0;389.0;DIESEL
3260.0;5510.0;9180.0;15180.0;2373.0;3449.0;2970.0;5080.0;8540.0;14260.0;2240.0;3370.0;-31.0;97.0;-152.0;385.0;DIESEL
3260.0;5520.0;9280.0;15300.0;2399.0;3474.0;3030.0;5150.0;8650.0;14360.0;2278.0;3409.0;-34.0;87.0;-157.0;385.0;DIESEL
3330.0;5600.0;9380.0;15380.0;2427.0;3494.0;3100.0;5240.0;8790.0;14590.0;2289.0;3405.0;-34.0;91.0;-157.0;388.0;DIESEL
3330.0;5600.0;9390.0;15480.0;2419.0;3494.0;3100.0;5280.0;8820.0;14490.0;2289.0;3414.0;-34.0;88.0;-157.0;384.0;DIESEL
3340.0;5640.0;9420.0;15550.0;2434.0;3511.0;3080.0;5250.0;8800.0;14630.0;2298.0;3430.0;-34.0;84.0;-158.0;387.0;DIESEL
3350.0;5630.0;9410.0;15540.0;2440.0;3527.0;3100.0;5260.0;8830.0;14580.0;2308.0;3449.0;-34.0;98.0;-158.0;382.0;DIESEL
3330.0;5650.0;9460.0;15500.0;2434.0;3512.0;3060.0;5220.0;8820.0;14640.0;2310.0;3437.0;-33.0;94.0;-158.0;383.0;DIESEL
3410.0;5720.0;9540.0;15630.0;2434.0;3513.0;3060.0;5220.0;8790.0;14660.0;2306.0;3435.0;-31.0;96.0;-158.0;387.0;DIESEL
3380.0;5660.0;9510.0;15580.0;2438.0;3517.0;3110.0;5310.0;8880.0;14700.0;2310.0;3451.0;-33.0;97.0;-161.0;386.0;DIESEL
3340.0;5650.0;9410.0;15520.0;2441.0;3516.0;3050.0;5190.0;8720.0;14610.0;2306.0;3448.0;-37.0;87.0;-164.0;384.0;DIESEL
3380.0;5730.0;9520.0;15710.0;2454.0;3532.0;3070.0;5250.0;8860.0;14710.0;2323.0;3457.0;-38.0;100.0;-161.0;386.0;DIESEL
3390.0;5700.0;9510.0;15660.0;2461.0;3530.0;3080.0;5260.0;8840.0;14650.0;2310.0;3431.0;-38.0;92.0;-163.0;383.0;DIESEL
3380.0;5680.0;9550.0;15660.0;2451.0;3547.0;3100.0;5250.0;8820.0;14690.0;2323.0;3444.0;-38.0;93.0;-163.0;383.0;DIESEL
3350.0;5680.0;9480.0;15570.0;2446.0;3551.0;3100.0;5280.0;8840.0;14670.0;2326.0;3462.0;-35.0;83.0;-161.0;380.0;DIESEL
3390.0;5740.0;9550.0;15740.0;2460.0;3535.0;3150.0;5350.0;9000.0;14830.0;2340.0;3463.0;-34.0;92.0;-161.0;390.0;DIESEL
3390.0;5720.0;9540.0;15640.0;2461.0;3548.0;3100.0;5290.0;8850.0;14750.0;2317.0;3469.0;-32.0;93.0;-158.0;386.0;DIESEL
3370.0;5700.0;9490.0;15590.0;2451.0;3553.0;3110.0;5300.0;8850.0;14670.0;2330.0;3473.0;-32.0;92.0;-158.0;390.0;DIESEL
3440.0;5780.0;9650.0;15800.0;2478.0;3563.0;3120.0;5310.0;8910.0;14860.0;2318.0;3481.0;-32.0;84.0;-168.0;386.0;DIESEL
3440.0;5800.0;9650.0;15880.0;2488.0;3585.0;3190.0;5400.0;9040.0;14980.0;2352.0;3491.0;-32.0;84.0;-168.0;387.0;DIESEL
3410.0;5750.0;9600.0;15770.0;2478.0;3585.0;3170.0;5380.0;8990.0;14880.0;2344.0;3495.0;-32.0;93.0;-158.0;387.0;DIESEL
3440.0;5810.0;9690.0;15850.0;2480.0;3584.0;3190.0;5440.0;9070.0;14970.0;2352.0;3516.0;-35.0;89.0;-166.0;389.0;DIESEL
3400.0;5720.0;9570.0;15790.0;2464.0;3587.0;3150.0;5340.0;9010.0;14910.0;2357.0;3502.0;-34.0;91.0;-164.0;387.0;DIESEL
3510.0;5910.0;9790.0;16040.0;2493.0;3600.0;3230.0;5460.0;9160.0;15210.0;2372.0;3535.0;-34.0;100.0;-162.0;389.0;DIESEL
3490.0;5850.0;9780.0;16100.0;2516.0;3625.0;3250.0;5520.0;9200.0;15210.0;2382.0;3540.0;-38.0;84.0;-164.0;394.0;DIESEL
3470.0;5840.0;9750.0;16000.0;2507.0;3634.0;3210.0;5480.0;9130.0;15090.0;2383.0;3531.0;-38.0;91.0;-166.0;392.0;DIESEL
3490.0;5880.0;9830.0;16110.0;2523.0;3635.0;3230.0;5490.0;9210.0;15130.0;2391.0;3556.0;-38.0;93.0;-164.0;390.0;DIESEL
3540.0;5940.0;9880.0;16190.0;2531.0;3664.0;3310.0;5580.0;9320.0;15360.0;2411.0;3564.0;-38.0;96.0;-170.0;395.0;DIESEL
3540.0;5950.0;9900.0;16210.0;2538.0;3681.0;3280.0;5550.0;9290.0;15410.0;2413.0;3581.0;-39.0;92.0;-172.0;395.0;DIESEL
3530.0;5950.0;9910.0;16270.0;2543.0;3657.0;3240.0;5500.0;9180.0;15210.0;2394.0;3571.0;-39.0;93.0;-170.0;395.0;DIESEL
3530.0;5920.0;9890.0;16280.0;2545.0;3649.0;3250.0;5520.0;9230.0;15240.0;2402.0;3581.0;-39.0;89.0;-170.0;393.0;DIESEL
3560.0;5970.0;9900.0;16220.0;2539.0;3663.0;3260.0;5490.0;9190.0;15130.0;2401.0;3570.0;-39.0;98.0;-170.0;389.0;DIESEL
3520.0;5920.0;9910.0;16240.0;2549.0;3672.0;3250.0;5500.0;9250.0;15240.0;2412.0;3580.0;-38.0;88.0;-169.0;392.0;DIESEL
3500.0;5940.0;9890.0;16230.0;2527.0;3670.0;3240.0;5500.0;9220.0;15140.0;2400.0;3590.0;-36.0;95.0;-167.0;394.0;DIESEL
3500.0;5880.0;9870.0;16190.0;2531.0;3654.0;3240.0;5510.0;9240.0;15360.0;2420.0;3576.0;-36.0;94.0;-166.0;398.0;DIESEL
3560.0;5970.0;9910.0;16170.0;2531.0;3652.0;3260.0;5550.0;9270.0;15250.0;2406.0;3571.0;-36.0;92.0;-166.0;394.0;DIESEL
3540.0;5970.0;9930.0;16260.0;2535.0;3678.0;3220.0;5510.0;9260.0;15330.0;2406.0;3594.0;-33.0;89.0;-166.0;388.0;DIESEL
3550.0;5980.0;9930.0;16330.0;2554.0;3685.0;3290.0;5580.0;9330.0;15470.0;2429.0;3596.0;-36.0;93.0;-165.0;390.0;DIESEL
3610.0;6070.0;10050.0;16430.0;2559.0;3693.0;3280.0;5570.0;9300.0;15400.0;2429.0;3607.0;-37.0;91.0;-165.0;397.0;DIESEL
3570.0;5990.0;9950.0;16340.0;2565.0;3711.0;3300.0;5570.0;9360.0;15520.0;2437.0;3634.0;-36.0;93.0;-165.0;389.0;DIESEL
3570.0;6020.0;10010.0;16450.0;2579.0;3712.0;3260.0;5570.0;9360.0;15460.0;2445.0;3625.0;-36.0;86.0;-165.0;395.0;DIESEL
3600.0;6080.0;10100.0;16550.0;2574.0;3704.0;3360.0;5670.0;9420.0;15520.0;2444.0;3617.0;-36.0;91.0;-165.0;396.0;DIESEL
3620.0;6110.0;10130.0;16540.0;2585.0;3720.0;3320.0;5630.0;9430.0;15630.0;2454.0;3638.0;-37.0;94.0;-165.0;399.0;DIESEL
3620.0;6090.0;10120.0;16600.0;2593.0;3731.0;3330.0;5660.0;9490.0;15640.0;2466.0;3644.0;-37.0;92.0;-169.0;397.0;DIESEL
3590.0;6070.0;10070.0;16510.0;2582.0;3741.0;3340.0;5670.0;9490.0;15720.0;2466.0;3665.0;-37.0;95.0;-169.0;391.0;DIESEL
3640.0;6120.0;10240.0;16780.0;2609.0;3768.0;3400.0;5730.0;9570.0;15870.0;2481.0;3682.0;-37.0;94.0;-171.0;389.0;DIESEL
3650.0;6130.0;10210.0;16690.0;2618.0;3757.0;3400.0;5750.0;9590.0;15720.0;2465.0;3684.0;-37.0;92.0;-171.0;393.0;DIESEL
3690.0;6190.0;10260.0;16760.0;2615.0;3769.0;3370.0;5730.0;9540.0;15770.0;2500.0;3694.0;-37.0;85.0;-171.0;403.0;DIESEL
3690.0;6180.0;10270.0;16830.0;2625.0;3777.0;3430.0;5790.0;9650.0;15890.0;2493.0;3706.0;-36.0;90.0;-172.0;399.0;DIESEL
3680.0;6180.0;10270.0;16900.0;2628.0;3787.0;3410.0;5780.0;9670.0;15890.0;2488.0;3697.0;-36.0;101.0;-172.0;405.0;DIESEL
3660.0;6130.0;10190.0;16730.0;2619.0;3758.0;3340.0;5670.0;9480.0;15650.0;2467.0;3696.0;-36.0;92.0;-172.0;400.0;DIESEL
3670.0;6170.0;10230.0;16830.0;2618.0;3794.0;3440.0;5830.0;9740.0;15970.0;2508.0;3702.0;-35.0;89.0;-172.0;396.0;DIESEL
3710.0;6210.0;10380.0;16910.0;2632.0;3793.0;3430.0;5790.0;9680.0;15980.0;2501.0;3709.0;-35.0;94.0;-172.0;399.0;DIESEL
3710.0;6210.0;10300.0;16860.0;2629.0;3803.0;3460.0;5870.0;9750.0;15980.0;2505.0;3739.0;-36.0;88.0;-172.0;413.0;DIESEL
3710.0;6240.0;10370.0;16920.0;2638.0;3806.0;3420.0;5800.0;9640.0;15950.0;2514.0;3725.0;-36.0;92.0;-170.0;402.0;DIESEL
3710.0;6220.0;10310.0;16950.0;2657.0;3810.0;3450.0;5870.0;9770.0;16090.0;2508.0;3721.0;-34.0;102.0;-167.0;406.0;DIESEL
3720.0;6230.0;10370.0;16950.0;2644.0;3815.0;3460.0;5800.0;9730.0;16100.0;2509.0;3731.0;-34.0;101.0;-167.0;403.0;DIESEL
3730.0;6240.0;10350.0;16950.0;2642.0;3818.0;3450.0;5830.0;9690.0;15960.0;2504.0;3745.0;-34.0;96.0;-167.0;403.0;DIESEL
3750.0;6270.0;10440.0;16940.0;2647.0;3814.0;3480.0;5880.0;9800.0;16190.0;2525.0;3749.0;-34.0;95.0;-170.0;397.0;DIESEL
3740.0;6280.0;10390.0;17050.0;2655.0;3828.0;3440.0;5840.0;9730.0;15990.0;2522.0;3747.0;-39.0;83.0;-174.0;403.0;DIESEL
3790.0;6340.0;10510.0;17160.0;2671.0;3840.0;3470.0;5880.0;9770.0;16090.0;2538.0;3771.0;-39.0;98.0;-176.0;402.0;DIESEL
3770.0;6320.0;10490.0;17140.0;2678.0;3853.0;3550.0;5990.0;9970.0;16390.0;2556.0;3786.0;-39.0;92.0;-177.0;406.0;DIESEL
3790.0;6330.0;10540.0;17190.0;2682.0;3865.0;3450.0;5850.0;9800.0;16220.0;2543.0;3774.0;-41.0;97.0;-177.0;407.0;DIESEL
3800.0;6320.0;10510.0;17170.0;2673.0;3871.0;3520.0;5920.0;9880.0;16220.0;2548.0;3783.0;-38.0;96.0;-177.0;398.0;DIESEL
3790.0;6360.0;10520.0;17200.0;2686.0;3872.0;3480.0;5870.0;9830.0;16290.0;2545.0;3783.0;-38.0;95.0;-177.0;399.0;DIESEL
3810.0;6390.0;10540.0;17330.0;2693.0;3876.0;3470.0;5890.0;9810.0;16260.0;2563.0;3794.0;-39.0;98.0;-176.0;400.0;DIESEL
3810.0;6400.0;10560.0;17250.0;2689.0;3880.0;3480.0;5900.0;9840.0;16250.0;2562.0;3787.0;-43.0;92.0;-173.0;404.0;DIESEL
3780.0;6330.0;10500.0;17270.0;2681.0;3868.0;3500.0;5950.0;9910.0;16280.0;2553.0;3770.0;-39.0;96.0;-169.0;402.0;DIESEL
3780.0;6340.0;10480.0;17260.0;2689.0;3873.0;3500.0;5930.0;9910.0;16270.0;2555.0;3799.0;-39.0;94.0;-172.0;398.0;DIESEL
3860.0;6460.0;10700.0;17400.0;2700.0;3887.0;3550.0;5990.0;9970.0;16430.0;2574.0;3806.0;-43.0;92.0;-172.0;407.0;DIESEL
3830.0;6420.0;10680.0;17370.0;2704.0;3888.0;3530.0;5980.0;9980.0;16400.0;2576.0;3816.0;-43.0;98.0;-172.0;393.0;DIESEL
3840.0;6430.0;10690.0;17400.0;2705.0;3899.0;3570.0;6000.0;10030.0;16470.0;2575.0;3804.0;-35.0;94.0;-179.0;404.0;DIESEL
3860.0;6440.0;10680.0;17460.0;2713.0;3904.0;3550.0;6020.0;10010.0;16500.0;2585.0;3829.0;-43.0;92.0;-182.0;398.0;DIESEL
3870.0;6470.0;10730.0;17470.0;2712.0;3924.0;3590.0;6040.0;10070.0;16590.0;2592.0;3845.0;-43.0;87.0;-185.0;402.0;DIESEL
3860.0;6460.0;10710.0;17440.0;2720.0;3933.0;3600.0;6060.0;10120.0;16530.0;2593.0;3827.0;-47.0;91.0;-183.0;404.0;DIESEL
3890.0;6510.0;10750.0;17570.0;2725.0;3928.0;3620.0;6090.0;10090.0;16700.0;2607.0;3849.0;-43.0;103.0;-183.0;403.0;DIESEL
3870.0;6510.0;10770.0;17620.0;2737.0;3934.0;3630.0;6110.0;10150.0;16630.0;2592.0;3860.0;-43.0;98.0;-183.0;407.0;DIESEL
3880.0;6520.0;10740.0;17560.0;2726.0;3925.0;3650.0;6130.0;10170.0;16740.0;2606.0;3866.0;-47.0;94.0;-183.0;403.0;DIESEL
3930.0;6550.0;10840.0;17670.0;2745.0;3942.0;3570.0;6050.0;10100.0;16600.0;2614.0;3873.0;-44.0;98.0;-183.0;405.0;DIESEL
3980.0;6600.0;10930.0;17740.0;2761.0;3969.0;3650.0;6140.0;10240.0;16790.0;2623.0;3882.0;-37.0;92.0;-182.0;401.0;DIESEL
3890.0;6540.0;10780.0;17570.0;2759.0;3957.0;3670.0;6160.0;10260.0;16800.0;2621.0;3864.0;-43.0;98.0;-182.0;398.0;DIESEL
3920.0;6580.0;10860.0;17710.0;2757.0;3962.0;3670.0;6180.0;10280.0;16780.0;2614.0;3860.0;-43.0;96.0;-184.0;405.0;DIESEL
3930.0;6550.0;10820.0;17740.0;2766.0;3975.0;3600.0;6080.0;10110.0;16720.0;2632.0;3874.0;-39.0;90.0;-182.0;406.0;DIESEL
3950.0;6630.0;10960.0;17870.0;2772.0;3993.0;3650.0;6130.0;10190.0;16790.0;2633.0;3900.0;-33.0;92.0;-173.0;403.0;DIESEL
3960.0;6610.0;10910.0;17780.0;2786.0;4000.0;3620.0;6120.0;10220.0;16830.0;2636.0;3933.0;-33.0;93.0;-177.0;401.0;DIESEL
3960.0;6630.0;10960.0;17900.0;2788.0;3998.0;3650.0;6150.0;10250.0;16900.0;2626.0;3908.0;-33.0;90.0;-177.0;403.0;DIESEL
3980.0;6640.0;11020.0;17940.0;2800.0;3993.0;3670.0;6190.0;10290.0;16830.0;2640.0;3919.0;-33.0;100.0;-177.0;408.0;DIESEL
3950.0;6610.0;10940.0;17850.0;2771.0;4001.0;3710.0;6240.0;10390.0;16910.0;2645.0;3905.0;-40.0;94.0;-178.0;408.0;DIESEL
3960.0;6630.0;10880.0;17820.0;2774.0;3988.0;3660.0;6160.0;10300.0;16950.0;2650.0;3928.0;-42.0;95.0;-184.0;405.0;DIESEL
4010.0;6660.0;11060.0;17980.0;2798.0;4009.0;3670.0;6200.0;10340.0;17030.0;2662.0;3930.0;-46.0;99.0;-184.0;393.0;DIESEL
3990.0;6660.0;11010.0;17970.0;2791.0;4010.0;3740.0;6280.0;10420.0;17080.0;2660.0;3930.0;-48.0;98.0;-184.0;405.0;DIESEL
4010.0;6700.0;11070.0;18050.0;2809.0;4030.0;3720.0;6250.0;10420.0;17160.0;2679.0;3936.0;-48.0;86.0;-183.0;406.0;DIESEL
4010.0;6690.0;11090.0;18100.0;2811.0;4043.0;3740.0;6310.0;10460.0;17130.0;2676.0;3952.0;-42.0;95.0;-183.0;404.0;DIESEL
4080.0;6780.0;11220.0;18160.0;2815.0;4046.0;3720.0;6260.0;10400.0;17150.0;2676.0;3962.0;-42.0;99.0;-180.0;405.0;DIESEL
4030.0;6710.0;11020.0;18050.0;2819.0;4049.0;3760.0;6320.0;10470.0;17130.0;2678.0;3951.0;-37.0;92.0;-177.0;411.0;DIESEL
4060.0;6780.0;11160.0;18230.0;2827.0;4060.0;3790.0;6380.0;10570.0;17220.0;2701.0;3973.0;-37.0;92.0;-177.0;404.0;DIESEL
4080.0;6780.0;11120.0;18180.0;2825.0;4057.0;3740.0;6260.0;10480.0;17170.0;2684.0;3983.0;-37.0;103.0;-177.0;404.0;DIESEL
4060.0;6770.0;11170.0;18310.0;2829.0;4086.0;3800.0;6390.0;10580.0;17240.0;2684.0;3984.0;-40.0;99.0;-180.0;416.0;DIESEL
4080.0;6800.0;11200.0;18160.0;2835.0;4070.0;3740.0;6290.0;10460.0;17160.0;2690.0;3997.0;-40.0;103.0;-182.0;406.0;DIESEL
4140.0;6890.0;11340.0;18340.0;2855.0;4094.0;3820.0;6410.0;10640.0;17350.0;2702.0;3995.0;-42.0;94.0;-184.0;407.0;DIESEL
4060.0;6760.0;11190.0;18240.0;2829.0;4079.0;3800.0;6390.0;10640.0;17340.0;2701.0;3993.0;-40.0;87.0;-184.0;408.0;DIESEL
4040.0;6750.0;11180.0;18300.0;2841.0;4098.0;3780.0;6360.0;10540.0;17370.0;2704.0;4000.0;-42.0;95.0;-184.0;406.0;DIESEL
4060.0;6770.0;11170.0;18310.0;2850.0;4098.0;3810.0;6420.0;10650.0;17410.0;2717.0;4014.0;-42.0;97.0;-184.0;404.0;DIESEL
4110.0;6830.0;11280.0;18440.0;2859.0;4118.0;3770.0;6360.0;10590.0;17340.0;2727.0;4004.0;-41.0;96.0;-181.0;408.0;DIESEL
4130.0;6890.0;11400.0;18520.0;2875.0;4127.0;3850.0;6460.0;10730.0;17550.0;2729.0;4049.0;-41.0;102.0;-181.0;414.0;DIESEL
4140.0;6860.0;11340.0;18450.0;2862.0;4126.0;3870.0;6490.0;10790.0;17540.0;2736.0;4044.0;-41.0;104.0;-179.0;409.0;DIESEL
4150.0;6950.0;11460.0;18680.0;2884.0;4131.0;3850.0;6470.0;10730.0;17570.0;2740.0;4060.0;-41.0;87.0;-184.0;408.0;DIESEL
4160.0;6930.0;11340.0;18490.0;2873.0;4153.0;3820.0;6410.0;10640.0;17540.0;2741.0;4067.0;-45.0;94.0;-179.0;399.0;DIESEL
4150.0;6930.0;11350.0;18540.0;2886.0;4143.0;3880.0;6520.0;10860.0;17740.0;2755.0;4064.0;-45.0;95.0;-184.0;415.0;DIESEL
4180.0;6960.0;11500.0;18670.0;2898.0;4151.0;3830.0;6460.0;10700.0;17700.0;2750.0;4067.0;-45.0;89.0;-179.0;403.0;DIESEL
4180.0;6970.0;11450.0;18690.0;2910.0;4147.0;3840.0;6430.0;10790.0;17650.0;2755.0;4080.0;-49.0;99.0;-189.0;415.0;DIESEL
4190.0;6990.0;11530.0;18730.0;2899.0;4180.0;3930.0;6620.0;10940.0;17880.0;2780.0;4096.0;-45.0;97.0;-179.0;410.0;DIESEL
4250.0;7080.0;11600.0;18870.0;2920.0;4182.0;3910.0;6570.0;10850.0;17820.0;2766.0;4094.0;-41.0;94.0;-182.0;407.0;DIESEL
4230.0;7030.0;11560.0;18840.0;2916.0;4193.0;3910.0;6580.0;10910.0;17750.0;2774.0;4089.0;-41.0;98.0;-182.0;409.0;DIESEL
4200.0;6970.0;11510.0;18720.0;2909.0;4167.0;3920.0;6570.0;10870.0;17760.0;2763.0;4082.0;-42.0;101.0;-183.0;409.0;DIESEL
4200.0;7010.0;11500.0;18730.0;2916.0;4201.0;3940.0;6620.0;10930.0;17820.0;2776.0;4105.0;-42.0;101.0;-183.0;414.0;DIESEL
4260.0;7080.0;11650.0;18870.0;2930.0;4207.0;3960.0;6630.0;10970.0;17960.0;2789.0;4122.0;-42.0;98.0;-183.0;412.0;DIESEL
4260.0;7090.0;11630.0;18900.0;2924.0;4199.0;3980.0;6670.0;11000.0;18080.0;2797.0;4120.0;-42.0;93.0;-183.0;409.0;DIESEL
4280.0;7100.0;11700.0;18950.0;2931.0;4207.0;3900.0;6570.0;10860.0;17820.0;2787.0;4130.0;-41.0;101.0;-180.0;412.0;DIESEL
4230.0;7060.0;11590.0;18930.0;2926.0;4223.0;3940.0;6590.0;10940.0;17870.0;2780.0;4105.0;-41.0;98.0;-180.0;412.0;DIESEL
4240.0;7060.0;11620.0;18920.0;2925.0;4220.0;4000.0;6670.0;11090.0;18090.0;2809.0;4121.0;-41.0;91.0;-180.0;415.0;DIESEL
4240.0;7090.0;11720.0;19000.0;2951.0;4222.0;4030.0;6730.0;11100.0;18080.0;2815.0;4150.0;-41.0;101.0;-176.0;411.0;DIESEL
4280.0;7100.0;11700.0;19020.0;2949.0;4219.0;3910.0;6620.0;11000.0;18020.0;2801.0;4125.0;-37.0;98.0;-176.0;406.0;DIESEL
4260.0;7090.0;11680.0;18950.0;2952.0;4235.0;3990.0;6670.0;11020.0;17970.0;2788.0;4129.0;-37.0;92.0;-177.0;415.0;DIESEL
4250.0;7060.0;11660.0;18960.0;2951.0;4224.0;4010.0;6750.0;11140.0;18180.0;2807.0;4130.0;-37.0;96.0;-177.0;413.0;DIESEL
4270.0;7090.0;11700.0;18990.0;2945.0;4226.0;3950.0;6600.0;10900.0;17940.0;2807.0;4143.0;-37.0;100.0;-177.0;412.0;DIESEL
4290.0;7130.0;11770.0;19040.0;2963.0;4238.0;3990.0;6680.0;11090.0;18120.0;2805.0;4142.0;-41.0;101.0;-180.0;407.0;DIESEL
4330.0;7190.0;11800.0;19060.0;2961.0;4253.0;4010.0;6730.0;11110.0;18120.0;2814.0;4162.0;-41.0;100.0;-180.0;407.0;DIESEL
4330.0;7180.0;11810.0;19180.0;2971.0;4263.0;3990.0;6680.0;11070.0;18110.0;2821.0;4161.0;-41.0;96.0;-181.0;408.0;DIESEL
4300.0;7160.0;11820.0;19220.0;2972.0;4267.0;3990.0;6670.0;11100.0;18110.0;2817.0;4180.0;-41.0;96.0;-181.0;405.0;DIESEL
4350.0;7220.0;11860.0;19160.0;2982.0;4289.0;3990.0;6710.0;11110.0;18180.0;2833.0;4191.0;-41.0;96.0;-183.0;410.0;DIESEL
4300.0;7140.0;11750.0;19180.0;2974.0;4271.0;4020.0;6750.0;11200.0;18270.0;2844.0;4189.0;-40.0;93.0;-183.0;412.0;DIESEL
4350.0;7230.0;11850.0;19320.0;2977.0;4277.0;4030.0;6760.0;11160.0;18310.0;2840.0;4190.0;-40.0;97.0;-183.0;411.0;DIESEL
4350.0;7220.0;11880.0;19300.0;2985.0;4293.0;4060.0;6760.0;11180.0;18230.0;2850.0;4178.0;-40.0;99.0;-185.0;416.0;DIESEL
4350.0;7230.0;11800.0;19220.0;2981.0;4273.0;4010.0;6700.0;11070.0;18280.0;2840.0;4183.0;-41.0;93.0;-185.0;419.0;DIESEL
4330.0;7220.0;11830.0;19250.0;2994.0;4292.0;4080.0;6830.0;11250.0;18430.0;2854.0;4198.0;-40.0;100.0;-185.0;417.0;DIESEL
4390.0;7300.0;12060.0;19420.0;3002.0;4302.0;4080.0;6820.0;11300.0;18360.0;2852.0;4206.0;-41.0;100.0;-185.0;411.0;DIESEL
4390.0;7300.0;12010.0;19460.0;3005.0;4321.0;4110.0;6900.0;11380.0;18520.0;2888.0;4243.0;-42.0;99.0;-185.0;405.0;DIESEL
4410.0;7330.0;12000.0;19560.0;3031.0;4337.0;4100.0;6840.0;11290.0;18440.0;2862.0;4224.0;-42.0;97.0;-185.0;406.0;DIESEL
4420.0;7370.0;12070.0;19490.0;3011.0;4339.0;4130.0;6910.0;11390.0;18540.0;2900.0;4233.0;-50.0;98.0;-187.0;416.0;DIESEL
4430.0;7340.0;12060.0;19530.0;3020.0;4343.0;4080.0;6850.0;11310.0;18560.0;2875.0;4245.0;-50.0;97.0;-187.0;410.0;DIESEL
4460.0;7370.0;12060.0;19470.0;3023.0;4347.0;4120.0;6890.0;11410.0;18580.0;2891.0;4265.0;-50.0;97.0;-184.0;409.0;DIESEL
4430.0;7330.0;12050.0;19600.0;3040.0;4345.0;4140.0;6950.0;11510.0;18700.0;2898.0;4260.0;-44.0;101.0;-187.0;419.0;DIESEL
4420.0;7350.0;12130.0;19600.0;3037.0;4349.0;4110.0;6880.0;11410.0;18630.0;2887.0;4277.0;-37.0;89.0;-184.0;409.0;DIESEL
4460.0;7400.0;12170.0;19630.0;3035.0;4354.0;4130.0;6870.0;11370.0;18580.0;2891.0;4252.0;-37.0;104.0;-184.0;408.0;DIESEL
4440.0;7370.0;12050.0;19570.0;3037.0;4356.0;4180.0;6940.0;11470.0;18670.0;2892.0;4284.0;-37.0;93.0;-184.0;411.0;DIESEL
4440.0;7360.0;12090.0;19610.0;3052.0;4364.0;4130.0;6900.0;11410.0;18590.0;2898.0;4271.0;-44.0;96.0;-186.0;416.0;DIESEL
4380.0;7280.0;11990.0;19590.0;3028.0;4347.0;4160.0;6960.0;11440.0;18660.0;2905.0;4271.0;-37.0;96.0;-184.0;413.0;DIESEL
4420.0;7390.0;12130.0;19590.0;3036.0;4362.0;4130.0;6860.0;11400.0;18510.0;2902.0;4279.0;-31.0;97.0;-178.0;412.0;DIESEL
4480.0;7420.0;12200.0;19700.0;3042.0;4374.0;4140.0;6930.0;11410.0;18640.0;2906.0;4289.0;-31.0;92.0;-178.0;414.0;DIESEL
4440.0;7370.0;12110.0;19670.0;3049.0;4383.0;4180.0;7000.0;11530.0;18730.0;2917.0;4291.0;-38.0;100.0;-178.0;415.0;DIESEL
4510.0;7460.0;12220.0;19840.0;3063.0;4385.0;4190.0;6980.0;11500.0;18820.0;2930.0;4314.0;-38.0;95.0;-178.0;405.0;DIESEL
4500.0;7460.0;12250.0;19900.0;3090.0;4403.0;4270.0;7070.0;11620.0;18870.0;2935.0;4312.0;-47.0;92.0;-182.0;418.0;DIESEL
4510.0;7460.0;12240.0;19850.0;3074.0;4407.0;4240.0;7080.0;11640.0;18860.0;2924.0;4306.0;-47.0;96.0;-185.0;417.0;DIESEL
4540.0;7520.0;12270.0;19860.0;3074.0;4418.0;4160.0;7000.0;11590.0;18840.0;2933.0;4324.0;-47.0;104.0;-185.0;407.0;DIESEL
4600.0;7570.0;12350.0;20040.0;3100.0;4432.0;4180.0;7020.0;11570.0;18980.0;2941.0;4318.0;-44.0;100.0;-185.0;413.0;DIESEL
4550.0;7510.0;12340.0;19970.0;3088.0;4441.0;4190.0;7020.0;11620.0;19020.0;2971.0;4350.0;-44.0;94.0;-186.0;416.0;DIESEL
4590.0;7590.0;12450.0;19980.0;3106.0;4454.0;4220.0;7050.0;11690.0;19090.0;2957.0;4336.0;-39.0;99.0;-185.0;416.0;DIESEL
4570.0;7580.0;12410.0;20120.0;3103.0;4439.0;4230.0;7050.0;11660.0;19060.0;2940.0;4347.0;-44.0;90.0;-186.0;405.0;DIESEL
4620.0;7580.0;12400.0;20130.0;3122.0;4455.0;4220.0;7110.0;11720.0;19170.0;2960.0;4366.0;-39.0;108.0;-186.0;422.0;DIESEL
4590.0;7600.0;12450.0;20090.0;3106.0;4457.0;4310.0;7170.0;11810.0;19230.0;2977.0;4365.0;-41.0;105.0;-193.0;413.0;DIESEL
4580.0;7570.0;12400.0;20100.0;3108.0;4466.0;4280.0;7160.0;11790.0;19210.0;2981.0;4366.0;-41.0;104.0;-190.0;416.0;DIESEL
4570.0;7560.0;12390.0;20130.0;3110.0;4467.0;4320.0;7170.0;11780.0;19150.0;2980.0;4378.0;-41.0;103.0;-190.0;416.0;DIESEL
4620.0;7620.0;12500.0;20290.0;3108.0;4467.0;4320.0;7200.0;11880.0;19350.0;2989.0;4370.0;-41.0;101.0;-190.0;416.0;DIESEL
4620.0;7650.0;12510.0;20290.0;3123.0;4500.0;4300.0;7120.0;11720.0;19110.0;2973.0;4386.0;-45.0;101.0;-191.0;412.0;DIESEL
4610.0;7670.0;12540.0;20260.0;3139.0;4493.0;4340.0;7250.0;11920.0;19390.0;3003.0;4392.0;-45.0;98.0;-190.0;412.0;DIESEL
4630.0;7630.0;12550.0;20360.0;3139.0;4497.0;4390.0;7320.0;11960.0;19410.0;2999.0;4419.0;-45.0;95.0;-191.0;412.0;DIESEL
4670.0;7700.0;12610.0;20290.0;3137.0;4507.0;4330.0;7180.0;11830.0;19310.0;3003.0;4403.0;-46.0;98.0;-191.0;419.0;DIESEL
4630.0;7660.0;12550.0;20310.0;3142.0;4502.0;4350.0;7260.0;11900.0;19410.0;2993.0;4410.0;-46.0;100.0;-189.0;410.0;DIESEL
4610.0;7640.0;12510.0;20280.0;3147.0;4514.0;4330.0;7240.0;11820.0;19330.0;3003.0;4426.0;-35.0;101.0;-184.0;414.0;DIESEL
4690.0;7750.0;12670.0;20550.0;3162.0;4536.0;4360.0;7280.0;11960.0;19520.0;3017.0;4436.0;-32.0;96.0;-182.0;421.0;DIESEL
4690.0;7730.0;12650.0;20480.0;3155.0;4521.0;4350.0;7260.0;11890.0;19400.0;3016.0;4419.0;-32.0;96.0;-182.0;419.0;DIESEL
4660.0;7700.0;12580.0;20470.0;3161.0;4528.0;4350.0;7260.0;12030.0;19510.0;3029.0;4447.0;-32.0;102.0;-182.0;415.0;DIESEL
4670.0;7710.0;12650.0;20480.0;3166.0;4519.0;4350.0;7230.0;11870.0;19420.0;3010.0;4437.0;-34.0;105.0;-183.0;409.0;DIESEL
4710.0;7770.0;12630.0;20560.0;3160.0;4530.0;4340.0;7250.0;11940.0;19460.0;3023.0;4442.0;-42.0;96.0;-187.0;420.0;DIESEL
4710.0;7790.0;12740.0;20590.0;3171.0;4539.0;4380.0;7330.0;12040.0;19570.0;3029.0;4455.0;-42.0;100.0;-188.0;413.0;DIESEL
4710.0;7760.0;12710.0;20580.0;3173.0;4551.0;4380.0;7260.0;12010.0;19500.0;3017.0;4455.0;-43.0;101.0;-191.0;417.0;DIESEL
4740.0;7820.0;12760.0;20530.0;3173.0;4549.0;4420.0;7400.0;12110.0;19600.0;3037.0;4458.0;-44.0;98.0;-191.0;419.0;DIESEL
4720.0;7770.0;12710.0;20590.0;3188.0;4553.0;4420.0;7340.0;12030.0;19570.0;3028.0;4461.0;-47.0;96.0;-192.0;415.0;DIESEL
4730.0;7820.0;12750.0;20700.0;3185.0;4571.0;4450.0;7430.0;12180.0;19680.0;3044.0;4448.0;-47.0;94.0;-192.0;423.0;DIESEL
4770.0;7880.0;12870.0;20720.0;3195.0;4575.0;4420.0;7380.0;12170.0;19680.0;3048.0;4468.0;-47.0;95.0;-192.0;424.0;DIESEL
4750.0;7830.0;12780.0;20670.0;3188.0;4580.0;4390.0;7310.0;12110.0;19620.0;3061.0;4505.0;-47.0;109.0;-192.0;419.0;DIESEL
4780.0;7870.0;12900.0;20790.0;3199.0;4575.0;4470.0;7400.0;12210.0;19900.0;3073.0;4503.0;-44.0;93.0;-192.0;418.0;DIESEL
4810.0;7910.0;12950.0;20970.0;3212.0;4597.0;4470.0;7430.0;12190.0;19810.0;3057.0;4498.0;-42.0;93.0;-186.0;416.0;DIESEL
4750.0;7810.0;12790.0;20610.0;3201.0;4580.0;4420.0;7350.0;12100.0;19730.0;3050.0;4469.0;-42.0;98.0;-192.0;424.0;DIESEL
4750.0;7810.0;12790.0;20700.0;3206.0;4571.0;4340.0;7250.0;11900.0;19390.0;3031.0;4470.0;-37.0;98.0;-183.0;416.0;DIESEL
4730.0;7800.0;12850.0;20750.0;3203.0;4577.0;4490.0;7450.0;12240.0;19870.0;3061.0;4501.0;-37.0;97.0;-183.0;421.0;DIESEL
4770.0;7860.0;12920.0;20810.0;3203.0;4609.0;4390.0;7340.0;12030.0;19570.0;3049.0;4486.0;-44.0;104.0;-187.0;420.0;DIESEL
4780.0;7860.0;12890.0;20790.0;3212.0;4594.0;4410.0;7320.0;12090.0;19690.0;3055.0;4489.0;-44.0;100.0;-188.0;419.0;DIESEL
4760.0;7860.0;12960.0;20910.0;3216.0;4600.0;4500.0;7480.0;12310.0;20000.0;3078.0;4514.0;-42.0;97.0;-188.0;417.0;DIESEL
4790.0;7880.0;12890.0;20920.0;3223.0;4611.0;4480.0;7440.0;12220.0;19810.0;3075.0;4528.0;-44.0;93.0;-188.0;421.0;DIESEL
4770.0;7870.0;12870.0;20800.0;3225.0;4617.0;4460.0;7440.0;12210.0;19760.0;3069.0;4514.0;-42.0;107.0;-188.0;431.0;DIESEL
4810.0;7920.0;12950.0;20980.0;3226.0;4617.0;4470.0;7480.0;12300.0;20000.0;3097.0;4525.0;-40.0;96.0;-188.0;414.0;DIESEL
4820.0;7940.0;13020.0;20970.0;3253.0;4637.0;4530.0;7560.0;12390.0;20070.0;3091.0;4547.0;-42.0;96.0;-188.0;412.0;DIESEL
4810.0;7920.0;13040.0;20970.0;3247.0;4651.0;4510.0;7510.0;12380.0;20000.0;3087.0;4544.0;-45.0;104.0;-190.0;416.0;DIESEL
4830.0;7980.0;12990.0;20940.0;3230.0;4632.0;4460.0;7420.0;12220.0;19870.0;3088.0;4529.0;-46.0;97.0;-190.0;412.0;DIESEL
4810.0;7920.0;12990.0;21080.0;3258.0;4652.0;4550.0;7570.0;12470.0;20170.0;3103.0;4579.0;-46.0;94.0;-190.0;419.0;DIESEL
4820.0;7950.0;13050.0;21100.0;3258.0;4641.0;4490.0;7490.0;12320.0;19990.0;3100.0;4539.0;-46.0;100.0;-190.0;420.0;DIESEL
4810.0;7980.0;12980.0;20990.0;3242.0;4652.0;4490.0;7450.0;12290.0;20030.0;3099.0;4553.0;-39.0;98.0;-186.0;414.0;DIESEL
4820.0;7970.0;13040.0;21040.0;3257.0;4669.0;4490.0;7570.0;12400.0;20160.0;3108.0;4591.0;-39.0;103.0;-186.0;420.0;DIESEL
4860.0;8050.0;13110.0;21170.0;3256.0;4659.0;4570.0;7600.0;12450.0;20140.0;3119.0;4574.0;-39.0;106.0;-185.0;423.0;DIESEL
4820.0;7970.0;13040.0;21070.0;3263.0;4676.0;4480.0;7470.0;12230.0;19970.0;3094.0;4565.0;-49.0;104.0;-185.0;415.0;DIESEL
4800.0;7980.0;13100.0;21190.0;3252.0;4662.0;4490.0;7470.0;12340.0;20050.0;3104.0;4567.0;-49.0;105.0;-185.0;412.0;DIESEL
4890.0;8040.0;13170.0;21220.0;3266.0;4682.0;4530.0;7530.0;12410.0;20210.0;3138.0;4592.0;-49.0;98.0;-194.0;414.0;DIESEL
4890.0;8050.0;13130.0;21240.0;3276.0;4673.0;4500.0;7470.0;12290.0;20000.0;3110.0;4595.0;-41.0;93.0;-184.0;418.0;DIESEL
4850.0;8030.0;13140.0;21220.0;3267.0;4688.0;4530.0;7570.0;12400.0;20210.0;3138.0;4601.0;-41.0;95.0;-191.0;417.0;DIESEL
4910.0;8070.0;13150.0;21330.0;3275.0;4714.0;4640.0;7690.0;12570.0;20380.0;3146.0;4592.0;-41.0;106.0;-191.0;418.0;DIESEL
4870.0;8030.0;13140.0;21210.0;3281.0;4706.0;4610.0;7670.0;12520.0;20240.0;3134.0;4600.0;-41.0;95.0;-191.0;414.0;DIESEL
4900.0;8070.0;13200.0;21260.0;3293.0;4707.0;4620.0;7630.0;12480.0;20150.0;3125.0;4614.0;-46.0;100.0;-191.0;413.0;DIESEL
4890.0;8100.0;13200.0;21350.0;3292.0;4701.0;4600.0;7640.0;12520.0;20260.0;3143.0;4598.0;-46.0;99.0;-192.0;415.0;DIESEL
4860.0;8040.0;13190.0;21330.0;3281.0;4730.0;4580.0;7630.0;12460.0;20370.0;3148.0;4596.0;-46.0;95.0;-198.0;414.0;DIESEL
4890.0;8090.0;13240.0;21350.0;3295.0;4726.0;4650.0;7700.0;12680.0;20460.0;3154.0;4621.0;-46.0;101.0;-198.0;415.0;DIESEL
4940.0;8160.0;13300.0;21450.0;3302.0;4734.0;4610.0;7610.0;12540.0;20360.0;3160.0;4630.0;-46.0;100.0;-198.0;414.0;DIESEL
4980.0;8170.0;13350.0;21510.0;3304.0;4723.0;4690.0;7810.0;12750.0;20620.0;3162.0;4639.0;-45.0;95.0;-196.0;429.0;DIESEL
4980.0;8210.0;13390.0;21630.0;3322.0;4751.0;4670.0;7720.0;12690.0;20560.0;3178.0;4672.0;-46.0;102.0;-196.0;428.0;DIESEL
4990.0;8220.0;13410.0;21650.0;3336.0;4770.0;4700.0;7760.0;12710.0;20630.0;3180.0;4659.0;-48.0;95.0;-196.0;416.0;DIESEL
4970.0;8200.0;13300.0;21620.0;3312.0;4753.0;4690.0;7740.0;12700.0;20630.0;3192.0;4654.0;-46.0;104.0;-196.0;414.0;DIESEL
5000.0;8200.0;13370.0;21560.0;3317.0;4756.0;4600.0;7630.0;12490.0;20400.0;3154.0;4632.0;-42.0;101.0;-192.0;419.0;DIESEL
4980.0;8170.0;13290.0;21450.0;3325.0;4780.0;4600.0;7640.0;12540.0;20360.0;3168.0;4675.0;-52.0;103.0;-196.0;416.0;DIESEL
4980.0;8200.0;13380.0;21590.0;3330.0;4768.0;4670.0;7760.0;12800.0;20670.0;3183.0;4677.0;-42.0;110.0;-192.0;418.0;DIESEL
5000.0;8230.0;13430.0;21670.0;3345.0;4784.0;4660.0;7720.0;12750.0;20650.0;3193.0;4690.0;-42.0;97.0;-191.0;431.0;DIESEL
4960.0;8160.0;13300.0;21590.0;3321.0;4782.0;4710.0;7830.0;12850.0;20820.0;3214.0;4694.0;-42.0;107.0;-191.0;421.0;DIESEL
5020.0;8230.0;13430.0;21720.0;3344.0;4780.0;4690.0;7800.0;12810.0;20690.0;3195.0;4693.0;-38.0;94.0;-191.0;422.0;DIESEL
5060.0;8310.0;13510.0;21750.0;3347.0;4785.0;4690.0;7800.0;12770.0;20670.0;3199.0;4688.0;-38.0;96.0;-191.0;415.0;DIESEL
5040.0;8270.0;13520.0;21780.0;3358.0;4800.0;4680.0;7780.0;12830.0;20820.0;3204.0;4703.0;-38.0;107.0;-191.0;420.0;DIESEL
5040.0;8280.0;13560.0;21800.0;3354.0;4798.0;4650.0;7720.0;12740.0;20670.0;3213.0;4688.0;-43.0;102.0;-193.0;416.0;DIESEL
5020.0;8270.0;13500.0;21770.0;3351.0;4807.0;4760.0;7870.0;12870.0;20840.0;3229.0;4695.0;-39.0;95.0;-192.0;416.0;DIESEL
5100.0;8360.0;13590.0;21930.0;3376.0;4803.0;4730.0;7850.0;12840.0;20770.0;3214.0;4702.0;-46.0;103.0;-193.0;417.0;DIESEL
5040.0;8320.0;13580.0;21880.0;3362.0;4809.0;4680.0;7780.0;12740.0;20730.0;3209.0;4707.0;-39.0;95.0;-192.0;422.0;DIESEL
5060.0;8290.0;13560.0;21860.0;3366.0;4826.0;4770.0;7920.0;12990.0;21000.0;3238.0;4699.0;-46.0;94.0;-194.0;420.0;DIESEL
5100.0;8370.0;13600.0;21920.0;3375.0;4825.0;4680.0;7770.0;12800.0;20800.0;3217.0;4734.0;-41.0;96.0;-192.0;421.0;DIESEL
5020.0;8270.0;13530.0;21880.0;3374.0;4828.0;4750.0;7880.0;12920.0;20970.0;3237.0;4735.0;-41.0;96.0;-187.0;427.0;DIESEL
5060.0;8340.0;13620.0;21960.0;3387.0;4829.0;4680.0;7780.0;12800.0;20720.0;3206.0;4727.0;-41.0;102.0;-187.0;422.0;DIESEL
5090.0;8370.0;13690.0;21930.0;3372.0;4819.0;4720.0;7790.0;12800.0;20790.0;3215.0;4711.0;-43.0;98.0;-195.0;419.0;DIESEL
5070.0;8330.0;13500.0;21920.0;3368.0;4833.0;4710.0;7840.0;12880.0;20830.0;3224.0;4733.0;-43.0;102.0;-193.0;419.0;DIESEL
5080.0;8370.0;13630.0;22030.0;3371.0;4824.0;4810.0;7950.0;12960.0;20910.0;3227.0;4743.0;-43.0;95.0;-193.0;420.0;DIESEL
5130.0;8430.0;13700.0;21940.0;3372.0;4846.0;4780.0;7960.0;12990.0;21100.0;3239.0;4727.0;-43.0;101.0;-193.0;417.0;DIESEL
5120.0;8420.0;13730.0;22030.0;3384.0;4837.0;4740.0;7870.0;12900.0;20870.0;3245.0;4755.0;-40.0;99.0;-190.0;427.0;DIESEL
5100.0;8360.0;13640.0;22060.0;3394.0;4850.0;4750.0;7910.0;12940.0;20980.0;3239.0;4764.0;-40.0;94.0;-190.0;410.0;DIESEL
5160.0;8450.0;13700.0;22160.0;3412.0;4855.0;4730.0;7850.0;12900.0;20990.0;3253.0;4774.0;-38.0;106.0;-190.0;416.0;DIESEL
5180.0;8460.0;13780.0;22130.0;3411.0;4872.0;4840.0;8040.0;13130.0;21190.0;3268.0;4774.0;-35.0;103.0;-188.0;414.0;DIESEL
5100.0;8420.0;13780.0;22280.0;3428.0;4893.0;4760.0;7900.0;12960.0;21050.0;3250.0;4775.0;-35.0;105.0;-190.0;415.0;DIESEL
5180.0;8470.0;13830.0;22340.0;3420.0;4884.0;4740.0;7870.0;12960.0;21000.0;3241.0;4756.0;-37.0;100.0;-188.0;419.0;DIESEL
5170.0;8450.0;13790.0;22220.0;3416.0;4864.0;4760.0;7930.0;12970.0;21100.0;3253.0;4761.0;-37.0;99.0;-188.0;423.0;DIESEL
5170.0;8480.0;13860.0;22200.0;3405.0;4885.0;4780.0;7920.0;13050.0;21100.0;3263.0;4776.0;-39.0;103.0;-188.0;426.0;DIESEL
5160.0;8470.0;13850.0;22280.0;3411.0;4880.0;4750.0;7880.0;13000.0;21140.0;3261.0;4789.0;-40.0;105.0;-192.0;419.0;DIESEL
5180.0;8500.0;13860.0;22270.0;3408.0;4896.0;4870.0;8070.0;13240.0;21360.0;3276.0;4798.0;-41.0;105.0;-189.0;420.0;DIESEL
5150.0;8450.0;13780.0;22180.0;3410.0;4902.0;4830.0;7990.0;13120.0;21270.0;3290.0;4800.0;-44.0;98.0;-192.0;418.0;DIESEL
5170.0;8500.0;13850.0;22330.0;3437.0;4913.0;4790.0;7950.0;13090.0;21210.0;3276.0;4802.0;-44.0;100.0;-192.0;427.0;DIESEL
5130.0;8460.0;13880.0;22310.0;3437.0;4914.0;4890.0;8090.0;13250.0;21370.0;3287.0;4831.0;-45.0;97.0;-191.0;425.0;DIESEL
5170.0;8510.0;13870.0;22380.0;3466.0;4924.0;4860.0;8030.0;13220.0;21390.0;3288.0;4818.0;-45.0;94.0;-191.0;413.0;DIESEL
5190.0;8550.0;13910.0;22350.0;3433.0;4928.0;4820.0;7980.0;13130.0;21260.0;3298.0;4833.0;-46.0;99.0;-194.0;417.0;DIESEL
5210.0;8550.0;13930.0;22450.0;3447.0;4939.0;4920.0;8150.0;13340.0;21500.0;3327.0;4849.0;-47.0;94.0;-191.0;414.0;DIESEL
5240.0;8580.0;13960.0;22540.0;3462.0;4963.0;4890.0;8140.0;13310.0;21640.0;3334.0;4850.0;-47.0;107.0;-191.0;425.0;DIESEL
5260.0;8620.0;14000.0;22560.0;3459.0;4944.0;4920.0;8190.0;13330.0;21550.0;3314.0;4835.0;-42.0;95.0;-190.0;420.0;DIESEL
5240.0;8570.0;13990.0;22530.0;3474.0;4953.0;4940.0;8170.0;13380.0;21560.0;3314.0;4847.0;-47.0;95.0;-190.0;421.0;DIESEL
5230.0;8590.0;14040.0;22510.0;3456.0;4943.0;4870.0;8060.0;13190.0;21310.0;3317.0;4840.0;-46.0;95.0;-190.0;422.0;DIESEL
5210.0;8560.0;13960.0;22490.0;3470.0;4948.0;4910.0;8100.0;13280.0;21510.0;3313.0;4850.0;-41.0;100.0;-188.0;423.0;DIESEL
5260.0;8600.0;14060.0;22660.0;3477.0;4956.0;4840.0;8040.0;13160.0;21310.0;3323.0;4840.0;-41.0;96.0;-188.0;409.0;DIESEL
5220.0;8600.0;14010.0;22610.0;3482.0;4955.0;4920.0;8130.0;13290.0;21450.0;3304.0;4851.0;-43.0;99.0;-189.0;420.0;DIESEL
5250.0;8620.0;13990.0;22600.0;3472.0;4956.0;4950.0;8190.0;13370.0;21610.0;3311.0;4838.0;-43.0;106.0;-189.0;422.0;DIESEL
5260.0;8650.0;14090.0;22610.0;3475.0;4966.0;4880.0;8120.0;13290.0;21550.0;3325.0;4870.0;-43.0;105.0;-194.0;418.0;DIESEL
5250.0;8600.0;14020.0;22560.0;3478.0;4952.0;4950.0;8230.0;13420.0;21700.0;3317.0;4865.0;-46.0;99.0;-195.0;413.0;DIESEL
5240.0;8610.0;14020.0;22620.0;3465.0;4965.0;4950.0;8170.0;13380.0;21570.0;3328.0;4873.0;-46.0;98.0;-195.0;420.0;DIESEL
5210.0;8580.0;13990.0;22530.0;3468.0;4962.0;4890.0;8080.0;13260.0;21480.0;3319.0;4863.0;-46.0;102.0;-194.0;421.0;DIESEL
5230.0;8610.0;14060.0;22600.0;3471.0;4970.0;4900.0;8130.0;13240.0;21430.0;3314.0;4870.0;-46.0;104.0;-193.0;424.0;DIESEL
5270.0;8680.0;14150.0;22690.0;3483.0;4964.0;4890.0;8130.0;13290.0;21560.0;3316.0;4862.0;-46.0;88.0;-193.0;424.0;DIESEL
5250.0;8630.0;14080.0;22700.0;3483.0;4983.0;4940.0;8190.0;13390.0;21590.0;3341.0;4881.0;-43.0;98.0;-188.0;427.0;DIESEL
5250.0;8620.0;14010.0;22610.0;3480.0;4988.0;4940.0;8190.0;13410.0;21670.0;3332.0;4889.0;-46.0;93.0;-193.0;420.0;DIESEL
5310.0;8720.0;14180.0;22750.0;3494.0;4991.0;4990.0;8250.0;13500.0;21800.0;3349.0;4887.0;-43.0;106.0;-188.0;423.0;DIESEL
5280.0;8610.0;14060.0;22630.0;3500.0;5004.0;5030.0;8310.0;13510.0;21790.0;3364.0;4890.0;-49.0;103.0;-193.0;423.0;DIESEL
5320.0;8780.0;14260.0;22850.0;3508.0;5001.0;4980.0;8200.0;13430.0;21750.0;3343.0;4893.0;-46.0;98.0;-190.0;428.0;DIESEL
5360.0;8780.0;14270.0;22940.0;3509.0;5010.0;5020.0;8330.0;13580.0;21930.0;3361.0;4912.0;-46.0;101.0;-190.0;429.0;DIESEL
5330.0;8740.0;14250.0;22920.0;3513.0;5025.0;4960.0;8230.0;13440.0;21800.0;3366.0;4925.0;-44.0;103.0;-188.0;428.0;DIESEL
5350.0;8770.0;14280.0;22990.0;3531.0;5020.0;5010.0;8280.0;13540.0;21820.0;3352.0;4922.0;-46.0;102.0;-190.0;427.0;DIESEL
5340.0;8750.0;14230.0;22890.0;3534.0;5040.0;4950.0;8230.0;13450.0;21810.0;3363.0;4939.0;-44.0;92.0;-188.0;427.0;DIESEL
5390.0;8850.0;14400.0;23060.0;3540.0;5051.0;4960.0;8220.0;13430.0;21790.0;3362.0;4916.0;-37.0;99.0;-188.0;428.0;DIESEL
5350.0;8810.0;14280.0;22990.0;3524.0;5049.0;4960.0;8210.0;13460.0;21800.0;3373.0;4943.0;-37.0;95.0;-189.0;425.0;DIESEL
5350.0;8820.0;14330.0;23080.0;3552.0;5060.0;5020.0;8300.0;13560.0;21940.0;3379.0;4964.0;-43.0;101.0;-189.0;421.0;DIESEL
5390.0;8790.0;14330.0;23030.0;3531.0;5061.0;4960.0;8240.0;13510.0;22010.0;3378.0;4944.0;-43.0;104.0;-189.0;425.0;DIESEL
5320.0;8770.0;14200.0;22960.0;3534.0;5073.0;5070.0;8400.0;13720.0;21990.0;3403.0;4947.0;-43.0;108.0;-190.0;422.0;DIESEL
5350.0;8800.0;14340.0;23060.0;3541.0;5049.0;4980.0;8230.0;13440.0;21870.0;3389.0;4949.0;-43.0;99.0;-190.0;425.0;DIESEL
5400.0;8830.0;14380.0;23020.0;3550.0;5064.0;4960.0;8200.0;13450.0;21710.0;3375.0;4949.0;-41.0;102.0;-190.0;421.0;DIESEL
5390.0;8840.0;14330.0;23030.0;3553.0;5056.0;5080.0;8430.0;13730.0;21990.0;3396.0;4969.0;-41.0;95.0;-191.0;424.0;DIESEL
5400.0;8850.0;14360.0;23160.0;3554.0;5067.0;5010.0;8270.0;13600.0;21940.0;3404.0;4965.0;-41.0;92.0;-191.0;416.0;DIESEL
5400.0;8820.0;14380.0;23160.0;3554.0;5084.0;5090.0;8420.0;13750.0;22200.0;3410.0;5003.0;-40.0;105.0;-191.0;418.0;DIESEL
5410.0;8890.0;14380.0;23170.0;3564.0;5097.0;5030.0;8350.0;13630.0;21980.0;3401.0;4975.0;-46.0;97.0;-191.0;422.0;DIESEL
5460.0;8940.0;14440.0;23300.0;3564.0;5095.0;5050.0;8330.0;13690.0;22190.0;3417.0;5003.0;-46.0;101.0;-190.0;421.0;DIESEL
5390.0;8890.0;14450.0;23310.0;3583.0;5105.0;5160.0;8510.0;13880.0;22340.0;3436.0;5008.0;-45.0;103.0;-190.0;418.0;DIESEL
5440.0;8910.0;14480.0;23240.0;3569.0;5110.0;5170.0;8490.0;13870.0;22360.0;3446.0;5004.0;-45.0;96.0;-190.0;415.0;DIESEL
5420.0;8890.0;14510.0;23350.0;3588.0;5118.0;5130.0;8460.0;13750.0;22260.0;3427.0;4989.0;-45.0;97.0;-190.0;426.0;DIESEL
5470.0;8990.0;14620.0;23340.0;3569.0;5104.0;5150.0;8510.0;13890.0;22310.0;3429.0;5000.0;-42.0;96.0;-190.0;425.0;DIESEL
5460.0;8950.0;14540.0;23300.0;3585.0;5116.0;5130.0;8500.0;13860.0;22350.0;3437.0;5006.0;-41.0;101.0;-196.0;432.0;DIESEL
5470.0;9010.0;14610.0;23380.0;3588.0;5118.0;5150.0;8470.0;13860.0;22330.0;3441.0;5018.0;-41.0;102.0;-199.0;424.0;DIESEL
5470.0;8990.0;14560.0;23530.0;3601.0;5129.0;5030.0;8330.0;13690.0;22220.0;3434.0;5016.0;-41.0;107.0;-198.0;422.0;DIESEL
5470.0;8950.0;14570.0;23340.0;3589.0;5127.0;5080.0;8420.0;13790.0;22300.0;3440.0;5044.0;-45.0;103.0;-198.0;428.0;DIESEL
5520.0;9020.0;14610.0;23430.0;3597.0;5143.0;5160.0;8510.0;13930.0;22490.0;3452.0;5042.0;-45.0;96.0;-198.0;418.0;DIESEL
5490.0;8960.0;14560.0;23430.0;3604.0;5140.0;5090.0;8420.0;13790.0;22290.0;3446.0;5028.0;-45.0;90.0;-189.0;420.0;DIESEL
5490.0;8990.0;14650.0;23520.0;3609.0;5161.0;5170.0;8540.0;13930.0;22510.0;3458.0;5047.0;-45.0;101.0;-189.0;427.0;DIESEL
5500.0;8990.0;14610.0;23390.0;3601.0;5135.0;5130.0;8440.0;13780.0;22260.0;3433.0;5017.0;-45.0;100.0;-189.0;428.0;DIESEL
5490.0;8980.0;14590.0;23390.0;3584.0;5132.0;5110.0;8430.0;13750.0;22200.0;3420.0;5019.0;-44.0;98.0;-191.0;423.0;DIESEL
5440.0;8910.0;14510.0;23350.0;3586.0;5121.0;5090.0;8420.0;13760.0;22320.0;3436.0;5022.0;-46.0;95.0;-196.0;423.0;DIESEL
5470.0;8980.0;14590.0;23400.0;3602.0;5144.0;5150.0;8530.0;13920.0;22540.0;3467.0;5073.0;-46.0;103.0;-196.0;422.0;DIESEL
5490.0;9020.0;14650.0;23590.0;3630.0;5153.0;5150.0;8500.0;13890.0;22430.0;3450.0;5061.0;-44.0;99.0;-191.0;424.0;DIESEL
5510.0;9010.0;14590.0;23520.0;3615.0;5169.0;5190.0;8540.0;13980.0;22400.0;3449.0;5052.0;-43.0;93.0;-189.0;423.0;DIESEL
5560.0;9100.0;14770.0;23620.0;3629.0;5160.0;5210.0;8570.0;14040.0;22570.0;3472.0;5060.0;-43.0;100.0;-189.0;420.0;DIESEL
5490.0;9030.0;14680.0;23540.0;3616.0;5168.0;5180.0;8510.0;13910.0;22190.0;3457.0;5054.0;-43.0;102.0;-189.0;419.0;DIESEL
5540.0;9100.0;14700.0;23640.0;3628.0;5180.0;5250.0;8660.0;14100.0;22680.0;3473.0;5090.0;-40.0;102.0;-189.0;422.0;DIESEL
5540.0;9050.0;14690.0;23630.0;3635.0;5201.0;5150.0;8490.0;13910.0;22580.0;3483.0;5075.0;-44.0;102.0;-196.0;420.0;DIESEL
5550.0;9130.0;14780.0;23760.0;3658.0;5188.0;5200.0;8520.0;13920.0;22500.0;3479.0;5087.0;-47.0;94.0;-197.0;418.0;DIESEL
5520.0;9050.0;14750.0;23720.0;3644.0;5202.0;5210.0;8630.0;14050.0;22700.0;3502.0;5086.0;-49.0;101.0;-197.0;427.0;DIESEL
5590.0;9120.0;14760.0;23740.0;3638.0;5191.0;5250.0;8640.0;14090.0;22760.0;3484.0;5085.0;-49.0;96.0;-197.0;416.0;DIESEL
5560.0;9100.0;14790.0;23770.0;3637.0;5199.0;5200.0;8560.0;14090.0;22700.0;3487.0;5101.0;-49.0;99.0;-200.0;423.0;DIESEL
5560.0;9130.0;14820.0;23870.0;3642.0;5209.0;5240.0;8630.0;14100.0;22720.0;3489.0;5126.0;-49.0;103.0;-197.0;419.0;DIESEL
5610.0;9180.0;14910.0;23840.0;3642.0;5236.0;5230.0;8590.0;14040.0;22700.0;3509.0;5138.0;-45.0;103.0;-195.0;425.0;DIESEL
5610.0;9180.0;14890.0;23870.0;3684.0;5226.0;5270.0;8690.0;14150.0;22910.0;3496.0;5135.0;-45.0;99.0;-195.0;418.0;DIESEL
5610.0;9130.0;14830.0;23890.0;3665.0;5232.0;5270.0;8700.0;14220.0;22860.0;3506.0;5126.0;-44.0;98.0;-199.0;426.0;DIESEL
5600.0;9180.0;14970.0;23900.0;3643.0;5230.0;5210.0;8630.0;14100.0;22720.0;3504.0;5126.0;-42.0;97.0;-199.0;425.0;DIESEL
5560.0;9130.0;14820.0;23860.0;3670.0;5237.0;5210.0;8640.0;14080.0;22820.0;3518.0;5143.0;-42.0;97.0;-199.0;424.0;DIESEL
5570.0;9160.0;14900.0;23900.0;3669.0;5248.0;5310.0;8780.0;14330.0;22980.0;3528.0;5153.0;-44.0;100.0;-199.0;425.0;DIESEL
5590.0;9170.0;14910.0;23890.0;3672.0;5252.0;5290.0;8680.0;14170.0;22840.0;3520.0;5141.0;-44.0;105.0;-199.0;432.0;DIESEL
5660.0;9270.0;15010.0;24060.0;3682.0;5250.0;5310.0;8800.0;14320.0;23030.0;3528.0;5152.0;-49.0;99.0;-198.0;418.0;DIESEL
5630.0;9250.0;14990.0;24080.0;3689.0;5262.0;5370.0;8800.0;14410.0;23150.0;3551.0;5155.0;-49.0;103.0;-195.0;426.0;DIESEL
5690.0;9280.0;15060.0;24080.0;3685.0;5260.0;5290.0;8740.0;14270.0;22980.0;3528.0;5166.0;-52.0;107.0;-198.0;420.0;DIESEL
5660.0;9300.0;15050.0;24170.0;3702.0;5280.0;5370.0;8850.0;14400.0;23160.0;3557.0;5159.0;-49.0;112.0;-195.0;420.0;DIESEL
5680.0;9290.0;15060.0;24190.0;3709.0;5279.0;5380.0;8850.0;14420.0;23050.0;3539.0;5172.0;-45.0;100.0;-195.0;421.0;DIESEL
5690.0;9300.0;15090.0;24120.0;3714.0;5269.0;5330.0;8820.0;14340.0;23130.0;3537.0;5154.0;-45.0;103.0;-195.0;429.0;DIESEL
5680.0;9290.0;15110.0;24120.0;3703.0;5279.0;5320.0;8780.0;14260.0;22960.0;3539.0;5166.0;-51.0;97.0;-198.0;419.0;DIESEL
5700.0;9320.0;15080.0;24190.0;3707.0;5285.0;5370.0;8870.0;14470.0;23230.0;3544.0;5183.0;-45.0;103.0;-193.0;412.0;DIESEL
5680.0;9270.0;15040.0;24120.0;3704.0;5285.0;5420.0;8860.0;14450.0;23080.0;3559.0;5161.0;-45.0;107.0;-193.0;420.0;DIESEL
5690.0;9270.0;15080.0;24200.0;3709.0;5284.0;5370.0;8890.0;14410.0;23180.0;3546.0;5182.0;-50.0;101.0;-198.0;425.0;DIESEL
5710.0;9390.0;15200.0;24300.0;3716.0;5311.0;5380.0;8870.0;14400.0;23260.0;3566.0;5200.0;-44.0;106.0;-193.0;428.0;DIESEL
5710.0;9310.0;15200.0;24300.0;3714.0;5285.0;5360.0;8850.0;14450.0;23230.0;3555.0;5194.0;-44.0;91.0;-192.0;427.0;DIESEL
5690.0;9280.0;15080.0;24200.0;3696.0;5281.0;5270.0;8720.0;14190.0;23020.0;3536.0;5157.0;-44.0;106.0;-191.0;424.0;DIESEL
5670.0;9270.0;15070.0;24160.0;3707.0;5287.0;5290.0;8680.0;14270.0;22990.0;3555.0;5195.0;-44.0;101.0;-192.0;418.0;DIESEL
5720.0;9350.0;15190.0;24240.0;3731.0;5301.0;5280.0;8740.0;14260.0;23160.0;3562.0;5188.0;-44.0;104.0;-192.0;420.0;DIESEL
5730.0;9340.0;15240.0;24390.0;3741.0;5320.0;5470.0;8960.0;14560.0;23470.0;3583.0;5230.0;-44.0;95.0;-189.0;421.0;DIESEL
5750.0;9420.0;15290.0;24420.0;3739.0;5294.0;5340.0;8790.0;14330.0;23180.0;3569.0;5195.0;-44.0;94.0;-192.0;422.0;DIESEL
5710.0;9320.0;15080.0;24340.0;3721.0;5326.0;5370.0;8890.0;14510.0;23290.0;3576.0;5205.0;-51.0;94.0;-193.0;423.0;DIESEL
5730.0;9350.0;15130.0;24270.0;3724.0;5311.0;5400.0;8860.0;14430.0;23180.0;3561.0;5190.0;-46.0;101.0;-193.0;425.0;DIESEL
5730.0;9360.0;15200.0;24430.0;3730.0;5320.0;5410.0;8870.0;14500.0;23310.0;3561.0;5232.0;-44.0;102.0;-192.0;421.0;DIESEL
5730.0;9360.0;15140.0;24270.0;3735.0;5329.0;5450.0;9010.0;14630.0;23360.0;3576.0;5220.0;-44.0;101.0;-192.0;423.0;DIESEL
5760.0;9430.0;15260.0;24460.0;3744.0;5320.0;5370.0;8800.0;14380.0;23300.0;3574.0;5219.0;-40.0;99.0;-188.0;420.0;DIESEL
5750.0;9410.0;15190.0;24290.0;3735.0;5334.0;5450.0;8950.0;14550.0;23430.0;3601.0;5249.0;-40.0;100.0;-188.0;424.0;DIESEL
5750.0;9380.0;15240.0;24430.0;3756.0;5341.0;5440.0;8900.0;14510.0;23280.0;3580.0;5221.0;-40.0;99.0;-188.0;427.0;DIESEL
5770.0;9430.0;15260.0;24550.0;3752.0;5347.0;5470.0;8970.0;14680.0;23470.0;3598.0;5230.0;-38.0;104.0;-190.0;416.0;DIESEL
5750.0;9460.0;15320.0;24530.0;3765.0;5361.0;5450.0;8960.0;14640.0;23560.0;3602.0;5257.0;-38.0;104.0;-190.0;420.0;DIESEL
5780.0;9470.0;15300.0;24510.0;3777.0;5365.0;5440.0;8960.0;14590.0;23490.0;3600.0;5244.0;-41.0;101.0;-190.0;426.0;DIESEL
5740.0;9400.0;15260.0;24370.0;3753.0;5356.0;5390.0;8900.0;14520.0;23260.0;3598.0;5232.0;-41.0;99.0;-193.0;417.0;DIESEL
5750.0;9400.0;15260.0;24510.0;3750.0;5356.0;5330.0;8840.0;14480.0;23330.0;3588.0;5243.0;-49.0;93.0;-193.0;429.0;DIESEL
5750.0;9450.0;15310.0;24540.0;3755.0;5348.0;5440.0;8960.0;14550.0;23500.0;3604.0;5262.0;-49.0;98.0;-193.0;416.0;DIESEL
5800.0;9470.0;15320.0;24660.0;3752.0;5364.0;5360.0;8860.0;14400.0;23250.0;3588.0;5261.0;-49.0;103.0;-198.0;420.0;DIESEL
5800.0;9460.0;15400.0;24550.0;3748.0;5369.0;5460.0;8990.0;14610.0;23510.0;3603.0;5257.0;-49.0;103.0;-191.0;431.0;DIESEL
5780.0;9440.0;15280.0;24660.0;3771.0;5402.0;5470.0;8980.0;14620.0;23570.0;3623.0;5268.0;-49.0;98.0;-191.0;428.0;DIESEL
5830.0;9510.0;15370.0;24600.0;3762.0;5346.0;5410.0;8910.0;14460.0;23320.0;3601.0;5266.0;-48.0;106.0;-191.0;417.0;DIESEL
5800.0;9480.0;15370.0;24690.0;3765.0;5380.0;5420.0;8890.0;14540.0;23470.0;3616.0;5265.0;-48.0;107.0;-191.0;414.0;DIESEL
5820.0;9510.0;15410.0;24580.0;3779.0;5394.0;5500.0;9010.0;14670.0;23560.0;3616.0;5270.0;-46.0;102.0;-191.0;428.0;DIESEL
5810.0;9500.0;15450.0;24710.0;3776.0;5397.0;5500.0;9030.0;14700.0;23630.0;3632.0;5297.0;-46.0;112.0;-195.0;423.0;DIESEL
5860.0;9560.0;15460.0;24820.0;3798.0;5417.0;5470.0;9030.0;14670.0;23710.0;3642.0;5289.0;-46.0;106.0;-195.0;426.0;DIESEL
5860.0;9540.0;15490.0;24820.0;3785.0;5408.0;5440.0;9030.0;14760.0;23750.0;3644.0;5309.0;-45.0;93.0;-195.0;426.0;DIESEL
5850.0;9570.0;15510.0;24790.0;3815.0;5415.0;5590.0;9180.0;14940.0;23850.0;3648.0;5305.0;-45.0;98.0;-195.0;426.0;DIESEL
5840.0;9550.0;15530.0;24810.0;3801.0;5391.0;5490.0;9050.0;14750.0;23700.0;3642.0;5286.0;-39.0;105.0;-194.0;423.0;DIESEL
5910.0;9600.0;15550.0;24880.0;3816.0;5429.0;5460.0;9020.0;14770.0;23760.0;3658.0;5320.0;-38.0;103.0;-193.0;428.0;DIESEL
5910.0;9600.0;15600.0;24910.0;3823.0;5431.0;5490.0;9040.0;14700.0;23720.0;3646.0;5310.0;-38.0;98.0;-193.0;423.0;DIESEL
5820.0;9530.0;15490.0;24850.0;3808.0;5435.0;5550.0;9180.0;14930.0;24000.0;3660.0;5314.0;-39.0;89.0;-193.0;430.0;DIESEL
5840.0;9550.0;15450.0;24770.0;3802.0;5415.0;5530.0;9130.0;14760.0;23650.0;3629.0;5289.0;-42.0;106.0;-194.0;414.0;DIESEL
5840.0;9520.0;15390.0;24660.0;3794.0;5418.0;5540.0;9100.0;14840.0;23770.0;3639.0;5312.0;-45.0;101.0;-193.0;425.0;DIESEL
5830.0;9530.0;15450.0;24840.0;3796.0;5430.0;5440.0;8990.0;14660.0;23650.0;3649.0;5320.0;-47.0;100.0;-195.0;418.0;DIESEL
5850.0;9570.0;15530.0;24810.0;3809.0;5432.0;5470.0;9010.0;14640.0;23680.0;3636.0;5326.0;-47.0;106.0;-195.0;427.0;DIESEL
5910.0;9630.0;15610.0;24990.0;3813.0;5438.0;5470.0;9030.0;14730.0;23740.0;3656.0;5303.0;-47.0;95.0;-195.0;425.0;DIESEL
5870.0;9540.0;15510.0;24930.0;3811.0;5442.0;5540.0;9120.0;14810.0;23790.0;3638.0;5326.0;-45.0;108.0;-195.0;431.0;DIESEL
5830.0;9560.0;15500.0;24830.0;3804.0;5435.0;5520.0;9100.0;14790.0;23650.0;3646.0;5311.0;-45.0;106.0;-200.0;430.0;DIESEL
5870.0;9540.0;15450.0;24830.0;3803.0;5436.0;5560.0;9130.0;14840.0;23790.0;3649.0;5338.0;-42.0;99.0;-200.0;435.0;DIESEL
5890.0;9610.0;15590.0;24870.0;3811.0;5438.0;5560.0;9120.0;14790.0;23850.0;3662.0;5339.0;-38.0;96.0;-193.0;422.0;DIESEL
5910.0;9630.0;15620.0;25080.0;3828.0;5449.0;5620.0;9230.0;15000.0;23920.0;3675.0;5372.0;-38.0;96.0;-190.0;431.0;DIESEL
5980.0;9750.0;15780.0;25150.0;3833.0;5459.0;5580.0;9200.0;14980.0;23840.0;3685.0;5354.0;-43.0;104.0;-188.0;427.0;DIESEL
5920.0;9650.0;15630.0;25020.0;3835.0;5460.0;5560.0;9150.0;14990.0;24020.0;3688.0;5368.0;-37.0;105.0;-186.0;426.0;DIESEL
5970.0;9760.0;15730.0;25200.0;3848.0;5466.0;5610.0;9230.0;14970.0;24170.0;3693.0;5371.0;-43.0;102.0;-188.0;427.0;DIESEL
5910.0;9700.0;15730.0;25160.0;3840.0;5486.0;5620.0;9260.0;15000.0;24040.0;3686.0;5399.0;-44.0;101.0;-190.0;432.0;DIESEL
5970.0;9730.0;15750.0;25250.0;3852.0;5484.0;5600.0;9270.0;15060.0;24130.0;3682.0;5369.0;-44.0;103.0;-191.0;431.0;DIESEL
6000.0;9710.0;15740.0;25240.0;3854.0;5484.0;5630.0;9220.0;14970.0;23990.0;3673.0;5385.0;-45.0;101.0;-191.0;425.0;DIESEL
5930.0;9670.0;15670.0;25150.0;3847.0;5495.0;5610.0;9260.0;14990.0;24160.0;3683.0;5379.0;-46.0;97.0;-193.0;426.0;DIESEL
5980.0;9720.0;15840.0;25280.0;3870.0;5504.0;5520.0;9110.0;14890.0;23920.0;3694.0;5387.0;-46.0;95.0;-196.0;416.0;DIESEL
5950.0;9690.0;15730.0;25110.0;3871.0;5497.0;5600.0;9220.0;15010.0;24130.0;3698.0;5393.0;-43.0;92.0;-196.0;428.0;DIESEL
6030.0;9830.0;15860.0;25370.0;3860.0;5506.0;5650.0;9310.0;15190.0;24240.0;3719.0;5379.0;-47.0;98.0;-197.0;422.0;DIESEL
5980.0;9750.0;15800.0;25250.0;3860.0;5504.0;5630.0;9240.0;14980.0;24050.0;3692.0;5386.0;-43.0;101.0;-197.0;422.0;DIESEL
5980.0;9740.0;15710.0;25210.0;3865.0;5518.0;5570.0;9170.0;14980.0;24020.0;3699.0;5385.0;-42.0;100.0;-197.0;429.0;DIESEL
5930.0;9680.0;15760.0;25280.0;3864.0;5497.0;5630.0;9280.0;15100.0;24220.0;3701.0;5403.0;-40.0;93.0;-194.0;428.0;DIESEL
5980.0;9780.0;15850.0;25210.0;3874.0;5514.0;5640.0;9260.0;15040.0;24130.0;3717.0;5400.0;-40.0;96.0;-195.0;419.0;DIESEL
5930.0;9700.0;15750.0;25270.0;3854.0;5516.0;5650.0;9270.0;15040.0;24200.0;3714.0;5416.0;-40.0;101.0;-195.0;428.0;DIESEL
5930.0;9710.0;15740.0;25370.0;3876.0;5518.0;5650.0;9270.0;15090.0;24250.0;3712.0;5415.0;-43.0;101.0;-196.0;426.0;DIESEL
6010.0;9760.0;15790.0;25270.0;3868.0;5540.0;5590.0;9190.0;14980.0;24160.0;3710.0;5421.0;-50.0;99.0;-195.0;421.0;DIESEL
5990.0;9780.0;15810.0;25320.0;3879.0;5529.0;5570.0;9190.0;14980.0;24260.0;3711.0;5404.0;-50.0;95.0;-195.0;429.0;DIESEL
5980.0;9750.0;15840.0;25330.0;3889.0;5543.0;5680.0;9350.0;15170.0;24280.0;3724.0;5448.0;-44.0;94.0;-195.0;430.0;DIESEL
6010.0;9810.0;15840.0;25440.0;3885.0;5552.0;5730.0;9390.0;15280.0;24420.0;3738.0;5433.0;-44.0;114.0;-195.0;422.0;DIESEL
6020.0;9830.0;15940.0;25390.0;3893.0;5548.0;5760.0;9460.0;15360.0;24570.0;3755.0;5441.0;-44.0;100.0;-194.0;418.0;DIESEL
6020.0;9820.0;15970.0;25470.0;3894.0;5545.0;5690.0;9320.0;15220.0;24470.0;3732.0;5462.0;-42.0;99.0;-194.0;428.0;DIESEL
6070.0;9860.0;16010.0;25480.0;3896.0;5539.0;5730.0;9430.0;15180.0;24310.0;3712.0;5424.0;-44.0;102.0;-198.0;428.0;DIESEL
6010.0;9810.0;15940.0;25420.0;3879.0;5550.0;5740.0;9400.0;15250.0;24550.0;3741.0;5443.0;-45.0;104.0;-198.0;427.0;DIESEL
6020.0;9810.0;15840.0;25420.0;3896.0;5551.0;5610.0;9230.0;15040.0;24190.0;3731.0;5419.0;-45.0;100.0;-198.0;435.0;DIESEL
6030.0;9830.0;15930.0;25410.0;3880.0;5546.0;5720.0;9350.0;15100.0;24220.0;3735.0;5436.0;-47.0;93.0;-200.0;432.0;DIESEL
6070.0;9880.0;15990.0;25620.0;3911.0;5571.0;5720.0;9370.0;15240.0;24520.0;3764.0;5478.0;-47.0;96.0;-202.0;417.0;DIESEL
6110.0;9950.0;16110.0;25790.0;3921.0;5568.0;5680.0;9340.0;15170.0;24370.0;3740.0;5459.0;-47.0;99.0;-202.0;432.0;DIESEL
6060.0;9920.0;15990.0;25610.0;3927.0;5581.0;5750.0;9400.0;15230.0;24460.0;3753.0;5467.0;-49.0;99.0;-202.0;421.0;DIESEL
6080.0;9900.0;16050.0;25710.0;3916.0;5591.0;5690.0;9330.0;15220.0;24460.0;3748.0;5459.0;-49.0;103.0;-202.0;424.0;DIESEL
6090.0;9950.0;16060.0;25630.0;3935.0;5579.0;5710.0;9420.0;15260.0;24510.0;3748.0;5470.0;-49.0;95.0;-201.0;422.0;DIESEL
6100.0;9930.0;16080.0;25770.0;3924.0;5584.0;5720.0;9370.0;15250.0;24460.0;3750.0;5464.0;-50.0;94.0;-201.0;421.0;DIESEL
6110.0;9940.0;16010.0;25560.0;3913.0;5577.0;5810.0;9560.0;15410.0;24600.0;3761.0;5481.0;-50.0;104.0;-201.0;423.0;DIESEL
6090.0;9930.0;15970.0;25670.0;3913.0;5582.0;5720.0;9380.0;15200.0;24390.0;3754.0;5469.0;-50.0;103.0;-201.0;427.0;DIESEL
6070.0;9910.0;16030.0;25650.0;3922.0;5580.0;5750.0;9390.0;15280.0;24460.0;3763.0;5472.0;-45.0;104.0;-199.0;418.0;DIESEL
6080.0;9930.0;16030.0;25670.0;3928.0;5585.0;5700.0;9380.0;15190.0;24380.0;3745.0;5473.0;-52.0;97.0;-201.0;421.0;DIESEL
6100.0;9910.0;16000.0;25650.0;3918.0;5592.0;5690.0;9360.0;15270.0;24620.0;3762.0;5472.0;-52.0;104.0;-201.0;421.0;DIESEL
6100.0;9940.0;16110.0;25660.0;3918.0;5581.0;5810.0;9520.0;15420.0;24640.0;3783.0;5481.0;-45.0;99.0;-199.0;435.0;DIESEL
6120.0;9950.0;16080.0;25720.0;3924.0;5594.0;5740.0;9360.0;15320.0;24590.0;3764.0;5495.0;-52.0;101.0;-200.0;428.0;DIESEL
6120.0;9960.0;16120.0;25780.0;3940.0;5615.0;5760.0;9450.0;15260.0;24600.0;3779.0;5500.0;-52.0;115.0;-200.0;437.0;DIESEL
6120.0;9920.0;16090.0;25800.0;3939.0;5628.0;5780.0;9470.0;15390.0;24680.0;3768.0;5504.0;-47.0;106.0;-198.0;424.0;DIESEL
6100.0;9980.0;16150.0;25830.0;3955.0;5623.0;5730.0;9420.0;15280.0;24610.0;3773.0;5520.0;-47.0;98.0;-198.0;427.0;DIESEL
6080.0;9910.0;16070.0;25720.0;3937.0;5619.0;5790.0;9500.0;15390.0;24760.0;3777.0;5491.0;-49.0;93.0;-198.0;424.0;DIESEL
6140.0;9970.0;16100.0;25720.0;3953.0;5600.0;5730.0;9390.0;15260.0;24480.0;3782.0;5510.0;-47.0;105.0;-197.0;422.0;DIESEL
6120.0;9970.0;16110.0;25830.0;3944.0;5620.0;5830.0;9510.0;15460.0;24830.0;3784.0;5524.0;-47.0;90.0;-195.0;414.0;DIESEL
6110.0;10000.0;16180.0;25820.0;3950.0;5619.0;5770.0;9480.0;15410.0;24740.0;3794.0;5525.0;-46.0;99.0;-197.0;424.0;DIESEL
6140.0;10010.0;16140.0;25840.0;3956.0;5632.0;5770.0;9450.0;15420.0;24720.0;3786.0;5513.0;-46.0;108.0;-195.0;422.0;DIESEL
6140.0;10000.0;16240.0;25850.0;3953.0;5638.0;5820.0;9540.0;15460.0;24760.0;3805.0;5520.0;-43.0;95.0;-191.0;423.0;DIESEL
6130.0;10000.0;16140.0;25840.0;3948.0;5623.0;5780.0;9500.0;15430.0;24670.0;3786.0;5493.0;-46.0;102.0;-195.0;425.0;DIESEL
6120.0;9960.0;16060.0;25720.0;3943.0;5609.0;5780.0;9510.0;15490.0;24810.0;3800.0;5508.0;-46.0;105.0;-200.0;422.0;DIESEL
6180.0;10070.0;16220.0;26030.0;3959.0;5629.0;5740.0;9480.0;15370.0;24770.0;3793.0;5528.0;-45.0;98.0;-197.0;425.0;DIESEL
6200.0;10110.0;16310.0;26060.0;3968.0;5642.0;5840.0;9540.0;15490.0;24900.0;3798.0;5509.0;-44.0;92.0;-200.0;414.0;DIESEL
6140.0;9990.0;16240.0;25990.0;3969.0;5635.0;5780.0;9490.0;15460.0;24720.0;3802.0;5534.0;-44.0;106.0;-200.0;433.0;DIESEL
6160.0;10020.0;16240.0;26000.0;3966.0;5650.0;5830.0;9560.0;15490.0;24770.0;3780.0;5528.0;-44.0;103.0;-200.0;428.0;DIESEL
6150.0;10020.0;16270.0;25990.0;3964.0;5656.0;5800.0;9480.0;15480.0;24850.0;3795.0;5532.0;-45.0;104.0;-197.0;429.0;DIESEL
6130.0;9990.0;16130.0;25900.0;3975.0;5621.0;5730.0;9400.0;15260.0;24580.0;3780.0;5516.0;-44.0;102.0;-199.0;423.0;DIESEL
6170.0;10080.0;16340.0;26050.0;3955.0;5633.0;5820.0;9560.0;15510.0;24950.0;3798.0;5523.0;-46.0;92.0;-195.0;429.0;DIESEL
6200.0;10100.0;16280.0;26020.0;3978.0;5646.0;5910.0;9680.0;15700.0;25070.0;3814.0;5553.0;-46.0;98.0;-195.0;430.0;DIESEL
6210.0;10130.0;16310.0;26030.0;3971.0;5675.0;5800.0;9500.0;15390.0;24810.0;3790.0;5523.0;-43.0;105.0;-195.0;420.0;DIESEL
6170.0;10060.0;16250.0;26000.0;3981.0;5667.0;5820.0;9520.0;15500.0;24920.0;3810.0;5551.0;-43.0;99.0;-194.0;436.0;DIESEL
6190.0;10080.0;16300.0;26000.0;3972.0;5656.0;5740.0;9430.0;15330.0;24720.0;3804.0;5545.0;-46.0;103.0;-194.0;419.0;DIESEL
6230.0;10120.0;16400.0;26080.0;3983.0;5683.0;5870.0;9630.0;15630.0;24980.0;3805.0;5551.0;-41.0;100.0;-194.0;418.0;DIESEL
6250.0;10150.0;16320.0;26080.0;3997.0;5654.0;5860.0;9640.0;15570.0;25040.0;3825.0;5554.0;-41.0;108.0;-194.0;423.0;DIESEL
6210.0;10090.0;16300.0;25900.0;3975.0;5676.0;5920.0;9650.0;15700.0;25080.0;3819.0;5568.0;-41.0;95.0;-194.0;442.0;DIESEL
6230.0;10130.0;16350.0;26030.0;3995.0;5686.0;5940.0;9690.0;15680.0;25070.0;3852.0;5587.0;-38.0;101.0;-194.0;424.0;DIESEL
6270.0;10170.0;16430.0;26220.0;4003.0;5722.0;5800.0;9520.0;15530.0;25000.0;3828.0;5597.0;-36.0;104.0;-194.0;420.0;DIESEL
6260.0;10190.0;16450.0;26300.0;4012.0;5697.0;5890.0;9680.0;15660.0;25050.0;3831.0;5581.0;-36.0;103.0;-194.0;426.0;DIESEL
6230.0;10150.0;16370.0;26220.0;3983.0;5710.0;5850.0;9630.0;15670.0;25110.0;3835.0;5583.0;-38.0;108.0;-194.0;431.0;DIESEL
6250.0;10150.0;16460.0;26270.0;4006.0;5711.0;5790.0;9550.0;15610.0;25020.0;3824.0;5586.0;-39.0;104.0;-194.0;428.0;DIESEL
6220.0;10120.0;16400.0;26130.0;3999.0;5696.0;5890.0;9610.0;15670.0;25140.0;3844.0;5604.0;-47.0;103.0;-199.0;423.0;DIESEL
6240.0;10150.0;16410.0;26290.0;4023.0;5707.0;5910.0;9670.0;15740.0;25160.0;3850.0;5594.0;-47.0;101.0;-199.0;425.0;DIESEL
6280.0;10270.0;16500.0;26400.0;4009.0;5706.0;5910.0;9680.0;15630.0;25100.0;3838.0;5595.0;-47.0;99.0;-194.0;423.0;DIESEL
6240.0;10170.0;16510.0;26280.0;4010.0;5718.0;5910.0;9700.0;15700.0;25130.0;3845.0;5586.0;-49.0;97.0;-202.0;422.0;DIESEL
6250.0;10140.0;16430.0;26230.0;4006.0;5707.0;5890.0;9640.0;15710.0;25230.0;3849.0;5603.0;-50.0;96.0;-196.0;434.0;DIESEL
6270.0;10190.0;16470.0;26250.0;4020.0;5708.0;5960.0;9780.0;15780.0;25220.0;3851.0;5603.0;-49.0;100.0;-196.0;427.0;DIESEL
6270.0;10190.0;16490.0;26350.0;4011.0;5707.0;5870.0;9630.0;15580.0;24940.0;3845.0;5565.0;-49.0;103.0;-196.0;416.0;DIESEL
6270.0;10210.0;16500.0;26380.0;4012.0;5725.0;5860.0;9660.0;15700.0;25130.0;3848.0;5594.0;-41.0;99.0;-197.0;423.0;DIESEL
6270.0;10210.0;16490.0;26320.0;4022.0;5727.0;5860.0;9650.0;15690.0;25290.0;3862.0;5615.0;-40.0;98.0;-196.0;425.0;DIESEL
6310.0;10240.0;16470.0;26390.0;4025.0;5717.0;5910.0;9720.0;15760.0;25270.0;3866.0;5626.0;-40.0;95.0;-195.0;432.0;DIESEL
6320.0;10280.0;16520.0;26280.0;4023.0;5722.0;5990.0;9840.0;15890.0;25310.0;3865.0;5608.0;-40.0;102.0;-195.0;426.0;DIESEL
6250.0;10220.0;16460.0;26270.0;4032.0;5724.0;5940.0;9760.0;15800.0;25310.0;3868.0;5644.0;-41.0;103.0;-196.0;428.0;DIESEL
6340.0;10300.0;16660.0;26400.0;4027.0;5740.0;5950.0;9730.0;15730.0;25220.0;3863.0;5604.0;-42.0;115.0;-196.0;432.0;DIESEL
6290.0;10240.0;16520.0;26380.0;4021.0;5728.0;5950.0;9730.0;15790.0;25260.0;3867.0;5645.0;-42.0;106.0;-196.0;423.0;DIESEL
6360.0;10300.0;16600.0;26440.0;4026.0;5734.0;5950.0;9760.0;15810.0;25330.0;3867.0;5640.0;-44.0;108.0;-202.0;434.0;DIESEL
6310.0;10270.0;16630.0;26410.0;4048.0;5740.0;5920.0;9720.0;15670.0;25200.0;3845.0;5621.0;-50.0;104.0;-202.0;422.0;DIESEL
6280.0;10230.0;16460.0;26280.0;4031.0;5727.0;6000.0;9840.0;15960.0;25360.0;3875.0;5644.0;-50.0;105.0;-197.0;433.0;DIESEL
6330.0;10270.0;16610.0;26390.0;4034.0;5744.0;5890.0;9660.0;15760.0;25150.0;3867.0;5640.0;-50.0;97.0;-197.0;430.0;DIESEL
6310.0;10300.0;16630.0;26380.0;4036.0;5742.0;5850.0;9560.0;15560.0;24910.0;3842.0;5606.0;-50.0;98.0;-200.0;427.0;DIESEL
6260.0;10180.0;16420.0;26270.0;4035.0;5734.0;5910.0;9700.0;15690.0;25110.0;3866.0;5629.0;-45.0;102.0;-197.0;426.0;DIESEL
6280.0;10230.0;16490.0;26350.0;4033.0;5749.0;5980.0;9810.0;15860.0;25400.0;3873.0;5645.0;-45.0;104.0;-196.0;428.0;DIESEL
6360.0;10290.0;16610.0;26460.0;4036.0;5745.0;5890.0;9690.0;15660.0;25210.0;3862.0;5630.0;-49.0;113.0;-200.0;420.0;DIESEL
6300.0;10250.0;16530.0;26480.0;4045.0;5766.0;5880.0;9680.0;15740.0;25210.0;3878.0;5640.0;-49.0;107.0;-200.0;427.0;DIESEL
6310.0;10270.0;16610.0;26490.0;4037.0;5763.0;6000.0;9820.0;15970.0;25530.0;3878.0;5648.0;-49.0;104.0;-196.0;423.0;DIESEL
6340.0;10320.0;16600.0;26600.0;4066.0;5779.0;5920.0;9710.0;15790.0;25320.0;3885.0;5659.0;-49.0;102.0;-201.0;430.0;DIESEL
6330.0;10310.0;16650.0;26540.0;4043.0;5749.0;5960.0;9770.0;15920.0;25460.0;3892.0;5671.0;-45.0;102.0;-203.0;427.0;DIESEL
6370.0;10390.0;16720.0;26610.0;4071.0;5776.0;5940.0;9810.0;15950.0;25430.0;3892.0;5670.0;-43.0;105.0;-201.0;431.0;DIESEL
6340.0;10300.0;16620.0;26610.0;4063.0;5788.0;5910.0;9700.0;15750.0;25370.0;3894.0;5657.0;-43.0;111.0;-195.0;430.0;DIESEL
6380.0;10370.0;16700.0;26670.0;4074.0;5773.0;6030.0;9870.0;15980.0;25630.0;3911.0;5671.0;-44.0;104.0;-201.0;420.0;DIESEL
6360.0;10360.0;16730.0;26690.0;4080.0;5785.0;5910.0;9740.0;15870.0;25420.0;3897.0;5671.0;-45.0;102.0;-195.0;434.0;DIESEL
6390.0;10430.0;16780.0;26760.0;4076.0;5807.0;6030.0;9870.0;15980.0;25460.0;3892.0;5689.0;-45.0;97.0;-195.0;425.0;DIESEL
6370.0;10360.0;16680.0;26740.0;4083.0;5804.0;6020.0;9890.0;16040.0;25670.0;3919.0;5679.0;-46.0;93.0;-203.0;420.0;DIESEL
6350.0;10360.0;16680.0;26740.0;4085.0;5805.0;5990.0;9760.0;15940.0;25630.0;3911.0;5699.0;-46.0;114.0;-203.0;424.0;DIESEL
6430.0;10420.0;16820.0;26810.0;4084.0;5807.0;6010.0;9840.0;15940.0;25600.0;3927.0;5711.0;-45.0;102.0;-195.0;432.0;DIESEL
6400.0;10430.0;16760.0;26780.0;4103.0;5807.0;5980.0;9810.0;15880.0;25560.0;3914.0;5725.0;-45.0;113.0;-203.0;423.0;DIESEL
6400.0;10410.0;16810.0;26700.0;4096.0;5814.0;6030.0;9910.0;16060.0;25630.0;3938.0;5708.0;-41.0;97.0;-195.0;422.0;DIESEL
6410.0;10400.0;16770.0;26790.0;4101.0;5812.0;5990.0;9770.0;15820.0;25340.0;3911.0;5698.0;-41.0;101.0;-195.0;427.0;DIESEL
6440.0;10460.0;16850.0;26780.0;4086.0;5817.0;5980.0;9780.0;15900.0;25620.0;3930.0;5705.0;-46.0;100.0;-196.0;424.0;DIESEL
6410.0;10400.0;16740.0;26740.0;4086.0;5815.0;6090.0;9970.0;16070.0;25780.0;3914.0;5705.0;-46.0;101.0;-201.0;426.0;DIESEL
6410.0;10470.0;16830.0;26790.0;4097.0;5826.0;6000.0;9860.0;15940.0;25580.0;3908.0;5703.0;-43.0;100.0;-201.0;426.0;DIESEL
6420.0;10400.0;16810.0;26760.0;4098.0;5820.0;6020.0;9850.0;16030.0;25660.0;3927.0;5697.0;-46.0;99.0;-201.0;431.0;DIESEL
6370.0;10330.0;16690.0;26680.0;4085.0;5821.0;5970.0;9780.0;15800.0;25430.0;3907.0;5698.0;-46.0;100.0;-201.0;427.0;DIESEL
6400.0;10380.0;16800.0;26770.0;4084.0;5832.0;6100.0;9990.0;16200.0;25810.0;3932.0;5706.0;-43.0;92.0;-201.0;435.0;DIESEL
6410.0;10450.0;16880.0;26890.0;4104.0;5821.0;6070.0;9940.0;16050.0;25770.0;3928.0;5701.0;-41.0;104.0;-198.0;435.0;DIESEL
6400.0;10390.0;16790.0;26870.0;4094.0;5834.0;6020.0;9870.0;16070.0;25740.0;3938.0;5703.0;-43.0;105.0;-197.0;419.0;DIESEL
6400.0;10440.0;16760.0;26810.0;4068.0;5827.0;6020.0;9870.0;16010.0;25690.0;3933.0;5716.0;-43.0;100.0;-198.0;417.0;DIESEL
6430.0;10500.0;16900.0;27020.0;4117.0;5830.0;6070.0;9990.0;16210.0;25900.0;3944.0;5728.0;-43.0;101.0;-198.0;428.0;DIESEL
6500.0;10510.0;16950.0;27030.0;4124.0;5880.0;6120.0;9990.0;16190.0;25830.0;3956.0;5755.0;-47.0;106.0;-202.0;422.0;DIESEL
6460.0;10500.0;16960.0;26950.0;4116.0;5855.0;6110.0;9990.0;16260.0;25840.0;3945.0;5745.0;-51.0;101.0;-202.0;428.0;DIESEL
6410.0;10450.0;16870.0;26980.0;4110.0;5860.0;6010.0;9890.0;16020.0;25750.0;3952.0;5737.0;-51.0;102.0;-202.0;432.0;DIESEL
6490.0;10520.0;16910.0;26930.0;4115.0;5861.0;6050.0;9890.0;16080.0;25750.0;3933.0;5727.0;-51.0;103.0;-202.0;425.0;DIESEL
6440.0;10460.0;16940.0;26990.0;4109.0;5846.0;6010.0;9890.0;15980.0;25700.0;3928.0;5732.0;-51.0;104.0;-202.0;434.0;DIESEL
6400.0;10450.0;16860.0;26880.0;4095.0;5849.0;6040.0;9940.0;16070.0;25910.0;3958.0;5749.0;-50.0;106.0;-200.0;435.0;DIESEL
6430.0;10490.0;16930.0;26930.0;4121.0;5876.0;6140.0;10070.0;16300.0;25970.0;3960.0;5752.0;-48.0;106.0;-200.0;429.0;DIESEL
6410.0;10460.0;16930.0;27020.0;4109.0;5864.0;6130.0;10040.0;16270.0;26020.0;3953.0;5741.0;-40.0;105.0;-200.0;428.0;DIESEL
6450.0;10510.0;17010.0;26990.0;4114.0;5862.0;6060.0;9900.0;16090.0;25870.0;3963.0;5757.0;-40.0;102.0;-200.0;420.0;DIESEL
6430.0;10500.0;16990.0;27110.0;4130.0;5861.0;6130.0;10050.0;16210.0;25980.0;3970.0;5756.0;-40.0;107.0;-195.0;434.0;DIESEL
6460.0;10490.0;16980.0;27020.0;4119.0;5863.0;6050.0;9920.0;16150.0;25880.0;3971.0;5760.0;-41.0;94.0;-193.0;421.0;DIESEL
6420.0;10460.0;16890.0;27050.0;4139.0;5888.0;6140.0;10050.0;16190.0;26090.0;3968.0;5772.0;-42.0;97.0;-193.0;424.0;DIESEL
6520.0;10570.0;17010.0;27120.0;4138.0;5895.0;6150.0;10050.0;16290.0;25920.0;3968.0;5774.0;-46.0;106.0;-195.0;433.0;DIESEL
6490.0;10560.0;17010.0;27020.0;4137.0;5884.0;6070.0;9930.0;16130.0;25870.0;3958.0;5776.0;-47.0;98.0;-197.0;420.0;DIESEL
6530.0;10600.0;17050.0;27250.0;4146.0;5885.0;6090.0;10050.0;16260.0;26040.0;3973.0;5767.0;-48.0;104.0;-200.0;435.0;DIESEL
6520.0;10590.0;17030.0;27200.0;4153.0;5890.0;6170.0;10110.0;16360.0;26190.0;3978.0;5784.0;-50.0;106.0;-200.0;434.0;DIESEL
6490.0;10580.0;17040.0;27090.0;4147.0;5892.0;6160.0;10120.0;16320.0;26020.0;3974.0;5789.0;-50.0;108.0;-200.0;426.0;DIESEL
6510.0;10590.0;17090.0;27200.0;4147.0;5887.0;6160.0;10070.0;16340.0;26180.0;4006.0;5777.0;-50.0;100.0;-198.0;429.0;DIESEL
6570.0;10600.0;17140.0;27250.0;4147.0;5894.0;6060.0;9910.0;16170.0;25970.0;3973.0;5772.0;-46.0;96.0;-198.0;436.0;DIESEL
6500.0;10570.0;17040.0;27210.0;4153.0;5889.0;6220.0;10170.0;16430.0;26200.0;3995.0;5777.0;-42.0;98.0;-197.0;422.0;DIESEL
6540.0;10680.0;17140.0;27250.0;4163.0;5897.0;6280.0;10290.0;16580.0;26240.0;3994.0;5808.0;-42.0;101.0;-197.0;427.0;DIESEL
6560.0;10630.0;17160.0;27380.0;4156.0;5898.0;6190.0;10130.0;16340.0;26090.0;3985.0;5793.0;-46.0;97.0;-199.0;425.0;DIESEL
6510.0;10610.0;17140.0;27180.0;4150.0;5905.0;6160.0;10110.0;16300.0;26040.0;3985.0;5780.0;-51.0;104.0;-200.0;425.0;DIESEL
6490.0;10500.0;17010.0;27190.0;4162.0;5893.0;6180.0;10120.0;16350.0;26080.0;3993.0;5787.0;-52.0;98.0;-199.0;423.0;DIESEL
6530.0;10620.0;17130.0;27310.0;4146.0;5896.0;6190.0;10110.0;16330.0;26080.0;3985.0;5765.0;-52.0;106.0;-199.0;431.0;DIESEL
6520.0;10560.0;17010.0;27190.0;4143.0;5894.0;6150.0;10060.0;16360.0;26140.0;3984.0;5806.0;-52.0;97.0;-195.0;429.0;DIESEL
6520.0;10620.0;17120.0;27180.0;4143.0;5889.0;6160.0;10050.0;16270.0;26030.0;3973.0;5781.0;-43.0;102.0;-195.0;423.0;DIESEL
6520.0;10580.0;17040.0;27250.0;4142.0;5897.0;6110.0;9970.0;16250.0;25900.0;3973.0;5798.0;-43.0;107.0;-195.0;430.0;DIESEL
6560.0;10620.0;17100.0;27230.0;4166.0;5930.0;6130.0;10030.0;16240.0;26030.0;3989.0;5804.0;-43.0;101.0;-195.0;430.0;DIESEL
6540.0;10610.0;17130.0;27300.0;4175.0;5927.0;6140.0;10020.0;16240.0;26100.0;3992.0;5808.0;-39.0;103.0;-197.0;418.0;DIESEL
6550.0;10610.0;17150.0;27280.0;4166.0;5929.0;6230.0;10140.0;16390.0;26210.0;3998.0;5804.0;-44.0;93.0;-199.0;428.0;DIESEL
6550.0;10610.0;17110.0;27220.0;4153.0;5927.0;6180.0;10110.0;16330.0;26090.0;3991.0;5807.0;-44.0;114.0;-202.0;428.0;DIESEL
6550.0;10620.0;17090.0;27320.0;4165.0;5930.0;6200.0;10200.0;16420.0;26220.0;4002.0;5807.0;-44.0;104.0;-200.0;423.0;DIESEL
6580.0;10640.0;17210.0;27370.0;4176.0;5934.0;6200.0;10130.0;16380.0;26310.0;4005.0;5830.0;-44.0;95.0;-202.0;425.0;DIESEL
6620.0;10740.0;17230.0;27510.0;4190.0;5922.0;6190.0;10120.0;16380.0;26210.0;4003.0;5817.0;-49.0;102.0;-202.0;430.0;DIESEL
6570.0;10660.0;17200.0;27370.0;4185.0;5938.0;6310.0;10240.0;16560.0;26310.0;4001.0;5830.0;-49.0;99.0;-202.0;429.0;DIESEL
6590.0;10680.0;17220.0;27370.0;4165.0;5948.0;6210.0;10130.0;16370.0;26230.0;4010.0;5822.0;-49.0;101.0;-201.0;435.0;DIESEL
6570.0;10650.0;17140.0;27280.0;4177.0;5927.0;6200.0;10150.0;16390.0;26070.0;3981.0;5820.0;-42.0;99.0;-201.0;437.0;DIESEL
6540.0;10670.0;17140.0;27380.0;4187.0;5949.0;6170.0;10120.0;16420.0;26350.0;4005.0;5842.0;-40.0;106.0;-201.0;420.0;DIESEL
6600.0;10730.0;17270.0;27490.0;4188.0;5953.0;6310.0;10290.0;16630.0;26490.0;4027.0;5845.0;-40.0;107.0;-201.0;427.0;DIESEL
6610.0;10710.0;17350.0;27590.0;4182.0;5950.0;6220.0;10150.0;16470.0;26210.0;4005.0;5831.0;-40.0;103.0;-201.0;429.0;DIESEL
6580.0;10670.0;17180.0;27530.0;4203.0;5960.0;6200.0;10210.0;16550.0;26450.0;4043.0;5854.0;-40.0;108.0;-201.0;430.0;DIESEL
6660.0;10780.0;17330.0;27590.0;4207.0;5964.0;6290.0;10290.0;16600.0;26550.0;4033.0;5861.0;-42.0;108.0;-205.0;429.0;DIESEL
6650.0;10820.0;17420.0;27710.0;4217.0;5979.0;6190.0;10090.0;16390.0;26160.0;4006.0;5820.0;-45.0;103.0;-199.0;427.0;DIESEL
6610.0;10740.0;17250.0;27430.0;4217.0;5972.0;6280.0;10230.0;16570.0;26450.0;4022.0;5830.0;-45.0;107.0;-196.0;421.0;DIESEL
6610.0;10710.0;17330.0;27510.0;4199.0;5974.0;6300.0;10260.0;16530.0;26420.0;4037.0;5858.0;-45.0;104.0;-195.0;432.0;DIESEL
6620.0;10760.0;17400.0;27530.0;4205.0;5986.0;6290.0;10280.0;16590.0;26450.0;4036.0;5866.0;-45.0;110.0;-195.0;431.0;DIESEL
6670.0;10800.0;17430.0;27750.0;4211.0;5991.0;6320.0;10260.0;16710.0;26740.0;4044.0;5878.0;-45.0;104.0;-195.0;423.0;DIESEL
6650.0;10790.0;17300.0;27680.0;4222.0;5992.0;6260.0;10260.0;16650.0;26530.0;4058.0;5882.0;-47.0;98.0;-196.0;432.0;DIESEL
6600.0;10740.0;17350.0;27680.0;4231.0;5984.0;6330.0;10340.0;16740.0;26680.0;4051.0;5875.0;-41.0;101.0;-201.0;424.0;DIESEL
6630.0;10750.0;17350.0;27560.0;4215.0;5979.0;6290.0;10280.0;16590.0;26470.0;4037.0;5861.0;-45.0;105.0;-202.0;429.0;DIESEL
6600.0;10750.0;17340.0;27590.0;4220.0;5982.0;6300.0;10290.0;16620.0;26540.0;4047.0;5873.0;-49.0;85.0;-202.0;432.0;DIESEL
6640.0;10760.0;17430.0;27730.0;4228.0;6008.0;6310.0;10330.0;16530.0;26530.0;4046.0;5904.0;-48.0;102.0;-202.0;426.0;DIESEL
6630.0;10710.0;17260.0;27570.0;4209.0;6005.0;6200.0;10210.0;16570.0;26330.0;4050.0;5889.0;-45.0;107.0;-201.0;424.0;DIESEL
6630.0;10770.0;17410.0;27770.0;4225.0;6020.0;6320.0;10300.0;16680.0;26680.0;4068.0;5893.0;-45.0;107.0;-198.0;428.0;DIESEL
6640.0;10790.0;17430.0;27690.0;4220.0;6006.0;6290.0;10310.0;16670.0;26850.0;4084.0;5892.0;-39.0;100.0;-192.0;430.0;DIESEL
6680.0;10850.0;17410.0;27700.0;4226.0;6012.0;6230.0;10190.0;16560.0;26550.0;4067.0;5892.0;-39.0;98.0;-192.0;435.0;DIESEL
6660.0;10800.0;17370.0;27600.0;4225.0;6001.0;6290.0;10320.0;16690.0;26810.0;4055.0;5870.0;-39.0;101.0;-192.0;423.0;DIESEL
6660.0;10830.0;17380.0;27770.0;4226.0;5982.0;6290.0;10300.0;16610.0;26460.0;4042.0;5900.0;-39.0;105.0;-196.0;421.0;DIESEL
6650.0;10760.0;17340.0;27740.0;4229.0;5996.0;6350.0;10360.0;16660.0;26700.0;4044.0;5904.0;-46.0;102.0;-197.0;425.0;DIESEL
6630.0;10760.0;17370.0;27860.0;4230.0;6002.0;6290.0;10280.0;16620.0;26670.0;4089.0;5892.0;-46.0;107.0;-197.0;426.0;DIESEL
6650.0;10820.0;17410.0;27730.0;4237.0;6017.0;6290.0;10280.0;16600.0;26560.0;4071.0;5903.0;-54.0;101.0;-201.0;434.0;DIESEL
6730.0;10910.0;17470.0;27900.0;4240.0;6028.0;6350.0;10350.0;16760.0;26660.0;4058.0;5894.0;-54.0;100.0;-200.0;421.0;DIESEL
6690.0;10850.0;17450.0;27840.0;4233.0;6035.0;6250.0;10240.0;16600.0;26590.0;4058.0;5901.0;-46.0;100.0;-200.0;427.0;DIESEL
6720.0;10850.0;17440.0;27850.0;4245.0;6028.0;6330.0;10310.0;16750.0;26770.0;4070.0;5904.0;-43.0;92.0;-199.0;429.0;DIESEL
6650.0;10780.0;17380.0;27730.0;4227.0;6019.0;6260.0;10240.0;16610.0;26570.0;4062.0;5878.0;-44.0;108.0;-199.0;432.0;DIESEL
6640.0;10820.0;17460.0;27730.0;4233.0;6030.0;6370.0;10390.0;16750.0;26670.0;4089.0;5902.0;-43.0;104.0;-199.0;427.0;DIESEL
6670.0;10810.0;17430.0;27770.0;4236.0;6044.0;6260.0;10220.0;16550.0;26490.0;4064.0;5902.0;-39.0;99.0;-196.0;432.0;DIESEL
6650.0;10820.0;17390.0;27670.0;4244.0;6032.0;6310.0;10280.0;16620.0;26640.0;4069.0;5912.0;-39.0;107.0;-199.0;435.0;DIESEL
6640.0;10820.0;17470.0;27850.0;4247.0;6028.0;6320.0;10330.0;16720.0;26680.0;4069.0;5929.0;-44.0;113.0;-199.0;434.0;DIESEL
6700.0;10870.0;17560.0;27850.0;4252.0;6059.0;6360.0;10310.0;16690.0;26700.0;4078.0;5942.0;-55.0;91.0;-205.0;428.0;DIESEL
6590.0;10690.0;17020.0;26850.0;4046.0;5740.0;6090.0;9950.0;16020.0;25470.0;3859.0;5590.0;-55.0;107.0;-205.0;433.0;DIESEL
6250.0;10090.0;16130.0;25360.0;3852.0;5486.0;5900.0;9630.0;15450.0;24510.0;3703.0;5363.0;-55.0;102.0;-205.0;429.0;DIESEL
6010.0;9720.0;15560.0;24450.0;3694.0;5293.0;5740.0;9290.0;14910.0;23650.0;3578.0;5193.0;-54.0;104.0;-202.0;435.0;DIESEL
5890.0;9470.0;15030.0;23540.0;3570.0;5129.0;5540.0;9040.0;14520.0;23040.0;3489.0;5054.0;-49.0;102.0;-202.0;438.0;DIESEL
5750.0;9240.0;14670.0;23090.0;3477.0;5009.0;5470.0;8840.0;14110.0;22260.0;3386.0;4893.0;-49.0;110.0;-202.0;431.0;DIESEL
5540.0;8910.0;14110.0;22210.0;3363.0;4850.0;5410.0;8700.0;13860.0;21850.0;3301.0;4787.0;-49.0;102.0;-201.0;429.0;DIESEL
5390.0;8660.0;13810.0;21630.0;3275.0;4724.0;5200.0;8420.0;13420.0;21220.0;3211.0;4660.0;-49.0;109.0;-201.0;432.0;DIESEL
5300.0;8490.0;13500.0;21270.0;3210.0;4634.0;5180.0;8350.0;13330.0;20900.0;3169.0;4587.0;-48.0;103.0;-203.0;427.0;DIESEL
5280.0;8460.0;13400.0;21040.0;3176.0;4574.0;5060.0;8190.0;13040.0;20640.0;3137.0;4547.0;-53.0;97.0;-201.0;432.0;DIESEL
5330.0;8530.0;13460.0;21130.0;3170.0;4561.0;5080.0;8200.0;13060.0;20560.0;3115.0;4520.0;-47.0;92.0;-201.0;431.0;DIESEL
5290.0;8430.0;13410.0;20970.0;3164.0;4554.0;5020.0;8110.0;13000.0;20540.0;3095.0;4509.0;-47.0;108.0;-201.0;429.0;DIESEL
5320.0;8480.0;13400.0;21000.0;3170.0;4552.0;5140.0;8270.0;13130.0;20600.0;3120.0;4515.0;-47.0;105.0;-198.0;441.0;DIESEL
5280.0;8480.0;13430.0;21070.0;3176.0;4558.0;5080.0;8130.0;12980.0;20650.0;3118.0;4519.0;-47.0;111.0;-198.0;429.0;DIESEL
5370.0;8560.0;13550.0;21200.0;3194.0;4564.0;5130.0;8260.0;13190.0;20720.0;3118.0;4518.0;-47.0;102.0;-204.0;442.0;DIESEL
5360.0;8500.0;13480.0;21010.0;3173.0;4537.0;5090.0;8180.0;12990.0;20410.0;3075.0;4445.0;-48.0;110.0;-204.0;426.0;DIESEL
5160.0;8230.0;12920.0;20230.0;3046.0;4390.0;4980.0;8000.0;12680.0;19910.0;2991.0;4347.0;-49.0;103.0;-206.0;423.0;DIESEL
5040.0;8010.0;12620.0;19650.0;2980.0;4266.0;4790.0;7750.0;12320.0;19300.0;2916.0;4222.0;-49.0;107.0;-209.0;428.0;DIESEL
4900.0;7790.0;12280.0;19150.0;2893.0;4177.0;4700.0;7560.0;12030.0;18910.0;2852.0;4126.0;-50.0;96.0;-209.0;437.0;DIESEL
4750.0;7550.0;11920.0;18570.0;2805.0;4048.0;4680.0;7460.0;11780.0;18430.0;2773.0;4013.0;-50.0;104.0;-206.0;430.0;DIESEL
4720.0;7490.0;11820.0;18370.0;2768.0;4001.0;4600.0;7360.0;11590.0;18190.0;2739.0;3965.0;-47.0;112.0;-206.0;433.0;DIESEL
4650.0;7350.0;11580.0;18050.0;2702.0;3906.0;4470.0;7140.0;11320.0;17660.0;2671.0;3870.0;-45.0;103.0;-206.0;429.0;DIESEL
4540.0;7230.0;11350.0;17600.0;2656.0;3820.0;4390.0;7010.0;11040.0;17290.0;2602.0;3774.0;-45.0;109.0;-199.0;431.0;DIESEL
4420.0;7010.0;10980.0;17150.0;2589.0;3721.0;4290.0;6850.0;10800.0;16900.0;2546.0;3689.0;-45.0;100.0;-199.0;435.0;DIESEL
4320.0;6840.0;10740.0;16760.0;2520.0;3636.0;4200.0;6670.0;10510.0;16450.0;2477.0;3605.0;-49.0;113.0;-199.0;434.0;DIESEL
4280.0;6770.0;10580.0;16430.0;2472.0;3548.0;4160.0;6600.0;10370.0;16140.0;2441.0;3547.0;-49.0;108.0;-198.0;438.0;DIESEL
4180.0;6620.0;10400.0;16210.0;2422.0;3496.0;4020.0;6400.0;10140.0;15840.0;2386.0;3457.0;-51.0;113.0;-199.0;437.0;DIESEL
4080.0;6470.0;10130.0;15790.0;2368.0;3420.0;3980.0;6310.0;9950.0;15560.0;2348.0;3393.0;-51.0;105.0;-202.0;432.0;DIESEL
4080.0;6450.0;10040.0;15580.0;2352.0;3378.0;3930.0;6250.0;9760.0;15310.0;2309.0;3364.0;-55.0;99.0;-207.0;429.0;DIESEL
4000.0;6300.0;9870.0;15360.0;2307.0;3331.0;3880.0;6170.0;9660.0;15130.0;2272.0;3320.0;-55.0;108.0;-207.0;435.0;DIESEL
3960.0;6240.0;9730.0;15070.0;2267.0;3276.0;3870.0;6120.0;9660.0;15040.0;2257.0;3256.0;-55.0;106.0;-212.0;437.0;DIESEL
3840.0;6100.0;9550.0;14790.0;2238.0;3222.0;3740.0;5930.0;9260.0;14540.0;2200.0;3200.0;-55.0;104.0;-211.0;432.0;DIESEL
3800.0;5990.0;9370.0;14550.0;2186.0;3173.0;3670.0;5840.0;9160.0;14390.0;2159.0;3150.0;-55.0;98.0;-213.0;435.0;DIESEL
3650.0;5740.0;8980.0;13920.0;2109.0;3080.0;3600.0;5700.0;8920.0;13870.0;2098.0;3058.0;-54.0;97.0;-211.0;435.0;DIESEL
3570.0;5600.0;8760.0;13600.0;2051.0;2985.0;3510.0;5540.0;8700.0;13580.0;2044.0;2983.0;-54.0;105.0;-211.0;438.0;DIESEL
3520.0;5550.0;8680.0;13490.0;2030.0;2944.0;3500.0;5520.0;8630.0;13380.0;2029.0;2944.0;-53.0;107.0;-211.0;435.0;DIESEL
3530.0;5550.0;8640.0;13420.0;2020.0;2929.0;3440.0;5460.0;8530.0;13370.0;2007.0;2913.0;-53.0;109.0;-206.0;438.0;DIESEL
3480.0;5470.0;8540.0;13240.0;1990.0;2898.0;3370.0;5330.0;8360.0;13010.0;1968.0;2876.0;-53.0;111.0;-206.0;434.0;DIESEL
3450.0;5410.0;8450.0;13130.0;1970.0;2852.0;3390.0;5350.0;8360.0;13020.0;1950.0;2825.0;-53.0;106.0;-211.0;438.0;DIESEL
3370.0;5310.0;8270.0;12800.0;1929.0;2818.0;3340.0;5260.0;8240.0;12830.0;1925.0;2808.0;-53.0;105.0;-211.0;431.0;DIESEL
3350.0;5270.0;8260.0;12850.0;1927.0;2803.0;3260.0;5150.0;8090.0;12710.0;1909.0;2804.0;-52.0;100.0;-206.0;431.0;DIESEL
3330.0;5230.0;8180.0;12630.0;1905.0;2767.0;3260.0;5180.0;8120.0;12610.0;1892.0;2758.0;-52.0;106.0;-204.0;434.0;DIESEL
3300.0;5180.0;8070.0;12470.0;1876.0;2731.0;3250.0;5140.0;8030.0;12420.0;1868.0;2701.0;-52.0;109.0;-204.0;439.0;DIESEL
3240.0;5080.0;7900.0;12290.0;1844.0;2687.0;3190.0;5000.0;7830.0;12180.0;1835.0;2680.0;-51.0;105.0;-204.0;440.0;DIESEL
3170.0;4980.0;7790.0;12060.0;1819.0;2647.0;3140.0;4940.0;7760.0;12070.0;1819.0;2635.0;-52.0;107.0;-204.0;435.0;DIESEL
3170.0;5000.0;7780.0;12080.0;1815.0;2643.0;3110.0;4920.0;7680.0;12010.0;1816.0;2645.0;-51.0;110.0;-204.0;443.0;DIESEL
3210.0;5050.0;7890.0;12200.0;1833.0;2657.0;3100.0;4890.0;7680.0;12000.0;1809.0;2645.0;-53.0;105.0;-204.0;439.0;DIESEL
3150.0;4930.0;7660.0;11950.0;1806.0;2638.0;3060.0;4820.0;7600.0;11910.0;1802.0;2629.0;-51.0;104.0;-204.0;440.0;DIESEL
3130.0;4920.0;7690.0;11920.0;1801.0;2622.0;3040.0;4830.0;7540.0;11780.0;1780.0;2599.0;-53.0;108.0;-204.0;435.0;DIESEL
3060.0;4830.0;7530.0;11770.0;1770.0;2576.0;3020.0;4750.0;7410.0;11590.0;1753.0;2557.0;-57.0;113.0;-208.0;437.0;DIESEL
3030.0;4780.0;7470.0;11570.0;1752.0;2560.0;3030.0;4790.0;7470.0;11660.0;1758.0;2559.0;-57.0;111.0;-208.0;439.0;DIESEL
3040.0;4810.0;7490.0;11620.0;1750.0;2539.0;2980.0;4720.0;7360.0;11530.0;1732.0;2534.0;-51.0;100.0;-208.0;431.0;DIESEL
3000.0;4700.0;7350.0;11460.0;1740.0;2511.0;2940.0;4620.0;7250.0;11310.0;1714.0;2509.0;-47.0;103.0;-195.0;433.0;DIESEL
2980.0;4690.0;7320.0;11330.0;1715.0;2505.0;2930.0;4650.0;7290.0;11340.0;1710.0;2505.0;-47.0;108.0;-195.0;438.0;DIESEL
2990.0;4710.0;7340.0;11420.0;1726.0;2513.0;2930.0;4640.0;7250.0;11360.0;1707.0;2518.0;-47.0;110.0;-195.0;435.0;DIESEL
2930.0;4640.0;7230.0;11260.0;1717.0;2492.0;2880.0;4510.0;7080.0;11100.0;1690.0;2488.0;-48.0;106.0;-199.0;437.0;DIESEL
2940.0;4600.0;7200.0;11180.0;1691.0;2487.0;2870.0;4520.0;7090.0;11190.0;1691.0;2463.0;-50.0;104.0;-203.0;430.0;DIESEL
2880.0;4540.0;7130.0;11070.0;1680.0;2445.0;2830.0;4460.0;7000.0;10970.0;1659.0;2419.0;-52.0;110.0;-206.0;440.0;DIESEL
2830.0;4460.0;6990.0;10860.0;1639.0;2399.0;2790.0;4420.0;6910.0;10770.0;1642.0;2402.0;-52.0;101.0;-206.0;437.0;DIESEL
2810.0;4420.0;6910.0;10680.0;1626.0;2371.0;2790.0;4380.0;6820.0;10760.0;1630.0;2375.0;-52.0;101.0;-206.0;431.0;DIESEL
2750.0;4330.0;6770.0;10550.0;1606.0;2348.0;2730.0;4320.0;6760.0;10580.0;1593.0;2335.0;-50.0;106.0;-206.0;429.0;DIESEL
2690.0;4230.0;6600.0;10290.0;1565.0;2297.0;2710.0;4250.0;6660.0;10410.0;1566.0;2309.0;-50.0;114.0;-202.0;442.0;DIESEL
2690.0;4220.0;6570.0;10300.0;1546.0;2286.0;2680.0;4200.0;6580.0;10240.0;1559.0;2284.0;-45.0;98.0;-199.0;434.0;DIESEL
2710.0;4280.0;6670.0;10380.0;1574.0;2312.0;2690.0;4250.0;6650.0;10330.0;1577.0;2314.0;-45.0;106.0;-199.0;436.0;DIESEL
2750.0;4340.0;6780.0;10570.0;1607.0;2357.0;2730.0;4300.0;6750.0;10510.0;1604.0;2352.0;-50.0;113.0;-202.0;445.0;DIESEL
2740.0;4320.0;6740.0;10460.0;1593.0;2345.0;2680.0;4270.0;6640.0;10400.0;1571.0;2332.0;-51.0;103.0;-205.0;439.0;DIESEL
2630.0;4160.0;6500.0;10170.0;1551.0;2291.0;2640.0;4170.0;6580.0;10310.0;1563.0;2293.0;-52.0;103.0;-205.0;434.0;DIESEL
2650.0;4190.0;6550.0;10190.0;1545.0;2289.0;2650.0;4160.0;6500.0;10150.0;1557.0;2300.0;-53.0;108.0;-206.0;439.0;DIESEL
2670.0;4230.0;6620.0;10370.0;1570.0;2297.0;2630.0;4170.0;6530.0;10240.0;1553.0;2311.0;-57.0;100.0;-212.0;437.0;DIESEL
2660.0;4220.0;6630.0;10360.0;1586.0;2337.0;2690.0;4240.0;6660.0;10450.0;1593.0;2351.0;-57.0;105.0;-212.0;443.0;DIESEL
2750.0;4320.0;6800.0;10680.0;1621.0;2360.0;2680.0;4250.0;6690.0;10590.0;1602.0;2364.0;-57.0;106.0;-207.0;437.0;DIESEL
2720.0;4320.0;6840.0;10650.0;1621.0;2383.0;2670.0;4250.0;6690.0;10560.0;1605.0;2370.0;-62.0;109.0;-213.0;434.0;DIESEL
2760.0;4360.0;6880.0;10760.0;1641.0;2420.0;2690.0;4270.0;6740.0;10740.0;1634.0;2418.0;-62.0;107.0;-214.0;434.0;DIESEL
2840.0;4500.0;7040.0;11050.0;1678.0;2461.0;2740.0;4350.0;6880.0;10870.0;1659.0;2458.0;-56.0;107.0;-207.0;421.0;DIESEL
2850.0;4540.0;7130.0;11170.0;1703.0;2479.0;2770.0;4430.0;6970.0;11000.0;1687.0;2488.0;-55.0;108.0;-210.0;439.0;DIESEL
2850.0;4530.0;7160.0;11190.0;1707.0;2510.0;2800.0;4450.0;7030.0;11080.0;1685.0;2483.0;-55.0;103.0;-210.0;426.0;DIESEL
2800.0;4440.0;6990.0;10980.0;1677.0;2456.0;2710.0;4310.0;6790.0;10780.0;1649.0;2425.0;-54.0;108.0;-204.0;438.0;DIESEL
2700.0;4300.0;6750.0;10610.0;1616.0;2375.0;2690.0;4270.0;6730.0;10570.0;1607.0;2364.0;-54.0;102.0;-204.0;437.0;DIESEL
2630.0;4190.0;6590.0;10290.0;1577.0;2315.0;2610.0;4140.0;6550.0;10320.0;1564.0;2316.0;-54.0;104.0;-203.0;434.0;DIESEL
2660.0;4210.0;6660.0;10480.0;1608.0;2358.0;2660.0;4220.0;6650.0;10530.0;1609.0;2381.0;-46.0;107.0;-201.0;433.0;DIESEL
2790.0;4430.0;7020.0;10960.0;1671.0;2466.0;2750.0;4390.0;7020.0;11060.0;1673.0;2491.0;-49.0;102.0;-201.0;435.0;DIESEL
2890.0;4630.0;7330.0;11540.0;1762.0;2599.0;2830.0;4520.0;7160.0;11440.0;1753.0;2585.0;-46.0;111.0;-199.0;429.0;DIESEL
2910.0;4650.0;7390.0;11570.0;1775.0;2595.0;2830.0;4550.0;7250.0;11430.0;1754.0;2601.0;-46.0;114.0;-199.0;440.0;DIESEL
2940.0;4670.0;7400.0;11660.0;1779.0;2609.0;2840.0;4520.0;7150.0;11320.0;1747.0;2580.0;-46.0;103.0;-198.0;437.0;DIESEL
2890.0;4600.0;7280.0;11450.0;1750.0;2570.0;2770.0;4460.0;7060.0;11230.0;1725.0;2546.0;-46.0;99.0;-199.0;429.0;DIESEL
2810.0;4500.0;7120.0;11160.0;1712.0;2533.0;2770.0;4430.0;7010.0;11200.0;1712.0;2532.0;-46.0;107.0;-198.0;434.0;DIESEL
2810.0;4450.0;7060.0;11210.0;1719.0;2546.0;2790.0;4410.0;7000.0;11150.0;1711.0;2542.0;-50.0;104.0;-201.0;433.0;DIESEL
2840.0;4570.0;7250.0;11460.0;1754.0;2582.0;2830.0;4510.0;7180.0;11320.0;1745.0;2609.0;-50.0;114.0;-202.0;435.0;DIESEL
2930.0;4660.0;7400.0;11650.0;1771.0;2610.0;2840.0;4550.0;7260.0;11530.0;1759.0;2598.0;-50.0;104.0;-202.0;432.0;DIESEL
2860.0;4560.0;7240.0;11420.0;1747.0;2593.0;2810.0;4480.0;7190.0;11400.0;1741.0;2582.0;-46.0;112.0;-201.0;433.0;DIESEL
2860.0;4580.0;7250.0;11410.0;1750.0;2579.0;2810.0;4500.0;7160.0;11320.0;1733.0;2556.0;-46.0;106.0;-201.0;437.0;DIESEL
2860.0;4590.0;7310.0;11520.0;1754.0;2585.0;2800.0;4480.0;7150.0;11280.0;1750.0;2566.0;-46.0;106.0;-201.0;434.0;DIESEL
2860.0;4580.0;7250.0;11450.0;1747.0;2558.0;2780.0;4440.0;7060.0;11290.0;1722.0;2554.0;-49.0;106.0;-199.0;441.0;DIESEL
2870.0;4570.0;7240.0;11410.0;1743.0;2561.0;2740.0;4390.0;6990.0;11040.0;1690.0;2523.0;-49.0;107.0;-196.0;437.0;DIESEL
2790.0;4440.0;7020.0;11040.0;1707.0;2507.0;2720.0;4330.0;6870.0;10850.0;1679.0;2483.0;-49.0;105.0;-199.0;436.0;DIESEL
2760.0;4390.0;6910.0;10870.0;1663.0;2461.0;2710.0;4320.0;6860.0;10880.0;1659.0;2453.0;-50.0;105.0;-201.0;435.0;DIESEL
2690.0;4290.0;6800.0;10710.0;1635.0;2410.0;2650.0;4250.0;6730.0;10610.0;1622.0;2389.0;-50.0;110.0;-201.0;436.0;DIESEL
2600.0;4140.0;6510.0;10260.0;1579.0;2369.0;2600.0;4120.0;6550.0;10330.0;1571.0;2345.0;-50.0;110.0;-201.0;443.0;DIESEL
2540.0;4030.0;6400.0;10100.0;1547.0;2299.0;2560.0;4070.0;6430.0;10100.0;1554.0;2289.0;-50.0;111.0;-204.0;429.0;DIESEL
2530.0;4060.0;6360.0;10090.0;1541.0;2282.0;2500.0;3980.0;6350.0;9960.0;1533.0;2267.0;-55.0;111.0;-204.0;442.0;DIESEL
2520.0;3990.0;6320.0;9950.0;1526.0;2253.0;2510.0;4000.0;6310.0;9970.0;1525.0;2237.0;-52.0;101.0;-204.0;436.0;DIESEL
2470.0;3930.0;6200.0;9700.0;1488.0;2208.0;2430.0;3860.0;6130.0;9690.0;1492.0;2226.0;-52.0;109.0;-205.0;435.0;DIESEL
2460.0;3910.0;6180.0;9700.0;1488.0;2208.0;2420.0;3840.0;6110.0;9690.0;1491.0;2193.0;-52.0;105.0;-207.0;438.0;DIESEL
2480.0;3960.0;6240.0;9750.0;1493.0;2205.0;2440.0;3870.0;6120.0;9730.0;1480.0;2207.0;-55.0;107.0;-208.0;434.0;DIESEL
2440.0;3890.0;6180.0;9700.0;1489.0;2203.0;2420.0;3860.0;6110.0;9660.0;1490.0;2196.0;-52.0;99.0;-207.0;433.0;DIESEL
2460.0;3950.0;6260.0;9770.0;1495.0;2216.0;2440.0;3900.0;6160.0;9800.0;1492.0;2213.0;-51.0;104.0;-207.0;432.0;DIESEL
2450.0;3880.0;6120.0;9640.0;1477.0;2198.0;2410.0;3840.0;6090.0;9670.0;1469.0;2180.0;-51.0;99.0;-200.0;437.0;DIESEL
2360.0;3750.0;5970.0;9410.0;1453.0;2167.0;2390.0;3810.0;6000.0;9530.0;1459.0;2187.0;-57.0;98.0;-200.0;439.0;DIESEL
2460.0;3930.0;6200.0;9800.0;1510.0;2218.0;2460.0;3950.0;6240.0;9910.0;1512.0;2251.0;-49.0;108.0;-200.0;436.0;DIESEL
2520.0;4030.0;6360.0;10110.0;1545.0;2276.0;2480.0;3970.0;6330.0;10090.0;1532.0;2271.0;-56.0;103.0;-202.0;441.0;DIESEL
2520.0;4020.0;6380.0;10010.0;1539.0;2270.0;2440.0;3890.0;6180.0;9860.0;1517.0;2252.0;-56.0;104.0;-204.0;440.0;DIESEL
2420.0;3880.0;6140.0;9690.0;1490.0;2207.0;2390.0;3810.0;6050.0;9600.0;1472.0;2175.0;-56.0;102.0;-213.0;437.0;DIESEL
2340.0;3740.0;5960.0;9320.0;1430.0;2127.0;2310.0;3670.0;5820.0;9290.0;1423.0;2111.0;-56.0;105.0;-204.0;438.0;DIESEL
2300.0;3670.0;5830.0;9170.0;1406.0;2097.0;2320.0;3700.0;5830.0;9240.0;1410.0;2106.0;-56.0;107.0;-204.0;438.0;DIESEL
2370.0;3790.0;6010.0;9480.0;1455.0;2171.0;2400.0;3800.0;6050.0;9580.0;1467.0;2183.0;-58.0;113.0;-204.0;441.0;DIESEL
2440.0;3910.0;6230.0;9800.0;1509.0;2234.0;2420.0;3870.0;6130.0;9810.0;1513.0;2251.0;-59.0;107.0;-210.0;444.0;DIESEL
2510.0;4030.0;6430.0;10170.0;1569.0;2321.0;2500.0;4030.0;6400.0;10270.0;1572.0;2335.0;-58.0;104.0;-203.0;440.0;DIESEL
2610.0;4180.0;6640.0;10540.0;1624.0;2394.0;2580.0;4150.0;6640.0;10580.0;1627.0;2395.0;-51.0;107.0;-198.0;430.0;DIESEL
2660.0;4300.0;6860.0;10840.0;1666.0;2453.0;2620.0;4220.0;6690.0;10720.0;1646.0;2453.0;-51.0;99.0;-201.0;427.0;DIESEL
2740.0;4400.0;7000.0;11090.0;1708.0;2505.0;2660.0;4270.0;6800.0;10880.0;1681.0;2475.0;-47.0;105.0;-201.0;435.0;DIESEL
2720.0;4360.0;6950.0;10950.0;1698.0;2490.0;2620.0;4220.0;6750.0;10780.0;1668.0;2477.0;-47.0;108.0;-201.0;442.0;DIESEL
2700.0;4330.0;6930.0;10930.0;1689.0;2484.0;2620.0;4230.0;6730.0;10740.0;1657.0;2461.0;-51.0;94.0;-206.0;434.0;DIESEL
2680.0;4320.0;6920.0;10910.0;1680.0;2483.0;2630.0;4220.0;6780.0;10780.0;1665.0;2467.0;-51.0;103.0;-206.0;435.0;DIESEL
2690.0;4340.0;6910.0;10960.0;1684.0;2488.0;2640.0;4260.0;6730.0;10760.0;1662.0;2469.0;-52.0;113.0;-207.0;440.0;DIESEL
2690.0;4320.0;6910.0;10950.0;1688.0;2483.0;2610.0;4180.0;6740.0;10770.0;1659.0;2462.0;-52.0;100.0;-207.0;431.0;DIESEL
2720.0;4380.0;7020.0;11130.0;1711.0;2513.0;2650.0;4240.0;6810.0;10880.0;1677.0;2498.0;-52.0;107.0;-207.0;441.0;DIESEL
2750.0;4400.0;7020.0;11140.0;1705.0;2526.0;2660.0;4270.0;6810.0;10900.0;1685.0;2504.0;-56.0;112.0;-207.0;428.0;DIESEL
2740.0;4410.0;7020.0;11100.0;1711.0;2538.0;2640.0;4290.0;6850.0;11010.0;1687.0;2533.0;-56.0;101.0;-207.0;436.0;DIESEL
2760.0;4420.0;7070.0;11260.0;1730.0;2567.0;2710.0;4350.0;6940.0;11070.0;1714.0;2552.0;-56.0;109.0;-207.0;437.0;DIESEL
2660.0;4290.0;6790.0;10850.0;1672.0;2485.0;2630.0;4190.0;6730.0;10670.0;1648.0;2443.0;-57.0;109.0;-207.0;440.0;DIESEL
2530.0;4060.0;6430.0;10180.0;1578.0;2356.0;2520.0;4060.0;6430.0;10310.0;1577.0;2348.0;-57.0;108.0;-211.0;432.0;DIESEL
2470.0;3970.0;6310.0;10010.0;1539.0;2304.0;2440.0;3940.0;6250.0;9970.0;1543.0;2300.0;-57.0;107.0;-211.0;436.0;DIESEL
2530.0;4050.0;6460.0;10200.0;1565.0;2317.0;2500.0;4020.0;6370.0;10160.0;1574.0;2341.0;-57.0;111.0;-211.0;434.0;DIESEL
2540.0;4110.0;6520.0;10260.0;1576.0;2340.0;2480.0;4020.0;6400.0;10190.0;1576.0;2351.0;-51.0;105.0;-203.0;435.0;DIESEL
2580.0;4130.0;6580.0;10480.0;1619.0;2392.0;2560.0;4110.0;6550.0;10490.0;1617.0;2406.0;-47.0;109.0;-203.0;436.0;DIESEL
2670.0;4300.0;6890.0;10920.0;1674.0;2464.0;2540.0;4100.0;6580.0;10590.0;1632.0;2461.0;-47.0;109.0;-203.0;441.0;DIESEL
2680.0;4320.0;6950.0;10980.0;1684.0;2489.0;2620.0;4220.0;6700.0;10790.0;1657.0;2461.0;-46.0;108.0;-202.0;438.0;DIESEL
2630.0;4210.0;6770.0;10680.0;1639.0;2415.0;2550.0;4110.0;6560.0;10490.0;1623.0;2402.0;-51.0;101.0;-203.0;438.0;DIESEL
2540.0;4070.0;6500.0;10290.0;1583.0;2344.0;2470.0;3990.0;6370.0;10150.0;1566.0;2332.0;-49.0;103.0;-205.0;435.0;DIESEL
2460.0;3950.0;6300.0;10000.0;1532.0;2265.0;2400.0;3860.0;6180.0;9880.0;1516.0;2239.0;-50.0;108.0;-205.0;439.0;DIESEL
2400.0;3840.0;6080.0;9620.0;1477.0;2201.0;2350.0;3770.0;5970.0;9580.0;1459.0;2169.0;-50.0;102.0;-205.0;441.0;DIESEL
2300.0;3680.0;5890.0;9290.0;1425.0;2128.0;2310.0;3700.0;5870.0;9320.0;1433.0;2133.0;-51.0;109.0;-205.0;433.0;DIESEL
2320.0;3700.0;5920.0;9310.0;1439.0;2126.0;2280.0;3660.0;5830.0;9250.0;1424.0;2100.0;-51.0;105.0;-206.0;439.0;DIESEL
2240.0;3580.0;5690.0;9010.0;1379.0;2049.0;2200.0;3530.0;5640.0;8950.0;1371.0;2026.0;-54.0;102.0;-201.0;433.0;DIESEL
2140.0;3430.0;5470.0;8620.0;1323.0;1972.0;2150.0;3420.0;5410.0;8570.0;1324.0;1978.0;-54.0;107.0;-201.0;434.0;DIESEL
2070.0;3310.0;5290.0;8300.0;1284.0;1933.0;2140.0;3390.0;5400.0;8530.0;1305.0;1935.0;-51.0;100.0;-201.0;437.0;DIESEL
2080.0;3320.0;5320.0;8400.0;1294.0;1928.0;2100.0;3350.0;5350.0;8420.0;1293.0;1938.0;-52.0;101.0;-201.0;440.0;DIESEL
2070.0;3310.0;5250.0;8360.0;1275.0;1919.0;2120.0;3390.0;5350.0;8470.0;1299.0;1935.0;-52.0;106.0;-201.0;435.0;DIESEL
2100.0;3360.0;5340.0;8340.0;1296.0;1926.0;2100.0;3360.0;5340.0;8510.0;1301.0;1932.0;-52.0;108.0;-209.0;442.0;DIESEL
2050.0;3300.0;5220.0;8260.0;1278.0;1906.0;2090.0;3340.0;5330.0;8400.0;1294.0;1922.0;-54.0;103.0;-210.0;434.0;DIESEL
2090.0;3350.0;5350.0;8470.0;1311.0;1942.0;2100.0;3330.0;5330.0;8530.0;1311.0;1957.0;-55.0;108.0;-210.0;433.0;DIESEL
2140.0;3430.0;5440.0;8680.0;1327.0;1981.0;2120.0;3390.0;5370.0;8530.0;1325.0;1958.0;-57.0;104.0;-210.0;431.0;DIESEL
2080.0;3340.0;5290.0;8410.0;1295.0;1930.0;2050.0;3290.0;5250.0;8330.0;1296.0;1936.0;-57.0;111.0;-210.0;437.0;DIESEL
2050.0;3280.0;5220.0;8330.0;1275.0;1910.0;2040.0;3300.0;5200.0;8310.0;1277.0;1901.0;-55.0;102.0;-206.0;437.0;DIESEL
2010.0;3220.0;5140.0;8090.0;1247.0;1855.0;2030.0;3230.0;5080.0;8080.0;1243.0;1863.0;-53.0;108.0;-206.0;442.0;DIESEL
1990.0;3170.0;5050.0;7980.0;1239.0;1837.0;1980.0;3170.0;5030.0;7990.0;1235.0;1833.0;-53.0;112.0;-203.0;437.0;DIESEL
1930.0;3080.0;4920.0;7810.0;1205.0;1793.0;1950.0;3110.0;4970.0;7850.0;1200.0;1807.0;-53.0;107.0;-203.0;432.0;DIESEL
1900.0;3030.0;4840.0;7670.0;1183.0;1757.0;1890.0;3020.0;4790.0;7660.0;1178.0;1772.0;-53.0;110.0;-203.0;434.0;DIESEL
1900.0;3040.0;4800.0;7600.0;1174.0;1746.0;1930.0;3070.0;4850.0;7660.0;1181.0;1748.0;-53.0;108.0;-205.0;438.0;DIESEL
1870.0;3010.0;4770.0;7530.0;1163.0;1746.0;1900.0;3020.0;4810.0;7600.0;1172.0;1747.0;-51.0;103.0;-205.0;437.0;DIESEL
1860.0;2990.0;4720.0;7470.0;1155.0;1735.0;1880.0;2990.0;4740.0;7530.0;1159.0;1737.0;-51.0;105.0;-205.0;437.0;DIESEL
1780.0;2860.0;4570.0;7240.0;1119.0;1695.0;1870.0;3010.0;4700.0;7470.0;1144.0;1718.0;-51.0;111.0;-205.0;438.0;DIESEL
1800.0;2900.0;4580.0;7290.0;1120.0;1696.0;1840.0;2940.0;4670.0;7370.0;1131.0;1687.0;-51.0;105.0;-205.0;431.0;DIESEL
1750.0;2810.0;4440.0;7010.0;1090.0;1631.0;1780.0;2850.0;4530.0;7200.0;1099.0;1635.0;-53.0;106.0;-207.0;430.0;DIESEL
1740.0;2790.0;4450.0;7020.0;1087.0;1609.0;1750.0;2790.0;4410.0;6950.0;1085.0;1610.0;-53.0;105.0;-209.0;442.0;DIESEL
1710.0;2720.0;4340.0;6900.0;1063.0;1577.0;1740.0;2750.0;4360.0;6990.0;1066.0;1592.0;-53.0;102.0;-209.0;439.0;DIESEL
1730.0;2790.0;4420.0;6990.0;1078.0;1603.0;1730.0;2770.0;4400.0;6980.0;1078.0;1627.0;-53.0;110.0;-211.0;436.0;DIESEL
1760.0;2830.0;4480.0;7080.0;1093.0;1633.0;1750.0;2790.0;4460.0;7120.0;1102.0;1649.0;-57.0;109.0;-213.0;435.0;DIESEL
1750.0;2820.0;4470.0;7030.0;1094.0;1624.0;1750.0;2800.0;4390.0;7060.0;1093.0;1627.0;-57.0;100.0;-213.0;438.0;DIESEL
1710.0;2740.0;4360.0;6920.0;1068.0;1598.0;1750.0;2750.0;4410.0;6980.0;1078.0;1600.0;-57.0;101.0;-209.0;434.0;DIESEL
1640.0;2650.0;4200.0;6660.0;1026.0;1536.0;1690.0;2660.0;4210.0;6730.0;1038.0;1541.0;-57.0;99.0;-209.0;438.0;DIESEL
1610.0;2570.0;4100.0;6440.0;995.0;1500.0;1650.0;2610.0;4150.0;6600.0;1013.0;1513.0;-51.0;106.0;-205.0;433.0;DIESEL
1590.0;2560.0;4050.0;6390.0;993.0;1490.0;1630.0;2590.0;4100.0;6580.0;1011.0;1523.0;-51.0;111.0;-205.0;439.0;DIESEL
1650.0;2650.0;4240.0;6670.0;1039.0;1577.0;1720.0;2740.0;4360.0;6900.0;1068.0;1607.0;-51.0;102.0;-203.0;442.0;DIESEL
1780.0;2880.0;4600.0;7320.0;1132.0;1683.0;1780.0;2870.0;4590.0;7350.0;1140.0;1721.0;-52.0;96.0;-205.0;435.0;DIESEL
1880.0;3030.0;4810.0;7700.0;1200.0;1796.0;1860.0;2980.0;4790.0;7660.0;1202.0;1809.0;-53.0;97.0;-208.0;437.0;DIESEL
1940.0;3140.0;5060.0;8020.0;1243.0;1841.0;1900.0;3060.0;4940.0;7990.0;1236.0;1833.0;-53.0;112.0;-208.0;434.0;DIESEL
1960.0;3180.0;5130.0;8220.0;1277.0;1902.0;1950.0;3110.0;4990.0;8140.0;1253.0;1894.0;-53.0;108.0;-208.0;437.0;DIESEL
2030.0;3270.0;5240.0;8430.0;1298.0;1938.0;2010.0;3270.0;5250.0;8390.0;1300.0;1964.0;-52.0;106.0;-208.0;435.0;DIESEL
2050.0;3310.0;5320.0;8540.0;1327.0;1971.0;2000.0;3230.0;5240.0;8380.0;1308.0;1957.0;-51.0;96.0;-209.0;443.0;DIESEL
2050.0;3340.0;5380.0;8660.0;1344.0;2015.0;2080.0;3370.0;5430.0;8710.0;1349.0;2029.0;-49.0;105.0;-209.0;423.0;DIESEL
2140.0;3490.0;5650.0;9050.0;1409.0;2104.0;2110.0;3410.0;5490.0;8890.0;1389.0;2085.0;-50.0;107.0;-209.0;434.0;DIESEL
2200.0;3580.0;5770.0;9320.0;1448.0;2152.0;2140.0;3450.0;5550.0;9010.0;1413.0;2137.0;-49.0;105.0;-205.0;437.0;DIESEL
2170.0;3520.0;5690.0;9160.0;1425.0;2119.0;2110.0;3400.0;5520.0;8880.0;1390.0;2076.0;-50.0;100.0;-207.0;438.0;DIESEL
2160.0;3510.0;5660.0;9090.0;1412.0;2113.0;2170.0;3530.0;5700.0;9170.0;1428.0;2128.0;-49.0;106.0;-205.0;430.0;DIESEL
2230.0;3630.0;5850.0;9360.0;1463.0;2182.0;2210.0;3580.0;5780.0;9350.0;1448.0;2170.0;-50.0;106.0;-205.0;442.0;DIESEL
2230.0;3640.0;5890.0;9430.0;1468.0;2177.0;2200.0;3570.0;5770.0;9300.0;1461.0;2181.0;-52.0;101.0;-207.0;441.0;DIESEL
2270.0;3690.0;5950.0;9570.0;1491.0;2209.0;2230.0;3600.0;5780.0;9380.0;1466.0;2189.0;-52.0;106.0;-207.0;435.0;DIESEL
2290.0;3730.0;5980.0;9570.0;1476.0;2199.0;2220.0;3600.0;5810.0;9420.0;1452.0;2180.0;-58.0;107.0;-205.0;434.0;DIESEL
2300.0;3740.0;6030.0;9620.0;1495.0;2219.0;2220.0;3590.0;5810.0;9420.0;1472.0;2205.0;-58.0;105.0;-205.0;436.0;DIESEL
2300.0;3720.0;6020.0;9650.0;1500.0;2221.0;2240.0;3630.0;5890.0;9550.0;1490.0;2216.0;-53.0;109.0;-204.0;436.0;DIESEL
2320.0;3770.0;6060.0;9710.0;1510.0;2228.0;2240.0;3640.0;5880.0;9580.0;1490.0;2222.0;-53.0;109.0;-204.0;435.0;DIESEL
2280.0;3720.0;6010.0;9620.0;1493.0;2218.0;2260.0;3650.0;5910.0;9480.0;1467.0;2213.0;-54.0;110.0;-204.0;435.0;DIESEL
2200.0;3580.0;5760.0;9260.0;1440.0;2166.0;2210.0;3560.0;5680.0;9200.0;1425.0;2146.0;-53.0;107.0;-204.0;440.0;DIESEL
2180.0;3570.0;5700.0;9130.0;1432.0;2167.0;2210.0;3590.0;5760.0;9250.0;1427.0;2145.0;-54.0;102.0;-206.0;439.0;DIESEL
2200.0;3560.0;5750.0;9190.0;1426.0;2138.0;2180.0;3540.0;5670.0;9210.0;1419.0;2119.0;-57.0;107.0;-207.0;437.0;DIESEL
2180.0;3530.0;5680.0;9030.0;1407.0;2100.0;2140.0;3460.0;5590.0;8990.0;1401.0;2096.0;-57.0;104.0;-207.0;435.0;DIESEL
2100.0;3400.0;5510.0;8810.0;1370.0;2067.0;2140.0;3430.0;5500.0;8820.0;1368.0;2077.0;-54.0;102.0;-208.0;435.0;DIESEL
2140.0;3490.0;5650.0;9080.0;1415.0;2113.0;2150.0;3500.0;5630.0;9040.0;1413.0;2114.0;-54.0;107.0;-208.0;443.0;DIESEL
2200.0;3590.0;5790.0;9200.0;1443.0;2129.0;2170.0;3500.0;5610.0;9060.0;1403.0;2109.0;-49.0;111.0;-208.0;440.0;DIESEL
2090.0;3360.0;5410.0;8680.0;1356.0;2020.0;2080.0;3350.0;5370.0;8640.0;1340.0;2015.0;-47.0;106.0;-202.0;434.0;DIESEL
1990.0;3200.0;5160.0;8270.0;1288.0;1928.0;2000.0;3240.0;5210.0;8350.0;1292.0;1932.0;-47.0;105.0;-208.0;433.0;DIESEL
1960.0;3180.0;5110.0;8170.0;1263.0;1880.0;1950.0;3150.0;5080.0;8110.0;1252.0;1875.0;-47.0;106.0;-208.0;436.0;DIESEL
1870.0;3030.0;4830.0;7800.0;1198.0;1823.0;1920.0;3060.0;4890.0;7780.0;1209.0;1806.0;-47.0;104.0;-201.0;426.0;DIESEL
1810.0;2940.0;4690.0;7540.0;1168.0;1755.0;1830.0;2980.0;4740.0;7600.0;1185.0;1764.0;-53.0;108.0;-206.0;427.0;DIESEL
1780.0;2860.0;4590.0;7300.0;1136.0;1716.0;1820.0;2910.0;4670.0;7390.0;1138.0;1720.0;-59.0;107.0;-206.0;434.0;DIESEL
1760.0;2840.0;4570.0;7280.0;1127.0;1696.0;1800.0;2890.0;4620.0;7450.0;1152.0;1727.0;-59.0;112.0;-203.0;435.0;DIESEL
1820.0;2940.0;4750.0;7540.0;1173.0;1749.0;1850.0;2980.0;4790.0;7620.0;1175.0;1754.0;-55.0;103.0;-201.0;431.0;DIESEL
1860.0;3010.0;4830.0;7710.0;1195.0;1787.0;1850.0;2980.0;4790.0;7730.0;1203.0;1788.0;-55.0;98.0;-203.0;434.0;DIESEL
1850.0;2990.0;4820.0;7690.0;1197.0;1793.0;1850.0;2980.0;4780.0;7770.0;1199.0;1796.0;-53.0;113.0;-202.0;439.0;DIESEL
1850.0;3010.0;4830.0;7710.0;1200.0;1806.0;1870.0;3010.0;4810.0;7760.0;1203.0;1820.0;-51.0;101.0;-201.0;439.0;DIESEL
1940.0;3130.0;5020.0;8050.0;1253.0;1872.0;1940.0;3150.0;5050.0;8100.0;1255.0;1884.0;-51.0;105.0;-200.0;435.0;DIESEL
1970.0;3210.0;5190.0;8310.0;1291.0;1928.0;1980.0;3200.0;5160.0;8230.0;1287.0;1939.0;-51.0;104.0;-202.0;428.0;DIESEL
1990.0;3240.0;5240.0;8370.0;1309.0;1953.0;2000.0;3230.0;5250.0;8410.0;1299.0;1959.0;-51.0;108.0;-202.0;436.0;DIESEL
1990.0;3240.0;5270.0;8470.0;1322.0;1990.0;2020.0;3300.0;5290.0;8550.0;1327.0;1991.0;-51.0;112.0;-200.0;433.0;DIESEL
2050.0;3320.0;5340.0;8630.0;1344.0;2017.0;2020.0;3270.0;5290.0;8570.0;1344.0;2010.0;-53.0;103.0;-202.0;431.0;DIESEL
2060.0;3350.0;5450.0;8760.0;1371.0;2047.0;2050.0;3330.0;5360.0;8750.0;1368.0;2063.0;-53.0;102.0;-205.0;435.0;DIESEL
2120.0;3460.0;5600.0;9040.0;1408.0;2102.0;2110.0;3390.0;5480.0;8890.0;1393.0;2094.0;-52.0;101.0;-205.0;441.0;DIESEL
2120.0;3460.0;5630.0;9040.0;1412.0;2112.0;2110.0;3410.0;5540.0;8900.0;1392.0;2093.0;-50.0;102.0;-202.0;440.0;DIESEL
2060.0;3380.0;5470.0;8750.0;1370.0;2049.0;2030.0;3290.0;5330.0;8680.0;1347.0;2026.0;-52.0;107.0;-205.0;436.0;DIESEL
1990.0;3230.0;5220.0;8400.0;1310.0;1975.0;1980.0;3200.0;5220.0;8380.0;1312.0;1967.0;-50.0;110.0;-205.0;437.0;DIESEL
1980.0;3230.0;5200.0;8350.0;1301.0;1955.0;2000.0;3220.0;5210.0;8360.0;1293.0;1959.0;-50.0;109.0;-205.0;436.0;DIESEL
1990.0;3260.0;5270.0;8470.0;1309.0;1978.0;2010.0;3250.0;5230.0;8420.0;1318.0;1986.0;-50.0;97.0;-205.0;427.0;DIESEL
2050.0;3350.0;5390.0;8660.0;1357.0;2035.0;2020.0;3290.0;5330.0;8690.0;1355.0;2036.0;-50.0;109.0;-205.0;437.0;DIESEL
2110.0;3440.0;5560.0;8910.0;1394.0;2072.0;2110.0;3420.0;5540.0;8900.0;1385.0;2085.0;-50.0;103.0;-205.0;434.0;DIESEL
2120.0;3470.0;5590.0;8990.0;1398.0;2095.0;2110.0;3420.0;5500.0;8850.0;1381.0;2090.0;-47.0;113.0;-205.0;446.0;DIESEL
2060.0;3340.0;5420.0;8750.0;1364.0;2051.0;2090.0;3400.0;5380.0;8710.0;1352.0;2030.0;-55.0;109.0;-199.0;440.0;DIESEL
2000.0;3260.0;5280.0;8470.0;1327.0;1993.0;2060.0;3330.0;5370.0;8570.0;1332.0;1996.0;-51.0;105.0;-199.0;433.0;DIESEL
2010.0;3260.0;5260.0;8500.0;1317.0;1961.0;2000.0;3210.0;5200.0;8370.0;1305.0;1950.0;-51.0;104.0;-203.0;437.0;DIESEL
1940.0;3150.0;5110.0;8190.0;1278.0;1926.0;1970.0;3200.0;5150.0;8250.0;1283.0;1912.0;-51.0;111.0;-203.0;441.0;DIESEL
1890.0;3080.0;4980.0;7980.0;1245.0;1866.0;1910.0;3080.0;4930.0;8000.0;1242.0;1867.0;-51.0;108.0;-203.0;435.0;DIESEL
1900.0;3100.0;5020.0;8020.0;1258.0;1870.0;1920.0;3120.0;5010.0;8100.0;1251.0;1873.0;-51.0;104.0;-204.0;433.0;DIESEL
1900.0;3090.0;5000.0;8010.0;1242.0;1848.0;1910.0;3090.0;4940.0;7930.0;1230.0;1850.0;-50.0;106.0;-203.0;436.0;DIESEL
1850.0;2990.0;4820.0;7730.0;1203.0;1805.0;1870.0;2990.0;4780.0;7780.0;1206.0;1800.0;-50.0;112.0;-202.0;432.0;DIESEL
1860.0;3020.0;4850.0;7720.0;1194.0;1799.0;1850.0;2980.0;4750.0;7710.0;1190.0;1777.0;-50.0;106.0;-202.0;439.0;DIESEL
1770.0;2880.0;4630.0;7390.0;1146.0;1721.0;1790.0;2890.0;4620.0;7430.0;1145.0;1708.0;-50.0;111.0;-206.0;438.0;DIESEL
1670.0;2720.0;4380.0;7020.0;1089.0;1641.0;1690.0;2720.0;4350.0;7020.0;1090.0;1637.0;-46.0;100.0;-206.0;435.0;DIESEL
1630.0;2660.0;4250.0;6820.0;1050.0;1597.0;1690.0;2720.0;4330.0;6890.0;1073.0;1604.0;-46.0;111.0;-206.0;439.0;DIESEL
1550.0;2500.0;4000.0;6470.0;1004.0;1522.0;1620.0;2590.0;4110.0;6620.0;1024.0;1528.0;-46.0;111.0;-206.0;440.0;DIESEL
1550.0;2520.0;4030.0;6410.0;1000.0;1501.0;1590.0;2540.0;4060.0;6530.0;1000.0;1509.0;-46.0;107.0;-206.0;445.0;DIESEL
1540.0;2500.0;4000.0;6340.0;987.0;1484.0;1570.0;2520.0;3990.0;6380.0;992.0;1501.0;-46.0;108.0;-201.0;431.0;DIESEL
1530.0;2460.0;4000.0;6290.0;977.0;1464.0;1560.0;2470.0;3930.0;6310.0;975.0;1456.0;-46.0;102.0;-194.0;444.0;DIESEL
1540.0;2500.0;4000.0;6340.0;987.0;1484.0;1570.0;2520.0;3990.0;6380.0;992.0;1501.0;-55.0;108.0;-201.0;431.0;DIESEL
1460.0;2340.0;3780.0;5990.0;936.0;1405.0;1500.0;2390.0;3820.0;6080.0;942.0;1404.0;-55.0;101.0;-201.0;430.0;DIESEL
1370.0;2200.0;3470.0;5550.0;868.0;1301.0;1400.0;2250.0;3540.0;5670.0;878.0;1313.0;-55.0;108.0;-209.0;437.0;DIESEL
