OFFCHIP_SENSIMOX_SnAu_150_200.0_IN-PHASE;OFFCHIP_SENSIMOX_SnAu_200_200.0_IN-PHASE;OFFCHIP_SENSIMOX_SnAu_250_200.0_IN-PHASE;OFFCHIP_SENSIMOX_SnAu_300_200.0_IN-PHASE;OFFCHIP_SENSIMOX_SnAu_350_200.0_IN-PHASE;OFFCHIP_SENSIMOX_SnAu_400_200.0_IN-PHASE;OFFCHIP_SENSIMOX_SnAu_150_78125.0_IN-PHASE;OFFCHIP_SENSIMOX_SnAu_200_78125.0_IN-PHASE;OFFCHIP_SENSIMOX_SnAu_250_78125.0_IN-PHASE;OFFCHIP_SENSIMOX_SnAu_300_78125.0_IN-PHASE;OFFCHIP_SENSIMOX_SnAu_350_78125.0_IN-PHASE;OFFCHIP_SENSIMOX_SnAu_400_78125.0_IN-PHASE;ONCHIP_ALUMINUM_OXIDE_OUT4_IN-PHASE;ONCHIP_ALUMINUM_OXIDE_OUT4_QUADRATURE;ONCHIP_ALUMINUM_OXIDE_OUT7_IN-PHASE;ONCHIP_ALUMINUM_OXIDE_OUT7_QUADRATURE;Unname;LABEL
1.0;1.0;1.0;1.0;1.0;1.0;1.0;1.0;1.0;1.0;1.0;1.0;1.0;1.0;1.0;1.0;DIESEL
-20.0;-40.0;-70.0;-140.0;-18.0;-21.0;-20.0;-30.0;-50.0;-80.0;-15.0;-18.0;10.0;-9.0;-7.0;10.0;DIESEL
-20.0;-30.0;-60.0;-120.0;-17.0;-9.0;0.0;-20.0;-30.0;-80.0;-14.0;-12.0;16.0;-9.0;-2.0;12.0;DIESEL
0.0;0.0;0.0;-20.0;-4.0;-28.0;-50.0;-60.0;-60.0;-130.0;-14.0;-32.0;3.0;21.0;-38.0;56.0;DIESEL
0.0;-20.0;-20.0;-40.0;-4.0;1.0;-10.0;0.0;0.0;60.0;14.0;28.0;3.0;-2.0;3.0;11.0;DIESEL
50.0;90.0;170.0;270.0;48.0;78.0;20.0;90.0;190.0;350.0;59.0;86.0;4.0;-3.0;2.0;11.0;DIESEL
70.0;110.0;200.0;320.0;54.0;76.0;40.0;80.0;170.0;340.0;55.0;79.0;3.0;-2.0;2.0;11.0;DIESEL
60.0;100.0;180.0;260.0;52.0;70.0;20.0;60.0;120.0;260.0;50.0;79.0;4.0;-2.0;2.0;11.0;DIESEL
60.0;90.0;180.0;280.0;50.0;73.0;20.0;70.0;130.0;270.0;52.0;78.0;4.0;-2.0;2.0;15.0;DIESEL
20.0;0.0;10.0;0.0;7.0;5.0;-10.0;-10.0;-10.0;20.0;2.0;-6.0;-1.0;3.0;-1.0;5.0;DIESEL
80.0;150.0;230.0;420.0;69.0;104.0;60.0;120.0;220.0;400.0;73.0;117.0;-7.0;-1.0;-10.0;8.0;DIESEL
170.0;300.0;470.0;820.0;130.0;198.0;100.0;210.0;370.0;700.0;115.0;183.0;-8.0;6.0;-15.0;8.0;DIESEL
170.0;290.0;470.0;850.0;134.0;190.0;100.0;230.0;420.0;700.0;119.0;174.0;-9.0;3.0;-17.0;8.0;DIESEL
150.0;270.0;430.0;740.0;118.0;167.0;90.0;170.0;310.0;600.0;101.0;153.0;-10.0;3.0;-17.0;14.0;DIESEL
140.0;250.0;390.0;700.0;110.0;154.0;110.0;200.0;350.0;590.0;108.0;158.0;-10.0;2.0;-21.0;10.0;DIESEL
200.0;370.0;600.0;1070.0;171.0;242.0;160.0;290.0;490.0;900.0;154.0;237.0;-10.0;5.0;-26.0;33.0;DIESEL
260.0;450.0;750.0;1320.0;214.0;312.0;200.0;370.0;650.0;1170.0;206.0;313.0;-10.0;5.0;-26.0;20.0;DIESEL
250.0;440.0;750.0;1340.0;223.0;351.0;210.0;380.0;690.0;1250.0;216.0;338.0;-10.0;9.0;-26.0;18.0;DIESEL
290.0;520.0;890.0;1540.0;258.0;397.0;220.0;440.0;780.0;1410.0;240.0;370.0;-5.0;11.0;-26.0;21.0;DIESEL
270.0;490.0;820.0;1450.0;241.0;366.0;200.0;390.0;670.0;1250.0;213.0;336.0;-5.0;14.0;-26.0;29.0;DIESEL
220.0;370.0;660.0;1170.0;192.0;309.0;160.0;320.0;600.0;1060.0;180.0;278.0;-5.0;12.0;-26.0;31.0;DIESEL
210.0;370.0;630.0;1120.0;181.0;271.0;150.0;300.0;520.0;950.0;166.0;243.0;-8.0;15.0;-28.0;33.0;DIESEL
180.0;340.0;550.0;980.0;164.0;251.0;130.0;270.0;470.0;860.0;155.0;240.0;-8.0;9.0;-33.0;45.0;DIESEL
200.0;360.0;600.0;1070.0;168.0;246.0;140.0;260.0;460.0;870.0;144.0;213.0;-9.0;12.0;-31.0;38.0;DIESEL
190.0;320.0;560.0;1000.0;158.0;222.0;130.0;260.0;460.0;810.0;137.0;195.0;-9.0;8.0;-31.0;48.0;DIESEL
160.0;290.0;490.0;860.0;138.0;196.0;110.0;220.0;400.0;720.0;126.0;187.0;-11.0;10.0;-33.0;28.0;DIESEL
140.0;250.0;400.0;710.0;115.0;162.0;90.0;200.0;340.0;620.0;104.0;144.0;-11.0;10.0;-31.0;31.0;DIESEL
120.0;210.0;360.0;650.0;103.0;133.0;80.0;150.0;270.0;500.0;89.0;121.0;-10.0;11.0;-31.0;40.0;DIESEL
120.0;220.0;350.0;620.0;93.0;115.0;60.0;120.0;180.0;430.0;73.0;98.0;-6.0;11.0;-27.0;44.0;DIESEL
110.0;210.0;340.0;570.0;86.0;112.0;40.0;90.0;180.0;340.0;67.0;85.0;-10.0;12.0;-41.0;40.0;DIESEL
80.0;150.0;250.0;460.0;66.0;80.0;40.0;100.0;190.0;380.0;59.0;80.0;-10.0;23.0;-43.0;40.0;DIESEL
70.0;120.0;180.0;360.0;53.0;64.0;10.0;40.0;90.0;230.0;40.0;41.0;-14.0;12.0;-43.0;53.0;DIESEL
90.0;150.0;230.0;410.0;62.0;66.0;10.0;50.0;100.0;240.0;45.0;54.0;-15.0;12.0;-39.0;51.0;DIESEL
60.0;110.0;170.0;300.0;44.0;45.0;0.0;20.0;30.0;140.0;28.0;28.0;-15.0;11.0;-39.0;44.0;DIESEL
60.0;110.0;160.0;310.0;45.0;43.0;-10.0;20.0;40.0;170.0;26.0;26.0;-15.0;10.0;-38.0;31.0;DIESEL
40.0;80.0;130.0;240.0;36.0;29.0;-10.0;20.0;30.0;70.0;18.0;21.0;-13.0;4.0;-31.0;35.0;DIESEL
50.0;90.0;130.0;240.0;36.0;23.0;0.0;20.0;40.0;80.0;17.0;25.0;-10.0;4.0;-28.0;35.0;DIESEL
40.0;70.0;120.0;210.0;30.0;31.0;0.0;30.0;60.0;140.0;25.0;25.0;-10.0;5.0;-27.0;30.0;DIESEL
80.0;150.0;230.0;400.0;62.0;82.0;30.0;30.0;160.0;300.0;54.0;72.0;-13.0;5.0;-27.0;27.0;DIESEL
90.0;150.0;250.0;460.0;73.0;96.0;30.0;30.0;150.0;300.0;54.0;71.0;-13.0;5.0;-26.0;41.0;DIESEL
50.0;90.0;140.0;300.0;44.0;61.0;0.0;20.0;30.0;150.0;31.0;45.0;-13.0;6.0;-26.0;25.0;DIESEL
-10.0;0.0;0.0;-20.0;-9.0;-17.0;-20.0;-20.0;-50.0;-80.0;-7.0;-8.0;2.0;0.0;15.0;-6.0;DIESEL
0.0;-10.0;-10.0;-10.0;-3.0;-7.0;-20.0;-20.0;-60.0;-70.0;-10.0;-10.0;0.0;3.0;-1.0;-6.0;DIESEL
0.0;-10.0;-10.0;-10.0;-2.0;-5.0;-10.0;-20.0;-40.0;-60.0;2.0;-1.0;-2.0;4.0;-2.0;-6.0;DIESEL
0.0;-10.0;-10.0;-10.0;0.0;-5.0;0.0;-20.0;-40.0;-60.0;1.0;16.0;-9.0;6.0;-2.0;-10.0;DIESEL
0.0;-10.0;0.0;0.0;0.0;15.0;0.0;-20.0;-40.0;-60.0;1.0;9.0;-5.0;6.0;-2.0;-10.0;DIESEL
0.0;-10.0;0.0;0.0;0.0;-4.0;0.0;-20.0;-40.0;-60.0;-1.0;12.0;-5.0;8.0;-2.0;-4.0;DIESEL
0.0;-10.0;0.0;0.0;0.0;-4.0;0.0;-20.0;-40.0;-60.0;-1.0;-6.0;-11.0;7.0;-2.0;-8.0;DIESEL
0.0;-10.0;0.0;0.0;0.0;-4.0;-10.0;-20.0;-40.0;-60.0;-1.0;-6.0;-5.0;10.0;-2.0;-6.0;DIESEL
0.0;0.0;10.0;0.0;3.0;-2.0;-10.0;-20.0;-30.0;-40.0;1.0;-6.0;-5.0;7.0;2.0;-2.0;DIESEL
30.0;40.0;60.0;90.0;13.0;10.0;-10.0;-10.0;-30.0;-40.0;5.0;12.0;-6.0;5.0;-5.0;-2.0;DIESEL
20.0;40.0;50.0;90.0;16.0;23.0;0.0;10.0;-20.0;0.0;7.0;24.0;-10.0;7.0;-5.0;-2.0;DIESEL
40.0;80.0;120.0;210.0;34.0;43.0;0.0;10.0;-10.0;0.0;18.0;32.0;-7.0;7.0;2.0;0.0;DIESEL
30.0;50.0;100.0;170.0;28.0;39.0;10.0;10.0;-10.0;0.0;13.0;32.0;-10.0;13.0;-5.0;8.0;DIESEL
30.0;40.0;70.0;120.0;20.0;28.0;10.0;0.0;0.0;0.0;12.0;23.0;-10.0;8.0;-13.0;8.0;DIESEL
50.0;90.0;170.0;320.0;56.0;90.0;30.0;70.0;150.0;260.0;43.0;39.0;-3.0;-6.0;-5.0;-8.0;DIESEL
70.0;130.0;230.0;380.0;60.0;76.0;10.0;50.0;90.0;190.0;30.0;19.0;-3.0;-6.0;-5.0;-8.0;DIESEL
50.0;90.0;170.0;260.0;40.0;44.0;0.0;30.0;40.0;120.0;21.0;-8.0;-1.0;-6.0;3.0;-8.0;DIESEL
40.0;80.0;150.0;230.0;31.0;33.0;-10.0;0.0;50.0;110.0;23.0;-10.0;-1.0;0.0;3.0;-8.0;DIESEL
60.0;90.0;180.0;280.0;36.0;29.0;-20.0;0.0;0.0;30.0;5.0;-28.0;0.0;0.0;2.0;-8.0;DIESEL
30.0;60.0;100.0;160.0;29.0;29.0;-20.0;0.0;0.0;30.0;5.0;-28.0;0.0;-1.0;2.0;-8.0;DIESEL
30.0;80.0;140.0;210.0;25.0;29.0;-20.0;0.0;0.0;30.0;5.0;-28.0;0.0;0.0;2.0;-8.0;DIESEL
40.0;80.0;150.0;220.0;29.0;32.0;10.0;30.0;70.0;120.0;18.0;-3.0;1.0;-1.0;-1.0;-8.0;DIESEL
60.0;110.0;210.0;370.0;58.0;74.0;20.0;60.0;110.0;220.0;44.0;45.0;1.0;-1.0;-1.0;-8.0;DIESEL
130.0;230.0;410.0;710.0;116.0;161.0;70.0;160.0;290.0;610.0;106.0;132.0;-1.0;-1.0;-1.0;-8.0;DIESEL
190.0;340.0;580.0;950.0;154.0;221.0;110.0;240.0;410.0;730.0;123.0;160.0;-1.0;-1.0;-1.0;-7.0;DIESEL
180.0;330.0;570.0;940.0;147.0;208.0;80.0;170.0;340.0;630.0;116.0;136.0;-1.0;-3.0;-1.0;-7.0;DIESEL
140.0;250.0;440.0;740.0;110.0;149.0;70.0;150.0;300.0;530.0;83.0;95.0;-1.0;-5.0;3.0;-7.0;DIESEL
120.0;200.0;360.0;610.0;91.0;114.0;30.0;80.0;190.0;380.0;63.0;56.0;-1.0;-3.0;4.0;-13.0;DIESEL
90.0;180.0;320.0;540.0;79.0;100.0;10.0;60.0;130.0;270.0;51.0;38.0;-1.0;-5.0;4.0;-15.0;DIESEL
100.0;180.0;330.0;540.0;79.0;96.0;10.0;50.0;110.0;240.0;42.0;40.0;-2.0;-7.0;-1.0;-15.0;DIESEL
50.0;110.0;210.0;320.0;42.0;48.0;0.0;30.0;70.0;150.0;25.0;0.0;-2.0;-9.0;0.0;-16.0;DIESEL
40.0;50.0;20.0;70.0;8.0;-12.0;0.0;-20.0;-20.0;0.0;-8.0;-15.0;1.0;7.0;0.0;7.0;DIESEL
20.0;20.0;20.0;-20.0;-3.0;-12.0;0.0;-20.0;-20.0;0.0;-8.0;-15.0;2.0;11.0;-7.0;18.0;DIESEL
20.0;20.0;20.0;-20.0;-3.0;-12.0;0.0;0.0;0.0;-30.0;-8.0;-15.0;1.0;13.0;-7.0;13.0;DIESEL
20.0;10.0;10.0;-30.0;-3.0;-12.0;0.0;-10.0;-10.0;-40.0;-8.0;-23.0;0.0;14.0;-7.0;16.0;DIESEL
20.0;30.0;30.0;-20.0;-3.0;-7.0;-10.0;-20.0;-20.0;-50.0;-9.0;-27.0;-1.0;13.0;-7.0;12.0;DIESEL
20.0;10.0;10.0;-30.0;-3.0;-7.0;-10.0;-10.0;-20.0;-50.0;-9.0;-25.0;0.0;18.0;-11.0;18.0;DIESEL
20.0;30.0;30.0;-10.0;-3.0;-7.0;-10.0;-10.0;-10.0;-40.0;-8.0;-23.0;-10.0;12.0;-15.0;20.0;DIESEL
20.0;10.0;10.0;-20.0;-6.0;-13.0;-10.0;-10.0;-20.0;-50.0;-9.0;-25.0;-5.0;8.0;-15.0;17.0;DIESEL
20.0;20.0;10.0;-10.0;-6.0;-13.0;0.0;-10.0;-20.0;-50.0;-9.0;-25.0;-5.0;8.0;-15.0;18.0;DIESEL
-20.0;-20.0;-20.0;-90.0;-21.0;-36.0;-30.0;-30.0;-40.0;-90.0;-15.0;-32.0;-2.0;18.0;-9.0;32.0;DIESEL
10.0;30.0;30.0;60.0;14.0;25.0;10.0;40.0;70.0;120.0;9.0;19.0;-7.0;-2.0;-9.0;11.0;DIESEL
10.0;20.0;50.0;40.0;11.0;22.0;20.0;50.0;70.0;120.0;15.0;24.0;-16.0;-2.0;-13.0;9.0;DIESEL
30.0;50.0;90.0;120.0;26.0;33.0;20.0;50.0;50.0;130.0;16.0;39.0;-15.0;-4.0;-13.0;5.0;DIESEL
20.0;50.0;90.0;140.0;29.0;44.0;20.0;50.0;100.0;190.0;22.0;53.0;-16.0;-4.0;-16.0;5.0;DIESEL
50.0;80.0;160.0;210.0;38.0;66.0;30.0;60.0;110.0;180.0;31.0;62.0;-17.0;-4.0;-16.0;5.0;DIESEL
50.0;100.0;170.0;260.0;43.0;65.0;30.0;70.0;120.0;190.0;35.0;61.0;-17.0;-1.0;-13.0;2.0;DIESEL
40.0;70.0;130.0;190.0;35.0;56.0;50.0;80.0;140.0;240.0;37.0;65.0;-15.0;-1.0;-13.0;1.0;DIESEL
150.0;250.0;440.0;750.0;139.0;251.0;150.0;290.0;560.0;1040.0;190.0;326.0;13.0;-2.0;16.0;-12.0;DIESEL
300.0;520.0;910.0;1610.0;283.0;476.0;310.0;580.0;1030.0;1800.0;305.0;507.0;12.0;-2.0;13.0;-9.0;DIESEL
420.0;730.0;1280.0;2230.0;377.0;618.0;380.0;700.0;1290.0;2280.0;386.0;634.0;12.0;-2.0;11.0;-9.0;DIESEL
490.0;860.0;1500.0;2640.0;451.0;728.0;430.0;810.0;1470.0;2670.0;455.0;741.0;6.0;-1.0;8.0;-8.0;DIESEL
580.0;1050.0;1820.0;3150.0;533.0;845.0;510.0;940.0;1690.0;3010.0;516.0;840.0;3.0;0.0;13.0;-5.0;DIESEL
620.0;1090.0;1920.0;3390.0;573.0;913.0;560.0;1050.0;1890.0;3290.0;564.0;919.0;5.0;0.0;5.0;-5.0;DIESEL
690.0;1220.0;2150.0;3770.0;635.0;1012.0;640.0;1170.0;2080.0;3690.0;624.0;1014.0;5.0;3.0;5.0;2.0;DIESEL
770.0;1320.0;2350.0;4080.0;685.0;1085.0;670.0;1240.0;2240.0;4000.0;675.0;1085.0;5.0;3.0;5.0;5.0;DIESEL
800.0;1410.0;2490.0;4270.0;715.0;1142.0;720.0;1310.0;2350.0;4140.0;700.0;1131.0;5.0;3.0;0.0;10.0;DIESEL
840.0;1470.0;2580.0;4470.0;746.0;1175.0;730.0;1320.0;2390.0;4310.0;726.0;1166.0;8.0;7.0;0.0;13.0;DIESEL
820.0;1460.0;2530.0;4400.0;737.0;1178.0;780.0;1410.0;2470.0;4320.0;727.0;1164.0;8.0;15.0;-6.0;18.0;DIESEL
870.0;1520.0;2670.0;4610.0;775.0;1224.0;780.0;1440.0;2540.0;4520.0;753.0;1206.0;8.0;8.0;-6.0;21.0;DIESEL
890.0;1570.0;2710.0;4710.0;782.0;1218.0;790.0;1460.0;2590.0;4610.0;770.0;1210.0;9.0;14.0;-6.0;21.0;DIESEL
920.0;1630.0;2820.0;4860.0;802.0;1246.0;810.0;1470.0;2640.0;4590.0;767.0;1224.0;5.0;8.0;-7.0;33.0;DIESEL
890.0;1560.0;2720.0;4750.0;791.0;1239.0;790.0;1430.0;2550.0;4490.0;758.0;1211.0;3.0;9.0;-7.0;29.0;DIESEL
870.0;1540.0;2690.0;4670.0;777.0;1235.0;790.0;1450.0;2560.0;4520.0;758.0;1220.0;-7.0;8.0;-25.0;24.0;DIESEL
880.0;1580.0;2740.0;4750.0;786.0;1253.0;830.0;1500.0;2620.0;4630.0;771.0;1242.0;-7.0;13.0;-28.0;41.0;DIESEL
890.0;1580.0;2760.0;4790.0;797.0;1257.0;830.0;1490.0;2660.0;4650.0;778.0;1234.0;-7.0;23.0;-41.0;57.0;DIESEL
970.0;1710.0;2970.0;5100.0;832.0;1309.0;830.0;1530.0;2720.0;4830.0;806.0;1285.0;-7.0;23.0;-41.0;68.0;DIESEL
990.0;1760.0;3060.0;5250.0;864.0;1337.0;870.0;1580.0;2820.0;4930.0;827.0;1312.0;-7.0;17.0;-41.0;65.0;DIESEL
1010.0;1790.0;3130.0;5370.0;877.0;1364.0;900.0;1600.0;2900.0;5080.0;854.0;1345.0;-5.0;19.0;-41.0;72.0;DIESEL
1070.0;1870.0;3250.0;5550.0;910.0;1416.0;960.0;1730.0;3060.0;5350.0;884.0;1387.0;-5.0;23.0;-41.0;75.0;DIESEL
1090.0;1900.0;3320.0;5700.0;936.0;1438.0;950.0;1760.0;3090.0;5390.0;891.0;1406.0;-7.0;25.0;-46.0;77.0;DIESEL
1130.0;1990.0;3460.0;5920.0;961.0;1473.0;950.0;1730.0;3110.0;5460.0;905.0;1442.0;-7.0;28.0;-49.0;86.0;DIESEL
1100.0;1950.0;3380.0;5800.0;947.0;1461.0;980.0;1780.0;3170.0;5490.0;907.0;1428.0;-7.0;31.0;-49.0;87.0;DIESEL
1110.0;1960.0;3420.0;5830.0;956.0;1462.0;950.0;1720.0;3080.0;5470.0;903.0;1423.0;-7.0;28.0;-52.0;89.0;DIESEL
1130.0;2010.0;3470.0;5940.0;966.0;1483.0;990.0;1790.0;3210.0;5600.0;926.0;1459.0;-9.0;24.0;-52.0;93.0;DIESEL
1170.0;2060.0;3590.0;6180.0;998.0;1512.0;1030.0;1870.0;3300.0;5720.0;943.0;1475.0;-9.0;22.0;-53.0;93.0;DIESEL
1150.0;2030.0;3520.0;6060.0;983.0;1523.0;1010.0;1830.0;3220.0;5670.0;951.0;1495.0;-7.0;30.0;-47.0;92.0;DIESEL
1130.0;2000.0;3470.0;5980.0;980.0;1517.0;1000.0;1830.0;3240.0;5680.0;943.0;1497.0;-8.0;32.0;-50.0;90.0;DIESEL
1160.0;2040.0;3530.0;6070.0;991.0;1536.0;1030.0;1900.0;3360.0;5820.0;963.0;1513.0;-8.0;22.0;-50.0;104.0;DIESEL
1180.0;2080.0;3620.0;6160.0;1015.0;1556.0;1020.0;1850.0;3320.0;5780.0;964.0;1523.0;-8.0;29.0;-53.0;93.0;DIESEL
1130.0;2000.0;3500.0;6020.0;988.0;1537.0;1070.0;1940.0;3400.0;5890.0;965.0;1517.0;-6.0;31.0;-55.0;105.0;DIESEL
1240.0;2190.0;3810.0;6510.0;1055.0;1595.0;1100.0;1990.0;3510.0;6110.0;1003.0;1566.0;-7.0;32.0;-56.0;105.0;DIESEL
1250.0;2200.0;3830.0;6580.0;1061.0;1614.0;1070.0;1940.0;3460.0;6060.0;1006.0;1590.0;-6.0;33.0;-56.0;106.0;DIESEL
1250.0;2200.0;3840.0;6540.0;1071.0;1639.0;1080.0;1960.0;3520.0;6130.0;1022.0;1606.0;-7.0;30.0;-56.0;107.0;DIESEL
1260.0;2230.0;3910.0;6670.0;1086.0;1662.0;1160.0;2070.0;3640.0;6310.0;1038.0;1636.0;-7.0;29.0;-63.0;109.0;DIESEL
1310.0;2300.0;3990.0;6740.0;1106.0;1683.0;1140.0;2070.0;3650.0;6370.0;1048.0;1634.0;-7.0;26.0;-63.0;114.0;DIESEL
1290.0;2290.0;3980.0;6770.0;1105.0;1698.0;1150.0;2070.0;3630.0;6320.0;1051.0;1650.0;1.0;24.0;-55.0;116.0;DIESEL
1340.0;2380.0;4100.0;7040.0;1139.0;1727.0;1130.0;2050.0;3670.0;6430.0;1077.0;1682.0;1.0;26.0;-56.0;114.0;DIESEL
1350.0;2380.0;4100.0;6960.0;1144.0;1738.0;1210.0;2180.0;3850.0;6640.0;1095.0;1705.0;1.0;29.0;-56.0;121.0;DIESEL
1360.0;2390.0;4170.0;7110.0;1154.0;1759.0;1210.0;2180.0;3860.0;6660.0;1097.0;1705.0;1.0;27.0;-56.0;108.0;DIESEL
1390.0;2440.0;4230.0;7220.0;1172.0;1777.0;1200.0;2160.0;3820.0;6650.0;1108.0;1723.0;-8.0;29.0;-58.0;114.0;DIESEL
1410.0;2490.0;4290.0;7340.0;1190.0;1799.0;1210.0;2200.0;3860.0;6800.0;1119.0;1750.0;-8.0;27.0;-60.0;114.0;DIESEL
1430.0;2530.0;4380.0;7440.0;1206.0;1835.0;1210.0;2230.0;3960.0;6950.0;1145.0;1783.0;-9.0;32.0;-69.0;126.0;DIESEL
1490.0;2610.0;4510.0;7630.0;1237.0;1861.0;1260.0;2270.0;4020.0;7000.0;1154.0;1807.0;-8.0;33.0;-62.0;120.0;DIESEL
1470.0;2580.0;4490.0;7610.0;1235.0;1867.0;1260.0;2280.0;4040.0;7060.0;1162.0;1812.0;-8.0;26.0;-69.0;124.0;DIESEL
1510.0;2620.0;4530.0;7680.0;1248.0;1884.0;1310.0;2360.0;4160.0;7210.0;1189.0;1841.0;-8.0;36.0;-69.0;116.0;DIESEL
1510.0;2640.0;4590.0;7770.0;1250.0;1891.0;1280.0;2320.0;4090.0;7190.0;1190.0;1841.0;-10.0;33.0;-71.0;118.0;DIESEL
1500.0;2640.0;4580.0;7820.0;1256.0;1908.0;1350.0;2400.0;4220.0;7320.0;1193.0;1849.0;-10.0;30.0;-71.0;119.0;DIESEL
1500.0;2640.0;4570.0;7780.0;1259.0;1919.0;1340.0;2410.0;4240.0;7220.0;1193.0;1868.0;-10.0;38.0;-71.0;112.0;DIESEL
1480.0;2600.0;4500.0;7670.0;1253.0;1909.0;1330.0;2410.0;4220.0;7320.0;1204.0;1870.0;-10.0;22.0;-71.0;121.0;DIESEL
1510.0;2650.0;4590.0;7780.0;1260.0;1905.0;1330.0;2380.0;4190.0;7340.0;1209.0;1862.0;-10.0;34.0;-71.0;127.0;DIESEL
1510.0;2640.0;4560.0;7810.0;1265.0;1923.0;1360.0;2420.0;4270.0;7400.0;1213.0;1884.0;-6.0;32.0;-66.0;126.0;DIESEL
1560.0;2720.0;4740.0;7990.0;1288.0;1948.0;1350.0;2430.0;4330.0;7450.0;1228.0;1904.0;-6.0;32.0;-66.0;126.0;DIESEL
1530.0;2700.0;4670.0;7960.0;1287.0;1958.0;1360.0;2430.0;4290.0;7410.0;1225.0;1902.0;-10.0;35.0;-75.0;126.0;DIESEL
1570.0;2760.0;4760.0;8110.0;1305.0;1971.0;1360.0;2460.0;4350.0;7540.0;1245.0;1917.0;-10.0;31.0;-75.0;128.0;DIESEL
1560.0;2740.0;4750.0;8090.0;1305.0;1975.0;1390.0;2460.0;4380.0;7580.0;1244.0;1922.0;-10.0;41.0;-75.0;123.0;DIESEL
1580.0;2770.0;4810.0;8180.0;1314.0;1982.0;1400.0;2530.0;4460.0;7680.0;1262.0;1936.0;-11.0;43.0;-75.0;129.0;DIESEL
1600.0;2790.0;4790.0;8150.0;1324.0;1988.0;1380.0;2500.0;4370.0;7630.0;1252.0;1943.0;-10.0;33.0;-72.0;130.0;DIESEL
1630.0;2840.0;4850.0;8320.0;1328.0;1998.0;1440.0;2560.0;4460.0;7750.0;1254.0;1947.0;-9.0;31.0;-72.0;131.0;DIESEL
1590.0;2800.0;4790.0;8220.0;1322.0;2008.0;1430.0;2540.0;4470.0;7700.0;1262.0;1947.0;-9.0;31.0;-79.0;140.0;DIESEL
1600.0;2820.0;4830.0;8200.0;1321.0;2000.0;1440.0;2570.0;4520.0;7750.0;1259.0;1946.0;-9.0;33.0;-79.0;129.0;DIESEL
1600.0;2820.0;4840.0;8240.0;1325.0;1995.0;1410.0;2530.0;4380.0;7570.0;1254.0;1926.0;-8.0;32.0;-79.0;134.0;DIESEL
1620.0;2810.0;4870.0;8280.0;1329.0;1999.0;1450.0;2590.0;4540.0;7690.0;1258.0;1952.0;-6.0;33.0;-79.0;133.0;DIESEL
1670.0;2910.0;5010.0;8450.0;1351.0;2027.0;1410.0;2530.0;4420.0;7720.0;1273.0;1958.0;-6.0;37.0;-75.0;147.0;DIESEL
1650.0;2890.0;4980.0;8480.0;1362.0;2033.0;1460.0;2600.0;4550.0;7830.0;1273.0;1975.0;-9.0;35.0;-75.0;140.0;DIESEL
1690.0;2940.0;5070.0;8510.0;1375.0;2048.0;1440.0;2600.0;4550.0;7930.0;1290.0;1982.0;-6.0;33.0;-75.0;145.0;DIESEL
1710.0;2990.0;5120.0;8680.0;1384.0;2074.0;1490.0;2640.0;4670.0;8070.0;1307.0;2007.0;-9.0;35.0;-76.0;135.0;DIESEL
1690.0;2940.0;5040.0;8550.0;1368.0;2050.0;1440.0;2580.0;4500.0;7860.0;1292.0;1988.0;-9.0;40.0;-78.0;134.0;DIESEL
1650.0;2880.0;4980.0;8430.0;1367.0;2034.0;1490.0;2650.0;4600.0;7890.0;1283.0;1967.0;-6.0;34.0;-79.0;137.0;DIESEL
1660.0;2920.0;5000.0;8470.0;1345.0;2032.0;1470.0;2610.0;4590.0;7920.0;1289.0;1973.0;-6.0;44.0;-79.0;136.0;DIESEL
1690.0;2930.0;5020.0;8500.0;1367.0;2044.0;1500.0;2680.0;4680.0;8010.0;1296.0;1983.0;-10.0;40.0;-82.0;134.0;DIESEL
1670.0;2920.0;5000.0;8470.0;1361.0;2039.0;1480.0;2630.0;4590.0;7900.0;1285.0;1968.0;-5.0;33.0;-79.0;141.0;DIESEL
1680.0;2920.0;5040.0;8490.0;1357.0;2023.0;1490.0;2650.0;4610.0;7880.0;1279.0;1975.0;-8.0;36.0;-79.0;130.0;DIESEL
1690.0;2950.0;5060.0;8530.0;1364.0;2047.0;1480.0;2630.0;4610.0;7900.0;1284.0;1986.0;-10.0;38.0;-82.0;135.0;DIESEL
1690.0;2940.0;5010.0;8470.0;1356.0;2035.0;1420.0;2550.0;4490.0;7720.0;1260.0;1958.0;-11.0;26.0;-83.0;144.0;DIESEL
1610.0;2830.0;4840.0;8280.0;1335.0;2006.0;1460.0;2570.0;4520.0;7760.0;1263.0;1939.0;-8.0;36.0;-76.0;140.0;DIESEL
1660.0;2900.0;4970.0;8400.0;1354.0;2016.0;1460.0;2570.0;4510.0;7730.0;1263.0;1943.0;-8.0;31.0;-83.0;134.0;DIESEL
1550.0;2720.0;4700.0;7940.0;1284.0;1940.0;1420.0;2530.0;4420.0;7620.0;1230.0;1899.0;-11.0;36.0;-85.0;134.0;DIESEL
1630.0;2850.0;4910.0;8280.0;1320.0;1977.0;1400.0;2500.0;4390.0;7570.0;1242.0;1906.0;-4.0;39.0;-83.0;140.0;DIESEL
1670.0;2910.0;5010.0;8370.0;1341.0;1995.0;1420.0;2540.0;4440.0;7730.0;1261.0;1930.0;-4.0;27.0;-85.0;146.0;DIESEL
1670.0;2910.0;4980.0;8400.0;1344.0;1993.0;1410.0;2520.0;4400.0;7650.0;1240.0;1933.0;-8.0;37.0;-85.0;146.0;DIESEL
1680.0;2940.0;5020.0;8450.0;1337.0;1997.0;1420.0;2540.0;4470.0;7670.0;1259.0;1940.0;-14.0;31.0;-85.0;146.0;DIESEL
1700.0;2950.0;5030.0;8520.0;1354.0;2005.0;1460.0;2610.0;4540.0;7770.0;1260.0;1938.0;-14.0;35.0;-85.0;140.0;DIESEL
1700.0;2950.0;5010.0;8420.0;1361.0;2015.0;1430.0;2570.0;4500.0;7760.0;1260.0;1944.0;-14.0;41.0;-85.0;143.0;DIESEL
1650.0;2880.0;4920.0;8340.0;1332.0;1992.0;1450.0;2600.0;4510.0;7740.0;1252.0;1942.0;-15.0;35.0;-85.0;145.0;DIESEL
1640.0;2860.0;4930.0;8310.0;1316.0;1978.0;1430.0;2530.0;4400.0;7590.0;1239.0;1908.0;-15.0;38.0;-85.0;141.0;DIESEL
1640.0;2850.0;4890.0;8280.0;1325.0;1983.0;1460.0;2580.0;4500.0;7710.0;1258.0;1929.0;-17.0;36.0;-88.0;147.0;DIESEL
1660.0;2890.0;4950.0;8340.0;1330.0;1992.0;1440.0;2590.0;4500.0;7760.0;1263.0;1922.0;-14.0;41.0;-87.0;141.0;DIESEL
1680.0;2930.0;5040.0;8460.0;1352.0;2006.0;1490.0;2630.0;4580.0;7860.0;1271.0;1956.0;-17.0;30.0;-89.0;144.0;DIESEL
1700.0;2970.0;5070.0;8510.0;1354.0;2011.0;1470.0;2610.0;4540.0;7770.0;1272.0;1946.0;-14.0;37.0;-87.0;135.0;DIESEL
1720.0;3000.0;5150.0;8630.0;1375.0;2028.0;1480.0;2630.0;4590.0;7870.0;1280.0;1960.0;-15.0;44.0;-89.0;149.0;DIESEL
1690.0;2950.0;5010.0;8500.0;1354.0;2017.0;1450.0;2570.0;4490.0;7780.0;1267.0;1949.0;-12.0;39.0;-87.0;152.0;DIESEL
1700.0;2930.0;5060.0;8550.0;1361.0;2016.0;1490.0;2620.0;4570.0;7920.0;1269.0;1946.0;-15.0;43.0;-86.0;154.0;DIESEL
1720.0;3000.0;5120.0;8670.0;1383.0;2039.0;1510.0;2700.0;4730.0;7930.0;1291.0;1970.0;-15.0;34.0;-86.0;152.0;DIESEL
1720.0;3000.0;5100.0;8570.0;1370.0;2023.0;1520.0;2690.0;4660.0;7900.0;1276.0;1959.0;-17.0;39.0;-89.0;145.0;DIESEL
1760.0;3060.0;5230.0;8720.0;1383.0;2044.0;1490.0;2640.0;4550.0;7860.0;1284.0;1968.0;-17.0;37.0;-91.0;146.0;DIESEL
1780.0;3110.0;5300.0;8800.0;1392.0;2051.0;1530.0;2670.0;4650.0;7940.0;1294.0;1981.0;-17.0;44.0;-91.0;154.0;DIESEL
1710.0;2980.0;5090.0;8590.0;1378.0;2033.0;1510.0;2680.0;4650.0;7940.0;1288.0;1973.0;-16.0;41.0;-93.0;153.0;DIESEL
1770.0;3090.0;5240.0;8730.0;1387.0;2048.0;1510.0;2670.0;4680.0;8040.0;1296.0;1975.0;-16.0;47.0;-91.0;156.0;DIESEL
1780.0;3080.0;5270.0;8830.0;1405.0;2060.0;1490.0;2640.0;4630.0;8000.0;1291.0;1986.0;-7.0;41.0;-91.0;158.0;DIESEL
1800.0;3110.0;5320.0;8860.0;1408.0;2075.0;1480.0;2650.0;4640.0;7950.0;1297.0;1988.0;-7.0;33.0;-85.0;146.0;DIESEL
1780.0;3070.0;5250.0;8810.0;1402.0;2070.0;1520.0;2700.0;4650.0;7970.0;1292.0;1986.0;-16.0;37.0;-85.0;153.0;DIESEL
1800.0;3110.0;5280.0;8860.0;1411.0;2075.0;1550.0;2730.0;4780.0;8080.0;1307.0;1999.0;-7.0;39.0;-85.0;154.0;DIESEL
1710.0;2980.0;5100.0;8590.0;1362.0;2032.0;1490.0;2680.0;4650.0;7990.0;1287.0;1966.0;-14.0;32.0;-85.0;152.0;DIESEL
1750.0;3030.0;5190.0;8660.0;1375.0;2040.0;1500.0;2650.0;4630.0;7910.0;1284.0;1951.0;-17.0;37.0;-90.0;145.0;DIESEL
1720.0;2990.0;5140.0;8650.0;1369.0;2018.0;1480.0;2600.0;4580.0;7810.0;1266.0;1944.0;-14.0;46.0;-90.0;150.0;DIESEL
1680.0;2950.0;5030.0;8460.0;1358.0;2009.0;1450.0;2590.0;4510.0;7750.0;1266.0;1937.0;-14.0;34.0;-90.0;138.0;DIESEL
1700.0;2960.0;5050.0;8470.0;1354.0;2007.0;1510.0;2680.0;4650.0;7900.0;1272.0;1947.0;-14.0;37.0;-90.0;151.0;DIESEL
1760.0;3060.0;5180.0;8690.0;1379.0;2029.0;1500.0;2670.0;4630.0;7950.0;1286.0;1975.0;-14.0;35.0;-90.0;157.0;DIESEL
1780.0;3080.0;5260.0;8800.0;1395.0;2051.0;1520.0;2700.0;4690.0;8020.0;1300.0;1973.0;-14.0;39.0;-92.0;148.0;DIESEL
1700.0;2990.0;5110.0;8560.0;1364.0;2014.0;1470.0;2590.0;4550.0;7820.0;1269.0;1944.0;-13.0;34.0;-95.0;162.0;DIESEL
1720.0;3010.0;5130.0;8600.0;1375.0;2012.0;1490.0;2630.0;4600.0;7860.0;1271.0;1954.0;-17.0;42.0;-96.0;147.0;DIESEL
1770.0;3050.0;5200.0;8700.0;1384.0;2035.0;1480.0;2620.0;4540.0;7850.0;1277.0;1968.0;-17.0;41.0;-96.0;154.0;DIESEL
1750.0;3040.0;5160.0;8670.0;1379.0;2029.0;1480.0;2630.0;4570.0;7860.0;1275.0;1952.0;-13.0;41.0;-96.0;146.0;DIESEL
1730.0;3040.0;5180.0;8680.0;1379.0;2030.0;1510.0;2670.0;4610.0;7900.0;1286.0;1968.0;-13.0;41.0;-96.0;154.0;DIESEL
1760.0;3040.0;5220.0;8740.0;1387.0;2033.0;1480.0;2610.0;4550.0;7790.0;1271.0;1954.0;-9.0;36.0;-90.0;163.0;DIESEL
1750.0;3050.0;5210.0;8740.0;1389.0;2045.0;1510.0;2670.0;4650.0;7880.0;1286.0;1971.0;-9.0;40.0;-90.0;149.0;DIESEL
1710.0;2960.0;5090.0;8580.0;1368.0;2012.0;1510.0;2640.0;4620.0;7890.0;1282.0;1959.0;-13.0;37.0;-93.0;160.0;DIESEL
1790.0;3080.0;5200.0;8710.0;1381.0;2027.0;1510.0;2670.0;4630.0;7920.0;1282.0;1963.0;-15.0;38.0;-93.0;158.0;DIESEL
1710.0;2990.0;5130.0;8580.0;1358.0;2009.0;1470.0;2600.0;4550.0;7750.0;1266.0;1944.0;-13.0;33.0;-92.0;150.0;DIESEL
1690.0;2930.0;5020.0;8420.0;1332.0;1979.0;1490.0;2650.0;4580.0;7740.0;1251.0;1935.0;-13.0;36.0;-92.0;164.0;DIESEL
1730.0;3010.0;5140.0;8640.0;1367.0;2009.0;1510.0;2670.0;4650.0;7880.0;1277.0;1948.0;-11.0;35.0;-88.0;167.0;DIESEL
1750.0;3030.0;5150.0;8610.0;1377.0;2019.0;1520.0;2670.0;4610.0;7880.0;1279.0;1948.0;-11.0;42.0;-88.0;151.0;DIESEL
1750.0;3040.0;5210.0;8720.0;1380.0;2022.0;1510.0;2660.0;4650.0;7930.0;1279.0;1950.0;-11.0;37.0;-88.0;159.0;DIESEL
1800.0;3130.0;5330.0;8900.0;1397.0;2048.0;1500.0;2670.0;4640.0;7990.0;1288.0;1960.0;-11.0;36.0;-85.0;163.0;DIESEL
1760.0;3050.0;5210.0;8780.0;1397.0;2034.0;1570.0;2750.0;4760.0;8070.0;1293.0;1969.0;-11.0;38.0;-83.0;157.0;DIESEL
1770.0;3050.0;5190.0;8710.0;1384.0;2033.0;1520.0;2680.0;4650.0;7980.0;1285.0;1973.0;-12.0;45.0;-83.0;153.0;DIESEL
1790.0;3090.0;5250.0;8780.0;1388.0;2037.0;1500.0;2640.0;4620.0;7890.0;1283.0;1965.0;-10.0;36.0;-83.0;156.0;DIESEL
1770.0;3080.0;5220.0;8810.0;1390.0;2051.0;1510.0;2700.0;4650.0;7970.0;1290.0;1970.0;-10.0;44.0;-95.0;166.0;DIESEL
1810.0;3130.0;5320.0;8920.0;1411.0;2074.0;1530.0;2700.0;4710.0;8060.0;1303.0;1978.0;-14.0;42.0;-96.0;165.0;DIESEL
1800.0;3130.0;5380.0;8960.0;1424.0;2073.0;1590.0;2810.0;4820.0;8200.0;1320.0;1993.0;-16.0;49.0;-96.0;167.0;DIESEL
1820.0;3170.0;5370.0;9020.0;1429.0;2073.0;1600.0;2780.0;4810.0;8110.0;1314.0;2004.0;-17.0;39.0;-97.0;159.0;DIESEL
1790.0;3130.0;5360.0;8940.0;1416.0;2077.0;1570.0;2770.0;4770.0;8130.0;1314.0;1996.0;-17.0;41.0;-97.0;160.0;DIESEL
1810.0;3120.0;5310.0;8860.0;1405.0;2071.0;1570.0;2770.0;4820.0;8190.0;1314.0;1994.0;-17.0;36.0;-97.0;165.0;DIESEL
1770.0;3060.0;5220.0;8730.0;1388.0;2051.0;1510.0;2670.0;4610.0;7930.0;1297.0;1983.0;-13.0;49.0;-91.0;166.0;DIESEL
1830.0;3170.0;5370.0;8950.0;1415.0;2068.0;1570.0;2780.0;4790.0;8210.0;1311.0;1995.0;-13.0;39.0;-91.0;152.0;DIESEL
1790.0;3120.0;5310.0;8870.0;1403.0;2063.0;1540.0;2720.0;4680.0;7970.0;1301.0;1976.0;-12.0;40.0;-90.0;173.0;DIESEL
1780.0;3100.0;5260.0;8830.0;1402.0;2044.0;1570.0;2760.0;4820.0;8160.0;1312.0;1989.0;-13.0;46.0;-91.0;164.0;DIESEL
1810.0;3150.0;5340.0;8940.0;1412.0;2063.0;1560.0;2740.0;4720.0;8040.0;1304.0;1992.0;-19.0;42.0;-96.0;161.0;DIESEL
1820.0;3140.0;5390.0;9000.0;1415.0;2064.0;1580.0;2770.0;4810.0;8110.0;1310.0;1989.0;-19.0;46.0;-96.0;166.0;DIESEL
1820.0;3160.0;5360.0;8990.0;1425.0;2079.0;1580.0;2770.0;4810.0;8140.0;1302.0;2006.0;-13.0;43.0;-97.0;164.0;DIESEL
1830.0;3160.0;5360.0;9010.0;1429.0;2093.0;1600.0;2820.0;4880.0;8270.0;1327.0;2016.0;-14.0;40.0;-97.0;172.0;DIESEL
1810.0;3110.0;5310.0;8870.0;1414.0;2065.0;1570.0;2780.0;4790.0;8160.0;1313.0;2000.0;-13.0;49.0;-91.0;156.0;DIESEL
1820.0;3160.0;5390.0;9000.0;1427.0;2085.0;1560.0;2780.0;4800.0;8180.0;1317.0;2009.0;-12.0;43.0;-90.0;166.0;DIESEL
1830.0;3190.0;5410.0;9020.0;1428.0;2078.0;1600.0;2760.0;4770.0;8110.0;1326.0;2013.0;-12.0;46.0;-88.0;175.0;DIESEL
1840.0;3180.0;5430.0;9070.0;1436.0;2090.0;1580.0;2770.0;4770.0;8100.0;1316.0;2005.0;-12.0;41.0;-88.0;169.0;DIESEL
1830.0;3160.0;5380.0;9020.0;1423.0;2081.0;1560.0;2770.0;4810.0;8160.0;1313.0;2010.0;-11.0;38.0;-88.0;168.0;DIESEL
1820.0;3150.0;5350.0;8920.0;1420.0;2074.0;1610.0;2820.0;4870.0;8250.0;1332.0;2014.0;-11.0;40.0;-93.0;164.0;DIESEL
1820.0;3140.0;5390.0;9000.0;1419.0;2095.0;1550.0;2750.0;4750.0;8130.0;1320.0;2007.0;-11.0;49.0;-93.0;169.0;DIESEL
1900.0;3290.0;5560.0;9300.0;1461.0;2113.0;1630.0;2840.0;4920.0;8390.0;1353.0;2040.0;-11.0;32.0;-94.0;169.0;DIESEL
1860.0;3230.0;5470.0;9180.0;1445.0;2115.0;1600.0;2800.0;4870.0;8280.0;1343.0;2036.0;-11.0;42.0;-93.0;170.0;DIESEL
1820.0;3160.0;5390.0;9010.0;1429.0;2080.0;1570.0;2770.0;4800.0;8140.0;1321.0;2010.0;-13.0;39.0;-94.0;165.0;DIESEL
1880.0;3240.0;5520.0;9240.0;1452.0;2113.0;1600.0;2800.0;4820.0;8260.0;1341.0;2028.0;-14.0;43.0;-94.0;167.0;DIESEL
1840.0;3190.0;5410.0;9060.0;1440.0;2092.0;1590.0;2790.0;4830.0;8220.0;1325.0;2014.0;-14.0;37.0;-94.0;153.0;DIESEL
1850.0;3200.0;5410.0;9020.0;1430.0;2082.0;1650.0;2870.0;4920.0;8260.0;1331.0;2024.0;-14.0;39.0;-92.0;173.0;DIESEL
1850.0;3190.0;5450.0;9130.0;1450.0;2105.0;1620.0;2860.0;4920.0;8320.0;1324.0;2034.0;-14.0;45.0;-95.0;174.0;DIESEL
1900.0;3260.0;5580.0;9230.0;1459.0;2125.0;1650.0;2900.0;4980.0;8410.0;1353.0;2043.0;-14.0;42.0;-95.0;170.0;DIESEL
1900.0;3280.0;5570.0;9300.0;1466.0;2123.0;1630.0;2840.0;4890.0;8340.0;1349.0;2049.0;-20.0;48.0;-99.0;163.0;DIESEL
1860.0;3200.0;5440.0;9120.0;1447.0;2116.0;1610.0;2830.0;4870.0;8280.0;1334.0;2041.0;-20.0;49.0;-99.0;166.0;DIESEL
1820.0;3140.0;5360.0;8990.0;1415.0;2079.0;1600.0;2790.0;4790.0;8210.0;1319.0;2014.0;-20.0;40.0;-104.0;178.0;DIESEL
1890.0;3250.0;5510.0;9200.0;1444.0;2113.0;1640.0;2870.0;4940.0;8350.0;1344.0;2041.0;-10.0;40.0;-99.0;167.0;DIESEL
1910.0;3260.0;5580.0;9250.0;1461.0;2117.0;1630.0;2850.0;4940.0;8370.0;1351.0;2051.0;-10.0;47.0;-99.0;165.0;DIESEL
1890.0;3270.0;5530.0;9270.0;1462.0;2128.0;1650.0;2860.0;4930.0;8330.0;1338.0;2045.0;-10.0;46.0;-97.0;174.0;DIESEL
1910.0;3290.0;5580.0;9330.0;1477.0;2146.0;1630.0;2880.0;4970.0;8390.0;1366.0;2069.0;-11.0;44.0;-97.0;177.0;DIESEL
1950.0;3360.0;5680.0;9450.0;1483.0;2153.0;1680.0;2930.0;5050.0;8490.0;1362.0;2069.0;-16.0;47.0;-97.0;174.0;DIESEL
1920.0;3290.0;5570.0;9380.0;1478.0;2151.0;1650.0;2910.0;5020.0;8540.0;1366.0;2079.0;-16.0;49.0;-93.0;168.0;DIESEL
1920.0;3300.0;5590.0;9380.0;1484.0;2145.0;1630.0;2860.0;4940.0;8390.0;1351.0;2071.0;-16.0;35.0;-93.0;168.0;DIESEL
1910.0;3310.0;5590.0;9280.0;1465.0;2138.0;1670.0;2950.0;5060.0;8560.0;1370.0;2076.0;-11.0;39.0;-95.0;165.0;DIESEL
1920.0;3320.0;5620.0;9360.0;1462.0;2142.0;1640.0;2870.0;4970.0;8410.0;1363.0;2067.0;-17.0;43.0;-98.0;169.0;DIESEL
1950.0;3350.0;5700.0;9500.0;1491.0;2162.0;1690.0;2950.0;5100.0;8580.0;1379.0;2082.0;-14.0;40.0;-100.0;177.0;DIESEL
1900.0;3290.0;5590.0;9340.0;1482.0;2150.0;1700.0;2960.0;5110.0;8590.0;1376.0;2074.0;-17.0;42.0;-100.0;168.0;DIESEL
1940.0;3350.0;5650.0;9470.0;1493.0;2174.0;1670.0;2950.0;5060.0;8530.0;1381.0;2097.0;-20.0;45.0;-100.0;171.0;DIESEL
1980.0;3380.0;5720.0;9490.0;1491.0;2183.0;1670.0;2920.0;5090.0;8600.0;1381.0;2098.0;-20.0;47.0;-100.0;174.0;DIESEL
1950.0;3380.0;5710.0;9530.0;1493.0;2181.0;1690.0;2960.0;5080.0;8620.0;1394.0;2106.0;-23.0;46.0;-100.0;175.0;DIESEL
1990.0;3430.0;5810.0;9660.0;1525.0;2210.0;1680.0;2960.0;5070.0;8640.0;1386.0;2123.0;-23.0;49.0;-104.0;171.0;DIESEL
1930.0;3320.0;5650.0;9410.0;1495.0;2177.0;1690.0;2980.0;5100.0;8630.0;1387.0;2111.0;-20.0;47.0;-104.0;175.0;DIESEL
2000.0;3430.0;5830.0;9630.0;1520.0;2204.0;1710.0;3010.0;5150.0;8750.0;1403.0;2127.0;-17.0;39.0;-101.0;172.0;DIESEL
2000.0;3450.0;5880.0;9780.0;1539.0;2231.0;1720.0;3020.0;5150.0;8740.0;1409.0;2141.0;-20.0;42.0;-101.0;172.0;DIESEL
2000.0;3450.0;5860.0;9780.0;1550.0;2232.0;1730.0;3030.0;5230.0;8840.0;1417.0;2148.0;-17.0;41.0;-100.0;182.0;DIESEL
1980.0;3440.0;5800.0;9710.0;1526.0;2220.0;1730.0;3050.0;5250.0;8870.0;1412.0;2142.0;-14.0;43.0;-98.0;178.0;DIESEL
1980.0;3420.0;5820.0;9640.0;1525.0;2217.0;1730.0;3000.0;5150.0;8760.0;1406.0;2140.0;-14.0;43.0;-98.0;173.0;DIESEL
1990.0;3420.0;5820.0;9710.0;1534.0;2228.0;1740.0;3040.0;5190.0;8760.0;1411.0;2129.0;-13.0;42.0;-97.0;173.0;DIESEL
2000.0;3430.0;5790.0;9730.0;1526.0;2224.0;1720.0;3040.0;5180.0;8770.0;1409.0;2138.0;-13.0;50.0;-97.0;176.0;DIESEL
2000.0;3440.0;5860.0;9710.0;1534.0;2222.0;1750.0;3040.0;5260.0;8810.0;1416.0;2146.0;-13.0;45.0;-104.0;176.0;DIESEL
2020.0;3460.0;5890.0;9730.0;1538.0;2231.0;1750.0;3040.0;5220.0;8800.0;1419.0;2150.0;-14.0;45.0;-105.0;174.0;DIESEL
2010.0;3440.0;5820.0;9670.0;1533.0;2224.0;1730.0;3010.0;5210.0;8790.0;1409.0;2148.0;-14.0;35.0;-105.0;173.0;DIESEL
1980.0;3430.0;5770.0;9660.0;1519.0;2215.0;1790.0;3090.0;5260.0;8870.0;1415.0;2131.0;-20.0;51.0;-105.0;168.0;DIESEL
1960.0;3380.0;5700.0;9560.0;1509.0;2197.0;1720.0;3000.0;5130.0;8690.0;1401.0;2116.0;-17.0;43.0;-104.0;177.0;DIESEL
1970.0;3420.0;5760.0;9550.0;1510.0;2195.0;1730.0;3030.0;5170.0;8800.0;1399.0;2119.0;-14.0;42.0;-104.0;166.0;DIESEL
1950.0;3350.0;5650.0;9490.0;1490.0;2186.0;1710.0;2990.0;5120.0;8630.0;1385.0;2108.0;-12.0;46.0;-101.0;165.0;DIESEL
1940.0;3330.0;5640.0;9360.0;1489.0;2158.0;1700.0;3010.0;5150.0;8700.0;1392.0;2108.0;-15.0;47.0;-101.0;179.0;DIESEL
1940.0;3320.0;5660.0;9420.0;1483.0;2161.0;1690.0;2950.0;5070.0;8640.0;1388.0;2090.0;-13.0;38.0;-103.0;183.0;DIESEL
1970.0;3400.0;5720.0;9520.0;1503.0;2189.0;1720.0;2990.0;5130.0;8620.0;1395.0;2115.0;-12.0;45.0;-98.0;173.0;DIESEL
2000.0;3430.0;5810.0;9650.0;1525.0;2207.0;1770.0;3090.0;5290.0;8900.0;1415.0;2130.0;-13.0;41.0;-98.0;176.0;DIESEL
1950.0;3370.0;5720.0;9530.0;1515.0;2195.0;1750.0;3050.0;5230.0;8790.0;1408.0;2123.0;-15.0;46.0;-98.0;169.0;DIESEL
2060.0;3500.0;5910.0;9820.0;1543.0;2237.0;1780.0;3090.0;5310.0;8890.0;1416.0;2157.0;-19.0;44.0;-100.0;177.0;DIESEL
2020.0;3470.0;5880.0;9750.0;1535.0;2231.0;1790.0;3150.0;5360.0;8940.0;1428.0;2152.0;-20.0;41.0;-100.0;169.0;DIESEL
2010.0;3460.0;5840.0;9700.0;1538.0;2219.0;1720.0;3000.0;5100.0;8730.0;1414.0;2150.0;-20.0;36.0;-100.0;166.0;DIESEL
2010.0;3440.0;5840.0;9700.0;1531.0;2233.0;1750.0;3050.0;5220.0;8860.0;1421.0;2150.0;-19.0;34.0;-97.0;176.0;DIESEL
2030.0;3480.0;5860.0;9760.0;1533.0;2225.0;1770.0;3100.0;5270.0;8820.0;1413.0;2142.0;-20.0;51.0;-100.0;170.0;DIESEL
2050.0;3490.0;5950.0;9870.0;1550.0;2252.0;1760.0;3070.0;5250.0;8920.0;1430.0;2167.0;-17.0;38.0;-96.0;181.0;DIESEL
2020.0;3470.0;5860.0;9750.0;1546.0;2226.0;1760.0;3080.0;5260.0;8900.0;1438.0;2163.0;-15.0;37.0;-96.0;171.0;DIESEL
2050.0;3520.0;5920.0;9820.0;1547.0;2255.0;1800.0;3110.0;5320.0;8990.0;1430.0;2178.0;-15.0;46.0;-99.0;171.0;DIESEL
2000.0;3430.0;5830.0;9740.0;1531.0;2234.0;1810.0;3140.0;5350.0;8990.0;1424.0;2151.0;-11.0;46.0;-99.0;181.0;DIESEL
2000.0;3440.0;5820.0;9740.0;1527.0;2226.0;1780.0;3100.0;5310.0;8900.0;1426.0;2146.0;-11.0;42.0;-99.0;177.0;DIESEL
2040.0;3510.0;5940.0;9810.0;1541.0;2253.0;1770.0;3070.0;5260.0;8910.0;1435.0;2166.0;-9.0;44.0;-99.0;175.0;DIESEL
2050.0;3520.0;5950.0;9900.0;1543.0;2257.0;1800.0;3130.0;5340.0;9010.0;1431.0;2171.0;-11.0;45.0;-100.0;173.0;DIESEL
2030.0;3490.0;5880.0;9780.0;1532.0;2234.0;1780.0;3110.0;5330.0;8950.0;1438.0;2166.0;-12.0;42.0;-97.0;175.0;DIESEL
2000.0;3430.0;5830.0;9740.0;1533.0;2223.0;1780.0;3090.0;5290.0;8940.0;1428.0;2163.0;-13.0;51.0;-100.0;173.0;DIESEL
2020.0;3490.0;5900.0;9830.0;1546.0;2269.0;1830.0;3160.0;5370.0;8990.0;1444.0;2173.0;-13.0;44.0;-100.0;183.0;DIESEL
2050.0;3510.0;5960.0;9910.0;1546.0;2261.0;1780.0;3080.0;5290.0;8960.0;1441.0;2183.0;-14.0;47.0;-105.0;181.0;DIESEL
2080.0;3550.0;6040.0;10080.0;1573.0;2276.0;1800.0;3120.0;5340.0;8980.0;1451.0;2187.0;-14.0;53.0;-100.0;178.0;DIESEL
2050.0;3560.0;6020.0;10030.0;1581.0;2294.0;1860.0;3220.0;5500.0;9200.0;1457.0;2194.0;-16.0;42.0;-105.0;170.0;DIESEL
2060.0;3530.0;6010.0;9990.0;1573.0;2279.0;1780.0;3110.0;5360.0;9020.0;1452.0;2195.0;-16.0;36.0;-105.0;180.0;DIESEL
2020.0;3460.0;5830.0;9690.0;1531.0;2248.0;1800.0;3120.0;5370.0;9020.0;1447.0;2168.0;-16.0;39.0;-105.0;181.0;DIESEL
2100.0;3600.0;6040.0;10080.0;1581.0;2299.0;1830.0;3140.0;5390.0;9090.0;1464.0;2207.0;-16.0;44.0;-101.0;186.0;DIESEL
2100.0;3590.0;6050.0;10070.0;1580.0;2296.0;1810.0;3150.0;5360.0;9070.0;1458.0;2206.0;-14.0;47.0;-105.0;174.0;DIESEL
2100.0;3620.0;6100.0;10110.0;1594.0;2297.0;1830.0;3190.0;5470.0;9260.0;1483.0;2228.0;-12.0;52.0;-101.0;180.0;DIESEL
2130.0;3660.0;6150.0;10210.0;1613.0;2334.0;1850.0;3200.0;5500.0;9200.0;1481.0;2237.0;-8.0;50.0;-97.0;171.0;DIESEL
2160.0;3690.0;6220.0;10300.0;1619.0;2348.0;1880.0;3260.0;5540.0;9370.0;1503.0;2261.0;-12.0;45.0;-96.0;186.0;DIESEL
2120.0;3610.0;6110.0;10180.0;1604.0;2337.0;1860.0;3230.0;5500.0;9220.0;1487.0;2241.0;-12.0;43.0;-97.0;180.0;DIESEL
2110.0;3600.0;6070.0;10110.0;1586.0;2322.0;1840.0;3220.0;5500.0;9280.0;1481.0;2231.0;-12.0;50.0;-96.0;172.0;DIESEL
2090.0;3580.0;6020.0;10040.0;1591.0;2303.0;1850.0;3210.0;5450.0;9120.0;1466.0;2221.0;-12.0;43.0;-96.0;169.0;DIESEL
2120.0;3630.0;6120.0;10110.0;1597.0;2323.0;1880.0;3260.0;5550.0;9330.0;1486.0;2246.0;-12.0;47.0;-96.0;168.0;DIESEL
2130.0;3650.0;6140.0;10230.0;1604.0;2331.0;1860.0;3240.0;5530.0;9350.0;1492.0;2247.0;-17.0;55.0;-96.0;175.0;DIESEL
2070.0;3550.0;6030.0;10010.0;1586.0;2295.0;1870.0;3230.0;5520.0;9240.0;1477.0;2220.0;-11.0;47.0;-96.0;168.0;DIESEL
2090.0;3580.0;6060.0;9970.0;1573.0;2285.0;1850.0;3190.0;5440.0;9140.0;1470.0;2207.0;-11.0;39.0;-99.0;182.0;DIESEL
2100.0;3590.0;6040.0;10050.0;1580.0;2299.0;1860.0;3220.0;5470.0;9210.0;1477.0;2227.0;-11.0;47.0;-99.0;174.0;DIESEL
2140.0;3670.0;6180.0;10240.0;1607.0;2334.0;1880.0;3280.0;5580.0;9340.0;1495.0;2270.0;-11.0;47.0;-102.0;179.0;DIESEL
2140.0;3650.0;6180.0;10230.0;1606.0;2333.0;1900.0;3310.0;5590.0;9430.0;1505.0;2257.0;-10.0;46.0;-99.0;179.0;DIESEL
2140.0;3690.0;6200.0;10280.0;1629.0;2354.0;1880.0;3270.0;5570.0;9420.0;1508.0;2267.0;-10.0;56.0;-100.0;182.0;DIESEL
2180.0;3730.0;6290.0;10410.0;1632.0;2368.0;1890.0;3270.0;5610.0;9390.0;1514.0;2273.0;-10.0;56.0;-100.0;171.0;DIESEL
2160.0;3700.0;6240.0;10360.0;1628.0;2363.0;1900.0;3280.0;5580.0;9430.0;1514.0;2277.0;-10.0;43.0;-102.0;173.0;DIESEL
2170.0;3710.0;6230.0;10400.0;1632.0;2363.0;1930.0;3330.0;5670.0;9560.0;1513.0;2276.0;-19.0;43.0;-102.0;176.0;DIESEL
2150.0;3680.0;6180.0;10280.0;1636.0;2360.0;1920.0;3350.0;5660.0;9520.0;1509.0;2282.0;-19.0;38.0;-102.0;182.0;DIESEL
2190.0;3710.0;6290.0;10360.0;1638.0;2371.0;1910.0;3310.0;5640.0;9510.0;1518.0;2292.0;-19.0;47.0;-102.0;177.0;DIESEL
2160.0;3720.0;6240.0;10440.0;1634.0;2364.0;1910.0;3320.0;5640.0;9490.0;1520.0;2290.0;-19.0;51.0;-101.0;176.0;DIESEL
2080.0;3560.0;5980.0;9970.0;1578.0;2302.0;1900.0;3300.0;5600.0;9320.0;1490.0;2235.0;-19.0;44.0;-101.0;179.0;DIESEL
2100.0;3600.0;6020.0;10030.0;1581.0;2305.0;1840.0;3210.0;5500.0;9210.0;1469.0;2225.0;-22.0;42.0;-101.0;185.0;DIESEL
2130.0;3640.0;6130.0;10170.0;1601.0;2323.0;1870.0;3270.0;5560.0;9300.0;1480.0;2241.0;-22.0;46.0;-101.0;182.0;DIESEL
2170.0;3710.0;6270.0;10320.0;1634.0;2353.0;1920.0;3320.0;5620.0;9380.0;1505.0;2275.0;-22.0;43.0;-108.0;175.0;DIESEL
2150.0;3690.0;6190.0;10270.0;1630.0;2364.0;1900.0;3320.0;5650.0;9450.0;1514.0;2264.0;-22.0;45.0;-109.0;179.0;DIESEL
2190.0;3740.0;6320.0;10400.0;1640.0;2372.0;1910.0;3310.0;5650.0;9510.0;1512.0;2284.0;-18.0;48.0;-108.0;180.0;DIESEL
2220.0;3780.0;6390.0;10590.0;1657.0;2389.0;1940.0;3350.0;5690.0;9640.0;1532.0;2293.0;-18.0;40.0;-108.0;181.0;DIESEL
2190.0;3760.0;6340.0;10550.0;1649.0;2393.0;1970.0;3400.0;5790.0;9690.0;1540.0;2314.0;-21.0;42.0;-108.0;179.0;DIESEL
2180.0;3720.0;6270.0;10390.0;1635.0;2378.0;1940.0;3360.0;5720.0;9640.0;1520.0;2307.0;-21.0;51.0;-108.0;179.0;DIESEL
2210.0;3780.0;6330.0;10510.0;1651.0;2388.0;1960.0;3370.0;5730.0;9620.0;1533.0;2309.0;-18.0;42.0;-105.0;189.0;DIESEL
2220.0;3780.0;6370.0;10530.0;1658.0;2407.0;1980.0;3410.0;5810.0;9720.0;1543.0;2313.0;-15.0;40.0;-105.0;182.0;DIESEL
2220.0;3770.0;6360.0;10580.0;1668.0;2417.0;1960.0;3360.0;5720.0;9640.0;1547.0;2334.0;-15.0;55.0;-105.0;182.0;DIESEL
2240.0;3770.0;6350.0;10590.0;1662.0;2411.0;1980.0;3400.0;5770.0;9650.0;1541.0;2326.0;-14.0;43.0;-105.0;184.0;DIESEL
2230.0;3800.0;6410.0;10610.0;1663.0;2416.0;1980.0;3410.0;5790.0;9720.0;1561.0;2336.0;-15.0;45.0;-105.0;181.0;DIESEL
2270.0;3850.0;6460.0;10700.0;1680.0;2435.0;1970.0;3420.0;5830.0;9840.0;1565.0;2346.0;-17.0;48.0;-110.0;178.0;DIESEL
2290.0;3900.0;6570.0;10850.0;1693.0;2452.0;2010.0;3470.0;5870.0;9840.0;1572.0;2375.0;-17.0;52.0;-110.0;188.0;DIESEL
2270.0;3890.0;6510.0;10860.0;1692.0;2446.0;2020.0;3520.0;5930.0;9900.0;1576.0;2374.0;-17.0;50.0;-110.0;183.0;DIESEL
2260.0;3860.0;6480.0;10750.0;1694.0;2454.0;1980.0;3430.0;5830.0;9780.0;1569.0;2353.0;-20.0;61.0;-110.0;180.0;DIESEL
2270.0;3860.0;6520.0;10810.0;1689.0;2451.0;2040.0;3510.0;5940.0;9860.0;1572.0;2364.0;-17.0;42.0;-110.0;175.0;DIESEL
2300.0;3920.0;6620.0;10960.0;1710.0;2473.0;2020.0;3530.0;5990.0;9930.0;1586.0;2377.0;-20.0;45.0;-113.0;181.0;DIESEL
2320.0;3960.0;6660.0;10990.0;1720.0;2483.0;2010.0;3470.0;5900.0;9970.0;1594.0;2394.0;-20.0;45.0;-113.0;180.0;DIESEL
2300.0;3900.0;6570.0;10880.0;1725.0;2481.0;2010.0;3490.0;5930.0;9950.0;1587.0;2409.0;-20.0;48.0;-111.0;177.0;DIESEL
2260.0;3870.0;6510.0;10810.0;1697.0;2464.0;2020.0;3500.0;5900.0;9920.0;1590.0;2391.0;-20.0;48.0;-111.0;178.0;DIESEL
2270.0;3850.0;6470.0;10770.0;1697.0;2455.0;1980.0;3410.0;5770.0;9730.0;1562.0;2360.0;-20.0;53.0;-111.0;175.0;DIESEL
2270.0;3890.0;6550.0;10810.0;1694.0;2454.0;2050.0;3530.0;5960.0;10000.0;1588.0;2376.0;-20.0;39.0;-111.0;177.0;DIESEL
2250.0;3840.0;6420.0;10710.0;1695.0;2455.0;2030.0;3500.0;5930.0;9880.0;1577.0;2376.0;-24.0;44.0;-111.0;180.0;DIESEL
2300.0;3910.0;6560.0;10950.0;1705.0;2475.0;2000.0;3460.0;5850.0;9830.0;1575.0;2378.0;-20.0;53.0;-111.0;188.0;DIESEL
2310.0;3920.0;6590.0;10920.0;1713.0;2475.0;2040.0;3490.0;5910.0;9940.0;1590.0;2391.0;-20.0;43.0;-111.0;181.0;DIESEL
2330.0;3950.0;6640.0;11010.0;1724.0;2494.0;2010.0;3480.0;5930.0;10010.0;1602.0;2414.0;-23.0;50.0;-113.0;182.0;DIESEL
2310.0;3950.0;6630.0;10970.0;1724.0;2503.0;2070.0;3570.0;6050.0;10050.0;1607.0;2416.0;-23.0;45.0;-113.0;187.0;DIESEL
2310.0;3930.0;6620.0;10920.0;1726.0;2499.0;2060.0;3530.0;5990.0;10070.0;1607.0;2426.0;-20.0;38.0;-111.0;181.0;DIESEL
2330.0;3990.0;6710.0;11070.0;1732.0;2509.0;2110.0;3590.0;6110.0;10160.0;1617.0;2437.0;-20.0;54.0;-111.0;188.0;DIESEL
2340.0;4010.0;6710.0;11150.0;1746.0;2527.0;2080.0;3580.0;6080.0;10150.0;1613.0;2433.0;-20.0;41.0;-111.0;186.0;DIESEL
2350.0;3990.0;6670.0;11020.0;1732.0;2517.0;2100.0;3620.0;6120.0;10190.0;1623.0;2425.0;-20.0;47.0;-109.0;185.0;DIESEL
2270.0;3900.0;6510.0;10900.0;1702.0;2491.0;2060.0;3540.0;6000.0;10060.0;1602.0;2414.0;-20.0;45.0;-109.0;184.0;DIESEL
2360.0;4010.0;6740.0;11190.0;1738.0;2517.0;2100.0;3610.0;6100.0;10160.0;1615.0;2433.0;-19.0;51.0;-109.0;188.0;DIESEL
2330.0;3970.0;6630.0;11050.0;1737.0;2511.0;2070.0;3540.0;6010.0;10120.0;1604.0;2439.0;-21.0;51.0;-109.0;180.0;DIESEL
2370.0;4030.0;6760.0;11140.0;1743.0;2527.0;2120.0;3630.0;6120.0;10260.0;1620.0;2438.0;-19.0;41.0;-108.0;185.0;DIESEL
2380.0;4040.0;6790.0;11270.0;1762.0;2552.0;2090.0;3610.0;6130.0;10260.0;1642.0;2470.0;-17.0;44.0;-105.0;185.0;DIESEL
2380.0;4030.0;6780.0;11270.0;1762.0;2547.0;2130.0;3640.0;6170.0;10360.0;1631.0;2459.0;-19.0;45.0;-105.0;191.0;DIESEL
2410.0;4080.0;6840.0;11290.0;1773.0;2561.0;2130.0;3650.0;6190.0;10360.0;1654.0;2474.0;-16.0;45.0;-105.0;196.0;DIESEL
2370.0;4020.0;6790.0;11220.0;1754.0;2557.0;2120.0;3650.0;6160.0;10310.0;1639.0;2458.0;-15.0;48.0;-105.0;189.0;DIESEL
2380.0;4070.0;6840.0;11320.0;1776.0;2565.0;2150.0;3710.0;6230.0;10410.0;1659.0;2480.0;-15.0;41.0;-105.0;187.0;DIESEL
2390.0;4090.0;6850.0;11330.0;1768.0;2567.0;2160.0;3690.0;6220.0;10380.0;1648.0;2485.0;-17.0;54.0;-106.0;180.0;DIESEL
2400.0;4060.0;6800.0;11310.0;1765.0;2566.0;2110.0;3620.0;6160.0;10290.0;1647.0;2476.0;-17.0;45.0;-109.0;181.0;DIESEL
2430.0;4100.0;6900.0;11380.0;1781.0;2572.0;2130.0;3650.0;6240.0;10450.0;1659.0;2490.0;-18.0;63.0;-109.0;181.0;DIESEL
2390.0;4070.0;6770.0;11260.0;1771.0;2561.0;2130.0;3660.0;6210.0;10350.0;1656.0;2474.0;-18.0;48.0;-109.0;191.0;DIESEL
2410.0;4110.0;6890.0;11340.0;1784.0;2585.0;2160.0;3710.0;6280.0;10460.0;1654.0;2485.0;-23.0;53.0;-115.0;183.0;DIESEL
2370.0;4050.0;6810.0;11210.0;1772.0;2563.0;2140.0;3680.0;6270.0;10470.0;1661.0;2479.0;-23.0;53.0;-115.0;185.0;DIESEL
2390.0;4070.0;6820.0;11360.0;1772.0;2571.0;2140.0;3680.0;6240.0;10420.0;1654.0;2489.0;-16.0;47.0;-105.0;181.0;DIESEL
2420.0;4100.0;6860.0;11320.0;1778.0;2566.0;2140.0;3710.0;6240.0;10440.0;1658.0;2475.0;-13.0;54.0;-104.0;173.0;DIESEL
2370.0;4050.0;6810.0;11210.0;1765.0;2570.0;2130.0;3670.0;6190.0;10430.0;1648.0;2473.0;-16.0;51.0;-105.0;190.0;DIESEL
2420.0;4110.0;6910.0;11450.0;1782.0;2579.0;2140.0;3690.0;6260.0;10470.0;1661.0;2494.0;-13.0;52.0;-105.0;181.0;DIESEL
2390.0;4060.0;6790.0;11270.0;1769.0;2549.0;2130.0;3670.0;6220.0;10380.0;1652.0;2483.0;-16.0;50.0;-108.0;181.0;DIESEL
2460.0;4130.0;6920.0;11410.0;1777.0;2583.0;2150.0;3730.0;6290.0;10450.0;1658.0;2497.0;-16.0;42.0;-109.0;188.0;DIESEL
2440.0;4140.0;6920.0;11480.0;1796.0;2596.0;2190.0;3770.0;6350.0;10610.0;1678.0;2512.0;-16.0;39.0;-112.0;185.0;DIESEL
2400.0;4080.0;6870.0;11420.0;1784.0;2580.0;2160.0;3710.0;6240.0;10460.0;1670.0;2499.0;-16.0;43.0;-112.0;194.0;DIESEL
2430.0;4160.0;6920.0;11490.0;1790.0;2589.0;2140.0;3680.0;6220.0;10450.0;1666.0;2501.0;-16.0;42.0;-112.0;181.0;DIESEL
2410.0;4070.0;6800.0;11290.0;1778.0;2566.0;2130.0;3670.0;6200.0;10400.0;1651.0;2477.0;-16.0;48.0;-112.0;189.0;DIESEL
2360.0;4010.0;6740.0;11160.0;1751.0;2553.0;2130.0;3650.0;6170.0;10320.0;1641.0;2473.0;-16.0;50.0;-113.0;182.0;DIESEL
2390.0;4060.0;6810.0;11300.0;1773.0;2574.0;2160.0;3710.0;6310.0;10510.0;1661.0;2484.0;-16.0;46.0;-113.0;190.0;DIESEL
2420.0;4110.0;6880.0;11380.0;1779.0;2578.0;2210.0;3780.0;6390.0;10560.0;1665.0;2486.0;-14.0;49.0;-103.0;193.0;DIESEL
2390.0;4070.0;6840.0;11240.0;1779.0;2573.0;2170.0;3730.0;6290.0;10490.0;1678.0;2496.0;-16.0;50.0;-103.0;196.0;DIESEL
2410.0;4110.0;6870.0;11320.0;1782.0;2587.0;2180.0;3760.0;6370.0;10530.0;1676.0;2510.0;-17.0;44.0;-106.0;186.0;DIESEL
2460.0;4150.0;6930.0;11430.0;1797.0;2605.0;2160.0;3740.0;6300.0;10580.0;1672.0;2520.0;-14.0;47.0;-106.0;187.0;DIESEL
2430.0;4150.0;6970.0;11460.0;1793.0;2595.0;2150.0;3730.0;6280.0;10460.0;1664.0;2510.0;-17.0;44.0;-102.0;182.0;DIESEL
2450.0;4150.0;6990.0;11470.0;1805.0;2604.0;2200.0;3750.0;6330.0;10520.0;1675.0;2505.0;-17.0;47.0;-102.0;184.0;DIESEL
2440.0;4150.0;6980.0;11550.0;1800.0;2620.0;2170.0;3720.0;6280.0;10490.0;1669.0;2516.0;-17.0;48.0;-106.0;183.0;DIESEL
2440.0;4140.0;6930.0;11430.0;1793.0;2597.0;2200.0;3730.0;6340.0;10600.0;1677.0;2519.0;-14.0;56.0;-108.0;192.0;DIESEL
2480.0;4180.0;7020.0;11580.0;1810.0;2620.0;2210.0;3790.0;6380.0;10650.0;1680.0;2519.0;-17.0;52.0;-108.0;184.0;DIESEL
2430.0;4150.0;6930.0;11420.0;1804.0;2612.0;2210.0;3770.0;6390.0;10660.0;1683.0;2515.0;-20.0;49.0;-112.0;186.0;DIESEL
2460.0;4180.0;6990.0;11600.0;1812.0;2631.0;2190.0;3780.0;6380.0;10580.0;1695.0;2544.0;-20.0;43.0;-112.0;194.0;DIESEL
2480.0;4210.0;7000.0;11610.0;1810.0;2637.0;2190.0;3750.0;6350.0;10600.0;1694.0;2547.0;-20.0;45.0;-110.0;180.0;DIESEL
2340.0;3980.0;6680.0;11090.0;1762.0;2557.0;2180.0;3760.0;6350.0;10510.0;1663.0;2498.0;-20.0;40.0;-110.0;193.0;DIESEL
2450.0;4130.0;6940.0;11520.0;1784.0;2599.0;2180.0;3750.0;6300.0;10490.0;1672.0;2505.0;-20.0;53.0;-110.0;192.0;DIESEL
2460.0;4180.0;6990.0;11560.0;1823.0;2619.0;2210.0;3780.0;6330.0;10660.0;1682.0;2519.0;-20.0;43.0;-110.0;182.0;DIESEL
2440.0;4140.0;6890.0;11420.0;1790.0;2603.0;2190.0;3760.0;6380.0;10640.0;1680.0;2524.0;-22.0;46.0;-110.0;191.0;DIESEL
2450.0;4140.0;6960.0;11470.0;1792.0;2608.0;2230.0;3800.0;6390.0;10630.0;1691.0;2532.0;-22.0;51.0;-111.0;185.0;DIESEL
2510.0;4240.0;7090.0;11640.0;1830.0;2636.0;2190.0;3760.0;6350.0;10580.0;1691.0;2539.0;-22.0;50.0;-111.0;184.0;DIESEL
2500.0;4240.0;7090.0;11690.0;1824.0;2639.0;2220.0;3780.0;6400.0;10670.0;1700.0;2549.0;-23.0;42.0;-108.0;197.0;DIESEL
2520.0;4260.0;7140.0;11720.0;1829.0;2653.0;2260.0;3870.0;6510.0;10770.0;1717.0;2561.0;-24.0;47.0;-108.0;182.0;DIESEL
2500.0;4230.0;7100.0;11670.0;1825.0;2650.0;2240.0;3830.0;6420.0;10740.0;1701.0;2570.0;-15.0;39.0;-108.0;178.0;DIESEL
2500.0;4250.0;7080.0;11710.0;1827.0;2639.0;2240.0;3810.0;6440.0;10780.0;1700.0;2562.0;-15.0;49.0;-108.0;182.0;DIESEL
2510.0;4270.0;7160.0;11770.0;1836.0;2664.0;2250.0;3870.0;6530.0;10860.0;1724.0;2582.0;-19.0;39.0;-108.0;195.0;DIESEL
2530.0;4290.0;7190.0;11840.0;1855.0;2680.0;2290.0;3920.0;6630.0;10940.0;1734.0;2595.0;-15.0;50.0;-108.0;191.0;DIESEL
2490.0;4220.0;7100.0;11690.0;1841.0;2663.0;2290.0;3910.0;6580.0;10900.0;1730.0;2589.0;-15.0;45.0;-108.0;190.0;DIESEL
2590.0;4420.0;7370.0;12090.0;1883.0;2710.0;2300.0;3930.0;6640.0;11030.0;1756.0;2622.0;-19.0;40.0;-108.0;181.0;DIESEL
2550.0;4310.0;7190.0;11900.0;1859.0;2722.0;2260.0;3890.0;6590.0;11010.0;1750.0;2624.0;-19.0;46.0;-112.0;181.0;DIESEL
2520.0;4240.0;7150.0;11800.0;1855.0;2692.0;2250.0;3880.0;6540.0;10960.0;1745.0;2597.0;-19.0;43.0;-108.0;194.0;DIESEL
2540.0;4310.0;7170.0;11870.0;1860.0;2695.0;2330.0;3960.0;6670.0;10960.0;1732.0;2599.0;-22.0;52.0;-116.0;179.0;DIESEL
2590.0;4370.0;7320.0;12050.0;1869.0;2718.0;2280.0;3920.0;6580.0;10970.0;1741.0;2619.0;-19.0;46.0;-108.0;190.0;DIESEL
2570.0;4340.0;7220.0;11990.0;1874.0;2702.0;2290.0;3930.0;6630.0;11030.0;1759.0;2624.0;-18.0;48.0;-108.0;193.0;DIESEL
2610.0;4410.0;7350.0;12030.0;1878.0;2712.0;2310.0;3920.0;6600.0;10970.0;1751.0;2617.0;-18.0;42.0;-108.0;181.0;DIESEL
2550.0;4300.0;7190.0;11900.0;1858.0;2702.0;2330.0;3970.0;6640.0;10960.0;1731.0;2610.0;-21.0;48.0;-113.0;184.0;DIESEL
2480.0;4220.0;7050.0;11670.0;1836.0;2668.0;2270.0;3860.0;6520.0;10830.0;1720.0;2587.0;-21.0;47.0;-110.0;193.0;DIESEL
2580.0;4340.0;7250.0;11940.0;1876.0;2707.0;2280.0;3900.0;6610.0;10970.0;1744.0;2616.0;-21.0;49.0;-110.0;190.0;DIESEL
2550.0;4340.0;7250.0;11900.0;1873.0;2709.0;2280.0;3920.0;6630.0;11000.0;1741.0;2610.0;-21.0;54.0;-110.0;197.0;DIESEL
2540.0;4280.0;7160.0;11740.0;1841.0;2678.0;2290.0;3910.0;6570.0;10930.0;1724.0;2599.0;-18.0;54.0;-103.0;186.0;DIESEL
2510.0;4250.0;7110.0;11690.0;1841.0;2668.0;2290.0;3890.0;6550.0;10870.0;1724.0;2607.0;-12.0;56.0;-102.0;183.0;DIESEL
2580.0;4350.0;7260.0;11980.0;1870.0;2708.0;2280.0;3890.0;6590.0;10990.0;1735.0;2611.0;-12.0;56.0;-102.0;182.0;DIESEL
2570.0;4350.0;7240.0;11950.0;1871.0;2703.0;2330.0;3970.0;6680.0;11070.0;1737.0;2608.0;-10.0;41.0;-103.0;187.0;DIESEL
2570.0;4350.0;7260.0;11960.0;1871.0;2712.0;2310.0;3950.0;6620.0;11090.0;1750.0;2614.0;-11.0;55.0;-103.0;184.0;DIESEL
2560.0;4350.0;7230.0;11960.0;1872.0;2709.0;2340.0;3960.0;6670.0;11010.0;1742.0;2622.0;-11.0;49.0;-108.0;187.0;DIESEL
2620.0;4430.0;7350.0;12110.0;1886.0;2720.0;2340.0;4000.0;6710.0;11130.0;1758.0;2642.0;-11.0;48.0;-108.0;191.0;DIESEL
2560.0;4310.0;7200.0;11870.0;1871.0;2711.0;2320.0;3950.0;6620.0;10980.0;1745.0;2626.0;-11.0;42.0;-104.0;187.0;DIESEL
2600.0;4380.0;7320.0;12030.0;1876.0;2725.0;2330.0;3970.0;6660.0;11010.0;1753.0;2619.0;-11.0;43.0;-108.0;194.0;DIESEL
2590.0;4380.0;7280.0;12050.0;1882.0;2749.0;2320.0;3980.0;6690.0;11140.0;1761.0;2636.0;-21.0;49.0;-112.0;192.0;DIESEL
2640.0;4440.0;7410.0;12210.0;1903.0;2753.0;2330.0;3970.0;6690.0;11130.0;1769.0;2658.0;-25.0;47.0;-112.0;193.0;DIESEL
2650.0;4480.0;7440.0;12250.0;1922.0;2773.0;2360.0;4030.0;6750.0;11260.0;1788.0;2677.0;-25.0;53.0;-112.0;198.0;DIESEL
2650.0;4450.0;7440.0;12190.0;1911.0;2780.0;2400.0;4100.0;6890.0;11330.0;1795.0;2682.0;-25.0;51.0;-112.0;191.0;DIESEL
2650.0;4470.0;7460.0;12310.0;1924.0;2778.0;2400.0;4080.0;6870.0;11320.0;1804.0;2684.0;-24.0;53.0;-113.0;197.0;DIESEL
2600.0;4420.0;7330.0;12120.0;1890.0;2740.0;2370.0;4020.0;6760.0;11290.0;1783.0;2661.0;-17.0;46.0;-111.0;191.0;DIESEL
2620.0;4380.0;7350.0;12060.0;1891.0;2753.0;2360.0;4000.0;6730.0;11220.0;1781.0;2661.0;-16.0;42.0;-109.0;186.0;DIESEL
2620.0;4450.0;7370.0;12160.0;1897.0;2765.0;2420.0;4080.0;6810.0;11290.0;1791.0;2657.0;-17.0;51.0;-109.0;196.0;DIESEL
2640.0;4450.0;7410.0;12260.0;1906.0;2768.0;2420.0;4110.0;6860.0;11380.0;1805.0;2691.0;-23.0;42.0;-110.0;192.0;DIESEL
2680.0;4530.0;7550.0;12430.0;1932.0;2797.0;2430.0;4170.0;6940.0;11490.0;1809.0;2697.0;-23.0;48.0;-110.0;186.0;DIESEL
2650.0;4490.0;7460.0;12260.0;1921.0;2775.0;2400.0;4090.0;6830.0;11330.0;1795.0;2691.0;-23.0;50.0;-113.0;198.0;DIESEL
2610.0;4390.0;7310.0;12040.0;1892.0;2753.0;2390.0;4060.0;6780.0;11300.0;1792.0;2657.0;-23.0;46.0;-113.0;193.0;DIESEL
2650.0;4500.0;7430.0;12230.0;1927.0;2786.0;2420.0;4140.0;6910.0;11430.0;1810.0;2689.0;-23.0;52.0;-113.0;192.0;DIESEL
2640.0;4450.0;7440.0;12200.0;1914.0;2774.0;2400.0;4090.0;6890.0;11380.0;1792.0;2701.0;-22.0;47.0;-119.0;190.0;DIESEL
2640.0;4460.0;7420.0;12200.0;1925.0;2783.0;2390.0;4070.0;6800.0;11310.0;1788.0;2677.0;-18.0;58.0;-114.0;183.0;DIESEL
2680.0;4500.0;7490.0;12280.0;1939.0;2795.0;2420.0;4100.0;6900.0;11440.0;1799.0;2688.0;-19.0;52.0;-114.0;196.0;DIESEL
2630.0;4450.0;7430.0;12250.0;1918.0;2785.0;2410.0;4110.0;6880.0;11450.0;1810.0;2700.0;-20.0;42.0;-114.0;194.0;DIESEL
2630.0;4450.0;7440.0;12230.0;1911.0;2780.0;2420.0;4140.0;6910.0;11430.0;1799.0;2694.0;-19.0;42.0;-108.0;204.0;DIESEL
2680.0;4530.0;7540.0;12340.0;1924.0;2801.0;2430.0;4120.0;6950.0;11520.0;1817.0;2713.0;-19.0;55.0;-108.0;196.0;DIESEL
2690.0;4540.0;7540.0;12430.0;1943.0;2819.0;2440.0;4110.0;6910.0;11450.0;1811.0;2725.0;-20.0;52.0;-108.0;192.0;DIESEL
2700.0;4560.0;7570.0;12520.0;1959.0;2811.0;2400.0;4130.0;6920.0;11510.0;1814.0;2716.0;-20.0;54.0;-108.0;193.0;DIESEL
2730.0;4610.0;7650.0;12500.0;1962.0;2837.0;2410.0;4130.0;6940.0;11550.0;1827.0;2739.0;-23.0;53.0;-108.0;195.0;DIESEL
2690.0;4530.0;7530.0;12470.0;1951.0;2820.0;2480.0;4200.0;7010.0;11570.0;1836.0;2728.0;-23.0;36.0;-110.0;186.0;DIESEL
2660.0;4470.0;7420.0;12270.0;1920.0;2798.0;2440.0;4150.0;6950.0;11530.0;1828.0;2722.0;-23.0;49.0;-110.0;183.0;DIESEL
2730.0;4590.0;7610.0;12510.0;1951.0;2822.0;2470.0;4200.0;7030.0;11620.0;1838.0;2740.0;-18.0;49.0;-110.0;186.0;DIESEL
2690.0;4520.0;7540.0;12360.0;1937.0;2817.0;2470.0;4170.0;6950.0;11500.0;1818.0;2727.0;-18.0;47.0;-110.0;195.0;DIESEL
2690.0;4510.0;7530.0;12400.0;1945.0;2825.0;2470.0;4200.0;7090.0;11680.0;1837.0;2742.0;-18.0;50.0;-112.0;194.0;DIESEL
2710.0;4570.0;7600.0;12520.0;1956.0;2833.0;2480.0;4200.0;7010.0;11600.0;1837.0;2748.0;-21.0;52.0;-112.0;190.0;DIESEL
2780.0;4660.0;7780.0;12660.0;1987.0;2855.0;2500.0;4240.0;7080.0;11780.0;1856.0;2765.0;-14.0;44.0;-112.0;188.0;DIESEL
2640.0;4460.0;7480.0;12290.0;1936.0;2813.0;2480.0;4220.0;7030.0;11660.0;1830.0;2737.0;-21.0;48.0;-112.0;196.0;DIESEL
2750.0;4620.0;7650.0;12600.0;1966.0;2836.0;2450.0;4150.0;6990.0;11610.0;1836.0;2760.0;-21.0;45.0;-112.0;191.0;DIESEL
2760.0;4630.0;7690.0;12690.0;1985.0;2864.0;2480.0;4240.0;7120.0;11710.0;1857.0;2760.0;-16.0;47.0;-105.0;195.0;DIESEL
2740.0;4620.0;7740.0;12740.0;1996.0;2876.0;2500.0;4250.0;7080.0;11800.0;1857.0;2785.0;-16.0;56.0;-105.0;193.0;DIESEL
2740.0;4610.0;7650.0;12590.0;1975.0;2874.0;2530.0;4280.0;7210.0;11970.0;1859.0;2796.0;-16.0;47.0;-114.0;197.0;DIESEL
2730.0;4620.0;7740.0;12740.0;1991.0;2879.0;2530.0;4320.0;7170.0;11870.0;1865.0;2799.0;-16.0;48.0;-108.0;203.0;DIESEL
2740.0;4620.0;7690.0;12600.0;1973.0;2872.0;2490.0;4220.0;7060.0;11710.0;1860.0;2777.0;-16.0;42.0;-110.0;198.0;DIESEL
2770.0;4660.0;7740.0;12740.0;1991.0;2880.0;2530.0;4290.0;7120.0;11880.0;1872.0;2791.0;-16.0;50.0;-114.0;193.0;DIESEL
2830.0;4760.0;7910.0;12980.0;2021.0;2921.0;2500.0;4270.0;7120.0;11860.0;1875.0;2803.0;-14.0;45.0;-110.0;197.0;DIESEL
2800.0;4730.0;7810.0;12900.0;2009.0;2916.0;2530.0;4290.0;7190.0;12000.0;1893.0;2822.0;-14.0;46.0;-110.0;189.0;DIESEL
2810.0;4740.0;7840.0;12900.0;2008.0;2918.0;2550.0;4320.0;7240.0;11940.0;1886.0;2817.0;-16.0;55.0;-110.0;200.0;DIESEL
2830.0;4760.0;7920.0;12920.0;2034.0;2922.0;2550.0;4310.0;7280.0;12040.0;1908.0;2831.0;-24.0;57.0;-110.0;200.0;DIESEL
2830.0;4740.0;7900.0;13000.0;2030.0;2942.0;2570.0;4390.0;7290.0;12030.0;1899.0;2842.0;-17.0;41.0;-110.0;187.0;DIESEL
2820.0;4750.0;7880.0;12940.0;2016.0;2912.0;2560.0;4330.0;7230.0;11940.0;1903.0;2828.0;-17.0;46.0;-110.0;179.0;DIESEL
2820.0;4760.0;7920.0;13040.0;2029.0;2938.0;2580.0;4360.0;7320.0;12080.0;1907.0;2847.0;-16.0;51.0;-109.0;192.0;DIESEL
2860.0;4800.0;7970.0;13130.0;2032.0;2947.0;2560.0;4340.0;7250.0;12010.0;1901.0;2841.0;-13.0;51.0;-109.0;195.0;DIESEL
2800.0;4680.0;7810.0;12850.0;2007.0;2920.0;2530.0;4300.0;7180.0;11930.0;1883.0;2828.0;-13.0;45.0;-109.0;192.0;DIESEL
2840.0;4750.0;7870.0;12940.0;2017.0;2920.0;2580.0;4380.0;7340.0;12130.0;1892.0;2828.0;-13.0;48.0;-109.0;195.0;DIESEL
2820.0;4740.0;7930.0;12980.0;2033.0;2945.0;2590.0;4370.0;7320.0;12080.0;1911.0;2855.0;-19.0;44.0;-110.0;198.0;DIESEL
2850.0;4800.0;7970.0;13060.0;2038.0;2950.0;2620.0;4440.0;7420.0;12160.0;1907.0;2851.0;-21.0;48.0;-117.0;196.0;DIESEL
2840.0;4790.0;8000.0;13060.0;2036.0;2959.0;2580.0;4360.0;7360.0;12130.0;1917.0;2858.0;-21.0;49.0;-117.0;202.0;DIESEL
2870.0;4830.0;8000.0;13150.0;2044.0;2963.0;2590.0;4420.0;7360.0;12230.0;1924.0;2868.0;-19.0;42.0;-110.0;186.0;DIESEL
2790.0;4700.0;7860.0;12900.0;2017.0;2931.0;2570.0;4370.0;7330.0;12120.0;1896.0;2850.0;-21.0;54.0;-117.0;192.0;DIESEL
2810.0;4720.0;7830.0;12920.0;2022.0;2940.0;2590.0;4360.0;7300.0;12070.0;1909.0;2853.0;-21.0;47.0;-120.0;199.0;DIESEL
2870.0;4820.0;7970.0;13060.0;2041.0;2945.0;2610.0;4410.0;7410.0;12160.0;1915.0;2856.0;-14.0;50.0;-109.0;198.0;DIESEL
2870.0;4820.0;8010.0;13200.0;2054.0;2960.0;2600.0;4410.0;7360.0;12170.0;1917.0;2869.0;-15.0;50.0;-109.0;197.0;DIESEL
2880.0;4840.0;8030.0;13180.0;2056.0;2985.0;2640.0;4480.0;7460.0;12320.0;1934.0;2888.0;-15.0;51.0;-116.0;202.0;DIESEL
2950.0;4940.0;8150.0;13330.0;2082.0;2998.0;2660.0;4520.0;7510.0;12410.0;1939.0;2901.0;-15.0;51.0;-116.0;189.0;DIESEL
2870.0;4810.0;8030.0;13200.0;2066.0;2974.0;2630.0;4450.0;7450.0;12300.0;1935.0;2888.0;-15.0;46.0;-104.0;197.0;DIESEL
2820.0;4740.0;7850.0;12960.0;2024.0;2948.0;2590.0;4390.0;7350.0;12210.0;1915.0;2851.0;-15.0;46.0;-104.0;187.0;DIESEL
2840.0;4740.0;7880.0;12960.0;2022.0;2940.0;2570.0;4380.0;7340.0;12140.0;1921.0;2860.0;-13.0;51.0;-105.0;194.0;DIESEL
2880.0;4840.0;8030.0;13160.0;2052.0;2984.0;2650.0;4470.0;7450.0;12310.0;1931.0;2891.0;-13.0;43.0;-104.0;200.0;DIESEL
2840.0;4770.0;7920.0;13040.0;2051.0;2968.0;2640.0;4470.0;7450.0;12230.0;1934.0;2886.0;-13.0;47.0;-104.0;199.0;DIESEL
2820.0;4750.0;7860.0;13010.0;2033.0;2959.0;2600.0;4410.0;7380.0;12200.0;1925.0;2878.0;-17.0;52.0;-105.0;206.0;DIESEL
2870.0;4830.0;8040.0;13180.0;2051.0;2970.0;2620.0;4430.0;7350.0;12180.0;1921.0;2877.0;-17.0;40.0;-112.0;197.0;DIESEL
2870.0;4820.0;8010.0;13130.0;2047.0;2978.0;2630.0;4490.0;7450.0;12290.0;1932.0;2867.0;-17.0;53.0;-112.0;196.0;DIESEL
2930.0;4920.0;8150.0;13310.0;2081.0;3006.0;2690.0;4550.0;7590.0;12470.0;1967.0;2913.0;-19.0;45.0;-114.0;200.0;DIESEL
2860.0;4810.0;7980.0;13070.0;2052.0;2979.0;2670.0;4490.0;7510.0;12320.0;1940.0;2880.0;-19.0;45.0;-114.0;197.0;DIESEL
2890.0;4840.0;8060.0;13230.0;2064.0;2987.0;2640.0;4480.0;7510.0;12330.0;1934.0;2885.0;-14.0;38.0;-112.0;188.0;DIESEL
2920.0;4920.0;8160.0;13340.0;2084.0;3008.0;2680.0;4530.0;7570.0;12510.0;1957.0;2921.0;-19.0;53.0;-113.0;200.0;DIESEL
2900.0;4890.0;8150.0;13300.0;2082.0;3007.0;2670.0;4550.0;7550.0;12470.0;1963.0;2911.0;-20.0;50.0;-114.0;200.0;DIESEL
2890.0;4860.0;8110.0;13300.0;2074.0;3014.0;2700.0;4600.0;7640.0;12560.0;1965.0;2923.0;-20.0;50.0;-113.0;201.0;DIESEL
2910.0;4920.0;8130.0;13330.0;2080.0;3013.0;2670.0;4520.0;7570.0;12530.0;1962.0;2930.0;-20.0;43.0;-112.0;203.0;DIESEL
2940.0;4950.0;8200.0;13390.0;2096.0;3032.0;2700.0;4550.0;7580.0;12510.0;1973.0;2947.0;-20.0;49.0;-113.0;193.0;DIESEL
3000.0;5000.0;8310.0;13600.0;2125.0;3067.0;2670.0;4530.0;7550.0;12520.0;1975.0;2950.0;-20.0;46.0;-112.0;190.0;DIESEL
2830.0;4750.0;7900.0;13030.0;2042.0;2991.0;2680.0;4530.0;7530.0;12400.0;1944.0;2895.0;-18.0;44.0;-110.0;189.0;DIESEL
2860.0;4820.0;7970.0;13140.0;2054.0;2965.0;2650.0;4470.0;7460.0;12310.0;1942.0;2885.0;-20.0;52.0;-110.0;199.0;DIESEL
2940.0;4940.0;8200.0;13380.0;2092.0;3012.0;2660.0;4500.0;7550.0;12520.0;1966.0;2936.0;-19.0;53.0;-116.0;200.0;DIESEL
2940.0;4940.0;8180.0;13470.0;2094.0;3028.0;2690.0;4590.0;7650.0;12560.0;1974.0;2928.0;-13.0;54.0;-112.0;200.0;DIESEL
2950.0;4960.0;8270.0;13580.0;2121.0;3047.0;2680.0;4560.0;7610.0;12630.0;1978.0;2961.0;-18.0;49.0;-112.0;194.0;DIESEL
2900.0;4880.0;8100.0;13320.0;2083.0;3035.0;2700.0;4580.0;7630.0;12480.0;1969.0;2933.0;-19.0;59.0;-114.0;198.0;DIESEL
2900.0;4880.0;8100.0;13360.0;2088.0;3027.0;2700.0;4560.0;7590.0;12540.0;1966.0;2941.0;-19.0;39.0;-112.0;204.0;DIESEL
2850.0;4790.0;7960.0;13070.0;2045.0;2974.0;2680.0;4510.0;7540.0;12410.0;1956.0;2906.0;-20.0;47.0;-112.0;196.0;DIESEL
2870.0;4790.0;7970.0;13110.0;2051.0;2978.0;2660.0;4480.0;7460.0;12350.0;1935.0;2909.0;-20.0;49.0;-114.0;198.0;DIESEL
2830.0;4760.0;7880.0;12980.0;2035.0;2963.0;2670.0;4490.0;7490.0;12260.0;1931.0;2881.0;-20.0;49.0;-114.0;202.0;DIESEL
2900.0;4870.0;8070.0;13230.0;2058.0;2990.0;2710.0;4560.0;7590.0;12480.0;1951.0;2918.0;-16.0;58.0;-112.0;193.0;DIESEL
2970.0;4960.0;8230.0;13480.0;2097.0;3035.0;2710.0;4590.0;7590.0;12500.0;1969.0;2948.0;-14.0;49.0;-111.0;199.0;DIESEL
2940.0;4930.0;8180.0;13430.0;2106.0;3041.0;2710.0;4580.0;7630.0;12530.0;1976.0;2944.0;-13.0;48.0;-109.0;196.0;DIESEL
2980.0;4990.0;8280.0;13590.0;2109.0;3051.0;2730.0;4610.0;7720.0;12660.0;1988.0;2952.0;-12.0;49.0;-109.0;194.0;DIESEL
2990.0;5020.0;8300.0;13630.0;2126.0;3068.0;2720.0;4600.0;7640.0;12610.0;1990.0;2981.0;-13.0;49.0;-111.0;196.0;DIESEL
2970.0;4950.0;8280.0;13590.0;2122.0;3063.0;2690.0;4540.0;7590.0;12570.0;1973.0;2945.0;-12.0;52.0;-109.0;192.0;DIESEL
3020.0;5050.0;8340.0;13590.0;2132.0;3056.0;2730.0;4610.0;7710.0;12700.0;1984.0;2978.0;-13.0;51.0;-113.0;180.0;DIESEL
2970.0;4980.0;8280.0;13550.0;2126.0;3081.0;2710.0;4620.0;7670.0;12640.0;1996.0;2992.0;-17.0;48.0;-115.0;190.0;DIESEL
2930.0;4950.0;8210.0;13450.0;2110.0;3055.0;2710.0;4570.0;7620.0;12640.0;1994.0;2963.0;-17.0;50.0;-115.0;196.0;DIESEL
2910.0;4880.0;8130.0;13330.0;2088.0;3041.0;2720.0;4600.0;7700.0;12630.0;1988.0;2961.0;-17.0;55.0;-117.0;195.0;DIESEL
2960.0;4920.0;8140.0;13370.0;2092.0;3032.0;2720.0;4570.0;7640.0;12510.0;1977.0;2954.0;-19.0;51.0;-117.0;196.0;DIESEL
2990.0;5000.0;8260.0;13500.0;2112.0;3081.0;2760.0;4660.0;7750.0;12740.0;1995.0;2968.0;-18.0;57.0;-112.0;205.0;DIESEL
3050.0;5110.0;8450.0;13890.0;2168.0;3117.0;2750.0;4650.0;7790.0;12850.0;2021.0;3013.0;-18.0;49.0;-111.0;196.0;DIESEL
3050.0;5100.0;8470.0;13800.0;2164.0;3125.0;2790.0;4690.0;7820.0;12920.0;2032.0;3023.0;-19.0;49.0;-112.0;195.0;DIESEL
3010.0;5090.0;8380.0;13780.0;2150.0;3106.0;2800.0;4710.0;7820.0;12930.0;2030.0;3019.0;-18.0;54.0;-112.0;195.0;DIESEL
3080.0;5160.0;8540.0;13920.0;2167.0;3129.0;2770.0;4700.0;7830.0;12930.0;2032.0;3030.0;-17.0;50.0;-119.0;199.0;DIESEL
3060.0;5130.0;8530.0;13920.0;2172.0;3138.0;2830.0;4790.0;7950.0;13070.0;2044.0;3040.0;-17.0;53.0;-119.0;195.0;DIESEL
3000.0;5060.0;8360.0;13740.0;2146.0;3114.0;2800.0;4730.0;7890.0;12910.0;2029.0;3023.0;-17.0;55.0;-119.0;198.0;DIESEL
3040.0;5090.0;8460.0;13880.0;2163.0;3125.0;2780.0;4700.0;7880.0;13010.0;2043.0;3032.0;-13.0;48.0;-117.0;200.0;DIESEL
3030.0;5100.0;8440.0;13870.0;2167.0;3133.0;2780.0;4690.0;7860.0;12930.0;2041.0;3034.0;-17.0;46.0;-114.0;196.0;DIESEL
3010.0;5050.0;8350.0;13670.0;2148.0;3111.0;2770.0;4690.0;7840.0;12930.0;2027.0;3029.0;-15.0;50.0;-114.0;199.0;DIESEL
3030.0;5080.0;8410.0;13790.0;2149.0;3119.0;2840.0;4770.0;7940.0;13110.0;2057.0;3037.0;-18.0;51.0;-114.0;203.0;DIESEL
3060.0;5120.0;8470.0;13970.0;2169.0;3136.0;2830.0;4780.0;7920.0;12990.0;2048.0;3043.0;-18.0;51.0;-114.0;204.0;DIESEL
3070.0;5120.0;8530.0;13950.0;2178.0;3145.0;2840.0;4780.0;7970.0;13170.0;2062.0;3069.0;-19.0;52.0;-117.0;211.0;DIESEL
3080.0;5150.0;8540.0;13970.0;2179.0;3166.0;2820.0;4760.0;7960.0;13100.0;2054.0;3063.0;-19.0;44.0;-117.0;207.0;DIESEL
3070.0;5150.0;8550.0;13990.0;2189.0;3163.0;2860.0;4790.0;7950.0;13090.0;2066.0;3061.0;-19.0;46.0;-108.0;196.0;DIESEL
3090.0;5140.0;8510.0;13980.0;2191.0;3175.0;2840.0;4770.0;7920.0;13110.0;2061.0;3074.0;-20.0;52.0;-116.0;203.0;DIESEL
3080.0;5160.0;8560.0;14000.0;2184.0;3161.0;2830.0;4760.0;7910.0;13080.0;2055.0;3070.0;-15.0;53.0;-113.0;208.0;DIESEL
3100.0;5200.0;8550.0;14060.0;2188.0;3172.0;2840.0;4820.0;8000.0;13230.0;2067.0;3083.0;-15.0;51.0;-113.0;201.0;DIESEL
3090.0;5160.0;8590.0;14090.0;2197.0;3183.0;2860.0;4800.0;7950.0;13210.0;2058.0;3073.0;-15.0;55.0;-113.0;202.0;DIESEL
3120.0;5200.0;8600.0;14170.0;2197.0;3177.0;2850.0;4810.0;7970.0;13140.0;2073.0;3082.0;-15.0;49.0;-113.0;197.0;DIESEL
3070.0;5150.0;8540.0;13960.0;2177.0;3161.0;2840.0;4810.0;7980.0;13180.0;2058.0;3079.0;-14.0;50.0;-113.0;196.0;DIESEL
3080.0;5160.0;8530.0;14000.0;2185.0;3163.0;2850.0;4810.0;8000.0;13110.0;2060.0;3068.0;-14.0;50.0;-113.0;196.0;DIESEL
3080.0;5160.0;8550.0;13920.0;2184.0;3153.0;2850.0;4820.0;8020.0;13080.0;2064.0;3073.0;-14.0;50.0;-110.0;202.0;DIESEL
3150.0;5250.0;8680.0;14190.0;2200.0;3194.0;2850.0;4850.0;8040.0;13290.0;2079.0;3096.0;-15.0;49.0;-111.0;192.0;DIESEL
3150.0;5280.0;8680.0;14150.0;2204.0;3198.0;2860.0;4820.0;8000.0;13230.0;2072.0;3103.0;-16.0;51.0;-111.0;205.0;DIESEL
3130.0;5240.0;8650.0;14210.0;2210.0;3203.0;2840.0;4780.0;7950.0;13180.0;2075.0;3104.0;-16.0;45.0;-110.0;196.0;DIESEL
3170.0;5300.0;8740.0;14250.0;2218.0;3213.0;2870.0;4840.0;8090.0;13350.0;2098.0;3117.0;-16.0;48.0;-105.0;201.0;DIESEL
3130.0;5260.0;8760.0;14310.0;2219.0;3213.0;2900.0;4880.0;8090.0;13310.0;2094.0;3118.0;-13.0;51.0;-106.0;201.0;DIESEL
3180.0;5340.0;8830.0;14470.0;2240.0;3248.0;2890.0;4860.0;8140.0;13450.0;2107.0;3151.0;-13.0;47.0;-106.0;195.0;DIESEL
3130.0;5250.0;8700.0;14310.0;2231.0;3225.0;2920.0;4930.0;8190.0;13420.0;2110.0;3132.0;-13.0;55.0;-106.0;196.0;DIESEL
3190.0;5340.0;8860.0;14430.0;2248.0;3246.0;2950.0;4980.0;8280.0;13510.0;2118.0;3131.0;-13.0;63.0;-109.0;203.0;DIESEL
3200.0;5340.0;8820.0;14370.0;2244.0;3247.0;2910.0;4930.0;8210.0;13520.0;2112.0;3151.0;-13.0;45.0;-109.0;199.0;DIESEL
3130.0;5230.0;8670.0;14200.0;2222.0;3214.0;2900.0;4880.0;8120.0;13370.0;2094.0;3107.0;-15.0;48.0;-113.0;194.0;DIESEL
3090.0;5160.0;8590.0;14050.0;2207.0;3184.0;2880.0;4870.0;8080.0;13270.0;2084.0;3112.0;-24.0;50.0;-115.0;196.0;DIESEL
3090.0;5150.0;8530.0;14010.0;2196.0;3161.0;2890.0;4870.0;8080.0;13270.0;2073.0;3086.0;-24.0;49.0;-114.0;197.0;DIESEL
3140.0;5250.0;8650.0;14170.0;2213.0;3189.0;2890.0;4850.0;8070.0;13270.0;2085.0;3093.0;-24.0;54.0;-114.0;196.0;DIESEL
3160.0;5310.0;8730.0;14310.0;2229.0;3227.0;2940.0;4950.0;8210.0;13520.0;2104.0;3132.0;-24.0;45.0;-114.0;196.0;DIESEL
3120.0;5210.0;8630.0;14170.0;2213.0;3210.0;2870.0;4870.0;8040.0;13280.0;2091.0;3118.0;-20.0;49.0;-115.0;210.0;DIESEL
3160.0;5280.0;8730.0;14280.0;2229.0;3227.0;2900.0;4880.0;8130.0;13420.0;2095.0;3136.0;-20.0;45.0;-115.0;203.0;DIESEL
3150.0;5270.0;8740.0;14210.0;2223.0;3224.0;2900.0;4890.0;8090.0;13350.0;2101.0;3115.0;-20.0;49.0;-115.0;202.0;DIESEL
3150.0;5260.0;8720.0;14270.0;2239.0;3238.0;2930.0;4940.0;8210.0;13470.0;2112.0;3131.0;-20.0;50.0;-115.0;202.0;DIESEL
3220.0;5340.0;8870.0;14470.0;2259.0;3266.0;2930.0;4920.0;8180.0;13490.0;2119.0;3164.0;-20.0;52.0;-118.0;202.0;DIESEL
3230.0;5400.0;8910.0;14590.0;2274.0;3284.0;2990.0;5000.0;8330.0;13640.0;2131.0;3167.0;-20.0;49.0;-118.0;209.0;DIESEL
3320.0;5530.0;9100.0;14860.0;2299.0;3315.0;2980.0;5010.0;8350.0;13730.0;2165.0;3218.0;-18.0;52.0;-115.0;206.0;DIESEL
3230.0;5380.0;8940.0;14690.0;2278.0;3292.0;3000.0;5050.0;8390.0;13730.0;2156.0;3204.0;-18.0;41.0;-115.0;197.0;DIESEL
3250.0;5440.0;9010.0;14690.0;2283.0;3307.0;2960.0;4990.0;8290.0;13650.0;2148.0;3193.0;-20.0;62.0;-119.0;204.0;DIESEL
3210.0;5320.0;8810.0;14440.0;2265.0;3276.0;2960.0;5000.0;8320.0;13580.0;2145.0;3169.0;-18.0;51.0;-115.0;207.0;DIESEL
3240.0;5420.0;8970.0;14630.0;2282.0;3290.0;2940.0;4940.0;8240.0;13610.0;2137.0;3179.0;-22.0;51.0;-119.0;212.0;DIESEL
3300.0;5490.0;9100.0;14820.0;2299.0;3316.0;3020.0;5080.0;8440.0;13800.0;2160.0;3216.0;-22.0;46.0;-119.0;203.0;DIESEL
3290.0;5500.0;9120.0;14880.0;2316.0;3335.0;2990.0;5040.0;8400.0;13830.0;2172.0;3224.0;-18.0;62.0;-113.0;208.0;DIESEL
3270.0;5460.0;9020.0;14750.0;2295.0;3322.0;3020.0;5110.0;8500.0;13950.0;2153.0;3215.0;-18.0;51.0;-113.0;206.0;DIESEL
3280.0;5470.0;9020.0;14750.0;2294.0;3315.0;2990.0;5040.0;8410.0;13810.0;2166.0;3220.0;-17.0;56.0;-119.0;197.0;DIESEL
3220.0;5380.0;8960.0;14660.0;2297.0;3308.0;3030.0;5110.0;8430.0;13900.0;2167.0;3203.0;-16.0;57.0;-115.0;202.0;DIESEL
3240.0;5400.0;8900.0;14630.0;2274.0;3285.0;2960.0;5010.0;8310.0;13690.0;2148.0;3197.0;-16.0;58.0;-122.0;198.0;DIESEL
3210.0;5370.0;8910.0;14580.0;2268.0;3300.0;3000.0;5070.0;8370.0;13720.0;2146.0;3188.0;-17.0;55.0;-125.0;196.0;DIESEL
3180.0;5300.0;8790.0;14470.0;2251.0;3276.0;2940.0;4950.0;8210.0;13490.0;2131.0;3170.0;-17.0;56.0;-125.0;205.0;DIESEL
3270.0;5460.0;8960.0;14590.0;2272.0;3299.0;2990.0;5040.0;8370.0;13680.0;2149.0;3186.0;-17.0;55.0;-122.0;201.0;DIESEL
3260.0;5470.0;8980.0;14730.0;2295.0;3323.0;3030.0;5090.0;8460.0;13900.0;2162.0;3222.0;-17.0;47.0;-122.0;199.0;DIESEL
3240.0;5400.0;8940.0;14660.0;2276.0;3310.0;3010.0;5080.0;8420.0;13870.0;2159.0;3214.0;-17.0;50.0;-119.0;202.0;DIESEL
3240.0;5420.0;8960.0;14590.0;2271.0;3298.0;2980.0;5030.0;8390.0;13730.0;2156.0;3200.0;-17.0;43.0;-118.0;201.0;DIESEL
3270.0;5470.0;9010.0;14660.0;2293.0;3311.0;3000.0;5060.0;8400.0;13770.0;2157.0;3211.0;-17.0;52.0;-118.0;202.0;DIESEL
3270.0;5460.0;9030.0;14770.0;2287.0;3315.0;3010.0;5070.0;8430.0;13800.0;2155.0;3216.0;-17.0;60.0;-115.0;202.0;DIESEL
3300.0;5550.0;9080.0;14820.0;2304.0;3344.0;3000.0;5070.0;8420.0;13870.0;2183.0;3249.0;-17.0;41.0;-115.0;198.0;DIESEL
3260.0;5430.0;9030.0;14710.0;2302.0;3330.0;3020.0;5050.0;8400.0;13770.0;2174.0;3235.0;-19.0;42.0;-115.0;197.0;DIESEL
3280.0;5450.0;8980.0;14790.0;2300.0;3324.0;3050.0;5160.0;8550.0;13960.0;2184.0;3230.0;-23.0;49.0;-115.0;206.0;DIESEL
3310.0;5520.0;9090.0;14870.0;2324.0;3344.0;3060.0;5150.0;8510.0;13980.0;2176.0;3248.0;-24.0;42.0;-115.0;208.0;DIESEL
3310.0;5520.0;9150.0;14970.0;2320.0;3353.0;3040.0;5110.0;8510.0;14010.0;2188.0;3253.0;-19.0;50.0;-111.0;208.0;DIESEL
3280.0;5440.0;8970.0;14700.0;2289.0;3317.0;3000.0;5040.0;8400.0;13760.0;2161.0;3228.0;-19.0;46.0;-111.0;199.0;DIESEL
3270.0;5440.0;9010.0;14780.0;2299.0;3333.0;3050.0;5110.0;8510.0;13910.0;2164.0;3219.0;-20.0;44.0;-111.0;200.0;DIESEL
3180.0;5310.0;8820.0;14460.0;2257.0;3285.0;3000.0;5020.0;8360.0;13620.0;2140.0;3199.0;-20.0;44.0;-114.0;202.0;DIESEL
3270.0;5410.0;8950.0;14580.0;2278.0;3288.0;2990.0;5000.0;8310.0;13670.0;2141.0;3196.0;-19.0;50.0;-114.0;202.0;DIESEL
3250.0;5360.0;8850.0;14480.0;2259.0;3287.0;2970.0;4980.0;8300.0;13620.0;2140.0;3190.0;-20.0;42.0;-117.0;208.0;DIESEL
3210.0;5380.0;8910.0;14600.0;2267.0;3303.0;3020.0;5060.0;8400.0;13780.0;2153.0;3202.0;-21.0;51.0;-117.0;196.0;DIESEL
3240.0;5380.0;8900.0;14570.0;2275.0;3304.0;3030.0;5070.0;8360.0;13740.0;2151.0;3211.0;-21.0;47.0;-114.0;195.0;DIESEL
3260.0;5470.0;9010.0;14680.0;2301.0;3328.0;3030.0;5080.0;8420.0;13840.0;2176.0;3226.0;-27.0;45.0;-117.0;201.0;DIESEL
3250.0;5440.0;9030.0;14700.0;2291.0;3331.0;3030.0;5120.0;8480.0;13870.0;2167.0;3255.0;-27.0;58.0;-117.0;203.0;DIESEL
3320.0;5550.0;9170.0;14920.0;2326.0;3349.0;3010.0;5070.0;8430.0;13890.0;2182.0;3242.0;-26.0;58.0;-114.0;204.0;DIESEL
3280.0;5460.0;9090.0;14730.0;2308.0;3337.0;3050.0;5130.0;8520.0;13870.0;2175.0;3234.0;-13.0;50.0;-113.0;207.0;DIESEL
3250.0;5410.0;8970.0;14630.0;2293.0;3312.0;3060.0;5160.0;8500.0;13890.0;2163.0;3231.0;-17.0;46.0;-118.0;203.0;DIESEL
3270.0;5450.0;8970.0;14710.0;2307.0;3338.0;3050.0;5110.0;8460.0;13920.0;2172.0;3253.0;-17.0;50.0;-118.0;201.0;DIESEL
3240.0;5400.0;8950.0;14590.0;2275.0;3305.0;3010.0;5050.0;8390.0;13800.0;2159.0;3218.0;-16.0;44.0;-118.0;198.0;DIESEL
3200.0;5340.0;8830.0;14480.0;2267.0;3303.0;3030.0;5090.0;8430.0;13840.0;2169.0;3211.0;-16.0;51.0;-118.0;205.0;DIESEL
3320.0;5510.0;9080.0;14850.0;2314.0;3345.0;3080.0;5160.0;8610.0;14090.0;2188.0;3247.0;-17.0;47.0;-118.0;205.0;DIESEL
3370.0;5610.0;9240.0;15060.0;2332.0;3368.0;3100.0;5230.0;8650.0;14140.0;2202.0;3269.0;-16.0;58.0;-117.0;204.0;DIESEL
3300.0;5510.0;9100.0;14880.0;2322.0;3351.0;3080.0;5170.0;8490.0;13980.0;2190.0;3252.0;-16.0;55.0;-117.0;206.0;DIESEL
3330.0;5560.0;9210.0;14980.0;2336.0;3387.0;3100.0;5230.0;8610.0;14110.0;2213.0;3271.0;-12.0;62.0;-116.0;210.0;DIESEL
3390.0;5650.0;9320.0;15130.0;2347.0;3404.0;3110.0;5200.0;8640.0;14130.0;2212.0;3280.0;-17.0;47.0;-117.0;208.0;DIESEL
3360.0;5590.0;9240.0;15110.0;2351.0;3391.0;3090.0;5170.0;8590.0;14150.0;2220.0;3302.0;-17.0;57.0;-117.0;206.0;DIESEL
3430.0;5690.0;9410.0;15350.0;2373.0;3422.0;3150.0;5290.0;8730.0;14280.0;2235.0;3321.0;-17.0;48.0;-117.0;203.0;DIESEL
3420.0;5680.0;9370.0;15300.0;2375.0;3455.0;3160.0;5270.0;8720.0;14340.0;2246.0;3319.0;-17.0;56.0;-112.0;197.0;DIESEL
3360.0;5600.0;9280.0;15130.0;2355.0;3409.0;3130.0;5280.0;8780.0;14310.0;2236.0;3327.0;-17.0;52.0;-112.0;207.0;DIESEL
3390.0;5620.0;9250.0;15000.0;2349.0;3413.0;3120.0;5230.0;8700.0;14300.0;2227.0;3301.0;-19.0;49.0;-112.0;205.0;DIESEL
3360.0;5590.0;9290.0;15140.0;2355.0;3405.0;3110.0;5220.0;8660.0;14220.0;2222.0;3295.0;-19.0;50.0;-112.0;207.0;DIESEL
3330.0;5540.0;9160.0;15060.0;2326.0;3378.0;3100.0;5200.0;8580.0;14030.0;2208.0;3289.0;-19.0;50.0;-112.0;206.0;DIESEL
3340.0;5580.0;9250.0;15000.0;2333.0;3379.0;3090.0;5200.0;8570.0;14140.0;2205.0;3290.0;-20.0;51.0;-115.0;205.0;DIESEL
3270.0;5440.0;9030.0;14820.0;2318.0;3355.0;3070.0;5150.0;8560.0;14060.0;2207.0;3269.0;-20.0;47.0;-115.0;202.0;DIESEL
3390.0;5660.0;9320.0;15120.0;2351.0;3401.0;3110.0;5240.0;8660.0;14210.0;2228.0;3295.0;-20.0;49.0;-115.0;196.0;DIESEL
3320.0;5570.0;9220.0;15060.0;2347.0;3402.0;3130.0;5260.0;8650.0;14190.0;2211.0;3297.0;-22.0;53.0;-121.0;200.0;DIESEL
3360.0;5560.0;9240.0;15020.0;2340.0;3400.0;3120.0;5250.0;8690.0;14200.0;2222.0;3312.0;-23.0;44.0;-122.0;205.0;DIESEL
3360.0;5600.0;9270.0;15120.0;2357.0;3412.0;3150.0;5280.0;8770.0;14410.0;2243.0;3330.0;-23.0;55.0;-123.0;195.0;DIESEL
3400.0;5650.0;9360.0;15270.0;2374.0;3431.0;3140.0;5270.0;8750.0;14310.0;2242.0;3324.0;-23.0;53.0;-123.0;206.0;DIESEL
3420.0;5690.0;9360.0;15290.0;2389.0;3440.0;3160.0;5300.0;8800.0;14400.0;2249.0;3337.0;-22.0;51.0;-122.0;194.0;DIESEL
3370.0;5600.0;9260.0;15090.0;2360.0;3431.0;3130.0;5270.0;8710.0;14300.0;2249.0;3327.0;-20.0;59.0;-119.0;203.0;DIESEL
3390.0;5630.0;9310.0;15150.0;2354.0;3413.0;3110.0;5230.0;8690.0;14280.0;2231.0;3336.0;-18.0;48.0;-118.0;207.0;DIESEL
3370.0;5590.0;9200.0;15070.0;2350.0;3420.0;3130.0;5230.0;8680.0;14240.0;2237.0;3320.0;-18.0;51.0;-118.0;200.0;DIESEL
3300.0;5510.0;9090.0;14890.0;2323.0;3380.0;3130.0;5240.0;8710.0;14230.0;2233.0;3302.0;-16.0;60.0;-110.0;206.0;DIESEL
3430.0;5710.0;9440.0;15280.0;2379.0;3433.0;3180.0;5300.0;8800.0;14450.0;2248.0;3330.0;-13.0;53.0;-110.0;208.0;DIESEL
3390.0;5630.0;9320.0;15210.0;2369.0;3420.0;3150.0;5270.0;8740.0;14210.0;2230.0;3318.0;-18.0;50.0;-118.0;202.0;DIESEL
3350.0;5580.0;9140.0;15030.0;2344.0;3406.0;3150.0;5270.0;8760.0;14360.0;2231.0;3329.0;-18.0;49.0;-118.0;202.0;DIESEL
3360.0;5590.0;9220.0;15090.0;2345.0;3414.0;3150.0;5280.0;8700.0;14250.0;2229.0;3326.0;-18.0;45.0;-118.0;202.0;DIESEL
3420.0;5680.0;9360.0;15260.0;2371.0;3443.0;3120.0;5240.0;8680.0;14280.0;2241.0;3315.0;-18.0;57.0;-118.0;205.0;DIESEL
3360.0;5620.0;9270.0;15130.0;2368.0;3417.0;3180.0;5310.0;8770.0;14430.0;2251.0;3328.0;-19.0;46.0;-119.0;199.0;DIESEL
3450.0;5720.0;9440.0;15370.0;2368.0;3436.0;3160.0;5310.0;8760.0;14330.0;2248.0;3333.0;-19.0;50.0;-119.0;206.0;DIESEL
3360.0;5580.0;9230.0;15060.0;2350.0;3417.0;3150.0;5300.0;8720.0;14410.0;2235.0;3318.0;-19.0;44.0;-119.0;203.0;DIESEL
3400.0;5660.0;9330.0;15200.0;2369.0;3428.0;3140.0;5250.0;8710.0;14290.0;2245.0;3326.0;-19.0;51.0;-120.0;207.0;DIESEL
3440.0;5680.0;9420.0;15300.0;2379.0;3445.0;3170.0;5330.0;8860.0;14490.0;2266.0;3359.0;-28.0;45.0;-123.0;206.0;DIESEL
3470.0;5770.0;9510.0;15500.0;2395.0;3477.0;3200.0;5360.0;8890.0;14550.0;2275.0;3376.0;-28.0;48.0;-123.0;208.0;DIESEL
3490.0;5780.0;9560.0;15620.0;2419.0;3493.0;3220.0;5390.0;8930.0;14550.0;2285.0;3371.0;-28.0;52.0;-123.0;195.0;DIESEL
3420.0;5680.0;9360.0;15450.0;2402.0;3486.0;3220.0;5390.0;8930.0;14570.0;2272.0;3385.0;-21.0;53.0;-120.0;203.0;DIESEL
3510.0;5820.0;9620.0;15660.0;2431.0;3498.0;3190.0;5350.0;8930.0;14570.0;2278.0;3380.0;-19.0;52.0;-120.0;208.0;DIESEL
3500.0;5810.0;9520.0;15450.0;2413.0;3492.0;3200.0;5370.0;8900.0;14520.0;2276.0;3379.0;-19.0;47.0;-120.0;212.0;DIESEL
3460.0;5750.0;9440.0;15530.0;2405.0;3481.0;3210.0;5420.0;8990.0;14780.0;2291.0;3390.0;-19.0;49.0;-116.0;209.0;DIESEL
3490.0;5800.0;9540.0;15550.0;2418.0;3506.0;3250.0;5450.0;8990.0;14720.0;2308.0;3424.0;-20.0;55.0;-118.0;203.0;DIESEL
3450.0;5760.0;9460.0;15410.0;2410.0;3495.0;3210.0;5380.0;8930.0;14630.0;2286.0;3392.0;-26.0;49.0;-120.0;211.0;DIESEL
3480.0;5740.0;9480.0;15520.0;2410.0;3490.0;3210.0;5380.0;8920.0;14620.0;2282.0;3388.0;-26.0;55.0;-118.0;203.0;DIESEL
3490.0;5810.0;9600.0;15640.0;2427.0;3522.0;3230.0;5440.0;8980.0;14740.0;2291.0;3397.0;-26.0;46.0;-117.0;209.0;DIESEL
3450.0;5720.0;9450.0;15470.0;2410.0;3488.0;3250.0;5390.0;8900.0;14630.0;2278.0;3391.0;-26.0;48.0;-118.0;205.0;DIESEL
3450.0;5770.0;9520.0;15500.0;2421.0;3502.0;3210.0;5370.0;8880.0;14600.0;2278.0;3388.0;-26.0;46.0;-122.0;202.0;DIESEL
3460.0;5780.0;9550.0;15580.0;2418.0;3505.0;3220.0;5410.0;8870.0;14560.0;2285.0;3394.0;-26.0;52.0;-122.0;213.0;DIESEL
3440.0;5750.0;9510.0;15470.0;2418.0;3504.0;3190.0;5390.0;8920.0;14530.0;2293.0;3411.0;-26.0;46.0;-122.0;210.0;DIESEL
3530.0;5850.0;9680.0;15690.0;2440.0;3534.0;3260.0;5460.0;9060.0;14860.0;2317.0;3426.0;-24.0;52.0;-124.0;206.0;DIESEL
3540.0;5870.0;9720.0;15820.0;2461.0;3561.0;3270.0;5470.0;9060.0;14880.0;2312.0;3431.0;-24.0;45.0;-124.0;196.0;DIESEL
3500.0;5790.0;9580.0;15670.0;2440.0;3529.0;3240.0;5440.0;9000.0;14810.0;2307.0;3414.0;-21.0;43.0;-120.0;211.0;DIESEL
3380.0;5610.0;9250.0;15190.0;2380.0;3457.0;3210.0;5350.0;8850.0;14480.0;2273.0;3365.0;-19.0;51.0;-115.0;202.0;DIESEL
3490.0;5820.0;9610.0;15680.0;2425.0;3508.0;3250.0;5440.0;8950.0;14640.0;2294.0;3409.0;-19.0;45.0;-115.0;205.0;DIESEL
3540.0;5870.0;9640.0;15750.0;2446.0;3538.0;3250.0;5470.0;9030.0;14770.0;2306.0;3434.0;-19.0;46.0;-112.0;202.0;DIESEL
3560.0;5890.0;9720.0;15860.0;2458.0;3555.0;3260.0;5480.0;9080.0;14890.0;2309.0;3425.0;-21.0;58.0;-112.0;204.0;DIESEL
3480.0;5810.0;9540.0;15550.0;2429.0;3527.0;3220.0;5420.0;9020.0;14820.0;2313.0;3414.0;-21.0;50.0;-112.0;199.0;DIESEL
3500.0;5830.0;9590.0;15620.0;2418.0;3519.0;3270.0;5460.0;9020.0;14710.0;2306.0;3429.0;-21.0;50.0;-119.0;201.0;DIESEL
3490.0;5820.0;9570.0;15640.0;2423.0;3516.0;3240.0;5460.0;9030.0;14780.0;2301.0;3412.0;-25.0;49.0;-119.0;201.0;DIESEL
3520.0;5820.0;9560.0;15660.0;2427.0;3528.0;3260.0;5470.0;9090.0;14820.0;2309.0;3430.0;-25.0;49.0;-121.0;212.0;DIESEL
3510.0;5830.0;9600.0;15690.0;2445.0;3540.0;3270.0;5450.0;8990.0;14660.0;2316.0;3428.0;-23.0;45.0;-122.0;206.0;DIESEL
3560.0;5900.0;9710.0;15800.0;2455.0;3543.0;3280.0;5470.0;9100.0;14900.0;2318.0;3451.0;-23.0;44.0;-122.0;193.0;DIESEL
3590.0;5940.0;9790.0;15960.0;2472.0;3564.0;3330.0;5600.0;9210.0;15020.0;2328.0;3464.0;-27.0;46.0;-122.0;213.0;DIESEL
3620.0;6010.0;9920.0;16140.0;2497.0;3609.0;3380.0;5660.0;9300.0;15220.0;2377.0;3506.0;-26.0;51.0;-122.0;205.0;DIESEL
3490.0;5850.0;9630.0;15670.0;2440.0;3549.0;3300.0;5520.0;9150.0;14940.0;2324.0;3448.0;-26.0;59.0;-122.0;210.0;DIESEL
3540.0;5900.0;9700.0;15800.0;2456.0;3559.0;3310.0;5530.0;9140.0;14920.0;2329.0;3461.0;-26.0;48.0;-120.0;209.0;DIESEL
3620.0;6000.0;9890.0;16070.0;2494.0;3595.0;3340.0;5580.0;9220.0;14960.0;2347.0;3482.0;-22.0;52.0;-120.0;195.0;DIESEL
3630.0;6000.0;9870.0;16040.0;2497.0;3604.0;3310.0;5530.0;9170.0;15000.0;2352.0;3490.0;-22.0;49.0;-117.0;204.0;DIESEL
3590.0;5960.0;9890.0;16040.0;2486.0;3597.0;3320.0;5540.0;9120.0;14980.0;2336.0;3472.0;-22.0;49.0;-120.0;203.0;DIESEL
3520.0;5870.0;9660.0;15770.0;2457.0;3564.0;3310.0;5540.0;9130.0;14950.0;2343.0;3476.0;-22.0;57.0;-122.0;206.0;DIESEL
3530.0;5870.0;9710.0;15800.0;2453.0;3571.0;3350.0;5580.0;9180.0;14970.0;2339.0;3480.0;-21.0;61.0;-122.0;205.0;DIESEL
3600.0;5960.0;9780.0;15930.0;2482.0;3583.0;3370.0;5640.0;9290.0;15130.0;2349.0;3491.0;-23.0;56.0;-122.0;197.0;DIESEL
3580.0;5940.0;9730.0;15780.0;2468.0;3557.0;3360.0;5590.0;9190.0;15070.0;2341.0;3457.0;-23.0;56.0;-122.0;204.0;DIESEL
3540.0;5850.0;9650.0;15760.0;2458.0;3563.0;3330.0;5540.0;9190.0;15000.0;2346.0;3471.0;-15.0;44.0;-120.0;202.0;DIESEL
3550.0;5930.0;9750.0;15900.0;2465.0;3565.0;3290.0;5490.0;9100.0;14950.0;2322.0;3468.0;-14.0;51.0;-120.0;210.0;DIESEL
3530.0;5860.0;9630.0;15720.0;2448.0;3568.0;3340.0;5580.0;9260.0;15000.0;2329.0;3463.0;-15.0;54.0;-122.0;203.0;DIESEL
3530.0;5860.0;9660.0;15770.0;2459.0;3555.0;3320.0;5530.0;9140.0;15020.0;2332.0;3453.0;-15.0;55.0;-122.0;210.0;DIESEL
3580.0;5950.0;9810.0;15940.0;2485.0;3586.0;3320.0;5550.0;9150.0;15030.0;2350.0;3470.0;-17.0;51.0;-125.0;214.0;DIESEL
3620.0;5990.0;9880.0;16060.0;2497.0;3606.0;3330.0;5570.0;9240.0;15140.0;2367.0;3512.0;-20.0;44.0;-125.0;216.0;DIESEL
3640.0;6030.0;9890.0;16100.0;2508.0;3617.0;3360.0;5630.0;9310.0;15110.0;2364.0;3514.0;-20.0;55.0;-122.0;210.0;DIESEL
3590.0;5970.0;9830.0;16020.0;2482.0;3590.0;3330.0;5580.0;9220.0;15140.0;2366.0;3496.0;-21.0;44.0;-118.0;205.0;DIESEL
3600.0;5980.0;9820.0;15910.0;2471.0;3589.0;3320.0;5540.0;9150.0;14960.0;2346.0;3488.0;-20.0;48.0;-117.0;208.0;DIESEL
3550.0;5910.0;9710.0;15830.0;2475.0;3581.0;3350.0;5580.0;9290.0;15130.0;2351.0;3485.0;-20.0;54.0;-114.0;202.0;DIESEL
3590.0;5920.0;9730.0;15930.0;2481.0;3593.0;3330.0;5570.0;9210.0;15010.0;2350.0;3498.0;-20.0;45.0;-113.0;209.0;DIESEL
3590.0;5930.0;9770.0;15910.0;2484.0;3587.0;3340.0;5590.0;9240.0;15080.0;2365.0;3487.0;-21.0;49.0;-114.0;208.0;DIESEL
3540.0;5880.0;9650.0;15760.0;2467.0;3595.0;3310.0;5540.0;9130.0;14960.0;2347.0;3487.0;-22.0;58.0;-114.0;208.0;DIESEL
3600.0;5970.0;9800.0;15950.0;2481.0;3608.0;3340.0;5630.0;9280.0;15160.0;2371.0;3504.0;-22.0;45.0;-115.0;207.0;DIESEL
3570.0;5940.0;9740.0;15860.0;2476.0;3586.0;3370.0;5610.0;9230.0;15110.0;2347.0;3501.0;-26.0;46.0;-117.0;198.0;DIESEL
3530.0;5870.0;9640.0;15760.0;2460.0;3568.0;3380.0;5640.0;9310.0;15150.0;2351.0;3481.0;-26.0;40.0;-117.0;212.0;DIESEL
3630.0;5990.0;9910.0;16160.0;2513.0;3630.0;3320.0;5580.0;9240.0;15130.0;2372.0;3521.0;-26.0;56.0;-117.0;215.0;DIESEL
3620.0;6020.0;9860.0;16100.0;2507.0;3632.0;3370.0;5600.0;9230.0;15120.0;2368.0;3514.0;-19.0;53.0;-115.0;205.0;DIESEL
3570.0;5950.0;9770.0;15900.0;2483.0;3598.0;3390.0;5630.0;9290.0;15160.0;2357.0;3494.0;-27.0;51.0;-120.0;203.0;DIESEL
3540.0;5900.0;9680.0;15820.0;2463.0;3592.0;3340.0;5570.0;9220.0;15080.0;2364.0;3493.0;-19.0;56.0;-118.0;207.0;DIESEL
3640.0;6030.0;9910.0;16180.0;2510.0;3633.0;3380.0;5680.0;9350.0;15280.0;2382.0;3527.0;-27.0;43.0;-122.0;207.0;DIESEL
3590.0;5950.0;9820.0;16090.0;2501.0;3637.0;3380.0;5690.0;9320.0;15260.0;2378.0;3536.0;-22.0;49.0;-119.0;201.0;DIESEL
3650.0;6050.0;9930.0;16250.0;2529.0;3647.0;3420.0;5700.0;9420.0;15370.0;2382.0;3550.0;-27.0;48.0;-119.0;210.0;DIESEL
3650.0;6080.0;9940.0;16150.0;2525.0;3647.0;3400.0;5680.0;9420.0;15400.0;2388.0;3550.0;-26.0;50.0;-119.0;213.0;DIESEL
3530.0;5840.0;9690.0;15800.0;2454.0;3580.0;3320.0;5560.0;9160.0;15070.0;2348.0;3478.0;-26.0;55.0;-119.0;208.0;DIESEL
3610.0;5980.0;9820.0;16070.0;2480.0;3610.0;3340.0;5570.0;9170.0;15050.0;2352.0;3488.0;-22.0;44.0;-119.0;191.0;DIESEL
3620.0;5990.0;9880.0;16180.0;2500.0;3627.0;3390.0;5640.0;9340.0;15220.0;2366.0;3520.0;-23.0;47.0;-121.0;202.0;DIESEL
3700.0;6130.0;10040.0;16370.0;2533.0;3651.0;3400.0;5700.0;9400.0;15330.0;2395.0;3540.0;-23.0;53.0;-123.0;201.0;DIESEL
3690.0;6120.0;10040.0;16290.0;2529.0;3646.0;3440.0;5760.0;9490.0;15520.0;2413.0;3564.0;-20.0;60.0;-125.0;215.0;DIESEL
3720.0;6140.0;10110.0;16490.0;2541.0;3683.0;3410.0;5700.0;9440.0;15380.0;2393.0;3564.0;-20.0;53.0;-125.0;207.0;DIESEL
3720.0;6150.0;10110.0;16480.0;2565.0;3701.0;3420.0;5730.0;9460.0;15440.0;2417.0;3581.0;-20.0;45.0;-125.0;205.0;DIESEL
3720.0;6190.0;10210.0;16560.0;2562.0;3709.0;3430.0;5730.0;9460.0;15480.0;2418.0;3593.0;-20.0;55.0;-119.0;212.0;DIESEL
3750.0;6180.0;10200.0;16540.0;2573.0;3712.0;3460.0;5780.0;9550.0;15680.0;2426.0;3600.0;-20.0;53.0;-119.0;201.0;DIESEL
3670.0;6100.0;10060.0;16400.0;2551.0;3696.0;3420.0;5730.0;9430.0;15510.0;2413.0;3580.0;-21.0;43.0;-119.0;207.0;DIESEL
3670.0;6070.0;9970.0;16310.0;2529.0;3667.0;3430.0;5720.0;9460.0;15450.0;2402.0;3569.0;-21.0;49.0;-119.0;200.0;DIESEL
3690.0;6140.0;10020.0;16380.0;2552.0;3684.0;3470.0;5810.0;9560.0;15570.0;2407.0;3566.0;-21.0;51.0;-119.0;202.0;DIESEL
3670.0;6070.0;10010.0;16310.0;2534.0;3670.0;3390.0;5650.0;9330.0;15310.0;2403.0;3564.0;-21.0;48.0;-123.0;214.0;DIESEL
3700.0;6180.0;10110.0;16460.0;2565.0;3697.0;3480.0;5800.0;9590.0;15650.0;2423.0;3598.0;-21.0;51.0;-121.0;207.0;DIESEL
3630.0;6010.0;9870.0;16130.0;2516.0;3654.0;3420.0;5710.0;9440.0;15340.0;2392.0;3540.0;-18.0;51.0;-119.0;207.0;DIESEL
3680.0;6100.0;10020.0;16280.0;2520.0;3657.0;3410.0;5730.0;9440.0;15420.0;2396.0;3541.0;-18.0;50.0;-119.0;212.0;DIESEL
3670.0;6080.0;10030.0;16270.0;2536.0;3669.0;3400.0;5690.0;9430.0;15480.0;2402.0;3557.0;-18.0;55.0;-121.0;204.0;DIESEL
3620.0;5980.0;9920.0;16190.0;2510.0;3647.0;3400.0;5700.0;9400.0;15350.0;2400.0;3551.0;-16.0;46.0;-115.0;204.0;DIESEL
3590.0;5950.0;9800.0;16010.0;2490.0;3626.0;3390.0;5660.0;9350.0;15270.0;2377.0;3535.0;-16.0;49.0;-115.0;204.0;DIESEL
3720.0;6120.0;9980.0;16270.0;2530.0;3663.0;3440.0;5730.0;9450.0;15340.0;2399.0;3545.0;-16.0;60.0;-117.0;220.0;DIESEL
3760.0;6220.0;10190.0;16530.0;2567.0;3683.0;3470.0;5750.0;9460.0;15500.0;2428.0;3573.0;-19.0;47.0;-118.0;203.0;DIESEL
3700.0;6130.0;10140.0;16450.0;2555.0;3692.0;3480.0;5810.0;9560.0;15590.0;2419.0;3576.0;-18.0;43.0;-117.0;206.0;DIESEL
3740.0;6190.0;10190.0;16620.0;2567.0;3691.0;3470.0;5770.0;9540.0;15480.0;2426.0;3591.0;-19.0;49.0;-118.0;206.0;DIESEL
3720.0;6170.0;10140.0;16400.0;2556.0;3701.0;3440.0;5760.0;9530.0;15500.0;2419.0;3588.0;-18.0;47.0;-117.0;207.0;DIESEL
3700.0;6150.0;10100.0;16430.0;2549.0;3692.0;3480.0;5790.0;9540.0;15580.0;2423.0;3609.0;-18.0;55.0;-116.0;205.0;DIESEL
3680.0;6080.0;10000.0;16320.0;2538.0;3673.0;3450.0;5730.0;9470.0;15530.0;2416.0;3579.0;-18.0;52.0;-116.0;212.0;DIESEL
3730.0;6170.0;10150.0;16520.0;2565.0;3714.0;3430.0;5730.0;9510.0;15530.0;2433.0;3600.0;-18.0;47.0;-116.0;197.0;DIESEL
3770.0;6270.0;10200.0;16620.0;2581.0;3725.0;3440.0;5730.0;9520.0;15600.0;2440.0;3608.0;-18.0;54.0;-116.0;208.0;DIESEL
3770.0;6230.0;10260.0;16610.0;2580.0;3733.0;3520.0;5880.0;9610.0;15670.0;2439.0;3625.0;-23.0;53.0;-116.0;205.0;DIESEL
3720.0;6180.0;10130.0;16540.0;2564.0;3709.0;3490.0;5800.0;9570.0;15610.0;2431.0;3597.0;-24.0;57.0;-116.0;208.0;DIESEL
3700.0;6130.0;10020.0;16310.0;2553.0;3696.0;3480.0;5790.0;9580.0;15560.0;2432.0;3596.0;-23.0;50.0;-116.0;217.0;DIESEL
3650.0;6060.0;10000.0;16330.0;2550.0;3687.0;3440.0;5750.0;9530.0;15540.0;2422.0;3591.0;-24.0;51.0;-118.0;202.0;DIESEL
3760.0;6190.0;10190.0;16590.0;2569.0;3702.0;3510.0;5820.0;9590.0;15720.0;2438.0;3598.0;-24.0;50.0;-123.0;209.0;DIESEL
3700.0;6110.0;10030.0;16420.0;2560.0;3705.0;3500.0;5830.0;9610.0;15640.0;2440.0;3612.0;-24.0;49.0;-125.0;208.0;DIESEL
3670.0;6110.0;10050.0;16410.0;2550.0;3703.0;3450.0;5770.0;9460.0;15500.0;2437.0;3610.0;-20.0;45.0;-127.0;213.0;DIESEL
3790.0;6270.0;10280.0;16720.0;2582.0;3729.0;3490.0;5820.0;9610.0;15670.0;2451.0;3631.0;-25.0;51.0;-127.0;206.0;DIESEL
3780.0;6280.0;10260.0;16720.0;2593.0;3740.0;3550.0;5890.0;9730.0;15790.0;2463.0;3652.0;-16.0;50.0;-125.0;208.0;DIESEL
3730.0;6160.0;10100.0;16500.0;2562.0;3736.0;3480.0;5800.0;9600.0;15660.0;2440.0;3622.0;-15.0;57.0;-123.0;213.0;DIESEL
3790.0;6260.0;10280.0;16720.0;2595.0;3754.0;3540.0;5900.0;9760.0;15780.0;2469.0;3664.0;-15.0;53.0;-123.0;215.0;DIESEL
3840.0;6330.0;10430.0;16870.0;2619.0;3779.0;3580.0;5950.0;9810.0;15920.0;2479.0;3664.0;-25.0;48.0;-121.0;213.0;DIESEL
3910.0;6450.0;10510.0;17050.0;2644.0;3796.0;3520.0;5900.0;9760.0;15960.0;2495.0;3693.0;-15.0;52.0;-120.0;213.0;DIESEL
3870.0;6360.0;10420.0;16940.0;2630.0;3797.0;3600.0;6020.0;9890.0;16120.0;2483.0;3678.0;-24.0;53.0;-120.0;209.0;DIESEL
3780.0;6260.0;10250.0;16680.0;2606.0;3758.0;3540.0;5910.0;9720.0;15850.0;2464.0;3655.0;-24.0;51.0;-121.0;220.0;DIESEL
3770.0;6220.0;10230.0;16610.0;2573.0;3750.0;3510.0;5840.0;9640.0;15820.0;2454.0;3628.0;-24.0;45.0;-121.0;217.0;DIESEL
3800.0;6290.0;10310.0;16760.0;2604.0;3756.0;3560.0;5910.0;9720.0;15740.0;2472.0;3658.0;-22.0;50.0;-119.0;211.0;DIESEL
3750.0;6200.0;10190.0;16620.0;2587.0;3738.0;3530.0;5850.0;9690.0;15830.0;2463.0;3660.0;-23.0;60.0;-119.0;207.0;DIESEL
3800.0;6290.0;10310.0;16720.0;2590.0;3760.0;3520.0;5840.0;9690.0;15720.0;2462.0;3644.0;-23.0;51.0;-122.0;204.0;DIESEL
3750.0;6170.0;10110.0;16480.0;2568.0;3705.0;3520.0;5900.0;9640.0;15730.0;2444.0;3613.0;-22.0;46.0;-119.0;210.0;DIESEL
3720.0;6180.0;10170.0;16570.0;2575.0;3736.0;3470.0;5820.0;9640.0;15700.0;2442.0;3627.0;-22.0;50.0;-118.0;215.0;DIESEL
3780.0;6280.0;10270.0;16750.0;2598.0;3731.0;3520.0;5900.0;9740.0;15810.0;2467.0;3660.0;-20.0;50.0;-117.0;205.0;DIESEL
3790.0;6280.0;10320.0;16810.0;2602.0;3767.0;3560.0;5960.0;9790.0;15920.0;2470.0;3665.0;-20.0;51.0;-118.0;208.0;DIESEL
3800.0;6260.0;10290.0;16790.0;2604.0;3773.0;3550.0;5920.0;9730.0;15890.0;2474.0;3658.0;-20.0;46.0;-118.0;204.0;DIESEL
3890.0;6440.0;10560.0;17060.0;2650.0;3824.0;3620.0;6020.0;9910.0;16180.0;2501.0;3700.0;-17.0;42.0;-115.0;205.0;DIESEL
3740.0;6210.0;10230.0;16640.0;2592.0;3756.0;3540.0;5900.0;9690.0;15820.0;2466.0;3655.0;-16.0;49.0;-116.0;207.0;DIESEL
3830.0;6320.0;10380.0;16890.0;2630.0;3795.0;3590.0;5950.0;9820.0;15880.0;2478.0;3683.0;-13.0;51.0;-119.0;220.0;DIESEL
3870.0;6390.0;10500.0;17040.0;2637.0;3818.0;3550.0;5950.0;9830.0;16010.0;2497.0;3695.0;-13.0;47.0;-119.0;203.0;DIESEL
3860.0;6350.0;10450.0;16980.0;2625.0;3814.0;3590.0;5990.0;9830.0;15960.0;2484.0;3687.0;-13.0;50.0;-116.0;218.0;DIESEL
3830.0;6330.0;10410.0;16910.0;2628.0;3806.0;3590.0;5950.0;9810.0;16030.0;2505.0;3701.0;-14.0;51.0;-116.0;217.0;DIESEL
3740.0;6200.0;10220.0;16650.0;2596.0;3782.0;3530.0;5920.0;9730.0;15940.0;2488.0;3682.0;-14.0;37.0;-115.0;220.0;DIESEL
3860.0;6380.0;10490.0;17070.0;2637.0;3813.0;3590.0;5980.0;9870.0;16070.0;2509.0;3711.0;-19.0;53.0;-115.0;215.0;DIESEL
3820.0;6340.0;10440.0;16950.0;2630.0;3813.0;3600.0;5990.0;9940.0;16150.0;2518.0;3698.0;-23.0;46.0;-114.0;215.0;DIESEL
3880.0;6380.0;10520.0;17090.0;2647.0;3836.0;3590.0;6010.0;9950.0;16150.0;2513.0;3711.0;-24.0;52.0;-115.0;218.0;DIESEL
3920.0;6490.0;10600.0;17270.0;2668.0;3856.0;3650.0;6080.0;10020.0;16260.0;2529.0;3742.0;-24.0;54.0;-117.0;215.0;DIESEL
3960.0;6560.0;10750.0;17480.0;2688.0;3882.0;3630.0;6050.0;10030.0;16290.0;2548.0;3745.0;-25.0;59.0;-123.0;201.0;DIESEL
3840.0;6370.0;10480.0;17040.0;2640.0;3833.0;3620.0;6020.0;9910.0;16170.0;2519.0;3732.0;-25.0;50.0;-123.0;206.0;DIESEL
3830.0;6340.0;10410.0;16960.0;2633.0;3820.0;3630.0;6020.0;9900.0;16060.0;2506.0;3722.0;-21.0;57.0;-124.0;204.0;DIESEL
3890.0;6430.0;10540.0;17180.0;2658.0;3829.0;3570.0;5940.0;9810.0;16080.0;2519.0;3735.0;-21.0;57.0;-126.0;210.0;DIESEL
3870.0;6430.0;10570.0;17110.0;2649.0;3849.0;3650.0;6090.0;10010.0;16220.0;2530.0;3725.0;-22.0;50.0;-126.0;209.0;DIESEL
3840.0;6340.0;10430.0;16980.0;2638.0;3831.0;3630.0;6040.0;9990.0;16300.0;2523.0;3728.0;-22.0;51.0;-126.0;204.0;DIESEL
3860.0;6390.0;10500.0;17070.0;2640.0;3826.0;3610.0;6000.0;9900.0;16090.0;2502.0;3710.0;-25.0;54.0;-126.0;202.0;DIESEL
3870.0;6390.0;10510.0;17010.0;2643.0;3812.0;3600.0;6040.0;9920.0;16180.0;2501.0;3728.0;-25.0;53.0;-128.0;214.0;DIESEL
3910.0;6470.0;10610.0;17230.0;2655.0;3848.0;3600.0;6020.0;9940.0;16200.0;2526.0;3747.0;-22.0;52.0;-128.0;217.0;DIESEL
3920.0;6490.0;10670.0;17330.0;2681.0;3862.0;3680.0;6120.0;10040.0;16290.0;2535.0;3760.0;-21.0;45.0;-128.0;211.0;DIESEL
3950.0;6490.0;10650.0;17260.0;2680.0;3884.0;3660.0;6070.0;10050.0;16330.0;2545.0;3761.0;-21.0;45.0;-128.0;203.0;DIESEL
3890.0;6440.0;10610.0;17270.0;2682.0;3875.0;3630.0;6050.0;9960.0;16280.0;2534.0;3761.0;-21.0;50.0;-122.0;209.0;DIESEL
3880.0;6400.0;10510.0;17130.0;2657.0;3853.0;3640.0;6080.0;10050.0;16310.0;2535.0;3733.0;-19.0;57.0;-122.0;209.0;DIESEL
3930.0;6510.0;10690.0;17290.0;2676.0;3865.0;3620.0;6030.0;9960.0;16270.0;2536.0;3748.0;-16.0;56.0;-117.0;208.0;DIESEL
3950.0;6520.0;10660.0;17300.0;2685.0;3873.0;3640.0;6050.0;9990.0;16330.0;2543.0;3752.0;-19.0;53.0;-122.0;212.0;DIESEL
3900.0;6440.0;10600.0;17210.0;2667.0;3874.0;3680.0;6120.0;10050.0;16370.0;2543.0;3754.0;-19.0;53.0;-124.0;206.0;DIESEL
3940.0;6520.0;10740.0;17280.0;2683.0;3877.0;3710.0;6160.0;10120.0;16340.0;2543.0;3771.0;-19.0;48.0;-124.0;210.0;DIESEL
3940.0;6520.0;10710.0;17440.0;2712.0;3889.0;3670.0;6090.0;10060.0;16380.0;2559.0;3773.0;-21.0;45.0;-124.0;219.0;DIESEL
3940.0;6520.0;10690.0;17400.0;2687.0;3890.0;3650.0;6060.0;10020.0;16380.0;2549.0;3772.0;-21.0;60.0;-124.0;204.0;DIESEL
3920.0;6490.0;10640.0;17290.0;2688.0;3886.0;3670.0;6130.0;10080.0;16440.0;2559.0;3770.0;-24.0;52.0;-124.0;208.0;DIESEL
3910.0;6460.0;10660.0;17310.0;2688.0;3895.0;3690.0;6150.0;10110.0;16350.0;2563.0;3770.0;-19.0;48.0;-115.0;214.0;DIESEL
3890.0;6440.0;10580.0;17210.0;2672.0;3874.0;3670.0;6100.0;9970.0;16290.0;2539.0;3751.0;-32.0;56.0;-125.0;204.0;DIESEL
3970.0;6560.0;10750.0;17490.0;2716.0;3891.0;3690.0;6150.0;10140.0;16490.0;2562.0;3793.0;-27.0;54.0;-129.0;210.0;DIESEL
3880.0;6430.0;10600.0;17240.0;2675.0;3881.0;3670.0;6090.0;10020.0;16400.0;2556.0;3759.0;-27.0;51.0;-129.0;210.0;DIESEL
3920.0;6500.0;10610.0;17170.0;2674.0;3876.0;3700.0;6160.0;10110.0;16460.0;2541.0;3773.0;-14.0;52.0;-121.0;204.0;DIESEL
3950.0;6520.0;10690.0;17340.0;2682.0;3889.0;3710.0;6160.0;10150.0;16500.0;2562.0;3775.0;-25.0;53.0;-121.0;208.0;DIESEL
3960.0;6560.0;10750.0;17520.0;2707.0;3898.0;3720.0;6190.0;10150.0;16580.0;2561.0;3800.0;-25.0;59.0;-121.0;214.0;DIESEL
3940.0;6520.0;10720.0;17430.0;2707.0;3911.0;3700.0;6180.0;10100.0;16400.0;2548.0;3797.0;-16.0;59.0;-118.0;210.0;DIESEL
3970.0;6570.0;10750.0;17520.0;2712.0;3928.0;3710.0;6180.0;10190.0;16570.0;2565.0;3808.0;-23.0;49.0;-118.0;216.0;DIESEL
4000.0;6590.0;10810.0;17530.0;2714.0;3939.0;3740.0;6230.0;10280.0;16710.0;2576.0;3821.0;-23.0;51.0;-118.0;205.0;DIESEL
3860.0;6380.0;10500.0;17170.0;2680.0;3891.0;3640.0;6070.0;10000.0;16410.0;2557.0;3766.0;-22.0;53.0;-118.0;212.0;DIESEL
3940.0;6500.0;10680.0;17310.0;2691.0;3893.0;3650.0;6090.0;10000.0;16300.0;2552.0;3763.0;-22.0;43.0;-118.0;209.0;DIESEL
3940.0;6520.0;10680.0;17340.0;2691.0;3907.0;3690.0;6140.0;10080.0;16420.0;2559.0;3775.0;-22.0;65.0;-115.0;214.0;DIESEL
4020.0;6630.0;10850.0;17650.0;2732.0;3922.0;3690.0;6180.0;10160.0;16500.0;2566.0;3811.0;-18.0;55.0;-114.0;210.0;DIESEL
3870.0;6440.0;10510.0;17140.0;2667.0;3870.0;3690.0;6150.0;10070.0;16410.0;2538.0;3773.0;-19.0;59.0;-115.0;214.0;DIESEL
3900.0;6440.0;10630.0;17250.0;2694.0;3893.0;3650.0;6090.0;10020.0;16390.0;2545.0;3773.0;-18.0;48.0;-115.0;206.0;DIESEL
3930.0;6470.0;10640.0;17240.0;2681.0;3878.0;3650.0;6100.0;10040.0;16390.0;2547.0;3776.0;-15.0;60.0;-114.0;202.0;DIESEL
3930.0;6490.0;10590.0;17170.0;2668.0;3881.0;3650.0;6080.0;10010.0;16310.0;2542.0;3764.0;-12.0;56.0;-115.0;210.0;DIESEL
3980.0;6600.0;10790.0;17450.0;2717.0;3912.0;3730.0;6220.0;10190.0;16600.0;2577.0;3802.0;-12.0;52.0;-115.0;215.0;DIESEL
3990.0;6570.0;10790.0;17520.0;2719.0;3938.0;3740.0;6250.0;10270.0;16620.0;2577.0;3822.0;-12.0;53.0;-119.0;213.0;DIESEL
4000.0;6630.0;10810.0;17560.0;2716.0;3941.0;3750.0;6240.0;10300.0;16690.0;2597.0;3824.0;-15.0;61.0;-116.0;205.0;DIESEL
4030.0;6620.0;10870.0;17680.0;2723.0;3941.0;3740.0;6220.0;10250.0;16620.0;2589.0;3829.0;-17.0;48.0;-119.0;210.0;DIESEL
4000.0;6610.0;10820.0;17660.0;2731.0;3952.0;3780.0;6280.0;10310.0;16800.0;2609.0;3830.0;-17.0;56.0;-119.0;216.0;DIESEL
4050.0;6680.0;10970.0;17750.0;2739.0;3951.0;3760.0;6240.0;10320.0;16790.0;2589.0;3818.0;-20.0;52.0;-119.0;219.0;DIESEL
4050.0;6670.0;10890.0;17690.0;2737.0;3983.0;3790.0;6260.0;10340.0;16730.0;2600.0;3840.0;-20.0;60.0;-119.0;217.0;DIESEL
4110.0;6760.0;11100.0;17990.0;2769.0;3986.0;3790.0;6280.0;10360.0;16770.0;2624.0;3860.0;-20.0;49.0;-119.0;222.0;DIESEL
4020.0;6630.0;10870.0;17690.0;2735.0;3967.0;3750.0;6260.0;10260.0;16710.0;2605.0;3844.0;-20.0;49.0;-124.0;213.0;DIESEL
4030.0;6660.0;10930.0;17730.0;2740.0;3974.0;3760.0;6240.0;10250.0;16690.0;2610.0;3840.0;-23.0;51.0;-128.0;212.0;DIESEL
4030.0;6660.0;10910.0;17700.0;2755.0;3992.0;3790.0;6310.0;10380.0;16890.0;2616.0;3861.0;-20.0;57.0;-124.0;216.0;DIESEL
4080.0;6730.0;10990.0;17910.0;2766.0;3991.0;3800.0;6290.0;10390.0;16860.0;2616.0;3860.0;-17.0;58.0;-124.0;207.0;DIESEL
4090.0;6760.0;11080.0;17980.0;2789.0;4017.0;3800.0;6370.0;10450.0;16980.0;2634.0;3879.0;-25.0;69.0;-116.0;218.0;DIESEL
4100.0;6780.0;11130.0;17990.0;2795.0;4031.0;3850.0;6380.0;10420.0;16990.0;2638.0;3915.0;-25.0;50.0;-116.0;212.0;DIESEL
4100.0;6760.0;11060.0;18030.0;2787.0;4007.0;3780.0;6290.0;10350.0;16900.0;2629.0;3900.0;-17.0;59.0;-116.0;219.0;DIESEL
4160.0;6820.0;11220.0;18130.0;2793.0;4040.0;3840.0;6400.0;10500.0;17140.0;2656.0;3927.0;-13.0;46.0;-116.0;222.0;DIESEL
4120.0;6800.0;11160.0;17940.0;2801.0;4020.0;3820.0;6320.0;10390.0;16910.0;2634.0;3901.0;-22.0;50.0;-118.0;211.0;DIESEL
4050.0;6650.0;10940.0;17840.0;2761.0;3996.0;3810.0;6330.0;10450.0;16960.0;2636.0;3884.0;-13.0;53.0;-118.0;210.0;DIESEL
4010.0;6620.0;10880.0;17710.0;2744.0;3983.0;3740.0;6210.0;10260.0;16890.0;2617.0;3871.0;-12.0;44.0;-118.0;209.0;DIESEL
4060.0;6690.0;10950.0;17810.0;2761.0;3988.0;3810.0;6340.0;10390.0;16890.0;2619.0;3872.0;-12.0;49.0;-119.0;218.0;DIESEL
4100.0;6750.0;11100.0;17910.0;2766.0;4001.0;3850.0;6370.0;10480.0;17070.0;2627.0;3880.0;-16.0;51.0;-119.0;217.0;DIESEL
4100.0;6760.0;11040.0;17910.0;2774.0;4007.0;3770.0;6300.0;10420.0;16940.0;2634.0;3899.0;-16.0;54.0;-119.0;215.0;DIESEL
4030.0;6640.0;10900.0;17770.0;2756.0;3982.0;3760.0;6250.0;10290.0;16830.0;2621.0;3877.0;-17.0;49.0;-119.0;202.0;DIESEL
4050.0;6680.0;10980.0;17820.0;2772.0;3988.0;3800.0;6330.0;10380.0;16860.0;2623.0;3883.0;-22.0;50.0;-119.0;214.0;DIESEL
4060.0;6720.0;11060.0;17880.0;2780.0;4007.0;3800.0;6300.0;10410.0;16910.0;2638.0;3894.0;-25.0;51.0;-119.0;208.0;DIESEL
4160.0;6860.0;11170.0;18190.0;2794.0;4013.0;3850.0;6400.0;10470.0;16990.0;2645.0;3905.0;-25.0;47.0;-123.0;212.0;DIESEL
4070.0;6740.0;11020.0;17850.0;2775.0;4007.0;3790.0;6280.0;10380.0;16950.0;2636.0;3889.0;-18.0;59.0;-122.0;216.0;DIESEL
4080.0;6720.0;11000.0;17840.0;2777.0;4008.0;3770.0;6320.0;10360.0;16880.0;2644.0;3890.0;-18.0;52.0;-122.0;217.0;DIESEL
4070.0;6730.0;11020.0;17930.0;2773.0;4007.0;3800.0;6330.0;10380.0;16900.0;2622.0;3888.0;-17.0;58.0;-119.0;206.0;DIESEL
4100.0;6770.0;11080.0;17960.0;2779.0;4018.0;3790.0;6310.0;10440.0;16880.0;2629.0;3896.0;-17.0;58.0;-122.0;210.0;DIESEL
4120.0;6780.0;11140.0;18140.0;2793.0;4028.0;3800.0;6290.0;10390.0;16990.0;2632.0;3910.0;-17.0;51.0;-115.0;215.0;DIESEL
4170.0;6870.0;11240.0;18210.0;2807.0;4046.0;3860.0;6410.0;10530.0;17150.0;2663.0;3943.0;-18.0;49.0;-115.0;211.0;DIESEL
4110.0;6820.0;11140.0;18030.0;2801.0;4043.0;3820.0;6380.0;10520.0;17110.0;2662.0;3926.0;-22.0;48.0;-124.0;209.0;DIESEL
4040.0;6700.0;11000.0;17750.0;2777.0;4016.0;3790.0;6290.0;10340.0;16920.0;2642.0;3896.0;-25.0;54.0;-124.0;209.0;DIESEL
4040.0;6660.0;10930.0;17700.0;2753.0;3995.0;3830.0;6370.0;10520.0;17040.0;2632.0;3903.0;-25.0;56.0;-124.0;209.0;DIESEL
4080.0;6750.0;11100.0;18060.0;2791.0;4028.0;3780.0;6310.0;10380.0;16930.0;2653.0;3924.0;-25.0;46.0;-124.0;219.0;DIESEL
4080.0;6730.0;11050.0;17900.0;2777.0;4022.0;3840.0;6390.0;10480.0;17010.0;2654.0;3922.0;-25.0;58.0;-127.0;224.0;DIESEL
4120.0;6780.0;11130.0;18020.0;2782.0;4031.0;3810.0;6370.0;10440.0;17050.0;2649.0;3916.0;-25.0;57.0;-124.0;216.0;DIESEL
4110.0;6810.0;11100.0;18140.0;2803.0;4053.0;3820.0;6370.0;10470.0;17140.0;2658.0;3923.0;-22.0;52.0;-123.0;209.0;DIESEL
4100.0;6740.0;11130.0;18020.0;2786.0;4053.0;3860.0;6400.0;10510.0;17040.0;2650.0;3928.0;-15.0;50.0;-121.0;206.0;DIESEL
4180.0;6890.0;11220.0;18140.0;2807.0;4056.0;3900.0;6470.0;10620.0;17250.0;2676.0;3941.0;-15.0;54.0;-117.0;208.0;DIESEL
4140.0;6800.0;11140.0;18110.0;2791.0;4055.0;3860.0;6430.0;10500.0;17060.0;2657.0;3957.0;-15.0;52.0;-117.0;207.0;DIESEL
4090.0;6720.0;11040.0;17960.0;2788.0;4043.0;3840.0;6400.0;10510.0;17050.0;2666.0;3915.0;-18.0;54.0;-117.0;211.0;DIESEL
4110.0;6770.0;11130.0;18060.0;2793.0;4046.0;3830.0;6340.0;10460.0;17100.0;2650.0;3928.0;-18.0;57.0;-117.0;208.0;DIESEL
4080.0;6740.0;11080.0;17960.0;2786.0;4034.0;3830.0;6410.0;10510.0;17080.0;2651.0;3931.0;-18.0;60.0;-117.0;214.0;DIESEL
4100.0;6770.0;11070.0;18020.0;2803.0;4025.0;3830.0;6380.0;10450.0;17040.0;2645.0;3930.0;-17.0;53.0;-117.0;214.0;DIESEL
4060.0;6730.0;11020.0;17950.0;2785.0;4017.0;3880.0;6420.0;10610.0;17190.0;2660.0;3921.0;-17.0;50.0;-120.0;204.0;DIESEL
4080.0;6730.0;10980.0;17950.0;2777.0;4023.0;3790.0;6310.0;10370.0;16980.0;2643.0;3925.0;-17.0;53.0;-120.0;216.0;DIESEL
3980.0;6600.0;10770.0;17620.0;2740.0;3986.0;3800.0;6320.0;10390.0;16940.0;2625.0;3887.0;-18.0;53.0;-127.0;218.0;DIESEL
4110.0;6760.0;11050.0;17980.0;2784.0;4030.0;3880.0;6410.0;10490.0;17130.0;2660.0;3917.0;-20.0;41.0;-127.0;209.0;DIESEL
4130.0;6830.0;11180.0;18100.0;2795.0;4051.0;3870.0;6450.0;10570.0;17260.0;2681.0;3934.0;-24.0;54.0;-127.0;227.0;DIESEL
4140.0;6850.0;11160.0;18170.0;2810.0;4067.0;3890.0;6460.0;10590.0;17170.0;2665.0;3946.0;-24.0;54.0;-127.0;221.0;DIESEL
4180.0;6900.0;11260.0;18320.0;2817.0;4069.0;3900.0;6470.0;10640.0;17280.0;2686.0;3965.0;-24.0;55.0;-127.0;217.0;DIESEL
4140.0;6800.0;11140.0;18150.0;2803.0;4068.0;3880.0;6450.0;10620.0;17200.0;2669.0;3931.0;-24.0;48.0;-122.0;214.0;DIESEL
4150.0;6850.0;11140.0;18060.0;2808.0;4052.0;3870.0;6440.0;10560.0;17140.0;2674.0;3939.0;-19.0;54.0;-122.0;213.0;DIESEL
4160.0;6830.0;11170.0;18080.0;2803.0;4061.0;3830.0;6380.0;10470.0;17100.0;2656.0;3934.0;-19.0;54.0;-122.0;218.0;DIESEL
4160.0;6830.0;11150.0;18000.0;2799.0;4051.0;3880.0;6440.0;10580.0;17180.0;2658.0;3917.0;-20.0;54.0;-123.0;213.0;DIESEL
4090.0;6770.0;11030.0;17870.0;2777.0;4024.0;3870.0;6420.0;10540.0;17060.0;2653.0;3927.0;-18.0;58.0;-122.0;204.0;DIESEL
4150.0;6880.0;11210.0;18140.0;2808.0;4071.0;3870.0;6410.0;10540.0;17190.0;2676.0;3944.0;-18.0;52.0;-122.0;211.0;DIESEL
4070.0;6720.0;11000.0;17890.0;2773.0;4033.0;3850.0;6390.0;10500.0;17060.0;2655.0;3926.0;-18.0;55.0;-123.0;210.0;DIESEL
4100.0;6740.0;11090.0;18030.0;2786.0;4014.0;3890.0;6440.0;10640.0;17090.0;2665.0;3924.0;-18.0;52.0;-124.0;215.0;DIESEL
4130.0;6780.0;11100.0;18150.0;2797.0;4054.0;3860.0;6400.0;10550.0;17130.0;2668.0;3929.0;-18.0;50.0;-122.0;209.0;DIESEL
4160.0;6850.0;11210.0;18200.0;2824.0;4059.0;3860.0;6460.0;10610.0;17320.0;2695.0;3960.0;-18.0;61.0;-122.0;227.0;DIESEL
4170.0;6860.0;11220.0;18220.0;2823.0;4077.0;3900.0;6460.0;10620.0;17310.0;2680.0;3958.0;-18.0;62.0;-122.0;209.0;DIESEL
4230.0;6940.0;11410.0;18380.0;2846.0;4097.0;3910.0;6530.0;10740.0;17400.0;2703.0;3987.0;-21.0;49.0;-121.0;214.0;DIESEL
4250.0;6980.0;11440.0;18480.0;2854.0;4123.0;3980.0;6630.0;10790.0;17560.0;2712.0;3987.0;-21.0;53.0;-121.0;218.0;DIESEL
4180.0;6870.0;11240.0;18330.0;2842.0;4102.0;3960.0;6550.0;10710.0;17310.0;2702.0;3990.0;-18.0;50.0;-120.0;212.0;DIESEL
4220.0;6920.0;11320.0;18460.0;2844.0;4106.0;3960.0;6560.0;10790.0;17470.0;2706.0;3981.0;-21.0;56.0;-121.0;209.0;DIESEL
4240.0;6960.0;11380.0;18390.0;2855.0;4122.0;3960.0;6570.0;10770.0;17440.0;2703.0;3990.0;-18.0;56.0;-121.0;201.0;DIESEL
4100.0;6770.0;11150.0;18050.0;2793.0;4051.0;3910.0;6460.0;10630.0;17250.0;2671.0;3972.0;-18.0;47.0;-125.0;215.0;DIESEL
4230.0;6940.0;11360.0;18400.0;2839.0;4079.0;3910.0;6450.0;10640.0;17390.0;2683.0;3977.0;-15.0;54.0;-120.0;203.0;DIESEL
4170.0;6940.0;11340.0;18340.0;2829.0;4095.0;3970.0;6580.0;10780.0;17500.0;2709.0;3977.0;-15.0;59.0;-120.0;210.0;DIESEL
4250.0;6980.0;11420.0;18470.0;2854.0;4115.0;3920.0;6510.0;10660.0;17380.0;2709.0;4006.0;-15.0;52.0;-120.0;213.0;DIESEL
4190.0;6900.0;11310.0;18300.0;2829.0;4104.0;3890.0;6480.0;10620.0;17360.0;2684.0;3992.0;-21.0;58.0;-124.0;210.0;DIESEL
4160.0;6870.0;11300.0;18290.0;2835.0;4100.0;3960.0;6570.0;10740.0;17520.0;2710.0;4004.0;-20.0;47.0;-124.0;217.0;DIESEL
4250.0;6970.0;11340.0;18530.0;2865.0;4134.0;3960.0;6540.0;10770.0;17490.0;2714.0;4015.0;-21.0;53.0;-125.0;207.0;DIESEL
4210.0;6930.0;11370.0;18470.0;2860.0;4126.0;3990.0;6620.0;10780.0;17610.0;2722.0;4008.0;-21.0;62.0;-125.0;210.0;DIESEL
4140.0;6810.0;11200.0;18180.0;2826.0;4061.0;3890.0;6500.0;10630.0;17330.0;2698.0;3963.0;-21.0;48.0;-124.0;208.0;DIESEL
4200.0;6930.0;11360.0;18370.0;2838.0;4093.0;3930.0;6530.0;10720.0;17360.0;2687.0;3987.0;-20.0;51.0;-120.0;213.0;DIESEL
4210.0;6920.0;11300.0;18310.0;2840.0;4118.0;3920.0;6540.0;10680.0;17420.0;2699.0;3999.0;-15.0;51.0;-120.0;222.0;DIESEL
4220.0;6960.0;11400.0;18460.0;2857.0;4117.0;3970.0;6620.0;10780.0;17520.0;2712.0;4004.0;-15.0;57.0;-117.0;219.0;DIESEL
4190.0;6940.0;11320.0;18360.0;2839.0;4101.0;3880.0;6450.0;10620.0;17360.0;2701.0;3991.0;-17.0;58.0;-117.0;218.0;DIESEL
4280.0;7070.0;11560.0;18610.0;2880.0;4138.0;3960.0;6580.0;10800.0;17540.0;2725.0;4022.0;-17.0;53.0;-117.0;218.0;DIESEL
4190.0;6870.0;11280.0;18430.0;2841.0;4123.0;3890.0;6480.0;10680.0;17350.0;2695.0;3990.0;-17.0;51.0;-117.0;210.0;DIESEL
4210.0;6940.0;11390.0;18380.0;2834.0;4109.0;3880.0;6510.0;10700.0;17400.0;2709.0;4003.0;-19.0;53.0;-125.0;219.0;DIESEL
4200.0;6900.0;11270.0;18370.0;2840.0;4119.0;3940.0;6590.0;10750.0;17440.0;2714.0;4002.0;-22.0;42.0;-125.0;210.0;DIESEL
4200.0;6930.0;11330.0;18350.0;2838.0;4115.0;3910.0;6510.0;10680.0;17410.0;2698.0;4015.0;-26.0;53.0;-125.0;213.0;DIESEL
4290.0;7080.0;11490.0;18690.0;2878.0;4159.0;3980.0;6600.0;10850.0;17570.0;2736.0;4026.0;-24.0;56.0;-123.0;211.0;DIESEL
4280.0;7050.0;11500.0;18680.0;2890.0;4153.0;4020.0;6670.0;10930.0;17650.0;2746.0;4042.0;-26.0;45.0;-124.0;216.0;DIESEL
4270.0;7030.0;11530.0;18700.0;2885.0;4174.0;4020.0;6680.0;10880.0;17660.0;2740.0;4046.0;-24.0;55.0;-124.0;220.0;DIESEL
4230.0;6960.0;11410.0;18500.0;2864.0;4141.0;3930.0;6570.0;10780.0;17640.0;2732.0;4025.0;-24.0;50.0;-124.0;212.0;DIESEL
4270.0;7010.0;11490.0;18570.0;2878.0;4158.0;4000.0;6650.0;10920.0;17700.0;2739.0;4049.0;-24.0;51.0;-124.0;213.0;DIESEL
4250.0;7000.0;11530.0;18610.0;2882.0;4153.0;3970.0;6590.0;10810.0;17640.0;2740.0;4037.0;-21.0;52.0;-124.0;218.0;DIESEL
4210.0;6980.0;11450.0;18460.0;2860.0;4142.0;3970.0;6600.0;10770.0;17550.0;2724.0;4025.0;-20.0;53.0;-126.0;213.0;DIESEL
4240.0;7010.0;11420.0;18610.0;2871.0;4145.0;3970.0;6590.0;10790.0;17530.0;2724.0;4020.0;-18.0;50.0;-118.0;217.0;DIESEL
4350.0;7130.0;11660.0;18850.0;2908.0;4197.0;4060.0;6740.0;11030.0;17900.0;2767.0;4064.0;-20.0;57.0;-126.0;216.0;DIESEL
4320.0;7090.0;11600.0;18820.0;2896.0;4178.0;4000.0;6650.0;10880.0;17670.0;2750.0;4057.0;-20.0;48.0;-122.0;214.0;DIESEL
4320.0;7120.0;11640.0;18820.0;2910.0;4197.0;4020.0;6710.0;10990.0;17790.0;2756.0;4072.0;-20.0;54.0;-125.0;212.0;DIESEL
4350.0;7140.0;11620.0;18830.0;2919.0;4199.0;4050.0;6730.0;11020.0;17920.0;2780.0;4081.0;-20.0;45.0;-122.0;226.0;DIESEL
4330.0;7150.0;11670.0;18870.0;2903.0;4199.0;4010.0;6640.0;10950.0;17730.0;2767.0;4086.0;-21.0;58.0;-124.0;214.0;DIESEL
4290.0;7090.0;11610.0;18660.0;2900.0;4195.0;4010.0;6690.0;10940.0;17800.0;2767.0;4057.0;-20.0;57.0;-122.0;209.0;DIESEL
4290.0;7090.0;11610.0;18780.0;2911.0;4208.0;4030.0;6680.0;10950.0;17780.0;2761.0;4083.0;-20.0;51.0;-124.0;206.0;DIESEL
4380.0;7200.0;11760.0;19030.0;2931.0;4229.0;4040.0;6680.0;10970.0;17830.0;2774.0;4095.0;-18.0;45.0;-119.0;216.0;DIESEL
4250.0;7000.0;11490.0;18640.0;2899.0;4203.0;4010.0;6700.0;10930.0;17820.0;2771.0;4090.0;-20.0;58.0;-124.0;214.0;DIESEL
4220.0;7000.0;11460.0;18630.0;2893.0;4169.0;4030.0;6670.0;10930.0;17770.0;2753.0;4059.0;-18.0;54.0;-119.0;214.0;DIESEL
4230.0;7020.0;11460.0;18610.0;2900.0;4168.0;4020.0;6660.0;10930.0;17720.0;2753.0;4056.0;-13.0;56.0;-121.0;208.0;DIESEL
4240.0;6960.0;11450.0;18560.0;2875.0;4181.0;4010.0;6630.0;10920.0;17710.0;2745.0;4063.0;-13.0;51.0;-114.0;214.0;DIESEL
4300.0;7110.0;11560.0;18770.0;2897.0;4181.0;4040.0;6740.0;10990.0;17860.0;2754.0;4068.0;-15.0;53.0;-121.0;216.0;DIESEL
4280.0;7090.0;11610.0;18790.0;2908.0;4216.0;4050.0;6770.0;11040.0;17880.0;2773.0;4092.0;-15.0;54.0;-121.0;215.0;DIESEL
4280.0;7030.0;11520.0;18610.0;2902.0;4202.0;4010.0;6690.0;10980.0;17850.0;2774.0;4078.0;-19.0;54.0;-123.0;212.0;DIESEL
4270.0;7080.0;11590.0;18770.0;2907.0;4205.0;4040.0;6720.0;11030.0;17910.0;2772.0;4089.0;-24.0;59.0;-127.0;217.0;DIESEL
4320.0;7110.0;11610.0;18850.0;2923.0;4223.0;4070.0;6720.0;11030.0;17940.0;2784.0;4103.0;-24.0;54.0;-128.0;217.0;DIESEL
4340.0;7150.0;11690.0;18950.0;2933.0;4232.0;4100.0;6790.0;11110.0;18080.0;2795.0;4102.0;-24.0;50.0;-128.0;216.0;DIESEL
4360.0;7190.0;11770.0;19050.0;2941.0;4233.0;4020.0;6740.0;11000.0;17950.0;2775.0;4110.0;-23.0;65.0;-127.0;223.0;DIESEL
4430.0;7300.0;11960.0;19380.0;2960.0;4262.0;4080.0;6750.0;11100.0;17990.0;2801.0;4113.0;-23.0;55.0;-127.0;220.0;DIESEL
4340.0;7110.0;11640.0;18820.0;2916.0;4234.0;4070.0;6730.0;11080.0;18020.0;2783.0;4100.0;-23.0;57.0;-127.0;216.0;DIESEL
4350.0;7170.0;11760.0;19030.0;2941.0;4244.0;4110.0;6800.0;11170.0;18150.0;2789.0;4123.0;-26.0;54.0;-127.0;214.0;DIESEL
4360.0;7150.0;11740.0;19010.0;2938.0;4249.0;4050.0;6760.0;11140.0;18090.0;2806.0;4127.0;-27.0;52.0;-133.0;213.0;DIESEL
4410.0;7260.0;11870.0;19260.0;2966.0;4267.0;4090.0;6790.0;11130.0;18130.0;2809.0;4139.0;-28.0;52.0;-133.0;218.0;DIESEL
4340.0;7100.0;11670.0;18860.0;2918.0;4240.0;4080.0;6780.0;11130.0;18010.0;2800.0;4114.0;-28.0;57.0;-133.0;217.0;DIESEL
4370.0;7170.0;11710.0;18970.0;2932.0;4228.0;4090.0;6780.0;11100.0;18030.0;2793.0;4083.0;-26.0;53.0;-131.0;214.0;DIESEL
4390.0;7250.0;11870.0;19160.0;2960.0;4248.0;4070.0;6710.0;11040.0;17850.0;2776.0;4123.0;-28.0;56.0;-131.0;213.0;DIESEL
4220.0;6970.0;11400.0;18610.0;2879.0;4192.0;4020.0;6660.0;10930.0;17780.0;2777.0;4077.0;-28.0;55.0;-128.0;214.0;DIESEL
4280.0;7010.0;11510.0;18670.0;2893.0;4185.0;4070.0;6710.0;10960.0;17770.0;2764.0;4065.0;-28.0;48.0;-128.0;218.0;DIESEL
4330.0;7150.0;11700.0;18810.0;2909.0;4205.0;4050.0;6710.0;11000.0;17930.0;2773.0;4093.0;-28.0;56.0;-128.0;216.0;DIESEL
4310.0;7070.0;11540.0;18710.0;2894.0;4181.0;4050.0;6750.0;11080.0;17990.0;2771.0;4072.0;-32.0;45.0;-128.0;211.0;DIESEL
4310.0;7110.0;11590.0;18840.0;2907.0;4196.0;4030.0;6690.0;11020.0;17890.0;2790.0;4102.0;-28.0;58.0;-126.0;213.0;DIESEL
4280.0;7050.0;11530.0;18770.0;2899.0;4197.0;4080.0;6730.0;10990.0;17840.0;2780.0;4089.0;-27.0;51.0;-123.0;209.0;DIESEL
4290.0;7080.0;11520.0;18670.0;2899.0;4200.0;4010.0;6660.0;10940.0;17730.0;2753.0;4070.0;-19.0;55.0;-123.0;215.0;DIESEL
4360.0;7170.0;11760.0;18950.0;2926.0;4206.0;4060.0;6700.0;10990.0;17900.0;2782.0;4083.0;-19.0;49.0;-123.0;218.0;DIESEL
4280.0;7080.0;11510.0;18670.0;2906.0;4195.0;4080.0;6740.0;11090.0;18020.0;2776.0;4084.0;-19.0;54.0;-123.0;211.0;DIESEL
4300.0;7050.0;11510.0;18730.0;2897.0;4190.0;4050.0;6750.0;11000.0;17910.0;2766.0;4086.0;-21.0;46.0;-123.0;216.0;DIESEL
4340.0;7120.0;11630.0;18890.0;2919.0;4216.0;4080.0;6790.0;11120.0;18050.0;2787.0;4093.0;-21.0;49.0;-123.0;220.0;DIESEL
4320.0;7110.0;11640.0;18850.0;2918.0;4208.0;4060.0;6710.0;11020.0;17870.0;2791.0;4112.0;-24.0;52.0;-129.0;221.0;DIESEL
4390.0;7200.0;11780.0;19040.0;2946.0;4240.0;4060.0;6740.0;11020.0;17970.0;2789.0;4117.0;-22.0;51.0;-125.0;218.0;DIESEL
4300.0;7050.0;11590.0;18710.0;2904.0;4193.0;4070.0;6740.0;11000.0;17890.0;2775.0;4104.0;-22.0;53.0;-125.0;212.0;DIESEL
4280.0;7050.0;11540.0;18720.0;2908.0;4196.0;4050.0;6720.0;11000.0;17810.0;2761.0;4073.0;-27.0;50.0;-126.0;209.0;DIESEL
4210.0;6980.0;11420.0;18510.0;2868.0;4163.0;4020.0;6680.0;10970.0;17650.0;2743.0;4053.0;-27.0;51.0;-129.0;208.0;DIESEL
4220.0;6970.0;11380.0;18420.0;2858.0;4146.0;3970.0;6590.0;10830.0;17590.0;2738.0;4029.0;-24.0;51.0;-126.0;209.0;DIESEL
4210.0;6910.0;11350.0;18390.0;2851.0;4143.0;4040.0;6660.0;10900.0;17570.0;2725.0;4031.0;-27.0;54.0;-127.0;217.0;DIESEL
4220.0;6940.0;11320.0;18380.0;2845.0;4161.0;4010.0;6610.0;10820.0;17720.0;2728.0;4026.0;-24.0;50.0;-127.0;216.0;DIESEL
4350.0;7170.0;11690.0;18840.0;2908.0;4191.0;4090.0;6790.0;11130.0;17960.0;2773.0;4080.0;-24.0;45.0;-125.0;210.0;DIESEL
4160.0;6860.0;11250.0;18280.0;2832.0;4132.0;4010.0;6630.0;10850.0;17580.0;2714.0;4019.0;-19.0;59.0;-118.0;217.0;DIESEL
4300.0;7070.0;11520.0;18670.0;2874.0;4155.0;4020.0;6640.0;10870.0;17660.0;2732.0;4042.0;-19.0;61.0;-118.0;220.0;DIESEL
4340.0;7150.0;11620.0;18720.0;2901.0;4190.0;4090.0;6760.0;10990.0;17820.0;2776.0;4077.0;-19.0;47.0;-116.0;209.0;DIESEL
4370.0;7180.0;11710.0;18850.0;2915.0;4197.0;4050.0;6710.0;11000.0;17920.0;2776.0;4093.0;-19.0;54.0;-116.0;201.0;DIESEL
4320.0;7130.0;11640.0;18910.0;2919.0;4234.0;4080.0;6780.0;11140.0;18090.0;2812.0;4114.0;-20.0;49.0;-116.0;190.0;DIESEL
4340.0;7140.0;11620.0;18750.0;2883.0;4147.0;3970.0;6610.0;10840.0;17630.0;2723.0;4007.0;-20.0;48.0;-117.0;203.0;DIESEL
4220.0;6910.0;11180.0;17880.0;2728.0;3934.0;3850.0;6340.0;10370.0;16730.0;2572.0;3784.0;-21.0;54.0;-122.0;211.0;DIESEL
4000.0;6510.0;10510.0;16800.0;2578.0;3749.0;3700.0;6110.0;10020.0;16050.0;2467.0;3641.0;-21.0;55.0;-122.0;213.0;DIESEL
3910.0;6380.0;10240.0;16420.0;2514.0;3646.0;3680.0;6060.0;9810.0;15730.0;2412.0;3547.0;-21.0;51.0;-122.0;219.0;DIESEL
3850.0;6270.0;10000.0;16020.0;2432.0;3562.0;3590.0;5900.0;9540.0;15370.0;2350.0;3475.0;-26.0;56.0;-122.0;214.0;DIESEL
3770.0;6120.0;9860.0;15610.0;2389.0;3482.0;3540.0;5780.0;9380.0;15060.0;2310.0;3400.0;-29.0;58.0;-127.0;215.0;DIESEL
3710.0;5990.0;9620.0;15250.0;2337.0;3411.0;3530.0;5780.0;9370.0;14910.0;2280.0;3355.0;-27.0;54.0;-121.0;211.0;DIESEL
3660.0;5920.0;9500.0;15190.0;2318.0;3373.0;3500.0;5710.0;9240.0;14740.0;2247.0;3306.0;-32.0;58.0;-132.0;217.0;DIESEL
3700.0;5990.0;9600.0;15270.0;2318.0;3376.0;3410.0;5620.0;9050.0;14510.0;2226.0;3290.0;-32.0;50.0;-132.0;206.0;DIESEL
3590.0;5820.0;9300.0;14810.0;2271.0;3310.0;3410.0;5590.0;9030.0;14460.0;2211.0;3239.0;-30.0;54.0;-128.0;219.0;DIESEL
3550.0;5740.0;9240.0;14560.0;2230.0;3256.0;3370.0;5520.0;8850.0;14220.0;2170.0;3203.0;-30.0;54.0;-127.0;219.0;DIESEL
3510.0;5670.0;9080.0;14390.0;2198.0;3204.0;3330.0;5420.0;8720.0;13990.0;2144.0;3160.0;-30.0;60.0;-128.0;225.0;DIESEL
3500.0;5680.0;9100.0;14460.0;2207.0;3201.0;3350.0;5470.0;8780.0;14010.0;2142.0;3122.0;-30.0;54.0;-128.0;217.0;DIESEL
3470.0;5600.0;8970.0;14160.0;2162.0;3167.0;3270.0;5320.0;8550.0;13650.0;2092.0;3083.0;-30.0;52.0;-132.0;217.0;DIESEL
3320.0;5340.0;8560.0;13600.0;2079.0;3045.0;3190.0;5180.0;8340.0;13290.0;2033.0;2996.0;-31.0;53.0;-132.0;219.0;DIESEL
3320.0;5340.0;8550.0;13540.0;2062.0;3025.0;3120.0;5070.0;8180.0;13020.0;2007.0;2963.0;-31.0;55.0;-135.0;210.0;DIESEL
3290.0;5300.0;8450.0;13430.0;2048.0;2987.0;3140.0;5090.0;8180.0;13070.0;1992.0;2932.0;-32.0;57.0;-135.0;218.0;DIESEL
3220.0;5210.0;8300.0;13110.0;2005.0;2934.0;3100.0;5020.0;8060.0;12800.0;1955.0;2877.0;-32.0;45.0;-133.0;217.0;DIESEL
3160.0;5060.0;8060.0;12820.0;1954.0;2847.0;3020.0;4910.0;7870.0;12410.0;1909.0;2806.0;-33.0;54.0;-128.0;207.0;DIESEL
3020.0;4870.0;7780.0;12230.0;1880.0;2770.0;2960.0;4790.0;7690.0;12170.0;1865.0;2753.0;-33.0;56.0;-128.0;212.0;DIESEL
3120.0;5000.0;8030.0;12680.0;1940.0;2823.0;2960.0;4840.0;7720.0;12340.0;1897.0;2785.0;-33.0;48.0;-128.0;212.0;DIESEL
3150.0;5050.0;8060.0;12780.0;1949.0;2840.0;2950.0;4790.0;7740.0;12290.0;1886.0;2782.0;-32.0;58.0;-128.0;213.0;DIESEL
3110.0;5010.0;8010.0;12600.0;1935.0;2806.0;2940.0;4760.0;7660.0;12140.0;1863.0;2742.0;-21.0;59.0;-128.0;216.0;DIESEL
3030.0;4860.0;7750.0;12300.0;1875.0;2748.0;2910.0;4750.0;7570.0;12030.0;1831.0;2698.0;-21.0;51.0;-129.0;215.0;DIESEL
2970.0;4760.0;7550.0;11940.0;1821.0;2666.0;2810.0;4580.0;7330.0;11550.0;1782.0;2624.0;-27.0;50.0;-129.0;205.0;DIESEL
2880.0;4630.0;7370.0;11620.0;1777.0;2596.0;2780.0;4520.0;7210.0;11440.0;1739.0;2553.0;-27.0;60.0;-129.0;214.0;DIESEL
2800.0;4500.0;7170.0;11320.0;1734.0;2560.0;2750.0;4430.0;7070.0;11240.0;1720.0;2535.0;-28.0;59.0;-129.0;226.0;DIESEL
2810.0;4530.0;7250.0;11500.0;1759.0;2580.0;2700.0;4390.0;7040.0;11240.0;1727.0;2547.0;-28.0;61.0;-129.0;222.0;DIESEL
2910.0;4700.0;7490.0;11870.0;1804.0;2634.0;2740.0;4490.0;7170.0;11480.0;1752.0;2588.0;-30.0;59.0;-129.0;224.0;DIESEL
2920.0;4690.0;7460.0;11850.0;1812.0;2644.0;2760.0;4460.0;7180.0;11380.0;1757.0;2595.0;-30.0;55.0;-135.0;230.0;DIESEL
2930.0;4700.0;7520.0;11870.0;1820.0;2655.0;2750.0;4460.0;7170.0;11480.0;1764.0;2605.0;-30.0;61.0;-129.0;211.0;DIESEL
2750.0;4450.0;7100.0;11270.0;1727.0;2546.0;2670.0;4350.0;6950.0;11080.0;1697.0;2497.0;-27.0;53.0;-129.0;207.0;DIESEL
2680.0;4310.0;6920.0;10970.0;1678.0;2475.0;2610.0;4250.0;6810.0;10820.0;1652.0;2454.0;-30.0;53.0;-129.0;206.0;DIESEL
2770.0;4470.0;7110.0;11180.0;1708.0;2506.0;2620.0;4250.0;6820.0;10850.0;1655.0;2466.0;-27.0;51.0;-129.0;205.0;DIESEL
2780.0;4460.0;7120.0;11250.0;1709.0;2503.0;2600.0;4240.0;6830.0;10880.0;1669.0;2448.0;-27.0;55.0;-118.0;198.0;DIESEL
2690.0;4330.0;6910.0;10890.0;1663.0;2438.0;2540.0;4170.0;6600.0;10540.0;1617.0;2394.0;-26.0;54.0;-118.0;196.0;DIESEL
2680.0;4320.0;6910.0;10910.0;1650.0;2425.0;2560.0;4150.0;6660.0;10570.0;1613.0;2380.0;-27.0;54.0;-118.0;204.0;DIESEL
2640.0;4240.0;6730.0;10700.0;1633.0;2391.0;2480.0;4040.0;6510.0;10320.0;1582.0;2339.0;-25.0;61.0;-114.0;198.0;DIESEL
2610.0;4210.0;6690.0;10550.0;1612.0;2364.0;2450.0;3990.0;6440.0;10280.0;1570.0;2314.0;-27.0;49.0;-118.0;201.0;DIESEL
2540.0;4080.0;6510.0;10280.0;1573.0;2313.0;2430.0;3970.0;6350.0;10080.0;1550.0;2269.0;-27.0;51.0;-118.0;199.0;DIESEL
2580.0;4160.0;6640.0;10450.0;1597.0;2335.0;2440.0;3950.0;6360.0;10130.0;1552.0;2281.0;-29.0;51.0;-124.0;206.0;DIESEL
2610.0;4200.0;6680.0;10530.0;1609.0;2347.0;2460.0;4000.0;6420.0;10160.0;1555.0;2299.0;-29.0;51.0;-124.0;201.0;DIESEL
2580.0;4140.0;6640.0;10500.0;1607.0;2348.0;2440.0;3950.0;6350.0;10160.0;1563.0;2307.0;-29.0;55.0;-124.0;202.0;DIESEL
2650.0;4290.0;6830.0;10830.0;1639.0;2393.0;2470.0;4020.0;6410.0;10250.0;1569.0;2314.0;-29.0;53.0;-125.0;198.0;DIESEL
2580.0;4170.0;6630.0;10550.0;1608.0;2358.0;2420.0;3960.0;6380.0;10170.0;1555.0;2306.0;-30.0;52.0;-125.0;187.0;DIESEL
2590.0;4190.0;6660.0;10540.0;1607.0;2345.0;2410.0;3930.0;6300.0;10100.0;1545.0;2298.0;-30.0;51.0;-124.0;206.0;DIESEL
2580.0;4160.0;6670.0;10480.0;1606.0;2341.0;2430.0;3960.0;6360.0;10120.0;1552.0;2288.0;-30.0;52.0;-126.0;216.0;DIESEL
2520.0;4060.0;6500.0;10290.0;1575.0;2295.0;2370.0;3880.0;6230.0;9870.0;1513.0;2232.0;-29.0;56.0;-128.0;206.0;DIESEL
2410.0;3900.0;6210.0;9890.0;1510.0;2228.0;2310.0;3770.0;6000.0;9550.0;1469.0;2168.0;-29.0;58.0;-128.0;209.0;DIESEL
2300.0;3710.0;5930.0;9420.0;1439.0;2132.0;2200.0;3570.0;5740.0;9140.0;1409.0;2094.0;-27.0;59.0;-127.0;204.0;DIESEL
2270.0;3670.0;5870.0;9300.0;1417.0;2084.0;2150.0;3490.0;5600.0;8940.0;1375.0;2037.0;-24.0;54.0;-127.0;198.0;DIESEL
2070.0;3350.0;5350.0;8530.0;1312.0;1956.0;2050.0;3360.0;5320.0;8510.0;1296.0;1932.0;-24.0;50.0;-127.0;202.0;DIESEL
2080.0;3350.0;5330.0;8470.0;1297.0;1932.0;2030.0;3270.0;5250.0;8330.0;1288.0;1899.0;-23.0;57.0;-127.0;203.0;DIESEL
2060.0;3330.0;5300.0;8390.0;1287.0;1905.0;1980.0;3230.0;5220.0;8300.0;1262.0;1882.0;-24.0;54.0;-128.0;212.0;DIESEL
2060.0;3350.0;5370.0;8510.0;1300.0;1917.0;1950.0;3210.0;5160.0;8240.0;1260.0;1883.0;-24.0;55.0;-133.0;225.0;DIESEL
2060.0;3340.0;5300.0;8450.0;1295.0;1917.0;1960.0;3210.0;5130.0;8200.0;1263.0;1885.0;-31.0;57.0;-134.0;232.0;DIESEL
2030.0;3300.0;5270.0;8370.0;1294.0;1919.0;1960.0;3220.0;5180.0;8300.0;1281.0;1923.0;-31.0;63.0;-137.0;248.0;DIESEL
2100.0;3420.0;5500.0;8750.0;1333.0;1968.0;1990.0;3240.0;5230.0;8400.0;1302.0;1948.0;-31.0;55.0;-137.0;250.0;DIESEL
2110.0;3430.0;5520.0;8830.0;1351.0;2003.0;2030.0;3310.0;5330.0;8590.0;1324.0;1983.0;-31.0;62.0;-137.0;235.0;DIESEL
2090.0;3420.0;5480.0;8710.0;1344.0;2003.0;1990.0;3290.0;5260.0;8490.0;1306.0;1961.0;-30.0;59.0;-133.0;219.0;DIESEL
2020.0;3310.0;5290.0;8420.0;1304.0;1936.0;1960.0;3180.0;5110.0;8140.0;1268.0;1895.0;-30.0;61.0;-133.0;225.0;DIESEL
1920.0;3130.0;4980.0;7940.0;1225.0;1848.0;1870.0;3080.0;4960.0;7950.0;1237.0;1842.0;-31.0;65.0;-133.0;236.0;DIESEL
1980.0;3190.0;5090.0;8170.0;1264.0;1886.0;1900.0;3120.0;5030.0;8090.0;1249.0;1870.0;-32.0;49.0;-131.0;229.0;DIESEL
1950.0;3190.0;5120.0;8270.0;1278.0;1910.0;1870.0;3080.0;5010.0;8050.0;1255.0;1871.0;-31.0;52.0;-131.0;223.0;DIESEL
2020.0;3300.0;5310.0;8450.0;1299.0;1919.0;1900.0;3130.0;5090.0;8210.0;1264.0;1896.0;-31.0;57.0;-132.0;219.0;DIESEL
2010.0;3270.0;5280.0;8460.0;1303.0;1918.0;1910.0;3150.0;5140.0;8250.0;1273.0;1906.0;-30.0;63.0;-128.0;225.0;DIESEL
2010.0;3290.0;5310.0;8470.0;1301.0;1920.0;1870.0;3100.0;5020.0;8060.0;1249.0;1891.0;-28.0;64.0;-127.0;209.0;DIESEL
1980.0;3240.0;5230.0;8320.0;1284.0;1901.0;1870.0;3090.0;4990.0;8060.0;1252.0;1883.0;-28.0;58.0;-128.0;218.0;DIESEL
2000.0;3260.0;5260.0;8370.0;1293.0;1919.0;1880.0;3110.0;5030.0;8160.0;1263.0;1893.0;-30.0;55.0;-126.0;215.0;DIESEL
1990.0;3250.0;5240.0;8430.0;1300.0;1929.0;1890.0;3140.0;5130.0;8280.0;1276.0;1908.0;-31.0;59.0;-125.0;215.0;DIESEL
2040.0;3340.0;5380.0;8620.0;1323.0;1966.0;1910.0;3160.0;5120.0;8280.0;1297.0;1938.0;-31.0;50.0;-126.0;209.0;DIESEL
2040.0;3330.0;5380.0;8610.0;1321.0;1969.0;1920.0;3170.0;5190.0;8410.0;1308.0;1943.0;-31.0;60.0;-126.0;215.0;DIESEL
2090.0;3440.0;5560.0;8900.0;1368.0;2022.0;1930.0;3170.0;5230.0;8470.0;1321.0;1973.0;-31.0;47.0;-124.0;202.0;DIESEL
2040.0;3330.0;5360.0;8570.0;1330.0;1971.0;1920.0;3200.0;5200.0;8350.0;1292.0;1938.0;-30.0;53.0;-121.0;216.0;DIESEL
1980.0;3240.0;5270.0;8400.0;1297.0;1930.0;1860.0;3090.0;5010.0;8150.0;1263.0;1897.0;-26.0;48.0;-119.0;204.0;DIESEL
1950.0;3190.0;5170.0;8250.0;1275.0;1893.0;1840.0;3030.0;4920.0;8010.0;1238.0;1871.0;-26.0;57.0;-118.0;195.0;DIESEL
1940.0;3190.0;5160.0;8230.0;1271.0;1891.0;1800.0;2990.0;4900.0;7910.0;1239.0;1858.0;-26.0;39.0;-118.0;198.0;DIESEL
1980.0;3240.0;5230.0;8440.0;1301.0;1914.0;1820.0;3050.0;4980.0;8050.0;1252.0;1891.0;-26.0;50.0;-118.0;200.0;DIESEL
1960.0;3210.0;5180.0;8310.0;1284.0;1900.0;1800.0;3000.0;4920.0;8030.0;1238.0;1860.0;-26.0;50.0;-118.0;209.0;DIESEL
1830.0;2970.0;4820.0;7750.0;1200.0;1791.0;1730.0;2870.0;4660.0;7590.0;1180.0;1758.0;-25.0;52.0;-117.0;208.0;DIESEL
1800.0;2960.0;4790.0;7690.0;1185.0;1769.0;1670.0;2790.0;4550.0;7380.0;1149.0;1724.0;-23.0;58.0;-117.0;203.0;DIESEL
1670.0;2740.0;4420.0;7140.0;1109.0;1685.0;1630.0;2720.0;4450.0;7190.0;1118.0;1678.0;-17.0;49.0;-115.0;206.0;DIESEL
1690.0;2760.0;4490.0;7210.0;1125.0;1679.0;1640.0;2710.0;4430.0;7140.0;1118.0;1677.0;-17.0;56.0;-115.0;210.0;DIESEL
1730.0;2850.0;4620.0;7430.0;1143.0;1710.0;1650.0;2740.0;4470.0;7210.0;1129.0;1679.0;-23.0;53.0;-115.0;223.0;DIESEL
1710.0;2810.0;4520.0;7310.0;1132.0;1687.0;1600.0;2650.0;4370.0;7100.0;1109.0;1658.0;-23.0;50.0;-121.0;219.0;DIESEL
1680.0;2750.0;4430.0;7180.0;1112.0;1668.0;1590.0;2660.0;4350.0;7040.0;1089.0;1654.0;-25.0;59.0;-120.0;213.0;DIESEL
1650.0;2710.0;4390.0;7120.0;1102.0;1662.0;1590.0;2630.0;4280.0;6950.0;1086.0;1635.0;-32.0;60.0;-131.0;214.0;DIESEL
1640.0;2690.0;4380.0;7060.0;1098.0;1641.0;1540.0;2580.0;4210.0;6830.0;1071.0;1607.0;-25.0;47.0;-127.0;213.0;DIESEL
1600.0;2640.0;4310.0;6970.0;1071.0;1606.0;1530.0;2530.0;4160.0;6690.0;1037.0;1571.0;-31.0;57.0;-127.0;213.0;DIESEL
1560.0;2560.0;4160.0;6690.0;1036.0;1547.0;1490.0;2490.0;4040.0;6570.0;1021.0;1525.0;-31.0;58.0;-127.0;208.0;DIESEL
1490.0;2470.0;3990.0;6480.0;1002.0;1508.0;1450.0;2420.0;3970.0;6380.0;989.0;1495.0;-31.0;50.0;-127.0;215.0;DIESEL
1430.0;2360.0;3840.0;6230.0;967.0;1460.0;1420.0;2360.0;3850.0;6210.0;968.0;1457.0;-31.0;48.0;-127.0;211.0;DIESEL
1490.0;2450.0;3980.0;6450.0;1000.0;1486.0;1430.0;2390.0;3910.0;6330.0;981.0;1472.0;-31.0;56.0;-126.0;206.0;DIESEL
1550.0;2570.0;4160.0;6730.0;1040.0;1538.0;1430.0;2390.0;3950.0;6400.0;1006.0;1507.0;-34.0;57.0;-126.0;220.0;DIESEL
1560.0;2580.0;4190.0;6730.0;1039.0;1559.0;1480.0;2450.0;4000.0;6440.0;1008.0;1521.0;-22.0;57.0;-122.0;207.0;DIESEL
1530.0;2520.0;4110.0;6570.0;1027.0;1551.0;1450.0;2430.0;4010.0;6450.0;1010.0;1528.0;-24.0;49.0;-116.0;208.0;DIESEL
1490.0;2460.0;3980.0;6480.0;1009.0;1527.0;1420.0;2380.0;3890.0;6420.0;1000.0;1518.0;-24.0;50.0;-116.0;204.0;DIESEL
1550.0;2570.0;4170.0;6800.0;1061.0;1585.0;1490.0;2500.0;4070.0;6670.0;1026.0;1567.0;-24.0;44.0;-115.0;198.0;DIESEL
1590.0;2620.0;4270.0;6890.0;1066.0;1597.0;1480.0;2470.0;4070.0;6630.0;1040.0;1569.0;-24.0;50.0;-115.0;206.0;DIESEL
1610.0;2660.0;4360.0;7010.0;1084.0;1622.0;1500.0;2510.0;4130.0;6720.0;1052.0;1595.0;-24.0;46.0;-120.0;192.0;DIESEL
1610.0;2650.0;4310.0;6960.0;1085.0;1628.0;1470.0;2490.0;4090.0;6720.0;1058.0;1603.0;-25.0;46.0;-120.0;194.0;DIESEL
1580.0;2640.0;4290.0;6900.0;1080.0;1627.0;1490.0;2520.0;4140.0;6750.0;1054.0;1588.0;-35.0;54.0;-121.0;194.0;DIESEL
1580.0;2610.0;4290.0;6920.0;1081.0;1614.0;1450.0;2460.0;4020.0;6650.0;1042.0;1584.0;-35.0;52.0;-121.0;203.0;DIESEL
1540.0;2550.0;4180.0;6780.0;1057.0;1589.0;1470.0;2430.0;4030.0;6570.0;1024.0;1565.0;-26.0;62.0;-116.0;187.0;DIESEL
1580.0;2630.0;4270.0;6940.0;1082.0;1624.0;1480.0;2490.0;4100.0;6780.0;1042.0;1595.0;-26.0;58.0;-116.0;195.0;DIESEL
1590.0;2650.0;4270.0;6930.0;1071.0;1618.0;1470.0;2460.0;4060.0;6630.0;1051.0;1588.0;-26.0;50.0;-122.0;187.0;DIESEL
1550.0;2600.0;4230.0;6860.0;1075.0;1622.0;1470.0;2460.0;4080.0;6720.0;1062.0;1606.0;-26.0;52.0;-116.0;192.0;DIESEL
1570.0;2600.0;4300.0;6950.0;1086.0;1625.0;1470.0;2470.0;4070.0;6720.0;1054.0;1592.0;-25.0;43.0;-118.0;190.0;DIESEL
1580.0;2620.0;4310.0;6950.0;1087.0;1620.0;1480.0;2490.0;4090.0;6660.0;1057.0;1588.0;-25.0;47.0;-118.0;193.0;DIESEL
1560.0;2590.0;4250.0;6900.0;1076.0;1618.0;1470.0;2490.0;4140.0;6750.0;1063.0;1601.0;-25.0;49.0;-113.0;185.0;DIESEL
1600.0;2670.0;4330.0;7020.0;1098.0;1646.0;1480.0;2520.0;4160.0;6730.0;1060.0;1608.0;-25.0;49.0;-113.0;191.0;DIESEL
1610.0;2680.0;4390.0;7090.0;1109.0;1654.0;1510.0;2510.0;4180.0;6800.0;1071.0;1625.0;-26.0;50.0;-118.0;193.0;DIESEL
1580.0;2620.0;4280.0;6930.0;1082.0;1631.0;1490.0;2520.0;4130.0;6810.0;1071.0;1614.0;-26.0;55.0;-116.0;188.0;DIESEL
1590.0;2640.0;4310.0;7020.0;1097.0;1648.0;1470.0;2480.0;4120.0;6790.0;1061.0;1628.0;-30.0;51.0;-123.0;196.0;DIESEL
1590.0;2660.0;4340.0;7040.0;1097.0;1635.0;1500.0;2520.0;4170.0;6810.0;1066.0;1611.0;-30.0;48.0;-123.0;196.0;DIESEL
1520.0;2530.0;4100.0;6680.0;1046.0;1582.0;1410.0;2390.0;3990.0;6520.0;1030.0;1554.0;-30.0;42.0;-118.0;197.0;DIESEL
1470.0;2430.0;4000.0;6530.0;1021.0;1543.0;1400.0;2370.0;3870.0;6310.0;1000.0;1504.0;-30.0;50.0;-116.0;188.0;DIESEL
1460.0;2460.0;4030.0;6520.0;1022.0;1543.0;1390.0;2330.0;3850.0;6320.0;1001.0;1514.0;-30.0;46.0;-116.0;207.0;DIESEL
1450.0;2410.0;3950.0;6410.0;1002.0;1506.0;1350.0;2290.0;3800.0;6250.0;986.0;1490.0;-26.0;53.0;-115.0;194.0;DIESEL
1370.0;2300.0;3780.0;6180.0;964.0;1448.0;1300.0;2180.0;3620.0;5910.0;927.0;1422.0;-25.0;52.0;-114.0;191.0;DIESEL
1310.0;2200.0;3620.0;5850.0;920.0;1406.0;1260.0;2140.0;3530.0;5730.0;909.0;1374.0;-21.0;43.0;-114.0;192.0;DIESEL
1280.0;2140.0;3520.0;5720.0;893.0;1353.0;1210.0;2070.0;3450.0;5650.0;881.0;1338.0;-21.0;48.0;-114.0;200.0;DIESEL
1280.0;2140.0;3500.0;5640.0;884.0;1341.0;1220.0;2050.0;3380.0;5530.0;867.0;1311.0;-21.0;51.0;-119.0;206.0;DIESEL
1300.0;2140.0;3530.0;5740.0;891.0;1352.0;1210.0;2050.0;3410.0;5550.0;873.0;1327.0;-24.0;51.0;-122.0;195.0;DIESEL
1240.0;2070.0;3430.0;5530.0;873.0;1323.0;1210.0;2050.0;3360.0;5510.0;863.0;1312.0;-27.0;51.0;-122.0;205.0;DIESEL
1310.0;2190.0;3610.0;5830.0;905.0;1369.0;1210.0;2030.0;3370.0;5610.0;884.0;1339.0;-27.0;58.0;-122.0;207.0;DIESEL
1280.0;2140.0;3510.0;5730.0;897.0;1357.0;1210.0;2060.0;3400.0;5600.0;883.0;1336.0;-27.0;46.0;-118.0;215.0;DIESEL
1250.0;2100.0;3460.0;5610.0;883.0;1339.0;1170.0;2000.0;3330.0;5460.0;860.0;1314.0;-27.0;52.0;-118.0;203.0;DIESEL
1240.0;2080.0;3420.0;5540.0;868.0;1301.0;1140.0;1910.0;3220.0;5270.0;836.0;1274.0;-27.0;52.0;-118.0;203.0;DIESEL
1180.0;1970.0;3260.0;5300.0;830.0;1272.0;1140.0;1910.0;3160.0;5210.0;819.0;1239.0;-25.0;54.0;-121.0;202.0;DIESEL
1090.0;1830.0;3000.0;4920.0;782.0;1219.0;1090.0;1830.0;3010.0;4980.0;792.0;1218.0;-26.0;48.0;-121.0;200.0;DIESEL
1160.0;1940.0;3190.0;5240.0;822.0;1263.0;1130.0;1910.0;3150.0;5220.0;830.0;1260.0;-26.0;51.0;-121.0;200.0;DIESEL
1260.0;2100.0;3460.0;5580.0;880.0;1324.0;1150.0;1930.0;3240.0;5340.0;851.0;1298.0;-25.0;52.0;-117.0;189.0;DIESEL
1220.0;2050.0;3340.0;5440.0;855.0;1296.0;1150.0;1950.0;3260.0;5320.0;842.0;1276.0;-21.0;48.0;-116.0;183.0;DIESEL
1220.0;2050.0;3390.0;5510.0;863.0;1301.0;1140.0;1920.0;3220.0;5310.0;840.0;1292.0;-25.0;45.0;-116.0;183.0;DIESEL
1230.0;2050.0;3400.0;5530.0;864.0;1310.0;1150.0;1960.0;3220.0;5410.0;848.0;1282.0;-25.0;47.0;-114.0;177.0;DIESEL
1180.0;1970.0;3260.0;5330.0;838.0;1266.0;1120.0;1920.0;3210.0;5210.0;817.0;1237.0;-24.0;50.0;-108.0;178.0;DIESEL
1150.0;1930.0;3170.0;5150.0;811.0;1241.0;1080.0;1850.0;3070.0;5050.0;790.0;1217.0;-24.0;50.0;-111.0;186.0;DIESEL
1170.0;1950.0;3220.0;5260.0;820.0;1242.0;1110.0;1870.0;3130.0;5090.0;808.0;1230.0;-24.0;45.0;-111.0;171.0;DIESEL
1160.0;1950.0;3210.0;5220.0;820.0;1237.0;1070.0;1830.0;3040.0;5030.0;799.0;1223.0;-24.0;44.0;-108.0;173.0;DIESEL
1050.0;1760.0;2900.0;4770.0;765.0;1168.0;1030.0;1770.0;2940.0;4800.0;763.0;1157.0;-22.0;43.0;-105.0;173.0;DIESEL
1120.0;1870.0;3100.0;5030.0;791.0;1189.0;1040.0;1780.0;2970.0;4890.0;769.0;1186.0;-18.0;44.0;-105.0;173.0;DIESEL
1140.0;1890.0;3120.0;5120.0;796.0;1195.0;1040.0;1770.0;2940.0;4880.0;778.0;1181.0;-18.0;47.0;-105.0;175.0;DIESEL
1120.0;1880.0;3110.0;5050.0;792.0;1192.0;1010.0;1740.0;2910.0;4820.0;764.0;1177.0;-17.0;41.0;-105.0;180.0;DIESEL
1130.0;1910.0;3150.0;5190.0;808.0;1220.0;1050.0;1780.0;2950.0;4880.0;785.0;1205.0;-17.0;45.0;-105.0;172.0;DIESEL
1140.0;1920.0;3180.0;5200.0;816.0;1234.0;1050.0;1770.0;2990.0;4940.0;791.0;1207.0;-17.0;44.0;-111.0;180.0;DIESEL
1170.0;1950.0;3230.0;5220.0;819.0;1240.0;1090.0;1860.0;3080.0;5080.0;800.0;1218.0;-27.0;48.0;-115.0;180.0;DIESEL
1130.0;1890.0;3130.0;5120.0;808.0;1216.0;1070.0;1820.0;3040.0;5010.0;794.0;1204.0;-27.0;45.0;-115.0;178.0;DIESEL
1190.0;2010.0;3310.0;5370.0;835.0;1262.0;1090.0;1860.0;3100.0;5100.0;811.0;1241.0;-27.0;49.0;-115.0;180.0;DIESEL
1160.0;1970.0;3240.0;5280.0;824.0;1256.0;1100.0;1860.0;3120.0;5100.0;814.0;1248.0;-25.0;44.0;-111.0;170.0;DIESEL
1200.0;2010.0;3340.0;5420.0;852.0;1278.0;1110.0;1910.0;3200.0;5250.0;831.0;1264.0;-25.0;42.0;-115.0;179.0;DIESEL
1200.0;2030.0;3350.0;5470.0;862.0;1302.0;1080.0;1900.0;3170.0;5250.0;847.0;1282.0;-25.0;41.0;-115.0;185.0;DIESEL
1200.0;2040.0;3350.0;5510.0;872.0;1308.0;1090.0;1860.0;3160.0;5240.0;834.0;1272.0;-25.0;42.0;-108.0;177.0;DIESEL
1150.0;1930.0;3220.0;5270.0;833.0;1269.0;1060.0;1800.0;3080.0;5070.0;814.0;1244.0;-25.0;49.0;-109.0;183.0;DIESEL
1160.0;1980.0;3260.0;5350.0;833.0;1270.0;1090.0;1850.0;3090.0;5100.0;813.0;1237.0;-25.0;54.0;-112.0;176.0;DIESEL
1170.0;1950.0;3250.0;5320.0;834.0;1276.0;1110.0;1910.0;3190.0;5270.0;830.0;1273.0;-29.0;53.0;-112.0;172.0;DIESEL
1270.0;2120.0;3520.0;5740.0;900.0;1351.0;1170.0;1990.0;3320.0;5500.0;871.0;1335.0;-22.0;42.0;-109.0;185.0;DIESEL
1290.0;2180.0;3620.0;5910.0;928.0;1395.0;1170.0;1990.0;3350.0;5600.0;890.0;1363.0;-28.0;42.0;-109.0;183.0;DIESEL
1300.0;2190.0;3620.0;5940.0;938.0;1414.0;1200.0;2060.0;3470.0;5750.0;912.0;1389.0;-28.0;41.0;-109.0;176.0;DIESEL
1310.0;2210.0;3650.0;6020.0;952.0;1431.0;1210.0;2110.0;3540.0;5830.0;924.0;1411.0;-28.0;49.0;-109.0;179.0;DIESEL
1330.0;2230.0;3730.0;6070.0;959.0;1440.0;1240.0;2090.0;3480.0;5830.0;925.0;1401.0;-22.0;52.0;-109.0;183.0;DIESEL
1200.0;2030.0;3430.0;5650.0;895.0;1371.0;1160.0;2020.0;3360.0;5550.0;882.0;1351.0;-28.0;50.0;-111.0;190.0;DIESEL
1240.0;2090.0;3480.0;5690.0;898.0;1382.0;1160.0;2010.0;3360.0;5640.0;885.0;1360.0;-22.0;53.0;-111.0;196.0;DIESEL
1290.0;2180.0;3590.0;5880.0;928.0;1398.0;1170.0;2010.0;3360.0;5650.0;903.0;1374.0;-22.0;47.0;-111.0;194.0;DIESEL
1290.0;2170.0;3580.0;5850.0;925.0;1417.0;1210.0;2050.0;3430.0;5630.0;897.0;1388.0;-24.0;48.0;-111.0;178.0;DIESEL
1220.0;2050.0;3400.0;5590.0;887.0;1362.0;1140.0;1950.0;3240.0;5410.0;871.0;1349.0;-24.0;41.0;-110.0;167.0;DIESEL
1160.0;1950.0;3210.0;5340.0;845.0;1316.0;1130.0;1940.0;3260.0;5340.0;853.0;1306.0;-22.0;38.0;-110.0;182.0;DIESEL
1180.0;1980.0;3290.0;5400.0;852.0;1299.0;1100.0;1900.0;3160.0;5240.0;840.0;1278.0;-24.0;48.0;-112.0;179.0;DIESEL
1190.0;1990.0;3310.0;5450.0;862.0;1295.0;1110.0;1900.0;3180.0;5260.0;835.0;1274.0;-28.0;58.0;-113.0;195.0;DIESEL
1130.0;1900.0;3160.0;5160.0;823.0;1252.0;1040.0;1800.0;3000.0;5040.0;798.0;1216.0;-29.0;49.0;-123.0;208.0;DIESEL
1100.0;1840.0;3080.0;5030.0;804.0;1228.0;1040.0;1780.0;2990.0;4970.0;789.0;1211.0;-29.0;51.0;-123.0;215.0;DIESEL
1080.0;1830.0;3020.0;4980.0;785.0;1189.0;1000.0;1740.0;2880.0;4800.0;767.0;1171.0;-29.0;50.0;-123.0;205.0;DIESEL
1020.0;1720.0;2850.0;4670.0;744.0;1132.0;960.0;1640.0;2750.0;4490.0;728.0;1109.0;-23.0;51.0;-118.0;203.0;DIESEL
1000.0;1690.0;2800.0;4570.0;722.0;1104.0;950.0;1630.0;2740.0;4490.0;713.0;1083.0;-22.0;52.0;-116.0;202.0;DIESEL
960.0;1610.0;2650.0;4350.0;683.0;1045.0;880.0;1530.0;2550.0;4250.0;673.0;1034.0;-22.0;50.0;-116.0;206.0;DIESEL
930.0;1570.0;2600.0;4230.0;661.0;1012.0;890.0;1510.0;2550.0;4200.0;661.0;1005.0;-23.0;50.0;-116.0;201.0;DIESEL
910.0;1530.0;2540.0;4180.0;657.0;1011.0;860.0;1480.0;2470.0;4150.0;663.0;1009.0;-30.0;57.0;-122.0;202.0;DIESEL
950.0;1610.0;2650.0;4330.0;692.0;1064.0;920.0;1580.0;2640.0;4370.0;700.0;1073.0;-30.0;52.0;-122.0;206.0;DIESEL
1030.0;1740.0;2870.0;4720.0;744.0;1136.0;950.0;1650.0;2780.0;4630.0;730.0;1131.0;-30.0;52.0;-122.0;211.0;DIESEL
1040.0;1760.0;2910.0;4800.0;761.0;1169.0;990.0;1710.0;2830.0;4710.0;755.0;1165.0;-28.0;55.0;-122.0;207.0;DIESEL
1070.0;1800.0;3010.0;4910.0;774.0;1188.0;980.0;1710.0;2840.0;4780.0;759.0;1169.0;-28.0;52.0;-122.0;206.0;DIESEL
1080.0;1810.0;3020.0;4980.0;780.0;1190.0;980.0;1690.0;2820.0;4720.0;748.0;1155.0;-26.0;57.0;-122.0;211.0;DIESEL
980.0;1640.0;2720.0;4510.0;720.0;1115.0;940.0;1630.0;2730.0;4490.0;713.0;1095.0;-26.0;47.0;-122.0;201.0;DIESEL
970.0;1620.0;2700.0;4490.0;716.0;1100.0;910.0;1570.0;2660.0;4410.0;712.0;1096.0;-24.0;54.0;-118.0;211.0;DIESEL
1000.0;1690.0;2790.0;4610.0;730.0;1125.0;930.0;1600.0;2680.0;4470.0;717.0;1111.0;-23.0;49.0;-118.0;200.0;DIESEL
970.0;1650.0;2750.0;4530.0;723.0;1109.0;940.0;1610.0;2680.0;4460.0;720.0;1107.0;-23.0;55.0;-118.0;209.0;DIESEL
1050.0;1740.0;2880.0;4740.0;747.0;1130.0;950.0;1640.0;2760.0;4570.0;734.0;1117.0;-20.0;51.0;-118.0;207.0;DIESEL
1000.0;1680.0;2850.0;4690.0;740.0;1138.0;980.0;1670.0;2800.0;4660.0;733.0;1133.0;-23.0;49.0;-119.0;210.0;DIESEL
1030.0;1730.0;2880.0;4750.0;757.0;1154.0;940.0;1630.0;2760.0;4580.0;733.0;1136.0;-23.0;50.0;-121.0;206.0;DIESEL
1000.0;1700.0;2850.0;4670.0;750.0;1143.0;960.0;1630.0;2760.0;4680.0;736.0;1133.0;-28.0;59.0;-123.0;217.0;DIESEL
1030.0;1730.0;2900.0;4760.0;761.0;1160.0;970.0;1680.0;2820.0;4700.0;755.0;1160.0;-30.0;57.0;-127.0;219.0;DIESEL
1050.0;1790.0;2970.0;4900.0;775.0;1177.0;970.0;1680.0;2840.0;4700.0;751.0;1144.0;-30.0;56.0;-130.0;213.0;DIESEL
1000.0;1700.0;2850.0;4700.0;746.0;1140.0;950.0;1650.0;2750.0;4570.0;736.0;1134.0;-30.0;55.0;-130.0;222.0;DIESEL
1030.0;1750.0;2920.0;4840.0;756.0;1158.0;950.0;1630.0;2750.0;4540.0;728.0;1125.0;-30.0;53.0;-130.0;214.0;DIESEL
1000.0;1680.0;2820.0;4640.0;730.0;1115.0;910.0;1560.0;2660.0;4420.0;707.0;1098.0;-29.0;64.0;-128.0;217.0;DIESEL
930.0;1570.0;2620.0;4310.0;689.0;1049.0;860.0;1490.0;2530.0;4260.0;677.0;1033.0;-29.0;56.0;-128.0;226.0;DIESEL
880.0;1490.0;2480.0;4090.0;648.0;1005.0;850.0;1460.0;2460.0;4100.0;650.0;987.0;-16.0;57.0;-124.0;220.0;DIESEL
860.0;1460.0;2430.0;4020.0;635.0;973.0;810.0;1390.0;2340.0;3880.0;623.0;966.0;-29.0;55.0;-128.0;215.0;DIESEL
870.0;1470.0;2440.0;4020.0;639.0;993.0;840.0;1440.0;2410.0;3990.0;651.0;1003.0;-27.0;56.0;-131.0;218.0;DIESEL
830.0;1400.0;2320.0;3870.0;620.0;983.0;830.0;1420.0;2370.0;3910.0;630.0;970.0;-34.0;59.0;-133.0;217.0;DIESEL
820.0;1390.0;2340.0;3840.0;613.0;967.0;830.0;1420.0;2380.0;3960.0;629.0;966.0;-27.0;49.0;-133.0;222.0;DIESEL
800.0;1340.0;2260.0;3770.0;601.0;938.0;790.0;1370.0;2300.0;3780.0;611.0;946.0;-29.0;63.0;-133.0;231.0;DIESEL
810.0;1380.0;2280.0;3780.0;598.0;924.0;780.0;1330.0;2200.0;3680.0;589.0;911.0;-27.0;55.0;-130.0;230.0;DIESEL
790.0;1330.0;2200.0;3650.0;587.0;902.0;740.0;1310.0;2170.0;3650.0;588.0;912.0;-27.0;57.0;-124.0;227.0;DIESEL
790.0;1350.0;2250.0;3760.0;596.0;929.0;790.0;1350.0;2270.0;3750.0;604.0;927.0;-21.0;56.0;-123.0;223.0;DIESEL
810.0;1380.0;2350.0;3810.0;611.0;932.0;750.0;1280.0;2210.0;3660.0;592.0;919.0;-21.0;56.0;-124.0;215.0;DIESEL
760.0;1300.0;2150.0;3570.0;560.0;869.0;710.0;1210.0;2070.0;3450.0;552.0;851.0;-21.0;56.0;-126.0;226.0;DIESEL
770.0;1310.0;2180.0;3570.0;568.0;866.0;700.0;1210.0;2060.0;3410.0;545.0;844.0;-22.0;58.0;-126.0;224.0;DIESEL
770.0;1310.0;2170.0;3580.0;567.0;863.0;720.0;1260.0;2100.0;3530.0;568.0;872.0;-24.0;61.0;-129.0;217.0;DIESEL
820.0;1400.0;2320.0;3820.0;607.0;915.0;770.0;1330.0;2250.0;3740.0;594.0;917.0;-26.0;56.0;-130.0;222.0;DIESEL
810.0;1400.0;2330.0;3880.0;623.0;948.0;780.0;1350.0;2280.0;3800.0;612.0;934.0;-29.0;53.0;-137.0;232.0;DIESEL
830.0;1420.0;2370.0;3920.0;622.0;963.0;760.0;1340.0;2280.0;3800.0;617.0;965.0;-29.0;54.0;-137.0;225.0;DIESEL
850.0;1440.0;2430.0;4000.0;636.0;981.0;770.0;1350.0;2270.0;3850.0;623.0;960.0;-32.0;62.0;-137.0;226.0;DIESEL
830.0;1410.0;2390.0;3960.0;625.0;977.0;810.0;1390.0;2370.0;4000.0;639.0;985.0;-32.0;58.0;-137.0;230.0;DIESEL
870.0;1480.0;2480.0;4100.0;658.0;1020.0;820.0;1410.0;2410.0;4060.0;655.0;1015.0;-33.0;69.0;-140.0;229.0;DIESEL
930.0;1580.0;2650.0;4410.0;704.0;1075.0;880.0;1520.0;2590.0;4370.0;689.0;1073.0;-32.0;58.0;-141.0;234.0;DIESEL
970.0;1640.0;2740.0;4540.0;727.0;1110.0;880.0;1520.0;2580.0;4380.0;701.0;1096.0;-32.0;62.0;-141.0;223.0;DIESEL
930.0;1600.0;2690.0;4470.0;711.0;1096.0;870.0;1510.0;2600.0;4350.0;703.0;1080.0;-32.0;55.0;-136.0;231.0;DIESEL
950.0;1620.0;2720.0;4480.0;716.0;1096.0;890.0;1520.0;2590.0;4320.0;695.0;1072.0;-32.0;56.0;-137.0;232.0;DIESEL
930.0;1580.0;2670.0;4390.0;702.0;1079.0;860.0;1490.0;2530.0;4240.0;683.0;1060.0;-32.0;55.0;-136.0;221.0;DIESEL
900.0;1520.0;2580.0;4290.0;683.0;1048.0;850.0;1460.0;2500.0;4190.0;674.0;1039.0;-26.0;50.0;-129.0;231.0;DIESEL
890.0;1510.0;2560.0;4230.0;678.0;1047.0;820.0;1430.0;2440.0;4080.0;662.0;1021.0;-32.0;57.0;-133.0;230.0;DIESEL
780.0;1350.0;2250.0;3770.0;612.0;974.0;810.0;1410.0;2350.0;3960.0;636.0;992.0;-32.0;49.0;-133.0;225.0;DIESEL
900.0;1550.0;2610.0;4280.0;686.0;1041.0;830.0;1450.0;2440.0;4130.0;670.0;1037.0;-33.0;51.0;-133.0;224.0;DIESEL
920.0;1590.0;2650.0;4410.0;703.0;1076.0;880.0;1520.0;2550.0;4280.0;680.0;1056.0;-33.0;44.0;-133.0;213.0;DIESEL
910.0;1550.0;2580.0;4330.0;688.0;1051.0;840.0;1450.0;2500.0;4210.0;677.0;1048.0;-33.0;58.0;-133.0;221.0;DIESEL
830.0;1420.0;2420.0;4060.0;648.0;1014.0;800.0;1400.0;2380.0;4040.0;653.0;1011.0;-35.0;61.0;-130.0;220.0;DIESEL
930.0;1580.0;2650.0;4360.0;699.0;1071.0;850.0;1470.0;2490.0;4230.0;685.0;1062.0;-25.0;62.0;-129.0;224.0;DIESEL
950.0;1600.0;2680.0;4470.0;713.0;1091.0;850.0;1490.0;2550.0;4270.0;687.0;1067.0;-23.0;54.0;-122.0;214.0;DIESEL
910.0;1560.0;2590.0;4320.0;683.0;1053.0;860.0;1480.0;2520.0;4200.0;672.0;1035.0;-24.0;51.0;-118.0;205.0;DIESEL
830.0;1410.0;2370.0;3930.0;629.0;972.0;760.0;1330.0;2270.0;3790.0;612.0;944.0;-24.0;57.0;-118.0;212.0;DIESEL
770.0;1320.0;2220.0;3680.0;593.0;924.0;750.0;1320.0;2230.0;3720.0;598.0;926.0;-24.0;54.0;-118.0;200.0;DIESEL
790.0;1350.0;2270.0;3780.0;600.0;943.0;770.0;1340.0;2270.0;3790.0;611.0;947.0;-25.0;56.0;-119.0;196.0;DIESEL
740.0;1270.0;2150.0;3610.0;581.0;912.0;760.0;1320.0;2250.0;3720.0;596.0;929.0;-25.0;50.0;-119.0;196.0;DIESEL
740.0;1260.0;2110.0;3540.0;573.0;895.0;720.0;1240.0;2120.0;3570.0;569.0;882.0;-29.0;42.0;-119.0;192.0;DIESEL
710.0;1200.0;2030.0;3380.0;553.0;869.0;730.0;1290.0;2170.0;3560.0;569.0;897.0;-30.0;57.0;-125.0;183.0;DIESEL
800.0;1370.0;2270.0;3790.0;603.0;937.0;780.0;1360.0;2290.0;3840.0;612.0;945.0;-31.0;59.0;-125.0;199.0;DIESEL
840.0;1420.0;2400.0;3970.0;630.0;969.0;770.0;1370.0;2310.0;3880.0;623.0;955.0;-31.0;48.0;-123.0;195.0;DIESEL
850.0;1430.0;2400.0;3970.0;632.0;968.0;770.0;1310.0;2250.0;3750.0;608.0;945.0;-31.0;54.0;-123.0;201.0;DIESEL
780.0;1330.0;2230.0;3710.0;592.0;913.0;740.0;1300.0;2210.0;3690.0;576.0;882.0;-31.0;52.0;-123.0;193.0;DIESEL
790.0;1330.0;2220.0;3630.0;576.0;882.0;720.0;1250.0;2120.0;3530.0;559.0;863.0;-31.0;49.0;-118.0;193.0;DIESEL
740.0;1260.0;2110.0;3470.0;552.0;837.0;660.0;1180.0;2000.0;3370.0;538.0;826.0;-32.0;51.0;-118.0;189.0;DIESEL
790.0;1330.0;2220.0;3630.0;576.0;882.0;720.0;1250.0;2120.0;3530.0;559.0;863.0;-31.0;49.0;-117.0;193.0;DIESEL
700.0;1190.0;2000.0;3300.0;536.0;822.0;670.0;1170.0;1990.0;3350.0;538.0;820.0;-32.0;47.0;-118.0;186.0;DIESEL
720.0;1250.0;2070.0;3430.0;545.0;854.0;670.0;1170.0;2000.0;3410.0;550.0;860.0;-27.0;53.0;-109.0;193.0;DIESEL
