OFFCHIP_SENSIMOX_SnAu_150_200.0_IN-PHASE;OFFCHIP_SENSIMOX_SnAu_200_200.0_IN-PHASE;OFFCHIP_SENSIMOX_SnAu_250_200.0_IN-PHASE;OFFCHIP_SENSIMOX_SnAu_300_200.0_IN-PHASE;OFFCHIP_SENSIMOX_SnAu_350_200.0_IN-PHASE;OFFCHIP_SENSIMOX_SnAu_400_200.0_IN-PHASE;OFFCHIP_SENSIMOX_SnAu_150_78125.0_IN-PHASE;OFFCHIP_SENSIMOX_SnAu_200_78125.0_IN-PHASE;OFFCHIP_SENSIMOX_SnAu_250_78125.0_IN-PHASE;OFFCHIP_SENSIMOX_SnAu_300_78125.0_IN-PHASE;OFFCHIP_SENSIMOX_SnAu_350_78125.0_IN-PHASE;OFFCHIP_SENSIMOX_SnAu_400_78125.0_IN-PHASE;ONCHIP_ALUMINUM_OXIDE_OUT4_IN-PHASE;ONCHIP_ALUMINUM_OXIDE_OUT4_QUADRATURE;ONCHIP_ALUMINUM_OXIDE_OUT7_IN-PHASE;ONCHIP_ALUMINUM_OXIDE_OUT7_QUADRATURE;LABEL
1.0;1.0;1.0;1.0;1.0;1.0;1.0;1.0;1.0;1.0;1.0;1.0;1.0;1.0;1.0;1.0;AIR
39.0;65.0;115.0;206.0;34.0;48.0;34.0;66.0;139.0;270.0;47.0;76.0;-10.0;4.0;-21.0;18.0;AIR
43.0;78.0;150.0;294.0;54.0;85.0;45.0;90.0;188.0;377.0;72.0;120.0;0.0;-2.0;-25.0;16.0;AIR
58.0;105.0;204.0;398.0;75.0;117.0;56.0;110.0;226.0;449.0;85.0;144.0;-13.0;-2.0;-32.0;17.0;AIR
63.0;116.0;228.0;451.0;84.0;133.0;56.0;112.0;235.0;478.0;92.0;155.0;-13.0;-2.0;-34.0;21.0;AIR
63.0;117.0;233.0;471.0;91.0;145.0;60.0;120.0;252.0;514.0;99.0;168.0;-13.0;-3.0;-34.0;24.0;AIR
67.0;123.0;245.0;498.0;95.0;153.0;60.0;122.0;254.0;528.0;103.0;173.0;-12.0;-3.0;-32.0;20.0;AIR
66.0;125.0;250.0;503.0;96.0;158.0;60.0;120.0;257.0;532.0;104.0;177.0;-12.0;-4.0;-32.0;24.0;AIR
67.0;126.0;252.0;506.0;98.0;158.0;61.0;123.0;259.0;527.0;102.0;174.0;-5.0;-4.0;-28.0;18.0;AIR
62.0;115.0;227.0;463.0;87.0;140.0;51.0;107.0;227.0;475.0;92.0;157.0;-5.0;-5.0;-28.0;19.0;AIR
54.0;105.0;214.0;437.0;85.0;140.0;51.0;106.0;226.0;477.0;94.0;165.0;-5.0;-5.0;-27.0;15.0;AIR
61.0;116.0;236.0;487.0;95.0;156.0;55.0;117.0;253.0;537.0;104.0;180.0;-5.0;-5.0;-25.0;16.0;AIR
69.0;134.0;269.0;543.0;105.0;170.0;63.0;128.0;275.0;576.0;113.0;195.0;-2.0;-3.0;-25.0;17.0;AIR
74.0;141.0;283.0;576.0;111.0;179.0;65.0;138.0;295.0;613.0;119.0;202.0;-5.0;-5.0;-25.0;22.0;AIR
78.0;146.0;293.0;594.0;113.0;185.0;68.0;136.0;289.0;612.0;119.0;203.0;-5.0;-3.0;-25.0;14.0;AIR
75.0;143.0;287.0;587.0;112.0;182.0;63.0;127.0;277.0;585.0;116.0;198.0;-2.0;-3.0;-26.0;17.0;AIR
70.0;134.0;271.0;557.0;106.0;175.0;61.0;124.0;267.0;563.0;110.0;189.0;-9.0;-4.0;-28.0;17.0;AIR
68.0;129.0;262.0;536.0;104.0;170.0;60.0;125.0;272.0;570.0;111.0;188.0;-9.0;-5.0;-28.0;17.0;AIR
67.0;127.0;260.0;533.0;102.0;165.0;54.0;114.0;250.0;530.0;106.0;180.0;-2.0;-4.0;-26.0;19.0;AIR
64.0;123.0;251.0;513.0;98.0;160.0;56.0;116.0;252.0;535.0;105.0;180.0;1.0;-5.0;-26.0;21.0;AIR
65.0;126.0;258.0;525.0;102.0;165.0;55.0;119.0;259.0;552.0;108.0;183.0;1.0;-5.0;-26.0;23.0;AIR
66.0;126.0;261.0;537.0;104.0;169.0;59.0;121.0;266.0;561.0;111.0;190.0;-2.0;-7.0;-26.0;19.0;AIR
69.0;134.0;272.0;561.0;109.0;177.0;62.0;128.0;274.0;587.0;115.0;197.0;-9.0;-6.0;-33.0;16.0;AIR
73.0;142.0;286.0;581.0;112.0;182.0;61.0;130.0;287.0;599.0;116.0;200.0;-10.0;-7.0;-33.0;19.0;AIR
75.0;143.0;291.0;599.0;115.0;188.0;65.0;134.0;296.0;609.0;120.0;207.0;-9.0;-7.0;-35.0;20.0;AIR
74.0;144.0;293.0;606.0;116.0;188.0;64.0;133.0;288.0;607.0;119.0;204.0;-9.0;-6.0;-35.0;26.0;AIR
72.0;139.0;286.0;588.0;114.0;187.0;60.0;127.0;280.0;598.0;118.0;202.0;-9.0;-5.0;-33.0;21.0;AIR
73.0;141.0;285.0;592.0;114.0;184.0;62.0;130.0;281.0;594.0;117.0;203.0;-8.0;-5.0;-32.0;16.0;AIR
73.0;141.0;288.0;587.0;113.0;186.0;61.0;128.0;282.0;603.0;119.0;202.0;-8.0;-5.0;-32.0;25.0;AIR
71.0;139.0;282.0;580.0;112.0;182.0;60.0;128.0;282.0;588.0;116.0;200.0;-14.0;-6.0;-32.0;20.0;AIR
72.0;139.0;281.0;581.0;111.0;180.0;56.0;121.0;269.0;571.0;115.0;197.0;-8.0;-6.0;-31.0;24.0;AIR
69.0;135.0;277.0;573.0;110.0;180.0;56.0;123.0;273.0;583.0;116.0;201.0;-9.0;-6.0;-32.0;20.0;AIR
73.0;142.0;288.0;593.0;113.0;183.0;58.0;127.0;275.0;580.0;117.0;199.0;-9.0;-6.0;-37.0;16.0;AIR
68.0;132.0;269.0;554.0;107.0;173.0;51.0;113.0;253.0;552.0;109.0;187.0;-9.0;-4.0;-38.0;12.0;AIR
62.0;121.0;249.0;517.0;100.0;163.0;48.0;107.0;247.0;532.0;105.0;183.0;-9.0;-4.0;-37.0;20.0;AIR
65.0;127.0;259.0;539.0;104.0;168.0;50.0;110.0;244.0;523.0;105.0;181.0;-9.0;-3.0;-37.0;15.0;AIR
62.0;123.0;250.0;510.0;98.0;158.0;45.0;104.0;233.0;504.0;102.0;176.0;-8.0;-3.0;-35.0;16.0;AIR
61.0;119.0;244.0;507.0;96.0;155.0;45.0;101.0;227.0;502.0;101.0;176.0;-5.0;-4.0;-34.0;13.0;AIR
60.0;117.0;240.0;497.0;96.0;154.0;47.0;104.0;238.0;505.0;102.0;174.0;-5.0;-5.0;-33.0;22.0;AIR
62.0;122.0;250.0;524.0;99.0;159.0;49.0;107.0;241.0;517.0;103.0;179.0;-5.0;-5.0;-31.0;24.0;AIR
64.0;125.0;256.0;525.0;101.0;160.0;48.0;105.0;237.0;512.0;102.0;174.0;-3.0;-6.0;-31.0;18.0;AIR
59.0;115.0;237.0;490.0;95.0;151.0;45.0;102.0;227.0;496.0;98.0;172.0;-8.0;-6.0;-33.0;17.0;AIR
62.0;120.0;246.0;510.0;98.0;156.0;48.0;106.0;238.0;513.0;103.0;177.0;-10.0;-6.0;-33.0;20.0;AIR
61.0;120.0;248.0;513.0;99.0;159.0;49.0;109.0;246.0;531.0;102.0;179.0;-10.0;-6.0;-33.0;22.0;AIR
64.0;126.0;257.0;533.0;102.0;164.0;48.0;106.0;238.0;517.0;104.0;178.0;-10.0;-5.0;-34.0;17.0;AIR
57.0;112.0;233.0;483.0;93.0;150.0;43.0;95.0;218.0;474.0;98.0;168.0;-10.0;-5.0;-34.0;15.0;AIR
55.0;110.0;227.0;474.0;91.0;145.0;44.0;95.0;217.0;472.0;93.0;163.0;-6.0;-3.0;-32.0;26.0;AIR
54.0;107.0;223.0;464.0;89.0;143.0;39.0;92.0;213.0;471.0;95.0;162.0;-6.0;1.0;-27.0;14.0;AIR
54.0;106.0;219.0;462.0;88.0;140.0;38.0;89.0;207.0;461.0;92.0;160.0;-7.0;-1.0;-26.0;24.0;AIR
54.0;108.0;225.0;470.0;90.0;144.0;42.0;94.0;219.0;477.0;94.0;161.0;-7.0;-1.0;-26.0;21.0;AIR
56.0;110.0;229.0;473.0;89.0;142.0;39.0;88.0;207.0;458.0;93.0;162.0;-7.0;-1.0;-25.0;18.0;AIR
57.0;112.0;230.0;472.0;91.0;142.0;41.0;93.0;213.0;464.0;93.0;160.0;-7.0;-2.0;-27.0;21.0;AIR
53.0;103.0;214.0;442.0;85.0;134.0;38.0;88.0;202.0;434.0;88.0;151.0;-5.0;-4.0;-27.0;21.0;AIR
51.0;102.0;211.0;440.0;83.0;133.0;38.0;86.0;201.0;442.0;89.0;154.0;-5.0;-4.0;-28.0;22.0;AIR
55.0;105.0;219.0;455.0;88.0;136.0;39.0;86.0;204.0;451.0;91.0;156.0;-5.0;-5.0;-28.0;18.0;AIR
52.0;104.0;217.0;454.0;86.0;137.0;37.0;86.0;199.0;438.0;89.0;152.0;-13.0;-4.0;-31.0;18.0;AIR
50.0;100.0;208.0;435.0;83.0;131.0;35.0;80.0;194.0;430.0;87.0;152.0;-14.0;-6.0;-35.0;16.0;AIR
52.0;103.0;211.0;440.0;84.0;132.0;36.0;86.0;199.0;436.0;88.0;154.0;-14.0;-8.0;-35.0;11.0;AIR
55.0;110.0;228.0;470.0;89.0;140.0;36.0;86.0;201.0;450.0;91.0;157.0;-14.0;-8.0;-35.0;14.0;AIR
58.0;114.0;234.0;486.0;93.0;145.0;40.0;91.0;213.0;472.0;96.0;164.0;-13.0;-8.0;-35.0;13.0;AIR
55.0;108.0;223.0;468.0;90.0;141.0;39.0;91.0;212.0;457.0;92.0;158.0;-13.0;-10.0;-31.0;23.0;AIR
53.0;106.0;222.0;461.0;88.0;135.0;36.0;84.0;201.0;442.0;89.0;155.0;-9.0;-8.0;-31.0;15.0;AIR
54.0;106.0;219.0;457.0;86.0;133.0;36.0;84.0;196.0;438.0;88.0;151.0;-13.0;-7.0;-25.0;18.0;AIR
54.0;107.0;223.0;460.0;87.0;136.0;37.0;87.0;204.0;455.0;92.0;157.0;-13.0;-6.0;-26.0;16.0;AIR
54.0;107.0;223.0;458.0;87.0;134.0;37.0;85.0;199.0;439.0;87.0;151.0;-5.0;-3.0;-25.0;12.0;AIR
50.0;100.0;207.0;428.0;81.0;128.0;31.0;75.0;178.0;408.0;83.0;142.0;-5.0;-2.0;-25.0;17.0;AIR
47.0;94.0;195.0;410.0;77.0;122.0;31.0;77.0;183.0;406.0;83.0;143.0;-5.0;-3.0;-26.0;12.0;AIR
50.0;99.0;207.0;432.0;83.0;128.0;34.0;83.0;195.0;436.0;87.0;152.0;-5.0;-3.0;-29.0;17.0;AIR
55.0;107.0;226.0;464.0;88.0;136.0;34.0;84.0;196.0;430.0;86.0;150.0;-6.0;-4.0;-29.0;15.0;AIR
46.0;94.0;198.0;417.0;80.0;127.0;32.0;76.0;186.0;419.0;85.0;146.0;-6.0;-4.0;-29.0;20.0;AIR
48.0;95.0;200.0;415.0;78.0;122.0;29.0;73.0;179.0;399.0;83.0;143.0;-7.0;-4.0;-25.0;15.0;AIR
48.0;96.0;200.0;418.0;78.0;120.0;32.0;74.0;177.0;400.0;81.0;139.0;-7.0;-4.0;-25.0;19.0;AIR
46.0;92.0;194.0;408.0;77.0;118.0;27.0;68.0;169.0;394.0;80.0;136.0;-9.0;-4.0;-25.0;12.0;AIR
44.0;90.0;190.0;393.0;75.0;113.0;28.0;67.0;164.0;372.0;75.0;133.0;-10.0;-4.0;-25.0;16.0;AIR
42.0;86.0;178.0;373.0;71.0;108.0;25.0;64.0;159.0;361.0;74.0;127.0;-10.0;-4.0;-25.0;15.0;AIR
42.0;85.0;178.0;371.0;70.0;106.0;26.0;66.0;159.0;360.0;74.0;129.0;-10.0;-4.0;-25.0;11.0;AIR
45.0;90.0;186.0;392.0;74.0;114.0;28.0;68.0;168.0;377.0;78.0;134.0;-6.0;-4.0;-23.0;18.0;AIR
42.0;85.0;179.0;377.0;71.0;107.0;24.0;60.0;156.0;364.0;74.0;128.0;-6.0;-4.0;-23.0;11.0;AIR
43.0;87.0;184.0;382.0;72.0;108.0;24.0;64.0;158.0;365.0;74.0;130.0;-5.0;-3.0;-22.0;13.0;AIR
46.0;91.0;189.0;394.0;75.0;115.0;25.0;66.0;164.0;373.0;77.0;133.0;-5.0;-3.0;-21.0;11.0;AIR
46.0;93.0;196.0;408.0;77.0;118.0;28.0;67.0;168.0;383.0;79.0;138.0;-5.0;-3.0;-22.0;10.0;AIR
48.0;97.0;203.0;422.0;79.0;120.0;29.0;74.0;178.0;404.0;83.0;143.0;-5.0;-3.0;-23.0;20.0;AIR
50.0;99.0;207.0;437.0;82.0;126.0;31.0;75.0;181.0;408.0;83.0;144.0;1.0;-3.0;-22.0;14.0;AIR
48.0;97.0;202.0;422.0;79.0;121.0;31.0;72.0;173.0;391.0;81.0;139.0;-6.0;-3.0;-29.0;23.0;AIR
47.0;96.0;139.0;311.0;63.0;103.0;24.0;65.0;160.0;364.0;76.0;132.0;-10.0;-5.0;-33.0;17.0;AIR
47.0;94.0;200.0;414.0;77.0;119.0;28.0;70.0;173.0;398.0;80.0;137.0;-10.0;-5.0;-29.0;15.0;AIR
47.0;96.0;202.0;417.0;79.0;124.0;29.0;76.0;182.0;411.0;83.0;143.0;-4.0;-5.0;-28.0;15.0;AIR
47.0;96.0;200.0;416.0;79.0;120.0;29.0;72.0;178.0;403.0;82.0;141.0;-4.0;-7.0;-28.0;15.0;AIR
50.0;100.0;207.0;430.0;83.0;125.0;29.0;73.0;181.0;414.0;84.0;145.0;-4.0;-7.0;-28.0;13.0;AIR
50.0;100.0;210.0;440.0;83.0;126.0;30.0;77.0;184.0;416.0;85.0;146.0;-1.0;-3.0;-26.0;21.0;AIR
51.0;101.0;211.0;439.0;83.0;128.0;34.0;80.0;188.0;416.0;84.0;146.0;-2.0;0.0;-26.0;17.0;AIR
51.0;101.0;211.0;437.0;83.0;126.0;29.0;74.0;182.0;410.0;84.0;144.0;-2.0;-3.0;-26.0;19.0;AIR
49.0;99.0;208.0;438.0;82.0;126.0;29.0;73.0;181.0;414.0;84.0;145.0;-2.0;-3.0;-25.0;20.0;AIR
47.0;95.0;201.0;422.0;81.0;126.0;32.0;77.0;186.0;423.0;86.0;148.0;-2.0;-4.0;-25.0;23.0;AIR
50.0;100.0;210.0;440.0;83.0;125.0;30.0;73.0;177.0;407.0;83.0;143.0;-2.0;-8.0;-23.0;21.0;AIR
46.0;95.0;199.0;414.0;78.0;119.0;27.0;68.0;166.0;377.0;78.0;132.0;-2.0;-8.0;-23.0;12.0;AIR
43.0;88.0;185.0;388.0;72.0;110.0;24.0;62.0;155.0;358.0;74.0;128.0;-3.0;-4.0;-23.0;13.0;AIR
43.0;86.0;181.0;376.0;70.0;104.0;23.0;61.0;155.0;355.0;73.0;130.0;-3.0;-8.0;-23.0;22.0;AIR
43.0;87.0;186.0;388.0;72.0;111.0;26.0;63.0;161.0;368.0;77.0;133.0;-2.0;-8.0;-21.0;13.0;AIR
47.0;95.0;199.0;415.0;78.0;117.0;27.0;68.0;170.0;388.0;81.0;140.0;-3.0;-4.0;-18.0;12.0;AIR
52.0;103.0;214.0;444.0;84.0;129.0;30.0;75.0;185.0;422.0;88.0;152.0;-6.0;-8.0;-18.0;12.0;AIR
57.0;116.0;241.0;507.0;97.0;150.0;43.0;97.0;227.0;495.0;99.0;170.0;-8.0;-8.0;-18.0;12.0;AIR
54.0;109.0;226.0;471.0;88.0;134.0;31.0;76.0;183.0;414.0;86.0;149.0;-8.0;-7.0;-27.0;17.0;AIR
48.0;99.0;209.0;434.0;82.0;128.0;28.0;69.0;175.0;402.0;83.0;145.0;-8.0;-5.0;-27.0;18.0;AIR
49.0;99.0;210.0;432.0;81.0;122.0;27.0;71.0;172.0;391.0;81.0;139.0;-12.0;-5.0;-30.0;15.0;AIR
42.0;86.0;183.0;388.0;72.0;108.0;22.0;62.0;152.0;356.0;73.0;131.0;-8.0;-5.0;-27.0;13.0;AIR
41.0;85.0;178.0;371.0;69.0;100.0;19.0;52.0;138.0;331.0;68.0;118.0;-6.0;-3.0;-22.0;11.0;AIR
35.0;73.0;156.0;328.0;61.0;90.0;15.0;47.0;125.0;303.0;65.0;111.0;-6.0;-3.0;-19.0;8.0;AIR
37.0;76.0;165.0;356.0;67.0;101.0;20.0;56.0;149.0;347.0;74.0;128.0;-7.0;-5.0;-22.0;22.0;AIR
45.0;91.0;191.0;396.0;74.0;109.0;21.0;59.0;153.0;359.0;75.0;131.0;-6.0;-5.0;-21.0;7.0;AIR
45.0;90.0;190.0;397.0;74.0;110.0;24.0;64.0;162.0;371.0;77.0;132.0;-5.0;-5.0;-19.0;13.0;AIR
45.0;92.0;193.0;404.0;75.0;113.0;25.0;64.0;157.0;368.0;76.0;130.0;-7.0;-8.0;-21.0;8.0;AIR
43.0;89.0;187.0;393.0;73.0;110.0;22.0;61.0;152.0;361.0;75.0;131.0;-5.0;-5.0;-21.0;12.0;AIR
45.0;91.0;193.0;404.0;75.0;114.0;26.0;68.0;169.0;392.0;81.0;137.0;-5.0;-7.0;-21.0;17.0;AIR
46.0;93.0;196.0;411.0;77.0;114.0;24.0;62.0;157.0;369.0;75.0;130.0;-3.0;-8.0;-17.0;10.0;AIR
43.0;86.0;183.0;382.0;71.0;109.0;23.0;61.0;156.0;367.0;76.0;132.0;-2.0;-7.0;-24.0;10.0;AIR
43.0;87.0;184.0;381.0;70.0;105.0;20.0;56.0;143.0;338.0;71.0;121.0;-2.0;-5.0;-17.0;17.0;AIR
39.0;79.0;170.0;355.0;67.0;100.0;19.0;54.0;138.0;327.0;67.0;120.0;-1.0;-5.0;-17.0;9.0;AIR
42.0;84.0;179.0;369.0;67.0;99.0;19.0;51.0;138.0;327.0;68.0;119.0;-2.0;-5.0;-17.0;16.0;AIR
40.0;82.0;176.0;364.0;67.0;100.0;19.0;54.0;139.0;330.0;69.0;119.0;-2.0;-4.0;-23.0;9.0;AIR
40.0;82.0;174.0;362.0;68.0;101.0;20.0;56.0;145.0;341.0;71.0;125.0;-7.0;-4.0;-23.0;13.0;AIR
44.0;90.0;190.0;396.0;74.0;112.0;24.0;65.0;163.0;381.0;79.0;137.0;-1.0;-5.0;-32.0;18.0;AIR
50.0;101.0;212.0;440.0;82.0;123.0;27.0;71.0;176.0;403.0;83.0;142.0;-7.0;-5.0;-32.0;22.0;AIR
48.0;95.0;200.0;415.0;78.0;117.0;26.0;65.0;165.0;384.0;79.0;135.0;-1.0;-6.0;-28.0;21.0;AIR
45.0;93.0;199.0;419.0;79.0;120.0;28.0;71.0;176.0;402.0;81.0;144.0;-4.0;-6.0;-28.0;10.0;AIR
50.0;102.0;213.0;437.0;82.0;124.0;29.0;72.0;172.0;397.0;83.0;143.0;-1.0;-6.0;-28.0;13.0;AIR
47.0;97.0;205.0;428.0;81.0;124.0;29.0;72.0;178.0;401.0;83.0;146.0;-4.0;-6.0;-28.0;8.0;AIR
50.0;101.0;212.0;441.0;84.0;127.0;29.0;73.0;182.0;412.0;84.0;145.0;-4.0;-7.0;-28.0;14.0;AIR
48.0;98.0;210.0;437.0;82.0;123.0;29.0;73.0;179.0;404.0;82.0;142.0;-10.0;-7.0;-28.0;12.0;AIR
48.0;99.0;208.0;432.0;81.0;124.0;26.0;68.0;172.0;398.0;83.0;143.0;-10.0;-8.0;-26.0;18.0;AIR
48.0;98.0;207.0;430.0;81.0;122.0;25.0;68.0;173.0;398.0;81.0;142.0;-12.0;-8.0;-26.0;26.0;AIR
48.0;99.0;209.0;438.0;82.0;124.0;28.0;69.0;175.0;406.0;84.0;141.0;-14.0;-8.0;-26.0;21.0;AIR
49.0;99.0;208.0;436.0;81.0;123.0;26.0;67.0;172.0;402.0;84.0;142.0;-12.0;-7.0;-25.0;19.0;AIR
48.0;97.0;203.0;422.0;79.0;118.0;25.0;62.0;165.0;384.0;79.0;139.0;-7.0;-7.0;-27.0;19.0;AIR
47.0;95.0;200.0;415.0;78.0;117.0;26.0;66.0;166.0;386.0;80.0;138.0;-9.0;-1.0;-32.0;15.0;AIR
47.0;97.0;203.0;425.0;80.0;122.0;27.0;69.0;173.0;397.0;80.0;141.0;-9.0;-1.0;-32.0;19.0;AIR
46.0;94.0;199.0;412.0;77.0;115.0;22.0;60.0;155.0;368.0;75.0;133.0;-7.0;-6.0;-27.0;20.0;AIR
43.0;88.0;188.0;394.0;75.0;112.0;24.0;63.0;158.0;373.0;78.0;132.0;-9.0;-8.0;-30.0;17.0;AIR
44.0;90.0;190.0;394.0;75.0;112.0;22.0;59.0;154.0;367.0;75.0;131.0;-9.0;-8.0;-32.0;16.0;AIR
46.0;93.0;198.0;412.0;77.0;117.0;26.0;67.0;171.0;393.0;81.0;140.0;-14.0;-9.0;-34.0;24.0;AIR
50.0;102.0;213.0;438.0;82.0;123.0;29.0;69.0;173.0;399.0;82.0;142.0;-9.0;-9.0;-30.0;17.0;AIR
49.0;100.0;209.0;434.0;82.0;124.0;29.0;73.0;181.0;413.0;83.0;145.0;-9.0;-9.0;-30.0;19.0;AIR
50.0;100.0;212.0;438.0;84.0;128.0;28.0;69.0;176.0;409.0;87.0;147.0;-9.0;-9.0;-35.0;23.0;AIR
50.0;102.0;214.0;448.0;84.0;128.0;29.0;73.0;181.0;413.0;86.0;149.0;-12.0;-6.0;-35.0;20.0;AIR
50.0;100.0;210.0;439.0;82.0;126.0;26.0;71.0;175.0;398.0;84.0;145.0;-4.0;-4.0;-28.0;26.0;AIR
47.0;94.0;200.0;420.0;79.0;121.0;24.0;64.0;165.0;381.0;81.0;139.0;-4.0;-3.0;-28.0;15.0;AIR
47.0;96.0;205.0;425.0;80.0;121.0;24.0;64.0;164.0;386.0;81.0;142.0;-6.0;1.0;-30.0;28.0;AIR
49.0;101.0;212.0;447.0;84.0;127.0;29.0;74.0;179.0;408.0;84.0;146.0;-6.0;-3.0;-30.0;22.0;AIR
48.0;99.0;207.0;432.0;80.0;121.0;25.0;64.0;168.0;384.0;79.0;138.0;-4.0;-3.0;-30.0;24.0;AIR
45.0;93.0;197.0;408.0;77.0;117.0;24.0;64.0;161.0;378.0;79.0;137.0;-6.0;-5.0;-30.0;22.0;AIR
44.0;91.0;193.0;400.0;75.0;113.0;22.0;61.0;159.0;375.0;77.0;131.0;-7.0;-5.0;-30.0;22.0;AIR
44.0;89.0;190.0;400.0;75.0;113.0;25.0;65.0;162.0;380.0;77.0;133.0;-7.0;-5.0;-30.0;27.0;AIR
45.0;92.0;192.0;405.0;75.0;113.0;23.0;62.0;156.0;365.0;75.0;131.0;-6.0;-3.0;-29.0;24.0;AIR
42.0;86.0;187.0;388.0;73.0;108.0;21.0;57.0;153.0;356.0;74.0;130.0;-7.0;0.0;-29.0;14.0;AIR
43.0;89.0;187.0;390.0;73.0;109.0;21.0;59.0;155.0;362.0;74.0;130.0;-7.0;0.0;-32.0;14.0;AIR
42.0;88.0;186.0;389.0;73.0;107.0;21.0;59.0;152.0;353.0;73.0;128.0;-14.0;0.0;-32.0;12.0;AIR
41.0;84.0;181.0;375.0;71.0;105.0;19.0;55.0;146.0;348.0;73.0;126.0;-14.0;-5.0;-35.0;18.0;AIR
42.0;85.0;182.0;378.0;71.0;103.0;17.0;50.0;138.0;332.0;70.0;120.0;-14.0;-6.0;-36.0;20.0;AIR
38.0;78.0;169.0;358.0;67.0;100.0;19.0;55.0;143.0;332.0;69.0;121.0;-11.0;-6.0;-35.0;15.0;AIR
40.0;83.0;177.0;365.0;69.0;103.0;19.0;53.0;146.0;345.0;72.0;129.0;-11.0;-6.0;-35.0;13.0;AIR
45.0;93.0;196.0;410.0;76.0;112.0;22.0;61.0;159.0;376.0;77.0;133.0;-11.0;-6.0;-35.0;18.0;AIR
46.0;96.0;201.0;418.0;79.0;117.0;24.0;64.0;164.0;389.0;81.0;140.0;-11.0;-6.0;-35.0;14.0;AIR
50.0;100.0;209.0;428.0;81.0;119.0;22.0;62.0;165.0;382.0;79.0;135.0;-12.0;-6.0;-35.0;12.0;AIR
46.0;95.0;199.0;418.0;79.0;119.0;26.0;65.0;169.0;386.0;80.0;139.0;-12.0;-6.0;-35.0;11.0;AIR
49.0;99.0;211.0;439.0;82.0;123.0;24.0;66.0;169.0;394.0;81.0;141.0;-12.0;-7.0;-37.0;20.0;AIR
49.0;100.0;211.0;440.0;83.0;124.0;25.0;69.0;174.0;403.0;83.0;144.0;-12.0;-7.0;-37.0;13.0;AIR
48.0;98.0;207.0;429.0;80.0;121.0;26.0;68.0;169.0;389.0;81.0;142.0;-12.0;-6.0;-33.0;16.0;AIR
47.0;95.0;203.0;428.0;81.0;122.0;26.0;69.0;174.0;399.0;84.0;145.0;-11.0;-7.0;-33.0;25.0;AIR
49.0;101.0;215.0;450.0;85.0;129.0;29.0;75.0;185.0;419.0;87.0;149.0;-11.0;-3.0;-36.0;19.0;AIR
51.0;104.0;214.0;447.0;83.0;125.0;28.0;68.0;170.0;393.0;82.0;140.0;-9.0;-2.0;-26.0;15.0;AIR
46.0;95.0;203.0;425.0;80.0;123.0;28.0;71.0;172.0;403.0;83.0;143.0;-9.0;-3.0;-27.0;15.0;AIR
49.0;101.0;214.0;445.0;84.0;127.0;27.0;74.0;184.0;419.0;87.0;150.0;-11.0;-3.0;-36.0;17.0;AIR
53.0;106.0;224.0;467.0;88.0;133.0;30.0;77.0;189.0;425.0;87.0;153.0;-9.0;-3.0;-27.0;22.0;AIR
49.0;100.0;214.0;447.0;84.0;129.0;29.0;74.0;184.0;422.0;86.0;148.0;-9.0;-3.0;-27.0;19.0;AIR
50.0;101.0;215.0;450.0;83.0;127.0;29.0;71.0;178.0;412.0;83.0;147.0;-9.0;-5.0;-31.0;19.0;AIR
49.0;100.0;210.0;437.0;83.0;127.0;25.0;67.0;175.0;406.0;83.0;147.0;-10.0;-6.0;-31.0;15.0;AIR
49.0;99.0;213.0;443.0;84.0;125.0;27.0;69.0;176.0;409.0;83.0;147.0;-6.0;-6.0;-31.0;22.0;AIR
48.0;99.0;209.0;439.0;82.0;125.0;24.0;66.0;166.0;393.0;82.0;142.0;-6.0;-6.0;-32.0;14.0;AIR
46.0;93.0;198.0;416.0;79.0;119.0;23.0;62.0;161.0;383.0;80.0;139.0;-5.0;-6.0;-31.0;15.0;AIR
47.0;97.0;205.0;428.0;79.0;120.0;26.0;69.0;171.0;389.0;82.0;138.0;-6.0;-6.0;-32.0;13.0;AIR
45.0;93.0;197.0;410.0;77.0;115.0;23.0;61.0;156.0;365.0;76.0;134.0;-5.0;-2.0;-32.0;23.0;AIR
43.0;90.0;190.0;400.0;75.0;114.0;22.0;62.0;163.0;378.0;78.0;137.0;-5.0;1.0;-29.0;23.0;AIR
46.0;95.0;201.0;424.0;80.0;119.0;24.0;66.0;168.0;394.0;81.0;140.0;-10.0;1.0;-29.0;21.0;AIR
45.0;92.0;197.0;408.0;76.0;113.0;20.0;57.0;148.0;355.0;72.0;126.0;-10.0;1.0;-29.0;18.0;AIR
39.0;80.0;172.0;359.0;68.0;102.0;17.0;48.0;136.0;325.0;68.0;118.0;-7.0;-4.0;-29.0;21.0;AIR
39.0;80.0;172.0;361.0;67.0;99.0;16.0;53.0;140.0;338.0;69.0;122.0;-10.0;-8.0;-29.0;19.0;AIR
40.0;83.0;178.0;372.0;69.0;102.0;17.0;52.0;142.0;339.0;71.0;122.0;-7.0;-8.0;-29.0;19.0;AIR
40.0;85.0;178.0;375.0;70.0;103.0;18.0;54.0;147.0;346.0;72.0;125.0;-7.0;-9.0;-29.0;19.0;AIR
43.0;89.0;191.0;400.0;76.0;112.0;23.0;62.0;160.0;373.0;77.0;134.0;-4.0;-8.0;-31.0;20.0;AIR
45.0;91.0;191.0;403.0;74.0;109.0;19.0;55.0;149.0;350.0;73.0;126.0;-5.0;-8.0;-31.0;19.0;AIR
38.0;80.0;171.0;358.0;67.0;99.0;16.0;50.0;135.0;321.0;69.0;120.0;0.0;-8.0;-28.0;18.0;AIR
38.0;79.0;171.0;360.0;67.0;98.0;15.0;48.0;133.0;322.0;68.0;117.0;-4.0;-2.0;-31.0;23.0;AIR
38.0;79.0;170.0;357.0;66.0;97.0;14.0;48.0;134.0;324.0;68.0;118.0;-4.0;-2.0;-31.0;13.0;AIR
38.0;79.0;171.0;359.0;68.0;99.0;17.0;52.0;138.0;338.0;73.0;123.0;-4.0;-2.0;-28.0;11.0;AIR
45.0;91.0;192.0;402.0;75.0;110.0;21.0;59.0;153.0;361.0;76.0;129.0;-4.0;-2.0;-31.0;12.0;AIR
44.0;90.0;190.0;392.0;73.0;108.0;20.0;56.0;150.0;348.0;72.0;124.0;-4.0;-2.0;-31.0;8.0;AIR
39.0;80.0;172.0;358.0;67.0;98.0;14.0;47.0;129.0;318.0;68.0;120.0;-7.0;-3.0;-31.0;12.0;AIR
40.0;82.0;176.0;372.0;68.0;102.0;18.0;53.0;143.0;339.0;72.0;123.0;-1.0;-3.0;-26.0;9.0;AIR
43.0;88.0;186.0;388.0;72.0;105.0;19.0;56.0;147.0;348.0;72.0;125.0;-5.0;-4.0;-28.0;15.0;AIR
42.0;86.0;183.0;382.0;71.0;103.0;16.0;52.0;140.0;333.0;69.0;121.0;-2.0;-5.0;-26.0;15.0;AIR
40.0;83.0;177.0;369.0;67.0;98.0;15.0;48.0;132.0;315.0;66.0;115.0;-5.0;-4.0;-27.0;15.0;AIR
39.0;81.0;176.0;369.0;68.0;102.0;17.0;54.0;142.0;335.0;72.0;124.0;-5.0;-4.0;-26.0;13.0;AIR
42.0;86.0;185.0;383.0;71.0;106.0;20.0;58.0;150.0;357.0;75.0;130.0;-5.0;-4.0;-26.0;15.0;AIR
44.0;89.0;188.0;392.0;72.0;106.0;19.0;54.0;144.0;346.0;71.0;125.0;-4.0;-4.0;-25.0;13.0;AIR
42.0;87.0;186.0;385.0;72.0;109.0;18.0;56.0;152.0;364.0;76.0;131.0;-4.0;-2.0;-21.0;11.0;AIR
46.0;96.0;203.0;425.0;80.0;119.0;25.0;67.0;171.0;400.0;82.0;142.0;-4.0;-2.0;-21.0;12.0;AIR
46.0;94.0;197.0;412.0;78.0;117.0;22.0;59.0;158.0;363.0;76.0;130.0;-4.0;-6.0;-25.0;9.0;AIR
41.0;85.0;182.0;378.0;70.0;103.0;17.0;50.0;137.0;328.0;68.0;120.0;-4.0;-8.0;-21.0;15.0;AIR
38.0;80.0;170.0;353.0;66.0;96.0;16.0;49.0;135.0;316.0;67.0;116.0;-6.0;-6.0;-27.0;21.0;AIR
36.0;76.0;164.0;347.0;64.0;92.0;14.0;44.0;123.0;298.0;64.0;111.0;-6.0;-6.0;-30.0;14.0;AIR
37.0;77.0;163.0;335.0;63.0;89.0;13.0;42.0;124.0;296.0;63.0;107.0;-6.0;-4.0;-30.0;16.0;AIR
35.0;72.0;156.0;322.0;60.0;82.0;9.0;39.0;112.0;277.0;60.0;102.0;-6.0;-4.0;-27.0;19.0;AIR
35.0;72.0;154.0;322.0;59.0;81.0;13.0;41.0;114.0;274.0;57.0;100.0;-6.0;-4.0;-27.0;14.0;AIR
32.0;67.0;145.0;300.0;55.0;77.0;9.0;36.0;107.0;270.0;56.0;99.0;-7.0;-5.0;-30.0;18.0;AIR
34.0;70.0;150.0;314.0;57.0;80.0;9.0;36.0;113.0;278.0;59.0;102.0;-7.0;-6.0;-27.0;17.0;AIR
37.0;76.0;159.0;328.0;60.0;85.0;11.0;40.0;118.0;285.0;61.0;107.0;-8.0;-7.0;-27.0;16.0;AIR
36.0;74.0;159.0;331.0;61.0;87.0;15.0;44.0;124.0;298.0;66.0;112.0;-10.0;-6.0;-29.0;12.0;AIR
42.0;85.0;181.0;375.0;68.0;98.0;16.0;49.0;134.0;321.0;69.0;116.0;-10.0;-6.0;-29.0;15.0;AIR
36.0;76.0;162.0;338.0;62.0;90.0;13.0;42.0;120.0;302.0;63.0;108.0;-12.0;-2.0;-29.0;14.0;AIR
35.0;73.0;157.0;326.0;60.0;86.0;10.0;39.0;118.0;286.0;61.0;106.0;-12.0;-2.0;-29.0;13.0;AIR
33.0;69.0;151.0;315.0;58.0;82.0;10.0;38.0;111.0;273.0;59.0;103.0;-12.0;-2.0;-29.0;14.0;AIR
33.0;70.0;152.0;318.0;58.0;83.0;11.0;40.0;115.0;287.0;62.0;107.0;-12.0;-6.0;-29.0;15.0;AIR
38.0;80.0;170.0;354.0;65.0;95.0;15.0;47.0;131.0;323.0;67.0;120.0;-12.0;-6.0;-32.0;15.0;AIR
43.0;87.0;184.0;385.0;72.0;104.0;19.0;56.0;146.0;349.0;72.0;127.0;-10.0;-6.0;-33.0;23.0;AIR
43.0;89.0;188.0;390.0;74.0;109.0;18.0;55.0;144.0;347.0;73.0;128.0;-10.0;-4.0;-35.0;19.0;AIR
41.0;85.0;182.0;376.0;69.0;103.0;15.0;48.0;134.0;324.0;68.0;118.0;-9.0;-4.0;-33.0;14.0;AIR
38.0;78.0;169.0;350.0;64.0;92.0;14.0;45.0;126.0;307.0;64.0;113.0;-9.0;-4.0;-32.0;19.0;AIR
36.0;75.0;160.0;341.0;62.0;89.0;11.0;42.0;121.0;294.0;62.0;109.0;-9.0;-4.0;-29.0;9.0;AIR
35.0;74.0;160.0;334.0;62.0;86.0;12.0;41.0;119.0;293.0;63.0;108.0;-4.0;-4.0;-22.0;12.0;AIR
36.0;75.0;162.0;339.0;62.0;87.0;12.0;40.0;118.0;291.0;62.0;106.0;0.0;-8.0;-22.0;13.0;AIR
35.0;73.0;156.0;324.0;61.0;86.0;13.0;40.0;120.0;297.0;63.0;109.0;0.0;-8.0;-20.0;15.0;AIR
36.0;75.0;162.0;341.0;63.0;90.0;11.0;41.0;123.0;299.0;65.0;112.0;1.0;-3.0;-20.0;19.0;AIR
37.0;76.0;165.0;340.0;63.0;88.0;11.0;39.0;117.0;294.0;63.0;108.0;0.0;-5.0;-22.0;10.0;AIR
36.0;75.0;163.0;339.0;62.0;89.0;12.0;42.0;123.0;297.0;63.0;112.0;-4.0;-8.0;-25.0;18.0;AIR
39.0;80.0;172.0;358.0;67.0;98.0;15.0;51.0;138.0;339.0;71.0;125.0;-9.0;-8.0;-22.0;11.0;AIR
3.0;3.0;8.0;24.0;3.0;-10.0;5.0;18.0;43.0;95.0;19.0;36.0;-9.0;5.0;-15.0;9.0;AIR
20.0;36.0;67.0;124.0;19.0;24.0;19.0;43.0;94.0;194.0;40.0;69.0;-12.0;10.0;-15.0;8.0;AIR
27.0;50.0;96.0;187.0;33.0;48.0;24.0;52.0;118.0;245.0;50.0;88.0;-12.0;5.0;-15.0;10.0;AIR
29.0;53.0;104.0;204.0;36.0;56.0;27.0;57.0;127.0;265.0;52.0;97.0;-12.0;11.0;-15.0;11.0;AIR
30.0;56.0;113.0;228.0;41.0;64.0;27.0;62.0;135.0;290.0;58.0;104.0;-14.0;7.0;-15.0;10.0;AIR
33.0;61.0;125.0;253.0;47.0;76.0;31.0;72.0;155.0;326.0;65.0;117.0;-17.0;7.0;-22.0;7.0;AIR
38.0;73.0;146.0;297.0;55.0;91.0;35.0;78.0;172.0;360.0;72.0;128.0;-18.0;7.0;-15.0;14.0;AIR
43.0;80.0;161.0;325.0;61.0;99.0;39.0;85.0;180.0;382.0;75.0;134.0;-19.0;14.0;-22.0;8.0;AIR
41.0;78.0;159.0;329.0;62.0;102.0;39.0;85.0;184.0;385.0;79.0;139.0;-19.0;15.0;-17.0;7.0;AIR
43.0;82.0;168.0;345.0;65.0;107.0;40.0;87.0;187.0;393.0;79.0;143.0;-19.0;11.0;-17.0;11.0;AIR
44.0;83.0;168.0;348.0;66.0;107.0;40.0;89.0;191.0;400.0;79.0;144.0;-19.0;11.0;-17.0;7.0;AIR
43.0;81.0;166.0;341.0;65.0;109.0;40.0;88.0;191.0;397.0;80.0;145.0;-19.0;11.0;-17.0;10.0;AIR
43.0;82.0;169.0;344.0;67.0;111.0;43.0;93.0;197.0;417.0;84.0;149.0;-19.0;11.0;-17.0;13.0;AIR
46.0;89.0;181.0;374.0;71.0;120.0;45.0;96.0;204.0;434.0;87.0;154.0;-17.0;9.0;-17.0;10.0;AIR
46.0;90.0;183.0;378.0;72.0;119.0;44.0;94.0;205.0;430.0;86.0;155.0;-17.0;12.0;-19.0;11.0;AIR
46.0;88.0;181.0;373.0;71.0;121.0;43.0;96.0;206.0;435.0;86.0;153.0;-17.0;8.0;-19.0;12.0;AIR
45.0;88.0;179.0;367.0;71.0;118.0;43.0;93.0;203.0;427.0;87.0;153.0;-17.0;11.0;-17.0;4.0;AIR
46.0;90.0;184.0;381.0;74.0;123.0;47.0;100.0;214.0;443.0;89.0;161.0;-13.0;12.0;-13.0;4.0;AIR
50.0;94.0;195.0;403.0;76.0;129.0;49.0;104.0;221.0;463.0;92.0;166.0;-12.0;12.0;-10.0;4.0;AIR
50.0;98.0;198.0;409.0;79.0;133.0;48.0;105.0;225.0;474.0;95.0;167.0;-12.0;14.0;-10.0;4.0;AIR
50.0;96.0;198.0;409.0;79.0;133.0;49.0;108.0;227.0;475.0;94.0;168.0;-12.0;4.0;-10.0;4.0;AIR
53.0;101.0;205.0;418.0;81.0;135.0;47.0;105.0;225.0;470.0;93.0;167.0;-12.0;4.0;-13.0;5.0;AIR
51.0;98.0;201.0;410.0;78.0;136.0;50.0;107.0;228.0;478.0;95.0;168.0;-12.0;6.0;-13.0;9.0;AIR
51.0;98.0;202.0;418.0;80.0;135.0;49.0;106.0;231.0;484.0;97.0;170.0;-12.0;10.0;-14.0;5.0;AIR
52.0;102.0;209.0;434.0;83.0;141.0;50.0;108.0;233.0;486.0;98.0;174.0;-12.0;10.0;-14.0;9.0;AIR
53.0;102.0;211.0;431.0;84.0;143.0;51.0;110.0;236.0;497.0;99.0;176.0;-12.0;12.0;-14.0;9.0;AIR
53.0;102.0;210.0;429.0;82.0;140.0;50.0;107.0;233.0;486.0;98.0;175.0;-14.0;11.0;-15.0;9.0;AIR
52.0;102.0;208.0;428.0;83.0;139.0;51.0;110.0;239.0;496.0;99.0;174.0;-12.0;11.0;-14.0;9.0;AIR
53.0;105.0;214.0;440.0;84.0;143.0;51.0;110.0;236.0;492.0;99.0;173.0;-12.0;16.0;-14.0;16.0;AIR
52.0;100.0;206.0;428.0;83.0;141.0;54.0;112.0;237.0;492.0;100.0;175.0;-14.0;6.0;-10.0;6.0;AIR
52.0;102.0;209.0;428.0;82.0;140.0;51.0;111.0;235.0;487.0;96.0;175.0;-14.0;8.0;-10.0;11.0;AIR
54.0;104.0;211.0;429.0;81.0;136.0;47.0;103.0;222.0;466.0;92.0;164.0;-16.0;9.0;-9.0;5.0;AIR
48.0;93.0;191.0;395.0;75.0;129.0;48.0;106.0;227.0;473.0;92.0;164.0;-17.0;7.0;-10.0;8.0;AIR
49.0;94.0;193.0;397.0;75.0;127.0;49.0;103.0;217.0;448.0;90.0;161.0;-21.0;10.0;-15.0;4.0;AIR
48.0;94.0;192.0;394.0;75.0;126.0;46.0;101.0;217.0;452.0;90.0;162.0;-21.0;6.0;-16.0;4.0;AIR
46.0;90.0;183.0;376.0;72.0;123.0;47.0;100.0;213.0;440.0;87.0;158.0;-18.0;6.0;-18.0;6.0;AIR
44.0;87.0;178.0;366.0;70.0;118.0;44.0;95.0;203.0;421.0;85.0;152.0;-18.0;5.0;-18.0;6.0;AIR
43.0;84.0;172.0;349.0;67.0;114.0;44.0;94.0;200.0;420.0;83.0;150.0;-17.0;6.0;-16.0;8.0;AIR
43.0;84.0;173.0;350.0;67.0;112.0;43.0;92.0;200.0;413.0;84.0;151.0;-14.0;9.0;-10.0;5.0;AIR
43.0;84.0;174.0;353.0;68.0;113.0;44.0;95.0;200.0;413.0;83.0;148.0;-14.0;11.0;-10.0;4.0;AIR
43.0;83.0;172.0;352.0;66.0;109.0;42.0;91.0;196.0;408.0;80.0;144.0;-14.0;9.0;-10.0;5.0;AIR
41.0;82.0;167.0;337.0;63.0;105.0;38.0;83.0;181.0;379.0;76.0;139.0;-12.0;13.0;-10.0;5.0;AIR
39.0;75.0;154.0;315.0;59.0;100.0;38.0;82.0;178.0;375.0;75.0;137.0;-21.0;9.0;-11.0;5.0;AIR
41.0;80.0;161.0;329.0;64.0;107.0;41.0;88.0;187.0;395.0;80.0;142.0;-21.0;10.0;-11.0;10.0;AIR
43.0;84.0;172.0;352.0;67.0;111.0;44.0;94.0;202.0;420.0;84.0;151.0;-14.0;9.0;-7.0;3.0;AIR
47.0;90.0;183.0;375.0;71.0;120.0;45.0;101.0;212.0;446.0;87.0;155.0;-11.0;10.0;-7.0;6.0;AIR
47.0;90.0;186.0;384.0;73.0;123.0;47.0;102.0;215.0;445.0;89.0;159.0;-11.0;6.0;-7.0;4.0;AIR
48.0;92.0;185.0;379.0;73.0;121.0;46.0;97.0;208.0;435.0;88.0;156.0;-11.0;8.0;-7.0;9.0;AIR
45.0;87.0;178.0;370.0;70.0;119.0;45.0;97.0;208.0;434.0;85.0;153.0;-14.0;6.0;-17.0;9.0;AIR
47.0;90.0;184.0;377.0;73.0;121.0;43.0;95.0;204.0;434.0;88.0;159.0;-11.0;8.0;-17.0;6.0;AIR
48.0;92.0;188.0;383.0;73.0;121.0;46.0;98.0;210.0;434.0;86.0;153.0;-15.0;5.0;-17.0;2.0;AIR
47.0;90.0;183.0;376.0;71.0;120.0;45.0;99.0;211.0;442.0;87.0;157.0;-15.0;2.0;-7.0;-3.0;AIR
47.0;91.0;186.0;382.0;72.0;121.0;44.0;93.0;205.0;436.0;88.0;160.0;-15.0;2.0;-7.0;-3.0;AIR
53.0;100.0;203.0;418.0;79.0;134.0;51.0;108.0;232.0;478.0;95.0;167.0;-15.0;2.0;-7.0;2.0;AIR
47.0;90.0;184.0;377.0;72.0;121.0;43.0;94.0;202.0;424.0;85.0;151.0;-15.0;2.0;-11.0;3.0;AIR
43.0;82.0;169.0;344.0;65.0;110.0;40.0;89.0;191.0;401.0;80.0;144.0;-15.0;6.0;-15.0;2.0;AIR
43.0;82.0;166.0;341.0;65.0;110.0;42.0;89.0;194.0;407.0;82.0;146.0;-20.0;4.0;-18.0;2.0;AIR
42.0;82.0;167.0;348.0;66.0;110.0;40.0;90.0;195.0;414.0;83.0;148.0;-15.0;7.0;-15.0;5.0;AIR
45.0;86.0;177.0;361.0;68.0;117.0;45.0;97.0;202.0;422.0;84.0;151.0;-14.0;4.0;-16.0;7.0;AIR
45.0;86.0;175.0;360.0;67.0;113.0;41.0;91.0;195.0;407.0;82.0;148.0;-14.0;4.0;-15.0;5.0;AIR
43.0;83.0;169.0;347.0;65.0;108.0;40.0;86.0;187.0;399.0;81.0;141.0;-14.0;4.0;-16.0;5.0;AIR
40.0;78.0;159.0;329.0;62.0;104.0;41.0;87.0;186.0;388.0;79.0;140.0;-14.0;8.0;-13.0;6.0;AIR
41.0;80.0;164.0;339.0;64.0;108.0;41.0;89.0;192.0;404.0;80.0;146.0;-14.0;8.0;-16.0;6.0;AIR
45.0;86.0;177.0;364.0;68.0;115.0;44.0;97.0;208.0;432.0;86.0;156.0;-15.0;7.0;-16.0;15.0;AIR
48.0;92.0;186.0;386.0;72.0;120.0;43.0;95.0;205.0;431.0;87.0;156.0;-22.0;8.0;-16.0;13.0;AIR
45.0;87.0;178.0;363.0;68.0;115.0;41.0;91.0;198.0;419.0;83.0;150.0;-22.0;3.0;-16.0;16.0;AIR
44.0;83.0;172.0;356.0;68.0;113.0;42.0;91.0;196.0;417.0;81.0;149.0;-22.0;3.0;-18.0;10.0;AIR
44.0;85.0;175.0;360.0;69.0;116.0;44.0;94.0;207.0;432.0;85.0;154.0;-22.0;2.0;-18.0;5.0;AIR
46.0;90.0;183.0;378.0;72.0;122.0;45.0;97.0;208.0;434.0;87.0;155.0;-21.0;2.0;-18.0;2.0;AIR
46.0;90.0;185.0;380.0;72.0;121.0;45.0;98.0;211.0;438.0;88.0;158.0;-21.0;18.0;-18.0;2.0;AIR
46.0;89.0;182.0;368.0;70.0;116.0;42.0;91.0;197.0;420.0;84.0;148.0;-19.0;9.0;-18.0;2.0;AIR
42.0;82.0;168.0;344.0;66.0;111.0;41.0;90.0;194.0;403.0;80.0;145.0;-19.0;12.0;-18.0;2.0;AIR
41.0;80.0;163.0;339.0;64.0;108.0;42.0;90.0;193.0;405.0;80.0;144.0;-19.0;6.0;-12.0;5.0;AIR
42.0;81.0;171.0;350.0;65.0;111.0;41.0;90.0;195.0;414.0;85.0;150.0;-16.0;6.0;-18.0;6.0;AIR
46.0;90.0;182.0;374.0;71.0;119.0;43.0;95.0;205.0;431.0;88.0;155.0;-16.0;12.0;-18.0;7.0;AIR
48.0;91.0;187.0;385.0;74.0;124.0;46.0;101.0;217.0;457.0;91.0;163.0;-19.0;10.0;-19.0;7.0;AIR
50.0;97.0;197.0;405.0;77.0;130.0;50.0;107.0;227.0;463.0;92.0;162.0;-14.0;10.0;-18.0;7.0;AIR
45.0;89.0;181.0;370.0;70.0;120.0;45.0;96.0;206.0;427.0;85.0;151.0;-14.0;7.0;-18.0;7.0;AIR
43.0;83.0;170.0;350.0;66.0;112.0;42.0;92.0;199.0;416.0;82.0;146.0;-12.0;13.0;-12.0;10.0;AIR
44.0;84.0;171.0;350.0;66.0;112.0;39.0;91.0;195.0;412.0;82.0;149.0;-12.0;14.0;-12.0;6.0;AIR
43.0;83.0;171.0;352.0;66.0;111.0;41.0;91.0;196.0;408.0;82.0;147.0;-12.0;12.0;-12.0;6.0;AIR
44.0;85.0;174.0;355.0;67.0;112.0;40.0;90.0;193.0;396.0;80.0;140.0;-11.0;8.0;-11.0;9.0;AIR
39.0;74.0;152.0;312.0;58.0;97.0;36.0;80.0;173.0;369.0;74.0;133.0;-12.0;10.0;-12.0;11.0;AIR
37.0;73.0;148.0;302.0;56.0;92.0;35.0;77.0;166.0;355.0;71.0;127.0;-11.0;6.0;-12.0;9.0;AIR
36.0;71.0;146.0;300.0;56.0;95.0;36.0;78.0;169.0;364.0;74.0;135.0;-11.0;6.0;-11.0;5.0;AIR
41.0;80.0;162.0;333.0;63.0;103.0;40.0;89.0;190.0;396.0;78.0;140.0;-11.0;8.0;-11.0;10.0;AIR
42.0;82.0;166.0;340.0;64.0;106.0;40.0;88.0;190.0;398.0;78.0;141.0;-11.0;6.0;-10.0;5.0;AIR
43.0;82.0;168.0;341.0;65.0;106.0;41.0;88.0;190.0;398.0;78.0;140.0;-10.0;9.0;-10.0;6.0;AIR
42.0;80.0;162.0;333.0;63.0;105.0;38.0;83.0;184.0;381.0;75.0;137.0;-11.0;3.0;-13.0;5.0;AIR
40.0;78.0;159.0;321.0;61.0;99.0;38.0;82.0;179.0;378.0;76.0;134.0;-10.0;5.0;-13.0;6.0;AIR
38.0;73.0;150.0;305.0;58.0;97.0;34.0;79.0;172.0;359.0;74.0;130.0;-6.0;5.0;-12.0;3.0;AIR
38.0;73.0;149.0;310.0;57.0;96.0;36.0;80.0;173.0;368.0;74.0;131.0;-10.0;5.0;-13.0;3.0;AIR
38.0;72.0;149.0;300.0;57.0;94.0;34.0;78.0;173.0;371.0;74.0;133.0;-6.0;6.0;-12.0;3.0;AIR
40.0;77.0;159.0;324.0;62.0;101.0;39.0;87.0;185.0;392.0;78.0;139.0;-6.0;5.0;-12.0;12.0;AIR
44.0;83.0;167.0;337.0;62.0;100.0;33.0;76.0;164.0;349.0;71.0;127.0;-14.0;11.0;-13.0;8.0;AIR
36.0;68.0;140.0;284.0;37.0;68.0;28.0;65.0;143.0;306.0;62.0;117.0;-15.0;7.0;-17.0;13.0;AIR
36.0;68.0;139.0;284.0;52.0;87.0;34.0;74.0;164.0;343.0;68.0;122.0;-15.0;13.0;-17.0;8.0;AIR
35.0;68.0;140.0;284.0;53.0;89.0;35.0;78.0;171.0;355.0;72.0;129.0;-20.0;7.0;-21.0;8.0;AIR
52.0;104.0;221.0;497.0;108.0;209.0;56.0;116.0;245.0;537.0;112.0;213.0;-6.0;8.0;-11.0;7.0;AIR
55.0;110.0;237.0;532.0;115.0;224.0;61.0;124.0;263.0;572.0;120.0;230.0;-3.0;5.0;-12.0;9.0;AIR
59.0;119.0;255.0;572.0;124.0;242.0;68.0;138.0;289.0;625.0;131.0;248.0;-3.0;8.0;-12.0;8.0;AIR
65.0;131.0;282.0;634.0;137.0;267.0;72.0;151.0;319.0;689.0;145.0;271.0;-3.0;12.0;-12.0;15.0;AIR
73.0;145.0;310.0;683.0;146.0;280.0;75.0;148.0;287.0;593.0;116.0;212.0;-1.0;8.0;-12.0;8.0;AIR
20.0;43.0;100.0;245.0;59.0;128.0;24.0;52.0;106.0;233.0;49.0;97.0;-1.0;7.0;-12.0;10.0;AIR
24.0;50.0;110.0;256.0;59.0;128.0;28.0;59.0;123.0;258.0;56.0;118.0;1.0;9.0;-1.0;7.0;AIR
24.0;50.0;110.0;256.0;58.0;115.0;28.0;59.0;123.0;258.0;56.0;118.0;1.0;7.0;-11.0;9.0;AIR
36.0;74.0;158.0;359.0;80.0;162.0;44.0;92.0;197.0;431.0;92.0;178.0;1.0;12.0;-13.0;5.0;AIR
50.0;99.0;214.0;479.0;104.0;203.0;55.0;115.0;247.0;529.0;111.0;211.0;-9.0;7.0;-11.0;14.0;AIR
56.0;112.0;242.0;540.0;117.0;229.0;61.0;126.0;270.0;588.0;123.0;234.0;1.0;8.0;-11.0;5.0;AIR
60.0;121.0;261.0;588.0;128.0;249.0;69.0;141.0;296.0;640.0;134.0;253.0;-3.0;4.0;-11.0;10.0;AIR
66.0;132.0;285.0;636.0;137.0;266.0;72.0;150.0;317.0;685.0;143.0;268.0;-3.0;8.0;-7.0;2.0;AIR
70.0;139.0;299.0;668.0;145.0;279.0;76.0;158.0;332.0;717.0;147.0;280.0;-3.0;10.0;-7.0;8.0;AIR
71.0;143.0;308.0;689.0;149.0;288.0;78.0;163.0;342.0;734.0;153.0;287.0;-3.0;9.0;-7.0;5.0;AIR
73.0;146.0;313.0;700.0;150.0;291.0;80.0;164.0;351.0;756.0;156.0;291.0;-3.0;6.0;-8.0;5.0;AIR
74.0;149.0;319.0;712.0;154.0;297.0;81.0;168.0;355.0;761.0;157.0;297.0;-6.0;9.0;-13.0;3.0;AIR
76.0;153.0;331.0;737.0;159.0;304.0;83.0;171.0;364.0;780.0;162.0;308.0;-6.0;10.0;-13.0;3.0;AIR
78.0;158.0;339.0;753.0;163.0;313.0;86.0;177.0;376.0;803.0;166.0;312.0;-6.0;9.0;-13.0;3.0;AIR
83.0;166.0;355.0;790.0;169.0;323.0;89.0;184.0;386.0;817.0;168.0;314.0;-6.0;12.0;-13.0;0.0;AIR
68.0;136.0;294.0;663.0;143.0;282.0;70.0;145.0;315.0;690.0;147.0;281.0;-4.0;4.0;-13.0;0.0;AIR
71.0;146.0;316.0;709.0;153.0;298.0;82.0;169.0;357.0;769.0;159.0;300.0;-4.0;5.0;-9.0;3.0;AIR
75.0;151.0;323.0;722.0;157.0;306.0;83.0;171.0;362.0;773.0;161.0;305.0;-2.0;4.0;-9.0;6.0;AIR
77.0;155.0;334.0;743.0;161.0;313.0;86.0;177.0;377.0;812.0;168.0;315.0;-2.0;5.0;-5.0;6.0;AIR
80.0;162.0;349.0;775.0;167.0;324.0;90.0;186.0;392.0;843.0;173.0;327.0;-2.0;4.0;-5.0;12.0;AIR
85.0;170.0;364.0;800.0;171.0;328.0;91.0;186.0;394.0;841.0;173.0;323.0;0.0;5.0;-5.0;8.0;AIR
82.0;166.0;355.0;792.0;169.0;325.0;90.0;186.0;392.0;841.0;172.0;322.0;0.0;5.0;-5.0;8.0;AIR
83.0;167.0;358.0;795.0;170.0;325.0;92.0;184.0;392.0;843.0;173.0;325.0;-6.0;5.0;-8.0;2.0;AIR
83.0;168.0;362.0;802.0;172.0;328.0;90.0;186.0;393.0;851.0;175.0;328.0;-6.0;12.0;-8.0;2.0;AIR
84.0;170.0;364.0;807.0;171.0;329.0;91.0;187.0;395.0;850.0;173.0;325.0;-5.0;11.0;-7.0;2.0;AIR
84.0;168.0;359.0;797.0;169.0;326.0;88.0;183.0;388.0;832.0;171.0;322.0;-5.0;11.0;-7.0;2.0;AIR
82.0;164.0;356.0;786.0;169.0;324.0;89.0;184.0;390.0;837.0;173.0;323.0;-1.0;13.0;-6.0;2.0;AIR
80.0;164.0;351.0;777.0;166.0;322.0;88.0;183.0;388.0;833.0;172.0;322.0;-1.0;4.0;4.0;3.0;AIR
81.0;164.0;352.0;784.0;166.0;321.0;90.0;184.0;389.0;835.0;171.0;320.0;-1.0;4.0;4.0;2.0;AIR
82.0;167.0;358.0;790.0;169.0;324.0;92.0;186.0;395.0;842.0;172.0;325.0;-1.0;4.0;5.0;2.0;AIR
86.0;173.0;370.0;815.0;174.0;332.0;95.0;193.0;405.0;864.0;176.0;330.0;-3.0;8.0;4.0;2.0;AIR
85.0;172.0;369.0;820.0;175.0;336.0;95.0;194.0;409.0;879.0;179.0;332.0;-3.0;10.0;-4.0;-4.0;AIR
87.0;174.0;373.0;817.0;173.0;334.0;94.0;192.0;404.0;865.0;175.0;329.0;-6.0;7.0;-5.0;-4.0;AIR
84.0;168.0;361.0;804.0;171.0;330.0;92.0;190.0;399.0;859.0;175.0;331.0;-6.0;6.0;-4.0;-4.0;AIR
87.0;177.0;378.0;835.0;178.0;341.0;96.0;197.0;416.0;893.0;183.0;342.0;-6.0;7.0;-4.0;-1.0;AIR
91.0;182.0;387.0;850.0;179.0;339.0;92.0;181.0;366.0;767.0;154.0;292.0;-5.0;6.0;-1.0;-1.0;AIR
60.0;125.0;274.0;623.0;136.0;269.0;68.0;140.0;298.0;634.0;132.0;255.0;-5.0;7.0;2.0;0.0;AIR
51.0;108.0;243.0;564.0;126.0;255.0;71.0;146.0;311.0;672.0;140.0;266.0;-5.0;7.0;2.0;-1.0;AIR
67.0;136.0;294.0;657.0;142.0;279.0;77.0;159.0;335.0;724.0;150.0;285.0;-5.0;7.0;-1.0;-1.0;AIR
74.0;148.0;320.0;709.0;151.0;295.0;80.0;164.0;352.0;758.0;156.0;295.0;-1.0;7.0;-1.0;-2.0;AIR
75.0;152.0;325.0;723.0;155.0;301.0;81.0;169.0;360.0;770.0;160.0;302.0;-1.0;9.0;0.0;-2.0;AIR
79.0;159.0;338.0;747.0;160.0;307.0;87.0;178.0;375.0;792.0;164.0;306.0;-1.0;9.0;-2.0;-3.0;AIR
77.0;156.0;336.0;744.0;159.0;309.0;86.0;177.0;373.0;802.0;166.0;310.0;-1.0;5.0;0.0;-4.0;AIR
82.0;165.0;353.0;779.0;165.0;319.0;88.0;182.0;386.0;822.0;170.0;319.0;-7.0;5.0;0.0;-4.0;AIR
84.0;170.0;361.0;795.0;168.0;323.0;92.0;187.0;392.0;834.0;172.0;319.0;-7.0;2.0;-2.0;-4.0;AIR
79.0;161.0;347.0;768.0;164.0;315.0;87.0;177.0;376.0;803.0;165.0;310.0;-7.0;9.0;-2.0;-4.0;AIR
77.0;157.0;339.0;750.0;160.0;310.0;85.0;176.0;370.0;795.0;163.0;306.0;-7.0;7.0;1.0;-4.0;AIR
77.0;155.0;333.0;744.0;158.0;306.0;86.0;174.0;368.0;791.0;161.0;303.0;-7.0;12.0;1.0;-3.0;AIR
75.0;154.0;331.0;732.0;157.0;306.0;84.0;173.0;367.0;787.0;163.0;306.0;1.0;7.0;4.0;-4.0;AIR
78.0;158.0;341.0;752.0;161.0;311.0;86.0;178.0;374.0;799.0;165.0;310.0;1.0;10.0;10.0;-4.0;AIR
80.0;161.0;347.0;770.0;164.0;315.0;89.0;183.0;386.0;823.0;170.0;317.0;-7.0;7.0;11.0;-4.0;AIR
82.0;165.0;352.0;782.0;165.0;317.0;89.0;183.0;386.0;824.0;170.0;319.0;-7.0;5.0;10.0;-5.0;AIR
84.0;168.0;359.0;792.0;170.0;323.0;91.0;187.0;396.0;844.0;173.0;322.0;-2.0;6.0;10.0;-5.0;AIR
85.0;171.0;366.0;809.0;173.0;331.0;95.0;193.0;407.0;864.0;177.0;331.0;-2.0;10.0;10.0;-7.0;AIR
88.0;178.0;380.0;837.0;177.0;339.0;96.0;198.0;420.0;894.0;183.0;343.0;-2.0;6.0;17.0;-11.0;AIR
87.0;174.0;372.0;817.0;174.0;334.0;92.0;189.0;395.0;834.0;171.0;318.0;2.0;4.0;42.0;-16.0;AIR
72.0;146.0;311.0;692.0;150.0;294.0;80.0;164.0;343.0;735.0;152.0;291.0;2.0;7.0;36.0;-16.0;AIR
73.0;147.0;315.0;707.0;151.0;297.0;85.0;172.0;363.0;774.0;160.0;304.0;4.0;4.0;19.0;-16.0;AIR
77.0;157.0;336.0;750.0;161.0;312.0;90.0;183.0;381.0;816.0;168.0;315.0;4.0;8.0;19.0;-13.0;AIR
82.0;167.0;357.0;793.0;169.0;323.0;94.0;191.0;402.0;854.0;173.0;327.0;0.0;3.0;8.0;-7.0;AIR
89.0;177.0;378.0;829.0;176.0;336.0;96.0;194.0;400.0;836.0;170.0;319.0;0.0;3.0;2.0;-7.0;AIR
55.0;105.0;215.0;460.0;95.0;182.0;34.0;68.0;150.0;318.0;64.0;125.0;0.0;3.0;1.0;-7.0;AIR
53.0;105.0;215.0;460.0;95.0;182.0;30.0;66.0;147.0;327.0;71.0;146.0;-5.0;4.0;-6.0;6.0;AIR
42.0;84.0;177.0;389.0;83.0;166.0;45.0;92.0;197.0;432.0;92.0;182.0;-5.0;9.0;-6.0;4.0;AIR
53.0;106.0;226.0;505.0;109.0;214.0;62.0;126.0;268.0;576.0;120.0;226.0;-1.0;9.0;1.0;3.0;AIR
62.0;123.0;262.0;580.0;124.0;241.0;69.0;140.0;295.0;632.0;130.0;248.0;-5.0;9.0;6.0;3.0;AIR
66.0;132.0;281.0;626.0;135.0;261.0;71.0;148.0;317.0;681.0;141.0;266.0;-1.0;2.0;6.0;6.0;AIR
70.0;141.0;301.0;667.0;142.0;276.0;76.0;156.0;333.0;713.0;149.0;277.0;1.0;3.0;2.0;0.0;AIR
72.0;146.0;314.0;698.0;149.0;288.0;79.0;163.0;346.0;744.0;154.0;289.0;5.0;3.0;-2.0;6.0;AIR
77.0;154.0;330.0;730.0;156.0;302.0;84.0;174.0;367.0;786.0;163.0;306.0;1.0;3.0;-3.0;0.0;AIR
81.0;163.0;348.0;765.0;163.0;312.0;86.0;176.0;372.0;801.0;164.0;309.0;1.0;4.0;-2.0;4.0;AIR
79.0;159.0;339.0;753.0;162.0;310.0;87.0;179.0;378.0;802.0;163.0;310.0;1.0;4.0;-2.0;3.0;AIR
79.0;161.0;345.0;765.0;161.0;313.0;87.0;177.0;376.0;806.0;166.0;311.0;-3.0;4.0;-3.0;3.0;AIR
81.0;162.0;347.0;768.0;163.0;315.0;87.0;180.0;377.0;814.0;167.0;315.0;-3.0;4.0;-5.0;0.0;AIR
80.0;161.0;345.0;764.0;164.0;315.0;86.0;178.0;378.0;814.0;167.0;315.0;-3.0;3.0;-1.0;0.0;AIR
82.0;164.0;351.0;782.0;166.0;322.0;91.0;187.0;393.0;840.0;172.0;324.0;-3.0;3.0;-3.0;0.0;AIR
85.0;170.0;364.0;806.0;172.0;330.0;92.0;189.0;400.0;856.0;176.0;329.0;-3.0;5.0;-3.0;0.0;AIR
87.0;174.0;372.0;822.0;175.0;335.0;95.0;192.0;406.0;867.0;180.0;334.0;-2.0;16.0;-3.0;3.0;AIR
88.0;177.0;378.0;831.0;177.0;340.0;96.0;196.0;411.0;885.0;181.0;338.0;-1.0;10.0;-3.0;3.0;AIR
89.0;177.0;380.0;837.0;178.0;341.0;94.0;194.0;417.0;889.0;182.0;340.0;-1.0;13.0;-3.0;3.0;AIR
88.0;176.0;380.0;837.0;177.0;340.0;95.0;197.0;413.0;885.0;181.0;339.0;-1.0;10.0;-1.0;2.0;AIR
88.0;177.0;376.0;829.0;177.0;337.0;95.0;195.0;407.0;874.0;179.0;336.0;-1.0;18.0;1.0;2.0;AIR
85.0;173.0;372.0;819.0;174.0;334.0;92.0;191.0;402.0;865.0;179.0;333.0;1.0;6.0;1.0;2.0;AIR
86.0;174.0;373.0;823.0;174.0;335.0;97.0;195.0;413.0;879.0;180.0;335.0;-3.0;6.0;1.0;1.0;AIR
89.0;179.0;381.0;839.0;177.0;338.0;94.0;196.0;413.0;882.0;181.0;340.0;1.0;8.0;1.0;-1.0;AIR
88.0;177.0;380.0;837.0;177.0;338.0;94.0;193.0;409.0;875.0;180.0;336.0;5.0;5.0;6.0;-1.0;AIR
86.0;173.0;370.0;823.0;176.0;337.0;96.0;197.0;414.0;876.0;179.0;335.0;12.0;5.0;10.0;-1.0;AIR
87.0;176.0;375.0;830.0;176.0;337.0;95.0;196.0;413.0;878.0;179.0;338.0;9.0;5.0;6.0;0.0;AIR
88.0;177.0;378.0;832.0;177.0;337.0;95.0;194.0;405.0;873.0;179.0;339.0;8.0;7.0;5.0;1.0;AIR
88.0;178.0;379.0;831.0;177.0;338.0;95.0;194.0;412.0;878.0;179.0;337.0;-2.0;9.0;1.0;4.0;AIR
88.0;178.0;379.0;829.0;177.0;338.0;95.0;194.0;410.0;874.0;180.0;339.0;-2.0;12.0;-1.0;4.0;AIR
88.0;176.0;375.0;827.0;175.0;335.0;94.0;192.0;407.0;869.0;176.0;332.0;-2.0;12.0;-3.0;4.0;AIR
87.0;176.0;375.0;826.0;174.0;336.0;96.0;193.0;408.0;868.0;178.0;333.0;-2.0;2.0;-5.0;-3.0;AIR
87.0;175.0;373.0;824.0;174.0;334.0;94.0;192.0;405.0;858.0;177.0;333.0;2.0;2.0;-5.0;-3.0;AIR
86.0;174.0;372.0;820.0;175.0;334.0;96.0;194.0;406.0;866.0;177.0;331.0;2.0;2.0;-5.0;-5.0;AIR
84.0;169.0;363.0;800.0;170.0;328.0;92.0;189.0;398.0;853.0;174.0;326.0;2.0;12.0;-2.0;-6.0;AIR
83.0;167.0;357.0;792.0;169.0;324.0;93.0;189.0;393.0;838.0;172.0;321.0;4.0;12.0;-1.0;-6.0;AIR
82.0;166.0;357.0;789.0;167.0;322.0;91.0;186.0;396.0;841.0;171.0;322.0;5.0;6.0;4.0;-4.0;AIR
85.0;171.0;366.0;804.0;171.0;328.0;92.0;189.0;400.0;855.0;176.0;328.0;4.0;7.0;-1.0;-4.0;AIR
86.0;172.0;370.0;817.0;173.0;330.0;91.0;189.0;401.0;858.0;176.0;329.0;7.0;7.0;4.0;-4.0;AIR
85.0;170.0;365.0;809.0;172.0;329.0;94.0;193.0;407.0;865.0;175.0;328.0;4.0;14.0;6.0;-4.0;AIR
86.0;173.0;371.0;813.0;172.0;330.0;94.0;193.0;402.0;858.0;176.0;329.0;1.0;7.0;7.0;-3.0;AIR
86.0;173.0;368.0;812.0;171.0;329.0;91.0;190.0;403.0;863.0;176.0;330.0;1.0;7.0;6.0;-6.0;AIR
88.0;176.0;374.0;819.0;173.0;329.0;93.0;191.0;402.0;856.0;175.0;327.0;1.0;10.0;9.0;-6.0;AIR
84.0;169.0;362.0;797.0;169.0;323.0;90.0;189.0;395.0;848.0;172.0;321.0;1.0;3.0;6.0;-3.0;AIR
83.0;168.0;359.0;792.0;169.0;322.0;91.0;187.0;391.0;836.0;173.0;323.0;-1.0;11.0;2.0;-3.0;AIR
84.0;170.0;364.0;804.0;169.0;324.0;91.0;188.0;394.0;844.0;174.0;325.0;-2.0;4.0;2.0;-3.0;AIR
83.0;169.0;361.0;793.0;168.0;323.0;91.0;185.0;388.0;835.0;172.0;322.0;-2.0;4.0;2.0;-3.0;AIR
83.0;168.0;359.0;792.0;168.0;323.0;93.0;188.0;394.0;840.0;171.0;319.0;-2.0;4.0;2.0;-4.0;AIR
83.0;166.0;355.0;784.0;167.0;320.0;88.0;184.0;387.0;830.0;169.0;320.0;-5.0;6.0;2.0;-4.0;AIR
83.0;167.0;354.0;782.0;166.0;317.0;90.0;182.0;389.0;827.0;169.0;315.0;-5.0;10.0;5.0;-3.0;AIR
81.0;164.0;351.0;774.0;165.0;317.0;89.0;183.0;387.0;829.0;170.0;317.0;-2.0;6.0;2.0;-3.0;AIR
84.0;170.0;361.0;795.0;167.0;322.0;89.0;183.0;390.0;836.0;171.0;323.0;-2.0;6.0;5.0;-3.0;AIR
85.0;171.0;363.0;805.0;169.0;322.0;91.0;186.0;394.0;840.0;173.0;322.0;-2.0;0.0;5.0;-3.0;AIR
84.0;170.0;360.0;794.0;168.0;320.0;90.0;183.0;388.0;831.0;169.0;321.0;-2.0;0.0;2.0;-4.0;AIR
83.0;167.0;357.0;789.0;168.0;321.0;89.0;184.0;389.0;831.0;170.0;320.0;-2.0;1.0;2.0;-4.0;AIR
84.0;169.0;361.0;791.0;167.0;322.0;90.0;183.0;389.0;827.0;169.0;318.0;-1.0;1.0;6.0;-6.0;AIR
81.0;163.0;348.0;769.0;163.0;314.0;88.0;181.0;381.0;811.0;166.0;312.0;-1.0;6.0;0.0;-5.0;AIR
79.0;160.0;343.0;757.0;161.0;310.0;87.0;178.0;373.0;799.0;165.0;310.0;5.0;8.0;6.0;-6.0;AIR
80.0;162.0;348.0;766.0;163.0;311.0;86.0;179.0;378.0;810.0;167.0;315.0;5.0;6.0;6.0;-6.0;AIR
82.0;165.0;351.0;778.0;165.0;318.0;88.0;181.0;387.0;824.0;169.0;318.0;7.0;8.0;6.0;-6.0;AIR
83.0;168.0;357.0;784.0;166.0;318.0;91.0;184.0;387.0;824.0;168.0;316.0;5.0;11.0;6.0;-6.0;AIR
82.0;165.0;353.0;779.0;165.0;319.0;90.0;185.0;391.0;828.0;169.0;317.0;5.0;9.0;6.0;-8.0;AIR
83.0;168.0;357.0;787.0;165.0;318.0;88.0;183.0;387.0;825.0;169.0;318.0;1.0;7.0;7.0;-8.0;AIR
83.0;166.0;356.0;778.0;165.0;317.0;89.0;183.0;385.0;824.0;169.0;315.0;1.0;6.0;7.0;-8.0;AIR
81.0;163.0;349.0;765.0;164.0;313.0;87.0;178.0;380.0;812.0;168.0;316.0;1.0;6.0;7.0;-8.0;AIR
84.0;168.0;361.0;794.0;168.0;321.0;87.0;183.0;387.0;831.0;171.0;320.0;1.0;6.0;14.0;-4.0;AIR
85.0;171.0;365.0;803.0;170.0;325.0;93.0;190.0;395.0;842.0;172.0;323.0;0.0;9.0;8.0;-2.0;AIR
85.0;173.0;368.0;808.0;171.0;328.0;93.0;189.0;399.0;858.0;175.0;327.0;-1.0;5.0;8.0;2.0;AIR
84.0;169.0;363.0;800.0;170.0;324.0;91.0;190.0;398.0;849.0;172.0;321.0;-3.0;7.0;2.0;2.0;AIR
82.0;167.0;356.0;787.0;167.0;320.0;90.0;186.0;392.0;834.0;170.0;319.0;-3.0;5.0;2.0;-1.0;AIR
81.0;164.0;352.0;775.0;164.0;313.0;86.0;179.0;376.0;805.0;166.0;313.0;-3.0;7.0;2.0;-1.0;AIR
79.0;159.0;341.0;755.0;161.0;310.0;84.0;177.0;372.0;794.0;163.0;308.0;1.0;5.0;2.0;-3.0;AIR
77.0;158.0;339.0;750.0;160.0;308.0;86.0;176.0;373.0;800.0;165.0;311.0;2.0;5.0;7.0;-4.0;AIR
81.0;163.0;349.0;775.0;163.0;315.0;88.0;181.0;383.0;814.0;168.0;316.0;1.0;3.0;5.0;-8.0;AIR
84.0;168.0;360.0;789.0;167.0;320.0;90.0;187.0;390.0;831.0;171.0;318.0;1.0;5.0;6.0;-6.0;AIR
81.0;163.0;349.0;771.0;164.0;315.0;87.0;179.0;379.0;810.0;166.0;312.0;-3.0;10.0;6.0;-6.0;AIR
80.0;163.0;347.0;768.0;163.0;313.0;88.0;180.0;379.0;813.0;167.0;312.0;-3.0;15.0;20.0;-6.0;AIR
79.0;158.0;340.0;756.0;161.0;311.0;86.0;178.0;375.0;800.0;165.0;309.0;-3.0;9.0;13.0;-6.0;AIR
80.0;161.0;343.0;763.0;162.0;312.0;87.0;178.0;376.0;809.0;166.0;311.0;-2.0;8.0;13.0;-4.0;AIR
82.0;165.0;355.0;778.0;165.0;316.0;87.0;181.0;383.0;822.0;168.0;316.0;-2.0;9.0;6.0;-4.0;AIR
83.0;166.0;354.0;785.0;166.0;319.0;91.0;187.0;389.0;824.0;169.0;317.0;2.0;4.0;4.0;-4.0;AIR
81.0;164.0;354.0;779.0;165.0;317.0;89.0;182.0;384.0;819.0;167.0;315.0;-2.0;4.0;4.0;-2.0;AIR
80.0;162.0;349.0;766.0;162.0;311.0;85.0;176.0;374.0;798.0;165.0;308.0;2.0;11.0;7.0;-2.0;AIR
78.0;157.0;337.0;745.0;158.0;303.0;84.0;170.0;360.0;776.0;160.0;301.0;4.0;10.0;1.0;-5.0;AIR
76.0;154.0;330.0;734.0;156.0;301.0;83.0;174.0;364.0;787.0;162.0;304.0;4.0;4.0;1.0;-1.0;AIR
79.0;159.0;340.0;747.0;157.0;302.0;82.0;171.0;361.0;772.0;159.0;298.0;4.0;4.0;6.0;-5.0;AIR
77.0;154.0;330.0;727.0;154.0;300.0;84.0;171.0;356.0;762.0;158.0;297.0;6.0;4.0;6.0;-5.0;AIR
76.0;153.0;328.0;722.0;153.0;295.0;80.0;167.0;358.0;762.0;157.0;294.0;4.0;4.0;13.0;-5.0;AIR
74.0;149.0;320.0;711.0;152.0;293.0;81.0;165.0;349.0;748.0;154.0;292.0;2.0;4.0;6.0;-5.0;AIR
74.0;149.0;322.0;715.0;152.0;295.0;81.0;169.0;356.0;764.0;158.0;297.0;4.0;3.0;14.0;-8.0;AIR
77.0;154.0;332.0;734.0;156.0;299.0;84.0;173.0;363.0;776.0;159.0;299.0;4.0;4.0;14.0;-5.0;AIR
77.0;155.0;330.0;726.0;155.0;298.0;83.0;171.0;363.0;774.0;159.0;298.0;7.0;3.0;18.0;-4.0;AIR
77.0;155.0;332.0;733.0;157.0;301.0;82.0;172.0;363.0;776.0;160.0;301.0;8.0;4.0;14.0;-2.0;AIR
77.0;156.0;332.0;730.0;155.0;298.0;80.0;167.0;354.0;763.0;157.0;296.0;7.0;4.0;8.0;-2.0;AIR
75.0;152.0;327.0;720.0;154.0;296.0;81.0;169.0;358.0;764.0;157.0;295.0;10.0;4.0;9.0;-2.0;AIR
76.0;152.0;325.0;720.0;153.0;294.0;82.0;168.0;356.0;765.0;157.0;296.0;4.0;4.0;11.0;-2.0;AIR
78.0;156.0;336.0;741.0;156.0;300.0;81.0;168.0;360.0;773.0;160.0;298.0;4.0;8.0;14.0;-8.0;AIR
75.0;152.0;328.0;729.0;155.0;297.0;82.0;170.0;361.0;775.0;159.0;298.0;4.0;4.0;9.0;-8.0;AIR
78.0;155.0;333.0;738.0;155.0;298.0;81.0;168.0;356.0;765.0;157.0;296.0;8.0;4.0;9.0;-8.0;AIR
75.0;151.0;325.0;720.0;153.0;295.0;82.0;168.0;357.0;761.0;156.0;294.0;9.0;8.0;4.0;-7.0;AIR
73.0;148.0;319.0;705.0;152.0;291.0;78.0;162.0;346.0;744.0;155.0;292.0;-1.0;4.0;4.0;-7.0;AIR
72.0;146.0;314.0;700.0;150.0;289.0;77.0;161.0;342.0;736.0;153.0;287.0;-1.0;7.0;4.0;0.0;AIR
71.0;144.0;312.0;692.0;148.0;287.0;78.0;162.0;345.0;739.0;152.0;286.0;-4.0;7.0;9.0;-7.0;AIR
71.0;144.0;312.0;697.0;149.0;287.0;79.0;163.0;348.0;743.0;153.0;288.0;-4.0;0.0;6.0;-7.0;AIR
72.0;147.0;318.0;701.0;150.0;290.0;80.0;165.0;349.0;747.0;154.0;290.0;-1.0;4.0;5.0;-4.0;AIR
73.0;148.0;320.0;707.0;151.0;293.0;81.0;166.0;351.0;752.0;155.0;291.0;-1.0;4.0;8.0;-9.0;AIR
74.0;149.0;320.0;713.0;151.0;292.0;79.0;164.0;348.0;756.0;156.0;293.0;8.0;0.0;14.0;-11.0;AIR
75.0;151.0;324.0;720.0;152.0;293.0;80.0;166.0;352.0;756.0;157.0;293.0;6.0;6.0;8.0;-9.0;AIR
75.0;152.0;328.0;728.0;155.0;299.0;84.0;170.0;361.0;772.0;159.0;297.0;7.0;4.0;12.0;-9.0;AIR
76.0;154.0;331.0;736.0;156.0;300.0;82.0;171.0;363.0;777.0;159.0;300.0;6.0;4.0;12.0;-9.0;AIR
77.0;156.0;335.0;741.0;158.0;302.0;83.0;170.0;363.0;780.0;161.0;302.0;7.0;6.0;17.0;-6.0;AIR
77.0;156.0;334.0;741.0;158.0;304.0;83.0;171.0;361.0;783.0;161.0;304.0;7.0;3.0;22.0;-3.0;AIR
79.0;160.0;341.0;752.0;160.0;307.0;86.0;179.0;373.0;793.0;163.0;307.0;7.0;3.0;17.0;-3.0;AIR
79.0;159.0;341.0;755.0;160.0;308.0;85.0;175.0;371.0;800.0;164.0;309.0;10.0;1.0;17.0;-3.0;AIR
78.0;158.0;340.0;753.0;160.0;309.0;85.0;177.0;372.0;795.0;164.0;307.0;6.0;3.0;14.0;-8.0;AIR
78.0;157.0;338.0;747.0;159.0;305.0;85.0;173.0;365.0;779.0;161.0;304.0;6.0;1.0;15.0;-8.0;AIR
77.0;155.0;332.0;736.0;155.0;303.0;83.0;172.0;364.0;782.0;161.0;303.0;6.0;3.0;14.0;-8.0;AIR
76.0;155.0;333.0;739.0;156.0;302.0;84.0;171.0;365.0;780.0;160.0;302.0;5.0;5.0;14.0;-8.0;AIR
78.0;157.0;335.0;742.0;158.0;302.0;84.0;174.0;364.0;779.0;160.0;301.0;5.0;8.0;22.0;-9.0;AIR
76.0;155.0;331.0;737.0;156.0;303.0;84.0;173.0;366.0;783.0;161.0;304.0;3.0;8.0;12.0;-9.0;AIR
78.0;158.0;335.0;740.0;157.0;305.0;85.0;171.0;364.0;783.0;161.0;303.0;3.0;9.0;8.0;-9.0;AIR
79.0;159.0;338.0;747.0;158.0;307.0;85.0;174.0;369.0;787.0;163.0;306.0;1.0;8.0;8.0;-9.0;AIR
78.0;158.0;340.0;746.0;159.0;303.0;84.0;174.0;369.0;785.0;162.0;304.0;-5.0;8.0;6.0;-9.0;AIR
77.0;156.0;334.0;735.0;157.0;302.0;81.0;170.0;357.0;770.0;161.0;299.0;-5.0;5.0;6.0;-8.0;AIR
74.0;152.0;325.0;725.0;155.0;299.0;81.0;167.0;354.0;762.0;158.0;300.0;-1.0;9.0;13.0;-8.0;AIR
77.0;154.0;332.0;734.0;157.0;301.0;83.0;170.0;361.0;774.0;159.0;300.0;-1.0;4.0;13.0;-9.0;AIR
74.0;150.0;325.0;721.0;155.0;300.0;83.0;169.0;364.0;780.0;160.0;303.0;-1.0;5.0;17.0;-11.0;AIR
79.0;159.0;340.0;752.0;159.0;305.0;84.0;173.0;366.0;786.0;162.0;304.0;-1.0;4.0;16.0;-11.0;AIR
78.0;158.0;339.0;750.0;159.0;306.0;86.0;179.0;375.0;800.0;164.0;307.0;-1.0;5.0;17.0;-11.0;AIR
81.0;162.0;347.0;767.0;163.0;312.0;86.0;177.0;373.0;806.0;166.0;311.0;1.0;9.0;14.0;-12.0;AIR
82.0;166.0;354.0;779.0;166.0;317.0;88.0;184.0;386.0;828.0;170.0;316.0;-4.0;8.0;3.0;-9.0;AIR
84.0;169.0;362.0;797.0;169.0;320.0;89.0;185.0;391.0;838.0;171.0;320.0;-4.0;3.0;3.0;-8.0;AIR
85.0;171.0;366.0;802.0;170.0;325.0;90.0;185.0;394.0;843.0;175.0;325.0;-1.0;3.0;13.0;-9.0;AIR
87.0;176.0;375.0;822.0;175.0;332.0;95.0;192.0;404.0;868.0;178.0;333.0;1.0;-1.0;13.0;-8.0;AIR
88.0;177.0;379.0;831.0;175.0;336.0;96.0;195.0;414.0;882.0;180.0;335.0;-1.0;-1.0;16.0;-6.0;AIR
88.0;179.0;382.0;841.0;178.0;340.0;95.0;195.0;412.0;879.0;179.0;334.0;-1.0;-1.0;9.0;-6.0;AIR
87.0;175.0;375.0;828.0;176.0;335.0;93.0;191.0;408.0;865.0;177.0;332.0;-1.0;5.0;9.0;-6.0;AIR
87.0;175.0;374.0;823.0;174.0;336.0;94.0;193.0;406.0;875.0;179.0;335.0;-2.0;5.0;7.0;-6.0;AIR
88.0;176.0;379.0;831.0;177.0;337.0;94.0;195.0;410.0;881.0;181.0;338.0;-2.0;6.0;11.0;-4.0;AIR
89.0;181.0;385.0;846.0;178.0;339.0;96.0;197.0;417.0;891.0;182.0;339.0;-2.0;10.0;7.0;-5.0;AIR
89.0;178.0;382.0;842.0;178.0;338.0;95.0;195.0;412.0;877.0;179.0;336.0;-1.0;11.0;7.0;-6.0;AIR
88.0;178.0;379.0;834.0;177.0;339.0;97.0;197.0;420.0;894.0;183.0;341.0;-2.0;6.0;3.0;-5.0;AIR
90.0;181.0;387.0;855.0;180.0;343.0;99.0;204.0;423.0;901.0;185.0;341.0;-1.0;6.0;7.0;-4.0;AIR
94.0;186.0;395.0;866.0;183.0;345.0;99.0;203.0;424.0;908.0;183.0;346.0;-2.0;1.0;3.0;-5.0;AIR
92.0;185.0;395.0;866.0;182.0;346.0;99.0;203.0;431.0;913.0;185.0;344.0;-1.0;1.0;7.0;-7.0;AIR
91.0;183.0;390.0;855.0;179.0;342.0;95.0;198.0;415.0;892.0;182.0;337.0;-3.0;1.0;6.0;-8.0;AIR
90.0;180.0;384.0;840.0;177.0;337.0;95.0;195.0;415.0;887.0;180.0;335.0;2.0;1.0;7.0;-8.0;AIR
90.0;179.0;381.0;837.0;177.0;337.0;96.0;197.0;412.0;883.0;179.0;336.0;1.0;1.0;6.0;-10.0;AIR
89.0;178.0;382.0;838.0;177.0;334.0;95.0;194.0;410.0;873.0;178.0;333.0;4.0;2.0;16.0;-8.0;AIR
88.0;176.0;376.0;827.0;175.0;334.0;95.0;195.0;406.0;874.0;179.0;334.0;1.0;2.0;17.0;-6.0;AIR
89.0;178.0;379.0;834.0;175.0;335.0;96.0;198.0;415.0;880.0;179.0;334.0;2.0;10.0;15.0;-3.0;AIR
88.0;178.0;378.0;827.0;175.0;335.0;94.0;195.0;410.0;873.0;178.0;334.0;1.0;6.0;6.0;-3.0;AIR
88.0;176.0;375.0;824.0;175.0;332.0;94.0;194.0;410.0;872.0;177.0;330.0;-1.0;7.0;8.0;-3.0;AIR
87.0;175.0;374.0;815.0;173.0;328.0;91.0;188.0;397.0;851.0;173.0;326.0;-1.0;6.0;6.0;-1.0;AIR
84.0;169.0;361.0;799.0;169.0;325.0;90.0;188.0;394.0;842.0;173.0;323.0;1.0;9.0;8.0;-1.0;AIR
84.0;169.0;361.0;796.0;168.0;321.0;92.0;187.0;393.0;835.0;171.0;319.0;-1.0;3.0;11.0;-1.0;AIR
82.0;166.0;355.0;778.0;165.0;317.0;88.0;181.0;383.0;821.0;167.0;315.0;1.0;3.0;17.0;-4.0;AIR
82.0;164.0;351.0;772.0;164.0;314.0;86.0;179.0;384.0;816.0;168.0;313.0;1.0;3.0;15.0;-5.0;AIR
80.0;161.0;345.0;763.0;162.0;312.0;87.0;178.0;374.0;808.0;165.0;309.0;0.0;2.0;16.0;-7.0;AIR
78.0;158.0;339.0;748.0;158.0;303.0;83.0;171.0;364.0;774.0;159.0;300.0;0.0;3.0;5.0;-7.0;AIR
74.0;151.0;324.0;720.0;154.0;296.0;80.0;165.0;352.0;756.0;155.0;296.0;0.0;2.0;6.0;-8.0;AIR
75.0;150.0;323.0;719.0;154.0;297.0;82.0;168.0;359.0;770.0;159.0;300.0;0.0;5.0;12.0;-8.0;AIR
78.0;158.0;337.0;744.0;159.0;305.0;85.0;173.0;370.0;789.0;163.0;304.0;0.0;2.0;11.0;-8.0;AIR
79.0;159.0;341.0;754.0;160.0;307.0;87.0;179.0;376.0;802.0;163.0;308.0;-5.0;5.0;4.0;-8.0;AIR
80.0;162.0;347.0;764.0;162.0;309.0;85.0;178.0;374.0;797.0;164.0;307.0;-5.0;2.0;4.0;-9.0;AIR
79.0;161.0;341.0;752.0;159.0;309.0;86.0;177.0;374.0;798.0;164.0;305.0;-5.0;6.0;1.0;-9.0;AIR
78.0;158.0;337.0;747.0;160.0;308.0;86.0;177.0;378.0;805.0;167.0;311.0;-5.0;6.0;1.0;-9.0;AIR
83.0;166.0;353.0;779.0;165.0;314.0;88.0;180.0;379.0;812.0;167.0;312.0;-4.0;8.0;11.0;-6.0;AIR
81.0;163.0;349.0;772.0;164.0;314.0;87.0;180.0;382.0;816.0;167.0;315.0;0.0;5.0;11.0;-6.0;AIR
79.0;160.0;343.0;755.0;162.0;312.0;87.0;181.0;381.0;816.0;168.0;313.0;0.0;5.0;13.0;-5.0;AIR
81.0;163.0;347.0;772.0;164.0;312.0;86.0;179.0;375.0;813.0;167.0;312.0;0.0;5.0;6.0;-5.0;AIR
82.0;164.0;351.0;775.0;164.0;316.0;88.0;179.0;379.0;814.0;167.0;318.0;0.0;4.0;8.0;-5.0;AIR
83.0;167.0;358.0;788.0;167.0;322.0;91.0;186.0;394.0;839.0;171.0;320.0;-1.0;7.0;6.0;-3.0;AIR
82.0;165.0;355.0;787.0;166.0;318.0;89.0;184.0;385.0;825.0;168.0;318.0;-1.0;3.0;8.0;-3.0;AIR
81.0;162.0;345.0;762.0;161.0;310.0;85.0;173.0;368.0;784.0;161.0;303.0;-1.0;3.0;12.0;-5.0;AIR
75.0;152.0;329.0;731.0;158.0;304.0;84.0;174.0;369.0;794.0;163.0;306.0;-1.0;3.0;22.0;-5.0;AIR
80.0;162.0;348.0;772.0;163.0;313.0;87.0;179.0;378.0;815.0;168.0;315.0;-1.0;2.0;10.0;-8.0;AIR
81.0;163.0;350.0;768.0;163.0;313.0;87.0;180.0;379.0;813.0;168.0;314.0;-1.0;2.0;10.0;-10.0;AIR
79.0;162.0;346.0;764.0;163.0;311.0;84.0;175.0;372.0;802.0;165.0;311.0;-1.0;2.0;10.0;-10.0;AIR
79.0;161.0;346.0;765.0;163.0;314.0;85.0;177.0;378.0;813.0;166.0;314.0;-1.0;2.0;5.0;-10.0;AIR
81.0;164.0;352.0;775.0;165.0;318.0;87.0;180.0;381.0;818.0;168.0;314.0;-1.0;1.0;5.0;-10.0;AIR
81.0;163.0;350.0;774.0;165.0;316.0;86.0;180.0;381.0;822.0;168.0;320.0;1.0;2.0;11.0;-8.0;AIR
80.0;162.0;349.0;774.0;165.0;318.0;88.0;180.0;384.0;819.0;170.0;318.0;5.0;6.0;11.0;-7.0;AIR
82.0;164.0;352.0;780.0;166.0;320.0;90.0;185.0;391.0;829.0;171.0;322.0;4.0;7.0;15.0;-5.0;AIR
82.0;167.0;357.0;788.0;167.0;320.0;89.0;180.0;383.0;819.0;171.0;318.0;5.0;8.0;12.0;-5.0;AIR
82.0;164.0;352.0;776.0;164.0;315.0;87.0;178.0;374.0;803.0;166.0;311.0;4.0;5.0;12.0;-4.0;AIR
78.0;159.0;341.0;752.0;161.0;311.0;85.0;176.0;372.0;797.0;165.0;309.0;5.0;10.0;11.0;-4.0;AIR
79.0;160.0;344.0;760.0;163.0;311.0;84.0;175.0;375.0;804.0;166.0;310.0;4.0;6.0;11.0;-4.0;AIR
78.0;160.0;343.0;757.0;162.0;314.0;87.0;179.0;380.0;818.0;167.0;316.0;4.0;6.0;6.0;-4.0;AIR
84.0;169.0;362.0;800.0;171.0;328.0;90.0;188.0;399.0;858.0;176.0;329.0;-6.0;3.0;6.0;-4.0;AIR
86.0;174.0;371.0;820.0;173.0;333.0;93.0;189.0;404.0;860.0;177.0;330.0;1.0;-1.0;6.0;-4.0;AIR
84.0;171.0;367.0;810.0;172.0;330.0;91.0;191.0;401.0;857.0;176.0;328.0;-6.0;-1.0;3.0;-5.0;AIR
86.0;172.0;369.0;813.0;172.0;330.0;91.0;187.0;397.0;843.0;173.0;327.0;-6.0;-1.0;1.0;-5.0;AIR
81.0;164.0;352.0;780.0;166.0;320.0;90.0;185.0;390.0;832.0;172.0;320.0;-7.0;1.0;2.0;-5.0;AIR
79.0;160.0;345.0;768.0;164.0;317.0;87.0;181.0;383.0;821.0;168.0;318.0;-6.0;2.0;2.0;-5.0;AIR
80.0;161.0;347.0;767.0;164.0;315.0;87.0;181.0;380.0;817.0;168.0;316.0;-7.0;2.0;2.0;-5.0;AIR
80.0;164.0;353.0;780.0;166.0;319.0;88.0;183.0;388.0;827.0;172.0;324.0;-7.0;2.0;2.0;-5.0;AIR
86.0;172.0;370.0;822.0;174.0;334.0;92.0;191.0;400.0;851.0;171.0;317.0;3.0;2.0;46.0;-14.0;AIR
57.0;116.0;253.0;569.0;123.0;246.0;61.0;125.0;261.0;567.0;117.0;226.0;6.0;4.0;39.0;-14.0;AIR
38.0;80.0;180.0;420.0;95.0;197.0;50.0;104.0;214.0;467.0;97.0;191.0;3.0;4.0;42.0;-14.0;AIR
32.0;69.0;156.0;369.0;85.0;177.0;46.0;98.0;210.0;462.0;99.0;194.0;3.0;7.0;10.0;-5.0;AIR
47.0;95.0;211.0;481.0;107.0;215.0;60.0;126.0;269.0;581.0;121.0;235.0;3.0;8.0;3.0;-2.0;AIR
62.0;126.0;269.0;600.0;130.0;256.0;71.0;146.0;313.0;676.0;140.0;265.0;-5.0;3.0;1.0;-2.0;AIR
71.0;142.0;303.0;669.0;144.0;279.0;76.0;161.0;341.0;730.0;151.0;284.0;3.0;3.0;1.0;2.0;AIR
76.0;153.0;326.0;723.0;154.0;297.0;82.0;171.0;361.0;771.0;159.0;299.0;3.0;2.0;1.0;1.0;AIR
79.0;158.0;338.0;748.0;159.0;305.0;84.0;173.0;368.0;788.0;161.0;303.0;3.0;4.0;4.0;2.0;AIR
79.0;157.0;337.0;743.0;159.0;307.0;84.0;174.0;369.0;795.0;164.0;310.0;4.0;6.0;6.0;1.0;AIR
81.0;164.0;351.0;778.0;166.0;319.0;89.0;183.0;385.0;833.0;171.0;322.0;6.0;9.0;4.0;2.0;AIR
87.0;175.0;374.0;821.0;174.0;333.0;93.0;193.0;406.0;866.0;179.0;335.0;2.0;6.0;0.0;2.0;AIR
90.0;180.0;384.0;848.0;180.0;343.0;97.0;199.0;420.0;904.0;183.0;342.0;-3.0;5.0;-6.0;2.0;AIR
90.0;182.0;389.0;850.0;179.0;343.0;97.0;199.0;418.0;891.0;182.0;340.0;-3.0;9.0;-6.0;9.0;AIR
88.0;178.0;382.0;841.0;178.0;340.0;96.0;196.0;413.0;874.0;180.0;339.0;2.0;5.0;-5.0;6.0;AIR
89.0;178.0;380.0;835.0;178.0;340.0;96.0;195.0;413.0;874.0;178.0;335.0;3.0;5.0;-2.0;6.0;AIR
86.0;173.0;369.0;820.0;174.0;334.0;93.0;192.0;405.0;874.0;178.0;334.0;4.0;6.0;-2.0;-1.0;AIR
86.0;175.0;375.0;831.0;175.0;335.0;93.0;195.0;406.0;864.0;177.0;334.0;3.0;6.0;2.0;-2.0;AIR
85.0;172.0;368.0;811.0;172.0;331.0;91.0;188.0;403.0;860.0;175.0;329.0;3.0;8.0;1.0;-2.0;AIR
83.0;168.0;362.0;801.0;170.0;327.0;90.0;189.0;396.0;855.0;178.0;333.0;0.0;7.0;2.0;-3.0;AIR
86.0;172.0;369.0;817.0;175.0;337.0;92.0;193.0;410.0;878.0;181.0;338.0;0.0;7.0;3.0;-3.0;AIR
90.0;181.0;386.0;850.0;179.0;342.0;97.0;200.0;422.0;896.0;183.0;339.0;0.0;8.0;6.0;-4.0;AIR
90.0;181.0;386.0;845.0;178.0;339.0;96.0;197.0;418.0;891.0;183.0;337.0;5.0;13.0;3.0;-4.0;AIR
87.0;176.0;375.0;827.0;174.0;335.0;93.0;191.0;403.0;860.0;177.0;332.0;3.0;5.0;4.0;-4.0;AIR
86.0;174.0;371.0;818.0;174.0;335.0;93.0;191.0;403.0;863.0;177.0;333.0;3.0;6.0;14.0;-4.0;AIR
87.0;175.0;372.0;823.0;174.0;333.0;94.0;193.0;407.0;869.0;178.0;334.0;3.0;6.0;13.0;-4.0;AIR
85.0;171.0;368.0;814.0;172.0;332.0;91.0;188.0;397.0;859.0;175.0;330.0;0.0;11.0;12.0;-2.0;AIR
84.0;170.0;362.0;804.0;170.0;327.0;92.0;188.0;399.0;853.0;175.0;328.0;0.0;17.0;12.0;-4.0;AIR
85.0;172.0;368.0;813.0;172.0;329.0;93.0;189.0;401.0;857.0;175.0;329.0;9.0;7.0;6.0;-3.0;AIR
85.0;172.0;368.0;805.0;171.0;329.0;93.0;188.0;404.0;859.0;177.0;330.0;10.0;10.0;12.0;-3.0;AIR
85.0;172.0;367.0;805.0;170.0;326.0;91.0;187.0;393.0;842.0;173.0;324.0;2.0;7.0;6.0;-6.0;AIR
84.0;169.0;362.0;796.0;168.0;325.0;92.0;187.0;398.0;846.0;173.0;324.0;2.0;3.0;10.0;-8.0;AIR
86.0;171.0;367.0;805.0;170.0;327.0;92.0;192.0;404.0;858.0;175.0;328.0;2.0;3.0;5.0;-6.0;AIR
86.0;175.0;372.0;821.0;173.0;331.0;93.0;192.0;407.0;862.0;176.0;329.0;2.0;3.0;5.0;-6.0;AIR
87.0;176.0;375.0;818.0;174.0;331.0;92.0;190.0;405.0;864.0;178.0;331.0;2.0;3.0;5.0;-9.0;AIR
88.0;177.0;378.0;835.0;175.0;335.0;92.0;191.0;404.0;866.0;178.0;332.0;2.0;6.0;5.0;-6.0;AIR
87.0;175.0;370.0;815.0;173.0;331.0;92.0;188.0;401.0;853.0;174.0;329.0;2.0;5.0;5.0;-6.0;AIR
85.0;172.0;366.0;806.0;171.0;328.0;91.0;186.0;403.0;858.0;176.0;328.0;2.0;5.0;5.0;-6.0;AIR
88.0;177.0;380.0;825.0;173.0;329.0;91.0;190.0;399.0;853.0;175.0;326.0;-1.0;2.0;7.0;-6.0;AIR
84.0;170.0;361.0;795.0;169.0;322.0;91.0;187.0;391.0;838.0;171.0;318.0;-1.0;2.0;7.0;-3.0;AIR
83.0;166.0;355.0;784.0;165.0;318.0;88.0;181.0;384.0;821.0;171.0;319.0;2.0;2.0;10.0;-6.0;AIR
82.0;166.0;354.0;778.0;164.0;313.0;88.0;179.0;378.0;802.0;164.0;309.0;0.0;4.0;13.0;-8.0;AIR
77.0;155.0;332.0;736.0;156.0;303.0;83.0;172.0;362.0;781.0;160.0;301.0;2.0;2.0;26.0;-8.0;AIR
75.0;153.0;328.0;729.0;156.0;301.0;84.0;174.0;366.0;789.0;161.0;304.0;2.0;2.0;20.0;-5.0;AIR
78.0;157.0;338.0;743.0;158.0;303.0;83.0;173.0;366.0;788.0;162.0;304.0;0.0;1.0;16.0;-11.0;AIR
77.0;156.0;334.0;739.0;158.0;306.0;83.0;174.0;369.0;793.0;163.0;306.0;-2.0;1.0;9.0;-11.0;AIR
79.0;160.0;341.0;751.0;159.0;307.0;83.0;173.0;366.0;789.0;162.0;305.0;-2.0;1.0;12.0;-9.0;AIR
78.0;159.0;340.0;747.0;158.0;301.0;82.0;170.0;362.0;776.0;160.0;302.0;-2.0;1.0;10.0;-9.0;AIR
79.0;158.0;339.0;752.0;157.0;303.0;83.0;173.0;365.0;787.0;162.0;304.0;0.0;1.0;19.0;-9.0;AIR
78.0;157.0;336.0;741.0;157.0;302.0;82.0;170.0;362.0;777.0;160.0;302.0;2.0;6.0;9.0;-9.0;AIR
76.0;154.0;329.0;727.0;155.0;297.0;84.0;169.0;361.0;766.0;158.0;296.0;4.0;7.0;21.0;-3.0;AIR
73.0;149.0;321.0;711.0;152.0;292.0;79.0;165.0;354.0;765.0;157.0;297.0;4.0;7.0;15.0;-2.0;AIR
75.0;152.0;328.0;726.0;155.0;298.0;82.0;169.0;358.0;765.0;158.0;299.0;8.0;8.0;15.0;-2.0;AIR
78.0;158.0;338.0;744.0;159.0;304.0;84.0;175.0;369.0;794.0;163.0;305.0;14.0;11.0;20.0;-2.0;AIR
78.0;159.0;339.0;748.0;160.0;305.0;84.0;175.0;371.0;794.0;162.0;308.0;8.0;1.0;15.0;-2.0;AIR
80.0;161.0;344.0;756.0;161.0;307.0;84.0;176.0;370.0;796.0;162.0;304.0;8.0;1.0;32.0;-10.0;AIR
78.0;158.0;338.0;747.0;159.0;305.0;83.0;173.0;365.0;783.0;161.0;303.0;6.0;1.0;19.0;-10.0;AIR
76.0;154.0;333.0;738.0;156.0;302.0;82.0;167.0;358.0;774.0;159.0;300.0;8.0;1.0;19.0;-10.0;AIR
75.0;152.0;327.0;724.0;154.0;296.0;81.0;168.0;357.0;764.0;157.0;295.0;6.0;10.0;21.0;-10.0;AIR
75.0;152.0;330.0;724.0;153.0;297.0;83.0;169.0;362.0;773.0;161.0;300.0;5.0;6.0;14.0;-6.0;AIR
80.0;160.0;345.0;761.0;162.0;313.0;88.0;181.0;383.0;826.0;172.0;321.0;4.0;6.0;14.0;-6.0;AIR
88.0;177.0;376.0;823.0;173.0;328.0;91.0;189.0;402.0;858.0;174.0;327.0;4.0;0.0;14.0;-8.0;AIR
85.0;171.0;365.0;807.0;171.0;322.0;89.0;181.0;387.0;826.0;168.0;318.0;4.0;5.0;19.0;-10.0;AIR
80.0;161.0;347.0;769.0;163.0;312.0;85.0;177.0;374.0;805.0;166.0;313.0;4.0;3.0;15.0;-8.0;AIR
80.0;162.0;347.0;767.0;163.0;313.0;89.0;182.0;383.0;823.0;167.0;314.0;1.0;3.0;12.0;-10.0;AIR
82.0;165.0;356.0;786.0;166.0;318.0;88.0;182.0;387.0;837.0;172.0;318.0;1.0;7.0;12.0;-10.0;AIR
84.0;168.0;358.0;787.0;166.0;318.0;88.0;183.0;385.0;830.0;170.0;316.0;1.0;7.0;12.0;-10.0;AIR
83.0;167.0;358.0;786.0;166.0;318.0;86.0;180.0;384.0;817.0;168.0;315.0;2.0;9.0;12.0;-8.0;AIR
80.0;161.0;348.0;768.0;163.0;315.0;88.0;180.0;378.0;811.0;167.0;313.0;5.0;7.0;18.0;-8.0;AIR
81.0;165.0;353.0;777.0;164.0;314.0;87.0;179.0;378.0;806.0;166.0;311.0;5.0;7.0;11.0;-6.0;AIR
81.0;165.0;351.0;778.0;163.0;315.0;85.0;179.0;379.0;815.0;168.0;315.0;4.0;-3.0;10.0;-6.0;AIR
82.0;166.0;355.0;782.0;166.0;316.0;87.0;181.0;385.0;824.0;169.0;314.0;4.0;-3.0;11.0;-5.0;AIR
83.0;166.0;356.0;779.0;165.0;317.0;87.0;181.0;384.0;826.0;170.0;318.0;3.0;-3.0;17.0;-5.0;AIR
83.0;168.0;359.0;790.0;168.0;321.0;90.0;185.0;390.0;833.0;170.0;319.0;9.0;-3.0;17.0;-5.0;AIR
81.0;163.0;348.0;768.0;163.0;312.0;85.0;176.0;374.0;798.0;163.0;310.0;7.0;4.0;20.0;-5.0;AIR
81.0;163.0;350.0;774.0;165.0;315.0;89.0;183.0;387.0;827.0;168.0;315.0;7.0;4.0;19.0;-6.0;AIR
80.0;163.0;349.0;765.0;162.0;310.0;86.0;175.0;371.0;798.0;165.0;309.0;7.0;4.0;19.0;-6.0;AIR
78.0;159.0;340.0;749.0;159.0;306.0;87.0;176.0;373.0;798.0;164.0;307.0;1.0;3.0;11.0;-6.0;AIR
79.0;159.0;340.0;750.0;158.0;305.0;83.0;171.0;366.0;783.0;161.0;304.0;1.0;3.0;13.0;-5.0;AIR
78.0;158.0;338.0;750.0;160.0;308.0;82.0;173.0;372.0;801.0;166.0;311.0;1.0;1.0;11.0;-5.0;AIR
82.0;167.0;358.0;789.0;167.0;321.0;90.0;182.0;388.0;833.0;171.0;320.0;5.0;0.0;21.0;-5.0;AIR
83.0;169.0;363.0;800.0;169.0;320.0;90.0;189.0;396.0;838.0;171.0;320.0;7.0;3.0;13.0;-6.0;AIR
81.0;166.0;352.0;778.0;165.0;316.0;87.0;181.0;381.0;822.0;169.0;317.0;8.0;-1.0;13.0;-6.0;AIR
83.0;167.0;357.0;782.0;165.0;315.0;87.0;178.0;376.0;810.0;165.0;309.0;1.0;-1.0;9.0;-6.0;AIR
81.0;164.0;350.0;768.0;162.0;310.0;86.0;176.0;377.0;803.0;166.0;311.0;-2.0;2.0;7.0;-7.0;AIR
78.0;159.0;343.0;755.0;162.0;308.0;84.0;175.0;372.0;799.0;164.0;309.0;-2.0;2.0;9.0;-9.0;AIR
81.0;162.0;345.0;763.0;161.0;307.0;84.0;176.0;374.0;799.0;163.0;306.0;1.0;4.0;16.0;-9.0;AIR
79.0;159.0;341.0;748.0;160.0;303.0;82.0;171.0;361.0;783.0;160.0;301.0;2.0;2.0;16.0;-10.0;AIR
77.0;154.0;332.0;734.0;155.0;300.0;81.0;169.0;356.0;769.0;158.0;298.0;3.0;1.0;22.0;-11.0;AIR
75.0;152.0;325.0;718.0;154.0;295.0;80.0;167.0;355.0;763.0;158.0;298.0;5.0;1.0;15.0;-11.0;AIR
77.0;157.0;335.0;738.0;157.0;301.0;83.0;171.0;361.0;779.0;160.0;302.0;3.0;0.0;21.0;-13.0;AIR
78.0;159.0;340.0;753.0;160.0;306.0;85.0;176.0;376.0;800.0;163.0;309.0;3.0;0.0;27.0;-13.0;AIR
83.0;167.0;358.0;784.0;168.0;319.0;89.0;186.0;392.0;839.0;171.0;320.0;3.0;1.0;20.0;-13.0;AIR
87.0;175.0;371.0;816.0;171.0;325.0;92.0;189.0;398.0;848.0;174.0;324.0;3.0;2.0;19.0;-7.0;AIR
87.0;174.0;371.0;812.0;171.0;325.0;93.0;190.0;400.0;853.0;174.0;326.0;3.0;1.0;14.0;-7.0;AIR
86.0;174.0;369.0;804.0;170.0;323.0;92.0;188.0;395.0;843.0;171.0;321.0;3.0;2.0;19.0;-7.0;AIR
84.0;169.0;361.0;794.0;167.0;320.0;90.0;184.0;387.0;825.0;170.0;319.0;-2.0;3.0;15.0;-7.0;AIR
84.0;169.0;360.0;791.0;167.0;318.0;89.0;183.0;388.0;832.0;170.0;319.0;-2.0;5.0;13.0;-7.0;AIR
83.0;168.0;360.0;791.0;168.0;318.0;88.0;182.0;387.0;825.0;169.0;317.0;-3.0;4.0;17.0;-9.0;AIR
83.0;167.0;358.0;788.0;167.0;319.0;90.0;186.0;388.0;828.0;169.0;317.0;-3.0;8.0;16.0;-7.0;AIR
84.0;168.0;358.0;783.0;165.0;318.0;91.0;185.0;387.0;825.0;169.0;317.0;-1.0;5.0;21.0;-9.0;AIR
83.0;168.0;359.0;788.0;166.0;316.0;90.0;182.0;385.0;822.0;167.0;314.0;2.0;7.0;16.0;-9.0;AIR
82.0;167.0;357.0;782.0;166.0;316.0;88.0;180.0;381.0;815.0;168.0;317.0;12.0;5.0;29.0;-10.0;AIR
83.0;168.0;358.0;788.0;165.0;316.0;89.0;184.0;386.0;826.0;169.0;316.0;7.0;3.0;17.0;-12.0;AIR
83.0;166.0;357.0;781.0;166.0;317.0;88.0;180.0;382.0;818.0;169.0;316.0;5.0;3.0;23.0;-12.0;AIR
84.0;169.0;358.0;786.0;166.0;315.0;86.0;179.0;378.0;812.0;167.0;314.0;3.0;3.0;17.0;-11.0;AIR
80.0;164.0;350.0;770.0;163.0;312.0;85.0;178.0;375.0;810.0;166.0;310.0;5.0;4.0;24.0;-12.0;AIR
79.0;161.0;345.0;762.0;162.0;310.0;86.0;178.0;375.0;805.0;165.0;312.0;3.0;8.0;21.0;-12.0;AIR
81.0;165.0;353.0;771.0;163.0;313.0;87.0;180.0;377.0;813.0;167.0;313.0;5.0;4.0;17.0;-12.0;AIR
81.0;165.0;353.0;777.0;164.0;315.0;88.0;182.0;379.0;818.0;166.0;311.0;5.0;6.0;13.0;-12.0;AIR
81.0;163.0;347.0;766.0;162.0;308.0;82.0;175.0;372.0;802.0;164.0;308.0;-1.0;4.0;17.0;-12.0;AIR
79.0;159.0;343.0;757.0;161.0;306.0;84.0;173.0;371.0;786.0;161.0;305.0;-1.0;4.0;9.0;-7.0;AIR
77.0;157.0;335.0;744.0;156.0;300.0;81.0;170.0;360.0;773.0;159.0;299.0;-1.0;7.0;13.0;-7.0;AIR
77.0;155.0;332.0;738.0;158.0;303.0;82.0;174.0;365.0;792.0;163.0;307.0;-1.0;2.0;18.0;-7.0;AIR
81.0;164.0;349.0;769.0;162.0;310.0;87.0;178.0;376.0;805.0;166.0;310.0;-1.0;-2.0;11.0;-7.0;AIR
82.0;166.0;353.0;776.0;164.0;314.0;87.0;182.0;384.0;818.0;168.0;314.0;-4.0;-2.0;16.0;-8.0;AIR
83.0;167.0;360.0;788.0;167.0;317.0;90.0;185.0;386.0;828.0;170.0;319.0;3.0;-1.0;16.0;-10.0;AIR
85.0;171.0;365.0;802.0;169.0;321.0;89.0;182.0;389.0;835.0;172.0;319.0;7.0;-1.0;22.0;-12.0;AIR
84.0;170.0;363.0;793.0;167.0;320.0;89.0;183.0;387.0;826.0;169.0;317.0;7.0;1.0;21.0;-13.0;AIR
84.0;169.0;358.0;789.0;166.0;319.0;88.0;183.0;386.0;825.0;168.0;316.0;7.0;1.0;25.0;-13.0;AIR
82.0;167.0;358.0;786.0;166.0;316.0;88.0;182.0;383.0;827.0;168.0;315.0;12.0;1.0;26.0;-12.0;AIR
82.0;166.0;355.0;783.0;163.0;312.0;87.0;178.0;381.0;812.0;166.0;313.0;12.0;4.0;17.0;-12.0;AIR
83.0;167.0;357.0;790.0;165.0;314.0;86.0;179.0;379.0;819.0;168.0;315.0;12.0;4.0;24.0;-12.0;AIR
84.0;169.0;360.0;789.0;166.0;316.0;87.0;181.0;382.0;817.0;168.0;313.0;11.0;6.0;24.0;-10.0;AIR
83.0;168.0;358.0;787.0;166.0;316.0;88.0;182.0;386.0;826.0;169.0;319.0;12.0;8.0;31.0;-12.0;AIR
85.0;172.0;365.0;802.0;169.0;321.0;91.0;185.0;391.0;833.0;171.0;319.0;9.0;1.0;22.0;-10.0;AIR
83.0;167.0;357.0;788.0;165.0;315.0;87.0;181.0;382.0;822.0;169.0;314.0;9.0;1.0;19.0;-10.0;AIR
84.0;169.0;361.0;790.0;166.0;317.0;89.0;182.0;384.0;826.0;168.0;315.0;4.0;1.0;19.0;-10.0;AIR
84.0;168.0;359.0;789.0;166.0;316.0;86.0;181.0;381.0;822.0;169.0;316.0;4.0;3.0;29.0;-10.0;AIR
83.0;169.0;360.0;790.0;167.0;319.0;89.0;182.0;388.0;832.0;170.0;320.0;3.0;3.0;14.0;-10.0;AIR
84.0;170.0;361.0;793.0;167.0;319.0;89.0;183.0;389.0;835.0;171.0;320.0;5.0;3.0;23.0;-10.0;AIR
84.0;171.0;361.0;795.0;167.0;319.0;88.0;181.0;382.0;821.0;169.0;317.0;-1.0;3.0;17.0;-12.0;AIR
83.0;169.0;361.0;787.0;165.0;316.0;87.0;180.0;385.0;823.0;168.0;316.0;-2.0;4.0;17.0;-12.0;AIR
84.0;170.0;361.0;794.0;166.0;316.0;87.0;179.0;377.0;807.0;167.0;312.0;-2.0;3.0;19.0;-12.0;AIR
81.0;164.0;350.0;774.0;163.0;311.0;87.0;178.0;375.0;798.0;163.0;309.0;-2.0;2.0;18.0;-12.0;AIR
80.0;162.0;346.0;759.0;161.0;306.0;84.0;173.0;371.0;798.0;163.0;306.0;1.0;3.0;20.0;-14.0;AIR
79.0;161.0;345.0;760.0;160.0;304.0;84.0;175.0;374.0;792.0;163.0;302.0;3.0;3.0;21.0;-14.0;AIR
77.0;155.0;333.0;733.0;156.0;298.0;83.0;171.0;359.0;770.0;159.0;299.0;3.0;2.0;35.0;-11.0;AIR
77.0;156.0;333.0;729.0;155.0;296.0;80.0;169.0;356.0;770.0;158.0;299.0;3.0;7.0;29.0;-11.0;AIR
79.0;159.0;339.0;748.0;157.0;301.0;84.0;172.0;362.0;778.0;161.0;300.0;3.0;2.0;20.0;-12.0;AIR
78.0;158.0;338.0;744.0;157.0;301.0;83.0;172.0;363.0;779.0;160.0;301.0;3.0;1.0;19.0;-12.0;AIR
77.0;156.0;335.0;743.0;157.0;303.0;83.0;172.0;365.0;783.0;162.0;303.0;3.0;1.0;20.0;-15.0;AIR
82.0;166.0;353.0;773.0;162.0;309.0;84.0;176.0;371.0;797.0;164.0;306.0;4.0;1.0;28.0;-15.0;AIR
79.0;160.0;344.0;755.0;160.0;304.0;84.0;171.0;367.0;785.0;161.0;302.0;4.0;1.0;21.0;-14.0;AIR
78.0;159.0;338.0;748.0;158.0;303.0;82.0;170.0;364.0;782.0;161.0;304.0;6.0;7.0;22.0;-14.0;AIR
80.0;161.0;344.0;757.0;160.0;306.0;83.0;174.0;368.0;794.0;163.0;307.0;4.0;8.0;18.0;-14.0;AIR
80.0;162.0;344.0;759.0;160.0;306.0;83.0;174.0;371.0;793.0;164.0;307.0;5.0;3.0;23.0;-12.0;AIR
81.0;163.0;349.0;771.0;163.0;309.0;85.0;177.0;377.0;809.0;166.0;310.0;4.0;2.0;21.0;-13.0;AIR
82.0;165.0;354.0;775.0;162.0;311.0;86.0;178.0;373.0;797.0;165.0;308.0;4.0;3.0;15.0;-13.0;AIR
80.0;161.0;343.0;758.0;160.0;307.0;86.0;174.0;367.0;792.0;162.0;306.0;4.0;1.0;15.0;-14.0;AIR
80.0;160.0;342.0;751.0;159.0;304.0;82.0;169.0;363.0;779.0;160.0;303.0;2.0;1.0;15.0;-13.0;AIR
77.0;156.0;336.0;741.0;158.0;305.0;84.0;174.0;367.0;791.0;163.0;307.0;4.0;1.0;18.0;-13.0;AIR
82.0;166.0;356.0;779.0;164.0;314.0;91.0;184.0;387.0;827.0;168.0;315.0;2.0;4.0;17.0;-8.0;AIR
85.0;170.0;361.0;791.0;167.0;320.0;91.0;185.0;389.0;830.0;170.0;317.0;9.0;4.0;26.0;-8.0;AIR
82.0;165.0;352.0;774.0;162.0;310.0;88.0;177.0;375.0;799.0;164.0;308.0;5.0;4.0;9.0;-7.0;AIR
81.0;163.0;350.0;770.0;163.0;310.0;85.0;176.0;378.0;804.0;165.0;309.0;3.0;3.0;11.0;-7.0;AIR
80.0;160.0;342.0;752.0;159.0;302.0;82.0;170.0;361.0;773.0;159.0;299.0;3.0;4.0;11.0;-7.0;AIR
75.0;153.0;329.0;731.0;154.0;294.0;79.0;163.0;351.0;757.0;156.0;295.0;3.0;4.0;14.0;-6.0;AIR
73.0;149.0;320.0;707.0;151.0;290.0;79.0;165.0;349.0;751.0;154.0;291.0;3.0;8.0;21.0;-6.0;AIR
76.0;154.0;331.0;728.0;155.0;299.0;83.0;172.0;360.0;773.0;160.0;299.0;2.0;11.0;13.0;-8.0;AIR
81.0;162.0;346.0;755.0;158.0;304.0;85.0;175.0;373.0;791.0;162.0;303.0;3.0;8.0;9.0;-8.0;AIR
81.0;163.0;346.0;761.0;161.0;305.0;85.0;175.0;373.0;798.0;164.0;309.0;4.0;5.0;10.0;-8.0;AIR
82.0;166.0;352.0;775.0;163.0;310.0;85.0;178.0;378.0;806.0;166.0;311.0;3.0;5.0;10.0;-9.0;AIR
84.0;169.0;360.0;787.0;165.0;313.0;86.0;181.0;381.0;814.0;167.0;312.0;0.0;3.0;14.0;-9.0;AIR
81.0;164.0;352.0;774.0;163.0;312.0;85.0;178.0;377.0;805.0;166.0;312.0;0.0;3.0;10.0;-9.0;AIR
83.0;166.0;353.0;779.0;164.0;312.0;86.0;180.0;380.0;810.0;164.0;309.0;0.0;4.0;12.0;-9.0;AIR
81.0;164.0;348.0;763.0;163.0;309.0;87.0;180.0;377.0;807.0;166.0;309.0;0.0;1.0;12.0;-10.0;AIR
83.0;167.0;357.0;778.0;163.0;312.0;88.0;180.0;377.0;802.0;166.0;310.0;0.0;4.0;21.0;-7.0;AIR
80.0;162.0;346.0;758.0;161.0;309.0;84.0;173.0;371.0;795.0;162.0;306.0;8.0;4.0;24.0;-7.0;AIR
81.0;163.0;347.0;758.0;160.0;306.0;84.0;175.0;368.0;796.0;160.0;305.0;8.0;4.0;19.0;-7.0;AIR
79.0;160.0;342.0;754.0;159.0;305.0;84.0;175.0;370.0;794.0;163.0;306.0;2.0;1.0;14.0;-8.0;AIR
79.0;161.0;345.0;761.0;162.0;308.0;84.0;175.0;377.0;806.0;167.0;313.0;2.0;0.0;8.0;-8.0;AIR
85.0;171.0;364.0;793.0;167.0;318.0;88.0;183.0;388.0;826.0;169.0;315.0;2.0;0.0;4.0;-10.0;AIR
83.0;167.0;356.0;785.0;166.0;316.0;88.0;183.0;383.0;822.0;167.0;316.0;-3.0;2.0;3.0;-12.0;AIR
82.0;165.0;354.0;778.0;164.0;312.0;86.0;179.0;378.0;810.0;167.0;311.0;-3.0;2.0;4.0;-12.0;AIR
79.0;161.0;346.0;765.0;162.0;307.0;82.0;174.0;368.0;792.0;162.0;307.0;-3.0;2.0;5.0;-12.0;AIR
79.0;160.0;342.0;755.0;160.0;306.0;84.0;175.0;370.0;790.0;163.0;306.0;4.0;4.0;5.0;-12.0;AIR
80.0;161.0;343.0;756.0;160.0;306.0;84.0;173.0;365.0;788.0;163.0;305.0;5.0;4.0;5.0;-8.0;AIR
81.0;162.0;344.0;758.0;160.0;308.0;85.0;174.0;370.0;796.0;164.0;307.0;4.0;3.0;10.0;-7.0;AIR
83.0;167.0;358.0;787.0;166.0;317.0;88.0;182.0;387.0;826.0;170.0;319.0;5.0;7.0;10.0;-6.0;AIR
84.0;169.0;359.0;781.0;162.0;306.0;82.0;172.0;363.0;785.0;160.0;300.0;5.0;4.0;10.0;-6.0;AIR
75.0;152.0;327.0;722.0;154.0;295.0;82.0;167.0;358.0;766.0;157.0;296.0;5.0;11.0;13.0;-7.0;AIR
73.0;149.0;320.0;711.0;151.0;292.0;79.0;165.0;351.0;750.0;154.0;291.0;5.0;4.0;14.0;-7.0;AIR
74.0;149.0;321.0;711.0;151.0;290.0;79.0;161.0;348.0;749.0;154.0;292.0;3.0;6.0;21.0;-9.0;AIR
73.0;149.0;320.0;707.0;151.0;292.0;79.0;164.0;350.0;749.0;156.0;292.0;7.0;6.0;20.0;-9.0;AIR
74.0;150.0;324.0;719.0;152.0;292.0;78.0;165.0;351.0;754.0;155.0;291.0;7.0;4.0;20.0;-9.0;AIR
74.0;150.0;325.0;714.0;152.0;292.0;79.0;164.0;350.0;756.0;157.0;293.0;6.0;3.0;21.0;-9.0;AIR
76.0;155.0;330.0;729.0;155.0;295.0;80.0;169.0;357.0;766.0;158.0;295.0;6.0;1.0;17.0;-9.0;AIR
77.0;156.0;337.0;737.0;155.0;297.0;81.0;168.0;358.0;766.0;159.0;298.0;6.0;1.0;21.0;-9.0;AIR
78.0;157.0;334.0;734.0;155.0;294.0;81.0;166.0;351.0;761.0;157.0;295.0;7.0;1.0;17.0;-8.0;AIR
76.0;155.0;331.0;726.0;154.0;294.0;81.0;168.0;355.0;761.0;158.0;295.0;7.0;1.0;20.0;-8.0;AIR
77.0;157.0;337.0;736.0;156.0;297.0;81.0;170.0;361.0;775.0;160.0;300.0;7.0;3.0;27.0;-8.0;AIR
81.0;162.0;347.0;758.0;159.0;304.0;83.0;174.0;367.0;786.0;162.0;304.0;4.0;6.0;20.0;-8.0;AIR
82.0;164.0;348.0;763.0;161.0;305.0;82.0;171.0;365.0;787.0;162.0;304.0;2.0;4.0;13.0;-7.0;AIR
81.0;163.0;346.0;766.0;162.0;308.0;84.0;179.0;375.0;807.0;165.0;311.0;4.0;5.0;17.0;-12.0;AIR
81.0;164.0;350.0;771.0;163.0;309.0;86.0;176.0;373.0;801.0;164.0;307.0;1.0;4.0;15.0;-12.0;AIR
81.0;164.0;350.0;764.0;161.0;309.0;83.0;174.0;371.0;801.0;165.0;310.0;3.0;2.0;19.0;-8.0;AIR
82.0;166.0;354.0;778.0;163.0;314.0;87.0;183.0;384.0;819.0;169.0;314.0;1.0;2.0;17.0;-8.0;AIR
82.0;166.0;354.0;781.0;165.0;316.0;87.0;180.0;381.0;816.0;168.0;315.0;1.0;1.0;15.0;-12.0;AIR
83.0;167.0;356.0;785.0;166.0;314.0;87.0;181.0;384.0;820.0;167.0;313.0;0.0;-1.0;19.0;-12.0;AIR
84.0;169.0;359.0;789.0;166.0;317.0;89.0;183.0;385.0;825.0;170.0;316.0;-1.0;-1.0;10.0;-12.0;AIR
84.0;169.0;360.0;791.0;166.0;315.0;86.0;179.0;380.0;814.0;167.0;314.0;-1.0;0.0;9.0;-12.0;AIR
83.0;167.0;356.0;784.0;166.0;316.0;87.0;179.0;378.0;818.0;170.0;318.0;0.0;0.0;11.0;-12.0;AIR
83.0;167.0;359.0;785.0;166.0;316.0;87.0;178.0;384.0;825.0;170.0;321.0;7.0;0.0;14.0;-12.0;AIR
82.0;167.0;357.0;787.0;165.0;316.0;87.0;182.0;387.0;825.0;169.0;316.0;8.0;11.0;14.0;-11.0;AIR
84.0;169.0;360.0;791.0;166.0;316.0;85.0;178.0;379.0;812.0;167.0;313.0;6.0;6.0;13.0;-11.0;AIR
83.0;167.0;356.0;784.0;164.0;314.0;87.0;182.0;380.0;821.0;169.0;314.0;9.0;9.0;19.0;-9.0;AIR
82.0;166.0;354.0;784.0;166.0;316.0;88.0;181.0;387.0;824.0;169.0;319.0;10.0;12.0;18.0;-8.0;AIR
85.0;172.0;364.0;803.0;168.0;319.0;87.0;180.0;383.0;819.0;168.0;317.0;11.0;12.0;23.0;-8.0;AIR
81.0;163.0;349.0;772.0;164.0;312.0;86.0;179.0;377.0;804.0;165.0;310.0;11.0;14.0;17.0;-8.0;AIR
81.0;164.0;350.0;770.0;163.0;312.0;84.0;176.0;373.0;808.0;167.0;314.0;-1.0;16.0;12.0;-6.0;AIR
85.0;173.0;365.0;802.0;169.0;319.0;89.0;184.0;389.0;833.0;170.0;318.0;-3.0;0.0;15.0;-10.0;AIR
84.0;169.0;362.0;792.0;166.0;315.0;87.0;179.0;378.0;808.0;166.0;312.0;-3.0;0.0;12.0;-10.0;AIR
78.0;158.0;340.0;749.0;159.0;305.0;85.0;174.0;367.0;785.0;160.0;302.0;-2.0;0.0;12.0;-10.0;AIR
77.0;155.0;332.0;736.0;156.0;301.0;81.0;169.0;359.0;770.0;159.0;301.0;-1.0;1.0;8.0;-10.0;AIR
79.0;158.0;340.0;749.0;159.0;305.0;81.0;170.0;364.0;785.0;163.0;305.0;13.0;1.0;16.0;-10.0;AIR
81.0;163.0;347.0;763.0;161.0;308.0;84.0;174.0;368.0;791.0;163.0;308.0;7.0;3.0;16.0;-8.0;AIR
81.0;161.0;346.0;760.0;160.0;307.0;84.0;174.0;369.0;790.0;162.0;307.0;12.0;3.0;20.0;-8.0;AIR
79.0;160.0;343.0;753.0;159.0;304.0;83.0;172.0;362.0;779.0;161.0;303.0;8.0;8.0;19.0;-9.0;AIR
78.0;157.0;339.0;747.0;158.0;305.0;83.0;174.0;370.0;795.0;165.0;310.0;12.0;7.0;15.0;-8.0;AIR
83.0;169.0;359.0;787.0;165.0;314.0;86.0;180.0;383.0;815.0;169.0;315.0;13.0;10.0;21.0;-9.0;AIR
84.0;167.0;359.0;792.0;167.0;316.0;87.0;184.0;385.0;828.0;172.0;324.0;1.0;7.0;18.0;-11.0;AIR
91.0;182.0;386.0;848.0;180.0;340.0;96.0;197.0;417.0;896.0;185.0;346.0;6.0;7.0;21.0;-9.0;AIR
102.0;203.0;429.0;937.0;196.0;367.0;106.0;218.0;458.0;971.0;199.0;368.0;6.0;7.0;18.0;-13.0;AIR
101.0;201.0;425.0;917.0;190.0;357.0;99.0;206.0;433.0;917.0;187.0;350.0;6.0;10.0;15.0;-15.0;AIR
92.0;186.0;398.0;871.0;183.0;348.0;98.0;206.0;432.0;926.0;190.0;354.0;11.0;12.0;37.0;-15.0;AIR
101.0;203.0;430.0;938.0;196.0;368.0;107.0;218.0;456.0;968.0;197.0;369.0;10.0;3.0;37.0;-20.0;AIR
102.0;205.0;435.0;948.0;200.0;379.0;112.0;227.0;478.0;1018.0;208.0;385.0;11.0;3.0;43.0;-21.0;AIR
111.0;223.0;470.0;1019.0;212.0;397.0;121.0;246.0;507.0;1068.0;216.0;396.0;12.0;3.0;54.0;-21.0;AIR
111.0;221.0;466.0;1012.0;211.0;396.0;117.0;237.0;496.0;1041.0;209.0;386.0;11.0;7.0;38.0;-20.0;AIR
103.0;206.0;438.0;955.0;201.0;378.0;110.0;224.0;468.0;992.0;201.0;373.0;10.0;9.0;19.0;-13.0;AIR
96.0;193.0;412.0;909.0;191.0;362.0;102.0;211.0;445.0;949.0;195.0;364.0;2.0;7.0;9.0;-9.0;AIR
99.0;199.0;418.0;902.0;187.0;353.0;97.0;200.0;422.0;904.0;186.0;347.0;2.0;11.0;5.0;-5.0;AIR
96.0;192.0;406.0;883.0;185.0;353.0;99.0;207.0;436.0;934.0;191.0;355.0;2.0;7.0;4.0;-3.0;AIR
92.0;185.0;397.0;874.0;184.0;354.0;101.0;208.0;439.0;929.0;190.0;355.0;14.0;9.0;5.0;-3.0;AIR
96.0;193.0;407.0;886.0;186.0;353.0;101.0;206.0;435.0;926.0;190.0;352.0;8.0;5.0;4.0;-3.0;AIR
92.0;185.0;393.0;861.0;182.0;346.0;98.0;201.0;421.0;895.0;184.0;343.0;10.0;3.0;2.0;-4.0;AIR
90.0;181.0;385.0;848.0;178.0;340.0;96.0;197.0;412.0;876.0;178.0;336.0;0.0;3.0;4.0;-5.0;AIR
89.0;179.0;379.0;833.0;175.0;334.0;92.0;191.0;406.0;865.0;177.0;331.0;0.0;4.0;7.0;-6.0;AIR
88.0;177.0;377.0;825.0;176.0;336.0;95.0;198.0;418.0;889.0;180.0;335.0;0.0;4.0;1.0;-5.0;AIR
92.0;184.0;391.0;855.0;180.0;341.0;96.0;198.0;414.0;892.0;182.0;339.0;0.0;4.0;11.0;-5.0;AIR
93.0;185.0;395.0;862.0;181.0;344.0;96.0;199.0;421.0;897.0;183.0;341.0;0.0;7.0;6.0;-4.0;AIR
91.0;184.0;390.0;851.0;179.0;339.0;92.0;195.0;415.0;891.0;181.0;339.0;6.0;7.0;6.0;-3.0;AIR
90.0;181.0;385.0;839.0;176.0;334.0;94.0;193.0;408.0;870.0;177.0;331.0;2.0;7.0;1.0;-3.0;AIR
89.0;177.0;378.0;825.0;174.0;331.0;93.0;190.0;402.0;855.0;176.0;330.0;2.0;9.0;5.0;-3.0;AIR
85.0;171.0;362.0;796.0;168.0;320.0;87.0;180.0;382.0;817.0;167.0;316.0;-1.0;10.0;2.0;-7.0;AIR
80.0;162.0;345.0;762.0;161.0;313.0;86.0;179.0;381.0;814.0;167.0;314.0;-1.0;9.0;5.0;-7.0;AIR
82.0;168.0;359.0;791.0;168.0;320.0;89.0;184.0;391.0;833.0;170.0;321.0;-1.0;10.0;7.0;-7.0;AIR
83.0;165.0;354.0;779.0;165.0;316.0;86.0;178.0;380.0;815.0;168.0;316.0;-1.0;9.0;9.0;-6.0;AIR
81.0;164.0;351.0;771.0;162.0;312.0;83.0;175.0;373.0;797.0;165.0;310.0;1.0;9.0;7.0;-6.0;AIR
77.0;157.0;337.0;751.0;160.0;307.0;84.0;176.0;372.0;797.0;164.0;307.0;4.0;10.0;16.0;-4.0;AIR
81.0;162.0;347.0;764.0;161.0;309.0;85.0;173.0;371.0;803.0;165.0;308.0;8.0;9.0;14.0;-4.0;AIR
79.0;160.0;343.0;758.0;160.0;307.0;84.0;175.0;375.0;803.0;164.0;310.0;4.0;4.0;19.0;-4.0;AIR
81.0;161.0;346.0;766.0;162.0;313.0;87.0;182.0;382.0;816.0;166.0;313.0;2.0;5.0;13.0;-6.0;AIR
83.0;167.0;355.0;781.0;166.0;316.0;87.0;181.0;383.0;821.0;169.0;316.0;2.0;5.0;14.0;-4.0;AIR
85.0;170.0;363.0;801.0;168.0;320.0;88.0;184.0;389.0;842.0;172.0;323.0;1.0;3.0;13.0;-5.0;AIR
89.0;178.0;378.0;829.0;174.0;328.0;91.0;190.0;402.0;864.0;176.0;328.0;0.0;3.0;6.0;-6.0;AIR
88.0;178.0;378.0;826.0;173.0;330.0;93.0;191.0;403.0;861.0;177.0;331.0;0.0;3.0;16.0;-9.0;AIR
87.0;175.0;373.0;820.0;172.0;328.0;92.0;191.0;401.0;852.0;174.0;327.0;3.0;3.0;6.0;-7.0;AIR
87.0;174.0;370.0;814.0;172.0;327.0;92.0;192.0;399.0;858.0;174.0;329.0;3.0;6.0;13.0;-8.0;AIR
86.0;174.0;370.0;809.0;171.0;325.0;90.0;188.0;398.0;848.0;173.0;324.0;-2.0;3.0;5.0;-8.0;AIR
84.0;170.0;365.0;801.0;170.0;324.0;89.0;183.0;392.0;846.0;173.0;324.0;-3.0;2.0;8.0;-8.0;AIR
85.0;171.0;366.0;809.0;171.0;328.0;91.0;189.0;400.0;858.0;175.0;328.0;-5.0;2.0;5.0;-7.0;AIR
90.0;181.0;385.0;838.0;176.0;336.0;94.0;195.0;408.0;877.0;179.0;335.0;-5.0;2.0;7.0;-8.0;AIR
90.0;181.0;386.0;848.0;178.0;339.0;95.0;197.0;414.0;885.0;181.0;339.0;-5.0;2.0;3.0;-7.0;AIR
89.0;180.0;386.0;845.0;176.0;333.0;91.0;193.0;404.0;865.0;176.0;330.0;-5.0;5.0;12.0;-7.0;AIR
86.0;172.0;367.0;807.0;170.0;326.0;90.0;187.0;393.0;841.0;172.0;323.0;-5.0;5.0;7.0;-6.0;AIR
83.0;168.0;359.0;792.0;167.0;321.0;87.0;182.0;386.0;831.0;170.0;319.0;-4.0;6.0;11.0;-5.0;AIR
82.0;166.0;355.0;790.0;167.0;320.0;87.0;180.0;386.0;833.0;172.0;321.0;-5.0;8.0;11.0;-4.0;AIR
84.0;172.0;368.0;809.0;170.0;326.0;91.0;186.0;396.0;848.0;174.0;326.0;-4.0;6.0;9.0;-4.0;AIR
86.0;176.0;374.0;817.0;172.0;329.0;92.0;192.0;402.0;856.0;175.0;329.0;-2.0;5.0;10.0;-2.0;AIR
85.0;172.0;368.0;808.0;171.0;327.0;90.0;187.0;396.0;847.0;173.0;325.0;0.0;2.0;9.0;-4.0;AIR
84.0;169.0;362.0;801.0;169.0;324.0;89.0;185.0;396.0;842.0;171.0;322.0;0.0;4.0;10.0;-4.0;AIR
84.0;169.0;360.0;796.0;168.0;324.0;89.0;183.0;390.0;836.0;172.0;320.0;0.0;4.0;12.0;-5.0;AIR
83.0;168.0;362.0;794.0;168.0;322.0;88.0;183.0;388.0;836.0;172.0;322.0;3.0;4.0;18.0;-6.0;AIR
83.0;168.0;361.0;797.0;168.0;321.0;90.0;186.0;394.0;841.0;172.0;321.0;7.0;6.0;16.0;-6.0;AIR
83.0;168.0;359.0;792.0;168.0;322.0;88.0;183.0;388.0;834.0;171.0;319.0;5.0;7.0;16.0;-6.0;AIR
83.0;168.0;360.0;791.0;168.0;322.0;89.0;183.0;388.0;841.0;172.0;324.0;5.0;7.0;16.0;-6.0;AIR
85.0;170.0;362.0;799.0;169.0;323.0;91.0;185.0;391.0;837.0;173.0;323.0;5.0;9.0;16.0;-6.0;AIR
84.0;169.0;361.0;796.0;169.0;321.0;88.0;182.0;388.0;833.0;171.0;320.0;5.0;2.0;15.0;-9.0;AIR
83.0;167.0;358.0;788.0;168.0;320.0;87.0;182.0;385.0;827.0;170.0;320.0;5.0;2.0;14.0;-9.0;AIR
84.0;168.0;358.0;791.0;167.0;319.0;88.0;184.0;390.0;828.0;170.0;320.0;6.0;2.0;15.0;-12.0;AIR
82.0;167.0;358.0;788.0;167.0;319.0;88.0;184.0;387.0;829.0;171.0;319.0;3.0;6.0;14.0;-7.0;AIR
84.0;168.0;359.0;792.0;166.0;321.0;90.0;184.0;394.0;835.0;171.0;323.0;5.0;12.0;20.0;-7.0;AIR
85.0;171.0;366.0;806.0;171.0;324.0;89.0;188.0;397.0;844.0;174.0;327.0;6.0;7.0;21.0;-7.0;AIR
87.0;175.0;374.0;820.0;173.0;327.0;91.0;191.0;403.0;860.0;176.0;329.0;5.0;7.0;20.0;-7.0;AIR
87.0;175.0;376.0;824.0;174.0;331.0;91.0;191.0;405.0;867.0;179.0;334.0;4.0;4.0;14.0;-7.0;AIR
91.0;183.0;390.0;853.0;179.0;344.0;97.0;200.0;425.0;907.0;186.0;347.0;5.0;4.0;20.0;-5.0;AIR
95.0;190.0;405.0;888.0;188.0;358.0;105.0;214.0;451.0;958.0;195.0;362.0;5.0;4.0;26.0;-5.0;AIR
97.0;194.0;409.0;896.0;188.0;355.0;101.0;205.0;432.0;919.0;189.0;350.0;7.0;1.0;17.0;-5.0;AIR
93.0;185.0;395.0;869.0;183.0;347.0;95.0;199.0;422.0;900.0;185.0;345.0;7.0;3.0;8.0;-5.0;AIR
92.0;186.0;395.0;868.0;183.0;348.0;96.0;199.0;422.0;901.0;185.0;346.0;3.0;1.0;8.0;-5.0;AIR
92.0;184.0;394.0;862.0;182.0;345.0;96.0;199.0;421.0;903.0;184.0;344.0;3.0;3.0;6.0;-6.0;AIR
91.0;183.0;390.0;858.0;180.0;343.0;95.0;197.0;418.0;895.0;182.0;344.0;7.0;3.0;4.0;-6.0;AIR
91.0;185.0;392.0;858.0;180.0;344.0;98.0;201.0;423.0;898.0;183.0;343.0;9.0;5.0;6.0;-8.0;AIR
92.0;185.0;393.0;858.0;180.0;343.0;98.0;203.0;424.0;901.0;183.0;340.0;8.0;9.0;14.0;-6.0;AIR
91.0;182.0;388.0;853.0;179.0;339.0;96.0;199.0;419.0;894.0;181.0;338.0;6.0;6.0;15.0;-6.0;AIR
89.0;180.0;385.0;839.0;177.0;337.0;96.0;197.0;416.0;889.0;181.0;337.0;11.0;4.0;14.0;-8.0;AIR
90.0;181.0;386.0;843.0;177.0;334.0;93.0;190.0;403.0;867.0;178.0;332.0;6.0;4.0;14.0;-9.0;AIR
89.0;178.0;380.0;835.0;176.0;336.0;95.0;195.0;416.0;889.0;181.0;341.0;1.0;3.0;14.0;-13.0;AIR
92.0;185.0;394.0;865.0;182.0;345.0;97.0;201.0;422.0;903.0;183.0;344.0;1.0;3.0;19.0;-13.0;AIR
93.0;188.0;398.0;870.0;183.0;346.0;98.0;202.0;426.0;908.0;186.0;343.0;1.0;7.0;14.0;-13.0;AIR
92.0;185.0;391.0;855.0;180.0;343.0;95.0;197.0;419.0;888.0;183.0;340.0;0.0;9.0;16.0;-13.0;AIR
91.0;186.0;395.0;862.0;182.0;345.0;98.0;201.0;425.0;909.0;185.0;347.0;0.0;16.0;17.0;-13.0;AIR
93.0;188.0;398.0;874.0;182.0;346.0;98.0;202.0;425.0;895.0;183.0;342.0;3.0;9.0;13.0;-11.0;AIR
89.0;182.0;385.0;851.0;179.0;340.0;94.0;197.0;415.0;885.0;182.0;340.0;-2.0;9.0;20.0;-10.0;AIR
92.0;184.0;391.0;857.0;180.0;341.0;97.0;198.0;419.0;900.0;183.0;344.0;3.0;4.0;26.0;-10.0;AIR
92.0;186.0;396.0;868.0;184.0;348.0;99.0;203.0;427.0;912.0;187.0;349.0;3.0;4.0;20.0;-8.0;AIR
97.0;193.0;408.0;892.0;186.0;354.0;104.0;211.0;442.0;940.0;191.0;355.0;3.0;0.0;21.0;-6.0;AIR
97.0;195.0;413.0;903.0;190.0;360.0;103.0;211.0;441.0;949.0;193.0;359.0;3.0;-1.0;13.0;-6.0;AIR
99.0;198.0;420.0;918.0;192.0;362.0;103.0;211.0;445.0;949.0;193.0;364.0;11.0;-1.0;21.0;-8.0;AIR
99.0;199.0;421.0;915.0;191.0;362.0;104.0;213.0;448.0;948.0;193.0;359.0;9.0;-1.0;11.0;-8.0;AIR
96.0;194.0;413.0;908.0;190.0;360.0;102.0;211.0;447.0;947.0;193.0;362.0;9.0;-1.0;20.0;-5.0;AIR
100.0;199.0;423.0;923.0;193.0;365.0;105.0;215.0;449.0;956.0;196.0;361.0;14.0;5.0;20.0;-6.0;AIR
99.0;199.0;421.0;920.0;193.0;362.0;103.0;213.0;452.0;967.0;195.0;363.0;8.0;5.0;22.0;-6.0;AIR
99.0;198.0;422.0;917.0;193.0;367.0;105.0;216.0;455.0;967.0;196.0;365.0;6.0;6.0;22.0;-6.0;AIR
102.0;204.0;432.0;941.0;196.0;370.0;105.0;217.0;460.0;975.0;200.0;367.0;5.0;6.0;13.0;-7.0;AIR
102.0;203.0;435.0;940.0;196.0;372.0;106.0;222.0;465.0;981.0;198.0;372.0;4.0;6.0;14.0;-7.0;AIR
100.0;200.0;426.0;928.0;195.0;369.0;107.0;218.0;461.0;969.0;197.0;367.0;1.0;5.0;11.0;-7.0;AIR
99.0;198.0;421.0;920.0;193.0;365.0;103.0;212.0;446.0;950.0;194.0;361.0;1.0;4.0;10.0;-7.0;AIR
96.0;193.0;411.0;899.0;188.0;358.0;102.0;210.0;438.0;938.0;191.0;356.0;1.0;5.0;15.0;-7.0;AIR
95.0;190.0;406.0;888.0;187.0;354.0;98.0;205.0;435.0;929.0;190.0;355.0;1.0;4.0;17.0;-7.0;AIR
98.0;196.0;416.0;914.0;191.0;362.0;104.0;213.0;451.0;960.0;195.0;364.0;-3.0;7.0;11.0;-9.0;AIR
102.0;204.0;430.0;934.0;195.0;367.0;104.0;217.0;455.0;970.0;197.0;366.0;-5.0;-2.0;8.0;-11.0;AIR
98.0;196.0;418.0;912.0;193.0;365.0;103.0;212.0;446.0;951.0;195.0;360.0;-5.0;4.0;11.0;-11.0;AIR
97.0;197.0;420.0;922.0;193.0;366.0;105.0;217.0;453.0;967.0;198.0;365.0;-5.0;2.0;9.0;-9.0;AIR
100.0;202.0;428.0;941.0;197.0;375.0;108.0;223.0;468.0;996.0;203.0;374.0;-5.0;4.0;14.0;-9.0;AIR
105.0;212.0;448.0;974.0;203.0;381.0;109.0;224.0;474.0;1008.0;204.0;380.0;-4.0;2.0;9.0;-9.0;AIR
105.0;211.0;449.0;975.0;206.0;383.0;110.0;230.0;481.0;1021.0;207.0;385.0;3.0;3.0;14.0;-9.0;AIR
108.0;216.0;456.0;991.0;206.0;390.0;114.0;233.0;486.0;1027.0;206.0;384.0;10.0;2.0;27.0;-9.0;AIR
104.0;210.0;448.0;978.0;206.0;389.0;117.0;238.0;499.0;1058.0;215.0;400.0;5.0;3.0;39.0;-9.0;AIR
120.0;239.0;500.0;1080.0;225.0;419.0;128.0;258.0;534.0;1130.0;226.0;413.0;7.0;3.0;29.0;-3.0;AIR
118.0;233.0;489.0;1048.0;216.0;407.0;120.0;243.0;508.0;1080.0;218.0;403.0;5.0;6.0;15.0;1.0;AIR
114.0;228.0;482.0;1043.0;217.0;406.0;119.0;243.0;510.0;1073.0;216.0;401.0;2.0;2.0;15.0;1.0;AIR
111.0;223.0;472.0;1026.0;214.0;401.0;117.0;241.0;506.0;1073.0;217.0;400.0;2.0;3.0;15.0;1.0;AIR
111.0;223.0;473.0;1031.0;215.0;404.0;119.0;245.0;509.0;1079.0;220.0;403.0;-1.0;3.0;12.0;0.0;AIR
115.0;229.0;485.0;1044.0;217.0;408.0;119.0;246.0;513.0;1083.0;219.0;405.0;2.0;4.0;14.0;-4.0;AIR
113.0;227.0;479.0;1040.0;217.0;407.0;118.0;245.0;509.0;1079.0;218.0;404.0;-1.0;4.0;12.0;-8.0;AIR
112.0;224.0;475.0;1030.0;215.0;405.0;120.0;244.0;511.0;1070.0;217.0;401.0;-1.0;4.0;14.0;-8.0;AIR
113.0;226.0;477.0;1033.0;215.0;404.0;120.0;243.0;506.0;1063.0;215.0;398.0;-1.0;4.0;16.0;-8.0;AIR
108.0;217.0;461.0;1003.0;210.0;395.0;115.0;234.0;489.0;1039.0;210.0;390.0;-1.0;12.0;15.0;-8.0;AIR
105.0;210.0;447.0;975.0;203.0;383.0;112.0;231.0;478.0;1016.0;206.0;382.0;-1.0;8.0;19.0;-5.0;AIR
96.0;194.0;416.0;921.0;198.0;381.0;108.0;221.0;472.0;1002.0;204.0;380.0;3.0;7.0;15.0;-4.0;AIR
104.0;208.0;445.0;971.0;203.0;388.0;115.0;235.0;484.0;1028.0;208.0;383.0;6.0;6.0;21.0;-5.0;AIR
103.0;206.0;439.0;954.0;201.0;380.0;109.0;224.0;471.0;995.0;202.0;376.0;6.0;6.0;11.0;-11.0;AIR
99.0;198.0;425.0;935.0;196.0;376.0;108.0;223.0;468.0;993.0;202.0;377.0;11.0;5.0;18.0;-11.0;AIR
97.0;196.0;422.0;922.0;195.0;376.0;108.0;222.0;468.0;987.0;201.0;375.0;6.0;2.0;10.0;-13.0;AIR
98.0;197.0;419.0;922.0;197.0;380.0;111.0;228.0;474.0;1003.0;204.0;379.0;-2.0;1.0;10.0;-14.0;AIR
102.0;206.0;438.0;962.0;202.0;383.0;114.0;231.0;482.0;1016.0;206.0;384.0;-2.0;5.0;20.0;-13.0;AIR
105.0;210.0;446.0;972.0;204.0;386.0;113.0;229.0;477.0;1022.0;208.0;384.0;1.0;5.0;18.0;-13.0;AIR
106.0;213.0;450.0;983.0;206.0;390.0;116.0;235.0;490.0;1038.0;213.0;392.0;1.0;7.0;28.0;-12.0;AIR
109.0;218.0;462.0;1005.0;211.0;398.0;118.0;242.0;508.0;1063.0;216.0;399.0;-2.0;7.0;18.0;-10.0;AIR
111.0;222.0;469.0;1016.0;213.0;402.0;120.0;243.0;509.0;1072.0;216.0;403.0;1.0;7.0;12.0;-9.0;AIR
111.0;222.0;469.0;1025.0;214.0;404.0;121.0;247.0;516.0;1088.0;220.0;405.0;-2.0;3.0;8.0;-9.0;AIR
114.0;227.0;479.0;1035.0;217.0;410.0;121.0;248.0;519.0;1090.0;221.0;407.0;-2.0;3.0;6.0;-6.0;AIR
114.0;229.0;483.0;1044.0;218.0;410.0;122.0;249.0;518.0;1092.0;222.0;409.0;3.0;3.0;8.0;-6.0;AIR
117.0;231.0;488.0;1062.0;221.0;414.0;124.0;253.0;526.0;1109.0;224.0;415.0;5.0;3.0;15.0;-6.0;AIR
118.0;235.0;493.0;1077.0;224.0;420.0;125.0;257.0;536.0;1128.0;229.0;422.0;3.0;2.0;10.0;-6.0;AIR
126.0;250.0;528.0;1138.0;237.0;442.0;136.0;278.0;580.0;1217.0;243.0;444.0;5.0;8.0;33.0;-20.0;AIR
130.0;258.0;543.0;1169.0;241.0;449.0;138.0;278.0;580.0;1211.0;244.0;447.0;3.0;4.0;50.0;-20.0;AIR
134.0;263.0;547.0;1167.0;241.0;450.0;141.0;283.0;586.0;1213.0;240.0;439.0;0.0;7.0;54.0;-20.0;AIR
125.0;249.0;521.0;1119.0;232.0;432.0;133.0;267.0;554.0;1156.0;232.0;429.0;5.0;4.0;20.0;-4.0;AIR
122.0;243.0;509.0;1104.0;229.0;428.0;128.0;261.0;541.0;1141.0;231.0;424.0;-1.0;7.0;6.0;-4.0;AIR
118.0;236.0;499.0;1077.0;225.0;425.0;126.0;259.0;539.0;1139.0;229.0;423.0;-1.0;10.0;6.0;-2.0;AIR
115.0;229.0;484.0;1053.0;220.0;416.0;126.0;257.0;531.0;1119.0;224.0;418.0;4.0;8.0;6.0;-4.0;AIR
115.0;228.0;481.0;1042.0;219.0;415.0;123.0;256.0;536.0;1119.0;225.0;415.0;4.0;9.0;10.0;-4.0;AIR
119.0;237.0;499.0;1075.0;223.0;422.0;129.0;260.0;543.0;1139.0;230.0;421.0;-1.0;9.0;7.0;-2.0;AIR
121.0;239.0;505.0;1091.0;228.0;427.0;130.0;262.0;546.0;1147.0;230.0;425.0;-2.0;6.0;3.0;2.0;AIR
121.0;240.0;503.0;1093.0;227.0;426.0;131.0;263.0;545.0;1143.0;230.0;422.0;-2.0;8.0;-3.0;2.0;AIR
119.0;237.0;501.0;1086.0;225.0;424.0;126.0;259.0;541.0;1135.0;228.0;420.0;-2.0;5.0;-3.0;3.0;AIR
118.0;234.0;496.0;1070.0;223.0;416.0;124.0;252.0;526.0;1103.0;222.0;411.0;-2.0;5.0;-3.0;2.0;AIR
114.0;227.0;479.0;1033.0;217.0;411.0;121.0;247.0;520.0;1096.0;221.0;407.0;-2.0;0.0;-6.0;1.0;AIR
113.0;225.0;476.0;1035.0;215.0;406.0;119.0;242.0;507.0;1073.0;218.0;402.0;-1.0;0.0;-7.0;-1.0;AIR
107.0;216.0;459.0;1007.0;211.0;400.0;118.0;239.0;501.0;1065.0;214.0;400.0;-1.0;3.0;3.0;-3.0;AIR
110.0;221.0;465.0;1013.0;212.0;403.0;119.0;242.0;502.0;1060.0;217.0;403.0;-1.0;9.0;2.0;-3.0;AIR
114.0;227.0;480.0;1039.0;216.0;408.0;122.0;246.0;518.0;1087.0;221.0;407.0;-1.0;3.0;2.0;-3.0;AIR
75.0;150.0;330.0;742.0;164.0;330.0;96.0;199.0;423.0;902.0;184.0;351.0;0.0;5.0;5.0;-3.0;AIR
100.0;199.0;423.0;917.0;193.0;368.0;108.0;222.0;467.0;990.0;202.0;374.0;2.0;4.0;5.0;-3.0;AIR
105.0;210.0;442.0;960.0;202.0;383.0;114.0;235.0;488.0;1022.0;207.0;384.0;2.0;4.0;12.0;3.0;AIR
102.0;205.0;437.0;951.0;201.0;382.0;114.0;231.0;481.0;1017.0;207.0;385.0;9.0;4.0;6.0;3.0;AIR
106.0;211.0;446.0;973.0;204.0;386.0;115.0;234.0;490.0;1032.0;209.0;386.0;6.0;7.0;14.0;3.0;AIR
108.0;217.0;456.0;992.0;207.0;393.0;116.0;238.0;496.0;1049.0;213.0;392.0;-4.0;14.0;8.0;3.0;AIR
109.0;219.0;465.0;1007.0;210.0;396.0;119.0;241.0;504.0;1060.0;215.0;397.0;-4.0;7.0;7.0;0.0;AIR
111.0;223.0;470.0;1019.0;212.0;402.0;119.0;242.0;504.0;1071.0;216.0;399.0;0.0;7.0;8.0;0.0;AIR
111.0;222.0;473.0;1027.0;214.0;404.0;119.0;241.0;505.0;1067.0;217.0;401.0;-4.0;4.0;7.0;0.0;AIR
114.0;226.0;478.0;1036.0;216.0;407.0;121.0;246.0;513.0;1082.0;218.0;403.0;0.0;4.0;-8.0;0.0;AIR
112.0;225.0;474.0;1034.0;215.0;406.0;120.0;245.0;515.0;1082.0;218.0;404.0;0.0;3.0;8.0;0.0;AIR
113.0;226.0;479.0;1039.0;217.0;409.0;121.0;247.0;518.0;1096.0;220.0;408.0;0.0;3.0;8.0;0.0;AIR
116.0;230.0;486.0;1051.0;220.0;410.0;123.0;249.0;517.0;1096.0;221.0;407.0;0.0;2.0;1.0;-1.0;AIR
113.0;225.0;476.0;1031.0;216.0;409.0;120.0;247.0;515.0;1086.0;221.0;407.0;0.0;3.0;12.0;-1.0;AIR
114.0;228.0;482.0;1040.0;218.0;411.0;123.0;251.0;520.0;1093.0;222.0;410.0;0.0;2.0;9.0;-1.0;AIR
93.0;192.0;422.0;944.0;204.0;396.0;119.0;242.0;508.0;1072.0;217.0;404.0;-4.0;3.0;9.0;-1.0;AIR
116.0;233.0;489.0;1059.0;220.0;412.0;124.0;249.0;520.0;1103.0;222.0;409.0;-4.0;6.0;5.0;-1.0;AIR
116.0;231.0;487.0;1057.0;221.0;412.0;123.0;250.0;520.0;1101.0;222.0;411.0;-4.0;3.0;8.0;-1.0;AIR
113.0;227.0;479.0;1042.0;219.0;411.0;123.0;251.0;521.0;1099.0;222.0;411.0;-4.0;3.0;5.0;-1.0;AIR
118.0;233.0;493.0;1062.0;220.0;414.0;123.0;255.0;526.0;1111.0;222.0;413.0;-1.0;3.0;8.0;-3.0;AIR
118.0;234.0;491.0;1059.0;221.0;416.0;124.0;252.0;525.0;1107.0;222.0;411.0;-1.0;3.0;4.0;-5.0;AIR
115.0;228.0;483.0;1042.0;217.0;409.0;123.0;250.0;520.0;1087.0;219.0;407.0;-1.0;3.0;4.0;-5.0;AIR
112.0;224.0;476.0;1030.0;214.0;405.0;118.0;246.0;511.0;1081.0;218.0;403.0;-1.0;6.0;4.0;-7.0;AIR
113.0;226.0;480.0;1040.0;217.0;409.0;118.0;242.0;509.0;1082.0;220.0;407.0;-1.0;9.0;5.0;-7.0;AIR
111.0;226.0;480.0;1037.0;217.0;410.0;122.0;250.0;520.0;1092.0;220.0;408.0;4.0;6.0;11.0;-7.0;AIR
113.0;226.0;479.0;1044.0;218.0;410.0;120.0;248.0;522.0;1099.0;221.0;409.0;5.0;9.0;15.0;-7.0;AIR
113.0;228.0;481.0;1042.0;218.0;414.0;123.0;251.0;525.0;1112.0;225.0;413.0;2.0;6.0;11.0;-7.0;AIR
118.0;235.0;496.0;1073.0;223.0;420.0;126.0;258.0;531.0;1124.0;227.0;416.0;5.0;3.0;8.0;-5.0;AIR
120.0;238.0;504.0;1083.0;226.0;423.0;126.0;258.0;535.0;1129.0;229.0;421.0;4.0;2.0;8.0;-7.0;AIR
102.0;210.0;455.0;1006.0;214.0;411.0;124.0;252.0;527.0;1109.0;222.0;416.0;2.0;3.0;8.0;-7.0;AIR
116.0;232.0;492.0;1067.0;222.0;418.0;124.0;254.0;529.0;1112.0;227.0;417.0;4.0;5.0;9.0;-1.0;AIR
117.0;235.0;493.0;1071.0;223.0;421.0;125.0;254.0;532.0;1125.0;227.0;417.0;7.0;3.0;9.0;-1.0;AIR
119.0;237.0;499.0;1082.0;225.0;423.0;129.0;261.0;542.0;1138.0;230.0;425.0;4.0;1.0;19.0;-6.0;AIR
123.0;245.0;512.0;1105.0;229.0;430.0;128.0;262.0;546.0;1149.0;232.0;425.0;7.0;1.0;14.0;-6.0;AIR
121.0;241.0;509.0;1101.0;227.0;427.0;128.0;262.0;541.0;1149.0;232.0;428.0;7.0;1.0;10.0;-10.0;AIR
123.0;245.0;517.0;1116.0;232.0;433.0;131.0;266.0;556.0;1166.0;234.0;432.0;8.0;1.0;10.0;-10.0;AIR
123.0;246.0;519.0;1120.0;232.0;434.0;130.0;268.0;559.0;1167.0;235.0;429.0;6.0;3.0;5.0;-10.0;AIR
122.0;244.0;516.0;1118.0;233.0;434.0;132.0;268.0;555.0;1164.0;233.0;431.0;6.0;4.0;5.0;-10.0;AIR
124.0;248.0;519.0;1122.0;233.0;436.0;135.0;274.0;565.0;1178.0;238.0;436.0;2.0;3.0;5.0;-8.0;AIR
124.0;246.0;518.0;1118.0;233.0;435.0;131.0;268.0;554.0;1170.0;235.0;435.0;1.0;3.0;7.0;-5.0;AIR
125.0;248.0;523.0;1129.0;235.0;446.0;135.0;275.0;573.0;1201.0;241.0;445.0;1.0;2.0;9.0;-8.0;AIR
129.0;254.0;535.0;1151.0;237.0;444.0;133.0;271.0;567.0;1201.0;241.0;441.0;1.0;2.0;11.0;-5.0;AIR
128.0;256.0;538.0;1155.0;240.0;447.0;139.0;281.0;581.0;1216.0;245.0;448.0;1.0;4.0;12.0;-4.0;AIR
131.0;260.0;546.0;1179.0;243.0;454.0;141.0;283.0;585.0;1219.0;246.0;452.0;0.0;7.0;17.0;-3.0;AIR
130.0;257.0;542.0;1169.0;241.0;452.0;138.0;282.0;583.0;1224.0;244.0;447.0;4.0;4.0;8.0;-4.0;AIR
130.0;258.0;541.0;1168.0;241.0;450.0;138.0;283.0;584.0;1213.0;244.0;448.0;4.0;1.0;8.0;-4.0;AIR
131.0;261.0;545.0;1176.0;244.0;455.0;139.0;283.0;589.0;1237.0;248.0;454.0;6.0;4.0;7.0;-5.0;AIR
132.0;262.0;549.0;1177.0;244.0;456.0;137.0;279.0;582.0;1222.0;246.0;453.0;6.0;5.0;8.0;-5.0;AIR
131.0;260.0;549.0;1184.0;246.0;461.0;142.0;285.0;594.0;1246.0;251.0;461.0;5.0;6.0;14.0;-6.0;AIR
133.0;265.0;560.0;1202.0;249.0;465.0;143.0;292.0;603.0;1258.0;252.0;463.0;5.0;5.0;10.0;-5.0;AIR
134.0;267.0;560.0;1211.0;250.0;464.0;144.0;290.0;601.0;1255.0;252.0;462.0;4.0;1.0;10.0;-6.0;AIR
137.0;270.0;568.0;1220.0;252.0;468.0;143.0;291.0;604.0;1265.0;254.0;462.0;4.0;1.0;6.0;-8.0;AIR
135.0;269.0;564.0;1206.0;250.0;465.0;141.0;287.0;600.0;1255.0;252.0;462.0;4.0;6.0;6.0;-10.0;AIR
135.0;267.0;561.0;1203.0;249.0;466.0;140.0;287.0;597.0;1245.0;249.0;457.0;3.0;6.0;4.0;-9.0;AIR
132.0;261.0;552.0;1188.0;245.0;456.0;141.0;283.0;586.0;1231.0;246.0;453.0;1.0;5.0;0.0;-9.0;AIR
132.0;261.0;548.0;1178.0;242.0;455.0;140.0;284.0;590.0;1226.0;245.0;451.0;1.0;8.0;0.0;-9.0;AIR
129.0;259.0;544.0;1168.0;243.0;450.0;141.0;282.0;584.0;1221.0;244.0;450.0;0.0;7.0;0.0;-8.0;AIR
131.0;260.0;544.0;1170.0;242.0;454.0;142.0;287.0;590.0;1227.0;248.0;453.0;1.0;3.0;4.0;-8.0;AIR
134.0;265.0;558.0;1197.0;248.0;461.0;142.0;288.0;597.0;1245.0;252.0;458.0;3.0;4.0;10.0;-5.0;AIR
135.0;267.0;561.0;1203.0;249.0;464.0;145.0;292.0;602.0;1251.0;250.0;456.0;3.0;1.0;13.0;-8.0;AIR
131.0;260.0;548.0;1178.0;244.0;458.0;140.0;287.0;592.0;1236.0;248.0;455.0;-2.0;1.0;11.0;-5.0;AIR
135.0;267.0;561.0;1204.0;248.0;465.0;142.0;290.0;601.0;1255.0;251.0;462.0;0.0;7.0;5.0;-5.0;AIR
134.0;267.0;565.0;1214.0;251.0;466.0;143.0;292.0;607.0;1270.0;255.0;467.0;0.0;4.0;7.0;-5.0;AIR
137.0;274.0;576.0;1230.0;255.0;474.0;150.0;302.0;621.0;1295.0;259.0;474.0;0.0;4.0;4.0;-5.0;AIR
140.0;278.0;584.0;1250.0;258.0;482.0;147.0;300.0;625.0;1303.0;261.0;480.0;2.0;2.0;12.0;-5.0;AIR
146.0;289.0;603.0;1289.0;264.0;489.0;152.0;305.0;630.0;1316.0;263.0;480.0;2.0;2.0;5.0;-5.0;AIR
138.0;275.0;579.0;1245.0;256.0;478.0;151.0;305.0;628.0;1302.0;261.0;472.0;2.0;2.0;5.0;-7.0;AIR
138.0;273.0;573.0;1229.0;252.0;469.0;146.0;296.0;610.0;1280.0;254.0;465.0;2.0;2.0;5.0;-4.0;AIR
136.0;267.0;562.0;1205.0;251.0;465.0;143.0;291.0;601.0;1254.0;254.0;463.0;2.0;3.0;8.0;-4.0;AIR
130.0;259.0;550.0;1181.0;246.0;461.0;143.0;290.0;598.0;1259.0;254.0;462.0;3.0;2.0;8.0;-3.0;AIR
137.0;272.0;568.0;1226.0;253.0;472.0;146.0;297.0;613.0;1286.0;259.0;471.0;3.0;6.0;9.0;-4.0;AIR
139.0;275.0;578.0;1238.0;256.0;476.0;146.0;298.0;619.0;1283.0;258.0;473.0;4.0;2.0;12.0;-4.0;AIR
139.0;275.0;578.0;1239.0;255.0;474.0;145.0;294.0;611.0;1280.0;255.0;468.0;3.0;2.0;6.0;-3.0;AIR
138.0;275.0;577.0;1244.0;256.0;477.0;149.0;302.0;619.0;1295.0;260.0;475.0;-2.0;2.0;6.0;-3.0;AIR
138.0;276.0;575.0;1231.0;253.0;473.0;147.0;293.0;609.0;1274.0;255.0;469.0;-2.0;4.0;5.0;-6.0;AIR
136.0;270.0;566.0;1216.0;250.0;467.0;142.0;291.0;603.0;1260.0;251.0;462.0;-2.0;4.0;6.0;-6.0;AIR
133.0;264.0;556.0;1195.0;247.0;462.0;142.0;289.0;600.0;1255.0;252.0;462.0;-2.0;4.0;10.0;-6.0;AIR
135.0;268.0;562.0;1200.0;249.0;463.0;143.0;289.0;602.0;1250.0;252.0;463.0;-1.0;4.0;6.0;-6.0;AIR
137.0;270.0;567.0;1215.0;250.0;464.0;146.0;294.0;611.0;1271.0;254.0;465.0;2.0;4.0;5.0;-6.0;AIR
136.0;270.0;567.0;1221.0;251.0;467.0;145.0;296.0;612.0;1278.0;256.0;467.0;2.0;5.0;6.0;-6.0;AIR
141.0;277.0;580.0;1243.0;256.0;475.0;149.0;300.0;622.0;1298.0;261.0;474.0;2.0;3.0;14.0;-6.0;AIR
140.0;277.0;580.0;1248.0;255.0;474.0;147.0;296.0;615.0;1284.0;257.0;468.0;3.0;5.0;20.0;-5.0;AIR
139.0;274.0;575.0;1233.0;253.0;472.0;146.0;297.0;611.0;1272.0;254.0;465.0;3.0;5.0;14.0;-5.0;AIR
137.0;271.0;571.0;1222.0;251.0;469.0;145.0;295.0;611.0;1271.0;255.0;467.0;3.0;7.0;14.0;-5.0;AIR
137.0;272.0;571.0;1230.0;253.0;471.0;146.0;297.0;614.0;1286.0;258.0;469.0;0.0;4.0;6.0;-5.0;AIR
139.0;275.0;577.0;1245.0;256.0;476.0;151.0;302.0;622.0;1300.0;258.0;472.0;0.0;6.0;6.0;-5.0;AIR
140.0;278.0;581.0;1244.0;256.0;474.0;149.0;299.0;617.0;1288.0;256.0;468.0;0.0;8.0;6.0;-3.0;AIR
133.0;266.0;555.0;1190.0;246.0;457.0;141.0;283.0;588.0;1224.0;244.0;450.0;0.0;6.0;11.0;-3.0;AIR
128.0;254.0;535.0;1158.0;241.0;453.0;139.0;281.0;584.0;1228.0;245.0;448.0;2.0;6.0;10.0;-5.0;AIR
123.0;247.0;520.0;1127.0;236.0;446.0;137.0;277.0;576.0;1201.0;241.0;442.0;2.0;5.0;12.0;-2.0;AIR
125.0;250.0;526.0;1142.0;236.0;444.0;136.0;277.0;577.0;1210.0;242.0;448.0;-3.0;6.0;10.0;-5.0;AIR
130.0;260.0;547.0;1173.0;242.0;452.0;142.0;289.0;594.0;1238.0;248.0;449.0;-3.0;8.0;13.0;-6.0;AIR
132.0;261.0;547.0;1175.0;244.0;453.0;140.0;283.0;587.0;1222.0;246.0;452.0;-3.0;5.0;8.0;-6.0;AIR
131.0;261.0;545.0;1170.0;242.0;454.0;139.0;282.0;588.0;1232.0;247.0;452.0;-6.0;1.0;5.0;-6.0;AIR
134.0;264.0;556.0;1191.0;245.0;457.0;144.0;289.0;596.0;1245.0;248.0;455.0;-6.0;0.0;8.0;-6.0;AIR
136.0;270.0;564.0;1216.0;250.0;468.0;146.0;296.0;616.0;1286.0;257.0;469.0;-1.0;0.0;11.0;-6.0;AIR
144.0;281.0;589.0;1252.0;257.0;480.0;150.0;304.0;628.0;1306.0;261.0;473.0;8.0;0.0;15.0;-7.0;AIR
141.0;279.0;581.0;1244.0;255.0;474.0;148.0;299.0;620.0;1284.0;257.0;472.0;7.0;0.0;9.0;-7.0;AIR
138.0;274.0;579.0;1235.0;255.0;474.0;149.0;304.0;627.0;1303.0;260.0;471.0;11.0;1.0;19.0;0.0;AIR
138.0;273.0;571.0;1234.0;254.0;472.0;147.0;297.0;615.0;1282.0;257.0;468.0;7.0;1.0;10.0;-7.0;AIR
139.0;276.0;579.0;1242.0;255.0;475.0;147.0;299.0;618.0;1286.0;258.0;471.0;12.0;5.0;13.0;-8.0;AIR
136.0;271.0;568.0;1215.0;250.0;465.0;142.0;288.0;601.0;1251.0;251.0;457.0;7.0;4.0;13.0;-8.0;AIR
132.0;261.0;550.0;1182.0;244.0;459.0;138.0;283.0;591.0;1235.0;249.0;455.0;3.0;5.0;13.0;-8.0;AIR
131.0;263.0;555.0;1196.0;247.0;461.0;143.0;291.0;606.0;1267.0;254.0;463.0;-1.0;4.0;9.0;-8.0;AIR
135.0;269.0;567.0;1214.0;252.0;467.0;145.0;295.0;610.0;1274.0;254.0;468.0;3.0;3.0;9.0;-9.0;AIR
139.0;276.0;578.0;1240.0;255.0;474.0;147.0;300.0;617.0;1288.0;258.0;471.0;3.0;3.0;10.0;-8.0;AIR
139.0;275.0;576.0;1238.0;255.0;472.0;146.0;295.0;615.0;1279.0;258.0;471.0;-1.0;3.0;9.0;-6.0;AIR
138.0;275.0;576.0;1235.0;254.0;473.0;148.0;298.0;616.0;1282.0;256.0;468.0;-1.0;6.0;10.0;-6.0;AIR
137.0;273.0;574.0;1230.0;255.0;474.0;150.0;301.0;618.0;1293.0;258.0;471.0;-3.0;6.0;10.0;-6.0;AIR
139.0;275.0;574.0;1231.0;253.0;470.0;143.0;290.0;600.0;1261.0;253.0;462.0;-3.0;11.0;13.0;-6.0;AIR
131.0;260.0;550.0;1182.0;245.0;462.0;144.0;294.0;605.0;1269.0;254.0;464.0;1.0;9.0;13.0;-6.0;AIR
137.0;272.0;568.0;1219.0;251.0;468.0;146.0;294.0;611.0;1272.0;255.0;464.0;2.0;7.0;16.0;-6.0;AIR
138.0;275.0;576.0;1231.0;253.0;472.0;149.0;301.0;622.0;1295.0;259.0;471.0;5.0;10.0;14.0;-11.0;AIR
145.0;286.0;598.0;1279.0;261.0;484.0;152.0;309.0;637.0;1330.0;265.0;482.0;5.0;7.0;10.0;-10.0;AIR
148.0;293.0;609.0;1298.0;265.0;490.0;153.0;308.0;639.0;1326.0;263.0;480.0;6.0;5.0;13.0;-4.0;AIR
141.0;281.0;585.0;1255.0;258.0;479.0;148.0;299.0;620.0;1302.0;260.0;475.0;2.0;5.0;15.0;-10.0;AIR
141.0;280.0;588.0;1261.0;259.0;478.0;150.0;304.0;629.0;1317.0;261.0;476.0;0.0;4.0;23.0;-10.0;AIR
142.0;279.0;586.0;1248.0;257.0;477.0;151.0;303.0;621.0;1293.0;259.0;470.0;0.0;4.0;6.0;-10.0;AIR
134.0;267.0;561.0;1211.0;251.0;465.0;146.0;292.0;602.0;1258.0;252.0;461.0;0.0;3.0;5.0;-7.0;AIR
135.0;269.0;567.0;1216.0;250.0;466.0;143.0;291.0;601.0;1265.0;254.0;464.0;-6.0;3.0;6.0;-11.0;AIR
138.0;274.0;576.0;1234.0;254.0;474.0;147.0;299.0;617.0;1294.0;259.0;475.0;-6.0;3.0;4.0;-9.0;AIR
143.0;283.0;592.0;1264.0;259.0;480.0;152.0;305.0;630.0;1306.0;262.0;477.0;-6.0;3.0;6.0;-13.0;AIR
139.0;278.0;581.0;1247.0;259.0;481.0;152.0;306.0;630.0;1316.0;260.0;473.0;-6.0;6.0;4.0;-10.0;AIR
139.0;277.0;582.0;1244.0;258.0;475.0;148.0;302.0;625.0;1305.0;262.0;479.0;-3.0;8.0;6.0;-10.0;AIR
146.0;289.0;607.0;1293.0;267.0;492.0;156.0;316.0;651.0;1354.0;272.0;491.0;-1.0;7.0;12.0;-9.0;AIR
151.0;298.0;623.0;1322.0;271.0;498.0;155.0;315.0;653.0;1358.0;271.0;492.0;-1.0;3.0;6.0;-10.0;AIR
148.0;293.0;611.0;1304.0;267.0;495.0;154.0;315.0;651.0;1348.0;269.0;490.0;4.0;3.0;6.0;-9.0;AIR
145.0;288.0;603.0;1289.0;264.0;491.0;156.0;311.0;632.0;1320.0;265.0;489.0;7.0;3.0;19.0;-7.0;AIR
149.0;295.0;616.0;1317.0;269.0;498.0;155.0;310.0;648.0;1346.0;269.0;490.0;14.0;5.0;16.0;-6.0;AIR
144.0;287.0;598.0;1287.0;264.0;491.0;155.0;313.0;646.0;1356.0;268.0;491.0;8.0;7.0;21.0;-7.0;AIR
150.0;297.0;619.0;1321.0;269.0;498.0;156.0;319.0;654.0;1372.0;273.0;498.0;8.0;4.0;22.0;-5.0;AIR
153.0;302.0;629.0;1346.0;275.0;507.0;162.0;325.0;671.0;1399.0;277.0;506.0;8.0;4.0;22.0;-5.0;AIR
154.0;302.0;630.0;1345.0;276.0;510.0;162.0;328.0;678.0;1411.0;279.0;506.0;7.0;4.0;13.0;-8.0;AIR
154.0;305.0;638.0;1356.0;278.0;512.0;164.0;329.0;679.0;1406.0;280.0;507.0;8.0;2.0;17.0;-8.0;AIR
155.0;304.0;635.0;1352.0;276.0;508.0;161.0;323.0;669.0;1387.0;278.0;503.0;11.0;2.0;18.0;-8.0;AIR
150.0;298.0;620.0;1330.0;272.0;506.0;162.0;330.0;675.0;1396.0;277.0;504.0;-3.0;2.0;9.0;-8.0;AIR
156.0;308.0;642.0;1361.0;279.0;512.0;164.0;332.0;680.0;1413.0;280.0;510.0;-3.0;3.0;10.0;-7.0;AIR
155.0;306.0;636.0;1359.0;277.0;510.0;161.0;326.0;670.0;1392.0;278.0;507.0;-3.0;3.0;7.0;-3.0;AIR
156.0;308.0;642.0;1358.0;278.0;516.0;164.0;334.0;683.0;1412.0;281.0;514.0;0.0;3.0;11.0;-2.0;AIR
159.0;313.0;651.0;1379.0;281.0;519.0;167.0;335.0;688.0;1417.0;281.0;511.0;5.0;4.0;11.0;-2.0;AIR
152.0;299.0;623.0;1335.0;271.0;505.0;158.0;321.0;660.0;1379.0;275.0;498.0;9.0;4.0;12.0;-3.0;AIR
148.0;292.0;612.0;1309.0;270.0;496.0;156.0;316.0;651.0;1354.0;270.0;492.0;12.0;4.0;13.0;-4.0;AIR
152.0;299.0;623.0;1335.0;271.0;505.0;158.0;321.0;660.0;1379.0;275.0;498.0;9.0;4.0;12.0;-4.0;AIR
147.0;290.0;605.0;1292.0;266.0;494.0;158.0;319.0;655.0;1362.0;269.0;491.0;3.0;5.0;11.0;-5.0;AIR
146.0;289.0;604.0;1288.0;264.0;491.0;154.0;315.0;647.0;1340.0;267.0;486.0;-1.0;-5.0;11.0;0.0;AIR
