OFFCHIP_SENSIMOX_SnAu_150_200.0_IN-PHASE;OFFCHIP_SENSIMOX_SnAu_200_200.0_IN-PHASE;OFFCHIP_SENSIMOX_SnAu_250_200.0_IN-PHASE;OFFCHIP_SENSIMOX_SnAu_300_200.0_IN-PHASE;OFFCHIP_SENSIMOX_SnAu_350_200.0_IN-PHASE;OFFCHIP_SENSIMOX_SnAu_400_200.0_IN-PHASE;OFFCHIP_SENSIMOX_SnAu_150_78125.0_IN-PHASE;OFFCHIP_SENSIMOX_SnAu_200_78125.0_IN-PHASE;OFFCHIP_SENSIMOX_SnAu_250_78125.0_IN-PHASE;OFFCHIP_SENSIMOX_SnAu_300_78125.0_IN-PHASE;OFFCHIP_SENSIMOX_SnAu_350_78125.0_IN-PHASE;OFFCHIP_SENSIMOX_SnAu_400_78125.0_IN-PHASE;ONCHIP_ALUMINUM_OXIDE_OUT4_IN-PHASE;ONCHIP_ALUMINUM_OXIDE_OUT4_QUADRATURE;ONCHIP_ALUMINUM_OXIDE_OUT7_IN-PHASE;ONCHIP_ALUMINUM_OXIDE_OUT7_QUADRATURE;Unname;LABEL
1.0;1.0;1.0;1.0;1.0;1.0;1.0;1.0;1.0;1.0;1.0;1.0;1.0;1.0;1.0;1.0;CALCIUM_NITRATE
0.0;1.0;2.0;4.0;0.0;2.0;0.0;0.0;0.0;3.0;0.0;1.0;78.0;-61.0;332.0;-312.0;CALCIUM_NITRATE
0.0;2.0;2.0;6.0;1.0;3.0;0.0;0.0;0.0;3.0;1.0;2.0;97.0;-75.0;433.0;-400.0;CALCIUM_NITRATE
0.0;2.0;4.0;7.0;1.0;4.0;1.0;1.0;2.0;8.0;1.0;2.0;114.0;-76.0;455.0;-408.0;CALCIUM_NITRATE
1.0;2.0;4.0;10.0;2.0;4.0;1.0;1.0;3.0;9.0;1.0;3.0;101.0;-84.0;449.0;-412.0;CALCIUM_NITRATE
1.0;3.0;6.0;12.0;2.0;5.0;1.0;1.0;2.0;8.0;2.0;4.0;105.0;-96.0;463.0;-431.0;CALCIUM_NITRATE
2.0;4.0;7.0;14.0;2.0;6.0;1.0;1.0;3.0;10.0;2.0;5.0;130.0;-97.0;572.0;-519.0;CALCIUM_NITRATE
2.0;4.0;8.0;15.0;3.0;7.0;1.0;2.0;5.0;13.0;3.0;5.0;166.0;-122.0;709.0;-601.0;CALCIUM_NITRATE
2.0;4.0;8.0;18.0;3.0;8.0;1.0;3.0;5.0;15.0;3.0;6.0;183.0;-132.0;788.0;-659.0;CALCIUM_NITRATE
2.0;5.0;10.0;19.0;4.0;9.0;1.0;2.0;4.0;15.0;3.0;7.0;210.0;-146.0;926.0;-761.0;CALCIUM_NITRATE
2.0;6.0;11.0;22.0;4.0;10.0;0.0;2.0;6.0;16.0;4.0;8.0;220.0;-150.0;949.0;-773.0;CALCIUM_NITRATE
3.0;7.0;13.0;25.0;5.0;11.0;0.0;3.0;8.0;19.0;4.0;8.0;223.0;-155.0;956.0;-778.0;CALCIUM_NITRATE
3.0;6.0;12.0;25.0;5.0;11.0;0.0;2.0;8.0;19.0;4.0;9.0;235.0;-165.0;998.0;-809.0;CALCIUM_NITRATE
3.0;7.0;15.0;29.0;6.0;13.0;0.0;3.0;8.0;22.0;5.0;10.0;229.0;-166.0;1002.0;-814.0;CALCIUM_NITRATE
4.0;8.0;15.0;31.0;6.0;14.0;0.0;4.0;10.0;25.0;6.0;11.0;262.0;-178.0;1100.0;-836.0;CALCIUM_NITRATE
4.0;9.0;18.0;34.0;7.0;15.0;0.0;3.0;10.0;26.0;6.0;12.0;269.0;-182.0;1179.0;-869.0;CALCIUM_NITRATE
4.0;9.0;18.0;37.0;7.0;16.0;0.0;4.0;10.0;29.0;6.0;14.0;235.0;-184.0;1041.0;-869.0;CALCIUM_NITRATE
5.0;10.0;20.0;39.0;8.0;17.0;1.0;5.0;13.0;32.0;7.0;14.0;251.0;-185.0;1081.0;-885.0;CALCIUM_NITRATE
5.0;10.0;20.0;41.0;8.0;19.0;0.0;3.0;11.0;33.0;8.0;16.0;246.0;-185.0;1121.0;-885.0;CALCIUM_NITRATE
6.0;12.0;23.0;47.0;9.0;20.0;2.0;5.0;15.0;37.0;8.0;17.0;274.0;-185.0;1190.0;-885.0;CALCIUM_NITRATE
6.0;12.0;24.0;48.0;10.0;21.0;2.0;4.0;13.0;36.0;8.0;18.0;265.0;-187.0;1162.0;-915.0;CALCIUM_NITRATE
7.0;14.0;27.0;54.0;11.0;23.0;2.0;6.0;17.0;43.0;9.0;20.0;250.0;-198.0;1107.0;-920.0;CALCIUM_NITRATE
7.0;15.0;29.0;58.0;12.0;25.0;2.0;7.0;19.0;48.0;10.0;21.0;296.0;-202.0;1268.0;-962.0;CALCIUM_NITRATE
8.0;17.0;32.0;64.0;13.0;27.0;1.0;7.0;19.0;50.0;11.0;23.0;287.0;-203.0;1295.0;-972.0;CALCIUM_NITRATE
8.0;17.0;33.0;66.0;13.0;28.0;1.0;7.0;19.0;53.0;12.0;24.0;300.0;-205.0;1325.0;-995.0;CALCIUM_NITRATE
9.0;18.0;35.0;69.0;14.0;30.0;2.0;8.0;20.0;53.0;12.0;25.0;309.0;-214.0;1389.0;-1032.0;CALCIUM_NITRATE
10.0;19.0;37.0;74.0;15.0;31.0;3.0;10.0;23.0;56.0;12.0;26.0;348.0;-214.0;1500.0;-1032.0;CALCIUM_NITRATE
10.0;20.0;38.0;76.0;15.0;32.0;2.0;9.0;24.0;59.0;13.0;27.0;353.0;-214.0;1497.0;-1051.0;CALCIUM_NITRATE
10.0;21.0;40.0;80.0;16.0;34.0;4.0;10.0;27.0;65.0;14.0;29.0;297.0;-224.0;1342.0;-1076.0;CALCIUM_NITRATE
11.0;22.0;42.0;84.0;17.0;36.0;4.0;11.0;28.0;69.0;15.0;30.0;316.0;-224.0;1422.0;-1078.0;CALCIUM_NITRATE
11.0;23.0;46.0;89.0;18.0;37.0;4.0;11.0;29.0;70.0;15.0;32.0;355.0;-224.0;1529.0;-1102.0;CALCIUM_NITRATE
12.0;24.0;46.0;92.0;19.0;39.0;3.0;11.0;30.0;73.0;16.0;33.0;353.0;-234.0;1572.0;-1121.0;CALCIUM_NITRATE
12.0;25.0;49.0;97.0;20.0;40.0;2.0;10.0;29.0;75.0;17.0;34.0;353.0;-236.0;1577.0;-1132.0;CALCIUM_NITRATE
12.0;26.0;49.0;99.0;20.0;42.0;3.0;11.0;30.0;75.0;17.0;35.0;368.0;-236.0;1627.0;-1132.0;CALCIUM_NITRATE
13.0;27.0;52.0;101.0;20.0;43.0;3.0;12.0;31.0;77.0;18.0;37.0;362.0;-239.0;1598.0;-1134.0;CALCIUM_NITRATE
13.0;27.0;52.0;104.0;21.0;44.0;5.0;15.0;35.0;84.0;18.0;38.0;371.0;-239.0;1597.0;-1142.0;CALCIUM_NITRATE
14.0;28.0;55.0;108.0;22.0;45.0;4.0;14.0;34.0;85.0;19.0;39.0;372.0;-239.0;1682.0;-1175.0;CALCIUM_NITRATE
14.0;29.0;56.0;112.0;23.0;46.0;4.0;14.0;38.0;90.0;20.0;40.0;408.0;-243.0;1769.0;-1193.0;CALCIUM_NITRATE
15.0;30.0;58.0;115.0;23.0;48.0;3.0;13.0;35.0;87.0;20.0;41.0;399.0;-254.0;1731.0;-1199.0;CALCIUM_NITRATE
15.0;31.0;60.0;119.0;24.0;50.0;4.0;15.0;37.0;91.0;21.0;43.0;391.0;-254.0;1736.0;-1211.0;CALCIUM_NITRATE
16.0;32.0;62.0;123.0;25.0;51.0;6.0;16.0;39.0;93.0;21.0;43.0;405.0;-254.0;1768.0;-1212.0;CALCIUM_NITRATE
16.0;32.0;63.0;124.0;25.0;52.0;6.0;18.0;42.0;98.0;22.0;45.0;411.0;-254.0;1796.0;-1214.0;CALCIUM_NITRATE
16.0;34.0;65.0;129.0;26.0;54.0;5.0;17.0;44.0;104.0;23.0;47.0;408.0;-255.0;1793.0;-1218.0;CALCIUM_NITRATE
17.0;35.0;68.0;134.0;27.0;56.0;7.0;18.0;43.0;106.0;23.0;48.0;419.0;-258.0;1857.0;-1252.0;CALCIUM_NITRATE
18.0;36.0;69.0;137.0;28.0;58.0;5.0;17.0;44.0;108.0;24.0;49.0;434.0;-261.0;1890.0;-1253.0;CALCIUM_NITRATE
18.0;37.0;71.0;142.0;28.0;59.0;4.0;16.0;44.0;107.0;24.0;51.0;422.0;-261.0;1886.0;-1258.0;CALCIUM_NITRATE
19.0;38.0;74.0;146.0;29.0;60.0;7.0;19.0;49.0;112.0;25.0;52.0;440.0;-261.0;1891.0;-1267.0;CALCIUM_NITRATE
19.0;39.0;75.0;148.0;30.0;61.0;6.0;19.0;49.0;118.0;26.0;52.0;434.0;-263.0;1914.0;-1269.0;CALCIUM_NITRATE
19.0;38.0;75.0;147.0;30.0;62.0;8.0;21.0;51.0;119.0;26.0;53.0;440.0;-264.0;1905.0;-1269.0;CALCIUM_NITRATE
20.0;40.0;77.0;151.0;31.0;63.0;8.0;18.0;49.0;118.0;26.0;54.0;427.0;-264.0;1910.0;-1273.0;CALCIUM_NITRATE
20.0;40.0;78.0;154.0;31.0;64.0;8.0;22.0;53.0;123.0;27.0;55.0;451.0;-264.0;1996.0;-1278.0;CALCIUM_NITRATE
20.0;40.0;79.0;156.0;31.0;65.0;9.0;22.0;53.0;125.0;27.0;56.0;435.0;-269.0;1896.0;-1301.0;CALCIUM_NITRATE
21.0;43.0;82.0;163.0;33.0;67.0;7.0;21.0;52.0;125.0;28.0;58.0;454.0;-269.0;2027.0;-1302.0;CALCIUM_NITRATE
21.0;43.0;84.0;163.0;33.0;68.0;9.0;21.0;54.0;126.0;28.0;58.0;455.0;-271.0;2001.0;-1316.0;CALCIUM_NITRATE
21.0;42.0;83.0;164.0;33.0;68.0;7.0;21.0;53.0;128.0;29.0;59.0;454.0;-272.0;2027.0;-1316.0;CALCIUM_NITRATE
22.0;44.0;85.0;168.0;34.0;69.0;7.0;23.0;56.0;133.0;29.0;60.0;462.0;-272.0;2036.0;-1313.0;CALCIUM_NITRATE
22.0;45.0;88.0;171.0;35.0;71.0;8.0;22.0;59.0;138.0;30.0;61.0;469.0;-274.0;2013.0;-1320.0;CALCIUM_NITRATE
23.0;46.0;88.0;175.0;35.0;72.0;8.0;25.0;59.0;139.0;30.0;63.0;457.0;-275.0;1996.0;-1320.0;CALCIUM_NITRATE
23.0;47.0;92.0;179.0;36.0;73.0;9.0;24.0;58.0;138.0;31.0;64.0;471.0;-274.0;2075.0;-1323.0;CALCIUM_NITRATE
23.0;47.0;91.0;178.0;36.0;74.0;9.0;25.0;60.0;143.0;32.0;64.0;460.0;-275.0;2032.0;-1327.0;CALCIUM_NITRATE
24.0;48.0;94.0;184.0;37.0;75.0;9.0;24.0;61.0;143.0;32.0;66.0;466.0;-280.0;2076.0;-1338.0;CALCIUM_NITRATE
24.0;49.0;95.0;186.0;38.0;76.0;10.0;28.0;64.0;149.0;32.0;66.0;478.0;-280.0;2129.0;-1354.0;CALCIUM_NITRATE
24.0;49.0;95.0;187.0;38.0;77.0;11.0;27.0;64.0;149.0;32.0;67.0;489.0;-280.0;2157.0;-1365.0;CALCIUM_NITRATE
24.0;48.0;94.0;186.0;38.0;78.0;8.0;24.0;63.0;147.0;32.0;67.0;502.0;-281.0;2172.0;-1368.0;CALCIUM_NITRATE
25.0;50.0;96.0;190.0;38.0;78.0;9.0;26.0;64.0;149.0;33.0;68.0;484.0;-281.0;2177.0;-1368.0;CALCIUM_NITRATE
24.0;50.0;98.0;192.0;39.0;79.0;11.0;27.0;67.0;154.0;34.0;69.0;504.0;-285.0;2182.0;-1369.0;CALCIUM_NITRATE
24.0;50.0;97.0;193.0;39.0;81.0;9.0;26.0;66.0;157.0;34.0;70.0;490.0;-290.0;2160.0;-1374.0;CALCIUM_NITRATE
25.0;50.0;99.0;195.0;40.0;81.0;10.0;28.0;68.0;158.0;34.0;71.0;502.0;-290.0;2202.0;-1378.0;CALCIUM_NITRATE
25.0;51.0;100.0;198.0;40.0;82.0;9.0;28.0;67.0;158.0;34.0;71.0;504.0;-285.0;2213.0;-1380.0;CALCIUM_NITRATE
26.0;52.0;101.0;201.0;41.0;83.0;9.0;26.0;65.0;157.0;35.0;73.0;503.0;-290.0;2210.0;-1381.0;CALCIUM_NITRATE
26.0;54.0;104.0;206.0;42.0;85.0;10.0;29.0;69.0;162.0;36.0;74.0;495.0;-288.0;2192.0;-1381.0;CALCIUM_NITRATE
26.0;53.0;105.0;208.0;42.0;86.0;11.0;29.0;71.0;165.0;36.0;74.0;503.0;-287.0;2218.0;-1381.0;CALCIUM_NITRATE
26.0;54.0;107.0;210.0;43.0;87.0;11.0;29.0;71.0;167.0;37.0;75.0;511.0;-288.0;2234.0;-1385.0;CALCIUM_NITRATE
26.0;54.0;106.0;211.0;43.0;87.0;11.0;29.0;71.0;165.0;37.0;76.0;513.0;-291.0;2230.0;-1389.0;CALCIUM_NITRATE
27.0;55.0;108.0;214.0;44.0;89.0;10.0;29.0;73.0;172.0;38.0;78.0;509.0;-290.0;2266.0;-1395.0;CALCIUM_NITRATE
28.0;57.0;109.0;219.0;44.0;90.0;11.0;30.0;73.0;174.0;38.0;79.0;508.0;-290.0;2261.0;-1400.0;CALCIUM_NITRATE
28.0;57.0;111.0;220.0;45.0;91.0;11.0;30.0;76.0;181.0;39.0;79.0;511.0;-290.0;2289.0;-1401.0;CALCIUM_NITRATE
28.0;56.0;112.0;222.0;45.0;92.0;12.0;30.0;75.0;177.0;38.0;79.0;517.0;-290.0;2302.0;-1401.0;CALCIUM_NITRATE
27.0;56.0;110.0;220.0;45.0;92.0;11.0;30.0;74.0;175.0;39.0;80.0;517.0;-290.0;2281.0;-1404.0;CALCIUM_NITRATE
28.0;57.0;112.0;224.0;46.0;94.0;12.0;33.0;78.0;181.0;39.0;82.0;531.0;-288.0;2316.0;-1411.0;CALCIUM_NITRATE
28.0;58.0;114.0;226.0;46.0;94.0;11.0;32.0;78.0;182.0;40.0;83.0;521.0;-290.0;2306.0;-1413.0;CALCIUM_NITRATE
29.0;59.0;116.0;229.0;46.0;95.0;13.0;33.0;77.0;182.0;40.0;83.0;540.0;-293.0;2322.0;-1413.0;CALCIUM_NITRATE
29.0;59.0;116.0;232.0;47.0;96.0;12.0;31.0;78.0;185.0;41.0;84.0;517.0;-291.0;2315.0;-1411.0;CALCIUM_NITRATE
29.0;60.0;118.0;232.0;47.0;96.0;11.0;32.0;81.0;190.0;42.0;84.0;527.0;-295.0;2301.0;-1408.0;CALCIUM_NITRATE
29.0;61.0;120.0;237.0;48.0;98.0;11.0;33.0;81.0;188.0;42.0;86.0;509.0;-295.0;2299.0;-1408.0;CALCIUM_NITRATE
29.0;61.0;120.0;239.0;49.0;98.0;13.0;34.0;80.0;189.0;42.0;87.0;527.0;-294.0;2300.0;-1408.0;CALCIUM_NITRATE
30.0;62.0;121.0;240.0;49.0;100.0;12.0;31.0;80.0;191.0;42.0;88.0;515.0;-294.0;2315.0;-1414.0;CALCIUM_NITRATE
31.0;63.0;123.0;246.0;50.0;101.0;13.0;36.0;87.0;206.0;44.0;89.0;531.0;-295.0;2343.0;-1423.0;CALCIUM_NITRATE
30.0;63.0;125.0;246.0;50.0;102.0;13.0;35.0;85.0;198.0;44.0;90.0;532.0;-296.0;2353.0;-1426.0;CALCIUM_NITRATE
30.0;62.0;124.0;246.0;50.0;103.0;13.0;35.0;87.0;205.0;44.0;90.0;522.0;-296.0;2347.0;-1426.0;CALCIUM_NITRATE
31.0;65.0;127.0;253.0;51.0;104.0;13.0;35.0;86.0;201.0;45.0;92.0;531.0;-296.0;2355.0;-1426.0;CALCIUM_NITRATE
31.0;64.0;127.0;255.0;52.0;105.0;13.0;36.0;86.0;207.0;45.0;92.0;551.0;-297.0;2390.0;-1426.0;CALCIUM_NITRATE
31.0;64.0;126.0;256.0;52.0;106.0;11.0;33.0;84.0;201.0;45.0;93.0;535.0;-297.0;2354.0;-1434.0;CALCIUM_NITRATE
31.0;64.0;128.0;256.0;52.0;107.0;12.0;36.0;90.0;211.0;46.0;94.0;541.0;-298.0;2396.0;-1438.0;CALCIUM_NITRATE
31.0;65.0;129.0;258.0;52.0;108.0;12.0;35.0;87.0;208.0;46.0;94.0;537.0;-300.0;2394.0;-1441.0;CALCIUM_NITRATE
32.0;66.0;130.0;260.0;53.0;108.0;14.0;38.0;89.0;211.0;46.0;95.0;545.0;-300.0;2390.0;-1441.0;CALCIUM_NITRATE
32.0;66.0;131.0;262.0;54.0;109.0;12.0;36.0;89.0;211.0;47.0;97.0;543.0;-301.0;2401.0;-1442.0;CALCIUM_NITRATE
33.0;68.0;133.0;268.0;54.0;111.0;15.0;38.0;91.0;216.0;48.0;99.0;549.0;-303.0;2422.0;-1446.0;CALCIUM_NITRATE
33.0;68.0;135.0;272.0;56.0;113.0;13.0;37.0;93.0;221.0;48.0;100.0;546.0;-301.0;2440.0;-1446.0;CALCIUM_NITRATE
34.0;69.0;138.0;277.0;56.0;114.0;16.0;39.0;95.0;221.0;49.0;102.0;549.0;-305.0;2432.0;-1448.0;CALCIUM_NITRATE
33.0;69.0;137.0;275.0;57.0;116.0;14.0;38.0;94.0;222.0;49.0;101.0;534.0;-306.0;2417.0;-1450.0;CALCIUM_NITRATE
34.0;70.0;140.0;280.0;58.0;116.0;15.0;40.0;97.0;228.0;50.0;102.0;552.0;-307.0;2433.0;-1450.0;CALCIUM_NITRATE
33.0;70.0;139.0;279.0;57.0;118.0;14.0;38.0;95.0;231.0;51.0;104.0;555.0;-306.0;2438.0;-1450.0;CALCIUM_NITRATE
34.0;72.0;142.0;285.0;59.0;120.0;14.0;40.0;99.0;231.0;51.0;105.0;543.0;-306.0;2451.0;-1450.0;CALCIUM_NITRATE
34.0;71.0;142.0;287.0;59.0;120.0;15.0;40.0;100.0;237.0;52.0;107.0;543.0;-303.0;2447.0;-1453.0;CALCIUM_NITRATE
34.0;72.0;143.0;290.0;59.0;122.0;15.0;41.0;100.0;234.0;52.0;107.0;553.0;-303.0;2451.0;-1453.0;CALCIUM_NITRATE
35.0;72.0;145.0;295.0;60.0;124.0;14.0;40.0;100.0;237.0;53.0;110.0;555.0;-298.0;2463.0;-1451.0;CALCIUM_NITRATE
35.0;74.0;147.0;298.0;61.0;124.0;16.0;41.0;102.0;243.0;54.0;110.0;556.0;-298.0;2460.0;-1449.0;CALCIUM_NITRATE
35.0;74.0;148.0;298.0;61.0;125.0;17.0;43.0;103.0;243.0;54.0;111.0;568.0;-303.0;2467.0;-1451.0;CALCIUM_NITRATE
35.0;74.0;149.0;302.0;62.0;127.0;16.0;42.0;101.0;242.0;54.0;112.0;568.0;-304.0;2486.0;-1451.0;CALCIUM_NITRATE
36.0;74.0;149.0;302.0;62.0;127.0;14.0;40.0;100.0;242.0;54.0;112.0;561.0;-305.0;2465.0;-1454.0;CALCIUM_NITRATE
35.0;74.0;149.0;302.0;62.0;128.0;16.0;43.0;105.0;246.0;55.0;114.0;567.0;-307.0;2484.0;-1458.0;CALCIUM_NITRATE
36.0;75.0;150.0;305.0;63.0;129.0;17.0;43.0;105.0;251.0;56.0;115.0;561.0;-307.0;2506.0;-1458.0;CALCIUM_NITRATE
36.0;76.0;153.0;312.0;64.0;131.0;17.0;45.0;108.0;256.0;57.0;116.0;573.0;-305.0;2501.0;-1459.0;CALCIUM_NITRATE
37.0;77.0;156.0;315.0;64.0;132.0;16.0;44.0;108.0;255.0;57.0;117.0;570.0;-305.0;2492.0;-1469.0;CALCIUM_NITRATE
37.0;78.0;157.0;316.0;65.0;134.0;17.0;45.0;110.0;260.0;58.0;118.0;557.0;-306.0;2492.0;-1469.0;CALCIUM_NITRATE
37.0;78.0;157.0;319.0;66.0;135.0;17.0;46.0;113.0;272.0;59.0;120.0;561.0;-305.0;2502.0;-1469.0;CALCIUM_NITRATE
37.0;79.0;159.0;323.0;67.0;137.0;18.0;48.0;117.0;276.0;60.0;121.0;570.0;-306.0;2514.0;-1469.0;CALCIUM_NITRATE
38.0;80.0;161.0;324.0;67.0;137.0;19.0;47.0;114.0;269.0;59.0;121.0;565.0;-309.0;2519.0;-1469.0;CALCIUM_NITRATE
38.0;80.0;162.0;328.0;68.0;139.0;19.0;47.0;114.0;272.0;60.0;123.0;581.0;-311.0;2505.0;-1471.0;CALCIUM_NITRATE
39.0;82.0;165.0;332.0;68.0;140.0;18.0;48.0;117.0;272.0;60.0;124.0;570.0;-311.0;2528.0;-1471.0;CALCIUM_NITRATE
38.0;80.0;164.0;330.0;68.0;140.0;18.0;48.0;119.0;279.0;61.0;124.0;569.0;-311.0;2535.0;-1471.0;CALCIUM_NITRATE
39.0;82.0;166.0;334.0;69.0;143.0;18.0;47.0;117.0;277.0;62.0;127.0;574.0;-311.0;2533.0;-1474.0;CALCIUM_NITRATE
40.0;83.0;168.0;341.0;70.0;144.0;16.0;45.0;115.0;274.0;62.0;128.0;568.0;-311.0;2536.0;-1475.0;CALCIUM_NITRATE
40.0;83.0;167.0;341.0;71.0;146.0;19.0;50.0;121.0;291.0;64.0;130.0;582.0;-308.0;2560.0;-1474.0;CALCIUM_NITRATE
39.0;84.0;170.0;344.0;72.0;146.0;20.0;49.0;120.0;282.0;63.0;130.0;581.0;-308.0;2570.0;-1478.0;CALCIUM_NITRATE
40.0;84.0;169.0;346.0;72.0;147.0;20.0;51.0;125.0;298.0;64.0;132.0;591.0;-310.0;2564.0;-1479.0;CALCIUM_NITRATE
40.0;84.0;170.0;350.0;72.0;149.0;19.0;51.0;125.0;294.0;65.0;133.0;576.0;-307.0;2557.0;-1482.0;CALCIUM_NITRATE
40.0;85.0;173.0;353.0;73.0;151.0;18.0;51.0;124.0;294.0;65.0;134.0;574.0;-307.0;2565.0;-1483.0;CALCIUM_NITRATE
41.0;86.0;176.0;359.0;74.0;152.0;20.0;52.0;127.0;302.0;67.0;136.0;577.0;-307.0;2570.0;-1483.0;CALCIUM_NITRATE
40.0;85.0;174.0;355.0;74.0;153.0;20.0;53.0;130.0;302.0;66.0;135.0;585.0;-310.0;2575.0;-1483.0;CALCIUM_NITRATE
40.0;86.0;175.0;358.0;74.0;153.0;20.0;53.0;132.0;311.0;67.0;136.0;592.0;-307.0;2574.0;-1482.0;CALCIUM_NITRATE
41.0;87.0;176.0;362.0;75.0;155.0;19.0;51.0;125.0;301.0;68.0;139.0;573.0;-309.0;2575.0;-1481.0;CALCIUM_NITRATE
42.0;89.0;181.0;367.0;76.0;156.0;19.0;52.0;129.0;306.0;68.0;140.0;578.0;-309.0;2574.0;-1481.0;CALCIUM_NITRATE
43.0;89.0;182.0;372.0;77.0;158.0;19.0;52.0;128.0;305.0;68.0;141.0;578.0;-309.0;2578.0;-1482.0;CALCIUM_NITRATE
41.0;88.0;181.0;372.0;77.0;159.0;19.0;53.0;131.0;309.0;69.0;144.0;585.0;-309.0;2583.0;-1481.0;CALCIUM_NITRATE
42.0;90.0;185.0;375.0;78.0;161.0;21.0;55.0;133.0;314.0;70.0;144.0;598.0;-309.0;2595.0;-1482.0;CALCIUM_NITRATE
42.0;91.0;184.0;376.0;78.0;162.0;21.0;55.0;135.0;322.0;70.0;145.0;599.0;-313.0;2599.0;-1483.0;CALCIUM_NITRATE
42.0;90.0;184.0;378.0;79.0;164.0;21.0;56.0;138.0;326.0;72.0;146.0;573.0;-314.0;2575.0;-1489.0;CALCIUM_NITRATE
43.0;92.0;187.0;381.0;80.0;164.0;22.0;56.0;141.0;331.0;72.0;146.0;604.0;-317.0;2605.0;-1490.0;CALCIUM_NITRATE
43.0;91.0;186.0;382.0;80.0;164.0;21.0;55.0;137.0;325.0;72.0;147.0;585.0;-317.0;2614.0;-1490.0;CALCIUM_NITRATE
42.0;91.0;186.0;382.0;80.0;166.0;21.0;57.0;143.0;334.0;73.0;149.0;584.0;-317.0;2619.0;-1493.0;CALCIUM_NITRATE
43.0;92.0;189.0;389.0;81.0;166.0;20.0;55.0;135.0;327.0;73.0;149.0;587.0;-314.0;2601.0;-1493.0;CALCIUM_NITRATE
43.0;92.0;189.0;387.0;81.0;167.0;22.0;59.0;143.0;333.0;73.0;151.0;597.0;-311.0;2623.0;-1493.0;CALCIUM_NITRATE
43.0;93.0;189.0;389.0;81.0;169.0;21.0;57.0;144.0;340.0;74.0;151.0;586.0;-309.0;2607.0;-1494.0;CALCIUM_NITRATE
44.0;94.0;193.0;398.0;82.0;171.0;24.0;59.0;145.0;345.0;76.0;154.0;593.0;-311.0;2621.0;-1494.0;CALCIUM_NITRATE
43.0;94.0;194.0;399.0;84.0;172.0;23.0;60.0;148.0;343.0;76.0;156.0;588.0;-309.0;2621.0;-1493.0;CALCIUM_NITRATE
44.0;93.0;193.0;400.0;83.0;173.0;23.0;60.0;145.0;341.0;76.0;155.0;585.0;-307.0;2633.0;-1494.0;CALCIUM_NITRATE
44.0;95.0;195.0;401.0;84.0;173.0;21.0;58.0;147.0;352.0;77.0;156.0;587.0;-309.0;2631.0;-1494.0;CALCIUM_NITRATE
44.0;94.0;194.0;400.0;83.0;174.0;23.0;60.0;148.0;350.0;77.0;155.0;598.0;-309.0;2626.0;-1495.0;CALCIUM_NITRATE
44.0;94.0;195.0;402.0;84.0;174.0;23.0;58.0;142.0;339.0;75.0;156.0;593.0;-309.0;2637.0;-1494.0;CALCIUM_NITRATE
44.0;94.0;195.0;403.0;84.0;174.0;24.0;59.0;145.0;341.0;76.0;157.0;602.0;-309.0;2640.0;-1495.0;CALCIUM_NITRATE
44.0;95.0;194.0;404.0;85.0;176.0;25.0;62.0;150.0;351.0;77.0;157.0;599.0;-309.0;2641.0;-1494.0;CALCIUM_NITRATE
44.0;96.0;196.0;408.0;85.0;177.0;25.0;63.0;154.0;365.0;80.0;160.0;600.0;-309.0;2643.0;-1495.0;CALCIUM_NITRATE
45.0;98.0;201.0;414.0;87.0;179.0;25.0;63.0;155.0;367.0;79.0;161.0;606.0;-309.0;2640.0;-1496.0;CALCIUM_NITRATE
45.0;96.0;201.0;416.0;87.0;180.0;22.0;61.0;150.0;355.0;79.0;161.0;598.0;-309.0;2640.0;-1496.0;CALCIUM_NITRATE
45.0;97.0;201.0;416.0;87.0;180.0;24.0;63.0;152.0;357.0;80.0;163.0;595.0;-309.0;2640.0;-1498.0;CALCIUM_NITRATE
45.0;98.0;203.0;420.0;87.0;181.0;26.0;65.0;157.0;370.0;80.0;163.0;602.0;-312.0;2657.0;-1500.0;CALCIUM_NITRATE
46.0;99.0;206.0;422.0;88.0;181.0;24.0;62.0;152.0;360.0;81.0;164.0;596.0;-313.0;2648.0;-1500.0;CALCIUM_NITRATE
46.0;98.0;206.0;424.0;89.0;183.0;24.0;63.0;156.0;366.0;80.0;166.0;602.0;-314.0;2652.0;-1500.0;CALCIUM_NITRATE
46.0;99.0;206.0;425.0;88.0;184.0;23.0;62.0;154.0;365.0;81.0;166.0;593.0;-314.0;2637.0;-1500.0;CALCIUM_NITRATE
46.0;99.0;207.0;428.0;89.0;185.0;25.0;65.0;159.0;380.0;82.0;167.0;600.0;-314.0;2647.0;-1500.0;CALCIUM_NITRATE
46.0;100.0;209.0;429.0;90.0;186.0;25.0;63.0;157.0;374.0;83.0;169.0;587.0;-314.0;2649.0;-1500.0;CALCIUM_NITRATE
46.0;100.0;208.0;433.0;91.0;187.0;24.0;65.0;160.0;380.0;83.0;169.0;595.0;-314.0;2659.0;-1500.0;CALCIUM_NITRATE
47.0;102.0;214.0;438.0;91.0;188.0;25.0;65.0;158.0;378.0;83.0;170.0;596.0;-312.0;2663.0;-1501.0;CALCIUM_NITRATE
46.0;100.0;208.0;436.0;92.0;190.0;27.0;66.0;162.0;385.0;84.0;172.0;600.0;-312.0;2665.0;-1500.0;CALCIUM_NITRATE
46.0;101.0;212.0;438.0;92.0;190.0;26.0;66.0;167.0;394.0;85.0;172.0;600.0;-312.0;2670.0;-1497.0;CALCIUM_NITRATE
48.0;103.0;213.0;443.0;93.0;191.0;25.0;67.0;165.0;387.0;85.0;174.0;598.0;-314.0;2655.0;-1494.0;CALCIUM_NITRATE
48.0;103.0;215.0;445.0;93.0;192.0;27.0;69.0;167.0;387.0;85.0;175.0;605.0;-314.0;2662.0;-1497.0;CALCIUM_NITRATE
48.0;104.0;217.0;446.0;94.0;193.0;27.0;69.0;168.0;398.0;86.0;174.0;622.0;-317.0;2676.0;-1497.0;CALCIUM_NITRATE
48.0;105.0;217.0;447.0;94.0;194.0;26.0;68.0;165.0;391.0;86.0;175.0;594.0;-314.0;2663.0;-1500.0;CALCIUM_NITRATE
48.0;104.0;214.0;447.0;94.0;195.0;28.0;69.0;169.0;399.0;87.0;177.0;604.0;-314.0;2663.0;-1502.0;CALCIUM_NITRATE
48.0;104.0;216.0;452.0;95.0;196.0;29.0;71.0;170.0;397.0;86.0;177.0;608.0;-317.0;2687.0;-1502.0;CALCIUM_NITRATE
48.0;105.0;219.0;455.0;95.0;196.0;28.0;71.0;171.0;397.0;87.0;178.0;611.0;-313.0;2674.0;-1502.0;CALCIUM_NITRATE
49.0;106.0;220.0;458.0;96.0;197.0;28.0;70.0;173.0;406.0;88.0;180.0;613.0;-311.0;2684.0;-1502.0;CALCIUM_NITRATE
48.0;106.0;221.0;460.0;96.0;198.0;26.0;67.0;168.0;396.0;88.0;180.0;604.0;-311.0;2674.0;-1501.0;CALCIUM_NITRATE
48.0;106.0;221.0;461.0;96.0;198.0;27.0;71.0;171.0;401.0;88.0;180.0;609.0;-312.0;2675.0;-1501.0;CALCIUM_NITRATE
49.0;106.0;221.0;459.0;96.0;199.0;28.0;71.0;171.0;403.0;90.0;181.0;600.0;-312.0;2679.0;-1502.0;CALCIUM_NITRATE
49.0;108.0;224.0;464.0;97.0;200.0;27.0;69.0;173.0;409.0;90.0;181.0;598.0;-311.0;2685.0;-1502.0;CALCIUM_NITRATE
49.0;107.0;222.0;462.0;97.0;200.0;26.0;69.0;170.0;407.0;90.0;184.0;599.0;-312.0;2660.0;-1503.0;CALCIUM_NITRATE
50.0;108.0;226.0;468.0;98.0;202.0;29.0;73.0;177.0;417.0;90.0;182.0;608.0;-312.0;2679.0;-1503.0;CALCIUM_NITRATE
49.0;107.0;224.0;460.0;98.0;201.0;27.0;71.0;176.0;418.0;91.0;183.0;600.0;-315.0;2678.0;-1503.0;CALCIUM_NITRATE
50.0;109.0;226.0;471.0;98.0;203.0;25.0;69.0;171.0;409.0;90.0;184.0;607.0;-312.0;2687.0;-1503.0;CALCIUM_NITRATE
49.0;107.0;224.0;468.0;99.0;203.0;27.0;70.0;171.0;407.0;91.0;185.0;606.0;-313.0;2673.0;-1502.0;CALCIUM_NITRATE
49.0;108.0;227.0;470.0;99.0;204.0;28.0;72.0;177.0;423.0;93.0;186.0;618.0;-313.0;2701.0;-1500.0;CALCIUM_NITRATE
50.0;110.0;229.0;474.0;99.0;205.0;27.0;72.0;180.0;424.0;93.0;186.0;596.0;-312.0;2678.0;-1500.0;CALCIUM_NITRATE
50.0;108.0;227.0;472.0;99.0;206.0;29.0;76.0;181.0;421.0;92.0;188.0;615.0;-312.0;2678.0;-1499.0;CALCIUM_NITRATE
50.0;109.0;231.0;478.0;100.0;208.0;29.0;74.0;180.0;423.0;93.0;190.0;607.0;-312.0;2686.0;-1500.0;CALCIUM_NITRATE
50.0;110.0;231.0;480.0;101.0;210.0;29.0;73.0;181.0;428.0;95.0;192.0;601.0;-312.0;2683.0;-1505.0;CALCIUM_NITRATE
50.0;111.0;232.0;484.0;102.0;210.0;27.0;72.0;178.0;425.0;94.0;191.0;603.0;-310.0;2696.0;-1505.0;CALCIUM_NITRATE
51.0;112.0;235.0;487.0;102.0;210.0;28.0;75.0;186.0;436.0;95.0;193.0;603.0;-312.0;2667.0;-1505.0;CALCIUM_NITRATE
51.0;111.0;233.0;489.0;103.0;211.0;28.0;73.0;179.0;425.0;95.0;193.0;600.0;-311.0;2687.0;-1505.0;CALCIUM_NITRATE
51.0;113.0;236.0;490.0;103.0;213.0;31.0;78.0;190.0;441.0;95.0;194.0;611.0;-312.0;2694.0;-1502.0;CALCIUM_NITRATE
52.0;114.0;238.0;495.0;104.0;214.0;31.0;78.0;190.0;440.0;96.0;194.0;607.0;-312.0;2698.0;-1502.0;CALCIUM_NITRATE
52.0;114.0;238.0;495.0;104.0;215.0;31.0;77.0;184.0;432.0;96.0;196.0;611.0;-312.0;2696.0;-1507.0;CALCIUM_NITRATE
52.0;114.0;239.0;497.0;104.0;214.0;29.0;74.0;186.0;445.0;98.0;198.0;602.0;-312.0;2685.0;-1505.0;CALCIUM_NITRATE
52.0;114.0;239.0;502.0;105.0;217.0;29.0;76.0;190.0;451.0;99.0;198.0;601.0;-315.0;2707.0;-1506.0;CALCIUM_NITRATE
52.0;114.0;240.0;501.0;105.0;218.0;28.0;74.0;184.0;438.0;97.0;198.0;608.0;-316.0;2695.0;-1506.0;CALCIUM_NITRATE
52.0;116.0;243.0;508.0;106.0;219.0;31.0;77.0;190.0;449.0;99.0;201.0;617.0;-316.0;2687.0;-1506.0;CALCIUM_NITRATE
53.0;115.0;244.0;506.0;107.0;220.0;31.0;80.0;195.0;455.0;100.0;201.0;606.0;-316.0;2694.0;-1506.0;CALCIUM_NITRATE
53.0;116.0;244.0;511.0;107.0;221.0;31.0;79.0;194.0;457.0;100.0;202.0;610.0;-317.0;2705.0;-1506.0;CALCIUM_NITRATE
53.0;117.0;245.0;511.0;107.0;221.0;31.0;77.0;191.0;451.0;100.0;203.0;608.0;-317.0;2706.0;-1506.0;CALCIUM_NITRATE
53.0;116.0;244.0;510.0;107.0;223.0;31.0;80.0;193.0;453.0;100.0;203.0;617.0;-313.0;2693.0;-1508.0;CALCIUM_NITRATE
53.0;117.0;245.0;514.0;108.0;223.0;32.0;82.0;198.0;459.0;101.0;204.0;609.0;-313.0;2709.0;-1509.0;CALCIUM_NITRATE
53.0;117.0;247.0;517.0;109.0;224.0;32.0;80.0;192.0;459.0;102.0;206.0;612.0;-312.0;2710.0;-1506.0;CALCIUM_NITRATE
54.0;118.0;250.0;520.0;109.0;225.0;32.0;82.0;202.0;476.0;102.0;206.0;611.0;-312.0;2705.0;-1509.0;CALCIUM_NITRATE
54.0;119.0;250.0;521.0;110.0;225.0;33.0;82.0;199.0;469.0;102.0;208.0;619.0;-314.0;2704.0;-1509.0;CALCIUM_NITRATE
54.0;118.0;251.0;526.0;110.0;227.0;30.0;80.0;197.0;464.0;103.0;208.0;607.0;-314.0;2700.0;-1509.0;CALCIUM_NITRATE
55.0;120.0;253.0;529.0;111.0;227.0;33.0;84.0;208.0;485.0;104.0;210.0;617.0;-311.0;2708.0;-1509.0;CALCIUM_NITRATE
54.0;120.0;252.0;529.0;110.0;229.0;35.0;86.0;207.0;480.0;105.0;211.0;602.0;-311.0;2709.0;-1514.0;CALCIUM_NITRATE
56.0;121.0;257.0;535.0;112.0;230.0;32.0;83.0;205.0;484.0;105.0;211.0;609.0;-311.0;2695.0;-1509.0;CALCIUM_NITRATE
55.0;121.0;255.0;535.0;113.0;230.0;32.0;82.0;201.0;475.0;105.0;212.0;612.0;-311.0;2712.0;-1511.0;CALCIUM_NITRATE
56.0;122.0;257.0;537.0;112.0;231.0;35.0;87.0;209.0;485.0;106.0;215.0;617.0;-311.0;2717.0;-1511.0;CALCIUM_NITRATE
56.0;122.0;258.0;539.0;113.0;233.0;35.0;87.0;211.0;497.0;106.0;214.0;614.0;-311.0;2707.0;-1510.0;CALCIUM_NITRATE
56.0;124.0;260.0;540.0;114.0;234.0;34.0;87.0;212.0;491.0;106.0;215.0;608.0;-318.0;2699.0;-1508.0;CALCIUM_NITRATE
56.0;123.0;261.0;544.0;114.0;235.0;35.0;88.0;213.0;502.0;108.0;217.0;617.0;-313.0;2698.0;-1508.0;CALCIUM_NITRATE
57.0;124.0;264.0;552.0;116.0;236.0;34.0;87.0;211.0;497.0;108.0;216.0;616.0;-318.0;2695.0;-1508.0;CALCIUM_NITRATE
57.0;124.0;263.0;550.0;115.0;236.0;35.0;87.0;213.0;500.0;109.0;218.0;611.0;-318.0;2714.0;-1508.0;CALCIUM_NITRATE
56.0;124.0;262.0;550.0;115.0;236.0;36.0;89.0;213.0;492.0;108.0;219.0;610.0;-318.0;2712.0;-1508.0;CALCIUM_NITRATE
56.0;124.0;262.0;551.0;115.0;237.0;32.0;84.0;209.0;492.0;108.0;220.0;613.0;-318.0;2719.0;-1508.0;CALCIUM_NITRATE
57.0;126.0;265.0;556.0;117.0;240.0;35.0;87.0;215.0;507.0;110.0;220.0;614.0;-318.0;2715.0;-1509.0;CALCIUM_NITRATE
57.0;126.0;268.0;560.0;118.0;240.0;35.0;86.0;210.0;496.0;109.0;221.0;618.0;-316.0;2723.0;-1509.0;CALCIUM_NITRATE
57.0;126.0;270.0;560.0;118.0;242.0;37.0;92.0;220.0;508.0;111.0;223.0;608.0;-316.0;2713.0;-1509.0;CALCIUM_NITRATE
57.0;127.0;272.0;562.0;118.0;242.0;36.0;91.0;217.0;508.0;112.0;225.0;605.0;-316.0;2709.0;-1509.0;CALCIUM_NITRATE
58.0;127.0;269.0;566.0;118.0;243.0;37.0;93.0;223.0;515.0;111.0;225.0;605.0;-315.0;2717.0;-1507.0;CALCIUM_NITRATE
58.0;128.0;270.0;566.0;120.0;244.0;34.0;88.0;217.0;512.0;111.0;225.0;606.0;-315.0;2710.0;-1507.0;CALCIUM_NITRATE
58.0;127.0;269.0;563.0;118.0;244.0;37.0;91.0;220.0;518.0;112.0;225.0;617.0;-317.0;2720.0;-1506.0;CALCIUM_NITRATE
58.0;128.0;270.0;569.0;120.0;244.0;34.0;88.0;218.0;511.0;113.0;227.0;602.0;-320.0;2692.0;-1506.0;CALCIUM_NITRATE
59.0;131.0;277.0;577.0;120.0;248.0;36.0;93.0;225.0;531.0;114.0;228.0;615.0;-315.0;2713.0;-1507.0;CALCIUM_NITRATE
58.0;130.0;275.0;576.0;121.0;249.0;38.0;94.0;228.0;537.0;115.0;230.0;623.0;-312.0;2724.0;-1507.0;CALCIUM_NITRATE
59.0;130.0;275.0;579.0;121.0;250.0;37.0;92.0;224.0;527.0;115.0;232.0;623.0;-316.0;2725.0;-1506.0;CALCIUM_NITRATE
60.0;132.0;278.0;583.0;122.0;250.0;35.0;91.0;224.0;526.0;115.0;231.0;604.0;-312.0;2712.0;-1507.0;CALCIUM_NITRATE
60.0;131.0;280.0;582.0;122.0;250.0;39.0;96.0;231.0;536.0;115.0;233.0;612.0;-312.0;2728.0;-1509.0;CALCIUM_NITRATE
60.0;132.0;281.0;586.0;123.0;250.0;39.0;96.0;229.0;531.0;115.0;233.0;612.0;-312.0;2729.0;-1509.0;CALCIUM_NITRATE
59.0;132.0;278.0;585.0;122.0;251.0;38.0;95.0;230.0;529.0;116.0;233.0;616.0;-314.0;2731.0;-1509.0;CALCIUM_NITRATE
59.0;130.0;278.0;584.0;122.0;251.0;37.0;95.0;226.0;533.0;115.0;232.0;626.0;-312.0;2720.0;-1509.0;CALCIUM_NITRATE
60.0;132.0;280.0;588.0;123.0;252.0;37.0;95.0;230.0;532.0;116.0;234.0;621.0;-313.0;2714.0;-1508.0;CALCIUM_NITRATE
60.0;133.0;282.0;588.0;124.0;254.0;38.0;94.0;229.0;539.0;117.0;235.0;612.0;-313.0;2721.0;-1507.0;CALCIUM_NITRATE
60.0;134.0;284.0;593.0;124.0;254.0;38.0;97.0;233.0;536.0;118.0;234.0;623.0;-313.0;2724.0;-1508.0;CALCIUM_NITRATE
60.0;133.0;283.0;593.0;124.0;254.0;39.0;97.0;231.0;536.0;117.0;236.0;627.0;-313.0;2729.0;-1507.0;CALCIUM_NITRATE
59.0;132.0;281.0;589.0;124.0;255.0;39.0;96.0;231.0;536.0;118.0;238.0;626.0;-313.0;2735.0;-1507.0;CALCIUM_NITRATE
61.0;134.0;285.0;596.0;125.0;254.0;38.0;95.0;233.0;542.0;117.0;236.0;626.0;-313.0;2728.0;-1507.0;CALCIUM_NITRATE
60.0;135.0;285.0;595.0;125.0;256.0;39.0;95.0;230.0;540.0;119.0;239.0;621.0;-312.0;2724.0;-1507.0;CALCIUM_NITRATE
60.0;134.0;287.0;602.0;126.0;257.0;41.0;100.0;240.0;555.0;119.0;241.0;623.0;-314.0;2730.0;-1505.0;CALCIUM_NITRATE
61.0;136.0;288.0;602.0;126.0;257.0;38.0;96.0;233.0;546.0;118.0;238.0;617.0;-314.0;2723.0;-1507.0;CALCIUM_NITRATE
61.0;136.0;289.0;601.0;126.0;258.0;38.0;95.0;233.0;544.0;119.0;239.0;607.0;-312.0;2695.0;-1505.0;CALCIUM_NITRATE
62.0;138.0;292.0;608.0;127.0;260.0;39.0;98.0;237.0;553.0;120.0;240.0;620.0;-312.0;2728.0;-1505.0;CALCIUM_NITRATE
62.0;136.0;288.0;606.0;127.0;260.0;40.0;99.0;239.0;551.0;121.0;243.0;615.0;-312.0;2730.0;-1505.0;CALCIUM_NITRATE
61.0;136.0;290.0;606.0;127.0;261.0;39.0;98.0;236.0;552.0;121.0;243.0;625.0;-312.0;2731.0;-1508.0;CALCIUM_NITRATE
61.0;136.0;288.0;608.0;127.0;262.0;41.0;102.0;245.0;568.0;122.0;245.0;628.0;-312.0;2722.0;-1507.0;CALCIUM_NITRATE
63.0;139.0;297.0;617.0;129.0;262.0;40.0;100.0;243.0;562.0;122.0;245.0;607.0;-317.0;2701.0;-1507.0;CALCIUM_NITRATE
63.0;139.0;295.0;620.0;129.0;266.0;41.0;102.0;243.0;564.0;124.0;246.0;612.0;-317.0;2726.0;-1508.0;CALCIUM_NITRATE
62.0;138.0;294.0;618.0;129.0;264.0;39.0;99.0;243.0;571.0;123.0;244.0;615.0;-317.0;2727.0;-1508.0;CALCIUM_NITRATE
62.0;138.0;296.0;613.0;129.0;264.0;39.0;98.0;237.0;561.0;123.0;247.0;609.0;-315.0;2725.0;-1510.0;CALCIUM_NITRATE
63.0;140.0;296.0;621.0;131.0;265.0;39.0;99.0;243.0;572.0;124.0;247.0;618.0;-314.0;2749.0;-1512.0;CALCIUM_NITRATE
62.0;138.0;294.0;617.0;130.0;266.0;41.0;100.0;243.0;567.0;124.0;248.0;619.0;-314.0;2728.0;-1513.0;CALCIUM_NITRATE
63.0;139.0;296.0;618.0;130.0;265.0;40.0;102.0;245.0;567.0;122.0;248.0;615.0;-314.0;2729.0;-1512.0;CALCIUM_NITRATE
62.0;139.0;297.0;622.0;130.0;266.0;43.0;103.0;247.0;574.0;124.0;249.0;618.0;-314.0;2746.0;-1510.0;CALCIUM_NITRATE
63.0;141.0;299.0;628.0;131.0;268.0;41.0;103.0;249.0;587.0;126.0;250.0;624.0;-312.0;2739.0;-1512.0;CALCIUM_NITRATE
63.0;140.0;299.0;628.0;131.0;267.0;41.0;104.0;249.0;575.0;125.0;250.0;616.0;-315.0;2730.0;-1510.0;CALCIUM_NITRATE
63.0;139.0;298.0;624.0;131.0;268.0;41.0;103.0;250.0;583.0;125.0;250.0;617.0;-312.0;2731.0;-1510.0;CALCIUM_NITRATE
64.0;141.0;300.0;628.0;131.0;270.0;40.0;100.0;245.0;574.0;126.0;253.0;629.0;-315.0;2734.0;-1510.0;CALCIUM_NITRATE
64.0;142.0;304.0;637.0;133.0;271.0;42.0;105.0;249.0;577.0;127.0;252.0;621.0;-315.0;2741.0;-1510.0;CALCIUM_NITRATE
65.0;143.0;304.0;634.0;133.0;271.0;39.0;101.0;245.0;577.0;126.0;252.0;615.0;-317.0;2731.0;-1509.0;CALCIUM_NITRATE
64.0;142.0;302.0;634.0;133.0;272.0;41.0;104.0;251.0;583.0;127.0;254.0;623.0;-317.0;2738.0;-1508.0;CALCIUM_NITRATE
64.0;142.0;306.0;643.0;134.0;273.0;45.0;109.0;260.0;596.0;128.0;254.0;609.0;-317.0;2737.0;-1508.0;CALCIUM_NITRATE
65.0;144.0;306.0;642.0;135.0;274.0;44.0;106.0;256.0;593.0;128.0;256.0;632.0;-317.0;2738.0;-1508.0;CALCIUM_NITRATE
65.0;143.0;307.0;646.0;135.0;275.0;43.0;108.0;259.0;596.0;129.0;256.0;616.0;-316.0;2735.0;-1508.0;CALCIUM_NITRATE
65.0;144.0;306.0;642.0;135.0;276.0;45.0;109.0;262.0;601.0;129.0;259.0;627.0;-316.0;2732.0;-1510.0;CALCIUM_NITRATE
64.0;144.0;310.0;648.0;135.0;276.0;41.0;104.0;252.0;591.0;129.0;256.0;621.0;-316.0;2742.0;-1513.0;CALCIUM_NITRATE
64.0;142.0;306.0;642.0;135.0;276.0;43.0;104.0;252.0;588.0;130.0;260.0;622.0;-314.0;2740.0;-1513.0;CALCIUM_NITRATE
66.0;146.0;311.0;655.0;137.0;278.0;42.0;106.0;259.0;607.0;131.0;261.0;618.0;-314.0;2747.0;-1513.0;CALCIUM_NITRATE
65.0;146.0;313.0;655.0;138.0;279.0;41.0;103.0;252.0;593.0;130.0;261.0;617.0;-314.0;2738.0;-1513.0;CALCIUM_NITRATE
65.0;146.0;310.0;655.0;137.0;280.0;41.0;104.0;255.0;596.0;130.0;262.0;605.0;-313.0;2736.0;-1513.0;CALCIUM_NITRATE
67.0;147.0;316.0;658.0;137.0;280.0;44.0;111.0;265.0;607.0;131.0;261.0;608.0;-309.0;2737.0;-1512.0;CALCIUM_NITRATE
65.0;145.0;312.0;658.0;138.0;280.0;43.0;106.0;258.0;608.0;133.0;263.0;608.0;-313.0;2717.0;-1512.0;CALCIUM_NITRATE
68.0;150.0;319.0;668.0;139.0;282.0;43.0;107.0;259.0;605.0;133.0;264.0;620.0;-313.0;2733.0;-1507.0;CALCIUM_NITRATE
66.0;146.0;314.0;661.0;139.0;281.0;44.0;109.0;264.0;615.0;133.0;265.0;606.0;-315.0;2733.0;-1507.0;CALCIUM_NITRATE
66.0;146.0;314.0;662.0;139.0;282.0;44.0;110.0;265.0;616.0;133.0;267.0;619.0;-315.0;2742.0;-1509.0;CALCIUM_NITRATE
67.0;149.0;317.0;674.0;140.0;285.0;44.0;109.0;265.0;615.0;134.0;268.0;601.0;-315.0;2724.0;-1512.0;CALCIUM_NITRATE
68.0;151.0;322.0;671.0;141.0;287.0;43.0;109.0;267.0;628.0;135.0;269.0;620.0;-315.0;2726.0;-1512.0;CALCIUM_NITRATE
67.0;149.0;321.0;674.0;141.0;286.0;47.0;114.0;275.0;629.0;134.0;267.0;621.0;-313.0;2742.0;-1512.0;CALCIUM_NITRATE
68.0;150.0;320.0;670.0;140.0;286.0;44.0;110.0;268.0;620.0;134.0;268.0;613.0;-313.0;2730.0;-1512.0;CALCIUM_NITRATE
68.0;150.0;319.0;676.0;140.0;285.0;46.0;113.0;273.0;627.0;135.0;268.0;609.0;-314.0;2725.0;-1512.0;CALCIUM_NITRATE
68.0;151.0;322.0;676.0;141.0;286.0;46.0;114.0;273.0;627.0;135.0;269.0;609.0;-314.0;2736.0;-1510.0;CALCIUM_NITRATE
69.0;152.0;324.0;680.0;142.0;286.0;45.0;112.0;266.0;619.0;135.0;269.0;609.0;-313.0;2730.0;-1505.0;CALCIUM_NITRATE
68.0;152.0;323.0;676.0;142.0;287.0;44.0;111.0;267.0;621.0;135.0;270.0;612.0;-314.0;2727.0;-1508.0;CALCIUM_NITRATE
67.0;150.0;321.0;674.0;141.0;287.0;44.0;110.0;267.0;622.0;135.0;269.0;630.0;-316.0;2738.0;-1508.0;CALCIUM_NITRATE
68.0;152.0;324.0;678.0;142.0;287.0;45.0;111.0;269.0;629.0;136.0;270.0;626.0;-316.0;2742.0;-1508.0;CALCIUM_NITRATE
68.0;151.0;324.0;681.0;141.0;288.0;46.0;113.0;270.0;635.0;136.0;272.0;624.0;-316.0;2741.0;-1509.0;CALCIUM_NITRATE
69.0;153.0;328.0;690.0;144.0;290.0;48.0;118.0;279.0;637.0;137.0;272.0;624.0;-316.0;2739.0;-1509.0;CALCIUM_NITRATE
69.0;154.0;328.0;690.0;144.0;292.0;46.0;115.0;277.0;641.0;138.0;274.0;619.0;-316.0;2730.0;-1509.0;CALCIUM_NITRATE
70.0;155.0;332.0;693.0;144.0;294.0;47.0;115.0;279.0;649.0;140.0;276.0;624.0;-316.0;2741.0;-1509.0;CALCIUM_NITRATE
70.0;155.0;332.0;696.0;146.0;295.0;46.0;114.0;275.0;640.0;140.0;277.0;620.0;-314.0;2722.0;-1509.0;CALCIUM_NITRATE
70.0;157.0;336.0;705.0;146.0;295.0;50.0;121.0;287.0;651.0;140.0;277.0;614.0;-314.0;2742.0;-1509.0;CALCIUM_NITRATE
70.0;156.0;334.0;701.0;146.0;295.0;48.0;118.0;284.0;650.0;141.0;278.0;597.0;-314.0;2728.0;-1507.0;CALCIUM_NITRATE
70.0;156.0;333.0;702.0;147.0;297.0;46.0;116.0;279.0;652.0;140.0;280.0;626.0;-314.0;2737.0;-1512.0;CALCIUM_NITRATE
70.0;155.0;334.0;702.0;146.0;297.0;48.0;117.0;278.0;648.0;141.0;279.0;623.0;-314.0;2733.0;-1512.0;CALCIUM_NITRATE
71.0;158.0;338.0;708.0;148.0;298.0;48.0;120.0;288.0;656.0;141.0;281.0;616.0;-315.0;2728.0;-1508.0;CALCIUM_NITRATE
70.0;157.0;337.0;704.0;148.0;299.0;49.0;120.0;285.0;656.0;142.0;282.0;622.0;-317.0;2744.0;-1508.0;CALCIUM_NITRATE
71.0;157.0;337.0;708.0;147.0;299.0;49.0;118.0;289.0;672.0;143.0;280.0;620.0;-317.0;2740.0;-1512.0;CALCIUM_NITRATE
70.0;157.0;336.0;704.0;148.0;300.0;49.0;120.0;287.0;663.0;142.0;283.0;617.0;-317.0;2726.0;-1512.0;CALCIUM_NITRATE
71.0;158.0;339.0;714.0;148.0;302.0;48.0;119.0;288.0;672.0;143.0;284.0;617.0;-310.0;2735.0;-1512.0;CALCIUM_NITRATE
71.0;158.0;338.0;708.0;149.0;300.0;49.0;120.0;287.0;660.0;142.0;282.0;615.0;-310.0;2740.0;-1512.0;CALCIUM_NITRATE
71.0;159.0;338.0;708.0;148.0;301.0;48.0;119.0;287.0;667.0;143.0;284.0;624.0;-310.0;2748.0;-1512.0;CALCIUM_NITRATE
71.0;159.0;339.0;716.0;149.0;302.0;49.0;122.0;289.0;668.0;144.0;284.0;614.0;-308.0;2746.0;-1512.0;CALCIUM_NITRATE
70.0;158.0;340.0;710.0;149.0;301.0;47.0;117.0;283.0;659.0;143.0;283.0;608.0;-308.0;2732.0;-1511.0;CALCIUM_NITRATE
71.0;158.0;339.0;717.0;149.0;302.0;51.0;122.0;291.0;670.0;143.0;284.0;615.0;-310.0;2736.0;-1511.0;CALCIUM_NITRATE
72.0;162.0;344.0;718.0;150.0;302.0;50.0;123.0;293.0;672.0;144.0;284.0;616.0;-314.0;2746.0;-1509.0;CALCIUM_NITRATE
72.0;160.0;345.0;723.0;150.0;305.0;50.0;125.0;298.0;680.0;146.0;289.0;621.0;-315.0;2729.0;-1506.0;CALCIUM_NITRATE
73.0;163.0;349.0;727.0;152.0;307.0;50.0;124.0;297.0;678.0;146.0;288.0;620.0;-315.0;2742.0;-1506.0;CALCIUM_NITRATE
73.0;162.0;348.0;732.0;152.0;305.0;50.0;123.0;291.0;678.0;146.0;288.0;621.0;-315.0;2742.0;-1509.0;CALCIUM_NITRATE
72.0;161.0;347.0;734.0;152.0;307.0;49.0;122.0;291.0;678.0;147.0;292.0;618.0;-317.0;2741.0;-1510.0;CALCIUM_NITRATE
72.0;161.0;346.0;731.0;152.0;308.0;50.0;126.0;301.0;688.0;146.0;290.0;623.0;-315.0;2737.0;-1514.0;CALCIUM_NITRATE
73.0;164.0;349.0;732.0;153.0;308.0;49.0;122.0;291.0;681.0;148.0;291.0;618.0;-317.0;2742.0;-1514.0;CALCIUM_NITRATE
73.0;163.0;348.0;730.0;152.0;309.0;49.0;122.0;295.0;684.0;148.0;292.0;614.0;-317.0;2732.0;-1510.0;CALCIUM_NITRATE
74.0;163.0;351.0;735.0;153.0;308.0;50.0;121.0;294.0;681.0;147.0;292.0;617.0;-313.0;2742.0;-1514.0;CALCIUM_NITRATE
73.0;162.0;349.0;739.0;154.0;310.0;50.0;123.0;296.0;687.0;147.0;294.0;616.0;-313.0;2746.0;-1510.0;CALCIUM_NITRATE
74.0;165.0;353.0;741.0;154.0;312.0;51.0;125.0;295.0;686.0;149.0;294.0;612.0;-318.0;2726.0;-1510.0;CALCIUM_NITRATE
76.0;168.0;359.0;753.0;156.0;314.0;51.0;126.0;301.0;694.0;150.0;296.0;617.0;-318.0;2745.0;-1510.0;CALCIUM_NITRATE
74.0;167.0;357.0;750.0;157.0;315.0;52.0;128.0;305.0;701.0;151.0;296.0;617.0;-318.0;2750.0;-1510.0;CALCIUM_NITRATE
74.0;166.0;358.0;752.0;157.0;314.0;53.0;130.0;304.0;701.0;151.0;298.0;624.0;-319.0;2740.0;-1510.0;CALCIUM_NITRATE
76.0;168.0;363.0;759.0;157.0;315.0;52.0;128.0;309.0;709.0;152.0;299.0;608.0;-319.0;2735.0;-1510.0;CALCIUM_NITRATE
75.0;167.0;360.0;755.0;158.0;317.0;53.0;130.0;311.0;704.0;152.0;299.0;622.0;-316.0;2742.0;-1503.0;CALCIUM_NITRATE
75.0;168.0;359.0;751.0;157.0;318.0;51.0;126.0;302.0;701.0;152.0;301.0;625.0;-316.0;2741.0;-1503.0;CALCIUM_NITRATE
76.0;169.0;363.0;758.0;158.0;319.0;53.0;132.0;313.0;714.0;154.0;303.0;621.0;-316.0;2746.0;-1503.0;CALCIUM_NITRATE
77.0;171.0;365.0;766.0;158.0;320.0;52.0;128.0;304.0;709.0;152.0;301.0;614.0;-316.0;2736.0;-1503.0;CALCIUM_NITRATE
76.0;171.0;365.0;766.0;159.0;320.0;53.0;130.0;309.0;708.0;154.0;303.0;614.0;-316.0;2739.0;-1505.0;CALCIUM_NITRATE
76.0;169.0;364.0;761.0;159.0;319.0;55.0;134.0;315.0;720.0;154.0;302.0;629.0;-316.0;2744.0;-1505.0;CALCIUM_NITRATE
76.0;170.0;365.0;762.0;159.0;321.0;55.0;132.0;313.0;724.0;154.0;305.0;627.0;-313.0;2728.0;-1505.0;CALCIUM_NITRATE
77.0;172.0;368.0;772.0;160.0;322.0;52.0;128.0;307.0;707.0;154.0;305.0;620.0;-313.0;2745.0;-1505.0;CALCIUM_NITRATE
77.0;172.0;368.0;774.0;161.0;322.0;53.0;129.0;312.0;717.0;156.0;306.0;610.0;-313.0;2740.0;-1505.0;CALCIUM_NITRATE
76.0;171.0;367.0;772.0;160.0;323.0;57.0;134.0;317.0;723.0;156.0;306.0;626.0;-311.0;2728.0;-1506.0;CALCIUM_NITRATE
77.0;172.0;369.0;775.0;161.0;326.0;56.0;136.0;324.0;737.0;157.0;309.0;613.0;-311.0;2739.0;-1509.0;CALCIUM_NITRATE
78.0;175.0;376.0;782.0;162.0;324.0;55.0;134.0;319.0;729.0;157.0;309.0;625.0;-313.0;2741.0;-1511.0;CALCIUM_NITRATE
78.0;176.0;376.0;786.0;163.0;327.0;53.0;134.0;321.0;738.0;158.0;310.0;615.0;-316.0;2743.0;-1511.0;CALCIUM_NITRATE
78.0;174.0;375.0;789.0;163.0;328.0;54.0;133.0;320.0;742.0;158.0;311.0;617.0;-316.0;2737.0;-1509.0;CALCIUM_NITRATE
77.0;173.0;373.0;782.0;163.0;326.0;54.0;133.0;321.0;746.0;158.0;311.0;617.0;-316.0;2736.0;-1511.0;CALCIUM_NITRATE
78.0;175.0;375.0;787.0;164.0;329.0;54.0;134.0;317.0;737.0;159.0;311.0;623.0;-316.0;2738.0;-1509.0;CALCIUM_NITRATE
78.0;175.0;377.0;786.0;163.0;328.0;53.0;133.0;315.0;736.0;159.0;311.0;611.0;-315.0;2737.0;-1509.0;CALCIUM_NITRATE
77.0;174.0;372.0;784.0;162.0;328.0;54.0;133.0;320.0;738.0;158.0;311.0;619.0;-315.0;2729.0;-1508.0;CALCIUM_NITRATE
78.0;175.0;376.0;790.0;164.0;330.0;56.0;137.0;325.0;750.0;159.0;314.0;621.0;-317.0;2741.0;-1510.0;CALCIUM_NITRATE
79.0;176.0;378.0;792.0;165.0;330.0;59.0;142.0;330.0;745.0;160.0;315.0;619.0;-319.0;2740.0;-1508.0;CALCIUM_NITRATE
78.0;175.0;375.0;792.0;164.0;330.0;56.0;136.0;322.0;741.0;160.0;314.0;612.0;-319.0;2738.0;-1508.0;CALCIUM_NITRATE
79.0;175.0;378.0;798.0;167.0;334.0;56.0;137.0;325.0;745.0;160.0;316.0;621.0;-319.0;2739.0;-1504.0;CALCIUM_NITRATE
80.0;179.0;383.0;800.0;166.0;332.0;57.0;138.0;329.0;753.0;161.0;314.0;610.0;-319.0;2738.0;-1508.0;CALCIUM_NITRATE
80.0;177.0;380.0;800.0;166.0;333.0;58.0;141.0;332.0;751.0;160.0;315.0;626.0;-315.0;2747.0;-1504.0;CALCIUM_NITRATE
80.0;178.0;378.0;804.0;166.0;332.0;58.0;139.0;331.0;755.0;161.0;316.0;623.0;-314.0;2739.0;-1504.0;CALCIUM_NITRATE
81.0;181.0;385.0;808.0;168.0;334.0;59.0;140.0;329.0;751.0;161.0;318.0;622.0;-314.0;2747.0;-1504.0;CALCIUM_NITRATE
81.0;180.0;388.0;807.0;168.0;335.0;59.0;142.0;338.0;765.0;163.0;320.0;613.0;-314.0;2726.0;-1513.0;CALCIUM_NITRATE
81.0;182.0;387.0;809.0;168.0;337.0;58.0;140.0;331.0;763.0;163.0;321.0;617.0;-314.0;2737.0;-1510.0;CALCIUM_NITRATE
81.0;179.0;385.0;809.0;169.0;336.0;58.0;142.0;336.0;761.0;163.0;319.0;620.0;-314.0;2753.0;-1510.0;CALCIUM_NITRATE
80.0;179.0;386.0;808.0;167.0;337.0;57.0;141.0;333.0;759.0;163.0;319.0;630.0;-314.0;2732.0;-1513.0;CALCIUM_NITRATE
80.0;179.0;384.0;805.0;166.0;336.0;57.0;138.0;330.0;759.0;162.0;320.0;625.0;-314.0;2744.0;-1510.0;CALCIUM_NITRATE
80.0;179.0;385.0;811.0;169.0;337.0;58.0;139.0;332.0;768.0;164.0;320.0;625.0;-310.0;2757.0;-1508.0;CALCIUM_NITRATE
82.0;183.0;391.0;820.0;169.0;339.0;59.0;141.0;331.0;765.0;164.0;322.0;622.0;-309.0;2734.0;-1508.0;CALCIUM_NITRATE
82.0;182.0;393.0;819.0;170.0;342.0;55.0;136.0;329.0;758.0;164.0;323.0;620.0;-310.0;2734.0;-1509.0;CALCIUM_NITRATE
81.0;181.0;392.0;818.0;170.0;340.0;59.0;141.0;331.0;762.0;166.0;324.0;616.0;-315.0;2737.0;-1508.0;CALCIUM_NITRATE
82.0;182.0;391.0;823.0;170.0;342.0;57.0;140.0;336.0;779.0;167.0;325.0;619.0;-311.0;2737.0;-1508.0;CALCIUM_NITRATE
81.0;183.0;390.0;822.0;171.0;343.0;61.0;146.0;343.0;784.0;166.0;325.0;615.0;-315.0;2740.0;-1506.0;CALCIUM_NITRATE
83.0;184.0;394.0;827.0;172.0;344.0;58.0;142.0;340.0;783.0;168.0;326.0;606.0;-315.0;2722.0;-1506.0;CALCIUM_NITRATE
84.0;187.0;399.0;839.0;173.0;346.0;61.0;144.0;343.0;789.0;168.0;330.0;618.0;-314.0;2739.0;-1506.0;CALCIUM_NITRATE
83.0;186.0;399.0;838.0;173.0;346.0;60.0;144.0;341.0;784.0;168.0;329.0;622.0;-314.0;2732.0;-1507.0;CALCIUM_NITRATE
82.0;184.0;396.0;830.0;172.0;346.0;61.0;148.0;349.0;792.0;168.0;331.0;616.0;-314.0;2743.0;-1507.0;CALCIUM_NITRATE
83.0;186.0;396.0;837.0;174.0;346.0;59.0;145.0;345.0;787.0;169.0;332.0;612.0;-314.0;2739.0;-1507.0;CALCIUM_NITRATE
84.0;187.0;402.0;838.0;174.0;348.0;59.0;145.0;342.0;792.0;170.0;330.0;626.0;-317.0;2742.0;-1505.0;CALCIUM_NITRATE
82.0;184.0;398.0;833.0;174.0;348.0;59.0;144.0;345.0;794.0;169.0;331.0;618.0;-317.0;2732.0;-1505.0;CALCIUM_NITRATE
83.0;186.0;402.0;839.0;175.0;348.0;62.0;148.0;351.0;795.0;168.0;331.0;616.0;-321.0;2737.0;-1505.0;CALCIUM_NITRATE
83.0;185.0;399.0;841.0;174.0;349.0;61.0;148.0;348.0;793.0;169.0;332.0;620.0;-321.0;2746.0;-1506.0;CALCIUM_NITRATE
84.0;188.0;404.0;847.0;175.0;349.0;59.0;143.0;339.0;785.0;170.0;332.0;620.0;-317.0;2745.0;-1506.0;CALCIUM_NITRATE
84.0;188.0;406.0;849.0;176.0;351.0;61.0;148.0;345.0;796.0;170.0;334.0;617.0;-312.0;2745.0;-1508.0;CALCIUM_NITRATE
84.0;188.0;402.0;849.0;175.0;352.0;60.0;147.0;346.0;796.0;172.0;334.0;615.0;-312.0;2731.0;-1506.0;CALCIUM_NITRATE
85.0;189.0;407.0;851.0;176.0;351.0;61.0;146.0;344.0;792.0;171.0;334.0;632.0;-311.0;2747.0;-1506.0;CALCIUM_NITRATE
84.0;188.0;406.0;851.0;177.0;351.0;61.0;149.0;350.0;794.0;171.0;334.0;629.0;-312.0;2743.0;-1506.0;CALCIUM_NITRATE
85.0;189.0;406.0;848.0;176.0;352.0;64.0;153.0;356.0;808.0;171.0;334.0;611.0;-308.0;2727.0;-1509.0;CALCIUM_NITRATE
85.0;189.0;404.0;851.0;177.0;354.0;63.0;154.0;359.0;808.0;172.0;336.0;625.0;-312.0;2733.0;-1511.0;CALCIUM_NITRATE
86.0;190.0;407.0;854.0;178.0;354.0;63.0;154.0;359.0;821.0;172.0;336.0;615.0;-308.0;2732.0;-1511.0;CALCIUM_NITRATE
86.0;194.0;412.0;862.0;178.0;355.0;64.0;153.0;359.0;811.0;173.0;338.0;626.0;-313.0;2739.0;-1511.0;CALCIUM_NITRATE
86.0;191.0;409.0;860.0;178.0;355.0;63.0;151.0;351.0;801.0;172.0;338.0;620.0;-313.0;2731.0;-1511.0;CALCIUM_NITRATE
86.0;191.0;408.0;859.0;178.0;356.0;65.0;156.0;367.0;826.0;174.0;337.0;632.0;-313.0;2732.0;-1506.0;CALCIUM_NITRATE
86.0;192.0;407.0;858.0;179.0;356.0;61.0;147.0;348.0;801.0;172.0;337.0;618.0;-318.0;2729.0;-1506.0;CALCIUM_NITRATE
85.0;190.0;409.0;856.0;178.0;355.0;60.0;148.0;352.0;803.0;173.0;339.0;610.0;-318.0;2741.0;-1506.0;CALCIUM_NITRATE
87.0;192.0;414.0;869.0;179.0;358.0;61.0;148.0;352.0;813.0;174.0;340.0;610.0;-317.0;2729.0;-1510.0;CALCIUM_NITRATE
86.0;193.0;414.0;866.0;180.0;358.0;63.0;151.0;356.0;821.0;174.0;342.0;623.0;-317.0;2741.0;-1510.0;CALCIUM_NITRATE
86.0;192.0;416.0;870.0;180.0;361.0;61.0;150.0;356.0;822.0;176.0;345.0;612.0;-316.0;2729.0;-1510.0;CALCIUM_NITRATE
88.0;196.0;419.0;881.0;182.0;361.0;65.0;156.0;364.0;829.0;176.0;346.0;627.0;-311.0;2737.0;-1511.0;CALCIUM_NITRATE
89.0;198.0;423.0;884.0;182.0;360.0;63.0;151.0;361.0;831.0;176.0;345.0;613.0;-311.0;2730.0;-1509.0;CALCIUM_NITRATE
89.0;197.0;421.0;884.0;182.0;361.0;66.0;156.0;369.0;838.0;176.0;343.0;623.0;-311.0;2739.0;-1506.0;CALCIUM_NITRATE
87.0;196.0;417.0;880.0;182.0;362.0;63.0;152.0;360.0;824.0;176.0;344.0;618.0;-315.0;2735.0;-1509.0;CALCIUM_NITRATE
87.0;195.0;421.0;876.0;182.0;362.0;64.0;153.0;364.0;833.0;176.0;344.0;617.0;-315.0;2734.0;-1509.0;CALCIUM_NITRATE
87.0;194.0;417.0;875.0;181.0;361.0;63.0;153.0;360.0;834.0;178.0;345.0;621.0;-316.0;2733.0;-1509.0;CALCIUM_NITRATE
88.0;197.0;422.0;884.0;182.0;363.0;63.0;153.0;362.0;832.0;178.0;348.0;628.0;-316.0;2735.0;-1509.0;CALCIUM_NITRATE
90.0;199.0;425.0;894.0;184.0;366.0;66.0;160.0;377.0;850.0;179.0;350.0;614.0;-316.0;2723.0;-1509.0;CALCIUM_NITRATE
90.0;200.0;430.0;899.0;186.0;367.0;63.0;154.0;369.0;847.0;181.0;349.0;617.0;-316.0;2725.0;-1501.0;CALCIUM_NITRATE
89.0;200.0;428.0;898.0;186.0;371.0;65.0;157.0;373.0;852.0;180.0;353.0;616.0;-316.0;2721.0;-1505.0;CALCIUM_NITRATE
91.0;202.0;434.0;906.0;186.0;370.0;64.0;155.0;368.0;845.0;180.0;353.0;618.0;-315.0;2733.0;-1501.0;CALCIUM_NITRATE
90.0;202.0;431.0;905.0;187.0;370.0;65.0;156.0;369.0;844.0;180.0;352.0;625.0;-314.0;2734.0;-1501.0;CALCIUM_NITRATE
91.0;202.0;429.0;904.0;186.0;369.0;65.0;156.0;370.0;846.0;180.0;354.0;627.0;-314.0;2726.0;-1505.0;CALCIUM_NITRATE
91.0;202.0;432.0;908.0;187.0;371.0;64.0;155.0;368.0;848.0;182.0;354.0;622.0;-313.0;2724.0;-1505.0;CALCIUM_NITRATE
92.0;204.0;437.0;913.0;187.0;371.0;65.0;156.0;373.0;857.0;182.0;354.0;613.0;-315.0;2727.0;-1507.0;CALCIUM_NITRATE
90.0;202.0;433.0;908.0;188.0;373.0;71.0;168.0;389.0;875.0;184.0;358.0;617.0;-313.0;2732.0;-1508.0;CALCIUM_NITRATE
93.0;206.0;440.0;920.0;190.0;375.0;66.0;160.0;375.0;863.0;184.0;357.0;609.0;-315.0;2728.0;-1508.0;CALCIUM_NITRATE
92.0;204.0;438.0;915.0;189.0;376.0;67.0;162.0;381.0;881.0;186.0;359.0;606.0;-315.0;2724.0;-1506.0;CALCIUM_NITRATE
93.0;207.0;443.0;922.0;191.0;377.0;68.0;163.0;381.0;862.0;185.0;361.0;604.0;-315.0;2719.0;-1508.0;CALCIUM_NITRATE
92.0;206.0;439.0;925.0;191.0;377.0;66.0;160.0;379.0;870.0;185.0;360.0;611.0;-315.0;2724.0;-1509.0;CALCIUM_NITRATE
92.0;205.0;441.0;923.0;191.0;378.0;67.0;161.0;379.0;868.0;186.0;361.0;617.0;-315.0;2723.0;-1509.0;CALCIUM_NITRATE
93.0;207.0;439.0;920.0;192.0;378.0;67.0;162.0;381.0;878.0;186.0;363.0;627.0;-314.0;2732.0;-1509.0;CALCIUM_NITRATE
94.0;207.0;445.0;928.0;191.0;378.0;70.0;168.0;390.0;882.0;186.0;364.0;629.0;-313.0;2727.0;-1509.0;CALCIUM_NITRATE
93.0;208.0;443.0;932.0;193.0;379.0;69.0;164.0;385.0;875.0;186.0;362.0;626.0;-313.0;2735.0;-1504.0;CALCIUM_NITRATE
94.0;210.0;448.0;932.0;192.0;381.0;69.0;164.0;390.0;897.0;189.0;366.0;616.0;-313.0;2723.0;-1501.0;CALCIUM_NITRATE
96.0;212.0;451.0;944.0;194.0;382.0;70.0;166.0;388.0;888.0;189.0;367.0;621.0;-314.0;2732.0;-1501.0;CALCIUM_NITRATE
94.0;209.0;447.0;935.0;193.0;382.0;69.0;165.0;390.0;884.0;190.0;366.0;624.0;-317.0;2742.0;-1501.0;CALCIUM_NITRATE
93.0;209.0;447.0;933.0;193.0;381.0;67.0;163.0;388.0;887.0;189.0;366.0;607.0;-322.0;2707.0;-1502.0;CALCIUM_NITRATE
94.0;211.0;454.0;945.0;195.0;385.0;68.0;166.0;387.0;883.0;190.0;368.0;605.0;-317.0;2701.0;-1510.0;CALCIUM_NITRATE
95.0;212.0;452.0;954.0;195.0;386.0;74.0;174.0;402.0;909.0;191.0;368.0;626.0;-317.0;2735.0;-1510.0;CALCIUM_NITRATE
96.0;214.0;455.0;952.0;195.0;385.0;69.0;165.0;393.0;899.0;190.0;370.0;613.0;-322.0;2722.0;-1510.0;CALCIUM_NITRATE
94.0;208.0;449.0;943.0;195.0;385.0;71.0;169.0;395.0;897.0;190.0;370.0;621.0;-320.0;2741.0;-1510.0;CALCIUM_NITRATE
95.0;211.0;453.0;945.0;195.0;385.0;70.0;170.0;397.0;895.0;190.0;368.0;613.0;-320.0;2727.0;-1509.0;CALCIUM_NITRATE
94.0;210.0;451.0;946.0;195.0;383.0;71.0;167.0;391.0;887.0;190.0;368.0;625.0;-320.0;2739.0;-1509.0;CALCIUM_NITRATE
95.0;211.0;452.0;944.0;196.0;387.0;69.0;165.0;388.0;885.0;190.0;370.0;611.0;-321.0;2717.0;-1507.0;CALCIUM_NITRATE
94.0;211.0;453.0;950.0;195.0;385.0;69.0;167.0;391.0;891.0;190.0;369.0;616.0;-320.0;2728.0;-1507.0;CALCIUM_NITRATE
96.0;214.0;455.0;953.0;197.0;388.0;73.0;173.0;404.0;908.0;191.0;368.0;621.0;-318.0;2747.0;-1509.0;CALCIUM_NITRATE
95.0;211.0;452.0;940.0;195.0;387.0;71.0;170.0;395.0;897.0;191.0;370.0;619.0;-316.0;2719.0;-1507.0;CALCIUM_NITRATE
95.0;211.0;453.0;944.0;196.0;388.0;69.0;169.0;396.0;902.0;192.0;370.0;604.0;-316.0;2709.0;-1507.0;CALCIUM_NITRATE
95.0;212.0;452.0;950.0;195.0;388.0;71.0;173.0;404.0;911.0;192.0;371.0;606.0;-315.0;2718.0;-1505.0;CALCIUM_NITRATE
96.0;215.0;457.0;952.0;198.0;390.0;72.0;171.0;399.0;905.0;193.0;372.0;618.0;-316.0;2724.0;-1500.0;CALCIUM_NITRATE
96.0;214.0;460.0;960.0;199.0;390.0;72.0;171.0;403.0;913.0;193.0;375.0;622.0;-315.0;2733.0;-1500.0;CALCIUM_NITRATE
96.0;215.0;459.0;958.0;198.0;393.0;69.0;167.0;395.0;905.0;194.0;377.0;601.0;-314.0;2725.0;-1501.0;CALCIUM_NITRATE
96.0;215.0;462.0;964.0;199.0;395.0;72.0;172.0;405.0;916.0;195.0;378.0;605.0;-314.0;2698.0;-1505.0;CALCIUM_NITRATE
98.0;220.0;468.0;980.0;200.0;396.0;74.0;176.0;409.0;920.0;196.0;379.0;613.0;-314.0;2716.0;-1501.0;CALCIUM_NITRATE
98.0;217.0;465.0;975.0;201.0;397.0;73.0;175.0;408.0;926.0;195.0;378.0;618.0;-312.0;2726.0;-1504.0;CALCIUM_NITRATE
98.0;218.0;468.0;976.0;200.0;395.0;73.0;175.0;409.0;921.0;195.0;379.0;607.0;-312.0;2715.0;-1502.0;CALCIUM_NITRATE
97.0;216.0;465.0;970.0;200.0;397.0;72.0;173.0;403.0;917.0;195.0;379.0;603.0;-312.0;2717.0;-1504.0;CALCIUM_NITRATE
99.0;219.0;468.0;981.0;202.0;398.0;75.0;178.0;413.0;934.0;198.0;383.0;627.0;-317.0;2735.0;-1504.0;CALCIUM_NITRATE
101.0;222.0;476.0;993.0;204.0;401.0;74.0;176.0;411.0;930.0;199.0;384.0;623.0;-312.0;2725.0;-1505.0;CALCIUM_NITRATE
100.0;222.0;475.0;987.0;204.0;400.0;74.0;178.0;413.0;934.0;198.0;385.0;613.0;-313.0;2718.0;-1505.0;CALCIUM_NITRATE
101.0;224.0;480.0;992.0;204.0;400.0;73.0;175.0;409.0;935.0;198.0;387.0;609.0;-318.0;2719.0;-1505.0;CALCIUM_NITRATE
100.0;222.0;476.0;992.0;204.0;401.0;72.0;173.0;409.0;931.0;198.0;384.0;613.0;-318.0;2723.0;-1505.0;CALCIUM_NITRATE
102.0;226.0;481.0;1001.0;205.0;404.0;77.0;184.0;425.0;950.0;201.0;387.0;613.0;-318.0;2723.0;-1505.0;CALCIUM_NITRATE
99.0;221.0;472.0;996.0;205.0;402.0;77.0;183.0;423.0;953.0;200.0;388.0;612.0;-318.0;2717.0;-1503.0;CALCIUM_NITRATE
102.0;224.0;481.0;996.0;204.0;402.0;77.0;182.0;424.0;948.0;200.0;388.0;618.0;-318.0;2732.0;-1503.0;CALCIUM_NITRATE
102.0;226.0;486.0;1014.0;206.0;405.0;74.0;180.0;414.0;941.0;199.0;390.0;613.0;-317.0;2720.0;-1506.0;CALCIUM_NITRATE
103.0;227.0;483.0;1009.0;207.0;408.0;74.0;177.0;417.0;948.0;201.0;392.0;609.0;-317.0;2717.0;-1503.0;CALCIUM_NITRATE
103.0;228.0;486.0;1010.0;207.0;408.0;77.0;182.0;423.0;955.0;203.0;391.0;614.0;-317.0;2721.0;-1506.0;CALCIUM_NITRATE
103.0;227.0;486.0;1013.0;207.0;409.0;76.0;181.0;422.0;960.0;203.0;393.0;619.0;-317.0;2721.0;-1506.0;CALCIUM_NITRATE
102.0;228.0;485.0;1011.0;208.0;411.0;76.0;182.0;426.0;972.0;204.0;392.0;607.0;-317.0;2710.0;-1502.0;CALCIUM_NITRATE
103.0;227.0;486.0;1016.0;209.0;412.0;76.0;181.0;426.0;972.0;205.0;393.0;627.0;-317.0;2730.0;-1502.0;CALCIUM_NITRATE
104.0;231.0;494.0;1022.0;210.0;412.0;79.0;188.0;435.0;973.0;204.0;396.0;627.0;-317.0;2741.0;-1505.0;CALCIUM_NITRATE
104.0;230.0;489.0;1021.0;210.0;413.0;79.0;188.0;435.0;971.0;205.0;395.0;615.0;-318.0;2720.0;-1504.0;CALCIUM_NITRATE
103.0;229.0;488.0;1017.0;210.0;413.0;76.0;182.0;428.0;974.0;206.0;396.0;610.0;-315.0;2707.0;-1504.0;CALCIUM_NITRATE
104.0;232.0;493.0;1031.0;212.0;415.0;77.0;187.0;435.0;974.0;206.0;397.0;615.0;-311.0;2733.0;-1505.0;CALCIUM_NITRATE
103.0;230.0;491.0;1026.0;212.0;414.0;78.0;183.0;427.0;975.0;207.0;400.0;617.0;-311.0;2735.0;-1507.0;CALCIUM_NITRATE
105.0;233.0;495.0;1034.0;212.0;416.0;80.0;191.0;441.0;986.0;208.0;400.0;614.0;-311.0;2726.0;-1504.0;CALCIUM_NITRATE
105.0;233.0;498.0;1037.0;212.0;416.0;79.0;189.0;435.0;970.0;206.0;399.0;614.0;-311.0;2722.0;-1506.0;CALCIUM_NITRATE
104.0;230.0;495.0;1034.0;212.0;416.0;76.0;184.0;431.0;980.0;207.0;402.0;616.0;-313.0;2723.0;-1506.0;CALCIUM_NITRATE
105.0;234.0;499.0;1039.0;212.0;417.0;77.0;184.0;432.0;975.0;207.0;399.0;621.0;-314.0;2717.0;-1504.0;CALCIUM_NITRATE
106.0;235.0;500.0;1038.0;213.0;417.0;82.0;193.0;450.0;999.0;208.0;399.0;626.0;-314.0;2717.0;-1503.0;CALCIUM_NITRATE
106.0;237.0;502.0;1045.0;214.0;421.0;81.0;189.0;439.0;997.0;210.0;405.0;623.0;-314.0;2734.0;-1498.0;CALCIUM_NITRATE
106.0;236.0;502.0;1048.0;215.0;421.0;79.0;186.0;437.0;993.0;210.0;406.0;623.0;-314.0;2730.0;-1498.0;CALCIUM_NITRATE
107.0;236.0;503.0;1053.0;215.0;422.0;83.0;196.0;455.0;1010.0;209.0;406.0;616.0;-314.0;2733.0;-1499.0;CALCIUM_NITRATE
105.0;233.0;499.0;1043.0;214.0;422.0;83.0;194.0;445.0;996.0;211.0;406.0;631.0;-314.0;2729.0;-1498.0;CALCIUM_NITRATE
106.0;235.0;505.0;1058.0;214.0;423.0;82.0;194.0;450.0;1004.0;211.0;406.0;619.0;-314.0;2714.0;-1498.0;CALCIUM_NITRATE
106.0;237.0;506.0;1051.0;216.0;424.0;78.0;189.0;442.0;1004.0;212.0;406.0;619.0;-314.0;2720.0;-1498.0;CALCIUM_NITRATE
107.0;237.0;505.0;1055.0;216.0;425.0;82.0;192.0;442.0;1011.0;213.0;409.0;617.0;-314.0;2729.0;-1498.0;CALCIUM_NITRATE
107.0;237.0;507.0;1058.0;217.0;427.0;83.0;196.0;451.0;1015.0;213.0;410.0;614.0;-314.0;2732.0;-1498.0;CALCIUM_NITRATE
108.0;241.0;513.0;1066.0;218.0;425.0;80.0;190.0;447.0;1017.0;213.0;412.0;614.0;-313.0;2727.0;-1505.0;CALCIUM_NITRATE
108.0;239.0;513.0;1067.0;217.0;426.0;80.0;190.0;444.0;998.0;213.0;409.0;614.0;-313.0;2738.0;-1505.0;CALCIUM_NITRATE
107.0;236.0;507.0;1060.0;218.0;427.0;84.0;199.0;459.0;1021.0;212.0;410.0;613.0;-315.0;2712.0;-1505.0;CALCIUM_NITRATE
108.0;240.0;514.0;1068.0;219.0;428.0;79.0;189.0;442.0;1016.0;214.0;412.0;606.0;-311.0;2712.0;-1505.0;CALCIUM_NITRATE
109.0;240.0;516.0;1074.0;220.0;428.0;86.0;201.0;464.0;1029.0;216.0;414.0;608.0;-311.0;2718.0;-1503.0;CALCIUM_NITRATE
109.0;241.0;517.0;1083.0;221.0;431.0;82.0;194.0;451.0;1018.0;218.0;415.0;603.0;-315.0;2715.0;-1502.0;CALCIUM_NITRATE
109.0;243.0;519.0;1079.0;221.0;433.0;84.0;200.0;459.0;1024.0;216.0;417.0;615.0;-311.0;2727.0;-1503.0;CALCIUM_NITRATE
110.0;242.0;519.0;1076.0;222.0;432.0;82.0;194.0;451.0;1025.0;216.0;416.0;618.0;-310.0;2727.0;-1507.0;CALCIUM_NITRATE
110.0;244.0;520.0;1084.0;222.0;432.0;86.0;200.0;462.0;1031.0;218.0;418.0;618.0;-310.0;2722.0;-1506.0;CALCIUM_NITRATE
112.0;247.0;526.0;1094.0;224.0;436.0;84.0;200.0;466.0;1047.0;219.0;420.0;610.0;-311.0;2717.0;-1506.0;CALCIUM_NITRATE
111.0;247.0;527.0;1096.0;224.0;436.0;84.0;202.0;468.0;1050.0;219.0;421.0;619.0;-310.0;2733.0;-1506.0;CALCIUM_NITRATE
110.0;245.0;524.0;1090.0;224.0;438.0;85.0;200.0;466.0;1054.0;220.0;421.0;617.0;-311.0;2729.0;-1504.0;CALCIUM_NITRATE
110.0;242.0;522.0;1087.0;223.0;435.0;83.0;198.0;464.0;1041.0;220.0;422.0;610.0;-313.0;2718.0;-1504.0;CALCIUM_NITRATE
111.0;245.0;525.0;1090.0;223.0;436.0;85.0;204.0;470.0;1043.0;218.0;421.0;627.0;-313.0;2740.0;-1504.0;CALCIUM_NITRATE
110.0;245.0;523.0;1087.0;224.0;435.0;83.0;197.0;461.0;1040.0;219.0;422.0;624.0;-313.0;2732.0;-1506.0;CALCIUM_NITRATE
110.0;246.0;523.0;1084.0;223.0;437.0;85.0;197.0;458.0;1043.0;218.0;420.0;616.0;-313.0;2723.0;-1506.0;CALCIUM_NITRATE
110.0;245.0;523.0;1090.0;224.0;440.0;88.0;208.0;479.0;1064.0;220.0;424.0;608.0;-313.0;2720.0;-1506.0;CALCIUM_NITRATE
112.0;246.0;526.0;1101.0;225.0;438.0;84.0;199.0;465.0;1047.0;220.0;422.0;604.0;-313.0;2721.0;-1506.0;CALCIUM_NITRATE
111.0;246.0;523.0;1094.0;225.0;440.0;83.0;197.0;461.0;1043.0;220.0;424.0;616.0;-315.0;2712.0;-1503.0;CALCIUM_NITRATE
112.0;249.0;528.0;1101.0;225.0;439.0;87.0;202.0;467.0;1049.0;222.0;423.0;617.0;-316.0;2740.0;-1503.0;CALCIUM_NITRATE
113.0;249.0;533.0;1111.0;226.0;441.0;87.0;204.0;472.0;1064.0;221.0;425.0;620.0;-316.0;2732.0;-1503.0;CALCIUM_NITRATE
113.0;250.0;535.0;1110.0;228.0;443.0;88.0;206.0;477.0;1065.0;223.0;426.0;610.0;-316.0;2734.0;-1503.0;CALCIUM_NITRATE
114.0;252.0;538.0;1110.0;228.0;443.0;87.0;205.0;472.0;1055.0;222.0;428.0;626.0;-316.0;2733.0;-1503.0;CALCIUM_NITRATE
113.0;251.0;534.0;1113.0;229.0;445.0;84.0;202.0;469.0;1054.0;223.0;426.0;616.0;-317.0;2726.0;-1499.0;CALCIUM_NITRATE
115.0;254.0;542.0;1119.0;229.0;445.0;86.0;204.0;473.0;1061.0;222.0;428.0;628.0;-317.0;2731.0;-1500.0;CALCIUM_NITRATE
114.0;253.0;540.0;1123.0;229.0;444.0;85.0;204.0;472.0;1064.0;226.0;431.0;600.0;-317.0;2700.0;-1500.0;CALCIUM_NITRATE
114.0;253.0;540.0;1126.0;230.0;447.0;87.0;205.0;478.0;1073.0;224.0;432.0;614.0;-317.0;2711.0;-1502.0;CALCIUM_NITRATE
114.0;251.0;540.0;1121.0;230.0;447.0;86.0;204.0;475.0;1082.0;225.0;431.0;620.0;-313.0;2716.0;-1502.0;CALCIUM_NITRATE
115.0;254.0;544.0;1132.0;230.0;447.0;90.0;212.0;484.0;1079.0;226.0;429.0;632.0;-311.0;2728.0;-1506.0;CALCIUM_NITRATE
114.0;254.0;543.0;1125.0;231.0;448.0;86.0;205.0;478.0;1082.0;227.0;434.0;613.0;-311.0;2715.0;-1506.0;CALCIUM_NITRATE
115.0;253.0;543.0;1130.0;231.0;450.0;86.0;205.0;479.0;1075.0;227.0;434.0;614.0;-312.0;2727.0;-1506.0;CALCIUM_NITRATE
113.0;254.0;541.0;1123.0;231.0;449.0;89.0;210.0;485.0;1075.0;226.0;433.0;612.0;-312.0;2719.0;-1502.0;CALCIUM_NITRATE
115.0;255.0;548.0;1135.0;233.0;449.0;85.0;202.0;471.0;1078.0;226.0;433.0;615.0;-312.0;2719.0;-1502.0;CALCIUM_NITRATE
117.0;257.0;550.0;1140.0;232.0;453.0;87.0;205.0;481.0;1082.0;229.0;435.0;618.0;-315.0;2731.0;-1500.0;CALCIUM_NITRATE
117.0;258.0;550.0;1146.0;234.0;455.0;88.0;208.0;486.0;1093.0;229.0;438.0;611.0;-312.0;2715.0;-1500.0;CALCIUM_NITRATE
118.0;260.0;553.0;1152.0;234.0;454.0;89.0;209.0;487.0;1103.0;229.0;438.0;617.0;-312.0;2724.0;-1499.0;CALCIUM_NITRATE
116.0;257.0;549.0;1153.0;235.0;457.0;87.0;208.0;485.0;1087.0;230.0;438.0;603.0;-314.0;2723.0;-1499.0;CALCIUM_NITRATE
117.0;258.0;552.0;1146.0;234.0;455.0;90.0;211.0;484.0;1092.0;230.0;439.0;611.0;-314.0;2726.0;-1499.0;CALCIUM_NITRATE
116.0;258.0;550.0;1150.0;234.0;457.0;88.0;211.0;483.0;1083.0;230.0;441.0;614.0;-314.0;2720.0;-1499.0;CALCIUM_NITRATE
118.0;261.0;556.0;1158.0;236.0;458.0;91.0;213.0;497.0;1108.0;232.0;441.0;599.0;-314.0;2721.0;-1500.0;CALCIUM_NITRATE
117.0;260.0;553.0;1152.0;236.0;456.0;89.0;211.0;490.0;1100.0;232.0;441.0;609.0;-314.0;2717.0;-1501.0;CALCIUM_NITRATE
118.0;262.0;556.0;1147.0;236.0;460.0;92.0;219.0;505.0;1116.0;232.0;444.0;612.0;-315.0;2716.0;-1501.0;CALCIUM_NITRATE
117.0;262.0;557.0;1155.0;237.0;462.0;89.0;210.0;492.0;1105.0;233.0;446.0;612.0;-318.0;2719.0;-1501.0;CALCIUM_NITRATE
120.0;264.0;564.0;1175.0;238.0;462.0;89.0;213.0;496.0;1114.0;233.0;446.0;605.0;-318.0;2717.0;-1503.0;CALCIUM_NITRATE
119.0;263.0;563.0;1166.0;240.0;463.0;89.0;213.0;495.0;1116.0;235.0;447.0;612.0;-318.0;2720.0;-1503.0;CALCIUM_NITRATE
119.0;263.0;561.0;1166.0;240.0;465.0;93.0;219.0;506.0;1121.0;235.0;448.0;602.0;-318.0;2720.0;-1505.0;CALCIUM_NITRATE
118.0;262.0;559.0;1165.0;237.0;463.0;91.0;213.0;490.0;1109.0;233.0;446.0;617.0;-314.0;2741.0;-1503.0;CALCIUM_NITRATE
119.0;262.0;562.0;1167.0;238.0;466.0;94.0;220.0;504.0;1116.0;234.0;449.0;611.0;-310.0;2736.0;-1505.0;CALCIUM_NITRATE
119.0;265.0;564.0;1167.0;239.0;465.0;91.0;215.0;499.0;1115.0;236.0;448.0;602.0;-310.0;2703.0;-1501.0;CALCIUM_NITRATE
121.0;268.0;568.0;1180.0;240.0;466.0;95.0;226.0;516.0;1139.0;237.0;451.0;608.0;-310.0;2720.0;-1505.0;CALCIUM_NITRATE
121.0;268.0;569.0;1181.0;241.0;467.0;91.0;217.0;501.0;1133.0;238.0;453.0;611.0;-313.0;2719.0;-1505.0;CALCIUM_NITRATE
121.0;267.0;567.0;1172.0;240.0;468.0;90.0;215.0;502.0;1128.0;236.0;451.0;626.0;-313.0;2722.0;-1509.0;CALCIUM_NITRATE
119.0;266.0;566.0;1174.0;240.0;465.0;93.0;220.0;510.0;1136.0;236.0;450.0;600.0;-313.0;2712.0;-1505.0;CALCIUM_NITRATE
120.0;266.0;565.0;1174.0;241.0;466.0;92.0;218.0;503.0;1117.0;236.0;452.0;603.0;-317.0;2702.0;-1505.0;CALCIUM_NITRATE
121.0;267.0;569.0;1186.0;240.0;468.0;91.0;215.0;502.0;1131.0;238.0;452.0;611.0;-317.0;2709.0;-1504.0;CALCIUM_NITRATE
122.0;270.0;572.0;1187.0;242.0;469.0;92.0;216.0;501.0;1129.0;238.0;454.0;616.0;-314.0;2712.0;-1504.0;CALCIUM_NITRATE
123.0;270.0;576.0;1195.0;243.0;472.0;97.0;228.0;522.0;1156.0;239.0;457.0;615.0;-311.0;2713.0;-1503.0;CALCIUM_NITRATE
121.0;268.0;573.0;1191.0;244.0;471.0;93.0;221.0;511.0;1142.0;239.0;453.0;608.0;-314.0;2715.0;-1502.0;CALCIUM_NITRATE
122.0;268.0;572.0;1194.0;244.0;470.0;93.0;219.0;505.0;1135.0;240.0;455.0;606.0;-314.0;2711.0;-1502.0;CALCIUM_NITRATE
121.0;270.0;576.0;1194.0;244.0;471.0;95.0;224.0;516.0;1143.0;238.0;456.0;614.0;-314.0;2723.0;-1501.0;CALCIUM_NITRATE
122.0;270.0;576.0;1200.0;245.0;474.0;92.0;218.0;507.0;1149.0;240.0;458.0;604.0;-308.0;2701.0;-1501.0;CALCIUM_NITRATE
124.0;272.0;581.0;1202.0;246.0;476.0;95.0;224.0;513.0;1149.0;242.0;460.0;621.0;-315.0;2713.0;-1504.0;CALCIUM_NITRATE
122.0;272.0;578.0;1206.0;245.0;478.0;95.0;222.0;516.0;1159.0;242.0;460.0;629.0;-311.0;2723.0;-1504.0;CALCIUM_NITRATE
124.0;274.0;586.0;1214.0;247.0;476.0;98.0;232.0;527.0;1167.0;242.0;462.0;614.0;-306.0;2707.0;-1504.0;CALCIUM_NITRATE
124.0;272.0;580.0;1208.0;246.0;478.0;99.0;232.0;534.0;1174.0;242.0;464.0;612.0;-311.0;2726.0;-1504.0;CALCIUM_NITRATE
123.0;272.0;583.0;1215.0;247.0;480.0;95.0;224.0;519.0;1165.0;245.0;463.0;613.0;-315.0;2728.0;-1504.0;CALCIUM_NITRATE
124.0;276.0;589.0;1224.0;249.0;481.0;97.0;228.0;526.0;1174.0;245.0;464.0;626.0;-319.0;2727.0;-1504.0;CALCIUM_NITRATE
126.0;280.0;593.0;1226.0;250.0;482.0;97.0;228.0;525.0;1166.0;244.0;467.0;620.0;-319.0;2717.0;-1501.0;CALCIUM_NITRATE
126.0;276.0;589.0;1230.0;251.0;483.0;96.0;226.0;526.0;1164.0;242.0;464.0;607.0;-319.0;2713.0;-1501.0;CALCIUM_NITRATE
125.0;276.0;593.0;1227.0;250.0;482.0;95.0;225.0;520.0;1163.0;245.0;468.0;615.0;-315.0;2723.0;-1501.0;CALCIUM_NITRATE
125.0;276.0;591.0;1224.0;249.0;483.0;98.0;230.0;526.0;1163.0;242.0;463.0;608.0;-315.0;2723.0;-1501.0;CALCIUM_NITRATE
124.0;274.0;586.0;1212.0;247.0;480.0;98.0;230.0;528.0;1167.0;244.0;463.0;605.0;-312.0;2708.0;-1501.0;CALCIUM_NITRATE
126.0;276.0;586.0;1223.0;249.0;484.0;95.0;224.0;517.0;1168.0;245.0;467.0;624.0;-315.0;2725.0;-1501.0;CALCIUM_NITRATE
124.0;275.0;591.0;1222.0;249.0;483.0;97.0;229.0;523.0;1164.0;245.0;469.0;611.0;-319.0;2716.0;-1501.0;CALCIUM_NITRATE
126.0;279.0;594.0;1229.0;250.0;481.0;101.0;236.0;539.0;1192.0;247.0;469.0;613.0;-319.0;2706.0;-1501.0;CALCIUM_NITRATE
125.0;273.0;587.0;1227.0;250.0;485.0;99.0;231.0;530.0;1184.0;247.0;469.0;614.0;-312.0;2721.0;-1498.0;CALCIUM_NITRATE
127.0;280.0;597.0;1236.0;253.0;487.0;100.0;237.0;539.0;1190.0;246.0;473.0;611.0;-314.0;2716.0;-1498.0;CALCIUM_NITRATE
128.0;283.0;600.0;1251.0;254.0;488.0;97.0;228.0;532.0;1184.0;248.0;474.0;613.0;-313.0;2716.0;-1498.0;CALCIUM_NITRATE
126.0;280.0;594.0;1236.0;253.0;488.0;101.0;236.0;539.0;1192.0;250.0;473.0;619.0;-313.0;2719.0;-1499.0;CALCIUM_NITRATE
128.0;284.0;602.0;1254.0;255.0;490.0;97.0;228.0;529.0;1192.0;251.0;472.0;602.0;-313.0;2712.0;-1499.0;CALCIUM_NITRATE
127.0;282.0;598.0;1246.0;253.0;488.0;99.0;232.0;531.0;1190.0;249.0;474.0;621.0;-313.0;2716.0;-1499.0;CALCIUM_NITRATE
129.0;284.0;607.0;1257.0;255.0;492.0;101.0;235.0;541.0;1204.0;250.0;476.0;620.0;-313.0;2722.0;-1500.0;CALCIUM_NITRATE
129.0;284.0;605.0;1251.0;255.0;492.0;97.0;230.0;531.0;1195.0;252.0;477.0;609.0;-310.0;2718.0;-1502.0;CALCIUM_NITRATE
129.0;284.0;608.0;1267.0;257.0;493.0;101.0;236.0;543.0;1200.0;250.0;479.0;615.0;-310.0;2721.0;-1502.0;CALCIUM_NITRATE
128.0;284.0;607.0;1254.0;254.0;494.0;97.0;232.0;536.0;1201.0;251.0;476.0;605.0;-310.0;2701.0;-1503.0;CALCIUM_NITRATE
128.0;282.0;602.0;1254.0;255.0;492.0;100.0;234.0;536.0;1200.0;252.0;478.0;613.0;-313.0;2721.0;-1504.0;CALCIUM_NITRATE
128.0;282.0;604.0;1248.0;255.0;495.0;99.0;234.0;538.0;1203.0;252.0;478.0;600.0;-313.0;2711.0;-1503.0;CALCIUM_NITRATE
129.0;284.0;609.0;1263.0;257.0;496.0;99.0;234.0;539.0;1218.0;252.0;478.0;617.0;-313.0;2710.0;-1503.0;CALCIUM_NITRATE
127.0;282.0;608.0;1264.0;257.0;496.0;98.0;234.0;536.0;1195.0;252.0;481.0;605.0;-312.0;2718.0;-1502.0;CALCIUM_NITRATE
131.0;287.0;609.0;1268.0;256.0;494.0;101.0;235.0;543.0;1208.0;253.0;482.0;606.0;-306.0;2708.0;-1502.0;CALCIUM_NITRATE
130.0;288.0;607.0;1268.0;258.0;499.0;102.0;235.0;541.0;1218.0;254.0;483.0;620.0;-306.0;2728.0;-1500.0;CALCIUM_NITRATE
130.0;288.0;612.0;1274.0;259.0;500.0;105.0;244.0;555.0;1222.0;255.0;484.0;616.0;-306.0;2715.0;-1502.0;CALCIUM_NITRATE
131.0;288.0;612.0;1270.0;260.0;501.0;101.0;238.0;553.0;1226.0;255.0;485.0;607.0;-308.0;2708.0;-1500.0;CALCIUM_NITRATE
133.0;294.0;619.0;1282.0;260.0;503.0;101.0;238.0;547.0;1232.0;256.0;484.0;603.0;-308.0;2724.0;-1502.0;CALCIUM_NITRATE
132.0;292.0;620.0;1289.0;261.0;500.0;103.0;238.0;549.0;1224.0;255.0;486.0;618.0;-316.0;2726.0;-1503.0;CALCIUM_NITRATE
132.0;289.0;620.0;1283.0;261.0;500.0;106.0;249.0;564.0;1240.0;255.0;485.0;620.0;-316.0;2707.0;-1504.0;CALCIUM_NITRATE
133.0;292.0;622.0;1286.0;262.0;503.0;102.0;240.0;554.0;1235.0;256.0;488.0;618.0;-316.0;2714.0;-1503.0;CALCIUM_NITRATE
132.0;293.0;623.0;1297.0;264.0;504.0;103.0;243.0;557.0;1237.0;258.0;490.0;625.0;-316.0;2718.0;-1503.0;CALCIUM_NITRATE
133.0;292.0;620.0;1291.0;261.0;504.0;101.0;237.0;549.0;1231.0;257.0;488.0;613.0;-313.0;2719.0;-1502.0;CALCIUM_NITRATE
132.0;292.0;623.0;1293.0;262.0;504.0;103.0;242.0;555.0;1237.0;258.0;487.0;620.0;-313.0;2718.0;-1502.0;CALCIUM_NITRATE
132.0;293.0;622.0;1294.0;263.0;506.0;109.0;253.0;570.0;1261.0;258.0;491.0;621.0;-313.0;2723.0;-1501.0;CALCIUM_NITRATE
132.0;293.0;623.0;1290.0;262.0;504.0;102.0;241.0;553.0;1240.0;260.0;489.0;612.0;-313.0;2702.0;-1501.0;CALCIUM_NITRATE
134.0;296.0;626.0;1296.0;262.0;506.0;103.0;243.0;554.0;1230.0;258.0;492.0;614.0;-313.0;2714.0;-1501.0;CALCIUM_NITRATE
133.0;294.0;629.0;1300.0;264.0;508.0;107.0;252.0;576.0;1265.0;261.0;492.0;618.0;-313.0;2701.0;-1500.0;CALCIUM_NITRATE
133.0;294.0;623.0;1296.0;263.0;506.0;104.0;242.0;554.0;1246.0;260.0;489.0;624.0;-314.0;2727.0;-1500.0;CALCIUM_NITRATE
134.0;295.0;627.0;1295.0;263.0;508.0;109.0;254.0;579.0;1262.0;259.0;491.0;609.0;-312.0;2713.0;-1499.0;CALCIUM_NITRATE
132.0;293.0;625.0;1294.0;262.0;507.0;108.0;251.0;571.0;1245.0;259.0;492.0;617.0;-312.0;2711.0;-1499.0;CALCIUM_NITRATE
134.0;295.0;629.0;1303.0;264.0;509.0;102.0;240.0;556.0;1242.0;258.0;491.0;610.0;-312.0;2713.0;-1500.0;CALCIUM_NITRATE
134.0;297.0;626.0;1296.0;264.0;510.0;104.0;244.0;562.0;1249.0;262.0;496.0;590.0;-312.0;2700.0;-1500.0;CALCIUM_NITRATE
135.0;298.0;631.0;1316.0;266.0;509.0;107.0;252.0;574.0;1259.0;260.0;491.0;600.0;-310.0;2692.0;-1496.0;CALCIUM_NITRATE
136.0;298.0;636.0;1305.0;265.0;510.0;107.0;246.0;559.0;1252.0;261.0;496.0;616.0;-310.0;2714.0;-1499.0;CALCIUM_NITRATE
133.0;293.0;624.0;1293.0;266.0;510.0;106.0;249.0;566.0;1251.0;261.0;495.0;612.0;-316.0;2707.0;-1499.0;CALCIUM_NITRATE
135.0;298.0;631.0;1301.0;266.0;510.0;103.0;243.0;561.0;1251.0;261.0;494.0;610.0;-318.0;2705.0;-1499.0;CALCIUM_NITRATE
134.0;295.0;630.0;1314.0;265.0;508.0;102.0;241.0;555.0;1240.0;260.0;493.0;611.0;-318.0;2711.0;-1499.0;CALCIUM_NITRATE
134.0;295.0;627.0;1306.0;264.0;511.0;102.0;241.0;559.0;1255.0;262.0;495.0;614.0;-318.0;2720.0;-1500.0;CALCIUM_NITRATE
135.0;301.0;635.0;1318.0;266.0;512.0;107.0;251.0;577.0;1272.0;264.0;501.0;613.0;-315.0;2713.0;-1500.0;CALCIUM_NITRATE
135.0;299.0;632.0;1311.0;267.0;512.0;107.0;251.0;571.0;1259.0;261.0;497.0;605.0;-309.0;2712.0;-1500.0;CALCIUM_NITRATE
136.0;300.0;637.0;1316.0;268.0;514.0;106.0;247.0;565.0;1257.0;260.0;499.0;617.0;-308.0;2716.0;-1500.0;CALCIUM_NITRATE
138.0;303.0;641.0;1321.0;267.0;513.0;107.0;249.0;573.0;1266.0;263.0;496.0;611.0;-308.0;2708.0;-1502.0;CALCIUM_NITRATE
137.0;301.0;637.0;1321.0;269.0;516.0;111.0;259.0;589.0;1286.0;265.0;500.0;620.0;-308.0;2729.0;-1499.0;CALCIUM_NITRATE
136.0;301.0;640.0;1321.0;269.0;516.0;105.0;247.0;569.0;1265.0;264.0;501.0;611.0;-310.0;2694.0;-1503.0;CALCIUM_NITRATE
137.0;303.0;646.0;1341.0;271.0;519.0;110.0;256.0;580.0;1281.0;265.0;502.0;607.0;-310.0;2703.0;-1503.0;CALCIUM_NITRATE
140.0;306.0;647.0;1339.0;272.0;522.0;106.0;251.0;578.0;1290.0;268.0;505.0;596.0;-310.0;2707.0;-1500.0;CALCIUM_NITRATE
139.0;305.0;648.0;1335.0;272.0;521.0;107.0;250.0;575.0;1286.0;268.0;504.0;607.0;-310.0;2718.0;-1499.0;CALCIUM_NITRATE
139.0;308.0;651.0;1347.0;272.0;521.0;109.0;255.0;585.0;1293.0;266.0;505.0;607.0;-310.0;2703.0;-1498.0;CALCIUM_NITRATE
139.0;307.0;651.0;1346.0;272.0;522.0;106.0;249.0;573.0;1282.0;268.0;506.0;609.0;-309.0;2717.0;-1498.0;CALCIUM_NITRATE
139.0;305.0;650.0;1345.0;272.0;521.0;105.0;248.0;573.0;1281.0;267.0;505.0;617.0;-309.0;2712.0;-1500.0;CALCIUM_NITRATE
136.0;301.0;641.0;1335.0;272.0;522.0;111.0;256.0;582.0;1283.0;268.0;505.0;614.0;-310.0;2717.0;-1498.0;CALCIUM_NITRATE
138.0;304.0;647.0;1341.0;272.0;522.0;108.0;250.0;573.0;1276.0;268.0;506.0;613.0;-310.0;2715.0;-1498.0;CALCIUM_NITRATE
139.0;307.0;648.0;1343.0;272.0;522.0;109.0;253.0;584.0;1277.0;268.0;505.0;607.0;-310.0;2718.0;-1498.0;CALCIUM_NITRATE
139.0;306.0;648.0;1343.0;273.0;521.0;111.0;257.0;585.0;1286.0;268.0;507.0;611.0;-310.0;2705.0;-1498.0;CALCIUM_NITRATE
139.0;306.0;651.0;1348.0;272.0;523.0;108.0;254.0;581.0;1287.0;268.0;506.0;614.0;-310.0;2712.0;-1498.0;CALCIUM_NITRATE
138.0;304.0;647.0;1341.0;273.0;524.0;113.0;265.0;600.0;1304.0;268.0;508.0;601.0;-311.0;2694.0;-1498.0;CALCIUM_NITRATE
141.0;311.0;657.0;1357.0;276.0;524.0;113.0;261.0;594.0;1299.0;270.0;509.0;602.0;-310.0;2706.0;-1497.0;CALCIUM_NITRATE
140.0;308.0;654.0;1358.0;273.0;526.0;109.0;253.0;583.0;1304.0;270.0;509.0;617.0;-310.0;2712.0;-1497.0;CALCIUM_NITRATE
141.0;309.0;657.0;1353.0;274.0;526.0;107.0;250.0;574.0;1292.0;268.0;507.0;598.0;-310.0;2691.0;-1497.0;CALCIUM_NITRATE
141.0;308.0;656.0;1357.0;275.0;528.0;111.0;258.0;592.0;1312.0;270.0;510.0;618.0;-310.0;2729.0;-1497.0;CALCIUM_NITRATE
139.0;306.0;652.0;1345.0;275.0;529.0;116.0;269.0;608.0;1328.0;272.0;512.0;609.0;-310.0;2703.0;-1497.0;CALCIUM_NITRATE
142.0;311.0;655.0;1355.0;276.0;527.0;109.0;256.0;585.0;1296.0;268.0;510.0;610.0;-311.0;2702.0;-1499.0;CALCIUM_NITRATE
142.0;312.0;660.0;1357.0;278.0;529.0;116.0;266.0;600.0;1312.0;272.0;514.0;619.0;-311.0;2708.0;-1502.0;CALCIUM_NITRATE
141.0;313.0;665.0;1372.0;278.0;532.0;115.0;268.0;608.0;1330.0;273.0;518.0;609.0;-313.0;2703.0;-1502.0;CALCIUM_NITRATE
142.0;314.0;666.0;1374.0;279.0;532.0;110.0;257.0;587.0;1314.0;275.0;516.0;609.0;-313.0;2709.0;-1499.0;CALCIUM_NITRATE
141.0;312.0;660.0;1370.0;278.0;532.0;111.0;260.0;595.0;1326.0;273.0;516.0;610.0;-313.0;2710.0;-1495.0;CALCIUM_NITRATE
142.0;311.0;662.0;1363.0;278.0;532.0;113.0;261.0;597.0;1320.0;274.0;517.0;610.0;-313.0;2715.0;-1495.0;CALCIUM_NITRATE
141.0;312.0;662.0;1375.0;278.0;532.0;115.0;264.0;598.0;1317.0;272.0;516.0;612.0;-312.0;2718.0;-1495.0;CALCIUM_NITRATE
143.0;312.0;665.0;1371.0;278.0;532.0;111.0;257.0;590.0;1313.0;275.0;521.0;608.0;-310.0;2710.0;-1496.0;CALCIUM_NITRATE
146.0;319.0;674.0;1392.0;280.0;539.0;111.0;262.0;603.0;1337.0;278.0;524.0;602.0;-309.0;2699.0;-1496.0;CALCIUM_NITRATE
145.0;319.0;675.0;1401.0;280.0;539.0;113.0;259.0;599.0;1327.0;276.0;520.0;617.0;-309.0;2720.0;-1496.0;CALCIUM_NITRATE
145.0;318.0;672.0;1387.0;283.0;538.0;112.0;263.0;602.0;1334.0;275.0;523.0;604.0;-309.0;2697.0;-1496.0;CALCIUM_NITRATE
145.0;320.0;677.0;1398.0;282.0;539.0;113.0;264.0;603.0;1338.0;278.0;526.0;616.0;-309.0;2700.0;-1495.0;CALCIUM_NITRATE
145.0;320.0;680.0;1412.0;285.0;540.0;112.0;264.0;601.0;1339.0;278.0;526.0;610.0;-311.0;2713.0;-1495.0;CALCIUM_NITRATE
145.0;319.0;677.0;1404.0;284.0;541.0;115.0;269.0;610.0;1350.0;279.0;526.0;612.0;-311.0;2704.0;-1495.0;CALCIUM_NITRATE
145.0;318.0;677.0;1407.0;284.0;540.0;117.0;271.0;621.0;1356.0;278.0;525.0;611.0;-314.0;2711.0;-1497.0;CALCIUM_NITRATE
145.0;317.0;672.0;1401.0;283.0;541.0;119.0;276.0;622.0;1357.0;279.0;527.0;613.0;-314.0;2705.0;-1495.0;CALCIUM_NITRATE
148.0;324.0;684.0;1409.0;285.0;543.0;119.0;274.0;623.0;1366.0;280.0;527.0;619.0;-314.0;2719.0;-1494.0;CALCIUM_NITRATE
146.0;320.0;682.0;1398.0;284.0;542.0;113.0;262.0;604.0;1346.0;279.0;530.0;607.0;-314.0;2712.0;-1494.0;CALCIUM_NITRATE
145.0;320.0;682.0;1398.0;285.0;545.0;113.0;265.0;609.0;1357.0;281.0;530.0;599.0;-314.0;2697.0;-1497.0;CALCIUM_NITRATE
147.0;325.0;691.0;1416.0;286.0;546.0;115.0;268.0;614.0;1360.0;282.0;531.0;609.0;-314.0;2711.0;-1499.0;CALCIUM_NITRATE
146.0;322.0;683.0;1413.0;286.0;547.0;119.0;279.0;631.0;1363.0;280.0;530.0;608.0;-314.0;2708.0;-1499.0;CALCIUM_NITRATE
148.0;324.0;688.0;1424.0;287.0;547.0;122.0;282.0;640.0;1389.0;282.0;530.0;621.0;-315.0;2717.0;-1500.0;CALCIUM_NITRATE
148.0;326.0;692.0;1424.0;288.0;547.0;121.0;282.0;637.0;1387.0;284.0;531.0;605.0;-318.0;2707.0;-1500.0;CALCIUM_NITRATE
147.0;322.0;682.0;1412.0;285.0;544.0;114.0;264.0;609.0;1354.0;280.0;528.0;604.0;-315.0;2697.0;-1499.0;CALCIUM_NITRATE
147.0;323.0;685.0;1418.0;286.0;547.0;121.0;277.0;627.0;1368.0;284.0;531.0;615.0;-315.0;2693.0;-1494.0;CALCIUM_NITRATE
148.0;323.0;689.0;1420.0;286.0;545.0;121.0;278.0;629.0;1375.0;282.0;530.0;620.0;-315.0;2714.0;-1499.0;CALCIUM_NITRATE
149.0;326.0;689.0;1422.0;286.0;546.0;120.0;277.0;628.0;1384.0;281.0;529.0;606.0;-314.0;2704.0;-1496.0;CALCIUM_NITRATE
147.0;324.0;684.0;1412.0;287.0;548.0;121.0;277.0;624.0;1365.0;284.0;532.0;605.0;-314.0;2698.0;-1493.0;CALCIUM_NITRATE
149.0;326.0;688.0;1419.0;288.0;548.0;123.0;283.0;640.0;1386.0;284.0;532.0;612.0;-312.0;2716.0;-1496.0;CALCIUM_NITRATE
149.0;330.0;691.0;1424.0;288.0;550.0;119.0;274.0;621.0;1365.0;283.0;534.0;610.0;-312.0;2710.0;-1498.0;CALCIUM_NITRATE
149.0;327.0;691.0;1428.0;290.0;550.0;117.0;273.0;623.0;1381.0;286.0;535.0;612.0;-310.0;2696.0;-1496.0;CALCIUM_NITRATE
148.0;326.0;690.0;1436.0;288.0;549.0;119.0;277.0;626.0;1377.0;284.0;537.0;614.0;-310.0;2703.0;-1497.0;CALCIUM_NITRATE
149.0;327.0;691.0;1430.0;291.0;553.0;120.0;279.0;631.0;1380.0;286.0;537.0;608.0;-310.0;2696.0;-1498.0;CALCIUM_NITRATE
150.0;328.0;697.0;1444.0;292.0;556.0;121.0;281.0;635.0;1388.0;286.0;536.0;603.0;-315.0;2688.0;-1498.0;CALCIUM_NITRATE
152.0;333.0;705.0;1454.0;293.0;555.0;123.0;285.0;640.0;1403.0;287.0;540.0;604.0;-315.0;2704.0;-1498.0;CALCIUM_NITRATE
152.0;334.0;707.0;1458.0;292.0;555.0;119.0;275.0;631.0;1390.0;288.0;543.0;613.0;-315.0;2703.0;-1498.0;CALCIUM_NITRATE
151.0;332.0;704.0;1452.0;293.0;556.0;126.0;287.0;643.0;1397.0;288.0;541.0;614.0;-312.0;2700.0;-1500.0;CALCIUM_NITRATE
153.0;335.0;708.0;1455.0;294.0;559.0;124.0;287.0;644.0;1423.0;289.0;544.0;606.0;-312.0;2684.0;-1500.0;CALCIUM_NITRATE
154.0;336.0;711.0;1456.0;294.0;560.0;119.0;277.0;636.0;1403.0;288.0;546.0;598.0;-312.0;2690.0;-1499.0;CALCIUM_NITRATE
152.0;334.0;706.0;1457.0;294.0;559.0;118.0;276.0;631.0;1390.0;289.0;545.0;621.0;-312.0;2705.0;-1497.0;CALCIUM_NITRATE
152.0;335.0;703.0;1455.0;293.0;563.0;125.0;288.0;654.0;1415.0;290.0;545.0;615.0;-314.0;2708.0;-1499.0;CALCIUM_NITRATE
151.0;331.0;704.0;1452.0;294.0;560.0;123.0;285.0;637.0;1398.0;290.0;544.0;610.0;-314.0;2705.0;-1499.0;CALCIUM_NITRATE
151.0;335.0;710.0;1465.0;295.0;559.0;122.0;281.0;635.0;1393.0;290.0;543.0;601.0;-314.0;2685.0;-1499.0;CALCIUM_NITRATE
152.0;333.0;704.0;1454.0;294.0;561.0;122.0;282.0;634.0;1397.0;291.0;546.0;597.0;-314.0;2696.0;-1502.0;CALCIUM_NITRATE
153.0;336.0;713.0;1463.0;296.0;562.0;121.0;282.0;641.0;1415.0;290.0;549.0;610.0;-315.0;2696.0;-1502.0;CALCIUM_NITRATE
154.0;336.0;713.0;1472.0;297.0;564.0;126.0;294.0;660.0;1427.0;293.0;550.0;608.0;-315.0;2692.0;-1499.0;CALCIUM_NITRATE
154.0;337.0;712.0;1472.0;297.0;563.0;126.0;290.0;658.0;1421.0;291.0;546.0;601.0;-312.0;2683.0;-1497.0;CALCIUM_NITRATE
154.0;339.0;719.0;1488.0;298.0;563.0;120.0;281.0;636.0;1405.0;292.0;548.0;608.0;-312.0;2698.0;-1497.0;CALCIUM_NITRATE
154.0;338.0;711.0;1471.0;297.0;562.0;123.0;284.0;641.0;1415.0;293.0;548.0;608.0;-311.0;2701.0;-1494.0;CALCIUM_NITRATE
155.0;340.0;720.0;1475.0;298.0;564.0;128.0;293.0;662.0;1441.0;295.0;548.0;603.0;-311.0;2682.0;-1496.0;CALCIUM_NITRATE
156.0;340.0;717.0;1483.0;299.0;567.0;125.0;288.0;656.0;1431.0;294.0;550.0;612.0;-313.0;2680.0;-1494.0;CALCIUM_NITRATE
155.0;341.0;720.0;1482.0;298.0;565.0;123.0;282.0;643.0;1410.0;293.0;550.0;609.0;-313.0;2688.0;-1494.0;CALCIUM_NITRATE
156.0;342.0;723.0;1481.0;298.0;566.0;121.0;280.0;640.0;1413.0;292.0;549.0;607.0;-312.0;2683.0;-1496.0;CALCIUM_NITRATE
156.0;341.0;718.0;1481.0;298.0;568.0;126.0;291.0;656.0;1426.0;294.0;554.0;602.0;-312.0;2689.0;-1496.0;CALCIUM_NITRATE
155.0;339.0;719.0;1484.0;299.0;567.0;124.0;286.0;648.0;1419.0;296.0;553.0;597.0;-312.0;2697.0;-1496.0;CALCIUM_NITRATE
155.0;342.0;721.0;1496.0;301.0;572.0;128.0;296.0;666.0;1466.0;299.0;559.0;602.0;-312.0;2689.0;-1501.0;CALCIUM_NITRATE
158.0;345.0;726.0;1501.0;301.0;573.0;123.0;287.0;657.0;1442.0;297.0;557.0;609.0;-312.0;2694.0;-1501.0;CALCIUM_NITRATE
156.0;343.0;726.0;1498.0;303.0;572.0;124.0;288.0;651.0;1440.0;297.0;555.0;605.0;-314.0;2690.0;-1499.0;CALCIUM_NITRATE
157.0;344.0;729.0;1500.0;302.0;574.0;123.0;286.0;650.0;1442.0;297.0;557.0;611.0;-315.0;2697.0;-1499.0;CALCIUM_NITRATE
156.0;344.0;723.0;1490.0;301.0;569.0;126.0;290.0;655.0;1437.0;298.0;555.0;611.0;-315.0;2689.0;-1497.0;CALCIUM_NITRATE
158.0;346.0;733.0;1503.0;302.0;573.0;125.0;286.0;651.0;1440.0;297.0;556.0;619.0;-315.0;2709.0;-1496.0;CALCIUM_NITRATE
155.0;340.0;718.0;1482.0;300.0;570.0;126.0;289.0;656.0;1444.0;298.0;557.0;615.0;-309.0;2704.0;-1495.0;CALCIUM_NITRATE
157.0;345.0;731.0;1496.0;302.0;573.0;128.0;295.0;666.0;1457.0;299.0;564.0;613.0;-309.0;2695.0;-1495.0;CALCIUM_NITRATE
158.0;348.0;736.0;1512.0;304.0;577.0;128.0;296.0;668.0;1458.0;301.0;563.0;608.0;-309.0;2685.0;-1494.0;CALCIUM_NITRATE
157.0;345.0;732.0;1512.0;305.0;580.0;128.0;295.0;663.0;1455.0;302.0;564.0;613.0;-310.0;2686.0;-1494.0;CALCIUM_NITRATE
159.0;350.0;740.0;1524.0;308.0;580.0;125.0;289.0;660.0;1460.0;302.0;564.0;601.0;-310.0;2691.0;-1495.0;CALCIUM_NITRATE
159.0;350.0;741.0;1524.0;305.0;583.0;130.0;302.0;676.0;1475.0;301.0;564.0;623.0;-312.0;2699.0;-1496.0;CALCIUM_NITRATE
158.0;345.0;733.0;1513.0;306.0;580.0;127.0;295.0;665.0;1464.0;303.0;563.0;601.0;-312.0;2700.0;-1497.0;CALCIUM_NITRATE
157.0;346.0;737.0;1513.0;306.0;578.0;126.0;290.0;662.0;1464.0;301.0;564.0;612.0;-312.0;2699.0;-1497.0;CALCIUM_NITRATE
158.0;346.0;734.0;1514.0;305.0;574.0;125.0;289.0;659.0;1457.0;299.0;564.0;618.0;-312.0;2698.0;-1497.0;CALCIUM_NITRATE
158.0;345.0;728.0;1505.0;305.0;577.0;127.0;291.0;661.0;1450.0;301.0;563.0;619.0;-312.0;2692.0;-1497.0;CALCIUM_NITRATE
160.0;350.0;736.0;1508.0;306.0;579.0;125.0;288.0;658.0;1457.0;302.0;567.0;606.0;-311.0;2704.0;-1496.0;CALCIUM_NITRATE
161.0;352.0;746.0;1526.0;307.0;580.0;128.0;296.0;669.0;1471.0;302.0;568.0;611.0;-311.0;2694.0;-1496.0;CALCIUM_NITRATE
160.0;349.0;740.0;1523.0;307.0;583.0;131.0;302.0;683.0;1482.0;304.0;565.0;606.0;-309.0;2685.0;-1496.0;CALCIUM_NITRATE
159.0;351.0;740.0;1533.0;308.0;584.0;128.0;294.0;669.0;1467.0;302.0;568.0;615.0;-307.0;2695.0;-1496.0;CALCIUM_NITRATE
158.0;347.0;738.0;1525.0;307.0;583.0;131.0;301.0;678.0;1468.0;304.0;567.0;601.0;-307.0;2697.0;-1496.0;CALCIUM_NITRATE
162.0;354.0;748.0;1536.0;310.0;586.0;135.0;307.0;691.0;1488.0;304.0;570.0;616.0;-308.0;2683.0;-1496.0;CALCIUM_NITRATE
162.0;356.0;749.0;1547.0;311.0;588.0;129.0;298.0;675.0;1499.0;307.0;572.0;594.0;-306.0;2675.0;-1496.0;CALCIUM_NITRATE
163.0;358.0;759.0;1555.0;312.0;589.0;128.0;297.0;677.0;1496.0;308.0;574.0;612.0;-308.0;2697.0;-1498.0;CALCIUM_NITRATE
163.0;357.0;757.0;1557.0;312.0;590.0;135.0;311.0;701.0;1515.0;308.0;576.0;609.0;-310.0;2703.0;-1499.0;CALCIUM_NITRATE
162.0;355.0;750.0;1542.0;311.0;589.0;130.0;302.0;681.0;1490.0;307.0;574.0;621.0;-308.0;2703.0;-1498.0;CALCIUM_NITRATE
163.0;355.0;752.0;1552.0;312.0;593.0;129.0;299.0;681.0;1496.0;307.0;577.0;604.0;-310.0;2690.0;-1498.0;CALCIUM_NITRATE
162.0;355.0;752.0;1547.0;312.0;594.0;131.0;301.0;683.0;1507.0;310.0;578.0;606.0;-311.0;2701.0;-1498.0;CALCIUM_NITRATE
163.0;359.0;758.0;1558.0;315.0;592.0;130.0;298.0;675.0;1498.0;309.0;578.0;619.0;-310.0;2715.0;-1498.0;CALCIUM_NITRATE
163.0;357.0;760.0;1559.0;315.0;595.0;132.0;305.0;690.0;1503.0;310.0;581.0;612.0;-310.0;2699.0;-1498.0;CALCIUM_NITRATE
165.0;359.0;759.0;1570.0;316.0;595.0;133.0;308.0;692.0;1507.0;311.0;582.0;603.0;-310.0;2687.0;-1500.0;CALCIUM_NITRATE
164.0;361.0;766.0;1576.0;318.0;599.0;133.0;309.0;693.0;1512.0;310.0;581.0;604.0;-310.0;2680.0;-1501.0;CALCIUM_NITRATE
165.0;362.0;765.0;1569.0;315.0;597.0;130.0;301.0;687.0;1509.0;312.0;583.0;596.0;-310.0;2685.0;-1501.0;CALCIUM_NITRATE
163.0;360.0;760.0;1569.0;317.0;599.0;138.0;316.0;710.0;1529.0;313.0;586.0;609.0;-310.0;2706.0;-1501.0;CALCIUM_NITRATE
166.0;362.0;762.0;1567.0;314.0;597.0;134.0;306.0;689.0;1511.0;310.0;582.0;620.0;-310.0;2697.0;-1500.0;CALCIUM_NITRATE
165.0;361.0;763.0;1567.0;315.0;598.0;131.0;304.0;687.0;1522.0;312.0;585.0;593.0;-306.0;2693.0;-1498.0;CALCIUM_NITRATE
167.0;364.0;771.0;1591.0;316.0;599.0;133.0;311.0;695.0;1519.0;312.0;584.0;605.0;-315.0;2683.0;-1498.0;CALCIUM_NITRATE
165.0;362.0;765.0;1575.0;317.0;596.0;131.0;302.0;687.0;1510.0;310.0;582.0;615.0;-316.0;2687.0;-1498.0;CALCIUM_NITRATE
165.0;360.0;765.0;1570.0;317.0;599.0;139.0;318.0;712.0;1540.0;314.0;583.0;601.0;-315.0;2695.0;-1498.0;CALCIUM_NITRATE
165.0;361.0;768.0;1577.0;318.0;599.0;139.0;317.0;714.0;1533.0;315.0;587.0;602.0;-308.0;2691.0;-1498.0;CALCIUM_NITRATE
166.0;362.0;768.0;1585.0;319.0;602.0;133.0;306.0;692.0;1528.0;314.0;588.0;618.0;-315.0;2713.0;-1498.0;CALCIUM_NITRATE
167.0;366.0;774.0;1591.0;320.0;606.0;141.0;321.0;715.0;1549.0;316.0;590.0;606.0;-308.0;2688.0;-1500.0;CALCIUM_NITRATE
169.0;367.0;776.0;1602.0;321.0;605.0;140.0;320.0;718.0;1549.0;314.0;591.0;602.0;-308.0;2681.0;-1495.0;CALCIUM_NITRATE
169.0;368.0;783.0;1606.0;322.0;608.0;138.0;313.0;701.0;1535.0;315.0;596.0;602.0;-307.0;2696.0;-1495.0;CALCIUM_NITRATE
168.0;367.0;775.0;1599.0;322.0;606.0;138.0;316.0;708.0;1544.0;315.0;592.0;618.0;-312.0;2706.0;-1500.0;CALCIUM_NITRATE
168.0;365.0;773.0;1584.0;319.0;606.0;143.0;325.0;726.0;1572.0;318.0;592.0;613.0;-307.0;2705.0;-1500.0;CALCIUM_NITRATE
166.0;365.0;775.0;1596.0;321.0;604.0;141.0;323.0;722.0;1557.0;317.0;592.0;597.0;-309.0;2692.0;-1496.0;CALCIUM_NITRATE
168.0;367.0;776.0;1597.0;322.0;605.0;137.0;314.0;702.0;1530.0;315.0;593.0;619.0;-309.0;2711.0;-1496.0;CALCIUM_NITRATE
168.0;368.0;778.0;1599.0;322.0;608.0;137.0;314.0;710.0;1541.0;317.0;592.0;612.0;-312.0;2684.0;-1495.0;CALCIUM_NITRATE
168.0;366.0;780.0;1599.0;323.0;605.0;141.0;322.0;726.0;1571.0;318.0;591.0;606.0;-312.0;2696.0;-1495.0;CALCIUM_NITRATE
168.0;370.0;778.0;1602.0;322.0;608.0;137.0;313.0;708.0;1545.0;319.0;593.0;624.0;-312.0;2709.0;-1495.0;CALCIUM_NITRATE
169.0;370.0;779.0;1605.0;322.0;607.0;134.0;307.0;699.0;1542.0;316.0;594.0;611.0;-313.0;2696.0;-1494.0;CALCIUM_NITRATE
168.0;369.0;777.0;1606.0;321.0;608.0;137.0;314.0;706.0;1549.0;319.0;594.0;597.0;-313.0;2678.0;-1496.0;CALCIUM_NITRATE
170.0;372.0;785.0;1605.0;323.0;610.0;138.0;317.0;712.0;1551.0;319.0;595.0;604.0;-313.0;2690.0;-1498.0;CALCIUM_NITRATE
172.0;376.0;790.0;1629.0;327.0;614.0;135.0;313.0;707.0;1547.0;318.0;595.0;598.0;-311.0;2681.0;-1498.0;CALCIUM_NITRATE
171.0;374.0;793.0;1621.0;326.0;614.0;138.0;317.0;715.0;1567.0;320.0;598.0;601.0;-311.0;2688.0;-1494.0;CALCIUM_NITRATE
171.0;372.0;790.0;1620.0;325.0;612.0;141.0;327.0;733.0;1584.0;322.0;600.0;608.0;-309.0;2694.0;-1494.0;CALCIUM_NITRATE
170.0;370.0;787.0;1619.0;326.0;614.0;138.0;317.0;717.0;1568.0;322.0;600.0;600.0;-309.0;2681.0;-1491.0;CALCIUM_NITRATE
173.0;377.0;793.0;1635.0;327.0;616.0;138.0;318.0;719.0;1571.0;323.0;602.0;611.0;-309.0;2688.0;-1491.0;CALCIUM_NITRATE
172.0;376.0;790.0;1624.0;327.0;614.0;135.0;312.0;706.0;1562.0;321.0;602.0;606.0;-312.0;2692.0;-1491.0;CALCIUM_NITRATE
172.0;376.0;790.0;1626.0;328.0;616.0;143.0;326.0;725.0;1569.0;323.0;605.0;617.0;-312.0;2682.0;-1492.0;CALCIUM_NITRATE
172.0;377.0;793.0;1634.0;330.0;619.0;142.0;324.0;723.0;1586.0;324.0;608.0;613.0;-312.0;2695.0;-1492.0;CALCIUM_NITRATE
175.0;382.0;804.0;1646.0;329.0;620.0;139.0;318.0;721.0;1584.0;324.0;600.0;601.0;-312.0;2685.0;-1494.0;CALCIUM_NITRATE
171.0;374.0;792.0;1634.0;330.0;623.0;141.0;325.0;727.0;1577.0;321.0;604.0;609.0;-312.0;2672.0;-1498.0;CALCIUM_NITRATE
172.0;377.0;794.0;1629.0;328.0;618.0;140.0;323.0;721.0;1572.0;323.0;604.0;597.0;-311.0;2691.0;-1498.0;CALCIUM_NITRATE
172.0;376.0;796.0;1630.0;328.0;615.0;138.0;317.0;716.0;1570.0;324.0;603.0;602.0;-310.0;2692.0;-1498.0;CALCIUM_NITRATE
171.0;375.0;793.0;1636.0;327.0;620.0;139.0;320.0;718.0;1574.0;324.0;604.0;613.0;-310.0;2707.0;-1498.0;CALCIUM_NITRATE
174.0;380.0;795.0;1640.0;330.0;619.0;147.0;334.0;748.0;1605.0;326.0;607.0;610.0;-310.0;2699.0;-1499.0;CALCIUM_NITRATE
173.0;376.0;793.0;1638.0;330.0;622.0;147.0;336.0;744.0;1596.0;325.0;606.0;617.0;-309.0;2686.0;-1499.0;CALCIUM_NITRATE
174.0;378.0;799.0;1631.0;330.0;623.0;139.0;320.0;720.0;1583.0;325.0;607.0;596.0;-309.0;2686.0;-1493.0;CALCIUM_NITRATE
172.0;377.0;794.0;1640.0;330.0;622.0;142.0;324.0;729.0;1592.0;324.0;606.0;609.0;-309.0;2710.0;-1491.0;CALCIUM_NITRATE
174.0;379.0;801.0;1648.0;332.0;622.0;146.0;335.0;751.0;1615.0;326.0;608.0;605.0;-310.0;2682.0;-1493.0;CALCIUM_NITRATE
176.0;383.0;806.0;1657.0;333.0;624.0;144.0;334.0;751.0;1614.0;329.0;610.0;604.0;-310.0;2685.0;-1493.0;CALCIUM_NITRATE
176.0;383.0;806.0;1647.0;332.0;626.0;144.0;328.0;734.0;1590.0;327.0;614.0;612.0;-310.0;2685.0;-1491.0;CALCIUM_NITRATE
178.0;388.0;819.0;1669.0;334.0;626.0;142.0;328.0;740.0;1612.0;332.0;612.0;612.0;-310.0;2694.0;-1493.0;CALCIUM_NITRATE
176.0;383.0;810.0;1660.0;334.0;626.0;139.0;322.0;731.0;1597.0;326.0;608.0;601.0;-310.0;2668.0;-1493.0;CALCIUM_NITRATE
176.0;385.0;810.0;1663.0;333.0;626.0;143.0;326.0;738.0;1607.0;329.0;612.0;610.0;-310.0;2707.0;-1493.0;CALCIUM_NITRATE
174.0;380.0;802.0;1654.0;333.0;625.0;149.0;341.0;757.0;1637.0;330.0;613.0;620.0;-312.0;2699.0;-1497.0;CALCIUM_NITRATE
176.0;387.0;818.0;1669.0;336.0;629.0;147.0;338.0;756.0;1618.0;331.0;612.0;608.0;-312.0;2697.0;-1497.0;CALCIUM_NITRATE
172.0;378.0;802.0;1650.0;334.0;626.0;141.0;323.0;729.0;1591.0;328.0;612.0;616.0;-313.0;2714.0;-1497.0;CALCIUM_NITRATE
175.0;383.0;805.0;1668.0;334.0;629.0;145.0;336.0;751.0;1629.0;329.0;612.0;602.0;-313.0;2689.0;-1497.0;CALCIUM_NITRATE
176.0;385.0;812.0;1666.0;337.0;632.0;143.0;328.0;739.0;1616.0;332.0;616.0;605.0;-313.0;2683.0;-1496.0;CALCIUM_NITRATE
178.0;388.0;822.0;1683.0;336.0;634.0;142.0;328.0;738.0;1618.0;331.0;618.0;604.0;-314.0;2692.0;-1496.0;CALCIUM_NITRATE
178.0;388.0;820.0;1678.0;337.0;632.0;149.0;341.0;766.0;1645.0;334.0;619.0;616.0;-314.0;2693.0;-1491.0;CALCIUM_NITRATE
175.0;382.0;807.0;1669.0;337.0;634.0;142.0;328.0;744.0;1630.0;334.0;619.0;599.0;-314.0;2679.0;-1491.0;CALCIUM_NITRATE
179.0;391.0;820.0;1695.0;340.0;636.0;151.0;342.0;763.0;1641.0;334.0;621.0;608.0;-312.0;2693.0;-1491.0;CALCIUM_NITRATE
178.0;388.0;823.0;1685.0;338.0;637.0;144.0;330.0;749.0;1635.0;334.0;623.0;604.0;-312.0;2684.0;-1492.0;CALCIUM_NITRATE
177.0;389.0;823.0;1686.0;338.0;636.0;145.0;333.0;749.0;1632.0;336.0;623.0;612.0;-312.0;2672.0;-1492.0;CALCIUM_NITRATE
179.0;389.0;824.0;1688.0;338.0;638.0;147.0;334.0;749.0;1635.0;334.0;622.0;607.0;-310.0;2698.0;-1495.0;CALCIUM_NITRATE
180.0;389.0;825.0;1688.0;339.0;636.0;143.0;329.0;745.0;1626.0;333.0;618.0;612.0;-310.0;2684.0;-1495.0;CALCIUM_NITRATE
180.0;390.0;825.0;1675.0;339.0;634.0;150.0;342.0;761.0;1630.0;334.0;618.0;609.0;-310.0;2678.0;-1495.0;CALCIUM_NITRATE
180.0;392.0;827.0;1695.0;338.0;635.0;149.0;339.0;755.0;1623.0;332.0;619.0;615.0;-309.0;2691.0;-1495.0;CALCIUM_NITRATE
180.0;393.0;827.0;1697.0;339.0;636.0;151.0;346.0;773.0;1661.0;335.0;625.0;614.0;-309.0;2696.0;-1495.0;CALCIUM_NITRATE
180.0;391.0;828.0;1699.0;343.0;639.0;151.0;347.0;773.0;1661.0;338.0;624.0;594.0;-310.0;2675.0;-1496.0;CALCIUM_NITRATE
181.0;394.0;834.0;1697.0;342.0;641.0;153.0;348.0;777.0;1669.0;339.0;627.0;618.0;-311.0;2696.0;-1496.0;CALCIUM_NITRATE
179.0;393.0;835.0;1705.0;343.0;644.0;154.0;349.0;778.0;1671.0;340.0;626.0;613.0;-315.0;2692.0;-1496.0;CALCIUM_NITRATE
181.0;394.0;832.0;1712.0;341.0;642.0;149.0;343.0;765.0;1657.0;338.0;627.0;609.0;-315.0;2687.0;-1494.0;CALCIUM_NITRATE
180.0;394.0;829.0;1705.0;342.0;641.0;150.0;341.0;759.0;1634.0;337.0;628.0;607.0;-311.0;2687.0;-1497.0;CALCIUM_NITRATE
181.0;394.0;831.0;1712.0;343.0;643.0;148.0;341.0;766.0;1655.0;337.0;628.0;587.0;-311.0;2682.0;-1494.0;CALCIUM_NITRATE
182.0;394.0;837.0;1706.0;344.0;644.0;147.0;336.0;761.0;1660.0;341.0;631.0;603.0;-311.0;2686.0;-1493.0;CALCIUM_NITRATE
184.0;398.0;845.0;1724.0;344.0;648.0;149.0;342.0;763.0;1655.0;340.0;634.0;602.0;-311.0;2685.0;-1494.0;CALCIUM_NITRATE
181.0;398.0;840.0;1713.0;346.0;644.0;148.0;339.0;765.0;1659.0;340.0;630.0;604.0;-311.0;2677.0;-1493.0;CALCIUM_NITRATE
182.0;395.0;838.0;1711.0;345.0;649.0;156.0;352.0;782.0;1693.0;344.0;633.0;615.0;-311.0;2688.0;-1493.0;CALCIUM_NITRATE
185.0;401.0;847.0;1737.0;348.0;646.0;146.0;337.0;759.0;1657.0;340.0;629.0;612.0;-310.0;2693.0;-1493.0;CALCIUM_NITRATE
180.0;393.0;831.0;1700.0;342.0;644.0;154.0;350.0;783.0;1688.0;340.0;629.0;622.0;-310.0;2712.0;-1493.0;CALCIUM_NITRATE
181.0;394.0;834.0;1707.0;344.0;644.0;152.0;349.0;779.0;1677.0;340.0;628.0;611.0;-311.0;2708.0;-1493.0;CALCIUM_NITRATE
181.0;396.0;835.0;1713.0;345.0;649.0;152.0;347.0;772.0;1671.0;341.0;633.0;602.0;-311.0;2680.0;-1493.0;CALCIUM_NITRATE
183.0;399.0;844.0;1730.0;347.0;650.0;153.0;351.0;780.0;1683.0;343.0;637.0;603.0;-313.0;2681.0;-1493.0;CALCIUM_NITRATE
183.0;399.0;846.0;1732.0;347.0;648.0;150.0;341.0;765.0;1670.0;343.0;633.0;600.0;-313.0;2697.0;-1494.0;CALCIUM_NITRATE
182.0;394.0;842.0;1725.0;347.0;653.0;149.0;340.0;766.0;1681.0;344.0;640.0;602.0;-311.0;2681.0;-1493.0;CALCIUM_NITRATE
184.0;400.0;848.0;1738.0;348.0;652.0;153.0;353.0;790.0;1696.0;342.0;637.0;594.0;-313.0;2688.0;-1495.0;CALCIUM_NITRATE
184.0;399.0;845.0;1732.0;347.0;653.0;155.0;350.0;785.0;1689.0;345.0;637.0;615.0;-311.0;2685.0;-1491.0;CALCIUM_NITRATE
184.0;402.0;852.0;1745.0;350.0;655.0;150.0;346.0;772.0;1690.0;347.0;642.0;613.0;-311.0;2685.0;-1492.0;CALCIUM_NITRATE
185.0;403.0;850.0;1738.0;350.0;654.0;153.0;350.0;785.0;1695.0;346.0;640.0;605.0;-312.0;2665.0;-1492.0;CALCIUM_NITRATE
186.0;408.0;858.0;1754.0;352.0;656.0;149.0;343.0;776.0;1694.0;347.0;641.0;604.0;-312.0;2690.0;-1492.0;CALCIUM_NITRATE
185.0;406.0;853.0;1752.0;351.0;656.0;152.0;345.0;775.0;1685.0;345.0;640.0;610.0;-312.0;2684.0;-1492.0;CALCIUM_NITRATE
185.0;404.0;855.0;1754.0;351.0;654.0;157.0;355.0;791.0;1709.0;346.0;640.0;609.0;-312.0;2695.0;-1492.0;CALCIUM_NITRATE
186.0;404.0;847.0;1743.0;349.0;653.0;152.0;346.0;772.0;1686.0;344.0;638.0;621.0;-312.0;2687.0;-1492.0;CALCIUM_NITRATE
184.0;402.0;847.0;1731.0;351.0;652.0;158.0;362.0;802.0;1718.0;345.0;643.0;601.0;-312.0;2672.0;-1496.0;CALCIUM_NITRATE
186.0;406.0;856.0;1760.0;352.0;656.0;159.0;363.0;809.0;1733.0;348.0;642.0;596.0;-310.0;2671.0;-1496.0;CALCIUM_NITRATE
186.0;404.0;853.0;1749.0;350.0;658.0;158.0;360.0;803.0;1714.0;347.0;643.0;599.0;-313.0;2694.0;-1496.0;CALCIUM_NITRATE
184.0;403.0;850.0;1746.0;349.0;656.0;156.0;354.0;789.0;1694.0;345.0;643.0;602.0;-313.0;2694.0;-1496.0;CALCIUM_NITRATE
186.0;405.0;857.0;1756.0;352.0;659.0;157.0;358.0;803.0;1729.0;348.0;645.0;609.0;-313.0;2692.0;-1496.0;CALCIUM_NITRATE
187.0;406.0;856.0;1758.0;355.0;658.0;158.0;360.0;801.0;1719.0;349.0;647.0;604.0;-313.0;2690.0;-1491.0;CALCIUM_NITRATE
185.0;404.0;853.0;1752.0;352.0;658.0;160.0;361.0;803.0;1720.0;347.0;646.0;608.0;-314.0;2684.0;-1491.0;CALCIUM_NITRATE
188.0;408.0;863.0;1764.0;354.0;660.0;155.0;353.0;797.0;1715.0;350.0;646.0;602.0;-314.0;2686.0;-1489.0;CALCIUM_NITRATE
188.0;409.0;865.0;1775.0;355.0;662.0;155.0;353.0;789.0;1704.0;349.0;646.0;601.0;-314.0;2686.0;-1491.0;CALCIUM_NITRATE
188.0;410.0;864.0;1762.0;352.0;664.0;151.0;346.0;782.0;1707.0;349.0;645.0;601.0;-314.0;2696.0;-1493.0;CALCIUM_NITRATE
187.0;409.0;865.0;1769.0;355.0;659.0;155.0;353.0;792.0;1729.0;351.0;648.0;611.0;-312.0;2702.0;-1493.0;CALCIUM_NITRATE
186.0;406.0;859.0;1767.0;352.0;664.0;161.0;365.0;814.0;1737.0;351.0;646.0;599.0;-312.0;2688.0;-1493.0;CALCIUM_NITRATE
186.0;406.0;859.0;1775.0;354.0;664.0;154.0;351.0;787.0;1699.0;351.0;652.0;601.0;-312.0;2676.0;-1493.0;CALCIUM_NITRATE
191.0;417.0;879.0;1788.0;358.0;666.0;161.0;365.0;813.0;1731.0;351.0;650.0;601.0;-311.0;2685.0;-1493.0;CALCIUM_NITRATE
189.0;411.0;865.0;1773.0;356.0;665.0;154.0;349.0;787.0;1712.0;350.0;650.0;613.0;-311.0;2685.0;-1494.0;CALCIUM_NITRATE
191.0;415.0;866.0;1768.0;353.0;665.0;161.0;366.0;811.0;1727.0;353.0;650.0;602.0;-311.0;2687.0;-1494.0;CALCIUM_NITRATE
190.0;414.0;872.0;1777.0;357.0;666.0;161.0;366.0;814.0;1750.0;352.0;650.0;594.0;-310.0;2679.0;-1494.0;CALCIUM_NITRATE
189.0;410.0;870.0;1774.0;356.0;666.0;160.0;366.0;812.0;1743.0;354.0;652.0;598.0;-309.0;2666.0;-1494.0;CALCIUM_NITRATE
188.0;411.0;871.0;1770.0;356.0;667.0;152.0;351.0;784.0;1719.0;352.0;654.0;597.0;-308.0;2674.0;-1489.0;CALCIUM_NITRATE
191.0;416.0;875.0;1786.0;359.0;670.0;158.0;362.0;808.0;1732.0;355.0;654.0;602.0;-308.0;2691.0;-1484.0;CALCIUM_NITRATE
189.0;410.0;867.0;1777.0;356.0;668.0;155.0;354.0;792.0;1735.0;354.0;652.0;609.0;-308.0;2682.0;-1489.0;CALCIUM_NITRATE
190.0;412.0;869.0;1791.0;358.0;670.0;158.0;359.0;801.0;1728.0;352.0;654.0;618.0;-308.0;2696.0;-1489.0;CALCIUM_NITRATE
190.0;414.0;874.0;1786.0;359.0;668.0;161.0;364.0;809.0;1737.0;354.0;651.0;611.0;-310.0;2699.0;-1489.0;CALCIUM_NITRATE
188.0;410.0;866.0;1778.0;357.0;664.0;162.0;371.0;818.0;1750.0;352.0;652.0;603.0;-315.0;2685.0;-1489.0;CALCIUM_NITRATE
190.0;414.0;870.0;1774.0;357.0;666.0;154.0;350.0;787.0;1718.0;352.0;651.0;603.0;-315.0;2670.0;-1489.0;CALCIUM_NITRATE
188.0;412.0;866.0;1775.0;356.0;667.0;161.0;367.0;815.0;1745.0;353.0;654.0;605.0;-315.0;2679.0;-1489.0;CALCIUM_NITRATE
192.0;417.0;874.0;1776.0;358.0;667.0;158.0;358.0;797.0;1717.0;353.0;653.0;604.0;-311.0;2690.0;-1489.0;CALCIUM_NITRATE
190.0;416.0;874.0;1788.0;360.0;666.0;156.0;357.0;799.0;1734.0;355.0;654.0;611.0;-311.0;2690.0;-1489.0;CALCIUM_NITRATE
190.0;415.0;868.0;1782.0;357.0;671.0;165.0;373.0;822.0;1757.0;353.0;654.0;608.0;-311.0;2687.0;-1489.0;CALCIUM_NITRATE
192.0;416.0;880.0;1796.0;360.0;670.0;157.0;357.0;803.0;1742.0;354.0;655.0;610.0;-311.0;2665.0;-1489.0;CALCIUM_NITRATE
192.0;419.0;885.0;1806.0;360.0;672.0;163.0;369.0;821.0;1764.0;356.0;657.0;614.0;-313.0;2687.0;-1491.0;CALCIUM_NITRATE
190.0;415.0;875.0;1788.0;359.0;670.0;156.0;353.0;797.0;1719.0;354.0;657.0;611.0;-313.0;2683.0;-1493.0;CALCIUM_NITRATE
191.0;416.0;874.0;1792.0;359.0;668.0;157.0;360.0;803.0;1739.0;354.0;654.0;594.0;-313.0;2672.0;-1493.0;CALCIUM_NITRATE
190.0;415.0;878.0;1792.0;358.0;669.0;157.0;355.0;792.0;1723.0;352.0;654.0;609.0;-313.0;2682.0;-1493.0;CALCIUM_NITRATE
192.0;417.0;882.0;1800.0;360.0;670.0;159.0;363.0;805.0;1734.0;353.0;656.0;591.0;-313.0;2676.0;-1493.0;CALCIUM_NITRATE
191.0;417.0;876.0;1799.0;360.0;672.0;162.0;369.0;814.0;1743.0;353.0;658.0;605.0;-312.0;2673.0;-1493.0;CALCIUM_NITRATE
193.0;419.0;888.0;1803.0;361.0;673.0;155.0;354.0;795.0;1720.0;354.0;656.0;606.0;-310.0;2680.0;-1492.0;CALCIUM_NITRATE
193.0;421.0;882.0;1810.0;362.0;670.0;163.0;369.0;811.0;1746.0;356.0;659.0;610.0;-310.0;2681.0;-1493.0;CALCIUM_NITRATE
194.0;420.0;884.0;1808.0;364.0;676.0;161.0;362.0;807.0;1755.0;357.0;660.0;611.0;-307.0;2674.0;-1494.0;CALCIUM_NITRATE
192.0;420.0;886.0;1810.0;361.0;676.0;164.0;372.0;831.0;1781.0;359.0;660.0;610.0;-307.0;2672.0;-1494.0;CALCIUM_NITRATE
195.0;424.0;894.0;1825.0;365.0;678.0;163.0;372.0;820.0;1766.0;360.0;662.0;613.0;-307.0;2678.0;-1491.0;CALCIUM_NITRATE
193.0;423.0;890.0;1806.0;363.0;678.0;165.0;376.0;827.0;1785.0;358.0;662.0;608.0;-309.0;2666.0;-1491.0;CALCIUM_NITRATE
198.0;429.0;900.0;1828.0;365.0;680.0;167.0;380.0;844.0;1799.0;361.0;670.0;607.0;-309.0;2664.0;-1490.0;CALCIUM_NITRATE
195.0;427.0;899.0;1836.0;368.0;682.0;164.0;372.0;822.0;1771.0;361.0;664.0;603.0;-309.0;2670.0;-1490.0;CALCIUM_NITRATE
196.0;426.0;898.0;1830.0;365.0;683.0;162.0;370.0;826.0;1788.0;363.0;668.0;605.0;-309.0;2667.0;-1490.0;CALCIUM_NITRATE
196.0;427.0;903.0;1836.0;366.0;684.0;168.0;380.0;845.0;1802.0;362.0;667.0;605.0;-312.0;2678.0;-1490.0;CALCIUM_NITRATE
195.0;424.0;891.0;1824.0;365.0;681.0;168.0;380.0;839.0;1789.0;361.0;663.0;616.0;-316.0;2682.0;-1489.0;CALCIUM_NITRATE
195.0;424.0;893.0;1824.0;364.0;676.0;164.0;376.0;833.0;1779.0;360.0;664.0;596.0;-313.0;2671.0;-1489.0;CALCIUM_NITRATE
195.0;427.0;894.0;1829.0;366.0;679.0;161.0;367.0;819.0;1772.0;362.0;670.0;610.0;-313.0;2667.0;-1489.0;CALCIUM_NITRATE
198.0;430.0;907.0;1844.0;368.0;683.0;158.0;364.0;822.0;1776.0;364.0;670.0;609.0;-312.0;2676.0;-1489.0;CALCIUM_NITRATE
193.0;424.0;894.0;1833.0;366.0;685.0;166.0;376.0;835.0;1781.0;364.0;670.0;604.0;-311.0;2667.0;-1489.0;CALCIUM_NITRATE
197.0;428.0;904.0;1841.0;369.0;684.0;170.0;382.0;846.0;1812.0;365.0;669.0;599.0;-309.0;2670.0;-1486.0;CALCIUM_NITRATE
198.0;430.0;905.0;1848.0;370.0;686.0;161.0;367.0;821.0;1776.0;365.0;675.0;595.0;-308.0;2666.0;-1489.0;CALCIUM_NITRATE
199.0;434.0;914.0;1868.0;372.0;691.0;168.0;384.0;856.0;1825.0;367.0;675.0;590.0;-308.0;2665.0;-1489.0;CALCIUM_NITRATE
198.0;429.0;905.0;1841.0;368.0;684.0;169.0;381.0;841.0;1793.0;363.0;672.0;608.0;-309.0;2684.0;-1494.0;CALCIUM_NITRATE
195.0;426.0;896.0;1828.0;369.0;682.0;168.0;380.0;840.0;1794.0;364.0;672.0;614.0;-309.0;2663.0;-1494.0;CALCIUM_NITRATE
197.0;428.0;906.0;1845.0;368.0;687.0;167.0;380.0;837.0;1793.0;361.0;676.0;616.0;-314.0;2682.0;-1494.0;CALCIUM_NITRATE
195.0;426.0;895.0;1828.0;367.0;684.0;171.0;382.0;848.0;1813.0;363.0;669.0;602.0;-314.0;2691.0;-1494.0;CALCIUM_NITRATE
195.0;425.0;894.0;1826.0;365.0;682.0;170.0;383.0;842.0;1799.0;364.0;669.0;604.0;-314.0;2684.0;-1493.0;CALCIUM_NITRATE
195.0;425.0;895.0;1831.0;367.0;685.0;161.0;366.0;820.0;1778.0;361.0;673.0;606.0;-310.0;2670.0;-1493.0;CALCIUM_NITRATE
200.0;434.0;910.0;1857.0;369.0;686.0;166.0;377.0;835.0;1786.0;363.0;672.0;606.0;-309.0;2664.0;-1491.0;CALCIUM_NITRATE
197.0;429.0;904.0;1846.0;367.0;685.0;169.0;384.0;850.0;1811.0;364.0;673.0;602.0;-309.0;2666.0;-1491.0;CALCIUM_NITRATE
198.0;431.0;907.0;1843.0;370.0;686.0;172.0;384.0;854.0;1811.0;367.0;674.0;609.0;-307.0;2674.0;-1491.0;CALCIUM_NITRATE
196.0;427.0;903.0;1837.0;367.0;687.0;167.0;378.0;837.0;1798.0;364.0;672.0;595.0;-307.0;2660.0;-1491.0;CALCIUM_NITRATE
199.0;432.0;910.0;1856.0;370.0;687.0;169.0;383.0;848.0;1812.0;366.0;675.0;609.0;-309.0;2680.0;-1490.0;CALCIUM_NITRATE
199.0;434.0;911.0;1854.0;372.0;691.0;170.0;382.0;849.0;1810.0;366.0;676.0;595.0;-309.0;2665.0;-1490.0;CALCIUM_NITRATE
200.0;435.0;918.0;1866.0;373.0;690.0;165.0;374.0;835.0;1803.0;367.0;674.0;590.0;-311.0;2658.0;-1491.0;CALCIUM_NITRATE
200.0;433.0;913.0;1862.0;372.0;693.0;166.0;377.0;839.0;1806.0;368.0;681.0;597.0;-311.0;2659.0;-1492.0;CALCIUM_NITRATE
200.0;435.0;913.0;1864.0;374.0;693.0;167.0;379.0;842.0;1804.0;367.0;682.0;597.0;-309.0;2665.0;-1493.0;CALCIUM_NITRATE
201.0;436.0;916.0;1865.0;373.0;693.0;171.0;386.0;853.0;1824.0;369.0;678.0;604.0;-309.0;2668.0;-1493.0;CALCIUM_NITRATE
199.0;432.0;909.0;1858.0;372.0;691.0;169.0;381.0;842.0;1821.0;368.0;680.0;595.0;-314.0;2661.0;-1493.0;CALCIUM_NITRATE
200.0;435.0;916.0;1869.0;373.0;694.0;169.0;383.0;852.0;1826.0;367.0;679.0;594.0;-309.0;2662.0;-1491.0;CALCIUM_NITRATE
198.0;433.0;913.0;1858.0;373.0;695.0;162.0;370.0;830.0;1794.0;365.0;679.0;598.0;-314.0;2663.0;-1491.0;CALCIUM_NITRATE
201.0;438.0;924.0;1873.0;375.0;695.0;165.0;374.0;842.0;1818.0;371.0;684.0;606.0;-314.0;2660.0;-1491.0;CALCIUM_NITRATE
202.0;440.0;919.0;1871.0;377.0;700.0;164.0;374.0;835.0;1805.0;369.0;682.0;595.0;-311.0;2665.0;-1491.0;CALCIUM_NITRATE
203.0;439.0;922.0;1884.0;376.0;697.0;167.0;377.0;840.0;1819.0;369.0;682.0;590.0;-310.0;2665.0;-1492.0;CALCIUM_NITRATE
202.0;439.0;919.0;1872.0;375.0;697.0;173.0;392.0;869.0;1850.0;371.0;685.0;604.0;-310.0;2659.0;-1492.0;CALCIUM_NITRATE
203.0;441.0;929.0;1890.0;379.0;699.0;166.0;378.0;841.0;1828.0;372.0;687.0;608.0;-310.0;2691.0;-1492.0;CALCIUM_NITRATE
203.0;441.0;924.0;1889.0;378.0;696.0;174.0;396.0;867.0;1855.0;371.0;685.0;601.0;-311.0;2663.0;-1485.0;CALCIUM_NITRATE
202.0;440.0;926.0;1877.0;376.0;698.0;165.0;375.0;844.0;1821.0;372.0;687.0;601.0;-311.0;2671.0;-1484.0;CALCIUM_NITRATE
205.0;444.0;932.0;1893.0;379.0;702.0;166.0;380.0;844.0;1833.0;374.0;691.0;602.0;-311.0;2664.0;-1484.0;CALCIUM_NITRATE
206.0;444.0;935.0;1898.0;379.0;704.0;166.0;381.0;850.0;1845.0;374.0;693.0;593.0;-311.0;2666.0;-1484.0;CALCIUM_NITRATE
204.0;444.0;932.0;1896.0;380.0;708.0;172.0;389.0;858.0;1851.0;377.0;691.0;608.0;-311.0;2664.0;-1488.0;CALCIUM_NITRATE
203.0;441.0;934.0;1904.0;383.0;704.0;176.0;399.0;878.0;1883.0;375.0;694.0;606.0;-311.0;2672.0;-1489.0;CALCIUM_NITRATE
205.0;444.0;937.0;1903.0;381.0;706.0;171.0;391.0;863.0;1864.0;377.0;696.0;600.0;-309.0;2667.0;-1489.0;CALCIUM_NITRATE
206.0;448.0;948.0;1918.0;384.0;711.0;175.0;396.0;878.0;1866.0;375.0;695.0;606.0;-309.0;2668.0;-1490.0;CALCIUM_NITRATE
204.0;443.0;936.0;1895.0;384.0;710.0;174.0;389.0;865.0;1857.0;377.0;696.0;610.0;-314.0;2672.0;-1489.0;CALCIUM_NITRATE
206.0;448.0;945.0;1912.0;383.0;709.0;177.0;400.0;880.0;1873.0;378.0;697.0;605.0;-314.0;2676.0;-1489.0;CALCIUM_NITRATE
205.0;446.0;943.0;1906.0;381.0;711.0;170.0;385.0;861.0;1848.0;378.0;695.0;598.0;-314.0;2655.0;-1489.0;CALCIUM_NITRATE
206.0;445.0;936.0;1907.0;384.0;711.0;167.0;379.0;855.0;1857.0;379.0;698.0;614.0;-314.0;2671.0;-1490.0;CALCIUM_NITRATE
208.0;451.0;947.0;1926.0;384.0;710.0;176.0;395.0;869.0;1870.0;380.0;696.0;609.0;-310.0;2673.0;-1489.0;CALCIUM_NITRATE
208.0;451.0;942.0;1911.0;385.0;712.0;171.0;386.0;859.0;1857.0;378.0;702.0;609.0;-310.0;2680.0;-1487.0;CALCIUM_NITRATE
208.0;454.0;952.0;1925.0;388.0;710.0;175.0;396.0;874.0;1866.0;379.0;700.0;602.0;-310.0;2668.0;-1487.0;CALCIUM_NITRATE
209.0;457.0;957.0;1938.0;386.0;715.0;178.0;402.0;886.0;1884.0;378.0;704.0;594.0;-310.0;2674.0;-1487.0;CALCIUM_NITRATE
207.0;448.0;946.0;1914.0;383.0;713.0;180.0;406.0;893.0;1914.0;380.0;701.0;608.0;-310.0;2662.0;-1487.0;CALCIUM_NITRATE
209.0;454.0;951.0;1925.0;389.0;714.0;173.0;390.0;867.0;1874.0;382.0;703.0;608.0;-310.0;2669.0;-1489.0;CALCIUM_NITRATE
210.0;458.0;959.0;1939.0;388.0;719.0;173.0;394.0;869.0;1887.0;383.0;700.0;605.0;-309.0;2670.0;-1489.0;CALCIUM_NITRATE
209.0;453.0;954.0;1928.0;386.0;716.0;171.0;391.0;865.0;1873.0;384.0;704.0;597.0;-309.0;2661.0;-1489.0;CALCIUM_NITRATE
208.0;452.0;949.0;1921.0;387.0;713.0;176.0;403.0;887.0;1898.0;383.0;702.0;599.0;-309.0;2671.0;-1489.0;CALCIUM_NITRATE
206.0;448.0;942.0;1917.0;386.0;716.0;175.0;395.0;875.0;1880.0;382.0;702.0;591.0;-309.0;2654.0;-1489.0;CALCIUM_NITRATE
207.0;453.0;952.0;1934.0;388.0;719.0;180.0;406.0;898.0;1906.0;383.0;702.0;610.0;-311.0;2683.0;-1489.0;CALCIUM_NITRATE
210.0;454.0;956.0;1924.0;386.0;716.0;176.0;399.0;879.0;1891.0;382.0;701.0;595.0;-311.0;2657.0;-1489.0;CALCIUM_NITRATE
210.0;458.0;962.0;1939.0;390.0;720.0;176.0;398.0;887.0;1910.0;388.0;708.0;603.0;-311.0;2655.0;-1489.0;CALCIUM_NITRATE
212.0;459.0;962.0;1945.0;391.0;723.0;174.0;397.0;880.0;1907.0;386.0;708.0;598.0;-311.0;2665.0;-1488.0;CALCIUM_NITRATE
208.0;455.0;965.0;1947.0;390.0;721.0;177.0;401.0;889.0;1906.0;386.0;711.0;596.0;-310.0;2660.0;-1485.0;CALCIUM_NITRATE
215.0;464.0;968.0;1948.0;391.0;728.0;178.0;398.0;880.0;1900.0;387.0;710.0;604.0;-309.0;2663.0;-1485.0;CALCIUM_NITRATE
210.0;457.0;965.0;1953.0;393.0;726.0;178.0;401.0;889.0;1915.0;385.0;710.0;595.0;-310.0;2659.0;-1483.0;CALCIUM_NITRATE
214.0;465.0;972.0;1951.0;392.0;728.0;175.0;398.0;884.0;1897.0;388.0;712.0;595.0;-310.0;2674.0;-1485.0;CALCIUM_NITRATE
213.0;465.0;977.0;1971.0;394.0;726.0;175.0;397.0;887.0;1921.0;388.0;713.0;601.0;-310.0;2668.0;-1486.0;CALCIUM_NITRATE
213.0;461.0;967.0;1961.0;391.0;724.0;177.0;404.0;893.0;1916.0;386.0;712.0;594.0;-315.0;2654.0;-1488.0;CALCIUM_NITRATE
212.0;459.0;970.0;1956.0;391.0;726.0;173.0;393.0;873.0;1884.0;385.0;705.0;604.0;-315.0;2681.0;-1486.0;CALCIUM_NITRATE
209.0;457.0;959.0;1942.0;390.0;720.0;179.0;404.0;882.0;1892.0;386.0;708.0;610.0;-314.0;2675.0;-1487.0;CALCIUM_NITRATE
210.0;453.0;961.0;1954.0;390.0;726.0;185.0;416.0;910.0;1930.0;387.0;713.0;601.0;-307.0;2668.0;-1486.0;CALCIUM_NITRATE
212.0;460.0;969.0;1958.0;393.0;725.0;179.0;403.0;893.0;1918.0;388.0;709.0;604.0;-307.0;2659.0;-1487.0;CALCIUM_NITRATE
214.0;462.0;972.0;1964.0;393.0;724.0;182.0;409.0;902.0;1914.0;386.0;707.0;603.0;-307.0;2669.0;-1485.0;CALCIUM_NITRATE
211.0;459.0;962.0;1945.0;391.0;724.0;179.0;403.0;890.0;1902.0;385.0;708.0;598.0;-306.0;2670.0;-1487.0;CALCIUM_NITRATE
213.0;460.0;967.0;1945.0;393.0;727.0;176.0;396.0;880.0;1898.0;384.0;709.0;604.0;-307.0;2672.0;-1490.0;CALCIUM_NITRATE
210.0;455.0;955.0;1948.0;390.0;722.0;177.0;402.0;893.0;1920.0;388.0;711.0;608.0;-305.0;2670.0;-1490.0;CALCIUM_NITRATE
212.0;461.0;968.0;1952.0;393.0;728.0;182.0;411.0;907.0;1928.0;386.0;713.0;589.0;-307.0;2634.0;-1490.0;CALCIUM_NITRATE
215.0;464.0;975.0;1968.0;392.0;725.0;174.0;395.0;877.0;1902.0;385.0;712.0;598.0;-305.0;2652.0;-1490.0;CALCIUM_NITRATE
213.0;463.0;970.0;1957.0;392.0;724.0;183.0;412.0;904.0;1927.0;386.0;708.0;600.0;-306.0;2661.0;-1485.0;CALCIUM_NITRATE
213.0;459.0;966.0;1957.0;391.0;725.0;173.0;393.0;876.0;1894.0;386.0;712.0;603.0;-306.0;2648.0;-1485.0;CALCIUM_NITRATE
212.0;459.0;965.0;1946.0;394.0;725.0;180.0;408.0;901.0;1929.0;387.0;713.0;609.0;-306.0;2664.0;-1483.0;CALCIUM_NITRATE
214.0;464.0;970.0;1951.0;397.0;728.0;179.0;402.0;888.0;1902.0;386.0;712.0;603.0;-306.0;2672.0;-1483.0;CALCIUM_NITRATE
211.0;461.0;965.0;1949.0;392.0;722.0;180.0;404.0;887.0;1887.0;386.0;709.0;608.0;-307.0;2678.0;-1483.0;CALCIUM_NITRATE
211.0;457.0;962.0;1948.0;391.0;723.0;175.0;396.0;883.0;1909.0;386.0;711.0;605.0;-309.0;2663.0;-1486.0;CALCIUM_NITRATE
210.0;458.0;962.0;1942.0;392.0;724.0;178.0;402.0;889.0;1918.0;386.0;712.0;615.0;-309.0;2671.0;-1486.0;CALCIUM_NITRATE
214.0;463.0;969.0;1952.0;392.0;726.0;177.0;397.0;883.0;1904.0;386.0;712.0;594.0;-309.0;2657.0;-1487.0;CALCIUM_NITRATE
213.0;462.0;968.0;1961.0;394.0;728.0;178.0;400.0;888.0;1910.0;388.0;714.0;594.0;-309.0;2649.0;-1487.0;CALCIUM_NITRATE
215.0;466.0;981.0;1979.0;396.0;730.0;175.0;398.0;889.0;1910.0;388.0;718.0;603.0;-310.0;2657.0;-1487.0;CALCIUM_NITRATE
215.0;467.0;975.0;1974.0;394.0;730.0;180.0;407.0;901.0;1935.0;390.0;718.0;596.0;-310.0;2645.0;-1487.0;CALCIUM_NITRATE
214.0;465.0;980.0;1974.0;396.0;732.0;185.0;418.0;914.0;1944.0;390.0;716.0;603.0;-315.0;2662.0;-1487.0;CALCIUM_NITRATE
212.0;458.0;966.0;1950.0;393.0;729.0;182.0;409.0;909.0;1941.0;391.0;717.0;604.0;-315.0;2657.0;-1484.0;CALCIUM_NITRATE
214.0;464.0;974.0;1968.0;395.0;729.0;186.0;419.0;920.0;1948.0;390.0;717.0;601.0;-315.0;2660.0;-1482.0;CALCIUM_NITRATE
214.0;462.0;976.0;1970.0;396.0;733.0;176.0;399.0;889.0;1921.0;393.0;716.0;596.0;-308.0;2649.0;-1482.0;CALCIUM_NITRATE
217.0;469.0;984.0;1978.0;399.0;734.0;181.0;409.0;907.0;1940.0;393.0;719.0;609.0;-313.0;2661.0;-1482.0;CALCIUM_NITRATE
217.0;470.0;988.0;1985.0;400.0;735.0;177.0;400.0;892.0;1921.0;393.0;722.0;603.0;-309.0;2661.0;-1482.0;CALCIUM_NITRATE
219.0;474.0;985.0;1977.0;399.0;735.0;188.0;423.0;925.0;1957.0;393.0;719.0;606.0;-308.0;2668.0;-1481.0;CALCIUM_NITRATE
218.0;471.0;986.0;1992.0;400.0;734.0;179.0;407.0;900.0;1941.0;394.0;723.0;589.0;-309.0;2644.0;-1476.0;CALCIUM_NITRATE
221.0;476.0;998.0;2001.0;403.0;738.0;181.0;413.0;909.0;1957.0;394.0;721.0;609.0;-309.0;2648.0;-1476.0;CALCIUM_NITRATE
217.0;472.0;986.0;1982.0;398.0;735.0;189.0;426.0;935.0;1981.0;396.0;725.0;606.0;-308.0;2656.0;-1476.0;CALCIUM_NITRATE
219.0;475.0;992.0;1994.0;399.0;738.0;191.0;426.0;931.0;1967.0;396.0;724.0;606.0;-308.0;2659.0;-1476.0;CALCIUM_NITRATE
220.0;477.0;1000.0;2004.0;401.0;740.0;179.0;406.0;899.0;1951.0;394.0;726.0;598.0;-309.0;2664.0;-1484.0;CALCIUM_NITRATE
218.0;472.0;993.0;1992.0;401.0;741.0;180.0;407.0;903.0;1955.0;394.0;725.0;603.0;-309.0;2660.0;-1484.0;CALCIUM_NITRATE
221.0;475.0;992.0;1995.0;401.0;737.0;191.0;427.0;938.0;1970.0;396.0;725.0;596.0;-309.0;2664.0;-1484.0;CALCIUM_NITRATE
220.0;474.0;995.0;1997.0;401.0;738.0;189.0;425.0;931.0;1962.0;394.0;725.0;608.0;-309.0;2658.0;-1484.0;CALCIUM_NITRATE
219.0;474.0;994.0;1994.0;402.0;738.0;188.0;424.0;926.0;1962.0;396.0;725.0;602.0;-310.0;2659.0;-1484.0;CALCIUM_NITRATE
218.0;471.0;994.0;1993.0;401.0;738.0;181.0;408.0;905.0;1944.0;396.0;725.0;607.0;-312.0;2662.0;-1481.0;CALCIUM_NITRATE
220.0;473.0;992.0;1993.0;400.0;743.0;191.0;428.0;942.0;1995.0;398.0;730.0;597.0;-310.0;2660.0;-1484.0;CALCIUM_NITRATE
221.0;476.0;1000.0;2001.0;402.0;743.0;182.0;411.0;910.0;1964.0;398.0;726.0;597.0;-310.0;2662.0;-1485.0;CALCIUM_NITRATE
220.0;472.0;994.0;2000.0;405.0;742.0;191.0;431.0;944.0;2005.0;398.0;731.0;605.0;-310.0;2655.0;-1485.0;CALCIUM_NITRATE
222.0;480.0;1003.0;2011.0;402.0;740.0;192.0;429.0;938.0;1991.0;397.0;729.0;592.0;-310.0;2655.0;-1484.0;CALCIUM_NITRATE
222.0;479.0;1003.0;2010.0;404.0;742.0;192.0;432.0;943.0;1998.0;398.0;731.0;591.0;-310.0;2638.0;-1484.0;CALCIUM_NITRATE
222.0;479.0;1002.0;2011.0;405.0;744.0;182.0;410.0;911.0;1961.0;396.0;732.0;585.0;-308.0;2648.0;-1484.0;CALCIUM_NITRATE
218.0;475.0;998.0;2010.0;405.0;745.0;187.0;424.0;926.0;1964.0;397.0;733.0;589.0;-308.0;2642.0;-1483.0;CALCIUM_NITRATE
223.0;481.0;1005.0;2013.0;406.0;751.0;191.0;432.0;946.0;2010.0;401.0;736.0;596.0;-308.0;2665.0;-1484.0;CALCIUM_NITRATE
227.0;486.0;1016.0;2026.0;409.0;750.0;189.0;424.0;931.0;1994.0;401.0;737.0;609.0;-308.0;2672.0;-1482.0;CALCIUM_NITRATE
225.0;486.0;1014.0;2029.0;410.0;750.0;185.0;416.0;925.0;1980.0;402.0;740.0;598.0;-308.0;2651.0;-1483.0;CALCIUM_NITRATE
224.0;486.0;1014.0;2023.0;408.0;750.0;191.0;425.0;931.0;1991.0;401.0;738.0;608.0;-308.0;2662.0;-1482.0;CALCIUM_NITRATE
227.0;490.0;1026.0;2029.0;410.0;752.0;186.0;420.0;930.0;2000.0;402.0;738.0;598.0;-308.0;2651.0;-1483.0;CALCIUM_NITRATE
222.0;481.0;1012.0;2020.0;408.0;751.0;194.0;436.0;952.0;2021.0;406.0;738.0;602.0;-308.0;2680.0;-1482.0;CALCIUM_NITRATE
222.0;480.0;1007.0;2022.0;409.0;751.0;188.0;423.0;934.0;1994.0;402.0;734.0;600.0;-308.0;2675.0;-1483.0;CALCIUM_NITRATE
222.0;482.0;1012.0;2019.0;405.0;746.0;183.0;414.0;916.0;1980.0;398.0;734.0;598.0;-308.0;2656.0;-1492.0;CALCIUM_NITRATE
223.0;480.0;1008.0;2022.0;407.0;748.0;195.0;439.0;956.0;2005.0;402.0;735.0;607.0;-308.0;2668.0;-1492.0;CALCIUM_NITRATE
223.0;482.0;1012.0;2019.0;407.0;749.0;189.0;421.0;931.0;1981.0;399.0;734.0;606.0;-310.0;2664.0;-1486.0;CALCIUM_NITRATE
224.0;485.0;1017.0;2020.0;408.0;752.0;188.0;421.0;923.0;1972.0;400.0;730.0;593.0;-310.0;2640.0;-1486.0;CALCIUM_NITRATE
225.0;486.0;1015.0;2031.0;408.0;749.0;187.0;418.0;924.0;1980.0;400.0;734.0;596.0;-310.0;2648.0;-1482.0;CALCIUM_NITRATE
222.0;482.0;1010.0;2021.0;408.0;752.0;196.0;440.0;963.0;2025.0;405.0;739.0;607.0;-308.0;2647.0;-1482.0;CALCIUM_NITRATE
224.0;484.0;1009.0;2027.0;408.0;750.0;195.0;436.0;956.0;2016.0;404.0;739.0;587.0;-308.0;2662.0;-1482.0;CALCIUM_NITRATE
226.0;487.0;1023.0;2033.0;410.0;753.0;195.0;434.0;952.0;2010.0;402.0;738.0;604.0;-306.0;2660.0;-1484.0;CALCIUM_NITRATE
223.0;482.0;1011.0;2026.0;408.0;752.0;191.0;430.0;945.0;2007.0;404.0;738.0;588.0;-306.0;2640.0;-1485.0;CALCIUM_NITRATE
226.0;488.0;1019.0;2039.0;412.0;752.0;187.0;420.0;925.0;1990.0;402.0;741.0;613.0;-305.0;2663.0;-1485.0;CALCIUM_NITRATE
224.0;484.0;1013.0;2033.0;409.0;752.0;194.0;433.0;941.0;1990.0;400.0;736.0;604.0;-306.0;2671.0;-1485.0;CALCIUM_NITRATE
222.0;480.0;1001.0;2019.0;409.0;749.0;189.0;421.0;923.0;1964.0;399.0;737.0;614.0;-308.0;2664.0;-1485.0;CALCIUM_NITRATE
221.0;478.0;1005.0;2017.0;407.0;754.0;187.0;420.0;928.0;1998.0;403.0;739.0;600.0;-309.0;2648.0;-1485.0;CALCIUM_NITRATE
224.0;486.0;1016.0;2031.0;411.0;756.0;198.0;442.0;964.0;2040.0;405.0;746.0;600.0;-309.0;2650.0;-1485.0;CALCIUM_NITRATE
226.0;488.0;1023.0;2035.0;413.0;755.0;186.0;422.0;933.0;1999.0;406.0;744.0;606.0;-309.0;2660.0;-1483.0;CALCIUM_NITRATE
225.0;487.0;1016.0;2037.0;412.0;757.0;198.0;444.0;974.0;2054.0;406.0;746.0;601.0;-309.0;2652.0;-1483.0;CALCIUM_NITRATE
228.0;493.0;1033.0;2054.0;413.0;762.0;195.0;442.0;968.0;2053.0;406.0;749.0;589.0;-308.0;2648.0;-1487.0;CALCIUM_NITRATE
226.0;490.0;1025.0;2046.0;413.0;762.0;190.0;427.0;946.0;2029.0;410.0;749.0;609.0;-308.0;2653.0;-1487.0;CALCIUM_NITRATE
227.0;488.0;1027.0;2051.0;416.0;760.0;188.0;422.0;939.0;2015.0;408.0;746.0;604.0;-308.0;2651.0;-1487.0;CALCIUM_NITRATE
227.0;493.0;1028.0;2041.0;414.0;764.0;190.0;429.0;947.0;2030.0;408.0;748.0;601.0;-306.0;2654.0;-1487.0;CALCIUM_NITRATE
227.0;491.0;1027.0;2050.0;412.0;761.0;197.0;440.0;961.0;2033.0;410.0;750.0;587.0;-308.0;2637.0;-1483.0;CALCIUM_NITRATE
230.0;497.0;1034.0;2062.0;416.0;767.0;196.0;440.0;960.0;2057.0;411.0;748.0;604.0;-309.0;2651.0;-1482.0;CALCIUM_NITRATE
230.0;495.0;1034.0;2058.0;416.0;766.0;193.0;436.0;960.0;2052.0;413.0;754.0;599.0;-306.0;2641.0;-1482.0;CALCIUM_NITRATE
230.0;496.0;1034.0;2062.0;416.0;767.0;190.0;430.0;944.0;2031.0;409.0;750.0;583.0;-306.0;2622.0;-1482.0;CALCIUM_NITRATE
231.0;500.0;1043.0;2056.0;418.0;765.0;193.0;431.0;954.0;2033.0;411.0;754.0;598.0;-309.0;2641.0;-1483.0;CALCIUM_NITRATE
231.0;497.0;1040.0;2066.0;417.0;768.0;199.0;444.0;974.0;2050.0;412.0;753.0;600.0;-311.0;2663.0;-1483.0;CALCIUM_NITRATE
231.0;495.0;1035.0;2054.0;416.0;767.0;199.0;445.0;971.0;2061.0;410.0;753.0;605.0;-311.0;2670.0;-1483.0;CALCIUM_NITRATE
230.0;496.0;1037.0;2062.0;416.0;769.0;199.0;448.0;979.0;2064.0;414.0;754.0;608.0;-312.0;2650.0;-1479.0;CALCIUM_NITRATE
231.0;496.0;1039.0;2065.0;417.0;768.0;192.0;430.0;953.0;2046.0;412.0;752.0;601.0;-312.0;2652.0;-1476.0;CALCIUM_NITRATE
231.0;499.0;1043.0;2070.0;419.0;767.0;199.0;445.0;971.0;2061.0;412.0;756.0;598.0;-312.0;2662.0;-1476.0;CALCIUM_NITRATE
234.0;503.0;1051.0;2066.0;420.0;770.0;190.0;430.0;951.0;2045.0;412.0;755.0;598.0;-311.0;2652.0;-1479.0;CALCIUM_NITRATE
229.0;494.0;1032.0;2055.0;416.0;768.0;200.0;449.0;983.0;2067.0;412.0;752.0;593.0;-312.0;2649.0;-1479.0;CALCIUM_NITRATE
232.0;498.0;1040.0;2059.0;420.0;767.0;196.0;440.0;966.0;2065.0;415.0;756.0;603.0;-306.0;2646.0;-1480.0;CALCIUM_NITRATE
230.0;496.0;1034.0;2061.0;419.0;768.0;198.0;444.0;968.0;2064.0;411.0;755.0;599.0;-309.0;2659.0;-1480.0;CALCIUM_NITRATE
231.0;499.0;1039.0;2068.0;418.0;766.0;195.0;440.0;956.0;2041.0;412.0;757.0;605.0;-308.0;2657.0;-1480.0;CALCIUM_NITRATE
233.0;501.0;1047.0;2060.0;419.0;771.0;192.0;434.0;958.0;2042.0;414.0;756.0;598.0;-309.0;2645.0;-1479.0;CALCIUM_NITRATE
235.0;505.0;1051.0;2074.0;423.0;772.0;196.0;442.0;973.0;2065.0;413.0;757.0;600.0;-308.0;2649.0;-1480.0;CALCIUM_NITRATE
231.0;497.0;1041.0;2071.0;421.0;772.0;199.0;446.0;969.0;2053.0;415.0;756.0;592.0;-309.0;2638.0;-1478.0;CALCIUM_NITRATE
233.0;503.0;1048.0;2079.0;420.0;774.0;199.0;445.0;982.0;2067.0;412.0;754.0;595.0;-310.0;2647.0;-1481.0;CALCIUM_NITRATE
233.0;503.0;1046.0;2078.0;420.0;771.0;192.0;433.0;959.0;2056.0;414.0;755.0;598.0;-310.0;2648.0;-1478.0;CALCIUM_NITRATE
232.0;499.0;1044.0;2076.0;421.0;772.0;193.0;436.0;954.0;2036.0;414.0;757.0;597.0;-305.0;2645.0;-1481.0;CALCIUM_NITRATE
234.0;503.0;1043.0;2067.0;419.0;767.0;194.0;434.0;953.0;2033.0;413.0;756.0;598.0;-307.0;2650.0;-1481.0;CALCIUM_NITRATE
230.0;497.0;1036.0;2061.0;420.0;771.0;190.0;430.0;953.0;2049.0;414.0;755.0;598.0;-307.0;2652.0;-1481.0;CALCIUM_NITRATE
233.0;503.0;1054.0;2076.0;420.0;774.0;200.0;446.0;975.0;2056.0;416.0;761.0;606.0;-307.0;2656.0;-1480.0;CALCIUM_NITRATE
232.0;499.0;1044.0;2072.0;422.0;772.0;203.0;451.0;980.0;2066.0;416.0;758.0;607.0;-307.0;2652.0;-1484.0;CALCIUM_NITRATE
236.0;506.0;1054.0;2079.0;422.0;773.0;196.0;437.0;966.0;2064.0;417.0;756.0;604.0;-307.0;2657.0;-1481.0;CALCIUM_NITRATE
234.0;502.0;1051.0;2076.0;422.0;775.0;194.0;439.0;963.0;2066.0;416.0;759.0;585.0;-307.0;2659.0;-1481.0;CALCIUM_NITRATE
234.0;505.0;1058.0;2087.0;423.0;777.0;196.0;437.0;966.0;2071.0;416.0;762.0;600.0;-310.0;2650.0;-1481.0;CALCIUM_NITRATE
234.0;503.0;1048.0;2086.0;423.0;777.0;198.0;443.0;970.0;2061.0;419.0;763.0;603.0;-312.0;2653.0;-1486.0;CALCIUM_NITRATE
235.0;504.0;1054.0;2086.0;423.0;772.0;205.0;459.0;998.0;2099.0;418.0;762.0;607.0;-312.0;2660.0;-1486.0;CALCIUM_NITRATE
233.0;504.0;1054.0;2090.0;423.0;778.0;203.0;454.0;996.0;2099.0;417.0;764.0;582.0;-311.0;2648.0;-1486.0;CALCIUM_NITRATE
234.0;504.0;1057.0;2077.0;424.0;774.0;196.0;439.0;970.0;2083.0;420.0;765.0;590.0;-311.0;2644.0;-1482.0;CALCIUM_NITRATE
230.0;498.0;1042.0;2069.0;420.0;772.0;196.0;440.0;961.0;2034.0;413.0;760.0;606.0;-311.0;2646.0;-1482.0;CALCIUM_NITRATE
231.0;498.0;1046.0;2069.0;420.0;774.0;198.0;442.0;965.0;2066.0;416.0;760.0;594.0;-311.0;2634.0;-1480.0;CALCIUM_NITRATE
235.0;508.0;1059.0;2088.0;422.0;774.0;199.0;446.0;973.0;2062.0;416.0;759.0;590.0;-311.0;2661.0;-1477.0;CALCIUM_NITRATE
235.0;506.0;1056.0;2078.0;423.0;772.0;192.0;433.0;959.0;2055.0;415.0;758.0;595.0;-309.0;2657.0;-1477.0;CALCIUM_NITRATE
234.0;505.0;1051.0;2077.0;424.0;775.0;196.0;442.0;967.0;2076.0;420.0;760.0;604.0;-314.0;2652.0;-1477.0;CALCIUM_NITRATE
235.0;510.0;1060.0;2088.0;424.0;780.0;206.0;459.0;999.0;2100.0;418.0;764.0;597.0;-309.0;2651.0;-1480.0;CALCIUM_NITRATE
236.0;508.0;1059.0;2093.0;426.0;781.0;196.0;442.0;978.0;2090.0;418.0;771.0;604.0;-308.0;2649.0;-1481.0;CALCIUM_NITRATE
239.0;515.0;1075.0;2106.0;429.0;782.0;199.0;443.0;977.0;2080.0;419.0;764.0;591.0;-309.0;2647.0;-1481.0;CALCIUM_NITRATE
238.0;512.0;1068.0;2100.0;426.0;780.0;195.0;439.0;966.0;2069.0;419.0;766.0;605.0;-308.0;2649.0;-1481.0;CALCIUM_NITRATE
238.0;510.0;1061.0;2089.0;423.0;778.0;196.0;438.0;963.0;2062.0;418.0;762.0;600.0;-307.0;2658.0;-1480.0;CALCIUM_NITRATE
235.0;505.0;1051.0;2078.0;423.0;775.0;203.0;452.0;986.0;2088.0;421.0;765.0;601.0;-307.0;2652.0;-1481.0;CALCIUM_NITRATE
237.0;510.0;1069.0;2103.0;425.0;780.0;193.0;437.0;965.0;2066.0;418.0;764.0;606.0;-309.0;2652.0;-1478.0;CALCIUM_NITRATE
236.0;508.0;1057.0;2093.0;426.0;778.0;201.0;450.0;975.0;2075.0;421.0;766.0;593.0;-307.0;2639.0;-1478.0;CALCIUM_NITRATE
238.0;510.0;1061.0;2096.0;426.0;781.0;201.0;450.0;985.0;2093.0;420.0;770.0;601.0;-307.0;2652.0;-1483.0;CALCIUM_NITRATE
236.0;508.0;1057.0;2093.0;426.0;778.0;201.0;450.0;975.0;2075.0;421.0;766.0;593.0;-309.0;2639.0;-1484.0;CALCIUM_NITRATE
237.0;510.0;1064.0;2092.0;426.0;780.0;194.0;436.0;966.0;2071.0;419.0;764.0;595.0;-306.0;2643.0;-1484.0;CALCIUM_NITRATE
239.0;512.0;1069.0;2108.0;429.0;785.0;207.0;461.0;1014.0;2128.0;426.0;770.0;598.0;-310.0;2658.0;-1484.0;CALCIUM_NITRATE
