OFFCHIP_SENSIMOX_SnAu_150_200.0_IN-PHASE;OFFCHIP_SENSIMOX_SnAu_200_200.0_IN-PHASE;OFFCHIP_SENSIMOX_SnAu_250_200.0_IN-PHASE;OFFCHIP_SENSIMOX_SnAu_300_200.0_IN-PHASE;OFFCHIP_SENSIMOX_SnAu_350_200.0_IN-PHASE;OFFCHIP_SENSIMOX_SnAu_400_200.0_IN-PHASE;OFFCHIP_SENSIMOX_SnAu_150_78125.0_IN-PHASE;OFFCHIP_SENSIMOX_SnAu_200_78125.0_IN-PHASE;OFFCHIP_SENSIMOX_SnAu_250_78125.0_IN-PHASE;OFFCHIP_SENSIMOX_SnAu_300_78125.0_IN-PHASE;OFFCHIP_SENSIMOX_SnAu_350_78125.0_IN-PHASE;OFFCHIP_SENSIMOX_SnAu_400_78125.0_IN-PHASE;ONCHIP_ALUMINUM_OXIDE_OUT4_IN-PHASE;ONCHIP_ALUMINUM_OXIDE_OUT4_QUADRATURE;ONCHIP_ALUMINUM_OXIDE_OUT7_IN-PHASE;ONCHIP_ALUMINUM_OXIDE_OUT7_QUADRATURE;LABEL
1.0;1.0;1.0;1.0;1.0;1.0;1.0;1.0;1.0;1.0;1.0;1.0;1.0;1.0;1.0;1.0;ETHANOL
96.0;189.0;364.0;709.0;128.0;197.0;75.0;154.0;312.0;605.0;107.0;177.0;-1.0;-5.0;7.0;2.0;ETHANOL
108.0;212.0;418.0;793.0;144.0;217.0;82.0;171.0;346.0;673.0;124.0;201.0;-4.0;-5.0;7.0;-1.0;ETHANOL
121.0;243.0;504.0;1026.0;189.0;307.0;125.0;267.0;545.0;1065.0;195.0;315.0;-5.0;-6.0;11.0;-6.0;ETHANOL
183.0;359.0;709.0;1353.0;241.0;362.0;140.0;288.0;587.0;1152.0;207.0;339.0;-4.0;-5.0;8.0;-6.0;ETHANOL
198.0;393.0;771.0;1467.0;259.0;391.0;149.0;306.0;622.0;1214.0;221.0;354.0;-4.0;-4.0;6.0;-6.0;ETHANOL
195.0;372.0;714.0;1340.0;232.0;351.0;131.0;266.0;535.0;1009.0;184.0;298.0;-4.0;-1.0;8.0;-7.0;ETHANOL
169.0;326.0;622.0;1170.0;206.0;318.0;121.0;242.0;483.0;936.0;169.0;280.0;-4.0;0.0;10.0;-3.0;ETHANOL
158.0;305.0;586.0;1113.0;196.0;304.0;117.0;238.0;472.0;904.0;163.0;271.0;0.0;0.0;14.0;-3.0;ETHANOL
174.0;365.0;756.0;1527.0;294.0;486.0;216.0;452.0;913.0;1801.0;327.0;530.0;0.0;0.0;12.0;-3.0;ETHANOL
304.0;599.0;1172.0;2227.0;390.0;590.0;246.0;501.0;1004.0;1940.0;346.0;564.0;0.0;0.0;11.0;-6.0;ETHANOL
299.0;575.0;1094.0;2037.0;350.0;523.0;209.0;420.0;835.0;1609.0;286.0;467.0;0.0;0.0;11.0;-6.0;ETHANOL
258.0;497.0;952.0;1777.0;313.0;470.0;188.0;384.0;766.0;1465.0;260.0;429.0;0.0;0.0;14.0;-6.0;ETHANOL
237.0;461.0;885.0;1657.0;289.0;446.0;172.0;347.0;698.0;1343.0;242.0;396.0;-1.0;0.0;7.0;-3.0;ETHANOL
224.0;433.0;815.0;1521.0;265.0;402.0;156.0;316.0;619.0;1186.0;209.0;341.0;-5.0;0.0;2.0;-3.0;ETHANOL
188.0;368.0;707.0;1341.0;237.0;371.0;146.0;299.0;606.0;1170.0;210.0;344.0;-5.0;0.0;2.0;-3.0;ETHANOL
202.0;396.0;763.0;1446.0;255.0;400.0;158.0;323.0;641.0;1235.0;225.0;367.0;-5.0;-2.0;2.0;-3.0;ETHANOL
205.0;396.0;754.0;1409.0;244.0;377.0;142.0;290.0;582.0;1121.0;201.0;329.0;-5.0;-2.0;2.0;-3.0;ETHANOL
183.0;359.0;687.0;1306.0;231.0;360.0;145.0;302.0;604.0;1129.0;208.0;344.0;-7.0;-2.0;2.0;-3.0;ETHANOL
198.0;393.0;768.0;1473.0;259.0;404.0;157.0;323.0;648.0;1257.0;226.0;373.0;-5.0;0.0;2.0;-2.0;ETHANOL
219.0;434.0;856.0;1641.0;295.0;460.0;186.0;392.0;793.0;1548.0;283.0;463.0;-4.0;1.0;6.0;-2.0;ETHANOL
297.0;622.0;1264.0;2489.0;451.0;679.0;289.0;588.0;1169.0;2248.0;397.0;624.0;-3.0;2.0;6.0;1.0;ETHANOL
344.0;655.0;1241.0;2335.0;410.0;618.0;262.0;549.0;1120.0;2237.0;414.0;685.0;-3.0;1.0;1.0;2.0;ETHANOL
412.0;804.0;1557.0;2931.0;502.0;754.0;337.0;687.0;1371.0;2632.0;472.0;755.0;-1.0;1.0;6.0;2.0;ETHANOL
466.0;932.0;1844.0;3560.0;638.0;979.0;487.0;998.0;2003.0;3838.0;686.0;1099.0;-3.0;1.0;1.0;2.0;ETHANOL
669.0;1275.0;2383.0;4332.0;716.0;1022.0;466.0;932.0;1844.0;3523.0;632.0;1004.0;-1.0;-3.0;1.0;2.0;ETHANOL
626.0;1209.0;2315.0;4294.0;730.0;1067.0;483.0;963.0;1874.0;3536.0;624.0;968.0;-1.0;-3.0;1.0;2.0;ETHANOL
567.0;1102.0;2110.0;3970.0;687.0;1036.0;483.0;980.0;1947.0;3738.0;668.0;1064.0;-5.0;-5.0;0.0;-2.0;ETHANOL
656.0;1281.0;2467.0;4582.0;782.0;1139.0;531.0;1055.0;2052.0;3852.0;672.0;1048.0;-5.0;-6.0;0.0;-2.0;ETHANOL
606.0;1143.0;2140.0;3892.0;656.0;955.0;419.0;836.0;1642.0;3129.0;553.0;889.0;-5.0;-6.0;4.0;-3.0;ETHANOL
529.0;1004.0;1895.0;3474.0;590.0;861.0;371.0;737.0;1441.0;2717.0;477.0;761.0;-10.0;-6.0;6.0;-4.0;ETHANOL
431.0;834.0;1580.0;2950.0;510.0;775.0;332.0;671.0;1320.0;2520.0;445.0;715.0;-6.0;-6.0;4.0;-3.0;ETHANOL
410.0;793.0;1517.0;2837.0;498.0;765.0;336.0;678.0;1336.0;2548.0;451.0;718.0;-6.0;-5.0;4.0;-3.0;ETHANOL
423.0;809.0;1534.0;2857.0;495.0;758.0;339.0;682.0;1337.0;2543.0;448.0;716.0;-10.0;-4.0;4.0;-2.0;ETHANOL
403.0;768.0;1452.0;2669.0;458.0;692.0;291.0;580.0;1138.0;2166.0;386.0;621.0;-6.0;-4.0;4.0;-2.0;ETHANOL
353.0;675.0;1272.0;2359.0;408.0;622.0;261.0;523.0;1028.0;1955.0;347.0;567.0;-6.0;-1.0;1.0;-2.0;ETHANOL
328.0;631.0;1194.0;2240.0;389.0;602.0;270.0;568.0;1182.0;2407.0;457.0;798.0;-11.0;-1.0;-1.0;-7.0;ETHANOL
577.0;1159.0;2277.0;4355.0;759.0;1136.0;564.0;1137.0;2232.0;4263.0;757.0;1188.0;-11.0;0.0;-1.0;-7.0;ETHANOL
796.0;1562.0;3022.0;5611.0;948.0;1339.0;670.0;1320.0;2543.0;4763.0;818.0;1272.0;-10.0;1.0;4.0;-7.0;ETHANOL
801.0;1533.0;2872.0;5213.0;870.0;1250.0;595.0;1163.0;2242.0;4215.0;734.0;1144.0;-10.0;0.0;1.0;-3.0;ETHANOL
678.0;1277.0;2358.0;4282.0;714.0;1031.0;462.0;913.0;1761.0;3286.0;573.0;910.0;-10.0;-1.0;1.0;-2.0;ETHANOL
524.0;991.0;1842.0;3372.0;572.0;858.0;383.0;754.0;1464.0;2779.0;486.0;781.0;-10.0;1.0;4.0;-1.0;ETHANOL
459.0;883.0;1667.0;3071.0;526.0;796.0;352.0;706.0;1385.0;2634.0;467.0;756.0;-6.0;-1.0;1.0;-2.0;ETHANOL
447.0;856.0;1627.0;3054.0;533.0;840.0;405.0;831.0;1665.0;3231.0;585.0;945.0;-10.0;-1.0;1.0;-1.0;ETHANOL
626.0;1227.0;2377.0;4507.0;801.0;1224.0;649.0;1313.0;2600.0;4952.0;877.0;1374.0;-6.0;-1.0;3.0;-1.0;ETHANOL
927.0;1788.0;3387.0;6250.0;1064.0;1533.0;809.0;1591.0;3072.0;5726.0;979.0;1503.0;-5.0;-1.0;3.0;-1.0;ETHANOL
945.0;1797.0;3360.0;6100.0;1024.0;1482.0;780.0;1557.0;3038.0;5733.0;1012.0;1574.0;-6.0;-4.0;3.0;-5.0;ETHANOL
1051.0;1984.0;3663.0;6515.0;1066.0;1480.0;716.0;1391.0;2642.0;4868.0;839.0;1297.0;-5.0;-4.0;3.0;-2.0;ETHANOL
778.0;1460.0;2700.0;4866.0;828.0;1219.0;574.0;1138.0;2198.0;4109.0;717.0;1128.0;-5.0;-4.0;1.0;-2.0;ETHANOL
687.0;1314.0;2486.0;4610.0;794.0;1171.0;569.0;1125.0;2178.0;4073.0;700.0;1100.0;-5.0;-5.0;-1.0;-5.0;ETHANOL
657.0;1244.0;2307.0;4193.0;720.0;1088.0;539.0;1075.0;2100.0;3961.0;687.0;1079.0;-6.0;-5.0;1.0;-2.0;ETHANOL
672.0;1280.0;2397.0;4376.0;731.0;1078.0;510.0;1010.0;1943.0;3683.0;646.0;1023.0;-11.0;-4.0;-1.0;-2.0;ETHANOL
642.0;1258.0;2401.0;4469.0;768.0;1154.0;564.0;1117.0;2173.0;4036.0;715.0;1119.0;-13.0;-7.0;-2.0;6.0;ETHANOL
696.0;1310.0;2428.0;4454.0;761.0;1164.0;603.0;1211.0;2352.0;4559.0;811.0;1289.0;-13.0;-4.0;-1.0;6.0;ETHANOL
847.0;1640.0;3142.0;5866.0;1032.0;1549.0;835.0;1646.0;3157.0;5873.0;1013.0;1555.0;-13.0;0.0;-2.0;8.0;ETHANOL
1026.0;1921.0;3535.0;6276.0;1028.0;1440.0;711.0;1386.0;2641.0;4901.0;841.0;1307.0;-13.0;-4.0;-4.0;9.0;ETHANOL
796.0;1492.0;2750.0;4942.0;826.0;1211.0;585.0;1157.0;2199.0;4136.0;719.0;1129.0;-13.0;0.0;-4.0;2.0;ETHANOL
680.0;1289.0;2411.0;4405.0;744.0;1114.0;538.0;1055.0;2038.0;3791.0;659.0;1036.0;-13.0;1.0;-3.0;2.0;ETHANOL
620.0;1171.0;2166.0;3962.0;676.0;1024.0;496.0;982.0;1886.0;3547.0;616.0;968.0;-13.0;1.0;-3.0;2.0;ETHANOL
580.0;1103.0;2063.0;3801.0;660.0;1011.0;493.0;986.0;1906.0;3641.0;645.0;1029.0;-12.0;1.0;-3.0;2.0;ETHANOL
643.0;1235.0;2330.0;4285.0;726.0;1074.0;512.0;1011.0;1956.0;3622.0;637.0;999.0;-11.0;1.0;0.0;0.0;ETHANOL
616.0;1169.0;2171.0;3936.0;664.0;994.0;470.0;942.0;1849.0;3536.0;628.0;1006.0;-6.0;-2.0;5.0;0.0;ETHANOL
628.0;1199.0;2252.0;4090.0;694.0;1036.0;497.0;998.0;1946.0;3671.0;653.0;1038.0;-3.0;-2.0;10.0;0.0;ETHANOL
635.0;1207.0;2254.0;4115.0;696.0;1030.0;479.0;951.0;1847.0;3462.0;601.0;955.0;-3.0;-2.0;8.0;0.0;ETHANOL
585.0;1118.0;2094.0;3815.0;644.0;968.0;446.0;885.0;1719.0;3241.0;565.0;902.0;-3.0;-2.0;8.0;0.0;ETHANOL
540.0;1030.0;1949.0;3620.0;612.0;921.0;427.0;845.0;1627.0;3063.0;536.0;852.0;-4.0;-2.0;10.0;0.0;ETHANOL
520.0;983.0;1837.0;3363.0;571.0;859.0;390.0;779.0;1526.0;2900.0;528.0;878.0;-4.0;-4.0;7.0;0.0;ETHANOL
592.0;1154.0;2216.0;4151.0;736.0;1154.0;617.0;1252.0;2489.0;4791.0;861.0;1383.0;-10.0;-5.0;2.0;1.0;ETHANOL
977.0;1860.0;3485.0;6366.0;1075.0;1580.0;859.0;1700.0;3272.0;6095.0;1051.0;1609.0;-10.0;-5.0;3.0;2.0;ETHANOL
1058.0;1968.0;3612.0;6395.0;1051.0;1476.0;723.0;1400.0;2664.0;4931.0;844.0;1296.0;-10.0;-5.0;3.0;2.0;ETHANOL
800.0;1498.0;2810.0;5135.0;872.0;1281.0;644.0;1277.0;2472.0;4704.0;820.0;1288.0;-9.0;-6.0;3.0;4.0;ETHANOL
801.0;1503.0;2769.0;4960.0;823.0;1190.0;571.0;1124.0;2160.0;4032.0;695.0;1094.0;-7.0;-4.0;5.0;4.0;ETHANOL
684.0;1297.0;2425.0;4436.0;750.0;1113.0;537.0;1064.0;2036.0;3796.0;657.0;1033.0;-4.0;-4.0;5.0;2.0;ETHANOL
630.0;1190.0;2223.0;4066.0;689.0;1038.0;493.0;970.0;1875.0;3507.0;611.0;967.0;-7.0;-4.0;1.0;2.0;ETHANOL
600.0;1143.0;2150.0;3929.0;675.0;1004.0;484.0;960.0;1867.0;3510.0;617.0;954.0;-4.0;-3.0;4.0;2.0;ETHANOL
621.0;1182.0;2206.0;4046.0;683.0;1024.0;492.0;972.0;1887.0;3542.0;621.0;984.0;-7.0;-3.0;3.0;4.0;ETHANOL
623.0;1185.0;2219.0;4079.0;690.0;1031.0;498.0;986.0;1915.0;3583.0;628.0;987.0;-7.0;-3.0;4.0;4.0;ETHANOL
600.0;1157.0;2164.0;3940.0;667.0;986.0;464.0;913.0;1771.0;3328.0;575.0;928.0;-7.0;-3.0;3.0;6.0;ETHANOL
563.0;1068.0;1992.0;3626.0;617.0;936.0;442.0;892.0;1745.0;3328.0;591.0;951.0;-7.0;-3.0;5.0;8.0;ETHANOL
597.0;1132.0;2103.0;3849.0;653.0;974.0;463.0;916.0;1777.0;3343.0;582.0;920.0;-7.0;-5.0;3.0;4.0;ETHANOL
573.0;1084.0;2018.0;3693.0;628.0;945.0;447.0;895.0;1749.0;3318.0;588.0;923.0;-6.0;-3.0;3.0;3.0;ETHANOL
633.0;1218.0;2309.0;4276.0;742.0;1121.0;552.0;1092.0;2154.0;4032.0;705.0;1108.0;-6.0;-3.0;-3.0;1.0;ETHANOL
717.0;1361.0;2572.0;4692.0;788.0;1149.0;559.0;1096.0;2108.0;3916.0;681.0;1067.0;-10.0;-5.0;-3.0;1.0;ETHANOL
689.0;1324.0;2502.0;4662.0;804.0;1215.0;601.0;1189.0;2289.0;4261.0;737.0;1153.0;-6.0;-7.0;-1.0;1.0;ETHANOL
723.0;1371.0;2561.0;4701.0;795.0;1169.0;579.0;1141.0;2201.0;4121.0;715.0;1130.0;-4.0;-5.0;1.0;1.0;ETHANOL
734.0;1400.0;2646.0;4883.0;845.0;1295.0;685.0;1363.0;2642.0;4950.0;862.0;1354.0;-10.0;-5.0;-1.0;4.0;ETHANOL
888.0;1670.0;3102.0;5623.0;950.0;1397.0;719.0;1422.0;2732.0;5072.0;878.0;1362.0;-10.0;-3.0;0.0;4.0;ETHANOL
871.0;1626.0;3004.0;5457.0;919.0;1342.0;677.0;1328.0;2534.0;4712.0;814.0;1274.0;-12.0;-3.0;0.0;5.0;ETHANOL
814.0;1529.0;2823.0;5058.0;842.0;1226.0;590.0;1155.0;2215.0;4100.0;714.0;1131.0;-12.0;-3.0;0.0;-1.0;ETHANOL
706.0;1337.0;2489.0;4537.0;767.0;1135.0;551.0;1088.0;2096.0;3955.0;694.0;1124.0;-12.0;-1.0;0.0;-1.0;ETHANOL
819.0;1620.0;3106.0;5689.0;965.0;1410.0;727.0;1425.0;2705.0;4994.0;859.0;1324.0;-5.0;-1.0;0.0;-1.0;ETHANOL
861.0;1612.0;2982.0;5353.0;892.0;1291.0;646.0;1262.0;2415.0;4481.0;776.0;1215.0;2.0;-1.0;1.0;1.0;ETHANOL
767.0;1433.0;2668.0;4816.0;812.0;1198.0;578.0;1147.0;2208.0;4109.0;715.0;1141.0;3.0;-1.0;2.0;7.0;ETHANOL
727.0;1384.0;2580.0;4708.0;800.0;1199.0;609.0;1220.0;2374.0;4456.0;792.0;1261.0;-5.0;-2.0;1.0;10.0;ETHANOL
849.0;1613.0;3049.0;5574.0;935.0;1363.0;684.0;1336.0;2546.0;4722.0;811.0;1271.0;-6.0;-3.0;1.0;7.0;ETHANOL
826.0;1561.0;2882.0;5182.0;868.0;1263.0;637.0;1247.0;2390.0;4447.0;777.0;1222.0;-6.0;-3.0;-6.0;7.0;ETHANOL
789.0;1477.0;2729.0;4907.0;822.0;1212.0;597.0;1167.0;2232.0;4155.0;725.0;1142.0;-6.0;-3.0;-6.0;4.0;ETHANOL
726.0;1379.0;2579.0;4706.0;799.0;1180.0;598.0;1165.0;2231.0;4140.0;715.0;1116.0;-5.0;-4.0;-6.0;-1.0;ETHANOL
729.0;1374.0;2562.0;4663.0;782.0;1153.0;563.0;1103.0;2141.0;4024.0;710.0;1127.0;-5.0;-4.0;-7.0;-1.0;ETHANOL
722.0;1358.0;2510.0;4535.0;762.0;1130.0;557.0;1095.0;2106.0;3943.0;681.0;1079.0;-5.0;-3.0;-7.0;1.0;ETHANOL
694.0;1304.0;2416.0;4396.0;741.0;1107.0;547.0;1091.0;2138.0;4060.0;719.0;1156.0;-5.0;-3.0;1.0;1.0;ETHANOL
754.0;1446.0;2727.0;4986.0;842.0;1232.0;627.0;1235.0;2367.0;4423.0;774.0;1218.0;-5.0;-3.0;3.0;1.0;ETHANOL
814.0;1550.0;2950.0;5439.0;943.0;1413.0;757.0;1495.0;2902.0;5430.0;939.0;1456.0;-6.0;-1.0;5.0;1.0;ETHANOL
982.0;1851.0;3410.0;6145.0;1032.0;1523.0;824.0;1609.0;3072.0;5627.0;958.0;1470.0;-5.0;-1.0;9.0;5.0;ETHANOL
968.0;1829.0;3433.0;6310.0;1082.0;1616.0;901.0;1767.0;3392.0;6328.0;1091.0;1668.0;-3.0;4.0;6.0;6.0;ETHANOL
1112.0;2094.0;3906.0;7050.0;1180.0;1689.0;905.0;1752.0;3316.0;6116.0;1043.0;1608.0;-3.0;4.0;6.0;5.0;ETHANOL
1062.0;1979.0;3640.0;6513.0;1076.0;1542.0;799.0;1553.0;2951.0;5447.0;942.0;1458.0;-3.0;-4.0;6.0;-3.0;ETHANOL
998.0;1891.0;3592.0;6620.0;1137.0;1675.0;926.0;1802.0;3432.0;6304.0;1064.0;1652.0;-3.0;-5.0;16.0;-3.0;ETHANOL
1104.0;2056.0;3777.0;6701.0;1105.0;1573.0;820.0;1581.0;2981.0;5475.0;935.0;1460.0;-3.0;-5.0;10.0;-4.0;ETHANOL
974.0;1847.0;3435.0;6265.0;1056.0;1551.0;839.0;1642.0;3141.0;5784.0;992.0;1540.0;-6.0;-5.0;-1.0;-3.0;ETHANOL
1050.0;1980.0;3699.0;6753.0;1134.0;1651.0;876.0;1697.0;3225.0;5942.0;1012.0;1561.0;-13.0;-4.0;-1.0;0.0;ETHANOL
1045.0;1989.0;3701.0;6715.0;1127.0;1640.0;884.0;1713.0;3257.0;5979.0;1028.0;1597.0;-6.0;-1.0;-1.0;4.0;ETHANOL
1081.0;2017.0;3696.0;6563.0;1080.0;1557.0;804.0;1555.0;2933.0;5402.0;921.0;1415.0;-6.0;-1.0;-1.0;4.0;ETHANOL
930.0;1718.0;3234.0;5895.0;1018.0;1593.0;942.0;1867.0;3601.0;6713.0;1154.0;1773.0;-6.0;-1.0;-1.0;6.0;ETHANOL
1210.0;2249.0;4085.0;7268.0;1193.0;1698.0;906.0;1750.0;3334.0;6099.0;1038.0;1603.0;-6.0;-3.0;0.0;5.0;ETHANOL
1046.0;1960.0;3640.0;6624.0;1126.0;1694.0;968.0;1886.0;3604.0;6642.0;1141.0;1775.0;-6.0;-3.0;-1.0;4.0;ETHANOL
1238.0;2295.0;4203.0;7449.0;1219.0;1725.0;922.0;1780.0;3348.0;6105.0;1037.0;1598.0;-6.0;-3.0;0.0;4.0;ETHANOL
1060.0;2002.0;3721.0;6756.0;1124.0;1615.0;845.0;1651.0;3133.0;5800.0;1003.0;1558.0;-3.0;-2.0;7.0;2.0;ETHANOL
1071.0;2024.0;3737.0;6637.0;1104.0;1595.0;834.0;1624.0;3115.0;5776.0;997.0;1569.0;-3.0;-2.0;0.0;-1.0;ETHANOL
1113.0;2101.0;3886.0;6996.0;1153.0;1652.0;874.0;1688.0;3180.0;5842.0;1002.0;1538.0;-6.0;-2.0;-2.0;-1.0;ETHANOL
1015.0;1895.0;3472.0;6190.0;1026.0;1496.0;789.0;1529.0;2896.0;5315.0;915.0;1436.0;-4.0;-1.0;7.0;-1.0;ETHANOL
1032.0;2019.0;3902.0;7279.0;1257.0;1846.0;1075.0;2086.0;3939.0;7226.0;1225.0;1864.0;-6.0;-2.0;-2.0;-2.0;ETHANOL
1296.0;2408.0;4382.0;7709.0;1246.0;1767.0;922.0;1760.0;3353.0;6184.0;1050.0;1613.0;-15.0;-2.0;-2.0;-2.0;ETHANOL
1092.0;2030.0;3729.0;6682.0;1116.0;1620.0;882.0;1699.0;3236.0;6027.0;1047.0;1666.0;-10.0;-2.0;-2.0;2.0;ETHANOL
1193.0;2227.0;4074.0;7291.0;1211.0;1781.0;1011.0;1970.0;3722.0;6841.0;1169.0;1799.0;-13.0;-3.0;-2.0;2.0;ETHANOL
1231.0;2286.0;4194.0;7425.0;1215.0;1733.0;945.0;1821.0;3428.0;6266.0;1073.0;1655.0;-13.0;-3.0;-2.0;2.0;ETHANOL
1155.0;2170.0;3989.0;7125.0;1178.0;1704.0;942.0;1825.0;3474.0;6460.0;1115.0;1759.0;-13.0;-3.0;-1.0;2.0;ETHANOL
1291.0;2442.0;4582.0;8438.0;1455.0;2166.0;1332.0;2548.0;4762.0;8642.0;1452.0;2179.0;-13.0;-3.0;4.0;2.0;ETHANOL
1526.0;2803.0;5054.0;8826.0;1419.0;1966.0;1084.0;2070.0;3906.0;7110.0;1206.0;1844.0;-13.0;-3.0;-1.0;2.0;ETHANOL
1280.0;2378.0;4391.0;7922.0;1316.0;1892.0;1052.0;2024.0;3814.0;6938.0;1176.0;1794.0;-12.0;-2.0;4.0;6.0;ETHANOL
1241.0;2316.0;4238.0;7583.0;1303.0;1981.0;1207.0;2340.0;4449.0;8131.0;1377.0;2077.0;-3.0;1.0;4.0;8.0;ETHANOL
1471.0;2723.0;4998.0;8908.0;1464.0;2067.0;1172.0;2252.0;4210.0;7626.0;1280.0;1939.0;-3.0;1.0;8.0;6.0;ETHANOL
1365.0;2540.0;4643.0;8317.0;1367.0;1959.0;1109.0;2142.0;4050.0;7414.0;1260.0;1941.0;-3.0;0.0;9.0;11.0;ETHANOL
1360.0;2479.0;4477.0;7912.0;1288.0;1851.0;1042.0;2018.0;3826.0;7107.0;1230.0;1923.0;-4.0;0.0;1.0;13.0;ETHANOL
1423.0;2667.0;4866.0;8657.0;1414.0;2009.0;1163.0;2234.0;4157.0;7739.0;1327.0;2031.0;-7.0;-1.0;1.0;5.0;ETHANOL
1464.0;2683.0;4854.0;8544.0;1389.0;1948.0;1072.0;2058.0;3858.0;6995.0;1193.0;1821.0;-7.0;-3.0;1.0;3.0;ETHANOL
1256.0;2323.0;4232.0;7600.0;1275.0;1885.0;1079.0;2069.0;3893.0;7098.0;1208.0;1842.0;-7.0;-1.0;4.0;-1.0;ETHANOL
1295.0;2412.0;4405.0;7785.0;1291.0;1868.0;1050.0;2034.0;3849.0;7091.0;1217.0;1906.0;-7.0;-3.0;2.0;-1.0;ETHANOL
1444.0;2708.0;5035.0;9055.0;1502.0;2149.0;1261.0;2398.0;4466.0;8131.0;1365.0;2073.0;-7.0;-3.0;4.0;-1.0;ETHANOL
1483.0;2723.0;4907.0;8623.0;1396.0;1979.0;1111.0;2120.0;3980.0;7225.0;1223.0;1877.0;-8.0;-2.0;2.0;-3.0;ETHANOL
1313.0;2425.0;4431.0;7888.0;1300.0;1877.0;1055.0;2033.0;3862.0;7093.0;1206.0;1867.0;-12.0;-2.0;-2.0;-1.0;ETHANOL
1344.0;2505.0;4561.0;8064.0;1313.0;1876.0;1033.0;1989.0;3706.0;6727.0;1135.0;1751.0;-12.0;-2.0;-3.0;-3.0;ETHANOL
1190.0;2207.0;4002.0;7178.0;1183.0;1736.0;986.0;1920.0;3689.0;6886.0;1193.0;1884.0;-11.0;-2.0;-2.0;4.0;ETHANOL
1422.0;2667.0;4924.0;8896.0;1486.0;2153.0;1289.0;2476.0;4677.0;8492.0;1440.0;2166.0;-11.0;-2.0;-2.0;4.0;ETHANOL
1536.0;2810.0;5093.0;9038.0;1469.0;2053.0;1139.0;2178.0;4080.0;7365.0;1253.0;1908.0;-9.0;2.0;7.0;9.0;ETHANOL
1316.0;2414.0;4382.0;7710.0;1265.0;1822.0;1001.0;1916.0;3581.0;6528.0;1114.0;1710.0;-5.0;2.0;7.0;9.0;ETHANOL
1177.0;2185.0;3983.0;7111.0;1186.0;1736.0;954.0;1833.0;3457.0;6298.0;1079.0;1664.0;-5.0;2.0;5.0;8.0;ETHANOL
1145.0;2142.0;3999.0;7219.0;1238.0;1841.0;1066.0;2065.0;3901.0;7125.0;1210.0;1853.0;-5.0;0.0;5.0;8.0;ETHANOL
1342.0;2481.0;4515.0;7978.0;1305.0;1858.0;1045.0;2001.0;3755.0;6773.0;1165.0;1792.0;-5.0;-2.0;2.0;9.0;ETHANOL
1289.0;2431.0;4494.0;7990.0;1309.0;1872.0;1041.0;1998.0;3760.0;6832.0;1152.0;1765.0;-5.0;-2.0;2.0;1.0;ETHANOL
1202.0;2230.0;4096.0;7320.0;1220.0;1760.0;983.0;1881.0;3550.0;6452.0;1105.0;1700.0;-6.0;-4.0;-3.0;1.0;ETHANOL
1182.0;2213.0;4086.0;7273.0;1202.0;1741.0;956.0;1848.0;3453.0;6370.0;1091.0;1673.0;-6.0;-4.0;-9.0;1.0;ETHANOL
1156.0;2158.0;3960.0;7075.0;1172.0;1698.0;928.0;1783.0;3368.0;6131.0;1050.0;1623.0;-11.0;-3.0;-9.0;5.0;ETHANOL
1174.0;2240.0;4201.0;7686.0;1308.0;1934.0;1151.0;2218.0;4220.0;7739.0;1310.0;2004.0;-11.0;-4.0;-9.0;7.0;ETHANOL
1430.0;2628.0;4766.0;8416.0;1370.0;1951.0;1099.0;2113.0;3978.0;7280.0;1246.0;1902.0;-10.0;-3.0;-9.0;5.0;ETHANOL
1384.0;2567.0;4661.0;8236.0;1345.0;1913.0;1077.0;2064.0;3882.0;7057.0;1200.0;1836.0;-11.0;-2.0;-7.0;4.0;ETHANOL
1321.0;2477.0;4539.0;8173.0;1369.0;1991.0;1159.0;2218.0;4146.0;7487.0;1268.0;1929.0;-10.0;-2.0;-4.0;4.0;ETHANOL
1414.0;2669.0;4977.0;8962.0;1500.0;2169.0;1334.0;2570.0;4838.0;8808.0;1498.0;2281.0;-6.0;-2.0;-4.0;4.0;ETHANOL
1702.0;3118.0;5611.0;9786.0;1579.0;2229.0;1356.0;2611.0;4896.0;8896.0;1501.0;2268.0;-9.0;-2.0;-4.0;1.0;ETHANOL
1631.0;2976.0;5335.0;9272.0;1492.0;2085.0;1187.0;2252.0;4207.0;7600.0;1291.0;1980.0;-6.0;0.0;-4.0;8.0;ETHANOL
1423.0;2634.0;4815.0;8701.0;1463.0;2127.0;1236.0;2367.0;4437.0;8007.0;1344.0;2046.0;-6.0;-3.0;0.0;4.0;ETHANOL
1447.0;2653.0;4811.0;8525.0;1395.0;1998.0;1146.0;2175.0;4082.0;7471.0;1268.0;1939.0;-8.0;0.0;-4.0;4.0;ETHANOL
1379.0;2534.0;4594.0;8126.0;1332.0;1897.0;1064.0;2038.0;3787.0;7011.0;1192.0;1812.0;-8.0;-3.0;-4.0;2.0;ETHANOL
1314.0;2465.0;4555.0;8276.0;1391.0;2038.0;1234.0;2368.0;4429.0;8076.0;1372.0;2101.0;-8.0;-3.0;-4.0;4.0;ETHANOL
1554.0;2857.0;5185.0;9194.0;1492.0;2124.0;1229.0;2347.0;4370.0;7910.0;1332.0;2043.0;-9.0;-3.0;-4.0;6.0;ETHANOL
1486.0;2746.0;4978.0;8810.0;1439.0;2048.0;1204.0;2309.0;4344.0;7942.0;1353.0;2078.0;-8.0;0.0;-4.0;9.0;ETHANOL
1514.0;2791.0;5047.0;8882.0;1449.0;2086.0;1229.0;2415.0;4557.0;8412.0;1429.0;2180.0;-9.0;1.0;-4.0;11.0;ETHANOL
1698.0;3187.0;5933.0;10797.0;1772.0;2532.0;1588.0;2972.0;5505.0;9768.0;1610.0;2409.0;-9.0;1.0;-2.0;7.0;ETHANOL
1750.0;3201.0;5740.0;9969.0;1603.0;2226.0;1274.0;2415.0;4516.0;8221.0;1406.0;2159.0;-3.0;0.0;-1.0;5.0;ETHANOL
1618.0;2957.0;5315.0;9345.0;1510.0;2122.0;1227.0;2329.0;4332.0;7820.0;1311.0;1998.0;-2.0;0.0;4.0;7.0;ETHANOL
1441.0;2665.0;4844.0;8557.0;1400.0;2002.0;1159.0;2206.0;4098.0;7496.0;1264.0;1945.0;-2.0;0.0;-1.0;5.0;ETHANOL
1441.0;2713.0;5051.0;9041.0;1496.0;2150.0;1299.0;2472.0;4617.0;8292.0;1402.0;2127.0;-2.0;0.0;2.0;5.0;ETHANOL
1550.0;2874.0;5236.0;9271.0;1527.0;2209.0;1335.0;2552.0;4762.0;8605.0;1461.0;2240.0;-4.0;0.0;-1.0;5.0;ETHANOL
1695.0;3146.0;5764.0;10171.0;1658.0;2324.0;1383.0;2616.0;4876.0;8868.0;1499.0;2290.0;-4.0;-1.0;2.0;5.0;ETHANOL
1700.0;3109.0;5556.0;9674.0;1556.0;2202.0;1263.0;2399.0;4463.0;8083.0;1350.0;2065.0;-4.0;-1.0;2.0;4.0;ETHANOL
1503.0;2765.0;5051.0;9006.0;1487.0;2152.0;1268.0;2401.0;4480.0;8064.0;1381.0;2127.0;-4.0;-1.0;4.0;5.0;ETHANOL
1594.0;2959.0;5419.0;9563.0;1576.0;2274.0;1363.0;2588.0;4783.0;8583.0;1434.0;2156.0;-6.0;-3.0;3.0;3.0;ETHANOL
1536.0;2811.0;5064.0;8897.0;1451.0;2072.0;1198.0;2281.0;4264.0;7726.0;1298.0;2002.0;-6.0;-3.0;3.0;3.0;ETHANOL
1474.0;2720.0;4975.0;8904.0;1486.0;2157.0;1308.0;2496.0;4632.0;8398.0;1420.0;2151.0;-8.0;-3.0;0.0;3.0;ETHANOL
1583.0;2938.0;5373.0;9472.0;1590.0;2300.0;1428.0;2737.0;5122.0;9338.0;1573.0;2383.0;-8.0;-4.0;0.0;1.0;ETHANOL
1834.0;3438.0;6277.0;10984.0;1779.0;2449.0;1448.0;2717.0;5019.0;8956.0;1498.0;2277.0;-6.0;-3.0;0.0;1.0;ETHANOL
1619.0;2983.0;5399.0;9570.0;1566.0;2241.0;1351.0;2573.0;4831.0;8745.0;1478.0;2245.0;-9.0;-2.0;5.0;1.0;ETHANOL
1683.0;3070.0;5508.0;9671.0;1580.0;2256.0;1362.0;2598.0;4845.0;8741.0;1467.0;2218.0;-4.0;-2.0;6.0;1.0;ETHANOL
1605.0;2907.0;5207.0;9153.0;1477.0;2107.0;1223.0;2344.0;4397.0;8008.0;1368.0;2119.0;-4.0;-4.0;5.0;1.0;ETHANOL
1658.0;3061.0;5529.0;9705.0;1582.0;2217.0;1307.0;2474.0;4624.0;8355.0;1415.0;2163.0;-7.0;-4.0;-1.0;6.0;ETHANOL
1590.0;2912.0;5249.0;9253.0;1498.0;2120.0;1219.0;2332.0;4352.0;7907.0;1344.0;2080.0;-7.0;-4.0;-1.0;7.0;ETHANOL
1530.0;2810.0;5083.0;8924.0;1451.0;2058.0;1209.0;2299.0;4309.0;7769.0;1312.0;2011.0;-7.0;-4.0;-1.0;15.0;ETHANOL
1493.0;2742.0;4951.0;8776.0;1442.0;2086.0;1238.0;2374.0;4456.0;8100.0;1369.0;2083.0;-8.0;-4.0;-2.0;12.0;ETHANOL
1514.0;2846.0;5206.0;9263.0;1526.0;2187.0;1304.0;2495.0;4680.0;8530.0;1441.0;2191.0;-8.0;-4.0;-2.0;-3.0;ETHANOL
1623.0;2987.0;5464.0;9747.0;1637.0;2360.0;1464.0;2773.0;5147.0;9257.0;1561.0;2335.0;-10.0;-2.0;-2.0;-3.0;ETHANOL
1773.0;3265.0;5911.0;10510.0;1731.0;2497.0;1561.0;2952.0;5458.0;9778.0;1633.0;2436.0;-11.0;0.0;-2.0;-3.0;ETHANOL
1825.0;3321.0;5919.0;10307.0;1656.0;2306.0;1361.0;2561.0;4734.0;8473.0;1414.0;2140.0;-10.0;1.0;-2.0;5.0;ETHANOL
1553.0;2840.0;5135.0;9101.0;1502.0;2150.0;1257.0;2387.0;4450.0;8013.0;1348.0;2039.0;-6.0;-2.0;-1.0;4.0;ETHANOL
1500.0;2785.0;5144.0;9190.0;1534.0;2214.0;1352.0;2585.0;4815.0;8759.0;1481.0;2267.0;-12.0;-2.0;-1.0;4.0;ETHANOL
1760.0;3240.0;5813.0;10145.0;1635.0;2270.0;1359.0;2573.0;4780.0;8580.0;1427.0;2188.0;-6.0;-3.0;-1.0;-1.0;ETHANOL
1657.0;3089.0;5694.0;10225.0;1717.0;2489.0;1576.0;2972.0;5507.0;9882.0;1652.0;2472.0;-6.0;-5.0;0.0;-1.0;ETHANOL
1842.0;3347.0;5977.0;10379.0;1669.0;2340.0;1401.0;2634.0;4876.0;8761.0;1463.0;2251.0;-6.0;-5.0;0.0;5.0;ETHANOL
1693.0;3099.0;5575.0;9733.0;1571.0;2201.0;1286.0;2437.0;4525.0;8163.0;1371.0;2074.0;-7.0;-5.0;1.0;6.0;ETHANOL
1510.0;2765.0;5018.0;8896.0;1460.0;2087.0;1240.0;2349.0;4393.0;7982.0;1353.0;2065.0;-7.0;-2.0;3.0;8.0;ETHANOL
1501.0;2760.0;4965.0;8757.0;1426.0;2046.0;1178.0;2233.0;4188.0;7571.0;1276.0;1960.0;-9.0;-2.0;3.0;13.0;ETHANOL
1420.0;2608.0;4716.0;8333.0;1357.0;1956.0;1130.0;2156.0;4019.0;7265.0;1229.0;1873.0;-9.0;-2.0;3.0;14.0;ETHANOL
1379.0;2570.0;4734.0;8517.0;1412.0;2048.0;1219.0;2317.0;4335.0;7831.0;1318.0;2009.0;-7.0;-2.0;4.0;3.0;ETHANOL
1476.0;2719.0;4951.0;8743.0;1444.0;2071.0;1201.0;2295.0;4338.0;7889.0;1334.0;2043.0;-7.0;-2.0;1.0;3.0;ETHANOL
1500.0;2748.0;4974.0;8742.0;1423.0;2030.0;1176.0;2247.0;4203.0;7666.0;1297.0;1971.0;-7.0;-2.0;1.0;2.0;ETHANOL
1454.0;2686.0;4869.0;8568.0;1409.0;2012.0;1183.0;2260.0;4237.0;7730.0;1310.0;2022.0;-7.0;-3.0;-2.0;3.0;ETHANOL
1500.0;2753.0;4980.0;8723.0;1422.0;2044.0;1201.0;2296.0;4328.0;7873.0;1346.0;2057.0;-7.0;-3.0;-3.0;2.0;ETHANOL
1502.0;2763.0;4996.0;8781.0;1430.0;2021.0;1187.0;2267.0;4239.0;7714.0;1305.0;2003.0;-7.0;-2.0;-3.0;10.0;ETHANOL
1463.0;2706.0;4913.0;8695.0;1424.0;2052.0;1210.0;2302.0;4301.0;7800.0;1325.0;2025.0;-5.0;-2.0;-3.0;5.0;ETHANOL
1492.0;2732.0;4944.0;8694.0;1420.0;2023.0;1202.0;2294.0;4324.0;7827.0;1325.0;2015.0;-5.0;-2.0;-3.0;0.0;ETHANOL
1483.0;2713.0;4903.0;8617.0;1397.0;2000.0;1147.0;2193.0;4117.0;7414.0;1251.0;1916.0;0.0;-2.0;-3.0;0.0;ETHANOL
1392.0;2588.0;4727.0;8480.0;1402.0;2048.0;1248.0;2393.0;4485.0;8148.0;1383.0;2110.0;0.0;-1.0;-3.0;6.0;ETHANOL
1551.0;2858.0;5180.0;9119.0;1487.0;2116.0;1230.0;2340.0;4361.0;7936.0;1352.0;2080.0;1.0;-2.0;2.0;12.0;ETHANOL
1578.0;2949.0;5479.0;9868.0;1673.0;2444.0;1613.0;3071.0;5713.0;10282.0;1726.0;2573.0;2.0;-1.0;4.0;7.0;ETHANOL
1960.0;3600.0;6509.0;11494.0;1862.0;2612.0;1638.0;3065.0;5638.0;10072.0;1658.0;2482.0;2.0;-1.0;2.0;9.0;ETHANOL
1810.0;3289.0;5917.0;10303.0;1673.0;2353.0;1410.0;2666.0;4928.0;8865.0;1477.0;2274.0;2.0;-1.0;-5.0;7.0;ETHANOL
1722.0;3186.0;5797.0;10262.0;1676.0;2400.0;1505.0;2859.0;5338.0;9689.0;1649.0;2524.0;-3.0;-2.0;-1.0;8.0;ETHANOL
2017.0;3675.0;6554.0;11465.0;1841.0;2562.0;1597.0;2972.0;5477.0;9756.0;1625.0;2431.0;-5.0;-1.0;-2.0;1.0;ETHANOL
1840.0;3399.0;6202.0;10991.0;1798.0;2520.0;1545.0;2903.0;5358.0;9589.0;1583.0;2381.0;-5.0;-3.0;-2.0;3.0;ETHANOL
1829.0;3379.0;6125.0;10888.0;1786.0;2542.0;1645.0;3132.0;5824.0;10452.0;1752.0;2629.0;-5.0;-5.0;-2.0;1.0;ETHANOL
1954.0;3549.0;6332.0;10982.0;1767.0;2485.0;1556.0;2944.0;5430.0;9713.0;1618.0;2418.0;-7.0;-5.0;-1.0;0.0;ETHANOL
1826.0;3365.0;6086.0;10827.0;1804.0;2604.0;1673.0;3137.0;5773.0;10292.0;1705.0;2547.0;-11.0;-5.0;-2.0;0.0;ETHANOL
1897.0;3446.0;6174.0;10749.0;1735.0;2436.0;1484.0;2779.0;5133.0;9204.0;1531.0;2314.0;-11.0;-5.0;-2.0;3.0;ETHANOL
1726.0;3150.0;5660.0;9982.0;1643.0;2350.0;1433.0;2703.0;5017.0;9035.0;1513.0;2278.0;-11.0;-5.0;-4.0;12.0;ETHANOL
1700.0;3099.0;5587.0;9893.0;1611.0;2314.0;1410.0;2675.0;4955.0;8872.0;1484.0;2248.0;-11.0;-2.0;-2.0;6.0;ETHANOL
1748.0;3241.0;5929.0;10500.0;1712.0;2456.0;1523.0;2888.0;5350.0;9535.0;1600.0;2420.0;-8.0;-2.0;-2.0;8.0;ETHANOL
1811.0;3316.0;6003.0;10713.0;1767.0;2548.0;1652.0;3126.0;5861.0;10549.0;1768.0;2665.0;-6.0;-2.0;2.0;14.0;ETHANOL
2086.0;3795.0;6787.0;11803.0;1883.0;2582.0;1598.0;3009.0;5529.0;9859.0;1641.0;2457.0;-5.0;-3.0;1.0;8.0;ETHANOL
1864.0;3404.0;6149.0;10782.0;1780.0;2544.0;1657.0;3118.0;5792.0;10369.0;1745.0;2639.0;-4.0;-6.0;1.0;5.0;ETHANOL
2025.0;3682.0;6565.0;11368.0;1816.0;2520.0;1541.0;2914.0;5358.0;9575.0;1608.0;2413.0;-4.0;-6.0;-1.0;4.0;ETHANOL
1831.0;3345.0;6036.0;10621.0;1719.0;2417.0;1482.0;2779.0;5125.0;9133.0;1522.0;2294.0;-4.0;-6.0;-1.0;0.0;ETHANOL
1690.0;3074.0;5571.0;9827.0;1604.0;2295.0;1400.0;2646.0;4900.0;8826.0;1480.0;2253.0;-5.0;-3.0;-3.0;-1.0;ETHANOL
1782.0;3315.0;6055.0;10679.0;1733.0;2457.0;1543.0;2928.0;5448.0;9953.0;1701.0;2604.0;-6.0;-2.0;-1.0;-1.0;ETHANOL
2045.0;3699.0;6663.0;11624.0;1886.0;2628.0;1623.0;3042.0;5614.0;10085.0;1690.0;2543.0;-6.0;0.0;1.0;-1.0;ETHANOL
2026.0;3700.0;6636.0;11560.0;1862.0;2584.0;1607.0;2994.0;5491.0;9786.0;1628.0;2441.0;-7.0;0.0;1.0;-3.0;ETHANOL
1835.0;3337.0;6015.0;10497.0;1694.0;2382.0;1444.0;2721.0;5010.0;8953.0;1502.0;2278.0;-6.0;0.0;1.0;-1.0;ETHANOL
1778.0;3267.0;5940.0;10518.0;1727.0;2475.0;1575.0;2980.0;5554.0;10070.0;1698.0;2561.0;-6.0;0.0;1.0;5.0;ETHANOL
1969.0;3567.0;6357.0;11042.0;1768.0;2483.0;1530.0;2883.0;5297.0;9465.0;1582.0;2383.0;-7.0;-1.0;-2.0;2.0;ETHANOL
1802.0;3311.0;5953.0;10489.0;1697.0;2412.0;1451.0;2730.0;5056.0;9040.0;1505.0;2278.0;-7.0;-2.0;-5.0;2.0;ETHANOL
1750.0;3213.0;5900.0;10477.0;1744.0;2538.0;1668.0;3162.0;5860.0;10525.0;1757.0;2635.0;-7.0;-2.0;-2.0;2.0;ETHANOL
2055.0;3746.0;6693.0;11583.0;1856.0;2564.0;1596.0;2998.0;5538.0;9913.0;1681.0;2546.0;-10.0;-1.0;-7.0;2.0;ETHANOL
2120.0;3966.0;7242.0;12873.0;2116.0;2954.0;1936.0;3613.0;6613.0;11649.0;1910.0;2821.0;-10.0;-2.0;-7.0;2.0;ETHANOL
2213.0;3991.0;7066.0;12201.0;1960.0;2752.0;1757.0;3283.0;6026.0;10687.0;1767.0;2620.0;-1.0;-2.0;2.0;3.0;ETHANOL
2011.0;3639.0;6479.0;11179.0;1807.0;2528.0;1552.0;2900.0;5364.0;9563.0;1600.0;2423.0;6.0;-3.0;2.0;4.0;ETHANOL
1862.0;3427.0;6270.0;11189.0;1864.0;2682.0;1747.0;3311.0;6092.0;10888.0;1819.0;2725.0;6.0;-3.0;-3.0;4.0;ETHANOL
2125.0;3832.0;6786.0;11692.0;1857.0;2560.0;1573.0;2940.0;5393.0;9640.0;1614.0;2432.0;1.0;-3.0;2.0;11.0;ETHANOL
1878.0;3433.0;6173.0;10718.0;1738.0;2459.0;1523.0;2870.0;5250.0;9469.0;1591.0;2407.0;-4.0;-3.0;3.0;5.0;ETHANOL
1911.0;3526.0;6415.0;11417.0;1890.0;2677.0;1722.0;3228.0;5960.0;10625.0;1758.0;2613.0;-4.0;-3.0;-3.0;1.0;ETHANOL
2003.0;3632.0;6467.0;11204.0;1788.0;2481.0;1512.0;2849.0;5237.0;9375.0;1558.0;2358.0;-7.0;-3.0;-5.0;1.0;ETHANOL
1791.0;3266.0;5899.0;10429.0;1726.0;2498.0;1604.0;3047.0;5588.0;10062.0;1672.0;2530.0;-8.0;-2.0;0.0;5.0;ETHANOL
1946.0;3529.0;6286.0;10864.0;1742.0;2447.0;1489.0;2793.0;5128.0;9140.0;1527.0;2300.0;-8.0;-2.0;-1.0;1.0;ETHANOL
1731.0;3156.0;5649.0;9886.0;1604.0;2294.0;1402.0;2647.0;4889.0;8793.0;1477.0;2257.0;-7.0;-2.0;-2.0;10.0;ETHANOL
1755.0;3232.0;5874.0;10347.0;1689.0;2435.0;1566.0;2973.0;5560.0;10132.0;1719.0;2620.0;-7.0;-3.0;-1.0;9.0;ETHANOL
2156.0;3916.0;6994.0;12083.0;1931.0;2671.0;1675.0;3106.0;5729.0;10200.0;1689.0;2530.0;-3.0;-1.0;0.0;10.0;ETHANOL
1928.0;3499.0;6282.0;10995.0;1770.0;2481.0;1518.0;2863.0;5290.0;9513.0;1597.0;2419.0;-3.0;-3.0;-1.0;9.0;ETHANOL
1836.0;3348.0;5996.0;10494.0;1687.0;2391.0;1462.0;2750.0;5082.0;9119.0;1534.0;2340.0;-3.0;-4.0;0.0;7.0;ETHANOL
1786.0;3256.0;5840.0;10225.0;1648.0;2330.0;1418.0;2668.0;4897.0;8815.0;1473.0;2234.0;-3.0;-3.0;0.0;7.0;ETHANOL
1681.0;3070.0;5517.0;9722.0;1582.0;2276.0;1380.0;2605.0;4827.0;8670.0;1446.0;2205.0;-6.0;0.0;-1.0;6.0;ETHANOL
1647.0;3025.0;5455.0;9585.0;1558.0;2235.0;1353.0;2561.0;4734.0;8557.0;1433.0;2178.0;-8.0;0.0;-2.0;6.0;ETHANOL
1646.0;3016.0;5444.0;9580.0;1576.0;2307.0;1474.0;2824.0;5280.0;9561.0;1635.0;2494.0;-8.0;0.0;-4.0;3.0;ETHANOL
2045.0;3786.0;6885.0;12113.0;1962.0;2741.0;1773.0;3334.0;6122.0;10996.0;1837.0;2755.0;-8.0;0.0;-8.0;3.0;ETHANOL
2232.0;4066.0;7269.0;12563.0;1991.0;2733.0;1730.0;3227.0;5907.0;10436.0;1727.0;2574.0;-8.0;-7.0;-4.0;3.0;ETHANOL
1974.0;3582.0;6368.0;11091.0;1805.0;2572.0;1655.0;3140.0;5839.0;10505.0;1775.0;2720.0;-8.0;-7.0;-4.0;0.0;ETHANOL
2182.0;3933.0;7035.0;12125.0;1956.0;2726.0;1772.0;3320.0;6096.0;10873.0;1811.0;2705.0;-7.0;-3.0;-4.0;0.0;ETHANOL
2115.0;3838.0;6861.0;11970.0;1944.0;2765.0;1831.0;3427.0;6274.0;11116.0;1841.0;2725.0;-6.0;-3.0;-4.0;-1.0;ETHANOL
2152.0;3882.0;6897.0;11949.0;1907.0;2638.0;1669.0;3125.0;5746.0;10236.0;1690.0;2555.0;-6.0;-3.0;-4.0;0.0;ETHANOL
2092.0;3909.0;7219.0;12921.0;2144.0;3092.0;2164.0;4054.0;7440.0;13233.0;2182.0;3239.0;-6.0;-3.0;-4.0;4.0;ETHANOL
2679.0;4847.0;8608.0;14740.0;2333.0;3186.0;2123.0;3938.0;7158.0;12604.0;2069.0;3063.0;-6.0;-3.0;-5.0;5.0;ETHANOL
2415.0;4319.0;7621.0;13044.0;2081.0;2878.0;1853.0;3441.0;6318.0;11285.0;1871.0;2797.0;-7.0;-4.0;-5.0;5.0;ETHANOL
2181.0;3932.0;6969.0;12018.0;1921.0;2685.0;1694.0;3162.0;5793.0;10284.0;1704.0;2548.0;-7.0;-4.0;-2.0;7.0;ETHANOL
1968.0;3564.0;6392.0;11115.0;1795.0;2541.0;1576.0;2972.0;5483.0;9812.0;1651.0;2508.0;-7.0;-4.0;0.0;5.0;ETHANOL
2007.0;3668.0;6569.0;11431.0;1853.0;2635.0;1685.0;3175.0;5840.0;10439.0;1737.0;2599.0;-8.0;-4.0;-2.0;2.0;ETHANOL
2036.0;3715.0;6634.0;11556.0;1862.0;2619.0;1654.0;3099.0;5656.0;10065.0;1665.0;2494.0;-7.0;-4.0;-2.0;0.0;ETHANOL
1916.0;3480.0;6219.0;10875.0;1769.0;2515.0;1578.0;2957.0;5455.0;9754.0;1624.0;2453.0;-7.0;-4.0;-2.0;2.0;ETHANOL
1871.0;3416.0;6101.0;10671.0;1720.0;2481.0;1580.0;2985.0;5549.0;9936.0;1670.0;2527.0;-7.0;-4.0;-3.0;2.0;ETHANOL
1991.0;3614.0;6496.0;11466.0;1884.0;2740.0;1850.0;3501.0;6442.0;11481.0;1912.0;2866.0;-4.0;-6.0;-3.0;2.0;ETHANOL
2274.0;4122.0;7407.0;12900.0;2085.0;2910.0;1903.0;3548.0;6468.0;11454.0;1890.0;2791.0;-4.0;-1.0;-3.0;11.0;ETHANOL
2172.0;3915.0;6957.0;11964.0;1904.0;2649.0;1664.0;3110.0;5682.0;10123.0;1673.0;2512.0;-4.0;-4.0;-2.0;-1.0;ETHANOL
1939.0;3525.0;6296.0;10998.0;1776.0;2523.0;1564.0;2927.0;5370.0;9601.0;1611.0;2432.0;-6.0;0.0;3.0;-1.0;ETHANOL
1871.0;3408.0;6080.0;10664.0;1729.0;2478.0;1600.0;3018.0;5553.0;9923.0;1656.0;2499.0;-6.0;-4.0;6.0;-1.0;ETHANOL
1981.0;3608.0;6422.0;11138.0;1788.0;2541.0;1587.0;2979.0;5426.0;9737.0;1619.0;2440.0;-8.0;-3.0;6.0;1.0;ETHANOL
1897.0;3471.0;6268.0;10989.0;1788.0;2520.0;1600.0;3026.0;5593.0;10035.0;1682.0;2563.0;-8.0;-3.0;3.0;1.0;ETHANOL
2087.0;3840.0;6917.0;11990.0;1917.0;2678.0;1706.0;3199.0;5856.0;10351.0;1726.0;2579.0;-6.0;-3.0;-2.0;1.0;ETHANOL
1988.0;3611.0;6458.0;11247.0;1815.0;2541.0;1598.0;2993.0;5515.0;9815.0;1639.0;2465.0;-8.0;-3.0;-2.0;1.0;ETHANOL
1919.0;3490.0;6263.0;10927.0;1779.0;2513.0;1595.0;2962.0;5460.0;9711.0;1609.0;2423.0;-10.0;-3.0;-2.0;1.0;ETHANOL
1887.0;3460.0;6247.0;10924.0;1763.0;2496.0;1584.0;2965.0;5436.0;9715.0;1616.0;2439.0;-13.0;-3.0;-2.0;8.0;ETHANOL
1898.0;3472.0;6249.0;10889.0;1754.0;2477.0;1555.0;2916.0;5369.0;9580.0;1601.0;2398.0;-10.0;-1.0;-1.0;4.0;ETHANOL
1856.0;3389.0;6087.0;10643.0;1718.0;2435.0;1526.0;2865.0;5247.0;9388.0;1567.0;2386.0;-10.0;-1.0;0.0;6.0;ETHANOL
1849.0;3374.0;6069.0;10585.0;1726.0;2472.0;1586.0;3001.0;5551.0;9981.0;1662.0;2513.0;-9.0;-3.0;0.0;0.0;ETHANOL
2007.0;3718.0;6783.0;11963.0;1946.0;2712.0;1750.0;3255.0;5960.0;10565.0;1748.0;2612.0;-9.0;-1.0;-1.0;0.0;ETHANOL
2013.0;3651.0;6502.0;11307.0;1815.0;2559.0;1619.0;3015.0;5503.0;9856.0;1637.0;2471.0;-9.0;-3.0;0.0;-1.0;ETHANOL
1923.0;3498.0;6240.0;10907.0;1760.0;2500.0;1554.0;2923.0;5388.0;9588.0;1600.0;2417.0;-6.0;-3.0;0.0;0.0;ETHANOL
1891.0;3405.0;6248.0;11055.0;1817.0;2605.0;1710.0;3217.0;5945.0;10658.0;1788.0;2700.0;-7.0;-1.0;0.0;0.0;ETHANOL
2144.0;3855.0;6887.0;11926.0;1899.0;2618.0;1656.0;3086.0;5668.0;10043.0;1666.0;2524.0;-9.0;1.0;0.0;1.0;ETHANOL
1953.0;3568.0;6372.0;11106.0;1785.0;2535.0;1594.0;3001.0;5514.0;9860.0;1643.0;2468.0;-9.0;-1.0;0.0;1.0;ETHANOL
1930.0;3519.0;6303.0;11030.0;1801.0;2535.0;1632.0;3069.0;5712.0;10262.0;1714.0;2593.0;-7.0;-1.0;1.0;1.0;ETHANOL
2134.0;3911.0;7032.0;12248.0;1960.0;2733.0;1762.0;3285.0;6020.0;10658.0;1765.0;2645.0;-7.0;-2.0;1.0;1.0;ETHANOL
2108.0;3832.0;6892.0;11981.0;1924.0;2683.0;1738.0;3254.0;5982.0;10700.0;1791.0;2698.0;-8.0;-2.0;6.0;2.0;ETHANOL
2182.0;3939.0;7029.0;12119.0;1937.0;2691.0;1717.0;3193.0;5843.0;10426.0;1715.0;2593.0;-6.0;-2.0;5.0;1.0;ETHANOL
2019.0;3687.0;6644.0;11637.0;1892.0;2693.0;1753.0;3314.0;6098.0;10854.0;1816.0;2755.0;-5.0;7.0;5.0;2.0;ETHANOL
2229.0;4065.0;7264.0;12645.0;2039.0;2861.0;1875.0;3494.0;6375.0;11315.0;1864.0;2790.0;-5.0;4.0;2.0;5.0;ETHANOL
2202.0;3975.0;7070.0;12306.0;1970.0;2744.0;1768.0;3282.0;5984.0;10564.0;1758.0;2627.0;-5.0;5.0;2.0;10.0;ETHANOL
2035.0;3695.0;6573.0;11509.0;1852.0;2608.0;1654.0;3074.0;5654.0;10037.0;1664.0;2516.0;-5.0;5.0;2.0;9.0;ETHANOL
2001.0;3675.0;6569.0;11548.0;1870.0;2623.0;1675.0;3127.0;5737.0;10234.0;1710.0;2586.0;-4.0;0.0;4.0;9.0;ETHANOL
2045.0;3711.0;6650.0;11585.0;1877.0;2644.0;1704.0;3180.0;5832.0;10419.0;1730.0;2617.0;-2.0;0.0;1.0;5.0;ETHANOL
2034.0;3708.0;6627.0;11492.0;1850.0;2587.0;1644.0;3078.0;5652.0;10066.0;1670.0;2509.0;1.0;0.0;3.0;0.0;ETHANOL
1956.0;3540.0;6366.0;11081.0;1793.0;2541.0;1606.0;2999.0;5492.0;9843.0;1633.0;2464.0;1.0;0.0;3.0;3.0;ETHANOL
1924.0;3497.0;6240.0;10885.0;1755.0;2482.0;1586.0;2962.0;5480.0;9722.0;1628.0;2469.0;1.0;-5.0;3.0;2.0;ETHANOL
1934.0;3521.0;6297.0;10970.0;1772.0;2505.0;1581.0;2963.0;5473.0;9784.0;1642.0;2471.0;-5.0;-6.0;5.0;3.0;ETHANOL
1906.0;3491.0;6265.0;10963.0;1753.0;2486.0;1599.0;2995.0;5489.0;9811.0;1630.0;2460.0;-6.0;-5.0;3.0;2.0;ETHANOL
1911.0;3480.0;6265.0;10921.0;1763.0;2488.0;1563.0;2943.0;5432.0;9731.0;1628.0;2446.0;-6.0;-5.0;5.0;3.0;ETHANOL
1922.0;3501.0;6248.0;10919.0;1762.0;2494.0;1568.0;2947.0;5455.0;9736.0;1623.0;2454.0;-6.0;-5.0;1.0;2.0;ETHANOL
1921.0;3545.0;6530.0;11580.0;1922.0;2770.0;1906.0;3587.0;6652.0;11963.0;2015.0;3019.0;-6.0;-5.0;1.0;5.0;ETHANOL
2497.0;4477.0;7894.0;13500.0;2128.0;2892.0;1848.0;3433.0;6293.0;11150.0;1832.0;2745.0;-10.0;-5.0;-3.0;3.0;ETHANOL
2157.0;3916.0;7008.0;12251.0;2012.0;2878.0;1955.0;3673.0;6779.0;12111.0;2014.0;2994.0;-5.0;-2.0;0.0;5.0;ETHANOL
2470.0;4446.0;7871.0;13528.0;2154.0;2958.0;1946.0;3603.0;6572.0;11678.0;1937.0;2902.0;-11.0;-2.0;0.0;3.0;ETHANOL
2429.0;4432.0;7930.0;13737.0;2206.0;3057.0;2032.0;3780.0;6901.0;12174.0;2009.0;2967.0;-11.0;-2.0;-1.0;4.0;ETHANOL
2353.0;4242.0;7506.0;12944.0;2060.0;2837.0;1837.0;3417.0;6226.0;11037.0;1823.0;2723.0;-14.0;-1.0;-9.0;3.0;ETHANOL
2167.0;3936.0;7049.0;12277.0;1979.0;2805.0;1846.0;3443.0;6308.0;11204.0;1864.0;2794.0;-11.0;-2.0;-2.0;5.0;ETHANOL
2251.0;4073.0;7276.0;12489.0;2003.0;2793.0;1822.0;3360.0;6193.0;10925.0;1815.0;2698.0;-11.0;-1.0;-2.0;5.0;ETHANOL
2161.0;3917.0;6952.0;12133.0;1949.0;2728.0;1775.0;3301.0;6060.0;10744.0;1790.0;2691.0;-12.0;0.0;-2.0;5.0;ETHANOL
2221.0;4081.0;7379.0;13024.0;2120.0;3009.0;2083.0;3903.0;7167.0;12698.0;2102.0;3121.0;-11.0;0.0;1.0;6.0;ETHANOL
2592.0;4685.0;8427.0;14563.0;2329.0;3216.0;2170.0;4034.0;7358.0;13037.0;2144.0;3170.0;-11.0;0.0;1.0;6.0;ETHANOL
2639.0;4742.0;8400.0;14629.0;2360.0;3290.0;2227.0;4131.0;7545.0;13336.0;2190.0;3218.0;-11.0;0.0;3.0;6.0;ETHANOL
2679.0;4797.0;8436.0;14439.0;2278.0;3088.0;2025.0;3746.0;6841.0;12024.0;1980.0;2952.0;-11.0;0.0;1.0;8.0;ETHANOL
2368.0;4288.0;7693.0;13466.0;2177.0;3082.0;2057.0;3903.0;7112.0;12537.0;2057.0;3038.0;-3.0;-1.0;1.0;8.0;ETHANOL
2446.0;4401.0;7824.0;13637.0;2193.0;3064.0;2034.0;3807.0;6996.0;12451.0;2060.0;3061.0;-3.0;-1.0;1.0;4.0;ETHANOL
2518.0;4538.0;8124.0;14006.0;2245.0;3110.0;2067.0;3893.0;7106.0;12558.0;2081.0;3138.0;-3.0;-2.0;1.0;0.0;ETHANOL
2684.0;4870.0;8546.0;14761.0;2335.0;3195.0;2132.0;3932.0;7127.0;12541.0;2062.0;3050.0;-3.0;-1.0;1.0;0.0;ETHANOL
2457.0;4395.0;7796.0;13413.0;2139.0;2970.0;1960.0;3626.0;6597.0;11619.0;1910.0;2849.0;-2.0;-1.0;1.0;1.0;ETHANOL
2253.0;4056.0;7201.0;12454.0;2002.0;2845.0;1883.0;3506.0;6443.0;11470.0;1904.0;2850.0;-3.0;-1.0;3.0;1.0;ETHANOL
2343.0;4228.0;7512.0;13008.0;2096.0;2958.0;1999.0;3691.0;6729.0;11894.0;1950.0;2895.0;-2.0;-2.0;3.0;1.0;ETHANOL
2395.0;4317.0;7651.0;13209.0;2099.0;2893.0;1900.0;3516.0;6401.0;11342.0;1880.0;2823.0;-2.0;-2.0;3.0;2.0;ETHANOL
2290.0;4146.0;7442.0;12847.0;2072.0;2885.0;1899.0;3542.0;6453.0;11440.0;1898.0;2821.0;-3.0;-3.0;0.0;2.0;ETHANOL
2274.0;4122.0;7318.0;12684.0;2023.0;2834.0;1842.0;3428.0;6265.0;11089.0;1834.0;2743.0;-6.0;-3.0;-1.0;3.0;ETHANOL
2170.0;3929.0;6983.0;12076.0;1948.0;2721.0;1773.0;3300.0;6000.0;10672.0;1767.0;2657.0;-6.0;-3.0;-1.0;3.0;ETHANOL
2136.0;3869.0;6906.0;11980.0;1934.0;2732.0;1780.0;3323.0;6071.0;10801.0;1801.0;2703.0;-6.0;-3.0;-1.0;9.0;ETHANOL
2176.0;3931.0;7011.0;12200.0;1973.0;2770.0;1814.0;3375.0;6144.0;10929.0;1810.0;2702.0;-5.0;-3.0;1.0;12.0;ETHANOL
2169.0;3925.0;7013.0;12243.0;1973.0;2811.0;1845.0;3449.0;6282.0;11207.0;1857.0;2764.0;-2.0;-3.0;2.0;9.0;ETHANOL
2190.0;3951.0;7017.0;12165.0;1952.0;2729.0;1764.0;3278.0;6011.0;10670.0;1773.0;2657.0;-2.0;-4.0;3.0;9.0;ETHANOL
2115.0;3830.0;6840.0;11865.0;1904.0;2679.0;1715.0;3219.0;5946.0;10554.0;1749.0;2637.0;-2.0;-4.0;2.0;12.0;ETHANOL
2090.0;3792.0;6803.0;11804.0;1903.0;2685.0;1741.0;3242.0;5955.0;10584.0;1753.0;2634.0;-2.0;-4.0;2.0;3.0;ETHANOL
2093.0;3808.0;6811.0;11968.0;1944.0;2765.0;1837.0;3446.0;6381.0;11370.0;1895.0;2851.0;-1.0;-4.0;3.0;6.0;ETHANOL
2385.0;4325.0;7691.0;13365.0;2148.0;2994.0;2051.0;3824.0;6990.0;12359.0;2053.0;3049.0;-4.0;-2.0;2.0;6.0;ETHANOL
2505.0;4506.0;7950.0;13624.0;2159.0;2986.0;1929.0;3596.0;6566.0;11611.0;1917.0;2874.0;-6.0;-2.0;3.0;9.0;ETHANOL
2307.0;4191.0;7517.0;12999.0;2111.0;2969.0;1964.0;3655.0;6632.0;11671.0;1932.0;2877.0;-6.0;-2.0;2.0;6.0;ETHANOL
2341.0;4237.0;7574.0;13173.0;2113.0;2910.0;1933.0;3583.0;6552.0;11627.0;1914.0;2848.0;-7.0;-2.0;0.0;6.0;ETHANOL
2333.0;4208.0;7486.0;12998.0;2106.0;2983.0;2004.0;3730.0;6803.0;12112.0;2014.0;2991.0;-9.0;-2.0;-3.0;5.0;ETHANOL
2461.0;4421.0;7793.0;13410.0;2135.0;2969.0;1948.0;3603.0;6569.0;11631.0;1919.0;2891.0;-13.0;-2.0;-6.0;5.0;ETHANOL
2399.0;4360.0;7908.0;13881.0;2286.0;3270.0;2335.0;4342.0;7947.0;14102.0;2327.0;3442.0;-13.0;3.0;-6.0;1.0;ETHANOL
2946.0;5256.0;9292.0;15780.0;2474.0;3388.0;2320.0;4281.0;7743.0;13377.0;2210.0;3247.0;-13.0;-1.0;-6.0;1.0;ETHANOL
2698.0;4841.0;8606.0;14727.0;2339.0;3228.0;2163.0;3992.0;7242.0;12780.0;2086.0;3096.0;-13.0;3.0;-7.0;0.0;ETHANOL
2483.0;4480.0;7910.0;13615.0;2173.0;3011.0;2012.0;3744.0;6815.0;12086.0;1999.0;2985.0;-13.0;3.0;-6.0;-4.0;ETHANOL
2462.0;4446.0;7950.0;13756.0;2194.0;3054.0;2042.0;3769.0;6816.0;12017.0;1977.0;2941.0;-3.0;3.0;-1.0;-4.0;ETHANOL
2439.0;4416.0;7904.0;13795.0;2230.0;3137.0;2139.0;3950.0;7155.0;12548.0;2061.0;3055.0;-7.0;2.0;-6.0;-4.0;ETHANOL
2486.0;4468.0;7949.0;13749.0;2200.0;3075.0;2094.0;3880.0;7083.0;12514.0;2069.0;3076.0;-7.0;4.0;-6.0;-4.0;ETHANOL
2549.0;4617.0;8289.0;14427.0;2327.0;3239.0;2215.0;4083.0;7435.0;13031.0;2133.0;3162.0;-7.0;-2.0;-6.0;0.0;ETHANOL
2576.0;4625.0;8220.0;14128.0;2244.0;3098.0;2060.0;3800.0;6942.0;12277.0;1986.0;2987.0;-4.0;-2.0;-1.0;0.0;ETHANOL
2461.0;4448.0;7863.0;13594.0;2153.0;2992.0;1965.0;3633.0;6601.0;11660.0;1925.0;2871.0;-4.0;-2.0;-1.0;5.0;ETHANOL
2297.0;4160.0;7416.0;12832.0;2066.0;2907.0;1974.0;3665.0;6653.0;11793.0;1954.0;2906.0;-4.0;-2.0;1.0;4.0;ETHANOL
2353.0;4251.0;7581.0;13161.0;2116.0;2969.0;1979.0;3659.0;6672.0;11779.0;1950.0;2889.0;-9.0;-2.0;-1.0;4.0;ETHANOL
2363.0;4251.0;7528.0;13006.0;2084.0;2938.0;1978.0;3674.0;6656.0;11841.0;1949.0;2904.0;-4.0;1.0;1.0;4.0;ETHANOL
2376.0;4289.0;7608.0;13098.0;2091.0;2907.0;1921.0;3552.0;6473.0;11448.0;1898.0;2814.0;-6.0;-6.0;3.0;11.0;ETHANOL
2278.0;4107.0;7270.0;12643.0;2037.0;2881.0;1929.0;3571.0;6502.0;11458.0;1891.0;2804.0;-9.0;-6.0;6.0;8.0;ETHANOL
2253.0;4066.0;7204.0;12468.0;2003.0;2818.0;1842.0;3421.0;6230.0;11080.0;1833.0;2763.0;-6.0;0.0;3.0;12.0;ETHANOL
2242.0;4102.0;7356.0;12893.0;2088.0;2991.0;2049.0;3796.0;6968.0;12358.0;2044.0;3061.0;-4.0;0.0;3.0;4.0;ETHANOL
2547.0;4563.0;8064.0;13793.0;2196.0;3018.0;1992.0;3692.0;6684.0;11854.0;1957.0;2920.0;-6.0;0.0;3.0;3.0;ETHANOL
2390.0;4307.0;7635.0;13162.0;2094.0;2939.0;1941.0;3605.0;6565.0;11550.0;1910.0;2848.0;-7.0;-3.0;4.0;4.0;ETHANOL
2294.0;4144.0;7379.0;12737.0;2046.0;2868.0;1917.0;3555.0;6467.0;11415.0;1887.0;2816.0;-4.0;-3.0;4.0;3.0;ETHANOL
2294.0;4152.0;7433.0;12908.0;2094.0;2991.0;2054.0;3812.0;6928.0;12251.0;2020.0;2998.0;-5.0;-3.0;4.0;6.0;ETHANOL
2521.0;4580.0;8192.0;14254.0;2314.0;3239.0;2229.0;4116.0;7427.0;13013.0;2130.0;3104.0;-7.0;-1.0;4.0;5.0;ETHANOL
2561.0;4586.0;8163.0;14032.0;2222.0;3067.0;2030.0;3759.0;6839.0;12015.0;1976.0;2959.0;-5.0;-1.0;4.0;1.0;ETHANOL
2428.0;4369.0;7741.0;13430.0;2180.0;3050.0;2074.0;3836.0;6955.0;12247.0;2014.0;2995.0;-5.0;-1.0;-4.0;1.0;ETHANOL
2480.0;4477.0;7986.0;13944.0;2247.0;3132.0;2142.0;3967.0;7201.0;12705.0;2086.0;3075.0;-5.0;-3.0;-4.0;1.0;ETHANOL
2505.0;4506.0;7941.0;13604.0;2166.0;2989.0;1968.0;3615.0;6648.0;11781.0;1936.0;2870.0;-3.0;-3.0;-4.0;1.0;ETHANOL
2315.0;4168.0;7422.0;12819.0;2065.0;2874.0;1901.0;3547.0;6452.0;11385.0;1863.0;2830.0;-3.0;-3.0;-4.0;5.0;ETHANOL
2314.0;4194.0;7513.0;13059.0;2111.0;2970.0;2004.0;3749.0;6840.0;12062.0;2021.0;3029.0;-5.0;1.0;-5.0;6.0;ETHANOL
2533.0;4564.0;8125.0;13977.0;2218.0;3082.0;2058.0;3806.0;6927.0;12253.0;2004.0;2994.0;-3.0;1.0;2.0;5.0;ETHANOL
2427.0;4386.0;7798.0;13407.0;2138.0;2993.0;2032.0;3772.0;6869.0;12142.0;2011.0;3021.0;-5.0;-1.0;-5.0;4.0;ETHANOL
2534.0;4623.0;8250.0;14199.0;2253.0;3106.0;2082.0;3838.0;6970.0;12252.0;2018.0;2996.0;-5.0;-1.0;-5.0;7.0;ETHANOL
2413.0;4345.0;7731.0;13291.0;2121.0;2952.0;1975.0;3665.0;6652.0;11711.0;1931.0;2878.0;-5.0;-1.0;-1.0;6.0;ETHANOL
2320.0;4170.0;7451.0;12775.0;2048.0;2859.0;1905.0;3528.0;6408.0;11388.0;1883.0;2838.0;-8.0;-1.0;3.0;1.0;ETHANOL
2372.0;4314.0;7754.0;13386.0;2142.0;2984.0;1989.0;3682.0;6706.0;11846.0;1950.0;2889.0;-8.0;-1.0;3.0;1.0;ETHANOL
2350.0;4227.0;7486.0;12865.0;2063.0;2887.0;1916.0;3547.0;6460.0;11314.0;1881.0;2796.0;-8.0;-1.0;2.0;1.0;ETHANOL
2280.0;4105.0;7290.0;12605.0;2010.0;2844.0;1864.0;3448.0;6310.0;11175.0;1842.0;2762.0;-8.0;-2.0;2.0;4.0;ETHANOL
2234.0;4025.0;7150.0;12390.0;1987.0;2799.0;1850.0;3430.0;6270.0;11044.0;1834.0;2741.0;-6.0;-2.0;2.0;5.0;ETHANOL
2213.0;3991.0;7117.0;12334.0;1973.0;2782.0;1866.0;3481.0;6362.0;11380.0;1898.0;2866.0;1.0;-2.0;2.0;5.0;ETHANOL
2403.0;4360.0;7741.0;13370.0;2136.0;2975.0;2002.0;3708.0;6745.0;11879.0;1945.0;2909.0;1.0;-3.0;0.0;2.0;ETHANOL
2384.0;4314.0;7695.0;13248.0;2119.0;2959.0;1980.0;3667.0;6670.0;11842.0;1953.0;2888.0;-6.0;-2.0;4.0;0.0;ETHANOL
2349.0;4227.0;7553.0;13008.0;2078.0;2914.0;1943.0;3600.0;6554.0;11572.0;1921.0;2869.0;-6.0;-1.0;4.0;0.0;ETHANOL
2325.0;4191.0;7473.0;12870.0;2054.0;2865.0;1898.0;3524.0;6407.0;11288.0;1865.0;2782.0;-6.0;-1.0;4.0;0.0;ETHANOL
2230.0;4040.0;7227.0;12513.0;2011.0;2815.0;1863.0;3444.0;6302.0;11174.0;1845.0;2748.0;-6.0;1.0;0.0;-5.0;ETHANOL
2228.0;4029.0;7157.0;12403.0;1987.0;2792.0;1864.0;3452.0;6286.0;11088.0;1831.0;2749.0;-6.0;1.0;0.0;-5.0;ETHANOL
2310.0;4241.0;7555.0;13266.0;2126.0;2961.0;1979.0;3689.0;6712.0;11916.0;1968.0;2934.0;-5.0;1.0;0.0;0.0;ETHANOL
2429.0;4365.0;7756.0;13366.0;2140.0;2987.0;1999.0;3696.0;6716.0;11843.0;1951.0;2913.0;-5.0;0.0;-2.0;0.0;ETHANOL
2363.0;4254.0;7636.0;13243.0;2141.0;2996.0;2004.0;3689.0;6682.0;11830.0;1954.0;2904.0;-6.0;-3.0;-2.0;6.0;ETHANOL
2367.0;4261.0;7524.0;12991.0;2069.0;2893.0;1908.0;3537.0;6412.0;11303.0;1874.0;2794.0;-14.0;-7.0;-3.0;5.0;ETHANOL
2277.0;4097.0;7296.0;12610.0;2015.0;2831.0;1879.0;3478.0;6353.0;11286.0;1870.0;2804.0;-14.0;-7.0;2.0;5.0;ETHANOL
2276.0;4121.0;7354.0;12722.0;2041.0;2854.0;1899.0;3530.0;6466.0;11476.0;1892.0;2823.0;-14.0;-7.0;2.0;5.0;ETHANOL
2306.0;4126.0;7359.0;12722.0;2037.0;2851.0;1881.0;3497.0;6363.0;11254.0;1864.0;2811.0;-7.0;-7.0;3.0;5.0;ETHANOL
2312.0;4187.0;7467.0;13026.0;2105.0;2984.0;2040.0;3796.0;6900.0;12242.0;2014.0;3021.0;-7.0;-5.0;4.0;5.0;ETHANOL
2528.0;4575.0;8160.0;14175.0;2270.0;3182.0;2208.0;4092.0;7413.0;12975.0;2133.0;3157.0;-7.0;-5.0;3.0;0.0;ETHANOL
2625.0;4709.0;8366.0;14406.0;2297.0;3158.0;2179.0;4036.0;7321.0;12922.0;2120.0;3140.0;-7.0;-3.0;7.0;0.0;ETHANOL
2630.0;4710.0;8317.0;14323.0;2277.0;3136.0;2140.0;3951.0;7158.0;12543.0;2063.0;3050.0;-7.0;-3.0;6.0;3.0;ETHANOL
2516.0;4511.0;7943.0;13645.0;2171.0;3015.0;2004.0;3703.0;6732.0;11783.0;1955.0;2911.0;-7.0;-2.0;2.0;0.0;ETHANOL
2349.0;4229.0;7507.0;12942.0;2069.0;2910.0;1929.0;3592.0;6535.0;11524.0;1904.0;2844.0;-10.0;-2.0;2.0;-1.0;ETHANOL
2323.0;4222.0;7524.0;13063.0;2100.0;2946.0;1990.0;3693.0;6746.0;11869.0;1970.0;2939.0;-11.0;-2.0;-5.0;-1.0;ETHANOL
2421.0;4353.0;7740.0;13365.0;2127.0;2958.0;1969.0;3657.0;6651.0;11749.0;1926.0;2871.0;-10.0;-2.0;3.0;-1.0;ETHANOL
2360.0;4233.0;7499.0;12919.0;2077.0;2896.0;1922.0;3575.0;6507.0;11530.0;1905.0;2849.0;-10.0;-5.0;3.0;-2.0;ETHANOL
2298.0;4138.0;7347.0;12741.0;2045.0;2889.0;1951.0;3614.0;6583.0;11642.0;1932.0;2889.0;-6.0;-5.0;5.0;-2.0;ETHANOL
2336.0;4218.0;7509.0;12964.0;2072.0;2894.0;1917.0;3564.0;6493.0;11489.0;1899.0;2841.0;-6.0;-5.0;6.0;-2.0;ETHANOL
2320.0;4215.0;7528.0;13056.0;2087.0;2918.0;1946.0;3613.0;6569.0;11560.0;1906.0;2829.0;-6.0;-2.0;1.0;-2.0;ETHANOL
2286.0;4120.0;7309.0;12565.0;2022.0;2855.0;1872.0;3442.0;6293.0;11176.0;1848.0;2770.0;-7.0;-2.0;1.0;-2.0;ETHANOL
2260.0;4058.0;7225.0;12441.0;1999.0;2826.0;1875.0;3491.0;6409.0;11400.0;1901.0;2851.0;-9.0;-2.0;-2.0;-4.0;ETHANOL
2358.0;4261.0;7564.0;13034.0;2097.0;2924.0;1946.0;3595.0;6609.0;11674.0;1933.0;2877.0;-11.0;-3.0;-2.0;-4.0;ETHANOL
2361.0;4269.0;7585.0;13073.0;2099.0;2938.0;1957.0;3643.0;6641.0;11729.0;1943.0;2898.0;-11.0;-4.0;-7.0;-3.0;ETHANOL
2374.0;4309.0;7641.0;13189.0;2117.0;2959.0;1986.0;3657.0;6682.0;11845.0;1949.0;2902.0;-11.0;-5.0;-7.0;-3.0;ETHANOL
2367.0;4305.0;7658.0;13119.0;2098.0;2923.0;1933.0;3586.0;6547.0;11547.0;1905.0;2852.0;-9.0;-5.0;-7.0;-3.0;ETHANOL
2326.0;4193.0;7474.0;12925.0;2069.0;2910.0;1947.0;3635.0;6606.0;11635.0;1923.0;2872.0;-9.0;-5.0;-2.0;4.0;ETHANOL
2315.0;4198.0;7495.0;12908.0;2074.0;2915.0;1938.0;3604.0;6555.0;11658.0;1918.0;2873.0;-5.0;-4.0;7.0;4.0;ETHANOL
2348.0;4244.0;7596.0;13196.0;2133.0;3027.0;2080.0;3872.0;7082.0;12584.0;2084.0;3114.0;-5.0;-4.0;7.0;3.0;ETHANOL
2667.0;4822.0;8590.0;14830.0;2359.0;3274.0;2258.0;4178.0;7593.0;13288.0;2193.0;3232.0;-5.0;-4.0;10.0;3.0;ETHANOL
2708.0;4836.0;8538.0;14594.0;2297.0;3163.0;2139.0;3946.0;7128.0;12529.0;2060.0;3048.0;-6.0;-4.0;12.0;3.0;ETHANOL
2505.0;4490.0;7982.0;13732.0;2202.0;3055.0;2080.0;3841.0;6961.0;12265.0;2012.0;2991.0;-6.0;-4.0;6.0;3.0;ETHANOL
2465.0;4423.0;7861.0;13558.0;2179.0;3024.0;2023.0;3739.0;6810.0;12002.0;1976.0;2933.0;-11.0;-5.0;1.0;4.0;ETHANOL
2391.0;4309.0;7644.0;13164.0;2109.0;2937.0;1973.0;3663.0;6666.0;11799.0;1957.0;2913.0;-11.0;-6.0;-2.0;2.0;ETHANOL
2417.0;4393.0;7795.0;13534.0;2181.0;3073.0;2096.0;3875.0;6943.0;12410.0;2043.0;3026.0;-11.0;-6.0;-2.0;2.0;ETHANOL
2479.0;4444.0;7865.0;13533.0;2157.0;2994.0;1987.0;3684.0;6708.0;11794.0;1943.0;2904.0;-10.0;-6.0;-3.0;2.0;ETHANOL
2368.0;4273.0;7602.0;13105.0;2107.0;2955.0;1990.0;3679.0;6744.0;11951.0;1984.0;2974.0;-8.0;-7.0;-2.0;2.0;ETHANOL
2447.0;4382.0;7783.0;13447.0;2139.0;2976.0;2012.0;3709.0;6742.0;11940.0;1965.0;2937.0;-1.0;-7.0;2.0;10.0;ETHANOL
2418.0;4370.0;7724.0;13258.0;2122.0;2958.0;1987.0;3661.0;6665.0;11738.0;1934.0;2881.0;-1.0;-7.0;2.0;-2.0;ETHANOL
2357.0;4244.0;7532.0;13036.0;2082.0;2939.0;1967.0;3660.0;6621.0;11734.0;1940.0;2903.0;-5.0;-3.0;3.0;12.0;ETHANOL
2390.0;4321.0;7647.0;13175.0;2104.0;2958.0;1988.0;3692.0;6706.0;11870.0;1956.0;2909.0;-1.0;-3.0;3.0;7.0;ETHANOL
2407.0;4362.0;7750.0;13374.0;2144.0;3007.0;2047.0;3784.0;6889.0;12157.0;1998.0;2953.0;-5.0;-3.0;5.0;7.0;ETHANOL
2448.0;4406.0;7814.0;13510.0;2153.0;2988.0;1974.0;3676.0;6705.0;11833.0;1937.0;2887.0;-9.0;-4.0;-1.0;7.0;ETHANOL
2345.0;4224.0;7528.0;12949.0;2081.0;2906.0;1930.0;3593.0;6551.0;11565.0;1906.0;2847.0;-5.0;-3.0;1.0;7.0;ETHANOL
2301.0;4169.0;7431.0;12842.0;2060.0;2883.0;1916.0;3540.0;6464.0;11251.0;1893.0;2829.0;0.0;-3.0;-1.0;13.0;ETHANOL
2301.0;4141.0;7401.0;12871.0;2059.0;2924.0;1980.0;3665.0;6705.0;11932.0;1975.0;2956.0;-9.0;-4.0;-3.0;3.0;ETHANOL
2446.0;4478.0;8029.0;13942.0;2246.0;3158.0;2212.0;4081.0;7424.0;13044.0;2149.0;3195.0;-8.0;-3.0;-3.0;1.0;ETHANOL
2717.0;4865.0;8591.0;14756.0;2341.0;3220.0;2216.0;4101.0;7472.0;13166.0;2168.0;3231.0;-1.0;2.0;-3.0;1.0;ETHANOL
2748.0;4886.0;8792.0;15054.0;2386.0;3267.0;2206.0;4069.0;7379.0;12933.0;2112.0;3133.0;-8.0;-1.0;-3.0;3.0;ETHANOL
2565.0;4600.0;8139.0;13909.0;2206.0;3083.0;2064.0;3805.0;6951.0;12246.0;2010.0;2987.0;-9.0;-1.0;-3.0;3.0;ETHANOL
2450.0;4442.0;7921.0;13752.0;2213.0;3111.0;2137.0;3965.0;7214.0;12738.0;2085.0;3114.0;-8.0;-1.0;-3.0;3.0;ETHANOL
2632.0;4763.0;8504.0;14752.0;2396.0;3429.0;2509.0;4637.0;8439.0;14893.0;2465.0;3642.0;-9.0;-1.0;-3.0;3.0;ETHANOL
3192.0;5724.0;9998.0;16984.0;2639.0;3562.0;2462.0;4534.0;8148.0;14259.0;2335.0;3439.0;-9.0;-3.0;-3.0;1.0;ETHANOL
2928.0;5231.0;9265.0;15851.0;2514.0;3456.0;2423.0;4429.0;7976.0;13930.0;2263.0;3323.0;-9.0;-3.0;-3.0;1.0;ETHANOL
2756.0;4919.0;8671.0;14796.0;2331.0;3215.0;2176.0;4006.0;7247.0;12688.0;2076.0;3067.0;-8.0;-1.0;3.0;5.0;ETHANOL
2527.0;4522.0;7998.0;13751.0;2196.0;3058.0;2053.0;3795.0;6886.0;12120.0;1994.0;2969.0;-11.0;-1.0;3.0;6.0;ETHANOL
2421.0;4375.0;7727.0;13391.0;2143.0;2997.0;2017.0;3723.0;6742.0;11969.0;1976.0;2917.0;-8.0;-4.0;2.0;6.0;ETHANOL
2403.0;4336.0;7685.0;13289.0;2122.0;2978.0;2022.0;3746.0;6777.0;11991.0;1987.0;2970.0;-8.0;-4.0;1.0;8.0;ETHANOL
2476.0;4478.0;7936.0;13655.0;2171.0;3023.0;2033.0;3743.0;6838.0;12049.0;1989.0;2966.0;-6.0;-4.0;0.0;6.0;ETHANOL
2449.0;4403.0;7828.0;13481.0;2171.0;3041.0;2070.0;3819.0;6914.0;12158.0;1999.0;2969.0;-6.0;-7.0;1.0;6.0;ETHANOL
2463.0;4448.0;7944.0;13808.0;2236.0;3160.0;2264.0;4189.0;7610.0;13444.0;2237.0;3339.0;-6.0;-4.0;2.0;3.0;ETHANOL
2939.0;5252.0;9268.0;15728.0;2456.0;3337.0;2289.0;4196.0;7608.0;13311.0;2186.0;3264.0;-6.0;-7.0;1.0;3.0;ETHANOL
2780.0;5047.0;9029.0;15658.0;2508.0;3494.0;2517.0;4631.0;8327.0;14530.0;2348.0;3428.0;-6.0;-5.0;2.0;2.0;ETHANOL
2857.0;5077.0;8961.0;15246.0;2408.0;3309.0;2275.0;4170.0;7571.0;13220.0;2159.0;3184.0;-8.0;-5.0;2.0;0.0;ETHANOL
2663.0;4783.0;8385.0;14686.0;2353.0;3314.0;2326.0;4314.0;7875.0;13754.0;2245.0;3306.0;-8.0;-2.0;2.0;1.0;ETHANOL
2832.0;5034.0;8828.0;14944.0;2363.0;3245.0;2199.0;4055.0;7334.0;12853.0;2111.0;3115.0;-7.0;-5.0;2.0;0.0;ETHANOL
2577.0;4629.0;8152.0;14042.0;2240.0;3114.0;2136.0;3922.0;7100.0;12442.0;2041.0;3029.0;2.0;-2.0;2.0;0.0;ETHANOL
2484.0;4470.0;7905.0;13682.0;2182.0;3058.0;2072.0;3830.0;6942.0;12217.0;2011.0;2980.0;3.0;-2.0;2.0;-2.0;ETHANOL
2447.0;4408.0;7827.0;13443.0;2155.0;3019.0;2023.0;3726.0;6802.0;11966.0;1976.0;2957.0;2.0;0.0;2.0;1.0;ETHANOL
2463.0;4425.0;7858.0;13520.0;2155.0;3022.0;2054.0;3798.0;6906.0;12146.0;1992.0;2978.0;2.0;-4.0;2.0;3.0;ETHANOL
2434.0;4394.0;7782.0;13359.0;2134.0;2965.0;2003.0;3703.0;6735.0;11778.0;1946.0;2908.0;-11.0;-1.0;-1.0;5.0;ETHANOL
2387.0;4304.0;7666.0;13256.0;2124.0;2981.0;2021.0;3743.0;6770.0;11974.0;1978.0;2952.0;-11.0;-4.0;-3.0;3.0;ETHANOL
2462.0;4414.0;7809.0;13409.0;2142.0;3009.0;2092.0;3881.0;7083.0;12540.0;2085.0;3118.0;-11.0;-4.0;-3.0;3.0;ETHANOL
2660.0;4813.0;8541.0;14740.0;2352.0;3216.0;2225.0;4088.0;7402.0;12939.0;2116.0;3133.0;-10.0;-4.0;-3.0;6.0;ETHANOL
2593.0;4695.0;8331.0;14347.0;2299.0;3184.0;2188.0;4037.0;7324.0;12967.0;2150.0;3204.0;-9.0;-4.0;-3.0;4.0;ETHANOL
2826.0;5101.0;9089.0;15627.0;2461.0;3374.0;2354.0;4292.0;7818.0;13701.0;2219.0;3272.0;-4.0;-4.0;-3.0;4.0;ETHANOL
2729.0;4858.0;8579.0;14656.0;2331.0;3216.0;2220.0;4103.0;7401.0;12966.0;2122.0;3169.0;-3.0;0.0;0.0;5.0;ETHANOL
2673.0;4785.0;8497.0;14598.0;2326.0;3210.0;2215.0;4091.0;7409.0;13006.0;2140.0;3192.0;-4.0;0.0;-3.0;9.0;ETHANOL
2684.0;4794.0;8475.0;14485.0;2298.0;3176.0;2185.0;4017.0;7263.0;12727.0;2087.0;3074.0;-3.0;0.0;0.0;8.0;ETHANOL
2554.0;4582.0;8095.0;13903.0;2212.0;3064.0;2074.0;3847.0;6950.0;12240.0;2013.0;3033.0;-3.0;0.0;2.0;2.0;ETHANOL
2529.0;4562.0;8159.0;14108.0;2280.0;3239.0;2294.0;4236.0;7723.0;13553.0;2250.0;3360.0;-3.0;0.0;6.0;3.0;ETHANOL
2926.0;5248.0;9252.0;15805.0;2496.0;3405.0;2386.0;4385.0;7854.0;13915.0;2266.0;3323.0;-6.0;2.0;5.0;2.0;ETHANOL
2811.0;5029.0;8912.0;15196.0;2413.0;3326.0;2284.0;4215.0;7617.0;13347.0;2192.0;3238.0;-6.0;2.0;10.0;3.0;ETHANOL
2736.0;4926.0;8748.0;15125.0;2413.0;3369.0;2383.0;4353.0;7902.0;13819.0;2275.0;3336.0;-6.0;2.0;-1.0;1.0;ETHANOL
2830.0;5061.0;8942.0;15283.0;2415.0;3342.0;2275.0;4230.0;7652.0;13458.0;2210.0;3301.0;-4.0;-2.0;-1.0;5.0;ETHANOL
2810.0;5041.0;8834.0;14989.0;2374.0;3278.0;2238.0;4121.0;7449.0;13032.0;2136.0;3160.0;-4.0;-2.0;-1.0;1.0;ETHANOL
2618.0;4689.0;8312.0;14268.0;2264.0;3165.0;2187.0;4023.0;7275.0;12793.0;2098.0;3112.0;-1.0;-2.0;1.0;1.0;ETHANOL
2584.0;4622.0;8194.0;14011.0;2232.0;3109.0;2132.0;3939.0;7100.0;12502.0;2051.0;3052.0;-1.0;-2.0;1.0;1.0;ETHANOL
2524.0;4543.0;8076.0;13945.0;2225.0;3106.0;2146.0;3954.0;7185.0;12621.0;2072.0;3083.0;-1.0;-2.0;1.0;3.0;ETHANOL
2540.0;4567.0;8108.0;13917.0;2210.0;3069.0;2087.0;3851.0;6974.0;12168.0;2022.0;3003.0;-2.0;-2.0;-3.0;3.0;ETHANOL
2489.0;4467.0;7908.0;13649.0;2189.0;3050.0;2073.0;3826.0;6947.0;12244.0;2027.0;2997.0;-9.0;-3.0;-6.0;3.0;ETHANOL
2488.0;4471.0;7943.0;13649.0;2185.0;3055.0;2099.0;3889.0;7062.0;12397.0;2050.0;3057.0;-9.0;-5.0;-6.0;12.0;ETHANOL
2602.0;4696.0;8298.0;14252.0;2272.0;3170.0;2177.0;4012.0;7272.0;12836.0;2112.0;3146.0;-9.0;-5.0;-3.0;6.0;ETHANOL
2640.0;4764.0;8451.0;14504.0;2318.0;3207.0;2207.0;4069.0;7426.0;13007.0;2138.0;3189.0;-3.0;-3.0;-3.0;6.0;ETHANOL
2718.0;4914.0;8765.0;15171.0;2410.0;3329.0;2334.0;4295.0;7745.0;13608.0;2238.0;3297.0;-6.0;-1.0;-1.0;5.0;ETHANOL
2875.0;5115.0;8975.0;15274.0;2409.0;3280.0;2238.0;4186.0;7529.0;13175.0;2166.0;3189.0;-3.0;-1.0;3.0;3.0;ETHANOL
2695.0;4848.0;8605.0;14660.0;2354.0;3281.0;2306.0;4252.0;7693.0;13545.0;2223.0;3254.0;-6.0;-1.0;-1.0;4.0;ETHANOL
2772.0;4969.0;8753.0;14968.0;2368.0;3265.0;2237.0;4123.0;7461.0;13099.0;2140.0;3155.0;-6.0;-4.0;3.0;3.0;ETHANOL
2651.0;4776.0;8450.0;14467.0;2298.0;3168.0;2195.0;4031.0;7292.0;12775.0;2076.0;3133.0;-14.0;-4.0;-1.0;0.0;ETHANOL
2662.0;4774.0;8449.0;14494.0;2302.0;3214.0;2248.0;4156.0;7556.0;13315.0;2191.0;3240.0;-14.0;-4.0;5.0;0.0;ETHANOL
2812.0;5057.0;8992.0;15496.0;2487.0;3449.0;2432.0;4451.0;8075.0;14158.0;2303.0;3390.0;-14.0;-4.0;-4.0;0.0;ETHANOL
2846.0;5075.0;8919.0;15198.0;2389.0;3299.0;2267.0;4174.0;7587.0;13280.0;2167.0;3182.0;-14.0;-4.0;10.0;7.0;ETHANOL
2667.0;4784.0;8435.0;14391.0;2292.0;3129.0;2168.0;3993.0;7259.0;12712.0;2082.0;3109.0;-6.0;-2.0;9.0;1.0;ETHANOL
2620.0;4686.0;8339.0;14408.0;2292.0;3213.0;2261.0;4156.0;7513.0;13228.0;2175.0;3233.0;-6.0;-2.0;9.0;9.0;ETHANOL
2804.0;5057.0;8998.0;15382.0;2438.0;3365.0;2344.0;4301.0;7809.0;13706.0;2236.0;3306.0;-6.0;-3.0;2.0;1.0;ETHANOL
2819.0;5042.0;8847.0;15072.0;2398.0;3309.0;2308.0;4241.0;7719.0;13513.0;2201.0;3225.0;-6.0;0.0;6.0;8.0;ETHANOL
2712.0;4863.0;8573.0;14699.0;2342.0;3235.0;2252.0;4162.0;7511.0;13173.0;2154.0;3176.0;-6.0;1.0;2.0;1.0;ETHANOL
2684.0;4811.0;8550.0;14811.0;2363.0;3272.0;2316.0;4274.0;7693.0;13456.0;2188.0;3229.0;-6.0;1.0;1.0;5.0;ETHANOL
2735.0;4863.0;8563.0;14660.0;2329.0;3223.0;2254.0;4148.0;7508.0;13143.0;2157.0;3202.0;-6.0;1.0;1.0;-1.0;ETHANOL
2680.0;4800.0;8478.0;14463.0;2309.0;3208.0;2252.0;4146.0;7537.0;13197.0;2173.0;3240.0;-6.0;1.0;1.0;-1.0;ETHANOL
2751.0;4933.0;8712.0;14953.0;2363.0;3249.0;2261.0;4143.0;7509.0;13119.0;2153.0;3174.0;-4.0;0.0;1.0;-1.0;ETHANOL
2667.0;4762.0;8382.0;14432.0;2282.0;3152.0;2174.0;4005.0;7240.0;12662.0;2077.0;3096.0;-6.0;-3.0;-4.0;6.0;ETHANOL
2618.0;4722.0;8390.0;14383.0;2301.0;3213.0;2206.0;4062.0;7347.0;12908.0;2128.0;3162.0;-6.0;-3.0;-6.0;6.0;ETHANOL
2687.0;4812.0;8533.0;14645.0;2330.0;3245.0;2295.0;4231.0;7664.0;13478.0;2222.0;3282.0;-9.0;-4.0;-6.0;12.0;ETHANOL
2853.0;5111.0;8966.0;15320.0;2417.0;3318.0;2333.0;4283.0;7743.0;13517.0;2212.0;3225.0;-6.0;-5.0;-6.0;10.0;ETHANOL
2716.0;4889.0;8628.0;14736.0;2347.0;3275.0;2268.0;4182.0;7539.0;13297.0;2187.0;3255.0;-8.0;-5.0;-6.0;2.0;ETHANOL
2812.0;5050.0;8908.0;15185.0;2393.0;3306.0;2310.0;4248.0;7658.0;13383.0;2198.0;3272.0;-8.0;-5.0;-6.0;-1.0;ETHANOL
2794.0;5009.0;8888.0;15478.0;2492.0;3486.0;2541.0;4652.0;8424.0;14702.0;2404.0;3506.0;-8.0;-5.0;-4.0;-1.0;ETHANOL
3070.0;5446.0;9585.0;16261.0;2581.0;3577.0;2531.0;4652.0;8363.0;14527.0;2350.0;3467.0;-8.0;-2.0;-1.0;-1.0;ETHANOL
2950.0;5254.0;9239.0;15814.0;2500.0;3493.0;2504.0;4581.0;8300.0;14492.0;2382.0;3511.0;-9.0;-1.0;-1.0;1.0;ETHANOL
3082.0;5500.0;9669.0;16389.0;2559.0;3499.0;2445.0;4443.0;8014.0;14032.0;2283.0;3353.0;-14.0;-1.0;-3.0;1.0;ETHANOL
2844.0;5063.0;8923.0;15253.0;2414.0;3346.0;2320.0;4253.0;7680.0;13439.0;2185.0;3240.0;-14.0;-1.0;-4.0;3.0;ETHANOL
2722.0;4876.0;8614.0;14792.0;2361.0;3303.0;2322.0;4249.0;7653.0;13389.0;2190.0;3237.0;-14.0;-2.0;-3.0;4.0;ETHANOL
2768.0;4961.0;8758.0;14989.0;2372.0;3290.0;2288.0;4194.0;7585.0;13268.0;2172.0;3213.0;-14.0;-2.0;-3.0;4.0;ETHANOL
2720.0;4845.0;8573.0;14627.0;2317.0;3228.0;2225.0;4093.0;7423.0;12941.0;2117.0;3132.0;-9.0;-3.0;6.0;4.0;ETHANOL
2635.0;4733.0;8394.0;14413.0;2289.0;3220.0;2207.0;4062.0;7368.0;12822.0;2123.0;3137.0;-9.0;-3.0;6.0;7.0;ETHANOL
2661.0;4770.0;8412.0;14368.0;2287.0;3188.0;2223.0;4103.0;7366.0;12899.0;2111.0;3113.0;-9.0;-3.0;-4.0;3.0;ETHANOL
2609.0;4671.0;8296.0;14196.0;2261.0;3150.0;2181.0;4015.0;7216.0;12640.0;2087.0;3094.0;-9.0;-2.0;-4.0;3.0;ETHANOL
2597.0;4676.0;8287.0;14315.0;2289.0;3224.0;2279.0;4202.0;7613.0;13378.0;2203.0;3283.0;-10.0;-2.0;-5.0;3.0;ETHANOL
2860.0;5131.0;9065.0;15487.0;2447.0;3355.0;2349.0;4304.0;7776.0;13608.0;2221.0;3273.0;-10.0;-2.0;-4.0;3.0;ETHANOL
2776.0;4952.0;8786.0;15095.0;2397.0;3335.0;2329.0;4270.0;7662.0;13512.0;2207.0;3266.0;-7.0;0.0;-2.0;2.0;ETHANOL
2767.0;4934.0;8660.0;14783.0;2353.0;3250.0;2272.0;4195.0;7649.0;13490.0;2233.0;3338.0;-7.0;0.0;-2.0;-1.0;ETHANOL
2906.0;5240.0;9313.0;16053.0;2582.0;3584.0;2595.0;4763.0;8597.0;14985.0;2441.0;3589.0;-11.0;0.0;-2.0;-1.0;ETHANOL
3090.0;5456.0;9583.0;16238.0;2541.0;3469.0;2429.0;4451.0;8037.0;13965.0;2281.0;3326.0;-7.0;0.0;0.0;2.0;ETHANOL
2817.0;5028.0;8869.0;15117.0;2402.0;3313.0;2320.0;4245.0;7653.0;13377.0;2187.0;3233.0;-7.0;0.0;0.0;7.0;ETHANOL
2743.0;4906.0;8689.0;14933.0;2406.0;3412.0;2522.0;4657.0;8474.0;14928.0;2460.0;3615.0;-11.0;0.0;0.0;7.0;ETHANOL
3191.0;5653.0;9901.0;16789.0;2652.0;3593.0;2549.0;4662.0;8392.0;14502.0;2373.0;3500.0;-10.0;-2.0;0.0;7.0;ETHANOL
3000.0;5322.0;9303.0;15838.0;2519.0;3414.0;2401.0;4409.0;7959.0;13931.0;2272.0;3375.0;-7.0;-2.0;-1.0;8.0;ETHANOL
2905.0;5193.0;9125.0;15563.0;2464.0;3373.0;2360.0;4349.0;7881.0;13758.0;2250.0;3318.0;-7.0;1.0;-1.0;4.0;ETHANOL
2829.0;5058.0;8893.0;15175.0;2414.0;3348.0;2364.0;4351.0;7823.0;13649.0;2240.0;3308.0;-7.0;-5.0;-2.0;8.0;ETHANOL
2828.0;5060.0;8926.0;15252.0;2423.0;3328.0;2354.0;4320.0;7787.0;13586.0;2223.0;3292.0;-7.0;-5.0;-4.0;7.0;ETHANOL
2780.0;4975.0;8788.0;14984.0;2381.0;3296.0;2313.0;4268.0;7751.0;13634.0;2267.0;3348.0;-7.0;-3.0;-1.0;7.0;ETHANOL
2938.0;5241.0;9251.0;15828.0;2495.0;3426.0;2421.0;4425.0;7929.0;13849.0;2258.0;3326.0;-7.0;-3.0;-4.0;3.0;ETHANOL
2841.0;5063.0;8913.0;15250.0;2410.0;3313.0;2310.0;4245.0;7653.0;13419.0;2189.0;3228.0;-7.0;-3.0;-4.0;7.0;ETHANOL
2718.0;4860.0;8615.0;14752.0;2350.0;3249.0;2289.0;4198.0;7592.0;13346.0;2187.0;3268.0;-9.0;-3.0;-4.0;3.0;ETHANOL
2890.0;5185.0;9198.0;15724.0;2490.0;3440.0;2445.0;4460.0;8000.0;13882.0;2279.0;3368.0;-9.0;-3.0;-4.0;2.0;ETHANOL
2847.0;5083.0;8953.0;15318.0;2428.0;3351.0;2323.0;4263.0;7688.0;13415.0;2199.0;3242.0;-12.0;-2.0;-4.0;2.0;ETHANOL
2776.0;4986.0;8801.0;15283.0;2456.0;3467.0;2507.0;4597.0;8340.0;14751.0;2440.0;3632.0;-12.0;-2.0;-1.0;10.0;ETHANOL
3231.0;5748.0;10123.0;17240.0;2729.0;3727.0;2697.0;4947.0;8873.0;15461.0;2503.0;3667.0;-12.0;-2.0;-3.0;11.0;ETHANOL
3220.0;5728.0;10035.0;16978.0;2644.0;3599.0;2542.0;4626.0;8304.0;14464.0;2351.0;3468.0;-12.0;0.0;-1.0;10.0;ETHANOL
2973.0;5314.0;9360.0;15993.0;2533.0;3498.0;2490.0;4557.0;8200.0;14279.0;2342.0;3445.0;-10.0;2.0;1.0;8.0;ETHANOL
2964.0;5292.0;9297.0;15840.0;2495.0;3418.0;2391.0;4383.0;7907.0;13824.0;2258.0;3319.0;-6.0;0.0;1.0;4.0;ETHANOL
2824.0;5036.0;8858.0;15102.0;2399.0;3320.0;2341.0;4287.0;7699.0;13418.0;2200.0;3237.0;-6.0;0.0;1.0;4.0;ETHANOL
2750.0;4933.0;8724.0;14966.0;2385.0;3341.0;2350.0;4323.0;7795.0;13707.0;2232.0;3321.0;-10.0;0.0;2.0;-1.0;ETHANOL
2895.0;5199.0;9249.0;15999.0;2564.0;3553.0;2569.0;4718.0;8467.0;14693.0;2388.0;3506.0;-11.0;-1.0;-3.0;-1.0;ETHANOL
3026.0;5385.0;9411.0;16007.0;2519.0;3472.0;2419.0;4423.0;7984.0;13975.0;2287.0;3344.0;-12.0;-1.0;-3.0;-1.0;ETHANOL
2868.0;5120.0;9041.0;15354.0;2442.0;3390.0;2383.0;4358.0;7858.0;13710.0;2238.0;3333.0;-14.0;-2.0;-3.0;4.0;ETHANOL
2894.0;5184.0;9157.0;15674.0;2481.0;3447.0;2435.0;4483.0;8058.0;14129.0;2311.0;3422.0;-12.0;-2.0;-3.0;4.0;ETHANOL
2955.0;5250.0;9207.0;15737.0;2489.0;3435.0;2467.0;4518.0;8188.0;14289.0;2347.0;3497.0;-11.0;-3.0;-3.0;3.0;ETHANOL
3066.0;5505.0;9751.0;16656.0;2636.0;3611.0;2600.0;4752.0;8542.0;14847.0;2427.0;3584.0;-7.0;-2.0;-3.0;3.0;ETHANOL
3126.0;5563.0;9748.0;16695.0;2625.0;3586.0;2542.0;4648.0;8375.0;14516.0;2355.0;3473.0;-7.0;-2.0;-3.0;-3.0;ETHANOL
2979.0;5315.0;9335.0;15924.0;2534.0;3515.0;2520.0;4628.0;8381.0;14646.0;2392.0;3533.0;-7.0;-3.0;-3.0;-3.0;ETHANOL
3108.0;5532.0;9702.0;16419.0;2591.0;3546.0;2549.0;4681.0;8376.0;14617.0;2375.0;3482.0;-8.0;-6.0;-5.0;-3.0;ETHANOL
3008.0;5339.0;9351.0;15894.0;2500.0;3457.0;2457.0;4492.0;8082.0;13987.0;2275.0;3357.0;-8.0;-3.0;-3.0;0.0;ETHANOL
2933.0;5258.0;9260.0;15789.0;2487.0;3422.0;2429.0;4454.0;7982.0;13921.0;2271.0;3347.0;-12.0;-3.0;-5.0;3.0;ETHANOL
2917.0;5254.0;9314.0;16040.0;2554.0;3567.0;2602.0;4739.0;8582.0;15006.0;2453.0;3624.0;-12.0;-5.0;-5.0;2.0;ETHANOL
3223.0;5709.0;9999.0;16921.0;2667.0;3611.0;2597.0;4778.0;8598.0;14945.0;2444.0;3618.0;-9.0;-5.0;-5.0;4.0;ETHANOL
3148.0;5612.0;9877.0;16705.0;2614.0;3566.0;2559.0;4690.0;8374.0;14581.0;2388.0;3517.0;-11.0;-3.0;-5.0;2.0;ETHANOL
3078.0;5472.0;9653.0;16339.0;2573.0;3533.0;2520.0;4592.0;8252.0;14329.0;2329.0;3433.0;-11.0;-5.0;-5.0;2.0;ETHANOL
2947.0;5263.0;9298.0;16015.0;2540.0;3500.0;2510.0;4564.0;8230.0;14356.0;2319.0;3431.0;-11.0;-7.0;0.0;1.0;ETHANOL
2954.0;5251.0;9181.0;15680.0;2472.0;3405.0;2407.0;4407.0;7958.0;13785.0;2251.0;3335.0;-9.0;-7.0;0.0;2.0;ETHANOL
2862.0;5119.0;9017.0;15373.0;2425.0;3362.0;2385.0;4387.0;7925.0;13828.0;2255.0;3333.0;-7.0;-8.0;-6.0;0.0;ETHANOL
2853.0;5092.0;8955.0;15255.0;2411.0;3359.0;2349.0;4300.0;7746.0;13535.0;2212.0;3280.0;-5.0;-8.0;0.0;0.0;ETHANOL
2783.0;4993.0;8803.0;15144.0;2408.0;3344.0;2368.0;4343.0;7835.0;13629.0;2235.0;3299.0;-3.0;-5.0;1.0;-2.0;ETHANOL
2856.0;5096.0;9026.0;15614.0;2517.0;3506.0;2583.0;4729.0;8543.0;14874.0;2421.0;3555.0;-2.0;-3.0;4.0;-2.0;ETHANOL
3064.0;5430.0;9536.0;16202.0;2538.0;3476.0;2457.0;4499.0;8077.0;14055.0;2290.0;3369.0;-2.0;-1.0;4.0;-2.0;ETHANOL
2866.0;5131.0;9034.0;15409.0;2438.0;3399.0;2379.0;4362.0;7902.0;13736.0;2246.0;3327.0;-2.0;-1.0;8.0;1.0;ETHANOL
2853.0;5091.0;8915.0;15242.0;2422.0;3353.0;2385.0;4378.0;7875.0;13767.0;2231.0;3324.0;-4.0;-1.0;8.0;3.0;ETHANOL
2817.0;5052.0;8935.0;15344.0;2430.0;3367.0;2379.0;4349.0;7840.0;13741.0;2253.0;3328.0;-4.0;-1.0;8.0;4.0;ETHANOL
2834.0;5082.0;8974.0;15350.0;2438.0;3389.0;2426.0;4416.0;8036.0;14023.0;2298.0;3425.0;-4.0;-1.0;8.0;4.0;ETHANOL
2981.0;5352.0;9506.0;16198.0;2566.0;3524.0;2508.0;4588.0;8264.0;14399.0;2349.0;3446.0;-10.0;-3.0;9.0;4.0;ETHANOL
2990.0;5341.0;9401.0;16070.0;2551.0;3535.0;2548.0;4662.0;8343.0;14555.0;2360.0;3477.0;-4.0;-7.0;8.0;5.0;ETHANOL
3043.0;5432.0;9585.0;16396.0;2609.0;3593.0;2590.0;4733.0;8557.0;14928.0;2444.0;3583.0;-10.0;-7.0;-4.0;2.0;ETHANOL
3210.0;5710.0;9999.0;16888.0;2641.0;3598.0;2589.0;4739.0;8528.0;14850.0;2410.0;3561.0;-12.0;-7.0;-5.0;4.0;ETHANOL
3114.0;5537.0;9672.0;16394.0;2586.0;3557.0;2574.0;4714.0;8476.0;14696.0;2418.0;3570.0;-12.0;-4.0;-5.0;1.0;ETHANOL
3145.0;5631.0;9970.0;17024.0;2695.0;3699.0;2710.0;4941.0;8818.0;15255.0;2470.0;3576.0;-11.0;-4.0;-4.0;2.0;ETHANOL
3110.0;5541.0;9736.0;16643.0;2618.0;3605.0;2597.0;4738.0;8505.0;14760.0;2407.0;3541.0;-11.0;0.0;-4.0;1.0;ETHANOL
3101.0;5497.0;9759.0;16620.0;2636.0;3622.0;2620.0;4773.0;8539.0;14815.0;2415.0;3547.0;-10.0;6.0;3.0;0.0;ETHANOL
3079.0;5479.0;9618.0;16420.0;2601.0;3558.0;2558.0;4659.0;8373.0;14556.0;2367.0;3493.0;-5.0;5.0;3.0;0.0;ETHANOL
3065.0;5504.0;9788.0;16904.0;2705.0;3740.0;2768.0;5050.0;9051.0;15714.0;2532.0;3665.0;-5.0;1.0;3.0;1.0;ETHANOL
3212.0;5688.0;9959.0;16875.0;2642.0;3602.0;2559.0;4689.0;8383.0;14595.0;2367.0;3471.0;-5.0;0.0;4.0;5.0;ETHANOL
2984.0;5326.0;9376.0;15974.0;2536.0;3498.0;2540.0;4636.0;8333.0;14542.0;2378.0;3518.0;-7.0;0.0;8.0;4.0;ETHANOL
3098.0;5502.0;9513.0;16365.0;2579.0;3517.0;2503.0;4587.0;8243.0;14362.0;2347.0;3484.0;-7.0;0.0;4.0;4.0;ETHANOL
3060.0;5477.0;9621.0;16387.0;2588.0;3546.0;2574.0;4702.0;8448.0;14714.0;2392.0;3510.0;-7.0;0.0;1.0;6.0;ETHANOL
3055.0;5434.0;9598.0;16311.0;2572.0;3550.0;2552.0;4666.0;8353.0;14597.0;2384.0;3499.0;-7.0;0.0;1.0;9.0;ETHANOL
3064.0;5448.0;9553.0;16206.0;2559.0;3546.0;2565.0;4707.0;8446.0;14634.0;2384.0;3507.0;-8.0;0.0;1.0;7.0;ETHANOL
3072.0;5473.0;9605.0;16410.0;2586.0;3555.0;2544.0;4641.0;8369.0;14665.0;2396.0;3557.0;-6.0;-2.0;1.0;4.0;ETHANOL
3127.0;5524.0;9665.0;16486.0;2599.0;3588.0;2549.0;4672.0;8402.0;14664.0;2382.0;3518.0;-6.0;0.0;1.0;4.0;ETHANOL
3042.0;5435.0;9613.0;16354.0;2590.0;3543.0;2600.0;4748.0;8512.0;14804.0;2422.0;3576.0;-10.0;-6.0;1.0;6.0;ETHANOL
3140.0;5573.0;9797.0;16731.0;2667.0;3713.0;2765.0;5090.0;9112.0;15927.0;2603.0;3823.0;-10.0;-6.0;1.0;4.0;ETHANOL
3415.0;6055.0;10604.0;17904.0;2811.0;3818.0;2840.0;5171.0;9246.0;16053.0;2610.0;3841.0;-8.0;-1.0;1.0;3.0;ETHANOL
3394.0;6028.0;10553.0;17860.0;2808.0;3824.0;2815.0;5115.0;9166.0;15967.0;2597.0;3797.0;-10.0;-1.0;-4.0;2.0;ETHANOL
3365.0;5949.0;10405.0;17564.0;2745.0;3724.0;2674.0;4865.0;8733.0;15123.0;2449.0;3608.0;-8.0;-3.0;1.0;1.0;ETHANOL
3141.0;5583.0;9765.0;16491.0;2595.0;3569.0;2580.0;4688.0;8408.0;14548.0;2369.0;3485.0;-8.0;-3.0;-3.0;2.0;ETHANOL
3052.0;5444.0;9619.0;16440.0;2620.0;3619.0;2665.0;4838.0;8700.0;15135.0;2466.0;3629.0;-10.0;-4.0;-4.0;3.0;ETHANOL
3210.0;5710.0;10046.0;17099.0;2701.0;3672.0;2691.0;4907.0;8760.0;15231.0;2471.0;3610.0;-12.0;-4.0;-4.0;1.0;ETHANOL
3129.0;5548.0;9757.0;16558.0;2617.0;3589.0;2600.0;4731.0;8505.0;14640.0;2391.0;3523.0;-12.0;-4.0;-3.0;4.0;ETHANOL
3098.0;5506.0;9607.0;16377.0;2578.0;3548.0;2571.0;4699.0;8446.0;14680.0;2378.0;3513.0;-14.0;-4.0;-4.0;5.0;ETHANOL
3067.0;5464.0;9592.0;16387.0;2610.0;3604.0;2650.0;4855.0;8753.0;15242.0;2472.0;3638.0;-12.0;-2.0;-4.0;4.0;ETHANOL
3165.0;5620.0;9815.0;16574.0;2596.0;3602.0;2609.0;4744.0;8566.0;14879.0;2419.0;3545.0;-12.0;-2.0;-4.0;5.0;ETHANOL
3084.0;5454.0;9536.0;16203.0;2545.0;3520.0;2519.0;4598.0;8248.0;14377.0;2334.0;3430.0;-4.0;-1.0;1.0;5.0;ETHANOL
2962.0;5307.0;9299.0;15884.0;2522.0;3479.0;2497.0;4592.0;8258.0;14446.0;2349.0;3491.0;-13.0;-1.0;-4.0;4.0;ETHANOL
3147.0;5635.0;9897.0;16750.0;2631.0;3592.0;2574.0;4688.0;8412.0;14621.0;2380.0;3475.0;-4.0;-1.0;5.0;3.0;ETHANOL
3001.0;5333.0;9359.0;15929.0;2519.0;3453.0;2475.0;4518.0;8105.0;14298.0;2340.0;3497.0;-6.0;-3.0;1.0;3.0;ETHANOL
3079.0;5462.0;9603.0;16362.0;2593.0;3584.0;2615.0;4769.0;8544.0;14899.0;2412.0;3530.0;-6.0;0.0;4.0;3.0;ETHANOL
3136.0;5624.0;9980.0;17216.0;2759.0;3836.0;2873.0;5240.0;9372.0;16256.0;2619.0;3820.0;-8.0;-1.0;1.0;3.0;ETHANOL
3385.0;5987.0;10394.0;17526.0;2738.0;3729.0;2713.0;4939.0;8794.0;15199.0;2469.0;3622.0;-8.0;-1.0;1.0;3.0;ETHANOL
3144.0;5596.0;9795.0;16527.0;2605.0;3586.0;2589.0;4694.0;8409.0;14667.0;2374.0;3495.0;-8.0;-1.0;-1.0;4.0;ETHANOL
3028.0;5383.0;9455.0;16077.0;2545.0;3511.0;2561.0;4666.0;8375.0;14634.0;2383.0;3504.0;-8.0;1.0;-1.0;4.0;ETHANOL
3088.0;5510.0;9722.0;16684.0;2669.0;3741.0;2805.0;5130.0;9186.0;16020.0;2594.0;3750.0;-11.0;-1.0;-4.0;4.0;ETHANOL
3369.0;5993.0;10532.0;17824.0;2804.0;3808.0;2792.0;5025.0;9075.0;15729.0;2553.0;3733.0;-8.0;-2.0;-1.0;4.0;ETHANOL
3260.0;5771.0;10102.0;17062.0;2681.0;3658.0;2615.0;4769.0;8540.0;14763.0;2393.0;3542.0;-8.0;-3.0;-7.0;8.0;ETHANOL
3056.0;5438.0;9550.0;16214.0;2547.0;3511.0;2502.0;4597.0;8232.0;14316.0;2327.0;3429.0;-12.0;-3.0;3.0;4.0;ETHANOL
2979.0;5318.0;9342.0;15949.0;2517.0;3477.0;2473.0;4550.0;8160.0;14241.0;2317.0;3396.0;-12.0;-5.0;-5.0;4.0;ETHANOL
2969.0;5279.0;9279.0;15813.0;2471.0;3448.0;2477.0;4530.0;8173.0;14238.0;2325.0;3441.0;-10.0;-3.0;-2.0;6.0;ETHANOL
3048.0;5467.0;9682.0;16525.0;2639.0;3670.0;2714.0;4972.0;8932.0;15472.0;2507.0;3685.0;-10.0;-4.0;-5.0;4.0;ETHANOL
3271.0;5821.0;10208.0;17340.0;2762.0;3793.0;2775.0;5019.0;9020.0;15639.0;2525.0;3687.0;-10.0;-2.0;-2.0;4.0;ETHANOL
3235.0;5743.0;10088.0;17159.0;2725.0;3755.0;2776.0;5050.0;9043.0;15671.0;2522.0;3679.0;-9.0;-3.0;-2.0;8.0;ETHANOL
3251.0;5765.0;10076.0;17078.0;2697.0;3678.0;2676.0;4860.0;8696.0;15040.0;2433.0;3602.0;-5.0;-2.0;0.0;4.0;ETHANOL
3126.0;5549.0;9728.0;16495.0;2608.0;3572.0;2584.0;4706.0;8412.0;14646.0;2388.0;3489.0;-3.0;-2.0;8.0;6.0;ETHANOL
3107.0;5507.0;9657.0;16396.0;2582.0;3550.0;2553.0;4673.0;8355.0;14514.0;2366.0;3480.0;-2.0;-2.0;7.0;3.0;ETHANOL
3056.0;5425.0;9529.0;16153.0;2550.0;3515.0;2563.0;4677.0;8392.0;14536.0;2353.0;3463.0;-2.0;-2.0;10.0;3.0;ETHANOL
3000.0;5336.0;9379.0;15967.0;2520.0;3501.0;2517.0;4577.0;8274.0;14238.0;2338.0;3438.0;-2.0;-2.0;-1.0;3.0;ETHANOL
2988.0;5353.0;9403.0;16154.0;2574.0;3578.0;2603.0;4734.0;8502.0;14810.0;2406.0;3535.0;-2.0;-3.0;-7.0;1.0;ETHANOL
3083.0;5501.0;9647.0;16365.0;2586.0;3555.0;2586.0;4708.0;8423.0;14665.0;2372.0;3490.0;-2.0;-7.0;-7.0;1.0;ETHANOL
3041.0;5416.0;9548.0;16261.0;2576.0;3550.0;2604.0;4747.0;8500.0;14808.0;2399.0;3529.0;-4.0;-7.0;-1.0;0.0;ETHANOL
3065.0;5462.0;9544.0;16211.0;2554.0;3533.0;2548.0;4661.0;8327.0;14497.0;2355.0;3444.0;-5.0;-3.0;-7.0;0.0;ETHANOL
3019.0;5378.0;9416.0;15979.0;2536.0;3507.0;2530.0;4625.0;8302.0;14480.0;2358.0;3461.0;-11.0;-2.0;-5.0;-4.0;ETHANOL
3046.0;5420.0;9535.0;16297.0;2570.0;3551.0;2590.0;4699.0;8423.0;14608.0;2381.0;3495.0;-11.0;-2.0;-1.0;0.0;ETHANOL
3042.0;5416.0;9510.0;16221.0;2553.0;3491.0;2504.0;4574.0;8202.0;14262.0;2322.0;3430.0;-11.0;0.0;-3.0;0.0;ETHANOL
3005.0;5366.0;9449.0;16132.0;2562.0;3528.0;2577.0;4666.0;8477.0;14689.0;2401.0;3522.0;-10.0;0.0;-3.0;0.0;ETHANOL
3106.0;5518.0;9706.0;16473.0;2607.0;3587.0;2582.0;4719.0;8465.0;14723.0;2393.0;3540.0;-10.0;-6.0;-3.0;0.0;ETHANOL
3070.0;5486.0;9634.0;16453.0;2586.0;3560.0;2577.0;4686.0;8419.0;14716.0;2393.0;3498.0;-5.0;-6.0;9.0;2.0;ETHANOL
3062.0;5437.0;9529.0;16182.0;2563.0;3520.0;2546.0;4639.0;8340.0;14470.0;2358.0;3453.0;-7.0;-4.0;-3.0;2.0;ETHANOL
3015.0;5380.0;9427.0;16000.0;2544.0;3523.0;2563.0;4669.0;8389.0;14611.0;2382.0;3481.0;-7.0;-4.0;6.0;1.0;ETHANOL
3040.0;5411.0;9438.0;16122.0;2544.0;3497.0;2494.0;4549.0;8190.0;14251.0;2327.0;3447.0;-7.0;2.0;-9.0;1.0;ETHANOL
2998.0;5339.0;9374.0;15952.0;2511.0;3465.0;2475.0;4529.0;8124.0;14113.0;2310.0;3410.0;-7.0;2.0;-9.0;1.0;ETHANOL
2966.0;5279.0;9282.0;15803.0;2497.0;3469.0;2482.0;4544.0;8111.0;14166.0;2305.0;3409.0;-7.0;2.0;-9.0;1.0;ETHANOL
2985.0;5332.0;9394.0;16054.0;2549.0;3520.0;2549.0;4652.0;8354.0;14484.0;2355.0;3465.0;-11.0;4.0;-6.0;2.0;ETHANOL
3033.0;5393.0;9465.0;16088.0;2533.0;3506.0;2524.0;4612.0;8260.0;14328.0;2348.0;3462.0;-11.0;-1.0;-6.0;6.0;ETHANOL
3022.0;5371.0;9427.0;16016.0;2527.0;3474.0;2521.0;4617.0;8266.0;14412.0;2337.0;3438.0;-11.0;-2.0;-2.0;2.0;ETHANOL
2991.0;5345.0;9404.0;16048.0;2568.0;3589.0;2663.0;4854.0;8719.0;15198.0;2476.0;3637.0;-9.0;-2.0;-2.0;5.0;ETHANOL
3219.0;5717.0;10025.0;17096.0;2710.0;3745.0;2827.0;5099.0;9294.0;16131.0;2632.0;3894.0;-9.0;-1.0;-2.0;5.0;ETHANOL
3518.0;6198.0;10854.0;18211.0;2833.0;3839.0;2811.0;5117.0;9152.0;15795.0;2555.0;3709.0;-9.0;-5.0;-2.0;5.0;ETHANOL
3274.0;5815.0;10189.0;17199.0;2703.0;3691.0;2706.0;4916.0;8797.0;15215.0;2468.0;3592.0;-9.0;-2.0;-2.0;5.0;ETHANOL
3146.0;5573.0;9748.0;16579.0;2610.0;3611.0;2676.0;4897.0;8884.0;15546.0;2547.0;3749.0;-7.0;-2.0;-4.0;4.0;ETHANOL
3322.0;5878.0;10287.0;17466.0;2764.0;3810.0;2860.0;5198.0;9274.0;16048.0;2622.0;3818.0;-7.0;-2.0;2.0;4.0;ETHANOL
3429.0;6104.0;10719.0;18139.0;2859.0;3901.0;2908.0;5263.0;9407.0;16256.0;2625.0;3811.0;-9.0;-2.0;-4.0;-2.0;ETHANOL
3360.0;5959.0;10414.0;17685.0;2775.0;3812.0;2814.0;5057.0;9100.0;15745.0;2544.0;3720.0;-7.0;-2.0;-4.0;2.0;ETHANOL
3276.0;5813.0;10140.0;17202.0;2706.0;3722.0;2742.0;4980.0;8902.0;15418.0;2504.0;3653.0;-4.0;-2.0;-4.0;2.0;ETHANOL
3244.0;5762.0;10068.0;17046.0;2677.0;3683.0;2707.0;4938.0;8822.0;15349.0;2480.0;3619.0;-4.0;-1.0;-2.0;5.0;ETHANOL
3202.0;5685.0;9951.0;16840.0;2653.0;3636.0;2646.0;4813.0;8584.0;14914.0;2424.0;3579.0;-6.0;-1.0;-2.0;7.0;ETHANOL
3151.0;5574.0;9819.0;16618.0;2626.0;3601.0;2665.0;4838.0;8653.0;15032.0;2448.0;3584.0;-6.0;-3.0;1.0;5.0;ETHANOL
3189.0;5714.0;10180.0;17504.0;2820.0;3945.0;3055.0;5530.0;9876.0;17010.0;2751.0;4009.0;-7.0;-3.0;6.0;11.0;ETHANOL
3656.0;6491.0;11334.0;19086.0;3014.0;4088.0;3099.0;5617.0;10038.0;17289.0;2792.0;4029.0;-7.0;-1.0;5.0;3.0;ETHANOL
3652.0;6409.0;11105.0;18625.0;2889.0;3906.0;2858.0;5178.0;9215.0;15874.0;2556.0;3751.0;-6.0;-1.0;5.0;-2.0;ETHANOL
3294.0;5819.0;10178.0;17309.0;2727.0;3771.0;2810.0;5095.0;9146.0;15817.0;2558.0;3735.0;-7.0;2.0;-2.0;-2.0;ETHANOL
3297.0;5860.0;10225.0;17276.0;2725.0;3734.0;2728.0;4966.0;8914.0;15582.0;2534.0;3730.0;-6.0;1.0;-2.0;-3.0;ETHANOL
3362.0;6030.0;10618.0;18030.0;2838.0;3869.0;2855.0;5175.0;9197.0;15949.0;2590.0;3761.0;-6.0;-1.0;3.0;-3.0;ETHANOL
3317.0;5844.0;10221.0;17294.0;2714.0;3735.0;2745.0;5011.0;8963.0;15556.0;2532.0;3748.0;-7.0;-1.0;-3.0;2.0;ETHANOL
3371.0;5965.0;10405.0;17500.0;2739.0;3742.0;2724.0;4958.0;8834.0;15406.0;2489.0;3647.0;-7.0;-1.0;3.0;2.0;ETHANOL
3224.0;5735.0;10033.0;16975.0;2659.0;3645.0;2654.0;4854.0;8712.0;15155.0;2455.0;3616.0;-7.0;-1.0;2.0;0.0;ETHANOL
3209.0;5695.0;10005.0;16933.0;2676.0;3669.0;2696.0;4893.0;8728.0;15227.0;2466.0;3623.0;-7.0;-1.0;2.0;0.0;ETHANOL
3212.0;5728.0;10005.0;16933.0;2672.0;3675.0;2715.0;4934.0;8809.0;15267.0;2479.0;3653.0;-6.0;0.0;2.0;0.0;ETHANOL
3250.0;5795.0;10230.0;17587.0;2817.0;3902.0;3027.0;5485.0;9861.0;17114.0;2782.0;4074.0;-6.0;0.0;3.0;0.0;ETHANOL
3761.0;6615.0;11431.0;19029.0;2949.0;3971.0;2935.0;5293.0;9428.0;16214.0;2619.0;3798.0;-6.0;0.0;2.0;0.0;ETHANOL
3374.0;5945.0;10430.0;17700.0;2784.0;3815.0;2872.0;5171.0;9229.0;15930.0;2574.0;3790.0;-6.0;0.0;2.0;0.0;ETHANOL
3404.0;6001.0;10525.0;17841.0;2821.0;3888.0;2923.0;5290.0;9432.0;16302.0;2626.0;3851.0;-4.0;0.0;2.0;11.0;ETHANOL
3411.0;6076.0;10634.0;18133.0;2877.0;3980.0;3061.0;5544.0;9877.0;16985.0;2740.0;3986.0;-4.0;0.0;2.0;4.0;ETHANOL
3576.0;6320.0;10998.0;18460.0;2881.0;3898.0;2890.0;5217.0;9289.0;16022.0;2583.0;3753.0;-10.0;-1.0;3.0;4.0;ETHANOL
3359.0;5925.0;10344.0;17547.0;2755.0;3806.0;2837.0;5133.0;9149.0;15866.0;2568.0;3761.0;-10.0;-1.0;2.0;-2.0;ETHANOL
3353.0;5934.0;10310.0;17391.0;2728.0;3733.0;2762.0;5003.0;8896.0;15353.0;2485.0;3648.0;-10.0;-1.0;2.0;0.0;ETHANOL
3228.0;5728.0;10010.0;17003.0;2698.0;3725.0;2778.0;5022.0;8961.0;15440.0;2508.0;3661.0;-10.0;-1.0;6.0;-2.0;ETHANOL
3210.0;5686.0;9976.0;16877.0;2654.0;3667.0;2709.0;4910.0;8778.0;15164.0;2456.0;3602.0;-10.0;-1.0;2.0;-2.0;ETHANOL
3206.0;5712.0;10011.0;17129.0;2719.0;3788.0;2884.0;5247.0;9379.0;16343.0;2623.0;3878.0;-10.0;-2.0;-1.0;-2.0;ETHANOL
3512.0;6240.0;10883.0;18315.0;2849.0;3857.0;2827.0;5119.0;9146.0;15836.0;2562.0;3731.0;-10.0;-2.0;-1.0;0.0;ETHANOL
3316.0;5872.0;10237.0;17335.0;2720.0;3717.0;2738.0;4930.0;8822.0;15316.0;2475.0;3631.0;-10.0;-1.0;-1.0;-1.0;ETHANOL
3217.0;5723.0;10014.0;16982.0;2671.0;3683.0;2679.0;4879.0;8734.0;15118.0;2456.0;3609.0;-10.0;-1.0;-1.0;0.0;ETHANOL
3208.0;5689.0;9971.0;16824.0;2647.0;3631.0;2661.0;4849.0;8695.0;15012.0;2442.0;3580.0;-13.0;-2.0;-1.0;-1.0;ETHANOL
3192.0;5665.0;9917.0;16849.0;2642.0;3629.0;2655.0;4845.0;8681.0;14987.0;2431.0;3574.0;-7.0;-1.0;1.0;0.0;ETHANOL
3187.0;5653.0;9865.0;16647.0;2634.0;3615.0;2652.0;4801.0;8601.0;14947.0;2422.0;3549.0;-7.0;-1.0;1.0;2.0;ETHANOL
3128.0;5592.0;9768.0;16575.0;2608.0;3592.0;2637.0;4760.0;8567.0;14960.0;2419.0;3558.0;-6.0;-2.0;1.0;6.0;ETHANOL
3155.0;5630.0;9903.0;16730.0;2652.0;3636.0;2617.0;4790.0;8615.0;14929.0;2433.0;3554.0;-8.0;-2.0;1.0;6.0;ETHANOL
3123.0;5575.0;9773.0;16605.0;2622.0;3610.0;2675.0;4857.0;8685.0;15086.0;2442.0;3606.0;-8.0;-3.0;-5.0;-1.0;ETHANOL
3181.0;5664.0;9978.0;17025.0;2713.0;3775.0;2834.0;5164.0;9276.0;16085.0;2597.0;3793.0;-12.0;-5.0;-5.0;-1.0;ETHANOL
3403.0;6041.0;10582.0;17882.0;2795.0;3797.0;2826.0;5108.0;9121.0;15681.0;2523.0;3688.0;-12.0;-5.0;-3.0;-1.0;ETHANOL
3264.0;5788.0;10105.0;17151.0;2693.0;3695.0;2721.0;4956.0;8855.0;15379.0;2473.0;3644.0;-13.0;-3.0;-3.0;-1.0;ETHANOL
3217.0;5719.0;10033.0;16976.0;2663.0;3664.0;2658.0;4859.0;8671.0;15068.0;2455.0;3606.0;-12.0;-3.0;0.0;-1.0;ETHANOL
3204.0;5681.0;10032.0;17087.0;2712.0;3745.0;2784.0;5085.0;9097.0;15709.0;2543.0;3724.0;-9.0;-4.0;1.0;-1.0;ETHANOL
3341.0;5943.0;10392.0;17569.0;2765.0;3803.0;2818.0;5111.0;9170.0;15830.0;2574.0;3761.0;-9.0;-4.0;1.0;-1.0;ETHANOL
3353.0;5953.0;10467.0;17690.0;2781.0;3811.0;2813.0;5106.0;9147.0;15758.0;2561.0;3673.0;-9.0;-4.0;0.0;1.0;ETHANOL
3252.0;5772.0;10096.0;17120.0;2690.0;3726.0;2722.0;4957.0;8871.0;15355.0;2505.0;3659.0;-9.0;-4.0;0.0;1.0;ETHANOL
3239.0;5747.0;10011.0;17016.0;2658.0;3691.0;2716.0;4903.0;8806.0;15192.0;2459.0;3616.0;-5.0;-4.0;0.0;5.0;ETHANOL
3173.0;5634.0;9893.0;16843.0;2643.0;3672.0;2707.0;4923.0;8826.0;15065.0;2474.0;3632.0;-10.0;-2.0;-3.0;2.0;ETHANOL
3218.0;5762.0;10014.0;17053.0;2683.0;3689.0;2707.0;4913.0;8800.0;15220.0;2487.0;3652.0;-12.0;-2.0;-5.0;-1.0;ETHANOL
3229.0;5762.0;10113.0;17197.0;2711.0;3747.0;2788.0;5079.0;9028.0;15712.0;2542.0;3719.0;-12.0;-2.0;-5.0;-1.0;ETHANOL
3321.0;5905.0;10350.0;17528.0;2753.0;3777.0;2790.0;5043.0;9035.0;15679.0;2535.0;3707.0;-5.0;-2.0;1.0;2.0;ETHANOL
3313.0;5871.0;10240.0;17428.0;2754.0;3805.0;2831.0;5152.0;9203.0;15951.0;2607.0;3809.0;-5.0;-1.0;1.0;4.0;ETHANOL
3431.0;6065.0;10576.0;17852.0;2788.0;3795.0;2769.0;5017.0;8993.0;15531.0;2521.0;3677.0;-5.0;-2.0;3.0;5.0;ETHANOL
3237.0;5735.0;10011.0;17072.0;2673.0;3679.0;2684.0;4874.0;8756.0;15199.0;2468.0;3593.0;-5.0;-2.0;3.0;3.0;ETHANOL
3200.0;5680.0;9924.0;16882.0;2658.0;3690.0;2687.0;4888.0;8740.0;15182.0;2467.0;3614.0;-6.0;-1.0;0.0;4.0;ETHANOL
3201.0;5704.0;9979.0;16926.0;2670.0;3694.0;2723.0;4977.0;8894.0;15428.0;2511.0;3711.0;-6.0;-4.0;0.0;4.0;ETHANOL
3292.0;5831.0;10212.0;17376.0;2745.0;3781.0;2820.0;5116.0;9150.0;15827.0;2571.0;3737.0;-8.0;-4.0;-1.0;-1.0;ETHANOL
3321.0;5884.0;10338.0;17620.0;2793.0;3860.0;2870.0;5242.0;9341.0;16174.0;2581.0;3808.0;-8.0;-4.0;-1.0;2.0;ETHANOL
3402.0;6010.0;10533.0;17891.0;2820.0;3830.0;2808.0;5103.0;9081.0;15738.0;2548.0;3713.0;-9.0;-1.0;0.0;2.0;ETHANOL
3305.0;5856.0;10243.0;17363.0;2729.0;3741.0;2785.0;5053.0;9039.0;15633.0;2549.0;3721.0;-8.0;1.0;1.0;-1.0;ETHANOL
3376.0;6042.0;10697.0;18294.0;2923.0;4084.0;3189.0;5777.0;10302.0;17874.0;2877.0;4150.0;-9.0;2.0;1.0;2.0;ETHANOL
3769.0;6631.0;11479.0;19251.0;3031.0;4110.0;3114.0;5655.0;10116.0;17554.0;2826.0;4099.0;-9.0;2.0;3.0;2.0;ETHANOL
3762.0;6597.0;11410.0;19118.0;2970.0;4017.0;2991.0;5426.0;9592.0;16515.0;2669.0;3865.0;-9.0;2.0;3.0;1.0;ETHANOL
3464.0;6140.0;10663.0;18016.0;2839.0;3869.0;2893.0;5232.0;9311.0;16073.0;2597.0;3790.0;-8.0;-2.0;3.0;0.0;ETHANOL
3395.0;6007.0;10531.0;17797.0;2796.0;3806.0;2839.0;5157.0;9242.0;15929.0;2590.0;3797.0;-6.0;-2.0;1.0;1.0;ETHANOL
3413.0;6074.0;10670.0;18226.0;2899.0;4018.0;3082.0;5579.0;9994.0;17276.0;2800.0;4024.0;-6.0;-2.0;1.0;0.0;ETHANOL
3660.0;6463.0;11285.0;19062.0;3005.0;4126.0;3161.0;5736.0;10217.0;17611.0;2845.0;4131.0;-6.0;-1.0;-4.0;0.0;ETHANOL
3795.0;6683.0;11692.0;19501.0;3081.0;4158.0;3124.0;5642.0;10009.0;17202.0;2781.0;4016.0;-6.0;1.0;-4.0;0.0;ETHANOL
3588.0;6353.0;11014.0;18524.0;2898.0;3933.0;2926.0;5289.0;9381.0;16238.0;2621.0;3807.0;-8.0;1.0;1.0;0.0;ETHANOL
3369.0;5965.0;10398.0;17649.0;2773.0;3803.0;2819.0;5108.0;9114.0;15702.0;2549.0;3737.0;-8.0;1.0;3.0;-2.0;ETHANOL
3351.0;5929.0;10316.0;17522.0;2750.0;3774.0;2789.0;5059.0;9031.0;15622.0;2537.0;3711.0;-13.0;4.0;-4.0;-2.0;ETHANOL
3341.0;5927.0;10391.0;17614.0;2758.0;3772.0;2791.0;5052.0;8980.0;15589.0;2523.0;3696.0;-13.0;2.0;-4.0;-3.0;ETHANOL
3294.0;5839.0;10222.0;17317.0;2728.0;3753.0;2736.0;4987.0;8914.0;15432.0;2522.0;3674.0;-8.0;4.0;3.0;-3.0;ETHANOL
3285.0;5808.0;10187.0;17298.0;2719.0;3748.0;2777.0;5027.0;9011.0;15630.0;2548.0;3728.0;-5.0;-1.0;3.0;-3.0;ETHANOL
3375.0;5987.0;10534.0;18018.0;2856.0;3940.0;3015.0;5470.0;9757.0;16779.0;2714.0;3966.0;-13.0;-2.0;3.0;0.0;ETHANOL
3668.0;6545.0;11429.0;19070.0;2983.0;4057.0;3051.0;5549.0;9921.0;17135.0;2777.0;4012.0;-11.0;-2.0;3.0;-1.0;ETHANOL
3652.0;6430.0;11163.0;18721.0;2911.0;3943.0;2970.0;5348.0;9514.0;16400.0;2647.0;3853.0;-5.0;-2.0;5.0;0.0;ETHANOL
3443.0;6088.0;10691.0;18013.0;2833.0;3842.0;2839.0;5212.0;9258.0;15971.0;2576.0;3781.0;-2.0;-2.0;5.0;1.0;ETHANOL
3364.0;5970.0;10415.0;17575.0;2761.0;3794.0;2805.0;5100.0;9106.0;15811.0;2568.0;3766.0;-1.0;-2.0;5.0;1.0;ETHANOL
3411.0;6072.0;10643.0;18020.0;2856.0;3920.0;2956.0;5381.0;9604.0;16655.0;2717.0;3969.0;-1.0;-4.0;5.0;-1.0;ETHANOL
3602.0;6367.0;11120.0;18823.0;2940.0;3995.0;2997.0;5439.0;9667.0;16641.0;2689.0;3909.0;-1.0;-4.0;5.0;0.0;ETHANOL
3539.0;6250.0;10819.0;18276.0;2878.0;3926.0;2939.0;5341.0;9553.0;16515.0;2687.0;3942.0;-5.0;-4.0;5.0;-2.0;ETHANOL
3589.0;6340.0;11053.0;18549.0;2914.0;3965.0;2977.0;5385.0;9570.0;16389.0;2671.0;3889.0;-5.0;-1.0;0.0;-2.0;ETHANOL
3492.0;6173.0;10775.0;18186.0;2825.0;3874.0;2891.0;5222.0;9279.0;15976.0;2588.0;3795.0;-5.0;-2.0;0.0;0.0;ETHANOL
3367.0;5949.0;10374.0;17576.0;2761.0;3800.0;2775.0;5095.0;9116.0;15768.0;2563.0;3765.0;-5.0;-1.0;0.0;0.0;ETHANOL
3404.0;6023.0;10522.0;17778.0;2799.0;3831.0;2834.0;5125.0;9145.0;15777.0;2571.0;3757.0;-14.0;-1.0;0.0;5.0;ETHANOL
3363.0;5947.0;10376.0;17547.0;2756.0;3764.0;2810.0;5081.0;9070.0;15709.0;2556.0;3756.0;-14.0;-1.0;3.0;6.0;ETHANOL
3377.0;5971.0;10409.0;17549.0;2761.0;3787.0;2784.0;5065.0;9016.0;15575.0;2530.0;3724.0;-14.0;-2.0;3.0;4.0;ETHANOL
3311.0;5879.0;10257.0;17286.0;2720.0;3742.0;2751.0;4994.0;8952.0;15502.0;2520.0;3689.0;-14.0;-2.0;4.0;-1.0;ETHANOL
3272.0;5802.0;10102.0;17158.0;2701.0;3731.0;2735.0;4961.0;8853.0;15335.0;2499.0;3673.0;-13.0;-2.0;0.0;-1.0;ETHANOL
3248.0;5774.0;10106.0;17085.0;2700.0;3701.0;2714.0;4948.0;8812.0;15300.0;2473.0;3636.0;-7.0;-2.0;8.0;4.0;ETHANOL
3221.0;5710.0;10025.0;16997.0;2678.0;3672.0;2694.0;4917.0;8811.0;15211.0;2471.0;3627.0;-1.0;-2.0;0.0;6.0;ETHANOL
3208.0;5713.0;9997.0;16891.0;2666.0;3682.0;2717.0;4944.0;8738.0;15273.0;2480.0;3620.0;-1.0;-2.0;2.0;5.0;ETHANOL
3221.0;5728.0;9997.0;16928.0;2670.0;3653.0;2694.0;4903.0;8759.0;15157.0;2454.0;3596.0;-1.0;-2.0;2.0;6.0;ETHANOL
3189.0;5668.0;9949.0;16889.0;2666.0;3678.0;2729.0;4944.0;8862.0;15348.0;2483.0;3642.0;-1.0;-2.0;2.0;2.0;ETHANOL
3234.0;5743.0;10085.0;17233.0;2711.0;3712.0;2746.0;4996.0;8957.0;15586.0;2539.0;3710.0;-2.0;-4.0;0.0;2.0;ETHANOL
3358.0;5976.0;10505.0;17845.0;2812.0;3890.0;2905.0;5320.0;9469.0;16474.0;2671.0;3893.0;-2.0;-4.0;0.0;2.0;ETHANOL
3524.0;6249.0;10869.0;18362.0;2873.0;3892.0;2879.0;5207.0;9297.0;16066.0;2601.0;3780.0;-3.0;-5.0;0.0;3.0;ETHANOL
3375.0;5952.0;10421.0;17550.0;2757.0;3794.0;2826.0;5122.0;9208.0;15988.0;2608.0;3845.0;-5.0;-4.0;-6.0;2.0;ETHANOL
3523.0;6224.0;10873.0;18390.0;2907.0;3966.0;2989.0;5438.0;9642.0;16699.0;2702.0;3933.0;-10.0;-4.0;0.0;2.0;ETHANOL
3516.0;6201.0;10835.0;18292.0;2874.0;3900.0;2918.0;5298.0;9517.0;16593.0;2690.0;3934.0;-10.0;-5.0;2.0;2.0;ETHANOL
3558.0;6283.0;10898.0;18340.0;2870.0;3922.0;2935.0;5289.0;9376.0;16387.0;2648.0;3895.0;-10.0;-4.0;2.0;-3.0;ETHANOL
3594.0;6397.0;11204.0;18985.0;3003.0;4113.0;3154.0;5689.0;10103.0;17329.0;2779.0;4025.0;-10.0;-2.0;2.0;3.0;ETHANOL
3598.0;6344.0;11071.0;18701.0;2935.0;4018.0;3082.0;5580.0;9928.0;17171.0;2795.0;4089.0;-10.0;-3.0;2.0;-2.0;ETHANOL
3756.0;6608.0;11478.0;19180.0;3012.0;4075.0;3092.0;5566.0;9882.0;16943.0;2738.0;3986.0;-10.0;-3.0;1.0;-2.0;ETHANOL
3606.0;6363.0;11022.0;18507.0;2904.0;3910.0;2916.0;5274.0;9390.0;16191.0;2619.0;3836.0;-10.0;-3.0;-1.0;-3.0;ETHANOL
3457.0;6093.0;10590.0;17789.0;2801.0;3843.0;2879.0;5208.0;9293.0;16001.0;2592.0;3803.0;-7.0;-3.0;-1.0;-2.0;ETHANOL
3384.0;6018.0;10595.0;17930.0;2846.0;3905.0;2911.0;5292.0;9433.0;16253.0;2645.0;3862.0;-7.0;-4.0;-1.0;-2.0;ETHANOL
3439.0;6111.0;10622.0;17819.0;2820.0;3844.0;2862.0;5180.0;9254.0;15908.0;2590.0;3774.0;-7.0;-5.0;-3.0;-3.0;ETHANOL
3367.0;5963.0;10408.0;17591.0;2766.0;3805.0;2834.0;5170.0;9257.0;15963.0;2582.0;3789.0;-7.0;-7.0;-3.0;0.0;ETHANOL
3408.0;6048.0;10602.0;18018.0;2853.0;3925.0;2934.0;5315.0;9448.0;16356.0;2648.0;3877.0;-7.0;-7.0;-3.0;2.0;ETHANOL
3536.0;6262.0;10932.0;18376.0;2881.0;3929.0;2946.0;5328.0;9527.0;16478.0;2674.0;3904.0;-7.0;-7.0;0.0;0.0;ETHANOL
3534.0;6239.0;10924.0;18434.0;2885.0;3939.0;2984.0;5379.0;9606.0;16549.0;2665.0;3893.0;-6.0;-5.0;1.0;0.0;ETHANOL
3475.0;6157.0;10724.0;18114.0;2846.0;3906.0;2948.0;5319.0;9481.0;16371.0;2643.0;3840.0;1.0;-4.0;5.0;4.0;ETHANOL
3493.0;6192.0;10848.0;18387.0;2912.0;3963.0;2955.0;5356.0;9526.0;16445.0;2668.0;3885.0;1.0;-2.0;10.0;4.0;ETHANOL
3458.0;6100.0;10679.0;18057.0;2842.0;3883.0;2927.0;5296.0;9470.0;16322.0;2621.0;3858.0;0.0;-2.0;1.0;1.0;ETHANOL
3514.0;6221.0;10961.0;18525.0;2901.0;3980.0;3007.0;5410.0;9625.0;16632.0;2680.0;3889.0;-2.0;-3.0;4.0;1.0;ETHANOL
3492.0;6175.0;10765.0;18095.0;2834.0;3862.0;2879.0;5223.0;9288.0;16086.0;2609.0;3779.0;-4.0;-3.0;-1.0;1.0;ETHANOL
3395.0;6000.0;10525.0;17763.0;2796.0;3850.0;2883.0;5268.0;9354.0;16321.0;2642.0;3867.0;-5.0;-3.0;-1.0;2.0;ETHANOL
3460.0;6146.0;10694.0;18057.0;2827.0;3860.0;2852.0;5181.0;9268.0;16038.0;2598.0;3803.0;-9.0;-3.0;-1.0;4.0;ETHANOL
3381.0;5994.0;10479.0;17694.0;2786.0;3813.0;2867.0;5181.0;9237.0;15967.0;2596.0;3764.0;-8.0;-3.0;-3.0;2.0;ETHANOL
3388.0;6004.0;10489.0;17743.0;2790.0;3831.0;2899.0;5241.0;9325.0;16060.0;2595.0;3802.0;-8.0;-2.0;-3.0;4.0;ETHANOL
3430.0;6075.0;10593.0;17903.0;2816.0;3858.0;2874.0;5232.0;9354.0;16208.0;2630.0;3855.0;-8.0;-1.0;-3.0;-2.0;ETHANOL
3504.0;6206.0;10842.0;18291.0;2868.0;3932.0;2971.0;5378.0;9581.0;16568.0;2691.0;3912.0;-8.0;-2.0;-6.0;-2.0;ETHANOL
3590.0;6350.0;11108.0;18648.0;2886.0;3971.0;2970.0;5375.0;9539.0;16459.0;2662.0;3865.0;-8.0;-2.0;-6.0;-1.0;ETHANOL
3474.0;6137.0;10713.0;18044.0;2829.0;3875.0;2879.0;5202.0;9253.0;16026.0;2599.0;3823.0;-8.0;-2.0;-6.0;-1.0;ETHANOL
3472.0;6194.0;10911.0;18483.0;2913.0;3980.0;3020.0;5460.0;9668.0;16649.0;2686.0;3914.0;-10.0;-4.0;-6.0;-1.0;ETHANOL
3516.0;6213.0;10836.0;18246.0;2858.0;3895.0;2909.0;5264.0;9390.0;16231.0;2617.0;3808.0;-8.0;-4.0;-4.0;-1.0;ETHANOL
3442.0;6113.0;10635.0;17938.0;2804.0;3863.0;2867.0;5230.0;9312.0;16117.0;2613.0;3826.0;-10.0;-4.0;-4.0;-1.0;ETHANOL
3471.0;6146.0;10742.0;18214.0;2900.0;4019.0;3119.0;5697.0;10172.0;17411.0;2817.0;4107.0;-8.0;-3.0;-4.0;0.0;ETHANOL
3704.0;6532.0;11394.0;19021.0;2960.0;3996.0;2997.0;5409.0;9621.0;16556.0;2672.0;3893.0;-9.0;-3.0;-7.0;3.0;ETHANOL
3493.0;6175.0;10785.0;18199.0;2849.0;3866.0;2849.0;5198.0;9182.0;16034.0;2578.0;3786.0;-8.0;-3.0;-7.0;4.0;ETHANOL
3389.0;6028.0;10514.0;17757.0;2788.0;3848.0;2881.0;5239.0;9367.0;16233.0;2641.0;3879.0;-9.0;-3.0;-8.0;3.0;ETHANOL
3592.0;6363.0;11102.0;18770.0;2955.0;4022.0;3074.0;5571.0;9947.0;17206.0;2808.0;4127.0;-4.0;-2.0;-7.0;8.0;ETHANOL
3805.0;6748.0;11752.0;19546.0;3071.0;4126.0;3114.0;5637.0;9997.0;17225.0;2765.0;4008.0;-9.0;-3.0;-5.0;8.0;ETHANOL
3649.0;6439.0;11196.0;18779.0;2931.0;3967.0;2990.0;5394.0;9637.0;16512.0;2658.0;3870.0;-6.0;-3.0;-1.0;6.0;ETHANOL
3504.0;6175.0;10768.0;18123.0;2841.0;3874.0;2893.0;5261.0;9344.0;16115.0;2606.0;3828.0;-9.0;-2.0;-1.0;6.0;ETHANOL
3514.0;6258.0;11050.0;18726.0;2928.0;3992.0;3036.0;5493.0;9757.0;16827.0;2726.0;3969.0;-10.0;-3.0;-1.0;10.0;ETHANOL
3595.0;6350.0;11025.0;18499.0;2892.0;3926.0;2939.0;5297.0;9451.0;16297.0;2638.0;3844.0;-10.0;-3.0;-1.0;4.0;ETHANOL
3452.0;6109.0;10707.0;18163.0;2873.0;3947.0;2990.0;5383.0;9616.0;16546.0;2679.0;3899.0;-9.0;-3.0;-1.0;6.0;ETHANOL
3517.0;6215.0;10821.0;18269.0;2861.0;3882.0;2946.0;5335.0;9525.0;16528.0;2682.0;3930.0;-9.0;-2.0;-1.0;4.0;ETHANOL
3625.0;6430.0;11209.0;18853.0;2968.0;4052.0;3093.0;5590.0;9930.0;16999.0;2740.0;3956.0;-9.0;-3.0;-1.0;3.0;ETHANOL
3578.0;6304.0;10981.0;18431.0;2901.0;3969.0;2997.0;5428.0;9698.0;16750.0;2697.0;3942.0;-9.0;-3.0;-1.0;3.0;ETHANOL
3612.0;6377.0;11140.0;18770.0;2980.0;4091.0;3162.0;5720.0;10172.0;17480.0;2831.0;4119.0;-9.0;-3.0;-1.0;0.0;ETHANOL
3793.0;6694.0;11664.0;19502.0;3053.0;4107.0;3115.0;5629.0;10009.0;17234.0;2775.0;4047.0;-10.0;-3.0;-6.0;0.0;ETHANOL
3710.0;6520.0;11348.0;18752.0;2970.0;4002.0;3006.0;5426.0;9629.0;16613.0;2698.0;3964.0;-10.0;-3.0;-8.0;0.0;ETHANOL
3652.0;6461.0;11280.0;18955.0;2966.0;4052.0;3084.0;5581.0;9890.0;16930.0;2740.0;4010.0;-10.0;-2.0;-8.0;0.0;ETHANOL
3695.0;6557.0;11386.0;19080.0;2996.0;4052.0;3053.0;5509.0;9828.0;17028.0;2744.0;3973.0;-10.0;-1.0;-2.0;0.0;ETHANOL
3619.0;6377.0;11097.0;18613.0;2912.0;3959.0;2967.0;5360.0;9487.0;16410.0;2650.0;3861.0;-10.0;-1.0;-8.0;2.0;ETHANOL
3503.0;6184.0;10806.0;18223.0;2852.0;3898.0;2927.0;5297.0;9393.0;16248.0;2617.0;3819.0;-10.0;-1.0;-5.0;2.0;ETHANOL
3492.0;6153.0;10658.0;18037.0;2823.0;3857.0;2897.0;5257.0;9364.0;16128.0;2620.0;3838.0;-8.0;-1.0;-5.0;2.0;ETHANOL
3524.0;6195.0;10869.0;18385.0;2893.0;3937.0;3006.0;5427.0;9667.0;16661.0;2686.0;3932.0;-10.0;2.0;-5.0;3.0;ETHANOL
3589.0;6335.0;11044.0;18603.0;2912.0;3981.0;3024.0;5467.0;9724.0;16797.0;2711.0;3943.0;-11.0;-3.0;-5.0;2.0;ETHANOL
3573.0;6305.0;10974.0;18445.0;2904.0;3980.0;3002.0;5381.0;9647.0;16619.0;2684.0;3916.0;-8.0;-3.0;-5.0;1.0;ETHANOL
3558.0;6271.0;10962.0;18505.0;2923.0;3994.0;3069.0;5532.0;9810.0;16892.0;2744.0;4005.0;-8.0;2.0;-5.0;-2.0;ETHANOL
3722.0;6611.0;11614.0;19556.0;3108.0;4268.0;3349.0;6042.0;10719.0;18465.0;2992.0;4343.0;-5.0;-5.0;-4.0;-2.0;ETHANOL
4049.0;7182.0;12498.0;20629.0;3312.0;4469.0;3586.0;6434.0;11382.0;19501.0;3120.0;4481.0;-5.0;-5.0;-5.0;-2.0;ETHANOL
4127.0;7265.0;12561.0;20560.0;3225.0;4309.0;3298.0;5907.0;10422.0;17909.0;2860.0;4167.0;-5.0;-6.0;-5.0;-2.0;ETHANOL
3799.0;6677.0;11612.0;19485.0;3073.0;4185.0;3241.0;5797.0;10305.0;17747.0;2843.0;4136.0;-6.0;-6.0;-5.0;1.0;ETHANOL
3796.0;6695.0;11600.0;19327.0;3032.0;4117.0;3110.0;5613.0;9949.0;17121.0;2762.0;4009.0;-6.0;-6.0;-4.0;6.0;ETHANOL
3654.0;6457.0;11225.0;18773.0;2942.0;4003.0;3032.0;5472.0;9713.0;16733.0;2712.0;3976.0;-8.0;-4.0;-7.0;6.0;ETHANOL
3622.0;6369.0;11126.0;18728.0;2928.0;3968.0;2984.0;5406.0;9548.0;16514.0;2675.0;3894.0;-8.0;-4.0;-1.0;3.0;ETHANOL
3521.0;6211.0;10827.0;18190.0;2867.0;3932.0;2962.0;5336.0;9503.0;16328.0;2640.0;3882.0;-6.0;-4.0;2.0;1.0;ETHANOL
3577.0;6340.0;11048.0;18732.0;2953.0;4004.0;3044.0;5499.0;9804.0;16855.0;2723.0;3954.0;-6.0;-4.0;2.0;1.0;ETHANOL
3584.0;6336.0;11076.0;18634.0;2937.0;4038.0;3090.0;5571.0;9903.0;17148.0;2768.0;4013.0;-7.0;-4.0;2.0;-1.0;ETHANOL
3690.0;6462.0;11229.0;18785.0;2938.0;3989.0;3014.0;5432.0;9650.0;16596.0;2685.0;3929.0;-6.0;2.0;2.0;-1.0;ETHANOL
3569.0;6294.0;10981.0;18502.0;2898.0;3961.0;3022.0;5461.0;9719.0;16723.0;2698.0;3927.0;-7.0;2.0;-2.0;-1.0;ETHANOL
3589.0;6314.0;11093.0;18766.0;2956.0;4032.0;3086.0;5574.0;9907.0;17078.0;2769.0;4054.0;-7.0;0.0;-2.0;0.0;ETHANOL
3838.0;6816.0;11843.0;19671.0;3076.0;4137.0;3194.0;5772.0;10255.0;17800.0;2888.0;4234.0;-10.0;-1.0;-6.0;0.0;ETHANOL
4035.0;7096.0;12234.0;20125.0;3171.0;4262.0;3247.0;5836.0;10364.0;17796.0;2861.0;4162.0;-5.0;-1.0;-2.0;1.0;ETHANOL
3819.0;6696.0;11621.0;19361.0;3045.0;4104.0;3152.0;5672.0;10071.0;17355.0;2778.0;4025.0;-10.0;-1.0;-1.0;5.0;ETHANOL
3697.0;6520.0;11361.0;19026.0;3011.0;4136.0;3187.0;5737.0;10195.0;17458.0;2815.0;4062.0;-5.0;-1.0;3.0;7.0;ETHANOL
3698.0;6499.0;11269.0;18906.0;2970.0;4051.0;3048.0;5508.0;9798.0;16841.0;2709.0;3914.0;-9.0;-1.0;-1.0;6.0;ETHANOL
3540.0;6256.0;10897.0;18342.0;2874.0;3932.0;2966.0;5352.0;9492.0;16389.0;2647.0;3860.0;-8.0;-3.0;-1.0;7.0;ETHANOL
3534.0;6242.0;10813.0;18271.0;2871.0;3881.0;2948.0;5328.0;9466.0;16361.0;2653.0;3901.0;-9.0;-3.0;-1.0;1.0;ETHANOL
3579.0;6354.0;11075.0;18721.0;2949.0;4036.0;3078.0;5534.0;9845.0;16984.0;2728.0;3984.0;-9.0;-3.0;-2.0;-1.0;ETHANOL
3618.0;6414.0;11128.0;18640.0;2916.0;3969.0;3013.0;5443.0;9713.0;16765.0;2721.0;3994.0;-9.0;-3.0;-3.0;-1.0;ETHANOL
3701.0;6576.0;11472.0;19315.0;3058.0;4162.0;3192.0;5765.0;10257.0;17592.0;2824.0;4087.0;-9.0;-2.0;-2.0;-2.0;ETHANOL
3739.0;6572.0;11399.0;19018.0;2957.0;4016.0;3020.0;5478.0;9707.0;16707.0;2699.0;3947.0;-9.0;-2.0;0.0;-1.0;ETHANOL
3621.0;6399.0;11070.0;18624.0;2927.0;3999.0;3060.0;5553.0;9958.0;17232.0;2778.0;4039.0;-7.0;-2.0;0.0;-2.0;ETHANOL
3686.0;6499.0;11289.0;18847.0;2922.0;3994.0;3031.0;5476.0;9721.0;16717.0;2702.0;3916.0;-7.0;-2.0;0.0;0.0;ETHANOL
3556.0;6264.0;10921.0;18347.0;2876.0;3933.0;2948.0;5321.0;9467.0;16345.0;2649.0;3893.0;-2.0;-2.0;2.0;-1.0;ETHANOL
3559.0;6266.0;10870.0;18233.0;2860.0;3921.0;2945.0;5318.0;9444.0;16293.0;2635.0;3840.0;-4.0;-2.0;5.0;-1.0;ETHANOL
3490.0;6184.0;10778.0;18148.0;2851.0;3901.0;2978.0;5346.0;9541.0;16431.0;2640.0;3858.0;-4.0;-1.0;2.0;-1.0;ETHANOL
3491.0;6176.0;10757.0;18191.0;2849.0;3892.0;2937.0;5311.0;9432.0;16302.0;2632.0;3840.0;-4.0;-1.0;5.0;-1.0;ETHANOL
3493.0;6198.0;10775.0;18166.0;2841.0;3856.0;2906.0;5247.0;9338.0;16125.0;2598.0;3812.0;-2.0;-1.0;2.0;-1.0;ETHANOL
3474.0;6146.0;10717.0;17996.0;2828.0;3872.0;2904.0;5280.0;9309.0;16245.0;2638.0;3873.0;-4.0;-3.0;7.0;-5.0;ETHANOL
3557.0;6298.0;10984.0;18599.0;2942.0;4059.0;3134.0;5686.0;10107.0;17435.0;2819.0;4102.0;-4.0;-5.0;2.0;-3.0;ETHANOL
3743.0;6586.0;11453.0;19179.0;2992.0;4055.0;3075.0;5566.0;9842.0;16948.0;2723.0;3981.0;-7.0;-5.0;2.0;-3.0;ETHANOL
3637.0;6436.0;11201.0;18807.0;2955.0;4045.0;3064.0;5570.0;9897.0;17096.0;2778.0;4058.0;-7.0;-6.0;2.0;2.0;ETHANOL
3765.0;6635.0;11529.0;19235.0;3011.0;4071.0;3076.0;5567.0;9893.0;16975.0;2739.0;3976.0;-7.0;-6.0;2.0;7.0;ETHANOL
3643.0;6424.0;11194.0;18859.0;2984.0;4089.0;3141.0;5702.0;10128.0;17562.0;2835.0;4091.0;-7.0;-6.0;1.0;12.0;ETHANOL
3784.0;6670.0;11604.0;19356.0;3042.0;4120.0;3154.0;5688.0;10086.0;17307.0;2793.0;4072.0;-7.0;-6.0;0.0;11.0;ETHANOL
3740.0;6614.0;11509.0;19301.0;3040.0;4149.0;3184.0;5749.0;10153.0;17475.0;2814.0;4110.0;-7.0;-6.0;0.0;7.0;ETHANOL
3772.0;6623.0;11461.0;19127.0;3001.0;4055.0;3078.0;5577.0;9884.0;17061.0;2759.0;4021.0;-8.0;-3.0;-5.0;7.0;ETHANOL
3712.0;6535.0;11354.0;19057.0;2980.0;4057.0;3095.0;5587.0;9882.0;16971.0;2744.0;3993.0;-8.0;-4.0;-5.0;2.0;ETHANOL
3627.0;6410.0;11137.0;18706.0;2927.0;3983.0;3005.0;5450.0;9692.0;16648.0;2697.0;3920.0;-8.0;-4.0;-1.0;2.0;ETHANOL
3592.0;6332.0;11069.0;18750.0;2977.0;4086.0;3188.0;5755.0;10264.0;17638.0;2850.0;4157.0;-8.0;-3.0;-1.0;-2.0;ETHANOL
3851.0;6780.0;11776.0;19617.0;3096.0;4194.0;3240.0;5850.0;10412.0;17912.0;2883.0;4175.0;-8.0;2.0;4.0;-2.0;ETHANOL
3862.0;6805.0;11776.0;19596.0;3091.0;4194.0;3261.0;5886.0;10438.0;18046.0;2919.0;4278.0;-5.0;2.0;4.0;-2.0;ETHANOL
4111.0;7262.0;12676.0;20778.0;3329.0;4511.0;3625.0;6499.0;11542.0;19740.0;3177.0;4572.0;-5.0;2.0;2.0;-3.0;ETHANOL
4325.0;7557.0;12954.0;20877.0;3278.0;4386.0;3349.0;6015.0;10653.0;18214.0;2911.0;4220.0;-5.0;3.0;2.0;-3.0;ETHANOL
3864.0;6784.0;11740.0;19598.0;3079.0;4192.0;3246.0;5851.0;10314.0;17733.0;2849.0;4151.0;-3.0;-2.0;-8.0;2.0;ETHANOL
3811.0;6722.0;11746.0;19657.0;3100.0;4216.0;3272.0;5876.0;10346.0;17773.0;2849.0;4134.0;-3.0;-2.0;0.0;5.0;ETHANOL
3820.0;6699.0;11573.0;19254.0;3026.0;4090.0;3128.0;5622.0;9975.0;17179.0;2777.0;4015.0;-3.0;-2.0;0.0;4.0;ETHANOL
3644.0;6440.0;11213.0;18883.0;2946.0;4053.0;3074.0;5540.0;9838.0;16988.0;2738.0;3973.0;-3.0;-2.0;3.0;6.0;ETHANOL
3622.0;6377.0;11116.0;18742.0;2952.0;4054.0;3083.0;5557.0;9851.0;16894.0;2750.0;3985.0;-9.0;-1.0;0.0;3.0;ETHANOL
3685.0;6500.0;11267.0;18896.0;2964.0;4028.0;3070.0;5544.0;9855.0;16951.0;2743.0;3999.0;-9.0;3.0;3.0;7.0;ETHANOL
3636.0;6412.0;11186.0;18835.0;2958.0;4049.0;3134.0;5629.0;10000.0;17298.0;2791.0;4069.0;-1.0;3.0;3.0;7.0;ETHANOL
3794.0;6669.0;11550.0;19222.0;3012.0;4094.0;3097.0;5585.0;9920.0;17059.0;2759.0;4011.0;-2.0;1.0;2.0;8.0;ETHANOL
3658.0;6461.0;11183.0;18831.0;2949.0;4039.0;3055.0;5523.0;9817.0;16906.0;2730.0;3941.0;-2.0;1.0;4.0;10.0;ETHANOL
3592.0;6334.0;10981.0;18486.0;2910.0;3973.0;3011.0;5441.0;9683.0;16652.0;2694.0;3941.0;-2.0;-5.0;4.0;3.0;ETHANOL
3656.0;6460.0;11217.0;18812.0;2957.0;4034.0;3088.0;5549.0;9860.0;16960.0;2761.0;4026.0;-3.0;-5.0;4.0;3.0;ETHANOL
3696.0;6489.0;11314.0;18970.0;2986.0;4089.0;3172.0;5712.0;10184.0;17676.0;2863.0;4165.0;-3.0;-3.0;-1.0;3.0;ETHANOL
3925.0;6908.0;12026.0;19871.0;3114.0;4195.0;3237.0;5845.0;10325.0;17802.0;2847.0;4116.0;-11.0;-3.0;-7.0;-3.0;ETHANOL
3781.0;6649.0;11515.0;19256.0;2983.0;4077.0;3130.0;5640.0;9975.0;17186.0;2783.0;4075.0;-11.0;-3.0;-3.0;4.0;ETHANOL
3803.0;6700.0;11689.0;19554.0;3067.0;4176.0;3236.0;5828.0;10334.0;17743.0;2866.0;4116.0;-3.0;-1.0;-1.0;5.0;ETHANOL
3864.0;6792.0;11801.0;19605.0;3076.0;4168.0;3203.0;5773.0;10218.0;17535.0;2817.0;4079.0;-13.0;-1.0;-3.0;5.0;ETHANOL
3718.0;6576.0;11416.0;19094.0;3000.0;4074.0;3112.0;5629.0;9974.0;17147.0;2772.0;4024.0;-13.0;0.0;-4.0;8.0;ETHANOL
3738.0;6583.0;11448.0;19110.0;3006.0;4092.0;3178.0;5701.0;10108.0;17381.0;2789.0;4055.0;-13.0;0.0;-4.0;5.0;ETHANOL
3768.0;6614.0;11417.0;19076.0;2986.0;4067.0;3119.0;5597.0;9926.0;17184.0;2780.0;4048.0;-11.0;0.0;-4.0;1.0;ETHANOL
3764.0;6610.0;11426.0;19095.0;3010.0;4076.0;3143.0;5627.0;9995.0;17129.0;2761.0;4020.0;-13.0;-1.0;-4.0;1.0;ETHANOL
3700.0;6509.0;11351.0;18996.0;2980.0;4063.0;3108.0;5599.0;9920.0;17073.0;2761.0;4010.0;-11.0;0.0;5.0;3.0;ETHANOL
3673.0;6519.0;11392.0;19297.0;3058.0;4221.0;3320.0;5968.0;10552.0;18088.0;2908.0;4191.0;-11.0;-1.0;3.0;2.0;ETHANOL
3892.0;6826.0;11818.0;19621.0;3070.0;4146.0;3179.0;5739.0;10146.0;17413.0;2811.0;4097.0;-4.0;-1.0;6.0;3.0;ETHANOL
3796.0;6671.0;11556.0;19280.0;3013.0;4093.0;3101.0;5601.0;9946.0;17077.0;2782.0;4048.0;-10.0;-3.0;1.0;2.0;ETHANOL
3772.0;6666.0;11586.0;19384.0;3057.0;4167.0;3247.0;5863.0;10379.0;17805.0;2865.0;4159.0;-4.0;-7.0;1.0;4.0;ETHANOL
3860.0;6767.0;11743.0;19605.0;3087.0;4219.0;3276.0;5905.0;10489.0;18032.0;2879.0;4077.0;-4.0;-7.0;1.0;2.0;ETHANOL
3922.0;6861.0;11866.0;19662.0;3027.0;4116.0;3158.0;5678.0;10145.0;17183.0;2796.0;4062.0;-4.0;-5.0;6.0;4.0;ETHANOL
3716.0;6570.0;11432.0;19136.0;3000.0;4075.0;3102.0;5597.0;9938.0;17110.0;2757.0;3999.0;-5.0;-5.0;7.0;2.0;ETHANOL
3672.0;6454.0;11232.0;18853.0;2960.0;4045.0;3056.0;5506.0;9802.0;16867.0;2734.0;3992.0;-5.0;-5.0;2.0;7.0;ETHANOL
3717.0;6579.0;11446.0;19227.0;3017.0;4104.0;3137.0;5649.0;10040.0;17287.0;2779.0;4036.0;-5.0;-4.0;2.0;7.0;ETHANOL
3733.0;6532.0;11340.0;18993.0;2978.0;4042.0;3087.0;5559.0;9885.0;16961.0;2738.0;3975.0;-5.0;-4.0;2.0;12.0;ETHANOL
3664.0;6466.0;11187.0;18833.0;2950.0;4018.0;3096.0;5595.0;9905.0;17040.0;2725.0;3989.0;-5.0;-3.0;3.0;2.0;ETHANOL
3628.0;6406.0;11176.0;18749.0;2943.0;4024.0;3084.0;5550.0;9874.0;16942.0;2726.0;3966.0;-2.0;-3.0;3.0;6.0;ETHANOL
3626.0;6383.0;11120.0;18702.0;2925.0;3963.0;3062.0;5497.0;9736.0;16742.0;2701.0;3947.0;-2.0;-4.0;2.0;5.0;ETHANOL
3586.0;6324.0;10905.0;18538.0;2912.0;3963.0;3003.0;5409.0;9618.0;16497.0;2676.0;3894.0;-2.0;-4.0;2.0;10.0;ETHANOL
3546.0;6259.0;10918.0;18407.0;2876.0;3939.0;3002.0;5424.0;9638.0;16584.0;2684.0;3920.0;-8.0;-4.0;-4.0;5.0;ETHANOL
3588.0;6321.0;11010.0;18444.0;2881.0;3964.0;3000.0;5400.0;9594.0;16532.0;2668.0;3899.0;-9.0;-4.0;-4.0;4.0;ETHANOL
3572.0;6316.0;10946.0;18438.0;2888.0;3955.0;3037.0;5494.0;9859.0;17081.0;2778.0;4063.0;-11.0;-8.0;-4.0;3.0;ETHANOL
3781.0;6644.0;11559.0;19149.0;2992.0;4036.0;3080.0;5552.0;9750.0;16878.0;2732.0;3974.0;-15.0;-4.0;-4.0;3.0;ETHANOL
3653.0;6457.0;11251.0;18905.0;2976.0;4088.0;3160.0;5730.0;10209.0;17607.0;2856.0;4194.0;-15.0;-6.0;-2.0;3.0;ETHANOL
3953.0;6909.0;11948.0;19829.0;3103.0;4171.0;3180.0;5721.0;10156.0;17360.0;2799.0;4053.0;-12.0;-4.0;-2.0;0.0;ETHANOL
3709.0;6585.0;11449.0;19308.0;3047.0;4159.0;3200.0;5768.0;10218.0;17612.0;2836.0;4098.0;-12.0;-5.0;-2.0;6.0;ETHANOL
3769.0;6597.0;11459.0;19184.0;2993.0;4075.0;3108.0;5615.0;9969.0;17212.0;2777.0;4031.0;-11.0;-5.0;0.0;4.0;ETHANOL
3725.0;6572.0;11413.0;19116.0;3006.0;4081.0;3145.0;5649.0;10041.0;17262.0;2775.0;4018.0;-10.0;-5.0;0.0;4.0;ETHANOL
3701.0;6524.0;11297.0;18981.0;2970.0;4054.0;3113.0;5627.0;9958.0;17170.0;2765.0;4002.0;-2.0;-2.0;0.0;8.0;ETHANOL
3721.0;6582.0;11540.0;19384.0;3104.0;4300.0;3420.0;6123.0;10977.0;18899.0;3035.0;4402.0;-2.0;3.0;0.0;4.0;ETHANOL
4114.0;7269.0;12605.0;20589.0;3240.0;4341.0;3374.0;6048.0;10654.0;18231.0;2930.0;4254.0;-2.0;2.0;0.0;4.0;ETHANOL
3919.0;6932.0;12037.0;19900.0;3137.0;4239.0;3261.0;5886.0;10404.0;17830.0;2881.0;4183.0;-2.0;2.0;1.0;4.0;ETHANOL
3853.0;6786.0;11760.0;19602.0;3078.0;4202.0;3234.0;5802.0;10318.0;17681.0;2858.0;4144.0;-1.0;-3.0;3.0;4.0;ETHANOL
3834.0;6738.0;11675.0;19440.0;3046.0;4143.0;3144.0;5665.0;10048.0;17301.0;2789.0;4047.0;-1.0;-4.0;5.0;4.0;ETHANOL
3694.0;6529.0;11337.0;19038.0;2986.0;4077.0;3065.0;5573.0;9903.0;17013.0;2762.0;4020.0;-1.0;-4.0;3.0;8.0;ETHANOL
3667.0;6485.0;11328.0;19106.0;3008.0;4131.0;3159.0;5654.0;10091.0;17331.0;2800.0;4072.0;-4.0;-4.0;1.0;8.0;ETHANOL
3716.0;6567.0;11421.0;19140.0;3005.0;4064.0;3077.0;5581.0;9894.0;17053.0;2762.0;4004.0;-4.0;-4.0;1.0;5.0;ETHANOL
3646.0;6427.0;11211.0;18871.0;2954.0;4028.0;3024.0;5513.0;9781.0;16859.0;2735.0;3986.0;-9.0;-5.0;1.0;5.0;ETHANOL
3660.0;6480.0;11299.0;18932.0;2975.0;4020.0;3045.0;5516.0;9821.0;16979.0;2759.0;3981.0;-13.0;-3.0;-10.0;5.0;ETHANOL
3663.0;6493.0;11230.0;18823.0;2957.0;4032.0;3066.0;5542.0;9862.0;17059.0;2748.0;4011.0;-13.0;-3.0;-10.0;7.0;ETHANOL
3718.0;6577.0;11420.0;19314.0;3075.0;4268.0;3395.0;6118.0;10900.0;18872.0;3067.0;4458.0;-7.0;-3.0;-3.0;4.0;ETHANOL
4262.0;7492.0;12888.0;20888.0;3311.0;4396.0;3386.0;6078.0;10783.0;18449.0;2961.0;4276.0;-13.0;-4.0;-4.0;4.0;ETHANOL
3935.0;6920.0;11990.0;19790.0;3115.0;4213.0;3232.0;5809.0;10300.0;17618.0;2842.0;4133.0;-7.0;-3.0;-3.0;3.0;ETHANOL
3806.0;6748.0;11748.0;19674.0;3127.0;4284.0;3338.0;6010.0;10604.0;18175.0;2920.0;4210.0;-5.0;-4.0;0.0;3.0;ETHANOL
3865.0;6815.0;11830.0;19606.0;3081.0;4173.0;3190.0;5754.0;10219.0;17497.0;2813.0;4097.0;-5.0;-3.0;-1.0;3.0;ETHANOL
3762.0;6636.0;11521.0;19230.0;3011.0;4092.0;3139.0;5665.0;10055.0;17288.0;2778.0;4044.0;-5.0;-5.0;0.0;9.0;ETHANOL
3720.0;6571.0;11374.0;19057.0;2981.0;4084.0;3098.0;5591.0;9975.0;17167.0;2757.0;4041.0;-4.0;0.0;2.0;8.0;ETHANOL
3741.0;6610.0;11544.0;19392.0;3054.0;4147.0;3216.0;5811.0;10307.0;17671.0;2839.0;4102.0;-5.0;-4.0;0.0;9.0;ETHANOL
3763.0;6632.0;11492.0;19235.0;3013.0;4103.0;3160.0;5679.0;10078.0;17300.0;2788.0;4011.0;-6.0;-4.0;-1.0;9.0;ETHANOL
3697.0;6527.0;11340.0;19024.0;2988.0;4075.0;3101.0;5612.0;9974.0;17005.0;2758.0;4035.0;-7.0;-5.0;2.0;5.0;ETHANOL
3708.0;6559.0;11410.0;19116.0;2998.0;4060.0;3083.0;5605.0;9932.0;17150.0;2764.0;4028.0;-11.0;-4.0;-2.0;3.0;ETHANOL
3694.0;6497.0;11286.0;18980.0;2973.0;4090.0;3154.0;5688.0;10084.0;17319.0;2768.0;4050.0;-12.0;-4.0;-5.0;3.0;ETHANOL
3710.0;6544.0;11355.0;19029.0;2989.0;4063.0;3103.0;5585.0;9936.0;17096.0;2746.0;4008.0;-12.0;-6.0;-5.0;1.0;ETHANOL
3671.0;6469.0;11241.0;18870.0;2978.0;4106.0;3170.0;5711.0;10158.0;17461.0;2816.0;4036.0;-13.0;-3.0;-7.0;1.0;ETHANOL
3769.0;6660.0;11524.0;19290.0;3024.0;4085.0;3106.0;5609.0;9753.0;17182.0;2771.0;4001.0;-14.0;-3.0;-7.0;3.0;ETHANOL
3668.0;6466.0;11233.0;18912.0;2962.0;4064.0;3102.0;5603.0;9921.0;17114.0;2747.0;4020.0;-14.0;-2.0;-7.0;3.0;ETHANOL
3681.0;6479.0;11286.0;18929.0;2972.0;4036.0;3085.0;5571.0;9900.0;16977.0;2739.0;3993.0;-13.0;-2.0;-7.0;1.0;ETHANOL
3690.0;6497.0;11311.0;18951.0;2988.0;4087.0;3158.0;5684.0;10087.0;17281.0;2776.0;4021.0;-11.0;-2.0;-5.0;3.0;ETHANOL
3736.0;6580.0;11385.0;19090.0;2982.0;4048.0;3107.0;5582.0;9951.0;17031.0;2758.0;4006.0;-10.0;-2.0;-5.0;3.0;ETHANOL
3682.0;6497.0;11252.0;18915.0;2968.0;4032.0;3089.0;5559.0;9866.0;16968.0;2738.0;3983.0;-6.0;-4.0;-1.0;5.0;ETHANOL
3656.0;6418.0;11213.0;18805.0;2953.0;4026.0;3093.0;5591.0;9943.0;17203.0;2783.0;4059.0;-6.0;-6.0;3.0;5.0;ETHANOL
3733.0;6602.0;11513.0;19209.0;3017.0;4103.0;3179.0;5674.0;10067.0;17371.0;2805.0;4087.0;-10.0;-6.0;3.0;5.0;ETHANOL
3793.0;6721.0;11671.0;19562.0;3085.0;4219.0;3327.0;5991.0;10631.0;18293.0;2939.0;4253.0;-6.0;-4.0;3.0;5.0;ETHANOL
3981.0;6997.0;12185.0;20207.0;3200.0;4380.0;3411.0;6146.0;10865.0;18708.0;3019.0;4371.0;-11.0;-6.0;3.0;5.0;ETHANOL
4103.0;7173.0;12430.0;20343.0;3200.0;4303.0;3311.0;5945.0;10498.0;17985.0;2893.0;4197.0;-11.0;-5.0;3.0;7.0;ETHANOL
3950.0;6936.0;12064.0;19977.0;3161.0;4280.0;3315.0;5956.0;10528.0;18103.0;2914.0;4233.0;-14.0;-4.0;3.0;3.0;ETHANOL
3944.0;6961.0;11973.0;20066.0;3175.0;4305.0;3344.0;6006.0;10638.0;18283.0;2936.0;4251.0;-14.0;-4.0;-6.0;0.0;ETHANOL
3955.0;6935.0;12042.0;19926.0;3128.0;4262.0;3308.0;5925.0;10456.0;17968.0;2878.0;4174.0;-14.0;-5.0;-6.0;-1.0;ETHANOL
3886.0;6846.0;11935.0;19874.0;3141.0;4282.0;3345.0;6033.0;10690.0;18339.0;2948.0;4248.0;-14.0;-3.0;-6.0;-1.0;ETHANOL
4012.0;7030.0;12204.0;20162.0;3188.0;4301.0;3360.0;6037.0;10727.0;18396.0;2958.0;4289.0;-14.0;-3.0;-3.0;0.0;ETHANOL
4010.0;7083.0;12219.0;20161.0;3174.0;4295.0;3322.0;5977.0;10507.0;18072.0;2902.0;4216.0;-14.0;-3.0;-2.0;8.0;ETHANOL
3889.0;6838.0;11877.0;19716.0;3109.0;4200.0;3244.0;5815.0;10310.0;17702.0;2828.0;4169.0;-10.0;-2.0;-2.0;4.0;ETHANOL
3973.0;7042.0;12361.0;20474.0;3258.0;4421.0;3487.0;6243.0;11008.0;18833.0;3014.0;4306.0;-14.0;0.0;-2.0;6.0;ETHANOL
3991.0;6992.0;12099.0;19979.0;3132.0;4225.0;3245.0;5827.0;10378.0;17739.0;2868.0;4156.0;-14.0;1.0;-2.0;3.0;ETHANOL
3850.0;6773.0;11794.0;19721.0;3118.0;4261.0;3320.0;5944.0;10545.0;18065.0;2889.0;4186.0;-7.0;1.0;-2.0;3.0;ETHANOL
3873.0;6821.0;11786.0;19636.0;3068.0;4178.0;3199.0;5773.0;10246.0;17626.0;2829.0;4116.0;-6.0;0.0;-1.0;3.0;ETHANOL
3838.0;6739.0;11711.0;19520.0;3081.0;4199.0;3260.0;5883.0;10384.0;17843.0;2851.0;4117.0;-6.0;-6.0;-1.0;3.0;ETHANOL
3865.0;6851.0;11926.0;19959.0;3161.0;4348.0;3437.0;6204.0;10922.0;18746.0;3005.0;4343.0;-6.0;-6.0;-1.0;6.0;ETHANOL
4078.0;7188.0;12483.0;20396.0;3217.0;4343.0;3343.0;6024.0;10630.0;18179.0;2929.0;4241.0;-7.0;-6.0;-1.0;2.0;ETHANOL
3933.0;6942.0;12019.0;19907.0;3135.0;4251.0;3287.0;5887.0;10477.0;17957.0;2873.0;4177.0;-11.0;-6.0;-3.0;4.0;ETHANOL
3871.0;6816.0;11869.0;19699.0;3115.0;4239.0;3341.0;6012.0;10642.0;18297.0;2964.0;4307.0;-11.0;-1.0;-3.0;4.0;ETHANOL
4053.0;7155.0;12478.0;20558.0;3295.0;4470.0;3595.0;6430.0;11328.0;19375.0;3106.0;4465.0;-11.0;-1.0;-3.0;4.0;ETHANOL
4199.0;7375.0;12701.0;20701.0;3292.0;4416.0;3439.0;6201.0;10917.0;18728.0;2996.0;4340.0;-11.0;-1.0;-3.0;5.0;ETHANOL
4066.0;7107.0;12261.0;20129.0;3174.0;4306.0;3372.0;6068.0;10745.0;18504.0;2976.0;4349.0;-9.0;-5.0;0.0;4.0;ETHANOL
4112.0;7224.0;12477.0;20438.0;3203.0;4310.0;3342.0;5986.0;10591.0;18106.0;2903.0;4182.0;-9.0;-5.0;0.0;0.0;ETHANOL
3914.0;6853.0;11873.0;19747.0;3108.0;4241.0;3278.0;5920.0;10465.0;17961.0;2897.0;4183.0;-9.0;-5.0;0.0;0.0;ETHANOL
3870.0;6841.0;11903.0;19755.0;3094.0;4213.0;3215.0;5794.0;10315.0;17777.0;2857.0;4183.0;-9.0;-6.0;0.0;0.0;ETHANOL
3907.0;6891.0;11965.0;20010.0;3184.0;4380.0;3464.0;6226.0;11072.0;19061.0;3082.0;4470.0;-9.0;-5.0;0.0;0.0;ETHANOL
4202.0;7385.0;12758.0;20818.0;3318.0;4494.0;3561.0;6364.0;11200.0;19121.0;3054.0;4376.0;-8.0;-4.0;0.0;-2.0;ETHANOL
4096.0;7201.0;12485.0;20511.0;3283.0;4452.0;3554.0;6367.0;11201.0;19223.0;3089.0;4452.0;-6.0;-4.0;3.0;-2.0;ETHANOL
4212.0;7385.0;12708.0;20692.0;3269.0;4393.0;3421.0;6121.0;10803.0;18499.0;2970.0;4296.0;-9.0;-4.0;-2.0;-8.0;ETHANOL
3975.0;6978.0;12104.0;20087.0;3173.0;4304.0;3335.0;6020.0;10655.0;18207.0;2926.0;4203.0;-6.0;-4.0;6.0;-3.0;ETHANOL
3925.0;6916.0;11996.0;19878.0;3128.0;4245.0;3304.0;5950.0;10525.0;18013.0;2896.0;4193.0;-3.0;-4.0;6.0;-3.0;ETHANOL
3870.0;6812.0;11809.0;19653.0;3103.0;4230.0;3251.0;5870.0;10390.0;17862.0;2884.0;4171.0;-3.0;-7.0;0.0;-3.0;ETHANOL
3860.0;6796.0;11792.0;19590.0;3084.0;4194.0;3223.0;5807.0;10293.0;17722.0;2862.0;4171.0;-6.0;-7.0;-2.0;0.0;ETHANOL
3872.0;6829.0;11822.0;19584.0;3080.0;4181.0;3184.0;5735.0;10172.0;17514.0;2811.0;4085.0;-4.0;-5.0;0.0;0.0;ETHANOL
3781.0;6660.0;11591.0;19359.0;3031.0;4140.0;3226.0;5783.0;10219.0;17534.0;2822.0;4118.0;-4.0;-5.0;-2.0;2.0;ETHANOL
3829.0;6723.0;11655.0;19474.0;3051.0;4173.0;3270.0;5924.0;10570.0;18194.0;2953.0;4310.0;-4.0;-5.0;-2.0;2.0;ETHANOL
4020.0;7097.0;12350.0;20425.0;3241.0;4352.0;3384.0;6070.0;10720.0;18330.0;2940.0;4271.0;-4.0;-3.0;-2.0;2.0;ETHANOL
3994.0;7011.0;12120.0;19943.0;3147.0;4226.0;3285.0;5853.0;10423.0;17842.0;2867.0;4173.0;-4.0;-3.0;-2.0;0.0;ETHANOL
3884.0;6852.0;11936.0;19982.0;3183.0;4365.0;3471.0;6242.0;10998.0;18781.0;2997.0;4314.0;-2.0;-3.0;-2.0;3.0;ETHANOL
4045.0;7097.0;12283.0;20153.0;3189.0;4326.0;3367.0;6065.0;10716.0;18366.0;2951.0;4264.0;-5.0;-2.0;-1.0;1.0;ETHANOL
3949.0;6928.0;12064.0;19939.0;3139.0;4273.0;3277.0;5920.0;10478.0;17889.0;2895.0;4172.0;-5.0;-2.0;-2.0;1.0;ETHANOL
3878.0;6826.0;11817.0;19645.0;3088.0;4192.0;3262.0;5886.0;10392.0;17782.0;2847.0;4157.0;-2.0;-2.0;-1.0;2.0;ETHANOL
3846.0;6789.0;11739.0;19549.0;3084.0;4197.0;3257.0;5846.0;10361.0;17756.0;2860.0;4159.0;-2.0;-4.0;-1.0;3.0;ETHANOL
3851.0;6794.0;11781.0;19488.0;3067.0;4173.0;3233.0;5827.0;10331.0;17659.0;2856.0;4140.0;-5.0;-5.0;-1.0;2.0;ETHANOL
3836.0;6765.0;11717.0;19562.0;3083.0;4210.0;3243.0;5850.0;10374.0;17825.0;2865.0;4176.0;-8.0;-6.0;-2.0;3.0;ETHANOL
3808.0;6748.0;11739.0;19509.0;3067.0;4185.0;3198.0;5796.0;10227.0;17593.0;2835.0;4139.0;-8.0;-6.0;-1.0;2.0;ETHANOL
3804.0;6702.0;11680.0;19550.0;3084.0;4163.0;3242.0;5847.0;10317.0;17702.0;2855.0;4146.0;-8.0;-5.0;-3.0;3.0;ETHANOL
3861.0;6838.0;11918.0;19833.0;3154.0;4270.0;3325.0;5988.0;10623.0;18155.0;2917.0;4225.0;-5.0;-2.0;-1.0;4.0;ETHANOL
3899.0;6864.0;11871.0;19794.0;3112.0;4213.0;3263.0;5889.0;10408.0;17866.0;2876.0;4169.0;-5.0;-1.0;-1.0;7.0;ETHANOL
3844.0;6790.0;11749.0;19610.0;3128.0;4340.0;3478.0;6257.0;11107.0;18997.0;3051.0;4388.0;-5.0;-1.0;-1.0;4.0;ETHANOL
4108.0;7218.0;12446.0;20486.0;3242.0;4312.0;3329.0;5981.0;10606.0;18208.0;2949.0;4301.0;-5.0;-1.0;-2.0;12.0;ETHANOL
4057.0;7219.0;12640.0;20674.0;3287.0;4425.0;3462.0;6205.0;10901.0;18707.0;2988.0;4328.0;-11.0;-1.0;-2.0;7.0;ETHANOL
4016.0;7023.0;12195.0;20127.0;3176.0;4295.0;3295.0;5920.0;10514.0;18033.0;2893.0;4193.0;-11.0;-1.0;-2.0;7.0;ETHANOL
3862.0;6798.0;11745.0;19552.0;3084.0;4185.0;3228.0;5803.0;10245.0;17560.0;2832.0;4142.0;-11.0;-3.0;-2.0;8.0;ETHANOL
3875.0;6817.0;11869.0;19738.0;3102.0;4221.0;3233.0;5835.0;10376.0;17836.0;2870.0;4151.0;-3.0;-3.0;0.0;8.0;ETHANOL
3895.0;6871.0;11889.0;19784.0;3130.0;4270.0;3362.0;6005.0;10648.0;18317.0;2944.0;4244.0;-1.0;-7.0;2.0;12.0;ETHANOL
3993.0;7050.0;12317.0;20339.0;3259.0;4441.0;3557.0;6385.0;11297.0;19292.0;3096.0;4436.0;-1.0;-3.0;1.0;2.0;ETHANOL
4215.0;7402.0;12747.0;20777.0;3310.0;4458.0;3534.0;6342.0;11163.0;19127.0;3054.0;4409.0;-1.0;-3.0;1.0;2.0;ETHANOL
4140.0;7255.0;12544.0;20623.0;3286.0;4457.0;3555.0;6377.0;11270.0;18982.0;3092.0;4489.0;-4.0;-2.0;1.0;2.0;ETHANOL
4305.0;7535.0;13045.0;21083.0;3402.0;4556.0;3658.0;6540.0;11494.0;19612.0;3132.0;4489.0;-4.0;-2.0;1.0;2.0;ETHANOL
4197.0;7348.0;12708.0;20711.0;3285.0;4406.0;3395.0;6127.0;10794.0;18507.0;2971.0;4306.0;-7.0;-2.0;1.0;3.0;ETHANOL
4000.0;7039.0;12187.0;20055.0;3164.0;4265.0;3306.0;5955.0;10509.0;18050.0;2897.0;4204.0;-7.0;-2.0;-2.0;3.0;ETHANOL
3905.0;6843.0;11875.0;19801.0;3123.0;4249.0;3319.0;5945.0;10451.0;18104.0;2893.0;4230.0;-10.0;-2.0;-2.0;5.0;ETHANOL
3926.0;6902.0;11931.0;19837.0;3130.0;4258.0;3332.0;6005.0;10614.0;18198.0;2941.0;4222.0;-10.0;-2.0;-2.0;3.0;ETHANOL
3928.0;6889.0;11993.0;19830.0;3113.0;4233.0;3238.0;5924.0;10472.0;17889.0;2877.0;4176.0;-10.0;-2.0;-2.0;2.0;ETHANOL
3907.0;6866.0;11892.0;19696.0;3103.0;4190.0;3209.0;5777.0;10259.0;17638.0;2841.0;4131.0;-11.0;-2.0;-2.0;2.0;ETHANOL
3928.0;6889.0;11993.0;19830.0;3113.0;4233.0;3238.0;5924.0;10472.0;17889.0;2877.0;4176.0;-11.0;-2.0;-2.0;2.0;ETHANOL
3851.0;6768.0;11792.0;19587.0;3090.0;4171.0;3232.0;5801.0;10293.0;17672.0;2851.0;4159.0;-6.0;-1.0;0.0;-3.0;ETHANOL
4108.0;7249.0;12541.0;20430.0;3248.0;4366.0;3450.0;6177.0;10938.0;18725.0;3004.0;4339.0;-2.0;0.0;1.0;-3.0;ETHANOL
