OFFCHIP_SENSIMOX_SnAu_150_200.0_IN-PHASE;OFFCHIP_SENSIMOX_SnAu_200_200.0_IN-PHASE;OFFCHIP_SENSIMOX_SnAu_250_200.0_IN-PHASE;OFFCHIP_SENSIMOX_SnAu_300_200.0_IN-PHASE;OFFCHIP_SENSIMOX_SnAu_350_200.0_IN-PHASE;OFFCHIP_SENSIMOX_SnAu_400_200.0_IN-PHASE;OFFCHIP_SENSIMOX_SnAu_150_78125.0_IN-PHASE;OFFCHIP_SENSIMOX_SnAu_200_78125.0_IN-PHASE;OFFCHIP_SENSIMOX_SnAu_250_78125.0_IN-PHASE;OFFCHIP_SENSIMOX_SnAu_300_78125.0_IN-PHASE;OFFCHIP_SENSIMOX_SnAu_350_78125.0_IN-PHASE;OFFCHIP_SENSIMOX_SnAu_400_78125.0_IN-PHASE;ONCHIP_ALUMINUM_OXIDE_OUT4_IN-PHASE;ONCHIP_ALUMINUM_OXIDE_OUT4_QUADRATURE;ONCHIP_ALUMINUM_OXIDE_OUT7_IN-PHASE;ONCHIP_ALUMINUM_OXIDE_OUT7_QUADRATURE;Unname;LABEL
1.0;1.0;1.0;1.0;1.0;1.0;1.0;1.0;1.0;1.0;1.0;1.0;1.0;1.0;1.0;1.0;NITROMETHANE
4.0;6.0;20.0;34.0;6.0;7.0;2.0;7.0;14.0;26.0;4.0;7.0;2.0;-5.0;25.0;-14.0;NITROMETHANE
4.0;7.0;22.0;48.0;9.0;13.0;3.0;7.0;14.0;26.0;4.0;7.0;1.0;-8.0;26.0;-14.0;NITROMETHANE
4.0;7.0;22.0;48.0;9.0;18.0;3.0;7.0;16.0;26.0;8.0;15.0;1.0;-6.0;17.0;-14.0;NITROMETHANE
12.0;21.0;53.0;111.0;23.0;42.0;8.0;19.0;44.0;96.0;21.0;42.0;1.0;-8.0;18.0;-14.0;NITROMETHANE
17.0;34.0;75.0;166.0;32.0;60.0;14.0;27.0;63.0;135.0;28.0;51.0;-2.0;-8.0;18.0;-14.0;NITROMETHANE
19.0;39.0;86.0;180.0;36.0;63.0;17.0;39.0;78.0;148.0;33.0;62.0;1.0;-8.0;28.0;-20.0;NITROMETHANE
21.0;42.0;98.0;220.0;45.0;84.0;23.0;50.0;107.0;219.0;44.0;77.0;2.0;-6.0;18.0;-20.0;NITROMETHANE
31.0;61.0;130.0;269.0;54.0;94.0;24.0;53.0;117.0;245.0;47.0;86.0;2.0;-7.0;13.0;-15.0;NITROMETHANE
29.0;56.0;119.0;258.0;51.0;91.0;27.0;56.0;114.0;228.0;44.0;82.0;2.0;-7.0;10.0;-15.0;NITROMETHANE
31.0;66.0;135.0;292.0;56.0;97.0;26.0;54.0;116.0;233.0;46.0;80.0;4.0;-6.0;25.0;-19.0;NITROMETHANE
27.0;56.0;117.0;251.0;49.0;83.0;21.0;41.0;86.0;182.0;36.0;65.0;4.0;-7.0;31.0;-19.0;NITROMETHANE
21.0;42.0;92.0;199.0;39.0;70.0;17.0;37.0;81.0;164.0;34.0;64.0;9.0;-7.0;25.0;-19.0;NITROMETHANE
24.0;49.0;104.0;224.0;42.0;74.0;17.0;37.0;82.0;170.0;33.0;60.0;9.0;-7.0;24.0;-19.0;NITROMETHANE
22.0;44.0;94.0;194.0;37.0;68.0;21.0;41.0;79.0;155.0;33.0;63.0;10.0;-7.0;20.0;-17.0;NITROMETHANE
22.0;45.0;98.0;205.0;41.0;76.0;18.0;38.0;82.0;174.0;37.0;68.0;3.0;-7.0;11.0;-16.0;NITROMETHANE
25.0;52.0;109.0;236.0;47.0;86.0;22.0;46.0;98.0;201.0;43.0;77.0;1.0;-7.0;15.0;-16.0;NITROMETHANE
32.0;64.0;137.0;278.0;56.0;100.0;25.0;53.0;123.0;249.0;49.0;87.0;1.0;-7.0;16.0;-17.0;NITROMETHANE
33.0;65.0;135.0;286.0;54.0;94.0;24.0;50.0;107.0;231.0;45.0;81.0;2.0;-7.0;15.0;-24.0;NITROMETHANE
28.0;56.0;118.0;248.0;49.0;88.0;21.0;46.0;97.0;212.0;43.0;80.0;2.0;-8.0;16.0;-24.0;NITROMETHANE
27.0;57.0;116.0;246.0;48.0;89.0;19.0;45.0;96.0;201.0;43.0;77.0;2.0;-6.0;22.0;-24.0;NITROMETHANE
31.0;59.0;120.0;245.0;47.0;86.0;22.0;45.0;100.0;213.0;43.0;79.0;2.0;-6.0;26.0;-25.0;NITROMETHANE
32.0;66.0;133.0;273.0;54.0;95.0;24.0;49.0;114.0;227.0;47.0;87.0;2.0;-7.0;26.0;-23.0;NITROMETHANE
32.0;67.0;141.0;303.0;59.0;105.0;29.0;60.0;131.0;272.0;54.0;98.0;16.0;-6.0;34.0;-21.0;NITROMETHANE
38.0;73.0;154.0;328.0;64.0;111.0;30.0;63.0;141.0;286.0;55.0;100.0;3.0;-6.0;26.0;-21.0;NITROMETHANE
36.0;74.0;153.0;323.0;61.0;107.0;26.0;59.0;131.0;265.0;55.0;96.0;3.0;-6.0;26.0;-21.0;NITROMETHANE
33.0;66.0;138.0;292.0;58.0;101.0;25.0;53.0;121.0;256.0;52.0;95.0;3.0;-7.0;21.0;-19.0;NITROMETHANE
35.0;69.0;149.0;320.0;63.0;112.0;35.0;70.0;148.0;290.0;56.0;98.0;8.0;-8.0;31.0;-19.0;NITROMETHANE
36.0;69.0;149.0;306.0;58.0;102.0;26.0;57.0;124.0;249.0;50.0;92.0;12.0;-8.0;35.0;-19.0;NITROMETHANE
31.0;61.0;131.0;278.0;55.0;96.0;26.0;54.0;115.0;228.0;46.0;85.0;15.0;-8.0;33.0;-19.0;NITROMETHANE
32.0;64.0;129.0;274.0;53.0;92.0;22.0;52.0;112.0;226.0;48.0;87.0;20.0;-2.0;31.0;-16.0;NITROMETHANE
34.0;64.0;133.0;285.0;56.0;98.0;23.0;52.0;111.0;226.0;49.0;90.0;10.0;-2.0;20.0;-16.0;NITROMETHANE
36.0;70.0;152.0;325.0;63.0;114.0;33.0;73.0;152.0;302.0;59.0;108.0;6.0;-2.0;18.0;-20.0;NITROMETHANE
40.0;78.0;162.0;350.0;68.0;123.0;31.0;69.0;150.0;311.0;62.0;116.0;10.0;-9.0;30.0;-19.0;NITROMETHANE
42.0;84.0;176.0;375.0;71.0;125.0;35.0;74.0;154.0;310.0;62.0;113.0;7.0;-9.0;48.0;-19.0;NITROMETHANE
41.0;79.0;166.0;340.0;70.0;122.0;34.0;70.0;151.0;304.0;60.0;111.0;7.0;-9.0;29.0;-20.0;NITROMETHANE
42.0;84.0;169.0;352.0;67.0;121.0;31.0;66.0;147.0;310.0;61.0;113.0;7.0;-9.0;31.0;-20.0;NITROMETHANE
43.0;87.0;182.0;371.0;73.0;130.0;37.0;75.0;158.0;335.0;65.0;121.0;0.0;-9.0;20.0;-20.0;NITROMETHANE
42.0;86.0;183.0;385.0;75.0;134.0;34.0;73.0;160.0;342.0;71.0;125.0;0.0;-7.0;26.0;-20.0;NITROMETHANE
45.0;87.0;180.0;380.0;74.0;128.0;37.0;79.0;159.0;315.0;62.0;113.0;0.0;-7.0;29.0;-20.0;NITROMETHANE
39.0;78.0;160.0;340.0;68.0;121.0;32.0;68.0;144.0;299.0;60.0;107.0;0.0;-9.0;19.0;-21.0;NITROMETHANE
39.0;74.0;162.0;337.0;66.0;121.0;33.0;66.0;144.0;294.0;60.0;109.0;0.0;-5.0;23.0;-19.0;NITROMETHANE
41.0;82.0;170.0;358.0;70.0;123.0;33.0;74.0;157.0;317.0;63.0;116.0;4.0;-4.0;25.0;-18.0;NITROMETHANE
40.0;80.0;169.0;356.0;69.0;124.0;35.0;72.0;152.0;315.0;63.0;113.0;7.0;-5.0;33.0;-18.0;NITROMETHANE
42.0;85.0;170.0;357.0;70.0;124.0;37.0;80.0;163.0;326.0;64.0;118.0;3.0;-5.0;22.0;-24.0;NITROMETHANE
45.0;93.0;186.0;386.0;75.0;134.0;37.0;80.0;162.0;331.0;67.0;123.0;3.0;-5.0;24.0;-18.0;NITROMETHANE
41.0;83.0;172.0;375.0;71.0;127.0;31.0;70.0;149.0;316.0;65.0;113.0;3.0;-5.0;26.0;-24.0;NITROMETHANE
39.0;78.0;168.0;350.0;69.0;124.0;34.0;70.0;155.0;314.0;62.0;116.0;3.0;-7.0;35.0;-28.0;NITROMETHANE
43.0;83.0;174.0;368.0;72.0;130.0;37.0;75.0;159.0;321.0;66.0;122.0;8.0;-9.0;41.0;-28.0;NITROMETHANE
41.0;82.0;179.0;389.0;76.0;139.0;35.0;75.0;170.0;362.0;72.0;133.0;8.0;-9.0;43.0;-21.0;NITROMETHANE
48.0;93.0;197.0;410.0;80.0;148.0;45.0;90.0;186.0;394.0;79.0;144.0;13.0;-9.0;39.0;-21.0;NITROMETHANE
54.0;105.0;212.0;457.0;88.0;159.0;44.0;89.0;191.0;403.0;81.0;151.0;10.0;-9.0;26.0;-21.0;NITROMETHANE
57.0;113.0;228.0;487.0;94.0;166.0;46.0;96.0;198.0;412.0;83.0;155.0;6.0;-7.0;23.0;-17.0;NITROMETHANE
56.0;111.0;230.0;475.0;90.0;158.0;42.0;89.0;185.0;392.0;78.0;141.0;6.0;-6.0;30.0;-17.0;NITROMETHANE
50.0;99.0;204.0;431.0;85.0;150.0;42.0;93.0;198.0;400.0;79.0;141.0;5.0;-7.0;30.0;-17.0;NITROMETHANE
53.0;106.0;218.0;464.0;90.0;162.0;46.0;96.0;211.0;431.0;88.0;160.0;5.0;-7.0;32.0;-17.0;NITROMETHANE
61.0;121.0;246.0;521.0;101.0;179.0;52.0;108.0;229.0;489.0;97.0;176.0;5.0;-6.0;30.0;-16.0;NITROMETHANE
65.0;128.0;257.0;552.0;108.0;193.0;53.0;112.0;234.0;499.0;98.0;178.0;5.0;-10.0;22.0;-16.0;NITROMETHANE
69.0;135.0;280.0;585.0;111.0;196.0;58.0;121.0;259.0;520.0;101.0;181.0;5.0;-10.0;15.0;-14.0;NITROMETHANE
69.0;138.0;278.0;589.0;111.0;195.0;56.0;118.0;245.0;508.0;98.0;179.0;8.0;-4.0;22.0;-16.0;NITROMETHANE
65.0;128.0;260.0;546.0;105.0;188.0;58.0;120.0;251.0;498.0;96.0;172.0;12.0;-4.0;21.0;-16.0;NITROMETHANE
62.0;121.0;254.0;526.0;102.0;183.0;50.0;106.0;219.0;455.0;90.0;165.0;13.0;-6.0;25.0;-16.0;NITROMETHANE
61.0;118.0;243.0;503.0;97.0;175.0;47.0;102.0;221.0;444.0;90.0;160.0;11.0;-6.0;18.0;-17.0;NITROMETHANE
61.0;120.0;246.0;516.0;102.0;180.0;54.0;115.0;232.0;470.0;92.0;169.0;5.0;-8.0;23.0;-17.0;NITROMETHANE
67.0;132.0;273.0;563.0;110.0;191.0;54.0;111.0;230.0;481.0;96.0;175.0;11.0;-12.0;34.0;-17.0;NITROMETHANE
65.0;131.0;265.0;551.0;108.0;193.0;52.0;109.0;229.0;485.0;98.0;177.0;7.0;-8.0;23.0;-24.0;NITROMETHANE
65.0;128.0;263.0;550.0;108.0;194.0;53.0;114.0;236.0;503.0;99.0;181.0;14.0;-12.0;34.0;-24.0;NITROMETHANE
67.0;133.0;274.0;575.0;113.0;203.0;55.0;116.0;246.0;527.0;106.0;195.0;7.0;-12.0;23.0;-24.0;NITROMETHANE
71.0;140.0;288.0;604.0;117.0;209.0;57.0;123.0;259.0;538.0;107.0;192.0;10.0;-5.0;33.0;-24.0;NITROMETHANE
70.0;140.0;282.0;594.0;116.0;205.0;57.0;119.0;252.0;521.0;105.0;193.0;10.0;-5.0;44.0;-22.0;NITROMETHANE
68.0;138.0;285.0;610.0;119.0;213.0;62.0;129.0;264.0;560.0;111.0;203.0;6.0;-5.0;34.0;-22.0;NITROMETHANE
74.0;144.0;298.0;634.0;124.0;219.0;62.0;131.0;274.0;575.0;114.0;209.0;3.0;-5.0;10.0;-19.0;NITROMETHANE
84.0;161.0;321.0;675.0;132.0;233.0;67.0;139.0;302.0;630.0;124.0;228.0;3.0;-5.0;14.0;-19.0;NITROMETHANE
84.0;166.0;338.0;710.0;138.0;244.0;73.0;153.0;313.0;641.0;127.0;227.0;3.0;-3.0;14.0;-19.0;NITROMETHANE
87.0;171.0;345.0;728.0;141.0;245.0;71.0;147.0;315.0;640.0;125.0;226.0;9.0;-3.0;34.0;-22.0;NITROMETHANE
84.0;166.0;341.0;704.0;135.0;236.0;65.0;135.0;295.0;618.0;122.0;217.0;13.0;-3.0;27.0;-19.0;NITROMETHANE
82.0;160.0;320.0;664.0;128.0;226.0;63.0;133.0;285.0;592.0;114.0;208.0;9.0;-4.0;24.0;-19.0;NITROMETHANE
73.0;146.0;298.0;620.0;122.0;220.0;68.0;141.0;295.0;593.0;117.0;206.0;10.0;-4.0;28.0;-19.0;NITROMETHANE
75.0;151.0;307.0;651.0;126.0;223.0;67.0;139.0;295.0;603.0;115.0;207.0;17.0;-7.0;36.0;-19.0;NITROMETHANE
80.0;155.0;316.0;647.0;124.0;218.0;65.0;138.0;286.0;578.0;114.0;206.0;10.0;-9.0;38.0;-19.0;NITROMETHANE
78.0;152.0;311.0;652.0;127.0;226.0;63.0;135.0;286.0;601.0;117.0;212.0;13.0;-10.0;25.0;-16.0;NITROMETHANE
78.0;156.0;326.0;673.0;130.0;231.0;67.0;137.0;295.0;602.0;119.0;219.0;10.0;-9.0;33.0;-20.0;NITROMETHANE
83.0;165.0;335.0;696.0;134.0;235.0;66.0;141.0;303.0;623.0;125.0;225.0;12.0;-7.0;33.0;-20.0;NITROMETHANE
85.0;166.0;334.0;695.0;135.0;241.0;71.0;149.0;315.0;652.0;125.0;225.0;13.0;-6.0;36.0;-15.0;NITROMETHANE
87.0;168.0;337.0;718.0;137.0;242.0;70.0;144.0;306.0;629.0;125.0;225.0;12.0;-6.0;39.0;-15.0;NITROMETHANE
85.0;168.0;341.0;712.0;139.0;244.0;72.0;151.0;319.0;655.0;129.0;232.0;9.0;-6.0;36.0;-17.0;NITROMETHANE
90.0;175.0;356.0;732.0;141.0;250.0;74.0;153.0;323.0;655.0;131.0;234.0;9.0;-6.0;39.0;-14.0;NITROMETHANE
84.0;167.0;344.0;726.0;139.0;247.0;72.0;153.0;324.0;668.0;130.0;236.0;9.0;-9.0;20.0;-17.0;NITROMETHANE
88.0;176.0;352.0;743.0;144.0;250.0;75.0;153.0;321.0;666.0;132.0;235.0;13.0;-9.0;30.0;-17.0;NITROMETHANE
90.0;177.0;353.0;744.0;144.0;254.0;73.0;149.0;322.0;667.0;131.0;237.0;2.0;-10.0;18.0;-17.0;NITROMETHANE
90.0;178.0;361.0;755.0;146.0;253.0;73.0;156.0;323.0;664.0;133.0;237.0;2.0;-6.0;18.0;-16.0;NITROMETHANE
90.0;176.0;350.0;738.0;141.0;247.0;71.0;147.0;312.0;643.0;129.0;233.0;0.0;-6.0;25.0;-18.0;NITROMETHANE
84.0;167.0;343.0;714.0;141.0;248.0;71.0;148.0;321.0;662.0;129.0;236.0;2.0;-6.0;35.0;-18.0;NITROMETHANE
89.0;174.0;352.0;732.0;140.0;247.0;72.0;153.0;314.0;655.0;127.0;233.0;3.0;-6.0;29.0;-20.0;NITROMETHANE
85.0;167.0;338.0;706.0;137.0;241.0;72.0;150.0;309.0;648.0;124.0;225.0;3.0;-3.0;23.0;-20.0;NITROMETHANE
85.0;167.0;336.0;705.0;138.0;243.0;71.0;143.0;305.0;636.0;124.0;229.0;6.0;-2.0;28.0;-20.0;NITROMETHANE
85.0;167.0;343.0;708.0;140.0;248.0;78.0;161.0;332.0;676.0;132.0;237.0;4.0;-6.0;30.0;-16.0;NITROMETHANE
93.0;181.0;367.0;770.0;148.0;259.0;79.0;168.0;348.0;706.0;137.0;244.0;4.0;-6.0;26.0;-16.0;NITROMETHANE
90.0;177.0;365.0;760.0;148.0;261.0;80.0;165.0;351.0;721.0;142.0;253.0;4.0;-7.0;26.0;-16.0;NITROMETHANE
96.0;187.0;386.0;813.0;157.0;278.0;85.0;175.0;376.0;747.0;146.0;261.0;5.0;-7.0;28.0;-18.0;NITROMETHANE
98.0;196.0;387.0;817.0;160.0;282.0;84.0;177.0;373.0;765.0;149.0;269.0;6.0;-7.0;24.0;-18.0;NITROMETHANE
106.0;205.0;414.0;857.0;164.0;289.0;87.0;178.0;370.0;754.0;152.0;274.0;3.0;-7.0;33.0;-20.0;NITROMETHANE
100.0;197.0;408.0;858.0;167.0;292.0;90.0;189.0;394.0;804.0;154.0;281.0;3.0;-6.0;19.0;-19.0;NITROMETHANE
105.0;208.0;418.0;873.0;167.0;295.0;85.0;181.0;380.0;782.0;153.0;275.0;3.0;-6.0;17.0;-19.0;NITROMETHANE
104.0;206.0;415.0;867.0;168.0;294.0;89.0;188.0;392.0;798.0;156.0;281.0;3.0;-8.0;19.0;-19.0;NITROMETHANE
105.0;208.0;415.0;874.0;172.0;299.0;94.0;194.0;404.0;825.0;161.0;286.0;0.0;-8.0;26.0;-19.0;NITROMETHANE
108.0;210.0;423.0;885.0;172.0;303.0;87.0;184.0;390.0;815.0;161.0;289.0;3.0;-8.0;24.0;-19.0;NITROMETHANE
111.0;215.0;432.0;904.0;176.0;308.0;95.0;197.0;416.0;851.0;163.0;291.0;2.0;-8.0;20.0;-19.0;NITROMETHANE
111.0;218.0;439.0;926.0;177.0;309.0;91.0;186.0;394.0;822.0;161.0;288.0;2.0;-6.0;14.0;-19.0;NITROMETHANE
110.0;219.0;441.0;921.0;178.0;314.0;95.0;198.0;420.0;854.0;166.0;299.0;8.0;-6.0;20.0;-19.0;NITROMETHANE
114.0;220.0;444.0;935.0;178.0;312.0;91.0;189.0;398.0;829.0;163.0;294.0;8.0;-9.0;28.0;-19.0;NITROMETHANE
112.0;216.0;432.0;901.0;173.0;303.0;88.0;186.0;394.0;815.0;157.0;283.0;9.0;-6.0;27.0;-19.0;NITROMETHANE
107.0;210.0;421.0;865.0;168.0;293.0;90.0;191.0;395.0;799.0;155.0;277.0;11.0;-6.0;27.0;-19.0;NITROMETHANE
106.0;209.0;419.0;878.0;170.0;298.0;93.0;189.0;404.0;801.0;156.0;283.0;15.0;-8.0;33.0;-21.0;NITROMETHANE
111.0;216.0;433.0;901.0;173.0;300.0;93.0;193.0;398.0;806.0;158.0;289.0;3.0;-5.0;36.0;-19.0;NITROMETHANE
110.0;217.0;432.0;917.0;176.0;310.0;98.0;200.0;413.0;847.0;168.0;300.0;11.0;-5.0;31.0;-24.0;NITROMETHANE
116.0;230.0;458.0;957.0;185.0;325.0;96.0;202.0;428.0;888.0;176.0;313.0;7.0;-6.0;36.0;-24.0;NITROMETHANE
122.0;234.0;471.0;996.0;192.0;332.0;103.0;212.0;449.0;914.0;178.0;322.0;3.0;-7.0;38.0;-18.0;NITROMETHANE
121.0;239.0;478.0;1002.0;196.0;342.0;105.0;217.0;463.0;935.0;183.0;332.0;3.0;-6.0;38.0;-18.0;NITROMETHANE
126.0;246.0;490.0;1033.0;198.0;350.0;108.0;219.0;461.0;947.0;187.0;332.0;7.0;-7.0;36.0;-23.0;NITROMETHANE
130.0;255.0;521.0;1074.0;203.0;354.0;103.0;214.0;455.0;954.0;187.0;332.0;3.0;-7.0;28.0;-21.0;NITROMETHANE
125.0;243.0;489.0;1026.0;198.0;350.0;107.0;223.0;469.0;966.0;187.0;335.0;2.0;-7.0;36.0;-21.0;NITROMETHANE
124.0;245.0;492.0;1044.0;199.0;351.0;113.0;229.0;472.0;958.0;187.0;334.0;1.0;-6.0;29.0;-21.0;NITROMETHANE
123.0;246.0;498.0;1046.0;202.0;353.0;117.0;241.0;490.0;987.0;190.0;339.0;1.0;-6.0;14.0;-21.0;NITROMETHANE
129.0;255.0;509.0;1073.0;208.0;364.0;111.0;230.0;480.0;988.0;194.0;349.0;1.0;-6.0;10.0;-16.0;NITROMETHANE
134.0;262.0;529.0;1101.0;213.0;374.0;116.0;241.0;504.0;1030.0;199.0;355.0;1.0;-6.0;14.0;-15.0;NITROMETHANE
139.0;272.0;544.0;1141.0;219.0;384.0;124.0;256.0;530.0;1066.0;207.0;371.0;-4.0;-4.0;32.0;-15.0;NITROMETHANE
144.0;282.0;565.0;1180.0;227.0;395.0;125.0;254.0;532.0;1075.0;210.0;373.0;-4.0;-8.0;45.0;-15.0;NITROMETHANE
141.0;277.0;553.0;1152.0;219.0;385.0;115.0;239.0;505.0;1049.0;203.0;361.0;6.0;-9.0;32.0;-19.0;NITROMETHANE
138.0;270.0;537.0;1124.0;219.0;379.0;115.0;235.0;504.0;1033.0;202.0;358.0;6.0;-9.0;35.0;-19.0;NITROMETHANE
135.0;265.0;530.0;1093.0;212.0;369.0;113.0;227.0;486.0;982.0;196.0;352.0;-4.0;-10.0;30.0;-21.0;NITROMETHANE
130.0;258.0;515.0;1079.0;208.0;369.0;110.0;229.0;479.0;992.0;194.0;347.0;11.0;-10.0;41.0;-21.0;NITROMETHANE
132.0;257.0;517.0;1083.0;208.0;364.0;115.0;237.0;493.0;1019.0;197.0;348.0;6.0;-10.0;28.0;-21.0;NITROMETHANE
131.0;260.0;512.0;1078.0;207.0;367.0;114.0;235.0;490.0;1012.0;198.0;351.0;5.0;-10.0;28.0;-21.0;NITROMETHANE
133.0;264.0;529.0;1105.0;216.0;374.0;119.0;248.0;513.0;1040.0;201.0;360.0;5.0;-8.0;13.0;-20.0;NITROMETHANE
142.0;282.0;552.0;1157.0;221.0;382.0;115.0;239.0;512.0;1042.0;203.0;361.0;5.0;-8.0;17.0;-20.0;NITROMETHANE
134.0;269.0;544.0;1134.0;219.0;385.0;117.0;240.0;517.0;1038.0;205.0;369.0;5.0;-8.0;35.0;-24.0;NITROMETHANE
142.0;277.0;551.0;1159.0;224.0;389.0;120.0;247.0;523.0;1070.0;209.0;372.0;5.0;-8.0;19.0;-24.0;NITROMETHANE
141.0;279.0;559.0;1175.0;227.0;399.0;121.0;249.0;520.0;1075.0;209.0;379.0;5.0;-11.0;30.0;-20.0;NITROMETHANE
139.0;276.0;547.0;1154.0;224.0;394.0;119.0;247.0;522.0;1078.0;209.0;378.0;5.0;-12.0;28.0;-20.0;NITROMETHANE
139.0;275.0;554.0;1176.0;225.0;391.0;119.0;247.0;523.0;1069.0;209.0;370.0;5.0;-12.0;22.0;-20.0;NITROMETHANE
142.0;279.0;554.0;1187.0;226.0;399.0;127.0;265.0;550.0;1100.0;216.0;383.0;2.0;-11.0;23.0;-17.0;NITROMETHANE
151.0;290.0;583.0;1224.0;233.0;408.0;126.0;264.0;554.0;1115.0;218.0;390.0;2.0;-6.0;16.0;-20.0;NITROMETHANE
148.0;293.0;592.0;1233.0;237.0;411.0;128.0;267.0;562.0;1144.0;222.0;397.0;8.0;-6.0;23.0;-18.0;NITROMETHANE
159.0;310.0;619.0;1285.0;245.0;422.0;131.0;273.0;567.0;1154.0;225.0;406.0;1.0;-6.0;29.0;-18.0;NITROMETHANE
158.0;305.0;613.0;1285.0;248.0;430.0;139.0;284.0;580.0;1188.0;231.0;410.0;1.0;-6.0;27.0;-18.0;NITROMETHANE
156.0;307.0;607.0;1282.0;246.0;431.0;139.0;287.0;595.0;1207.0;233.0;415.0;1.0;-7.0;21.0;-22.0;NITROMETHANE
162.0;314.0;636.0;1316.0;255.0;438.0;140.0;284.0;588.0;1191.0;233.0;417.0;1.0;-7.0;26.0;-19.0;NITROMETHANE
159.0;310.0;617.0;1300.0;252.0;435.0;137.0;285.0;598.0;1212.0;235.0;415.0;1.0;-7.0;25.0;-19.0;NITROMETHANE
157.0;309.0;619.0;1295.0;250.0;435.0;145.0;295.0;601.0;1216.0;234.0;419.0;5.0;-4.0;27.0;-19.0;NITROMETHANE
162.0;314.0;633.0;1320.0;253.0;441.0;136.0;284.0;602.0;1235.0;236.0;421.0;5.0;-4.0;23.0;-18.0;NITROMETHANE
168.0;328.0;647.0;1341.0;258.0;445.0;139.0;285.0;597.0;1225.0;241.0;423.0;6.0;-4.0;21.0;-18.0;NITROMETHANE
168.0;325.0;647.0;1339.0;258.0;448.0;139.0;290.0;614.0;1254.0;239.0;430.0;5.0;-5.0;19.0;-18.0;NITROMETHANE
164.0;323.0;643.0;1354.0;260.0;451.0;140.0;289.0;613.0;1252.0;243.0;435.0;6.0;-8.0;16.0;-19.0;NITROMETHANE
171.0;332.0;667.0;1386.0;265.0;459.0;144.0;294.0;611.0;1255.0;244.0;437.0;13.0;-8.0;39.0;-20.0;NITROMETHANE
169.0;329.0;653.0;1366.0;263.0;457.0;144.0;297.0;616.0;1257.0;243.0;439.0;12.0;-5.0;41.0;-20.0;NITROMETHANE
168.0;329.0;652.0;1348.0;261.0;455.0;146.0;304.0;633.0;1273.0;248.0;439.0;12.0;-4.0;39.0;-22.0;NITROMETHANE
170.0;334.0;659.0;1365.0;263.0;454.0;141.0;289.0;609.0;1250.0;243.0;434.0;10.0;-4.0;35.0;-23.0;NITROMETHANE
164.0;318.0;641.0;1349.0;261.0;453.0;146.0;300.0;623.0;1261.0;245.0;438.0;13.0;-4.0;44.0;-23.0;NITROMETHANE
168.0;328.0;662.0;1376.0;262.0;461.0;145.0;293.0;607.0;1242.0;243.0;441.0;17.0;-5.0;53.0;-25.0;NITROMETHANE
169.0;329.0;657.0;1361.0;262.0;453.0;143.0;294.0;611.0;1239.0;243.0;431.0;8.0;-10.0;40.0;-25.0;NITROMETHANE
164.0;322.0;645.0;1344.0;258.0;447.0;145.0;295.0;621.0;1249.0;240.0;429.0;6.0;-10.0;23.0;-25.0;NITROMETHANE
163.0;318.0;640.0;1333.0;256.0;448.0;137.0;283.0;596.0;1224.0;238.0;432.0;1.0;-10.0;21.0;-20.0;NITROMETHANE
164.0;321.0;643.0;1359.0;259.0;453.0;140.0;294.0;609.0;1247.0;243.0;436.0;0.0;-5.0;29.0;-20.0;NITROMETHANE
172.0;332.0;663.0;1389.0;265.0;456.0;147.0;298.0;626.0;1289.0;248.0;442.0;1.0;-5.0;29.0;-20.0;NITROMETHANE
180.0;348.0;692.0;1435.0;272.0;470.0;146.0;302.0;621.0;1296.0;250.0;449.0;1.0;-5.0;29.0;-20.0;NITROMETHANE
175.0;339.0;681.0;1421.0;272.0;474.0;148.0;304.0;633.0;1303.0;254.0;458.0;14.0;-10.0;25.0;-21.0;NITROMETHANE
179.0;350.0;700.0;1456.0;277.0;479.0;151.0;313.0;666.0;1345.0;260.0;463.0;16.0;-5.0;40.0;-22.0;NITROMETHANE
175.0;344.0;686.0;1420.0;276.0;478.0;155.0;322.0;663.0;1340.0;259.0;463.0;10.0;-5.0;29.0;-23.0;NITROMETHANE
181.0;357.0;702.0;1470.0;284.0;490.0;157.0;327.0;682.0;1389.0;266.0;471.0;10.0;-8.0;34.0;-23.0;NITROMETHANE
179.0;354.0;711.0;1475.0;285.0;491.0;159.0;324.0;678.0;1382.0;267.0;470.0;5.0;-5.0;30.0;-23.0;NITROMETHANE
181.0;355.0;711.0;1482.0;285.0;491.0;156.0;323.0;680.0;1375.0;265.0;468.0;5.0;-5.0;27.0;-24.0;NITROMETHANE
182.0;355.0;712.0;1498.0;285.0;496.0;158.0;322.0;678.0;1373.0;267.0;477.0;4.0;-8.0;28.0;-23.0;NITROMETHANE
191.0;369.0;744.0;1548.0;293.0;499.0;169.0;338.0;696.0;1403.0;268.0;469.0;-3.0;-8.0;32.0;-19.0;NITROMETHANE
181.0;355.0;703.0;1470.0;282.0;490.0;154.0;318.0;668.0;1374.0;266.0;472.0;4.0;-8.0;23.0;-19.0;NITROMETHANE
182.0;354.0;711.0;1478.0;286.0;499.0;156.0;319.0;675.0;1394.0;268.0;481.0;0.0;-8.0;25.0;-19.0;NITROMETHANE
189.0;367.0;740.0;1553.0;300.0;520.0;176.0;360.0;745.0;1489.0;285.0;503.0;0.0;-9.0;31.0;-19.0;NITROMETHANE
197.0;382.0;754.0;1573.0;303.0;525.0;171.0;349.0;730.0;1461.0;284.0;502.0;6.0;-6.0;25.0;-22.0;NITROMETHANE
196.0;385.0;764.0;1573.0;302.0;525.0;170.0;341.0;710.0;1453.0;281.0;501.0;8.0;-6.0;32.0;-23.0;NITROMETHANE
195.0;379.0;765.0;1578.0;302.0;523.0;167.0;342.0;717.0;1448.0;282.0;504.0;4.0;-8.0;39.0;-23.0;NITROMETHANE
194.0;377.0;759.0;1592.0;304.0;527.0;165.0;340.0;711.0;1463.0;282.0;506.0;4.0;-8.0;23.0;-23.0;NITROMETHANE
199.0;385.0;771.0;1610.0;306.0;529.0;176.0;352.0;726.0;1493.0;286.0;511.0;4.0;-8.0;24.0;-23.0;NITROMETHANE
200.0;395.0;774.0;1617.0;308.0;535.0;177.0;361.0;753.0;1528.0;293.0;515.0;3.0;-8.0;23.0;-14.0;NITROMETHANE
203.0;394.0;788.0;1631.0;314.0;535.0;171.0;349.0;727.0;1475.0;286.0;512.0;8.0;-8.0;37.0;-14.0;NITROMETHANE
206.0;405.0;793.0;1641.0;314.0;539.0;173.0;355.0;759.0;1535.0;295.0;516.0;3.0;-8.0;23.0;-21.0;NITROMETHANE
204.0;400.0;794.0;1645.0;314.0;539.0;178.0;365.0;754.0;1521.0;291.0;511.0;11.0;-5.0;33.0;-22.0;NITROMETHANE
198.0;388.0;771.0;1606.0;305.0;529.0;176.0;359.0;756.0;1507.0;288.0;506.0;11.0;-5.0;23.0;-21.0;NITROMETHANE
196.0;383.0;758.0;1596.0;305.0;528.0;171.0;345.0;724.0;1464.0;286.0;506.0;12.0;-8.0;35.0;-21.0;NITROMETHANE
197.0;387.0;779.0;1600.0;308.0;527.0;178.0;363.0;748.0;1496.0;287.0;514.0;12.0;-5.0;33.0;-21.0;NITROMETHANE
202.0;394.0;784.0;1619.0;309.0;539.0;179.0;371.0;753.0;1514.0;290.0;514.0;5.0;-5.0;31.0;-19.0;NITROMETHANE
205.0;395.0;788.0;1617.0;310.0;541.0;174.0;352.0;731.0;1510.0;288.0;511.0;5.0;-5.0;29.0;-19.0;NITROMETHANE
207.0;397.0;787.0;1632.0;312.0;537.0;169.0;356.0;742.0;1508.0;290.0;515.0;4.0;-5.0;29.0;-18.0;NITROMETHANE
202.0;392.0;780.0;1631.0;310.0;536.0;175.0;353.0;739.0;1505.0;288.0;510.0;2.0;-5.0;21.0;-19.0;NITROMETHANE
205.0;397.0;794.0;1628.0;312.0;540.0;172.0;353.0;742.0;1515.0;293.0;523.0;3.0;-8.0;21.0;-19.0;NITROMETHANE
211.0;414.0;823.0;1710.0;323.0;558.0;185.0;373.0;780.0;1594.0;304.0;542.0;3.0;-8.0;18.0;-19.0;NITROMETHANE
211.0;414.0;830.0;1740.0;332.0;570.0;179.0;371.0;789.0;1603.0;312.0;553.0;6.0;-8.0;27.0;-18.0;NITROMETHANE
217.0;425.0;845.0;1767.0;339.0;579.0;191.0;390.0;800.0;1617.0;314.0;557.0;12.0;-8.0;20.0;-12.0;NITROMETHANE
228.0;447.0;880.0;1814.0;345.0;593.0;192.0;396.0;824.0;1677.0;325.0;569.0;11.0;-8.0;23.0;-12.0;NITROMETHANE
228.0;442.0;880.0;1827.0;351.0;601.0;199.0;406.0;845.0;1707.0;329.0;583.0;15.0;-8.0;28.0;-12.0;NITROMETHANE
231.0;451.0;892.0;1855.0;351.0;601.0;198.0;405.0;841.0;1718.0;327.0;578.0;9.0;-7.0;33.0;-21.0;NITROMETHANE
238.0;461.0;907.0;1873.0;352.0;605.0;197.0;402.0;843.0;1689.0;327.0;577.0;9.0;-10.0;33.0;-21.0;NITROMETHANE
229.0;452.0;896.0;1855.0;357.0;618.0;207.0;424.0;895.0;1799.0;342.0;605.0;2.0;-7.0;38.0;-22.0;NITROMETHANE
242.0;467.0;934.0;1929.0;368.0;633.0;208.0;427.0;884.0;1786.0;344.0;612.0;2.0;-7.0;38.0;-22.0;NITROMETHANE
243.0;467.0;934.0;1935.0;371.0;638.0;211.0;432.0;898.0;1818.0;353.0;622.0;3.0;-7.0;24.0;-22.0;NITROMETHANE
246.0;477.0;951.0;1972.0;372.0;639.0;215.0;436.0;896.0;1811.0;346.0;609.0;3.0;-5.0;29.0;-20.0;NITROMETHANE
239.0;464.0;924.0;1907.0;366.0;635.0;209.0;424.0;880.0;1803.0;348.0;616.0;3.0;-5.0;35.0;-21.0;NITROMETHANE
248.0;477.0;951.0;1987.0;381.0;660.0;229.0;461.0;961.0;1917.0;366.0;645.0;5.0;-10.0;38.0;-20.0;NITROMETHANE
257.0;497.0;996.0;2061.0;393.0;667.0;225.0;459.0;949.0;1910.0;366.0;642.0;5.0;-4.0;24.0;-20.0;NITROMETHANE
253.0;492.0;967.0;2032.0;385.0;662.0;226.0;457.0;940.0;1886.0;361.0;633.0;5.0;-2.0;22.0;-20.0;NITROMETHANE
253.0;496.0;982.0;2024.0;388.0;662.0;215.0;439.0;926.0;1859.0;362.0;635.0;10.0;-10.0;27.0;-21.0;NITROMETHANE
255.0;497.0;982.0;2039.0;388.0;667.0;219.0;448.0;939.0;1902.0;368.0;642.0;10.0;-10.0;24.0;-22.0;NITROMETHANE
259.0;498.0;992.0;2051.0;385.0;665.0;227.0;462.0;950.0;1910.0;363.0;642.0;11.0;-5.0;31.0;-22.0;NITROMETHANE
259.0;501.0;992.0;2070.0;394.0;682.0;231.0;471.0;979.0;1979.0;381.0;671.0;10.0;-8.0;39.0;-21.0;NITROMETHANE
271.0;526.0;1038.0;2165.0;413.0;709.0;238.0;487.0;1005.0;2027.0;389.0;685.0;8.0;-8.0;36.0;-21.0;NITROMETHANE
276.0;536.0;1053.0;2182.0;414.0;701.0;235.0;483.0;987.0;1996.0;382.0;676.0;10.0;-7.0;29.0;-18.0;NITROMETHANE
273.0;526.0;1036.0;2143.0;407.0;684.0;239.0;483.0;995.0;1967.0;375.0;653.0;16.0;-7.0;36.0;-18.0;NITROMETHANE
261.0;507.0;998.0;2056.0;394.0;674.0;221.0;457.0;937.0;1909.0;366.0;647.0;7.0;-7.0;27.0;-18.0;NITROMETHANE
264.0;512.0;1008.0;2089.0;393.0;670.0;224.0;459.0;940.0;1909.0;362.0;647.0;4.0;-6.0;38.0;-20.0;NITROMETHANE
257.0;504.0;996.0;2057.0;393.0;677.0;228.0;463.0;956.0;1930.0;373.0;656.0;3.0;-7.0;17.0;-20.0;NITROMETHANE
269.0;516.0;1008.0;2094.0;398.0;680.0;231.0;472.0;973.0;1960.0;373.0;659.0;1.0;-9.0;25.0;-21.0;NITROMETHANE
265.0;514.0;1018.0;2121.0;403.0;693.0;241.0;491.0;1008.0;2016.0;382.0;669.0;4.0;-6.0;17.0;-20.0;NITROMETHANE
277.0;539.0;1060.0;2193.0;414.0;709.0;237.0;480.0;995.0;2020.0;389.0;680.0;4.0;-8.0;24.0;-21.0;NITROMETHANE
277.0;538.0;1068.0;2206.0;416.0;713.0;238.0;490.0;1024.0;2063.0;391.0;684.0;-7.0;-9.0;24.0;-21.0;NITROMETHANE
282.0;546.0;1070.0;2223.0;419.0;713.0;241.0;493.0;999.0;2028.0;387.0;678.0;4.0;-10.0;32.0;-22.0;NITROMETHANE
268.0;524.0;1032.0;2145.0;411.0;707.0;249.0;503.0;1039.0;2070.0;391.0;684.0;4.0;-8.0;34.0;-22.0;NITROMETHANE
276.0;537.0;1059.0;2218.0;420.0;722.0;246.0;505.0;1037.0;2107.0;401.0;707.0;0.0;-11.0;33.0;-22.0;NITROMETHANE
280.0;553.0;1085.0;2248.0;427.0;734.0;249.0;513.0;1050.0;2129.0;409.0;711.0;0.0;-11.0;29.0;-22.0;NITROMETHANE
293.0;565.0;1109.0;2292.0;436.0;741.0;261.0;529.0;1073.0;2161.0;411.0;719.0;0.0;-9.0;28.0;-16.0;NITROMETHANE
294.0;566.0;1111.0;2300.0;437.0;752.0;257.0;521.0;1076.0;2167.0;412.0;729.0;0.0;-9.0;29.0;-16.0;NITROMETHANE
299.0;580.0;1140.0;2351.0;445.0;762.0;260.0;525.0;1078.0;2171.0;414.0;725.0;0.0;-9.0;36.0;-13.0;NITROMETHANE
297.0;574.0;1139.0;2330.0;440.0;746.0;257.0;523.0;1073.0;2153.0;411.0;721.0;-1.0;-9.0;40.0;-16.0;NITROMETHANE
288.0;564.0;1114.0;2315.0;437.0;752.0;261.0;536.0;1102.0;2213.0;422.0;733.0;8.0;-10.0;24.0;-24.0;NITROMETHANE
295.0;576.0;1137.0;2344.0;446.0;759.0;267.0;540.0;1102.0;2204.0;419.0;732.0;0.0;-10.0;27.0;-25.0;NITROMETHANE
303.0;584.0;1143.0;2361.0;447.0;762.0;265.0;536.0;1108.0;2218.0;419.0;732.0;0.0;-6.0;35.0;-26.0;NITROMETHANE
299.0;579.0;1137.0;2353.0;450.0;766.0;269.0;547.0;1125.0;2237.0;427.0;747.0;4.0;-4.0;33.0;-26.0;NITROMETHANE
307.0;597.0;1166.0;2406.0;453.0;769.0;263.0;538.0;1102.0;2205.0;425.0;741.0;4.0;-4.0;33.0;-26.0;NITROMETHANE
304.0;587.0;1156.0;2390.0;453.0;772.0;261.0;529.0;1088.0;2188.0;421.0;737.0;4.0;-4.0;39.0;-26.0;NITROMETHANE
299.0;579.0;1134.0;2329.0;444.0;758.0;258.0;525.0;1105.0;2216.0;422.0;729.0;4.0;-8.0;30.0;-24.0;NITROMETHANE
298.0;576.0;1133.0;2366.0;444.0;759.0;261.0;532.0;1082.0;2179.0;415.0;730.0;4.0;-8.0;32.0;-23.0;NITROMETHANE
296.0;575.0;1150.0;2353.0;447.0;766.0;270.0;548.0;1108.0;2227.0;420.0;738.0;4.0;-8.0;32.0;-22.0;NITROMETHANE
309.0;597.0;1172.0;2408.0;459.0;778.0;267.0;541.0;1123.0;2262.0;433.0;753.0;6.0;-8.0;32.0;-17.0;NITROMETHANE
314.0;610.0;1193.0;2446.0;464.0;789.0;269.0;548.0;1138.0;2287.0;437.0;758.0;11.0;-6.0;14.0;-17.0;NITROMETHANE
319.0;607.0;1189.0;2459.0;461.0;785.0;272.0;554.0;1137.0;2283.0;435.0;760.0;6.0;-6.0;12.0;-16.0;NITROMETHANE
321.0;613.0;1199.0;2469.0;466.0;792.0;273.0;555.0;1132.0;2287.0;435.0;761.0;9.0;-7.0;26.0;-17.0;NITROMETHANE
323.0;622.0;1218.0;2516.0;474.0;807.0;294.0;593.0;1215.0;2400.0;451.0;784.0;17.0;-6.0;28.0;-17.0;NITROMETHANE
323.0;623.0;1216.0;2514.0;473.0;803.0;278.0;565.0;1157.0;2338.0;444.0;777.0;15.0;-7.0;34.0;-19.0;NITROMETHANE
316.0;615.0;1203.0;2493.0;476.0;806.0;277.0;561.0;1145.0;2303.0;441.0;777.0;17.0;-7.0;31.0;-20.0;NITROMETHANE
322.0;622.0;1227.0;2513.0;478.0;811.0;287.0;577.0;1176.0;2356.0;449.0;786.0;15.0;-4.0;31.0;-20.0;NITROMETHANE
330.0;636.0;1247.0;2583.0;491.0;841.0;309.0;615.0;1269.0;2521.0;472.0;827.0;15.0;-4.0;27.0;-20.0;NITROMETHANE
352.0;668.0;1310.0;2681.0;504.0;855.0;314.0;628.0;1268.0;2522.0;474.0;820.0;7.0;-4.0;19.0;-22.0;NITROMETHANE
343.0;665.0;1295.0;2654.0;498.0;842.0;310.0;625.0;1265.0;2501.0;470.0;817.0;7.0;-4.0;35.0;-22.0;NITROMETHANE
332.0;642.0;1263.0;2612.0;496.0;839.0;291.0;591.0;1229.0;2469.0;463.0;816.0;4.0;-6.0;13.0;-18.0;NITROMETHANE
335.0;647.0;1277.0;2631.0;496.0;839.0;283.0;583.0;1195.0;2404.0;461.0;808.0;2.0;-6.0;25.0;-18.0;NITROMETHANE
335.0;645.0;1262.0;2615.0;497.0;840.0;299.0;604.0;1233.0;2470.0;464.0;810.0;2.0;-6.0;22.0;-17.0;NITROMETHANE
331.0;640.0;1261.0;2587.0;489.0;828.0;295.0;593.0;1201.0;2403.0;454.0;795.0;2.0;-6.0;25.0;-17.0;NITROMETHANE
330.0;631.0;1231.0;2549.0;481.0;812.0;284.0;574.0;1171.0;2372.0;445.0;780.0;2.0;-2.0;22.0;-17.0;NITROMETHANE
315.0;614.0;1211.0;2510.0;476.0;810.0;278.0;570.0;1169.0;2372.0;448.0;784.0;3.0;-2.0;18.0;-14.0;NITROMETHANE
322.0;625.0;1220.0;2507.0;476.0;811.0;281.0;567.0;1168.0;2343.0;447.0;784.0;7.0;-3.0;18.0;-14.0;NITROMETHANE
329.0;641.0;1255.0;2580.0;484.0;817.0;287.0;580.0;1188.0;2372.0;452.0;781.0;6.0;-3.0;24.0;-15.0;NITROMETHANE
322.0;622.0;1217.0;2512.0;474.0;809.0;285.0;576.0;1166.0;2339.0;443.0;780.0;-1.0;-5.0;18.0;-15.0;NITROMETHANE
320.0;616.0;1205.0;2490.0;471.0;796.0;277.0;565.0;1146.0;2291.0;437.0;761.0;-1.0;-6.0;15.0;-15.0;NITROMETHANE
314.0;612.0;1191.0;2462.0;466.0;795.0;269.0;547.0;1129.0;2287.0;437.0;768.0;-1.0;-6.0;13.0;-15.0;NITROMETHANE
320.0;615.0;1205.0;2486.0;468.0;791.0;270.0;556.0;1142.0;2295.0;438.0;767.0;2.0;-6.0;27.0;-15.0;NITROMETHANE
316.0;611.0;1202.0;2483.0;465.0;789.0;272.0;553.0;1139.0;2267.0;435.0;758.0;9.0;-6.0;22.0;-12.0;NITROMETHANE
318.0;615.0;1202.0;2490.0;471.0;795.0;277.0;563.0;1166.0;2321.0;439.0;769.0;8.0;-6.0;17.0;-12.0;NITROMETHANE
318.0;613.0;1205.0;2492.0;471.0;802.0;274.0;554.0;1148.0;2316.0;439.0;768.0;16.0;-4.0;38.0;-15.0;NITROMETHANE
315.0;614.0;1209.0;2481.0;473.0;806.0;278.0;566.0;1164.0;2339.0;444.0;781.0;3.0;-4.0;24.0;-17.0;NITROMETHANE
321.0;622.0;1227.0;2535.0;479.0;815.0;288.0;584.0;1205.0;2408.0;453.0;785.0;4.0;-6.0;23.0;-19.0;NITROMETHANE
331.0;637.0;1248.0;2576.0;485.0;820.0;279.0;574.0;1177.0;2368.0;448.0;788.0;3.0;-7.0;16.0;-19.0;NITROMETHANE
325.0;626.0;1226.0;2533.0;477.0;809.0;277.0;565.0;1171.0;2344.0;443.0;775.0;4.0;-7.0;23.0;-15.0;NITROMETHANE
317.0;615.0;1209.0;2497.0;471.0;799.0;271.0;555.0;1138.0;2287.0;439.0;765.0;3.0;-7.0;25.0;-15.0;NITROMETHANE
314.0;615.0;1205.0;2489.0;472.0;801.0;273.0;553.0;1150.0;2318.0;441.0;777.0;-1.0;-5.0;18.0;-12.0;NITROMETHANE
322.0;623.0;1234.0;2535.0;479.0;807.0;293.0;586.0;1190.0;2362.0;445.0;784.0;-1.0;-5.0;18.0;-12.0;NITROMETHANE
330.0;633.0;1240.0;2553.0;476.0;811.0;283.0;569.0;1171.0;2338.0;446.0;777.0;-1.0;-5.0;18.0;-12.0;NITROMETHANE
325.0;635.0;1231.0;2538.0;479.0;811.0;285.0;569.0;1172.0;2345.0;448.0;783.0;2.0;-5.0;25.0;-12.0;NITROMETHANE
330.0;635.0;1238.0;2533.0;477.0;811.0;291.0;586.0;1177.0;2377.0;449.0;784.0;4.0;-5.0;28.0;-12.0;NITROMETHANE
325.0;629.0;1244.0;2566.0;482.0;815.0;280.0;573.0;1168.0;2345.0;451.0;787.0;4.0;-6.0;22.0;-6.0;NITROMETHANE
336.0;653.0;1267.0;2612.0;490.0;824.0;296.0;600.0;1223.0;2434.0;457.0;797.0;4.0;-5.0;22.0;-6.0;NITROMETHANE
341.0;649.0;1275.0;2613.0;493.0;835.0;298.0;599.0;1218.0;2428.0;463.0;812.0;11.0;-2.0;22.0;-6.0;NITROMETHANE
342.0;659.0;1294.0;2679.0;502.0;846.0;295.0;601.0;1219.0;2453.0;470.0;814.0;8.0;-6.0;27.0;-10.0;NITROMETHANE
341.0;657.0;1288.0;2656.0;502.0;854.0;311.0;630.0;1277.0;2548.0;479.0;830.0;9.0;-2.0;22.0;-13.0;NITROMETHANE
346.0;669.0;1324.0;2743.0;510.0;862.0;308.0;619.0;1282.0;2532.0;479.0;832.0;8.0;-2.0;14.0;-17.0;NITROMETHANE
351.0;678.0;1312.0;2726.0;511.0;865.0;310.0;622.0;1278.0;2539.0;481.0;826.0;14.0;-5.0;14.0;-17.0;NITROMETHANE
349.0;672.0;1313.0;2702.0;510.0;866.0;307.0;617.0;1256.0;2529.0;479.0;842.0;7.0;-5.0;21.0;-17.0;NITROMETHANE
359.0;690.0;1351.0;2786.0;524.0;885.0;320.0;646.0;1314.0;2625.0;491.0;854.0;14.0;-4.0;37.0;-21.0;NITROMETHANE
361.0;699.0;1362.0;2799.0;520.0;879.0;313.0;635.0;1301.0;2601.0;490.0;848.0;7.0;-4.0;21.0;-21.0;NITROMETHANE
361.0;690.0;1342.0;2770.0;522.0;880.0;313.0;633.0;1288.0;2573.0;491.0;846.0;14.0;-4.0;20.0;-18.0;NITROMETHANE
359.0;691.0;1354.0;2785.0;521.0;878.0;319.0;639.0;1299.0;2581.0;487.0;840.0;5.0;-4.0;15.0;-18.0;NITROMETHANE
362.0;695.0;1366.0;2826.0;530.0;889.0;321.0;645.0;1325.0;2640.0;499.0;868.0;5.0;-6.0;21.0;-18.0;NITROMETHANE
370.0;710.0;1378.0;2856.0;539.0;913.0;327.0;656.0;1358.0;2711.0;511.0;886.0;5.0;-7.0;13.0;-13.0;NITROMETHANE
380.0;728.0;1418.0;2946.0;547.0;927.0;333.0;666.0;1357.0;2718.0;512.0;889.0;5.0;-7.0;17.0;-13.0;NITROMETHANE
382.0;728.0;1426.0;2938.0;551.0;929.0;332.0;669.0;1361.0;2710.0;515.0;893.0;8.0;-6.0;26.0;-13.0;NITROMETHANE
387.0;747.0;1444.0;2956.0;554.0;926.0;333.0;665.0;1348.0;2710.0;512.0;894.0;10.0;-1.0;19.0;-13.0;NITROMETHANE
384.0;734.0;1427.0;2962.0;554.0;931.0;332.0;672.0;1371.0;2731.0;518.0;901.0;8.0;-1.0;16.0;-16.0;NITROMETHANE
396.0;750.0;1460.0;2988.0;558.0;933.0;328.0;670.0;1364.0;2734.0;515.0;897.0;3.0;-1.0;23.0;-16.0;NITROMETHANE
383.0;749.0;1438.0;2978.0;561.0;945.0;338.0;683.0;1401.0;2794.0;528.0;906.0;1.0;-6.0;41.0;-16.0;NITROMETHANE
386.0;745.0;1450.0;2987.0;557.0;932.0;331.0;669.0;1379.0;2744.0;517.0;893.0;1.0;-8.0;22.0;-17.0;NITROMETHANE
383.0;736.0;1440.0;2953.0;551.0;926.0;331.0;666.0;1359.0;2714.0;514.0;891.0;3.0;-10.0;26.0;-17.0;NITROMETHANE
389.0;750.0;1450.0;2979.0;556.0;932.0;334.0;671.0;1366.0;2752.0;517.0;904.0;1.0;-10.0;26.0;-17.0;NITROMETHANE
387.0;742.0;1449.0;3014.0;570.0;961.0;364.0;729.0;1481.0;2896.0;545.0;939.0;-1.0;-10.0;18.0;-17.0;NITROMETHANE
403.0;770.0;1490.0;3101.0;582.0;983.0;352.0;707.0;1428.0;2875.0;544.0;946.0;1.0;-10.0;15.0;-25.0;NITROMETHANE
409.0;789.0;1516.0;3150.0;586.0;976.0;365.0;731.0;1486.0;2927.0;547.0;950.0;1.0;-10.0;18.0;-25.0;NITROMETHANE
403.0;767.0;1498.0;3104.0;581.0;985.0;371.0;742.0;1487.0;2940.0;552.0;953.0;1.0;-10.0;38.0;-25.0;NITROMETHANE
413.0;789.0;1526.0;3127.0;587.0;987.0;369.0;742.0;1507.0;2970.0;555.0;961.0;10.0;-10.0;39.0;-24.0;NITROMETHANE
411.0;788.0;1518.0;3128.0;590.0;980.0;349.0;705.0;1448.0;2892.0;544.0;947.0;5.0;-10.0;32.0;-18.0;NITROMETHANE
412.0;783.0;1518.0;3140.0;588.0;983.0;366.0;734.0;1484.0;2945.0;551.0;951.0;8.0;-9.0;32.0;-18.0;NITROMETHANE
404.0;774.0;1499.0;3099.0;585.0;979.0;364.0;726.0;1464.0;2912.0;542.0;941.0;5.0;-8.0;20.0;-20.0;NITROMETHANE
398.0;764.0;1480.0;3077.0;577.0;971.0;355.0;704.0;1431.0;2832.0;540.0;938.0;11.0;-9.0;31.0;-20.0;NITROMETHANE
395.0;763.0;1484.0;3050.0;575.0;969.0;351.0;707.0;1443.0;2876.0;540.0;935.0;3.0;-9.0;22.0;-21.0;NITROMETHANE
398.0;771.0;1488.0;3074.0;576.0;967.0;349.0;703.0;1433.0;2844.0;541.0;938.0;3.0;-9.0;25.0;-21.0;NITROMETHANE
408.0;781.0;1510.0;3105.0;582.0;978.0;355.0;715.0;1458.0;2892.0;542.0;943.0;3.0;-9.0;22.0;-21.0;NITROMETHANE
407.0;776.0;1508.0;3103.0;582.0;975.0;352.0;705.0;1451.0;2898.0;543.0;942.0;3.0;-9.0;26.0;-21.0;NITROMETHANE
407.0;780.0;1502.0;3107.0;581.0;976.0;363.0;724.0;1484.0;2917.0;546.0;939.0;3.0;-10.0;22.0;-18.0;NITROMETHANE
407.0;782.0;1505.0;3109.0;582.0;980.0;358.0;724.0;1469.0;2927.0;549.0;951.0;3.0;-10.0;26.0;-18.0;NITROMETHANE
412.0;792.0;1530.0;3152.0;588.0;989.0;369.0;739.0;1491.0;2943.0;555.0;953.0;1.0;-9.0;15.0;-19.0;NITROMETHANE
412.0;789.0;1525.0;3157.0;591.0;988.0;353.0;711.0;1463.0;2902.0;552.0;953.0;6.0;-10.0;25.0;-19.0;NITROMETHANE
420.0;809.0;1548.0;3179.0;594.0;990.0;363.0;726.0;1481.0;2945.0;555.0;966.0;6.0;-7.0;23.0;-19.0;NITROMETHANE
417.0;804.0;1555.0;3217.0;598.0;1007.0;362.0;732.0;1489.0;2972.0;562.0;977.0;11.0;-7.0;35.0;-21.0;NITROMETHANE
420.0;809.0;1548.0;3197.0;598.0;1006.0;363.0;723.0;1484.0;2951.0;556.0;969.0;6.0;-5.0;23.0;-21.0;NITROMETHANE
427.0;813.0;1567.0;3220.0;601.0;1007.0;366.0;732.0;1498.0;2976.0;561.0;972.0;6.0;-9.0;29.0;-19.0;NITROMETHANE
414.0;791.0;1538.0;3190.0;593.0;1000.0;361.0;722.0;1480.0;2941.0;556.0;955.0;4.0;-9.0;26.0;-19.0;NITROMETHANE
414.0;795.0;1532.0;3173.0;592.0;989.0;371.0;733.0;1488.0;2954.0;551.0;962.0;4.0;-9.0;22.0;-21.0;NITROMETHANE
416.0;800.0;1542.0;3184.0;596.0;999.0;365.0;723.0;1508.0;2998.0;564.0;974.0;4.0;-8.0;22.0;-19.0;NITROMETHANE
418.0;804.0;1555.0;3228.0;601.0;1003.0;359.0;723.0;1477.0;2952.0;557.0;967.0;5.0;-13.0;22.0;-19.0;NITROMETHANE
420.0;807.0;1552.0;3207.0;597.0;1000.0;365.0;729.0;1495.0;2974.0;558.0;965.0;4.0;-10.0;26.0;-21.0;NITROMETHANE
419.0;805.0;1544.0;3198.0;599.0;1003.0;362.0;731.0;1488.0;2991.0;559.0;971.0;-3.0;-10.0;25.0;-21.0;NITROMETHANE
425.0;809.0;1564.0;3238.0;604.0;1006.0;372.0;744.0;1506.0;3008.0;563.0;973.0;-3.0;-10.0;23.0;-21.0;NITROMETHANE
427.0;820.0;1569.0;3259.0;606.0;1010.0;367.0;741.0;1509.0;3007.0;565.0;977.0;-3.0;-10.0;23.0;-21.0;NITROMETHANE
425.0;810.0;1563.0;3222.0;599.0;1004.0;365.0;731.0;1495.0;2964.0;559.0;965.0;-3.0;-8.0;21.0;-21.0;NITROMETHANE
409.0;792.0;1534.0;3166.0;590.0;997.0;372.0;750.0;1501.0;2943.0;557.0;960.0;5.0;-8.0;16.0;-20.0;NITROMETHANE
426.0;818.0;1565.0;3216.0;596.0;1003.0;369.0;739.0;1501.0;2977.0;561.0;964.0;13.0;-5.0;25.0;-16.0;NITROMETHANE
426.0;809.0;1551.0;3221.0;602.0;1010.0;380.0;759.0;1520.0;3017.0;569.0;983.0;14.0;-8.0;47.0;-16.0;NITROMETHANE
425.0;817.0;1568.0;3245.0;608.0;1017.0;384.0;760.0;1542.0;3080.0;574.0;993.0;6.0;-8.0;24.0;-16.0;NITROMETHANE
437.0;835.0;1608.0;3328.0;618.0;1029.0;386.0;769.0;1557.0;3101.0;583.0;1002.0;5.0;-11.0;29.0;-18.0;NITROMETHANE
437.0;832.0;1596.0;3315.0;621.0;1041.0;387.0;761.0;1552.0;3069.0;581.0;1012.0;10.0;-12.0;39.0;-21.0;NITROMETHANE
443.0;841.0;1619.0;3356.0;626.0;1052.0;390.0;777.0;1568.0;3116.0;588.0;1023.0;6.0;-12.0;35.0;-21.0;NITROMETHANE
450.0;854.0;1636.0;3415.0;635.0;1061.0;407.0;810.0;1626.0;3200.0;596.0;1021.0;5.0;-11.0;32.0;-22.0;NITROMETHANE
448.0;858.0;1626.0;3411.0;633.0;1057.0;403.0;803.0;1616.0;3167.0;594.0;1020.0;5.0;-11.0;28.0;-23.0;NITROMETHANE
449.0;857.0;1628.0;3392.0;627.0;1052.0;397.0;781.0;1583.0;3154.0;589.0;1019.0;6.0;-11.0;39.0;-23.0;NITROMETHANE
451.0;858.0;1629.0;3357.0;628.0;1052.0;402.0;794.0;1601.0;3154.0;591.0;1030.0;5.0;-10.0;29.0;-22.0;NITROMETHANE
456.0;873.0;1646.0;3442.0;638.0;1068.0;409.0;823.0;1650.0;3229.0;604.0;1035.0;3.0;-10.0;35.0;-23.0;NITROMETHANE
458.0;875.0;1657.0;3475.0;644.0;1082.0;406.0;810.0;1637.0;3233.0;607.0;1044.0;4.0;-10.0;31.0;-22.0;NITROMETHANE
468.0;889.0;1675.0;3476.0;651.0;1089.0;410.0;812.0;1625.0;3225.0;612.0;1043.0;4.0;-10.0;21.0;-22.0;NITROMETHANE
467.0;887.0;1676.0;3483.0;653.0;1089.0;405.0;811.0;1643.0;3248.0;609.0;1048.0;12.0;-5.0;26.0;-26.0;NITROMETHANE
479.0;907.0;1681.0;3542.0;658.0;1097.0;415.0;817.0;1659.0;3294.0;619.0;1063.0;6.0;-5.0;26.0;-26.0;NITROMETHANE
474.0;904.0;1690.0;3545.0;663.0;1103.0;420.0;830.0;1681.0;3311.0;619.0;1067.0;0.0;-5.0;32.0;-20.0;NITROMETHANE
462.0;883.0;1678.0;3520.0;656.0;1105.0;407.0;811.0;1664.0;3267.0;617.0;1061.0;0.0;-5.0;32.0;-20.0;NITROMETHANE
464.0;891.0;1671.0;3533.0;654.0;1093.0;411.0;814.0;1640.0;3254.0;609.0;1053.0;0.0;-7.0;33.0;-19.0;NITROMETHANE
467.0;890.0;1676.0;3518.0;650.0;1085.0;403.0;818.0;1656.0;3262.0;610.0;1047.0;4.0;-9.0;36.0;-18.0;NITROMETHANE
465.0;881.0;1667.0;3493.0;648.0;1086.0;409.0;817.0;1662.0;3302.0;613.0;1046.0;6.0;-9.0;24.0;-18.0;NITROMETHANE
475.0;901.0;1686.0;3525.0;650.0;1091.0;416.0;829.0;1661.0;3279.0;612.0;1055.0;11.0;-7.0;28.0;-18.0;NITROMETHANE
465.0;886.0;1665.0;3508.0;649.0;1086.0;404.0;801.0;1629.0;3218.0;607.0;1043.0;6.0;-9.0;30.0;-18.0;NITROMETHANE
468.0;891.0;1690.0;3532.0;655.0;1089.0;412.0;822.0;1670.0;3283.0;611.0;1054.0;8.0;-9.0;34.0;-18.0;NITROMETHANE
472.0;896.0;1688.0;3537.0;654.0;1095.0;404.0;807.0;1628.0;3241.0;613.0;1058.0;6.0;-4.0;35.0;-18.0;NITROMETHANE
470.0;896.0;1682.0;3526.0;657.0;1096.0;418.0;827.0;1671.0;3303.0;616.0;1058.0;8.0;-7.0;34.0;-18.0;NITROMETHANE
474.0;900.0;1696.0;3576.0;661.0;1098.0;405.0;817.0;1659.0;3291.0;616.0;1058.0;10.0;-7.0;20.0;-16.0;NITROMETHANE
477.0;910.0;1707.0;3572.0;664.0;1112.0;419.0;824.0;1673.0;3307.0;622.0;1075.0;16.0;-3.0;38.0;-16.0;NITROMETHANE
477.0;903.0;1703.0;3603.0;669.0;1118.0;429.0;848.0;1714.0;3350.0;627.0;1079.0;10.0;-3.0;30.0;-18.0;NITROMETHANE
486.0;921.0;1710.0;3615.0;672.0;1125.0;416.0;833.0;1692.0;3318.0;628.0;1086.0;10.0;-1.0;22.0;-17.0;NITROMETHANE
492.0;932.0;1727.0;3658.0;680.0;1129.0;422.0;838.0;1714.0;3392.0;632.0;1087.0;4.0;-1.0;12.0;-18.0;NITROMETHANE
489.0;934.0;1731.0;3661.0;679.0;1117.0;433.0;860.0;1730.0;3403.0;629.0;1082.0;4.0;-6.0;12.0;-18.0;NITROMETHANE
501.0;944.0;1743.0;3697.0;682.0;1130.0;421.0;846.0;1719.0;3399.0;634.0;1091.0;4.0;-7.0;25.0;-17.0;NITROMETHANE
488.0;920.0;1720.0;3638.0;676.0;1131.0;435.0;857.0;1726.0;3417.0;636.0;1093.0;4.0;-6.0;19.0;-12.0;NITROMETHANE
503.0;957.0;1754.0;3705.0;683.0;1137.0;427.0;855.0;1728.0;3410.0;643.0;1101.0;6.0;-6.0;23.0;-12.0;NITROMETHANE
502.0;953.0;1754.0;3724.0;693.0;1153.0;438.0;870.0;1768.0;3473.0;652.0;1113.0;5.0;-6.0;16.0;-11.0;NITROMETHANE
513.0;967.0;1772.0;3793.0;699.0;1153.0;436.0;862.0;1749.0;3470.0;647.0;1116.0;5.0;-6.0;14.0;-11.0;NITROMETHANE
505.0;956.0;1760.0;3740.0;692.0;1151.0;450.0;896.0;1785.0;3501.0;652.0;1111.0;5.0;-5.0;16.0;-13.0;NITROMETHANE
502.0;947.0;1761.0;3730.0;689.0;1142.0;434.0;871.0;1765.0;3491.0;647.0;1108.0;10.0;-5.0;21.0;-13.0;NITROMETHANE
495.0;946.0;1747.0;3734.0;692.0;1143.0;436.0;860.0;1740.0;3426.0;644.0;1112.0;9.0;-6.0;24.0;-11.0;NITROMETHANE
509.0;966.0;1757.0;3748.0;700.0;1150.0;438.0;862.0;1758.0;3440.0;643.0;1111.0;6.0;-5.0;16.0;-11.0;NITROMETHANE
506.0;963.0;1760.0;3763.0;694.0;1157.0;444.0;874.0;1760.0;3484.0;649.0;1115.0;3.0;-3.0;11.0;-11.0;NITROMETHANE
503.0;963.0;1773.0;3790.0;699.0;1155.0;459.0;910.0;1815.0;3525.0;651.0;1112.0;6.0;-3.0;13.0;-11.0;NITROMETHANE
515.0;977.0;1782.0;3805.0;700.0;1158.0;450.0;893.0;1791.0;3499.0;649.0;1115.0;6.0;-5.0;23.0;-13.0;NITROMETHANE
502.0;952.0;1766.0;3780.0;695.0;1155.0;445.0;891.0;1806.0;3520.0;653.0;1125.0;8.0;-5.0;35.0;-15.0;NITROMETHANE
506.0;968.0;1767.0;3781.0;700.0;1164.0;461.0;918.0;1817.0;3567.0;661.0;1125.0;15.0;-3.0;45.0;-18.0;NITROMETHANE
506.0;956.0;1762.0;3762.0;697.0;1160.0;453.0;905.0;1826.0;3585.0;669.0;1137.0;10.0;-6.0;38.0;-18.0;NITROMETHANE
518.0;985.0;1789.0;3861.0;715.0;1182.0;454.0;895.0;1801.0;3569.0;672.0;1137.0;10.0;-9.0;38.0;-18.0;NITROMETHANE
514.0;979.0;1788.0;3820.0;707.0;1179.0;455.0;902.0;1821.0;3565.0;671.0;1138.0;1.0;-9.0;45.0;-19.0;NITROMETHANE
509.0;966.0;1772.0;3804.0;708.0;1186.0;457.0;919.0;1853.0;3640.0;673.0;1150.0;2.0;-5.0;25.0;-18.0;NITROMETHANE
518.0;982.0;1791.0;3887.0;723.0;1199.0;470.0;926.0;1884.0;3694.0;681.0;1165.0;1.0;-9.0;23.0;-19.0;NITROMETHANE
527.0;1001.0;1813.0;3925.0;729.0;1195.0;456.0;903.0;1834.0;3633.0;675.0;1153.0;2.0;-5.0;25.0;-20.0;NITROMETHANE
523.0;988.0;1805.0;3928.0;723.0;1203.0;478.0;948.0;1886.0;3694.0;684.0;1168.0;2.0;-5.0;21.0;-20.0;NITROMETHANE
537.0;1022.0;1829.0;3978.0;737.0;1213.0;461.0;909.0;1842.0;3638.0;684.0;1171.0;9.0;-4.0;28.0;-15.0;NITROMETHANE
542.0;1027.0;1838.0;3991.0;739.0;1216.0;487.0;957.0;1902.0;3723.0;689.0;1175.0;13.0;-5.0;30.0;-18.0;NITROMETHANE
540.0;1024.0;1832.0;4007.0;738.0;1219.0;466.0;920.0;1873.0;3703.0;689.0;1182.0;16.0;-4.0;22.0;-18.0;NITROMETHANE
539.0;1026.0;1838.0;3998.0;739.0;1220.0;473.0;938.0;1882.0;3696.0;685.0;1174.0;11.0;-4.0;22.0;-18.0;NITROMETHANE
543.0;1032.0;1838.0;3991.0;734.0;1205.0;479.0;947.0;1888.0;3690.0;683.0;1175.0;14.0;-3.0;44.0;-20.0;NITROMETHANE
532.0;1010.0;1831.0;3986.0;742.0;1243.0;487.0;964.0;1967.0;3835.0;713.0;1214.0;11.0;-5.0;40.0;-20.0;NITROMETHANE
561.0;1053.0;1870.0;4162.0;766.0;1256.0;492.0;968.0;1964.0;3848.0;715.0;1221.0;11.0;-6.0;34.0;-22.0;NITROMETHANE
559.0;1054.0;1862.0;4129.0;758.0;1256.0;490.0;975.0;1941.0;3811.0;710.0;1204.0;6.0;-6.0;20.0;-22.0;NITROMETHANE
559.0;1055.0;1872.0;4099.0;750.0;1233.0;493.0;967.0;1934.0;3765.0;696.0;1199.0;6.0;-10.0;24.0;-23.0;NITROMETHANE
539.0;1031.0;1838.0;4015.0;743.0;1231.0;477.0;938.0;1897.0;3718.0;694.0;1191.0;8.0;-10.0;31.0;-23.0;NITROMETHANE
541.0;1024.0;1840.0;4036.0;751.0;1242.0;491.0;976.0;1957.0;3825.0;713.0;1216.0;7.0;-6.0;33.0;-23.0;NITROMETHANE
558.0;1056.0;1874.0;4137.0;759.0;1257.0;488.0;965.0;1950.0;3818.0;711.0;1211.0;11.0;-2.0;23.0;-21.0;NITROMETHANE
566.0;1069.0;1876.0;4115.0;759.0;1248.0;502.0;988.0;1977.0;3851.0;705.0;1202.0;7.0;-2.0;24.0;-21.0;NITROMETHANE
558.0;1058.0;1862.0;4116.0;752.0;1240.0;492.0;971.0;1955.0;3823.0;703.0;1201.0;7.0;-2.0;18.0;-21.0;NITROMETHANE
563.0;1064.0;1874.0;4094.0;756.0;1247.0;501.0;986.0;1962.0;3836.0;710.0;1208.0;7.0;-6.0;37.0;-21.0;NITROMETHANE
550.0;1045.0;1854.0;4073.0;756.0;1249.0;500.0;979.0;1949.0;3832.0;708.0;1203.0;4.0;-8.0;22.0;-23.0;NITROMETHANE
558.0;1059.0;1865.0;4086.0;756.0;1235.0;484.0;953.0;1917.0;3759.0;706.0;1207.0;12.0;-8.0;43.0;-24.0;NITROMETHANE
547.0;1044.0;1849.0;4065.0;747.0;1244.0;503.0;990.0;1959.0;3798.0;704.0;1197.0;4.0;-6.0;28.0;-27.0;NITROMETHANE
555.0;1053.0;1857.0;4089.0;750.0;1237.0;487.0;959.0;1931.0;3778.0;699.0;1200.0;11.0;-10.0;35.0;-27.0;NITROMETHANE
556.0;1054.0;1864.0;4079.0;752.0;1243.0;485.0;953.0;1910.0;3763.0;698.0;1198.0;4.0;-10.0;23.0;-27.0;NITROMETHANE
547.0;1035.0;1850.0;4068.0;750.0;1235.0;482.0;956.0;1907.0;3743.0;699.0;1196.0;11.0;-5.0;33.0;-27.0;NITROMETHANE
547.0;1034.0;1852.0;4070.0;750.0;1242.0;483.0;957.0;1924.0;3757.0;699.0;1200.0;13.0;-5.0;25.0;-22.0;NITROMETHANE
549.0;1046.0;1855.0;4084.0;748.0;1237.0;499.0;985.0;1962.0;3818.0;705.0;1199.0;20.0;-10.0;35.0;-21.0;NITROMETHANE
555.0;1036.0;1849.0;4067.0;745.0;1240.0;487.0;959.0;1932.0;3785.0;703.0;1197.0;13.0;-5.0;25.0;-18.0;NITROMETHANE
559.0;1062.0;1870.0;4136.0;755.0;1253.0;499.0;981.0;1983.0;3837.0;711.0;1210.0;13.0;-5.0;36.0;-18.0;NITROMETHANE
561.0;1064.0;1878.0;4124.0;759.0;1250.0;503.0;992.0;1976.0;3862.0;713.0;1220.0;10.0;-4.0;39.0;-16.0;NITROMETHANE
562.0;1057.0;1872.0;4122.0;763.0;1252.0;488.0;977.0;1959.0;3844.0;714.0;1235.0;10.0;-5.0;35.0;-18.0;NITROMETHANE
570.0;1074.0;1889.0;4192.0;767.0;1267.0;495.0;975.0;1979.0;3858.0;723.0;1230.0;8.0;-5.0;26.0;-18.0;NITROMETHANE
573.0;1085.0;1892.0;4208.0;772.0;1274.0;516.0;1006.0;2010.0;3922.0;722.0;1232.0;3.0;-5.0;24.0;-15.0;NITROMETHANE
577.0;1083.0;1900.0;4203.0;771.0;1274.0;505.0;987.0;1983.0;3893.0;725.0;1229.0;3.0;-5.0;26.0;-15.0;NITROMETHANE
567.0;1079.0;1892.0;4215.0;777.0;1282.0;505.0;993.0;1995.0;3902.0;729.0;1241.0;4.0;-5.0;20.0;-20.0;NITROMETHANE
580.0;1094.0;1903.0;4254.0;781.0;1288.0;523.0;1023.0;2043.0;3975.0;734.0;1245.0;1.0;-5.0;19.0;-15.0;NITROMETHANE
591.0;1112.0;1916.0;4270.0;785.0;1295.0;521.0;1018.0;2049.0;3985.0;735.0;1247.0;8.0;-7.0;33.0;-15.0;NITROMETHANE
588.0;1108.0;1918.0;4264.0;787.0;1293.0;522.0;1019.0;2045.0;3994.0;735.0;1238.0;4.0;-7.0;18.0;-20.0;NITROMETHANE
590.0;1108.0;1917.0;4265.0;784.0;1285.0;515.0;1011.0;2029.0;3971.0;734.0;1251.0;10.0;-7.0;25.0;-15.0;NITROMETHANE
587.0;1098.0;1915.0;4281.0;784.0;1299.0;520.0;1026.0;2062.0;4024.0;740.0;1259.0;4.0;-10.0;31.0;-15.0;NITROMETHANE
591.0;1114.0;1918.0;4291.0;797.0;1319.0;539.0;1059.0;2112.0;4076.0;753.0;1281.0;8.0;-7.0;27.0;-15.0;NITROMETHANE
607.0;1138.0;1942.0;4398.0;804.0;1318.0;531.0;1042.0;2081.0;4067.0;749.0;1284.0;4.0;0.0;26.0;-19.0;NITROMETHANE
597.0;1125.0;1932.0;4352.0;801.0;1321.0;520.0;1031.0;2066.0;4075.0;753.0;1278.0;11.0;0.0;38.0;-13.0;NITROMETHANE
599.0;1133.0;1942.0;4366.0;802.0;1323.0;535.0;1049.0;2100.0;4089.0;753.0;1284.0;-2.0;-6.0;18.0;-13.0;NITROMETHANE
595.0;1117.0;1930.0;4360.0;806.0;1313.0;524.0;1029.0;2055.0;4031.0;752.0;1277.0;-2.0;-4.0;17.0;-13.0;NITROMETHANE
595.0;1126.0;1940.0;4380.0;806.0;1323.0;536.0;1051.0;2095.0;4062.0;751.0;1277.0;-2.0;-4.0;25.0;-19.0;NITROMETHANE
595.0;1123.0;1924.0;4331.0;799.0;1319.0;519.0;1028.0;2073.0;4051.0;750.0;1267.0;1.0;-4.0;20.0;-16.0;NITROMETHANE
593.0;1120.0;1920.0;4347.0;797.0;1316.0;542.0;1060.0;2098.0;4059.0;750.0;1281.0;1.0;-4.0;22.0;-18.0;NITROMETHANE
595.0;1129.0;1936.0;4375.0;802.0;1319.0;532.0;1040.0;2075.0;4054.0;751.0;1277.0;3.0;-4.0;28.0;-21.0;NITROMETHANE
607.0;1141.0;1942.0;4402.0;814.0;1346.0;556.0;1083.0;2162.0;4161.0;775.0;1316.0;4.0;-5.0;15.0;-23.0;NITROMETHANE
617.0;1164.0;1969.0;4529.0;835.0;1373.0;566.0;1091.0;2171.0;4239.0;785.0;1343.0;3.0;-5.0;15.0;-18.0;NITROMETHANE
630.0;1187.0;1988.0;4627.0;850.0;1395.0;570.0;1130.0;2254.0;4389.0;808.0;1357.0;4.0;-5.0;23.0;-19.0;NITROMETHANE
647.0;1216.0;2006.0;4691.0;856.0;1395.0;573.0;1125.0;2247.0;4337.0;798.0;1354.0;8.0;-5.0;28.0;-21.0;NITROMETHANE
637.0;1199.0;1994.0;4629.0;854.0;1401.0;564.0;1105.0;2198.0;4326.0;798.0;1354.0;9.0;-7.0;28.0;-19.0;NITROMETHANE
649.0;1224.0;1995.0;4664.0;852.0;1405.0;578.0;1129.0;2245.0;4368.0;801.0;1357.0;10.0;-7.0;30.0;-18.0;NITROMETHANE
631.0;1196.0;1991.0;4650.0;856.0;1403.0;576.0;1121.0;2251.0;4356.0;805.0;1365.0;10.0;-8.0;36.0;-19.0;NITROMETHANE
642.0;1210.0;2005.0;4703.0;853.0;1403.0;573.0;1120.0;2235.0;4350.0;802.0;1365.0;10.0;-9.0;22.0;-20.0;NITROMETHANE
644.0;1212.0;1994.0;4674.0;856.0;1401.0;568.0;1103.0;2200.0;4307.0;797.0;1352.0;11.0;-9.0;31.0;-20.0;NITROMETHANE
635.0;1200.0;1991.0;4651.0;853.0;1397.0;567.0;1105.0;2216.0;4317.0;800.0;1355.0;6.0;-10.0;31.0;-20.0;NITROMETHANE
651.0;1221.0;2011.0;4679.0;853.0;1399.0;571.0;1115.0;2234.0;4329.0;802.0;1357.0;7.0;-10.0;38.0;-20.0;NITROMETHANE
641.0;1212.0;1993.0;4651.0;855.0;1406.0;566.0;1108.0;2222.0;4361.0;800.0;1356.0;6.0;-10.0;33.0;-20.0;NITROMETHANE
640.0;1204.0;2000.0;4667.0;856.0;1401.0;577.0;1141.0;2274.0;4367.0;802.0;1355.0;1.0;-9.0;24.0;-21.0;NITROMETHANE
642.0;1209.0;2003.0;4673.0;853.0;1411.0;568.0;1118.0;2234.0;4355.0;806.0;1373.0;1.0;-9.0;24.0;-20.0;NITROMETHANE
640.0;1207.0;1995.0;4678.0;853.0;1404.0;568.0;1107.0;2223.0;4330.0;802.0;1357.0;1.0;-6.0;22.0;-21.0;NITROMETHANE
652.0;1217.0;2001.0;4664.0;851.0;1388.0;564.0;1113.0;2218.0;4308.0;793.0;1345.0;1.0;-9.0;22.0;-23.0;NITROMETHANE
634.0;1191.0;1994.0;4602.0;847.0;1385.0;555.0;1091.0;2195.0;4295.0;794.0;1351.0;10.0;-9.0;41.0;-21.0;NITROMETHANE
643.0;1206.0;1991.0;4654.0;853.0;1411.0;585.0;1131.0;2269.0;4368.0;803.0;1369.0;6.0;-7.0;25.0;-17.0;NITROMETHANE
658.0;1236.0;2019.0;4729.0;868.0;1413.0;571.0;1116.0;2227.0;4329.0;803.0;1363.0;7.0;-6.0;28.0;-16.0;NITROMETHANE
659.0;1227.0;2019.0;4742.0;865.0;1413.0;570.0;1122.0;2240.0;4363.0;809.0;1365.0;6.0;-7.0;19.0;-16.0;NITROMETHANE
667.0;1249.0;2020.0;4746.0;863.0;1405.0;579.0;1135.0;2266.0;4375.0;802.0;1364.0;7.0;-7.0;31.0;-16.0;NITROMETHANE
652.0;1228.0;2014.0;4711.0;856.0;1403.0;585.0;1135.0;2252.0;4350.0;803.0;1353.0;6.0;-7.0;22.0;-20.0;NITROMETHANE
650.0;1221.0;1998.0;4696.0;858.0;1401.0;585.0;1141.0;2276.0;4395.0;801.0;1359.0;11.0;-9.0;20.0;-20.0;NITROMETHANE
643.0;1207.0;1993.0;4681.0;860.0;1410.0;574.0;1131.0;2286.0;4450.0;816.0;1375.0;10.0;-9.0;28.0;-20.0;NITROMETHANE
660.0;1236.0;2019.0;4781.0;875.0;1422.0;583.0;1148.0;2278.0;4469.0;823.0;1384.0;10.0;-9.0;24.0;-20.0;NITROMETHANE
666.0;1250.0;2022.0;4812.0;880.0;1445.0;593.0;1157.0;2296.0;4469.0;823.0;1393.0;10.0;-8.0;21.0;-20.0;NITROMETHANE
678.0;1276.0;2042.0;4842.0;886.0;1440.0;590.0;1142.0;2297.0;4482.0;826.0;1399.0;3.0;-9.0;21.0;-20.0;NITROMETHANE
669.0;1264.0;2045.0;4846.0;889.0;1444.0;612.0;1196.0;2367.0;4566.0;835.0;1408.0;0.0;-8.0;26.0;-19.0;NITROMETHANE
672.0;1271.0;2045.0;4881.0;892.0;1460.0;623.0;1205.0;2392.0;4628.0;843.0;1416.0;0.0;-8.0;20.0;-21.0;NITROMETHANE
683.0;1281.0;2044.0;4918.0;894.0;1451.0;595.0;1165.0;2331.0;4535.0;830.0;1404.0;0.0;-7.0;22.0;-21.0;NITROMETHANE
679.0;1273.0;2045.0;4869.0;892.0;1451.0;604.0;1181.0;2352.0;4558.0;839.0;1416.0;3.0;-7.0;26.0;-21.0;NITROMETHANE
667.0;1254.0;2030.0;4869.0;887.0;1452.0;597.0;1156.0;2317.0;4490.0;827.0;1409.0;5.0;0.0;32.0;-17.0;NITROMETHANE
683.0;1276.0;2045.0;4859.0;891.0;1453.0;601.0;1178.0;2362.0;4582.0;840.0;1411.0;5.0;-5.0;28.0;-20.0;NITROMETHANE
679.0;1274.0;2046.0;4874.0;890.0;1461.0;608.0;1184.0;2355.0;4568.0;833.0;1405.0;5.0;-5.0;28.0;-18.0;NITROMETHANE
693.0;1299.0;2053.0;4935.0;903.0;1462.0;604.0;1177.0;2352.0;4520.0;833.0;1408.0;1.0;-5.0;21.0;-18.0;NITROMETHANE
692.0;1302.0;2048.0;4919.0;895.0;1457.0;604.0;1178.0;2339.0;4520.0;834.0;1408.0;1.0;-6.0;38.0;-20.0;NITROMETHANE
682.0;1274.0;2044.0;4865.0;896.0;1453.0;608.0;1189.0;2360.0;4565.0;831.0;1410.0;1.0;-11.0;22.0;-20.0;NITROMETHANE
684.0;1288.0;2053.0;4899.0;892.0;1453.0;601.0;1169.0;2332.0;4538.0;832.0;1404.0;10.0;-12.0;22.0;-20.0;NITROMETHANE
679.0;1269.0;2045.0;4879.0;887.0;1452.0;606.0;1177.0;2336.0;4551.0;835.0;1408.0;5.0;-12.0;24.0;-20.0;NITROMETHANE
675.0;1258.0;2045.0;4862.0;886.0;1458.0;608.0;1181.0;2336.0;4548.0;836.0;1422.0;5.0;-12.0;19.0;-20.0;NITROMETHANE
686.0;1286.0;2044.0;4924.0;896.0;1457.0;609.0;1187.0;2351.0;4591.0;835.0;1409.0;9.0;-11.0;31.0;-19.0;NITROMETHANE
692.0;1294.0;2056.0;4917.0;895.0;1454.0;614.0;1195.0;2352.0;4557.0;839.0;1410.0;6.0;-5.0;27.0;-19.0;NITROMETHANE
683.0;1281.0;2045.0;4864.0;890.0;1453.0;603.0;1163.0;2312.0;4511.0;829.0;1408.0;6.0;-5.0;27.0;-18.0;NITROMETHANE
681.0;1279.0;2045.0;4872.0;890.0;1444.0;603.0;1175.0;2316.0;4514.0;825.0;1401.0;7.0;-6.0;18.0;-18.0;NITROMETHANE
682.0;1270.0;2036.0;4805.0;885.0;1440.0;577.0;1132.0;2271.0;4412.0;818.0;1391.0;6.0;-11.0;29.0;-18.0;NITROMETHANE
676.0;1271.0;2044.0;4834.0;881.0;1439.0;615.0;1193.0;2366.0;4529.0;828.0;1394.0;7.0;-9.0;28.0;-17.0;NITROMETHANE
680.0;1270.0;2040.0;4825.0;880.0;1432.0;597.0;1159.0;2304.0;4489.0;821.0;1398.0;10.0;-12.0;29.0;-17.0;NITROMETHANE
679.0;1270.0;2044.0;4864.0;887.0;1449.0;603.0;1175.0;2337.0;4551.0;833.0;1420.0;10.0;-14.0;32.0;-19.0;NITROMETHANE
678.0;1265.0;2044.0;4881.0;897.0;1474.0;609.0;1187.0;2360.0;4582.0;844.0;1424.0;10.0;-12.0;42.0;-22.0;NITROMETHANE
685.0;1292.0;2053.0;4992.0;910.0;1483.0;623.0;1212.0;2385.0;4626.0;859.0;1446.0;9.0;-11.0;32.0;-22.0;NITROMETHANE
711.0;1319.0;2070.0;5035.0;917.0;1490.0;611.0;1193.0;2375.0;4621.0;854.0;1444.0;9.0;-11.0;35.0;-24.0;NITROMETHANE
703.0;1321.0;2070.0;5030.0;912.0;1487.0;622.0;1214.0;2399.0;4630.0;852.0;1448.0;6.0;-11.0;26.0;-24.0;NITROMETHANE
700.0;1309.0;2070.0;5027.0;916.0;1490.0;622.0;1208.0;2412.0;4690.0;860.0;1455.0;6.0;-10.0;23.0;-24.0;NITROMETHANE
707.0;1329.0;2070.0;5069.0;922.0;1502.0;624.0;1213.0;2427.0;4691.0;866.0;1456.0;-1.0;-11.0;21.0;-27.0;NITROMETHANE
708.0;1320.0;2070.0;5024.0;912.0;1492.0;623.0;1213.0;2423.0;4661.0;857.0;1452.0;-1.0;-10.0;31.0;-27.0;NITROMETHANE
712.0;1326.0;2070.0;5053.0;918.0;1490.0;625.0;1212.0;2419.0;4659.0;861.0;1460.0;7.0;-6.0;24.0;-24.0;NITROMETHANE
707.0;1327.0;2070.0;5061.0;927.0;1506.0;639.0;1233.0;2444.0;4731.0;864.0;1464.0;7.0;-6.0;23.0;-21.0;NITROMETHANE
715.0;1346.0;2078.0;5108.0;927.0;1501.0;633.0;1228.0;2437.0;4705.0;863.0;1464.0;11.0;-6.0;46.0;-21.0;NITROMETHANE
705.0;1331.0;2070.0;5051.0;921.0;1508.0;637.0;1235.0;2436.0;4687.0;862.0;1457.0;14.0;-4.0;30.0;-21.0;NITROMETHANE
706.0;1321.0;2071.0;5021.0;920.0;1495.0;630.0;1230.0;2437.0;4700.0;865.0;1459.0;12.0;-4.0;29.0;-21.0;NITROMETHANE
695.0;1316.0;2070.0;5032.0;923.0;1496.0;626.0;1226.0;2423.0;4720.0;865.0;1452.0;14.0;-6.0;33.0;-21.0;NITROMETHANE
705.0;1323.0;2070.0;5084.0;921.0;1504.0;652.0;1262.0;2488.0;4776.0;866.0;1466.0;12.0;-4.0;29.0;-21.0;NITROMETHANE
731.0;1353.0;2096.0;5149.0;936.0;1509.0;655.0;1275.0;2502.0;4779.0;873.0;1474.0;11.0;-4.0;20.0;-19.0;NITROMETHANE
725.0;1351.0;2096.0;5138.0;936.0;1517.0;667.0;1281.0;2522.0;4836.0;883.0;1485.0;9.0;-7.0;15.0;-17.0;NITROMETHANE
734.0;1369.0;2096.0;5174.0;942.0;1525.0;643.0;1250.0;2486.0;4790.0;879.0;1483.0;-1.0;-7.0;20.0;-19.0;NITROMETHANE
738.0;1381.0;2096.0;5195.0;940.0;1527.0;653.0;1254.0;2505.0;4839.0;883.0;1481.0;-1.0;-7.0;20.0;-19.0;NITROMETHANE
746.0;1390.0;2108.0;5241.0;945.0;1531.0;647.0;1252.0;2506.0;4827.0;883.0;1495.0;-1.0;-9.0;29.0;-19.0;NITROMETHANE
735.0;1368.0;2097.0;5222.0;948.0;1527.0;648.0;1258.0;2470.0;4812.0;881.0;1477.0;6.0;-9.0;23.0;-19.0;NITROMETHANE
725.0;1361.0;2096.0;5142.0;938.0;1527.0;645.0;1247.0;2471.0;4772.0;875.0;1469.0;6.0;-7.0;27.0;-21.0;NITROMETHANE
738.0;1374.0;2096.0;5169.0;938.0;1524.0;643.0;1251.0;2501.0;4820.0;881.0;1495.0;6.0;-9.0;24.0;-21.0;NITROMETHANE
732.0;1371.0;2096.0;5189.0;951.0;1548.0;652.0;1260.0;2516.0;4908.0;893.0;1510.0;8.0;-7.0;42.0;-19.0;NITROMETHANE
752.0;1403.0;2121.0;5287.0;964.0;1557.0;666.0;1292.0;2544.0;4902.0;902.0;1512.0;1.0;-7.0;26.0;-24.0;NITROMETHANE
754.0;1398.0;2121.0;5304.0;959.0;1551.0;662.0;1280.0;2538.0;4894.0;896.0;1509.0;1.0;-5.0;22.0;-24.0;NITROMETHANE
752.0;1397.0;2121.0;5267.0;953.0;1547.0;658.0;1277.0;2513.0;4872.0;893.0;1500.0;1.0;-9.0;17.0;-20.0;NITROMETHANE
750.0;1398.0;2121.0;5271.0;955.0;1547.0;662.0;1272.0;2530.0;4882.0;893.0;1507.0;4.0;-5.0;23.0;-18.0;NITROMETHANE
750.0;1393.0;2122.0;5292.0;962.0;1558.0;662.0;1284.0;2544.0;4911.0;901.0;1515.0;5.0;-2.0;25.0;-20.0;NITROMETHANE
745.0;1404.0;2121.0;5331.0;970.0;1574.0;669.0;1308.0;2584.0;5009.0;917.0;1545.0;3.0;-2.0;29.0;-18.0;NITROMETHANE
771.0;1436.0;2122.0;5395.0;979.0;1570.0;672.0;1302.0;2590.0;5003.0;913.0;1529.0;3.0;-8.0;21.0;-18.0;NITROMETHANE
759.0;1417.0;2121.0;5362.0;971.0;1569.0;682.0;1323.0;2594.0;5018.0;918.0;1533.0;3.0;-8.0;33.0;-16.0;NITROMETHANE
754.0;1406.0;2121.0;5348.0;973.0;1579.0;674.0;1305.0;2598.0;5026.0;916.0;1541.0;5.0;-8.0;41.0;-16.0;NITROMETHANE
759.0;1417.0;2121.0;5377.0;970.0;1572.0;671.0;1295.0;2582.0;5018.0;913.0;1528.0;5.0;-8.0;29.0;-16.0;NITROMETHANE
770.0;1435.0;2127.0;5413.0;977.0;1576.0;679.0;1312.0;2599.0;5020.0;917.0;1533.0;6.0;-8.0;28.0;-22.0;NITROMETHANE
772.0;1436.0;2146.0;5432.0;982.0;1589.0;680.0;1323.0;2622.0;5058.0;924.0;1550.0;5.0;-8.0;29.0;-22.0;NITROMETHANE
781.0;1452.0;2147.0;5432.0;986.0;1591.0;684.0;1320.0;2621.0;5063.0;923.0;1553.0;6.0;-8.0;32.0;-26.0;NITROMETHANE
769.0;1436.0;2123.0;5393.0;979.0;1571.0;671.0;1294.0;2569.0;4973.0;907.0;1537.0;7.0;-8.0;33.0;-26.0;NITROMETHANE
762.0;1420.0;2121.0;5385.0;979.0;1586.0;680.0;1324.0;2632.0;5090.0;927.0;1556.0;14.0;-5.0;52.0;-23.0;NITROMETHANE
775.0;1446.0;2146.0;5489.0;999.0;1603.0;709.0;1359.0;2659.0;5112.0;934.0;1560.0;12.0;-8.0;30.0;-26.0;NITROMETHANE
788.0;1470.0;2147.0;5546.0;1002.0;1606.0;696.0;1341.0;2655.0;5106.0;932.0;1563.0;6.0;-5.0;39.0;-26.0;NITROMETHANE
788.0;1466.0;2147.0;5511.0;998.0;1603.0;689.0;1330.0;2629.0;5088.0;932.0;1562.0;6.0;-5.0;25.0;-23.0;NITROMETHANE
783.0;1456.0;2147.0;5506.0;990.0;1601.0;686.0;1333.0;2651.0;5116.0;933.0;1573.0;6.0;-5.0;25.0;-23.0;NITROMETHANE
782.0;1462.0;2148.0;5488.0;1000.0;1615.0;698.0;1348.0;2673.0;5147.0;944.0;1577.0;11.0;-5.0;28.0;-23.0;NITROMETHANE
791.0;1479.0;2150.0;5567.0;1004.0;1624.0;711.0;1377.0;2713.0;5186.0;947.0;1590.0;6.0;-5.0;25.0;-21.0;NITROMETHANE
803.0;1493.0;2163.0;5618.0;1012.0;1620.0;717.0;1381.0;2697.0;5211.0;946.0;1588.0;7.0;-8.0;35.0;-21.0;NITROMETHANE
806.0;1498.0;2172.0;5601.0;1015.0;1620.0;717.0;1369.0;2682.0;5177.0;942.0;1585.0;3.0;-8.0;35.0;-21.0;NITROMETHANE
787.0;1466.0;2147.0;5562.0;1003.0;1618.0;721.0;1374.0;2719.0;5210.0;947.0;1583.0;3.0;-8.0;42.0;-21.0;NITROMETHANE
787.0;1464.0;2153.0;5537.0;998.0;1616.0;712.0;1368.0;2696.0;5153.0;937.0;1576.0;3.0;-10.0;40.0;-21.0;NITROMETHANE
797.0;1475.0;2147.0;5561.0;1006.0;1618.0;701.0;1342.0;2658.0;5132.0;940.0;1583.0;4.0;-8.0;22.0;-21.0;NITROMETHANE
800.0;1488.0;2172.0;5610.0;1015.0;1617.0;696.0;1343.0;2683.0;5164.0;949.0;1592.0;4.0;-8.0;32.0;-19.0;NITROMETHANE
807.0;1500.0;2162.0;5608.0;1018.0;1635.0;717.0;1380.0;2743.0;5271.0;959.0;1608.0;7.0;-6.0;16.0;-19.0;NITROMETHANE
808.0;1506.0;2172.0;5658.0;1024.0;1635.0;732.0;1406.0;2757.0;5258.0;954.0;1598.0;7.0;-6.0;24.0;-18.0;NITROMETHANE
809.0;1509.0;2172.0;5671.0;1027.0;1645.0;711.0;1381.0;2735.0;5300.0;966.0;1620.0;7.0;-6.0;24.0;-18.0;NITROMETHANE
814.0;1509.0;2179.0;5710.0;1032.0;1646.0;722.0;1395.0;2737.0;5236.0;961.0;1612.0;9.0;-5.0;34.0;-18.0;NITROMETHANE
825.0;1525.0;2174.0;5759.0;1039.0;1652.0;727.0;1401.0;2765.0;5296.0;969.0;1629.0;9.0;-5.0;35.0;-21.0;NITROMETHANE
822.0;1520.0;2181.0;5737.0;1036.0;1660.0;744.0;1428.0;2813.0;5354.0;973.0;1631.0;1.0;-6.0;24.0;-23.0;NITROMETHANE
826.0;1528.0;2180.0;5741.0;1033.0;1652.0;731.0;1406.0;2754.0;5281.0;972.0;1607.0;0.0;-8.0;28.0;-23.0;NITROMETHANE
821.0;1520.0;2179.0;5706.0;1028.0;1644.0;714.0;1381.0;2734.0;5246.0;955.0;1600.0;1.0;-8.0;25.0;-22.0;NITROMETHANE
807.0;1501.0;2155.0;5647.0;1022.0;1630.0;735.0;1411.0;2764.0;5270.0;956.0;1608.0;1.0;-8.0;19.0;-23.0;NITROMETHANE
812.0;1512.0;2168.0;5655.0;1023.0;1643.0;729.0;1407.0;2768.0;5264.0;960.0;1600.0;4.0;-6.0;26.0;-22.0;NITROMETHANE
814.0;1510.0;2177.0;5682.0;1025.0;1637.0;713.0;1376.0;2710.0;5231.0;959.0;1601.0;6.0;-4.0;29.0;-22.0;NITROMETHANE
813.0;1509.0;2172.0;5673.0;1024.0;1637.0;722.0;1397.0;2743.0;5279.0;962.0;1616.0;10.0;-3.0;40.0;-22.0;NITROMETHANE
813.0;1512.0;2177.0;5680.0;1022.0;1638.0;725.0;1394.0;2753.0;5285.0;955.0;1606.0;6.0;-3.0;47.0;-22.0;NITROMETHANE
816.0;1508.0;2182.0;5663.0;1026.0;1642.0;721.0;1384.0;2744.0;5251.0;960.0;1606.0;6.0;-3.0;22.0;-19.0;NITROMETHANE
810.0;1501.0;2176.0;5655.0;1024.0;1637.0;725.0;1397.0;2744.0;5258.0;956.0;1590.0;4.0;-3.0;26.0;-19.0;NITROMETHANE
804.0;1494.0;2163.0;5624.0;1014.0;1623.0;719.0;1380.0;2712.0;5240.0;949.0;1589.0;-1.0;-3.0;26.0;-19.0;NITROMETHANE
806.0;1504.0;2165.0;5658.0;1023.0;1639.0;728.0;1397.0;2758.0;5279.0;961.0;1613.0;4.0;-3.0;32.0;-19.0;NITROMETHANE
810.0;1511.0;2174.0;5735.0;1036.0;1657.0;732.0;1420.0;2813.0;5353.0;980.0;1629.0;4.0;-3.0;33.0;-24.0;NITROMETHANE
821.0;1531.0;2180.0;5809.0;1045.0;1663.0;739.0;1423.0;2823.0;5427.0;975.0;1644.0;-1.0;-5.0;23.0;-24.0;NITROMETHANE
823.0;1536.0;2179.0;5813.0;1047.0;1669.0;737.0;1411.0;2795.0;5360.0;976.0;1641.0;-1.0;-5.0;23.0;-24.0;NITROMETHANE
826.0;1529.0;2180.0;5787.0;1051.0;1672.0;739.0;1430.0;2844.0;5432.0;987.0;1644.0;2.0;-7.0;22.0;-24.0;NITROMETHANE
833.0;1555.0;2172.0;5821.0;1048.0;1670.0;731.0;1406.0;2782.0;5320.0;975.0;1629.0;2.0;-7.0;19.0;-24.0;NITROMETHANE
836.0;1553.0;2182.0;5769.0;1042.0;1664.0;740.0;1422.0;2802.0;5389.0;968.0;1620.0;2.0;-8.0;30.0;-23.0;NITROMETHANE
831.0;1538.0;2174.0;5735.0;1040.0;1657.0;732.0;1407.0;2771.0;5304.0;968.0;1622.0;2.0;-9.0;27.0;-23.0;NITROMETHANE
825.0;1522.0;2172.0;5737.0;1040.0;1669.0;733.0;1413.0;2794.0;5360.0;982.0;1643.0;1.0;-9.0;24.0;-23.0;NITROMETHANE
837.0;1552.0;2186.0;5807.0;1052.0;1669.0;732.0;1413.0;2814.0;5378.0;979.0;1642.0;1.0;-8.0;33.0;-23.0;NITROMETHANE
841.0;1564.0;2197.0;5833.0;1054.0;1678.0;766.0;1472.0;2876.0;5481.0;989.0;1653.0;1.0;-9.0;26.0;-23.0;NITROMETHANE
841.0;1559.0;2199.0;5871.0;1059.0;1687.0;747.0;1443.0;2853.0;5485.0;994.0;1668.0;3.0;-11.0;43.0;-23.0;NITROMETHANE
833.0;1542.0;2181.0;5854.0;1061.0;1687.0;753.0;1438.0;2833.0;5453.0;990.0;1660.0;3.0;-11.0;38.0;-24.0;NITROMETHANE
848.0;1571.0;2200.0;5873.0;1062.0;1686.0;759.0;1447.0;2862.0;5492.0;998.0;1674.0;3.0;-11.0;32.0;-24.0;NITROMETHANE
845.0;1575.0;2198.0;5883.0;1063.0;1695.0;750.0;1451.0;2848.0;5463.0;999.0;1671.0;1.0;-11.0;18.0;-23.0;NITROMETHANE
842.0;1564.0;2197.0;5908.0;1066.0;1700.0;752.0;1456.0;2866.0;5545.0;1008.0;1684.0;1.0;-11.0;22.0;-21.0;NITROMETHANE
855.0;1581.0;2209.0;5947.0;1072.0;1696.0;759.0;1455.0;2854.0;5488.0;1008.0;1675.0;1.0;-10.0;26.0;-23.0;NITROMETHANE
848.0;1579.0;2200.0;5952.0;1074.0;1707.0;771.0;1473.0;2900.0;5559.0;1014.0;1689.0;3.0;-10.0;36.0;-19.0;NITROMETHANE
874.0;1623.0;2207.0;6029.0;1086.0;1718.0;761.0;1454.0;2903.0;5552.0;1011.0;1687.0;3.0;-11.0;24.0;-19.0;NITROMETHANE
872.0;1607.0;2215.0;6007.0;1078.0;1715.0;767.0;1473.0;2917.0;5586.0;1014.0;1693.0;7.0;-13.0;24.0;-19.0;NITROMETHANE
865.0;1600.0;2210.0;5990.0;1085.0;1707.0;766.0;1485.0;2936.0;5595.0;1007.0;1683.0;3.0;-13.0;15.0;-18.0;NITROMETHANE
869.0;1595.0;2214.0;5981.0;1080.0;1701.0;779.0;1484.0;2904.0;5552.0;1006.0;1683.0;-4.0;-13.0;39.0;-17.0;NITROMETHANE
857.0;1588.0;2206.0;5995.0;1076.0;1711.0;757.0;1463.0;2884.0;5541.0;1008.0;1688.0;-4.0;-13.0;22.0;-18.0;NITROMETHANE
866.0;1610.0;2216.0;6043.0;1090.0;1726.0;801.0;1527.0;2987.0;5680.0;1028.0;1711.0;0.0;-12.0;22.0;-18.0;NITROMETHANE
873.0;1617.0;2208.0;6067.0;1093.0;1726.0;785.0;1511.0;2966.0;5663.0;1026.0;1707.0;0.0;-8.0;22.0;-18.0;NITROMETHANE
883.0;1638.0;2223.0;6090.0;1099.0;1728.0;783.0;1498.0;2944.0;5639.0;1027.0;1708.0;7.0;-8.0;26.0;-18.0;NITROMETHANE
883.0;1641.0;2224.0;6101.0;1097.0;1724.0;789.0;1509.0;2986.0;5655.0;1026.0;1717.0;5.0;-8.0;32.0;-20.0;NITROMETHANE
877.0;1622.0;2223.0;6090.0;1097.0;1731.0;781.0;1501.0;2962.0;5713.0;1033.0;1728.0;6.0;-8.0;27.0;-23.0;NITROMETHANE
875.0;1628.0;2223.0;6075.0;1102.0;1740.0;793.0;1516.0;3003.0;5732.0;1042.0;1730.0;6.0;-7.0;43.0;-23.0;NITROMETHANE
887.0;1634.0;2224.0;6108.0;1105.0;1745.0;797.0;1541.0;3008.0;5737.0;1040.0;1729.0;6.0;-5.0;33.0;-24.0;NITROMETHANE
889.0;1646.0;2225.0;6148.0;1104.0;1735.0;808.0;1535.0;3000.0;5703.0;1031.0;1708.0;6.0;-5.0;32.0;-23.0;NITROMETHANE
869.0;1620.0;2221.0;6078.0;1100.0;1733.0;805.0;1549.0;3018.0;5744.0;1039.0;1730.0;1.0;-5.0;21.0;-23.0;NITROMETHANE
887.0;1634.0;2224.0;6162.0;1114.0;1751.0;805.0;1544.0;3016.0;5785.0;1036.0;1742.0;1.0;-5.0;21.0;-23.0;NITROMETHANE
913.0;1686.0;2233.0;6268.0;1125.0;1759.0;808.0;1548.0;3042.0;5798.0;1052.0;1765.0;4.0;-5.0;22.0;-23.0;NITROMETHANE
913.0;1694.0;2241.0;6328.0;1130.0;1771.0;814.0;1557.0;3071.0;5856.0;1062.0;1763.0;4.0;-4.0;19.0;-17.0;NITROMETHANE
925.0;1698.0;2249.0;6344.0;1141.0;1780.0;825.0;1572.0;3095.0;5882.0;1066.0;1777.0;7.0;-4.0;22.0;-23.0;NITROMETHANE
935.0;1717.0;2249.0;6392.0;1139.0;1773.0;833.0;1589.0;3118.0;5922.0;1061.0;1760.0;11.0;-5.0;22.0;-22.0;NITROMETHANE
919.0;1696.0;2239.0;6337.0;1131.0;1756.0;815.0;1559.0;3073.0;5857.0;1055.0;1748.0;9.0;-5.0;27.0;-22.0;NITROMETHANE
897.0;1663.0;2242.0;6187.0;1114.0;1753.0;835.0;1583.0;3087.0;5856.0;1052.0;1746.0;11.0;-7.0;27.0;-18.0;NITROMETHANE
910.0;1666.0;2231.0;6222.0;1116.0;1756.0;799.0;1535.0;3021.0;5776.0;1044.0;1747.0;10.0;-7.0;29.0;-18.0;NITROMETHANE
913.0;1687.0;2240.0;6237.0;1127.0;1756.0;825.0;1565.0;3087.0;5898.0;1061.0;1757.0;13.0;-7.0;29.0;-18.0;NITROMETHANE
920.0;1698.0;2231.0;6334.0;1131.0;1768.0;827.0;1581.0;3090.0;5885.0;1058.0;1772.0;6.0;-6.0;29.0;-18.0;NITROMETHANE
917.0;1684.0;2241.0;6305.0;1136.0;1761.0;819.0;1563.0;3048.0;5799.0;1049.0;1755.0;6.0;-7.0;30.0;-20.0;NITROMETHANE
912.0;1676.0;2233.0;6241.0;1122.0;1754.0;823.0;1572.0;3068.0;5818.0;1049.0;1754.0;6.0;-6.0;35.0;-20.0;NITROMETHANE
918.0;1682.0;2237.0;6252.0;1122.0;1762.0;820.0;1565.0;3085.0;5884.0;1056.0;1753.0;6.0;-6.0;27.0;-20.0;NITROMETHANE
914.0;1690.0;2241.0;6272.0;1120.0;1756.0;829.0;1576.0;3076.0;5841.0;1049.0;1749.0;5.0;-6.0;26.0;-21.0;NITROMETHANE
911.0;1675.0;2242.0;6278.0;1121.0;1758.0;812.0;1547.0;3039.0;5813.0;1049.0;1748.0;12.0;-7.0;42.0;-19.0;NITROMETHANE
911.0;1677.0;2241.0;6246.0;1122.0;1758.0;822.0;1577.0;3084.0;5846.0;1056.0;1754.0;14.0;-6.0;36.0;-19.0;NITROMETHANE
914.0;1681.0;2248.0;6280.0;1129.0;1767.0;827.0;1571.0;3053.0;5854.0;1063.0;1770.0;4.0;-6.0;34.0;-18.0;NITROMETHANE
917.0;1689.0;2235.0;6346.0;1138.0;1776.0;839.0;1609.0;3140.0;6010.0;1069.0;1785.0;2.0;-7.0;31.0;-18.0;NITROMETHANE
928.0;1701.0;2252.0;6379.0;1145.0;1779.0;829.0;1587.0;3110.0;5900.0;1066.0;1776.0;3.0;-7.0;5.0;-17.0;NITROMETHANE
952.0;1736.0;2264.0;6420.0;1147.0;1783.0;842.0;1609.0;3160.0;6000.0;1073.0;1781.0;3.0;-7.0;11.0;-17.0;NITROMETHANE
943.0;1724.0;2256.0;6451.0;1159.0;1790.0;841.0;1606.0;3144.0;5964.0;1068.0;1787.0;0.0;-7.0;13.0;-12.0;NITROMETHANE
980.0;1771.0;2266.0;6538.0;1160.0;1784.0;843.0;1606.0;3123.0;5963.0;1070.0;1798.0;0.0;-9.0;11.0;-17.0;NITROMETHANE
950.0;1745.0;2272.0;6493.0;1160.0;1802.0;860.0;1628.0;3196.0;6084.0;1089.0;1811.0;0.0;-9.0;19.0;-18.0;NITROMETHANE
956.0;1746.0;2267.0;6525.0;1166.0;1807.0;861.0;1641.0;3234.0;6098.0;1094.0;1822.0;0.0;-9.0;16.0;-19.0;NITROMETHANE
948.0;1737.0;2265.0;6511.0;1166.0;1802.0;858.0;1633.0;3193.0;6047.0;1090.0;1817.0;0.0;-9.0;26.0;-18.0;NITROMETHANE
954.0;1742.0;2258.0;6533.0;1168.0;1808.0;855.0;1626.0;3172.0;6080.0;1094.0;1812.0;3.0;-9.0;20.0;-18.0;NITROMETHANE
967.0;1762.0;2265.0;6525.0;1166.0;1800.0;853.0;1627.0;3191.0;6084.0;1091.0;1816.0;3.0;-5.0;15.0;-21.0;NITROMETHANE
963.0;1758.0;2258.0;6535.0;1171.0;1805.0;876.0;1647.0;3239.0;6093.0;1091.0;1799.0;3.0;-5.0;20.0;-16.0;NITROMETHANE
968.0;1761.0;2258.0;6537.0;1167.0;1801.0;875.0;1664.0;3228.0;6138.0;1102.0;1824.0;9.0;-2.0;21.0;-13.0;NITROMETHANE
970.0;1765.0;2258.0;6567.0;1169.0;1801.0;871.0;1644.0;3193.0;6102.0;1091.0;1811.0;20.0;-3.0;29.0;-16.0;NITROMETHANE
962.0;1770.0;2267.0;6546.0;1165.0;1804.0;876.0;1648.0;3231.0;6154.0;1105.0;1830.0;9.0;-4.0;32.0;-18.0;NITROMETHANE
965.0;1764.0;2256.0;6589.0;1178.0;1818.0;885.0;1680.0;3272.0;6215.0;1113.0;1849.0;14.0;-3.0;24.0;-18.0;NITROMETHANE
975.0;1775.0;2266.0;6599.0;1185.0;1810.0;870.0;1646.0;3206.0;6064.0;1100.0;1823.0;9.0;-3.0;32.0;-18.0;NITROMETHANE
968.0;1767.0;2266.0;6589.0;1171.0;1804.0;870.0;1639.0;3184.0;6070.0;1087.0;1806.0;14.0;-4.0;34.0;-20.0;NITROMETHANE
953.0;1742.0;2257.0;6448.0;1154.0;1797.0;860.0;1627.0;3161.0;5985.0;1082.0;1802.0;12.0;-4.0;28.0;-18.0;NITROMETHANE
951.0;1751.0;2267.0;6489.0;1162.0;1803.0;859.0;1629.0;3206.0;6076.0;1108.0;1830.0;8.0;-7.0;32.0;-20.0;NITROMETHANE
966.0;1771.0;2259.0;6585.0;1180.0;1816.0;882.0;1670.0;3234.0;6120.0;1106.0;1834.0;8.0;-7.0;29.0;-20.0;NITROMETHANE
973.0;1782.0;2265.0;6590.0;1188.0;1816.0;874.0;1652.0;3216.0;6164.0;1110.0;1838.0;8.0;-7.0;29.0;-21.0;NITROMETHANE
975.0;1776.0;2282.0;6642.0;1184.0;1813.0;873.0;1651.0;3225.0;6100.0;1103.0;1822.0;8.0;-8.0;36.0;-22.0;NITROMETHANE
962.0;1769.0;2265.0;6577.0;1174.0;1815.0;875.0;1655.0;3231.0;6145.0;1104.0;1828.0;7.0;-7.0;32.0;-22.0;NITROMETHANE
971.0;1774.0;2266.0;6604.0;1181.0;1809.0;878.0;1657.0;3248.0;6127.0;1104.0;1830.0;8.0;-7.0;27.0;-19.0;NITROMETHANE
992.0;1796.0;2281.0;6660.0;1182.0;1818.0;885.0;1682.0;3287.0;6161.0;1107.0;1833.0;7.0;-8.0;29.0;-18.0;NITROMETHANE
958.0;1752.0;2267.0;6579.0;1179.0;1825.0;895.0;1696.0;3305.0;6251.0;1121.0;1867.0;0.0;-8.0;24.0;-16.0;NITROMETHANE
989.0;1805.0;2274.0;6702.0;1191.0;1833.0;881.0;1677.0;3274.0;6221.0;1119.0;1856.0;0.0;-8.0;24.0;-16.0;NITROMETHANE
1004.0;1822.0;2276.0;6739.0;1195.0;1826.0;898.0;1700.0;3291.0;6208.0;1112.0;1834.0;0.0;-8.0;22.0;-16.0;NITROMETHANE
991.0;1806.0;2293.0;6702.0;1197.0;1829.0;909.0;1715.0;3321.0;6289.0;1124.0;1867.0;5.0;-8.0;33.0;-17.0;NITROMETHANE
990.0;1810.0;2276.0;6761.0;1204.0;1833.0;888.0;1687.0;3302.0;6230.0;1129.0;1858.0;12.0;-8.0;29.0;-22.0;NITROMETHANE
987.0;1793.0;2282.0;6677.0;1193.0;1831.0;874.0;1671.0;3273.0;6205.0;1113.0;1841.0;9.0;-12.0;32.0;-23.0;NITROMETHANE
976.0;1774.0;2266.0;6651.0;1191.0;1828.0;892.0;1695.0;3317.0;6278.0;1128.0;1859.0;11.0;-5.0;43.0;-22.0;NITROMETHANE
983.0;1801.0;2274.0;6723.0;1200.0;1836.0;902.0;1710.0;3311.0;6306.0;1131.0;1873.0;9.0;-5.0;30.0;-22.0;NITROMETHANE
1001.0;1814.0;2277.0;6752.0;1202.0;1840.0;921.0;1741.0;3405.0;6347.0;1135.0;1877.0;5.0;-5.0;39.0;-22.0;NITROMETHANE
999.0;1818.0;2279.0;6790.0;1214.0;1852.0;916.0;1731.0;3356.0;6325.0;1135.0;1879.0;5.0;-5.0;25.0;-19.0;NITROMETHANE
999.0;1815.0;2284.0;6798.0;1208.0;1841.0;903.0;1704.0;3319.0;6318.0;1131.0;1877.0;6.0;-5.0;21.0;-16.0;NITROMETHANE
1003.0;1819.0;2282.0;6756.0;1204.0;1850.0;910.0;1726.0;3329.0;6316.0;1133.0;1873.0;6.0;-5.0;33.0;-17.0;NITROMETHANE
997.0;1804.0;2288.0;6760.0;1202.0;1839.0;891.0;1689.0;3287.0;6258.0;1129.0;1881.0;6.0;-5.0;21.0;-16.0;NITROMETHANE
1018.0;1836.0;2285.0;6823.0;1207.0;1837.0;896.0;1707.0;3317.0;6325.0;1135.0;1870.0;3.0;-5.0;27.0;-16.0;NITROMETHANE
1005.0;1818.0;2282.0;6741.0;1198.0;1829.0;886.0;1676.0;3274.0;6242.0;1117.0;1854.0;3.0;-6.0;19.0;-17.0;NITROMETHANE
1009.0;1828.0;2286.0;6781.0;1206.0;1843.0;903.0;1709.0;3344.0;6349.0;1141.0;1887.0;3.0;-6.0;19.0;-17.0;NITROMETHANE
1009.0;1832.0;2279.0;6887.0;1228.0;1863.0;907.0;1724.0;3373.0;6444.0;1157.0;1911.0;7.0;-6.0;39.0;-20.0;NITROMETHANE
1027.0;1853.0;2290.0;6921.0;1230.0;1863.0;923.0;1753.0;3404.0;6420.0;1147.0;1906.0;13.0;-9.0;26.0;-20.0;NITROMETHANE
1031.0;1852.0;2291.0;6907.0;1232.0;1857.0;920.0;1746.0;3393.0;6382.0;1153.0;1906.0;13.0;-6.0;25.0;-20.0;NITROMETHANE
1022.0;1858.0;2293.0;7001.0;1255.0;1895.0;937.0;1786.0;3478.0;6621.0;1190.0;1975.0;7.0;-6.0;25.0;-20.0;NITROMETHANE
1079.0;1921.0;2304.0;7185.0;1278.0;1897.0;949.0;1797.0;3477.0;6646.0;1189.0;1956.0;7.0;-6.0;21.0;-20.0;NITROMETHANE
1058.0;1893.0;2291.0;7116.0;1267.0;1895.0;943.0;1779.0;3453.0;6569.0;1189.0;1958.0;3.0;-9.0;27.0;-20.0;NITROMETHANE
1062.0;1891.0;2299.0;7139.0;1278.0;1909.0;965.0;1820.0;3544.0;6687.0;1203.0;1977.0;9.0;-6.0;38.0;-20.0;NITROMETHANE
1089.0;1934.0;2314.0;7324.0;1298.0;1916.0;985.0;1861.0;3610.0;6784.0;1216.0;2011.0;9.0;-7.0;33.0;-22.0;NITROMETHANE
1080.0;1918.0;2308.0;7279.0;1294.0;1920.0;972.0;1831.0;3570.0;6757.0;1205.0;1991.0;15.0;-9.0;30.0;-23.0;NITROMETHANE
1072.0;1919.0;2308.0;7185.0;1278.0;1905.0;972.0;1839.0;3588.0;6750.0;1193.0;1976.0;9.0;-9.0;32.0;-23.0;NITROMETHANE
1061.0;1898.0;2313.0;7159.0;1271.0;1893.0;960.0;1818.0;3530.0;6627.0;1179.0;1952.0;10.0;-11.0;20.0;-23.0;NITROMETHANE
1049.0;1890.0;2303.0;7087.0;1252.0;1888.0;942.0;1782.0;3478.0;6559.0;1175.0;1953.0;15.0;-11.0;40.0;-23.0;NITROMETHANE
1049.0;1887.0;2299.0;7052.0;1261.0;1887.0;966.0;1817.0;3494.0;6623.0;1182.0;1950.0;10.0;-11.0;26.0;-23.0;NITROMETHANE
1042.0;1880.0;2290.0;7018.0;1252.0;1893.0;933.0;1763.0;3444.0;6531.0;1177.0;1948.0;10.0;-13.0;24.0;-22.0;NITROMETHANE
1055.0;1894.0;2300.0;7100.0;1263.0;1894.0;946.0;1792.0;3520.0;6616.0;1184.0;1951.0;2.0;-12.0;29.0;-20.0;NITROMETHANE
1060.0;1892.0;2304.0;7102.0;1265.0;1895.0;968.0;1837.0;3550.0;6686.0;1191.0;1955.0;2.0;-8.0;14.0;-16.0;NITROMETHANE
1073.0;1909.0;2296.0;7147.0;1271.0;1905.0;953.0;1826.0;3541.0;6699.0;1197.0;1975.0;2.0;-8.0;14.0;-16.0;NITROMETHANE
1078.0;1920.0;2301.0;7174.0;1273.0;1902.0;969.0;1839.0;3531.0;6668.0;1190.0;1958.0;4.0;-12.0;27.0;-16.0;NITROMETHANE
1060.0;1895.0;2282.0;7050.0;1263.0;1891.0;948.0;1804.0;3511.0;6630.0;1183.0;1952.0;4.0;-8.0;20.0;-16.0;NITROMETHANE
1065.0;1900.0;2309.0;7145.0;1270.0;1898.0;978.0;1846.0;3583.0;6658.0;1189.0;1951.0;4.0;-7.0;32.0;-17.0;NITROMETHANE
1070.0;1898.0;2301.0;7158.0;1274.0;1897.0;965.0;1817.0;3553.0;6694.0;1199.0;1974.0;4.0;-7.0;36.0;-17.0;NITROMETHANE
1069.0;1906.0;2312.0;7175.0;1274.0;1902.0;980.0;1847.0;3583.0;6719.0;1200.0;1964.0;4.0;-8.0;24.0;-15.0;NITROMETHANE
1074.0;1905.0;2296.0;7162.0;1281.0;1909.0;961.0;1822.0;3536.0;6630.0;1186.0;1973.0;4.0;-8.0;33.0;-12.0;NITROMETHANE
1077.0;1915.0;2301.0;7186.0;1274.0;1901.0;973.0;1828.0;3581.0;6742.0;1196.0;1981.0;4.0;-7.0;15.0;-15.0;NITROMETHANE
1078.0;1927.0;2302.0;7263.0;1290.0;1908.0;968.0;1829.0;3544.0;6744.0;1200.0;1974.0;-2.0;-8.0;11.0;-13.0;NITROMETHANE
1080.0;1926.0;2297.0;7248.0;1283.0;1906.0;959.0;1813.0;3534.0;6701.0;1202.0;1975.0;-2.0;-8.0;17.0;-13.0;NITROMETHANE
1086.0;1929.0;2308.0;7238.0;1284.0;1911.0;974.0;1843.0;3564.0;6716.0;1205.0;1978.0;8.0;-6.0;12.0;-16.0;NITROMETHANE
1083.0;1932.0;2306.0;7282.0;1288.0;1909.0;970.0;1828.0;3547.0;6754.0;1208.0;2000.0;8.0;-6.0;17.0;-24.0;NITROMETHANE
1102.0;1943.0;2310.0;7267.0;1297.0;1922.0;978.0;1859.0;3607.0;6792.0;1208.0;1995.0;8.0;-8.0;21.0;-24.0;NITROMETHANE
1086.0;1937.0;2308.0;7246.0;1281.0;1906.0;967.0;1830.0;3551.0;6711.0;1199.0;1981.0;11.0;-8.0;29.0;-24.0;NITROMETHANE
1071.0;1916.0;2311.0;7197.0;1274.0;1899.0;971.0;1846.0;3588.0;6749.0;1202.0;1959.0;4.0;-8.0;19.0;-25.0;NITROMETHANE
1082.0;1917.0;2301.0;7231.0;1277.0;1911.0;988.0;1839.0;3580.0;6742.0;1209.0;1990.0;-2.0;-9.0;22.0;-21.0;NITROMETHANE
1090.0;1928.0;2299.0;7255.0;1289.0;1913.0;971.0;1848.0;3598.0;6770.0;1211.0;1993.0;-2.0;-8.0;20.0;-17.0;NITROMETHANE
1083.0;1918.0;2300.0;7227.0;1288.0;1914.0;967.0;1827.0;3573.0;6726.0;1207.0;1987.0;-2.0;-9.0;14.0;-17.0;NITROMETHANE
1071.0;1917.0;2318.0;7249.0;1291.0;1909.0;983.0;1861.0;3577.0;6728.0;1201.0;1979.0;4.0;-8.0;27.0;-17.0;NITROMETHANE
1078.0;1930.0;2317.0;7219.0;1286.0;1909.0;952.0;1809.0;3548.0;6707.0;1198.0;1965.0;6.0;-4.0;13.0;-15.0;NITROMETHANE
1076.0;1914.0;2309.0;7227.0;1289.0;1917.0;976.0;1838.0;3580.0;6755.0;1212.0;1996.0;6.0;-4.0;12.0;-14.0;NITROMETHANE
1095.0;1943.0;2299.0;7323.0;1288.0;1922.0;996.0;1881.0;3637.0;6811.0;1212.0;1992.0;9.0;-8.0;19.0;-15.0;NITROMETHANE
1094.0;1932.0;2311.0;7283.0;1293.0;1920.0;995.0;1876.0;3643.0;6866.0;1219.0;2000.0;9.0;-6.0;12.0;-15.0;NITROMETHANE
1104.0;1948.0;2317.0;7371.0;1306.0;1927.0;995.0;1858.0;3627.0;6825.0;1222.0;2014.0;8.0;-8.0;28.0;-17.0;NITROMETHANE
1107.0;1960.0;2309.0;7377.0;1307.0;1934.0;989.0;1877.0;3640.0;6872.0;1228.0;2022.0;1.0;-9.0;17.0;-17.0;NITROMETHANE
1117.0;1962.0;2325.0;7426.0;1318.0;1947.0;1026.0;1921.0;3697.0;6938.0;1241.0;2049.0;1.0;-8.0;17.0;-17.0;NITROMETHANE
1123.0;1969.0;2316.0;7439.0;1325.0;1948.0;1012.0;1909.0;3669.0;6927.0;1243.0;2041.0;-1.0;-8.0;18.0;-19.0;NITROMETHANE
1114.0;1964.0;2333.0;7462.0;1332.0;1954.0;1020.0;1928.0;3725.0;7037.0;1267.0;2069.0;2.0;-9.0;25.0;-17.0;NITROMETHANE
1129.0;1985.0;2324.0;7582.0;1340.0;1950.0;995.0;1892.0;3669.0;6964.0;1254.0;2044.0;-1.0;-8.0;14.0;-19.0;NITROMETHANE
1121.0;1973.0;2310.0;7453.0;1322.0;1941.0;991.0;1884.0;3670.0;6944.0;1246.0;2034.0;-3.0;-8.0;14.0;-19.0;NITROMETHANE
1121.0;1962.0;2323.0;7473.0;1323.0;1941.0;1029.0;1940.0;3744.0;6965.0;1242.0;2030.0;-3.0;-6.0;18.0;-14.0;NITROMETHANE
1129.0;1977.0;2313.0;7495.0;1328.0;1943.0;999.0;1892.0;3680.0;6920.0;1237.0;2035.0;-3.0;-11.0;13.0;-14.0;NITROMETHANE
1120.0;1966.0;2323.0;7447.0;1316.0;1940.0;1030.0;1938.0;3729.0;6991.0;1245.0;2037.0;-3.0;-8.0;28.0;-16.0;NITROMETHANE
1113.0;1962.0;2318.0;7433.0;1326.0;1945.0;1027.0;1930.0;3731.0;7008.0;1244.0;2039.0;-3.0;-8.0;22.0;-15.0;NITROMETHANE
1124.0;1972.0;2318.0;7483.0;1328.0;1943.0;1010.0;1900.0;3687.0;6947.0;1242.0;2051.0;-1.0;-8.0;29.0;-16.0;NITROMETHANE
1141.0;1984.0;2326.0;7497.0;1334.0;1945.0;1037.0;1945.0;3775.0;7059.0;1253.0;2065.0;-1.0;-8.0;21.0;-18.0;NITROMETHANE
1133.0;1982.0;2321.0;7542.0;1339.0;1947.0;1037.0;1959.0;3780.0;7099.0;1251.0;2056.0;0.0;-6.0;16.0;-18.0;NITROMETHANE
1125.0;1976.0;2322.0;7478.0;1326.0;1942.0;1020.0;1922.0;3732.0;7009.0;1246.0;2044.0;0.0;-6.0;23.0;-18.0;NITROMETHANE
1128.0;1975.0;2324.0;7515.0;1320.0;1939.0;1017.0;1906.0;3656.0;6919.0;1231.0;2030.0;0.0;-7.0;35.0;-19.0;NITROMETHANE
1107.0;1943.0;2306.0;7387.0;1319.0;1937.0;1005.0;1899.0;3697.0;6970.0;1245.0;2054.0;15.0;-6.0;36.0;-19.0;NITROMETHANE
1131.0;1986.0;2312.0;7552.0;1345.0;1962.0;1026.0;1931.0;3765.0;7088.0;1269.0;2078.0;5.0;-7.0;25.0;-20.0;NITROMETHANE
1140.0;1998.0;2329.0;7594.0;1351.0;1960.0;1021.0;1942.0;3759.0;7072.0;1260.0;2079.0;5.0;-7.0;26.0;-19.0;NITROMETHANE
1138.0;1988.0;2336.0;7567.0;1350.0;1955.0;1014.0;1897.0;3691.0;7027.0;1251.0;2064.0;2.0;-9.0;25.0;-19.0;NITROMETHANE
1131.0;1982.0;2325.0;7592.0;1346.0;1960.0;1038.0;1949.0;3749.0;7092.0;1258.0;2058.0;2.0;-9.0;26.0;-19.0;NITROMETHANE
1130.0;1983.0;2317.0;7551.0;1345.0;1960.0;1030.0;1941.0;3781.0;7129.0;1263.0;2076.0;1.0;-9.0;9.0;-22.0;NITROMETHANE
1155.0;2000.0;2324.0;7567.0;1346.0;1957.0;1009.0;1917.0;3720.0;7033.0;1255.0;2063.0;1.0;-9.0;9.0;-19.0;NITROMETHANE
1145.0;1993.0;2333.0;7634.0;1351.0;1967.0;1038.0;1951.0;3799.0;7156.0;1276.0;2107.0;0.0;-9.0;9.0;-20.0;NITROMETHANE
1173.0;2023.0;2328.0;7711.0;1374.0;1987.0;1073.0;2017.0;3877.0;7288.0;1299.0;2130.0;1.0;-5.0;18.0;-20.0;NITROMETHANE
1179.0;2035.0;2325.0;7850.0;1390.0;1987.0;1063.0;1988.0;3842.0;7272.0;1296.0;2131.0;1.0;-5.0;22.0;-20.0;NITROMETHANE
1189.0;2039.0;2327.0;7879.0;1391.0;1989.0;1068.0;1987.0;3837.0;7198.0;1289.0;2116.0;4.0;-5.0;34.0;-19.0;NITROMETHANE
1175.0;2030.0;2326.0;7759.0;1380.0;1985.0;1051.0;1990.0;3850.0;7219.0;1282.0;2120.0;1.0;-5.0;29.0;-19.0;NITROMETHANE
1185.0;2032.0;2327.0;7797.0;1378.0;1981.0;1070.0;2015.0;3881.0;7271.0;1287.0;2110.0;4.0;-5.0;16.0;-15.0;NITROMETHANE
1167.0;2021.0;2333.0;7698.0;1368.0;1977.0;1047.0;1967.0;3825.0;7225.0;1282.0;2104.0;1.0;-7.0;18.0;-15.0;NITROMETHANE
1170.0;2018.0;2332.0;7765.0;1377.0;1982.0;1047.0;1972.0;3840.0;7247.0;1295.0;2120.0;6.0;-8.0;18.0;-15.0;NITROMETHANE
1187.0;2036.0;2334.0;7816.0;1387.0;1991.0;1068.0;2010.0;3866.0;7338.0;1294.0;2135.0;-4.0;-9.0;18.0;-11.0;NITROMETHANE
1179.0;2038.0;2337.0;7835.0;1384.0;1988.0;1063.0;2000.0;3858.0;7276.0;1292.0;2116.0;-2.0;-9.0;28.0;-11.0;NITROMETHANE
1172.0;2026.0;2329.0;7782.0;1381.0;1980.0;1063.0;1979.0;3813.0;7174.0;1280.0;2104.0;-2.0;-10.0;17.0;-12.0;NITROMETHANE
1175.0;2033.0;2327.0;7791.0;1372.0;1981.0;1051.0;1959.0;3826.0;7189.0;1285.0;2106.0;2.0;-9.0;6.0;-11.0;NITROMETHANE
1175.0;2025.0;2336.0;7756.0;1375.0;1975.0;1055.0;1983.0;3810.0;7189.0;1287.0;2098.0;2.0;-9.0;5.0;-12.0;NITROMETHANE
1185.0;2039.0;2321.0;7796.0;1370.0;1977.0;1039.0;1956.0;3793.0;7184.0;1280.0;2092.0;2.0;-7.0;6.0;-12.0;NITROMETHANE
1167.0;2015.0;2315.0;7708.0;1368.0;1973.0;1041.0;1957.0;3794.0;7138.0;1276.0;2082.0;3.0;-6.0;4.0;-9.0;NITROMETHANE
1179.0;2031.0;2328.0;7695.0;1357.0;1968.0;1051.0;1975.0;3829.0;7171.0;1274.0;2093.0;3.0;-3.0;6.0;-9.0;NITROMETHANE
1170.0;2027.0;2333.0;7751.0;1361.0;1965.0;1035.0;1948.0;3765.0;7081.0;1259.0;2073.0;4.0;-3.0;12.0;-17.0;NITROMETHANE
1177.0;2019.0;2339.0;7686.0;1365.0;1973.0;1050.0;1974.0;3817.0;7173.0;1278.0;2097.0;4.0;-3.0;21.0;-17.0;NITROMETHANE
1168.0;2025.0;2331.0;7761.0;1367.0;1981.0;1052.0;1987.0;3827.0;7214.0;1281.0;2109.0;4.0;-6.0;24.0;-17.0;NITROMETHANE
1161.0;2016.0;2324.0;7683.0;1358.0;1970.0;1055.0;1973.0;3838.0;7139.0;1270.0;2085.0;3.0;-6.0;14.0;-17.0;NITROMETHANE
1169.0;2022.0;2333.0;7726.0;1361.0;1967.0;1062.0;1997.0;3839.0;7162.0;1270.0;2093.0;3.0;-6.0;19.0;-16.0;NITROMETHANE
1180.0;2029.0;2325.0;7756.0;1371.0;1972.0;1045.0;1952.0;3800.0;7170.0;1284.0;2102.0;2.0;-6.0;21.0;-13.0;NITROMETHANE
1172.0;2024.0;2336.0;7773.0;1368.0;1979.0;1057.0;1987.0;3844.0;7231.0;1285.0;2115.0;2.0;-6.0;19.0;-13.0;NITROMETHANE
1185.0;2043.0;2340.0;7838.0;1376.0;1977.0;1057.0;1987.0;3821.0;7213.0;1273.0;2088.0;-1.0;-6.0;22.0;-15.0;NITROMETHANE
1169.0;2023.0;2324.0;7706.0;1362.0;1972.0;1063.0;1997.0;3857.0;7247.0;1285.0;2113.0;-1.0;-6.0;14.0;-15.0;NITROMETHANE
1179.0;2034.0;2324.0;7767.0;1365.0;1974.0;1057.0;1996.0;3824.0;7199.0;1274.0;2089.0;-1.0;-3.0;10.0;-15.0;NITROMETHANE
1172.0;2025.0;2325.0;7732.0;1364.0;1972.0;1055.0;1977.0;3837.0;7212.0;1279.0;2093.0;-1.0;-3.0;17.0;-15.0;NITROMETHANE
1178.0;2032.0;2320.0;7743.0;1376.0;1979.0;1055.0;1992.0;3828.0;7216.0;1286.0;2114.0;-1.0;-5.0;15.0;-15.0;NITROMETHANE
1190.0;2053.0;2335.0;7883.0;1389.0;1990.0;1081.0;2029.0;3902.0;7310.0;1301.0;2124.0;-1.0;-8.0;26.0;-14.0;NITROMETHANE
1191.0;2039.0;2341.0;7866.0;1396.0;1994.0;1088.0;2050.0;3960.0;7383.0;1319.0;2149.0;-1.0;-5.0;15.0;-14.0;NITROMETHANE
1211.0;2066.0;2320.0;7970.0;1399.0;1994.0;1087.0;2029.0;3920.0;7386.0;1303.0;2145.0;2.0;-5.0;15.0;-16.0;NITROMETHANE
1213.0;2064.0;2347.0;7909.0;1398.0;1994.0;1079.0;2024.0;3949.0;7370.0;1306.0;2130.0;2.0;-2.0;14.0;-16.0;NITROMETHANE
1215.0;2062.0;2326.0;7902.0;1396.0;1997.0;1105.0;2064.0;3959.0;7394.0;1309.0;2127.0;0.0;-2.0;15.0;-16.0;NITROMETHANE
1196.0;2050.0;2328.0;7883.0;1403.0;1995.0;1102.0;2061.0;3952.0;7334.0;1314.0;2152.0;2.0;-2.0;15.0;-17.0;NITROMETHANE
1223.0;2075.0;2341.0;7952.0;1404.0;1993.0;1083.0;2028.0;3893.0;7311.0;1306.0;2133.0;4.0;-2.0;24.0;-17.0;NITROMETHANE
1198.0;2048.0;2352.0;7897.0;1395.0;1999.0;1112.0;2082.0;3985.0;7408.0;1314.0;2153.0;4.0;-5.0;18.0;-17.0;NITROMETHANE
1211.0;2069.0;2333.0;7967.0;1403.0;2005.0;1093.0;2048.0;3933.0;7406.0;1308.0;2155.0;9.0;-5.0;21.0;-17.0;NITROMETHANE
1203.0;2056.0;2338.0;7976.0;1404.0;1991.0;1071.0;2009.0;3892.0;7309.0;1299.0;2131.0;9.0;-7.0;22.0;-15.0;NITROMETHANE
1214.0;2059.0;2346.0;7912.0;1394.0;1996.0;1104.0;2053.0;3928.0;7332.0;1305.0;2132.0;6.0;-7.0;21.0;-15.0;NITROMETHANE
1202.0;2056.0;2344.0;7884.0;1399.0;1993.0;1077.0;2017.0;3885.0;7311.0;1300.0;2132.0;3.0;-6.0;14.0;-15.0;NITROMETHANE
1203.0;2051.0;2349.0;7852.0;1388.0;1993.0;1097.0;2056.0;3965.0;7407.0;1317.0;2144.0;1.0;-7.0;13.0;-15.0;NITROMETHANE
1215.0;2078.0;2338.0;8023.0;1406.0;2003.0;1108.0;2084.0;3983.0;7464.0;1320.0;2157.0;1.0;-8.0;13.0;-12.0;NITROMETHANE
1219.0;2067.0;2355.0;7975.0;1407.0;2000.0;1118.0;2084.0;4004.0;7477.0;1313.0;2156.0;2.0;-8.0;9.0;-13.0;NITROMETHANE
1239.0;2088.0;2348.0;8023.0;1409.0;2004.0;1097.0;2051.0;3948.0;7404.0;1314.0;2157.0;2.0;-8.0;20.0;-12.0;NITROMETHANE
1226.0;2074.0;2341.0;7990.0;1405.0;1995.0;1086.0;2038.0;3943.0;7437.0;1313.0;2145.0;2.0;-8.0;16.0;-12.0;NITROMETHANE
1221.0;2065.0;2343.0;7959.0;1404.0;1999.0;1087.0;2046.0;3937.0;7371.0;1313.0;2132.0;7.0;-7.0;16.0;-13.0;NITROMETHANE
1207.0;2062.0;2330.0;7927.0;1404.0;1990.0;1099.0;2045.0;3924.0;7305.0;1307.0;2132.0;6.0;-7.0;17.0;-13.0;NITROMETHANE
1208.0;2058.0;2335.0;7912.0;1397.0;1997.0;1106.0;2064.0;3933.0;7377.0;1306.0;2143.0;8.0;-7.0;18.0;-13.0;NITROMETHANE
1235.0;2086.0;2343.0;8077.0;1420.0;2009.0;1109.0;2076.0;4017.0;7564.0;1340.0;2192.0;6.0;-9.0;30.0;-14.0;NITROMETHANE
1251.0;2100.0;2341.0;8187.0;1446.0;2024.0;1140.0;2111.0;4042.0;7570.0;1354.0;2206.0;6.0;-10.0;18.0;-14.0;NITROMETHANE
1256.0;2108.0;2357.0;8215.0;1443.0;2034.0;1136.0;2132.0;4114.0;7650.0;1359.0;2211.0;8.0;-11.0;17.0;-13.0;NITROMETHANE
1265.0;2110.0;2356.0;8262.0;1445.0;2034.0;1138.0;2110.0;4074.0;7628.0;1352.0;2213.0;6.0;-10.0;24.0;-9.0;NITROMETHANE
1273.0;2115.0;2351.0;8264.0;1450.0;2023.0;1126.0;2102.0;4050.0;7614.0;1349.0;2208.0;6.0;-11.0;25.0;-12.0;NITROMETHANE
1251.0;2101.0;2359.0;8222.0;1443.0;2029.0;1133.0;2110.0;4071.0;7587.0;1353.0;2199.0;3.0;-12.0;13.0;-11.0;NITROMETHANE
1272.0;2118.0;2342.0;8237.0;1439.0;2016.0;1156.0;2150.0;4093.0;7605.0;1343.0;2181.0;6.0;-11.0;13.0;-11.0;NITROMETHANE
1251.0;2099.0;2344.0;8133.0;1436.0;2011.0;1116.0;2097.0;4029.0;7502.0;1331.0;2185.0;3.0;-12.0;13.0;-11.0;NITROMETHANE
1264.0;2108.0;2353.0;8142.0;1424.0;2009.0;1147.0;2127.0;4074.0;7573.0;1336.0;2180.0;2.0;-12.0;20.0;-12.0;NITROMETHANE
1266.0;2110.0;2328.0;8156.0;1440.0;2029.0;1171.0;2179.0;4177.0;7763.0;1365.0;2229.0;2.0;-6.0;16.0;-12.0;NITROMETHANE
1269.0;2122.0;2350.0;8328.0;1461.0;2033.0;1165.0;2168.0;4151.0;7749.0;1365.0;2227.0;4.0;-6.0;16.0;-12.0;NITROMETHANE
1291.0;2133.0;2350.0;8290.0;1467.0;2038.0;1161.0;2165.0;4143.0;7739.0;1363.0;2230.0;2.0;-7.0;24.0;-12.0;NITROMETHANE
1282.0;2130.0;2361.0;8331.0;1456.0;2031.0;1163.0;2157.0;4158.0;7720.0;1360.0;2218.0;4.0;-6.0;14.0;-12.0;NITROMETHANE
1271.0;2122.0;2359.0;8294.0;1465.0;2038.0;1191.0;2198.0;4215.0;7780.0;1372.0;2247.0;4.0;-7.0;15.0;-11.0;NITROMETHANE
1298.0;2143.0;2362.0;8409.0;1475.0;2051.0;1183.0;2209.0;4246.0;7881.0;1393.0;2258.0;-2.0;-8.0;23.0;-10.0;NITROMETHANE
1310.0;2154.0;2359.0;8455.0;1482.0;2046.0;1189.0;2206.0;4193.0;7818.0;1375.0;2241.0;-2.0;-8.0;15.0;-10.0;NITROMETHANE
1297.0;2138.0;2362.0;8366.0;1466.0;2035.0;1154.0;2137.0;4107.0;7724.0;1368.0;2215.0;4.0;-8.0;20.0;-10.0;NITROMETHANE
1309.0;2142.0;2361.0;8352.0;1453.0;2037.0;1162.0;2132.0;4121.0;7657.0;1358.0;2216.0;4.0;-8.0;20.0;-10.0;NITROMETHANE
1268.0;2119.0;2351.0;8297.0;1454.0;2030.0;1150.0;2132.0;4105.0;7678.0;1357.0;2209.0;12.0;-8.0;22.0;-10.0;NITROMETHANE
1277.0;2121.0;2368.0;8283.0;1453.0;2032.0;1154.0;2152.0;4122.0;7674.0;1349.0;2201.0;6.0;-9.0;17.0;-10.0;NITROMETHANE
1271.0;2117.0;2324.0;8259.0;1447.0;2034.0;1162.0;2154.0;4132.0;7676.0;1346.0;2201.0;13.0;-9.0;25.0;-13.0;NITROMETHANE
1275.0;2119.0;2349.0;8260.0;1448.0;2022.0;1149.0;2139.0;4083.0;7648.0;1355.0;2208.0;8.0;-8.0;21.0;-13.0;NITROMETHANE
1277.0;2118.0;2350.0;8227.0;1444.0;2023.0;1132.0;2120.0;4082.0;7618.0;1343.0;2192.0;8.0;-9.0;20.0;-18.0;NITROMETHANE
1276.0;2116.0;2356.0;8285.0;1449.0;2029.0;1156.0;2147.0;4122.0;7636.0;1353.0;2202.0;8.0;-10.0;21.0;-13.0;NITROMETHANE
1292.0;2131.0;2352.0;8336.0;1453.0;2035.0;1170.0;2144.0;4105.0;7651.0;1359.0;2221.0;9.0;-9.0;18.0;-18.0;NITROMETHANE
1274.0;2120.0;2345.0;8300.0;1456.0;2035.0;1171.0;2179.0;4165.0;7699.0;1371.0;2218.0;2.0;-9.0;17.0;-18.0;NITROMETHANE
1290.0;2134.0;2351.0;8347.0;1462.0;2037.0;1185.0;2211.0;4205.0;7765.0;1367.0;2220.0;2.0;-9.0;17.0;-17.0;NITROMETHANE
1289.0;2129.0;2336.0;8319.0;1463.0;2039.0;1157.0;2157.0;4129.0;7704.0;1368.0;2229.0;2.0;-6.0;15.0;-14.0;NITROMETHANE
1293.0;2131.0;2360.0;8325.0;1464.0;2039.0;1152.0;2148.0;4153.0;7773.0;1379.0;2239.0;2.0;-6.0;19.0;-17.0;NITROMETHANE
1295.0;2141.0;2348.0;8404.0;1466.0;2040.0;1158.0;2155.0;4152.0;7750.0;1366.0;2230.0;3.0;-6.0;25.0;-14.0;NITROMETHANE
1288.0;2125.0;2366.0;8343.0;1465.0;2041.0;1183.0;2183.0;4168.0;7776.0;1383.0;2243.0;3.0;-6.0;25.0;-17.0;NITROMETHANE
1291.0;2132.0;2369.0;8406.0;1477.0;2049.0;1172.0;2172.0;4188.0;7817.0;1384.0;2260.0;3.0;-7.0;15.0;-14.0;NITROMETHANE
1316.0;2152.0;2368.0;8467.0;1485.0;2044.0;1179.0;2186.0;4208.0;7809.0;1384.0;2251.0;3.0;-8.0;18.0;-18.0;NITROMETHANE
1320.0;2157.0;2367.0;8497.0;1484.0;2060.0;1221.0;2271.0;4342.0;8000.0;1405.0;2280.0;4.0;-7.0;13.0;-16.0;NITROMETHANE
1339.0;2171.0;2367.0;8610.0;1501.0;2056.0;1197.0;2219.0;4263.0;7959.0;1408.0;2291.0;5.0;-7.0;19.0;-16.0;NITROMETHANE
1341.0;2170.0;2366.0;8592.0;1502.0;2061.0;1201.0;2223.0;4273.0;7938.0;1401.0;2290.0;4.0;-4.0;23.0;-16.0;NITROMETHANE
1347.0;2167.0;2366.0;8611.0;1503.0;2062.0;1213.0;2251.0;4277.0;7981.0;1389.0;2267.0;9.0;-4.0;20.0;-18.0;NITROMETHANE
1332.0;2158.0;2367.0;8547.0;1495.0;2053.0;1203.0;2227.0;4259.0;7917.0;1397.0;2281.0;9.0;-4.0;20.0;-16.0;NITROMETHANE
1316.0;2158.0;2369.0;8543.0;1491.0;2055.0;1189.0;2207.0;4232.0;7896.0;1394.0;2249.0;18.0;-7.0;30.0;-18.0;NITROMETHANE
1333.0;2158.0;2359.0;8538.0;1487.0;2052.0;1196.0;2222.0;4265.0;7922.0;1398.0;2268.0;2.0;-7.0;31.0;-18.0;NITROMETHANE
1320.0;2151.0;2359.0;8501.0;1491.0;2055.0;1179.0;2209.0;4212.0;7872.0;1394.0;2256.0;2.0;-8.0;25.0;-16.0;NITROMETHANE
1308.0;2137.0;2377.0;8471.0;1485.0;2048.0;1206.0;2225.0;4232.0;7926.0;1394.0;2262.0;2.0;-8.0;25.0;-15.0;NITROMETHANE
1339.0;2167.0;2357.0;8519.0;1486.0;2050.0;1177.0;2199.0;4222.0;7834.0;1385.0;2245.0;2.0;-7.0;23.0;-15.0;NITROMETHANE
1338.0;2164.0;2358.0;8496.0;1485.0;2051.0;1198.0;2212.0;4219.0;7835.0;1382.0;2265.0;12.0;-3.0;22.0;-15.0;NITROMETHANE
1328.0;2165.0;2369.0;8515.0;1482.0;2051.0;1177.0;2201.0;4234.0;7863.0;1385.0;2253.0;8.0;-3.0;23.0;-15.0;NITROMETHANE
1319.0;2159.0;2376.0;8471.0;1483.0;2052.0;1191.0;2203.0;4235.0;7907.0;1395.0;2266.0;6.0;-3.0;28.0;-15.0;NITROMETHANE
1332.0;2164.0;2364.0;8558.0;1502.0;2062.0;1239.0;2271.0;4315.0;8020.0;1416.0;2306.0;8.0;-3.0;24.0;-15.0;NITROMETHANE
1366.0;2192.0;2366.0;8748.0;1526.0;2071.0;1240.0;2305.0;4388.0;8098.0;1423.0;2321.0;6.0;-9.0;26.0;-15.0;NITROMETHANE
1376.0;2197.0;2385.0;8749.0;1533.0;2077.0;1264.0;2327.0;4397.0;8138.0;1433.0;2329.0;2.0;-9.0;19.0;-17.0;NITROMETHANE
1396.0;2210.0;2386.0;8847.0;1547.0;2090.0;1266.0;2333.0;4459.0;8269.0;1452.0;2353.0;2.0;-9.0;20.0;-19.0;NITROMETHANE
1430.0;2232.0;2385.0;8950.0;1552.0;2088.0;1265.0;2331.0;4442.0;8249.0;1449.0;2356.0;2.0;-9.0;20.0;-19.0;NITROMETHANE
1393.0;2210.0;2379.0;8861.0;1548.0;2087.0;1260.0;2325.0;4440.0;8198.0;1435.0;2319.0;2.0;-6.0;29.0;-19.0;NITROMETHANE
1358.0;2190.0;2371.0;8744.0;1527.0;2077.0;1247.0;2311.0;4391.0;8199.0;1439.0;2329.0;3.0;-6.0;19.0;-20.0;NITROMETHANE
1380.0;2210.0;2371.0;8850.0;1543.0;2088.0;1250.0;2321.0;4433.0;8216.0;1446.0;2350.0;3.0;-6.0;35.0;-19.0;NITROMETHANE
1386.0;2205.0;2382.0;8813.0;1533.0;2078.0;1235.0;2286.0;4376.0;8098.0;1429.0;2323.0;1.0;-7.0;17.0;-19.0;NITROMETHANE
1374.0;2197.0;2376.0;8775.0;1532.0;2077.0;1246.0;2315.0;4424.0;8192.0;1437.0;2331.0;3.0;-6.0;12.0;-19.0;NITROMETHANE
1389.0;2206.0;2382.0;8794.0;1539.0;2083.0;1226.0;2281.0;4380.0;8181.0;1437.0;2329.0;1.0;-7.0;15.0;-19.0;NITROMETHANE
1384.0;2210.0;2385.0;8817.0;1538.0;2087.0;1245.0;2306.0;4412.0;8203.0;1444.0;2342.0;1.0;-7.0;21.0;-15.0;NITROMETHANE
1393.0;2210.0;2372.0;8828.0;1538.0;2087.0;1227.0;2288.0;4387.0;8130.0;1429.0;2329.0;3.0;-7.0;14.0;-15.0;NITROMETHANE
1393.0;2209.0;2381.0;8811.0;1544.0;2089.0;1262.0;2324.0;4439.0;8244.0;1449.0;2352.0;3.0;-8.0;29.0;-15.0;NITROMETHANE
1405.0;2215.0;2401.0;8929.0;1555.0;2088.0;1268.0;2336.0;4439.0;8231.0;1455.0;2355.0;6.0;-8.0;24.0;-15.0;NITROMETHANE
1395.0;2210.0;2378.0;8881.0;1543.0;2086.0;1245.0;2315.0;4441.0;8235.0;1444.0;2343.0;6.0;-8.0;25.0;-18.0;NITROMETHANE
1399.0;2210.0;2366.0;8887.0;1544.0;2083.0;1259.0;2316.0;4410.0;8140.0;1432.0;2321.0;6.0;-8.0;37.0;-21.0;NITROMETHANE
1377.0;2195.0;2391.0;8770.0;1521.0;2071.0;1255.0;2316.0;4367.0;8142.0;1431.0;2328.0;5.0;-9.0;25.0;-21.0;NITROMETHANE
1381.0;2210.0;2378.0;8852.0;1544.0;2078.0;1237.0;2295.0;4410.0;8234.0;1435.0;2331.0;11.0;-8.0;25.0;-21.0;NITROMETHANE
1384.0;2209.0;2374.0;8852.0;1553.0;2084.0;1244.0;2313.0;4415.0;8213.0;1445.0;2335.0;9.0;-3.0;21.0;-20.0;NITROMETHANE
1393.0;2210.0;2392.0;8887.0;1542.0;2085.0;1276.0;2346.0;4479.0;8246.0;1439.0;2339.0;12.0;-3.0;30.0;-18.0;NITROMETHANE
1386.0;2210.0;2383.0;8851.0;1547.0;2081.0;1243.0;2304.0;4407.0;8160.0;1434.0;2332.0;9.0;-8.0;24.0;-17.0;NITROMETHANE
1385.0;2210.0;2373.0;8767.0;1533.0;2087.0;1228.0;2272.0;4382.0;8125.0;1427.0;2318.0;7.0;-8.0;13.0;-14.0;NITROMETHANE
1386.0;2210.0;2372.0;8815.0;1528.0;2065.0;1245.0;2292.0;4363.0;8061.0;1419.0;2315.0;7.0;-8.0;19.0;-14.0;NITROMETHANE
1402.0;2210.0;2380.0;8840.0;1531.0;2069.0;1260.0;2321.0;4436.0;8168.0;1435.0;2305.0;5.0;-8.0;11.0;-14.0;NITROMETHANE
1387.0;2209.0;2388.0;8837.0;1530.0;2074.0;1231.0;2293.0;4356.0;8075.0;1427.0;2300.0;7.0;-8.0;19.0;-14.0;NITROMETHANE
1390.0;2201.0;2380.0;8806.0;1525.0;2073.0;1247.0;2314.0;4399.0;8122.0;1429.0;2323.0;5.0;-7.0;15.0;-11.0;NITROMETHANE
1388.0;2210.0;2377.0;8902.0;1541.0;2086.0;1235.0;2284.0;4377.0;8136.0;1442.0;2339.0;-2.0;-7.0;18.0;-13.0;NITROMETHANE
1403.0;2209.0;2373.0;8902.0;1547.0;2088.0;1282.0;2368.0;4497.0;8341.0;1451.0;2351.0;-2.0;-12.0;15.0;-13.0;NITROMETHANE
1413.0;2236.0;2386.0;8927.0;1552.0;2089.0;1287.0;2359.0;4478.0;8266.0;1447.0;2343.0;-7.0;-12.0;18.0;-13.0;NITROMETHANE
1421.0;2235.0;2392.0;8960.0;1559.0;2089.0;1272.0;2347.0;4465.0;8305.0;1463.0;2358.0;-7.0;-7.0;25.0;-15.0;NITROMETHANE
1411.0;2223.0;2378.0;8967.0;1555.0;2083.0;1244.0;2307.0;4406.0;8180.0;1441.0;2338.0;-4.0;-4.0;24.0;-17.0;NITROMETHANE
1424.0;2235.0;2386.0;8920.0;1556.0;2089.0;1274.0;2350.0;4472.0;8321.0;1455.0;2349.0;-4.0;-4.0;23.0;-17.0;NITROMETHANE
1399.0;2210.0;2385.0;8942.0;1559.0;2088.0;1260.0;2335.0;4478.0;8255.0;1456.0;2360.0;-4.0;-4.0;23.0;-22.0;NITROMETHANE
1422.0;2230.0;2373.0;8998.0;1566.0;2090.0;1270.0;2345.0;4463.0;8265.0;1455.0;2362.0;-4.0;-4.0;22.0;-22.0;NITROMETHANE
1416.0;2227.0;2375.0;8976.0;1564.0;2091.0;1295.0;2396.0;4559.0;8405.0;1473.0;2365.0;-4.0;-8.0;27.0;-22.0;NITROMETHANE
1418.0;2236.0;2384.0;8986.0;1558.0;2093.0;1261.0;2345.0;4469.0;8313.0;1467.0;2367.0;4.0;-8.0;22.0;-20.0;NITROMETHANE
1423.0;2235.0;2379.0;9046.0;1564.0;2096.0;1261.0;2330.0;4448.0;8281.0;1461.0;2360.0;4.0;-5.0;30.0;-22.0;NITROMETHANE
1394.0;2219.0;2373.0;8922.0;1556.0;2092.0;1274.0;2353.0;4486.0;8283.0;1461.0;2357.0;0.0;-5.0;24.0;-21.0;NITROMETHANE
1400.0;2212.0;2386.0;8940.0;1559.0;2090.0;1291.0;2392.0;4573.0;8359.0;1459.0;2375.0;0.0;-9.0;23.0;-21.0;NITROMETHANE
1425.0;2235.0;2376.0;9035.0;1566.0;2094.0;1284.0;2381.0;4541.0;8353.0;1466.0;2361.0;0.0;-8.0;23.0;-20.0;NITROMETHANE
1411.0;2224.0;2387.0;8949.0;1561.0;2089.0;1290.0;2360.0;4487.0;8259.0;1450.0;2349.0;0.0;-9.0;19.0;-19.0;NITROMETHANE
1417.0;2231.0;2386.0;8941.0;1556.0;2089.0;1277.0;2360.0;4487.0;8296.0;1459.0;2359.0;-2.0;-9.0;27.0;-19.0;NITROMETHANE
1408.0;2228.0;2388.0;8979.0;1571.0;2093.0;1292.0;2385.0;4562.0;8457.0;1478.0;2389.0;5.0;-8.0;24.0;-15.0;NITROMETHANE
1429.0;2235.0;2396.0;9087.0;1584.0;2109.0;1329.0;2433.0;4610.0;8517.0;1497.0;2415.0;1.0;-8.0;12.0;-16.0;NITROMETHANE
1464.0;2260.0;2401.0;9228.0;1597.0;2115.0;1311.0;2418.0;4609.0;8561.0;1500.0;2432.0;3.0;-8.0;9.0;-16.0;NITROMETHANE
1461.0;2261.0;2404.0;9238.0;1604.0;2121.0;1317.0;2415.0;4620.0;8479.0;1497.0;2417.0;2.0;-8.0;17.0;-19.0;NITROMETHANE
1458.0;2261.0;2386.0;9152.0;1596.0;2107.0;1301.0;2399.0;4564.0;8434.0;1480.0;2414.0;2.0;-10.0;13.0;-19.0;NITROMETHANE
1437.0;2240.0;2387.0;9114.0;1584.0;2103.0;1293.0;2380.0;4563.0;8460.0;1478.0;2397.0;2.0;-10.0;21.0;-21.0;NITROMETHANE
1441.0;2240.0;2385.0;9127.0;1582.0;2104.0;1305.0;2404.0;4587.0;8430.0;1482.0;2402.0;-1.0;-10.0;12.0;-21.0;NITROMETHANE
1441.0;2247.0;2384.0;9118.0;1596.0;2110.0;1337.0;2456.0;4639.0;8556.0;1494.0;2420.0;-1.0;-10.0;12.0;-20.0;NITROMETHANE
1450.0;2257.0;2401.0;9212.0;1604.0;2119.0;1349.0;2490.0;4697.0;8672.0;1512.0;2431.0;-2.0;-8.0;15.0;-20.0;NITROMETHANE
1462.0;2261.0;2404.0;9301.0;1618.0;2129.0;1330.0;2437.0;4649.0;8620.0;1506.0;2436.0;-1.0;-6.0;21.0;-21.0;NITROMETHANE
1479.0;2261.0;2401.0;9321.0;1620.0;2121.0;1333.0;2442.0;4648.0;8581.0;1505.0;2444.0;-1.0;-6.0;19.0;-20.0;NITROMETHANE
1460.0;2262.0;2394.0;9307.0;1615.0;2117.0;1339.0;2467.0;4709.0;8671.0;1510.0;2434.0;-5.0;-7.0;30.0;-20.0;NITROMETHANE
1467.0;2261.0;2392.0;9285.0;1615.0;2120.0;1336.0;2476.0;4699.0;8697.0;1512.0;2440.0;-5.0;-8.0;19.0;-19.0;NITROMETHANE
1476.0;2261.0;2401.0;9312.0;1609.0;2116.0;1341.0;2453.0;4664.0;8527.0;1495.0;2409.0;2.0;-7.0;23.0;-19.0;NITROMETHANE
1466.0;2261.0;2396.0;9240.0;1605.0;2115.0;1315.0;2422.0;4593.0;8554.0;1490.0;2416.0;10.0;-7.0;33.0;-17.0;NITROMETHANE
1462.0;2261.0;2408.0;9198.0;1600.0;2114.0;1306.0;2403.0;4583.0;8497.0;1498.0;2423.0;11.0;-6.0;23.0;-19.0;NITROMETHANE
1459.0;2260.0;2386.0;9193.0;1596.0;2113.0;1323.0;2426.0;4619.0;8521.0;1493.0;2403.0;8.0;-6.0;25.0;-19.0;NITROMETHANE
1452.0;2249.0;2384.0;9167.0;1590.0;2115.0;1310.0;2433.0;4625.0;8544.0;1504.0;2432.0;7.0;-3.0;17.0;-19.0;NITROMETHANE
1493.0;2262.0;2401.0;9290.0;1608.0;2117.0;1343.0;2457.0;4669.0;8625.0;1512.0;2444.0;7.0;-6.0;26.0;-16.0;NITROMETHANE
1463.0;2261.0;2392.0;9306.0;1620.0;2121.0;1339.0;2458.0;4706.0;8664.0;1522.0;2450.0;7.0;-6.0;26.0;-19.0;NITROMETHANE
1490.0;2274.0;2410.0;9374.0;1627.0;2125.0;1385.0;2519.0;4777.0;8719.0;1532.0;2464.0;4.0;-7.0;27.0;-18.0;NITROMETHANE
1500.0;2269.0;2401.0;9410.0;1634.0;2130.0;1351.0;2465.0;4679.0;8626.0;1518.0;2438.0;4.0;-7.0;31.0;-16.0;NITROMETHANE
1500.0;2261.0;2412.0;9303.0;1616.0;2121.0;1365.0;2501.0;4740.0;8727.0;1527.0;2463.0;9.0;-7.0;22.0;-17.0;NITROMETHANE
1507.0;2281.0;2411.0;9443.0;1636.0;2130.0;1386.0;2525.0;4792.0;8808.0;1533.0;2475.0;10.0;-7.0;18.0;-17.0;NITROMETHANE
1510.0;2287.0;2405.0;9501.0;1646.0;2136.0;1358.0;2495.0;4783.0;8796.0;1539.0;2484.0;10.0;-5.0;22.0;-17.0;NITROMETHANE
1523.0;2287.0;2422.0;9550.0;1651.0;2137.0;1345.0;2476.0;4724.0;8782.0;1539.0;2469.0;12.0;-5.0;17.0;-17.0;NITROMETHANE
1529.0;2287.0;2401.0;9466.0;1640.0;2131.0;1344.0;2491.0;4724.0;8771.0;1532.0;2472.0;10.0;-5.0;17.0;-17.0;NITROMETHANE
1529.0;2288.0;2409.0;9510.0;1650.0;2142.0;1371.0;2511.0;4792.0;8861.0;1547.0;2500.0;10.0;-5.0;17.0;-17.0;NITROMETHANE
1537.0;2312.0;2413.0;9678.0;1678.0;2151.0;1416.0;2581.0;4911.0;9055.0;1579.0;2532.0;0.0;-2.0;24.0;-17.0;NITROMETHANE
1555.0;2312.0;2419.0;9794.0;1698.0;2164.0;1436.0;2628.0;4972.0;9164.0;1603.0;2565.0;11.0;-2.0;23.0;-18.0;NITROMETHANE
1586.0;2337.0;2436.0;9899.0;1717.0;2167.0;1406.0;2601.0;4940.0;9136.0;1590.0;2563.0;6.0;-2.0;23.0;-18.0;NITROMETHANE
1599.0;2338.0;2432.0;9906.0;1699.0;2149.0;1403.0;2568.0;4895.0;9009.0;1574.0;2527.0;11.0;-5.0;18.0;-17.0;NITROMETHANE
1555.0;2312.0;2423.0;9711.0;1679.0;2145.0;1416.0;2588.0;4930.0;9056.0;1580.0;2540.0;6.0;-5.0;35.0;-17.0;NITROMETHANE
1571.0;2312.0;2420.0;9776.0;1686.0;2146.0;1396.0;2557.0;4875.0;8971.0;1569.0;2528.0;6.0;-7.0;27.0;-17.0;NITROMETHANE
1553.0;2312.0;2410.0;9668.0;1668.0;2143.0;1393.0;2552.0;4849.0;8914.0;1563.0;2527.0;2.0;-7.0;16.0;-17.0;NITROMETHANE
1557.0;2312.0;2420.0;9633.0;1672.0;2141.0;1402.0;2580.0;4876.0;8941.0;1557.0;2505.0;2.0;-7.0;11.0;-13.0;NITROMETHANE
1563.0;2312.0;2417.0;9728.0;1677.0;2148.0;1424.0;2591.0;4919.0;8994.0;1563.0;2518.0;2.0;-7.0;12.0;-13.0;NITROMETHANE
1571.0;2312.0;2428.0;9712.0;1672.0;2157.0;1412.0;2575.0;4886.0;9000.0;1574.0;2523.0;0.0;-7.0;18.0;-19.0;NITROMETHANE
1573.0;2312.0;2429.0;9743.0;1685.0;2145.0;1432.0;2630.0;4956.0;9079.0;1573.0;2519.0;5.0;-6.0;26.0;-19.0;NITROMETHANE
1539.0;2312.0;2429.0;9625.0;1668.0;2143.0;1404.0;2560.0;4865.0;8982.0;1565.0;2496.0;4.0;-6.0;17.0;-19.0;NITROMETHANE
1555.0;2312.0;2403.0;9656.0;1671.0;2145.0;1399.0;2553.0;4861.0;8969.0;1558.0;2511.0;2.0;-7.0;23.0;-19.0;NITROMETHANE
1550.0;2312.0;2414.0;9686.0;1676.0;2150.0;1393.0;2560.0;4871.0;8931.0;1562.0;2508.0;2.0;-6.0;24.0;-16.0;NITROMETHANE
1564.0;2312.0;2425.0;9672.0;1680.0;2149.0;1402.0;2559.0;4862.0;8940.0;1568.0;2518.0;2.0;-6.0;15.0;-9.0;NITROMETHANE
1559.0;2312.0;2406.0;9733.0;1676.0;2143.0;1394.0;2552.0;4846.0;8905.0;1556.0;2493.0;5.0;-6.0;16.0;-9.0;NITROMETHANE
1551.0;2312.0;2411.0;9678.0;1670.0;2142.0;1405.0;2584.0;4895.0;8974.0;1573.0;2517.0;5.0;-6.0;23.0;-11.0;NITROMETHANE
1550.0;2312.0;2429.0;9727.0;1686.0;2152.0;1421.0;2586.0;4920.0;9091.0;1583.0;2529.0;7.0;-6.0;12.0;-14.0;NITROMETHANE
1571.0;2312.0;2419.0;9711.0;1682.0;2151.0;1412.0;2586.0;4912.0;8985.0;1572.0;2521.0;5.0;-6.0;11.0;-14.0;NITROMETHANE
1568.0;2312.0;2426.0;9776.0;1685.0;2158.0;1422.0;2602.0;4904.0;9016.0;1564.0;2517.0;7.0;-7.0;23.0;-15.0;NITROMETHANE
1586.0;2318.0;2438.0;9750.0;1683.0;2157.0;1433.0;2623.0;4952.0;9062.0;1574.0;2524.0;5.0;-10.0;28.0;-15.0;NITROMETHANE
1565.0;2312.0;2422.0;9734.0;1679.0;2150.0;1451.0;2632.0;4977.0;9081.0;1580.0;2517.0;11.0;-7.0;23.0;-15.0;NITROMETHANE
1578.0;2312.0;2410.0;9716.0;1678.0;2143.0;1396.0;2551.0;4846.0;8990.0;1570.0;2515.0;9.0;-10.0;28.0;-16.0;NITROMETHANE
1566.0;2312.0;2432.0;9783.0;1683.0;2143.0;1431.0;2620.0;4963.0;9079.0;1576.0;2537.0;9.0;-10.0;26.0;-21.0;NITROMETHANE
1579.0;2316.0;2426.0;9812.0;1688.0;2157.0;1409.0;2569.0;4881.0;9036.0;1578.0;2542.0;7.0;-10.0;26.0;-21.0;NITROMETHANE
1579.0;2314.0;2430.0;9812.0;1692.0;2158.0;1427.0;2595.0;4906.0;9089.0;1583.0;2539.0;7.0;-10.0;30.0;-18.0;NITROMETHANE
1573.0;2312.0;2427.0;9762.0;1687.0;2147.0;1431.0;2594.0;4930.0;8994.0;1571.0;2525.0;7.0;-10.0;27.0;-18.0;NITROMETHANE
1578.0;2312.0;2413.0;9749.0;1683.0;2147.0;1417.0;2585.0;4906.0;8978.0;1578.0;2516.0;2.0;-9.0;22.0;-15.0;NITROMETHANE
1574.0;2312.0;2409.0;9723.0;1677.0;2147.0;1413.0;2581.0;4863.0;8969.0;1562.0;2506.0;2.0;-9.0;8.0;-13.0;NITROMETHANE
1576.0;2312.0;2419.0;9747.0;1679.0;2143.0;1406.0;2571.0;4896.0;8977.0;1555.0;2515.0;6.0;-9.0;7.0;-10.0;NITROMETHANE
1571.0;2312.0;2413.0;9720.0;1682.0;2150.0;1407.0;2571.0;4896.0;8994.0;1571.0;2522.0;6.0;-9.0;9.0;-10.0;NITROMETHANE
1563.0;2312.0;2423.0;9743.0;1688.0;2161.0;1433.0;2616.0;4959.0;9147.0;1587.0;2539.0;7.0;-9.0;17.0;-10.0;NITROMETHANE
1580.0;2314.0;2417.0;9765.0;1692.0;2153.0;1436.0;2629.0;4973.0;9084.0;1579.0;2527.0;6.0;-9.0;13.0;-11.0;NITROMETHANE
1579.0;2312.0;2427.0;9737.0;1687.0;2151.0;1420.0;2600.0;4940.0;9082.0;1588.0;2554.0;7.0;-5.0;18.0;-11.0;NITROMETHANE
1596.0;2338.0;2428.0;9988.0;1720.0;2167.0;1445.0;2643.0;5025.0;9241.0;1606.0;2571.0;9.0;-4.0;13.0;-14.0;NITROMETHANE
1629.0;2354.0;2442.0;10051.0;1729.0;2167.0;1470.0;2678.0;5067.0;9279.0;1622.0;2591.0;8.0;-5.0;19.0;-14.0;NITROMETHANE
1650.0;2360.0;2438.0;10092.0;1734.0;2171.0;1473.0;2662.0;5064.0;9279.0;1613.0;2588.0;4.0;-5.0;13.0;-9.0;NITROMETHANE
1627.0;2338.0;2435.0;10047.0;1726.0;2169.0;1444.0;2639.0;5018.0;9187.0;1607.0;2561.0;1.0;-5.0;21.0;-9.0;NITROMETHANE
1612.0;2338.0;2426.0;9983.0;1715.0;2165.0;1447.0;2632.0;4983.0;9150.0;1600.0;2555.0;-1.0;-9.0;18.0;-9.0;NITROMETHANE
1614.0;2338.0;2413.0;9878.0;1705.0;2167.0;1435.0;2610.0;4955.0;9147.0;1598.0;2567.0;-3.0;-9.0;18.0;-9.0;NITROMETHANE
1604.0;2332.0;2418.0;9915.0;1714.0;2168.0;1457.0;2656.0;5028.0;9224.0;1601.0;2553.0;-3.0;-9.0;9.0;-8.0;NITROMETHANE
1588.0;2320.0;2431.0;9834.0;1697.0;2166.0;1425.0;2613.0;4949.0;9128.0;1593.0;2540.0;-6.0;-9.0;9.0;-10.0;NITROMETHANE
1622.0;2338.0;2428.0;9904.0;1705.0;2150.0;1415.0;2569.0;4872.0;8968.0;1574.0;2518.0;-6.0;-6.0;9.0;-14.0;NITROMETHANE
1603.0;2338.0;2430.0;9842.0;1692.0;2154.0;1429.0;2608.0;4937.0;9050.0;1577.0;2540.0;4.0;-6.0;10.0;-14.0;NITROMETHANE
1595.0;2314.0;2415.0;9786.0;1696.0;2158.0;1417.0;2593.0;4947.0;9130.0;1598.0;2556.0;13.0;-6.0;10.0;-14.0;NITROMETHANE
1597.0;2322.0;2420.0;10090.0;1745.0;2141.0;1295.0;2439.0;4754.0;8934.0;1577.0;2433.0;14.0;-6.0;22.0;-16.0;NITROMETHANE
1397.0;2201.0;2376.0;8761.0;1538.0;2091.0;1314.0;2421.0;4591.0;8557.0;1490.0;2412.0;20.0;-8.0;37.0;-18.0;NITROMETHANE
1597.0;2322.0;2420.0;10090.0;1745.0;2141.0;1295.0;2439.0;4754.0;8934.0;1577.0;2433.0;8.0;-9.0;27.0;-18.0;NITROMETHANE
1507.0;2278.0;2392.0;9413.0;1624.0;2122.0;1390.0;2525.0;4801.0;8856.0;1542.0;2468.0;6.0;-10.0;27.0;-25.0;NITROMETHANE
1561.0;2312.0;2418.0;9696.0;1678.0;2148.0;1420.0;2587.0;4894.0;9053.0;1573.0;2525.0;8.0;-19.0;41.0;-18.0;NITROMETHANE
