OFFCHIP_SENSIMOX_SnAu_150_200.0_IN-PHASE;OFFCHIP_SENSIMOX_SnAu_200_200.0_IN-PHASE;OFFCHIP_SENSIMOX_SnAu_250_200.0_IN-PHASE;OFFCHIP_SENSIMOX_SnAu_300_200.0_IN-PHASE;OFFCHIP_SENSIMOX_SnAu_350_200.0_IN-PHASE;OFFCHIP_SENSIMOX_SnAu_400_200.0_IN-PHASE;OFFCHIP_SENSIMOX_SnAu_150_78125.0_IN-PHASE;OFFCHIP_SENSIMOX_SnAu_200_78125.0_IN-PHASE;OFFCHIP_SENSIMOX_SnAu_250_78125.0_IN-PHASE;OFFCHIP_SENSIMOX_SnAu_300_78125.0_IN-PHASE;OFFCHIP_SENSIMOX_SnAu_350_78125.0_IN-PHASE;OFFCHIP_SENSIMOX_SnAu_400_78125.0_IN-PHASE;ONCHIP_ALUMINUM_OXIDE_OUT4_IN-PHASE;ONCHIP_ALUMINUM_OXIDE_OUT4_QUADRATURE;ONCHIP_ALUMINUM_OXIDE_OUT7_IN-PHASE;ONCHIP_ALUMINUM_OXIDE_OUT7_QUADRATURE
230.0;437.0;856.0;1675.0;303.0;473.0;277.0;513.0;953.0;1688.0;285.0;443.0;-8.0;-5.0;-10.0;2.0
306.0;566.0;1024.0;1837.0;312.0;422.0;237.0;436.0;806.0;1426.0;231.0;358.0;-9.0;-7.0;-10.0;0.0
221.0;422.0;763.0;1353.0;224.0;328.0;188.0;350.0;636.0;1114.0;191.0;298.0;-11.0;-7.0;-12.0;-1.0
212.0;400.0;694.0;1273.0;216.0;318.0;199.0;363.0;670.0;1172.0;196.0;311.0;-12.0;-7.0;1.0;1.0
285.0;533.0;955.0;1723.0;289.0;408.0;250.0;458.0;822.0;1453.0;244.0;371.0;-10.0;-5.0;-9.0;1.0
264.0;499.0;919.0;1695.0;295.0;444.0;262.0;488.0;900.0;1654.0;277.0;440.0;-10.0;-8.0;-9.0;1.0
327.0;618.0;1121.0;2021.0;352.0;520.0;298.0;552.0;1025.0;1872.0;336.0;527.0;-10.0;-8.0;-3.0;0.0
385.0;724.0;1309.0;2332.0;387.0;554.0;316.0;584.0;1068.0;1870.0;317.0;499.0;-7.0;-1.0;-8.0;3.0
346.0;661.0;1192.0;2096.0;356.0;509.0;297.0;559.0;1022.0;1825.0;305.0;468.0;-10.0;-5.0;-8.0;9.0
343.0;643.0;1173.0;2061.0;346.0;501.0;296.0;550.0;1003.0;1780.0;296.0;461.0;-10.0;-7.0;-13.0;11.0
353.0;655.0;1183.0;2070.0;341.0;482.0;295.0;528.0;971.0;1714.0;288.0;446.0;-14.0;-7.0;-13.0;-1.0
328.0;621.0;1139.0;2071.0;363.0;552.0;336.0;620.0;1148.0;2111.0;359.0;562.0;-10.0;-7.0;-9.0;7.0
401.0;751.0;1369.0;2458.0;425.0;614.0;352.0;655.0;1205.0;2206.0;370.0;579.0;-10.0;-7.0;-8.0;7.0
425.0;783.0;1423.0;2523.0;427.0;608.0;362.0;664.0;1217.0;2196.0;367.0;560.0;-10.0;-5.0;-9.0;7.0
401.0;748.0;1353.0;2429.0;416.0;618.0;366.0;689.0;1267.0;2237.0;383.0;601.0;-7.0;-5.0;-8.0;8.0
426.0;788.0;1437.0;2605.0;435.0;620.0;371.0;692.0;1264.0;2238.0;377.0;583.0;-4.0;-5.0;-1.0;6.0
421.0;791.0;1414.0;2567.0;436.0;636.0;383.0;710.0;1299.0;2312.0;395.0;618.0;-4.0;-10.0;-7.0;0.0
437.0;816.0;1473.0;2657.0;444.0;637.0;376.0;691.0;1272.0;2243.0;379.0;601.0;-2.0;-10.0;-7.0;0.0
428.0;784.0;1448.0;2573.0;436.0;625.0;372.0;686.0;1260.0;2232.0;376.0;591.0;-5.0;-10.0;-7.0;0.0
419.0;785.0;1447.0;2677.0;466.0;693.0;418.0;768.0;1416.0;2501.0;436.0;658.0;-6.0;-9.0;-7.0;0.0
465.0;877.0;1591.0;2854.0;481.0;716.0;424.0;785.0;1440.0;2593.0;441.0;681.0;-6.0;-8.0;-4.0;0.0
478.0;889.0;1631.0;2968.0;514.0;754.0;456.0;849.0;1571.0;2786.0;472.0;733.0;-6.0;-5.0;-4.0;0.0
511.0;941.0;1727.0;3059.0;512.0;733.0;432.0;792.0;1456.0;2586.0;439.0;688.0;-7.0;-5.0;-3.0;-1.0
507.0;937.0;1684.0;3021.0;511.0;726.0;452.0;828.0;1520.0;2699.0;444.0;679.0;-9.0;-2.0;-8.0;2.0
484.0;874.0;1589.0;2860.0;483.0;714.0;437.0;797.0;1460.0;2605.0;442.0;681.0;-8.0;1.0;-9.0;-1.0
491.0;925.0;1657.0;2925.0;485.0;685.0;407.0;754.0;1375.0;2490.0;422.0;655.0;-7.0;1.0;-9.0;1.0
482.0;889.0;1597.0;2842.0;472.0;671.0;419.0;774.0;1381.0;2459.0;412.0;624.0;-7.0;-2.0;-4.0;0.0
451.0;853.0;1542.0;2728.0;475.0;700.0;425.0;790.0;1447.0;2604.0;437.0;678.0;-8.0;-2.0;-8.0;1.0
493.0;915.0;1679.0;3053.0;515.0;766.0;465.0;859.0;1575.0;2844.0;491.0;737.0;-5.0;-2.0;-4.0;3.0
531.0;978.0;1814.0;3271.0;560.0;825.0;510.0;939.0;1720.0;3053.0;515.0;788.0;-5.0;-5.0;-4.0;3.0
550.0;1017.0;1823.0;3188.0;529.0;751.0;446.0;818.0;1490.0;2644.0;451.0;703.0;-5.0;-5.0;-1.0;6.0
496.0;924.0;1687.0;3084.0;536.0;800.0;486.0;901.0;1672.0;3037.0;535.0;866.0;-6.0;-5.0;-1.0;3.0
618.0;1150.0;2158.0;3966.0;690.0;1000.0;607.0;1134.0;2074.0;3721.0;631.0;956.0;-5.0;-1.0;-1.0;3.0
662.0;1209.0;2193.0;3858.0;639.0;874.0;525.0;954.0;1738.0;3085.0;514.0;786.0;-6.0;-5.0;-1.0;6.0
563.0;1024.0;1886.0;3336.0;550.0;794.0;493.0;897.0;1635.0;2888.0;484.0;730.0;-5.0;-5.0;0.0;3.0
529.0;968.0;1752.0;3097.0;523.0;767.0;471.0;856.0;1564.0;2818.0;472.0;739.0;-4.0;-5.0;1.0;3.0
545.0;991.0;1775.0;3140.0;526.0;764.0;466.0;863.0;1563.0;2808.0;480.0;750.0;-3.0;-5.0;0.0;3.0
535.0;995.0;1828.0;3268.0;550.0;804.0;489.0;906.0;1663.0;2985.0;519.0;818.0;-4.0;-8.0;-1.0;-1.0
594.0;1109.0;2029.0;3615.0;603.0;875.0;538.0;989.0;1813.0;3277.0;550.0;851.0;-4.0;-10.0;-1.0;5.0
602.0;1114.0;2029.0;3658.0;623.0;911.0;551.0;1013.0;1856.0;3341.0;560.0;843.0;-9.0;-8.0;-4.0;3.0
589.0;1081.0;1968.0;3547.0;614.0;920.0;583.0;1064.0;1953.0;3545.0;608.0;944.0;-13.0;-7.0;-10.0;2.0
675.0;1245.0;2270.0;4060.0;682.0;971.0;589.0;1089.0;1963.0;3521.0;595.0;911.0;-13.0;-7.0;-10.0;2.0
644.0;1185.0;2120.0;3790.0;626.0;898.0;546.0;1018.0;1855.0;3300.0;563.0;868.0;-10.0;-6.0;-5.0;2.0
642.0;1172.0;2129.0;3771.0;634.0;912.0;570.0;1038.0;1886.0;3353.0;567.0;889.0;-10.0;-6.0;-10.0;2.0
641.0;1190.0;2191.0;3985.0;678.0;994.0;611.0;1124.0;2057.0;3687.0;621.0;953.0;-10.0;-6.0;-12.0;0.0
684.0;1252.0;2252.0;4062.0;681.0;982.0;586.0;1079.0;1995.0;3571.0;612.0;936.0;-9.0;-5.0;-5.0;0.0
672.0;1238.0;2205.0;3826.0;623.0;859.0;527.0;950.0;1718.0;3043.0;508.0;771.0;-7.0;-5.0;-7.0;2.0
571.0;1054.0;1887.0;3308.0;551.0;806.0;500.0;917.0;1675.0;2921.0;490.0;761.0;-1.0;-2.0;-7.0;-1.0
558.0;1019.0;1847.0;3244.0;555.0;805.0;501.0;912.0;1678.0;2983.0;502.0;775.0;-1.0;-2.0;-7.0;4.0
564.0;1034.0;1842.0;3291.0;553.0;797.0;485.0;893.0;1632.0;2915.0;495.0;773.0;-1.0;-2.0;-7.0;2.0
562.0;1040.0;1875.0;3433.0;581.0;873.0;535.0;991.0;1829.0;3299.0;562.0;867.0;-6.0;-2.0;-7.0;3.0
631.0;1159.0;2090.0;3789.0;658.0;1021.0;660.0;1211.0;2242.0;4061.0;701.0;1087.0;-7.0;-10.0;-9.0;1.0
769.0;1420.0;2573.0;4593.0;762.0;1065.0;643.0;1187.0;2176.0;3890.0;655.0;1000.0;-7.0;-10.0;-9.0;3.0
706.0;1298.0;2351.0;4187.0;704.0;1006.0;617.0;1116.0;2034.0;3669.0;626.0;975.0;-7.0;-5.0;-9.0;3.0
710.0;1295.0;2338.0;4120.0;678.0;969.0;598.0;1093.0;2001.0;3531.0;590.0;917.0;-6.0;-6.0;-5.0;5.0
666.0;1223.0;2173.0;3889.0;657.0;955.0;597.0;1084.0;1994.0;3567.0;596.0;917.0;-6.0;-5.0;-5.0;4.0
663.0;1214.0;2210.0;3876.0;646.0;937.0;579.0;1058.0;1946.0;3471.0;587.0;908.0;-4.0;-5.0;0.0;4.0
653.0;1198.0;2183.0;3870.0;645.0;925.0;581.0;1065.0;1949.0;3437.0;580.0;880.0;-6.0;-6.0;0.0;5.0
629.0;1158.0;2073.0;3652.0;612.0;891.0;545.0;993.0;1829.0;3259.0;548.0;846.0;-6.0;-6.0;-6.0;4.0
646.0;1179.0;2120.0;3774.0;635.0;929.0;586.0;1080.0;1954.0;3490.0;593.0;901.0;-6.0;-5.0;-6.0;2.0
643.0;1182.0;2130.0;3775.0;626.0;905.0;555.0;1029.0;1863.0;3287.0;553.0;856.0;-9.0;-7.0;-6.0;1.0
631.0;1153.0;2063.0;3628.0;600.0;860.0;543.0;989.0;1812.0;3173.0;539.0;840.0;-9.0;-5.0;-9.0;2.0
627.0;1147.0;2072.0;3635.0;595.0;844.0;524.0;954.0;1750.0;3100.0;519.0;798.0;-9.0;-5.0;-6.0;2.0
591.0;1067.0;1917.0;3392.0;577.0;850.0;546.0;998.0;1827.0;3242.0;553.0;869.0;-9.0;-6.0;-6.0;5.0
646.0;1206.0;2183.0;3917.0;666.0;979.0;612.0;1112.0;2052.0;3620.0;611.0;951.0;-9.0;-7.0;-6.0;4.0
683.0;1250.0;2254.0;3988.0;657.0;924.0;587.0;1066.0;1931.0;3373.0;564.0;880.0;-9.0;-6.0;-6.0;5.0
655.0;1190.0;2132.0;3803.0;640.0;944.0;596.0;1092.0;1978.0;3539.0;601.0;934.0;-6.0;-7.0;-6.0;9.0
699.0;1294.0;2352.0;4290.0;747.0;1117.0;717.0;1314.0;2400.0;4289.0;727.0;1120.0;-2.0;-6.0;3.0;8.0
806.0;1478.0;2693.0;4809.0;803.0;1168.0;733.0;1348.0;2487.0;4423.0;754.0;1154.0;-6.0;-6.0;-6.0;6.0
833.0;1542.0;2784.0;4969.0;840.0;1218.0;778.0;1430.0;2614.0;4630.0;788.0;1210.0;-6.0;-6.0;-6.0;3.0
871.0;1594.0;2907.0;5167.0;863.0;1224.0;762.0;1403.0;2543.0;4505.0;749.0;1157.0;-2.0;-5.0;-4.0;3.0
833.0;1509.0;2700.0;4783.0;796.0;1134.0;725.0;1312.0;2367.0;4226.0;713.0;1107.0;-2.0;-5.0;-4.0;3.0
822.0;1507.0;2708.0;4749.0;794.0;1148.0;744.0;1362.0;2465.0;4374.0;742.0;1133.0;0.0;-5.0;-4.0;3.0
837.0;1541.0;2778.0;4882.0;813.0;1154.0;739.0;1348.0;2417.0;4297.0;722.0;1096.0;0.0;-5.0;0.0;0.0
808.0;1474.0;2632.0;4572.0;758.0;1086.0;688.0;1249.0;2249.0;3951.0;668.0;1029.0;-1.0;-5.0;0.0;0.0
768.0;1378.0;2474.0;4368.0;720.0;1057.0;692.0;1247.0;2254.0;4006.0;678.0;1054.0;-1.0;-5.0;-5.0;7.0
777.0;1415.0;2558.0;4519.0;760.0;1084.0;697.0;1269.0;2289.0;4014.0;673.0;1032.0;-1.0;-6.0;-5.0;13.0
762.0;1391.0;2493.0;4404.0;728.0;1043.0;682.0;1233.0;2239.0;3946.0;652.0;999.0;-1.0;-6.0;-5.0;3.0
742.0;1363.0;2414.0;4247.0;703.0;1005.0;639.0;1154.0;2116.0;3682.0;617.0;951.0;-1.0;-6.0;-7.0;2.0
704.0;1287.0;2279.0;4064.0;678.0;991.0;646.0;1157.0;2097.0;3687.0;624.0;954.0;-11.0;-6.0;-14.0;3.0
731.0;1326.0;2351.0;4209.0;702.0;1017.0;650.0;1182.0;2155.0;3829.0;636.0;979.0;-11.0;-4.0;-14.0;2.0
740.0;1351.0;2398.0;4233.0;691.0;1000.0;638.0;1178.0;2112.0;3732.0;625.0;958.0;-11.0;-4.0;-4.0;0.0
717.0;1294.0;2334.0;4061.0;676.0;958.0;618.0;1130.0;2048.0;3589.0;604.0;925.0;-11.0;-4.0;-9.0;0.0
707.0;1295.0;2315.0;4079.0;688.0;996.0;645.0;1198.0;2174.0;3927.0;689.0;1081.0;-4.0;-4.0;-4.0;0.0
830.0;1507.0;2704.0;4750.0;788.0;1134.0;731.0;1337.0;2466.0;4402.0;761.0;1197.0;-4.0;-4.0;-4.0;4.0
913.0;1672.0;3029.0;5465.0;910.0;1312.0;846.0;1555.0;2840.0;5070.0;882.0;1368.0;-4.0;-4.0;-4.0;3.0
1004.0;1840.0;3354.0;5970.0;991.0;1410.0;906.0;1650.0;2996.0;5310.0;898.0;1356.0;-7.0;-4.0;-5.0;3.0
1003.0;1808.0;3205.0;5549.0;904.0;1273.0;818.0;1495.0;2687.0;4733.0;790.0;1200.0;-10.0;-4.0;-5.0;5.0
907.0;1658.0;3041.0;5484.0;956.0;1431.0;950.0;1720.0;3156.0;5619.0;958.0;1462.0;-10.0;-4.0;-5.0;3.0
1074.0;1932.0;3467.0;6098.0;991.0;1386.0;904.0;1630.0;2924.0;5155.0;865.0;1321.0;-10.0;-2.0;-5.0;3.0
989.0;1802.0;3217.0;5671.0;930.0;1316.0;849.0;1538.0;2779.0;4854.0;811.0;1233.0;-10.0;-2.0;-5.0;3.0
929.0;1682.0;3021.0;5331.0;883.0;1253.0;820.0;1484.0;2672.0;4753.0;792.0;1222.0;-10.0;-2.0;-7.0;3.0
943.0;1702.0;3063.0;5477.0;932.0;1372.0;903.0;1639.0;2948.0;5219.0;888.0;1353.0;-4.0;-6.0;-4.0;3.0
1008.0;1842.0;3301.0;5795.0;954.0;1361.0;884.0;1600.0;2895.0;5069.0;856.0;1295.0;-12.0;-6.0;-4.0;2.0
979.0;1770.0;3187.0;5621.0;939.0;1334.0;859.0;1557.0;2824.0;4991.0;840.0;1280.0;-4.0;-6.0;1.0;4.0
962.0;1738.0;3165.0;5617.0;937.0;1355.0;882.0;1601.0;2910.0;5122.0;867.0;1329.0;-9.0;-6.0;-2.0;2.0
978.0;1762.0;3215.0;5658.0;927.0;1308.0;851.0;1535.0;2758.0;4902.0;822.0;1261.0;-9.0;-6.0;-2.0;3.0
924.0;1668.0;3009.0;5249.0;872.0;1245.0;816.0;1489.0;2681.0;4700.0;794.0;1204.0;-12.0;-6.0;-4.0;2.0
918.0;1664.0;2961.0;5212.0;861.0;1243.0;832.0;1504.0;2724.0;4766.0;795.0;1203.0;-9.0;-6.0;-5.0;3.0
901.0;1618.0;2918.0;5113.0;853.0;1232.0;802.0;1447.0;2627.0;4618.0;777.0;1195.0;-9.0;-5.0;-5.0;4.0
896.0;1630.0;2915.0;5221.0;872.0;1287.0;847.0;1545.0;2802.0;5014.0;842.0;1305.0;-6.0;-3.0;-5.0;4.0
981.0;1788.0;3220.0;5716.0;938.0;1342.0;875.0;1586.0;2867.0;5054.0;849.0;1300.0;-6.0;-3.0;-5.0;3.0
974.0;1771.0;3161.0;5607.0;935.0;1356.0;898.0;1627.0;2941.0;5187.0;875.0;1340.0;-5.0;-2.0;-4.0;3.0
1013.0;1838.0;3310.0;5942.0;988.0;1438.0;929.0;1703.0;3024.0;5377.0;906.0;1373.0;-5.0;-2.0;-4.0;3.0
1022.0;1881.0;3373.0;6090.0;1031.0;1519.0;1008.0;1855.0;3331.0;5854.0;988.0;1505.0;-6.0;-3.0;-4.0;2.0
1131.0;2059.0;3667.0;6475.0;1072.0;1537.0;1015.0;1830.0;3300.0;5837.0;985.0;1500.0;-6.0;-3.0;-4.0;2.0
1114.0;2040.0;3655.0;6516.0;1084.0;1543.0;1017.0;1838.0;3303.0;5837.0;979.0;1477.0;-6.0;-3.0;-4.0;2.0
1094.0;1969.0;3517.0;6271.0;1033.0;1501.0;987.0;1779.0;3202.0;5656.0;956.0;1452.0;-6.0;-3.0;-4.0;4.0
1088.0;1961.0;3515.0;6159.0;1025.0;1459.0;968.0;1756.0;3173.0;5587.0;948.0;1438.0;-6.0;-5.0;-4.0;4.0
1092.0;1982.0;3561.0;6246.0;1018.0;1442.0;928.0;1671.0;3015.0;5301.0;889.0;1345.0;-4.0;-6.0;-3.0;2.0
1016.0;1843.0;3285.0;5805.0;977.0;1420.0;944.0;1712.0;3063.0;5392.0;907.0;1373.0;-10.0;-6.0;-11.0;4.0
1041.0;1873.0;3383.0;5977.0;992.0;1432.0;938.0;1709.0;3090.0;5401.0;902.0;1371.0;-4.0;-5.0;-3.0;6.0
1045.0;1897.0;3416.0;6032.0;1005.0;1463.0;990.0;1775.0;3186.0;5649.0;937.0;1423.0;-6.0;-5.0;-4.0;10.0
1061.0;1935.0;3477.0;6200.0;1046.0;1508.0;1008.0;1827.0;3280.0;5789.0;972.0;1464.0;-6.0;-4.0;-4.0;7.0
1108.0;1990.0;3554.0;6187.0;1013.0;1424.0;908.0;1660.0;2989.0;5199.0;876.0;1330.0;-8.0;-4.0;-5.0;8.0
1017.0;1845.0;3373.0;6109.0;1058.0;1591.0;1080.0;1959.0;3547.0;6281.0;1062.0;1602.0;-6.0;-4.0;-4.0;2.0
1202.0;2165.0;3845.0;6720.0;1084.0;1487.0;971.0;1758.0;3159.0;5506.0;914.0;1385.0;-8.0;-3.0;-5.0;2.0
1056.0;1888.0;3403.0;6025.0;1002.0;1474.0;996.0;1802.0;3256.0;5736.0;967.0;1481.0;-11.0;-4.0;-10.0;2.0
1135.0;2051.0;3705.0;6498.0;1063.0;1484.0;981.0;1770.0;3185.0;5606.0;929.0;1405.0;-12.0;-4.0;-11.0;3.0
1049.0;1895.0;3401.0;6068.0;1012.0;1467.0;972.0;1761.0;3169.0;5636.0;939.0;1424.0;-14.0;-4.0;-12.0;3.0
1081.0;1975.0;3526.0;6239.0;1065.0;1607.0;1090.0;1980.0;3599.0;6316.0;1064.0;1604.0;-15.0;-4.0;-12.0;4.0
1191.0;2155.0;3845.0;6833.0;1144.0;1641.0;1095.0;1993.0;3598.0;6428.0;1087.0;1654.0;-14.0;-4.0;-11.0;2.0
1252.0;2254.0;4003.0;6955.0;1107.0;1522.0;1013.0;1833.0;3273.0;5735.0;947.0;1443.0;-12.0;-10.0;-11.0;2.0
1098.0;1994.0;3549.0;6248.0;1044.0;1497.0;1008.0;1810.0;3257.0;5700.0;955.0;1452.0;-12.0;-10.0;-10.0;2.0
1115.0;2022.0;3602.0;6335.0;1055.0;1517.0;1031.0;1868.0;3354.0;5894.0;996.0;1496.0;-11.0;-10.0;-8.0;7.0
1145.0;2053.0;3710.0;6537.0;1083.0;1543.0;1037.0;1870.0;3360.0;5907.0;992.0;1487.0;-11.0;-9.0;-8.0;6.0
1140.0;2063.0;3681.0;6432.0;1063.0;1524.0;1014.0;1844.0;3278.0;5817.0;980.0;1492.0;-11.0;-8.0;-8.0;12.0
1124.0;2038.0;3625.0;6428.0;1077.0;1565.0;1015.0;1852.0;3341.0;5866.0;981.0;1482.0;-5.0;-6.0;-7.0;7.0
1127.0;2032.0;3605.0;6333.0;1041.0;1513.0;1032.0;1864.0;3358.0;5887.0;987.0;1510.0;-11.0;-6.0;-7.0;7.0
1161.0;2091.0;3724.0;6536.0;1073.0;1524.0;1021.0;1852.0;3341.0;5849.0;976.0;1474.0;-14.0;-6.0;-12.0;9.0
1108.0;1991.0;3572.0;6238.0;1035.0;1512.0;1000.0;1825.0;3345.0;5931.0;1019.0;1570.0;-2.0;-6.0;-4.0;5.0
1218.0;2187.0;3942.0;7021.0;1158.0;1680.0;1105.0;2009.0;3623.0;6398.0;1071.0;1621.0;-2.0;-6.0;-5.0;9.0
1235.0;2229.0;3986.0;7039.0;1149.0;1625.0;1074.0;1939.0;3495.0;6159.0;1035.0;1557.0;-6.0;-6.0;-6.0;11.0
1184.0;2112.0;3779.0;6635.0;1078.0;1531.0;1030.0;1870.0;3340.0;5789.0;968.0;1456.0;0.0;-6.0;-5.0;13.0
1119.0;2025.0;3602.0;6423.0;1075.0;1574.0;1061.0;1925.0;3469.0;6108.0;1032.0;1561.0;0.0;-5.0;1.0;8.0
1220.0;2199.0;3971.0;7121.0;1205.0;1749.0;1179.0;2120.0;3833.0;6751.0;1121.0;1683.0;-1.0;-5.0;-5.0;6.0
1266.0;2305.0;4167.0;7346.0;1234.0;1768.0;1190.0;2148.0;3865.0;6862.0;1161.0;1753.0;-2.0;-5.0;-6.0;4.0
1322.0;2393.0;4250.0;7405.0;1196.0;1648.0;1081.0;1952.0;3488.0;6137.0;1028.0;1552.0;-2.0;-3.0;1.0;4.0
1187.0;2138.0;3849.0;6787.0;1123.0;1615.0;1097.0;1993.0;3576.0;6259.0;1040.0;1583.0;-6.0;-3.0;-7.0;6.0
1224.0;2209.0;3974.0;7063.0;1167.0;1694.0;1160.0;2093.0;3750.0;6587.0;1097.0;1661.0;-9.0;-3.0;-7.0;4.0
1265.0;2277.0;4048.0;7103.0;1171.0;1652.0;1099.0;1983.0;3544.0;6195.0;1038.0;1577.0;-10.0;-3.0;-7.0;3.0
1213.0;2167.0;3868.0;6784.0;1113.0;1605.0;1074.0;1947.0;3487.0;6146.0;1044.0;1607.0;-9.0;-8.0;-7.0;2.0
1252.0;2275.0;4121.0;7287.0;1213.0;1736.0;1170.0;2115.0;3814.0;6719.0;1143.0;1716.0;-13.0;-8.0;-8.0;3.0
1317.0;2361.0;4224.0;7388.0;1212.0;1726.0;1165.0;2099.0;3774.0;6615.0;1109.0;1681.0;-9.0;-7.0;-7.0;5.0
1284.0;2299.0;4127.0;7211.0;1187.0;1691.0;1135.0;2058.0;3708.0;6414.0;1075.0;1618.0;-8.0;-7.0;-7.0;5.0
1231.0;2213.0;3956.0;6965.0;1149.0;1659.0;1117.0;2018.0;3622.0;6357.0;1066.0;1629.0;-8.0;-7.0;-7.0;0.0
1257.0;2253.0;4027.0;7143.0;1173.0;1697.0;1149.0;2087.0;3746.0;6628.0;1110.0;1684.0;-5.0;-7.0;-10.0;0.0
1298.0;2341.0;4180.0;7318.0;1191.0;1697.0;1139.0;2061.0;3679.0;6519.0;1082.0;1632.0;-5.0;-7.0;-10.0;0.0
1235.0;2249.0;4024.0;7106.0;1175.0;1702.0;1164.0;2124.0;3797.0;6697.0;1132.0;1738.0;-11.0;-2.0;-10.0;6.0
1356.0;2448.0;4417.0;7763.0;1288.0;1843.0;1259.0;2271.0;4058.0;7150.0;1197.0;1796.0;-12.0;-1.0;-10.0;4.0
1392.0;2492.0;4439.0;7680.0;1248.0;1756.0;1184.0;2125.0;3802.0;6651.0;1106.0;1674.0;-11.0;-2.0;-10.0;3.0
1312.0;2364.0;4233.0;7480.0;1239.0;1767.0;1192.0;2159.0;3875.0;6814.0;1139.0;1721.0;-11.0;-2.0;-9.0;3.0
1319.0;2368.0;4211.0;7365.0;1213.0;1716.0;1157.0;2084.0;3726.0;6526.0;1085.0;1631.0;-4.0;-3.0;-6.0;11.0
1265.0;2257.0;4038.0;7160.0;1200.0;1726.0;1188.0;2126.0;3819.0;6676.0;1124.0;1716.0;-4.0;-3.0;-6.0;12.0
1339.0;2402.0;4259.0;7424.0;1219.0;1725.0;1160.0;2084.0;3782.0;6575.0;1107.0;1668.0;-4.0;-6.0;-4.0;9.0
1287.0;2317.0;4163.0;7238.0;1200.0;1718.0;1150.0;2100.0;3754.0;6532.0;1093.0;1646.0;-12.0;-3.0;-6.0;6.0
1274.0;2266.0;4025.0;6957.0;1133.0;1608.0;1076.0;1941.0;3483.0;6078.0;1000.0;1524.0;-12.0;-2.0;-9.0;9.0
1165.0;2095.0;3765.0;6567.0;1086.0;1568.0;1058.0;1915.0;3452.0;6026.0;1017.0;1548.0;-12.0;-2.0;-9.0;13.0
1217.0;2192.0;3917.0;6865.0;1126.0;1635.0;1113.0;2009.0;3582.0;6274.0;1055.0;1594.0;-9.0;-2.0;-7.0;6.0
1244.0;2224.0;3939.0;6843.0;1118.0;1654.0;1147.0;2072.0;3740.0;6595.0;1099.0;1690.0;-8.0;-2.0;-7.0;7.0
1311.0;2359.0;4235.0;7490.0;1240.0;1787.0;1212.0;2199.0;3946.0;6958.0;1167.0;1779.0;-7.0;-1.0;-7.0;6.0
1374.0;2470.0;4437.0;7815.0;1285.0;1842.0;1239.0;2249.0;4024.0;7082.0;1175.0;1766.0;-8.0;-1.0;-7.0;6.0
1333.0;2401.0;4254.0;7453.0;1211.0;1729.0;1163.0;2114.0;3791.0;6545.0;1100.0;1658.0;-7.0;0.0;-5.0;11.0
1291.0;2301.0;4099.0;7147.0;1171.0;1675.0;1130.0;2019.0;3648.0;6404.0;1079.0;1630.0;-8.0;0.0;-7.0;7.0
1263.0;2257.0;4041.0;7110.0;1165.0;1645.0;1104.0;1986.0;3579.0;6286.0;1035.0;1573.0;-10.0;-4.0;-13.0;6.0
1233.0;2188.0;3875.0;6788.0;1122.0;1605.0;1090.0;1956.0;3501.0;6149.0;1020.0;1559.0;-10.0;-4.0;-13.0;8.0
1226.0;2213.0;3937.0;6875.0;1126.0;1629.0;1105.0;2011.0;3611.0;6337.0;1064.0;1616.0;-9.0;-5.0;-7.0;7.0
1271.0;2277.0;4079.0;7166.0;1189.0;1745.0;1197.0;2167.0;3903.0;6890.0;1164.0;1765.0;-9.0;-4.0;-7.0;8.0
1389.0;2494.0;4405.0;7714.0;1256.0;1779.0;1195.0;2154.0;3844.0;6748.0;1139.0;1718.0;-8.0;0.0;-7.0;3.0
1320.0;2367.0;4237.0;7499.0;1242.0;1787.0;1217.0;2193.0;3936.0;6980.0;1159.0;1741.0;-8.0;0.0;-7.0;4.0
1380.0;2465.0;4401.0;7684.0;1250.0;1788.0;1211.0;2181.0;3917.0;6832.0;1140.0;1718.0;-8.0;0.0;-8.0;3.0
1336.0;2391.0;4279.0;7509.0;1239.0;1757.0;1203.0;2157.0;3855.0;6782.0;1125.0;1707.0;-8.0;-6.0;-8.0;7.0
1359.0;2428.0;4337.0;7540.0;1254.0;1806.0;1227.0;2217.0;3998.0;6993.0;1181.0;1802.0;-8.0;-6.0;-8.0;7.0
1404.0;2520.0;4518.0;7920.0;1303.0;1824.0;1226.0;2203.0;3929.0;6925.0;1152.0;1739.0;-9.0;-7.0;-9.0;10.0
1359.0;2440.0;4316.0;7494.0;1232.0;1763.0;1199.0;2176.0;3904.0;6828.0;1141.0;1740.0;-9.0;-6.0;-8.0;10.0
1344.0;2423.0;4321.0;7534.0;1242.0;1775.0;1227.0;2218.0;3964.0;6954.0;1163.0;1779.0;-9.0;-3.0;-8.0;10.0
1368.0;2481.0;4423.0;7867.0;1296.0;1828.0;1265.0;2278.0;4091.0;7119.0;1179.0;1774.0;-7.0;-3.0;-6.0;3.0
1347.0;2430.0;4330.0;7512.0;1223.0;1717.0;1175.0;2112.0;3782.0;6716.0;1143.0;1774.0;-7.0;-3.0;-6.0;3.0
1417.0;2542.0;4586.0;8022.0;1324.0;1861.0;1258.0;2259.0;4046.0;7077.0;1168.0;1755.0;-7.0;-2.0;-6.0;3.0
1368.0;2441.0;4340.0;7557.0;1233.0;1731.0;1158.0;2074.0;3728.0;6508.0;1092.0;1645.0;-1.0;-3.0;-4.0;10.0
1288.0;2300.0;4092.0;7068.0;1154.0;1631.0;1126.0;2007.0;3598.0;6297.0;1048.0;1600.0;-1.0;-2.0;2.0;5.0
1282.0;2298.0;4102.0;7230.0;1214.0;1762.0;1212.0;2190.0;3946.0;6938.0;1158.0;1752.0;-1.0;-2.0;4.0;8.0
1376.0;2452.0;4366.0;7621.0;1249.0;1757.0;1180.0;2122.0;3785.0;6620.0;1119.0;1691.0;-7.0;-3.0;-5.0;8.0
1321.0;2368.0;4225.0;7368.0;1217.0;1717.0;1171.0;2113.0;3752.0;6630.0;1094.0;1658.0;-4.0;-4.0;-5.0;8.0
1299.0;2336.0;4146.0;7215.0;1171.0;1670.0;1151.0;2066.0;3701.0;6441.0;1073.0;1613.0;-5.0;-4.0;-5.0;6.0
1235.0;2252.0;4023.0;7052.0;1175.0;1690.0;1158.0;2077.0;3744.0;6526.0;1092.0;1655.0;-7.0;-6.0;-5.0;12.0
1293.0;2314.0;4099.0;7111.0;1162.0;1649.0;1123.0;2015.0;3616.0;6373.0;1063.0;1603.0;-7.0;-8.0;-9.0;6.0
1243.0;2217.0;3932.0;6858.0;1120.0;1624.0;1121.0;2025.0;3634.0;6455.0;1103.0;1719.0;-13.0;-8.0;-9.0;7.0
1367.0;2475.0;4515.0;8123.0;1393.0;2088.0;1464.0;2637.0;4794.0;8438.0;1429.0;2156.0;-13.0;-8.0;-10.0;4.0
1673.0;2991.0;5332.0;9208.0;1473.0;1989.0;1325.0;2373.0;4239.0;7422.0;1244.0;1886.0;-15.0;-8.0;-10.0;4.0
1476.0;2651.0;4679.0;8200.0;1346.0;1929.0;1312.0;2371.0;4253.0;7477.0;1242.0;1867.0;-15.0;-6.0;-10.0;1.0
1434.0;2572.0;4621.0;8102.0;1343.0;1939.0;1332.0;2403.0;4312.0;7549.0;1252.0;1897.0;-15.0;-4.0;-12.0;1.0
1491.0;2668.0;4717.0;8255.0;1377.0;1963.0;1357.0;2446.0;4373.0;7662.0;1275.0;1920.0;-11.0;-2.0;-7.0;1.0
1494.0;2686.0;4736.0;8292.0;1345.0;1898.0;1303.0;2341.0;4205.0;7299.0;1216.0;1832.0;-13.0;-2.0;-7.0;9.0
1433.0;2566.0;4528.0;7846.0;1263.0;1780.0;1220.0;2178.0;3901.0;6819.0;1130.0;1706.0;-12.0;-4.0;-17.0;8.0
1327.0;2367.0;4224.0;7332.0;1212.0;1747.0;1219.0;2193.0;3920.0;6908.0;1141.0;1737.0;-12.0;-5.0;-17.0;8.0
1374.0;2470.0;4397.0;7704.0;1258.0;1829.0;1267.0;2283.0;4083.0;7139.0;1190.0;1800.0;-12.0;-6.0;-17.0;8.0
1415.0;2531.0;4499.0;7816.0;1285.0;1805.0;1224.0;2213.0;3948.0;6969.0;1168.0;1794.0;-13.0;-6.0;-17.0;15.0
1401.0;2518.0;4497.0;7867.0;1302.0;1865.0;1311.0;2350.0;4195.0;7367.0;1228.0;1829.0;-12.0;-6.0;-17.0;6.0
1468.0;2626.0;4663.0;8265.0;1375.0;1977.0;1352.0;2430.0;4348.0;7623.0;1273.0;1876.0;-8.0;-6.0;-8.0;8.0
1442.0;2581.0;4574.0;7891.0;1296.0;1821.0;1279.0;2300.0;4072.0;7086.0;1172.0;1753.0;-14.0;-7.0;-15.0;6.0
1366.0;2421.0;4328.0;7610.0;1268.0;1827.0;1285.0;2309.0;4139.0;7236.0;1212.0;1849.0;-14.0;-6.0;-12.0;7.0
1470.0;2622.0;4665.0;8165.0;1346.0;1948.0;1348.0;2426.0;4357.0;7654.0;1287.0;1961.0;-14.0;-8.0;-12.0;2.0
1560.0;2802.0;5004.0;8702.0;1430.0;2028.0;1399.0;2505.0;4509.0;7900.0;1333.0;1990.0;-14.0;-8.0;-12.0;4.0
1571.0;2801.0;5007.0;8780.0;1421.0;2015.0;1392.0;2494.0;4452.0;7784.0;1298.0;1942.0;-14.0;-6.0;-12.0;3.0
1532.0;2722.0;4834.0;8340.0;1378.0;1962.0;1351.0;2445.0;4389.0;7652.0;1282.0;1913.0;-10.0;-3.0;-11.0;3.0
1501.0;2685.0;4808.0;8435.0;1404.0;2018.0;1419.0;2547.0;4567.0;7944.0;1321.0;1985.0;-10.0;-6.0;-10.0;12.0
1554.0;2770.0;4931.0;8664.0;1411.0;1988.0;1381.0;2486.0;4433.0;7776.0;1295.0;1929.0;-7.0;-3.0;-10.0;8.0
1502.0;2689.0;4780.0;8371.0;1368.0;1952.0;1339.0;2404.0;4285.0;7529.0;1258.0;1907.0;-6.0;-4.0;-9.0;7.0
1528.0;2720.0;4851.0;8461.0;1392.0;1983.0;1384.0;2475.0;4428.0;7787.0;1298.0;1944.0;-7.0;-4.0;-9.0;8.0
1539.0;2756.0;4884.0;8452.0;1373.0;1950.0;1333.0;2405.0;4296.0;7486.0;1251.0;1870.0;-8.0;-7.0;-9.0;8.0
1463.0;2622.0;4638.0;8069.0;1317.0;1860.0;1283.0;2298.0;4090.0;7136.0;1181.0;1792.0;-7.0;-4.0;-8.0;7.0
1434.0;2556.0;4533.0;7933.0;1327.0;1978.0;1403.0;2527.0;4515.0;7937.0;1334.0;2033.0;-8.0;-4.0;-8.0;7.0
1601.0;2842.0;5056.0;8755.0;1424.0;2005.0;1382.0;2478.0;4446.0;7742.0;1294.0;1922.0;-8.0;-7.0;-8.0;10.0
1539.0;2764.0;4927.0;8728.0;1445.0;2098.0;1466.0;2643.0;4711.0;8306.0;1382.0;2082.0;-4.0;-5.0;-3.0;7.0
1626.0;2928.0;5201.0;9099.0;1488.0;2106.0;1455.0;2622.0;4686.0;8233.0;1382.0;2076.0;-3.0;-5.0;-2.0;11.0
1638.0;2908.0;5200.0;9042.0;1496.0;2136.0;1501.0;2697.0;4805.0;8390.0;1386.0;2081.0;-4.0;-5.0;-3.0;7.0
1648.0;2931.0;5252.0;9124.0;1498.0;2160.0;1479.0;2669.0;4826.0;8420.0;1417.0;2123.0;-4.0;-5.0;-3.0;6.0
1696.0;3025.0;5353.0;9295.0;1492.0;2084.0;1424.0;2563.0;4562.0;7909.0;1307.0;1957.0;-3.0;-5.0;-3.0;7.0
1526.0;2746.0;4923.0;8587.0;1433.0;2045.0;1403.0;2509.0;4509.0;7902.0;1304.0;1935.0;-7.0;-5.0;-6.0;6.0
1533.0;2728.0;4784.0;8326.0;1362.0;1933.0;1327.0;2390.0;4265.0;7499.0;1248.0;1859.0;-7.0;-4.0;-6.0;7.0
1463.0;2635.0;4698.0;8130.0;1312.0;1815.0;1285.0;2328.0;4184.0;7334.0;1222.0;1811.0;-9.0;-1.0;-5.0;5.0
1540.0;2738.0;4840.0;8261.0;1294.0;1746.0;1201.0;2167.0;3872.0;6751.0;1116.0;1616.0;-9.0;-1.0;-5.0;6.0
1379.0;2460.0;4342.0;7541.0;1234.0;1716.0;1202.0;2177.0;3897.0;6909.0;1162.0;1730.0;-9.0;-1.0;-5.0;7.0
1493.0;2672.0;4762.0;8270.0;1347.0;1862.0;1295.0;2350.0;4221.0;7460.0;1249.0;1833.0;-9.0;-1.0;-5.0;7.0
1558.0;2761.0;4905.0;8461.0;1353.0;1835.0;1276.0;2307.0;4155.0;7321.0;1227.0;1806.0;-10.0;-1.0;-13.0;7.0
1557.0;2784.0;4908.0;8562.0;1405.0;1987.0;1433.0;2579.0;4668.0;8224.0;1367.0;2006.0;-14.0;-4.0;-14.0;9.0
1719.0;3051.0;5407.0;9328.0;1460.0;1942.0;1320.0;2396.0;4259.0;7526.0;1250.0;1822.0;-14.0;-4.0;-14.0;7.0
1538.0;2737.0;4876.0;8525.0;1387.0;1950.0;1352.0;2441.0;4397.0;7725.0;1266.0;1852.0;-14.0;-4.0;-14.0;8.0
1570.0;2819.0;5036.0;8853.0;1444.0;2048.0;1449.0;2631.0;4748.0;8386.0;1395.0;2029.0;-13.0;-3.0;-14.0;5.0
1700.0;3035.0;5399.0;9391.0;1515.0;2110.0;1479.0;2684.0;4882.0;8729.0;1494.0;2238.0;-11.0;-4.0;-12.0;5.0
1905.0;3384.0;6006.0;10341.0;1616.0;2144.0;1452.0;2614.0;4727.0;8367.0;1402.0;2041.0;-11.0;-3.0;-10.0;5.0
1711.0;3066.0;5451.0;9472.0;1509.0;2083.0;1476.0;2671.0;4812.0;8565.0;1474.0;2235.0;-12.0;-3.0;-10.0;4.0
1926.0;3450.0;6209.0;10789.0;1747.0;2402.0;1696.0;3056.0;5457.0;9587.0;1570.0;2254.0;-12.0;-3.0;-10.0;7.0
1878.0;3322.0;5835.0;10012.0;1612.0;2250.0;1572.0;2819.0;5023.0;8741.0;1451.0;2163.0;-11.0;-4.0;-9.0;6.0
1709.0;3048.0;5433.0;9574.0;1567.0;2247.0;1570.0;2814.0;5037.0;8842.0;1466.0;2203.0;-12.0;-1.0;-9.0;9.0
1748.0;3134.0;5535.0;9616.0;1592.0;2296.0;1614.0;2895.0;5160.0;9012.0;1498.0;2248.0;-6.0;-1.0;-7.0;6.0
1799.0;3187.0;5668.0;9826.0;1616.0;2296.0;1605.0;2865.0;5110.0;8891.0;1486.0;2228.0;-6.0;-1.0;-7.0;9.0
1782.0;3147.0;5572.0;9646.0;1559.0;2195.0;1535.0;2746.0;4890.0;8461.0;1412.0;2098.0;-4.0;-5.0;-8.0;9.0
1690.0;2994.0;5296.0;9145.0;1489.0;2107.0;1481.0;2630.0;4701.0;8216.0;1374.0;2060.0;-5.0;-1.0;-8.0;12.0
1639.0;2903.0;5148.0;8874.0;1461.0;2080.0;1506.0;2678.0;4766.0;8224.0;1355.0;2029.0;-5.0;-1.0;-8.0;9.0
1659.0;2919.0;5153.0;8861.0;1442.0;2036.0;1466.0;2599.0;4610.0;8078.0;1337.0;2018.0;-6.0;-5.0;-8.0;15.0
1621.0;2896.0;5138.0;8978.0;1477.0;2147.0;1541.0;2756.0;4951.0;8572.0;1437.0;2158.0;-5.0;-2.0;-8.0;6.0
1740.0;3118.0;5544.0;9682.0;1599.0;2266.0;1621.0;2905.0;5165.0;8958.0;1494.0;2199.0;-6.0;-2.0;-9.0;8.0
1752.0;3137.0;5581.0;9802.0;1638.0;2368.0;1715.0;3069.0;5452.0;9478.0;1583.0;2391.0;-6.0;-4.0;-9.0;6.0
1923.0;3415.0;6059.0;10431.0;1688.0;2344.0;1645.0;2931.0;5213.0;9021.0;1503.0;2244.0;-6.0;-4.0;-9.0;8.0
1791.0;3186.0;5584.0;9636.0;1557.0;2180.0;1545.0;2749.0;4932.0;8548.0;1418.0;2126.0;-7.0;-4.0;-14.0;5.0
1715.0;3066.0;5480.0;9568.0;1574.0;2264.0;1619.0;2886.0;5159.0;8960.0;1502.0;2252.0;-7.0;-4.0;-14.0;5.0
1798.0;3202.0;5646.0;9707.0;1564.0;2212.0;1565.0;2806.0;5012.0;8680.0;1443.0;2173.0;-7.0;-4.0;-13.0;8.0
1757.0;3115.0;5468.0;9506.0;1542.0;2165.0;1544.0;2732.0;4885.0;8450.0;1423.0;2142.0;-7.0;-4.0;-13.0;8.0
1738.0;3114.0;5529.0;9593.0;1584.0;2274.0;1657.0;2967.0;5284.0;9184.0;1514.0;2252.0;-5.0;-3.0;-11.0;8.0
1842.0;3275.0;5759.0;9873.0;1571.0;2187.0;1561.0;2777.0;4932.0;8533.0;1422.0;2150.0;-3.0;-3.0;2.0;8.0
1771.0;3161.0;5592.0;9758.0;1602.0;2290.0;1638.0;2927.0;5190.0;9071.0;1493.0;2259.0;-3.0;-3.0;2.0;14.0
1819.0;3245.0;5712.0;9836.0;1611.0;2301.0;1659.0;2967.0;5291.0;9222.0;1538.0;2304.0;1.0;-3.0;0.0;11.0
1864.0;3326.0;5888.0;10272.0;1675.0;2339.0;1660.0;2962.0;5272.0;9096.0;1517.0;2247.0;-3.0;-4.0;-5.0;8.0
1804.0;3198.0;5679.0;9831.0;1613.0;2291.0;1644.0;2930.0;5193.0;9093.0;1507.0;2274.0;-3.0;-4.0;-5.0;10.0
1841.0;3260.0;5768.0;9949.0;1625.0;2310.0;1633.0;2917.0;5229.0;9160.0;1540.0;2330.0;-8.0;-3.0;-5.0;10.0
1895.0;3364.0;5963.0;10331.0;1681.0;2341.0;1688.0;3014.0;5341.0;9314.0;1537.0;2312.0;-8.0;-3.0;0.0;13.0
1852.0;3301.0;5903.0;10190.0;1666.0;2360.0;1698.0;3027.0;5375.0;9331.0;1559.0;2329.0;-13.0;-4.0;-8.0;11.0
1894.0;3365.0;5948.0;10299.0;1697.0;2392.0;1711.0;3047.0;5441.0;9413.0;1560.0;2318.0;-8.0;-4.0;-7.0;11.0
1886.0;3346.0;5951.0;10321.0;1686.0;2394.0;1732.0;3092.0;5500.0;9603.0;1589.0;2363.0;-12.0;-4.0;-7.0;7.0
1906.0;3396.0;5989.0;10400.0;1686.0;2371.0;1694.0;3034.0;5362.0;9274.0;1547.0;2301.0;-12.0;-4.0;-7.0;5.0
1872.0;3328.0;5868.0;10098.0;1645.0;2326.0;1706.0;3036.0;5335.0;9205.0;1517.0;2255.0;-12.0;-4.0;-7.0;6.0
1851.0;3284.0;5763.0;9888.0;1610.0;2237.0;1575.0;2796.0;4973.0;8655.0;1442.0;2152.0;-6.0;-4.0;-7.0;6.0
1755.0;3137.0;5474.0;9440.0;1541.0;2152.0;1514.0;2717.0;4850.0;8430.0;1400.0;2089.0;-6.0;-3.0;-3.0;6.0
1707.0;3034.0;5371.0;9383.0;1558.0;2252.0;1624.0;2897.0;5177.0;9059.0;1505.0;2254.0;-5.0;-3.0;-7.0;14.0
1832.0;3245.0;5703.0;9808.0;1601.0;2241.0;1584.0;2819.0;4990.0;8701.0;1448.0;2145.0;-5.0;-1.0;-7.0;14.0
1761.0;3120.0;5528.0;9513.0;1535.0;2189.0;1583.0;2805.0;5011.0;8658.0;1427.0;2153.0;-5.0;-3.0;-9.0;11.0
1745.0;3113.0;5466.0;9413.0;1547.0;2187.0;1550.0;2755.0;4938.0;8614.0;1424.0;2125.0;-3.0;-3.0;-7.0;9.0
1726.0;3076.0;5439.0;9473.0;1550.0;2206.0;1561.0;2801.0;5026.0;8717.0;1455.0;2204.0;-5.0;-3.0;-9.0;9.0
1795.0;3192.0;5722.0;10064.0;1673.0;2409.0;1750.0;3128.0;5534.0;9651.0;1601.0;2391.0;-3.0;-2.0;-9.0;6.0
1929.0;3426.0;6025.0;10439.0;1698.0;2372.0;1701.0;3023.0;5366.0;9302.0;1537.0;2277.0;-3.0;-2.0;-4.0;11.0
1863.0;3299.0;5828.0;10110.0;1655.0;2367.0;1722.0;3064.0;5473.0;9547.0;1597.0;2400.0;-3.0;1.0;-2.0;8.0
1959.0;3480.0;6115.0;10617.0;1711.0;2408.0;1697.0;3030.0;5400.0;9418.0;1564.0;2322.0;-4.0;1.0;-4.0;18.0
1906.0;3384.0;5953.0;10235.0;1666.0;2354.0;1719.0;3050.0;5407.0;9325.0;1559.0;2365.0;-4.0;2.0;-4.0;9.0
1958.0;3494.0;6261.0;10993.0;1823.0;2602.0;1872.0;3359.0;5954.0;10287.0;1709.0;2521.0;-4.0;-1.0;-2.0;11.0
2021.0;3575.0;6333.0;10936.0;1778.0;2502.0;1781.0;3200.0;5696.0;9897.0;1630.0;2436.0;-5.0;-4.0;-6.0;9.0
1947.0;3482.0;6175.0;10729.0;1752.0;2485.0;1791.0;3177.0;5666.0;9837.0;1639.0;2438.0;-5.0;-4.0;-8.0;9.0
1989.0;3517.0;6224.0;10814.0;1792.0;2564.0;1881.0;3359.0;5978.0;10383.0;1730.0;2603.0;-5.0;-4.0;-6.0;7.0
2130.0;3779.0;6751.0;11704.0;1915.0;2702.0;1974.0;3513.0;6261.0;10807.0;1787.0;2655.0;-10.0;-4.0;-3.0;8.0
2171.0;3850.0;6826.0;11835.0;1952.0;2788.0;2057.0;3654.0;6494.0;11280.0;1869.0;2788.0;-10.0;-4.0;-3.0;12.0
2287.0;4056.0;7078.0;12118.0;1937.0;2660.0;1890.0;3385.0;6019.0;10353.0;1692.0;2510.0;-10.0;-5.0;-3.0;9.0
2070.0;3663.0;6447.0;11075.0;1798.0;2537.0;1838.0;3260.0;5797.0;10054.0;1645.0;2457.0;-10.0;-2.0;0.0;4.0
2004.0;3546.0;6279.0;10824.0;1775.0;2516.0;1828.0;3253.0;5774.0;9968.0;1646.0;2454.0;-9.0;-2.0;0.0;3.0
2025.0;3573.0;6286.0;10759.0;1734.0;2449.0;1805.0;3189.0;5626.0;9768.0;1613.0;2408.0;-9.0;-2.0;0.0;3.0
1998.0;3564.0;6357.0;11076.0;1848.0;2643.0;1946.0;3450.0;6093.0;10553.0;1738.0;2558.0;-12.0;-2.0;0.0;10.0
2111.0;3735.0;6655.0;11582.0;1928.0;2742.0;2047.0;3637.0;6429.0;11086.0;1826.0;2703.0;-10.0;-2.0;-2.0;12.0
2237.0;3953.0;6993.0;11992.0;1932.0;2680.0;1969.0;3500.0;6215.0;10805.0;1754.0;2498.0;-10.0;-2.0;-6.0;14.0
2170.0;3819.0;6735.0;11511.0;1821.0;2465.0;1824.0;3235.0;5708.0;9784.0;1598.0;2286.0;-13.0;-3.0;-6.0;8.0
2019.0;3616.0;6571.0;11797.0;1903.0;2558.0;1878.0;3353.0;5949.0;10488.0;1747.0;2560.0;-13.0;-4.0;-6.0;14.0
2266.0;3988.0;6959.0;11917.0;1899.0;2570.0;1878.0;3360.0;6010.0;10453.0;1736.0;2573.0;-10.0;-4.0;-6.0;9.0
2155.0;3832.0;6729.0;11442.0;1848.0;2583.0;1887.0;3363.0;5947.0;10232.0;1687.0;2475.0;-7.0;-3.0;-6.0;6.0
2047.0;3620.0;6311.0;10888.0;1757.0;2474.0;1845.0;3276.0;5786.0;9984.0;1632.0;2445.0;-10.0;-7.0;-6.0;9.0
2011.0;3572.0;6279.0;10958.0;1811.0;2573.0;1871.0;3326.0;5906.0;10221.0;1695.0;2503.0;-10.0;-3.0;-13.0;10.0
2065.0;3636.0;6375.0;10947.0;1768.0;2487.0;1843.0;3267.0;5761.0;9814.0;1620.0;2383.0;-9.0;-3.0;-9.0;12.0
1990.0;3504.0;6185.0;10712.0;1729.0;2443.0;1796.0;3172.0;5637.0;9749.0;1602.0;2388.0;-9.0;-3.0;-9.0;10.0
1991.0;3531.0;6251.0;10788.0;1777.0;2564.0;1877.0;3360.0;5938.0;10292.0;1701.0;2521.0;-10.0;-5.0;-14.0;10.0
2099.0;3707.0;6500.0;11117.0;1813.0;2562.0;1903.0;3388.0;5983.0;10281.0;1703.0;2520.0;-13.0;-3.0;-9.0;10.0
2102.0;3710.0;6554.0;11255.0;1831.0;2617.0;1926.0;3405.0;6026.0;10452.0;1746.0;2612.0;-10.0;-5.0;-9.0;6.0
2152.0;3782.0;6657.0;11410.0;1852.0;2624.0;1947.0;3464.0;6140.0;10761.0;1804.0;2668.0;-10.0;-5.0;-11.0;10.0
2222.0;3891.0;6887.0;11774.0;1904.0;2636.0;1937.0;3419.0;6036.0;10433.0;1713.0;2562.0;-11.0;-5.0;-11.0;10.0
2116.0;3726.0;6543.0;11225.0;1808.0;2546.0;1859.0;3316.0;5873.0;10173.0;1685.0;2544.0;-10.0;-3.0;-9.0;10.0
2148.0;3790.0;6683.0;11530.0;1882.0;2664.0;1957.0;3475.0;6135.0;10564.0;1752.0;2586.0;-10.0;-5.0;-9.0;11.0
2162.0;3799.0;6627.0;11366.0;1837.0;2588.0;1901.0;3377.0;5950.0;10298.0;1703.0;2534.0;-10.0;-3.0;-6.0;9.0
2106.0;3735.0;6549.0;11293.0;1839.0;2612.0;1930.0;3421.0;6043.0;10414.0;1723.0;2557.0;-7.0;1.0;-4.0;9.0
2087.0;3699.0;6494.0;11130.0;1799.0;2539.0;1848.0;3293.0;5788.0;9931.0;1639.0;2441.0;-3.0;1.0;-4.0;7.0
2033.0;3592.0;6304.0;10824.0;1763.0;2491.0;1830.0;3239.0;5734.0;9860.0;1634.0;2427.0;-7.0;-2.0;-4.0;13.0
1995.0;3533.0;6252.0;10720.0;1725.0;2422.0;1778.0;3151.0;5587.0;9595.0;1580.0;2350.0;-7.0;-2.0;-4.0;8.0
1963.0;3456.0;6023.0;10383.0;1681.0;2390.0;1742.0;3096.0;5518.0;9569.0;1590.0;2386.0;-7.0;-2.0;-4.0;6.0
1963.0;3483.0;6164.0;10658.0;1722.0;2422.0;1741.0;3105.0;5496.0;9538.0;1573.0;2367.0;-7.0;-2.0;-4.0;5.0
1954.0;3493.0;6176.0;10722.0;1767.0;2527.0;1887.0;3329.0;5911.0;10201.0;1696.0;2523.0;-9.0;-1.0;-4.0;7.0
2090.0;3693.0;6512.0;11227.0;1825.0;2578.0;1862.0;3311.0;5864.0;10202.0;1690.0;2493.0;-9.0;-1.0;2.0;13.0
2037.0;3625.0;6359.0;11038.0;1797.0;2565.0;1894.0;3350.0;5951.0;10250.0;1699.0;2531.0;-7.0;-1.0;2.0;8.0
2091.0;3708.0;6488.0;11209.0;1837.0;2612.0;1920.0;3421.0;6093.0;10585.0;1764.0;2644.0;-5.0;-4.0;2.0;5.0
2202.0;3901.0;6882.0;11902.0;1942.0;2739.0;2043.0;3622.0;6375.0;10966.0;1804.0;2658.0;-7.0;-6.0;-5.0;5.0
2197.0;3892.0;6800.0;11650.0;1873.0;2601.0;1901.0;3405.0;6005.0;10278.0;1719.0;2567.0;-5.0;-7.0;-6.0;4.0
2137.0;3778.0;6691.0;11560.0;1877.0;2617.0;1963.0;3466.0;6156.0;10550.0;1742.0;2578.0;-5.0;-6.0;-6.0;8.0
2131.0;3788.0;6633.0;11379.0;1842.0;2602.0;1956.0;3470.0;6124.0;10510.0;1736.0;2590.0;-3.0;-6.0;-6.0;10.0
2148.0;3788.0;6646.0;11436.0;1845.0;2616.0;1978.0;3493.0;6153.0;10553.0;1755.0;2625.0;-8.0;-6.0;-6.0;11.0
2204.0;3909.0;6842.0;11771.0;1906.0;2682.0;1960.0;3486.0;6170.0;10591.0;1749.0;2591.0;-5.0;-5.0;-6.0;8.0
2153.0;3807.0;6657.0;11433.0;1845.0;2585.0;1921.0;3374.0;5961.0;10232.0;1690.0;2516.0;-5.0;-4.0;-11.0;13.0
2102.0;3703.0;6527.0;11209.0;1811.0;2551.0;1875.0;3346.0;5888.0;10128.0;1657.0;2465.0;-5.0;-5.0;-11.0;9.0
2072.0;3661.0;6466.0;11145.0;1805.0;2583.0;1916.0;3406.0;6014.0;10255.0;1702.0;2522.0;-8.0;-5.0;-7.0;11.0
2093.0;3709.0;6524.0;11216.0;1809.0;2536.0;1886.0;3364.0;5923.0;10187.0;1677.0;2503.0;-9.0;-5.0;-7.0;9.0
2090.0;3723.0;6534.0;11264.0;1841.0;2590.0;1924.0;3390.0;6003.0;10363.0;1701.0;2520.0;-11.0;-5.0;-11.0;3.0
2118.0;3742.0;6554.0;11224.0;1813.0;2548.0;1901.0;3366.0;5902.0;10116.0;1669.0;2448.0;-12.0;-7.0;-11.0;3.0
2084.0;3655.0;6397.0;10935.0;1778.0;2510.0;1866.0;3294.0;5794.0;10024.0;1648.0;2441.0;-11.0;-5.0;-7.0;6.0
2029.0;3569.0;6277.0;10728.0;1759.0;2485.0;1843.0;3277.0;5786.0;10057.0;1668.0;2497.0;-9.0;-5.0;-7.0;10.0
2094.0;3688.0;6483.0;11116.0;1799.0;2523.0;1868.0;3301.0;5845.0;10090.0;1663.0;2495.0;-8.0;-3.0;-7.0;6.0
2102.0;3738.0;6679.0;11715.0;1979.0;2888.0;2229.0;3946.0;6986.0;12062.0;1990.0;2944.0;-8.0;-2.0;-7.0;8.0
2455.0;4336.0;7628.0;12967.0;2096.0;2907.0;2186.0;3870.0;6825.0;11727.0;1923.0;2851.0;-8.0;-2.0;-2.0;12.0
2383.0;4160.0;7277.0;12388.0;1974.0;2730.0;1990.0;3542.0;6214.0;10757.0;1757.0;2605.0;-10.0;-1.0;-2.0;8.0
2177.0;3847.0;6710.0;11482.0;1854.0;2593.0;1921.0;3398.0;6047.0;10355.0;1703.0;2547.0;-10.0;-2.0;-6.0;10.0
2118.0;3721.0;6580.0;11367.0;1866.0;2667.0;1974.0;3533.0;6235.0;10798.0;1774.0;2651.0;-10.0;0.0;-10.0;10.0
2198.0;3885.0;6848.0;11661.0;1858.0;2575.0;1893.0;3358.0;5912.0;10235.0;1680.0;2466.0;-10.0;-2.0;-10.0;11.0
2058.0;3639.0;6379.0;10918.0;1785.0;2530.0;1901.0;3371.0;5941.0;10295.0;1695.0;2541.0;-6.0;-3.0;-10.0;6.0
2157.0;3818.0;6741.0;11692.0;1947.0;2791.0;2103.0;3719.0;6602.0;11433.0;1888.0;2809.0;-6.0;-5.0;-10.0;5.0
2378.0;4203.0;7305.0;12456.0;2006.0;2758.0;2034.0;3598.0;6346.0;10887.0;1795.0;2649.0;-2.0;-5.0;-10.0;10.0
2203.0;3879.0;6781.0;11519.0;1864.0;2612.0;1946.0;3446.0;6072.0;10342.0;1712.0;2525.0;-2.0;-5.0;-6.0;5.0
2109.0;3724.0;6544.0;11236.0;1828.0;2603.0;1938.0;3455.0;6123.0;10499.0;1737.0;2578.0;-7.0;-5.0;-6.0;9.0
2162.0;3840.0;6708.0;11520.0;1875.0;2633.0;1933.0;3447.0;6105.0;10567.0;1747.0;2606.0;-7.0;-5.0;-6.0;7.0
2182.0;3850.0;6815.0;11786.0;1937.0;2769.0;2120.0;3765.0;6679.0;11518.0;1898.0;2827.0;-7.0;-8.0;-6.0;8.0
2382.0;4230.0;7402.0;12638.0;2042.0;2884.0;2106.0;3744.0;6648.0;11419.0;1894.0;2808.0;-7.0;-8.0;-6.0;7.0
2353.0;4155.0;7235.0;12295.0;1978.0;2729.0;2036.0;3597.0;6310.0;10894.0;1799.0;2673.0;-3.0;-6.0;-6.0;10.0
2251.0;3962.0;7001.0;12085.0;1983.0;2841.0;2164.0;3800.0;6703.0;11603.0;1914.0;2811.0;-3.0;-8.0;-6.0;11.0
2378.0;4174.0;7325.0;12413.0;1989.0;2761.0;2028.0;3598.0;6364.0;10950.0;1792.0;2653.0;-9.0;-6.0;-9.0;5.0
2219.0;3896.0;6809.0;11668.0;1854.0;2621.0;1943.0;3438.0;6041.0;10385.0;1711.0;2563.0;-11.0;-6.0;-14.0;6.0
2144.0;3774.0;6633.0;11328.0;1852.0;2651.0;1955.0;3485.0;6166.0;10760.0;1772.0;2658.0;-12.0;-8.0;-17.0;3.0
2249.0;3958.0;6917.0;11714.0;1884.0;2619.0;1935.0;3437.0;6077.0;10449.0;1713.0;2555.0;-13.0;-8.0;-17.0;4.0
2158.0;3796.0;6674.0;11595.0;1919.0;2759.0;2077.0;3684.0;6509.0;11300.0;1867.0;2772.0;-12.0;-7.0;-17.0;4.0
2352.0;4118.0;7243.0;12347.0;2003.0;2813.0;2078.0;3691.0;6530.0;11306.0;1853.0;2756.0;-13.0;-7.0;-14.0;4.0
2285.0;4016.0;7052.0;12084.0;1973.0;2751.0;2073.0;3665.0;6464.0;11068.0;1821.0;2723.0;-12.0;-6.0;-14.0;15.0
2315.0;4068.0;7121.0;12211.0;1999.0;2806.0;2094.0;3730.0;6553.0;11369.0;1861.0;2755.0;-4.0;-4.0;-6.0;10.0
2301.0;4061.0;7100.0;12178.0;1976.0;2765.0;2056.0;3652.0;6437.0;11014.0;1819.0;2705.0;-4.0;-4.0;-3.0;11.0
2274.0;4005.0;7025.0;12005.0;1941.0;2717.0;2040.0;3604.0;6367.0;10979.0;1798.0;2671.0;-7.0;-4.0;-6.0;10.0
2255.0;3964.0;6944.0;11836.0;1908.0;2675.0;2006.0;3551.0;6252.0;10743.0;1764.0;2623.0;-6.0;-5.0;-3.0;10.0
2212.0;3900.0;6838.0;11750.0;1909.0;2673.0;1973.0;3476.0;6137.0;10620.0;1758.0;2600.0;-7.0;-5.0;-3.0;4.0
2198.0;3873.0;6765.0;11589.0;1875.0;2620.0;1946.0;3463.0;6115.0;10510.0;1726.0;2576.0;-11.0;-5.0;-7.0;4.0
2172.0;3833.0;6748.0;11600.0;1905.0;2717.0;2019.0;3580.0;6365.0;11003.0;1831.0;2715.0;-11.0;-6.0;-7.0;4.0
2297.0;4060.0;7096.0;12224.0;1988.0;2810.0;2105.0;3732.0;6582.0;11281.0;1855.0;2725.0;-8.0;-5.0;-7.0;4.0
2281.0;4020.0;7037.0;12108.0;1944.0;2721.0;2006.0;3556.0;6271.0;10840.0;1775.0;2622.0;-11.0;-6.0;-9.0;7.0
2200.0;3881.0;6880.0;11846.0;1976.0;2882.0;2202.0;3894.0;6857.0;11799.0;1920.0;2829.0;-8.0;-4.0;-9.0;4.0
2375.0;4153.0;7239.0;12299.0;1966.0;2723.0;2013.0;3569.0;6309.0;10796.0;1791.0;2659.0;-8.0;0.0;-9.0;6.0
2226.0;3926.0;6907.0;11910.0;1954.0;2805.0;2129.0;3775.0;6670.0;11407.0;1886.0;2804.0;-8.0;0.0;-9.0;8.0
2357.0;4145.0;7253.0;12346.0;1978.0;2764.0;2051.0;3650.0;6407.0;11114.0;1828.0;2726.0;-11.0;0.0;-9.0;6.0
2318.0;4079.0;7106.0;12088.0;1955.0;2727.0;2057.0;3635.0;6426.0;11084.0;1825.0;2689.0;-11.0;2.0;-10.0;11.0
2312.0;4058.0;7112.0;12125.0;1971.0;2779.0;2070.0;3656.0;6437.0;11070.0;1831.0;2726.0;-11.0;0.0;-10.0;6.0
2304.0;4049.0;7067.0;12016.0;1927.0;2697.0;1978.0;3504.0;6157.0;10637.0;1755.0;2596.0;-8.0;-6.0;-2.0;9.0
2175.0;3831.0;6673.0;11466.0;1860.0;2603.0;1953.0;3459.0;6093.0;10477.0;1704.0;2530.0;-8.0;-6.0;-9.0;7.0
2129.0;3741.0;6563.0;11177.0;1814.0;2557.0;1881.0;3331.0;5898.0;10184.0;1678.0;2518.0;-5.0;-3.0;-9.0;15.0
2148.0;3757.0;6556.0;11264.0;1841.0;2616.0;1989.0;3506.0;6194.0;10640.0;1761.0;2633.0;-5.0;-4.0;-2.0;9.0
2245.0;3964.0;6900.0;11854.0;1911.0;2682.0;2001.0;3524.0;6239.0;10843.0;1795.0;2684.0;-5.0;-3.0;0.0;8.0
2275.0;4018.0;7041.0;12091.0;1956.0;2773.0;2084.0;3694.0;6515.0;11200.0;1851.0;2769.0;-5.0;-3.0;-2.0;8.0
2319.0;4082.0;7159.0;12173.0;1954.0;2713.0;2033.0;3608.0;6331.0;10898.0;1781.0;2669.0;-5.0;-3.0;0.0;7.0
2254.0;3986.0;6945.0;11909.0;1934.0;2766.0;2066.0;3657.0;6435.0;11063.0;1836.0;2733.0;-3.0;-4.0;0.0;9.0
2328.0;4086.0;7155.0;12277.0;1978.0;2760.0;2053.0;3641.0;6376.0;11006.0;1815.0;2669.0;-2.0;-3.0;-2.0;15.0
2244.0;3962.0;6931.0;11905.0;1937.0;2748.0;2065.0;3635.0;6418.0;11086.0;1833.0;2719.0;-3.0;-4.0;-2.0;6.0
2292.0;4036.0;7067.0;12156.0;1990.0;2823.0;2128.0;3781.0;6698.0;11584.0;1913.0;2853.0;-3.0;-6.0;-4.0;8.0
2413.0;4259.0;7450.0;12642.0;2041.0;2857.0;2143.0;3815.0;6729.0;11597.0;1919.0;2842.0;-11.0;-6.0;-4.0;8.0
2438.0;4292.0;7602.0;13004.0;2141.0;3014.0;2281.0;4058.0;7120.0;12237.0;2008.0;2985.0;-11.0;-7.0;-13.0;8.0
2479.0;4366.0;7677.0;13058.0;2126.0;2963.0;2197.0;3890.0;6875.0;11822.0;1935.0;2854.0;-11.0;-7.0;-13.0;13.0
2382.0;4208.0;7357.0;12470.0;2012.0;2805.0;2115.0;3732.0;6520.0;11223.0;1851.0;2740.0;-12.0;-7.0;-14.0;7.0
2324.0;4105.0;7139.0;12157.0;1966.0;2764.0;2023.0;3601.0;6386.0;11050.0;1815.0;2712.0;-11.0;-7.0;-14.0;12.0
2298.0;4035.0;7045.0;12024.0;1970.0;2812.0;2136.0;3778.0;6689.0;11547.0;1922.0;2883.0;-9.0;-3.0;-11.0;14.0
2460.0;4362.0;7675.0;13137.0;2141.0;2989.0;2257.0;3982.0;7021.0;11989.0;1962.0;2877.0;-4.0;-3.0;-6.0;12.0
2417.0;4239.0;7420.0;12499.0;2004.0;2782.0;2110.0;3728.0;6507.0;11142.0;1830.0;2692.0;-7.0;-6.0;-6.0;6.0
2294.0;4031.0;7065.0;12104.0;1946.0;2768.0;2064.0;3659.0;6469.0;11233.0;1857.0;2782.0;-5.0;-6.0;-2.0;4.0
2335.0;4104.0;7202.0;12384.0;2020.0;2839.0;2114.0;3735.0;6588.0;11408.0;1890.0;2789.0;-4.0;-6.0;1.0;4.0
2376.0;4217.0;7421.0;12687.0;2080.0;2955.0;2237.0;3981.0;6997.0;12064.0;1981.0;2922.0;-5.0;-6.0;1.0;8.0
2481.0;4358.0;7664.0;12974.0;2119.0;2943.0;2232.0;3938.0;6961.0;11972.0;1962.0;2878.0;-7.0;-3.0;2.0;12.0
2425.0;4297.0;7591.0;12934.0;2134.0;3055.0;2345.0;4129.0;7271.0;12550.0;2072.0;3063.0;-5.0;-3.0;-6.0;9.0
2631.0;4619.0;8064.0;13538.0;2184.0;3006.0;2249.0;3933.0;6988.0;11967.0;1959.0;2890.0;-13.0;-3.0;-6.0;6.0
2463.0;4340.0;7580.0;12847.0;2080.0;2919.0;2219.0;3920.0;6869.0;11734.0;1932.0;2838.0;-13.0;-4.0;-9.0;10.0
2411.0;4227.0;7365.0;12529.0;2016.0;2826.0;2151.0;3799.0;6645.0;11332.0;1856.0;2763.0;-12.0;-4.0;-6.0;7.0
2371.0;4159.0;7331.0;12468.0;2035.0;2867.0;2161.0;3817.0;6694.0;11467.0;1892.0;2824.0;-5.0;-5.0;-6.0;8.0
2401.0;4227.0;7400.0;12589.0;2033.0;2842.0;2132.0;3772.0;6628.0;11412.0;1873.0;2779.0;-7.0;-4.0;-4.0;9.0
2373.0;4171.0;7232.0;12329.0;2003.0;2818.0;2154.0;3771.0;6654.0;11373.0;1862.0;2761.0;-5.0;-4.0;0.0;5.0
2336.0;4113.0;7175.0;12243.0;1994.0;2801.0;2131.0;3769.0;6616.0;11323.0;1855.0;2761.0;-5.0;-1.0;0.0;5.0
2397.0;4185.0;7291.0;12362.0;1993.0;2795.0;2068.0;3674.0;6456.0;11034.0;1826.0;2704.0;-7.0;-1.0;-3.0;5.0
2301.0;4028.0;7020.0;11991.0;1942.0;2733.0;2063.0;3656.0;6433.0;11073.0;1813.0;2690.0;-7.0;-1.0;-3.0;5.0
2300.0;4048.0;7048.0;12095.0;1973.0;2822.0;2122.0;3756.0;6632.0;11456.0;1895.0;2822.0;-10.0;-1.0;-2.0;11.0
2407.0;4248.0;7399.0;12552.0;2030.0;2835.0;2153.0;3804.0;6695.0;11428.0;1893.0;2811.0;-10.0;-1.0;-2.0;11.0
2376.0;4163.0;7257.0;12437.0;2016.0;2836.0;2143.0;3793.0;6660.0;11431.0;1860.0;2736.0;-10.0;-2.0;1.0;15.0
2316.0;4091.0;7155.0;12093.0;1967.0;2785.0;2134.0;3792.0;6661.0;11418.0;1874.0;2766.0;-4.0;-2.0;1.0;11.0
2376.0;4178.0;7303.0;12450.0;2016.0;2829.0;2135.0;3782.0;6656.0;11411.0;1879.0;2764.0;-4.0;-2.0;-1.0;8.0
2365.0;4142.0;7274.0;12385.0;2011.0;2856.0;2186.0;3874.0;6823.0;11774.0;1965.0;2941.0;-4.0;-2.0;-1.0;16.0
2584.0;4575.0;8105.0;13709.0;2279.0;3215.0;2498.0;4391.0;7653.0;13108.0;2155.0;3140.0;-7.0;-2.0;-8.0;14.0
2683.0;4724.0;8202.0;13749.0;2245.0;3155.0;2435.0;4287.0;7529.0;12905.0;2096.0;3097.0;-9.0;-5.0;-8.0;14.0
2661.0;4670.0;8140.0;13592.0;2208.0;3042.0;2305.0;4070.0;7175.0;12296.0;2003.0;2977.0;-9.0;-5.0;-8.0;16.0
2523.0;4422.0;7757.0;13165.0;2150.0;3001.0;2281.0;4024.0;7050.0;12129.0;2004.0;2965.0;-7.0;-5.0;-8.0;14.0
2544.0;4470.0;7884.0;13312.0;2185.0;3049.0;2300.0;4062.0;7097.0;12188.0;1991.0;2922.0;-6.0;-5.0;-6.0;12.0
2469.0;4340.0;7563.0;12765.0;2078.0;2925.0;2232.0;3932.0;6878.0;11835.0;1944.0;2886.0;-6.0;-4.0;-6.0;17.0
2472.0;4342.0;7624.0;12899.0;2102.0;2943.0;2215.0;3924.0;6937.0;11889.0;1950.0;2867.0;-5.0;-4.0;-2.0;6.0
2444.0;4296.0;7488.0;12718.0;2059.0;2885.0;2176.0;3854.0;6777.0;11651.0;1925.0;2831.0;-6.0;-2.0;-6.0;5.0
2433.0;4274.0;7469.0;12637.0;2039.0;2865.0;2181.0;3862.0;6786.0;11622.0;1904.0;2813.0;-5.0;-2.0;-6.0;5.0
2421.0;4241.0;7383.0;12565.0;2027.0;2835.0;2144.0;3806.0;6654.0;11406.0;1873.0;2780.0;-3.0;-2.0;-1.0;8.0
2369.0;4168.0;7288.0;12428.0;2002.0;2804.0;2129.0;3755.0;6570.0;11319.0;1866.0;2758.0;-3.0;-3.0;-1.0;8.0
2364.0;4160.0;7273.0;12426.0;2013.0;2834.0;2137.0;3797.0;6687.0;11496.0;1893.0;2796.0;-7.0;-2.0;3.0;15.0
2418.0;4228.0;7420.0;12626.0;2031.0;2866.0;2187.0;3855.0;6777.0;11594.0;1903.0;2802.0;-3.0;-3.0;2.0;11.0
2413.0;4233.0;7369.0;12493.0;2010.0;2817.0;2123.0;3758.0;6593.0;11310.0;1872.0;2756.0;-7.0;-3.0;-5.0;10.0
2342.0;4119.0;7184.0;12200.0;1979.0;2764.0;2080.0;3668.0;6470.0;11171.0;1839.0;2733.0;-11.0;-4.0;-6.0;10.0
2338.0;4108.0;7190.0;12271.0;1999.0;2834.0;2181.0;3856.0;6769.0;11614.0;1912.0;2834.0;-9.0;-4.0;-6.0;13.0
2453.0;4310.0;7582.0;12901.0;2098.0;2971.0;2298.0;4063.0;7113.0;12141.0;1998.0;2921.0;-9.0;-4.0;-6.0;7.0
2491.0;4389.0;7653.0;12961.0;2105.0;2954.0;2231.0;3934.0;6967.0;11957.0;1967.0;2895.0;-9.0;-3.0;-6.0;9.0
2483.0;4385.0;7643.0;12991.0;2121.0;2967.0;2274.0;4010.0;7044.0;12024.0;1975.0;2948.0;-9.0;-3.0;-9.0;9.0
2541.0;4453.0;7799.0;13207.0;2175.0;3099.0;2364.0;4180.0;7351.0;12675.0;2096.0;3118.0;-7.0;-2.0;1.0;6.0
2654.0;4673.0;8184.0;13832.0;2268.0;3157.0;2416.0;4270.0;7464.0;12812.0;2102.0;3108.0;-7.0;-2.0;1.0;5.0
2655.0;4664.0;8150.0;13599.0;2210.0;3052.0;2289.0;4040.0;7048.0;12142.0;1996.0;2964.0;-6.0;-2.0;-4.0;6.0
2523.0;4442.0;7728.0;13072.0;2134.0;2973.0;2286.0;4038.0;7074.0;12139.0;1979.0;2919.0;-8.0;-4.0;-7.0;5.0
2516.0;4407.0;7657.0;12907.0;2078.0;2909.0;2241.0;3941.0;6905.0;11768.0;1931.0;2830.0;-4.0;-4.0;-7.0;16.0
2413.0;4243.0;7393.0;12568.0;2046.0;2871.0;2195.0;3889.0;6829.0;11741.0;1908.0;2837.0;-4.0;-4.0;-7.0;4.0
2455.0;4293.0;7502.0;12676.0;2038.0;2857.0;2149.0;3813.0;6680.0;11479.0;1882.0;2788.0;-4.0;-4.0;-7.0;13.0
2407.0;4195.0;7327.0;12459.0;1993.0;2800.0;2159.0;3797.0;6609.0;11254.0;1848.0;2716.0;-4.0;-4.0;-7.0;7.0
2311.0;4061.0;7079.0;12077.0;1957.0;2745.0;2106.0;3705.0;6485.0;11112.0;1823.0;2706.0;-3.0;-4.0;-5.0;10.0
2341.0;4098.0;7162.0;12228.0;2007.0;2862.0;2204.0;3908.0;6867.0;11791.0;1945.0;2896.0;-3.0;-3.0;-3.0;7.0
2490.0;4405.0;7662.0;12910.0;2103.0;2933.0;2216.0;3917.0;6861.0;11798.0;1943.0;2883.0;-3.0;-4.0;-5.0;7.0
2458.0;4289.0;7460.0;12601.0;2042.0;2852.0;2174.0;3842.0;6773.0;11553.0;1900.0;2787.0;-4.0;-5.0;-5.0;8.0
2391.0;4183.0;7280.0;12443.0;2014.0;2831.0;2129.0;3750.0;6594.0;11397.0;1872.0;2765.0;-4.0;-5.0;-1.0;8.0
2383.0;4201.0;7287.0;12441.0;2009.0;2807.0;2139.0;3755.0;6616.0;11339.0;1852.0;2748.0;-5.0;-7.0;-5.0;12.0
2373.0;4173.0;7289.0;12409.0;2026.0;2855.0;2172.0;3850.0;6767.0;11568.0;1909.0;2799.0;-11.0;-7.0;-7.0;12.0
2407.0;4203.0;7332.0;12374.0;2004.0;2813.0;2117.0;3752.0;6575.0;11300.0;1855.0;2738.0;-6.0;-6.0;-7.0;12.0
2351.0;4128.0;7226.0;12280.0;1984.0;2778.0;2116.0;3722.0;6577.0;11227.0;1849.0;2751.0;-10.0;-6.0;-3.0;5.0
2376.0;4168.0;7248.0;12275.0;1993.0;2829.0;2161.0;3823.0;6705.0;11532.0;1905.0;2831.0;-10.0;-6.0;-3.0;5.0
2445.0;4280.0;7470.0;12692.0;2066.0;2909.0;2223.0;3923.0;6925.0;11818.0;1947.0;2882.0;-6.0;-5.0;-3.0;4.0
2513.0;4413.0;7676.0;12994.0;2109.0;2962.0;2269.0;4020.0;7023.0;12077.0;1988.0;2957.0;-3.0;-5.0;-3.0;14.0
2567.0;4508.0;7863.0;13278.0;2165.0;3061.0;2340.0;4127.0;7258.0;12406.0;2063.0;3046.0;-1.0;-5.0;-2.0;12.0
2621.0;4629.0;8079.0;13594.0;2237.0;3149.0;2432.0;4284.0;7515.0;12972.0;2133.0;3126.0;-1.0;-2.0;-4.0;12.0
2721.0;4786.0;8387.0;13931.0;2292.0;3167.0;2420.0;4256.0;7478.0;12834.0;2104.0;3119.0;-1.0;-2.0;-6.0;11.0
2676.0;4688.0;8183.0;13675.0;2250.0;3140.0;2403.0;4248.0;7470.0;12777.0;2096.0;3092.0;-2.0;-2.0;-4.0;8.0
2686.0;4686.0;8183.0;13685.0;2239.0;3127.0;2363.0;4181.0;7357.0;12561.0;2070.0;3031.0;-2.0;-1.0;-6.0;16.0
2606.0;4597.0;8019.0;13511.0;2234.0;3137.0;2441.0;4303.0;7569.0;12986.0;2141.0;3144.0;-8.0;-2.0;-11.0;6.0
2738.0;4819.0;8432.0;14126.0;2355.0;3342.0;2604.0;4621.0;8076.0;13797.0;2277.0;3359.0;-8.0;-1.0;-11.0;10.0
2915.0;5123.0;8982.0;14731.0;2458.0;3444.0;2676.0;4707.0;8216.0;13997.0;2303.0;3354.0;-7.0;-1.0;-4.0;6.0
2916.0;5069.0;8821.0;14447.0;2364.0;3230.0;2484.0;4371.0;7625.0;12960.0;2114.0;3119.0;-7.0;-5.0;-2.0;3.0
2718.0;4755.0;8265.0;13807.0;2284.0;3240.0;2491.0;4380.0;7688.0;13115.0;2163.0;3195.0;-7.0;-5.0;-2.0;10.0
2785.0;4874.0;8511.0;14113.0;2317.0;3233.0;2476.0;4374.0;7686.0;13075.0;2134.0;3123.0;-7.0;-4.0;-2.0;6.0
2703.0;4740.0;8213.0;13663.0;2238.0;3122.0;2412.0;4244.0;7429.0;12684.0;2072.0;3029.0;-8.0;-5.0;-2.0;4.0
2650.0;4617.0;8041.0;13448.0;2188.0;3028.0;2355.0;4115.0;7241.0;12312.0;2015.0;2963.0;-8.0;-4.0;-2.0;6.0
2590.0;4529.0;7833.0;13146.0;2138.0;3018.0;2324.0;4086.0;7197.0;12474.0;2078.0;3129.0;-8.0;-4.0;-2.0;9.0
2782.0;4880.0;8464.0;14061.0;2305.0;3219.0;2482.0;4374.0;7687.0;13242.0;2185.0;3258.0;-13.0;-2.0;-12.0;6.0
2846.0;5013.0;8751.0;14434.0;2383.0;3328.0;2588.0;4549.0;7997.0;13741.0;2225.0;3254.0;-13.0;-2.0;-12.0;9.0
2841.0;4978.0;8645.0;14287.0;2361.0;3285.0;2561.0;4509.0;7821.0;13406.0;2174.0;3198.0;-8.0;-2.0;-8.0;9.0
2776.0;4864.0;8441.0;14010.0;2285.0;3166.0;2427.0;4258.0;7414.0;12716.0;2086.0;3065.0;-8.0;-2.0;1.0;9.0
2697.0;4718.0;8132.0;13684.0;2258.0;3211.0;2530.0;4468.0;7846.0;13326.0;2189.0;3241.0;-8.0;-4.0;2.0;10.0
2845.0;4978.0;8679.0;14315.0;2370.0;3297.0;2551.0;4517.0;7873.0;13370.0;2178.0;3186.0;-8.0;-4.0;2.0;14.0
2755.0;4782.0;8325.0;13851.0;2251.0;3126.0;2413.0;4243.0;7392.0;12640.0;2068.0;3032.0;-9.0;-4.0;-9.0;8.0
2635.0;4603.0;8080.0;13517.0;2218.0;3121.0;2391.0;4222.0;7434.0;12794.0;2097.0;3114.0;-10.0;-4.0;-9.0;8.0
2698.0;4735.0;8204.0;13732.0;2243.0;3134.0;2432.0;4253.0;7449.0;12728.0;2085.0;3058.0;-10.0;-5.0;-9.0;7.0
2674.0;4681.0;8117.0;13485.0;2191.0;3088.0;2397.0;4205.0;7386.0;12619.0;2069.0;3032.0;-9.0;-3.0;-4.0;12.0
2621.0;4615.0;8034.0;13425.0;2169.0;3045.0;2378.0;4162.0;7345.0;12490.0;2045.0;3004.0;-8.0;-3.0;-4.0;14.0
2614.0;4577.0;7950.0;13488.0;2204.0;3114.0;2428.0;4265.0;7452.0;12870.0;2109.0;3118.0;-7.0;-3.0;-4.0;12.0
2704.0;4740.0;8309.0;13933.0;2318.0;3298.0;2572.0;4517.0;7944.0;13644.0;2250.0;3336.0;-7.0;0.0;-4.0;9.0
2929.0;5131.0;8986.0;14642.0;2427.0;3336.0;2584.0;4538.0;7994.0;13784.0;2250.0;3326.0;-8.0;0.0;-8.0;12.0
2936.0;5138.0;8951.0;14680.0;2461.0;3413.0;2620.0;4614.0;8114.0;13896.0;2247.0;3270.0;-8.0;0.0;-8.0;12.0
2829.0;4941.0;8602.0;14279.0;2359.0;3277.0;2574.0;4521.0;7860.0;13367.0;2191.0;3210.0;-9.0;0.0;-4.0;13.0
2783.0;4864.0;8448.0;14025.0;2301.0;3190.0;2456.0;4320.0;7554.0;12901.0;2111.0;3114.0;-9.0;-6.0;-4.0;7.0
2725.0;4779.0;8267.0;13706.0;2229.0;3095.0;2397.0;4220.0;7406.0;12580.0;2066.0;3034.0;-5.0;-6.0;-4.0;10.0
2667.0;4655.0;8072.0;13418.0;2199.0;3072.0;2399.0;4192.0;7369.0;12532.0;2051.0;3023.0;-4.0;-1.0;-3.0;7.0
2601.0;4570.0;7992.0;13479.0;2225.0;3097.0;2418.0;4240.0;7452.0;12743.0;2082.0;3070.0;-4.0;0.0;-4.0;15.0
2663.0;4670.0;8161.0;13672.0;2249.0;3165.0;2476.0;4313.0;7586.0;12948.0;2136.0;3148.0;-4.0;-1.0;-7.0;16.0
2772.0;4841.0;8391.0;13895.0;2273.0;3162.0;2477.0;4360.0;7583.0;12899.0;2100.0;3081.0;-8.0;-1.0;-7.0;6.0
2713.0;4745.0;8295.0;13820.0;2294.0;3255.0;2563.0;4490.0;7865.0;13508.0;2215.0;3260.0;-9.0;-3.0;-7.0;7.0
2861.0;4996.0;8725.0;14352.0;2383.0;3321.0;2572.0;4538.0;7957.0;13713.0;2260.0;3314.0;-13.0;-3.0;-8.0;7.0
2916.0;5099.0;8881.0;14525.0;2382.0;3286.0;2560.0;4501.0;7857.0;13389.0;2185.0;3185.0;-13.0;-3.0;-8.0;7.0
2810.0;4908.0;8563.0;14234.0;2346.0;3295.0;2607.0;4581.0;7983.0;13593.0;2228.0;3269.0;-10.0;-3.0;-8.0;5.0
2869.0;5016.0;8634.0;14246.0;2333.0;3215.0;2506.0;4430.0;7758.0;13136.0;2153.0;3180.0;-9.0;-3.0;-6.0;7.0
2778.0;4847.0;8452.0;13944.0;2293.0;3218.0;2477.0;4365.0;7594.0;13053.0;2145.0;3174.0;-5.0;-3.0;-1.0;5.0
2795.0;4865.0;8441.0;13969.0;2288.0;3177.0;2490.0;4394.0;7631.0;12991.0;2116.0;3109.0;-5.0;-3.0;-1.0;15.0
2718.0;4744.0;8238.0;13751.0;2232.0;3070.0;2390.0;4198.0;7330.0;12605.0;2059.0;3024.0;-5.0;-3.0;-1.0;16.0
2648.0;4650.0;8096.0;13551.0;2209.0;3106.0;2426.0;4261.0;7457.0;12717.0;2066.0;3055.0;-5.0;-2.0;-1.0;11.0
2686.0;4693.0;8178.0;13706.0;2267.0;3199.0;2491.0;4400.0;7740.0;13248.0;2178.0;3204.0;-6.0;-3.0;-1.0;6.0
2811.0;4907.0;8546.0;14103.0;2304.0;3170.0;2483.0;4365.0;7620.0;12921.0;2118.0;3071.0;-8.0;-3.0;-3.0;8.0
2667.0;4662.0;8117.0;13502.0;2180.0;3031.0;2334.0;4114.0;7192.0;12240.0;2008.0;2982.0;-8.0;1.0;-3.0;7.0
2629.0;4628.0;8078.0;13530.0;2223.0;3125.0;2413.0;4250.0;7437.0;12798.0;2103.0;3091.0;-8.0;0.0;-3.0;12.0
2714.0;4778.0;8366.0;13947.0;2315.0;3285.0;2535.0;4483.0;7905.0;13548.0;2218.0;3259.0;-5.0;0.0;-1.0;10.0
2825.0;4938.0;8614.0;14233.0;2344.0;3270.0;2503.0;4386.0;7699.0;13193.0;2178.0;3181.0;-5.0;0.0;-6.0;7.0
2796.0;4888.0;8471.0;14029.0;2278.0;3147.0;2402.0;4200.0;7365.0;12607.0;2060.0;3038.0;-5.0;0.0;-4.0;8.0
2635.0;4629.0;8048.0;13432.0;2191.0;3113.0;2422.0;4313.0;7540.0;12891.0;2108.0;3092.0;-3.0;-6.0;-4.0;11.0
2708.0;4735.0;8258.0;13825.0;2251.0;3140.0;2449.0;4308.0;7494.0;12797.0;2084.0;3095.0;-7.0;-6.0;-4.0;8.0
2710.0;4744.0;8303.0;13854.0;2283.0;3226.0;2539.0;4465.0;7771.0;13221.0;2155.0;3140.0;-7.0;-6.0;-4.0;10.0
2765.0;4794.0;8335.0;13875.0;2267.0;3153.0;2457.0;4306.0;7534.0;12905.0;2100.0;3066.0;-5.0;-9.0;-4.0;10.0
2702.0;4734.0;8221.0;13751.0;2255.0;3156.0;2450.0;4296.0;7540.0;12893.0;2107.0;3130.0;-5.0;-7.0;-4.0;14.0
2734.0;4791.0;8328.0;13879.0;2272.0;3159.0;2490.0;4370.0;7643.0;13068.0;2117.0;3154.0;-7.0;-9.0;-4.0;13.0
2772.0;4859.0;8492.0;14120.0;2353.0;3326.0;2588.0;4569.0;7974.0;13677.0;2251.0;3317.0;-5.0;-9.0;1.0;13.0
2934.0;5149.0;8954.0;14620.0;2439.0;3407.0;2691.0;4716.0;8242.0;13911.0;2286.0;3322.0;-7.0;-8.0;-6.0;10.0
2924.0;5081.0;8795.0;14428.0;2366.0;3271.0;2522.0;4439.0;7759.0;13308.0;2175.0;3187.0;-9.0;-7.0;-7.0;7.0
2788.0;4859.0;8490.0;14093.0;2317.0;3208.0;2451.0;4312.0;7600.0;13028.0;2132.0;3132.0;-7.0;-7.0;-7.0;9.0
2766.0;4844.0;8396.0;13918.0;2282.0;3141.0;2464.0;4333.0;7577.0;12938.0;2102.0;3068.0;-9.0;-3.0;-5.0;7.0
2699.0;4715.0;8209.0;13705.0;2249.0;3166.0;2495.0;4367.0;7694.0;13124.0;2147.0;3166.0;-9.0;-3.0;-5.0;9.0
2800.0;4874.0;8453.0;14027.0;2287.0;3164.0;2477.0;4349.0;7589.0;12809.0;2094.0;3090.0;-6.0;-3.0;-4.0;9.0
2712.0;4724.0;8221.0;13756.0;2240.0;3104.0;2390.0;4210.0;7384.0;12602.0;2064.0;3034.0;-5.0;-2.0;-3.0;15.0
2667.0;4674.0;8132.0;13604.0;2230.0;3116.0;2409.0;4225.0;7419.0;12740.0;2078.0;3055.0;-5.0;-3.0;-2.0;11.0
2676.0;4666.0;8148.0;13606.0;2226.0;3129.0;2409.0;4241.0;7448.0;12767.0;2101.0;3090.0;-4.0;-4.0;-2.0;16.0
2698.0;4732.0;8242.0;13761.0;2241.0;3125.0;2423.0;4270.0;7482.0;12859.0;2102.0;3080.0;-4.0;-4.0;-2.0;16.0
2672.0;4686.0;8184.0;13677.0;2234.0;3147.0;2462.0;4360.0;7630.0;12957.0;2124.0;3120.0;-5.0;-4.0;-2.0;10.0
2709.0;4750.0;8259.0;13728.0;2251.0;3158.0;2435.0;4273.0;7512.0;12877.0;2133.0;3175.0;-10.0;-4.0;-11.0;7.0
2819.0;4930.0;8571.0;14184.0;2307.0;3173.0;2442.0;4287.0;7463.0;12791.0;2098.0;3094.0;-10.0;-6.0;-11.0;10.0
2718.0;4772.0;8309.0;13778.0;2275.0;3184.0;2464.0;4339.0;7568.0;13013.0;2138.0;3138.0;-10.0;-1.0;-11.0;8.0
2789.0;4885.0;8547.0;14153.0;2365.0;3333.0;2626.0;4604.0;8064.0;13803.0;2249.0;3282.0;-11.0;-1.0;-11.0;16.0
2892.0;5030.0;8763.0;14408.0;2365.0;3300.0;2533.0;4478.0;7853.0;13380.0;2187.0;3201.0;-11.0;-3.0;-12.0;8.0
2826.0;4914.0;8484.0;14093.0;2325.0;3269.0;2560.0;4493.0;7878.0;13397.0;2176.0;3183.0;-10.0;-4.0;-8.0;9.0
2766.0;4828.0;8444.0;14076.0;2329.0;3270.0;2572.0;4518.0;7910.0;13552.0;2207.0;3202.0;-10.0;-4.0;-8.0;10.0
2798.0;4886.0;8497.0;14020.0;2292.0;3188.0;2483.0;4372.0;7646.0;13081.0;2154.0;3181.0;-11.0;-4.0;-8.0;18.0
2800.0;4905.0;8512.0;14044.0;2309.0;3228.0;2531.0;4452.0;7809.0;13255.0;2166.0;3161.0;-11.0;-5.0;-8.0;8.0
2768.0;4847.0;8416.0;13935.0;2277.0;3162.0;2487.0;4364.0;7644.0;13002.0;2132.0;3132.0;-10.0;-5.0;-8.0;9.0
2731.0;4772.0;8318.0;13823.0;2288.0;3208.0;2481.0;4366.0;7651.0;13149.0;2143.0;3196.0;-8.0;-2.0;-6.0;9.0
2819.0;4934.0;8636.0;14293.0;2366.0;3293.0;2593.0;4564.0;7990.0;13626.0;2210.0;3241.0;-8.0;-1.0;-6.0;11.0
2834.0;4979.0;8627.0;14278.0;2363.0;3344.0;2641.0;4631.0;8121.0;13864.0;2266.0;3350.0;-3.0;-2.0;-3.0;9.0
2934.0;5154.0;8976.0;14642.0;2417.0;3338.0;2575.0;4518.0;7924.0;13477.0;2200.0;3207.0;-3.0;-2.0;-3.0;19.0
2775.0;4885.0;8471.0;14030.0;2306.0;3226.0;2535.0;4424.0;7718.0;13322.0;2182.0;3239.0;-8.0;-2.0;-6.0;6.0
2876.0;5024.0;8723.0;14336.0;2341.0;3247.0;2554.0;4466.0;7806.0;13239.0;2151.0;3167.0;-8.0;-4.0;-3.0;15.0
2784.0;4859.0;8469.0;14075.0;2324.0;3249.0;2565.0;4525.0;7891.0;13429.0;2186.0;3209.0;-16.0;-5.0;-7.0;8.0
2842.0;4960.0;8681.0;14296.0;2369.0;3324.0;2542.0;4508.0;7918.0;13577.0;2247.0;3324.0;-16.0;-5.0;-7.0;8.0
2914.0;5080.0;8891.0;14557.0;2425.0;3380.0;2644.0;4643.0;8138.0;13903.0;2284.0;3365.0;-8.0;-5.0;-7.0;8.0
2945.0;5174.0;8997.0;14695.0;2445.0;3380.0;2651.0;4655.0;8131.0;13769.0;2246.0;3330.0;-7.0;-5.0;-7.0;10.0
2981.0;5191.0;9044.0;14850.0;2500.0;3533.0;2761.0;4863.0;8486.0;14556.0;2369.0;3466.0;-7.0;-5.0;-7.0;6.0
3035.0;5300.0;9175.0;14919.0;2487.0;3459.0;2729.0;4796.0;8344.0;14180.0;2320.0;3384.0;-7.0;-5.0;-10.0;10.0
2975.0;5175.0;9037.0;14742.0;2466.0;3449.0;2703.0;4747.0;8284.0;14201.0;2304.0;3398.0;-11.0;-5.0;-10.0;9.0
2978.0;5208.0;9040.0;14689.0;2434.0;3361.0;2641.0;4620.0;8064.0;13689.0;2248.0;3292.0;-11.0;-5.0;-10.0;16.0
2926.0;5113.0;8880.0;14534.0;2420.0;3388.0;2668.0;4680.0;8204.0;13952.0;2279.0;3335.0;-13.0;-5.0;-10.0;14.0
2930.0;5134.0;8899.0;14608.0;2432.0;3385.0;2685.0;4698.0;8226.0;13942.0;2286.0;3351.0;-11.0;-4.0;-10.0;11.0
2964.0;5169.0;8976.0;14756.0;2491.0;3485.0;2756.0;4852.0;8485.0;14629.0;2403.0;3514.0;-11.0;-4.0;-8.0;11.0
3145.0;5498.0;9622.0;15421.0;2658.0;3759.0;3025.0;5305.0;9251.0;15817.0;2589.0;3758.0;-7.0;-5.0;-6.0;14.0
3315.0;5768.0;9962.0;15624.0;2659.0;3635.0;2832.0;4959.0;8671.0;14779.0;2395.0;3486.0;-7.0;-7.0;-6.0;9.0
3056.0;5348.0;9229.0;14811.0;2477.0;3417.0;2687.0;4698.0;8188.0;13915.0;2262.0;3325.0;-5.0;-7.0;0.0;9.0
2946.0;5104.0;8825.0;14477.0;2387.0;3333.0;2619.0;4596.0;8018.0;13690.0;2230.0;3284.0;-5.0;-7.0;0.0;10.0
2916.0;5112.0;8858.0;14482.0;2401.0;3340.0;2623.0;4579.0;7964.0;13605.0;2222.0;3263.0;-6.0;-1.0;-6.0;5.0
2879.0;4998.0;8688.0;14218.0;2333.0;3251.0;2512.0;4427.0;7740.0;13291.0;2175.0;3178.0;-7.0;-1.0;-6.0;7.0
2876.0;5013.0;8630.0;14206.0;2354.0;3314.0;2629.0;4595.0;8066.0;13862.0;2291.0;3377.0;-12.0;-1.0;-8.0;12.0
2985.0;5211.0;9061.0;14722.0;2450.0;3445.0;2786.0;4839.0;8405.0;14258.0;2332.0;3421.0;-12.0;-4.0;-8.0;7.0
3062.0;5325.0;9239.0;15004.0;2526.0;3519.0;2784.0;4900.0;8609.0;14645.0;2401.0;3477.0;-12.0;-4.0;-6.0;7.0
3076.0;5369.0;9346.0;15005.0;2499.0;3424.0;2702.0;4749.0;8277.0;14036.0;2280.0;3318.0;-12.0;-5.0;-5.0;7.0
2943.0;5119.0;8829.0;14404.0;2375.0;3293.0;2626.0;4601.0;8038.0;13600.0;2226.0;3268.0;-9.0;-4.0;-4.0;13.0
2933.0;5115.0;8838.0;14445.0;2392.0;3351.0;2630.0;4622.0;8075.0;13786.0;2261.0;3306.0;-9.0;-3.0;-4.0;8.0
2929.0;5106.0;8873.0;14467.0;2395.0;3333.0;2594.0;4555.0;7939.0;13522.0;2215.0;3240.0;-9.0;-3.0;-4.0;7.0
2873.0;5012.0;8688.0;14240.0;2370.0;3318.0;2638.0;4596.0;8041.0;13656.0;2244.0;3263.0;-10.0;-3.0;-4.0;8.0
2922.0;5084.0;8805.0;14460.0;2381.0;3297.0;2570.0;4532.0;7906.0;13495.0;2205.0;3246.0;-15.0;-3.0;-7.0;7.0
2878.0;5026.0;8742.0;14401.0;2394.0;3352.0;2633.0;4618.0;8100.0;13817.0;2258.0;3303.0;-15.0;-3.0;-7.0;8.0
2894.0;5062.0;8792.0;14400.0;2377.0;3282.0;2591.0;4538.0;7949.0;13559.0;2208.0;3244.0;-12.0;-3.0;-5.0;4.0
2866.0;4999.0;8692.0;14294.0;2351.0;3320.0;2612.0;4584.0;8030.0;13740.0;2240.0;3281.0;-10.0;-2.0;-5.0;7.0
2923.0;5061.0;8813.0;14381.0;2368.0;3307.0;2621.0;4592.0;7997.0;13548.0;2207.0;3255.0;-8.0;-2.0;-5.0;7.0
2876.0;5031.0;8720.0;14388.0;2375.0;3295.0;2614.0;4574.0;7991.0;13596.0;2220.0;3272.0;-8.0;-2.0;-5.0;10.0
2908.0;5079.0;8762.0;14340.0;2366.0;3285.0;2573.0;4513.0;7881.0;13451.0;2193.0;3213.0;-8.0;-5.0;-3.0;9.0
2843.0;4970.0;8640.0;14227.0;2336.0;3262.0;2516.0;4432.0;7741.0;13339.0;2184.0;3205.0;-7.0;-6.0;-3.0;10.0
2799.0;4913.0;8464.0;14086.0;2302.0;3208.0;2494.0;4382.0;7642.0;13083.0;2135.0;3140.0;-7.0;-6.0;-2.0;10.0
2787.0;4881.0;8467.0;14007.0;2291.0;3189.0;2510.0;4398.0;7685.0;13070.0;2144.0;3188.0;-7.0;-6.0;-7.0;11.0
2821.0;4918.0;8522.0;14076.0;2315.0;3198.0;2497.0;4378.0;7648.0;13051.0;2146.0;3148.0;-7.0;-5.0;-2.0;10.0
2781.0;4862.0;8449.0;13953.0;2297.0;3193.0;2489.0;4373.0;7669.0;13082.0;2137.0;3141.0;-9.0;0.0;-7.0;11.0
2792.0;4875.0;8454.0;14090.0;2313.0;3256.0;2586.0;4516.0;7871.0;13398.0;2183.0;3171.0;-9.0;0.0;-7.0;10.0
2808.0;4890.0;8583.0;14120.0;2320.0;3238.0;2551.0;4459.0;7789.0;13334.0;2189.0;3227.0;-9.0;0.0;-7.0;10.0
2890.0;5060.0;8819.0;14410.0;2395.0;3336.0;2649.0;4651.0;8128.0;13808.0;2253.0;3287.0;-8.0;0.0;-3.0;12.0
2928.0;5093.0;8784.0;14407.0;2398.0;3297.0;2573.0;4534.0;7955.0;13583.0;2218.0;3276.0;-8.0;-2.0;-7.0;8.0
2864.0;4996.0;8694.0;14310.0;2352.0;3286.0;2605.0;4565.0;7974.0;13665.0;2218.0;3208.0;-6.0;-2.0;-7.0;13.0
2832.0;4951.0;8577.0;14197.0;2340.0;3276.0;2590.0;4529.0;7935.0;13482.0;2196.0;3228.0;-8.0;-3.0;-3.0;11.0
2875.0;5004.0;8681.0;14190.0;2328.0;3227.0;2562.0;4496.0;7824.0;13348.0;2175.0;3200.0;-6.0;-3.0;-4.0;14.0
2810.0;4938.0;8569.0;14121.0;2339.0;3269.0;2558.0;4488.0;7865.0;13481.0;2203.0;3241.0;-5.0;-3.0;-7.0;11.0
2851.0;4985.0;8658.0;14379.0;2378.0;3296.0;2617.0;4574.0;8026.0;13673.0;2225.0;3253.0;-5.0;-6.0;-7.0;11.0
2874.0;5034.0;8742.0;14308.0;2363.0;3269.0;2569.0;4480.0;7807.0;13280.0;2165.0;3193.0;-9.0;-6.0;-9.0;7.0
2858.0;4958.0;8614.0;14180.0;2326.0;3280.0;2598.0;4563.0;8012.0;13710.0;2237.0;3300.0;-4.0;-6.0;-9.0;8.0
2962.0;5169.0;8981.0;14600.0;2433.0;3372.0;2663.0;4645.0;8048.0;13784.0;2256.0;3293.0;-7.0;-6.0;-13.0;7.0
2947.0;5098.0;8808.0;14449.0;2387.0;3312.0;2636.0;4637.0;8077.0;13739.0;2248.0;3289.0;-14.0;-6.0;-9.0;6.0
2938.0;5130.0;8894.0;14604.0;2432.0;3382.0;2650.0;4646.0;8143.0;13905.0;2283.0;3363.0;-7.0;-7.0;-7.0;8.0
3008.0;5222.0;9080.0;14799.0;2474.0;3448.0;2760.0;4796.0;8363.0;14175.0;2319.0;3359.0;-7.0;-7.0;-7.0;11.0
2984.0;5203.0;9009.0;14592.0;2420.0;3315.0;2587.0;4537.0;7904.0;13514.0;2213.0;3281.0;-7.0;-7.0;-7.0;11.0
2916.0;5073.0;8878.0;14499.0;2421.0;3373.0;2670.0;4667.0;8181.0;13962.0;2276.0;3342.0;-10.0;-8.0;-7.0;11.0
2974.0;5172.0;8977.0;14631.0;2444.0;3428.0;2727.0;4775.0;8373.0;14246.0;2320.0;3417.0;-10.0;-8.0;-7.0;10.0
3053.0;5341.0;9284.0;14957.0;2508.0;3488.0;2735.0;4804.0;8364.0;14246.0;2334.0;3394.0;-10.0;-1.0;-7.0;12.0
3010.0;5236.0;9089.0;14725.0;2443.0;3392.0;2638.0;4654.0;8139.0;14056.0;2300.0;3420.0;-10.0;-1.0;-6.0;12.0
3077.0;5366.0;9376.0;15187.0;2620.0;3738.0;3021.0;5315.0;9245.0;15767.0;2588.0;3736.0;-10.0;-7.0;-6.0;15.0
3349.0;5814.0;10132.0;15805.0;2738.0;3771.0;3044.0;5329.0;9272.0;15591.0;2513.0;3629.0;-10.0;-2.0;-6.0;13.0
3201.0;5575.0;9627.0;15308.0;2561.0;3527.0;2788.0;4883.0;8493.0;14437.0;2338.0;3452.0;-9.0;-7.0;-6.0;7.0
3070.0;5364.0;9299.0;14988.0;2524.0;3514.0;2821.0;4958.0;8638.0;14616.0;2377.0;3475.0;-9.0;-7.0;-6.0;6.0
3123.0;5435.0;9384.0;15106.0;2559.0;3534.0;2835.0;4974.0;8617.0;14668.0;2381.0;3489.0;-10.0;-6.0;-6.0;7.0
3090.0;5379.0;9322.0;15015.0;2527.0;3516.0;2758.0;4823.0;8443.0;14374.0;2337.0;3409.0;-11.0;-6.0;-8.0;12.0
3046.0;5288.0;9223.0;14910.0;2487.0;3429.0;2730.0;4771.0;8330.0;14177.0;2308.0;3344.0;-11.0;-6.0;-10.0;14.0
2993.0;5204.0;9012.0;14626.0;2427.0;3413.0;2745.0;4830.0;8414.0;14272.0;2324.0;3407.0;-15.0;-4.0;-10.0;12.0
3058.0;5352.0;9272.0;14954.0;2517.0;3507.0;2837.0;4960.0;8654.0;14723.0;2375.0;3440.0;-16.0;-6.0;-10.0;9.0
3061.0;5386.0;9330.0;15022.0;2513.0;3482.0;2765.0;4818.0;8401.0;14338.0;2332.0;3423.0;-11.0;-4.0;-10.0;12.0
3042.0;5273.0;9205.0;14853.0;2485.0;3461.0;2742.0;4814.0;8347.0;14246.0;2336.0;3421.0;-11.0;-4.0;-9.0;9.0
3068.0;5356.0;9256.0;14946.0;2494.0;3457.0;2768.0;4862.0;8457.0;14344.0;2343.0;3441.0;-11.0;-4.0;-9.0;14.0
3035.0;5318.0;9214.0;14906.0;2495.0;3462.0;2750.0;4807.0;8350.0;14204.0;2312.0;3390.0;-7.0;2.0;-5.0;10.0
3046.0;5320.0;9232.0;14947.0;2521.0;3572.0;2832.0;4979.0;8738.0;14978.0;2449.0;3608.0;-7.0;2.0;-5.0;7.0
3239.0;5642.0;9828.0;15512.0;2637.0;3662.0;2930.0;5125.0;8888.0;15172.0;2464.0;3603.0;-7.0;0.0;-3.0;9.0
3239.0;5631.0;9775.0;15496.0;2628.0;3641.0;2951.0;5136.0;8958.0;15160.0;2457.0;3572.0;-7.0;0.0;-3.0;7.0
3239.0;5632.0;9736.0;15457.0;2622.0;3633.0;2887.0;5014.0;8774.0;14907.0;2426.0;3531.0;-9.0;-2.0;-2.0;19.0
3201.0;5533.0;9544.0;15166.0;2541.0;3497.0;2788.0;4890.0;8477.0;14350.0;2342.0;3398.0;-10.0;-5.0;-5.0;16.0
3074.0;5330.0;9311.0;15004.0;2526.0;3585.0;2858.0;5022.0;8780.0;14952.0;2454.0;3585.0;-10.0;-2.0;-1.0;17.0
3221.0;5631.0;9698.0;15439.0;2639.0;3660.0;2946.0;5132.0;8955.0;15164.0;2450.0;3578.0;-16.0;-5.0;-7.0;6.0
3234.0;5621.0;9717.0;15369.0;2625.0;3633.0;2887.0;5069.0;8824.0;15024.0;2450.0;3562.0;-10.0;-5.0;-1.0;5.0
3205.0;5566.0;9641.0;15322.0;2586.0;3616.0;2877.0;5048.0;8747.0;14946.0;2438.0;3567.0;-6.0;-5.0;-1.0;20.0
3179.0;5556.0;9574.0;15292.0;2587.0;3579.0;2908.0;5077.0;8834.0;14951.0;2431.0;3552.0;-6.0;-4.0;-1.0;11.0
3199.0;5531.0;9587.0;15278.0;2590.0;3600.0;2888.0;5088.0;8862.0;15022.0;2429.0;3562.0;-12.0;-5.0;-9.0;18.0
3175.0;5513.0;9555.0;15249.0;2563.0;3543.0;2830.0;4954.0;8603.0;14726.0;2399.0;3526.0;-6.0;-4.0;-2.0;9.0
3181.0;5487.0;9493.0;15152.0;2540.0;3509.0;2793.0;4876.0;8494.0;14403.0;2354.0;3421.0;-12.0;-5.0;-10.0;8.0
3106.0;5426.0;9362.0;15098.0;2550.0;3551.0;2876.0;5032.0;8765.0;14889.0;2442.0;3561.0;-12.0;-4.0;-10.0;6.0
3202.0;5592.0;9687.0;15396.0;2603.0;3616.0;2869.0;5033.0;8748.0;14896.0;2412.0;3514.0;-6.0;-5.0;-5.0;12.0
3174.0;5523.0;9518.0;15194.0;2550.0;3560.0;2899.0;5005.0;8690.0;14797.0;2420.0;3539.0;-6.0;-4.0;-2.0;15.0
3167.0;5519.0;9595.0;15253.0;2587.0;3563.0;2802.0;4916.0;8572.0;14607.0;2383.0;3479.0;-10.0;-4.0;-5.0;13.0
3108.0;5429.0;9380.0;15061.0;2501.0;3478.0;2793.0;4871.0;8485.0;14357.0;2332.0;3407.0;-10.0;-4.0;-5.0;14.0
3040.0;5271.0;9190.0;14889.0;2519.0;3503.0;2802.0;4898.0;8585.0;14546.0;2377.0;3493.0;-11.0;-4.0;-11.0;13.0
3106.0;5417.0;9345.0;15073.0;2525.0;3483.0;2823.0;4934.0;8562.0;14455.0;2346.0;3415.0;-11.0;-4.0;-11.0;15.0
3051.0;5324.0;9245.0;14863.0;2477.0;3438.0;2760.0;4862.0;8427.0;14283.0;2334.0;3407.0;-11.0;-4.0;-11.0;15.0
3032.0;5282.0;9161.0;14832.0;2501.0;3481.0;2797.0;4873.0;8511.0;14432.0;2368.0;3475.0;-7.0;-4.0;-6.0;11.0
3139.0;5446.0;9431.0;15109.0;2561.0;3565.0;2821.0;4929.0;8650.0;14701.0;2398.0;3513.0;-7.0;-4.0;-6.0;17.0
3130.0;5455.0;9456.0;15157.0;2562.0;3565.0;2898.0;5047.0;8825.0;14986.0;2425.0;3556.0;-4.0;-1.0;-2.0;7.0
3174.0;5514.0;9501.0;15141.0;2547.0;3503.0;2786.0;4847.0;8508.0;14420.0;2357.0;3445.0;-7.0;-1.0;-2.0;6.0
3092.0;5414.0;9359.0;15067.0;2518.0;3471.0;2745.0;4815.0;8429.0;14388.0;2334.0;3408.0;-7.0;-2.0;-6.0;9.0
3036.0;5290.0;9212.0;14796.0;2466.0;3420.0;2721.0;4759.0;8272.0;14061.0;2300.0;3381.0;-7.0;-2.0;-6.0;10.0
3054.0;5321.0;9215.0;14936.0;2521.0;3533.0;2825.0;4942.0;8576.0;14633.0;2387.0;3495.0;-1.0;-2.0;-1.0;9.0
3137.0;5438.0;9440.0;15114.0;2527.0;3496.0;2801.0;4897.0;8476.0;14335.0;2344.0;3417.0;-1.0;-2.0;-1.0;12.0
3080.0;5355.0;9259.0;14876.0;2482.0;3430.0;2719.0;4751.0;8340.0;14184.0;2298.0;3368.0;-1.0;-2.0;-1.0;12.0
3024.0;5262.0;9061.0;14756.0;2450.0;3431.0;2702.0;4729.0;8260.0;14142.0;2316.0;3396.0;-1.0;-2.0;-1.0;17.0
3029.0;5260.0;9105.0;14711.0;2434.0;3403.0;2704.0;4751.0;8259.0;14090.0;2297.0;3364.0;-10.0;-2.0;-8.0;11.0
3038.0;5315.0;9219.0;14938.0;2506.0;3519.0;2802.0;4920.0;8610.0;14649.0;2386.0;3481.0;-10.0;-2.0;-8.0;6.0
3137.0;5447.0;9441.0;15144.0;2536.0;3510.0;2788.0;4902.0;8504.0;14422.0;2340.0;3417.0;-11.0;-4.0;-8.0;5.0
3066.0;5336.0;9223.0;14876.0;2477.0;3433.0;2708.0;4727.0;8275.0;14143.0;2290.0;3351.0;-11.0;-1.0;-9.0;11.0
3018.0;5218.0;9045.0;14697.0;2443.0;3424.0;2702.0;4747.0;8302.0;14183.0;2320.0;3395.0;-11.0;-2.0;-7.0;6.0
3073.0;5371.0;9310.0;15055.0;2551.0;3584.0;2955.0;5136.0;8866.0;15036.0;2457.0;3569.0;-11.0;-4.0;-6.0;7.0
3190.0;5568.0;9618.0;15261.0;2576.0;3572.0;2843.0;4975.0;8675.0;14795.0;2413.0;3513.0;-11.0;-4.0;-6.0;7.0
3169.0;5566.0;9653.0;15386.0;2625.0;3674.0;3012.0;5252.0;9118.0;15535.0;2529.0;3678.0;-5.0;-3.0;-3.0;7.0
3305.0;5739.0;9963.0;15714.0;2706.0;3743.0;3013.0;5261.0;9204.0;15620.0;2527.0;3643.0;-4.0;-3.0;-2.0;9.0
3246.0;5674.0;9816.0;15457.0;2606.0;3603.0;2869.0;5022.0;8713.0;14766.0;2416.0;3542.0;-4.0;-3.0;-2.0;6.0
3214.0;5587.0;9716.0;15537.0;2672.0;3740.0;3017.0;5238.0;9114.0;15462.0;2502.0;3645.0;-5.0;-3.0;-3.0;14.0
3287.0;5717.0;9882.0;15616.0;2687.0;3738.0;3019.0;5310.0;9212.0;15649.0;2554.0;3677.0;-5.0;-3.0;-5.0;13.0
3335.0;5803.0;10013.0;15630.0;2658.0;3627.0;2917.0;5074.0;8845.0;15034.0;2439.0;3540.0;-7.0;-2.0;-5.0;11.0
3190.0;5541.0;9577.0;15270.0;2585.0;3584.0;2883.0;5024.0;8699.0;14866.0;2406.0;3528.0;-10.0;-3.0;-5.0;8.0
3168.0;5504.0;9580.0;15204.0;2563.0;3531.0;2823.0;4921.0;8561.0;14631.0;2399.0;3482.0;-7.0;-3.0;-5.0;8.0
3160.0;5524.0;9489.0;15114.0;2531.0;3472.0;2822.0;4921.0;8560.0;14529.0;2353.0;3452.0;-7.0;-2.0;-3.0;8.0
3066.0;5324.0;9271.0;14973.0;2514.0;3495.0;2810.0;4900.0;8539.0;14467.0;2364.0;3447.0;-7.0;-2.0;-3.0;15.0
3138.0;5463.0;9413.0;15159.0;2547.0;3544.0;2888.0;5061.0;8723.0;14813.0;2402.0;3504.0;-5.0;-2.0;-3.0;13.0
3172.0;5504.0;9512.0;15192.0;2553.0;3543.0;2863.0;5000.0;8659.0;14712.0;2395.0;3487.0;-5.0;-2.0;-3.0;12.0
3134.0;5422.0;9453.0;15100.0;2539.0;3557.0;2860.0;5000.0;8718.0;14765.0;2393.0;3526.0;-6.0;-2.0;-5.0;10.0
3178.0;5518.0;9502.0;15192.0;2548.0;3516.0;2847.0;4949.0;8650.0;14675.0;2369.0;3481.0;-7.0;-2.0;-6.0;15.0
3148.0;5497.0;9471.0;15141.0;2539.0;3529.0;2811.0;4930.0;8590.0;14564.0;2386.0;3475.0;-6.0;-5.0;-6.0;9.0
3105.0;5419.0;9360.0;15074.0;2529.0;3562.0;2931.0;5097.0;8850.0;15017.0;2435.0;3582.0;-13.0;-4.0;-6.0;10.0
3239.0;5604.0;9722.0;15381.0;2607.0;3603.0;2930.0;5108.0;8818.0;14940.0;2430.0;3557.0;-6.0;-4.0;-7.0;10.0
3194.0;5560.0;9624.0;15260.0;2579.0;3567.0;2812.0;4930.0;8590.0;14701.0;2411.0;3543.0;-6.0;-8.0;-6.0;11.0
3176.0;5523.0;9552.0;15199.0;2543.0;3508.0;2813.0;4921.0;8524.0;14516.0;2363.0;3468.0;-6.0;-8.0;-10.0;11.0
3146.0;5450.0;9458.0;15130.0;2554.0;3581.0;2873.0;5027.0;8783.0;14979.0;2458.0;3634.0;-4.0;-8.0;-10.0;11.0
3315.0;5803.0;10025.0;15715.0;2704.0;3752.0;3049.0;5284.0;9182.0;15543.0;2515.0;3644.0;-4.0;-8.0;-2.0;11.0
3262.0;5667.0;9774.0;15431.0;2637.0;3637.0;2892.0;5079.0;8837.0;15157.0;2467.0;3613.0;-4.0;-8.0;-2.0;8.0
3249.0;5660.0;9761.0;15412.0;2610.0;3614.0;2918.0;5097.0;8879.0;15049.0;2457.0;3572.0;-10.0;-6.0;-8.0;8.0
3228.0;5637.0;9765.0;15447.0;2637.0;3632.0;2975.0;5190.0;8972.0;15187.0;2469.0;3586.0;-10.0;-6.0;-2.0;8.0
3228.0;5641.0;9743.0;15482.0;2633.0;3653.0;2970.0;5179.0;8960.0;15165.0;2457.0;3589.0;-10.0;-5.0;-3.0;9.0
3199.0;5545.0;9650.0;15281.0;2559.0;3550.0;2816.0;4919.0;8572.0;14550.0;2358.0;3457.0;-10.0;-5.0;-8.0;13.0
3150.0;5481.0;9476.0;15102.0;2530.0;3521.0;2877.0;4990.0;8720.0;14774.0;2415.0;3556.0;-9.0;-5.0;-3.0;9.0
3214.0;5617.0;9746.0;15426.0;2635.0;3641.0;2882.0;5037.0;8778.0;14968.0;2452.0;3575.0;-8.0;-4.0;-3.0;9.0
3242.0;5610.0;9678.0;15361.0;2578.0;3568.0;2852.0;4981.0;8630.0;14762.0;2393.0;3518.0;-8.0;-4.0;-4.0;15.0
3166.0;5506.0;9453.0;15122.0;2538.0;3518.0;2826.0;4947.0;8538.0;14508.0;2359.0;3440.0;-8.0;-6.0;-4.0;8.0
3099.0;5389.0;9351.0;14996.0;2518.0;3502.0;2842.0;4952.0;8593.0;14568.0;2369.0;3449.0;-8.0;-6.0;-4.0;7.0
3180.0;5517.0;9521.0;15152.0;2543.0;3541.0;2870.0;5021.0;8742.0;14772.0;2409.0;3525.0;-8.0;-5.0;-4.0;11.0
3237.0;5619.0;9627.0;15347.0;2580.0;3562.0;2877.0;5030.0;8762.0;14884.0;2426.0;3543.0;-10.0;-5.0;-4.0;12.0
3269.0;5665.0;9772.0;15488.0;2626.0;3647.0;2951.0;5147.0;8925.0;15193.0;2457.0;3588.0;-10.0;-3.0;-8.0;12.0
3247.0;5639.0;9731.0;15432.0;2595.0;3597.0;2878.0;5044.0;8775.0;14933.0;2428.0;3530.0;-10.0;-2.0;-10.0;9.0
3192.0;5550.0;9605.0;15254.0;2573.0;3555.0;2861.0;5034.0;8712.0;14686.0;2390.0;3507.0;-8.0;-2.0;-10.0;10.0
3177.0;5515.0;9574.0;15233.0;2559.0;3537.0;2838.0;4997.0;8688.0;14686.0;2389.0;3485.0;-10.0;-3.0;-10.0;11.0
3172.0;5488.0;9465.0;15195.0;2552.0;3530.0;2823.0;4942.0;8617.0;14689.0;2388.0;3473.0;-8.0;-4.0;-6.0;10.0
3139.0;5503.0;9516.0;15213.0;2582.0;3585.0;2941.0;5150.0;8945.0;15178.0;2464.0;3593.0;-7.0;-4.0;-4.0;10.0
3251.0;5636.0;9736.0;15388.0;2608.0;3582.0;2899.0;5052.0;8737.0;14844.0;2420.0;3528.0;-7.0;-4.0;-4.0;10.0
3194.0;5556.0;9661.0;15371.0;2591.0;3590.0;2828.0;4960.0;8668.0;14820.0;2414.0;3544.0;-10.0;-4.0;-4.0;5.0
3209.0;5585.0;9695.0;15475.0;2634.0;3696.0;2981.0;5216.0;9036.0;15460.0;2517.0;3678.0;-7.0;-4.0;-12.0;5.0
3301.0;5754.0;9948.0;15623.0;2640.0;3607.0;2880.0;5043.0;8704.0;14858.0;2414.0;3521.0;-7.0;-4.0;-12.0;5.0
3209.0;5560.0;9548.0;15210.0;2558.0;3526.0;2831.0;4947.0;8608.0;14640.0;2391.0;3473.0;-5.0;-5.0;-12.0;5.0
3186.0;5538.0;9522.0;15182.0;2560.0;3529.0;2850.0;4979.0;8721.0;14843.0;2407.0;3521.0;-5.0;-5.0;-9.0;6.0
3207.0;5588.0;9653.0;15331.0;2601.0;3657.0;2978.0;5187.0;8976.0;15255.0;2483.0;3609.0;-4.0;-5.0;-2.0;10.0
3295.0;5709.0;9876.0;15519.0;2624.0;3617.0;2896.0;5031.0;8759.0;14954.0;2429.0;3554.0;-5.0;-5.0;-2.0;7.0
3225.0;5599.0;9666.0;15351.0;2583.0;3577.0;2862.0;4988.0;8682.0;14815.0;2400.0;3495.0;-8.0;-5.0;-2.0;15.0
3175.0;5515.0;9504.0;15171.0;2556.0;3549.0;2889.0;5050.0;8749.0;14909.0;2432.0;3545.0;-8.0;-5.0;-1.0;10.0
3235.0;5615.0;9681.0;15317.0;2593.0;3588.0;2877.0;5022.0;8725.0;14905.0;2423.0;3526.0;-7.0;-5.0;-2.0;9.0
3189.0;5541.0;9634.0;15365.0;2612.0;3659.0;2925.0;5118.0;8901.0;15277.0;2478.0;3620.0;-7.0;-5.0;-2.0;6.0
3251.0;5674.0;9786.0;15495.0;2653.0;3670.0;2960.0;5166.0;9003.0;15342.0;2491.0;3642.0;-7.0;-6.0;-2.0;7.0
3285.0;5708.0;9776.0;15484.0;2631.0;3650.0;2922.0;5098.0;8875.0;15094.0;2454.0;3588.0;-7.0;-6.0;-2.0;6.0
3243.0;5658.0;9751.0;15468.0;2637.0;3690.0;3003.0;5247.0;9139.0;15451.0;2506.0;3645.0;-7.0;-6.0;-2.0;14.0
3313.0;5772.0;10009.0;15702.0;2715.0;3817.0;3089.0;5398.0;9393.0;16031.0;2622.0;3816.0;-10.0;-7.0;-9.0;13.0
3492.0;6037.0;10429.0;16032.0;2760.0;3784.0;2998.0;5245.0;9177.0;15631.0;2539.0;3694.0;-10.0;-8.0;-9.0;17.0
3354.0;5819.0;10063.0;15672.0;2679.0;3713.0;2963.0;5168.0;9022.0;15375.0;2499.0;3660.0;-10.0;-7.0;-3.0;11.0
3350.0;5809.0;9994.0;15668.0;2679.0;3686.0;2999.0;5226.0;9039.0;15206.0;2470.0;3588.0;-4.0;-7.0;-1.0;12.0
3273.0;5674.0;9780.0;15406.0;2622.0;3647.0;2916.0;5100.0;8889.0;15128.0;2458.0;3568.0;-10.0;-7.0;-3.0;8.0
3252.0;5642.0;9716.0;15388.0;2605.0;3574.0;2879.0;5017.0;8780.0;14944.0;2445.0;3592.0;-4.0;-5.0;-1.0;8.0
3252.0;5673.0;9832.0;15543.0;2671.0;3759.0;3064.0;5352.0;9281.0;15836.0;2591.0;3770.0;-7.0;-5.0;-3.0;11.0
3388.0;5936.0;10244.0;15969.0;2762.0;3803.0;3128.0;5477.0;9439.0;16032.0;2613.0;3801.0;-7.0;-5.0;-3.0;8.0
3435.0;5993.0;10387.0;16048.0;2778.0;3845.0;3136.0;5490.0;9553.0;16254.0;2644.0;3842.0;-8.0;-7.0;-6.0;4.0
3543.0;6112.0;10579.0;16237.0;2857.0;3954.0;3250.0;5676.0;9819.0;16721.0;2724.0;3956.0;-8.0;-4.0;-7.0;4.0
3620.0;6250.0;10776.0;16318.0;2850.0;3902.0;3192.0;5540.0;9590.0;16283.0;2620.0;3805.0;-10.0;-4.0;-7.0;8.0
3506.0;6088.0;10483.0;16063.0;2763.0;3797.0;3040.0;5311.0;9246.0;15704.0;2542.0;3700.0;-10.0;-2.0;-6.0;8.0
3373.0;5831.0;10039.0;15724.0;2656.0;3674.0;2995.0;5232.0;9050.0;15328.0;2475.0;3606.0;-10.0;-2.0;-6.0;8.0
3268.0;5673.0;9800.0;15461.0;2623.0;3622.0;2929.0;5120.0;8878.0;15111.0;2449.0;3546.0;-10.0;-2.0;-5.0;12.0
3244.0;5599.0;9615.0;15254.0;2569.0;3571.0;2873.0;5017.0;8664.0;14661.0;2400.0;3530.0;-7.0;-2.0;-4.0;12.0
3237.0;5617.0;9722.0;15386.0;2601.0;3601.0;2952.0;5133.0;8920.0;15114.0;2448.0;3557.0;-4.0;-6.0;-1.0;9.0
3245.0;5615.0;9700.0;15390.0;2605.0;3587.0;2896.0;5057.0;8813.0;14976.0;2428.0;3525.0;-7.0;-6.0;-2.0;10.0
3187.0;5554.0;9585.0;15224.0;2571.0;3543.0;2850.0;4956.0;8593.0;14675.0;2385.0;3512.0;-7.0;-3.0;-2.0;9.0
3191.0;5540.0;9630.0;15339.0;2599.0;3599.0;2876.0;5022.0;8694.0;14784.0;2407.0;3522.0;-2.0;-3.0;-2.0;16.0
3220.0;5617.0;9730.0;15411.0;2622.0;3653.0;2940.0;5087.0;8905.0;15185.0;2469.0;3587.0;-8.0;-3.0;-4.0;9.0
3259.0;5679.0;9749.0;15429.0;2587.0;3575.0;2898.0;5061.0;8760.0;14909.0;2418.0;3542.0;-8.0;-3.0;-4.0;10.0
3250.0;5644.0;9759.0;15371.0;2611.0;3618.0;2917.0;5109.0;8869.0;15151.0;2465.0;3606.0;-8.0;-3.0;-4.0;10.0
3328.0;5768.0;9979.0;15668.0;2710.0;3777.0;3096.0;5407.0;9402.0;15878.0;2582.0;3765.0;-15.0;-3.0;-7.0;13.0
3448.0;6003.0;10367.0;16008.0;2780.0;3827.0;3143.0;5487.0;9467.0;16049.0;2587.0;3749.0;-15.0;-3.0;-8.0;8.0
3377.0;5855.0;10134.0;15806.0;2716.0;3740.0;3042.0;5287.0;9216.0;15668.0;2520.0;3668.0;-7.0;0.0;-8.0;8.0
3319.0;5756.0;9882.0;15605.0;2660.0;3701.0;3023.0;5290.0;9175.0;15599.0;2517.0;3656.0;-8.0;0.0;-8.0;9.0
3360.0;5822.0;10071.0;15690.0;2688.0;3707.0;3085.0;5385.0;9307.0;15616.0;2524.0;3663.0;-7.0;-8.0;-2.0;5.0
3329.0;5805.0;10014.0;15748.0;2683.0;3721.0;3056.0;5327.0;9182.0;15538.0;2513.0;3668.0;-4.0;-7.0;-2.0;5.0
3338.0;5790.0;10073.0;15724.0;2724.0;3822.0;3129.0;5470.0;9500.0;16219.0;2643.0;3844.0;-7.0;-7.0;-2.0;5.0
3565.0;6161.0;10692.0;16303.0;2849.0;3942.0;3223.0;5611.0;9703.0;16601.0;2686.0;3901.0;-4.0;-7.0;2.0;10.0
3583.0;6191.0;10681.0;16263.0;2837.0;3894.0;3176.0;5549.0;9623.0;16219.0;2613.0;3797.0;-4.0;-7.0;0.0;9.0
3468.0;6015.0;10349.0;15987.0;2732.0;3771.0;3018.0;5277.0;9208.0;15663.0;2533.0;3672.0;-5.0;-3.0;-7.0;12.0
3373.0;5849.0;10045.0;15719.0;2675.0;3703.0;3025.0;5261.0;9113.0;15553.0;2506.0;3665.0;-9.0;-1.0;-8.0;12.0
3371.0;5826.0;10126.0;15761.0;2701.0;3750.0;3058.0;5342.0;9286.0;15715.0;2573.0;3738.0;-7.0;-1.0;-2.0;17.0
3443.0;5999.0;10341.0;15954.0;2757.0;3798.0;3065.0;5370.0;9338.0;15868.0;2580.0;3743.0;-9.0;-1.0;-8.0;11.0
3417.0;5930.0;10212.0;15849.0;2712.0;3728.0;2993.0;5210.0;9091.0;15509.0;2506.0;3648.0;-9.0;-2.0;-8.0;9.0
3289.0;5701.0;9846.0;15519.0;2643.0;3691.0;2961.0;5151.0;8972.0;15249.0;2484.0;3639.0;-9.0;-2.0;-5.0;9.0
3321.0;5746.0;9933.0;15582.0;2656.0;3683.0;2990.0;5211.0;9085.0;15435.0;2507.0;3657.0;-9.0;-2.0;-2.0;7.0
3355.0;5828.0;10048.0;15737.0;2686.0;3691.0;2976.0;5177.0;9007.0;15329.0;2493.0;3641.0;-9.0;-2.0;-2.0;6.0
3351.0;5805.0;10013.0;15642.0;2671.0;3662.0;2973.0;5189.0;8995.0;15202.0;2463.0;3581.0;-6.0;-3.0;-1.0;11.0
3285.0;5687.0;9779.0;15398.0;2612.0;3617.0;2922.0;5114.0;8858.0;14981.0;2431.0;3546.0;-6.0;-2.0;0.0;8.0
3215.0;5590.0;9641.0;15329.0;2582.0;3547.0;2926.0;5103.0;8791.0;14893.0;2404.0;3497.0;-4.0;-2.0;0.0;12.0
3214.0;5570.0;9643.0;15291.0;2581.0;3570.0;2892.0;5085.0;8792.0;14921.0;2406.0;3509.0;-3.0;-4.0;0.0;9.0
3201.0;5563.0;9617.0;15240.0;2559.0;3577.0;2873.0;5012.0;8718.0;14874.0;2420.0;3545.0;-4.0;-4.0;0.0;7.0
3198.0;5546.0;9594.0;15285.0;2572.0;3551.0;2884.0;5047.0;8713.0;14763.0;2401.0;3507.0;-4.0;-1.0;0.0;2.0
3228.0;5591.0;9615.0;15231.0;2552.0;3512.0;2846.0;4956.0;8601.0;14599.0;2368.0;3469.0;-4.0;-6.0;0.0;2.0
3139.0;5476.0;9489.0;15147.0;2548.0;3525.0;2869.0;5016.0;8701.0;14781.0;2411.0;3522.0;-5.0;-6.0;-2.0;7.0
3253.0;5666.0;9793.0;15494.0;2652.0;3718.0;3027.0;5270.0;9216.0;15700.0;2565.0;3757.0;-6.0;-8.0;-3.0;12.0
3455.0;5976.0;10357.0;16059.0;2766.0;3831.0;3148.0;5501.0;9514.0;16036.0;2606.0;3800.0;-6.0;-8.0;-3.0;9.0
3477.0;6018.0;10372.0;16060.0;2761.0;3776.0;3060.0;5341.0;9253.0;15725.0;2546.0;3702.0;-7.0;-8.0;-4.0;13.0
3374.0;5862.0;10101.0;15711.0;2677.0;3668.0;2971.0;5161.0;8917.0;15188.0;2479.0;3621.0;-5.0;-4.0;-3.0;14.0
3297.0;5743.0;9916.0;15524.0;2645.0;3640.0;2950.0;5134.0;8846.0;15023.0;2454.0;3576.0;-4.0;-4.0;-5.0;16.0
3251.0;5653.0;9771.0;15416.0;2620.0;3636.0;2965.0;5138.0;8944.0;15126.0;2462.0;3596.0;-4.0;-3.0;4.0;14.0
3317.0;5748.0;9878.0;15557.0;2643.0;3656.0;2959.0;5152.0;8955.0;15090.0;2461.0;3587.0;-3.0;-3.0;3.0;11.0
3312.0;5715.0;9843.0;15496.0;2625.0;3629.0;2911.0;5110.0;8838.0;14995.0;2449.0;3576.0;-1.0;-2.0;3.0;9.0
3285.0;5705.0;9843.0;15563.0;2660.0;3659.0;3001.0;5236.0;9074.0;15382.0;2480.0;3627.0;-3.0;-3.0;6.0;11.0
3316.0;5785.0;9967.0;15537.0;2626.0;3662.0;2999.0;5221.0;9063.0;15361.0;2493.0;3668.0;-4.0;-4.0;4.0;15.0
3331.0;5798.0;10073.0;15765.0;2694.0;3740.0;3057.0;5323.0;9228.0;15689.0;2552.0;3703.0;-9.0;-6.0;3.0;8.0
3390.0;5838.0;10106.0;15798.0;2689.0;3709.0;2988.0;5221.0;9073.0;15420.0;2518.0;3665.0;-9.0;-6.0;-4.0;9.0
3314.0;5759.0;9960.0;15696.0;2680.0;3733.0;3018.0;5288.0;9139.0;15488.0;2515.0;3649.0;-14.0;-6.0;-9.0;13.0
3319.0;5764.0;9979.0;15658.0;2685.0;3754.0;3073.0;5347.0;9268.0;15721.0;2551.0;3722.0;-14.0;-6.0;-9.0;9.0
3427.0;5924.0;10278.0;15947.0;2761.0;3837.0;3221.0;5578.0;9670.0;16310.0;2636.0;3829.0;3.0;-3.0;-4.0;9.0
3491.0;6086.0;10470.0;16106.0;2781.0;3804.0;3116.0;5432.0;9402.0;15932.0;2584.0;3733.0;5.0;-3.0;-4.0;13.0
3424.0;5945.0;10251.0;15836.0;2724.0;3728.0;3037.0;5323.0;9215.0;15571.0;2525.0;3659.0;-7.0;-4.0;-9.0;12.0
3366.0;5815.0;10056.0;15716.0;2696.0;3714.0;3040.0;5283.0;9175.0;15500.0;2493.0;3658.0;-7.0;-4.0;-6.0;9.0
3293.0;5731.0;9926.0;15610.0;2646.0;3637.0;2943.0;5141.0;8868.0;15126.0;2465.0;3590.0;-11.0;-4.0;-6.0;8.0
3279.0;5679.0;9869.0;15568.0;2656.0;3690.0;2996.0;5221.0;9108.0;15535.0;2511.0;3673.0;-11.0;-5.0;-10.0;9.0
3365.0;5827.0;10074.0;15796.0;2717.0;3773.0;3081.0;5357.0;9308.0;15765.0;2562.0;3742.0;-11.0;-5.0;-6.0;7.0
3463.0;5979.0;10300.0;15971.0;2750.0;3788.0;3112.0;5445.0;9388.0;15920.0;2572.0;3731.0;-9.0;-4.0;-6.0;9.0
3383.0;5908.0;10182.0;15869.0;2724.0;3770.0;3024.0;5311.0;9213.0;15670.0;2558.0;3726.0;-9.0;-1.0;-10.0;12.0
3366.0;5850.0;10108.0;15785.0;2708.0;3744.0;3074.0;5367.0;9236.0;15676.0;2534.0;3684.0;-7.0;-1.0;-10.0;12.0
3362.0;5862.0;10076.0;15800.0;2703.0;3773.0;3109.0;5428.0;9420.0;15922.0;2574.0;3741.0;-1.0;1.0;1.0;12.0
3438.0;5935.0;10220.0;15883.0;2729.0;3756.0;3028.0;5315.0;9202.0;15613.0;2524.0;3671.0;-7.0;-1.0;-7.0;17.0
3394.0;5854.0;10076.0;15740.0;2704.0;3773.0;3041.0;5342.0;9287.0;15824.0;2575.0;3736.0;-12.0;2.0;-1.0;8.0
3414.0;5946.0;10249.0;15879.0;2746.0;3807.0;3149.0;5498.0;9486.0;16057.0;2580.0;3762.0;-8.0;-2.0;-1.0;10.0
3450.0;6002.0;10350.0;15942.0;2756.0;3814.0;3139.0;5456.0;9523.0;16086.0;2617.0;3829.0;-8.0;-2.0;-1.0;11.0
3534.0;6132.0;10601.0;16170.0;2805.0;3849.0;3157.0;5459.0;9411.0;15922.0;2568.0;3739.0;-12.0;-2.0;-7.0;9.0
3438.0;5950.0;10260.0;15883.0;2726.0;3776.0;3119.0;5434.0;9398.0;15876.0;2567.0;3742.0;-8.0;0.0;-1.0;7.0
3453.0;5967.0;10275.0;15970.0;2770.0;3833.0;3204.0;5569.0;9620.0;16295.0;2617.0;3787.0;-1.0;-2.0;-1.0;8.0
3533.0;6112.0;10531.0;16103.0;2791.0;3818.0;3156.0;5481.0;9514.0;16020.0;2595.0;3771.0;-1.0;-3.0;0.0;14.0
3462.0;6018.0;10449.0;16159.0;2854.0;3976.0;3244.0;5628.0;9790.0;16615.0;2699.0;3911.0;-3.0;-3.0;0.0;8.0
3593.0;6202.0;10715.0;16308.0;2837.0;3899.0;3186.0;5574.0;9666.0;16373.0;2635.0;3822.0;-1.0;-5.0;0.0;13.0
3464.0;6019.0;10361.0;16024.0;2788.0;3842.0;3141.0;5456.0;9459.0;16064.0;2590.0;3740.0;-3.0;-5.0;-1.0;10.0
3458.0;5979.0;10254.0;15924.0;2732.0;3765.0;3124.0;5417.0;9334.0;15783.0;2553.0;3723.0;-8.0;-5.0;-4.0;10.0
3414.0;5909.0;10150.0;15816.0;2692.0;3723.0;3044.0;5307.0;9178.0;15571.0;2512.0;3662.0;-4.0;-6.0;-4.0;10.0
3393.0;5873.0;10093.0;15706.0;2677.0;3670.0;3020.0;5266.0;9171.0;15513.0;2509.0;3691.0;-10.0;-6.0;-8.0;10.0
3419.0;5900.0;10186.0;15849.0;2731.0;3806.0;3135.0;5483.0;9485.0;16048.0;2610.0;3805.0;-10.0;-6.0;-8.0;11.0
3533.0;6115.0;10590.0;16247.0;2867.0;3988.0;3327.0;5793.0;10101.0;17153.0;2795.0;4035.0;-12.0;-6.0;-2.0;16.0
3766.0;6507.0;11210.0;16694.0;2965.0;4062.0;3299.0;5744.0;9980.0;16986.0;2762.0;4014.0;-6.0;-6.0;-1.0;11.0
3762.0;6463.0;11138.0;16619.0;2951.0;4063.0;3351.0;5832.0;10128.0;17115.0;2788.0;4041.0;-6.0;-5.0;-1.0;15.0
3742.0;6476.0;11204.0;16745.0;2982.0;4092.0;3393.0;5889.0;10156.0;17119.0;2774.0;4032.0;-3.0;-5.0;1.0;5.0
3759.0;6503.0;11185.0;16737.0;2980.0;4105.0;3411.0;5941.0;10171.0;17204.0;2779.0;4032.0;-4.0;-5.0;0.0;9.0
3726.0;6495.0;11101.0;16673.0;2933.0;4017.0;3277.0;5699.0;9945.0;16772.0;2711.0;3917.0;-4.0;-4.0;0.0;9.0
3622.0;6263.0;10724.0;16368.0;2864.0;3951.0;3313.0;5744.0;9926.0;16700.0;2698.0;3930.0;-4.0;-4.0;0.0;11.0
3667.0;6341.0;10897.0;16452.0;2885.0;3989.0;3317.0;5767.0;9960.0;16734.0;2710.0;3922.0;-9.0;-5.0;0.0;9.0
3633.0;6300.0;10820.0;16311.0;2864.0;3933.0;3261.0;5647.0;9754.0;16434.0;2660.0;3849.0;-9.0;-5.0;0.0;4.0
3559.0;6170.0;10635.0;16185.0;2799.0;3841.0;3150.0;5485.0;9476.0;16127.0;2616.0;3808.0;-9.0;-5.0;2.0;6.0
3539.0;6122.0;10572.0;16142.0;2813.0;3891.0;3131.0;5469.0;9458.0;16097.0;2619.0;3800.0;0.0;-5.0;1.0;6.0
3492.0;6048.0;10436.0;16108.0;2820.0;3906.0;3202.0;5543.0;9667.0;16477.0;2683.0;3915.0;0.0;-5.0;1.0;14.0
3608.0;6279.0;10823.0;16439.0;2907.0;3998.0;3280.0;5729.0;9949.0;16907.0;2744.0;3984.0;0.0;-3.0;-3.0;10.0
3702.0;6395.0;11024.0;16507.0;2883.0;3967.0;3274.0;5698.0;9802.0;16530.0;2684.0;3882.0;-4.0;-3.0;-4.0;9.0
3548.0;6181.0;10652.0;16305.0;2860.0;3994.0;3336.0;5790.0;10051.0;16957.0;2758.0;4011.0;-8.0;-7.0;-4.0;6.0
3727.0;6406.0;10991.0;16557.0;2896.0;3947.0;3269.0;5676.0;9835.0;16505.0;2676.0;3885.0;-12.0;-7.0;-6.0;13.0
3554.0;6169.0;10578.0;16174.0;2809.0;3845.0;3111.0;5427.0;9431.0;16050.0;2589.0;3738.0;-12.0;-3.0;-6.0;9.0
3535.0;6085.0;10475.0;16051.0;2772.0;3841.0;3185.0;5535.0;9588.0;16180.0;2610.0;3813.0;-12.0;-2.0;-6.0;6.0
3513.0;6093.0;10519.0;16160.0;2803.0;3892.0;3181.0;5537.0;9591.0;16226.0;2637.0;3866.0;-6.0;0.0;-6.0;16.0
3585.0;6205.0;10647.0;16216.0;2815.0;3858.0;3134.0;5496.0;9580.0;16296.0;2651.0;3874.0;-6.0;0.0;-6.0;6.0
3615.0;6261.0;10797.0;16389.0;2884.0;3982.0;3252.0;5681.0;9884.0;16822.0;2723.0;3950.0;-6.0;-2.0;-7.0;9.0
3651.0;6321.0;10899.0;16445.0;2914.0;4000.0;3298.0;5676.0;9891.0;16795.0;2713.0;3944.0;-6.0;0.0;-7.0;9.0
3659.0;6370.0;10912.0;16456.0;2877.0;3972.0;3315.0;5733.0;9903.0;16756.0;2716.0;3941.0;-6.0;-4.0;-8.0;11.0
3639.0;6301.0;10816.0;16327.0;2853.0;3907.0;3219.0;5601.0;9693.0;16353.0;2656.0;3851.0;-11.0;-4.0;-9.0;6.0
3584.0;6212.0;10660.0;16308.0;2834.0;3966.0;3344.0;5797.0;9910.0;16749.0;2680.0;3892.0;-11.0;-2.0;-8.0;11.0
3575.0;6204.0;10595.0;16195.0;2801.0;3834.0;3145.0;5484.0;9488.0;16018.0;2588.0;3766.0;-8.0;-2.0;-2.0;5.0
3506.0;6096.0;10457.0;16098.0;2784.0;3840.0;3159.0;5506.0;9545.0;16202.0;2607.0;3793.0;-9.0;-5.0;-5.0;11.0
3511.0;6075.0;10456.0;16046.0;2773.0;3806.0;3127.0;5421.0;9442.0;15889.0;2575.0;3745.0;-8.0;-2.0;-2.0;17.0
3480.0;6062.0;10411.0;16072.0;2795.0;3890.0;3301.0;5725.0;9873.0;16624.0;2689.0;3895.0;-8.0;-5.0;-1.0;14.0
3624.0;6264.0;10773.0;16389.0;2887.0;4003.0;3325.0;5795.0;10035.0;16956.0;2747.0;3964.0;-8.0;-5.0;-2.0;9.0
3680.0;6345.0;10913.0;16436.0;2889.0;3979.0;3339.0;5784.0;9940.0;16773.0;2681.0;3894.0;-9.0;-6.0;-5.0;9.0
3598.0;6184.0;10618.0;16223.0;2821.0;3842.0;3157.0;5483.0;9512.0;16048.0;2597.0;3776.0;-13.0;-5.0;-5.0;8.0
3466.0;6014.0;10332.0;15938.0;2761.0;3812.0;3158.0;5460.0;9457.0;16001.0;2588.0;3748.0;-13.0;-5.0;-5.0;7.0
3486.0;6015.0;10354.0;15936.0;2746.0;3775.0;3106.0;5394.0;9380.0;15906.0;2572.0;3715.0;-8.0;-4.0;-5.0;10.0
3440.0;5960.0;10240.0;15905.0;2741.0;3767.0;3121.0;5418.0;9379.0;15803.0;2564.0;3729.0;-14.0;-4.0;-5.0;11.0
3483.0;6036.0;10368.0;15996.0;2754.0;3800.0;3146.0;5468.0;9497.0;16036.0;2582.0;3762.0;-8.0;-4.0;-2.0;11.0
3471.0;6042.0;10412.0;15993.0;2762.0;3803.0;3103.0;5414.0;9369.0;15857.0;2564.0;3720.0;-8.0;-4.0;-2.0;10.0
3509.0;6030.0;10381.0;15988.0;2747.0;3801.0;3126.0;5459.0;9476.0;15956.0;2570.0;3730.0;-8.0;-4.0;-8.0;12.0
3467.0;5984.0;10297.0;15972.0;2757.0;3800.0;3157.0;5472.0;9495.0;16129.0;2599.0;3787.0;-10.0;-4.0;-8.0;12.0
3514.0;6066.0;10523.0;16133.0;2783.0;3821.0;3124.0;5438.0;9382.0;15929.0;2586.0;3724.0;-8.0;-4.0;-8.0;12.0
3472.0;6002.0;10310.0;15893.0;2731.0;3794.0;3132.0;5461.0;9450.0;15907.0;2574.0;3735.0;-8.0;-4.0;-8.0;8.0
3463.0;6016.0;10366.0;15945.0;2750.0;3803.0;3098.0;5410.0;9368.0;15925.0;2579.0;3756.0;-10.0;-4.0;-8.0;6.0
3465.0;6007.0;10355.0;15976.0;2756.0;3818.0;3155.0;5484.0;9517.0;16109.0;2616.0;3795.0;-10.0;-7.0;-5.0;8.0
3543.0;6158.0;10616.0;16229.0;2851.0;3970.0;3302.0;5738.0;9899.0;16820.0;2726.0;3953.0;-8.0;-7.0;-5.0;6.0
3712.0;6417.0;10944.0;16474.0;2881.0;3929.0;3218.0;5606.0;9709.0;16451.0;2651.0;3841.0;-8.0;-7.0;-2.0;6.0
3607.0;6229.0;10663.0;16306.0;2835.0;3892.0;3190.0;5543.0;9520.0;16240.0;2638.0;3831.0;-8.0;-7.0;-2.0;9.0
3584.0;6202.0;10609.0;16238.0;2835.0;3914.0;3212.0;5542.0;9617.0;16360.0;2649.0;3856.0;-8.0;-7.0;-2.0;7.0
3605.0;6205.0;10669.0;16225.0;2827.0;3903.0;3166.0;5523.0;9579.0;16257.0;2644.0;3853.0;-8.0;-4.0;-4.0;7.0
3596.0;6242.0;10733.0;16319.0;2868.0;3984.0;3262.0;5670.0;9872.0;16785.0;2730.0;3943.0;-4.0;-4.0;-2.0;13.0
3712.0;6393.0;11016.0;16569.0;2916.0;3999.0;3294.0;5727.0;9927.0;16886.0;2742.0;3946.0;-11.0;-4.0;-3.0;13.0
3708.0;6401.0;11053.0;16502.0;2912.0;4022.0;3320.0;5785.0;10023.0;16916.0;2733.0;3970.0;-11.0;-4.0;-3.0;10.0
3681.0;6348.0;10938.0;16393.0;2880.0;3948.0;3198.0;5571.0;9686.0;16376.0;2662.0;3864.0;-6.0;-4.0;-3.0;15.0
3562.0;6174.0;10604.0;16198.0;2829.0;3909.0;3298.0;5698.0;9820.0;16527.0;2672.0;3875.0;-6.0;-1.0;-3.0;10.0
3610.0;6257.0;10730.0;16291.0;2856.0;3957.0;3249.0;5700.0;9895.0;16641.0;2705.0;3921.0;-6.0;1.0;-3.0;11.0
3684.0;6391.0;10946.0;16557.0;2923.0;4024.0;3353.0;5801.0;10015.0;16858.0;2732.0;3964.0;-4.0;1.0;-2.0;8.0
3740.0;6442.0;11000.0;16557.0;2894.0;3954.0;3320.0;5739.0;9884.0;16752.0;2699.0;3935.0;-6.0;1.0;-3.0;8.0
3667.0;6317.0;10908.0;16416.0;2879.0;3938.0;3248.0;5644.0;9846.0;16749.0;2693.0;3896.0;-4.0;-1.0;-2.0;9.0
3669.0;6352.0;10904.0;16455.0;2896.0;3985.0;3313.0;5781.0;9925.0;16806.0;2718.0;3927.0;-4.0;-3.0;-2.0;13.0
3642.0;6286.0;10778.0;16304.0;2857.0;3909.0;3269.0;5646.0;9747.0;16413.0;2651.0;3840.0;-4.0;-1.0;3.0;15.0
3560.0;6193.0;10636.0;16230.0;2849.0;3960.0;3248.0;5664.0;9833.0;16628.0;2707.0;3936.0;-4.0;-7.0;6.0;11.0
3679.0;6337.0;10837.0;16422.0;2863.0;3935.0;3295.0;5716.0;9927.0;16781.0;2724.0;3960.0;-4.0;-7.0;7.0;7.0
3650.0;6326.0;10938.0;16471.0;2907.0;4003.0;3389.0;5879.0;10101.0;16978.0;2737.0;3961.0;-5.0;-7.0;7.0;7.0
3665.0;6353.0;10881.0;16366.0;2870.0;3982.0;3295.0;5727.0;9956.0;16849.0;2741.0;3996.0;-8.0;-4.0;-4.0;7.0
3752.0;6486.0;11167.0;16689.0;2976.0;4123.0;3459.0;5992.0;10338.0;17419.0;2820.0;4051.0;-12.0;-5.0;-5.0;12.0
3755.0;6499.0;11183.0;16651.0;2969.0;4077.0;3395.0;5924.0;10249.0;17232.0;2791.0;4049.0;-12.0;-4.0;-6.0;7.0
3788.0;6544.0;11251.0;16690.0;2940.0;4016.0;3358.0;5809.0;10042.0;16858.0;2725.0;3921.0;-12.0;-5.0;-9.0;10.0
3676.0;6335.0;10913.0;16407.0;2864.0;3956.0;3312.0;5747.0;9913.0;16664.0;2688.0;3895.0;-12.0;-4.0;-11.0;10.0
3644.0;6302.0;10840.0;16400.0;2848.0;3932.0;3238.0;5634.0;9700.0;16405.0;2645.0;3849.0;-12.0;-4.0;-11.0;13.0
3584.0;6175.0;10640.0;16210.0;2832.0;3907.0;3196.0;5553.0;9624.0;16342.0;2654.0;3827.0;-10.0;-3.0;-9.0;9.0
3636.0;6249.0;10771.0;16236.0;2846.0;3892.0;3275.0;5676.0;9739.0;16459.0;2650.0;3856.0;-7.0;-3.0;-2.0;10.0
3621.0;6229.0;10732.0;16305.0;2842.0;3921.0;3258.0;5648.0;9758.0;16545.0;2661.0;3874.0;-7.0;-3.0;-2.0;15.0
3650.0;6303.0;10822.0;16409.0;2880.0;4003.0;3334.0;5810.0;10102.0;17104.0;2770.0;3992.0;-7.0;0.0;-2.0;10.0
3752.0;6502.0;11136.0;16630.0;2957.0;4043.0;3333.0;5816.0;10049.0;17021.0;2750.0;3987.0;-9.0;0.0;-8.0;15.0
3698.0;6365.0;10952.0;16521.0;2875.0;3923.0;3221.0;5596.0;9750.0;16523.0;2678.0;3902.0;-9.0;0.0;-8.0;10.0
3672.0;6369.0;11002.0;16515.0;2936.0;4116.0;3436.0;5997.0;10375.0;17547.0;2834.0;4079.0;-16.0;-8.0;-8.0;13.0
3843.0;6605.0;11272.0;16745.0;2947.0;4031.0;3344.0;5792.0;9969.0;16842.0;2718.0;3924.0;-16.0;-8.0;-7.0;15.0
3713.0;6421.0;11015.0;16537.0;2931.0;4007.0;3369.0;5846.0;10057.0;16840.0;2720.0;3919.0;-7.0;-8.0;0.0;13.0
3738.0;6408.0;10976.0;16519.0;2893.0;3952.0;3290.0;5725.0;9852.0;16687.0;2684.0;3889.0;-7.0;-8.0;0.0;9.0
3662.0;6294.0;10838.0;16390.0;2869.0;3943.0;3290.0;5742.0;9844.0;16554.0;2684.0;3925.0;-7.0;-8.0;1.0;18.0
3652.0;6279.0;10837.0;16404.0;2879.0;3969.0;3241.0;5655.0;9790.0;16580.0;2676.0;3873.0;-7.0;-5.0;1.0;10.0
3650.0;6302.0;10809.0;16418.0;2885.0;3961.0;3272.0;5702.0;9839.0;16719.0;2695.0;3924.0;-9.0;-3.0;-5.0;9.0
3688.0;6340.0;10912.0;16490.0;2915.0;4046.0;3412.0;5894.0;10179.0;17143.0;2774.0;4038.0;-9.0;-4.0;-5.0;11.0
3775.0;6516.0;11207.0;16647.0;2948.0;4025.0;3411.0;5900.0;10158.0;17029.0;2745.0;3968.0;-6.0;-4.0;-5.0;11.0
3702.0;6387.0;10998.0;16540.0;2900.0;4001.0;3310.0;5759.0;9969.0;16864.0;2724.0;3929.0;-9.0;-3.0;-6.0;16.0
3699.0;6374.0;10891.0;16445.0;2879.0;3955.0;3313.0;5707.0;9879.0;16704.0;2701.0;3922.0;-10.0;-4.0;-6.0;12.0
3690.0;6363.0;10911.0;16512.0;2920.0;4017.0;3387.0;5848.0;10060.0;16954.0;2735.0;3953.0;-11.0;-4.0;0.0;11.0
3719.0;6401.0;10994.0;16480.0;2875.0;3942.0;3290.0;5690.0;9792.0;16443.0;2658.0;3882.0;-15.0;-6.0;-6.0;10.0
3657.0;6301.0;10822.0;16329.0;2863.0;3946.0;3288.0;5723.0;9868.0;16565.0;2681.0;3884.0;-16.0;-6.0;-8.0;10.0
3620.0;6265.0;10725.0;16316.0;2887.0;3999.0;3383.0;5898.0;10156.0;17224.0;2800.0;4065.0;-16.0;-6.0;-6.0;10.0
3774.0;6539.0;11271.0;16729.0;2945.0;4045.0;3402.0;5903.0;10173.0;17149.0;2763.0;4004.0;-12.0;-3.0;-6.0;10.0
3742.0;6473.0;11305.0;16832.0;3089.0;4350.0;3674.0;6364.0;11059.0;18759.0;3054.0;4437.0;-12.0;-3.0;-8.0;13.0
4165.0;7206.0;12305.0;17457.0;3188.0;4292.0;3487.0;6086.0;10500.0;17838.0;2881.0;4136.0;-9.0;-3.0;-9.0;10.0
3845.0;6638.0;11362.0;16817.0;2990.0;4096.0;3368.0;5869.0;10144.0;17133.0;2773.0;4037.0;-9.0;-1.0;-6.0;13.0
3793.0;6537.0;11277.0;16730.0;2969.0;4104.0;3412.0;5911.0;10233.0;17293.0;2816.0;4066.0;-9.0;-3.0;-9.0;7.0
3837.0;6615.0;11261.0;16730.0;2976.0;4060.0;3421.0;5947.0;10268.0;17259.0;2768.0;4021.0;-9.0;-3.0;-9.0;8.0
3743.0;6448.0;11163.0;16634.0;2965.0;4081.0;3427.0;5910.0;10194.0;17198.0;2760.0;3989.0;-9.0;-3.0;-6.0;9.0
3776.0;6499.0;11120.0;16583.0;2932.0;4020.0;3367.0;5846.0;10137.0;17043.0;2741.0;3963.0;-10.0;-4.0;-6.0;12.0
3694.0;6401.0;10967.0;16498.0;2895.0;3991.0;3320.0;5738.0;9917.0;16808.0;2716.0;3947.0;-10.0;-4.0;-7.0;13.0
3689.0;6375.0;10949.0;16479.0;2908.0;3993.0;3311.0;5754.0;9969.0;16853.0;2734.0;3961.0;1.0;-4.0;1.0;13.0
3729.0;6430.0;11003.0;16558.0;2927.0;4049.0;3373.0;5836.0;10108.0;17091.0;2775.0;4001.0;-5.0;-6.0;-3.0;8.0
3772.0;6523.0;11189.0;16696.0;2963.0;4083.0;3433.0;5960.0;10271.0;17257.0;2773.0;4024.0;-10.0;-6.0;-7.0;8.0
3808.0;6532.0;11263.0;16712.0;2946.0;4056.0;3380.0;5878.0;10126.0;17117.0;2767.0;4047.0;-7.0;-6.0;-3.0;9.0
3825.0;6625.0;11397.0;16819.0;3022.0;4170.0;3518.0;6088.0;10504.0;17612.0;2837.0;4074.0;-7.0;-7.0;-3.0;9.0
3848.0;6629.0;11344.0;16819.0;2997.0;4101.0;3434.0;5957.0;10304.0;17365.0;2793.0;4052.0;-13.0;-6.0;-6.0;16.0
3821.0;6575.0;11322.0;16691.0;2968.0;4022.0;3375.0;5842.0;10158.0;17103.0;2769.0;4039.0;-13.0;-5.0;-6.0;10.0
3776.0;6533.0;11258.0;16788.0;2980.0;4075.0;3385.0;5874.0;10144.0;17140.0;2766.0;4020.0;-13.0;-5.0;-2.0;15.0
3774.0;6525.0;11227.0;16693.0;2962.0;4102.0;3453.0;5971.0;10349.0;17467.0;2827.0;4125.0;-13.0;-3.0;-2.0;8.0
3899.0;6756.0;11565.0;16984.0;3062.0;4197.0;3542.0;6159.0;10575.0;17873.0;2892.0;4168.0;-8.0;-3.0;-2.0;12.0
3912.0;6790.0;11561.0;16959.0;3047.0;4152.0;3485.0;6049.0;10493.0;17540.0;2816.0;4073.0;-8.0;-3.0;-2.0;12.0
3800.0;6564.0;11353.0;16827.0;2985.0;4088.0;3465.0;6002.0;10363.0;17422.0;2792.0;4023.0;-8.0;-3.0;-2.0;14.0
3814.0;6569.0;11286.0;16811.0;2981.0;4100.0;3440.0;5977.0;10286.0;17327.0;2798.0;4061.0;-8.0;-3.0;-2.0;12.0
3801.0;6605.0;11377.0;16826.0;2996.0;4102.0;3397.0;5904.0;10226.0;17202.0;2782.0;4025.0;-8.0;-4.0;-4.0;7.0
3807.0;6602.0;11415.0;16832.0;3059.0;4239.0;3558.0;6172.0;10702.0;18083.0;2921.0;4205.0;-9.0;-7.0;-4.0;10.0
3937.0;6791.0;11720.0;17082.0;3067.0;4193.0;3553.0;6158.0;10550.0;17763.0;2860.0;4155.0;-8.0;-8.0;-4.0;10.0
3935.0;6788.0;11656.0;17073.0;3098.0;4277.0;3587.0;6228.0;10841.0;18213.0;2951.0;4239.0;-9.0;-7.0;-5.0;15.0
3981.0;6896.0;11750.0;17076.0;3102.0;4214.0;3551.0;6192.0;10666.0;17999.0;2882.0;4157.0;-9.0;-7.0;-5.0;12.0
3916.0;6738.0;11560.0;16946.0;3039.0;4181.0;3531.0;6095.0;10534.0;17736.0;2848.0;4113.0;-9.0;-7.0;-5.0;11.0
3872.0;6676.0;11446.0;16827.0;3039.0;4175.0;3462.0;6028.0;10458.0;17775.0;2878.0;4154.0;-9.0;-7.0;-8.0;11.0
3942.0;6781.0;11669.0;16997.0;3059.0;4164.0;3516.0;6120.0;10525.0;17714.0;2843.0;4118.0;-9.0;0.0;-8.0;14.0
3877.0;6672.0;11482.0;16839.0;3035.0;4148.0;3486.0;6046.0;10411.0;17643.0;2852.0;4130.0;-14.0;0.0;-3.0;9.0
3955.0;6859.0;11758.0;17162.0;3157.0;4380.0;3721.0;6410.0;11087.0;18698.0;3016.0;4338.0;-14.0;-1.0;-3.0;14.0
4120.0;7107.0;12090.0;17328.0;3163.0;4301.0;3662.0;6328.0;10912.0;18361.0;2949.0;4254.0;-8.0;-6.0;-3.0;11.0
4058.0;6971.0;11896.0;17133.0;3103.0;4232.0;3588.0;6208.0;10643.0;17873.0;2874.0;4141.0;-7.0;-5.0;-1.0;9.0
3903.0;6724.0;11534.0;16834.0;3033.0;4171.0;3485.0;6035.0;10456.0;17671.0;2845.0;4128.0;-8.0;-5.0;-2.0;11.0
3915.0;6756.0;11555.0;16933.0;3046.0;4161.0;3490.0;6073.0;10434.0;17707.0;2856.0;4134.0;-8.0;-5.0;-2.0;12.0
3923.0;6741.0;11558.0;16950.0;3034.0;4133.0;3452.0;5998.0;10316.0;17505.0;2819.0;4086.0;-7.0;-5.0;-3.0;12.0
3863.0;6664.0;11437.0;16896.0;3053.0;4192.0;3539.0;6119.0;10568.0;17784.0;2855.0;4131.0;-8.0;-5.0;-3.0;9.0
3922.0;6731.0;11498.0;16825.0;3014.0;4102.0;3394.0;5910.0;10216.0;17338.0;2795.0;4068.0;-8.0;-4.0;-7.0;10.0
3815.0;6550.0;11276.0;16715.0;2998.0;4117.0;3497.0;6049.0;10417.0;17466.0;2813.0;4079.0;-8.0;-4.0;-7.0;14.0
3880.0;6645.0;11429.0;16818.0;2994.0;4099.0;3479.0;5976.0;10320.0;17405.0;2799.0;4057.0;-8.0;-5.0;-5.0;16.0
3811.0;6567.0;11231.0;16766.0;2995.0;4126.0;3410.0;5939.0;10287.0;17415.0;2820.0;4099.0;-8.0;-5.0;-7.0;14.0
3858.0;6658.0;11430.0;16850.0;2983.0;4095.0;3403.0;5891.0;10128.0;17195.0;2797.0;4040.0;-8.0;-3.0;-5.0;14.0
3831.0;6590.0;11375.0;16823.0;3011.0;4185.0;3496.0;6081.0;10469.0;17737.0;2870.0;4171.0;-3.0;-3.0;1.0;11.0
3949.0;6802.0;11671.0;16997.0;3028.0;4134.0;3460.0;6000.0;10314.0;17395.0;2796.0;4070.0;-3.0;-2.0;3.0;11.0
3816.0;6577.0;11293.0;16742.0;2972.0;4085.0;3405.0;5895.0;10219.0;17249.0;2778.0;4035.0;-3.0;-2.0;3.0;12.0
3821.0;6593.0;11344.0;16786.0;2976.0;4079.0;3439.0;5954.0;10270.0;17259.0;2793.0;4031.0;-3.0;2.0;5.0;11.0
3820.0;6587.0;11334.0;16791.0;2984.0;4105.0;3416.0;5923.0;10304.0;17355.0;2803.0;4040.0;-3.0;4.0;3.0;14.0
3835.0;6607.0;11318.0;16785.0;2994.0;4101.0;3458.0;5994.0;10347.0;17400.0;2803.0;4069.0;-6.0;2.0;-1.0;10.0
3838.0;6628.0;11394.0;16819.0;2984.0;4093.0;3464.0;6004.0;10353.0;17463.0;2795.0;4077.0;-6.0;-1.0;-1.0;15.0
3839.0;6594.0;11358.0;16812.0;3013.0;4139.0;3487.0;6020.0;10339.0;17466.0;2815.0;4077.0;-6.0;-3.0;-5.0;9.0
3868.0;6671.0;11748.0;17202.0;3117.0;4152.0;3150.0;5708.0;10252.0;17776.0;2856.0;3950.0;-6.0;-4.0;-5.0;13.0
3481.0;6044.0;10376.0;16050.0;2796.0;3929.0;3252.0;5678.0;9890.0;16880.0;2744.0;3985.0;-6.0;-5.0;-3.0;17.0
3764.0;6492.0;11170.0;16652.0;2963.0;4082.0;3421.0;5939.0;10269.0;17408.0;2808.0;4076.0;-2.0;-5.0;-2.0;13.0
3822.0;6606.0;11343.0;16815.0;2988.0;4081.0;3390.0;5876.0;10167.0;17254.0;2788.0;4033.0;-8.0;-5.0;-2.0;15.0
3813.0;6553.0;11265.0;16718.0;2982.0;4077.0;3406.0;5919.0;10245.0;17260.0;2788.0;4033.0;-6.0;-6.0;2.0;11.0
3780.0;6513.0;11225.0;16695.0;2948.0;4065.0;3407.0;5902.0;10276.0;17311.0;2792.0;4041.0;-6.0;-1.0;2.0;17.0
3808.0;6580.0;11298.0;16761.0;2975.0;4091.0;3405.0;5948.0;10312.0;17349.0;2794.0;4037.0;-6.0;-1.0;2.0;9.0
3816.0;6576.0;11269.0;16721.0;2974.0;4106.0;3360.0;5860.0;10179.0;17301.0;2814.0;4081.0;-6.0;-4.0;2.0;8.0
3863.0;6651.0;11424.0;16828.0;3033.0;4142.0;3521.0;6122.0;10498.0;17664.0;2853.0;4138.0;-6.0;-4.0;2.0;8.0
3911.0;6736.0;11560.0;16835.0;3030.0;4161.0;3450.0;5995.0;10379.0;17581.0;2851.0;4132.0;-7.0;-4.0;0.0;12.0
3908.0;6732.0;11634.0;16986.0;3060.0;4178.0;3476.0;6042.0;10458.0;17515.0;2826.0;4071.0;-7.0;-4.0;-4.0;6.0
3830.0;6626.0;11407.0;16867.0;3062.0;4226.0;3527.0;6123.0;10569.0;17858.0;2888.0;4149.0;-7.0;-2.0;-4.0;9.0
3911.0;6742.0;11558.0;16971.0;3059.0;4196.0;3511.0;6066.0;10509.0;17800.0;2872.0;4157.0;-7.0;-2.0;-4.0;7.0
3897.0;6711.0;11508.0;16855.0;3017.0;4128.0;3413.0;5955.0;10295.0;17355.0;2821.0;4103.0;-8.0;-4.0;-7.0;9.0
3863.0;6701.0;11480.0;16822.0;3025.0;4167.0;3459.0;6002.0;10386.0;17526.0;2830.0;4073.0;-7.0;-4.0;-4.0;7.0
3891.0;6718.0;11513.0;16945.0;3029.0;4134.0;3449.0;6031.0;10379.0;17505.0;2819.0;4072.0;-8.0;-4.0;-5.0;10.0
3870.0;6651.0;11399.0;16816.0;3000.0;4109.0;3403.0;5881.0;10154.0;17227.0;2788.0;4067.0;-11.0;-5.0;-5.0;15.0
3842.0;6661.0;11416.0;16825.0;3010.0;4128.0;3408.0;5912.0;10275.0;17340.0;2795.0;4046.0;-11.0;-7.0;-7.0;11.0
3849.0;6632.0;11374.0;16765.0;2983.0;4095.0;3385.0;5856.0;10156.0;17135.0;2777.0;4003.0;-7.0;-5.0;-6.0;11.0
3805.0;6594.0;11279.0;16694.0;2977.0;4092.0;3435.0;5978.0;10378.0;17453.0;2811.0;4079.0;-11.0;-5.0;-6.0;11.0
3890.0;6698.0;11467.0;16833.0;3000.0;4119.0;3404.0;5953.0;10290.0;17388.0;2806.0;4043.0;-11.0;-7.0;-6.0;12.0
3826.0;6602.0;11323.0;16768.0;2991.0;4122.0;3436.0;5955.0;10324.0;17541.0;2821.0;4107.0;-11.0;-7.0;-6.0;12.0
3886.0;6676.0;11505.0;16896.0;3017.0;4153.0;3462.0;6003.0;10450.0;17604.0;2860.0;4150.0;-11.0;-5.0;-6.0;15.0
3928.0;6782.0;11647.0;16951.0;3036.0;4156.0;3457.0;5981.0;10331.0;17477.0;2821.0;4085.0;-11.0;-5.0;-6.0;18.0
3867.0;6713.0;11520.0;16945.0;3075.0;4221.0;3572.0;6187.0;10716.0;18030.0;2913.0;4214.0;-11.0;-5.0;-5.0;12.0
3988.0;6884.0;11848.0;17180.0;3124.0;4268.0;3582.0;6241.0;10756.0;18023.0;2903.0;4136.0;-13.0;-5.0;-8.0;11.0
3945.0;6780.0;11562.0;16990.0;3067.0;4209.0;3518.0;6093.0;10541.0;17877.0;2881.0;4172.0;-2.0;-4.0;-5.0;12.0
3976.0;6838.0;11708.0;17071.0;3087.0;4225.0;3526.0;6070.0;10572.0;17870.0;2884.0;4173.0;-11.0;-3.0;-8.0;12.0
3918.0;6789.0;11643.0;17072.0;3083.0;4268.0;3566.0;6164.0;10595.0;17903.0;2891.0;4196.0;-11.0;-3.0;-5.0;11.0
3950.0;6828.0;11670.0;17073.0;3063.0;4212.0;3477.0;6060.0;10432.0;17650.0;2858.0;4154.0;-9.0;-4.0;-6.0;13.0
3890.0;6728.0;11620.0;17002.0;3055.0;4205.0;3551.0;6163.0;10638.0;17930.0;2879.0;4148.0;-5.0;-3.0;-2.0;9.0
3945.0;6797.0;11740.0;17108.0;3127.0;4298.0;3589.0;6224.0;10748.0;18293.0;2941.0;4213.0;-6.0;-4.0;-3.0;7.0
3997.0;6866.0;11742.0;17077.0;3071.0;4176.0;3420.0;5941.0;10349.0;17576.0;2833.0;4084.0;-6.0;-4.0;-3.0;7.0
3853.0;6680.0;11379.0;16754.0;2989.0;4111.0;3408.0;5922.0;10244.0;17400.0;2821.0;4076.0;-9.0;-4.0;-4.0;7.0
3854.0;6625.0;11414.0;16822.0;3022.0;4157.0;3497.0;6054.0;10432.0;17625.0;2837.0;4116.0;-13.0;-4.0;-4.0;7.0
3865.0;6708.0;11490.0;16909.0;3082.0;4265.0;3575.0;6221.0;10749.0;18202.0;2933.0;4279.0;-13.0;-6.0;-9.0;1.0
4036.0;6926.0;11897.0;17254.0;3159.0;4360.0;3639.0;6315.0;10904.0;18660.0;3016.0;4363.0;-13.0;-4.0;-9.0;1.0
4151.0;7149.0;12197.0;17459.0;3231.0;4394.0;3755.0;6491.0;11105.0;18729.0;3026.0;4356.0;-13.0;-2.0;-9.0;1.0
4194.0;7203.0;12307.0;17508.0;3230.0;4397.0;3771.0;6544.0;11211.0;18874.0;3029.0;4337.0;-10.0;-1.0;-7.0;11.0
4109.0;7055.0;12168.0;17328.0;3169.0;4349.0;3622.0;6288.0;10875.0;18333.0;2986.0;4325.0;-9.0;-1.0;-3.0;7.0
4079.0;7052.0;12032.0;17334.0;3192.0;4322.0;3652.0;6320.0;10896.0;18376.0;2950.0;4282.0;-8.0;-1.0;-1.0;14.0
4107.0;7066.0;12215.0;17333.0;3208.0;4399.0;3717.0;6460.0;11166.0;18874.0;3023.0;4387.0;-8.0;-5.0;-3.0;10.0
4148.0;7159.0;12273.0;17460.0;3217.0;4392.0;3692.0;6411.0;11057.0;18636.0;3013.0;4353.0;-9.0;-6.0;-4.0;17.0
4129.0;7114.0;12207.0;17421.0;3222.0;4390.0;3726.0;6420.0;11094.0;18732.0;3025.0;4356.0;-9.0;-6.0;-3.0;11.0
4145.0;7139.0;12288.0;17385.0;3224.0;4379.0;3671.0;6404.0;11047.0;18529.0;2980.0;4263.0;-12.0;-6.0;-1.0;8.0
4033.0;6943.0;11851.0;17125.0;3098.0;4238.0;3595.0;6249.0;10742.0;18145.0;2905.0;4177.0;-12.0;-6.0;-1.0;7.0
3979.0;6860.0;11789.0;17101.0;3121.0;4305.0;3681.0;6383.0;10977.0;18494.0;2954.0;4289.0;-7.0;-6.0;1.0;8.0
4033.0;6943.0;11851.0;17125.0;3098.0;4238.0;3595.0;6249.0;10742.0;18145.0;2905.0;4177.0;-7.0;0.0;1.0;7.0
4037.0;6997.0;11991.0;17331.0;3190.0;4366.0;3705.0;6392.0;11026.0;18514.0;2975.0;4285.0;-2.0;1.0;2.0;9.0
3981.0;6854.0;11753.0;17079.0;3121.0;4278.0;3639.0;6313.0;10830.0;18334.0;2942.0;4222.0;-8.0;3.0;0.0;4.0
