OFFCHIP_SENSIMOX_SnAu_150_200.0_IN-PHASE;OFFCHIP_SENSIMOX_SnAu_200_200.0_IN-PHASE;OFFCHIP_SENSIMOX_SnAu_250_200.0_IN-PHASE;OFFCHIP_SENSIMOX_SnAu_300_200.0_IN-PHASE;OFFCHIP_SENSIMOX_SnAu_350_200.0_IN-PHASE;OFFCHIP_SENSIMOX_SnAu_400_200.0_IN-PHASE;OFFCHIP_SENSIMOX_SnAu_150_78125.0_IN-PHASE;OFFCHIP_SENSIMOX_SnAu_200_78125.0_IN-PHASE;OFFCHIP_SENSIMOX_SnAu_250_78125.0_IN-PHASE;OFFCHIP_SENSIMOX_SnAu_300_78125.0_IN-PHASE;OFFCHIP_SENSIMOX_SnAu_350_78125.0_IN-PHASE;OFFCHIP_SENSIMOX_SnAu_400_78125.0_IN-PHASE;ONCHIP_ALUMINUM_OXIDE_OUT4_IN-PHASE;ONCHIP_ALUMINUM_OXIDE_OUT4_QUADRATURE;ONCHIP_ALUMINUM_OXIDE_OUT7_IN-PHASE;ONCHIP_ALUMINUM_OXIDE_OUT7_QUADRATURE;LABEL
1.0;1.0;1.0;1.0;1.0;1.0;1.0;1.0;1.0;1.0;1.0;1.0;1.0;1.0;1.0;1.0;ISOPROPANOL
-6.0;-11.0;-20.0;-36.0;-7.0;-11.0;-3.0;-7.0;-15.0;-36.0;-7.0;-14.0;-8.0;0.0;-4.0;-4.0;ISOPROPANOL
14.0;27.0;60.0;119.0;22.0;40.0;14.0;26.0;51.0;104.0;21.0;37.0;-6.0;-5.0;6.0;-2.0;ISOPROPANOL
17.0;32.0;65.0;126.0;22.0;36.0;11.0;23.0;44.0;84.0;16.0;30.0;-6.0;-3.0;12.0;-2.0;ISOPROPANOL
13.0;24.0;49.0;93.0;16.0;28.0;8.0;16.0;31.0;63.0;10.0;25.0;-2.0;-3.0;12.0;-2.0;ISOPROPANOL
10.0;20.0;38.0;74.0;14.0;24.0;5.0;15.0;27.0;59.0;10.0;19.0;-6.0;-1.0;6.0;2.0;ISOPROPANOL
10.0;18.0;37.0;71.0;13.0;24.0;6.0;14.0;26.0;59.0;11.0;22.0;-2.0;-1.0;6.0;4.0;ISOPROPANOL
12.0;22.0;46.0;92.0;17.0;30.0;9.0;18.0;38.0;72.0;14.0;25.0;-2.0;3.0;12.0;0.0;ISOPROPANOL
12.0;25.0;47.0;91.0;16.0;27.0;7.0;13.0;26.0;57.0;12.0;21.0;-4.0;-1.0;12.0;0.0;ISOPROPANOL
34.0;68.0;135.0;275.0;51.0;90.0;32.0;59.0;125.0;257.0;50.0;86.0;-3.0;1.0;-3.0;8.0;ISOPROPANOL
51.0;101.0;201.0;402.0;73.0;124.0;41.0;79.0;164.0;327.0;60.0;103.0;-5.0;3.0;-2.0;6.0;ISOPROPANOL
53.0;103.0;197.0;381.0;67.0;112.0;32.0;60.0;126.0;250.0;44.0;75.0;-10.0;3.0;-7.0;5.0;ISOPROPANOL
35.0;68.0;132.0;250.0;43.0;77.0;21.0;40.0;83.0;161.0;28.0;50.0;-10.0;5.0;-7.0;9.0;ISOPROPANOL
28.0;52.0;104.0;201.0;35.0;66.0;15.0;31.0;62.0;128.0;21.0;41.0;-10.0;3.0;-5.0;6.0;ISOPROPANOL
23.0;46.0;83.0;165.0;30.0;54.0;13.0;25.0;51.0;104.0;16.0;33.0;-7.0;4.0;-5.0;10.0;ISOPROPANOL
22.0;40.0;77.0;143.0;26.0;48.0;12.0;19.0;41.0;80.0;13.0;25.0;-3.0;-2.0;-5.0;6.0;ISOPROPANOL
20.0;37.0;67.0;129.0;22.0;41.0;11.0;18.0;40.0;74.0;12.0;23.0;-2.0;3.0;-5.0;7.0;ISOPROPANOL
21.0;40.0;74.0;145.0;24.0;47.0;12.0;22.0;46.0;81.0;14.0;26.0;-3.0;-1.0;1.0;7.0;ISOPROPANOL
21.0;40.0;76.0;150.0;25.0;48.0;11.0;22.0;46.0;93.0;15.0;28.0;-7.0;-1.0;-8.0;7.0;ISOPROPANOL
21.0;39.0;73.0;129.0;22.0;40.0;8.0;15.0;34.0;69.0;11.0;20.0;-7.0;2.0;-8.0;4.0;ISOPROPANOL
17.0;33.0;68.0;131.0;23.0;45.0;11.0;21.0;46.0;85.0;14.0;28.0;-9.0;2.0;-8.0;4.0;ISOPROPANOL
21.0;41.0;81.0;157.0;28.0;52.0;14.0;25.0;53.0;108.0;21.0;35.0;-10.0;2.0;-8.0;2.0;ISOPROPANOL
23.0;45.0;92.0;179.0;32.0;59.0;15.0;28.0;65.0;130.0;23.0;44.0;-12.0;2.0;-8.0;5.0;ISOPROPANOL
24.0;50.0;101.0;201.0;36.0;65.0;17.0;35.0;78.0;151.0;27.0;48.0;-12.0;2.0;-1.0;5.0;ISOPROPANOL
27.0;54.0;106.0;220.0;40.0;75.0;20.0;39.0;86.0;182.0;33.0;60.0;-10.0;1.0;2.0;11.0;ISOPROPANOL
33.0;64.0;128.0;246.0;43.0;77.0;20.0;41.0;83.0;174.0;29.0;50.0;-4.0;-1.0;2.0;6.0;ISOPROPANOL
29.0;55.0;112.0;216.0;39.0;73.0;21.0;40.0;83.0;170.0;31.0;55.0;1.0;-1.0;9.0;8.0;ISOPROPANOL
31.0;60.0;119.0;240.0;44.0;79.0;21.0;41.0;90.0;180.0;34.0;61.0;6.0;-1.0;11.0;8.0;ISOPROPANOL
34.0;66.0;129.0;255.0;46.0;82.0;22.0;47.0;100.0;201.0;35.0;64.0;6.0;-1.0;5.0;8.0;ISOPROPANOL
34.0;68.0;134.0;267.0;48.0;84.0;24.0;48.0;97.0;194.0;35.0;66.0;3.0;1.0;5.0;10.0;ISOPROPANOL
33.0;66.0;130.0;264.0;48.0;88.0;24.0;48.0;101.0;198.0;36.0;66.0;3.0;2.0;6.0;10.0;ISOPROPANOL
34.0;66.0;131.0;253.0;44.0;84.0;23.0;44.0;88.0;178.0;33.0;58.0;1.0;3.0;-3.0;5.0;ISOPROPANOL
33.0;65.0;126.0;249.0;46.0;84.0;24.0;48.0;97.0;196.0;34.0;65.0;-7.0;3.0;-6.0;5.0;ISOPROPANOL
34.0;66.0;134.0;268.0;49.0;90.0;28.0;54.0;112.0;226.0;40.0;75.0;-7.0;3.0;-6.0;4.0;ISOPROPANOL
39.0;78.0;162.0;323.0;60.0;108.0;30.0;67.0;135.0;277.0;52.0;94.0;-3.0;0.0;-3.0;7.0;ISOPROPANOL
44.0;90.0;179.0;365.0;67.0;122.0;37.0;74.0;159.0;329.0;60.0;113.0;-3.0;0.0;0.0;3.0;ISOPROPANOL
54.0;109.0;220.0;452.0;85.0;149.0;46.0;94.0;201.0;411.0;75.0;138.0;-3.0;0.0;0.0;3.0;ISOPROPANOL
60.0;120.0;246.0;497.0;92.0;162.0;51.0;101.0;215.0;441.0;81.0;146.0;-3.0;0.0;0.0;-1.0;ISOPROPANOL
65.0;130.0;271.0;559.0;109.0;194.0;64.0;131.0;276.0;567.0;108.0;191.0;-8.0;2.0;-5.0;-1.0;ISOPROPANOL
85.0;172.0;350.0;720.0;135.0;233.0;76.0;157.0;325.0;664.0;124.0;219.0;-8.0;0.0;-6.0;2.0;ISOPROPANOL
95.0;192.0;389.0;786.0;146.0;254.0;85.0;173.0;360.0;729.0;135.0;239.0;-8.0;8.0;-6.0;2.0;ISOPROPANOL
106.0;207.0;414.0;821.0;150.0;255.0;84.0;168.0;341.0;689.0;128.0;224.0;-8.0;6.0;-8.0;2.0;ISOPROPANOL
94.0;186.0;372.0;746.0;138.0;241.0;80.0;162.0;330.0;672.0;125.0;222.0;-8.0;6.0;-5.0;4.0;ISOPROPANOL
94.0;188.0;380.0;774.0;146.0;253.0;86.0;176.0;365.0;731.0;136.0;242.0;-6.0;6.0;-6.0;2.0;ISOPROPANOL
102.0;204.0;412.0;827.0;156.0;269.0;89.0;182.0;374.0;760.0;143.0;250.0;-5.0;6.0;-5.0;4.0;ISOPROPANOL
108.0;213.0;428.0;855.0;157.0;272.0;90.0;186.0;383.0;771.0;144.0;250.0;1.0;3.0;2.0;2.0;ISOPROPANOL
111.0;219.0;440.0;888.0;165.0;287.0;95.0;193.0;397.0;803.0;152.0;269.0;1.0;7.0;3.0;12.0;ISOPROPANOL
123.0;238.0;473.0;938.0;174.0;297.0;103.0;205.0;417.0;839.0;157.0;273.0;-3.0;4.0;2.0;8.0;ISOPROPANOL
122.0;240.0;468.0;943.0;173.0;294.0;102.0;203.0;413.0;823.0;154.0;268.0;-5.0;4.0;3.0;12.0;ISOPROPANOL
121.0;235.0;464.0;936.0;173.0;294.0;105.0;209.0;423.0;849.0;157.0;274.0;-3.0;4.0;3.0;5.0;ISOPROPANOL
125.0;244.0;479.0;954.0;177.0;305.0;106.0;216.0;436.0;874.0;163.0;288.0;-5.0;1.0;3.0;7.0;ISOPROPANOL
124.0;246.0;489.0;975.0;180.0;310.0;111.0;223.0;452.0;899.0;166.0;294.0;-5.0;1.0;3.0;3.0;ISOPROPANOL
128.0;254.0;507.0;1003.0;186.0;320.0;110.0;225.0;461.0;929.0;173.0;303.0;-5.0;1.0;3.0;0.0;ISOPROPANOL
134.0;261.0;523.0;1038.0;193.0;324.0;114.0;229.0;467.0;932.0;174.0;300.0;-7.0;7.0;2.0;0.0;ISOPROPANOL
125.0;252.0;505.0;1034.0;192.0;332.0;120.0;238.0;481.0;965.0;181.0;317.0;-9.0;1.0;2.0;0.0;ISOPROPANOL
139.0;275.0;554.0;1116.0;208.0;356.0;127.0;256.0;523.0;1056.0;194.0;343.0;-7.0;6.0;2.0;2.0;ISOPROPANOL
153.0;301.0;605.0;1213.0;225.0;380.0;140.0;276.0;560.0;1115.0;205.0;362.0;-9.0;1.0;2.0;8.0;ISOPROPANOL
154.0;305.0;602.0;1207.0;222.0;375.0;134.0;269.0;549.0;1086.0;200.0;351.0;-9.0;3.0;-5.0;8.0;ISOPROPANOL
149.0;299.0;599.0;1209.0;229.0;395.0;143.0;286.0;585.0;1163.0;220.0;387.0;-5.0;0.0;-5.0;9.0;ISOPROPANOL
166.0;327.0;651.0;1277.0;235.0;393.0;140.0;282.0;561.0;1120.0;207.0;360.0;-3.0;0.0;3.0;8.0;ISOPROPANOL
148.0;293.0;577.0;1143.0;211.0;362.0;126.0;257.0;518.0;1039.0;196.0;345.0;-3.0;0.0;8.0;9.0;ISOPROPANOL
147.0;288.0;579.0;1142.0;208.0;349.0;123.0;244.0;494.0;984.0;181.0;319.0;1.0;0.0;6.0;5.0;ISOPROPANOL
133.0;259.0;519.0;1029.0;191.0;330.0;115.0;230.0;477.0;949.0;176.0;308.0;4.0;0.0;12.0;9.0;ISOPROPANOL
131.0;264.0;522.0;1035.0;193.0;327.0;115.0;230.0;467.0;932.0;170.0;293.0;1.0;2.0;2.0;9.0;ISOPROPANOL
120.0;234.0;470.0;926.0;172.0;296.0;100.0;200.0;412.0;830.0;155.0;271.0;1.0;1.0;2.0;3.0;ISOPROPANOL
114.0;228.0;462.0;932.0;176.0;310.0;107.0;219.0;453.0;920.0;173.0;310.0;-2.0;2.0;2.0;2.0;ISOPROPANOL
136.0;270.0;545.0;1098.0;204.0;348.0;122.0;244.0;499.0;997.0;185.0;326.0;-2.0;3.0;-2.0;3.0;ISOPROPANOL
142.0;280.0;564.0;1140.0;211.0;359.0;132.0;265.0;530.0;1060.0;197.0;342.0;-7.0;1.0;-2.0;2.0;ISOPROPANOL
146.0;290.0;578.0;1149.0;210.0;358.0;130.0;261.0;521.0;1033.0;190.0;328.0;-3.0;4.0;-2.0;3.0;ISOPROPANOL
134.0;265.0;528.0;1053.0;195.0;337.0;117.0;233.0;478.0;952.0;177.0;311.0;-3.0;4.0;-2.0;6.0;ISOPROPANOL
135.0;266.0;529.0;1064.0;198.0;340.0;123.0;247.0;504.0;1001.0;187.0;327.0;-3.0;1.0;-2.0;11.0;ISOPROPANOL
151.0;293.0;579.0;1150.0;212.0;361.0;131.0;260.0;536.0;1055.0;195.0;338.0;-7.0;-1.0;-1.0;8.0;ISOPROPANOL
149.0;292.0;572.0;1130.0;206.0;356.0;126.0;253.0;513.0;1028.0;195.0;336.0;-3.0;1.0;0.0;7.0;ISOPROPANOL
148.0;295.0;588.0;1178.0;217.0;373.0;134.0;271.0;551.0;1100.0;203.0;352.0;2.0;1.0;0.0;3.0;ISOPROPANOL
153.0;303.0;610.0;1204.0;223.0;379.0;136.0;277.0;549.0;1094.0;201.0;355.0;3.0;1.0;0.0;3.0;ISOPROPANOL
152.0;295.0;588.0;1167.0;214.0;364.0;127.0;255.0;516.0;1039.0;193.0;331.0;2.0;1.0;0.0;4.0;ISOPROPANOL
142.0;276.0;545.0;1090.0;203.0;344.0;120.0;243.0;490.0;974.0;183.0;321.0;2.0;1.0;3.0;6.0;ISOPROPANOL
140.0;274.0;551.0;1093.0;203.0;352.0;122.0;247.0;507.0;1020.0;193.0;334.0;-1.0;3.0;6.0;1.0;ISOPROPANOL
143.0;281.0;555.0;1096.0;202.0;346.0;122.0;241.0;494.0;990.0;186.0;325.0;-8.0;5.0;0.0;1.0;ISOPROPANOL
136.0;272.0;543.0;1083.0;199.0;343.0;117.0;237.0;485.0;976.0;183.0;315.0;-8.0;5.0;-2.0;1.0;ISOPROPANOL
135.0;269.0;540.0;1091.0;203.0;353.0;125.0;251.0;520.0;1051.0;196.0;343.0;-8.0;6.0;-3.0;4.0;ISOPROPANOL
153.0;301.0;608.0;1196.0;222.0;375.0;136.0;277.0;555.0;1116.0;207.0;363.0;-8.0;1.0;-3.0;6.0;ISOPROPANOL
161.0;316.0;627.0;1248.0;234.0;399.0;148.0;296.0;597.0;1176.0;218.0;378.0;-8.0;1.0;-2.0;10.0;ISOPROPANOL
174.0;338.0;671.0;1321.0;244.0;413.0;154.0;306.0;613.0;1221.0;225.0;394.0;-8.0;2.0;-2.0;10.0;ISOPROPANOL
178.0;347.0;681.0;1344.0;246.0;414.0;153.0;302.0;610.0;1205.0;222.0;387.0;-10.0;0.0;-2.0;9.0;ISOPROPANOL
165.0;320.0;634.0;1256.0;231.0;393.0;141.0;284.0;569.0;1143.0;211.0;368.0;-10.0;0.0;-2.0;8.0;ISOPROPANOL
165.0;324.0;634.0;1268.0;236.0;403.0;151.0;300.0;601.0;1191.0;221.0;382.0;-10.0;0.0;-2.0;7.0;ISOPROPANOL
168.0;328.0;647.0;1269.0;232.0;393.0;141.0;282.0;568.0;1120.0;208.0;361.0;-6.0;-1.0;-2.0;8.0;ISOPROPANOL
154.0;304.0;603.0;1197.0;221.0;377.0;142.0;281.0;567.0;1131.0;207.0;362.0;-6.0;-1.0;-2.0;7.0;ISOPROPANOL
160.0;312.0;622.0;1239.0;232.0;399.0;147.0;295.0;602.0;1197.0;222.0;392.0;1.0;-1.0;-5.0;4.0;ISOPROPANOL
177.0;351.0;698.0;1389.0;256.0;432.0;169.0;332.0;661.0;1311.0;241.0;414.0;1.0;0.0;-5.0;4.0;ISOPROPANOL
191.0;376.0;735.0;1466.0;271.0;455.0;169.0;336.0;670.0;1338.0;245.0;430.0;1.0;0.0;-3.0;4.0;ISOPROPANOL
189.0;370.0;726.0;1422.0;259.0;434.0;163.0;319.0;641.0;1270.0;234.0;409.0;-1.0;4.0;-6.0;5.0;ISOPROPANOL
180.0;351.0;694.0;1387.0;257.0;432.0;164.0;326.0;654.0;1306.0;242.0;420.0;-1.0;1.0;-6.0;4.0;ISOPROPANOL
194.0;378.0;742.0;1475.0;274.0;462.0;171.0;342.0;691.0;1380.0;257.0;446.0;-1.0;1.0;-6.0;5.0;ISOPROPANOL
205.0;397.0;788.0;1561.0;286.0;486.0;184.0;368.0;742.0;1455.0;270.0;463.0;-1.0;4.0;-6.0;5.0;ISOPROPANOL
213.0;417.0;810.0;1598.0;295.0;493.0;191.0;374.0;756.0;1493.0;274.0;470.0;-2.0;4.0;-7.0;5.0;ISOPROPANOL
216.0;423.0;831.0;1624.0;298.0;504.0;193.0;381.0;759.0;1491.0;277.0;470.0;-3.0;6.0;-7.0;9.0;ISOPROPANOL
209.0;408.0;802.0;1570.0;288.0;487.0;183.0;364.0;727.0;1436.0;265.0;455.0;-3.0;7.0;-7.0;9.0;ISOPROPANOL
203.0;395.0;774.0;1524.0;281.0;478.0;180.0;361.0;717.0;1417.0;261.0;450.0;-3.0;6.0;-2.0;10.0;ISOPROPANOL
206.0;398.0;783.0;1554.0;287.0;481.0;189.0;372.0;743.0;1463.0;271.0;469.0;-3.0;7.0;-2.0;9.0;ISOPROPANOL
217.0;424.0;832.0;1638.0;301.0;509.0;195.0;385.0;773.0;1520.0;280.0;484.0;0.0;8.0;1.0;8.0;ISOPROPANOL
230.0;444.0;867.0;1700.0;312.0;523.0;210.0;409.0;804.0;1579.0;292.0;500.0;0.0;7.0;4.0;6.0;ISOPROPANOL
238.0;456.0;885.0;1727.0;316.0;519.0;200.0;399.0;790.0;1545.0;286.0;490.0;-2.0;7.0;5.0;7.0;ISOPROPANOL
223.0;432.0;847.0;1663.0;303.0;512.0;199.0;395.0;781.0;1536.0;285.0;489.0;-2.0;0.0;7.0;9.0;ISOPROPANOL
224.0;433.0;862.0;1698.0;312.0;521.0;204.0;398.0;798.0;1571.0;290.0;499.0;-6.0;0.0;0.0;7.0;ISOPROPANOL
234.0;455.0;891.0;1751.0;321.0;535.0;215.0;422.0;837.0;1643.0;300.0;514.0;-8.0;-1.0;-6.0;11.0;ISOPROPANOL
242.0;464.0;910.0;1788.0;326.0;543.0;213.0;421.0;832.0;1622.0;300.0;517.0;-8.0;3.0;-6.0;7.0;ISOPROPANOL
243.0;470.0;913.0;1775.0;326.0;544.0;214.0;422.0;837.0;1643.0;301.0;518.0;-6.0;2.0;-6.0;5.0;ISOPROPANOL
248.0;481.0;922.0;1801.0;325.0;548.0;215.0;424.0;839.0;1627.0;299.0;513.0;-6.0;3.0;-5.0;6.0;ISOPROPANOL
246.0;472.0;911.0;1786.0;322.0;540.0;213.0;416.0;827.0;1616.0;296.0;505.0;-7.0;2.0;-5.0;6.0;ISOPROPANOL
238.0;459.0;887.0;1721.0;310.0;515.0;198.0;393.0;774.0;1506.0;277.0;480.0;-7.0;1.0;-5.0;12.0;ISOPROPANOL
223.0;427.0;830.0;1627.0;298.0;505.0;197.0;389.0;776.0;1506.0;275.0;476.0;-7.0;-1.0;-5.0;11.0;ISOPROPANOL
232.0;444.0;857.0;1677.0;304.0;516.0;205.0;398.0;787.0;1541.0;284.0;485.0;-7.0;-2.0;-6.0;11.0;ISOPROPANOL
233.0;448.0;864.0;1686.0;310.0;521.0;206.0;408.0;799.0;1568.0;287.0;493.0;-7.0;-4.0;-6.0;9.0;ISOPROPANOL
237.0;454.0;879.0;1718.0;313.0;526.0;211.0;412.0;815.0;1574.0;292.0;503.0;-9.0;-2.0;-5.0;12.0;ISOPROPANOL
240.0;457.0;896.0;1754.0;317.0;536.0;210.0;418.0;831.0;1624.0;297.0;511.0;-5.0;-2.0;-3.0;9.0;ISOPROPANOL
240.0;463.0;901.0;1757.0;321.0;537.0;210.0;417.0;821.0;1598.0;295.0;507.0;-5.0;-1.0;-2.0;11.0;ISOPROPANOL
242.0;466.0;903.0;1744.0;317.0;536.0;209.0;413.0;821.0;1605.0;294.0;503.0;-4.0;0.0;5.0;10.0;ISOPROPANOL
239.0;462.0;903.0;1750.0;318.0;534.0;211.0;420.0;821.0;1610.0;296.0;506.0;-5.0;2.0;8.0;10.0;ISOPROPANOL
232.0;452.0;886.0;1734.0;318.0;533.0;214.0;417.0;831.0;1623.0;297.0;511.0;-5.0;2.0;5.0;11.0;ISOPROPANOL
234.0;457.0;896.0;1751.0;320.0;537.0;206.0;411.0;826.0;1625.0;300.0;513.0;-5.0;3.0;2.0;10.0;ISOPROPANOL
238.0;462.0;900.0;1761.0;321.0;542.0;212.0;417.0;827.0;1636.0;299.0;519.0;-5.0;2.0;-2.0;9.0;ISOPROPANOL
237.0;462.0;908.0;1777.0;324.0;546.0;213.0;419.0;841.0;1632.0;301.0;516.0;-10.0;2.0;-5.0;7.0;ISOPROPANOL
239.0;465.0;905.0;1781.0;327.0;548.0;215.0;423.0;839.0;1662.0;307.0;532.0;-6.0;1.0;-5.0;3.0;ISOPROPANOL
243.0;474.0;933.0;1831.0;333.0;562.0;221.0;438.0;871.0;1699.0;311.0;538.0;-7.0;1.0;-5.0;2.0;ISOPROPANOL
257.0;494.0;951.0;1858.0;338.0;564.0;223.0;438.0;861.0;1687.0;309.0;526.0;-6.0;2.0;-2.0;4.0;ISOPROPANOL
251.0;481.0;932.0;1817.0;329.0;553.0;221.0;437.0;851.0;1661.0;301.0;518.0;-7.0;1.0;10.0;0.0;ISOPROPANOL
250.0;479.0;926.0;1803.0;328.0;550.0;221.0;432.0;853.0;1667.0;305.0;521.0;-7.0;1.0;12.0;0.0;ISOPROPANOL
243.0;469.0;916.0;1794.0;327.0;546.0;217.0;426.0;850.0;1653.0;303.0;520.0;-7.0;1.0;-1.0;0.0;ISOPROPANOL
243.0;468.0;912.0;1782.0;324.0;547.0;217.0;425.0;842.0;1644.0;304.0;521.0;-7.0;1.0;-1.0;5.0;ISOPROPANOL
244.0;474.0;924.0;1805.0;330.0;554.0;219.0;433.0;855.0;1670.0;307.0;530.0;-8.0;1.0;-1.0;9.0;ISOPROPANOL
245.0;477.0;931.0;1829.0;335.0;563.0;225.0;443.0;875.0;1721.0;315.0;539.0;-8.0;2.0;2.0;9.0;ISOPROPANOL
256.0;496.0;973.0;1872.0;342.0;576.0;232.0;458.0;902.0;1762.0;323.0;550.0;-7.0;1.0;2.0;9.0;ISOPROPANOL
269.0;512.0;996.0;1934.0;351.0;586.0;233.0;454.0;900.0;1770.0;323.0;555.0;-8.0;2.0;2.0;6.0;ISOPROPANOL
259.0;502.0;979.0;1877.0;344.0;574.0;232.0;451.0;884.0;1730.0;318.0;542.0;-8.0;1.0;1.0;6.0;ISOPROPANOL
264.0;505.0;977.0;1886.0;342.0;571.0;225.0;446.0;883.0;1706.0;313.0;533.0;-8.0;1.0;1.0;4.0;ISOPROPANOL
246.0;477.0;931.0;1804.0;327.0;547.0;217.0;430.0;846.0;1653.0;302.0;522.0;-7.0;1.0;1.0;5.0;ISOPROPANOL
237.0;460.0;893.0;1753.0;320.0;540.0;206.0;415.0;829.0;1632.0;300.0;518.0;-4.0;1.0;1.0;5.0;ISOPROPANOL
234.0;457.0;901.0;1771.0;322.0;542.0;209.0;419.0;830.0;1632.0;302.0;514.0;-4.0;-2.0;-1.0;5.0;ISOPROPANOL
239.0;463.0;905.0;1771.0;326.0;554.0;216.0;426.0;851.0;1677.0;307.0;531.0;-3.0;-3.0;-1.0;5.0;ISOPROPANOL
245.0;477.0;941.0;1852.0;338.0;571.0;225.0;445.0;886.0;1745.0;320.0;550.0;-4.0;-2.0;-1.0;4.0;ISOPROPANOL
258.0;503.0;982.0;1916.0;350.0;587.0;235.0;458.0;914.0;1765.0;323.0;556.0;-3.0;2.0;-1.0;4.0;ISOPROPANOL
258.0;499.0;965.0;1905.0;346.0;581.0;230.0;452.0;893.0;1746.0;319.0;550.0;-3.0;3.0;-1.0;10.0;ISOPROPANOL
259.0;501.0;970.0;1886.0;345.0;575.0;230.0;450.0;886.0;1727.0;317.0;545.0;-3.0;5.0;-1.0;12.0;ISOPROPANOL
264.0;507.0;978.0;1896.0;346.0;580.0;230.0;456.0;897.0;1777.0;323.0;556.0;2.0;5.0;-4.0;11.0;ISOPROPANOL
271.0;521.0;1010.0;1949.0;356.0;599.0;243.0;475.0;933.0;1832.0;333.0;570.0;1.0;5.0;2.0;3.0;ISOPROPANOL
279.0;530.0;1030.0;1994.0;362.0;605.0;245.0;479.0;943.0;1840.0;336.0;574.0;-4.0;2.0;2.0;2.0;ISOPROPANOL
272.0;523.0;1017.0;1986.0;363.0;603.0;251.0;482.0;950.0;1831.0;333.0;571.0;-4.0;2.0;3.0;2.0;ISOPROPANOL
265.0;510.0;992.0;1945.0;352.0;585.0;237.0;470.0;925.0;1803.0;324.0;558.0;1.0;-1.0;2.0;2.0;ISOPROPANOL
256.0;497.0;958.0;1886.0;344.0;579.0;228.0;448.0;892.0;1747.0;319.0;550.0;3.0;-3.0;7.0;5.0;ISOPROPANOL
252.0;487.0;951.0;1846.0;339.0;569.0;222.0;441.0;873.0;1710.0;313.0;547.0;3.0;-3.0;8.0;3.0;ISOPROPANOL
251.0;493.0;960.0;1886.0;346.0;584.0;229.0;456.0;906.0;1767.0;325.0;560.0;3.0;-3.0;9.0;4.0;ISOPROPANOL
260.0;503.0;983.0;1922.0;348.0;583.0;230.0;457.0;896.0;1757.0;322.0;555.0;0.0;-3.0;8.0;5.0;ISOPROPANOL
258.0;498.0;969.0;1897.0;347.0;583.0;231.0;458.0;910.0;1778.0;327.0;561.0;-2.0;4.0;5.0;6.0;ISOPROPANOL
258.0;502.0;975.0;1899.0;350.0;593.0;235.0;459.0;914.0;1798.0;329.0;564.0;-2.0;4.0;2.0;9.0;ISOPROPANOL
263.0;508.0;999.0;1952.0;356.0;599.0;238.0;474.0;944.0;1851.0;339.0;579.0;0.0;4.0;-1.0;2.0;ISOPROPANOL
269.0;522.0;1024.0;1992.0;360.0;605.0;235.0;468.0;936.0;1840.0;340.0;581.0;0.0;5.0;-1.0;2.0;ISOPROPANOL
266.0;516.0;1018.0;2010.0;369.0;621.0;248.0;492.0;977.0;1904.0;349.0;600.0;3.0;4.0;-1.0;2.0;ISOPROPANOL
277.0;537.0;1054.0;2069.0;380.0;635.0;253.0;503.0;995.0;1949.0;360.0;619.0;4.0;4.0;-1.0;0.0;ISOPROPANOL
283.0;553.0;1081.0;2117.0;384.0;644.0;253.0;501.0;999.0;1974.0;362.0;622.0;0.0;3.0;0.0;4.0;ISOPROPANOL
288.0;558.0;1102.0;2162.0;397.0;666.0;265.0;522.0;1035.0;2052.0;376.0;648.0;4.0;4.0;2.0;4.0;ISOPROPANOL
305.0;594.0;1160.0;2257.0;413.0;679.0;274.0;539.0;1060.0;2073.0;378.0;646.0;-1.0;2.0;9.0;4.0;ISOPROPANOL
296.0;574.0;1115.0;2177.0;394.0;662.0;262.0;520.0;1029.0;2014.0;368.0;627.0;-3.0;2.0;2.0;4.0;ISOPROPANOL
286.0;556.0;1087.0;2149.0;391.0;658.0;265.0;523.0;1035.0;2045.0;374.0;647.0;-3.0;1.0;2.0;2.0;ISOPROPANOL
302.0;590.0;1145.0;2242.0;409.0;680.0;277.0;542.0;1078.0;2097.0;387.0;655.0;-5.0;0.0;-2.0;2.0;ISOPROPANOL
315.0;605.0;1182.0;2315.0;419.0;700.0;291.0;565.0;1109.0;2150.0;393.0;669.0;-6.0;0.0;-4.0;2.0;ISOPROPANOL
321.0;617.0;1190.0;2317.0;421.0;697.0;286.0;560.0;1097.0;2129.0;389.0;662.0;-6.0;0.0;-4.0;6.0;ISOPROPANOL
318.0;613.0;1200.0;2293.0;417.0;695.0;285.0;558.0;1093.0;2139.0;390.0;673.0;-5.0;0.0;-4.0;6.0;ISOPROPANOL
323.0;613.0;1192.0;2308.0;416.0;686.0;281.0;551.0;1079.0;2089.0;382.0;656.0;-5.0;0.0;1.0;8.0;ISOPROPANOL
307.0;592.0;1150.0;2232.0;405.0;671.0;275.0;540.0;1059.0;2047.0;374.0;641.0;-6.0;0.0;1.0;10.0;ISOPROPANOL
296.0;572.0;1117.0;2178.0;398.0;662.0;274.0;534.0;1057.0;2061.0;372.0;641.0;-6.0;-4.0;1.0;5.0;ISOPROPANOL
302.0;585.0;1142.0;2221.0;406.0;676.0;277.0;543.0;1071.0;2093.0;383.0;655.0;-7.0;-5.0;2.0;7.0;ISOPROPANOL
315.0;609.0;1182.0;2299.0;416.0;697.0;290.0;564.0;1106.0;2144.0;393.0;668.0;-7.0;-5.0;0.0;6.0;ISOPROPANOL
330.0;631.0;1208.0;2331.0;426.0;702.0;293.0;566.0;1108.0;2161.0;396.0;675.0;-6.0;-4.0;2.0;6.0;ISOPROPANOL
324.0;618.0;1197.0;2339.0;423.0;708.0;294.0;572.0;1120.0;2173.0;393.0;670.0;-5.0;-3.0;0.0;5.0;ISOPROPANOL
323.0;620.0;1198.0;2323.0;416.0;696.0;286.0;554.0;1096.0;2116.0;389.0;663.0;-5.0;-3.0;-1.0;5.0;ISOPROPANOL
314.0;602.0;1165.0;2265.0;413.0;689.0;289.0;561.0;1094.0;2149.0;390.0;662.0;-1.0;-1.0;-1.0;5.0;ISOPROPANOL
322.0;619.0;1191.0;2300.0;416.0;692.0;290.0;565.0;1107.0;2147.0;387.0;661.0;-1.0;-2.0;4.0;6.0;ISOPROPANOL
317.0;609.0;1180.0;2297.0;416.0;696.0;289.0;564.0;1109.0;2158.0;394.0;669.0;-1.0;-2.0;4.0;6.0;ISOPROPANOL
320.0;617.0;1197.0;2318.0;421.0;700.0;292.0;571.0;1111.0;2154.0;397.0;672.0;-1.0;-2.0;4.0;7.0;ISOPROPANOL
327.0;630.0;1213.0;2361.0;427.0;706.0;302.0;584.0;1147.0;2210.0;402.0;684.0;-1.0;1.0;4.0;4.0;ISOPROPANOL
328.0;627.0;1226.0;2400.0;435.0;725.0;299.0;590.0;1161.0;2263.0;417.0;709.0;-3.0;-2.0;3.0;1.0;ISOPROPANOL
346.0;673.0;1309.0;2561.0;467.0;779.0;326.0;637.0;1253.0;2455.0;449.0;765.0;-8.0;1.0;4.0;1.0;ISOPROPANOL
374.0;721.0;1397.0;2719.0;493.0;807.0;335.0;659.0;1292.0;2519.0;460.0;784.0;-8.0;1.0;3.0;1.0;ISOPROPANOL
371.0;716.0;1386.0;2697.0;488.0;811.0;340.0;666.0;1301.0;2519.0;461.0;775.0;-8.0;1.0;2.0;0.0;ISOPROPANOL
375.0;722.0;1402.0;2714.0;496.0;814.0;348.0;679.0;1321.0;2506.0;461.0;773.0;-8.0;-1.0;-1.0;0.0;ISOPROPANOL
383.0;730.0;1403.0;2703.0;485.0;797.0;334.0;649.0;1257.0;2453.0;446.0;754.0;-8.0;1.0;-7.0;1.0;ISOPROPANOL
375.0;717.0;1370.0;2656.0;478.0;791.0;336.0;656.0;1272.0;2459.0;446.0;757.0;-7.0;-1.0;-8.0;7.0;ISOPROPANOL
371.0;710.0;1359.0;2631.0;473.0;783.0;339.0;649.0;1264.0;2426.0;440.0;749.0;-7.0;0.0;-8.0;4.0;ISOPROPANOL
373.0;707.0;1349.0;2583.0;464.0;765.0;324.0;628.0;1225.0;2364.0;426.0;724.0;-3.0;-2.0;-8.0;5.0;ISOPROPANOL
344.0;663.0;1283.0;2469.0;447.0;735.0;312.0;608.0;1184.0;2288.0;416.0;703.0;-3.0;0.0;-1.0;5.0;ISOPROPANOL
333.0;639.0;1244.0;2393.0;435.0;723.0;302.0;591.0;1157.0;2240.0;406.0;687.0;-3.0;0.0;-1.0;9.0;ISOPROPANOL
330.0;630.0;1228.0;2383.0;433.0;720.0;299.0;589.0;1154.0;2228.0;407.0;692.0;-7.0;2.0;2.0;1.0;ISOPROPANOL
338.0;647.0;1244.0;2393.0;434.0;718.0;305.0;592.0;1152.0;2233.0;407.0;692.0;-9.0;2.0;-1.0;1.0;ISOPROPANOL
335.0;643.0;1242.0;2393.0;436.0;724.0;300.0;592.0;1163.0;2263.0;411.0;697.0;-9.0;3.0;-4.0;1.0;ISOPROPANOL
339.0;653.0;1266.0;2461.0;451.0;750.0;320.0;626.0;1224.0;2354.0;431.0;739.0;-9.0;3.0;-5.0;1.0;ISOPROPANOL
358.0;692.0;1350.0;2644.0;481.0;804.0;350.0;680.0;1335.0;2569.0;469.0;790.0;-8.0;1.0;-4.0;0.0;ISOPROPANOL
388.0;743.0;1443.0;2818.0;514.0;848.0;367.0;713.0;1398.0;2708.0;492.0;837.0;-8.0;1.0;-4.0;6.0;ISOPROPANOL
416.0;802.0;1554.0;3025.0;552.0;912.0;405.0;782.0;1520.0;2943.0;536.0;906.0;-5.0;3.0;12.0;6.0;ISOPROPANOL
452.0;862.0;1660.0;3201.0;575.0;933.0;414.0;792.0;1534.0;2961.0;531.0;893.0;0.0;3.0;10.0;8.0;ISOPROPANOL
452.0;859.0;1648.0;3166.0;569.0;923.0;405.0;781.0;1519.0;2893.0;523.0;880.0;0.0;3.0;-1.0;6.0;ISOPROPANOL
443.0;841.0;1627.0;3124.0;559.0;909.0;397.0;769.0;1499.0;2858.0;514.0;858.0;-5.0;2.0;-7.0;7.0;ISOPROPANOL
425.0;815.0;1561.0;3019.0;541.0;885.0;386.0;752.0;1459.0;2810.0;508.0;855.0;-7.0;0.0;-7.0;2.0;ISOPROPANOL
425.0;813.0;1548.0;2991.0;545.0;891.0;388.0;754.0;1453.0;2810.0;511.0;851.0;-15.0;0.0;-8.0;2.0;ISOPROPANOL
432.0;808.0;1555.0;2987.0;534.0;872.0;374.0;727.0;1420.0;2728.0;492.0;833.0;-15.0;0.0;-9.0;2.0;ISOPROPANOL
405.0;773.0;1478.0;2835.0;513.0;842.0;366.0;713.0;1384.0;2641.0;481.0;809.0;-15.0;0.0;-8.0;2.0;ISOPROPANOL
389.0;746.0;1443.0;2785.0;502.0;826.0;347.0;678.0;1335.0;2557.0;462.0;790.0;-12.0;0.0;-6.0;8.0;ISOPROPANOL
386.0;744.0;1431.0;2747.0;500.0;827.0;357.0;695.0;1352.0;2609.0;474.0;799.0;-9.0;0.0;-8.0;5.0;ISOPROPANOL
390.0;743.0;1433.0;2770.0;499.0;823.0;348.0;676.0;1324.0;2542.0;462.0;788.0;-9.0;0.0;3.0;4.0;ISOPROPANOL
375.0;715.0;1380.0;2680.0;484.0;799.0;336.0;651.0;1275.0;2485.0;449.0;760.0;-3.0;-2.0;2.0;5.0;ISOPROPANOL
369.0;708.0;1368.0;2657.0;478.0;793.0;337.0;662.0;1294.0;2485.0;452.0;766.0;-9.0;-2.0;-5.0;5.0;ISOPROPANOL
367.0;705.0;1364.0;2630.0;477.0;790.0;332.0;643.0;1259.0;2463.0;445.0;762.0;-9.0;0.0;-9.0;6.0;ISOPROPANOL
370.0;709.0;1363.0;2636.0;473.0;787.0;331.0;650.0;1266.0;2463.0;445.0;751.0;-9.0;0.0;-5.0;2.0;ISOPROPANOL
363.0;697.0;1353.0;2619.0;475.0;784.0;337.0;656.0;1276.0;2467.0;447.0;759.0;-9.0;1.0;-5.0;2.0;ISOPROPANOL
361.0;697.0;1352.0;2603.0;472.0;784.0;327.0;641.0;1258.0;2452.0;442.0;757.0;-9.0;1.0;-2.0;2.0;ISOPROPANOL
368.0;706.0;1369.0;2627.0;479.0;790.0;333.0;652.0;1277.0;2465.0;449.0;760.0;-10.0;0.0;-2.0;0.0;ISOPROPANOL
368.0;704.0;1366.0;2647.0;481.0;795.0;339.0;652.0;1274.0;2475.0;451.0;767.0;-10.0;0.0;4.0;-2.0;ISOPROPANOL
377.0;717.0;1390.0;2678.0;482.0;802.0;339.0;657.0;1285.0;2472.0;453.0;767.0;-10.0;-5.0;0.0;-2.0;ISOPROPANOL
380.0;725.0;1390.0;2677.0;486.0;805.0;343.0;665.0;1297.0;2481.0;451.0;767.0;-10.0;-5.0;0.0;-2.0;ISOPROPANOL
379.0;723.0;1392.0;2685.0;486.0;802.0;342.0;665.0;1300.0;2511.0;455.0;774.0;-10.0;0.0;-3.0;0.0;ISOPROPANOL
384.0;737.0;1409.0;2707.0;492.0;809.0;352.0;679.0;1317.0;2533.0;459.0;783.0;-9.0;3.0;0.0;3.0;ISOPROPANOL
389.0;745.0;1440.0;2748.0;496.0;819.0;353.0;683.0;1336.0;2573.0;464.0;787.0;-7.0;3.0;0.0;6.0;ISOPROPANOL
393.0;749.0;1436.0;2779.0;502.0;824.0;357.0;697.0;1357.0;2600.0;474.0;807.0;-7.0;3.0;-3.0;5.0;ISOPROPANOL
395.0;757.0;1458.0;2810.0;506.0;830.0;360.0;699.0;1348.0;2616.0;473.0;807.0;-7.0;2.0;0.0;2.0;ISOPROPANOL
401.0;770.0;1494.0;2873.0;518.0;854.0;370.0;723.0;1399.0;2715.0;492.0;832.0;-2.0;2.0;0.0;2.0;ISOPROPANOL
410.0;781.0;1511.0;2925.0;526.0;864.0;373.0;725.0;1416.0;2726.0;490.0;831.0;-2.0;1.0;-5.0;6.0;ISOPROPANOL
411.0;786.0;1516.0;2926.0;530.0;869.0;378.0;731.0;1436.0;2748.0;499.0;845.0;1.0;-2.0;-5.0;13.0;ISOPROPANOL
422.0;805.0;1541.0;2967.0;537.0;885.0;388.0;756.0;1460.0;2814.0;508.0;849.0;1.0;-2.0;-5.0;14.0;ISOPROPANOL
427.0;816.0;1559.0;3014.0;544.0;894.0;391.0;759.0;1477.0;2838.0;509.0;864.0;1.0;1.0;-5.0;11.0;ISOPROPANOL
433.0;824.0;1582.0;3039.0;551.0;907.0;399.0;771.0;1495.0;2870.0;519.0;874.0;1.0;2.0;-2.0;19.0;ISOPROPANOL
446.0;843.0;1623.0;3100.0;557.0;909.0;405.0;780.0;1507.0;2892.0;518.0;878.0;-5.0;5.0;-1.0;8.0;ISOPROPANOL
446.0;845.0;1627.0;3116.0;559.0;913.0;405.0;785.0;1503.0;2890.0;521.0;872.0;-6.0;5.0;-1.0;8.0;ISOPROPANOL
444.0;844.0;1607.0;3058.0;551.0;894.0;398.0;772.0;1486.0;2838.0;508.0;862.0;-6.0;-1.0;1.0;2.0;ISOPROPANOL
434.0;830.0;1601.0;3058.0;546.0;897.0;398.0;767.0;1489.0;2865.0;513.0;868.0;-7.0;-1.0;2.0;2.0;ISOPROPANOL
435.0;831.0;1581.0;3027.0;544.0;897.0;396.0;766.0;1484.0;2843.0;511.0;861.0;-9.0;-1.0;4.0;2.0;ISOPROPANOL
424.0;806.0;1551.0;2984.0;541.0;891.0;391.0;758.0;1468.0;2842.0;508.0;860.0;-11.0;0.0;2.0;3.0;ISOPROPANOL
429.0;819.0;1580.0;3048.0;549.0;898.0;394.0;762.0;1477.0;2860.0;515.0;867.0;-9.0;2.0;5.0;3.0;ISOPROPANOL
441.0;834.0;1598.0;3055.0;549.0;897.0;394.0;761.0;1478.0;2836.0;512.0;857.0;-11.0;2.0;2.0;3.0;ISOPROPANOL
439.0;836.0;1593.0;3020.0;543.0;885.0;393.0;760.0;1464.0;2808.0;501.0;859.0;-12.0;0.0;1.0;7.0;ISOPROPANOL
431.0;823.0;1575.0;3032.0;543.0;892.0;394.0;762.0;1480.0;2823.0;507.0;864.0;-12.0;1.0;1.0;3.0;ISOPROPANOL
432.0;821.0;1567.0;3002.0;540.0;884.0;384.0;742.0;1430.0;2742.0;496.0;844.0;-12.0;0.0;-5.0;9.0;ISOPROPANOL
418.0;799.0;1539.0;2960.0;533.0;879.0;379.0;742.0;1439.0;2764.0;501.0;843.0;-12.0;-5.0;-6.0;7.0;ISOPROPANOL
418.0;799.0;1539.0;2969.0;540.0;895.0;395.0;765.0;1483.0;2859.0;515.0;872.0;-7.0;-6.0;-6.0;9.0;ISOPROPANOL
438.0;841.0;1625.0;3133.0;565.0;924.0;408.0;790.0;1540.0;2958.0;539.0;901.0;-5.0;-6.0;-4.0;4.0;ISOPROPANOL
459.0;878.0;1684.0;3250.0;585.0;957.0;433.0;836.0;1611.0;3090.0;558.0;935.0;-5.0;-6.0;-4.0;5.0;ISOPROPANOL
480.0;906.0;1752.0;3349.0;600.0;981.0;443.0;858.0;1646.0;3166.0;568.0;961.0;-3.0;-5.0;4.0;4.0;ISOPROPANOL
485.0;927.0;1781.0;3416.0;613.0;994.0;452.0;871.0;1672.0;3198.0;578.0;964.0;-3.0;-5.0;6.0;4.0;ISOPROPANOL
497.0;938.0;1792.0;3432.0;614.0;1000.0;452.0;874.0;1673.0;3176.0;571.0;954.0;-3.0;-4.0;6.0;4.0;ISOPROPANOL
480.0;910.0;1743.0;3350.0;597.0;978.0;437.0;842.0;1627.0;3114.0;558.0;936.0;1.0;-4.0;-2.0;4.0;ISOPROPANOL
469.0;889.0;1700.0;3255.0;582.0;954.0;425.0;823.0;1594.0;3042.0;545.0;913.0;1.0;-4.0;-2.0;5.0;ISOPROPANOL
452.0;867.0;1664.0;3197.0;574.0;942.0;416.0;810.0;1560.0;2980.0;540.0;907.0;-5.0;-4.0;-2.0;5.0;ISOPROPANOL
457.0;871.0;1659.0;3172.0;572.0;933.0;410.0;794.0;1536.0;2944.0;532.0;894.0;1.0;-4.0;6.0;5.0;ISOPROPANOL
443.0;841.0;1618.0;3086.0;556.0;916.0;401.0;772.0;1501.0;2886.0;519.0;876.0;1.0;-4.0;6.0;6.0;ISOPROPANOL
435.0;824.0;1572.0;3039.0;549.0;901.0;398.0;771.0;1484.0;2866.0;512.0;866.0;-1.0;-4.0;2.0;5.0;ISOPROPANOL
433.0;827.0;1598.0;3052.0;549.0;904.0;395.0;768.0;1489.0;2855.0;517.0;869.0;-2.0;-3.0;2.0;5.0;ISOPROPANOL
439.0;836.0;1611.0;3067.0;556.0;916.0;407.0;782.0;1505.0;2879.0;524.0;882.0;-1.0;-3.0;1.0;7.0;ISOPROPANOL
455.0;857.0;1643.0;3146.0;565.0;923.0;412.0;794.0;1537.0;2957.0;532.0;891.0;-1.0;5.0;1.0;5.0;ISOPROPANOL
458.0;870.0;1659.0;3170.0;570.0;932.0;416.0;813.0;1556.0;2997.0;539.0;902.0;-2.0;2.0;-1.0;7.0;ISOPROPANOL
458.0;868.0;1665.0;3205.0;579.0;950.0;429.0;829.0;1602.0;3079.0;552.0;924.0;-8.0;2.0;-3.0;1.0;ISOPROPANOL
466.0;893.0;1711.0;3289.0;591.0;968.0;434.0;839.0;1627.0;3103.0;557.0;934.0;-8.0;2.0;1.0;5.0;ISOPROPANOL
469.0;894.0;1712.0;3289.0;590.0;967.0;433.0;837.0;1620.0;3101.0;551.0;930.0;-8.0;3.0;4.0;5.0;ISOPROPANOL
472.0;890.0;1711.0;3284.0;592.0;968.0;441.0;847.0;1626.0;3110.0;559.0;931.0;-8.0;3.0;4.0;8.0;ISOPROPANOL
479.0;904.0;1734.0;3325.0;595.0;975.0;444.0;850.0;1636.0;3114.0;563.0;952.0;-3.0;3.0;6.0;10.0;ISOPROPANOL
497.0;938.0;1786.0;3400.0;608.0;999.0;449.0;867.0;1673.0;3185.0;575.0;964.0;-3.0;3.0;9.0;8.0;ISOPROPANOL
514.0;964.0;1823.0;3463.0;621.0;1009.0;460.0;882.0;1698.0;3232.0;580.0;973.0;-3.0;3.0;5.0;9.0;ISOPROPANOL
516.0;970.0;1830.0;3470.0;621.0;1008.0;463.0;886.0;1687.0;3181.0;576.0;967.0;-5.0;-2.0;5.0;5.0;ISOPROPANOL
508.0;954.0;1807.0;3439.0;615.0;997.0;462.0;881.0;1693.0;3225.0;577.0;965.0;-7.0;-1.0;0.0;9.0;ISOPROPANOL
502.0;951.0;1797.0;3426.0;608.0;995.0;449.0;870.0;1664.0;3167.0;570.0;956.0;-7.0;-2.0;0.0;2.0;ISOPROPANOL
486.0;923.0;1768.0;3367.0;600.0;973.0;443.0;848.0;1635.0;3123.0;562.0;935.0;-7.0;-2.0;0.0;2.0;ISOPROPANOL
476.0;897.0;1709.0;3281.0;593.0;968.0;434.0;831.0;1605.0;3064.0;553.0;927.0;0.0;-1.0;0.0;2.0;ISOPROPANOL
469.0;893.0;1717.0;3265.0;586.0;958.0;436.0;838.0;1608.0;3086.0;552.0;925.0;0.0;-1.0;2.0;3.0;ISOPROPANOL
468.0;890.0;1688.0;3238.0;581.0;949.0;422.0;814.0;1578.0;3010.0;542.0;911.0;1.0;-1.0;2.0;3.0;ISOPROPANOL
461.0;879.0;1674.0;3199.0;573.0;934.0;419.0;807.0;1559.0;2983.0;535.0;908.0;0.0;-1.0;2.0;8.0;ISOPROPANOL
452.0;856.0;1640.0;3154.0;563.0;926.0;413.0;788.0;1535.0;2925.0;529.0;886.0;-1.0;8.0;4.0;9.0;ISOPROPANOL
448.0;852.0;1631.0;3137.0;563.0;930.0;416.0;805.0;1564.0;2979.0;533.0;899.0;-6.0;-1.0;-7.0;4.0;ISOPROPANOL
460.0;867.0;1672.0;3182.0;572.0;933.0;421.0;815.0;1574.0;2976.0;536.0;896.0;-9.0;-1.0;-7.0;4.0;ISOPROPANOL
459.0;872.0;1653.0;3162.0;571.0;932.0;414.0;805.0;1559.0;2967.0;535.0;897.0;-9.0;-4.0;-2.0;3.0;ISOPROPANOL
456.0;868.0;1672.0;3188.0;572.0;938.0;425.0;814.0;1572.0;3007.0;541.0;912.0;-9.0;-4.0;3.0;3.0;ISOPROPANOL
470.0;887.0;1696.0;3253.0;583.0;954.0;423.0;819.0;1590.0;3044.0;551.0;919.0;-9.0;-5.0;3.0;2.0;ISOPROPANOL
462.0;880.0;1688.0;3235.0;581.0;957.0;433.0;832.0;1595.0;3038.0;546.0;920.0;-4.0;-5.0;3.0;0.0;ISOPROPANOL
467.0;887.0;1702.0;3270.0;585.0;964.0;430.0;829.0;1600.0;3074.0;559.0;932.0;0.0;-5.0;0.0;0.0;ISOPROPANOL
480.0;908.0;1727.0;3317.0;594.0;978.0;442.0;852.0;1643.0;3131.0;566.0;945.0;-4.0;2.0;3.0;0.0;ISOPROPANOL
487.0;927.0;1762.0;3365.0;604.0;987.0;451.0;867.0;1663.0;3186.0;569.0;962.0;-4.0;2.0;3.0;0.0;ISOPROPANOL
500.0;947.0;1807.0;3448.0;618.0;1013.0;467.0;894.0;1714.0;3250.0;584.0;980.0;-7.0;1.0;0.0;0.0;ISOPROPANOL
520.0;976.0;1845.0;3502.0;626.0;1021.0;475.0;909.0;1726.0;3281.0;587.0;982.0;-7.0;1.0;4.0;3.0;ISOPROPANOL
509.0;960.0;1816.0;3441.0;613.0;1008.0;465.0;890.0;1706.0;3241.0;578.0;968.0;-8.0;0.0;3.0;3.0;ISOPROPANOL
500.0;946.0;1804.0;3427.0;614.0;1000.0;446.0;861.0;1661.0;3172.0;571.0;959.0;-7.0;0.0;4.0;2.0;ISOPROPANOL
490.0;927.0;1778.0;3399.0;613.0;996.0;457.0;877.0;1679.0;3184.0;572.0;964.0;-6.0;0.0;7.0;11.0;ISOPROPANOL
499.0;945.0;1800.0;3458.0;618.0;1010.0;466.0;890.0;1717.0;3270.0;586.0;979.0;-6.0;-2.0;7.0;10.0;ISOPROPANOL
514.0;967.0;1844.0;3495.0;626.0;1023.0;471.0;905.0;1735.0;3305.0;596.0;997.0;-6.0;-2.0;7.0;7.0;ISOPROPANOL
517.0;982.0;1878.0;3576.0;638.0;1043.0;478.0;926.0;1774.0;3398.0;607.0;1016.0;-4.0;-2.0;8.0;5.0;ISOPROPANOL
531.0;1005.0;1914.0;3648.0;647.0;1054.0;483.0;919.0;1767.0;3370.0;600.0;1011.0;-4.0;-1.0;13.0;8.0;ISOPROPANOL
517.0;984.0;1874.0;3593.0;644.0;1054.0;490.0;938.0;1798.0;3419.0;613.0;1020.0;-5.0;-1.0;8.0;4.0;ISOPROPANOL
533.0;1006.0;1930.0;3685.0;662.0;1079.0;499.0;954.0;1829.0;3481.0;625.0;1042.0;-5.0;2.0;8.0;4.0;ISOPROPANOL
549.0;1035.0;1954.0;3741.0;667.0;1086.0;499.0;959.0;1846.0;3495.0;629.0;1054.0;-5.0;-1.0;5.0;4.0;ISOPROPANOL
552.0;1045.0;1973.0;3772.0;673.0;1094.0;504.0;960.0;1845.0;3525.0;633.0;1059.0;-7.0;-1.0;3.0;4.0;ISOPROPANOL
567.0;1062.0;2003.0;3772.0;669.0;1081.0;502.0;958.0;1833.0;3472.0;624.0;1035.0;-5.0;0.0;5.0;4.0;ISOPROPANOL
541.0;1021.0;1925.0;3643.0;652.0;1060.0;489.0;942.0;1798.0;3437.0;610.0;1023.0;-5.0;-3.0;3.0;4.0;ISOPROPANOL
536.0;1009.0;1901.0;3616.0;646.0;1053.0;486.0;929.0;1783.0;3404.0;609.0;1018.0;-5.0;-4.0;5.0;3.0;ISOPROPANOL
533.0;1006.0;1926.0;3674.0;659.0;1075.0;494.0;951.0;1830.0;3469.0;624.0;1041.0;-6.0;-4.0;3.0;4.0;ISOPROPANOL
545.0;1031.0;1968.0;3739.0;666.0;1092.0;512.0;977.0;1856.0;3518.0;634.0;1058.0;-5.0;-1.0;5.0;4.0;ISOPROPANOL
551.0;1039.0;1978.0;3771.0;668.0;1083.0;507.0;964.0;1852.0;3516.0;628.0;1045.0;-5.0;-1.0;9.0;5.0;ISOPROPANOL
550.0;1036.0;1968.0;3759.0;669.0;1089.0;518.0;987.0;1880.0;3553.0;632.0;1054.0;-4.0;-1.0;8.0;5.0;ISOPROPANOL
563.0;1057.0;2011.0;3794.0;677.0;1096.0;508.0;980.0;1875.0;3561.0;639.0;1062.0;-2.0;-1.0;6.0;5.0;ISOPROPANOL
562.0;1056.0;1999.0;3807.0;675.0;1099.0;511.0;981.0;1868.0;3548.0;636.0;1056.0;-2.0;-1.0;1.0;4.0;ISOPROPANOL
556.0;1044.0;1977.0;3756.0;670.0;1089.0;512.0;974.0;1858.0;3520.0;629.0;1046.0;-4.0;-2.0;-2.0;4.0;ISOPROPANOL
545.0;1022.0;1946.0;3710.0;663.0;1073.0;498.0;961.0;1842.0;3483.0;618.0;1043.0;-4.0;-2.0;1.0;11.0;ISOPROPANOL
547.0;1024.0;1947.0;3724.0;665.0;1081.0;498.0;960.0;1846.0;3501.0;628.0;1057.0;-6.0;-2.0;-4.0;11.0;ISOPROPANOL
559.0;1052.0;2002.0;3787.0;677.0;1097.0;516.0;978.0;1880.0;3545.0;634.0;1060.0;-6.0;2.0;-4.0;12.0;ISOPROPANOL
580.0;1081.0;2031.0;3840.0;684.0;1095.0;517.0;985.0;1869.0;3553.0;633.0;1056.0;-3.0;2.0;1.0;8.0;ISOPROPANOL
576.0;1072.0;2024.0;3820.0;673.0;1091.0;522.0;994.0;1889.0;3564.0;637.0;1067.0;1.0;2.0;1.0;8.0;ISOPROPANOL
565.0;1063.0;2028.0;3846.0;682.0;1097.0;517.0;985.0;1884.0;3553.0;630.0;1053.0;-3.0;5.0;2.0;5.0;ISOPROPANOL
550.0;1031.0;1951.0;3708.0;658.0;1071.0;500.0;957.0;1830.0;3462.0;616.0;1034.0;-3.0;3.0;3.0;5.0;ISOPROPANOL
539.0;1013.0;1922.0;3663.0;653.0;1067.0;502.0;960.0;1826.0;3449.0;619.0;1032.0;-9.0;3.0;2.0;5.0;ISOPROPANOL
541.0;1019.0;1939.0;3687.0;662.0;1079.0;508.0;975.0;1866.0;3539.0;631.0;1067.0;-9.0;2.0;-1.0;10.0;ISOPROPANOL
557.0;1050.0;2013.0;3835.0;682.0;1107.0;518.0;983.0;1883.0;3593.0;638.0;1074.0;-9.0;-1.0;-2.0;13.0;ISOPROPANOL
569.0;1071.0;2029.0;3841.0;683.0;1107.0;514.0;989.0;1883.0;3578.0;640.0;1068.0;-4.0;-1.0;-2.0;10.0;ISOPROPANOL
564.0;1060.0;2014.0;3800.0;674.0;1092.0;504.0;968.0;1851.0;3503.0;627.0;1048.0;-4.0;-1.0;-3.0;16.0;ISOPROPANOL
542.0;1018.0;1938.0;3668.0;659.0;1074.0;501.0;953.0;1839.0;3474.0;620.0;1031.0;-1.0;-1.0;-2.0;9.0;ISOPROPANOL
538.0;1017.0;1941.0;3691.0;658.0;1072.0;499.0;956.0;1829.0;3487.0;623.0;1037.0;-1.0;-1.0;-2.0;9.0;ISOPROPANOL
544.0;1021.0;1940.0;3698.0;660.0;1064.0;504.0;954.0;1823.0;3479.0;620.0;1039.0;-1.0;1.0;1.0;10.0;ISOPROPANOL
544.0;1030.0;1947.0;3732.0;666.0;1084.0;508.0;968.0;1847.0;3497.0;624.0;1044.0;-1.0;1.0;5.0;5.0;ISOPROPANOL
549.0;1034.0;1967.0;3745.0;666.0;1086.0;505.0;968.0;1846.0;3512.0;630.0;1056.0;7.0;4.0;6.0;5.0;ISOPROPANOL
565.0;1063.0;2012.0;3799.0;677.0;1094.0;516.0;983.0;1866.0;3550.0;628.0;1044.0;-1.0;4.0;5.0;5.0;ISOPROPANOL
552.0;1032.0;1959.0;3738.0;662.0;1075.0;505.0;968.0;1852.0;3472.0;623.0;1043.0;-1.0;4.0;5.0;7.0;ISOPROPANOL
553.0;1042.0;1971.0;3752.0;667.0;1087.0;506.0;963.0;1850.0;3495.0;625.0;1049.0;0.0;2.0;1.0;8.0;ISOPROPANOL
555.0;1041.0;1990.0;3763.0;674.0;1105.0;515.0;992.0;1890.0;3597.0;643.0;1071.0;-1.0;6.0;1.0;6.0;ISOPROPANOL
567.0;1062.0;2030.0;3879.0;694.0;1129.0;528.0;1005.0;1935.0;3684.0;659.0;1100.0;-1.0;2.0;1.0;10.0;ISOPROPANOL
589.0;1104.0;2101.0;3983.0;708.0;1146.0;539.0;1030.0;1960.0;3712.0;660.0;1101.0;-1.0;2.0;1.0;4.0;ISOPROPANOL
595.0;1113.0;2113.0;3968.0;704.0;1133.0;541.0;1028.0;1964.0;3684.0;661.0;1103.0;0.0;-1.0;1.0;8.0;ISOPROPANOL
594.0;1117.0;2106.0;3965.0;703.0;1138.0;549.0;1036.0;1977.0;3704.0;656.0;1094.0;0.0;2.0;3.0;10.0;ISOPROPANOL
600.0;1118.0;2111.0;3962.0;706.0;1133.0;551.0;1042.0;1971.0;3693.0;655.0;1091.0;0.0;2.0;5.0;8.0;ISOPROPANOL
600.0;1116.0;2100.0;3960.0;701.0;1131.0;545.0;1031.0;1973.0;3715.0;656.0;1097.0;-3.0;4.0;-1.0;8.0;ISOPROPANOL
591.0;1111.0;2097.0;3963.0;704.0;1130.0;537.0;1023.0;1953.0;3678.0;656.0;1104.0;-3.0;4.0;-1.0;12.0;ISOPROPANOL
584.0;1097.0;2080.0;3943.0;700.0;1131.0;542.0;1023.0;1948.0;3664.0;657.0;1097.0;-3.0;4.0;-1.0;5.0;ISOPROPANOL
581.0;1098.0;2087.0;3955.0;709.0;1149.0;544.0;1046.0;1985.0;3753.0;670.0;1116.0;-5.0;4.0;-5.0;6.0;ISOPROPANOL
594.0;1114.0;2106.0;4006.0;711.0;1151.0;555.0;1054.0;2002.0;3795.0;669.0;1119.0;-5.0;6.0;-5.0;6.0;ISOPROPANOL
602.0;1126.0;2120.0;3993.0;711.0;1147.0;541.0;1035.0;1975.0;3710.0;662.0;1110.0;-5.0;-3.0;4.0;4.0;ISOPROPANOL
593.0;1113.0;2098.0;4002.0;706.0;1145.0;545.0;1038.0;1964.0;3720.0;660.0;1100.0;-6.0;-3.0;6.0;5.0;ISOPROPANOL
587.0;1101.0;2089.0;3965.0;705.0;1148.0;549.0;1047.0;1984.0;3744.0;667.0;1109.0;-8.0;-3.0;3.0;4.0;ISOPROPANOL
594.0;1116.0;2119.0;4034.0;717.0;1164.0;550.0;1048.0;1999.0;3778.0;670.0;1113.0;-6.0;-2.0;3.0;4.0;ISOPROPANOL
599.0;1125.0;2137.0;4054.0;722.0;1174.0;564.0;1066.0;2039.0;3823.0;690.0;1144.0;-5.0;0.0;3.0;4.0;ISOPROPANOL
618.0;1160.0;2191.0;4163.0;739.0;1197.0;574.0;1090.0;2072.0;3927.0;699.0;1161.0;-5.0;1.0;-1.0;4.0;ISOPROPANOL
622.0;1168.0;2202.0;4146.0;735.0;1184.0;567.0;1083.0;2052.0;3861.0;686.0;1142.0;-5.0;1.0;-1.0;4.0;ISOPROPANOL
603.0;1132.0;2146.0;4058.0;724.0;1169.0;564.0;1064.0;2032.0;3841.0;683.0;1128.0;-5.0;8.0;0.0;5.0;ISOPROPANOL
602.0;1135.0;2153.0;4095.0;729.0;1182.0;569.0;1077.0;2051.0;3857.0;684.0;1143.0;-4.0;8.0;1.0;12.0;ISOPROPANOL
608.0;1146.0;2172.0;4105.0;730.0;1183.0;566.0;1071.0;2034.0;3847.0;691.0;1141.0;-5.0;9.0;0.0;9.0;ISOPROPANOL
616.0;1161.0;2199.0;4167.0;742.0;1200.0;574.0;1099.0;2084.0;3929.0;701.0;1159.0;-4.0;2.0;1.0;11.0;ISOPROPANOL
638.0;1188.0;2231.0;4231.0;747.0;1197.0;583.0;1089.0;2076.0;3891.0;693.0;1152.0;-4.0;2.0;1.0;7.0;ISOPROPANOL
628.0;1168.0;2202.0;4161.0;735.0;1189.0;576.0;1094.0;2064.0;3866.0;687.0;1135.0;-4.0;2.0;6.0;7.0;ISOPROPANOL
610.0;1148.0;2173.0;4104.0;726.0;1173.0;563.0;1068.0;2031.0;3834.0;679.0;1136.0;-7.0;0.0;-3.0;5.0;ISOPROPANOL
618.0;1153.0;2178.0;4125.0;731.0;1180.0;578.0;1086.0;2055.0;3886.0;691.0;1148.0;-5.0;2.0;0.0;9.0;ISOPROPANOL
621.0;1165.0;2203.0;4164.0;740.0;1192.0;586.0;1105.0;2092.0;3927.0;693.0;1158.0;-5.0;2.0;0.0;5.0;ISOPROPANOL
618.0;1163.0;2211.0;4159.0;739.0;1195.0;575.0;1089.0;2057.0;3893.0;690.0;1148.0;-5.0;2.0;0.0;4.0;ISOPROPANOL
618.0;1154.0;2172.0;4129.0;734.0;1186.0;574.0;1086.0;2068.0;3886.0;694.0;1157.0;-5.0;0.0;0.0;8.0;ISOPROPANOL
633.0;1175.0;2221.0;4217.0;744.0;1209.0;587.0;1116.0;2120.0;3980.0;705.0;1175.0;-5.0;0.0;0.0;4.0;ISOPROPANOL
635.0;1195.0;2249.0;4274.0;753.0;1211.0;585.0;1115.0;2112.0;3973.0;706.0;1173.0;1.0;0.0;-1.0;9.0;ISOPROPANOL
647.0;1207.0;2259.0;4260.0;751.0;1213.0;585.0;1112.0;2113.0;3969.0;703.0;1168.0;0.0;0.0;-1.0;9.0;ISOPROPANOL
644.0;1201.0;2261.0;4226.0;751.0;1211.0;589.0;1112.0;2102.0;3952.0;703.0;1157.0;0.0;0.0;-8.0;13.0;ISOPROPANOL
644.0;1206.0;2258.0;4237.0;746.0;1213.0;597.0;1120.0;2116.0;3968.0;704.0;1166.0;0.0;0.0;-8.0;14.0;ISOPROPANOL
652.0;1206.0;2270.0;4247.0;747.0;1204.0;590.0;1111.0;2103.0;3953.0;701.0;1163.0;1.0;1.0;-1.0;12.0;ISOPROPANOL
649.0;1210.0;2264.0;4242.0;747.0;1202.0;585.0;1114.0;2098.0;3925.0;699.0;1161.0;0.0;1.0;-1.0;14.0;ISOPROPANOL
650.0;1203.0;2245.0;4215.0;745.0;1202.0;602.0;1128.0;2110.0;3962.0;702.0;1160.0;-5.0;0.0;-5.0;5.0;ISOPROPANOL
643.0;1200.0;2251.0;4253.0;749.0;1205.0;597.0;1127.0;2130.0;4005.0;708.0;1173.0;1.0;0.0;1.0;3.0;ISOPROPANOL
647.0;1219.0;2287.0;4291.0;758.0;1229.0;603.0;1136.0;2167.0;4035.0;717.0;1186.0;-2.0;1.0;1.0;1.0;ISOPROPANOL
654.0;1216.0;2292.0;4305.0;758.0;1216.0;598.0;1125.0;2128.0;4003.0;708.0;1172.0;-9.0;1.0;1.0;1.0;ISOPROPANOL
632.0;1184.0;2238.0;4201.0;743.0;1201.0;585.0;1107.0;2111.0;3957.0;699.0;1162.0;-2.0;1.0;4.0;8.0;ISOPROPANOL
634.0;1180.0;2226.0;4199.0;743.0;1207.0;587.0;1107.0;2101.0;3949.0;699.0;1147.0;-2.0;3.0;7.0;4.0;ISOPROPANOL
622.0;1161.0;2203.0;4158.0;736.0;1192.0;580.0;1100.0;2086.0;3889.0;691.0;1155.0;-2.0;3.0;4.0;5.0;ISOPROPANOL
634.0;1181.0;2227.0;4193.0;746.0;1207.0;590.0;1121.0;2105.0;3991.0;704.0;1172.0;0.0;-2.0;6.0;8.0;ISOPROPANOL
634.0;1189.0;2248.0;4235.0;748.0;1207.0;586.0;1110.0;2105.0;3961.0;710.0;1175.0;0.0;-6.0;6.0;8.0;ISOPROPANOL
637.0;1199.0;2243.0;4240.0;750.0;1205.0;591.0;1115.0;2125.0;3995.0;704.0;1172.0;0.0;-6.0;7.0;8.0;ISOPROPANOL
638.0;1191.0;2239.0;4227.0;747.0;1206.0;582.0;1095.0;2085.0;3943.0;699.0;1164.0;0.0;-7.0;5.0;7.0;ISOPROPANOL
633.0;1189.0;2235.0;4239.0;749.0;1215.0;598.0;1133.0;2150.0;4056.0;715.0;1191.0;-4.0;-7.0;3.0;4.0;ISOPROPANOL
651.0;1216.0;2302.0;4309.0;761.0;1232.0;602.0;1145.0;2164.0;4051.0;719.0;1196.0;-6.0;-7.0;3.0;7.0;ISOPROPANOL
656.0;1223.0;2311.0;4348.0;770.0;1232.0;604.0;1139.0;2172.0;4084.0;720.0;1202.0;-6.0;-3.0;2.0;3.0;ISOPROPANOL
658.0;1229.0;2311.0;4366.0;768.0;1247.0;612.0;1164.0;2182.0;4082.0;725.0;1201.0;-6.0;-3.0;2.0;7.0;ISOPROPANOL
667.0;1241.0;2327.0;4396.0;775.0;1250.0;604.0;1150.0;2166.0;4082.0;724.0;1203.0;-6.0;2.0;2.0;3.0;ISOPROPANOL
659.0;1231.0;2327.0;4364.0;771.0;1242.0;613.0;1155.0;2185.0;4113.0;725.0;1208.0;-3.0;0.0;2.0;10.0;ISOPROPANOL
663.0;1237.0;2336.0;4404.0;774.0;1250.0;609.0;1154.0;2191.0;4137.0;731.0;1213.0;-3.0;-3.0;1.0;8.0;ISOPROPANOL
676.0;1267.0;2370.0;4418.0;778.0;1252.0;613.0;1163.0;2194.0;4120.0;729.0;1206.0;-5.0;0.0;-3.0;10.0;ISOPROPANOL
672.0;1241.0;2333.0;4383.0;773.0;1246.0;615.0;1156.0;2199.0;4128.0;730.0;1215.0;-3.0;1.0;1.0;4.0;ISOPROPANOL
673.0;1263.0;2364.0;4410.0;783.0;1253.0;614.0;1165.0;2195.0;4090.0;730.0;1206.0;-3.0;0.0;1.0;5.0;ISOPROPANOL
672.0;1246.0;2344.0;4392.0;776.0;1244.0;616.0;1154.0;2199.0;4122.0;729.0;1211.0;-3.0;1.0;8.0;7.0;ISOPROPANOL
665.0;1239.0;2331.0;4404.0;775.0;1247.0;611.0;1153.0;2192.0;4119.0;729.0;1216.0;-3.0;2.0;8.0;7.0;ISOPROPANOL
669.0;1245.0;2330.0;4409.0;777.0;1260.0;614.0;1161.0;2200.0;4122.0;732.0;1202.0;-2.0;4.0;-1.0;14.0;ISOPROPANOL
665.0;1245.0;2313.0;4371.0;775.0;1250.0;608.0;1150.0;2173.0;4090.0;726.0;1199.0;-2.0;2.0;-1.0;8.0;ISOPROPANOL
668.0;1239.0;2322.0;4368.0;775.0;1245.0;618.0;1169.0;2207.0;4119.0;731.0;1210.0;-2.0;2.0;-2.0;5.0;ISOPROPANOL
668.0;1238.0;2351.0;4418.0;779.0;1261.0;627.0;1186.0;2228.0;4187.0;738.0;1229.0;-2.0;-3.0;-2.0;5.0;ISOPROPANOL
676.0;1266.0;2371.0;4435.0;786.0;1262.0;621.0;1177.0;2219.0;4146.0;735.0;1221.0;-2.0;-3.0;-1.0;5.0;ISOPROPANOL
670.0;1254.0;2351.0;4450.0;785.0;1270.0;620.0;1180.0;2227.0;4200.0;739.0;1221.0;-3.0;-6.0;-2.0;0.0;ISOPROPANOL
682.0;1275.0;2386.0;4466.0;793.0;1271.0;634.0;1193.0;2245.0;4197.0;741.0;1229.0;-3.0;-3.0;-4.0;4.0;ISOPROPANOL
678.0;1262.0;2387.0;4486.0;796.0;1283.0;628.0;1186.0;2262.0;4247.0;752.0;1248.0;-4.0;-2.0;-4.0;4.0;ISOPROPANOL
697.0;1303.0;2431.0;4567.0;803.0;1287.0;633.0;1198.0;2262.0;4257.0;751.0;1237.0;-4.0;-1.0;-5.0;10.0;ISOPROPANOL
692.0;1294.0;2413.0;4522.0;794.0;1283.0;639.0;1204.0;2269.0;4239.0;751.0;1246.0;-4.0;-2.0;-5.0;8.0;ISOPROPANOL
698.0;1292.0;2419.0;4556.0;796.0;1279.0;635.0;1212.0;2280.0;4248.0;750.0;1240.0;-4.0;-2.0;-2.0;10.0;ISOPROPANOL
689.0;1280.0;2396.0;4507.0;793.0;1277.0;636.0;1201.0;2249.0;4175.0;742.0;1225.0;-4.0;-3.0;-2.0;16.0;ISOPROPANOL
686.0;1276.0;2394.0;4471.0;788.0;1271.0;637.0;1195.0;2252.0;4179.0;737.0;1219.0;-8.0;-4.0;-2.0;10.0;ISOPROPANOL
701.0;1297.0;2400.0;4488.0;790.0;1266.0;637.0;1195.0;2234.0;4183.0;735.0;1223.0;-4.0;-5.0;-2.0;2.0;ISOPROPANOL
702.0;1298.0;2421.0;4487.0;784.0;1263.0;629.0;1185.0;2232.0;4164.0;735.0;1214.0;-11.0;-5.0;-8.0;3.0;ISOPROPANOL
687.0;1271.0;2364.0;4429.0;778.0;1253.0;627.0;1181.0;2217.0;4132.0;733.0;1212.0;-4.0;-4.0;-8.0;3.0;ISOPROPANOL
687.0;1268.0;2370.0;4422.0;781.0;1251.0;630.0;1186.0;2221.0;4146.0;732.0;1209.0;-4.0;-3.0;-8.0;12.0;ISOPROPANOL
695.0;1284.0;2379.0;4443.0;779.0;1252.0;634.0;1190.0;2231.0;4160.0;729.0;1202.0;-2.0;-2.0;7.0;15.0;ISOPROPANOL
694.0;1279.0;2375.0;4417.0;773.0;1245.0;624.0;1185.0;2222.0;4119.0;728.0;1206.0;-2.0;-2.0;6.0;12.0;ISOPROPANOL
696.0;1285.0;2379.0;4446.0;784.0;1264.0;635.0;1193.0;2256.0;4194.0;743.0;1232.0;-2.0;-2.0;6.0;12.0;ISOPROPANOL
701.0;1297.0;2439.0;4560.0;808.0;1296.0;652.0;1232.0;2319.0;4345.0;766.0;1271.0;-2.0;-1.0;6.0;8.0;ISOPROPANOL
721.0;1337.0;2492.0;4690.0;823.0;1309.0;659.0;1243.0;2336.0;4379.0;769.0;1259.0;-2.0;-1.0;6.0;5.0;ISOPROPANOL
707.0;1313.0;2451.0;4587.0;805.0;1301.0;656.0;1245.0;2334.0;4321.0;764.0;1262.0;-4.0;1.0;1.0;2.0;ISOPROPANOL
709.0;1311.0;2469.0;4593.0;808.0;1306.0;652.0;1225.0;2326.0;4356.0;763.0;1262.0;-4.0;1.0;1.0;1.0;ISOPROPANOL
712.0;1316.0;2476.0;4625.0;813.0;1304.0;654.0;1230.0;2317.0;4322.0;767.0;1262.0;-6.0;2.0;-1.0;1.0;ISOPROPANOL
711.0;1325.0;2479.0;4653.0;818.0;1314.0;658.0;1232.0;2332.0;4379.0;768.0;1274.0;-6.0;0.0;-1.0;1.0;ISOPROPANOL
711.0;1325.0;2494.0;4653.0;820.0;1311.0;652.0;1229.0;2322.0;4342.0;772.0;1268.0;-5.0;0.0;1.0;1.0;ISOPROPANOL
704.0;1312.0;2463.0;4609.0;812.0;1302.0;647.0;1221.0;2292.0;4322.0;761.0;1259.0;-4.0;-1.0;1.0;4.0;ISOPROPANOL
705.0;1311.0;2464.0;4597.0;805.0;1296.0;651.0;1226.0;2295.0;4312.0;759.0;1249.0;-4.0;-1.0;1.0;4.0;ISOPROPANOL
706.0;1303.0;2444.0;4580.0;810.0;1300.0;654.0;1231.0;2315.0;4302.0;760.0;1258.0;-4.0;-1.0;1.0;4.0;ISOPROPANOL
705.0;1312.0;2448.0;4593.0;806.0;1301.0;645.0;1221.0;2292.0;4301.0;762.0;1265.0;1.0;1.0;1.0;7.0;ISOPROPANOL
716.0;1319.0;2469.0;4642.0;817.0;1316.0;662.0;1240.0;2317.0;4354.0;772.0;1268.0;1.0;5.0;4.0;7.0;ISOPROPANOL
714.0;1330.0;2491.0;4661.0;821.0;1315.0;655.0;1229.0;2332.0;4358.0;775.0;1276.0;-4.0;9.0;4.0;3.0;ISOPROPANOL
731.0;1352.0;2532.0;4725.0;828.0;1325.0;655.0;1245.0;2330.0;4362.0;771.0;1274.0;-4.0;6.0;4.0;4.0;ISOPROPANOL
711.0;1330.0;2475.0;4636.0;824.0;1317.0;653.0;1234.0;2323.0;4353.0;769.0;1272.0;-4.0;5.0;5.0;3.0;ISOPROPANOL
716.0;1325.0;2489.0;4658.0;820.0;1328.0;661.0;1250.0;2354.0;4386.0;774.0;1286.0;-11.0;5.0;5.0;4.0;ISOPROPANOL
720.0;1336.0;2501.0;4719.0;837.0;1345.0;681.0;1282.0;2405.0;4520.0;796.0;1305.0;-11.0;4.0;6.0;2.0;ISOPROPANOL
734.0;1365.0;2564.0;4812.0;848.0;1359.0;682.0;1284.0;2415.0;4504.0;800.0;1313.0;-11.0;1.0;3.0;4.0;ISOPROPANOL
749.0;1389.0;2596.0;4851.0;853.0;1362.0;689.0;1297.0;2437.0;4545.0;801.0;1314.0;-5.0;2.0;3.0;2.0;ISOPROPANOL
744.0;1380.0;2588.0;4824.0;854.0;1356.0;682.0;1275.0;2407.0;4505.0;792.0;1308.0;-5.0;1.0;3.0;8.0;ISOPROPANOL
737.0;1372.0;2564.0;4809.0;849.0;1359.0;680.0;1282.0;2398.0;4513.0;796.0;1319.0;-5.0;0.0;3.0;8.0;ISOPROPANOL
736.0;1362.0;2565.0;4828.0;852.0;1366.0;690.0;1296.0;2425.0;4506.0;796.0;1322.0;3.0;-1.0;2.0;8.0;ISOPROPANOL
748.0;1386.0;2595.0;4838.0;851.0;1364.0;687.0;1288.0;2421.0;4494.0;795.0;1313.0;3.0;-1.0;2.0;11.0;ISOPROPANOL
745.0;1386.0;2578.0;4817.0;848.0;1360.0;693.0;1293.0;2425.0;4537.0;799.0;1314.0;-5.0;-2.0;1.0;8.0;ISOPROPANOL
747.0;1386.0;2601.0;4849.0;851.0;1356.0;687.0;1285.0;2404.0;4493.0;790.0;1311.0;-5.0;-2.0;-4.0;10.0;ISOPROPANOL
733.0;1361.0;2540.0;4777.0;842.0;1353.0;676.0;1271.0;2406.0;4477.0;791.0;1310.0;-4.0;-2.0;-4.0;6.0;ISOPROPANOL
734.0;1370.0;2557.0;4788.0;841.0;1346.0;684.0;1287.0;2414.0;4485.0;792.0;1312.0;-4.0;-2.0;-4.0;6.0;ISOPROPANOL
745.0;1382.0;2589.0;4817.0;847.0;1361.0;683.0;1291.0;2434.0;4515.0;798.0;1315.0;-3.0;-3.0;2.0;0.0;ISOPROPANOL
741.0;1384.0;2579.0;4821.0;843.0;1353.0;679.0;1282.0;2413.0;4510.0;793.0;1300.0;-3.0;-3.0;2.0;0.0;ISOPROPANOL
729.0;1360.0;2535.0;4744.0;836.0;1342.0;676.0;1277.0;2399.0;4456.0;788.0;1297.0;-1.0;-1.0;6.0;0.0;ISOPROPANOL
720.0;1339.0;2508.0;4724.0;831.0;1333.0;660.0;1248.0;2343.0;4398.0;774.0;1286.0;-1.0;-1.0;5.0;0.0;ISOPROPANOL
722.0;1341.0;2520.0;4710.0;828.0;1337.0;668.0;1256.0;2372.0;4392.0;779.0;1288.0;-1.0;-2.0;6.0;2.0;ISOPROPANOL
728.0;1350.0;2518.0;4709.0;832.0;1329.0;671.0;1257.0;2356.0;4400.0;774.0;1275.0;-2.0;-2.0;5.0;5.0;ISOPROPANOL
712.0;1321.0;2476.0;4646.0;822.0;1322.0;663.0;1248.0;2338.0;4399.0;775.0;1279.0;0.0;0.0;9.0;5.0;ISOPROPANOL
716.0;1332.0;2498.0;4679.0;825.0;1328.0;664.0;1253.0;2361.0;4385.0;780.0;1284.0;-1.0;-1.0;5.0;6.0;ISOPROPANOL
724.0;1339.0;2526.0;4719.0;832.0;1333.0;675.0;1270.0;2382.0;4445.0;786.0;1298.0;-1.0;-2.0;12.0;9.0;ISOPROPANOL
728.0;1353.0;2534.0;4745.0;833.0;1346.0;676.0;1274.0;2392.0;4475.0;787.0;1300.0;0.0;-1.0;5.0;10.0;ISOPROPANOL
737.0;1362.0;2555.0;4755.0;838.0;1336.0;676.0;1266.0;2379.0;4442.0;782.0;1294.0;0.0;0.0;11.0;9.0;ISOPROPANOL
727.0;1346.0;2505.0;4727.0;829.0;1330.0;663.0;1246.0;2353.0;4409.0;775.0;1280.0;0.0;-1.0;7.0;10.0;ISOPROPANOL
715.0;1336.0;2496.0;4683.0;822.0;1313.0;655.0;1238.0;2307.0;4348.0;773.0;1276.0;0.0;-1.0;7.0;15.0;ISOPROPANOL
717.0;1331.0;2488.0;4665.0;822.0;1317.0;667.0;1265.0;2362.0;4408.0;776.0;1272.0;-2.0;-1.0;7.0;11.0;ISOPROPANOL
717.0;1332.0;2493.0;4651.0;816.0;1311.0;658.0;1239.0;2335.0;4380.0;772.0;1272.0;-13.0;-1.0;-1.0;9.0;ISOPROPANOL
711.0;1324.0;2475.0;4626.0;819.0;1316.0;651.0;1233.0;2317.0;4350.0;773.0;1270.0;-13.0;-1.0;-1.0;9.0;ISOPROPANOL
716.0;1334.0;2488.0;4650.0;817.0;1310.0;651.0;1230.0;2324.0;4338.0;768.0;1267.0;-13.0;-1.0;-1.0;9.0;ISOPROPANOL
712.0;1319.0;2468.0;4620.0;813.0;1307.0;655.0;1232.0;2322.0;4320.0;764.0;1260.0;-5.0;1.0;0.0;6.0;ISOPROPANOL
719.0;1334.0;2476.0;4655.0;824.0;1319.0;666.0;1259.0;2368.0;4412.0;779.0;1284.0;-5.0;3.0;0.0;3.0;ISOPROPANOL
721.0;1344.0;2525.0;4732.0;831.0;1331.0;663.0;1252.0;2364.0;4412.0;783.0;1284.0;-5.0;3.0;0.0;6.0;ISOPROPANOL
714.0;1324.0;2480.0;4706.0;821.0;1324.0;668.0;1254.0;2367.0;4420.0;775.0;1273.0;-4.0;6.0;0.0;6.0;ISOPROPANOL
717.0;1331.0;2501.0;4694.0;822.0;1326.0;662.0;1253.0;2342.0;4395.0;778.0;1286.0;-4.0;3.0;0.0;9.0;ISOPROPANOL
714.0;1334.0;2492.0;4680.0;827.0;1323.0;666.0;1258.0;2364.0;4412.0;780.0;1292.0;-4.0;3.0;-7.0;3.0;ISOPROPANOL
724.0;1347.0;2513.0;4696.0;823.0;1328.0;668.0;1256.0;2363.0;4409.0;776.0;1285.0;-4.0;3.0;-6.0;4.0;ISOPROPANOL
724.0;1342.0;2510.0;4711.0;825.0;1331.0;669.0;1253.0;2372.0;4419.0;781.0;1296.0;-4.0;1.0;-2.0;4.0;ISOPROPANOL
723.0;1340.0;2511.0;4722.0;827.0;1334.0;666.0;1254.0;2365.0;4423.0;785.0;1291.0;-4.0;1.0;-5.0;3.0;ISOPROPANOL
726.0;1346.0;2527.0;4714.0;829.0;1332.0;675.0;1268.0;2391.0;4406.0;776.0;1287.0;-4.0;1.0;-5.0;4.0;ISOPROPANOL
731.0;1356.0;2531.0;4734.0;827.0;1329.0;661.0;1253.0;2349.0;4406.0;780.0;1291.0;-4.0;1.0;-2.0;10.0;ISOPROPANOL
729.0;1355.0;2530.0;4713.0;830.0;1337.0;670.0;1265.0;2369.0;4468.0;787.0;1296.0;4.0;1.0;9.0;6.0;ISOPROPANOL
741.0;1370.0;2563.0;4773.0;837.0;1340.0;681.0;1276.0;2401.0;4467.0;785.0;1298.0;6.0;1.0;5.0;9.0;ISOPROPANOL
731.0;1359.0;2531.0;4739.0;829.0;1337.0;672.0;1264.0;2381.0;4452.0;783.0;1294.0;3.0;-1.0;6.0;5.0;ISOPROPANOL
734.0;1355.0;2535.0;4714.0;831.0;1333.0;670.0;1260.0;2355.0;4417.0;784.0;1289.0;2.0;-1.0;5.0;5.0;ISOPROPANOL
733.0;1355.0;2539.0;4732.0;832.0;1325.0;684.0;1279.0;2403.0;4485.0;782.0;1301.0;-2.0;-1.0;0.0;9.0;ISOPROPANOL
742.0;1369.0;2545.0;4776.0;837.0;1339.0;681.0;1285.0;2411.0;4488.0;786.0;1293.0;-2.0;-2.0;0.0;7.0;ISOPROPANOL
750.0;1382.0;2569.0;4811.0;842.0;1353.0;693.0;1302.0;2448.0;4578.0;798.0;1308.0;-2.0;0.0;2.0;9.0;ISOPROPANOL
745.0;1380.0;2571.0;4829.0;849.0;1356.0;696.0;1304.0;2442.0;4534.0;796.0;1320.0;-2.0;0.0;2.0;12.0;ISOPROPANOL
762.0;1408.0;2624.0;4909.0;856.0;1371.0;710.0;1326.0;2468.0;4586.0;804.0;1323.0;-4.0;-1.0;0.0;13.0;ISOPROPANOL
774.0;1422.0;2646.0;4899.0;857.0;1371.0;707.0;1320.0;2471.0;4590.0;803.0;1320.0;-6.0;-1.0;2.0;10.0;ISOPROPANOL
766.0;1412.0;2620.0;4884.0;854.0;1361.0;695.0;1307.0;2452.0;4533.0;801.0;1321.0;-7.0;0.0;-7.0;8.0;ISOPROPANOL
773.0;1428.0;2653.0;4932.0;860.0;1371.0;705.0;1317.0;2478.0;4613.0;805.0;1327.0;-7.0;-1.0;-7.0;10.0;ISOPROPANOL
760.0;1411.0;2630.0;4901.0;865.0;1384.0;715.0;1340.0;2493.0;4641.0;820.0;1346.0;-7.0;-1.0;-7.0;8.0;ISOPROPANOL
779.0;1430.0;2658.0;4959.0;871.0;1398.0;728.0;1364.0;2547.0;4704.0;830.0;1350.0;-6.0;0.0;-6.0;4.0;ISOPROPANOL
790.0;1458.0;2704.0;5049.0;881.0;1417.0;732.0;1376.0;2567.0;4807.0;842.0;1385.0;-1.0;0.0;-6.0;4.0;ISOPROPANOL
805.0;1487.0;2766.0;5176.0;915.0;1451.0;747.0;1408.0;2633.0;4900.0;856.0;1414.0;-1.0;0.0;8.0;4.0;ISOPROPANOL
827.0;1524.0;2834.0;5275.0;923.0;1472.0;764.0;1443.0;2684.0;4974.0;873.0;1428.0;-1.0;1.0;8.0;4.0;ISOPROPANOL
829.0;1524.0;2847.0;5289.0;926.0;1473.0;766.0;1438.0;2687.0;4994.0;870.0;1431.0;-1.0;1.0;7.0;5.0;ISOPROPANOL
826.0;1527.0;2842.0;5263.0;921.0;1465.0;747.0;1400.0;2614.0;4875.0;853.0;1406.0;-1.0;1.0;7.0;8.0;ISOPROPANOL
810.0;1496.0;2785.0;5170.0;906.0;1443.0;748.0;1397.0;2617.0;4835.0;853.0;1396.0;6.0;2.0;9.0;8.0;ISOPROPANOL
810.0;1499.0;2772.0;5144.0;899.0;1437.0;741.0;1388.0;2593.0;4798.0;843.0;1378.0;4.0;2.0;-1.0;8.0;ISOPROPANOL
793.0;1461.0;2726.0;5076.0;889.0;1418.0;724.0;1358.0;2541.0;4717.0;832.0;1371.0;3.0;2.0;3.0;6.0;ISOPROPANOL
790.0;1461.0;2704.0;5038.0;880.0;1412.0;720.0;1350.0;2528.0;4671.0;824.0;1359.0;3.0;1.0;2.0;8.0;ISOPROPANOL
783.0;1445.0;2696.0;5014.0;876.0;1402.0;712.0;1344.0;2513.0;4649.0;821.0;1344.0;-2.0;1.0;-1.0;7.0;ISOPROPANOL
771.0;1425.0;2656.0;4949.0;864.0;1381.0;727.0;1354.0;2520.0;4661.0;815.0;1344.0;-2.0;-1.0;2.0;7.0;ISOPROPANOL
763.0;1413.0;2623.0;4903.0;863.0;1373.0;708.0;1323.0;2477.0;4614.0;809.0;1331.0;-2.0;-1.0;2.0;2.0;ISOPROPANOL
764.0;1415.0;2620.0;4888.0;857.0;1373.0;710.0;1327.0;2475.0;4610.0;813.0;1339.0;-1.0;-4.0;2.0;2.0;ISOPROPANOL
769.0;1417.0;2648.0;4925.0;862.0;1381.0;697.0;1314.0;2484.0;4613.0;808.0;1331.0;-7.0;-4.0;-4.0;2.0;ISOPROPANOL
763.0;1404.0;2629.0;4913.0;860.0;1382.0;708.0;1320.0;2480.0;4575.0;809.0;1338.0;-2.0;0.0;-2.0;5.0;ISOPROPANOL
761.0;1406.0;2617.0;4890.0;860.0;1373.0;711.0;1326.0;2472.0;4588.0;799.0;1331.0;-7.0;2.0;-2.0;5.0;ISOPROPANOL
767.0;1428.0;2639.0;4936.0;862.0;1372.0;718.0;1341.0;2488.0;4610.0;811.0;1337.0;-4.0;2.0;-2.0;5.0;ISOPROPANOL
771.0;1430.0;2643.0;4898.0;860.0;1383.0;713.0;1346.0;2499.0;4627.0;813.0;1337.0;-7.0;3.0;-4.0;4.0;ISOPROPANOL
783.0;1449.0;2680.0;4982.0;870.0;1379.0;709.0;1327.0;2476.0;4605.0;811.0;1333.0;-4.0;0.0;-2.0;4.0;ISOPROPANOL
799.0;1456.0;2695.0;4943.0;862.0;1380.0;711.0;1326.0;2481.0;4619.0;811.0;1332.0;-4.0;0.0;-2.0;3.0;ISOPROPANOL
777.0;1435.0;2644.0;4942.0;864.0;1382.0;713.0;1329.0;2486.0;4609.0;811.0;1332.0;0.0;0.0;0.0;3.0;ISOPROPANOL
791.0;1446.0;2683.0;4987.0;865.0;1381.0;712.0;1340.0;2489.0;4629.0;808.0;1332.0;0.0;0.0;0.0;1.0;ISOPROPANOL
790.0;1450.0;2679.0;4938.0;862.0;1373.0;710.0;1322.0;2479.0;4593.0;804.0;1325.0;0.0;0.0;0.0;3.0;ISOPROPANOL
780.0;1434.0;2646.0;4912.0;859.0;1375.0;720.0;1344.0;2506.0;4606.0;807.0;1330.0;2.0;4.0;0.0;4.0;ISOPROPANOL
789.0;1449.0;2663.0;4933.0;862.0;1380.0;720.0;1343.0;2505.0;4615.0;809.0;1331.0;-2.0;4.0;0.0;4.0;ISOPROPANOL
777.0;1434.0;2661.0;4951.0;866.0;1383.0;721.0;1342.0;2504.0;4673.0;816.0;1348.0;-8.0;5.0;0.0;5.0;ISOPROPANOL
783.0;1441.0;2678.0;5002.0;876.0;1400.0;724.0;1361.0;2551.0;4744.0;831.0;1367.0;-8.0;0.0;0.0;5.0;ISOPROPANOL
800.0;1479.0;2758.0;5117.0;896.0;1425.0;743.0;1392.0;2600.0;4813.0;848.0;1390.0;-2.0;-1.0;0.0;6.0;ISOPROPANOL
817.0;1503.0;2793.0;5218.0;909.0;1449.0;764.0;1415.0;2640.0;4894.0;860.0;1410.0;-2.0;-2.0;7.0;6.0;ISOPROPANOL
831.0;1526.0;2822.0;5273.0;920.0;1458.0;766.0;1425.0;2672.0;4950.0;865.0;1419.0;-2.0;-2.0;13.0;7.0;ISOPROPANOL
825.0;1530.0;2835.0;5271.0;921.0;1463.0;761.0;1423.0;2668.0;4922.0;863.0;1403.0;-2.0;-2.0;7.0;7.0;ISOPROPANOL
830.0;1524.0;2830.0;5236.0;913.0;1463.0;760.0;1418.0;2651.0;4940.0;873.0;1420.0;1.0;-2.0;2.0;7.0;ISOPROPANOL
845.0;1550.0;2874.0;5326.0;932.0;1480.0;781.0;1452.0;2690.0;4997.0;873.0;1424.0;-9.0;2.0;1.0;6.0;ISOPROPANOL
849.0;1559.0;2878.0;5324.0;932.0;1478.0;773.0;1440.0;2699.0;4954.0;870.0;1424.0;-12.0;2.0;2.0;6.0;ISOPROPANOL
846.0;1552.0;2865.0;5302.0;927.0;1473.0;781.0;1456.0;2708.0;5007.0;877.0;1437.0;-12.0;0.0;1.0;4.0;ISOPROPANOL
843.0;1551.0;2875.0;5318.0;931.0;1482.0;781.0;1458.0;2712.0;5022.0;875.0;1431.0;-10.0;0.0;4.0;6.0;ISOPROPANOL
838.0;1544.0;2858.0;5316.0;926.0;1480.0;784.0;1463.0;2709.0;4996.0;875.0;1435.0;-10.0;0.0;-4.0;2.0;ISOPROPANOL
829.0;1537.0;2849.0;5305.0;924.0;1476.0;760.0;1425.0;2668.0;4936.0;866.0;1417.0;-6.0;0.0;1.0;1.0;ISOPROPANOL
834.0;1535.0;2842.0;5290.0;921.0;1474.0;762.0;1428.0;2661.0;4948.0;868.0;1420.0;-6.0;0.0;-4.0;2.0;ISOPROPANOL
834.0;1541.0;2875.0;5325.0;928.0;1476.0;778.0;1449.0;2693.0;5007.0;873.0;1423.0;-9.0;1.0;-4.0;2.0;ISOPROPANOL
844.0;1558.0;2875.0;5305.0;925.0;1468.0;766.0;1433.0;2663.0;4947.0;866.0;1421.0;-9.0;1.0;-4.0;2.0;ISOPROPANOL
841.0;1549.0;2865.0;5298.0;922.0;1469.0;778.0;1439.0;2683.0;4954.0;867.0;1426.0;-9.0;1.0;1.0;4.0;ISOPROPANOL
838.0;1538.0;2838.0;5250.0;917.0;1460.0;765.0;1424.0;2661.0;4906.0;867.0;1414.0;-9.0;2.0;-4.0;7.0;ISOPROPANOL
834.0;1530.0;2830.0;5247.0;914.0;1455.0;762.0;1426.0;2661.0;4905.0;862.0;1409.0;-7.0;1.0;2.0;7.0;ISOPROPANOL
830.0;1525.0;2826.0;5255.0;917.0;1457.0;773.0;1435.0;2670.0;4950.0;858.0;1414.0;-7.0;1.0;2.0;7.0;ISOPROPANOL
832.0;1532.0;2837.0;5269.0;924.0;1475.0;772.0;1434.0;2691.0;4965.0;875.0;1429.0;-6.0;1.0;-3.0;5.0;ISOPROPANOL
842.0;1546.0;2874.0;5321.0;927.0;1479.0;777.0;1443.0;2697.0;4993.0;871.0;1433.0;-6.0;-3.0;-3.0;5.0;ISOPROPANOL
840.0;1545.0;2857.0;5317.0;930.0;1476.0;771.0;1442.0;2696.0;5003.0;875.0;1433.0;-2.0;2.0;-3.0;5.0;ISOPROPANOL
843.0;1556.0;2882.0;5356.0;938.0;1489.0;776.0;1446.0;2697.0;4993.0;873.0;1441.0;0.0;2.0;-3.0;5.0;ISOPROPANOL
841.0;1555.0;2889.0;5349.0;932.0;1480.0;778.0;1452.0;2695.0;5010.0;880.0;1434.0;0.0;2.0;8.0;5.0;ISOPROPANOL
832.0;1536.0;2848.0;5303.0;929.0;1478.0;775.0;1444.0;2684.0;4984.0;873.0;1425.0;0.0;4.0;9.0;5.0;ISOPROPANOL
839.0;1551.0;2859.0;5315.0;926.0;1481.0;785.0;1454.0;2715.0;5010.0;875.0;1437.0;0.0;4.0;-3.0;7.0;ISOPROPANOL
843.0;1551.0;2874.0;5326.0;931.0;1484.0;781.0;1457.0;2709.0;5030.0;880.0;1442.0;0.0;3.0;-3.0;5.0;ISOPROPANOL
846.0;1563.0;2893.0;5348.0;935.0;1484.0;773.0;1436.0;2693.0;4992.0;873.0;1431.0;0.0;3.0;-3.0;5.0;ISOPROPANOL
843.0;1554.0;2894.0;5382.0;933.0;1484.0;780.0;1459.0;2720.0;5031.0;882.0;1433.0;-3.0;4.0;-3.0;4.0;ISOPROPANOL
846.0;1550.0;2875.0;5346.0;932.0;1485.0;787.0;1459.0;2721.0;5062.0;881.0;1438.0;-3.0;1.0;-4.0;4.0;ISOPROPANOL
858.0;1572.0;2896.0;5321.0;931.0;1477.0;794.0;1473.0;2733.0;5033.0;884.0;1438.0;-10.0;-1.0;-7.0;4.0;ISOPROPANOL
861.0;1576.0;2899.0;5367.0;933.0;1482.0;789.0;1466.0;2715.0;5009.0;875.0;1430.0;-10.0;-1.0;-7.0;2.0;ISOPROPANOL
852.0;1549.0;2873.0;5338.0;925.0;1479.0;782.0;1456.0;2709.0;4965.0;869.0;1429.0;-6.0;-4.0;-3.0;3.0;ISOPROPANOL
844.0;1549.0;2874.0;5322.0;927.0;1469.0;779.0;1444.0;2705.0;4973.0;869.0;1428.0;-6.0;-4.0;-3.0;6.0;ISOPROPANOL
848.0;1551.0;2862.0;5286.0;921.0;1464.0;776.0;1445.0;2687.0;4980.0;867.0;1417.0;0.0;0.0;0.0;7.0;ISOPROPANOL
828.0;1535.0;2840.0;5245.0;918.0;1462.0;764.0;1430.0;2676.0;4962.0;864.0;1415.0;0.0;0.0;0.0;8.0;ISOPROPANOL
838.0;1539.0;2842.0;5254.0;926.0;1471.0;775.0;1440.0;2667.0;4918.0;866.0;1420.0;0.0;-2.0;-3.0;7.0;ISOPROPANOL
835.0;1541.0;2854.0;5290.0;926.0;1466.0;777.0;1451.0;2684.0;4930.0;871.0;1423.0;-7.0;-2.0;-1.0;8.0;ISOPROPANOL
838.0;1540.0;2842.0;5295.0;926.0;1468.0;779.0;1448.0;2678.0;4935.0;868.0;1433.0;-7.0;-3.0;-1.0;10.0;ISOPROPANOL
839.0;1546.0;2860.0;5295.0;925.0;1472.0;769.0;1438.0;2693.0;4980.0;872.0;1429.0;-7.0;-3.0;-1.0;3.0;ISOPROPANOL
841.0;1546.0;2871.0;5324.0;935.0;1486.0;791.0;1476.0;2734.0;5042.0;881.0;1440.0;-4.0;-5.0;-1.0;6.0;ISOPROPANOL
857.0;1567.0;2901.0;5380.0;934.0;1500.0;794.0;1466.0;2730.0;5028.0;886.0;1438.0;-4.0;-3.0;-1.0;6.0;ISOPROPANOL
853.0;1567.0;2898.0;5384.0;941.0;1496.0;795.0;1482.0;2743.0;5061.0;889.0;1458.0;-4.0;-3.0;-2.0;6.0;ISOPROPANOL
852.0;1580.0;2919.0;5416.0;944.0;1505.0;789.0;1475.0;2748.0;5092.0;895.0;1461.0;-4.0;-1.0;-2.0;6.0;ISOPROPANOL
856.0;1572.0;2907.0;5399.0;946.0;1512.0;801.0;1483.0;2757.0;5136.0;896.0;1465.0;-4.0;0.0;-3.0;6.0;ISOPROPANOL
866.0;1594.0;2941.0;5474.0;959.0;1527.0;803.0;1499.0;2781.0;5144.0;901.0;1481.0;-5.0;0.0;-3.0;4.0;ISOPROPANOL
875.0;1606.0;2983.0;5530.0;967.0;1535.0;820.0;1530.0;2837.0;5234.0;911.0;1493.0;-4.0;2.0;-3.0;3.0;ISOPROPANOL
886.0;1615.0;2991.0;5570.0;972.0;1533.0;823.0;1532.0;2827.0;5183.0;908.0;1483.0;-4.0;2.0;0.0;1.0;ISOPROPANOL
888.0;1633.0;3019.0;5596.0;974.0;1548.0;829.0;1548.0;2858.0;5253.0;919.0;1501.0;-6.0;1.0;-1.0;1.0;ISOPROPANOL
898.0;1646.0;3036.0;5611.0;977.0;1555.0;830.0;1541.0;2854.0;5280.0;920.0;1495.0;-6.0;0.0;0.0;0.0;ISOPROPANOL
890.0;1636.0;3012.0;5593.0;979.0;1552.0;830.0;1546.0;2861.0;5266.0;922.0;1501.0;-5.0;0.0;1.0;0.0;ISOPROPANOL
905.0;1660.0;3060.0;5638.0;982.0;1557.0;833.0;1546.0;2866.0;5275.0;923.0;1508.0;-6.0;0.0;1.0;1.0;ISOPROPANOL
894.0;1637.0;3025.0;5595.0;974.0;1544.0;822.0;1528.0;2849.0;5220.0;914.0;1487.0;-8.0;0.0;1.0;4.0;ISOPROPANOL
879.0;1620.0;2991.0;5532.0;968.0;1535.0;823.0;1522.0;2817.0;5219.0;915.0;1488.0;-5.0;0.0;1.0;2.0;ISOPROPANOL
894.0;1639.0;3021.0;5562.0;967.0;1532.0;816.0;1523.0;2805.0;5169.0;906.0;1471.0;-6.0;1.0;-2.0;4.0;ISOPROPANOL
889.0;1621.0;2981.0;5508.0;958.0;1516.0;819.0;1520.0;2809.0;5158.0;896.0;1467.0;-6.0;3.0;-2.0;5.0;ISOPROPANOL
881.0;1605.0;2977.0;5500.0;954.0;1518.0;810.0;1495.0;2784.0;5116.0;890.0;1455.0;-6.0;1.0;-5.0;5.0;ISOPROPANOL
886.0;1612.0;2968.0;5469.0;948.0;1498.0;801.0;1490.0;2754.0;5089.0;887.0;1445.0;-4.0;3.0;1.0;10.0;ISOPROPANOL
875.0;1606.0;2940.0;5422.0;942.0;1498.0;801.0;1498.0;2786.0;5133.0;886.0;1458.0;-6.0;3.0;-4.0;10.0;ISOPROPANOL
870.0;1590.0;2950.0;5436.0;948.0;1501.0;803.0;1494.0;2762.0;5074.0;887.0;1459.0;-4.0;4.0;6.0;7.0;ISOPROPANOL
875.0;1596.0;2944.0;5460.0;946.0;1505.0;806.0;1500.0;2775.0;5095.0;889.0;1450.0;-4.0;2.0;-4.0;7.0;ISOPROPANOL
881.0;1606.0;2940.0;5448.0;944.0;1494.0;802.0;1495.0;2758.0;5073.0;885.0;1444.0;-5.0;7.0;9.0;6.0;ISOPROPANOL
872.0;1588.0;2941.0;5404.0;946.0;1494.0;802.0;1486.0;2756.0;5064.0;890.0;1441.0;-6.0;3.0;1.0;4.0;ISOPROPANOL
880.0;1609.0;2959.0;5472.0;948.0;1499.0;800.0;1477.0;2747.0;5087.0;890.0;1458.0;-6.0;3.0;1.0;0.0;ISOPROPANOL
873.0;1594.0;2952.0;5455.0;951.0;1505.0;805.0;1496.0;2776.0;5114.0;890.0;1463.0;-6.0;1.0;-5.0;1.0;ISOPROPANOL
878.0;1608.0;2960.0;5461.0;952.0;1505.0;806.0;1498.0;2787.0;5125.0;895.0;1465.0;-6.0;2.0;-5.0;1.0;ISOPROPANOL
878.0;1608.0;2958.0;5426.0;951.0;1506.0;814.0;1507.0;2806.0;5123.0;895.0;1462.0;-7.0;2.0;-5.0;1.0;ISOPROPANOL
888.0;1630.0;2992.0;5521.0;960.0;1513.0;815.0;1515.0;2824.0;5194.0;903.0;1479.0;-7.0;2.0;-5.0;3.0;ISOPROPANOL
883.0;1622.0;2984.0;5512.0;962.0;1531.0;821.0;1519.0;2818.0;5211.0;908.0;1474.0;-7.0;3.0;-5.0;3.0;ISOPROPANOL
887.0;1632.0;2987.0;5551.0;962.0;1517.0;822.0;1515.0;2824.0;5185.0;902.0;1473.0;-7.0;3.0;-5.0;3.0;ISOPROPANOL
885.0;1618.0;2982.0;5513.0;959.0;1521.0;816.0;1513.0;2820.0;5158.0;901.0;1468.0;-5.0;6.0;-5.0;6.0;ISOPROPANOL
885.0;1624.0;2986.0;5533.0;958.0;1510.0;816.0;1505.0;2799.0;5152.0;897.0;1461.0;-3.0;7.0;-4.0;8.0;ISOPROPANOL
874.0;1605.0;2972.0;5481.0;953.0;1509.0;810.0;1505.0;2789.0;5145.0;901.0;1472.0;-3.0;3.0;0.0;11.0;ISOPROPANOL
890.0;1620.0;2987.0;5517.0;959.0;1523.0;821.0;1520.0;2811.0;5178.0;909.0;1477.0;-2.0;3.0;3.0;7.0;ISOPROPANOL
882.0;1615.0;2992.0;5534.0;960.0;1524.0;818.0;1523.0;2830.0;5203.0;909.0;1478.0;-3.0;0.0;3.0;5.0;ISOPROPANOL
885.0;1622.0;3002.0;5547.0;964.0;1529.0;821.0;1517.0;2828.0;5194.0;901.0;1475.0;-4.0;0.0;4.0;2.0;ISOPROPANOL
891.0;1630.0;2994.0;5515.0;957.0;1519.0;824.0;1528.0;2814.0;5173.0;907.0;1479.0;-4.0;-1.0;0.0;2.0;ISOPROPANOL
887.0;1617.0;2995.0;5553.0;960.0;1526.0;817.0;1511.0;2811.0;5163.0;903.0;1472.0;-6.0;0.0;-2.0;4.0;ISOPROPANOL
885.0;1614.0;2977.0;5478.0;954.0;1523.0;808.0;1503.0;2798.0;5158.0;898.0;1464.0;-6.0;-1.0;-2.0;4.0;ISOPROPANOL
873.0;1598.0;2967.0;5445.0;947.0;1501.0;800.0;1490.0;2760.0;5062.0;888.0;1452.0;-5.0;-3.0;4.0;4.0;ISOPROPANOL
864.0;1583.0;2934.0;5411.0;942.0;1501.0;809.0;1501.0;2792.0;5094.0;891.0;1451.0;-5.0;-4.0;-2.0;5.0;ISOPROPANOL
872.0;1603.0;2948.0;5491.0;950.0;1505.0;806.0;1503.0;2780.0;5133.0;894.0;1459.0;-7.0;-3.0;2.0;4.0;ISOPROPANOL
873.0;1598.0;2950.0;5439.0;947.0;1504.0;810.0;1489.0;2756.0;5087.0;891.0;1457.0;-5.0;-3.0;2.0;4.0;ISOPROPANOL
860.0;1575.0;2927.0;5421.0;943.0;1510.0;814.0;1507.0;2784.0;5166.0;897.0;1459.0;-7.0;1.0;2.0;5.0;ISOPROPANOL
869.0;1594.0;2955.0;5464.0;953.0;1519.0;805.0;1499.0;2780.0;5126.0;901.0;1466.0;-8.0;4.0;2.0;4.0;ISOPROPANOL
875.0;1602.0;2953.0;5469.0;951.0;1513.0;804.0;1500.0;2788.0;5137.0;898.0;1472.0;-7.0;4.0;2.0;6.0;ISOPROPANOL
880.0;1613.0;2987.0;5526.0;960.0;1529.0;806.0;1506.0;2797.0;5193.0;905.0;1488.0;-8.0;4.0;2.0;10.0;ISOPROPANOL
889.0;1629.0;3022.0;5539.0;964.0;1526.0;813.0;1500.0;2802.0;5151.0;898.0;1489.0;-8.0;0.0;2.0;6.0;ISOPROPANOL
880.0;1621.0;2999.0;5562.0;973.0;1544.0;831.0;1540.0;2841.0;5249.0;912.0;1496.0;-9.0;0.0;-5.0;6.0;ISOPROPANOL
899.0;1653.0;3042.0;5646.0;974.0;1557.0;836.0;1560.0;2884.0;5306.0;918.0;1507.0;-4.0;1.0;-2.0;6.0;ISOPROPANOL
902.0;1658.0;3051.0;5638.0;980.0;1558.0;849.0;1566.0;2896.0;5301.0;918.0;1499.0;-1.0;1.0;-2.0;4.0;ISOPROPANOL
903.0;1648.0;3052.0;5614.0;982.0;1548.0;827.0;1539.0;2844.0;5250.0;919.0;1503.0;0.0;1.0;3.0;2.0;ISOPROPANOL
910.0;1668.0;3056.0;5615.0;975.0;1543.0;832.0;1533.0;2838.0;5223.0;911.0;1487.0;-1.0;4.0;1.0;2.0;ISOPROPANOL
905.0;1658.0;3054.0;5612.0;970.0;1540.0;842.0;1554.0;2869.0;5286.0;918.0;1489.0;-1.0;4.0;1.0;2.0;ISOPROPANOL
920.0;1674.0;3065.0;5630.0;971.0;1543.0;833.0;1538.0;2854.0;5269.0;915.0;1481.0;-1.0;7.0;1.0;8.0;ISOPROPANOL
910.0;1655.0;3042.0;5586.0;967.0;1535.0;848.0;1561.0;2868.0;5223.0;905.0;1481.0;-2.0;5.0;0.0;9.0;ISOPROPANOL
911.0;1653.0;3030.0;5570.0;966.0;1530.0;839.0;1544.0;2840.0;5190.0;906.0;1473.0;-3.0;5.0;-1.0;12.0;ISOPROPANOL
911.0;1654.0;3020.0;5560.0;962.0;1522.0;838.0;1550.0;2844.0;5195.0;902.0;1470.0;-7.0;3.0;-1.0;3.0;ISOPROPANOL
892.0;1634.0;3004.0;5518.0;956.0;1516.0;833.0;1536.0;2840.0;5187.0;901.0;1477.0;-7.0;3.0;-1.0;3.0;ISOPROPANOL
887.0;1631.0;2997.0;5537.0;959.0;1529.0;828.0;1527.0;2831.0;5204.0;910.0;1476.0;-6.0;-1.0;0.0;1.0;ISOPROPANOL
894.0;1629.0;3010.0;5534.0;964.0;1524.0;826.0;1523.0;2819.0;5191.0;906.0;1473.0;-3.0;-4.0;4.0;1.0;ISOPROPANOL
898.0;1644.0;3025.0;5579.0;964.0;1522.0;820.0;1522.0;2813.0;5168.0;903.0;1482.0;0.0;-4.0;8.0;1.0;ISOPROPANOL
893.0;1634.0;3008.0;5564.0;967.0;1537.0;835.0;1538.0;2865.0;5246.0;914.0;1492.0;0.0;-4.0;9.0;5.0;ISOPROPANOL
903.0;1651.0;3051.0;5621.0;976.0;1539.0;833.0;1550.0;2867.0;5263.0;916.0;1492.0;0.0;-4.0;0.0;5.0;ISOPROPANOL
912.0;1659.0;3054.0;5622.0;975.0;1547.0;849.0;1567.0;2897.0;5302.0;921.0;1509.0;-4.0;-4.0;0.0;5.0;ISOPROPANOL
921.0;1686.0;3087.0;5687.0;982.0;1556.0;846.0;1565.0;2895.0;5309.0;926.0;1508.0;-4.0;0.0;0.0;8.0;ISOPROPANOL
919.0;1676.0;3091.0;5698.0;990.0;1559.0;853.0;1572.0;2913.0;5318.0;927.0;1509.0;-4.0;-4.0;0.0;8.0;ISOPROPANOL
915.0;1675.0;3075.0;5689.0;982.0;1554.0;844.0;1561.0;2896.0;5297.0;927.0;1505.0;0.0;-6.0;-2.0;8.0;ISOPROPANOL
901.0;1644.0;3032.0;5623.0;974.0;1553.0;841.0;1552.0;2881.0;5275.0;922.0;1507.0;0.0;0.0;-2.0;4.0;ISOPROPANOL
919.0;1686.0;3087.0;5675.0;988.0;1564.0;863.0;1587.0;2929.0;5363.0;930.0;1524.0;-3.0;-3.0;-2.0;6.0;ISOPROPANOL
929.0;1697.0;3113.0;5738.0;997.0;1591.0;863.0;1596.0;2957.0;5437.0;942.0;1541.0;-5.0;-3.0;-2.0;5.0;ISOPROPANOL
928.0;1694.0;3114.0;5780.0;1003.0;1594.0;865.0;1596.0;2952.0;5411.0;943.0;1547.0;-8.0;2.0;0.0;8.0;ISOPROPANOL
938.0;1714.0;3158.0;5804.0;1002.0;1581.0;863.0;1583.0;2929.0;5356.0;941.0;1526.0;-8.0;4.0;0.0;5.0;ISOPROPANOL
928.0;1689.0;3096.0;5744.0;1000.0;1590.0;865.0;1600.0;2963.0;5435.0;947.0;1541.0;-8.0;2.0;2.0;5.0;ISOPROPANOL
935.0;1701.0;3158.0;5816.0;1007.0;1600.0;872.0;1624.0;2982.0;5462.0;952.0;1546.0;-7.0;8.0;2.0;4.0;ISOPROPANOL
939.0;1716.0;3160.0;5792.0;1003.0;1592.0;864.0;1600.0;2952.0;5423.0;944.0;1546.0;0.0;3.0;2.0;4.0;ISOPROPANOL
953.0;1734.0;3166.0;5831.0;1008.0;1596.0;869.0;1608.0;2958.0;5422.0;947.0;1540.0;0.0;3.0;3.0;4.0;ISOPROPANOL
937.0;1712.0;3125.0;5794.0;1002.0;1581.0;867.0;1594.0;2954.0;5399.0;940.0;1523.0;-4.0;3.0;3.0;7.0;ISOPROPANOL
929.0;1692.0;3100.0;5747.0;994.0;1575.0;853.0;1588.0;2934.0;5368.0;936.0;1526.0;-4.0;3.0;3.0;8.0;ISOPROPANOL
931.0;1700.0;3124.0;5716.0;990.0;1565.0;860.0;1588.0;2926.0;5336.0;932.0;1515.0;-1.0;2.0;3.0;7.0;ISOPROPANOL
921.0;1681.0;3093.0;5668.0;984.0;1558.0;847.0;1565.0;2897.0;5292.0;920.0;1495.0;-4.0;3.0;3.0;10.0;ISOPROPANOL
915.0;1665.0;3071.0;5645.0;975.0;1542.0;837.0;1558.0;2868.0;5245.0;914.0;1493.0;-4.0;3.0;3.0;7.0;ISOPROPANOL
912.0;1663.0;3048.0;5627.0;975.0;1546.0;842.0;1555.0;2873.0;5268.0;924.0;1498.0;-4.0;3.0;3.0;1.0;ISOPROPANOL
927.0;1684.0;3087.0;5629.0;975.0;1547.0;845.0;1563.0;2886.0;5290.0;921.0;1493.0;-4.0;2.0;3.0;1.0;ISOPROPANOL
916.0;1664.0;3052.0;5638.0;974.0;1546.0;843.0;1558.0;2880.0;5269.0;918.0;1495.0;-4.0;-1.0;1.0;6.0;ISOPROPANOL
913.0;1659.0;3061.0;5633.0;975.0;1552.0;846.0;1560.0;2882.0;5303.0;917.0;1497.0;-4.0;-1.0;-3.0;10.0;ISOPROPANOL
904.0;1653.0;3038.0;5627.0;979.0;1544.0;841.0;1553.0;2877.0;5275.0;918.0;1500.0;-3.0;-2.0;-3.0;6.0;ISOPROPANOL
918.0;1687.0;3081.0;5648.0;983.0;1552.0;835.0;1549.0;2870.0;5262.0;921.0;1492.0;-3.0;-2.0;-4.0;11.0;ISOPROPANOL
912.0;1665.0;3065.0;5633.0;973.0;1546.0;849.0;1576.0;2891.0;5321.0;924.0;1509.0;-3.0;-2.0;-8.0;6.0;ISOPROPANOL
924.0;1684.0;3093.0;5678.0;980.0;1544.0;847.0;1573.0;2891.0;5318.0;926.0;1498.0;-3.0;-2.0;-4.0;2.0;ISOPROPANOL
915.0;1679.0;3085.0;5673.0;978.0;1558.0;855.0;1588.0;2924.0;5352.0;935.0;1528.0;-4.0;-2.0;-1.0;0.0;ISOPROPANOL
928.0;1686.0;3102.0;5699.0;987.0;1557.0;850.0;1572.0;2904.0;5329.0;925.0;1520.0;-5.0;-2.0;-8.0;0.0;ISOPROPANOL
934.0;1703.0;3111.0;5704.0;990.0;1569.0;850.0;1573.0;2921.0;5351.0;931.0;1519.0;-4.0;-2.0;1.0;0.0;ISOPROPANOL
922.0;1690.0;3096.0;5712.0;989.0;1565.0;848.0;1571.0;2915.0;5363.0;930.0;1518.0;-3.0;-3.0;3.0;0.0;ISOPROPANOL
926.0;1690.0;3112.0;5753.0;999.0;1583.0;859.0;1581.0;2943.0;5404.0;939.0;1536.0;-4.0;-1.0;1.0;1.0;ISOPROPANOL
933.0;1708.0;3150.0;5794.0;1004.0;1592.0;870.0;1608.0;2968.0;5430.0;947.0;1540.0;-2.0;-3.0;4.0;4.0;ISOPROPANOL
933.0;1705.0;3138.0;5785.0;999.0;1589.0;868.0;1600.0;2947.0;5422.0;943.0;1534.0;-2.0;-4.0;4.0;2.0;ISOPROPANOL
934.0;1706.0;3115.0;5752.0;998.0;1584.0;859.0;1593.0;2937.0;5381.0;942.0;1536.0;-5.0;-4.0;2.0;4.0;ISOPROPANOL
943.0;1726.0;3165.0;5811.0;1005.0;1591.0;870.0;1610.0;2965.0;5413.0;942.0;1539.0;-10.0;-1.0;0.0;4.0;ISOPROPANOL
945.0;1717.0;3149.0;5790.0;1003.0;1583.0;875.0;1615.0;2976.0;5444.0;944.0;1537.0;-10.0;-4.0;2.0;4.0;ISOPROPANOL
936.0;1713.0;3145.0;5790.0;1007.0;1596.0;873.0;1620.0;2991.0;5494.0;955.0;1549.0;-10.0;-1.0;2.0;8.0;ISOPROPANOL
942.0;1726.0;3179.0;5854.0;1015.0;1611.0;878.0;1622.0;2996.0;5511.0;960.0;1562.0;-1.0;-1.0;7.0;6.0;ISOPROPANOL
948.0;1736.0;3199.0;5903.0;1029.0;1628.0;888.0;1648.0;3046.0;5577.0;975.0;1593.0;0.0;-1.0;4.0;6.0;ISOPROPANOL
967.0;1762.0;3229.0;5952.0;1030.0;1632.0;875.0;1619.0;2994.0;5532.0;963.0;1572.0;0.0;-2.0;4.0;9.0;ISOPROPANOL
960.0;1758.0;3220.0;5966.0;1026.0;1614.0;891.0;1647.0;3024.0;5519.0;958.0;1557.0;1.0;-1.0;-6.0;3.0;ISOPROPANOL
956.0;1739.0;3187.0;5845.0;1016.0;1603.0;879.0;1618.0;2984.0;5498.0;955.0;1543.0;-1.0;-2.0;-6.0;5.0;ISOPROPANOL
954.0;1743.0;3179.0;5803.0;1008.0;1596.0;881.0;1625.0;2978.0;5470.0;950.0;1543.0;1.0;-2.0;-6.0;5.0;ISOPROPANOL
956.0;1742.0;3174.0;5825.0;1005.0;1591.0;877.0;1623.0;2993.0;5457.0;953.0;1537.0;-3.0;1.0;-7.0;5.0;ISOPROPANOL
944.0;1719.0;3159.0;5818.0;1005.0;1587.0;871.0;1609.0;2959.0;5451.0;943.0;1534.0;-3.0;1.0;3.0;5.0;ISOPROPANOL
942.0;1720.0;3165.0;5809.0;1007.0;1607.0;882.0;1635.0;3004.0;5501.0;958.0;1564.0;-6.0;1.0;3.0;20.0;ISOPROPANOL
971.0;1760.0;3233.0;5936.0;1031.0;1635.0;904.0;1671.0;3072.0;5628.0;977.0;1592.0;-8.0;1.0;-4.0;7.0;ISOPROPANOL
982.0;1792.0;3276.0;6012.0;1038.0;1643.0;906.0;1677.0;3068.0;5624.0;979.0;1587.0;-9.0;-2.0;-4.0;11.0;ISOPROPANOL
971.0;1776.0;3268.0;6002.0;1044.0;1657.0;914.0;1678.0;3098.0;5720.0;986.0;1604.0;-8.0;-2.0;3.0;7.0;ISOPROPANOL
982.0;1787.0;3286.0;6033.0;1050.0;1655.0;910.0;1682.0;3085.0;5641.0;983.0;1590.0;-8.0;3.0;7.0;6.0;ISOPROPANOL
978.0;1788.0;3268.0;5994.0;1038.0;1638.0;914.0;1674.0;3060.0;5609.0;976.0;1580.0;-8.0;3.0;4.0;6.0;ISOPROPANOL
968.0;1767.0;3244.0;6002.0;1032.0;1634.0;896.0;1659.0;3058.0;5595.0;971.0;1582.0;-7.0;3.0;4.0;3.0;ISOPROPANOL
965.0;1761.0;3244.0;5957.0;1035.0;1629.0;896.0;1653.0;3043.0;5587.0;969.0;1578.0;-7.0;3.0;-3.0;2.0;ISOPROPANOL
974.0;1766.0;3231.0;5932.0;1029.0;1618.0;893.0;1648.0;3051.0;5568.0;966.0;1577.0;-7.0;3.0;-4.0;2.0;ISOPROPANOL
968.0;1759.0;3227.0;5948.0;1028.0;1626.0;896.0;1660.0;3055.0;5548.0;966.0;1573.0;-12.0;0.0;-4.0;3.0;ISOPROPANOL
980.0;1782.0;3261.0;5933.0;1028.0;1629.0;890.0;1654.0;3035.0;5554.0;966.0;1569.0;-4.0;-2.0;-3.0;4.0;ISOPROPANOL
973.0;1769.0;3230.0;5948.0;1026.0;1618.0;892.0;1652.0;3032.0;5563.0;967.0;1567.0;-12.0;-2.0;-3.0;7.0;ISOPROPANOL
967.0;1771.0;3248.0;5972.0;1036.0;1640.0;921.0;1694.0;3102.0;5648.0;985.0;1606.0;-9.0;-2.0;-1.0;6.0;ISOPROPANOL
990.0;1812.0;3311.0;6080.0;1054.0;1664.0;920.0;1700.0;3094.0;5684.0;986.0;1605.0;-9.0;1.0;0.0;8.0;ISOPROPANOL
993.0;1817.0;3329.0;6135.0;1058.0;1673.0;934.0;1729.0;3162.0;5804.0;1005.0;1616.0;-7.0;1.0;0.0;9.0;ISOPROPANOL
1000.0;1829.0;3350.0;6121.0;1062.0;1671.0;929.0;1708.0;3121.0;5701.0;990.0;1611.0;-7.0;1.0;0.0;7.0;ISOPROPANOL
997.0;1802.0;3304.0;6101.0;1050.0;1658.0;923.0;1698.0;3123.0;5707.0;991.0;1601.0;-7.0;1.0;0.0;10.0;ISOPROPANOL
992.0;1811.0;3326.0;6047.0;1046.0;1651.0;923.0;1692.0;3108.0;5684.0;983.0;1601.0;-7.0;1.0;4.0;7.0;ISOPROPANOL
985.0;1791.0;3277.0;6028.0;1046.0;1645.0;905.0;1674.0;3075.0;5648.0;978.0;1593.0;2.0;0.0;4.0;9.0;ISOPROPANOL
988.0;1793.0;3296.0;6047.0;1046.0;1649.0;912.0;1676.0;3094.0;5669.0;978.0;1593.0;2.0;0.0;4.0;9.0;ISOPROPANOL
989.0;1796.0;3298.0;6020.0;1046.0;1640.0;910.0;1674.0;3075.0;5622.0;976.0;1577.0;-1.0;1.0;2.0;12.0;ISOPROPANOL
989.0;1791.0;3269.0;5963.0;1030.0;1623.0;896.0;1649.0;3027.0;5533.0;964.0;1568.0;-1.0;1.0;2.0;9.0;ISOPROPANOL
979.0;1769.0;3234.0;5921.0;1018.0;1610.0;905.0;1666.0;3045.0;5554.0;965.0;1558.0;2.0;1.0;2.0;7.0;ISOPROPANOL
967.0;1754.0;3228.0;5907.0;1017.0;1611.0;901.0;1650.0;3020.0;5496.0;956.0;1554.0;2.0;1.0;2.0;6.0;ISOPROPANOL
960.0;1751.0;3207.0;5914.0;1019.0;1610.0;890.0;1650.0;3033.0;5558.0;958.0;1566.0;-1.0;1.0;2.0;5.0;ISOPROPANOL
968.0;1763.0;3241.0;5916.0;1020.0;1619.0;902.0;1659.0;3041.0;5572.0;962.0;1566.0;-3.0;0.0;1.0;6.0;ISOPROPANOL
978.0;1782.0;3247.0;5960.0;1034.0;1641.0;903.0;1670.0;3096.0;5654.0;980.0;1598.0;0.0;-1.0;2.0;6.0;ISOPROPANOL
985.0;1798.0;3285.0;6026.0;1044.0;1653.0;918.0;1695.0;3124.0;5686.0;984.0;1598.0;-3.0;-1.0;0.0;6.0;ISOPROPANOL
992.0;1797.0;3312.0;6074.0;1051.0;1664.0;905.0;1687.0;3124.0;5703.0;990.0;1618.0;-3.0;1.0;0.0;11.0;ISOPROPANOL
1002.0;1836.0;3371.0;6191.0;1067.0;1687.0;937.0;1723.0;3176.0;5792.0;1007.0;1633.0;-3.0;-1.0;0.0;7.0;ISOPROPANOL
1010.0;1843.0;3394.0;6221.0;1087.0;1704.0;957.0;1753.0;3229.0;5875.0;1013.0;1648.0;-8.0;-1.0;-5.0;4.0;ISOPROPANOL
1028.0;1863.0;3408.0;6218.0;1077.0;1693.0;943.0;1739.0;3212.0;5842.0;1010.0;1646.0;-8.0;1.0;-5.0;5.0;ISOPROPANOL
1030.0;1861.0;3411.0;6263.0;1078.0;1694.0;944.0;1743.0;3202.0;5841.0;1010.0;1637.0;-10.0;1.0;-4.0;4.0;ISOPROPANOL
1022.0;1863.0;3407.0;6229.0;1077.0;1687.0;941.0;1741.0;3187.0;5859.0;1007.0;1638.0;-10.0;3.0;-4.0;6.0;ISOPROPANOL
1013.0;1844.0;3367.0;6217.0;1071.0;1690.0;946.0;1737.0;3179.0;5815.0;1004.0;1633.0;-1.0;3.0;-2.0;6.0;ISOPROPANOL
1019.0;1844.0;3353.0;6177.0;1066.0;1674.0;935.0;1719.0;3162.0;5772.0;1000.0;1624.0;-1.0;1.0;-2.0;6.0;ISOPROPANOL
1000.0;1821.0;3328.0;6125.0;1062.0;1678.0;944.0;1742.0;3187.0;5803.0;1004.0;1630.0;-10.0;0.0;-2.0;6.0;ISOPROPANOL
1017.0;1845.0;3367.0;6158.0;1065.0;1677.0;939.0;1724.0;3162.0;5768.0;1003.0;1623.0;-1.0;0.0;-2.0;4.0;ISOPROPANOL
1021.0;1848.0;3367.0;6153.0;1064.0;1689.0;938.0;1728.0;3186.0;5820.0;1004.0;1638.0;-4.0;1.0;-2.0;6.0;ISOPROPANOL
1024.0;1864.0;3405.0;6218.0;1071.0;1682.0;939.0;1720.0;3176.0;5802.0;1003.0;1636.0;-4.0;1.0;0.0;5.0;ISOPROPANOL
1019.0;1851.0;3376.0;6189.0;1069.0;1684.0;953.0;1743.0;3188.0;5784.0;1010.0;1640.0;-4.0;1.0;0.0;6.0;ISOPROPANOL
1026.0;1860.0;3400.0;6203.0;1069.0;1678.0;942.0;1727.0;3169.0;5818.0;1008.0;1634.0;-4.0;1.0;1.0;8.0;ISOPROPANOL
1018.0;1843.0;3377.0;6143.0;1066.0;1685.0;956.0;1736.0;3175.0;5799.0;999.0;1630.0;-5.0;1.0;0.0;8.0;ISOPROPANOL
1028.0;1858.0;3391.0;6199.0;1071.0;1693.0;952.0;1749.0;3201.0;5803.0;1006.0;1642.0;-5.0;0.0;-7.0;12.0;ISOPROPANOL
1034.0;1879.0;3434.0;6242.0;1080.0;1697.0;963.0;1769.0;3234.0;5864.0;1011.0;1635.0;-9.0;0.0;-7.0;4.0;ISOPROPANOL
1035.0;1874.0;3413.0;6222.0;1069.0;1677.0;945.0;1732.0;3180.0;5802.0;1000.0;1614.0;-10.0;0.0;-6.0;2.0;ISOPROPANOL
1027.0;1857.0;3373.0;6142.0;1059.0;1661.0;936.0;1721.0;3153.0;5755.0;995.0;1607.0;-10.0;0.0;-6.0;2.0;ISOPROPANOL
1026.0;1854.0;3379.0;6174.0;1065.0;1670.0;944.0;1736.0;3180.0;5768.0;999.0;1614.0;-11.0;-1.0;-6.0;2.0;ISOPROPANOL
1025.0;1855.0;3390.0;6165.0;1064.0;1679.0;951.0;1738.0;3191.0;5776.0;1004.0;1625.0;-10.0;-1.0;-2.0;2.0;ISOPROPANOL
1023.0;1853.0;3378.0;6168.0;1067.0;1681.0;956.0;1756.0;3215.0;5829.0;1010.0;1629.0;0.0;1.0;-1.0;2.0;ISOPROPANOL
1023.0;1854.0;3370.0;6195.0;1069.0;1681.0;948.0;1747.0;3206.0;5841.0;1002.0;1630.0;0.0;-1.0;-1.0;5.0;ISOPROPANOL
1020.0;1850.0;3379.0;6183.0;1070.0;1680.0;941.0;1728.0;3171.0;5785.0;997.0;1623.0;-8.0;-5.0;0.0;5.0;ISOPROPANOL
1028.0;1852.0;3399.0;6219.0;1068.0;1682.0;950.0;1738.0;3193.0;5802.0;1005.0;1631.0;2.0;1.0;0.0;8.0;ISOPROPANOL
1035.0;1875.0;3420.0;6244.0;1075.0;1682.0;947.0;1741.0;3196.0;5824.0;1008.0;1640.0;-8.0;-4.0;-1.0;7.0;ISOPROPANOL
1034.0;1872.0;3396.0;6231.0;1079.0;1689.0;954.0;1750.0;3204.0;5840.0;1009.0;1635.0;-8.0;-4.0;-2.0;7.0;ISOPROPANOL
1033.0;1871.0;3404.0;6218.0;1071.0;1687.0;956.0;1763.0;3218.0;5863.0;1015.0;1629.0;-4.0;-4.0;-1.0;8.0;ISOPROPANOL
1041.0;1882.0;3428.0;6234.0;1074.0;1696.0;960.0;1762.0;3216.0;5873.0;1016.0;1651.0;-1.0;-4.0;-2.0;3.0;ISOPROPANOL
1039.0;1886.0;3444.0;6290.0;1085.0;1700.0;969.0;1772.0;3241.0;5907.0;1023.0;1651.0;-4.0;-4.0;-3.0;3.0;ISOPROPANOL
1041.0;1902.0;3458.0;6312.0;1084.0;1706.0;971.0;1774.0;3249.0;5918.0;1017.0;1649.0;-1.0;-4.0;-2.0;5.0;ISOPROPANOL
1051.0;1903.0;3474.0;6316.0;1082.0;1702.0;965.0;1774.0;3238.0;5854.0;1012.0;1647.0;-1.0;-4.0;0.0;5.0;ISOPROPANOL
1038.0;1878.0;3424.0;6249.0;1079.0;1700.0;966.0;1774.0;3244.0;5883.0;1016.0;1646.0;-1.0;-1.0;-3.0;7.0;ISOPROPANOL
1039.0;1880.0;3427.0;6258.0;1080.0;1697.0;965.0;1774.0;3260.0;5923.0;1024.0;1655.0;-1.0;-1.0;-8.0;6.0;ISOPROPANOL
1048.0;1902.0;3470.0;6326.0;1088.0;1709.0;966.0;1767.0;3249.0;5916.0;1021.0;1654.0;-1.0;-1.0;0.0;11.0;ISOPROPANOL
1041.0;1887.0;3443.0;6306.0;1084.0;1707.0;969.0;1777.0;3255.0;5938.0;1025.0;1652.0;-1.0;-3.0;0.0;6.0;ISOPROPANOL
1045.0;1890.0;3438.0;6245.0;1076.0;1703.0;959.0;1753.0;3227.0;5870.0;1017.0;1639.0;-1.0;-1.0;-8.0;3.0;ISOPROPANOL
1037.0;1877.0;3421.0;6249.0;1077.0;1692.0;968.0;1772.0;3241.0;5869.0;1010.0;1649.0;-1.0;-3.0;0.0;2.0;ISOPROPANOL
1047.0;1889.0;3441.0;6257.0;1075.0;1693.0;958.0;1756.0;3224.0;5865.0;1012.0;1632.0;-2.0;-3.0;0.0;5.0;ISOPROPANOL
1037.0;1865.0;3401.0;6191.0;1073.0;1682.0;947.0;1736.0;3177.0;5803.0;994.0;1617.0;-2.0;1.0;0.0;5.0;ISOPROPANOL
1034.0;1868.0;3384.0;6158.0;1063.0;1678.0;950.0;1731.0;3192.0;5772.0;995.0;1611.0;-1.0;1.0;-2.0;10.0;ISOPROPANOL
1039.0;1880.0;3404.0;6186.0;1060.0;1662.0;947.0;1730.0;3159.0;5748.0;992.0;1604.0;-2.0;0.0;0.0;11.0;ISOPROPANOL
1033.0;1861.0;3365.0;6110.0;1047.0;1638.0;935.0;1701.0;3120.0;5661.0;980.0;1590.0;-2.0;3.0;0.0;11.0;ISOPROPANOL
1027.0;1848.0;3343.0;6049.0;1044.0;1640.0;940.0;1722.0;3120.0;5681.0;979.0;1584.0;-2.0;3.0;4.0;6.0;ISOPROPANOL
1022.0;1841.0;3346.0;6046.0;1038.0;1639.0;946.0;1727.0;3148.0;5694.0;975.0;1566.0;-5.0;3.0;5.0;7.0;ISOPROPANOL
1022.0;1843.0;3342.0;6016.0;1034.0;1632.0;931.0;1705.0;3120.0;5661.0;973.0;1576.0;-5.0;3.0;6.0;4.0;ISOPROPANOL
1014.0;1824.0;3326.0;6034.0;1038.0;1633.0;930.0;1690.0;3091.0;5651.0;975.0;1589.0;-5.0;1.0;4.0;3.0;ISOPROPANOL
1022.0;1838.0;3329.0;6070.0;1042.0;1645.0;948.0;1731.0;3159.0;5733.0;987.0;1596.0;-5.0;1.0;3.0;7.0;ISOPROPANOL
1013.0;1841.0;3347.0;6099.0;1053.0;1656.0;948.0;1733.0;3164.0;5730.0;990.0;1606.0;-5.0;9.0;3.0;4.0;ISOPROPANOL
1029.0;1854.0;3353.0;6105.0;1055.0;1655.0;947.0;1734.0;3175.0;5768.0;994.0;1615.0;-5.0;9.0;2.0;3.0;ISOPROPANOL
1027.0;1864.0;3383.0;6159.0;1055.0;1654.0;934.0;1717.0;3155.0;5741.0;993.0;1615.0;-5.0;3.0;3.0;2.0;ISOPROPANOL
1017.0;1844.0;3356.0;6112.0;1056.0;1663.0;955.0;1750.0;3194.0;5779.0;997.0;1619.0;-1.0;-1.0;3.0;3.0;ISOPROPANOL
1036.0;1872.0;3393.0;6179.0;1057.0;1656.0;943.0;1727.0;3144.0;5735.0;991.0;1609.0;0.0;-5.0;3.0;2.0;ISOPROPANOL
1021.0;1840.0;3366.0;6146.0;1055.0;1662.0;937.0;1713.0;3148.0;5730.0;986.0;1609.0;0.0;-1.0;3.0;3.0;ISOPROPANOL
1017.0;1837.0;3353.0;6102.0;1050.0;1669.0;940.0;1715.0;3159.0;5726.0;993.0;1617.0;0.0;0.0;3.0;5.0;ISOPROPANOL
1028.0;1853.0;3370.0;6152.0;1061.0;1676.0;961.0;1747.0;3183.0;5810.0;1003.0;1630.0;0.0;0.0;3.0;3.0;ISOPROPANOL
1027.0;1853.0;3381.0;6166.0;1065.0;1678.0;946.0;1733.0;3174.0;5786.0;1000.0;1620.0;-2.0;0.0;0.0;6.0;ISOPROPANOL
1031.0;1862.0;3380.0;6191.0;1062.0;1681.0;952.0;1753.0;3209.0;5845.0;1013.0;1630.0;-4.0;0.0;1.0;3.0;ISOPROPANOL
1040.0;1880.0;3434.0;6263.0;1069.0;1694.0;971.0;1777.0;3243.0;5857.0;1015.0;1633.0;-4.0;0.0;1.0;0.0;ISOPROPANOL
1032.0;1859.0;3408.0;6204.0;1066.0;1689.0;960.0;1760.0;3219.0;5829.0;1007.0;1629.0;-9.0;0.0;0.0;0.0;ISOPROPANOL
1040.0;1880.0;3409.0;6210.0;1070.0;1683.0;955.0;1748.0;3203.0;5838.0;1009.0;1626.0;-9.0;0.0;0.0;2.0;ISOPROPANOL
1036.0;1870.0;3402.0;6229.0;1075.0;1680.0;954.0;1747.0;3196.0;5814.0;1006.0;1633.0;-5.0;-1.0;1.0;2.0;ISOPROPANOL
1030.0;1866.0;3416.0;6221.0;1070.0;1678.0;949.0;1746.0;3192.0;5816.0;1003.0;1624.0;-5.0;-1.0;-2.0;2.0;ISOPROPANOL
1028.0;1868.0;3385.0;6210.0;1071.0;1681.0;952.0;1740.0;3201.0;5836.0;1004.0;1622.0;-5.0;-1.0;-1.0;2.0;ISOPROPANOL
1030.0;1871.0;3407.0;6241.0;1070.0;1675.0;942.0;1723.0;3172.0;5774.0;999.0;1612.0;-3.0;0.0;4.0;2.0;ISOPROPANOL
1038.0;1869.0;3380.0;6147.0;1058.0;1671.0;947.0;1733.0;3186.0;5758.0;998.0;1615.0;-1.0;1.0;8.0;3.0;ISOPROPANOL
1037.0;1870.0;3402.0;6189.0;1065.0;1672.0;955.0;1743.0;3195.0;5775.0;999.0;1618.0;-3.0;1.0;0.0;3.0;ISOPROPANOL
1044.0;1876.0;3410.0;6197.0;1060.0;1664.0;951.0;1737.0;3193.0;5783.0;998.0;1615.0;-3.0;2.0;10.0;7.0;ISOPROPANOL
1039.0;1877.0;3397.0;6182.0;1061.0;1670.0;970.0;1766.0;3225.0;5832.0;1002.0;1621.0;-3.0;2.0;0.0;7.0;ISOPROPANOL
1044.0;1877.0;3435.0;6206.0;1064.0;1678.0;948.0;1742.0;3189.0;5806.0;999.0;1622.0;-11.0;2.0;0.0;12.0;ISOPROPANOL
1051.0;1893.0;3442.0;6264.0;1076.0;1699.0;973.0;1788.0;3304.0;6027.0;1031.0;1618.0;-13.0;6.0;0.0;15.0;ISOPROPANOL
1048.0;1892.0;3463.0;6311.0;1075.0;1652.0;950.0;1743.0;3198.0;5857.0;1005.0;1583.0;-11.0;3.0;0.0;10.0;ISOPROPANOL
1017.0;1852.0;3386.0;6204.0;1056.0;1624.0;932.0;1696.0;3130.0;5686.0;977.0;1542.0;-6.0;3.0;-5.0;10.0;ISOPROPANOL
994.0;1816.0;3303.0;6061.0;1035.0;1587.0;898.0;1649.0;3009.0;5468.0;945.0;1530.0;-8.0;3.0;-5.0;8.0;ISOPROPANOL
1002.0;1791.0;3247.0;5918.0;1015.0;1611.0;930.0;1699.0;3109.0;5634.0;970.0;1566.0;-6.0;-3.0;-2.0;8.0;ISOPROPANOL
1011.0;1824.0;3301.0;6004.0;1031.0;1630.0;930.0;1710.0;3114.0;5652.0;977.0;1583.0;-6.0;-3.0;0.0;7.0;ISOPROPANOL
1012.0;1828.0;3327.0;6042.0;1042.0;1639.0;929.0;1698.0;3116.0;5658.0;983.0;1590.0;-5.0;-3.0;0.0;9.0;ISOPROPANOL
1017.0;1832.0;3334.0;6092.0;1046.0;1651.0;940.0;1722.0;3154.0;5751.0;991.0;1601.0;-1.0;-2.0;2.0;12.0;ISOPROPANOL
1017.0;1840.0;3348.0;6128.0;1058.0;1662.0;949.0;1737.0;3166.0;5738.0;999.0;1615.0;-1.0;-2.0;2.0;7.0;ISOPROPANOL
1028.0;1865.0;3396.0;6171.0;1065.0;1684.0;962.0;1766.0;3224.0;5855.0;1009.0;1640.0;-1.0;-2.0;2.0;7.0;ISOPROPANOL
1037.0;1885.0;3419.0;6238.0;1073.0;1687.0;966.0;1768.0;3243.0;5876.0;1012.0;1650.0;-4.0;-2.0;0.0;6.0;ISOPROPANOL
1045.0;1899.0;3462.0;6283.0;1081.0;1701.0;965.0;1773.0;3245.0;5870.0;1015.0;1653.0;-4.0;2.0;0.0;6.0;ISOPROPANOL
1052.0;1898.0;3460.0;6291.0;1083.0;1700.0;970.0;1775.0;3246.0;5903.0;1020.0;1641.0;-4.0;4.0;0.0;8.0;ISOPROPANOL
1051.0;1896.0;3457.0;6302.0;1087.0;1707.0;982.0;1786.0;3266.0;5947.0;1026.0;1657.0;-7.0;3.0;0.0;6.0;ISOPROPANOL
1054.0;1905.0;3472.0;6335.0;1087.0;1712.0;978.0;1786.0;3279.0;5945.0;1024.0;1658.0;-7.0;4.0;0.0;9.0;ISOPROPANOL
1055.0;1920.0;3485.0;6350.0;1093.0;1718.0;984.0;1800.0;3294.0;5999.0;1035.0;1683.0;-7.0;6.0;0.0;6.0;ISOPROPANOL
1075.0;1940.0;3522.0;6389.0;1101.0;1737.0;1001.0;1828.0;3338.0;6068.0;1039.0;1678.0;-6.0;4.0;2.0;1.0;ISOPROPANOL
1073.0;1936.0;3517.0;6394.0;1102.0;1730.0;982.0;1812.0;3310.0;5988.0;1040.0;1678.0;-6.0;4.0;2.0;1.0;ISOPROPANOL
1067.0;1943.0;3533.0;6429.0;1106.0;1737.0;1002.0;1832.0;3347.0;6108.0;1043.0;1688.0;-1.0;4.0;6.0;4.0;ISOPROPANOL
1084.0;1957.0;3549.0;6442.0;1107.0;1735.0;988.0;1812.0;3303.0;6013.0;1039.0;1677.0;-1.0;9.0;8.0;1.0;ISOPROPANOL
1067.0;1923.0;3514.0;6383.0;1095.0;1725.0;982.0;1799.0;3295.0;5962.0;1030.0;1663.0;-6.0;8.0;6.0;1.0;ISOPROPANOL
1055.0;1900.0;3457.0;6336.0;1087.0;1712.0;968.0;1776.0;3252.0;5914.0;1019.0;1657.0;-6.0;6.0;6.0;4.0;ISOPROPANOL
1057.0;1896.0;3449.0;6304.0;1090.0;1709.0;969.0;1771.0;3243.0;5867.0;1015.0;1650.0;-11.0;6.0;0.0;2.0;ISOPROPANOL
1052.0;1904.0;3462.0;6328.0;1087.0;1709.0;972.0;1776.0;3262.0;5938.0;1021.0;1665.0;-11.0;10.0;-2.0;2.0;ISOPROPANOL
1068.0;1930.0;3498.0;6357.0;1091.0;1716.0;983.0;1793.0;3277.0;5974.0;1034.0;1664.0;-11.0;5.0;-2.0;2.0;ISOPROPANOL
1076.0;1937.0;3515.0;6423.0;1099.0;1729.0;991.0;1815.0;3303.0;6034.0;1037.0;1685.0;-10.0;5.0;-2.0;6.0;ISOPROPANOL
1085.0;1958.0;3555.0;6433.0;1108.0;1728.0;995.0;1815.0;3324.0;6049.0;1044.0;1692.0;-3.0;-2.0;2.0;6.0;ISOPROPANOL
1083.0;1959.0;3585.0;6649.0;1148.0;1741.0;944.0;1755.0;3266.0;6034.0;1044.0;1633.0;0.0;5.0;3.0;10.0;ISOPROPANOL
959.0;1721.0;3124.0;5676.0;983.0;1563.0;925.0;1678.0;3041.0;5497.0;951.0;1540.0;0.0;-2.0;2.0;9.0;ISOPROPANOL
990.0;1792.0;3278.0;5947.0;1024.0;1622.0;943.0;1721.0;3127.0;5669.0;976.0;1579.0;-3.0;-2.0;4.0;5.0;ISOPROPANOL
1019.0;1835.0;3339.0;6056.0;1037.0;1636.0;944.0;1717.0;3132.0;5692.0;984.0;1590.0;-6.0;-2.0;2.0;5.0;ISOPROPANOL
1036.0;1868.0;3383.0;6120.0;1053.0;1650.0;949.0;1747.0;3168.0;5771.0;992.0;1608.0;-9.0;2.0;3.0;5.0;ISOPROPANOL
1044.0;1881.0;3403.0;6192.0;1061.0;1665.0;960.0;1743.0;3176.0;5724.0;993.0;1604.0;-9.0;4.0;2.0;6.0;ISOPROPANOL
1048.0;1882.0;3394.0;6165.0;1059.0;1662.0;945.0;1738.0;3186.0;5771.0;995.0;1619.0;-9.0;2.0;2.0;6.0;ISOPROPANOL
1034.0;1864.0;3398.0;6195.0;1062.0;1665.0;961.0;1750.0;3187.0;5776.0;998.0;1612.0;-9.0;3.0;-2.0;1.0;ISOPROPANOL
1034.0;1862.0;3392.0;6168.0;1065.0;1670.0;963.0;1750.0;3208.0;5779.0;998.0;1622.0;-8.0;6.0;-2.0;1.0;ISOPROPANOL
1034.0;1865.0;3403.0;6205.0;1065.0;1680.0;952.0;1755.0;3203.0;5828.0;1009.0;1636.0;-8.0;3.0;-2.0;1.0;ISOPROPANOL
1051.0;1897.0;3432.0;6225.0;1069.0;1670.0;961.0;1747.0;3176.0;5795.0;1000.0;1628.0;-8.0;4.0;-2.0;5.0;ISOPROPANOL
1052.0;1899.0;3440.0;6240.0;1071.0;1684.0;967.0;1770.0;3227.0;5875.0;1004.0;1624.0;0.0;7.0;-2.0;4.0;ISOPROPANOL
1046.0;1884.0;3427.0;6236.0;1067.0;1683.0;978.0;1783.0;3241.0;5877.0;1012.0;1637.0;0.0;4.0;-4.0;4.0;ISOPROPANOL
1054.0;1900.0;3441.0;6266.0;1074.0;1690.0;963.0;1761.0;3230.0;5846.0;1010.0;1625.0;-4.0;4.0;-4.0;4.0;ISOPROPANOL
1041.0;1886.0;3428.0;6219.0;1072.0;1689.0;966.0;1768.0;3228.0;5869.0;1011.0;1630.0;-4.0;4.0;-4.0;8.0;ISOPROPANOL
1050.0;1892.0;3441.0;6264.0;1076.0;1690.0;975.0;1785.0;3237.0;5908.0;1016.0;1645.0;-4.0;4.0;-4.0;8.0;ISOPROPANOL
1051.0;1904.0;3456.0;6293.0;1081.0;1700.0;977.0;1781.0;3255.0;5909.0;1018.0;1646.0;-4.0;4.0;-5.0;8.0;ISOPROPANOL
1041.0;1887.0;3432.0;6287.0;1082.0;1694.0;984.0;1793.0;3279.0;5894.0;1014.0;1647.0;-4.0;1.0;2.0;5.0;ISOPROPANOL
1047.0;1886.0;3440.0;6269.0;1075.0;1699.0;974.0;1772.0;3243.0;5888.0;1017.0;1647.0;0.0;1.0;2.0;4.0;ISOPROPANOL
1050.0;1898.0;3443.0;6278.0;1082.0;1704.0;965.0;1768.0;3257.0;5879.0;1015.0;1660.0;0.0;1.0;2.0;5.0;ISOPROPANOL
1063.0;1919.0;3483.0;6327.0;1092.0;1720.0;987.0;1807.0;3297.0;5992.0;1031.0;1669.0;-5.0;0.0;-2.0;4.0;ISOPROPANOL
1072.0;1937.0;3528.0;6421.0;1101.0;1736.0;1007.0;1831.0;3358.0;6071.0;1051.0;1696.0;-3.0;-3.0;-2.0;8.0;ISOPROPANOL
1085.0;1947.0;3541.0;6462.0;1113.0;1744.0;996.0;1818.0;3322.0;6046.0;1038.0;1681.0;-3.0;-3.0;-2.0;4.0;ISOPROPANOL
1074.0;1931.0;3524.0;6405.0;1099.0;1732.0;996.0;1812.0;3302.0;6013.0;1039.0;1677.0;-3.0;-3.0;-2.0;6.0;ISOPROPANOL
1075.0;1947.0;3531.0;6436.0;1104.0;1737.0;1000.0;1827.0;3329.0;6012.0;1041.0;1678.0;0.0;-3.0;5.0;6.0;ISOPROPANOL
1078.0;1944.0;3527.0;6433.0;1100.0;1737.0;1005.0;1829.0;3335.0;6076.0;1043.0;1685.0;0.0;-1.0;7.0;6.0;ISOPROPANOL
1073.0;1944.0;3544.0;6457.0;1109.0;1741.0;1006.0;1844.0;3373.0;6109.0;1053.0;1694.0;0.0;-1.0;7.0;6.0;ISOPROPANOL
1074.0;1948.0;3545.0;6445.0;1109.0;1749.0;1000.0;1833.0;3361.0;6113.0;1050.0;1695.0;3.0;-5.0;9.0;5.0;ISOPROPANOL
1090.0;1967.0;3577.0;6497.0;1118.0;1756.0;1010.0;1845.0;3376.0;6154.0;1057.0;1710.0;-6.0;-5.0;9.0;7.0;ISOPROPANOL
1102.0;1977.0;3600.0;6574.0;1127.0;1771.0;1021.0;1870.0;3395.0;6210.0;1063.0;1718.0;-12.0;-3.0;5.0;5.0;ISOPROPANOL
1107.0;1995.0;3637.0;6605.0;1134.0;1779.0;1026.0;1881.0;3412.0;6200.0;1067.0;1723.0;-12.0;-4.0;5.0;6.0;ISOPROPANOL
1110.0;1999.0;3645.0;6627.0;1137.0;1781.0;1025.0;1872.0;3399.0;6198.0;1060.0;1717.0;-12.0;-3.0;5.0;3.0;ISOPROPANOL
1108.0;1994.0;3606.0;6560.0;1127.0;1765.0;1035.0;1877.0;3403.0;6146.0;1066.0;1722.0;-12.0;0.0;-2.0;4.0;ISOPROPANOL
1108.0;1988.0;3613.0;6571.0;1124.0;1762.0;1014.0;1850.0;3381.0;6111.0;1054.0;1711.0;-12.0;0.0;-7.0;8.0;ISOPROPANOL
1105.0;1977.0;3588.0;6519.0;1126.0;1764.0;1026.0;1869.0;3395.0;6168.0;1058.0;1715.0;-1.0;0.0;-7.0;7.0;ISOPROPANOL
1099.0;1978.0;3602.0;6569.0;1123.0;1768.0;1025.0;1852.0;3393.0;6140.0;1054.0;1706.0;-1.0;0.0;-3.0;7.0;ISOPROPANOL
1099.0;1981.0;3602.0;6529.0;1119.0;1754.0;1011.0;1844.0;3364.0;6090.0;1055.0;1696.0;-4.0;-2.0;-3.0;8.0;ISOPROPANOL
1086.0;1964.0;3554.0;6492.0;1112.0;1748.0;1010.0;1843.0;3369.0;6115.0;1050.0;1688.0;-4.0;-2.0;1.0;10.0;ISOPROPANOL
1094.0;1970.0;3570.0;6483.0;1111.0;1734.0;1005.0;1835.0;3327.0;6044.0;1043.0;1666.0;-4.0;-2.0;1.0;8.0;ISOPROPANOL
1080.0;1947.0;3543.0;6446.0;1104.0;1741.0;1008.0;1825.0;3319.0;6021.0;1047.0;1686.0;-5.0;-2.0;-3.0;9.0;ISOPROPANOL
1086.0;1948.0;3539.0;6423.0;1103.0;1732.0;1003.0;1828.0;3340.0;6035.0;1046.0;1692.0;-10.0;-2.0;-5.0;9.0;ISOPROPANOL
1091.0;1962.0;3564.0;6495.0;1109.0;1741.0;1010.0;1841.0;3364.0;6123.0;1047.0;1687.0;-10.0;-2.0;-5.0;11.0;ISOPROPANOL
1086.0;1959.0;3574.0;6499.0;1111.0;1748.0;1014.0;1847.0;3362.0;6110.0;1048.0;1691.0;-10.0;-2.0;-5.0;11.0;ISOPROPANOL
1085.0;1965.0;3562.0;6464.0;1111.0;1751.0;1011.0;1836.0;3366.0;6094.0;1049.0;1694.0;-5.0;-2.0;-4.0;9.0;ISOPROPANOL
1085.0;1953.0;3545.0;6460.0;1106.0;1745.0;1012.0;1840.0;3365.0;6094.0;1048.0;1686.0;-5.0;0.0;-1.0;7.0;ISOPROPANOL
1093.0;1975.0;3573.0;6469.0;1109.0;1741.0;1007.0;1832.0;3338.0;6043.0;1042.0;1679.0;0.0;0.0;1.0;2.0;ISOPROPANOL
1095.0;1964.0;3570.0;6466.0;1112.0;1731.0;1011.0;1834.0;3329.0;6041.0;1039.0;1682.0;0.0;2.0;4.0;2.0;ISOPROPANOL
1091.0;1963.0;3553.0;6463.0;1108.0;1747.0;1014.0;1841.0;3348.0;6082.0;1048.0;1695.0;-2.0;2.0;2.0;2.0;ISOPROPANOL
1103.0;1992.0;3612.0;6535.0;1115.0;1753.0;1018.0;1854.0;3378.0;6112.0;1053.0;1701.0;-2.0;2.0;2.0;2.0;ISOPROPANOL
1098.0;1981.0;3597.0;6509.0;1118.0;1753.0;1021.0;1856.0;3384.0;6126.0;1055.0;1698.0;0.0;2.0;3.0;7.0;ISOPROPANOL
1115.0;2012.0;3638.0;6590.0;1131.0;1765.0;1019.0;1859.0;3386.0;6156.0;1057.0;1713.0;-2.0;2.0;9.0;12.0;ISOPROPANOL
1100.0;1986.0;3605.0;6534.0;1124.0;1765.0;1026.0;1869.0;3401.0;6163.0;1062.0;1717.0;2.0;3.0;13.0;7.0;ISOPROPANOL
1112.0;1992.0;3622.0;6561.0;1129.0;1765.0;1029.0;1880.0;3409.0;6168.0;1057.0;1708.0;2.0;8.0;9.0;7.0;ISOPROPANOL
1101.0;1987.0;3610.0;6536.0;1122.0;1762.0;1012.0;1853.0;3384.0;6123.0;1055.0;1699.0;-3.0;7.0;10.0;6.0;ISOPROPANOL
1101.0;1986.0;3597.0;6507.0;1118.0;1759.0;1026.0;1856.0;3350.0;6089.0;1054.0;1700.0;-3.0;4.0;9.0;12.0;ISOPROPANOL
1100.0;1989.0;3601.0;6523.0;1122.0;1754.0;1032.0;1879.0;3393.0;6130.0;1052.0;1693.0;-4.0;5.0;3.0;4.0;ISOPROPANOL
1103.0;1987.0;3581.0;6500.0;1125.0;1755.0;1012.0;1850.0;3371.0;6131.0;1051.0;1692.0;-8.0;4.0;2.0;6.0;ISOPROPANOL
1095.0;1970.0;3586.0;6517.0;1118.0;1752.0;1015.0;1849.0;3364.0;6112.0;1056.0;1698.0;-8.0;4.0;3.0;6.0;ISOPROPANOL
1103.0;1993.0;3607.0;6550.0;1124.0;1750.0;1016.0;1847.0;3380.0;6114.0;1047.0;1698.0;-4.0;5.0;2.0;7.0;ISOPROPANOL
1108.0;1982.0;3601.0;6539.0;1117.0;1757.0;1024.0;1859.0;3397.0;6089.0;1055.0;1699.0;-7.0;4.0;0.0;9.0;ISOPROPANOL
1108.0;1989.0;3603.0;6530.0;1114.0;1749.0;1016.0;1860.0;3366.0;6118.0;1043.0;1689.0;-8.0;0.0;-6.0;6.0;ISOPROPANOL
1097.0;1974.0;3570.0;6492.0;1110.0;1747.0;1021.0;1862.0;3388.0;6112.0;1053.0;1695.0;-8.0;0.0;-6.0;1.0;ISOPROPANOL
1099.0;1978.0;3604.0;6522.0;1118.0;1750.0;1009.0;1850.0;3366.0;6109.0;1049.0;1688.0;-7.0;0.0;-3.0;1.0;ISOPROPANOL
1093.0;1966.0;3566.0;6475.0;1118.0;1747.0;1015.0;1841.0;3364.0;6092.0;1044.0;1687.0;-7.0;0.0;-3.0;1.0;ISOPROPANOL
1094.0;1962.0;3561.0;6505.0;1118.0;1750.0;1021.0;1859.0;3400.0;6142.0;1059.0;1706.0;-6.0;-2.0;12.0;6.0;ISOPROPANOL
1105.0;1994.0;3618.0;6550.0;1128.0;1768.0;1022.0;1868.0;3398.0;6152.0;1060.0;1709.0;-6.0;-4.0;11.0;13.0;ISOPROPANOL
1109.0;1997.0;3618.0;6557.0;1123.0;1765.0;1024.0;1859.0;3393.0;6145.0;1061.0;1715.0;-6.0;-2.0;6.0;11.0;ISOPROPANOL
1112.0;2001.0;3636.0;6584.0;1130.0;1769.0;1035.0;1886.0;3436.0;6219.0;1068.0;1728.0;-10.0;1.0;-2.0;8.0;ISOPROPANOL
1119.0;2015.0;3656.0;6609.0;1137.0;1785.0;1040.0;1907.0;3471.0;6255.0;1079.0;1743.0;-11.0;-2.0;-6.0;2.0;ISOPROPANOL
1129.0;2037.0;3695.0;6742.0;1152.0;1810.0;1063.0;1927.0;3508.0;6350.0;1091.0;1763.0;-11.0;-3.0;-6.0;2.0;ISOPROPANOL
1127.0;2033.0;3714.0;6734.0;1162.0;1823.0;1075.0;1955.0;3563.0;6438.0;1108.0;1777.0;-10.0;0.0;-5.0;3.0;ISOPROPANOL
1162.0;2092.0;3770.0;6842.0;1169.0;1831.0;1065.0;1944.0;3535.0;6408.0;1099.0;1771.0;-11.0;-3.0;-6.0;2.0;ISOPROPANOL
1158.0;2078.0;3759.0;6849.0;1177.0;1840.0;1077.0;1957.0;3573.0;6492.0;1113.0;1793.0;-10.0;-5.0;-5.0;3.0;ISOPROPANOL
1163.0;2091.0;3778.0;6884.0;1178.0;1850.0;1079.0;1973.0;3577.0;6436.0;1102.0;1775.0;-9.0;-3.0;-2.0;4.0;ISOPROPANOL
1161.0;2091.0;3775.0;6867.0;1174.0;1829.0;1076.0;1950.0;3552.0;6396.0;1102.0;1772.0;-6.0;-1.0;-2.0;8.0;ISOPROPANOL
1163.0;2096.0;3796.0;6857.0;1176.0;1840.0;1081.0;1964.0;3580.0;6499.0;1116.0;1797.0;-6.0;-1.0;0.0;4.0;ISOPROPANOL
1165.0;2103.0;3826.0;6934.0;1184.0;1857.0;1096.0;1998.0;3636.0;6554.0;1124.0;1807.0;-3.0;-1.0;0.0;8.0;ISOPROPANOL
1177.0;2118.0;3823.0;6934.0;1186.0;1860.0;1080.0;1973.0;3586.0;6480.0;1116.0;1795.0;-2.0;-1.0;0.0;5.0;ISOPROPANOL
1168.0;2101.0;3816.0;6907.0;1189.0;1866.0;1080.0;1973.0;3594.0;6540.0;1123.0;1816.0;3.0;-1.0;1.0;6.0;ISOPROPANOL
1178.0;2122.0;3848.0;6985.0;1196.0;1875.0;1114.0;2019.0;3643.0;6590.0;1133.0;1831.0;5.0;2.0;3.0;4.0;ISOPROPANOL
1193.0;2145.0;3898.0;7074.0;1212.0;1904.0;1120.0;2028.0;3677.0;6652.0;1145.0;1841.0;-2.0;1.0;1.0;8.0;ISOPROPANOL
1199.0;2167.0;3930.0;7105.0;1216.0;1909.0;1120.0;2041.0;3694.0;6662.0;1139.0;1843.0;-3.0;2.0;1.0;8.0;ISOPROPANOL
1217.0;2180.0;3910.0;7088.0;1212.0;1892.0;1122.0;2031.0;3693.0;6641.0;1141.0;1838.0;-3.0;1.0;1.0;9.0;ISOPROPANOL
1203.0;2157.0;3901.0;7067.0;1215.0;1894.0;1119.0;2029.0;3685.0;6685.0;1146.0;1843.0;-3.0;1.0;5.0;9.0;ISOPROPANOL
1216.0;2190.0;3970.0;7163.0;1221.0;1907.0;1120.0;2045.0;3717.0;6688.0;1149.0;1838.0;-1.0;0.0;5.0;9.0;ISOPROPANOL
1217.0;2177.0;3930.0;7111.0;1217.0;1909.0;1125.0;2047.0;3709.0;6671.0;1148.0;1847.0;-1.0;0.0;4.0;13.0;ISOPROPANOL
1222.0;2194.0;3977.0;7162.0;1222.0;1917.0;1147.0;2081.0;3764.0;6764.0;1164.0;1870.0;-1.0;0.0;4.0;5.0;ISOPROPANOL
1230.0;2198.0;3968.0;7227.0;1234.0;1932.0;1145.0;2076.0;3756.0;6739.0;1165.0;1868.0;-3.0;4.0;3.0;10.0;ISOPROPANOL
1241.0;2220.0;4007.0;7249.0;1238.0;1923.0;1147.0;2099.0;3818.0;6806.0;1162.0;1872.0;-10.0;6.0;0.0;3.0;ISOPROPANOL
1234.0;2222.0;4023.0;7284.0;1243.0;1938.0;1146.0;2105.0;3790.0;6816.0;1169.0;1867.0;-10.0;4.0;-2.0;5.0;ISOPROPANOL
1234.0;2217.0;4011.0;7236.0;1235.0;1928.0;1148.0;2080.0;3786.0;6816.0;1163.0;1874.0;-7.0;2.0;-2.0;3.0;ISOPROPANOL
1234.0;2211.0;3993.0;7218.0;1229.0;1920.0;1131.0;2056.0;3736.0;6733.0;1152.0;1863.0;-7.0;1.0;-2.0;5.0;ISOPROPANOL
1229.0;2207.0;3985.0;7204.0;1227.0;1918.0;1127.0;2051.0;3740.0;6730.0;1161.0;1868.0;-4.0;2.0;4.0;8.0;ISOPROPANOL
1225.0;2204.0;3973.0;7184.0;1231.0;1921.0;1138.0;2060.0;3739.0;6782.0;1159.0;1864.0;-4.0;1.0;4.0;13.0;ISOPROPANOL
1220.0;2195.0;3970.0;7172.0;1227.0;1911.0;1140.0;2065.0;3748.0;6734.0;1162.0;1861.0;-7.0;1.0;6.0;8.0;ISOPROPANOL
1215.0;2198.0;3961.0;7184.0;1228.0;1922.0;1147.0;2076.0;3765.0;6739.0;1157.0;1860.0;-4.0;2.0;1.0;11.0;ISOPROPANOL
1222.0;2204.0;3987.0;7207.0;1232.0;1915.0;1146.0;2071.0;3767.0;6799.0;1159.0;1865.0;-6.0;0.0;-2.0;11.0;ISOPROPANOL
1234.0;2206.0;4003.0;7189.0;1225.0;1912.0;1135.0;2055.0;3725.0;6717.0;1156.0;1850.0;-6.0;2.0;-2.0;5.0;ISOPROPANOL
1216.0;2190.0;3963.0;7168.0;1233.0;1929.0;1156.0;2093.0;3779.0;6816.0;1169.0;1875.0;-6.0;0.0;-1.0;4.0;ISOPROPANOL
1235.0;2220.0;3993.0;7268.0;1246.0;1941.0;1151.0;2105.0;3809.0;6853.0;1173.0;1897.0;-6.0;1.0;1.0;4.0;ISOPROPANOL
1248.0;2245.0;4048.0;7372.0;1254.0;1952.0;1163.0;2098.0;3802.0;6859.0;1180.0;1893.0;-6.0;1.0;-1.0;4.0;ISOPROPANOL
1240.0;2230.0;4028.0;7308.0;1245.0;1943.0;1154.0;2097.0;3786.0;6835.0;1169.0;1883.0;-3.0;1.0;8.0;4.0;ISOPROPANOL
1253.0;2234.0;4032.0;7307.0;1250.0;1947.0;1165.0;2107.0;3830.0;6901.0;1189.0;1900.0;-2.0;0.0;0.0;8.0;ISOPROPANOL
1260.0;2255.0;4053.0;7328.0;1248.0;1944.0;1157.0;2102.0;3786.0;6802.0;1168.0;1873.0;-2.0;0.0;1.0;4.0;ISOPROPANOL
1244.0;2236.0;4055.0;7322.0;1244.0;1935.0;1147.0;2087.0;3777.0;6812.0;1168.0;1882.0;-2.0;0.0;1.0;5.0;ISOPROPANOL
1232.0;2215.0;3973.0;7250.0;1234.0;1936.0;1154.0;2091.0;3807.0;6845.0;1172.0;1879.0;-3.0;-3.0;3.0;6.0;ISOPROPANOL
1233.0;2215.0;4004.0;7237.0;1235.0;1937.0;1143.0;2072.0;3751.0;6737.0;1157.0;1862.0;2.0;0.0;3.0;5.0;ISOPROPANOL
1240.0;2210.0;3973.0;7178.0;1223.0;1908.0;1136.0;2061.0;3737.0;6752.0;1146.0;1854.0;-3.0;-2.0;3.0;6.0;ISOPROPANOL
1226.0;2196.0;3965.0;7132.0;1217.0;1895.0;1119.0;2037.0;3697.0;6672.0;1140.0;1835.0;2.0;0.0;3.0;11.0;ISOPROPANOL
1219.0;2178.0;3925.0;7101.0;1210.0;1888.0;1127.0;2038.0;3694.0;6643.0;1139.0;1824.0;0.0;0.0;2.0;7.0;ISOPROPANOL
1209.0;2166.0;3916.0;7077.0;1208.0;1894.0;1121.0;2037.0;3700.0;6673.0;1144.0;1843.0;0.0;0.0;5.0;9.0;ISOPROPANOL
1212.0;2170.0;3918.0;7061.0;1212.0;1893.0;1131.0;2043.0;3709.0;6678.0;1145.0;1840.0;-5.0;0.0;6.0;8.0;ISOPROPANOL
1220.0;2192.0;3946.0;7107.0;1213.0;1887.0;1132.0;2045.0;3698.0;6653.0;1143.0;1837.0;0.0;0.0;5.0;8.0;ISOPROPANOL
1217.0;2177.0;3919.0;7103.0;1214.0;1882.0;1128.0;2042.0;3719.0;6699.0;1148.0;1849.0;0.0;1.0;6.0;11.0;ISOPROPANOL
1214.0;2190.0;3968.0;7184.0;1223.0;1909.0;1134.0;2053.0;3727.0;6727.0;1152.0;1853.0;-3.0;3.0;9.0;16.0;ISOPROPANOL
1237.0;2222.0;3987.0;7195.0;1227.0;1911.0;1132.0;2055.0;3713.0;6705.0;1154.0;1858.0;0.0;3.0;9.0;10.0;ISOPROPANOL
1229.0;2209.0;3981.0;7172.0;1226.0;1908.0;1136.0;2063.0;3716.0;6711.0;1151.0;1852.0;4.0;5.0;7.0;10.0;ISOPROPANOL
1229.0;2205.0;3978.0;7199.0;1231.0;1923.0;1139.0;2065.0;3743.0;6767.0;1168.0;1877.0;4.0;3.0;1.0;7.0;ISOPROPANOL
1250.0;2230.0;4015.0;7282.0;1242.0;1936.0;1144.0;2077.0;3752.0;6767.0;1168.0;1867.0;1.0;1.0;0.0;7.0;ISOPROPANOL
1249.0;2230.0;4012.0;7269.0;1237.0;1927.0;1154.0;2080.0;3759.0;6785.0;1160.0;1856.0;1.0;-1.0;-1.0;4.0;ISOPROPANOL
1231.0;2200.0;3981.0;7205.0;1228.0;1924.0;1146.0;2083.0;3764.0;6768.0;1156.0;1867.0;1.0;-1.0;-1.0;10.0;ISOPROPANOL
1235.0;2222.0;4010.0;7232.0;1235.0;1939.0;1147.0;2088.0;3792.0;6809.0;1167.0;1879.0;-2.0;-1.0;-2.0;5.0;ISOPROPANOL
1251.0;2245.0;4061.0;7289.0;1249.0;1942.0;1152.0;2099.0;3800.0;6832.0;1171.0;1881.0;-6.0;-4.0;-2.0;5.0;ISOPROPANOL
1238.0;2212.0;4014.0;7283.0;1243.0;1936.0;1158.0;2081.0;3802.0;6817.0;1173.0;1875.0;-6.0;-2.0;-1.0;5.0;ISOPROPANOL
1248.0;2226.0;4010.0;7227.0;1236.0;1931.0;1162.0;2106.0;3805.0;6812.0;1164.0;1869.0;-3.0;-4.0;-1.0;9.0;ISOPROPANOL
1242.0;2221.0;4014.0;7262.0;1234.0;1934.0;1169.0;2107.0;3808.0;6854.0;1172.0;1876.0;-6.0;-4.0;1.0;9.0;ISOPROPANOL
1252.0;2239.0;4026.0;7254.0;1236.0;1929.0;1152.0;2086.0;3766.0;6791.0;1167.0;1866.0;-6.0;-2.0;10.0;12.0;ISOPROPANOL
1239.0;2217.0;4006.0;7251.0;1238.0;1937.0;1161.0;2101.0;3793.0;6855.0;1176.0;1884.0;-3.0;0.0;10.0;6.0;ISOPROPANOL
1254.0;2245.0;4049.0;7305.0;1248.0;1945.0;1158.0;2098.0;3812.0;6825.0;1177.0;1888.0;1.0;0.0;8.0;7.0;ISOPROPANOL
1250.0;2252.0;4039.0;7322.0;1249.0;1949.0;1169.0;2123.0;3829.0;6892.0;1179.0;1893.0;-4.0;0.0;8.0;7.0;ISOPROPANOL
1264.0;2257.0;4076.0;7364.0;1256.0;1954.0;1167.0;2124.0;3853.0;6936.0;1186.0;1905.0;-4.0;0.0;8.0;11.0;ISOPROPANOL
1260.0;2268.0;4089.0;7384.0;1259.0;1956.0;1162.0;2107.0;3819.0;6871.0;1177.0;1893.0;1.0;2.0;11.0;10.0;ISOPROPANOL
1261.0;2258.0;4054.0;7328.0;1243.0;1944.0;1174.0;2120.0;3809.0;6830.0;1171.0;1885.0;-4.0;3.0;9.0;10.0;ISOPROPANOL
1265.0;2265.0;4068.0;7337.0;1247.0;1937.0;1164.0;2109.0;3824.0;6856.0;1170.0;1890.0;-4.0;3.0;11.0;4.0;ISOPROPANOL
1253.0;2246.0;4041.0;7326.0;1246.0;1944.0;1181.0;2129.0;3848.0;6906.0;1188.0;1890.0;-8.0;2.0;-6.0;4.0;ISOPROPANOL
1258.0;2254.0;4066.0;7353.0;1247.0;1955.0;1166.0;2111.0;3821.0;6893.0;1185.0;1904.0;-4.0;2.0;-3.0;4.0;ISOPROPANOL
1257.0;2255.0;4069.0;7334.0;1260.0;1965.0;1168.0;2118.0;3830.0;6916.0;1183.0;1901.0;-8.0;0.0;-3.0;7.0;ISOPROPANOL
1267.0;2280.0;4094.0;7367.0;1259.0;1963.0;1192.0;2158.0;3883.0;6974.0;1191.0;1906.0;-11.0;0.0;-6.0;7.0;ISOPROPANOL
1268.0;2264.0;4088.0;7367.0;1256.0;1952.0;1173.0;2125.0;3841.0;6899.0;1184.0;1899.0;-11.0;1.0;-3.0;11.0;ISOPROPANOL
1256.0;2246.0;4066.0;7333.0;1250.0;1947.0;1180.0;2127.0;3830.0;6895.0;1183.0;1895.0;-1.0;0.0;0.0;7.0;ISOPROPANOL
1263.0;2263.0;4061.0;7353.0;1258.0;1962.0;1184.0;2154.0;3886.0;6976.0;1190.0;1907.0;-1.0;-2.0;0.0;8.0;ISOPROPANOL
1259.0;2256.0;4075.0;7379.0;1266.0;1973.0;1183.0;2143.0;3875.0;7012.0;1200.0;1927.0;-1.0;-2.0;3.0;7.0;ISOPROPANOL
1264.0;2277.0;4122.0;7475.0;1282.0;1992.0;1196.0;2161.0;3938.0;7068.0;1200.0;1928.0;0.0;-2.0;3.0;6.0;ISOPROPANOL
1283.0;2296.0;4146.0;7513.0;1280.0;1981.0;1194.0;2166.0;3923.0;7023.0;1205.0;1932.0;-1.0;-2.0;3.0;7.0;ISOPROPANOL
1287.0;2294.0;4137.0;7461.0;1272.0;1977.0;1207.0;2181.0;3904.0;6969.0;1193.0;1911.0;-3.0;0.0;3.0;6.0;ISOPROPANOL
1281.0;2298.0;4103.0;7403.0;1260.0;1963.0;1178.0;2139.0;3859.0;6957.0;1187.0;1898.0;-3.0;0.0;4.0;7.0;ISOPROPANOL
1276.0;2286.0;4094.0;7380.0;1255.0;1958.0;1186.0;2126.0;3839.0;6898.0;1180.0;1893.0;0.0;1.0;7.0;4.0;ISOPROPANOL
1271.0;2275.0;4089.0;7336.0;1249.0;1956.0;1183.0;2134.0;3841.0;6924.0;1181.0;1898.0;0.0;0.0;8.0;4.0;ISOPROPANOL
1276.0;2289.0;4093.0;7388.0;1262.0;1966.0;1190.0;2142.0;3878.0;6998.0;1201.0;1921.0;0.0;0.0;10.0;4.0;ISOPROPANOL
1286.0;2299.0;4152.0;7479.0;1272.0;1978.0;1193.0;2152.0;3886.0;6985.0;1202.0;1913.0;0.0;0.0;9.0;3.0;ISOPROPANOL
1282.0;2294.0;4129.0;7488.0;1274.0;1987.0;1207.0;2185.0;3952.0;7075.0;1214.0;1942.0;-3.0;0.0;15.0;3.0;ISOPROPANOL
1302.0;2319.0;4182.0;7590.0;1287.0;2002.0;1206.0;2178.0;3955.0;7081.0;1211.0;1942.0;-3.0;0.0;3.0;3.0;ISOPROPANOL
1297.0;2307.0;4170.0;7516.0;1278.0;1988.0;1206.0;2184.0;3931.0;7033.0;1204.0;1915.0;-5.0;-2.0;3.0;3.0;ISOPROPANOL
1289.0;2299.0;4129.0;7438.0;1268.0;1974.0;1183.0;2135.0;3868.0;6925.0;1192.0;1910.0;-3.0;-2.0;4.0;9.0;ISOPROPANOL
1271.0;2282.0;4108.0;7436.0;1264.0;1962.0;1182.0;2143.0;3868.0;6978.0;1190.0;1904.0;2.0;-2.0;3.0;9.0;ISOPROPANOL
1265.0;2264.0;4074.0;7379.0;1255.0;1960.0;1176.0;2125.0;3855.0;6903.0;1181.0;1888.0;2.0;-2.0;3.0;3.0;ISOPROPANOL
1266.0;2248.0;4065.0;7340.0;1256.0;1954.0;1173.0;2128.0;3847.0;6950.0;1191.0;1903.0;-2.0;2.0;3.0;9.0;ISOPROPANOL
1276.0;2282.0;4102.0;7397.0;1264.0;1973.0;1195.0;2162.0;3900.0;7011.0;1192.0;1911.0;-2.0;2.0;6.0;3.0;ISOPROPANOL
1281.0;2287.0;4121.0;7450.0;1268.0;1979.0;1186.0;2152.0;3899.0;7009.0;1190.0;1907.0;-2.0;2.0;9.0;3.0;ISOPROPANOL
1277.0;2282.0;4125.0;7443.0;1266.0;1970.0;1196.0;2154.0;3895.0;6995.0;1198.0;1915.0;-5.0;3.0;12.0;3.0;ISOPROPANOL
1282.0;2290.0;4133.0;7478.0;1271.0;1980.0;1182.0;2144.0;3887.0;7020.0;1197.0;1931.0;-5.0;3.0;1.0;8.0;ISOPROPANOL
1298.0;2324.0;4164.0;7507.0;1274.0;1982.0;1194.0;2160.0;3905.0;6988.0;1195.0;1909.0;-5.0;1.0;-3.0;4.0;ISOPROPANOL
1282.0;2284.0;4118.0;7405.0;1262.0;1959.0;1176.0;2126.0;3844.0;6922.0;1184.0;1896.0;-5.0;1.0;-3.0;4.0;ISOPROPANOL
1284.0;2297.0;4102.0;7349.0;1250.0;1949.0;1191.0;2161.0;3879.0;6931.0;1181.0;1878.0;-4.0;0.0;-4.0;1.0;ISOPROPANOL
1276.0;2276.0;4067.0;7310.0;1242.0;1926.0;1165.0;2104.0;3782.0;6829.0;1156.0;1863.0;-2.0;0.0;-3.0;1.0;ISOPROPANOL
1254.0;2232.0;4003.0;7226.0;1229.0;1925.0;1159.0;2090.0;3781.0;6793.0;1163.0;1876.0;0.0;-2.0;6.0;8.0;ISOPROPANOL
1247.0;2233.0;4036.0;7287.0;1238.0;1934.0;1152.0;2096.0;3774.0;6834.0;1174.0;1875.0;6.0;-2.0;17.0;8.0;ISOPROPANOL
1266.0;2258.0;4074.0;7319.0;1249.0;1934.0;1177.0;2125.0;3832.0;6925.0;1175.0;1888.0;4.0;-1.0;14.0;14.0;ISOPROPANOL
1263.0;2259.0;4064.0;7272.0;1244.0;1947.0;1182.0;2129.0;3832.0;6891.0;1175.0;1879.0;4.0;-1.0;13.0;7.0;ISOPROPANOL
1265.0;2257.0;4064.0;7326.0;1243.0;1938.0;1175.0;2130.0;3828.0;6900.0;1177.0;1889.0;1.0;-2.0;11.0;7.0;ISOPROPANOL
1272.0;2272.0;4079.0;7338.0;1250.0;1951.0;1169.0;2114.0;3827.0;6877.0;1173.0;1893.0;0.0;-1.0;9.0;3.0;ISOPROPANOL
1270.0;2272.0;4091.0;7398.0;1255.0;1960.0;1173.0;2128.0;3863.0;6940.0;1189.0;1916.0;-2.0;2.0;11.0;2.0;ISOPROPANOL
1270.0;2280.0;4117.0;7414.0;1266.0;1967.0;1185.0;2138.0;3885.0;6981.0;1190.0;1915.0;-3.0;1.0;7.0;3.0;ISOPROPANOL
1281.0;2297.0;4148.0;7470.0;1267.0;1972.0;1207.0;2174.0;3935.0;7020.0;1199.0;1913.0;-3.0;2.0;7.0;8.0;ISOPROPANOL
1278.0;2288.0;4106.0;7427.0;1273.0;1991.0;1195.0;2167.0;3913.0;7004.0;1201.0;1935.0;-3.0;2.0;1.0;1.0;ISOPROPANOL
1294.0;2316.0;4174.0;7520.0;1278.0;1996.0;1207.0;2182.0;3937.0;7074.0;1211.0;1933.0;-3.0;1.0;1.0;8.0;ISOPROPANOL
1293.0;2320.0;4187.0;7573.0;1290.0;2007.0;1231.0;2225.0;4004.0;7208.0;1221.0;1958.0;-4.0;1.0;1.0;8.0;ISOPROPANOL
1316.0;2369.0;4264.0;7648.0;1301.0;2025.0;1224.0;2220.0;4014.0;7244.0;1232.0;1971.0;-1.0;0.0;0.0;10.0;ISOPROPANOL
1319.0;2355.0;4258.0;7693.0;1306.0;2029.0;1237.0;2245.0;4021.0;7220.0;1231.0;1975.0;-4.0;3.0;0.0;8.0;ISOPROPANOL
1336.0;2394.0;4306.0;7713.0;1310.0;2025.0;1237.0;2229.0;4023.0;7212.0;1229.0;1957.0;-1.0;3.0;1.0;8.0;ISOPROPANOL
1329.0;2369.0;4261.0;7694.0;1305.0;2021.0;1235.0;2222.0;3990.0;7170.0;1224.0;1961.0;-1.0;3.0;2.0;9.0;ISOPROPANOL
1323.0;2358.0;4239.0;7630.0;1294.0;2019.0;1228.0;2205.0;3987.0;7135.0;1217.0;1948.0;-1.0;1.0;2.0;8.0;ISOPROPANOL
1322.0;2357.0;4221.0;7609.0;1290.0;2002.0;1237.0;2226.0;4006.0;7164.0;1219.0;1955.0;-4.0;5.0;2.0;4.0;ISOPROPANOL
1325.0;2361.0;4236.0;7605.0;1293.0;2014.0;1235.0;2217.0;4001.0;7167.0;1219.0;1946.0;-1.0;1.0;-2.0;4.0;ISOPROPANOL
1332.0;2385.0;4250.0;7651.0;1300.0;2010.0;1226.0;2213.0;3969.0;7159.0;1221.0;1960.0;-5.0;1.0;-7.0;4.0;ISOPROPANOL
1314.0;2350.0;4239.0;7628.0;1297.0;2021.0;1248.0;2260.0;4033.0;7195.0;1222.0;1959.0;-11.0;-2.0;-7.0;8.0;ISOPROPANOL
1323.0;2372.0;4257.0;7658.0;1302.0;2019.0;1241.0;2238.0;4014.0;7208.0;1230.0;1962.0;-8.0;1.0;-7.0;6.0;ISOPROPANOL
1335.0;2377.0;4259.0;7612.0;1300.0;2026.0;1244.0;2241.0;4025.0;7177.0;1228.0;1959.0;-8.0;-1.0;-6.0;7.0;ISOPROPANOL
1334.0;2385.0;4284.0;7670.0;1306.0;2026.0;1239.0;2239.0;4028.0;7225.0;1233.0;1976.0;-8.0;1.0;-6.0;9.0;ISOPROPANOL
1336.0;2391.0;4278.0;7679.0;1308.0;2033.0;1245.0;2235.0;4031.0;7226.0;1229.0;1962.0;-8.0;-1.0;-2.0;7.0;ISOPROPANOL
1346.0;2392.0;4260.0;7685.0;1306.0;2023.0;1243.0;2235.0;4011.0;7180.0;1232.0;1972.0;-6.0;-1.0;-1.0;7.0;ISOPROPANOL
1349.0;2413.0;4309.0;7715.0;1314.0;2048.0;1261.0;2274.0;4093.0;7324.0;1247.0;1993.0;-5.0;-1.0;-1.0;5.0;ISOPROPANOL
1364.0;2405.0;4340.0;7799.0;1328.0;2055.0;1262.0;2279.0;4099.0;7360.0;1254.0;1989.0;-4.0;1.0;0.0;8.0;ISOPROPANOL
1369.0;2439.0;4366.0;7803.0;1326.0;2038.0;1258.0;2257.0;4054.0;7246.0;1230.0;1963.0;-1.0;4.0;0.0;5.0;ISOPROPANOL
1349.0;2409.0;4297.0;7674.0;1305.0;2031.0;1264.0;2276.0;4077.0;7269.0;1237.0;1968.0;-1.0;4.0;0.0;3.0;ISOPROPANOL
1355.0;2412.0;4293.0;7719.0;1310.0;2025.0;1258.0;2253.0;4068.0;7249.0;1236.0;1978.0;-5.0;6.0;-2.0;3.0;ISOPROPANOL
1370.0;2427.0;4354.0;7789.0;1323.0;2058.0;1263.0;2266.0;4089.0;7335.0;1253.0;2000.0;-3.0;7.0;0.0;3.0;ISOPROPANOL
1374.0;2441.0;4364.0;7845.0;1327.0;2054.0;1267.0;2282.0;4091.0;7312.0;1254.0;1995.0;-3.0;-1.0;-1.0;4.0;ISOPROPANOL
1360.0;2410.0;4334.0;7780.0;1325.0;2048.0;1259.0;2266.0;4092.0;7318.0;1250.0;1995.0;-6.0;-1.0;-2.0;5.0;ISOPROPANOL
1347.0;2414.0;4326.0;7819.0;1323.0;2059.0;1271.0;2289.0;4124.0;7389.0;1253.0;2012.0;-3.0;-2.0;-1.0;5.0;ISOPROPANOL
1365.0;2435.0;4383.0;7878.0;1345.0;2086.0;1293.0;2325.0;4184.0;7523.0;1277.0;2037.0;-3.0;-2.0;-1.0;10.0;ISOPROPANOL
1399.0;2497.0;4465.0;8047.0;1363.0;2112.0;1297.0;2334.0;4214.0;7498.0;1282.0;2046.0;-8.0;-1.0;-1.0;7.0;ISOPROPANOL
1382.0;2468.0;4442.0;8002.0;1353.0;2105.0;1303.0;2343.0;4200.0;7498.0;1284.0;2049.0;-8.0;-1.0;-3.0;7.0;ISOPROPANOL
1392.0;2490.0;4479.0;8018.0;1364.0;2114.0;1307.0;2339.0;4205.0;7558.0;1289.0;2048.0;-6.0;-1.0;5.0;18.0;ISOPROPANOL
1400.0;2500.0;4471.0;8034.0;1366.0;2111.0;1311.0;2364.0;4241.0;7568.0;1290.0;2073.0;-6.0;3.0;-2.0;10.0;ISOPROPANOL
1396.0;2490.0;4469.0;8020.0;1363.0;2107.0;1308.0;2345.0;4196.0;7496.0;1274.0;2049.0;-6.0;6.0;2.0;10.0;ISOPROPANOL
1403.0;2482.0;4465.0;8013.0;1356.0;2112.0;1293.0;2338.0;4211.0;7518.0;1274.0;2037.0;-6.0;3.0;-2.0;8.0;ISOPROPANOL
1374.0;2446.0;4398.0;7930.0;1348.0;2088.0;1301.0;2331.0;4167.0;7437.0;1259.0;2016.0;-5.0;3.0;2.0;8.0;ISOPROPANOL
1374.0;2457.0;4394.0;7871.0;1335.0;2066.0;1281.0;2305.0;4127.0;7414.0;1257.0;1987.0;-9.0;5.0;-2.0;8.0;ISOPROPANOL
1369.0;2428.0;4368.0;7840.0;1326.0;2061.0;1284.0;2305.0;4145.0;7369.0;1251.0;1999.0;-9.0;5.0;2.0;8.0;ISOPROPANOL
1362.0;2425.0;4352.0;7829.0;1326.0;2057.0;1272.0;2289.0;4108.0;7372.0;1249.0;2001.0;-9.0;7.0;-4.0;10.0;ISOPROPANOL
1367.0;2434.0;4374.0;7829.0;1326.0;2054.0;1272.0;2271.0;4098.0;7309.0;1248.0;1991.0;-5.0;5.0;2.0;5.0;ISOPROPANOL
1364.0;2428.0;4357.0;7790.0;1324.0;2056.0;1273.0;2287.0;4124.0;7359.0;1249.0;1991.0;-5.0;6.0;2.0;6.0;ISOPROPANOL
1373.0;2430.0;4353.0;7786.0;1323.0;2049.0;1268.0;2279.0;4093.0;7278.0;1235.0;1971.0;-4.0;8.0;4.0;8.0;ISOPROPANOL
1350.0;2401.0;4305.0;7754.0;1316.0;2044.0;1273.0;2282.0;4071.0;7276.0;1236.0;1967.0;-4.0;3.0;-1.0;10.0;ISOPROPANOL
1351.0;2400.0;4301.0;7688.0;1308.0;2029.0;1246.0;2246.0;4030.0;7252.0;1229.0;1967.0;-3.0;3.0;-1.0;7.0;ISOPROPANOL
1344.0;2396.0;4303.0;7747.0;1321.0;2053.0;1264.0;2283.0;4081.0;7311.0;1253.0;1997.0;-3.0;2.0;-1.0;7.0;ISOPROPANOL
1368.0;2433.0;4341.0;7816.0;1325.0;2058.0;1280.0;2299.0;4132.0;7382.0;1252.0;1999.0;0.0;2.0;-2.0;4.0;ISOPROPANOL
1365.0;2426.0;4350.0;7786.0;1330.0;2064.0;1276.0;2299.0;4146.0;7387.0;1264.0;2014.0;2.0;-3.0;-1.0;5.0;ISOPROPANOL
1380.0;2464.0;4425.0;7921.0;1339.0;2076.0;1273.0;2302.0;4126.0;7426.0;1265.0;2014.0;2.0;-2.0;0.0;5.0;ISOPROPANOL
1391.0;2462.0;4426.0;7922.0;1334.0;2078.0;1273.0;2300.0;4154.0;7407.0;1269.0;2022.0;2.0;-2.0;2.0;5.0;ISOPROPANOL
1391.0;2464.0;4417.0;7955.0;1344.0;2084.0;1282.0;2313.0;4141.0;7379.0;1266.0;2026.0;2.0;0.0;2.0;5.0;ISOPROPANOL
1370.0;2429.0;4392.0;7913.0;1337.0;2079.0;1278.0;2309.0;4169.0;7429.0;1265.0;2011.0;1.0;-2.0;4.0;5.0;ISOPROPANOL
1391.0;2464.0;4417.0;7955.0;1344.0;2084.0;1282.0;2313.0;4141.0;7379.0;1266.0;2026.0;-3.0;-1.0;4.0;5.0;ISOPROPANOL
1374.0;2457.0;4406.0;7897.0;1345.0;2093.0;1292.0;2316.0;4189.0;7476.0;1280.0;2027.0;-5.0;-1.0;4.0;5.0;ISOPROPANOL
1374.0;2460.0;4391.0;7884.0;1342.0;2081.0;1284.0;2324.0;4178.0;7465.0;1266.0;2021.0;-5.0;-1.0;4.0;7.0;ISOPROPANOL
